smiles,cov_crbn_label
N#CN1CCC(c2cc(C(=O)Nc3cccc(C4CCC(=O)NC4=O)c3)cc3c2CCCC3)CC1,1
O=C1CCC(NC(=O)c2ncc3c(n2)CCNC3)C(=O)N1,0
N#CN1CCC(c2ccncc2-c2ncc(C(=O)NC3CCC(=O)NC3=O)s2)C1,1
N#CN1CCC(c2ccccc2-c2cccc(C(=O)NC3CCC(=O)NC3=O)n2)C1,1
N#CN1CCC(c2cncnc2-c2ccc3c(c2)CN(C2CCC(=O)NC2=O)C3=O)C1,1
COc1cc(-c2ccc3c(c2)CN(C2CCC(=O)NC2=O)C3=O)cc2[nH]ncc12,0
CCN(Cc1ccccc1)c1ccc(C(=O)NC2CCC(=O)NC2=O)cc1,0
O=C1CCC(NC(=O)c2cc(Cn3cc(Br)cn3)on2)C(=O)N1,0
CN1CCn2cc(C(=O)NC3CCC(=O)NC3=O)nc2C1=O,0
O=C1CCC(NC(=O)c2cnn3c(-c4ccccc4)cc(C(F)F)nc23)C(=O)N1,0
O=C1CCC(N2Cc3c(cccc3-c3cc4c(c(OS(=O)(=O)F)c3)CCO4)C2=O)C(=O)N1,1
O=C1CCC(N2Cc3c(cccc3-c3ccc4c(c3)OCC4)C2=O)C(=O)N1,0
N#CN1CCCC(c2cc(-c3ccc4c(c3)CN(C3CCC(=O)NC3=O)C4=O)ccn2)C1,1
COc1cccc2c1CC(Nc1ccc(N3CCC(=O)NC3=O)c(C)c1)CO2,0
CC1(C(=O)Nc2ccc(C3CCC(=O)NC3=O)cc2)COc2ccccc2O1,0
O=C1CCC(c2ccc(NC(=O)C3COc4ccc(S(=O)(=O)F)cc4O3)cc2)C(=O)N1,1
O=C1CCC(c2ccc(NC(=O)C3COc4cccc(S(=O)(=O)F)c4O3)cc2)C(=O)N1,1
N#CN1CCC(c2ccc(=O)n(Cc3cn(C4CCC(=O)NC4=O)nn3)c2)C1,1
N#CN1CCC(c2cnnn2-c2cncc(C(=O)NC3CCC(=O)NC3=O)c2)CC1,1
O=C1CCC(NC(=O)c2cc(CNC(=O)c3ccc4[nH]ccc4n3)n[nH]2)C(=O)N1,0
N#CN1CCC(c2cccnc2-c2ccc3c(c2)C(=O)N(C2CCC(=O)NC2=O)C3)C1,1
O=C1CCC(N2Cc3cc(C(=O)NCCC4CCCN4)ccc3C2=O)C(=O)N1,0
O=C1CCC(N2Cc3ccc(C(=O)N4CCCC4C(=O)O)cc3C2=O)C(=O)N1,0
CC1(C(=O)O)CCCN1C(=O)c1ccc2c(c1)C(=O)N(C1CCC(=O)NC1=O)C2,0
O=C1CCC(N2Cc3c(cc(C(=O)N4CCCC4)cc3S(=O)(=O)F)C2=O)C(=O)N1,1
CC1CN(C(=O)c2ccc3c(c2)C(=O)N(C2CCC(=O)NC2=O)C3)CC1C(=O)O,0
O=C1CCC(N2Cc3cc(S(=O)(=O)F)c(C(=O)N4CCCC4)cc3C2=O)C(=O)N1,1
N#CN1CCC(c2cccc(-c3nc(C(=O)NC4CCC(=O)NC4=O)c4n3CCCCC4)c2)CC1,1
O=C1CCC(N2Cc3cc(NCc4ccn5nccc5c4)ccc3C2=O)C(=O)N1,0
N#CN1CCC(c2cc(Nc3cccc(N4CCC(=O)NC4=O)c3)n3ncnc3n2)C1,1
O=C1CCN(c2ccc(C3CCNCC3)c(OS(=O)(=O)F)c2)C(=O)N1,1
O=C1CCN(c2ccc(C3CCNCC3)cc2)C(=O)N1,0
N#CN1CCC(c2ccc(-c3cnccc3C(=O)NC3CCC(=O)NC3=O)cc2)C1,1
O=C1CCC(N2Cc3cc(-c4cccc5c4OCCC5)ccc3C2=O)C(=O)N1,0
O=C1CCC(N2Cc3cc(-c4cc(S(=O)(=O)F)cc5c4OCCC5)ccc3C2=O)C(=O)N1,1
N#CN1CCCC(c2cc3c(cc2-c2ccc4c(c2)CN(C2CCC(=O)NC2=O)C4=O)CCC3=O)C1,1
N#CN1CCC(c2ccc3c(c2)-c2sc(C(=O)NC4CCC(=O)NC4=O)cc2CC3)C1,1
N#CN1CCC(c2ccc(-c3ncc(C(=O)NC4CCC(=O)NC4=O)s3)cn2)C1,1
Cn1nccc1-c1cn(C2CCC(=O)NC2=O)nn1,0
N#CN1CCC(c2ccc3c(c2)C(C(=O)Nc2ccc(C4CCC(=O)NC4=O)cc2)CCC3)C1,1
O=C1CCC(n2cc(Cn3ccccc3=O)nn2)C(=O)N1,0
Cn1cc(C2(C(=O)Nc3ccc(C4CCC(=O)NC4=O)cc3)CCCO2)cn1,0
N#CN1CCCC(c2ccc(-c3nc(C(=O)NC4CCC(=O)NC4=O)cs3)nc2)C1,1
O=C1CCC(NC(=O)c2ncsc2-c2ccccc2Br)C(=O)N1,0
O=C1CCC(n2cc(CC(O)c3ccccc3)nn2)C(=O)N1,0
COCCOc1ccc(-n2nc(C)c(C(=O)NC3CCC(=O)NC3=O)n2)cc1,0
O=C1CCC(NC(=O)c2cnn(-c3ccc(F)cc3)n2)C(=O)N1,0
CC1=NS(=O)(=O)N(C)C=C1C(=O)Nc1ccc(C2CCC(=O)NC2=O)cc1,0
O=C1CCC(NC(=O)c2c[nH]c(C3CC3)n2)C(=O)N1,0
O=C1CCC(N2Cc3ccc(CNC(=O)Nc4ccncc4)cc3C2=O)C(=O)N1,0
O=C1CCC(NC(=O)c2coc(CNC(=O)c3cnc4n3CCC4)n2)C(=O)N1,0
O=C1CCC(NC(=O)c2cnc3ncc(OS(=O)(=O)F)cn23)C(=O)N1,1
O=C1CCC(NC(=O)c2cnc3ncc(Cl)cn23)C(=O)N1,0
O=C1CCC(N2Cc3cc(-c4cccc5c4OCCCO5)ccc3C2=O)C(=O)N1,0
N#Cc1cnc(Nc2ccc(C3CCC(=O)NC3=O)cc2)c2sccc12,0
O=C1CCC(NC(=O)c2ccc(Cc3nccs3)cc2)C(=O)N1,0
O=C1CCC(NC(=O)c2cc3c(nc4ccccn43)s2)C(=O)N1,0
O=C1CCC(N2C(=O)c3ccc(OCc4nc(C5CC5)no4)cc3C2=O)C(=O)N1,0
N#CN1CCCC(c2cccc(-c3snnc3C(=O)NC3CCC(=O)NC3=O)c2)C1,1
Cc1oc2ncn(C)c(=O)c2c1C(=O)Nc1ccc(C2CCC(=O)NC2=O)cc1,0
N#CN1CCCC(c2cccc(-c3cn[nH]c3C(=O)NC3CCC(=O)NC3=O)c2)C1,1
N#CN1CCC(c2ccnc(NC(=O)c3cccc4c3CN(C3CCC(=O)NC3=O)C4=O)c2)CC1,1
CC1(C(F)F)CC1C(=O)Nc1cccc2c1CN(C1CCC(=O)NC1=O)C2=O,0
O=C1CCC(N2Cc3c(NC(=O)C4CC4C(F)F)cccc3C2=O)C(=O)N1,0
CC(C)C1CC1C(=O)Nc1cccc2c1CN(C1CCC(=O)NC1=O)C2=O,0
CC1(C(=O)Nc2cccc3c2CN(C2CCC(=O)NC2=O)C3=O)CC1,0
N#CN1CCCC(c2ccc(-n3ccc(C(=O)NC4CCC(=O)NC4=O)n3)cc2)C1,1
O=C1CCC(N2Cc3c(cccc3-c3cccc4c3OCCNC4)C2=O)C(=O)N1,0
O=C1CCC(NC(=O)c2ccc(CNC(=O)c3ncc4ccccn34)o2)C(=O)N1,0
O=C1CCC(Nc2ccc(NC(=O)C3CCCc4cncn43)cc2)C(=O)N1,0
CCCCCCn1nc(C(=O)NC2CCC(=O)NC2=O)c2ccccc2c1=O,0
Cn1nc(C(=O)NC2CCC(=O)NC2=O)c2ccccc2c1=O,0
C=CC(=O)NCc1ccc(C(=O)Nc2ccc(CC3NC(=O)NC3=O)cc2)cc1,1
CC(Cn1cccn1)C(=O)NCc1cncc(C(=O)NC2CCC(=O)NC2=O)c1,0
Cn1cncc1CNc1cccc(C(=O)NC2CCC(=O)NC2=O)c1,0
CNc1ccccc1C(=O)NCCn1ccc(=O)[nH]c1=O,0
O=C1CCC(c2ccc(C3CCNCC3)c(OS(=O)(=O)F)c2)C(=O)N1,1
O=C1CCC(c2ccc(C3CCNCC3)cc2)C(=O)N1,0
N#CN1CCC(c2cc3c(s2)CN(C(=O)c2cccc(N4CCC(=O)NC4=O)c2)CC3)C1,1
N#CN1CCC(c2csc(-c3cccc(C(=O)NC4CCC(=O)NC4=O)c3)n2)CC1,1
N#CN1CCC(c2ncoc2-c2cccc(C(=O)NC3CCC(=O)NC3=O)c2)CC1,1
Cc1ccc(C(=O)N2C3CCCC2c2cn[nH]c2C3)cc1N1CCC(=O)NC1=O,0
O=C1CCC(N2Cc3cc(NCc4ccc5ccncc5c4)ccc3C2=O)C(=O)N1,0
CCC1(CNC(=O)c2ccc3c(c2)C(=O)N(C2CCC(=O)NC2=O)C3=O)CC1,0
CC(NC(=O)c1ccc2c(c1)C(=O)N(C1CCC(=O)NC1=O)C2=O)C1CC1,0
N#CN1CCCC(c2ccccc2NC(=O)c2ccc3c(c2)CN(C2CCC(=O)NC2=O)C3=O)C1,1
O=C1CCC(NC(=O)c2cc3c(OS(=O)(=O)F)ccn3cn2)C(=O)N1,1
Cc1ccc2cc(C(=O)NC3CCC(=O)NC3=O)ncn12,0
O=C1CCC(NC(=O)c2cc3ccc(S(=O)(=O)F)n3cn2)C(=O)N1,1
N#CN1CCCC(c2ccc(C(=O)Nc3ccc4c(c3)C(=O)N(C3CCC(=O)NC3=O)C4)s2)C1,1
N#CN1CCCC(c2ccc3c(c2)C(C(=O)Nc2cccc(C4CCC(=O)NC4=O)c2)CCC3)C1,1
C=CC(=O)N1CCCC(n2ccc(=O)[nH]c2=O)C1,1
N#CN1CCC(c2cc(-c3ccc4c(c3)C(=O)N(C3CCC(=O)NC3=O)C4)c[nH]c2=O)C1,1
Cc1cc(NCC2CCCCc3ccccc32)ccc1N1CCC(=O)NC1=O,0
N#CN1CCC(c2cccc(-n3nc(C(=O)NC4CCC(=O)NC4=O)ccc3=O)c2)CC1,1
N#CN1CCCC(c2cccc(-c3cccc4c3C(=O)N(C3CCC(=O)NC3=O)C4)c2)C1,1
CC1(C)CCc2c1n[nH]c2C(=O)NC1CCC(=O)NC1=O,0
CC(C)=NNC(=O)c1cc2cccc(C)c2nc1C,0
O=C1CCC(NC(=O)c2ccc(-c3cccc4cccnc34)o2)C(=O)N1,0
O=C1CCC(N2Cc3cc(C(=O)NCCC4CCCNC4)ccc3C2=O)C(=O)N1,0
Nc1cccc2c1cnn2C1CCC(=O)NC1=O,0
O=C1CCC(n2ncc3ccccc32)C(=O)N1,0
O=C1CCC(n2ncc3cc(OS(=O)(=O)F)ccc32)C(=O)N1,1
O=C1CCC(N2Cc3c(cccc3-c3ccc4oc(=O)[nH]c4c3)C2=O)C(=O)N1,0
O=C1CCC(N2Cc3c(cccc3-c3cncc(OS(=O)(=O)F)n3)C2=O)C(=O)N1,1
O=C1CCC(N2Cc3c(ccc(S(=O)(=O)F)c3-c3cnccn3)C2=O)C(=O)N1,1
O=C1CCC(N2Cc3c(cc(S(=O)(=O)F)cc3-c3cnccn3)C2=O)C(=O)N1,1
Cc1cnc(-c2cccc3c2CN(C2CCC(=O)NC2=O)C3=O)cn1,0
O=C1CCC(N2Cc3c(cccc3-c3cnc(OS(=O)(=O)F)cn3)C2=O)C(=O)N1,1
O=C1CCC(NC(=O)c2cc(CNC(=O)C3Cc4ccccc43)on2)C(=O)N1,0
O=C1CCC(N2Cc3cc(CNC(=O)C(Cc4ccc([N+](=O)[O-])cc4)=NO)ccc3C2=O)C(=O)N1,0
O=C1CCC(N2Cc3cc(CNC(=O)C(Cc4ccc(Cl)cc4)=NO)ccc3C2=O)C(=O)N1,0
Cc1ccc(CC(=NN)C(=O)NCc2ccc3c(c2)CN(C2CCC(=O)NC2=O)C3=O)cc1Cl,0
CON=C(Cc1ccc(C)c(Cl)c1)C(=O)NCc1ccc2c(c1)CN(C1CCC(=O)NC1=O)C2=O,0
O=C1CCC(N2Cc3cc(CNC(=O)C(Cc4ccc(F)cc4)=NO)ccc3C2=O)C(=O)N1,0
Cc1ccc(CC(=NO)C(=O)NCc2ccc3c(c2)CN(C2CCC(=O)NC2=O)C3=O)cc1Cl,0
Cc1cc(NC(=O)C(C)n2cc3c(n2)CCCC3)cc(N2CCC(=O)NC2=O)c1,0
O=C1CCC(N2Cc3cc(C(=O)NCC4(C(=O)O)CC4)ccc3C2=O)C(=O)N1,0
CCC1CC1CNC(=O)c1ccc2c(c1)CN(C1CCC(=O)NC1=O)C2=O,0
NC(=O)CC1(CNC(=O)c2ccc3c(c2)CN(C2CCC(=O)NC2=O)C3=O)CC1,0
O=C1CCC(N2Cc3cc(C(=O)NCC4CC4)ccc3C2=O)C(=O)N1,0
O=C1CCC(NC(=O)c2cncc3c(=O)[nH]ccc23)C(=O)N1,0
O=C1CCC(NC(=O)c2cc(C3CCCCC3)on2)C(=O)N1,0
O=C(Nc1cccc2c1C(=O)NC2)c1csc(-c2ccc(F)cc2)n1,0
CC1CN(C(=O)c2ccc3c(c2)CN(C2CCC(=O)NC2=O)C3=O)CCS1,0
C=CC(=O)Nc1ccc(CCC(=O)Nc2ccc3c(c2)C(=O)NC3)cc1,1
N#CN1CCC(c2cncnc2C(=O)Nc2cccc3c2CN(C2CCC(=O)NC2=O)C3=O)C1,1
COc1ccc2cc(C(=O)Nc3cccc(C4CC(=O)NC(=O)C4)c3)sc2c1,0
N#CN1CCC(c2cccc(-c3cncc(C(=O)NC4CCC(=O)NC4=O)c3)c2)C1,1
N#CN1CCC(c2ccc(-c3cccc4c3CN(C3CCC(=O)NC3=O)C4=O)[nH]2)CC1,1
N#CN1CCCC(c2ccc(-c3nc(C(=O)NC4CCC(=O)NC4=O)cs3)cc2)C1,1
O=C1CCC2(CC(c3cccnc3OS(=O)(=O)F)=NO2)C(=O)N1,1
O=C1CCC2(CC(c3cncc(OS(=O)(=O)F)c3)=NO2)C(=O)N1,1
O=C1CCC2(CC(c3ccc(OS(=O)(=O)F)nc3)=NO2)C(=O)N1,1
O=C1CCC2(CC(c3cccnc3)=NO2)C(=O)N1,0
O=C1CCC2(CC(c3ccc(S(=O)(=O)F)nc3)=NO2)C(=O)N1,1
O=C1CCC(NC(=O)c2n[nH]c3c2CN(C(=O)C2CCc4nccn42)C3)C(=O)N1,0
Cc1nc(C(=O)Nc2cccc(NC3CCC(=O)NC3=O)c2)nn1-c1nnc[nH]1,0
O=C1CCC(N2Cc3ccc(NC(=O)c4cc(S(=O)(=O)F)cs4)cc3C2=O)C(=O)N1,1
N#Cc1ccsc1C(=O)Nc1ccc2c(c1)C(=O)N(C1CCC(=O)NC1=O)C2,0
O=C1CCC(N2Cc3ccc(NC(=O)c4sccc4S(=O)(=O)F)cc3C2=O)C(=O)N1,1
COCCc1nc(-c2ccc(C(=O)NC3CCC(=O)NC3=O)cc2)no1,0
Cc1c(C(=O)NC2CCC(=O)NC2=O)nnn1-c1cccc2cnccc12,0
O=C1CCC(c2ccc(Nc3nccc4cncn34)cc2)C(=O)N1,0
O=C1CCC(NC(=O)c2ncc(S(=O)(=O)F)c3[nH]ccc23)C(=O)N1,1
O=C1CCC(NC(=O)c2nccc3[nH]c(S(=O)(=O)F)cc23)C(=O)N1,1
O=C1CCC(NC(=O)c2nccc3[nH]cc(Br)c23)C(=O)N1,0
O=C1CCC(NC(=O)c2nc(S(=O)(=O)F)cc3[nH]ccc23)C(=O)N1,1
CC1CCCCC1C(=O)Nc1ccc(C2CC(=O)NC(=O)C2)cc1,0
Cc1nn(C2CCCc3ccccc32)c2c1C(=O)NC2,0
CC(C(=O)N(C)CC(=O)Nc1ccc(C2CCC(=O)NC2=O)cc1)n1cccn1,0
O=C1CCC(N2Cc3cc(NC(=O)c4cnc5ccccc5c4)ccc3C2=O)C(=O)N1,0
COc1ccc2cc(C(=O)Nc3ccc4c(c3)CN(C3CCC(=O)NC3=O)C4=O)cnc2c1,0
O=C1CCC(N2Cc3cc(CNC(=O)C4COc5ccccc5C4)ccc3C2=O)C(=O)N1,0
COc1c(C(=O)Nc2ccc(C3CCC(=O)NC3=O)cc2)ccc2c1CCC2,0
CCC1(c2ccc(NC(=O)c3ccc4c(c3)CCC4)cc2)CCC(=O)NC1=O,0
O=C1CCC(NC(=O)c2cc3c(=O)[nH]cnc3cn2)C(=O)N1,0
CC1(C(=O)NCc2ccc3c(c2)C(=O)N(C2CCC(=O)NC2=O)C3)CC1,0
N#CN1CCC(c2c(-c3ccc4c(c3)CN(C3CCC(=O)NC3=O)C4=O)ncnc2C2CC2)C1,1
O=C1CCC(NC(=O)c2ccoc2S(=O)(=O)c2ccccc2)C(=O)N1,0
O=C1CCC(NC(=O)c2cccc(N3CC(C(F)(F)F)OC3=O)n2)C(=O)N1,0
O=C(CCCC1CCCO1)NCc1cc(C(=O)NC2CCC(=O)NC2=O)co1,0
N#CN1CCC(c2cccc(-n3cnc(C(=O)NC4CCC(=O)NC4=O)n3)c2)C1,1
O=C1CCN(c2ccc(-c3c(S(=O)(=O)F)ccc4c3OCC4)cc2)C(=O)N1,1
COc1cc2c(c(-c3ccc(N4CCC(=O)NC4=O)cc3)c1)OCC2,0
O=C1CCN(c2ccc(-c3cc(S(=O)(=O)F)cc4c3OCC4)cc2)C(=O)N1,1
O=C(CCl)Nc1ccc2c(c1)C(=O)NC2=O,1
O=C(CCl)NN1C(=O)c2ccccc2C1=O,1
CN1C(=O)c2ccc(NC(=O)CCl)cc2C1=O,1
O=C(CCl)NCCN1C(=O)c2ccccc2C1=O,1
CC=C(C)C(=O)NCC=CCNC(=O)c1ccc2c(c1)C(=O)NC2=O,1
CN1C(=O)c2cccc(NC(=O)CCl)c2C1=O,1
COC(=O)c1ncn(C2CCC(=O)NC2=O)c1N,0
N#CN1CCCC(c2[nH]cnc2C(=O)Nc2ccc(C3CCC(=O)NC3=O)cc2)C1,1
N#CN1CCC(c2cc(-c3cc(NC4CCC(=O)NC4=O)ncn3)cs2)C1,1
O=C1CCC(N2Cc3cc(NC(=O)c4ccc5c(c4)OCO5)ccc3C2=O)C(=O)N1,0
NCc1ccc(NC(=O)c2ccc3c(c2)CN(C2CCC(=O)NC2=O)C3=O)cc1,0
O=C1CCC(N2Cc3cc(C(=O)Nc4ccccc4S(=O)(=O)F)ccc3C2=O)C(=O)N1,1
Nc1ccc(NC(=O)c2ccc3c(c2)CN(C2CCC(=O)NC2=O)C3=O)cc1,0
O=C1CCC(N2Cc3cc(C(=O)Nc4cccc(S(=O)(=O)F)c4)ccc3C2=O)C(=O)N1,1
CC(Cc1ccccc1)C(=O)Nc1cccc(C2CC(=O)NC(=O)C2)c1,0
NCc1cn(C2CC(C(=O)Nc3ccc(C4CCC(=O)NC4=O)cc3)C2)nn1,0
N#CN1CCC(c2ccccc2-c2cnc(C(=O)NC3CCC(=O)NC3=O)nc2)CC1,1
N#CN1CCCC(c2cc(-c3ccc4c(c3)CN(C3CCC(=O)NC3=O)C4=O)n[nH]2)C1,1
O=C1CCC(c2ccc(NC(=O)CC3CNC4(CCOCC4)C3)cc2)C(=O)N1,0
O=C1CCC(NC(=O)c2sccc2-c2ccccc2)C(=O)N1,0
N#CN1CCC(c2cc(-c3cccc(C(=O)NC4CCC(=O)NC4=O)c3)n[nH]2)CC1,1
O=C1CCC(c2ccc(NC(=O)C3CCCc4cccc(S(=O)(=O)F)c43)cc2)C(=O)N1,1
O=C1CCC(c2ccc(NC(=O)C3CCCc4c3cccc4S(=O)(=O)F)cc2)C(=O)N1,1
O=C1CCC(c2ccc(NC(=O)C3CCCc4ccc(S(=O)(=O)F)cc43)cc2)C(=O)N1,1
N#Cc1ccc2c(c1)CCCC2C(=O)Nc1ccc(C2CCC(=O)NC2=O)cc1,0
CC1CC2CN(c3ccnc4c3CNC4=O)CCN2C1,0
O=C1CCC(NC(=O)c2cnoc2Cc2ccccc2)C(=O)N1,0
NCC1CCC(NC(=O)c2ccc3c(c2)CN(C2CCC(=O)NC2=O)C3=O)CC1,0
N#CN1CCC(c2cccc3c2CCCC(Nc2cccc(N4CCC(=O)NC4=O)c2)C3)C1,1
O=C1CCC(N2C(=O)c3ccc(-c4ccccc4OS(=O)(=O)F)cc3C2=O)C(=O)N1,1
O=C1CCC(N2C(=O)c3ccc(-c4ccccc4S(=O)(=O)F)cc3C2=O)C(=O)N1,1
O=C1CCC(N2C(=O)c3ccc(-c4cccc(OS(=O)(=O)F)c4)cc3C2=O)C(=O)N1,1
O=C1CCC(N2C(=O)c3ccc(-c4ccccc4)cc3C2=O)C(=O)N1,0
O=C1CCC(N2C(=O)c3ccc(-c4cccc(S(=O)(=O)F)c4)cc3C2=O)C(=O)N1,1
O=C1CCC(N2C(=O)c3ccc(-c4ccc(OS(=O)(=O)F)cc4)cc3C2=O)C(=O)N1,1
N#CN1CCC(c2cncc(-c3ncc(C(=O)NC4CCC(=O)NC4=O)s3)n2)CC1,1
O=C1CCC(NC(=O)c2cc(C3CC3)[nH]c(=O)c2)C(=O)N1,0
CCc1cn2c(C(=O)Nc3ccc(NC4CCC(=O)NC4=O)cc3)cccc2n1,0
O=C1CCC(NC(=O)c2cccc(CNC(=O)C34CC3C4)c2)C(=O)N1,0
NC1CCCC(CNC(=O)c2ccc3c(c2)C(=O)N(C2CCC(=O)NC2=O)C3)C1,0
O=C1CCC(N2C(=O)c3nccnc3C2=O)C(=O)N1,0
O=C1CCC(N2C(=O)c3ncc(OS(=O)(=O)F)nc3C2=O)C(=O)N1,1
O=C1CCC(n2cc(-c3cscc3Br)nn2)C(=O)N1,0
COC(=O)c1cc(-c2cn(C3CCC(=O)NC3=O)nn2)cs1,0
CCOc1cc(-c2cn(C3CCC(=O)NC3=O)nn2)cs1,0
COc1cc(-c2cn(C3CCC(=O)NC3=O)nn2)cs1,0
COc1c(-c2cn(C3CCC(=O)NC3=O)nn2)csc1C(=O)O,0
O=C1CCC(n2cc(-c3ccsc3S(=O)(=O)F)nn2)C(=O)N1,1
O=C1CCC(n2cc(-c3ccsc3OS(=O)(=O)F)nn2)C(=O)N1,1
CCOc1cscc1-c1cn(C2CCC(=O)NC2=O)nn1,0
COC(=O)c1scc(-c2cn(C3CCC(=O)NC3=O)nn2)c1OC,0
COc1cscc1-c1cn(C2CCC(=O)NC2=O)nn1,0
O=C1CCC(n2cc(-c3ccsc3)nn2)C(=O)N1,0
CSc1cscc1-c1cn(C2CCC(=O)NC2=O)nn1,0
O=C1CCC(n2cc(-c3cscc3S(=O)(=O)F)nn2)C(=O)N1,1
Cc1cc(-c2cn(C3CCC(=O)NC3=O)nn2)cs1,0
Cc1cscc1-c1cn(C2CCC(=O)NC2=O)nn1,0
CS(=O)(=O)c1cscc1-c1cn(C2CCC(=O)NC2=O)nn1,0
CC(C)Oc1cscc1-c1cn(C2CCC(=O)NC2=O)nn1,0
COc1sccc1-c1cn(C2CCC(=O)NC2=O)nn1,0
N#CN1CCC(c2ccc3n(c2=O)C(C(=O)Nc2ccc(C4CCC(=O)NC4=O)cc2)CC3)C1,1
N#CN1CCCC(c2ccc(-c3cn(C4CCC(=O)NC4=O)nn3)c3ncccc23)C1,1
COc1ccccc1-c1noc(C)c1C(=O)NC1CCC(=O)NC1=O,0
N#CN1CCC(c2ccccc2NC(=O)c2ccc3c(c2)C(=O)N(C2CCC(=O)NC2=O)C3)CC1,1
O=C1CCC(c2ccc(NC(=O)c3cn(C(F)F)ccc3=O)cc2)C(=O)N1,0
O=C1CCC(NC(=O)c2nc3n(n2)-c2ccccc2S(=O)(=O)N3)C(=O)N1,0
CN1CCn2ncc(C(=O)NC3CCC(=O)NC3=O)c2C1=O,0
N#CN1CCCC(c2ccc(-c3[nH]ncc3C(=O)NC3CCC(=O)NC3=O)cc2)C1,1
Cc1nnc2sc(C(=O)NC3CCC(=O)NC3=O)c(N)c2c1C,0
O=C1CCC(NC(=O)c2cc3cc(S(=O)(=O)F)nnc3s2)C(=O)N1,1
O=C1CCC(NC(=O)c2cc3c(S(=O)(=O)F)cnnc3s2)C(=O)N1,1
Cn1cc(C(O)C(=O)NCc2cc(C(=O)NC3CCC(=O)NC3=O)on2)cn1,0
CN(c1cc(Cl)nc(NC2CC2)n1)C1CCC(=O)NC1=O,0
Cc1cccc(C(=O)NC2CCC(=O)NC2=O)c1NC(=O)c1ccncc1,0
CC1(C)COCCC1C(=O)NCc1cc(C(=O)NC2CCC(=O)NC2=O)on1,0
Cc1ccc(-n2cnnc2)c(C(=O)NC2CCC(=O)NC2=O)c1,0
O=C1CCC(N2Cc3cc(C(=O)NC4CCSCC4)ccc3C2=O)C(=O)N1,0
N#CN1CCCC(c2ccccc2-c2cncc(C(=O)NC3CCC(=O)NC3=O)c2)C1,1
Cn1nc(C(=O)NC2CCC(=O)NC2=O)cc1C1CCCO1,0
Cn1ccc2ccc(CNC3=CC(=O)N(C4CCC(=O)NC4=O)C3=O)cc21,1
N#CN1CCCC(c2ccnc(-c3ccc4c(c3)CN(C3CCC(=O)NC3=O)C4=O)c2C2CC2)C1,1
CC1(NC(=O)c2ccc3c(c2)CN(C2CCC(=O)NC2=O)C3=O)CC1,0
O=C1CCC(N2Cc3cc(C(=O)NC4(C(=O)O)CC4)ccc3C2=O)C(=O)N1,0
CN(C(=O)c1ccc2c(c1)CN(C1CCC(=O)NC1=O)C2=O)C1CC1,0
O=C1CCC(N2Cc3cc(C(=O)NC4CC4)ccc3C2=O)C(=O)N1,0
O=C1CCC(N2Cc3cc(-c4cc(CN5CCCC5)c5[nH]nc(C6CCC6)c5n4)ccc3C2=O)C(=O)N1,0
CN1CCc2nc(C(=O)Nc3ccc(NC4CCC(=O)NC4=O)cc3)sc2C1,0
O=C1CCC(NC(=O)c2cc(-c3ccc(Cl)cc3)nn2CC2CC2)C(=O)N1,0
O=C1CCC(N2Cc3cc(-c4cccc(-c5ncccn5)n4)ccc3C2=O)C(=O)N1,0
N#CN1CCC(c2cc(-c3ccc4c(c3)C(=O)N(C3CCC(=O)NC3=O)C4)cc3c2CCC3)C1,1
Cc1[nH]c(=O)nc(S)c1C(=O)NC1CCC(=O)NC1=O,0
COc1cc2c(Nc3ccc(C4CCC(=O)NC4=O)cc3)nc(C)nc2cc1F,0
CC(=O)Nc1ccc(S(=O)(=O)Nc2ccc3c(c2)CN(C2CCC(=O)NC2=O)C3=O)cc1,0
Cc1cccc(S(=O)(=O)Nc2ccc3c(c2)CN(C2CCC(=O)NC2=O)C3=O)c1,0
CCCc1ccc(S(=O)(=O)Nc2ccc3c(c2)CN(C2CCC(=O)NC2=O)C3=O)cc1,0
Cc1ccc(C2c3c(-c4ccccc4O)n[nH]c3C(=O)N2C)cc1,0
O=C1CCC(NC(=O)c2ccc3oc(-c4ccccc4Cl)nc3c2)C(=O)N1,0
O=C1CCC(NC(=O)c2ncoc2-c2ccc3c(c2)OCCO3)C(=O)N1,0
O=C1CC(NC(=O)OCC2CCC[NH2+]2)C(=O)N1,0
O=C1CCC(N2Cc3c(ccc4c3OCC43CCN(Cc4ccccc4)CC3)C2=O)C(=O)N1,0
O=C1CCC(N2Cc3c(ccc4c3OCC43CCN(Cc4ccccc4)CC3(F)F)C2=O)C(=O)N1,0
O=C1CCC(N2Cc3c(ccc4c3OCC43CCN(Cc4ccccc4)CC3O)C2=O)C(=O)N1,0
O=C1CCC(c2ccc(OCc3ccc(CN4CCOCC4)cc3)cc2)C(=O)N1,0
CCOc1cc(-c2ccccc2)sc1C(=O)NC1CCC(=O)NC1=O,0
Cc1cc(C(=O)NC2CCC(=O)NC2=O)sc1-c1cccc(Cl)c1,0
CCc1cc(C(=O)NC2CCC(=O)NC2=O)sc1-c1ccccc1,0
Cn1nnc2c1NCCC2C(=O)Nc1cccc(C2CCC(=O)NC2=O)c1,0
N#CN1CCC(c2cc(-c3cccc4c3CN(C3CCC(=O)NC3=O)C4=O)ccn2)C1,1
CC(=O)Nc1cnn(C2CCC(=O)NC2=O)c1,0
O=C1CCC(n2cc(C(=O)O)cn2)C(=O)N1,0
O=C1CCC(n2cc(Br)cn2)C(=O)N1,0
Cc1cc(C(=O)NC2CCC(=O)NC2=O)cnc1N1CCn2cnnc2C1,0
Cc1nc(C(=O)NC2CCC(=O)NC2=O)n2c1CCC2,0
O=C1CCC(c2cccc(Nc3nc(-c4ccccc4)cc(=O)[nH]3)c2)C(=O)N1,0
O=C1CCC(NC(=O)c2cccc3ccn(Cc4ccccc4)c23)C(=O)N1,0
O=C1CCC(N2Cc3c(C(=O)NCC4CCCCCN4)cccc3C2=O)C(=O)N1,0
N#CN1CCCC(c2n[nH]nc2-c2ccc3c(c2)CN(C2CCC(=O)NC2=O)C3=O)C1,1
N#CN1CCC(c2cccnc2-c2nc(C(=O)NC3CCC(=O)NC3=O)cs2)C1,1
O=C1CCC(N2Cc3cc(NCc4cc5ccccc5cn4)ccc3C2=O)C(=O)N1,0
O=C1CCC(n2cc(CCC3(CCO)OCCO3)nn2)C(=O)N1,0
O=C1CCC(N2Cc3cc(-c4cn[nH]c4)ccc3C2=O)C(=O)N1,0
O=C1CCC(N2Cc3cc(-c4c[nH]nc4S(=O)(=O)F)ccc3C2=O)C(=O)N1,1
O=C1CCC(N2Cc3cc(-c4cn[nH]c4)c(S(=O)(=O)F)cc3C2=O)C(=O)N1,1
Cc1nn(C)cc1-c1ccc2c(c1)CN(C1CCC(=O)NC1=O)C2=O,0
O=C1CCC(N2Cc3cc(-c4cn[nH]c4OS(=O)(=O)F)ccc3C2=O)C(=O)N1,1
O=C1CCC(N2Cc3cc(-c4cn[nH]c4S(=O)(=O)F)ccc3C2=O)C(=O)N1,1
N#CN1CCCC(c2csc(-c3n[nH]cc3C(=O)NC3CCC(=O)NC3=O)c2)C1,1
O=C1CCC(NC(=O)c2cc3nccc(S(=O)(=O)F)c3[nH]2)C(=O)N1,1
O=C1CCC(NC(=O)c2[nH]c3cccnc3c2Br)C(=O)N1,0
CC(C)c1cnc2cc(C(=O)NC3CCC(=O)NC3=O)[nH]c2c1,0
O=C1CCC(NC(=O)c2cc3nc(S(=O)(=O)F)ccc3[nH]2)C(=O)N1,1
N#CN1CCC(c2cccc3c2CC(c2nc(C(=O)NC4CCC(=O)NC4=O)cs2)O3)C1,1
O=C1CCC(NC(=O)c2nccc3c2CNC3=O)C(=O)N1,0
CN(c1ncnc2ncn(C3CC3)c12)C1CCC(=O)NC1=O,0
Cc1nnc(NC2CCC(=O)N(C)C2=O)nc1C,0
N#CN1CCC(c2cc(-c3ccc4c(c3)CN(C3CCC(=O)NC3=O)C4=O)cc3c2C(=O)CC3)CC1,1
NC1COCc2cc(C(=O)Nc3ccc(C4CCC(=O)NC4=O)cc3)ccc21,0
Cn1ncc2ncnc(-c3ccc4c(c3)CN(C3CCC(=O)NC3=O)C4=O)c21,0
O=C1CCC(NC(=O)c2cnc(Cc3ccccc3F)s2)C(=O)N1,0
N#CN1CCC(c2cccn(Cc3cn(C4CCC(=O)NC4=O)nn3)c2=O)C1,1
O=C1CCC(NC(=O)c2ccc(-n3cnc4ccccc4c3=O)cc2)C(=O)N1,0
O=C1CCC(Nc2ccc(NC(=O)COCC3CCCNC3)cc2)C(=O)N1,0
O=C1CCC(NC(=O)c2cc3c(s2)CCCNC3=O)C(=O)N1,0
N#CN1CCCC(c2n[nH]cc2-c2ccc3c(c2)C(=O)N(C2CCC(=O)NC2=O)C3)C1,1
O=C1CCC(N2Cc3ccc(C(=O)N4CCC5CCCCC54)cc3C2=O)C(=O)N1,0
O=C1CCC(Cc2ccc(Cl)cc2)C(=O)N1,0
N#CN1CCC(c2cccnc2NC(=O)c2cccc3c2CN(C2CCC(=O)NC2=O)C3=O)CC1,1
CC1(CNC(=O)c2ccc3c(c2)C(=O)N(C2CCC(=O)NC2=O)C3)CCNC1,0
N#Cc1cnn2ccc(Nc3ccc(C4CCC(=O)NC4=O)cc3)nc12,0
O=C1CCC(c2ccc(Nc3ccn4ncc(S(=O)(=O)F)c4n3)cc2)C(=O)N1,1
N#CN1CCC(c2ccc(C(=O)Nc3cccc4c3C(=O)N(C3CCC(=O)NC3=O)C4=O)cc2)C1,1
O=C1CCC(NC(=O)c2cn[nH]c2CNC(=O)C(O)Cn2cncn2)C(=O)N1,0
N#CN1CCCC(c2cnn(-c3cncc(-c4cccc(N5CCC(=O)NC5=O)c4)c3)c2)C1,1
N#CN1CCC(c2ccn(-c3ccccc3C(=O)NC3CCC(=O)NC3=O)n2)CC1,1
N#CN1CCCC(c2cccc3c2CC(C(=O)Nc2cccc(C4CCC(=O)NC4=O)c2)=N3)C1,1
CC1(NC(=O)COc2cccc3c2CN(C2CCC(=O)NC2=O)C3=O)CC1,0
N#CN1CCCC(c2cccc(-n3nc(C(=O)NC4CCC(=O)NC4=O)ccc3=O)c2)C1,1
O=C1CCC(N2Cc3c(ccc4c3OCC3(CCN(Cc5ccccc5)CC3)C4)C2=O)C(=O)N1,0
N#CN1CCCC(c2cc(-c3nccnc3C(=O)NC3CCC(=O)NC3=O)ccn2)C1,1
Cc1ccc2c(c1)C(C(=O)Nc1ccc(C3CCC(=O)NC3=O)cc1)OCC2,0
O=C1CCC(c2ccc(NC(=O)C3OCCc4c3cccc4S(=O)(=O)F)cc2)C(=O)N1,1
O=C1CCC(c2ccc(NC(=O)C3OCCc4cccc(S(=O)(=O)F)c43)cc2)C(=O)N1,1
O=C1CCC(c2ccc(NC(=O)C3OCCc4ccc(S(=O)(=O)F)cc43)cc2)C(=O)N1,1
O=C1CCC(N2Cc3cc(-c4cnn(-c5ccccc5)c4)ccc3C2=O)C(=O)N1,0
O=C1CCC(NC(=O)c2ncnc3sccc23)C(=O)N1,0
O=C1CCC(NC(=O)c2ncnc3sc(OS(=O)(=O)F)cc23)C(=O)N1,1
N#CN1CCC(c2ccc3c(n2)CCC(NC(=O)c2ccc(N4CCC(=O)NC4=O)cc2)C3)C1,1
N#CN1CCCC(c2cccc(NC(=O)c3ccc4c(c3)C(=O)N(C3CCC(=O)NC3=O)C4)c2)C1,1
O=C1CCC(NC(=O)c2ccn3cc(S(=O)(=O)F)nc3c2)C(=O)N1,1
O=C1CCC(NC(=O)c2cc(S(=O)(=O)F)n3ccnc3c2)C(=O)N1,1
O=C1CCC(NC(=O)c2ccn3c(S(=O)(=O)F)cnc3c2)C(=O)N1,1
Cc1cnc2cc(C(=O)NC3CCC(=O)NC3=O)ccn12,0
N#CN1CCC(c2ccc3ccc(-c4cn(C5CCC(=O)NC5=O)nn4)cc3n2)C1,1
N#CN1CCCC(c2ccc(-c3nc(C(=O)NC4CCC(=O)NC4=O)c4n3CCOC4)cc2)C1,1
CCC1(c2ccc(NS(=O)(=O)c3cccs3)cc2)CCC(=O)NC1=O,0
Cn1cc2c(n1)CC(C(=O)Nc1ccc(C3CCC(=O)NC3=O)cc1)NC2=O,0
CC1(C(=O)Nc2cccc(C3CCC(=O)NC3=O)c2)NCCc2ccsc21,0
CC1(C#CC(=O)NCc2ncc(C(=O)NC3CCC(=O)NC3=O)cn2)CCCO1,0
C=CC(=O)N(Cc1cnnn1CC)c1ccc2c(c1)C(=O)NC2,1
COCCCn1cc(C)c(NC(=O)Nc2ccc(C3CCC(=O)NC3=O)cc2)n1,0
CC1(C)CC(Nc2ccc(C3CC(=O)NC(=O)C3)cc2)CO1,0
N#CN1CCC(c2cnc(-c3ccc4c(c3)CN(C3CCC(=O)NC3=O)C4=O)c(C3CC3)c2)C1,1
O=C1CCC(NC(=O)c2cccnc2Nc2cccc(C(F)(F)F)c2)C(=O)N1,0
N#CN1CCCC(c2ncccc2-c2ncc(C(=O)NC3CCC(=O)NC3=O)s2)C1,1
N#CN1CCCC(c2cncc(-c3ncc(C(=O)NC4CCC(=O)NC4=O)s3)c2)C1,1
CCC1CN(C(=O)c2ccc3c(c2)CN(C2CCC(=O)NC2=O)C3=O)CCN1,0
CC1CNCC(C)N1C(=O)c1ccc2c(c1)CN(C1CCC(=O)NC1=O)C2=O,0
N#CN1CCCC(c2cccc(-c3cnc(C(=O)NC4CCC(=O)NC4=O)nc3)c2)C1,1
O=C1CCC(NC(=O)c2ccc(=O)n(-c3cccnc3)n2)C(=O)N1,0
Cc1nc(C(=O)Nc2ccc(C3CCC(=O)NC3=O)cc2)c2cc[nH]c2n1,0
O=C1CCC(NC(=O)c2cnc3[nH]c(C(F)(F)F)nc3c2)C(=O)N1,0
Cn1ncc(C(=O)NC2CCC(=O)NC2=O)c1-c1ccccn1,0
N#CN1CCC(c2ccccc2-n2nccc2-c2ccc(N3CCC(=O)NC3=O)cc2)C1,1
O=C1CCC(NC(=O)c2c(O)c3ccccc3[nH]c2=O)C(=O)N1,0
O=C1CCC(NC(=O)c2cc3cccc(C(F)(F)F)c3[nH]c2=O)C(=O)N1,0
COc1c(C=O)cccc1-c1cccc2c1CN(C1CCC(=O)NC1=O)C2=O,0
CN(C)c1ccc(-c2cccc3c2CN(C2CCC(=O)NC2=O)C3=O)cc1,0
O=C1CCC(N2Cc3c(cccc3-c3ccc(CO)cc3)C2=O)C(=O)N1,0
Nc1cccc(-c2cccc3c2CN(C2CCC(=O)NC2=O)C3=O)c1,0
CCOc1ccc(-c2cccc3c2CN(C2CCC(=O)NC2=O)C3=O)cc1,0
CC(=O)c1ccccc1-c1cccc2c1CN(C1CCC(=O)NC1=O)C2=O,0
CC(C)c1cccc(-c2cccc3c2CN(C2CCC(=O)NC2=O)C3=O)c1,0
CS(=O)(=O)c1cccc(-c2cccc3c2CN(C2CCC(=O)NC2=O)C3=O)c1,0
CCCCNC(=O)c1ccc(-c2cccc3c2CN(C2CCC(=O)NC2=O)C3=O)cc1,0
CCOc1ccc(-c2cccc3c2CN(C2CCC(=O)NC2=O)C3=O)cc1N,0
CCc1cccc(-c2cccc3c2CN(C2CCC(=O)NC2=O)C3=O)c1,0
CC(=O)c1ccc(-c2cccc3c2CN(C2CCC(=O)NC2=O)C3=O)cc1,0
CNc1ccccc1-c1cccc2c1CN(C1CCC(=O)NC1=O)C2=O,0
CCCCNC(=O)c1cccc(-c2cccc3c2CN(C2CCC(=O)NC2=O)C3=O)c1,0
O=C1CCC(N2Cc3c(cccc3-c3ccc(F)cc3)C2=O)C(=O)N1,0
O=C1CCC(N2Cc3c(cc(S(=O)(=O)F)cc3-c3ccccc3)C2=O)C(=O)N1,1
COc1cc(Cl)ccc1-c1cccc2c1CN(C1CCC(=O)NC1=O)C2=O,0
CCOc1cccc(-c2cccc3c2CN(C2CCC(=O)NC2=O)C3=O)c1,0
O=C1CCC(N2Cc3c(cccc3-c3cccc(C(F)(F)F)c3)C2=O)C(=O)N1,0
COc1ccc(-c2cccc3c2CN(C2CCC(=O)NC2=O)C3=O)cc1,0
O=C1CCC(N2Cc3c(cccc3-c3cccc(S(=O)(=O)F)c3)C2=O)C(=O)N1,1
N#Cc1ccccc1-c1cccc2c1CN(C1CCC(=O)NC1=O)C2=O,0
O=C1CCC(N2Cc3c(cccc3-c3cccc(OS(=O)(=O)F)c3)C2=O)C(=O)N1,1
CC(C)(C)OC(=O)NCCOc1ccc(-c2cccc3c2CN(C2CCC(=O)NC2=O)C3=O)cc1,0
COC(=O)c1ccc(-c2cccc3c2CN(C2CCC(=O)NC2=O)C3=O)cc1,0
O=C1CCC(N2Cc3c(cccc3-c3ccc(C(F)F)cc3)C2=O)C(=O)N1,0
O=C1CCC(N2Cc3c(ccc(S(=O)(=O)F)c3-c3ccccc3)C2=O)C(=O)N1,1
CC(C)(C)OC(=O)COc1ccc(-c2cccc3c2CN(C2CCC(=O)NC2=O)C3=O)cc1,0
O=C1CCC(N2Cc3c(cccc3-c3cccc(O)c3)C2=O)C(=O)N1,0
O=Cc1ccc(-c2cccc3c2CN(C2CCC(=O)NC2=O)C3=O)cc1,0
CCc1ccc(-c2cccc3c2CN(C2CCC(=O)NC2=O)C3=O)cc1C(=O)O,0
NCc1cccc(-c2cccc3c2CN(C2CCC(=O)NC2=O)C3=O)c1,0
Nc1ccccc1-c1cccc2c1CN(C1CCC(=O)NC1=O)C2=O,0
Cc1ccccc1-c1cccc2c1CN(C1CCC(=O)NC1=O)C2=O,0
NCCc1cccc(-c2cccc3c2CN(C2CCC(=O)NC2=O)C3=O)c1,0
O=C1CCC(N2Cc3c(cccc3-c3ccccc3)C2=O)C(=O)N1,0
CC(C)(C)OC(=O)NCCOc1cccc(-c2cccc3c2CN(C2CCC(=O)NC2=O)C3=O)c1,0
Cc1cc(C(=O)O)cc(-c2cccc3c2CN(C2CCC(=O)NC2=O)C3=O)c1,0
O=C1CCC(N2Cc3c(cccc3-c3ccccc3F)C2=O)C(=O)N1,0
CCC(=O)c1ccc(-c2cccc3c2CN(C2CCC(=O)NC2=O)C3=O)cc1,0
CC(C)(C)OC(=O)COc1ccccc1-c1cccc2c1CN(C1CCC(=O)NC1=O)C2=O,0
O=C1CCC(N2Cc3c(cccc3-c3ccc(OS(=O)(=O)F)cc3)C2=O)C(=O)N1,1
CC(C)Oc1ccccc1-c1cccc2c1CN(C1CCC(=O)NC1=O)C2=O,0
O=C1CCC(N2Cc3c(cccc3-c3cccc(C(O)CF)c3)C2=O)C(=O)N1,0
CC(C)(C)OC(=O)COc1cccc(-c2cccc3c2CN(C2CCC(=O)NC2=O)C3=O)c1,0
CN(C)c1ccccc1-c1cccc2c1CN(C1CCC(=O)NC1=O)C2=O,0
N#CN1CCC(c2cccc(-n3ccc(C(=O)NC4CCC(=O)NC4=O)n3)c2)C1,1
O=C1CCC(c2cccc(NC(=O)c3nc(C4CC4)n4ccccc34)c2)C(=O)N1,0
O=C1CCC(NC(=O)c2cn[nH]c2CNC(=O)c2cccc3c2CCC3)C(=O)N1,0
Cc1nn(CC(=O)NCc2cc(C(=O)NC3CCC(=O)NC3=O)[nH]n2)c(=O)o1,0
N#CN1CCCC(c2cc(-c3cccc4c3CN(C3CCC(=O)NC3=O)C4=O)cc(C3CCC3)c2)C1,1
N#CN1CCCC(c2coc(C(=O)Nc3ccc4c(c3)C(=O)N(C3CCC(=O)NC3=O)C4)c2)C1,1
N#Cc1ccccc1OCc1ccc(C(=O)NC2CCC(=O)NC2=O)o1,0
O=C1CC(c2cccc(NC3CCCC(c4cccnc4)C3)c2)CC(=O)N1,0
O=C1CCC(c2ccc(Nc3nc4ccsc4c(=O)[nH]3)cc2)C(=O)N1,0
O=C1CCC(N2Cc3ccc(NC(=O)c4cccc(S(=O)(=O)F)c4)cc3C2=O)C(=O)N1,1
Cc1ccc(C(=O)Nc2ccc3c(c2)C(=O)N(C2CCC(=O)NC2=O)C3)cc1,0
O=C1CCC(N2Cc3ccc(NC(=O)c4ccccc4S(=O)(=O)F)cc3C2=O)C(=O)N1,1
O=C1CCC(n2nc3ccccc3n2)C(=O)N1,0
NCCC1CCCCN1C(=O)c1ccc2c(c1)C(=O)N(C1CCC(=O)NC1=O)C2,0
O=C1CCC(N2Cc3ccc(C(=O)N4CCCC(C(=O)O)C4)cc3C2=O)C(=O)N1,0
O=C1CCC(N2Cc3ccc(C(=O)N4CCCCC4C(=O)O)cc3C2=O)C(=O)N1,0
C#CC1CCN(C(=O)c2ccc3c(c2)C(=O)N(C2CCC(=O)NC2=O)C3)CC1,0
N#CN1CCC(c2cc3c(c(-c4ccc5c(c4)CN(C4CCC(=O)NC4=O)C5=O)c2)OCCC3)CC1,1
COC1(C(F)(F)C(=O)Nc2ccc(C3CCC(=O)NC3=O)cc2)CCCCC1,0
O=C1CCC(N2C(=O)c3ccc(C(=O)NC4CC45CCC5)cc3C2=O)C(=O)N1,0
O=C1CCC(N2Cc3c(C#CCNc4ccccc4)cccc3C2=O)C(=O)N1,0
O=C1CCC(NC(=O)c2cc(CC3CCCCN3)on2)C(=O)N1,0
N#CN1CCC(c2cc3c(cc2-c2ccc4c(c2)CN(C2CCC(=O)NC2=O)C4=O)CCO3)C1,1
N#CN1CCCC(c2scnc2-c2ccc3c(c2)CN(C2CCC(=O)NC2=O)C3=O)C1,1
CCC(c1nccs1)N1CCC(=O)NC1=O,0
O=C1CCC(N2Cc3cc(NCc4ccc5ncccc5c4)ccc3C2=O)C(=O)N1,0
CCc1[nH]c(-c2ccccc2)nc1C(=O)NC1CCC(=O)NC1=O,0
O=C1CCC(Oc2ccc(N3CCNCC3)cc2)C(=O)N1,0
N#CN1CCC(c2ccc(C3CC3)c(-c3ccc4c(c3)CN(C3CCC(=O)NC3=O)C4=O)n2)C1,1
Cc1ccnc(SCC2CCC(=O)NC2=O)n1,0
O=C1CCC(CSc2ncccn2)C(=O)N1,0
N#CN1CCCC(c2cccc(C(=O)Nc3cccc4c3CN(C3CCC(=O)NC3=O)C4=O)c2)C1,1
N#CN1CCCC(c2ccc3c(c2)-c2sc(C(=O)NC4CCC(=O)NC4=O)cc2CC3)C1,1
Cn1nc2c(c1C(=O)NC1CCC(=O)NC1=O)CS(=O)(=O)CC2,0
N#CN1CCC(c2ccccc2-c2ccc(C(=O)NC3CCC(=O)NC3=O)o2)C1,1
O=C1CCC(NC(=O)c2ccnc(CNC(=O)c3occ4c3CCC4)c2)C(=O)N1,0
O=C1CCC(N2C(=O)c3cccc(Nc4ccc(OS(=O)(=O)F)cc4)c3C2=O)C(=O)N1,0
CC(=O)Nc1cc(Nc2cccc3c2C(=O)N(C2CCC(=O)NC2=O)C3=O)cc(C(C)(C)C)c1,0
O=C1CCC(N2C(=O)c3cccc(Nc4cccc(S(=O)(=O)F)c4)c3C2=O)C(=O)N1,1
O=C1CCC(N2C(=O)c3cccc(Nc4cccc(OS(=O)(=O)F)c4)c3C2=O)C(=O)N1,0
Cc1cn2nnc(C(=O)NC3CCC(=O)NC3=O)c2c(=O)[nH]1,0
O=C1CCC(NC(=O)c2cc(C3CCOC3)[nH]n2)C(=O)N1,0
Cc1nccn1C(C)C(=O)NCc1cc(C(=O)NC2CCC(=O)NC2=O)co1,0
N#CN1CCCC(c2ccc(-c3cccc4c3CN(C3CCC(=O)NC3=O)C4=O)nc2)C1,1
CN(c1c(F)c(F)nc(F)c1F)C1CCC(=O)NC1=O,0
O=C1CCC(NC(=O)c2csc(S(=O)(=O)N3CCCC3)c2)C(=O)N1,0
Cc1ccc(C)c(-n2cnc3cc(C(=O)NC4CCC(=O)NC4=O)ccc32)c1,0
N#CN1CCC(c2cnc3c(c2)N(C(=O)c2ccc(N4CCC(=O)NC4=O)cc2)CC32CCOC2)C1,1
O=C1CCC(N2Cc3cc(C(=O)NCC4CCCCCN4)ccc3C2=O)C(=O)N1,0
O=C1CCC(N2Cc3cc(-c4cncc5ccccc45)ccc3C2=O)C(=O)N1,0
CN(C)C(C(=O)Nc1ccc(C2CCC(=O)NC2=O)cc1)c1cncn1C,0
COc1c(-c2cn(C3CCC(=O)NC3=O)nn2)csc1C(=O)NC1CCCC1,0
O=C1CCC(N2C(=O)c3ccc(NC(=O)c4cccnc4)cc3C2=O)C(=O)N1,0
CN1C(=O)CCC(NC(=O)c2sccc2S(=O)(=O)N2CCCC2)C1=O,0
N#CN1CCCC(c2ccc3n(c2=O)C(C(=O)Nc2ccc(C4CCC(=O)NC4=O)cc2)CC3)C1,1
CC1(CNC(=O)c2cccc3c2CN(C2CCC(=O)NC2=O)C3=O)CCNCC1,0
Cc1nc(C(=O)Nc2cccc(C3CC(=O)NC(=O)C3)c2)c[nH]1,0
O=C1CCC(N2Cc3c(cccc3-c3ccc(F)c4[nH]ccc34)C2=O)C(=O)N1,0
O=C1CCC(N2Cc3c(cccc3-c3cccc4[nH]ccc34)C2=O)C(=O)N1,0
Cc1occc1C(=O)Nc1cc(Cl)ccc1C(=O)NC1CCC(=O)NC1=O,0
O=C1CCN(c2ccc(Nc3c4c(nc5ncnn35)CCCC4)cc2F)C(=O)N1,0
COc1ccc(Cn2ccnc2C(=O)NC2CCC(=O)NC2=O)cc1,0
O=C1CCC(NC(=O)c2ccc3ccc(=O)[nH]c3n2)C(=O)N1,0
N#CN1CCC(c2cccc3c2CCOC3C(=O)Nc2ccc(C3CCC(=O)NC3=O)cc2)C1,1
CNC1CCCCC1N(C)c1ccc2c(c1)C(=O)N(C1CCC(=O)NC1=O)C2=O,0
O=C1CCC(N2C(=O)c3ccc(NC4CCCCC4)cc3C2=O)C(=O)N1,0
CN(c1ccc2c(c1)C(=O)N(C1CCC(=O)NC1=O)C2=O)C1CCCCC1,0
O=C1CCC(NC(=O)c2csc3nccn23)C(=O)N1,0
O=C1CCC(NC(=O)c2csc3nc(OS(=O)(=O)F)cn23)C(=O)N1,1
O=C1CCC(N2C(=O)c3c(F)c(F)c(F)c(F)c3C2=O)C(=O)N1,0
O=C1CCC(N2C(=O)c3ccc(O)c(F)c3C2=O)C(=O)N1,0
NCCCNC(=O)c1ccc2c(c1)C(=O)N(C1CCC(=O)NC1=O)C2=O,0
O=C1CCC(N2C(=O)c3c(F)ccc(F)c3C2=O)C(=O)N1,0
COc1cc2c(cc1OC)C(=O)N(C1CCC(=O)NC1=O)C2=O,0
NCCCCC(=O)Nc1ccc2c(c1)C(=O)N(C1CCC(=O)NC1=O)C2=O,0
O=C(O)Cc1cccc2c1C(=O)N(C1CCC(=O)NC1=O)C2=O,0
O=C1CCC(N2C(=O)c3ccc(Br)c(F)c3C2=O)C(=O)N1,0
Cc1ccc2c(c1)C(=O)N(C1CCC(=O)NC1=O)C2=O,0
CC=CCNC(=O)Nc1ccc2c(c1)C(=O)N(C1CCC(=O)NC1=O)C2=O,0
CC(C)C(NC(=O)c1ccc2c(c1)C(=O)N(C1CCC(=O)NC1=O)C2=O)C(C)C,0
Nc1c(Cl)ccc2c1C(=O)N(C1CCC(=O)NC1=O)C2=O,0
CC(=O)NCCCCNc1cccc2c1C(=O)N(C1CCC(=O)NC1=O)C2=O,0
Nc1cccc2c1C(=O)N(C1CCC(=O)NC1=O)C2=O,0
C=C(C)CNC(=O)c1ccc2c(c1)C(=O)N(C1CCC(=O)NC1=O)C2=O,0
NCCNC(=O)COc1cccc2c1C(=O)N(C1CCC(=O)NC1=O)C2=O,0
NCCNC(=O)COc1ccc2c(c1)C(=O)N(C1CCC(=O)NC1=O)C2=O,0
O=C(O)COc1ccc2c(c1)C(=O)N(C1CCC(=O)NC1=O)C2=O,0
O=C(O)CCCNc1cccc2c1C(=O)N(C1CCC(=O)NC1=O)C2=O,0
Nc1c(O)ccc2c1C(=O)N(C1CCC(=O)NC1=O)C2=O,0
CN(CCN)c1ccc2c(c1)C(=O)N(C1CCC(=O)NC1=O)C2=O,0
CCC(C)NC(=O)c1ccc2c(c1)C(=O)N(C1CCC(=O)NC1=O)C2=O,0
O=C1CCC(N2C(=O)c3ccc(CO)cc3C2=O)C(=O)N1,0
NCCCNc1cccc2c1C(=O)N(C1CCC(=O)NC1=O)C2=O,0
NCCOCCC(=O)Nc1cccc2c1C(=O)N(C1CCC(=O)NC1=O)C2=O,0
Nc1cc(Cl)cc2c1C(=O)N(C1CCC(=O)NC1=O)C2=O,0
NCCCC(=O)Nc1cccc2c1C(=O)N(C1CCC(=O)NC1=O)C2=O,0
NCCCOCCOc1cccc2c1C(=O)N(C1CCC(=O)NC1=O)C2=O,0
CC1(N2C(=O)c3ccc(C(=O)O)cc3C2=O)CCC(=O)NC1=O,0
NCCCCCC(=O)Nc1ccc2c(c1)C(=O)N(C1CCC(=O)NC1=O)C2=O,0
O=C(O)CCCCOc1cccc2c1C(=O)N(C1CCC(=O)NC1=O)C2=O,0
CCOCCSc1ccc2c(c1)C(=O)N(C1CCC(=O)NC1=O)C2=O,0
Nc1c(F)ccc2c1C(=O)N(C1CCC(=O)NC1=O)C2=O,0
O=C1CCC(N2C(=O)c3ccc(F)cc3C2=O)C(=O)N1,0
NCc1cccc2c1C(=O)N(C1CCC(=O)NC1=O)C2=O,0
CCCCCCNc1cccc2c1C(=O)N(C1CCC(=O)NC1=O)C2=O,0
CC(=O)Nc1cccc2c1C(=O)N(C1CCC(=O)NC1=O)C2=O,0
NCCCOCCCOc1ccc2c(c1)C(=O)N(C1CCC(=O)NC1=O)C2=O,0
O=C(O)CCc1cccc2c1C(=O)N(C1CCC(=O)NC1=O)C2=O,0
CN1C(=O)CCC(N2C(=O)c3ccc(N)cc3C2=O)C1=O,0
CN(CCC#N)CC(=O)Nc1ccc2c(c1)C(=O)N(C1CCC(=O)NC1=O)C2=O,0
Nc1ccc(Cl)c2c1C(=O)N(C1CCC(=O)NC1=O)C2=O,0
N#CCc1cccc2c1C(=O)N(C1CCC(=O)NC1=O)C2=O,0
CCNC(=O)c1cccc2c1C(=O)N(C1CCC(=O)NC1=O)C2=O,0
CC(Oc1ccc2c(c1)C(=O)N(C1CCC(=O)NC1=O)C2=O)C(=O)O,0
O=C(O)CNc1cccc2c1C(=O)N(C1CCC(=O)NC1=O)C2=O,0
Nc1ccc2c(c1)C(=O)N(C1CCC(=O)NC1=O)C2=O,0
Nc1ccc(F)c2c1C(=O)N(C1CCC(=O)NC1=O)C2=O,0
NCCCC(=O)Nc1ccc2c(c1)C(=O)N(C1CCC(=O)NC1=O)C2=O,0
NCCC(=O)Nc1ccc2c(c1)C(=O)N(C1CCC(=O)NC1=O)C2=O,0
NCCCCOc1ccc2c(c1)C(=O)N(C1CCC(=O)NC1=O)C2=O,0
CC(F)(F)CCOc1ccc2c(c1)C(=O)N(C1CCC(=O)NC1=O)C2=O,0
C=C(F)C(=O)NCc1ccc2c(c1)C(=O)N(C1CCC(=O)NC1=O)C2=O,1
O=C(O)C=Cc1cccc2c1C(=O)N(C1CCC(=O)NC1=O)C2=O,0
NCCOCCOc1ccc2c(c1)C(=O)N(C1CCC(=O)NC1=O)C2=O,0
NCCCNC(=O)COc1ccc2c(c1)C(=O)N(C1CCC(=O)NC1=O)C2=O,0
O=C1CCC(N2C(=O)c3cccc(F)c3C2=O)C(=O)N1,0
O=C(O)CCCCNc1cccc2c1C(=O)N(C1CCC(=O)NC1=O)C2=O,0
CN(C)c1cccc2c1C(=O)N(C1CCC(=O)NC1=O)C2=O,0
NCCCCNc1cccc2c1C(=O)N(C1CCC(=O)NC1=O)C2=O,0
NCCCCCC(=O)Nc1cccc2c1C(=O)N(C1CCC(=O)NC1=O)C2=O,0
O=C1CCC(N2C(=O)c3ccc(O)cc3C2=O)C(=O)N1,0
NCc1ccc2c(c1)C(=O)N(C1CCC(=O)NC1=O)C2=O,0
NCCNc1cccc2c1C(=O)N(C1CCC(=O)NC1=O)C2=O,0
O=C1CCC(N2C(=O)c3cccc(NC(=O)CCl)c3C2=O)C(=O)N1,1
CN1C(=O)CCC(N2C(=O)c3cccc(N)c3C2=O)C1=O,0
O=C(O)C=Cc1ccc2c(c1)C(=O)N(C1CCC(=O)NC1=O)C2=O,1
O=C1CCC(N2C(=O)c3ccc(Br)cc3C2=O)C(=O)N1,0
O=C1CCC(N2C(=O)c3ccc(NC(=O)CCl)cc3C2=O)C(=O)N1,1
NCCCOc1ccc2c(c1)C(=O)N(C1CCC(=O)NC1=O)C2=O,0
CCCCNc1ccc2c(c1)C(=O)N(C1CCC(=O)NC1=O)C2=O,0
O=C(O)COc1cccc2c1C(=O)N(C1CCC(=O)NC1=O)C2=O,0
O=C1CCC(N2C(=O)c3ccc(F)c(F)c3C2=O)C(=O)N1,0
O=C(O)CCNc1cccc2c1C(=O)N(C1CCC(=O)NC1=O)C2=O,0
NCCCCCCOc1ccc2c(c1)C(=O)N(C1CCC(=O)NC1=O)C2=O,0
O=C1CCC(N2C(=O)c3cc(F)c(Br)cc3C2=O)C(=O)N1,0
O=C(O)CCSc1ccc2c(c1)C(=O)N(C1CCC(=O)NC1=O)C2=O,0
O=C(O)CNC(=O)CNc1cccc2c1C(=O)N(C1CCC(=O)NC1=O)C2=O,0
C#Cc1ccc2c(c1)C(=O)N(C1CCC(=O)NC1=O)C2=O,0
CN(C)C(=O)NCCCc1ccc2c(c1)C(=O)N(C1CCC(=O)NC1=O)C2=O,0
NCC#Cc1ccc2c(c1)C(=O)N(C1CCC(=O)NC1=O)C2=O,0
CC(C)NC(=O)Nc1ccc2c(c1)C(=O)N(C1CCC(=O)NC1=O)C2=O,0
CN(CCO)CC(=O)Nc1ccc2c(c1)C(=O)N(C1CCC(=O)NC1=O)C2=O,0
CN(C)c1ccc2c(c1)C(=O)N(C1CCC(=O)NC1=O)C2=O,0
O=C1CCC(N2C(=O)c3cccc([N+](=O)[O-])c3C2=O)C(=O)N1,0
NCCC(=O)Nc1cccc2c1C(=O)N(C1CCC(=O)NC1=O)C2=O,0
COc1ccc2c(c1N)C(=O)N(C1CCC(=O)NC1=O)C2=O,0
O=C1CCC(N2C(=O)c3cc(Cl)c(Cl)cc3C2=O)C(=O)N1,0
O=C1CCC(N2C(=O)c3ccc(OS(=O)(=O)F)cc3C2=O)C(=O)N1,1
O=C1CCC(N2C(=O)c3cccc(O)c3C2=O)C(=O)N1,0
O=C1CCC(N2C(=O)c3ccc(S)cc3C2=O)C(=O)N1,0
O=C1CCC(N2C(=O)c3cccc(OCCO)c3C2=O)C(=O)N1,0
C=CC(=O)Nc1ccc2c(c1)C(=O)N(C1CCC(=O)NC1=O)C2=O,0
NCCOCCC(=O)Nc1ccc2c(c1)C(=O)N(C1CCC(=O)NC1=O)C2=O,0
O=C1CCC(N2C(=O)c3ccc([N+](=O)[O-])cc3C2=O)C(=O)N1,0
CC(C)(C)C(=O)Nc1cccc2c1C(=O)N(C1CCC(=O)NC1=O)C2=O,0
O=C1CCC(N2C(=O)c3cccc(NCCO)c3C2=O)C(=O)N1,0
Nc1cc(F)cc2c1C(=O)N(C1CCC(=O)NC1=O)C2=O,0
O=C1CCC(N2C(=O)c3ccccc3C2=O)C(=O)N1,0
O=C(O)CCOc1cccc2c1C(=O)N(C1CCC(=O)NC1=O)C2=O,0
COc1cc(N)c2c(c1)C(=O)N(C1CCC(=O)NC1=O)C2=O,0
O=Cc1ccc2c(c1)C(=O)N(C1CCC(=O)NC1=O)C2=O,0
Nc1cc(Br)cc2c1C(=O)N(C1CCC(=O)NC1=O)C2=O,0
COc1ccc(N)c2c1C(=O)N(C1CCC(=O)NC1=O)C2=O,0
NCCOc1ccc2c(c1)C(=O)N(C1CCC(=O)NC1=O)C2=O,0
Nc1cccc2c1C(=O)N(C1C(=O)NC(=O)CC1C(F)(F)F)C2=O,0
CC(C)C(C)NC(=O)c1ccc2c(c1)C(=O)N(C1CCC(=O)NC1=O)C2=O,0
O=Cc1cccc2c1C(=O)N(C1CCC(=O)NC1=O)C2=O,0
NCCCCCCOc1cccc2c1C(=O)N(C1CCC(=O)NC1=O)C2=O,0
O=C(O)COCCOc1cccc2c1C(=O)N(C1CCC(=O)NC1=O)C2=O,0
CC(F)(F)CNC(=O)c1ccc2c(c1)C(=O)N(C1CCC(=O)NC1=O)C2=O,0
CCOC(=O)Nc1ccc2c(c1)C(=O)N(C1CCC(=O)NC1=O)C2=O,0
NCCCc1ccc2c(c1)C(=O)N(C1CCC(=O)NC1=O)C2=O,0
O=C(O)CCc1ccc2c(c1)C(=O)N(C1CCC(=O)NC1=O)C2=O,0
NCCCCC(=O)Nc1cccc2c1C(=O)N(C1CCC(=O)NC1=O)C2=O,0
O=C1CCC(N2C(=O)c3cc(F)c(F)cc3C2=O)C(=O)N1,0
O=C(O)CSc1ccc2c(c1)C(=O)N(C1CCC(=O)NC1=O)C2=O,0
CC(C)(C)C(=O)Nc1ccc2c(c1)C(=O)N(C1CCC(=O)NC1=O)C2=O,0
CCCCCCNc1ccc(OC)c2c1C(=O)N(C1CCC(=O)NC1=O)C2=O,0
O=C1CCC(N2C(=O)c3ccc(C(=O)O)cc3C2=O)C(=O)N1,0
CC(=O)Nc1ccc2c(c1)C(=O)N(C1CCC(=O)NC1=O)C2=O,0
O=C1CCC(N2C(=O)c3cccc(Br)c3C2=O)C(=O)N1,0
NCC(=O)Nc1cccc2c1C(=O)N(C1CCC(=O)NC1=O)C2=O,0
NCCCCCOc1ccc2c(c1)C(=O)N(C1CCC(=O)NC1=O)C2=O,0
COc1ccc2c(c1)OCC(NC(=O)c1cccc(N3CCC(=O)NC3=O)c1)C2,0
O=C1CCN(c2cccc(C(=O)NC3COc4cc(S(=O)(=O)F)ccc4C3)c2)C(=O)N1,1
O=C1CCN(c2cccc(C(=O)NC3COc4c(cccc4S(=O)(=O)F)C3)c2)C(=O)N1,1
O=C1CCC(NC(=O)c2ccc(S(=O)(=O)F)c3c2CCN3)C(=O)N1,1
O=C1CCC(NC(=O)c2cc(S(=O)(=O)F)cc3c2CCN3)C(=O)N1,1
O=C1CCC(NC(=O)c2cc(Br)cc3c2CCN3)C(=O)N1,0
Cc1nnn(-c2ccc(F)cc2)c1C(=O)NC1CCC(=O)NC1=O,0
N#CN1CCCC(c2nccc(Nc3cccc4c3CN(C3CCC(=O)NC3=O)C4=O)n2)C1,1
N#CN1CCC(c2sccc2-c2cnc(C(=O)NC3CCC(=O)NC3=O)cn2)CC1,1
O=C1CCC(NC(=O)c2[nH]ncc2CNC(=O)c2cnc3ccccn23)C(=O)N1,0
N#CN1CCC(c2ncn3c2CCCC3C(=O)Nc2ccc(C3CCC(=O)NC3=O)cc2)C1,1
CC1CCCN(S(=O)(=O)Nc2ccc(C3CC(=O)NC(=O)C3)cc2)C1,0
COc1ccc2cc(C(=O)Nc3ccc4c(c3)CN(C3CCC(=O)NC3=O)C4=O)ncc2c1,0
O=C1CCC(N2Cc3cc(NC(=O)c4cc5ccccc5cn4)ccc3C2=O)C(=O)N1,0
N#CN1CCC(c2ccnc3cc(-c4cn(C5CCC(=O)NC5=O)nn4)ccc23)C1,1
O=C1CCC(N2Cc3cc(-n4cc(-c5cnsc5)nn4)ccc3C2=O)C(=O)N1,0
O=C1CCC(c2ccc(NC(=O)C3(c4ccnc5ccccc45)CC3)cc2)C(=O)N1,0
CC1CCCN(S(=O)(=O)c2ccc(C(=O)NC3CCC(=O)NC3=O)cc2)C1,0
CC1CCN(S(=O)(=O)c2ccc(C(=O)NC3CCC(=O)NC3=O)cc2)CC1,0
CCn1nc(C2CC2)cc1-c1ccc(N2CCC(=O)NC2=O)c(C)c1,0
O=C1CCC(NC(=O)c2cnc(-c3cccnc3)s2)C(=O)N1,0
O=C1CCC(NC(=O)c2conc2CNC(=O)C2CCCCNC2=O)C(=O)N1,0
O=C1CCC(Nc2nc3c(cc2Cl)C(=O)NC3)C(=O)N1,0
O=C1CCC(Nc2cccc(NC(=O)Cc3csc4cncn34)c2)C(=O)N1,0
N#CN1CCC(c2cc(-c3ccc4c(c3)CN(C3CCC(=O)NC3=O)C4=O)sn2)C1,1
CC1c2nc(Cl)nc(N(C)C3CCC(=O)NC3=O)c2CS1(=O)=O,0
N#CN1CCC(c2cccc(C(=O)Nc3ccc4c(c3)CN(C3CCC(=O)NC3=O)C4=O)c2)CC1,1
O=C1CCC(c2ccc(NC(=O)c3nncc4c3CCCC4)cc2)C(=O)N1,0
N#CN1CCC(c2n[nH]c(-c3ccc4c(c3)CN(C3CCC(=O)NC3=O)C4=O)n2)C1,1
COc1ccccc1Cn1cnc2cc(C(=O)NC3CCC(=O)NC3=O)ccc21,0
O=C1CCC(NC(=O)c2cc(CNC(=O)C3CCc4nccn43)n[nH]2)C(=O)N1,0
O=C1CCC(NC(=O)c2cc3ccccc3c3[nH]cnc23)C(=O)N1,0
CN1CCC(C(=O)Nc2ccc(C3CCC(=O)NC3=O)cc2)(C(F)(F)F)C1,0
CC1(C)CN(C(=O)CNc2cccc3c2C(=O)N(C2CCC(=O)NC2=O)C3=O)C1,0
N#CN1CCCC(c2c(-c3ccc4c(c3)CN(C3CCC(=O)NC3=O)C4=O)nc3n2CCC3)C1,1
O=C1CCC(NC(=O)c2ccc(Oc3ccc(-c4nn[nH]n4)cn3)cc2)C(=O)N1,0
N#CN1CCCC(c2cc3c(cc2C(=O)Nc2ccc(C4CCC(=O)NC4=O)cc2)CCC3)C1,1
CCC1(c2ccc(NCc3ocnc3C)cc2)CCC(=O)NC1=O,0
O=C1CCC(c2cccc(Nc3ncnc4c3nc3n4CCOC3)c2)C(=O)N1,0
O=C1CCC(N2Cc3c(cccc3-c3cccc4c3OCC(=O)N4)C2=O)C(=O)N1,0
Cc1cc(C(=O)Nc2cccc3c2CN(C2CCC(=O)NC2=O)C3=O)ncn1,0
Cn1ncc2c1C(C(=O)Nc1ccc(NC3CCC(=O)NC3=O)cc1)CCC2,0
N#CN1CCCC(c2cccc(-c3cc(C(=O)NC4CCC(=O)NC4=O)[nH]n3)c2)C1,1
O=C1CCC(NC(=O)c2ccc(S(=O)(=O)F)c3c2OCCO3)C(=O)N1,1
O=C1CCC(NC(=O)c2cc(S(=O)(=O)F)cc3c2OCCO3)C(=O)N1,1
O=C1CCC(NC(=O)c2ccc(C(F)(F)F)c3c2OCCO3)C(=O)N1,0
N#Cc1cc2c(c(C(=O)NC3CCC(=O)NC3=O)c1)OCCO2,0
N#CN1CCCC(c2cccc(-c3cc(NC4CCC(=O)NC4=O)ncn3)c2)C1,1
O=C1CCC(NC(=O)c2cc(S(=O)(=O)F)cc3c2COC3)C(=O)N1,1
O=C1CCC(NC(=O)c2ccc(S(=O)(=O)F)c3c2COC3)C(=O)N1,1
O=C1CCC(NC(=O)c2cccc3c2COC3)C(=O)N1,0
O=C1CCC(NC(=O)c2csc(Cc3cccc(C(F)(F)F)c3)n2)C(=O)N1,0
Cc1cncnc1NCc1ccc2c(c1)C(=O)N(C1CCC(=O)NC1=O)C2,0
Cc1sc2c(C)cccc2c1S(=O)(=O)NC1CCC(=O)NC1=O,0
CN(C)S(=O)(=O)c1cc(C(=O)NC2CCC(=O)NC2=O)co1,0
O=C1CCC(NC(=O)c2cocc2Br)C(=O)N1,0
O=C1CCC(NC(=O)c2ccoc2)C(=O)N1,0
CC(C)c1occ(C(F)(F)F)c1C(=O)NC1CCC(=O)NC1=O,0
Cc1cc(C(=O)NC2CCC(=O)NC2=O)c(C(F)(F)F)o1,0
CC(C)c1cc(C(=O)NC2CCC(=O)NC2=O)c(C(C)C)o1,0
CCCCc1cc(C(=O)NC2CCC(=O)NC2=O)c(C)o1,0
N#CN1CCCC(c2ccc(-c3cn[nH]c3C(=O)NC3CCC(=O)NC3=O)cc2)C1,1
Cc1sc(C(=O)NC2CCC(=O)NC2=O)cc1-c1ccc(F)cc1,0
CC(C)Oc1ccccc1-c1csc(C(=O)NC2CCC(=O)NC2=O)c1,0
O=C1CCC(SCc2ccccc2)C(=O)N1,0
Cc1nc(C2CCCNC2)[nH]c1C(=O)Nc1ccc(C2CCC(=O)NC2=O)cc1,0
O=C1CCC(NC(=O)c2ccc(-c3nn[nH]n3)o2)C(=O)N1,0
O=C1CCC(NC(=O)c2ccn3ncc(S(=O)(=O)F)c3c2)C(=O)N1,1
O=C1CCC(NC(=O)c2cc(S(=O)(=O)F)n3nccc3c2)C(=O)N1,1
O=C1CCC(NC(=O)c2ccn3ncc(Br)c3c2)C(=O)N1,0
N#CN1CCCC(c2cccc(-c3cccc4c3CN(C3CCC(=O)NC3=O)C4=O)n2)C1,1
N#CN1CCC(c2cccc3c2C(C(=O)Nc2ccc4c(c2)C(=O)N(C2CCC(=O)NC2=O)C4)C3)C1,1
O=C(NCCC1CCOc2ccccc21)c1ccc2c(c1)CNC2=O,0
CC1CCCN(C(=O)CNc2cccc3c2CN(C2CCC(=O)NC2=O)C3=O)C1,0
CC1CCCCN1C(=O)CNc1cccc2c1CN(C1CCC(=O)NC1=O)C2=O,0
N#CN1CCCC(c2cnc3n2CCCC3C(=O)Nc2cccc(C3CCC(=O)NC3=O)c2)C1,1
O=C1CCC(N2C(=O)c3ccccc3S2(=O)=O)C(=O)N1,0
O=C1CCC(N2C(=O)c3cc(S(=O)(=O)F)ccc3S2(=O)=O)C(=O)N1,1
O=C1CCC(N2C(=O)c3ccc(OS(=O)(=O)F)cc3S2(=O)=O)C(=O)N1,1
O=C1CCC(N2C(=O)c3cccc(S(=O)(=O)F)c3S2(=O)=O)C(=O)N1,1
Cc1cccc2c1S(=O)(=O)N(C1CCC(=O)NC1=O)C2=O,0
O=C1CCC(N2C(=O)c3cccc(OS(=O)(=O)F)c3S2(=O)=O)C(=O)N1,1
O=C1CCC(N2C(=O)c3ccc(S(=O)(=O)F)cc3S2(=O)=O)C(=O)N1,1
O=C1CCC(N2C(=O)c3cc(OS(=O)(=O)F)ccc3S2(=O)=O)C(=O)N1,1
N#CN1CCCC(c2cncc(C(=O)Nc3ccc(C4CCC(=O)NC4=O)cc3)c2)C1,1
O=C1CCC(NC(=O)c2ncoc2-c2ccccc2F)C(=O)N1,0
CC(C)CC1(C(=O)Nc2ccc3c(c2)C(=O)N(C2CCC(=O)NC2=O)C3)CCC1,0
O=C1CCC(N2Cc3ccc(NC(=O)C4CC(F)(F)C4)cc3C2=O)C(=O)N1,0
N#CN1CCCC(c2c(-c3ccc4c(c3)CN(C3CCC(=O)NC3=O)C4=O)ncnc2C2CC2)C1,1
N#CN1CCC(c2ccccc2-c2ccc3c(c2)CN(C2CCC(=O)NC2=O)C3=O)C1,1
N#CN1CCC(c2ncccc2-c2ccc3c(c2)CN(C2CCC(=O)NC2=O)C3=O)C1,1
N#CN1CCC(c2ccccc2-c2coc(C(=O)NC3CCC(=O)NC3=O)c2)C1,1
O=C1CCC(Nc2ncnc3c2nnn3C2CC2)C(=O)N1,0
O=C1CCC(N2C(=O)c3ccc(C#Cc4ccccc4)cc3C2=O)C(=O)N1,0
O=C1CCC(NC(=O)c2cc3c(c(S(=O)(=O)F)c2)NCC32CC2)C(=O)N1,1
O=C1CCC(NC(=O)c2ccc3c(c2)C2(CC2)CN3)C(=O)N1,0
O=C1CCC(Cc2cn(C3CCN(Cc4ccccc4)C3)nn2)C(=O)N1,0
CN(c1ncnc(C2CC2)c1Br)C1CCC(=O)NC1=O,0
N#CN1CCC(c2ccncc2-c2ccc3c(c2)CN(C2CCC(=O)NC2=O)C3=O)C1,1
O=C1CCC(N2Cc3cc(-c4cc[nH]n4)c(S(=O)(=O)F)cc3C2=O)C(=O)N1,1
Cn1cc(CO)c(-c2ccc3c(c2)CN(C2CCC(=O)NC2=O)C3=O)n1,0
CCCn1ccc(-c2ccc3c(c2)CN(C2CCC(=O)NC2=O)C3=O)n1,0
O=C1CCC(N2Cc3c(ccc(-c4cc[nH]n4)c3S(=O)(=O)F)C2=O)C(=O)N1,1
O=C1CCC(N2Cc3cc(-c4n[nH]cc4S(=O)(=O)F)ccc3C2=O)C(=O)N1,1
O=C1CCC(N2Cc3cc(-c4cc(OS(=O)(=O)F)[nH]n4)ccc3C2=O)C(=O)N1,1
O=C1CCC(N2Cc3cc(-c4n[nH]cc4OS(=O)(=O)F)ccc3C2=O)C(=O)N1,1
CCn1ccc(-c2ccc3c(c2)CN(C2CCC(=O)NC2=O)C3=O)n1,0
Cc1nn(CC(=O)Nc2ccc(NC3CCC(=O)NC3=O)cc2)c2ncccc12,0
N#CN1CCC(c2cccc3c2C(C(=O)Nc2ccc(C4CCC(=O)NC4=O)cc2)CC3)C1,1
Cc1nc2n(c1C(=O)NC1CCC(=O)NC1=O)CC(C)CC2,0
O=C1CCC(NC(=O)c2c(C(F)F)nc3n2CCCC3)C(=O)N1,0
CC1CCCc2ncc(C(=O)NC3CCC(=O)NC3=O)n21,0
CC1CCCn2c(C(=O)NC3CCC(=O)NC3=O)cnc21,0
N#CN1CCCC(c2cnccc2-c2ccc3c(c2)CN(C2CCC(=O)NC2=O)C3=O)C1,1
CN1Cc2c(NC(=O)N3CCC(Oc4cccnc4N(C)C)C3)cccc2C1=O,0
N#CN1CCC(c2ccccc2-c2ccc(C(=O)NC3CCC(=O)NC3=O)cc2)C1,1
O=C1CCC(N2Cc3c(C#CCOCCc4ccccc4)cccc3C2=O)C(=O)N1,0
O=C1CCC(N2C(=O)c3cccc(N4CCNCC4)c3C2=O)C(=O)N1,0
CN1CCN(c2cccc3c2C(=O)N(C2CCC(=O)NC2=O)C3=O)CC1,0
NCCCN1CCN(c2cccc3c2C(=O)N(C2CCC(=O)NC2=O)C3=O)CC1,0
CC(C)(C)OC(=O)N1CCN(c2cccc3c2C(=O)N(C2CCC(=O)NC2=O)C3=O)CC1,0
CC(=O)N1CCN(c2cccc3c2C(=O)N(C2CCC(=O)NC2=O)C3=O)CC1,0
NCCN1CCN(c2cccc3c2C(=O)N(C2CCC(=O)NC2=O)C3=O)CC1,0
N#CN1CCC(c2ccc(-c3ncc(C(=O)NC4CCC(=O)NC4=O)s3)cc2)C1,1
N#CN1CCCC(c2cnccc2Nc2ccc(C3CCC(=O)NC3=O)cc2)C1,1
N#Cc1cccc(CC(=O)NCc2cc(C(=O)NC3CCC(=O)NC3=O)co2)c1,0
O=C1CCC(N2Cc3ccc(-c4cccc(S(=O)(=O)F)c4)cc3C2=O)C(=O)N1,1
O=C1CCC(N2Cc3c(cc(-c4ccccc4)cc3S(=O)(=O)F)C2=O)C(=O)N1,1
CC(C)(O)Cc1ccccc1-c1ccc2c(c1)C(=O)N(C1CCC(=O)NC1=O)C2,0
N#Cc1ccccc1-c1ccc2c(c1)C(=O)N(C1CCC(=O)NC1=O)C2,0
O=C1CCC(N2Cc3ccc(-c4ccccc4CO)cc3C2=O)C(=O)N1,0
O=C1CCC(N2Cc3ccc(-c4ccc(OS(=O)(=O)F)cc4)cc3C2=O)C(=O)N1,1
O=C1CCC(N2Cc3ccc(-c4ccccc4S(=O)(=O)F)cc3C2=O)C(=O)N1,1
CCc1ccc(-c2ccc3c(c2)C(=O)N(C2CCC(=O)NC2=O)C3)cc1,0
O=C1CCC(N2Cc3ccc(-c4cccc(OS(=O)(=O)F)c4)cc3C2=O)C(=O)N1,1
O=C1CCC(N2Cc3ccc(-c4ccccc4)cc3C2=O)C(=O)N1,0
O=C1CCC(N2Cc3ccc(-c4cccc(C(F)F)c4)cc3C2=O)C(=O)N1,0
O=C1CCC(N2Cc3cc(S(=O)(=O)F)c(-c4ccccc4)cc3C2=O)C(=O)N1,1
CN(c1ccccc1)c1ccc(C(=O)NC2CCC(=O)NC2=O)cn1,0
CC1(C)Oc2cc(C(=O)NC3CCC(=O)NC3=O)cnc2NC1=O,0
O=C1CCC(NC(=O)c2nnn3ccccc23)C(=O)N1,0
O=C1CCC(NC(=O)c2nnn3cc(S(=O)(=O)F)ccc23)C(=O)N1,1
O=C1CCC(NC(=O)c2nnn3ccc(OS(=O)(=O)F)cc23)C(=O)N1,1
O=C1CCC(NC(=O)c2nnn3c(S(=O)(=O)F)cccc23)C(=O)N1,1
N#CN1CCC(c2cccc3c2C(C(=O)Nc2ccc(C4CCC(=O)NC4=O)cc2)CC3)CC1,1
N#CN1CCC(c2cccc(C(=O)Nc3ccc4c(c3)C(=O)N(C3CCC(=O)NC3=O)C4)c2)C1,1
O=C(CCl)NCC(NC(=O)c1cccc2c1C(=O)NC2)C1CCCCC1,1
C=CC(=O)NCC(NC(=O)c1cccc2c1C(=O)NC2)C1CCCCC1,1
O=C1CCN(CCc2cn(C3CCc4c(F)cccc43)nn2)C(=O)N1,0
O=C1CCC(N2C(=O)c3ccc(OCc4cccc(F)c4)cc3C2=O)C(=O)N1,0
COc1ccc(COc2ccc3c(c2)C(=O)N(C2CCC(=O)NC2=O)C3=O)cc1,0
CCn1cc(C(=O)NC2CCC(=O)NC2=O)c(-c2cnn(C)c2)n1,0
CC(=Cn1ccnn1)C(=O)Nc1ccc(NC2CCC(=O)NC2=O)cc1,0
N#CN1CCC(c2ccc3cnc(C(=O)NC4CCC(=O)NC4=O)cc3c2)C1,1
N#CN1CCC(c2cccc(-c3ccc4c(c3)CN(C3CCC(=O)NC3=O)C4=O)c2)C1,1
O=C1CC(Cc2ccccc2)CC(=O)N1,0
O=C1CCC(NC(=O)c2sc(-c3nn[nH]n3)cc2Cl)C(=O)N1,0
N#CN1CCC(c2ccnc(-c3cccnc3C(=O)NC3CCC(=O)NC3=O)c2)C1,1
Cc1c(Cl)nc(CC(C)C)nc1Nc1ccc(C2CCC(=O)NC2=O)cc1,0
O=C1CCC(N2Cc3cc(-c4cnn5ccc(NCCc6ccccc6)nc45)ccc3C2=O)C(=O)N1,0
O=C1CCN(c2ccc(-c3cc(Cn4cccn4)ccc3F)cc2)C(=O)N1,0
Cc1ccc(NC(=O)NCc2ccc(C(=O)NC3CCC(=O)NC3=O)cc2)cc1Cl,0
O=C1CCC(NC(=O)c2ccc(S(=O)(=O)F)c3c[nH]nc23)C(=O)N1,1
O=C1CCC(NC(=O)c2cccc3c(S(=O)(=O)F)[nH]nc23)C(=O)N1,1
CC(C)n1cc2cccc(C(=O)NC3CCC(=O)NC3=O)c2n1,0
O=C1CCC(NC(=O)c2cc(S(=O)(=O)F)cc3c[nH]nc23)C(=O)N1,1
Cc1cc(C(=O)NC2CCC(=O)NC2=O)c2nn(C)cc2c1,0
O=C1CCC(NC(=O)c2ccc(Br)c3c[nH]nc23)C(=O)N1,0
O=C1CCC(NC(=O)c2cc3c(cn2)OCCC3)C(=O)N1,0
O=C1CCC(NC(=O)c2cc3c(c(S(=O)(=O)F)n2)OCCC3)C(=O)N1,1
CN1C(=O)CCCc2occ(C(=O)NC3CCC(=O)NC3=O)c21,0
O=C1CCC(NC(=O)c2coc3c2NC(=O)CCC3)C(=O)N1,0
O=C1CCC(N2Cc3cc(CNC(=O)c4cc(=O)c5ccccc5o4)ccc3C2=O)C(=O)N1,0
Cc1ccc2c(C(=O)NC3CCC(=O)NC3=O)cc(-c3cnn(C)c3)nc2c1C,0
N#CN1CCCC(c2ccc(Nc3ccc4c(c3)C(=O)N(C3CCC(=O)NC3=O)C4=O)cc2)C1,1
O=C1CCC(N2Cc3ccc(-c4ccc5ncsc5c4)cc3C2=O)C(=O)N1,0
N#CN1CCC(c2nccc(Nc3ccc4c(c3)CN(C3CCC(=O)NC3=O)C4=O)n2)C1,1
O=C1CCC(N2C(=O)c3cccc(OCCOCCOCCOCc4ccccc4)c3C2=O)C(=O)N1,0
Cc1cc(NC(=O)COc2ccc3c(c2)CN(C2CCC(=O)NC2=O)C3=O)no1,0
N#CN1CCCC(c2cccc(-c3ccc(C(=O)NC4CCC(=O)NC4=O)nc3)c2)C1,1
N#CN1CCCC(c2cccc(-c3cc(C(=O)NC4CCC(=O)NC4=O)on3)c2)C1,1
O=C1CCC(N2Cc3c(cccc3-n3cc(C4CC4)nn3)C2=O)C(=O)N1,0
O=C1CCC(N2C(=O)c3cccc(-c4cncc(S(=O)(=O)F)c4)c3C2=O)C(=O)N1,1
O=C1CCC(N2C(=O)c3cccc(-c4cncc(OS(=O)(=O)F)c4)c3C2=O)C(=O)N1,1
O=C1CCC(N2C(=O)c3cccc(-c4cccnc4)c3C2=O)C(=O)N1,0
Cn1cc(Nc2ccc(C(=O)NC3CCC(=O)NC3=O)nn2)cn1,0
CC(C)(C(=O)NCc1cccc2c1C(=O)N(C1CCC(=O)NC1=O)C2)c1ccccc1,0
O=C(Cc1ccccc1)NCc1cccc2c1C(=O)N(C1CCC(=O)NC1=O)C2,0
O=C1CCC(N2Cc3cccc(CNC(=O)C(F)(F)c4ccccc4)c3C2=O)C(=O)N1,0
O=C1CCC(NC(=O)c2cc(Cl)c3c(c2)CCCN3)C(=O)N1,0
C=CC(=O)N1CCCc2cc(C(=O)NC3(C)CCC(=O)NC3=O)ccc21,1
O=C1CCC(NC(=O)c2cc3c(c(S(=O)(=O)F)c2)NCCC3)C(=O)N1,1
C=CC(=O)N1CCCc2cc(C(=O)NC3(CC)CCC(=O)NC3=O)ccc21,1
N#CN1CCC(c2cccc(-c3nc[nH]c3C(=O)NC3CCC(=O)NC3=O)c2)C1,1
N#CN1CCC(c2c[nH]nc2-c2cccc(C(=O)NC3CCC(=O)NC3=O)c2)C1,1
N#CN1CCC(c2cccc(-c3ccc(C(=O)NC4CCC(=O)NC4=O)nc3)c2)C1,1
N#CN1CCC(c2ccnc(Nc3ccc4c(c3)CN(C3CCC(=O)NC3=O)C4=O)n2)C1,1
N#CN1CCCC(c2cc3c(cc2-c2ccc4c(c2)CN(C2CCC(=O)NC2=O)C4=O)CCO3)C1,1
N#CN1CCC(c2ncnn2-c2ccc(C(=O)NC3CCC(=O)NC3=O)cc2)C1,1
Cc1conc1-c1cn(-c2ccc3c(c2)C(=O)N(C2CCC(=O)NC2=O)C3)nn1,0
CN1CCc2nc(C(=O)Nc3ccc(C4CCC(=O)NC4=O)cc3)sc2C1,0
O=C1CCC(N2C(=O)c3ccccc3C2c2c[nH]c3ccccc23)C(=O)N1,0
O=C(COc1ccsn1)NCc1cc(C(=O)NC2CCC(=O)NC2=O)no1,0
N#CN1CCCC(c2nc3c(c(Nc4ccc(C5CCC(=O)NC5=O)cc4)n2)CC2(CC3)CC2)C1,1
O=C1CCC(N2C(=O)c3cccc(NC(=O)c4cccnc4)c3C2=O)C(=O)N1,0
O=C1CCC(N2C(=O)c3cc(S(=O)(=O)F)cc4cccc2c34)C(=O)N1,1
O=C1CCC(N2C(=O)c3cc(OS(=O)(=O)F)cc4cccc2c34)C(=O)N1,1
O=C1CCC(N2C(=O)c3cccc4cccc2c34)C(=O)N1,0
O=C1CCC(c2ccc(NC(=O)C3CCc4cccc(F)c43)cc2)C(=O)N1,0
O=C1CCC(c2ccc(NC(=O)C3CCc4ccc(S(=O)(=O)F)cc43)cc2)C(=O)N1,1
O=C1CCC(c2ccc(NC(=O)C3CCc4cccc(S(=O)(=O)F)c43)cc2)C(=O)N1,1
COc1cccc2c1CCC2(N)C(=O)Nc1ccc(C2CCC(=O)NC2=O)cc1,0
Nc1cccc(N2CCC(=O)NC2=O)c1,0
CC1CN(c2ccc(S(=O)(=O)F)cc2)C(=O)NC1=O,1
O=C(O)COc1ccc(N2CCC(=O)NC2=O)cc1,0
Cc1c(OCC(=O)OC(C)(C)C)cccc1N1CCC(=O)NC1=O,0
CC(C)(C)OC(=O)NCC#Cc1cccc(N2CCC(=O)NC2=O)c1,0
O=C1CCN(c2ccc(OS(=O)(=O)F)cc2)C(=O)N1,1
Nc1ccc(N2CCC(=O)NC2=O)cc1,0
Cc1ccccc1N1CCC(=O)NC1=O,0
O=C1CCN(c2ccccc2)C(=O)N1,0
Cc1c(C#CCNC(=O)OC(C)(C)C)cccc1N1CCC(=O)NC1=O,0
CC(=O)NCCC#Cc1cccc(N2CCC(=O)NC2=O)c1C,0
CC1CN(c2ccccc2)C(=O)NC1=O,0
Nc1cc(Cl)cc(N2CCC(=O)NC2=O)c1,0
CCNC(=O)COc1cccc(N2CCC(=O)NC2=O)c1C,0
N#CN1CCC(c2ccn(-c3ccccc3C(=O)NC3CCC(=O)NC3=O)n2)C1,1
Cc1nnc2n1CC(C(=O)Nc1ccc(C3CCC(=O)NC3=O)cc1)N(C)C2,0
O=C1CCC(NC(=O)c2cc(N3CCNC3=O)c(F)cc2F)C(=O)N1,0
N#CN1CCCC(c2cc(-c3cccc4c3CN(C3CCC(=O)NC3=O)C4=O)[nH]n2)C1,1
O=C1CCC(n2cc(-c3cnn(C4CC4)c3)nn2)C(=O)N1,0
O=C1CCC(c2ccc(NC(=O)c3ncnc4c3ccn4C3CC3)cc2)C(=O)N1,0
Cc1cnn(Cc2cn(C3CCC(=O)NC3=O)nn2)c1,0
O=C1CCC(n2cc(Cn3cc(Br)cn3)nn2)C(=O)N1,0
CCCc1nc(C(=O)NC2CCC(=O)NC2=O)nn1-c1ccccc1F,0
Cc1nc(C(=O)NC2CCC(=O)NC2=O)nn1-c1ccc(Cl)cc1Cl,0
O=C1CCC(c2ccc(NC(=O)C3CNCc4ccc(Cl)cc43)cc2)C(=O)N1,0
N#CN1CCC(c2ccc3c(c2)OCC(Nc2ccc(N4CCC(=O)NC4=O)cc2)C3)C1,1
O=C1CCC(NC(=O)c2cc3c(s2)CCCCCC3)C(=O)N1,0
O=C1CCC(NC(=O)c2ccc(S(=O)(=O)F)c3c2OCCC3)C(=O)N1,1
O=C1CCC(NC(=O)c2cc(Br)cc3c2OCCC3)C(=O)N1,0
O=C1CCC(NC(=O)c2cc(S(=O)(=O)F)cc3c2OCCC3)C(=O)N1,1
N#CN1CCC(c2ncc(-c3ccc4c(c3)CN(C3CCC(=O)NC3=O)C4=O)s2)C1,1
O=C1CC(NC(=O)c2sc3ccccc3c2Cl)C(=O)N1,0
O=C1CC(NC(=O)c2sc3cccc(Cl)c3c2Cl)C(=O)N1,0
CCn1ncnc1-c1ccc(C(=O)NC2CCC(=O)NC2=O)cc1,0
Nc1nc2c(c(-c3ccc4c(c3)CN(C3CCC(=O)NC3=O)C4=O)n1)CCCC2,0
N#CN1CCCC(c2ccc(C(=O)Nc3cccc4c3CN(C3CCC(=O)NC3=O)C4=O)s2)C1,1
NCc1cn2c(C(=O)Nc3ccc(C4CCC(=O)NC4=O)cc3)cccc2n1,0
O=C1CCC(NC(=O)c2cc(CNC(=O)c3cnn4c3CCC4)n[nH]2)C(=O)N1,0
O=C1CCC(S(=O)(=O)c2ccc(S(=O)(=O)F)cc2)C(=O)N1,1
Cc1cccc(S(=O)(=O)C2CCC(=O)NC2=O)c1,0
O=C1CCC(S(=O)(=O)c2cccc(S(=O)(=O)F)c2)C(=O)N1,1
N#CN1CCCC(c2ncccc2-c2ccc(C(=O)NC3CCC(=O)NC3=O)cc2)C1,1
Cc1sc(-c2nnc[nH]2)nc1C(=O)NC1CCC(=O)NC1=O,0
CN(C)c1ccc(CNc2ccc3c(c2)CN(C2CCC(=O)NC2=O)C3=O)cn1,0
CN(Cc1cnc(-c2cccc3c2CNC3=O)cn1)C1CCCNCC1,0
N#CN1CCCC(c2cccc(-n3nncc3C(=O)NC3CCC(=O)NC3=O)c2)C1,1
N#CN1CCC(c2ncnc(Nc3cccc(C4CCC(=O)NC4=O)c3)n2)C1,1
O=C1CCC(N2C(=O)C=C(NC3(c4cccc(F)c4)CC3)C2=O)C(=O)N1,1
O=C1CCC(N2C(=O)c3cccc(NC4CCCCC4)c3C2=O)C(=O)N1,0
CN(c1cccc2c1C(=O)N(C1CCC(=O)NC1=O)C2=O)C1CCCCC1,0
N#CN1CCCC(c2ccnn2-c2ccnc(C(=O)NC3CCC(=O)NC3=O)n2)C1,1
CC1(C)CCc2c(C(=O)NC3CCC(=O)NC3=O)n[nH]c2C1,0
Cn1nc(C(=O)NC2CCC(=O)NC2=O)c2c1CCC(C)(C)C2,0
CC(C)C1CCc2[nH]nc(C(=O)NC3CCC(=O)NC3=O)c2C1,0
Cn1nc(C(=O)NC2CCC(=O)NC2=O)c2c1CCCC2O,0
N#CN1CCC(c2c(C(=O)Nc3ccc(C4CCC(=O)NC4=O)cc3)cc[nH]c2=O)C1,1
CC(C)c1ccc(Oc2cc(C(=O)NC3CCC(=O)NC3=O)ccn2)cc1,0
O=C1CCC(NC(=O)c2cc(Cl)nc(Oc3ccc(Cl)cc3)c2)C(=O)N1,0
O=C1CCC(c2ccc(NC(=O)c3ccnnc3OC3CCCC3)cc2)C(=O)N1,0
O=C1CCC(N2Cc3cc(C4CCCCC4)cc(OS(=O)(=O)F)c3C2=O)C(=O)N1,1
O=C1CCC(N2Cc3cc(C4CCCCC4)ccc3C2=O)C(=O)N1,0
N#CN1CCCC(c2nccc(Nc3ccc4c(c3)CN(C3CCC(=O)NC3=O)C4=O)n2)C1,1
N#CN1CCC(c2ccccc2-n2nnc(C(=O)NC3CCC(=O)NC3=O)n2)C1,1
N#CN1CCC(c2ccnc(-c3ccc4c(c3)CN(C3CCC(=O)NC3=O)C4=O)c2C2CC2)C1,1
N#CN1CCCC(c2cccc(-n3cncc3C(=O)NC3CCC(=O)NC3=O)n2)C1,1
N#CN1CCCC(c2cc3c(cc2-c2ccc4c(c2)CN(C2CCC(=O)NC2=O)C4=O)OCO3)C1,1
O=C1CCC(NC(=O)c2ccc3nc(-c4ccccc4)oc3c2)C(=O)N1,0
O=C1CCC(N2C(=O)c3ccc(OS(=O)(=O)F)nc3C2=O)C(=O)N1,1
O=C1CCC(N2C(=O)c3cc(OS(=O)(=O)F)cnc3C2=O)C(=O)N1,1
O=C1CCC(N2C(=O)c3cc(Br)cnc3C2=O)C(=O)N1,0
O=C1CCC(N2C(=O)c3cccnc3C2=O)C(=O)N1,0
Cc1nn2cccnc2c1-c1cccc2c1CN(C1CCC(=O)NC1=O)C2=O,0
Nc1ccc2c(c1)CCC(CNC(=O)c1ccc(N3CCC(=O)NC3=O)cc1)O2,0
C=CC(=O)N(Cc1c(C)cccc1C)c1cccc2c1CNC2=O,1
C=CC(=O)N(Cc1c(F)cc(C)cc1F)c1cccc2c1CNC2=O,1
C=CC(=O)N(Cc1ccc(C)c(C)c1)c1cccc2c1CNC2=O,1
CC(C)(C)c1noc2nc(C(=O)NC3CCC(=O)NC3=O)ccc12,0
O=C1CCC(NC(=O)c2ccc3c(S(=O)(=O)F)noc3n2)C(=O)N1,1
O=C1CCC(NC(=O)c2cc(S(=O)(=O)F)c3cnoc3n2)C(=O)N1,1
N#CN1CCC(c2scnc2-c2ccc3c(c2)CN(C2CCC(=O)NC2=O)C3=O)CC1,1
O=C1CCC(N2Cc3c(CNC(=O)c4cnc5ccccc5c4)cccc3C2=O)C(=O)N1,0
O=C1CCC(NC(=O)c2cc(OCC(F)(F)F)c3ccccc3n2)C(=O)N1,0
O=C1CCC(NC(=O)c2cc(S(=O)(=O)F)c3ccccc3n2)C(=O)N1,1
COc1ccc2nc(C(=O)NC3CCC(=O)NC3=O)ccc2c1Br,0
O=C1CCC(NC(=O)c2ccc3ccccc3n2)C(=O)N1,0
O=C1CCC(NC(=O)c2ccc3cc(Cl)cc(Br)c3n2)C(=O)N1,0
O=C1CCC(NC(=O)c2ccc3cccc(S(=O)(=O)F)c3n2)C(=O)N1,1
O=C1CCC(NC(=O)c2ccc3ccc(S(=O)(=O)F)cc3n2)C(=O)N1,1
O=C1CCC(NC(=O)c2ccc3c(S(=O)(=O)F)cccc3n2)C(=O)N1,1
COc1cccc2c(O)cc(C(=O)NC3CCC(=O)NC3=O)nc12,0
O=C1CCC(NC(=O)c2ccc3ccc(OS(=O)(=O)F)cc3n2)C(=O)N1,1
N#CN1CCC(c2ncc(-c3cn(C4CCC(=O)NC4=O)nn3)c3ccccc23)C1,1
N#Cc1cccc(NCc2ccc3c(c2)C(=O)N(C2CCC(=O)NC2=O)C3)n1,0
O=C1CCC(N2Cc3cc(-c4ncc5ccccc5n4)ccc3C2=O)C(=O)N1,0
COc1ccc2c(C(=O)NC3CCC(=O)NC3=O)cnn2c1,0
O=C1CCC(NC(=O)c2cnn3cc(S(=O)(=O)F)ccc23)C(=O)N1,1
O=C1CCC(NC(=O)c2cnn3c(C(F)(F)F)cccc23)C(=O)N1,0
O=C1CCC(NC(=O)c2cnn3ccccc23)C(=O)N1,0
O=C1CCC(NC(=O)c2cnn3c(S(=O)(=O)F)cccc23)C(=O)N1,1
O=C1CCC(NC(=O)c2cnn3ccc(OS(=O)(=O)F)cc23)C(=O)N1,1
O=C1CCC(NC(=O)c2cc(-c3cccc4[nH]ccc34)no2)C(=O)N1,0
N#CN1CCC(c2cccc(C(=O)Nc3cccc4c3CN(C3CCC(=O)NC3=O)C4=O)c2)C1,1
N#CN1CCC(c2cccc(-n3nnc(C(=O)NC4CCC(=O)NC4=O)n3)c2)CC1,1
Cc1c(C(=O)NC2CCC(=O)NC2=O)nnn1-c1ccc2ncccc2c1,0
N#CN1CCC(c2nc(-c3cccc(C(=O)NC4CCC(=O)NC4=O)c3)no2)C1,1
O=C1CCC(N2C(=O)C=C(N3CCCN(Cc4ccccc4)CC3)C2=O)C(=O)N1,1
CS1(=O)=NCc2c(-c3ccc(N4CCC(=O)NC4=O)cc3)cccc21,0
CCN1CCCC(C(=O)NCc2[nH]ncc2C(=O)NC2CCC(=O)NC2=O)C1,0
CC1(C)CC1C(=O)Nc1cccc2c1C(=O)N(C1CCC(=O)NC1=O)C2,0
CC(C)C1(CNC(=O)Nc2ccc3c(c2)CN(C2CCC(=O)NC2=O)C3=O)CC1,0
O=C1CCC(n2cc(C3(O)CC4CCC3C4)nn2)C(=O)N1,0
O=C1CCC(NC(=O)c2csc(C3Cc4c(cccc4S(=O)(=O)F)O3)n2)C(=O)N1,1
O=C1CCC(NC(=O)c2csc(C3Cc4ccccc4O3)n2)C(=O)N1,0
O=C1CCC(NC(=O)c2csc(C3Cc4cccc(S(=O)(=O)F)c4O3)n2)C(=O)N1,1
Cn1c(=O)[nH]c2ncc(-c3cccc(C(=O)NC4CCC(=O)NC4=O)c3)cc21,0
NC(=O)c1cc(NC2CCC(=O)NC2=O)nc(C2CC2)n1,0
CN(c1cc(C#N)nc(C2CC2)n1)C1CCC(=O)NC1=O,0
O=C1CCC(NC(=O)c2ocnc2C2CCC2)C(=O)N1,0
O=C1CCC(NC(=O)c2ccc3[nH]c(=O)n(C4CC4)c3c2)C(=O)N1,0
N#CN1CCCC(c2nccc(Nc3ccc4c(c3)C(=O)N(C3CCC(=O)NC3=O)C4)n2)C1,1
O=C1CCC(NC(=O)c2nc(S(=O)(=O)F)n3ccncc23)C(=O)N1,1
O=C1CCC(NC(=O)c2nc(C(F)(F)F)n3ccncc23)C(=O)N1,0
O=C1CCC(NC(=O)c2ncn3cc(S(=O)(=O)F)ncc23)C(=O)N1,1
O=C1CCC(NC(=O)c2ncn3c(S(=O)(=O)F)cncc23)C(=O)N1,1
O=C1CCC(NC(=O)c2cc(S(=O)(=O)F)cc3[nH]ccc23)C(=O)N1,1
O=C1CCC(NC(=O)c2cccc3[nH]c(C(F)(F)F)cc23)C(=O)N1,0
O=C1CCC(NC(=O)c2ccc(F)c3[nH]ccc23)C(=O)N1,0
O=C1CCC(NC(=O)c2cccc3[nH]ccc23)C(=O)N1,0
O=C1CCC(NC(=O)c2ccc(S(=O)(=O)F)c3[nH]ccc23)C(=O)N1,1
Cc1cc2c(C(=O)NC3CCC(=O)NC3=O)ccc(C)c2[nH]1,0
O=C1CCC(NC(=O)c2cccc3[nH]c(OS(=O)(=O)F)cc23)C(=O)N1,1
O=C1CCC(NC(=O)c2cccc3[nH]c(S(=O)(=O)F)cc23)C(=O)N1,1
CC(C)Cn1ccc2c(C(=O)NC3CCC(=O)NC3=O)cccc21,0
O=C1CCC(NC(=O)c2cccc3[nH]cc(Cl)c23)C(=O)N1,0
N#CN1CCC(c2ccnn2-c2cncc(-c3cccc(N4CCC(=O)NC4=O)c3)c2)C1,1
CN(C(=O)c1ccc(N2CCC(=O)NC2=O)cc1)C1CCc2ncccc2C1,0
N#Cc1cnc2c(C(=O)Nc3ccc(C4CCC(=O)NC4=O)cc3)cnn2c1,0
CC(Cl)C(=O)NCC1c2ccccc2C(=O)N1Cc1ccccc1,1
O=C1CCC(N2Cc3cc(-c4cn[nH]n4)c(S(=O)(=O)F)cc3C2=O)C(=O)N1,1
O=C1CCC(N2Cc3cc(-c4n[nH]nc4OS(=O)(=O)F)ccc3C2=O)C(=O)N1,1
Cn1ncc(-c2ccc3c(c2)CN(C2CCC(=O)NC2=O)C3=O)n1,0
O=C1CCC(N2Cc3cc(-c4n[nH]nc4S(=O)(=O)F)ccc3C2=O)C(=O)N1,1
O=C1CCC(N2Cc3cc(NC(=O)C4=NC5C=CC=CC5=N4)ccc3C2=O)C(=O)N1,0
O=C1CCC(n2cc(CCC(O)CCc3ccccc3)nn2)C(=O)N1,0
N#CN1CCC(c2cccc3c2CC(Nc2cccc(N4CCC(=O)NC4=O)c2)CCC3)CC1,1
O=C1CCC(NC(=O)c2cccc(N3CCCS3(=O)=O)c2)C(=O)N1,0
N#CN1CCC(c2cc(-c3cccc4c3CN(C3CCC(=O)NC3=O)C4=O)co2)C1,1
CCc1c(C(=O)OC2CCC(=O)NC2=O)nnn1-c1cccc(Cl)c1,0
Cc1cccnc1C1CCCC(Nc2cccc(C3CC(=O)NC(=O)C3)c2)C1,0
Nc1ccc(-c2ccc3c(c2)CN(C2CCC(=O)NC2=O)C3=O)nn1,0
O=C1CCC(N2Cc3cc(-c4nnccc4OS(=O)(=O)F)ccc3C2=O)C(=O)N1,1
O=C1CCC(N2Cc3c(ccc(-c4cccnn4)c3S(=O)(=O)F)C2=O)C(=O)N1,1
O=C1CCC(N2Cc3cc(-c4nnccc4S(=O)(=O)F)ccc3C2=O)C(=O)N1,1
O=C1CCC(N2Cc3cc(-c4cc(S(=O)(=O)F)cnn4)ccc3C2=O)C(=O)N1,1
O=C1CCC(N2Cc3cc(-c4cccnn4)c(S(=O)(=O)F)cc3C2=O)C(=O)N1,1
O=C1CCC(N2Cc3cc(-c4ccc(OS(=O)(=O)F)nn4)ccc3C2=O)C(=O)N1,1
O=C1CCC(N2Cc3cc(-c4cc(OS(=O)(=O)F)cnn4)ccc3C2=O)C(=O)N1,1
COc1ccc(-c2ccc3c(c2)CN(C2CCC(=O)NC2=O)C3=O)nn1,0
N#CN1CCCC(c2n[nH]cc2-c2cccc(C(=O)NC3CCC(=O)NC3=O)c2)C1,1
N#CN1CCC(c2n[nH]cc2-c2ccc3c(c2)CN(C2CCC(=O)NC2=O)C3=O)C1,1
N#Cc1sc2ccccc2c1S(=O)(=O)Nc1ccc2c(c1)CN(C1CCC(=O)NC1=O)C2=O,0
O=C1CCC(N2Cc3cc(NCc4cccc5cnccc45)ccc3C2=O)C(=O)N1,0
O=C1CCC(NC(=O)c2ccn(C3CC3(F)F)n2)C(=O)N1,0
CN1C(=O)CCC(NC(=O)c2ccn(C3CC3(F)F)n2)C1=O,0
Cc1cc(NC2CCC(=O)NC2=O)nc(-n2nc(C)cc2C)n1,0
Cc1cc(C)n(-c2ncc(Cl)c(N(C)C3CCC(=O)NC3=O)n2)n1,0
N#CN1CCCC(c2ccnn2-c2cncc(-c3cccc(N4CCC(=O)NC4=O)c3)c2)C1,1
N#CN1CCC(c2[nH]nnc2-c2ccc3c(c2)CN(C2CCC(=O)NC2=O)C3=O)C1,1
N#CN1CCC(c2ccc(-c3cccc4c3CN(C3CCC(=O)NC3=O)C4=O)[nH]2)C1,1
O=C1CCC(NC(=O)c2nnc3ccc(OS(=O)(=O)F)cn23)C(=O)N1,1
O=C1CCC(NC(=O)c2nnc3ccc(Br)cn23)C(=O)N1,0
O=C1CCC(NC(=O)c2nnc3cc(S(=O)(=O)F)ccn23)C(=O)N1,1
O=C1CCC(NC(=O)c2nnc3c(S(=O)(=O)F)cccn23)C(=O)N1,1
O=C1CCC(NC(=O)c2nnc3c(C(F)(F)F)cccn23)C(=O)N1,0
O=C1CCC(NC(=O)c2cnc(-c3ccccc3Cl)nc2)C(=O)N1,0
Cc1nc(-c2ccccc2)ncc1C(=O)NC1CCC(=O)NC1=O,0
N#CN1CCCC(c2ccc(Cc3cn(C4CCC(=O)NC4=O)nn3)cc2)C1,1
O=C1CCC(N2Cc3c(ccc4c3OCC43CCC(Oc4ccccc4)CC3)C2=O)C(=O)N1,0
N#CN1CCCC(c2oc(C(=O)Nc3ccc(C4CCC(=O)NC4=O)cc3)c3c2COCC3)C1,1
O=C1CCC(N2Cc3cc(C(=O)Nc4cc(C(=O)O)[nH]n4)ccc3C2=O)C(=O)N1,0
N#CN1CCC(c2ccc3c(c2)OCC(NC(=O)c2cccc(N4CCC(=O)NC4=O)c2)C3)C1,1
N#CN1CCCC(c2cc(-c3cccc4c3CN(C3CCC(=O)NC3=O)C4=O)cc3c2NCC3)C1,1
O=C1CCC(N2Cc3c(cccc3-c3cc(OS(=O)(=O)F)c[nH]3)C2=O)C(=O)N1,1
O=C1CCC(N2Cc3c(ccc(S(=O)(=O)F)c3-c3ccc[nH]3)C2=O)C(=O)N1,1
O=C1CCC(N2Cc3c(cccc3-c3[nH]ccc3S(=O)(=O)F)C2=O)C(=O)N1,1
O=C1CCC(N2Cc3c(cc(S(=O)(=O)F)cc3-c3ccc[nH]3)C2=O)C(=O)N1,1
COC(=O)c1c[nH]c(-c2cccc3c2CN(C2CCC(=O)NC2=O)C3=O)c1,0
O=C1CCC(N2Cc3c(cccc3-c3ccc(OS(=O)(=O)F)[nH]3)C2=O)C(=O)N1,1
O=C1CCC(c2cccc(NC(=O)c3coc(CN4CCC(O)C4)n3)c2)C(=O)N1,0
O=C1CCC(N2C(=O)c3cccc(N4CCOCC4)c3C2=O)C(=O)N1,0
O=C1CCC(NC(=O)c2[nH]ncc2C2CCC2)C(=O)N1,0
N#CN1CCC(c2cccc3c2CN(C(=O)c2cccc4c2CN(C2CCC(=O)NC2=O)C4=O)C3)C1,1
O=C1CCC(NC(=O)c2oc(C3CC3)nc2C(F)F)C(=O)N1,0
Cc1nc(C2CC2)oc1C(=O)NC1CCC(=O)NC1=O,0
N#Cc1c(Cl)nsc1NC1CCC(=O)NC1=O,0
Cc1nsc(N(C)C2CCC(=O)NC2=O)c1C#N,0
Cc1cc(NC2CCC(=O)NC2=O)nc(-c2cccs2)n1,0
O=C1CCC(N2C(=O)c3ccc(-c4cncc(S(=O)(=O)F)c4)cc3C2=O)C(=O)N1,1
O=C1CCC(N2C(=O)c3ccc(-c4cccnc4)cc3C2=O)C(=O)N1,0
O=C1CCC(N2C(=O)c3ccc(-c4cncc(OS(=O)(=O)F)c4)cc3C2=O)C(=O)N1,1
O=C1CCC(N2C(=O)c3ccc(-c4cnccc4OS(=O)(=O)F)cc3C2=O)C(=O)N1,1
O=C1CCC(N2C(=O)c3ccc(-c4ccc(OS(=O)(=O)F)nc4)cc3C2=O)C(=O)N1,1
O=C1CCC(N2C(=O)c3ccc(-c4cnccc4S(=O)(=O)F)cc3C2=O)C(=O)N1,1
O=C1CCC(N2C(=O)c3ccc(-c4cccnc4S(=O)(=O)F)cc3C2=O)C(=O)N1,1
O=C1CCC(n2cc(CN3CCNC3=O)nn2)C(=O)N1,0
CC(C)C(NC(=O)OC(C)(C)C)C(=O)NC1CC(=O)NC1=O,0
CC(C)=CC(=O)NC1CC(=O)NC1=O,0
O=C1CCC(N2Cc3c(C(=O)N4CCCCN4)cccc3C2=O)C(=O)N1,0
N#CN1CCC(c2cc(-c3ccc4c(c3)CN(C3CCC(=O)NC3=O)C4=O)cc3c2CCCC3=O)C1,1
O=C1CCC(NC(=O)c2cc(NCc3ccccc3)ccn2)C(=O)N1,0
CC1CCCN1c1c(F)c(F)cc2c1C(=O)N(C1CCC(=O)NC1=O)C2=O,0
O=C1CCC(N2C(=O)c3cccc(N4CCCC4)c3C2=O)C(=O)N1,0
O=C1CCC(N2C(=O)c3cccc(N4CCC(F)(F)C4)c3C2=O)C(=O)N1,0
CN(C)C(=O)c1cncc(-c2cccc3c2C(=O)NC3)c1,0
N#CN1CCCC(c2ccccc2-c2cccc(C(=O)NC3CCC(=O)NC3=O)n2)C1,1
N#CN1CCC(c2ccc(-n3cnc(C(=O)NC4CCC(=O)NC4=O)n3)cc2)C1,1
N#CN1CCCC(c2noc3nc(Nc4cccc(N5CCC(=O)NC5=O)c4)[nH]c(=O)c23)C1,1
N#CN1CCC(c2ccn(Cc3cn(C4CCC(=O)NC4=O)nn3)n2)C1,1
Cn1c(N)c(N2C(=O)C=CC2=O)c(=O)[nH]c1=O,1
O=C1CCC(NC(=O)c2ccccc2Nc2ccc(OC(F)F)cc2)C(=O)N1,0
O=C1CCC(NC(=O)c2cc(S(=O)(=O)F)c3ccsc3c2)C(=O)N1,1
O=C1CCC(NC(=O)c2cc(O)c3ccsc3c2)C(=O)N1,0
O=C1CCC(NC(=O)c2ccc3c(S(=O)(=O)F)csc3c2)C(=O)N1,1
O=C1CCC(NC(=O)c2nn3c(c2Br)CCC3)C(=O)N1,0
O=C1CCC(N2Cc3cc(Nc4noc5ccccc45)ccc3C2=O)C(=O)N1,0
N#CN1CCC(c2ccc(-n3nccc3C(=O)NC3CCC(=O)NC3=O)cc2)C1,1
O=C1CCC(N2Cc3ccc(C(=O)NC4(C(=O)O)CC4)cc3C2=O)C(=O)N1,0
O=C1NC(=O)c2c1cccc2C(=O)N1CCCC1CO,0
N#CN1CCC(c2noc(C34CC(CN3C(=O)c3ccc(N5CCC(=O)NC5=O)cc3)C4)n2)CC1,1
O=C1CCC(NC(=O)c2ccc(-c3ccccc3)cn2)C(=O)N1,0
O=C1CCC(N2Cc3cc(-c4cnn5ccc(NC6CCCCC6)nc45)ccc3C2=O)C(=O)N1,0
O=C1CCC(N2Cc3cc(-c4cnn5ccc(NC6CCC(F)(F)CC6)nc45)ccc3C2=O)C(=O)N1,0
N#CN1CCCC(c2cnn3c2OCC(NC(=O)c2cccc(N4CCC(=O)NC4=O)c2)C3)C1,1
O=C1CCC(N2C(=O)c3ccc(NS(=O)(=O)c4ccccc4OC(F)(F)F)cc3C2=O)C(=O)N1,0
Cc1ccc(S(=O)(=O)Nc2ccc3c(c2)C(=O)N(C2CCC(=O)NC2=O)C3=O)cc1,0
O=C1CCC(N2Cc3ccc(-c4c[nH]nc4OS(=O)(=O)F)cc3C2=O)C(=O)N1,1
CNCCn1cc(-c2ccc3c(c2)C(=O)N(C2CCC(=O)NC2=O)C3)cn1,0
O=C1CCC(N2Cc3cc(S(=O)(=O)F)c(-c4cn[nH]c4)cc3C2=O)C(=O)N1,1
O=C1CCC(N2Cc3ccc(-c4c[nH]nc4S(=O)(=O)F)cc3C2=O)C(=O)N1,1
O=C1CCC(N2Cc3ccc(-c4cn[nH]c4OS(=O)(=O)F)cc3C2=O)C(=O)N1,1
O=C1CCC(N2Cc3ccc(-c4cn[nH]c4S(=O)(=O)F)cc3C2=O)C(=O)N1,1
O=C1CCC(Sc2ccc(S(=O)(=O)N3CCOCC3)cn2)C(=O)N1,0
O=C1CCC(N2Cc3c(cccc3N3CCCCC3)C2=O)C(=O)N1,0
O=C1CCC(N2Cc3c(cc(S(=O)(=O)F)cc3N3CCCCC3)C2=O)C(=O)N1,1
O=C1CCC(N2Cc3c(ccc(S(=O)(=O)F)c3N3CCCCC3)C2=O)C(=O)N1,1
O=C1CCC(N2Cc3cc(Nc4ncccn4)ccc3C2=O)C(=O)N1,0
O=C1CCC(NC(=O)c2ccc3c(c2)COCCN3)C(=O)N1,0
CS(=O)(=NC(=O)c1ccc2c(c1)CNC2=O)C1CCNCC1,0
N#CN1CCC(c2cccc(-c3cscc3C(=O)NC3CCC(=O)NC3=O)c2)C1,1
N#CN1CCC(c2cccc3c2CC(C(=O)Nc2cccc(C4CCC(=O)NC4=O)c2)=N3)C1,1
O=C1CCC(NC(=O)c2cc3occ(S(=O)(=O)F)c3s2)C(=O)N1,1
O=C1CCC(NC(=O)c2cc3occc3s2)C(=O)N1,0
O=C1CC(c2cccc(NC(=O)CCCn3cccc3)c2)CC(=O)N1,0
O=C1CCC(NC(=O)c2ccc(S(=O)(=O)F)nn2)C(=O)N1,1
O=C1CCC(NC(=O)c2cc(S(=O)(=O)F)cnn2)C(=O)N1,1
CCCc1cnnc(C(=O)NC2CCC(=O)NC2=O)c1,0
O=C1CCC(NC(=O)c2nnc(O)c(Br)c2O)C(=O)N1,0
N#CN1CCC(c2cc(-c3cccc4c3CN(C3CCC(=O)NC3=O)C4=O)cc3c2C(=O)CC3)C1,1
N#CN1CCCC(c2cncnc2Nc2ccc3c(c2)C(=O)N(C2CCC(=O)NC2=O)C3)C1,1
N#CN1CCCC(c2ocnc2-c2ccc3c(c2)CN(C2CCC(=O)NC2=O)C3=O)C1,1
O=C1CCC(NC(=O)c2cnc3ccccc3c2N2CCCC2)C(=O)N1,0
N#CN1CCCC(c2ccccc2-c2ccc(C(=O)NC3CCC(=O)NC3=O)s2)C1,1
N#CN1CCC(c2c(-c3ncc(C(=O)NC4CCC(=O)NC4=O)s3)ccc3c2CCO3)C1,1
O=C1CCC(N2Cc3c(cccc3-c3coc(OS(=O)(=O)F)c3)C2=O)C(=O)N1,1
COC(=O)c1occc1-c1cccc2c1CN(C1CCC(=O)NC1=O)C2=O,0
O=C1CCC(N2Cc3c(cc(S(=O)(=O)F)cc3-c3ccoc3)C2=O)C(=O)N1,1
O=C1CCC(N2Cc3c(ccc(S(=O)(=O)F)c3-c3ccoc3)C2=O)C(=O)N1,1
O=C1CCC(N2Cc3c(cccc3-c3ccoc3S(=O)(=O)F)C2=O)C(=O)N1,1
COc1cc(NC(=O)NC2CC2)ccc1C(=O)NC1CCC(=O)NC1=O,0
O=C1CCC(N2Cc3cc(CNC(=O)Nc4c(Cl)cc(Cl)cc4Cl)ccc3C2=O)C(=O)N1,0
O=C1CCC(N2Cc3cc(CNC(=O)Nc4ccc(F)cc4)ccc3C2=O)C(=O)N1,0
Cc1ccc(N(C)C(=O)NCc2ccc3c(c2)CN(C2CCC(=O)NC2=O)C3=O)cc1Cl,0
O=C1CCC(N2Cc3cc(CNC(=O)Nc4ccc(Cl)cc4)ccc3C2=O)C(=O)N1,0
O=C1CCC(N2Cc3cc(CNC(=O)Nc4cccc(Cl)c4)ccc3C2=O)C(=O)N1,0
O=C1CCC(N2Cc3cc(CNC(=O)Nc4ccc(Cl)c(Cl)c4)ccc3C2=O)C(=O)N1,0
O=C1CCC(N2Cc3cc(CNC(=O)Nc4ccccc4Cl)ccc3C2=O)C(=O)N1,0
O=C1CCC(N2Cc3cc(CNC(=O)Nc4cc(Cl)cc(Cl)c4)ccc3C2=O)C(=O)N1,0
Cc1ccc(NC(=O)NCc2ccc3c(c2)CN(C2CCC(=O)NC2=O)C3=O)cc1Cl,0
O=C1CCC(N2Cc3cc(CNC(=O)Nc4ccccc4)ccc3C2=O)C(=O)N1,0
Cc1ccc(NC(=O)N(C)Cc2ccc3c(c2)CN(C2CCC(=O)NC2=O)C3=O)cc1Cl,0
COc1cc(CNC(=O)Nc2ccc(C)c(Cl)c2)cc2c1C(=O)N(C1CCC(=O)NC1=O)C2,0
N#Cc1ccc(NC(=O)NCc2ccc3c(c2)CN(C2CCC(=O)NC2=O)C3=O)cc1,0
CN1C(=O)CCC(N2Cc3cc(CNC(=O)Nc4ccc(F)cc4)ccc3C2=O)C1=O,0
Cc1ccc(N(C)C(=O)N(C)Cc2ccc3c(c2)CN(C2CCC(=O)NC2=O)C3=O)cc1Cl,0
O=C1CCC(N2Cc3cc(CNC(=O)Nc4c(Cl)cccc4Cl)ccc3C2=O)C(=O)N1,0
O=C1CCC(N2Cc3cc(CNC(=O)Nc4ccc(Cl)cc4Cl)ccc3C2=O)C(=O)N1,0
O=C1CCC(n2cc(C3(O)CCC3)nn2)C(=O)N1,0
O=C1CCC(N2Cc3cc(-c4cccc5c6c([nH]c45)CCC6)ccc3C2=O)C(=O)N1,0
CCn1nnc(C)c1C(=O)NC1CCC(=O)NC1=O,0
CN1CCc2cc3c(cc2CC1)C(=O)N(C1CCC(=O)NC1=O)C3=O,0
N#CN1CCC(c2cc3c(cc2C(=O)Nc2ccc(C4CCC(=O)NC4=O)cc2)COCC3)CC1,1
CC(C)(C)c1ccnc2c(C(=O)NC3CCC(=O)NC3=O)cnn12,0
Cc1cc(C)n2nc(C)c(C(=O)NC3CCC(=O)NC3=O)c2n1,0
O=C1CCC(NC(=O)c2cnn3cc(S(=O)(=O)F)cnc23)C(=O)N1,1
Cc1cc(O)n2ncc(C(=O)NC3CCC(=O)NC3=O)c2n1,0
CCc1nn2cccnc2c1C(=O)NC1CCC(=O)NC1=O,0
O=C1CCC(NC(=O)c2cnn3cc(Br)cnc23)C(=O)N1,0
O=C1CCC(NC(=O)c2cnn3ccc(OS(=O)(=O)F)nc23)C(=O)N1,1
N#CN1CCC(c2ccc3c(=O)cc(C(=O)NC4CCC(=O)NC4=O)[nH]c3c2)C1,1
Nc1ncccc1C(=O)NCc1ccc2c(c1)C(=O)N(C1CCC(=O)NC1=O)C2,0
O=C1CCC(N2Cc3ccc(CNC(=O)c4cnccc4O)cc3C2=O)C(=O)N1,0
N#CN1CCC(c2ccc3c(c2)CCCC3C(=O)Nc2cccc(C3CCC(=O)NC3=O)c2)CC1,1
N#CN1CCCC(c2c(C(=O)Nc3cccc(C4CCC(=O)NC4=O)c3)nc3n2CCCC3)C1,1
O=C1CCC(c2cccc(NC(=O)c3ccnc(C4COCCN4)n3)c2)C(=O)N1,0
O=C1CCC(c2cccc(NC(=O)c3cnc(C4CCNCC4)o3)c2)C(=O)N1,0
O=C1CCC(N2Cc3c(cccc3-c3cc4c(c(OS(=O)(=O)F)c3)CNCC4)C2=O)C(=O)N1,1
O=C1CCC(N2Cc3c(cccc3-c3ccc4c(c3)CCNC4)C2=O)C(=O)N1,0
O=C1CCC(NC(=O)c2ccc(S(=O)(=O)F)c3c2OCC3)C(=O)N1,1
O=C1CCC(NC(=O)c2c(F)ccc3c2OCC3)C(=O)N1,0
O=C1CCC(NC(=O)c2cc(S(=O)(=O)F)cc3c2OCC3)C(=O)N1,1
N#CN1CCC(c2cccc(-c3ccc(C(=O)NC4CCC(=O)NC4=O)cc3)c2)C1,1
Cc1noc(COc2ccc3c(c2)C(=O)N(C2CCC(=O)NC2=O)C3=O)n1,0
O=C1CCC(c2ccc(NC(=O)c3ncc4[nH]ncc4n3)cc2)C(=O)N1,0
O=C1CCC(c2ccc(Nc3cc(-c4ccccc4)nc4ccnn34)cc2)C(=O)N1,0
COc1cccc2cc(-c3ccccc3C(=O)NC3CCC(=O)NC3=O)oc12,0
N#CN1CCCC(c2cccc(-c3csc(C(=O)NC4CCC(=O)NC4=O)c3)c2)C1,1
O=C1CCN(c2cccc(C(=O)N3CCc4cc(OS(=O)(=O)F)sc4C3)c2)C(=O)N1,1
O=C1CCN(c2cccc(C(=O)N3CCc4c(OS(=O)(=O)F)csc4C3)c2)C(=O)N1,1
O=C1CCN(c2cccc(C(=O)N3Cc4sccc4CC3CO)c2)C(=O)N1,0
O=C1CCC(c2cccc(NC(=O)c3nc4cncnc4nc3O)c2)C(=O)N1,0
O=C1CCC(Nc2ccnc3c(C(F)(F)F)cccc23)C(=O)N1,0
N#Cc1cc(NC2CCC(=O)NC2=O)c2ccccc2n1,0
O=C1CCC(Nc2ccnc3cc(S(=O)(=O)F)ccc23)C(=O)N1,1
O=C1CCC(NC(=O)c2conc2CNC(=O)c2cc3ccncc3[nH]2)C(=O)N1,0
N#CN1CCC(c2cc(-c3ccc4c(c3)CN(C3CCC(=O)NC3=O)C4=O)cc3c2OCC3)C1,1
O=C1CCC(NC(=O)c2cc3c(N4CCNCC4)cccc3s2)C(=O)N1,0
O=C1CC(c2cccc(NCc3cccc4c3OCO4)c2)CC(=O)N1,0
Cn1c(=O)n(C2CCC(=O)NC2=O)c2ccccc21,0
O=C1CCC(n2c(=O)[nH]c3c(S(=O)(=O)F)cccc32)C(=O)N1,1
Cn1c(=O)n(C2CCC(=O)NC2=O)c2ccc(Br)cc21,0
Cn1c(=O)n(C2CCC(=O)NC2=O)c2cc(Br)ccc21,0
Cn1c(=O)n(C2CCC(=O)NC2=O)c2cccc(C#CCO)c21,0
O=C1CCC(n2c(=O)[nH]c3cc(OS(=O)(=O)F)ccc32)C(=O)N1,1
Cn1c(=O)n(C2CCC(=O)NC2=O)c2ccc(C#CCO)cc21,0
O=C1CCC(n2c(=O)[nH]c3c(OS(=O)(=O)F)cccc32)C(=O)N1,1
Cn1c(=O)n(C2CCC(=O)NC2=O)c2cccc(Br)c21,0
O=C1CCC(N2Cc3c(C(=O)NCc4cccc(F)n4)cccc3C2=O)C(=O)N1,0
Cc1cccc(CNC(=O)c2cccc3c2CN(C2CCC(=O)NC2=O)C3=O)n1,0
O=C1CCC(Nc2ccc(NC(=O)c3cc4c(=O)[nH]cnc4cn3)cc2)C(=O)N1,0
C=CC(=O)Nc1ccccc1C(=O)NCCCn1ccc(=O)[nH]c1=O,1
N#CN1CCC(c2cc3c4c(c2)cc(C(=O)NC2CCC(=O)NC2=O)c(=O)n4CCC3)C1,1
O=C1CCC(N2Cc3c(C(=O)Nc4c[nH]nc4C(=O)O)cccc3C2=O)C(=O)N1,0
O=C1CCC(N2C(=O)c3cncc(Br)c3C2=O)C(=O)N1,0
CCC1(N2C(=O)c3cc(N(C)C)nc(C)c3C2=O)CCC(=O)NC1=O,0
O=C1CCC(N2C(=O)c3cnc(OS(=O)(=O)F)cc3C2=O)C(=O)N1,1
O=C1CCC(N2Cc3c(cccc3-n3cc(CNC4CCC4)nn3)C2=O)C(=O)N1,0
O=C1CCC(NC(=O)c2cnc3ncc(S(=O)(=O)F)cc3c2)C(=O)N1,1
O=C1CCC(NC(=O)c2cnc3nc(O)ccc3c2)C(=O)N1,0
N#CN1CCC(c2cnn(Cc3cn(C4CCC(=O)NC4=O)nn3)c2)C1,1
O=C1CCC(NC(=O)c2cc3cc4c(cc3[nH]2)OC(F)(F)O4)C(=O)N1,0
N#CN1CCC(c2cc(-c3ccc4c(c3)CN(C3CCC(=O)NC3=O)C4=O)ccc2C2CC2)C1,1
N#CN1CCC(c2cc(C(=O)Nc3cccc(C4CCC(=O)NC4=O)c3)cc3c2CCCC3)C1,1
O=C1CCC(NC(=O)c2cc3ccccc3n2Cc2ccccc2F)C(=O)N1,0
CSc1ncc(Br)c(C(=O)NC2CCC(=O)NC2=O)n1,0
COc1cnc(N(C)C)nc1C(=O)NC1CCC(=O)NC1=O,0
N#CN1CCC(c2ccccc2NC(=O)c2ccc3c(c2)CN(C2CCC(=O)NC2=O)C3=O)C1,1
O=C1CC(N2C(=O)Cc3cccc(F)c3C2=O)C(=O)N1,0
N#CN1CCCC(c2cccc(-c3ncc(C(=O)NC4CCC(=O)NC4=O)s3)n2)C1,1
N#CN1CCC(c2cc(-c3ccc4c(c3)CN(C3CCC(=O)NC3=O)C4=O)n[nH]2)C1,1
CC(C)c1c(C(=O)NC2CCC(=O)NC2=O)nnn1-c1ccccc1,0
CCc1c(C(=O)NC2CCC(=O)NC2=O)nnn1-c1ccc(OC(C)C)cc1,0
O=C1CCC(NC(=O)c2nnn(-c3cccc(F)c3)c2C(F)(F)F)C(=O)N1,0
O=C1CCC(c2cccc(NC(=O)C(F)(F)C3(O)CCCNC3)c2)C(=O)N1,0
N#CN1CCC(c2cccc(-n3nc(C(=O)NC4CCC(=O)NC4=O)c4c3CCC4)c2)C1,1
O=C1CCC(NC(=O)c2nc(N3CCCC3)sc2Cl)C(=O)N1,0
C=CC(=O)Nc1ccc(CC(=O)Nc2ccc(Cl)c3c2C(=O)NC3)cc1,1
N#CN1CCCC(c2ccc3c(-c4cccc(N5CCC(=O)NC5=O)c4)c[nH]c3c2)C1,1
N#CN1CCCC(c2ccc(-c3cscc3C(=O)NC3CCC(=O)NC3=O)cc2)C1,1
CC1CCc2sc(C(=O)NC3CCC(=O)NC3=O)cc2C1,0
CC1(C)CCCc2cc(C(=O)NC3CCC(=O)NC3=O)sc21,0
CC(C)(C)C1CCc2sc(C(=O)NC3CCC(=O)NC3=O)cc2C1,0
O=C1CCC(N2Cc3ccc(NC(=O)C4CC5(CC5)C4)cc3C2=O)C(=O)N1,0
O=C1CCC(NC(=O)c2cncc(-n3ccnn3)c2)C(=O)N1,0
N#CN1CCC(c2cc(C(=O)Nc3cccc4c3CN(C3CCC(=O)NC3=O)C4=O)ncn2)C1,1
O=C1CCC(NC(=O)c2cc(-c3cnccn3)[nH]n2)C(=O)N1,0
COc1c(-c2ccc3cc(NS(C)(=O)=O)ccc3c2)cc(-n2ccc(=O)[nH]c2=O)cc1C(C)(C)C,0
N#CN1CCCC(c2ccnc(-c3ccc4c(c3)C(=O)N(C3CCC(=O)NC3=O)C4)c2)C1,1
O=C1CCC(N2Cc3cc(NCc4ccc5ccc6cccc7ccc4c5c67)ccc3C2=O)C(=O)N1,0
C=CC(=O)Nc1cc(NC(=O)c2ccc3c(c2)C(=O)N(C)C3=O)ccc1F,1
N#CN1CCC(c2nccnc2-c2ccc3c(c2)C(=O)N(C2CCC(=O)NC2=O)C3)C1,1
N#CN1CCC(c2c[nH]nc2-c2cccc(C(=O)NC3CCC(=O)NC3=O)c2)CC1,1
N#CN1CCC(c2ccc3c(c2)C(C(=O)Nc2cccc(C4CCC(=O)NC4=O)c2)CCC3)CC1,1
N#CN1CCC(c2cc(Nc3cccc4c3CN(C3CCC(=O)NC3=O)C4=O)ncn2)CC1,1
O=C1CCC(NC(=O)c2cccc(-c3noc(C(F)F)n3)c2)C(=O)N1,0
N#CN1CCC(c2cnc3cc(-c4cn(C5CCC(=O)NC5=O)nn4)ccc3c2)C1,1
O=C1CCC(N2C(=O)c3ccc(N4CCC4)cc3C2=O)C(=O)N1,0
N#CN1CCC(c2cccnc2-c2ccc3c(c2)CN(C2CCC(=O)NC2=O)C3=O)C1,1
O=C1CCC(n2cc(CC(O)Cc3ccccc3)nn2)C(=O)N1,0
Cc1ccc(NC(=O)NCc2ccc(N3CCC(=O)NC3=O)cc2)cc1Cl,0
O=C1CCC(N2Cc3c(cccc3-n3cc(C4CCCCN4)nn3)C2=O)C(=O)N1,0
Cn1nc(C(=O)NC2CCC(=O)NC2=O)cc1-c1nn[nH]n1,0
CN(c1ccn2ncc(C#N)c2n1)C1CCC(=O)NC1=O,0
N#CN1CCC(c2cc3c(cc2-c2ncc(C(=O)NC4CCC(=O)NC4=O)s2)CCO3)C1,1
O=C1CCC(N2Cc3cc(-c4ccncn4)c(S(=O)(=O)F)cc3C2=O)C(=O)N1,1
O=C1CCC(N2Cc3cc(-c4ccnc(OS(=O)(=O)F)n4)ccc3C2=O)C(=O)N1,1
Cc1ncnc(-c2ccc3c(c2)CN(C2CCC(=O)NC2=O)C3=O)c1C,0
Cc1nccc(-c2ccc3c(c2)CN(C2CCC(=O)NC2=O)C3=O)n1,0
CNc1cc(-c2ccc3c(c2)CN(C2CCC(=O)NC2=O)C3=O)nc(COC)n1,0
Nc1cc(-c2ccc3c(c2)CN(C2CCC(=O)NC2=O)C3=O)ncn1,0
O=C1CCC(N2Cc3cc(-c4ccncn4)ccc3C2=O)C(=O)N1,0
CN(C)c1nccc(-c2ccc3c(c2)CN(C2CCC(=O)NC2=O)C3=O)n1,0
O=C1CCC(N2Cc3cc(-c4ncncc4OS(=O)(=O)F)ccc3C2=O)C(=O)N1,1
O=C1CCC(N2Cc3cc(-c4cc(OS(=O)(=O)F)ncn4)ccc3C2=O)C(=O)N1,1
O=C1CCC(N2Cc3cc(-c4ncncc4S(=O)(=O)F)ccc3C2=O)C(=O)N1,1
Cc1nc(N)nc(-c2ccc3c(c2)CN(C2CCC(=O)NC2=O)C3=O)c1C,0
CN(C)c1ncnc2c1cc(C(=O)NC1CCC(=O)NC1=O)n2C,0
O=C1CCC(NC(=O)c2cc3c(Cl)ncnc3[nH]2)C(=O)N1,0
O=C1CCC(N2Cc3ccc(NC(=O)C4Cc5ccc(S(=O)(=O)F)cc54)cc3C2=O)C(=O)N1,1
O=C1CCC(N2Cc3ccc(NC(=O)C4Cc5c4cccc5S(=O)(=O)F)cc3C2=O)C(=O)N1,1
O=C1CCC(N2Cc3ccc(NC(=O)C4Cc5ccccc54)cc3C2=O)C(=O)N1,0
O=C1CCC(N2Cc3ccc(NC(=O)C4Cc5cc(S(=O)(=O)F)ccc54)cc3C2=O)C(=O)N1,1
O=C1CCC(N2Cc3ccc(NC(=O)C4Cc5cccc(S(=O)(=O)F)c54)cc3C2=O)C(=O)N1,1
N#CN1CCCC(c2ccccc2-c2nc(C(=O)NC3CCC(=O)NC3=O)cs2)C1,1
CC(C)(C)n1nnc(C(=O)NC2CCC(=O)NC2=O)n1,0
N#CN1CCC(c2cc(-c3ccc4c(c3)CN(C3CCC(=O)NC3=O)C4=O)[nH]n2)C1,1
O=C(O)CCC(=O)NCc1ccc(COC(=O)NC2CCC(=O)NC2=O)cc1,0
[NH3+]Cc1ccc(COC(=O)NC2CCC(=O)NC2=O)cc1,0
N#CN1CCCC(c2cn3c(n2)C(C(=O)Nc2cccc(C4CCC(=O)NC4=O)c2)CCC3)C1,1
N#CN1CCC(c2cccc3c2CC(C(=O)Nc2cccc(C4CCC(=O)NC4=O)c2)=N3)CC1,1
N#CN1CCC(c2cc(=O)[nH]cc2-c2ccc3c(c2)C(=O)N(C2CCC(=O)NC2=O)C3)CC1,1
N#CN1CCC(c2ccsc2C(=O)Nc2cccc3c2CN(C2CCC(=O)NC2=O)C3=O)C1,1
N#CN1CCC(c2cnc3n2CCCC3C(=O)Nc2cccc(C3CCC(=O)NC3=O)c2)C1,1
N#CN1CCCC(c2ccnc(-c3ccc4c(c3)CN(C3CCC(=O)NC3=O)C4=O)c2)C1,1
N#CN1CCC(c2cnn(-c3cncc(-c4cccc(N5CCC(=O)NC5=O)c4)c3)c2)C1,1
N#CN1CCC(c2cn(-c3cncc(C(=O)NC4CCC(=O)NC4=O)c3)nn2)C1,1
O=C1CCC(NC(=O)c2ccoc2C2(O)CCOCC2)C(=O)N1,0
CC1(C)CC(NC(=O)Nc2ccc3c(c2)C(=O)NC3=O)c2cc(F)ccc2O1,0
N#CN1CCC(c2ccc3c(c2)CCCC(Nc2cccc(N4CCC(=O)NC4=O)c2)C3)C1,1
O=C1CCC(NC(=O)c2cc(OCc3ccc(Cl)cc3)cs2)C(=O)N1,0
N#Cc1cncnc1N1CCC(c2ccc(N3CCC(=O)NC3=O)cc2)CC1,0
O=C1CCC(N2NCc3c(OS(=O)(=O)F)cccc3C2=O)C(=O)N1,1
O=C1CCC(N2NCc3ccc(OS(=O)(=O)F)cc3C2=O)C(=O)N1,1
O=C1CCC(N2NCc3ccc(S(=O)(=O)F)cc3C2=O)C(=O)N1,1
O=C1CCC(N2NCc3cc(OS(=O)(=O)F)ccc3C2=O)C(=O)N1,1
CN1Cc2c(N)cccc2C(=O)N1C1CCC(=O)NC1=O,0
O=C1CCC(NC(=O)c2ncnc3c2c(Br)cn3C2CC2)C(=O)N1,0
N#CN1CCC(c2cccc(-c3ncc(C(=O)NC4CCC(=O)NC4=O)s3)c2)C1,1
O=C1CCC(NC(=O)c2cnc3[nH]c(=O)[nH]c3n2)C(=O)N1,0
O=C1CCC(n2cc(CN3CCCC4(CC4)S3(=O)=O)nn2)C(=O)N1,0
O=C1CCC(c2ccc(Nc3nc(Cl)nc4c3CC3(CC4)CC3)cc2)C(=O)N1,0
Cc1oc(-c2ccccc2)c(C(=O)NC2CCC(=O)NC2=O)c1C,0
N#Cc1ccc(N2CCCC(Nc3ccc4c(c3)C(=O)NC4)C2=O)cc1,0
N#CN1CCC(c2ccc(-c3cccc4c3CN(C3CCC(=O)NC3=O)C4=O)c3c2CNC3)C1,1
O=C1CCN(c2ccc(C(=O)Nc3cnc4c(c3)C3CCC(C4)N3)cc2)C(=O)N1,0
Cc1ccc(C(=O)NC2CCC(=O)NC2=O)n(C)c1=O,0
O=C1CCC(NC(=O)c2cccc(=O)[nH]2)C(=O)N1,0
N#CN1CCC(c2cnc3c(Nc4ccc(N5CCC(=O)NC5=O)cc4)ccnn23)C1,1
N#CN1CCC(c2cccnc2C(=O)Nc2ccc3c(c2)C(=O)N(C2CCC(=O)NC2=O)C3)CC1,1
N#CN1CCC(c2c(C(=O)Nc3ccc(C4CCC(=O)NC4=O)cc3)ccc3c2COCC3)C1,1
N#CN1CCC(c2cc(-c3ccc4c(c3)CN(C3CCC(=O)NC3=O)C4=O)cc3c2OCO3)C1,1
N#CN1CCC(c2cccn2-c2ccc(C(=O)NC3CCC(=O)NC3=O)cc2)CC1,1
N#CN1CCCC(c2ccc(C3CC3)c(-c3ccc4c(c3)CN(C3CCC(=O)NC3=O)C4=O)n2)C1,1
N#CN1CCCC(c2ccc(-c3csc(C(=O)NC4CCC(=O)NC4=O)c3)cc2)C1,1
C=CC(=O)N1CCC(C(=O)Nc2ccc3c(c2)C(=O)NC3)CC1,1
O=C1CCC(c2ccc(Nc3nc(C4CCCC4)ns3)cc2)C(=O)N1,0
O=C1CCC(N2Cc3c(OCC(=O)N4CCCCC4)cccc3C2=O)C(=O)N1,0
N#CN1CCCC(c2ccccc2-n2ccc(=O)c(C(=O)NC3CCC(=O)NC3=O)n2)C1,1
N#CN1CCC(c2ncc(-c3cccc4c3CN(C3CCC(=O)NC3=O)C4=O)cn2)C1,1
Cc1cc(NC(=O)C23CCN(C)CC2CNC3)ccc1N1CCC(=O)NC1=O,0
N#CN1CCC(c2ccc(-c3cn[nH]c3C(=O)NC3CCC(=O)NC3=O)cc2)C1,1
O=C1CCC(NC(=O)c2c[nH]c3ccc(-c4nn[nH]n4)cc23)C(=O)N1,0
O=C(C#CCOc1ccccc1)Nc1ccc(NC2CCC(=O)NC2=O)cc1,0
Cc1c(C(=O)NC2CCC(=O)NC2=O)[nH]c(=O)c2ccccc12,0
CC1(C)CC(=O)C(=CNc2ccc3c(c2)C(=O)NC3=O)C(=O)C1,1
CCCOc1ccccc1CNS(=O)(=O)Nc1ccc2c(c1)CN(C1CCC(=O)NC1=O)C2=O,0
O=C1NCc2cc(OCc3cncc(Cl)n3)ccc21,0
O=C1CCC(N2Cc3ccc(C(=O)N4CCC5(CC4)CC5)cc3C2=O)C(=O)N1,0
N#CN1CCCC(c2cccc(-n3cc(C(=O)NC4CCC(=O)NC4=O)ccc3=O)c2)C1,1
N#CN1CCCC(c2cc3c(c(-c4ccc5c(c4)CN(C4CCC(=O)NC4=O)C5=O)c2)OCCC3)C1,1
O=C1CCC(N2Cc3ccc(Nc4ncnc5[nH]ccc45)cc3C2=O)C(=O)N1,0
N#CN1CCCC(c2ccc3cncc(-c4cn(C5CCC(=O)NC5=O)nn4)c3c2)C1,1
N#CN1CCC(c2cc3c(c(-c4cccc5c4CN(C4CCC(=O)NC4=O)C5=O)c2)CCC3=O)C1,1
CC(C)Cc1ccc2cc(C(=O)NC3CCC(=O)NC3=O)[nH]c2c1,0
Cc1c(C(=O)NC2CCC(=O)NC2=O)[nH]c2cc(F)cc(F)c12,0
CCC1(NC(=O)c2cc3c(C)cc(Br)cc3[nH]2)CCC(=O)NC1=O,0
O=C1CCC(NC(=O)c2cc3c(S(=O)(=O)F)cccc3[nH]2)C(=O)N1,1
Cc1c(C(=O)NC2CCC(=O)NC2=O)[nH]c2ccc(C(C)C)cc12,0
O=C1CCC(NC(=O)c2cc3ccc(S(=O)(=O)F)cc3[nH]2)C(=O)N1,1
COc1cccc2cc(C(=O)NC3CCC(=O)NC3=O)[nH]c12,0
COc1cc(C)c2[nH]c(C(=O)NC3CCC(=O)NC3=O)cc2c1Br,0
COc1ccc2cc(C(=O)NC3CCC(=O)NC3=O)n(C)c2c1,0
O=C1CCC(NC(=O)c2cc3cc(F)cc(F)c3[nH]2)C(=O)N1,0
COc1ccc2[nH]c(C(=O)NC3CCC(=O)NC3=O)cc2c1OC(F)F,0
CCOc1cc2cc(C(=O)NC3CCC(=O)NC3=O)[nH]c2cc1OC,0
O=C1CCC(NC(=O)c2cc3cccc(S(=O)(=O)F)c3[nH]2)C(=O)N1,1
Cc1c(C(=O)NC2CCC(=O)NC2=O)[nH]c2c(Cl)cccc12,0
O=C1CCC(NC(=O)c2cc3ccccc3[nH]2)C(=O)N1,0
O=C1CCC(N2C(=O)c3ccc(NC(=O)c4cnccn4)cc3C2=O)C(=O)N1,0
O=C1CCC(NC(=O)c2cncc(-c3ccc4c(c3)CCO4)c2)C(=O)N1,0
N#CN1CCC(c2cccc(-c3cn[nH]c3C(=O)NC3CCC(=O)NC3=O)c2)C1,1
COc1ccccc1Nc1nccc(Nc2cccc3c2CN(C2CCC(=O)NC2=O)C3=O)n1,0
N#CN1CCCC(c2ccnc(-n3cncc3C(=O)NC3CCC(=O)NC3=O)c2)C1,1
O=C1CCC(N2Cc3ccc(-c4nccnc4S(=O)(=O)F)cc3C2=O)C(=O)N1,1
O=C1CCC(N2Cc3ccc(-c4cncc(OS(=O)(=O)F)n4)cc3C2=O)C(=O)N1,1
O=C1CCC(N2Cc3ccc(-c4cnc(OS(=O)(=O)F)cn4)cc3C2=O)C(=O)N1,1
O=C1CCC(N2Cc3ccc(-c4cncc(S(=O)(=O)F)n4)cc3C2=O)C(=O)N1,1
O=C1CCC(N2Cc3c(cc(-c4cnccn4)cc3S(=O)(=O)F)C2=O)C(=O)N1,1
CC(C)Oc1cncc(-c2ccc3c(c2)C(=O)N(C2CCC(=O)NC2=O)C3)n1,0
O=C1CCC(N2Cc3cc(S(=O)(=O)F)c(-c4cnccn4)cc3C2=O)C(=O)N1,1
O=C1CCC(NC(=O)c2cc(=O)n3ccsc3n2)C(=O)N1,0
O=C1CCC(NC(=O)c2cc(=O)n3c(S(=O)(=O)F)csc3n2)C(=O)N1,1
O=C1CCC(N2Cc3c(C(=O)NCC4CCCCNC4)cccc3C2=O)C(=O)N1,0
O=C1CCC(NC(=O)c2ccccc2S(=O)(=O)N2CCCC2)C(=O)N1,0
Cn1nc(C(=O)Nc2ccc(C3CCC(=O)NC3=O)cc2)c2c1CCCC2O,0
COc1ccnc(NCc2ccc3c(c2)C(=O)N(C2CCC(=O)NC2=O)C3)n1,0
N#CN1CCC(c2ccn(Cc3cn(C4CCC(=O)NC4=O)nn3)c2)C1,1
N#CN1CCCC(c2cnc(-c3ccc4c(c3)CN(C3CCC(=O)NC3=O)C4=O)nc2)C1,1
O=C1CCC(NC(=O)c2ccc(S(=O)(=O)F)c3c2OCO3)C(=O)N1,1
O=C1CCC(NC(=O)c2c(Br)ccc3c2OCO3)C(=O)N1,0
O=C1CCC(NC(=O)c2cc(S(=O)(=O)F)cc3c2OCO3)C(=O)N1,1
Nc1cc2c(c(C(=O)NC3CCC(=O)NC3=O)c1)OC(F)(F)O2,0
Cc1cc(Nc2cccc(C3CCC(=O)NC3=O)c2)nc(-c2cccc(F)c2)n1,0
CCCS(=O)(=O)Nc1ccccc1C(=O)OC1CCC(=O)NC1=O,0
COc1cc(NC(=O)C(C)C)c(C(=O)OC2CCC(=O)NC2=O)cc1OC,0
N#CN1CCC(c2cn[nH]c2-c2ccc3c(c2)C(=O)N(C2CCC(=O)NC2=O)C3)CC1,1
COc1ccc2c(c1)C(C(=O)Nc1ccc(C3CCC(=O)NC3=O)cc1)CCN2,0
Cn1nc(C(=O)Nc2cccc(C3CC(=O)NC(=O)C3)c2)cc1O,0
Cc1cncc(CC(=O)NCc2cc(C(=O)NC3CCC(=O)NC3=O)n(C)n2)c1,0
N#CN1CCC(c2cn[nH]c2-c2ccc3c(c2)C(=O)N(C2CCC(=O)NC2=O)C3)C1,1
O=C1CCC(c2ccccn2)C(=O)N1,0
O=C1CCC(N2Cc3c(NC4=NC(N5CCCC5CO)NC=C4)cccc3C2=O)C(=O)N1,0
O=C1CCC(NC(=O)c2ccc3c(n2)NCC(=O)N3)C(=O)N1,0
O=C1CCC(N2C(=O)c3ccc(NC(=O)c4cn5ccccc5n4)cc3C2=O)C(=O)N1,0
O=C1CCC(NC(=O)c2onc(-c3ccccc3)c2C(F)(F)F)C(=O)N1,0
CC(C)C(CO)Nc1nccc(Nc2cccc3c2CN(C2CCC(=O)NC2=O)C3=O)n1,0
N#CN1CCCC(c2ccc3c(c2)N(c2ccc(C(=O)NC4CCC(=O)NC4=O)cc2)CCC3)C1,1
O=C1CCC(Nc2ccc(NC(=O)c3csc4c(O)ccnc34)cc2)C(=O)N1,0
O=C1CCC(N2Cc3cc(-c4ccc5c(c4)NC(=O)OC5)ccc3C2=O)C(=O)N1,0
O=C1CCC(NC(=O)c2ccc(S(=O)(=O)N3CCOCC3)cc2)C(=O)N1,0
O=C(CCCn1cncn1)NCc1cc(C(=O)NC2CCC(=O)NC2=O)ccn1,0
O=C1CCC(N2CCc3c(cccc3S(=O)(=O)F)C2)C(=O)N1,1
O=C1CCC(N2CCc3c(Cl)cccc3C2)C(=O)N1,0
O=C1CCC(NC(=O)c2[nH]nc(C3CC3)c2Cl)C(=O)N1,0
N#CN1CCCC(c2cc(-c3cncc(C(=O)NC4CCC(=O)NC4=O)c3)cc3c2OCC3)C1,1
O=C1CCC(NC(=O)c2cc3c(c(S(=O)(=O)F)c2)S(=O)(=O)C=C3)C(=O)N1,1
O=C1CCC(NC(=O)c2ccc3c(c2)C=CS3(=O)=O)C(=O)N1,0
N#CN1CCCC(c2ccc3c(CNC4CCC(=O)NC4=O)cccc3c2)C1,1
CC1CCCC(Nc2cccc(C3CC(=O)NC(=O)C3)c2)C1,0
O=C1CC(c2cccc(NC3CCCCC3)c2)CC(=O)N1,0
CN(Cc1ccco1)C(=O)NCC(=O)Nc1ccc(C2CCC(=O)NC2=O)cc1,0
CCn1ccc(C(=O)Nc2ccc(C3CC(=O)NC(=O)C3)cc2)c1C,0
Cc1cc(=O)c(C(=O)NC2CCC(=O)NC2=O)nn1-c1ccccc1F,0
Cc1cc(=O)c(C(=O)NC2CCC(=O)NC2=O)nn1-c1ccc(Cl)cc1,0
Cc1cc(=O)c(C(=O)NC2CCC(=O)NC2=O)nn1-c1ccccc1Cl,0
O=C1CCC(NC(=O)c2nn(-c3cccc(F)c3)ccc2=O)C(=O)N1,0
O=C1CCC(NC(=O)c2nn(-c3cccc(S(=O)(=O)F)c3)ccc2=O)C(=O)N1,1
O=C1CCC(c2ccc(NC(=O)c3conc3C3CCNC3)cc2)C(=O)N1,0
Cc1cc(C)c(Nc2nnc(SC3CCC(=O)NC3=O)s2)c(Cl)c1,0
O=C1CCC(NC(=O)c2cscc2C2CCCC2)C(=O)N1,0
O=C1CCC(N2CCc3cc(N4CCCCC4)ccc32)C(=O)N1,0
N#CN1CCC(c2ccccc2C(=O)Nc2ccc3c(c2)CN(C2CCC(=O)NC2=O)C3=O)CC1,1
O=C1CCC(NC(=O)c2cncc(-n3ccnc3)n2)C(=O)N1,0
COc1ccc2ncc(C(=O)Nc3cccc(C4CCC(=O)NC4=O)c3)n2n1,0
CC1(c2ccc(Cl)c(Cl)c2)CC(=O)N(C2CC(=O)NC2=O)C1=O,0
O=C1CCC(N2Cc3c(C(=O)NCCC4CCCN4)cccc3C2=O)C(=O)N1,0
O=C1CCC(NC(=O)c2ccc(S(=O)(=O)N3CCCC3)cc2)C(=O)N1,0
O=C1CCC(N2CCCc3c(N4CCCCC4)cccc32)C(=O)N1,0
CC(C)n1ccnc1C(=O)NC1CCC(=O)NC1=O,0
CCc1cnc(C(=O)NC2CCC(=O)NC2=O)[nH]1,0
CCn1cc(C(=O)C(=O)Nc2ccc(C3(CC)CCC(=O)NC3=O)cc2)cn1,0
O=C1CCC(Nc2nc3ccccc3n3cncc23)C(=O)N1,0
O=C1CCC(Nc2nc3cc(S(=O)(=O)F)ccc3n3cncc23)C(=O)N1,1
O=C1CCC(Nc2nc3ccccc3n3c(S(=O)(=O)F)ncc23)C(=O)N1,1
CN(C)c1cc(C(=O)NC2CCC(=O)NC2=O)nnc1C1CC1,0
COc1ccc(C2CC(=O)NC(=O)C2)cc1Br,0
O=C1CC(c2ccc(Cl)c(Cl)c2)CC(=O)N1,0
O=C1CC(c2ccc(Cl)cc2)CC(=O)N1,0
O=C1CC(c2ccccc2)CC(=O)N1,0
CCCCC(C)C(=O)Nc1cccc(C2CC(=O)NC(=O)C2)c1,0
Nc1ccc(C2CC(=O)NC(=O)C2)cc1,0
C=C(C)CS(=O)(=O)Nc1ccc(C2CC(=O)NC(=O)C2)cc1,0
O=C1CC(c2c(Cl)cccc2Cl)CC(=O)N1,0
Nc1cccc(C2CC(=O)NC(=O)C2)c1,0
O=C1CC(c2cccc(Cl)c2Cl)CC(=O)N1,0
O=C1CC(c2ccc(Cl)cc2Br)CC(=O)N1,0
O=C1CC(c2cccc(Cl)c2)CC(=O)N1,0
O=C1CC(c2ccc(Br)cc2)CC(=O)N1,0
O=C1CC(c2cccc(NC(=O)C(F)(F)C(F)F)c2)CC(=O)N1,0
CCSCCNc1cccc(C2CC(=O)NC(=O)C2)c1,0
O=C1CC(c2ccc(Br)cc2F)CC(=O)N1,0
O=C1CC(c2ccc(F)cc2Cl)CC(=O)N1,0
N#CN1CCCC(c2cn(-c3cncc(C(=O)NC4CCC(=O)NC4=O)c3)nn2)C1,1
N#CN1CCCC(c2ccc(-c3ccoc3C(=O)NC3CCC(=O)NC3=O)cc2)C1,1
O=C1CCC(N2C(=O)c3ccc(NC(=O)c4ncccc4F)cc3C2=O)C(=O)N1,0
O=C1CCC(N2Cc3cc(-c4cccc(-n5cccn5)c4)ccc3C2=O)C(=O)N1,0
CC1(C(=O)Nc2cccc(C3CCC(=O)NC3=O)c2)Oc2ccccc2NC1=O,0
CCCc1[nH]ncc1C(=O)N1Cc2[nH]nc(C(=O)NC3CCC(=O)NC3=O)c2C1,0
O=C1CCC(NC(=O)c2ccc(C3CCOC3)s2)C(=O)N1,0
O=C1CCC(NC(=O)c2nc(S(=O)(=O)F)n3ccsc23)C(=O)N1,1
O=C1CCC(NC(=O)c2nc(Br)n3ccsc23)C(=O)N1,0
O=C1CCC(NC(=O)c2ncn3c(S(=O)(=O)F)csc23)C(=O)N1,1
O=C1CCC(NC(=O)c2ncn3cc(S(=O)(=O)F)sc23)C(=O)N1,1
O=C1CCC(NC(=O)c2ncn3cc(Br)sc23)C(=O)N1,0
N#CN1CCC(c2cccc(-c3csc(C(=O)NC4CCC(=O)NC4=O)n3)c2)C1,1
O=C(NCCc1cnc2ccccc2c1)c1ccc2c(c1)C(=O)NC2=O,0
N#CN1CCC(c2cncnc2Nc2cccc3c2CN(C2CCC(=O)NC2=O)C3=O)C1,1
Cc1cn2cc(C(=O)Nc3ccc(NC4CCC(=O)NC4=O)cc3)cc2c(C)n1,0
O=C1CCC(NC(=O)c2[nH]cnc2-c2ccccc2)C(=O)N1,0
Cn1cnc(-c2ccc(F)cc2)c1C(=O)NC1CCC(=O)NC1=O,0
Cc1c(C(=O)NC2CCC(=O)NC2=O)nn(C)c1C1CC1,0
O=C1CCC(N2Cc3cc(CNC(=O)c4coc5ccccc45)ccc3C2=O)C(=O)N1,0
O=C1CCC(N2Cc3cc(NC(=O)N4CC5(CCCC5)C4)ccc3C2=O)C(=O)N1,0
O=C1CCC(n2cc(-c3cnc(Cl)nc3)nn2)C(=O)N1,0
N#CN1CCCC(c2ccc(-c3cc(C(=O)NC4CCC(=O)NC4=O)on3)cc2)C1,1
Cc1cccc(OC2CCC(=O)NC2=O)c1,0
COc1cc(OC2CCC(=O)NC2=O)cc(S(=O)(=O)F)c1,1
Cc1ccc(OC2CC(C)C(=O)NC2=O)cc1OS(=O)(=O)F,1
COc1ccc(OC2CCC(=O)NC2=O)cc1OS(=O)(=O)F,1
COc1ccc(OC2CCC(=O)NC2=O)cc1,0
O=C1CCC(Oc2cccc(S(=O)(=O)F)c2)C(=O)N1,1
O=C1CCC(Oc2ccccc2)C(=O)N1,0
COc1ccc(OC2CCC(=O)NC2=O)cc1S(=O)(=O)F,1
Cc1ccc(OC2CCC(=O)NC2=O)cc1,0
O=C1CCC(Oc2cccc(OS(=O)(=O)F)c2)C(=O)N1,1
Cc1cc(OC2CCC(=O)NC2=O)cc(S(=O)(=O)F)c1,1
Cc1ccc(OC2CC(C)C(=O)NC2=O)cc1,0
Nc1ccc(OC2CCC(=O)NC2=O)cc1,0
Cc1cc(OC2CCC(=O)NC2=O)cc(OS(=O)(=O)F)c1,1
CC(=O)c1cc(Br)cc(F)c1OC1CCC(=O)NC1=O,0
Cc1ccc(OC2CCC(=O)NC2=O)cc1S(=O)(=O)F,1
COc1cccc(OC2CCC(=O)NC2=O)c1,0
COc1cc(OC2CCC(=O)NC2=O)cc(OS(=O)(=O)F)c1,1
N#CN1CCC(c2cc(-c3ccc4c(c3)CN(C3CCC(=O)NC3=O)C4=O)nc3c2NCCC3)C1,1
COc1ccc2c(CC(=O)Nc3ccc4c(c3)CN(C3CCC(=O)NC3=O)C4=O)cccc2c1,0
O=C1CCC(N2Cc3cc(NC(=O)Cc4cccc5ccccc45)ccc3C2=O)C(=O)N1,0
COc1ccc2cccc(CC(=O)Nc3ccc4c(c3)CN(C3CCC(=O)NC3=O)C4=O)c2c1,0
O=C1CCC(NC(=O)c2c[nH]c(=O)n(-c3ccccc3)c2=O)C(=O)N1,0
N#CN1CCCC(c2ccc3sc(C(=O)NC4CCC(=O)NC4=O)nc3c2)C1,1
O=C1CCC(Nc2ccc3ccc(S(=O)(=O)F)cc3n2)C(=O)N1,1
O=C1CCC(Nc2ccc3c(S(=O)(=O)F)cccc3n2)C(=O)N1,1
CN(c1cc(C#N)c2cc(Cl)ccc2n1)C1CCC(=O)NC1=O,0
O=C1CCC(Nc2cc(S(=O)(=O)F)c3ccccc3n2)C(=O)N1,1
CN(c1nc2c(F)cccc2cc1Br)C1CCC(=O)NC1=O,0
O=C1CCC(Nc2nc3ccccc3cc2Br)C(=O)N1,0
O=C1CCC(Nc2ccc3cccc(S(=O)(=O)F)c3n2)C(=O)N1,1
N#CN1CCC(c2ccccc2NC(=O)c2cccc3c2CN(C2CCC(=O)NC2=O)C3=O)C1,1
N#CN1CCCC(c2cccc(-c3ccc(C(=O)NC4CCC(=O)NC4=O)s3)c2)C1,1
O=C1CCC(NC(=O)c2cc(S(=O)(=O)F)cc3cccnc23)C(=O)N1,1
O=C1CCC(NC(=O)c2cccc3cc(S(=O)(=O)F)cnc23)C(=O)N1,1
O=C1CCC(NC(=O)c2ccc(S(=O)(=O)F)c3cccnc23)C(=O)N1,1
O=C1CCC(NC(=O)c2cc(OS(=O)(=O)F)cc3cccnc23)C(=O)N1,1
Nc1ccc(C(=O)NC2CCC(=O)NC2=O)c2ncccc12,0
Cc1cnc2c(C(=O)NC3CCC(=O)NC3=O)c(Cl)ccc2c1,0
Nc1ccnc2c(C(=O)NC3CCC(=O)NC3=O)cccc12,0
O=C1CCC(NC(=O)c2cccc3c(S(=O)(=O)F)ccnc23)C(=O)N1,1
COc1c(Cl)cc(C(=O)NC2CCC(=O)NC2=O)c2ncccc12,0
O=C1CCC(N2C(=O)c3cccc(NCCOCCOCCOCc4ccccc4)c3C2=O)C(=O)N1,0
O=C1CCC(NC(=O)c2cccc3cc(OS(=O)(=O)F)oc23)C(=O)N1,1
O=C1CCC(NC(=O)c2ccc(S(=O)(=O)F)c3ccoc23)C(=O)N1,1
O=C1CCC(NC(=O)c2cccc3c(S(=O)(=O)F)coc23)C(=O)N1,1
O=C1CCC(NC(=O)c2cc(S(=O)(=O)F)cc3ccoc23)C(=O)N1,1
Cc1cc2c(Br)ccc(C(=O)NC3CCC(=O)NC3=O)c2o1,0
Cc1cc2cccc(C(=O)NC3CCC(=O)NC3=O)c2o1,0
O=C1CCC(N2Cc3c(cc(S(=O)(=O)F)cc3-c3ccsc3)C2=O)C(=O)N1,1
O=C1CCC(N2Cc3c(cccc3-c3csc(C(F)F)c3)C2=O)C(=O)N1,0
O=C1CCC(N2Cc3c(ccc(S(=O)(=O)F)c3-c3ccsc3)C2=O)C(=O)N1,1
O=C1CCC(N2Cc3c(cccc3-c3csc(CO)c3)C2=O)C(=O)N1,0
O=C1CCC(N2Cc3c(cccc3-c3ccsc3S(=O)(=O)F)C2=O)C(=O)N1,1
O=C1CCC(N2Cc3c(cccc3-c3ccsc3Cl)C2=O)C(=O)N1,0
O=C1CCC(N2Cc3c(cccc3-c3csc(OS(=O)(=O)F)c3)C2=O)C(=O)N1,1
O=C1CCN(c2cccc(-c3c(S(=O)(=O)F)[nH]c4ccccc34)c2)C(=O)N1,1
O=C1CCN(c2ccc(S(=O)(=O)F)c(-c3c[nH]c4ccccc34)c2)C(=O)N1,1
O=C1CCN(c2cccc(-c3c[nH]c4cccc(S(=O)(=O)F)c34)c2)C(=O)N1,1
O=C1CCN(c2cccc(-c3c(OS(=O)(=O)F)[nH]c4ccccc34)c2)C(=O)N1,1
O=C1CCN(c2cccc(-c3c[nH]c4c(S(=O)(=O)F)cccc34)c2)C(=O)N1,1
O=C1CCN(c2cccc(-c3c[nH]c4cc(OS(=O)(=O)F)ccc34)c2)C(=O)N1,1
O=C1CCN(c2cccc(-c3c[nH]c4ccc(OS(=O)(=O)F)cc34)c2)C(=O)N1,1
Cc1ccc(-c2cn(C)c3ccc(F)cc23)cc1N1CCC(=O)NC1=O,0
O=C1CCN(c2cccc(-c3c[nH]c4ccc(S(=O)(=O)F)cc34)c2)C(=O)N1,1
N#CN1CCC(c2ccc(-n3ccc(C(=O)NC4CCC(=O)NC4=O)n3)cc2)C1,1
N#CN1CCCC(c2nc(-c3cccc4c3CN(C3CCC(=O)NC3=O)C4=O)cs2)C1,1
N#CN1CCCC(c2cc(-c3ccc4c(c3)CN(C3CCC(=O)NC3=O)C4=O)ncn2)C1,1
CNC1CCCCC1N(C)c1ccc2c(c1)CN(C1CCC(=O)NC1=O)C2=O,0
N#CN1CCC(c2ccc(-n3cc(C(=O)NC4CCC(=O)NC4=O)cn3)nn2)C1,1
N#CN1CCC(c2nc(C3OCCO3)ccc2-c2ccc3c(c2)C(=O)N(C2CCC(=O)NC2=O)C3)C1,1
O=C1NCc2cc(CNc3nccc(Oc4ccccc4)n3)ccc21,0
O=C1CCC(N2Cc3cc(-c4cc5ccccc5nc4O)ccc3C2=O)C(=O)N1,0
O=C1CCC(N2Cc3cc(-c4cnc5ccccc5c4)ccc3C2=O)C(=O)N1,0
N#Cc1nc2ccccc2cc1-c1ccc2c(c1)CN(C1CCC(=O)NC1=O)C2=O,0
N#CN1CCC(c2cncc(-c3ccc(C(=O)NC4CCC(=O)NC4=O)cc3)c2)C1,1
N#CN1CCC(c2cccc(C(=O)Nc3ccc4c(c3)C(=O)N(C3CCC(=O)NC3=O)C4)n2)C1,1
CC1(C)CCCc2scc(C(=O)NC3CCC(=O)NC3=O)c21,0
CC1CCc2c(C(=O)NC3CCC(=O)NC3=O)csc2C1,0
CC1(C)CCc2c(C(=O)NC3CCC(=O)NC3=O)csc2C1,0
Cn1ncc(Cl)c1-c1cc(C(=O)NC2CCC(=O)NC2=O)on1,0
O=C1CCC(NC(=O)c2cc3c(c(S(=O)(=O)F)c2)CCCO3)C(=O)N1,1
CC1(C)CCc2ccc(C(=O)NC3CCC(=O)NC3=O)cc2O1,0
N#CN1CCCC(c2nc3n(c2-c2ccc4c(c2)CN(C2CCC(=O)NC2=O)C4=O)CCNC3)C1,1
Nc1ccccc1CNC(=O)c1ccc2c(c1)CN(C1CCC(=O)NC1=O)C2=O,0
Nc1ccc(CNC(=O)c2ccc3c(c2)CN(C2CCC(=O)NC2=O)C3=O)cc1,0
Nc1cccc(CNC(=O)c2ccc3c(c2)CN(C2CCC(=O)NC2=O)C3=O)c1,0
O=C1CCC(Nc2ccnn3cc(S(=O)(=O)F)nc23)C(=O)N1,1
O=C1CCC(Nc2cc(S(=O)(=O)F)nn3ccnc23)C(=O)N1,1
CCc1cn2nc(Cl)cc(N(C)C3CCC(=O)NC3=O)c2n1,0
Cc1cn2nc(Cl)cc(NC3CCC(=O)NC3=O)c2n1,0
COC(=O)c1nc(NC(=O)Cn2cnc3c(c2=O)CCC3)sc1CCc1ccccc1,0
N#CN1CCCC(c2nc(C(=O)Nc3ccc(C4CCC(=O)NC4=O)cc3)c[nH]2)C1,1
O=C1CCC(N2Cc3cc(NC(=O)N4CCOC4=O)ccc3C2=O)C(=O)N1,0
O=C1CCC(c2ccc(NC(=O)C3CCC(c4ncn[nH]4)CC3)cc2)C(=O)N1,0
CCC1(c2ccc(NC(=O)CCl)cc2)CCC(=O)NC1=O,1
CCC1(c2ccc(N)cc2)CCC(=O)NC1=O,0
C=CC(=O)Nc1ccc(C2(CC)CCC(=O)NC2=O)cc1,1
Nc1ccc(C2CCC(=O)NC2=O)cc1,0
CCC1(c2ccc(NC(C)=O)cc2)CCC(=O)NC1=O,0
COc1cccc(C2CCC(=O)NC2=O)c1,0
NCCCCCNC(=O)C(=O)Nc1cccc(C2CCC(=O)NC2=O)c1,0
CCC1(c2ccc(NC(=O)CN(C)C(=O)OC)cc2)CCC(=O)NC1=O,0
CCC1(c2ccc(NC(=O)C(C)(C)C(=O)O)cc2)CCC(=O)NC1=O,0
O=C1CCC(c2ccc(S(=O)(=O)F)cc2)C(=O)N1,1
COc1ccc(C2CCC(=O)NC2=O)cc1,0
Nc1cccc(C2CCC(=O)NC2=O)c1,0
O=C1CCC(c2ccc(OS(=O)(=O)F)cc2)C(=O)N1,0
CCCCOc1ccc(C2CCC(=O)NC2=O)cc1,0
O=C1CCC(c2cccc(OS(=O)(=O)F)c2)C(=O)N1,0
CCC(=O)NCC(=O)Nc1ccc(C2(CC)CCC(=O)NC2=O)cc1,0
O=C1CCC(c2ccccc2)C(=O)N1,0
Cc1cc(-c2ccc3c(c2)CN(C2CCC(=O)NC2=O)C3=O)cc2cn(C)nc12,0
CN1C(=O)CCC(NCc2cccc3ccccc23)C1=O,0
Cc1cccc2oc(C(=O)Nc3ccc(C4CCC(=O)NC4=O)cc3)nc12,0
O=C1CCC(N2Cc3c(cccc3-c3cccc4c3CNC4)C2=O)C(=O)N1,0
O=C1CCC(N2Cc3c(cccc3-c3cc(OS(=O)(=O)F)cc4c3CNC4)C2=O)C(=O)N1,1
O=C1CCC(N2Cc3c(cccc3-c3ccc(OS(=O)(=O)F)c4c3CNC4)C2=O)C(=O)N1,1
COc1ccccc1OCC(=O)Nc1cccc(-c2nc3ccccc3c(=O)o2)c1,0
N#CN1CCC(c2cc3oc(-c4cccc(N5CCC(=O)NC5=O)c4)cc3cn2)CC1,1
N#CN1CCC(c2cc(-c3cccc4c3CN(C3CCC(=O)NC3=O)C4=O)cc3c2CNCC3)CC1,1
Cc1ccc(C(=O)NC2CCC(=O)NC2=O)cc1-c1cnn(C)c1,0
N#CN1CCCC(c2ccc(=O)n(Cc3cn(C4CCC(=O)NC4=O)nn3)c2)C1,1
O=C1CCC(NC(=O)c2nc(S(=O)(=O)F)co2)C(=O)N1,1
O=C1CCC(NC(=O)c2ncco2)C(=O)N1,0
O=C1CCC(NC(=O)c2ncc(S(=O)(=O)F)o2)C(=O)N1,1
O=C1CCN(c2ccc(-c3ccn(C4CC4(F)F)n3)cc2)C(=O)N1,0
O=C1CCC(N2Cc3c(NC4=NC(NCCCC5CCC(=O)N5)NC=C4)cccc3C2=O)C(=O)N1,0
CCC1(c2ccc(NC(=O)C3(C(=O)O)CC4(CCC4)C3)cc2)CCC(=O)NC1=O,0
CN1CC(=O)NC1=O,0
O=C1CNC(=O)N1,0
NN1CC(=O)NC1=O,0
N#CN1CCCC(c2cccc(-c3cc(C(=O)NC4CCC(=O)NC4=O)n[nH]3)c2)C1,1
N#CN1CCC(c2csc(C(=O)Nc3cccc4c3CN(C3CCC(=O)NC3=O)C4=O)c2)C1,1
O=C1CCC(c2ccc(NC(=O)C(O)c3cccc4c3OCC4)cc2)C(=O)N1,0
N#CN1CCC(c2ccc(=O)n3c2CCC3C(=O)Nc2ccc(C3CCC(=O)NC3=O)cc2)CC1,1
N#CN1CCC(c2cc(Nc3ccc(C4CCC(=O)NC4=O)cc3)ncn2)C1,1
N#CN1CCC(c2ccnn2-c2ccnc(C(=O)NC3CCC(=O)NC3=O)n2)C1,1
CN(c1ncnc2c1CN(Cc1ccccc1)CC2)C1CCC(=O)NC1=O,0
O=C1CCC(N2Cc3cc(C(=O)N4CC=CC4)ccc3C2=O)C(=O)N1,0
O=C1CCC(NC(=O)c2c(Br)cnn2C2CCC2)C(=O)N1,0
Cc1cc(C(=O)NC2CCC(=O)NC2=O)c(NC(=O)C2CCCO2)s1,0
CN(c1nc2c([nH]c1=O)CCCC2)C1CCC(=O)NC1=O,0
O=C1CCC(NC(=O)c2cc(F)cnc2NC2CC(F)(F)C2)C(=O)N1,0
N#CN1CCCC(c2cccc3c2C(C(=O)Nc2ccc(C4CCC(=O)NC4=O)cc2)CCC3)C1,1
Cc1c(-c2ccccc2)oc2c(C(=O)NC3CCC(=O)NC3=O)cccc2c1=O,0
O=C1CCC(N2C(=O)c3cccc(OCC(=O)NC4CC4)c3C2=O)C(=O)N1,0
Cn1nc(C2CCC(=O)NC2=O)c2ccc(N)cc21,0
Cn1nc(C2CCC(=O)NC2=O)c2cccc(N)c21,0
Cn1nc(C2CCC(=O)NC2=O)c2cc(N)ccc21,0
Cn1nc(C2CCC(=O)NC2=O)c2ccccc21,0
O=C1CCC(c2n[nH]c3cc(OS(=O)(=O)F)ccc23)C(=O)N1,1
O=C1CCC(NC(=O)c2cn3c(O)nnc3cn2)C(=O)N1,0
N#CN1CCCC(c2ccc3c(C(=O)NC4CCC(=O)NC4=O)nccc3c2)C1,1
Cn1c(C(=O)NC2CCC(=O)NC2=O)c2n(c1=O)CCCC2,0
CCOC(C(=O)Nc1cccc(NC2CCC(=O)NC2=O)c1)C1CCOCC1,0
O=C1CC(c2cccc(NC(=O)c3cc(F)cc4[nH]nnc34)c2)CC(=O)N1,0
O=C1CCC(N2C(=O)c3ccc(C(=O)NCc4ccc[nH]4)cc3C2=O)C(=O)N1,0
O=C1CCC(N2Cc3c(ccc4c3OCC43CCCN(Cc4ccccc4)CC3)C2=O)C(=O)N1,0
CCc1ncncc1C(=O)NC1CCC(=O)NC1=O,0
O=C1CCC(NC(=O)c2cncnc2)C(=O)N1,0
NCc1ncc(C(=O)NC2CCC(=O)NC2=O)c(C(F)(F)F)n1,0
CC(C)c1ncncc1C(=O)NC1CCC(=O)NC1=O,0
COCc1[nH]nnc1C(=O)NC1CCC(=O)NC1=O,0
Cn1cc(C(=O)NC2CCC(=O)NC2=O)nn1,0
O=C1CCC(NC(=O)c2cn(C(F)(F)CO)nn2)C(=O)N1,0
CC(C)n1nnc(C(=O)NC2CCC(=O)NC2=O)c1C(F)(F)F,0
O=C1CCC(NC(=O)c2cc(-c3ccccc3)c(N3CCOCC3)s2)C(=O)N1,0
N#CN1CCCC(c2cc(-c3ccc4c(c3)CN(C3CCC(=O)NC3=O)C4=O)sn2)C1,1
CON=C(C(=O)NCc1ccc2c(c1)CN(C1CCC(=O)NC1=O)C2=O)c1ccc(F)cc1,0
Cc1cc2cc(-c3cccc4c3CN(C3CCC(=O)NC3=O)C4=O)ccc2cn1,0
O=C1CCC(NC(=O)c2cc3c(=O)cc[nH]c3s2)C(=O)N1,0
COc1ccccc1-n1nccc1C(=O)NC1CCC(=O)NC1=O,0
Cc1ccc(-n2nc(Br)cc2C(=O)NC2CCC(=O)NC2=O)cc1,0
O=C1CCC(NC(=O)c2ccnn2-c2cccc(Br)c2)C(=O)N1,0
CCCc1cc(C(=O)NC2CCC(=O)NC2=O)n(-c2ccccc2)n1,0
O=C1CCC(N2Cc3cc(NCc4cccc5ccccc45)ccc3C2=O)C(=O)N1,0
O=C1CCC(c2cccc(OCc3ccc(CN4CCOCC4)cc3)c2)C(=O)N1,0
O=C1CCC(NC(=O)c2ncc3cccc(S(=O)(=O)F)c3n2)C(=O)N1,1
O=C1CCC(NC(=O)c2ncc3ccc(S(=O)(=O)F)cc3n2)C(=O)N1,1
O=C1CCC(NC(=O)c2ncc3cc(Br)ccc3n2)C(=O)N1,0
Nc1nc(C(=O)NC2CCC(=O)NC2=O)nc2ccccc12,0
O=C1CCC(NC(=O)c2ncc3c(S(=O)(=O)F)cccc3n2)C(=O)N1,1
O=C1CCC(NC(=O)c2ncc3cccc(OS(=O)(=O)F)c3n2)C(=O)N1,1
O=C1CCC(NC(=O)c2ncc3ccc(OS(=O)(=O)F)cc3n2)C(=O)N1,1
O=C1CCC(n2cc(-c3cccs3)nn2)C(=O)N1,0
O=C1CCC(n2cc(-c3sccc3S(=O)(=O)F)nn2)C(=O)N1,1
O=C1CCC(NC(=O)c2ncn3c(S(=O)(=O)F)cccc23)C(=O)N1,1
CCc1nc(C(=O)NC2CCC(=O)NC2=O)c2ccccn12,0
O=C1CCC(NC(=O)c2nc(S(=O)(=O)F)n3ccccc23)C(=O)N1,1
O=C1CCC(NC(=O)c2ncn3cc(S(=O)(=O)F)ccc23)C(=O)N1,1
O=C1CCC(NC(=O)c2ncn3ccc(OS(=O)(=O)F)cc23)C(=O)N1,1
O=C1CCC(NC(=O)c2cc3ccc(S(=O)(=O)F)nc3[nH]2)C(=O)N1,1
O=C1CCC(NC(=O)c2cc3cc(Cl)cnc3[nH]2)C(=O)N1,0
O=C1CCC(NC(=O)c2cc3c(S(=O)(=O)F)ccnc3[nH]2)C(=O)N1,1
O=C1CCC(NC(=O)c2cnn3ccc(=O)[nH]c23)C(=O)N1,0
CC(Cc1ccccc1)C(=O)Nc1ccc(C2CC(=O)NC(=O)C2)cc1,0
N#CN1CCC(c2ccccc2-c2csc(C(=O)NC3CCC(=O)NC3=O)n2)C1,1
O=C1CCC(NC(=O)c2snc3ccc(Br)cc23)C(=O)N1,0
O=C1CCC(NC(=O)c2snc3cc(S(=O)(=O)F)ccc23)C(=O)N1,1
O=C1CCC(NC(=O)c2snc3ccc(S(=O)(=O)F)cc23)C(=O)N1,1
O=C1CCC(NC(=O)c2snc3ccc(OS(=O)(=O)F)cc23)C(=O)N1,1
O=C1CCC(NC(=O)c2snc3c(S(=O)(=O)F)cccc23)C(=O)N1,1
O=C1CCC(N2Cc3c(cccc3-c3cc4c(s3)C(=O)NCC4)C2=O)C(=O)N1,0
COc1ccc(C(=O)NC2CCC(=O)NC2=O)cc1OC1CCN(C)CC1,0
O=C1CCC(NC(=O)c2ccnc3cc(OS(=O)(=O)F)nn23)C(=O)N1,1
O=C1CCC(NC(=O)c2ccnc3c(S(=O)(=O)F)cnn23)C(=O)N1,1
Cc1cc(C(=O)NC2CCC(=O)NC2=O)n2nc(C(F)(F)F)cc2n1,0
Cn1nc(C2CCC(=O)NC2=O)c2ccc(NC(=O)NC3C=CCC3)cc21,0
O=C1CCC(N2Cc3cc(NC(=O)c4cnc5ccccn45)ccc3C2=O)C(=O)N1,0
N#CN1CCC(c2ccnc(NC(=O)c3cccc4c3CN(C3CCC(=O)NC3=O)C4=O)c2)C1,1
COc1cccc(C=CC(=O)NC2CCC(=O)NC2=O)c1,1
N#CN1CCCC(c2ccc(-c3ccc(C(=O)NC4CCC(=O)NC4=O)s3)cc2)C1,1
COc1c(Cl)nc2ccnn2c1Nc1ccc(C2CCC(=O)NC2=O)cc1,0
O=C1CCC(NC(=O)c2cc3c(c(S(=O)(=O)F)c2)OCCCO3)C(=O)N1,1
O=C1CCC(NC(=O)c2cc(Cl)c3c(c2)OCCCO3)C(=O)N1,0
O=C1CCC(Nc2cc(Br)n[nH]c2=O)C(=O)N1,0
COc1cn(-c2cccc(C(F)(F)F)c2)nc1C(=O)NC1CCC(=O)NC1=O,0
COCCOc1cn(-c2ccccc2)nc1C(=O)NC1CCC(=O)NC1=O,0
CCCOc1cn(-c2ccccc2)nc1C(=O)NC1CCC(=O)NC1=O,0
O=C1CCC(NC(=O)c2ccn(-c3ccccc3)n2)C(=O)N1,0
Cc1cc(C(=O)NC2CCC(=O)NC2=O)nn1-c1ccc(S(C)(=O)=O)cc1,0
CC(C)c1cc(C(=O)NC2CCC(=O)NC2=O)nn1-c1ccccc1F,0
CC(C)Cc1cc(C(=O)NC2CCC(=O)NC2=O)nn1-c1ccccc1,0
Cc1cccc(-n2cc(O)c(C(=O)NC3CCC(=O)NC3=O)n2)c1C,0
O=C1CCC(NC(=O)c2ccn(-c3ccccc3C(F)(F)F)n2)C(=O)N1,0
N#CN1CCC(c2cccc(NC(=O)c3cccc4c3CN(C3CCC(=O)NC3=O)C4=O)n2)C1,1
N#CN1CCCC(c2cccc(-n3cncc3C(=O)NC3CCC(=O)NC3=O)c2)C1,1
O=C1CCC(N2Cc3ccc(C(=O)Nc4c[nH]nc4C(=O)O)cc3C2=O)C(=O)N1,0
N#CN1CCCC(c2ncsc2-c2ccc3c(c2)CN(C2CCC(=O)NC2=O)C3=O)C1,1
O=C1CCC(N2C(=O)c3ccc(OCc4cc(C5CC5)no4)cc3C2=O)C(=O)N1,0
N#CN1CCC(c2occc2-c2ccc3c(c2)C(=O)N(C2CCC(=O)NC2=O)C3)C1,1
NC1CCN(C(=O)c2cnc(-c3ccc4c(c3)C(=O)NC4)cn2)CC1,0
O=C1CCC(c2ccc(NC(=O)C34CC(CO)(CN3)C4)cc2)C(=O)N1,0
N#CN1CCC(c2ccoc2C(=O)Nc2ccc3c(c2)C(=O)N(C2CCC(=O)NC2=O)C3)C1,1
O=C1CCC(N2Cc3c(Nc4ccnc(Nc5ccc6c(c5)CCC6)n4)cccc3C2=O)C(=O)N1,0
N#CN1CCCC(c2cnn(-c3ccccc3C(=O)NC3CCC(=O)NC3=O)n2)C1,1
N#CN1CCCC(c2[nH]ncc2-c2cccc(C(=O)NC3CCC(=O)NC3=O)c2)C1,1
N#CN1CCC(c2cc(-c3ccc4c(c3)CN(C3CCC(=O)NC3=O)C4=O)n(C3CC3)n2)C1,1
N#CN1CCCC(c2cc(-c3ccc4c(c3)C(=O)N(C3CCC(=O)NC3=O)C4)[nH]n2)C1,1
N#CN1CCC(c2nc3c(c(-c4ccc5c(c4)CN(C4CCC(=O)NC4=O)C5=O)n2)CCCC3)C1,1
CN(c1ccccc1)C1N=C(Nc2cccc3c2CN(C2CCC(=O)NC2=O)C3=O)C=CN1,0
COc1ccc(NC2N=C(Nc3cccc4c3CN(C3CCC(=O)NC3=O)C4=O)C=CN2)cc1,0
O=C1CCC(N2Cc3c(NC4=NC(Nc5ccccc5F)NC=C4)cccc3C2=O)C(=O)N1,0
Cc1cc(C)c(NC2N=C(Nc3cccc4c3CN(C3CCC(=O)NC3=O)C4=O)C=CN2)c(C)c1,0
CC(C(=O)Nc1cccc(C2CCC(=O)NC2=O)c1)n1cnc2c(N)ncnc21,0
N#CN1CCC(c2ocnc2-c2ccc3c(c2)CN(C2CCC(=O)NC2=O)C3=O)CC1,1
N#CN1CCC(c2ncsc2C(=O)Nc2ccc(C3CCC(=O)NC3=O)cc2)C1,1
O=C1CCC(NC(=O)c2oc(C(F)(F)F)nc2C2CC2)C(=O)N1,0
N#CN1CCCC(c2ccc3c(c2)C(C(=O)Nc2ccc(C4CCC(=O)NC4=O)cc2)CC3)C1,1
O=C1CCC(N2Cc3cc(-c4coc(-c5ccccc5)n4)ccc3C2=O)C(=O)N1,0
O=C1CCC(N2Cc3cc(NS(=O)(=O)c4ccc(-n5ccnn5)cc4)ccc3C2=O)C(=O)N1,0
N#CN1CCCC(c2cc(-c3cccc4c3CN(C3CCC(=O)NC3=O)C4=O)cc3c2C(=O)CC3)C1,1
Cc1ccc(NC(=O)CCc2ccc3c(c2)C(=O)N(C2CCC(=O)NC2=O)C3=O)cc1Cl,0
N#CN1CCCC(c2ccc3c(c2)OC(C(=O)Nc2ccc(C4CCC(=O)NC4=O)cc2)=CO3)C1,1
N#CN1CCC(c2coc(C(=O)Nc3ccc4c(c3)C(=O)N(C3CCC(=O)NC3=O)C4)c2)C1,1
COc1ccsc1C(=O)NCc1ocnc1C(=O)NC1CCC(=O)NC1=O,0
N#CN1CCC(c2ccsc2-c2ccc3c(c2)CN(C2CCC(=O)NC2=O)C3=O)CC1,1
O=C1CCC(N2Cc3c(C(=O)N4CCC4)cccc3C2=O)C(=O)N1,0
O=C1CCC(N2Cc3c(C(=O)N4CC(F)C4)cccc3C2=O)C(=O)N1,0
CN(C)C1CN(C(=O)c2cccc3c2CN(C2CCC(=O)NC2=O)C3=O)C1,0
CC1CN(C(=O)c2cccc3c2CN(C2CCC(=O)NC2=O)C3=O)C1,0
O=C1CCC(N2Cc3c(ccc(S(=O)(=O)F)c3C(=O)N3CCC3)C2=O)C(=O)N1,1
O=C1CCC(N2Cc3c(C(=O)N4CCC4)cc(S(=O)(=O)F)cc3C2=O)C(=O)N1,1
CCC1(c2ccc(NC(=O)CN3CC=CC3)cc2)CCC(=O)NC1=O,0
N#CN1CCC(c2cc(-c3ccc4c(c3)C(=O)N(C3CCC(=O)NC3=O)C4)[nH]n2)C1,1
O=C1CCC(N2Cc3cc(-c4ccc(OS(=O)(=O)F)nc4)ccc3C2=O)C(=O)N1,1
O=C1CCC(N2Cc3cc(-c4ccc(C(F)(F)F)nc4)ccc3C2=O)C(=O)N1,0
O=C1CCC(N2Cc3cc(-c4cncc(C(F)(F)F)c4)ccc3C2=O)C(=O)N1,0
Cc1cncc(-c2ccc3c(c2)CN(C2CCC(=O)NC2=O)C3=O)c1,0
O=C1CCC(N2Cc3cc(-c4cnccc4OS(=O)(=O)F)ccc3C2=O)C(=O)N1,1
O=C1CCC(N2Cc3cc(-c4cncc(OS(=O)(=O)F)c4)ccc3C2=O)C(=O)N1,1
COC(=O)Cc1ncccc1-c1ccc2c(c1)CN(C1CCC(=O)NC1=O)C2=O,0
O=C1CCC(N2Cc3cc(-c4cccnc4S(=O)(=O)F)ccc3C2=O)C(=O)N1,1
O=C1CCC(N2Cc3cc(-c4cccnc4)c(S(=O)(=O)F)cc3C2=O)C(=O)N1,1
CNc1ncccc1-c1ccc2c(c1)CN(C1CCC(=O)NC1=O)C2=O,0
O=C1CCC(N2Cc3cc(-c4cnccc4S(=O)(=O)F)ccc3C2=O)C(=O)N1,1
O=C1CCC(N2Cc3cc(-c4cncc(S(=O)(=O)F)c4)ccc3C2=O)C(=O)N1,1
N#CN1CCC(c2cc(C(=O)Nc3ccc(C4CCC(=O)NC4=O)cc3)cc(=O)[nH]2)C1,1
C=CC(=O)NC1c2ccccc2CC1NC(=O)c1cccc2c1C(=O)NC2,1
O=C(CCl)NC1c2ccccc2CC1NC(=O)c1cccc2c1C(=O)NC2,1
N#CN1CCCC(c2ccc3ncc(C(=O)NC4CCC(=O)NC4=O)cc3c2)C1,1
CCc1nonc1C(=O)NC1CCC(=O)NC1=O,0
O=C1CCC(NC(=O)c2[nH]nnc2-c2cccs2)C(=O)N1,0
N#CN1CCC(c2cncnc2Nc2ccc3c(c2)C(=O)N(C2CCC(=O)NC2=O)C3)C1,1
N#CN1CCC(c2cc(-c3ncc(C(=O)NC4CCC(=O)NC4=O)s3)ccn2)CC1,1
O=C1CCC(NC(=O)c2ccnc(C3COCCN3)n2)C(=O)N1,0
N#CN1CCC(c2ncoc2C(=O)Nc2ccc(C3CCC(=O)NC3=O)cc2)C1,1
N#CN1CCC(c2ccc(-c3cccc(C(=O)NC4CCC(=O)NC4=O)c3)cc2)C1,1
N#CN1CCCC(c2ncoc2-c2cccc(C(=O)NC3CCC(=O)NC3=O)c2)C1,1
N#CN1CCC(c2ccc(-c3nc(C(=O)NC4CCC(=O)NC4=O)c[nH]3)cc2)C1,1
O=C1CCC(NC(=O)c2c[nH]c(=O)c3cncn23)C(=O)N1,0
CC1CCN(C(=O)CNc2cccc3c2CN(C2CCC(=O)NC2=O)C3=O)C1,0
CC1CCCN1C(=O)CNc1cccc2c1CN(C1CCC(=O)NC1=O)C2=O,0
CC1(C)CCN(C(=O)CNc2cccc3c2CN(C2CCC(=O)NC2=O)C3=O)C1,0
O=C1CCC(NC(=O)c2c(C(F)F)nc3cnccn23)C(=O)N1,0
O=C1CCC(NC(=O)c2cnc3c(S(=O)(=O)F)nccn23)C(=O)N1,1
O=C1CCC(NC(=O)c2cnc3cnc(OS(=O)(=O)F)cn23)C(=O)N1,1
N#CN1CCC(c2cccc3c2OCC(NC(=O)c2cccc(N4CCC(=O)NC4=O)c2)C3)C1,1
Cc1nc(C(=O)Nc2cccc(C3CC(=O)NC(=O)C3)c2)c(C)o1,0
N#CN1CCCC(c2ccccc2C(=O)Nc2ccc(C3CCC(=O)NC3=O)cc2)C1,1
N#CN1CCCC(c2cnnn2-c2ccc3c(c2)CN(C2CCC(=O)NC2=O)C3=O)C1,1
N#CC1(c2cccc(-c3ccc(N4CCC(=O)NC4=O)cc3)c2F)CC1,0
Cc1cc(N(C)C2CCC(=O)NC2=O)n2ncc(-c3ccccc3)c2n1,0
CC(C(=O)Nc1ccc2c(c1)C(=O)N(C1CCC(=O)NC1=O)C2)C1CC1,0
C=CC(=O)N1CCCc2c(C(=O)Nc3ccc4c(c3)C(=O)NC4)cccc21,1
N#CN1CCCC(c2cn[nH]c2-c2ccc3c(c2)C(=O)N(C2CCC(=O)NC2=O)C3)C1,1
O=C1CCC(N2Cc3cc(-c4cnc(OS(=O)(=O)F)s4)ccc3C2=O)C(=O)N1,1
CCOC(=O)c1ncc(-c2ccc3c(c2)CN(C2CCC(=O)NC2=O)C3=O)s1,0
O=C1CCC(N2Cc3cc(-c4scnc4S(=O)(=O)F)ccc3C2=O)C(=O)N1,1
O=C1CCC(N2Cc3cc(-c4cncs4)c(S(=O)(=O)F)cc3C2=O)C(=O)N1,1
N#CN1CCC(c2cc3c(cc2-c2cccc4c2CN(C2CCC(=O)NC2=O)C4=O)CCN3)CC1,1
Cc1ccc(NC(=O)CCCOc2cccc3c2CN(C2CCC(=O)NC2=O)C3=O)cc1Cl,0
NC1CC(c2cccc(-c3cccc4c3CN(C3CCC(=O)NC3=O)C4=O)c2)C1,0
O=C1CCC(N2Cc3cc(S(=O)(=O)F)c(-n4ccnn4)cc3C2=O)C(=O)N1,1
CCCCc1cn(-c2ccc3c(c2)C(=O)N(C2CCC(=O)NC2=O)C3)nn1,0
O=C1CCC(N2Cc3ccc(-n4ccnn4)cc3C2=O)C(=O)N1,0
CC(C)(C)Cc1cn(-c2ccc3c(c2)C(=O)N(C2CCC(=O)NC2=O)C3)nn1,0
O=C1CCC(N2Cc3ccc(-n4cc(OS(=O)(=O)F)nn4)cc3C2=O)C(=O)N1,1
CNCc1cn(-c2ccc3c(c2)C(=O)N(C2CCC(=O)NC2=O)C3)nn1,0
CSCc1cn(-c2ccc3c(c2)C(=O)N(C2CCC(=O)NC2=O)C3)nn1,0
NCCc1cn(-c2ccc3c(c2)C(=O)N(C2CCC(=O)NC2=O)C3)nn1,0
O=C1CCC(N2Cc3ccc(-n4nncc4S(=O)(=O)F)cc3C2=O)C(=O)N1,1
O=C1CCC(N2Cc3ccc(-n4cc(C(=O)O)nn4)cc3C2=O)C(=O)N1,0
CONC(=O)c1cn(-c2ccc3c(c2)C(=O)N(C2CCC(=O)NC2=O)C3)nn1,0
CN(C)Cc1cn(-c2ccc3c(c2)C(=O)N(C2CCC(=O)NC2=O)C3)nn1,0
CCC1(c2ccc(NC(=O)Cn3nc(C)cc3C)cc2)CCC(=O)NC1=O,0
O=C1CCC(NC(=O)c2ccc(S(=O)(=O)N3CCCCCC3)cc2)C(=O)N1,0
CC(C)c1ccccc1OCC(O)CNc1ccnc2c1C(=O)NC2,0
N#CN1CCC(c2ccc3c(c2)C(C(=O)Nc2ccc4c(c2)C(=O)N(C2CCC(=O)NC2=O)C4)C3)C1,1
O=C1CCC(NC(=O)c2cc(=O)c3cc(F)cc(F)c3[nH]2)C(=O)N1,0
Cn1c(C(=O)NC2CCC(=O)NC2=O)cc(=O)c2ccccc21,0
CN(c1ccc2ncnn2n1)C1CCC(=O)NC1=O,0
O=C1CCC(Nc2ccc3nc(S(=O)(=O)F)nn3n2)C(=O)N1,1
O=C1CCC(NC(=O)c2cnn3cc[nH]c(=O)c23)C(=O)N1,0
N#CN1CCC(c2cc3c(cc2C(=O)Nc2cccc(C4CCC(=O)NC4=O)c2)CCCC3)C1,1
N#CN1CCCC(c2cccc(NC(=O)c3ccc4c(c3)CN(C3CCC(=O)NC3=O)C4=O)c2)C1,1
O=C1CCC(NC(=O)c2cnoc2C2CCC2)C(=O)N1,0
O=C1CCC(N2C(=O)c3cccc(-c4cc5ccccc5s4)c3C2=O)C(=O)N1,0
N#CN1CCCC(c2cc(C(=O)Nc3ccc(C4CCC(=O)NC4=O)cc3)cc3c2CCC3)C1,1
O=C1CCC(NC(=O)c2nc3[nH]c(-c4ccccc4)cc(=O)n3n2)C(=O)N1,0
O=C1CCC(NC(=O)c2[nH]nc3cc(OC(F)(F)F)ccc23)C(=O)N1,0
O=C1CCC(NC(=O)c2[nH]nc3c(S(=O)(=O)F)cccc23)C(=O)N1,1
O=C1CCC(NC(=O)c2[nH]nc3ccc(S(=O)(=O)F)cc23)C(=O)N1,1
O=C1CCC(NC(=O)c2[nH]nc3cc(S(=O)(=O)F)ccc23)C(=O)N1,1
Cn1nc2ccc(Br)cc2c1C(=O)NC1CCC(=O)NC1=O,0
CCc1cc(C(=O)NC2CCC(=O)NC2=O)c(C)nn1,0
O=C1CCC(NC(=O)c2cnnc(S(=O)(=O)F)c2)C(=O)N1,1
CNc1cnncc1C(=O)NC1CCC(=O)NC1=O,0
COc1cnnc(OC)c1C(=O)NC1CCC(=O)NC1=O,0
O=C1CCC(N2Cc3c(ccc4c3OCC43CCN(Cc4ccsc4)CC3)C2=O)C(=O)N1,0
CN1CCOC(C(=O)Nc2ccc(NC3CCC(=O)NC3=O)cc2)C1=O,0
O=C1CCC(OC(=O)c2cccc(Oc3ccc(Cl)cc3)n2)C(=O)N1,0
O=C1CCC(N2Cc3ccc(S(=O)(=O)n4nccn4)cc3C2=O)C(=O)N1,1
N#CN1CCCC(c2cccc(-c3cccc(C(=O)NC4CCC(=O)NC4=O)c3)c2)C1,1
N#CN1CCCC(c2ccn(-c3cccc(C(=O)NC4CCC(=O)NC4=O)n3)n2)C1,1
Cc1cc(NCCCc2ccc3c(n2)NCCC3)cc(N2CCC(=O)NC2=O)c1,0
N#CN1CCCC(c2ccc(-n3ccc(=O)c(C(=O)NC4CCC(=O)NC4=O)n3)cc2)C1,1
CCC1(c2ccc(NC(=O)C34CC3C4)cc2)CCC(=O)NC1=O,1
O=C1NC(=O)C2(Nc3ccccc3)CC1C2,0
N#Cc1cc(F)c(NC23CC(C2)C(=O)NC3=O)cc1Br,0
O=C1NC(=O)C2(Nc3ccc([N+](=O)[O-])c(C(F)(F)F)c3)CC1C2,0
O=C1NC(=O)C2(Nc3ccc(S(=O)(=O)F)cc3)CC1C2,1
O=C1CCC(NC(=O)c2nc(-c3cccc(S(=O)(=O)F)c3)n3c2COCC3)C(=O)N1,1
O=C1CCC(NC(=O)c2nc(-c3ccccc3)n3c2COCC3)C(=O)N1,0
N#CN1CCCC(c2n[nH]c3c2C2CCCC(C3)N2C(=O)c2cccc(N3CCC(=O)NC3=O)c2)C1,1
O=C1CCC(NC(=O)c2occc2CNC(=O)c2cccc3cncn23)C(=O)N1,0
N#CN1CCCC(c2cccc(-c3cscc3C(=O)NC3CCC(=O)NC3=O)c2)C1,1
O=C1CCC(NC(=O)c2cc3cc(Br)sc3[nH]2)C(=O)N1,0
O=C1CCC(NC(=O)c2cc3c(S(=O)(=O)F)csc3[nH]2)C(=O)N1,1
N#CN1CCC(c2ccnc(-n3cc(C(=O)NC4CCC(=O)NC4=O)cn3)c2)C1,1
N#CN1CCC(c2cccc(-c3ccoc3C(=O)NC3CCC(=O)NC3=O)c2)C1,1
O=C1CCC(N2Cc3c(NCC(=O)NC4CCC4)cccc3C2=O)C(=O)N1,0
O=C1CCC(NC(=O)c2cnc(-c3cnccn3)s2)C(=O)N1,0
N#CN1CCC(c2cnccc2-c2ccc(C(=O)NC3CCC(=O)NC3=O)s2)C1,1
O=C1CCC(N2Cc3ccc(-c4ccc(C5OCCO5)nc4)cc3C2=O)C(=O)N1,0
C=CC(=O)N(Cc1csc(C2CC2)n1)c1ccc2c(c1)C(=O)NC2,1
O=C1CCC(N2Cc3cc(CNC(=O)C4CNc5ccccc5C4)ccc3C2=O)C(=O)N1,0
N#CN1CCCC(c2ncnc(Nc3cccc(C4CCC(=O)NC4=O)c3)n2)C1,1
O=C1CCC(c2ccc(NC(=O)Cc3nsc4ccccc34)cc2)C(=O)N1,0
N#CN1CCC(c2ccnc(-n3cncc3C(=O)NC3CCC(=O)NC3=O)c2)C1,1
O=C1CC(NC(=O)Cc2ccccc2)C(=O)N1,0
CCCOc1ccc(C(=O)NC2CCC(=O)NC2=O)c(OC2CCCC2)c1,0
COc1cc(C)nc(Cn2cc(C(=O)NC3CCC(=O)NC3=O)nn2)c1,0
CC(Cn1cccn1)C(=O)N1Cc2[nH]nc(C(=O)NC3CCC(=O)NC3=O)c2C1,0
O=C1CCC(NC(=O)c2cc(OS(=O)(=O)F)cc3snnc23)C(=O)N1,1
O=C1CCC(NC(=O)c2ccc(S(=O)(=O)F)c3snnc23)C(=O)N1,1
O=C1CCC(NC(=O)c2cc(S(=O)(=O)F)cc3snnc23)C(=O)N1,1
O=C1CCC(NC(=O)c2cccc3snnc23)C(=O)N1,0
CCN1CCCC1CNc1ncccc1C(=O)NC1CCC(=O)NC1=O,0
O=C1CCC(NC(=O)c2cc3c(cc2Br)NC(=O)CO3)C(=O)N1,0
O=C1CCC(NC(=O)c2n[nH]c3c2Cc2c(Br)cccc2-3)C(=O)N1,0
O=C1CCC(N2C(=O)c3ccc(N4CC5(COC5)C4)cc3C2=O)C(=O)N1,0
O=C1CCC(N2C(=O)c3cc(F)c(N4CC5(COC5)C4)cc3C2=O)C(=O)N1,0
N#CN1CCCC(c2cnc3n2CC(NC(=O)c2ccc(N4CCC(=O)NC4=O)cc2)CNC3)C1,1
CC(C)(C)c1nc(-c2ccc3c(c2)C(=O)NC3)c2c(N)nccn12,0
N#CN1CCCC(c2ccccc2-n2cnc(C(=O)NC3CCC(=O)NC3=O)n2)C1,1
N#CN1CCC(c2cccc(-c3nccc(C(=O)NC4CCC(=O)NC4=O)n3)c2)CC1,1
O=C(C=Cc1ccccc1)NC1CC(=O)NC1=O,0
CC(=O)N1CCn2ncc(-c3cccc4c3CN(C3CCC(=O)NC3=O)C4=O)c21,0
Nc1n[nH]c2c(CN3CCC(F)CC3)cc(-c3ccc4c(c3)CN(C3CCC(=O)NC3=O)C4=O)nc12,0
N#CN1CCC(c2cncc(C(=O)Nc3ccc(C4CCC(=O)NC4=O)cc3)c2)C1,1
O=C1CCC(n2cc(C3CCOCC3)nn2)C(=O)N1,0
N#CN1CCCC(c2cc(-c3ccc(C(=O)NC4CCC(=O)NC4=O)cn3)ccn2)C1,1
N#CN1CCC(c2ccccc2-c2ccc(C(=O)NC3CCC(=O)NC3=O)s2)CC1,1
N#CN1CCCC(c2cccc(-c3ccc4c(c3)CN(C3CCC(=O)NC3=O)C4=O)c2)C1,1
O=C1CCC(N2Cc3c(cccc3-c3ccc4c(c3)CCC4=O)C2=O)C(=O)N1,0
O=C1CCC(N2Cc3c(cccc3-c3cc4c(c(OS(=O)(=O)F)c3)C(=O)CC4)C2=O)C(=O)N1,1
Cc1oc(C(=O)NC2CCC(=O)NC2=O)cc1CN1C(=O)c2ccccc2C1=O,0
Cc1nc(COc2ccc(F)cc2)sc1C(=O)NC1CCC(=O)NC1=O,0
N#CN1CCC(c2cccc(-c3cc(NC4CCC(=O)NC4=O)ncn3)c2)C1,1
O=C1CCC(N2Cc3cc(NCc4cccc(OCc5ccccc5)c4)ccc3C2=O)C(=O)N1,0
O=c1ccn(C2OC(CO)C(O)C2O)c(=O)[nH]1,0
O=c1ccn(C2CC(O)C(CO)O2)c(=O)[nH]1,0
O=c1ccn(C2OC(COP(=O)(O)O)C(O)C2O)c(=O)[nH]1,0
O=C1CCC(NC(=O)c2cc3scc(S(=O)(=O)F)c3[nH]2)C(=O)N1,1
O=C1CCC(NC(=O)c2cc3sccc3n2CC(F)(F)F)C(=O)N1,0
Cc1cc2[nH]c(C(=O)NC3CCC(=O)NC3=O)cc2s1,0
O=C1CCC(NC(=O)c2cc3scc(Cl)c3[nH]2)C(=O)N1,0
O=C1CCC(NC(=O)c2ncnc3c2CCC3)C(=O)N1,0
O=C1CCC(NC(=O)c2nc(OS(=O)(=O)F)nc3c2CCC3)C(=O)N1,1
O=C1CCC(NC(=O)c2cnn3nc(S(=O)(=O)F)ccc23)C(=O)N1,1
O=C1CCC(NC(=O)c2cnn3ncc(OS(=O)(=O)F)cc23)C(=O)N1,1
Cc1nn2ncccc2c1C(=O)NC1CCC(=O)NC1=O,0
O=C1CCC(NC(=O)c2cc(F)c(Oc3ccccc3)c(F)c2)C(=O)N1,0
CC(C)c1ccccc1Oc1ccc(C(=O)NC2CCC(=O)NC2=O)cc1,0
CC(C)(C)c1ccc(Oc2ccc(C(=O)NC3CCC(=O)NC3=O)cc2F)cc1,0
N#CN1CCC(c2ccn(-c3ccnc(C(=O)NC4CCC(=O)NC4=O)n3)n2)C1,1
N#CN1CCC(c2cn(-c3cncc(C(=O)NC4CCC(=O)NC4=O)n3)cn2)C1,1
O=C1CCC(NC(=O)c2ccc3c(c2)C(=O)Nc2ccccc2O3)C(=O)N1,0
C=CCN1C(=O)c2ccc(C(=O)NC3CCC(=O)NC3=O)cc2C1=O,0
COCCCN1C(=O)c2ccc(C(=O)NC3CCC(=O)NC3=O)cc2C1=O,0
O=C1CC(c2cccc(NC(=O)Cc3n[nH]c4ccccc34)c2)CC(=O)N1,0
O=C1CCC(N2Cc3c(C#CCCCOc4ccccc4)cccc3C2=O)C(=O)N1,0
O=Cc1ccc(OCCCC#Cc2cccc3c2CN(C2CCC(=O)NC2=O)C3=O)cc1,0
Cc1oc(C2CCOCC2)nc1C(=O)NC1CCC(=O)NC1=O,0
O=C1CCC(NC(=O)c2cn(Cc3ccccc3)nc2-c2cccnc2)C(=O)N1,0
N#CN1CCC(c2ccc(-c3cn(C4CCC(=O)NC4=O)nn3)c3ncccc23)C1,1
O=C1CCN(c2ccc(NCc3ccnn3C3CCCC3)cc2)C(=O)N1,0
NCC1CCC(NC(=O)c2ccc3c(c2)C(=O)N(C2CCC(=O)NC2=O)C3)CC1,0
CN(C(=O)c1ccc2c(c1)C(=O)N(C1CCC(=O)NC1=O)C2)C1CCCCC1,0
N#CN1CCC(c2cccc(-c3nc(C(=O)NC4CCC(=O)NC4=O)c[nH]3)c2)C1,1
O=C1CCC(N2Cc3ccc(NC(=O)c4cn5ccccc5n4)cc3C2=O)C(=O)N1,0
N#CN1CCC(c2ncoc2-c2cccc(C(=O)NC3CCC(=O)NC3=O)c2)C1,1
N#CN1CCCC(c2ccc(-c3ncc(C(=O)NC4CCC(=O)NC4=O)[nH]3)cc2)C1,1
N#CN1CCC(c2cccc(-c3ccc4c(c3)C(=O)N(C3CCC(=O)NC3=O)C4)c2)C1,1
O=C1CCC(Nc2cccc(NC(=O)C3OCCn4ccnc43)c2)C(=O)N1,0
N#CN1CCCC(c2ccc(-c3csc(C(=O)NC4CCC(=O)NC4=O)n3)cc2)C1,1
O=C1CCC(N2Cc3c(C(=O)N4CCCCC4C(=O)O)cccc3C2=O)C(=O)N1,0
NCCC1CCCCN1C(=O)c1cccc2c1CN(C1CCC(=O)NC1=O)C2=O,0
O=C1CCC(N2Cc3c(C(=O)N4CCCC(C(=O)O)C4)cccc3C2=O)C(=O)N1,0
O=C1CCC(N2Cc3cc(NCCc4ccc5ccccc5c4)ccc3C2=O)C(=O)N1,0
NC1CCCC(CNC(=O)c2cccc3c2CN(C2CCC(=O)NC2=O)C3=O)C1,0
O=C1CCC(NC(=O)c2cc(C(F)(F)F)cnc2N2CCOCC2)C(=O)N1,0
O=C1CCC(NC(=O)c2ccc(Cl)c(NC(=O)c3cccs3)c2)C(=O)N1,0
O=C(CCCc1c[nH]nn1)NCc1cn[nH]c1C(=O)NC1CCC(=O)NC1=O,0
N#CN1CCC(c2cnn(C3CC3)c2-c2ccc3c(c2)CN(C2CCC(=O)NC2=O)C3=O)CC1,1
CCc1cc(=O)[nH]c(-n2ncc(C(=O)NC3CCC(=O)NC3=O)c2C)n1,0
O=C1CN(c2ccnc(C(=O)NC3CCC(=O)NC3=O)c2)CCN1,0
CCC1(c2ccc(NC(=O)c3ccnc(C4CC4)n3)cc2)CCC(=O)NC1=O,0
CCC1(CC)CN(C(=O)c2ccc3c(c2)CN(C2CCC(=O)NC2=O)C3=O)C1,0
CC1CN(C(=O)c2ccc3c(c2)CN(C2CCC(=O)NC2=O)C3=O)C1,0
O=C1CCC(N2Cc3cc(C(=O)N4CCC4)ccc3C2=O)C(=O)N1,0
O=C1CCC(N2Cc3c(ccc(C(=O)N4CCC4)c3S(=O)(=O)F)C2=O)C(=O)N1,1
O=C1CCC(N2Cc3cc(C(=O)N4CC(OC(F)F)C4)ccc3C2=O)C(=O)N1,0
O=C1CCC(N2Cc3cc(C(=O)N4CCC4)c(S(=O)(=O)F)cc3C2=O)C(=O)N1,1
N#CN1CCC(c2cccc(-c3nocc3C(=O)NC3CCC(=O)NC3=O)c2)C1,1
CC(=O)NC(N)=O,0
N#CN1CCC(c2nc3n(c2-c2ccc4c(c2)CN(C2CCC(=O)NC2=O)C4=O)CCNC3)C1,1
N#CN1CCC(c2cccc(-c3nccc(C(=O)NC4CCC(=O)NC4=O)n3)c2)C1,1
N#CN1CCCC(c2ccncc2C(=O)Nc2ccc(C3CCC(=O)NC3=O)cc2)C1,1
Cn1c(Nc2ccc(C3CCC(=O)NC3=O)cc2)c(C#N)c(=O)n(C)c1=O,0
CC(Nc1ccc(C2CC(=O)NC(=O)C2)cc1)C1CCCC1,0
N#CN1CCC(c2cccc(-c3snnc3C(=O)NC3CCC(=O)NC3=O)c2)C1,1
O=C1CCC(N2Cc3cc(-c4cnn5ccc(NCc6ccccc6)nc45)ccc3C2=O)C(=O)N1,0
O=C1CCC(NC(=O)c2cc3cc(-c4ccccc4)ccc3[nH]2)C(=O)N1,0
N#CN1CCCC(c2cccc(-c3nc(C(=O)NC4CCC(=O)NC4=O)c4n3CCOC4)c2)C1,1
CN(C)c1n[nH]c2c(CN3CCCC3)cc(-c3ccc4c(c3)CN(C3CCC(=O)NC3=O)C4=O)nc12,0
Nc1n[nH]c2c(CN3CCC(F)C3)cc(-c3ccc4c(c3)CN(C3CCC(=O)NC3=O)C4=O)nc12,0
Cn1nc(N)c2nc(-c3ccc4c(c3)CN(C3CCC(=O)NC3=O)C4=O)cc(CN3CCCC3)c21,0
O=C1CCC(N2Cc3cc(-c4cc(CN5CCCC5)c5[nH]ncc5n4)ccc3C2=O)C(=O)N1,0
COc1n[nH]c2c(CN3CCCC3)cc(-c3ccc4c(c3)CN(C3CCC(=O)NC3=O)C4=O)nc12,0
Nc1n[nH]c2c(CN3CCC(O)C3)cc(-c3ccc4c(c3)CN(C3CCC(=O)NC3=O)C4=O)nc12,0
Nc1n[nH]c2c(CN3CCCC3)cc(-c3ccc4c(c3)CN(C3CCC(=O)NC3=O)C4=O)nc12,0
CCNc1n[nH]c2c(CN3CCCC3)cc(-c3ccc4c(c3)CN(C3CCC(=O)NC3=O)C4=O)nc12,0
CCn1nc(N)c2nc(-c3ccc4c(c3)CN(C3CCC(=O)NC3=O)C4=O)cc(CN3CCCC3)c21,0
CNc1n[nH]c2c(CN3CCCC3)cc(-c3ccc4c(c3)CN(C3CCC(=O)NC3=O)C4=O)nc12,0
O=C1CCC(N2Cc3ccc(S(=O)(=O)F)cc3C2=O)CN1,0
O=C1CCC(n2cc(-c3cncc4ccc(OS(=O)(=O)F)cc34)nn2)C(=O)N1,1
O=C1CCC(n2cc(-c3cnc(S(=O)(=O)F)c4ccccc34)nn2)C(=O)N1,1
O=C1CCC(n2cc(-c3cncc4ccc(S(=O)(=O)F)cc34)nn2)C(=O)N1,1
O=C1CCC(n2cc(-c3cncc4ccccc34)nn2)C(=O)N1,0
O=C1CCC(n2cc(-c3cncc4cc(S(=O)(=O)F)ccc34)nn2)C(=O)N1,1
O=C1CCC(n2cc(-c3c(S(=O)(=O)F)ncc4ccccc34)nn2)C(=O)N1,1
O=C1CCC(n2cc(-c3cncc4c(OS(=O)(=O)F)cccc34)nn2)C(=O)N1,1
O=C1CCC(n2cc(-c3cncc4cc(OS(=O)(=O)F)ccc34)nn2)C(=O)N1,1
Cc1ccc(NC(=O)CC(C)c2ccc3c(c2)C(=O)N(C2CCC(=O)NC2=O)C3)cc1Cl,0
Cc1ccc(NC(=O)C(C)Cc2ccc3c(c2)C(=O)N(C2CCC(=O)NC2=O)C3)cc1Cl,0
Cc1ccc(NC(=O)CCc2ccc3c(c2)C(=O)N(C2CCC(=O)NC2=O)C3)cc1Cl,0
O=C1CCC(Nc2ccc(NC(=O)Cc3ncn4c3COCC4)cc2)C(=O)N1,0
O=C1CCC(NC(=O)c2ccn3c(S(=O)(=O)F)nnc3c2)C(=O)N1,1
O=C1CCC(NC(=O)c2cc(S(=O)(=O)F)n3cnnc3c2)C(=O)N1,1
O=C1CCC(NC(=O)c2ccn3c(C(F)(F)F)nnc3c2)C(=O)N1,0
N#CN1CCC(c2cn3c(n2)CNCC(NC(=O)c2ccc(N4CCC(=O)NC4=O)cc2)C3)C1,1
N#CN1CCC(c2cc(=O)[nH]cc2-c2ccc3c(c2)C(=O)N(C2CCC(=O)NC2=O)C3)C1,1
N#CN1CCC(c2cnnn2-c2ccc3c(c2)CN(C2CCC(=O)NC2=O)C3=O)C1,1
O=C1CCC(n2cc(CCOc3ccccc3)nn2)C(=O)N1,0
O=C1CCC(NC(=O)c2c3c(n[nH]c2=O)CCCC3)C(=O)N1,0
O=C1CCC(Nc2ccc3nnc(-c4ccc(F)cc4)n3n2)C(=O)N1,0
N#CN1CCCC(c2cn3nccc(Nc4ccc(N5CCC(=O)NC5=O)cc4)c3n2)C1,1
Cc1ccc(S(=O)(=O)Nc2cccc3c2C(=O)N(C2CCC(=O)NC2=O)C3=O)cc1,0
N#CN1CCCC(c2cc3c(nc2-c2ccc4c(c2)CN(C2CCC(=O)NC2=O)C4=O)CCCN3)C1,1
CC1(NC(=O)c2cccc3c2CN(C2CCC(=O)NC2=O)C3=O)CCCNC1,0
O=C1CCC(NC(=O)c2cnc3c(c2)S(=O)(=O)N=CN3)C(=O)N1,0
O=C(CN1CCOCC1=O)NCc1occc1C(=O)NC1CCC(=O)NC1=O,0
CC(C(=O)Nc1ccc(C2CCC(=O)NC2=O)cc1)c1cnc2c(cnn2C)c1,0
O=C(NC1CCc2n[nH]c(=O)cc2C1)c1ccc2c(c1)C(=O)NC2,0
O=C1CCC(c2ccc(NC(=O)CC3(c4ccon4)CCNCC3)cc2)C(=O)N1,0
O=C(Nc1ccc(Oc2cccc(F)c2F)nc1)c1ccc2c(c1)CNC2=O,0
O=C1CCC(NC(=O)c2occc2CS(=O)(=O)c2ccccc2)C(=O)N1,0
N#CN1CCC(c2cccc(-c3cccc(C(=O)NC4CCC(=O)NC4=O)c3)c2)CC1,1
N#CN1CCC(c2cccc(-c3ncc(C(=O)NC4CCC(=O)NC4=O)s3)n2)C1,1
O=C1CCC(N2Cc3cc(-c4ncn[nH]4)c(S(=O)(=O)F)cc3C2=O)C(=O)N1,1
CCn1ncnc1-c1ccc2c(c1)CN(C1CCC(=O)NC1=O)C2=O,0
O=C1CCC(N2Cc3cc(-c4nc(OS(=O)(=O)F)n[nH]4)ccc3C2=O)C(=O)N1,1
O=C1CCC(N2Cc3c(ccc(-c4ncn[nH]4)c3S(=O)(=O)F)C2=O)C(=O)N1,1
N#CN1CCC(c2sccc2-c2cnc(C(=O)NC3CCC(=O)NC3=O)cn2)C1,1
O=C1NCc2c(NCc3ccc(OC4CCCC4)cc3)ccnc21,0
Cc1nc2c(C)cc(C(=O)Nc3ccc(C4CCC(=O)NC4=O)cc3)cn2n1,0
O=C1CCC(NC(=O)c2cnc3ccc(OS(=O)(=O)F)nn23)C(=O)N1,1
O=C1CCC(NC(=O)c2cnc3c(S(=O)(=O)F)ccnn23)C(=O)N1,1
O=C1CCC(NC(=O)c2cnc3cccnn23)C(=O)N1,0
O=C1CCC(NC(=O)c2cnc3ccc(S(=O)(=O)F)nn23)C(=O)N1,1
O=C1CCC(NC(=O)c2cnc3cc(S(=O)(=O)F)cnn23)C(=O)N1,1
N#CN1CCC(c2cccc(-c3ccc(C(=O)NC4CCC(=O)NC4=O)o3)c2)C1,1
Cc1ncc(F)c(N(C)C2CCC(=O)NC2=O)n1,0
CC(O)c1c(Cl)ncnc1N(C)C1CCC(=O)NC1=O,0
Cc1nc(C)c(F)c(NC2CCC(=O)N(C)C2=O)n1,0
O=C1CCC(Nc2cc(C(F)F)ncn2)C(=O)N1,0
CCc1c(Cl)nc(C(C)(C)C)nc1N(C)C1CCC(=O)NC1=O,0
CC(C)Cc1cc(NC2CCC(=O)NC2=O)ncn1,0
CCc1ncnc(N(C)C2CCC(=O)NC2=O)c1F,0
CCC(C)c1ncc(Br)c(N(C)C2CCC(=O)NC2=O)n1,0
COCc1cc(N(C)C2CCC(=O)NC2=O)nc(C(C)(C)C)n1,0
O=C1CCC(Nc2ncnc(C(F)(F)F)c2Br)C(=O)N1,0
CCc1ncnc(NC2CCC(=O)NC2=O)c1F,0
COCCOc1nc(C)cc(NC2CCC(=O)NC2=O)n1,0
N#Cc1ncc(F)c(NC2CCC(=O)NC2=O)n1,0
Cc1cc(N(C)C2CCC(=O)NC2=O)nc(C(C)S(C)(=O)=O)n1,0
COCc1cc(NC2CCC(=O)NC2=O)ncn1,0
O=C1CCC(NC(=O)c2cc(S(=O)(=O)F)c3ncccc3c2)C(=O)N1,1
O=C1CCC(NC(=O)c2ccc3ncccc3c2F)C(=O)N1,0
O=C1CCC(NC(=O)c2ccc3ncc(S(=O)(=O)F)cc3c2)C(=O)N1,1
O=C1CCC(NC(=O)c2ccc3nccc(OS(=O)(=O)F)c3c2)C(=O)N1,1
N#CN1CCC(c2nc3n(c2C(=O)Nc2ccc(C4CCC(=O)NC4=O)cc2)CCCC3)C1,1
CC1CCc2n[nH]cc2C1C(=O)Nc1cccc(C2CC(=O)NC(=O)C2)c1,0
N#CN1CCCC(c2ccc3c(=O)cc(C(=O)NC4CCC(=O)NC4=O)[nH]c3c2)C1,1
N#CN1CCC(c2ccc3c(c2)CC(NC(=O)c2cccc(N4CCC(=O)NC4=O)c2)CO3)C1,1
N#CN1CCCC(c2ccsc2-c2ccc(C(=O)NC3CCC(=O)NC3=O)cn2)C1,1
N#CN1CCC(c2c[nH]nc2-c2ccc3c(c2)CN(C2CCC(=O)NC2=O)C3=O)CC1,1
O=C1CCC(N2Cc3cccc(CNC(=O)Nc4ccccc4)c3C2=O)C(=O)N1,0
O=C1CCC(NC(=O)c2cnn(CC3CCCCO3)c2)C(=O)N1,0
N#CN1CCC(c2ccnc(-c3cccc4c3CN(C3CCC(=O)NC3=O)C4=O)c2)C1,1
Cn1nnc2cc(C(=O)NC3CCC(=O)NC3=O)cc(Br)c21,0
CN(CC(=O)Nc1cccc(C2CCC(=O)NC2=O)c1)c1ccc(C#N)cc1F,0
O=C1CCC(N2Cc3cc(-c4sncc4OS(=O)(=O)F)ccc3C2=O)C(=O)N1,1
O=C1CCC(N2Cc3cc(-c4cc(S(=O)(=O)F)ns4)ccc3C2=O)C(=O)N1,1
Cc1cc(-c2ccc3c(c2)CN(C2CCC(=O)NC2=O)C3=O)sn1,0
O=C1CCC(N2Cc3cc(-c4cc(OS(=O)(=O)F)ns4)ccc3C2=O)C(=O)N1,1
O=C1CCC(N2Cc3cc(-c4ccns4)c(S(=O)(=O)F)cc3C2=O)C(=O)N1,1
O=C1CCC(N2Cc3cc(-c4sncc4S(=O)(=O)F)ccc3C2=O)C(=O)N1,1
O=C1CCC(NC(=O)c2cc3cc(S(=O)(=O)F)ccc3s2)C(=O)N1,1
Cc1c(C(=O)NC2CCC(=O)NC2=O)sc2cc(F)ccc12,0
Cc1c(C(=O)NC2CCC(=O)NC2=O)sc2c(Br)cccc12,0
O=C1CCC(NC(=O)c2cc3c(S(=O)(=O)F)cccc3s2)C(=O)N1,1
O=C1CCC(NC(=O)c2cc3cccc(S(=O)(=O)F)c3s2)C(=O)N1,1
Cc1cc(C)c2c(Cl)c(C(=O)NC3CCC(=O)NC3=O)sc2c1,0
N#CN1CCCC(c2cncnc2-c2ccc3c(c2)CN(C2CCC(=O)NC2=O)C3=O)C1,1
O=C1CCC(NC(=O)c2cnc3ccoc3c2)C(=O)N1,0
COCc1cc(Nc2cccc(N3CCC(=O)NC3=O)c2C)n2ncnc2n1,0
O=C1CCC(N2C(=O)c3ccc(CNC(=O)Nc4ccccc4)cc3C2=O)C(=O)N1,0
O=C1CCC(N2C(=O)c3ccc(CNC(=O)Nc4ccc(Cl)cc4)cc3C2=O)C(=O)N1,0
O=C1CCC(N2C(=O)c3ccc(CNC(=O)Nc4cccc(Cl)c4)cc3C2=O)C(=O)N1,0
O=C1CCC(N2C(=O)c3ccc(CNC(=O)Nc4ccccc4Cl)cc3C2=O)C(=O)N1,0
N#Cc1cnc(NC2CCC(=O)NC2=O)c2sccc12,0
O=C1CCC(Nc2nccc3cc(S(=O)(=O)F)sc23)C(=O)N1,1
O=C1CCC(N2Cc3c(NC(=O)c4cc(S(=O)(=O)F)cs4)cccc3C2=O)C(=O)N1,1
COc1ccc(C(=O)Nc2cccc3c2CN(C2CCC(=O)NC2=O)C3=O)s1,0
O=C1CCC(N2Cc3c(NC(=O)c4ccc(F)s4)cccc3C2=O)C(=O)N1,0
O=C1CCC(N2Cc3c(NC(=O)c4sccc4S(=O)(=O)F)cccc3C2=O)C(=O)N1,1
O=C(CCC1CCCOC1)NCc1ccc(C(=O)NC2CCC(=O)NC2=O)o1,0
CCc1c(C(=O)Nc2cccc(C3CCC(=O)NC3=O)c2)ccc2c1CCCC2,0
O=C1CCC(NC(=O)c2cscc2-c2ccccc2)C(=O)N1,0
N#CN1CCC(c2ccccc2NC(=O)c2ccc3c(c2)C(=O)N(C2CCC(=O)NC2=O)C3)C1,1
Cc1ccc(C(=O)NCc2ccc(C(=O)NC3CCC(=O)NC3=O)o2)cc1C#N,0
Cn1c(=O)sc2cc(C(=O)NC3CCC(=O)NC3=O)sc21,0
O=C1CCC(NC(=O)c2ccnc3cc(S(=O)(=O)F)cnc23)C(=O)N1,1
O=C1CCC(NC(=O)c2ccnc3c(S(=O)(=O)F)ccnc23)C(=O)N1,1
O=C1CCC(NC(=O)c2cc(S(=O)(=O)F)nc3cccnc23)C(=O)N1,1
COc1ccc2nccc(C(=O)NC3CCC(=O)NC3=O)c2n1,0
Cc1c(C(=O)NC2CCC(=O)NC2=O)n[nH]c1-c1ccc(Cl)cc1,0
O=C1CCC(NC(=O)c2cc(-c3ccc(OC(F)(F)F)cc3)[nH]n2)C(=O)N1,0
COc1ccc(Cl)c(-c2cc(C(=O)NC3CCC(=O)NC3=O)nn2C)c1,0
N#CN1CCC(c2ccn(-c3cncc(-c4cccc(N5CCC(=O)NC5=O)c4)c3)n2)C1,1
N#CN1CCC(c2ccc(-c3ccsc3C(=O)NC3CCC(=O)NC3=O)cc2)C1,1
N#CN1CCCC(c2cncc(-c3ccc4c(c3)C(=O)N(C3CCC(=O)NC3=O)C4)n2)C1,1
Cc1oc(C(C)C)nc1C(=O)NC1CCC(=O)NC1=O,0
COc1oc(C)nc1C(=O)NC1CCC(=O)NC1=O,0
O=C1CCC(NC(=O)c2coc(OCC(F)(F)F)n2)C(=O)N1,0
CC1CNc2c(C(=O)NC3CCC(=O)NC3=O)cnn2C1,0
N#CN1CCCC(c2cnn(-c3cccc(C(=O)NC4CCC(=O)NC4=O)n3)c2)C1,1
O=C1CCC(NC(=O)c2ccc3ccc(S(=O)(=O)F)cc3c2)C(=O)N1,1
O=C1CCC(NC(=O)c2cc3cc(O)ccc3cc2O)C(=O)N1,0
O=C1CCC(NC(=O)c2cc(S(=O)(=O)F)c3ccccc3c2)C(=O)N1,1
O=C1CCC(NC(=O)c2ccc3cccc(S(=O)(=O)F)c3c2)C(=O)N1,1
O=C1CCC(NC(=O)c2ccc3cccc(OS(=O)(=O)F)c3c2)C(=O)N1,1
Nc1ccc2cc(C(=O)NC3CCC(=O)NC3=O)ccc2c1,0
O=C1CCC(NC(=O)c2ccc3ccccc3c2)C(=O)N1,0
O=C1CCC(NC(=O)c2ccc3c(S(=O)(=O)F)cccc3c2)C(=O)N1,1
O=C1CCC(Sc2nc3cc(S(=O)(=O)F)ccc3s2)C(=O)N1,1
O=C1CCC(Sc2nc3ccccc3s2)C(=O)N1,0
O=C1CCC(Sc2nc3c(S(=O)(=O)F)cccc3s2)C(=O)N1,1
O=C1CCC(Sc2nc3cccc(S(=O)(=O)F)c3s2)C(=O)N1,1
CN1CCN(Cc2ccc(C(=O)NC3CCC(=O)NC3=O)s2)CC1,0
N#CN1CCC(c2nnn3c2COC2CN(C(=O)c4ccc(N5CCC(=O)NC5=O)cc4)CC23)C1,1
CN(C(=O)c1ccc(N2CCC(=O)NC2=O)cc1)C12CCCC(CNC1)C2,0
O=C1NC(=O)c2cc(S(=O)(=O)N(CCO)c3ccccc3)ccc21,0
O=C1CCC(N2Cc3c(cc(-c4ccc(=O)[nH]c4)cc3S(=O)(=O)F)C2=O)C(=O)N1,1
O=C1CCC(N2Cc3ccc(-c4ccc(=O)[nH]c4OS(=O)(=O)F)cc3C2=O)C(=O)N1,1
O=C1CCC(N2Cc3cc(S(=O)(=O)F)c(-c4ccc(=O)[nH]c4)cc3C2=O)C(=O)N1,1
O=C1CCC(N2Cc3ccc(-c4c[nH]c(=O)c(S(=O)(=O)F)c4)cc3C2=O)C(=O)N1,1
Cn1cc(-c2ccc3c(c2)C(=O)N(C2CCC(=O)NC2=O)C3)ccc1=O,0
O=C1CCC(N2Cc3ccc(-c4ccc(=O)[nH]c4S(=O)(=O)F)cc3C2=O)C(=O)N1,1
O=C1CCC(N2Cc3ccc(-c4c[nH]c(=O)c(OS(=O)(=O)F)c4)cc3C2=O)C(=O)N1,1
O=C1CCC(N2Cc3ccc(-c4c[nH]c(=O)cc4OS(=O)(=O)F)cc3C2=O)C(=O)N1,1
O=C1CCC(N2Cc3ccc(-c4c[nH]c(=O)cc4S(=O)(=O)F)cc3C2=O)C(=O)N1,1
N#CN1CCCC(c2cnc3ccc(C(=O)NC4CCC(=O)NC4=O)cc3c2)C1,1
Cc1c(C(=O)NC2CCC(=O)NC2=O)cccc1N1CCC(=O)NC1=O,0
N#CN1CCC(c2nc(C(=O)Nc3ccc(C4CCC(=O)NC4=O)cc3)c[nH]2)C1,1
O=C1CCC(N2Cc3cc(-c4ccncc4S(=O)(=O)F)ccc3C2=O)C(=O)N1,1
O=C1CCC(N2Cc3cc(-c4ccnc(OS(=O)(=O)F)c4)ccc3C2=O)C(=O)N1,1
O=C1CCC(N2Cc3cc(-c4ccncc4)c(S(=O)(=O)F)cc3C2=O)C(=O)N1,1
O=C1CCC(N2Cc3cc(-c4ccnc(F)c4)ccc3C2=O)C(=O)N1,0
O=C1CCC(N2Cc3c(ccc(-c4ccncc4)c3S(=O)(=O)F)C2=O)C(=O)N1,1
N#Cc1cc(-c2ccc3c(c2)CN(C2CCC(=O)NC2=O)C3=O)ccn1,0
COc1cc(-c2ccc3c(c2)CN(C2CCC(=O)NC2=O)C3=O)ccn1,0
O=C1CCC(N2Cc3cc(-c4ccnc(S(=O)(=O)F)c4)ccc3C2=O)C(=O)N1,1
COC1(C(=O)Nc2cccc3c2CN(C2CCC(=O)NC2=O)C3=O)CCC1,0
O=C1CCC(Nc2ccc(NC(=O)C3CCc4snnc43)cc2)C(=O)N1,0
N#CN1CCC(c2cc3n(n2)CC(NC(=O)c2cccc(N4CCC(=O)NC4=O)c2)CO3)C1,1
CC1(C)CN(CCc2cn(C3CCC(=O)NC3=O)nn2)CCS1,0
N#CN1CCC(c2ccccc2-c2csc(C(=O)NC3CCC(=O)NC3=O)c2)C1,1
N#CN1CCCC(c2ncc3n2C(C(=O)Nc2ccc(C4CCC(=O)NC4=O)cc2)CCC3)C1,1
N#CN1CCCC(c2ccc(-c3ccc4c(c3)CN(C3CCC(=O)NC3=O)C4=O)cc2)C1,1
O=C1CCC(N2Cc3cc(NC(=O)c4ccc5c(c4)OCCO5)ccc3C2=O)C(=O)N1,0
O=C1NC(=O)c2cc(N3C(=O)CN(Cc4ccc(F)cc4)C3=O)ccc21,0
N#CN1CCC(c2ncc(-c3cccc(N4CCC(=O)NC4=O)c3)cc2-n2cccn2)C1,1
N#CN1CCC(c2nccc(Nc3ccc(C4CCC(=O)NC4=O)cc3)n2)C1,1
O=C1CCC(NC(=O)c2cc3cccc(OS(=O)(=O)F)n3n2)C(=O)N1,1
O=C1CCC(NC(=O)c2cc3c(S(=O)(=O)F)cccn3n2)C(=O)N1,1
O=C1CCC(NC(=O)c2cc3cc(Cl)ccn3n2)C(=O)N1,0
O=C1CCC(NC(=O)c2cc3cccc(S(=O)(=O)F)n3n2)C(=O)N1,1
O=C1CCC(NC(=O)c2cc3ccc(S(=O)(=O)F)cn3n2)C(=O)N1,1
Cc1cccn2nc(C(=O)NC3CCC(=O)NC3=O)cc12,0
N#CN1CCCC(c2ccncc2-c2ccc(C(=O)NC3CCC(=O)NC3=O)cc2)C1,1
Nc1n[nH]c2cncc(C(=O)Nc3cccc(NC4CCC(=O)NC4=O)c3)c12,0
N#CN1CCCC(c2cccc(-n3nccc3-c3ccc(N4CCC(=O)NC4=O)cc3)c2)C1,1
O=C1CCC(NC(=O)c2ccc3c(c2)OCO3)C(=O)N1,0
O=C1CCC(NC(=O)c2cc3c(c(S(=O)(=O)F)c2)OCO3)C(=O)N1,1
O=C1CCC(N2C(=O)c3cccc(NCC(=O)N4CCNCC4)c3C2=O)C(=O)N1,0
O=C1CCC(N2C(=O)c3cccc(NC(=O)c4cccc(S(=O)(=O)F)c4)c3C2=O)C(=O)N1,1
O=C1CCC(N2C(=O)c3cccc(NC(=O)c4ccccc4)c3C2=O)C(=O)N1,0
O=C1CCC(n2cc(-c3cscc3OCC3CCCCC3)nn2)C(=O)N1,0
O=C1CCC(NC(=O)c2cc(-c3ccc(F)cc3)ccc2O)C(=O)N1,0
O=C1CCC(NC(=O)c2cc(-c3ccccc3)cc(Cl)c2O)C(=O)N1,0
CCOc1ccccc1-c1cccc(C(=O)NC2CCC(=O)NC2=O)c1,0
O=C1CCC(NC(=O)c2cccc(-c3cccc(S(=O)(=O)F)c3)c2)C(=O)N1,1
N#CN1CCCC(c2ccc(-c3cccc4c3CN(C3CCC(=O)NC3=O)C4=O)[nH]2)C1,1
Cc1ccc(NC(=O)CCc2ccc3c(c2)CN(C2CCC(=O)NC2=O)C3=O)cc1Cl,0
O=C1CCC(Nc2cccc(NC(=O)CN3CCNCC3)c2)C(=O)N1,0
Cc1nc(C#N)c(NCCC(=O)Nc2ccc(C3CCC(=O)NC3=O)cc2)o1,0
Cc1cc(C)n(-c2ccc(Cl)c(C(=O)NC3CCC(=O)NC3=O)n2)n1,0
CN(c1ccnc(-c2cccc(Cl)c2)n1)C1CCC(=O)NC1=O,0
CN(c1cc(Cl)nc(-c2ccc(F)c(Cl)c2)n1)C1CCC(=O)NC1=O,0
CN(c1cc(C(F)(F)F)nc(-c2ccccc2)n1)C1CCC(=O)NC1=O,0
COc1ccc(S(=O)(=O)NC2CCC(=O)NC2=O)cc1OC,0
Cc1cc(S(=O)(=O)NC2CCC(=O)NC2=O)cc(C)c1F,0
Cc1cc(F)cc(S(=O)(=O)NC2CCC(=O)NC2=O)c1,0
CCc1ccc(S(=O)(=O)NC2CCC(=O)NC2=O)cc1CC,0
O=C1CCC(NS(=O)(=O)c2ccc(Cl)cc2)C(=O)N1,0
CC(C)c1ccc(Cl)c(S(=O)(=O)NC2CCC(=O)NC2=O)c1,0
CCCc1ccc(Cl)c(S(=O)(=O)NC2CCC(=O)NC2=O)c1,0
Cc1cccc(S(=O)(=O)NC2CCC(=O)NC2=O)c1Cl,0
Cc1cc(F)c(S(=O)(=O)NC2CCC(=O)NC2=O)cc1F,0
O=C1CCC(NS(=O)(=O)c2ccc(F)cc2)C(=O)N1,0
Cc1ccc(S(=O)(=O)NC2CCC(=O)NC2=O)c(C)c1,0
COc1ccc(S(=O)(=O)NC2CCC(=O)NC2=O)cc1,0
O=C1CCC(NS(=O)(=O)c2ccc(C(F)F)cc2)C(=O)N1,0
CCOc1ccc(S(=O)(=O)NC2CCC(=O)NC2=O)cc1,0
Cc1cc(Cl)cc(C)c1S(=O)(=O)NC1CCC(=O)NC1=O,0
CN1C(=O)CCC(NS(=O)(=O)c2cc(Cl)cc(Cl)c2O)C1=O,0
N#CN1CCCC(c2ccnc(C(=O)Nc3cncn3C3CCC(=O)NC3=O)c2)C1,1
Cc1ccc(C=CCNc2ccc3c(c2)CNC3=O)cn1,0
O=C1CCN(c2ccc(OCc3ccc(CN4CCOCC4)cc3)cc2)C(=O)N1,0
CCc1nc(NC2CCC(=O)NC2=O)c2ccc(Cl)cc2n1,0
O=C1CCC(Nc2ncnc3c(F)cc(Cl)cc23)C(=O)N1,0
Cc1ccc2c(NC3CCC(=O)NC3=O)ncnc2c1Br,0
CN(c1nc(C(F)F)nc2ccc(Br)cc12)C1CCC(=O)NC1=O,0
COc1ccc2c(NC3CCC(=O)NC3=O)nc(C)nc2c1,0
O=C1CCC(Nc2ncnc3cc(S(=O)(=O)F)ccc23)C(=O)N1,1
COc1cccc2ncnc(N(C)C3CCC(=O)NC3=O)c12,0
O=C1CCC(Nc2ncnc3ccc(OC(F)(F)F)cc23)C(=O)N1,0
O=C1CCC(n2cc(-c3csc(C(=O)N4CCC4)c3)nn2)C(=O)N1,0
Cc1cnccc1-c1ccc(C(=O)NC2CCC(=O)NC2=O)s1,0
O=C1CCC(Nc2ccc(NC(=O)CC(C(F)F)n3ccnc3)cc2)C(=O)N1,0
Cc1c(C(=O)NC2CCC(=O)NC2=O)nnn1CCOc1ccc(F)cc1,0
N#CN1CCC(c2ccccc2C(=O)Nc2cccc3c2CN(C2CCC(=O)NC2=O)C3=O)C1,1
O=C1CCC(NC(=O)c2[nH]ncc2CNC(=O)c2coc3c2COC3)C(=O)N1,0
O=C1CCC(N2Cc3cc(NCc4ccoc4)ccc3C2=O)C(=O)N1,0
N#CN1CCC(c2ccc3ccc(C(=O)NC4CCC(=O)NC4=O)cc3c2)C1,1
N#CN1CCCC(c2cnn(Cc3cn(C4CCC(=O)NC4=O)nn3)c2)C1,1
Cc1nn(C2CCOCC2)c(C)c1-c1ccc(N2CCC(=O)NC2=O)cc1,0
N#CN1CCC(c2cc(C3OCCO3)ncc2-c2ccc3c(c2)C(=O)N(C2CCC(=O)NC2=O)C3)C1,1
O=C1CCC(N2Cc3cc(NCc4n[nH]c5ccccc45)ccc3C2=O)C(=O)N1,0
CC(C)(C)OC(=O)N1CCC(Cc2cn(C3CCC(=O)NC3=O)nn2)C1,0
O=C1CCC(NC(=O)c2cnc3c(S(=O)(=O)F)c[nH]c3c2)C(=O)N1,1
O=C1CCC(NC(=O)c2cnc3c(Br)c[nH]c3c2)C(=O)N1,0
COC(=O)C12C3C4C1C1C2C3C41C(=O)Nc1ccc2c(c1)C(=O)N(C1CCC(=O)NC1=O)C2=O,0
N#CN1CCC(c2cc(-c3ccc4c(c3)CN(C3CCC(=O)NC3=O)C4=O)ccn2)C1,1
N#CN1CCCC(c2ccn(-c3ccccc3C(=O)NC3CCC(=O)NC3=O)n2)C1,1
N#CN1CCCC(c2ccc(-c3ccc4c(c3)CN(C3CCC(=O)NC3=O)C4=O)c3c2CCCO3)C1,1
O=C1CCC(NC(=O)c2ccc(NC(=O)c3ccco3)s2)C(=O)N1,0
O=C1CCC(NC(=O)c2ccn3ncc(S(=O)(=O)F)c3n2)C(=O)N1,1
O=C1CCC(NC(=O)c2ccn3ncc(Cl)c3n2)C(=O)N1,0
O=C1CCC(NC(=O)c2ccn3nc(S(=O)(=O)F)cc3n2)C(=O)N1,1
CCc1c(C)nn2c(C)cc(C(=O)NC3CCC(=O)NC3=O)nc12,0
O=C1CCC(NC(=O)c2cc(S(=O)(=O)F)on2)C(=O)N1,1
CC(C)(C)c1conc1C(=O)NC1CCC(=O)NC1=O,0
CN(C(=O)c1cccc2c1CN(C1CCC(=O)NC1=O)C2=O)C1CC1,0
CC1(NC(=O)c2cccc3c2CN(C2CCC(=O)NC2=O)C3=O)CC1,0
CC1CC1NC(=O)c1cccc2c1CN(C1CCC(=O)NC1=O)C2=O,0
O=C1CCC(N2Cc3c(C(=O)NC4(C(=O)O)CC4)cccc3C2=O)C(=O)N1,0
O=C1CCC(N2Cc3c(C(=O)NC4CC4)cccc3C2=O)C(=O)N1,0
NC1(CO)CCc2cc(-c3ccc4c(c3)C(=O)NC4=O)ccc2C1,0
N#Cc1ccc2[nH]cc(C(=O)Nc3cccc(C4CCC(=O)NC4=O)c3)c2c1,0
N#CN1CCCC(c2cc3c4c(c2)cc(C(=O)NC2CCC(=O)NC2=O)c(=O)n4CCC3)C1,1
N#CN1CCC(c2ccc(-n3ccc(=O)c(C(=O)NC4CCC(=O)NC4=O)n3)cc2)C1,1
C=CC(=O)N(Cc1c(F)cc(F)cc1F)c1ccc2c(c1)C(=O)NC2,1
C=CC(=O)N(Cc1ccc(F)c(C)c1)c1ccc2c(c1)C(=O)NC2,1
CC1(C)Cc2c(C(=O)Nc3cccc(NC4CCC(=O)NC4=O)c3)nnn2C1,0
Cc1nc(NC2CCC(=O)NC2=O)cc(=O)[nH]1,0
CN(c1ncn(C)c(=O)c1Cl)C1CCC(=O)NC1=O,0
Cn1cnc(NC2CCC(=O)NC2=O)c(Cl)c1=O,0
CN(c1ccccc1)c1nccc(NCC(=O)Nc2cccc3c2CN(C2CCC(=O)NC2=O)C3=O)n1,0
O=C1CCC(NC(=O)c2cnn3c2OCC(OCc2ccccc2)C3)C(=O)N1,0
O=C1CCC(c2ccc(NS(=O)(=O)c3cnc4n3CCCC4)cc2)C(=O)N1,0
CCc1nsc(NC2CCC(=O)N(C)C2=O)n1,0
O=C1CCC(Nc2nc(C(F)(F)F)ns2)C(=O)N1,0
N#CN1CCCC(c2ccccc2-c2cc(C(=O)NC3CCC(=O)NC3=O)on2)C1,1
O=C1CCC(N2Cc3cc(NC(=O)c4ccc5cc(O)ccc5c4)ccc3C2=O)C(=O)N1,0
COc1ccc2cc(C(=O)Nc3ccc4c(c3)CN(C3CCC(=O)NC3=O)C4=O)ccc2c1,0
[2H]C([2H])([2H])Oc1ccc2cc(C(=O)Nc3ccc4c(c3)CN(C3CCC(=O)NC3=O)C4=O)ccc2c1,0
O=C1CCC(N2Cc3cc(NC(=O)c4ccc5ccccc5c4)ccc3C2=O)C(=O)N1,0
CC(C)Oc1ccc2cc(C(=O)Nc3ccc4c(c3)CN(C3CCC(=O)NC3=O)C4=O)ccc2c1,0
CCOc1ccc2cc(C(=O)Nc3ccc4c(c3)CN(C3CCC(=O)NC3=O)C4=O)ccc2c1,0
CCCCOc1ccc2cc(C(=O)Nc3ccc4c(c3)CN(C3CCC(=O)NC3=O)C4=O)ccc2c1,0
O=C1CCC(N2Cc3c(ccc(S(=O)(=O)F)c3-c3ccncc3)C2=O)C(=O)N1,1
CNc1cc(-c2cccc3c2CN(C2CCC(=O)NC2=O)C3=O)ccn1,0
O=C1CCC(N2Cc3c(cc(S(=O)(=O)F)cc3-c3ccncc3)C2=O)C(=O)N1,1
O=C1CCC(N2Cc3c(cccc3-c3ccnc(OS(=O)(=O)F)c3)C2=O)C(=O)N1,1
O=C1CCC(N2Cc3c(cccc3-c3ccnc(S(=O)(=O)F)c3)C2=O)C(=O)N1,1
Cc1cc(-c2cccc3c2CN(C2CCC(=O)NC2=O)C3=O)ccn1,0
O=C1CCC(N2Cc3c(cccc3-c3ccncc3)C2=O)C(=O)N1,0
N#CN1CCC(c2ccc(-c3cccc4c3CN(C3CCC(=O)NC3=O)C4=O)c3c2CNCCO3)C1,1
Cn1cc(C(=O)NC2CCC(=O)NC2=O)c(-c2ccc(Cl)s2)n1,0
N#CN1CCCC(c2cncc(-c3ccc4c(c3)C(=O)N(C3CCC(=O)NC3=O)C4)c2)C1,1
N#CN1CCC(c2cccc(-c3nc(C(=O)NC4CCC(=O)NC4=O)cs3)c2)C1,1
O=C1CCC(NC(=O)c2nc(-c3ccc(F)cc3)n3c2CCCCC3)C(=O)N1,0
O=C1CCC(N2Cc3cc(C4CCN(Cc5ccccc5)CC4)ccc3C2=O)C(=O)N1,0
Cc1c(C(=O)NC2CCC(=O)NC2=O)cnn1C1CCS(=O)(=O)C1,0
O=C1CCC(NC(=O)c2csc(C(F)(F)C(F)(F)F)c2)C(=O)N1,0
CC(=O)Nc1cscc1C(=O)NC1CCC(=O)NC1=O,0
Cc1scc(Cl)c1C(=O)NC1CCC(=O)NC1=O,0
COc1c(C(=O)NC2CCC(=O)NC2=O)csc1Cl,0
CS(=O)(=O)c1sccc1C(=O)NC1CCC(=O)NC1=O,0
O=C1CCC(NC(=O)c2csc(S(=O)(=O)F)c2)C(=O)N1,1
CC(=O)Nc1sccc1C(=O)NC1CCC(=O)NC1=O,0
O=C1CCN(c2ccc(C(=O)N3CC4OCc5cnnn5C4C3)cc2)C(=O)N1,0
O=C1CCC(N2C(=O)c3ccc(OCC#CC4CC4)cc3C2=O)C(=O)N1,0
O=C1CCC(N2Cc3c(NC(=O)CC4CC=CCC4)cccc3C2=O)C(=O)N1,0
N#CN1CCC(c2ccccc2-c2nc(C(=O)NC3CCC(=O)NC3=O)c3n2CCCCC3)C1,1
Cc1cc(Nc2ncnc3[nH]c(Cl)cc23)ccc1N1CCC(=O)NC1=O,0
O=C1CCC(N2Cc3c(cc(S(=O)(=O)F)cc3-c3nncs3)C2=O)C(=O)N1,1
CC(C)Cc1nnc(-c2cccc3c2CN(C2CCC(=O)NC2=O)C3=O)s1,0
O=C1CCC(N2Cc3c(cccc3-c3nnc(OS(=O)(=O)F)s3)C2=O)C(=O)N1,1
O=C1CCC(N2Cc3c(ccc(S(=O)(=O)F)c3-c3nncs3)C2=O)C(=O)N1,1
CCCc1nnc(-c2cccc3c2CN(C2CCC(=O)NC2=O)C3=O)s1,0
O=C1CCC(N2Cc3cc(-c4cnc5c(c4)NCCO5)ccc3C2=O)C(=O)N1,0
N#CN1CCC(c2ccc3[nH]cc(-c4cccc(N5CCC(=O)NC5=O)c4)c3c2)C1,1
N#CN1CCCC(c2cccc(C(=O)Nc3ccc4c(c3)C(=O)N(C3CCC(=O)NC3=O)C4)c2)C1,1
N#CN1CCC(c2ccc3c(c2)CCCC3C(=O)Nc2ccc(C3CCC(=O)NC3=O)cc2)C1,1
C=CC(=O)NCC1(c2ccccc2)NC(=O)NC1=O,1
O=C1CCC(N2C(=O)c3cccc(N4CCC4)c3C2=O)C(=O)N1,0
CCC1(c2ccc(NC(=O)c3cccc([N+](=O)[O-])c3)cc2)CCC(=O)NC1=O,0
CCC1(c2ccc(NC(=O)c3ccc(N(C)C)cc3)cc2)CCC(=O)NC1=O,0
Cc1cc(Nc2ccc3c(c2)C(=O)N(C2CCC(=O)NC2=O)C3)ncn1,0
Cc1cc(Br)c2oc(C(=O)NC3CCC(=O)NC3=O)cc2c1,0
O=C1CCC(NC(=O)c2cc3cccc(OC(F)F)c3o2)C(=O)N1,0
O=C1CCC(NC(=O)c2cc3cc(Br)ccc3o2)C(=O)N1,0
O=C1CCC(NC(=O)c2cc3cccc(S(=O)(=O)F)c3o2)C(=O)N1,1
Cc1ccc(C)c2c(C)c(C(=O)NC3CCC(=O)NC3=O)oc12,0
O=C1CCC(NC(=O)c2cc3c(S(=O)(=O)F)cccc3o2)C(=O)N1,1
Cc1ccc2oc(C(=O)NC3CCC(=O)NC3=O)cc2c1,0
Cc1ccc(F)c2oc(C(=O)NC3CCC(=O)NC3=O)cc12,0
CCc1c(C(=O)NC2CCC(=O)NC2=O)oc2ccc(Br)cc12,0
CCOc1ccc2oc(C(=O)NC3CCC(=O)NC3=O)cc2c1,0
O=C1CCC(NC(=O)c2cc3ccccc3o2)C(=O)N1,0
O=C1CCC(NC(=O)c2cc3ccc(S(=O)(=O)F)cc3o2)C(=O)N1,1
O=C1CCC(N2Cc3cc(NC(=O)N4CC5CC4CO5)ccc3C2=O)C(=O)N1,0
O=C1CCC(NC(=O)c2c[nH]c3ncc(F)cc23)C(=O)N1,0
O=C1CCC(NC(=O)c2c[nH]c3nc(S(=O)(=O)F)ccc23)C(=O)N1,1
Cc1[nH]c2ncccc2c1C(=O)NC1CCC(=O)NC1=O,0
O=C1CCC(NC(=O)c2c[nH]c3nc(Br)ccc23)C(=O)N1,0
O=C1CCC(NC(=O)c2ccc(-n3ncc4cccnc43)cc2)C(=O)N1,0
N#CN1CCC(c2ccc3cncc(-c4cn(C5CCC(=O)NC5=O)nn4)c3c2)C1,1
N#CN1CCC(c2cccc(-c3nc(C(=O)NC4CCC(=O)NC4=O)c4n3CCCCC4)c2)C1,1
O=C1CCC(c2ccc(NC(=O)C3CC(O)(C4CCNCC4)C3)cc2)C(=O)N1,0
O=C1CCC(N2Cc3cc(NC(=O)c4cccc(C(=O)c5ccccc5)c4)ccc3C2=O)C(=O)N1,0
Cc1nc(Nc2ccc(C3CCC(=O)NC3=O)cc2)c2ccn(CC#N)c2n1,0
Cc1oc(C(=O)OC2CCC(=O)NC2=O)cc1S(=O)(=O)N1CCCC1,0
O=C1CCC(NC(=O)c2cc(NC(=O)NCc3ccccc3)ccc2O)C(=O)N1,0
N#CN1CCCC(c2ccnn2-c2cccc(C(=O)NC3CCC(=O)NC3=O)n2)C1,1
Cc1cnc(NC(=O)Nc2ccc(C3CC(=O)NC(=O)C3)cc2)s1,0
Cc1csc(NC(=O)Nc2ccc(C3CC(=O)NC(=O)C3)cc2)n1,0
N#CN1CCCC(c2nc(-c3ccc4c(c3)CN(C3CCC(=O)NC3=O)C4=O)cc(C3CC3)n2)C1,1
CN1Cc2cccc(OCc3ncc(F)cn3)c2C1=O,0
N#CN1CCCC(c2cccc(-c3cncc(C(=O)NC4CCC(=O)NC4=O)c3)c2)C1,1
O=C1CCC(NC(=O)c2ccc3scc(-c4nn[nH]n4)c3c2)C(=O)N1,0
Cc1noc(COc2ccc(C(=O)NC3CCC(=O)NC3=O)cn2)n1,0
N#CN1CCC(c2ccc(C(=O)Nc3cccc4c3CN(C3CCC(=O)NC3=O)C4=O)s2)C1,1
Nc1nc(-c2ccoc2)ncc1C(=O)NC1CCC(=O)NC1=O,0
O=C1CCC(c2ccc(NC(=O)C3CCc4cc(O)cc(=O)n43)cc2)C(=O)N1,0
O=C1CCC(c2ccc(NC(=O)C3CCc4c(S(=O)(=O)F)ccc(=O)n43)cc2)C(=O)N1,1
N#CN1CCC(c2ccc3nc(C(=O)NC4CCC(=O)NC4=O)c(C4CC4)cc3c2)C1,1
Cc1c(C(=O)NC2CCC(=O)NC2=O)ccc2c1NCCO2,0
CCN(CC)c1ncc(-c2cccc3c2CN(C2CCC(=O)NC2=O)C3=O)cn1,0
O=C1CCC(N2Cc3c(ccc(S(=O)(=O)F)c3-c3cncnc3)C2=O)C(=O)N1,1
COc1ncncc1-c1cccc2c1CN(C1CCC(=O)NC1=O)C2=O,0
O=C1CCC(N2Cc3c(cccc3-c3cnc(OS(=O)(=O)F)nc3)C2=O)C(=O)N1,1
Nc1ncc(-c2cccc3c2CN(C2CCC(=O)NC2=O)C3=O)cn1,0
Cc1cnc(C(=O)NCc2ccc3c(c2)C(=O)N(C2CCC(=O)NC2=O)C3)o1,0
N#CN1CCCC(c2cc(=O)c3ccc(C(=O)NC4CCC(=O)NC4=O)cc3o2)C1,1
N#CN1CCCC(c2cccc(-n3cc(C(=O)NC4CCC(=O)NC4=O)cn3)n2)C1,1
N#CN1CCC(c2cn3nccc(Nc4ccc(N5CCC(=O)NC5=O)cc4)c3n2)C1,1
COCc1nsc(C(=O)NC2CCC(=O)NC2=O)n1,0
O=C1CCC(NC(=O)c2nc(S(=O)(=O)F)ns2)C(=O)N1,1
O=C1CCC(NC(=O)c2cn3cc(Cl)cnc3n2)C(=O)N1,0
N#CN1CCC(c2ccnc(-c3ccc4c(c3)CN(C3CCC(=O)NC3=O)C4=O)c2)C1,1
O=C1CCC(NC(=O)c2cc3c4c(ccc3[nH]2)OCO4)C(=O)N1,0
CC(C)COc1cncc(-c2ccc3c(c2)CN(C2CCC(=O)NC2=O)C3=O)n1,0
CCOc1cncc(-c2ccc3c(c2)CN(C2CCC(=O)NC2=O)C3=O)n1,0
CC(C)Oc1cncc(-c2ccc3c(c2)CN(C2CCC(=O)NC2=O)C3=O)n1,0
CC(C)CNc1cncc(-c2ccc3c(c2)CN(C2CCC(=O)NC2=O)C3=O)n1,0
Cc1nc(-c2ccc3c(c2)CN(C2CCC(=O)NC2=O)C3=O)cnc1N,0
O=C1CCC(N2Cc3cc(-c4cnccn4)c(S(=O)(=O)F)cc3C2=O)C(=O)N1,1
Cc1nccnc1-c1ccc2c(c1)CN(C1CCC(=O)NC1=O)C2=O,0
Nc1cnc(-c2ccc3c(c2)CN(C2CCC(=O)NC2=O)C3=O)cn1,0
Nc1nc(Cl)cnc1-c1ccc2c(c1)CN(C1CCC(=O)NC1=O)C2=O,0
O=C1CCC(N2Cc3cc(-c4cnc(OS(=O)(=O)F)cn4)ccc3C2=O)C(=O)N1,1
O=C1CCC(N2Cc3cc(-c4cncc(S(=O)(=O)F)n4)ccc3C2=O)C(=O)N1,1
Cc1cncc(-c2ccc3c(c2)CN(C2CCC(=O)NC2=O)C3=O)n1,0
O=C1CCC(N2Cc3c(ccc(-c4cnccn4)c3S(=O)(=O)F)C2=O)C(=O)N1,1
O=C1CCC(N2Cc3cc(-c4nccnc4OS(=O)(=O)F)ccc3C2=O)C(=O)N1,1
O=C1CCC(N2Cc3cc(-c4nccnc4S(=O)(=O)F)ccc3C2=O)C(=O)N1,1
COC(=O)c1nc(-c2ccc3c(c2)CN(C2CCC(=O)NC2=O)C3=O)cnc1N,0
O=C1CCC(N2Cc3cc(-c4cncc(OS(=O)(=O)F)n4)ccc3C2=O)C(=O)N1,1
O=C1CCC(NC(=O)c2cn(CC3COc4ccccc4O3)nn2)C(=O)N1,0
O=C1CCC(N2C(=O)c3ccc(OCC4CC4)cc3C2=O)C(=O)N1,0
O=C1CCC(N2C(=O)c3cccc(-c4ccccc4)c3C2=O)C(=O)N1,0
O=C1CCC(N2C(=O)c3cccc(-c4cccc(OS(=O)(=O)F)c4)c3C2=O)C(=O)N1,1
O=C1CCC(N2C(=O)c3cccc(-c4cccc(S(=O)(=O)F)c4)c3C2=O)C(=O)N1,1
N#CN1CCC(c2cc(-c3cccc4c3CN(C3CCC(=O)NC3=O)C4=O)ccc2C2CC2)CC1,1
Nc1cc(O)cc2c1CN(C1CCC(=O)NC1=O)C2=O,0
CCCOC(=O)Nc1ccc2c(c1)C(=O)N(C1CCC(=O)NC1=O)C2,0
CN1C(=O)CCC(N2Cc3ccc(N)cc3C2=O)C1=O,0
CC(CC(=O)O)NC(=O)c1ccc2c(c1)CN(C1CCC(=O)NC1=O)C2=O,0
CC(C)(CN)CNC(=O)c1ccc2c(c1)C(=O)N(C1CCC(=O)NC1=O)C2,0
O=C1CCC(N2Cc3cc(Br)ccc3C2=O)C(=O)N1,0
CC=CC(=O)Nc1cccc2c1CN(C1CCC(=O)NC1=O)C2=O,1
NCCCCCNc1cccc2c1CN(C1CCC(=O)NC1=O)C2=O,0
CCNC(=O)NCc1ccc2c(c1)C(=O)N(C1CCC(=O)NC1=O)C2,0
O=C(O)CNc1ccc2c(c1)CN(C1CCC(=O)NC1=O)C2=O,0
CS(=O)(=O)Nc1ccc2c(c1)CN(C1CCC(=O)NC1=O)C2=O,0
Nc1cc(Cl)cc2c1CN(C1CCC(=O)NC1=O)C2=O,0
CCCCNc1ccc2c(c1)CN(C1CCC(=O)NC1=O)C2=O,0
CC(C)C(NC(=O)c1ccc2c(c1)C(=O)N(C1CCC(=O)NC1=O)C2)C(=O)O,0
CC(C)CCC(=O)NCc1ccc2c(c1)C(=O)N(C1CCC(=O)NC1=O)C2,0
O=C1CCC(N2Cc3cccc(O)c3C2=O)C(=O)N1,0
CC(C)=Cc1ccc2c(c1)CN(C1CCC(=O)NC1=O)C2=O,0
CN(C)CCNC(=O)NCc1ccc2c(c1)C(=O)N(C1CCC(=O)NC1=O)C2,0
Nc1ccc(F)c2c1CN(C1CCC(=O)NC1=O)C2=O,0
CC(CC(=O)O)NC(=O)c1cccc2c1CN(C1CCC(=O)NC1=O)C2=O,0
CC(CC(F)(F)F)C(=O)Nc1cccc2c1CN(C1CCC(=O)NC1=O)C2=O,0
CC(CF)NC(=O)c1cccc2c1CN(C1CCC(=O)NC1=O)C2=O,0
Nc1c(F)ccc2c1CN(C1CCC(=O)NC1=O)C2=O,0
CC(=O)NCc1ccc2c(c1)C(=O)N(C1CCC(=O)NC1=O)C2,0
Nc1cccc2c1CN(C1CCC(=O)NC1=O)C2=O,0
O=C(O)Cc1cccc2c1CN(C1CCC(=O)NC1=O)C2=O,0
O=C1CCC(N2Cc3c(NC(=O)C(F)(F)C(F)F)cccc3C2=O)C(=O)N1,0
CCCC(NC(=O)c1ccc2c(c1)CN(C1CCC(=O)NC1=O)C2=O)C(=O)O,0
O=Cc1ccc2c(c1)CN(C1CCC(=O)NC1=O)C2=O,0
O=C1CCC(N2Cc3c(F)cccc3C2=O)C(=O)N1,0
O=C1CCC(N2Cc3cccc(C(=O)O)c3C2=O)C(=O)N1,0
C=CC(=O)Nc1ccc2c(c1)C(=O)N(C1CCC(=O)NC1=O)C2,1
CC(C)CCS(=O)(=O)Nc1ccc2c(c1)C(=O)N(C1CCC(=O)NC1=O)C2,0
CC(NC(=O)c1ccc2c(c1)CN(C1CCC(=O)NC1=O)C2=O)C(=O)O,0
COCC(=O)NCc1ccc2c(c1)C(=O)N(C1CCC(=O)NC1=O)C2,0
CC(F)(F)C(=O)NCc1ccc2c(c1)C(=O)N(C1CCC(=O)NC1=O)C2,0
CC(C)N(CC(=O)O)C(=O)c1ccc2c(c1)C(=O)N(C1CCC(=O)NC1=O)C2,0
CC(C)N(CC(=O)O)C(=O)c1ccc2c(c1)CN(C1CCC(=O)NC1=O)C2=O,0
CC=CC(=O)Nc1ccc2c(c1)C(=O)N(C1CCC(=O)NC1=O)C2,1
CN(C)C(=O)N(C)C(=O)Nc1ccc2c(c1)CN(C1CCC(=O)NC1=O)C2=O,0
CC(C)(NC(=O)c1ccc2c(c1)C(=O)N(C1CCC(=O)NC1=O)C2)C(=O)O,0
CCN(OC)C(=O)c1ccc2c(c1)CN(C1CCC(=O)NC1=O)C2=O,0
CC=CC(=O)NCc1ccc2c(c1)C(=O)N(C1CCC(=O)NC1=O)C2,1
NCCc1cccc2c1CN(C1CCC(=O)NC1=O)C2=O,0
Nc1cc(C(F)(F)F)cc2c1CN(C1CCC(=O)NC1=O)C2=O,0
CCCC(NC(=O)c1ccc2c(c1)C(=O)N(C1CCC(=O)NC1=O)C2)C(=O)O,0
CNC(=O)NCc1ccc2c(c1)C(=O)N(C1CCC(=O)NC1=O)C2,0
CC(C)C(C)C(=O)NCc1ccc2c(c1)C(=O)N(C1CCC(=O)NC1=O)C2,0
COc1cccc2c1CN(C1CCC(=O)NC1=O)C2=O,0
COc1ccc2c(c1)CN(C1CCC(=O)NC1=O)C2=O,0
NCCCCNC(=O)COc1ccc2c(c1)CN(C1CCC(=O)NC1=O)C2=O,0
CC(C)CNC(=O)c1cccc2c1CN(C1CCC(=O)NC1=O)C2=O,0
O=C(O)CCCNC(=O)c1ccc2c(c1)C(=O)N(C1CCC(=O)NC1=O)C2,0
O=C1CCC(N2Cc3c(O)cccc3C2=O)C(=O)N1,0
CCCC(=O)NCc1ccc2c(c1)C(=O)N(C1CCC(=O)NC1=O)C2,0
O=C1CCC(N2Cc3cc(C(=O)NCCCF)ccc3C2=O)C(=O)N1,0
CN(C(=O)Nc1ccc2c(c1)CN(C1CCC(=O)NC1=O)C2=O)C(C)(C)C,0
C#CCNC(=O)NCc1ccc2c(c1)C(=O)N(C1CCC(=O)NC1=O)C2,0
CCC(NC(=O)c1ccc2c(c1)CN(C1CCC(=O)NC1=O)C2=O)C(=O)O,0
O=C(O)Cc1ccc2c(c1)C(=O)N(C1CCC(=O)NC1=O)C2,0
O=C1CCC(N2Cc3c(OCCO)cccc3C2=O)C(=O)N1,0
C#Cc1ccc2c(c1)CN(C1CCC(=O)NC1=O)C2=O,0
O=C(O)CCCCCNc1cccc2c1CN(C1CCC(=O)NC1=O)C2=O,0
CCC(C)(C)C(=O)Nc1ccc2c(c1)C(=O)N(C1CCC(=O)NC1=O)C2,0
CC(CNC(=O)c1cccc2c1CN(C1CCC(=O)NC1=O)C2=O)C(=O)O,0
O=C(O)CCc1ccc2c(c1)C(=O)N(C1CCC(=O)NC1=O)C2,0
CC(C)CCC(=O)Nc1ccc2c(c1)C(=O)N(C1CCC(=O)NC1=O)C2,0
C#CCCNC(=O)c1cccc2c1CN(C1CCC(=O)NC1=O)C2=O,0
Nc1cc(F)cc2c1CN(C1CCC(=O)NC1=O)C2=O,0
O=C1CCC(N2Cc3c(NC(=O)C(F)(F)F)cccc3C2=O)C(=O)N1,0
O=C1CCC(N2Cc3cc(F)ccc3C2=O)C(=O)N1,0
CCCC(NC(=O)c1cccc2c1CN(C1CCC(=O)NC1=O)C2=O)C(=O)O,0
CC(C)C(NC(=O)c1ccc2c(c1)CN(C1CCC(=O)NC1=O)C2=O)C(=O)O,0
CC(C)CNC(=O)NCc1ccc2c(c1)C(=O)N(C1CCC(=O)NC1=O)C2,0
O=C1CCC(N2Cc3c(C(=O)NCCF)cccc3C2=O)C(=O)N1,0
CCC(C)(C)C(=O)NCc1ccc2c(c1)C(=O)N(C1CCC(=O)NC1=O)C2,0
CC(C)C(NC(=O)c1cccc2c1CN(C1CCC(=O)NC1=O)C2=O)C(=O)O,0
O=C(O)CCNC(=O)COc1cccc2c1CN(C1CCC(=O)NC1=O)C2=O,0
CC(C)C(=O)C(=O)NCc1ccc2c(c1)C(=O)N(C1CCC(=O)NC1=O)C2,0
CC(C)(CC(=O)O)NC(=O)c1cccc2c1CN(C1CCC(=O)NC1=O)C2=O,0
O=C(O)CCc1ccc2c(c1)CN(C1CCC(=O)NC1=O)C2=O,0
CON(C)C(=O)c1ccc2c(c1)CN(C1CCC(=O)NC1=O)C2=O,0
O=C1CCC(N2Cc3ccc(Br)cc3C2=O)C(=O)N1,0
C=C(COC)c1ccc2c(c1)CN(C1CCC(=O)NC1=O)C2=O,0
CC(NC(=O)COc1cccc2c1CN(C1CCC(=O)NC1=O)C2=O)C(=O)O,0
CCS(=O)(=O)Nc1ccc2c(c1)CN(C1CCC(=O)NC1=O)C2=O,0
O=C(O)CCCNC(=O)c1ccc2c(c1)CN(C1CCC(=O)NC1=O)C2=O,0
CC(C)(N)CCNC(=O)c1cccc2c1CN(C1CCC(=O)NC1=O)C2=O,0
CC(CNC(=O)c1ccc2c(c1)C(=O)N(C1CCC(=O)NC1=O)C2)C(=O)O,0
Nc1ccc2c(c1)CN(C1CCC(=O)NC1=O)C2=O,0
O=C1CCC(N2Cc3c(C(=O)O)cccc3C2=O)C(=O)N1,0
NCc1ccc2c(c1)CN(C1CCC(=O)NC1=O)C2=O,0
CN1C(=O)CCC(N2Cc3c(N)cccc3C2=O)C1=O,0
O=C(O)CCCCNC(=O)c1ccc2c(c1)CN(C1CCC(=O)NC1=O)C2=O,0
O=C1CCC(N2Cc3c(Br)cccc3C2=O)C(=O)N1,0
Nc1cccc2c1C(=O)N(C1CCC(=O)NC1=O)C2,0
CC(C)(CN)CNC(=O)c1ccc2c(c1)CN(C1CCC(=O)NC1=O)C2=O,0
CC(C)(CC(=O)O)NC(=O)c1ccc2c(c1)CN(C1CCC(=O)NC1=O)C2=O,0
O=C(O)CNc1ccc2c(c1)C(=O)N(C1CCC(=O)NC1=O)C2,0
O=C1CCC(N2Cc3cc(OS(=O)(=O)F)ccc3C2=O)C(=O)N1,1
Nc1ccc2c(c1)C(=O)N(C1CCC(=O)NC1=O)C2,0
CC(C)C(=O)Nc1ccc2c(c1)C(=O)N(C1CCC(=O)NC1=O)C2,0
NCc1cccc2c1CN(C1CCC(=O)NC1=O)C2=O,0
NCCCNC(=O)COc1ccc2c(c1)CN(C1CCC(=O)NC1=O)C2=O,0
CC(C)NC(=O)c1ccc2c(c1)CN(C1CCC(=O)NC1=O)C2=O,0
O=C(O)Cc1ccc2c(c1)CN(C1CCC(=O)NC1=O)C2=O,0
NCCNC(=O)COc1ccc2c(c1)CN(C1CCC(=O)NC1=O)C2=O,0
CCCNC(=O)c1cccc2c1CN(C1CCC(=O)NC1=O)C2=O,0
O=C(O)COc1cccc2c1CN(C1CCC(=O)NC1=O)C2=O,0
O=C1CCC(N2Cc3ccc(C(=O)O)cc3C2=O)C(=O)N1,0
NCCC(=O)Nc1cccc2c1CN(C1CCC(=O)NC1=O)C2=O,0
CCC(=O)Nc1ccc2c(c1)C(=O)N(C1CCC(=O)NC1=O)C2,0
CC(C)(CN)CNC(=O)c1cccc2c1CN(C1CCC(=O)NC1=O)C2=O,0
CC(N)C(=O)Nc1cccc2c1CN(C1CCC(=O)NC1=O)C2=O,0
O=C1CCC(N2Cc3ccc(F)cc3C2=O)C(=O)N1,0
COCC(=O)Nc1ccc2c(c1)C(=O)N(C1CCC(=O)NC1=O)C2,0
CC(C#N)NC(=O)c1ccc2c(c1)CN(C1CCC(=O)NC1=O)C2=O,0
CC(C)=Cc1cccc2c1CN(C1CCC(=O)NC1=O)C2=O,0
CCCN(CC(=O)O)C(=O)c1ccc2c(c1)CN(C1CCC(=O)NC1=O)C2=O,0
CC#CCNC(=O)c1cccc2c1CN(C1CCC(=O)NC1=O)C2=O,0
Nc1cc(Br)cc2c1CN(C1CCC(=O)NC1=O)C2=O,0
CN1C(=O)CCC(N2Cc3ccc(S(=O)(=O)F)cc3C2=O)C1=O,0
Nc1ccc(Br)c2c1C(=O)N(C1CCC(=O)NC1=O)C2,0
CC(=O)Nc1ccc2c(c1)CN(C1CCC(=O)NC1=O)C2=O,0
CCN(CC)C(=O)c1ccc2c(c1)CN(C1CCC(=O)NC1=O)C2=O,0
C=C(F)C(=O)Nc1cccc2c1CN(C1CCC(=O)NC1=O)C2=O,1
CN(CC(=O)O)C(=O)COc1cccc2c1CN(C1CCC(=O)NC1=O)C2=O,0
COCCNC(=O)NCc1ccc2c(c1)C(=O)N(C1CCC(=O)NC1=O)C2,0
O=C(O)CCc1cccc2c1CN(C1CCC(=O)NC1=O)C2=O,0
CC(C)(CCN)NC(=O)c1ccc2c(c1)CN(C1CCC(=O)NC1=O)C2=O,0
O=C1CCC(N2Cc3c(OS(=O)(=O)F)cccc3C2=O)C(=O)N1,1
Nc1cc(OC(F)(F)F)cc2c1CN(C1CCC(=O)NC1=O)C2=O,0
O=C(O)CNc1cccc2c1CN(C1CCC(=O)NC1=O)C2=O,0
COCC(C)(C)N(C)C(=O)c1ccc2c(c1)C(=O)N(C1CCC(=O)NC1=O)C2,0
CC(C)(C)NC(=O)Nc1ccc2c(c1)CN(C1CCC(=O)NC1=O)C2=O,0
C#Cc1cccc2c1CN(C1CCC(=O)NC1=O)C2=O,0
O=C1CCC(N2Cc3c(Cl)cccc3C2=O)C(=O)N1,0
CC(CF)NC(=O)c1ccc2c(c1)CN(C1CCC(=O)NC1=O)C2=O,0
O=C(COc1ccc2c(c1)CN(C1CCC(=O)NC1=O)C2=O)NCC(F)(F)F,0
CC(CC(=O)O)NC(=O)c1ccc2c(c1)C(=O)N(C1CCC(=O)NC1=O)C2,0
CC(C)CCC(=O)Nc1cccc2c1CN(C1CCC(=O)NC1=O)C2=O,0
CC(C)(C)NC(=O)NCc1ccc2c(c1)C(=O)N(C1CCC(=O)NC1=O)C2,0
CC(C)C(C)(C)C(=O)NCc1ccc2c(c1)C(=O)N(C1CCC(=O)NC1=O)C2,0
O=C1CCC(N2Cc3cc(C(=O)O)ccc3C2=O)C(=O)N1,0
CC(C)N(CC(=O)O)C(=O)c1cccc2c1CN(C1CCC(=O)NC1=O)C2=O,0
CC(C)C(=O)Nc1cccc2c1CN(C1CCC(=O)NC1=O)C2=O,0
CCC(NC(=O)c1ccc2c(c1)C(=O)N(C1CCC(=O)NC1=O)C2)C(=O)O,0
CC(C)(C)CCNC(=O)c1ccc2c(c1)CN(C1CCC(=O)NC1=O)C2=O,0
CC(C)C(=O)NCc1ccc2c(c1)C(=O)N(C1CCC(=O)NC1=O)C2,0
CCCC(=O)Nc1ccc2c(c1)C(=O)N(C1CCC(=O)NC1=O)C2,0
CC(C)CN(C)C(=O)NCc1ccc2c(c1)C(=O)N(C1CCC(=O)NC1=O)C2,0
CC(C)(C)NC(=O)C1c2ccccc2C(=O)N1C1CCC(=O)NC1=O,0
CNC(=O)c1ccc2c(c1)CN(C1CCC(=O)NC1=O)C2=O,0
CC(C)(CNC(=O)c1ccc2c(c1)C(=O)N(C1CCC(=O)NC1=O)C2)C(=O)O,0
CCC(C)NC(=O)c1ccc2c(c1)CN(C1CCC(=O)NC1=O)C2=O,0
CCCN(C)C(=O)NCc1ccc2c(c1)C(=O)N(C1CCC(=O)NC1=O)C2,0
C=CC(=O)Nc1cccc2c1CN(C1CCC(=O)NC1=O)C2=O,0
NCCCC(=O)Nc1cccc2c1CN(C1CCC(=O)NC1=O)C2=O,0
O=C1CCC(N2Cc3c(C(=O)NCCCF)cccc3C2=O)C(=O)N1,0
O=Cc1cccc2c1CN(C1CCC(=O)NC1=O)C2=O,0
CC(C)(CC(=O)O)NC(=O)c1ccc2c(c1)C(=O)N(C1CCC(=O)NC1=O)C2,0
CCN(C)C(=O)c1ccc2c(c1)CN(C1CCC(=O)NC1=O)C2=O,0
CCNC(=O)c1ccc2c(c1)CN(C1CCC(=O)NC1=O)C2=O,0
CCCNC(=O)c1ccc2c(c1)CN(C1CCC(=O)NC1=O)C2=O,0
O=C(O)CCCCNC(=O)c1ccc2c(c1)C(=O)N(C1CCC(=O)NC1=O)C2,0
CC(C)NC(=O)NCc1ccc2c(c1)C(=O)N(C1CCC(=O)NC1=O)C2,0
O=Cc1ccc2c(c1)C(=O)N(C1CCC(=O)NC1=O)C2,0
O=C1CCC(N2Cc3ccc(O)cc3C2=O)C(=O)N1,0
NCc1ccc2c(c1)C(=O)N(C1CCC(=O)NC1=O)C2,0
CCN(C)CC(=O)Nc1cccc2c1CN(C1CCC(=O)NC1=O)C2=O,0
O=C1CCC(N2Cc3cc(O)ccc3C2=O)C(=O)N1,0
O=C1CCC(N2Cc3c(cccc3S(=O)(=O)F)C2=O)C(=O)N1,1
O=C1CCC(N2Cc3c(CCCCCO)cccc3C2=O)C(=O)N1,0
CCCC(=O)Nc1cccc2c1CN(C1CCC(=O)NC1=O)C2=O,0
CN(C)c1ccc2c(c1)C(=O)N(C1CCC(=O)NC1=O)C2,0
O=C1CCC(N2Cc3ccc(CNC(=O)NCC(F)(F)F)cc3C2=O)C(=O)N1,0
CC(=O)NC1c2ccccc2C(=O)N1C1CCC(=O)NC1=O,0
CC(C)(C)C(=O)Nc1ccc2c(c1)C(=O)N(C1CCC(=O)NC1=O)C2,0
O=C1CCC(N2Cc3cccc(Br)c3C2=O)C(=O)N1,0
CCCN(C)C(=O)c1ccc2c(c1)CN(C1CCC(=O)NC1=O)C2=O,0
O=C1CCC(N2Cc3ccc(OS(=O)(=O)F)cc3C2=O)C(=O)N1,1
NCc1cccc2c1C(=O)N(C1CCC(=O)NC1=O)C2,0
CCC(C(=O)Nc1ccc2c(c1)C(=O)N(C1CCC(=O)NC1=O)C2)N(C)C,0
CC(NC(=O)c1cccc2c1CN(C1CCC(=O)NC1=O)C2=O)C(=O)O,0
CC(C)(C)C(=O)NCc1ccc2c(c1)C(=O)N(C1CCC(=O)NC1=O)C2,0
COc1ccc2c(c1)C(=O)N(C1CCC(=O)NC1=O)C2,0
CC(NC(=O)c1ccc2c(c1)C(=O)N(C1CCC(=O)NC1=O)C2)C(=O)O,0
O=C1CCC(N2Cc3cccc(F)c3C2=O)C(=O)N1,0
CCC(NC(=O)c1cccc2c1CN(C1CCC(=O)NC1=O)C2=O)C(=O)O,0
O=C1CCC(N2Cc3ccccc3C2=O)C(=O)N1,0
O=C1CCC(N2Cc3ccc(NC(=O)C(F)(F)F)cc3C2=O)C(=O)N1,0
O=C1CCC(N2Cc3ccc(S(=O)(=O)F)cc3C2=O)C(=O)N1,1
NCC(=O)Nc1cccc2c1CN(C1CCC(=O)NC1=O)C2=O,0
O=C1CCC(N2Cc3cc(S(=O)(=O)F)ccc3C2=O)C(=O)N1,1
CC(C)(C)CNC(=O)c1cccc2c1CN(C1CCC(=O)NC1=O)C2=O,0
CC(C)Oc1ccc(CNc2cnccc2C(=O)O)cc1,0
N#CC(=Cc1ccccc1)C(=O)Nc1cccc2c1C(=O)NC2=O,1
O=C(C=Cc1ccc(Cl)cc1)Nc1cccc2c1C(=O)NC2=O,1
N#CC(=Cc1ccc(Cl)cc1)C(=O)Nc1cccc2c1C(=O)NC2=O,1
COc1ccc(C=C(C#N)C(=O)Nc2cccc3c2C(=O)NC3=O)cc1,1
N#CN1CCC(c2ccccc2-n2nc(C(=O)NC3CCC(=O)NC3=O)c3c2CCC3)C1,1
O=C1CCC(NC(=O)c2cccnc2Oc2cccnc2)C(=O)N1,0
NCCC(C(=O)Nc1ccc(C2CCC(=O)NC2=O)cc1)c1cn[nH]c1,0
O=C1CCC(NC(=O)c2cnc(S(=O)(=O)F)o2)C(=O)N1,1
CCc1nc(C)oc1C(=O)NC1CCC(=O)NC1=O,0
CC(C)(CF)c1ncc(C(=O)NC2CCC(=O)NC2=O)o1,0
Cc1nc(CC(C)C)oc1C(=O)NC1CCC(=O)NC1=O,0
O=C1CCC(NC(=O)c2cnco2)C(=O)N1,0
O=C1CCC(NC(=O)c2ccc(-c3ccccc3)cc2)C(=O)N1,0
N#CN1CCCC(c2ccc3c(c2)CCOC3C(=O)Nc2ccc(C3CCC(=O)NC3=O)cc2)C1,1
Cc1nc(C2CCCO2)sc1C(=O)NC1CCC(=O)NC1=O,0
N#CN1CCC(c2ccccc2-n2nc(C(=O)NC3CCC(=O)NC3=O)ccc2=O)C1,1
Cc1ccc(NC(=O)CCc2cccc(NC3=CC(=O)N(C4CCC(=O)NC4=O)C3=O)c2)cc1Cl,0
CC(C)(C)OC(=O)N1CC2(C1)CN(c1cccc3c1C(=O)N(C1CCC(=O)NC1=O)C3=O)C2,0
O=C1CCC(N2C(=O)c3cccc(N4CC5(CNC5)C4)c3C2=O)C(=O)N1,0
Nc1c(C(=O)Nc2ccc(C3CCC(=O)NC3=O)cc2)[nH]c(=O)[nH]c1=O,0
O=C1CCC(NC(=O)c2ccc3oc(S(=O)(=O)F)nc3c2)C(=O)N1,1
Cc1nc2cc(C(=O)NC3CCC(=O)NC3=O)ccc2o1,0
O=C1CCC(NC(=O)c2cc(S(=O)(=O)F)c3ocnc3c2)C(=O)N1,1
COc1cc(CNc2cccc3c2CNC3=O)c2c(c1)CC(C)O2,0
O=C1CCC(NC(=O)c2ccccc2-n2nnnc2C(F)(F)F)C(=O)N1,0
Cc1nnnn1-c1cc(N)ccc1C(=O)NC1CCC(=O)NC1=O,0
CN(c1cc(C2CCCCC2)ncn1)C1CCC(=O)NC1=O,0
Cc1cc(N2CCCS2(=O)=O)ccc1C(=O)NC1CCC(=O)NC1=O,0
O=C1CCC(NC(=O)c2ccc(N3CCCS3(=O)=O)cc2)C(=O)N1,0
O=C1CCC(NC(=O)c2cnnn2Cc2ccccc2)C(=O)N1,0
O=C1CCC(NC(=O)c2cc3ncncc3s2)C(=O)N1,0
Cc1cc(-c2cnn(-c3ccncn3)c2)ccc1N1CCC(=O)NC1=O,0
N#CN1CCCC(c2ccc(-n3cnc(C(=O)NC4CCC(=O)NC4=O)n3)cc2)C1,1
O=C1CCC(NC(=O)c2cc3nc(S(=O)(=O)F)ccc3s2)C(=O)N1,1
O=C1CCC(NC(=O)c2sc3cccnc3c2Br)C(=O)N1,0
O=C1CCC(NC(=O)c2cc3nccc(S(=O)(=O)F)c3s2)C(=O)N1,1
N#CN1CCCC(c2cccc(-n3ccc(=O)c(C(=O)NC4CCC(=O)NC4=O)n3)c2)C1,1
N#CN1CCC(c2ccc3c(c2)N(c2ccc(C(=O)NC4CCC(=O)NC4=O)cc2)CCC3)C1,1
O=C1CCC(NC(=O)c2conc2CNC(=O)c2n[nH]c3ccccc23)C(=O)N1,0
O=C1CCC(N2Cc3cc(-c4cc(CN5CCCC5)c5[nH]nc(C6CC6)c5n4)ccc3C2=O)C(=O)N1,0
O=C1CCC(N2Cc3cc(NS(=O)(=O)c4ccco4)ccc3C2=O)C(=O)N1,0
O=C1CCC(NC(=O)c2cc3c(cn2)[nH]c2ccccc23)C(=O)N1,0
Cn1ncc2nc(C(F)F)c(C(=O)NC3CCC(=O)NC3=O)cc21,0
N#CN1CCC(c2ncn(-c3ccc(C(=O)NC4CCC(=O)NC4=O)cc3)n2)C1,1
N#CN1CCC(c2cnnc(-c3ccc4c(c3)CN(C3CCC(=O)NC3=O)C4=O)c2)C1,1
N#CN1CCC(c2c(-c3ccc4c(c3)CN(C3CCC(=O)NC3=O)C4=O)ccc3c2CCO3)C1,1
N#CN1CCCC(c2ccc(-c3cccc4c3CN(C3CCC(=O)NC3=O)C4=O)cc2)C1,1
O=C1CCC(N2Cc3c(NC(=O)CNc4ccnc(-c5ccc(F)cc5)n4)cccc3C2=O)C(=O)N1,0
O=C1CCC(NC(=O)c2cc(C3CC3)ns2)C(=O)N1,0
N#CN1CCCC(c2cn(-c3cncc(C(=O)NC4CCC(=O)NC4=O)n3)cn2)C1,1
N#CN1CCCC(c2csc(C(=O)Nc3cccc4c3CN(C3CCC(=O)NC3=O)C4=O)c2)C1,1
Cc1ccc(-c2nc(C)c(C(=O)NC3CCC(=O)NC3=O)c(=O)[nH]2)o1,0
O=C1CCC(Nc2ccccc2N2CCOCC2)C(=O)N1,0
O=C1CCC(NC(=O)c2ccc(Nc3nccs3)cc2F)C(=O)N1,0
N#CN1CCC(c2cc(-c3cccc4c3CN(C3CCC(=O)NC3=O)C4=O)ccn2)CC1,1
O=C1CCC(N2Cc3cc(NS(=O)(=O)c4cccc5ccoc45)ccc3C2=O)C(=O)N1,0
N#CN1CCCC(c2cncnc2Nc2ccc3c(c2)CN(C2CCC(=O)NC2=O)C3=O)C1,1
O=C1CCC(NC(=O)c2nc[nH]c2-c2ccncc2)C(=O)N1,0
N#CN1CCC(c2ccc(Cc3cn(C4CCC(=O)NC4=O)nn3)cc2)C1,1
N#CN1CCC(c2cc(-c3cccc4c3CN(C3CCC(=O)NC3=O)C4=O)cc3c2NCC3)C1,1
O=C1CCC(NC(=O)c2cccc3oc(S(=O)(=O)F)cc23)C(=O)N1,1
O=C1CCC(NC(=O)c2ccc(S(=O)(=O)F)c3occc23)C(=O)N1,1
O=C1CCC(NC(=O)c2ccc(Cl)c3occc23)C(=O)N1,0
O=C1CCC(NC(=O)c2cc(S(=O)(=O)F)cc3occc23)C(=O)N1,1
O=C1CCC(NC(=O)c2cccc3oc(OS(=O)(=O)F)cc23)C(=O)N1,1
O=C1CCC(NC(=O)c2c(F)ccc3occc23)C(=O)N1,0
O=C1CCC(NC(=O)c2cn(C3CCCNCC3)nn2)C(=O)N1,0
N#CN1CCC(c2cccc(-n3nncc3C(=O)NC3CCC(=O)NC3=O)c2)C1,1
N#CN1CCCC(c2nnnn2-c2ccc(C(=O)NC3CCC(=O)NC3=O)cc2)C1,1
O=C1CCC(NC(=O)c2cnn3c(S(=O)(=O)F)ccc3c2)C(=O)N1,1
Nc1c(C(=O)NC2CCC(=O)NC2=O)cnn2c(Br)ccc12,0
O=C1CCC(c2ccc(NC(=O)c3c(F)cccc3-n3cccn3)cc2)C(=O)N1,0
O=C1CCC(NC(=O)c2cc(CNC(=O)c3occ4c3CCC4)on2)C(=O)N1,0
N#CN1CCCC(c2cncc(-c3nccc(NC4CCC(=O)NC4=O)n3)c2)C1,1
N#CN1CCC(c2ccccc2C(=O)Nc2cccc3c2CN(C2CCC(=O)NC2=O)C3=O)CC1,1
N#CN1CCC(c2nc3n(n2)CC(C(=O)Nc2ccc(C4CCC(=O)NC4=O)cc2)CC3)C1,1
N#CN1CCCC(c2cn(-c3ccc4c(c3)C(=O)N(C3CCC(=O)NC3=O)C4)nn2)C1,1
Cn1cc(C#N)cc1C(=O)NC1CCC(=O)NC1=O,0
Cn1cccc1C(=O)NC1CCC(=O)NC1=O,0
O=C1CCC(NC(=O)c2c(O)c3cccc4c3n(c2=O)CCC4)C(=O)N1,0
O=C1CCC(NC(=O)c2cc3cc(S(=O)(=O)F)cc4c3n(c2=O)CCC4)C(=O)N1,1
O=C1CCC(NC(=O)c2cc3c(S(=O)(=O)F)ccc4c3n(c2=O)CCC4)C(=O)N1,1
O=C1CCC(NC(=O)c2c[nH]c3ccc(Oc4ccccc4)cc3c2=O)C(=O)N1,0
O=C1CCC(N2Cc3cc(NC(=O)c4nc5ccccn5n4)ccc3C2=O)C(=O)N1,0
O=C1CCC(N2Cc3c(C(=O)Nc4cc(S(=O)(=O)F)ccn4)cccc3C2=O)C(=O)N1,1
O=C1CCC(N2Cc3c(C(=O)Nc4cccc(S(=O)(=O)F)n4)cccc3C2=O)C(=O)N1,1
O=C1CCC(N2Cc3c(C(=O)Nc4ncccc4S(=O)(=O)F)cccc3C2=O)C(=O)N1,1
Nc1cccc(NC(=O)c2cccc3c2CN(C2CCC(=O)NC2=O)C3=O)n1,0
O=C1CCC(N2Cc3cc(NC(=O)N4CC5COCC5C4)ccc3C2=O)C(=O)N1,0
CCC12CNC(C(=O)Nc3ccc(NC4CCC(=O)NC4=O)cc3)(C1)C2,0
CCC1(c2ccc(NCC3CC4C=CC3C4)cc2)CCC(=O)NC1=O,0
CC1(CNC(=O)c2cccc3c2CN(C2CCC(=O)NC2=O)C3=O)CCNC1,0
O=C1CCC(N2Cc3c(NCC(=O)N4CC=CCC4)cccc3C2=O)C(=O)N1,0
N#CN1CCCC(c2cccc(-c3nc(C(=O)NC4CCC(=O)NC4=O)cs3)c2)C1,1
O=C1CCC(N2CCc3cc(N4CCNCC4)ccc32)C(=O)N1,0
O=C1CC(c2cccc(NC(=O)c3ccc(-c4nn[nH]n4)[nH]3)c2)CC(=O)N1,0
O=C1CCC(N2Cc3c(NC(=O)CC4CC=CC4)cccc3C2=O)C(=O)N1,0
O=C1NC(CNCc2ccc3cn[nH]c3c2)c2ccccc21,0
N#CN1CCC(c2nc3c(c(Nc4ccc(C5CCC(=O)NC5=O)cc4)n2)CC2(CC3)CC2)C1,1
CC1(C2CCCCC2)CC(=O)N(C2CCC(=O)NC2=O)C1=O,0
CC1(C(=O)Nc2ccc3c(c2)C(=O)N(C2CCC(=O)NC2=O)C3)CC=CC1,0
N#CN1CCC(c2n[nH]nc2-c2ccc3c(c2)CN(C2CCC(=O)NC2=O)C3=O)CC1,1
CNc1ccccc1C(O)NCCN1CCC(=O)NC1O,0
O=C1CCC(c2ccc(NC(=O)CC3OCCc4ccsc43)cc2)C(=O)N1,0
CCc1nscc1C(=O)NC1CCC(=O)NC1=O,0
COc1nsc(OC)c1C(=O)NC1CCC(=O)NC1=O,0
Cc1sncc1C(=O)NC1CCC(=O)NC1=O,0
O=C1CCC(NC(=O)c2c(Cl)nsc2Br)C(=O)N1,0
N#CN1CCC(c2ccc3c(c2-c2ccc4c(c2)CN(C2CCC(=O)NC2=O)C4=O)OCCCO3)C1,1
CC1NCCc2c(C(=O)NC3CCC(=O)NC3=O)ccc(Cl)c21,0
N#CN1CCCC(c2occc2-c2ccc3c(c2)C(=O)N(C2CCC(=O)NC2=O)C3)C1,1
O=C1CCC(NC(=O)c2ncn3c2CCNCC3)C(=O)N1,0
N#CN1CCCC(c2[nH]ncc2-c2ccc3c(c2)CN(C2CCC(=O)NC2=O)C3=O)C1,1
N#CN1CCC(c2c(C(=O)Nc3ccc(C4CCC(=O)NC4=O)cc3)ccc3c2COCC3)CC1,1
N#CN1CCCC(c2noc(C34CC(CN3C(=O)c3ccc(N5CCC(=O)NC5=O)cc3)C4)n2)C1,1
N#CN1CCC(c2nc3nccc(Nc4cccc(N5CCC(=O)NC5=O)c4)n3n2)CC1,1
N#CN1CCCC(c2ccccc2-n2cc(C(=O)NC3CCC(=O)NC3=O)cn2)C1,1
O=C1CCC(NC(=O)c2cccc(C3(C(F)(F)F)CCO3)c2)C(=O)N1,0
O=C1CCC(n2nnc3ccc(CNC(=O)Nc4ccc5ncsc5c4)cc3c2=O)C(=O)N1,0
CC1CC(=O)Nc2ccc(C(=O)NC3CCC(=O)NC3=O)cc2N1,0
O=C1CCC(NC(=O)c2csc3c(O)ccnc23)C(=O)N1,0
O=C1CCC(NC(=O)c2csc3cc(S(=O)(=O)F)cnc23)C(=O)N1,1
O=C1CCC(NC(=O)c2csc3cc(Cl)cnc23)C(=O)N1,0
O=C1CCC(NC(=O)c2csc3c(S(=O)(=O)F)ccnc23)C(=O)N1,1
CN1Cc2ccc(NC(=O)CCl)cc2C1=O,1
O=C(CCl)Nc1cccc2c1CNC2=O,1
CN1Cc2c(NC(=O)CCl)cccc2C1=O,1
C=CC(=O)Nc1ccc2c(c1)C(=O)N(C)C2,1
C=CC(=O)NCC1c2ccccc2C(=O)N1C,1
C=CC(=O)Nc1cccc2c1C(=O)N(C)C2,1
O=C(CCl)Nc1cccc2c1C(=O)NC2,1
C=CC(=O)Nc1cccc2c1CNC2=O,1
CN(C)CC=CC(=O)NCC1c2ccccc2C(=O)N1C,1
CN1C(=O)c2ccccc2C1CNC(=O)CCl,1
CC(Cl)C(=O)Nc1cccc2c1CN(C)C2=O,1
COc1cccc2c1C(=O)N(C)C2CN,0
C=CC(=O)NCC1NC(=O)c2ccccc21,1
O=C(CCl)NN1Cc2ccccc2C1=O,1
CC(C(=O)NS(C)(=O)=O)c1ccc2c(c1)C(=O)NC2,0
O=C(CCl)Nc1ccc2c(c1)C(=O)NC2,1
CN1Cc2cc(CNC(=O)CCl)ccc2C1=O,1
CN1Cc2cccc(NC(=O)CCl)c2C1=O,1
CCN1Cc2cc(CNC(=O)CCl)ccc2C1=O,1
CN1Cc2ccc(CNC(=O)CCl)cc2C1=O,1
O=C1NCc2c(NC(=O)C(F)Cl)cccc21,1
C=CC(=O)N(CCNC(=O)c1cccc2c1C(=O)NC2)CCOC,1
CC(C)(C)CNC(=O)NS(=O)(=O)c1cccc2c1CNC2=O,0
N#CN1CCCC(c2ccc3c(c2)OCC(C(=O)Nc2ccc(C4CCC(=O)NC4=O)cc2)O3)C1,1
O=C1CCC(N2C(=O)c3cccc(NC(=O)c4cnccn4)c3C2=O)C(=O)N1,0
O=C1CCC(NC(=O)c2occc2-c2ccc(F)c(F)c2)C(=O)N1,0
Cc1cc(NC2CCC(=O)NC2=O)nnc1C(F)(F)F,0
N#CN1CCC(c2cccc(-c3[nH]ncc3C(=O)NC3CCC(=O)NC3=O)c2)C1,1
N#CN1CCCC(c2ccnc(Nc3ccc4c(c3)CN(C3CCC(=O)NC3=O)C4=O)n2)C1,1
N#CN1CCC(c2cn(-c3ccc4c(c3)CN(C3CCC(=O)NC3=O)C4=O)nn2)C1,1
N#CN1CCC(c2ccncc2-c2ccc(C(=O)NC3CCC(=O)NC3=O)cc2)C1,1
O=C1CCC(c2ccc(NC(=O)CCc3nc(-c4nnc[nH]4)no3)cc2)C(=O)N1,0
Nc1nccc(Nc2ccc3c(c2)CN(C2CCC(=O)NC2=O)C3=O)n1,0
O=C1CCC(n2cc(-c3csc(C(=O)NC4CC4)c3)nn2)C(=O)N1,0
Cc1cc(Nc2ccc(C3CCC(=O)NC3=O)cc2)nc(C2CCCOC2)n1,0
N#CN1CCC(c2cc(-c3cncc(C(=O)NC4CCC(=O)NC4=O)c3)cc3c2OCC3)C1,1
Cc1nn(C(C)C)c2[nH]c(=O)cc(C(=O)NC3CCC(=O)NC3=O)c12,0
O=C1CCC(N2Cc3ccc(NC(=O)C4(C5CC5)CC4)cc3C2=O)C(=O)N1,0
CC(=O)Nc1cnc(Cl)cc1C(=O)NC1CCC(=O)NC1=O,0
Nc1c(C(=O)NC2CCC(=O)NC2=O)cc(Cl)nc1Br,0
CC(C)Cc1cc(C(=O)NC2CCC(=O)NC2=O)cc(O)n1,0
Nc1cnc(Cl)c(Cl)c1C(=O)NC1CCC(=O)NC1=O,0
O=C1CCC(NC(=O)c2ccnc(S(=O)(=O)F)c2)C(=O)N1,1
CC(C)Oc1nccc(C(=O)NC2CCC(=O)NC2=O)c1F,0
O=C1CCC(NC(=O)c2c(Br)sc3ccccc23)C(=O)N1,0
O=C1CCC(NC(=O)c2csc3cc(S(=O)(=O)F)ccc23)C(=O)N1,1
O=C1CCC(NC(=O)c2csc3ccc(C(F)(F)F)cc23)C(=O)N1,0
O=C1CCC(NC(=O)c2csc3c(S(=O)(=O)F)cccc23)C(=O)N1,1
O=C1CCC(NC(=O)c2csc3ccc(OS(=O)(=O)F)cc23)C(=O)N1,1
O=C1CCC(NC(=O)c2csc3c(F)cc(F)cc23)C(=O)N1,0
Cc1sc2ccc(F)cc2c1C(=O)NC1CCC(=O)NC1=O,0
COc1cccc2scc(C(=O)NC3CCC(=O)NC3=O)c12,0
N#CN1CCC(c2nc3nccc(Nc4cccc(N5CCC(=O)NC5=O)c4)n3n2)C1,1
O=C1CCC(NC(=O)c2cccc(C3CCCNC3)c2)C(=O)N1,0
N#CN1CCCC(c2ccc3c(c2)CC(C(=O)Nc2cccc(C4CCC(=O)NC4=O)c2)=N3)C1,1
O=C1CCC(c2ccc(NC(=O)c3cccc4cn[nH]c(=O)c34)cc2)C(=O)N1,0
COCCn1cc(C(=O)NC2CCC(=O)NC2=O)c(=O)cc1C,0
O=C1CCC(NC(=O)c2cn(C(F)F)ccc2=O)C(=O)N1,0
N#CN1CCCC(c2cncc(-c3ccc4c(c3)CN(C3CCC(=O)NC3=O)C4=O)c2)C1,1
O=C1CCC(c2ccc(NC(=O)c3c(C4CC4)nn4ccccc34)cc2)C(=O)N1,0
N#CN1CCC(c2cccc(NC(=O)c3ccc4c(c3)CN(C3CCC(=O)NC3=O)C4=O)c2)CC1,1
N#CN1CCCC(c2cncc(-c3ncc(C(=O)NC4CCC(=O)NC4=O)s3)n2)C1,1
O=C1CCC(N2C(=O)c3cccc(NCc4cc5ccccc5o4)c3C2=O)C(=O)N1,0
O=C1CCC(NC(=O)c2cccc3c2C(=O)N(C2CCC(=O)NC2=O)C3)C(=O)N1,0
O=C1CCC(NC(=O)c2ccc(S(=O)(=O)F)c3cnoc23)C(=O)N1,1
O=C1CCC(NC(=O)c2cccc3cnoc23)C(=O)N1,0
O=C1CCC(NC(=O)c2cc(S(=O)(=O)F)cc3cnoc23)C(=O)N1,1
O=C1CCC(NC(=O)c2cccc3c(S(=O)(=O)F)noc23)C(=O)N1,1
CC1(C)CCC(Nc2cnccc2C(=O)NC2CCC(=O)NC2=O)C1,0
N#CN1CCCC(c2cccc3c2C(C(=O)Nc2ccc(C4CCC(=O)NC4=O)cc2)OCC3)C1,1
CN(CC1CCC1)C(=O)Nc1ccc2c(c1)CN(C1CCC(=O)NC1=O)C2=O,0
O=C1CCC(N2C(=O)c3cccc(NC(=O)C4CCC4)c3C2=O)C(=O)N1,0
N#CN1CCC(c2ccsc2-c2ccc(C(=O)NC3CCC(=O)NC3=O)cn2)CC1,1
Cc1cc(NC2CCC(=O)N(C)C2=O)n2nc(C(F)(F)F)nc2n1,0
O=C1CCC(Nc2ccnc3nc(S(=O)(=O)F)nn23)C(=O)N1,1
CCCCc1cc(N(C)C2CCC(=O)NC2=O)n2ncnc2n1,0
CCCc1cc(NC2CCC(=O)NC2=O)n2ncnc2n1,0
Cc1c(Cl)nc2ncnn2c1NC1CCC(=O)NC1=O,0
Cc1cc(N(C)C2CCC(=O)NC2=O)n2nc(C)nc2n1,0
CN1C(=O)CCC(Nc2cc(C(F)(F)F)nc3ncnn23)C1=O,0
N#CN1CCC(c2ccc3c(c2)N=C(C(=O)Nc2cccc(C4CCC(=O)NC4=O)c2)C3)C1,1
Cn1cc(C(=O)NC2CCC(=O)NC2=O)c(OCc2ccccc2)n1,0
Cn1c(C(=O)NC2CCC(=O)NC2=O)cnc1C(F)(F)F,0
CN1C(=O)CCC(NC(=O)c2cncn2C)C1=O,0
Cn1cncc1C(=O)NC1CCC(=O)NC1=O,0
Cc1nc(C(F)(F)F)c(C(=O)NC2CCC(=O)NC2=O)[nH]1,0
O=C1CCC(NC(=O)c2cnc[nH]2)C(=O)N1,0
N#Cc1nc[nH]c1C(=O)NC1CCC(=O)NC1=O,0
Cc1nc(Br)c(C(=O)NC2CCC(=O)NC2=O)n1C,0
O=C1CCC(c2ccc(NC(=O)c3nccc4ccsc34)cc2)C(=O)N1,0
N#CN1CCCC(c2ccccc2-n2ccc(C(=O)NC3CCC(=O)NC3=O)n2)C1,1
N#CN1CCCC(c2ccccc2C(=O)Nc2ccc3c(c2)CN(C2CCC(=O)NC2=O)C3=O)C1,1
O=C1CCC(N2C(=O)c3cccc(N4CCCCC4)c3C2=O)C(=O)N1,0
O=C1CCN(c2cccc(NC3CCCc4ccc(S(=O)(=O)F)cc4C3)c2)C(=O)N1,1
Cc1cc(NC2CCCc3c(O)cccc3C2)cc(N2CCC(=O)NC2=O)c1,0
O=C1CCC(Nc2ccnc3cc(S(=O)(=O)F)nn23)C(=O)N1,1
COc1c(Cl)nc2ccnn2c1NC1CCC(=O)NC1=O,0
Cc1nn2c(N(C)C3CCC(=O)NC3=O)cc(Cl)nc2c1C,0
CCc1cc(N(C)C2CCC(=O)NC2=O)n2nccc2n1,0
CN(c1ccnc2c(C#N)cnn12)C1CCC(=O)NC1=O,0
Cc1cc(NC2CCC(=O)NC2=O)n2ncc(C#N)c2n1,0
COc1c(Cl)nc2ccnn2c1N(C)C1CCC(=O)NC1=O,0
N#CN1CCCC(c2ccc3ccc(-c4cn(C5CCC(=O)NC5=O)nn4)cc3n2)C1,1
O=C1CCC(NC(=O)c2csc(-c3ccccc3)n2)C(=O)N1,0
COc1cccc(-c2nc(C(=O)NC3CCC(=O)NC3=O)cs2)c1OC,0
O=C1CCC(NC(=O)c2csc(-c3ccc(Cl)cc3)n2)C(=O)N1,0
O=C1CCC(N2CCCc3c(C4CCNCC4)cccc32)C(=O)N1,0
N#CN1CCC(c2ccnc(-c3ccc4c(c3)CN(C3CCC(=O)NC3=O)C4=O)n2)C1,1
CCc1cn2c(n1)CCC(C(=O)Nc1ccc(NC3CCC(=O)NC3=O)cc1)C2,0
O=C1CCC(c2ccc(NC(=O)Cc3cc(F)cc4c3OCOC4)cc2)C(=O)N1,0
CC1(N2C(=O)CC3(CCOCC3)C2=O)CCC(=O)NC1=O,0
N#CN1CCCC(c2ccccc2-c2ccc(C(=O)NC3CCC(=O)NC3=O)nc2)C1,1
CN(c1oc(-c2ccccc2)nc1C(F)(F)F)C1CCC(=O)NC1=O,0
CC1CNc2[nH]nc(C(=O)NC3CCC(=O)NC3=O)c2C1,0
O=C(CCCn1ccnc1)NCc1nocc1C(=O)NC1CCC(=O)NC1=O,0
Cc1cc2c(-c3ccc4c(c3)CN(C3CCC(=O)NC3=O)C4=O)ncnc2[nH]1,0
Cc1nc(-c2ccc3c(c2)CN(C2CCC(=O)NC2=O)C3=O)c2cc[nH]c2n1,0
O=C1CCC(N2Cc3ccc(C(=O)Nc4cc(C(=O)O)[nH]n4)cc3C2=O)C(=O)N1,0
O=C1CCC(c2ccc(NC(=O)c3cc(F)c4[nH]c(=O)ccc4c3)cc2)C(=O)N1,0
CC(=Cn1ccnn1)C(=O)Nc1ccc(C2CCC(=O)NC2=O)cc1,0
O=C1CCC(c2cccc(NC(=O)CCc3cnc4n3CCCCC4)c2)C(=O)N1,0
N#CN1CCC(c2ccc(=O)n3c2CCC3C(=O)Nc2ccc(C3CCC(=O)NC3=O)cc2)C1,1
N#CN1CCCC(c2ccc(=O)n3c2CCC3C(=O)Nc2ccc(C3CCC(=O)NC3=O)cc2)C1,1
N#CN1CCC(c2cccc(-c3cnccc3C(=O)NC3CCC(=O)NC3=O)c2)C1,1
N#CN1CCC(c2nnc(C(=O)Nc3ccc(C4CCC(=O)NC4=O)cc3)c3c2CCCC3)C1,1
N#CN1CCCC(c2cccc(-c3nc(C(=O)NC4CCC(=O)NC4=O)co3)c2)C1,1
Cc1sc(C(=O)NC2CCC(=O)NC2=O)nc1-c1ccccc1,0
O=C1CCC(NC(=O)c2nc(-c3ccccc3)cs2)C(=O)N1,0
O=C1CCC(NC(=O)c2ccnc3c2CCN3)C(=O)N1,0
N#CN1CCC(c2ccc(-n3nc(C(=O)NC4CCC(=O)NC4=O)ccc3=O)cc2)C1,1
N#CN1CCCC(c2c[nH]nc2-c2ccc3c(c2)CN(C2CCC(=O)NC2=O)C3=O)C1,1
O=C1CCC(NC(=O)c2cccc(NC(=O)CCCc3cccs3)c2)C(=O)N1,0
CN1C(=O)Cc2cc(Cl)ccc2C1=O,0
N#CN1CCCC(c2csc(-n3cc(C(=O)NC4CCC(=O)NC4=O)cn3)n2)C1,1
N#CN1CCC(c2[nH]ncc2-c2ccc3c(c2)CN(C2CCC(=O)NC2=O)C3=O)C1,1
O=C1CCC(N2Cc3c(NC(=O)C4CC=CCC4)cccc3C2=O)C(=O)N1,0
N#CN1CCC(c2ccc(-c3nc(C(=O)NC4CCC(=O)NC4=O)cs3)nc2)C1,1
COc1cnnc(C(=O)NCc2ncc(C(=O)NC3CCC(=O)NC3=O)cn2)c1,0
N#CN1CCC(c2ccc(-c3cnc(C(=O)NC4CCC(=O)NC4=O)o3)cc2)C1,1
O=C1CCC(c2ccc(NC(=O)c3cncc(-n4ccnc4)n3)cc2)C(=O)N1,0
O=C1CCC(NC(=O)c2cc3c(S(=O)(=O)F)ccnc3o2)C(=O)N1,1
O=C1CCC(NC(=O)c2cc3cc(Cl)cnc3o2)C(=O)N1,0
O=C1CCC(NC(=O)c2cc3ccc(S(=O)(=O)F)nc3o2)C(=O)N1,1
O=C1CCC(N2C(=O)c3ccc(NC(=O)Cn4cnnn4)cc3C2=O)C(=O)N1,0
O=C1CCC(NC(=O)c2ccc3nc(S(=O)(=O)F)sc3n2)C(=O)N1,1
O=C1CCC(NC(=O)c2ccc3ncsc3n2)C(=O)N1,0
O=C1CCC(NC(=O)c2cc(S(=O)(=O)F)c3ncsc3n2)C(=O)N1,1
N#CN1CCCC(c2cc(-c3ccc4c(c3)CN(C3CCC(=O)NC3=O)C4=O)cc3c2C(=O)CC3)C1,1
N#CN1CCCC(c2cccc3c2CCCC3C(=O)Nc2ccc(C3CCC(=O)NC3=O)cc2)C1,1
COc1ccc(-c2cnco2)cc1C(=O)NC1CCC(=O)NC1=O,0
N#CN1CCC(c2cc(C(=O)Nc3ccc(C4CCC(=O)NC4=O)cc3)cc3c2CCOC3)C1,1
O=C1NCc2cc(-c3ccc4c(c3)S(=O)(=O)NCCO4)ccc21,0
CC(C)(C)C1CCc2c(n[nH]c2C(=O)NC2CCC(=O)NC2=O)C1,0
CC(C)(C)n1nc2c(c1C(=O)NC1CCC(=O)NC1=O)CCCC2,0
N#CN1CCC(c2ccc(-c3snnc3C(=O)NC3CCC(=O)NC3=O)cc2)C1,1
CN1C(=O)CCC(NC(=O)c2cc3n(n2)CCO3)C1=O,0
N#CN1CCCC(c2cccc(NC(=O)c3cccc4c3CN(C3CCC(=O)NC3=O)C4=O)n2)C1,1
CCc1nn(C)c(CC)c1CNc1ccc(C2(CC)CCC(=O)NC2=O)cc1,0
O=C1CCC(Nc2ccc(NC(=O)c3ncc4c(n3)CCNC4)cc2)C(=O)N1,0
O=C1CCC(N2Cc3cc(-c4nccc5ncccc45)ccc3C2=O)C(=O)N1,0
Cc1ccn(-c2ccnc(C(=O)NC3CCC(=O)NC3=O)n2)n1,0
O=C1CCC2(CC(C3CCCC3)=NO2)C(=O)N1,0
CC(C)(C)c1nnc(C(=O)NC2CCC(=O)NC2=O)[nH]1,0
Cn1c(S)nnc1C(=O)NC1CCC(=O)NC1=O,0
CC1CCN(S(=O)(=O)Nc2ccc(C3CC(=O)NC(=O)C3)cc2)C1,0
CC1CCCN1S(=O)(=O)Nc1ccc(C2CC(=O)NC(=O)C2)cc1,0
N#CN1CCCC(c2cc(-c3ccc4c(c3)CN(C3CCC(=O)NC3=O)C4=O)cc3c2OCO3)C1,1
N#CN1CCC(c2cc3c(cc2-c2cncc(C(=O)NC4CCC(=O)NC4=O)c2)CCO3)C1,1
N#CN1CCC(c2c(C(=O)Nc3ccc(C4CCC(=O)NC4=O)cc3)ccc3c2CCC3)C1,1
CN1CCCn2nnc(C(=O)NC3CCC(=O)NC3=O)c21,0
N#CN1CCC(c2cc(-c3ccc4c(c3)CN(C3CCC(=O)NC3=O)C4=O)cc3c2OCC3)CC1,1
N#CN1CCC(c2cc(-c3ccc4c(c3)CN(C3CCC(=O)NC3=O)C4=O)ncn2)C1,1
Cc1cccc(C(=O)Nc2cccc(C3CC(=O)NC(=O)C3)c2)c1C,0
Cc1cccc(C)c1C(=O)Nc1cccc(C2CC(=O)NC(=O)C2)c1,0
C=CC(=O)NCC1(c2ccccc2)CC(NC(=O)c2cccc3c2C(=O)NC3)C1,1
O=C1CCC(NC(=O)c2cn3c(S(=O)(=O)F)nnc3s2)C(=O)N1,1
Cc1c(C(=O)NC2CCC(=O)NC2=O)sc2nnc(S)n12,0
Cc1cnn(C(C)C(=O)NCc2ocnc2C(=O)NC2CCC(=O)NC2=O)c1,0
Cc1c(C(=O)NC2CCC(=O)NC2=O)sc2cc[nH]c(=O)c12,0
CC(C)(CC1CCOC1)C(=O)Nc1ccc(C2CCC(=O)NC2=O)cc1,0
N#CN1CCC(c2cncc(-c3cccc4c3CN(C3CCC(=O)NC3=O)C4=O)n2)C1,1
N#CN1CCC(c2cccc3c2C(C(=O)Nc2ccc(C4CCC(=O)NC4=O)cc2)CCC3)CC1,1
N#CN1CCCC(c2cc3c(cc2-c2ccc4c(c2)C(=O)N(C2CCC(=O)NC2=O)C4)CCC3)C1,1
N#CN1CCC(c2cc3c(c(-c4cccc5c4CN(C4CCC(=O)NC4=O)C5=O)c2)OCCNC3)C1,1
O=C1CCC(NC(=O)c2cccc(NC(=O)c3ccc4[nH]cnc4c3)c2)C(=O)N1,0
Cc1nn2c(c1C(=O)Nc1ccc(C3CCC(=O)NC3=O)cc1)CNCC2,0
O=C1CCC(NC(=O)c2c(Br)cc(Cl)c3[nH]ncc23)C(=O)N1,0
O=C1CCC(NC(=O)c2ccc(S(=O)(=O)F)c3[nH]ncc23)C(=O)N1,1
O=C1CCC(NC(=O)c2cc(S(=O)(=O)F)cc3[nH]ncc23)C(=O)N1,1
COc1cccc(C(=O)NC2CCC(=O)NC2=O)c1-n1cccn1,0
O=C1CCC(NC(=O)c2cccc(Nc3ccc(-c4nn[nH]n4)cc3)c2)C(=O)N1,0
N#CN1CCCC(c2ccc3c(=O)[nH]c(C(=O)NC4CCC(=O)NC4=O)cc3c2)C1,1
O=C1CCC(n2cc(-c3cscc3OCc3ccccc3)nn2)C(=O)N1,0
COc1ccc(COc2cscc2-c2cn(C3CCC(=O)NC3=O)nn2)cc1,0
O=C1CCC(NC(=O)c2coc3ncc(OS(=O)(=O)F)cc23)C(=O)N1,1
O=C1CCC(NC(=O)c2coc3nc(S(=O)(=O)F)ccc23)C(=O)N1,1
Cc1oc2nc(Cl)ccc2c1C(=O)NC1CCC(=O)NC1=O,0
O=C1CCN(c2cccc(-c3cc4c(OS(=O)(=O)F)nccc4o3)c2)C(=O)N1,1
CCOc1nccc2oc(-c3ccc(C)c(N4CCC(=O)NC4=O)c3)cc12,0
O=C1CCN(c2cccc(-c3cc4cncc(S(=O)(=O)F)c4o3)c2)C(=O)N1,1
O=C1CCN(c2cccc(-c3cc4cncc(OS(=O)(=O)F)c4o3)c2)C(=O)N1,1
O=C1CCN(c2cccc(-c3cc4cnc(OS(=O)(=O)F)cc4o3)c2)C(=O)N1,1
O=C1CCN(c2cccc(-c3cc4c(S(=O)(=O)F)nccc4o3)c2)C(=O)N1,1
O=C1CCN(c2ccc(S(=O)(=O)F)c(-c3cc4cnccc4o3)c2)C(=O)N1,1
O=C1CCN(Cc2cn(CC3(C(F)(F)F)CCCCC3)nn2)C(=O)N1,0
O=C1CCC(NC(=O)c2cc(Br)cnc2OCC2CC2)C(=O)N1,0
N#CN1CCC(c2ncccc2-c2ccc(C(=O)NC3CCC(=O)NC3=O)cc2)C1,1
O=C1CCC(c2cccc(NC(=O)Cn3nnc(-c4ccco4)n3)c2)C(=O)N1,0
O=C1CCC(N2Cc3cc(-c4cc5c(c(OS(=O)(=O)F)c4)C(=O)CC5)ccc3C2=O)C(=O)N1,1
O=C1CCC(N2Cc3cc(-c4ccc5c(c4F)CCC5=O)ccc3C2=O)C(=O)N1,0
O=C1CCC(N2Cc3cc(-c4cc5c(cc4OS(=O)(=O)F)C(=O)CC5)ccc3C2=O)C(=O)N1,1
O=C1CCC(N2Cc3cc(-c4ccc5c(c4OS(=O)(=O)F)CCC5=O)ccc3C2=O)C(=O)N1,1
N=S1(=O)CCCc2ncnc(Nc3ccc(C4CCC(=O)NC4=O)cc3)c21,0
N#CN1CCCC(c2ccc3c(c2)CC(NC(=O)c2cccc(N4CCC(=O)NC4=O)c2)CO3)C1,1
CCc1ccccc1C(=O)Nc1cccc2c1CN(C1CCC(=O)NC1=O)C2=O,0
Cc1ccc(C(=O)Nc2cccc3c2CN(C2CCC(=O)NC2=O)C3=O)c(C)c1,0
O=C1CCC(N2Cc3c(NC(=O)c4cccc(S(=O)(=O)F)c4)cccc3C2=O)C(=O)N1,1
O=C1CCC(N2Cc3c(NC(=O)c4ccccc4S(=O)(=O)F)cccc3C2=O)C(=O)N1,1
N#CN1CCCC(c2cc(-c3ccc4c(c3)C(=O)N(C3CCC(=O)NC3=O)C4)co2)C1,1
O=C1CCC(NC(=O)c2ncn(Cc3ccccc3)n2)C(=O)N1,0
O=C1CCC(NC(=O)c2cnn(C3CCCC3)c2-c2ccccc2)C(=O)N1,0
O=C1CCC(c2ccc(NC(=O)C3=COc4ccc(S(=O)(=O)F)cc4O3)cc2)C(=O)N1,1
O=C1CCC(c2ccc(NC(=O)C3=COc4c(cccc4S(=O)(=O)F)O3)cc2)C(=O)N1,1
O=C1CCC(c2ccc(NC(=O)C3=COc4ccccc4O3)cc2)C(=O)N1,0
O=C1CCC(NC(=O)c2c(O)nc(=O)n3c2CCC3)C(=O)N1,0
O=C1CCC(Nc2nc3cc(S(=O)(=O)F)ccc3s2)C(=O)N1,1
O=C1CCC(Nc2nc3ccc(F)cc3s2)C(=O)N1,0
O=C1CCC(Nc2nc3cccc(OC(F)F)c3s2)C(=O)N1,0
O=C1CCC(Nc2nc3c(S(=O)(=O)F)cccc3s2)C(=O)N1,1
O=C1CCC(Nc2nc3ccccc3s2)C(=O)N1,0
O=C(CCl)N1CC=C(CCN2C(=O)c3ccccc3C2=O)CC1,1
O=C1CCC(NC(=O)c2c3c(nc4cc(S(=O)(=O)F)ccc24)CCC3)C(=O)N1,1
O=C1CCC(NC(=O)c2c3c(nc4ccccc24)CCC3)C(=O)N1,0
O=C1CCC(NC(=O)c2c3c(nc4c(S(=O)(=O)F)cccc24)CCC3)C(=O)N1,1
O=C1CCC(NC(=O)c2c3c(nc4ccc(Cl)cc24)CCC3)C(=O)N1,0
N#CN1CCC(c2ccc(-c3csc(C(=O)NC4CCC(=O)NC4=O)c3)cc2)C1,1
N#CN1CCC(c2cc3c(cc2-c2ccc4c(c2)C(=O)N(C2CCC(=O)NC2=O)C4)CCC3)C1,1
N#CN1CCC(c2cn[nH]c2-c2ccc3c(c2)CN(C2CCC(=O)NC2=O)C3=O)CC1,1
N#CN1CCCC(c2cccc3c2N=C(C(=O)Nc2cccc(C4CCC(=O)NC4=O)c2)C3)C1,1
N#CN1CCCC(c2cc(-c3ccc4c(c3)C(=O)N(C3CCC(=O)NC3=O)C4)c[nH]c2=O)C1,1
O=C1CCC(c2ccc(NC(=O)C3CCc4snnc43)cc2)C(=O)N1,0
CN(c1nc(Cl)nc2cc[nH]c12)C1CCC(=O)NC1=O,0
O=C1CCC(Nc2ncnc3cc(S(=O)(=O)F)[nH]c23)C(=O)N1,1
N#CN1CCC(c2ccccc2-c2ccc(C(=O)NC3CCC(=O)NC3=O)o2)CC1,1
O=C1CCC(c2cccc(NC(=O)CS(=O)(=O)CC3CCCO3)c2)C(=O)N1,0
CN(c1ccnc(Cc2ccc(F)cc2)n1)C1CCC(=O)NC1=O,0
O=C1CCC(Nc2ccnc(Cc3ccc(F)cc3)n2)C(=O)N1,0
O=C1CCC(c2ccc(NC(=O)c3cncn3-c3ccc(O)cc3)cc2)C(=O)N1,0
O=C1CCC(N2Cc3cc(-c4nccc5cc[nH]c45)ccc3C2=O)C(=O)N1,0
O=C1CCC(N2Cc3ccc(C(=O)N4CCC5(CCCC5)C4)cc3C2=O)C(=O)N1,0
O=C1CCC(NC(=O)c2oc3cc(Cl)ccc3c2-c2ccccc2)C(=O)N1,0
N#CN1CCCC(c2ccc(-c3cncc(C(=O)NC4CCC(=O)NC4=O)c3)cc2)C1,1
O=C1CCC(NC(=O)c2cc(S(=O)(=O)F)c3nccn3n2)C(=O)N1,1
Cc1cn2nc(C(=O)NC3CCC(=O)NC3=O)cc(C)c2n1,0
O=C1CCC(NC(=O)c2ccc3ncc(OS(=O)(=O)F)n3n2)C(=O)N1,1
O=C1CCC(NC(=O)c2ccc3nc(S(=O)(=O)F)cn3n2)C(=O)N1,1
O=C1CCC(NC(=O)c2ccc3ncc(S(=O)(=O)F)n3n2)C(=O)N1,1
CC(Cn1ccc2ccccc21)C(=O)Nc1cccc(C2CCC(=O)NC2=O)c1,0
O=C1CCC(NC(=O)c2cc(Br)cc(N3CCCC3)c2)C(=O)N1,0
Cn1nc(C2CCC(=O)NC2=O)c2ccc(NC(=O)NC3(CNC(=O)OC(C)(C)C)CCCC3)cc21,0
O=C1CCC(NC(=O)c2csc(C3CCCCC3)n2)C(=O)N1,0
O=C1CCC(NC(=O)c2n[nH]c3nccc(Cl)c23)C(=O)N1,0
Cc1cnc2[nH]nc(C(=O)NC3CCC(=O)NC3=O)c2c1,0
Cn1nc(C(=O)NC2CCC(=O)NC2=O)c2cc(S(C)(=O)=O)cnc21,0
Cn1nc(C2CCC(=O)NC2=O)c2ccc(NC(=O)NCC3=CCCCC3)cc21,0
N#CN1CCC(c2cncc(-c3ncc(C(=O)NC4CCC(=O)NC4=O)s3)c2)C1,1
Cc1c(C(=O)NC2CCC(=O)NC2=O)nnn1C1CCOC1,0
Cn1c(Cc2cccs2)nc2cc(C(=O)NC3CCC(=O)NC3=O)ccc21,0
Cn1nc(C2CCOCC2)cc1C(=O)NC1CCC(=O)NC1=O,0
N#CN1CCC(c2cncc(-c3cccc4c3CN(C3CCC(=O)NC3=O)C4=O)c2)C1,1
N#CN1CCC(c2ccc3c(c2)C(C(=O)Nc2cccc(C4CCC(=O)NC4=O)c2)CCC3)C1,1
N#CN1CCCC(c2ccnc(-c3cccc4c3CN(C3CCC(=O)NC3=O)C4=O)c2)C1,1
O=C1CCC(c2cccc(Nc3cc(Cl)nc(C4CCCO4)n3)c2)C(=O)N1,0
N#CN1CCCC(c2ccccc2-c2csc(C(=O)NC3CCC(=O)NC3=O)n2)C1,1
O=C1CCC(Nc2ccc(NC(=O)c3nccn4cc(Cl)cc34)cc2)C(=O)N1,0
N#CN1CCC(c2ncc3ccc(C(=O)NC4CCC(=O)NC4=O)cc3n2)C1,1
COCc1nc(C(=O)NC2CCC(=O)NC2=O)cs1,0
O=C1CCC(NC(=O)c2cscn2)C(=O)N1,0
NCCc1nc(C(=O)NC2CCC(=O)NC2=O)c(N)s1,0
Cc1sc(CC(F)(F)F)nc1C(=O)NC1CCC(=O)NC1=O,0
Cc1nc(C(=O)NC2CCC(=O)NC2=O)c(C)s1,0
CC(C)c1nc(C(=O)NC2CCC(=O)NC2=O)cs1,0
Cc1nc(C(=O)NC2CCC(=O)NC2=O)cs1,0
CN(C)S(C)(=O)=Nc1nc(C(=O)NC2CCC(=O)NC2=O)cs1,0
CC(C)c1sc(Cl)nc1C(=O)NC1CCC(=O)NC1=O,0
CCOC(=O)c1nc(C(=O)NC2CCC(=O)NC2=O)cs1,0
CCOC(C)c1nc(C(=O)NC2CCC(=O)NC2=O)cs1,0
O=C1CCC(NC(=O)c2csc(S(=O)(=O)F)n2)C(=O)N1,1
Cc1nc2ncnn2c(Nc2cccc(C3CCC(=O)NC3=O)c2)c1F,0
O=C1CCC(NC(=O)c2c(-c3ccccc3)nn3ccccc23)C(=O)N1,0
N#CN1CCC(c2ccccc2-c2nc(C(=O)NC3CCC(=O)NC3=O)c[nH]2)C1,1
O=C1NCc2ccc(NC(=O)C3(c4cccc(F)c4)CCCCC3)cc21,0
NC(=O)c1ccccc1OCc1cccc(C(=O)NC2CCC(=O)NC2=O)c1,0
N#CN1CCCC(c2cccc3c2CCCC3C(=O)Nc2cccc(C3CCC(=O)NC3=O)c2)C1,1
N#CN1CCCC(c2cc(Nc3cccc(N4CCC(=O)NC4=O)c3)n3ncnc3n2)C1,1
N#CN1CCCC(c2sccc2-c2cnc(C(=O)NC3CCC(=O)NC3=O)cn2)C1,1
CCc1c(C(=O)NC2CCC(=O)NC2=O)cnc2c1c(=O)n(C)c(=O)n2C,0
O=C1CCC(N2Cc3ccc(NC(=O)C45CCC(CC4)C5)cc3C2=O)C(=O)N1,0
O=C1CCC(c2ccc(NC(=O)CN3Cc4ccccc4OC3=O)cc2)C(=O)N1,0
N#CN1CCCC(c2ccnc(-c3ncc(C(=O)NC4CCC(=O)NC4=O)s3)c2)C1,1
N#CN1CCCC(c2cccc(-c3cccc(C(=O)NC4CCC(=O)NC4=O)n3)c2)C1,1
O=C1CCC(NC(=O)c2ccc(N3CCCc4ccccc43)cc2)C(=O)N1,0
N#CN1CCCC(c2[nH]c(=O)ccc2-c2ccc3c(c2)C(=O)N(C2CCC(=O)NC2=O)C3)C1,1
Cc1ccc(-c2ccc3c(c2)CN(C2CCC(=O)NC2=O)C3=O)s1,0
COC(=O)c1ccc(-c2ccc3c(c2)CN(C2CCC(=O)NC2=O)C3=O)s1,0
O=C1CCC(N2Cc3cc(-c4sccc4OS(=O)(=O)F)ccc3C2=O)C(=O)N1,1
O=C1CCC(N2Cc3cc(-c4cc(OS(=O)(=O)F)cs4)ccc3C2=O)C(=O)N1,1
O=C1CCC(N2Cc3c(ccc(-c4cccs4)c3S(=O)(=O)F)C2=O)C(=O)N1,1
O=C1CCC(N2Cc3cc(-c4ccc(OS(=O)(=O)F)s4)ccc3C2=O)C(=O)N1,1
O=C1CCC(N2Cc3cc(-c4cc(S(=O)(=O)F)cs4)ccc3C2=O)C(=O)N1,1
O=C1CCC(N2Cc3cc(-c4cccs4)c(S(=O)(=O)F)cc3C2=O)C(=O)N1,1
O=C1CCC(N2Cc3cc(-c4sccc4S(=O)(=O)F)ccc3C2=O)C(=O)N1,1
N#CN1CCC(c2ccn(-c3ccc(C(=O)NC4CCC(=O)NC4=O)cc3)c2)C1,1
N#Cc1c[nH]c(C(=O)Nc2cccc3c2CN(C2CCC(=O)NC2=O)C3=O)c1,0
[NH3+]C1CCC(COC(=O)NC2CCC(=O)NC2=O)CC1,0
N#CN1CCC(c2cccc(-n3nccc3-c3ccc(N4CCC(=O)NC4=O)cc3)c2)C1,1
O=C1CCC(c2cccc(NC(=O)c3cncn3-c3cccc(F)n3)c2)C(=O)N1,0
O=C1CCC(NC(=O)c2cn(Cc3ccc(F)c(C(F)(F)F)c3)nn2)C(=O)N1,0
Cc1nc2ccccc2cc1C(=O)NN=Cc1cccnc1,0
Cc1nc2c(C)cccc2cc1C(=O)NN=Cc1cccnc1,0
Cc1ccc2nc(C)c(C(=O)NN=Cc3cccnc3)cc2c1,0
O=C1CCC(N2C(=O)CC3(CCc4cc(S(=O)(=O)F)ccc43)C2=O)C(=O)N1,1
O=C1CCC(N2C(=O)CC3(CCc4c(OS(=O)(=O)F)cccc43)C2=O)C(=O)N1,1
O=C1CCC(N2C(=O)CC3(CCc4ccc(OS(=O)(=O)F)cc43)C2=O)C(=O)N1,1
O=C1CCC(N2C(=O)CC3(CCc4cc(OS(=O)(=O)F)ccc43)C2=O)C(=O)N1,1
O=C1CCC(CO)(N2C(=O)CC3(CCc4ccccc43)C2=O)C(=O)N1,0
O=C1CCC(NC(=O)c2cc(NC3CC3)ncc2Cl)C(=O)N1,0
N#CN1CCCC(c2cnc(NC(=O)c3ccc4c(c3)C(=O)N(C3CCC(=O)NC3=O)C4)s2)C1,1
O=C1CCC(NC(=O)c2cncc3c2CCNC3=O)C(=O)N1,0
CC1(NC(=O)COc2cccc3c2CN(C2CCC(=O)NC2=O)C3=O)CCC1,0
O=C1CCC(NC(=O)c2cc(C3CNCCO3)no2)C(=O)N1,0
O=C1CCC(NC(=O)c2ccc(=O)n(-c3cccc(S(=O)(=O)F)c3)c2)C(=O)N1,1
Cc1cc(=O)n(-c2ccccc2)c(C)c1C(=O)NC1CCC(=O)NC1=O,0
O=C1CCC(NC(=O)c2ccn(Cc3cc(Cl)ccc3Cl)n2)C(=O)N1,0
O=C1CCC(NC(=O)c2nnc(-c3ccns3)o2)C(=O)N1,0
Nc1cc(=O)[nH]c2cc(C(=O)NC3CCC(=O)NC3=O)nn12,0
O=C1CCC(N2C(=O)c3cccc(-c4cnoc4S(=O)(=O)F)c3C2=O)C(=O)N1,1
Cc1noc(C)c1-c1cccc2c1C(=O)N(C1CCC(=O)NC1=O)C2=O,0
N#CN1CCC(c2c(-c3ccc4c(c3)C(=O)N(C3CCC(=O)NC3=O)C4)ccc3c2CCC3)C1,1
N#CN1CCC(c2ccccc2-c2cnc(C(=O)NC3CCC(=O)NC3=O)nc2)C1,1
O=C1CCC(N2Cc3cc(CNC(=O)c4coc5ccccc5c4=O)ccc3C2=O)C(=O)N1,0
N#CN1CCC(c2ccccc2-n2ccc(C(=O)NC3CCC(=O)NC3=O)n2)C1,1
O=C1CCC(N2Cc3cc(NC(=O)c4ccc5occc5c4)ccc3C2=O)C(=O)N1,0
O=C1CCC(NC(=O)c2cnc3sc(S(=O)(=O)F)nn23)C(=O)N1,1
Cc1nn2c(C(=O)NC3CCC(=O)NC3=O)c(C)nc2s1,0
O=C1CCC(NC(=O)c2cnc3sc(OS(=O)(=O)F)nn23)C(=O)N1,1
N#CN1CCC(c2cccc(-n3cc(C(=O)NC4CCC(=O)NC4=O)nn3)c2)C1,1
O=C1CCC(N2Cc3cccc(OCc4ccc(CN5CCOCC5)cc4)c3C2)C(=O)N1,0
Cc1ccc(-n2[nH]c(C(=O)NC3CCC(=O)NC3=O)cc2=O)cc1C,0
O=C1CCC(c2ccc(NC(=O)CN3CCn4ccnc4C3)cc2)C(=O)N1,0
N#CN1CCC(c2c(C3CCCC3)nnn2-c2ccc3c(c2)C(=O)N(C2CCC(=O)NC2=O)C3)C1,1
CCCc1nnsc1C(=O)NC1CCC(=O)NC1=O,0
N#CN1CCC(c2cccc3c2N=C(C(=O)Nc2cccc(C4CCC(=O)NC4=O)c2)C3)C1,1
O=C1CCC(N2Cc3c(C(=O)N4CCCO4)cccc3C2=O)C(=O)N1,1
O=C1NCc2c(OCc3nc(Cn4ccnc4)no3)cccc21,0
CC(=O)NCC1CCn2ncc(C(=O)NC3CCC(=O)NC3=O)c2C1,0
O=C1CCC(NC(=O)c2c(C(F)(F)F)nn3c2CCCC3)C(=O)N1,0
CC1CCCc2c(C(=O)NC3CCC(=O)NC3=O)cnn21,0
O=C1CC(NC(=O)c2cc([N+](=O)[O-])cc([N+](=O)[O-])c2)C(=O)N1,0
O=C1CC(NC(=O)c2c(Cl)cc(Cl)cc2Cl)C(=O)N1,0
N#CN1CCC(c2c(-c3ccc4c(c3)CN(C3CCC(=O)NC3=O)C4=O)nc3n2CCC3)CC1,1
O=C1CCC(NC(=O)c2cnn(C3CCOC3)n2)C(=O)N1,0
N#CN1CCCC(c2cnc(-c3cccc4c3CN(C3CCC(=O)NC3=O)C4=O)cn2)C1,1
N#CN1CCCC(c2n[nH]c(-c3ccc4c(c3)CN(C3CCC(=O)NC3=O)C4=O)n2)C1,1
CC(Cc1cn(C)c2ccc(F)cc12)NC(=O)c1cccc2c1CNC2=O,0
COc1cc2ccc(C(=O)Nc3ccc4c(c3)CN(C3CCC(=O)NC3=O)C4=O)cc2cn1,0
N#CN1CCCC(c2ccc3c(C(=O)NC4CCC(=O)NC4=O)cccc3c2)C1,1
O=C1CCC(c2ccc(NC(=O)c3cc(N4CCCCC4)ncn3)cc2)C(=O)N1,0
O=C1CCC(N2Cc3cc(NCc4ccc5oc6ccccc6c5c4)ccc3C2=O)C(=O)N1,0
Cc1c(C(=O)NC2CCC(=O)NC2=O)noc1C1CC1,0
O=C1CCC(N2Cc3c(NC(=O)COCCOCCOCc4ccccc4)cccc3C2=O)C(=O)N1,0
N#CN1CCC(c2cc3c(nc2-c2ccc4c(c2)CN(C2CCC(=O)NC2=O)C4=O)CCCN3)C1,1
O=C1CCC(c2cccc(NC(=O)c3cc(CC4CCCCN4)on3)c2)C(=O)N1,0
O=C1CCC(NC(=O)c2cc(-c3ccc(-c4nn[nH]n4)cc3F)on2)C(=O)N1,0
Cc1cccnc1C(=O)Nc1ccc2c(c1)C(=O)N(C1CCC(=O)NC1=O)C2,0
O=C1CCC(N2Cc3ccc(NC(=O)c4ncccc4S(=O)(=O)F)cc3C2=O)C(=O)N1,1
O=C1CCC(N2Cc3ccc(NC(=O)c4cc(S(=O)(=O)F)ccn4)cc3C2=O)C(=O)N1,1
O=C1CCC(N2Cc3ccc(NC(=O)c4cccc(S(=O)(=O)F)n4)cc3C2=O)C(=O)N1,1
Cc1coc(C2CC2)c1C(=O)NC1CCC(=O)NC1=O,0
O=C(C#Cc1ccc(F)cc1F)Nc1ccc(NC2CCC(=O)NC2=O)cc1,0
NC(=O)N1CCC(C#Cc2cccc3c2CN(C2CCC(=O)NC2=O)C3=O)CC1,0
O=C1CCC(N2Cc3c(C#CC4CCNCC4)cccc3C2=O)C(=O)N1,0
N#CN1CCC(c2ccn(Cc3cn(C4CCC(=O)NC4=O)nn3)c(=O)c2)C1,1
Cc1ccc(NC(=O)NCc2cccc(C(=O)NC3CCC(=O)NC3=O)c2)cc1Cl,0
O=C1CCC(N2Cc3ccc(NC(=O)CC4CCCC45CC5)cc3C2=O)C(=O)N1,0
Cc1oc2[nH]c(=O)n(-c3ccccc3)c(=O)c2c1C(=O)NC1CCC(=O)NC1=O,0
N#CN1CCCC(c2[nH]nc3c2CN(C(=O)c2ccc(N4CCC(=O)NC4=O)cc2)C3)C1,1
O=C1CCN(c2ccc(C(=O)NCCC3CCNCCC3(F)F)cc2)C(=O)N1,0
N#CN1CCCC(c2cc(-c3cccc4c3CN(C3CCC(=O)NC3=O)C4=O)cs2)C1,1
CN(c1ncnc2c1S(=N)(=O)CCC2)C1CCC(=O)NC1=O,0
CC1(C)CCCc2cc(C(=O)NC3CCC(=O)NC3=O)c(=O)[nH]c21,0
CCC1CCc2[nH]c(=O)c(C(=O)NC3CCC(=O)NC3=O)cc2C1,0
O=C1CCC(NC(=O)c2cc3c([nH]c2=O)CCCC3O)C(=O)N1,0
N#CN1CCCC(c2c(C(=O)Nc3ccc(C4CCC(=O)NC4=O)cc3)sc3c2COCC3)C1,1
COc1cc2nc(C(=O)NC3CCC(=O)NC3=O)c(=O)n(C)c2cc1OC,0
O=C1CCC(Nc2ccc(NC(=O)c3cnn4cc[nH]c(=O)c34)cc2)C(=O)N1,0
CC1(O)CN(C(=O)CNc2cccc3c2CN(C2CCC(=O)NC2=O)C3=O)C1,0
CCC1CN(C(=O)CNc2cccc3c2CN(C2CCC(=O)NC2=O)C3=O)C1,0
CC1(C)CN(C(=O)CNc2cccc3c2CN(C2CCC(=O)NC2=O)C3=O)C1,0
Cc1nc(C(=O)NC2CCC(=O)NC2=O)c2cc[nH]c2n1,0
Cc1c[nH]c2ncnc(C(=O)NC3CCC(=O)NC3=O)c12,0
N#CN1CCCC(c2nnnn2-c2cccc(C(=O)NC3CCC(=O)NC3=O)c2)C1,1
O=C1CCC(NC(=O)c2cc(C3CC3)nc3c2nc2n3CCCCC2)C(=O)N1,0
N#CN1CCCC(c2ccc3c(c2)CC(Nc2cccc(N4CCC(=O)NC4=O)c2)CCC3)C1,1
CC1CCCN(c2cc(C(=O)NC3CCC(=O)NC3=O)ccn2)C1,0
O=C1CCC(N2CCc3c(N4CCNCC4)cccc32)C(=O)N1,0
O=C1CCC(NC(=O)c2cccc3c2S(=O)(=O)CCC3)C(=O)N1,0
O=C1CCC(NC(=O)c2cc(S(=O)(=O)F)cc3c2S(=O)(=O)CCC3)C(=O)N1,1
O=C1CCC(NC(=O)c2ccc(S(=O)(=O)F)c3c2S(=O)(=O)CCC3)C(=O)N1,1
CCn1cnc2c(C(=O)NC3CCC(=O)NC3=O)ncnc21,0
Cn1cccc1C(=O)C(=O)Nc1cccc2c1CN(C1CCC(=O)NC1=O)C2=O,0
O=C1CCC(N2Cc3cc(NC(=O)c4cccc(Oc5ccccc5)c4)ccc3C2=O)C(=O)N1,0
COc1ccc(Oc2cccc(C(=O)Nc3ccc4c(c3)CN(C3CCC(=O)NC3=O)C4=O)c2)cc1,0
CC(Nc1cccc(C2CC(=O)NC(=O)C2)c1)C1CC(F)(F)C1,0
O=C1CCC(N2Cc3c(Nc4ccnc(Nc5ccc6ccccc6c5)n4)cccc3C2=O)C(=O)N1,0
O=C1CCC(NC(=O)c2cnc3ccc(OS(=O)(=O)F)cc3n2)C(=O)N1,1
O=C1CCC(NC(=O)c2cnc3ccccc3n2)C(=O)N1,0
O=C1CCC(NC(=O)c2cnc3c(S(=O)(=O)F)cccc3n2)C(=O)N1,1
O=C1CCC(NC(=O)c2cnc3ccc(S(=O)(=O)F)cc3n2)C(=O)N1,1
Cc1ccnc2nc(C(=O)NC3CCC(=O)NC3=O)nn12,0
O=C1CCC(NC(=O)c2nc3nc(C(F)(F)F)ccn3n2)C(=O)N1,0
CCS(=O)(=O)NCc1cn(C2CCC(=O)NC2=O)nn1,0
CC(O)CCCc1cn(C2CCC(=O)NC2=O)nn1,0
CS(=N)(=O)CCCCc1cn(C2CCC(=O)NC2=O)nn1,0
NC(=O)OCc1cn(C2CCC(=O)NC2=O)nn1,0
CCC(Cc1cn(C2CCC(=O)NC2=O)nn1)C(=O)OC,0
CCC(C)(O)Cc1cn(C2CCC(=O)NC2=O)nn1,0
CCOC(=O)CCc1cn(C2CCC(=O)NC2=O)nn1,0
CC(C)(C)OC(=O)NCCCc1cn(C2CCC(=O)NC2=O)nn1,0
Cc1nn(C2CCOC2)cc1C(=O)Nc1ccc(C2CCC(=O)NC2=O)cc1,0
O=C1CCC(N2Cc3cc(-c4ccc5ncsc5c4)ccc3C2=O)C(=O)N1,0
O=C1CCC(N2C(=O)c3cccc(Oc4cccc(S(=O)(=O)F)c4)c3C2=O)C(=O)N1,1
CC(C)(C)c1cccc(Oc2cccc3c2C(=O)N(C2CCC(=O)NC2=O)C3=O)c1,0
CC(C)(C)c1cc(N)cc(Oc2cccc3c2C(=O)N(C2CCC(=O)NC2=O)C3=O)c1,0
CC(=O)Nc1cc(Oc2cccc3c2C(=O)N(C2CCC(=O)NC2=O)C3=O)cc(C(C)(C)C)c1,0
Cc1ccc(N2CCCN(Cc3ccc4c(c3)CN(C3CCC(=O)NC3=O)C4=O)C2=O)cc1Cl,0
N#CN1CCC(c2csc(NC(=O)c3ccc4c(c3)C(=O)N(C3CCC(=O)NC3=O)C4)n2)C1,1
CN1CCc2cc3c(cc2C1)C(=O)N(C1CCC(=O)NC1=O)C3=O,0
O=C1CCC(NC(=O)c2ccc3sc4ccccc4c3c2)C(=O)N1,0
O=C1CCC(NC(=O)c2cc(C3CC3)ccn2)C(=O)N1,0
CN(c1nc(C2CC2)nc2sc3c(c12)CCCC3)C1CCC(=O)NC1=O,0
O=C1CCC(N2Cc3cc(CNC(=O)C(F)(F)c4ccc(Cl)cc4)ccc3C2=O)C(=O)N1,0
Cc1nc(C2CCOCC2)ncc1C(=O)NC1CCC(=O)NC1=O,0
CC(C)(C)c1noc(-c2ccccc2C(=O)NC2CCC(=O)NC2=O)n1,0
O=C1CCC(Nc2ccc(NC(=O)c3cn4ccc(CO)cc4n3)cc2)C(=O)N1,0
O=C1CC(c2ccc(NC(=O)c3cccnc3C3CC3)cc2)CC(=O)N1,0
Cc1noc2nc(C(C)C)cc(C(=O)NC3CCC(=O)NC3=O)c12,0
O=C1CCC(NC(=O)c2cc(S(=O)(=O)F)nc3oncc23)C(=O)N1,1
CCc1cc(C(=O)NC2CCC(=O)NC2=O)c2c(CC(C)(C)C)noc2n1,0
CN1Cc2ccc(OCc3ccc(OC4CCOC4)cc3)cc2C1=O,0
O=C1CCC(N2Cc3cc(-c4cnn5ccc(Nc6ccc7c(c6)OCO7)nc45)ccc3C2=O)C(=O)N1,0
N#CN1CCC(c2cn(-c3cccc4c3CN(C3CCC(=O)NC3=O)C4=O)nn2)CC1,1
N#CN1CCC(c2cncn2-c2cncc(C(=O)NC3CCC(=O)NC3=O)n2)CC1,1
Cc1cc(NC(=O)c2cccc(F)c2)sc1C(=O)NC1CCC(=O)NC1=O,0
O=C1CCC(N2C(=O)c3ccc(C(=O)NCCC4CCCC4)cc3C2=O)C(=O)N1,0
COC1CCn2cc(C(=O)Nc3cccc(C4CCC(=O)NC4=O)c3)nc2C1,0
O=C1NCc2c(Cl)ccc(NCc3ncnn3-c3ccccc3)c21,0
O=C1CCC(N2Cc3ccc(-c4cccnc4S(=O)(=O)F)cc3C2=O)C(=O)N1,1
O=C1CCC(N2Cc3ccc(-c4cncc(OS(=O)(=O)F)c4)cc3C2=O)C(=O)N1,1
O=C1CCC(N2Cc3cc(S(=O)(=O)F)c(-c4cccnc4)cc3C2=O)C(=O)N1,1
CC(CO)Nc1ccc(-c2ccc3c(c2)C(=O)N(C2CCC(=O)NC2=O)C3)cn1,0
O=C1CCC(N2Cc3ccc(-c4ccc(OS(=O)(=O)F)nc4)cc3C2=O)C(=O)N1,1
O=C1CCC(N2Cc3ccc(-c4cnccc4S(=O)(=O)F)cc3C2=O)C(=O)N1,1
O=C1CCC(N2Cc3ccc(-c4cncc(S(=O)(=O)F)c4)cc3C2=O)C(=O)N1,1
N#CN1CCC(c2cnc(NC(=O)c3ccc4c(c3)C(=O)N(C3CCC(=O)NC3=O)C4)s2)C1,1
N#CN1CCCC(c2cccc(-c3occc3C(=O)NC3CCC(=O)NC3=O)c2)C1,1
O=C1CCC(c2ccc(NC(=O)c3cc4c(o3)CCCNC4)cc2)C(=O)N1,0
CN(CC(=O)Nc1ccc2c(c1)C(=O)N(C1CCC(=O)NC1=O)C2=O)C1CCC1,0
N#CN1CCCC(c2cccc3c2OCc2c(C(=O)NC4CCC(=O)NC4=O)ncn2-3)C1,1
N#Cc1cccc(-c2n[nH]cc2C(=O)Nc2ccc(C3CCC(=O)NC3=O)cc2)c1,0
CN(Cc1cnc(-n2cccn2)s1)C(=O)c1ccc2c(c1)CNC2=O,0
O=C1CCC(N2Cc3cc(-c4ccc(-n5cccn5)cc4)ccc3C2=O)C(=O)N1,0
O=C1CCC(NC(=O)c2ccc(Cl)cc2N2CCCC2=O)C(=O)N1,0
N#CN1CCC(c2c(-c3ccc4c(c3)CN(C3CCC(=O)NC3=O)C4=O)nc3n2CCC3)C1,1
CCC(C(=O)NCc1ccc(C(=O)NC2CCC(=O)NC2=O)o1)n1ccnc1,0
O=C1CCC(N2C(=O)c3ccc(OCCC4CCOCC4)cc3C2=O)C(=O)N1,0
N#CN1CCC(c2cccc(-c3scnc3C(=O)NC3CCC(=O)NC3=O)c2)C1,1
O=C1CCC(c2ccc(Nc3ncnc4c3CCNC4=O)cc2)C(=O)N1,0
O=C1CCC(n2nnc3ccc(CNC(=O)Nc4cccc(-c5ccccc5)c4)cc3c2=O)C(=O)N1,0
CC(NC(=O)Nc1cccc(-c2ccccc2)c1)c1ccc2nnn(C3CCC(=O)NC3=O)c(=O)c2c1,0
O=C1CCC(N2Cc3ccc(CNC(=O)NC4CCC4)cc3C2=O)C(=O)N1,0
N#CN1CCCC(c2cc(-c3ccc(C(=O)NC4CCC(=O)NC4=O)s3)ccn2)C1,1
N#CN1CCC(c2ccsc2-c2ccc3c(c2)CN(C2CCC(=O)NC2=O)C3=O)C1,1
COCCn1c(C)c(C)c2cc(C(=O)NC3CCC(=O)NC3=O)ccc21,0
O=C1CCC(NC(=O)c2cc(S(=O)(=O)F)c3[nH]ccc3c2)C(=O)N1,1
O=C1CCC(NC(=O)c2ccc3[nH]c(S(=O)(=O)F)cc3c2)C(=O)N1,1
[2H]C([2H])([2H])n1ccc2cc(C(=O)NC3CCC(=O)NC3=O)ccc21,0
O=C1CCC(NC(=O)c2ccc3[nH]cc(S(=O)(=O)F)c3c2)C(=O)N1,1
CC1(C)Cc2c(C(=O)Nc3ccc(C4CCC(=O)NC4=O)cc3)nnn2C1,0
N#CN1CCCC(c2cc(-c3ccc4c(c3)CN(C3CCC(=O)NC3=O)C4=O)cc3c2OCC3)C1,1
N#CN1CCCC(c2ccsc2C(=O)Nc2cccc3c2CN(C2CCC(=O)NC2=O)C3=O)C1,1
CC(NC(=O)c1ccc2c(c1)C(=O)N(C1CCC(=O)NC1=O)C2)c1nccs1,0
CCCCCc1cc(C(=O)NC2CCC(=O)NC2=O)n[nH]1,0
CCc1cc(C(=O)NC2CCC(=O)NC2=O)nn1CCO,0
CC(C)Oc1cc(C(=O)NC2CCC(=O)NC2=O)nn1C,0
CC(=O)Nc1[nH]nc(C(=O)NC2CCC(=O)NC2=O)c1Br,0
Cc1[nH]nc(C(=O)NC2CCC(=O)NC2=O)c1C(F)(F)F,0
CCCn1cc(Cl)c(C(=O)NC2CCC(=O)NC2=O)n1,0
CC(C)c1c[nH]nc1C(=O)NC1CCC(=O)NC1=O,0
CCn1nc(C(=O)NC2CCC(=O)NC2=O)cc1C,0
O=C1CCC(NC(=O)c2cc(C(F)(F)F)n(C(F)F)n2)C(=O)N1,0
N#CN1CCCC(c2ccccc2-c2cnc(C(=O)NC3CCC(=O)NC3=O)o2)C1,1
N#CN1CCCC(c2ccc(-c3cccc(C(=O)NC4CCC(=O)NC4=O)c3)cc2)C1,1
Cc1nn(-c2ccncc2)cc1C(=O)NC1CCC(=O)NC1=O,0
O=C1CCC(NC(=O)c2cnn(-c3ccncc3)c2C(F)F)C(=O)N1,0
N#CN1CCCC(c2cccc(-c3ocnc3C(=O)NC3CCC(=O)NC3=O)c2)C1,1
Cc1ccc(N2CCN(Cc3ccc4c(c3)CN(C3CCC(=O)NC3=O)C4=O)C2=O)cc1Cl,0
O=C1CCC(c2cccc(NC(=O)CC3C(=O)Nc4ccc(F)cc43)c2)C(=O)N1,0
O=C1CCC(c2ccc(NC(=O)c3coc(Cn4cccn4)c3)cc2)C(=O)N1,0
O=C1CCC(NC(=O)c2nc(-c3cccs3)n(-c3ccc(F)cc3)n2)C(=O)N1,0
O=C1CCC(NC(=O)c2nc(-c3cccs3)n(-c3ccccc3)n2)C(=O)N1,0
O=C1CCC(NC(=O)c2nc(-c3cccs3)n(-c3cccc(F)c3)n2)C(=O)N1,0
N#CN1CCC(c2ccccc2C(=O)Nc2ccc(C3CCC(=O)NC3=O)cc2)CC1,1
O=C1CCC(NC(=O)c2scc3c2CCCC3)C(=O)N1,0
O=C1CCC(NC(=O)c2sc(S(=O)(=O)F)c3c2CCCC3)C(=O)N1,1
CC(C)(C)Nc1c(-c2ccc3c(c2)C(=O)N(C2CCC(=O)NC2=O)C3=O)nc2ccccn12,0
CCn1cc(C(=O)NCc2ccc3c(c2)C(=O)N(C2CCC(=O)NC2=O)C3)cn1,0
CCc1[nH]ncc1C(=O)NCc1ccc2c(c1)C(=O)N(C1CCC(=O)NC1=O)C2,0
N#CN1CCC(c2cc(=O)c3ccc(C(=O)NC4CCC(=O)NC4=O)cc3o2)C1,1
N#CN1CCC(c2cnc3c(c2)CC(NC(=O)c2ccc(N4CCC(=O)NC4=O)cc2)CC3)C1,1
O=C1CCC(N2Cc3c(ccc(S(=O)(=O)F)c3N3CCNCC3)C2=O)C(=O)N1,1
O=C1CCC(N2Cc3c(cccc3N3CCNCC3)C2=O)C(=O)N1,0
O=C1CCC(N2Cc3c(cc(S(=O)(=O)F)cc3N3CCNCC3)C2=O)C(=O)N1,1
CC1=Nc2cccc(C(=O)NC3CCC(=O)NC3=O)c2C1(C)C,0
O=C1CCC(NC(=O)c2cc(S(=O)(=O)F)cc3c2CC=N3)C(=O)N1,1
O=C1CCC(NC(=O)c2ccc(S(=O)(=O)F)c3c2CC=N3)C(=O)N1,1
N#CN1CCC(c2cc3c(cc2-c2ccc4c(c2)CN(C2CCC(=O)NC2=O)C4=O)OCO3)C1,1
Cc1cc(C(=O)Nc2cccc(C3CCC(=O)NC3=O)c2)n2ncc(C#N)c2n1,0
N#CN1CCC(c2ccc3c(c2-c2ccc4c(c2)CN(C2CCC(=O)NC2=O)C4=O)OCCC3)C1,1
Cc1cc(-c2[nH]ncc2C(=O)NC2CCC(=O)NC2=O)ccc1F,0
O=C1CCC(NC(=O)c2cc(F)cc3c(=O)c4cc(F)ccc4[nH]c23)C(=O)N1,0
N#CN1CCC(c2cc3c(cc2-c2ccc4c(c2)CN(C2CCC(=O)NC2=O)C4=O)CCC3=O)C1,1
CNC(=O)N1CC(NC(=O)Nc2ccc3c(C4CCC(=O)NC4=O)nn(C)c3c2)C1,0
N#CN1CCC(c2ccccc2-c2cc(C(=O)NC3CCC(=O)NC3=O)[nH]n2)C1,1
N#CN1CCC(c2cccc(Nc3ccc4c(c3)C(=O)N(C3CCC(=O)NC3=O)C4=O)c2)CC1,1
O=C1CCC(c2ccc(NC(=O)c3cc(Cl)c4c(c3)CCCN4)cc2)C(=O)N1,0
COc1nc(C(=O)NC2CCC(=O)NC2=O)ncc1F,0
O=C1CCC(NC(=O)c2ncc(S(=O)(=O)F)cn2)C(=O)N1,1
O=C1CCC(Nc2ccc(NC(=O)CC3CCn4cncc4C3)cc2)C(=O)N1,0
Cn1cc(C(=O)NC2CCC(=O)NC2=O)c(C2CCCNC2)n1,0
COc1ccc(CSCC2CCC(=O)NC2=O)cc1,0
O=C1CCC(CSCc2ccccc2)C(=O)N1,0
O=C1CCC(NC(=O)c2coc(CNC(=O)c3ccc4cncn4c3)c2)C(=O)N1,0
N#CN1CCC(c2c(C(=O)Nc3cccc(C4CCC(=O)NC4=O)c3)ccc3c2CCCC3)C1,1
N#CN1CCC(c2nc3c(c(-c4ccc5c(c4)CN(C4CCC(=O)NC4=O)C5=O)n2)CCCC3)CC1,1
O=C1CCC(NC(=O)c2nsc3cc(S(=O)(=O)F)ccc23)C(=O)N1,1
O=C1CCC(NC(=O)c2nsc3c(S(=O)(=O)F)cccc23)C(=O)N1,1
Cc1ccc2snc(C(=O)NC3CCC(=O)NC3=O)c2c1,0
O=C1CCC(NC(=O)c2nsc3ccc(S(=O)(=O)F)cc23)C(=O)N1,1
O=C1CCC(NC(=O)c2nsc3ccc(OS(=O)(=O)F)cc23)C(=O)N1,1
N#CN1CCC(c2cccc3c2OC(c2nc(C(=O)NC4CCC(=O)NC4=O)cs2)C3)CC1,1
O=C1CCC(NC(=O)c2ccc(CNC(=O)C3CCc4nccn43)nc2)C(=O)N1,0
N#CN1CCCC(c2ccncc2-c2ccc3c(c2)CN(C2CCC(=O)NC2=O)C3=O)C1,1
N#CN1CCC(c2ccc(Nc3ccc4c(c3)C(=O)N(C3CCC(=O)NC3=O)C4=O)cc2)C1,1
CCN(Cc1ccccc1)C1N=C(Nc2cccc3c2CN(C2CCC(=O)NC2=O)C3=O)C=CN1,0
N#CN1CCC(c2ccc3c(c2)CN(C(=O)c2cccc4c2CN(C2CCC(=O)NC2=O)C4=O)C3)C1,1
N#CN1CCCC(c2ccnc3c2CC(NC(=O)c2ccc(N4CCC(=O)NC4=O)cc2)CC3)C1,1
O=C1CCC(NC(=O)c2c(F)ccc(S(=O)(=O)CC3CC3)c2F)C(=O)N1,0
N#CN1CCC(c2[nH]c(=O)ccc2-c2ccc3c(c2)C(=O)N(C2CCC(=O)NC2=O)C3)C1,1
O=C1CCC(NC(=O)c2ccc3cc(-c4ccccc4)[nH]c3c2)C(=O)N1,0
N#CN1CCC(c2ccccc2-n2cnc(C(=O)NC3CCC(=O)NC3=O)n2)C1,1
N#CN1CCC(c2ccccc2-c2nc(C(=O)NC3CCC(=O)NC3=O)c3n2CCOC3)C1,1
N#CN1CCC(c2nccnc2-c2cccc3c2CN(C2CCC(=O)NC2=O)C3=O)CC1,1
O=C1CCC(N2Cc3c(NC4=NC(Nc5ccc6c(c5)OCCO6)NC=C4)cccc3C2=O)C(=O)N1,0
O=C1CCC(NC(=O)c2coc3c2C(O)CCC3)C(=O)N1,0
O=C1CCC(N2Cc3c(Nc4ccnc(NC56CC7CC(CC(C7)C5)C6)n4)cccc3C2=O)C(=O)N1,0
O=C1CCC(c2ccc(NC(=O)C3(C4CCCC4)CCNC3=O)cc2)C(=O)N1,0
CN(c1nc(Cl)nc2[nH]c(C(C)(C)O)nc12)C1CCC(=O)NC1=O,0
CC(C)(O)c1nc2c(NC3CCC(=O)NC3=O)nc(Cl)nc2[nH]1,0
CC(C)n1cnc2c(N(C)C3CCC(=O)NC3=O)nc(Cl)nc21,0
O=C1CCC(Nc2ncnc3[nH]c(C(F)F)nc23)C(=O)N1,0
CC(C)n1cnc2c(NC3CCC(=O)NC3=O)nc(Cl)nc21,0
CN(c1nc(S(C)(=O)=O)nc2c1ncn2C)C1CCC(=O)NC1=O,0
CN(c1nc(F)nc2[nH]cnc12)C1CCC(=O)NC1=O,0
CN(c1ncnc2[nH]c(C(F)F)nc12)C1CCC(=O)NC1=O,0
NCc1ccc(C(=O)NC2CCC(=O)NC2=O)c(C2CC2)n1,0
N#CN1CCCC(c2nc3nccc(Nc4cccc(N5CCC(=O)NC5=O)c4)n3n2)C1,1
N#CN1CCCC(c2cnc(Nc3ccc4c(c3)CN(C3CCC(=O)NC3=O)C4=O)nc2)C1,1
N#CN1CCC(c2ccc3c(-c4cccc(N5CCC(=O)NC5=O)c4)c[nH]c3c2)CC1,1
O=C1CCC(c2ccc(NC(=O)C3CCCc4cncn43)cc2)C(=O)N1,0
N#CN1CCCC(c2cccc(-c3nc[nH]c3C(=O)NC3CCC(=O)NC3=O)c2)C1,1
N#CN1CCCC(c2ncoc2C(=O)Nc2ccc(C3CCC(=O)NC3=O)cc2)C1,1
O=C1CCC(NC(=O)c2cccc3c(=O)[nH]ncc23)C(=O)N1,0
O=C1CCC(NC(=O)c2cn3cccc(OCc4ccccc4)c3n2)C(=O)N1,0
O=C1CCC(NC(=O)c2ccn(-c3cccc(-c4nn[nH]n4)c3)n2)C(=O)N1,0
O=C1CCC(N2Cc3c(NCCOCCOCCOCc4ccccc4)cccc3C2=O)C(=O)N1,0
O=C1CCC(N2Cc3cc(N4CCNCC4)ccc3C2=O)C(=O)N1,0
CC1Oc2c(cccc2C(=O)NC2CCC(=O)NC2=O)NC1=O,0
N#CN1CCC(c2ccc3c(-c4cn(C5CCC(=O)NC5=O)nn4)cncc3c2)C1,1
CN(Cc1ncc(Br)cn1)C1CCC(=O)NC1=O,0
CNC(=O)C1NC2(CCCCC2)C2(C(=O)Nc3cc(Cl)ccc32)C1c1cccc(Cl)c1F,0
N#CN1CCCC(c2cccc(-c3ncc(NC4CCC(=O)NC4=O)o3)c2)C1,1
O=C1CCC(N2Cc3cc(-c4cc(NCC5CC5)ncn4)ccc3C2=O)C(=O)N1,0
O=C1CCC(N2C(=O)c3ccc(C(=O)N4CCCCC4)cc3C2=O)C(=O)N1,0
O=C1CCC(N2C(=O)c3ccc(C(=O)N4CCC(F)CC4)cc3C2=O)C(=O)N1,0
CCC1CCCCN1C(=O)c1ccc2c(c1)C(=O)N(C1CCC(=O)NC1=O)C2=O,0
O=C1CCC(N2Cc3c(OCc4ccc(CN5CCOCC5)cc4)cccc3C2=O)C(=O)N1,0
O=C1CCC(N2Cc3ccc(-c4cc(F)cc5ccoc45)cc3C2=O)C(=O)N1,0
N#CN1CCCC(c2cnnn2-c2ccc3c(c2)C(=O)N(C2CCC(=O)NC2=O)C3)C1,1
O=C1CC(c2ccc(NS(=O)(=O)N3CCCCCC3)cc2)CC(=O)N1,0
CC(C)(C)n1cc(-c2cccc3c2CN(C2CCC(=O)NC2=O)C3=O)cn1,0
O=C1CCC(N2Cc3c(cc(S(=O)(=O)F)cc3-c3cn[nH]c3)C2=O)C(=O)N1,1
O=C1CCC(N2Cc3c(cccc3-c3cnn(C(F)F)c3)C2=O)C(=O)N1,0
O=C1CCC(N2Cc3c(cccc3-c3cn[nH]c3)C2=O)C(=O)N1,0
COC(=O)c1nn(C)cc1-c1cccc2c1CN(C1CCC(=O)NC1=O)C2=O,0
O=C1CCC(N2Cc3c(cccc3-c3cnn(CC(F)F)c3)C2=O)C(=O)N1,0
O=C1CCC(N2Cc3c(cccc3-c3c[nH]nc3S(=O)(=O)F)C2=O)C(=O)N1,1
Cn1cc(-c2cccc3c2CN(C2CCC(=O)NC2=O)C3=O)cn1,0
CCn1cc(-c2cccc3c2CN(C2CCC(=O)NC2=O)C3=O)cn1,0
O=C1CCC(N2Cc3c(ccc(S(=O)(=O)F)c3-c3cn[nH]c3)C2=O)C(=O)N1,1
Cn1ncc(-c2cccc3c2CN(C2CCC(=O)NC2=O)C3=O)c1C(F)(F)F,0
O=C1CCC(N2Cc3c(cccc3-c3cn[nH]c3S(=O)(=O)F)C2=O)C(=O)N1,1
O=C1CCC(c2ccc(NC(=O)Cc3c[nH]c4nccc(Cl)c34)cc2)C(=O)N1,0
N#CN1CCC(c2nc(-c3ccc4c(c3)CN(C3CCC(=O)NC3=O)C4=O)cc(C3CC3)n2)C1,1
O=C1CCC(NC(=O)c2cc(Nc3ccccc3)ncn2)C(=O)N1,0
NC(Cc1ccccc1)C(=O)NCc1ccc2c(c1)CN(C1CCC(=O)NC1=O)C2=O,0
NC(Cc1ccc(F)cc1)C(=O)NCc1ccc2c(c1)CN(C1CCC(=O)NC1=O)C2=O,0
CC(=O)NC(Cc1ccc(F)cc1)C(=O)NCc1ccc2c(c1)CN(C1CCC(=O)NC1=O)C2=O,0
O=C1CCC(N2Cc3cc(CNC(=O)C(Cc4ccc(F)cc4)NC(=O)CO)ccc3C2=O)C(=O)N1,0
C=CC(=O)NC(Cc1ccc(F)cc1)C(=O)NCc1ccc2c(c1)CN(C1CCC(=O)NC1=O)C2=O,0
NCC1(c2nocc2C(=O)NC2CCC(=O)NC2=O)CC1,0
Cn1nc(N2CCC(=O)NC2=O)c2ccc(N)cc21,0
Cn1nc(N2CCC(=O)NC2=O)c2cccc(S(=O)(=O)F)c21,1
O=C1CCN(c2n[nH]c3c(S(=O)(=O)F)cccc23)C(=O)N1,1
Cn1nc(N2CCC(=O)NC2=O)c2cccc(N)c21,0
Cn1nc(N2CCC(=O)NC2=O)c2cccc(OS(=O)(=O)F)c21,1
Cn1nc(N2CCC(=O)NC2=O)c2ccccc21,0
O=C1CCN(c2n[nH]c3cc(OS(=O)(=O)F)ccc23)C(=O)N1,1
CC1CCCN1CC(=O)Nc1ccc2c(c1)C(=O)N(C1CCC(=O)NC1=O)C2=O,0
Cn1nc(C2CCC(=O)NC2=O)c2ccc(NC(=O)NCCCN3CCCC(C(N)=O)C3)cc21,0
N#CN1CCCC(c2cccc(-c3nc(C(=O)NC4CCC(=O)NC4=O)cs3)n2)C1,1
Nc1c(C(=O)NC2CCC(=O)NC2=O)[nH]c(=O)[nH]c1=O,0
Cc1nc2n(c1C(=O)Nc1ccc(C3CCC(=O)NC3=O)cc1)CC(C)CC2,0
O=C1CCC(c2cccc(NC(=O)c3cncc(-n4ccnn4)c3)c2)C(=O)N1,0
N#Cc1c[nH]c2ncc(C(=O)NC3CCC(=O)NC3=O)cc12,0
N#CN1CCC(c2cccc(NC(=O)c3cccc4c3CN(C3CCC(=O)NC3=O)C4=O)n2)CC1,1
CC1(C)CN(C(=O)c2ccc3c(c2)C(=O)N(C2CCC(=O)NC2=O)C3=O)C1(C)C,0
CC(Cn1ccnc1)C(=O)NCc1cn[nH]c1C(=O)NC1CCC(=O)NC1=O,0
N#CN1CCCC(c2nccn2-c2cncc(C(=O)NC3CCC(=O)NC3=O)n2)C1,1
Cc1ccc(C(=O)Nc2ccc(C3CCC(=O)NC3=O)cc2)c2[nH]cc(C#N)c12,0
N#CN1CCC(c2ccc(-c3csc(C(=O)NC4CCC(=O)NC4=O)n3)cc2)C1,1
CNc1ccc(NC(=O)c2cccc3c2CN(C2CCC(=O)NC2=O)C3=O)cc1,0
Nc1cccc(NC(=O)c2cccc3c2CN(C2CCC(=O)NC2=O)C3=O)c1,0
CNc1cccc(NC(=O)c2cccc3c2CN(C2CCC(=O)NC2=O)C3=O)c1,0
Nc1ccc(NC(=O)c2cccc3c2CN(C2CCC(=O)NC2=O)C3=O)cc1,0
O=C1CCC(N2Cc3c(C(=O)Nc4ccccc4S(=O)(=O)F)cccc3C2=O)C(=O)N1,1
O=C1CCC(N2Cc3c(C(=O)Nc4cccc(S(=O)(=O)F)c4)cccc3C2=O)C(=O)N1,1
O=C1CCC(c2cccc(NC(=O)CC3CC4(CCOCC4)CN3)c2)C(=O)N1,0
N#CN1CCC(c2[nH]nc3c2CN(C(=O)c2ccc(N4CCC(=O)NC4=O)cc2)C3)C1,1
N#CN1CCCC(c2cncc3cc(-c4cccc(N5CCC(=O)NC5=O)c4)oc23)C1,1
N#CN1CCCC(c2nc3n(c2C(=O)Nc2ccc(C4CCC(=O)NC4=O)cc2)CCCC3)C1,1
O=C1CCC(n2nnc(C3(NC(=O)c4ccccc4)CCCC3)n2)C(=O)N1,0
O=C1CCC(N2Cc3cc(C(=O)N4CCCC4C(=O)O)ccc3C2=O)C(=O)N1,0
CC1CCCN1C(=O)c1ccc2c(c1)CN(C1CCC(=O)NC1=O)C2=O,0
CC1CCC(C(=O)O)N1C(=O)c1ccc2c(c1)CN(C1CCC(=O)NC1=O)C2=O,0
O=C1CCC(N2Cc3cc(C(=O)N4CCCC4)c(S(=O)(=O)F)cc3C2=O)C(=O)N1,1
CC1CN(C(=O)c2ccc3c(c2)CN(C2CCC(=O)NC2=O)C3=O)CC1C(=O)O,0
N#CN1CCC(c2noc(-c3ccccc3C(=O)NC3CCC(=O)NC3=O)n2)C1,1
CC(C)(NC(=O)c1ccc(N2CCC(=O)NC2=O)cc1)c1ncc2c(n1)CCC2,0
N#CN1CCCC(c2ccc3nnc(C(=O)NC4CCC(=O)NC4=O)nc3c2)C1,1
CN1CCN(c2ncc(C(=O)NC3CCC(=O)NC3=O)s2)CC1,0
O=C1CCC(N2Cc3c(ccc4c3OCC43CCN(CC4CCCCC4)CC3)C2=O)C(=O)N1,0
O=C1CCC(N2Cc3c(cc(C(=O)N4CCC4)cc3S(=O)(=O)F)C2=O)C(=O)N1,1
C#CCOC1CN(C(=O)c2ccc3c(c2)C(=O)N(C2CCC(=O)NC2=O)C3)C1,0
CCOC(=O)C1CN(C(=O)c2ccc3c(c2)C(=O)N(C2CCC(=O)NC2=O)C3)C1,0
O=C1CCC(N2Cc3cc(S(=O)(=O)F)c(C(=O)N4CCC4)cc3C2=O)C(=O)N1,1
O=C1CCC(NC(=O)c2ccc(-n3cnc4ccccc43)cc2)C(=O)N1,0
N#CN1CCCC(c2c[nH]c(-c3cccc4c3CN(C3CCC(=O)NC3=O)C4=O)c2)C1,1
N#CN1CCCC(c2ccc3ncc(C(=O)NC4CCC(=O)NC4=O)nc3c2)C1,1
O=C1CCC(NC(=O)c2cc(N3CCOCC3)ncn2)C(=O)N1,0
N#CN1CCCC(c2ccc3c(c2)CCCC3C(=O)Nc2ccc(C3CCC(=O)NC3=O)cc2)C1,1
O=C(C=Cc1cnn(-c2ccccc2)c1)Nc1ccc2c(c1)C(=O)NC2,1
COc1ccc2c(c1)C=C(C(=O)Nc1ccc3c(c1)CN(C1CCC(=O)NC1=O)C3=O)CO2,0
O=C1CCC(N2Cc3cc(NC(=O)C4=Cc5ccc(Br)cc5OC4)ccc3C2=O)C(=O)N1,0
O=C1CCC(N2Cc3cc(NC(=O)C4=Cc5ccccc5OC4)ccc3C2=O)C(=O)N1,0
COc1cccc2c1C=C(C(=O)Nc1ccc3c(c1)CN(C1CCC(=O)NC1=O)C3=O)CO2,0
Cc1ccc2c(c1)OCC(C(=O)Nc1ccc3c(c1)CN(C1CCC(=O)NC1=O)C3=O)=C2,0
O=C1CCC(N2Cc3cc(NC(=O)C4=Cc5ccc(C(F)(F)F)cc5OC4)ccc3C2=O)C(=O)N1,0
COc1cccc2c1OCC(C(=O)Nc1ccc3c(c1)CN(C1CCC(=O)NC1=O)C3=O)=C2,0
COc1ccc2c(c1)OCC(C(=O)Nc1ccc3c(c1)CN(C1CCC(=O)NC1=O)C3=O)=C2,0
Cc1nc(COc2ccc3c(c2)C(=O)N(C2CCC(=O)NC2=O)C3=O)co1,0
CCC1(c2ccc(NC(=O)c3ccn(C)c(=O)c3)cc2)CCC(=O)NC1=O,0
Cn1ncc2c1CC(CCC(=O)Nc1ccc(C3CCC(=O)NC3=O)cc1)CC2,0
CC(C)c1cnc(COc2ccc3c(c2)C(=O)N(C2CCC(=O)NC2=O)C3=O)o1,0
O=C1NCCCC1N1C(=O)c2cccc(OCCOCCOCCOCc3ccccc3)c2C1=O,0
O=C1CCC(Nc2cccc(NC(=O)c3coc(Cn4cccn4)c3)c2)C(=O)N1,0
Cc1ccc(N2CCC(=O)NC2=O)cc1NCCCc1ccc2c(c1)CCO2,0
O=C1CC(c2cccc(NC(=O)C3C4CCC(O4)C3C(F)(F)F)c2)CC(=O)N1,0
O=C1CCC(NC(=O)c2ccc(-n3cnnn3)cc2Cl)C(=O)N1,0
Cc1noc2nc(N(C)C3CCC(=O)NC3=O)cc(C(F)(F)F)c12,0
C=CC(=O)N(Cc1ccc2c(c1)C(=O)NC2)Cc1ccsc1Cl,1
O=C1CCC(NC(=O)c2cccc(C(=O)N3CCCC3)n2)C(=O)N1,0
Cn1ncc(-c2ccccc2)c1C(=O)NC1CCC(=O)NC1=O,0
O=C1CCC(NC(=O)c2[nH]ncc2-c2cccc(S(=O)(=O)F)c2)C(=O)N1,1
N#CN1CCC(c2n[nH]c3c2C2CCCC(C3)N2C(=O)c2cccc(N3CCC(=O)NC3=O)c2)C1,1
Cc1nc(Cn2nnc(C(=O)NC3CCC(=O)NC3=O)c2C)no1,0
O=C1CCC(NC(=O)c2cc(CNC(=O)C(O)c3ccsc3)n[nH]2)C(=O)N1,0
O=C1CCC(NC(=O)c2cnc(-c3ccccn3)s2)C(=O)N1,0
N#CN1CCCC(c2ccc(-c3ccc4c(c3)CN(C3CCC(=O)NC3=O)C4=O)s2)C1,1
N#CN1CCC(c2ccc(-n3nnc(C(=O)NC4CCC(=O)NC4=O)n3)cc2)C1,1
CC1CCC(C(=O)Nc2cccc3c2CN(C2CCC(=O)NC2=O)C3=O)CC1,0
N#CN1CCC(c2ccc(-n3nncc3C(=O)NC3CCC(=O)NC3=O)cc2)C1,1
N#CN1CCC(c2ccc3c(CNC4CCC(=O)NC4=O)cccc3c2)C1,1
N#CN1CCCC(c2cc(Cc3cn(C4CCC(=O)NC4=O)nn3)cs2)C1,1
O=C1CCC(NC(=O)c2cnn3ccsc23)C(=O)N1,0
O=C1CCC(NC(=O)c2cnn3c(S(=O)(=O)F)csc23)C(=O)N1,1
O=C1CCC(NC(=O)c2cnn3cc(S(=O)(=O)F)sc23)C(=O)N1,1
Cc1ccc(OC2CCCC2)c(-c2ccc(N3CCC(=O)NC3=O)cc2)c1,0
N#CN1CCCC(c2ccn(Cc3cn(C4CCC(=O)NC4=O)nn3)c2)C1,1
CC1CN(C(=O)c2cccc3c2CN(C2CCC(=O)NC2=O)C3=O)CC(C)O1,0
Nc1ccc(CNC(=O)c2cccc3c2CN(C2CCC(=O)NC2=O)C3=O)cc1,0
N#CN1CCCC(c2c[nH]nc2-c2cccc(C(=O)NC3CCC(=O)NC3=O)c2)C1,1
N#CN1CCC(c2ccc(-c3cccc(C(=O)NC4CCC(=O)NC4=O)n3)cc2)C1,1
O=C1CCC(N2Cc3c(cccc3-c3cccc4ncccc34)C2=O)C(=O)N1,0
Cc1cnn(CC(=O)Nc2ccc3c(c2)C(=O)N(C2CCC(=O)NC2=O)C3=O)c1,0
N#CN1CCC(c2noc3nc(Nc4cccc(N5CCC(=O)NC5=O)c4)[nH]c(=O)c23)C1,1
N#CN1CCCC(c2noc(-c3ccccc3C(=O)NC3CCC(=O)NC3=O)n2)C1,1
O=C1CCC(NC(=O)c2ccc(Oc3ccc(F)cc3)s2)C(=O)N1,0
O=C1CCC(N2Cc3ccc(CNc4ncnc5c4CCC5)cc3C2=O)C(=O)N1,0
O=C1CCC(c2ccc(NC(=O)C3Cc4c(ccc(F)c4F)CN3)cc2)C(=O)N1,0
CC1(C)C(C(=O)Nc2ccc(NC3CCC(=O)NC3=O)cc2)=Nc2ccccc21,0
N#CN1CCC(c2cnn(-c3ccccc3C(=O)NC3CCC(=O)NC3=O)c2)C1,1
O=C1CCC(NC(=O)c2coc3cc(S(=O)(=O)F)ccc23)C(=O)N1,1
O=C1CCC(NC(=O)c2coc3ccc(OS(=O)(=O)F)cc23)C(=O)N1,1
Cc1ccc(Cl)c2c(C(=O)NC3CCC(=O)NC3=O)coc12,0
Cc1oc2c(F)c(F)c(F)c(F)c2c1C(=O)NC1CCC(=O)NC1=O,0
Cc1cc(Br)cc2c(C(=O)NC3CCC(=O)NC3=O)coc12,0
Cc1oc2cc(F)ccc2c1C(=O)NC1CCC(=O)NC1=O,0
O=C1CCC(NC(=O)c2coc3c(S(=O)(=O)F)cccc23)C(=O)N1,1
O=C1CCC(NC(=O)c2coc3c(F)c(Cl)ccc23)C(=O)N1,0
O=C1CCC(NC(=O)c2coc3cccc(Br)c23)C(=O)N1,0
CC(C)(C)c1ccc2c(C(=O)NC3CCC(=O)NC3=O)coc2c1,0
Cn1c(C(F)(F)F)nc2cncc(C(=O)NC3CCC(=O)NC3=O)c21,0
Cn1nc(-c2ccccc2F)c2cc(C(=O)NC3CCC(=O)NC3=O)sc21,0
O=C1CCC(c2cccc(NC(=O)C3CCCc4ccc(S(=O)(=O)F)cc43)c2)C(=O)N1,1
COc1ccc2c(c1)C(C(=O)Nc1cccc(C3CCC(=O)NC3=O)c1)CCC2,0
O=C1CCC(c2cccc(NC(=O)C3CCCc4c3cccc4S(=O)(=O)F)c2)C(=O)N1,1
O=C1CCC(c2cccc(NC(=O)C3CCCc4cc(S(=O)(=O)F)ccc43)c2)C(=O)N1,1
O=C1CCC(n2cc(-c3cscn3)nn2)C(=O)N1,0
O=C1CCC(n2cc(-c3csc(S(=O)(=O)F)n3)nn2)C(=O)N1,1
O=C1CCC(n2cc(-c3csc(OS(=O)(=O)F)n3)nn2)C(=O)N1,1
C#CC1CCN(C2=CC(=O)N(C3CCC(=O)NC3=O)C2=O)CC1,1
N#CN1CCCC(c2cnnn2-c2cncc(C(=O)NC3CCC(=O)NC3=O)c2)C1,1
N#CN1CCC(c2cn3c(n2)C(C(=O)Nc2cccc(C4CCC(=O)NC4=O)c2)CCC3)C1,1
N#CN1CCC(c2ccc(NC(=O)c3cccc4c3CN(C3CCC(=O)NC3=O)C4=O)cc2)C1,1
CC1(NC(=O)CNc2cccc3c2CN(C2CCC(=O)NC2=O)C3=O)CC1,0
O=C1CCC(N2Cc3c(NCC(=O)NC4CC4F)cccc3C2=O)C(=O)N1,0
O=C1CCC(N2Cc3ccc(CNC(=O)NCc4ccco4)cc3C2=O)C(=O)N1,0
Cc1ccc(CNC(=O)c2ccc3c(c2)C(=O)N(C2CCC(=O)NC2=O)C3)s1,0
N#CN1CCCC(c2cccc(-n3cc(C(=O)NC4CCC(=O)NC4=O)nn3)c2)C1,1
N#CN1CCCC(c2n[nH]cc2-c2ccc3c(c2)CN(C2CCC(=O)NC2=O)C3=O)C1,1
CN(C)c1ccc(N=Nc2ccccc2C(=O)NC2CCC(=O)NC2=O)cc1,0
Cc1cn(C2CCOCC2)nc1C(=O)NC1CCC(=O)NC1=O,0
O=C1CCC(N2Cc3cc(CNC(=O)c4ccc(F)cc4)ccc3C2=O)C(=O)N1,0
CC(C)C1CN(C(=O)c2cccc3c2CN(C2CCC(=O)NC2=O)C3=O)CCN1,0
N#CN1CCC(c2cc(Nc3cccc4c3CN(C3CCC(=O)NC3=O)C4=O)ncn2)C1,1
O=C1CCC(CS(=O)(=O)c2ccc(Cl)cc2)C(=O)N1,0
Cc1ccc(S(=O)(=O)CC2CCC(=O)NC2=O)cc1,0
O=C1CCC(CS(=O)(=O)c2ccccc2)C(=O)N1,0
O=C1CCC(CS(=O)(=O)c2ccc(F)cc2)C(=O)N1,0
N#Cc1cccc(OCc2nc(C(=O)NC3CCC(=O)NC3=O)cs2)c1,0
O=C1CCC(N2Cc3c(ccc(-c4c[nH]nn4)c3S(=O)(=O)F)C2=O)C(=O)N1,1
Cn1cc(-c2ccc3c(c2)CN(C2CCC(=O)NC2=O)C3=O)nn1,0
O=C1CCC(N2Cc3cc(-c4nn[nH]c4OS(=O)(=O)F)ccc3C2=O)C(=O)N1,1
O=C1CCC(N2Cc3cc(-c4nn[nH]c4S(=O)(=O)F)ccc3C2=O)C(=O)N1,1
O=C1CCC(N2Cc3cc(-c4c[nH]nn4)c(S(=O)(=O)F)cc3C2=O)C(=O)N1,1
N#CN1CCC(c2nccc(N3CCC(c4ccc(N5CCC(=O)NC5=O)cc4)CC3)n2)C1,1
O=C1CCC(NC(=O)c2nccnc2-c2ccncc2)C(=O)N1,0
O=C1CCC(NC(=O)c2nccnc2-c2ccnc(S(=O)(=O)F)c2)C(=O)N1,1
O=C1CCC(NC(=O)c2sc(S(=O)(=O)F)c3c2OCCO3)C(=O)N1,1
O=C1CCC(NC(=O)c2scc3c2OCCO3)C(=O)N1,0
O=C1CCC(N2Cc3c(C(=O)NC4CCC(C(=O)O)C4)cccc3C2=O)C(=O)N1,0
NCC1(NC(=O)c2cccc3c2CN(C2CCC(=O)NC2=O)C3=O)CCCC1,0
O=C1CCC(N2Cc3c(C(=O)NC4(C(=O)O)CCCC4)cccc3C2=O)C(=O)N1,0
O=C1CN(N=CC=Cc2ccc([N+](=O)[O-])o2)C(=O)N1,0
O=C1CCC(N2Cc3c(ccc(S(=O)(=O)F)c3-c3cccnc3)C2=O)C(=O)N1,1
O=C1CCC(N2Cc3c(cccc3-c3cncc(S(=O)(=O)F)c3)C2=O)C(=O)N1,1
CC(CO)Nc1ccc(-c2cccc3c2CN(C2CCC(=O)NC2=O)C3=O)cn1,0
O=C1CCC(N2Cc3c(cccc3-c3ccc(OS(=O)(=O)F)nc3)C2=O)C(=O)N1,1
Nc1ccc(-c2cccc3c2CN(C2CCC(=O)NC2=O)C3=O)cn1,0
Nc1ccncc1-c1cccc2c1CN(C1CCC(=O)NC1=O)C2=O,0
CC(C)Oc1cncc(-c2cccc3c2CN(C2CCC(=O)NC2=O)C3=O)c1,0
O=C1CCC(N2Cc3c(cc(S(=O)(=O)F)cc3-c3cccnc3)C2=O)C(=O)N1,1
O=C1CCC(N2Cc3c(cccc3-c3cncc(OS(=O)(=O)F)c3)C2=O)C(=O)N1,1
COC(=O)c1ccc(-c2cccc3c2CN(C2CCC(=O)NC2=O)C3=O)cn1,0
O=C1CCC(N2Cc3c(cccc3-c3ccc(F)nc3)C2=O)C(=O)N1,0
CC(=O)c1ccc(-c2cccc3c2CN(C2CCC(=O)NC2=O)C3=O)cn1,0
COc1cncc(-c2cccc3c2CN(C2CCC(=O)NC2=O)C3=O)c1,0
O=C1CCC(N2Cc3c(cccc3-c3cccnc3)C2=O)C(=O)N1,0
O=C1CCC(N2Cc3c(cccc3-c3cncc(O)c3)C2=O)C(=O)N1,0
CS(C)(=O)=Nc1cccc(-c2ccc3c(c2)CNC3=O)n1,0
N#CN1CCCC(c2cccnc2NC(=O)c2cccc3c2CN(C2CCC(=O)NC2=O)C3=O)C1,1
O=C1CCC(c2ccc(NC(=O)c3csc(C4CCCCC4)c3)cc2)C(=O)N1,0
N#CN1CCC(c2ccc3c(C(=O)NC4CCC(=O)NC4=O)cccc3c2)C1,1
O=C1CCC(NC(=O)c2cnn3c(=O)cc[nH]c23)C(=O)N1,0
N#CN1CCC(c2cc(-c3nnc(C(=O)NC4CCC(=O)NC4=O)o3)sn2)C1,1
CC(Nc1ccc2c(c1)C(=O)NC2)c1nc2ccccc2n1C,0
N#CN1CCCC(c2ncn(-c3ccc(C(=O)NC4CCC(=O)NC4=O)cc3)n2)C1,1
N#CN1CCCC(c2ccccc2-c2nc(C(=O)NC3CCC(=O)NC3=O)c3n2CCOC3)C1,1
CN1Cc2c(NCc3nncn3-c3ccccc3)cccc2C1=O,0
O=C1CCC(N2Cc3ccc(CNC(=O)C4C5CCCCC54)cc3C2=O)C(=O)N1,0
N#CN1CCC(c2ccccc2-c2ccc3c(c2)C(=O)N(C2CCC(=O)NC2=O)C3)CC1,1
N#CN1CCC(c2csc3c2CCN(C(=O)c2cccc(N4CCC(=O)NC4=O)c2)C3)C1,1
O=C1CCC(N2Cc3cc(-c4cc(CN5CCCC5)c5cc[nH]c5n4)ccc3C2=O)C(=O)N1,0
N#CN1CCCC(c2ccc3c(c2-c2ccc4c(c2)CN(C2CCC(=O)NC2=O)C4=O)OCCC3)C1,1
N#CN1CCC(c2cncc(-c3ccc4c(c3)CN(C3CCC(=O)NC3=O)C4=O)c2)C1,1
O=C1CCC(n2ncc3c(S(=O)(=O)F)cccc3c2=O)C(=O)N1,1
O=C1CCC(n2ncc3c(OS(=O)(=O)F)cccc3c2=O)C(=O)N1,1
O=C1CCC(n2ncc3cc(S(=O)(=O)F)ccc3c2=O)C(=O)N1,1
O=C1CCC(n2ncc3ccc(OS(=O)(=O)F)cc3c2=O)C(=O)N1,1
O=C1CCC(n2ncc3cc(F)ccc3c2=O)C(=O)N1,0
O=C1CCC(n2ncc3cc(OS(=O)(=O)F)ccc3c2=O)C(=O)N1,1
N#CN1CCCC(c2cc(Nc3ccc(C4CCC(=O)NC4=O)cc3)ncn2)C1,1
O=C1CCC(N2Cc3c(cc(S(=O)(=O)F)cc3-c3cccs3)C2=O)C(=O)N1,1
O=C1CCC(N2Cc3c(cccc3-c3cccs3)C2=O)C(=O)N1,0
Cc1ccsc1-c1cccc2c1CN(C1CCC(=O)NC1=O)C2=O,0
O=C1CCC(N2Cc3c(cccc3-c3ccc(OS(=O)(=O)F)s3)C2=O)C(=O)N1,1
O=C1CCC(N2Cc3c(ccc(S(=O)(=O)F)c3-c3cccs3)C2=O)C(=O)N1,1
O=C1CCC(N2Cc3c(cccc3-c3cc(OS(=O)(=O)F)cs3)C2=O)C(=O)N1,1
O=C1CCC(N2Cc3c(cccc3-c3sccc3S(=O)(=O)F)C2=O)C(=O)N1,1
Cc1nc2ccc(C(=O)NC3CCC(=O)NC3=O)cc2o1,0
O=C1CCC(NC(=O)c2cc(S(=O)(=O)F)c3ncoc3c2)C(=O)N1,1
Cc1nc2c(C)cc(C(=O)NC3CCC(=O)NC3=O)cc2o1,0
O=C1CCC(NC(=O)c2ccc3nc(S(=O)(=O)F)oc3c2)C(=O)N1,1
O=C1CCC(n2cc(-c3cscc3OCc3ccc(CN4CCOCC4)cc3)nn2)C(=O)N1,0
O=C1CCC(c2ccc(NC(=O)CC3(c4ccccc4)CCCO3)cc2)C(=O)N1,0
O=C1CCC(NC(=O)c2cc(S(=O)(=O)F)n3cccc3c2)C(=O)N1,1
O=C1CCC(NC(=O)c2ccn3cccc3c2)C(=O)N1,0
O=C1CCC(NC(=O)c2ccn3c(S(=O)(=O)F)ccc3c2)C(=O)N1,1
O=C1CCC(NC(=O)c2cccc3cc(S(=O)(=O)F)[nH]c23)C(=O)N1,1
O=C1CCC(NC(=O)c2cccc3c(S(=O)(=O)F)c[nH]c23)C(=O)N1,1
O=C1CCC(NC(=O)c2cccc3cc[nH]c23)C(=O)N1,0
O=C1CCC(NC(=O)c2ccc(S(=O)(=O)F)c3cc[nH]c23)C(=O)N1,1
N#Cc1c[nH]c2c(C(=O)NC3CCC(=O)NC3=O)cccc12,0
O=C1CCC(NC(=O)c2cc(S(=O)(=O)F)cc3cc[nH]c23)C(=O)N1,1
Nc1cccc2c1ccn2CC(=O)Nc1ccc(NC2CCC(=O)NC2=O)cc1,0
O=C1CCC(N2Cc3cc(C(=O)NC4CCCC4)ccc3C2=O)C(=O)N1,0
O=C1CCC(N2Cc3cc(C(=O)NC4CCC(C(=O)O)C4)ccc3C2=O)C(=O)N1,0
O=C1CCC(N2Cc3cc(C(=O)NC4(C(=O)O)CCCC4)ccc3C2=O)C(=O)N1,0
O=C1CCC(N2Cc3cccc(NC(=O)C4CC5(CCC5)C4)c3C2=O)C(=O)N1,0
N#CN1CCCC(c2cc(C(=O)Nc3ccc(C4CCC(=O)NC4=O)cc3)cc3c2CCOC3)C1,1
N#CN1CCC(c2n[nH]cc2-c2ccc3c(c2)C(=O)N(C2CCC(=O)NC2=O)C3)CC1,1
C=CC(=O)N(Cc1ccnn1CC1CC1)c1ccc2c(c1)C(=O)NC2,1
N#CN1CCC(c2cnsc2-c2nnc(C(=O)NC3CCC(=O)NC3=O)o2)C1,1
Cc1ccc(-c2cncc(-n3cccn3)c2)cc1N1CCC(=O)NC1=O,0
O=C1CCN(c2cccc(-c3cncc(-n4nccc4S(=O)(=O)F)c3)c2)C(=O)N1,1
O=C1CCN(c2cccc(-c3cncc(-n4ccc(S(=O)(=O)F)n4)c3)c2)C(=O)N1,1
O=C1CCC(Sc2nc(-c3ccccc3)cs2)C(=O)N1,0
O=C1CCC(NC(=O)c2ccc(S(=O)(=O)F)c3ncsc23)C(=O)N1,1
O=C1CCC(NC(=O)c2cccc3nc(OS(=O)(=O)F)sc23)C(=O)N1,1
O=C1CCC(NC(=O)c2cccc3nc(S(=O)(=O)F)sc23)C(=O)N1,1
O=C1CCC(NC(=O)c2cc(S(=O)(=O)F)cc3ncsc23)C(=O)N1,1
Nc1nc2c(Br)ccc(C(=O)NC3CCC(=O)NC3=O)c2s1,0
O=C1CCC(NC(=O)c2cccc3nc(C(F)F)sc23)C(=O)N1,0
O=C1CCC(NC(=O)c2ccc(S(=O)(=O)F)s2)C(=O)N1,1
O=C1CCC(NC(=O)c2ccc(C(F)(F)C(F)(F)F)s2)C(=O)N1,0
O=C1CCC(NC(=O)c2cc(S(=O)(=O)F)cs2)C(=O)N1,1
CS(C)(=O)=Nc1ccc(C(=O)NC2CCC(=O)NC2=O)s1,0
Cc1ccsc1C(=O)NC1CCC(=O)NC1=O,0
COc1c(C(=O)NC2CCC(=O)NC2=O)sc(S(N)(=O)=O)c1OC,0
CNS(=O)(=O)c1csc(C(=O)NC2CCC(=O)NC2=O)c1,0
CC(C)c1ccsc1C(=O)NC1CCC(=O)NC1=O,0
O=C1CCC(NC(=O)c2cccs2)C(=O)N1,0
Cn1nc(-c2cccc3c2CN(C2CCC(=O)NC2=O)C3=O)c2ccc(N)cc21,0
O=C1CCC(NC(=O)c2cnc(-c3ccsc3)cn2)C(=O)N1,0
O=C1CCC(NC(=O)c2ccccc2C2(c3nn[nH]n3)CC2)C(=O)N1,0
CCc1nc(Nc2ccc(C3CCC(=O)NC3=O)cc2)c2ccsc2n1,0
COc1cccc(-c2cc(C(=O)NC3CCC(=O)NC3=O)c(C)o2)c1,0
O=C1CCC(NC(=O)c2sccc2S(=O)(=O)N2CCCCC2)C(=O)N1,0
N#CN1CCC(c2cncc(-c3ccc4c(c3)CN(C3CCC(=O)NC3=O)C4=O)n2)C1,1
CC(Cn1ncc2c1CCCC2)C(=O)Nc1ccc(C2CCC(=O)NC2=O)cc1,0
N#CN1CCC(c2ccc(-c3cccc4c3CN(C3CCC(=O)NC3=O)C4=O)cc2C2CCC2)C1,1
N#CN1CCC(c2[nH]ncc2-c2ccc3c(c2)C(=O)N(C2CCC(=O)NC2=O)C3)C1,1
N#CN1CCCC(c2cccc(-c3csc(C(=O)NC4CCC(=O)NC4=O)n3)c2)C1,1
O=C1CCC(NC(=O)c2ccsc2-c2nn[nH]n2)C(=O)N1,0
N#CN1CCC(c2cc(-c3cccc4c3CN(C3CCC(=O)NC3=O)C4=O)cc3c2CNCC3)C1,1
N#CN1CCC(c2ccc(-c3cscc3C(=O)NC3CCC(=O)NC3=O)cc2)C1,1
O=C1CCC(NC(=O)c2nc(C3CC3)n(-c3ccccc3)n2)C(=O)N1,0
N#CN1CCCC(c2cccc3c2OC(c2nc(C(=O)NC4CCC(=O)NC4=O)cs2)C3)C1,1
COC(=O)c1ncn(C2CCC(=O)NC2=O)c1NS(=O)(=O)c1cnc(Cl)c(C)c1,0
N#CN1CCCC(c2cccc3c2OCC(C(=O)Nc2ccc(C4CCC(=O)NC4=O)cc2)O3)C1,1
N#CN1CCC(c2cc(Nc3ccc4c(c3)CN(C3CCC(=O)NC3=O)C4=O)ncn2)C1,1
O=C1CCC(N2C(=O)c3ccc(-c4csc5ccccc45)cc3C2=O)C(=O)N1,0
C=CC(=O)Nc1ccc(C(=O)Nc2ccccc2C2CNC(=O)C2)cc1,1
N#CN1CCC(c2cc(-c3ccc4c(c3)C(=O)N(C3CCC(=O)NC3=O)C4)co2)C1,1
O=C1CCC(NC(=O)c2cccc(N3CCCC3=O)c2)C(=O)N1,0
N#CN1CCCC(c2ccccc2-c2cc(C(=O)NC3CCC(=O)NC3=O)[nH]n2)C1,1
Cc1ccc(NC(=O)NCc2cccc(N3CCC(=O)NC3=O)c2)cc1Cl,0
O=C1CCC(NC(=O)c2cnc(-c3ccc(Cl)cc3)[nH]2)C(=O)N1,0
Cc1nc(C(=O)NC2CCC(=O)NC2=O)c(C)n1C1CC1,0
Cc1nc(-c2cnn(C)c2)sc1C(=O)NC1CCC(=O)NC1=O,0
Cn1cc(-c2ncc(C(=O)NC3CCC(=O)NC3=O)s2)cn1,0
O=C1CCC(NC(=O)c2c(-c3ccccc3)cnc3ccccc23)C(=O)N1,0
N#CN1CCC(c2cncc3cc(-c4cccc(N5CCC(=O)NC5=O)c4)oc23)C1,1
Cc1ccc(CCNc2ccc3c(c2)CN(C2CCC(=O)NC2=O)C3=O)cc1,0
N#CN1CCC(c2c(-c3ccc4c(c3)CN(C3CCC(=O)NC3=O)C4=O)ccc3c2CCC3=O)C1,1
Cc1cncc(C(=O)NCc2ccc3c(c2)C(=O)N(C2CCC(=O)NC2=O)C3)n1,0
O=C1CCC(c2cccc(NC(=O)c3ccc4c(c3F)NC(=O)CO4)c2)C(=O)N1,0
NCC1CCCc2ccc(C(=O)NC3CCC(=O)NC3=O)cc21,0
O=C1CCC(NC(=O)c2cc3c(c(S(=O)(=O)F)c2)CCCC3)C(=O)N1,1
N#CN1CCC(c2cccc3c2CC(Nc2ccc(N4CCC(=O)NC4=O)cc2)CO3)C1,1
O=C1CCC(N2Cc3cc(-c4ccc(C5CC5)cc4)ccc3C2=O)C(=O)N1,0
O=C1CCC(Nc2ccc(NC(=O)c3[nH]c(=O)n4c3CNCC4)cc2)C(=O)N1,0
O=C1CCC(N2C(=O)c3ccc(OCCOCCOCCOCc4ccccc4)cc3C2=O)C(=O)N1,0
O=C1CCC(NC(=O)c2cn(-c3ccc4c(c3)OCCO4)nn2)C(=O)N1,0
O=C1CCC(N2Cc3cc(NCc4ccc5c(c4)oc4ccccc45)ccc3C2=O)C(=O)N1,0
N#CN1CCCC(c2cc3c(cc2-c2ncc(C(=O)NC4CCC(=O)NC4=O)s2)CCO3)C1,1
Cn1nc(C(F)(F)F)c(C(=O)NC2CCC(=O)NC2=O)c1-c1nn[nH]n1,0
N#CN1CCC(c2ccc3c(c2)OC(C(=O)Nc2ccc(C4CCC(=O)NC4=O)cc2)CO3)C1,1
Cn1ccc(COc2ccc(-c3cccc(C4CCC(=O)NC4=O)c3Cl)cc2)n1,0
N#CN1CCCC(c2ccoc2C(=O)Nc2ccc3c(c2)C(=O)N(C2CCC(=O)NC2=O)C3)C1,1
Cc1ccc(NC(=O)OCc2ccc3c(c2)C(=O)N(C2CCC(=O)NC2=O)C3)cc1Cl,0
O=C1CCC(N2Cc3ccc(COC(=O)Nc4cc(OC(F)(F)F)ccc4F)cc3C2=O)C(=O)N1,0
O=C1CCC(N2Cc3c(cccc3-c3ccc4nc[nH]c(=O)c4c3)C2=O)C(=O)N1,0
Cn1ccc(NC(=O)Nc2ccc3c(c2)CN(C2CCC(=O)NC2=O)C3=O)n1,0
O=C1CCC(NC(=O)c2csc(N3CCNCC3)n2)C(=O)N1,0
Cc1oc(C#N)cc1C(=O)NCc1nc(C(=O)NC2CCC(=O)NC2=O)co1,0
Cc1ccc(CNc2cccc3c2CN(C)N(C2CCC(=O)NC2=O)C3=O)cc1,0
N#CN1CCC(c2cccc(-c3ccc(C(=O)NC4CCC(=O)NC4=O)s3)c2)C1,1
O=C1CCC(NC(=O)OCC2CCC[NH2+]2)C(=O)N1,0
N#CN1CCC(c2cccc(-c3cccc4c3CN(C3CCC(=O)NC3=O)C4=O)n2)CC1,1
CNC(=O)C1(C(=O)Nc2ccc3c(c2)C(=O)N(C2CCC(=O)NC2=O)C3=O)CC1,0
O=C1CCC(N2C(=O)c3ccc(NC(=O)C4CC4)cc3C2=O)C(=O)N1,0
O=C1CCC(N2Cc3c(cccc3-c3ccc(OC4CC4)cn3)C2=O)C(=O)N1,0
O=C1CCC(N2Cc3cc(C(=O)NC4(C5CC5)CC4)ccc3C2=O)C(=O)N1,0
N#CN1CCC(c2cnccc2-c2ncc(C(=O)NC3CCC(=O)NC3=O)s2)C1,1
O=C1CCC(N2Cc3c(cccc3-c3ccc(C4CC4)cc3Cl)C2=O)C(=O)N1,0
O=C1CCC(N2Cc3c(cccc3-c3ccc(C4CC4)cc3)C2=O)C(=O)N1,0
CN(CC(=O)Nc1ccc(C2CCC(=O)NC2=O)cc1)c1ncnc2nc[nH]c12,0
N#CN1CCC(c2ncccc2-c2cccc3c2CN(C2CCC(=O)NC2=O)C3=O)CC1,1
O=C1CCC(NC(=O)c2ccc(Br)c3c2CCO3)C(=O)N1,0
O=C1CCC(NC(=O)c2cc(S(=O)(=O)F)cc3c2CCO3)C(=O)N1,1
O=C1CCC(NC(=O)c2ccc(S(=O)(=O)F)c3c2CCO3)C(=O)N1,1
N#CN1CCC(c2cccc(-n3cc(C(=O)NC4CCC(=O)NC4=O)ccc3=O)c2)C1,1
N#CN1CCC(c2nccnc2-c2ncc(C(=O)NC3CCC(=O)NC3=O)s2)C1,1
Cc1ccccc1-c1nnc(-c2ccc(C(=O)NC3CCC(=O)NC3=O)cc2)o1,0
N#CN1CCCC(c2cccc(C(=O)Nc3ccc4c(c3)CN(C3CCC(=O)NC3=O)C4=O)c2)C1,1
N#CN1CCC(c2ccc3c(c2)CC(c2nc(C(=O)NC4CCC(=O)NC4=O)cs2)O3)C1,1
O=C1CCC(N2Cc3c(cccc3-c3ccc4c(c3)CCN4)C2=O)C(=O)N1,0
O=C1CCC(N2Cc3c(cccc3-c3cc4c(c(OS(=O)(=O)F)c3)NCC4)C2=O)C(=O)N1,1
N#CN1CCC(c2[nH]cnc2C(=O)Nc2ccc(C3CCC(=O)NC3=O)cc2)C1,1
CC(C)(C(=O)Nc1ccc(C2CCC(=O)NC2=O)cc1)N1CCCNCC1,0
N#CN1CCC(c2ccnn2-c2cccc(C(=O)NC3CCC(=O)NC3=O)n2)C1,1
O=C1CCC(N2Cc3cc(C(=O)N4CCCCC4C(=O)O)ccc3C2=O)C(=O)N1,0
O=C1CCC(N2Cc3cc(C(=O)N4CCCC(C(=O)O)C4)ccc3C2=O)C(=O)N1,0
COc1ccnc(Nc2ccc(C(=O)NC3CCC(=O)NC3=O)cc2)n1,0
O=C1CCC(N2Cc3cc(-c4cnn5ccc(Cl)nc45)ccc3C2=O)C(=O)N1,0
O=C1CCC(N2Cc3cc(-c4cnn5cccnc45)ccc3C2=O)C(=O)N1,0
NCC1OCCc2sc(C(=O)NC3CCC(=O)NC3=O)cc21,0
N#CN1CCCC(c2cc(=O)[nH]cc2-c2ccc3c(c2)C(=O)N(C2CCC(=O)NC2=O)C3)C1,1
CN(c1ccccc1)C1CCC(=O)NC1=O,0
O=C1CCC(Nc2ccc(F)cc2)C(=O)N1,0
CN(c1cccc(OS(=O)(=O)F)c1)C1CCC(=O)NC1=O,1
Cc1ccccc1NC1CCC(=O)NC1=O,0
CN(c1cccc(S(=O)(=O)F)c1)C1CCC(=O)NC1=O,1
Nc1cccc(NC2CCC(=O)NC2=O)c1,0
N#Cc1ccc(NC2CCC(=O)NC2=O)c(F)c1Cl,0
O=C1CCC(Nc2ccccc2)C(=O)N1,0
CN(c1ccc(S(C)(=O)=O)cc1S(C)(=O)=O)C1CCC(=O)NC1=O,0
O=C1CCC(Nc2cccc(NC(=O)CCl)c2)C(=O)N1,1
Nc1ccc(NC2CCC(=O)NC2=O)cc1,0
Cc1ccc(NC2CCC(=O)NC2=O)c(Cl)c1,0
CC(C)(C)OC(=O)Nc1cccc(NC2CCC(=O)NC2=O)c1,0
Cc1cc(F)ccc1NC1CCC(=O)NC1=O,0
N#CN1CCC(c2n[nH]nc2-c2ccc3c(c2)CN(C2CCC(=O)NC2=O)C3=O)C1,1
CN(c1cc(Br)cc(F)n1)C1CCC(=O)NC1=O,0
NC(=O)c1c(Br)ccnc1NC1CCC(=O)NC1=O,0
O=C1CCC(Nc2cc(Br)ccn2)C(=O)N1,0
N#Cc1nc(NC2CCC(=O)NC2=O)ccc1C(F)(F)F,0
O=C1CCC(N2C(=O)c3ccc(NC(=O)c4cnc5ccccc5c4)cc3C2=O)C(=O)N1,0
N#CN1CCC(c2c[nH]nc2-c2ccc3c(c2)CN(C2CCC(=O)NC2=O)C3=O)C1,1
Cc1cn(S(=O)(=O)c2ccc3c(c2)C(=O)N(C2CCC(=O)NC2=O)C3)cn1,1
O=C1CCC(N2Cc3ccc(S(=O)(=O)n4ccnc4)cc3C2=O)C(=O)N1,1
O=C1CCC(N2Cc3ccc(S(=O)(=O)n4cnc(C(F)(F)F)c4)cc3C2=O)C(=O)N1,1
O=C1CCC(N2Cc3ccc(S(=O)(=O)n4cnc(F)c4)cc3C2=O)C(=O)N1,1
N#CN1CCCC(c2csc(NC(=O)c3ccc4c(c3)C(=O)N(C3CCC(=O)NC3=O)C4)n2)C1,1
O=C1CCC(NC(=O)c2cccn(CCCn3ccnc3)c2=O)C(=O)N1,0
Cn1c(COc2ccccc2)cnc1C(=O)NC1CCC(=O)NC1=O,0
Nc1ncc2c(-c3ccc4c(c3)CN(C3CCC(=O)NC3=O)C4=O)cccc2n1,0
O=C1CCC(NC(=O)c2cc(C3CC3)nc3c2cnn3C2CCCCC2)C(=O)N1,0
N#CN1CCCC(c2ccc3c(-c4cn(C5CCC(=O)NC5=O)nn4)cncc3c2)C1,1
N#CN1CCC(c2ccc(-n3nccc3-c3ccc(N4CCC(=O)NC4=O)cc3)cc2)C1,1
O=C1CCC(Nc2ccc(NC(=O)c3scc4c3OCCO4)cc2)C(=O)N1,0
O=C1CCC(NC(=O)c2csc(-c3ncccc3F)n2)C(=O)N1,0
O=C1CCC(NC(=O)c2csc(-c3cccc(S(=O)(=O)F)n3)n2)C(=O)N1,1
N#CN1CCC(c2nc(-c3ccc(C(=O)NC4CCC(=O)NC4=O)cc3)no2)C1,1
O=C1CCC(N2CCc3cc(C4CCNCC4)ccc32)C(=O)N1,0
O=C1CCC(N2CCc3cc(C4CCNCC4)c(F)cc32)C(=O)N1,0
O=C1CCC(NC(=O)c2cc(F)ccc2-n2nccn2)C(=O)N1,0
N#CN1CCCC(c2ccc(-c3ccccc3C(=O)NC3CCC(=O)NC3=O)cc2)C1,1
N#CN1CCC(c2ccc(C(=O)Nc3ccc4c(c3)C(=O)N(C3CCC(=O)NC3=O)C4)o2)C1,1
N#CN1CCC(c2ccnc3c2CC(NC(=O)c2ccc(N4CCC(=O)NC4=O)cc2)CC3)C1,1
O=C(NCC(=O)c1ccc(F)c2ccccc12)c1cccc2c1C(=O)NC2=O,0
N#CN1CCCC(c2cccc(-c3nccc(C(=O)NC4CCC(=O)NC4=O)n3)c2)C1,1
O=C1CCC(N2Cc3c(C(=O)NCCC4CCCNC4)cccc3C2=O)C(=O)N1,0
Cc1nc(C2CCCCC2)sc1C(=O)NC1CCC(=O)NC1=O,0
O=C1CCC(NC(=O)c2cc3ccc4c(c3[nH]2)OCCO4)C(=O)N1,0
CN(C(=O)c1ccccc1)c1ccc2c(c1)CN(C1CCC(=O)NC1=O)C2=O,0
O=C1CCC(N2Cc3cc(NC(=O)c4ccccc4)ccc3C2=O)C(=O)N1,0
O=C1CCC(N2Cc3cc(NC(=O)c4ccccc4S(=O)(=O)F)ccc3C2=O)C(=O)N1,1
COc1cccc(C(=O)Nc2ccc3c(c2)CN(C2CCC(=O)NC2=O)C3=O)c1,0
N#Cc1cccc(C(=O)Nc2ccc3c(c2)CN(C2CCC(=O)NC2=O)C3=O)c1,0
Cc1ccc(C(=O)Nc2ccc3c(c2)CN(C2CCC(=O)NC2=O)C3=O)cc1,0
O=C1CCC(N2Cc3cc(NC(=O)c4cccc(S(=O)(=O)F)c4)ccc3C2=O)C(=O)N1,1
O=C1CCC(N2Cc3cc(NC(=O)c4ccc(F)cc4)ccc3C2=O)C(=O)N1,0
Cc1ccccc1C(=O)Nc1ccc2c(c1)CN(C1CCC(=O)NC1=O)C2=O,0
Cc1cccc(C(=O)Nc2ccc3c(c2)CN(C2CCC(=O)NC2=O)C3=O)c1,0
O=C1CCC(N2Cc3cc(NC(=O)c4cccc(F)c4)ccc3C2=O)C(=O)N1,0
O=C1CCC(N2Cc3cc(NC(=O)c4cccc(C(F)(F)F)c4)ccc3C2=O)C(=O)N1,0
CC(C)(C)OC(=O)N1CC2(C1)CN(c1cc3c(cc1F)C(=O)N(C1CCC(=O)NC1=O)C3=O)C2,0
CC(C)(C)OC(=O)N1CC2(C1)CN(c1ccc3c(c1)C(=O)N(C1CCC(=O)NC1=O)C3=O)C2,0
O=C1CCC(N2C(=O)c3ccc(N4CC5(CNC5)C4)cc3C2=O)C(=O)N1,0
O=C1CCC(NC(=O)c2cc3cncc(S(=O)(=O)F)c3o2)C(=O)N1,1
O=C1CCC(NC(=O)c2cc3c(S(=O)(=O)F)nccc3o2)C(=O)N1,1
O=C1CCC(NC(=O)c2cc3c(Cl)nccc3o2)C(=O)N1,0
O=C1CCC(NC(=O)c2cc3cnc(S(=O)(=O)F)cc3o2)C(=O)N1,1
CN1CCc2[nH]c3ccc(C(=O)NC4CCC(=O)NC4=O)cc3c2C1,0
O=C1CCC(N2Cc3c(Nc4ccnc(Nc5ccc6c(c5)CCCC6)n4)cccc3C2=O)C(=O)N1,0
N#CN1CCC(c2cccc(NC(=O)c3ccc4c(c3)C(=O)N(C3CCC(=O)NC3=O)C4)c2)C1,1
N#CN1CCC(c2cccnc2-c2ncc(C(=O)NC3CCC(=O)NC3=O)s2)C1,1
O=C1CCC(OC(=O)c2ccc(S(=O)(=O)NCC3CCCO3)cc2)C(=O)N1,0
O=C1CCC(N2C(=O)c3ccc(NC(=O)c4cccc(S(=O)(=O)F)c4)cc3C2=O)C(=O)N1,1
O=C1CCC(N2C(=O)c3ccc(NC(=O)c4ccccc4)cc3C2=O)C(=O)N1,0
O=C1CCC(N2C(=O)c3ccc(NC(=O)c4ccccc4S(=O)(=O)F)cc3C2=O)C(=O)N1,1
Cc1ccc(C(=O)Nc2ccc3c(c2)C(=O)N(C2CCC(=O)NC2=O)C3=O)cc1,0
O=C1CCC(NC(=O)c2cc(S(=O)(=O)F)c3nccn3c2)C(=O)N1,1
COc1cc(C(=O)NC2CCC(=O)NC2=O)cn2cc(C)nc12,0
O=C1CCC(NC(=O)c2ccc3nccn3c2)C(=O)N1,0
O=C1CCC(NC(=O)c2cc(COc3ccc(Cl)cc3Cl)on2)C(=O)N1,0
N#CN1CCCC(c2ccc3c(S(=O)(=O)NC4CCC(=O)NC4=O)csc3c2)C1,1
O=C1CCC(NC(=O)c2ccc3c(c2)NCCNC3=O)C(=O)N1,0
CN(c1cc(Oc2cnn(C)c2)nc(Cl)n1)C1CCC(=O)NC1=O,0
COc1cc2ccccc2cc1CNc1ccc2c(c1)CN(C1CCC(=O)NC1=O)C2=O,0
COc1cc(CNc2ccc3c(c2)CN(C2CCC(=O)NC2=O)C3=O)c(OC)c2ccccc12,0
O=C1CCC(N2Cc3cc(NCc4ccc5ccccc5c4)ccc3C2=O)C(=O)N1,0
O=C1CCC(N2Cc3cc(NCc4ccc5cc(O)ccc5c4)ccc3C2=O)C(=O)N1,0
COc1ccc2cc(CNc3ccc4c(c3)CN(C3CCC(=O)NC3=O)C4=O)ccc2c1,0
COc1cccc2ccc(CNc3ccc4c(c3)CN(C3CCC(=O)NC3=O)C4=O)cc12,0
COc1cccc2cc(CNc3ccc4c(c3)CN(C3CCC(=O)NC3=O)C4=O)ccc12,0
COc1cc2c(OC)cccc2cc1CNc1ccc2c(c1)CN(C1CCC(=O)NC1=O)C2=O,0
COc1c(CNc2ccc3c(c2)CN(C2CCC(=O)NC2=O)C3=O)ccc2ccccc12,0
COc1cc2ccc(CNc3ccc4c(c3)CN(C3CCC(=O)NC3=O)C4=O)cc2cc1OC,0
COc1ccc2ccc(CNc3ccc4c(c3)CN(C3CCC(=O)NC3=O)C4=O)cc2c1,0
O=C1CCC(N2Cc3cc(NCc4ccc5cc(Br)ccc5c4)ccc3C2=O)C(=O)N1,0
CN(C)c1ccc2cc(CNc3ccc4c(c3)CN(C3CCC(=O)NC3=O)C4=O)ccc2c1,0
O=C1CCC(N2Cc3cc(NCc4ccc5cc(F)ccc5c4)ccc3C2=O)C(=O)N1,0
COc1ccc2cc(OC)c(CNc3ccc4c(c3)CN(C3CCC(=O)NC3=O)C4=O)cc2c1,0
COc1cc(CNc2ccc3c(c2)CN(C2CCC(=O)NC2=O)C3=O)cc2ccccc12,0
O=C1CCC(NC(=O)c2cc3c(S(=O)(=O)F)csc3s2)C(=O)N1,1
O=C1CCC(NC(=O)c2cc3ccsc3s2)C(=O)N1,0
O=C1CCC(NC(=O)c2onc3c2CCCC3)C(=O)N1,0
O=C1CCC(N2Cc3cc(C(=O)NCCc4cccnc4)ccc3C2=O)C(=O)N1,0
CC(C)(C)c1ccccc1Nc1ccc(C(=O)NC2CCC(=O)NC2=O)cc1,0
O=C1CCC(NC(=O)c2cc3nccc(-c4ccco4)n3n2)C(=O)N1,0
CC1CN(Cc2ccc(C(=O)NC3CCC(=O)NC3=O)cc2)CC(C)O1,0
O=C1CCC(NC(=O)c2occc2CNC(=O)c2ccnc3[nH]ccc23)C(=O)N1,0
Cc1ccc(N2CCC(=O)NC2=O)cc1NCc1cn(CC2CCCO2)nn1,0
O=C1CC2(CCCCC2)CC(=O)C1=CNc1cccc2c1C(=O)NC2=O,1
N#CN1CCC(c2cccc3c2OC(c2nc(C(=O)NC4CCC(=O)NC4=O)cs2)C3)C1,1
CCn1c(=O)c(NC2CCC(=O)NC2=O)nc2ccccc21,0
O=C1CCC(Nc2nc3cccc(S(=O)(=O)F)c3[nH]c2=O)C(=O)N1,1
Cc1nn(C)c2c(Nc3ccc(C4CC(=O)NC(=O)C4)cc3)ncnc12,0
COc1cc(COc2ccc3c(c2)C(=O)N(C2CCC(=O)NC2=O)C3=O)ccn1,0
CC1(C)CCOC(C(=O)NCc2occc2C(=O)NC2CCC(=O)NC2=O)C1,0
N#CN1CCC(c2cnnc(-n3cc(C(=O)NC4CCC(=O)NC4=O)cn3)c2)C1,1
CCn1cnc2c(C(=O)Nc3ccc(NC4CCC(=O)NC4=O)cc3)ncnc21,0
CC1(C)CN(C(=O)Nc2cnc3c(c2)CNC3=O)C2COCC21,0
O=C1CCC(NC(=O)c2nc(S(=O)(=O)F)nn3cccc23)C(=O)N1,1
O=C1CCC(NC(=O)c2ncnn3c(S(=O)(=O)F)ccc23)C(=O)N1,1
O=C1CCC(NC(=O)c2ncnn3cc(OS(=O)(=O)F)cc23)C(=O)N1,1
O=C1CCC(NC(=O)c2nc(OS(=O)(=O)F)nn3cccc23)C(=O)N1,1
O=C1CCC(NC(=O)c2ncnn3cccc23)C(=O)N1,0
Cc1ccc(NC(=O)NCc2ccc3c(=O)n(C4CCC(=O)NC4=O)nnc3c2)cc1Cl,0
Cc1ccc(NC(=O)NCc2ccc3c(=O)n(C4CCC(=O)NC4=O)nnc3c2)cc1,0
O=C1CCC(n2nnc3cc(CNC(=O)Nc4ccc(Cl)cc4)ccc3c2=O)C(=O)N1,0
Cc1cc2c(C(=O)NC3CCC(=O)NC3=O)nccn2n1,0
O=C1CCC(NC(=O)c2nc(S(=O)(=O)F)cn3nccc23)C(=O)N1,1
O=C1CCC(NC(=O)c2nccn3nc(OS(=O)(=O)F)cc23)C(=O)N1,1
O=C1CCC(NC(=O)c2ncc(S(=O)(=O)F)n3nccc23)C(=O)N1,1
N#CN1CCCC(c2ccc3ccc(C(=O)NC4CCC(=O)NC4=O)cc3c2)C1,1
O=C1CCC(N2Cc3ccc(CNC(=O)Nc4nccs4)cc3C2=O)C(=O)N1,0
N#CN1CCCC(c2ccccc2C(=O)Nc2cccc3c2CN(C2CCC(=O)NC2=O)C3=O)C1,1
O=C1CCC(NC(=O)c2ccc(F)c(S(=O)(=O)Cc3ncon3)c2)C(=O)N1,0
Cc1nc(C(=O)NC2CCC(=O)NC2=O)cn(C)c1=O,0
Cc1cc(C2(C(=O)Nc3ccc(C4CCC(=O)NC4=O)cc3)CCOCC2)on1,0
N#CN1CCCC(c2ccc(-c3ccsc3C(=O)NC3CCC(=O)NC3=O)cc2)C1,1
C=CC(=O)N1CCCC(C(=O)Nc2ccc(C3CC(=O)NC(=O)C3)cc2)C1,1
O=C1CCC(Nc2ccnc(-c3cncc(Br)c3)n2)C(=O)N1,0
O=C1CCC(NC(=O)c2[nH]ncc2CNC(=O)c2cc3cnccc3[nH]2)C(=O)N1,0
N#CN1CCCC(c2ccccc2NC(=O)c2ccc3c(c2)C(=O)N(C2CCC(=O)NC2=O)C3)C1,1
N#CN1CCC(c2cccc3c2OCC(Nc2ccc(N4CCC(=O)NC4=O)cc2)C3)C1,1
O=C1CCC(c2ccc(NC(=O)c3ccoc3C3(O)CCOCC3)cc2)C(=O)N1,0
O=C1CCC(NC(=O)c2coc3c2CN(C(=O)C2(c4cc[nH]n4)CC2)C3)C(=O)N1,0
O=C1CCC(N2Cc3cc(NC(=O)c4ccc5c(c4)CCCC5)ccc3C2=O)C(=O)N1,0
N#CN1CCC(c2cnc(Nc3ccc4c(c3)CN(C3CCC(=O)NC3=O)C4=O)nc2)C1,1
O=C1CCC(NC(=O)c2ncsc2Nc2cccnc2)C(=O)N1,0
CN1C(=O)c2ccccc2C1CNC(=O)Nc1nnc(Cc2ccccc2)s1,0
O=C1CCC(NC(=O)c2cc(C3(F)COC3)no2)C(=O)N1,0
O=C1CCC(N2Cc3ccc(-c4nc5c(s4)CCCC5)cc3C2=O)C(=O)N1,0
N#CN1CCC(c2cccc(NC(=O)c3ccc4c(c3)CN(C3CCC(=O)NC3=O)C4=O)c2)C1,1
Nc1nn(C2CC2)c2c(CN3CCCC3)cc(-c3ccc4c(c3)CN(C3CCC(=O)NC3=O)C4=O)nc12,0
N#CN1CCC(c2cccc3c2CC3C(=O)Nc2ccc3c(c2)C(=O)N(C2CCC(=O)NC2=O)C3)C1,1
N#CN1CCCC(c2ncc(-c3cn(C4CCC(=O)NC4=O)nn3)c3ccccc23)C1,1
N#CCOc1ccc(-c2cccc3c2CN(C2CCC(=O)NC2=O)C3=O)nc1,0
O=C1CCC(N2Cc3c(cccc3-c3cc(OS(=O)(=O)F)ccn3)C2=O)C(=O)N1,1
O=C1CCC(N2Cc3c(cccc3-c3cccc(S(=O)(=O)F)n3)C2=O)C(=O)N1,1
O=C1CCC(N2Cc3c(cccc3-c3cc(S(=O)(=O)F)ccn3)C2=O)C(=O)N1,1
O=C1CCC(N2Cc3c(cccc3-c3ccc(OS(=O)(=O)F)cn3)C2=O)C(=O)N1,1
CN(C)c1ccc(-c2cccc3c2CN(C2CCC(=O)NC2=O)C3=O)nc1,0
O=C1CCC(N2Cc3c(cc(S(=O)(=O)F)cc3-c3ccccn3)C2=O)C(=O)N1,1
O=C1CCC(N2Cc3c(ccc(S(=O)(=O)F)c3-c3ccccn3)C2=O)C(=O)N1,1
O=C1CCC(N2Cc3c(cccc3-c3cccc(OS(=O)(=O)F)n3)C2=O)C(=O)N1,1
O=C1CCC(N2Cc3ccc(-c4ccc5nccc(O)c5c4)cc3C2=O)C(=O)N1,0
Cc1nc2c3ccccc3nc(SC3CCC(=O)NC3=O)n2n1,0
N#CN1CCC(c2nc(-c3cn(C4CCC(=O)NC4=O)nn3)cs2)CC1,1
O=C1CCC(NC(=O)c2cccn3c4c(nc23)CCCC4)C(=O)N1,0
O=C1CCC(c2ccc(NC(=O)C3CC(=O)N(Cc4ccco4)C3)cc2)C(=O)N1,0
N#CN1CCC(c2ccccc2-c2nccc(C(=O)NC3CCC(=O)NC3=O)n2)C1,1
CC(C)C(O)c1cn(-c2cccc3c2CN(C2CCC(=O)NC2=O)C3=O)nn1,0
COC(=O)NCc1cn(-c2cccc3c2CN(C2CCC(=O)NC2=O)C3=O)nn1,0
O=C1CCC(N2Cc3c(ccc(S(=O)(=O)F)c3-n3ccnn3)C2=O)C(=O)N1,1
CNCc1cn(-c2cccc3c2CN(C2CCC(=O)NC2=O)C3=O)nn1,0
COCCCc1cn(-c2cccc3c2CN(C2CCC(=O)NC2=O)C3=O)nn1,0
CCCCc1cn(-c2cccc3c2CN(C2CCC(=O)NC2=O)C3=O)nn1,0
CC(C)(CO)Cc1cn(-c2cccc3c2CN(C2CCC(=O)NC2=O)C3=O)nn1,0
CN(C)Cc1cn(-c2cccc3c2CN(C2CCC(=O)NC2=O)C3=O)nn1,0
NCCc1cn(-c2cccc3c2CN(C2CCC(=O)NC2=O)C3=O)nn1,0
CCC(C)(O)c1cn(-c2cccc3c2CN(C2CCC(=O)NC2=O)C3=O)nn1,0
CC(C)(O)Cc1cn(-c2cccc3c2CN(C2CCC(=O)NC2=O)C3=O)nn1,0
O=C1CCC(N2Cc3c(cccc3-n3cc(OS(=O)(=O)F)nn3)C2=O)C(=O)N1,1
O=C1CCC(N2Cc3c(cc(S(=O)(=O)F)cc3-n3ccnn3)C2=O)C(=O)N1,1
CC(C)(C)c1cn(-c2cccc3c2CN(C2CCC(=O)NC2=O)C3=O)nn1,0
O=C1CCC(N2Cc3c(cccc3-n3nncc3S(=O)(=O)F)C2=O)C(=O)N1,1
CCOCc1cn(-c2cccc3c2CN(C2CCC(=O)NC2=O)C3=O)nn1,0
CC(C)C(O)Cc1cn(-c2cccc3c2CN(C2CCC(=O)NC2=O)C3=O)nn1,0
CC(C)(C)Cc1cn(-c2cccc3c2CN(C2CCC(=O)NC2=O)C3=O)nn1,0
CN(c1nc(C(F)(F)F)nc2ccsc12)C1CCC(=O)NC1=O,0
Cc1nc(N(C)C2CCC(=O)NC2=O)c2scc(C)c2n1,0
O=C1CCC(Nc2ncnc3cc(S(=O)(=O)F)sc23)C(=O)N1,1
O=C1CCC(Nc2nc(C(F)(F)F)nc3ccsc23)C(=O)N1,0
O=C1CCC(Nc2ncnc3cc(Br)sc23)C(=O)N1,0
O=C1CCC(NC(=O)c2cnc3onc(-c4ccccc4)c3c2)C(=O)N1,0
O=C1CCC(NC(=O)c2[nH]ncc2CNC(=O)c2cn3c(n2)CCC3)C(=O)N1,0
N#CN1CCCC(c2ccc(CC(=O)NC3CCC(=O)NC3=O)cc2)C1,1
N#CN1CCC(c2cccc(-c3csc(C(=O)NC4CCC(=O)NC4=O)c3)c2)C1,1
N#CN1CCC(c2ccnc(-c3ncc(C(=O)NC4CCC(=O)NC4=O)s3)c2)C1,1
N#CN1CCCC(c2cnccc2-c2ccc(C(=O)NC3CCC(=O)NC3=O)cn2)C1,1
O=C1CCC(n2cc(Cc3ccccc3)nn2)C(=O)N1,0
CC(O)(c1cn(C2CCC(=O)NC2=O)nn1)c1ccccc1Br,0
CC(C)(C)c1ccc(C(O)c2cn(C3CCC(=O)NC3=O)nn2)cc1,0
CC(O)(c1ccccc1)c1cn(C2CCC(=O)NC2=O)nn1,0
O=C1CCC(n2cc(C(O)c3ccccc3)nn2)C(=O)N1,0
N#CN1CCC(c2cc(-c3cccc4c3CN(C3CCC(=O)NC3=O)C4=O)cs2)C1,1
N#CN1CCC(c2ccnc(Nc3ccc4c(c3)CN(C3CCC(=O)NC3=O)C4=O)n2)CC1,1
Cc1cc2occ(CC(=O)Nc3ccc4c(c3)C(=O)NC4=O)c2cc1C(C)C,0
O=C1CCC(N2C(=O)C=CC2=O)C(=O)N1,1
O=C1CCC(N2C(=O)C=C(Br)C2=O)C(=O)N1,1
O=C1CCC(NC(=O)c2ncnc3cc[nH]c23)C(=O)N1,0
O=C1CCC(NC(=O)c2cc3c([nH]c2=O)CCN(Cc2ccccc2)C3)C(=O)N1,0
N#CN1CCC(c2nccc(Nc3ccc4c(c3)CN(C3CCC(=O)NC3=O)C4=O)n2)CC1,1
CC1CC(CNc2ccc(C3CC(=O)NC(=O)C3)cc2)CCO1,0
COc1ccc(COc2ncc(C(=O)NC3CCC(=O)NC3=O)cn2)cc1,0
Cn1cc(-c2cncc(C(=O)NC3CCC(=O)NC3=O)c2)cn1,0
N#CN1CCCC(c2ccc(-c3cnc(C(=O)NC4CCC(=O)NC4=O)o3)cc2)C1,1
N#CN1CCCC(c2ccc(-c3ccc4c(c3)CN(C3CCC(=O)NC3=O)C4=O)nn2)C1,1
O=C1CCC(N2Cc3cc(-c4ccn(-c5ccccc5)n4)ccc3C2=O)C(=O)N1,0
O=C1CCC(N2Cc3ccc(C(=O)NC4CC(C(=O)O)C4)cc3C2=O)C(=O)N1,0
O=C(O)CN(C(=O)c1ccc2c(c1)C(=O)N(C1CCC(=O)NC1=O)C2)C1CCC1,0
O=C1CCC(N2Cc3ccc(C(=O)NC4(C(=O)O)CCC4)cc3C2=O)C(=O)N1,0
CC(C)(c1nn[nH]n1)c1cc(C(=O)NC2CCC(=O)NC2=O)ccc1F,0
CCc1cn2nc(Cl)cc(Nc3ccc(C4CCC(=O)NC4=O)cc3)c2n1,0
N#CN1CCC(c2cc3c(c(-c4ccc5c(c4)CN(C4CCC(=O)NC4=O)C5=O)c2)OCCCO3)C1,1
COc1cc(-n2cccc2)c(Cl)cc1C(=O)NC1CCC(=O)NC1=O,0
CCC1(c2ccc(NCc3cccc4ccsc34)cc2)CCC(=O)NC1=O,0
O=C1CCC(NC(=O)c2nc3c(S(=O)(=O)F)cccc3o2)C(=O)N1,1
O=C1CCC(NC(=O)c2nc3cccc(S(=O)(=O)F)c3o2)C(=O)N1,1
Cc1cccc2oc(C(=O)NC3CCC(=O)NC3=O)nc12,0
O=C1CCC(NC(=O)c2nc3ccc(S(=O)(=O)F)cc3o2)C(=O)N1,1
O=C1CCC(NC(=O)c2nc3cccc(OS(=O)(=O)F)c3o2)C(=O)N1,1
O=C1CCC(NC(=O)c2nc3cc(S(=O)(=O)F)ccc3o2)C(=O)N1,1
O=C1CCC(NC(=O)c2nc3c(OS(=O)(=O)F)cccc3o2)C(=O)N1,1
N#CN1CCC(c2csc(C(=O)Nc3ccc4c(c3)C(=O)N(C3CCC(=O)NC3=O)C4)c2)C1,1
C=CC(=O)Nc1cc(C(=O)NCC2c3ccccc3C(=O)N2C)ccc1O,1
O=C1CCC(NC(=O)c2cc(S(=O)(=O)F)cc3c2CCOC3)C(=O)N1,1
CC1Cc2c(cccc2C(=O)NC2CCC(=O)NC2=O)CO1,0
O=C1CCC(NC(=O)c2ccc(S(=O)(=O)F)c3c2CCOC3)C(=O)N1,1
O=C1CCC(NC(=O)c2csc3nnsc23)C(=O)N1,0
O=C1CCC(N2Cc3c(cc(S(=O)(=O)F)cc3C3=CCCNC3)C2=O)C(=O)N1,1
O=C1CCC(N2Cc3c(cccc3C3=CCCNC3)C2=O)C(=O)N1,0
O=C1CCC(N2Cc3c(ccc(S(=O)(=O)F)c3C3=CCCNC3)C2=O)C(=O)N1,1
CC(C)(C(=O)NCc1occc1C(=O)NC1CCC(=O)NC1=O)n1cnnn1,0
CC(C)c1noc2nc(-c3ccco3)cc(C(=O)NC3CCC(=O)NC3=O)c12,0
N#CN1CCC(c2cccc(C(=O)Nc3cccc4c3CN(C3CCC(=O)NC3=O)C4=O)c2)CC1,1
O=C1CCC(N2C(=O)C=C(N3CCC(OCc4ccccc4)C3)C2=O)C(=O)N1,1
O=C1CCC(N2Cc3c(ccc4c3OCC43CCN(Cc4ccccc4)C3)C2=O)C(=O)N1,0
O=C1CCC(n2cc(CC3CCNC3=O)nn2)C(=O)N1,0
O=C1CCC(NC(=O)c2cncc3cc(S(=O)(=O)F)ccc23)C(=O)N1,1
O=C1CCC(NC(=O)c2cnc(S(=O)(=O)F)c3ccccc23)C(=O)N1,1
O=C1CCC(NC(=O)c2cncc3c(S(=O)(=O)F)cccc23)C(=O)N1,1
O=C1CCC(NC(=O)c2cncc3ccccc23)C(=O)N1,0
N#CN1CCC(c2ccccc2C(=O)Nc2ccc3c(c2)CN(C2CCC(=O)NC2=O)C3=O)C1,1
N#CN1CCC(c2cc(Nc3ccc4c(c3)CN(C3CCC(=O)NC3=O)C4=O)ncn2)CC1,1
N#CN1CCC(c2nccc(Nc3cccc4c3CN(C3CCC(=O)NC3=O)C4=O)n2)CC1,1
N#CN1CCCC(c2cnnc(-n3cc(C(=O)NC4CCC(=O)NC4=O)cn3)c2)C1,1
O=C1CCC(NC(=O)c2cnc(C3CCCN3)nc2)C(=O)N1,0
O=C1CCC(NC(=O)c2csc(-c3cnn(-c4ccccc4)c3)n2)C(=O)N1,0
O=C1CCC(N2c3ccncc3N3CCC2C3)C(=O)N1,0
O=C1CCC(N2c3ccnc(OS(=O)(=O)F)c3N3CCC2C3)C(=O)N1,1
CC1(C)OCc2c(C(=O)NC3CCC(=O)NC3=O)n[nH]c21,0
O=C1CCC(NC(=O)c2cnc3scc(S(=O)(=O)F)n3c2=O)C(=O)N1,1
Cc1csc2ncc(C(=O)NC3CCC(=O)NC3=O)c(=O)n12,0
O=C1CCC(NC(=O)c2cnc3sc(S(=O)(=O)F)cn3c2=O)C(=O)N1,1
CC(C)c1cccc(-c2ccnc3c2C(=O)NC3)c1,0
Cn1ccc2cc(-c3cccc4c3C(=O)N(C3CCC(=O)NC3=O)C4=O)ccc21,0
N#CN1CCC(c2cccc3c2-c2sc(C(=O)NC4CCC(=O)NC4=O)cc2CO3)C1,1
CCN1CCC2(CC2)C(Oc2ccc3c(c2)CN(C2CCC(=O)NC2=O)C3=O)C1,0
