smiles,cov_crbn_label
N#CN1CCCC(c2ccnc(NC(=O)c3cccc4c3CN(C3CCC(=O)NC3=O)C4=O)c2)C1,1
O=C1CCC(c2ccc(NC(=O)c3conc3C3CCNC3)cc2)C(=O)N1,0
N#CN1CCCC(c2ccccc2-c2nc(C(=O)NC3CCC(=O)NC3=O)co2)C1,1
N#CN1CCC(c2ccc3c(C(=O)NC4CCC(=O)NC4=O)cccc3c2)C1,1
CCCOc1ccccc1CNS(=O)(=O)Nc1ccc2c(c1)CN(C1CCC(=O)NC1=O)C2=O,0
N#CN1CCCC(c2cnn(-c3ccccc3C(=O)NC3CCC(=O)NC3=O)c2)C1,1
Cc1cc(C)c(Nc2nnc(SC3CCC(=O)NC3=O)s2)c(Cl)c1,0
O=C(Nc1ccc(Oc2cccc(F)c2F)nc1)c1ccc2c(c1)CNC2=O,0
N#CN1CCCC(c2cccc(-c3nc(C(=O)NC4CCC(=O)NC4=O)cs3)c2)C1,1
O=C1NC(=O)c2cc(S(=O)(=O)N(CCO)c3ccccc3)ccc21,0
N#CN1CCC(c2cncc(C(=O)Nc3ccc(C4CCC(=O)NC4=O)cc3)c2)C1,1
N#CN1CCCC(c2nnnn2-c2ccc(C(=O)NC3CCC(=O)NC3=O)cc2)C1,1
CCC1(CNC(=O)c2ccc3c(c2)C(=O)N(C2CCC(=O)NC2=O)C3=O)CC1,0
CC(NC(=O)c1ccc2c(c1)C(=O)N(C1CCC(=O)NC1=O)C2=O)C1CC1,0
O=C1CCC(Cc2cn(C3CCN(Cc4ccccc4)C3)nn2)C(=O)N1,0
O=C1CCC(NC(=O)c2nccnc2-c2ccncc2)C(=O)N1,0
O=C1CCC(NC(=O)c2nccnc2-c2ccnc(S(=O)(=O)F)c2)C(=O)N1,1
O=C1CCC(NC(=O)c2[nH]ncc2CNC(=O)C2CCCCC(=O)N2)C(=O)N1,0
CN1CCN(Cc2ccc(C(=O)NC3CCC(=O)NC3=O)s2)CC1,0
N#CN1CCC(c2cc3c(c(-c4cccc5c4CN(C4CCC(=O)NC4=O)C5=O)c2)CCC3=O)CC1,1
O=C(Nc1ncn(Cc2cccc(F)c2)n1)c1cccc2c1C(=O)NC2,0
N#CN1CCCC(c2ccccc2-n2ccc(=O)c(C(=O)NC3CCC(=O)NC3=O)n2)C1,1
N#CN1CCC(c2ccccc2-n2nnc(C(=O)NC3CCC(=O)NC3=O)n2)C1,1
Cc1cnc2cc(-c3cccc4c3CN(C3CCC(=O)NC3=O)C4=O)ccn12,0
N#CN1CCCC(c2ccc(-n3cncc3C(=O)NC3CCC(=O)NC3=O)nc2)C1,1
N#CN1CCCC(c2csc(-c3n[nH]cc3C(=O)NC3CCC(=O)NC3=O)c2)C1,1
O=C1CCC(NC(=O)c2cn3c(S(=O)(=O)F)nnc3s2)C(=O)N1,1
Cc1c(C(=O)NC2CCC(=O)NC2=O)sc2nnc(S)n12,0
N#CN1CCCC(c2cccc3c2C(C(=O)Nc2ccc(C4CCC(=O)NC4=O)cc2)CC3)C1,1
O=C1CC(c2cccc(NC(=O)c3cc(F)cc4[nH]nnc34)c2)CC(=O)N1,0
COc1ccc2cc(C(=O)Nc3ccc4c(c3)CN(C3CCC(=O)NC3=O)C4=O)ccc2n1,0
O=C1CCC(c2ccc(NC(=O)c3nccc4ccsc34)cc2)C(=O)N1,0
Cc1nc2c(cc1C(=O)NC1CCC(=O)NC1=O)c(C)nn2C,0
Cc1nn(C)c2ncc(C(=O)NC3CCC(=O)NC3=O)cc12,0
O=C1CCC(NC(=O)c2c[nH]c3ccc(-c4nn[nH]n4)cc23)C(=O)N1,0
O=C1CCC(c2ccc(NC(=O)Cn3nnnc3-c3ccsc3)cc2)C(=O)N1,0
O=C1CCC(NC(=O)c2nc3cc(S(=O)(=O)F)ccc3s2)C(=O)N1,1
O=C1CCC(NC(=O)c2nc3cc(F)ccc3s2)C(=O)N1,0
O=C1CCC(NC(=O)c2nc3c(S(=O)(=O)F)cccc3s2)C(=O)N1,1
O=C1CCC(NC(=O)c2nc3cccc(S(=O)(=O)F)c3s2)C(=O)N1,1
N#CN1CCCC(c2ccc3ccc(-c4cn(C5CCC(=O)NC5=O)nn4)cc3n2)C1,1
O=C1CCC(NC(=O)c2ccc(Cl)cc2N2CCCC2=O)C(=O)N1,0
O=C1CCC(N2C(=O)c3cc(S(=O)(=O)F)cc4cccc2c34)C(=O)N1,1
O=C1CCC(N2C(=O)c3cc(OS(=O)(=O)F)cc4cccc2c34)C(=O)N1,1
O=C1CCC(N2C(=O)c3cccc4cccc2c34)C(=O)N1,0
O=C1CCC(NC(=O)c2ccc3occ(S(=O)(=O)F)c3n2)C(=O)N1,1
O=C1CCC(NC(=O)c2cc(S(=O)(=O)F)c3occc3n2)C(=O)N1,1
O=C1CCC(NC(=O)c2ccc3occc3n2)C(=O)N1,0
O=C1CCC(NC(=O)c2ccc3oc(S(=O)(=O)F)cc3n2)C(=O)N1,1
Nc1cccnc1Nc1ccc2c(c1)C(=O)NC2=O,0
O=C1CCC(NC(=O)c2cccc(NC(=O)CCCc3cccs3)c2)C(=O)N1,0
N#CN1CCC(c2cc(C(=O)Nc3ccc(C4CCC(=O)NC4=O)cc3)cc3c2CCOC3)C1,1
O=C1CCC(NC(=O)c2cc(-c3ccccc3)nc3cc(F)ccc23)C(=O)N1,0
O=C1CCC(NC(=O)c2csc(-c3ccccc3)n2)C(=O)N1,0
COc1cccc(-c2nc(C(=O)NC3CCC(=O)NC3=O)cs2)c1OC,0
O=C1CCC(NC(=O)c2csc(-c3ccc(Cl)cc3)n2)C(=O)N1,0
O=C1CCC(N2Cc3cc(-c4cnc5c(c4)NCCO5)ccc3C2=O)C(=O)N1,0
O=C1CCC(NC(=O)c2cc3c(cc2Br)NC(=O)CO3)C(=O)N1,0
CC(C)(C)C1CCc2c(n[nH]c2C(=O)NC2CCC(=O)NC2=O)C1,0
CC(C)(C)n1nc2c(c1C(=O)NC1CCC(=O)NC1=O)CCCC2,0
N#CN1CCC(c2ccc3c(c2)C(C(=O)Nc2ccc(C4CCC(=O)NC4=O)cc2)CC3)C1,1
N#CN1CCC(c2ccccc2-c2csc(C(=O)NC3CCC(=O)NC3=O)c2)C1,1
NCC1(c2nocc2C(=O)NC2CCC(=O)NC2=O)CC1,0
O=C1CCC(NS(=O)(=O)c2cscc2C(F)F)C(=O)N1,0
O=C1CCC(NS(=O)(=O)c2ccsc2)C(=O)N1,0
Cc1ccc2nc(C)cc(C(=O)NC3CCC(=O)NC3=O)c2c1,0
CC(C)c1cc(C(=O)NC2CCC(=O)NC2=O)c2ccccc2n1,0
O=C1CCC(NC(=O)c2ccnc3cc(S(=O)(=O)F)ccc23)C(=O)N1,1
O=C1CCC(NC(=O)c2c(O)cnc3c(Br)cccc23)C(=O)N1,0
Cc1cc(C(=O)NC2CCC(=O)NC2=O)c2cccc(O)c2n1,0
Cc1cc(C(=O)NC2CCC(=O)NC2=O)c2cc(Br)ccc2n1,0
Cc1cc(F)c2nc(O)cc(C(=O)NC3CCC(=O)NC3=O)c2c1,0
Cc1cc(C(=O)NC2CCC(=O)NC2=O)c2ccccc2n1,0
O=C1CCC(NC(=O)c2ccnc3ccc(OS(=O)(=O)F)cc23)C(=O)N1,1
Cc1ccc2c(C(=O)NC3CCC(=O)NC3=O)ccnc2c1Cl,0
CCc1nc2ccccc2c(C(=O)NC2CCC(=O)NC2=O)c1C,0
O=C1CCC(NC(=O)c2cc(S(=O)(=O)F)nc3ccccc23)C(=O)N1,1
O=C1CCC(NC(=O)c2ccnc3c(S(=O)(=O)F)cccc23)C(=O)N1,1
Cc1cc(C(=O)NC2CCC(=O)NC2=O)c2cc(F)ccc2n1,0
O=C1CCC(NC(=O)c2cc(O)nc3ccccc23)C(=O)N1,0
CCCc1nc2ccccc2c(C(=O)NC2CCC(=O)NC2=O)c1CC,0
Cc1nc2n(c1C(=O)Nc1ccc(NC3CCC(=O)NC3=O)cc1)CC(C)CC2,0
NCC1CCn2c(C(=O)Nc3ccc(NC4CCC(=O)NC4=O)cc3)cnc2C1,0
Nc1n[nH]c2c(CN3CCC(F)CC3)cc(-c3ccc4c(c3)CN(C3CCC(=O)NC3=O)C4=O)nc12,0
NCC1OCCc2sc(C(=O)NC3CCC(=O)NC3=O)cc21,0
N#CN1CCC(c2cc(-c3ccc4c(c3)CN(C3CCC(=O)NC3=O)C4=O)[nH]n2)C1,1
Cn1nc(C(=O)Nc2ccc(C3CCC(=O)NC3=O)cc2)c2c1CCCC2O,0
O=C1CCC(NC(=O)c2[nH]c3ccccc3c2C2CC2)C(=O)N1,0
N#CN1CCC(c2ccc(-c3cccc4c3CN(C3CCC(=O)NC3=O)C4=O)cc2)C1,1
Cc1ccc(-n2nc(C)c3cc(C(=O)NC4CCC(=O)NC4=O)sc32)nn1,0
CCC1(c2ccc(NC3CCOC4(CCC4)C3)cc2)CCC(=O)NC1=O,0
Cc1c(-c2ccc3c(c2)C(=O)N(C2CCC(=O)NC2=O)C3)ccc2c1CCC2,0
O=C1CCC(N2Cc3ccc(-c4cc5c(c(OS(=O)(=O)F)c4)CCC5)cc3C2=O)C(=O)N1,1
O=C1CCC(N2Cc3ccc(-c4cc5c(cc4OS(=O)(=O)F)CCC5)cc3C2=O)C(=O)N1,1
O=C1CCC(N2Cc3ccc(-c4cc5c(c(S(=O)(=O)F)c4)CCC5)cc3C2=O)C(=O)N1,1
O=C1CCC(N2Cc3ccc(-c4ccc5c(c4)C(O)CC5)cc3C2=O)C(=O)N1,0
Cc1nn(CC(=O)Nc2ccc(NC3CCC(=O)NC3=O)cc2)c2ncccc12,0
NC(Cc1cc2ccccc2o1)C(=O)Nc1cccc(C2CCC(=O)NC2=O)c1,0
O=C1CCC(N2Cc3ccc(NC(=O)c4cc(S(=O)(=O)F)cs4)cc3C2=O)C(=O)N1,1
N#Cc1ccsc1C(=O)Nc1ccc2c(c1)C(=O)N(C1CCC(=O)NC1=O)C2,0
O=C1CCC(N2Cc3ccc(NC(=O)c4sccc4S(=O)(=O)F)cc3C2=O)C(=O)N1,1
N#CN1CCC(c2ccccc2NC(=O)c2ccc3c(c2)CN(C2CCC(=O)NC2=O)C3=O)CC1,1
O=C1CCC(NC(=O)c2cccc3ccn(Cc4ccccc4)c23)C(=O)N1,0
N#Cc1cnc(NC2CCC(=O)NC2=O)c2sccc12,0
O=C1CCC(Nc2nccc3cc(S(=O)(=O)F)sc23)C(=O)N1,1
Cc1cc(C(=O)NC2CCC(=O)NC2=O)nc(N2CCCCC2)n1,0
N#CN1CCC(c2cc(-c3ccc4c(c3)CN(C3CCC(=O)NC3=O)C4=O)cc3c2OCC3)C1,1
Nc1ncccc1C(=O)NCc1ccc2c(c1)C(=O)N(C1CCC(=O)NC1=O)C2,0
O=C1CCC(N2Cc3ccc(CNC(=O)c4cnccc4O)cc3C2=O)C(=O)N1,0
O=C1CCC(N2Cc3c(NC(=O)CC4CC=CCC4)cccc3C2=O)C(=O)N1,0
CN(C(=O)Nc1ccc2c(c1)CN(C1CCC(=O)NC1=O)C2=O)c1ccccc1,0
N#CN1CCC(c2ccn(Cc3cn(C4CCC(=O)NC4=O)nn3)c2)C1,1
O=C1CCC(NC(=O)c2ncsc2-c2ccccc2Br)C(=O)N1,0
N#CN1CCC(c2n[nH]c(-c3ccc4c(c3)CN(C3CCC(=O)NC3=O)C4=O)n2)C1,1
N#CN1CCC(c2cccc(-c3scnc3C(=O)NC3CCC(=O)NC3=O)c2)C1,1
N#Cc1ccccc1OCc1ccc(C(=O)NC2CCC(=O)NC2=O)o1,0
O=C(O)CCC(=O)NCc1ccc(COC(=O)NC2CC(=O)NC2=O)cc1,0
[NH3+]Cc1ccc(COC(=O)NC2CC(=O)NC2=O)cc1,0
O=C1CC(NC(=O)OCc2ccccc2)C(=O)N1,0
Cn1c(N)c(N2C(=O)C=CC2=O)c(=O)[nH]c1=O,1
N#CN1CCC(c2ccc3c(CNC4CCC(=O)NC4=O)cccc3c2)C1,1
Cc1nc(Cn2nnc(C(=O)NC3CCC(=O)NC3=O)c2C)no1,0
N#CN1CCC(c2ccnc(Nc3ccc4c(c3)CN(C3CCC(=O)NC3=O)C4=O)n2)CC1,1
Cn1c(C(=O)NC2CCC(=O)NC2=O)cc2c1CCNC2,0
Cc1nc2cccnc2nc1Nc1ccc(C2CCC(=O)NC2=O)cc1,0
N#CN1CCC(c2cccc(-c3csc(C(=O)NC4CCC(=O)NC4=O)n3)c2)CC1,1
N#CN1CCCC(c2cccc(-c3cccc4c3CN(C3CCC(=O)NC3=O)C4=O)n2)C1,1
O=C1CCC(n2cc(-c3cn[nH]c3S(=O)(=O)F)nn2)C(=O)N1,1
Cc1nn(C)c(C)c1-c1cn(C2CCC(=O)NC2=O)nn1,0
O=C1CCC(n2cc(-c3cn[nH]c3OS(=O)(=O)F)nn2)C(=O)N1,1
O=C1CCC(n2cc(-c3c[nH]nc3S(=O)(=O)F)nn2)C(=O)N1,1
Cn1cc(-c2cn(C3CCC(=O)NC3=O)nn2)cn1,0
O=C1CCC(N2Cc3cc(-c4nccc5cc[nH]c45)ccc3C2=O)C(=O)N1,0
N#CN1CCC(c2cccc(-n3nnc(C(=O)NC4CCC(=O)NC4=O)n3)c2)C1,1
Cc1nc(-c2cc(C(=O)NC3CCC(=O)NC3=O)co2)cs1,0
CC(=O)N1CCC(c2ccc(NC3CCC(=O)NC3=O)cc2)CC1,0
O=C1CCC(Nc2ccc(C3CCNCC3)cc2)C(=O)N1,0
O=C1CCC(Nc2ccc(C3CCNCC3)c(OS(=O)(=O)F)c2)C(=O)N1,1
N#CN1CCC(c2cc(-c3ocnc3C(=O)NC3CCC(=O)NC3=O)cc3c2OCCO3)C1,1
N#CN1CCC(c2n[nH]cc2-c2ccc3c(c2)CN(C2CCC(=O)NC2=O)C3=O)C1,1
N#CN1CCCC(c2ncccc2-c2ccc3c(c2)C(=O)N(C2CCC(=O)NC2=O)C3)C1,1
O=C1CCC(c2ccc(Nc3cc(-c4ccccc4)nc4ccnn34)cc2)C(=O)N1,0
CC(C)c1noc2nc(-c3ccco3)cc(C(=O)NC3CCC(=O)NC3=O)c12,0
N#CN1CCC(c2ccc(=O)n(Cc3cn(C4CCC(=O)NC4=O)nn3)c2)C1,1
N#CN1CCC(c2cccc(-c3cccc4c3CN(C3CCC(=O)NC3=O)C4=O)n2)C1,1
O=C1CCC(NC(=O)OCC2CCC[NH2+]2)C(=O)N1,0
O=C1CCC(N2Cc3ccc(NC(=O)C4CC5(CC5)C4)cc3C2=O)C(=O)N1,0
O=C1CCC(N2Cc3c(NC(=O)CC4CC=CC4)cccc3C2=O)C(=O)N1,0
CCc1[nH]c2ccccc2c1C(=O)NC1CCC(=O)NC1=O,0
Cn1c(Cl)c(C(=O)NC2CCC(=O)NC2=O)c2cc(Cl)c(Cl)cc21,0
Cn1cc(C(=O)NC2CCC(=O)NC2=O)c2cc(Br)ccc21,0
COc1cc2c(C(=O)NC3CCC(=O)NC3=O)c[nH]c2cc1Cl,0
Cc1ccc2c(C(=O)NC3CCC(=O)NC3=O)c[nH]c2c1,0
O=C1CCC(NC(=O)c2c[nH]c3c(S(=O)(=O)F)cccc23)C(=O)N1,1
O=C1CCC(NC(=O)c2c[nH]c3ccc(OS(=O)(=O)F)cc23)C(=O)N1,1
O=C1CCC(NC(=O)c2c[nH]c3cc(S(=O)(=O)F)ccc23)C(=O)N1,1
Cc1[nH]c2ccc(Br)cc2c1C(=O)NC1CCC(=O)NC1=O,0
O=C1CCC(NC(=O)c2c[nH]c3ccccc23)C(=O)N1,0
COc1cccc2c(C(=O)NC3CCC(=O)NC3=O)c(C)[nH]c12,0
N#Cc1cccc2c(C(=O)NC3CCC(=O)NC3=O)c[nH]c12,0
O=C1CCC(NC(=O)c2c[nH]c3ccc(F)cc23)C(=O)N1,0
N#Cc1ccc2c(C(=O)NC3CCC(=O)NC3=O)c[nH]c2c1,0
CCCn1c(C)c(C(=O)NC2CCC(=O)NC2=O)c2cc(OC)ccc21,0
N#CN1CCCC(c2ccc(-c3cccc4c3CN(C3CCC(=O)NC3=O)C4=O)s2)C1,1
N#CN1CCC(c2nccc(Nc3ccc4c(c3)CN(C3CCC(=O)NC3=O)C4=O)n2)CC1,1
O=C1CCC(n2cc(CC(O)Cc3ccccc3)nn2)C(=O)N1,0
CN1C(=O)CCC(CSc2ccccc2)C1=O,0
CC(=O)Nc1ccc(SCC2CCC(=O)NC2=O)cc1,0
Nc1cccc(SCC2CCC(=O)NC2=O)c1,0
O=C1CCC(CSc2ccc([N+](=O)[O-])cc2)C(=O)N1,0
O=C1CCC(CSc2ccc(Cl)cc2)C(=O)N1,0
O=C1CCC(CSc2ccccc2C(=O)O)C(=O)N1,0
O=C1CCC(CSc2ccc(Br)cc2)C(=O)N1,0
Nc1ccccc1SCC1CCC(=O)NC1=O,0
O=C1CCC(CSc2ccc(F)cc2)C(=O)N1,0
CN1C(=O)CCC(CSc2ccc(Cl)cc2)C1=O,0
O=C1CCC(CSc2ccccc2)C(=O)N1,0
O=C1CCC(CSc2ccccc2[N+](=O)[O-])C(=O)N1,0
Cc1cc(C)c(SCC2CCC(=O)NC2=O)c(C)c1,0
O=C1CCC(CSc2cccc([N+](=O)[O-])c2)C(=O)N1,0
Nc1ccc(SCC2CCC(=O)NC2=O)cc1,0
CC(=O)Nc1cccc(SCC2CCC(=O)NC2=O)c1,0
Cc1ccc(SCC2CCC(=O)NC2=O)cc1,0
COC(=O)c1ccccc1SCC1CCC(=O)NC1=O,0
CC(=O)Nc1ccccc1SCC1CCC(=O)NC1=O,0
CC(C1CC1)N(C(=O)c1cccc2c1CN(C1CCC(=O)NC1=O)C2=O)C1CC1,0
O=C1CCC(NC(=O)c2ccc(Cn3ccc(C(F)(F)F)n3)cc2F)C(=O)N1,0
O=C1CCC(c2ccc(NC(=O)c3c(C(F)F)[nH]c4cnccc34)cc2)C(=O)N1,0
N#CN1CCC(c2cccc3c2C(C(=O)Nc2ccc(C4CCC(=O)NC4=O)cc2)CC3)CC1,1
N#CN1CCCC(c2c[nH]nc2-c2cccc(C(=O)NC3CCC(=O)NC3=O)c2)C1,1
COCCc1nc(-c2ccc(C(=O)NC3CCC(=O)NC3=O)cc2)no1,0
O=C1CCC(c2ccc(NC(=O)Nc3cnc4c(c3)C(=O)NCC4)cc2)C(=O)N1,0
O=C1CCC(Sc2nc3c(S(=O)(=O)F)cccc3[nH]2)C(=O)N1,1
O=C1CCC(Sc2nc3ccc(Cl)cc3[nH]2)C(=O)N1,0
O=C1CCC(Sc2nc3cc(S(=O)(=O)F)ccc3[nH]2)C(=O)N1,1
O=C1CCC(Sc2nc3cccc(S(=O)(=O)F)c3[nH]2)C(=O)N1,1
CC(O)(C#Cc1cccc2c1CN(C1CCC(=O)NC1=O)C2=O)C1CCNCC1,0
O=C1CCN(c2ccc(-c3cc(Cn4cccn4)ccc3F)cc2)C(=O)N1,0
COc1ccc2c(c1)C=C(C(=O)Nc1ccc3c(c1)CN(C1CCC(=O)NC1=O)C3=O)CO2,0
O=C1CCC(N2Cc3cc(NC(=O)C4=Cc5ccc(Br)cc5OC4)ccc3C2=O)C(=O)N1,0
O=C1CCC(N2Cc3cc(NC(=O)C4=Cc5ccccc5OC4)ccc3C2=O)C(=O)N1,0
COc1cccc2c1C=C(C(=O)Nc1ccc3c(c1)CN(C1CCC(=O)NC1=O)C3=O)CO2,0
Cc1ccc2c(c1)OCC(C(=O)Nc1ccc3c(c1)CN(C1CCC(=O)NC1=O)C3=O)=C2,0
O=C1CCC(N2Cc3cc(NC(=O)C4=Cc5ccc(C(F)(F)F)cc5OC4)ccc3C2=O)C(=O)N1,0
COc1cccc2c1OCC(C(=O)Nc1ccc3c(c1)CN(C1CCC(=O)NC1=O)C3=O)=C2,0
COc1ccc2c(c1)OCC(C(=O)Nc1ccc3c(c1)CN(C1CCC(=O)NC1=O)C3=O)=C2,0
Cc1cccc(-c2nnc3ccc(C(=O)NC4CCC(=O)NC4=O)cn23)c1,0
N#CN1CCCC(c2cccc(-n3cc(C(=O)NC4CCC(=O)NC4=O)ccc3=O)c2)C1,1
N#CN1CCCC(c2cc3c(cc2-c2ccc4c(c2)CN(C2CCC(=O)NC2=O)C4=O)CCO3)C1,1
CC1CCCN(C(=O)C(=O)Nc2cccc(NC3CCC(=O)NC3=O)c2)C1,0
N#CN1CCCC(c2ccc(-n3nc(C(=O)NC4CCC(=O)NC4=O)ccc3=O)cc2)C1,1
O=C1CCC(NC(=O)c2[nH]ncc2CNC(=O)c2cnc3ccccn23)C(=O)N1,0
O=C1CCC(c2ccc(NC(=O)C3CC4(CCO3)CC(F)(F)C4)cc2)C(=O)N1,0
O=C1CCC(NC(=O)c2coc3ncc(OS(=O)(=O)F)cc23)C(=O)N1,1
O=C1CCC(NC(=O)c2coc3nc(S(=O)(=O)F)ccc23)C(=O)N1,1
Cc1oc2nc(Cl)ccc2c1C(=O)NC1CCC(=O)NC1=O,0
O=C1CCC(NC(=O)c2csc(-c3cnn(-c4ccccc4)c3)n2)C(=O)N1,0
N#CN1CCC(c2sccc2-c2cnc(C(=O)NC3CCC(=O)NC3=O)cn2)CC1,1
O=C1CCC(NC(=O)c2ccc(S(=O)(=O)F)c3c2CCCO3)C(=O)N1,1
O=C1CCC(NC(=O)c2cccc3c2CCCO3)C(=O)N1,0
O=C1CCC(NC(=O)c2cc(S(=O)(=O)F)cc3c2CCCO3)C(=O)N1,1
N#CN1CCC(c2cc(-c3cncc(C(=O)NC4CCC(=O)NC4=O)c3)cc3c2OCC3)C1,1
N#CN1CCC(c2ncccc2-c2cccc3c2CN(C2CCC(=O)NC2=O)C3=O)CC1,1
O=C1CCC(n2cc(-c3ncccc3S(=O)(=O)F)nn2)C(=O)N1,1
O=C1CCC(n2cc(-c3ncccc3F)nn2)C(=O)N1,0
O=C1CCC(n2cc(-c3cccc(C(F)(F)F)n3)nn2)C(=O)N1,0
O=C1CCC(n2cc(-c3cccc(OS(=O)(=O)F)n3)nn2)C(=O)N1,1
COC(=O)c1ccc(-c2cn(C3CCC(=O)NC3=O)nn2)nc1,0
O=C1CCC(n2cc(-c3cc(S(=O)(=O)F)ccn3)nn2)C(=O)N1,1
O=C1CCC(n2cc(-c3cccc(S(=O)(=O)F)n3)nn2)C(=O)N1,1
COc1cccnc1-c1cn(C2CCC(=O)NC2=O)nn1,0
COc1ccc(-c2cn(C3CCC(=O)NC3=O)nn2)nc1,0
N#CN1CCCC(c2cnc(-c3ccc4c(c3)CN(C3CCC(=O)NC3=O)C4=O)c(C3CC3)c2)C1,1
Cc1ccccc1-c1nnc(-c2ccc(C(=O)NC3CCC(=O)NC3=O)cc2)o1,0
NC1CCN(C(=O)c2cnc(-c3ccc4c(c3)C(=O)NC4)cn2)CC1,0
O=C1CCC(NC(=O)c2cc(Cn3cc(Cl)cn3)cs2)C(=O)N1,0
O=C1CCC(NC(=O)c2cnn3c(-c4ccccc4)cc(C(F)F)nc23)C(=O)N1,0
O=C1CCC(N2C(=O)c3ccc(NS(=O)(=O)c4ccccc4OC(F)(F)F)cc3C2=O)C(=O)N1,0
Cc1ccc(S(=O)(=O)Nc2ccc3c(c2)C(=O)N(C2CCC(=O)NC2=O)C3=O)cc1,0
N#CN1CCC(c2cccc(-c3nocc3C(=O)NC3CCC(=O)NC3=O)c2)C1,1
O=C1CCC(N2Cc3ccc(-c4ccc5ncsc5c4)cc3C2=O)C(=O)N1,0
N#CN1CCCC(c2cccc(C(=O)Nc3ccc4c(c3)C(=O)N(C3CCC(=O)NC3=O)C4)n2)C1,1
N#CN1CCC(c2ncc(-c3ccc4c(c3)CN(C3CCC(=O)NC3=O)C4=O)s2)C1,1
N#CN1CCCC(c2cc(=O)c3ccc(C(=O)NC4CCC(=O)NC4=O)cc3o2)C1,1
N#CN1CCCC(c2ccc(-c3nc(C(=O)NC4CCC(=O)NC4=O)c[nH]3)cc2)C1,1
N#CN1CCCC(c2ccccc2-n2nnc(C(=O)NC3CCC(=O)NC3=O)n2)C1,1
Cn1nnc2c1NCCC2C(=O)Nc1cccc(C2CCC(=O)NC2=O)c1,0
O=C1CCC(NC(=O)c2cc3cc4c(cc3[nH]2)OC(F)(F)O4)C(=O)N1,0
O=C1CCC(NC(=O)c2cc(-c3cccc(-c4nn[nH]n4)c3)no2)C(=O)N1,0
COCCn1c(C)c(C)c2cc(C(=O)NC3CCC(=O)NC3=O)ccc21,0
O=C1CCC(NC(=O)c2cc(S(=O)(=O)F)c3[nH]ccc3c2)C(=O)N1,1
O=C1CCC(NC(=O)c2ccc3[nH]c(S(=O)(=O)F)cc3c2)C(=O)N1,1
[2H]C([2H])([2H])n1ccc2cc(C(=O)NC3CCC(=O)NC3=O)ccc21,0
O=C1CCC(NC(=O)c2ccc3[nH]cc(S(=O)(=O)F)c3c2)C(=O)N1,1
N#CN1CCC(c2c[nH]nc2-c2cccc(C(=O)NC3CCC(=O)NC3=O)c2)CC1,1
N#CN1CCC(c2cnnn2-c2cncc(C(=O)NC3CCC(=O)NC3=O)c2)CC1,1
Cc1ccc(NC(=O)NCc2ccc3c(c2)C(=O)N(C2CCC(=O)NC2=O)C3)cc1Cl,0
N#CN1CCC(c2csc(NC(=O)c3ccc4c(c3)C(=O)N(C3CCC(=O)NC3=O)C4)n2)C1,1
N#CN1CCC(c2ccc(-c3ocnc3C(=O)NC3CCC(=O)NC3=O)cc2)C1,1
O=C1CC(c2cccc(NC(=O)CCc3ccccn3)c2)CC(=O)N1,0
N#CN1CCCC(c2ccc(Cc3cn(C4CCC(=O)NC4=O)nn3)cc2)C1,1
N#CN1CCC(c2cnn(-c3ccccc3C(=O)NC3CCC(=O)NC3=O)c2)C1,1
Cn1cc(C2(C(=O)Nc3ccc(C4CCC(=O)NC4=O)cc3)CCCO2)cn1,0
COc1ccccc1Cn1cnc2cc(C(=O)NC3CCC(=O)NC3=O)ccc21,0
O=C1CCC(NC(=O)c2cc(S(=O)(=O)F)c(=O)n3c2CCCC3)C(=O)N1,1
O=C1CCC(NC(=O)c2ccc(=O)n3c2CCCC3)C(=O)N1,0
CCc1c(C(=O)NC2CCC(=O)NC2=O)cnc2c1c(=O)n(C)c(=O)n2C,0
O=C1CCC(NC(=O)c2snc3ccc(Br)cc23)C(=O)N1,0
O=C1CCC(NC(=O)c2snc3cc(S(=O)(=O)F)ccc23)C(=O)N1,1
O=C1CCC(NC(=O)c2snc3ccc(S(=O)(=O)F)cc23)C(=O)N1,1
O=C1CCC(NC(=O)c2snc3ccc(OS(=O)(=O)F)cc23)C(=O)N1,1
O=C1CCC(NC(=O)c2snc3c(S(=O)(=O)F)cccc23)C(=O)N1,1
O=C1CCC(N2Cc3cc(NC(=O)c4cnc5ccccn45)ccc3C2=O)C(=O)N1,0
N#CN1CCC(c2ccc(-c3n[nH]cc3C(=O)NC3CCC(=O)NC3=O)cc2)C1,1
O=C1CCC(NC(=O)c2[nH]ncc2-c2ccncc2)C(=O)N1,0
N#CN1CCC(c2c(C3CCCC3)nnn2-c2ccc3c(c2)C(=O)N(C2CCC(=O)NC2=O)C3)C1,1
O=C1CCC(N2CCc3c(cccc3S(=O)(=O)F)C2)C(=O)N1,1
O=C1CCC(N2CCc3c(Cl)cccc3C2)C(=O)N1,0
O=C1CCN(c2ccc(OCc3ccc(CN4CCOCC4)cc3)cc2)C(=O)N1,0
O=C1CCC(N2Cc3c(NC4=NC(NCCCC5CCC(=O)N5)NC=C4)cccc3C2=O)C(=O)N1,0
O=C1CCC(NC(=O)c2cc(OCC(F)(F)F)c3ccccc3n2)C(=O)N1,0
O=C1CCC(NC(=O)c2cc(S(=O)(=O)F)c3ccccc3n2)C(=O)N1,1
COc1ccc2nc(C(=O)NC3CCC(=O)NC3=O)ccc2c1Br,0
O=C1CCC(NC(=O)c2ccc3ccccc3n2)C(=O)N1,0
O=C1CCC(NC(=O)c2ccc3cc(Cl)cc(Br)c3n2)C(=O)N1,0
O=C1CCC(NC(=O)c2ccc3cccc(S(=O)(=O)F)c3n2)C(=O)N1,1
O=C1CCC(NC(=O)c2ccc3ccc(S(=O)(=O)F)cc3n2)C(=O)N1,1
O=C1CCC(NC(=O)c2ccc3c(S(=O)(=O)F)cccc3n2)C(=O)N1,1
COc1cccc2c(O)cc(C(=O)NC3CCC(=O)NC3=O)nc12,0
O=C1CCC(NC(=O)c2ccc3ccc(OS(=O)(=O)F)cc3n2)C(=O)N1,1
N#CN1CCCC(c2cncnc2Nc2ccc3c(c2)CN(C2CCC(=O)NC2=O)C3=O)C1,1
N#CN1CCCC(c2ncnc(Nc3cccc(C4CCC(=O)NC4=O)c3)n2)C1,1
Cc1ccc(S(=O)(=O)Nc2cccc3c2C(=O)N(C2CCC(=O)NC2=O)C3=O)cc1,0
CC(Cn1ccc2ccccc21)C(=O)Nc1cccc(C2CCC(=O)NC2=O)c1,0
N#CN1CCCC(c2cccc(-c3cc(C(=O)NC4CCC(=O)NC4=O)on3)c2)C1,1
Cc1cc(NC2CCC(=O)NC2=O)nnc1C(F)(F)F,0
O=C1CCC(NC(=O)c2cc(CNC(=O)C3CCc4nccn43)n[nH]2)C(=O)N1,0
O=C1CCC(NC(=O)c2ncc3c(n2)CCNC3)C(=O)N1,0
N#CN1CCCC(c2cnsc2-c2ccc3c(c2)CN(C2CCC(=O)NC2=O)C3=O)C1,1
Nc1nc(-c2ccoc2)ncc1C(=O)Nc1cccc(C2CCC(=O)NC2=O)c1,0
Cc1ccc(NC(=O)NCc2ccccc2C(=O)NC2CCC(=O)NC2=O)cc1Cl,0
CC1(C)CN(C(=O)CNc2cccc3c2C(=O)N(C2CCC(=O)NC2=O)C3=O)C1,0
N#CN1CCCC(c2ccc3c(=O)cc(C(=O)NC4CCC(=O)NC4=O)[nH]c3c2)C1,1
N#CN1CCC(c2noc3nc(Nc4cccc(N5CCC(=O)NC5=O)c4)[nH]c(=O)c23)C1,1
N#CN1CCCC(c2noc(-c3ccccc3C(=O)NC3CCC(=O)NC3=O)n2)C1,1
Cc1nc(C(=O)Nc2ccc(C3CCC(=O)NC3=O)cc2)c2cc[nH]c2n1,0
O=C1CCC(Oc2cccc(C(F)(F)F)n2)C(=O)N1,0
O=C1CCC(Oc2ccc(S(=O)(=O)F)cn2)C(=O)N1,1
O=C1CCC(Oc2ccc(OS(=O)(=O)F)cn2)C(=O)N1,1
O=C1CCC(Oc2ccccn2)C(=O)N1,0
O=C1CCC(NC(=O)c2cc(-c3c[nH]c4ccccc34)[nH]n2)C(=O)N1,0
N#CN1CCCC(c2ccc3c(c2)OC(c2nc(C(=O)NC4CCC(=O)NC4=O)cs2)C3)C1,1
NC1(CC(=O)Nc2ccc(C3CCC(=O)NC3=O)cc2)CCCS(=O)(=O)C1,0
CC1NCCc2c(F)cc(C(=O)NC3CCC(=O)NC3=O)cc21,0
O=C1CCC(NC(=O)c2occc2C2CC2)C(=O)N1,0
O=C1CCC(c2ccc(Nc3nc4ccsc4c(=O)[nH]3)cc2)C(=O)N1,0
O=C1CCC(NC(=O)c2ccc3cc(-c4ccccc4)[nH]c3c2)C(=O)N1,0
N#CN1CCC(c2cnn(C3CC3)c2-c2ccc3c(c2)CN(C2CCC(=O)NC2=O)C3=O)C1,1
COc1ccc(-c2cnc(C(=O)NC3CCC(=O)NC3=O)o2)cc1,0
O=C1CCC(N2Cc3c(NC(=O)C4C5(CC5)C45CC5)cccc3C2=O)C(=O)N1,0
Cc1cn2cc(C(=O)Nc3ccc(NC4CCC(=O)NC4=O)cc3)cc2c(C)n1,0
N#CN1CCC(c2ccc(-n3ncc(C(=O)NC4CCC(=O)NC4=O)n3)cc2)C1,1
O=C1CCN(c2cccc(-c3cc4c(OS(=O)(=O)F)nccc4o3)c2)C(=O)N1,1
CCOc1nccc2oc(-c3ccc(C)c(N4CCC(=O)NC4=O)c3)cc12,0
O=C1CCN(c2cccc(-c3cc4cncc(S(=O)(=O)F)c4o3)c2)C(=O)N1,1
O=C1CCN(c2cccc(-c3cc4cncc(OS(=O)(=O)F)c4o3)c2)C(=O)N1,1
O=C1CCN(c2cccc(-c3cc4cnc(OS(=O)(=O)F)cc4o3)c2)C(=O)N1,1
O=C1CCN(c2cccc(-c3cc4c(S(=O)(=O)F)nccc4o3)c2)C(=O)N1,1
O=C1CCN(c2ccc(S(=O)(=O)F)c(-c3cc4cnccc4o3)c2)C(=O)N1,1
NCCC(C(=O)Nc1ccc(C2CCC(=O)NC2=O)cc1)c1cn[nH]c1,0
CC1(C)CCN(C(=O)Nc2ccc3c(c2)CN(C2CCC(=O)NC2=O)C3=O)C1,0
O=C1CCC(N2Cc3cc(NC(=O)N4CCCC4)ccc3C2=O)C(=O)N1,0
CC1(C)CCCN1C(=O)Nc1ccc2c(c1)CN(C1CCC(=O)NC1=O)C2=O,0
N#CN1CCCC(c2ccc3cnc(C(=O)NC4CCC(=O)NC4=O)nc3c2)C1,1
N#CN1CCCC(c2ccccc2-c2cc(C(=O)NC3CCC(=O)NC3=O)no2)C1,1
CC(C)(NC(=O)c1ccc(N2CCC(=O)NC2=O)cc1)c1ncc2c(n1)CCC2,0
O=C1CCC(n2cc(-c3cscn3)nn2)C(=O)N1,0
O=C1CCC(n2cc(-c3csc(S(=O)(=O)F)n3)nn2)C(=O)N1,1
O=C1CCC(n2cc(-c3csc(OS(=O)(=O)F)n3)nn2)C(=O)N1,1
N#CN1CCCC(c2ccccc2-n2cc(C(=O)NC3CCC(=O)NC3=O)nn2)C1,1
N#CN1CCC(c2cc(-c3cncc(C(=O)NC4CCC(=O)NC4=O)c3)cc3c2OCC3)CC1,1
O=C1CCC(NC(=O)c2coc(-c3ccccc3Cl)n2)C(=O)N1,0
Cc1oc(-c2ccc(Cl)c(Cl)c2)nc1C(=O)NC1CCC(=O)NC1=O,0
CC(C)c1oc(-c2ccccc2)nc1C(=O)NC1CCC(=O)NC1=O,0
N#CN1CCCC(c2csc(C(=O)Nc3ccc4c(c3)C(=O)N(C3CCC(=O)NC3=O)C4)c2)C1,1
O=C1CCC(N2C(=O)c3cccc(C#CCOCCOCCOCc4ccccc4)c3C2=O)C(=O)N1,0
N#CN1CCCC(c2cccc(-n3nc(C(=O)NC4CCC(=O)NC4=O)ccc3=O)c2)C1,1
O=C1CCC(N2Cc3cc(NC(=O)c4ccc5ncsc5c4)ccc3C2=O)C(=O)N1,0
COc1ccc(Nc2ccn3ncc(-c4ccc5c(c4)CN(C4CCC(=O)NC4=O)C5=O)c3n2)cc1C,0
CC(C)(c1nn[nH]n1)c1cc(C(=O)NC2CCC(=O)NC2=O)ccc1F,0
N#CN1CCC(c2cccc(-c3nc(C(=O)NC4CCC(=O)NC4=O)c4n3CCOC4)c2)C1,1
N#CN1CCC(c2ccc(-c3cccc(C(=O)NC4CCC(=O)NC4=O)c3)cc2)C1,1
O=C1CCC(NC(=O)c2[nH]ncc2C2CCC2)C(=O)N1,0
CC(C)n1cc(C(=O)NC2CCC(=O)NC2=O)c(C2CCOCC2)n1,0
O=C1CCC(NC(=O)c2ccc(=O)n(-c3cccc(S(=O)(=O)F)c3)c2)C(=O)N1,1
Cc1cc(=O)n(-c2ccccc2)c(C)c1C(=O)NC1CCC(=O)NC1=O,0
N#CN1CCC(c2occc2-c2ccc3c(c2)C(=O)N(C2CCC(=O)NC2=O)C3)C1,1
N#CN1CCCC(c2cccc(-c3snnc3C(=O)NC3CCC(=O)NC3=O)c2)C1,1
Cc1nc(NCCc2ccccc2)sc1C(=O)NC1CCC(=O)NC1=O,0
O=C1CCC(N2Cc3c(C=C4CCNC4)cccc3C2=O)C(=O)N1,0
O=C1CCC(N2Cc3c(C=C4CCNC4)cc(S(=O)(=O)F)cc3C2=O)C(=O)N1,1
O=C1CCC(N2Cc3c(ccc(S(=O)(=O)F)c3C=C3CCNC3)C2=O)C(=O)N1,1
Cn1cncc1CNc1cccc(C(=O)NC2CCC(=O)NC2=O)c1,0
N#CN1CCC(c2cccc(-c3cccc4c3CN(C3CCC(=O)NC3=O)C4=O)n2)CC1,1
O=C1CCC(NC(=O)c2ccccc2-c2ncc(-c3ccccc3F)o2)C(=O)N1,0
O=C1CCC(c2ccc(NC(=O)CC3CCn4cncc4C3)cc2)C(=O)N1,0
O=C1CCC(N2Cc3c(ccc4c3OCC3(CCN(Cc5ccccc5)CC3)C4)C2=O)C(=O)N1,0
O=C(CN1CCOCC1=O)NCc1occc1C(=O)NC1CCC(=O)NC1=O,0
N#CN1CCC(c2cccc3c2C(C(=O)Nc2ccc4c(c2)C(=O)N(C2CCC(=O)NC2=O)C4)C3)C1,1
COCc1cc(Nc2cccc(N3CCC(=O)NC3=O)c2C)n2ncnc2n1,0
O=C1CCC(N2Cc3c(ccc4c3OCC43CCCN(Cc4ccccc4)CC3)C2=O)C(=O)N1,0
O=C1CCC(c2ccc(NC(=O)c3cncc(OCC(F)F)c3)cc2)C(=O)N1,0
O=C1CCC(NC(=O)c2cc(C3CNCCO3)no2)C(=O)N1,0
O=C1CCC(NC(=O)c2c(Br)cnn2C2CCC2)C(=O)N1,0
COc1ccc2c(c1)OCC2CC(=O)Nc1ccc(C2CCC(=O)NC2=O)cc1,0
Cc1cc(C(=O)NC2CCC(=O)NC2=O)cnc1N1CCn2cnnc2C1,0
O=C1CCC(NC(=O)c2ccccc2COC2CCOCC2)C(=O)N1,0
O=C1CCC(N2Cc3cc(C4CCN(Cc5ccccc5)CC4)ccc3C2=O)C(=O)N1,0
COCCOc1ccc(-n2nc(C)c(C(=O)NC3CCC(=O)NC3=O)n2)cc1,0
O=C1CCC(NC(=O)c2cnn(-c3ccc(F)cc3)n2)C(=O)N1,0
CCc1nc(Nc2ccc(C3CCC(=O)NC3=O)cc2)c2ccsc2n1,0
Cn1nc(C(F)(F)F)cc1CNc1cccc(C2CC(=O)NC(=O)C2)c1,0
O=C1CCC(c2cccc(NC(=O)Cc3nnc4n3CCOC4)c2)C(=O)N1,0
CC(Cn1ncc2c1CCCC2)C(=O)Nc1ccc(C2CCC(=O)NC2=O)cc1,0
N#CN1CCC(c2ccc(-c3cccc4c3CN(C3CCC(=O)NC3=O)C4=O)c3c2CNC3)C1,1
O=C1CCC(N2Cc3cc(-c4ccn5nc(CN6CCOCC6)c(Cl)c5n4)ccc3C2=O)C(=O)N1,0
CN1Cc2cc3c(cc2C1)C(=O)N(C1CCC(=O)NC1=O)C3,0
N#CN1CCCC(c2cccc(C(=O)Nc3cccc4c3CN(C3CCC(=O)NC3=O)C4=O)c2)C1,1
O=C1CCC(N2Cc3cc(NCc4ccc5oc6ccccc6c5c4)ccc3C2=O)C(=O)N1,0
CC1(C)COCC(C(=O)Nc2cccc(C3CCC(=O)NC3=O)c2)CN1,0
C=CC(=O)NCC(NC(=O)c1ccc2c(c1)CNC2=O)c1ccc2ccccc2c1,1
O=C1CCC(NC(=O)c2ccc(N3CCCC3)c([N+](=O)[O-])c2)C(=O)N1,0
N#CN1CCCC(c2cnc(-c3cccc4c3CN(C3CCC(=O)NC3=O)C4=O)cn2)C1,1
COc1ccc(C2CNC(=O)C2)cc1OC1CCCC1,0
N#CN1CCC(c2nnn3c2COC2CN(C(=O)c4ccc(N5CCC(=O)NC5=O)cc4)CC23)C1,1
NC1CC(c2cccc(-c3cccc4c3CN(C3CCC(=O)NC3=O)C4=O)c2)C1,0
O=C1CCC(NC(=O)c2cnoc2Cc2ccccc2)C(=O)N1,0
O=C1CCC(NC(=O)c2cc(S(=O)(=O)F)c3c(n2)OCCO3)C(=O)N1,1
O=C1CCC(NC(=O)c2nc3c(cc2Cl)OCCO3)C(=O)N1,0
O=C1CCC(c2cccc(Nc3ncnc4c3nc3n4CCOC3)c2)C(=O)N1,0
O=C1CCC(NC(=O)c2ncc3n2CCCC3)C(=O)N1,0
CC1=NS(=O)(=O)N(C)C=C1C(=O)Nc1ccc(C2CCC(=O)NC2=O)cc1,0
CCOc1nc(NC2CCC(=O)NC2=O)ncc1Cl,0
O=C1CCC(Nc2ncccn2)C(=O)N1,0
COc1cc(C(F)(F)F)nc(NC2CCC(=O)NC2=O)n1,0
O=C1CCC(N2Cc3c(NC4=NC(c5ccc(F)cc5)Nc5[nH]cnc54)cccc3C2=O)C(=O)N1,0
COc1ccccc1C1N=C(Nc2cccc3c2CN(C2CCC(=O)NC2=O)C3=O)c2nc[nH]c2N1,0
Cc1ccn(-c2ccnc(C(=O)NC3CCC(=O)NC3=O)n2)n1,0
N#CN1CCC(c2cn[nH]c2-c2ccc3c(c2)C(=O)N(C2CCC(=O)NC2=O)C3)C1,1
N#CN1CCCC(c2cc3c(cc2-c2ccc4c(c2)CN(C2CCC(=O)NC2=O)C4=O)CCC3=O)C1,1
N#CN1CCC(c2cccc(-c3nc(C(=O)NC4CCC(=O)NC4=O)c4n3CCCCC4)c2)CC1,1
NCC1CCC(NC(=O)c2cccc3c2CN(C2CCC(=O)NC2=O)C3=O)CC1,0
N#CN1CCCC(c2ccc(-n3nncc3C(=O)NC3CCC(=O)NC3=O)cc2)C1,1
N#CN1CCCC(c2cc(-c3cccc4c3CN(C3CCC(=O)NC3=O)C4=O)cc(C3CCC3)c2)C1,1
O=C1CCC(NC(=O)c2coc(C3CCCC3)n2)C(=O)N1,0
O=C1CCC(NC(=O)c2cc3c(c(S(=O)(=O)F)c2)OCC3)C(=O)N1,1
NS(=O)(=O)c1cc(C(=O)NC2CCC(=O)NC2=O)cc2c1OCC2,0
O=C1CCN(CCc2cn(C3CCc4c(F)cccc43)nn2)C(=O)N1,0
O=C1CCC(NC(=O)c2ccc(-c3nnn[nH]3)nc2)C(=O)N1,0
CCc1nc(NC2CCC(=O)NC2=O)c2ccc(Cl)cc2n1,0
O=C1CCC(Nc2ncnc3c(F)cc(Cl)cc23)C(=O)N1,0
Cc1ccc2c(NC3CCC(=O)NC3=O)ncnc2c1Br,0
CN(c1nc(C(F)F)nc2ccc(Br)cc12)C1CCC(=O)NC1=O,0
COc1ccc2c(NC3CCC(=O)NC3=O)nc(C)nc2c1,0
O=C1CCC(Nc2ncnc3cc(S(=O)(=O)F)ccc23)C(=O)N1,1
COc1cccc2ncnc(N(C)C3CCC(=O)NC3=O)c12,0
O=C1CCC(Nc2ncnc3ccc(OC(F)(F)F)cc23)C(=O)N1,0
N#CN1CCCC(c2ccccc2-c2csc(C(=O)NC3CCC(=O)NC3=O)n2)C1,1
O=C1CCC(NC(=O)c2nccn3cnnc23)C(=O)N1,0
N#CN1CCC(c2ncccc2-c2ccc(C(=O)NC3CCC(=O)NC3=O)cc2)C1,1
Cc1nc(-c2cccs2)ccc1C(=O)NC1CCC(=O)NC1=O,0
N#CN1CCCC(c2ccc3c(c2)OC(C(=O)Nc2ccc(C4CCC(=O)NC4=O)cc2)=CO3)C1,1
O=C1CCC(NC(=O)c2ccnc3[nH]nc(Br)c23)C(=O)N1,0
O=C1CCC(N2Cc3ccc(C(=O)NC4CCCCNC4)cc3C2=O)C(=O)N1,0
O=C1CCC(NC(=O)c2ccc3ccc(S(=O)(=O)F)cc3c2)C(=O)N1,1
O=C1CCC(NC(=O)c2cc3cc(O)ccc3cc2O)C(=O)N1,0
O=C1CCC(NC(=O)c2cc(S(=O)(=O)F)c3ccccc3c2)C(=O)N1,1
O=C1CCC(NC(=O)c2ccc3cccc(S(=O)(=O)F)c3c2)C(=O)N1,1
O=C1CCC(NC(=O)c2ccc3cccc(OS(=O)(=O)F)c3c2)C(=O)N1,1
Nc1ccc2cc(C(=O)NC3CCC(=O)NC3=O)ccc2c1,0
O=C1CCC(NC(=O)c2ccc3ccccc3c2)C(=O)N1,0
O=C1CCC(NC(=O)c2ccc3c(S(=O)(=O)F)cccc3c2)C(=O)N1,1
Cc1ccc(CCNc2ccc3c(c2)CN(C2CCC(=O)NC2=O)C3=O)cc1,0
Cn1nc(C2CCC(=O)NC2=O)c2ccc(NC(=O)NC3C=CCC3)cc21,0
O=C1CCC(NC(=O)c2cc3ccc4c(c3[nH]2)OCCO4)C(=O)N1,0
N#CN1CCC(c2cccc3c2OC(c2nc(C(=O)NC4CCC(=O)NC4=O)cs2)C3)C1,1
O=C1CCC(N2Cc3c(OCC(=O)Nc4cn[nH]c4)cccc3C2=O)C(=O)N1,0
O=C1CCC(NC(=O)c2cscc2C2CCCC2)C(=O)N1,0
O=C1CCC(c2ccc(NC(=O)c3cncn3-c3ccc(O)cc3)cc2)C(=O)N1,0
N#CN1CCCC(c2ccn(Cc3cn(C4CCC(=O)NC4=O)nn3)c(=O)c2)C1,1
N#CN1CCCC(c2ccccc2-c2nccc(C(=O)NC3CCC(=O)NC3=O)n2)C1,1
CCn1cc(C(=O)C(=O)Nc2ccc(C3(CC)CCC(=O)NC3=O)cc2)cn1,0
O=C1CCC(N2C(=O)c3ccc(-c4csc5ccccc45)cc3C2=O)C(=O)N1,0
O=C1CCC(NC(=O)c2c[nH]c3nccnc23)C(=O)N1,0
O=C1CCC(NC(=O)c2nnsc2-c2ccccc2)C(=O)N1,0
O=C1CCC(NC(=O)c2nnsc2-c2cccc(S(=O)(=O)F)c2)C(=O)N1,1
O=C1CCC(NC(=O)c2cnc(-c3ccc4c(c3)CCO4)s2)C(=O)N1,0
N#CN1CCC(c2ccccc2NC(=O)c2ccc3c(c2)C(=O)N(C2CCC(=O)NC2=O)C3)CC1,1
CC(C)(C)OC(=O)C1CCCN1Cc1cn(C2CCC(=O)NC2=O)nn1,0
N#CN1CCCC(c2scnc2-c2ccc3c(c2)CN(C2CCC(=O)NC2=O)C3=O)C1,1
COC1(C(F)(F)C(=O)Nc2ccc(C3CCC(=O)NC3=O)cc2)CCCCC1,0
Nc1n[nH]c2c(CN3CC(F)C3)cc(-c3ccc4c(c3)CN(C3CCC(=O)NC3=O)C4=O)nc12,0
Nc1n[nH]c2c(CN3CCC3)cc(-c3ccc4c(c3)CN(C3CCC(=O)NC3=O)C4=O)nc12,0
O=C1CCC(N2Cc3cc(-c4cn[nH]c4)ccc3C2=O)C(=O)N1,0
O=C1CCC(N2Cc3cc(-c4c[nH]nc4S(=O)(=O)F)ccc3C2=O)C(=O)N1,1
O=C1CCC(N2Cc3cc(-c4cn[nH]c4)c(S(=O)(=O)F)cc3C2=O)C(=O)N1,1
Cc1nn(C)cc1-c1ccc2c(c1)CN(C1CCC(=O)NC1=O)C2=O,0
O=C1CCC(N2Cc3cc(-c4cn[nH]c4OS(=O)(=O)F)ccc3C2=O)C(=O)N1,1
O=C1CCC(N2Cc3cc(-c4cn[nH]c4S(=O)(=O)F)ccc3C2=O)C(=O)N1,1
N#CN1CCCC(c2cccc3c2CC(Nc2cccc(N4CCC(=O)NC4=O)c2)CCC3)C1,1
Cc1sc(-c2nnc[nH]2)nc1C(=O)NC1CCC(=O)NC1=O,0
N#CN1CCCC(c2ccccc2NC(=O)c2ccc3c(c2)CN(C2CCC(=O)NC2=O)C3=O)C1,1
O=C1CCC(c2ccc(NC(=O)c3cc(N4CCCCC4)ncn3)cc2)C(=O)N1,0
N#CN1CCC(c2csc3c2CCN(C(=O)c2cccc(N4CCC(=O)NC4=O)c2)C3)C1,1
N#Cc1cc(NCc2ccc3c(c2)C(=O)N(C2CCC(=O)NC2=O)C3)ccn1,0
O=C1CCC(n2cc(-c3c(F)cccc3F)nn2)C(=O)N1,0
O=C1CCC(n2cc(-c3ccc(Br)cc3Cl)nn2)C(=O)N1,0
O=C1CCC(n2cc(-c3cccc(Cl)c3)nn2)C(=O)N1,0
Cc1ccc(-c2cn(C3CCC(=O)NC3=O)nn2)cc1,0
Cc1cc(C)cc(-c2cn(C3CCC(=O)NC3=O)nn2)c1,0
O=C1CCC(n2cc(-c3ccccc3S(=O)(=O)F)nn2)C(=O)N1,1
O=C1CCC(n2cc(-c3cccc(S(=O)(=O)F)c3)nn2)C(=O)N1,1
CC(C)(C)Oc1ccc(-c2cn(C3CCC(=O)NC3=O)nn2)cc1,0
CSc1cccc(-c2cn(C3CCC(=O)NC3=O)nn2)c1,0
COC(=O)c1ccccc1-c1cn(C2CCC(=O)NC2=O)nn1,0
Cc1cc(F)cc(-c2cn(C3CCC(=O)NC3=O)nn2)c1,0
COC(=O)c1ccc(-c2cn(C3CCC(=O)NC3=O)nn2)cc1,0
COc1ccc(-c2cn(C3CCC(=O)NC3=O)nn2)cc1OC,0
O=C1CCC(n2cc(-c3ccc(CO)cc3)nn2)C(=O)N1,0
O=C1CCC(n2cc(-c3c(Cl)cccc3Cl)nn2)C(=O)N1,0
COc1ccccc1-c1cn(C2CCC(=O)NC2=O)nn1,0
CCCc1ccc(-c2cn(C3CCC(=O)NC3=O)nn2)cc1,0
O=C1CCC(n2cc(-c3cccc(OS(=O)(=O)F)c3)nn2)C(=O)N1,1
O=C1CCC(n2cc(-c3cccc(C(F)(F)F)c3)nn2)C(=O)N1,0
O=C1CCC(NC(=O)c2cnc(-c3ccncc3)s2)C(=O)N1,0
N#CN1CCC(c2cccc(-c3cc(C(=O)NC4CCC(=O)NC4=O)n[nH]3)c2)C1,1
O=C1CCC(NC(=O)c2ncoc2CNC(=O)c2cnn3ccccc23)C(=O)N1,0
Cc1noc(C23CC(CN2C(=O)c2ccc(N4CCC(=O)NC4=O)cc2)C3)n1,0
N#CN1CCCC(c2ccccc2-c2cncc(C(=O)NC3CCC(=O)NC3=O)c2)C1,1
N#CN1CCC(c2ccc3cnc(C(=O)NC4CCC(=O)NC4=O)nc3c2)C1,1
O=C1CCC(N2Cc3ccc(-c4c[nH]nc4OS(=O)(=O)F)cc3C2=O)C(=O)N1,1
CNCCn1cc(-c2ccc3c(c2)C(=O)N(C2CCC(=O)NC2=O)C3)cn1,0
O=C1CCC(N2Cc3cc(S(=O)(=O)F)c(-c4cn[nH]c4)cc3C2=O)C(=O)N1,1
O=C1CCC(N2Cc3ccc(-c4c[nH]nc4S(=O)(=O)F)cc3C2=O)C(=O)N1,1
O=C1CCC(N2Cc3ccc(-c4cn[nH]c4OS(=O)(=O)F)cc3C2=O)C(=O)N1,1
O=C1CCC(N2Cc3ccc(-c4cn[nH]c4S(=O)(=O)F)cc3C2=O)C(=O)N1,1
Cc1ccc(N2CCC(=O)NC2=O)cc1NCc1cn(CC2CCCO2)nn1,0
CNc1ccccc1C(O)NCCN1CCC(=O)NC1O,0
N#CN1CCCC(c2cccc(NC(=O)c3cccc4c3CN(C3CCC(=O)NC3=O)C4=O)n2)C1,1
O=C1CCC(NC(=O)c2c(O)c3ccccc3[nH]c2=O)C(=O)N1,0
O=C1CCC(NC(=O)c2cc3cccc(C(F)(F)F)c3[nH]c2=O)C(=O)N1,0
O=C1CCC(NC(=O)c2ncn3c2COc2ccccc2-3)C(=O)N1,0
O=C1CCC(NC(=O)c2ncn3c2COc2ccc(S(=O)(=O)F)cc2-3)C(=O)N1,1
O=C1CCC(NC(=O)c2nc(S(=O)(=O)F)n3c2COc2ccccc2-3)C(=O)N1,1
O=C1CCC(NC(=O)c2ncn3c2COc2cccc(S(=O)(=O)F)c2-3)C(=O)N1,1
O=C1CCC(NC(=O)c2ncn3c2COc2cc(OS(=O)(=O)F)ccc2-3)C(=O)N1,1
O=C1CCC(NC(=O)c2ncn3c2COc2ccc(OS(=O)(=O)F)cc2-3)C(=O)N1,1
O=C1CCC(N2Cc3cc(-c4cnc(OS(=O)(=O)F)s4)ccc3C2=O)C(=O)N1,1
CCOC(=O)c1ncc(-c2ccc3c(c2)CN(C2CCC(=O)NC2=O)C3=O)s1,0
O=C1CCC(N2Cc3cc(-c4scnc4S(=O)(=O)F)ccc3C2=O)C(=O)N1,1
O=C1CCC(N2Cc3cc(-c4cncs4)c(S(=O)(=O)F)cc3C2=O)C(=O)N1,1
Cn1ncc2c(NC3CCC(=O)NC3=O)ncnc21,0
N#CN1CCCC(c2ccncc2-c2ccc3c(c2)C(=O)N(C2CCC(=O)NC2=O)C3)C1,1
O=C1CCC(Nc2ccc(C3CN(C(=O)C(O)Cc4c[nH]cn4)C3)cc2)C(=O)N1,0
O=C1CCC(NC(=O)c2cc(Nc3ccccc3)ncn2)C(=O)N1,0
N#CN1CCC(c2ncsc2-c2ccc3c(c2)CN(C2CCC(=O)NC2=O)C3=O)CC1,1
O=C1CCC(N2Cc3c(Nc4ccnc(Nc5ccc6c(c5)CCN6)n4)cccc3C2=O)C(=O)N1,0
N#CN1CCC(c2ccsc2-c2cccc3c2CN(C2CCC(=O)NC2=O)C3=O)CC1,1
N#CN1CCCC(c2cccc(-c3ccc(C(=O)NC4CCC(=O)NC4=O)nc3)c2)C1,1
O=C1CCC(C(=O)NCc2ccc(S(=O)(=O)F)cc2)N1,0
O=C1CCC(C(=O)NCc2ccccc2)N1,0
O=C1CCC(C(=O)NCc2cccc(S(=O)(=O)F)c2)N1,0
N#CN1CCC(c2cc(-c3ccc(C(=O)NC4CCC(=O)NC4=O)s3)ccn2)C1,1
N#CN1CCCC(c2ccc3c(c2)CCCC3C(=O)Nc2cccc(C3CCC(=O)NC3=O)c2)C1,1
CC1CCCN1C(=O)COc1cccc2c1CN(C1CCC(=O)NC1=O)C2=O,0
C#CC1CCCN1C(=O)COc1cccc2c1CN(C1CCC(=O)NC1=O)C2=O,1
CC(C)C(CO)Nc1nccc(Nc2cccc3c2CN(C2CCC(=O)NC2=O)C3=O)n1,0
N#CN1CCCC(c2cc(-c3ccc4c(c3)CN(C3CCC(=O)NC3=O)C4=O)ccc2C2CC2)C1,1
O=C1CCC(c2ccc(Nc3nc4c(S(=O)(=O)F)cccc4o3)cc2)C(=O)N1,1
CC(C)(C)c1ccc2oc(Nc3ccc(C4CCC(=O)NC4=O)cc3)nc2c1,0
O=C1CCC(c2ccc(Nc3nc4cccc(S(=O)(=O)F)c4o3)cc2)C(=O)N1,1
O=C1CCC(NC(=O)c2ccc(S(=O)(=O)F)c3ccsc23)C(=O)N1,1
Cc1csc2c(C(=O)NC3CCC(=O)NC3=O)cccc12,0
O=C1CCC(NC(=O)c2cc(S(=O)(=O)F)cc3ccsc23)C(=O)N1,1
COc1ccc(C(=O)NC2CCC(=O)NC2=O)c2sccc12,0
O=C1CCC(NC(=O)c2cccc3c(S(=O)(=O)F)csc23)C(=O)N1,1
O=C1CCC(NC(=O)c2cccc3cc(S(=O)(=O)F)sc23)C(=O)N1,1
N#CN1CCC(c2cncc(-c3cccc4c3CN(C3CCC(=O)NC3=O)C4=O)n2)C1,1
N#CN1CCCC(c2ccnc3cc(-c4cn(C5CCC(=O)NC5=O)nn4)ccc23)C1,1
CC(Oc1cccc2c1CNC2=O)c1cccc(F)c1,0
O=C1CCC(N2Cc3cc(-c4ncccc4C4CC4)ccc3C2=O)C(=O)N1,0
N#CN1CCC(c2cnccc2-c2ccc3c(c2)CN(C2CCC(=O)NC2=O)C3=O)C1,1
CC1(NC(=O)COc2cccc3c2CN(C2CCC(=O)NC2=O)C3=O)CCC1,0
O=C1CCC(N2Cc3cc(OCC(=O)NC4CCCCC4)ccc3C2=O)C(=O)N1,0
N#CN1CCCC(c2cc(-c3ccc4c(c3)CN(C3CCC(=O)NC3=O)C4=O)cc3c2OCO3)C1,1
O=C1CCC(N2Cc3c(C(=O)NCC4CCCCCN4)cccc3C2=O)C(=O)N1,0
N#CN1CCC(c2cc3c(cc2-c2ccc4c(c2)CN(C2CCC(=O)NC2=O)C4=O)CCC3=O)CC1,1
N#CN1CCC(c2nccc(C(=O)Nc3cccc4c3CN(C3CCC(=O)NC3=O)C4=O)n2)C1,1
N#CN1CCC(c2cccc(-c3cc(NC4CCC(=O)NC4=O)ncn3)c2)C1,1
N#CN1CCCC(c2ccc3c(-c4cn(C5CCC(=O)NC5=O)nn4)cncc3c2)C1,1
N#CN1CCCC(c2cnc(NC(=O)c3ccc4c(c3)C(=O)N(C3CCC(=O)NC3=O)C4)s2)C1,1
O=C1CCC(NC(=O)c2oc(Cl)c(Cl)c2Cl)C(=O)N1,0
CSCc1ccc(C(=O)NC2CCC(=O)NC2=O)o1,0
Cc1ccc(C(=O)NC2CCC(=O)NC2=O)o1,0
O=C1CCC(NC(=O)c2ccc(Br)o2)C(=O)N1,0
CS(=O)(=O)Cc1ccc(C(=O)NC2CCC(=O)NC2=O)o1,0
Cc1cc(S(N)(=O)=O)oc1C(=O)NC1CCC(=O)NC1=O,0
O=C1CCC(NC(=O)c2ccc(OCC(F)(F)F)o2)C(=O)N1,0
NC(=O)CNS(=O)(=O)c1ccc(C(=O)NC2CCC(=O)NC2=O)o1,0
O=C1CCC(NC(=O)c2ccc(S(=O)(=O)F)o2)C(=O)N1,1
O=C1CCC(NC(=O)c2cc(S(=O)(=O)F)co2)C(=O)N1,1
Cc1oc(C(=O)NC2CCC(=O)NC2=O)cc1S(=O)(=O)N(C)C,0
O=C1CCC(NC(=O)c2ccco2)C(=O)N1,0
CCCCCc1ccc(C(=O)NC2CCC(=O)NC2=O)o1,0
O=C1CCC(NC(=O)c2ccc(CNC(=O)c3ncc4ccccn34)o2)C(=O)N1,0
N#CN1CCCC(c2cc(-c3cccc4c3CN(C3CCC(=O)NC3=O)C4=O)ccn2)C1,1
CC(C)(C(=O)Nc1ccc(C2CCC(=O)NC2=O)cc1)N1CCCNCC1,0
N#CN1CCC(c2ncc(-c3cccc(N4CCC(=O)NC4=O)c3)cc2-n2cccn2)C1,1
CC(C)(C)c1noc2nc(C(=O)NC3CCC(=O)NC3=O)ccc12,0
O=C1CCC(NC(=O)c2ccc3c(S(=O)(=O)F)noc3n2)C(=O)N1,1
O=C1CCC(NC(=O)c2cc(S(=O)(=O)F)c3cnoc3n2)C(=O)N1,1
O=C1CCC(n2cc(CN3CCNC3=O)nn2)C(=O)N1,0
O=C1CCC(NC(=O)c2cnc3nccn3c2)C(=O)N1,0
N#CN1CCCC(c2cc(-c3cccc(C(=O)NC4CCC(=O)NC4=O)c3)n[nH]2)C1,1
CCC1(c2ccc(NC(=O)c3ccnc(C4CC4)n3)cc2)CCC(=O)NC1=O,0
O=C1CCC(N2Cc3cc(-c4cc5c(cc4OS(=O)(=O)F)OCO5)ccc3C2=O)C(=O)N1,1
O=C1CCC(N2Cc3cc(-c4ccc5c(c4OS(=O)(=O)F)OCO5)ccc3C2=O)C(=O)N1,1
O=C1CCC(N2Cc3cc(-c4ccc5c(c4)OCO5)ccc3C2=O)C(=O)N1,0
O=C1CCC(N2Cc3cc(-c4cc5c(c(OS(=O)(=O)F)c4)OCO5)ccc3C2=O)C(=O)N1,1
Cc1ccc(N2CCN(Cc3ccc4c(c3)CN(C3CCC(=O)NC3=O)C4=O)C2=O)cc1Cl,0
COC1CN(c2nc(NCC3c4ccccc4C(=O)N3C)c3[nH]cnc3n2)C1,0
COc1ccc(-c2cc(N(C)C3CCC(=O)NC3=O)ncn2)cc1,0
Cc1nc2c(s1)CCCC2CNC(=O)c1ccc(N2CCC(=O)NC2=O)cc1,0
O=C1CCC(NC(=O)c2cnn3c2OCC2(COC2)C3)C(=O)N1,0
C=C(F)C(=O)N1CCC(C(=O)Nc2ccc3c(c2)C(=O)NC3=O)CC1,1
N#Cc1cnc(Nc2ccc(C3CCC(=O)NC3=O)cc2)c2sccc12,0
O=C1CCC(N2Cc3c(NC(=O)CNc4ccnc(-c5ccc(F)cc5)n4)cccc3C2=O)C(=O)N1,0
O=C1CCC(N2Cc3c(OCC(=O)N4CCCCC4)cccc3C2=O)C(=O)N1,0
N#CN1CCCC(c2ccc(-n3nc(C(=O)NC4CCC(=O)NC4=O)c4c3CCC4)cc2)C1,1
O=C1CCC(N2C(=O)c3ccc(OCC#CC4CC4)cc3C2=O)C(=O)N1,0
N#CN1CCC(c2cccc(-c3nccc(C(=O)NC4CCC(=O)NC4=O)n3)c2)C1,1
O=C1CCC(NC(=O)c2cnc3onc(-c4ccccc4)c3c2)C(=O)N1,0
O=C1NCc2cc(CNc3nccc(Oc4ccccc4)n3)ccc21,0
N#CN1CCCC(c2cccc(-n3nnc(C(=O)NC4CCC(=O)NC4=O)n3)c2)C1,1
N#CN1CCC(c2ccccc2-c2nc(C(=O)NC3CCC(=O)NC3=O)c[nH]2)C1,1
N#CN1CCC(c2cnn(C3CC3)c2-c2ccc3c(c2)CN(C2CCC(=O)NC2=O)C3=O)CC1,1
N#CN1CCC(c2cnc3c(c2)CC(NC(=O)c2ccc(N4CCC(=O)NC4=O)cc2)CC3)C1,1
COCCn1cc(C(=O)NC2CCC(=O)NC2=O)c(=O)cc1C,0
O=C1CCC(NC(=O)c2cn(C(F)F)ccc2=O)C(=O)N1,0
COc1cc(C(=O)NC2CCC(=O)NC2=O)cc2[nH]c(=O)[nH]c12,0
Cc1nc(C2CCCO2)sc1C(=O)NC1CCC(=O)NC1=O,0
O=C1CCC(NC(=O)c2cnc3ncc(S(=O)(=O)F)cc3c2)C(=O)N1,1
O=C1CCC(NC(=O)c2cnc3nc(O)ccc3c2)C(=O)N1,0
CCn1nnc(C)c1C(=O)NC1CCC(=O)NC1=O,0
O=C1CCC(NC(=O)c2ccc(OC3CCNC3)cc2)C(=O)N1,0
CN(c1ccnc2cc(-c3ccccc3)nn12)C1CCC(=O)NC1=O,0
COc1ccc(CSCC2CCC(=O)NC2=O)cc1,0
O=C1CCC(CSCc2ccccc2)C(=O)N1,0
O=C1CCC(N2C(=O)c3ccc(N4CCCCC4)cc3C2=O)C(=O)N1,0
N#CN1CCCC(c2cccc(-c3ncc(C(=O)NC4CCC(=O)NC4=O)[nH]3)c2)C1,1
N#CN1CCC(c2c[nH]c(-c3cccc4c3CN(C3CCC(=O)NC3=O)C4=O)c2)CC1,1
N#CN1CCC(c2cc(Nc3ccc(C4CCC(=O)NC4=O)cc3)ccn2)C1,1
O=C1CCC(N2Cc3ccc(NC(=O)C4Cc5ccc(S(=O)(=O)F)cc54)cc3C2=O)C(=O)N1,1
O=C1CCC(N2Cc3ccc(NC(=O)C4Cc5c4cccc5S(=O)(=O)F)cc3C2=O)C(=O)N1,1
O=C1CCC(N2Cc3ccc(NC(=O)C4Cc5ccccc54)cc3C2=O)C(=O)N1,0
O=C1CCC(N2Cc3ccc(NC(=O)C4Cc5cc(S(=O)(=O)F)ccc54)cc3C2=O)C(=O)N1,1
O=C1CCC(N2Cc3ccc(NC(=O)C4Cc5cccc(S(=O)(=O)F)c54)cc3C2=O)C(=O)N1,1
N#CN1CCC(c2ccc(C3CC3)c(-c3ccc4c(c3)CN(C3CCC(=O)NC3=O)C4=O)n2)CC1,1
NCc1ccc(NC(=O)c2ccc3c(c2)CN(C2CCC(=O)NC2=O)C3=O)cc1,0
O=C1CCC(N2Cc3cc(C(=O)Nc4ccccc4S(=O)(=O)F)ccc3C2=O)C(=O)N1,1
Nc1ccc(NC(=O)c2ccc3c(c2)CN(C2CCC(=O)NC2=O)C3=O)cc1,0
O=C1CCC(N2Cc3cc(C(=O)Nc4cccc(S(=O)(=O)F)c4)ccc3C2=O)C(=O)N1,1
CCC(CC)C1=NOC2(CCC(=O)NC2=O)C1,0
CC(C)(C)C1=NOC2(CCC(=O)NC2=O)C1,0
CCCC1=NOC2(CCC(=O)NC2=O)C1,0
O=C1CCC(NC(=O)c2ncc3cccc(S(=O)(=O)F)c3n2)C(=O)N1,1
O=C1CCC(NC(=O)c2ncc3ccc(S(=O)(=O)F)cc3n2)C(=O)N1,1
O=C1CCC(NC(=O)c2ncc3cc(Br)ccc3n2)C(=O)N1,0
Nc1nc(C(=O)NC2CCC(=O)NC2=O)nc2ccccc12,0
O=C1CCC(NC(=O)c2ncc3c(S(=O)(=O)F)cccc3n2)C(=O)N1,1
O=C1CCC(NC(=O)c2ncc3cccc(OS(=O)(=O)F)c3n2)C(=O)N1,1
O=C1CCC(NC(=O)c2ncc3ccc(OS(=O)(=O)F)cc3n2)C(=O)N1,1
O=C1CCC(NC(=O)c2cc3c(cn2)OCCC3)C(=O)N1,0
O=C1CCC(NC(=O)c2cc3c(c(S(=O)(=O)F)n2)OCCC3)C(=O)N1,1
O=C1CCC(NC(=O)c2ccc3c(c2)S(=O)(=O)Nc2ncnn2-3)C(=O)N1,0
N#CN1CCC(c2nccc(Nc3ccc4c(c3)C(=O)N(C3CCC(=O)NC3=O)C4)n2)C1,1
N#CN1CCCC(c2ccnn2-c2cncc(-c3cccc(N4CCC(=O)NC4=O)c3)c2)C1,1
CN(c1cc(Br)cc(F)n1)C1CCC(=O)NC1=O,0
NC(=O)c1c(Br)ccnc1NC1CCC(=O)NC1=O,0
O=C1CCC(Nc2cc(Br)ccn2)C(=O)N1,0
N#Cc1nc(NC2CCC(=O)NC2=O)ccc1C(F)(F)F,0
O=C1CCC(NC(=O)c2ccc(Br)c3c2CCO3)C(=O)N1,0
O=C1CCC(NC(=O)c2cc(S(=O)(=O)F)cc3c2CCO3)C(=O)N1,1
O=C1CCC(NC(=O)c2ccc(S(=O)(=O)F)c3c2CCO3)C(=O)N1,1
Cc1cccc(Cl)c1CC(=O)Nc1cccc(C2CC(=O)NC(=O)C2)c1,0
Cc1cc(C#N)cc(C)c1CC(=O)Nc1cccc(C2CC(=O)NC(=O)C2)c1,0
CC(C(=O)Nc1cccc(C2CC(=O)NC(=O)C2)c1)c1ccc(F)cc1,0
Cc1cccc(C(C)C(=O)Nc2cccc(C3CC(=O)NC(=O)C3)c2)c1,0
O=C1CCC(N2Cc3cc(S(=O)(=O)F)c(-c4ccn[nH]4)cc3C2=O)C(=O)N1,1
Cn1ncc(C#N)c1-c1ccc2c(c1)C(=O)N(C1CCC(=O)NC1=O)C2,0
O=C1CCC(N2Cc3ccc(-c4[nH]ncc4OS(=O)(=O)F)cc3C2=O)C(=O)N1,1
O=C1CCC(N2Cc3ccc(-c4cc(OS(=O)(=O)F)n[nH]4)cc3C2=O)C(=O)N1,1
O=C1CCC(N2Cc3ccc(-c4[nH]ncc4S(=O)(=O)F)cc3C2=O)C(=O)N1,1
O=C1CCC(c2ccc(NC(=O)c3ccnnc3OC3CCCC3)cc2)C(=O)N1,0
N#CN1CCC(c2ccc3c(c2)CCCC3C(=O)Nc2cccc(C3CCC(=O)NC3=O)c2)C1,1
N#CN1CCC(c2nc(-c3ccc(C(=O)NC4CCC(=O)NC4=O)cc3)no2)C1,1
N#CN1CCCC(c2ccc3ccc(C(=O)NC4CCC(=O)NC4=O)cc3c2)C1,1
Nc1nc(C(=O)NC2CCC(=O)NC2=O)nc(N2CCOCC2)n1,0
O=C1CCC(NC(=O)c2ccc(-n3cnc4ccccc43)cc2)C(=O)N1,0
N#CN1CCC(c2cccc(-c3ncc(C(=O)NC4CCC(=O)NC4=O)s3)c2)C1,1
N#CN1CCC(c2ccc(-c3nc(C(=O)NC4CCC(=O)NC4=O)cs3)cc2)C1,1
O=C1CCC(N2Cc3cc(C(=O)NCC4(C(=O)O)CC4)ccc3C2=O)C(=O)N1,0
CCC1CC1CNC(=O)c1ccc2c(c1)CN(C1CCC(=O)NC1=O)C2=O,0
NC(=O)CC1(CNC(=O)c2ccc3c(c2)CN(C2CCC(=O)NC2=O)C3=O)CC1,0
O=C1CCC(N2Cc3cc(C(=O)NCC4CC4)ccc3C2=O)C(=O)N1,0
N#CN1CCCC(c2nc(C(=O)Nc3ccc(C4CCC(=O)NC4=O)cc3)c[nH]2)C1,1
N#CN1CCC(c2nc3n(n2)CC(C(=O)Nc2ccc(C4CCC(=O)NC4=O)cc2)CC3)C1,1
CNC(=O)C1NC2(CCCCC2)C2(C(=O)Nc3cc(Cl)ccc32)C1c1cccc(Cl)c1F,0
O=C1CCC(N2Cc3ccc(NC(=O)C4CCCCC4)cc3C2=O)C(=O)N1,0
N#CN1CCCC(c2cn[nH]c2-c2ccc3c(c2)CN(C2CCC(=O)NC2=O)C3=O)C1,1
O=C1CCC(N2Cc3c(C(=O)N4CCCCN4)cccc3C2=O)C(=O)N1,0
O=C1CCC(Nc2ccc(NC(=O)c3onc4c3CCCC4)cc2)C(=O)N1,0
N#CN1CCCC(c2ccccc2-c2ccc(C(=O)NC3CCC(=O)NC3=O)nc2)C1,1
O=C1CCC(N2C(=O)c3ccc(CNC(=O)Nc4ccccc4)cc3C2=O)C(=O)N1,0
O=C1CCC(N2C(=O)c3ccc(CNC(=O)Nc4ccc(Cl)cc4)cc3C2=O)C(=O)N1,0
O=C1CCC(N2C(=O)c3ccc(CNC(=O)Nc4cccc(Cl)c4)cc3C2=O)C(=O)N1,0
O=C1CCC(N2C(=O)c3ccc(CNC(=O)Nc4ccccc4Cl)cc3C2=O)C(=O)N1,0
O=C1CCC(N2Cc3ccc(C(=O)NCc4ccccc4O)cc3C2=O)C(=O)N1,0
Nc1ccc(CNC(=O)c2ccc3c(c2)C(=O)N(C2CCC(=O)NC2=O)C3)cc1,0
O=C1CCC(N2CCCc3c(N4CCCCC4)cccc32)C(=O)N1,0
CC1(C)CCCc2cc(C(=O)NC3CCC(=O)NC3=O)c(=O)[nH]c21,0
CCC1CCc2[nH]c(=O)c(C(=O)NC3CCC(=O)NC3=O)cc2C1,0
O=C1CCC(NC(=O)c2cc3c([nH]c2=O)CCCC3O)C(=O)N1,0
N#CN1CCCC(c2cc(-c3ocnc3C(=O)NC3CCC(=O)NC3=O)cc3c2OCCO3)C1,1
CC1(C)CCCc2scc(C(=O)NC3CCC(=O)NC3=O)c21,0
CC1CCc2c(C(=O)NC3CCC(=O)NC3=O)csc2C1,0
CC1(C)CCc2c(C(=O)NC3CCC(=O)NC3=O)csc2C1,0
N#CN1CCC(c2cccc(C(=O)Nc3cncn3C3CCC(=O)NC3=O)n2)C1,1
O=C1CCC(N2Cc3cc(C(=O)NC4CCCCNC4)ccc3C2=O)C(=O)N1,0
O=C1CCC(N2C(=O)c3ccc(NC(=O)c4cnc5ccccc5c4)cc3C2=O)C(=O)N1,0
O=C1CCC(NC(=O)c2cc(S(=O)(=O)F)c3ccsc3c2)C(=O)N1,1
O=C1CCC(NC(=O)c2cc(O)c3ccsc3c2)C(=O)N1,0
O=C1CCC(NC(=O)c2ccc3c(S(=O)(=O)F)csc3c2)C(=O)N1,1
N#CN1CCC(c2cccnc2-c2ncc(C(=O)NC3CCC(=O)NC3=O)s2)C1,1
N#CN1CCC(c2c(C(=O)Nc3cccc(C4CCC(=O)NC4=O)c3)nc3n2CCCC3)CC1,1
CC(c1ccccc1)c1cc(C(=O)NC2CCC(=O)NC2=O)n[nH]1,0
O=C1CCC(NC(=O)c2occc2CNC(=O)c2ccnc3[nH]ccc23)C(=O)N1,0
O=C1CCC(NC(=O)c2cc(S(=O)(=O)F)cc3cccnc23)C(=O)N1,1
O=C1CCC(NC(=O)c2cccc3cc(S(=O)(=O)F)cnc23)C(=O)N1,1
O=C1CCC(NC(=O)c2ccc(S(=O)(=O)F)c3cccnc23)C(=O)N1,1
O=C1CCC(NC(=O)c2cc(OS(=O)(=O)F)cc3cccnc23)C(=O)N1,1
Nc1ccc(C(=O)NC2CCC(=O)NC2=O)c2ncccc12,0
Cc1cnc2c(C(=O)NC3CCC(=O)NC3=O)c(Cl)ccc2c1,0
Nc1ccnc2c(C(=O)NC3CCC(=O)NC3=O)cccc12,0
O=C1CCC(NC(=O)c2cccc3c(S(=O)(=O)F)ccnc23)C(=O)N1,1
COc1c(Cl)cc(C(=O)NC2CCC(=O)NC2=O)c2ncccc12,0
N#CN1CCC(c2cc(-c3cccc4c3CN(C3CCC(=O)NC3=O)C4=O)cc3c2CCO3)C1,1
O=C1CCC(N2CCCC2=O)C(=O)N1,0
CC(C)(C)NC(=O)C1(C)CCC(=O)N1C1CCC(=O)NC1=O,0
N#CN1CCC(c2cc3c(cc2-c2ncc(C(=O)NC4CCC(=O)NC4=O)s2)CCO3)C1,1
O=C1CCC(c2ccc(NC(=O)C3COCCN3CC(F)F)cc2)C(=O)N1,0
CC(C)n1cc2ncc(C(=O)NC3CCC(=O)NC3=O)cc2n1,0
N#CN1CCC(c2ccccc2C(=O)Nc2cccc3c2CN(C2CCC(=O)NC2=O)C3=O)C1,1
N#CN1CCC(c2n[nH]nc2-c2ccc3c(c2)CN(C2CCC(=O)NC2=O)C3=O)CC1,1
Cc1cc(NCC2CCCCc3ccccc32)ccc1N1CCC(=O)NC1=O,0
N#CN1CCCC(c2ccc(-c3[nH]ncc3C(=O)NC3CCC(=O)NC3=O)cc2)C1,1
Nc1c(C(=O)NC2CCC(=O)NC2=O)nc2cccc(Br)n12,0
O=C1CCC(NC(=O)c2cn3cc(Br)cc(Cl)c3n2)C(=O)N1,0
O=C1CCC(NC(=O)c2cn3c(S(=O)(=O)F)cccc3n2)C(=O)N1,1
CCc1c(C(=O)NC2CCC(=O)NC2=O)nc2c(Br)cccn12,0
O=C1CCC(NC(=O)c2cn3cccc(S(=O)(=O)F)c3n2)C(=O)N1,1
O=C1CCC(NC(=O)c2cn3cc(C(F)(F)F)ccc3n2)C(=O)N1,0
O=C1CCC(NC(=O)c2cn3ccc(S(=O)(=O)F)cc3n2)C(=O)N1,1
O=C1CCC(NC(=O)c2cn3cccc(OS(=O)(=O)F)c3n2)C(=O)N1,1
COc1cc(-n2cccc2)c(Cl)cc1C(=O)NC1CCC(=O)NC1=O,0
O=C(CCC1CCCOC1)NCc1ccc(C(=O)NC2CCC(=O)NC2=O)o1,0
N#CN1CCCC(c2ccc(-c3ccccc3C(=O)NC3CCC(=O)NC3=O)cc2)C1,1
N#CN1CCCC(c2ccc(=O)n3c2CCC3C(=O)Nc2ccc(C3CCC(=O)NC3=O)cc2)C1,1
N#CN1CCC(c2ccccc2-c2ccc(C(=O)NC3CCC(=O)NC3=O)nc2)C1,1
O=C1CCC(NC(=O)c2sc(-c3nn[nH]n3)cc2Cl)C(=O)N1,0
O=C1CCC(NC(=O)c2cc3c(c(S(=O)(=O)F)c2)NCC32CC2)C(=O)N1,1
O=C1CCC(NC(=O)c2ccc3c(c2)C2(CC2)CN3)C(=O)N1,0
Cc1sc2c(C)cccc2c1S(=O)(=O)NC1CCC(=O)NC1=O,0
N#CN1CCC(c2ccccc2-c2cc(C(=O)NC3CCC(=O)NC3=O)[nH]n2)C1,1
Cc1nnc(NC2CCC(=O)N(C)C2=O)nc1C,0
N#CN1CCCC(c2cnn(-c3cncc(-c4cccc(N5CCC(=O)NC5=O)c4)c3)c2)C1,1
CN(c1ncnc2cnccc12)C1CCC(=O)NC1=O,0
N#CC1(c2ccccn2)CCC(Nc2ccc(C3CC(=O)NC(=O)C3)cc2)CC1,0
N#CN1CCC(c2ccc(-c3cnccc3C(=O)NC3CCC(=O)NC3=O)cc2)C1,1
N#CN1CCCC(c2nc(-c3ccc4c(c3)CN(C3CCC(=O)NC3=O)C4=O)cc(C3CC3)n2)C1,1
O=C1CCC(n2ncc3c(S(=O)(=O)F)cccc3c2=O)C(=O)N1,1
O=C1CCC(n2ncc3c(OS(=O)(=O)F)cccc3c2=O)C(=O)N1,1
O=C1CCC(n2ncc3cc(S(=O)(=O)F)ccc3c2=O)C(=O)N1,1
O=C1CCC(n2ncc3ccc(OS(=O)(=O)F)cc3c2=O)C(=O)N1,1
O=C1CCC(n2ncc3cc(F)ccc3c2=O)C(=O)N1,0
O=C1CCC(n2ncc3cc(OS(=O)(=O)F)ccc3c2=O)C(=O)N1,1
CC1(NC(=O)c2cccc3c2CN(C2CCC(=O)NC2=O)C3=O)CCCNC1,0
N#CN1CCC(c2ccc(-c3nc(C(=O)NC4CCC(=O)NC4=O)cs3)nc2)C1,1
CN1CCN(C(=O)Nc2ccc3c(c2)CN(C2CCC(=O)NC2=O)C3=O)CC1=O,0
COCc1nc(C(=O)NC2CCC(=O)NC2=O)cs1,0
O=C1CCC(NC(=O)c2cscn2)C(=O)N1,0
NCCc1nc(C(=O)NC2CCC(=O)NC2=O)c(N)s1,0
Cc1sc(CC(F)(F)F)nc1C(=O)NC1CCC(=O)NC1=O,0
Cc1nc(C(=O)NC2CCC(=O)NC2=O)c(C)s1,0
CC(C)c1nc(C(=O)NC2CCC(=O)NC2=O)cs1,0
Cc1nc(C(=O)NC2CCC(=O)NC2=O)cs1,0
CN(C)S(C)(=O)=Nc1nc(C(=O)NC2CCC(=O)NC2=O)cs1,0
CC(C)c1sc(Cl)nc1C(=O)NC1CCC(=O)NC1=O,0
CCOC(=O)c1nc(C(=O)NC2CCC(=O)NC2=O)cs1,0
CCOC(C)c1nc(C(=O)NC2CCC(=O)NC2=O)cs1,0
O=C1CCC(NC(=O)c2csc(S(=O)(=O)F)n2)C(=O)N1,1
N#CN1CCCC(c2c(C(=O)Nc3ccc(C4CCC(=O)NC4=O)cc3)ccc3c2CCC3)C1,1
N#CN1CCC(c2cccnc2C(=O)Nc2ccc3c(c2)C(=O)N(C2CCC(=O)NC2=O)C3)CC1,1
N#CN1CCCC(c2ccc(-n3cc(C(=O)NC4CCC(=O)NC4=O)ccc3=O)cc2)C1,1
N#CN1CCCC(c2ccc(-n3nccc3C(=O)NC3CCC(=O)NC3=O)cc2)C1,1
Cc1nccnc1COc1ccc2c(c1)C(=O)N(C1CCC(=O)NC1=O)C2=O,0
N#CN1CCC(c2ccc(-c3cccc4c3CN(C3CCC(=O)NC3=O)C4=O)[nH]2)CC1,1
O=C1CCN(c2ccc(C(=O)N3Cc4n[nH]cc4C3CO)cc2)C(=O)N1,0
O=C1CCN(c2ccc(C(=O)N3Cc4n[nH]c(OS(=O)(=O)F)c4C3)cc2)C(=O)N1,1
N#CN1CCCC(c2cn(-c3cncc(C(=O)NC4CCC(=O)NC4=O)c3)nn2)C1,1
N#CN1CCCC(c2cccn(Cc3cn(C4CCC(=O)NC4=O)nn3)c2=O)C1,1
O=C1CCC(N2Cc3c(cccc3-c3ccc(C4CC4)cc3Cl)C2=O)C(=O)N1,0
O=C1CCC(N2Cc3c(cccc3-c3ccc(C4CC4)cc3)C2=O)C(=O)N1,0
N#CN1CCC(c2ccnc(NC(=O)c3cccc4c3CN(C3CCC(=O)NC3=O)C4=O)c2)CC1,1
N#CN1CCCC(c2cc(-c3cccc4c3CN(C3CCC(=O)NC3=O)C4=O)cc3c2CCO3)C1,1
N#CN1CCCC(c2ncsc2C(=O)Nc2ccc(C3CCC(=O)NC3=O)cc2)C1,1
O=C1CCC(N2Cc3cc(NC(=O)c4ccc5occc5c4)ccc3C2=O)C(=O)N1,0
CC(=Cn1ccnn1)C(=O)Nc1ccc(C2CCC(=O)NC2=O)cc1,0
O=C1CCC(NC(=O)c2cc(C3CC3)[nH]c(=O)c2)C(=O)N1,0
O=C1CCC(NC(=O)c2cccc(N3CC(C(F)(F)F)OC3=O)n2)C(=O)N1,0
N#CN1CCCC(c2cc(-c3nccnc3C(=O)NC3CCC(=O)NC3=O)ccn2)C1,1
O=C1CCN(c2ccc(-c3ccn(C4CC4(F)F)n3)cc2)C(=O)N1,0
N#CN1CCCC(c2csc(-n3cc(C(=O)NC4CCC(=O)NC4=O)cn3)n2)C1,1
N#CN1CCCC(c2c(-c3ccc4c(c3)CN(C3CCC(=O)NC3=O)C4=O)ccc3c2OCO3)C1,1
O=C1CCC(N2Cc3cccc(CNC(=O)c4ccccc4)c3C2=O)C(=O)N1,0
COc1cc2c(c(C(=O)NC3CCC(=O)NC3=O)c1)NC(=O)CO2,0
N#CN1CCCC(c2cccc3c2CC(Nc2ccc(N4CCC(=O)NC4=O)cc2)CO3)C1,1
N#CN1CCCC(c2cccc(-c3nc(C(=O)NC4CCC(=O)NC4=O)c4n3CCCCC4)c2)C1,1
O=C1CCC(NC(=O)c2ccc(Oc3ccc(F)cc3)s2)C(=O)N1,0
O=C1CCC(N2Cc3c(cccc3-c3cccc4cc[nH]c34)C2=O)C(=O)N1,0
Cn1ccc2cccc(-c3cccc4c3CN(C3CCC(=O)NC3=O)C4=O)c21,0
O=C1CCC(N2C(=O)c3ccc(CCCNc4ccncn4)cc3C2=O)C(=O)N1,0
CCC12CNC(C(=O)Nc3ccc(NC4CCC(=O)NC4=O)cc3)(C1)C2,0
Nc1ncc2c(-c3ccc4c(c3)CN(C3CCC(=O)NC3=O)C4=O)cccc2n1,0
N#CN1CCC(c2cc(Nc3ccc(C4CCC(=O)NC4=O)cc3)ncn2)C1,1
N#CN1CCCC(c2cncnc2Nc2ccc3c(c2)C(=O)N(C2CCC(=O)NC2=O)C3)C1,1
O=C1CCC(Nc2ccc(NC(=O)c3csc4c(O)ccnc34)cc2)C(=O)N1,0
CCc1c(C(=O)OC2CCC(=O)NC2=O)nnn1-c1cccc(Cl)c1,0
COC(=O)c1ncn(C2CCC(=O)NC2=O)c1NC(=O)c1ncccc1OC,0
O=C1CCC(NC(=O)c2ccc3c(c2)C(=O)N(Cc2ccccc2)C3=O)C(=O)N1,0
CCC1(c2ccc(NC(=O)Cn3nc(C)cc3C)cc2)CCC(=O)NC1=O,0
N#CN1CCCC(c2nc3c(c(-c4ccc5c(c4)CN(C4CCC(=O)NC4=O)C5=O)n2)CCCC3)C1,1
C=CC(=O)NCc1ccc(C(=O)N(C2CC2)C2CC(=O)NC2=O)cc1,1
Cn1cc2c(C(=O)NC3CCC(=O)NC3=O)cc(F)cc2n1,0
O=C1CCC(NC(=O)c2ccc(S(=O)(=O)F)c3n[nH]cc23)C(=O)N1,1
O=C1CCC(NC(=O)c2cc(S(=O)(=O)F)cc3n[nH]cc23)C(=O)N1,1
Cc1c2c(C(=O)NC3CCC(=O)NC3=O)cccc2nn1C,0
CC1(C)CCc2[nH]c(C(=O)NC3CCC(=O)NC3=O)cc2C1,0
CN1C(=O)CCC(NC(=O)c2cc3c([nH]2)CCCC3)C1=O,0
N#CN1CCC(c2ccccc2-n2nccc2-c2ccc(N3CCC(=O)NC3=O)cc2)C1,1
O=C1CCC(NC(=O)c2cccc(-c3noc(C(F)F)n3)c2)C(=O)N1,0
N#CN1CCC(c2ccc3c(c2)CCC3C(=O)Nc2ccc(C3CCC(=O)NC3=O)cc2)C1,1
O=C1CCC(NC(=O)c2nc(S(=O)(=O)F)nn3cccc23)C(=O)N1,1
O=C1CCC(NC(=O)c2ncnn3c(S(=O)(=O)F)ccc23)C(=O)N1,1
O=C1CCC(NC(=O)c2ncnn3cc(OS(=O)(=O)F)cc23)C(=O)N1,1
O=C1CCC(NC(=O)c2nc(OS(=O)(=O)F)nn3cccc23)C(=O)N1,1
O=C1CCC(NC(=O)c2ncnn3cccc23)C(=O)N1,0
N#CN1CCC(c2cccc3c2CC(c2nc(C(=O)NC4CCC(=O)NC4=O)cs2)O3)CC1,1
O=C1CCC(NC(=O)c2nc(Br)sc2C2CC2)C(=O)N1,0
O=C1CCC(N2Cc3cc(NC(=O)c4ccc5c(c4)CCCC5)ccc3C2=O)C(=O)N1,0
CC(C)(CC1CCOC1)C(=O)Nc1ccc(C2CCC(=O)NC2=O)cc1,0
O=C1CCC(N2C(=O)c3ccc(C(=O)NCC4CCCCC4)cc3C2=O)C(=O)N1,0
O=C(O)CN(CC1CC1)C(=O)c1cccc2c1CN(C1CCC(=O)NC1=O)C2=O,0
O=C1CCC(N2Cc3c(C(=O)NCC4(C(=O)O)CC4)cccc3C2=O)C(=O)N1,0
O=C1CCC(NC(=O)c2cc3c(s2)-c2ccccc2OC3)C(=O)N1,0
Cc1nn2c(c1C(=O)Nc1ccc(C3CCC(=O)NC3=O)cc1)CNCC2,0
O=C1CCC(c2ccc(Nc3nccc4cncn34)cc2)C(=O)N1,0
N#CN1CCCC(c2ccc3c(C(=O)NC4CCC(=O)NC4=O)nccc3c2)C1,1
O=C1CCC(NC(=O)c2cccc(N3CCCS3(=O)=O)c2)C(=O)N1,0
O=C1CCC(N2Cc3cc(-c4nccc5cnccc45)ccc3C2=O)C(=O)N1,0
N#CN1CCC(c2ccc(-c3ncc(C(=O)NC4CCC(=O)NC4=O)s3)cn2)C1,1
N#CN1CCC(c2ccn(-c3cccc(C(=O)NC4CCC(=O)NC4=O)n3)n2)CC1,1
CCc1nc2n(n1)CC(C(=O)Nc1ccc(C3CCC(=O)NC3=O)cc1)CC2,0
O=C1CCC(N2CCc3c(N4CCNCC4)cccc32)C(=O)N1,0
N#CN1CCC(c2ccccc2C(=O)Nc2ccc3c(c2)CN(C2CCC(=O)NC2=O)C3=O)CC1,1
O=C1NC(=O)C(=CNc2cccc3c2C(=O)NC3=O)C(=O)N1,1
O=C1CCC(N2Cc3c(cccc3-c3ccc4oc(=O)[nH]c4c3)C2=O)C(=O)N1,0
N#CN1CCC(c2ccn(-c3ccc(C(=O)NC4CCC(=O)NC4=O)cc3)c2)C1,1
Cn1nc(C(=O)NC2CCC(=O)NC2=O)cc1C1CCCO1,0
N#CN1CCCC(c2ccc(-c3cccnc3C(=O)NC3CCC(=O)NC3=O)nc2)C1,1
O=C1CCC(NC(=O)c2c[nH]nc2C2CCOC2)C(=O)N1,0
O=C1CCC(NC(=O)c2nnc3cccc(S(=O)(=O)F)c3n2)C(=O)N1,1
O=C1CCC(NC(=O)c2nnc3ccccc3n2)C(=O)N1,0
O=C1CCC(NC(=O)c2nnc3c(S(=O)(=O)F)cccc3n2)C(=O)N1,1
O=C1CCC(NC(=O)c2nnc3ccc(OS(=O)(=O)F)cc3n2)C(=O)N1,1
O=C1CCC(NC(=O)c2nnc3ccc(S(=O)(=O)F)cc3n2)C(=O)N1,1
O=C1CCC(NC(=O)c2nnc3cccc(OS(=O)(=O)F)c3n2)C(=O)N1,1
N#CN1CCC(c2cccc(-c3nc(C(=O)NC4CCC(=O)NC4=O)co3)c2)C1,1
O=C1CCC(NC(=O)c2c(Br)cc(Cl)c3[nH]ncc23)C(=O)N1,0
O=C1CCC(NC(=O)c2ccc(S(=O)(=O)F)c3[nH]ncc23)C(=O)N1,1
O=C1CCC(NC(=O)c2cc(S(=O)(=O)F)cc3[nH]ncc23)C(=O)N1,1
Cc1ccc(N2CCCN(Cc3ccc4c(c3)CN(C3CCC(=O)NC3=O)C4=O)C2=O)cc1Cl,0
CN1CCN(Cc2ccc(CNc3cccc4c3CN(C)N(C3CCC(=O)NC3=O)C4=O)cc2)CC1,0
N#CN1CCCC(c2cccc(-c3n[nH]cc3C(=O)NC3CCC(=O)NC3=O)c2)C1,1
N#CN1CCCC(c2cnnn2-c2ccc3c(c2)C(=O)N(C2CCC(=O)NC2=O)C3)C1,1
O=C1CCC(NC(=O)c2ccc3c(c2)COCCN3)C(=O)N1,0
CN1Cc2ccc(NC(=O)CCl)cc2C1=O,1
O=C(CCl)Nc1cccc2c1CNC2=O,1
CN1Cc2c(NC(=O)CCl)cccc2C1=O,1
C=CC(=O)Nc1ccc2c(c1)C(=O)N(C)C2,1
C=CC(=O)NCC1c2ccccc2C(=O)N1C,1
C=CC(=O)Nc1cccc2c1C(=O)N(C)C2,1
O=C(CCl)Nc1cccc2c1C(=O)NC2,1
C=CC(=O)Nc1cccc2c1CNC2=O,1
CN(C)CC=CC(=O)NCC1c2ccccc2C(=O)N1C,1
CN1C(=O)c2ccccc2C1CNC(=O)CCl,1
CC(Cl)C(=O)Nc1cccc2c1CN(C)C2=O,1
COc1cccc2c1C(=O)N(C)C2CN,0
C=CC(=O)NCC1NC(=O)c2ccccc21,1
O=C(CCl)NN1Cc2ccccc2C1=O,1
CC(C(=O)NS(C)(=O)=O)c1ccc2c(c1)C(=O)NC2,0
O=C(CCl)Nc1ccc2c(c1)C(=O)NC2,1
CN1Cc2cc(CNC(=O)CCl)ccc2C1=O,1
CN1Cc2cccc(NC(=O)CCl)c2C1=O,1
CCN1Cc2cc(CNC(=O)CCl)ccc2C1=O,1
CN1Cc2ccc(CNC(=O)CCl)cc2C1=O,1
O=C1NCc2c(NC(=O)C(F)Cl)cccc21,1
C=CC(=O)N(CCNC(=O)c1cccc2c1C(=O)NC2)CCOC,1
CC(C)(C)CNC(=O)NS(=O)(=O)c1cccc2c1CNC2=O,0
N#CN1CCC(c2ccnc(C(=O)Nc3ccc4c(c3)C(=O)N(C3CCC(=O)NC3=O)C4)c2)C1,1
O=C1CCC(NC(=O)c2cc(S(=O)(=O)F)cc3c2COC3)C(=O)N1,1
O=C1CCC(NC(=O)c2ccc(S(=O)(=O)F)c3c2COC3)C(=O)N1,1
O=C1CCC(NC(=O)c2cccc3c2COC3)C(=O)N1,0
O=C1CCC(c2ccc(NS(=O)(=O)c3cnc4n3CCCC4)cc2)C(=O)N1,0
N#CN1CCC(c2n[nH]cc2-c2cccc(C(=O)NC3CCC(=O)NC3=O)c2)CC1,1
O=C1CCC(N2Cc3c(cccc3-c3cccc4ncccc34)C2=O)C(=O)N1,0
Cc1cccc(C(=O)Nc2cccc(C3CC(=O)NC(=O)C3)c2)c1C,0
Cc1cccc(C)c1C(=O)Nc1cccc(C2CC(=O)NC(=O)C2)c1,0
Cc1ccc(N2CCCC2)c(C(=O)NC2CCC(=O)NC2=O)c1,0
O=C1CCC(NC(=O)c2ccc(C(F)(F)F)cc2N2CCCC2)C(=O)N1,0
N#CN1CCCC(c2n[nH]cc2-c2ccc3c(c2)CN(C2CCC(=O)NC2=O)C3=O)C1,1
N#CN1CCC(c2nccc(Nc3ccc(C4CCC(=O)NC4=O)cc3)n2)C1,1
COC(=O)c1ncn(C2CCC(=O)NC2=O)c1NC(=O)C1CCC1,0
COc1ccc(C2CC(=O)NC(=O)C2)cc1Br,0
O=C1CC(c2ccc(Cl)c(Cl)c2)CC(=O)N1,0
O=C1CC(c2ccc(Cl)cc2)CC(=O)N1,0
O=C1CC(c2ccccc2)CC(=O)N1,0
CCCCC(C)C(=O)Nc1cccc(C2CC(=O)NC(=O)C2)c1,0
Nc1ccc(C2CC(=O)NC(=O)C2)cc1,0
C=C(C)CS(=O)(=O)Nc1ccc(C2CC(=O)NC(=O)C2)cc1,0
O=C1CC(c2c(Cl)cccc2Cl)CC(=O)N1,0
Nc1cccc(C2CC(=O)NC(=O)C2)c1,0
O=C1CC(c2cccc(Cl)c2Cl)CC(=O)N1,0
O=C1CC(c2ccc(Cl)cc2Br)CC(=O)N1,0
O=C1CC(c2cccc(Cl)c2)CC(=O)N1,0
O=C1CC(c2ccc(Br)cc2)CC(=O)N1,0
O=C1CC(c2cccc(NC(=O)C(F)(F)C(F)F)c2)CC(=O)N1,0
CCSCCNc1cccc(C2CC(=O)NC(=O)C2)c1,0
O=C1CC(c2ccc(Br)cc2F)CC(=O)N1,0
O=C1CC(c2ccc(F)cc2Cl)CC(=O)N1,0
CN1C(=O)CCCc2occ(C(=O)NC3CCC(=O)NC3=O)c21,0
O=C1CCC(NC(=O)c2coc3c2NC(=O)CCC3)C(=O)N1,0
Cc1c(C(=O)NC2CCC(=O)NC2=O)nnn1C1CCOC1,0
O=C1CCC(NC(=O)c2ccnn2C2CCCC2)C(=O)N1,0
O=C1CCC(NC(=O)c2cc(C(F)(F)F)nn2C2CCCC2)C(=O)N1,0
O=C(CCl)Nc1cccc2c1CN(C1CC1)C2=O,1
C#CC1CCN(C2=CC(=O)N(C3CCC(=O)NC3=O)C2=O)CC1,1
O=C1CCC(N2Cc3c(cccc3N3CCCCC3)C2=O)C(=O)N1,0
O=C1CCC(N2Cc3c(cc(S(=O)(=O)F)cc3N3CCCCC3)C2=O)C(=O)N1,1
O=C1CCC(N2Cc3c(ccc(S(=O)(=O)F)c3N3CCCCC3)C2=O)C(=O)N1,1
N#CN1CCCC(c2nccc(-c3ccc4c(c3)CN(C3CCC(=O)NC3=O)C4=O)n2)C1,1
O=C1CCC(c2ccc(NC(=O)c3cnn4c3OCC3(CC3)C4)cc2)C(=O)N1,0
O=C1CCC(N2Cc3cc(-c4ccnn4C4CC4)ccc3C2=O)C(=O)N1,0
N#CN1CCCC(c2cn(-c3cncc(C(=O)NC4CCC(=O)NC4=O)n3)cn2)C1,1
CCCN1CCCC1C(=O)NCc1ocnc1C(=O)NC1CCC(=O)NC1=O,0
O=C1CCC(c2ccc(NC(=O)CCCC3CNCCO3)cc2)C(=O)N1,0
N#CN1CCCC(c2nccc(Nc3ccc(C4CCC(=O)NC4=O)cc3)n2)C1,1
O=C1CCC(SCc2ccccc2)C(=O)N1,0
NC(=O)c1ccccc1OCc1cccc(C(=O)NC2CCC(=O)NC2=O)c1,0
O=C1CCC(NC(=O)c2c3c(n[nH]c2=O)CCCC3)C(=O)N1,0
O=C1CCC(NC(=O)c2cnc(-c3ccccn3)s2)C(=O)N1,0
O=C1CCC(NC(=O)c2ccc(CNC(=O)C3CCc4nccn43)nc2)C(=O)N1,0
N#CN1CCC(c2ccccc2-n2ccc(C(=O)NC3CCC(=O)NC3=O)n2)C1,1
CC1(CNC(=O)c2ccc3c(c2)C(=O)N(C2CCC(=O)NC2=O)C3)CCCNC1,0
COc1ccn2ccnc2c1C(=O)Nc1ccc(C2CCC(=O)NC2=O)cc1,0
Cn1cc2c(n1)CC(C(=O)Nc1ccc(C3CCC(=O)NC3=O)cc1)NC2=O,0
N#CN1CCC(c2cc(-c3cccc4c3CN(C3CCC(=O)NC3=O)C4=O)ccc2C2CC2)C1,1
C#Cc1cccc(NC(=O)CN(C)C2=CC(=O)N(C3CCC(=O)NC3=O)C2=O)c1,1
O=C1CCC(N2Cc3c(cccc3-n3cc(-c4cn[nH]c4)nn3)C2=O)C(=O)N1,0
O=C1CCC(N2Cc3c(ccc4c3OCC43CCN(Cc4ccccc4)C3)C2=O)C(=O)N1,0
Nn1ccc(=O)[nH]c1=O,0
Cn1ccc(=O)[nH]c1=O,0
O=c1cc[nH]c(=O)[nH]1,0
N#CCNC(=O)Cn1ccc(=O)[nH]c1=O,1
N#CN1CCC(c2ccc3c(c2)C(C(=O)Nc2ccc(C4CCC(=O)NC4=O)cc2)OCC3)C1,1
N#CN1CCCC(c2ccc(-c3cccc4c3CN(C3CCC(=O)NC3=O)C4=O)cn2)C1,1
O=C(COCc1nnc[nH]1)NCc1[nH]ncc1C(=O)NC1CCC(=O)NC1=O,0
Nc1cc(=O)[nH]c2cc(C(=O)NC3CCC(=O)NC3=O)nn12,0
O=C1CCC(NC(=O)c2cc(F)c(Oc3ccccc3)c(F)c2)C(=O)N1,0
CC(C)c1ccccc1Oc1ccc(C(=O)NC2CCC(=O)NC2=O)cc1,0
CC(C)(C)c1ccc(Oc2ccc(C(=O)NC3CCC(=O)NC3=O)cc2F)cc1,0
Cn1cc(C(=O)NC2CCC(=O)NC2=O)c(-c2ccc(Cl)s2)n1,0
O=C1CCC(N2Cc3cc(NC(=O)C4=NC5C=CC=CC5=N4)ccc3C2=O)C(=O)N1,0
N#CN1CCCC(c2ccnc(-n3cncc3C(=O)NC3CCC(=O)NC3=O)c2)C1,1
O=C1CCC(NC(=O)c2cccn3c(S(=O)(=O)F)ncc23)C(=O)N1,1
O=C1CCC(NC(=O)c2cccn3cncc23)C(=O)N1,0
O=C1CCC(NC(=O)c2ccc(S(=O)(=O)F)n3cncc23)C(=O)N1,1
O=C1CCC(NC(=O)c2cc(S(=O)(=O)F)cn3cncc23)C(=O)N1,1
Cc1ccc(-n2ncc(C(=O)NC3CCC(=O)NC3=O)c2C2CC2)cc1Cl,0
O=C1CCC(NC(=O)c2ccc3oc(-c4ccccc4Cl)nc3c2)C(=O)N1,0
O=C1CCC(N2Cc3cc(C(=O)NC4(C5CC5)CC4)ccc3C2=O)C(=O)N1,0
O=C1CCNC(=O)N1,0
Cc1nn(-c2ccccc2)c2nc(C(=O)NC3CCC(=O)NC3=O)ccc12,0
O=C1CCC(NC(=O)c2coc3cc(S(=O)(=O)F)ccc23)C(=O)N1,1
O=C1CCC(NC(=O)c2coc3ccc(OS(=O)(=O)F)cc23)C(=O)N1,1
Cc1ccc(Cl)c2c(C(=O)NC3CCC(=O)NC3=O)coc12,0
Cc1oc2c(F)c(F)c(F)c(F)c2c1C(=O)NC1CCC(=O)NC1=O,0
Cc1cc(Br)cc2c(C(=O)NC3CCC(=O)NC3=O)coc12,0
Cc1oc2cc(F)ccc2c1C(=O)NC1CCC(=O)NC1=O,0
O=C1CCC(NC(=O)c2coc3c(S(=O)(=O)F)cccc23)C(=O)N1,1
O=C1CCC(NC(=O)c2coc3c(F)c(Cl)ccc23)C(=O)N1,0
O=C1CCC(NC(=O)c2coc3cccc(Br)c23)C(=O)N1,0
CC(C)(C)c1ccc2c(C(=O)NC3CCC(=O)NC3=O)coc2c1,0
O=C1CCC(N2Cc3cc(-c4cc5ccccc5cn4)ccc3C2=O)C(=O)N1,0
N#CN1CCCC(c2cnnn2-c2ccc3c(c2)CN(C2CCC(=O)NC2=O)C3=O)C1,1
N#CN1CCC(c2ccnn2-c2ccnc(C(=O)NC3CCC(=O)NC3=O)n2)C1,1
Cc1nc(C2CCCCC2)sc1C(=O)NC1CCC(=O)NC1=O,0
O=C1CCC(NC(=O)c2cccc3cc(OS(=O)(=O)F)oc23)C(=O)N1,1
O=C1CCC(NC(=O)c2ccc(S(=O)(=O)F)c3ccoc23)C(=O)N1,1
O=C1CCC(NC(=O)c2cccc3c(S(=O)(=O)F)coc23)C(=O)N1,1
O=C1CCC(NC(=O)c2cc(S(=O)(=O)F)cc3ccoc23)C(=O)N1,1
Cc1cc2c(Br)ccc(C(=O)NC3CCC(=O)NC3=O)c2o1,0
Cc1cc2cccc(C(=O)NC3CCC(=O)NC3=O)c2o1,0
N#CN1CCC(c2ccccc2-n2ccc(=O)c(C(=O)NC3CCC(=O)NC3=O)n2)C1,1
O=C1CCC(n2cc(COc3ccccc3)nn2)C(=O)N1,0
O=C1CCC(n2cc(COc3ccccc3O)nn2)C(=O)N1,0
O=C1CCC(n2cc(COc3cc(F)cc(F)c3)nn2)C(=O)N1,0
O=C1CCC(n2cc(COc3ccc(Cl)cc3)nn2)C(=O)N1,0
O=C1CCC(n2cc(COc3cccc(O)c3)nn2)C(=O)N1,0
N#Cc1cccc(OCc2cn(C3CCC(=O)NC3=O)nn2)c1,0
N#CN1CCC(c2cccc(NC(=O)c3ccc4c(c3)C(=O)N(C3CCC(=O)NC3=O)C4)c2)C1,1
Cc1ccc(-n2cnnc2)c(C(=O)NC2CCC(=O)NC2=O)c1,0
O=C1CCCC(=O)N1,0
CC1CC(=O)NC(=O)C1,0
NC1CCC(=O)NC1=O,0
CC(NC(=O)OC(C)(C)C)C(=O)NC1CCC(=O)NC1=O,0
CC1(C)CC(=O)NC(=O)C1,0
O=C1CCC(NC(=O)c2cc(=O)n3ccsc3n2)C(=O)N1,0
O=C1CCC(NC(=O)c2cc(=O)n3c(S(=O)(=O)F)csc3n2)C(=O)N1,1
O=C1CCC(NC(=O)c2cc3ncnn3cn2)C(=O)N1,0
Cc1cccc2oc(C(=O)Nc3ccc(NC4CCC(=O)NC4=O)cc3)nc12,0
N#CN1CCC(c2ncoc2C(=O)Nc2ccc(C3CCC(=O)NC3=O)cc2)CC1,1
Cc1nn(Cc2ccccc2Cl)c(Cl)c1C(=O)NC1CCC(=O)NC1=O,0
COc1ccc(Cn2cc(C(=O)NC3CCC(=O)NC3=O)cn2)cc1OC,0
Cc1nn(Cc2ccc(Cl)cc2)c(C)c1C(=O)NC1CCC(=O)NC1=O,0
CC1(C)CC1C(=O)Nc1cccc2c1C(=O)N(C1CCC(=O)NC1=O)C2,0
N#CN1CCCC(c2oc(C(=O)Nc3ccc(C4CCC(=O)NC4=O)cc3)c3c2COCC3)C1,1
O=C1CCC(NC(=O)c2cnn3c(S(=O)(=O)F)cncc23)C(=O)N1,1
O=C1CCC(NC(=O)c2cnn3ccncc23)C(=O)N1,0
O=C1CCC(NC(=O)c2cnn3cc(S(=O)(=O)F)ncc23)C(=O)N1,1
N#CN1CCC(c2ccnc(Nc3ccc4c(c3)CN(C3CCC(=O)NC3=O)C4=O)n2)C1,1
Cc1nc(Nc2ccc(C3CCC(=O)NC3=O)cc2)c(C)c(-n2cccn2)n1,0
O=C1NC(=O)c2cc(N3C(=O)CN(Cc4ccc(F)cc4)C3=O)ccc21,0
O=C1CCC(NC(=O)c2n[nH]c3c2Cc2c(Br)cccc2-3)C(=O)N1,0
O=C1CCC(c2cccc(NC(=O)c3nc4ncc(CCO)cn4n3)c2)C(=O)N1,0
N#CN1CCC(c2ccsc2C(=O)Nc2cccc3c2CN(C2CCC(=O)NC2=O)C3=O)C1,1
O=C1CCC(NC(=O)c2cnoc2C2CCC2)C(=O)N1,0
O=C1CCC(n2cnc3cc(OS(=O)(=O)F)ccc32)C(=O)N1,1
O=C1CCC(n2cnc3c(OS(=O)(=O)F)cccc32)C(=O)N1,1
Nc1cccc2c1ncn2C1CCC(=O)NC1=O,0
O=C1CCC(n2cnc3ccccc32)C(=O)N1,0
Nc1ccc2c(c1)ncn2C1CCC(=O)NC1=O,0
O=C1CCC(n2cnc3c(S(=O)(=O)F)cccc32)C(=O)N1,1
Nc1ccc2ncn(C3CCC(=O)NC3=O)c2c1,0
O=C1CCC(n2cc(-c3csc(C(=O)N4CCC4)c3)nn2)C(=O)N1,0
O=C1CCC(NC(=O)c2ccc3ccnc(S(=O)(=O)F)c3n2)C(=O)N1,1
O=C1CCC(NC(=O)c2ccc3ccnc(OS(=O)(=O)F)c3n2)C(=O)N1,1
O=C1CCC(NC(=O)c2cc(Cl)c3ccncc3n2)C(=O)N1,0
O=C1CCC(NC(=O)c2cc(S(=O)(=O)F)c3ccncc3n2)C(=O)N1,1
O=C1CCC(NC(=O)c2ccc3c(S(=O)(=O)F)cncc3n2)C(=O)N1,1
N#CN1CCC(c2ccc3c(-c4cn(C5CCC(=O)NC5=O)nn4)cncc3c2)C1,1
O=C1CCC(N2Cc3cc(NC(=O)N4CC5COCC5C4)ccc3C2=O)C(=O)N1,0
N#CN1CCC(c2cc(-c3cccc4c3CN(C3CCC(=O)NC3=O)C4=O)ccn2)C1,1
CC1(NC(=O)c2ccc3c(c2)CN(C2CCC(=O)NC2=O)C3=O)CC1,0
O=C1CCC(N2Cc3cc(C(=O)NC4(C(=O)O)CC4)ccc3C2=O)C(=O)N1,0
CN(C(=O)c1ccc2c(c1)CN(C1CCC(=O)NC1=O)C2=O)C1CC1,0
O=C1CCC(N2Cc3cc(C(=O)NC4CC4)ccc3C2=O)C(=O)N1,0
N#CN1CCC(c2ccsc2-c2ccc(C(=O)NC3CCC(=O)NC3=O)cn2)C1,1
Cn1nc(C2CCOCC2)cc1C(=O)NC1CCC(=O)NC1=O,0
CN1C(=O)CCC(NC(=O)c2sccc2S(=O)(=O)N2CCCC2)C1=O,0
CN1CCOC(COc2ccc(-c3ccc(N4CCC(=O)NC4=O)cc3)cc2)C1,0
CC(C)Nc1nc(NCCO)nc(Nc2cccc(C3CCC(=O)NC3=O)c2)n1,0
O=C1CCC(NC(=O)c2nccnc2Oc2ccc(Cl)c(F)c2)C(=O)N1,0
O=C1NC(=O)c2cc(S(=O)(=O)N3CCc4ccc(F)cc43)ccc21,0
O=C1CC(NC(=O)c2cc([N+](=O)[O-])cc([N+](=O)[O-])c2)C(=O)N1,0
O=C1CC(NC(=O)c2c(Cl)cc(Cl)cc2Cl)C(=O)N1,0
O=C1CC(NC(=O)c2sc3ccccc3c2Cl)C(=O)N1,0
O=C1CC(NC(=O)c2sc3cccc(Cl)c3c2Cl)C(=O)N1,0
O=C1CCC(NC(=O)c2onc3c2CCCC3)C(=O)N1,0
O=C1CCC(c2cccc(NC(=O)C3NCCc4c3ccc(F)c4F)c2)C(=O)N1,0
O=C(CCCn1ccnc1)NCc1nocc1C(=O)NC1CCC(=O)NC1=O,0
N#CN1CCCC(c2ccccc2C(=O)Nc2ccc3c(c2)CN(C2CCC(=O)NC2=O)C3=O)C1,1
CN1C(=O)CCC(N2Cc3cc(-c4nc5ccccn5c4NC(C)(C)C)ccc3C2=O)C1=O,0
CC(C)(C)CC(C)(C)Nc1c(-c2ccc3c(c2)CN(C2CCC(=O)NC2=O)C3=O)nc2ccccn12,0
O=C1CCC(N2Cc3cc(-c4nc5ccccn5c4Cl)ccc3C2=O)C(=O)N1,0
CC(C)(C)Nc1c(-c2ccc3c(c2)CN(C2CCC(=O)NC2=O)C3=O)nc2ccccn12,0
Nc1c(-c2ccc3c(c2)CN(C2CCC(=O)NC2=O)C3=O)nc2ccccn12,0
O=C1CCC(N2Cc3cc(-c4cn5ccccc5n4)ccc3C2=O)C(=O)N1,0
CCCn1c(C)cc(C=C(C#N)C(=O)Nc2ccc3c(c2)C(=O)NC3)c1C,1
N#CN1CCCC(c2ccc3c(c2)OCC(Nc2ccc(N4CCC(=O)NC4=O)cc2)C3)C1,1
N#CN1CCC(c2cc3c(cc2-c2ccc4c(c2)CN(C2CCC(=O)NC2=O)C4=O)OCO3)C1,1
N#CN1CCCC(c2cccc(-c3cc(C(=O)NC4CCC(=O)NC4=O)[nH]n3)c2)C1,1
Cc1nc2n(c1C(=O)Nc1ccc(C3CCC(=O)NC3=O)cc1)CC(C)CC2,0
CN(c1cc2sc(Cl)nc2cn1)C1CCC(=O)NC1=O,0
O=C1CCC(NC(=O)c2cnn3c(=O)cc[nH]c23)C(=O)N1,0
N#CN1CCC(c2cccc3c2OC(C(=O)Nc2ccc(C4CCC(=O)NC4=O)cc2)CO3)C1,1
O=C1CCC(N2Cc3c(cccc3-n3cc(CNC4CCC4)nn3)C2=O)C(=O)N1,0
CN(c1nc(Cl)nc2[nH]c(C(C)(C)O)nc12)C1CCC(=O)NC1=O,0
CC(C)(O)c1nc2c(NC3CCC(=O)NC3=O)nc(Cl)nc2[nH]1,0
CC(C)n1cnc2c(N(C)C3CCC(=O)NC3=O)nc(Cl)nc21,0
O=C1CCC(Nc2ncnc3[nH]c(C(F)F)nc23)C(=O)N1,0
CC(C)n1cnc2c(NC3CCC(=O)NC3=O)nc(Cl)nc21,0
CN(c1nc(S(C)(=O)=O)nc2c1ncn2C)C1CCC(=O)NC1=O,0
CN(c1nc(F)nc2[nH]cnc12)C1CCC(=O)NC1=O,0
CN(c1ncnc2[nH]c(C(F)F)nc12)C1CCC(=O)NC1=O,0
O=C1CCC(N2Cc3cc(S(=O)(=O)F)c(-n4ccnn4)cc3C2=O)C(=O)N1,1
CCCCc1cn(-c2ccc3c(c2)C(=O)N(C2CCC(=O)NC2=O)C3)nn1,0
O=C1CCC(N2Cc3ccc(-n4ccnn4)cc3C2=O)C(=O)N1,0
CC(C)(C)Cc1cn(-c2ccc3c(c2)C(=O)N(C2CCC(=O)NC2=O)C3)nn1,0
O=C1CCC(N2Cc3ccc(-n4cc(OS(=O)(=O)F)nn4)cc3C2=O)C(=O)N1,1
CNCc1cn(-c2ccc3c(c2)C(=O)N(C2CCC(=O)NC2=O)C3)nn1,0
CSCc1cn(-c2ccc3c(c2)C(=O)N(C2CCC(=O)NC2=O)C3)nn1,0
NCCc1cn(-c2ccc3c(c2)C(=O)N(C2CCC(=O)NC2=O)C3)nn1,0
O=C1CCC(N2Cc3ccc(-n4nncc4S(=O)(=O)F)cc3C2=O)C(=O)N1,1
O=C1CCC(N2Cc3ccc(-n4cc(C(=O)O)nn4)cc3C2=O)C(=O)N1,0
CONC(=O)c1cn(-c2ccc3c(c2)C(=O)N(C2CCC(=O)NC2=O)C3)nn1,0
CN(C)Cc1cn(-c2ccc3c(c2)C(=O)N(C2CCC(=O)NC2=O)C3)nn1,0
N#CN1CCCC(c2cc(-c3ccc4c(c3)C(=O)N(C3CCC(=O)NC3=O)C4)cc3c2CCC3)C1,1
Cc1coc2ccc(CC(=O)Nc3ccc(C4CCC(=O)NC4=O)cc3)cc12,0
O=C1CCC(NC(=O)c2ncn3c2CCNCC3)C(=O)N1,0
O=C1CCC(Oc2ccc(N3CCNCC3)cc2)C(=O)N1,0
O=C1CCC(N2Cc3ccc(S(=O)(=O)n4cncn4)cc3C2=O)C(=O)N1,1
C=CC(=O)N1CCCC(n2ccc(=O)[nH]c2=O)C1,1
CC1CCCN(c2cc(C(=O)NC3CCC(=O)NC3=O)ccn2)C1,0
N#CN1CCCC(c2ccc(-c3ccc(C(=O)NC4CCC(=O)NC4=O)s3)cc2)C1,1
N#CN1CCC(c2ccc(-c3cccc4c3CN(C3CCC(=O)NC3=O)C4=O)[nH]2)C1,1
O=C1CCC(NC(=O)c2ccc3sc4ccccc4c3c2)C(=O)N1,0
CC(C)(C(=O)NCc1cccc2c1C(=O)N(C1CCC(=O)NC1=O)C2)c1ccccc1,0
O=C(Cc1ccccc1)NCc1cccc2c1C(=O)N(C1CCC(=O)NC1=O)C2,0
O=C1CCC(N2Cc3cccc(CNC(=O)C(F)(F)c4ccccc4)c3C2=O)C(=O)N1,0
O=C1CCC(NC(=O)c2cn(CC3CC3)nc2-c2ccc(Cl)cc2)C(=O)N1,0
CC1(C)CCOC(C(=O)NCc2occc2C(=O)NC2CCC(=O)NC2=O)C1,0
O=C1CCNc2ccc(C(=O)NCc3ccc4c(c3)CNC4=O)cc2N1,0
N#CN1CCCC(c2cccc(-n3nccc3-c3ccc(N4CCC(=O)NC4=O)cc3)c2)C1,1
O=C1CCC(N2C(=O)c3ccc(NC(=O)Cn4ccnn4)cc3C2=O)C(=O)N1,0
N#CN1CCCC(c2csc(-c3cccc4c3CN(C3CCC(=O)NC3=O)C4=O)c2)C1,1
N#CN1CCC(c2ccc(-c3nc(C(=O)NC4CCC(=O)NC4=O)c[nH]3)cc2)C1,1
Cc1cccnc1C(=O)Nc1ccc2c(c1)C(=O)N(C1CCC(=O)NC1=O)C2,0
O=C1CCC(N2Cc3ccc(NC(=O)c4ncccc4S(=O)(=O)F)cc3C2=O)C(=O)N1,1
O=C1CCC(N2Cc3ccc(NC(=O)c4cc(S(=O)(=O)F)ccn4)cc3C2=O)C(=O)N1,1
O=C1CCC(N2Cc3ccc(NC(=O)c4cccc(S(=O)(=O)F)n4)cc3C2=O)C(=O)N1,1
N#CN1CCCC(c2ncc(-c3cccc4c3CN(C3CCC(=O)NC3=O)C4=O)cn2)C1,1
O=C1CCC(N2Cc3cc(NCc4ccoc4)ccc3C2=O)C(=O)N1,0
Cc1nc(COc2ccc(F)cc2)sc1C(=O)NC1CCC(=O)NC1=O,0
O=C1CCC(Nc2ccc(NC(=O)CC3CCn4cncc4C3)cc2)C(=O)N1,0
N#CN1CCCC(c2nc3n(c2-c2ccc4c(c2)CN(C2CCC(=O)NC2=O)C4=O)CCNC3)C1,1
O=C1CCC(NC(=O)c2csc3c(S(=O)(=O)F)ncn23)C(=O)N1,1
Cc1sc2cncn2c1C(=O)NC1CCC(=O)NC1=O,0
O=C1CCC(N2Cc3ccc(C(=O)N4CCC5(CC4)CC5)cc3C2=O)C(=O)N1,0
O=C1CCC(NC(=O)c2ncn(Cc3ccccc3)n2)C(=O)N1,0
CC1CNc2c(C(=O)NC3CCC(=O)NC3=O)cnn2C1,0
N#CN1CCC(c2ccc3c(c2)CCCC(Nc2cccc(N4CCC(=O)NC4=O)c2)C3)C1,1
O=C1CCC(c2ccc(NS(=O)(=O)c3cnn4ncccc34)cc2)C(=O)N1,0
N#CN1CCC(c2ccc3c(-c4cccc(N5CCC(=O)NC5=O)c4)c[nH]c3c2)CC1,1
Nc1nn(C2CC2)c2c(CN3CCCC3)cc(-c3ccc4c(c3)CN(C3CCC(=O)NC3=O)C4=O)nc12,0
O=C1CCC(N2Cc3cc(NC4=NOC5C=CC=CC45)ccc3C2=O)C(=O)N1,0
O=C1CCC(N2Cc3cc(NC4=NOC5C=C(F)C=CC45)ccc3C2=O)C(=O)N1,0
CC1=CC2ON=C(Nc3ccc4c(c3)CN(C3CCC(=O)NC3=O)C4=O)C2C=C1,0
N#CN1CCC(c2cc[nH]c2-c2cccc3c2CN(C2CCC(=O)NC2=O)C3=O)CC1,1
O=C1CCC(N2Cc3cc(-n4cc(-c5nccs5)nn4)ccc3C2=O)C(=O)N1,0
O=C1CCC(c2ccc(NC(=O)CC3(c4ccon4)CCNCC3)cc2)C(=O)N1,0
O=C1CCC(NC(=O)c2nc3[nH]c(-c4ccccc4)cc(=O)n3n2)C(=O)N1,0
O=C1CN(c2ccnc(C(=O)NC3CCC(=O)NC3=O)c2)CCN1,0
O=C1CCC(N2Cc3cc(C4CCCCC4)cc(OS(=O)(=O)F)c3C2=O)C(=O)N1,1
O=C1CCC(N2Cc3cc(C4CCCCC4)ccc3C2=O)C(=O)N1,0
N#CN1CCC(c2ccc3c(c2)CC(C(=O)Nc2cccc(C4CCC(=O)NC4=O)c2)=N3)C1,1
O=C1CCC(c2ccc(NC(=O)Cc3nnc(C4CCOCC4)[nH]3)cc2)C(=O)N1,0
N#CN1CCC(c2nnnn2-c2ccc(C(=O)NC3CCC(=O)NC3=O)cc2)C1,1
Cc1ccc(OC2CCCC2)c(-c2ccc(N3CCC(=O)NC3=O)cc2)c1,0
O=C1CCC(Nc2ccc(NC(=O)C3CCCc4cncn43)cc2)C(=O)N1,0
O=C1CCC(NC(=O)c2cc(C3CC3)ccn2)C(=O)N1,0
Cc1ccc(C(=O)NCc2ccc(C(=O)NC3CCC(=O)NC3=O)o2)cc1C#N,0
N#CN1CCC(c2ccc3n(c2=O)C(C(=O)Nc2ccc(C4CCC(=O)NC4=O)cc2)CC3)C1,1
O=C1CCC(n2cc(-c3csc(C(=O)NC4CC4)c3)nn2)C(=O)N1,0
O=C1CCC(c2ccc(NC(=O)c3nncc4c3CCCC4)cc2)C(=O)N1,0
Cc1cncc(CC(=O)NCc2cc(C(=O)NC3CCC(=O)NC3=O)n(C)n2)c1,0
O=C1CCC(N2Cc3c(cccc3-c3ccnn3-c3ccccc3)C2=O)C(=O)N1,0
N#CN1CCC(c2c(-c3cncc(C(=O)NC4CCC(=O)NC4=O)c3)ccc3c2CCO3)C1,1
O=C1CCC(N2Cc3cc(-c4ccc5cccc(O)c5n4)ccc3C2=O)C(=O)N1,0
CN1CCCn2nnc(C(=O)NC3CCC(=O)NC3=O)c21,0
N#CN1CCCC(c2cccc3c2OCc2c(C(=O)NC4CCC(=O)NC4=O)ncn2-3)C1,1
N#CN1CCC(c2cncnc2Nc2cccc3c2CN(C2CCC(=O)NC2=O)C3=O)CC1,1
NCc1cn(C2CC(C(=O)Nc3ccc(NC4CCC(=O)NC4=O)cc3)C2)nn1,0
O=C1CCC(N2C(=O)c3cccc(NC(=O)C4CCC4)c3C2=O)C(=O)N1,0
N#CN1CCCC(c2ccc3c(c2)CC(C(=O)Nc2cccc(C4CCC(=O)NC4=O)c2)=N3)C1,1
N#CN1CCCC(c2csc(C(=O)Nc3cccc4c3CN(C3CCC(=O)NC3=O)C4=O)c2)C1,1
N#CN1CCCC(c2cccc(NC(=O)c3cccc4c3CN(C3CCC(=O)NC3=O)C4=O)c2)C1,1
N#CN1CCC(c2cc(-c3ncc(C(=O)NC4CCC(=O)NC4=O)s3)cc3c2OCC3)C1,1
CC(C)C1(CNC(=O)Nc2ccc3c(c2)CN(C2CCC(=O)NC2=O)C3=O)CC1,0
Cc1ccc(NC(=O)CCc2ccc3c(c2)C(=O)N(C2CCC(=O)NC2=O)C3=O)cc1Cl,0
N#CN1CCC(c2nc3n(c2C(=O)Nc2ccc(C4CCC(=O)NC4=O)cc2)CCCC3)C1,1
O=C1CCC(CNc2cccc(S(=O)(=O)F)c2)C(=O)N1,1
O=C1CCC(CNc2cccc(OS(=O)(=O)F)c2)C(=O)N1,1
O=C1CCC(CNc2ccccc2)C(=O)N1,0
Cc1ccc(NC(=O)OCc2ccc3c(c2)C(=O)N(C2CCC(=O)NC2=O)C3)cc1Cl,0
O=C1CCC(N2Cc3ccc(COC(=O)Nc4cc(OC(F)(F)F)ccc4F)cc3C2=O)C(=O)N1,0
O=C1CCC(c2ccc(NC(=O)CCc3nc(-c4nnc[nH]4)no3)cc2)C(=O)N1,0
CC1(C(=O)Nc2ccc(C3CCC(=O)NC3=O)cc2)COc2ccccc2O1,0
O=C1CCC(c2ccc(NC(=O)C3COc4ccc(S(=O)(=O)F)cc4O3)cc2)C(=O)N1,1
O=C1CCC(c2ccc(NC(=O)C3COc4cccc(S(=O)(=O)F)c4O3)cc2)C(=O)N1,1
O=C1CCC(NC(=O)c2nc(C3CC3)n(-c3ccccc3)n2)C(=O)N1,0
CCn1ccc(C(=O)Nc2ccc(C3CC(=O)NC(=O)C3)cc2)c1C,0
O=C1CCC(NC(=O)c2cnn(C3CCCC3)c2-c2ccccc2)C(=O)N1,0
N#CN1CCCC(c2cccc(-c3cscc3C(=O)NC3CCC(=O)NC3=O)c2)C1,1
O=C1CCC(N2Cc3cc(-c4ccc5c(c4)C(=O)OCC5)ccc3C2=O)C(=O)N1,0
O=C1CCC(N2Cc3ccc(NC(=O)c4cccc(S(=O)(=O)F)c4)cc3C2=O)C(=O)N1,1
Cc1ccc(C(=O)Nc2ccc3c(c2)C(=O)N(C2CCC(=O)NC2=O)C3)cc1,0
O=C1CCC(N2Cc3ccc(NC(=O)c4ccccc4S(=O)(=O)F)cc3C2=O)C(=O)N1,1
Cc1ccc(-n2nc(C)c3cc(C(=O)NC4CCC(=O)NC4=O)cnc32)cc1,0
Cc1nn(-c2ccccc2)c2ncc(C(=O)NC3CCC(=O)NC3=O)cc12,0
Cc1nn(-c2ccc(F)cc2)c2ncc(C(=O)NC3CCC(=O)NC3=O)cc12,0
N#CN1CCCC(c2ccnc(-c3ccc4c(c3)C(=O)N(C3CCC(=O)NC3=O)C4)c2)C1,1
N#CN1CCC(c2cnccc2-c2ncc(C(=O)NC3CCC(=O)NC3=O)s2)C1,1
N#CN1CCC(c2nc3c(c(-c4ccc5c(c4)CN(C4CCC(=O)NC4=O)C5=O)n2)CCCC3)C1,1
O=C(COc1cccnc1)NCc1cc(C(=O)NC2CCC(=O)NC2=O)on1,0
O=C1CCC(NC(=O)c2ccc3ccc(=O)[nH]c3n2)C(=O)N1,0
O=C1CCC(NC(=O)c2cc3ncc(Br)cc3o2)C(=O)N1,0
O=C1CCC(NC(=O)c2cc3ncc(S(=O)(=O)F)cc3o2)C(=O)N1,1
O=C1CCC(NC(=O)c2cc3nccc(S(=O)(=O)F)c3o2)C(=O)N1,1
CCCOc1ccc(C(=O)NC2CCC(=O)NC2=O)c(OC2CCCC2)c1,0
N#CN1CCC(c2ccccc2-c2nccc(C(=O)NC3CCC(=O)NC3=O)n2)C1,1
O=C1CCC(NC(=O)c2cc3c(S(=O)(=O)F)ccnc3o2)C(=O)N1,1
O=C1CCC(NC(=O)c2cc3cc(Cl)cnc3o2)C(=O)N1,0
O=C1CCC(NC(=O)c2cc3ccc(S(=O)(=O)F)nc3o2)C(=O)N1,1
O=C1CCC(N2CCc3c(N4CCCCC4)cccc32)C(=O)N1,0
CCN1C(=O)C(=CNc2cccc3c2C(=O)NC3=O)C(=O)N(CC)C1=S,1
O=C1CCC(NC(=O)c2cc3c(cn2)[nH]c2ccccc23)C(=O)N1,0
O=C1c2cccc(OCCOCCOCCOCc3ccccc3)c2C(=O)N1C1CCCCC1,0
O=C1CCC(NC(=O)c2cnc3sc(S(=O)(=O)F)nn23)C(=O)N1,1
Cc1nn2c(C(=O)NC3CCC(=O)NC3=O)c(C)nc2s1,0
O=C1CCC(NC(=O)c2cnc3sc(OS(=O)(=O)F)nn23)C(=O)N1,1
O=C(CCCC1CCCO1)NCc1cc(C(=O)NC2CCC(=O)NC2=O)co1,0
Cc1[nH]c(=O)sc1C(=O)NC1CCC(=O)NC1=O,0
O=C1CCC(N2C(=O)c3cccc(-c4ccccc4)c3C2=O)C(=O)N1,0
O=C1CCC(N2C(=O)c3cccc(-c4cccc(OS(=O)(=O)F)c4)c3C2=O)C(=O)N1,1
O=C1CCC(N2C(=O)c3cccc(-c4cccc(S(=O)(=O)F)c4)c3C2=O)C(=O)N1,1
O=C1CCC(NC(=O)c2cc3nccc(-c4ccco4)n3n2)C(=O)N1,0
N#CN1CCC(c2cc(-c3ccc4c(c3)C(=O)N(C3CCC(=O)NC3=O)C4)cc3c2CCC3)C1,1
Cc1nc(-c2cnn(C)c2)oc1C(=O)NC1CCC(=O)NC1=O,0
Cc1cc(CNc2cccc(C3CC(=O)NC(=O)C3)c2)ccc1F,0
CCc1csc(-n2cc(C(=O)NC3CCC(=O)NC3=O)cn2)n1,0
N#CN1CCC(c2cccc(-c3ccc(C(=O)NC4CCC(=O)NC4=O)s3)c2)C1,1
Cn1cc(C(=O)NC2CCC(=O)NC2=O)c(C2CCCNC2)n1,0
N#CN1CCC(c2ccc(-n3cc(C(=O)NC4CCC(=O)NC4=O)ccc3=O)cc2)C1,1
O=C1CCC(NC(=O)c2cc(Br)c3c(c2)C(=O)NCCO3)C(=O)N1,0
CCC1(c2ccc(NCc3nocc3C)cc2)CCC(=O)NC1=O,0
Cc1cc(CC(=O)NCc2ccoc2C(=O)NC2CCC(=O)NC2=O)nn1C,0
N#Cc1c(Cl)nsc1NC1CCC(=O)NC1=O,0
Cc1nsc(N(C)C2CCC(=O)NC2=O)c1C#N,0
N#CN1CCC(c2ccc(-c3scnc3C(=O)NC3CCC(=O)NC3=O)cc2)C1,1
CCn1cc(C(=O)NCc2ccc3c(c2)C(=O)N(C2CCC(=O)NC2=O)C3)cn1,0
CCc1[nH]ncc1C(=O)NCc1ccc2c(c1)C(=O)N(C1CCC(=O)NC1=O)C2,0
Cc1ccc(NC(=O)NCc2cccc3nnn(C4CCC(=O)NC4=O)c(=O)c23)cc1Cl,0
O=C1CCC(NC(=O)c2ccc(S(=O)(=O)N3CCCC3)cc2)C(=O)N1,0
CN(c1ccccc1)C1CCC(=O)NC1=O,0
O=C1CCC(Nc2ccc(F)cc2)C(=O)N1,0
CN(c1cccc(OS(=O)(=O)F)c1)C1CCC(=O)NC1=O,1
Cc1ccccc1NC1CCC(=O)NC1=O,0
CN(c1cccc(S(=O)(=O)F)c1)C1CCC(=O)NC1=O,1
Nc1cccc(NC2CCC(=O)NC2=O)c1,0
N#Cc1ccc(NC2CCC(=O)NC2=O)c(F)c1Cl,0
O=C1CCC(Nc2ccccc2)C(=O)N1,0
CN(c1ccc(S(C)(=O)=O)cc1S(C)(=O)=O)C1CCC(=O)NC1=O,0
O=C1CCC(Nc2cccc(NC(=O)CCl)c2)C(=O)N1,1
Nc1ccc(NC2CCC(=O)NC2=O)cc1,0
Cc1ccc(NC2CCC(=O)NC2=O)c(Cl)c1,0
CC(C)(C)OC(=O)Nc1cccc(NC2CCC(=O)NC2=O)c1,0
Cc1cc(F)ccc1NC1CCC(=O)NC1=O,0
N#CN1CCCC(c2cnccc2-c2ncc(C(=O)NC3CCC(=O)NC3=O)s2)C1,1
O=C1CCC(n2nnc(C3(NC(=O)c4ccccc4)CCCC3)n2)C(=O)N1,0
O=C1CCC(NC(=O)c2c(Br)sc3ccccc23)C(=O)N1,0
O=C1CCC(NC(=O)c2csc3cc(S(=O)(=O)F)ccc23)C(=O)N1,1
O=C1CCC(NC(=O)c2csc3ccc(C(F)(F)F)cc23)C(=O)N1,0
O=C1CCC(NC(=O)c2csc3c(S(=O)(=O)F)cccc23)C(=O)N1,1
O=C1CCC(NC(=O)c2csc3ccc(OS(=O)(=O)F)cc23)C(=O)N1,1
O=C1CCC(NC(=O)c2csc3c(F)cc(F)cc23)C(=O)N1,0
Cc1sc2ccc(F)cc2c1C(=O)NC1CCC(=O)NC1=O,0
COc1cccc2scc(C(=O)NC3CCC(=O)NC3=O)c12,0
O=C1CCC(N2Cc3c(C#CCOCc4ccccc4)cccc3C2=O)C(=O)N1,0
O=C1CCC(Nc2cc(Cl)nc(-c3ccoc3)n2)C(=O)N1,0
O=C1CCC(NC(=O)c2cn(CCC3CCCCN3)nn2)C(=O)N1,0
COc1ccc(-n2ncc(C(=O)NC3CCC(=O)NC3=O)c2C(F)(F)F)nn1,0
N#CN1CCCC(c2nccc(Nc3ccc4c(c3)CN(C3CCC(=O)NC3=O)C4=O)n2)C1,1
COCC(N)(C(=O)Nc1cccc(C2CCC(=O)NC2=O)c1)c1ccccc1,0
O=C1CCC(NC(=O)c2cnc3ncnn3c2O)C(=O)N1,0
N#CN1CCCC(c2cncc(C(=O)Nc3ccc(C4CCC(=O)NC4=O)cc3)c2)C1,1
O=C1CCC(n2nc3ccccc3n2)C(=O)N1,0
N#CN1CCC(c2cccc3c2OCC(Nc2ccc(N4CCC(=O)NC4=O)cc2)C3)C1,1
Cc1c(Cl)nc(CC(C)C)nc1Nc1ccc(C2CCC(=O)NC2=O)cc1,0
CCNC1CCC2CCC1N2c1ccc2c(c1)C(=O)N(C1CCC(=O)NC1=O)C2=O,0
O=C1CCC(NC(=O)c2cn3c4c(cc(S(=O)(=O)F)cc4c2=O)OCC3)C(=O)N1,1
CC1COc2c(F)c(F)cc3c(=O)c(C(=O)NC4CCC(=O)NC4=O)cn1c23,0
N#CN1CCCC(c2ccccc2-c2nc(C(=O)NC3CCC(=O)NC3=O)c3n2CCOC3)C1,1
Cc1c(C(=O)NC2CCC(=O)NC2=O)nn(C)c1C1CC1,0
N#CN1CCCC(c2ccn(-c3cccc(C(=O)NC4CCC(=O)NC4=O)n3)n2)C1,1
N#CN1CCCC(c2cccc(-c3ncc(NC4CCC(=O)NC4=O)o3)c2)C1,1
N#CN1CCCC(c2cccc(-c3cc(C(=O)NC4CCC(=O)NC4=O)no3)c2)C1,1
O=C1CCC(N2Cc3cc(-c4cnn5ccc(NC6CCOCC6)nc45)ccc3C2=O)C(=O)N1,0
N#CN1CCC(c2cc(Cc3cn(C4CCC(=O)NC4=O)nn3)cs2)CC1,1
N#CN1CCCC(c2cc(-c3cccc4c3CN(C3CCC(=O)NC3=O)C4=O)co2)C1,1
N#CN1CCC(c2ccccc2-c2ncc(C(=O)NC3CCC(=O)NC3=O)s2)C1,1
Cc1nn(C)c2[nH]c(C(=O)NC3CCC(=O)NC3=O)cc(=O)c12,0
O=C1CCC(NC(=O)c2cnc(Oc3ccccc3)cn2)C(=O)N1,0
O=C1CCC(c2ccc(NC(=O)C3(C4CCCC4)CCNC3=O)cc2)C(=O)N1,0
O=C1CCC(n2cc(CN3CCCC4(CC4)S3(=O)=O)nn2)C(=O)N1,0
O=C1CCC(N2Cc3cc(C(=O)NC4(C(=O)O)CCC4)ccc3C2=O)C(=O)N1,0
O=C1CCC(N2Cc3cc(C(=O)NC4CC(C(=O)O)C4)ccc3C2=O)C(=O)N1,0
O=C(O)CN(C(=O)c1ccc2c(c1)CN(C1CCC(=O)NC1=O)C2=O)C1CCC1,0
N#CN1CCCC(c2cc(-c3ncc(C(=O)NC4CCC(=O)NC4=O)s3)ccn2)C1,1
N#CN1CCC(c2c(-c3ccc4c(c3)CN(C3CCC(=O)NC3=O)C4=O)ccc3c2CCO3)C1,1
N#CN1CCCC(c2cc(-c3cccc4c3CN(C3CCC(=O)NC3=O)C4=O)[nH]n2)C1,1
O=C1CCC(NC(=O)c2ccc(-c3nc4ccccc4s3)o2)C(=O)N1,0
N#Cc1cccc(NCc2ccc3c(c2)C(=O)N(C2CCC(=O)NC2=O)C3)n1,0
O=C1CCC(N2Cc3cccc(OCc4ccc(CN5CCOCC5)cc4)c3C2)C(=O)N1,0
O=C1CCC(N2C(=O)CC3(CCc4cc(S(=O)(=O)F)ccc43)C2=O)C(=O)N1,1
O=C1CCC(N2C(=O)CC3(CCc4c(OS(=O)(=O)F)cccc43)C2=O)C(=O)N1,1
O=C1CCC(N2C(=O)CC3(CCc4ccc(OS(=O)(=O)F)cc43)C2=O)C(=O)N1,1
O=C1CCC(N2C(=O)CC3(CCc4cc(OS(=O)(=O)F)ccc43)C2=O)C(=O)N1,1
O=C1CCC(CO)(N2C(=O)CC3(CCc4ccccc43)C2=O)C(=O)N1,0
Cc1nn(C2CC2)c(Cl)c1C(=O)NC1CCC(=O)NC1=O,0
O=C1CCC(NC(=O)c2cn(C3CC3)nc2C(F)(F)F)C(=O)N1,0
O=C1CCC(NC(=O)c2cnn(C3CC3)c2Cl)C(=O)N1,0
N#CN1CCCC(c2cccc(-c3cccc(C(=O)NC4CCC(=O)NC4=O)n3)c2)C1,1
O=C1CCC(N2Cc3cc(CNC(=O)C4COc5ccccc5C4)ccc3C2=O)C(=O)N1,0
N#CN1CCCC(c2cc3c(cc2C(=O)Nc2cccc(C4CCC(=O)NC4=O)c2)CCCC3)C1,1
C=CC(=O)Nc1ccc(C(=O)Nc2ccccc2C2CNC(=O)C2)cc1,1
N#CN1CCCC(c2ccc(-c3ccc4c(c3)CN(C3CCC(=O)NC3=O)C4=O)c3c2CCCO3)C1,1
Cc1ccc(C=CCNc2ccc3c(c2)CNC3=O)cn1,0
O=C1CCC(N2Cc3cc(-n4cc(-c5ccn[nH]5)nn4)ccc3C2=O)C(=O)N1,0
CC(Cn1ccnc1)C(=O)NCc1cn[nH]c1C(=O)NC1CCC(=O)NC1=O,0
Nc1ccc(-c2ccc3c(c2)CN(C2CCC(=O)NC2=O)C3=O)nn1,0
O=C1CCC(N2Cc3cc(-c4nnccc4OS(=O)(=O)F)ccc3C2=O)C(=O)N1,1
O=C1CCC(N2Cc3c(ccc(-c4cccnn4)c3S(=O)(=O)F)C2=O)C(=O)N1,1
O=C1CCC(N2Cc3cc(-c4nnccc4S(=O)(=O)F)ccc3C2=O)C(=O)N1,1
O=C1CCC(N2Cc3cc(-c4cc(S(=O)(=O)F)cnn4)ccc3C2=O)C(=O)N1,1
O=C1CCC(N2Cc3cc(-c4cccnn4)c(S(=O)(=O)F)cc3C2=O)C(=O)N1,1
O=C1CCC(N2Cc3cc(-c4ccc(OS(=O)(=O)F)nn4)ccc3C2=O)C(=O)N1,1
O=C1CCC(N2Cc3cc(-c4cc(OS(=O)(=O)F)cnn4)ccc3C2=O)C(=O)N1,1
COc1ccc(-c2ccc3c(c2)CN(C2CCC(=O)NC2=O)C3=O)nn1,0
Cc1noc(-c2cn(CC(=O)Nc3ccc(C4CCC(=O)NC4=O)cc3)cn2)n1,0
Cn1nccc1-c1[nH]nnc1C(=O)NC1CCC(=O)NC1=O,0
C=CC(=O)NCCC1CCCCN1C(=O)CC1NC(=O)c2ccccc21,1
CC(C)c1ccc(-c2cc(F)cc3c2C(=O)NC3)c(F)c1,0
O=C1CCC(Sc2nc3cc(S(=O)(=O)F)ccc3s2)C(=O)N1,1
O=C1CCC(Sc2nc3ccccc3s2)C(=O)N1,0
O=C1CCC(Sc2nc3c(S(=O)(=O)F)cccc3s2)C(=O)N1,1
O=C1CCC(Sc2nc3cccc(S(=O)(=O)F)c3s2)C(=O)N1,1
O=C1CCC(N2Cc3cc(C(=O)N4CCCC4C(=O)O)ccc3C2=O)C(=O)N1,0
CC1CCCN1C(=O)c1ccc2c(c1)CN(C1CCC(=O)NC1=O)C2=O,0
CC1CCC(C(=O)O)N1C(=O)c1ccc2c(c1)CN(C1CCC(=O)NC1=O)C2=O,0
O=C1CCC(N2Cc3cc(C(=O)N4CCCC4)c(S(=O)(=O)F)cc3C2=O)C(=O)N1,1
CC1CN(C(=O)c2ccc3c(c2)CN(C2CCC(=O)NC2=O)C3=O)CC1C(=O)O,0
COc1c(C(=O)Nc2ccc(NC3CCC(=O)NC3=O)cc2)ccc2c1CCC2,0
N#CN1CCC(c2csc(C(=O)Nc3cccc4c3CN(C3CCC(=O)NC3=O)C4=O)c2)C1,1
O=C1CCC(c2ccccn2)C(=O)N1,0
N#CN1CCC(c2c(C(=O)Nc3ccc(C4CCC(=O)NC4=O)cc3)cc[nH]c2=O)C1,1
N#CN1CCC(c2cccc(C(=O)Nc3ccc(C4CCC(=O)NC4=O)cc3)c2)C1,1
O=C1CCC(NC(=O)c2ccsc2-n2cnnn2)C(=O)N1,0
N#CN1CCC(c2cnc3c(c2)N(C(=O)c2ccc(N4CCC(=O)NC4=O)cc2)CC32CCOC2)C1,1
Cc1noc(COc2ccc(C(=O)NC3CCC(=O)NC3=O)cn2)n1,0
COc1c(F)cc(F)c(C(=O)NC2CCC(=O)NC2=O)c1Br,0
C=C(F)C(=O)NCc1cccc(C(=O)NC2CCC(=O)NC2=O)c1,1
CNc1ccccc1C(=O)NC1CCC(=O)NC1=O,0
CN(CC(C)(C)C)C(=O)c1cccc(C(=O)NC2CCC(=O)NC2=O)c1,0
O=C1CCC(NC(=O)c2ccc(C(F)(F)F)cc2)C(=O)N1,0
CCOc1ccc(C(=O)NC2CCC(=O)NC2=O)cc1,0
CCCCOc1ccc(C(=O)NC2CCC(=O)NC2=O)c(F)c1,0
CCOc1cccc(C(=O)NC2CCC(=O)NC2=O)c1,0
O=C1CCC(NC(=O)c2ccc(Br)cc2)C(=O)N1,0
CCOc1cc(C(=O)NC2CCC(=O)NC2=O)cc(OCC)c1OCC,0
CC(C)(C)c1ccc(C(=O)NC2CCC(=O)NC2=O)cc1,0
O=C1CCC(NC(=O)c2cc(Cl)cc(Cl)c2OC(F)F)C(=O)N1,0
O=C1CCC(NC(=O)c2cccc(C(F)(F)F)c2)C(=O)N1,0
CC(C)c1cccc(F)c1C(=O)NC1CCC(=O)NC1=O,0
O=C1CCC(NC(=O)c2cc(F)cc(F)c2)C(=O)N1,0
CCCCNc1ccc(C(=O)NC2CCC(=O)NC2=O)c(OC)c1,0
Nc1ccc(C(=O)NC2CCC(=O)NC2=O)c(F)c1,0
NCc1cccc(C(=O)NC2CCC(=O)NC2=O)c1,0
COc1cccc(OC)c1C(=O)NC1CCC(=O)NC1=O,0
O=C1CCC(NC(=O)c2ccc([N+](=O)[O-])cc2)C(=O)N1,0
O=C1CCC(NC(=O)c2cc(F)ccc2F)C(=O)N1,0
CS(=O)(=O)c1ccccc1C(=O)NC1CCC(=O)NC1=O,0
COc1ccc(S(N)(=O)=O)c(OC)c1C(=O)NC1CCC(=O)NC1=O,0
C=CC(=O)NCc1cccc(C(=O)NC2CCC(=O)NC2=O)c1,1
CCN(CC)S(=O)(=O)c1ccc(C(=O)NC2CCC(=O)NC2=O)cc1,0
COc1cc(C(=O)NC2CCC(=O)NC2=O)cc(OC)c1C,0
Nc1ccc(C(=O)NC2CCC(=O)NC2=O)c(C(F)(F)F)c1,0
O=C1CCC(NC(=O)c2ccccc2[N+](=O)[O-])C(=O)N1,0
O=C1CCC(NC(=O)c2cccc(S(=O)(=O)F)c2)C(=O)N1,1
O=C1CCC(NC(=O)c2cccc(F)c2F)C(=O)N1,0
COc1cc(OC)c(C(=O)NC2CCC(=O)NC2=O)c(OC(F)F)c1,0
NS(=O)(=O)c1cc(F)c(Cl)c(C(=O)NC2CCC(=O)NC2=O)c1,0
COc1c(N)c(F)cc(C(=O)NC2CCC(=O)NC2=O)c1F,0
CCS(=O)(=O)c1ccc(C(=O)NC2CCC(=O)NC2=O)cc1,0
COCc1cc(Cl)cc(C(=O)NC2CCC(=O)NC2=O)c1,0
O=C1CCC(NC(=O)c2ccccc2)C(=O)N1,0
O=C1CCC(NC(=O)c2ccccc2Cl)C(=O)N1,0
COc1c(Br)cccc1C(=O)NC1CCC(=O)NC1=O,0
CN(C)c1cccc(C(=O)NC2CCC(=O)NC2=O)c1,0
CCCS(=O)(=O)c1ccccc1C(=O)NC1CCC(=O)NC1=O,0
COc1cc(C(=O)NC2CCC(=O)NC2=O)c([N+](=O)[O-])cc1OC,0
Cc1c(Cl)cccc1C(=O)NC1CCC(=O)NC1=O,0
COc1cc(C(=O)NC2CCC(=O)NC2=O)cc(OC)c1OC,0
O=C1CCC(NC(=O)c2ccc(OC(F)(F)F)c(C(F)F)c2)C(=O)N1,0
CS(=O)(=O)c1c(Br)cccc1C(=O)NC1CCC(=O)NC1=O,0
Nc1ccc(C(=O)NC2CCC(=O)NC2=O)c(O)c1,0
Nc1cccc(C(=O)NC2CCC(=O)NC2=O)c1F,0
COc1ccc(OCC(F)(F)C(F)F)c(C(=O)NC2CCC(=O)NC2=O)c1,0
O=C1CCC(NC(=O)c2ccc([N+](=O)[O-])cc2F)C(=O)N1,0
Nc1cc(OC(F)F)cc(C(=O)NC2CCC(=O)NC2=O)c1,0
N#CCS(=O)c1ccc(C(=O)NC2CCC(=O)NC2=O)cc1,0
COc1cc(Cl)c(Cl)cc1C(=O)NC1CCC(=O)NC1=O,0
CCCCNc1ccc(C(=O)NC2CCC(=O)NC2=O)c(F)c1,0
COC(=O)c1cccc(C(=O)NC2CCC(=O)NC2=O)c1,0
Cc1cc(F)cc(Cl)c1C(=O)NC1CCC(=O)NC1=O,0
N#Cc1c(F)c(F)cc(C(=O)NC2CCC(=O)NC2=O)c1F,0
O=C1CCC(NC(=O)c2ccc(Cl)c([N+](=O)[O-])c2)C(=O)N1,0
CCCS(=O)(=O)c1ccc(C(=O)NC2CCC(=O)NC2=O)cc1,0
COCCOCc1cc(C(=O)NC2CCC(=O)NC2=O)ccc1F,0
Nc1ccccc1C(=O)NC1CCC(=O)NC1=O,0
COc1ccc(F)c(C(=O)NC2CCC(=O)NC2=O)c1C#N,0
CCOCCS(=O)(=O)N(C)c1ccccc1C(=O)NC1CCC(=O)NC1=O,0
O=C1CCC(NC(=O)c2ccccc2Br)C(=O)N1,0
CS(=O)(=O)c1ccc(C(=O)NC2CCC(=O)NC2=O)cc1,0
CN1C(=O)CCC(NC(=O)c2cccc(O)c2F)C1=O,0
COc1ccc(Cl)cc1C(=O)NC1CCC(=O)NC1=O,0
Cc1cc(NS(=O)(=O)C(F)(F)F)ccc1C(=O)NC1CCC(=O)NC1=O,0
O=C1CCC(NC(=O)c2cccc(Br)c2)C(=O)N1,0
CN(C)c1ccc(C(=O)NC2CCC(=O)NC2=O)cc1,0
Nc1ccc(C(=O)NC2CCC(=O)NC2=O)c(Cl)c1,0
CC(C)c1ccc(C(=O)NC2CCC(=O)NC2=O)cc1,0
O=C1CCC(NC(=O)c2ccc(F)c(F)c2)C(=O)N1,0
CCCSc1ccc(C(=O)NC2CCC(=O)NC2=O)cc1,0
Nc1c(Br)ccc(Cl)c1C(=O)NC1CCC(=O)NC1=O,0
CC(C)COc1cccc(C(=O)NC2CCC(=O)NC2=O)c1,0
Nc1cc(OC(F)(F)F)ccc1C(=O)NC1CCC(=O)NC1=O,0
CCS(=O)(=O)c1ccccc1C(=O)NC1CCC(=O)NC1=O,0
COc1cccc(NC(=O)C(C)(C)C)c1C(=O)NC1CCC(=O)NC1=O,0
COc1cc(OC)cc(C(=O)NC2CCC(=O)NC2=O)c1,0
Cc1c([N+](=O)[O-])cc(C(=O)NC2CCC(=O)NC2=O)cc1[N+](=O)[O-],0
O=C1CCC(NC(=O)c2ccc(S(=O)(=O)F)cc2)C(=O)N1,1
O=C1CCC(NC(=O)c2cccc([N+](=O)[O-])c2)C(=O)N1,0
Nc1cccc(F)c1C(=O)NC1CCC(=O)NC1=O,0
O=C1CCC(NC(=O)c2cccc(F)c2)C(=O)N1,0
N#Cc1cccc(C(=O)NC2CCC(=O)NC2=O)c1,0
CCNc1ccc(Cl)cc1C(=O)NC1CCC(=O)NC1=O,0
CC(C)Oc1cc(C(=O)NC2CCC(=O)NC2=O)ccc1Br,0
CCOc1ccc(Br)c(C(=O)NC2CCC(=O)NC2=O)c1F,0
Cc1c(C(=O)NC2CCC(=O)NC2=O)cc([N+](=O)[O-])cc1[N+](=O)[O-],0
O=C1CCC(NC(=O)c2cc(OCC(F)F)cc(C(F)(F)F)c2)C(=O)N1,0
CCCCNc1c(F)cc(C(=O)NC2CCC(=O)NC2=O)c(F)c1OC,0
CNC(=O)Nc1cccc(C(=O)NC2CCC(=O)NC2=O)c1F,0
O=C(CCl)NCc1cccc(C(=O)NC2CCC(=O)NC2=O)c1,1
Cc1cc(Br)ccc1C(=O)NC1CCC(=O)NC1=O,0
CN1C(=O)CCC(NC(=O)c2ccccc2C(F)F)C1=O,0
CC(C)Oc1ccc(S(C)(=O)=O)cc1C(=O)NC1CCC(=O)NC1=O,0
Nc1cccc(C(=O)NC2CCC(=O)NC2=O)c1,0
O=C1CCC(NC(=O)c2ccc(Cl)cc2)C(=O)N1,0
Cc1ccc(C(=O)NC2CCC(=O)NC2=O)cc1,0
CN(C)S(=O)(=O)c1ccc(C(=O)NC2CCC(=O)NC2=O)cc1,0
O=C1CCC(NC(=O)c2ccccc2S(=O)C(F)(F)F)C(=O)N1,0
COc1ccccc1C(=O)NC1CCC(=O)NC1=O,0
CC(C)COc1ccc(C(=O)NC2CCC(=O)NC2=O)cc1,0
CCSc1ccccc1C(=O)NC1CCC(=O)NC1=O,0
O=C1CCC(NC(=O)c2cc(F)c(F)c(F)c2F)C(=O)N1,0
Cc1ccccc1C(=O)NC1CCC(=O)NC1=O,0
O=C1CCC(NC(=O)c2ccccc2C(F)(F)F)C(=O)N1,0
Cc1cc(C(=O)NC2CCC(=O)NC2=O)ccc1NC(=O)CC(C)C,0
CC(C)(C)c1cc(C(=O)NC2CCC(=O)NC2=O)c(O)c(C(C)(C)C)c1,0
Cc1cc(N)ccc1C(=O)NC1CCC(=O)NC1=O,0
COCCCOc1cccc(C(=O)NC2CCC(=O)NC2=O)c1C,0
CNC(=O)Cc1ccc(Cl)c(C(=O)NC2CCC(=O)NC2=O)c1,0
O=C1CCC(NC(=O)c2cccc(Cl)c2)C(=O)N1,0
O=C1CCC(NC(=O)c2cccc([N+](=O)[O-])c2F)C(=O)N1,0
CC(C)c1ccc(C(=O)NC2CCC(=O)NC2=O)c(C(C)C)c1,0
COc1ccc(C(=O)NC2CCC(=O)NC2=O)cc1,0
O=C1CCC(NC(=O)c2ccccc2I)C(=O)N1,0
CCCCN(C)c1ccc(C(F)(F)F)cc1C(=O)NC1CCC(=O)NC1=O,0
Cc1c(C(=O)NC2CCC(=O)NC2=O)cccc1[N+](=O)[O-],0
COc1cc(N)ccc1C(=O)NC1CCC(=O)NC1=O,0
CC(c1cccc(C(=O)NC2CCC(=O)NC2=O)c1)S(N)(=O)=O,0
CSc1ccccc1C(=O)NC1CCC(=O)NC1=O,0
O=C1CCC(NC(=O)c2c(F)cccc2[N+](=O)[O-])C(=O)N1,0
COc1cccc(C(=O)NC2CCC(=O)NC2=O)c1,0
Nc1ccc(C(=O)NC2CCC(=O)NC2=O)cc1,0
CCCCNC(=O)CNc1ccc(C(=O)NC2CCC(=O)NC2=O)c(F)c1,0
N#CN1CCC(c2cnccc2-c2ccc(C(=O)NC3CCC(=O)NC3=O)s2)C1,1
O=C1CCC(NC(=O)c2ccnc3cc(OS(=O)(=O)F)nn23)C(=O)N1,1
O=C1CCC(NC(=O)c2ccnc3c(S(=O)(=O)F)cnn23)C(=O)N1,1
Cc1cc(C(=O)NC2CCC(=O)NC2=O)n2nc(C(F)(F)F)cc2n1,0
N#CN1CCCC(c2ccccc2-c2cc(C(=O)NC3CCC(=O)NC3=O)n[nH]2)C1,1
O=C1CCC(N2Cc3cc(-c4[nH]ncc4OS(=O)(=O)F)ccc3C2=O)C(=O)N1,1
O=C1CCC(N2Cc3c(ccc(-c4ccn[nH]4)c3S(=O)(=O)F)C2=O)C(=O)N1,1
CC(C)n1nccc1-c1ccc2c(c1)CN(C1CCC(=O)NC1=O)C2=O,0
O=C1CCC(N2Cc3cc(-c4[nH]ncc4S(=O)(=O)F)ccc3C2=O)C(=O)N1,1
CCCn1nccc1-c1ccc2c(c1)CN(C1CCC(=O)NC1=O)C2=O,0
O=C1CCC(N2Cc3cc(-c4cc(OS(=O)(=O)F)n[nH]4)ccc3C2=O)C(=O)N1,1
O=C1CCC(N2Cc3cc(-c4ccn[nH]4)c(S(=O)(=O)F)cc3C2=O)C(=O)N1,1
N#CN1CCCC(c2ccc3c(c2)N=C(C(=O)Nc2cccc(C4CCC(=O)NC4=O)c2)C3)C1,1
NC1CCCC(CNC(=O)c2ccc3c(c2)C(=O)N(C2CCC(=O)NC2=O)C3)C1,0
O=C1CCC(NC(=O)c2scc3c2CCCC3)C(=O)N1,0
O=C1CCC(NC(=O)c2sc(S(=O)(=O)F)c3c2CCCC3)C(=O)N1,1
Cn1cc(Nc2ccc(C(=O)NC3CCC(=O)NC3=O)nn2)cn1,0
CCCn1nc(C(=O)NC2CCC(=O)NC2=O)ccc1=O,0
COCCCn1nc(C(=O)NC2CCC(=O)NC2=O)ccc1=O,0
Cn1nnc2c1NC(C(=O)Nc1ccc(NC3CCC(=O)NC3=O)cc1)CC2,0
O=C1CCC(NC(=O)c2c(O)nc(=O)n3c2CCC3)C(=O)N1,0
N#CN1CCCC(c2ncoc2C(=O)Nc2ccc(C3CCC(=O)NC3=O)cc2)C1,1
Cc1ccc2c(c1)C=C(C(=O)NCc1ccc3c(c1)CN(C1CCC(=O)NC1=O)C3=O)CO2,0
O=C1CCC(N2Cc3cc(CNC(=O)C4=Cc5cccc(C(F)(F)F)c5OC4)ccc3C2=O)C(=O)N1,0
Cc1cccc2c1C=C(C(=O)NCc1ccc3c(c1)CN(C1CCC(=O)NC1=O)C3=O)CO2,0
Cc1cc2c(cc1Cl)C=C(C(=O)NCc1ccc3c(c1)CN(C1CCC(=O)NC1=O)C3=O)CO2,0
O=C1CCC(N2Cc3cc(CNC(=O)C4=Cc5ccccc5OC4)ccc3C2=O)C(=O)N1,0
O=C1CCC(N2Cc3cc(CNC(=O)C4=Cc5cc(F)c(F)cc5OC4)ccc3C2=O)C(=O)N1,0
COc1cccc2c1C=C(C(=O)NCc1ccc3c(c1)CN(C1CCC(=O)NC1=O)C3=O)CO2,0
O=C1CCC(N2Cc3cc(CNC(=O)C4=Cc5cc(F)cc(F)c5OC4)ccc3C2=O)C(=O)N1,0
O=C1CCC(N2Cc3cc(CNC(=O)C4=Cc5c(F)cccc5OC4)ccc3C2=O)C(=O)N1,0
O=C1CCC(N2Cc3cc(CNC(=O)C4=Cc5ccc(F)cc5OC4)ccc3C2=O)C(=O)N1,0
CC(C)(C)c1ccc2c(c1)C=C(C(=O)NCc1ccc3c(c1)CN(C1CCC(=O)NC1=O)C3=O)CO2,0
O=C1CCC(N2Cc3cc(CNC(=O)C4=Cc5cc(Cl)ccc5OC4)ccc3C2=O)C(=O)N1,0
O=C1CCC(N2Cc3cc(CNC(=O)C4=Cc5cc(F)ccc5OC4)ccc3C2=O)C(=O)N1,0
COc1cccc2c1OCC(C(=O)NCc1ccc3c(c1)CN(C1CCC(=O)NC1=O)C3=O)=C2,0
COc1ccc2c(c1)C=C(C(=O)NCc1ccc3c(c1)CN(C1CCC(=O)NC1=O)C3=O)CO2,0
O=C1CCC(N2Cc3cc(CNC(=O)C4=Cc5cccc(F)c5OC4)ccc3C2=O)C(=O)N1,0
Cc1cccc2c1OCC(C(=O)NCc1ccc3c(c1)CN(C1CCC(=O)NC1=O)C3=O)=C2,0
N#CN1CCCC(c2cnn(-c3ccnc(C(=O)NC4CCC(=O)NC4=O)n3)c2)C1,1
Cn1ncc2ncnc(-c3ccc4c(c3)CN(C3CCC(=O)NC3=O)C4=O)c21,0
O=C1CCC(NC(=O)c2cc3cccc(OS(=O)(=O)F)n3n2)C(=O)N1,1
O=C1CCC(NC(=O)c2cc3c(S(=O)(=O)F)cccn3n2)C(=O)N1,1
O=C1CCC(NC(=O)c2cc3cc(Cl)ccn3n2)C(=O)N1,0
O=C1CCC(NC(=O)c2cc3cccc(S(=O)(=O)F)n3n2)C(=O)N1,1
O=C1CCC(NC(=O)c2cc3ccc(S(=O)(=O)F)cn3n2)C(=O)N1,1
Cc1cccn2nc(C(=O)NC3CCC(=O)NC3=O)cc12,0
O=C1CCC(Nc2ncnc3c2nnn3C2CC2)C(=O)N1,0
N#CN1CCCC(c2cccc(-c3scnc3C(=O)NC3CCC(=O)NC3=O)c2)C1,1
N#CN1CCC(c2ncc(-c3cccc(C(=O)NC4CCC(=O)NC4=O)c3)o2)CC1,1
O=C1CCC(NC(=O)c2ccncc2-c2ccccc2)C(=O)N1,0
COc1ccc(-c2cc3ncnc(NC4CCC(=O)NC4=O)c3s2)cc1,0
N#CN1CCC(c2cc(Nc3cccc4c3CN(C3CCC(=O)NC3=O)C4=O)ncn2)C1,1
O=C1NCc2cccc(OCC3(C4CCCCO4)CC3)c21,0
COc1c(-c2ccc3cc(NS(C)(=O)=O)ccc3c2)cc(-n2ccc(=O)[nH]c2=O)cc1C(C)(C)C,0
COc1c[nH]c(C(=O)NC2CCC(=O)NC2=O)cc1=O,0
O=C1CCC(c2ccc(NC(=O)CC3OCCc4ccsc43)cc2)C(=O)N1,0
Cc1ccc(CNc2cccc3c2CN(C)N(C2CCC(=O)NC2=O)C3=O)cc1,0
O=C1CCC(N2Cc3c(Nc4ccnc(NC56CC7CC(CC(C7)C5)C6)n4)cccc3C2=O)C(=O)N1,0
O=C1CCC(NC(=O)c2cc(N3CCOC3=O)ccc2F)C(=O)N1,0
O=C(O)CCC(=O)NCc1ccc(COC(=O)NC2CCC(=O)NC2=O)cc1,0
[NH3+]Cc1ccc(COC(=O)NC2CCC(=O)NC2=O)cc1,0
O=C1CCC(N2Cc3ccc(-c4nc5c(s4)CCCC5)cc3C2=O)C(=O)N1,0
N#CN1CCCC(c2nc3n(c2C(=O)Nc2ccc(C4CCC(=O)NC4=O)cc2)CCCC3)C1,1
O=C1CCC(NC(=O)c2cc(-c3cccc4[nH]ccc34)no2)C(=O)N1,0
O=C1CCC(Nc2nc3cc(S(=O)(=O)F)ccc3s2)C(=O)N1,1
O=C1CCC(Nc2nc3ccc(F)cc3s2)C(=O)N1,0
O=C1CCC(Nc2nc3cccc(OC(F)F)c3s2)C(=O)N1,0
O=C1CCC(Nc2nc3c(S(=O)(=O)F)cccc3s2)C(=O)N1,1
O=C1CCC(Nc2nc3ccccc3s2)C(=O)N1,0
NC(=O)c1cc(NC2CCC(=O)NC2=O)nc(C2CC2)n1,0
CN(c1cc(C#N)nc(C2CC2)n1)C1CCC(=O)NC1=O,0
COc1ccc2c(c1)OCC(NC(=O)c1cccc(N3CCC(=O)NC3=O)c1)C2,0
O=C1CCN(c2cccc(C(=O)NC3COc4cc(S(=O)(=O)F)ccc4C3)c2)C(=O)N1,1
O=C1CCN(c2cccc(C(=O)NC3COc4c(cccc4S(=O)(=O)F)C3)c2)C(=O)N1,1
N#CN1CCCC(c2cn(-c3ccc4c(c3)C(=O)N(C3CCC(=O)NC3=O)C4)nn2)C1,1
O=C1CCC(NC(=O)c2ccc(-c3cn[nH]c3)nn2)C(=O)N1,0
N#CN1CCC(c2cccc(-c3cccnc3C(=O)NC3CCC(=O)NC3=O)n2)C1,1
O=C1CCC(NC(=O)c2nc3c(S(=O)(=O)F)cccc3o2)C(=O)N1,1
O=C1CCC(NC(=O)c2nc3cccc(S(=O)(=O)F)c3o2)C(=O)N1,1
Cc1cccc2oc(C(=O)NC3CCC(=O)NC3=O)nc12,0
O=C1CCC(NC(=O)c2nc3ccc(S(=O)(=O)F)cc3o2)C(=O)N1,1
O=C1CCC(NC(=O)c2nc3cccc(OS(=O)(=O)F)c3o2)C(=O)N1,1
O=C1CCC(NC(=O)c2nc3cc(S(=O)(=O)F)ccc3o2)C(=O)N1,1
O=C1CCC(NC(=O)c2nc3c(OS(=O)(=O)F)cccc3o2)C(=O)N1,1
O=C1CCC(NC(=O)c2ccc(-c3ccccc3)cc2)C(=O)N1,0
O=C1CCC(NC(=O)c2cc3n(n2)CCCNC3)C(=O)N1,0
Cc1oc2[nH]c(=O)n(-c3ccccc3)c(=O)c2c1C(=O)NC1CCC(=O)NC1=O,0
O=C1CCC(NC(=O)c2[nH]ncc2CNC(=O)c2cn3c(n2)CCC3)C(=O)N1,0
Cc1[nH]c(=O)c(C(=O)NC2CCC(=O)NC2=O)cc1-c1ccc(O)cc1,0
O=C1CCC(c2ccc(NC(=O)c3csc4nc[nH]c(=O)c34)cc2)C(=O)N1,0
Cc1nnc2sc(C(=O)NC3CCC(=O)NC3=O)c(N)c2c1C,0
O=C1CCC(NC(=O)c2cc3cc(S(=O)(=O)F)nnc3s2)C(=O)N1,1
O=C1CCC(NC(=O)c2cc3c(S(=O)(=O)F)cnnc3s2)C(=O)N1,1
O=C1CCC(Nc2ncnc3cc(S(=O)(=O)F)cnc23)C(=O)N1,1
COc1cnc2c(N(C)C3CCC(=O)NC3=O)ncnc2c1,0
CC(c1ccc(C(=O)NC2CCC(=O)NC2=O)o1)N1CCCCC1,0
N#CN1CCC(c2cnnn2-c2ccc3c(c2)C(=O)N(C2CCC(=O)NC2=O)C3)C1,1
O=C1CCC(NC(=O)c2ccc(-c3ccccc3)cn2)C(=O)N1,0
O=C1CCC(N2Cc3cc(-c4cn[nH]n4)c(S(=O)(=O)F)cc3C2=O)C(=O)N1,1
O=C1CCC(N2Cc3cc(-c4n[nH]nc4OS(=O)(=O)F)ccc3C2=O)C(=O)N1,1
Cn1ncc(-c2ccc3c(c2)CN(C2CCC(=O)NC2=O)C3=O)n1,0
O=C1CCC(N2Cc3cc(-c4n[nH]nc4S(=O)(=O)F)ccc3C2=O)C(=O)N1,1
O=C1CCC(NC(=O)c2cn(Cc3ccccc3)nc2-c2cccnc2)C(=O)N1,0
COc1cccc(-c2cc(C(=O)NC3CCC(=O)NC3=O)c(C)o2)c1,0
O=C1CCC(NC(=O)c2ccc3nc(S(=O)(=O)F)nn3c2)C(=O)N1,1
CCc1nc2ccc(C(=O)NC3CCC(=O)NC3=O)cn2n1,0
O=C1CCC(NC(=O)c2cc(S(=O)(=O)F)c3ncnn3c2)C(=O)N1,1
NCc1ccc(C(=O)NC2CCC(=O)NC2=O)c(C2CC2)n1,0
N#CN1CCCC(c2conc2NC(=O)Nc2ccc(C3CC(=O)NC(=O)C3)cc2)C1,1
O=C1CCC(c2cccc(NC(=O)c3ccc4c(c3F)NC(=O)CO4)c2)C(=O)N1,0
O=C1CCC(Nc2ccc(NC(=O)C3CNCc4ccnn4C3)cc2)C(=O)N1,0
O=C1CCC(N2Cc3ccc(Nc4ncnc5ccccc45)cc3C2=O)C(=O)N1,0
Cc1nc(C(=O)Nc2cccc(NC3CCC(=O)NC3=O)c2)nn1-c1nnc[nH]1,0
Cc1cn2cc(C(=O)NC3CCC(=O)NC3=O)sc2n1,0
O=C1CCC(NC(=O)c2cn3c(S(=O)(=O)F)cnc3s2)C(=O)N1,1
COCc1nc(OC)c2c(C)c(C(=O)NC3CCC(=O)NC3=O)sc2n1,0
Cc1c(C(=O)NC2CCC(=O)NC2=O)sc2ncncc12,0
O=C1CCC(NC(=O)c2coc(CNC(=O)c3ccnc4cc[nH]c34)c2)C(=O)N1,0
O=C1CCC(NC(=O)c2csc3nccn23)C(=O)N1,0
O=C1CCC(NC(=O)c2csc3nc(OS(=O)(=O)F)cn23)C(=O)N1,1
O=C1CCC(NC(=O)c2cc3c(s2)CCCCCC3)C(=O)N1,0
N#CN1CCC(c2cncnc2Nc2ccc3c(c2)CN(C2CCC(=O)NC2=O)C3=O)CC1,1
N#CN1CCC(c2ccc(-c3cn(C4CCC(=O)NC4=O)nn3)c3ncccc23)C1,1
N#CN1CCC(c2cccc(-n3nc(C(=O)NC4CCC(=O)NC4=O)c4c3CCC4)c2)C1,1
O=C1CCC(NC(=O)c2cccc(CNC(=O)C34CC3C4)c2)C(=O)N1,0
O=C1CCC(NC(=O)c2n[nH]c3nccc(Cl)c23)C(=O)N1,0
Cc1cnc2[nH]nc(C(=O)NC3CCC(=O)NC3=O)c2c1,0
Cn1nc(C(=O)NC2CCC(=O)NC2=O)c2cc(S(C)(=O)=O)cnc21,0
N#CN1CCC(c2ccc(-n3cncc3C(=O)NC3CCC(=O)NC3=O)cc2)C1,1
N#CN1CCC(c2ccccc2-n2nc(C(=O)NC3CCC(=O)NC3=O)ccc2=O)C1,1
NCC1CCC(NC(=O)c2ccc3c(c2)CN(C2CCC(=O)NC2=O)C3=O)CC1,0
O=C1CCC(NC(=O)c2cc(N3CCNC3=O)c(F)cc2F)C(=O)N1,0
CC1(C)CN(C(=O)c2ccc3c(c2)C(=O)N(C2CCC(=O)NC2=O)C3=O)C1(C)C,0
COc1c(C=O)cccc1-c1cccc2c1CN(C1CCC(=O)NC1=O)C2=O,0
CN(C)c1ccc(-c2cccc3c2CN(C2CCC(=O)NC2=O)C3=O)cc1,0
O=C1CCC(N2Cc3c(cccc3-c3ccc(CO)cc3)C2=O)C(=O)N1,0
Nc1cccc(-c2cccc3c2CN(C2CCC(=O)NC2=O)C3=O)c1,0
CCOc1ccc(-c2cccc3c2CN(C2CCC(=O)NC2=O)C3=O)cc1,0
CC(=O)c1ccccc1-c1cccc2c1CN(C1CCC(=O)NC1=O)C2=O,0
CC(C)c1cccc(-c2cccc3c2CN(C2CCC(=O)NC2=O)C3=O)c1,0
CS(=O)(=O)c1cccc(-c2cccc3c2CN(C2CCC(=O)NC2=O)C3=O)c1,0
CCCCNC(=O)c1ccc(-c2cccc3c2CN(C2CCC(=O)NC2=O)C3=O)cc1,0
CCOc1ccc(-c2cccc3c2CN(C2CCC(=O)NC2=O)C3=O)cc1N,0
CCc1cccc(-c2cccc3c2CN(C2CCC(=O)NC2=O)C3=O)c1,0
CC(=O)c1ccc(-c2cccc3c2CN(C2CCC(=O)NC2=O)C3=O)cc1,0
CNc1ccccc1-c1cccc2c1CN(C1CCC(=O)NC1=O)C2=O,0
CCCCNC(=O)c1cccc(-c2cccc3c2CN(C2CCC(=O)NC2=O)C3=O)c1,0
O=C1CCC(N2Cc3c(cccc3-c3ccc(F)cc3)C2=O)C(=O)N1,0
O=C1CCC(N2Cc3c(cc(S(=O)(=O)F)cc3-c3ccccc3)C2=O)C(=O)N1,1
COc1cc(Cl)ccc1-c1cccc2c1CN(C1CCC(=O)NC1=O)C2=O,0
CCOc1cccc(-c2cccc3c2CN(C2CCC(=O)NC2=O)C3=O)c1,0
O=C1CCC(N2Cc3c(cccc3-c3cccc(C(F)(F)F)c3)C2=O)C(=O)N1,0
COc1ccc(-c2cccc3c2CN(C2CCC(=O)NC2=O)C3=O)cc1,0
O=C1CCC(N2Cc3c(cccc3-c3cccc(S(=O)(=O)F)c3)C2=O)C(=O)N1,1
N#Cc1ccccc1-c1cccc2c1CN(C1CCC(=O)NC1=O)C2=O,0
O=C1CCC(N2Cc3c(cccc3-c3cccc(OS(=O)(=O)F)c3)C2=O)C(=O)N1,1
CC(C)(C)OC(=O)NCCOc1ccc(-c2cccc3c2CN(C2CCC(=O)NC2=O)C3=O)cc1,0
COC(=O)c1ccc(-c2cccc3c2CN(C2CCC(=O)NC2=O)C3=O)cc1,0
O=C1CCC(N2Cc3c(cccc3-c3ccc(C(F)F)cc3)C2=O)C(=O)N1,0
O=C1CCC(N2Cc3c(ccc(S(=O)(=O)F)c3-c3ccccc3)C2=O)C(=O)N1,1
CC(C)(C)OC(=O)COc1ccc(-c2cccc3c2CN(C2CCC(=O)NC2=O)C3=O)cc1,0
O=C1CCC(N2Cc3c(cccc3-c3cccc(O)c3)C2=O)C(=O)N1,0
O=Cc1ccc(-c2cccc3c2CN(C2CCC(=O)NC2=O)C3=O)cc1,0
CCc1ccc(-c2cccc3c2CN(C2CCC(=O)NC2=O)C3=O)cc1C(=O)O,0
NCc1cccc(-c2cccc3c2CN(C2CCC(=O)NC2=O)C3=O)c1,0
Nc1ccccc1-c1cccc2c1CN(C1CCC(=O)NC1=O)C2=O,0
Cc1ccccc1-c1cccc2c1CN(C1CCC(=O)NC1=O)C2=O,0
NCCc1cccc(-c2cccc3c2CN(C2CCC(=O)NC2=O)C3=O)c1,0
O=C1CCC(N2Cc3c(cccc3-c3ccccc3)C2=O)C(=O)N1,0
CC(C)(C)OC(=O)NCCOc1cccc(-c2cccc3c2CN(C2CCC(=O)NC2=O)C3=O)c1,0
Cc1cc(C(=O)O)cc(-c2cccc3c2CN(C2CCC(=O)NC2=O)C3=O)c1,0
O=C1CCC(N2Cc3c(cccc3-c3ccccc3F)C2=O)C(=O)N1,0
CCC(=O)c1ccc(-c2cccc3c2CN(C2CCC(=O)NC2=O)C3=O)cc1,0
CC(C)(C)OC(=O)COc1ccccc1-c1cccc2c1CN(C1CCC(=O)NC1=O)C2=O,0
O=C1CCC(N2Cc3c(cccc3-c3ccc(OS(=O)(=O)F)cc3)C2=O)C(=O)N1,1
CC(C)Oc1ccccc1-c1cccc2c1CN(C1CCC(=O)NC1=O)C2=O,0
O=C1CCC(N2Cc3c(cccc3-c3cccc(C(O)CF)c3)C2=O)C(=O)N1,0
CC(C)(C)OC(=O)COc1cccc(-c2cccc3c2CN(C2CCC(=O)NC2=O)C3=O)c1,0
CN(C)c1ccccc1-c1cccc2c1CN(C1CCC(=O)NC1=O)C2=O,0
O=C1CCC(N2Cc3cc(S(=O)(=O)F)ccc3OC3(CCOCC3)C2)C(=O)N1,1
O=C1CCC(N2Cc3ccc(S(=O)(=O)F)cc3OC3(CCOCC3)C2)C(=O)N1,1
O=C1CCC(N2Cc3ccccc3OC3(CCOCC3)C2)C(=O)N1,0
O=C1CCC(N2Cc3cccc(S(=O)(=O)F)c3OC3(CCOCC3)C2)C(=O)N1,1
CN1C(=O)C(C)(C)c2cc(C(=O)NC3CCC(=O)NC3=O)ccc21,0
CC1(C)C(=O)Nc2ccc(C(=O)NC3CCC(=O)NC3=O)cc21,0
O=C1CCC(NC(=O)c2cc3c(cc2Cl)NC(=O)C3)C(=O)N1,0
N#CN1CCC(c2ccc(-c3cccc4c3CN(C3CCC(=O)NC3=O)C4=O)c3c2C(=O)CC3)C1,1
CCC1(NC(=O)c2ccc(-c3ccncc3)nc2)CCC(=O)NC1=O,0
O=C1CCC(N2Cc3cc(-c4cn5c(n4)CCC5)ccc3C2=O)C(=O)N1,0
O=C1CCC(N2Cc3cc(-c4nc5n(c4OS(=O)(=O)F)CCC5)ccc3C2=O)C(=O)N1,1
N#CN1CCC(c2cc(-c3cccc4c3CN(C3CCC(=O)NC3=O)C4=O)cc3c2C(=O)CC3)C1,1
C=CC(=O)N1CCCc2c(C(=O)Nc3ccc4c(c3)C(=O)NC4)cccc21,1
N#CN1CCCC(c2cc3cc(C(=O)NC4CCC(=O)NC4=O)ccc3[nH]c2=O)C1,1
CN(Cc1nc(-c2ccccc2)no1)C1=CC(=O)N(C2CCC(=O)NC2=O)C1=O,1
O=C1CCC(c2ccc(NC(=O)c3ncc4[nH]ncc4n3)cc2)C(=O)N1,0
N#CN1CCCC(c2ccc3c(c2)C(C(=O)Nc2ccc(C4CCC(=O)NC4=O)cc2)CCC3)C1,1
COc1ccc(OC)c(-c2cc(C(=O)NC3CCC(=O)NC3=O)[nH]n2)c1,0
COc1ccc(-c2cc(C(=O)NC3CCC(=O)NC3=O)n(C)n2)cc1F,0
N#CN1CCC(c2ccc3cnc(C(=O)NC4CCC(=O)NC4=O)cc3c2)C1,1
N#CN1CCCC(c2cccc(-c3nccc(C(=O)NC4CCC(=O)NC4=O)n3)c2)C1,1
O=C1CCC(N2Cc3cc(CNC(=O)c4coc5ccccc5c4=O)ccc3C2=O)C(=O)N1,0
O=C1CCC(NC(=O)c2ccn(-c3cccc(-c4nn[nH]n4)c3)n2)C(=O)N1,0
N#CN1CCC(c2cncc(-c3ccc4c(c3)CN(C3CCC(=O)NC3=O)C4=O)n2)C1,1
O=C1CCC(N2C(=O)c3c(F)c(F)c(F)c(F)c3C2=O)C(=O)N1,0
O=C1CCC(N2C(=O)c3ccc(O)c(F)c3C2=O)C(=O)N1,0
NCCCNC(=O)c1ccc2c(c1)C(=O)N(C1CCC(=O)NC1=O)C2=O,0
O=C1CCC(N2C(=O)c3c(F)ccc(F)c3C2=O)C(=O)N1,0
COc1cc2c(cc1OC)C(=O)N(C1CCC(=O)NC1=O)C2=O,0
NCCCCC(=O)Nc1ccc2c(c1)C(=O)N(C1CCC(=O)NC1=O)C2=O,0
O=C(O)Cc1cccc2c1C(=O)N(C1CCC(=O)NC1=O)C2=O,0
O=C1CCC(N2C(=O)c3ccc(Br)c(F)c3C2=O)C(=O)N1,0
Cc1ccc2c(c1)C(=O)N(C1CCC(=O)NC1=O)C2=O,0
CC=CCNC(=O)Nc1ccc2c(c1)C(=O)N(C1CCC(=O)NC1=O)C2=O,0
CC(C)C(NC(=O)c1ccc2c(c1)C(=O)N(C1CCC(=O)NC1=O)C2=O)C(C)C,0
Nc1c(Cl)ccc2c1C(=O)N(C1CCC(=O)NC1=O)C2=O,0
CC(=O)NCCCCNc1cccc2c1C(=O)N(C1CCC(=O)NC1=O)C2=O,0
Nc1cccc2c1C(=O)N(C1CCC(=O)NC1=O)C2=O,0
C=C(C)CNC(=O)c1ccc2c(c1)C(=O)N(C1CCC(=O)NC1=O)C2=O,0
NCCNC(=O)COc1cccc2c1C(=O)N(C1CCC(=O)NC1=O)C2=O,0
NCCNC(=O)COc1ccc2c(c1)C(=O)N(C1CCC(=O)NC1=O)C2=O,0
O=C(O)COc1ccc2c(c1)C(=O)N(C1CCC(=O)NC1=O)C2=O,0
O=C(O)CCCNc1cccc2c1C(=O)N(C1CCC(=O)NC1=O)C2=O,0
Nc1c(O)ccc2c1C(=O)N(C1CCC(=O)NC1=O)C2=O,0
CN(CCN)c1ccc2c(c1)C(=O)N(C1CCC(=O)NC1=O)C2=O,0
CCC(C)NC(=O)c1ccc2c(c1)C(=O)N(C1CCC(=O)NC1=O)C2=O,0
O=C1CCC(N2C(=O)c3ccc(CO)cc3C2=O)C(=O)N1,0
NCCCNc1cccc2c1C(=O)N(C1CCC(=O)NC1=O)C2=O,0
NCCOCCC(=O)Nc1cccc2c1C(=O)N(C1CCC(=O)NC1=O)C2=O,0
Nc1cc(Cl)cc2c1C(=O)N(C1CCC(=O)NC1=O)C2=O,0
NCCCC(=O)Nc1cccc2c1C(=O)N(C1CCC(=O)NC1=O)C2=O,0
NCCCOCCOc1cccc2c1C(=O)N(C1CCC(=O)NC1=O)C2=O,0
CC1(N2C(=O)c3ccc(C(=O)O)cc3C2=O)CCC(=O)NC1=O,0
NCCCCCC(=O)Nc1ccc2c(c1)C(=O)N(C1CCC(=O)NC1=O)C2=O,0
O=C(O)CCCCOc1cccc2c1C(=O)N(C1CCC(=O)NC1=O)C2=O,0
CCOCCSc1ccc2c(c1)C(=O)N(C1CCC(=O)NC1=O)C2=O,0
Nc1c(F)ccc2c1C(=O)N(C1CCC(=O)NC1=O)C2=O,0
O=C1CCC(N2C(=O)c3ccc(F)cc3C2=O)C(=O)N1,0
NCc1cccc2c1C(=O)N(C1CCC(=O)NC1=O)C2=O,0
CCCCCCNc1cccc2c1C(=O)N(C1CCC(=O)NC1=O)C2=O,0
CC(=O)Nc1cccc2c1C(=O)N(C1CCC(=O)NC1=O)C2=O,0
NCCCOCCCOc1ccc2c(c1)C(=O)N(C1CCC(=O)NC1=O)C2=O,0
O=C(O)CCc1cccc2c1C(=O)N(C1CCC(=O)NC1=O)C2=O,0
CN1C(=O)CCC(N2C(=O)c3ccc(N)cc3C2=O)C1=O,0
CN(CCC#N)CC(=O)Nc1ccc2c(c1)C(=O)N(C1CCC(=O)NC1=O)C2=O,0
Nc1ccc(Cl)c2c1C(=O)N(C1CCC(=O)NC1=O)C2=O,0
N#CCc1cccc2c1C(=O)N(C1CCC(=O)NC1=O)C2=O,0
CCNC(=O)c1cccc2c1C(=O)N(C1CCC(=O)NC1=O)C2=O,0
CC(Oc1ccc2c(c1)C(=O)N(C1CCC(=O)NC1=O)C2=O)C(=O)O,0
O=C(O)CNc1cccc2c1C(=O)N(C1CCC(=O)NC1=O)C2=O,0
Nc1ccc2c(c1)C(=O)N(C1CCC(=O)NC1=O)C2=O,0
Nc1ccc(F)c2c1C(=O)N(C1CCC(=O)NC1=O)C2=O,0
NCCCC(=O)Nc1ccc2c(c1)C(=O)N(C1CCC(=O)NC1=O)C2=O,0
NCCC(=O)Nc1ccc2c(c1)C(=O)N(C1CCC(=O)NC1=O)C2=O,0
NCCCCOc1ccc2c(c1)C(=O)N(C1CCC(=O)NC1=O)C2=O,0
CC(F)(F)CCOc1ccc2c(c1)C(=O)N(C1CCC(=O)NC1=O)C2=O,0
C=C(F)C(=O)NCc1ccc2c(c1)C(=O)N(C1CCC(=O)NC1=O)C2=O,1
O=C(O)C=Cc1cccc2c1C(=O)N(C1CCC(=O)NC1=O)C2=O,0
NCCOCCOc1ccc2c(c1)C(=O)N(C1CCC(=O)NC1=O)C2=O,0
NCCCNC(=O)COc1ccc2c(c1)C(=O)N(C1CCC(=O)NC1=O)C2=O,0
O=C1CCC(N2C(=O)c3cccc(F)c3C2=O)C(=O)N1,0
O=C(O)CCCCNc1cccc2c1C(=O)N(C1CCC(=O)NC1=O)C2=O,0
CN(C)c1cccc2c1C(=O)N(C1CCC(=O)NC1=O)C2=O,0
NCCCCNc1cccc2c1C(=O)N(C1CCC(=O)NC1=O)C2=O,0
NCCCCCC(=O)Nc1cccc2c1C(=O)N(C1CCC(=O)NC1=O)C2=O,0
O=C1CCC(N2C(=O)c3ccc(O)cc3C2=O)C(=O)N1,0
NCc1ccc2c(c1)C(=O)N(C1CCC(=O)NC1=O)C2=O,0
NCCNc1cccc2c1C(=O)N(C1CCC(=O)NC1=O)C2=O,0
O=C1CCC(N2C(=O)c3cccc(NC(=O)CCl)c3C2=O)C(=O)N1,1
CN1C(=O)CCC(N2C(=O)c3cccc(N)c3C2=O)C1=O,0
O=C(O)C=Cc1ccc2c(c1)C(=O)N(C1CCC(=O)NC1=O)C2=O,1
O=C1CCC(N2C(=O)c3ccc(Br)cc3C2=O)C(=O)N1,0
O=C1CCC(N2C(=O)c3ccc(NC(=O)CCl)cc3C2=O)C(=O)N1,1
NCCCOc1ccc2c(c1)C(=O)N(C1CCC(=O)NC1=O)C2=O,0
CCCCNc1ccc2c(c1)C(=O)N(C1CCC(=O)NC1=O)C2=O,0
O=C(O)COc1cccc2c1C(=O)N(C1CCC(=O)NC1=O)C2=O,0
O=C1CCC(N2C(=O)c3ccc(F)c(F)c3C2=O)C(=O)N1,0
O=C(O)CCNc1cccc2c1C(=O)N(C1CCC(=O)NC1=O)C2=O,0
NCCCCCCOc1ccc2c(c1)C(=O)N(C1CCC(=O)NC1=O)C2=O,0
O=C1CCC(N2C(=O)c3cc(F)c(Br)cc3C2=O)C(=O)N1,0
O=C(O)CCSc1ccc2c(c1)C(=O)N(C1CCC(=O)NC1=O)C2=O,0
O=C(O)CNC(=O)CNc1cccc2c1C(=O)N(C1CCC(=O)NC1=O)C2=O,0
C#Cc1ccc2c(c1)C(=O)N(C1CCC(=O)NC1=O)C2=O,0
CN(C)C(=O)NCCCc1ccc2c(c1)C(=O)N(C1CCC(=O)NC1=O)C2=O,0
NCC#Cc1ccc2c(c1)C(=O)N(C1CCC(=O)NC1=O)C2=O,0
CC(C)NC(=O)Nc1ccc2c(c1)C(=O)N(C1CCC(=O)NC1=O)C2=O,0
CN(CCO)CC(=O)Nc1ccc2c(c1)C(=O)N(C1CCC(=O)NC1=O)C2=O,0
CN(C)c1ccc2c(c1)C(=O)N(C1CCC(=O)NC1=O)C2=O,0
O=C1CCC(N2C(=O)c3cccc([N+](=O)[O-])c3C2=O)C(=O)N1,0
NCCC(=O)Nc1cccc2c1C(=O)N(C1CCC(=O)NC1=O)C2=O,0
COc1ccc2c(c1N)C(=O)N(C1CCC(=O)NC1=O)C2=O,0
O=C1CCC(N2C(=O)c3cc(Cl)c(Cl)cc3C2=O)C(=O)N1,0
O=C1CCC(N2C(=O)c3ccc(OS(=O)(=O)F)cc3C2=O)C(=O)N1,1
O=C1CCC(N2C(=O)c3cccc(O)c3C2=O)C(=O)N1,0
O=C1CCC(N2C(=O)c3ccc(S)cc3C2=O)C(=O)N1,0
O=C1CCC(N2C(=O)c3cccc(OCCO)c3C2=O)C(=O)N1,0
C=CC(=O)Nc1ccc2c(c1)C(=O)N(C1CCC(=O)NC1=O)C2=O,0
NCCOCCC(=O)Nc1ccc2c(c1)C(=O)N(C1CCC(=O)NC1=O)C2=O,0
O=C1CCC(N2C(=O)c3ccc([N+](=O)[O-])cc3C2=O)C(=O)N1,0
CC(C)(C)C(=O)Nc1cccc2c1C(=O)N(C1CCC(=O)NC1=O)C2=O,0
O=C1CCC(N2C(=O)c3cccc(NCCO)c3C2=O)C(=O)N1,0
Nc1cc(F)cc2c1C(=O)N(C1CCC(=O)NC1=O)C2=O,0
O=C1CCC(N2C(=O)c3ccccc3C2=O)C(=O)N1,0
O=C(O)CCOc1cccc2c1C(=O)N(C1CCC(=O)NC1=O)C2=O,0
COc1cc(N)c2c(c1)C(=O)N(C1CCC(=O)NC1=O)C2=O,0
O=Cc1ccc2c(c1)C(=O)N(C1CCC(=O)NC1=O)C2=O,0
Nc1cc(Br)cc2c1C(=O)N(C1CCC(=O)NC1=O)C2=O,0
COc1ccc(N)c2c1C(=O)N(C1CCC(=O)NC1=O)C2=O,0
NCCOc1ccc2c(c1)C(=O)N(C1CCC(=O)NC1=O)C2=O,0
Nc1cccc2c1C(=O)N(C1C(=O)NC(=O)CC1C(F)(F)F)C2=O,0
CC(C)C(C)NC(=O)c1ccc2c(c1)C(=O)N(C1CCC(=O)NC1=O)C2=O,0
O=Cc1cccc2c1C(=O)N(C1CCC(=O)NC1=O)C2=O,0
NCCCCCCOc1cccc2c1C(=O)N(C1CCC(=O)NC1=O)C2=O,0
O=C(O)COCCOc1cccc2c1C(=O)N(C1CCC(=O)NC1=O)C2=O,0
CC(F)(F)CNC(=O)c1ccc2c(c1)C(=O)N(C1CCC(=O)NC1=O)C2=O,0
CCOC(=O)Nc1ccc2c(c1)C(=O)N(C1CCC(=O)NC1=O)C2=O,0
NCCCc1ccc2c(c1)C(=O)N(C1CCC(=O)NC1=O)C2=O,0
O=C(O)CCc1ccc2c(c1)C(=O)N(C1CCC(=O)NC1=O)C2=O,0
NCCCCC(=O)Nc1cccc2c1C(=O)N(C1CCC(=O)NC1=O)C2=O,0
O=C1CCC(N2C(=O)c3cc(F)c(F)cc3C2=O)C(=O)N1,0
O=C(O)CSc1ccc2c(c1)C(=O)N(C1CCC(=O)NC1=O)C2=O,0
CC(C)(C)C(=O)Nc1ccc2c(c1)C(=O)N(C1CCC(=O)NC1=O)C2=O,0
CCCCCCNc1ccc(OC)c2c1C(=O)N(C1CCC(=O)NC1=O)C2=O,0
O=C1CCC(N2C(=O)c3ccc(C(=O)O)cc3C2=O)C(=O)N1,0
CC(=O)Nc1ccc2c(c1)C(=O)N(C1CCC(=O)NC1=O)C2=O,0
O=C1CCC(N2C(=O)c3cccc(Br)c3C2=O)C(=O)N1,0
NCC(=O)Nc1cccc2c1C(=O)N(C1CCC(=O)NC1=O)C2=O,0
NCCCCCOc1ccc2c(c1)C(=O)N(C1CCC(=O)NC1=O)C2=O,0
N#CN1CCCC(c2nc(-c3cccc4c3CN(C3CCC(=O)NC3=O)C4=O)cs2)C1,1
O=C1CCN(c2ccc(C(=O)Nc3cnc4c(c3)C3CCC(C4)N3)cc2)C(=O)N1,0
CCc1cn2c(C(=O)Nc3ccc(NC4CCC(=O)NC4=O)cc3)cccc2n1,0
CON=C(C(=O)NCc1ccc2c(c1)CN(C1CCC(=O)NC1=O)C2=O)c1ccc(F)cc1,0
O=C1CCC(Nc2ccc(NC(=O)c3cnn4cc[nH]c(=O)c34)cc2)C(=O)N1,0
O=C1CC(N2C(=O)Cc3cccc(F)c3C2=O)C(=O)N1,0
N#CN1CCC(c2ccccc2C(=O)Nc2ccc3c(c2)C(=O)N(C2CCC(=O)NC2=O)C3)C1,1
N#CN1CCC(c2c[nH]cc(C(=O)Nc3ccc(C4CCC(=O)NC4=O)cc3)c2=O)C1,1
O=C1CCC(N2Cc3cc(NC(=O)c4ccc(Sc5ccccc5)cc4)ccc3C2=O)C(=O)N1,0
N#CN1CCC(c2ccc3c(c2)-c2sc(C(=O)NC4CCC(=O)NC4=O)cc2CC3)C1,1
O=C1CCC(c2cccc(NC(=O)c3c(C(F)F)nc4cnccn34)c2)C(=O)N1,0
N#CN1CCC(c2cc(-c3cccc4c3CN(C3CCC(=O)NC3=O)C4=O)ccc2C2CC2)CC1,1
O=C(Nc1ccc2c(c1)C(=O)NC2=O)c1csc(-c2ccsc2)n1,0
O=C1CCC(NC(=O)c2ccnc3nn[nH]c23)C(=O)N1,0
N#CN1CCCC(c2ccc(-c3ccc4c(c3)CN(C3CCC(=O)NC3=O)C4=O)s2)C1,1
N#CN1CCCC(c2cccnc2-c2ccc3c(c2)CN(C2CCC(=O)NC2=O)C3=O)C1,1
O=C1CCC(N2CCCc3c(C4CCNCC4)cccc32)C(=O)N1,0
Cc1nc2ccccc2cc1C(=O)NN=Cc1cccc([N+](=O)[O-])c1,0
Cc1nc2c(C)cccc2cc1C(=O)NN=Cc1ccccc1Cl,0
Cc1ccc2nc(C)c(C(=O)NN=Cc3cccc(Cl)c3)cc2c1,0
Cc1nc2c(C)cccc2cc1C(=O)NN=Cc1ccccc1,0
Cc1nc2c(C)cccc2cc1C(=O)NN=Cc1cccc(O)c1,0
Cc1ccc2nc(C)c(C(=O)NN=Cc3cccc([N+](=O)[O-])c3)cc2c1,0
Cc1ccc2nc(C)c(C(=O)NN=Cc3cccc(O)c3)cc2c1,0
Cc1nc2ccccc2cc1C(=O)NN=Cc1ccccc1O,0
Cc1nc2c(C)cccc2cc1C(=O)NN=Cc1cccc([N+](=O)[O-])c1,0
Cc1nc2c(C)cccc2cc1C(=O)NN=Cc1cccc(Cl)c1,0
Cc1nc2c(C)cccc2cc1C(=O)NN=Cc1ccccc1O,0
Cc1nc2ccccc2cc1C(=O)NN=Cc1cccc(Cl)c1,0
O=C1CCC(N2Cc3c(C(=O)NCC4CCCCNC4)cccc3C2=O)C(=O)N1,0
O=C1CCC(c2cccc(NC(=O)Cc3cnc4cccnn34)c2)C(=O)N1,0
Cc1cc(-c2ccc3c(c2)CN(C2CCC(=O)NC2=O)C3=O)cc2cc[nH]c12,0
Cn1c(=O)sc2cc(C(=O)NC3CCC(=O)NC3=O)sc21,0
N=S1(=O)CCCc2ncnc(Nc3ccc(C4CCC(=O)NC4=O)cc3)c21,0
CCC(c1nccs1)N1CCC(=O)NC1=O,0
N#CN1CCC(c2ccc3c(c2)CC(c2nc(C(=O)NC4CCC(=O)NC4=O)cs2)O3)C1,1
Cc1cc(C(=O)NC2CCC(=O)NC2=O)nc2nc(O)[nH]c(=O)c12,0
N#CN1CCC(c2c(C(=O)Nc3cccc(C4CCC(=O)NC4=O)c3)nc3n2CCCC3)C1,1
CN1CCOC(C(=O)Nc2ccc(NC3CCC(=O)NC3=O)cc2)C1=O,0
N#CN1CCC(c2cn(-c3cccc4c3CN(C3CCC(=O)NC3=O)C4=O)nn2)C1,1
O=C1CCC(NC(=O)c2[nH]nnc2-c2cccs2)C(=O)N1,0
CN(c1ccnc(Cc2ccc(F)cc2)n1)C1CCC(=O)NC1=O,0
O=C1CCC(Nc2ccnc(Cc3ccc(F)cc3)n2)C(=O)N1,0
Cc1ccc(C(=O)NC2CCC(=O)NC2=O)cc1NC(=O)Nc1ccccc1,0
N#CN1CCCC(c2cccc(C(=O)Nc3ccc4c(c3)CN(C3CCC(=O)NC3=O)C4=O)c2)C1,1
N#CN1CCC(c2cccc(-c3cncc(C(=O)NC4CCC(=O)NC4=O)c3)c2)C1,1
O=C1CCC(NC(=O)c2cnn3cc[nH]c(=O)c23)C(=O)N1,0
O=C1CCC(NC(=O)c2cc3cccnc3nc2C2CC2)C(=O)N1,0
CC(Cn1cccn1)C(=O)N1Cc2[nH]nc(C(=O)NC3CCC(=O)NC3=O)c2C1,0
O=C1CCC(N2Cc3cc(-c4cc[nH]n4)c(S(=O)(=O)F)cc3C2=O)C(=O)N1,1
Cn1cc(CO)c(-c2ccc3c(c2)CN(C2CCC(=O)NC2=O)C3=O)n1,0
CCCn1ccc(-c2ccc3c(c2)CN(C2CCC(=O)NC2=O)C3=O)n1,0
O=C1CCC(N2Cc3c(ccc(-c4cc[nH]n4)c3S(=O)(=O)F)C2=O)C(=O)N1,1
O=C1CCC(N2Cc3cc(-c4n[nH]cc4S(=O)(=O)F)ccc3C2=O)C(=O)N1,1
O=C1CCC(N2Cc3cc(-c4cc(OS(=O)(=O)F)[nH]n4)ccc3C2=O)C(=O)N1,1
O=C1CCC(N2Cc3cc(-c4n[nH]cc4OS(=O)(=O)F)ccc3C2=O)C(=O)N1,1
CCn1ccc(-c2ccc3c(c2)CN(C2CCC(=O)NC2=O)C3=O)n1,0
C=CC(=O)N(Cc1ccc2c(c1)C(=O)NC2)Cc1ccsc1Cl,1
O=C1CCC(NC(=O)c2[nH]ncc2CNC(=O)c2cc3cnccc3[nH]2)C(=O)N1,0
O=C1CCC(NC(=O)c2cc3ccsc3c(=O)[nH]2)C(=O)N1,0
N#CN1CCCC(c2cc(=O)[nH]cc2-c2ccc3c(c2)C(=O)N(C2CCC(=O)NC2=O)C3)C1,1
N#CN1CCC(c2ncoc2-c2cccc(C(=O)NC3CCC(=O)NC3=O)c2)CC1,1
CCn1cnc2c(C(=O)Nc3ccc(NC4CCC(=O)NC4=O)cc3)ncnc21,0
N#CN1CCC(c2cccc(-c3ccc4c(c3)C(=O)N(C3CCC(=O)NC3=O)C4)c2)C1,1
O=C1CCC(NC(=O)c2c3c(nc4c(S(=O)(=O)F)cccc24)CCCC3)C(=O)N1,1
O=C1CCC(NC(=O)c2c3c(nc4cc(S(=O)(=O)F)ccc24)CCCC3)C(=O)N1,1
O=C1CCC(NC(=O)c2c3c(nc4ccccc24)CCCC3)C(=O)N1,0
Cc1ccc2nc3c(c(C(=O)NC4CCC(=O)NC4=O)c2c1)CCCC3,0
Cc1occc1C(=O)Nc1cc(Cl)ccc1C(=O)NC1CCC(=O)NC1=O,0
N#CN1CCCC(c2cncc(-c3ccc4c(c3)C(=O)N(C3CCC(=O)NC3=O)C4)n2)C1,1
O=C1CCC(N2Cc3ccc(CNc4cnccn4)cc3C2=O)C(=O)N1,0
O=C1CC(c2ccc(NS(=O)(=O)N3CCCCCC3)cc2)CC(=O)N1,0
N#CN1CCCC(c2ccccc2-c2ncc(C(=O)NC3CCC(=O)NC3=O)s2)C1,1
N#CN1CCC(c2ccc(-c3ccsc3C(=O)NC3CCC(=O)NC3=O)cc2)C1,1
CC1(N2C(=O)CC3(CCOCC3)C2=O)CCC(=O)NC1=O,0
CCc1[nH]c(-c2ccccc2)nc1C(=O)NC1CCC(=O)NC1=O,0
O=C1CCC(NC(=O)c2cc(C3(c4ccccc4)CC3)[nH]n2)C(=O)N1,0
Cc1nn(-c2ccncc2)cc1C(=O)NC1CCC(=O)NC1=O,0
O=C1CCC(NC(=O)c2cnn(-c3ccncc3)c2C(F)F)C(=O)N1,0
N#CN1CCC(c2ccsc2C(=O)Nc2ccc3c(c2)C(=O)N(C2CCC(=O)NC2=O)C3)C1,1
O=C1CCC(NC(=O)c2cn3c(O)nnc3cn2)C(=O)N1,0
CCc1nn2cccnc2c1C(=O)Nc1cccc(C2CCC(=O)NC2=O)c1,0
Nc1cccc(N2CCC(=O)NC2=O)c1,0
CC1CN(c2ccc(S(=O)(=O)F)cc2)C(=O)NC1=O,1
O=C(O)COc1ccc(N2CCC(=O)NC2=O)cc1,0
Cc1c(OCC(=O)OC(C)(C)C)cccc1N1CCC(=O)NC1=O,0
CC(C)(C)OC(=O)NCC#Cc1cccc(N2CCC(=O)NC2=O)c1,0
O=C1CCN(c2ccc(OS(=O)(=O)F)cc2)C(=O)N1,1
Nc1ccc(N2CCC(=O)NC2=O)cc1,0
Cc1ccccc1N1CCC(=O)NC1=O,0
O=C1CCN(c2ccccc2)C(=O)N1,0
Cc1c(C#CCNC(=O)OC(C)(C)C)cccc1N1CCC(=O)NC1=O,0
CC(=O)NCCC#Cc1cccc(N2CCC(=O)NC2=O)c1C,0
CC1CN(c2ccccc2)C(=O)NC1=O,0
Nc1cc(Cl)cc(N2CCC(=O)NC2=O)c1,0
CCNC(=O)COc1cccc(N2CCC(=O)NC2=O)c1C,0
N#CN1CCC(c2cn(-c3cccc4c3CN(C3CCC(=O)NC3=O)C4=O)nn2)CC1,1
O=C1CCC(NC(=O)c2sccc2S(=O)(=O)NCc2ccco2)C(=O)N1,0
COC(=O)c1ncn(C2CCC(=O)NC2=O)c1NC(=O)COc1ccccc1,0
N#CN1CCC(c2c(C(=O)Nc3ccc(C4CCC(=O)NC4=O)cc3)ccc3c2COCC3)C1,1
O=C1CCN(c2ccc(C3CCNCC3)c(OS(=O)(=O)F)c2)C(=O)N1,1
O=C1CCN(c2ccc(C3CCNCC3)cc2)C(=O)N1,0
Cc1cc(-c2[nH]ncc2C(=O)NC2CCC(=O)NC2=O)ccc1F,0
O=C1CCC(NC(=O)c2c(O)cc(C(F)(F)F)[nH]c2=O)C(=O)N1,0
NCCn1cc(Br)cc(C(=O)NC2CCC(=O)NC2=O)c1=O,0
CN(C)c1n[nH]c2c(CN3CCCC3)cc(-c3ccc4c(c3)CN(C3CCC(=O)NC3=O)C4=O)nc12,0
Nc1n[nH]c2c(CN3CCC(F)C3)cc(-c3ccc4c(c3)CN(C3CCC(=O)NC3=O)C4=O)nc12,0
Cn1nc(N)c2nc(-c3ccc4c(c3)CN(C3CCC(=O)NC3=O)C4=O)cc(CN3CCCC3)c21,0
O=C1CCC(N2Cc3cc(-c4cc(CN5CCCC5)c5[nH]ncc5n4)ccc3C2=O)C(=O)N1,0
COc1n[nH]c2c(CN3CCCC3)cc(-c3ccc4c(c3)CN(C3CCC(=O)NC3=O)C4=O)nc12,0
Nc1n[nH]c2c(CN3CCC(O)C3)cc(-c3ccc4c(c3)CN(C3CCC(=O)NC3=O)C4=O)nc12,0
Nc1n[nH]c2c(CN3CCCC3)cc(-c3ccc4c(c3)CN(C3CCC(=O)NC3=O)C4=O)nc12,0
CCNc1n[nH]c2c(CN3CCCC3)cc(-c3ccc4c(c3)CN(C3CCC(=O)NC3=O)C4=O)nc12,0
CCn1nc(N)c2nc(-c3ccc4c(c3)CN(C3CCC(=O)NC3=O)C4=O)cc(CN3CCCC3)c21,0
CNc1n[nH]c2c(CN3CCCC3)cc(-c3ccc4c(c3)CN(C3CCC(=O)NC3=O)C4=O)nc12,0
O=C1CCC(NC(=O)c2cc(-c3ccc(Cl)cc3)nn2CC2CC2)C(=O)N1,0
CC(O)(C#Cc1cccc2c1CN(C1CCC(=O)NC1=O)C2=O)c1ccccc1,0
O=C1CCC(N2Cc3c(C#CC(O)c4ccccc4)cccc3C2=O)C(=O)N1,0
O=C1CCC(N2Cc3c(cccc3-c3cccc4c3CNC4)C2=O)C(=O)N1,0
O=C1CCC(N2Cc3c(cccc3-c3cc(OS(=O)(=O)F)cc4c3CNC4)C2=O)C(=O)N1,1
O=C1CCC(N2Cc3c(cccc3-c3ccc(OS(=O)(=O)F)c4c3CNC4)C2=O)C(=O)N1,1
Cc1c(C(=O)NC2CCC(=O)NC2=O)cccc1N1CCC(=O)NC1=O,0
N#CN1CCCC(c2ccc3c(c2)-c2sc(C(=O)NC4CCC(=O)NC4=O)cc2CC3)C1,1
CC1CCN(S(=O)(=O)c2ccc(C(=O)NC3CCC(=O)NC3=O)s2)CC1,0
Cc1cnn(C(C)C(=O)NCc2ocnc2C(=O)NC2CCC(=O)NC2=O)c1,0
CCn1nc(Br)c(C(=O)NC2CCC(=O)NC2=O)n1,0
Cn1nc(C(=O)NC2CCC(=O)NC2=O)c(C(F)(F)F)n1,0
O=C1CCC(NC(=O)c2cnn(CC(F)(F)F)n2)C(=O)N1,0
O=C1CCC(NC(=O)c2ccc(C3CCOC3)s2)C(=O)N1,0
O=C1CCC2(CC(c3ccccc3I)=NO2)C(=O)N1,0
O=C1CCC2(CC(c3ccc(Cl)cc3Cl)=NO2)C(=O)N1,0
COc1ccccc1C1=NOC2(CCC(=O)NC2=O)C1,0
O=C1CCC2(CC(c3c(Cl)cccc3Cl)=NO2)C(=O)N1,0
O=C1CCC2(CC(c3ccc(C(=O)O)cc3)=NO2)C(=O)N1,0
COc1ccc(C2=NOC3(CCC(=O)NC3=O)C2)c(OC)c1OC,0
O=C1CCC2(CC(c3ccccc3F)=NO2)C(=O)N1,0
O=C1CCC2(CC(c3cccc(S(=O)(=O)F)c3)=NO2)C(=O)N1,1
O=C1CCC2(CC(c3ccccc3[N+](=O)[O-])=NO2)C(=O)N1,0
O=C1CCC2(CC(c3ccccc3OS(=O)(=O)F)=NO2)C(=O)N1,1
O=C1CCC2(CC(c3ccccc3Br)=NO2)C(=O)N1,0
O=C1CCC2(CC(c3ccccc3Cl)=NO2)C(=O)N1,0
O=C1CCC2(CC(c3cccc(OS(=O)(=O)F)c3)=NO2)C(=O)N1,1
N#CN1CCC(c2cc3n(c(=O)c2)C(C(=O)Nc2ccc(C4CCC(=O)NC4=O)cc2)CC3)C1,1
N#CN1CCCC(c2ccc(-c3csc(C(=O)NC4CCC(=O)NC4=O)n3)cc2)C1,1
N#CN1CCC(c2ccc3c(c2)OCC(NC(=O)c2cccc(N4CCC(=O)NC4=O)c2)C3)C1,1
Cc1c(-c2ccccc2)oc2c(C(=O)NC3CCC(=O)NC3=O)cccc2c1=O,0
N#Cc1cc(C(=O)NCc2ccc3c(c2)C(=O)N(C2CCC(=O)NC2=O)C3)c[nH]1,0
N#CN1CCC(c2nccnc2-c2ccc3c(c2)C(=O)N(C2CCC(=O)NC2=O)C3)C1,1
O=C1CCC(NC(=O)c2ccc(S(=O)(=O)F)c3c[nH]nc23)C(=O)N1,1
O=C1CCC(NC(=O)c2cccc3c(S(=O)(=O)F)[nH]nc23)C(=O)N1,1
CC(C)n1cc2cccc(C(=O)NC3CCC(=O)NC3=O)c2n1,0
O=C1CCC(NC(=O)c2cc(S(=O)(=O)F)cc3c[nH]nc23)C(=O)N1,1
Cc1cc(C(=O)NC2CCC(=O)NC2=O)c2nn(C)cc2c1,0
O=C1CCC(NC(=O)c2ccc(Br)c3c[nH]nc23)C(=O)N1,0
CCc1cn2nc(Cl)cc(Nc3ccc(N4CCC(=O)NC4=O)c(C)c3)c2n1,0
O=C1CCC(N2Cc3c(NC4=NC(Nc5ccc6c(c5)OCCO6)NC=C4)cccc3C2=O)C(=O)N1,0
O=C1NC(=O)c2c1cccc2C(=O)N1CCCC1CO,0
O=C1CCC(N2Cc3cc(-c4ccc5c(c4)NC(=O)OC5)ccc3C2=O)C(=O)N1,0
CC1CC(CNc2ccc(C3CC(=O)NC(=O)C3)cc2)CCO1,0
N#CN1CCC(c2cn3c(n2)C(C(=O)Nc2cccc(C4CCC(=O)NC4=O)c2)CCC3)CC1,1
CCc1cc(Nc2ccc(C3CCC(=O)NC3=O)cc2)nc(-c2ccccn2)n1,0
CN1CCc2nc(C(=O)Nc3ccc(NC4CCC(=O)NC4=O)cc3)sc2C1,0
N#CN1CCCC(c2ccc(-c3csc(C(=O)NC4CCC(=O)NC4=O)c3)cc2)C1,1
O=C1CCC(NC(=O)c2cc(NC(=O)NCc3ccccc3)ccc2O)C(=O)N1,0
CC1(C)CC(Nc2ccc(C3CC(=O)NC(=O)C3)cc2)CO1,0
Cc1ccnc(SCC2CCC(=O)NC2=O)n1,0
O=C1CCC(CSc2ncccn2)C(=O)N1,0
N#CN1CCC(c2ccn(-c3cncc(-c4cccc(N5CCC(=O)NC5=O)c4)c3)n2)C1,1
N#CN1CCCC(c2ncnn2-c2ccc(C(=O)NC3CCC(=O)NC3=O)cc2)C1,1
N#Cc1cnn2ccc(Nc3ccc(C4CCC(=O)NC4=O)cc3)nc12,0
O=C1CCC(c2ccc(Nc3ccn4ncc(S(=O)(=O)F)c4n3)cc2)C(=O)N1,1
N#CN1CCC(c2ccc3c(c2)CC(Nc2cccc(N4CCC(=O)NC4=O)c2)CCC3)C1,1
O=C1CCC(NC(=O)c2oc(C3CC3)nc2C(F)F)C(=O)N1,0
Cc1nc(C2CC2)oc1C(=O)NC1CCC(=O)NC1=O,0
Cc1cc(C(=O)NC2CCC(=O)NC2=O)c2c(=O)[nH]n(C)c2n1,0
N#CN1CCC(c2cccc(NC(=O)c3cccc4c3CN(C3CCC(=O)NC3=O)C4=O)n2)CC1,1
N#Cc1cccc2[nH]c(-c3ccc(N4CCC(=O)NC4=O)cc3)cc12,0
O=C1CCN(c2ccc(-c3cc4cccc(S(=O)(=O)F)c4[nH]3)cc2)C(=O)N1,1
O=C1CCN(c2ccc(-c3cc4c(S(=O)(=O)F)cccc4[nH]3)cc2)C(=O)N1,1
O=C1CCN(c2ccc(-c3[nH]c4ccccc4c3S(=O)(=O)F)cc2)C(=O)N1,1
N#CN1CCCC(c2ccn(-c3ccccc3C(=O)NC3CCC(=O)NC3=O)n2)C1,1
Cc1oc(-c2ccccc2)c(C(=O)NC2CCC(=O)NC2=O)c1C,0
O=C1CCC(N2Cc3c(NC(=O)CNc4ccnc(N5CCCC5CO)n4)cccc3C2=O)C(=O)N1,0
O=C1CCC(c2ccc(NC(=O)c3csc(C4CCCCC4)c3)cc2)C(=O)N1,0
O=C1CCC(N2Cc3c(C(=O)Nc4cc(S(=O)(=O)F)ccn4)cccc3C2=O)C(=O)N1,1
O=C1CCC(N2Cc3c(C(=O)Nc4cccc(S(=O)(=O)F)n4)cccc3C2=O)C(=O)N1,1
O=C1CCC(N2Cc3c(C(=O)Nc4ncccc4S(=O)(=O)F)cccc3C2=O)C(=O)N1,1
Nc1cccc(NC(=O)c2cccc3c2CN(C2CCC(=O)NC2=O)C3=O)n1,0
Cc1nn(C2CCOC2)cc1C(=O)NC1CCC(=O)NC1=O,0
O=C1CCC(NC(=O)c2nc(-c3ccc(F)cc3)n3c2CCCCC3)C(=O)N1,0
O=C1CCC(N2C(=O)c3cccc(NCc4cc5ccccc5o4)c3C2=O)C(=O)N1,0
O=C1CCC(Nc2ccc(NC(=O)C3CCc4snnc43)cc2)C(=O)N1,0
CCn1ncc2ncnc(Nc3ccc(C4CCC(=O)NC4=O)cc3)c21,0
CC(C)c1cccc(-c2ccnc3c2C(=O)NC3)c1,0
N#CN1CCCC(c2ccc3c(CNC4CCC(=O)NC4=O)cccc3c2)C1,1
N#CN1CCC(c2ccccc2-c2coc(C(=O)NC3CCC(=O)NC3=O)c2)C1,1
O=C1CCC(n2cc(-c3cncc4ccc(OS(=O)(=O)F)cc34)nn2)C(=O)N1,1
O=C1CCC(n2cc(-c3cnc(S(=O)(=O)F)c4ccccc34)nn2)C(=O)N1,1
O=C1CCC(n2cc(-c3cncc4ccc(S(=O)(=O)F)cc34)nn2)C(=O)N1,1
O=C1CCC(n2cc(-c3cncc4ccccc34)nn2)C(=O)N1,0
O=C1CCC(n2cc(-c3cncc4cc(S(=O)(=O)F)ccc34)nn2)C(=O)N1,1
O=C1CCC(n2cc(-c3c(S(=O)(=O)F)ncc4ccccc34)nn2)C(=O)N1,1
O=C1CCC(n2cc(-c3cncc4c(OS(=O)(=O)F)cccc34)nn2)C(=O)N1,1
O=C1CCC(n2cc(-c3cncc4cc(OS(=O)(=O)F)ccc34)nn2)C(=O)N1,1
O=C1CCC(Nc2cccc(NC(=O)Cc3csc4cncn34)c2)C(=O)N1,0
COc1cccc(C=CC(=O)NC2CCC(=O)NC2=O)c1,1
N#CN1CCC(c2cccc3c2CCCC3C(=O)Nc2ccc(C3CCC(=O)NC3=O)cc2)C1,1
N#CN1CCC(c2cn[nH]c2-c2ccc3c(c2)CN(C2CCC(=O)NC2=O)C3=O)CC1,1
O=C1CCC(NC(=O)c2cnc3c(S(=O)(=O)F)cccn3c2=O)C(=O)N1,1
O=C1CCC(NC(=O)c2cnc3ccc(S(=O)(=O)F)cn3c2=O)C(=O)N1,1
O=C1CCC(NC(=O)c2cnc3ccc(Cl)cn3c2=O)C(=O)N1,0
O=C1CCC(NC(=O)c2cnc3ccccn3c2=O)C(=O)N1,0
O=C1CCC(N2C(=O)c3cc(F)c(N4CCOCC4)cc3C2=O)C(=O)N1,0
O=C1CCC(N2C(=O)c3ccc(N4CCOCC4)cc3C2=O)C(=O)N1,0
COC1(C(=O)Nc2cccc3c2CN(C2CCC(=O)NC2=O)C3=O)CCC1,0
N#CN1CCCC(c2cnn(Cc3cn(C4CCC(=O)NC4=O)nn3)c2)C1,1
N#CN1CCC(c2cccc(C(=O)Nc3ccc4c(c3)CN(C3CCC(=O)NC3=O)C4=O)c2)C1,1
N#CN1CCC(c2cnnn2-c2cncc(C(=O)NC3CCC(=O)NC3=O)c2)C1,1
O=C1CCC(c2cccc(NC(=O)c3cnc(C4CCNCC4)o3)c2)C(=O)N1,0
Cc1cnn(-c2c(C(=O)NC3CCC(=O)NC3=O)c(C)nn2C)c1,0
C=CC(=O)N(Cc1c(C)cccc1C)c1cccc2c1CNC2=O,1
C=CC(=O)N(Cc1c(F)cc(C)cc1F)c1cccc2c1CNC2=O,1
C=CC(=O)N(Cc1ccc(C)c(C)c1)c1cccc2c1CNC2=O,1
N#CN1CCC(c2cc3c(cc2-c2ccc4c(c2)C(=O)N(C2CCC(=O)NC2=O)C4)CCC3)C1,1
CC(C)c1cnc(COc2ccc3c(c2)C(=O)N(C2CCC(=O)NC2=O)C3=O)o1,0
O=C1CCC(N2Cc3ccc(CNC(=O)NCc4ccco4)cc3C2=O)C(=O)N1,0
N#CN1CCC(c2cc3c(cc2C(=O)Nc2ccc(C4CCC(=O)NC4=O)cc2)CCC3)C1,1
Cc1cc(C(=O)NC2CCC(=O)NC2=O)c(NC(=O)C2CCCO2)s1,0
N#CN1CCCC(c2cccc(-c3ccoc3C(=O)NC3CCC(=O)NC3=O)c2)C1,1
N#CN1CCC(c2ccccc2-c2cnc(C(=O)NC3CCC(=O)NC3=O)nc2)C1,1
Cc1coc(C2CC2)c1C(=O)NC1CCC(=O)NC1=O,0
O=C1CC(c2cccc(NCc3cccc4c3OCO4)c2)CC(=O)N1,0
N#CN1CCC(c2cnsc2-c2ccc3c(c2)CN(C2CCC(=O)NC2=O)C3=O)C1,1
N#CN1CCCC(c2cc(-c3ccc4c(c3)CN(C3CCC(=O)NC3=O)C4=O)cc3c2C(=O)CC3)C1,1
N#CN1CCC(c2ccc(-c3csc(C(=O)NC4CCC(=O)NC4=O)n3)cc2)C1,1
Cn1c(S(=O)(=O)Nc2ccc(C3CCC(=O)NC3=O)cc2)cc2ccccc21,0
CN(c1ccccc1)c1ccc(C(=O)NC2CCC(=O)NC2=O)cn1,0
N#CN1CCCC(c2ccc(-c3cccc4c3CN(C3CCC(=O)NC3=O)C4=O)cc2)C1,1
O=C1CC(c2cccc(NCc3cccc4[nH]ncc34)c2)CC(=O)N1,0
N#CN1CCCC(c2cc(-c3ccc4c(c3)CN(C3CCC(=O)NC3=O)C4=O)nc3c2NCCC3)C1,1
C=CC(=O)Nc1ccc(CC(=O)Nc2ccc(Cl)c3c2C(=O)NC3)cc1,1
COc1ccc(-c2nccc(Nc3cccc4c3CN(C3CCC(=O)NC3=O)C4=O)n2)c(OC)c1,0
O=C1CCC(N2Cc3c(Nc4ccnc(-c5ccc(F)cc5)n4)cccc3C2=O)C(=O)N1,0
N#CN1CCC(c2cncc(-c3ncc(C(=O)NC4CCC(=O)NC4=O)s3)c2)C1,1
CC1(C)C(C(=O)Nc2cccc(C3CCC(=O)NC3=O)c2)=Nc2ccccc21,0
O=C1CCC(c2cccc(NC(=O)C3=Nc4c(cccc4S(=O)(=O)F)C3)c2)C(=O)N1,1
O=C1CCC(c2cccc(NC(=O)C3=Nc4cccc(S(=O)(=O)F)c4C3)c2)C(=O)N1,1
CC1(N)CN(C(=O)COc2cccc3c2CN(C2CCC(=O)NC2=O)C3=O)C1,0
CC1(C)CN(C(=O)COc2cccc3c2CN(C2CCC(=O)NC2=O)C3=O)C1,0
N#CN1CCCC(c2ccnnc2-c2ccc3c(c2)CN(C2CCC(=O)NC2=O)C3=O)C1,1
N#CN1CCC(c2ccc3c(c2)C(C(=O)Nc2ccc(C4CCC(=O)NC4=O)cc2)CC3)CC1,1
N#CN1CCCC(c2ccc3cc(C4CC4)c(C(=O)NC4CCC(=O)NC4=O)nc3c2)C1,1
O=C1CCC(N2Cc3ccc(-c4cncc5sccc45)cc3C2=O)C(=O)N1,0
O=C1CCN(c2ccc(-c3cc(F)cc(COC4CCCCC4)c3)cc2)C(=O)N1,0
O=C1CCC(N2Cc3cc(NC(=O)Cc4ccc5ccccc5c4)ccc3C2=O)C(=O)N1,0
Cc1ncc(C(=O)NCc2cc(C(=O)NC3CCC(=O)NC3=O)on2)cc1C#N,0
N#CN1CCC(c2ccccc2-n2cc(C(=O)NC3CCC(=O)NC3=O)nn2)C1,1
COc1ccc(-c2cc(Nc3cccc(C4CCC(=O)NC4=O)c3)ncn2)cc1,0
N#CN1CCCC(c2ccoc2C(=O)Nc2ccc3c(c2)C(=O)N(C2CCC(=O)NC2=O)C3)C1,1
N#CN1CCC(c2ncnc(Nc3cccc(C4CCC(=O)NC4=O)c3)n2)CC1,1
O=C1CCC(N2Cc3cc(CNC(=O)c4ccc(F)cc4)ccc3C2=O)C(=O)N1,0
O=C1CCC(n2cc(CC3CCNC3=O)nn2)C(=O)N1,0
N#CN1CCCC(c2ccc(-n3cnc(C(=O)NC4CCC(=O)NC4=O)n3)cc2)C1,1
O=C1CCC(NC(=O)c2ccc(Cl)cc2NCCCn2cccn2)C(=O)N1,0
N#CN1CCC(c2ccccc2C(=O)Nc2cccc3c2CN(C2CCC(=O)NC2=O)C3=O)CC1,1
Cc1cc(NC(=O)Nc2ccc(C3CC(=O)NC(=O)C3)cc2)no1,0
CCc1c(C(=O)Nc2cccc(C3CCC(=O)NC3=O)c2)ccc2c1CCCC2,0
N#CN1CCC(c2ccc3c(c2)CN(C(=O)c2cccc4c2CN(C2CCC(=O)NC2=O)C4=O)C3)C1,1
O=C1CCC(Nc2ncnc3c2cnn3-c2ccccc2)C(=O)N1,0
Cc1nc(N(C)C2CCC(=O)NC2=O)c2cnn(-c3ccc(F)cc3)c2n1,0
O=C1CCC(NC(=O)c2cc3nccc(OS(=O)(=O)F)n3n2)C(=O)N1,1
O=C1CCC(NC(=O)c2cc3ncc(S(=O)(=O)F)cn3n2)C(=O)N1,1
Cc1cnc2c(Br)c(C(=O)NC3CCC(=O)NC3=O)nn2c1,0
CS(=O)(=O)c1cnc2cc(C(=O)NC3CCC(=O)NC3=O)nn2c1,0
C=CC(=O)Nc1ccc(C(=O)NCC2(C)NC(=O)NC2=O)cc1,1
CCOC(C(=O)Nc1cccc(NC2CCC(=O)NC2=O)c1)C1CCOCC1,0
N#CN1CCCC(c2nnc(-c3cccc4c3CN(C3CCC(=O)NC3=O)C4=O)s2)C1,1
O=C1CCC(NC(=O)c2coc(CNC(=O)c3nccc4cc[nH]c34)n2)C(=O)N1,0
O=C1CCC(N2c3ccncc3N3CCC2C3)C(=O)N1,0
O=C1CCC(N2c3ccnc(OS(=O)(=O)F)c3N3CCC2C3)C(=O)N1,1
CC(C)Oc1ccc2ccccc2c1CNC(=O)NC1CC(=O)NC1=O,0
N#CN1CCC(c2cncn2-c2cncc(C(=O)NC3CCC(=O)NC3=O)n2)CC1,1
CC(C)(C)c1nnc(C(=O)NC2CCC(=O)NC2=O)[nH]1,0
Cn1c(S)nnc1C(=O)NC1CCC(=O)NC1=O,0
N#CN1CCC(c2ccc3c(c2)CCOC3C(=O)Nc2ccc(C3CCC(=O)NC3=O)cc2)C1,1
O=C1CCC(N2C(=O)c3cccc(N4CCC4)c3C2=O)C(=O)N1,0
O=C1CCC(N2Cc3cc(NC(=O)c4nc5ccccc5[nH]4)ccc3C2=O)C(=O)N1,0
O=C1CCC(NC(=O)c2ccc3nc4n(c3c2)CCC4)C(=O)N1,0
O=C1CCC(NC(=O)c2cc(S(=O)(=O)F)c3nc4n(c3c2)CCC4)C(=O)N1,1
O=C1CCC(Nc2ccc(NC(=O)Cc3ncn4c3COCC4)cc2)C(=O)N1,0
O=C1CCC(NC(=O)c2cc(CNC(=O)c3ccc4[nH]ccc4n3)n[nH]2)C(=O)N1,0
N#CN1CCC(c2cccn(Cc3cn(C4CCC(=O)NC4=O)nn3)c2=O)C1,1
N#CN1CCC(c2cnn(-c3ccccc3C(=O)NC3CCC(=O)NC3=O)n2)C1,1
O=C1CCC(N2C(=O)c3ccc(OCc4cc(C5CC5)no4)cc3C2=O)C(=O)N1,0
N#CN1CCCC(c2ccccc2C(=O)Nc2ccc(C3CCC(=O)NC3=O)cc2)C1,1
N#CN1CCCC(c2ccc3ncc(C(=O)NC4CCC(=O)NC4=O)cc3c2)C1,1
O=C1CCC(N2Cc3cc(NCc4ccccc4)ccc3C2=O)C(=O)N1,0
COc1ccccc1CNc1ccc2c(c1)CN(C1CCC(=O)NC1=O)C2=O,0
C#Cc1ccc(CNc2ccc3c(c2)CN(C2CCC(=O)NC2=O)C3=O)cc1,0
COc1ccc(CNc2ccc3c(c2)CN(C2CCC(=O)NC2=O)C3=O)cc1,0
O=C1CCC(NC(=O)c2ccc(-n3ncc4cccnc43)cc2)C(=O)N1,0
O=C1CC(c2cccnc2)CC(=O)N1,0
O=C1CCC(c2cccc(NC(=O)CN3CCc4ccccc4C3=O)c2)C(=O)N1,0
Cc1c(C(=O)NC2CCC(=O)NC2=O)c(=O)oc2ccc(Br)cc12,0
COc1cccc2cc(C(=O)NC3CCC(=O)NC3=O)c(=O)oc12,0
N#CN1CCCC(c2cnc(-n3cc(C(=O)NC4CCC(=O)NC4=O)cn3)s2)C1,1
Cn1cccc1C(=O)C(=O)Nc1cccc2c1CN(C1CCC(=O)NC1=O)C2=O,0
N#CN1CCCC(c2cc(-c3ccc4c(c3)CN(C3CCC(=O)NC3=O)C4=O)n(C3CC3)n2)C1,1
O=C1CC(NC(=O)OCC2CCC[NH2+]2)C(=O)N1,0
CN1CCCC1(C)C(=O)Nc1ccc2c(c1)C(=O)N(C1CCC(=O)NC1=O)C2,0
CCn1c(=O)[nH]c(=O)c2c(C(=O)NC3CCC(=O)NC3=O)cc(C(C)C)nc21,0
N#Cc1c[nH]c2ncc(C(=O)NC3CCC(=O)NC3=O)cc12,0
N#CN1CCC(c2ccsc2-c2ccc(C(=O)NC3CCC(=O)NC3=O)cn2)CC1,1
CC1(CNC(=O)c2cccc3c2CN(C2CCC(=O)NC2=O)C3=O)CCNC1,0
NC1COCc2cc(C(=O)Nc3ccc(C4CCC(=O)NC4=O)cc3)ccc21,0
N#CN1CCC(c2ccc(C3CC3)c(-c3ccc4c(c3)CN(C3CCC(=O)NC3=O)C4=O)n2)C1,1
N#CN1CCC(c2cccc3c2CC(C(=O)Nc2cccc(C4CCC(=O)NC4=O)c2)=N3)CC1,1
Cc1nc(-c2cccnc2)[nH]c1C(=O)NC1CCC(=O)NC1=O,0
CN1CCN(c2ncc(C(=O)NC3CCC(=O)NC3=O)s2)CC1,0
O=C1CCC(c2ccc(NC(=O)C3CNCc4ccc(Cl)cc43)cc2)C(=O)N1,0
N#CN1CCC(c2ccc(-c3cccc4c3CN(C3CCC(=O)NC3=O)C4=O)cn2)C1,1
Cc1ccc(NC(=O)NCc2ccc3c(=O)n(C4CCC(=O)NC4=O)nnc3c2)cc1Cl,0
Cc1ccc(NC(=O)NCc2ccc3c(=O)n(C4CCC(=O)NC4=O)nnc3c2)cc1,0
O=C1CCC(n2nnc3cc(CNC(=O)Nc4ccc(Cl)cc4)ccc3c2=O)C(=O)N1,0
N#CN1CCC(c2ccccc2-n2nc(C(=O)NC3CCC(=O)NC3=O)c3c2CCC3)C1,1
O=C1CCC(N2Cc3ccc(NC(=O)C45CCC(CC4)C5)cc3C2=O)C(=O)N1,0
NC(Cc1ccccc1)C(=O)NCc1ccc2c(c1)CN(C1CCC(=O)NC1=O)C2=O,0
NC(Cc1ccc(F)cc1)C(=O)NCc1ccc2c(c1)CN(C1CCC(=O)NC1=O)C2=O,0
CC(=O)NC(Cc1ccc(F)cc1)C(=O)NCc1ccc2c(c1)CN(C1CCC(=O)NC1=O)C2=O,0
O=C1CCC(N2Cc3cc(CNC(=O)C(Cc4ccc(F)cc4)NC(=O)CO)ccc3C2=O)C(=O)N1,0
C=CC(=O)NC(Cc1ccc(F)cc1)C(=O)NCc1ccc2c(c1)CN(C1CCC(=O)NC1=O)C2=O,0
CC1CCc2sc(C(=O)NC3CCC(=O)NC3=O)cc2C1,0
CC1(C)CCCc2cc(C(=O)NC3CCC(=O)NC3=O)sc21,0
CC(C)(C)C1CCc2sc(C(=O)NC3CCC(=O)NC3=O)cc2C1,0
N#CN1CCCC(c2[nH]nnc2-c2ccc3c(c2)CN(C2CCC(=O)NC2=O)C3=O)C1,1
O=C1CCC(N2C(=O)c3cccc(NC4CC4)c3C2=O)C(=O)N1,0
O=C1CCC(n2cc(-c3ccncc3S(=O)(=O)F)nn2)C(=O)N1,1
O=C1CCC(n2cc(-c3ccnc(S(=O)(=O)F)c3)nn2)C(=O)N1,1
O=C1CCC(n2cc(-c3ccnc(OS(=O)(=O)F)c3)nn2)C(=O)N1,1
CCNc1cc(-c2cn(C3CCC(=O)NC3=O)nn2)ccn1,0
N#CN1CCC(c2cccc3c2CCCC(Nc2cccc(N4CCC(=O)NC4=O)c2)C3)C1,1
O=C1CCC(N2C(=O)c3cccc(NC(=O)c4cccc(S(=O)(=O)F)c4)c3C2=O)C(=O)N1,1
O=C1CCC(N2C(=O)c3cccc(NC(=O)c4ccccc4)c3C2=O)C(=O)N1,0
N#CN1CCC(c2[nH]ccc(=O)c2C(=O)Nc2ccc(C3CCC(=O)NC3=O)cc2)C1,1
N#CN1CCCC(c2ccc(-c3cccc(C(=O)NC4CCC(=O)NC4=O)n3)cc2)C1,1
O=C1CCC(N2C(=O)c3ccc(NC(=O)C4CCC4)cc3C2=O)C(=O)N1,0
COCC1(C(=O)Nc2ccc3c(c2)C(=O)N(C2CCC(=O)NC2=O)C3=O)CCC1,0
O=C1CCC(N2Cc3ccc(S(=O)(=O)n4ccc(C(F)(F)F)n4)cc3C2=O)C(=O)N1,1
O=C1CCC(N2Cc3ccc(S(=O)(=O)n4cc(F)cn4)cc3C2=O)C(=O)N1,1
O=C1CCC(N2Cc3ccc(S(=O)(=O)n4cc(C(F)(F)F)cn4)cc3C2=O)C(=O)N1,1
O=C1CCC(N2Cc3ccc(S(=O)(=O)n4ccc(F)n4)cc3C2=O)C(=O)N1,1
Cc1cnn(S(=O)(=O)c2ccc3c(c2)C(=O)N(C2CCC(=O)NC2=O)C3)c1,1
N#CN1CCCC(c2ncc3n2C(C(=O)Nc2ccc(C4CCC(=O)NC4=O)cc2)CCC3)C1,1
O=C1CCC(NC(=O)c2cc3ccccc3cc2NC(=O)C2CC2)C(=O)N1,0
O=C1CCC(c2ccc(NC(=O)c3coc(Cn4cccn4)c3)cc2)C(=O)N1,0
O=C1CCC(N2Cc3cc(-c4cnn(-c5ccccc5)c4)ccc3C2=O)C(=O)N1,0
CC(C)Nc1nc(Nc2ccc(C3CCC(=O)NC3=O)cc2)nc(NC2CC2)n1,0
O=C1CCC(NC(=O)c2cccc3cc(S(=O)(=O)F)[nH]c23)C(=O)N1,1
O=C1CCC(NC(=O)c2cccc3c(S(=O)(=O)F)c[nH]c23)C(=O)N1,1
O=C1CCC(NC(=O)c2cccc3cc[nH]c23)C(=O)N1,0
O=C1CCC(NC(=O)c2ccc(S(=O)(=O)F)c3cc[nH]c23)C(=O)N1,1
N#Cc1c[nH]c2c(C(=O)NC3CCC(=O)NC3=O)cccc12,0
O=C1CCC(NC(=O)c2cc(S(=O)(=O)F)cc3cc[nH]c23)C(=O)N1,1
O=C1CCC(c2cccc(NC(=O)C3Cc4cccc(S(=O)(=O)F)c4N3)c2)C(=O)N1,1
O=C1CCC(c2cccc(NC(=O)C3Cc4ccc(S(=O)(=O)F)cc4N3)c2)C(=O)N1,1
CC(=O)N1c2ccccc2CC1C(=O)Nc1cccc(C2CCC(=O)NC2=O)c1,0
O=C1CCC(c2cccc(NC(=O)C3Cc4cc(S(=O)(=O)F)ccc4N3)c2)C(=O)N1,1
O=C1CCC(c2cccc(NC(=O)C3Cc4c(cccc4S(=O)(=O)F)N3)c2)C(=O)N1,1
COc1ccc(C)c2c1CC(C(=O)Nc1cccc(C3CCC(=O)NC3=O)c1)N2,0
O=C1CCC2(CC(c3cccnc3OS(=O)(=O)F)=NO2)C(=O)N1,1
O=C1CCC2(CC(c3cncc(OS(=O)(=O)F)c3)=NO2)C(=O)N1,1
O=C1CCC2(CC(c3ccc(OS(=O)(=O)F)nc3)=NO2)C(=O)N1,1
O=C1CCC2(CC(c3cccnc3)=NO2)C(=O)N1,0
O=C1CCC2(CC(c3ccc(S(=O)(=O)F)nc3)=NO2)C(=O)N1,1
N#CN1CCCC(c2cnc3n2CC(NC(=O)c2ccc(N4CCC(=O)NC4=O)cc2)CNC3)C1,1
O=C1CCC(N2Cc3cc(Nc4noc5ccccc45)ccc3C2=O)C(=O)N1,0
CC(=O)c1ccc(C2N=C(Nc3cccc4c3CN(C3CCC(=O)NC3=O)C4=O)C=CN2)cc1,0
COc1cc(F)ccc1C1N=C(Nc2cccc3c2CN(C2CCC(=O)NC2=O)C3=O)C=CN1,0
COc1cccc(C2N=C(Nc3cccc4c3CN(C3CCC(=O)NC3=O)C4=O)C=CN2)c1,0
O=C1NCc2c(OCc3nc(Cn4ccnc4)no3)cccc21,0
Cc1ccc(NC(=O)CCc2cccc(NC3=CC(=O)N(C4CCC(=O)NC4=O)C3=O)c2)cc1Cl,0
Cc1nc(C(=O)NC2CCC(=O)NC2=O)c2cc[nH]c2n1,0
Cc1c[nH]c2ncnc(C(=O)NC3CCC(=O)NC3=O)c12,0
N#CN1CCCC(c2nnnn2-c2cccc(C(=O)NC3CCC(=O)NC3=O)c2)C1,1
O=C1CCC(c2cccc(NC(=O)c3nnc(-c4ccccn4)s3)c2)C(=O)N1,0
O=C1CCC(N2Cc3ccc(-c4nccnc4S(=O)(=O)F)cc3C2=O)C(=O)N1,1
O=C1CCC(N2Cc3ccc(-c4cncc(OS(=O)(=O)F)n4)cc3C2=O)C(=O)N1,1
O=C1CCC(N2Cc3ccc(-c4cnc(OS(=O)(=O)F)cn4)cc3C2=O)C(=O)N1,1
O=C1CCC(N2Cc3ccc(-c4cncc(S(=O)(=O)F)n4)cc3C2=O)C(=O)N1,1
O=C1CCC(N2Cc3c(cc(-c4cnccn4)cc3S(=O)(=O)F)C2=O)C(=O)N1,1
CC(C)Oc1cncc(-c2ccc3c(c2)C(=O)N(C2CCC(=O)NC2=O)C3)n1,0
O=C1CCC(N2Cc3cc(S(=O)(=O)F)c(-c4cnccn4)cc3C2=O)C(=O)N1,1
CC1(NC(=O)CNc2cccc3c2CN(C2CCC(=O)NC2=O)C3=O)CC1,0
O=C1CCC(N2Cc3c(NCC(=O)NC4CC4F)cccc3C2=O)C(=O)N1,0
N#CN1CCCC(c2cc(-c3cncc(C(=O)NC4CCC(=O)NC4=O)c3)cc3c2OCC3)C1,1
O=C1CCC(NC(=O)c2c[nH]n3c2nc(=O)c2ccccc23)C(=O)N1,0
N#CN1CCCC(c2cccc(-n3cc(C(=O)NC4CCC(=O)NC4=O)nn3)c2)C1,1
O=C1CCC(NC(=O)c2cc3sc4ccccc4c3s2)C(=O)N1,0
Cc1cccc2c1CN(C1CCCC(=O)NC1=O)C2=O,0
N#CN1CCCC(c2cc(-c3ccc4c(c3)C(=O)N(C3CCC(=O)NC3=O)C4)[nH]n2)C1,1
CC1CCN(S(=O)(=O)Nc2ccc(C3CC(=O)NC(=O)C3)cc2)C1,0
CC1CCCN1S(=O)(=O)Nc1ccc(C2CC(=O)NC(=O)C2)cc1,0
N#CN1CCCC(c2cn(-c3cccc4c3CN(C3CCC(=O)NC3=O)C4=O)nn2)C1,1
O=C1CCC(NC(=O)c2cc(COc3ccc(Cl)cc3Cl)on2)C(=O)N1,0
O=C1CCC(c2ccc(NC(=O)c3cc(O)nc4c3CNCC4)cc2)C(=O)N1,0
Cn1ncc2nc(C(F)F)c(C(=O)NC3CCC(=O)NC3=O)cc21,0
N#CN1CCC(c2cc(-c3cccc4c3CN(C3CCC(=O)NC3=O)C4=O)cs2)C1,1
N#CN1CCC(c2cnc3c(-c4cn(C5CCC(=O)NC5=O)nn4)cccc3c2)C1,1
Cc1nc(Nc2ccc(C3CCC(=O)NC3=O)cc2)c2ccn(CC#N)c2n1,0
O=C1CCC(N2Cc3c(cccc3-c3cc4c(c(OS(=O)(=O)F)c3)CCO4)C2=O)C(=O)N1,1
O=C1CCC(N2Cc3c(cccc3-c3ccc4c(c3)OCC4)C2=O)C(=O)N1,0
O=C1CCC(c2ccc(NC(=O)C3CCc4cc(O)cc(=O)n43)cc2)C(=O)N1,0
O=C1CCC(c2ccc(NC(=O)C3CCc4c(S(=O)(=O)F)ccc(=O)n43)cc2)C(=O)N1,1
N#CN1CCC(c2ccc3c(c2)N=C(C(=O)Nc2cccc(C4CCC(=O)NC4=O)c2)C3)C1,1
O=C1CCC(N2C(=O)c3cccc(-c4cncc(S(=O)(=O)F)c4)c3C2=O)C(=O)N1,1
O=C1CCC(N2C(=O)c3cccc(-c4cncc(OS(=O)(=O)F)c4)c3C2=O)C(=O)N1,1
O=C1CCC(N2C(=O)c3cccc(-c4cccnc4)c3C2=O)C(=O)N1,0
O=C1CCC(N2C(=O)c3ccc(NC(=O)c4ccno4)cc3C2=O)C(=O)N1,0
CCC1(c2ccc(NC(=O)C3(C(=O)O)CC4(CCC4)C3)cc2)CCC(=O)NC1=O,0
N#CN1CCCC(c2ccc3cnc(C(=O)NC4CCC(=O)NC4=O)cc3c2)C1,1
O=C1CCC(c2ccc(Nc3c4c(nc5ncnn35)CCCC4)cc2)C(=O)N1,0
O=C1CCC(NC(=O)c2ccc(-c3cccc4cccnc34)o2)C(=O)N1,0
CN1CCc2nc(C(=O)Nc3ccc(C4CCC(=O)NC4=O)cc3)sc2C1,0
O=C1CCC(NC(=O)c2cnc(-c3cccnc3)s2)C(=O)N1,0
O=C1CCC(N2Cc3c(C#CCNCc4ccccc4)cccc3C2=O)C(=O)N1,0
N#CN1CCCC(c2ccnc(-c3ncc(C(=O)NC4CCC(=O)NC4=O)s3)c2)C1,1
CCCN(CC1CC1)S(=O)(=O)Nc1ccc(C2CCC(=O)NC2=O)cc1,0
CCCc1nc(C(=O)NC2CCC(=O)NC2=O)nn1-c1ccccc1F,0
Cc1nc(C(=O)NC2CCC(=O)NC2=O)nn1-c1ccc(Cl)cc1Cl,0
CCC1CCCN(C(=O)Nc2ccc(C3(CC)CCC(=O)NC3=O)cc2)C1,0
O=C1CCC(c2ccc(NC(=O)c3ccc4nnc(C5CC5)n4c3)cc2)C(=O)N1,0
O=C1CCC(N2Cc3cc(CNC(=O)C4CCc5ccccc5C4)ccc3C2=O)C(=O)N1,0
O=C1CCC(n2cc(-c3cnc(Cl)nc3)nn2)C(=O)N1,0
O=C1CCC(N2Cc3cc(-c4sncc4OS(=O)(=O)F)ccc3C2=O)C(=O)N1,1
O=C1CCC(N2Cc3cc(-c4cc(S(=O)(=O)F)ns4)ccc3C2=O)C(=O)N1,1
Cc1cc(-c2ccc3c(c2)CN(C2CCC(=O)NC2=O)C3=O)sn1,0
O=C1CCC(N2Cc3cc(-c4cc(OS(=O)(=O)F)ns4)ccc3C2=O)C(=O)N1,1
O=C1CCC(N2Cc3cc(-c4ccns4)c(S(=O)(=O)F)cc3C2=O)C(=O)N1,1
O=C1CCC(N2Cc3cc(-c4sncc4S(=O)(=O)F)ccc3C2=O)C(=O)N1,1
O=C1CCC(N2Cc3cc(-c4ccc(C5CC5)cc4)ccc3C2=O)C(=O)N1,0
Nc1nc2c(Br)cc(C(=O)NC3CCC(=O)NC3=O)cc2s1,0
NCc1nc2ccc(C(=O)NC3CCC(=O)NC3=O)cc2s1,0
O=C1CCC(NC(=O)c2cc(S(=O)(=O)F)c3ncsc3c2)C(=O)N1,1
O=C1CCC(N2Cc3c(C(=O)Nc4c[nH]nc4C(=O)O)cccc3C2=O)C(=O)N1,0
Cc1cc(NC(=O)C(C)n2cc3c(n2)CCCC3)cc(N2CCC(=O)NC2=O)c1,0
Cc1cc(C(=O)Nc2cccc3c2CN(C2CCC(=O)NC2=O)C3=O)ncn1,0
CC1(C)CN(C(=O)Nc2ccc3c(c2)CN(C2CCC(=O)NC2=O)C3=O)C1,0
O=C1CCC(N2Cc3cc(NC(=O)N4CC(F)(F)C4)ccc3C2=O)C(=O)N1,0
CC(=O)C1CN(C(=O)Nc2ccc3c(c2)CN(C2CCC(=O)NC2=O)C3=O)C1,0
COc1cccc(C(=O)NC2CCC(=O)NC2=O)c1-n1cccn1,0
O=C1CCC(n2cc(CC(O)C3CC3)nn2)C(=O)N1,0
O=C1CCC(NC(=O)c2coc(CNC(=O)c3ccc4cncn4c3)c2)C(=O)N1,0
N#CN1CCC(c2ccc3c(c2)CC(NC(=O)c2cccc(N4CCC(=O)NC4=O)c2)CO3)C1,1
O=C1CCC(NC(=O)c2ncsc2Cc2ccccc2)C(=O)N1,0
O=C1CCC(N2Cc3cc(Br)cnc3C2=O)C(=O)N1,0
O=C1CCC(N2Cc3ccc(OS(=O)(=O)F)nc3C2=O)C(=O)N1,1
O=C1CCC(N2Cc3cc(OS(=O)(=O)F)cnc3C2=O)C(=O)N1,1
O=C1CCC(N2Cc3cc(S(=O)(=O)F)cnc3C2=O)C(=O)N1,1
N#CN1CCCC(c2ncn(-c3ccc(C(=O)NC4CCC(=O)NC4=O)cc3)n2)C1,1
N#CN1CCCC(c2cccc(-n3ncc(C(=O)NC4CCC(=O)NC4=O)n3)c2)C1,1
O=C1CCC(NC(=O)c2cc(-c3ccccc3)c(N3CCOCC3)s2)C(=O)N1,0
CCc1nsc(NC2CCC(=O)N(C)C2=O)n1,0
O=C1CCC(Nc2nc(C(F)(F)F)ns2)C(=O)N1,0
O=C1CCC(NC(=O)c2cc(S(=O)(=O)F)cn3cnnc23)C(=O)N1,1
CCN(C)c1nnc2c(C(=O)NC3CCC(=O)NC3=O)ccc(C(F)(F)F)n12,0
O=C1CCC(NC(=O)c2cccn3c(S(=O)(=O)F)nnc23)C(=O)N1,1
O=C1CCC(NC(=O)c2ccc(S(=O)(=O)F)n3cnnc23)C(=O)N1,1
O=C1CCC(NC(=O)c2cc(OS(=O)(=O)F)cn3cnnc23)C(=O)N1,1
O=C1CCC(N2Cc3c(ccc(S(=O)(=O)F)c3C=C3CCOC3)C2=O)C(=O)N1,1
O=C1CCC(N2Cc3c(C=C4CCOC4)cccc3C2=O)C(=O)N1,0
O=C1CCC(N2Cc3c(C=C4CCOC4)cc(S(=O)(=O)F)cc3C2=O)C(=O)N1,1
Cc1ccc(-c2cncc(-n3cccn3)c2)cc1N1CCC(=O)NC1=O,0
O=C1CCN(c2cccc(-c3cncc(-n4nccc4S(=O)(=O)F)c3)c2)C(=O)N1,1
O=C1CCN(c2cccc(-c3cncc(-n4ccc(S(=O)(=O)F)n4)c3)c2)C(=O)N1,1
O=C1CCC(c2ccc(NC(=O)C(O)c3cccc4c3OCC4)cc2)C(=O)N1,0
O=C1CCC(c2ccc(NC(=O)CN3CCn4ccnc4C3)cc2)C(=O)N1,0
N#CN1CCC(c2ncsc2C(=O)Nc2ccc(C3CCC(=O)NC3=O)cc2)C1,1
O=C1CCC(N2Cc3cc(NC(=O)c4cc5ncccn5n4)ccc3C2=O)C(=O)N1,0
O=C1CCC(c2cccc(NC(=O)c3nn[nH]c3C3CCCN3)c2)C(=O)N1,0
N#CN1CCC(c2[nH]nnc2-c2ccc3c(c2)CN(C2CCC(=O)NC2=O)C3=O)C1,1
NS(=O)(=O)c1cc(Nc2ccc(C3CCC(=O)NC3=O)cc2)ccn1,0
O=C1CCC(NC(=O)c2ccc(Oc3ccc4c(c3)OCO4)o2)C(=O)N1,0
O=C1CCC(NC(=O)c2cccc(NC(=O)c3ccc4[nH]cnc4c3)c2)C(=O)N1,0
O=C1CCC(NC(=O)c2cccnc2Oc2cccnc2)C(=O)N1,0
CC(C(=O)Nc1ccc(C2CCC(=O)NC2=O)cc1)n1cnc(-c2nn[nH]n2)n1,0
N#CN1CCC(c2[nH]ncc2-c2ccc3c(c2)CN(C2CCC(=O)NC2=O)C3=O)C1,1
COc1cnnc(C(=O)NCc2ncc(C(=O)NC3CCC(=O)NC3=O)cn2)c1,0
Cc1nc2c3ccccc3nc(Nc3cccc(C4CCC(=O)NC4=O)c3)n2n1,0
O=C1CCC(Nc2cccc(NC(=O)CN3CCNCC3)c2)C(=O)N1,0
CC(C)c1ccc(Oc2cc(C(=O)NC3CCC(=O)NC3=O)ccn2)cc1,0
O=C1CCC(NC(=O)c2cc(Cl)nc(Oc3ccc(Cl)cc3)c2)C(=O)N1,0
O=C1CCC(NC(=O)c2nnc(-c3ccns3)o2)C(=O)N1,0
O=C1CCC(N2Cc3c(NC(=O)C4CC=CCC4)cccc3C2=O)C(=O)N1,0
N#CN1CCC(c2ccc(-c3nccc(C(=O)NC4CCC(=O)NC4=O)n3)cc2)C1,1
CCN1CCOC(C(=O)NCc2ccoc2C(=O)NC2CCC(=O)NC2=O)C1,0
O=C1CCC(NC(=O)c2ccnc3cc(S(=O)(=O)F)cnc23)C(=O)N1,1
O=C1CCC(NC(=O)c2ccnc3c(S(=O)(=O)F)ccnc23)C(=O)N1,1
O=C1CCC(NC(=O)c2cc(S(=O)(=O)F)nc3cccnc23)C(=O)N1,1
COc1ccc2nccc(C(=O)NC3CCC(=O)NC3=O)c2n1,0
O=C1CCC(NC(=O)c2cncc3c2CCNC3=O)C(=O)N1,0
N#CN1CCC(c2cc(=O)[nH]cc2-c2ccc3c(c2)C(=O)N(C2CCC(=O)NC2=O)C3)CC1,1
O=C1CCC(N2Cc3ccc(-n4cc(C5CCCC5)nn4)cc3C2=O)C(=O)N1,0
O=C1CCC(c2cccc(NC(=O)CC3CC4(CCOCC4)CN3)c2)C(=O)N1,0
CCCn1ccc(C(=O)Nc2ccc3c(c2)C(=O)N(C2CCC(=O)NC2=O)C3)n1,0
CC(=O)N(C1CCC(=O)NC1=O)C(C(=O)NC1CCCCC1)c1ccc(C)cc1,0
O=C1CCC(NC(=O)c2cc3nccc(S(=O)(=O)F)c3[nH]2)C(=O)N1,1
O=C1CCC(NC(=O)c2[nH]c3cccnc3c2Br)C(=O)N1,0
CC(C)c1cnc2cc(C(=O)NC3CCC(=O)NC3=O)[nH]c2c1,0
O=C1CCC(NC(=O)c2cc3nc(S(=O)(=O)F)ccc3[nH]2)C(=O)N1,1
O=C1CCC(NC(=O)c2onc3cc(S(=O)(=O)F)ccc23)C(=O)N1,1
O=C1CCC(NC(=O)c2onc3ccc(OS(=O)(=O)F)cc23)C(=O)N1,1
O=C1CCC(NC(=O)c2onc3c(S(=O)(=O)F)cccc23)C(=O)N1,1
O=C1CCC(NC(=O)c2onc3ccc(S(=O)(=O)F)cc23)C(=O)N1,1
O=C1CCC(NC(=O)c2onc3ccccc23)C(=O)N1,0
N#CN1CCC(c2ccc(-n3cncc3C(=O)NC3CCC(=O)NC3=O)nc2)C1,1
COc1c(-c2cn(C3CCC(=O)NC3=O)nn2)csc1C(=O)N1CCCC1,0
O=C1CCC(n2cc(-c3csc(C(=O)N4CCCC4)c3)nn2)C(=O)N1,0
O=C1CCC(NC(=O)c2n[nH]c3c2CN(C(=O)CCc2cccnc2)C3)C(=O)N1,0
N#CN1CCC(c2cnnc(-n3cc(C(=O)NC4CCC(=O)NC4=O)cn3)c2)C1,1
N#CN1CCC(c2ccccc2-c2ccc3c(c2)C(=O)N(C2CCC(=O)NC2=O)C3)CC1,1
CSc1ncc(Br)c(C(=O)NC2CCC(=O)NC2=O)n1,0
COc1cnc(N(C)C)nc1C(=O)NC1CCC(=O)NC1=O,0
O=C1CCC(NC(=O)c2ccc(NC(=O)c3ccco3)s2)C(=O)N1,0
Cc1nnc2n1CCC2(C)C(=O)Nc1ccc(C2CCC(=O)NC2=O)cc1,0
O=C1CCC(N2Cc3c(ccc4c3OCC43CCN(Cc4ccccc4)CC3)C2=O)C(=O)N1,0
O=C1CCC(N2Cc3c(ccc4c3OCC43CCN(Cc4ccccc4)CC3(F)F)C2=O)C(=O)N1,0
O=C1CCC(N2Cc3c(ccc4c3OCC43CCN(Cc4ccccc4)CC3O)C2=O)C(=O)N1,0
O=C1CCC(N2Cc3cc(Nc4cnc5ccccn45)ccc3C2=O)C(=O)N1,0
O=C1CCC(N2Cc3c(C#CCOc4ccccc4)cccc3C2=O)C(=O)N1,0
O=Cc1ccc(OCC#Cc2cccc3c2CN(C2CCC(=O)NC2=O)C3=O)cc1,0
N#CN1CCC(c2cc3c(cc2C(=O)Nc2ccc(C4CCC(=O)NC4=O)cc2)COCC3)CC1,1
O=C1CCC(NC(=O)c2conc2CNC(=O)C2CCCCNC2=O)C(=O)N1,0
N#CN1CCCC(c2ccc(-c3cc(C(=O)NC4CCC(=O)NC4=O)on3)cc2)C1,1
Cn1ccc2ccc(CNC3=CC(=O)N(C4CCC(=O)NC4=O)C3=O)cc21,1
O=C1CCC(NC(=O)c2nn(-c3ccccc3)c(=O)cc2O)C(=O)N1,0
O=C1CCC(NC(=O)c2ccc(=O)n(-c3ccc(F)cc3)n2)C(=O)N1,0
O=C1CCC(NC(=O)c2ccc(=O)n(-c3cccc(S(=O)(=O)F)c3)n2)C(=O)N1,1
O=C1CCC(NC(=O)c2ccc(=O)n(-c3ccccc3F)n2)C(=O)N1,0
N#CN1CCC(c2cccc(-n3nc(C(=O)NC4CCC(=O)NC4=O)ccc3=O)c2)CC1,1
O=C1CCC(NC(=O)c2cccc(CN3CCCC3=O)c2)C(=O)N1,0
O=C1CCC(NC(=O)c2cc(C3CC3)ns2)C(=O)N1,0
O=C1CCC(N2Cc3cc(C(=O)NC4CCCC4)ccc3C2=O)C(=O)N1,0
O=C1CCC(N2Cc3cc(C(=O)NC4CCC(C(=O)O)C4)ccc3C2=O)C(=O)N1,0
O=C1CCC(N2Cc3cc(C(=O)NC4(C(=O)O)CCCC4)ccc3C2=O)C(=O)N1,0
O=C1CCC(N2Cc3cc(NCc4cc5ccccc5cn4)ccc3C2=O)C(=O)N1,0
COCCCn1cc(C)c(NC(=O)Nc2ccc(C3CCC(=O)NC3=O)cc2)n1,0
O=C1CCC(NC(=O)c2ccc(S(=O)(=O)F)nn2)C(=O)N1,1
O=C1CCC(NC(=O)c2cc(S(=O)(=O)F)cnn2)C(=O)N1,1
CCCc1cnnc(C(=O)NC2CCC(=O)NC2=O)c1,0
O=C1CCC(NC(=O)c2nnc(O)c(Br)c2O)C(=O)N1,0
N#CN1CCC(c2ccc(-c3ncc(C(=O)NC4CCC(=O)NC4=O)s3)cc2)C1,1
O=C1CCC(NC(=O)c2ccnc(-c3ncc[nH]3)c2)C(=O)N1,0
N#CN1CCCC(c2cc(-c3ccc(C(=O)NC4CCC(=O)NC4=O)cn3)ccn2)C1,1
CCC1(c2ccc(NC(=O)c3ccn(C)c(=O)c3)cc2)CCC(=O)NC1=O,0
N#CN1CCC(c2cccc(C(=O)Nc3cccc4c3CN(C3CCC(=O)NC3=O)C4=O)c2)CC1,1
N#CN1CCC(c2[nH]nc3c2CN(C(=O)c2ccc(N4CCC(=O)NC4=O)cc2)C3)C1,1
NCC1CCCc2ccc(C(=O)NC3CCC(=O)NC3=O)cc21,0
O=C1CCC(NC(=O)c2cc3c(c(S(=O)(=O)F)c2)CCCC3)C(=O)N1,1
Cc1ccc(-c2cnc(C(=O)NC3CCC(=O)NC3=O)nc2)cc1,0
N#CN1CCCC(c2cccc(-c3csc(C(=O)NC4CCC(=O)NC4=O)n3)c2)C1,1
N#CN1CCC(c2ccnc(-c3ccc4c(c3)CN(C3CCC(=O)NC3=O)C4=O)c2)C1,1
O=C1CCC(n2cc(CC(O)c3ccccc3)nn2)C(=O)N1,0
Cc1cc(Br)c2oc(C(=O)NC3CCC(=O)NC3=O)cc2c1,0
O=C1CCC(NC(=O)c2cc3cccc(OC(F)F)c3o2)C(=O)N1,0
O=C1CCC(NC(=O)c2cc3cc(Br)ccc3o2)C(=O)N1,0
O=C1CCC(NC(=O)c2cc3cccc(S(=O)(=O)F)c3o2)C(=O)N1,1
Cc1ccc(C)c2c(C)c(C(=O)NC3CCC(=O)NC3=O)oc12,0
O=C1CCC(NC(=O)c2cc3c(S(=O)(=O)F)cccc3o2)C(=O)N1,1
Cc1ccc2oc(C(=O)NC3CCC(=O)NC3=O)cc2c1,0
Cc1ccc(F)c2oc(C(=O)NC3CCC(=O)NC3=O)cc12,0
CCc1c(C(=O)NC2CCC(=O)NC2=O)oc2ccc(Br)cc12,0
CCOc1ccc2oc(C(=O)NC3CCC(=O)NC3=O)cc2c1,0
O=C1CCC(NC(=O)c2cc3ccccc3o2)C(=O)N1,0
O=C1CCC(NC(=O)c2cc3ccc(S(=O)(=O)F)cc3o2)C(=O)N1,1
CC(Cl)C(=O)NCC1c2ccccc2C(=O)N1Cc1ccccc1,1
O=C1CCC(Nc2cc(=O)n3ccc(S(=O)(=O)F)cc3n2)C(=O)N1,1
O=C1CCC(Nc2nc3ccccn3c(=O)c2[N+](=O)[O-])C(=O)N1,0
O=C1CCC(Nc2cc(=O)n3cc(Cl)ccc3n2)C(=O)N1,0
O=C1CCC(N2Cc3cc(C(=O)NC4CCSCC4)ccc3C2=O)C(=O)N1,0
N#CN1CCC(c2cnccc2Nc2ccc(C3CCC(=O)NC3=O)cc2)C1,1
O=C1CCC(N2Cc3cc(-c4coc(OS(=O)(=O)F)n4)ccc3C2=O)C(=O)N1,1
O=C1CCC(N2Cc3cc(-c4coc(S(=O)(=O)F)n4)ccc3C2=O)C(=O)N1,1
COC(=O)c1ocnc1-c1ccc2c(c1)CN(C1CCC(=O)NC1=O)C2=O,0
O=C1CCC(N2Cc3cc(-c4cocn4)c(S(=O)(=O)F)cc3C2=O)C(=O)N1,1
O=C1CCC(N2Cc3cc(-c4ncoc4OS(=O)(=O)F)ccc3C2=O)C(=O)N1,1
O=C1CCC(N2Cc3cc(-c4ncoc4S(=O)(=O)F)ccc3C2=O)C(=O)N1,1
N#CN1CCC(c2ccc(-n3nccc3-c3ccc(N4CCC(=O)NC4=O)cc3)cc2)C1,1
N#CN1CCC(c2cccc(-c3nc(C(=O)NC4CCC(=O)NC4=O)cs3)n2)C1,1
N#CN1CCC(c2ccccc2-c2cccc(C(=O)NC3CCC(=O)NC3=O)n2)C1,1
N#CN1CCC(c2ccc3nnc(C(=O)NC4CCC(=O)NC4=O)nc3c2)C1,1
O=C1CCC(NC(=O)C2CCNc3c2cccc3S(=O)(=O)F)C(=O)N1,1
O=C1CCC(NC(=O)C2CCNc3ccc(S(=O)(=O)F)cc32)C(=O)N1,1
O=C1CCC(NC(=O)C2CCNc3ccccc32)C(=O)N1,0
O=C1CCC(NC(=O)C2CCNc3cc(S(=O)(=O)F)ccc32)C(=O)N1,1
N#CN1CCC(c2ccccc2C(=O)Nc2ccc(C3CCC(=O)NC3=O)cc2)C1,1
C=CC(=O)NC1c2ccccc2CC1NC(=O)c1cccc2c1C(=O)NC2,1
O=C(CCl)NC1c2ccccc2CC1NC(=O)c1cccc2c1C(=O)NC2,1
O=C1CCC(NC(=O)c2nc(N3CCCC3)sc2Cl)C(=O)N1,0
N#CN1CCC(c2c(C(=O)Nc3cccc(C4CCC(=O)NC4=O)c3)ccc3c2CCCC3)C1,1
Cc1nsc2ncc(C(=O)NC3CCC(=O)NC3=O)cc12,0
O=C1CCC(NC(=O)c2cnc3snc(S(=O)(=O)F)c3c2)C(=O)N1,1
O=C1CCC(NC(=O)c2cc(S(=O)(=O)F)nn3ccnc23)C(=O)N1,1
O=C1CCC(NC(=O)c2ccnn3cc(OS(=O)(=O)F)nc23)C(=O)N1,1
O=C1CCC(NC(=O)c2ccnn3c(S(=O)(=O)F)cnc23)C(=O)N1,1
O=C1CCC(NC(=O)c2ccnn3ccnc23)C(=O)N1,0
O=C1CCC(N2C(=O)c3cccc(NC(=O)C4CCCC4)c3C2=O)C(=O)N1,0
N#CN1CCCC(c2cccc(-c3[nH]ncc3C(=O)NC3CCC(=O)NC3=O)c2)C1,1
CC(C)n1ccnc1C(=O)NC1CCC(=O)NC1=O,0
CCc1cnc(C(=O)NC2CCC(=O)NC2=O)[nH]1,0
O=C1CCC(NC(=O)c2[nH]cnc2-c2ccccc2)C(=O)N1,0
Cn1cnc(-c2ccc(F)cc2)c1C(=O)NC1CCC(=O)NC1=O,0
N#CN1CCC(c2cccc(-c3ncc(C(=O)NC4CCC(=O)NC4=O)[nH]3)c2)C1,1
O=C1CCC(N2Cc3cc(-c4ncc5ccccc5n4)ccc3C2=O)C(=O)N1,0
Cc1cc(Nc2ccc(F)c(N3CCC(=O)NC3=O)c2)nc(C2CCCOC2)n1,0
O=C1CCC(NC(=O)c2ncnc3cc(S(=O)(=O)F)sc23)C(=O)N1,1
O=C1CCC(NC(=O)c2ncnc3c(S(=O)(=O)F)csc23)C(=O)N1,1
O=C1CCC(NC(=O)c2ncnc3cc(OS(=O)(=O)F)sc23)C(=O)N1,1
Cc1csc2c(C(=O)NC3CCC(=O)NC3=O)ncnc12,0
N#CN1CCC(c2cccc(-c3ccc4c(c3)CN(C3CCC(=O)NC3=O)C4=O)c2)C1,1
Cc1cc(-c2ccccc2)n(-c2ccc(C(=O)NC3CCC(=O)NC3=O)cc2)n1,0
N#CN1CCC(c2cccc(-c3cc(C(=O)NC4CCC(=O)NC4=O)[nH]n3)c2)C1,1
Cc1cc2ncnc(Nc3ccc4c(c3)C(=O)N(C3CCC(=O)NC3=O)C4)c2[nH]1,0
O=C1CCC(N2Cc3cc(OCCOCCOCCOCc4ccccc4)ccc3C2=O)C(=O)N1,0
CCCCCc1cc(C(=O)NC2CCC(=O)NC2=O)n[nH]1,0
CCc1cc(C(=O)NC2CCC(=O)NC2=O)nn1CCO,0
CC(C)Oc1cc(C(=O)NC2CCC(=O)NC2=O)nn1C,0
CC(=O)Nc1[nH]nc(C(=O)NC2CCC(=O)NC2=O)c1Br,0
Cc1[nH]nc(C(=O)NC2CCC(=O)NC2=O)c1C(F)(F)F,0
CCCn1cc(Cl)c(C(=O)NC2CCC(=O)NC2=O)n1,0
CC(C)c1c[nH]nc1C(=O)NC1CCC(=O)NC1=O,0
CCn1nc(C(=O)NC2CCC(=O)NC2=O)cc1C,0
O=C1CCC(NC(=O)c2cc(C(F)(F)F)n(C(F)F)n2)C(=O)N1,0
N#CN1CCC(c2ccnc(NC(=O)c3cccc4c3CN(C3CCC(=O)NC3=O)C4=O)c2)C1,1
Cc1ccn(-c2ccnc(C(=O)Nc3cccc(C4CCC(=O)NC4=O)c3)n2)n1,0
N#CN1CCC(c2c(C(=O)Nc3ccc(C4CCC(=O)NC4=O)cc3)sc3c2COCC3)C1,1
CN(Cc1cnc(-n2cccn2)s1)C(=O)c1ccc2c(c1)CNC2=O,0
O=C1CCC(NC(=O)c2cc(C3CC3)nc3c2nc2n3CCCCC2)C(=O)N1,0
O=C(NC1CCc2n[nH]c(=O)cc2C1)c1ccc2c(c1)C(=O)NC2,0
O=C1CCC(c2ccc(Nc3nc(-c4cccnc4)nc4c3CCC4)cc2)C(=O)N1,0
O=C1CCC(N2Cc3cc(C4CC4)c(S(=O)(=O)F)cc3C2=O)C(=O)N1,1
O=C1CCC(N2Cc3c(ccc(C4CC4)c3S(=O)(=O)F)C2=O)C(=O)N1,1
O=C1CCC(N2Cc3cc(C4CC4)ccc3C2=O)C(=O)N1,0
N#CN1CCC(c2scnc2-c2ccc3c(c2)CN(C2CCC(=O)NC2=O)C3=O)CC1,1
Cc1cc(NC(=O)C23CCN(C)CC2CNC3)ccc1N1CCC(=O)NC1=O,0
Cn1nc2c(c1C(=O)NC1CCC(=O)NC1=O)CS(=O)(=O)CC2,0
N#CN1CCC(c2cccc(-n3cncc3C(=O)NC3CCC(=O)NC3=O)n2)C1,1
Cc1cccc(NC(=O)NCc2ccc3nnn(C4CCC(=O)NC4=O)c(=O)c3c2)c1,0
CC(C)(C)c1ccc(NC(=O)NCc2ccc3nnn(C4CCC(=O)NC4=O)c(=O)c3c2)cc1Cl,0
CC(NC(=O)Nc1ccc(C(C)(C)C)cc1)c1ccc2nnn(C3CCC(=O)NC3=O)c(=O)c2c1,0
COc1ccc(NC(=O)NCc2ccc3nnn(C4CCC(=O)NC4=O)c(=O)c3c2)cc1,0
COc1ccc(NC(=O)NCc2ccc3nnn(C4CCC(=O)NC4=O)c(=O)c3c2)cc1Cl,0
O=C1CCC(n2nnc3ccc(CNC(=O)Nc4c(Cl)cccc4Cl)cc3c2=O)C(=O)N1,0
CC(C)(C)c1cccc(NC(=O)NCc2ccc3nnn(C4CCC(=O)NC4=O)c(=O)c3c2)c1,0
O=C1CCC(n2nnc3ccc(CNC(=O)Nc4ccccc4)cc3c2=O)C(=O)N1,0
O=C1CCC(n2nnc3ccc(CNC(=O)Nc4cccc(Cl)c4Cl)cc3c2=O)C(=O)N1,0
CC(C)(C)c1ccc(NC(=O)NCc2ccc3nnn(C4CCC(=O)NC4=O)c(=O)c3c2)cc1,0
Cc1ccc(NC(=O)NCc2ccc3nnn(C4CCC(=O)NC4=O)c(=O)c3c2)cc1,0
Cc1ccc(NC(=O)NCc2ccc3nnn(C4CCC(=O)NC4=O)c(=O)c3c2)cc1C,0
O=C1CCC(n2nnc3ccc(CNC(=O)Nc4cc(Cl)cc(Cl)c4)cc3c2=O)C(=O)N1,0
O=C1CCC(n2nnc3ccc(CNC(=O)Nc4ccc(Cl)cc4)cc3c2=O)C(=O)N1,0
Cc1ccc(NC(=O)NC(C)c2ccc3nnn(C4CCC(=O)NC4=O)c(=O)c3c2)cc1Cl,0
CC(NC(=O)Nc1cccc(C(C)(C)C)c1)c1ccc2nnn(C3CCC(=O)NC3=O)c(=O)c2c1,0
Cc1ccc(NC(=O)NCc2ccc3nnn(C4CCC(=O)NC4=O)c(=O)c3c2)cc1Cl,0
O=C1CC(c2cccc(NC(=O)Cc3n[nH]c4ccccc34)c2)CC(=O)N1,0
N#CN1CCC(c2cc(-c3ncc(C(=O)NC4CCC(=O)NC4=O)s3)ccn2)C1,1
CC(C(=O)N(C)CC(=O)Nc1ccc(C2CCC(=O)NC2=O)cc1)n1cccn1,0
CN1Cc2ccc(CNC(=O)N3CCC(Cc4ccncc4)C3)cc2C1=O,0
O=C1CCC(c2ccc(NC(=O)Cc3c[nH]c4nccc(Cl)c34)cc2)C(=O)N1,0
O=C1CCC(c2ccc(NC(=O)C3CC(=O)N(Cc4ccco4)C3)cc2)C(=O)N1,0
O=C1CCC(N2Cc3c(C(=O)N4CCCCC4C(=O)O)cccc3C2=O)C(=O)N1,0
NCCC1CCCCN1C(=O)c1cccc2c1CN(C1CCC(=O)NC1=O)C2=O,0
O=C1CCC(N2Cc3c(C(=O)N4CCCC(C(=O)O)C4)cccc3C2=O)C(=O)N1,0
O=C1CCC(N2C(=O)c3ccc(NC(=O)c4cccc(S(=O)(=O)F)c4)cc3C2=O)C(=O)N1,1
O=C1CCC(N2C(=O)c3ccc(NC(=O)c4ccccc4)cc3C2=O)C(=O)N1,0
O=C1CCC(N2C(=O)c3ccc(NC(=O)c4ccccc4S(=O)(=O)F)cc3C2=O)C(=O)N1,1
Cc1ccc(C(=O)Nc2ccc3c(c2)C(=O)N(C2CCC(=O)NC2=O)C3=O)cc1,0
CC1(C(=O)NC2CCCCC2)CCC(=O)N1C1CCC(=O)NC1=O,0
N#CN1CCC(c2oc(C(=O)Nc3ccc(C4CCC(=O)NC4=O)cc3)c3c2COCC3)C1,1
Cc1nn2c(C)cccc2c1C(=O)Nc1ccc(NC2CCC(=O)NC2=O)cc1,0
COc1c(-c2cn(C3CCC(=O)NC3=O)nn2)csc1C(=O)NC1CCCC1,0
N#CN1CCC(c2ccncc2C(=O)Nc2ccc(C3CCC(=O)NC3=O)cc2)C1,1
N#CN1CCCC(c2ccsc2C(=O)Nc2cccc3c2CN(C2CCC(=O)NC2=O)C3=O)C1,1
O=C1CCC(N2CCc3cc(N4CCCCC4)ccc32)C(=O)N1,0
N#CN1CCCC(c2cccc(NC(=O)c3ccc4c(c3)CN(C3CCC(=O)NC3=O)C4=O)c2)C1,1
CN1C(=O)CCC(NC(=O)c2cnc3c(c2)NC(=O)CS3)C1=O,0
O=C1CCC(N2Cc3c(ccc(S(=O)(=O)F)c3N3CCNCC3)C2=O)C(=O)N1,1
O=C1CCC(N2Cc3c(cccc3N3CCNCC3)C2=O)C(=O)N1,0
O=C1CCC(N2Cc3c(cc(S(=O)(=O)F)cc3N3CCNCC3)C2=O)C(=O)N1,1
O=C1CCN(c2cccc(-c3c(S(=O)(=O)F)[nH]c4ccccc34)c2)C(=O)N1,1
O=C1CCN(c2ccc(S(=O)(=O)F)c(-c3c[nH]c4ccccc34)c2)C(=O)N1,1
O=C1CCN(c2cccc(-c3c[nH]c4cccc(S(=O)(=O)F)c34)c2)C(=O)N1,1
O=C1CCN(c2cccc(-c3c(OS(=O)(=O)F)[nH]c4ccccc34)c2)C(=O)N1,1
O=C1CCN(c2cccc(-c3c[nH]c4c(S(=O)(=O)F)cccc34)c2)C(=O)N1,1
O=C1CCN(c2cccc(-c3c[nH]c4cc(OS(=O)(=O)F)ccc34)c2)C(=O)N1,1
O=C1CCN(c2cccc(-c3c[nH]c4ccc(OS(=O)(=O)F)cc34)c2)C(=O)N1,1
Cc1ccc(-c2cn(C)c3ccc(F)cc23)cc1N1CCC(=O)NC1=O,0
O=C1CCN(c2cccc(-c3c[nH]c4ccc(S(=O)(=O)F)cc34)c2)C(=O)N1,1
N#CN1CCC(c2cccc(-c3coc(C(=O)NC4CCC(=O)NC4=O)c3)c2)C1,1
O=C1CCC(NC(=O)c2ncnc3sccc23)C(=O)N1,0
O=C1CCC(NC(=O)c2ncnc3sc(OS(=O)(=O)F)cc23)C(=O)N1,1
O=C1CCC(NC(=O)c2cc3c(s2)CCCNC3=O)C(=O)N1,0
CC(C)(C)Nc1c(-c2ccc3c(c2)C(=O)N(C2CCC(=O)NC2=O)C3)nc2ccccn12,0
N#CN1CCC(c2cc3oc(-c4cccc(N5CCC(=O)NC5=O)c4)cc3cn2)C1,1
Cc1cc(C(=O)NC2CCC(=O)NC2=O)c2c(c1)C(C)CCN2,0
CC1(C)CCNc2c(C(=O)NC3CCC(=O)NC3=O)cccc21,0
O=C1CCC(NC(=O)c2ccc(S(=O)(=O)F)c3c2NCCC3)C(=O)N1,1
Cc1ccc(C(=O)NC2CCC(=O)NC2=O)c2c1CCCN2,0
O=C1CCC(NC(=O)c2cc(S(=O)(=O)F)cc3c2NCCC3)C(=O)N1,1
O=C1CCN(c2ccc(Nc3c4c(nc5ncnn35)CCCC4)cc2F)C(=O)N1,0
O=C1CCC(NC(=O)c2cc3nc(S(=O)(=O)F)ccc3s2)C(=O)N1,1
O=C1CCC(NC(=O)c2sc3cccnc3c2Br)C(=O)N1,0
O=C1CCC(NC(=O)c2cc3nccc(S(=O)(=O)F)c3s2)C(=O)N1,1
N#CN1CCCC(c2cc(-c3cccc4c3CN(C3CCC(=O)NC3=O)C4=O)cc3c2NCC3)C1,1
O=C1CCN(c2cccc(C(=O)N3CCc4cc(OS(=O)(=O)F)sc4C3)c2)C(=O)N1,1
O=C1CCN(c2cccc(C(=O)N3CCc4c(OS(=O)(=O)F)csc4C3)c2)C(=O)N1,1
O=C1CCN(c2cccc(C(=O)N3Cc4sccc4CC3CO)c2)C(=O)N1,0
O=C1CCC(N2C(=O)c3cccc(NC(=O)c4cccnc4)c3C2=O)C(=O)N1,0
Cc1nc(C(=O)Nc2cccc(C3CC(=O)NC(=O)C3)c2)c(C)s1,0
N#CN1CCC(c2ccc3c(c2)C(C(=O)Nc2cccc(C4CCC(=O)NC4=O)c2)CCC3)C1,1
N#Cc1cccc(-c2n[nH]cc2C(=O)Nc2ccc(C3CCC(=O)NC3=O)cc2)c1,0
N#CN1CCC(c2ccc(-c3ccc4c(c3)CN(C3CCC(=O)NC3=O)C4=O)nn2)C1,1
Cc1ccc(-n2[nH]c(C(=O)NC3CCC(=O)NC3=O)cc2=O)cc1C,0
CN(C)C(C(=O)Nc1ccc(C2CCC(=O)NC2=O)cc1)c1cncn1C,0
COc1ccc2c(CC(=O)Nc3ccc4c(c3)CN(C3CCC(=O)NC3=O)C4=O)cccc2c1,0
O=C1CCC(N2Cc3cc(NC(=O)Cc4cccc5ccccc45)ccc3C2=O)C(=O)N1,0
COc1ccc2cccc(CC(=O)Nc3ccc4c(c3)CN(C3CCC(=O)NC3=O)C4=O)c2c1,0
O=C1CCC(Oc2ccc(C3CCNCC3)c(S(=O)(=O)F)c2)C(=O)N1,1
O=C1CCC(Oc2ccc(C3CCNCC3)cc2)C(=O)N1,0
O=C1CCC(N2C(=O)c3cccc(-c4cnoc4S(=O)(=O)F)c3C2=O)C(=O)N1,1
Cc1noc(C)c1-c1cccc2c1C(=O)N(C1CCC(=O)NC1=O)C2=O,0
N#CN1CCCC(c2c(-c3ccc4c(c3)C(=O)N(C3CCC(=O)NC3=O)C4)ccc3c2CCC3)C1,1
NC1CCCn2cc(C(=O)NC3CCC(=O)NC3=O)nc21,0
COC1CCn2cc(C(=O)NC3CCC(=O)NC3=O)nc2C1,0
N#CN1CCC(c2ccc(NC(=O)c3cccc4c3CN(C3CCC(=O)NC3=O)C4=O)nc2)C1,1
N#CN1CCC(c2ccc3c(S(=O)(=O)NC4CCC(=O)NC4=O)csc3c2)C1,1
O=C1CCC(NC(=O)c2ccc3c(S(=O)(=O)F)n[nH]c3c2)C(=O)N1,1
N#Cc1n[nH]c2cc(C(=O)NC3CCC(=O)NC3=O)ccc12,0
O=C1CCC(NC(=O)c2cc(F)c3cn[nH]c3c2)C(=O)N1,0
Cn1nc(Br)c2ccc(C(=O)NC3CCC(=O)NC3=O)cc21,0
O=C1CCC(NC(=O)c2cc(S(=O)(=O)F)c3cn[nH]c3c2)C(=O)N1,1
Cc1nnc2n1CC(C(=O)Nc1ccc(NC3CCC(=O)NC3=O)cc1)N(C)C2,0
O=C1CCC(N2Cc3c(NC(=O)c4cnc5ccccc5c4)cccc3C2=O)C(=O)N1,0
O=C1CCC(N2CCCc3ccccc32)C(=O)N1,0
O=C1CCC(NC(=O)c2cc(Cl)cc3c2OCCNC3)C(=O)N1,0
O=C1CCC(N2Cc3ccc(C(=O)NC4(C(=O)O)CC4)cc3C2=O)C(=O)N1,0
O=C1CCC(N2Cc3cc(NCc4cccc(OCc5ccccc5)c4)ccc3C2=O)C(=O)N1,0
N#CN1CCCC(c2cccc(NC(=O)c3ccc4c(c3)C(=O)N(C3CCC(=O)NC3=O)C4)c2)C1,1
CN(c1nc(Cl)nc2cc[nH]c12)C1CCC(=O)NC1=O,0
O=C1CCC(Nc2ncnc3cc(S(=O)(=O)F)[nH]c23)C(=O)N1,1
Cc1nc(C2CCOCC2)ncc1C(=O)NC1CCC(=O)NC1=O,0
O=C1CCC(N2Cc3cc(NC(=O)c4ccc5cc(O)ccc5c4)ccc3C2=O)C(=O)N1,0
COc1ccc2cc(C(=O)Nc3ccc4c(c3)CN(C3CCC(=O)NC3=O)C4=O)ccc2c1,0
[2H]C([2H])([2H])Oc1ccc2cc(C(=O)Nc3ccc4c(c3)CN(C3CCC(=O)NC3=O)C4=O)ccc2c1,0
O=C1CCC(N2Cc3cc(NC(=O)c4ccc5ccccc5c4)ccc3C2=O)C(=O)N1,0
CC(C)Oc1ccc2cc(C(=O)Nc3ccc4c(c3)CN(C3CCC(=O)NC3=O)C4=O)ccc2c1,0
CCOc1ccc2cc(C(=O)Nc3ccc4c(c3)CN(C3CCC(=O)NC3=O)C4=O)ccc2c1,0
CCCCOc1ccc2cc(C(=O)Nc3ccc4c(c3)CN(C3CCC(=O)NC3=O)C4=O)ccc2c1,0
CN1CCc2cc3c(cc2CC1)C(=O)N(C1CCC(=O)NC1=O)C3=O,0
O=C1CCC(NC(=O)c2ccccc2NC(=O)Cn2cnnn2)C(=O)N1,0
N#CN1CCCC(c2ccc3c(c2)CCOC3C(=O)Nc2ccc(C3CCC(=O)NC3=O)cc2)C1,1
CC(=O)Nc1ccc2c(c1)CN(C1CC(=O)NC1=O)C2=O,0
O=C1CCC(c2cccc(NC(=O)C34CNCC(C5CCC5)(C3)C4)c2)C(=O)N1,0
O=C1CCC(N2Cc3c(OCCCC(=O)N4CCCc5ccccc54)cccc3C2=O)C(=O)N1,0
N#CN1CCCC(c2ocnc2-c2ccc3c(c2)CN(C2CCC(=O)NC2=O)C3=O)C1,1
O=C1CCC(NC(=O)c2cc3ncncc3s2)C(=O)N1,0
O=C1CCC(Nc2ccc(NC(=O)c3cn4ccc(CO)cc4n3)cc2)C(=O)N1,0
N#CN1CCC(c2cc(-c3cc(NC4CCC(=O)NC4=O)ncn3)cs2)C1,1
N#CN1CCC(c2ccc(C(=O)Nc3ccc4c(c3)C(=O)N(C3CCC(=O)NC3=O)C4)o2)C1,1
N#CN1CCC(c2cccc3c2CCCC(Nc2cccc(N4CCC(=O)NC4=O)c2)C3)CC1,1
N#CN1CCC(c2cc(-c3ccc4c(c3)CN(C3CCC(=O)NC3=O)C4=O)nc3c2NCCC3)C1,1
O=C1CCC(c2cccc(OCc3ccc(CN4CCOCC4)cc3)c2)C(=O)N1,0
CC1(C)CN(C(=O)Nc2cnc3c(c2)CNC3=O)C2COCC21,0
O=C1CCC(NC(=O)c2c(C(F)F)nc3cnccn23)C(=O)N1,0
O=C1CCC(NC(=O)c2cnc3c(S(=O)(=O)F)nccn23)C(=O)N1,1
O=C1CCC(NC(=O)c2cnc3cnc(OS(=O)(=O)F)cn23)C(=O)N1,1
Cc1nccn1C(C)C(=O)NCc1cc(C(=O)NC2CCC(=O)NC2=O)co1,0
O=C1CCC(NC(=O)c2ccc3cc(OCc4ccccc4)ccc3c2)C(=O)N1,0
COc1ccccc1-n1nccc1C(=O)NC1CCC(=O)NC1=O,0
Cc1ccc(-n2nc(Br)cc2C(=O)NC2CCC(=O)NC2=O)cc1,0
O=C1CCC(NC(=O)c2ccnn2-c2cccc(Br)c2)C(=O)N1,0
CCCc1cc(C(=O)NC2CCC(=O)NC2=O)n(-c2ccccc2)n1,0
O=C1CCC(N2Cc3cc(-c4cc(NCC5CC5)ncn4)ccc3C2=O)C(=O)N1,0
CN(c1cc(Oc2cnn(C)c2)nc(Cl)n1)C1CCC(=O)NC1=O,0
Cc1csc(S(=O)(=O)NC2CCC(=O)NC2=O)c1,0
Cc1cc(S(=O)(=O)NC2CCC(=O)NC2=O)sc1Cl,0
N#CN1CCC(c2c(-c3ccc4c(c3)CN(C3CCC(=O)NC3=O)C4=O)ccc3c2CCC3=O)C1,1
O=C1CCC(N2Cc3cc(-c4ccn(-c5ccccc5)n4)ccc3C2=O)C(=O)N1,0
O=C1CCC(NC(=O)c2cc(C3(F)COC3)no2)C(=O)N1,0
O=C1CCC(NC(=O)c2sc(S(=O)(=O)F)c3c2OCCO3)C(=O)N1,1
O=C1CCC(NC(=O)c2scc3c2OCCO3)C(=O)N1,0
O=C1CCC(N2Cc3cc(-c4cc(CN5CCCC5)c5cc[nH]c5n4)ccc3C2=O)C(=O)N1,0
O=C1CCC(NC(=O)c2cccc(C3(C(F)(F)F)CCO3)c2)C(=O)N1,0
N#CN1CCC(c2nnc(C(=O)Nc3ccc(C4CCC(=O)NC4=O)cc3)c3c2CCCC3)C1,1
CC(=Cn1ccnn1)C(=O)Nc1ccc(NC2CCC(=O)NC2=O)cc1,0
N#CN1CCC(c2cccc3c2C(C(=O)Nc2ccc(C4CCC(=O)NC4=O)cc2)CCC3)C1,1
CC(C)CN1C(=O)c2ccc(C(=O)N3CCN(C(=O)CCl)CC3)cc2C1=O,1
O=C1CCC(N2Cc3c(OCc4ccc(CN5CCOCC5)cc4)cccc3C2=O)C(=O)N1,0
O=C1CCC(c2ccc(NC(=O)C34CC(CO)(CN3)C4)cc2)C(=O)N1,0
O=C1CCC(N2Cc3ccc(CNC(=O)N4CCCCCC4)cc3C2=O)C(=O)N1,0
N#CN1CCC(c2c[nH]c(=O)cc2C(=O)Nc2ccc(C3CCC(=O)NC3=O)cc2)C1,1
N#CN1CCC(c2cccnc2-c2ccc3c(c2)CN(C2CCC(=O)NC2=O)C3=O)C1,1
O=C1CCC(NC(=O)c2cc(C3CC3)nc3c2cnn3C2CCCCC2)C(=O)N1,0
O=C1CCC(NC(=O)c2nnn(-c3ccccc3Br)n2)C(=O)N1,0
N#CN1CCC(c2nc3c(c(-c4ccc5c(c4)CN(C4CCC(=O)NC4=O)C5=O)n2)CCCC3)CC1,1
N#Cc1cncnc1N1CCC(c2ccc(N3CCC(=O)NC3=O)cc2)CC1,0
O=C1CCC(n2cc(-c3cccc4ccc(S(=O)(=O)F)nc34)nn2)C(=O)N1,1
O=C1CCC(n2cc(-c3cccc4cc(S(=O)(=O)F)cnc34)nn2)C(=O)N1,1
O=C1CCC(n2cc(-c3cc(S(=O)(=O)F)cc4cccnc34)nn2)C(=O)N1,1
O=C1CCC(n2cc(-c3cccc4c(OS(=O)(=O)F)ccnc34)nn2)C(=O)N1,1
O=C1CCC(n2cc(-c3cc(OS(=O)(=O)F)cc4cccnc34)nn2)C(=O)N1,1
O=C1CCC(n2cc(-c3c(S(=O)(=O)F)ccc4cccnc34)nn2)C(=O)N1,1
O=C1CCC(n2cc(-c3cccc4cc(OS(=O)(=O)F)cnc34)nn2)C(=O)N1,1
O=C1CCC(n2cc(-c3cccc4cccnc34)nn2)C(=O)N1,0
O=C1CCC(N2Cc3c(C(=O)N4Cc5cccc(S(=O)(=O)F)c5C4)cccc3C2=O)C(=O)N1,1
O=C1CCC(N2Cc3c(C(=O)N4Cc5ccc(S(=O)(=O)F)cc5C4)cccc3C2=O)C(=O)N1,1
O=C1CCC(N2Cc3c(C(=O)N4Cc5ccccc5C4)cccc3C2=O)C(=O)N1,0
O=C1CCC(NC(=O)c2cc(N3CCOCC3)ncn2)C(=O)N1,0
O=C1CCC(N2C(=O)c3cccc(NC(=O)c4ccno4)c3C2=O)C(=O)N1,0
O=C1CCC(N2C(=O)c3ccc(OCCC4CCOCC4)cc3C2=O)C(=O)N1,0
O=C1CCC(N2Cc3c(C#CCCCOc4ccccc4)cccc3C2=O)C(=O)N1,0
O=Cc1ccc(OCCCC#Cc2cccc3c2CN(C2CCC(=O)NC2=O)C3=O)cc1,0
N#CN1CCCC(c2ccc3cccc(-c4cn(C5CCC(=O)NC5=O)nn4)c3n2)C1,1
CCc1nonc1C(=O)NC1CCC(=O)NC1=O,0
Cc1ccc(NC(=O)CCc2ccc3c(c2)CN(C2CCC(=O)NC2=O)C3=O)cc1Cl,0
N#CN1CCCC(c2ccccc2-c2cnc(C(=O)NC3CCC(=O)NC3=O)nc2)C1,1
Cn1nc(C(F)(F)F)c(C(=O)NC2CCC(=O)NC2=O)c1-c1nn[nH]n1,0
O=C1CCC(N2Cc3cc(-c4nccc(OS(=O)(=O)F)n4)ccc3C2=O)C(=O)N1,1
CC(C)c1cc(CO)nc(-c2ccc3c(c2)CN(C2CCC(=O)NC2=O)C3=O)n1,0
O=C1CCC(N2Cc3c(ccc(-c4ncccn4)c3S(=O)(=O)F)C2=O)C(=O)N1,1
O=C1CCC(N2Cc3cc(-c4ncccn4)c(S(=O)(=O)F)cc3C2=O)C(=O)N1,1
O=C1CCC(N2Cc3cc(-c4ncc(OS(=O)(=O)F)cn4)ccc3C2=O)C(=O)N1,1
O=C1CCC(N2Cc3cc(-c4ncc(C(F)(F)F)cn4)ccc3C2=O)C(=O)N1,0
CCOC(=O)c1ccnc(-c2ccc3c(c2)CN(C2CCC(=O)NC2=O)C3=O)n1,0
N#CN1CCC(c2cncc(-c3ncc(C(=O)NC4CCC(=O)NC4=O)s3)n2)CC1,1
O=C1CCC(c2cccc(NC(=O)CCn3nc(O)c4c3CCCC4)c2)C(=O)N1,0
O=C1CCC(N2Cc3cc(NC(=O)N4CC5CC4CO5)ccc3C2=O)C(=O)N1,0
O=C1CCC(N2Cc3cc(-c4cnc5n4CCNC5)ccc3C2=O)C(=O)N1,0
N#CN1CCC(c2cccc3c2OC(C(=O)Nc2ccc(C4CCC(=O)NC4=O)cc2)=CO3)C1,1
O=C1CCC(NC(=O)c2cc(CNC(=O)C(O)c3ccsc3)n[nH]2)C(=O)N1,0
O=C1CCC(N2Cc3c(cccc3-c3ccc4[nH]ncc4c3)C2=O)C(=O)N1,0
N#CN1CCC(c2cccc(-c3cn[nH]c3C(=O)NC3CCC(=O)NC3=O)c2)C1,1
O=C1CC(c2cccc(NC3CCCC(c4cccnc4)C3)c2)CC(=O)N1,0
N#CN1CCCC(c2ccc(-c3cccc4c3C(=O)N(C3CCC(=O)NC3=O)C4)cc2)C1,1
O=C1CCC(NC(=O)c2cn(CC(F)(F)F)cn2)C(=O)N1,0
O=C1CCC(NC(=O)c2cn(CC(F)F)cn2)C(=O)N1,0
CN1C(=O)CCC(NC(=O)c2cn(CC(F)(F)F)cn2)C1=O,0
Cc1nc(C(=O)NC2CCC(=O)NC2=O)cn1C(F)F,0
O=C1CCC(NC(=O)c2nc[nH]c2C(F)(F)F)C(=O)N1,0
N#CN1CCC(c2cccc(-c3cnccc3C(=O)NC3CCC(=O)NC3=O)c2)C1,1
N#CN1CCC(c2cc(Cc3cn(C4CCC(=O)NC4=O)nn3)cs2)C1,1
O=C1CCC(N2Cc3ccc(C(=O)N4CCC5CCCCC54)cc3C2=O)C(=O)N1,0
C=CC(=O)N(Cc1csc(C2CC2)n1)c1ccc2c(c1)C(=O)NC2,1
O=C1CCC(NC(=O)c2cnc(-c3ccccc3Cl)nc2C2CC2)C(=O)N1,0
N#CN1CCCC(c2ccc(C(=O)Nc3ccc4c(c3)C(=O)N(C3CCC(=O)NC3=O)C4)s2)C1,1
O=C(C=Cc1cnn(-c2ccccc2)c1)Nc1ccc2c(c1)C(=O)NC2,1
O=C1CCC(NC(=O)c2ccc(S(=O)(=O)F)c3c2OCCO3)C(=O)N1,1
O=C1CCC(NC(=O)c2cc(S(=O)(=O)F)cc3c2OCCO3)C(=O)N1,1
O=C1CCC(NC(=O)c2ccc(C(F)(F)F)c3c2OCCO3)C(=O)N1,0
N#Cc1cc2c(c(C(=O)NC3CCC(=O)NC3=O)c1)OCCO2,0
N#CN1CCC(c2nc(-c3cccc4c3CN(C3CCC(=O)NC3=O)C4=O)cs2)C1,1
O=C1CCC(NC(=O)c2ccccc2C2(c3nn[nH]n3)CC2)C(=O)N1,0
COc1nc(C)cc2ccc(C(=O)NC3CCC(=O)NC3=O)cc12,0
O=C1CCC(NC(=O)c2cc(S(=O)(=O)F)c3ccncc3c2)C(=O)N1,1
O=C1CCC(NC(=O)c2ccc3ccnc(S(=O)(=O)F)c3c2)C(=O)N1,1
O=C1CCC(NC(=O)c2ccc3c(S(=O)(=O)F)cncc3c2)C(=O)N1,1
O=C1CCC(NC(=O)c2ccc3ccncc3c2)C(=O)N1,0
O=C1NCc2cccc(NC3CCN(c4ccc(C(F)(F)F)cc4)C3=O)c21,0
Cc1oc(C2CCOCC2)nc1C(=O)NC1CCC(=O)NC1=O,0
O=C1CCC(N2Cc3c(Nc4ccnc(Nc5ccc6c(c5)CCC6)n4)cccc3C2=O)C(=O)N1,0
N#CN1CCC(c2cccc(-n3nccc3C(=O)NC3CCC(=O)NC3=O)c2)C1,1
N#CN1CCC(c2cncc3cc(-c4cccc(N5CCC(=O)NC5=O)c4)oc23)C1,1
N#CN1CCC(c2cc(=O)[nH]cc2-c2ccc3c(c2)C(=O)N(C2CCC(=O)NC2=O)C3)C1,1
CN(c1oc(-c2ccccc2)nc1C(F)(F)F)C1CCC(=O)NC1=O,0
N#CN1CCC(c2ncccc2C(=O)Nc2ccc(C3CCC(=O)NC3=O)cc2)C1,1
CCC1(c2ccc(NC(=O)C34CC3C4)cc2)CCC(=O)NC1=O,1
O=C1CCC(Nc2ccc3ccc(S(=O)(=O)F)cc3n2)C(=O)N1,1
O=C1CCC(Nc2ccc3c(S(=O)(=O)F)cccc3n2)C(=O)N1,1
CN(c1cc(C#N)c2cc(Cl)ccc2n1)C1CCC(=O)NC1=O,0
O=C1CCC(Nc2cc(S(=O)(=O)F)c3ccccc3n2)C(=O)N1,1
CN(c1nc2c(F)cccc2cc1Br)C1CCC(=O)NC1=O,0
O=C1CCC(Nc2nc3ccccc3cc2Br)C(=O)N1,0
O=C1CCC(Nc2ccc3cccc(S(=O)(=O)F)c3n2)C(=O)N1,1
O=C1CCC(NC(=O)c2nccc3cn[nH]c23)C(=O)N1,0
O=C1CCC(NC(=O)c2ccc3c(c2)NCCNC3=O)C(=O)N1,0
O=C1CC(N2C(=O)c3cccc(NCC4CCOC4)c3C2=O)C(=O)N1,0
N#Cc1cnc2c(Cl)cccc2c1Nc1cccc(C2CCC(=O)NC2=O)c1,0
O=C1CCC(N2Cc3c(C(=O)NCCC4CCCN4)cccc3C2=O)C(=O)N1,0
O=C1CCC(NC(=O)c2nccnc2C(=O)NCc2ccc(F)cc2)C(=O)N1,0
COc1cc(C(=O)Nc2cccc(C3CCC(=O)NC3=O)c2)cc2ccoc12,0
N#CN1CCC(c2cccc3c2CN(C(=O)c2cccc4c2CN(C2CCC(=O)NC2=O)C4=O)C3)C1,1
O=C1CCC(NC(=O)c2cc(S(=O)(=O)F)on2)C(=O)N1,1
CC(C)(C)c1conc1C(=O)NC1CCC(=O)NC1=O,0
O=C1CCC(N2Cc3cc(NCc4ccn5nccc5c4)ccc3C2=O)C(=O)N1,0
O=C1CCC(Nc2nc3c(cc2Cl)C(=O)NC3)C(=O)N1,0
N#CN1CCC(c2cccc(-c3ccsc3C(=O)NC3CCC(=O)NC3=O)c2)C1,1
Cn1nnc2cc(C(=O)NC3CCC(=O)NC3=O)cc(Br)c21,0
N#CN1CCC(c2cc3c(c(-c4cccc5c4CN(C4CCC(=O)NC4=O)C5=O)c2)OCCCO3)C1,1
O=C1CCC(N2C(=O)c3cccc(C#Cc4ccccc4)c3C2=O)C(=O)N1,0
CC1(C)CCc2c1n[nH]c2C(=O)NC1CCC(=O)NC1=O,0
O=C1CCC(NC(=O)c2cc3c(N4CCNCC4)cccc3s2)C(=O)N1,0
O=C1CCC(NC(=O)c2cc3occc3[nH]2)C(=O)N1,0
Cn1c(C(=O)NC2CCC(=O)NC2=O)cc2occc21,0
Cc1oc2cc(C(=O)NC3CCC(=O)NC3=O)[nH]c2c1C,0
O=C1CCC(NC(=O)c2cnccn2)C(=O)N1,0
Cc1nc(C)c(C(=O)NC2CCC(=O)NC2=O)nc1C,0
Nc1nc(O)c(Cl)nc1C(=O)NC1CCC(=O)NC1=O,0
O=C1CCC(NC(=O)c2cncc(S(=O)(=O)F)n2)C(=O)N1,1
O=C1CCC(NC(=O)c2cnc(S(=O)(=O)F)cn2)C(=O)N1,1
Cc1cnc(C(=O)NC2CCC(=O)NC2=O)cn1,0
N#CN1CCC(c2nc(-c3cccc(C(=O)NC4CCC(=O)NC4=O)c3)no2)C1,1
Cc1cc(NCCCc2ccc3c(n2)NCCC3)cc(N2CCC(=O)NC2=O)c1,0
Cc1cccn2cc(COc3ccccc3C(=O)NC3CCC(=O)NC3=O)nc12,0
N#CN1CCC(c2cc3c(c(-c4ccc5c(c4)CN(C4CCC(=O)NC4=O)C5=O)c2)OCCC3)CC1,1
O=C1CCC(NC(=O)c2ccn(CCn3cccn3)n2)C(=O)N1,0
CC1Cn2nc(C(=O)NC3CCC(=O)NC3=O)cc2C(=O)N1,0
Cc1nocc1CCC(=O)NCc1ocnc1C(=O)NC1CCC(=O)NC1=O,0
N#CN1CCCC(c2cc(Nc3cccc(N4CCC(=O)NC4=O)c3)n3ncnc3n2)C1,1
N#CN1CCC(c2cccc(NC(=O)c3ccc4c(c3)CN(C3CCC(=O)NC3=O)C4=O)c2)CC1,1
O=C1CCC(Nc2ccc(NC(=O)C3Cc4[nH]ncc4C(=O)N3)cc2)C(=O)N1,0
O=C1CCC(N2Cc3cc(-c4cccc5oncc45)ccc3C2=O)C(=O)N1,0
N#CN1CCC(c2cn3c(n2)CNCC(NC(=O)c2ccc(N4CCC(=O)NC4=O)cc2)C3)C1,1
O=C1CCC(NC(=O)c2cn3ccsc3n2)C(=O)N1,0
O=C1CCC(NC(=O)c2cn3c(S(=O)(=O)F)csc3n2)C(=O)N1,1
N#CN1CCC(c2n[nH]cc2-c2ccc3c(c2)C(=O)N(C2CCC(=O)NC2=O)C3)CC1,1
N#CN1CCCC(c2ccccc2NC(=O)c2ccc3c(c2)C(=O)N(C2CCC(=O)NC2=O)C3)C1,1
O=C1CCC(NC(=O)c2[nH]ncc2CNC(=O)c2coc3c2COC3)C(=O)N1,0
N#CC(=Cc1ccccc1)C(=O)Nc1cccc2c1C(=O)NC2=O,1
O=C(C=Cc1ccc(Cl)cc1)Nc1cccc2c1C(=O)NC2=O,1
N#CC(=Cc1ccc(Cl)cc1)C(=O)Nc1cccc2c1C(=O)NC2=O,1
COc1ccc(C=C(C#N)C(=O)Nc2cccc3c2C(=O)NC3=O)cc1,1
Cc1nc(-c2c(C)c(C)nn(C)c2=O)sc1C(=O)NC1CCC(=O)NC1=O,0
O=C1CCC(N2Cc3c(cccc3-n3cc(C4CC4)nn3)C2=O)C(=O)N1,0
O=C1CCC(NC(=O)c2ccc3[nH]nnc3n2)C(=O)N1,0
O=C1CCC(N2Cc3ccc(CNc4ncnc5c4CCC5)cc3C2=O)C(=O)N1,0
N#CN1CCCC(c2cccc(-c3ocnc3C(=O)NC3CCC(=O)NC3=O)c2)C1,1
COC1COc2cc(C(=O)Nc3ccc(NC4CCC(=O)NC4=O)cc3)nn2C1,0
CCC(C(=O)NCc1ccc(C(=O)NC2CCC(=O)NC2=O)o1)n1ccnc1,0
N#CN1CCCC(c2ccsc2C(=O)Nc2ccc3c(c2)C(=O)N(C2CCC(=O)NC2=O)C3)C1,1
N#CN1CCCC(c2cnc3cc(-c4cn(C5CCC(=O)NC5=O)nn4)ccc3c2)C1,1
Cc1nc2c(cc1C(=O)NC1CCC(=O)NC1=O)CCCN2,0
N#CN1CCCC(c2csc3c2CCN(C(=O)c2cccc(N4CCC(=O)NC4=O)c2)C3)C1,1
N#CN1CCC(c2ncc(-c3cn(C4CCC(=O)NC4=O)nn3)c3ccccc23)C1,1
O=C1CCC(c2ccc(NC(=O)c3cncc(-n4ccnc4)n3)cc2)C(=O)N1,0
N#CN1CCCC(c2ccc(C(=O)Nc3cccc4c3CN(C3CCC(=O)NC3=O)C4=O)s2)C1,1
N#CN1CCC(c2nc3n(c2C(=O)Nc2ccc(C4CCC(=O)NC4=O)cc2)CCCC3)CC1,1
NCCC1CCCCN1C(=O)c1ccc2c(c1)C(=O)N(C1CCC(=O)NC1=O)C2,0
O=C1CCC(N2Cc3ccc(C(=O)N4CCCC(C(=O)O)C4)cc3C2=O)C(=O)N1,0
O=C1CCC(N2Cc3ccc(C(=O)N4CCCCC4C(=O)O)cc3C2=O)C(=O)N1,0
C#CC1CCN(C(=O)c2ccc3c(c2)C(=O)N(C2CCC(=O)NC2=O)C3)CC1,0
Cn1nc(-c2ccccc2F)c2cc(C(=O)NC3CCC(=O)NC3=O)sc21,0
N#CN1CCC(c2cc(Nc3ccc4c(c3)C(=O)N(C3CCC(=O)NC3=O)C4)ncn2)C1,1
N#CN1CCC(c2cccc(Nc3ccc4c(c3)C(=O)N(C3CCC(=O)NC3=O)C4=O)c2)CC1,1
N#CN1CCC(c2ccc(-n3nc(C(=O)NC4CCC(=O)NC4=O)ccc3=O)cc2)C1,1
Cc1sc(C2CCNCC2)nc1C(=O)NC1CCC(=O)NC1=O,0
N#CN1CCC(c2ccc(-c3cccc4c3CN(C3CCC(=O)NC3=O)C4=O)c3c2OCCCO3)C1,1
O=C1CCC(NC(=O)c2ccc(S(=O)(=O)F)c3c2OCO3)C(=O)N1,1
O=C1CCC(NC(=O)c2c(Br)ccc3c2OCO3)C(=O)N1,0
O=C1CCC(NC(=O)c2cc(S(=O)(=O)F)cc3c2OCO3)C(=O)N1,1
Nc1cc2c(c(C(=O)NC3CCC(=O)NC3=O)c1)OC(F)(F)O2,0
O=C1CCC(NC(=O)c2cc3c(s2)-c2ccc(OS(=O)(=O)F)cc2CC3)C(=O)N1,1
COc1ccc2c(c1)CCc1cc(C(=O)NC3CCC(=O)NC3=O)sc1-2,0
O=C1CCC(NC(=O)c2cc3c(s2)-c2c(cccc2OS(=O)(=O)F)CC3)C(=O)N1,1
O=C1CCC(NC(=O)c2cc3c(s2)-c2cc(OS(=O)(=O)F)ccc2CC3)C(=O)N1,1
O=C1CCC(NC(=O)c2sc3c(c2S(=O)(=O)F)CCc2ccccc2-3)C(=O)N1,1
O=C1CCC(NC(=O)c2cc3c(s2)-c2c(cccc2S(=O)(=O)F)CC3)C(=O)N1,1
O=C1CCC(NC(=O)c2cc3c(s2)-c2cccc(OS(=O)(=O)F)c2CC3)C(=O)N1,1
O=C1CC(N2C(=O)c3cccc([N+](=O)[O-])c3C2=O)C(=O)N1,0
Nc1cccc2c1C(=O)N(C1CC(=O)NC1=O)C2=O,0
O=C1CC(N2C(=O)c3ccc([N+](=O)[O-])cc3C2=O)C(=O)N1,0
Nc1ccc2c(c1)C(=O)N(C1CC(=O)NC1=O)C2=O,0
O=C1CCC(Nc2ccc3nnc(-c4ccc(F)cc4)n3n2)C(=O)N1,0
O=C1CCC(NC(=O)c2ccc(S(=O)(=O)F)c3c2OCCC3)C(=O)N1,1
O=C1CCC(NC(=O)c2cc(Br)cc3c2OCCC3)C(=O)N1,0
O=C1CCC(NC(=O)c2cc(S(=O)(=O)F)cc3c2OCCC3)C(=O)N1,1
N#CN1CCC(c2cccc(-n3nc(C(=O)NC4CCC(=O)NC4=O)c4c3CCC4)c2)CC1,1
O=C1CCC(NC(=O)c2cc3c([nH]c2=O)CCN(Cc2ccccc2)C3)C(=O)N1,0
Cc1nnc2n1CC(C(=O)Nc1ccc(C3CCC(=O)NC3=O)cc1)N(C)C2,0
N#CN1CCCC(c2ncccc2-c2ccc(C(=O)NC3CCC(=O)NC3=O)cc2)C1,1
Cc1nn(C)c2ncc(-c3ccc4c(c3)CN(C3CCC(=O)NC3=O)C4=O)cc12,0
O=C1CCC(NC(=O)c2cn3cccc(OCc4ccccc4)c3n2)C(=O)N1,0
N#CN1CCC(c2ccc(-c3cc(C(=O)NC4CCC(=O)NC4=O)[nH]n3)cc2)C1,1
O=C1CCC(N2Cc3c(cccc3-c3cccc4c3OCCCO4)C2=O)C(=O)N1,0
O=C1CCN(c2ccc(C(=O)NC3CNCc4nccn4C3)cc2)C(=O)N1,0
N#CN1CCC(c2cn3c(n2)C(C(=O)Nc2cccc(C4CCC(=O)NC4=O)c2)CCC3)C1,1
N#CN1CCC(c2cc(-c3cccc(C(=O)NC4CCC(=O)NC4=O)c3)n[nH]2)C1,1
N#CN1CCC(c2cccc(C(=O)Nc3ccc4c(c3)C(=O)N(C3CCC(=O)NC3=O)C4)n2)CC1,1
O=C1CCC(NC(=O)c2ccc3nc(S(=O)(=O)F)[nH]c3c2)C(=O)N1,1
O=C1CCC(NC(=O)c2cc(S(=O)(=O)F)c3nc[nH]c3c2)C(=O)N1,1
Cn1cnc2cc(C(F)(F)F)c(C(=O)NC3CCC(=O)NC3=O)cc21,0
N#CN1CCC(c2cc(C(=O)Nc3cccc(C4CCC(=O)NC4=O)c3)cc3c2CCCC3)C1,1
N#CN1CCC(c2ccn(-c3cccc(C(=O)NC4CCC(=O)NC4=O)n3)n2)C1,1
CCC(C(=O)NCc1cc(C(=O)NC2CCC(=O)NC2=O)no1)n1cncn1,0
CN(C)c1ncc(C(=O)NC2CCC(=O)NC2=O)c(Cl)c1F,0
COc1nc(C)c(Br)cc1C(=O)NC1CCC(=O)NC1=O,0
COc1cc(C(F)F)c(C(=O)NC2CCC(=O)NC2=O)cn1,0
COc1cncc(C(=O)NC2CCC(=O)NC2=O)c1C,0
O=C1CCC(NC(=O)c2ccc(C(F)(F)F)nc2NCC(F)(F)F)C(=O)N1,0
Cc1nc(OC(C)C(F)(F)F)ccc1C(=O)NC1CCC(=O)NC1=O,0
CN1C(=O)CCC(NC(=O)c2cncc(OS(=O)(=O)F)c2)C1=O,1
Cc1c(Br)cnc(O)c1C(=O)NC1CCC(=O)NC1=O,0
CCOc1nc(C)ccc1C(=O)NC1CCC(=O)NC1=O,0
O=C1CCC(NC(=O)c2cccnc2)C(=O)N1,0
Nc1nccc(C(F)(F)F)c1C(=O)NC1CCC(=O)NC1=O,0
CN(C)c1ncccc1C(=O)NC1CCC(=O)NC1=O,0
CC(C)COc1ncc(C(=O)NC2CCC(=O)NC2=O)cc1Cl,0
O=C1CCC(NC(=O)c2cncc(S(=O)(=O)F)c2)C(=O)N1,1
O=C1CCC(Nc2ccc(NC(=O)c3cc4nccn4c(=O)[nH]3)cc2)C(=O)N1,0
O=C1CCC(N2Cc3cc(-c4cnn5ccc(Cl)nc45)ccc3C2=O)C(=O)N1,0
O=C1CCC(N2Cc3cc(-c4cnn5cccnc45)ccc3C2=O)C(=O)N1,0
N#CN1CCC(c2ccc(Oc3cccc4c3C(=O)N(C3CCC(=O)NC3=O)C4=O)cc2)CC1,1
O=C1CCC(N2C(=O)c3nccnc3C2=O)C(=O)N1,0
O=C1CCC(N2C(=O)c3ncc(OS(=O)(=O)F)nc3C2=O)C(=O)N1,1
CC(C)C(O)c1cn(-c2cccc3c2CN(C2CCC(=O)NC2=O)C3=O)nn1,0
COC(=O)NCc1cn(-c2cccc3c2CN(C2CCC(=O)NC2=O)C3=O)nn1,0
O=C1CCC(N2Cc3c(ccc(S(=O)(=O)F)c3-n3ccnn3)C2=O)C(=O)N1,1
CNCc1cn(-c2cccc3c2CN(C2CCC(=O)NC2=O)C3=O)nn1,0
COCCCc1cn(-c2cccc3c2CN(C2CCC(=O)NC2=O)C3=O)nn1,0
CCCCc1cn(-c2cccc3c2CN(C2CCC(=O)NC2=O)C3=O)nn1,0
CC(C)(CO)Cc1cn(-c2cccc3c2CN(C2CCC(=O)NC2=O)C3=O)nn1,0
CN(C)Cc1cn(-c2cccc3c2CN(C2CCC(=O)NC2=O)C3=O)nn1,0
NCCc1cn(-c2cccc3c2CN(C2CCC(=O)NC2=O)C3=O)nn1,0
CCC(C)(O)c1cn(-c2cccc3c2CN(C2CCC(=O)NC2=O)C3=O)nn1,0
CC(C)(O)Cc1cn(-c2cccc3c2CN(C2CCC(=O)NC2=O)C3=O)nn1,0
O=C1CCC(N2Cc3c(cccc3-n3cc(OS(=O)(=O)F)nn3)C2=O)C(=O)N1,1
O=C1CCC(N2Cc3c(cc(S(=O)(=O)F)cc3-n3ccnn3)C2=O)C(=O)N1,1
CC(C)(C)c1cn(-c2cccc3c2CN(C2CCC(=O)NC2=O)C3=O)nn1,0
O=C1CCC(N2Cc3c(cccc3-n3nncc3S(=O)(=O)F)C2=O)C(=O)N1,1
CCOCc1cn(-c2cccc3c2CN(C2CCC(=O)NC2=O)C3=O)nn1,0
CC(C)C(O)Cc1cn(-c2cccc3c2CN(C2CCC(=O)NC2=O)C3=O)nn1,0
CC(C)(C)Cc1cn(-c2cccc3c2CN(C2CCC(=O)NC2=O)C3=O)nn1,0
N#CN1CCC(c2ncsc2-c2ccc3c(c2)CN(C2CCC(=O)NC2=O)C3=O)C1,1
COc1c(Cl)nc2ccnn2c1Nc1ccc(C2CCC(=O)NC2=O)cc1,0
N#CN1CCC(c2cccc3c2CC(Nc2ccc(N4CCC(=O)NC4=O)cc2)CO3)C1,1
N#CN1CCC(c2ncccc2-c2ccc3c(c2)CN(C2CCC(=O)NC2=O)C3=O)C1,1
O=C1CCC(N2Cc3c(C#CCOCCc4ccccc4)cccc3C2=O)C(=O)N1,0
N#CN1CCC(c2ccc3cccc(-c4cn(C5CCC(=O)NC5=O)nn4)c3n2)C1,1
N#CN1CCCC(c2cn3c(n2)C(C(=O)Nc2cccc(C4CCC(=O)NC4=O)c2)CCC3)C1,1
N#CN1CCC(c2cccc(-c3cccc(C(=O)NC4CCC(=O)NC4=O)n3)c2)CC1,1
Cn1c(=O)c2cc(C(=O)NC3CCC(=O)NC3=O)n(C)c2n(C)c1=O,0
N#CN1CCC(c2noc(C34CC(CN3C(=O)c3ccc(N5CCC(=O)NC5=O)cc3)C4)n2)CC1,1
O=C1CCC(c2cccc(Nc3ccnc4cc(F)cnc34)c2)C(=O)N1,0
O=C1CCC(NC(=O)c2cc3ccccc3c3[nH]cnc23)C(=O)N1,0
CN1Cc2cc(C(=O)NC3CCC(=O)NC3=O)ccc2N(C)S1(=O)=O,0
NS(=O)(=O)C1CCOc2ccc(C(=O)NC3CCC(=O)NC3=O)cc21,0
O=C1CCC(NC(=O)c2cc3c(c(S(=O)(=O)F)c2)OCCC3)C(=O)N1,1
O=C1CCC(NC(=O)c2cc(-c3nn[nH]n3)cc3ccccc23)C(=O)N1,0
Cc1oc(C(C)C)nc1C(=O)NC1CCC(=O)NC1=O,0
COc1oc(C)nc1C(=O)NC1CCC(=O)NC1=O,0
O=C1CCC(NC(=O)c2coc(OCC(F)(F)F)n2)C(=O)N1,0
O=C1CCC(NC(=O)c2ncnc3c2OCCO3)C(=O)N1,0
O=C1CCC(N2C(=O)C=C(N3CCCN(Cc4ccccc4)CC3)C2=O)C(=O)N1,1
O=C1CCC(N2Cc3cc(C(=O)NCC4(F)CCCC4)ccc3C2=O)C(=O)N1,0
O=C1CCC(NC(=O)c2cn(-c3ccc4c(c3)OCCO4)nn2)C(=O)N1,0
N#CN1CCCC(c2cccc(-n3cc(C(=O)NC4CCC(=O)NC4=O)cn3)c2)C1,1
O=C1CCC(NC(=O)c2cnc(Cc3ccccc3F)s2)C(=O)N1,0
O=CNC(Cc1ccsc1)C(=O)Nc1ccc(C2CCC(=O)NC2=O)cc1,0
N#CN1CCC(c2ncoc2-c2cccc(C(=O)NC3CCC(=O)NC3=O)c2)C1,1
N#CN1CCCC(c2cccc(C(=O)Nc3ccc4c(c3)C(=O)N(C3CCC(=O)NC3=O)C4)c2)C1,1
CC(C(=O)Nc1ccc(C2CCC(=O)NC2=O)cc1)c1noc2ccccc12,0
O=C1CCC(NC(=O)c2cc(S(=O)(=O)F)c3ncccc3c2)C(=O)N1,1
O=C1CCC(NC(=O)c2ccc3ncccc3c2F)C(=O)N1,0
O=C1CCC(NC(=O)c2ccc3ncc(S(=O)(=O)F)cc3c2)C(=O)N1,1
O=C1CCC(NC(=O)c2ccc3nccc(OS(=O)(=O)F)c3c2)C(=O)N1,1
O=C1CCC(NC(=O)c2cnc3ccc(OS(=O)(=O)F)cc3n2)C(=O)N1,1
O=C1CCC(NC(=O)c2cnc3ccccc3n2)C(=O)N1,0
O=C1CCC(NC(=O)c2cnc3c(S(=O)(=O)F)cccc3n2)C(=O)N1,1
O=C1CCC(NC(=O)c2cnc3ccc(S(=O)(=O)F)cc3n2)C(=O)N1,1
COc1cccc2c1CC(Nc1ccc(N3CCC(=O)NC3=O)c(C)c1)CO2,0
CC1(CNC(=O)c2ccc3c(c2)CN(C2CCC(=O)NC2=O)C3=O)CCNC1,0
CN(C)c1ncnc2c1cc(C(=O)NC1CCC(=O)NC1=O)n2C,0
O=C1CCC(NC(=O)c2cc3c(Cl)ncnc3[nH]2)C(=O)N1,0
N#CN1CCC(c2cccc3c2CCOC3C(=O)Nc2ccc(C3CCC(=O)NC3=O)cc2)C1,1
Cc1ncc(F)c(N(C)C2CCC(=O)NC2=O)n1,0
CC(O)c1c(Cl)ncnc1N(C)C1CCC(=O)NC1=O,0
Cc1nc(C)c(F)c(NC2CCC(=O)N(C)C2=O)n1,0
O=C1CCC(Nc2cc(C(F)F)ncn2)C(=O)N1,0
CCc1c(Cl)nc(C(C)(C)C)nc1N(C)C1CCC(=O)NC1=O,0
CC(C)Cc1cc(NC2CCC(=O)NC2=O)ncn1,0
CCc1ncnc(N(C)C2CCC(=O)NC2=O)c1F,0
CCC(C)c1ncc(Br)c(N(C)C2CCC(=O)NC2=O)n1,0
COCc1cc(N(C)C2CCC(=O)NC2=O)nc(C(C)(C)C)n1,0
O=C1CCC(Nc2ncnc(C(F)(F)F)c2Br)C(=O)N1,0
CCc1ncnc(NC2CCC(=O)NC2=O)c1F,0
COCCOc1nc(C)cc(NC2CCC(=O)NC2=O)n1,0
N#Cc1ncc(F)c(NC2CCC(=O)NC2=O)n1,0
Cc1cc(N(C)C2CCC(=O)NC2=O)nc(C(C)S(C)(=O)=O)n1,0
COCc1cc(NC2CCC(=O)NC2=O)ncn1,0
CCn1ncnc1-c1ccc(C(=O)NC2CCC(=O)NC2=O)cc1,0
O=C1CCC(N2Cc3ccc(C(=O)NCCC4CCCN4)cc3C2=O)C(=O)N1,0
N#CN1CCCC(c2ccc3c(S(=O)(=O)NC4CCC(=O)NC4=O)csc3c2)C1,1
N#CN1CCC(c2ccc3c(c2)OC(C(=O)Nc2ccc(C4CCC(=O)NC4=O)cc2)CO3)C1,1
Cn1ccc2cc(-c3cccc4c3C(=O)N(C3CCC(=O)NC3=O)C4=O)ccc21,0
N#CN1CCC(c2ccccc2-n2ncc(C(=O)NC3CCC(=O)NC3=O)n2)C1,1
N#CN1CCCC(c2cc3c(cc2-c2cncc(C(=O)NC4CCC(=O)NC4=O)c2)CCO3)C1,1
N#CN1CCCC(c2ccccc2-c2ccc(C(=O)NC3CCC(=O)NC3=O)s2)C1,1
CN1C(=O)c2ccccc2C1CC(=O)N1CC(c2ncnc3ccccc23)C1,0
N#CN1CCCC(c2cncc(-c3ccc4c(c3)CN(C3CCC(=O)NC3=O)C4=O)c2)C1,1
Cn1c(C(=O)NC2CCC(=O)NC2=O)c2n(c1=O)CCCC2,0
N#CN1CCCC(c2coc(C(=O)Nc3ccc4c(c3)C(=O)N(C3CCC(=O)NC3=O)C4)c2)C1,1
CS1(=O)=NCc2c(-c3ccc(N4CCC(=O)NC4=O)cc3)cccc21,0
N#CN1CCC(c2nccc(-c3ccc4c(c3)CN(C3CCC(=O)NC3=O)C4=O)n2)C1,1
O=C1CCC(NC(=O)c2ccc3ccn(CC(F)F)c3c2)C(=O)N1,0
O=C1CCC(NC(=O)c2ccc3cc(S(=O)(=O)F)[nH]c3c2)C(=O)N1,1
O=C1CCC(NC(=O)c2cc(S(=O)(=O)F)c3cc[nH]c3c2)C(=O)N1,1
O=C1CCC(NC(=O)c2ccc3c(S(=O)(=O)F)c[nH]c3c2)C(=O)N1,1
O=C1CCC(NC(=O)c2ccc3cc[nH]c3c2)C(=O)N1,0
CCOc1ccc(-c2nc(CC)c(C(=O)NC3CCC(=O)NC3=O)s2)cc1,0
O=C1CCC(NC(=O)c2sc(-c3ccccc3)nc2C(F)F)C(=O)N1,0
O=C1CCC(NC(=O)c2cnc(-c3ccccc3Cl)s2)C(=O)N1,0
Cc1nc(-c2cc(Cl)ccc2Cl)sc1C(=O)NC1CCC(=O)NC1=O,0
O=C1CCC(NC(=O)c2ncnc3c2CCC3)C(=O)N1,0
O=C1CCC(NC(=O)c2nc(OS(=O)(=O)F)nc3c2CCC3)C(=O)N1,1
CC(=O)NC(N)=O,0
N#CN1CCC(c2cc(-c3cccc4c3CN(C3CCC(=O)NC3=O)C4=O)cc3c2NCC3)C1,1
O=C1CCC(NC(=O)c2cc3c(S(=O)(=O)F)csc3s2)C(=O)N1,1
O=C1CCC(NC(=O)c2cc3ccsc3s2)C(=O)N1,0
Nc1cc(=O)[nH]c2cc(C(=O)Nc3cccc(C4CCC(=O)NC4=O)c3)nn12,0
N#CN1CCCC(c2cc3c(cc2-c2ccc4c(c2)CN(C2CCC(=O)NC2=O)C4=O)OCO3)C1,1
O=C1CCC(c2cccc(NC(=O)CCc3cnc4n3CCCCC4)c2)C(=O)N1,0
O=C1CCC(N2Cc3c(cccc3-n3cc(C(=O)C4CCC4)nn3)C2=O)C(=O)N1,0
N#CN1CCC(c2ccc3c(C4CC4)c(C(=O)NC4CCC(=O)NC4=O)[nH]c3c2)C1,1
CN(c1c(F)c(F)nc(F)c1F)C1CCC(=O)NC1=O,0
O=C1CCC(NC(=O)c2ccc(S(=O)(=O)F)c3nonc23)C(=O)N1,1
O=C1CCC(NC(=O)c2cc(S(=O)(=O)F)cc3nonc23)C(=O)N1,1
Cc1ccc2nonc2c1C(=O)NC1CCC(=O)NC1=O,0
O=C1CCC(NC(=O)c2cc(OS(=O)(=O)F)cc3nonc23)C(=O)N1,1
COc1nccnc1CNc1ccc2c(c1)CN(C1CCC(=O)NC1=O)C2=O,0
N#CN1CCCC(c2nc3nc4c(c(Nc5ccc(N6CCC(=O)NC6=O)cc5)n3n2)CCCC4)C1,1
Cn1ccc2c(C(=O)NC3CCC(=O)NC3=O)c[nH]c(=O)c21,0
N#CN1CCCC(c2cc3c(nc2-c2ccc4c(c2)CN(C2CCC(=O)NC2=O)C4=O)CCCN3)C1,1
CC(C(=O)Nc1cccc(C2CCC(=O)NC2=O)c1)n1cnc2c(N)ncnc21,0
CCC1CC1C(=O)Nc1ccc2c(c1)C(=O)N(C1CCC(=O)NC1=O)C2,0
CC1(C)C(C(=O)Nc2ccc3c(c2)C(=O)N(C2CCC(=O)NC2=O)C3)C1(C)C,0
CC(C)C1(C(=O)Nc2ccc3c(c2)C(=O)N(C2CCC(=O)NC2=O)C3)CC1,0
O=C1CCC(N2Cc3ccc(NC(=O)C4CC4F)cc3C2=O)C(=O)N1,0
CN(C)CC1(C(=O)Nc2ccc3c(c2)C(=O)N(C2CCC(=O)NC2=O)C3)CC1,0
O=C1CCC(c2ccc(NC(=O)CC3(c4ccccc4)CCCO3)cc2)C(=O)N1,0
O=C(NC12CC(C1)C(=O)NC2=O)c1ccc(Cl)cn1,0
O=C(NC12CC(C1)C(=O)NC2=O)c1cccc(S(=O)(=O)F)n1,1
O=C(NC12CC(C1)C(=O)NC2=O)c1cc(S(=O)(=O)F)ccn1,1
O=C1CCC(NC(=O)c2cncc3c(=O)[nH]ccc23)C(=O)N1,0
O=C(Nc1cccc2c1C(=O)NC2)c1csc(-c2ccc(F)cc2)n1,0
O=C1CCC(NC(=O)c2ccc(S(=O)(=O)F)s2)C(=O)N1,1
O=C1CCC(NC(=O)c2ccc(C(F)(F)C(F)(F)F)s2)C(=O)N1,0
O=C1CCC(NC(=O)c2cc(S(=O)(=O)F)cs2)C(=O)N1,1
CS(C)(=O)=Nc1ccc(C(=O)NC2CCC(=O)NC2=O)s1,0
Cc1ccsc1C(=O)NC1CCC(=O)NC1=O,0
COc1c(C(=O)NC2CCC(=O)NC2=O)sc(S(N)(=O)=O)c1OC,0
CNS(=O)(=O)c1csc(C(=O)NC2CCC(=O)NC2=O)c1,0
CC(C)c1ccsc1C(=O)NC1CCC(=O)NC1=O,0
O=C1CCC(NC(=O)c2cccs2)C(=O)N1,0
N#CN1CCC(c2cccc(-n3ccc(=O)c(C(=O)NC4CCC(=O)NC4=O)n3)c2)C1,1
C=CC(=O)N(Cc1c(F)cc(F)cc1F)c1ccc2c(c1)C(=O)NC2,1
C=CC(=O)N(Cc1ccc(F)c(C)c1)c1ccc2c(c1)C(=O)NC2,1
CC1CCCN1c1c(F)c(F)cc2c1C(=O)N(C1CCC(=O)NC1=O)C2=O,0
O=C1CCC(N2C(=O)c3cccc(N4CCCC4)c3C2=O)C(=O)N1,0
O=C1CCC(N2C(=O)c3cccc(N4CCC(F)(F)C4)c3C2=O)C(=O)N1,0
N#CN1CCC(c2cc(-c3ccc4c(c3)CN(C3CCC(=O)NC3=O)C4=O)cc3c2C(=O)CC3)CC1,1
O=C1CCC(NC(=O)c2cc(CNC(=O)c3ccc4c(c3)CCC4)n[nH]2)C(=O)N1,0
Cc1ncc(C(=O)NC2CCC(=O)NC2=O)n1-c1ccccc1,0
CCS(=O)(=O)NCc1cn(C2CCC(=O)NC2=O)nn1,0
CC(O)CCCc1cn(C2CCC(=O)NC2=O)nn1,0
CS(=N)(=O)CCCCc1cn(C2CCC(=O)NC2=O)nn1,0
NC(=O)OCc1cn(C2CCC(=O)NC2=O)nn1,0
CCC(Cc1cn(C2CCC(=O)NC2=O)nn1)C(=O)OC,0
CCC(C)(O)Cc1cn(C2CCC(=O)NC2=O)nn1,0
CCOC(=O)CCc1cn(C2CCC(=O)NC2=O)nn1,0
CC(C)(C)OC(=O)NCCCc1cn(C2CCC(=O)NC2=O)nn1,0
O=C1CCC(NC(=O)c2cc(F)c3[nH]c(=O)ccc3c2)C(=O)N1,0
COc1ccsc1C(=O)NCc1ocnc1C(=O)NC1CCC(=O)NC1=O,0
CN(C)c1nc(Cl)c(C(=O)NC2CCC(=O)NC2=O)s1,0
COCc1nc(C)c(C(=O)NC2CCC(=O)NC2=O)s1,0
Cc1nc(C(C)C)sc1C(=O)NC1CCC(=O)NC1=O,0
COCCNc1ncc(C(=O)NC2CCC(=O)NC2=O)s1,0
CC(C)c1ncc(C(=O)NC2CCC(=O)NC2=O)s1,0
O=C1CCC(NC(=O)c2scnc2C(F)(F)F)C(=O)N1,0
O=C1CCC(NC(=O)c2cnc(S(=O)(=O)F)s2)C(=O)N1,1
Cc1nc(OC(F)F)c(C(=O)NC2CCC(=O)NC2=O)s1,0
Cc1ncsc1C(=O)NC1CCC(=O)NC1=O,0
N#CN1CCCC(c2cccc3c2OC(C(=O)Nc2ccc(C4CCC(=O)NC4=O)cc2)CO3)C1,1
O=C1CCC(N2Cc3cc(N4CCNCC4)ccc3C2=O)C(=O)N1,0
COC1(c2ccc(C(=O)NC3CCC(=O)NC3=O)cn2)CCOCC1,0
O=C1CCC(NC(=O)c2cc(=O)[nH]c(C3CC3)n2)C(=O)N1,0
[NH3+]C1CCC(COC(=O)NC2CCC(=O)NC2=O)CC1,0
N#CN1CCCC(c2ncccc2-c2ccc3c(c2)CN(C2CCC(=O)NC2=O)C3=O)C1,1
O=C1CCC(NC(=O)c2ccc3cc(S(=O)(=O)F)[nH]c3n2)C(=O)N1,1
O=C1CCC(NC(=O)c2nc3[nH]ccc3cc2Br)C(=O)N1,0
O=C1CCC(NC(=O)c2cc(S(=O)(=O)F)c3cc[nH]c3n2)C(=O)N1,1
O=C1CCC(NC(=O)c2ccc3c(S(=O)(=O)F)c[nH]c3n2)C(=O)N1,1
N#CN1CCCC(c2cccc3c2C(C(=O)Nc2ccc(C4CCC(=O)NC4=O)cc2)CCC3)C1,1
N#CN1CCCC(c2ccc(-n3ccc(C(=O)NC4CCC(=O)NC4=O)n3)cc2)C1,1
Cc1ccc(C(=O)N2C3CCCC2c2cn[nH]c2C3)cc1N1CCC(=O)NC1=O,0
O=C1CCN(c2ccc(C(=O)N3CC4OCc5cnnn5C4C3)cc2)C(=O)N1,0
O=C1CCC(NC(=O)c2cnc3c(c2)S(=O)(=O)N=CN3)C(=O)N1,0
Cc1cc(NC(=O)c2cccc(F)c2)sc1C(=O)NC1CCC(=O)NC1=O,0
O=C1CCC(NC(=O)c2ccc(S(=O)(=O)N3CCCCCC3)cc2)C(=O)N1,0
O=C1CCC(N2Cc3c(ccc4c3OCC43CCC(Cc4ccccc4)CC3)C2=O)C(=O)N1,0
N#CN1CCCC(c2[nH]ncc2-c2cccc(C(=O)NC3CCC(=O)NC3=O)c2)C1,1
O=C1CCC(N2CCc3cc(C4CCNCC4)ccc32)C(=O)N1,0
O=C1CCC(N2CCc3cc(C4CCNCC4)c(F)cc32)C(=O)N1,0
N#CN1CCC(c2ccnc(-c3ncc(C(=O)NC4CCC(=O)NC4=O)s3)c2)C1,1
N#CN1CCC(c2cc3n(n2)CC(NC(=O)c2cccc(N4CCC(=O)NC4=O)c2)CO3)C1,1
O=C1CCC(Nc2ccnc3c(C(F)(F)F)cccc23)C(=O)N1,0
N#Cc1cc(NC2CCC(=O)NC2=O)c2ccccc2n1,0
O=C1CCC(Nc2ccnc3cc(S(=O)(=O)F)ccc23)C(=O)N1,1
O=C1CCN(c2ccc(NCc3ccnn3C3CCCC3)cc2)C(=O)N1,0
Nc1ccn(S(=O)(=O)c2ccc3c(c2)C(=O)N(C2CCC(=O)NC2=O)C3)c(=O)n1,0
N#CN1CCCC(c2ccc3c(c2)C(C(=O)Nc2cccc(C4CCC(=O)NC4=O)c2)CCC3)C1,1
N#CN1CCCC(c2ccccc2-n2nc(C(=O)NC3CCC(=O)NC3=O)ccc2=O)C1,1
Cn1ccc(COc2ccc(-c3cccc(C4CCC(=O)NC4=O)c3Cl)cc2)n1,0
N#CN1CCC(c2cccc(-c3nc(C(=O)NC4CCC(=O)NC4=O)c[nH]3)c2)C1,1
N#CN1CCCC(c2cncc(-c3cccc4c3CN(C3CCC(=O)NC3=O)C4=O)n2)C1,1
N#CN1CCC(c2ccnn2-c2cccc(C(=O)NC3CCC(=O)NC3=O)n2)C1,1
O=C1CCC(NC(=O)c2ccc3c(c2)C(=O)Nc2ccccc2O3)C(=O)N1,0
N#CN1CCC(c2ccccc2-c2nc(C(=O)NC3CCC(=O)NC3=O)c3n2CCCCC3)C1,1
N#CN1CCC(c2ccncc2-c2ccc3c(c2)C(=O)N(C2CCC(=O)NC2=O)C3)C1,1
CC(C)CC(C(=O)Nc1cccc(C2CCC(=O)NC2=O)c1)N1CCCCC1=O,0
O=C1CCC(N2Cc3cc(-c4ncn[nH]4)c(S(=O)(=O)F)cc3C2=O)C(=O)N1,1
CCn1ncnc1-c1ccc2c(c1)CN(C1CCC(=O)NC1=O)C2=O,0
O=C1CCC(N2Cc3cc(-c4nc(OS(=O)(=O)F)n[nH]4)ccc3C2=O)C(=O)N1,1
O=C1CCC(N2Cc3c(ccc(-c4ncn[nH]4)c3S(=O)(=O)F)C2=O)C(=O)N1,1
O=C1CCC(NC(=O)c2nc(Cl)ccc2OCC(F)(F)F)C(=O)N1,0
O=C1CCC(NC(=O)c2ccc(S(=O)(=O)F)cn2)C(=O)N1,1
O=C1CCC(NC(=O)c2cccc(S(=O)(=O)F)n2)C(=O)N1,1
O=C1CCC(NC(=O)c2ncc(C(F)(F)F)cc2Cl)C(=O)N1,0
O=C1CCC(NC(=O)c2ccccn2)C(=O)N1,0
Cc1cc(C#N)cnc1C(=O)NC1CCC(=O)NC1=O,0
O=C1CCC(NC(=O)c2ncccc2OC(F)(F)C(F)Cl)C(=O)N1,0
O=C1CCC(NC(=O)c2cc(S(=O)(=O)F)ccn2)C(=O)N1,1
Cc1cccc(C(=O)NC2CCC(=O)NC2=O)n1,0
O=C1CCC(NC(=O)c2ccc(C(F)C(F)(F)F)cn2)C(=O)N1,0
Cc1ccnc(C(=O)NC2CCC(=O)NC2=O)c1,0
CC(C)(C)Oc1cc(Br)nc(C(=O)NC2CCC(=O)NC2=O)c1,0
O=C1CCC(NC(=O)c2ncccc2F)C(=O)N1,0
Nc1ccc(Br)nc1C(=O)NC1CCC(=O)NC1=O,0
CN1C(=O)CCC(NC(=O)c2ncc(C(F)(F)F)cc2Cl)C1=O,0
COc1ccc(F)c(C(=O)NC2CCC(=O)NC2=O)n1,0
CS(C)(=O)=Nc1ccnc(C(=O)NC2CCC(=O)NC2=O)c1,0
N#CN1CCCC(c2n[nH]nc2-c2ccc3c(c2)CN(C2CCC(=O)NC2=O)C3=O)C1,1
O=C1CCC(N2Cc3cc(NC(=O)N4CCC45CCCC5)ccc3C2=O)C(=O)N1,0
CN(CC(=O)Nc1ccc2c(c1)C(=O)N(C1CCC(=O)NC1=O)C2=O)C1CC1,0
O=C1CCC(N2Cc3cc(NS(=O)(=O)c4ccco4)ccc3C2=O)C(=O)N1,0
N#CN1CCC(c2cc(-c3nccnc3C(=O)NC3CCC(=O)NC3=O)ccn2)C1,1
O=C1CCC(c2ccc(Nc3nc(Cl)nc4c3CC3(CC4)CC3)cc2)C(=O)N1,0
O=C1CCC(Nc2ncnc3[nH]c(S(=O)(=O)F)cc23)C(=O)N1,1
Cc1c[nH]c2nc(Cl)nc(N(C)C3CCC(=O)NC3=O)c12,0
Cc1nc(NC2CCC(=O)NC2=O)c2ccn(CC#N)c2n1,0
Cc1c[nH]c2nc(Cl)nc(NC3CCC(=O)NC3=O)c12,0
O=C1CCC(NC(=O)c2cc3[nH]ccc3nn2)C(=O)N1,0
O=C1CCC(NC(=O)c2cncc3cc(S(=O)(=O)F)ccc23)C(=O)N1,1
O=C1CCC(NC(=O)c2cnc(S(=O)(=O)F)c3ccccc23)C(=O)N1,1
O=C1CCC(NC(=O)c2cncc3c(S(=O)(=O)F)cccc23)C(=O)N1,1
O=C1CCC(NC(=O)c2cncc3ccccc23)C(=O)N1,0
N#CN1CCC(c2ccc(-c3ccccc3C(=O)NC3CCC(=O)NC3=O)cc2)C1,1
O=C1CCC(N2Cc3ccc(NC(=O)CC4CCCC45CC5)cc3C2=O)C(=O)N1,0
O=C1CCC(NC(=O)c2c[nH]c(=O)n(-c3ccccc3)c2=O)C(=O)N1,0
O=C1CCC(N2Cc3c(cccc3-c3ccc4c(c3)CCN4)C2=O)C(=O)N1,0
O=C1CCC(N2Cc3c(cccc3-c3cc4c(c(OS(=O)(=O)F)c3)NCC4)C2=O)C(=O)N1,1
O=C1CCC(NC(=O)c2cc(NCc3ccccc3)ccn2)C(=O)N1,0
N#CN1CCC(c2c(C3CCCC3)nnn2-c2ccc3c(c2)C(=O)N(C2CCC(=O)NC2=O)C3)CC1,1
Cn1nc(-c2cccc3c2CN(C2CCC(=O)NC2=O)C3=O)c2ccc(N)cc21,0
CS(=O)(=O)Nc1ccc(-c2n[nH]cc2C(=O)NC2CCC(=O)NC2=O)cc1,0
CC(C)(C)n1cc(C(=O)NC2CCC(=O)NC2=O)c(-c2ccc(F)cc2F)n1,0
CCc1ccccc1C(=O)Nc1cccc2c1CN(C1CCC(=O)NC1=O)C2=O,0
Cc1ccc(C(=O)Nc2cccc3c2CN(C2CCC(=O)NC2=O)C3=O)c(C)c1,0
O=C1CCC(N2Cc3c(NC(=O)c4cccc(S(=O)(=O)F)c4)cccc3C2=O)C(=O)N1,1
O=C1CCC(N2Cc3c(NC(=O)c4ccccc4S(=O)(=O)F)cccc3C2=O)C(=O)N1,1
O=C1CCC(N2C(=O)c3ccc(OCCC4CC4)cc3C2=O)C(=O)N1,0
N#CN1CCCC(c2c(-c3ncc(C(=O)NC4CCC(=O)NC4=O)s3)ccc3c2CCO3)C1,1
O=C1CCC(n2nnc3ccc(CNC(=O)Nc4ccc5ncsc5c4)cc3c2=O)C(=O)N1,0
O=C1CCC(NC(=O)c2cccnc2Nc2cccc(C(F)(F)F)c2)C(=O)N1,0
N#CN1CCC(c2n[nH]c3c2C2CCCC(C3)N2C(=O)c2cccc(N3CCC(=O)NC3=O)c2)C1,1
N#CN1CCCC(c2cc(Nc3ccc(C4CCC(=O)NC4=O)cc3)ncn2)C1,1
N#CN1CCC(c2cnc(-c3cccc4c3CN(C3CCC(=O)NC3=O)C4=O)cn2)C1,1
O=C1CCN(c2ccc(N3CCNCC3)c(OS(=O)(=O)F)c2)C(=O)N1,1
O=C1CCN(c2ccc(N3CCNCC3)cc2)C(=O)N1,0
O=C1CCC(NC(=O)c2nnc(C3CCCNC3)s2)C(=O)N1,0
O=C1CCC(NC(=O)c2c(Cl)nc3sccn23)C(=O)N1,0
O=C1CCC(NC(=O)c2cnc3sc(OS(=O)(=O)F)cn23)C(=O)N1,1
Cc1sc2ncc(C(=O)NC3CCC(=O)NC3=O)n2c1C,0
Cc1nc2c(C)cc(C(=O)Nc3ccc(C4CCC(=O)NC4=O)cc3)cn2n1,0
O=C1CCC(N2Cc3c(C#CCNCCc4ccccc4)cccc3C2=O)C(=O)N1,0
N#CN1CCCC(c2ccc3c(c2)N(c2ccc(C(=O)NC4CCC(=O)NC4=O)cc2)CCC3)C1,1
CNc1c(C(=O)NC2CCC(=O)NC2=O)sc2nccnc12,0
O=C1CCC(NC(=O)c2cc3nc(S(=O)(=O)F)cnc3s2)C(=O)N1,1
O=C1CCC(N2Cc3ccc(CNC(=O)Nc4nccs4)cc3C2=O)C(=O)N1,0
CC1CNc2[nH]nc(C(=O)NC3CCC(=O)NC3=O)c2C1,0
O=C1CCC(NC(=O)c2nc3ccccc3cc2C2CC2)C(=O)N1,0
N#CN1CCC(c2cncc(-c3ccc4c(c3)CN(C3CCC(=O)NC3=O)C4=O)c2)C1,1
O=C1CCC(N2Cc3c(cc(C(=O)N4CCC4)cc3S(=O)(=O)F)C2=O)C(=O)N1,1
C#CCOC1CN(C(=O)c2ccc3c(c2)C(=O)N(C2CCC(=O)NC2=O)C3)C1,0
CCOC(=O)C1CN(C(=O)c2ccc3c(c2)C(=O)N(C2CCC(=O)NC2=O)C3)C1,0
O=C1CCC(N2Cc3cc(S(=O)(=O)F)c(C(=O)N4CCC4)cc3C2=O)C(=O)N1,1
O=C1CCC(Sc2ccccc2)C(=O)N1,0
O=C1CCC(Sc2ccc(F)cc2)C(=O)N1,0
Cc1ccc(SC2CCC(=O)NC2=O)cc1,0
O=C1CCC(CO)(NCc2cccc(Oc3cccc(F)c3)c2)C(=O)N1,0
N#CN1CCC(c2ccc(-c3snnc3C(=O)NC3CCC(=O)NC3=O)cc2)C1,1
CCC1CN(C(=O)c2ccc3c(c2)C(=O)N(C2CCC(=O)NC2=O)C3)CCO1,0
N#CN1CCC(c2cc(-c3ccc4c(c3)CN(C3CCC(=O)NC3=O)C4=O)ccn2)C1,1
O=C1CCC(NC(=O)c2cc3cc(S(=O)(=O)F)cnc3cn2)C(=O)N1,1
O=C1CCC(NC(=O)c2cc3cccnc3c(S(=O)(=O)F)n2)C(=O)N1,1
O=C1CCC(NC(=O)c2cc3c(OS(=O)(=O)F)ccnc3cn2)C(=O)N1,1
O=C1CCC(NC(=O)c2cc3cccnc3c(O)n2)C(=O)N1,0
N#CN1CCC(c2ccn(-c3ccccc3C(=O)NC3CCC(=O)NC3=O)n2)CC1,1
O=C1NC(=O)C2(Nc3ccccc3)CC1C2,0
N#Cc1cc(F)c(NC23CC(C2)C(=O)NC3=O)cc1Br,0
O=C1NC(=O)C2(Nc3ccc([N+](=O)[O-])c(C(F)(F)F)c3)CC1C2,0
O=C1NC(=O)C2(Nc3ccc(S(=O)(=O)F)cc3)CC1C2,1
CC1(NC(=O)COc2cccc3c2CN(C2CCC(=O)NC2=O)C3=O)CNC1,0
N#CN1CCC(c2cnc3cc(-c4cn(C5CCC(=O)NC5=O)nn4)ccc3c2)C1,1
N#CN1CCC(c2ccc(Nc3cccc4c3C(=O)N(C3CCC(=O)NC3=O)C4=O)cc2)CC1,1
O=C1NCc2c(OCC(=O)N3CCN(c4ccccc4F)CC3)cccc21,0
CCC1(c2ccc(NCc3ccc(-n4cncn4)cc3)cc2)CCC(=O)NC1=O,0
O=C1CCC(NC(=O)c2cnc3c(S(=O)(=O)F)c[nH]c3c2)C(=O)N1,1
O=C1CCC(NC(=O)c2cnc3c(Br)c[nH]c3c2)C(=O)N1,0
N#CN1CCCC(c2cocc2-c2ccc3c(c2)C(=O)N(C2CCC(=O)NC2=O)C3)C1,1
N#CN1CCC(c2ccc3c(c2-c2ccc4c(c2)CN(C2CCC(=O)NC2=O)C4=O)OCCCO3)C1,1
Cc1ccc2snc(C(=O)Nc3ccc(NC4CCC(=O)NC4=O)cc3)c2c1,0
C=CC(=O)N1CCCC(C(=O)Nc2ccc(C3CC(=O)NC(=O)C3)cc2)C1,1
Cc1ccc(-c2ccn(C3CCCC3)n2)cc1N1CCC(=O)NC1=O,0
N#CN1CCC(c2ccccc2-n2cnc(C(=O)NC3CCC(=O)NC3=O)n2)C1,1
O=C1CCC(N2C(=O)c3ccc(OCc4nc(C5CC5)no4)cc3C2=O)C(=O)N1,0
O=C1CCC(NC(=O)c2ccc(-c3nn[nH]n3)o2)C(=O)N1,0
CCC1C(=O)NCCN1C(=O)c1ccc2c(c1)CN(C1CCC(=O)NC1=O)C2=O,0
N#CN1CCCC(c2ccc(-c3nc(C(=O)NC4CCC(=O)NC4=O)c4n3CCOC4)cc2)C1,1
N#CN1CCC(c2cccc(-n3cc(C(=O)NC4CCC(=O)NC4=O)cn3)c2)C1,1
Cn1ncc(C(=O)NC2CCC(=O)NC2=O)c1-c1ccccn1,0
COc1cc2nc(-c3ccccc3)nc(NC3CCC(=O)NC3=O)c2cc1OC,0
O=C1CCC(N2C(=O)c3ccc(NC(=O)c4cn5ccccc5n4)cc3C2=O)C(=O)N1,0
N#CN1CCCC(c2cccc(Cc3cn(C4CCC(=O)NC4=O)nn3)c2)C1,1
N#CN1CCC(c2cc(-c3cccc4c3CN(C3CCC(=O)NC3=O)C4=O)ccn2)CC1,1
CC(C)=NNC(=O)c1cc2cccc(C)c2nc1C,0
O=C1NCCOc2ccc(S(=O)(=O)Nc3cccc4c3C(=O)NC4)cc21,0
O=C1CCC(NC(=O)c2cc(CNC(=O)c3cnn4c3CCC4)n[nH]2)C(=O)N1,0
Cc1cn2nnc(C(=O)NC3CCC(=O)NC3=O)c2c(=O)[nH]1,0
CC(C)C1Oc2ccc(C(=O)NC3CCC(=O)NC3=O)cc2NC1=O,0
CN1C(=O)COc2ccc(C(=O)NC3CCC(=O)NC3=O)cc21,0
O=C1CCC(NC(=O)c2cc(F)c3c(c2)NC(=O)CO3)C(=O)N1,0
N#CN1CCC(c2ccc(-c3cnc(C(=O)NC4CCC(=O)NC4=O)o3)cc2)C1,1
CC1CN(Cc2ccc(C(=O)NC3CCC(=O)NC3=O)cc2)CC(C)O1,0
N#CN1CCC(c2cccc(-n3cnc(C(=O)NC4CCC(=O)NC4=O)n3)c2)C1,1
O=C1CCC(NC(=O)c2ccsc2-c2nn[nH]n2)C(=O)N1,0
N#CN1CCC(c2ccc3c(c2)C(C(=O)Nc2cccc(C4CCC(=O)NC4=O)c2)CCC3)CC1,1
O=C1CCC(NC(=O)c2ccc(S(=O)(=O)N3CCOCC3)cc2)C(=O)N1,0
N#CN1CCCC(c2cccc(-n3nncc3C(=O)NC3CCC(=O)NC3=O)c2)C1,1
N#CN1CCC(c2cscc2-c2cnc(C(=O)NC3CCC(=O)NC3=O)cn2)C1,1
Cc1ccc(C(=O)NC2COc3cc(CO)nn3C2)cc1N1CCC(=O)NC1=O,0
N#CN1CCCC(c2ccc(-c3cccc(C(=O)NC4CCC(=O)NC4=O)c3)cc2)C1,1
Cc1nc(C(=O)NC2CCC(=O)NC2=O)cn(C)c1=O,0
N#CN1CCC(c2cccc(-c3cnc(C(=O)NC4CCC(=O)NC4=O)o3)c2)CC1,1
O=C1CCC(N2Cc3ccc(CNC(=O)c4ncc(O)cn4)cc3C2=O)C(=O)N1,0
COc1nc(C(=O)NC2CCC(=O)NC2=O)ncc1F,0
O=C1CCC(NC(=O)c2ncc(S(=O)(=O)F)cn2)C(=O)N1,1
CNC(=O)C1(C(=O)Nc2ccc3c(c2)C(=O)N(C2CCC(=O)NC2=O)C3=O)CC1,0
O=C1CCC(N2C(=O)c3ccc(NC(=O)C4CC4)cc3C2=O)C(=O)N1,0
COc1ccc(C(=O)NC2CCC(=O)NC2=O)cc1OC1CCN(C)CC1,0
N#CN1CCC(c2ccc(-c3ccc(C(=O)NC4CCC(=O)NC4=O)o3)cc2)C1,1
O=C1CCC(NC(=O)c2ccc(-c3ccccc3OC(F)(F)F)o2)C(=O)N1,0
O=C1CCC(NC(=O)c2ccc(-c3cc(F)cc(Cl)c3)o2)C(=O)N1,0
N#CN1CCCC(c2cccc3c2N=C(C(=O)Nc2cccc(C4CCC(=O)NC4=O)c2)C3)C1,1
O=C1CCC(N2Cc3ccc(-c4cc(F)cc5ccoc45)cc3C2=O)C(=O)N1,0
N#CN1CCCC(c2cccc(-n3ccc(=O)c(C(=O)NC4CCC(=O)NC4=O)n3)c2)C1,1
N#CN1CCCC(c2ccccc2-c2cc(C(=O)NC3CCC(=O)NC3=O)on2)C1,1
CC1(c2ccc(Cl)c(Cl)c2)CC(=O)N(C2CC(=O)NC2=O)C1=O,0
Cc1noc2nc(N(C)C3CCC(=O)NC3=O)cc(C(F)(F)F)c12,0
O=C1CCC(N2Cc3ccc(-c4cccnc4S(=O)(=O)F)cc3C2=O)C(=O)N1,1
O=C1CCC(N2Cc3ccc(-c4cncc(OS(=O)(=O)F)c4)cc3C2=O)C(=O)N1,1
O=C1CCC(N2Cc3cc(S(=O)(=O)F)c(-c4cccnc4)cc3C2=O)C(=O)N1,1
CC(CO)Nc1ccc(-c2ccc3c(c2)C(=O)N(C2CCC(=O)NC2=O)C3)cn1,0
O=C1CCC(N2Cc3ccc(-c4ccc(OS(=O)(=O)F)nc4)cc3C2=O)C(=O)N1,1
O=C1CCC(N2Cc3ccc(-c4cnccc4S(=O)(=O)F)cc3C2=O)C(=O)N1,1
O=C1CCC(N2Cc3ccc(-c4cncc(S(=O)(=O)F)c4)cc3C2=O)C(=O)N1,1
CN1C(=O)c2ccccc2C1Cn1c(=O)[nH]c2ccccc2c1=O,0
N#CN1CCCC(c2occc2-c2ccc3c(c2)C(=O)N(C2CCC(=O)NC2=O)C3)C1,1
O=C1CCC(NC(=O)c2cccc3c2S(=O)(=O)CCC3)C(=O)N1,0
O=C1CCC(NC(=O)c2cc(S(=O)(=O)F)cc3c2S(=O)(=O)CCC3)C(=O)N1,1
O=C1CCC(NC(=O)c2ccc(S(=O)(=O)F)c3c2S(=O)(=O)CCC3)C(=O)N1,1
O=C1CCC(c2ccc(Nc3ncnc4c3ccc3ccccc34)cc2)C(=O)N1,0
N#CN1CCC(c2ccccc2-c2cncc(C(=O)NC3CCC(=O)NC3=O)c2)C1,1
CCC1(c2ccc(NC(=O)c3c[nH]c(C)n3)cc2)CCC(=O)NC1=O,0
C=CC(=O)NCc1ccc(C(=O)Nc2ccc(CC3NC(=O)NC3=O)cc2)cc1,1
O=C1CCC(NC(=O)c2cnc(C3CCCN3)nc2)C(=O)N1,0
N#CN1CCC(c2ccncc2-c2ncc(C(=O)NC3CCC(=O)NC3=O)s2)C1,1
N#CN1CCC(c2ccc3c(C(=O)NC4CCC(=O)NC4=O)snc3c2)C1,1
O=C1CCC(NC(=O)c2cnc(-c3cnccn3)s2)C(=O)N1,0
N#CN1CCCC(c2cccc(-c3coc(C(=O)NC4CCC(=O)NC4=O)c3)c2)C1,1
CCn1c(=O)c(NC2CCC(=O)NC2=O)nc2ccccc21,0
O=C1CCC(Nc2nc3cccc(S(=O)(=O)F)c3[nH]c2=O)C(=O)N1,1
O=C(CCC(=O)N1CCc2sccc2C1)Nc1ccc2c(c1)C(=O)NC2,0
N#CN1CCC(c2ccc(-c3cscc3C(=O)NC3CCC(=O)NC3=O)cc2)C1,1
O=C1CCC(N2Cc3cc(NC(=O)N4CCOC4=O)ccc3C2=O)C(=O)N1,0
N#CN1CCCC(c2ccccc2-n2cc(C(=O)NC3CCC(=O)NC3=O)ccc2=O)C1,1
O=C1NCc2cc(-c3ccc(NC4CCCCC4O)nc3)ccc21,0
O=C1CCC(NC(=O)c2cccc(Nc3ncnc4ccccc34)c2)C(=O)N1,0
O=C1CCC(NC(=O)c2cc(CNC(=O)c3cc4ccccc4[nH]3)no2)C(=O)N1,0
N#CN1CCC(c2cccc3c2C(C(=O)Nc2ccc(C4CCC(=O)NC4=O)cc2)OCC3)C1,1
Cc1csc(-c2cccc(C(=O)NC3CCC(=O)NC3=O)c2)n1,0
CC(Nc1ccc(C2CC(=O)NC(=O)C2)cc1)C1CCCC1,0
Cc1c(C(=O)NC2CCC(=O)NC2=O)noc1C1CC1,0
N#CN1CCC(c2ccc3c(c2)CCCN3c2ccc(C(=O)NC3CCC(=O)NC3=O)cc2)C1,1
O=C1CCC(NC(=O)c2ccc(-c3cccnc3)cc2C(F)(F)F)C(=O)N1,0
N#CN1CCC(c2cc(C3CC3)ccc2-c2ccc3c(c2)CN(C2CCC(=O)NC2=O)C3=O)C1,1
O=C1CCC(NC(=O)c2cccc(C(=O)N3CCCC3)n2)C(=O)N1,0
O=C1CCC(NC(=O)c2cnn(CC3CCCCO3)c2)C(=O)N1,0
N#CN1CCCC(c2cnc3n2CCCC3C(=O)Nc2cccc(C3CCC(=O)NC3=O)c2)C1,1
N#CN1CCCC(c2cncc(-c3ccc4c(c3)C(=O)N(C3CCC(=O)NC3=O)C4)c2)C1,1
O=C1CCC(N2Cc3c(C(=O)NCCC4CCCNC4)cccc3C2=O)C(=O)N1,0
N#Cc1ccccc1Oc1ccccc1C(=O)NC1CCC(=O)NC1=O,0
O=C1CCC(NC(=O)c2cc(Cl)ccc2Oc2cccc(Cl)c2)C(=O)N1,0
O=C1CCC(Nc2ccnc3cc(S(=O)(=O)F)nn23)C(=O)N1,1
COc1c(Cl)nc2ccnn2c1NC1CCC(=O)NC1=O,0
Cc1nn2c(N(C)C3CCC(=O)NC3=O)cc(Cl)nc2c1C,0
CCc1cc(N(C)C2CCC(=O)NC2=O)n2nccc2n1,0
CN(c1ccnc2c(C#N)cnn12)C1CCC(=O)NC1=O,0
Cc1cc(NC2CCC(=O)NC2=O)n2ncc(C#N)c2n1,0
COc1c(Cl)nc2ccnn2c1N(C)C1CCC(=O)NC1=O,0
N#CN1CCC(c2ccc(-c3cc(C(=O)NC4CCC(=O)NC4=O)on3)cc2)C1,1
N#CN1CCC(c2cc3c(c(-c4cccc5c4CN(C4CCC(=O)NC4=O)C5=O)c2)OCCNC3)C1,1
N#CN1CCC(c2ccc(-c3csc(C(=O)NC4CCC(=O)NC4=O)c3)cc2)C1,1
N#CN1CCCC(c2ccc(-c3n[nH]cc3C(=O)NC3CCC(=O)NC3=O)s2)C1,1
O=C1CCC(N2Cc3c(NCC(=O)N4CC=CCC4)cccc3C2=O)C(=O)N1,0
Cc1ccc(-c2ccc3c(c2)CN(C2CCC(=O)NC2=O)C3=O)s1,0
COC(=O)c1ccc(-c2ccc3c(c2)CN(C2CCC(=O)NC2=O)C3=O)s1,0
O=C1CCC(N2Cc3cc(-c4sccc4OS(=O)(=O)F)ccc3C2=O)C(=O)N1,1
O=C1CCC(N2Cc3cc(-c4cc(OS(=O)(=O)F)cs4)ccc3C2=O)C(=O)N1,1
O=C1CCC(N2Cc3c(ccc(-c4cccs4)c3S(=O)(=O)F)C2=O)C(=O)N1,1
O=C1CCC(N2Cc3cc(-c4ccc(OS(=O)(=O)F)s4)ccc3C2=O)C(=O)N1,1
O=C1CCC(N2Cc3cc(-c4cc(S(=O)(=O)F)cs4)ccc3C2=O)C(=O)N1,1
O=C1CCC(N2Cc3cc(-c4cccs4)c(S(=O)(=O)F)cc3C2=O)C(=O)N1,1
O=C1CCC(N2Cc3cc(-c4sccc4S(=O)(=O)F)ccc3C2=O)C(=O)N1,1
N#CC1(NC(=O)Cn2ccc(=O)[nH]c2=O)CC1,1
O=C1CCC(OC(=O)c2cc3nccnc3cc2F)C(=O)N1,0
N#CN1CCC(c2c[nH]c(-c3cccc4c3CN(C3CCC(=O)NC3=O)C4=O)c2)C1,1
O=C1CCC(N2Cc3c(NC4=NC(c5ccc(-c6ccccc6)cc5)NC=C4)cccc3C2=O)C(=O)N1,0
Cc1cncnc1NCc1ccc2c(c1)C(=O)N(C1CCC(=O)NC1=O)C2,0
N#CN1CCC(c2c(-c3ccc4c(c3)CN(C3CCC(=O)NC3=O)C4=O)nc3n2CCC3)C1,1
N#CN1CCCC(c2c(C3CCCC3)nnn2-c2ccc3c(c2)C(=O)N(C2CCC(=O)NC2=O)C3)C1,1
N#CN1CCC(c2ccc3c(c2)C(C(=O)Nc2ccc(C4CCC(=O)NC4=O)cc2)CCC3)C1,1
CC(C)(C)NC(=O)C1(C)CCCC(=O)N1C1CCC(=O)NC1=O,0
O=C1CCC(N2Cc3c(CNC(=O)c4ccc(F)cc4)cccc3C2=O)C(=O)N1,0
O=C1CCC(CSc2ccccn2)C(=O)N1,0
Nc1c(C(=O)NC2CCC(=O)NC2=O)[nH]c(=O)[nH]c1=O,0
O=C1CCC(NC(=O)c2c[nH]nc2-c2cc3ccccc3o2)C(=O)N1,0
N#CN1CCC(c2cccc(-n3nncc3C(=O)NC3CCC(=O)NC3=O)c2)C1,1
Cn1oc(C(=O)NC2CCC(=O)NC2=O)cc1=O,0
Cc1cc(C)nc(-n2[nH]c(C(=O)NC3CCC(=O)NC3=O)c(CCO)c2=O)n1,0
O=C1CCC(N2C(=O)c3ccc(C(=O)NC4CC45CCC5)cc3C2=O)C(=O)N1,0
COC(=O)c1cc(C)nc2nc(SC3CCC(=O)NC3=O)[nH]c(=O)c12,0
N#CN1CCC(c2ccc3c(n2)C2(CCOC2)CN3C(=O)c2ccc(N3CCC(=O)NC3=O)cc2)C1,1
N#CN1CCCC(c2ccc3sc(C(=O)NC4CCC(=O)NC4=O)nc3c2)C1,1
Cc1ccc(CNC(=O)c2ccc3c(c2)C(=O)N(C2CCC(=O)NC2=O)C3)s1,0
O=C1CCC(N2Cc3c(cccc3-c3cc4c(c(OS(=O)(=O)F)c3)CNCC4)C2=O)C(=O)N1,1
O=C1CCC(N2Cc3c(cccc3-c3ccc4c(c3)CCNC4)C2=O)C(=O)N1,0
N#CN1CCC(c2cncc(-c3cccc4c3CN(C3CCC(=O)NC3=O)C4=O)c2)C1,1
Cc1nn(C)c2ncc(-c3cccc4c3CN(C3CCC(=O)NC3=O)C4=O)cc12,0
Cn1ncc2cc(-c3cccc4c3CN(C3CCC(=O)NC3=O)C4=O)cnc21,0
O=c1ccn(C2OC(CO)C(O)C2O)c(=O)[nH]1,0
O=c1ccn(C2CC(O)C(CO)O2)c(=O)[nH]1,0
O=c1ccn(C2OC(COP(=O)(O)O)C(O)C2O)c(=O)[nH]1,0
O=C1CCC(NC(=O)c2cccc(OC3CCCCC3)c2)C(=O)N1,0
O=C1CCC(NC(=O)c2cnc(-c3nccs3)[nH]c2=O)C(=O)N1,0
O=C1CCC(NC(=O)c2cccc(N=S3(=O)CCCC3)c2)C(=O)N1,0
CCN(CC)c1ncc(-c2cccc3c2CN(C2CCC(=O)NC2=O)C3=O)cn1,0
O=C1CCC(N2Cc3c(ccc(S(=O)(=O)F)c3-c3cncnc3)C2=O)C(=O)N1,1
COc1ncncc1-c1cccc2c1CN(C1CCC(=O)NC1=O)C2=O,0
O=C1CCC(N2Cc3c(cccc3-c3cnc(OS(=O)(=O)F)nc3)C2=O)C(=O)N1,1
Nc1ncc(-c2cccc3c2CN(C2CCC(=O)NC2=O)C3=O)cn1,0
CC1CN(C(=O)c2cccc3c2CN(C2CCC(=O)NC2=O)C3=O)CC(C)O1,0
CN1CCC(C(=O)Nc2ccc(C3CCC(=O)NC3=O)cc2)(C(F)(F)F)C1,0
N#CN1CCC(c2c(-c3ccc4c(c3)CN(C3CCC(=O)NC3=O)C4=O)ncnc2C2CC2)C1,1
N#CN1CCCC(c2ccccc2NC(=O)c2cccc3c2CN(C2CCC(=O)NC2=O)C3=O)C1,1
N#CN1CCC(c2ncn(-c3ccc(C(=O)NC4CCC(=O)NC4=O)cc3)n2)C1,1
COc1ccc2c(c1)C(C(=O)Nc1ccc(C3CCC(=O)NC3=O)cc1)CCN2,0
O=C1CCC(NC(=O)c2cnc3[nH]c(=O)[nH]c3n2)C(=O)N1,0
N#CN1CCCC(c2nc3n(n2)CC(C(=O)Nc2ccc(C4CCC(=O)NC4=O)cc2)CC3)C1,1
N#CN1CCC(c2csc(-c3cccc4c3CN(C3CCC(=O)NC3=O)C4=O)c2)C1,1
Cc1cnn(Cc2cn(C3CCC(=O)NC3=O)nn2)c1,0
O=C1CCC(n2cc(Cn3cc(Br)cn3)nn2)C(=O)N1,0
N#CN1CCCC(c2ccccc2-c2coc(C(=O)NC3CCC(=O)NC3=O)c2)C1,1
N#CN1CCC(c2ncnn2-c2ccc(C(=O)NC3CCC(=O)NC3=O)cc2)C1,1
O=C1CCC(N2C(=O)c3ccc(C(=O)NC4(C5CC5)CC4)cc3C2=O)C(=O)N1,0
CC1(C)Cc2c(C(=O)Nc3cccc(NC4CCC(=O)NC4=O)c3)nnn2C1,0
O=C1CCC(NC(=O)c2sccc2-c2ccccc2)C(=O)N1,0
O=C1CCC(N2Cc3cc(-c4cc(CN5CCCC5)c5[nH]nc(C6CCC6)c5n4)ccc3C2=O)C(=O)N1,0
N#CN1CCCC(c2ccc(-c3ccc4c(c3)CN(C3CCC(=O)NC3=O)C4=O)cc2)C1,1
N#CN1CCCC(c2cccc(-c3cccc4c3C(=O)N(C3CCC(=O)NC3=O)C4)c2)C1,1
O=C1CCC(N2Cc3c(cccc3-c3ccnc4ncccc34)C2=O)C(=O)N1,0
O=C1CCC(NC(=O)c2cc(S(=O)(=O)F)c3nccn3n2)C(=O)N1,1
Cc1cn2nc(C(=O)NC3CCC(=O)NC3=O)cc(C)c2n1,0
O=C1CCC(NC(=O)c2ccc3ncc(OS(=O)(=O)F)n3n2)C(=O)N1,1
O=C1CCC(NC(=O)c2ccc3nc(S(=O)(=O)F)cn3n2)C(=O)N1,1
O=C1CCC(NC(=O)c2ccc3ncc(S(=O)(=O)F)n3n2)C(=O)N1,1
O=C1CCC(N2C(=O)c3cccc(OCC(=O)N4CCCCC4)c3C2=O)C(=O)N1,0
CN1CCc2[nH]c3ccc(C(=O)NC4CCC(=O)NC4=O)cc3c2C1,0
O=C1CCC(c2ccc(NC(=O)CC3Cc4ccccc4CN3)cc2)C(=O)N1,0
N#CN1CCCC(c2cccc(-c3ncc(C(=O)NC4CCC(=O)NC4=O)s3)n2)C1,1
CCc1cn2nc(Cl)cc(Nc3ccc(C4CCC(=O)NC4=O)cc3)c2n1,0
O=C1CCC(N2Cc3cc(-c4ccc5c(c4OS(=O)(=O)F)CCO5)ccc3C2=O)C(=O)N1,1
O=C1CCC(N2Cc3cc(-c4cc5c(cc4OS(=O)(=O)F)OCC5)ccc3C2=O)C(=O)N1,1
O=C1CCC(N2Cc3cc(-c4cc5c(c(OS(=O)(=O)F)c4)OCC5)ccc3C2=O)C(=O)N1,1
CC1(C)COc2ccc(-c3ccc4c(c3)CN(C3CCC(=O)NC3=O)C4=O)cc21,0
COc1cc(COc2ccc3c(c2)C(=O)N(C2CCC(=O)NC2=O)C3=O)ccn1,0
O=C1CCC(NC(=O)c2cnn(C3CCOC3)n2)C(=O)N1,0
O=C1CCC(NC(=O)c2coc(Cn3cccn3)c2)C(=O)N1,0
CS(=O)(=O)Nc1ccc(N(CC2CC2)C2CCC(=O)NC2=O)cc1,0
O=C1CCC(N2C(=O)c3ccccc3C2c2c[nH]c3ccccc23)C(=O)N1,0
N#CN1CCC(c2ccc3c(c2)C(C(=O)Nc2ccc(C4CCC(=O)NC4=O)cc2)CCC3)CC1,1
O=C1CCC(c2ccc(NS(=O)(=O)C=C(F)c3ccccc3)cc2)C(=O)N1,0
CC(C)(C)c1ccnc2c(C(=O)NC3CCC(=O)NC3=O)cnn12,0
Cc1cc(C)n2nc(C)c(C(=O)NC3CCC(=O)NC3=O)c2n1,0
O=C1CCC(NC(=O)c2cnn3cc(S(=O)(=O)F)cnc23)C(=O)N1,1
Cc1cc(O)n2ncc(C(=O)NC3CCC(=O)NC3=O)c2n1,0
CCc1nn2cccnc2c1C(=O)NC1CCC(=O)NC1=O,0
O=C1CCC(NC(=O)c2cnn3cc(Br)cnc23)C(=O)N1,0
O=C1CCC(NC(=O)c2cnn3ccc(OS(=O)(=O)F)nc23)C(=O)N1,1
CC1CNc2nc(C(=O)NC3CCC(=O)NC3=O)nn2C1,0
C=CC(=O)Nc1ccc(C(=O)NC2(C3NC(=O)NC3=O)CC2)cc1,1
CC(=O)Nc1cnc(Cl)cc1C(=O)NC1CCC(=O)NC1=O,0
Nc1c(C(=O)NC2CCC(=O)NC2=O)cc(Cl)nc1Br,0
CC(C)Cc1cc(C(=O)NC2CCC(=O)NC2=O)cc(O)n1,0
Nc1cnc(Cl)c(Cl)c1C(=O)NC1CCC(=O)NC1=O,0
O=C1CCC(NC(=O)c2ccnc(S(=O)(=O)F)c2)C(=O)N1,1
CC(C)Oc1nccc(C(=O)NC2CCC(=O)NC2=O)c1F,0
O=C1CCC(c2ccc(C3CCNCC3)c(OS(=O)(=O)F)c2)C(=O)N1,1
O=C1CCC(c2ccc(C3CCNCC3)cc2)C(=O)N1,0
N#CN1CCCC(c2cc(-c3ccc4c(c3)CN(C3CCC(=O)NC3=O)C4=O)cc3c2OCC3)C1,1
O=C1CCC(N2Cc3cc(CNC(=O)C(Cc4ccc([N+](=O)[O-])cc4)=NO)ccc3C2=O)C(=O)N1,0
O=C1CCC(N2Cc3cc(CNC(=O)C(Cc4ccc(Cl)cc4)=NO)ccc3C2=O)C(=O)N1,0
Cc1ccc(CC(=NN)C(=O)NCc2ccc3c(c2)CN(C2CCC(=O)NC2=O)C3=O)cc1Cl,0
CON=C(Cc1ccc(C)c(Cl)c1)C(=O)NCc1ccc2c(c1)CN(C1CCC(=O)NC1=O)C2=O,0
O=C1CCC(N2Cc3cc(CNC(=O)C(Cc4ccc(F)cc4)=NO)ccc3C2=O)C(=O)N1,0
Cc1ccc(CC(=NO)C(=O)NCc2ccc3c(c2)CN(C2CCC(=O)NC2=O)C3=O)cc1Cl,0
N#CN1CCC(c2cnc(-c3cccc(C(=O)NC4CCC(=O)NC4=O)c3)s2)C1,1
N#CN1CCC(c2cccc(C(=O)Nc3cccc4c3CN(C3CCC(=O)NC3=O)C4=O)c2)C1,1
N#CN1CCC(c2ccnnc2-c2ccc3c(c2)CN(C2CCC(=O)NC2=O)C3=O)C1,1
O=C1CCC(NC(=O)c2ccc3nc(S(=O)(=O)F)sc3n2)C(=O)N1,1
O=C1CCC(NC(=O)c2ccc3ncsc3n2)C(=O)N1,0
O=C1CCC(NC(=O)c2cc(S(=O)(=O)F)c3ncsc3n2)C(=O)N1,1
O=C1CCC(N2Cc3c(cccc3-c3coc(OS(=O)(=O)F)c3)C2=O)C(=O)N1,1
COC(=O)c1occc1-c1cccc2c1CN(C1CCC(=O)NC1=O)C2=O,0
O=C1CCC(N2Cc3c(cc(S(=O)(=O)F)cc3-c3ccoc3)C2=O)C(=O)N1,1
O=C1CCC(N2Cc3c(ccc(S(=O)(=O)F)c3-c3ccoc3)C2=O)C(=O)N1,1
O=C1CCC(N2Cc3c(cccc3-c3ccoc3S(=O)(=O)F)C2=O)C(=O)N1,1
N#CN1CCCC(c2cccnc2-c2nc(C(=O)NC3CCC(=O)NC3=O)cs2)C1,1
CCC1(c2ccc(NC(=O)CN3CC=CC3)cc2)CCC(=O)NC1=O,0
N#CN1CCCC(c2ccc3c(c2)CCCN3c2ccc(C(=O)NC3CCC(=O)NC3=O)cc2)C1,1
O=C1CCC(NC(=O)c2cnc3ccccc3c2N2CCCC2)C(=O)N1,0
O=C1CCC(c2cccc(NC(=O)C(F)(F)C3(O)CCCNC3)c2)C(=O)N1,0
O=C1CCC(c2ccc(NC(=O)C3CCc4cccc(F)c43)cc2)C(=O)N1,0
O=C1CCC(c2ccc(NC(=O)C3CCc4ccc(S(=O)(=O)F)cc43)cc2)C(=O)N1,1
O=C1CCC(c2ccc(NC(=O)C3CCc4cccc(S(=O)(=O)F)c43)cc2)C(=O)N1,1
COc1cccc2c1CCC2(N)C(=O)Nc1ccc(C2CCC(=O)NC2=O)cc1,0
Cn1c(=O)cc(C(=O)NC2CCC(=O)NC2=O)c2ccccc21,0
O=C1CCC(NC(=O)c2cc(=O)[nH]c3ccc(F)cc23)C(=O)N1,0
O=C1CCC(NC(=O)c2cc(=O)[nH]c3cc(F)ccc23)C(=O)N1,0
N#CN1CCC(c2ccn(Cc3cn(C4CCC(=O)NC4=O)nn3)n2)C1,1
Nc1c(C(=O)Nc2ccc(C3CCC(=O)NC3=O)cc2)[nH]c(=O)[nH]c1=O,0
O=C1CCC(c2cccc(NC(=O)c3cncc(-n4ccnn4)c3)c2)C(=O)N1,0
N#CN1CCC(c2c[nH]nc2-c2ccc3c(c2)CN(C2CCC(=O)NC2=O)C3=O)C1,1
Nc1n[nH]c2cncc(C(=O)NC3CCC(=O)NC3=O)c12,0
O=C1CCC(c2cccc(NC(=O)c3cc(CC4CCCCN4)on3)c2)C(=O)N1,0
Nc1cc(O)cc2c1CN(C1CCC(=O)NC1=O)C2=O,0
CCCOC(=O)Nc1ccc2c(c1)C(=O)N(C1CCC(=O)NC1=O)C2,0
CN1C(=O)CCC(N2Cc3ccc(N)cc3C2=O)C1=O,0
CC(CC(=O)O)NC(=O)c1ccc2c(c1)CN(C1CCC(=O)NC1=O)C2=O,0
CC(C)(CN)CNC(=O)c1ccc2c(c1)C(=O)N(C1CCC(=O)NC1=O)C2,0
O=C1CCC(N2Cc3cc(Br)ccc3C2=O)C(=O)N1,0
CC=CC(=O)Nc1cccc2c1CN(C1CCC(=O)NC1=O)C2=O,1
NCCCCCNc1cccc2c1CN(C1CCC(=O)NC1=O)C2=O,0
CCNC(=O)NCc1ccc2c(c1)C(=O)N(C1CCC(=O)NC1=O)C2,0
O=C(O)CNc1ccc2c(c1)CN(C1CCC(=O)NC1=O)C2=O,0
CS(=O)(=O)Nc1ccc2c(c1)CN(C1CCC(=O)NC1=O)C2=O,0
Nc1cc(Cl)cc2c1CN(C1CCC(=O)NC1=O)C2=O,0
CCCCNc1ccc2c(c1)CN(C1CCC(=O)NC1=O)C2=O,0
CC(C)C(NC(=O)c1ccc2c(c1)C(=O)N(C1CCC(=O)NC1=O)C2)C(=O)O,0
CC(C)CCC(=O)NCc1ccc2c(c1)C(=O)N(C1CCC(=O)NC1=O)C2,0
O=C1CCC(N2Cc3cccc(O)c3C2=O)C(=O)N1,0
CC(C)=Cc1ccc2c(c1)CN(C1CCC(=O)NC1=O)C2=O,0
CN(C)CCNC(=O)NCc1ccc2c(c1)C(=O)N(C1CCC(=O)NC1=O)C2,0
Nc1ccc(F)c2c1CN(C1CCC(=O)NC1=O)C2=O,0
CC(CC(=O)O)NC(=O)c1cccc2c1CN(C1CCC(=O)NC1=O)C2=O,0
CC(CC(F)(F)F)C(=O)Nc1cccc2c1CN(C1CCC(=O)NC1=O)C2=O,0
CC(CF)NC(=O)c1cccc2c1CN(C1CCC(=O)NC1=O)C2=O,0
Nc1c(F)ccc2c1CN(C1CCC(=O)NC1=O)C2=O,0
CC(=O)NCc1ccc2c(c1)C(=O)N(C1CCC(=O)NC1=O)C2,0
Nc1cccc2c1CN(C1CCC(=O)NC1=O)C2=O,0
O=C(O)Cc1cccc2c1CN(C1CCC(=O)NC1=O)C2=O,0
O=C1CCC(N2Cc3c(NC(=O)C(F)(F)C(F)F)cccc3C2=O)C(=O)N1,0
CCCC(NC(=O)c1ccc2c(c1)CN(C1CCC(=O)NC1=O)C2=O)C(=O)O,0
O=Cc1ccc2c(c1)CN(C1CCC(=O)NC1=O)C2=O,0
O=C1CCC(N2Cc3c(F)cccc3C2=O)C(=O)N1,0
O=C1CCC(N2Cc3cccc(C(=O)O)c3C2=O)C(=O)N1,0
C=CC(=O)Nc1ccc2c(c1)C(=O)N(C1CCC(=O)NC1=O)C2,1
CC(C)CCS(=O)(=O)Nc1ccc2c(c1)C(=O)N(C1CCC(=O)NC1=O)C2,0
CC(NC(=O)c1ccc2c(c1)CN(C1CCC(=O)NC1=O)C2=O)C(=O)O,0
COCC(=O)NCc1ccc2c(c1)C(=O)N(C1CCC(=O)NC1=O)C2,0
CC(F)(F)C(=O)NCc1ccc2c(c1)C(=O)N(C1CCC(=O)NC1=O)C2,0
CC(C)N(CC(=O)O)C(=O)c1ccc2c(c1)C(=O)N(C1CCC(=O)NC1=O)C2,0
CC(C)N(CC(=O)O)C(=O)c1ccc2c(c1)CN(C1CCC(=O)NC1=O)C2=O,0
CC=CC(=O)Nc1ccc2c(c1)C(=O)N(C1CCC(=O)NC1=O)C2,1
CN(C)C(=O)N(C)C(=O)Nc1ccc2c(c1)CN(C1CCC(=O)NC1=O)C2=O,0
CC(C)(NC(=O)c1ccc2c(c1)C(=O)N(C1CCC(=O)NC1=O)C2)C(=O)O,0
CCN(OC)C(=O)c1ccc2c(c1)CN(C1CCC(=O)NC1=O)C2=O,0
CC=CC(=O)NCc1ccc2c(c1)C(=O)N(C1CCC(=O)NC1=O)C2,1
NCCc1cccc2c1CN(C1CCC(=O)NC1=O)C2=O,0
Nc1cc(C(F)(F)F)cc2c1CN(C1CCC(=O)NC1=O)C2=O,0
CCCC(NC(=O)c1ccc2c(c1)C(=O)N(C1CCC(=O)NC1=O)C2)C(=O)O,0
CNC(=O)NCc1ccc2c(c1)C(=O)N(C1CCC(=O)NC1=O)C2,0
CC(C)C(C)C(=O)NCc1ccc2c(c1)C(=O)N(C1CCC(=O)NC1=O)C2,0
COc1cccc2c1CN(C1CCC(=O)NC1=O)C2=O,0
COc1ccc2c(c1)CN(C1CCC(=O)NC1=O)C2=O,0
NCCCCNC(=O)COc1ccc2c(c1)CN(C1CCC(=O)NC1=O)C2=O,0
CC(C)CNC(=O)c1cccc2c1CN(C1CCC(=O)NC1=O)C2=O,0
O=C(O)CCCNC(=O)c1ccc2c(c1)C(=O)N(C1CCC(=O)NC1=O)C2,0
O=C1CCC(N2Cc3c(O)cccc3C2=O)C(=O)N1,0
CCCC(=O)NCc1ccc2c(c1)C(=O)N(C1CCC(=O)NC1=O)C2,0
O=C1CCC(N2Cc3cc(C(=O)NCCCF)ccc3C2=O)C(=O)N1,0
CN(C(=O)Nc1ccc2c(c1)CN(C1CCC(=O)NC1=O)C2=O)C(C)(C)C,0
C#CCNC(=O)NCc1ccc2c(c1)C(=O)N(C1CCC(=O)NC1=O)C2,0
CCC(NC(=O)c1ccc2c(c1)CN(C1CCC(=O)NC1=O)C2=O)C(=O)O,0
O=C(O)Cc1ccc2c(c1)C(=O)N(C1CCC(=O)NC1=O)C2,0
O=C1CCC(N2Cc3c(OCCO)cccc3C2=O)C(=O)N1,0
C#Cc1ccc2c(c1)CN(C1CCC(=O)NC1=O)C2=O,0
O=C(O)CCCCCNc1cccc2c1CN(C1CCC(=O)NC1=O)C2=O,0
CCC(C)(C)C(=O)Nc1ccc2c(c1)C(=O)N(C1CCC(=O)NC1=O)C2,0
CC(CNC(=O)c1cccc2c1CN(C1CCC(=O)NC1=O)C2=O)C(=O)O,0
O=C(O)CCc1ccc2c(c1)C(=O)N(C1CCC(=O)NC1=O)C2,0
CC(C)CCC(=O)Nc1ccc2c(c1)C(=O)N(C1CCC(=O)NC1=O)C2,0
C#CCCNC(=O)c1cccc2c1CN(C1CCC(=O)NC1=O)C2=O,0
Nc1cc(F)cc2c1CN(C1CCC(=O)NC1=O)C2=O,0
O=C1CCC(N2Cc3c(NC(=O)C(F)(F)F)cccc3C2=O)C(=O)N1,0
O=C1CCC(N2Cc3cc(F)ccc3C2=O)C(=O)N1,0
CCCC(NC(=O)c1cccc2c1CN(C1CCC(=O)NC1=O)C2=O)C(=O)O,0
CC(C)C(NC(=O)c1ccc2c(c1)CN(C1CCC(=O)NC1=O)C2=O)C(=O)O,0
CC(C)CNC(=O)NCc1ccc2c(c1)C(=O)N(C1CCC(=O)NC1=O)C2,0
O=C1CCC(N2Cc3c(C(=O)NCCF)cccc3C2=O)C(=O)N1,0
CCC(C)(C)C(=O)NCc1ccc2c(c1)C(=O)N(C1CCC(=O)NC1=O)C2,0
CC(C)C(NC(=O)c1cccc2c1CN(C1CCC(=O)NC1=O)C2=O)C(=O)O,0
O=C(O)CCNC(=O)COc1cccc2c1CN(C1CCC(=O)NC1=O)C2=O,0
CC(C)C(=O)C(=O)NCc1ccc2c(c1)C(=O)N(C1CCC(=O)NC1=O)C2,0
CC(C)(CC(=O)O)NC(=O)c1cccc2c1CN(C1CCC(=O)NC1=O)C2=O,0
O=C(O)CCc1ccc2c(c1)CN(C1CCC(=O)NC1=O)C2=O,0
CON(C)C(=O)c1ccc2c(c1)CN(C1CCC(=O)NC1=O)C2=O,0
O=C1CCC(N2Cc3ccc(Br)cc3C2=O)C(=O)N1,0
C=C(COC)c1ccc2c(c1)CN(C1CCC(=O)NC1=O)C2=O,0
CC(NC(=O)COc1cccc2c1CN(C1CCC(=O)NC1=O)C2=O)C(=O)O,0
CCS(=O)(=O)Nc1ccc2c(c1)CN(C1CCC(=O)NC1=O)C2=O,0
O=C(O)CCCNC(=O)c1ccc2c(c1)CN(C1CCC(=O)NC1=O)C2=O,0
CC(C)(N)CCNC(=O)c1cccc2c1CN(C1CCC(=O)NC1=O)C2=O,0
CC(CNC(=O)c1ccc2c(c1)C(=O)N(C1CCC(=O)NC1=O)C2)C(=O)O,0
Nc1ccc2c(c1)CN(C1CCC(=O)NC1=O)C2=O,0
O=C1CCC(N2Cc3c(C(=O)O)cccc3C2=O)C(=O)N1,0
NCc1ccc2c(c1)CN(C1CCC(=O)NC1=O)C2=O,0
CN1C(=O)CCC(N2Cc3c(N)cccc3C2=O)C1=O,0
O=C(O)CCCCNC(=O)c1ccc2c(c1)CN(C1CCC(=O)NC1=O)C2=O,0
O=C1CCC(N2Cc3c(Br)cccc3C2=O)C(=O)N1,0
Nc1cccc2c1C(=O)N(C1CCC(=O)NC1=O)C2,0
CC(C)(CN)CNC(=O)c1ccc2c(c1)CN(C1CCC(=O)NC1=O)C2=O,0
CC(C)(CC(=O)O)NC(=O)c1ccc2c(c1)CN(C1CCC(=O)NC1=O)C2=O,0
O=C(O)CNc1ccc2c(c1)C(=O)N(C1CCC(=O)NC1=O)C2,0
O=C1CCC(N2Cc3cc(OS(=O)(=O)F)ccc3C2=O)C(=O)N1,1
Nc1ccc2c(c1)C(=O)N(C1CCC(=O)NC1=O)C2,0
CC(C)C(=O)Nc1ccc2c(c1)C(=O)N(C1CCC(=O)NC1=O)C2,0
NCc1cccc2c1CN(C1CCC(=O)NC1=O)C2=O,0
NCCCNC(=O)COc1ccc2c(c1)CN(C1CCC(=O)NC1=O)C2=O,0
CC(C)NC(=O)c1ccc2c(c1)CN(C1CCC(=O)NC1=O)C2=O,0
O=C(O)Cc1ccc2c(c1)CN(C1CCC(=O)NC1=O)C2=O,0
NCCNC(=O)COc1ccc2c(c1)CN(C1CCC(=O)NC1=O)C2=O,0
CCCNC(=O)c1cccc2c1CN(C1CCC(=O)NC1=O)C2=O,0
O=C(O)COc1cccc2c1CN(C1CCC(=O)NC1=O)C2=O,0
O=C1CCC(N2Cc3ccc(C(=O)O)cc3C2=O)C(=O)N1,0
NCCC(=O)Nc1cccc2c1CN(C1CCC(=O)NC1=O)C2=O,0
CCC(=O)Nc1ccc2c(c1)C(=O)N(C1CCC(=O)NC1=O)C2,0
CC(C)(CN)CNC(=O)c1cccc2c1CN(C1CCC(=O)NC1=O)C2=O,0
CC(N)C(=O)Nc1cccc2c1CN(C1CCC(=O)NC1=O)C2=O,0
O=C1CCC(N2Cc3ccc(F)cc3C2=O)C(=O)N1,0
COCC(=O)Nc1ccc2c(c1)C(=O)N(C1CCC(=O)NC1=O)C2,0
CC(C#N)NC(=O)c1ccc2c(c1)CN(C1CCC(=O)NC1=O)C2=O,0
CC(C)=Cc1cccc2c1CN(C1CCC(=O)NC1=O)C2=O,0
CCCN(CC(=O)O)C(=O)c1ccc2c(c1)CN(C1CCC(=O)NC1=O)C2=O,0
CC#CCNC(=O)c1cccc2c1CN(C1CCC(=O)NC1=O)C2=O,0
Nc1cc(Br)cc2c1CN(C1CCC(=O)NC1=O)C2=O,0
CN1C(=O)CCC(N2Cc3ccc(S(=O)(=O)F)cc3C2=O)C1=O,0
Nc1ccc(Br)c2c1C(=O)N(C1CCC(=O)NC1=O)C2,0
CC(=O)Nc1ccc2c(c1)CN(C1CCC(=O)NC1=O)C2=O,0
CCN(CC)C(=O)c1ccc2c(c1)CN(C1CCC(=O)NC1=O)C2=O,0
C=C(F)C(=O)Nc1cccc2c1CN(C1CCC(=O)NC1=O)C2=O,1
CN(CC(=O)O)C(=O)COc1cccc2c1CN(C1CCC(=O)NC1=O)C2=O,0
COCCNC(=O)NCc1ccc2c(c1)C(=O)N(C1CCC(=O)NC1=O)C2,0
O=C(O)CCc1cccc2c1CN(C1CCC(=O)NC1=O)C2=O,0
CC(C)(CCN)NC(=O)c1ccc2c(c1)CN(C1CCC(=O)NC1=O)C2=O,0
O=C1CCC(N2Cc3c(OS(=O)(=O)F)cccc3C2=O)C(=O)N1,1
Nc1cc(OC(F)(F)F)cc2c1CN(C1CCC(=O)NC1=O)C2=O,0
O=C(O)CNc1cccc2c1CN(C1CCC(=O)NC1=O)C2=O,0
COCC(C)(C)N(C)C(=O)c1ccc2c(c1)C(=O)N(C1CCC(=O)NC1=O)C2,0
CC(C)(C)NC(=O)Nc1ccc2c(c1)CN(C1CCC(=O)NC1=O)C2=O,0
C#Cc1cccc2c1CN(C1CCC(=O)NC1=O)C2=O,0
O=C1CCC(N2Cc3c(Cl)cccc3C2=O)C(=O)N1,0
CC(CF)NC(=O)c1ccc2c(c1)CN(C1CCC(=O)NC1=O)C2=O,0
O=C(COc1ccc2c(c1)CN(C1CCC(=O)NC1=O)C2=O)NCC(F)(F)F,0
CC(CC(=O)O)NC(=O)c1ccc2c(c1)C(=O)N(C1CCC(=O)NC1=O)C2,0
CC(C)CCC(=O)Nc1cccc2c1CN(C1CCC(=O)NC1=O)C2=O,0
CC(C)(C)NC(=O)NCc1ccc2c(c1)C(=O)N(C1CCC(=O)NC1=O)C2,0
CC(C)C(C)(C)C(=O)NCc1ccc2c(c1)C(=O)N(C1CCC(=O)NC1=O)C2,0
O=C1CCC(N2Cc3cc(C(=O)O)ccc3C2=O)C(=O)N1,0
CC(C)N(CC(=O)O)C(=O)c1cccc2c1CN(C1CCC(=O)NC1=O)C2=O,0
CC(C)C(=O)Nc1cccc2c1CN(C1CCC(=O)NC1=O)C2=O,0
CCC(NC(=O)c1ccc2c(c1)C(=O)N(C1CCC(=O)NC1=O)C2)C(=O)O,0
CC(C)(C)CCNC(=O)c1ccc2c(c1)CN(C1CCC(=O)NC1=O)C2=O,0
CC(C)C(=O)NCc1ccc2c(c1)C(=O)N(C1CCC(=O)NC1=O)C2,0
CCCC(=O)Nc1ccc2c(c1)C(=O)N(C1CCC(=O)NC1=O)C2,0
CC(C)CN(C)C(=O)NCc1ccc2c(c1)C(=O)N(C1CCC(=O)NC1=O)C2,0
CC(C)(C)NC(=O)C1c2ccccc2C(=O)N1C1CCC(=O)NC1=O,0
CNC(=O)c1ccc2c(c1)CN(C1CCC(=O)NC1=O)C2=O,0
CC(C)(CNC(=O)c1ccc2c(c1)C(=O)N(C1CCC(=O)NC1=O)C2)C(=O)O,0
CCC(C)NC(=O)c1ccc2c(c1)CN(C1CCC(=O)NC1=O)C2=O,0
CCCN(C)C(=O)NCc1ccc2c(c1)C(=O)N(C1CCC(=O)NC1=O)C2,0
C=CC(=O)Nc1cccc2c1CN(C1CCC(=O)NC1=O)C2=O,0
NCCCC(=O)Nc1cccc2c1CN(C1CCC(=O)NC1=O)C2=O,0
O=C1CCC(N2Cc3c(C(=O)NCCCF)cccc3C2=O)C(=O)N1,0
O=Cc1cccc2c1CN(C1CCC(=O)NC1=O)C2=O,0
CC(C)(CC(=O)O)NC(=O)c1ccc2c(c1)C(=O)N(C1CCC(=O)NC1=O)C2,0
CCN(C)C(=O)c1ccc2c(c1)CN(C1CCC(=O)NC1=O)C2=O,0
CCNC(=O)c1ccc2c(c1)CN(C1CCC(=O)NC1=O)C2=O,0
CCCNC(=O)c1ccc2c(c1)CN(C1CCC(=O)NC1=O)C2=O,0
O=C(O)CCCCNC(=O)c1ccc2c(c1)C(=O)N(C1CCC(=O)NC1=O)C2,0
CC(C)NC(=O)NCc1ccc2c(c1)C(=O)N(C1CCC(=O)NC1=O)C2,0
O=Cc1ccc2c(c1)C(=O)N(C1CCC(=O)NC1=O)C2,0
O=C1CCC(N2Cc3ccc(O)cc3C2=O)C(=O)N1,0
NCc1ccc2c(c1)C(=O)N(C1CCC(=O)NC1=O)C2,0
CCN(C)CC(=O)Nc1cccc2c1CN(C1CCC(=O)NC1=O)C2=O,0
O=C1CCC(N2Cc3cc(O)ccc3C2=O)C(=O)N1,0
O=C1CCC(N2Cc3c(cccc3S(=O)(=O)F)C2=O)C(=O)N1,1
O=C1CCC(N2Cc3c(CCCCCO)cccc3C2=O)C(=O)N1,0
CCCC(=O)Nc1cccc2c1CN(C1CCC(=O)NC1=O)C2=O,0
CN(C)c1ccc2c(c1)C(=O)N(C1CCC(=O)NC1=O)C2,0
O=C1CCC(N2Cc3ccc(CNC(=O)NCC(F)(F)F)cc3C2=O)C(=O)N1,0
CC(=O)NC1c2ccccc2C(=O)N1C1CCC(=O)NC1=O,0
CC(C)(C)C(=O)Nc1ccc2c(c1)C(=O)N(C1CCC(=O)NC1=O)C2,0
O=C1CCC(N2Cc3cccc(Br)c3C2=O)C(=O)N1,0
CCCN(C)C(=O)c1ccc2c(c1)CN(C1CCC(=O)NC1=O)C2=O,0
O=C1CCC(N2Cc3ccc(OS(=O)(=O)F)cc3C2=O)C(=O)N1,1
NCc1cccc2c1C(=O)N(C1CCC(=O)NC1=O)C2,0
CCC(C(=O)Nc1ccc2c(c1)C(=O)N(C1CCC(=O)NC1=O)C2)N(C)C,0
CC(NC(=O)c1cccc2c1CN(C1CCC(=O)NC1=O)C2=O)C(=O)O,0
CC(C)(C)C(=O)NCc1ccc2c(c1)C(=O)N(C1CCC(=O)NC1=O)C2,0
COc1ccc2c(c1)C(=O)N(C1CCC(=O)NC1=O)C2,0
CC(NC(=O)c1ccc2c(c1)C(=O)N(C1CCC(=O)NC1=O)C2)C(=O)O,0
O=C1CCC(N2Cc3cccc(F)c3C2=O)C(=O)N1,0
CCC(NC(=O)c1cccc2c1CN(C1CCC(=O)NC1=O)C2=O)C(=O)O,0
O=C1CCC(N2Cc3ccccc3C2=O)C(=O)N1,0
O=C1CCC(N2Cc3ccc(NC(=O)C(F)(F)F)cc3C2=O)C(=O)N1,0
O=C1CCC(N2Cc3ccc(S(=O)(=O)F)cc3C2=O)C(=O)N1,1
NCC(=O)Nc1cccc2c1CN(C1CCC(=O)NC1=O)C2=O,0
O=C1CCC(N2Cc3cc(S(=O)(=O)F)ccc3C2=O)C(=O)N1,1
CC(C)(C)CNC(=O)c1cccc2c1CN(C1CCC(=O)NC1=O)C2=O,0
O=C1CCC(NC(=O)c2cn[nH]c2CNC(=O)C(O)Cn2cncn2)C(=O)N1,0
Cc1cc(Nc2ccc(C3CCC(=O)NC3=O)cc2)nc(C2CCCOC2)n1,0
O=C1CCC(NC(=O)c2n[nH]c3cnccc23)C(=O)N1,0
N#CN1CCCC(c2cccc3c2CC(c2nc(C(=O)NC4CCC(=O)NC4=O)cs2)O3)C1,1
O=C1CCC(c2ccc(NC(=O)Cc3cc(F)cc4c3OCOC4)cc2)C(=O)N1,0
O=C1CCC(N2Cc3c(NS(=O)(=O)c4ccco4)cccc3C2=O)C(=O)N1,0
O=C1CCC(N2Cc3c(cccc3-c3ccc4[nH]ccc4c3)C2=O)C(=O)N1,0
N#CN1CCCC(c2ccc(-c3cccc4c3CN(C3CCC(=O)NC3=O)C4=O)c3c2C(=O)CC3)C1,1
N#CN1CCCC(c2ccnc(-c3cccnc3C(=O)NC3CCC(=O)NC3=O)c2)C1,1
N#CN1CCC(c2ccc(-c3cccc4c3CN(C3CCC(=O)NC3=O)C4=O)s2)C1,1
Cc1cnccc1-c1ccc(C(=O)NC2CCC(=O)NC2=O)s1,0
CC1(C)C(C(=O)Nc2ccc(NC3CCC(=O)NC3=O)cc2)=Nc2ccccc21,0
Cc1cc2c(Nc3ccc(C4CCC(=O)NC4=O)cc3)nc(C3CC3)nc2s1,0
N#CN1CCCC(c2cc3oc(-c4cccc(N5CCC(=O)NC5=O)c4)cc3cn2)C1,1
O=C1CCC(N2Cc3cc(-c4ccc5occc5n4)ccc3C2=O)C(=O)N1,0
N#CN1CCC(c2cnsc2-c2nnc(C(=O)NC3CCC(=O)NC3=O)o2)C1,1
O=C1CCC(NC(=O)c2ccc3nncn3n2)C(=O)N1,0
N#CN1CCC(c2cccc(-n3cc(C(=O)NC4CCC(=O)NC4=O)ccc3=O)c2)C1,1
N#CN1CCC(c2ccnc3cc(-c4cn(C5CCC(=O)NC5=O)nn4)ccc23)C1,1
Cc1nn(CCO)cc1CNc1ccc2c(c1)CN(C1CCC(=O)NC1=O)C2=O,0
O=C1CCC(N2CCc3cc(N4CCNCC4)ccc32)C(=O)N1,0
O=C1CCC(N2Cc3c(NCCOCCOCCOCc4ccccc4)cccc3C2=O)C(=O)N1,0
C=CC(=O)N1CCC(C(=O)Nc2ccc3c(c2)C(=O)NC3)CC1,1
CCCc1[nH]ncc1C(=O)N1Cc2[nH]nc(C(=O)NC3CCC(=O)NC3=O)c2C1,0
O=C1CCC(NC(=O)c2csc(-c3ncccc3F)n2)C(=O)N1,0
O=C1CCC(NC(=O)c2csc(-c3cccc(S(=O)(=O)F)n3)n2)C(=O)N1,1
O=C1CCC(NC(=O)c2ccn3ncc(S(=O)(=O)F)c3c2)C(=O)N1,1
O=C1CCC(NC(=O)c2cc(S(=O)(=O)F)n3nccc3c2)C(=O)N1,1
O=C1CCC(NC(=O)c2ccn3ncc(Br)c3c2)C(=O)N1,0
N#CN1CCC(c2nc(C3OCCO3)ccc2-c2ccc3c(c2)C(=O)N(C2CCC(=O)NC2=O)C3)C1,1
CC(C(=O)Nc1ccc2c(c1)C(=O)N(C1CCC(=O)NC1=O)C2)C1CC1,0
N#CN1CCCC(c2noc(C34CC(CN3C(=O)c3ccc(N5CCC(=O)NC5=O)cc3)C4)n2)C1,1
CCn1cc(C(=O)NC2CCC(=O)NC2=O)c(-c2cnn(C)c2)n1,0
O=C1CCC(NC(=O)c2nnc(NC3CC3)o2)C(=O)N1,0
N#CN1CCCC(c2cnccc2-c2ccc3c(c2)CN(C2CCC(=O)NC2=O)C3=O)C1,1
N#Cc1cccc(CC(=O)NCc2cc(C(=O)NC3CCC(=O)NC3=O)co2)c1,0
N#CN1CCC(c2ccnc(-n3cncc3C(=O)NC3CCC(=O)NC3=O)c2)C1,1
Cn1ncc(-c2ccccc2)c1C(=O)NC1CCC(=O)NC1=O,0
O=C1CCC(NC(=O)c2[nH]ncc2-c2cccc(S(=O)(=O)F)c2)C(=O)N1,1
N#CN1CCCC(c2nnc3n2CCC3C(=O)Nc2ccc(C3CCC(=O)NC3=O)cc2)C1,1
CCCS(=O)(=O)Nc1ccccc1C(=O)OC1CCC(=O)NC1=O,0
COc1cc(NC(=O)C(C)C)c(C(=O)OC2CCC(=O)NC2=O)cc1OC,0
O=C1CCC(Sc2nc(-c3ccccc3)cs2)C(=O)N1,0
O=C1CCC(N2C(=O)c3cccc(OCCOCCOCCOCc4ccccc4)c3C2=O)C(=O)N1,0
O=C1CCC(N2Cc3c(C(=O)NCc4cccc(F)n4)cccc3C2=O)C(=O)N1,0
Cc1cccc(CNC(=O)c2cccc3c2CN(C2CCC(=O)NC2=O)C3=O)n1,0
N#CN1CCCC(c2cccc(-c3cn[nH]c3C(=O)NC3CCC(=O)NC3=O)c2)C1,1
O=C1CCC(N2C(=O)c3ccc(OCC4CC4)cc3C2=O)C(=O)N1,0
N#CN1CCCC(c2ccc(-c3cn[nH]c3C(=O)NC3CCC(=O)NC3=O)cc2)C1,1
O=C1CCC(NC(=O)c2ccnc3c2CCN3)C(=O)N1,0
O=C1CCC(NC(=O)c2ccc(S(=O)(=O)F)c3ncsc23)C(=O)N1,1
O=C1CCC(NC(=O)c2cccc3nc(OS(=O)(=O)F)sc23)C(=O)N1,1
O=C1CCC(NC(=O)c2cccc3nc(S(=O)(=O)F)sc23)C(=O)N1,1
O=C1CCC(NC(=O)c2cc(S(=O)(=O)F)cc3ncsc23)C(=O)N1,1
Nc1nc2c(Br)ccc(C(=O)NC3CCC(=O)NC3=O)c2s1,0
O=C1CCC(NC(=O)c2cccc3nc(C(F)F)sc23)C(=O)N1,0
Cn1cnc(C#N)c1C(=O)NCc1cc(C(=O)NC2CCC(=O)NC2=O)[nH]n1,0
O=C1CCC(N2Cc3c(C#CCNc4ccccc4)cccc3C2=O)C(=O)N1,0
O=C1CCC(Nc2nc3ccccc3n3cncc23)C(=O)N1,0
O=C1CCC(Nc2nc3cc(S(=O)(=O)F)ccc3n3cncc23)C(=O)N1,1
O=C1CCC(Nc2nc3ccccc3n3c(S(=O)(=O)F)ncc23)C(=O)N1,1
Cc1cc(NC2CCC(=O)NC2=O)nc(-n2nc(C)cc2C)n1,0
Cc1cc(C)n(-c2ncc(Cl)c(N(C)C3CCC(=O)NC3=O)n2)n1,0
O=C1CCC(c2cccc(NC(=O)c3cncn3-c3cccc(F)n3)c2)C(=O)N1,0
Cc1cc(NC2CCC(=O)NC2=O)nc(-c2cccs2)n1,0
O=C1CCC(NC(=O)c2ccc(S(=O)(=O)F)c3ccncc23)C(=O)N1,1
O=C1CCC(NC(=O)c2cccc3cc(S(=O)(=O)F)ncc23)C(=O)N1,1
O=C1CCC(NC(=O)c2cccc3c(S(=O)(=O)F)cncc23)C(=O)N1,1
O=C1CCC(NC(=O)c2cc(S(=O)(=O)F)cc3ccncc23)C(=O)N1,1
O=C1CCC(NC(=O)c2cc(Cl)cc3ccncc23)C(=O)N1,0
N#CN1CCC(c2ccccc2-c2ccc(C(=O)NC3CCC(=O)NC3=O)o2)CC1,1
O=C1CCC(NC(=O)c2cncn2-c2cccc(F)n2)C(=O)N1,0
O=C1CCC(N2C(=O)c3ccc(N4CCCNCC4)cc3C2=O)C(=O)N1,0
N#CN1CCCC(c2cccc(-c3cnccc3C(=O)NC3CCC(=O)NC3=O)c2)C1,1
N#CN1CCC(c2cocc2-c2ccc3c(c2)C(=O)N(C2CCC(=O)NC2=O)C3)C1,1
CCC1(c2ccc(NC(=O)C3C4CCCCC43)cc2)CCC(=O)NC1=O,0
O=C(C=CC1CCCO1)Nc1cccc2c1CNC2=O,1
O=C1CCC(N2Cc3c(C(=O)NC4(C(=O)O)CCC4)cccc3C2=O)C(=O)N1,0
O=C(O)CN(C(=O)c1cccc2c1CN(C1CCC(=O)NC1=O)C2=O)C1CCC1,0
O=C1CCC(N2Cc3c(C(=O)NC4CC(C(=O)O)C4)cccc3C2=O)C(=O)N1,0
O=C1CCC(N2CCc3c(C4CCNCC4)cccc32)C(=O)N1,0
O=C1CCC(c2cccc(NC(=O)C3(Cc4cnn[nH]4)CCOCC3)c2)C(=O)N1,0
N#CN1CCC(c2ccccc2NC(=O)c2ccc3c(c2)C(=O)N(C2CCC(=O)NC2=O)C3)C1,1
Cc1ccc(NC(=O)NCc2ccc(C(=O)NC3CCC(=O)NC3=O)cc2)cc1Cl,0
Cc1occc1SC1CCC(=O)NC1=O,0
O=C1NC(=O)c2c1cccc2C(=O)Nc1cccc(-c2ncc3n2CCCC3)c1,0
N#CN1CCC(c2ccc(=O)n3c2CCC3C(=O)Nc2ccc(C3CCC(=O)NC3=O)cc2)CC1,1
O=C1CCC(N2C(=O)c3ccc(-c4cncc(S(=O)(=O)F)c4)cc3C2=O)C(=O)N1,1
O=C1CCC(N2C(=O)c3ccc(-c4cccnc4)cc3C2=O)C(=O)N1,0
O=C1CCC(N2C(=O)c3ccc(-c4cncc(OS(=O)(=O)F)c4)cc3C2=O)C(=O)N1,1
O=C1CCC(N2C(=O)c3ccc(-c4cnccc4OS(=O)(=O)F)cc3C2=O)C(=O)N1,1
O=C1CCC(N2C(=O)c3ccc(-c4ccc(OS(=O)(=O)F)nc4)cc3C2=O)C(=O)N1,1
O=C1CCC(N2C(=O)c3ccc(-c4cnccc4S(=O)(=O)F)cc3C2=O)C(=O)N1,1
O=C1CCC(N2C(=O)c3ccc(-c4cccnc4S(=O)(=O)F)cc3C2=O)C(=O)N1,1
CC1CCc2[nH]c(C(=O)Nc3ccc(C4CCC(=O)NC4=O)cc3)cc2C1,0
N#CN1CCC(c2ccc3c(c2)OCC(NC(=O)c2cccc(N4CCC(=O)NC4=O)c2)C3)CC1,1
O=C1CCC(N2Cc3ccc(C(=O)NC4(C(=O)O)CCCC4)cc3C2=O)C(=O)N1,0
O=C1CCC(N2Cc3ccc(C(=O)NC4CCC(C(=O)O)C4)cc3C2=O)C(=O)N1,0
O=C1CCC(NC(=O)c2cc(-c3ccc(F)cc3)ccc2O)C(=O)N1,0
O=C1CCC(NC(=O)c2cc(-c3ccccc3)cc(Cl)c2O)C(=O)N1,0
CCOc1ccccc1-c1cccc(C(=O)NC2CCC(=O)NC2=O)c1,0
O=C1CCC(NC(=O)c2cccc(-c3cccc(S(=O)(=O)F)c3)c2)C(=O)N1,1
Cc1nc(-c2cnn(C)c2)oc1C(=O)Nc1cccc(C2CCC(=O)NC2=O)c1,0
N#CN1CCCC(c2c[nH]nc2-c2ccc3c(c2)CN(C2CCC(=O)NC2=O)C3=O)C1,1
O=C1CCC(N2Cc3cc(NC(=O)COCCOCCOCc4ccccc4)ccc3C2=O)C(=O)N1,0
CC1(C)CNCCC1NC(=O)c1ccc2c(c1)CN(C1CCC(=O)NC1=O)C2=O,0
Cc1onc(CC(=O)Nc2cccc(C3CCC(=O)NC3=O)c2)c1-c1nn[nH]n1,0
CC1(c2ccncc2)CCC(=O)NC1=O,0
N#CN1CCCC(c2ccc(-c3cn(C4CCC(=O)NC4=O)nn3)c3ncccc23)C1,1
C=CC(=O)NCC1(c2ccccc2)NC(=O)NC1=O,1
N#Cc1ccc(N2CCCC(Nc3ccc4c(c3)C(=O)NC4)C2=O)cc1,0
O=C1CCC(N2Cc3ccc(C(=O)NCC4(C(=O)O)CC4)cc3C2=O)C(=O)N1,0
O=C(O)CN(CC1CC1)C(=O)c1ccc2c(c1)C(=O)N(C1CCC(=O)NC1=O)C2,0
N#CN1CCCC(c2ccc3nc(C(=O)NC4CCC(=O)NC4=O)c(C4CC4)cc3c2)C1,1
N#CN1CCCC(c2ccc(-c3snnc3C(=O)NC3CCC(=O)NC3=O)cc2)C1,1
O=C1CCC(NC(=O)c2cc3c(c(S(=O)(=O)F)c2)OCCCO3)C(=O)N1,1
O=C1CCC(NC(=O)c2cc(Cl)c3c(c2)OCCCO3)C(=O)N1,0
O=C1CCc2cc(-c3cccc4c3CNC4=O)c(F)cc2N1,0
O=C1CCC(N2Cc3ccc(-c4cccc(S(=O)(=O)F)c4)cc3C2=O)C(=O)N1,1
O=C1CCC(N2Cc3c(cc(-c4ccccc4)cc3S(=O)(=O)F)C2=O)C(=O)N1,1
CC(C)(O)Cc1ccccc1-c1ccc2c(c1)C(=O)N(C1CCC(=O)NC1=O)C2,0
N#Cc1ccccc1-c1ccc2c(c1)C(=O)N(C1CCC(=O)NC1=O)C2,0
O=C1CCC(N2Cc3ccc(-c4ccccc4CO)cc3C2=O)C(=O)N1,0
O=C1CCC(N2Cc3ccc(-c4ccc(OS(=O)(=O)F)cc4)cc3C2=O)C(=O)N1,1
O=C1CCC(N2Cc3ccc(-c4ccccc4S(=O)(=O)F)cc3C2=O)C(=O)N1,1
CCc1ccc(-c2ccc3c(c2)C(=O)N(C2CCC(=O)NC2=O)C3)cc1,0
O=C1CCC(N2Cc3ccc(-c4cccc(OS(=O)(=O)F)c4)cc3C2=O)C(=O)N1,1
O=C1CCC(N2Cc3ccc(-c4ccccc4)cc3C2=O)C(=O)N1,0
O=C1CCC(N2Cc3ccc(-c4cccc(C(F)F)c4)cc3C2=O)C(=O)N1,0
O=C1CCC(N2Cc3cc(S(=O)(=O)F)c(-c4ccccc4)cc3C2=O)C(=O)N1,1
O=C1CCC(n2cc(-c3cscc3OCc3ccc(CN4CCOCC4)cc3)nn2)C(=O)N1,0
CC(C)(C)OC(=O)N1CCC(Cc2cn(C3CCC(=O)NC3=O)nn2)C1,0
N#CN1CCCC(c2ccnc(C(=O)Nc3cncn3C3CCC(=O)NC3=O)c2)C1,1
O=C1CCC(N2Cc3cc(-c4ccc5c(n4)CCCN5)ccc3C2=O)C(=O)N1,0
O=C1CCC(N2Cc3c(ccc(-c4c[nH]nn4)c3S(=O)(=O)F)C2=O)C(=O)N1,1
Cn1cc(-c2ccc3c(c2)CN(C2CCC(=O)NC2=O)C3=O)nn1,0
O=C1CCC(N2Cc3cc(-c4nn[nH]c4OS(=O)(=O)F)ccc3C2=O)C(=O)N1,1
O=C1CCC(N2Cc3cc(-c4nn[nH]c4S(=O)(=O)F)ccc3C2=O)C(=O)N1,1
O=C1CCC(N2Cc3cc(-c4c[nH]nn4)c(S(=O)(=O)F)cc3C2=O)C(=O)N1,1
O=C1CCC(c2ccc(NC(=O)c3cccc4cn[nH]c(=O)c34)cc2)C(=O)N1,0
O=C1CCC(NC(=O)c2ccnc3[nH]c(CC4CC4)nc23)C(=O)N1,0
O=C1CCC(NC(=O)c2cnc3c(c2)CNC3=O)C(=O)N1,0
N#CN1CCCC(c2cnnc(-n3cc(C(=O)NC4CCC(=O)NC4=O)cn3)c2)C1,1
N#CN1CCCC(c2ccn(-c3cncc(-c4cccc(N5CCC(=O)NC5=O)c4)c3)n2)C1,1
N#CN1CCC(c2cccc(-c3cccc(C(=O)NC4CCC(=O)NC4=O)n3)c2)C1,1
CC(C)(C)Nc1c(-c2ccc3c(c2)C(=O)N(C2CCC(=O)NC2=O)C3=O)nc2ccccn12,0
O=C1CCC(Nc2cc(Br)n[nH]c2=O)C(=O)N1,0
N#CN1CCC(c2csc(-n3cc(C(=O)NC4CCC(=O)NC4=O)cn3)n2)C1,1
N#CN1CCC(c2cc(=O)c3ccc(C(=O)NC4CCC(=O)NC4=O)cc3o2)C1,1
N#CN1CCC(c2ccc(C(=O)Nc3cccc4c3CN(C3CCC(=O)NC3=O)C4=O)s2)C1,1
N#CN1CCCC(c2ccc3c(c2)CC(Nc2ccc(N4CCC(=O)NC4=O)cc2)CO3)C1,1
O=C1CCC(c2ccc(NC(=O)c3c(F)cccc3-n3cccn3)cc2)C(=O)N1,0
N#CC1(c2cccc(-c3ccc(N4CCC(=O)NC4=O)cc3)c2F)CC1,0
N#CN1CCCC(c2cccc3c2CCCC(Nc2cccc(N4CCC(=O)NC4=O)c2)C3)C1,1
O=C1CCC(N2C(=O)c3ccc(C(=O)NCCn4cccn4)cc3C2=O)C(=O)N1,0
N#CN1CCC(c2cccc(NC(=O)c3cccc4c3CN(C3CCC(=O)NC3=O)C4=O)c2)CC1,1
Cn1nc(N2CCC(=O)NC2=O)c2ccc(N)cc21,0
Cn1nc(N2CCC(=O)NC2=O)c2cccc(S(=O)(=O)F)c21,1
O=C1CCN(c2n[nH]c3c(S(=O)(=O)F)cccc23)C(=O)N1,1
Cn1nc(N2CCC(=O)NC2=O)c2cccc(N)c21,0
Cn1nc(N2CCC(=O)NC2=O)c2cccc(OS(=O)(=O)F)c21,1
Cn1nc(N2CCC(=O)NC2=O)c2ccccc21,0
O=C1CCN(c2n[nH]c3cc(OS(=O)(=O)F)ccc23)C(=O)N1,1
CC1(C(=O)Nc2cccc(C3CCC(=O)NC3=O)c2)Oc2ccccc2NC1=O,0
CC(C)(C)n1nnc(C(=O)NC2CCC(=O)NC2=O)n1,0
N#CN1CCCC(c2cc(Nc3ccc4c(c3)CN(C3CCC(=O)NC3=O)C4=O)ncn2)C1,1
Nc1nc(-c2ccc3c(c2)CN(C2CCC(=O)NC2=O)C3=O)cc(C2CC2)n1,0
Cc1ccc(N2CCC(=O)NC2=O)cc1NCCCc1ccc2c(c1)CCO2,0
O=C1CCC(N2C(=O)c3cccc(NC(=O)C4CC4)c3C2=O)C(=O)N1,0
N#CN1CCCC(c2csc(NC(=O)c3ccc4c(c3)C(=O)N(C3CCC(=O)NC3=O)C4)n2)C1,1
O=C1CCC(NC(=O)c2coc(CNC(=O)c3cnc4n3CCC4)n2)C(=O)N1,0
O=C1CCC(N2C(=O)c3ccc(N4CCN(C5CNC5)CC4)cc3C2=O)C(=O)N1,0
N#CN1CCC(c2ccccc2-c2nc(C(=O)NC3CCC(=O)NC3=O)c3n2CCOC3)C1,1
Cn1cc(C#N)cc1C(=O)NC1CCC(=O)NC1=O,0
Cn1cccc1C(=O)NC1CCC(=O)NC1=O,0
N#CN1CCCC(c2cc(-c3cccc4c3CN(C3CCC(=O)NC3=O)C4=O)cc3c2CNCC3)C1,1
N#CN1CCCC(c2cnc(Nc3ccc4c(c3)CN(C3CCC(=O)NC3=O)C4=O)nc2)C1,1
CC(CN1CCC(=O)NC1=O)c1ccccc1,0
O=C1CCC(N2Cc3c(cc(S(=O)(=O)F)cc3-c3ccsc3)C2=O)C(=O)N1,1
O=C1CCC(N2Cc3c(cccc3-c3csc(C(F)F)c3)C2=O)C(=O)N1,0
O=C1CCC(N2Cc3c(ccc(S(=O)(=O)F)c3-c3ccsc3)C2=O)C(=O)N1,1
O=C1CCC(N2Cc3c(cccc3-c3csc(CO)c3)C2=O)C(=O)N1,0
O=C1CCC(N2Cc3c(cccc3-c3ccsc3S(=O)(=O)F)C2=O)C(=O)N1,1
O=C1CCC(N2Cc3c(cccc3-c3ccsc3Cl)C2=O)C(=O)N1,0
O=C1CCC(N2Cc3c(cccc3-c3csc(OS(=O)(=O)F)c3)C2=O)C(=O)N1,1
O=C1CCC(c2ccc(NC(=O)Cn3cc(C4(O)COC4)nn3)cc2)C(=O)N1,0
O=C1CCC(NC(=O)c2ccnc(C3COCCN3)n2)C(=O)N1,0
N#CN1CCC(c2ccc3c(c2)N(c2ccc(C(=O)NC4CCC(=O)NC4=O)cc2)CCC3)C1,1
O=C1CCC(NC(=O)c2cnn3nc(S(=O)(=O)F)ccc23)C(=O)N1,1
O=C1CCC(NC(=O)c2cnn3ncc(OS(=O)(=O)F)cc23)C(=O)N1,1
Cc1nn2ncccc2c1C(=O)NC1CCC(=O)NC1=O,0
O=C1NCc2ccc(-c3nnc(N4CCCC5(CC5)C4)n3CC3CCOC3)cc21,0
O=C1CCC(c2cccc(NC(=O)c3ccnn3C3CCCNC3)c2)C(=O)N1,0
O=C1CCC(NC(=O)c2n[nH]c3c2CN(C(=O)C2CCc4nccn42)C3)C(=O)N1,0
O=C1CCC(N2Cc3c(cccc3-c3ccc4nccnc4c3)C2=O)C(=O)N1,0
O=C1CCC(Nc2cc(-c3ccsc3)ncn2)C(=O)N1,0
Cc1cnc(NC(=O)Nc2ccc(C3CC(=O)NC(=O)C3)cc2)s1,0
Cc1csc(NC(=O)Nc2ccc(C3CC(=O)NC(=O)C3)cc2)n1,0
O=C1CCC(NC(=O)c2csc3c(O)ccnc23)C(=O)N1,0
O=C1CCC(NC(=O)c2csc3cc(S(=O)(=O)F)cnc23)C(=O)N1,1
O=C1CCC(NC(=O)c2csc3cc(Cl)cnc23)C(=O)N1,0
O=C1CCC(NC(=O)c2csc3c(S(=O)(=O)F)ccnc23)C(=O)N1,1
N#CN1CCC(c2cc(-c3ccc4c(c3)C(=O)N(C3CCC(=O)NC3=O)C4)cnc2C2OCCO2)C1,1
N#CN1CCC(c2nccc(N3CCC(c4ccc(N5CCC(=O)NC5=O)cc4)CC3)n2)C1,1
O=C1CCC(c2ccc(NC(=O)C3Cc4c(ccc(F)c4F)CN3)cc2)C(=O)N1,0
N#CN1CCCC(c2cccc(-c3nc(C(=O)NC4CCC(=O)NC4=O)c[nH]3)c2)C1,1
O=C1CCC(NC(=O)c2ccn3cc(S(=O)(=O)F)nc3c2)C(=O)N1,1
O=C1CCC(NC(=O)c2cc(S(=O)(=O)F)n3ccnc3c2)C(=O)N1,1
O=C1CCC(NC(=O)c2ccn3c(S(=O)(=O)F)cnc3c2)C(=O)N1,1
Cc1cnc2cc(C(=O)NC3CCC(=O)NC3=O)ccn12,0
O=C1CCC(N2Cc3c(NC4=NC(Nc5ccc6c(c5)CCC6)NC=C4)cccc3C2=O)C(=O)N1,0
O=C1CCC(Sc2nc3c(cnn3-c3ccccc3)c(=O)[nH]2)C(=O)N1,0
O=C1CCC(NC(=O)c2[nH]nc(C3CC3)c2Cl)C(=O)N1,0
CC1CN(C(=O)c2ccc3c(c2)CN(C2CCC(=O)NC2=O)C3=O)CCS1,0
N#CN1CCCC(c2cncc(-c3ncc(C(=O)NC4CCC(=O)NC4=O)s3)n2)C1,1
O=C1CCC(N2Cc3c(cccc3-c3cscn3)C2=O)C(=O)N1,0
O=C1CCC(N2Cc3c(ccc(S(=O)(=O)F)c3-c3cscn3)C2=O)C(=O)N1,1
O=C1CCC(N2Cc3c(cccc3-c3csc(OS(=O)(=O)F)n3)C2=O)C(=O)N1,1
Cc1cccc2oc(C(=O)Nc3ccc(C4CCC(=O)NC4=O)cc3)nc12,0
N#CN1CCC(c2cccc3c(-c4cccc(N5CCC(=O)NC5=O)c4)c[nH]c23)C1,1
CC1c2nc(Cl)nc(N(C)C3CCC(=O)NC3=O)c2CS1(=O)=O,0
N#CN1CCC(c2ccccc2NC(=O)c2ccc3c(c2)CN(C2CCC(=O)NC2=O)C3=O)C1,1
CCN1CCCC(C(=O)NCc2[nH]ncc2C(=O)NC2CCC(=O)NC2=O)C1,0
CC(=O)N1CCN(c2ccc3c(c2)C(=O)N(C2CCC(=O)NC2=O)C3=O)CC1,0
CC(=O)N1CCN(c2cc3c(cc2F)C(=O)N(C2CCC(=O)NC2=O)C3=O)CC1,0
CC(C)(C)OC(=O)N1CCN(c2ccc3c(c2)C(=O)N(C2CCC(=O)NC2=O)C3=O)CC1,0
CN1CCN(c2ccc3c(c2)C(=O)N(C2CCC(=O)NC2=O)C3=O)CC1,0
CN1CCN(c2cc3c(cc2F)C(=O)N(C2CCC(=O)NC2=O)C3=O)CC1,0
O=C1CCC(N2C(=O)c3cc(F)c(N4CCNCC4)cc3C2=O)C(=O)N1,0
O=C1CCC(N2C(=O)c3ccc(N4CCNCC4)cc3C2=O)C(=O)N1,0
CC(C)(C)OC(=O)N1CCN(c2cc3c(cc2F)C(=O)N(C2CCC(=O)NC2=O)C3=O)CC1,0
NCCCN1CCN(c2ccc3c(c2)C(=O)N(C2CCC(=O)NC2=O)C3=O)CC1,0
NCCN1CCN(c2ccc3c(c2)C(=O)N(C2CCC(=O)NC2=O)C3=O)CC1,0
Cn1cc(C(=O)NC2CCC(=O)NC2=O)c2c(c1=O)CCCC2,0
N#CN1CCCC(c2n[nH]cc2-c2ccc3c(c2)C(=O)N(C2CCC(=O)NC2=O)C3)C1,1
N#CN1CCC(c2cncc(-c3cccc4c3CN(C3CCC(=O)NC3=O)C4=O)c2)CC1,1
O=C1CCC(NC(=O)c2cc(S(=O)(=O)F)cc3[nH]ccc23)C(=O)N1,1
O=C1CCC(NC(=O)c2cccc3[nH]c(C(F)(F)F)cc23)C(=O)N1,0
O=C1CCC(NC(=O)c2ccc(F)c3[nH]ccc23)C(=O)N1,0
O=C1CCC(NC(=O)c2cccc3[nH]ccc23)C(=O)N1,0
O=C1CCC(NC(=O)c2ccc(S(=O)(=O)F)c3[nH]ccc23)C(=O)N1,1
Cc1cc2c(C(=O)NC3CCC(=O)NC3=O)ccc(C)c2[nH]1,0
O=C1CCC(NC(=O)c2cccc3[nH]c(OS(=O)(=O)F)cc23)C(=O)N1,1
O=C1CCC(NC(=O)c2cccc3[nH]c(S(=O)(=O)F)cc23)C(=O)N1,1
CC(C)Cn1ccc2c(C(=O)NC3CCC(=O)NC3=O)cccc21,0
O=C1CCC(NC(=O)c2cccc3[nH]cc(Cl)c23)C(=O)N1,0
O=C1CCC(NC(=O)c2[nH]nc3cc(OC(F)(F)F)ccc23)C(=O)N1,0
O=C1CCC(NC(=O)c2[nH]nc3c(S(=O)(=O)F)cccc23)C(=O)N1,1
O=C1CCC(NC(=O)c2[nH]nc3ccc(S(=O)(=O)F)cc23)C(=O)N1,1
O=C1CCC(NC(=O)c2[nH]nc3cc(S(=O)(=O)F)ccc23)C(=O)N1,1
Cn1nc2ccc(Br)cc2c1C(=O)NC1CCC(=O)NC1=O,0
Cc1cc(Nc2ncnc3[nH]c(Cl)cc23)ccc1N1CCC(=O)NC1=O,0
O=C1CCC(N2C(=O)c3ccc(OS(=O)(=O)F)nc3C2=O)C(=O)N1,1
O=C1CCC(N2C(=O)c3cc(OS(=O)(=O)F)cnc3C2=O)C(=O)N1,1
O=C1CCC(N2C(=O)c3cc(Br)cnc3C2=O)C(=O)N1,0
O=C1CCC(N2C(=O)c3cccnc3C2=O)C(=O)N1,0
O=C1CCC(NC(=O)c2cc(C3CC3)nc3ccnn23)C(=O)N1,0
O=C1CCC(NC(=O)c2cc(-c3ccccc3)co2)C(=O)N1,0
O=C1CCC(n2cc(CCCC(O)c3ccccn3)nn2)C(=O)N1,0
CC(c1cccc(F)c1)N1CCC(=O)NC1=O,0
COc1cc2onc(C)c2cc1NS(=O)(=O)c1cc(Br)ccc1OC,0
O=C1CCC(c2cccc(NC(=O)Cn3nnc(-c4ccco4)n3)c2)C(=O)N1,0
O=C1CCC(N2C(=O)c3cccc(N4CCNCC4)c3C2=O)C(=O)N1,0
CN1CCN(c2cccc3c2C(=O)N(C2CCC(=O)NC2=O)C3=O)CC1,0
NCCCN1CCN(c2cccc3c2C(=O)N(C2CCC(=O)NC2=O)C3=O)CC1,0
CC(C)(C)OC(=O)N1CCN(c2cccc3c2C(=O)N(C2CCC(=O)NC2=O)C3=O)CC1,0
CC(=O)N1CCN(c2cccc3c2C(=O)N(C2CCC(=O)NC2=O)C3=O)CC1,0
NCCN1CCN(c2cccc3c2C(=O)N(C2CCC(=O)NC2=O)C3=O)CC1,0
O=C1CCC(NC(=O)c2ccc(NCCN3CCOCC3)c(Cl)c2)C(=O)N1,0
O=C1CCC(c2cccc(NC(=O)c3csc4c(O)ccnc34)c2)C(=O)N1,0
O=C1CCC(N2Cc3cc(C4CCNCC4)ccc3C2=O)C(=O)N1,0
O=C1CCC(N2Cc3cc(C4CCNCC4)c(S(=O)(=O)F)cc3C2=O)C(=O)N1,1
O=C1CCC(N2Cc3ccc(C(=O)NC4CC(C(=O)O)C4)cc3C2=O)C(=O)N1,0
O=C(O)CN(C(=O)c1ccc2c(c1)C(=O)N(C1CCC(=O)NC1=O)C2)C1CCC1,0
O=C1CCC(N2Cc3ccc(C(=O)NC4(C(=O)O)CCC4)cc3C2=O)C(=O)N1,0
N#CN1CCC(c2cccc(-c3ccccc3C(=O)NC3CCC(=O)NC3=O)c2)C1,1
O=C1CCC(NC(=O)c2occc2-c2ccc(F)c(F)c2)C(=O)N1,0
N#CN1CCCC(c2ccc(-c3nccc(C(=O)NC4CCC(=O)NC4=O)n3)cc2)C1,1
N#CN1CCC(c2cccc(-c3ocnc3C(=O)NC3CCC(=O)NC3=O)c2)C1,1
O=C1CCC(N2Cc3cc(-c4cccc(-n5cccn5)c4)ccc3C2=O)C(=O)N1,0
Cc1cc(C(=O)NC2CCC(=O)NC2=O)c2c(n1)CCCC2,0
O=C1CCC(NC(=O)c2cc(S(=O)(=O)F)nc3c2CCCC3)C(=O)N1,1
O=C1CCC(N2Cc3cc(-c4coc(-c5ccccc5)n4)ccc3C2=O)C(=O)N1,0
N#CN1CCC(c2ccc3c(c2)C(C(=O)Nc2ccc4c(c2)C(=O)N(C2CCC(=O)NC2=O)C4)C3)C1,1
N#CN1CCC(c2cccn2-c2ccc(C(=O)NC3CCC(=O)NC3=O)cc2)CC1,1
N#CN1CCC(c2cncn2-c2cncc(C(=O)NC3CCC(=O)NC3=O)n2)C1,1
N#CN1CCC(c2ccncc2-c2ccc3c(c2)CN(C2CCC(=O)NC2=O)C3=O)C1,1
O=C(C=Cc1cc[nH]c1)Nc1cccc2c1CNC2=O,1
N#CC(=Cc1ccc2c(c1)OCO2)C(=O)Nc1cccc2c1C(=O)NC2=O,1
O=C1CCC(NC(=O)c2ccoc2C2(O)CCOCC2)C(=O)N1,0
O=C1CCC(Nc2nc(Cl)nc3c2COC3)C(=O)N1,0
O=C1CCC(NC(=O)c2cn(C3CCCNCC3)nn2)C(=O)N1,0
N#CN1CCCC(c2ncccc2-c2ncc(C(=O)NC3CCC(=O)NC3=O)s2)C1,1
O=C1CCC(NC(=O)c2cc(C3CCCCC3)on2)C(=O)N1,0
CN(C(=O)c1ccccc1)c1ccc2c(c1)CN(C1CCC(=O)NC1=O)C2=O,0
O=C1CCC(N2Cc3cc(NC(=O)c4ccccc4)ccc3C2=O)C(=O)N1,0
O=C1CCC(N2Cc3cc(NC(=O)c4ccccc4S(=O)(=O)F)ccc3C2=O)C(=O)N1,1
COc1cccc(C(=O)Nc2ccc3c(c2)CN(C2CCC(=O)NC2=O)C3=O)c1,0
N#Cc1cccc(C(=O)Nc2ccc3c(c2)CN(C2CCC(=O)NC2=O)C3=O)c1,0
Cc1ccc(C(=O)Nc2ccc3c(c2)CN(C2CCC(=O)NC2=O)C3=O)cc1,0
O=C1CCC(N2Cc3cc(NC(=O)c4cccc(S(=O)(=O)F)c4)ccc3C2=O)C(=O)N1,1
O=C1CCC(N2Cc3cc(NC(=O)c4ccc(F)cc4)ccc3C2=O)C(=O)N1,0
Cc1ccccc1C(=O)Nc1ccc2c(c1)CN(C1CCC(=O)NC1=O)C2=O,0
Cc1cccc(C(=O)Nc2ccc3c(c2)CN(C2CCC(=O)NC2=O)C3=O)c1,0
O=C1CCC(N2Cc3cc(NC(=O)c4cccc(F)c4)ccc3C2=O)C(=O)N1,0
O=C1CCC(N2Cc3cc(NC(=O)c4cccc(C(F)(F)F)c4)ccc3C2=O)C(=O)N1,0
O=C1CCC(NC(=O)c2nc(S(=O)(=O)F)n3ccncc23)C(=O)N1,1
O=C1CCC(NC(=O)c2nc(C(F)(F)F)n3ccncc23)C(=O)N1,0
O=C1CCC(NC(=O)c2ncn3cc(S(=O)(=O)F)ncc23)C(=O)N1,1
O=C1CCC(NC(=O)c2ncn3c(S(=O)(=O)F)cncc23)C(=O)N1,1
N#CN1CCCC(c2cnc(-c3ccc4c(c3)CN(C3CCC(=O)NC3=O)C4=O)nc2)C1,1
O=C1CCC(N2Cc3cc(NC(=O)c4cnc5ccccc5c4)ccc3C2=O)C(=O)N1,0
COc1ccc2cc(C(=O)Nc3ccc4c(c3)CN(C3CCC(=O)NC3=O)C4=O)cnc2c1,0
O=C1CCC(NC(=O)c2ccc(CNC(=O)C3CCc4cn[nH]c43)o2)C(=O)N1,0
O=C1CCC(N2Cc3ccc(CNC(=O)NC4CC4)cc3C2=O)C(=O)N1,0
O=C1CCC(NC(=O)c2cc(S(=O)(=O)F)cc3nccn23)C(=O)N1,1
O=C1CCC(NC(=O)c2cccc3nc(OS(=O)(=O)F)cn23)C(=O)N1,1
O=C1CCC(NC(=O)c2cccc3nc(S(=O)(=O)F)cn23)C(=O)N1,1
O=C1CCC(NC(=O)c2ccc(S(=O)(=O)F)c3nccn23)C(=O)N1,1
NCc1cn2c(C(=O)NC3CCC(=O)NC3=O)cccc2n1,0
Cc1cnc2cccc(C(=O)NC3CCC(=O)NC3=O)n12,0
N#CC1(C(=O)Nc2ccc3c(c2)C(=O)N(C2CCC(=O)NC2=O)C3=O)CCCC1,0
O=C1CCC(N2C(=O)c3ccc(NC(=O)C4CCCC4)cc3C2=O)C(=O)N1,0
Cn1cnnc1-c1ncccc1C(=O)NC1CCC(=O)NC1=O,0
CN1CCn2cc(C(=O)NC3CCC(=O)NC3=O)nc2C1=O,0
N#CN1CCC(c2ccc(-c3cccc(C(=O)NC4CCC(=O)NC4=O)n3)cc2)C1,1
N#CN1CCC(c2ccccc2-c2cc(C(=O)NC3CCC(=O)NC3=O)on2)C1,1
N#CN1CCC(c2cc(C(=O)Nc3cccc4c3CN(C3CCC(=O)NC3=O)C4=O)ncn2)C1,1
O=C1CCC(NC(=O)c2cc(F)cc3[nH]nnc23)C(=O)N1,0
CC1CCCCC1C(=O)Nc1ccc(C2CC(=O)NC(=O)C2)cc1,0
O=C1CCC(N2C(=O)C=C(N3CCC(OCc4ccccc4)C3)C2=O)C(=O)N1,1
Cc1ccc(CC(N)CC(=O)Nc2ccc(C3CCC(=O)NC3=O)cc2)c(C)c1,0
O=C1CCC(N2Cc3c(cc(-c4ccc(=O)[nH]c4)cc3S(=O)(=O)F)C2=O)C(=O)N1,1
O=C1CCC(N2Cc3ccc(-c4ccc(=O)[nH]c4OS(=O)(=O)F)cc3C2=O)C(=O)N1,1
O=C1CCC(N2Cc3cc(S(=O)(=O)F)c(-c4ccc(=O)[nH]c4)cc3C2=O)C(=O)N1,1
O=C1CCC(N2Cc3ccc(-c4c[nH]c(=O)c(S(=O)(=O)F)c4)cc3C2=O)C(=O)N1,1
Cn1cc(-c2ccc3c(c2)C(=O)N(C2CCC(=O)NC2=O)C3)ccc1=O,0
O=C1CCC(N2Cc3ccc(-c4ccc(=O)[nH]c4S(=O)(=O)F)cc3C2=O)C(=O)N1,1
O=C1CCC(N2Cc3ccc(-c4c[nH]c(=O)c(OS(=O)(=O)F)c4)cc3C2=O)C(=O)N1,1
O=C1CCC(N2Cc3ccc(-c4c[nH]c(=O)cc4OS(=O)(=O)F)cc3C2=O)C(=O)N1,1
O=C1CCC(N2Cc3ccc(-c4c[nH]c(=O)cc4S(=O)(=O)F)cc3C2=O)C(=O)N1,1
O=C1CCC(N2C(=O)c3cccc(N4CC5(COC5)C4)c3C2=O)C(=O)N1,0
Cc1nc(-c2ccncc2)nc(Nc2cccc(C3CCC(=O)NC3=O)c2)c1C,0
CN(C)c1cc(C(=O)NC2CCC(=O)NC2=O)nnc1C1CC1,0
Cc1ccc(NC(=O)C=Cc2ccc3c(c2)C(=O)N(C2CCC(=O)NC2=O)C3)cc1Cl,0
Cc1c(-c2cccc3c2CN(C2CCC(=O)NC2=O)C3=O)sc2ccccc12,0
O=C1CCC(NC(=O)c2nc(-c3cccs3)n(-c3ccc(F)cc3)n2)C(=O)N1,0
O=C1CCC(NC(=O)c2nc(-c3cccs3)n(-c3ccccc3)n2)C(=O)N1,0
O=C1CCC(NC(=O)c2nc(-c3cccs3)n(-c3cccc(F)c3)n2)C(=O)N1,0
COc1cc2ccccc2cc1CNc1ccc2c(c1)CN(C1CCC(=O)NC1=O)C2=O,0
COc1cc(CNc2ccc3c(c2)CN(C2CCC(=O)NC2=O)C3=O)c(OC)c2ccccc12,0
O=C1CCC(N2Cc3cc(NCc4ccc5ccccc5c4)ccc3C2=O)C(=O)N1,0
O=C1CCC(N2Cc3cc(NCc4ccc5cc(O)ccc5c4)ccc3C2=O)C(=O)N1,0
COc1ccc2cc(CNc3ccc4c(c3)CN(C3CCC(=O)NC3=O)C4=O)ccc2c1,0
COc1cccc2ccc(CNc3ccc4c(c3)CN(C3CCC(=O)NC3=O)C4=O)cc12,0
COc1cccc2cc(CNc3ccc4c(c3)CN(C3CCC(=O)NC3=O)C4=O)ccc12,0
COc1cc2c(OC)cccc2cc1CNc1ccc2c(c1)CN(C1CCC(=O)NC1=O)C2=O,0
COc1c(CNc2ccc3c(c2)CN(C2CCC(=O)NC2=O)C3=O)ccc2ccccc12,0
COc1cc2ccc(CNc3ccc4c(c3)CN(C3CCC(=O)NC3=O)C4=O)cc2cc1OC,0
COc1ccc2ccc(CNc3ccc4c(c3)CN(C3CCC(=O)NC3=O)C4=O)cc2c1,0
O=C1CCC(N2Cc3cc(NCc4ccc5cc(Br)ccc5c4)ccc3C2=O)C(=O)N1,0
CN(C)c1ccc2cc(CNc3ccc4c(c3)CN(C3CCC(=O)NC3=O)C4=O)ccc2c1,0
O=C1CCC(N2Cc3cc(NCc4ccc5cc(F)ccc5c4)ccc3C2=O)C(=O)N1,0
COc1ccc2cc(OC)c(CNc3ccc4c(c3)CN(C3CCC(=O)NC3=O)C4=O)cc2c1,0
COc1cc(CNc2ccc3c(c2)CN(C2CCC(=O)NC2=O)C3=O)cc2ccccc12,0
O=C1CCC(NC(=O)c2ccnc(COc3ccccc3)n2)C(=O)N1,0
O=C1CCC(NC(=O)c2ccccc2-n2cnc3ccccc32)C(=O)N1,0
N#Cc1cccc(OCc2nc(C(=O)NC3CCC(=O)NC3=O)cs2)c1,0
N#CN1CCCC(c2ccc(-c3ncc(C(=O)NC4CCC(=O)NC4=O)s3)nc2)C1,1
O=C1CCC(CS(=O)(=O)c2ccc(Cl)cc2)C(=O)N1,0
Cc1ccc(S(=O)(=O)CC2CCC(=O)NC2=O)cc1,0
O=C1CCC(CS(=O)(=O)c2ccccc2)C(=O)N1,0
O=C1CCC(CS(=O)(=O)c2ccc(F)cc2)C(=O)N1,0
O=C1CCC2(CC(C3CCCCC3)=NO2)C(=O)N1,0
O=C1CCC(N2Cc3ccc(NC(=O)c4ccc(S(=O)(=O)F)o4)cc3C2=O)C(=O)N1,1
O=C1CCC(N2Cc3ccc(NC(=O)c4occc4S(=O)(=O)F)cc3C2=O)C(=O)N1,1
O=C1CCC(N2Cc3ccc(NC(=O)c4ccco4)cc3C2=O)C(=O)N1,0
N#CN1CCCC(c2ccnn2-c2cccc(C(=O)NC3CCC(=O)NC3=O)n2)C1,1
CC1(O)CN(C(=O)CNc2cccc3c2CN(C2CCC(=O)NC2=O)C3=O)C1,0
CCC1CN(C(=O)CNc2cccc3c2CN(C2CCC(=O)NC2=O)C3=O)C1,0
CC1(C)CN(C(=O)CNc2cccc3c2CN(C2CCC(=O)NC2=O)C3=O)C1,0
CN(CC(=O)Nc1ccc2c(c1)C(=O)N(C1CCC(=O)NC1=O)C2=O)C1CCC1,0
O=C1CCC(N2Cc3cc(CNC(=O)C4CNc5ccccc5C4)ccc3C2=O)C(=O)N1,0
O=C1CCC(N2C(=O)c3cccc(NCC(=O)N4CCCCN4)c3C2=O)C(=O)N1,0
N#CN1CCCC(c2ccc3c(c2-c2ccc4c(c2)CN(C2CCC(=O)NC2=O)C4=O)OCCC3)C1,1
N#CN1CCC(c2c(-c3ccc4c(c3)CN(C3CCC(=O)NC3=O)C4=O)ccc3c2OCO3)C1,1
Cc1c(Nc2nc3onc(C)c3c(=O)[nH]2)cccc1N1CCC(=O)NC1=O,0
N#CN1CCCC(c2ncn3c2CCCC3C(=O)Nc2ccc(C3CCC(=O)NC3=O)cc2)C1,1
COc1cc2ccc(C(=O)Nc3ccc4c(c3)CN(C3CCC(=O)NC3=O)C4=O)cc2cn1,0
N#CN1CCCC(c2cccc(C(=O)Nc3ccc(C4CCC(=O)NC4=O)cc3)c2)C1,1
CC1CC2CN(c3ccnc4c3CNC4=O)CCN2C1,0
N#CN1CCCC(c2cccc3c2CCC3C(=O)Nc2ccc(C3CCC(=O)NC3=O)cc2)C1,1
O=C1CCC(N2C(=O)c3ccc(NC(=O)c4cccnc4)cc3C2=O)C(=O)N1,0
N#CN1CCC(c2ccsc2-c2ccc3c(c2)CN(C2CCC(=O)NC2=O)C3=O)CC1,1
N#CN1CCCC(c2cccc(-c3nc(C(=O)NC4CCC(=O)NC4=O)co3)c2)C1,1
N#CN1CCC(c2nc3n(c2-c2ccc4c(c2)CN(C2CCC(=O)NC2=O)C4=O)CCNC3)C1,1
O=C1CCC(NC(=O)c2onc(-c3ccccc3)c2C(F)(F)F)C(=O)N1,0
