"Molecule (Canonical)","ExactMW","Source"
"COc1ccc(C=C(C#N)C(=O)NC2CCCCC2C)cc1O",314.16304256399997,"Screening"
"Cc1cccc(NC(=O)C(C#N)=Cc2cc(C)n(-c3cc(C(F)(F)F)ccc3Cl)c2C)c1",457.116874568,"Screening"
"CCCCc1ccc(NC(=O)C(C#N)=Cc2ccc(C(=O)OC)cc2)cc1",362.16304256399997,"Screening"
"N#CC(=Cc1ccccc1C(F)(F)F)C(=O)Nc1ccc(Cl)cc1Cl",384.004402928,"Screening"
"CCOC(=O)c1ccc(NC(=O)C(C#N)=Cc2cccc([N+](=O)[O-])c2)cc1",365.10117058000003,"Screening"
"N#CC(=Cc1ccc(-c2ccccc2)cc1)C(=O)NCCc1ccccc1",352.15756325999996,"Screening"
"CCCCc1ccc(NC(=O)C(C#N)=Cc2ccc(C(C)(C)C)cc2)cc1",360.22016351599996,"Screening"
"CCOC(=O)c1ccc(NC(=O)C(C#N)=Cc2ccc(OCC)cc2)cc1",364.14230712,"Screening"
"N#CC(=Cc1ccc2c(c1)OCCO2)C(=O)NC1CCCCC1",312.1473925,"Screening"
"CCc1cccc(CC)c1NC(=O)C(C#N)=Cc1sccc1C",324.12963426,"Screening"
"COc1ccc(CCNC(=O)C(C#N)=Cc2ccc(C(=O)O)cc2)cc1OC",380.1372217399999,"Screening"
"CCOc1ccccc1NC(=O)C(C#N)=Cc1ccc(-c2ccc(S(=O)(=O)N3CCOCC3)cc2)o1",507.14640651999997,"Screening"
"N#CC(=CC=Cc1ccccc1[N+](=O)[O-])C(=O)NC1CCCCC1",325.142641468,"Screening"
"COc1cc(Cl)c(C)cc1NC(=O)C(C#N)=Cc1ccccc1OC(F)F",392.07392646,"Screening"
"COc1ccc(C=C(C#N)C(=O)Nc2ccc(C(=O)O)cc2)cc1",322.095356928,"Screening"
"COc1ccc2ccccc2c1C=C(C#N)C(=O)NC1CCCCC1",334.168127944,"Screening"
"N#CC(=Cc1ccccc1OCC(=O)O)C(=O)NC1CCCCC1",328.14230712,"Screening"
"Cc1cccc(NC(=O)C(C#N)=Cc2cc(C)n(C3CC3)c2C)c1",319.168462292,"Screening"
"CCc1cccc(CC)c1NC(=O)C(C#N)=Cc1ccc(OC(=O)c2ccc(F)cc2)c(OC)c1",472.1798354999999,"Screening"
"N#CC(=Cc1ccccc1OCC(=O)O)C(=O)Nc1ccccc1Cl",356.056384576,"Screening"
"COc1ccccc1C=CC=C(C#N)C(=O)NCCc1ccc(OC)c(OC)c1",392.17360724799994,"Screening"
"Cc1cccc(C=C(C#N)C(=O)Nc2ccc(C(=O)O)cc2)c1",306.100442308,"Screening"
"C=CCOc1ccccc1C=C(C#N)C(=O)Nc1ccc(S(N)(=O)=O)cc1",383.093977024,"Screening"
"CCOc1cc(C=C(C#N)C(=O)Nc2ccc(S(N)(=O)=O)cc2)cc(Cl)c1OC",435.0655693559999,"Screening"
"COc1cc(C=C(C#N)C(=O)NC2CCCCC2)ccc1OC(=O)c1cccs1",410.13002818399997,"Screening"
"COc1cc(Cl)c(C)cc1NC(=O)C(C#N)=Cc1ccsc1",332.038626336,"Screening"
"C=CCNC(=O)C(C#N)=Cc1ccc(OCCC(C)C)cc1",298.168127944,"Screening"
"N#CC(=Cc1ccc(-c2ccc(S(=O)(=O)N3CCOCC3)cc2)o1)C(=O)NC1CCCCC1",469.167141964,"Screening"
"CCOC(=O)c1ccc(NC(=O)C(C#N)=Cc2ccc(Oc3ccc(C(C)(C)C)cc3)c([N+](=O)[O-])c2)cc1",513.1899855839999,"Screening"
"N#CC(=Cc1cn(-c2ccccc2)nc1-c1cccnc1)C(=O)Nc1ccccc1Cl",425.104337812,"Screening"
"CCOCCCNC(=O)C(C#N)=Cc1ccc(N(C)C)cc1",301.179026976,"Screening"
"Cn1ccnc1Sc1ccc(C=C(C#N)C(=O)NCC2CCCO2)cc1[N+](=O)[O-]",413.11577508799996,"Screening"
"N#CC(=Cc1ccc(-c2ccc(Cl)cc2)o1)C(=O)NC1CC1",312.066555336,"Screening"
"Cc1ccsc1C=C(C#N)C(=O)Nc1c(Cl)cccc1Cl",335.9890893,"Screening"
"COc1ccc(NC(=O)C(C#N)=Cc2ccc(C(=O)O)cc2)cc1Cl",356.056384576,"Screening"
"CCOC(=O)c1ccc(NC(=O)C(C#N)=Cc2ccc(OC(C)C)c(OC)c2)cc1",408.16852186799997,"Screening"
"Cc1cc(C=C(C#N)C(=O)Nc2ccccn2)c(C)n1-c1ccc(Cl)c(C(F)(F)F)c1",444.096473472,"Screening"
"N#CC(=Cc1ccc(-c2ccc(S(=O)(=O)N3CCOCC3)cc2)o1)C(=O)Nc1nccs1",470.07186167599997,"Screening"
"CCOc1cc(C=C(C#N)C(=O)NC(N)=O)ccc1OCC(C)C",331.153206152,"Screening"
"COc1ccc(NC(=O)C(C#N)=Cc2ccc(OC(=O)c3cccs3)c(OC)c2)cc1",434.09364267599994,"Screening"
"Cc1nn(-c2ccccc2)c(C)c1C=C(C#N)C(=O)Nc1nccs1",349.09973110000004,"Screening"
"Cc1cc(C=C(C#N)C(=O)N2CCn3c2nc2ccccc23)c(C)n1-c1cccc(C(F)(F)F)c1",475.16199492000004,"Screening"
"COc1cc(C=C(C#N)C(=O)Nc2ccc3c(c2)OCCO3)ccc1OC(=O)c1ccc(F)cc1",474.122714548,"Screening"
"COc1ccc(C=C(C#N)C(=O)Nc2cccc(S(=O)(=O)N3CCCCC3)c2)cc1",425.140927216,"Screening"
"N#CC(=Cc1ccc(C(F)(F)F)cc1)C(=O)Nc1cccc(S(=O)(=O)N2CCCCC2)c1",463.11774715999996,"Screening"
"CC(C)c1ccc(C=C(C#N)C(=O)Nc2cccc(S(=O)(=O)N3CCCCC3)c2)cc1",437.177312724,"Screening"
"Cc1ccsc1C=C(C#N)C(=O)Nc1cccc(S(=O)(=O)N2CCCCC2)c1",415.102433532,"Screening"
"CCOC(=O)c1c(-c2ccc(C)cc2)csc1NC(=O)C(C#N)=Cc1c(C)nn(-c2ccc(F)cc2)c1Cl",548.1085174640001,"Screening"
"N#CC(=Cc1ccccc1)C(=O)Nc1ccc(N2CCOCC2)cc1",333.147726848,"Screening"
"N#CC(=Cc1ccccc1OCc1ccccc1)C(=O)Nc1ccccn1",355.13207678400005,"Screening"
"N#CC(=Cc1ccccc1C(F)(F)F)C(=O)Nc1nccs1",323.03401753599996,"Screening"
"N#CC(=Cc1ccc(C(=O)O)cc1)C(=O)Nc1nccs1",299.03646214800006,"Screening"
"CCN(CC)C(=O)C(C#N)=Cc1cc(O)c(OC)cc1Br",352.042254504,"Screening"
"COc1ccc(N2CCN(C(=O)C(C#N)=Cc3ccccc3)CC2)cc1",347.163376912,"Screening"
"N#CC(=Cc1cccnc1)C(=O)Nc1ccccc1C(=O)O",293.08004121199997,"Screening"
"N#CC(=Cc1ccc(C#N)cc1)C(=O)Nc1cc(Cl)ccc1N1CCOCC1",392.104003464,"Screening"
"CCOc1ccccc1C=C(C#N)C(=O)Nc1ccccc1C(=O)O",336.11100699199994,"Screening"
"N#CC(=Cc1cccc(NC(=O)c2ccc(Cl)cc2Cl)c1)C(=O)Nc1ccccc1C(=O)O",479.04396132,"Screening"
"Cc1ccc(C=C(C#N)C(=O)Nc2nc(-c3ccc(C(C)(C)C)cc3)cs2)cc1",401.156183356,"Screening"
"Cc1ccc(C=C(C#N)C(=O)Nc2ccccc2C(F)(F)F)o1",320.07726225199997,"Screening"
"CCOc1cc(C=C(C#N)C(=O)Nc2cc(Cl)ccc2N2CCOCC2)ccc1OCC(N)=O",484.15134758,"Screening"
"COc1ccccc1N1CCN(C(=O)C(C#N)=Cc2cn(-c3ccccc3)nc2-c2ccccc2)CC1",489.21647510400004,"Screening"
"COC(=O)c1ccc(C=C(C#N)C(=O)Nc2ccccc2C(F)(F)F)cc1",374.08782693600006,"Screening"
"CCN(CC)C(=O)C(C#N)=Cc1ccc(OC(F)F)cc1",294.117984192,"Screening"
"CCCCOc1ccc(C=C(C#N)C(=O)Nc2sc(C)c(C)c2C(=O)OCC)cc1OC",456.17189299599994,"Screening"
"Cc1ccsc1C=C(C#N)C(=O)N1CCN(c2ccccc2)CC1",337.124883228,"Screening"
"Cn1ccnc1Sc1ccc(C=C(C#N)C(=O)Nc2ccccc2C(F)(F)F)cc1[N+](=O)[O-]",473.07694496799996,"Screening"
"N#CC(=Cc1ccc(N2CCCC2)cc1)C(=O)Nc1ccc(C(=O)O)cc1",361.14264146799997,"Screening"
"N#CC(=Cc1cnn(-c2ccc(Cl)cc2)c1)C(=O)Nc1ccccc1Br",425.988300784,"Screening"
"O=C1CC(N2CCN(S(=O)(=O)C=Cc3ccccc3)CC2)C(=O)N1c1cccc(C(F)(F)F)c1",493.128311844,"Screening"
"CCc1ccccc1Nc1nc(N)nc(CN2CCN(S(=O)(=O)C=Cc3ccccc3)CC2)n1",479.21034416799995,"Screening"
"N#CN(Cc1nc(-c2c(F)cccc2F)cs1)c1ccccc1",327.064174792,"Screening"
"CCN(CC(=O)NC1CCS(=O)(=O)C1)S(=O)(=O)C=Cc1ccccc1",386.09701380399997,"Screening"
"O=S1(=O)CCC(NS(=O)(=O)C=Cc2ccc(Cl)cc2)C1",335.005277608,"Screening"
"CC(C)Oc1ccc(S(=O)(=O)N2CCCCC2)cc1NS(=O)(=O)C=Cc1ccccc1",464.1439639959999,"Screening"
"Cc1c(NS(=O)(=O)C=Cc2ccccc2)c(=O)n(-c2ccccc2)n1C",369.11471246800005,"Screening"
"O=S(=O)(C=Cc1ccccc1)Nc1cc(S(=O)(=O)Nc2cccc(Cl)c2)ccc1O",464.026741324,"Screening"
"O=S(=O)(C=Cc1ccccc1)N(Cc1ccco1)c1cccc(F)c1",357.08349259199997,"Screening"
"Cc1nn(Cc2ccc(Cl)cc2)c(Cl)c1C=C(C#N)C(=O)NCc1ccccc1",424.085766556,"Screening"
"Cc1ccc(C)c(NC(=O)C(C#N)=Cc2ccc(Sc3nncn3C)c([N+](=O)[O-])c2)c1",434.11610943600004,"Screening"
"N#CC(=Cc1cccs1)C(=O)Nc1cccc2ncccc12",305.062282972,"Screening"
"COc1ccc(C=C(C#N)C(=O)Nc2cccc3ncccc23)c(OC)c1",359.12699140399997,"Screening"
"Cc1nn(C)c(C)c1C=C(C#N)C(=O)Nc1ccccc1Cl",314.09343878000004,"Screening"
"CCCCNC(=O)C(C#N)=Cc1c(Cl)nc2ccccn12",302.09343878000004,"Screening"
"COCCCNC(=O)C(C#N)=Cc1cn(-c2ccccc2)nc1-c1cc2ccccc2o1",426.16919056399996,"Screening"
"Cc1nn(Cc2ccccc2Cl)c(Cl)c1C=C(C#N)C(=O)NC(C)C",376.085766556,"Screening"
"Cc1nn(-c2ccccc2)c(N2CCCC2)c1C=C(C#N)C(=O)Nc1cc(Cl)cc(Cl)c1",465.112315652,"Screening"
"Cc1c(C=C(C#N)C(=O)Nc2nccs2)c2ccccn2c1C(=O)c1ccc(F)cc1",430.08997494,"Screening"
"COc1ccc(NC(=O)C(C#N)=Cc2cc3ccccc3nc2N2CCOCC2)cc1",414.169190564,"Screening"
"N#CC(=Cc1ccc(OC(F)F)cc1OC(F)F)C(=O)Nc1ccc(N2CCOCC2)cc1",465.13116896800005,"Screening"
"C=CC(=O)N1CCC(C(=O)NC(C(=O)OCC)C2CCOCC2)CC1",352.19982199599997,"Screening"
"N#CC(=Cc1c(C2CC2)nc2sccn12)C(=O)NC1CCCCC1",340.13578226,"Screening"
"N#Cc1cc(N(C#N)CCCCCF)ccc1F",249.107753856,"Screening"
"N#Cc1ccc(N(C(=O)C2CCN(S(=O)(=O)C=Cc3ccccc3)CC2)C2CC2)cc1",435.16166266000005,"Screening"
"N#CC(=Cc1cnn(CCCl)c1)C(=O)NC1CCCCC1",306.124738908,"Screening"
"N#CC(=Cc1nccn1CC(F)(F)F)C(=O)Nc1ccccc1Br",397.99900770000005,"Screening"
"CCCCn1c(N)c(N(Cc2ccccc2OC)C(=O)c2cc(Cl)nc3ccccc23)c(=O)[nH]c1=O",507.16733199199996,"Screening"
"Cc1ccc(F)c(N(C#N)CCCO)c1",208.101191256,"Screening"
"CCOC(=O)CN(C#N)c1ccc(OC)cc1",234.100442308,"Screening"
"C=CC(=O)Nc1cc(NC(=O)CCC(=O)c2cc(C)sc2C)ccc1F",374.110041688,"Screening"
"O=S(=O)(C=Cc1ccccc1)N(Cc1ccc2c(c1)OCO2)C1CCCC1",385.13477921599997,"Screening"
"CC(C)CN(C(=O)COC(=O)c1cccnc1Cl)c1c(N)n(Cc2ccccc2)c(=O)[nH]c1=O",485.146596548,"Screening"
"O=Cc1nc2ccccc2n1CCOc1ccccc1",266.105527688,"Screening"
"O=Cc1nc2ccccc2n1Cc1ccc2ccccc2c1",286.11061306799996,"Screening"
"C=CC(=O)NCc1ccc(C(=O)N2CCN(c3ccccc3Cl)CC2)cc1",383.14005462399996,"Screening"
"CCCN(Cc1ccccc1)C(=O)CCNS(=O)(=O)C=Cc1ccccc1",386.166413692,"Screening"
"N#CC(=Cc1ccc2c(c1)OCO2)C(=O)Nc1ccc(S(=O)(=O)Nc2ncccn2)cc1",449.07938958000005,"Screening"
"CC(NC(=O)C(C#N)=Cc1ccccc1)C12CC3CC(CC(C3)C1)C2",334.20451345199996,"Screening"
"N#CC(=Cc1ccc2c(c1)OCO2)C(=O)N1CCN(C(=O)c2ccco2)CC1",379.116820644,"Screening"
"COc1ccc(C2N(c3ccc4c(c3)OCCO4)C(=O)C2(F)F)cc1OC",377.107479084,"Screening"
"N#CC(=Cc1ccc(OC(F)F)cc1)C(=O)Nc1ccc(Br)cn1",392.99244510000005,"Screening"
"O=C1N(c2ccc3c(c2)OCCO3)C(c2ccccc2)C1(F)F",317.08634971600003,"Screening"
"N#CC(=Cc1ccc(Cl)cc1)C(=O)Nc1nc2c(s1)CCN(Cc1ccccc1)C2",434.09680990800007,"Screening"
"CC(C)(C)c1ccc(-c2nn(CCC#N)cc2C=O)cc1",281.152812228,"Screening"
"CN(C(=O)C(C#N)=Cc1ccc(OC(F)F)cc1)c1ccccc1",328.102334128,"Screening"
"N#CC(=Cc1ccccc1)C(=O)Nc1cccc2c1C(=O)c1ccccc1C2=O",378.10044230799997,"Screening"
"Cc1ccc(-c2nn(-c3ccccc3)cc2C=C(C#N)C(=O)Nc2ccc(SC(F)F)cc2)o1",476.111853256,"Screening"
"O=C1N(c2ccccc2)C(c2ccccc2F)C1(F)F",277.0714486,"Screening"
"CSc1nc(C)c(C(=O)c2sc3nc(C)c(C(=O)Nc4ccccc4)cc3c2N)cc1C#N",473.0980168480001,"Screening"
"CC(C)(C)NC(=O)C(C#N)=Cc1ccc(OC(F)F)cc1",294.117984192,"Screening"
"COc1ccc(C=C(C#N)C(=O)Nc2ccc(C34CC5CC(CC(c6ccccc6)(C5)C3)C4)cc2)cc1",488.246378264,"Screening"
"COc1ccc(C=C(C#N)C(=O)Nc2cc(C34CC5CC(CC(C5)C3)C4)ccc2C)cc1",426.2307282,"Screening"
"N#CC(=Cc1ccc(Oc2ccc(C(F)(F)F)cc2[N+](=O)[O-])cc1)C(=O)Nc1ccc(F)cc1",471.084218776,"Screening"
"CCC1CCCCN1c1nc2c(C=O)c(C)nn2c2ccccc12",322.179361324,"Screening"
"N#CC(=Cc1ccc(OC(F)F)cc1)C(=O)N1CCCCCC1",320.133634256,"Screening"
"CC(C)CCN(CCC(C)C)C(=O)C(C#N)=Cc1ccc(OC(F)F)cc1",378.21188457599993,"Screening"
"N#CC(=Cc1ccc(N2CCOCC2)o1)C(=O)Nc1ccc(Cl)cc1",357.088019052,"Screening"
"N#CC(=Cc1ccc(Cl)cc1)C(=O)Nc1nc2ccc(OC(F)(F)F)cc2s1",423.00560986799996,"Screening"
"N#CC(=Cc1cccc([N+](=O)[O-])c1)C(=O)Nc1nc2ccc(SC(F)F)cc2s1",432.01623862,"Screening"
"CN1C=C(C(F)(F)F)C=CC1=C(C#N)C(=O)Nc1cccc(C(F)(F)F)c1",387.080631292,"Screening"
"COc1cc(-c2nn(-c3ccccc3)cc2C=O)cc(OC)c1OC",338.12665705599994,"Screening"
"Cc1ccc2c(c1NC(=O)C(C#N)=Cc1ccccc1)C(=O)c1ccccc1C2=O",392.1160923719999,"Screening"
"N#CC(=Cc1ccc2c(c1)OCO2)C(=O)N1c2ccccc2Sc2ccccc21",398.07251330800005,"Screening"
"CCOc1cc(C=C(C#N)C(N)=O)ccc1OCc1ccc(Br)cc1",400.0422545040001,"Screening"
"N#CC(=Cc1cn(-c2ccccc2)nc1-c1ccc(OC(F)F)cc1)C(N)=O",380.108482128,"Screening"
"CCOc1cc(C=C(C#N)C(N)=O)ccc1OCc1ccc(C)cc1",336.1473925,"Screening"
"CCCCOC(=O)c1ccc(NC(=O)C(C#N)=Cc2ccc(N(CC)CC)cc2)cc1",419.2208917880001,"Screening"
"N#CC(=Cc1c[nH]c2ccccc12)C(=O)Nc1ccccc1Br",365.01637410399996,"Screening"
"CCOc1cc(C=C(C#N)C(=O)Nc2ccccc2[N+](=O)[O-])ccc1OC(=O)c1ccc(C)cc1",471.14303539199994,"Screening"
"Cc1cc(C=C(C#N)C(=O)Nc2ccccc2Br)c(C)n1-c1cccc(Cl)c1",453.02435194400005,"Screening"
"N#CC(=Cc1ccccc1OCc1ccc(F)cc1)C(=O)Nc1ccc([N+](=O)[O-])cc1O",433.10739883199994,"Screening"
"CCOc1cc(C=C(C#N)C(=O)Nc2ccc([N+](=O)[O-])cc2O)ccc1OC(=O)c1ccc(Cl)cc1",507.0833275959999,"Screening"
"COc1ccc(C=C(C#N)C(=O)Nc2ccc([N+](=O)[O-])cc2O)cc1OC(=O)c1cccc2ccccc12",509.1222999479999,"Screening"
"N#CC(=Cc1c(OCc2ccccc2)ccc2ccccc12)C(=O)Nc1ccccc1[N+](=O)[O-]",449.137556088,"Screening"
"Cc1ccc(C2N(c3ccc(OCc4ccccc4)cc3)C(=O)C2(F)F)o1",369.11764984399997,"Screening"
"CCOC(=O)c1c(NC(=O)C(C#N)=Cc2ccc(Cl)cc2)sc2c1CCN(Cc1ccccc1)C2",505.122690308,"Screening"
"CCOC(=O)c1c(-c2ccccc2)csc1NC(=O)C(C#N)=Cc1ccc(N(CC)CC)cc1",473.17731272400005,"Screening"
"COc1cc([N+](=O)[O-])ccc1NC(=O)C(C#N)=Cc1ccc(OC(=O)c2cccc3ccccc23)c(OC)c1",523.1379500119999,"Screening"
"N#CC(=Cc1cn(-c2ccccc2)nc1-c1ccc(Cl)cc1)C(=O)N1CCCCCC1",430.156039036,"Screening"
"N#CC(=Cc1cccc(OC(=O)c2cccc3ccccc23)c1)C(=O)Nc1cc(Cl)cc(Cl)c1",486.053797732,"Screening"
"CC(C)(C)c1ccc(OCC(=O)NNC(=O)C(C#N)=Cc2ccccc2)cc1",377.173941596,"Screening"
"CCOc1ccc(NC(=O)C(C#N)=CC2CC=CCC2)cc1",296.15247788,"Screening"
"Cc1ccccc1N=C1SCC(C)(C)N1C(=O)C(C#N)=Cc1ccc2c(c1)OCO2",419.130362532,"Screening"
"CCOC(=O)c1c(NC(=O)COC(=O)[C@@H](NS(=O)(=O)C=Cc2ccccc2)C(C)C)sc2c1CCC2",534.1494433,"Screening"
"COc1cccc(OC2C(=O)N(CC(C)(C)N3CCOCC3)C2c2cc(OC)cc(OC)c2)c1",470.24168680799994,"Screening"
"COc1ccc(OC)c(C2C(Oc3cccc(C#N)c3)C(=O)N2CC(C)(C)N2CCOCC2)c1",465.226371092,"Screening"
"O=Cc1c(N2CCSCC2)nc2ccccn2c1=O",275.072847656,"Screening"
"Cc1cccn2c(=O)c(C=O)c(N3CCSCC3)nc12",289.08849772,"Screening"
"N#CC(=Cc1c(N2CCOCC2)nc2ccccn2c1=O)C(=O)N1CCOCC1",395.159354152,"Screening"
"N#CC(=Cc1c(N2CCOCC2)nc2ccccn2c1=O)C(=O)NC1CCCCC1",407.19573966,"Screening"
"CCOc1cc(C#N)ccc1OC1C(=O)N(CC2CCCO2)C1c1cccc(Br)c1",470.084119316,"Screening"
"Cc1cccn2c(=O)c(C=O)c(N3CCN(Cc4ccccc4)CC3)nc12",362.174275944,"Screening"
"O=Cc1c(N2CCN(Cc3ccccc3)CC2)nc2ccccn2c1=O",348.15862588,"Screening"
"CCOc1cc(C#N)ccc1OC1C(=O)N(CC2CCCO2)C1c1cc(F)ccc1F",428.154763624,"Screening"
"Cc1ccc(Nc2nc3c(C)cccn3c(=O)c2C=O)cc1",293.11642672,"Screening"
"Cc1c(C=O)c2ccccc2n1CC(=O)N1c2ccc(F)cc2CCC1C",364.158706132,"Screening"
"CCc1cccc(N(C#N)Cc2nc(-c3ccoc3)no2)c1",294.111675688,"Screening"
"Cc1ccc(OC2C(=O)N(CCc3csc(C)n3)C2c2ccc(C#N)cc2)c(C)c1",417.1510979760001,"Screening"
"COc1cccc(OC2C(=O)N(CCc3csc(C)n3)C2c2ccc(C#N)cc2)c1",419.13036253200005,"Screening"
"CN(CC(=O)NCC1(N2CCOCC2)CCCCC1)S(=O)(=O)C=Cc1ccccc1",435.21917753599996,"Screening"
"N#CC(=Cc1ccc(-c2ccccc2F)o1)C(=O)Nc1nccs1",339.04777578,"Screening"
"CC(C)NC(=O)C(C#N)=Cc1ccc(-c2ccccc2F)o1",298.11175593999997,"Screening"
"COc1ccccc1CN(Cc1cccs1)C(=O)CN(C)S(=O)(=O)C=Cc1ccccc1",470.133399312,"Screening"
"O=C(O)c1cc2c(cc1NS(=O)(=O)C=Cc1ccccc1)OCCO2",361.0620082,"Screening"
"O=C1C(Oc2cccc(Cl)c2)C(c2cc(F)ccc2F)N1CCCCN1CCOCC1",450.15217678000005,"Screening"
"C=CCN(Cc1cccs1)C(=O)C(C#N)=Cc1cc(C)n(CCC)c1C",367.17183342000004,"Screening"
"N#CC(=Cc1ccc(N2CCCCC2)o1)C(=O)Nc1nccs1",328.09939675199996,"Screening"
"COc1ccc(OC)c(C2C(Oc3cc(C)ccc3C)C(=O)N2Cc2cccc(NC(C)=O)c2)c1",474.21547205999997,"Screening"
"CCOC(=O)c1c(-c2ccccc2)[nH]c(C=O)c1Cc1ccc(Cl)c(Cl)c1",401.058548764,"Screening"
"CN1C(=CC=C(C#N)C(=O)Nc2cccc3ncccc23)C(C)(C)c2ccccc21",394.179361324,"Screening"
"O=Cc1ccc(Oc2nc(C(F)(F)F)nc3ccccc23)cc1",318.061612188,"Screening"
"C=CC(=O)NCc1ccc(C(=O)NCc2ccccc2C)cc1",308.15247788,"Screening"
"C=CC(=O)NCc1ccc(C(=O)N2CCN(S(=O)(=O)c3cc(C)ccc3C)CC2)cc1",441.172227344,"Screening"
"C=CC(=O)N1CCC(C(=O)NC(c2ccc(Cl)c(F)c2)c2noc(C)n2)CC1",406.1207964,"Screening"
"Cc1ccc(C=CS(=O)(=O)NCCC(=O)Nc2cccc(S(=O)(=O)N3CCCCC3)c2)cc1",491.15486302799997,"Screening"
"O=S(=O)(C=Cc1ccc(Cl)cc1)Nc1cc(Cl)ccc1-n1cncn1",394.0058019840001,"Screening"
"Cc1ccc(C=CS(=O)(=O)NCC(=O)NC(C)c2cc3ccccc3o2)cc1",398.13002818399997,"Screening"
"C=CC(=O)NCCC(=O)NCCOc1ccc2c(c1)OCO2",306.121571676,"Screening"
"CCN1CCN(C(=O)c2csc(C=O)c2)CC1",252.093248752,"Screening"
"C=CC(=O)N1CCC(C(=O)N(Cc2ccc(O)cc2)Cc2ccco2)CC1",368.173607248,"Screening"
"C=CC(=O)NCc1ccc(C(=O)Nc2nnc(C(C)C)[nH]2)cc1",313.15387484800004,"Screening"
"C=CC(=O)N1CCC(C(=O)N(CCO)Cc2ccc(Cl)c(Cl)c2)CC1",384.10074792399996,"Screening"
"CC1(C)Cc2cc(C=C(C#N)C(=O)Nc3nccs3)ccc2O1",325.08849771999996,"Screening"
"O=S(=O)(C=Cc1ccccc1)Nc1ncn(Cc2cccnc2)n1",341.0946457200001,"Screening"
"CC(Cl)C(=O)N1CCC(C(=O)N2CCCCC2)CC1",286.144805656,"Screening"
"CS(=O)(=O)c1ccc(NC(=O)CCl)cc1Cl",280.968019508,"Screening"
"Cc1nc(N(C)C)sc1CCNC(=O)C(C)Cl",275.085910876,"Screening"
"CC(Cl)C(=O)N(C)C1CCN(c2ccccc2Cl)C1=O",314.05888311199993,"Screening"
"O=C(CCl)N1CCC(COc2ccccc2)CC1",267.102606496,"Screening"
"CC(Cl)C(=O)NCCn1nc2ccccn2c1=O",268.072703336,"Screening"
"CC(Cl)C(=O)NC1CCN(S(=O)(=O)c2cnn(C)c2)CC1",334.086639148,"Screening"
"O=C(CCl)NCc1cc(=O)[nH]c2ccccc12",250.050905272,"Screening"
"COc1ccc(NS(C)(=O)=O)c(NC(=O)CCl)c1",292.02845557600006,"Screening"
"CC(Cl)C(=O)N1CCCCC1c1nc(-c2cccc(F)c2)c[nH]1",335.12006812800007,"Screening"
"O=C(CCl)Nc1cnn(-c2ccccc2F)c1",253.041817808,"Screening"
"CC(Cl)C(=O)N1CCN(c2nnnn2-c2ccccc2)CC1",320.11523684400004,"Screening"
"Cc1noc(C(NC(=O)C(C)Cl)c2ccccc2)n1",279.077454368,"Screening"
"CC(Cl)C(=O)NC1CC(=O)N(c2ccc(Oc3ccccc3)cc2)C1",358.108420148,"Screening"
"CCN(Cc1cccc2c1OCO2)C(=O)C(C)Cl",269.081871052,"Screening"
"CC(Cl)C(=O)NC1CCN(c2ccc(C(F)(F)F)cn2)CC1",335.1012245040001,"Screening"
"O=C(CCl)N1CCc2c(cnn2-c2ccccc2)C1",275.082539748,"Screening"
"Cc1nc(CNC(=O)C(C)Cl)nc2ccccc12",263.082539748,"Screening"
"CC(Cl)C(=O)N1CCCC1c1cccc2c1OCCO2",295.09752111599994,"Screening"
"CN(C(=O)CCl)C(c1ccccc1)c1ccc(F)cc1Cl",325.043647648,"Screening"
"COc1ccc(S(=O)(=O)NC2CCOCC2)cc1NC(=O)C(C)Cl",376.085970452,"Screening"
"CC(Cl)C(=O)NCc1nnc2ccc(C(F)(F)F)cn12",306.04952328,"Screening"
"CC(Cl)C(=O)Nc1ccc(Oc2ccccc2C(N)=O)nc1",319.072368988,"Screening"
"O=C(CCl)Nc1ccccc1COc1ccccc1",275.07130636799997,"Screening"
"CC(Cl)C(=O)N(C)CCCc1cc(-c2ccccc2)no1",306.113505528,"Screening"
"COC(=O)CCc1nnc(NC(=O)CCl)s1",263.01313986,"Screening"
"COc1ccccc1NC(=O)NC1CCN(C(=O)C(C)Cl)CC1",339.134969244,"Screening"
"CCN1CCC(N(C)C(=O)C2CC3CCCCC3N2C(=O)C(C)Cl)CC1",383.23395500799995,"Screening"
"CCNC(=O)c1cc(Cl)ccc1NC(=O)CCl",274.027582984,"Screening"
"CC(Cl)C(=O)NCCS(=O)(=O)Nc1ccccn1",291.044439988,"Screening"
"CC(Cl)C(=O)NCC(O)COc1ccc2c(c1)CCC(=O)N2",326.103334768,"Screening"
"COc1ccc(CNC(=O)CCl)cc1NC(C)=O",270.07712002,"Screening"
"COc1cc2c(cc1OC)C(c1ccc(Cl)cc1)N(C(=O)CCl)CC2",379.074198828,"Screening"
"COc1ccc(CNC(=O)C(C)Cl)cc1COC1CCOCC1",341.13938592799997,"Screening"
"CSc1nnc(CCCNC(=O)C(C)Cl)n1C1CCCC1",330.128110036,"Screening"
"Cc1cc(N2CCCC(NC(=O)C(C)Cl)C2=O)n(C)n1",298.1196535280001,"Screening"
"Cc1ccccc1-c1nc(S(=O)(=O)N2CCN(C(=O)C(C)Cl)CC2)cs1",413.06346118,"Screening"
"Cc1ccc(C2OCCCC2CNC(=O)C(C)Cl)cc1",295.13390662399996,"Screening"
"CC(Cl)C(=O)NC(CC1CCCCC1)c1ncccn1",295.14514000400004,"Screening"
"CCCN(C(=O)C(C)Cl)C1CC(OCC)C12CCCC2",301.18085681599996,"Screening"
"CC(Cl)C(=O)NC1CCc2cnn(C(C)C)c2C1",269.12948994,"Screening"
"O=C(CCl)N1CCc2cc(-c3ccccc3)oc2C1",275.07130636799997,"Screening"
"Cc1ccn(-c2ccccc2CNC(=O)C(C)Cl)n1",277.098189812,"Screening"
"CCOC(=O)c1c(-c2ccc(F)cc2)csc1NC(C)=C(C#N)C(N)=O",373.089640592,"Screening"
"CCOC(=O)c1c(CC(C)C)csc1NC(C)=C(C#N)C(N)=O",335.13036253200005,"Screening"
"CC(Nc1sc2c(c1C(=O)c1ccc(C)cc1)CCCC2)=C(C#N)C(N)=O",379.1354479120001,"Screening"
"Cc1ccc(C=CS(=O)(=O)NCC2(c3ccc(F)cc3)CCOCC2)cc1",389.14609284799997,"Screening"
"O=C(CCc1nc(-c2ccsc2)no1)N1CCN(S(=O)(=O)C=Cc2ccccc2)CC1",458.10824718399994,"Screening"
"CN1CCN(c2c(C=O)c(=O)n(C)c(=O)n2C)CC1",266.137890436,"Screening"
"C=CC(=O)Nc1cc(NC(=O)C(C)Cn2ncc3ccccc32)ccc1F",366.149204068,"Screening"
"COc1ccc(CCNC(=O)C(C#N)=CC=Cc2ccco2)cc1OC",352.14230711999994,"Screening"
"Cc1ccc(NC(=O)C(C#N)=Cc2ccc3c(c2)CCC(C)(C)O3)c(C)c1",360.18377800799993,"Screening"
"Cc1ccc(F)c(N(C#N)CCCn2ccnc2C)c1",272.143724764,"Screening"
"COc1ccc(C=O)cc1OC(C)C(=O)NC1CCS(=O)(=O)C1",341.093308328,"Screening"
"CC1CN(CCNC(=O)C(C#N)=Cc2ccco2)CC(C)O1",303.15829153199996,"Screening"
"C=CC(=O)N1CCC(C(=O)NCC2CCCN(c3ncccn3)C2)CC1",357.21647510400004,"Screening"
"CCc1cccc(CC)c1N(C(C)=O)c1nc(C=C(C#N)C(=O)N2CCCC2)cs1",422.17764707199996,"Screening"
"C=CC(=O)N1CCC(C(=O)NC(c2cccc(C(F)(F)F)c2)C2CC2)CC1",380.171162636,"Screening"
"CCOCCN1C(=O)C(n2nnc3ccccc32)C1c1cccs1",342.11504681599996,"Screening"
"N#CN(Cc1nn(-c2ccccc2)c2c1CCC2)c1ccccc1",314.153146576,"Screening"
"COc1ccc(C=O)cc1OCc1nc(CCC(C)C)no1",304.14230712,"Screening"
"Cc1cc(COc2ccc(C=C(C#N)C(N)=O)cc2)oc1C(=O)O",326.090271548,"Screening"
"C=CC(=O)N1CCC(C(=O)N2CCC(Oc3ccnc(C(N)=O)c3)CC2)CC1",386.195405312,"Screening"
"N#CC(=Cc1cnn(Cc2ccccc2Cl)c1)C(=O)NCC1CCCO1",370.119653528,"Screening"
"C=CC(=O)Nc1cc(NC(=O)c2cnc3c(C)cccn3c2=O)ccc1F",366.11281856,"Screening"
"COc1ccc2c(c1)CCCN2CC(=O)N1CCN(S(=O)(=O)C=Cc2ccccc2)CC1",455.18787740799996,"Screening"
"CC1CCc2ccccc2N1C(=O)COc1cccc(C=O)c1",309.136493468,"Screening"
"CCCOc1ccc(NC(=O)c2cnn(-c3ccc(Cl)nn3)c2C(F)(F)F)cc1OCCC",483.1285018720001,"Screening"
"CS(=O)(=O)c1ncc(Cl)c(C(=O)N=c2sccn2Cc2ccc(Cl)cc2Cl)n1",475.9338152520001,"Screening"
"C=CC(=O)NCc1ccc(C(=O)NC2(c3ccc(Br)cc3)CCOCC2)cc1",442.089204696,"Screening"
"N#CC(=CC1=Cc2ccccc2OC1)C(=O)Nc1ccc(C(=O)O)cc1",346.09535692799994,"Screening"
"C=CC(=O)NCc1ccc(C(=O)Nc2ccc(C(=O)c3nccn3C)cc2)cc1",388.1535405,"Screening"
"O=Cc1cccc(OCCC(=O)N2CCCOCC23CC3)c1",303.147058152,"Screening"
"CCC1SC(=C(C#N)C(N)=O)N(c2ccc(C)cc2)C1=O",301.08849771999996,"Screening"
"Cc1ccc(N2C(=O)C(C)SC2=C(C#N)C(=O)NCc2ccccc2)cc1",377.119797848,"Screening"
"CCOc1ccc(C=C(C#N)C(=O)NCC(=O)N2CCCCC2)cc1",341.173941596,"Screening"
"N#CC(=Cc1cc(Br)c2c(c1)OCCCO2)C(N)=O",321.99530431200003,"Screening"
"O=C(CN(Cc1ccccc1)S(=O)(=O)C=Cc1ccccc1)N1CCc2sccc2C1",452.12283462799996,"Screening"
"CCn1c(S)nnc1CCNC(=O)C(C#N)=Cc1ccco1",317.09464572,"Screening"
"C=CCc1ccc(OCCOc2ccc(C=O)cc2)c(OC)c1",312.13615912,"Screening"
"CC=Cc1ccc(OCCOc2cccc(C=O)c2)c(OC)c1",312.13615912,"Screening"
"N#CC(=Cc1ccco1)C(=O)NCc1nc(-c2ccncc2)cs1",336.06809662399996,"Screening"
"COCCn1c(C)cc(C=C(C#N)C(=O)Nn2cnc3scc(-c4cccs4)c3c2=O)c1C",479.1085815320001,"Screening"
"CCOCCCNC(=O)C(C#N)=Cc1cc(Br)co1",326.02660444,"Screening"
"CC(C1CC1)N(C(=O)CN(C#N)c1ccccc1)C1CC1",283.168462292,"Screening"
"COc1ccc(C=C(C#N)C(=O)NCC2CCCO2)c(OC(C)C)c1",344.173607248,"Screening"
"C=CC(=O)Nc1ccc(C(=O)N(Cc2ccccc2)CC2CCOCC2)cc1",378.19434269199996,"Screening"
"C=CC(=O)NCCNC(=O)Cc1ccccc1Br",310.03168982000005,"Screening"
"C=CC(=O)NCCNC(=O)[C@@H]1CCCN1C1=NS(=O)(=O)c2ccccc21",376.12052611999997,"Screening"
"C=CC(=O)NCCNC(=O)C1COc2ccc(OC)cc2C1",304.14230712,"Screening"
"CSc1nc(-c2ccco2)nc(C)c1C(=O)OCC(=O)Nc1ccnn1Cc1ccccc1Cl",497.09245280000005,"Screening"
"C=CC(=O)Nc1cc(S(=O)(=O)N2CCOCC2)ccc1N1CCCC1",365.140927216,"Screening"
"O=C(Nc1cc(Cl)ccc1NS(=O)(=O)C=Cc1ccccc1)c1ccco1",402.04410564,"Screening"
"N#CC(=Cc1ccco1)C(=O)NS(=O)(=O)Cc1ccc(Cl)nc1",351.00805448,"Screening"
"O=C(CN(Cc1ccco1)S(=O)(=O)c1ccc(Cl)nc1)NCc1ccc(Cl)cc1Cl",486.99271003200005,"Screening"
"COc1ccc(-c2nc3ncccn3c2C=O)cc1",253.085126592,"Screening"
"Cc1cc(-c2nnco2)ccc1NS(=O)(=O)C=Cc1ccccc1",341.08341234000005,"Screening"
"COc1ccc(CCNC(=O)C(C#N)=Cc2nc(N(C)C)n(-c3ccc(C)cc3)c2Cl)cc1OC",493.188067436,"Screening"
"CC1CCN(C(=O)C(C#N)=Cc2cn(CCC(N)=O)nc2-c2cccc(Br)c2)CC1",469.11133710800004,"Screening"
"COc1ccc(-c2nn(CCC#N)cc2C=C(C#N)C(=O)N(C)CCOc2cc(C)cc(C)c2)cc1",483.227039788,"Screening"
"CCOCCCNC(=O)C(C#N)=Cc1c[nH]c(C(F)(F)F)c1",315.11946141199996,"Screening"
"Cc1c(C=C(C#N)C(=O)Nc2ccc(Cl)cc2Cl)c(=O)n(-c2ccccc2)n1C",426.065031112,"Screening"
"C=CC(=O)NCCC(=O)N1CCC(n2ccc(C(F)(F)F)n2)CC1",344.146010508,"Screening"
"CC(NC(=O)CN(c1ccc(F)cc1)S(=O)(=O)C=Cc1ccccc1)c1ccc2c(c1)OCCO2",496.14682111999997,"Screening"
"C=CC(=O)NCc1ccc(C(=O)NNC(=O)C2Cc3ccccc3CN2Cc2ccccc2)cc1",468.216140756,"Screening"
"C=CC(=O)N1CCC(C(=O)N2CCCC(c3n[nH]cc3NC(C)=O)C2)CC1",373.211389724,"Screening"
"C=CC(=O)N1CCC(C(=O)N2CCCCCC2c2noc(C(C)C)n2)CC1",374.23179082,"Screening"
"CCc1nnc(CN(C#N)c2ccc(OC)c(Cl)c2)o1",292.07270333599996,"Screening"
"N#CC(=Cc1ccc(-c2cccc(Br)c2)s1)C(=O)NC(N)=O",374.96770966,"Screening"
"CC1CCCN(C=C(C#N)C(=O)Nc2cccc(Cl)c2)C1",303.113839876,"Screening"
"COc1ccc(S(=O)(=O)N2CCN(c3nc4ccccn4c(=O)c3C=O)CC2)cc1",428.11544074,"Screening"
"N#CC(=CN1CCN(c2cccc(Cl)c2)CC1)C(=O)NCc1ccccc1",380.14038897200004,"Screening"
"C=CC(=O)N1CCC(C(=O)Nc2cnc(N3CCCCC3C)c(C)c2)CC1",370.2368762,"Screening"
"Cc1nc(COc2ccccc2C=CC(=O)Nc2ccc(C=C(C#N)C(N)=O)cc2)cs1",444.1256115,"Screening"
"C=CC(=O)NCc1ccc(C(=O)N2CCN(c3ncccc3C(N)=O)CC2)cc1",393.180089596,"Screening"
"N#CC(=CN1CCC(C(N)=O)CC1)C(=O)Nc1cccc(Cl)c1",332.104003464,"Screening"
"CNC(=O)Cc1nc(CN(C#N)c2ccc(F)c(Cl)c2)cs1",338.040437904,"Screening"
"O=C(CCc1ccccc1)NC1CCN(S(=O)(=O)C=Cc2ccccc2)CC1",398.166413692,"Screening"
"O=C1C(Nc2cc(Cl)nc(C3CC3)n2)CN1c1ccc(F)cc1",332.08401696799996,"Screening"
"N#CC(=Cc1c[nH]nc1-c1ccccc1F)C(=O)NCCc1ccccc1",360.13863938400004,"Screening"
"Cc1noc2nc(C3CC3)cc(C(=O)NC3CN(c4ccc(F)cc4)C3=O)c12",380.128468624,"Screening"
"CC(=O)Nc1cc(C(=O)NC2CN(c3ccc(F)cc3)C2=O)ccc1C",355.13321965599994,"Screening"
"CC(C)c1cc(C(=O)NC2CN(c3ccccc3)C2=O)n(C)n1",312.15862588000005,"Screening"
"O=C(Cc1cccc2ccccc12)NCC(=O)NC1CN(c2ccccc2)C1=O",387.158291532,"Screening"
"O=C(Cn1ncc2ccccc21)NC1CN(c2ccccc2)C1=O",320.127325752,"Screening"
"CN(Cc1ccc(N2CCCCC2)cc1)CN1C(=O)CC1c1ccccc1",363.231062548,"Screening"
"Cc1oc(-c2cnn(C)c2)nc1C(=O)N1CCC(C2NC(=O)C2(C)C)CC1",371.19573966,"Screening"
"CC(NC(=O)CC1CCCCC1)C(=O)N1CCC(C2NC(=O)C2(C)C)CC1",377.26784197999996,"Screening"
"CC1(C)C(=O)NC1C1CCN(C(=O)CS(=O)(=O)C2CCCC2)CC1",356.17697837599997,"Screening"
"CC(=O)NCc1ccc(C(=O)N2CCC(C3NC(=O)C3(C)C)CC2)s1",363.16166266000005,"Screening"
"Cc1[nH]c2ccccc2c1C(=O)N1CCC(C2NC(=O)C2(C)C)CC1",339.19467704,"Screening"
"CC1(C)C(=O)NC1C1CCN(C(=O)c2cc(C3CC3)[nH]c(=O)c2)CC1",343.18959165999996,"Screening"
"CC1(C)C(=O)NC1C1CCN(C(=O)C=Cc2ccc3[nH]ccc3c2)CC1",351.19467704,"Screening"
"CC1(C)C(=O)NC1C1CCN(C(=O)c2snc(O)c2Cl)CC1",343.075740116,"Screening"
"O=Cc1cccc(OCC(=O)N2CCC(C(O)c3ccccc3)CC2)c1",353.162708216,"Screening"
"CSc1ncc(Cl)c(C(=O)Nc2nnc(S(=O)(=O)Cc3ccc(Cl)cc3)s2)n1",474.940107572,"Screening"
"C=CC(=O)N1CCC(C(=O)Nc2ccccc2NCc2ccccc2C)CC1",377.210327104,"Screening"
"O=Cc1ccccc1OCc1ccc(Cl)cc1-n1cncn1",313.061804304,"Screening"
"CS(=O)(=O)Nc1cc(NC(=O)C(C#N)=Cc2ccc(F)cc2)ccc1F",377.06456871600005,"Screening"
"N#Cc1cc(Br)ccc1CN(C#N)c1cccc(F)c1",328.996387608,"Screening"
"CC1CCCCC12NC(=O)N(CC(=O)Nc1cccc(S(=O)(=O)F)c1)C2=O",397.1107699599999,"Screening"
"O=C(Nc1cccc(S(=O)(=O)F)c1)C1CCN(S(=O)(=O)N2CCCCC2)CC1",433.11414108799994,"Screening"
"C=CC(=O)NCc1ccc(C(=O)N2CCN(c3nc(C)cs3)C(C)C2)cc1",384.16199700799996,"Screening"
"O=C(Nc1ccccc1)NC1CN(c2ccccc2)C1=O",281.11642672,"Screening"
"C=CC(=O)NCc1ccc(C(=O)N2CCC(Cn3cccn3)CC2)cc1",352.189926008,"Screening"
"O=C(NC1CN(c2ccc(F)cc2)C1=O)c1ocnc1C1CC1",315.101919528,"Screening"
"C=CC(=O)N1CCC(C(=O)NCc2nc3ccccc3c(=O)n2C)CC1",354.16919056399996,"Screening"
"O=S(=O)(F)c1ccc(S(=O)(=O)Nc2ccncc2)cc1",315.99877698800003,"Screening"
"Cc1[nH]nc(C(N)=O)c1NS(=O)(=O)c1ccc(S(=O)(=O)F)cc1",362.015489672,"Screening"
"Cc1cnn(-c2ccccc2)c1NS(=O)(=O)C=Cc1ccccc1Cl",373.065175432,"Screening"
"N#Cc1cc(CN(C#N)c2ccc(F)cc2)ccc1F",269.07645372800005,"Screening"
"N#CN(CC(=O)N1CCCCCC1)c1ccc(F)cc1",275.143390416,"Screening"
"N#CN(Cc1ccc(CO)cc1)c1ccc(F)cc1",256.101191256,"Screening"
"N#CN(Cc1ccon1)c1ccc(F)c(Cl)c1",251.026167744,"Screening"
"C=CC(=O)NCc1ccc(C(=O)N2CCC(Oc3ccccn3)CC2)cc1",365.1739415960001,"Screening"
"O=Cc1c(Cl)nc(Cl)n1-c1ccc(F)cc1",257.97629636,"Screening"
"C=CC(=O)Nc1cc(NC(=O)c2scnc2C2CCCC2)ccc1F",359.110376036,"Screening"
"CC(C)CC(C)Cc1nc(-c2cccc(N3CCC3=O)c2)no1",313.179026976,"Screening"
"C=CC(=O)Nc1ccc(C(=O)NC2CCN(c3ccc(C)cc3)C2=O)cc1",363.15829153199996,"Screening"
"C=CC(=O)NCCNC(=O)C1CCCN(C(=O)N2CCc3sccc3C2)C1",390.172561692,"Screening"
"N#CN(Cc1csc(Cc2ccccc2)n1)c1ccccc1",305.09866848,"Screening"
"N#CC(=Cc1cc2cc(F)ccc2o1)C(=O)NCC1CCCO1",314.10667056,"Screening"
"Cc1ccn2c(C=C(C#N)C(=O)NCC3CCCO3)cnc2c1",310.142975816,"Screening"
"COc1ccc(-c2noc(CCC(=O)Nc3ccc(S(=O)(=O)F)cc3)n2)cc1",405.079469832,"Screening"
"Cc1ncsc1C=C(C#N)C(=O)Nc1ccc(C(=O)O)cc1",313.052112212,"Screening"
"Cc1ncsc1C=C(C#N)C(=O)Nc1ccccc1C(=O)O",313.05211221199994,"Screening"
"C=CC(=O)NCCNC(=O)C=Cc1cnc(C(C)(C)C)s1",307.135447912,"Screening"
"CCc1cccc(N(C#N)CC(=O)Nc2cc(C(F)(F)F)ccc2-n2cncn2)c1",414.1415938240001,"Screening"
"C=CC(=O)Nc1cc(NC(=O)c2cnn(-c3ccccc3C)c2N)ccc1F",379.144453036,"Screening"
"Cc1csc(NC(=O)C2CCCN(C(=O)C(C)Cl)C2)n1",315.080825496,"Screening"
"CCOC(=O)C1CCCN1C#N",168.089877624,"Screening"
"C=CS(=O)(=O)N(CC(C)C)C1CC1",203.097999784,"Screening"
"N#CCN(C#N)c1ccc(F)cc1",175.054575412,"Screening"
"O=Cc1ccc(-c2cccc(Br)c2)s1",265.940097944,"Screening"
"O=Cc1c[nH]nc1-c1ccc(Br)cc1",249.974174944,"Screening"
"C=CS(=O)(=O)N1Cc2ccccc2C1",209.051049592,"Screening"
"O=C1c2ccccc2C(=O)N1CC1CO1",203.058243148,"Screening"
"c1cc2c(cc1COCC1CO1)OCO2",208.073558864,"Screening"
"Cc1nn(-c2ccc(Br)cc2)cc1C=O",263.989825008,"Screening"
"Cc1cc(-n2cccc2C=O)ccc1Br",262.99457604,"Screening"
"COC(=O)CSc1nc2sccn2c1C=O",255.997634116,"Screening"
"COC(=O)c1cc(Br)cc2[nH]cc(C=O)c12",280.968755216,"Screening"
"COc1ccc(CN(C)C(=O)CCl)cc1Cl",261.032334016,"Screening"
"C=CS(=O)(=O)N1CCC(c2ccccc2)C1",237.08234972,"Screening"
"NS(=O)(=O)c1cc(NC(=O)CCl)ccc1Cl",281.963268476,"Screening"
"Cc1cccc(-c2nn(Cc3ccccc3)cc2C=O)c1",276.12626313199996,"Screening"
"O=Cc1nn(Cc2ccccc2)cc1-c1cccnc1",263.105862036,"Screening"
"Cn1nccc1CC(C=O)CNC(=O)OC(C)(C)C",267.158291532,"Screening"
"N#CC(=Cc1cccc(Cl)c1)C(=O)NCc1ccccc1",296.07164071600005,"Screening"
"CC(C)(C)OC(=O)N1CCC(c2ncc(C=O)s2)CC1",296.1194635,"Screening"
"CC(C)(C)OC(=O)N1CCn2nc(C=O)cc2C1",251.126991404,"Screening"
"COc1ccc(-c2nn(Cc3ccccc3)cc2C=O)cc1OC",322.13174243599997,"Screening"
"COc1ccc(Nc2nc(Cl)c(C=O)s2)cc1",268.007326208,"Screening"
"O=C(CCl)Nc1ccc(N2CCN(Cc3ccccc3)CC2)cc1",343.145140004,"Screening"
"O=Cc1c(-c2ccc(Br)s2)nc2ccccn12",305.94624594400005,"Screening"
"CS(=O)(=O)Nc1cccc(CNC(=O)CCl)c1",276.033540956,"Screening"
"C=CS(=O)(=O)c1ccc(C(F)(F)F)cc1C#N",261.007134092,"Screening"
"O=C(CCl)NCCNC(=O)c1ccccc1Cl",274.027582984,"Screening"
"O=Cc1ccc(COc2ccc(F)c(Cl)c2)o1",254.014600016,"Screening"
"O=Cc1ccc(COc2cccc(Cl)c2Cl)o1",269.985049476,"Screening"
"C=CS(=O)(=O)N1CCN(c2ccccc2)CC1",252.093248752,"Screening"
"O=CC1=C(Sc2nc3ccccc3s2)CCCC1",275.043856036,"Screening"
"Cc1nn(Cc2c(Cl)cccc2Cl)c(C)c1C=O",282.03266836399996,"Screening"
"N#CCCn1cc(C=O)c(-c2cccc(Cl)c2)n1",259.05123962,"Screening"
"N#CCCn1cc(C=O)c(-c2ccc(Cl)cc2)n1",259.05123962,"Screening"
"c1ccc(Oc2ccc(OCC3CO3)cc2)cc1",242.094294308,"Screening"
"CC(Cl)C(=O)N1c2ccccc2NC(=O)C1(C)C",266.0822054,"Screening"
"CC(=O)c1oc2ccccc2c1NC(=O)C(C)Cl",265.050570924,"Screening"
"CCc1noc(COc2ccc(Br)cc2C=O)n1",309.99530431200003,"Screening"
"Cc1noc(C)c1COc1ccc(Br)cc1C=O",309.000055344,"Screening"
"CC(C)(C)c1nn(-c2ccccc2)c(Cl)c1C=O",262.08729078,"Screening"
"O=Cc1c(C(F)(F)F)nn(-c2ccccc2)c1Cl",274.012075152,"Screening"
"CCOC(=O)c1cc(CC)sc1NC(=O)C(C)Cl",289.053942052,"Screening"
"O=Cc1cnn(Cc2ccc(C(F)(F)F)cc2)c1",254.066697568,"Screening"
"O=Cc1c(N2CCCCC2)nc2ccccn2c1=O",257.11642672,"Screening"
"Cc1cc(C=O)c(C)n1-c1cccc(C(F)(F)F)c1",267.087098664,"Screening"
"O=Cc1sc(N2CCOCC2)nc1-c1ccccc1",274.077598688,"Screening"
"CCN(CC)C(=O)c1cccc(NC(=O)C(C)Cl)c1",282.113505528,"Screening"
"Cc1cc(C=O)c(C)n1-c1ccc2c(c1)OCCO2",257.10519334,"Screening"
"COc1cccc(-c2nn(C(C)(C)C)cc2C=O)c1",258.136827816,"Screening"
"Fc1ccc(C(OCC2CO2)c2ccc(F)cc2)cc1",276.096186128,"Screening"
"O=CC1=C(N2CCOCC2)C(=Cc2ccccc2)CC1",269.141578848,"Screening"
"COc1ccc2cc(CN(C)C(=O)C(C)Cl)ccc2c1",291.10260649599996,"Screening"
"O=Cc1cn(-c2ccncc2)nc1-c1ccccc1Br",327.00072403999997,"Screening"
"O=C(CCl)N1CCCN(C(=O)Nc2ccccc2)CC1",295.108754496,"Screening"
"CC(Cl)C(=O)Nc1cccc(CSc2ccccn2)c1",306.05936178,"Screening"
"CC(Cl)C(=O)Nc1sc(-c2ccccc2)cc1C(N)=O",308.038626336,"Screening"
"O=Cc1cn(Cc2ccc(F)cc2Cl)c2ccccc12",287.051319872,"Screening"
"O=Cc1cc2cccnc2n1S(=O)(=O)c1ccccc1",286.04121318,"Screening"
"CC(Cl)C(=O)Nc1ccc(S(=O)(=O)N2CCCCC2)cc1",330.080491148,"Screening"
"CCOC(=O)c1c(NC(=O)C(C)Cl)sc2c1CCC(C)C2",329.08524218,"Screening"
"Cc1ccc(-c2nn(-c3ccccc3)cc2C=O)c(C)c1",276.12626313199996,"Screening"
"CC(C)c1nn(-c2cccc(C(F)(F)F)c2)c(Cl)c1C=O",316.05902534399996,"Screening"
"Cc1nn(C)cc1-c1nn(-c2ccccc2F)cc1C=O",284.107339256,"Screening"
"Cc1nn(C)cc1-c1nn(-c2ccc(F)cc2)cc1C=O",284.107339256,"Screening"
"C=CC(=O)Nc1ccc(S(=O)(=O)c2ccc(F)cc2)cc1",305.052192464,"Screening"
"COc1cc(C=O)ccc1OCC(=O)Nc1ccccc1F",303.090686148,"Screening"
"O=Cc1cn(-c2ccccc2)nc1-c1cc2ccccc2o1",288.08987762399994,"Screening"
"O=Cc1coc2c(CSc3ncccn3)cc(Cl)cc2c1=O",332.00224082799997,"Screening"
"CC(Cl)C(=O)N1N=C(c2ccc(Cl)cc2)CC1c1ccco1",336.04323304799993,"Screening"
"Cc1ccc2nc(-c3ccc(NC(=O)C(C)Cl)cc3)sc2c1",330.0593617800001,"Screening"
"Cc1ccccc1-c1nn(-c2ccc(F)cc2F)cc1C=O",298.09176944399997,"Screening"
"COc1cc(C)c(CN2CCN(C(=O)CCl)CC2)cc1OC",326.139720276,"Screening"
"O=Cc1ccc(-c2ccc(S(=O)(=O)Nc3ncccn3)cc2)o1",329.04702683200003,"Screening"
"CCOc1ccc(-c2nn(-c3ccccc3)cc2C=O)cc1Cl",326.0822054,"Screening"
"CCN1CCN(C(=O)C(C#N)=C2N=C(N)c3ccccc32)CC1",309.158960228,"Screening"
"O=C(CCl)N1CCN(S(=O)(=O)c2cccc(C(F)(F)F)c2)CC1",370.036575648,"Screening"
"COc1ccc(OC)c(-c2nn(-c3ccccc3)cc2C=O)c1",308.11609237199997,"Screening"
"Cc1c(C=O)c2ccccn2c1C(=O)c1ccc(Cl)c([N+](=O)[O-])c1",342.040734512,"Screening"
"O=Cc1c(Sc2nnnn2-c2ccccc2)nc2ccccn2c1=O",350.05859456,"Screening"
"CC(=O)Nc1cccc(CN2C(=O)C(Oc3cccc([N+](=O)[O-])c3)C2c2ccc(C#N)cc2)c1",456.14336973999997,"Screening"
"COC(=O)c1nc2n(n1)CCCN2S(=O)(=O)C=Cc1ccccc1Cl",382.05025364000005,"Screening"
"Cc1n[nH]c(C)c1C=C(C#N)C(=O)Nc1ccccc1Oc1ccccc1",358.142975816,"Screening"
"CCN(CC)C(=O)C(C#N)=Cc1cn(-c2ccccc2)nc1-c1ccccc1",370.179361324,"Screening"
"O=C(Nc1ccc(N2CCC2=O)cc1)c1ccc(-c2nc3ccccc3s2)o1",389.08341234,"Screening"
"O=C(Nc1ccc(N2CCC2=O)cc1)c1ccncc1Cl",301.061804304,"Screening"
"Cc1cc(C=C(C#N)C(=O)NC2CC2)c(C)n1C1CCCCC1",311.19976242,"Screening"
"CCN(CC)S(=O)(=O)c1ccc(C)c(NC(=O)COC(=O)c2nc(Cl)ccc2Cl)c1",473.057897132,"Screening"
"O=C(NCc1ccc(C(=O)N2CCCCC2)cc1)c1cnn(-c2ccc(Cl)nn2)c1C(F)(F)F",492.1288362200001,"Screening"
"CCOc1c(Br)cc(Cl)cc1NC(=O)CN(C)S(=O)(=O)C=Cc1ccccc1",486.00156789999994,"Screening"
"CC(C)SCCN(C#N)c1ccc(F)c([N+](=O)[O-])c1",283.079075908,"Screening"
"Cn1cnc(C=C(C#N)C(=O)Nc2cccc(C(F)(F)F)c2)c1",320.08849563200005,"Screening"
"Cc1cc(C=C(C#N)C(=O)NC(C)C2CCCO2)c(C)n1CC1CCCO1",371.220891788,"Screening"
"COCCn1c(C)cc(C=C(C#N)C(=O)NCC2(c3ccccc3)CCC2)c1C",391.225977168,"Screening"
"Cc1cc(C=C(C#N)C(=O)NNC(=O)C2CC2)c(C)n1CC1CCCO1",356.18484062799996,"Screening"
"CC(C)Oc1ccc(C=C(C#N)C(=O)NC2CCCC2)cc1",298.168127944,"Screening"
"CCOC(=O)c1nn(-c2ccccc2)cc1C=C(C#N)C(=O)Nc1ccc(OCC)cc1",430.16410518399994,"Screening"
"COCC(C)n1c(C)cc(C=C(C#N)C(=O)NCCNc2nc3ccccc3s2)c1C",437.18854610400007,"Screening"
"Cc1cc(C=C(C#N)C(=O)NCc2ccc(Cn3cccn3)cc2)c(C)n1CC1CCCO1",443.23212516800004,"Screening"
"CON(C)C(=O)C(C#N)=Cc1cc(C)n(CC2CCCO2)c1C",317.173941596,"Screening"
"CCCn1c(C)cc(C=C(C#N)C(=O)NC2CCC(C(=O)NC)CC2)c1C",370.2368762,"Screening"
"Cc1cc(C=C(C#N)C(=O)NC2CCCNC2=O)c(C)n1CC1CCCO1",370.20049069199996,"Screening"
"C=CC(=O)NCCC(=O)N1CCOC2(CCc3ccccc32)C1",314.163042564,"Screening"
"O=Cc1ccc(C(=O)OCC(=O)Nc2ccc([N+](=O)[O-])cc2)cc1",328.069536104,"Screening"
"Cc1ccc(NC(=O)COC(=O)c2ccc(C=O)cc2)cc1C",311.115758024,"Screening"
"CC(C)(C)c1ccc(NC(=O)COC(=O)c2ccc(C=O)cc2)cc1",339.147058152,"Screening"
"O=Cc1ccc(C(=O)OCC(=O)N2CCc3ccccc3C2)cc1",323.115758024,"Screening"
"N#CC(=Cc1cccc(OCc2cccc(C#N)c2)c1)C(=O)NC1CCCC1",371.163376912,"Screening"
"O=C1C2C3CCC(C3)C2N1CN1CCOC2CCCCC21",290.199428072,"Screening"
"COc1ccc(OC)c(S(=O)(=O)NC(=O)C(C#N)=Cc2ccco2)c1",362.057257168,"Screening"
"C=CC(=O)N1CCC(C(=O)NCCC(C)(C)C(F)(F)F)CC1",320.171162636,"Screening"
"COc1cc(C=O)ccc1OCC(=O)c1ccc(Br)cc1",347.99972099600006,"Screening"
"O=C(COC(=O)c1cccnc1Cl)Nc1cc(S(=O)(=O)N2CCCCCC2)ccc1Cl",485.057897132,"Screening"
"COc1ccc(OC)c(C2CCCN2C(=O)CN2CCN(S(=O)(=O)C=Cc3ccccc3)CC2)c1",499.214092156,"Screening"
"Cc1cccc(C2C(n3cnnn3)C(=O)N2Cc2ccsc2)c1",325.09973110000004,"Screening"
"COc1ccc(CN2C(=O)C(n3cnnn3)C2c2ccccc2)cc1OC",365.148789468,"Screening"
"CCOCCCN1C(=O)C(Oc2ccccc2)C1c1cccc(OCCOC)c1",399.20457302799997,"Screening"
"O=S(=O)(C=Cc1ccccc1)N(Cc1ccsc1)c1cccnc1",356.065319752,"Screening"
"O=C1CC2(CCN(c3nc(CSc4ccc(Cl)cc4)nc4sc5c(c34)CCC5)CC2)N1",470.1001810360001,"Screening"
"C=CC(=O)N1CCC(C(=O)NNC(=O)Nc2ccc(N(C)C)cc2)CC1",359.19573966,"Screening"
"Cc1nc(C)c(F)c(N2CCC(C3NC(=O)C3(C)C)CC2)n1",306.18558957600004,"Screening"
"COc1ccccc1C=CC=C(C#N)C(=O)Nc1cc(C(F)(F)F)ccc1Cl",406.069590028,"Screening"
"CCc1cccc2c(C(=O)COC(=O)CNS(=O)(=O)C=Cc3ccccc3)c[nH]c12",426.124942804,"Screening"
"CCc1cccc(N(C#N)Cc2nnc(-c3ccc(C#N)cc3)o2)c1",329.1276601,"Screening"
"CCOC(=O)c1c(NC(=O)C(C#N)=Cc2c(Cl)nc(Cl)n2C)sc2c1CCCC2",452.047666796,"Screening"
"COc1ccc(C=O)cc1OCc1cc(=O)n2cc(C)ccc2n1",324.111006992,"Screening"
"O=C(CN(Cc1ccco1)S(=O)(=O)C=Cc1ccccc1)N1CCCc2ccccc21",436.145678248,"Screening"
"CCc1cccc(N(C#N)Cc2nnnn2-c2ccccc2)c1",304.143644512,"Screening"
"CC(C)CCN1CCC(CNC(=O)Cn2cc(C=O)c3ccccc32)CC1",369.241627232,"Screening"
"Cc1[nH]c(C=O)cc1C(=O)NC1CCN(C(C)C)CC1",277.179026976,"Screening"
"COc1cc(C=O)ccc1OC(C)C(=O)NCC(F)(F)F",305.087492588,"Screening"
"CCCn1c(C)cc(C=C(C#N)C(=O)N(C)Cc2ccc(Cl)c(Cl)c2)c1C",403.121817716,"Screening"
"Cc1cccc(C)c1NC(=O)C(C#N)=Cc1cc(C)n(-c2ccc(Cl)cc2)c1C",403.145140004,"Screening"
"COC(=O)CCn1nc(C)c(C=C(C#N)C(=O)Nc2cccc3ccccc23)c1C",402.16919056399996,"Screening"
"Cc1cc(C=C(C#N)C(=O)NC(C)c2ccccn2)c(C)n1CC(C)C",350.210661452,"Screening"
"Cc1cc(C=C(C#N)C(=O)Nc2ccc3c(c2)OCCO3)c(C)n1-c1cccc(Cl)c1Cl",467.080346828,"Screening"
"Cc1cc(C=C(C#N)C(=O)NCC2CCCO2)c(C)n1-c1cc(Cl)ccc1Cl",417.101082272,"Screening"
"Cc1cc(C=C(C#N)C(=O)NCc2ccccc2)c(C)n1CC(C)C",335.19976242,"Screening"
"C=CC(=O)N1CCC(C(=O)N2CCCC2Cn2cnc3ccccc32)CC1",366.205576072,"Screening"
"COCCN(Cc1nc2ccccc2c(=O)[nH]1)C(=O)c1nc(Cl)c(Cl)c(Cl)c1Cl",473.982001028,"Screening"
"Cn1cc(C=C(C#N)C(=O)N2CCCC2)c(-c2cc3ccccc3o2)n1",346.142975816,"Screening"
"O=C(Nc1ccnn1Cc1cccs1)C1CCN(S(=O)(=O)C=Cc2ccccc2)CC1",456.1289826279999,"Screening"
"COc1cc(C=C(C#N)C(=O)NC2CCCCC2C)ccc1OCC#N",353.173941596,"Screening"
"O=S(=O)(C=Cc1ccc(Cl)cc1)Nc1cc(-n2cccc2)ccc1F",376.044854588,"Screening"
"O=C(C1COc2ccccc2O1)N1CCN(S(=O)(=O)C=Cc2ccccc2)CC1",414.124942804,"Screening"
"Cc1cccc(-n2c(C)cc(C=C(C#N)C(=O)N3CCN(c4cc(Cl)ccc4C)CC3)c2C)c1",472.20298922800004,"Screening"
"Cc1cccc(N2CCN(C(=O)COc3ccc(C=O)cc3)CC2)c1C",352.178692628,"Screening"
"Cc1cc(C=C(C#N)C(=O)NC2=NCCS2)c(C)n1-c1ccccc1F",368.110710384,"Screening"
"CNC(=O)Cn1ccc2ccc(NC(=O)C(C#N)=Cc3ccco3)cc21",348.12224037199996,"Screening"
"Cc1ccc(C=CS(=O)(=O)NCC(=O)NC(C)C2CC3CCC2C3)cc1",376.182063756,"Screening"
"Cc1c(C=C(C#N)C(=O)NC2CCCCCCC2)cc(C#N)n1C",324.195011388,"Screening"
"COc1ccc2nc(C)cc(N3CCN(S(=O)(=O)C=Cc4ccccc4)CC3)c2c1",423.16166266000005,"Screening"
"COCC(C)n1c(C)cc(C=C(C#N)C(=O)Nc2ccn(C)n2)c1C",341.18517497600004,"Screening"
"COCCCCN1C(=O)C(Sc2ccccc2)C1c1ccc([N+](=O)[O-])cc1",386.13002818399997,"Screening"
"CCc1cccc(N(C#N)Cc2cc(C)no2)c1",241.1215121,"Screening"
"Cc1ccc(C=CS(=O)(=O)NCC(=O)NCCCn2ccc3ccccc32)cc1",411.16166266000005,"Screening"
"Cc1ccc(C2CCCN2C(=O)CCNS(=O)(=O)C=Cc2ccccc2)cc1",398.166413692,"Screening"
"O=C1C(Oc2ccccc2)C(c2cccnc2)N1c1ccccc1",316.121177752,"Screening"
"O=C1C(Oc2ccccc2F)C(c2cccnc2)N1c1ccccc1",334.11175594,"Screening"
"O=C(NCC(=O)N1CCN(S(=O)(=O)C=Cc2ccccc2)CC1)c1ccc2c(c1)OCO2",457.130756456,"Screening"
"Cc1cc(C=C(C#N)C(=O)Nc2ccccc2)c(C)n1C1CC1",305.152812228,"Screening"
"O=Cc1ccc(OCC(=O)NCc2ccc(-n3ccnc3)nc2)cc1",336.122240372,"Screening"
"O=Cc1ccc(C(=O)N2CCCC2c2nnc3n2CCCCC3)cc1",338.174275944,"Screening"
"Cc1cc(C2CCCN2C(=O)COc2ccccc2C=O)no1",314.126657056,"Screening"
"Cc1nn(-c2ccc(Cl)cc2)c(Cl)c1C=C(C#N)C(N)=O",320.0231663,"Screening"
"N#CC(=Cc1ccc(C(=O)O)cc1)C(=O)Nc1cc(C(F)(F)F)ccc1Cl",394.03320452,"Screening"
"COc1cc(C=C(C#N)C(=O)Nc2cccc(C(F)(F)F)c2)ccc1OC(=O)c1cccs1",472.07046262,"Screening"
"CC(C)CCOc1ccc(C=C(C#N)C(=O)NCc2ccc(Cl)cc2)cc1",382.144805656,"Screening"
"COc1cc(C=C(C#N)C(=O)Nc2cc(C(F)(F)F)ccc2Cl)ccc1OCc1ccc(F)cc1",504.086382964,"Screening"
"N#CC(=Cc1cn(Cc2ccccc2)nc1-c1cccnc1)C(N)=O",329.1276601,"Screening"
"CCOc1ccc(C=C(C#N)C(=O)Nc2ncc(Cc3cc(Cl)ccc3Cl)s2)cc1",457.041853144,"Screening"
"CCCCCCCCNC(=O)C(C#N)=Cc1ccc(F)cc1",302.179441576,"Screening"
"COc1cc(C=C(C#N)C(=O)Nc2cccc(C(F)(F)F)c2)cc(OC)c1",376.103477,"Screening"
"CCCCCCOc1ccc(C=C(C#N)C(=O)NCc2ccco2)cc1",352.17869262799996,"Screening"
"Cc1ccc2cc(C=C(C#N)C(N)=O)c(N3CCCCC3)nc2c1",320.16371126,"Screening"
"CCN(Cc1ccccc1)c1ccc(C=C(C#N)C(=O)NCc2ccccc2)cc1",395.19976242,"Screening"
"CC(NC(=O)C(C#N)=Cc1ccc(-c2ccccc2)cc1)c1ccccc1",352.15756325999996,"Screening"
"COc1ccc2ccccc2c1C=C(C#N)C(=O)NC(C)c1ccccc1",356.15247788,"Screening"
"CC(NC(=O)C(C#N)=Cc1ccc(OCc2ccccc2)c(OCc2ccccc2)c1)c1ccccc1",488.20999275599996,"Screening"
"N#CC(=Cc1ccc(-c2nc3ccccc3s2)o1)C(N)=O",295.041547528,"Screening"
"N#CC(=CC=Cc1ccccc1[N+](=O)[O-])C(=O)NCc1ccccc1",333.11134134,"Screening"
"COc1ccccc1C=CC=C(C#N)C(=O)NC(C)c1ccccc1",332.15247788,"Screening"
"N#CC(=Cc1ccccc1OCC(=O)O)C(=O)Nc1ccccc1F",340.08593511600003,"Screening"
"CN(C)c1ccc(C=C(C#N)C(=O)NCCN2CCOCC2)cc1",328.189926008,"Screening"
"N#CC(=Cc1ccccc1OCC(=O)O)C(=O)Nc1ccc(F)cc1",340.08593511600003,"Screening"
"COCCNC(=O)C(C#N)=Cc1c(Cl)cccc1Cl",298.027582984,"Screening"
"CNc1ccc(C=C(C#N)C(=O)NC(C)c2ccccc2)cc1[N+](=O)[O-]",350.13789043599996,"Screening"
"Cc1ccc(C=C(C#N)C(=O)Nc2cccc(C(F)(F)F)c2)o1",320.07726225199997,"Screening"
"N#CC(=Cc1ccccc1OC(F)F)C(=O)Nc1ccc(SC(F)F)cc1",396.055561504,"Screening"
"CC(=O)Nc1ccc(C=C(C#N)C(=O)Nc2cc(C(F)(F)F)ccc2Cl)cc1",407.064838996,"Screening"
"N#CC(=Cc1cn(-c2ccccc2)nc1-c1ccccc1)C(=O)Nc1cccc(C(F)(F)F)c1",458.13544582400004,"Screening"
"CCN(Cc1ccccc1)c1ccc(C=C(C#N)C(=O)N2CCCC2)cc1",359.19976242,"Screening"
"CCOCCCNC(=O)C(C#N)=Cc1ccc(Cl)c([N+](=O)[O-])c1",337.08293367199997,"Screening"
"N#CC(=Cc1ccc(-c2ccccc2)cc1)C(=O)N1CCCC1",302.14191319599996,"Screening"
"N#CC(=Cc1ccccc1Cl)C(=O)Nc1ccc(S(N)(=O)=O)cc1",361.02878992399997,"Screening"
"COc1ccc(-c2nn(-c3ccccc3)cc2C=C(C#N)C(=O)N2CCN(C)CC2)cc1",427.20082504000004,"Screening"
"N#CC(=Cc1ccc(OC(F)F)cc1)C(=O)Nc1ccc(S(N)(=O)=O)cc1",393.059483336,"Screening"
"CC1CCCCC1NC(=O)C(C#N)=Cc1ccc(N(C)C)cc1",311.19976242,"Screening"
"Cc1ccc(C)c(NC(=O)C(C#N)=Cc2ccc(C(=O)O)cc2)c1",320.11609237199997,"Screening"
"CCOC(=O)c1ccc(-n2c(C)cc(C=C(C#N)C(=O)NC(C)C)c2C)cc1",379.18959166,"Screening"
"N#CC(=Cc1ccccc1OC(F)F)C(=O)NCCc1ccccc1",342.117984192,"Screening"
"O=C(NCc1cccs1)c1cc(NS(=O)(=O)c2cccc(S(=O)(=O)F)c2)ccc1Cl",487.97374044799994,"Screening"
"Cn1nccc1NS(=O)(=O)c1cccc(S(=O)(=O)F)c1",319.00967602,"Screening"
"CCCc1nnc(NS(=O)(=O)c2cccc(S(=O)(=O)F)c2)o1",349.02024070399995,"Screening"
"C=CC(=O)N1CCN(S(=O)(=O)c2cc(C(F)(F)F)ccc2Cl)CC1",382.036575648,"Screening"
"C=CC(=O)Nc1cc(S(=O)(=O)N(CC)CC)cc(C)c1C",310.135113564,"Screening"
"C=CC(=O)NC1CCN(C(=O)c2ccc(OC)cc2OC)CC1",318.157957184,"Screening"
"C=CC(=O)NCc1ccc(S(=O)(=O)NCC2CCCO2)cc1",324.11437811999997,"Screening"
"C=CC(=O)NCc1cccc(S(=O)(=O)N2CCNC(=O)C2)c1",323.093977024,"Screening"
"C=CC(=O)Nc1ccccc1N1CCN(C(=O)OCC(C)C)CC1",331.18959166,"Screening"
"C=CC(=O)NC1CCN(Cc2coc(-c3ccccc3)n2)CC1",311.16337691200005,"Screening"
"C=CC(=O)Nc1cc(S(=O)(=O)NC(C)(C)C)ccc1F",300.094391624,"Screening"
"C=CC(=O)N1CCC(N(CCC)C(=O)c2cccs2)CC1",306.140198944,"Screening"
"C=CC(=O)N(C)CC(=O)N1CCN(c2ncc(C(F)(F)F)cc2Cl)CC1",390.107038156,"Screening"
"CC1CCN(S(=O)(=O)Cc2ccccc2CNC(=O)C(C)Cl)CC1",372.12744134,"Screening"
"CC(Cl)C(=O)N1CC(S(=O)(=O)NC2CCCC2)C1",294.080491148,"Screening"
"C=CC(=O)N1CCC(C(=O)Nc2ccc(C(=O)OC)s2)CC1",322.09872805599997,"Screening"
"C=CC(=O)Nc1cc(NC(=O)[C@H]2CCCC[C@H]2N2CCCC2=O)ccc1F",373.18016984799993,"Screening"
"C=CC(=O)N1CCC(C(=O)Nc2ccccc2-n2ncc(C#N)c2N)CC1",364.16477388000004,"Screening"
"C=CC(=O)NCCC(=O)NCc1c(C)nc2sc(C)cn12",306.115046816,"Screening"
"C=CC(=O)N1CCC(C(=O)Nc2cc(C(C)CCC)n[nH]2)CC1",318.205576072,"Screening"
"CC1(C)C(=O)NC1C1CCN(C(=O)N2CCSCC2)CC1",311.16674804,"Screening"
"COC(=O)c1cc(Br)c2ncc(C=O)n2c1",281.96400418400003,"Screening"
"COc1cc(NC(=O)N2CCC(C3NC(=O)C3(C)C)CC2)ncn1",333.1800895960001,"Screening"
"C=CC(=O)N1CCC(C(=O)N2Cc3ccncc3C2)(c2ccccc2)CC1",361.179026976,"Screening"
"C=CC(=O)N(C)C[C@@H]1C[C@H](F)CN1c1ccnc(N(C)C)n1",307.18083854400004,"Screening"
"C=CC(=O)N(C)CC(=O)Nc1cc2c(cc1OCC)CC(C)O2",318.157957184,"Screening"
"C=CC(=O)N(C)CC(=O)N1CCCC1Cc1cccc2ccccc12",336.183778008,"Screening"
"C=CC(=O)N(C)CC(=O)N(Cc1ccccc1Cl)C1CCCC1",334.144805656,"Screening"
"C=CC(=O)N(C)CC(=O)N1CCN(c2nc(C)cc(OCC)n2)CC1",347.19573966,"Screening"
"C=CC(=O)N(C)CC(=O)N(C)C1CCN(c2cc(C)nc(C(C)C)n2)CC1",373.24777523200004,"Screening"
"C=CC(=O)N(C)CC(=O)N1CCCC(C)(c2ccccc2)C1",300.183778008,"Screening"
"C=CC(=O)N(C)CC(=O)Nc1ccc(NCC2CCCO2)c(F)c1",335.164519784,"Screening"
"C=CC(=O)N(C)CC(=O)N1CCCCC1c1nc(-c2ccc(C)cc2)c[nH]1",366.205576072,"Screening"
"C=CC(=O)N(C)CC(=O)NC(C)c1c(C)nn(CC(F)(F)F)c1C",346.161660572,"Screening"
"C=CC(=O)N(C)CC(=O)N1CCC(=Cc2ccc(F)c(F)c2)CC1",334.14928432,"Screening"
"C=CC(=O)N(C)CC(=O)N1CCOc2c(Br)cccc2C1",352.042254504,"Screening"
"C=CC(=O)N(C)CC(=O)N1CCC(F)(c2cccc(C(F)(F)F)c2)C1",358.130440696,"Screening"
"CC(=Cc1ccccc1)CN1CCC(C2NC(=O)C2(C)C)CC1",312.22016351599996,"Screening"
"CCOc1ccc(-c2[nH]c3ccccc3c2C=O)cc1",265.11027872,"Screening"
"O=C(CCl)Nc1nc(-c2ccc(Cl)cc2)ns1",286.968688204,"Screening"
"COc1ccc(OC)c(-c2nc3ncccn3c2C=O)c1",283.095691276,"Screening"
"O=C(Cc1cnc2ccccc2c1)NC1CN(c2ccccc2)C1=O",331.132076784,"Screening"
"Cc1cccc(C2CCCN2C(=O)Nc2ccc(N3CCC3=O)cc2)c1",349.179026976,"Screening"
"N#CN(CC(=O)N1CCC(c2ccccc2)=N1)c1ccc(F)cc1",322.12298932000004,"Screening"
"C=CC(=O)N1CCC(C(=O)N(CCC)Cc2ccc(C#N)cc2)CC1",339.19467704000004,"Screening"
"C=CC(=O)N1CCC(C(=O)N2CCN(C(=O)Cc3ccccc3C)CC2)CC1",383.220891788,"Screening"
"C=CC(=O)N1CCC(C(=O)N(C)CCOc2ccc(F)cc2)CC1",334.16927081600005,"Screening"
"C=CC(=O)N1CCC(C(=O)NCC2Cc3ccccc3O2)CC1",314.16304256399997,"Screening"
"C=CC(=O)N1CCC(C(=O)NC2(C(=O)OCC)CCCCC2)CC1",336.204907376,"Screening"
"C=CC(=O)N1CCC(C(=O)N(CC)C(CC)c2ccncc2)CC1",329.210327104,"Screening"
"C=CC(=O)N1CCC(C(=O)N2CCCN(C(=O)Cc3cccc(F)c3)CC2)CC1",401.211469976,"Screening"
"C=CC(=O)N1CCC(C(=O)NC(C)c2cccc(N3CCOC3=O)c2)CC1",371.18450627999994,"Screening"
"C=CC(=O)Nc1ccc(C(=O)NC(CC(F)(F)F)C(C)C)cc1",328.139862508,"Screening"
"C=CC(=O)N1CCC(C(=O)Nc2n[nH]c3cc(OC)ccc23)CC1",328.15354049999996,"Screening"
"C=CC(=O)NCCC(=O)N1CCCC(c2nc3ccccc3o2)C1",327.15829153199996,"Screening"
"C=CC(=O)NCCC(=O)NC(C)c1ccc2c(c1)CCCC2",300.183778008,"Screening"
"C[C@@H](NC(=O)Nc1cccc(N2CCC2=O)c1)c1ccccc1",309.147726848,"Screening"
"C=CC(=O)NCCC(=O)N1CCC(Nc2ccccc2Cl)CC1",335.140054624,"Screening"
"C=CC(=O)NCCC(=O)NC1CCN(c2ccc(F)cc2F)C1",323.144533288,"Screening"
"C=CC(=O)NCCC(=O)Nc1ccc2oc(CC(C)(C)C)nc2c1",329.1739415960001,"Screening"
"C=CC(=O)NCCC(=O)NCC(O)c1cc(OC)ccc1OC",322.152871804,"Screening"
"C=CC(=O)NCCC(=O)NC1(c2ccc(C(C)(C)C)cc2)CCC1",328.215078136,"Screening"
"O=C[C@H](O)[C@@H](O)[C@H](O[C@H]1O[C@H](CO)[C@@H](O)[C@H](O)[C@H]1O)[C@H](O)CO",342.11621152399994,"Screening"
"O=C(CCl)NCCOc1ccc(Cl)c(Cl)c1",280.97771159999996,"Screening"
"C=CC(=O)N1CCC(C(=O)Nc2ccc(-c3cnn(C)c3)c(C)n2)CC1",353.18517497600004,"Screening"
"C=CC(=O)N[C@@H](Cc1ccccc1)C(=O)N(C)c1ccccc1",308.15247788,"Screening"
"C=CC(=O)N(C)CC1CCN(C(=O)Nc2ccc(F)cc2)CC1",319.16960516399996,"Screening"
"C=CC(=O)NCc1cccc(-c2nc(CC(F)(F)F)no2)c1",311.08816128399997,"Screening"
"C=CC(=O)N1CC(NC(=O)C(F)(F)F)CCC1C(F)(F)F",318.080296944,"Screening"
"Cc1nn(-c2cccc(F)c2)cc1C(=O)N1CCC(C2NC(=O)C2(C)C)CC1",384.19615426,"Screening"
"C=CC(=O)NCCNC(=O)c1nn(-c2c(C)cccc2F)c2c1CCC2",356.164854132,"Screening"
"C=CC(=O)NCCC(=O)Nc1cccc(C2CCN(Cc3ccccc3)CC2)c1",391.225977168,"Screening"
"COC(=O)C1(CNC(=O)c2cnn3ccc(C=O)cc23)CC1",301.10625596000006,"Screening"
"Cc1nn(CC2CC2)c(C)c1CC(=O)Nc1ccc(S(=O)(=O)F)cc1",365.1209407199999,"Screening"
"C=CC(=O)N1CCC(C(=O)Nc2cc(F)cc(N3C[C@@H](C)O[C@@H](C)C3)c2)CC1",389.21146997599993,"Screening"
"C=CC(=O)N1CCC(C(=O)Nc2ccc(N(C)C)c(C)c2)(c2ccccc2)CC1",391.225977168,"Screening"
"C=CC(=O)N1CCC(C(=O)Nc2ccc(OC)c(C)c2)(c2ccccc2)CC1",378.194342692,"Screening"
"C=CC(=O)N1CCC(C(=O)NCC(O)c2cccnc2)(c2ccccc2)CC1",379.18959166,"Screening"
"C=CC(=O)N1CCC(C(=O)N2CCC(c3cccnc3)C2)(c2ccccc2)CC1",389.210327104,"Screening"
"C=CC(=O)NCCC(=O)N1CCOC[C@@H]1Cc1ccccc1",302.163042564,"Screening"
"Cc1c(C(=O)O)cccc1-n1c(C)cc(C=O)c1C",257.10519334,"Screening"
"C=CC(=O)Nc1cc(NC(=O)CC2CCc3ccccc32)ccc1F",338.143056068,"Screening"
"C=CC(=O)Nc1cc(NC(=O)Cc2c(C)nc3c(c2C)c(=O)[nH]n3C)ccc1F",397.15501772,"Screening"
"CCCn1nnnc1CN(C#N)c1ccc(F)c(C#N)c1",285.113821604,"Screening"
"N#CN(Cc1cccc(C(=O)NCc2ccco2)c1)c1ccc(F)c([N+](=O)[O-])c1",394.10773317999997,"Screening"
"C=CC(=O)N1CCC(C(=O)N2CCCC(CC(=O)OC(C)C)C2)CC1",350.22055744,"Screening"
"O=C(COc1ccccc1O)NC1CN(c2ccc(F)cc2)C1=O",330.10158518000003,"Screening"
"CC(=O)N[C@@H](CC(C)C)C(=O)NC1CN(c2ccc(F)cc2)C1=O",335.16451978399994,"Screening"
"C=CC(=O)N1CCN(S(=O)(=O)N2CCN(C)CC2)CC1",302.141261564,"Screening"
"C=CC(=O)NC1CCN(C(=O)Cc2ccccc2OC)CC1",302.163042564,"Screening"
"C=CC(=O)NCc1ccc(C(=O)N2CCN(C3CC3)c3c(Cl)cccc32)cc1",395.14005462399996,"Screening"
"C=CC(=O)NCCC(=O)N1CCN(S(=O)(=O)c2csc(C)n2)CC1",372.09259712,"Screening"
"CCCn1nnnc1CN(C#N)c1ccc(F)c(Br)c1",338.02908470399996,"Screening"
"CC(C)(C)C(=O)NCC1CCCN(CN2C(=O)C(C)(C)C2(C)C)C1",337.27292736,"Screening"
"C=CC(=O)N1CCC(C(=O)N2CC(C)(C)N(C)c3ccc(Br)cc32)CC1",419.120839172,"Screening"
"CCCCNC(=O)C(C#N)=Cc1nc(C(C)C)n2ccccc12",310.179361324,"Screening"
"CC(C)(C)OCc1cc(C(=O)NC2CN(c3ccccc3)C2=O)no1",343.153206152,"Screening"
"CC1Cc2cc([N+](=O)[O-])ccc2N1CN1C(=O)C2CCCC21",301.142641468,"Screening"
"C=C(Cl)CN(C#N)c1ccc(F)c(C#N)c1",235.031253124,"Screening"
"CCCNC(=O)CN(C#N)c1ccc(F)c(Br)c1",313.022602356,"Screening"
"C=CC(=O)N1CCC(C(=O)N2CCC(O)(Cc3cccc(C)c3)CC2)CC1",370.22564282,"Screening"
"COCC(C)n1c(C)cc(C=C(C#N)C(=O)NCc2c[nH]nn2)c1C",342.18042394400004,"Screening"
"COc1ccc(N(C#N)Cc2coc(-c3ccccc3)n2)cc1",305.11642672000005,"Screening"
"COc1ccc(N(C#N)CCCC#N)cc1",215.105862036,"Screening"
"N#CN(CC(=O)N(C1CCCC1)C1CC1)c1cccc(Cl)c1",317.12948994,"Screening"
"COc1ccc(N(C#N)CCCF)cc1",208.101191256,"Screening"
"CC(C)n1ccc(NS(=O)(=O)c2cccc(S(=O)(=O)F)c2)n1",347.04097614799997,"Screening"
"C=CC(=O)N1CCC(C(=O)Nc2ccc(OC(F)F)c3cccnc23)CC1",375.1394479080001,"Screening"
"C=CC(=O)NCCC(=O)N1CCN(c2c(F)cccc2OC)CC1",335.16451978399994,"Screening"
"CCCCNC(=O)C(C#N)=Cc1nc(CC)n2ccccc12",296.16371126,"Screening"
"C=CC(=O)N1CCC(C(=O)N2CCCC2(Cc2ccccc2)C(=O)OCC)CC1",398.22055743999994,"Screening"
"Cc1ccc2c(c1)C(=O)N(CC(=O)Nc1ccc(S(=O)(=O)F)cc1)C2=O",376.052920736,"Screening"
"CC(CS(C)(=O)=O)NCc1cccc(N2CCC2=O)c1",296.1194635,"Screening"
"Cc1ccc(F)c(N(C#N)CCN2C(=O)CCC2=O)c1",275.10700490799996,"Screening"
"O=Cc1cccn1-c1ncc(C(F)(F)F)cc1Cl",274.012075152,"Screening"
"C=CC(=O)N1CCC(C(=O)NC2CCOc3c2ccc(Cl)c3Cl)CC1",382.08509785999996,"Screening"
"CN1C(=O)CN(S(=O)(=O)C=Cc2ccc(Br)cc2)C1c1ccccc1",420.014325504,"Screening"
"CCc1nnc(C2CN(S(=O)(=O)C=Cc3ccc(Cl)cc3)CCO2)o1",383.07065473599994,"Screening"
"O=S(=O)(C=Cc1ccccc1Cl)N1CCC(O)(c2nc(C3CC3)no2)C1",395.070654736,"Screening"
"C=CC(=O)N1CCC(C(=O)N2CCC(O)(c3ccccc3C(F)(F)F)CC2)CC1",410.18172732000005,"Screening"
"C=CC(=O)Nc1cc(NC(=O)C2CCCN(C(=O)CCC)C2)ccc1F",361.180169848,"Screening"
"Cc1cc(C(=O)N(C2CC2)C2CCS(=O)(=O)C2)sc1C=O",327.059900024,"Screening"
"C=CC(=O)N1CCC(C(=O)N(C)CC(=O)OC(C)(C)C)CC1",310.189257312,"Screening"
"Cc1cscc1NS(=O)(=O)c1cccc(S(=O)(=O)F)c1",334.97559901999995,"Screening"
"C=CC(=O)NCCC(=O)N1CCC(C)Sc2ccccc21",304.12454888,"Screening"
"CCOC(=O)c1c(-c2ccccc2)csc1NC(=O)C(C#N)=Cc1ccc(O)c(OC)c1",448.10929273999994,"Screening"
"CC(NC(=O)C(C#N)=Cc1cc(Br)c(O)c(Br)c1)c1ccccc1",447.94220188799994,"Screening"
"COc1cc(C=C(C#N)C(=O)Nc2cc(C(F)(F)F)ccc2Cl)cc(Br)c1O",473.95936665199997,"Screening"
"CCCCCCCCNC(=O)C(C#N)=Cc1ccc(O)c(OC)c1",330.19434269199996,"Screening"
"CCOCCCNC(=O)C(C#N)=Cc1ccc(O)c(Br)c1",352.042254504,"Screening"
"Cc1cc(C=C(C#N)C(=O)NCc2ccco2)cc(C)c1O",296.11609237199997,"Screening"
"CCOC(=O)c1[nH]c2ccc(Br)cc2c1C=O",294.98440528,"Screening"
"C=CC(=O)Nc1cc(NC(=O)CCCNC(=O)C2CC=CCC2)ccc1F",373.180169848,"Screening"
"C=CC(=O)N1CCC(C(=O)Nc2cnn(-c3ccccc3Br)c2)C1",388.053487884,"Screening"
"C=CC(=O)N1CCC(C(=O)N2CCN(C(=O)Nc3ccc(Br)cc3)CC2)C1",434.095352696,"Screening"
"C=CC(=O)N1CCCc2c(C(=O)N3CSCC3C(=O)NCCC(C)C)cccc21",415.19296278800005,"Screening"
"C=CC(=O)N1CCCC1C(=O)Nc1ccc(Br)cc1OC(F)F",388.02341088000003,"Screening"
"C=CC(=O)N1CCCC1C(=O)N1CCc2c(cccc2NC(=O)Nc2ccc(F)cc2)C1",436.19106888000005,"Screening"
"C=CC(=O)N1CCCC1C(=O)NC(C)c1nnc(COC(C)C)s1",352.156911628,"Screening"
"C=CC(=O)N1CCCC1C(=O)N(Cc1ccc(Cl)c(Cl)c1)C(C)C",368.105833304,"Screening"
"C=CC(=O)Nc1ccc(CC(=O)NC(C)(C)c2cc(Cl)ccc2OC)cc1",386.139720276,"Screening"
"C=CC(=O)Nc1ccc(CC(=O)Nc2ccc(-c3cc(C(F)(F)F)nn3C)cc2)cc1",428.1460105080001,"Screening"
"C=CC(=O)Nc1ccc(CC(=O)NC(c2nnn[nH]2)c2cc(F)ccc2F)cc1",398.130280192,"Screening"
"C=CC(=O)Nc1ccc(CC(=O)Nc2ccc(Oc3ccnc(C)n3)cc2)cc1",388.1535405000001,"Screening"
"C=CC(=O)Nc1ccc(CC(=O)Nc2ccccc2OCCC(C)C)cc1",366.194342692,"Screening"
"C=CC(=O)N1CC(CC(=O)NC2(c3nc(-c4ccsc4)no3)CCCCC2)C1",400.156911628,"Screening"
"C=CC(=O)N1CC(CC(=O)Nc2cnn(-c3ccccc3Cl)c2C(C)C)C1",386.150953656,"Screening"
"C=CC(=O)N1CC(CC(=O)N2CC=C(c3c[nH]c4ccc(OC)cc34)CC2)C1",379.18959165999996,"Screening"
"C=CC(=O)N1CC(CC(=O)NC(C)c2cnn(-c3ccc(F)cc3)c2C)C1",370.180504196,"Screening"
"C=CC(=O)N1CC(CC(=O)NC(C)COc2ccc(C)cc2)C1",316.178692628,"Screening"
"C=CC(=O)N1CC(CC(=O)Nc2ccc(OC)c(NC(=O)Nc3ccccc3OC)c2)C1",438.19031993199997,"Screening"
"C=CC(=O)Nc1cccc(CC(=O)N2CCCC(CNS(=O)(=O)C3CC3)C2)c1",405.17222734399996,"Screening"
"C=CC(=O)Nc1cccc(CC(=O)NCc2nnc(S)n2CC)c1",345.125945848,"Screening"
"C=CC(=O)NCc1ccccc1CC(=O)Nc1ccccc1C(=O)N1CCC(C(N)=O)CC1",448.211055376,"Screening"
"C=CC(=O)NCc1ccccc1CC(=O)NCc1ncc2c(n1)CCC2",350.174275944,"Screening"
"C=CC(=O)NCc1ccccc1CC(=O)NC(C)c1cccc2ccccc12",372.183778008,"Screening"
"C=CC(=O)NCc1ccccc1CC(=O)N1CCCC1c1ccccc1Cl",382.144805656,"Screening"
"C=CC(=O)NCc1ccccc1CC(=O)Nc1cccc(C(=O)N2CCCC(O)C2)c1",421.200156344,"Screening"
"C=CC(=O)NCc1ccccc1CC(=O)N1CCc2c(nc[nH]c2=O)C1",352.1535405,"Screening"
"C=CC(=O)NCc1ccccc1CC(=O)Nc1cccc(-c2cn3cccnc3n2)c1",411.1695249120001,"Screening"
"C=CC(=O)NCc1ccccc1CC(=O)NCCc1nnc2c(=O)[nH]ccn12",380.1596885,"Screening"
"C=CC(=O)Nc1ccc(CCC(=O)N2CCN(c3ccc(C(F)(F)F)cc3[N+](=O)[O-])CC2)cc1",476.16713987599996,"Screening"
"C=CC(=O)Nc1ccc(CCC(=O)N(Cc2cc(F)cc(F)c2)C2CC2)cc1",384.164934384,"Screening"
"C=CC(=O)Nc1ccc(CCC(=O)N(C2CC2)C2CCc3ccccc32)cc1",374.199428072,"Screening"
"C=CC(=O)Nc1ccc(CCC(=O)Nc2cnn(-c3ccccc3S(C)(=O)=O)c2)cc1",438.1361761839999,"Screening"
"C=CC(=O)Nc1ccc(CCC(=O)Nc2ccc(Sc3nncs3)c(Cl)c2)cc1",444.04814546400013,"Screening"
"C=CC(=O)Nc1ccc(CCC(=O)N2CCS(=O)C(C)(C)CC2)cc1",362.166413692,"Screening"
"C=CC(=O)N1CCCC1c1cccc(C(=O)NC(C)CCc2ccccc2)c1",376.215078136,"Screening"
"NC(=O)c1cccc(CN(CC2(O)CCCC2)C(=O)CCl)c1",324.124070212,"Screening"
"Cn1ccc(CN(C[C@H]2C[C@@H](c3ccccc3)CO2)C(=O)CCl)n1",347.140054624,"Screening"
"CC(C)(C)c1cc(CN(C(=O)CCl)C2Cc3ccccc3C2)no1",346.144805656,"Screening"
"Cc1c(CN(CC2COCCO2)C(=O)CCl)ccc2c1CCC2",337.144471308,"Screening"
"O=C1NCCc2ccc(N(Cc3ccc4c(c3)CCOC4)C(=O)CCl)cc21",384.124070212,"Screening"
"Cn1nccc1CCN(Cc1nc(C2CC2)cs1)C(=O)CCl",338.096809908,"Screening"
"CC(C)C(C)N(Cc1ccc2scnc2c1)C(=O)CCl",310.090661908,"Screening"
"Cc1c(CN(Cc2cocn2)C(=O)CCl)sc2ccccc12",334.0542764,"Screening"
"COc1cc(-n2cccn2)ccc1CN(C(=O)CCl)C(C)CC#N",346.1196535280001,"Screening"
"Cc1cccc(F)c1CN(C(=O)CCl)C1CC(F)(F)C1",305.07942644,"Screening"
"COc1cc(Cl)ccc1CN(CC(F)(F)CO)C(=O)CCl",341.03970513999997,"Screening"
"COc1ccccc1C(NC(=O)C1CO1)c1ccccc1Cl",317.081871052,"Screening"
"CC(C)C1c2ccccc2CCN1C(=O)C1CO1",245.141578848,"Screening"
"C[C@@H](NC(=O)C1CO1)c1cc(Cl)ccc1Cl",259.016683952,"Screening"
"CC(NC(=O)C1CO1)c1nc(-c2ccc(C#N)cc2)cs1",299.072847656,"Screening"
"O=C(NCc1cc2c(cc1OC(F)F)OCO2)C1CO1",287.060528892,"Screening"
"CC(c1ccccc1)N1CCN(C(=O)C2CO2)CC1",260.15247788,"Screening"
"O=C(C1CO1)N(Cc1ccc(-n2cccn2)cc1)C1CC1",283.132076784,"Screening"
"O=C(NC1(c2ccccc2F)CCCC1)C1CO1",249.116506972,"Screening"
"O=C(C1CO1)N1Cc2cc(Cl)ccc2CC1c1ccccc1",313.08695643199997,"Screening"
"O=C(C1CO1)N1CCC(O)(Cc2ccc(OC(F)(F)F)cc2)CC1",345.118792716,"Screening"
"CC(C)(NC(=O)C1CO1)c1ccc(OC(F)(F)F)cc1",289.092577968,"Screening"
"N#CC(c1ccccc1)C1CCN(C(=O)C2CO2)CC1",270.136827816,"Screening"
"O=C(c1ccc2ccccc2c1)N1CCCN(C(=O)C2CO2)CC1",324.14739249999997,"Screening"
"O=C(NC(Cc1ccccc1)c1nc2ccccc2o1)C1CO1",308.11609237199997,"Screening"
"O=C(N[C@@H]1C[C@H]1c1ccc(C(F)(F)F)cc1)C1CO1",271.08201328399997,"Screening"
"COc1cc(C(C)NC(=O)C2CO2)cc2ccccc12",271.120843404,"Screening"
"CN1CCCC(NC(=O)C2CO2)c2ccccc21",246.136827816,"Screening"
"O=C(C1CO1)N1CCc2cc(OCC(F)(F)F)ccc2C1",301.092577968,"Screening"
"O=C(NC1CC2(C1)CC(OCc1ccccc1)C2)C1CO1",287.152143532,"Screening"
"C=CC(=O)N1CCN(C(=O)c2cc(NC(C)=O)cc(C(F)(F)F)c2)[C@@H](C)C1",383.14567616,"Screening"
"C=CC(=O)N1CCC(C(=O)NCc2cc3c(s2)CCSC3)CC1",350.11226994400005,"Screening"
"C=CC(=O)N1CCC(C(=O)N2CCC(NC(=O)c3cc(C)oc3C)CC2)CC1",387.215806408,"Screening"
"C=CC(=O)N1CCN(C(=O)c2nc(-c3ccc(OC)cc3)oc2C)[C@@H](C)C1",369.168856216,"Screening"
"C=CC(=O)N1CCCC(C(=O)N[C@H](C)c2coc3c(F)cccc23)C1",344.15362075200005,"Screening"
"C=CC(=O)N1CCCC(C(=O)NC2(C(N)=O)CCOc3ccccc32)C1",357.16885621600005,"Screening"
"C=CC(=O)N1CCCC(C(=O)N(C)C2CCN(c3cc(C)nc(C)n3)CC2)C1",385.24777523200004,"Screening"
"C=CC(=O)NCC(=O)NCC1CCN(c2ccccc2Cl)C1",321.12440456,"Screening"
"C=CC(=O)NCC(=O)N1CCC(Nc2ncccc2Cl)CC1",322.119653528,"Screening"
"C=CC(=O)NCC(=O)N1CCOC(c2ccccc2C(F)(F)F)C1",342.11912706400005,"Screening"
"C=CC(=O)NCC(=O)N1CCC(n2c(=O)oc3ccccc32)C1",315.12190602400005,"Screening"
"C=CC(=O)NCC(=O)N1CC(C)CC2(C1)OC(=O)Nc1ccc(Cl)c(F)c12",395.10481198800005,"Screening"
"C=CC(=O)NCC(=O)NC1CCCc2c1cnn2Cc1ccccc1",338.174275944,"Screening"
"C=CC(=O)NCC(=O)N1CCCCC1C(=O)Nc1ccc(Cl)cc1Cl",383.080346828,"Screening"
"C=CC(=O)NCC(=O)Nc1c(C(C)C)n(C)n(-c2ccccc2)c1=O",342.16919056399996,"Screening"
"C=CC(=O)N[C@@H]1CN(C(=O)c2ccccc2OC2CCC2)C[C@H]1C1CC1",354.194342692,"Screening"
"C=CC(=O)NCc1ccc(CNC(=O)C(C)n2cc(Cl)cn2)c(F)c1",364.11023171600004,"Screening"
"C=CC(=O)N1CCN(C(=O)C2CCN(C(=O)Nc3cccc(C)c3)CC2)[C@@H](C)C1",398.23179081999996,"Screening"
"O=Cc1cn(C(F)(F)C(F)OC(F)(F)F)c2ccccc12",311.03809778400006,"Screening"
"C=CC(=O)N(C)CC(=O)N1C[C@H](O)C[C@H]1c1ccc(C(F)(F)F)cc1",356.13477712800005,"Screening"
"C=CC(=O)Nc1ccc(C(=O)N(C)CC(O)c2ccc(O)c(C)c2)cc1",354.157957184,"Screening"
"C=CC(=O)Nc1ccc(C(=O)N2CC(OCCS(N)(=O)=O)C2)cc1",353.104541708,"Screening"
"C=CC(=O)Nc1ccc(C(=O)NCc2nnc3c(=O)n(C)ccn23)cc1",352.128388372,"Screening"
"C=CC(=O)Nc1ccc(C(=O)N(C)Cc2ccc(OC)c(O)c2)cc1",340.14230712,"Screening"
"C=CC(=O)Nc1ccc(C(=O)NCCn2nc(C(F)(F)F)cc2C)cc1",366.130360444,"Screening"
"C=CC(=O)Nc1ccc(C(=O)N2CCc3c(cc(F)cc3C(=O)OC)C2)cc1",382.13288530799997,"Screening"
"C=CC(=O)N(C)CC(=O)NCC(c1ccc(Cl)cc1)n1cccn1",346.1196535280001,"Screening"
"C=CC(=O)N(C)CC(=O)NC1CCCc2ccc(Br)cc2C1",364.07864001200005,"Screening"
"C=CC(=O)N(C)CC(=O)NCc1ccc(-c2ccsc2)nc1",315.1041477840001,"Screening"
"C=CC(=O)N(C)CC(=O)N1CCc2ccccc2[C@@H]1c1ccccc1",334.168127944,"Screening"
"C=CC(=O)Nc1cccc(C(=O)Nc2nn(CC(F)F)c3ccccc23)c1",370.124132192,"Screening"
"C=CC(=O)Nc1cccc(C(=O)NC(C)c2c(OC)nsc2OC)c1",361.109627088,"Screening"
"CC(C)NC(=O)C(C#N)=Cc1cnc2ccc(Br)cn12",332.027273136,"Screening"
"C=CC(=O)NCc1ccc(C(=O)OCCCn2nc3ccccn3c2=O)cc1",380.14845512,"Screening"
"COc1cc(C=O)ccc1OCCC(=O)N(C)Cc1cc(C)on1",332.13722174,"Screening"
"N#CC(=Cc1cnc2ccccn12)C(=O)NCc1ccccc1",302.116761068,"Screening"
"COCCC(C)(C)C(=O)NC1CN(c2ccc(F)cc2)C1=O",308.153620752,"Screening"
"COc1ccc(C=O)cc1OCC1CCN(C(=O)c2ccccc2)C1",339.147058152,"Screening"
"COc1ccc(N(C#N)CC2CCN(C(=O)C(C)(C)C)CC2)cc1Cl",363.17135475199996,"Screening"
"Cc1ccn2c(C=C(C#N)C(=O)NCCCOC(C)C)cnc2c1",326.174275944,"Screening"
"O=C(CCCNC(=O)c1ccccc1)Nc1ccc(S(=O)(=O)F)cc1",364.089306244,"Screening"
"C=CC(=O)NCc1ccc(C(=O)N2CC(C)C(N3CCOCC3)C2)cc1",357.205241724,"Screening"
"Cc1ccc(C=CS(=O)(=O)N(Cc2ccccc2)c2ccc3[nH]c(=O)[nH]c3c2)cc1",419.13036253200005,"Screening"
"O=C1C2CCCC2N1CN1CCCc2cc(F)cc(F)c21",292.13871963599996,"Screening"
"O=S(=O)(C=Cc1ccccc1Cl)Nc1nc2cc(Br)ccc2[nH]1",410.94438737200005,"Screening"
"Cc1ccoc1C=C(C#N)C(=O)Nc1ccc(C(=O)N(C)C)cc1",323.126991404,"Screening"
"Cc1nc(CN(C#N)c2ccc(F)c(C#N)c2)no1",257.071288096,"Screening"
"C=CC(=O)N1CCC(C(=O)Nc2ccc(C(=O)N3CCC(C)CC3)cc2C)CC1",397.236541852,"Screening"
"C=CC(=O)Nc1cc(NC(=O)c2n[nH]c3ccccc3c2=O)ccc1F",352.097168496,"Screening"
"C=CC(=O)Nc1cc(NC(=O)CC(NC(N)=O)c2ccccc2)ccc1F",370.144118688,"Screening"
"C=CC(=O)Nc1cc(NC(=O)c2ccccc2Cn2cncn2)ccc1F",365.128802972,"Screening"
"C=CC(=O)Nc1cc(NC(=O)CCN2C(=C)c3ccccc3C2=O)ccc1F",379.13321965599994,"Screening"
"Cc1noc(C)c1CN(C#N)c1ccc(F)c(C#N)c1",270.09168919200005,"Screening"
"COc1ccc(CNC(=O)CN(C#N)c2ccccc2)cc1",295.132076784,"Screening"
"COC(=O)c1ccoc1CN(C#N)c1ccc(F)c(C#N)c1",299.07061940000006,"Screening"
"Cc1cc(CC(=O)NC2CN(c3ccc(F)cc3)C2=O)no1",303.101919528,"Screening"
"Cc1ccc(S(=O)(=O)C2(C(=O)NC3CN(c4ccccc4)C3=O)CCCC2)cc1",412.14567824799997,"Screening"
"C=CC(=O)N1CCC(C(=O)Nc2cc3c(cc2OC)CCC(=O)N3)CC1",357.16885621600005,"Screening"
"C=CC(=O)N1CC2(CCCC2)c2cc3c(cc2C1C)OCCO3",313.167793596,"Screening"
"C=CC(=O)NCc1ccccc1CN1CCN(c2ccccc2)CC1",335.19976242,"Screening"
"C=CC(=O)N1CCCC(CNS(=O)(=O)c2ccc(C)cc2)C1",322.135113564,"Screening"
"C=CC(=O)NC1CCN(CCOc2ccc(Cl)cc2)CC1",308.129155592,"Screening"
"CC1CN(C(=O)c2csc(C=O)c2)CC(C)O1",253.07726434,"Screening"
"Cc1cc(C(=O)N2CCN(C(=O)Cc3ccccn3)CC2)sc1C=O",357.114712468,"Screening"
"O=C(NC1CN(c2ccccc2)C1=O)c1ccn(C2CCCCC2)n1",338.174275944,"Screening"
"COc1cc(Br)c(C=C(C#N)C(=O)NCc2ccccc2)c(OC)c1",400.042254504,"Screening"
"C=CC(=O)N1CCC(C(=O)NC(C(=O)OCC)c2ccc(Cl)cc2)CC1",378.134634896,"Screening"
"Cc1c(C=C(C#N)C(=O)NC2CCCC3OCCC23)cc(C#N)n1C",338.17427594400004,"Screening"
"Cc1ccc(C)c(C2CN(CN3C(=O)C4CCCC43)C(C)CO2)c1",328.21507813599993,"Screening"
"Cc1ccc(F)c(N(C#N)CCCC#N)c1",217.101525604,"Screening"
"Cc1cc(C=O)c(C)n1-c1cc(C(F)(F)F)ccc1N1CCOCC1",352.139862508,"Screening"
"Cc1noc(C)c1COc1ccc(C=C(C#N)C(=O)NC2CC2)cc1",337.142641468,"Screening"
"N#CC(=Cc1cnn(-c2ccc(Cl)cc2)c1)C(=O)Nc1ccc(S(N)(=O)=O)cc1",427.05058798799996,"Screening"
"Cc1ccc(C(NC(=O)C2CCN(S(=O)(=O)c3cccnc3Cl)CC2)C(F)(F)F)cc1",475.09442487200005,"Screening"
"C=CC(=O)Nc1ccc(C(=O)NC(C)c2ccc(-c3ccccc3)cc2)cc1",370.168127944,"Screening"
"Cc1cc(C=C(C#N)C(=O)Nc2ccc(=O)n(C)c2)c(C)n1CC(C)C",352.189926008,"Screening"
"CC(C)n1cc(C(=O)Nc2ccc(N3CCC3=O)cc2)cn1",298.142975816,"Screening"
"CCNc1nc(C(=O)Nc2ccc(N3CCC3=O)cc2)cs1",316.09939675199996,"Screening"
"CC1CCCC(C)N1C(=O)COc1ccc(C(=O)Nc2ccc(N3CCC3=O)cc2)cc1",435.21580640800005,"Screening"
"COc1cc(Cl)c(C)cc1NC(=O)C(C#N)=Cc1cnc2ccsc2c1",383.04952536800005,"Screening"
"N#CC(=Cc1ccc(F)cc1)C(=O)NCCc1cccc(Cl)c1",328.07786896799996,"Screening"
"COCCOc1ccc(C=C(C#N)C(=O)NC(N)=O)cc1",289.10625596000006,"Screening"
"O=S(=O)(C=Cc1ccccc1)Nc1ccc(SCc2cccnc2)cc1",382.080969816,"Screening"
"Cc1ccc(C=CS(=O)(=O)NCC(=O)OCC(=O)Nc2sc3c(c2C#N)CCC3)cc1",459.0922627720001,"Screening"
"COCCNC(=O)C(C#N)=Cc1ccc(C(F)(F)F)cc1",298.092912316,"Screening"
"COc1cc(Cl)c(C)cc1NC(=O)C(C#N)=Cc1c(C)n[nH]c1C",344.1040034640001,"Screening"
"COc1ccc(-n2c(C)cc(C=C(C#N)C(=O)NCc3nnc4ccccn34)c2C)cc1",426.18042394400004,"Screening"
"N#CC(=Cc1c(Cl)nc(Cl)n1-c1ccccc1)C(=O)Nc1ccc(C(=O)O)cc1",426.02864560399996,"Screening"
"CCCn1c(C)cc(C=C(C#N)C(=O)NCC(F)(F)F)c1C",313.140196856,"Screening"
"CCCn1c(C)cc(C=C(C#N)C(=O)NCc2nc(C)cs2)c1C",342.15143232400004,"Screening"
"O=Cc1ccc(C(=O)OCC(=O)Nc2ccccc2OC(F)F)cc1",349.07617895600004,"Screening"
"CCCCc1ccc(NC(=O)COC(=O)c2ccc(C=O)cc2)cc1",339.147058152,"Screening"
"O=Cc1ccc(C(=O)OCC(=O)Nc2ccccc2C(F)(F)F)cc1",351.071842524,"Screening"
"O=Cc1ccc(C(=O)OCC(=O)NC(=O)Nc2ccccc2F)cc1",344.080849736,"Screening"
"Cn1c(N)c(C(=O)COC(=O)c2ccc(C=O)cc2)c(=O)n(C)c1=O",345.0960852,"Screening"
"CC(=O)Nc1ccc(NC(=O)C(C)OC(=O)c2ccc(C=O)cc2)cc1",354.121571676,"Screening"
"CC(=O)c1ccc(NC(=O)C(C)OC(=O)c2ccc(C=O)cc2)cc1",339.110672644,"Screening"
"C=CC(=O)NCCC(=O)N1CCC(F)(c2ccccc2Cl)C1",324.104083716,"Screening"
"O=Cc1ccc(OCC(=O)NC(=O)NC2CCCCC2)cc1",304.14230712,"Screening"
"Cc1cc(C(=O)COC(=O)c2cccnc2Cl)c(C)n1-c1c(C)n(C)n(-c2ccccc2)c1=O",478.1407828960001,"Screening"
"N#CC(=CN1CCN(c2ccccc2)CC1)C(=O)NCCc1ccccc1",360.195011388,"Screening"
"COc1ccc(NC(=O)C(C#N)=Cc2cnc3c(c2)c(C)nn3C2CCS(=O)(=O)C2)cc1",451.131425152,"Screening"
"CC(C)n1c(S)nnc1CCNC(=O)c1ccc(C=O)cc1",318.11504681599996,"Screening"
"CCN(CC)C(=O)CCN1C(=O)C(Oc2ccccc2)C1c1ccsc1",372.15076362800005,"Screening"
"CC(C(=O)N1CCc2ccccc21)N1CCN(S(=O)(=O)C=Cc2ccccc2)CC1",425.177312724,"Screening"
"CC(NC(=O)C(C#N)=Cc1nc(-c2ccccc2)cs1)c1ccccc1",359.109233164,"Screening"
"COc1ccc(Cl)cc1C=C(C#N)C(=O)Nc1ccc(C(=O)O)cc1",356.05638457599997,"Screening"
"N#CC(=Cc1ccc(CSC(F)F)o1)C(=O)Nc1nccs1",341.01042496800005,"Screening"
"C=CC(=O)NCc1ccc(C(=O)Nc2ccc3c(c2)OCCN3C)cc1",351.1582915320001,"Screening"
"CCN(CC(=O)Nc1ccc2c(c1)OCCO2)C(=O)Cn1cc(C=O)c2ccccc21",421.163770836,"Screening"
"COc1cc(C=O)ccc1OCCOc1c(Cl)cccc1Cl",340.026914288,"Screening"
"Cc1cccc(CCNC(=O)Cn2cc(C=O)c3ccccc32)c1",320.15247788,"Screening"
"COc1ccc(CCNC(=O)C(C#N)=Cc2cc(-c3cccs3)cs2)cc1OC",424.0915345,"Screening"
"Cc1[nH]c(C=O)cc1C(=O)N1CCN(C(C)c2ccsc2)CC1",331.135447912,"Screening"
"COc1ccc2nc(NC(=O)C(NS(=O)(=O)C=Cc3ccccc3)C(C)C)sc2c1",445.112998216,"Screening"
"Cc1cc(C=C(C#N)C(=O)Nc2ccccc2)c(C)n1CC(C)C",321.184112356,"Screening"
"C=CC(=O)NCCNC(=O)C1CCCN1C(=O)c1cc(Cl)cc(Cl)c1",383.080346828,"Screening"
"C=CC(=O)NCCNC(=O)c1cc(-c2ccccc2C)nc2c1cnn2C(C)C",391.2008250400001,"Screening"
"CCOC(=O)c1c(C)[nH]c(C=O)c1Cc1cc(Cl)ccc1Cl",339.0428987,"Screening"
"C=CC(=O)NCCNC(=O)c1cc(S(=O)(=O)N2CCOCC2)cn1C",370.131090804,"Screening"
"C=CC(=O)NCCNC(=O)c1cnn(C(C)(C)C)c1C(F)(F)F",332.146010508,"Screening"
"N#CC(=Cc1ccco1)C(=O)NCCS(=O)c1ccccc1",314.072513308,"Screening"
"Cc1ccc(C=C(C#N)C(=O)Nc2ccc(C(N)=O)c(F)c2)cc1",323.10700490799996,"Screening"
"Cc1c(-c2nn(-c3ccccc3)cc2C=O)cnn1C",266.116761068,"Screening"
"N#CN(CC(=O)Nc1nccs1)c1ccc(F)c([N+](=O)[O-])c1",321.03318833599997,"Screening"
"C=CC(=O)N1CCC(C(=O)N2CCCc3cccc(O)c32)CC1",314.163042564,"Screening"
"Cc1ccccc1C(C)NC(=O)C(C#N)=Cc1c[nH]nc1-c1ccc(Br)cc1",434.0742233280001,"Screening"
"Cc1cccn2c(=O)c(C=O)c(N3CCN(c4ccccc4F)CC3)nc12",366.149204068,"Screening"
"O=Cc1c(N2CCN(c3ccccc3F)CC2)nc2ccccn2c1=O",352.133554004,"Screening"
"O=Cc1c(N2CCN(c3ccccc3)CC2)nc2ccccn2c1=O",334.142975816,"Screening"
"CCCCc1noc(COc2ccc(Br)cc2C=O)n1",338.02660444,"Screening"
"N#CC(=Cc1ccco1)C(=O)Nc1cc2c(cc1Cl)NC(=O)CO2",343.03598347999997,"Screening"
"N#CC(=Cc1csc(-c2cccc([N+](=O)[O-])c2)n1)C(N)=O",300.031711116,"Screening"
"C=CC(=O)N1CCC(C(=O)N2CCCC(S(=O)(=O)N3CCc4ccccc43)C2)CC1",431.187877408,"Screening"
"CC(Nc1ccc(N2CCC2=O)cc1)C(=O)NCc1ccccc1",323.163376912,"Screening"
"COc1ccc(N(C#N)C(C)C(=O)N2CCN(C(C)=O)CC2)cc1Cl",364.130218212,"Screening"
"Cc1cc(C=C(C#N)C(=O)NC2CC2)c(C)n1-c1ccc(F)c(F)c1F",359.124546792,"Screening"
"CCN1CCN(C=C(C#N)C(=O)Nc2cccc(C)c2)CC1",298.179361324,"Screening"
"Cc1ccc(C=CS(=O)(=O)N2CC(C(N)=O)c3ccccc32)cc1",342.103813436,"Screening"
"COC(=O)CN(Cc1cnn(C)c1)S(=O)(=O)C=Cc1ccccc1",349.109627088,"Screening"
"Cn1ccnc1CN(C#N)c1ccc(F)c(Cl)c1",264.05780222,"Screening"
"Nc1nc(NC2CN(c3ccc(F)cc3)C2=O)ncc1[N+](=O)[O-]",318.087666432,"Screening"
"Cc1ccc(F)c(N(C#N)Cc2csc(-c3ccccn3)n2)c1",324.08449563600004,"Screening"
"O=C(CCCNC(=O)OCc1ccccc1)NC1CN(c2ccccc2)C1=O",381.168856216,"Screening"
"CS(=O)(=O)Cc1ccc(C(=O)NC2CN(c3ccccc3)C2=O)o1",348.07799261199995,"Screening"
"Cc1noc(C)c1C(C)C(=O)NC1CN(c2ccc(F)cc2)C1=O",331.13321965599994,"Screening"
"COc1ccc(C=O)cc1Cn1ncc(Cl)c(Cl)c1=O",312.00684753999997,"Screening"
"CN(Cc1ccc(C(C)(C)C)cc1)CN1C(=O)CC1c1ccccc1",336.22016351599996,"Screening"
"Cn1cc(-c2nc(C(=O)N3CCC(C4NC(=O)C4(C)C)CC3)cs2)cn1",373.157245976,"Screening"
"CC1(C)C(=O)NC1C1CCN(C(=O)CCC2CCCO2)CC1",308.209992756,"Screening"
"Cc1ccn(CC(=O)N2CCC(C3NC(=O)C3(C)C)CC2)c(=O)c1",331.18959165999996,"Screening"
"O=C1CC(c2ccccc2)N1CN1CCN(Cc2cccs2)CC1",341.156183356,"Screening"
"O=C(NC1CN(c2ccc(F)cc2)C1=O)c1ccc2[nH]nnc2c1",325.0975028440001,"Screening"
"Cc1ccc(F)c(N(C#N)Cc2nnc(-c3ccco3)o2)c1",298.08660381199996,"Screening"
"C=CC(=O)N1CCC(C(=O)Nc2cccc3c2CCN(CC(C)(C)O)C3)CC1",385.23654185199996,"Screening"
"C=CC(=O)NCc1ccc(C(=O)N(Cc2cccnc2)C2CCS(=O)(=O)C2)cc1",413.14092721599997,"Screening"
"C=CC(=O)NCc1ccc(C(=O)Nc2cc(CCc3cc(OC)cc(OC)c3)n[nH]2)cc1",434.195405312,"Screening"
"O=C(CCC(=O)N1CCc2sccc2C1)Nc1cccc(S(=O)(=O)F)c1",396.061377244,"Screening"
"O=C(Cn1ccc2ccccc2c1=O)Nc1cccc(S(=O)(=O)F)c1",360.058006116,"Screening"
"Cc1cc(C)n(CC(=O)Nc2cccc(S(=O)(=O)F)c2)n1",311.073990528,"Screening"
"Cn1cc(C(=O)Nc2cccc(S(=O)(=O)F)c2)c(C(F)F)n1",333.03949684,"Screening"
"O=C1C2C3CCC(C3)C2N1CN1CCc2sccc2C1",288.12963426,"Screening"
"Cc1nc2c(C(=O)Nc3cccc(S(=O)(=O)F)c3)cccc2o1",334.042356052,"Screening"
"N#CN(Cc1nnnn1C1CC1)c1ccc(F)c(Cl)c1",292.06395022,"Screening"
"COc1ccccc1NC(=O)NC1CN(c2ccc(F)cc2)C1=O",329.11756959199994,"Screening"
"CCCc1nc(CN(C#N)c2cccc(CC)c2)no1",270.148061196,"Screening"
"CN(Cc1ccc(C#N)cc1)C(=O)Nc1ccc(N2CCC2=O)cc1",334.142975816,"Screening"
"Cn1ncnc1NS(=O)(=O)c1ccc(S(=O)(=O)F)cc1",320.004924988,"Screening"
"C=CC(=O)NCc1ccc(C(=O)N2CCN(c3ccnc(N(C)C)n3)CC2)cc1",394.21172407200004,"Screening"
"Cc1ccc(C2CC2)c(C(=O)NCc2ccc(C(C)NC(=O)CCl)cc2)c1",384.16045571999996,"Screening"
"O=C(CCl)NC1(CNC(=O)c2cc(-c3ccccc3)no2)CCCCCC1",389.150619308,"Screening"
"O=C(CCl)NCC(NC(=O)Cc1ccc2c(c1)CCCC2)C1CCCCC1",390.207405912,"Screening"
"O=C(CCl)NC1(C2CCN(C(=O)C3(Cc4ccc(F)cc4)CC3)CC2)CC1",392.166683972,"Screening"
"CC1(C)CCC(C(=O)N(CCNC(=O)CCl)Cc2cccc(Cl)c2)CO1",400.13204805199996,"Screening"
"Cc1ccc2snc(C(=O)N(CCNC(=O)CCl)Cc3ccccc3)c2c1",401.09647556,"Screening"
"Cc1cc(OCC(=O)N2CCC(CNC(=O)CCl)(c3ccccc3)CC2)no1",405.14553392799996,"Screening"
"CN1CCOC(C(=O)N2CCC(CNC(=O)CCl)(c3ccccc3)CC2)C1=O",407.16118399199996,"Screening"
"O=C(CCl)NCC(NC(=O)c1cccc2c1OCC2)c1ccc2ccccc2c1",408.124070212,"Screening"
"O=C(CCl)NCC1(c2ccccc2)CCN(C(=O)Cn2cc(C3CC3)cn2)CC1",414.18225378400007,"Screening"
"Cc1ncc(Cl)c(C(=O)NC(CNC(=O)CCl)c2ccc3ccccc3c2)n1",416.080681176,"Screening"
"O=C(CCl)NCC(NC(=O)Cc1ccc(Cl)s1)c1ccc2ccccc2c1",420.046604176,"Screening"
"O=C(CCl)NCC(NC(=O)c1cc(C(F)(F)F)no1)c1ccc2ccccc2c1",425.07540368,"Screening"
"O=C(CCl)NCC1(c2ccccc2)CCN(C(=O)c2noc3c2CCCCC3)CC1",429.181919436,"Screening"
"C=CC(=O)NCC(NC(=O)C(F)(F)c1ccnn1C)C1CCCCC1",354.186732448,"Screening"
"C=CC(=O)NC1(CC)CCN(C(=O)CC2CC(c3ccccc3)C2)CC1",354.2307282,"Screening"
"C=CC(=O)N(CCc1ccc(Cl)cc1)Cc1cccc2c1nnn2C",354.1247389080001,"Screening"
"C=CC(=O)NC1CC2CCCC(C1)N2C(=O)c1nsc2ccccc12",355.135447912,"Screening"
"C=CC(=O)N(Cc1cn(C(C)(C)C)nn1)Cc1cccc2nsnc12",356.14193026000004,"Screening"
"C=CC(=O)NCCC1CCN(C(=O)C2COc3cc(C)c(C)cc32)CC1",356.209992756,"Screening"
"C=CC(=O)NCC1(NC(=O)C2CCc3nc(C)ncc3C2)CCCCC1",356.221226136,"Screening"
"C=CC(=O)N(CC1=CCCCC1)Cc1cc(-c2ccc(Cl)cc2)on1",356.129155592,"Screening"
"C=CC(=O)N(Cc1ccc2nc(OC)sc2c1)Cc1cnnn1CC",357.12594584800013,"Screening"
"C=CC(=O)NCC1CN(C(=O)c2cc3cc(C)ccc3s2)CCCO1",358.135113564,"Screening"
"C=CC(=O)NC1(CNC(=O)c2c(C3CCCC3)noc2C)CCCCC1",359.220891788,"Screening"
"C=CC(=O)NC(CCN(C)C(=O)c1cccc2c1OCCCO2)C(C)C",360.204907376,"Screening"
"C=CC(=O)NC1(CNC(=O)c2csc3c2CCC(C)C3)CCOCC1",362.166413692,"Screening"
"C=CC(=O)NC1(CNC(=O)c2cc(-c3ccccc3)no2)CCCCCC1",367.18959166,"Screening"
"C=CC(=O)NCc1ccc(CNC(=O)Cc2ccc3c(c2)COC3)c(F)c1",368.153620752,"Screening"
"C=CC(=O)NC(CNC(=O)c1cc2c(s1)CCCCC2)c1ccccc1",368.155849008,"Screening"
"C=CC(=O)NCCN(Cc1ccccc1)C(=O)C1Cc2ccc(Cl)cc21",368.129155592,"Screening"
"C=CC(=O)NCc1ccc(CNC(=O)C2CC(c3ccccc3)=NO2)c(F)c1",381.14886972,"Screening"
"C=CC(=O)NCc1ccc(CNC(=O)c2cc(OC)cc3c2OCC3)c(F)c1",384.148535372,"Screening"
"C=CC(=O)NC(CNC(=O)c1nnc2ccccc2n1)c1ccc(C(C)C)cc1",389.18517497600004,"Screening"
"C=CC(=O)NC(CNC(=O)c1ncnc2c1cnn2C)c1ccc(C(C)C)cc1",392.196074008,"Screening"
"C=CC(=O)NC(CNC(=O)C1CCc2nnc(C)n2C1)c1ccc(C(C)C)cc1",395.23212516800004,"Screening"
"C=CC(=O)N(c1ccc(C(F)(F)F)cc1)C(C(=O)Nc1c(C)cccc1CC)c1cccnc1",467.182061668,"Screening"
"C=CC(=O)N[C@@H]1CN(C(=O)COCc2ccccc2)C[C@H]1C(F)(F)F",356.13477712800005,"Screening"
"C=CC(=O)N[C@@H]1c2ccccc2C[C@H]1NC(=O)c1noc2c1CCCCC2",365.173941596,"Screening"
"C=CC(=O)N[C@@H]1CN(C(=O)Cn2nnc(C3CC3)n2)C[C@H]1CC(C)(C)C",360.227374136,"Screening"
"Cn1cc(C(=O)N[C@H]2C[C@@](CNC(=O)CCl)(c3ccccc3)C2)c(C2CCCC2)n1",428.19790384800007,"Screening"
"O=C(CCl)N[C@@H]1CN(C(=O)Cc2ccc3c(c2)CCCO3)C[C@H]1C(F)(F)F",404.11145483999996,"Screening"
"CC1(C(=O)N[C@H]2C[C@@](CNC(=O)CCl)(c3ccccc3)C2)CCCc2ccccc21",424.191755848,"Screening"
"O=C(CCl)NCC1(c2ccccc2)CCN(C(=O)[C@H]2OCCO[C@H]2c2ccccc2)CC1",456.18158508799996,"Screening"
"Cc1onc(C2CCCC2)c1C(=O)N[C@@H]1Cc2ccccc2[C@H]1NC(=O)CCl",401.150619308,"Screening"
"COC(=O)c1cc(-n2c(C)cc(C=O)c2C)ccc1Cl",291.066220988,"Screening"
"C=CC(=O)Nc1ccc(C(Nc2cc(C)cc(C)c2)c2nnnn2C(C)C)cc1",390.21680945200006,"Screening"
"C=CC(=O)Nc1ccc(C(Nc2cccc(OCC(N)=O)c2)c2nnnn2C(C)C)cc1",435.2018876600001,"Screening"
"C=CC(=O)N1CCCC(NC2(c3nnnn3CCC)CCCOCC2)C1",362.2430241999999,"Screening"
"C=CC(=O)N1CCCC(NC(c2cc(OC)c(C)cc2OC)c2nnnn2C2CC2)C1",426.23793882000007,"Screening"
"C=CC(=O)N1CCCC(NC2(c3nnnn3CCSC)CCN(CCC(C)C)CC2)C1",449.293679868,"Screening"
"C=CC(=O)N1CCCC(NC(c2cccc3cn[nH]c23)c2nnnn2CCC)C1",394.2229574520001,"Screening"
"C=CC(=O)N1CCCC(NC2(c3nnnn3C(C)C)CC3CCC2CC3)C1",372.26375964399995,"Screening"
"C=CC(=O)N1CCCC(NC(c2ccc3c(c2)CCC(C)(C)O3)c2nnnn2CC)C1",424.25867426400004,"Screening"
"C=CC(=O)N1CCCC(NC(c2cnc[nH]2)c2nnnn2-c2c(C)cccc2CC)C1",420.238607516,"Screening"
"C=CC(=O)N1CCC(CNC(C)(CC2CCOC2)c2nnnn2-c2ccc(F)cc2)CC1",442.24925245200006,"Screening"
"C=CC(=O)N1CCC(CNC(C)(CCC2CC2)c2nnnn2CCC)CC1",374.279409708,"Screening"
"C=CC(=O)N1CCC(CNC(c2ccc(C)c(OC)c2)c2nnnn2CCC)CC1",412.2586742640001,"Screening"
"C=CC(=O)N1CCC(CNC(c2ccc(OCC)nc2)c2nnnn2C2CC2)CC1",411.2382731680001,"Screening"
"C=CC(=O)NCCNC1(c2nnnn2CCCOC)CCCCCC1",350.2430242,"Screening"
"C=CC(=O)NCCNC(c1ncc(C(F)(F)F)[nH]1)c1nnnn1CCCC(=O)OCC",444.1845212560001,"Screening"
"C=CC(=O)NCCNC(C)(COC(C)=O)c1nnnn1C1CCC1",336.190988628,"Screening"
"C=CS(=O)(=O)NCC(C)c1cccc(F)n1",244.068176876,"Screening"
"C=CS(=O)(=O)NCc1nc(C(C)C)c(C)s1",260.065319752,"Screening"
"C=CS(=O)(=O)NC1(c2ccccc2)COC1",239.061614276,"Screening"
"C=CS(=O)(=O)NCC(O)c1ccc(Cl)cc1",261.022641924,"Screening"
"C=CS(=O)(=O)NCCOc1ccc(OC)nc1",258.06742792800003,"Screening"
"C=CS(=O)(=O)N1CCC(c2ccon2)C1",228.056863244,"Screening"
"C=CS(=O)(=O)NCc1ccc(C)cc1Br",288.977211724,"Screening"
"C=CS(=O)(=O)N1CCN(c2nccnn2)CC1",255.078995656,"Screening"
"C=CS(=O)(=O)NC(C1CCC1)C1CCCO1",245.108564468,"Screening"
"C=CS(=O)(=O)NC(C)[C@@H]1C[C@H](C(=O)OC(C)(C)C)C1(C)C",317.166079344,"Screening"
"C=CS(=O)(=O)NCC1(C(=O)OC)CCCO1",249.06709358,"Screening"
"C=CS(=O)(=O)N1CCC2(CCCCO2)C1",231.092914404,"Screening"
"Cc1cc(-c2nc3ccccc3n2C2CCN(C(=O)CCl)CC2)cc(C)c1O",397.15570468799996,"Screening"
"O=C1CCN(C(=O)C[C@@H]2CCN(C(=O)CCl)C2)CCN1",301.11931918,"Screening"
"O=C(C[C@H]1CCCN1C(=O)CCl)NC1(c2nnc[nH]2)CC1",311.114902496,"Screening"
"CCOCc1ccccc1N(C(=O)CCl)C(C(=O)NCC1CC1)C1(S(C)(=O)=O)CCC1",470.16422077199996,"Screening"
"CCNC(=O)C(c1cc(C)cc2c1CCC2)N(Cc1nnc(CO)s1)C(=O)CCl",436.13358933999996,"Screening"
"Cc1cc(C(C(=O)NC(C)C)N2CC3CN(C(=O)CCl)CC3C2)no1",368.16151834000004,"Screening"
"CCCNC(=O)C(CN1C(=O)COc2ccccc21)N(C(=O)CCl)c1cccc(C#N)c1C",468.15643296,"Screening"
"CCc1cccc(NC(=O)C(c2cnc3onc(C)c3c2)N(Cc2ccc(CO)o2)C(=O)CCl)c1",496.15134757999994,"Screening"
"NC(=O)CC[C@@H](NC(=O)CCl)C(=O)N1C2CCC1CC1(CC1)C2",341.150619308,"Screening"
"O=C(Nc1nc(C2CC(F)(F)C2)cs1)[C@H]1CCN(C(=O)CCl)C1",363.061981872,"Screening"
"Cc1oc(-c2ccc3ccccc3c2)nc1COc1ccc(C=O)c(B(O)O)c1",387.12780307599996,"Screening"
"COc1cc(C=O)c(B(O)O)cc1OCc1ccn(-c2ccccc2)n1",352.1230520440001,"Screening"
"COc1cc(C=O)c(B(O)O)cc1OCc1cc(C(C)C)on1",319.122717696,"Screening"
"COc1cc(C=O)c(B(O)O)cc1OC(C)C(=O)N(Cc1ccccc1)C(C)C",399.185317952,"Screening"
"COc1cc(C=O)c(B(O)O)cc1OCC(=O)Nc1ccc(Cl)nc1",364.063344248,"Screening"
"C=CC(=O)NC1CCN(S(=O)(=O)c2ccc(C)cc2)CC1",308.1194635,"Screening"
"C=CC(=O)N1CCN(S(=O)(=O)c2ccc(Br)s2)CC1",363.95509637600003,"Screening"
"CCc1cccc(N(C#N)Cc2nc(-c3ccccc3)oc2C)c1",317.152812228,"Screening"
"Cc1ccccc1-c1nc(CN(C#N)c2ccc(F)c(Br)c2)no1",386.017851324,"Screening"
"CCN(c1ncc(C(=O)OC)s1)S(=O)(=O)C=Cc1ccccc1",352.055148992,"Screening"
"C=CC(=O)NCc1ccc(C(=O)N2CCc3c(CN4CCCC4)cccc32)cc1",389.210327104,"Screening"
"CCn1cnc2c(c1=O)CCN(S(=O)(=O)C=Cc1ccccc1Cl)C2",379.075740116,"Screening"
"Cc1ccnc2[nH]c(CN(C#N)c3ccc(F)c([N+](=O)[O-])c3)nc12",326.092751812,"Screening"
"COC(=O)c1ccc(C=C(C#N)C(=O)Nc2cccc(OC)c2)[nH]1",325.10625596000006,"Screening"
"C=CC(=O)NCc1ccc(C(=O)N2CCC(c3ccc(N(C)C)cc3)CC2)cc1",391.22597716800004,"Screening"
"CC(C)c1nnnn1CC(=O)Nc1ccc(S(=O)(=O)F)cc1",327.08013852799996,"Screening"
"C=CC(=O)NCc1ccc(C(=O)NCc2c3c(nn2C)CCCC3)cc1",352.189926008,"Screening"
"C=CC(=O)Nc1cc(NC(=O)c2cc(C(C)C)n(-c3ccccc3)n2)ccc1F",392.164854132,"Screening"
"C=CC(=O)N1CCC(C(=O)N2CC(OC(=O)NC(C)C)C2)CC1",323.18450628000005,"Screening"
"CCCCc1ccc(NC(=O)C(C#N)=Cc2cn(CC(=O)O)nn2)cc1",353.148789468,"Screening"
"CC(=O)N1CCCCCC1C1CCN(C(=O)c2ccc(C=O)[nH]2)CC1",345.205241724,"Screening"
"C=CC(=O)NCCC(=O)N1CCCC(Oc2ncccc2F)C1",321.14886972,"Screening"
"C=CC(=O)N1CCC(C(=O)N[C@H]2C[C@H](C)S(=O)(=O)c3sccc32)CC1",382.102099184,"Screening"
"C=CC(=O)N1CCC(C(=O)NCc2ccnc(Oc3ccccc3F)c2)CC1",383.164519784,"Screening"
"C=CC(=O)N1CCC(C(=O)NC2COc3c(F)cc(F)cc3C2)CC1",350.14419894,"Screening"
"C=CC(=O)Nc1cc(NC(=O)c2nc3nc(C)cc(C)n3n2)ccc1F",354.1240519400001,"Screening"
"O=c1ncccn1Cc1cccc(NS(=O)(=O)c2cccc(S(=O)(=O)F)c2)c1",423.035890768,"Screening"
"O=S(=O)(F)c1cccc(S(=O)(=O)Nc2cccnc2O)c1",331.99369160800006,"Screening"
"CCOCCCNC(=O)C(C#N)=Cc1ccc2oncc2c1",299.126991404,"Screening"
"C=CC(=O)Nc1cc(NC(=O)c2ccc3ccccc3c2O)ccc1F",350.10667056,"Screening"
"CCN(CC)c1ccc(C=C(C#N)C(=O)Nc2cccc3ncccc23)c(O)c1",386.174275944,"Screening"
"CC1(C)C(=O)NC1C1CCN(C(=O)c2cc(F)c(O)c(Cl)c2)CC1",354.1146484,"Screening"
"CCCCCCCCNC(=O)C(C#N)=Cc1cc(OC)c(O)c(OC)c1",360.20490737599994,"Screening"
"COc1cc(C=C(C#N)C(=O)NC2CCCCC2)cc(OC)c1O",330.15795718399994,"Screening"
"CCOCCCNC(=O)C(C#N)=Cc1cc(OC)c(O)c([N+](=O)[O-])c1",349.127385328,"Screening"
"CCOC(=O)c1c(-c2ccc(C)cc2)csc1NC(=O)C(C#N)=Cc1ccc(O)c(OC)c1",462.12494280399994,"Screening"
"N#CC(=Cc1ccc(O)cc1)C(=O)Nc1ccc(Cl)c(C(=O)NC2CCCCC2)c1",423.134969244,"Screening"
"O=Cc1c(-c2ccc(Cl)cc2)[nH]c2ccccc12",255.04509162,"Screening"
"Cc1ccc(C(=O)O)cc1-n1c(C)cc(C=O)c1C",257.10519334,"Screening"
"O=Cc1c(-c2ccc3c(c2)CCCC3)nc2ncccn12",277.1215121,"Screening"
"Cn1cc(C=O)c(CN2C(=O)c3ccccc3C2=O)n1",269.080041212,"Screening"
"N#CN(c1ccc(F)cc1)C1CCN(CC(F)(F)F)C1=O",301.083824852,"Screening"
"N#CC(=Cc1ccc(OCC(=O)O)cc1)C(=O)Nc1cc2c(cc1[N+](=O)[O-])OCCO2",425.08591443999995,"Screening"
"CCOc1cccc(C=C(C#N)C(=O)Nc2ccc(C(=O)O)cc2)c1",336.11100699199994,"Screening"
"CCN(C(C)=O)c1nc(C=C(C#N)C(=O)Nc2ccccc2Br)cs1",418.00990882,"Screening"
"N#CC(=Cc1cnn(Cc2ccccc2Cl)c1)C(=O)Nc1ccccc1Br",440.003950848,"Screening"
"COc1ccc(CCN2C(=O)CC(N3CCN(S(=O)(=O)C=Cc4ccccc4)CC3)C2=O)cc1OC",513.1933567119999,"Screening"
"O=S(=O)(C=Cc1ccccc1)NCCc1cc(F)cc2c1OCOC2",363.09405727599994,"Screening"
"C=CC(=O)Nc1ccc(C(=O)N2CC(C(=O)NC)Oc3ccccc32)cc1",365.13755608800005,"Screening"
"O=S1(=O)CCC(N(CC2CCCO2)S(=O)(=O)C=Cc2ccccc2)C1",385.10176483600003,"Screening"
"C=CC(=O)Nc1ccc(C(=O)N2CCN(C(=O)c3cc(Cl)c[nH]3)CC2)cc1",386.11456814800005,"Screening"
"O=S(=O)(C=Cc1ccccc1)Nc1ccc(Cl)c(S(=O)(=O)N2CCCCC2)c1",440.063126832,"Screening"
"Cc1ccc(C=CS(=O)(=O)Nc2cccnc2Oc2ccccc2)cc1",366.103813436,"Screening"
"COC(=O)c1ccc(COc2ccccc2C=C(C#N)C(=O)Nc2ccccc2F)cc1",430.132885308,"Screening"
"N#CC(=Cc1cn(-c2ccccc2)nc1-c1cc2ccccc2oc1=O)C(=O)Nc1cccc(C(F)(F)F)c1",526.125275064,"Screening"
"N#CC(=Cc1c(Cl)nc2sccn12)C(=O)Nc1ccc(Cl)cc1",361.979587236,"Screening"
"N#CC(=Cc1ccc(-c2cccc(Cl)c2)o1)C(=O)Nc1cccc2ncccc12",399.077454368,"Screening"
"COC(=O)c1ccc(COc2ccccc2C=C(C#N)C(=O)Nc2c(C)cc(C)cc2C)cc1",454.189257312,"Screening"
"COC(=O)c1ccc(COc2ccccc2C=C(C#N)C(=O)Nc2ccccc2C)cc1",426.157957184,"Screening"
"COc1cccc(NC(=O)C(C#N)=Cc2cc3ccccc3nc2N2CCOCC2)c1",414.169190564,"Screening"
"CCCOc1ccc(C=C(C#N)C(=O)NC(C)c2ccccc2)c(OCCC)c1",392.20999275599996,"Screening"
"C=CCNC(=O)C(C#N)=Cc1ccccc1OCc1ccc(C(=O)OC)cc1",376.14230711999994,"Screening"
"CCCCCCCCNC(=O)C(C#N)=Cc1ccc(OCCC)cc1OCCC",400.27259301199996,"Screening"
"COc1ccc(CCNC(=O)C(C#N)=Cc2cc3ccccc3nc2N2CCOCC2)cc1OC",472.211055376,"Screening"
"CC(C)c1ccc(C=C(C#N)C(=O)Nc2cccc3ncccc23)cc1",341.152812228,"Screening"
"Cc1nn(-c2ccccc2)c(Cl)c1C=C(C#N)C(=O)Nc1cccc2ncccc12",413.10433781200004,"Screening"
"COc1ccc(NC(=O)C(C#N)=Cc2ccc(OC(F)F)cc2OC(F)F)cc1Cl",444.049997456,"Screening"
"Cc1nn(-c2cccc(Cl)c2)c(Cl)c1C=C(C#N)C(=O)NC(C)C",362.070116492,"Screening"
"N#CC(=Cc1cn(-c2ccccc2)nc1-c1cc2ccccc2o1)C(=O)Nc1ccc(Cl)cc1Cl",498.065031112,"Screening"
"C#Cc1cccc(NS(=O)(=O)C=Cc2ccc(C)cc2)c1",297.08234972,"Screening"
"Cc1nc(N2CCCC2)ccc1NC(=O)[C@@H](NS(=O)(=O)C=Cc1ccccc1)C(C)C",442.20386181999993,"Screening"
"O=S(=O)(C=Cc1ccccc1)NCc1cc(-c2ccccc2)no1",340.088163372,"Screening"
"CCc1ccccc1OC1C(=O)N(CCCCN2CCOCC2)C1c1cc(OC)ccc1OC",468.2624222519999,"Screening"
"CCc1cccc(N(C#N)Cc2ccon2)c1",227.105862036,"Screening"
"CCc1cccc(N(C#N)CC(=O)NCc2ccco2)c1",283.132076784,"Screening"
"O=C(O)CNCC1CCCN(S(=O)(=O)C=Cc2cccc(Cl)c2)C1",372.091055832,"Screening"
"N#CC(=Cc1ccc2c(c1)OCO2)C(=O)N1CCC(C(N)=O)CC1",327.121906024,"Screening"
"Cc1ccc(-n2nc(C)cc2NC(=O)CN(C#N)c2ccccc2)cc1",345.158960228,"Screening"
"N#CN(Cc1nnsc1Cl)c1ccc(F)c([N+](=O)[O-])c1",312.98365129999996,"Screening"
"O=S(=O)(C=Cc1ccccc1)N1CCN(S(=O)(=O)C2=Cc3ccccc3CC2)CC1",444.11774924799994,"Screening"
"C=CC(=O)NCc1ccc(C(=O)NC(C)(C)C2CCCCC2)cc1",328.215078136,"Screening"
"C=CC(=O)N1CCC(C(=O)NC(CCO)c2cccs2)CC1",322.135113564,"Screening"
"Cc1cccc(C)c1OCCn1c(C=O)nc2ccccc21",294.136827816,"Screening"
"O=Cc1nc2ccccc2n1Cc1ccc(F)cc1",254.085541192,"Screening"
"COCC(C)n1c(C)cc(C=C(C#N)C(=O)N2CCN(Cc3cccc(Cl)c3)CC2)c1C",454.213553912,"Screening"
"C=CC(=O)N1CCC(C(=O)Nc2cc(CSCC)ccn2)CC1",333.1510979760001,"Screening"
"COCCN1C(=O)C(Oc2cccc(S(C)(=O)=O)c2)C1c1ccccc1C",389.129693836,"Screening"
"COc1cc(C2C(Oc3ccccc3)C(=O)N2Cc2ccccc2)ccc1OC(F)F",425.143864592,"Screening"
"COCCN1C(=O)C(Oc2ccc(F)cc2)C1c1ccc([N+](=O)[O-])cc1",360.112149864,"Screening"
"COc1ccc(C2C(Oc3cccc(C#N)c3)C(=O)N2c2ccc(OC)cc2)cc1",400.14230712,"Screening"
"N#CC(=Cc1ccccc1)C(=O)Nc1ccc(S(=O)(=O)Nc2ncccn2)cc1",405.08956034000005,"Screening"
"N#CC(=Cc1ccc(Cl)cc1)C(=O)Nc1ccc(S(=O)(=O)Nc2ncccn2)cc1",439.050587988,"Screening"
"C=CC(=O)Nc1cccc(C(=O)NC2COc3c(cccc3OC)C2)c1",352.14230712,"Screening"
"C=CC(=O)Nc1cccc(C(=O)Nc2ncc(CCOC)s2)c1",331.09906240400005,"Screening"
"C=CC(=O)Nc1cccc(C(=O)N2CCS(=N)(=O)c3ccccc32)c1",355.09906240400005,"Screening"
"C=CC(=O)Nc1cccc(C(=O)N(CC)C2CCN(c3ccccc3)C2=O)c1",377.17394159599996,"Screening"
"C=CC(=O)Nc1cccc(C(=O)N(CC)Cc2nc3cc(OC)c(OC)cc3c(=O)[nH]2)c1",436.1746698679999,"Screening"
"C=CC(=O)Nc1cccc(C(=O)N2CC3(CCC3)c3ccccc32)c1",332.15247788,"Screening"
"C=CC(=O)Nc1cccc(C(=O)N2CCN(Cc3ccc(Cl)cc3C)CC2)c1",397.15570468799996,"Screening"
"C=CC(=O)Nc1cccc(C(=O)N2CCC3(CC2)C(=O)Nc2ccccc23)c1",375.158291532,"Screening"
"C=CC(=O)Nc1cccc(C(=O)NC2CC(=O)N(c3ccccc3F)C2)c1",367.133219656,"Screening"
"C=CC(=O)Nc1cccc(C(=O)N[C@@H]2CC3(CCCC3)Oc3ccc(F)cc32)c1",394.169270816,"Screening"
"C=CC(=O)NCC(=O)N1CC(OC(=O)Nc2cccc(F)c2)C1",321.112484212,"Screening"
"C=CC(=O)Nc1ccc(O)c(C(=O)N(CCC)Cc2ccccc2F)c1",356.15362075200005,"Screening"
"C=CC(=O)Nc1ccc(O)c(C(=O)N[C@H]2CNc3ccccc3N(C)C2=O)c1",380.14845512,"Screening"
"C=CC(=O)Nc1ccc(O)c(C(=O)N2CCN(Cc3ccc(C#N)cc3)CC2)c1",390.169190564,"Screening"
"C=CC(=O)Nc1ccc(O)c(C(=O)Nc2ccc3c(c2)OC(F)(F)O3)c1",362.071427924,"Screening"
"C=CC(=O)Nc1ccc(O)c(C(=O)N2CCC(c3nccc(C(F)(F)F)n3)CC2)c1",420.14092512800005,"Screening"
"C=CC(=O)Nc1ccc(O)c(C(=O)Nc2cc3sc(=O)n(C)c3cc2C)c1",383.093977024,"Screening"
"C=CC(=O)Nc1ccc(O)c(C(=O)N2CCCC(N3CCCS3(=O)=O)CC2)c1",407.1514919,"Screening"
"C=CC(=O)Nc1ccc(O)c(C(=O)NC(C)(C)Cc2ccc(F)cc2F)c1",374.14419894,"Screening"
"C=CC(=O)N(CC)CC(=O)NCC(c1ccccc1)c1c[nH]c2ccccc12",375.19467704000004,"Screening"
"C=CC(=O)N1CCC(C(=O)N2Cc3c(cccc3C(F)(F)F)C(C(=O)OC)C2)CC1",424.16099187599997,"Screening"
"C=CC(=O)N1CCC(C(=O)NC2(CO)CCc3cc(Br)ccc3C2)CC1",420.10485476,"Screening"
"C=CC(=O)N1CCCC(C(=O)N2CCN(c3ccc(C(F)(F)F)cc3[N+](=O)[O-])CC2)C1",440.16713987599996,"Screening"
"C=CC(=O)N1CCCC(C(=O)N(CC)Cc2ccc3[nH]ccc3c2)C1",339.19467704,"Screening"
"C=CC(=O)N1CCCC(C(=O)N2CCCC2(C)Cc2cc(Cl)cs2)C1",380.13252672,"Screening"
"C=CC(=O)N1CCCC(C(=O)N2CCCN(S(=O)(=O)c3c(C)noc3C)CC2)C1",424.178040996,"Screening"
"C=CC(=O)N1CCCC(C(=O)N[C@H]2c3ccccc3OC[C@H]2CO)C1",344.173607248,"Screening"
"C=CC(=O)N1CCCC(C(=O)N(Cc2cccc(C(N)=O)c2)C2CC2)C1",355.18959166,"Screening"
"C=CC(=O)N1CCCc2cc(C(=O)NC[C@H]3C[C@@H](OC)CCO3)ccc21",358.189257312,"Screening"
"C=CC(=O)N1CCCc2cc(C(=O)N3C[C@H](O)[C@@H](N4CCOCC4)C3)ccc21",385.200156344,"Screening"
"C=CC(=O)NCCC(=O)Nc1cccc(C)c1NC(=O)NCC",318.169190564,"Screening"
"C=CC(=O)N(C)c1ccc(C(=O)Nc2cccc(N3CCCNC3=O)c2)cc1",378.16919056399996,"Screening"
"C=CC(=O)N(C)c1ccc(C(=O)N2Cc3ccccc3C[C@H]2C(N)=O)cc1",363.158291532,"Screening"
"C=CC(=O)N(C)c1ccc(C(=O)N2CCc3c(c(C(F)(F)F)n[nH]c3=O)C2)cc1",406.12527506400005,"Screening"
"C=CC(=O)N(C)c1ccc(C(=O)OCC#Cc2cccc(Cl)c2)cc1",353.081871052,"Screening"
"C=CC(=O)N(C)c1ccc(C(=O)NC(CO)c2cccc(Cl)c2F)cc1",376.098998336,"Screening"
"C=CC(=O)N(C)c1ccc(C(=O)Nc2cccc3c2CCCN3C(N)=O)cc1",378.169190564,"Screening"
"C=CC(=O)N(C)c1ccc(C(=O)N2CCC(c3cnccc3C)C2)cc1",349.179026976,"Screening"
"C=CC(=O)N(C)c1ccc(C(=O)Nc2ccn(-c3ccc(F)cn3)n2)cc1",365.128802972,"Screening"
"C=CC(=O)N(C)c1ccc(C(=O)Nc2nccc(C)c2C2CC2)cc1",335.163376912,"Screening"
"N#CN(CCN1CCCS1(=O)=O)c1ccc(F)cc1",283.079075908,"Screening"
"C=CC(=O)NCc1ccc(C(=O)N2CCS(=O)(=O)C3CCCCC32)cc1",376.14567824799997,"Screening"
"C=CC(=O)N1CCC(C(=O)NC(C)c2ccc3c(c2)NC(=O)CO3)CC1",357.16885621599994,"Screening"
"C=CC(=O)N1CCC(C(=O)N2CCC(C(O)c3ccc(Cl)cc3)CC2)CC1",390.171020404,"Screening"
"C=CC(=O)NCCC(=O)Nc1cccc(N2CCN(C(C)=O)CC2)c1",344.18484062799996,"Screening"
"C=CC(=O)NCc1ccc(C(=O)NC(C)(C)CC(F)(F)F)cc1",328.139862508,"Screening"
"C=CC(=O)NCc1ccc(C(=O)Nc2nc3n(c2C(=O)c2ccc(OC)cc2)CCC3)cc1",444.17975524799994,"Screening"
"C=CC(=O)NCc1ccc(C(=O)N2CC(C)Sc3ccccc32)cc1",352.12454888,"Screening"
"O=C1CCN1c1cccc(Nc2ncccc2[N+](=O)[O-])c1",284.09094024399997,"Screening"
"CC1(C)CCN(C(=O)Nc2cccc(N3CCC3=O)c2)CC1",301.179026976,"Screening"
"O=C(Nc1cccc(N2CCC2=O)c1)N1CCCC2(CCOCC2)C1",343.18959165999996,"Screening"
"N#CCCN(Cc1ccco1)C(=O)Nc1cccc(N2CCC2=O)c1",338.13789043599996,"Screening"
"C=CC(=O)NCCC(=O)N1CCN(c2c(C#N)cnc3ccccc23)CC1",363.16952491200004,"Screening"
"C=CC(=O)NCCC(=O)NC1CCN(c2ccccc2OC)C1=O",331.153206152,"Screening"
"C=CC(=O)NCCC(=O)N1CC(C)OCC1c1ccccc1",302.163042564,"Screening"
"C=CC(=O)NCCC(=O)N1CCN(S(=O)(=O)N2CCCCC2C)CC1",372.183126376,"Screening"
"COc1cc2c(cc1OC)C(C)N(C(=O)CCl)CC2",283.097521116,"Screening"
"COC(=O)c1nn(-c2ccc(Cl)c(Cl)c2)cc1C=O",297.99119747599997,"Screening"
"C=CC(=O)N1CCN(Cc2nc3sc4c(c3c(=O)[nH]2)CCCC4)CC1",358.146346944,"Screening"
"C=CC(=O)N1CCN(C(=O)c2ccc(Br)o2)CC1",312.01095437600003,"Screening"
"C=CC(=O)N1CCN(C(C)c2nc(-c3cccc(C(F)(F)F)c3)no2)CC1",380.146010508,"Screening"
"C=CC(=O)NC(C(=O)NCc1ccc(Cl)cc1)c1ccccc1",328.097855464,"Screening"
"C=CC(=O)NC(CC)c1ccccc1OCC(=O)N1CCCC1",316.178692628,"Screening"
"C=CC(=O)NCc1ccc(-n2nc(C)cc2C)cc1C(F)(F)F",323.124546792,"Screening"
"C=CC(=O)N(C)Cc1cccc(NC(=O)c2cc(Br)c[nH]2)c1",361.04258885200005,"Screening"
"C=CC(=O)N1Cc2ccccc2CC1C(=O)NCCc1ccc(F)cc1",352.158706132,"Screening"
"C=CC(=O)NCCOc1cccc(NC(=O)c2ccc(OC)cc2)c1",340.14230712,"Screening"
"C=CC(=O)N1CCCN(c2ccc(-c3ccccc3)nn2)CC1",308.16371126,"Screening"
"C=CC(=O)N1CCCN(Cc2cn3cc(Cl)ccc3n2)CC1",318.12473890800004,"Screening"
"C=CC(=O)NCC(CO)Cc1ccccc1OC(F)(F)F",303.108228032,"Screening"
"C=CC(=O)NC(C(=O)N(C)Cc1nnc2n1CCC2)C(C)C",305.18517497600004,"Screening"
"C=CC(=O)N(CCc1ccc(Cl)cc1)CC(O)C(F)(F)F",321.07434106,"Screening"
"O=C(Nc1ccc(N2CCC2=O)cc1)NC1CCN(c2ccccc2F)C1",368.164854132,"Screening"
"C=CC(=O)N1CCC(C(=O)N(C)CC2OCCc3ccccc32)CC1",342.194342692,"Screening"
"C=CC(=O)NCCC(=O)N1C[C@H](c2ccccc2)[C@H](C(=O)OC)C1",330.15795718399994,"Screening"
"COCC1(C(=O)Nc2cccc(S(=O)(=O)F)c2)CCCC1",315.094057276,"Screening"
"C=CC(=O)Nc1ccc(C(=O)N[C@H]2CCCC[C@H]2C(=O)OCC)cc1",344.173607248,"Screening"
"CCc1ccccc1-n1cc(C(=O)N2CCC(C3NC(=O)C3(C)C)CC2)nn1",381.21647510400004,"Screening"
"CC1(C)C(=O)NC1C1CCN(CC(C)(O)C(F)(F)F)CC1",308.171162636,"Screening"
"CCC(CC#N)NC(=O)c1cnn2ccc(C=O)cc12",270.111675688,"Screening"
"C=CC(=O)NCc1ccc(C(=O)N2CCCC2(C)Cc2cccc(F)c2)cc1",380.19000626,"Screening"
"C=CS(=O)(=O)N1Cc2ccc(OC)cc2C1",239.061614276,"Screening"
"CC1(C)C(=O)NC1C1CCN(Cc2cnc(-c3ccccc3)nc2)CC1",350.210661452,"Screening"
"C=CC(=O)N1CCC(C(=O)NCCc2cc(F)cc(F)c2)(c2ccccc2)CC1",398.180584448,"Screening"
"C=CC(=O)N1CCC(C(=O)NCCN2C(=O)CCC2=O)(c2ccccc2)CC1",383.18450628,"Screening"
"C=CC(=O)N1CCC(C(=O)NC2CCCN(C(C)C)C2)(c2ccccc2)CC1",383.257277296,"Screening"
"C=CC(=O)NCCC(=O)N1CCCC1(C)Cc1ccc(Cl)c(Cl)c1",368.105833304,"Screening"
"C=CC(=O)N(C)c1ccc(C(=O)NC2(CCO)CCN(C)CC2)cc1",345.205241724,"Screening"
"C=CC(=O)N(C)c1ccc(C(=O)N2CCC=C(c3ccccn3)C2)cc1",347.16337691200005,"Screening"
"C=CC(=O)N(C)c1ccc(C(=O)Nc2ccc3oc(C(F)F)nc3c2)cc1",371.1081477800001,"Screening"
"C=CC(=O)N(C)c1ccc(C(=O)Nc2ccc(C)c(-n3nnnc3C)c2)cc1",376.16477388000004,"Screening"
"C=CC(=O)N(C)c1ccc(C(=O)N2CCc3nc(C(C)C)ncc3C2)cc1",364.189926008,"Screening"
"C=CC(=O)N(C)c1ccc(C(=O)N(CC)CC(=O)N2CCCCCC2)cc1",371.220891788,"Screening"
"C=CC(=O)N(C)c1ccc(C(=O)NCc2cc(OC3CCC3)ccn2)cc1",365.1739415960001,"Screening"
"C=CC(=O)N(C)c1ccc(C(=O)Nc2ccccc2CC(=O)NC)cc1",351.158291532,"Screening"
"C=CC(=O)N(C)c1ccc(C(=O)NCc2ccc(SC)c(C#N)c2)cc1",365.1197978480001,"Screening"
"C=CC(=O)N(C)c1ccc(C(=O)N2CCc3c(F)cc(F)cc3C2C)cc1",370.14928432,"Screening"
"C=CC(=O)N(C)c1ccc(C(=O)N(CC(C)C)c2cnn(CC)c2)cc1",354.205576072,"Screening"
"C=CC(=O)N(C)c1ccc(C(=O)Nc2c(OC)cccc2SC)cc1",356.11946350000005,"Screening"
"C=CC(=O)N(C)c1ccc(C(=O)N2C3CCCC2CC(=O)C3)cc1",326.16304256399997,"Screening"
"C=CC(=O)N(C)c1ccc(C(=O)Nc2cc(-c3ncco3)ccc2C)cc1",361.142641468,"Screening"
"C=CC(=O)N(C)c1ccc(C(=O)N2CC(=O)N(CC(F)(F)F)C2)cc1",355.114376032,"Screening"
"C=CC(=O)N(C)c1ccc(C(=O)NC2(c3cccc(C#N)c3)CCC2)cc1",359.16337691200005,"Screening"
"C=CC(=O)N(C)c1ccc(C(=O)NC(C)CC2(O)CCOCC2)cc1",346.189257312,"Screening"
"C=CC(=O)N(C)c1ccc(C(=O)N2CCCn3nc(CO)cc3C2)cc1",354.16919056399996,"Screening"
"C=CC(=O)Nc1cc(C(=O)N2CCC(Oc3ccc(C)cn3)CC2)ccc1O",381.16885621600005,"Screening"
"C=CC(=O)N1CCc2c(cccc2NC(=O)Nc2cccc(C)c2)C1",335.163376912,"Screening"
"C=CC(=O)Nc1cc(S(=O)(=O)N(C)C)ccc1N1CCOCC1",339.125277152,"Screening"
"C=CC(=O)NCCNS(=O)(=O)c1ccc(Cl)cc1C",302.04919102,"Screening"
"C=CC(=O)N(CC(=O)OCC)c1ccc(F)c(C(F)(F)F)c1",319.08315615600003,"Screening"
"O=C(Nc1cccc(F)c1)OC1CN(C(=O)CCl)C1",286.05204814399997,"Screening"
"CCOC(=O)Cn1cccc(NC(=O)CCl)c1=O",272.056384576,"Screening"
"CS(=O)(=O)c1ccc(NC(=O)CCl)c2cnccc12",298.017890892,"Screening"
"O=C(CCl)Nc1ccc(-n2nn[nH]c2=O)cc1",253.036652176,"Screening"
"CC(C)Oc1ccc(NC(=O)CCl)cc1C(N)=O",270.07712002,"Screening"
"Cc1nc2cc(Cl)c(NC(=O)CCl)cc2s1",273.973439236,"Screening"
"C=CC(=O)NCC1(CO)CC12CCN(C(=O)OC(C)(C)C)CC2",324.204907376,"Screening"
"Cc1cccc2nc(C3CCN(C(=O)C(C)Cl)CC3)oc12",306.113505528,"Screening"
"CC(Cl)C(=O)N1CCOC(COc2ccc(F)c(F)c2)C1",319.078677492,"Screening"
"CC(Cl)C(=O)N(c1cccc(C#N)c1)C1CCC1",262.08729078,"Screening"
"CC(Cl)C(=O)N1CCN(S(=O)(=O)c2nnc[nH]2)CC1",307.050587988,"Screening"
"CC(Cl)C(=O)NC1CC(=O)N(Cc2ccccc2C(F)(F)F)C1",348.085240092,"Screening"
"CC(Cl)C(=O)NCc1ncn(Cc2cccc(F)c2)n1",296.084016968,"Screening"
"CC(Cl)C(=O)N1CCC(C(=O)N(C)c2ccccc2)C1",294.113505528,"Screening"
"CCCCS(=O)(=O)N1CCC(CNC(=O)C(C)Cl)C1",310.111791276,"Screening"
"C=C(C)CN(Cc1cnn(C(C)C)c1)C(=O)C(C)Cl",283.145140004,"Screening"
"CC(Cl)C(=O)N1C(C)CN(C(=O)C(C)(C)C)CC1C",288.16045572,"Screening"
"CC(Cl)C(=O)N[C@@H]1c2sccc2OC(C)(C)[C@H]1O",289.05394205199997,"Screening"
"CC(Cl)C(=O)N[C@H]1CCC[C@H]1Oc1ccccc1F",285.093184684,"Screening"
"CC(C)n1cc(NS(=O)(=O)c2ccc(S(=O)(=O)F)cc2)cn1",347.040976148,"Screening"
"Cc1cc(NS(=O)(=O)c2ccc(S(=O)(=O)F)cc2)c[nH]c1=O",346.00934167200006,"Screening"
"COc1cc(C=O)ccc1OCCC(=O)NC(CN(C)C)C(C)C",336.204907376,"Screening"
"CSC1(C(=O)NC2CN(c3ccccc3)C2=O)CC1",276.093248752,"Screening"
"C=CC(=O)NCCC(=O)N1CCC(n2c(C)nc3ccccc32)CC1",340.189926008,"Screening"
"C=CC(=O)Nc1ccc(C(=O)N[C@H](CC)C(=O)OC(C)(C)C)cc1",332.173607248,"Screening"
"C=CC(=O)N1CCC(C(=O)NC(CC)c2cccc(S(N)(=O)=O)c2)CC1",379.15657728,"Screening"
"C=CC(=O)N1CCC(C(=O)NC2CCN(Cc3ccc(F)cc3)C2=O)CC1",373.18016984799993,"Screening"
"C=CC(=O)Nc1cc(NC(=O)C(=O)Nc2c(C)cccc2C)ccc1F",355.133219656,"Screening"
"C=CC(=O)Nc1cc(NC(=O)c2ccc(-c3ccco3)s2)ccc1F",356.063091496,"Screening"
"Cc1ccc(F)c(N(C#N)Cc2noc(Cc3ccccc3C)n2)c1",336.13863938400004,"Screening"
"O=C1C(NC(=O)C2(c3cccnc3)CCCC2)CN1c1ccccc1",335.163376912,"Screening"
"O=Cc1ccc(C(=O)NCC2(N3CCCCC3)CCCCC2)[nH]1",317.21032710400004,"Screening"
"COc1ccccc1N1CCN(C(=O)c2csc(C=O)c2)CC1",330.103813436,"Screening"
"C=CC(=O)NCc1ccc(C(=O)N2CCN(C3CC3)c3ccccc32)cc1",361.179026976,"Screening"
"C=CC(=O)NCCC(=O)Nc1cc(C)n(C2CCCCC2)n1",304.189926008,"Screening"
"C=CC(=O)N1CCC(C(=O)NCCc2c(Cl)cccc2N2CCCC2)CC1",389.187004816,"Screening"
"O=C(CCc1ccncn1)NC1CN(c2ccccc2)C1=O",296.127325752,"Screening"
"C=CC(=O)NCCC(=O)N1Cc2ccc(O)cc2C2(CC2)C1",300.1473925,"Screening"
"CC(O)c1ncc(C=C(C#N)C(=O)NCCc2ccccc2)s1",327.104147784,"Screening"
"CC(c1cccnc1)N(C(=O)Nc1cccc(N2CCC2=O)c1)C1CC1",350.174275944,"Screening"
"CCS(=O)(=O)CCN(C#N)c1ccc(F)c(Cl)c1",290.02920452399997,"Screening"
"C=CC(=O)Nc1ccc(C(=O)N2CCc3cc(OC)c(OC)c(OC)c3CC2)cc1",410.18417193199997,"Screening"
"CCc1nnc(CN(C#N)c2ccc(F)cc2)o1",246.091689192,"Screening"
"C=CC(=O)Nc1cc(NC(=O)C(C)NC(=O)CC2CCCCC2)ccc1F",375.195819912,"Screening"
"C=CC(=O)Nc1cc(NC(=O)c2ccc3c(c2)NC(=O)CS3)ccc1F",371.073990528,"Screening"
"C=CC(=O)Nc1cc(NC(=O)CCc2ncc(-c3ccccc3)o2)ccc1F",379.13321965599994,"Screening"
"O=C(NNS(=O)(=O)c1cccc(S(=O)(=O)F)c1)c1ccccc1",358.00934167200006,"Screening"
"CC(C)n1cc(NS(=O)(=O)c2cccc(S(=O)(=O)F)c2)cn1",347.04097614799997,"Screening"
"C=CC(=O)NCCC(=O)N1CCC(C(=O)c2c(F)cc(F)cc2F)CC1",368.13477712800005,"Screening"
"O=C1C(Nc2cncc(OCCO)n2)CN1c1ccc(F)cc1",318.11281856,"Screening"
"N#CC(=Cc1cc(Br)ccc1O)C(=O)Nc1cccc2ncccc12",393.01128872400005,"Screening"
"COc1cc(C=C(C#N)C(=O)NCCc2ccccc2)cc(OC)c1O",352.14230711999994,"Screening"
"CCOC(=O)c1c(NC(=O)C(C#N)=Cc2ccc(O)c(OC)c2)sc(C)c1C",400.10929274,"Screening"
"N#CC(=Cc1ccc(O)c(C(=O)O)c1)C(=O)NCCc1ccccc1",336.111006992,"Screening"
"COc1ccc(-c2[nH]c3ccccc3c2C=O)cc1F",269.085206844,"Screening"
"O=Cc1c(-c2ccc(Cl)cc2)cc2ccccn12",255.04509162,"Screening"
"O=Cc1c(-c2ccc(Cl)c(Cl)c2)nc2ncccn12",290.996617204,"Screening"
"C=CC(=O)NCCC(=O)N[C@H]1C[C@H](c2ccc(C(F)(F)F)cc2)C1",340.139862508,"Screening"
"C=CC(=O)N(C)c1ccc(C(=O)N2C[C@@H](C)O[C@@H](c3ccc(F)cc3)C2)cc1",382.16927081600005,"Screening"
"C=CC(=O)N(C)c1ccc(C(=O)N2Cc3ccnn3CC2C)cc1",324.15862588,"Screening"
"C=CC(=O)N(C)c1ccc(C(=O)N(C)c2nnc(C)s2)cc1",316.09939675199996,"Screening"
"C=CC(=O)N(C)c1ccc(C(=O)NCc2cn(CC(O)CC)nn2)cc1",357.1800895960001,"Screening"
"C=CC(=O)N(C)c1ccc(C(=O)NC(CCO)C2CCCC2)cc1",330.194342692,"Screening"
"C=CC(=O)N(C)c1ccc(C(=O)N2CCSC(c3ccccc3)C2)cc1",366.140198944,"Screening"
"C=CC(=O)N(C)c1ccc(C(=O)N2CCc3c(CC#N)cccc3C2)cc1",359.163376912,"Screening"
"C=CC(=O)N(C)c1ccc(C(=O)N2CC[C@]3(C(=O)OC)CCCC[C@H]23)cc1",370.189257312,"Screening"
"C=CC(=O)N(C)c1ccc(C(=O)NCC2CC(CC)=NO2)cc1",315.158291532,"Screening"
"C=CC(=O)N(C)c1ccc(C(=O)N(C)CC2CC=CCC2)cc1",312.183778008,"Screening"
"C=CC(=O)N(C)c1ccc(C(=O)Nc2cnn(CC(C)C)c2CC)cc1",354.205576072,"Screening"
"C=CC(=O)N(C)c1ccc(C(=O)NC(C)c2n[nH]c(C(C)C)n2)cc1",341.18517497600004,"Screening"
"C=CC(=O)N(C)c1ccc(C(=O)N(CCNC(C)=O)C(C)C)cc1",331.18959166,"Screening"
"C=CC(=O)N(C)c1ccc(C(=O)NCCOc2cccc(C)c2)cc1",338.163042564,"Screening"
"C=CC(=O)N(C)c1ccc(C(=O)NCC#Cc2cccc(F)c2)cc1",336.127406004,"Screening"
"C=CC(=O)N(C)c1ccc(C(=O)NC(CO)Cc2cnn(C)c2)cc1",342.169190564,"Screening"
"C=CC(=O)N(C)c1ccc(C(=O)NCCC2CCC(F)(F)C2)cc1",336.164934384,"Screening"
"C=CC(=O)N(C)c1ccc(C(=O)N2CCCC(n3ccc(C(F)(F)F)n3)C2)cc1",406.161660572,"Screening"
"C=CC(=O)N(C)c1ccc(C(=O)N2CCN(c3cccc(F)c3F)CC2)cc1",385.160183352,"Screening"
"C=CC(=O)N(C)c1ccc(C(=O)N[C@@H]2CCCN(S(=O)(=O)C3CC3)C2)cc1",391.15657727999996,"Screening"
"C=CC(=O)N(C)c1ccc(C(=O)Nc2nccn2Cc2ccc(F)cc2)cc1",378.149204068,"Screening"
"C=CC(=O)N(C)c1ccc(C(=O)N2CC(C)OC3(CCCOC3)C2)cc1",358.189257312,"Screening"
"C=CC(=O)N(C)c1ccc(C(=O)N2CC(C)(C)C2c2nccn2C2CC2)cc1",378.205576072,"Screening"
"C=CC(=O)N(C)c1ccc(C(=O)N2Cc3cn[nH]c3CC(C)C2)cc1",338.174275944,"Screening"
"C=CC(=O)Nc1cc(C(=O)NCc2cc(Oc3ccc(F)cc3)ccn2)ccc1O",407.128134276,"Screening"
"C=CC(=O)Nc1ccc(N2CCC(O)CC2)cc1OCCC",304.178692628,"Screening"
"C=CC(=O)Nc1ccc(S(=O)(=O)N2CCCC2CO)cc1",310.09872805599997,"Screening"
"C=CC(=O)N(Cc1ccccn1)c1ccc(N2CCOCC2)cc1",323.163376912,"Screening"
"O=C(CCl)Nc1ccc(F)c(N2CCNC2=O)c1",271.05238249200005,"Screening"
"O=C(Nc1cccnc1)C1CCN(C(=O)CCl)CC1",281.093104432,"Screening"
"Cc1ccc(C)c(CN(C(=O)CCl)c2ccc3c(c2)CCC(=O)N3)c1",356.129155592,"Screening"
"NS(=O)(=O)c1ccc2cc(NC(=O)CCl)ccc2c1",298.017890892,"Screening"
"O=C(CCl)N1CCN(S(=O)(=O)c2cccc3cnccc23)CC1",353.060090052,"Screening"
"O=C(CCl)Nc1cnc(Oc2ccccc2)nc1",263.04615424,"Screening"
"CC(C)OCc1nc(C(C)NC(=O)CCl)no1",261.088019052,"Screening"
"COC(=O)c1ccc2c(c1)COCCN2C(=O)CCl",283.06113560800003,"Screening"
"O=C(CCl)N1CCOc2cc(Cl)c(Cl)cc21",278.96206153599996,"Screening"
"C=CC(=O)NCc1nn(C)c2c1CN(C(=O)OC(C)(C)C)CC2",320.18484062799996,"Screening"
"CC(Cl)C(=O)NCc1cc(=O)n2ccccc2n1",265.061804304,"Screening"
"CC(Cl)C(=O)N1CC(=O)N(C)C1c1ccccc1",266.0822054,"Screening"
"CC(Cl)C(=O)NC(c1ccc(F)cc1)c1cnn(C)c1",295.088768,"Screening"
"CC(Cl)C(=O)NCc1cnn(-c2ccccc2)c1C(F)(F)F",331.069924376,"Screening"
"CC(Cl)C(=O)N(C)C1CS(=O)(=O)c2ccc(Cl)cc21",320.999319636,"Screening"
"CC(Cl)C(=O)NC1(c2noc(C(F)F)n2)CCC1",279.058610744,"Screening"
"COc1cccc(-n2nc(C)c(C3COCCN3C(=O)C(C)Cl)c2C)c1",377.150619308,"Screening"
"CC(=O)N1CCC(NC(=O)C(C)Cl)c2ccc(F)cc2C1",312.104083716,"Screening"
"CC(Cl)C(=O)NCc1csc(COc2ccccc2)n1",310.05427640000005,"Screening"
"CC(Cl)C(=O)N(Cc1cccs1)[C@@H]1C=C[C@H](CO)C1",299.074677496,"Screening"
"CC(Cl)C(=O)N1Cc2ccccc2OC(C)(C)C1",267.102606496,"Screening"
"CC(Cl)C(=O)NCC1=CS(=O)(=O)c2ccccc21",285.022641924,"Screening"
"CC(Cl)C(=O)NCCS(=O)(=O)c1cccs1",280.994712924,"Screening"
"CN(CCOc1ccc(O)cc1)Cc1ccc(OS(=O)(=O)F)cc1",355.0889718959999,"Screening"
"O=C(c1ccccc1O)N1CCN(Cc2ccc(OS(=O)(=O)F)cc2)CC1",394.099870928,"Screening"
"O=C(Nc1cc(Cl)cc(Cl)c1)C1CCCN1Cc1ccc(OS(=O)(=O)F)cc1",446.0270116039999,"Screening"
"O=S(=O)(F)Oc1ccc(CN(Cc2ccco2)Cc2ccccc2O)cc1",391.088971896,"Screening"
"CCCN(Cc1ccc(OS(=O)(=O)F)cc1)Cc1ccccc1O",353.10970733999994,"Screening"
"CN(CCNC(=O)Nc1ccc(OS(=O)(=O)F)cc1)C1CC1",331.100205276,"Screening"
"CCN1CCCC1CN(Cc1ccncc1)C(=O)Nc1ccc(OS(=O)(=O)F)cc1",436.15805449999993,"Screening"
"COc1cc(OC)cc(C2CCN(C(=O)Nc3ccc(OS(=O)(=O)F)cc3)CC2)c1",438.12608567599995,"Screening"
"CC(C)(CNS(C)(=O)=O)NC(=O)Nc1ccc(OS(=O)(=O)F)cc1",383.0621055159999,"Screening"
"O=C(CC(O)C1CCCC1)Nc1ccc(OS(=O)(=O)F)cc1",331.088971896,"Screening"
"CC(CC(=O)Nc1ccc(OS(=O)(=O)F)cc1)NC(=O)C1CCCC1",372.11552099200003,"Screening"
"CCN(C(C)=O)c1ccc(NC(=O)CCl)cc1",254.0822054,"Screening"
"C=CC(=O)N1CCCOC(CNC(=O)c2c(C)cccc2F)C1",320.15362075200005,"Screening"
"C=CC(=O)N1CCO[C@]2(CC[C@H](NC(=O)c3ccc(-n4ccnn4)cc3)CC2)C1",395.1957396600001,"Screening"
"C=CC(=O)N(Cc1cccc(C)c1)[C@@H]1COc2ccccc2[C@H]1O",323.152143532,"Screening"
"O=Cc1c[nH]c2ccc(C(=O)N(CC3CC3)c3ccccc3)cc12",318.136827816,"Screening"
"CC1(Cc2ccc(Cl)c(F)c2)CCCN1c1ncc(C=O)cc1F",350.099747284,"Screening"
"C=CC(=O)N(Cc1cc(C(F)(F)F)nn1C)c1ccccc1F",327.099474916,"Screening"
"C=CC(=O)N(Cc1cc(C(N)=O)cs1)c1cc(F)cc(F)c1",322.058755064,"Screening"
"C=CC(=O)N(Cc1ccn(C2CC2(F)F)n1)c1ccc(F)cc1F",339.099474916,"Screening"
"C=CC(=O)N(Cc1cscc1F)c1cccc(N2CCNC2=O)c1",345.094725972,"Screening"
"C=CC(=O)N(Cc1csc(Br)c1)C[C@H]1CCCO1",329.00851185199997,"Screening"
"C=CC(=O)N(Cc1c(F)cccc1F)CC1(F)CCOCC1",313.12896347599997,"Screening"
"C=CC(=O)N(Cc1ccc(C(F)F)o1)C1CC(O)C12CCC2",311.133299908,"Screening"
"C=CC(=O)N(Cc1c(Cl)c(C)nn1C)CC1Cc2ccccc21",329.12948994,"Screening"
"C#Cc1ccc(CN(C(=O)C=C)c2cc3c(cc2F)CCNC3=O)cc1",348.127406004,"Screening"
"C=CC(=O)N1CCC(C(=O)Nc2cccc(-c3nnnn3CC)c2)C1",340.16477388000004,"Screening"
"C=CC(=O)N1CCC(C(=O)N(C)c2ccc(OCC)cc2)C1",302.163042564,"Screening"
"C=CC(=O)N1CCCC1C(=O)NCC1(c2ccccn2)CC1",299.163376912,"Screening"
"C=CC(=O)N1CC(CC(=O)NCC(C)(C)c2cnccn2)C1",302.174275944,"Screening"
"C=CC(=O)N1CC(CC(=O)N2CCc3ncnc(OC)c3C2)C1",316.15354049999996,"Screening"
"C=CC(=O)NCc1ccc(C(=O)NC[C@]2(O)C[C@H](C(=O)OCC)C2)cc1",360.16852186799997,"Screening"
"C=CC(=O)NCc1ccc(C(=O)N[C@H](C(N)=O)c2ccccc2)cc1",337.142641468,"Screening"
"C=CC(=O)Nc1cccc(C(=O)N[C@@H]2C[C@H]2c2ccc3ccccc3c2)c1",356.15247788,"Screening"
"C=CC(=O)Nc1ccc(C(=O)NCc2cc(C)ccc2[N+](=O)[O-])cc1",339.121906024,"Screening"
"C=CC(=O)N1CC(C(=O)Nc2nc(-c3cc(C)c(C)cc3C)c(C)s2)C1",369.151097976,"Screening"
"C=CC(=O)N1CC(C(=O)N2CCC(n3ncc(C(=O)OCC)c3C(F)(F)F)C2)C1",414.151489812,"Screening"
"C=CC(=O)N1CC(C(=O)Nc2ccccc2Oc2cccc(F)c2)C1",340.12232062400005,"Screening"
"C=CC(=O)N1CC(C(=O)NCC2(c3nc(-c4ccccc4)cs3)CCOCC2)C1",411.16166266,"Screening"
"C=CC(=O)N1CC(C(=O)NCc2nnnn2-c2cccc3ccccc23)C1",362.149123816,"Screening"
"C=CC(=O)Nc1ccccc1C(=O)NCc1cc2c(cc1OC)CC(C)O2",366.15795718399994,"Screening"
"Cc1cc(C=C(C#N)C(=O)Nc2cccc(C(F)(F)F)c2)c(C)n1-c1ccc(Br)cc1",487.050708924,"Screening"
"CCOc1ccc(C2C(Oc3cccc(C#N)c3)C(=O)N2CCOC)cc1OC",396.16852186799997,"Screening"
"Cc1cc(C=C(C#N)C(=O)N2CC[C@H](O)C2)c(C)n1CC1CCCO1",343.18959165999996,"Screening"
"COc1cc(OC)c(NC(=O)COc2ccccc2C=O)cc1Cl",349.07170029199995,"Screening"
"Cc1c(C=C(C#N)C(=O)N(C)Cc2cccs2)cc(C#N)n1C",324.10448213200004,"Screening"
"O=C(Nc1cccc(NS(=O)(=O)C=Cc2ccccc2)c1)N1CCCCCC1",399.16166266000005,"Screening"
"N#CC(=CN1CCN(Cc2ccccc2)CC1)C(=O)Nc1ccc(F)cc1",364.16993951200004,"Screening"
"CN(Cc1ccc(C#N)cc1)CN1C(=O)CC1c1ccccc1",305.152812228,"Screening"
"CCCN(Cc1ccccc1)CN1C(=O)CC1c1ccccc1",308.18886338799996,"Screening"
"Cc1nnc(CN(C#N)c2ccc(F)c(Br)c2)o1",309.986551196,"Screening"
"CCc1cccc(N(C#N)Cc2nc(CS(C)(=O)=O)no2)c1",320.094311372,"Screening"
"O=Cc1ccccc1OCC(=O)NCc1ccc(-n2ccnc2)nc1",336.1222403720001,"Screening"
"Cc1cc(C)n(CC(C)CNC(=O)COc2ccccc2C=O)n1",329.173941596,"Screening"
"Cc1ccc(F)c(N(C#N)CCCN2C(=O)CNC2=O)c1",290.11790394,"Screening"
"O=Cc1ccccc1OCC(=O)N1CCC(c2nccs2)CC1",330.103813436,"Screening"
"Cc1nc(CN2CCN(C(=O)c3ccc(C=O)cc3)CC2)cs1",329.119797848,"Screening"
"COc1ccc(Br)cc1C=C(C#N)C(=O)Nc1cc(C(F)(F)F)ccc1Cl",457.96445203200005,"Screening"
"Cc1nn(Cc2ccccc2Cl)c(C)c1C=C(C#N)C(=O)NCc1ccccc1",404.14038897200004,"Screening"
"N#CC(=Cc1cccc2ccccc12)C(=O)NCc1ccc(Cl)cc1",346.08729078,"Screening"
"COc1cc(C=C(C#N)C(=O)Nc2cc(C(F)(F)F)ccc2Cl)ccc1OCC(=O)Nc1ccc(C)cc1",543.117268492,"Screening"
"CC(C)Oc1ccccc1C=C(C#N)C(=O)Nc1cccc(C(F)(F)F)c1",374.124212444,"Screening"
"Cc1cc(C=C(C#N)C(=O)Nc2cccc(C(F)(F)F)c2)c(C)n1-c1cc(C(F)(F)F)ccc1Cl",511.088609132,"Screening"
"N#CC(=Cc1ccc2c(c1)OCO2)C(=O)Nc1ncc(Cc2cc(Cl)ccc2Cl)s1",457.00546763600005,"Screening"
"COc1cc(C=C(C#N)C(=O)Nc2cc(C(F)(F)F)ccc2Cl)ccc1OC(F)F",446.04566102399997,"Screening"
"COc1cc(C=C(C#N)C(=O)Nc2ncc(Cc3cc(Cl)ccc3Cl)s2)cc(OC)c1OC",503.04733244799996,"Screening"
"CCOc1cc(C=C(C#N)C(=O)NCc2ccco2)ccc1OCC(N)=O",369.132470708,"Screening"
"Cc1cc(C=C(C#N)C(N)=O)c(C)n1-c1cc(Cl)cc(Cl)c1",333.043567396,"Screening"
"COc1ccc(C=C(C#N)C(=O)Nc2cc(C(F)(F)F)ccc2Cl)cc1Br",457.964452032,"Screening"
"CCCCCCCCNC(=O)C(C#N)=Cc1ccc2c(c1)OCCO2",342.1943426919999,"Screening"
"CCCCCCCCNC(=O)C(C#N)=Cc1cccc(Br)c1",362.099375456,"Screening"
"CN(CCC#N)c1ccc(C=C(C#N)C(=O)Nc2cc(C(F)(F)F)ccc2Cl)cc1",432.096473472,"Screening"
"CCCCCCCCNC(=O)C(C#N)=Cc1c(F)cccc1F",320.17001976399996,"Screening"
"CC(NC(=O)C(C#N)=Cc1ccccc1OC(F)F)c1ccccc1",342.117984192,"Screening"
"CCN(Cc1ccccc1)c1ccc(C=C(C#N)C(=O)NC(C)c2ccccc2)cc1",409.215412484,"Screening"
"N#CC(=Cc1ccc(N2CCOCC2)cc1)C(=O)NCc1ccccc1",347.163376912,"Screening"
"CC(=O)N(c1cccc(Cl)c1)c1nc(C=C(C#N)C(=O)Nc2cccc(C(F)(F)F)c2)cs1",490.047809028,"Screening"
"CC(C)CCOc1ccc(C=C(C#N)C(=O)NCc2ccccc2)cc1",348.183778008,"Screening"
"CCN(CC)c1ccc(C=C(C#N)C(=O)Nc2cccc(C(F)(F)F)c2)cc1",387.15584692,"Screening"
"N#CC(=Cc1cccnc1)C(=O)Nc1ccc(SC(F)F)cc1",331.059089412,"Screening"
"N#CC(=Cc1ccc(OC(F)F)cc1)C(=O)Nc1ccc(SC(F)F)cc1",396.055561504,"Screening"
"CCCCNC(=O)C(C#N)=Cc1ccccc1C(F)(F)F",296.11364776,"Screening"
"N#CC(=Cc1ccc(Sc2ncccn2)c([N+](=O)[O-])c1)C(=O)NC1CCCCC1",409.120860468,"Screening"
"C=CC(=O)N(C)CC(=O)N1CCN(c2cccc(Br)c2)CC1",365.07388898,"Screening"
"C=CC(=O)N(C)CC(=O)NC(C)c1ccc(OC)c(OC)c1C",320.173607248,"Screening"
"C=CC(=O)N(C)CC(=O)NC(C)c1ccc(N2CCCOC2=O)cc1",345.168856216,"Screening"
"C=CC(=O)N(C)CC(=O)Nc1ccc(N(C)C)c(C(F)(F)F)c1",329.13511147599996,"Screening"
"C=CC(=O)N(C)CC(=O)N1Cc2ccccc2C[C@@H]1C(=O)NCC",329.173941596,"Screening"
"C=CC(=O)N(C)CC(=O)Nc1ccc(N(CC)C(C)=O)nc1",304.1535405,"Screening"
"C=CC(=O)N1CCCCC1C1CCCN(C(=O)C(F)(F)F)C1",318.155512572,"Screening"
"C=CC(=O)N1CCC(Cc2nc(C3(OC)CCCC3)no2)CC1",319.18959166,"Screening"
"O=Cc1cn2cc(Br)c(C(=O)O)cc2n1",267.94835412000003,"Screening"
"O=[N+]([O-])c1ccc(Nc2cnn(CC(F)(F)F)c2)c(CS(=O)(=O)F)c1",382.0358886799999,"Screening"
"COCCCn1ccc(Nc2ccc([N+](=O)[O-])cc2CS(=O)(=O)F)n1",372.090368864,"Screening"
"O=C(NCC1(c2ccc(F)cc2)CC1)c1cccc(S(=O)(=O)F)c1",351.07407078,"Screening"
"CN1CCCN(C(=O)c2ccc(S(=O)(=O)F)cc2)c2ccccc21",348.094391624,"Screening"
"NC(=O)c1ccc(CNS(=O)(=O)c2cccc(S(=O)(=O)F)c2)cn1",373.02024070399995,"Screening"
"CC(COC1CCOC1)NC(=O)c1cc(S(=O)(=O)F)c[nH]1",320.08422086400003,"Screening"
"O=C(c1cccc(S(=O)(=O)F)c1)N1CCOCC1Cc1ccccc1",363.094057276,"Screening"
"CO[C@H]1C[C@@H](CNS(=O)(=O)c2ccc(S(=O)(=O)F)cc2)C1",337.045392832,"Screening"
"O=Cc1ccc(C(=O)NC2CCN(Cc3ccccc3)CC2)s1",328.12454888,"Screening"
"Cc1[nH]c2ccc(F)cc2c1CCNC(=O)CCl",268.077868968,"Screening"
"C=CC(=O)Nc1cccc(C(=O)NCCN2CCOC(C)(C)C2)c1",331.18959166,"Screening"
"O=C(NCc1cccc(C(=O)NCC2CCCO2)c1)c1cccc(S(=O)(=O)F)c1",420.11552099200003,"Screening"
"O=S(=O)(F)c1cccc(S(=O)(=O)NCc2cccc(S(=O)(=O)N3CCCCC3)c2)c1",476.05457761200006,"Screening"
"CNS(=O)(=O)c1cccc(NC(=O)C(C)NC(=O)c2cc(S(=O)(=O)F)c[nH]2)c1",432.057354484,"Screening"
"O=C(c1ccc(S(=O)(=O)F)cc1)N1CCn2c(Cc3ccccc3)nnc2C1",400.1005396240001,"Screening"
"O=C(NCC1(c2ccccc2Cl)CC1)c1cccc(S(=O)(=O)F)c1",367.04452023999994,"Screening"
"Cc1cccc(NC(=O)N2CC3(CC(=O)N3Cc3ccccc3)C2)n1",336.15862588,"Screening"
"C=CC(=O)Nc1cccc(C(=O)Nc2cccc(N3CCN(CC)CC3)c2)c1",378.205576072,"Screening"
"C=CC(=O)Nc1cccc(C(=O)N2CCC(O)(Cc3ccncc3)CC2)c1",365.1739415960001,"Screening"
"C=CC(=O)Nc1cccc(C(=O)NC2CCCc3c2ccc(=O)n3C)c1",351.158291532,"Screening"
"O=Cc1c(-c2ccc(F)cc2)nc2ccc(C(F)(F)F)cn12",308.057275756,"Screening"
"O=C(CCl)Nc1ccc2c(c1)CCCS2(=O)=O",273.02264192399997,"Screening"
"O=C(CCl)Nc1cnn(CC2CCOCC2)c1",257.093104432,"Screening"
"C=CC(=O)N1CCC(C(=O)N2CCC=C(c3cnn(C)c3)C2)CC1",328.189926008,"Screening"
"C=CC(=O)Nc1ccc(C(=O)N(c2ccc(C)c(C)c2)C2CCOCC2)cc1",378.19434269199996,"Screening"
"O=Cc1cnc(N2CC3(CCC3)C2c2ccc(F)cc2)nc1",297.127740352,"Screening"
"C=CC(=O)NCc1ccc(C(=O)N2C(C)CC(=O)CC2C2CC2)cc1",340.178692628,"Screening"
"CCc1nc(CC(=O)Nc2ncc(S(=O)(=O)F)s2)cs1",334.98683239999997,"Screening"
"C=CC(=O)N(CC)CC(=O)Nc1ccc(N2CCCC2=O)c(Cl)c1",349.11931918,"Screening"
"C=CC(=O)N(CC)CC(=O)NC1CCN(C(=O)c2ccccc2F)CC1",361.180169848,"Screening"
"C=CC(=O)N(CC)CC(=O)N1CCCC(c2nc(C)no2)C1",306.16919056399996,"Screening"
"C=CC(=O)N(CC)CC(=O)N1CCC(NS(=O)(=O)CCC)C1",331.15657728,"Screening"
"C=CC(=O)N(CC)CC(=O)NC1CC(c2cccc(Cl)c2)C1",320.129155592,"Screening"
"C=CC(=O)N(CC)CC(=O)NC(CC)c1nc(C(F)(F)F)cs1",349.107182476,"Screening"
"C=CC(=O)N(CC)CC(=O)NC1COc2ccc(Cl)cc21",308.092770084,"Screening"
"C=CC(=O)N(CC)CC(=O)N[C@H]1CCCc2ccc(OC(C)C)cc21",344.209992756,"Screening"
"C=CC(=O)N(c1ccc(C(C)(C)C)cc1)C(C(=O)NC1CCC1)c1cccnc1",391.22597716800004,"Screening"
"C=CC(=O)N(c1ccc(C(C)(C)C)cc1)C(C(=O)NC(C)C)c1cccnc1",379.22597716800004,"Screening"
"C=CC(=O)N(C1CCC2(CCCC2)C1)C(C(=O)NC(C)(C)C)c1cccnc1",383.25727729600004,"Screening"
"C=CC(=O)N(C1CCC2(CCCC2)CC1)C(C(=O)NC(C)(C)C)c1cccnc1",397.27292736000004,"Screening"
"NS(=O)(=O)CCc1ccccc1CN1CCN(C(=O)CCl)CC1",359.10704024399996,"Screening"
"C=CC(=O)N1CCC(C(=O)N2CCc3ccccc3[C@H]2CC(=O)OC)CC1",370.18925731199994,"Screening"
"O=Cc1ccccc1S(=O)(=O)NCc1cc(C(F)F)on1",316.03293424,"Screening"
"O=Cc1ncc(Br)cc1OCc1ccc2c(c1)COC2",333.000055344,"Screening"
"C=CC(=O)N(c1ccc(C(C)(C)C)cc1)C(C(=O)NCCc1cccc(F)c1)c1cncc(Cl)c1",493.19323306800004,"Screening"
"C=CC(=O)N(c1ccc(C(F)(F)F)cc1)C(C(=O)NCCc1cccc(F)c1)c1cncc(C#N)c1",496.15223876000005,"Screening"
"COc1ccc(C=O)c(OS(=O)(=O)CC2CCCC(C)C2)c1",326.118794804,"Screening"
"C=CC(=O)N1CC(C(=O)N2CC(c3ccc(Br)cn3)C2)C1",349.04258885200005,"Screening"
"C=CC(=O)N1CC(C(=O)N2CCCN(C(=O)c3ccc(Cl)cc3)CC2)C1",375.134969244,"Screening"
"C=CC(=O)N1CC(C(=O)Nc2ccc(C)cc2-c2nc(C3CC3)n[nH]2)C1",351.16952491200004,"Screening"
"C=CC(=O)N1CC(C(=O)Nc2ccc(Sc3nncn3C)c(Cl)c2)C1",377.071323432,"Screening"
"C=CC(=O)N1CC(C(=O)Nc2nnc(Cc3ccccc3F)s2)C1",346.08997494,"Screening"
"C=CC(=O)N1CC(C(=O)N2CCCC2c2nc(Cc3ccc(F)cc3)no2)C1",384.159768752,"Screening"
"C=CC(=O)N1CC(C(=O)N2CCC(c3ccncn3)CC2)C1",300.15862588,"Screening"
"C=CC(=O)N(Cc1cccc(Cl)c1)C(C(=O)NCCc1cccc(F)c1)c1cnccc1C",465.16193294000004,"Screening"
"O=C(Nc1cncc(OS(=O)(=O)F)c1)C1(n2nccn2)CC1",327.04375302000005,"Screening"
"COC(=O)c1ccc(CCC(=O)Nc2cncc(OS(=O)(=O)F)c2)cc1",382.06348541999995,"Screening"
"CC(C)(Oc1ccc(C#N)cc1)C(=O)Nc1cncc(OS(=O)(=O)F)c1",379.063819768,"Screening"
"CC(C)Cc1nccc(C(=O)Nc2cncc(OS(=O)(=O)F)c2)n1",354.07980418,"Screening"
"COc1ccccc1C1CCN(Cc2ccc(OS(=O)(=O)F)cc2)C1",365.10970733999994,"Screening"
"Cc1ccccc1C1CN(Cc2ccc(OS(=O)(=O)F)cc2)CCO1",365.10970733999994,"Screening"
"O=S(=O)(F)Oc1ccc(CN2CCCCC2Cc2ccc(O)cc2)cc1",379.12535740399994,"Screening"
"O=S(=O)(F)Oc1ccc(CN2CCC(OC3CCOC3)CC2)cc1",359.120272024,"Screening"
"O=C(c1ccc(Cl)cc1)N1CCN(Cc2ccc(OS(=O)(=O)F)cc2)CC1",412.0659839559999,"Screening"
"O=S(=O)(F)Oc1ccc(CN2CCN(c3cccc(O)c3)CC2)cc1",366.104956308,"Screening"
"CN(CCOCCO)C(=O)Nc1ccc(OS(=O)(=O)F)cc1",336.079135484,"Screening"
"CN(CC1CCN(Cc2ccccc2)C1)C(=O)Nc1ccc(OS(=O)(=O)F)cc1",421.14715546799994,"Screening"
"COc1ccc(-c2cc(CNC(=O)Nc3ccc(OS(=O)(=O)F)cc3)on2)cc1",421.07438445199995,"Screening"
"O=C(CCCc1ccc(F)cc1)Nc1ccc(OS(=O)(=O)F)cc1",355.0689854,"Screening"
"CC(C)(C)C(CC(=O)Nc1ccc(OS(=O)(=O)F)cc1)C(F)F",353.090863716,"Screening"
"C#Cc1cc(OS(=O)(=O)F)cc(C(=O)NC(C)(C(N)=O)C(C)C)c1",356.08422086400003,"Screening"
"C=CC(=O)N1CCC[C@@H](NC(=O)c2nn(C3CCOCC3)cc2C)C1",346.20049069199996,"Screening"
"Cc1nn2c(c1C=O)CN(C(=O)OC(C)(C)C)CC2",265.142641468,"Screening"
"O=Cc1ncc(Br)cc1OCc1ccc2ccccc2c1",341.005140724,"Screening"
"COc1ccc(-c2cn(CC(=O)OC(C)(C)C)nn2)nc1C=O",318.132805056,"Screening"
"C=CC(=O)N1CCC(CC(F)F)(C(=O)NCCn2cccn2)CC1",340.171082384,"Screening"
"C=CC(=O)N(Cc1nc2c(s1)CCC2)[C@H](C)C(F)(F)F",304.08571876,"Screening"
"C=CC(=O)N(Cc1cccc(C(=O)NC)c1)c1ccc(C)cc1F",326.143056068,"Screening"
"C=CC(=O)N(Cc1ccc(Cl)o1)c1ccc(N2CCNC2=O)cc1",345.088019052,"Screening"
"C=CC(=O)N(Cc1cscc1Cl)C1CC(=O)N(C2CC2)C1",324.06992646400005,"Screening"
"C=CC(=O)NCC1(c2ccc(OC(F)F)c(OC)c2)CCCC1",325.148949972,"Screening"
"C=CC(=O)N1CCN(c2ccccc2S(=O)(=O)NC)CC1",309.11471246800005,"Screening"
"C=CC(=O)N(CCCN1CCOCC1)C1CCS(=O)(=O)C1",316.14567824799997,"Screening"
"C=CC(=O)Nc1cccc(NC(=O)CCN2CCCCC2)c1",301.179026976,"Screening"
"C=CC(=O)NC1CCCN(c2ccc(OC(F)F)cc2)C1=O",310.11289881199997,"Screening"
"C=CC(=O)N(Cc1nnc(-c2ccc(Cl)cc2)o1)C1CCCC1",331.108754496,"Screening"
"C=CC(=O)N(Cc1nnc(-c2ccccc2Cl)o1)C(C)C",305.093104432,"Screening"
"C=CC(=O)N(CCN1CCCS1(=O)=O)c1cccc(F)c1",312.094391624,"Screening"
"C=CC(=O)N(Cc1ccc(OC)c(OC)c1)C1CCCCC1C",317.199093724,"Screening"
"CC(Cl)C(=O)N1CCCN(c2nnc(C(F)(F)F)s2)CC1",342.052894408,"Screening"
"C=CC(=O)NCCC(=O)N1CCNC(=O)C1c1cccc(C)c1",315.158291532,"Screening"
"C=CC(=O)N1CCC(C(=O)NC2(CC(=O)OCC)CCOCC2)CC1",352.19982199599997,"Screening"
"C=CC(=O)NCCC(=O)N1CCCC(O)(Cc2nc(CC)no2)C1",336.179755248,"Screening"
"C=CC(=O)Nc1cc(NC(=O)CNC(=O)Nc2cccc(Cl)c2)ccc1F",390.08949627199996,"Screening"
"CC(Cl)C(=O)N1Cc2ccccc2N(C)C[C@@H]1C",266.118590908,"Screening"
"CC1(C)C(=O)NC1C1CCN(S(=O)(=O)Cc2ccccc2)CC1",336.150763628,"Screening"
"C=CC(=O)N1CCC(C(=O)NCC2CCCc3cccnc32)CC1",327.19467704000004,"Screening"
"C=CC(=O)N(C)CC(=O)N1CCN(S(=O)(=O)c2cccc(Cl)c2)CC1",385.0863048,"Screening"
"NC(=O)C1CCCN(C(=O)c2ccc3c(C=O)c[nH]c3c2)C1",299.126991404,"Screening"
"C=CC(=O)N(C)CC(=O)N1CCN(C(=O)C(CC)CC)CC1",309.205241724,"Screening"
"C=CC(=O)N(C)CC(=O)N1CCC(C(=O)NCc2ccc(F)cc2)CC1",361.180169848,"Screening"
"C=CC(=O)N(C)CC(=O)Nc1nc2c(s1)C(=O)CC(C)(C)C2",321.11471246800005,"Screening"
"C=CC(=O)N(C)CC(=O)N(CC)C(C)c1cccc(C(F)(F)F)c1",342.155512572,"Screening"
"C=CC(=O)N(C)CC(=O)NC(CC)c1nnc2n1CCCCC2",319.20082504000004,"Screening"
"C=CC(=O)N(C)CC(=O)N1CCN(C(=O)Nc2ccc(Cl)cc2)CC1",364.130218212,"Screening"
"C=CC(=O)N(C)CC(=O)N1CCC(NC(=O)CC2CCCC2)CC1",335.220891788,"Screening"
"C=CC(=O)N(C)CC(=O)NCC#Cc1ccc(C(F)(F)F)cc1",324.10856238,"Screening"
"CNC(=O)C(C)(C)CNC(=O)c1ccc2c(C=O)c[nH]c2c1",301.142641468,"Screening"
"C=CC(=O)N(C)CC(=O)NCC1(c2ccc(F)cc2F)CC1",308.133634256,"Screening"
"C=CC(=O)N(C)CC(=O)N1CCC2(CC1)OCCc1ccsc12",334.13511356400005,"Screening"
"C=CC(=O)N(C)CC(=O)NC(c1ccc(OC)cc1)C(F)(F)F",330.11912706400005,"Screening"
"C=CC(=O)N(C)CC(=O)NCc1c(OC(C)C)ccc2ccccc12",340.178692628,"Screening"
"C=CC(=O)N(C)CC(=O)NC1CCN(c2cccc(Br)c2)C1=O",379.05315353599997,"Screening"
"C=CC(=O)N(C)CC(=O)Nc1ccccc1N1CC2CCC1C2",313.179026976,"Screening"
"C=CC(=O)N(C)CC(=O)NCC1CC(c2ccc(C)c(C)c2)=NO1",329.173941596,"Screening"
"C=CC(=O)N(C)CC(=O)N1CCC(C)(c2nc3ccccc3s2)CC1",357.151097976,"Screening"
"C=CC(=O)N(C)CC(=O)NC(C)c1ccc(-c2nn[nH]n2)cc1",314.14912381600004,"Screening"
"C=CC(=O)N(C)CC(=O)NCc1ccc2c(c1)C(C)(C)C(=O)N2",315.158291532,"Screening"
"C=CC(=O)N(C)CC(=O)N1CCN(c2ccc(Cl)c(Cl)c2)CC1",355.08543220800004,"Screening"
"C=CC(=O)N(C)CC(=O)N1Cc2cnn(-c3ccccc3)c2CC(C)(C)C1",366.205576072,"Screening"
"C=CC(=O)NCCC(=O)N1CCCC(O)(c2ccccc2)C1",302.163042564,"Screening"
"COc1cncc(CNC(=O)CCOc2ccc(C=O)cc2OC)c1",344.13722174,"Screening"
"N#CC(=Cc1c(Br)n[nH]c1Br)C(=O)NC1CCCC1",385.93778520399997,"Screening"
"CCOCCCNC(=O)C(C#N)=Cc1cccc2[nH]nc(C(=O)O)c12",342.13280505599994,"Screening"
"Cc1nc(CNS(=O)(=O)c2cccc(S(=O)(=O)F)c2)no1",335.00459064,"Screening"
"CNC(=O)c1cccc(CCNS(=O)(=O)c2cccc(S(=O)(=O)F)c2)c1",400.05629186399995,"Screening"
"Cc1nc2ccc(NC(=O)c3cc(S(=O)(=O)F)c[nH]3)cn2n1",323.0488384000001,"Screening"
"O=S(=O)(F)c1cccc(S(=O)(=O)NCc2ccnc(-n3cncn3)c2)c1",397.03147408400014,"Screening"
"O=C(CCl)N1CCC(Oc2cccc(F)c2)CC1",271.07753462,"Screening"
"COCc1ncc2c(n1)CC1CCC2N1C(=O)C(C)Cl",295.108754496,"Screening"
"C=CC(=O)Nc1cccc(C(=O)NCCc2nnc3n2CCC3)c1",325.15387484800004,"Screening"
"Cn1cc(CN(C(=O)CCl)C2CCOC3(CCCC3)C2)cc1C#N",349.155704688,"Screening"
"Cc1cc(CN(C(=O)CCl)C2CCCC23CCOCC3)sn1",342.11687665600004,"Screening"
"Cc1cccc(CN(C(=O)CCl)[C@@H]2COCC[C@H]2O)c1",297.11317118,"Screening"
"O=C(CCl)N(CCC1CCOCC1)Cc1ccc2nccnc2c1",347.140054624,"Screening"
"CC(c1ccn(C)n1)N(Cc1cccc2c1CCOC2)C(=O)CCl",347.14005462399996,"Screening"
"COC(C)(C)CN(Cc1cnc(C2CC2)o1)C(=O)CCl",300.124070212,"Screening"
"O=C(CCl)N(Cc1ccon1)CC1(Cc2ccc(F)cc2)CC1",336.104083716,"Screening"
"Cn1nc(C2CC2)cc1CN(C(=O)CCl)C1COC2(CCC2)C1",337.155704688,"Screening"
"CO[C@@H]1CCC[C@H]1N(Cc1cnn(C(C)(C)C)c1)C(=O)CCl",327.17135475199996,"Screening"
"O=C(CCl)N(Cc1cc(Cl)cs1)c1cnn(C2CCC2)c1",343.03128846000004,"Screening"
"O=C(CCl)N(Cc1ccco1)C[C@]1(F)CC[C@H](CO)CC1",317.119399432,"Screening"
"O=C(CCl)N(Cc1c(F)cccc1F)[C@H]1CCC[C@@H]1O",303.08376287199997,"Screening"
"Cc1nn(C(C)C)cc1CN(C(=O)CCl)[C@H]1CCOC1",299.14005462399996,"Screening"
"CC(C)(C#N)CN(Cc1cc2cc(F)ccc2o1)C(=O)CCl",322.088433652,"Screening"
"O=C(CCl)N(Cc1cccc(C(F)F)c1)[C@H]1C[C@@H](CO)C1",317.09941293599996,"Screening"
"CO[C@H](C)CN(Cc1cc(C(F)(F)F)nn1C)C(=O)CCl",327.096139124,"Screening"
"Cc1sccc1CN(C(=O)CCl)C(C)c1ccn(C(C)C)n1",339.117211004,"Screening"
"N#CC1(CN(Cc2cccc(C3CC3)c2)C(=O)CCl)CC1",302.11859090800004,"Screening"
"CC(F)(F)c1ccccc1CN(C(=O)CCl)[C@H]1C[C@@](C)(O)C1",331.11506299999996,"Screening"
"COc1ccccc1[C@@H](C)N(Cc1ccn(C(C)C)n1)C(=O)CCl",349.15570468799996,"Screening"
"Cn1cc(Cl)c(CN(C(=O)CCl)[C@@H]2CCCCC[C@H]2O)n1",333.101082272,"Screening"
"Cc1ccc(CN(CC2COCCOC2)C(=O)CCl)c(F)c1",329.119399432,"Screening"
"O=C(CCl)N(C[C@@H]1C[C@H]1c1ccccc1)c1cn(CC2CC2)nn1",344.1403889720001,"Screening"
"COCc1cccc(CN(CC2(C)CC(F)(F)C2)C(=O)CCl)c1",345.13071306399996,"Screening"
"Cn1cc(CN(C(=O)CCl)c2ccc(C(C)(C)C)cc2)cn1",319.14514000400004,"Screening"
"CC(c1ccoc1)N(Cc1ccnn1CC1CC1)C(=O)CCl",321.12440455999996,"Screening"
"Cn1ncc(C2CCC2)c1CN(CC(C1CC1)C1CC1)C(=O)CCl",349.192090196,"Screening"
"COC(=O)N(C)CCN(Cc1cccc(OC)c1C)C(=O)CCl",342.134634896,"Screening"
"Cn1ccc(CN(CC2(C(O)c3ccccc3)CC2)C(=O)CCl)n1",347.140054624,"Screening"
"N#Cc1csc(CN(C[C@@H]2C[C@H]2c2ccco2)C(=O)CCl)c1",334.0542764,"Screening"
"O=C(CCl)N(Cc1ccc(F)cc1)C[C@]1(O)C[C@@H]2CC[C@H]1C2",325.124484812,"Screening"
"Cc1cnn(C)c1CN(CC1(C)CCC(F)(F)CC1)C(=O)CCl",347.157596508,"Screening"
"O=C(CCl)N(Cc1ccnn1C1CCC1)CC1CCC2(CC2)C1",335.176440132,"Screening"
"Cn1c(CN(C(=O)CCl)C2COC(C)(C)C2)cc2ccccc21",334.144805656,"Screening"
"O=C(CCl)N(Cc1cccc(Cl)c1F)[C@H]1C[C@H](O)C1",305.03856226799996,"Screening"
"COC(C)(CN(Cc1cc(C#N)cs1)C(=O)CCl)C1CC1",326.085576528,"Screening"
"COC1(CN(Cc2cnn(C)c2)C(=O)CCl)CCC1",285.12440456,"Screening"
"CCCCNC(=O)NC1=NC(=C(C#N)C(=O)N2CCCC2)c2ccccc21",365.18517497600004,"Screening"
"N#CC(=Cc1ccc(Cl)cc1)C(=O)Nc1ccc(C(N)=O)cc1",325.061804304,"Screening"
"CC(NC(=O)C(C#N)=Cc1ccccc1)C1CC2CCC1C2",294.17321332399996,"Screening"
"N#CC(=Cc1ccc2c(c1)OCO2)C(=O)Nc1ccc(Cl)c(S(=O)(=O)Nc2ccccc2Cl)c1",515.0109469399999,"Screening"
"CCOc1cc(N2CCOCC2)c(OCC)cc1NC(=O)C(C#N)=Cc1ccccc1",421.20015634400005,"Screening"
"Cc1ccc(NS(=O)(=O)c2ccc(Cl)c(NC(=O)C(C#N)=Cc3ccccc3)c2)cc1Cl",485.036767764,"Screening"
"CN(CCCN1C(=O)C(Oc2ccc(F)cc2Cl)C1c1cscn1)Cc1ccccc1",459.118353876,"Screening"
"Cc1ccc(NC(=O)C(C#N)=Cc2ccc3c(c2)OCO3)cc1S(=O)(=O)Nc1ccc(SC(F)F)cc1",543.0734191479999,"Screening"
"COc1ccc(C=C(C#N)C(=O)N=C2N=C3C=CC(Br)=CN3Cc3ccccc32)cc1",472.05348788400005,"Screening"
"Cc1cc(N(CCO)CCO)ccc1N=Nc1ccc(S(=O)(=O)F)cc1",381.11585533999994,"Screening"
"CC(C)(C)C1CCc2nc(NC(=O)C(C#N)=Cc3ccc(-c4ccc(Cl)cc4)o3)sc2C1",465.12777568799993,"Screening"
"N#CC(=Cc1ccc(-c2ccc([N+](=O)[O-])cc2)o1)C(=O)Nc1nc(-c2cccs2)cs1",448.02999686400005,"Screening"
"N#CC(=Cc1ccc(-c2ccccc2[N+](=O)[O-])o1)C(=O)Nc1nc(-c2cccs2)cs1",448.02999686400005,"Screening"
"N#CC(=Cc1cn(Cc2ccccc2)c2ccccc12)C(=O)Nc1nc(-c2cccs2)cs1",466.09220319600007,"Screening"
"COC(=O)c1ccc(-n2c(C)cc(C=C(C#N)C(=O)Nc3ccc(SC(F)F)cc3)c2C)cc1",481.12716897200005,"Screening"
"CC(C)(C)c1cnnn1-c1ccc(C=Cc2ccc(C=O)cc2)cc1",331.168462292,"Screening"
"N#CC(=Cc1ccc(Cl)cc1Cl)C(=O)Nc1nc2c(s1)CCN(Cc1ccccc1)C2",468.057837556,"Screening"
"CN1CCC(N(C)C(=O)C(C#N)=Cc2ccc(OC(F)F)cc2)CC1",349.160183352,"Screening"
"N#CC(=CC1=C(N2CCOCC2)C(=Cc2cccc([N+](=O)[O-])c2)CC1)C(=O)Nc1cccc(C(F)(F)F)c1",524.167139876,"Screening"
"N#CC(=Cc1ccc(N2N=C(C=Cc3ccccc3)CC2c2ccccc2)cc1)C(N)=O",418.179361324,"Screening"
"O=C1N(c2cccc(C(F)(F)F)c2)C(c2ccc(Cl)cc2)C1(F)F",361.029282688,"Screening"
"O=C1N(c2ccccc2)C(c2ccccc2)C1(F)F",259.080870412,"Screening"
"N#CC(=Cc1ccc(OC(F)F)cc1)C(=O)N1c2ccccc2Sc2ccccc21",420.074405128,"Screening"
"O=C1N(c2ccc3c(c2)OCO3)C(c2ccc(F)cc2)C1(F)F",321.06127784,"Screening"
"Cn1cc(-c2nn(-c3ccccc3)cc2C=O)c2ccccc21",301.1215121,"Screening"
"N#CC(=Cc1ccc(OC(F)F)cc1)C(=O)Nc1ccc(S(=O)(=O)N2CCOCC2)cc1",463.101348148,"Screening"
"CCN(CC)S(=O)(=O)c1ccc(NC(=O)C(C#N)=Cc2ccc(OC(F)F)cc2)cc1",449.122083592,"Screening"
"N#CC(=CC1=C(N2CCOCC2)C(=Cc2ccccc2)CC1)C(=O)Nc1cccc(C(F)(F)F)c1",479.18206166799996,"Screening"
"Cc1nn2c(nc(Sc3nnc(N)s3)c3ccccc32)c1C=O",342.03575093999996,"Screening"
"Cc1ccc(N2C(=O)C(N3C(=O)CCC3=O)C2c2ccc(F)cc2)cc1",352.12232062400005,"Screening"
"N#CC(=Cc1ccc(-c2ccc(F)cc2)o1)C(=O)Nc1nc2ccc(OC(F)(F)F)cc2s1",473.04572509200005,"Screening"
"N#CC(=Cc1ccc(-c2cccc(C(F)(F)F)c2)o1)C(=O)Nc1cccc2cccnc12",433.103811348,"Screening"
"Cc1ccc(-n2c(C)c(C=O)c3c2CCc2cn(-c4ccccc4)nc2-3)cc1",367.168462292,"Screening"
"N#CC(=Cc1ccccc1Cl)C(=O)Nc1nc2ccc(OC(F)(F)F)cc2s1",423.00560986799996,"Screening"
"CN1CCC(N(C)C(=O)C(C#N)=Cc2ccccc2)CC1",283.168462292,"Screening"
"N#CC(=Cc1c[nH]nc1-c1ccccc1)C(=O)Nc1cc(C(F)(F)F)ccc1Cl",416.065173344,"Screening"
"Cn1c(=O)n(C)c2cc(C=C(C#N)C(=O)Nc3ccc([N+](=O)[O-])cc3)ccc21",377.11240396,"Screening"
"CC(C)COc1ccc(C=C(C#N)C(=O)Nc2ccc([N+](=O)[O-])cc2O)cc1",381.13247070799997,"Screening"
"N#CC(=Cc1ccc(OCc2ccccc2)c(Cl)c1)C(N)=O",312.066555336,"Screening"
"CCOc1cc(C=C(C#N)C(=O)Nc2ccccc2[N+](=O)[O-])ccc1OC(=O)c1ccc(OC)cc1",487.1379500119999,"Screening"
"COc1ccc(C(=O)Oc2cc(C=C(C#N)C(=O)Nc3ccccc3[N+](=O)[O-])ccc2OC)cc1",473.122299948,"Screening"
"N#CC(=Cc1cccc(OC(=O)c2cccc3ccccc23)c1)C(=O)Nc1ccc(F)cc1",436.12232062400005,"Screening"
"COc1cc(OC)c(OC)cc1C=C(C#N)C(=O)Nc1ccc([N+](=O)[O-])cc1O",399.106649884,"Screening"
"COc1ccc(C=C(C#N)C(=O)Nc2cccc(C(=O)O)c2)cc1OCc1ccc(Cl)cc1",462.098249388,"Screening"
"CN(C)CCNC(=O)C(C#N)=Cc1cn(-c2ccccc2)nc1-c1ccccc1",385.19026035600007,"Screening"
"COc1cc([N+](=O)[O-])ccc1NC(=O)C(C#N)=Cc1ccc(OC)c(OCc2ccc(Cl)cc2)c1",493.10406303999997,"Screening"
"COc1cc([N+](=O)[O-])ccc1-c1ccc(C=C(C#N)C(=O)Nc2cccc(C(=O)O)c2)o1",433.09099982,"Screening"
"Cc1cc(C=C(C#N)C(=O)Nc2cccc(C(=O)O)c2)c(C)n1-c1ccc(Cl)cc1",419.10366911600005,"Screening"
"COc1cccc(C=C(C#N)C(=O)Nc2cccc(C(=O)O)c2)c1OCc1ccc(Br)cc1",506.0477338079999,"Screening"
"N#CC(=CC1=C(N2CCOCC2)C(=Cc2ccc(Cl)cc2)CC1)C(=O)Nc1ccccc1F",463.14628287600004,"Screening"
"CCCCCCOc1ccc(-c2nn(-c3ccccc3)cc2C=C(C#N)C(=O)NC2CCCCC2)cc1",496.283826392,"Screening"
"O=C1N(c2ccc(OCc3ccccc3)cc2)C(c2ccccc2F)C1(F)F",383.113313412,"Screening"
"COc1ccc(C(=O)Oc2ccc(C=C(C#N)C(=O)Nc3cc(Cl)cc(Cl)c3)cc2)cc1",466.048712352,"Screening"
"Cc1c(NC(=O)c2c(NC(=O)CCl)sc3c2CCCC3)c(=O)n(-c2ccccc2)n1C",458.117939276,"Screening"
"CCOc1ccccc1OCC(=O)NNC(=O)C(C#N)=Cc1ccccc1",365.13755608800005,"Screening"
"CCCCOc1ccc(-c2nn(-c3ccccc3)cc2C=C(C#N)C(=O)NCC2CCCO2)c(C)c1",484.24744088399996,"Screening"
"O=C(N=C1c2ccccc2CN1c1cccc(S(=O)(=O)N2CCCCC2)c1)c1cccnc1Cl",494.117939276,"Screening"
"N#CC(=Cc1ccccc1)C(=O)NNS(=O)(=O)c1cccc([N+](=O)[O-])c1",372.052840484,"Screening"
"N#CC(=Cc1cn(CCC(=O)O)nc1-c1ccc(Br)cc1)C(N)=O",388.017102376,"Screening"
"COc1ccc(-c2nn(CCC(=O)O)cc2C=C(C#N)C(N)=O)cc1OC",370.12771967599997,"Screening"
"Cc1nn(-c2ccccc2Cl)c(Cl)c1C=C(C#N)C(N)=O",320.0231663,"Screening"
"CCCCN1C(=O)CSC1=C(C#N)C(=O)Nc1cccc(OC)c1",345.114712468,"Screening"
"Cc1cccn2c(=O)c(C=O)c(Nc3ccccc3)nc12",279.100776656,"Screening"
"CCCCOC(=O)c1ccc(-c2ccc(C=C(C#N)C(=O)Nc3ncc(Cc4ccccc4Cl)s3)o2)cc1",545.117604928,"Screening"
"CC(C)(C)c1ccc(C=C(C#N)C(=O)Nc2ncc(Cc3cccc(C(F)(F)F)c3)s2)cc1",469.14356798399996,"Screening"
"N#CC(=Cc1ccc(Cl)s1)C(=O)N1CCN(c2ccccc2)CC1",357.070260812,"Screening"
"CCc1ccccc1OC1C(=O)N(CC(C)(C)N2CCOCC2)C1c1ccc(C#N)cc1",433.236541852,"Screening"
"COC(=O)COc1ccc(C=C(C#N)C(=O)NCCc2c[nH]c3ccccc23)cc1",403.15320615200005,"Screening"
"O=Cc1c(O)ccc2cc(OP(=O)(O)O)ccc12",268.013674638,"Screening"
"N#CN(c1ccc(F)c(Cl)c1)C1CCN(CC(F)(F)F)C1=O",335.04485249999993,"Screening"
"C=CC(=O)NCc1ccc(C(=O)N2CCNC(=O)C2(C)CCC)cc1",343.18959166,"Screening"
"COCCn1ccc(C(=O)NC2CN(c3ccccc3)C2=O)n1",314.13789043599996,"Screening"
"Cc1nc(C2CCCN2C(=O)Nc2ccc(N3CCC3=O)cc2)no1",341.148789468,"Screening"
"C=CC(=O)N1CCC(C(=O)NCc2cccc(C(N)=O)c2)CC1",315.158291532,"Screening"
"C=CC(=O)N1CCC(C(=O)NC(CCC)C(=O)Nc2cccc(N3CCCC3)c2)CC1",426.263090948,"Screening"
"C=CC(=O)N1CCC(C(=O)N2CCC(NC(=O)Nc3ccc(F)cc3)C2)CC1",388.19106888,"Screening"
"C=CC(=O)N1CCC(C(=O)N2CCCC2C(=O)Nc2cc(Cl)cc(Cl)c2)CC1",423.111646956,"Screening"
"C=CC(=O)N1CCC(C(=O)N(Cc2cccnc2)Cc2ccccc2C)CC1",377.210327104,"Screening"
"C=CC(=O)N1CCC(C(=O)NCC(=O)N2CCN(c3ccccc3)CC2)CC1",384.21614075599996,"Screening"
"C=CC(=O)N1CCC(C(=O)N2CCCN(c3ccccc3C#N)CC2)CC1",366.205576072,"Screening"
"C=CC(=O)N1CCC(C(=O)NCc2sc3ccc(Cl)cc3c2C)CC1",376.101226592,"Screening"
"C=CC(=O)NCCC(=O)N1CCN(C(=O)Cc2c[nH]c3ccccc23)CC1",368.18484062799996,"Screening"
"O=C(NCc1cccnn1)Nc1cccc(N2CCC2=O)c1",297.12257472,"Screening"
"O=C(Nc1cccc(N2CCC2=O)c1)N1CCCN(C2CCCC2)CC1",356.221226136,"Screening"
"C=CC(=O)NCCC(=O)N1CCC(C(=O)c2ccc3c(c2)NC(=O)C(C)O3)CC1",399.1794209,"Screening"
"C=CC(=O)NCCC(=O)N1CCCCC1C(=O)Nc1cc(F)cc(F)c1",365.155097972,"Screening"
"C=CC(=O)NCCC(=O)N1CCN(c2ncc(Cl)cc2Cl)CC1",356.080681176,"Screening"
"C=CC(=O)NCCC(=O)NCc1ccnc(Oc2ccccc2C(F)(F)F)c1",393.130026096,"Screening"
"C=CC(=O)NCCC(=O)N1CCC(C(=O)Nc2ccc(Cl)cn2)CC1",364.13021821200005,"Screening"
"C=CC(=O)NCCC(=O)N1CCN(C(=O)c2ccsc2)CC1",321.11471246800005,"Screening"
"C=CC(=O)NCCC(=O)N1CCN(C2CCN(c3ccccc3)C2=O)CC1",370.20049069199996,"Screening"
"C=CC(=O)NCCC(=O)NC(CC)C(O)c1c(F)cccc1F",326.14419894,"Screening"
"CC(O)=C(C#N)C(=O)Nc1ccc(-c2ccccc2Cl)c(Cl)c1",346.027582984,"Screening"
"C=CC(=O)N1CCN(C(=O)C23CC4CC(CC(C4)C2)C3)CC1",302.199428072,"Screening"
"C=CC(=O)N1CCC(N(CC(F)(F)F)S(C)(=O)=O)CC1",314.09119806399997,"Screening"
"C=CC(=O)NCc1cc(C(F)(F)F)ccc1N1CCN(C)CC1",327.15584692,"Screening"
"C=CC(=O)NCc1c(Cl)cccc1N(C)Cc1cccnc1",315.11383987600004,"Screening"
"C=CC(=O)NCCCC(=O)NC(C)c1ccc(OCC)cc1",304.178692628,"Screening"
"C=CC(=O)N(Cc1cc(C)nc(N2CCCCC2)n1)CC(C)C",316.226311516,"Screening"
"C=CC(=O)N(C)Cc1cccc(OC)c1OCc1ccccc1F",329.14272172,"Screening"
"C=CC(=O)N1CCC(N(C)Cc2cc(=O)[nH]c(N(C)C)n2)C1",305.18517497600004,"Screening"
"C=CC(=O)NCCC(=O)N1CCCCC1c1nc2ccccc2[nH]1",326.174275944,"Screening"
"C=CC(=O)NCCC(=O)N(C)c1ccc(C(=O)NC(C)(C)C)cc1",331.18959166,"Screening"
"C=CC(=O)N1CCC(C(=O)NC2CCOC2)(c2ccccc2)CC1",328.178692628,"Screening"
"C=CC(=O)N1CCC(C(=O)NCc2cccc(N(C)C)n2)(c2ccccc2)CC1",392.221226136,"Screening"
"C=CC(=O)N1CCC(C(=O)N2CCC(c3nccn3C)C2)(c2ccccc2)CC1",392.221226136,"Screening"
"C=CC(=O)N1CCC(C(=O)NC2COCc3ccccc32)(c2ccccc2)CC1",390.194342692,"Screening"
"Cc1csc(NS(=O)(=O)c2cccc(S(=O)(=O)F)c2)n1",335.970847988,"Screening"
"O=S(=O)(F)c1ccc(S(=O)(=O)N2CCCn3ncnc32)cc1",346.0205750520001,"Screening"
"C=CC(=O)Nc1ccccc1CC(=O)NCC1CC(=O)N(CCOC)C1",359.18450628,"Screening"
"C=CC(=O)Nc1ccccc1CC(=O)N(CCC1CCCCC1)CC(N)=O",371.220891788,"Screening"
"C=CC(=O)N1CCC(C(=O)N(CCc2ccccc2)CC(C)C)C1",328.215078136,"Screening"
"C=CC(=O)N1CCC(C(=O)Nc2nc(-c3ccccc3)c(C(C)=O)s2)C1",369.11471246799994,"Screening"
"C=CC(=O)N1CCC(C(=O)Nc2ccc(-n3nncc3C(F)(F)F)cc2)C1",379.125609412,"Screening"
"C=CC(=O)N1CCC(C(=O)Nc2ccc(Sc3ccccc3)cc2C)C1",366.140198944,"Screening"
"C=CC(=O)N1CCCc2c(C(=O)NCc3ccc(OC4CCCC4)c(OC)c3)cccc21",434.22055744,"Screening"
"C=CC(=O)N1CCCc2c(C(=O)N3CCOc4cc(C)ccc43)cccc21",362.163042564,"Screening"
"C=CC(=O)N1CCCC1C(=O)Nc1nc(-c2ccc(OC)c(Cl)c2)cs1",391.07574011599996,"Screening"
"C=CC(=O)N1CCCC1C(=O)N(Cc1c(F)cccc1F)C1CCCC1",362.180584448,"Screening"
"C=CC(=O)N1CCCC1C(=O)Nc1ccc(F)c2c1C(C)CC2(C)C",344.19000626,"Screening"
"C=CC(=O)Nc1ccc(CC(=O)NC(Cc2cc(Cl)cc(Cl)c2)C(=O)OCC)cc1",448.09566254399994,"Screening"
"C=CC(=O)Nc1ccc(CC(=O)NC(c2ccc(F)cc2)c2noc(C)n2)cc1",394.14411868800005,"Screening"
"C=CC(=O)Nc1ccc(CC(=O)Nc2ccc3oc(C)c(C)c3c2)cc1",348.1473925,"Screening"
"C=CC(=O)Nc1ccc(CC(=O)N2CC(C)c3ccc(S(N)(=O)=O)cc32)cc1",399.125277152,"Screening"
"C=CC(=O)Nc1ccc(CC(=O)NCc2nc(C(C)C)cs2)cc1",343.135447912,"Screening"
"C=CC(=O)Nc1ccc(CC(=O)NCC(O)C(F)(F)C(F)(F)F)cc1",366.10028344000006,"Screening"
"C=CC(=O)Nc1ccc(CC(=O)Nc2ccc3c(c2)C(O)CC3(C)C)cc1",364.17869262799996,"Screening"
"C=CC(=O)Nc1ccc(CC(=O)N[C@H](C)c2ccccc2F)cc1",326.143056068,"Screening"
"C=CC(=O)N1CC(CC(=O)Nc2ccc(-c3nc(C)n[nH]3)cc2)C1",325.15387484800004,"Screening"
"C=CC(=O)N1CC(CC(=O)N2CCCCC2c2nc(-c3ccccc3)no2)C1",380.18484062799996,"Screening"
"C=CC(=O)N1CC(CC(=O)N(CCO)Cc2cnn(Cc3ccccc3)c2)C1",382.20049069199996,"Screening"
"C=CC(=O)N1CC(CC(=O)N2CC(Oc3ccc(C#N)cc3)C2)C1",325.142641468,"Screening"
"C=CC(=O)Nc1cccc(CC(=O)N2Cc3ccccc3CC2c2nnc(C)o2)c1",402.169190564,"Screening"
"C=CC(=O)Nc1cccc(CC(=O)NCC2(OCCO)CCOCC2)c1",362.18417193199997,"Screening"
"C=CC(=O)Nc1cccc(CC(=O)N2CCC(C(O)c3ccc(OCC)cc3)CC2)c1",422.22055744,"Screening"
"C=CC(=O)Nc1cccc(CC(=O)NC2CCN(S(=O)(=O)c3c(C)noc3C)CC2)c1",446.16239093199994,"Screening"
"C=CC(=O)Nc1cccc(CC(=O)NCc2ccc(-n3cnc4ccccc43)cc2)c1",410.174275944,"Screening"
"C=CC(=O)Nc1cccc(CC(=O)NOCc2ccc(C(F)(F)F)cc2)c1",378.11912706400005,"Screening"
"C=CC(=O)Nc1cccc(CC(=O)NCCS(=O)(=O)c2ccc(Br)cc2)c1",450.02489018800003,"Screening"
"C=CC(=O)NCc1ccccc1CC(=O)Nc1ccc(C(=O)N(C)C)cc1OCC",409.200156344,"Screening"
"C=CC(=O)NCc1ccccc1CC(=O)N(C)c1ccc(OC(C)C)cc1",366.19434269199996,"Screening"
"C=CC(=O)NCc1ccccc1CC(=O)NCc1ccc(OCC2CCCO2)c(OC)c1",438.2154720599999,"Screening"
"C=CC(=O)NCc1ccccc1CC(=O)Nc1ccc(-n2cccn2)cc1C",374.17427594400004,"Screening"
"C=CC(=O)Nc1ccc(CCC(=O)NCc2ccccc2OCC2CC2)cc1",378.19434269199996,"Screening"
"C=CC(=O)Nc1ccc(CCC(=O)N2CCC(Cc3cc(F)ccc3F)CC2)cc1",412.196234512,"Screening"
"C=CC(=O)Nc1ccc(CCC(=O)N2CC(S(=O)(=O)c3ccccc3)C2)cc1",398.13002818399997,"Screening"
"C=CC(=O)Nc1ccc(CCC(=O)N(C)c2nc3c(s2)CC(C(F)(F)F)CC3)cc1",437.138482604,"Screening"
"C=CC(=O)Nc1ccc(CCC(=O)N(C)Cc2ccccc2Cl)cc1",356.129155592,"Screening"
"C=CC(=O)Nc1ccc(CCC(=O)NCC(OC2CCCC2)C(F)(F)F)cc1",398.18172732000005,"Screening"
"C=CC(=O)Nc1ccc(CCC(=O)NCCCN2C(=O)NC3(CCCCC3)C2=O)cc1",426.22670544,"Screening"
"CCOCCCNC(=O)C(C#N)=Cc1cccc(C(F)(F)F)c1",326.124212444,"Screening"
"COc1ccc(Br)cc1C=C(C#N)C(=O)N1CCCC1",334.03168982000005,"Screening"
"CC(C)NC(=O)C(C#N)=Cc1ccc(N2CCOCC2)cc1",299.163376912,"Screening"
"N#CC(=Cc1cccnc1)C(=O)Nc1cccc2ccccc12",299.105862036,"Screening"
"CCOCCCNC(=O)C(C#N)=Cc1ccc(OCc2ccc(C(=O)OC)cc2)c(OC)c1",452.19473661599994,"Screening"
"COc1ccc(CCNC(=O)C(C#N)=Cc2cc(OC)c(OC)cc2[N+](=O)[O-])cc1OC",441.153600076,"Screening"
"N#CC(=Cc1ccc(N(c2ccccc2)c2ccccc2)cc1)C(=O)Nc1ccc(F)c(Cl)c1",467.120068128,"Screening"
"N#CC(=Cc1cc(Br)cs1)C(=O)Nc1ccc(C(=O)O)cc1",375.951725248,"Screening"
"CCOc1cc(C=C(C#N)C(=O)NC2CCCCC2)ccc1OC(C)C(=O)N(C)C",413.231456472,"Screening"
"N#CC(=Cc1ccc(-c2cccc([N+](=O)[O-])c2)o1)C(=O)Nc1ccccc1",359.09060589600006,"Screening"
"Cc1ccc(NC(=O)C(C#N)=Cc2ccccc2OCC(=O)O)c(C)c1",350.12665705599994,"Screening"
"CC1CCCCC1NC(=O)C(C#N)=CC=Cc1ccccc1[N+](=O)[O-]",339.15829153199996,"Screening"
"CSc1ccc(C=C(C#N)C(=O)NC2CCCCC2C)cc1",314.145284324,"Screening"
"N#CC(=Cc1ccc(Sc2ncccn2)c([N+](=O)[O-])c1)C(=O)N1CCCC1",381.08956034,"Screening"
"N#CC(=Cc1ccc(OCC(=O)O)cc1)C(=O)Nc1cccc(Cl)c1Cl",390.017412224,"Screening"
"N#CC(=Cc1ccc(OC(F)F)cc1)C(=O)NCCc1ccccc1",342.117984192,"Screening"
"N#CC(=Cc1ccccc1C(F)(F)F)C(=O)NCCc1ccccc1",344.11364776,"Screening"
"N#CC(=Cc1ccc(Cl)c([N+](=O)[O-])c1)C(=O)NCCc1ccccc1",355.072368988,"Screening"
"CCOCCCNC(=O)C(C#N)=Cc1cc(Br)ccc1F",354.037918072,"Screening"
"CN1C(=CC=C(C#N)C(=O)NCC2CCCO2)C(C)(C)c2ccccc21",351.19467704,"Screening"
"CCOC(=O)c1ccc(NC(=O)C(C#N)=Cc2ccccc2OCC)cc1",364.14230712,"Screening"
"CCn1c2ccccc2c2cc(C=C(C#N)C(=O)NC(C)C)ccc21",331.168462292,"Screening"
"CCc1ccc(NC(=O)C(C#N)=Cc2cc3c(cc2[N+](=O)[O-])OCO3)cc1",365.1011705799999,"Screening"
"N#CC(=Cc1ccc(OC(F)F)cc1)C(=O)NCC1CCCO1",322.11289881199997,"Screening"
"N#CC(=Cc1ccc(OCc2ccccc2)cc1)C(=O)NCC1CCCO1",362.16304256399997,"Screening"
"COc1cc(C=C(C#N)C(=O)Nc2ccc(Oc3ccccc3)cc2)ccc1OC(F)F",436.123463496,"Screening"
"CCOC(=O)c1ccc(NC(=O)C(C#N)=Cc2ccc(-c3ccc(F)cc3)o2)cc1",404.117235244,"Screening"
"CC(C)NC(=O)C(C#N)=Cc1ccc(F)c(Br)c1",310.011703324,"Screening"
"N#CC(=Cc1ccc(C(F)(F)F)cc1)C(=O)Nc1ccc(C(=O)O)cc1",360.07217687199994,"Screening"
"CCOc1ccc(C=C(C#N)C(=O)Nc2ccc(C(=O)O)cc2)cc1OC",366.121571676,"Screening"
"CCOc1ccccc1C=C(C#N)C(=O)Nc1ccc(C(=O)O)cc1",336.11100699199994,"Screening"
"COc1cc(C=C(C#N)C(=O)Nc2cc(Cl)cc(Cl)c2)ccc1OC(F)F",412.01930404399997,"Screening"
"N#CC(=Cc1ccc(-c2ccc(F)cc2)o1)C(=O)NC1CCCCC1",338.143056068,"Screening"
"COc1cc(C=C(C#N)C(=O)Nc2ccc(S(N)(=O)=O)cc2)cc(Cl)c1OC(C)C",449.0812194199999,"Screening"
"CCOc1c(Br)cc(C=C(C#N)C(=O)NCCc2ccc(OC)c(OC)c2)cc1OC",488.094684,"Screening"
"CCOc1ccc(NC(=O)C(C#N)=Cc2ccc(C(C)(C)C)cc2)cc1",348.183778008,"Screening"
"C=CCNC(=O)C(C#N)=Cc1cn(-c2ccccc2)nc1-c1cccs1",360.10448213200004,"Screening"
"C=CCNC(=O)C(C#N)=Cc1cc(C)n(-c2cc(S(=O)(=O)N3CCOCC3)ccc2N2CCCC2)c1C",523.2253255359999,"Screening"
"Cc1c(Cl)cccc1NC(=O)C(C#N)=Cc1ccc(OCC(=O)O)cc1",370.07203463999997,"Screening"
"COC(=O)c1ccc(C=C(C#N)C(=O)Nc2ccc(N3CCOCC3)cc2)cc1",391.153206152,"Screening"
"Cc1cc(C=C(C#N)C(=O)NC(N)=O)c(C)n1-c1cccc2ccccc12",358.142975816,"Screening"
"Cc1cc(C=C(C#N)C(=O)Nc2ccccn2)c(C)n1CC(C)C",322.179361324,"Screening"
"CCOC(=O)c1c(NC(=O)C(C#N)=Cc2ccc(OC)c(O)c2)sc2c1CCCC2",426.124942804,"Screening"
"COCC(C)NC(=O)C(C#N)=Cc1cc(Cl)c(OC)c(OC)c1",338.10333476799997,"Screening"
"CC(=O)N(c1ccccc1)c1nc(C=C(C#N)C(=O)Nc2nccs2)cs1",395.0510666560001,"Screening"
"Cc1c(NC(=O)C(C#N)=Cc2ccccc2OCC(=O)O)c(=O)n(-c2ccccc2)n1C",432.14336974,"Screening"
"N#CC(=Cc1ccccc1OCC(=O)O)C(=O)Nc1ccc2c(c1)OCCO2",380.10083623199995,"Screening"
"O=S(=O)(F)c1ccc(Nc2cnn(CC(F)(F)F)c2)nc1",324.030409376,"Screening"
"O=c1[nH]c(-c2cccc(S(=O)(=O)F)c2)nc2sc3c(c12)CCC3",350.019512432,"Screening"
"O=C(CCc1ccc(S(=O)(=O)F)cc1)NCc1ccco1",311.06275714799995,"Screening"
"C=CC(=O)N(CC)CC(=O)NCc1nn(C)c2ccccc12",300.15862588,"Screening"
"C=CC(=O)N(CC)CC(=O)NCc1nc2cccc(Cl)c2n1C",334.1196535280001,"Screening"
"C=CC(=O)N(CC)CC(=O)N1CCCN(CCOC)C(=O)C1",311.18450628,"Screening"
"C=CC(=O)N(CC)CC(=O)N1CCOCC1c1nc(-c2cccs2)no1",376.12052612,"Screening"
"C=CC(=O)N(CC)CC(=O)Nc1ccc(Cl)c(F)c1N1CCOCC1",369.125547432,"Screening"
"C=CC(=O)N(CC)CC(=O)N1CCN(c2ccc(F)c(OC)c2)CC1",349.18016984799993,"Screening"
"C=CC(=O)N(CC)CC(=O)NCC1(C)OCCc2sccc21",322.135113564,"Screening"
"C=CC(=O)N(CC)CC(=O)N1CCC(N(C)c2cccc(C#N)c2)C1",340.189926008,"Screening"
"C=CC(=O)N(CC)CC(=O)NC1CCN(c2ccc(Cl)cc2F)C1=O",367.109897368,"Screening"
"C=CC(=O)N(CC)CC(=O)Nc1ccc(N2CCN(C(C)=O)CC2)cc1",358.20049069199996,"Screening"
"C=CC(=O)N1CCC(C(=O)N[C@H]2COC(C)(C)O[C@H]2c2ccccc2)CC1",372.204907376,"Screening"
"CC(Cl)C(=O)NC(C)c1cc(Cl)cc2c1OCC2",287.04798408000005,"Screening"
"C=CC(=O)NCCC(=O)N1CCCC(c2nc3c(s2)CCC3)C1",333.151097976,"Screening"
"C=CC(=O)N(C)CC(=O)NC1CC2(CCC2)Oc2ccc(Br)cc21",392.0735546320001,"Screening"
"Cc1cc(C(=O)N2CC(n3cncn3)C2)cc(C=O)c1O",286.10659030799997,"Screening"
"Cc1cc(C(=O)N2CCN(C3CC3)C(=O)C2)cc(C=O)c1O",302.126657056,"Screening"
"CC1(C)C2CN(C(=O)Cc3ccc(S(=O)(=O)F)cc3)CC21",311.09914265599997,"Screening"
"Cc1c(CNC(=O)Cc2ccc(S(=O)(=O)F)cc2)cnn1C",325.089640592,"Screening"
"C=CC(=O)N(C)CC(=O)N1CCC(c2ccccc2)(N2CCCC2)CC1",355.225977168,"Screening"
"C=CC(=O)N(C)CC(=O)NCCS(=O)(=O)N1CCCC1",303.125277152,"Screening"
"COC(=O)c1ccc2cc(CCNC(=O)CCl)oc2c1",295.061135608,"Screening"
"CCc1ccc(CNC(=O)COC(=O)c2cc(C=O)ccc2C)s1",345.10347908800003,"Screening"
"C=CS(=O)(=O)CCC(=O)Nc1cnnn1C",244.063011244,"Screening"
"C=CS(=O)(=O)CCC(=O)Nc1nc(C2CCCCC2)c(C)s1",342.10718456399997,"Screening"
"C=CS(=O)(=O)CCC(=O)Nc1cc(Cl)nc(OC)c1",304.028455576,"Screening"
"C=CS(=O)(=O)CCC(=O)Nc1ccc2c(c1)nnn2C",294.078661308,"Screening"
"C=CS(=O)(=O)CCC(=O)Nc1ccc(-n2nncc2C)cc1",320.094311372,"Screening"
"C=CS(=O)(=O)CCC(=O)Nc1cnnn1-c1ccccc1",306.078661308,"Screening"
"COCCCCN(C)C(=O)c1cc(C)c(O)c(C=O)c1",279.147058152,"Screening"
"O=Cc1ccc(C(=O)N2CCC(CSc3ccccc3)C2)c(O)c1",341.108564468,"Screening"
"C=CS(=O)(=O)CCN1CCCCC1c1cccc(Cl)c1",313.09032756,"Screening"
"C=CS(=O)(=O)CCN1CC(C)OC2(CCOC2C)C1",289.134779216,"Screening"
"C=CC(=O)N1CCC(N(Cc2noc(C(C)C)n2)C(C)=O)C1",306.16919056399996,"Screening"
"C=CC(=O)N(C)Cc1cccc(N2CC(C)CS2(=O)=O)c1",308.11946349999994,"Screening"
"C=CC(=O)NC1CCN(Cc2ccc(OC)cc2OC)C1=O",304.14230712,"Screening"
"C=CC(=O)Nc1cc(C(F)(F)F)ccc1N1CCNC(=O)C1",313.10381134799997,"Screening"
"C=CC(=O)NCC1(C(F)(F)F)CCCN1C(=O)OC(C)(C)C",322.15042719200005,"Screening"
"C=CC(=O)NC(c1ccccc1)c1ccc(Cl)c(Cl)c1",305.037419396,"Screening"
"C=CC(=O)NC(c1cccc(SC)c1)c1cc(F)ccc1F",319.08424154000005,"Screening"
"C=CC(=O)NCCCc1nn(-c2ccc(C)cc2)c(N)c1C#N",309.15896022800007,"Screening"
"C=CC(=O)N(C)C(C)c1cccc(-c2ccc(OC(C)C)cc2)c1",323.18852904000005,"Screening"
"C=CC(=O)Nc1ccc(Sc2ccc(Cl)cc2C#N)cc1",314.028061652,"Screening"
"C=CC(=O)N(C)CCCN1c2ccccc2Sc2ccccc21",324.12963426,"Screening"
"C=CC(=O)N1CCC(C(=O)Nc2cccnc2-c2csc(C)c2)CC1",355.135447912,"Screening"
"C=CC(=O)NCc1ccc(C(=O)NCC2CCCC23CCOCC3)cc1",356.20999275599996,"Screening"
"Cc1ncc(COP(=O)(O)O)c(C=O)c1O",247.02457367,"Screening"
"COc1cc(C=C(C#N)C(=O)NC2CCCCC2)cc(Cl)c1O",334.108420148,"Screening"
"COCCNC(=O)C(C#N)=Cc1cc(Br)c(O)c(OC)c1",354.02151906,"Screening"
"CCOc1ccccc1NC=C(C#N)C(=O)NC1CCCCC1",313.179026976,"Screening"
"COc1cc(C=C(C#N)C(=O)NC2CC2)c(Br)cc1O",336.01095437600003,"Screening"
"CCOC(=O)c1c(NC(=O)C(C#N)=Cc2cc(Br)ccc2O)sc(C)c1C",448.00924012400003,"Screening"
"Cc1ccc(NC=C(C#N)C(=O)Nc2cccc(C(F)(F)F)c2)cc1",345.108896728,"Screening"
"CC(=O)Nc1ccc(OCC2CO2)cc1",207.089543276,"Screening"
"O=Cc1sc(Sc2ccccc2)nc1Cl",254.957933492,"Screening"
"Cc1ccc(Nc2nc(Cl)c(C=O)s2)cc1",252.012411588,"Screening"
"O=Cc1ccc(Oc2ccc(Br)cc2)nc1",276.973840596,"Screening"
"C=CS(=O)(=O)N1CCCC1c1cnn(C)c1",241.08849772,"Screening"
"O=C(CCl)N(CCc1cccs1)Cc1ccccc1",293.06411281199996,"Screening"
"CC(C)(C)OC(=O)N1CCC(C=O)(C(F)(F)F)C1",267.108228032,"Screening"
"CC(C)(C)OC(=O)NC(CC=O)Cc1ccccc1",263.152143532,"Screening"
"O=Cc1ccc(-c2ccc(Cl)cc2[N+](=O)[O-])o1",250.998535352,"Screening"
"NS(=O)(=O)c1ccc(-c2ccc(C=O)o2)cc1",251.025228768,"Screening"
"Cc1cc(C=O)c(C)n1-c1cccc(Cl)c1Cl",267.021769332,"Screening"
"CC(C)c1nn(-c2ccc(Br)cc2)cc1C=O",292.02112513599997,"Screening"
"CN(Cc1nc2ccsc2c(=O)[nH]1)C(=O)CCl",271.01822524,"Screening"
"Cc1nn(Cc2ccc(Cl)cc2)c(O)c1C=O",250.050905272,"Screening"
"O=Cc1ccc(Cn2cc(Cl)c([N+](=O)[O-])n2)o1",255.004683352,"Screening"
"O=Cc1sc(N2CCCCC2)nc1-c1cccs1",278.054755068,"Screening"
"Cc1ccc(-n2c(N(C)C)nc(C=O)c2Cl)cc1",263.082539748,"Screening"
"O=C(CCl)N1CCN(C(=O)c2ccccc2)CC1",266.0822054,"Screening"
"CC(Cl)C(=O)Nc1sc2c(c1C#N)CCCCC2",282.05936178,"Screening"
"COc1ccc(NC(C)=O)cc1NC(=O)C(C)Cl",270.07712002,"Screening"
"CC(Cl)C(=O)Nc1ccccc1N1CCCC1=O",266.0822054,"Screening"
"Cc1cc(C=O)c(C)n1-c1ccc(F)c(F)c1F",253.0714486,"Screening"
"CC(C)NC(=O)Cc1ccc(NC(=O)CCl)cc1",268.097855464,"Screening"
"Cc1cc(OCc2ccc(C=O)o2)cc(C)c1Cl",264.055321956,"Screening"
"CC(=O)Nc1ccc(-n2c(C)cc(C=O)c2C)cc1",256.121177752,"Screening"
"CC(=O)N(c1nc(C=O)cs1)c1ccc(F)cc1F",282.027454936,"Screening"
"Cn1cc(C=O)c(-c2ccc3c(c2)OCCCO3)n1",258.100442308,"Screening"
"CC(Cl)C(=O)Nc1ccccc1Oc1ccccc1",275.07130636799997,"Screening"
"CC1CCCN(c2nc3ccccc3cc2C=O)C1",254.141913196,"Screening"
"O=Cc1cc(Br)ccc1OCC(=O)N1CCOCC1",327.01062002799995,"Screening"
"O=Cc1c(Oc2ccc(F)cc2)nc2ccccn12",256.064805748,"Screening"
"Cc1nn(-c2ccc(C(F)(F)F)cc2)c(Cl)c1C=O",288.02772521599996,"Screening"
"N#CC(=Cc1ccc(OCC(=O)O)cc1)C(=O)Nc1ccccc1Oc1ccccc1",414.121571676,"Screening"
"N#CC(=Cc1ccc(OCC(=O)O)cc1)C(=O)Nc1ccc(F)c(Cl)c1",374.046962764,"Screening"
"CC(C)c1ccc(C=C(C#N)C(=O)Nc2cc(Cl)cc(Cl)c2)cc1",358.063968492,"Screening"
"Cc1ccc(C)c(NC(=O)C(C#N)=Cc2ccc(Oc3ccc(C(C)(C)C)cc3)c([N+](=O)[O-])c2)c1",469.200156344,"Screening"
"N#CC(=CC=Cc1ccccc1[N+](=O)[O-])C(=O)NCC1CCCO1",327.121906024,"Screening"
"N#CC(=Cc1ccc(N2CCOCC2)cc1)C(=O)NC1CC1",297.147726848,"Screening"
"N#CC(=Cc1cccs1)C(=O)N1CCN(C(c2ccccc2)c2ccccc2)CC1",413.156183356,"Screening"
"COc1ccc(NC(=O)C(C#N)=Cc2sccc2C)cc1OC",328.088163372,"Screening"
"N#CC(=Cc1cccc(Br)c1)C(=O)Nc1ccc(C(=O)O)cc1",369.995304312,"Screening"
"COCCCNC(=O)C(C#N)=Cc1ccc(OC)c(Br)c1",352.042254504,"Screening"
"N#CC(=Cc1ccccc1C(F)(F)F)C(=O)NC1CCCCC1",322.129297824,"Screening"
"COc1ccc(C=C(C#N)C(=O)NCCc2ccc(OC)c(OC)c2)cc1O",382.152871804,"Screening"
"CC1CCCCC1NC(=O)C(C#N)=Cc1cc(Br)c2c(c1)OCO2",390.05790456799997,"Screening"
"Cn1ccnc1Sc1ccc(C=C(C#N)C(=O)Nc2ccc(Oc3ccccc3)cc2)cc1[N+](=O)[O-]",497.11577508799996,"Screening"
"CSc1ccc(C=C(C#N)C(=O)Nc2ccc(C(=O)O)cc2)cc1",338.07251330799994,"Screening"
"N#CC(=Cc1ccsc1)C(=O)Nc1ccc(C(=O)O)cc1",298.04121318,"Screening"
"N#CC(=Cc1sc(N2CCOCC2)nc1-c1ccccc1)C(=O)NC1CCCCC1",422.17764707199996,"Screening"
"CCOc1cc(C=C(C#N)C(=O)NC2CCCCC2C)ccc1OCC(=O)Nc1cccc(C(F)(F)F)c1",529.2188411,"Screening"
"N#CC(=Cc1ccc(C(=O)O)cc1)C(=O)Nc1ccccc1",292.084792244,"Screening"
"N#CC(=Cc1ccc(C#N)cc1)C(=O)Nc1ccc(N2CCOCC2)cc1",358.142975816,"Screening"
"N#CC(=Cc1c(Cl)cccc1Cl)C(=O)Nc1nccs1",322.968688204,"Screening"
"COc1cc(C=C(C#N)C(=O)Nc2ccc3c(c2)OCCO3)c([N+](=O)[O-])cc1OC",411.106649884,"Screening"
"COc1cc(C=C(C#N)C(=O)Nc2ccc(N3CCOCC3)cc2)ccc1OC(F)F",429.150012592,"Screening"
"Cc1cc(C=C(C#N)C(=O)Nc2ccc(N3CCOCC3)cc2)c(C)n1-c1cc(C(F)(F)F)ccc1Cl",528.153988348,"Screening"
"CCOc1cc(C=C(C#N)C(=O)Nc2nccs2)ccc1OCC(=O)N1CCOCC1",442.13109080399994,"Screening"
"CCC(C)c1ccc(NC(=O)C(C#N)=Cc2cc3c(cc2[N+](=O)[O-])OCO3)cc1",393.1324707079999,"Screening"
"Cc1ccsc1C=C(C#N)C(=O)Nc1c(C)n(C)n(-c2ccccc2)c1=O",378.11504681599996,"Screening"
"N#CC(=Cc1ccccc1OCC(=O)O)C(=O)Nc1ccc(F)cc1F",358.076513304,"Screening"
"N#CC(=Cc1cccs1)C(=O)Nc1cccc(S(=O)(=O)N2CCCCC2)c1",401.086783468,"Screening"
"N#CC(=Cc1ccc(OC(F)F)cc1)C(=O)Nc1ccccn1",315.08193303200005,"Screening"
"N#CC(=Cc1c[nH]c2ccccc12)C(=O)Nc1cccc(S(=O)(=O)N2CCCCC2)c1",434.14126156399993,"Screening"
"Cc1ccc(C=C(C#N)C(=O)Nc2cccc(S(=O)(=O)N3CCCCC3)c2)cc1",409.146012596,"Screening"
"N#CC(=CC=Cc1ccccc1)C(=O)Nc1ccc(N2CCOCC2)cc1",359.163376912,"Screening"
"N#CC(=CC=Cc1ccccc1[N+](=O)[O-])C(=O)Nc1nccs1",326.04736118,"Screening"
"CCOC(=O)c1c(-c2ccc(C)cc2)csc1NC(=O)C(C#N)=Cc1ccccc1OC(C)C",474.16132831199997,"Screening"
"N#CCCn1cc(C=C(C#N)C(=O)Nc2ccccc2C(F)(F)F)c2ccccc21",408.11979576000004,"Screening"
"COc1ccccc1C=C(C#N)C(=O)Nc1ccccc1C(=O)O",322.09535692799994,"Screening"
"COc1cc(C=C(C#N)C(=O)Nc2cc3c(cc2[N+](=O)[O-])OCCO3)ccc1OCCC(C)C",467.1692501399999,"Screening"
"Cc1ccc(C=C(C#N)C(=O)Nc2nc(C(C)(C)C)cs2)cc1",325.124883228,"Screening"
"C=CC(=O)Nc1cccc(C(=O)N2CCSCC2c2ccc(C)o2)c1",356.1194635,"Screening"
"C=CC(=O)Nc1cccc(C(=O)N2CCN(C(=O)C3CC3)CC2(C)C)c1",355.18959166,"Screening"
"C=CC(=O)Nc1cccc(C(=O)N(C)CCC2CCCO2)c1",302.16304256399997,"Screening"
"C=CC(=O)NCCC(=O)N1C[C@H](Oc2ccccc2)[C@@H](O)C1",304.14230712,"Screening"
"C=CS(=O)(=O)N1CCc2ccsc2C1C",243.038770656,"Screening"
"O=C(Nc1ccccc1F)Nc1cccc2c1CCCN2CCS(=O)(=O)F",395.11151890799994,"Screening"
"CC(Cl)C(=O)Nc1cnc(N2CC3CCC(C2)O3)nc1",296.104003464,"Screening"
"C=CC(=O)N(CC)CC(=O)N1CCCN(C(=O)c2cccc(C)c2)CC1",357.205241724,"Screening"
"C=CC(=O)N(CC)CC(=O)N(CCOC)CCc1ccccc1",318.194342692,"Screening"
"C=CC(=O)N1CCC(C(=O)N2CCCC2c2nnn[nH]2)CC1",304.16477388,"Screening"
"C=CC(=O)N(CC)CC(=O)N1CCCC(c2noc(C)n2)C1",306.169190564,"Screening"
"C=CC(=O)N(CC)CC(=O)NC(Cc1nccn1C(F)F)c1ccccc1",376.171082384,"Screening"
"C=CC(=O)N(CC)CC(=O)N1CC(CC(=O)N(C)C)c2cc(Cl)ccc21",377.150619308,"Screening"
"C=CC(=O)N(CC)CC(=O)NC(c1ncc(C)s1)C1CC1",307.135447912,"Screening"
"CC(Cl)C(=O)Nc1ccc(Cl)c(NC(=O)C2CC2)c1",300.043233048,"Screening"
"C=CC(=O)N(CC)CC(=O)NCCN1CCc2c(Cl)cccc2C1=O",363.134969244,"Screening"
"Cc1ccc(S(=O)(=O)F)cc1S(=O)(=O)N1CCOCC1",323.029742768,"Screening"
"C=CC(=O)N(C)CC(=O)NC1CCc2[nH]c(C3CCCCC3)nc2C1",344.221226136,"Screening"
"C=CC(=O)N(CC)CC(=O)NC1(c2ccc(SC)cc2)CCOC1",348.150763628,"Screening"
"C=CC(=O)N(CC)CC(=O)NC1(COC)COc2ccccc2C1",332.173607248,"Screening"
"C=CC(=O)N(CC)CC(=O)N1CCOCC1CNS(C)(=O)=O",333.135841836,"Screening"
"C=CC(=O)NCCC(=O)N[C@@H]1CC(=O)N(C)[C@H]1c1ccc(F)c(F)c1",351.139447908,"Screening"
"C=CC(=O)N(C)CC(=O)N1CCc2cc(OC)c(OC)cc2C12CCC2",358.189257312,"Screening"
"C=CC(=O)N1CCC(C(=O)N2CCC(c3cc(F)c(F)c(F)c3)C2(C)C)CC1",394.1868127,"Screening"
"Cc1cc(C(=O)N2CCN(c3ccc(F)cn3)CC2)cc(C=O)c1O",343.13321965599994,"Screening"
"Cc1noc(C(C)NC(=O)Cc2ccc(S(=O)(=O)F)cc2)n1",327.068905148,"Screening"
"Cc1noc(C(C)NC(=O)CCc2ccc(S(=O)(=O)F)cc2)n1",341.084555212,"Screening"
"O=Cc1c[nH]c2ccc(C(=O)N3CCC(CO)(Cc4ccc(F)cc4)C3)cc12",380.15362075200005,"Screening"
"COc1ccc(CC(=O)N2CCC(C3NC(=O)C3(C)C)CC2)c(C)c1",344.209992756,"Screening"
"C=CC(=O)NCCC(=O)Nc1ccc2nc(N3CCN(C)CC3)sc2c1",373.15724597600007,"Screening"
"C=CC(=O)N(CC)CC(=O)N1CC(=O)NCC1c1ccccc1",315.158291532,"Screening"
"C=CC(=O)Nc1cccc(C(=O)N2CC[C@H]3CC[C@]32c2cccnc2)c1",347.16337691200005,"Screening"
"C=CC(=O)NCCC(=O)NC1(C(=O)N2CCOCC2)CCCCC1",337.20015634400005,"Screening"
"C=CC(=O)N(CC)CC(=O)NC(c1ccc(F)cc1F)c1nccn1C",362.15543232000005,"Screening"
"C=CC(=O)N1CCC(C(=O)N2CCOc3cc(C(=O)OC)ccc3C2)CC1",372.16852186799997,"Screening"
"C=CC(=O)NCCC(=O)N1C[C@H](CO)[C@@H](c2cnn(C)c2)C1",306.16919056399996,"Screening"
"C=CC(=O)N(CC)CC(=O)N1CCN(C(=O)OCCC)CC1",311.18450628000005,"Screening"
"C=CS(=O)(=O)CCC(=O)Nc1cc(C(F)(F)F)ccc1Cl",341.010026552,"Screening"
"C=CC(=O)Nc1ccc(C(=O)NCC2CCCC3(CCC3)O2)cc1",328.17869262799996,"Screening"
"C=CS(=O)(=O)CCC(=O)Nc1cccc2[nH]ccc12",278.072513308,"Screening"
"C=CS(=O)(=O)CCC(=O)Nc1ccc(-c2ccco2)cc1",305.07217896000003,"Screening"
"C=CS(=O)(=O)CCC(=O)Nc1cc(C)ns1",260.028934244,"Screening"
"COC1(CN(Cc2cc(C(C)C)no2)C(=O)CCl)CCC1",314.139720276,"Screening"
"CCn1nccc1CN(Cc1cccc2c1CCC2)C(=O)CCl",331.145140004,"Screening"
"CNC(=O)C(C)(C)CN(Cc1nc(C(C)(C)C)co1)C(=O)CCl",343.166269372,"Screening"
"CCC(C)n1nccc1CN(C(=O)CCl)c1cn(C)nc1Cl",343.096665588,"Screening"
"Cc1cc(CN(CC2(C)COCCO2)C(=O)CCl)sn1",318.0804911480001,"Screening"
"COC(C)CN(Cc1cn(C2CCCCC2)nc1C)C(=O)CCl",341.18700481599996,"Screening"
"Cc1cc(CN(CC2(C)CCCCO2)C(=O)CCl)sn1",316.10122659200005,"Screening"
"CC(=O)N1CCC(N(Cc2cccc3cc(C)oc23)C(=O)CCl)C1",348.124070212,"Screening"
"CO[C@@H](C)CN(Cc1ccc2occc2c1)C(=O)CCl",295.097521116,"Screening"
"O=C(CCl)N(Cc1cccc(F)c1F)[C@H]1C[C@H]2OCCC[C@H]21",329.09941293599996,"Screening"
"O=C(CCl)N(CC[C@@H]1CCC[C@H]1O)Cc1cccc(C2CC2)c1",335.16520675199996,"Screening"
"Cc1ccc(F)cc1CN(CC[C@@H]1CCC[C@H]1O)C(=O)CCl",327.140134876,"Screening"
"O=C(CCl)N(CCOCC(F)(F)F)Cc1ccnn1-c1cccnc1",376.09138809200005,"Screening"
"COc1ccc(CN(CC(C)(F)F)C(=O)CCl)cc1OC1CC1",347.10997761999994,"Screening"
"COC1(CN(Cc2cnn(C)c2)C(=O)CCl)CCCCCC1",327.171354752,"Screening"
"C=CC(=O)N1Cc2ccccc2CC1CNC(=O)Cc1ccc2c(cnn2C)c1",388.18992600800004,"Screening"
"C=CC(=O)N1CCn2ncc(CNC(=O)c3cncc(-n4cccn4)n3)c2C1",378.1552718160001,"Screening"
"C=CC(=O)NCC(C)N(C)C(=O)c1ccn(C2CCOCC2)n1",320.184840628,"Screening"
"C=CC(=O)NCCCN(C)C(=O)C1CC(c2ccc(OC(F)(F)F)cc2)C1",384.16607725600005,"Screening"
"C=CC(=O)N[C@@H]1CCCN(C(=O)Cn2cc(C3CCOC3)cn2)C1",332.184840628,"Screening"
"C=CC(=O)N1CC(CC(C)NC(=O)c2c(C3CCCC3)noc2C)C1",345.205241724,"Screening"
"C=CC(=O)N1CC(CC(C)NC(=O)Cn2cc(C3CCOC3)cn2)C1",346.200490692,"Screening"
"CCOc1ccccc1CN(C(=O)CCl)[C@H]1C[C@H](OC)C1",311.128821244,"Screening"
"CC(C)(C)n1cc(CN(C(=O)CCl)c2cccc3c2CCO3)cn1",347.140054624,"Screening"
"CCn1cc(N(Cc2ccc3c(c2)CCCO3)C(=O)CCl)nn1",334.1196535280001,"Screening"
"Cc1sccc1CN(C(=O)CCl)[C@H]1CC[C@@H](CO)CC1",315.105977624,"Screening"
"COC(C)(CO)CN(Cc1csc(C)c1C)C(=O)CCl",319.10089224399997,"Screening"
"CCO[C@H]1C[C@@H](N(Cc2cc(C)nn2C)C(=O)CCl)C1",299.140054624,"Screening"
"O=C(CCl)N(Cc1cnc(C2CC2)nc1)C1CCCC12CC2",319.145140004,"Screening"
"CCn1nncc1CN(Cc1ccc2ccn(C)c2c1)C(=O)CCl",345.1356379399999,"Screening"
"COc1cc(COc2cc(C=O)c(B(O)O)cc2OC)ccc1Cl",350.07284631199997,"Screening"
"C=CS(=O)(=O)NCc1noc(C(C)(C)C)n1",245.08341234,"Screening"
"C=CS(=O)(=O)NCC(O)c1cccs1",233.018035212,"Screening"
"O=Cc1ncc(Br)cc1OCC1CCc2ccccc2CC1",359.052090916,"Screening"
"O=Cc1ncc(Br)cc1OCc1ccc2cc(Br)ccc2c1",418.915652792,"Screening"
"CC(Oc1cccc(B(O)O)c1C=O)C(=O)N1c2ccccc2CCC1C",367.159103204,"Screening"
"CCN(C(=O)COc1cccc(B(O)O)c1C=O)c1cccc2ccccc12",377.14345314,"Screening"
"O=Cc1c(OCc2ccc(F)cc2Cl)cccc1B(O)O",308.042295132,"Screening"
"CCC(Oc1cccc(B(O)O)c1C=O)C(=O)Nc1ccc(C)cc1",341.14345314,"Screening"
"O=Cc1c(OCC(=O)NCCOc2ccc(F)cc2)cccc1B(O)O",361.11329588399997,"Screening"
"CC(Oc1cccc(B(O)O)c1C=O)c1cccc([N+](=O)[O-])c1",315.09141756799994,"Screening"
"O=Cc1c(OCc2cc(Br)ccc2C(F)(F)F)cccc1B(O)O",401.98858599199997,"Screening"
"O=C1C(Oc2cccc([N+](=O)[O-])c2)C(c2ccccc2Br)N1CC1CCCO1",446.04773380800003,"Screening"
"COc1cc(OC)cc(C2C(Oc3ccc(F)c(Cl)c3)C(=O)N2CC2CCCO2)c1",435.124878736,"Screening"
"COc1ccccc1N1CCN(c2nc3ccccn3c(=O)c2C=O)CC1",364.15354049999996,"Screening"
"COc1cccc(C2C(Oc3ccc(C(F)(F)F)cc3)C(=O)N2CC2CCCO2)c1OC",451.16065752799994,"Screening"
"Cc1cccn2c(=O)c(C=O)c(N3CC(C)OC(C)C3)nc12",301.142641468,"Screening"
"Cc1ccc(C2C(Oc3ccccc3)C(=O)N2C2CCN(C(=O)c3ccco3)CC2)cc1C",444.20490737599994,"Screening"
"O=C(c1ccco1)N1CCC(N2C(=O)C(Oc3cccc(Cl)c3)C2c2ccc(Cl)s2)CC1",490.05208347999996,"Screening"
"CCOc1cc(C#N)ccc1OC1C(=O)N(C2CCN(C(=O)c3ccco3)CC2)C1c1cscn1",492.146740868,"Screening"
"O=Cc1cn(-c2ccccc2)nc1-c1cccc(S(=O)(=O)N2CCCC2)c1",381.114712468,"Screening"
"CCOC(=O)c1nc(NS(=O)(=O)C=Cc2ccccc2Cl)oc1C",370.03902026,"Screening"
"CCCn1c(C)nnc1CN(C#N)c1cc(C)ccc1F",287.15462379599995,"Screening"
"COc1cc(C=O)ccc1OC1OC(CO)C(O)C(O)C1O",314.10016753599996,"Screening"
"O=C1C2CCCC2N1CN(C1CC1)C1CCCc2ccccc21",310.20451345199996,"Screening"
"CNC(=O)c1c(NC(=O)C(C#N)=Cc2c(-c3ccccc3)nc3ccccn23)sc2c1CCCC2",481.15724597600007,"Screening"
"C=C(C)CN(CC)C(=O)C(C#N)=Cc1cc(C)n(C(C)COC)c1C",343.225977168,"Screening"
"CN(CC(=O)NCCSCc1ccco1)S(=O)(=O)C=Cc1ccccc1",394.10209918399994,"Screening"
"O=C(CNS(=O)(=O)C=Cc1ccccc1)NCc1ccc(-c2ccc(Cl)cc2)o1",430.075405768,"Screening"
"Cc1onc(-c2ccccc2)c1-c1nnc(CN2CCN(S(=O)(=O)C=Cc3ccccc3)CC2)o1",491.16272527999996,"Screening"
"Cc1cccc(OCCNS(=O)(=O)C=Cc2ccccc2)c1",317.108564468,"Screening"
"CCc1nc2cc(NC(=O)C(C#N)=Cc3cc(C#N)n(C)c3C)ccc2o1",359.138224784,"Screening"
"COc1cccc(C2C(Oc3ccccc3Cl)C(=O)N2CCCCN2CCOCC2)c1",444.181585088,"Screening"
"COc1cc(OC)cc(C2C(Oc3cc(C)ccc3C)C(=O)N2CCCCN2CCOCC2)c1",468.26242225199996,"Screening"
"N#Cc1ccc(C2C(Oc3ccc(N4CCCC4=O)cc3)C(=O)N2CCCCN2CCOCC2)cc1",488.242355504,"Screening"
"CC(=O)N1CCc2cc(NC(=O)C(NS(=O)(=O)C=Cc3ccccc3)C(C)C)ccc21",441.172227344,"Screening"
"Cc1c(C=C(C#N)C(=O)NC2CCSc3ccccc32)cc(C#N)n1C",362.12013219600004,"Screening"
"COc1ccc(OC2C(=O)N(Cc3cccc(N4CCCC4=O)c3)C2c2ccc(C)o2)cc1",446.18417193199997,"Screening"
"N#CC(=CC(Cl)=Cc1ccccc1)C(=O)NC1CCCCC1",314.11859090800004,"Screening"
"COc1ccc(OC2C(=O)N(Cc3cccc(NC(C)=O)c3)C2c2ccc(F)c(F)c2)cc1",452.154763624,"Screening"
"Cc1cc(C=C(C#N)C(=O)NNC(=O)c2ccccc2Cl)c(C)n1C1CC1",382.1196535280001,"Screening"
"COc1ccc(C=O)cc1Oc1nc(C(F)(F)F)nc2ccccc12",348.07217687200006,"Screening"
"O=Cc1cccc(Oc2nc(C(F)(F)F)nc3ccccc23)c1",318.061612188,"Screening"
"CCc1cccc(N(C#N)CC(=O)NCC2CCCO2)c1",287.163376912,"Screening"
"C=CC(=O)NCc1ccc(C(=O)Nc2ccc(C(=O)NCC(F)(F)F)cc2)cc1",405.130026096,"Screening"
"C=CC(=O)NCc1ccc(C(=O)Nc2nc(-c3ccc(F)c(F)c3)cs2)cc1",399.08530416,"Screening"
"Cc1n[nH]c(C)c1C1COCCN1C(=O)COc1ccccc1C=O",343.153206152,"Screening"
"N#CC(=Cc1sc2ccccc2c1Cl)C(=O)Nc1nccs1",344.97973155600005,"Screening"
"CCOC(=O)Cn1nc(C)c(C=C(C#N)C(=O)NC(C)C)c1C",318.16919056399996,"Screening"
"C=CC(=O)Nc1cc(NC(=O)c2cccc(C3CCCOC3)c2)ccc1F",368.153620752,"Screening"
"CCc1cccc(N(C#N)Cc2coc(-c3ccc(F)cc3)n2)c1",321.127740352,"Screening"
"Cc1nc(COc2ccc(C=C(C#N)C(=O)NCCc3ccccc3)cc2)cs1",403.135447912,"Screening"
"CCc1nc(CCNC(=O)C(C#N)=Cc2ccco2)sc1C",315.104147784,"Screening"
"CC1CN(C(C)(C)CNS(=O)(=O)C=Cc2ccccc2)CC(C)O1",352.182063756,"Screening"
"CSc1nc(Cl)cc(COC(=O)c2cc(-c3ccc(Br)cc3)nc3ccccc23)n1",498.9756875000001,"Screening"
"Cc1nc(CN(C#N)c2ccccc2)oc1-c1ccc(Cl)cc1",323.082539748,"Screening"
"CCc1ccc(NC(=O)CCl)cc1S(N)(=O)=O",276.033540956,"Screening"
"C=CC(=O)N(C)c1ccc(C(=O)N2CCC(c3cc(CO)on3)CC2)cc1",369.168856216,"Screening"
"C=CC(=O)N(C)c1ccc(C(=O)N2CCN(c3cccc(O)c3)CC2)cc1",365.17394159599996,"Screening"
"C=CC(=O)N(C)c1ccc(C(=O)N2CCN(CCOC)CC2(C)C)cc1",359.220891788,"Screening"
"C=CC(=O)N(C)c1ccc(C(=O)NCc2cc3c([nH]c2=O)CCC3)cc1",351.158291532,"Screening"
"C=CC(=O)N(C)c1ccc(C(=O)Nc2ccc3cc[nH]c(=O)c3c2)cc1",347.12699140399997,"Screening"
"C=CC(=O)N(C)c1ccc(C(=O)N(CC)c2ccc(OC)c(OC)c2)cc1",368.173607248,"Screening"
"C=CC(=O)N(C)c1ccc(C(=O)N(C)Cc2cccn2CC)cc1",325.179026976,"Screening"
"C=CC(=O)N(C)c1ccc(C(=O)Nc2nc3cc(C(N)=O)ccc3[nH]2)cc1",363.133139404,"Screening"
"C=CC(=O)N(C)c1ccc(C(=O)N2CCN(CC(C)C)C(=O)C2C)cc1",357.20524172399996,"Screening"
"C=CC(=O)N(C)c1ccc(C(=O)NC2CCc3cc(O)ccc3C2)cc1",350.163042564,"Screening"
"C=CC(=O)N(C)c1ccc(C(=O)NCCc2nc(C(C)C)nn2C)cc1",355.20082504000004,"Screening"
"C=CC(=O)N(C)c1ccc(C(=O)NC(c2ncon2)C2CC2)cc1",326.13789043599996,"Screening"
"C=CC(=O)N(C)c1ccc(C(=O)Nc2c(C(F)F)n[nH]c2C)cc1",334.124132192,"Screening"
"C#CCn1ccc(CN(CC)C(=O)c2ccc(N(C)C(=O)C=C)cc2)n1",350.174275944,"Screening"
"C=CC(=O)N(C)c1ccc(C(=O)N2CCOCC2(C)C2CC2)cc1",328.178692628,"Screening"
"C=CC(=O)N(C)c1ccc(C(=O)N2CC[C@@H](O)C[C@H]2c2ccccc2)cc1",364.178692628,"Screening"
"C=CC(=O)Nc1cc(C(=O)N[C@H]2C[C@@H](N3CCCC3)C2)ccc1O",329.17394159599996,"Screening"
"C=CC(=O)Nc1ccc(S(=O)(=O)N(CC)c2ccccc2)cc1",330.103813436,"Screening"
"C=CC(=O)N1CCCC(c2nc(C)c(C(=O)NC3CCC3)o2)C1",317.17394159599996,"Screening"
"O=C(CCl)NCCc1nc(-c2ccccc2)n[nH]1",264.077788716,"Screening"
"O=C(CCl)N1CC=C(c2c[nH]c3cc(F)c(F)cc23)CC1",310.06844715600005,"Screening"
"O=C(CCl)N1CC(Oc2cccc(Cl)c2)C1",259.016683952,"Screening"
"O=C(CCl)Nc1ccc(Oc2ccncn2)cc1",263.04615424,"Screening"
"CC(Cl)C(=O)N1CCCN2c3ccccc3CC2C1",278.11859090800004,"Screening"
"CC(Cl)C(=O)Nc1cc(F)c(OC(F)F)cc1-n1cncn1",334.04443790000005,"Screening"
"CC(Cl)C(=O)N(Cc1ccccc1-c1ccccn1)C(C)C",316.13424097200004,"Screening"
"CC(Cl)C(=O)N1CCN(C(C)C)c2ccccc2C1",280.13424097200004,"Screening"
"COCC(NC(=O)C(C)Cl)c1ccc(F)c(F)c1",277.06811280799997,"Screening"
"CC(Cl)C(=O)NCc1nnc(-c2ccncc2F)s1",300.02478784,"Screening"
"CC(Cl)C(=O)NC(C)c1nnc(-c2cccc(F)c2)s1",313.04518893600005,"Screening"
"CC(Cl)C(=O)NCC1(CS(C)(=O)=O)CCOCC1",297.0801568,"Screening"
"CC(Cl)C(=O)N1CCCCCC1c1noc(-c2cnn(C)c2)n1",337.13055256000007,"Screening"
"CC(Cl)C(=O)N1CCC(NC(=O)CC(F)(F)F)C1",286.069590028,"Screening"
"Cc1ccc(N2CCN(C(=O)C(C)Cl)CC2=O)o1",270.07712002,"Screening"
"CC(Cl)C(=O)NC1(C(=O)Nc2ccccc2)CC1",266.0822054,"Screening"
"COc1ccc([C@H]2C[C@H](NC(=O)C(C)Cl)C2)cc1F",285.093184684,"Screening"
"CCN1C(=O)CC[C@H](CNC(=O)C(C)Cl)[C@H]1c1cnn(C)c1",326.15095365600007,"Screening"
"CC(Cl)C(=O)NC[C@H]1CCC2(CCOCC2)[C@H]1O",275.128821244,"Screening"
"CCOC(=O)c1cnc(CNC(=O)CCl)nc1C(F)(F)F",325.044103552,"Screening"
"CC(Cl)C(=O)NCCc1ccc2oc(C(C)C)nc2c1",294.113505528,"Screening"
"CC(Cl)C(=O)N1CC(C2CCCC2)OC(C(F)(F)F)C1",313.105641188,"Screening"
"COc1cc([C@@H]2C[C@H]2NC(=O)CCl)ccc1F",257.061884556,"Screening"
"COCc1nnc([C@]23CC[C@H]2CCN3C(=O)C(C)Cl)o1",299.103669116,"Screening"
"CC(Cl)C(=O)N[C@H]1CC[C@H](N2CCCS2(=O)=O)CC1",308.096141212,"Screening"
"C=CC(=O)N(Cc1ccsc1)Cc1c(Cl)ncn1CC",309.070260812,"Screening"
"COc1ccccc1CN(Cc1ccn(C(F)F)n1)C(=O)CCl",343.08991087199996,"Screening"
"C=CC(=O)N(Cc1scnc1C1CC1)c1cc(C(=O)NC)ccc1OC",371.130362532,"Screening"
"O=C(CCl)N(Cc1cnc(C2CC2)o1)CC1Cc2ccccc2O1",346.108420148,"Screening"
"C=CC(=O)N(CCC(=O)NC(C)C)Cc1ccc(C)c(OC)c1",318.19434269199996,"Screening"
"C=CC(=O)N(Cc1c(F)cccc1Cl)CC1CCCOC1",311.108834748,"Screening"
"C=CC(=O)N(CCOCCOC)Cc1cn(C)nc1-c1ccc(C#N)cc1",368.184840628,"Screening"
"C=CC(=O)N(Cc1c(C)nn(C)c1Cl)c1ccc2c(c1)CCCC(=O)N2",372.135303592,"Screening"
"C=CC(=O)N(CCc1cccc(C)n1)Cc1ccccc1OC",310.16812794399993,"Screening"
"Cn1nccc1CN(CC1COc2ccccc21)C(=O)CCl",319.10875449599996,"Screening"
"C=CC(=O)N(Cc1cnsc1)c1ccc(C)c(C(=O)N(C)C(C)C)c1",357.151097976,"Screening"
"C=CC(=O)N(Cc1ccnn1CCCOC)c1ccccc1-n1nccc1C",379.20082504000004,"Screening"
"C=CC(=O)N(Cc1cc(OC)c(OC)c(OC)c1)CC(C)S(C)=O",355.1453439,"Screening"
"C=CS(=O)(=O)N1CC(C(=O)OC)C1",205.040878832,"Screening"
"C=CC(=O)N1CCCc2cc(C(=O)N3CCC(Cn4cc(C)cn4)CC3)ccc21",392.221226136,"Screening"
"C=CC(=O)NC1CCN(C(=O)OC(C)(C)C)CCC1c1ccccc1",344.209992756,"Screening"
"CC(=O)Nc1ccc(S(=O)(=O)N(C)c2ccc(OS(=O)(=O)F)cc2)cc1",402.03555642,"Screening"
"CN(c1ccc(OS(=O)(=O)F)cc1)S(=O)(=O)c1ccccc1",345.014092704,"Screening"
"O=S(=O)(c1ccc(OCC2CO2)cc1)N1CCCCC1",297.10347908800003,"Screening"
"COC(=O)c1c(C)n(C)c2ccc(OCC3CO3)cc12",275.115758024,"Screening"
"O=S(=O)(c1ccccc1)c1ccc(OCC2CO2)cc1",290.06127992800003,"Screening"
"Cc1cc(C)nc(-n2nc(C)c(OCC3CO3)c2C)n1",274.142975816,"Screening"
"CCc1nnc(NC(=O)C(C)C(C)NC(=O)C(C)Cl)s1",318.09172452800004,"Screening"
"CC(Cl)C(=O)N1CCCC(CNS(=O)(=O)C2CC2)C1",308.096141212,"Screening"
"CC(Cl)C(=O)N1CCC2(CC1)CCS(=O)(=O)CC2",293.08524218,"Screening"
"O=C(CCl)N1CCc2[nH]nc(-c3ccccc3)c2C1",275.082539748,"Screening"
"Cc1nn(C)c(C)c1[C@H]1[C@H](CNC(=O)C(C)Cl)CC(=O)N1C",326.150953656,"Screening"
"CC(Cl)C(=O)N1C[C@H](C(F)(F)F)[C@@H](S(=O)(=O)N(C)C)C1",336.052225712,"Screening"
"CC(Cl)C(=O)N1[C@@H](C)COC[C@H]1c1ccccc1",267.102606496,"Screening"
"C=CC(=O)N(Cc1scnc1C1CC1)c1cccc(F)c1",302.08891232,"Screening"
"C=CC(=O)N(CCCOCC1CCCO1)Cc1ccc(C)cc1-c1cnn(C)c1",397.2365418520001,"Screening"
"C=CC(=O)N(Cc1cnc(C2CC2)o1)c1cccc(OCC2CCCO2)c1",368.173607248,"Screening"
"C=CC(=O)N(Cc1cc(C#N)n(C)c1C)c1cccc(N2CCCS2(=O)=O)c1",398.141261564,"Screening"
"C=CC(=O)N(CCc1nc(C)cs1)Cc1ccnn1CC1CCC1",344.167082388,"Screening"
"CCn1cc(N(Cc2cc3ccccc3o2)C(=O)CCl)cn1",317.093104432,"Screening"
"C=CC(=O)N(Cc1cc(C#N)n(C)c1)c1cccc(CN(CC)C(C)=O)c1",364.189926008,"Screening"
"C=CC(=O)N(CCCC(=O)NC)Cc1ccc(-c2ccccc2)o1",326.16304256399997,"Screening"
"C=CC(=O)N(Cc1csc(CC)n1)c1cccc2c1OCCO2",330.10381343599994,"Screening"
"C=CC(=O)N(CCn1cccn1)Cc1ccc(C)cc1-c1ccnn1C",349.19026035600007,"Screening"
"C#Cc1ccc(CN(Cc2c(C)nn(CC)c2C)C(=O)C=C)cc1",321.184112356,"Screening"
"C=CC(=O)N(Cc1cnc(C(C)O)s1)c1cc(C)c(NC(C)=O)c(C)c1",373.14601259600005,"Screening"
"C=CC(=O)N(Cc1cc(C#N)n(C)c1)c1ccn(CC(F)(F)F)n1",337.11504472800004,"Screening"
"C=CC(=O)N(Cc1ccnn1C1CCCC1)C[C@H]1CCCN1S(C)(=O)=O",380.188211756,"Screening"
"C=CC(=O)N(Cc1cnn(C(C)C)c1)CC1(OC)CCCCC1",319.225977168,"Screening"
"C=CC(=O)N(Cc1ccnn1C)CC1(c2cc(F)cc(C(F)(F)F)c2)CC1",381.146425108,"Screening"
"C=CC(=O)N(Cc1cnc(C(C)O)s1)CC1CC(c2ccc(C)cc2)=NO1",385.14601259600005,"Screening"
"C=CC(=O)N(CCc1cc(C)no1)Cc1cccc(-c2cnn(C)c2)c1",350.17427594400004,"Screening"
"C=CC(=O)N(Cc1cc(C(N)=O)cs1)C[C@@H]1CCO[C@H]1c1cnn(C)c1",374.14126156400005,"Screening"
"C=CC(=O)N(C)c1ccc(C(=O)N(C)CC2CCCN2c2cccnn2)cc1",379.20082504000004,"Screening"
"C=CC(=O)NCc1cc(C)n(-c2ccc(OC)c(OC)c2)c1C",314.163042564,"Screening"
"CO[C@@]1(C(F)(F)F)C[C@@H]2C[C@H]1C[C@H]2NC(=O)C(C)Cl",299.089991124,"Screening"
"C=CC(=O)Nc1cc(NC(=O)C2Cc3cc(C)ccc3S2)ccc1F",356.09947700400005,"Screening"
"COc1cccc(CNc2ccc(F)cc2)c1OS(=O)(=O)F",329.053335336,"Screening"
"Cc1nc(-c2ccc(OCC3CO3)cc2)cs1",247.066699656,"Screening"
"O=C(c1cccc(OCC2CO2)c1)N1CCCC1",247.120843404,"Screening"
"Cc1cc(CN2CCOCC2)cc(C)c1OCC1CO1",277.167793596,"Screening"
"N#Cc1ccc(Oc2ccc(OCC3CO3)cc2)cc1",267.08954327600003,"Screening"
"c1cc(-c2noc(C3CC3)n2)ccc1OCC1CO1",258.100442308,"Screening"
"FC(F)(F)c1ccc2ccc(OCC3CO3)cc2n1",269.06636322,"Screening"
"CC(Cl)C(=O)NCCOc1ccc(S(=O)(=O)C(F)(F)F)cc1",359.02059123600003,"Screening"
"CC(Cl)C(=O)NC1CS(=O)(=O)Cc2ccccc21",287.038291988,"Screening"
"COc1ccc2ccccc2c1-c1cc(CNC(=O)C(C)Cl)on1",344.09277008400005,"Screening"
"CC(Cl)C(=O)NCC1CCc2nc(C(F)(F)F)cn2C1",309.0855744400001,"Screening"
"CCNC(=O)c1cn(-c2ccccc2)nc1C1CCCN(C(=O)C(C)Cl)C1",388.16660372,"Screening"
"CCC(C)C1CN(Cc2ccc(C)nc2)CCN1C(=O)C(C)Cl",337.192090196,"Screening"
"CC(Cl)C(=O)NC1CCc2ccccc2-n2ccnc21",289.098189812,"Screening"
"Cc1ccc(C(NC(=O)C(C)Cl)C(C)S(C)(=O)=O)cc1",317.08524217999997,"Screening"
"Cc1ccc2nc(-c3ccc(F)cc3)c(CNC(=O)C(C)Cl)n2c1",345.104418064,"Screening"
"C=CC(=O)N(C)c1ccc(C(=O)NCc2nc(COC)no2)cc1",330.132805056,"Screening"
"C=CC(=O)N(CC)CC(=O)N1CCN(C2CCCOC2)CC1",309.205241724,"Screening"
"CC1(Cn2cc(-c3ccc(S(=O)(=O)F)cc3)nn2)CNC1",310.08997494000005,"Screening"
"C=CC(=O)N(C)CC(=O)N1CCc2c(Cl)cc(Br)cc2C1",370.00836753199997,"Screening"
"CCN(C(=O)COc1cccc(B(O)O)c1C=O)C1CCS(=O)(=O)C1",369.10535338,"Screening"
"COc1cc(Cl)c(C)cc1NC(=O)C(C)Oc1cccc(B(O)O)c1C=O",391.09939540799996,"Screening"
"CCOc1ccc(S(=O)(=O)N2CCOCC2)cc1NC(=O)COc1cccc(B(O)O)c1C=O",492.13738177999994,"Screening"
"NC(=O)C1(c2ccccc2)CCN(C(=O)c2ccc3[nH]cc(C=O)c3c2)C1",361.14264146799997,"Screening"
"Cc1oncc1CNC(=O)c1cc(Br)cc(C=O)c1",321.99530431200003,"Screening"
"Cn1cc(C=O)cc1C(=O)Nc1ccc(-n2cccn2)cc1",294.111675688,"Screening"
"CC(C)c1ccc(COc2cc(Br)cnc2C=O)cc1[N+](=O)[O-]",378.02151906,"Screening"
"COc1cc(B(O)O)c(C=O)cc1OCc1cc(C(C)C)no1",319.122717696,"Screening"
"COc1cc(B(O)O)c(C=O)cc1OCC(=O)NCc1ccccc1",343.122717696,"Screening"
"COc1ccc(B(O)O)c(C=O)c1OCC(=O)N(C)Cc1ccc(C)cc1",371.154017824,"Screening"
"COc1cc(C=O)c(B(O)O)cc1OCC(=O)N(CC1CCCO1)C1CCS(=O)(=O)C1",455.14213281199994,"Screening"
"Cc1nc(C2CCN(C(=O)CCl)CC2)nc2c1CCC2",293.12948994,"Screening"
"COCC1CCCN(C(=O)c2ccc(B(O)O)c(C=O)c2)C1",305.14345313999996,"Screening"
"CCOC(=O)C[C@H](NC(=O)c1ccc(B(O)O)c(C=O)c1)C1CC1",333.13836776,"Screening"
"COCC(=O)N1CCCC(NC(=O)c2ccc(B(O)O)c(C=O)c2)C1",348.149266792,"Screening"
"COC(=O)CCCOc1ccc(CNC(=O)c2ccc(B(O)O)c(C=O)c2)cc1",399.1489324439999,"Screening"
"O=Cc1cc(C(=O)N(Cc2ccc(F)cc2Cl)CC2CC2)ccc1B(O)O",389.10014435599993,"Screening"
"CC(C)CN(Cc1cnn(C)c1)C(=O)c1ccc(B(O)O)c(C=O)c1",343.1703365839999,"Screening"
"O=Cc1cc(C(=O)NCc2cc(F)ccc2Br)ccc1B(O)O",379.00267858399997,"Screening"
"O=Cc1cc(C(=O)Nc2ccc(CC(=O)N3CCOCC3)cc2)ccc1B(O)O",396.149266792,"Screening"
"CN(C[C@]12CCC[C@H]1OCC2)c1cccc(O)c1C=O",275.152143532,"Screening"
"C=C(C)CNC(=O)C(CC(C)C)n1cccc1C=O",262.168127944,"Screening"
"O=Cc1cc(-c2cn(-c3ccccc3Cl)nn2)c[nH]1",272.04648858800005,"Screening"
"Cc1nsc(C=O)c1C(=O)N1CCC2(CCCC2)CC1",292.12454888,"Screening"
"CN(Cc1cccc(C(N)=O)c1)C(=O)c1cc(Br)c2ncc(C=O)n2c1",414.0327524400001,"Screening"
"O=Cc1c[nH]c2c(OC(F)(F)F)cc(Cl)cc12",262.99609074,"Screening"
"COC(=O)C[C@H](Cc1cccc(C#N)c1)NC(=O)CCl",294.07712002,"Screening"
"O=C(CCl)N1CC(n2c(=O)oc3ccccc32)C1",266.045819892,"Screening"
"O=C(CCl)NCc1ccc(N2CCCOC2=O)cc1",282.07712002,"Screening"
"CCn1nc(C)c(NC(=O)CCl)c1C(=O)OC",259.072368988,"Screening"
"Cn1cc(NC(=O)CCl)c(OCC(F)(F)F)n1",271.03353886800005,"Screening"
"CCn1nc(NC(=O)CCl)cc1C(F)(F)F",255.038624248,"Screening"
"CO[C@H]1CCC[C@H]1N(Cc1ccc(CF)cc1)C(=O)CCl",313.12448481200005,"Screening"
"O=C(CCl)N(CCc1ccco1)Cc1ccnn1-c1ccccc1",343.108754496,"Screening"
"Cc1cc(F)cc(CN(C(=O)CCl)[C@@H]2COC[C@H]2O)c1",301.088099304,"Screening"
"COc1cc(C#N)ccc1CN(C[C@@H](C)OC)C(=O)CCl",310.108420148,"Screening"
"O=C(CCl)N(Cc1ccc(C2CC2)cc1)[C@H]1COC[C@H]1CO",323.12882124399994,"Screening"
"COc1cccc(Cl)c1CN(C(=O)CCl)[C@@H]1COC[C@H]1O",333.053463384,"Screening"
"O=C(CCl)N(Cc1ccsc1)Cc1cc2ccccc2o1",319.04337736799994,"Screening"
"CNC(=O)[C@@H]1C[C@H](Oc2ccccc2)CN1C(=O)c1ccc(B(O)O)c(C=O)c1",396.149266792,"Screening"
"O=Cc1cc(C(=O)NCc2noc3c2CC(F)(F)CC3)ccc1B(O)O",364.10420842,"Screening"
"CP(C)(=O)CCC1CCCCN1C(=O)c1ccc(B(O)O)c(C=O)c1",365.15633992999994,"Screening"
"O=Cc1cc(C(=O)N2CC[C@H]3[C@@H]2C[C@]3(O)C(F)(F)F)ccc1B(O)O",357.09953764,"Screening"
"CP(C)(=O)C(CCNC(=O)c1ccc(B(O)O)c(C=O)c1)c1ccccc1",387.140689866,"Screening"
"CP(C)(=O)c1cnn(CCNC(=O)c2ccc(B(O)O)c(C=O)c2)c1",363.11553773799994,"Screening"
"Cc1nccc(CCNC(=O)c2ccc(B(O)O)c(C=O)c2)n1",313.123386392,"Screening"
"CC(Cl)C(=O)N1CCC(N(C)Cc2cccc(C(F)(F)F)c2)CC1",362.137275664,"Screening"
"CC(C)CC(NC(=O)C(C)Cl)C(=O)Nc1cc[nH]n1",286.119653528,"Screening"
"CC(Cl)C(=O)N1CCCC1C1CCCN(Cc2ccccc2)C1",334.18119116400004,"Screening"
"CC(Cl)C(=O)N1CCN(C(C)c2nc(-c3cccc(C(F)(F)F)c3)no2)CC1",416.12268822,"Screening"
"CCN(CC)S(=O)(=O)c1ccc(CCNC(=O)C(C)Cl)s1",352.06821221200005,"Screening"
"COCCNC(=O)Cn1cc(NC(=O)CCl)cn1",274.08326802000005,"Screening"
"CC(Cl)C(=O)N(C)Cc1nc2ccccc2n1C(F)F",301.079346188,"Screening"
"CC(Cl)C(=O)NCc1ccc(Cn2ccccc2=O)cc1",304.097855464,"Screening"
"O=C(CCl)NCCNC(=O)Cc1ccc(F)cc1",272.072783588,"Screening"
"Cc1ccc(NC(=O)COc2ccc(CCNC(=O)C(C)Cl)cc2)cc1",374.13972027600005,"Screening"
"CC(Cl)C(=O)Nc1ccc2oc(N(C)C)nc2c1",267.077454368,"Screening"
"CCOc1cccc(N2CCN(C(=O)C(C)Cl)CC2)n1",297.12440456,"Screening"
"CC(Cl)C(=O)NCc1cccnc1Oc1cccc(S(C)(=O)=O)c1",368.05975570399994,"Screening"
"CC(Cl)C(=O)N(C)CCC1CCCCN1C",246.14989103599999,"Screening"
"CC(Cl)C(=O)N1CCCCC1c1nc(C(C)(C)C)cs1",314.12196203600007,"Screening"
"CC(Cl)C(=O)NCCNS(=O)(=O)Cc1ccon1",295.039354608,"Screening"
"CC(Cl)C(=O)NCC1CCCCC1OCC(F)(F)F",301.105641188,"Screening"
"CC(Cl)C(=O)NCC(CO)Cc1ccccc1OC(F)(F)F",339.084905744,"Screening"
"O=C(CCl)NCc1nc2cc(Cl)ccc2s1",273.973439236,"Screening"
"CC(Cl)C(=O)NC1CCN(Cc2cscn2)CC1",287.085910876,"Screening"
"COc1ccc(S(=O)(=O)N2CCCN(C(=O)CCl)CC2)cc1",346.07540576800005,"Screening"
"CCOC(C)c1nc(CN(C)C(=O)C(C)Cl)cs1",290.085576528,"Screening"
"CC(Cl)C(=O)N1CCC(c2nc3cc(F)ccc3s2)CC1",326.065590032,"Screening"
"CC1CN(C(CNC(=O)C(C)Cl)c2c(F)cccc2F)CC(C)O1",360.141612096,"Screening"
"CC(Cl)C(=O)Nc1ccc(F)c(S(=O)(=O)NC2CC2)c1",320.039769208,"Screening"
"CC(Cl)C(=O)Nc1ccc2nc(C3CC3)oc2c1",264.066555336,"Screening"
"COc1cc(OC)c2cc(CCCNC(=O)CCl)[nH]c2c1",310.10842014800005,"Screening"
"CC(Cl)C(=O)NCc1ccc(C(=O)Nc2ccc(F)cc2)cc1",334.088433652,"Screening"
"CNC(=O)c1ccc(NC(=O)C(C#N)=Cc2cc(C)n(-c3cccc(Cl)c3)c2C)cc1",432.135303592,"Screening"
"CC(c1cccc([N+](=O)[O-])c1)N(C)C(=O)C1CCN(S(=O)(=O)C=Cc2ccccc2)CC1",457.167141964,"Screening"
"CCCN(CC(=O)N1CCN(S(=O)(=O)C=Cc2ccccc2)CC1)Cc1nnc(-c2ccco2)o1",499.18894002800005,"Screening"
"CCc1cccc(N(C#N)CC2CCOC2)c1",230.141913196,"Screening"
"O=C(CN(Cc1ccccc1F)C1CC1)N1CCN(S(=O)(=O)C=Cc2ccccc2)CC1",457.1835409759999,"Screening"
"O=S(=O)(C=Cc1ccccc1)N(Cc1ccccc1)Cc1cc(-c2ccco2)on1",420.11437811999997,"Screening"
"COC(=O)c1ccc(-n2c(C)cc(-c3csc(NC(C)=C(C#N)C(N)=O)n3)c2C)cc1",435.1365105320001,"Screening"
"CCOC(=O)c1c(NC(C)=C(C#N)C(N)=O)sc(C)c1-c1ccc(F)cc1",387.105290656,"Screening"
"N#CC(=Cc1cnn(Cc2ccccc2)c1)C(=O)Nc1nccs1",335.08408103600004,"Screening"
"Cc1ccccc1-n1c(C)cc(C=C(C#N)C(=O)NNC(=O)c2csc(N3CCOCC3)n2)c1C",490.178709692,"Screening"
"O=S(=O)(C=Cc1ccccc1)N(Cc1ccccn1)Cc1ccc(Br)cc1F",460.02563913600005,"Screening"
"COCCN1C(=O)C(N2CCSC2=O)C1c1ccc([N+](=O)[O-])cc1",351.088891644,"Screening"
"N#CC(=Cc1cccc(Oc2cccc(C(F)(F)F)c2)c1)C(=O)NC1CC1",372.10856238,"Screening"
"Cc1ccc(C2C(n3cnnn3)C(=O)N2Cc2cccs2)cc1C",339.11538116400004,"Screening"
"Cc1ccccc1C1C(n2cnnn2)C(=O)N1CCc1cccs1",339.11538116400004,"Screening"
"CN(C)c1ccc(C=C(C#N)C(=O)NCc2ccccc2OC(F)(F)F)cc1",389.13511147599996,"Screening"
"CCC(CC)c1cc(CNC(=O)C(C#N)=Cc2ccco2)on1",313.142641468,"Screening"
"CC(NC(=O)C(C#N)=Cc1c[nH]nc1-c1ccc(Br)cc1)c1ccc(F)cc1",438.049151452,"Screening"
"O=C(CSc1nnnn1CC1CCCO1)N1CCN(S(=O)(=O)C=Cc2ccccc2)CC1",478.145695312,"Screening"
"C=CC(=O)NCc1ccc(C(=O)Nc2ccc(OCc3cn4ccccc4n3)cc2)cc1",426.1691905640001,"Screening"
"C=CC(=O)N1CCC(C(=O)N2CCc3cc(Cl)c(Cl)cc3C2C)CC1",380.105833304,"Screening"
"Cc1ccc(C)c(NC(=O)C(C#N)=C2SCC(=O)N2c2ccccc2C(F)(F)F)c1",431.091532412,"Screening"
"c1cc(-c2noc(C3CCCO3)n2)ccc1OCC1CO1",288.111006992,"Screening"
"O=C(c1ccc(OCC2CO2)cc1)N1CCc2sccc2C1",315.092914404,"Screening"
"Cn1nccc1-c1cc(F)ccc1OCC1CO1",248.096105876,"Screening"
"COc1ccc(Cl)c2c1CCCC2N(C)C(=O)C(C)Cl",315.079284208,"Screening"
"CC(Cl)C(=O)N1CCc2nc(N3CCOCC3)ncc2C1",310.119653528,"Screening"
"CC(Cl)C(=O)N1CCCC(NC(=O)c2ccc(C(F)(F)F)cc2)C1",362.100890156,"Screening"
"CC(Cl)C(=O)Nc1ccc(=O)n(Cc2ccc(F)cc2F)c1",326.063361776,"Screening"
"CC(Cl)C(=O)NC(c1cccc(F)c1)c1ccccn1",292.077868968,"Screening"
"COC(=O)c1cc(F)cc(C2(NC(=O)CCl)CC2)c1",285.056799176,"Screening"
"C=CC(=O)N(CC)CC(=O)NCCc1noc(C(C)(C)C)n1",308.184840628,"Screening"
"O=S(=O)(F)c1ccc(-c2cn(CCC3CC4CCC(C3)N4)nn2)cc1",364.1369251320001,"Screening"
"CC1(C)COC(Cn2cc(-c3ccc(S(=O)(=O)F)cc3)nn2)CN1",354.1161896880001,"Screening"
"C=CC(=O)Nc1cccc(C(=O)N2CCCCC2C2CCC(=O)NC2=O)c1",369.168856216,"Screening"
"C=CC(=O)N1CCCC(C(=O)NCC(C)Cn2ccc(C(F)(F)F)n2)C1",372.177310636,"Screening"
"C=CC(=O)NCC(=O)N1CCC2(CC1)OCCc1cc(Cl)sc12",354.080491148,"Screening"
"C=CC(=O)N1CCCC(C(=O)NCc2noc3c2CC(F)(F)CC3)C1",353.155097972,"Screening"
"C=CC(=O)N(CC)CC(=O)N1CCC(c2onc3c2CCCC3)CC1",345.205241724,"Screening"
"C=CC(=O)N(CC)CC(=O)N1CCC(c2cc(COC)on2)CC1",335.18450628000005,"Screening"
"C=CC(=O)N1CCCC(C(=O)NCC2CC(C)(C)Oc3ccccc32)C1",356.209992756,"Screening"
"C=CC(=O)Nc1ccc(S(=O)(=O)Nc2ccccn2)cc1",303.06776227600005,"Screening"
"C=CC(=O)Nc1ccc(C(=O)NCC(F)C2CCCCC2)cc1",318.174356196,"Screening"
"O=C(CCl)NCc1cccc(-c2ccccc2)c1",259.076391748,"Screening"
"O=S(=O)(F)c1cccc(S(=O)(=O)N2CCCC(C3CCCNC3)C2)c1",390.1083274360001,"Screening"
"CCC(C)(N)c1cn(-c2ccc(S(=O)(=O)F)cc2)nn1",298.08997494000005,"Screening"
"CCC(Cc1cn(-c2ccc(S(=O)(=O)F)cc2)nn1)C(=O)OC",341.08455521199994,"Screening"
"O=S(=O)(F)c1ccc(-n2cc(CCNC3CCCC3)nn2)cc1",338.1212750680001,"Screening"
"O=S(=O)(F)c1ccc(-n2cc(CNC3CCOC3)nn2)cc1",326.0848895600001,"Screening"
"CC(C)(C)NCc1cn(-c2ccc(S(=O)(=O)F)cc2)nn1",312.1056250040001,"Screening"
"CNCCOCc1cn(-c2ccc(S(=O)(=O)F)cc2)nn1",314.0848895600001,"Screening"
"COCCNCc1cn(-c2ccc(S(=O)(=O)F)cc2)nn1",314.0848895600001,"Screening"
"O=S(=O)(F)c1ccccc1-c1cccc(CNC2CCOCC2)c1",349.11479271999997,"Screening"
"C=CC(=O)N1CCN(C(=O)c2ccc3c(=O)n(CC)c(S)nc3c2)[C@@H](C)C1",386.14126156400005,"Screening"
"C=CC(=O)N1CCN(C(=O)COc2ccc3oc(=O)cc(C)c3c2)[C@@H](C)C1",370.152871804,"Screening"
"C=CC(=O)N1CCN(C(=O)c2nc(N3CCOCC3)ncc2Cl)[C@@H](C)C1",379.141117244,"Screening"
"C=CC(=O)N1CCN(C(=O)c2cccn(Cc3cccc(C)c3)c2=O)[C@@H](C)C1",379.18959165999996,"Screening"
"C=CC(=O)N1CCN(C(=O)Cc2coc(-c3ccc(Cl)cc3)n2)[C@@H](C)C1",373.11931918,"Screening"
"C=CC(=O)N1CCN(C(=O)C(C)c2ccc(Br)s2)[C@@H](C)C1",370.0350609480001,"Screening"
"C=CC(=O)N1CCN(C(=O)c2[nH]c3ccccc3c2CC(N)=O)[C@@H](C)C1",354.16919056399996,"Screening"
"C=CC(=O)N1CCN(C(=O)c2cc3sccc3n2CC(F)(F)F)[C@@H](C)C1",385.107182476,"Screening"
"C=CC(=O)N(C)c1ccc(C(=O)N2CCC(Cc3ccccc3O)C2)cc1",364.17869262799996,"Screening"
"O=C(C1CCCC1)N1CCC(NCc2ccc(OS(=O)(=O)F)cc2)C1",370.136256436,"Screening"
"O=S(=O)(F)Oc1ccc(CNC2CCN(c3ccccc3F)C2)cc1",368.100619876,"Screening"
"C=CC(=O)N1CCC(C(=O)NC2CCN(c3nc(Cl)ncc3F)C2)CC1",381.13678081200004,"Screening"
"C=CC(=O)N1CCC(C(=O)N2CCN(c3nc(Br)n[nH]3)CC2)CC1",396.09093601200004,"Screening"
"Cc1ccc(C)c2c(C)c(C(=O)Nc3ccc(OS(=O)(=O)F)cc3)oc12",377.0733218319999,"Screening"
"COc1cccc(-n2ccc(C(=O)Nc3ccc(OS(=O)(=O)F)cc3)n2)c1",391.063819768,"Screening"
"Cc1ccc2c(c1)SC(C(=O)Nc1ccc(OS(=O)(=O)F)cc1)C2",367.0348281479999,"Screening"
"O=C(Nc1ccc(OS(=O)(=O)F)cc1)c1ccccc1C1CC1",335.062757148,"Screening"
"Cn1nc2c(c1C(=O)Nc1ccc(OS(=O)(=O)F)cc1)CCCC2",353.084555212,"Screening"
"COC(=O)CC(C)CC(=O)Nc1ccc(OS(=O)(=O)F)cc1",333.06823645199995,"Screening"
"COc1cncc(C(=O)Nc2ccc(OS(=O)(=O)F)cc2)c1",326.03727067200003,"Screening"
"O=C(Cc1ccc2c(c1)CCC(=O)N2)Nc1ccc(OS(=O)(=O)F)cc1",378.0685708,"Screening"
"O=C(Nc1ccc(OS(=O)(=O)F)cc1)c1cc(C(F)F)ccc1F",363.01884164800003,"Screening"
"O=C(c1cncc(OS(=O)(=O)F)c1)N1C[C@H]2CC=CC[C@H]2C1",326.07365618,"Screening"
"CCC1CC(NC(=O)c2cncc(OS(=O)(=O)F)c2)CCO1",332.084220864,"Screening"
"C[C@H]1COC(C)(C)CN1C(=O)c1cncc(OS(=O)(=O)F)c1",332.084220864,"Screening"
"CO[C@H]1CCCC[C@@H]1NC(=O)c1cncc(OS(=O)(=O)F)c1",332.084220864,"Screening"
"CN(CC1(C)CCCO1)C(=O)c1cncc(OS(=O)(=O)F)c1",332.084220864,"Screening"
"CC(C)(C)NC(=O)c1cccc(NC(=O)c2cncc(OS(=O)(=O)F)c2)c1",395.09511989599997,"Screening"
"CC1(CNC(=O)c2cncc(OS(=O)(=O)F)c2)CCCCO1",332.084220864,"Screening"
"CCC1COCCN(C(=O)c2cncc(OS(=O)(=O)F)c2)C1",332.08422086400003,"Screening"
"CC[C@H]1C[C@@H](NC(=O)c2cncc(OS(=O)(=O)F)c2)CCO1",332.084220864,"Screening"
"C=CC(=O)N(C)c1ccc(C(=O)NC(C)C2(n3ccnn3)CC2)cc1",339.16952491200004,"Screening"
"C=CC(=O)Nc1ccc(C(=O)NC[C@H]2C[C@@H](n3cncn3)C2)cc1",325.15387484800004,"Screening"
"O=C(Nc1ccc(OS(=O)(=O)F)cc1)N1CC2CCC(C1)O2",330.0685708,"Screening"
"O=C(Nc1cccc(N2CCCS2(=O)=O)c1)c1cncc(OS(=O)(=O)F)c1",415.0308053879999,"Screening"
"Cn1ccc(N(Cc2ccc(C3CCC3)cc2)C(=O)CCl)n1",317.12948994000004,"Screening"
"C=CC(=O)N(CCC1=CCCCC1)Cc1cn(C2CCC2)nn1",314.210661452,"Screening"
"C=CC(=O)N(Cc1ccccc1N1CCCCC1)CC(C)(C)O",316.21507813599993,"Screening"
"C=CC(=O)N(Cc1c(C)noc1C)C1CCCc2sccc21",316.12454888,"Screening"
"C=CC(=O)N(CC(C)(C)COC)C1CCOc2ccc(F)cc21",321.174021848,"Screening"
"Cn1cc(N(Cc2ccc3c(c2)CCC(C)(C)O3)C(=O)CCl)nn1",348.13530359200007,"Screening"
"COc1cc(F)cc(CN(C(=O)CCl)C2CC(F)(F)C2)c1",321.07434106,"Screening"
"C=CC(=O)N(Cc1nccc2c1CCCC2)C1CCCC(OC)C1",328.21507813599993,"Screening"
"C=CC(=O)NCc1ccccc1C(=O)N1Cc2[nH]c(=O)[nH]c(=O)c2C1",340.117154992,"Screening"
"C=CC(=O)NCc1ccccc1C(=O)NCCCCc1ccc([N+](=O)[O-])cc1",381.168856216,"Screening"
"C#CCC1CN(C(=O)c2ccccc2CNC(=O)C=C)CCO1",312.14739249999997,"Screening"
"C=CC(=O)NCc1ccccc1C(=O)Nc1c(C)nn(C2CCS(=O)(=O)C2)c1C",416.1518262479999,"Screening"
"C=CC(=O)N1CCCC1c1ccc(C(=O)Nc2cc[nH]c2C(=O)OCC)cc1",381.16885621599994,"Screening"
"Cc1cccc(C(C(C)C)N(Cc2cn(C)nn2)C(=O)CCl)c1",334.15603903600004,"Screening"
"Cc1nc(CCN(Cc2cccc3c2OCC3)C(=O)CCl)co1",334.108420148,"Screening"
"Cn1ncc(CN(CCOc2ccccc2)C(=O)CCl)c1C1CC1",347.140054624,"Screening"
"Cc1nn(-c2ccc(F)cc2)cc1CN(C(=O)CCl)c1cnn(CC(=O)NC2CCCC2)c1",472.17897997200004,"Screening"
"Cn1cc(N(Cc2cc(C(C)(C)C)on2)C(=O)CCl)cn1",310.1196535280001,"Screening"
"CC(C)(C)c1ncc(CN(C(=O)CCl)c2ccc3c(c2)COC3)o1",348.124070212,"Screening"
"C=CC(=O)N(Cc1cnn(Cc2ccc(F)cc2)c1)[C@@H]1CCCC[C@H]1O",357.18525522799996,"Screening"
"Cc1ccc(CN(C(=O)CCl)C2CCCOC2)c(F)c1",299.108834748,"Screening"
"Cn1cc(N(Cc2cccc(C(F)F)c2)C(=O)CCl)nn1",314.0745951560001,"Screening"
"CCn1nccc1CN(CC1(OC)CCCOC1)C(=O)CCl",329.150619308,"Screening"
"Cc1cc(CN(C(=O)CCl)C2CCc3ccccc3C2)n(C)n1",331.14514000400004,"Screening"
"Cc1cc(Cl)cc(CN(C(=O)CCl)[C@H]2C[C@H](CC#N)C2)c1",324.079618556,"Screening"
"COC(=O)c1ccc(CN(CCC2CCCC2)C(=O)CCl)n1C",340.15537034000005,"Screening"
"Cc1cccc(C)c1CN(C(=O)CCl)[C@H]1CCO[C@H](C)C1",309.14955668799996,"Screening"
"C[C@@H]1C[C@@H](N(Cc2ccc3sccc3c2)C(=O)CCl)CCO1",337.09032755999993,"Screening"
"CCn1nc(C)c(CN(C(=O)CCl)C(c2ccccc2)C2CC2)n1",346.15603903600004,"Screening"
"Cn1ncc(C#N)c1CN(CCOC1CCCC1)C(=O)CCl",324.135303592,"Screening"
"COCc1csc(CN(CC2(C)CCOC2)C(=O)CCl)c1",331.10089224399997,"Screening"
"COCn1nccc1CN(C(=O)CCl)c1cccc2c1OCCC2",349.11931918,"Screening"
"O=C(CCl)N(Cc1cccc2ccsc12)C[C@H]1COCCO1",339.0695921159999,"Screening"
"Cc1cccc(CN(C(=O)CCl)[C@@H]2CC[C@H](CC#N)C2)c1C",318.14989103600004,"Screening"
"CC(C)c1nn(C)cc1CN(C(=O)CCl)[C@@H]1CC[C@H](CC#N)C1",336.17168910000004,"Screening"
"Cc1noc(C)c1CN(CC1(C)CCCO1)C(=O)CCl",300.124070212,"Screening"
"Cn1ccc(CN(Cc2cc(C(F)(F)F)co2)C(=O)CCl)n1",335.06483899600005,"Screening"
"COCc1c(C)cccc1N(CC(C)C)C(=O)CCl",283.13390662399996,"Screening"
"Cc1conc1CN(C(=O)CCl)C(C)c1cc2ccccc2s1",348.069926464,"Screening"
"NC(=O)c1cccc(CN(CC2Cc3ccccc32)C(=O)CCl)c1",342.113505528,"Screening"
"COc1cc(CN(CC(O)C(C)(C)C)C(=O)CCl)ccc1C#N",338.13972027600005,"Screening"
"COCC1(CN(Cc2ncc(C)s2)C(=O)CCl)CC1",302.085576528,"Screening"
"CC(C)(C#N)CN(Cc1cccc2nsnc12)C(=O)CCl",322.06550978,"Screening"
"COc1cccc(Cl)c1CN(C(=O)CCl)[C@H]1C[C@@H](CO)C1",331.074198828,"Screening"
"CC(C)(C)c1coc(CN(CC2(F)CCOCC2)C(=O)CCl)n1",346.145948528,"Screening"
"COc1ccc2cc(CN(C(=O)CCl)[C@H]3C[C@H](CO)C3)ccc2c1",347.128821244,"Screening"
"CCC(C)(CN(Cc1nnn(C(C)(C)C)n1)C(=O)CCl)OC",331.17750275199995,"Screening"
"Cn1cc(CN(C(=O)CCl)[C@H]2C[C@@](C)(O)C2)c(C2CC2)n1",311.140054624,"Screening"
"C[C@]1(O)C[C@@H](N(C[C@@H]2C[C@H]2c2ccccc2)C(=O)CCl)C1",307.13390662399996,"Screening"
"C[C@@H](N(Cc1c(C2CCC2)cnn1C)C(=O)CCl)C(C)(C)C",325.192090196,"Screening"
"Cc1ncsc1CN(C(=O)CCl)[C@@H]1CCO[C@H]1C1CC1",314.085576528,"Screening"
"COC(CN(Cc1sncc1C)C(=O)CCl)C1CCOCC1",346.11179127599996,"Screening"
"C[C@@H](O)CN(Cc1nocc1C(C)(C)C)C(=O)CCl",288.124070212,"Screening"
"O=C(CCl)N(Cc1ccc(CO)o1)C1COC2(CCCCC2)C1",341.139385928,"Screening"
"COc1cccc(CN(C(=O)CCl)C2CCCn3nccc32)c1C",347.140054624,"Screening"
"Cc1nn(C2CCCC2)cc1CN(CC1(F)CCC1)C(=O)CCl",341.16701832,"Screening"
"CC1(CN(Cc2cnc(C3CC3)nc2)C(=O)CCl)CC2CC2C1",333.160790068,"Screening"
"Cc1nscc1CN(CC1CCC2(CCC2)O1)C(=O)CCl",328.101226592,"Screening"
"N#CC(=Cc1ccc(Br)cc1)C(=O)Nc1cccc(S(=O)(=O)N2CCCCC2)c1",473.0408746,"Screening"
"N#CC(=Cc1cccc(OCc2ccccc2)c1)C(=O)Nc1ccccn1",355.13207678400005,"Screening"
"Cc1cc(C=C(C#N)C(=O)Nc2ccccn2)c(C)n1-c1cccc(S(=O)(=O)N2CCOCC2)c1",491.16272528,"Screening"
"N#CC(=Cc1ccccc1[N+](=O)[O-])C(=O)Nc1ccc(N2CCOCC2)cc1",378.132805056,"Screening"
"COc1ccc(NC(=O)C(C#N)=Cc2c(C)nn(CC(C)C)c2Cl)cc1",372.135303592,"Screening"
"CC(C)c1ccc(C=C(C#N)C(=O)Nc2ccc(N3CCOCC3)cc2)cc1",375.19467704,"Screening"
"CCN(CC)C(=O)C(C#N)=Cc1ccc(-c2ccc(Cl)cc2)o1",328.097855464,"Screening"
"CNC(=O)C(C#N)=Cc1ccc(-c2nc3ccccc3s2)o1",309.05719759199997,"Screening"
"Cc1ccc(C=C(C#N)C(=O)Nc2ccccc2C(=O)O)s1",312.05686324399994,"Screening"
"Cc1cc(C=C(C#N)C(=O)Nc2cc3c(cc2[N+](=O)[O-])OCCO3)c(C)n1-c1cccc(C(F)(F)F)c1",512.130754368,"Screening"
"Cc1ccc(C=C(C#N)C(=O)Nc2sc3c(c2C(N)=O)CCCC3)cc1[N+](=O)[O-]",410.10487605599997,"Screening"
"CCc1cccc(N(C#N)CC(=O)N(C)CC(F)(F)F)c1",299.124546792,"Screening"
"N#CC(=Cc1cc([N+](=O)[O-])ccc1Cl)C(=O)Nc1sc2c(c1C(N)=O)CCCC2",430.05025364,"Screening"
"CCc1cccc(N(C#N)CC(=O)N(C)Cc2ccco2)c1",297.147726848,"Screening"
"Cn1ccnc1Sc1ccc(C=C(C#N)C(=O)Nc2ccccc2C(=O)O)cc1[N+](=O)[O-]",449.07938957999994,"Screening"
"Cn1cccc1C=C(C#N)C(=O)Nc1cc(Cl)ccc1N1CCOCC1",370.119653528,"Screening"
"N#CC(=Cc1ccccc1C(F)(F)F)C(=O)Nc1ccccc1C(F)(F)F",384.06973225999997,"Screening"
"N#CC(=Cc1ccc(C(=O)O)cc1)C(=O)N1CCN(c2ccccc2)CC1",361.142641468,"Screening"
"CCOC(=O)c1c(NC(=O)C(C#N)=Cc2ccc(OC(C)C)c(OC)c2)sc(C)c1C",442.156242932,"Screening"
"CCc1cccc(N(C#N)CC(=O)N2CCOCC2)c1",273.147726848,"Screening"
"C=CC(=O)Nc1ccc(C(=O)N=c2sccn2Cc2ccccc2)cc1",363.104147784,"Screening"
"Cc1occc1CNS(=O)(=O)C=Cc1ccc(Br)cc1",354.987776408,"Screening"
"COc1ccc(NC(C)=O)cc1S(=O)(=O)N1CCN(S(=O)(=O)C=Cc2ccccc2)CC1",479.11847751999994,"Screening"
"O=S(=O)(C=Cc1ccccc1)N1CCN(S(=O)(=O)c2ccc(Cl)cc2C(F)(F)F)CC1",494.03486139599994,"Screening"
"C=CC(=O)Nc1ccc(C(=O)N2CCN(S(=O)(=O)N(C)C3CCCCC3)CC2)cc1",434.19877644,"Screening"
"CN(Cc1ccccc1)S(=O)(=O)c1ccc(NS(=O)(=O)C=Cc2ccccc2)cc1",442.10209918399994,"Screening"
"COC(=O)c1ccc(COc2ccccc2C=C(C#N)C(=O)Nc2ccc(Cl)cc2)cc1",446.103334768,"Screening"
"CCCOc1ccc(C=C(C#N)C(=O)Nc2cccc(C(F)(F)F)c2)c(OCCC)c1",432.166077256,"Screening"
"CCOc1ccc(NC(=O)C(C#N)=Cc2cc3ccccc3nc2N2CCOCC2)cc1",428.184840628,"Screening"
"Cc1cccc(NC(=O)C(C#N)=Cc2cc3ccccc3nc2N2CCOCC2)c1",398.174275944,"Screening"
"COCCNC(=O)C(C#N)=Cc1cn(-c2ccccc2)nc1-c1cc2ccccc2o1",412.15354049999996,"Screening"
"N#CC(=Cc1ccc(-c2ccc(Cl)cc2)o1)C(=O)Nc1cccc2ncccc12",399.077454368,"Screening"
"N#CC(=Cc1ccc(OC(F)F)cc1OC(F)F)C(=O)Nc1cc(Cl)ccc1Cl",448.00046042,"Screening"
"COC(=O)c1ccc(COc2ccccc2C=C(C#N)C(=O)Nc2c(C)cccc2C)cc1",440.173607248,"Screening"
"CCCCCCCCOc1ccc(C=C(C#N)C(=O)NCc2ccco2)cc1",380.20999275599996,"Screening"
"COC(=O)c1ccc(COc2ccccc2C=C(C#N)C(=O)Nc2ccc(SC(F)F)cc2)cc1",494.11118455999997,"Screening"
"CCCCCCCCNC(=O)C(C#N)=Cc1ccccc1OCc1ccc(C(=O)OC)cc1",448.2362075039999,"Screening"
"COC(=O)c1ccc(COc2ccccc2C=C(C#N)C(=O)Nc2ccc(C)cc2C)cc1",440.173607248,"Screening"
"Cc1cccc(NC(=O)C(C#N)=Cc2c(Cl)nc3sccn23)c1C",356.04985971600007,"Screening"
"CCN1CCN(C(=O)C(C#N)=Cc2ccc(OCc3ccc(C(=O)OC)cc3)cc2)CC1",433.20015634399994,"Screening"
"O=C(CN1CCN(S(=O)(=O)C=Cc2ccccc2)CC1)Nc1cc(Cl)ccc1-n1cncn1",486.1240872760001,"Screening"
"CC(C)Oc1ccc2c(c1)CCCN2C(=O)CCl",267.102606496,"Screening"
"CC(C)(C)OC(=O)Nc1nnn(-c2ccccc2)c1C=O",288.12224037199996,"Screening"
"CC1CC(C(=O)O)CN(C(=O)c2cc(S(=O)(=O)F)c[nH]2)C1",318.0685708000001,"Screening"
"O=C(Cc1ccc(S(=O)(=O)F)cc1)NCc1cccc(NC(=O)C2CC2)c1",390.104956308,"Screening"
"C=CC(=O)Nc1ccc(C(=O)Nc2nc3c(s2)[C@@H](C)O[C@@H](C)C3)cc1",357.114712468,"Screening"
"C=CC(=O)Nc1ccc(C(=O)N2CCOC3(CCS(=O)(=O)CC3)C2)cc1",378.12494280399994,"Screening"
"C=CC(=O)NCc1ccc(C(=O)NCC2CN3CC4CC3(CO2)C4)cc1",355.18959165999996,"Screening"
"CC(C)(C)OC(=O)N1CCC2(C=O)CCCCC12",253.167793596,"Screening"
"C=CC(=O)Nc1ccc(O)c(C(=O)N(C)C(C)C(=O)NC(C)(C)C)c1",347.18450628000005,"Screening"
"C=CC(=O)N1CCC(C(=O)NC2CCN(c3nc(C)cc(=O)[nH]3)C2)CC1",359.19573966,"Screening"
"C=CC(=O)Nc1cccc(C(=O)NC[C@H]2CCCC[C@H]2N2CCOCC2)c1",371.220891788,"Screening"
"O=Cc1cccc2c1CN(C1CCC(=O)NC1=O)C2=O",272.079706864,"Screening"
"CC(C)(C)OC(=O)N1CCC(C(C)(C)C=O)CC1",255.18344366,"Screening"
"CC(NC(=O)CCl)c1nnc(C(F)(F)F)[nH]1",256.033873216,"Screening"
"O=C(CCl)NCCn1cc(-c2ccccc2)nn1",264.077788716,"Screening"
"CC(Cl)C(=O)N1CCCC1Cc1cccc(F)c1F",287.088848252,"Screening"
"C=CS(=O)(=O)N1CCn2ncc(Cl)c2C1",247.01822524,"Screening"
"O=C(O)CC1(NC(=O)c2cc(S(=O)(=O)F)c[nH]2)CCCC1",318.06857080000003,"Screening"
"CC(CC(=O)N1CCC(CS(=O)(=O)F)CC1)c1ccco1",317.10970733999994,"Screening"
"C=CC(=O)Nc1cccc(C(=O)NC2(Cc3cccc(F)c3)CCC2)c1",352.158706132,"Screening"
"O=C(CCl)Nc1cc(Cl)c2c(c1)OCCCO2",275.011598572,"Screening"
"C=CC(=O)Nc1ccc(C(=O)N(C)CC(=O)NCCCOC)cc1",333.168856216,"Screening"
"C=CC(=O)Nc1ccc(C(=O)N2CCNC(=O)C2C(C)C)cc1",315.158291532,"Screening"
"CC1(C)C(=O)NC1C1CCN(Cc2c[nH]c(=O)c3ccccc23)CC1",339.19467704,"Screening"
"C=CC(=O)Nc1ccc(C(=O)N2CC3(CCOCC3)C2c2ccccc2)cc1",376.178692628,"Screening"
"C=CC(=O)N1CCC(C(=O)NCc2cnc3n2CCC3)(c2ccccc2)CC1",378.205576072,"Screening"
"CC(C)(C)OC(=O)N1CCC(n2ccc(C=O)n2)CC1",279.158291532,"Screening"
"CC(C)(C)OC(=O)N1CC(n2ccc(C=O)n2)C1",251.126991404,"Screening"
"C=CC(=O)Nc1ccc(SCc2ccccc2)cc1C(N)=O",312.093248752,"Screening"
"C=CC(=O)NC1(c2nc(Cc3cccnc3)no2)CCCCC1",312.15862588,"Screening"
"C=CC(=O)Nc1cccc(C(=O)N2CCc3c(cnn3C)C2C(=O)N(C)C)c1",381.180089596,"Screening"
"O=C(CCl)NCCOc1c[nH]nc1C(F)(F)F",271.03353886800005,"Screening"
"CCOC(=O)C1CN(C(=O)C(C)Cl)CC1(C)C(F)F",297.094327556,"Screening"
"O=C1CC(Oc2ccc(NC(=O)c3csc(-c4cccc5ccccc45)n3)cc2)N1",415.09906240400005,"Screening"
"O=C(c1cc(S(=O)(=O)N2CCc3ccccc3C2)ccc1Cl)N1CCC(S(=O)(=O)F)C1",486.04861963999997,"Screening"
"Cn1c(-c2cccc(OS(=O)(=O)F)c2)nc2cc(F)ccc21",324.03801962,"Screening"
"Cc1ccc(C)c(S(=O)(=O)N(C)c2ccc(OS(=O)(=O)F)cc2)c1",373.04539283199995,"Screening"
"CCOC(=O)c1c(C)n(-c2ccccc2)c2ccc(OS(=O)(=O)F)cc12",377.0733218319999,"Screening"
"CN(C)C(=O)C(c1ccccc1)N1CCN(c2ccc(OS(=O)(=O)F)cc2)CC1",421.14715546799994,"Screening"
"COc1cc(C=C(C#N)C(=O)Nc2cc(Cl)ccc2N2CCOCC2)ccc1OCC(N)=O",470.135697516,"Screening"
"COc1cc(C=C(C#N)C(=O)Nc2ccccc2C(F)(F)F)ccc1OC(=O)c1cccs1",472.07046262,"Screening"
"CCN(CC)C(=O)C(C#N)=Cc1ccc(-c2ccc([N+](=O)[O-])cc2)o1",339.12190602399994,"Screening"
"CCOc1cc(C=C(C#N)C(=O)N2CCN(c3cc(Cl)ccc3C)CC2)ccc1OC",439.166269372,"Screening"
"Cc1noc(C)c1CN(C)S(=O)(=O)C=Cc1ccccc1Cl",340.064841084,"Screening"
"O=S(=O)(C=Cc1ccc(Cl)cc1)N(Cc1ccco1)Cc1cccs1",393.02601305199994,"Screening"
"Cc1cccc(NC(=O)CN(CC2CCCO2)S(=O)(=O)C=Cc2ccc(Cl)cc2)c1C",462.138006024,"Screening"
"O=S(=O)(C=Cc1ccc(Cl)cc1)Nc1cccc(S(=O)(=O)N2CCCC2)c1",426.047476768,"Screening"
"N#CC(=Cc1c(Cl)nc2ccccn12)C(=O)Nc1ccccc1F",340.05271683999996,"Screening"
"COC(=O)c1ccc(COc2ccccc2C=C(C#N)C(=O)N2CCCC2)cc1",390.157957184,"Screening"
"COC(=O)c1ccc(COc2ccccc2C=C(C#N)C(=O)Nc2ccc(C)cc2)cc1",426.157957184,"Screening"
"COC(=O)c1ccc(COc2ccccc2C=C(C#N)C(=O)NC(C)c2ccccc2)cc1",440.173607248,"Screening"
"Cc1c(C=C(C#N)C(=O)NC(C)c2ccccc2)c2ccccn2c1C(=O)c1ccc(F)cc1",451.16960516399996,"Screening"
"N#CC(=Cc1ccc([N+](=O)[O-])cc1)C(=O)Nc1cccc2ncccc12",344.090940244,"Screening"
"Cc1nn(-c2cccc(Cl)c2)c(Cl)c1C=C(C#N)C(=O)NC1CCCCC1",402.10141662,"Screening"
"N#CC(=Cc1cn(-c2ccccc2)nc1C(=O)c1ccccc1)C(=O)Nc1ccccc1Cl",452.104003464,"Screening"
"N#CC(=Cc1ccc(N2CCOCC2)cc1)C(=O)Nc1cccc2ncccc12",384.15862588,"Screening"
"CCN(CCC#N)c1ccc(C=C(C#N)C(=O)NC(C)C)c(C)c1",324.195011388,"Screening"
"Cc1nn(Cc2ccccc2Cl)c(Cl)c1C=C(C#N)C(=O)NC1CC1",374.070116492,"Screening"
"Cc1nn(-c2ccccc2)c(N2CCCCC2)c1C=C(C#N)C(=O)Nc1ccc(Cl)cc1Cl",479.12796571600006,"Screening"
"COc1ccc(NC(=O)C(C#N)=Cc2ccc(OC(F)F)cc2OC(F)F)cc1",410.088969808,"Screening"
"N#CC(=Cc1cn(-c2ccccc2)nc1-c1cc2ccccc2o1)C(=O)Nc1ccc2c(c1)OCCO2",488.14845511999994,"Screening"
"Cc1nn(-c2cccc(Cl)c2)c(Cl)c1C=C(C#N)C(=O)Nc1ccc(N2CCOCC2)cc1",481.10723027200004,"Screening"
"N#CC(=Cc1cc2ccccc2nc1N1CCOCC1)C(=O)Nc1ccc(N2CCOCC2)cc1",469.211389724,"Screening"
"N#CC(=Cc1ccco1)C(=O)NS(=O)(=O)N1CCc2ccccc21",343.062676896,"Screening"
"COC(CNC(=O)C(C#N)=Cc1ccco1)c1cccc(Cl)c1",330.07712002000005,"Screening"
"COc1cc(C=C(C#N)C(=O)Nc2cccc(C)c2)c2c(c1)CC(C)O2",348.14739249999997,"Screening"
"CSc1ccc2cc(COC(=O)CNS(=O)(=O)C=Cc3ccccc3)c(Cl)nc2c1",462.047476768,"Screening"
"CCc1cccc(N(C#N)Cc2ccc(C(N)=O)cc2[N+](=O)[O-])c1",324.12224037199996,"Screening"
"C=CC(=O)Nc1ccc(C(=O)Nc2cccc(Cn3cccnc3=O)c2)cc1",374.13789043599996,"Screening"
"COCc1ncsc1C(=O)Nc1cccc(S(=O)(=O)F)c1",330.014427052,"Screening"
"Cc1cc(C=C(C#N)C(=O)Nc2ccncc2)c(C)n1C1CC1",306.148061196,"Screening"
"Cc1ccc(-c2nc(CNC(=O)C(C#N)=Cc3ccco3)co2)cc1",333.11134133999997,"Screening"
"O=S(=O)(C=Cc1ccccc1)NC(CN1CCOCC1)c1ccccc1",372.150763628,"Screening"
"C[C@H](NC(=O)C(C#N)=Cc1cn(CCC#N)nc1-c1ccc(Cl)cc1)c1nc2ccccc2[nH]1",469.14178594000003,"Screening"
"CN(Cc1ccccc1NS(=O)(=O)C=Cc1ccccc1)C1CCCCC1",384.187149136,"Screening"
"CCCCCOc1ccc(C=C(C#N)C(=O)Nc2sc3c(c2C(N)=O)CCCC3)cc1OC",467.187877408,"Screening"
"Cc1ccc(C)c(OC2C(=O)N(CC3CCCO3)C2c2ccc(F)c(F)c2)c1",387.164600036,"Screening"
"COc1ccccc1NS(=O)(=O)c1cccc(NC(=O)C(C#N)=Cc2ccccc2)c1",433.109627088,"Screening"
"COC(=O)c1ccc(C(=O)OC)c(NC(=O)C(C#N)=Cc2ccccc2)c1",364.105921612,"Screening"
"CCN(c1ccccc1)S(=O)(=O)c1ccc(Cl)c(NC(=O)C(C#N)=Cc2ccc3c(c2)OCO3)c1",509.08121941999997,"Screening"
"COc1cc(CN2C(=O)C(Oc3ccc(F)cc3)C2c2ccc3c(c2)CCO3)cc(OC)c1OC",479.1744157719999,"Screening"
"CC1CN(CCCNS(=O)(=O)c2ccc(C=O)cc2)CCCO1",340.14567824799997,"Screening"
"CC(C)N(CCS(C)(=O)=O)S(=O)(=O)c1ccc(C=O)cc1",333.07046470800003,"Screening"
"C=CS(=O)(=O)CCN1CCOCC1c1ccc(C)o1",285.10347908800003,"Screening"
"C=CS(=O)(=O)CCN1CCOC(C)(C)C1C",247.124214532,"Screening"
"C=CC(=O)Nc1ccc(CN(CC2CCCCO2)C(C)C)cc1",316.215078136,"Screening"
"C=CC(=O)N1CCC(C2CC2NC(=O)OCc2ccccc2)CC1",328.178692628,"Screening"
"C=CC(=O)NCc1ccc(CN2CCC(C(N)=O)CC2)cc1",301.179026976,"Screening"
"C=CC(=O)NC1CC(=O)N(C2CN(C(=O)OC(C)(C)C)C2)C1",309.16885621600005,"Screening"
"C=CC(=O)NCCN1C(=O)SC(=Cc2ccccc2F)C1=O",320.063091496,"Screening"
"C=CC(=O)Nc1ccc(OCc2cccc(C(F)(F)F)c2)cc1",321.097663348,"Screening"
"C=CC(=O)NC(C)c1nc(-c2ccc(Cl)cc2)c(C)s1",306.0593617800001,"Screening"
"C=CC(=O)NCC1(c2cc(C(F)(F)F)ccc2Cl)CC1",303.063776376,"Screening"
"C=CC(=O)Nc1cccc(C2CCN(Cc3ccccc3)CC2)c1",320.18886338799996,"Screening"
"C=CC(=O)Nc1ccc(-n2nc(C(F)(F)F)cc2C2CC2)cc1",321.108896728,"Screening"
"C=CC(=O)NCCC(=O)Nc1ccc2c(c1)N(C(=O)C1CCCC1)CC2",355.18959166,"Screening"
"C=CC(=O)NCc1ccc(C(=O)N2CCCc3cc(OC(C)C)ccc32)cc1",378.194342692,"Screening"
"C=CC(=O)Nc1cccc(C(=O)N2CC3(CCS(=O)(=O)CC3)C2C(C)C)c1",390.16132831199997,"Screening"
"C=CC(=O)N(C)CC(=O)Nc1cc(N2CCC3(CCC3)C2)c(Cl)cn1",362.150953656,"Screening"
"COc1ccc(-c2nnc(SCC3(C)CN(C)C3=O)o2)cc1OC",349.10962708799997,"Screening"
"O=C(CCl)Nc1ccc2c(c1)C(=O)NCCC2",252.066555336,"Screening"
"COC1CCN(CC2(C)CN(Cc3ccccc3)C2=O)CC1(C)C",330.2307282,"Screening"
"O=C(O)CCC1CCCN(C(=O)c2cc(S(=O)(=O)F)c[nH]2)C1",332.08422086400003,"Screening"
"Cn1cnc(CCCC=O)c1",152.094963004,"Screening"
"C=CS(=O)(=O)N1CCOC2(CCC2)CC1",231.092914404,"Screening"
"C=CC(=O)Nc1ccc(C(=O)N2C[C@H]3CCCS(=O)(=O)[C@H]3C2)cc1",348.11437811999997,"Screening"
"C=CC(=O)Nc1ccc(C(=O)NCCOC2(C)CCOCC2)cc1",332.173607248,"Screening"
"C=CC(=O)Nc1ccc(O)c(C(=O)NC(c2ncc(C)s2)C2CC2)c1",357.11471246800005,"Screening"
"C=CC(=O)Nc1cccc(C(=O)N2CC(OC)(c3cnnn3C)C2)c1",341.1487894680001,"Screening"
"C=CC(=O)N(C)CC(=O)N1Cc2ccccc2C(C(F)(F)F)C1",326.124212444,"Screening"
"C=CC(=O)N(C)CC(=O)Nc1cc(F)c(N2CCOCC2)c(F)c1",339.139447908,"Screening"
"NS(=O)(=O)Cc1ccccc1CNC(=O)CCl",276.033540956,"Screening"
"C=CC(=O)NC[C@@H]1CC(=O)N(C)[C@H]1c1cnn(-c2ccc(F)cc2)c1",342.149204068,"Screening"
"CC(Cl)C(=O)NCC1CC(=O)N(c2ccccc2)C1",280.097855464,"Screening"
"Cc1ccc(-n2nnc(CC(=O)N[C@@H]3CC[C@H](CS(=O)(=O)F)C3)c2C)cc1",394.14748981599996,"Screening"
"C=CC(=O)N1C[C@@H]2[C@H](C1)[C@H]2C(=O)N1CCN(c2cccc3[nH]ccc23)CC1",364.189926008,"Screening"
"C=CC(=O)N1CC[C@H](C(=O)N2CCC(c3c[nH]c4ccccc34)CC2)C[C@@H]1C",379.225977168,"Screening"
"COc1cncc(NS(=O)(=O)c2ccc(S(=O)(=O)F)cc2)c1",346.009341672,"Screening"
"C=CC(=O)Nc1cc(NC(=O)C2CCc3nc(CC)ncc3C2)ccc1F",368.164854132,"Screening"
"C=CC(=O)Nc1ccc(C(=O)N2CCOC(COCC3CC3)C2)cc1",344.173607248,"Screening"
"Cc1oc(-c2cccc(C(F)(F)F)c2)nc1C=O",255.050713156,"Screening"
"O=C(CCl)NCCc1cccc(Cl)c1F",249.01234752,"Screening"
"C=CC(=O)NCc1ccc(-c2nc(C3CCCCC3(F)F)no2)cc1",347.144533288,"Screening"
"C=CC(=O)Nc1ccc(C(=O)N(CCO)C2CCSCC2)cc1",334.135113564,"Screening"
"C=CC(=O)Nc1ccc(C(=O)N[C@@H]2CCCN(C(=O)CCC(F)(F)F)C2)cc1",397.161326224,"Screening"
"C=CC(=O)Nc1ccc(C(=O)N2CCC(CS(C)(=O)=O)C2)cc1",336.11437811999997,"Screening"
"C=CC(=O)N(C)CC(=O)N1CCC2(CC1)CN(Cc1ccccc1)CC(C)O2",385.23654185199996,"Screening"
"C=CC(=O)Nc1ccc(N2C[C@@H](C)O[C@@H](C)C2)c(C(F)(F)F)c1",328.139862508,"Screening"
"CC1(CNC(=O)C(=O)Nc2cccc(F)c2F)CN(C2CC2)C1=O",337.12379784399997,"Screening"
"COc1ccc(-c2c(C)oc3cc(OS(=O)(=O)F)ccc3c2=O)cc1",364.041687356,"Screening"
"Cc1ccc(C(=O)Nc2cccc(C(F)(F)F)c2)cc1OS(=O)(=O)F",377.0344917119999,"Screening"
"O=C(NCCc1ccc(OS(=O)(=O)F)cc1)c1ccc(Cl)cc1",357.02378479600003,"Screening"
"C=CC(=O)N(C)Cc1cnc2ccc(Cl)cn12",249.066889684,"Screening"
"CC(C)(C)OC(=O)Cc1cccc(-c2ccoc2C=O)c1",286.120509056,"Screening"
"C=CC(=O)N(C)CC(=O)N1CCCCCCNS(=O)(=O)CC1",331.15657727999996,"Screening"
"O=C(CCl)N(Cc1cccs1)C1CCN(Cc2ccccc2)CC1",362.121962036,"Screening"
"C=CS(=O)(=O)NCC1(O)CCCC1C",219.092914404,"Screening"
"C=CS(=O)(=O)NCc1cn(C)nc1CC",229.08849772,"Screening"
"Cc1ccc(CSCCNC(=O)C(C#N)=Cc2cc(C)n(C3CC3)c2C)cc1",393.18748348400004,"Screening"
"N#CC(=Cc1ccc(SC(F)(F)F)cc1)C(=O)NC1CC1",312.054418632,"Screening"
"C=CC(=O)N1CCC(C(=O)N2CC(CO)Cc3ccccc32)CC1",328.178692628,"Screening"
"N#CC(=Cc1cn2cc(Cl)ccc2n1)C(=O)NC1CCCC1",314.09343878,"Screening"
"C=CC(=O)N1CCC(C(=O)N2CC3(CCC3)C2C(C)C)CC1",304.215078136,"Screening"
"CCOc1ccc(OCC)c(NC(=O)COc2cccc(C=O)c2)c1",343.141972772,"Screening"
"CCc1cccc(N(C#N)Cc2nnnn2C2CC2)c1",268.143644512,"Screening"
"O=C1CCN1c1cccc(N2C(=O)CN(Cc3cc(Cl)ccc3O)C2=O)c1",385.08293367199997,"Screening"
"O=S(=O)(C=Cc1ccc(Cl)cc1)N1CCCC(c2nnc3ccc(C(F)(F)F)cn23)C1",470.0791091560001,"Screening"
"NC(=O)C1c2ccccc2CCN1S(=O)(=O)C=Cc1ccccc1",342.103813436,"Screening"
"COc1ccc(NC(=O)C(C#N)=CN2CCc3[nH]nc(-c4ccc(F)cc4)c3C2)cc1",417.1601031,"Screening"
"CCC1SC(=C(C#N)C(=O)NC)N(c2ccc(Cl)cc2)C1=O",335.049525368,"Screening"
"CCC1SC(=C(C#N)C(=O)NCc2ccco2)N(c2ccc(F)cc2)C1=O",385.08964059199997,"Screening"
"CCC1SC(=C(C#N)C(=O)NCCc2ccccc2)N(c2ccc(C)cc2)C1=O",405.151097976,"Screening"
"N#CC(=Cc1cccc(OCc2cccc(C#N)c2)c1)C(=O)N1CCCC1",357.147726848,"Screening"
"CS(=O)(=O)CCC(NS(=O)(=O)C=Cc1ccccc1)C(=O)NCc1nc2ccccc2s1",493.07998383600005,"Screening"
"C=CC(=O)N1CCC(C(=O)N2CCCC(Oc3ccccc3OC)C2)CC1",372.204907376,"Screening"
"C=CC(=O)N1CCC(C(=O)NC(c2nccc(C)n2)C2CC2)CC1",328.189926008,"Screening"
"N#CC(=Cc1ccc(-c2ccc(F)cc2)s1)C(=O)Nc1nccs1",355.02493216,"Screening"
"C=CC(=O)NCc1ccc(C(=O)N2CC(C(F)(F)F)OC(C)(C)C2)cc1",370.150427192,"Screening"
"CS(=O)(=O)c1ncc(Cl)c(C(=O)Nc2cccc(C(=O)Nc3cccc(C(F)(F)F)c3)c2)n1",498.037638268,"Screening"
"CC(C)c1nnc(S)n1CCNC(=O)C(C#N)=Cc1ccco1",331.110295784,"Screening"
"Cn1c(S)nnc1CCNC(=O)C(C#N)=Cc1ccccc1",313.09973110000004,"Screening"
"C=CC(=O)NCCC(=O)Nc1ccc2c(c1)cc(C)c(=O)n2C",313.142641468,"Screening"
"COc1ccc2c(c1)CCCN2C(=O)CNS(=O)(=O)C=Cc1ccc(C)cc1",400.14567824799997,"Screening"
"O=C(NCc1ccccc1CN1CCCC1)C1CCN(S(=O)(=O)c2cccnc2Cl)CC1",476.16488946799996,"Screening"
"CCc1cc2oc(=O)cc(CN3CCC4(CC3)CC(=O)N4)c2cc1Cl",360.12407021200005,"Screening"
"CCOCCCNC(=O)C(C#N)=Cc1[nH]nnc1-c1ccccc1",325.15387484800004,"Screening"
"C=CC(=O)NCCNC(=O)c1cnc(OC(C)C)c(Cl)c1",311.103669116,"Screening"
"Cc1[nH]nc(C(N)=O)c1NS(=O)(=O)C=Cc1ccc(Cl)cc1",340.039688956,"Screening"
"O=Cc1cccn1-c1cc(C(F)(F)F)ccc1Cl",273.016826184,"Screening"
"C=CC(=O)NCCNC(=O)c1cc(S(=O)(=O)NC(C)CCC)c(Cl)cc1Cl",435.078632576,"Screening"
"Cc1cc(C=O)c(C)n1-c1ccc(CC(=O)O)cc1",257.10519334,"Screening"
"CCOC(=O)c1c(C)oc2nc(COC(=O)c3c(C)nc(-c4ccco4)nc3SC)nc(N)c12",483.1212543920001,"Screening"
"C=CC(=O)Nc1ccc(S(=O)(=O)Nc2cccc(C(F)(F)F)c2)cc1",370.059897936,"Screening"
"O=Cc1cn(-c2ccc([N+](=O)[O-])cc2)c2ccccc12",266.06914218000003,"Screening"
"CNC(=O)C(C#N)=Cc1c(Br)cncc1Br",342.895586044,"Screening"
"CCN(CC)c1nc2c(C)cccn2c(=O)c1C=O",259.132076784,"Screening"
"O=S(=O)(C=Cc1ccccc1Cl)Nc1noc(-c2cccs2)n1",366.98521086000005,"Screening"
"Cc1ccc(F)c(N(C#N)Cc2nnc(Cc3ccccc3C)o2)c1",336.138639384,"Screening"
"C=CC(=O)NCCC(=O)N1CCOC(c2noc(-c3ccccc3)n2)C1",356.14845512000005,"Screening"
"CC1(c2ccc(NS(=O)(=O)C=Cc3ccccc3)cc2)NC(=O)NC1=O",371.093977024,"Screening"
"COc1ccc2nc(Oc3ccc(F)cc3)c(C=O)cc2c1",297.080121464,"Screening"
"CC(=O)Nc1cc(C)nn1-c1ccc(NS(=O)(=O)C=Cc2ccccc2)cc1",396.1256115,"Screening"
"Cc1cccc2cc(C=O)c(N3CCC(C)CC3)nc12",268.15756326,"Screening"
"N#CC(=Cc1ccc(NC(=O)Cc2ccc(Cl)cc2Cl)cc1)C(N)=O",373.03848201600005,"Screening"
"CC1CC(C)CN(C(=O)c2ccccc2NS(=O)(=O)C=Cc2ccccc2)C1",398.166413692,"Screening"
"O=C1C(Nc2ncccc2[N+](=O)[O-])CN1c1ccc(F)cc1",302.081518432,"Screening"
"Cn1nc(C(F)(F)F)c(C=C(C#N)C(=O)NC2CCCCC2)c1Cl",360.096473472,"Screening"
"O=C1C(NS(=O)(=O)c2cc(F)ccc2F)CN1c1ccc(F)cc1",356.044247872,"Screening"
"CCc1cccc(N(C#N)Cc2nnc(SC)s2)c1",290.065988448,"Screening"
"O=C(NC1CN(c2ccccc2)C1=O)C1CCc2cn[nH]c2C1",310.142975816,"Screening"
"Cn1c(Cl)cnc1C=C(C#N)C(=O)Nc1ccccc1Cl",320.02316629999996,"Screening"
"COCCn1c(C)cc(C=C(C#N)C(=O)Nc2nc3c(s2)CCC3)c1C",370.14634694399996,"Screening"
"COc1ccc(N(Cc2c(F)cccc2Cl)S(=O)(=O)C=Cc2ccccc2)cc1",431.07582036799994,"Screening"
"N#CC(=Cc1csc([N+](=O)[O-])c1)C(=O)NCCc1ccccc1",327.06776227600005,"Screening"
"C=CCN(CC(=O)Nc1ccc(C(N)=O)cc1)S(=O)(=O)C=Cc1ccccc1",399.12527715199997,"Screening"
"Cc1[nH]c(C=O)cc1C(=O)N1CCN(C)C(=O)C1(C)C",277.142641468,"Screening"
"COc1cc(OC)c(OC)cc1CNC(=O)c1cc(C=O)[nH]c1C",332.13722174,"Screening"
"COc1cc(C=O)ccc1OCc1ncc(-c2ccccc2)o1",309.10010796,"Screening"
"CCCn1c(C)cc(C=C(C#N)C(=O)Nc2nc3ccc(SC(F)F)cc3s2)c1C",446.10465970000007,"Screening"
"C=CC(=O)N1CCC(C(=O)NC(C)Cc2cc(Br)ccc2F)CC1",396.084868264,"Screening"
"Cc1[nH]c(C=O)cc1C(=O)N1CCc2ccc(C(C)(C)C)cc2C1",324.183778008,"Screening"
"CCCn1c(C)cc(C=C(C#N)C(=O)N2CCC(c3nc4ccccc4o3)CC2)c1C",416.221226136,"Screening"
"COc1cc(C=C2SC(=O)N(CCNC(=O)c3ccc(Cl)nc3)C2=O)cc(OC)c1OC",477.07613403999994,"Screening"
"C=CC(=O)NCCC(=O)N1CCCC1Cn1cnc2ccccc21",326.174275944,"Screening"
"CCCn1c(C)cc(C=C(C#N)C(=O)N2CCOCC2)c1C",301.179026976,"Screening"
"Cc1cc(C=C(C#N)C(=O)Nc2ccccc2F)c(C)n1CC1CCCO1",367.16960516399996,"Screening"
"Cc1cc(C=C(C#N)C(=O)Nc2ccccc2F)c(C)n1-c1ccc(Br)cc1",437.053902484,"Screening"
"Cc1cnc(CN(C#N)c2ccc(F)c([N+](=O)[O-])c2)o1",276.065868368,"Screening"
"Cc1nc2cc(NC(=O)C(C#N)=Cc3ccco3)ccc2n1C",306.111675688,"Screening"
"NC(=O)NC(CC(=O)N1CCN(S(=O)(=O)C=Cc2ccccc2)CC1)c1cccc(Br)c1",520.0779883800001,"Screening"
"Cn1c(=O)c2c(ncn2CC(=O)N2CCN(S(=O)(=O)C=Cc3ccccc3)CC2)n(C)c1=O",472.15288886799993,"Screening"
"CN(CCCNC(=O)COc1ccc(C=O)cc1)c1ccccc1",326.163042564,"Screening"
"COCCCNC(=O)C(C#N)=Cc1cc(C#N)n(C)c1C",286.142975816,"Screening"
"CCCn1c(C)cc(C=C(C#N)C(=O)Nc2ccc3c(c2)nc2n3CCCCC2)c1C",415.23721054800006,"Screening"
"COc1ccc(CNC(=O)C(C#N)=CN2CCN(C)CC2)cc1",314.174275944,"Screening"
"CC(NS(=O)(=O)C=Cc1ccccc1)C(=O)NCc1ccc2c(c1)OCO2",388.10929273999994,"Screening"
"CN(Cc1ccc(N2CCOCC2)cc1)C(=O)c1ccc(C=O)cc1",338.16304256399997,"Screening"
"Cc1cccc(NC(=O)CN(C)C(=O)CCNS(=O)(=O)C=Cc2ccccc2)c1C",429.17222734399996,"Screening"
"Cc1cc(C=C(C#N)C(=O)NC2CCCCNC2=O)c(C)n1CCC(C)C",370.2368762,"Screening"
"COc1ccc(-c2nc(NS(=O)(=O)C=Cc3ccccc3)sc2C)cc1",386.07588443599997,"Screening"
"N#CC(=Cc1ccc(-c2ccccc2)cc1)C(=O)Nc1ccc(SC(F)F)cc1",406.095140572,"Screening"
"N#CC(=Cc1ccc(N(c2ccccc2)c2ccccc2)cc1)C(N)=O",339.137162164,"Screening"
"N#CC(=Cc1cn(-c2ccccc2)nc1-c1ccccc1)C(N)=O",314.116761068,"Screening"
"N#CC(=Cc1cccc(OCc2ccccc2)c1)C(=O)Nc1ccc(SC(F)F)cc1",436.105705256,"Screening"
"COC(=O)c1ccc(C=C(C#N)C(=O)Nc2ccc(SC(F)F)cc2)cc1",388.069319748,"Screening"
"N#CC(=Cc1ccc(-c2cccc([N+](=O)[O-])c2)o1)C(=O)NCCN1CCOCC1",396.14336974,"Screening"
"COc1cc(C=C(C#N)C(N)=O)ccc1OC(=O)c1cccs1",328.051777864,"Screening"
"Cc1nn(-c2cccc(C(F)(F)F)c2)c(Cl)c1C=C(C#N)C(=O)Nc1cc(C(F)(F)F)ccc1Cl",532.029235684,"Screening"
"C=CC(=O)NCc1ccc(C(=O)N2c3ccncc3N3CCC2C3)cc1",348.15862588,"Screening"
"C=CC(=O)N(CC)CC(=O)NCC1(O)CCOc2ccccc21",318.157957184,"Screening"
"C=CC(=O)NCCC(=O)N1CC[C@@H](O)[C@H]1c1ccccc1OC",318.157957184,"Screening"
"C=CC(=O)Nc1ccc(C(=O)NC(C)(C)c2n[nH]c(C)n2)cc1",313.15387484800004,"Screening"
"C=CC(=O)N1CCC(C(=O)NCc2cc3ccc(F)cc3[nH]c2=O)CC1",357.14886972,"Screening"
"C=CS(=O)(=O)NCCc1ccccc1",211.066699656,"Screening"
"C=CS(=O)(=O)NCCOCC(F)(F)F",233.03334884,"Screening"
"C=CS(=O)(=O)N1CCCC2(C1)OCCO2",233.07217896,"Screening"
"C=CS(=O)(=O)N(C)Cc1cc[nH]n1",201.057197592,"Screening"
"C=CS(=O)(=O)NCc1ccc(Cl)o1",220.991341796,"Screening"
"C=CS(=O)(=O)NCc1ncc(Br)s1",281.913231564,"Screening"
"C=CS(=O)(=O)NCC1CC(C)(C)OC1(C)C",247.124214532,"Screening"
"C=CS(=O)(=O)N(Cc1ccoc1)C1CC1",227.061614276,"Screening"
"C=CS(=O)(=O)NCc1sccc1Cl",236.968498176,"Screening"
"C=CC(=O)NCc1ccc(C(=O)N2COC[C@@]3(COC[C@@H]4CCCN43)C2)cc1",385.20015634400005,"Screening"
"C=CC(=O)NCc1ccc(C(=O)N2CCO[C@H]3CCN(CC)C[C@H]32)cc1",357.205241724,"Screening"
"C=CC(=O)N(CC1CCOCC1)C1CN(C(=O)OC(C)(C)C)C1",324.204907376,"Screening"
"C=CC(=O)NCCC(=O)N[C@@H]1CC2(CCCC2)Oc2ccc(Cl)cc21",362.13972027600005,"Screening"
"C=CC(=O)Nc1ccc(C(=O)N2CC3(CCCC3)CC2CO)cc1",328.17869262799996,"Screening"
"C=CC(=O)Nc1ccc(C(=O)N(C)C2CS(=O)(=O)C23CCOCC3)cc1",378.12494280399994,"Screening"
"C=CC(=O)NCc1ccc(C(=O)N[C@@H]2COC[C@H]2N2CCOCC2)cc1",359.18450628,"Screening"
"C=CC(=O)N(C)CC(=O)NC1CS(=O)(=O)C12CCCCC2",314.13002818399997,"Screening"
"C=CC(=O)NCc1ccc(C(=O)N2CCCC3(CC(=O)N(C)C3)C2)cc1",355.18959166,"Screening"
"CCC1(N2CCN(C(=O)C(C)Cl)CC2)COC1",260.129155592,"Screening"
"C=CC(=O)N(CC)CC(=O)NC(C)c1nccc2ccc(OC)cc12",341.17394159599996,"Screening"
"C=CC(=O)N1CCC(C(=O)NCc2nc(C)ccc2O)(c2ccccc2)CC1",379.18959166,"Screening"
"CN(CC(F)F)C(=O)Cn1cc(C=O)c2ccccc21",280.102334128,"Screening"
"C=CC(=O)N1CCC(C(=O)N2CCC(C(O)c3nccn3C)CC2)(c2ccccc2)CC1",436.247440884,"Screening"
"C=CC(=O)N1CCC(C(=O)NC2(C(=O)OCC)CCc3ccccc32)CC1",370.189257312,"Screening"
"C=CC(=O)N1CCC(C(=O)N2CCC(Nc3ccc4nccn4n3)C2)(c2ccccc2)CC1",444.22737413600004,"Screening"
"C=CC(=O)N1CCC(C(=O)NCc2cccc(NC(=O)c3ccccn3)c2)(c2ccccc2)CC1",468.216140756,"Screening"
"C=CC(=O)N(CC)CC(=O)N1Cc2cc(OC)ccc2CC1C1CCCCC1",384.241292884,"Screening"
"C=CC(=O)N1CCC(C(=O)Nc2ccc3oc(COC)nc3c2)CC1",343.15320615200005,"Screening"
"C=CC(=O)N(CC)CC(=O)N1CCCCC1COC(=O)N1CCC(C)CC1",379.24710653600005,"Screening"
"C=CC(=O)N1CCC(C(=O)N2Cc3cc(OC)ccc3CC2c2ccccc2)CC1",404.209992756,"Screening"
"C=CC(=O)N1CCC(C(=O)N2CCc3[nH]c(=O)c(C#N)cc3C2)CC1",340.1535405,"Screening"
"C=CC(=O)N1CCC(C(=O)NC(C)c2sc(-c3ccc(F)cc3)nc2C)CC1",401.15732622800004,"Screening"
"C=CC(=O)N(C)CC(=O)NC1(c2cccc(C(F)(F)F)c2)CCCCC1",368.171162636,"Screening"
"C=CC(=O)N1CCC(C(=O)NCc2cc(Cl)c3c(c2)OCCO3)CC1",364.11898483199997,"Screening"
"C=CC(=O)N1CCC(C(=O)NCc2ccc3c(n2)CCCC3)(c2ccccc2)CC1",403.225977168,"Screening"
"C=CC(=O)N(CC)CC(=O)NC1CCCN(c2ccc(Cl)cc2Cl)C1",383.11673233600004,"Screening"
"C=CC(=O)Nc1ccc(C(=O)N[C@H]2CCC[C@@H](C(=O)OC(C)(C)C)C2)cc1",372.204907376,"Screening"
"O=C(NC1CCN(c2cccc(Cl)c2)C1)C1CO1",266.0822054,"Screening"
"Cn1nc(CCNC(=O)C2CO2)c2ccccc21",245.11642672,"Screening"
"Cc1sc(CCNC(=O)C2CO2)nc1-c1ccccc1",288.093248752,"Screening"
"O=C(C1CO1)N1CCC[C@H]1COc1ccccc1",247.120843404,"Screening"
"O=C(C1CO1)N1CCCC1CCc1ccccc1",245.141578848,"Screening"
"C=CC(=O)N(Cc1cccc(F)c1Cl)CC1C[C@H]2COC[C@H]2O1",339.10374936799997,"Screening"
"C=CC(=O)N(Cc1cccc(Br)c1F)[C@@H](C)[C@H](C)O",329.042669104,"Screening"
"C=CC(=O)N(Cc1cc(OC)ccc1F)C1CC2(COC(C)C2)C1",333.174021848,"Screening"
"C=CC(=O)N(Cc1ccc(F)cc1)c1cc(Cl)cc(C(N)=O)c1",332.072783588,"Screening"
"C=CC(=O)N1CCC(C(=O)Nc2ccccc2C(=O)NCCC)C1",329.173941596,"Screening"
"C=CC(=O)N1CC(CC(=O)N2CCC3(CC2)COc2ccccc23)C1",340.178692628,"Screening"
"C=CC(=O)Nc1cccc(CC(=O)Nc2c3c(nn2C)CCCC3)c1",338.174275944,"Screening"
"C#CCCCN(CC1CCCCC1)C(=O)c1ccc(CNC(=O)C=C)cc1",366.2307282,"Screening"
"C=CC(=O)Nc1cccc(C(=O)Nc2ccc(C(=O)N3CCCC3)c(F)c2)c1",381.14886972,"Screening"
"C=CC(=O)N1CC(C(=O)Nc2ccc(Oc3nncc4ccccc34)cc2)C1",374.13789043599996,"Screening"
"C=CC(=O)N1CC(C(=O)N2CCC(c3nc4cc(C(F)(F)F)ccc4s3)CC2)C1",423.12283254,"Screening"
"C=CC(=O)N1CC(C(=O)N(C)CCNS(=O)(=O)c2ccccc2[N+](=O)[O-])C1",396.11035535999997,"Screening"
"C=CC(=O)N1CC(C(=O)Nc2ncc(Cc3ccc(F)c(Cl)c3)s2)C1",379.05575361999996,"Screening"
"C=CC(=O)N1CC(C(=O)NCCc2ccccc2OCc2ccccc2)C1",364.178692628,"Screening"
"C=CC(=O)Nc1ccccc1CC(=O)N[C@@H](Cc1ccc(O)cc1)C(=O)OC(C)C",410.1841719319999,"Screening"
"C=CC(=O)Nc1ccccc1CC(=O)N1CCCC(Cc2nc(C)no2)C1",368.184840628,"Screening"
"C=CC(=O)Nc1ccccc1CC(=O)NCC(O)c1ccc(OC)c(OC)c1",384.16852186799997,"Screening"
"C=CCn1cc(NC(=O)Cc2ccccc2NC(=O)C=C)cn1",310.142975816,"Screening"
"C=CC(=O)N1CCC(C(=O)N2CCN(C(=O)CCc3ccc(OC)cc3)CC2)C1",399.215806408,"Screening"
"C=CC(=O)N1CCC(C(=O)N2CCN(S(=O)(=O)c3cc([N+](=O)[O-])ccc3C)CC2)C1",436.14165548799997,"Screening"
"C=CC(=O)N1CCCc2c(C(=O)NCCOc3cccc(C)c3)cccc21",364.178692628,"Screening"
"C=CC(=O)N1CCCc2c(C(=O)N3CCc4cc(Br)ccc4C3)cccc21",424.07864001200005,"Screening"
"C=CC(=O)Nc1ccc(CC(=O)N(C)Cc2nc(-c3cccs3)no2)cc1",382.109961436,"Screening"
"C=CC(=O)Nc1ccc(CC(=O)NCCN2C(=O)Cc3ccccc32)cc1",363.158291532,"Screening"
"C=CC(=O)Nc1ccc(CC(=O)N2CCC(C)(NC(=O)C(F)(F)F)C2)cc1",383.14567616,"Screening"
"C=CC(=O)Nc1ccc(CC(=O)Nc2ccc(F)c(N3CCOC3=O)c2)cc1",383.12813427599997,"Screening"
"C=CC(=O)Nc1ccc(CC(=O)Nc2ccnn2CCC)cc1",312.15862588,"Screening"
"C=CC(=O)N1CC(CC(=O)Nc2cc(Cl)cc(C#N)c2)C1",303.077454368,"Screening"
"C=CC(=O)N1CC(CC(=O)Nc2c(C)nn(C3CCS(=O)(=O)C3)c2C)C1",380.1518262479999,"Screening"
"C=CC(=O)N1CC(CC(=O)Nc2cccc(-c3nccs3)c2)C1",327.104147784,"Screening"
"C=CC(=O)N1CC(CC(=O)NCCCNS(=O)(=O)c2ccccc2Cl)C1",399.101954864,"Screening"
"C=CC(=O)N1CC(CC(=O)Nc2ccc(Sc3ncccn3)cc2C)C1",368.13069688,"Screening"
"C=CC(=O)N1CC(CC(=O)N(CC)Cc2ccccc2F)C1",304.158706132,"Screening"
"C=CC(=O)N1CC(CC(=O)NC2CCN(S(=O)(=O)c3cnn(CC)c3)CC2)C1",409.1783753440001,"Screening"
"C=CC(=O)Nc1cccc(CC(=O)N2CCC(CC)c3ccccc32)c1",348.183778008,"Screening"
"C=CC(=O)Nc1cccc(CC(=O)N2CCC[C@@H]2c2nc[nH]n2)c1",325.15387484800004,"Screening"
"C=CC(=O)Nc1cccc(CC(=O)NC2CCSc3c(F)cccc32)c1",370.11512706800005,"Screening"
"C=CC(=O)NCc1ccccc1CC(=O)N1CCCC(C(=O)N2CCCCC2)C1",397.236541852,"Screening"
"C=CC(=O)NCc1ccccc1CC(=O)NCc1cccc(OCC(=O)NC)c1",395.18450628,"Screening"
"C=CC(=O)NCc1ccccc1CC(=O)NCc1cc(-c2ccccc2OC)no1",405.168856216,"Screening"
"C=CC(=O)NCc1ccccc1CC(=O)NC1(C(=O)OCC)Cc2ccccc2C1",406.189257312,"Screening"
"C=CC(=O)NCc1ccccc1C(=O)N1CC(C)CC(NC(=O)C(F)(F)F)C1",397.161326224,"Screening"
"C=CC(=O)NCc1ccccc1C(=O)NC(c1cccs1)C(C)C",342.140198944,"Screening"
"C=CC(=O)NCc1ccccc1C(=O)NC(C)c1cccc(N2CCCC2=O)c1",391.18959166,"Screening"
"C=CC(=O)NCc1ccccc1C(=O)NCc1c(Cl)oc2ccccc12",368.092770084,"Screening"
"C=CC(=O)NCc1ccccc1C(=O)NCCCOC1CCCCO1",346.189257312,"Screening"
"O=C(Cn1c2ccccc2c(=O)c2ccccc21)NC1CN(c2ccc(F)cc2)C1=O",415.133219656,"Screening"
"O=C(NC1CN(c2ccccc2)C1=O)c1ccc([N+](=O)[O-])cc1",311.090605896,"Screening"
"COC1(CC(=O)N2CCC(C3NC(=O)C3(C)C)CC2)CCC1",308.209992756,"Screening"
"Cn1cc(-c2n[nH]cc2C(=O)N2CCC(C3NC(=O)C3(C)C)CC2)cn1",356.19607400800004,"Screening"
"Cc1cc(C(=O)N2CCC(C3NC(=O)C3(C)C)CC2)ccn1",301.17902697600005,"Screening"
"C=CC(=O)N1CCC(C(=O)Nc2ccc(C(=O)OCC)nc2)CC1",331.15320615200005,"Screening"
"C=CC(=O)N1CCC(C(=O)Nc2ccn(-c3ccc(C#N)cc3Cl)n2)CC1",383.114902496,"Screening"
"O=C(CCCNc1ccc([N+](=O)[O-])cc1)NC1CN(c2ccc(F)cc2)C1=O",386.13903330799997,"Screening"
"C=CC(=O)NCc1ccc(C(=O)NCCc2ccc3[nH]ncc3c2)cc1",348.15862588,"Screening"
"Cc1ncc(S(=O)(=O)Nc2cccc(S(=O)(=O)F)c2)s1",335.97084798800006,"Screening"
"O=C(O)c1cc(S(=O)(=O)Nc2cccc(S(=O)(=O)F)c2)c[nH]1",347.98860622800004,"Screening"
"Cc1ccc(S(=O)(=O)Nc2cccc(S(=O)(=O)F)c2)c(C)c1OCC(=O)O",417.0352220719999,"Screening"
"Cc1c(Cl)cccc1NC(=O)C(C#N)=Cc1cnc(N2CCCC2)nc1",367.11998787600004,"Screening"
"CCn1ncnc1CN(C#N)c1ccc(F)cc1",245.10767360399998,"Screening"
"CCOc1ccc(C(C)NC(=O)NCCNC(=O)C(C)Cl)cc1OC",371.16118399199996,"Screening"
"C=CC(=O)NCCNC(=O)c1cc(C)ccc1N1CCCC1",301.179026976,"Screening"
"COc1ccc(C(=O)Nc2cccc(S(=O)(=O)F)c2)c(OCC2CC2)c1",379.088971896,"Screening"
"C=CC(=O)NCCNC(=O)c1nccnc1Sc1ccccc1",328.09939675199996,"Screening"
"CC1CC(C)CN(CC(C)NC(=O)c2cc(Br)c(C=O)n2C)C1",383.120839172,"Screening"
"O=C(COc1cccc(NC(=O)c2ccco2)c1)Nc1cccc(S(=O)(=O)F)c1",418.06348541999995,"Screening"
"O=C(Cc1ccn(-c2ccccc2)n1)Nc1cccc(S(=O)(=O)F)c1",359.0739905279999,"Screening"
"O=C(Nc1cccc(S(=O)(=O)F)c1)c1ccn(-c2ccc(F)cc2)n1",363.04891865200005,"Screening"
"COc1cc(OC)c(C(=O)Nc2cccc(S(=O)(=O)F)c2)cc1OC",369.06823645199995,"Screening"
"C=CC(=O)Nc1ccc(C(=O)NCCS(=O)(=O)c2ccccc2F)cc1",376.089306244,"Screening"
"O=C(Nc1cc(Cl)ccc1Cl)NC1CN(c2ccc(F)cc2)C1=O",367.02906020399996,"Screening"
"C=CC(=O)Nc1cc(NC(=O)c2ccc3nnn(C)c3c2)ccc1F",339.113152908,"Screening"
"C=CC(=O)N1CCC(C(=O)NC2CCC(O)(c3cccc(F)c3)CC2)CC1",374.20057094400005,"Screening"
"C=CC(=O)N1CCC(C(=O)Nc2cccc3c2CCN3S(C)(=O)=O)CC1",377.14092721599997,"Screening"
"O=S(=O)(F)c1ccc(S(=O)(=O)Nc2ccccn2)cc1",315.9987769880001,"Screening"
"C=CC(=O)NCc1ccc(C(=O)N2CC3(COC3)C(F)(C(=O)OCC)C2)cc1",390.159100056,"Screening"
"C=CC(=O)NCc1ccc(-c2nc(-c3ccc(CN(C)C)cc3)no2)cc1",362.174275944,"Screening"
"CC(C)c1scnc1C(=O)Nc1cccc(N2CCC2=O)c1",315.10414778399996,"Screening"
"CC1(C)C(=O)N(CN2CCC(NC(=O)c3ccccc3)CC2)C1c1ccccc1",391.225977168,"Screening"
"O=C(c1ccc2c(c1)OCCO2)C1CCN(CN2C(=O)C3CCCC32)CC1",370.189257312,"Screening"
"N#CC(=Cc1cc2cc(F)ccc2o1)C(=O)Nc1nccs1",313.032125716,"Screening"
"O=C(Nc1ccc(S(=O)(=O)F)cc1)C1CC1c1ccc(F)cc1",337.058420716,"Screening"
"O=S(=O)(C=Cc1ccccc1)N1CCC(CN2CCOCC2)C1",336.150763628,"Screening"
"CNC(=O)C(C#N)=Cc1ccc(Br)cc1Cl",297.950852656,"Screening"
"CNC(=O)C(C#N)=Cc1ccc(OCC(=O)O)c(Br)c1",337.990218932,"Screening"
"COc1ccc(CCNC(=O)C(C#N)=Cc2occc2C)cc1",310.131742436,"Screening"
"Cn1nccc1S(=O)(=O)NC1CN(c2ccc(F)cc2)C1=O",324.06923949599997,"Screening"
"Cc1ncsc1C=C(C#N)C(=O)Nc1ccc(C(=O)N(C)C)cc1",340.099396752,"Screening"
"Cn1cc(CN(C#N)c2ccccc2)cn1",212.106196384,"Screening"
"C=CC(=O)Nc1cc(NC(=O)c2cccnc2Oc2ccccc2C(N)=O)ccc1F",420.123383244,"Screening"
"Cc1cc(C=C(C#N)C(=O)Nc2ccc(SC(F)F)cc2)c(C)n1-c1ccccc1",423.12168966800004,"Screening"
"Cc1ccc(Cn2nc(C)c(C=C(C#N)C(=O)NCc3ccccc3)c2C)cc1",384.195011388,"Screening"
"Cc1ccccc1NC(=O)C(C#N)=Cc1cn(-c2ccccc2)nc1-c1cccs1",410.12013219600004,"Screening"
"COc1cc(C=C(C#N)C(=O)Nc2ccccc2C)ccc1OC(=O)c1cccs1",418.09872805599997,"Screening"
"N#CC(=Cc1cc(Br)ccc1OC(F)F)C(=O)NCc1ccccc1",406.01284619600005,"Screening"
"Cc1ccc(NC(=O)C(C#N)=Cc2ccc(C(C)(C)C)cc2)cc1C",332.18886338799996,"Screening"
"CCOC(=O)c1ccc(-c2ccc(C=C(C#N)C(=O)Nc3cc(C(F)(F)F)ccc3Cl)o2)cc1",488.075069332,"Screening"
"CCCCCCCCNC(=O)C(C#N)=Cc1c(C)[nH]c2ccccc12",337.215412484,"Screening"
"CCCCCCCCNC(=O)C(C#N)=Cc1ccccc1[N+](=O)[O-]",329.17394159599996,"Screening"
"N#CC(=Cc1ccc([N+](=O)[O-])o1)C(=O)NCc1ccco1",287.05422038800003,"Screening"
"N#CC(=Cc1ccc(OCC(=O)O)cc1)C(=O)Nc1cccc(C(F)(F)F)c1",390.08274155600003,"Screening"
"CCc1ccc(-c2nn(-c3ccccc3)cc2C=C(C#N)C(N)=O)cc1",342.148061196,"Screening"
"COc1cccc(C=C(C#N)C(=O)NC(C)c2ccccc2)c1OC",336.14739249999997,"Screening"
"CCOc1cc(C=C(C#N)C(=O)Nc2cc(C(F)(F)F)ccc2Cl)ccc1OCC(=O)N1CCOCC1",537.127833176,"Screening"
"N#CC(=Cc1cccc2ccccc12)C(=O)NCc1ccccc1",312.12626313199996,"Screening"
"N#CC(=Cc1cccc(Cl)c1Cl)C(=O)NCc1ccccc1",330.03266836399996,"Screening"
"COc1ccc(C=C(C#N)C(=O)NC(C)c2ccccc2)cc1O",322.13174243599997,"Screening"
"COc1ccc(C=C(C#N)C(=O)NCCN2CCOCC2)cc1",315.158291532,"Screening"
"N#CC(=Cc1ccc(-c2ccc(S(=O)(=O)N3CCOCC3)cc2)o1)C(=O)NCc1ccccc1",477.135841836,"Screening"
"CN1C(=CC=C(C#N)C(=O)Nc2cccc(C(F)(F)F)c2)C(C)(C)c2ccccc21",411.15584692,"Screening"
"N#CC(=Cc1cc2c(cc1[N+](=O)[O-])OCO2)C(=O)Nc1ccc(F)cc1",355.06044864,"Screening"
"N#CC(=Cc1ccccc1OC(F)F)C(=O)Nc1cccc(C(F)(F)F)c1",382.074068692,"Screening"
"COCCNC(=O)C(C#N)=Cc1ccc(N(c2ccccc2)c2ccccc2)cc1",397.179026976,"Screening"
"COCCNC(=O)C(C#N)=Cc1ccccc1Br",308.01603975600005,"Screening"
"CC(NC(=O)C(C#N)=Cc1ccc(N2CCCCC2)c([N+](=O)[O-])c1)c1ccccc1",404.18484062799996,"Screening"
"CCN(Cc1ccccc1)c1ccc(C=C(C#N)C(N)=O)cc1",305.152812228,"Screening"
"CCCCNC(=O)C(C#N)=Cc1cccc(Cl)c1Cl",296.04831842799996,"Screening"
"C=CCNC(=O)C(C#N)=Cc1ccc(-c2ccc(S(=O)(=O)N3CCOCC3)cc2)o1",427.12019177199994,"Screening"
"N#CC(=Cc1ccc(Br)cc1)C(=O)N1CCCC1",304.021125136,"Screening"
"CC(C)Oc1ccccc1C=C(C#N)C(=O)Nc1ccc(C(=O)O)cc1",350.12665705599994,"Screening"
"CCOCCCNC(=O)C(C#N)=Cc1ccc(SC)cc1",304.12454888,"Screening"
"COc1ccc2ccccc2c1C=C(C#N)C(=O)N1CCCC1",306.136827816,"Screening"
"Cc1ccc(NC(=O)C(C#N)=Cc2ccccc2OCC(=O)O)cc1",336.11100699199994,"Screening"
"CCOCCCNC(=O)C(C#N)=Cc1ccc(C(=O)OC)cc1",316.14230712,"Screening"
"COc1ccc(CCNC(=O)C(C#N)=Cc2cc(Br)ccc2F)cc1OC",432.048482756,"Screening"
"CCCCNC(=O)C(C#N)=Cc1ccc(-c2ccc(S(=O)(=O)N3CCOCC3)cc2)o1",443.15149189999994,"Screening"
"COc1cc(Br)c(C=C(C#N)C(=O)NC2CCCCC2)cc1OC",392.073554632,"Screening"
"Cc1cccc(NC(=O)C(C#N)=Cc2ccccc2OCC(=O)O)c1",336.11100699199994,"Screening"
"Cc1cc(C)c(NC(=O)C(C#N)=Cc2cc(C)n(-c3cccc(C(F)(F)F)c3)c2C)c(C)c1",451.187147048,"Screening"
"CC(C)NC(=O)C(C#N)=Cc1ccc(-c2ccc(S(=O)(=O)N3CCOCC3)cc2)o1",429.13584183599994,"Screening"
"CC1CCCCC1NC(=O)C(C#N)=Cc1ccc(N2CCOCC2)cc1",353.210327104,"Screening"
"N#CC(=Cc1sc(N2CCOCC2)nc1-c1ccccc1)C(=O)Nc1cccc2ccccc12",466.14634694399996,"Screening"
"N#Cc1ccnc(NS(=O)(=O)c2cccc(S(=O)(=O)F)c2)c1",340.994025956,"Screening"
"CCn1ncnc1NS(=O)(=O)c1cccc(S(=O)(=O)F)c1",334.02057505199997,"Screening"
"C=CC(=O)N1CCN(S(=O)(=O)c2cc(S(C)(=O)=O)ccc2C)CC1",372.08136374,"Screening"
"C=CC(=O)N1CCCC1c1nc(-c2ccc(Cl)cc2)c[nH]1",301.09818981200004,"Screening"
"C=CC(=O)Nc1ccc(F)c(S(=O)(=O)NC(C)(C)C)c1",300.094391624,"Screening"
"C=CC(=O)N(CC(=O)OC)Cc1cc(Cl)c2c(c1)OCO2",311.05605022799995,"Screening"
"C=CC(=O)N1CCCC(NC(=O)c2ccc3ccccc3c2)C1",308.15247788,"Screening"
"C=CC(=O)N1CCCc2cc(S(=O)(=O)N(CC)CC)ccc21",322.135113564,"Screening"
"CC(Cl)C(=O)NC(C)c1ccc(N2CCCS2(=O)=O)cc1",330.08049114799996,"Screening"
"CC(Cl)C(=O)N(C)Cc1ncnn1CC(F)F",266.074595156,"Screening"
"CC(Cl)C(=O)NC1CC(N2CCC(C(F)(F)F)CC2)C1",312.1216256,"Screening"
"C=CC(=O)N1CCC(C(=O)N2CCc3nc(NS(C)(=O)=O)sc3C2)CC1",398.10824718399994,"Screening"
"C=CC(=O)N1CCC(C(=O)NCCNc2ccc3ccccc3n2)CC1",352.189926008,"Screening"
"C=CC(=O)N1CCC(C(=O)N2Cc3ccc(NC(=O)C(F)(F)F)cc3C2)CC1",395.14567616,"Screening"
"C=CC(=O)NCCC(=O)N1CC(Oc2cccc(Cl)c2Cl)C1",342.05379773199996,"Screening"
"C=CC(=O)Nc1ccc(C(=O)N2CC(c3cccc(F)c3)OCC2(C)C)cc1",382.169270816,"Screening"
"CC1(CC(=O)Nc2ccc(S(=O)(=O)F)c(F)c2)CC1(Cl)Cl",356.980476012,"Screening"
"C=CC(=O)N1CCC(C(O)(c2ccccc2)c2ccccc2)CC1",321.17287897600005,"Screening"
"CCc1ccccc1NC(=O)COc1ccc(N2CCC2=O)cc1",324.14739249999997,"Screening"
"CN1CCN(C(=O)c2ccc3c(C=O)c[nH]c3c2)CC1",271.132076784,"Screening"
"C=CC(=O)N(C)CC(=O)N1CCN(C(c2ccccc2)c2ccccc2)CC1",377.210327104,"Screening"
"C=CC(=O)N(C)CC(=O)NCCc1nc2cc(Cl)ccc2s1",337.06517543200005,"Screening"
"C=CC(=O)N(C)CC(=O)NC1CC2(CCN(C)CC2)Oc2ccccc21",357.205241724,"Screening"
"C=CC(=O)N(C)CC(=O)Nc1cccc(C(=O)N2CCOCC2)c1",331.153206152,"Screening"
"C=CC(=O)N(C)CC(=O)NC(c1ccccc1)C1CCCC1",300.183778008,"Screening"
"C=CC(=O)N(C)CC(=O)NCc1cccc(NC(=O)N2CCCC2)c1",344.184840628,"Screening"
"C=CC(=O)N(C)CC(=O)Nc1ccccc1C(=O)N1CCC(C)CC1",343.18959166,"Screening"
"C=CC(=O)N(C)CC(=O)Nc1cccc(S(=O)(=O)N2CCN(C)CC2)c1",380.151826248,"Screening"
"C=CC(=O)N(C)CC(=O)N1CCCCC1c1ccccc1C(F)(F)F",354.155512572,"Screening"
"C=CC(=O)N(C)CC(=O)N1CCc2[nH]nc(C(F)(F)F)c2C1",316.11471038,"Screening"
"CC1(C)C(=O)NC1C1CCN(Cc2ncccc2Cl)CC1",307.145140004,"Screening"
"C=CC(=O)N(C)CC(=O)Nc1cccc(Cl)c1OC(C)C",310.108420148,"Screening"
"C=CC(=O)N(C)CC(=O)N(C)Cc1cn(C)nc1C(F)(F)F",318.130360444,"Screening"
"C=CC(=O)N(C)CC(=O)N1CC(C#N)C2(C1)C(=O)Nc1ccccc12",338.13789043599996,"Screening"
"C=CC(=O)N(C)CC(=O)NC1CCN(C(C)=O)c2ccccc21",315.158291532,"Screening"
"C=CC(=O)N(C)CC(=O)NC1COc2cc(OC)ccc2C1",304.14230712,"Screening"
"C=CC(=O)N(C)CC(=O)Nc1ccc(N2CCCCC2)cc1C(N)=O",344.18484062799996,"Screening"
"C=CC(=O)N(C)CC(=O)N1CCc2sc(-c3csc(C)n3)cc2C1",361.09186884800005,"Screening"
"C=CC(=O)N(C)CC(=O)NC1CCN(c2ccc(F)c(Cl)c2)C1=O",353.09424730399996,"Screening"
"C=CC(=O)N(C)CC(=O)NC1CCCN(c2ccc(C#N)cc2)C1=O",340.15354049999996,"Screening"
"C=CC(=O)N(C)CC(=O)N1CCCC1c1cc(F)cc(Br)c1",368.053568136,"Screening"
"C=CC(=O)N(C)CC(=O)Nc1cc2c(cc1F)NC(=O)CC2",305.117569592,"Screening"
"C=CC(=O)N(C)CC(=O)N1CCCC(S(=O)(=O)N(C)CCOC)C1",361.167141964,"Screening"
"C=CC(=O)N(C)CC(=O)Nc1cccc2c1OCCC2OC",304.14230712,"Screening"
"C=CC(=O)N(C)CC(=O)Nc1ccc(OC2CCN(C)C2=O)cc1C",345.168856216,"Screening"
"Cc1cn(C)nc1CN(CC1CCCC2(CCC2)O1)C(=O)CCl",339.17135475199996,"Screening"
"CC(C)CN(C(=O)CCl)[C@H]1C[C@@](CO)(c2ccccc2)C1",309.14955668799996,"Screening"
"CNC(=O)CC(C)N(Cc1cccc(C#N)c1OC)C(=O)CCl",337.11931918,"Screening"
"CO[C@@H]1CCCCC[C@H]1N(Cc1ccc(C#N)cc1)C(=O)CCl",334.144805656,"Screening"
"CC(C)OC(C)(C)CN(Cc1cnn(C)c1C1CC1)C(=O)CCl",341.18700481599996,"Screening"
"O=C(CCl)N(Cc1cccc2ccccc12)C[C@H]1C[C@H](O)C1",317.11825655999996,"Screening"
"O=C(CCl)N(CCOC1CCOCC1)Cc1cccn1C1CC1",340.15537034000005,"Screening"
"Cc1ccc(CN(CC2CC3(CCOCC3)C2)C(=O)CCl)cc1",335.16520675199996,"Screening"
"CS(=O)(=O)[C@H]1C[C@H](N(Cc2ccco2)C(=O)CCl)C1",305.048856672,"Screening"
"CCn1nc(C)c(CN(C(=O)CCl)C2CC3(CCC3)C2)n1",310.15603903600004,"Screening"
"CC(c1ccnn1C)N(Cc1cccn1C1CC1)C(=O)CCl",320.14038897200004,"Screening"
"C=CC(=O)N(Cc1cnn(C2CCC2)c1C)C[C@H](O)c1ccc(F)cc1",357.18525522799996,"Screening"
"O=C(CCl)N(Cc1cc(F)ccc1F)C1CCC(F)(F)C1",323.070004628,"Screening"
"CC(C)n1cc(CN(Cc2cc(C3CC3)n(C)n2)C(=O)CCl)cn1",349.16693806800004,"Screening"
"Cc1c(CN(Cc2cnsc2)C(=O)CCl)ccc2c1CCC2",334.090661908,"Screening"
"Cc1ccc(F)cc1CN(CCN1CCCC1=O)C(=O)CCl",326.11973378,"Screening"
"CC(CC(C)(C)O)N(Cc1ccc(C(C)(F)F)cc1)C(=O)CCl",347.14636312799996,"Screening"
"Cc1nscc1CN(C(=O)CCl)[C@@H]1CCc2cc(F)ccc21",338.065590032,"Screening"
"C=CC(=O)NCC(C)N(C)C(=O)CC1CCCc2oc(C)nc21",319.1895916600001,"Screening"
"C=CC(=O)NCCCN(C)C(=O)c1ccn(C2CCCCC2)n1",318.205576072,"Screening"
"C=CC(=O)N1CC(C(C)NC(=O)C(CC)Oc2ccccc2F)C1",334.16927081600005,"Screening"
"C=CC(=O)N1CC(C(C)NC(=O)COCc2nc(C3CC3)no2)C1",334.164105184,"Screening"
"C=CC(=O)N1CC(CC(C)NC(=O)c2cc3n(n2)CC(C)NC3=O)C1",345.180089596,"Screening"
"C=CC(=O)N1CC2(COC(CNC(=O)c3n[nH]c4c(OC)cccc34)C2)C1",370.164105184,"Screening"
"CO[C@H]1C[C@H](N(Cc2cccc3c2OCO3)C(=O)CCl)C1",311.092435736,"Screening"
"COCc1cc(CN(CC2CC2(C)C)C(=O)CCl)on1",300.12407021200005,"Screening"
"CCn1nccc1C(C)N(Cc1ccc(C2CC2)cc1)C(=O)CCl",345.160790068,"Screening"
"Cc1c(N(Cc2ccccc2)C(=O)CCl)cnn1C(F)F",313.079346188,"Screening"
"Cc1sccc1CN(CC1COC(C)(C)CO1)C(=O)CCl",331.10089224399997,"Screening"
"COc1ccc(CN(CC[C@H]2CCC[C@H]2O)C(=O)CCl)cc1F",343.135049496,"Screening"
"COc1ccccc1C(C1CC1)N(Cc1ccnn1C)C(=O)CCl",347.14005462399996,"Screening"
"COc1cc(COc2ccc(B(O)O)c(C=O)c2)ccc1OC(F)F",352.09297504,"Screening"
"COc1cc(B(O)O)c(C=O)cc1OCC(=O)Nc1ccccc1C(F)(F)F",397.09445226,"Screening"
"COc1cc(B(O)O)c(C=O)cc1OCc1nc(C)sc1C",321.084224012,"Screening"
"C=CC(=O)Nc1ccccc1CC(=O)NCC1(O)CCc2ccc(OC)cc21",380.173607248,"Screening"
"N#Cc1ccc(Br)c(COc2cc(Br)cnc2C=O)c1",393.895251696,"Screening"
"C=CC(=O)N1CCC[C@@H](C(=O)NCc2nnc3n2CCC3)C1",303.16952491200004,"Screening"
"CC(c1cn(-c2ccc(S(=O)(=O)F)cc2)nn1)N1CCCNCC1",353.13217410000004,"Screening"
"CC(C)Cn1ncnc1COc1cccc(B(O)O)c1C=O",303.139036456,"Screening"
"O=Cc1c(OCc2ccnn2C2CCCCC2)cccc1B(O)O",328.159437552,"Screening"
"O=Cc1c(OCc2nsc3ccccc23)cccc1B(O)O",313.05800926399996,"Screening"
"O=Cc1c(OCC(=O)NC2CCOCC2)cccc1B(O)O",307.12271769599994,"Screening"
"CNC(=O)C1CCN(C(=O)COc2cccc(B(O)O)c2C=O)CC1",348.149266792,"Screening"
"CC1CCCN(C(=O)COc2cccc(B(O)O)c2C=O)C1",305.14345313999996,"Screening"
"Cc1ccc(NC(=O)COc2cccc(B(O)O)c2C=O)cc1S(=O)(=O)N1CCOCC1",462.1268170959999,"Screening"
"Cc1cccc(C(C)C)c1NC(=O)COc1cccc(B(O)O)c1C=O",355.1591032039999,"Screening"
"CN1c2ccccc2N(CCNC(=O)CCl)S1(=O)=O",303.04443998799997,"Screening"
"O=C(C1CO1)N1CCCC1c1ccccc1Cl",251.071306368,"Screening"
"CC(NC(=O)C1CO1)c1ccc(Cl)cc1Cl",259.016683952,"Screening"
"O=C(NCc1ccccc1Oc1ccccc1)C1CO1",269.10519334,"Screening"
"CC(NC(=O)C1CO1)c1cn(-c2ccccc2)nn1",258.111675688,"Screening"
"COc1cccc(-c2ccc(CNC(=O)C3CO3)cc2)c1",283.120843404,"Screening"
"O=C(Nc1cccc(CNC(=O)C2CO2)c1)C1CCC1",274.131742436,"Screening"
"O=C(NCc1csc(-c2ccccc2)n1)C1CO1",260.061948624,"Screening"
"O=C(C1CO1)N1CCCC1Cc1cc(F)ccc1F",267.10708516,"Screening"
"O=C(N[C@@H]1CCO[C@H]1c1ccc(Cl)cc1)C1CO1",267.066220988,"Screening"
"Cc1nc(CNC(=O)C2CO2)oc1-c1ccc(Cl)cc1",292.061469956,"Screening"
"COc1ccc2cc(CNC(=O)C3CO3)ccc2c1",257.10519334,"Screening"
"O=C(N[C@@H]1C[C@@H](c2ccccc2)Oc2ccccc21)C1CO1",295.120843404,"Screening"
"O=C(C1CO1)N1CCCC(F)(c2ccccc2)C1",249.116506972,"Screening"
"O=C(C1CO1)N1CCCCC1c1cccc(C(F)(F)F)c1",299.113313412,"Screening"
"O=C(C1CO1)N1CCC(Cc2ccc(Cl)cc2)CC1",279.10260649599996,"Screening"
"CN(C(=O)C1CO1)C(c1ccc(F)cc1)c1ncccn1",287.107004908,"Screening"
"CC(C)C(NC(=O)C1CO1)c1ccc2[nH]c(=O)oc2c1",276.111006992,"Screening"
"O=C(C1CO1)N1CCOC(c2ccc(Cl)s2)C1",273.022641924,"Screening"
"O=C(NC1CC(=O)N(Cc2ccccc2C(F)(F)F)C1)C1CO1",328.103477,"Screening"
"O=C(NCC1CS(=O)(=O)c2ccccc2O1)C1CO1",283.051443516,"Screening"
"CC(NC(=O)C1CO1)c1cccc(C(F)(F)F)c1",259.082013284,"Screening"
"COC(=O)c1ccc(CN(C)C(=O)C2CO2)cc1",249.10010796,"Screening"
"O=C(C1CO1)N1CCC(C2CCCCCN2C(=O)C2CC2)CC1",320.209992756,"Screening"
"O=C(C1CO1)N1CCCOC(c2ccccc2Cl)C1",281.081871052,"Screening"
"COc1ccc(CNC(=O)C2CO2)c2ccccc12",257.10519334,"Screening"
"Cc1cnc(N2CCN(C(=O)C3CO3)CC2)s1",253.08849772,"Screening"
"CS(=O)(=O)c1cccc(C(NC(=O)C2CO2)c2ccccc2)c1",331.08782902400003,"Screening"
"O=C(NC1CCCN(C(=O)C2CO2)C1)OCc1ccccc1",304.14230712,"Screening"
"O=C(NCCc1ccccc1OC(F)(F)F)C1CO1",275.076927904,"Screening"
"CC(C)(CNC(=O)C1CO1)c1c[nH]c2cc(F)ccc12",276.127406004,"Screening"
"CC(C)c1nccc(C2CCN(C(=O)C3CO3)CC2)n1",275.163376912,"Screening"
"O=C(NC1(c2cccc(C(F)(F)F)c2)CCOCC1)C1CO1",315.108228032,"Screening"
"Cc1ccc(C2=NOC(CNC(=O)C3CO3)C2)cc1",260.116092372,"Screening"
"O=C(C1CO1)N1CCC(c2ccc(Cl)cn2)CC1",266.0822054,"Screening"
"CC(C)N1C(=O)C[C@H](NC(=O)C2CO2)[C@H]1c1ccc(Cl)c(F)c1",340.09899833599997,"Screening"
"COC(=O)[C@@H]1CN(C(=O)C2CO2)C[C@H]1Cc1ccccc1",289.131408088,"Screening"
"CC(F)(F)C(CNC(=O)C1CO1)c1ccccc1",255.10708516,"Screening"
"N#Cc1ccc(C(NC(=O)C2CO2)c2cccc(Cl)c2)cc1",312.066555336,"Screening"
"Cn1cc(C2CCCN2C(=O)C2CO2)c2ccccc21",270.136827816,"Screening"
"C=CC(=O)N1CCN(C(=O)c2ccc(=O)n(-c3ccc(F)cc3)c2)[C@@H](C)C1",369.14886972,"Screening"
"C=CC(=O)N1CCN(C(=O)c2cc(-c3ccccc3Cl)on2)[C@@H](C)C1",359.103669116,"Screening"
"C=CC(=O)N1CCCC1C(=O)N1CCN(C(=O)c2cccn2C)CC1",344.184840628,"Screening"
"C=CC(=O)N1CCC(C(=O)NCC#Cc2ccc(C(F)(F)F)cc2)CC1",364.139862508,"Screening"
"C=CC(=O)N1CCC(C(=O)N2CCS(=O)(=O)CC2c2ccccc2)CC1",376.14567824799997,"Screening"
"C=CC(=O)NC1(CNC(=O)c2cc3c(s2)CCC3)CCC1",304.12454888,"Screening"
"N#CC(=Cc1ccc(-c2cccc(C(F)(F)F)c2)o1)C(=O)Nc1nc(-c2cccs2)cs1",471.032303284,"Screening"
"N#CC(=Cc1ccc(-c2ccc(SC(F)F)cc2)o1)C(=O)Nc1nc2ccccc2s1",453.04172509600005,"Screening"
"COc1ccc(N2C(=O)C(F)(F)C2c2ccc(F)cc2)cc1",307.082013284,"Screening"
"COc1ccc(C=C(C#N)C(=O)Nc2nc3c(s2)CCN(Cc2ccccc2)C3)cc1OC",460.156911628,"Screening"
"N#CC(=Cc1cccc([N+](=O)[O-])c1)C(=O)Nc1nc2c(s1)CCN(Cc1ccccc1)C2",445.12086046800005,"Screening"
"N#CC(=Cc1ccc(OC(F)F)cc1)C(=O)N1CCN(Cc2ccccc2)CC1",397.16018335200005,"Screening"
"N#CC(=Cc1ccc(OC(F)F)cc1)C(=O)Nc1cccc(S(N)(=O)=O)c1",393.059483336,"Screening"
"CCS(=O)(=O)c1ccc(O)c(NC(=O)C(C#N)=Cc2ccc(OC(F)F)cc2)c1",422.07479905199995,"Screening"
"Cc1c(C=C(C#N)C(=O)Nc2cccc(C(F)(F)F)c2)c2ccccn2c1C(=O)c1ccccc1",473.13511147599996,"Screening"
"COc1ccc(N2C(=O)C(F)(F)C2c2cccc(F)c2)cc1",307.082013284,"Screening"
"N#CC(=Cc1ccc(-c2cccc(C(F)(F)F)c2)o1)C(=O)Nc1cccc2ncccc12",433.103811348,"Screening"
"COc1ccc(-c2nn(-c3ccccc3)cc2C=C(C#N)C(N)=O)cc1[N+](=O)[O-]",389.11240396,"Screening"
"O=C1N(c2cccc(C(F)(F)F)c2)C(c2ccccc2)C1(F)F",327.06825504,"Screening"
"CCCCN(C)C(=O)C(C#N)=Cc1ccc(OC(F)F)cc1",308.133634256,"Screening"
"COc1ccc(C=C(C#N)C(=O)N=c2sc3cc(C)ccc3n2C)cc1",363.1041477840001,"Screening"
"N#CC(=Cc1ccc(Cl)cc1)C(=O)Nc1nc2c(s1)CN(Cc1ccccc1)CC2",434.09680990800007,"Screening"
"O=C1N(c2cccc(C(F)(F)F)c2)C(c2ccc(F)cc2)C1(F)F",345.058833228,"Screening"
"N#CC(=CC1=C(N2CCOCC2)C(=Cc2ccc(Cl)cc2Cl)CC1)C(=O)Nc1ccccc1F",497.107310524,"Screening"
"N#CC(=Cc1ccc(OC(F)F)cc1)C(=O)Nc1cccnc1",315.08193303200005,"Screening"
"Cc1nn(-c2ccccc2)c2nc(N3CCCC3)c(C=O)cc12",306.14806119599996,"Screening"
"CCOC(=O)c1ccccc1NC(=O)C(C#N)=Cc1ccccc1OC(C)C",378.157957184,"Screening"
"N#CC(=Cc1cc(Br)ccc1OCc1cccc2ccccc12)C(N)=O",406.03168982000005,"Screening"
"COc1cc(C=C(C#N)C(N)=O)cc(Br)c1OCc1ccc(C)cc1",400.042254504,"Screening"
"N#CC(=Cc1ccc(OCc2cccc3ccccc23)cc1)C(N)=O",328.121177752,"Screening"
"O=S(=O)(C=Cc1cccc(Br)c1)Nc1cccc(-c2nnn[nH]2)c1",404.9895077240001,"Screening"
"COC(=O)c1ccccc1NC(=O)C(C#N)=Cc1ccccc1OC(C)C",364.14230712,"Screening"
"COc1ccc(C(=O)Oc2ccccc2C=C(C#N)C(=O)Nc2ccc([N+](=O)[O-])cc2OC)cc1",473.122299948,"Screening"
"Cc1cc(C=C(C#N)C(=O)Nc2ccc([N+](=O)[O-])cc2O)c(C)n1-c1cccc(Cl)c1",436.093832704,"Screening"
"COc1cccc(C=C(C#N)C(=O)Nc2cccc(C(F)(F)F)c2)c1OCc1ccc(Br)cc1",530.045289196,"Screening"
"CCOC(=O)c1c(C=C(C#N)C(=O)Nc2ccc(Cl)cc2)c(C)n(-c2ccccc2)c1C",447.134969244,"Screening"
"COc1cc(C=C(C#N)C(=O)Nc2ccc([N+](=O)[O-])cc2C)ccc1OCc1ccccc1Cl",477.10914842,"Screening"
"COc1cc(OC)c(OC)cc1C=C(C#N)C(=O)Nc1cccc(C(=O)O)c1",382.11648629599995,"Screening"
"COc1cccc(C=C(C#N)C(=O)Nc2ccccc2C(F)(F)F)c1OCc1ccc(Br)cc1",530.045289196,"Screening"
"CCOc1cc(C=C(C#N)C(=O)Nc2cccc(C(=O)O)c2)cc(Br)c1OCc1cccc(C)c1",534.079033936,"Screening"
"N#CC(=Cc1ccc(OCc2ccc(Cl)cc2)cc1)C(=O)Nc1ccc([N+](=O)[O-])cc1",433.08293367199997,"Screening"
"COc1cc(C=C(C#N)C(N)=O)cc(Cl)c1OCc1ccc(C)cc1",356.092770084,"Screening"
"N#CC(=Cc1ccc(OCc2ccc(Br)cc2)cc1)C(=O)Nc1cc(C(F)(F)F)ccc1Cl",533.9957521599999,"Screening"
"N#CC(=CC1=C(N2CCOCC2)C(=Cc2cccc([N+](=O)[O-])c2)CC1)C(=O)Nc1ccccc1F",474.17033343599996,"Screening"
"C=CCOc1c(Br)cc(C=C(C#N)C(N)=O)cc1OC",336.010954376,"Screening"
"O=CC1=C2N=C(N3CCOCC3)c3ccccc3N2CCCC1",311.163376912,"Screening"
"Cc1ccc2c(c1)C1CN(C)CCC1N2C(=O)C(C#N)=Cc1ccc2c(c1)OCO2",401.17394159599996,"Screening"
"COc1cc(C=C(C#N)C(=O)Nc2cccc(C(=O)O)c2)cc(Br)c1OC",430.01643368,"Screening"
"CCCCCCCCNC(=O)C(C#N)=Cc1c(C(=O)OCC)c(C)n(-c2ccccc2)c1C",449.26784198000007,"Screening"
"CC1SC(=C(C#N)C(=O)NCc2ccco2)N(Cc2ccco2)C1=O",357.07832695999997,"Screening"
"CCN1C(=O)C(C)SC1=C(C#N)C(=O)NCc1ccco1",305.08341234,"Screening"
"N#CC(=Cc1ccc2c(c1)OCO2)C(=O)N(c1ccccn1)C1CCCCC1",375.1582915320001,"Screening"
"CCCCCCOc1ccc(-c2nn(-c3ccccc3)cc2C=C(C#N)C(=O)NCC2CCCO2)cc1",498.26309094799996,"Screening"
"CCCCOc1ccc(-c2nn(-c3ccccc3)cc2C=O)cc1C",334.16812794399993,"Screening"
"COc1ccc2nc(Sc3ccc(Cl)cc3)c(C=O)cc2c1",329.02772730399994,"Screening"
"N#CC(=Cc1ccc([N+](=O)[O-])cc1)C(=O)NCCCn1ccnc1",325.1174893400001,"Screening"
"N#CC(=Cc1ccc2c(c1)OCO2)C(=O)N=C1c2ccccc2CN1c1cccc([N+](=O)[O-])c1",452.112069612,"Screening"
"C=CS(=O)(=O)NC(CO)CC(F)(F)F",233.03334884,"Screening"
"C=CS(=O)(=O)NCc1cn(C)nc1Br",278.96770966,"Screening"
"C=CS(=O)(=O)NC1CC(C)(C)C1OCc1ccccc1",295.124214532,"Screening"
"C=CS(=O)(=O)NCc1ncoc1C1CC1",228.056863244,"Screening"
"C=CC(=O)N1CCC(C(=O)N2CCc3ccc(F)cc3C2C(C)C)CC1",358.205656324,"Screening"
"C=CC(=O)N(C)CC(=O)N[C@@H]1CCN(C(C)C)[C@H]1c1ccc(F)c(F)c1",365.19148348,"Screening"
"CC(Cl)C(=O)N1Cc2ccc(NC(=O)C(F)(F)F)cc2C1",320.053939964,"Screening"
"C=CC(=O)N(CC)CC(=O)N1CC(O)(C(F)(F)C(=O)NC)C1",319.13436252800005,"Screening"
"C=CC(=O)N(C)CC(=O)N1CCN(S(C)(=O)=O)C(C)(C)C1",317.140927216,"Screening"
"C=CC(=O)N1CCC(C(=O)N(CC)CCOC(C)(C)C)CC1",310.22564282,"Screening"
"C=CC(=O)N(CC)CC(=O)N1CCc2nc(CCC(C)C)ncc2C1",344.221226136,"Screening"
"C=CC(=O)N(CC)CC(=O)N(C)Cc1n[nH]c(-c2ccccc2)n1",327.16952491200004,"Screening"
"C=CC(=O)N(CC)CC(=O)N1CC2(CCCCC2)CC1CO",308.20999275599996,"Screening"
"C=CC(=O)N(CC)CC(=O)N[C@H](C1CCOCC1)C(F)(F)F",322.15042719200005,"Screening"
"Cc1cc(CS(N)(=O)=O)ccc1NC(=O)CCl",276.033540956,"Screening"
"C=CC(=O)N(C)CC(=O)NC(C)(C)c1nc2ccc(Cl)cc2o1",335.103669116,"Screening"
"C=CC(=O)N1CCC(C(=O)N[C@H]2CNc3ccccc3N(C)C2=O)CC1",356.18484062799996,"Screening"
"C=CC(=O)N1CCC(C(=O)N2CCN(c3ccccc3C#N)CC2)CC1",352.189926008,"Screening"
"C=CC(=O)N1CCC(C(=O)Nc2ccc(Cc3nnn[nH]3)cc2)CC1",340.16477388000004,"Screening"
"C=CC(=O)N1CCC(C(=O)N2CCC(n3cc(Cl)cn3)C2)(c2ccccc2)CC1",412.16660372000007,"Screening"
"C=CC(=O)N(CC)CC(=O)N1CCN(S(=O)(=O)c2cccc(Cl)c2Cl)CC1",433.062982512,"Screening"
"C=CC(=O)N1CCC(C(=O)NCCc2cn3cccnc3n2)(c2ccccc2)CC1",403.20082504000004,"Screening"
"C=CC(=O)N1CCC(C(=O)N2CCC(Oc3ccncc3C)CC2)(c2ccccc2)CC1",433.236541852,"Screening"
"C=CC(=O)N1CCC(C(=O)Nc2ccc3c(c2)nc(C(F)(F)F)n3C(C)CO)CC1",424.172225256,"Screening"
"C=CC(=O)N1CCC(C(=O)Nc2ccc(N3CCCC3=O)c(F)c2)(c2ccccc2)CC1",435.195819912,"Screening"
"C=CC(=O)N1CCC(C(=O)N2CCN(S(=O)(=O)c3ccc(C(C)=O)cc3)CC2)CC1",433.167141964,"Screening"
"C=CC(=O)NCc1ccc(C(=O)N2CCC(NC(=O)N3CCOCC3)CC2)cc1",400.211055376,"Screening"
"C=CC(=O)N1CCC(C(=O)NC2CCN(Cc3ccccc3)C2=O)CC1",355.18959165999996,"Screening"
"C=CC(=O)N1CCC(C(=O)NC2(c3ccc4c(c3)OCCO4)CCCC2)CC1",384.204907376,"Screening"
"C=CC(=O)N1CCC(C(=O)Nc2cc(C)ccc2-n2cc(C)cn2)CC1",352.189926008,"Screening"
"C=CC(=O)NCc1ccc(C(=O)N(C)C(C)(C)C(N)=O)cc1",303.158291532,"Screening"
"C=CC(=O)N1CCC(C(=O)N2CCCC(C(=O)NCCC)C2)(c2ccccc2)CC1",411.252191916,"Screening"
"C=CC(=O)Nc1ccc(C(=O)NCCC2=CC[C@H]3C[C@@H]2C3(C)C)cc1",338.199428072,"Screening"
"C=CC(=O)N1CCC(C(=O)N(CCC)Cc2ccc(F)cc2F)CC1",350.180584448,"Screening"
"C=CC(=O)N1CCC(C(=O)NCc2ccc(C(=O)OC)nc2)(c2ccccc2)CC1",407.18450628000005,"Screening"
"C=CC(=O)N1CCC(C(=O)N2CCN(c3cccc(F)c3)CC2)(c2ccccc2)CC1",421.21655535599996,"Screening"
"C=CC(=O)N(CC)CC(=O)N1CCC(Cc2cccc(F)c2F)CC1",350.180584448,"Screening"
"C=CC(=O)N1CCC(C(=O)N2CCN(c3ccc(C(=O)OC)cc3)CC2C)CC1",399.215806408,"Screening"
"C=CC(=O)N1CCC(C(=O)NCc2ccc(C)nc2N2CCCC2)(c2ccccc2)CC1",432.252526264,"Screening"
"C=CC(=O)N1CCC(C(=O)NCc2ccc(OCC)cc2)CC1",316.178692628,"Screening"
"C=CC(=O)N1CCC(C(=O)N(C)c2ccc(OC)nc2)CC1",303.158291532,"Screening"
"C=CC(=O)N1CCC(C(=O)N2CCCC2CC(=O)c2cnn(C)c2)(c2ccccc2)CC1",434.23179082,"Screening"
"CCOC(=O)c1cc2n(n1)CC(NC(=O)c1ccc(B(O)O)c(C=O)c1)CO2",387.1237803159999,"Screening"
"CP1(=O)CCN(C2CN(C(=O)c3ccc(B(O)O)c(C=O)c3)C2)CC1",364.13593883399994,"Screening"
"O=Cc1cc(C(=O)N2CC(O)CC2c2cc(F)ccc2F)ccc1B(O)O",375.10895945199997,"Screening"
"COC(=O)C[C@@]12CCCC[C@H]1N(C(=O)c1ccc(B(O)O)c(C=O)c1)CCC2",387.18531795199993,"Screening"
"O=Cc1cc(C(=O)N2CCn3nc(-c4ccccc4)cc3C2)ccc1B(O)O",375.1390364559999,"Screening"
"O=Cc1cc(C(=O)N2CC3(C2)NC(=O)c2ccccc2N3)ccc1B(O)O",365.11830101199996,"Screening"
"CP(C)(=O)[C@@H](NC(=O)c1ccc(B(O)O)c(C=O)c1)c1ccccc1",359.109389738,"Screening"
"CC(NC(=O)c1ccc(B(O)O)c(C=O)c1)c1ncc(C(F)(F)F)[nH]1",355.095120956,"Screening"
"CN(c1cccc(C#N)c1)C1CCN(C(=O)c2ccc(B(O)O)c(C=O)c2)C1",377.1546865199999,"Screening"
"O=Cc1cc(C(=O)N2CCC3(CN(Cc4ccccc4)C(=O)CO3)C2)ccc1B(O)O",422.16491685599993,"Screening"
"CCc1noc(C2CCC(NC(=O)c3ccc(B(O)O)c(C=O)c3)C2)n1",357.14960113999996,"Screening"
"CCCOc1cccc2c1OCC2NC(=O)c1ccc(B(O)O)c(C=O)c1",369.13836775999994,"Screening"
"Cc1nn(C)c(Oc2cccnc2)c1NC(=O)c1ccc(B(O)O)c(C=O)c1",380.12920004399996,"Screening"
"Cc1cccc(CC(NC(=O)c2ccc(B(O)O)c(C=O)c2)C2CCCO2)c1",381.17475326799996,"Screening"
"Cn1ccnc1C1CC(NC(=O)c2ccc(B(O)O)c(C=O)c2)CCO1",357.14960113999996,"Screening"
"O=Cc1cc(C(=O)Nc2cnc(C3CCCCC3)nc2)ccc1B(O)O",353.1546865199999,"Screening"
"CC(C)(NC(=O)c1ccc(B(O)O)c(C=O)c1)c1nc2cc(Cl)ccc2o1",386.08407969199993,"Screening"
"CN(CCNC(=O)Nc1ccc(F)cc1)C(=O)c1ccc(B(O)O)c(C=O)c1",387.14017932799993,"Screening"
"O=Cc1cc(C(=O)NCc2c(Cl)cccc2-n2ccnc2)ccc1B(O)O",383.08441404,"Screening"
"O=Cc1cc(C(=O)N2CCC(n3c(=O)[nH]c4cccnc43)CC2)ccc1B(O)O",394.144850108,"Screening"
"O=Cc1cc(C(=O)N2CCCC(n3cnc4ccccc4c3=O)C2)ccc1B(O)O",405.1496011399999,"Screening"
"CC1(C(=O)COc2cccc(B(O)O)c2C=O)CCOCC1",306.127468728,"Screening"
"Cc1oc2nc(COc3ccc(B(O)O)c(C=O)c3)nc(N)c2c1C",341.118301012,"Screening"
"CC(Oc1ccc(B(O)O)c(C=O)c1)C(=O)Nc1ccc2c(c1)OCCCO2",385.13328237999997,"Screening"
"O=Cc1cc(OCc2csc(-c3ccc4c(c3)OCO4)n2)ccc1B(O)O",383.06348856799997,"Screening"
"O=Cc1ccc(OCc2ccc(-c3ccccn3)nc2)cc1B(O)O",334.11248736,"Screening"
"C=CC(=O)NC(C)(C)CC(C)(NCCCOC(=O)NC)c1nnnn1C1CCOC1",423.2594025360001,"Screening"
"C=CC(=O)NC(C)(C)CC(C)(NCc1cccc(C(=O)OC)c1)c1nnnn1CCCOC",458.26415356800004,"Screening"
"C=CC(=O)NC(C)(C)CC(C)(NCCCOCCOCCOC)c1nnnn1Cc1ccccc1",488.3111037600001,"Screening"
"C=CC(=O)N1CCC(CNC(c2ccc(SC)cc2OC)c2nnnn2C(C)CC)CC1",458.24639532800006,"Screening"
"C=CC(=O)N1CCCC(NC(c2ccc(OC)c3oc(C)cc23)c2nnnn2CC2CC2)C1",450.2379388200001,"Screening"
"C=CC(=O)Nc1ccc(C(Nc2cc(NC(=O)NCC)ccc2C)c2nnnn2CC2CC2)cc1",474.2491722000001,"Screening"
"C=CC(=O)Nc1ccc(C(NCc2noc(C3CC3)n2)c2nnnn2CCSC)cc1",440.17429300800006,"Screening"
"C=CC(=O)Nc1ccc(C(NCc2cc(C)nc(C)c2)c2nnnn2C(C)C)cc1",405.2277084840001,"Screening"
"C=CC(=O)Nc1ccc(C(Nc2ccc(OCC)cc2OCC)c2nnnn2C2CC2)cc1",448.22228875600007,"Screening"
"C=CC(=O)Nc1ccc(C(NCCF)c2nnnn2C2CCC2)cc1",344.176087512,"Screening"
"C=CC(=O)Nc1ccc(C(N[C@H]2CC[C@@H](C(=O)OC)CC2)c2nnnn2C2CCC2)cc1",438.2379388200001,"Screening"
"C=CC(=O)N1CCCC(NC(c2ccc(OC(F)(F)F)cc2C)c2nnnn2C)C1",424.1834586360001,"Screening"
"C=CC(=O)N1CCCC(NC(c2cc3c(cn2)OCCO3)c2nnnn2CCOCC)C1",443.2281024080001,"Screening"
"C=CC(=O)N1CCCC(NC(c2ccc(OC)nc2)c2nnnn2C)C1",357.1913229760001,"Screening"
"C=CC(=O)N1CCC(CNC(c2cc(C(C)C)on2)c2nnnn2C2CCCC2)CC1",427.2695732960001,"Screening"
"C=CC(=O)N1CCC(CNC(c2ccc(OCC)cc2C)c2nnnn2CCOC)CC1",442.26923894800007,"Screening"
"C=CC(=O)N1CCC(CNC(c2cnn(C3CC3)c2)c2nnnn2C(C)C)CC1",398.25425758000006,"Screening"
"C=CC(=O)N1CCC(CNC(c2ccc(C)c(C)c2)c2nnnn2CC2CCCO2)CC1",438.27432432800003,"Screening"
"C=CC(=O)N1CCC(CNC(c2cncnc2)c2nnnn2C(C)c2ccccc2)CC1",432.23860751600006,"Screening"
"C=CC(=O)N1CCC(CNC(c2ccns2)c2nnnn2-c2cccc(OC)c2)CC1",439.17904404000006,"Screening"
"C=CC(=O)N1CCC(CNC(c2cc(Cl)cs2)c2nnnn2CCC)CC1",408.1499081000001,"Screening"
"C=CC(=O)Nc1cc(NC(=O)c2cn(C3CCS(=O)(=O)C3)nc2C(C)C)ccc1F",434.142404436,"Screening"
"C=CC(=O)Nc1cc(NC(=O)c2cnn(-c3ccc(Br)cc3)c2)ccc1F",428.02841600799997,"Screening"
"C=CC(=O)Nc1cc(NC(=O)C2CCSc3ccccc32)ccc1F",356.09947700400005,"Screening"
"C=CC(=O)Nc1cc(NC(=O)CCc2ccc3c(c2)OCCO3)ccc1F",370.132885308,"Screening"
"Cc1ccc(F)c(N(C#N)Cc2csc(CS(C)(=O)=O)n2)c1",339.05114690799996,"Screening"
"Cc1ccc(F)c(N(C#N)Cc2noc(C3CC3)n2)c1",272.10733925600005,"Screening"
"N#CN(Cc1cccc(F)c1)c1ccccc1",226.090626572,"Screening"
"CCCCNC(=O)CN(C#N)c1ccc(F)c(C#N)c1",274.12298932000004,"Screening"
"CN1CC(=O)N(CC(=O)NC2CN(c3ccc(F)cc3)C2=O)C1=O",334.10773317999997,"Screening"
"CC(C)S(=O)(=O)CCCN(C#N)c1ccc(F)c(Cl)c1",318.06050465199996,"Screening"
"CC(=O)N[C@H]1[C@H](Oc2ccc(C=O)cc2)O[C@H](CO)[C@@H](O)[C@@H]1O",325.116151948,"Screening"
"C=CC(=O)Nc1cc(NC(=O)C(C)(O)Cn2ccc(C)cc2=O)ccc1F",373.14378433999997,"Screening"
"Cc1ccc(C=CS(=O)(=O)N(CCO)c2ccc(Br)cc2)cc1",395.019076536,"Screening"
"Cc1nn(C)cc1C1CCCN1C(=O)COc1cccc(C=O)c1",327.15829153199996,"Screening"
"Cc1cccc(C)c1NC(=O)CNC(=O)C(C#N)=CC1CC1",297.147726848,"Screening"
"C=CC(=O)N1CCN(C(=O)Nc2ccc(C)c(Cl)c2)CC1",307.108754496,"Screening"
"C=CC(=O)N1CCC(N(C)Cc2cccc(C(F)(F)F)c2)CC1",326.160597952,"Screening"
"C=CC(=O)N(CC1CCN(Cc2ccccc2)C1)CC(F)(F)F",326.160597952,"Screening"
"N#CC(=Cc1cccc(-c2ccncc2)c1)C(=O)N1CCCC1",303.137162164,"Screening"
"CC(C)(CO)C(CNC(=O)C(C#N)=CC1CC1)c1ccccc1",312.183778008,"Screening"
"C=CC(=O)N1CCC(C(=O)N2CCC(c3c(F)cccc3F)C2)CC1",348.164934384,"Screening"
"N#CN(CCn1cncn1)c1ccc(F)c(Br)c1",309.002535608,"Screening"
"C=CC(=O)Nc1ccc(C(=O)Nc2cc(CCC(C)C)nn2C)cc1",340.18992600800004,"Screening"
"C=CC(=O)Nc1ccc(C(=O)N2CCN(CC(F)(F)F)c3ccccc32)cc1",389.13511147599996,"Screening"
"C=CC(=O)NCc1ccc(C(=O)N2CCCc3c(F)ccc(F)c32)cc1",356.133634256,"Screening"
"C=CC(=O)Nc1ccc(C(=O)Nc2ncc(CC(C)C)s2)cc1",329.119797848,"Screening"
"N#CC(=Cc1cccc(C(=O)O)c1)C(=O)Nc1nccs1",299.03646214800006,"Screening"
"CC(CNS(=O)(=O)C=Cc1ccccc1)c1nc2ccccc2o1",342.103813436,"Screening"
"CCc1nn(C)cc1NS(=O)(=O)c1ccc(S(=O)(=O)F)cc1",347.04097614799997,"Screening"
"CC(C)Oc1cncc(C(=O)NS(=O)(=O)C=Cc2ccccc2)c1",346.09872805599997,"Screening"
"C=CC(=O)NCc1ccc(C(=O)N2CCc3c(cccc3C(C)C)C2)cc1",362.199428072,"Screening"
"Cc1oc2nc(CN(C#N)c3ccc(F)c(Br)c3)nc(N)c2c1C",389.02875035600005,"Screening"
"Cc1ccc(-c2nc(C=C(C#N)C(=O)Nc3ccccc3Cl)co2)cc1",363.07745436799996,"Screening"
"COC(=O)c1ccc(C=C(C#N)C(=O)Nc2cc(Cl)ccc2Cl)[nH]1",363.017746572,"Screening"
"C=CC(=O)Nc1cc(NC(=O)c2nnn(Cc3ccc(C(F)(F)F)cc3)c2C)ccc1F",447.13183766400005,"Screening"
"C=CC(=O)N1CCC(C(=O)N(CC)C2CCOC(C)(C)C2)CC1",322.22564282,"Screening"
"C=CC(=O)N1CCC(C(=O)NCC2(c3ccc(F)cc3Cl)CCCC2)CC1",392.166683972,"Screening"
"C=CC(=O)NCCC(=O)N[C@@H](C)[C@H](O)c1ccc2c(c1)OCO2",320.13722174,"Screening"
"C=CC(=O)N1CCC(C(=O)N2CCC(Oc3cncc(Cl)n3)CC2)CC1",378.14586827600004,"Screening"
"O=Cc1ccc(OCc2coc(-c3ccc(F)cc3)n2)c(CO)c1",327.090686148,"Screening"
"C=CC(=O)N1CCC(C(=O)N2CCCC23CCOC3=O)CC1",306.157957184,"Screening"
"C=CC(=O)Nc1cc(NC(=O)c2cc(-c3ccccc3Cl)[nH]n2)ccc1F",384.07893158800005,"Screening"
"Cc1cc(C(=O)N(C2CCCC2)C2CC2)sc1C=O",277.113649848,"Screening"
"O=S(=O)(F)c1cccc(S(=O)(=O)Nc2cccc(-c3nnnn3C3CC3)c2)c1",423.04712414800014,"Screening"
"CCOc1cc(C=C(C#N)C(=O)Nc2cc(C(F)(F)F)ccc2N2CCOCC2)ccc1O",461.15624084399997,"Screening"
"COc1cccc(C(=O)N2CCC(C3NC(=O)C3(C)C)CC2)c1O",332.173607248,"Screening"
"COc1cc(C=C(C#N)C(=O)Nc2ccc(SC(F)F)cc2)cc([N+](=O)[O-])c1O",421.054397956,"Screening"
"COc1cc(C=C(C#N)C(=O)NCC2CCCO2)ccc1O",302.126657056,"Screening"
"CCOC(=O)c1c(NC(=O)C(C#N)=Cc2cc(OC)c(O)c(OC)c2)sc2c1CCCC2",456.1355074879999,"Screening"
"CCc1ccc(-c2csc(NC(=O)C(C#N)=Cc3ccc(O)cc3)n2)cc1",375.104147784,"Screening"
"CC1CCCCC1NC(=O)C(C#N)=Cc1ccc(O)c(O)c1",300.14739249999997,"Screening"
"COc1ccc(C)cc1-c1[nH]c2ccccc2c1C=O",265.11027872,"Screening"
"C=CC(=O)N(Cc1ccc(C(F)(F)F)o1)CC1CCCS1",319.08538441200005,"Screening"
"C=CC(=O)N(Cc1ccnn1CC1CC1)C1Cc2ccccc2C1",321.184112356,"Screening"
"COc1ccccc1C(O)CN(CC(C)C)C(=O)CCl",299.128821244,"Screening"
"C=CC(=O)N(CC(C)(C)CCC#N)C1CCc2cc(F)ccc21",314.179441576,"Screening"
"C=CC(=O)N(Cc1nocc1C)[C@H]1CCCc2ccc(F)cc21",314.143056068,"Screening"
"C=CC(=O)N(Cc1cc(F)cc(C(F)(F)F)c1)[C@@H]1COC[C@H]1O",333.09880622,"Screening"
"O=C(NC[C@@H]1C[C@H]1C1CCCCC1)Nc1ccc(OS(=O)(=O)F)cc1",370.136256436,"Screening"
"O=C(Nc1ccc(OS(=O)(=O)F)cc1)N(Cc1nccs1)C1CC1",371.04097614799997,"Screening"
"CCOCC1CCCCN1C(=O)Nc1ccc(OS(=O)(=O)F)cc1",360.115520992,"Screening"
"Cc1cccc2c1CCN(C(=O)Nc1ccc(OS(=O)(=O)F)cc1)C2",364.089306244,"Screening"
"CC(C)(C)OC(=O)Nc1ccc2[nH]c(C=O)cc2c1",260.116092372,"Screening"
"CCCn1cc(N(CCS(=O)(=O)F)Cc2ccncc2)cn1",326.12127506800005,"Screening"
"C=Cn1nccc1CN(CCS(=O)(=O)F)Cc1ccoc1C",327.10529065599997,"Screening"
"COc1ncc(N(CCS(=O)(=O)F)CC2CC2)cc1C#N",313.089640592,"Screening"
"O=C(NCCS(=O)(=O)N1CCc2ccccc21)C1CO1",296.08307799199997,"Screening"
"C=CC(=O)N1CCC(C(=O)OC2CCCc3cc(C(=O)OC)ccc32)CC1",371.1732729,"Screening"
"C#Cc1cc(OS(=O)(=O)F)cc(C(=O)N2CCc3cc(OC)c(OC)cc3C2C)c1",433.09953657999995,"Screening"
"C=CC(=O)N(Cc1cn(C)nc1C1CC1)c1ccc2c(c1)OCO2",325.14264146799997,"Screening"
"C=CC(=O)N(Cc1ccnn1CC1CCC1)c1cccc(CO)c1",325.179026976,"Screening"
"C=CC(=O)N(CCc1cc(Cl)c2c(c1)OCCO2)Cc1cscn1",364.0648410840001,"Screening"
"C=CC(=O)N(Cc1c2c(nn1C)CCCC2)C1CCCC(C(F)(F)F)C1",369.202797112,"Screening"
"C=CC(=O)N(Cc1cnc(C2CC2)s1)c1cccc(NC(=O)C2CC2)c1",367.135447912,"Screening"
"C=CC(=O)N(Cc1cnn(C)c1Cl)C1CCSc2c(F)cccc21",365.07648906400004,"Screening"
"C=CC(=O)N(Cc1cnc(C2CCCC2)s1)CC1CCS(=O)(=O)C1",368.12283462799996,"Screening"
"CC(c1ccc2c(c1)NC(=O)CO2)N(Cc1ccc(CO)cc1)C(=O)CCl",388.11898483199997,"Screening"
"C=CC(=O)N(CCS(C)(=O)=O)Cc1cn(C)nc1-c1cc2ccccc2o1",387.125277152,"Screening"
"C=CC(=O)NCC(c1ccccc1)S(=O)(=O)c1ccccc1",315.092914404,"Screening"
"C=CC(=O)NCc1ccc(S(=O)(=O)c2cccc(Cl)c2)cc1",335.038291988,"Screening"
"CCn1cc(CN(Cc2ccc(F)cc2)C(=O)CCl)c(C)n1",323.12006812800007,"Screening"
"O=C(CCl)NC1CC(NC(=O)c2cnc(C(F)(F)F)nc2)C12CCC2",376.09138809200005,"Screening"
"Cn1nccc1C(F)(F)C(=O)NC(CNC(=O)CCl)C1CCCCC1",376.147760096,"Screening"
"CC(NC(=O)CCl)C1CCN(C(=O)C2(C)CCc3ccccc3C2)CC1",376.191755848,"Screening"
"CC(C)(CC(=O)NCC1(NC(=O)CCl)CCCCCC1)c1ccccc1",378.207405912,"Screening"
"Cc1ccc(C(=O)NCC(=O)NC2(CNC(=O)CCl)CCCCC2)cc1",379.166269372,"Screening"
"CC(=O)NCc1cccc(C(=O)NC2(CNC(=O)CCl)CCCCC2)c1",379.166269372,"Screening"
"O=C(CCl)NCC(NC(=O)c1ncoc1C(F)(F)F)C1CCCCC1",381.106703808,"Screening"
"Cc1cc(C(=O)NC(CNC(=O)CCl)c2ccc3ccccc3c2)n(C)n1",384.13530359200007,"Screening"
"O=C(CCl)NCc1ccc(CNC(=O)c2ccc3nccnc3c2)c(F)c1",386.09458165200004,"Screening"
"Cc1nnsc1C(=O)NC(CNC(=O)CCl)c1ccc2ccccc2c1",388.07607446400004,"Screening"
"COc1ccc2cccc(CC(=O)NCC3(NC(=O)CCl)CCCC3)c2c1",388.15537034,"Screening"
"O=C(CCl)NCc1ccc(CNC(=O)c2csc3ccccc23)c(F)c1",390.06050465199996,"Screening"
"O=C(CCl)NCc1ccc(CNC(=O)c2csc3c2CCCC3)c(F)c1",394.09180477999996,"Screening"
"CC(NC(=O)CCl)c1ccc(CNC(=O)c2ccccc2-n2cnnn2)cc1",398.1258015280001,"Screening"
"CC(NC(=O)CCl)c1ccc(CNC(=O)CC2CCc3ccccc3C2)cc1",398.176105784,"Screening"
"CC(NC(=O)CCl)c1ccc(CNC(=O)c2ccc3c(c2)C(C)(C)CO3)cc1",400.15537034,"Screening"
"COc1ccccc1C(CNC(=O)c1ncnc2sccc12)NC(=O)CCl",404.070989084,"Screening"
"CC(NC(=O)CCl)C1CN(C(=O)c2cc(-c3ccc(Cl)cc3)on2)CCO1",411.075261448,"Screening"
"CC(C)c1ccc(C(CNC(=O)c2snc3ccccc23)NC(=O)CCl)cc1",415.112125624,"Screening"
"Cc1ccc2c(c1)CCC(C(=O)N1CCCC(C(=O)NCCNC(=O)CCl)C1)O2",421.17683405599996,"Screening"
"CC1CCn2ncc(C(=O)NC(CNC(=O)CCl)c3ccc4ccccc4c3)c2C1",424.16660372,"Screening"
"O=C(CCl)NC1CCCOC1C1CCN(C(=O)C(=O)NCc2ccc(F)cc2)CC1",439.16741224400005,"Screening"
"Cn1nc(C(=O)N2CCCCC2C(CNC(=O)CCl)Cc2ccccc2)c2c1CCOC2",458.208468532,"Screening"
"C=CC(=O)NC(C)C1CCN(C(=O)C2(C)CCc3ccccc3C2)CC1",354.2307282,"Screening"
"C=CC(=O)N(Cc1cc(CC)no1)Cc1sncc1Br",354.999009788,"Screening"
"C=CC(=O)N(Cc1cnn(-c2cc(C)cc(C)c2)n1)CC1COCCO1",356.18484062799996,"Screening"
"C=CC(=O)N(CC1=CCCCC1)Cc1cnc(-c2ccccc2F)s1",356.135862512,"Screening"
"C=CC(=O)NC1(CNC(=O)C(F)(F)c2cscn2)CCCCCC1",357.132254352,"Screening"
"C=CC(=O)N(Cc1cc2c(cc1OC)CC(C)O2)Cc1ccsc1C",357.139864596,"Screening"
"C=CC(=O)NC(C)C1CCN(C(=O)CC2COc3ccccc3O2)CC1",358.189257312,"Screening"
"C=CC(=O)NC1CCC(N(C)C(=O)C(C)Sc2ccc(C)cc2)CC1",360.187149136,"Screening"
"C=CC(=O)NCC1(NC(=O)c2nn3cccnc3c2Cl)CCCCC1",361.13055255999996,"Screening"
"C=CC(=O)NC1(C2CCN(C(=O)C(OC)c3cccc(OC)c3)CC2)CC1",372.204907376,"Screening"
"C=CC(=O)NC(C)c1ccc(CNC(=O)Cc2ccc3c(c2)CCCC3)cc1",376.215078136,"Screening"
"C=CC(=O)NCc1ccc(CNC(=O)c2cc3ccccc3n2CC)c(F)c1",379.169605164,"Screening"
"C=CC(=O)NCCc1ccc(CNC(=O)C2CCOc3c(F)cccc32)cc1",382.16927081600005,"Screening"
"C=CC(=O)NCC1CN(C(=O)COc2cc(C)ccc2F)CC12CCOCC2",390.195485564,"Screening"
"C=CC(=O)NC1CN(C(=O)C2(CCc3ccccc3)CC2)CCC1C(F)(F)F",394.1868127,"Screening"
"C=CC(=O)NCC(NC(=O)c1ccc2c(c1)CNC2=O)c1ccc2ccccc2c1",399.158291532,"Screening"
"C=CC(=O)NCc1cn(-c2cccc(CNC(=O)C3Cc4ccccc4C(=O)O3)c2)nn1",431.159354152,"Screening"
"C=CC(=O)NC(CNS(=O)(=O)c1cc(C)sc1C)c1ccccc1",364.09153449999997,"Screening"
"C=CS(=O)(=O)N1CC(c2ccccc2)C1",223.066699656,"Screening"
"C=CC(=O)N(c1ccc(C(C)OC)cc1)C(C(=O)Nc1ccc(Cl)cc1)c1cccnc1",449.15061930800005,"Screening"
"C=CC(=O)NC[C@]1(c2ccccc2)C[C@@H](NC(=O)C2=NOC(C(C)(C)C)C2)C1",383.220891788,"Screening"
"C=CC(=O)NC[C@H]1CC[C@H](NC(=O)CC2CCCc3ccccc32)CC1",354.2307282,"Screening"
"C=CC(=O)N[C@H]1COCC[C@H]1NC(=O)Cc1cccc2ccc(OC)cc12",368.173607248,"Screening"
"C=CC(=O)NCc1ccc(CNC(=O)[C@@H]2C[C@H]2c2ccc(Cl)s2)c(F)c1",392.07615471599996,"Screening"
"C=CC(=O)N[C@@H]1CN(C(=O)C2(n3cnnn3)CCCCC2)C[C@H]1C1CC1",358.211724072,"Screening"
"C=CC(=O)N[C@@H]1c2ccccc2C[C@H]1NC(=O)C(F)(F)CCn1cccn1",374.15543232000005,"Screening"
"C=CC(=O)NC[C@]1(c2ccccc2)C[C@@H](NC(=O)c2cnc(C3CCCO3)s2)C1",411.16166266000005,"Screening"
"C=CC(=O)NC[C@]1(c2ccccc2)C[C@@H](NC(=O)c2nc3nc(C)cc(C)n3n2)C1",404.19607400800004,"Screening"
"C=CC(=O)N[C@@H]1CN(C(=O)COc2ccc3c(c2)CCC3)C[C@H]1CC(C)(C)C",384.241292884,"Screening"
"Cc1cc(C(=O)N[C@@H]2Cc3ccccc3[C@H]2NC(=O)CCl)nn1C(C)(C)C",388.16660372000007,"Screening"
"CC(C)(C(=O)N[C@@H]1Cc2ccccc2[C@H]1NC(=O)CCl)c1nccs1",377.09647556000004,"Screening"
"Cn1cc(C(=O)N[C@@H]2Cc3ccccc3[C@H]2NC(=O)CCl)c(C(C)(C)C)n1",388.16660372000007,"Screening"
"CCC(CC(=O)N1CCCC[C@]12C[C@H](NC(=O)CCl)C2)Cc1ccccc1",390.207405912,"Screening"
"C=CC(=O)N(C)CC(=O)Nc1ccc(Cl)c(F)c1N1CCOCC1",355.109897368,"Screening"
"C=CC(=O)N(C)CC(=O)Nc1ccc2c(c1)N(CC(F)F)CCS2",355.116604288,"Screening"
"C=CC(=O)N(C)CC(=O)N1CCC([C@@H]2OCC[C@H]2NC(=O)C(F)(F)F)CC1",391.17189090799997,"Screening"
"CC(Cc1cnn(C)c1)NC(=O)c1cc(Br)c2ncc(C=O)n2c1",389.048736852,"Screening"
"C=CC(=O)N(C)CC(=O)N[C@@H]1CCO[C@@H](c2ccccn2)C1",303.158291532,"Screening"
"C=CC(=O)N(C)CC(=O)Nc1cccc(C2CCN(Cc3ccccc3)CC2)c1",391.225977168,"Screening"
"COc1cc(C=O)ccc1OCCC(=O)N1CC(F)(C(F)(F)F)C1",349.09372084,"Screening"
"Cc1[nH]c2c(F)cccc2c1CCNC(=O)CCl",268.077868968,"Screening"
"C=CC(=O)N(CC)CC(=O)Nc1ccc(CN2CCOC2=O)cc1",331.153206152,"Screening"
"C=CC(=O)N(CC)CC(=O)NC1CCOC2(CCCCC2)C1",308.209992756,"Screening"
"CC(C)OCCCNC(=O)C(C#N)=Cc1ccnc2ccccc12",323.163376912,"Screening"
"CC(C)OCCCNC(=O)C(C#N)=Cc1ccc2[nH]c(=O)[nH]c2c1",328.1535405,"Screening"
"CC(C)NC(=O)C(C#N)=Cc1ccc(N2CCC(O)CC2)cc1",313.179026976,"Screening"
"O=C(Cc1noc2ccc(F)cc12)Nc1ccc(S(=O)(=O)F)cc1",352.03293424,"Screening"
"CC(Cl)C(=O)N1CCC(c2cc3ccccc3[nH]2)C1",276.10294084400005,"Screening"
"CC(Cl)C(=O)NCc1nc(C(F)(F)F)n2c1CCCC2",309.08557444,"Screening"
"C=CC(=O)Nc1cccc(C(=O)NC2CCN(Cc3ccccn3)CC2)c1",364.189926008,"Screening"
"O=C(c1ccc(S(=O)(=O)F)cc1)N1CCc2c1cccc2C(F)(F)F",373.039577092,"Screening"
"C=CC(=O)N(C)CC(=O)NC(C)(CC)c1nc2c(c(=O)[nH]1)CCCC2",346.200490692,"Screening"
"C=CC(=O)Nc1cccc(C(=O)N2CCn3c(C(C)C)nnc3C2C)c1",353.18517497600004,"Screening"
"C=CC(=O)Nc1cccc(C(=O)N2C[C@H]3[C@H](OC)CS(=O)(=O)[C@H]3C2)c1",364.10929273999994,"Screening"
"C=CC(=O)Nc1cccc(C(=O)N2CCC[C@@H](c3nnc(C)o3)[C@H]2C)c1",354.16919056399996,"Screening"
"CC(Cl)C(=O)N1CCC(Oc2cnc3ccccc3n2)CC1",319.108754496,"Screening"
"CN1CCCCC(C(=O)Nc2ccc(OC3CC(=O)N3)cc2)C1=O",331.153206152,"Screening"
"C=CC(=O)Nc1sc2c(c1C(N)=O)-c1ccccc1CCC2",312.093248752,"Screening"
"CCN(C#N)CCN1Cc2ccccc2OC(C)(C)C1",273.184112356,"Screening"
"CCN(C#N)CCN1Cc2ccccc2OC(C)C1",259.168462292,"Screening"
"CC(C)(C)OC(=O)N1CCN(c2ncc(C=O)cn2)CC1",292.15354049999996,"Screening"
"CCOC(=O)c1cc2n(n1)CC(C)N(C(=O)C(C)Cl)C2",299.103669116,"Screening"
"C=CC(=O)N(CC)CC(=O)N1CCc2[nH]c3ccc(C(=O)OC)cc3c2C1",369.168856216,"Screening"
"C=CC(=O)N(CC)CC(=O)NC(C)c1ccc2c(c1)CC(=O)N2C",329.173941596,"Screening"
"C=CC(=O)N(CC)CC(=O)Nc1cc(C(C)(C)C)nn1-c1ccccn1",355.20082504000004,"Screening"
"C=CC(=O)N(CC)CC(=O)N1CCCCC1Cn1nc(C)cc1C",332.221226136,"Screening"
"C=CC(=O)N(C)CC(=O)N1CCCC(n2c(CC)nc3ccccc32)C1",354.205576072,"Screening"
"C=CC(=O)N(CC)CC(=O)N1CCN(CC(C)(C)O)CC1C",311.220891788,"Screening"
"C=CC(=O)N(CC)CC(=O)NC1CCN(c2nccn2C)CC1",319.20082504000004,"Screening"
"COc1ccc(Cl)cc1C(=O)NCCc1ccc(S(=O)(=O)F)cc1",371.03943486,"Screening"
"C=CC(=O)N(CC)CC(=O)N1CCC(c2nc(N(C)C)n[nH]2)CC1",334.21172407200004,"Screening"
"C=CC(=O)N(CC)CC(=O)N1CCc2ccc(S(C)(=O)=O)cc2CC1",364.14567824799997,"Screening"
"C=CC(=O)N(CC)CC(=O)NC(C)(C)c1cn(C(C)C)nn1",307.20082504000004,"Screening"
"C=CC(=O)NCCC(=O)N1CCc2nc[nH]c2C1c1ccc(Cl)cc1",358.119653528,"Screening"
"C=CC(=O)N(CC)CC(=O)Nc1cc2c([nH]c1=O)CCCC2",303.158291532,"Screening"
"C=CC(=O)N1CCC(C(=O)N2CCCCC2C(O)c2ccccc2)CC1",356.209992756,"Screening"
"O=C(c1cccc(S(=O)(=O)F)c1)N1CCCn2ncc(C3CC3)c21",349.089640592,"Screening"
"C=CC(=O)N1CCC(C(=O)N(Cc2ncc[nH]2)c2cncc(C)c2)CC1",353.18517497600004,"Screening"
"C=CC(=O)N(CC)CC(=O)NC(CCO)c1ccc(Cl)c(F)c1",342.11464839999996,"Screening"
"CC(C)(C)c1cc2n(n1)CCN(C(=O)CCl)C2",255.113839876,"Screening"
"C=CC(=O)N(CC)CC(=O)NCC1(C)CCOC2(CCC2)C1",308.209992756,"Screening"
"C=CC(=O)N(C)CC(=O)N1C[C@H]2COC[C@@]2(c2ccccc2)C1",314.163042564,"Screening"
"C=CC(=O)N(C)CC(=O)N1CCC2(CC1)CNC(=O)c1ccccc1O2",357.168856216,"Screening"
"COCCN(CCOC)C(=O)CCc1ccc(S(=O)(=O)F)cc1",347.120272024,"Screening"
"COc1ccc(-c2csc(N(Cc3ccco3)C(=O)CCl)n2)cc1",362.04919102,"Screening"
"Cc1ccc(-c2csc(N(Cc3ccco3)C(=O)CCl)n2)cc1",346.05427640000005,"Screening"
"C=CS(=O)(=O)N1CCn2nccc2C1",213.057197592,"Screening"
"C=CC(=O)N(C)CC(=O)N1CCn2c(cnc2C(F)(F)F)C1",316.11471038,"Screening"
"C=CC(=O)N(CC)CC(=O)NCCc1csc2sc(C)cc12",336.09661988,"Screening"
"CCc1ccc(C(COC)Nc2ccc(S(=O)(=O)F)cn2)o1",328.089306244,"Screening"
"C[C@H]1CN(C2CCOCC2)CCN1c1ccc(S(=O)(=O)F)cn1",343.13659078399996,"Screening"
"CC(Cl)C(=O)N1C[C@@H]2[C@@](C(F)(F)F)(CCCS2(=O)=O)C1",333.04132667999994,"Screening"
"C=CC(=O)NC1CC(NC(=O)C2(c3ccccc3OC)CC2)C12CCC2",354.194342692,"Screening"
"C=CC(=O)N1CCCC(C(=O)N2CCC(Nc3cccc(C#N)c3)C2)C1",352.189926008,"Screening"
"C=CC(=O)N1CCCC(C(=O)Nc2ccn(-c3cccc(C(F)(F)F)c3)n2)C1",392.146010508,"Screening"
"C=CC(=O)N1CCCC(C(=O)N2CCCC(c3ocnc3C(=O)OC)C2)C1",375.17942089999997,"Screening"
"C=CC(=O)N1CCCC(C(=O)N2CCN(c3cccc(F)c3F)CC2)C1",363.175833416,"Screening"
"C=CC(=O)N1CCCC(C(=O)N2CCCCC2C(=O)N2CCOCC2)C1",363.215806408,"Screening"
"C=CC(=O)NCC(=O)N[C@@H]1C[C@H](Oc2ccccc2)C1(C)C",302.163042564,"Screening"
"C=CC(=O)NCC(=O)N1Cc2c(ccc(F)c2Br)CC1C",354.037918072,"Screening"
"C=CC(=O)NCC(=O)N1CCc2cc(Br)c(O)cc2C(C)C1",366.057904568,"Screening"
"C=CC(=O)NCC(=O)Nc1cc(OC)c(Cl)cc1C1CC1",308.092770084,"Screening"
"C=CC(=O)NCC(=O)Nc1cc(NC(=O)C(C)C)ccc1C",303.158291532,"Screening"
"C=CC(=O)NC1(C2CCN(C(=O)c3ccccc3-n3cccn3)CC2)CC1",364.189926008,"Screening"
"C=CC(=O)N1CCN(C(=O)c2[nH]nc(C)c2Br)[C@@H](C)C1",340.053487884,"Screening"
"C=CC(=O)Nc1ccc(C(=O)NC(CO)c2ccnn2C)cc1",314.137890436,"Screening"
"C=CC(=O)Nc1ccc(C(=O)NC(CF)c2ccccc2OC)cc1",342.137970688,"Screening"
"C=CC(=O)Nc1ccc(C(=O)N2CCN(c3ccc(F)cc3)C(=O)C2(C)C)cc1",395.16451978399994,"Screening"
"C=CC(=O)Nc1ccc(C(=O)NC2CCS(=O)(=O)c3ccc(F)cc32)cc1",388.089306244,"Screening"
"C=CC(=O)Nc1ccc(C(=O)NCCC2CSc3ccccc3O2)cc1",368.1194635,"Screening"
"C=CC(=O)Nc1ccc(C(=O)Nc2ccc(-c3ccnn3C)c(F)c2)cc1",364.133554004,"Screening"
"C=CC(=O)NCc1ccc(C(=O)Nc2c[nH]nc2C2CC2)cc1",310.142975816,"Screening"
"C=CC(=O)N(C)CC(=O)N1CCN(c2cc(Cl)ccc2Cl)CC1C",369.10108227200004,"Screening"
"C=CC(=O)N(C)CC(=O)NC1CCC(C)(C)CC1c1ccccc1",328.215078136,"Screening"
"C=CC(=O)Nc1cccc(C(=O)N2CCC(O)(Cc3ccc(Cl)cc3)C2)c1",384.12407021200005,"Screening"
"C=CC(=O)Nc1cccc(C(=O)N2CCn3c(cnc3C(F)(F)F)C2)c1",364.11471038,"Screening"
"C=CC(=O)Nc1cccc(C(=O)N2CC(CC(N)=O)OC(C)(C)C2)c1",345.168856216,"Screening"
"C=CC(=O)Nc1cccc(C(=O)N2CCc3cc(CCC(C)(C)O)ccc3C2)c1",392.20999275599996,"Screening"
"C=CC(=O)Nc1cccc(C(=O)N2CCn3c(Cc4cccc(Br)c4)nnc3C2)c1",465.08003698000005,"Screening"
"C=CC(=O)NCC(=O)N1CCC(O)(c2cccc(Br)c2)CC1",366.057904568,"Screening"
"C=CC(=O)NCC(=O)Nc1cc(-c2ccccn2)ccc1OC",311.12699140399997,"Screening"
"C=CC(=O)Nc1ccc(O)c(C(=O)N(Cc2ccc(C(N)=O)cc2)C2CC2)c1",379.153206152,"Screening"
"C#Cc1cccc(NC(=O)CN(C)C(=O)c2cc(NC(=O)C=C)ccc2O)c1",377.137556088,"Screening"
"C=CC(=O)Nc1ccc(O)c(C(=O)N2CCNC(=O)C2c2ccc(F)cc2C)c1",397.14378434,"Screening"
"C=CC(=O)Nc1ccc(O)c(C(=O)N2Cc3ccc(F)cc3CC2C)c1",354.13797068800005,"Screening"
"C=CC(=O)Nc1ccc(O)c(C(=O)Nc2c(C)noc2C2CC2)c1",327.12190602400005,"Screening"
"C=CC(=O)Nc1ccc(O)c(C(=O)NCc2nc3ncccn3n2)c1",338.112738308,"Screening"
"C=CC(=O)Nc1ccc(O)c(C(=O)N=c2sccn2C)c1",303.06776227600005,"Screening"
"C=CC(=O)Nc1ccc(O)c(C(=O)NCC(O)c2ccc3ccccc3c2)c1",376.14230712,"Screening"
"C=CC(=O)Nc1ccc(O)c(C(=O)N2C[C@@H](C(=O)OC)C[C@@H](C(F)(F)F)C2)c1",400.124606368,"Screening"
"C=CC(=O)N(CC)CC(=O)NC(c1ccccc1)c1ccc2[nH]cnc2c1",362.17427594400004,"Screening"
"C=CC(=O)N1CCC(C(=O)N2CCCC(NC(=O)c3ccc(Cl)cc3)C2)CC1",403.166269372,"Screening"
"C=CC(=O)N1CCC(C(=O)Nc2nc3c(OC)ccc(Br)c3s2)CC1",423.02522453600005,"Screening"
"C=CC(=O)N1CCC(C(=O)N2CC=C(c3cc(C)c(N)c([N+](=O)[O-])c3)CC2)CC1",398.19540531199993,"Screening"
"C=CC(=O)N1CCCC(C(=O)N2CCCC2c2nc3cc(Cl)ccc3[nH]2)C1",386.150953656,"Screening"
"C=CC(=O)N1CCCC(C(=O)NCc2cc(Br)c3c(c2)OCO3)C1",394.052819188,"Screening"
"C=CC(=O)N1CCCC(C(=O)N(Cc2ccc(C#N)cc2)C(C)C)C1",339.19467704,"Screening"
"C=CC(=O)N1CCCC(C(=O)N2CC=C(c3cccc(Cl)c3)CC2)C1",358.144805656,"Screening"
"C=CC(=O)N1CCCC(C(=O)Nc2nc3c(s2)C(C)(C)OC(C)(C)C3)C1",377.177312724,"Screening"
"C=CC(=O)N1CCCC(C(=O)N[C@H]2CCCC[C@H]2n2cc(Br)cn2)C1",408.11608814000004,"Screening"
"C#CCN(C(=O)c1ccc2c(c1)CCCN2C(=O)C=C)C1CCOC1",338.16304256399997,"Screening"
"C=CC(=O)NCc1ccccc1C(=O)N1CCC(c2c[nH]c3ccc(C(=O)OC)cc23)CC1",445.200156344,"Screening"
"C=CC(=O)N1CCCC1c1ccc(C(=O)N(C)Cc2ccccc2OC)cc1",378.19434269199996,"Screening"
"Cc1ncsc1-c1ccc([C@H](C)NC(=O)CCl)cc1",294.05936178,"Screening"
"O=S(=O)(F)c1ccc(-c2nc(C(F)(F)F)n3c2CNCC3)cc1",349.0508104720001,"Screening"
"CCc1ccc(CN(C(=O)CCl)[C@H]2C[C@H](O)C2)cc1",281.11825655999996,"Screening"
"N#Cc1cccc(CN(CC2(C#N)CCCCC2)C(=O)CCl)c1",329.12948994,"Screening"
"O=C(CCl)N(Cc1ccnn1CC1CCC1)[C@H]1CCCOC1",325.15570468799996,"Screening"
"Cc1sccc1CN(Cc1cnn(C2CCC2)c1)C(=O)CCl",337.10156093999996,"Screening"
"CCOc1ccc(C[C@H]2c3cc(OCC)c(OCC)cc3CCN2C(=O)CCl)cc1OCC",475.21255086799994,"Screening"
"O=C(CCl)N(Cc1ccn(C2CCCC2)n1)c1ccccc1F",335.120068128,"Screening"
"Cc1cnsc1CN(C(=O)CCl)c1cccc2c1OCCO2",338.04919101999997,"Screening"
"Cc1cc(CN(Cc2cccc3ccsc23)C(=O)CCl)n(C)n1",347.085910876,"Screening"
"Cc1cc(CN(C(=O)CCl)c2ccc3c(c2)NC(=O)CC3)sn1",349.065175432,"Screening"
"COC1(CN(Cc2ccc(C)cc2)C(=O)CCl)CCCOC1",325.14447130799994,"Screening"
"Cn1ccc(CN(Cc2ccnn2C2CCC2)C(=O)CCl)c1",320.140388972,"Screening"
"CCn1cc(CN(C(=O)CCl)[C@H](C)c2cccc(C#N)c2)cn1",330.1247389080001,"Screening"
"Cn1nccc1CN(CC(O)c1ccc(Cl)s1)C(=O)CCl",347.02620308,"Screening"
"O=C(CCl)N(Cc1sccc1Cl)C1COC2(CCC2)C1",333.035705144,"Screening"
"O=C(CCl)N(Cc1ccc2occc2c1)c1cnn(C2CCC2)c1",343.108754496,"Screening"
"O=C(CCl)N(Cc1cccc2c1OCCCO2)C1CCOCC1",339.12373586399997,"Screening"
"CCC(N(Cc1c(C2CC2)cnn1C)C(=O)CCl)C(C)(F)F",333.141946444,"Screening"
"O=C(CCl)N(Cc1ccccc1-n1cccn1)[C@H]1CCOC1",319.10875449599996,"Screening"
"COc1ccc(Cl)cc1CN(CC(C)(C)C#N)C(=O)CCl",328.074533176,"Screening"
"CC(C)(C#N)CN(Cc1ncoc1C(C)(C)C)C(=O)CCl",311.140054624,"Screening"
"Cn1cc(CN(CC2(C3CC3)CCC2)C(=O)CCl)cc1C#N",319.14514000400004,"Screening"
"CCn1cc(Cl)c(CN(C[C@@H]2CCCO2)C(=O)CCl)n1",319.08543220800004,"Screening"
"COc1ccc(C)c(CN(CC2(O)CCCOC2)C(=O)CCl)c1",341.13938592799997,"Screening"
"O=C(CCl)N(Cc1cccc(F)c1F)C1CC2CCC(C1)O2",329.09941293599996,"Screening"
"CC(c1ccoc1)N(Cc1ccc2c(c1)oc(=O)n2C)C(=O)CCl",348.087684704,"Screening"
"Cc1cc(CN(CC(C2CC2)C2CC2)C(=O)CCl)sn1",312.106311972,"Screening"
"Cc1cnsc1CN(CCC1(O)CCC1)C(=O)CCl",302.085576528,"Screening"
"Cc1cccc(CN(CCC2(O)CCC2)C(=O)CCl)c1C",309.14955668799996,"Screening"
"Cc1ncc(CN(CC(C)(C)CC2CC2)C(=O)CCl)o1",298.144805656,"Screening"
"CC(C)(C)c1cc(CN(CCN2CCOC2=O)C(=O)CCl)no1",343.12988386399996,"Screening"
"Cn1nccc1CN(CC(F)(F)c1cccc(F)c1)C(=O)CCl",345.08557444,"Screening"
"CCn1cc(CN(C(=O)CCl)C2Cc3cscc3C2)nn1",324.08115984400007,"Screening"
"O=C(CCl)N(Cc1cccc(C2CC2)c1)[C@H]1C[C@H](O)C1",293.11825655999996,"Screening"
"Cc1cc(CN(C(=O)CCl)C(C)CC(=O)OC(C)(C)C)nn1C",343.16626937200004,"Screening"
"CCN(C)C(=O)CN(Cc1cccc(C2CC2)c1F)C(=O)CCl",340.135383844,"Screening"
"CCC(=O)N1CC(N(Cc2c(C)cnn2C)C(=O)CCl)C1",312.135303592,"Screening"
"COc1cc(CN(CC(OC)C2CC2)C(=O)CCl)cc(OC)c1",341.13938592799997,"Screening"
"CC(=O)N1CCC(N(Cc2c(F)cccc2Cl)C(=O)CCl)C1",346.065111364,"Screening"
"CC(C)(O)c1ccc(CN(C(=O)CCl)C2CCC(F)(F)C2)cc1",345.13071306399996,"Screening"
"Cc1c(CN(CC2(C)CC2(F)F)C(=O)CCl)cnn1C1CCC1",345.14194644400004,"Screening"
"CC(C)(C)OC(=O)N1CCC(c2cc(C=O)on2)CC1",280.14230712,"Screening"
"O=Cc1cc2ccccc2nc1Sc1ccc(Cl)cc1",299.01716261999997,"Screening"
"COc1ccccc1-c1nn(-c2ccccc2)cc1C=O",278.105527688,"Screening"
"Cc1c(C#N)c(NC(=O)CCl)n(-c2cccc(F)c2)c1C",305.073117936,"Screening"
"CCn1c2ccccc2c2cc(NC(=O)C(C)Cl)ccc21",300.10294084400005,"Screening"
"Cc1ccc(Sc2nc3ccccn3c(=O)c2C=O)cc1",296.06194862399997,"Screening"
"Cc1nn(-c2ccccc2)c(Oc2ccccc2)c1C=O",278.105527688,"Screening"
"Cc1cccc(-c2nn(-c3ccc(F)cc3)cc2C=O)c1",280.101191256,"Screening"
"CC(Cl)C(=O)Nc1ccccc1C(=O)NCc1ccco1",306.07712002,"Screening"
"O=Cc1c(Cl)nc(Oc2ccccc2)n1-c1ccccc1",298.050905272,"Screening"
"CC(=O)N(c1cccc(C(F)(F)F)c1)c1nc(C=O)c(Br)s1",391.94419525600006,"Screening"
"O=C(CCl)Nc1cc(S(=O)(=O)N2CCCCCC2)ccc1Cl",364.041518796,"Screening"
"COc1ccc(NC(=O)c2ccc(NC(=O)CCl)cc2)cc1",318.07712002,"Screening"
"CCCCCCc1ccc(-c2csc(NC(=O)C(C)Cl)n2)cc1",350.121962036,"Screening"
"O=Cc1cn(-c2ccccc2)nc1-c1ccc(OC(F)F)cc1",314.086684064,"Screening"
"O=Cc1ccc(-c2cnc3ccc(NC4CCOCC4)nn23)cc1",322.14297581600005,"Screening"
"O=Cc1sc(N2CCOCC2)c(-c2ccccc2)c1-c1ccccc1",349.113649848,"Screening"
"CCCCOc1ccc(-c2nn(-c3ccccc3)cc2C=O)cc1F",338.14305606799996,"Screening"
"O=c1cc(C(F)(F)F)c2ccc(OS(=O)(=O)c3cc(Br)cnc3Cl)cc2o1",482.87906773200007,"Screening"
"CCN(CC)C(=O)C(C#N)=Cc1ccc(-c2ccccc2Br)o1",372.047339884,"Screening"
"CC1(C(=O)NC2CN(c3ccccc3)C2=O)CCC(=O)NC1",301.142641468,"Screening"
"CC(NC(=O)C(C#N)=Cc1cc(F)ccc1F)c1ccccc1",312.10741950799996,"Screening"
"Cc1n[nH]c(C)c1C=C(C#N)C(=O)Nc1cc(Cl)cc(Cl)c1",334.03881636399996,"Screening"
"N#CC(=Cc1csc(-c2ccccn2)n1)C(=O)Nc1cc(Cl)cc(Cl)c1",399.9952373,"Screening"
"COC(=O)c1ccc(C(=O)Nc2ccc(N3CCC3=O)cc2)s1",330.067427928,"Screening"
"CCOC(=O)c1c(NC(=O)COC(=O)c2nc(Cl)ccc2Cl)sc(C(=O)NC)c1C",473.021511624,"Screening"
"O=C(COC(=O)c1nc(Cl)ccc1Cl)Nc1cc(C(F)(F)F)ccc1N1CCOCC1",477.046996012,"Screening"
"C=CCNC(=O)C(C#N)=Cc1c[nH]nc1-c1cc2ccccc2o1",318.111675688,"Screening"
"O=S(=O)(C=Cc1ccccc1)NCc1ccccc1-n1ccnc1",339.1041477840001,"Screening"
"N#CC(=Cc1cccc(F)c1F)C(=O)NCC1CCCO1",292.10233412799994,"Screening"
"CNC(=O)C(C#N)=Cc1cc(C)n(-c2cccc3ccccc23)c1C",329.152812228,"Screening"
"O=C1CN(S(=O)(=O)CCCS(=O)(=O)F)c2ccccc2N1",336.02499173600006,"Screening"
"CCc1cccc2c(C=C(C#N)C(=O)Nc3nccs3)c[nH]c12",322.088832068,"Screening"
"COc1ccc(-n2c(C)cc(C=C(C#N)C(=O)N3CCC(C(=O)Nc4ccccc4)CC3)c2C)cc1",482.23179081999996,"Screening"
"COCCn1c(C)cc(C=C(C#N)C(=O)NCC(F)(F)F)c1C",329.13511147599996,"Screening"
"Cc1cc(C=C(C#N)C(=O)N2CCC(C)CC2)c(C)n1CC1CCCO1",355.225977168,"Screening"
"CCCn1c(C)cc(C=C(C#N)C(=O)NCc2cnn(C)c2)c1C",325.190260356,"Screening"
"O=Cc1ccc(C(=O)OCC(=O)NCCC2=CCCCC2)cc1",315.147058152,"Screening"
"CC1CCCC(NC(=O)COC(=O)c2ccc(C=O)cc2)C1C",317.162708216,"Screening"
"CC(=O)C(Cc1ccccc1)NC(=O)COC(=O)c1ccc(C=O)cc1",353.126322708,"Screening"
"CCC1CCCCN1C(=O)COC(=O)c1ccc(C=O)cc1",303.147058152,"Screening"
"O=Cc1ccc(C(=O)OCC(=O)NCc2ccc(Cl)cc2)cc1",331.06113560800003,"Screening"
"COCC(C)n1c(C)cc(C=C(C#N)C(=O)NS(C)(=O)=O)c1C",339.12527715199997,"Screening"
"N#CC(=Cc1csc2ccccc12)C(=O)NCc1ccco1",308.06194862399997,"Screening"
"COc1ccc(CNC(=O)COc2ccc(C=O)cc2)cc1OC",329.126322708,"Screening"
"CC1CCC(NC(=O)COc2ccc(Br)cc2C=O)CC1",353.06265559999997,"Screening"
"COc1cccc(CN2C(=O)C(N3CCSC3=O)C2c2ccsc2)c1",374.07588443599997,"Screening"
"CCS(=O)(=O)N1CCC(NC(=O)C(C#N)=Cc2c[nH]nc2-c2ccc(Br)cc2)CC1",491.062672664,"Screening"
"O=Cc1ccc(C(=O)N(CC2CC2)c2ccccc2)[nH]1",268.121177752,"Screening"
"N#CC(=Cc1ccccc1-n1cncn1)C(=O)Nc1ncc(Cc2cc(Cl)ccc2Cl)s1",480.032685428,"Screening"
"O=C1CC2(CCN(c3nc(-c4cccs4)nc4scc(-c5ccccc5)c34)CC2)N1",432.10785326,"Screening"
"O=C(OC(C(=O)Nc1cccc(S(=O)(=O)N2CCOCC2)c1)c1ccccc1)c1cccnc1Cl",515.091784104,"Screening"
"COc1cccc(C2C(Oc3ccccc3)C(=O)N2CC(C)(C)N2CCOCC2)c1OC",440.23112212399997,"Screening"
"Cc1ccc(OC2C(=O)N(CC3CCCO3)C2c2ccc(C#N)cc2)c(C)c1",376.178692628,"Screening"
"N#CC(=Cc1ccc(-c2ccc(Cl)cc2Cl)o1)C(=O)NNC(=O)Cc1ccccc1",439.0490467,"Screening"
"N#CC(=Cc1c(N2CCCCC2)nc2ccccn2c1=O)C(=O)N1CCOCC1",393.18008959599996,"Screening"
"COCCCN1C(=O)C(Oc2cccc(OC)c2)C1c1cccs1",347.119129152,"Screening"
"COCCCN1C(=O)C(Oc2ccccc2OC)C1c1ccc(F)c(F)c1",377.143864592,"Screening"
"COc1ccc(CCN2C(=O)C(Oc3cccc(NC(=O)C4CC4)c3)C2c2cccc(OC)c2)cc1",486.21547205999997,"Screening"
"Cc1c(C=O)c2ccccc2n1Cc1ccccc1Cl",283.076391748,"Screening"
"Cc1cccn2c(=O)c(C=O)c(Sc3ncccn3)nc12",298.05244656,"Screening"
"N#Cc1ccc(C2C(Oc3ccc(F)cc3Cl)C(=O)N2C2CCN(C(=O)c3ccco3)CC2)cc1",493.120462052,"Screening"
"N#CC(=Cc1cn(-c2ccccc2)nc1-c1ccncc1)C(=O)NC1CCCCC1",397.190260356,"Screening"
"O=C(CCl)Nc1ccc(Oc2ccc(Cl)cc2)cc1",295.01668395200005,"Screening"
"CC(Cl)C(=O)Nc1ncc(Cc2ccccc2Cl)s1",314.004739364,"Screening"
"N#CN(Cc1ccon1)c1ccc(F)c([N+](=O)[O-])c1",262.050218304,"Screening"
"Cc1ccc(SCCNC(=O)C(C#N)=Cc2cc(C)n(C3CC3)c2C)cc1",379.17183342000004,"Screening"
"Cc1nc(CCN2C(=O)C(Oc3ccc(N4CCCC4=O)cc3)C2c2ccc(C#N)cc2)cs1",472.156911628,"Screening"
"COc1ccc(N2CCN(c3nc4ccccn4c(=O)c3C=O)CC2)cc1",364.15354049999996,"Screening"
"Cc1c(CNC(=O)Nc2cccc(N3CCC3=O)c2)cnn1C",313.15387484800004,"Screening"
"C=CC(=O)Nc1ccc(-c2nc3ccc(OCC)cc3s2)cc1",324.093248752,"Screening"
"CCOC(=O)c1ccc(NC(=O)C(C#N)=Cc2ccc(OCc3c(C)noc3C)cc2)cc1",445.163770836,"Screening"
"C=CC(=O)N1CCC(C(=O)N(C)C(C)c2ccc(-n3cncn3)cc2)CC1",367.20082504000004,"Screening"
"COc1ccccc1C1C(Oc2cccc(C#N)c2)C(=O)N1Cc1cccc(N2CCCC2=O)c1",467.18450628000005,"Screening"
"O=Cc1c(Oc2ccc(-c3ccccc3)cc2)nc2ccccn2c1=O",342.100442308,"Screening"
"COc1ccc(N2CCN(c3nc4cc(C)ccc4cc3C=O)CC2)cc1",361.179026976,"Screening"
"Cc1cccc(C)c1-n1nnnc1COc1ccc(C=O)cc1",308.127325752,"Screening"
"COc1cc(C=O)ccc1Oc1nc(C(F)(F)F)nc2ccccc12",348.07217687200006,"Screening"
"Cn1ccc(NC(=O)C(C#N)=Cc2ncccc2C(F)(F)F)n1",321.08374460000005,"Screening"
"Cc1ccc2nc(NCc3ccccc3)c(C=O)c(=O)n2c1",293.11642672000005,"Screening"
"O=S(=O)(C=Cc1ccc(Cl)cc1)N(Cc1ccccn1)C1CC1",348.06992646400005,"Screening"
"CNC(=O)C(C#N)=Cc1c(-c2ccccc2)nc2ccccn12",302.116761068,"Screening"
"Cc1ccccc1-n1c(C)cc(C=C(C#N)C(=O)N(C)CC(N)=O)c1C",350.174275944,"Screening"
"COCCCNC(=O)C(C#N)=Cc1ccccc1OCc1cccnc1",351.1582915320001,"Screening"
"O=C(Cc1csc(N2CCCC2=O)n1)N1CCN(S(=O)(=O)C=Cc2ccccc2)CC1",460.12389724799993,"Screening"
"O=Cc1cc(F)c(OCc2cn(-c3ccc(Cl)cc3)nn2)c(F)c1",349.04296068,"Screening"
"C=CC(=O)N1CCC(C(=O)Nc2cc(C)n(CCCOc3ccc(F)cc3)n2)CC1",414.20671894400004,"Screening"
"CSCCC(NS(=O)(=O)C=Cc1ccccc1)C(=O)Nc1ccc(N2CCOCC2)cc1C",489.175598472,"Screening"
"CC(C)(CNC(=O)C1CCN(S(=O)(=O)C=Cc2ccccc2)CC1)N1CCc2ccccc2C1",481.23991298000004,"Screening"
"CSCCC(NS(=O)(=O)C=Cc1ccccc1)C(=O)Nc1cccc(-c2ccnc(C)n2)c1",482.144632692,"Screening"
"CNS(=O)(=O)c1ccc(CNC(=O)CCl)s1",281.98996189200005,"Screening"
"CC(=O)NCCOc1ccc(NC(=O)CCl)cc1",270.07712002,"Screening"
"Cc1ccc(NC(=O)N2CCN(C(=O)C(C)Cl)CC2)cc1Cl",343.08543220800004,"Screening"
"CC(Cl)C(=O)NCc1cccc(OCCN2CCOCC2)c1",326.139720276,"Screening"
"CC(Cl)C(=O)N1CCCN(C(=O)Oc2ccccc2)CC1",310.108420148,"Screening"
"CC(C)(c1ccccc1)c1nnc(NC(=O)CCl)s1",295.054610748,"Screening"
"C=CC(=O)N1CCC(CNC(c2c(C)cc(C)cc2C)c2nnnn2C2CCC2)CC1",422.27940970800006,"Screening"
"C=CC(=O)NCCNC1(c2nnnn2CC2CCOC2)CCC(c2nc(C)no2)CC1",430.24408682,"Screening"
"C=CC(=O)NCCNC(c1cn(C)nc1-c1ccc(C)o1)c1nnnn1CC1CCCO1",440.22843675600006,"Screening"
"C=CC(=O)NCCNC(CCc1ccc2c(c1)CCO2)c1nnnn1CCCOC",414.23793882000007,"Screening"
"C=CS(=O)(=O)NC(C)c1cnn(CC)c1",229.08849772,"Screening"
"C=CS(=O)(=O)N1CCC[C@@H]1Cc1cccs1",257.05442072,"Screening"
"C=CS(=O)(=O)N(C)Cc1ncc(C2CC2)o1",242.072513308,"Screening"
"C=CS(=O)(=O)NCc1cnc(Br)cc1C",289.972460692,"Screening"
"C=CS(=O)(=O)N[C@@H](C)c1ccc(F)c(Br)c1",306.967789912,"Screening"
"C=CS(=O)(=O)NCc1ccc(C)nc1OC",242.072513308,"Screening"
"C=CS(=O)(=O)NC(CO)c1ccc(Br)cc1",304.972126344,"Screening"
"C=CS(=O)(=O)N1COC[C@]2(COC[C@H]3CCCCN32)C1",302.130028184,"Screening"
"C=CS(=O)(=O)N1CCCCC1C(C)(C)C",231.129299912,"Screening"
"C=CS(=O)(=O)NC1CC1Cc1ccccc1",237.08234972,"Screening"
"C=C=CCNS(=O)(=O)C=C",159.035399528,"Screening"
"C=CS(=O)(=O)NC(CC)c1ccc(Cl)s1",264.999798304,"Screening"
"Cc1nc2cc(C(F)(F)F)ccc2n1C1CCN(C(=O)CCl)CC1",359.101224504,"Screening"
"CO[C@H]1C[C@@H](N(C)C(=O)C[C@@H]2CCN(C(=O)CCl)C2)C1",302.139720276,"Screening"
"O=C(CCl)N1CCC[C@H](C(=O)N2CCn3ccnc32)C1",296.104003464,"Screening"
"COc1cccc(NC(=O)C(c2nn(C)nc2C)N(Cc2ccc3cccnc3c2)C(=O)CCl)c1",492.16766634000004,"Screening"
"CCOC(=O)[C@H]1CC[C@H](CN(C(=O)CCl)C(C(=O)NC(C)C)c2c(OC)cccc2OC)CC1",496.23401458399996,"Screening"
"COC(=O)c1cccc(NC(=O)C(c2ccnn2C(C)(C)C)N(C[C@H]2CCO2)C(=O)CCl)c1",476.182647708,"Screening"
"COc1ccc(CNC(=O)[C@@H]2CN(C(=O)CCl)CCN2S(=O)(=O)c2ccc(OC)cc2)cc1",495.1230842319999,"Screening"
"Cc1ccnc(C(C)(C)CN(C(=O)CCl)C(C(=O)NC2CC(F)(F)C2)c2nc(C)c(C)s2)c1",498.16678128800004,"Screening"
"Cc1ccc(C2CC2)cc1CNC(=O)C[C@H](C)NC(=O)CCl",322.144805656,"Screening"
"Cc1nnc([C@H]2C[C@H](NC(=O)[C@H]3C[C@H](F)CN3C(=O)CCl)C2)o1",344.10514633599996,"Screening"
"O=C(CC[C@@H]1CCCN(C(=O)CCl)C1)N1CC(Cn2ccnn2)C1",353.16185268800007,"Screening"
"C[C@@H]1CN(C(=O)CCl)C[C@H]1C(=O)Nc1cnc2c(c1)CC(F)(F)CC2",371.121211,"Screening"
"COC[C@@H](NC(=O)CCl)C(=O)Nc1ccc(Oc2ncc(Cl)cn2)c(Cl)c1",432.0158880000001,"Screening"
"CC(C)(NC(=O)COc1ccc(C=O)c(B(O)O)c1)c1ncccn1",343.1339510760001,"Screening"
"CC(Oc1ccc(C=O)c(B(O)O)c1)C(=O)NC(C)(C)C",293.14345314,"Screening"
"COc1cc(C=O)c(B(O)O)cc1OCC(=O)N1c2ccccc2OCC1c1ccccc1",447.14893244399997,"Screening"
"CCOCCCNC(=O)C(C#N)=Cc1cc(C)c(O)c(C)c1",302.163042564,"Screening"
"CCOc1cc(C=C(C#N)C(=O)N2CCCC2)cc(Cl)c1O",320.092770084,"Screening"
"CCOCCCNC(=O)C(C#N)=Cc1cc(Br)c(O)c(Br)c1",429.952766572,"Screening"
"COc1cc(C=C(C#N)C(=O)Nc2cccc(C(F)(F)F)c2)cc(Br)c1O",439.998339004,"Screening"
"CCOC(=O)c1c(-c2ccc(C)cc2)csc1NC(=O)C(C#N)=Cc1cc(OC)ccc1O",462.12494280399994,"Screening"
"C=CS(=O)(=O)N(CC)C(C)COC",207.092914404,"Screening"
"O=Cc1coc2ccc(Br)cc2c1=O",251.94220612,"Screening"
"Cc1ccc(C)c(-c2nc3ccc(Cl)cn3c2C=O)c1",284.071640716,"Screening"
"Nc1c(C=O)c(=O)[nH]c(=O)n1-c1ccc(Cl)cc1",265.025418796,"Screening"
"O=Cc1c(-c2ccc(F)cc2)nc2ccc(F)cn12",258.060469316,"Screening"
"CC(C)(C)OC(=O)N1CC(c2ncc(C=O)s2)C1",268.088163372,"Screening"
"O=C1CCN1c1cccc(-c2noc(C3CCCc4[nH]ncc43)n2)c1",335.13822478400004,"Screening"
"CC(C)c1cccc2c1CCN(C(=O)Nc1ccc(N3CCC3=O)cc1)C2",363.19467704,"Screening"
"O=C1CC2(CCN(C(=O)Nc3ccc(N4CCC4=O)cc3)C2)CN1",328.1535405,"Screening"
"O=C1CCN1c1ccc(NC(=O)N2CCc3ccccc3C2CO)cc1",351.15829153199996,"Screening"
"N#CN(CC(=O)N1CCN(C(=O)C2CC2)CC1)c1ccc(F)cc1",330.149204068,"Screening"
"N#CN(CC1(C#N)CC1)c1ccc(F)cc1",215.08587554,"Screening"
"C=CC(=O)N1CCC(C(=O)NCC(=O)Nc2ccc(F)c(F)c2F)CC1",369.130026096,"Screening"
"C=CC(=O)N1CCC(C(=O)NCc2cccc(NC(C)=O)c2)CC1",329.173941596,"Screening"
"C=CC(=O)N1CCC(C(=O)NCc2ccc(N3CCCC3=O)cc2)CC1",355.18959165999996,"Screening"
"C=CC(=O)N1CCC(C(=O)Nc2ccccc2N(C)Cc2ccccc2)CC1",377.210327104,"Screening"
"C=CC(=O)N1CCC(C(=O)NC(Cc2ccc(C)cc2)c2ccccn2)CC1",377.21032710400004,"Screening"
"C=CC(=O)NCc1ccc(C(=O)Nc2ccc(OCCN3CCNC3=O)cc2C)cc1",422.195405312,"Screening"
"C=CC(=O)NCCC(=O)N1CCC(C)(C)S(=O)(=O)CC1",302.13002818399997,"Screening"
"C=CC(=O)NCCC(=O)Nc1ccc(SC(C)(C)C)cc1C",320.155849008,"Screening"
"O=C(NCC1(N2CCOCC2)CCCCC1)Nc1cccc(N2CCC2=O)c1",386.23179081999996,"Screening"
"O=C1CCN1c1cccc(NC(=O)N2CCCC2Cc2ccccc2)c1",349.179026976,"Screening"
"C=CC(=O)NCCC(=O)NC(c1cccc(C(F)(F)F)c1)C(C)(C)C",356.171162636,"Screening"
"C=CC(=O)NCCC(=O)N1CCN(C(=O)c2c(Cl)cccc2Cl)CC1",383.080346828,"Screening"
"C=CC(=O)NCCC(=O)N1CCN(c2ccnc3cc(Cl)ccc23)CC1",372.135303592,"Screening"
"Cc1onc(-c2ccccc2Cl)c1C(=O)N[C@@H]1C(=O)N2[C@@H]1SC(C)(C)[C@@H]2C(=O)[O-]",434.05829290390994,"Screening"
"CC1(S(=O)(=O)NC2CN(c3ccc(F)cc3)C2=O)CC1",298.07874156,"Screening"
"C=CC(=O)N1CCC(C(=O)NCC2CCCCC2(F)F)CC1",314.180584448,"Screening"
"C=CC(=O)N1CCN(c2cnn(-c3ccccc3)c(=O)c2Cl)CC1",344.104003464,"Screening"
"C=CC(=O)NCc1ccc(S(=O)(=O)N2CCOCC2)s1",316.055148992,"Screening"
"C=CC(=O)NC(c1noc(C)n1)c1ccccc1OC(F)(F)F",327.083075904,"Screening"
"C=CC(=O)NCc1cccnc1Oc1cccc(S(C)(=O)=O)c1",332.08307799199997,"Screening"
"C=CC(=O)N1CCC(CC(=O)N2CCC(N(C)C)CC2)CC1",307.225977168,"Screening"
"C=CC(=O)N1CCC(c2noc(C(OC(C)=O)c3ccccc3)n2)CC1",355.15320615200005,"Screening"
"C=CC(=O)N1CCN(Cc2ccc(C)nc2)CC1C(C)CC",301.215412484,"Screening"
"C=CC(=O)N(C)C(C)c1ccccc1N1CCCS1(=O)=O",308.11946349999994,"Screening"
"C=CC(=O)N1CCCC1COc1ccc(S(N)(=O)=O)cc1F",328.089306244,"Screening"
"C=CC(=O)N1CCC(C(=O)NC2CCc3cc(F)c(F)c(F)c32)CC1",352.139862508,"Screening"
"CCC(NC(=O)C(C)Oc1ccc(C=O)cc1)C1CCCC1",303.18344366,"Screening"
"CCOC=C(C#N)C(=O)N1CCN(c2ccc(C(=O)OC)s2)CC1",349.10962708799997,"Screening"
"CC1(C)C(=O)NC1C1CCN(C(=O)c2cnc3ccccc3c2)CC1",337.179026976,"Screening"
"C=CC(=O)N1CCC(C(=O)N(C)Cc2ccc(OC)c(Cl)c2)CC1",350.139720276,"Screening"
"C=CC(=O)N1CCC(C(=O)N2CCCC(CCC(=O)OC(C)(C)C)C2)CC1",378.251857568,"Screening"
"C=CC(=O)Nc1ccc(C(=O)NC[C@H]2OCC[C@H]2C(C)C)cc1",316.178692628,"Screening"
"C=CC(=O)N1CCC(C(=O)NCc2ccc(C)nc2)(c2ccccc2)CC1",363.19467704,"Screening"
"C=CC(=O)N1CCC(C(=O)NCc2ccc(OC)c(C)c2)(c2ccccc2)CC1",392.209992756,"Screening"
"C=CC(=O)N1CCC(C(=O)Nc2ccc(Oc3nc(C)cs3)c(F)c2)CC1",389.12094072,"Screening"
"C=CC(=O)N1CCC(C(=O)N(C)CCc2ccccc2C)(c2ccccc2)CC1",390.2307282,"Screening"
"C=CC(=O)Nc1ccc(F)c(-c2nnc3n2CCCCC3)c1",300.13863938400004,"Screening"
"C=CC(=O)NC(C)c1cnn(-c2cccc(C(F)(F)F)c2)c1C",323.124546792,"Screening"
"C=CC(=O)NC(CN1CCCC1=O)c1cccc(C(F)(F)F)c1",326.124212444,"Screening"
"C=CC(=O)Nc1cccc(CN2CCN(c3ccccn3)CC2)c1",322.179361324,"Screening"
"C=CC(=O)NC1CCN(c2ccc(S(=O)(=O)CC)cc2)CC1",322.135113564,"Screening"
"C=CC(=O)N(c1ccc(CCC#N)cc1)C(C(=O)NC(C)(C)C)c1cccnc1",390.205576072,"Screening"
"C#Cc1cccc(N(C(=O)C=C)C(C(=O)NC(C)(C)C)c2cccnc2)c1",361.17902697600005,"Screening"
"C=CC(=O)N1CCC(C(=O)N2CCCC(C(O)c3ccc(F)c(C#N)c3)C2)CC1",399.19581991200005,"Screening"
"O=Cc1cncc(C(=O)N2CCCC2c2cccc3ccccc23)c1",330.136827816,"Screening"
"C=CC(=O)N(c1ccc(C(F)(F)F)cc1)C(C(=O)NCCc1cccc(F)c1)c1cccnc1",471.15698979200005,"Screening"
"C=CC(=O)N(c1cc(C(C)(C)C)on1)C(C(=O)NCCc1cccc(F)c1)c1cccnc1",450.20671894400004,"Screening"
"COc1ccc(Cn2nc(Cl)c(C=O)c2C)cc1",264.066555336,"Screening"
"C=CC(=O)N1CC(C(=O)N2CCN3C(=O)N(CC)C(=O)C3C2)C1",320.14845512,"Screening"
"C=CC(=O)N1CC(C(=O)N2CCCC(Cc3cccc(O)c3)C2)C1",328.17869262799996,"Screening"
"C=CC(=O)N1CC(C(=O)N2CCCC(c3nnc4ccccn34)C2)C1",339.16952491200004,"Screening"
"C=CC(=O)N1CC(C(=O)Nc2cc(-c3nnc4n3CCCCC4)ccc2F)C1",383.175753164,"Screening"
"C=CC(=O)N1CC(C(=O)Nc2nnc(-c3cc(F)ccc3C)s2)C1",346.08997494,"Screening"
"C=CC(=O)N1CC(C(=O)NCc2nn(CC)cc2Br)C1",340.053487884,"Screening"
"C=CC(=O)N1CC(C(=O)N(C)Cc2cnn(-c3ccc(F)cc3)c2)C1",342.149204068,"Screening"
"C=CC(=O)N[C@H](Cc1ccc(Br)cc1)C(=O)OC",311.015705408,"Screening"
"CCc1cc(C(=O)Nc2cncc(OS(=O)(=O)F)c2)n(C)n1",328.06415411600005,"Screening"
"Cc1nc(C2CC2)oc1C(=O)Nc1cncc(OS(=O)(=O)F)c1",341.048169704,"Screening"
"O=C(CC1COc2ccccc2O1)Nc1cncc(OS(=O)(=O)F)c1",368.04783535599995,"Screening"
"O=C1CCCN1C1CCN(Cc2ccc(OS(=O)(=O)F)cc2)C1",342.104956308,"Screening"
"CC(C)c1nc(CC2CCN(Cc3ccc(OS(=O)(=O)F)cc3)CC2)n[nH]1",396.16313988,"Screening"
"Cc1cc(C(=O)NC2CCN(Cc3ccc(OS(=O)(=O)F)cc3)CC2)no1",397.11076995999997,"Screening"
"O=S(=O)(F)Oc1ccc(CN(Cc2ccccc2O)CC2CCCO2)cc1",395.1202720239999,"Screening"
"COc1cc2c(cc1O)CCN(Cc1ccc(OS(=O)(=O)F)cc1)C2C",381.1046219599999,"Screening"
"O=S(=O)(F)Oc1ccc(CN2CCN(c3ccccc3O)CC2)cc1",366.104956308,"Screening"
"O=C(NCc1ccc2c(c1)OC(F)(F)O2)Nc1ccc(OS(=O)(=O)F)cc1",404.02899173199995,"Screening"
"CN(Cc1ccc(N2CCCCC2)cc1)C(=O)Nc1ccc(OS(=O)(=O)F)cc1",421.14715546799994,"Screening"
"CN(CCc1ccccc1)C1CCN(C(=O)Nc2ccc(OS(=O)(=O)F)cc2)C1",421.14715546799994,"Screening"
"O=C(Nc1ccc(OS(=O)(=O)F)cc1)N1CCc2cc(Br)ccc2C1",427.984168248,"Screening"
"CN(C)S(=O)(=O)c1ccccc1C(=O)Nc1ccc(OS(=O)(=O)F)cc1",402.03555642,"Screening"
"O=C(Nc1ccc(OS(=O)(=O)F)cc1)c1ccc(O)c(F)c1F",347.007528016,"Screening"
"C#Cc1cc(OS(=O)(=O)F)cc(C(=O)NC2CCN(c3ccccc3)C2=O)c1",402.06857080000003,"Screening"
"C=CC(=O)N1CC2CCC(NC(=O)[C@H](CC)N(C)C)CC2C1",307.225977168,"Screening"
"C=CC(=O)N(CCNC(=O)c1cccc2c1C(=O)NC2)CCOC",331.153206152,"Screening"
"C=CC(=O)N(Cc1cscc1F)CC1(O)CCc2ccccc21",331.104228036,"Screening"
"CC1(Cc2ccc(F)cc2)CCCN1c1ncc(C=O)cc1F",316.13871963599996,"Screening"
"C=CC(=O)N(Cc1cccc2c1OCC2)C(CC#N)C(F)(F)F",324.10856238,"Screening"
"C=CC(=O)N(Cc1ccc(S(C)(=O)=O)cc1)[C@H](C)C(F)(F)F",335.08029903199997,"Screening"
"C=CC(=O)N(Cc1cc(Br)nn1C)c1ccc(F)cc1",337.022602356,"Screening"
"C=CC(=O)N(Cc1cccc(F)c1C)c1cccc(NC(N)=O)c1",327.13830503599996,"Screening"
"C=CC(=O)N(Cc1c(F)ccc(F)c1Cl)c1cnn(C)c1C",325.07934618800005,"Screening"
"C=CC(=O)N(Cc1cc(F)c(F)c(F)c1)CC1CC2OCCC2O1",341.12387809599994,"Screening"
"C=CC(=O)N(Cc1cc2ccccc2n1C)[C@H]1C[C@H](CF)C1",300.163791512,"Screening"
"C=CC(=O)N(Cc1ccc(C)cc1F)[C@@H]1CCC(=O)N[C@H]1C(C)(C)C",346.205656324,"Screening"
"C=CC(=O)N(Cc1cc(F)cc(F)c1)c1cc2n(n1)CCC2",303.11831854,"Screening"
"C=CS(=O)(=O)NCc1ccc(Br)c(C)c1",288.977211724,"Screening"
"C=CC(=O)Nc1ccccc1C(=O)N1CCC(C2CCOCC2)C1",328.17869262799996,"Screening"
"C=CC(=O)Nc1ccccc1CC(=O)N1CCCC1C(=O)N(C)C",329.173941596,"Screening"
"C=CC(=O)N1CCC(C(=O)Nc2ccc3oc(C(C)(C)C)nc3c2)C1",341.1739415960001,"Screening"
"C=CC(=O)N1CCC(C(=O)NCc2cc3c(cc2OC)OCO3)C1",332.13722174,"Screening"
"C=CC(=O)N1CC(CC(=O)NC2CCN(c3ccccc3)C2)C1",313.179026976,"Screening"
"C=CC(=O)Nc1ccc(CCC(=O)NC(C)(C)C(=O)NC)cc1",317.173941596,"Screening"
"C=CC(=O)NCc1ccccc1C(=O)N1C2CCC1C(=O)NC2",313.142641468,"Screening"
"C=CC(=O)N1CCCC1c1ccc(C(=O)N2CCCCC2CC)cc1",340.215078136,"Screening"
"C=CC(=O)Nc1cccc(C(=O)NCc2c(C)nc(C)nc2C)c1",324.15862588,"Screening"
"C=CC(=O)N1CC(C(=O)Nc2cc(C)n(-c3ccc(Cl)cc3Cl)n2)C1",378.06503111200004,"Screening"
"C=CC(=O)Nc1ccccc1CC(=O)N(Cc1ccnn1C)C1CC1",338.174275944,"Screening"
"C=CC(=O)Nc1ccccc1CC(=O)N(CCCO)Cc1ccc(OC)cc1",382.189257312,"Screening"
"C=CC(=O)Nc1ccccc1CC(=O)NC1CCc2cc(Br)ccc2C1",412.07864001200005,"Screening"
"C=CC(=O)Nc1ccccc1CC(=O)N1CCC(NC(=O)Nc2ccc(F)cc2)CC1",424.19106888000005,"Screening"
"C=CC(=O)N1CCC(C(=O)N(CCc2ccccc2F)C2CCCC2)C1",358.205656324,"Screening"
"C=CC(=O)N1CCC(C(=O)Nc2cc(S(N)(=O)=O)ccc2NCCCC)C1",394.167476312,"Screening"
"C=CC(=O)N1CCCc2c(C(=O)N3CCCC(CNC(=O)c4ccccc4)C3)cccc21",431.220891788,"Screening"
"C=CC(=O)N1CCCC1C(=O)NCc1ccc(F)c(COc2ccccc2OCC)c1",426.19548556399997,"Screening"
"C=CC(=O)Nc1ccc(CC(=O)N(C)Cc2cnn(-c3cccc(Cl)c3)c2)cc1",408.135303592,"Screening"
"C=CC(=O)Nc1ccc(CC(=O)N[C@H]2CCCC[C@H]2Oc2ccccc2)cc1",378.194342692,"Screening"
"C=CC(=O)N1CC(CC(=O)NCc2ccccc2Cn2cccn2)C1",338.174275944,"Screening"
"C=CC(=O)N1CC(CC(=O)N2Cc3ccccc3CC2c2nnc(CC)o2)C1",380.184840628,"Screening"
"C=CC(=O)N1CC(CC(=O)N2CCn3c(nnc3C(F)(F)F)C2)C1",343.125609412,"Screening"
"C=CC(=O)N1CC(CC(=O)N2CCC(c3c[nH]c4ccc(F)cc34)CC2)C1",369.18525522799996,"Screening"
"C=CC(=O)N1CC(CC(=O)Nc2ccccc2-c2nncn2C)C1",325.15387484800004,"Screening"
"C=CC(=O)N1CC(CC(=O)NCc2cccc(-n3nc(C)cc3C)c2)C1",352.189926008,"Screening"
"C=CC(=O)Nc1cccc(CC(=O)N(C)[C@@H](C)c2ccccc2)c1",322.168127944,"Screening"
"C=CC(=O)Nc1cccc(CC(=O)NC(C)(C)c2noc(CC)n2)c1",342.169190564,"Screening"
"C=CC(=O)Nc1cccc(CC(=O)NC(C)c2cc(F)ccc2-n2cccn2)c1",392.1648541320001,"Screening"
"C=CC(=O)Nc1cccc(CC(=O)Nc2ccc3c(c2)CCCN3C(=O)c2ccccc2)c1",439.18959166,"Screening"
"C=CC(=O)Nc1cccc(CC(=O)NCc2cc(-c3ccc4ccccc4c3)on2)c1",411.158291532,"Screening"
"C=CC(=O)NCc1ccccc1CC(=O)Nc1ccc(-c2nnc3n2CCCCC3)cc1",429.2164751040001,"Screening"
"C=CC(=O)NCc1ccccc1CC(=O)N1CC(c2ccc(F)cc2)CC1C",380.19000626,"Screening"
"C=CC(=O)NCc1ccccc1CC(=O)Nc1nc(CCC)cs1",343.135447912,"Screening"
"COCCCNC(=O)C(C#N)=Cc1ccc(Cl)c(Cl)c1",312.043233048,"Screening"
"CCCCc1ccc(NC(=O)C(C#N)=Cc2ccc(OCCC(C)C)cc2)cc1",390.2307282,"Screening"
"COc1ccccc1NC(=O)C(C#N)=Cc1ccc(Oc2ccc(C(C)(C)C)cc2)c([N+](=O)[O-])c1",471.1794209,"Screening"
"CCCCNC(=O)C(C#N)=Cc1cc(Br)ccc1F",324.027353388,"Screening"
"Cc1c(Cl)cccc1NC(=O)C(C#N)=Cc1cc2c(cc1[N+](=O)[O-])OCO2",385.04654816399994,"Screening"
"CCCCNC(=O)C(C#N)=Cc1ccc(F)c(Br)c1",324.027353388,"Screening"
"CC(C)(C)c1ccc(C=C(C#N)C(=O)NCCc2ccccc2)cc1",332.18886338799996,"Screening"
"CC(C)NC(=O)C(C#N)=Cc1cc(Br)ccc1F",310.011703324,"Screening"
"COc1ccc(CCNC(=O)C(C#N)=Cc2ccccc2C(F)(F)F)cc1OC",404.134777128,"Screening"
"COc1ccc(CCNC(=O)C(C#N)=Cc2cccc(C(F)(F)F)c2)cc1OC",404.134777128,"Screening"
"COc1ccccc1C=C(C#N)C(=O)NCCc1ccc(OC)c(OC)c1",366.15795718399994,"Screening"
"N#CC(=Cc1cccc(C(F)(F)F)c1)C(=O)NCC1CCCO1",324.10856237999997,"Screening"
"N#CC(=Cc1ccc(OC(F)F)cc1)C(=O)NC1CCCCC1",320.133634256,"Screening"
"COc1cc(Cl)c(C)cc1NC(=O)C(C#N)=Cc1ccc2c(c1)OCO2",370.07203463999997,"Screening"
"CC(C)c1ccc(C=C(C#N)C(=O)Nc2cccc3ccccc23)cc1[N+](=O)[O-]",385.14264146799997,"Screening"
"CCOCCCNC(=O)C(C#N)=Cc1cc(C)c(C)cc1C",300.183778008,"Screening"
"CCOc1ccc(C=C(C#N)C(=O)Nc2ccc(C(=O)O)cc2)cc1",336.111006992,"Screening"
"N#CC(=Cc1ccc(-c2ccc(S(=O)(=O)N3CCOCC3)cc2)o1)C(=O)Nc1cc(Cl)cc(Cl)c1",531.0422470679999,"Screening"
"COc1cc(OC)c(OC)cc1C=C(C#N)C(=O)NC1CCCCC1",344.173607248,"Screening"
"COc1cc(Cl)c(C)cc1NC(=O)C(C#N)=Cc1c[nH]c2ccccc12",365.093104432,"Screening"
"COc1cc(C=C(C#N)C(=O)N2CCN(C(c3ccccc3)c3ccccc3)CC2)ccc1OCc1ccccc1",543.2521919159999,"Screening"
"CCOC(=O)c1ccc(NC(=O)C(C#N)=Cc2ccc(OC(F)F)c(OC)c2)cc1",416.118378116,"Screening"
"N#CC(=Cc1ccc(OCc2ccccc2)cc1)C(=O)Nc1ccc(C(=O)O)cc1",398.12665705599994,"Screening"
"COc1ccc(Br)cc1C=C(C#N)C(=O)Nc1ccc(C(=O)O)cc1",400.005868996,"Screening"
"COc1cc(C=C(C#N)C(=O)NC(C)C)cc(Cl)c1OC(C)C",336.124070212,"Screening"
"COc1ccc(C=C(C#N)C(=O)NC2CCCCC2)cc1O",300.14739249999997,"Screening"
"COC(=O)c1ccc(C=C(C#N)C(=O)NC2CCCCC2)cc1",312.1473925,"Screening"
"COC(=O)c1ccc(COc2ccc(C=C(C#N)C(=O)NC3CCCCC3)cc2)cc1",418.189257312,"Screening"
"Cc1cccc(C)c1NC(=O)C(C#N)=Cc1ccc(Sc2nccn2C)c([N+](=O)[O-])c1",433.12086046800005,"Screening"
"N#CC(=Cc1ccc(-c2ccc(S(=O)(=O)N3CCOCC3)cc2)o1)C(=O)NC1CC1",427.120191772,"Screening"
"COCCCNC(=O)C(C#N)=Cc1cc(OC)c(OC)cc1Br",382.052819188,"Screening"
"CC(=O)N(c1ccccc1)c1nc(C=C(C#N)C(=O)Nc2ccc(S(N)(=O)=O)cc2)cs1",467.07219602399994,"Screening"
"COc1cc(C=C(C#N)C(=O)NC2CCCCC2)ccc1OCC(=O)Nc1ccc(C)cc1",447.215806408,"Screening"
"COc1cc(C=C(C#N)C(=O)NC2CCCCC2)ccc1OC(F)F",350.14419893999997,"Screening"
"N#CC(=Cc1cccc(C(F)(F)F)c1)C(=O)Nc1c(Cl)cccc1Cl",384.004402928,"Screening"
"COCCCNC(=O)C(C#N)=Cc1cc(Cl)c(OC)c(OC)c1",338.10333476799997,"Screening"
"CCc1ccc(C=C(C#N)C(=O)Nc2ccc(N3CCOCC3)cc2)cc1",361.179026976,"Screening"
"CNc1ccc(C=C(C#N)C(=O)Nc2ccccn2)cc1[N+](=O)[O-]",323.101839276,"Screening"
"Cc1ccnc(C2CCN(C(=O)CCl)CC2)n1",253.098189812,"Screening"
"CC(Cl)C(=O)N1CCC(Oc2cc(F)cc(F)c2)C1",289.06811280799997,"Screening"
"C=CS(=O)(=O)CCC(=O)Nc1c(C)ccn2ncnc12",294.078661308,"Screening"
"C=CS(=O)(=O)CCC(=O)Nc1noc(C)c1C",258.06742792800003,"Screening"
"C=CS(=O)(=O)CCC(=O)Nc1cc2c([nH]c1=O)CCCC2",310.09872805599997,"Screening"
"C=CS(=O)(=O)CCC(=O)Nc1c(C)csc1Cl",292.994712924,"Screening"
"C=CS(=O)(=O)CCC(=O)Nc1cnc2c(c1)CNC2=O",295.062676896,"Screening"
"N#CC(=Cc1ccc(C(=O)O)c(O)c1)C(=O)NC1CCCC1",300.111006992,"Screening"
"C=CS(=O)(=O)CCN1CCOCC1c1ncnn1C",286.109961436,"Screening"
"C=CC(=O)N1CCN(CC(=O)Nc2ccccc2OC)CC1",303.158291532,"Screening"
"C=CC(=O)NCc1ccccc1CS(=O)(=O)N1CCCCC1",322.135113564,"Screening"
"C=CC(=O)NCC1CN(S(=O)(=O)c2ccccc2)C2CCN1C2",335.13036253200005,"Screening"
"C=CC(=O)N1CCN(C(=O)COc2ccc(Cl)cc2Cl)CC1",342.05379773199996,"Screening"
"C=CC(=O)Nc1ccc2c(c1)CCC(=O)N2CC1(CC#N)CC1",309.14772684800005,"Screening"
"C=CC(=O)N1CCC(c2noc(-c3ccccc3OC)n2)CC1",313.142641468,"Screening"
"C=CC(=O)N1CCS(=O)(=NS(=O)(=O)c2ccc(C)cc2)CC1",342.070799056,"Screening"
"C=CC(=O)NCC1Cc2ccccc2CN1C(=O)OC(C)(C)C",316.178692628,"Screening"
"C=CC(=O)NCc1ccc(Oc2c(OC)cccc2OC)nc1",314.126657056,"Screening"
"C=CC(=O)NCc1ccccc1COc1ccccc1Cl",301.08695643199997,"Screening"
"C=CC(=O)Nc1ccc(-c2nc3cccc(Cl)c3s2)cc1",314.028061652,"Screening"
"C=CC(=O)Nc1ccc(Oc2cccc(F)c2)c(Br)c1",334.99571891200003,"Screening"
"C=CC(=O)NC(Cc1ccccc1)c1nc2ccccc2s1",308.098334132,"Screening"
"C=CC(=O)Nc1ccc(Oc2ccc(F)c(Br)c2)cc1",334.99571891200003,"Screening"
"C=CC(=O)NCc1c(-c2ccc(F)cc2)nc2ccc(C(F)(F)F)cn12",363.099474916,"Screening"
"O=Cc1ccsc1S(=O)(=O)N1CCCC(C2CC2)C1",299.064985404,"Screening"
"C=CC(=O)Nc1cccc(C(=O)N2CCc3c(ncn3C)C23CCOCC3)c1",380.18484062799996,"Screening"
"C=CC(=O)NCc1ccc(C(=O)NC2(C(=O)N(C)C)CC2)cc1",315.158291532,"Screening"
"O=C(CCl)N1CCc2ccc(Cl)c(F)c2C1",261.01234752,"Screening"
"CC(C)(C)OC(=O)Nc1cnn(C(C)(C)C)c1C=O",267.158291532,"Screening"
"C=CC(=O)Nc1ccc(O)c(C(=O)NC2(c3nc(C)cs3)CCC2)c1",357.11471246800005,"Screening"
"C=CC(=O)N1CCC(C(=O)NCCc2nccn2C(F)F)CC1",326.15543232,"Screening"
"C=CC(=O)N(CC)CC(=O)N(C)Cc1nnc2n1CC(C(F)(F)F)CC2",373.172559604,"Screening"
"C=CC(=O)Nc1ccc(O)c(C(=O)N2CCN(Cc3ccccc3)[C@H](C)C2)c1",379.18959166,"Screening"
"C=CC(=O)Nc1cccc(C(=O)NC[C@@]2(CO)COC[C@@H]3CCCN32)c1",359.18450628000005,"Screening"
"Cc1cc(C)cc(CN(C#N)c2nncs2)c1",244.078267384,"Screening"
"CC(C)Cc1ccc(C(C)NC(=O)CN(C#N)c2nncs2)cc1",343.14668129200004,"Screening"
"N#Cc1cccc(OC2CN(C(=O)CCl)C2)c1",250.050905272,"Screening"
"CC(C)CN1C(=O)c2ccc(C(=O)N3CCN(C(=O)CCl)CC3)cc2C1=O",391.12988386399996,"Screening"
"C=CC(=O)NCC(c1c(C)nn(-c2ccccc2)c1C)C(F)(F)F",337.140196856,"Screening"
"C=CC(=O)NCC(c1ccc(C(F)(F)F)cc1)N1CCCC1",312.144947888,"Screening"
"C=CC(=O)N1CCC[C@@H](NC(=O)C(F)(F)F)[C@H]1c1ccccc1OC",356.134777128,"Screening"
"Cc1cc(Br)c(CNC(=O)c2cc(S(=O)(=O)F)c[nH]2)s1",379.9300245,"Screening"
"CCN1CC(C)(CSc2nnc(-c3c[nH]c4ccccc34)o2)C1=O",342.11504681599996,"Screening"
"COc1cc(B(O)O)c(C=O)cc1OCC(=O)N1CCOCC1",323.11763231599997,"Screening"
"CC(C)(C)c1ccc(OCCNC(=O)c2ccc(B(O)O)c(C=O)c2)cc1",369.17475326799996,"Screening"
"C=CS(=O)(=O)NCc1ccc(F)nc1C",230.052526812,"Screening"
"CC(C)(CNC(=O)c1ccc(B(O)O)c(C=O)c1)CC(F)F",313.129694896,"Screening"
"CC(NC(=O)c1ccc(B(O)O)c(C=O)c1)c1ccc(Br)cc1F",393.018328648,"Screening"
"Cc1cccc(C)c1CCNC(=O)c1ccc(B(O)O)c(C=O)c1",325.14853851999993,"Screening"
"O=Cc1cc(C(=O)NCC(=O)Nc2cccc(Br)c2)ccc1B(O)O",404.01791404799997,"Screening"
"CC(C)CC1C(=O)NCCCN1C(=O)c1ccc(B(O)O)c(C=O)c1",346.17000223599996,"Screening"
"O=Cc1cc(C(=O)N2CC3C4CCC(CC4)C3C2)ccc1B(O)O",327.164188584,"Screening"
"C=CS(=O)(=O)N[C@H]1CCCC[C@H]1n1ccnn1",256.099396752,"Screening"
"C=CS(=O)(=O)N1Cc2cccc(F)c2C1",227.04162778,"Screening"
"CCC(C(=O)OC(C)(C)C)n1cc(-c2cncc(C=O)c2)nn1",316.1535405000001,"Screening"
"CC(C)CC(C(=O)N1CCC[C@@H]1CO)n1cccc1C=O",292.17869262799996,"Screening"
"Cc1ccccc1-n1cc(-c2c[nH]c(C=O)c2)nn1",252.101111004,"Screening"
"CCOCCCNC(=O)c1cnc(N)c(C=O)c1",251.126991404,"Screening"
"Cc1ccccc1N1CCN(C(=O)c2c(C)nsc2C=O)CC1",329.11979784799996,"Screening"
"Cc1noc(C(=O)NC23CC4CC(CC(O)(C4)C2)C3)c1C=O",304.14230712,"Screening"
"CN(Cc1csc2ccccc12)C(=O)c1cc(Br)c2ncc(C=O)n2c1",426.999009788,"Screening"
"CN(Cc1ccon1)C(=O)c1cc(Br)c2ncc(C=O)n2c1",362.0014523120001,"Screening"
"CC(C)(C)OC(=O)Cn1cc(C=O)c2cc(Cl)ccc21",293.081871052,"Screening"
"NC(=O)c1nn(CC(F)F)cc1NC(=O)CCl",266.038209648,"Screening"
"CC(C)CC(=O)Nc1nnc(NC(=O)CCl)s1",276.04477433600005,"Screening"
"Cn1nc(O)c(NC(=O)CCl)c1C(F)(F)F",257.017888804,"Screening"
"COC(=O)c1cccc(C(F)(F)CNC(=O)CCl)c1",291.047377364,"Screening"
"Cc1nc2n(c(=O)c1CCNC(=O)CCl)CCCC2",283.108754496,"Screening"
"Cc1cc(=O)n(C)c2ccc(NC(=O)CCl)cc12",264.066555336,"Screening"
"O=C(CCl)Nc1cnn(Cc2ccc(F)cc2)c1",267.057467872,"Screening"
"COc1c(CN(Cc2cocn2)C(=O)CCl)ccc2ccccc12",344.092770084,"Screening"
"O=C(CCl)N(Cc1cnn(-c2ccccc2)c1)Cc1ccon1",330.0883534,"Screening"
"CC(C)n1ncc(N(Cc2cnc(C(C)(C)C)o2)C(=O)CCl)n1",339.146202624,"Screening"
"Cc1noc(C)c1CN(CC1NC(=O)c2ccccc21)C(=O)CCl",347.10366911599994,"Screening"
"O=C(CCl)N(Cc1cccc2ccsc12)[C@H]1COC[C@@H]1O",325.05394205199997,"Screening"
"CCc1cccc2cc(CN(C(=O)CCl)[C@H]3CC[C@H](O)C3)oc12",335.12882124399994,"Screening"
"CC(C)(C)c1ncc(CN(C(=O)CCl)[C@H]2CC[C@H](O)C2)cn1",325.155704688,"Screening"
"O=C(CCl)Nc1nn(-c2ncccn2)cc1Br",314.952249624,"Screening"
"Cn1ccnc1C1=CC2CCC(C1)N2C(=O)c1ccc(B(O)O)c(C=O)c1",365.1546865199999,"Screening"
"O=Cc1cc(C(=O)N2CC(=O)N3CCOCC3(CO)C2)ccc1B(O)O",362.12853134799997,"Screening"
"O=Cc1cc(C(=O)N2CC3(CCC3)C2c2ccncc2)ccc1B(O)O",350.143787488,"Screening"
"O=Cc1cc(C(=O)N2CCC(=O)N3CCCCCC32)ccc1B(O)O",344.154352172,"Screening"
"COC(=O)C1(N2CCN(C(=O)c3ccc(B(O)O)c(C=O)c3)CC2)CCOC1",390.15983147599997,"Screening"
"Nc1ncc2c(n1)CC1CCCC2N1C(=O)c1ccc(B(O)O)c(C=O)c1",366.1499354879999,"Screening"
"O=Cc1cc(C(=O)N[C@@H]2CC(Cn3cc(Cl)cn3)C[C@H]2O)ccc1B(O)O",391.110628788,"Screening"
"O=Cc1cc(C(=O)N2CCN(C(=O)c3cc4sccc4s3)CC2)ccc1B(O)O",428.06719404399996,"Screening"
"Cc1ccc(C=CS(=O)(=O)N(C)Cc2ccc(C(N)=O)cc2)cc1",344.1194635,"Screening"
"CC(=O)N(C)c1cccc(NC(=O)C(C#N)=Cc2ccco2)c1",309.11134133999997,"Screening"
"CCCn1c(C)cc(C=C(C#N)C(=O)NCC(CO)Cc2ccc(OC)c(O)c2)c1C",425.23145647199993,"Screening"
"O=S(=O)(C=Cc1ccccc1Cl)Nc1ncc(Br)cc1F",389.924066528,"Screening"
"COc1ccccc1OC(C)CNC(=O)C(C#N)=Cc1ccco1",326.126657056,"Screening"
"COc1cccc(F)c1C(C)NC(=O)C(C#N)=Cc1ccco1",314.10667056,"Screening"
"O=Cc1c(OCc2cn3cccnc3n2)ccc2ccccc12",303.100776656,"Screening"
"CCOCCCNC(=O)C(C#N)=Cc1cnn(CCCl)c1",310.119653528,"Screening"
"CCOCCN(C#N)c1ccc(OC)c(Cl)c1",254.0822054,"Screening"
"Cc1ccc(C=CS(=O)(=O)NCC(=O)N(C)C2CCCc3ccccc32)cc1",398.166413692,"Screening"
"O=C1CC(c2ccccc2)N1CN(Cc1ccc(Cl)c(Cl)c1)C1CC1",374.09526862,"Screening"
"O=Cc1nc2ccccc2n1Cc1ccc(Cl)cc1Cl",304.0170183,"Screening"
"O=C(OCC(=O)N(Cc1ccccc1)c1nc(-c2ccc(F)cc2)cs1)c1ccc(Cl)nc1",481.0663183040001,"Screening"
"Cc1ccc(-n2c(SCCS(=O)(=O)F)nc3ccccc3c2=O)cc1",378.05081256,"Screening"
"COC(=O)c1ccc(C(=O)OC)c(NC(=O)C(C#N)=Cc2ccc(OC)cc2)c1",394.11648629599995,"Screening"
"N#CC(=Cc1ccccc1)C(=O)Nc1nc2c(ccc3ccccc32)s1",355.077933036,"Screening"
"N#CC(=Cc1ccccc1)C(=O)NCCc1ccc(Cl)cc1Cl",344.048318428,"Screening"
"N#CC(=Cc1ccccc1)C(=O)N=C1N=C2C=CC(Br)=CN2Cc2ccccc21",442.0429232,"Screening"
"COc1ccc(Nc2nc3c(C)cccn3c(=O)c2C=O)cc1",309.11134134,"Screening"
"Cc1ccc2nc(Nc3ccc(Cl)cc3)c(C=O)c(=O)n2c1",313.061804304,"Screening"
"N#CC(=Cc1ccc(-c2ccc(F)cc2)o1)C(=O)Nc1nc(-c2cccs2)cs1",421.035496844,"Screening"
"COc1ccc(C2N(c3ccccc3)C(=O)C2(F)F)cc1OC",319.10199978,"Screening"
"Cc1ccc(C=C(C#N)C(=O)Nc2nc3c(s2)CN(Cc2ccccc2)CC3)cc1",414.151432324,"Screening"
"CCCCC(CC)CNC(=O)C(C#N)=Cc1ccc(OC(F)F)cc1",350.180584448,"Screening"
"COc1ccc(-c2nn(-c3ccccc3)cc2C=C(C#N)C(N)=O)cc1OC",374.13789043599996,"Screening"
"N#CC(C(=O)Nc1ccc(Cl)cc1)=C1SCC(=O)N1c1ccccc1",369.033875304,"Screening"
"N#CC(=Cc1ccc(OCc2ccc(C(=O)O)cc2)cc1)C(=O)Nc1ccccc1",398.126657056,"Screening"
"Cc1ccc(-c2nn(-c3ccccc3)cc2C=C(C#N)C(=O)Nc2cccc(C(F)(F)F)c2)o1",462.130360444,"Screening"
"O=Cc1cn(-c2ccccc2)nc1-c1ccc(-c2ccc([N+](=O)[O-])cc2)o1",359.09060589599994,"Screening"
"O=Cc1cn(-c2ccccc2)nc1-c1cc2cc(Br)ccc2oc1=O",393.995304312,"Screening"
"N#CC(=Cc1ccc(OC(F)F)cc1)C(=O)N(c1ccccn1)c1ccccn1",392.10848212800005,"Screening"
"N#CC(=Cc1ccc(Cl)cc1)C(=O)Nc1nc2ccc(SC(F)F)cc2s1",420.99218806000005,"Screening"
"Cc1nn2c(nc(N(C)C3CCS(=O)(=O)C3)c3ccccc32)c1C=O",358.10996143599994,"Screening"
"N#CC(=Cc1ccccc1OCc1ccccc1Cl)C(N)=O",312.066555336,"Screening"
"COc1ccc(C=C(C#N)C(N)=O)cc1OCc1ccc(Br)cc1",386.0266044400001,"Screening"
"N#CC(=Cc1ccc(-c2ccc(C(=O)O)cc2)o1)C(=O)Nc1ccccc1Br",436.005868996,"Screening"
"CCOC(=O)c1ccc(NC(=O)C(C#N)=Cc2ccc(-c3ccccc3[N+](=O)[O-])o2)cc1",431.111735264,"Screening"
"COc1ccc(C=C(C#N)C(N)=O)cc1OCc1ccccc1Cl",342.07712002000005,"Screening"
"COc1cccc(C=C(C#N)C(=O)Nc2ccc([N+](=O)[O-])cc2O)c1OCc1ccccc1Cl",479.0884129759999,"Screening"
"N#CC(=Cc1cn(Cc2ccccc2)c2ccccc12)C(=O)Nc1cccc(C(=O)O)c1",421.14264146799997,"Screening"
"CCOc1ccccc1C=C(C#N)C(=O)Nc1cccc(C(=O)O)c1",336.11100699199994,"Screening"
"COc1cc(C2(O)CSC(=C(C#N)C(=O)Nc3ccc(Cl)cc3)N2c2ccccc2)cc(OC)c1OC",537.1125195479999,"Screening"
"C=CCOc1c(Br)cc(Br)cc1C=C(C#N)C(N)=O",383.91090176,"Screening"
"CCOc1cc(C=C(C#N)C(=O)Nc2cccc(C(=O)O)c2)ccc1OCc1ccccc1Cl",476.113899452,"Screening"
"CCCCCOc1ccc(C=C(C#N)C(=O)Nc2scc(-c3ccc(OC)cc3)c2C(=O)OCC)cc1OC",548.1981077439999,"Screening"
"C=CC(=O)N1CCCc2cc(C(=O)N3CCOCC3CN(C)C)ccc21",357.205241724,"Screening"
"C=CC(=O)N1CCCc2cc(C(=O)N[C@@H]3CCO[C@@H](c4cccnc4)C3)ccc21",391.1895916600001,"Screening"
"C=CC(=O)N1CCCc2cc(C(=O)OC(C)C(=O)NC(=O)NC(C)(C)C)ccc21",401.195070964,"Screening"
"C=CC(=O)N1CCCc2cc(C(=O)N3CCN(C(=O)C(C)(C)C)CC3(C)C)ccc21",411.252191916,"Screening"
"C=CC(=O)N1CCCc2cc(C(=O)NCc3nnc4n3CCC(C(F)(F)F)C4)ccc21",433.172559604,"Screening"
"C=CC(=O)N(C)c1ccc(C(=O)N(CCC#N)CC2CCC2)cc1",325.179026976,"Screening"
"C=CC(=O)N(C)c1ccc(C(=O)Nc2nc(C)c(SCC#N)s2)cc1",372.071467752,"Screening"
"C=CC(=O)N(C)c1ccc(C(=O)N2CCn3c(Cc4cccc(F)c4F)nnc3C2)cc1",437.16633135200004,"Screening"
"C=CC(=O)N(C)c1ccc(C(=O)N2CCC[C@H]2c2nc(C(C)C)co2)cc1",367.18959165999996,"Screening"
"C=CC(=O)N(C)c1ccc(C(=O)N2CCS(=O)C(CC)(CC)C2)cc1",362.166413692,"Screening"
"C=CC(=O)N(C)c1ccc(C(=O)NC2COc3ccc(Cl)cc3C2=O)cc1",384.08768470399997,"Screening"
"C=CC(=O)N(C)c1ccc(C(=O)NC2CCN(C)CC2(C)C)cc1",329.210327104,"Screening"
"C=CC(=O)N(C)c1ccc(C(=O)NCCN2CCc3sccc3C2)cc1",369.151097976,"Screening"
"C=CC(=O)N(C)c1ccc(C(=O)NC(C)c2cn(-c3ccccc3)nn2)cc1",375.16952491200004,"Screening"
"C=CC(=O)N(C)c1ccc(C(=O)NC2COc3c(C)cccc3C2)cc1",350.163042564,"Screening"
"C=CC(=O)N(C)c1ccc(C(=O)Nc2ccc3c(c2)COCC3)cc1",336.14739249999997,"Screening"
"C=CC(=O)N(C)c1ccc(C(=O)NC(C)(CC)c2nc(C)cs2)cc1",357.151097976,"Screening"
"C=CC(=O)N(C)c1ccc(C(=O)Nc2cccc3c2OCCC3N(C)C)cc1",379.1895916600001,"Screening"
"C=CC(=O)N(C)c1ccc(C(=O)Nc2ccn(CC3CCOC3)n2)cc1",354.16919056399996,"Screening"
"C=CC(=O)N(C)c1ccc(C(=O)NC2CCc3cc(Br)ccc3NC2=O)cc1",441.0688036,"Screening"
"C=CC(=O)N(C)c1ccc(C(=O)Nc2cnc3[nH]ccc3c2C)cc1",334.142975816,"Screening"
"C=CC(=O)N(C)c1ccc(C(=O)N2CCCC23CCCS(=O)(=O)C3)cc1",376.14567824799997,"Screening"
"C=CC(=O)N(C)c1ccc(C(=O)N(C)Cc2csc(C(C)OC)n2)cc1",373.14601259600005,"Screening"
"C=CC(=O)N(C)c1ccc(C(=O)Nc2cnc(-c3ccccc3)s2)cc1",363.104147784,"Screening"
"C=CC(=O)N(C)c1ccc(C(=O)N2CCc3cc(C(N)=O)ccc32)cc1",349.142641468,"Screening"
"C=CC(=O)N(C)c1ccc(C(=O)Nc2ccc(F)cc2OC(C)C#N)cc1",367.133219656,"Screening"
"C=CC(=O)Nc1cc(C(=O)NCCN2CCn3nccc3C2)ccc1O",355.164439532,"Screening"
"C=CC(=O)N1CCC(Oc2ccnc(CN(C)C(C)C)c2)C1",303.19467704,"Screening"
"C=CC(=O)N(Cc1ccc2ccccc2n1)c1ccc(N(C)C)cc1",331.168462292,"Screening"
"C=CC(=O)N1c2ccccc2CCC1C(=O)Nc1ccccc1C",320.15247788,"Screening"
"C=CC(=O)NC(c1ccc(Cl)cc1)c1ccc(OC(F)F)nc1",338.063361776,"Screening"
"C=CC(=O)N[C@@H]1CC(=O)N(C(C)C)[C@H]1c1ccc(Cl)c(F)c1",324.104083716,"Screening"
"C=CC(=O)N1CCC(O)(c2ccc(-c3ccccc3)cc2)CC1",307.15722891200005,"Screening"
"O=C(CCl)Nc1ccccc1CN1CCNC1=O",267.077454368,"Screening"
"O=C(CCl)Nc1ccc(Cc2nnc3ncccn23)cc1",301.073037684,"Screening"
"O=C(CCl)N[C@H]1C[C@H](c2ccc(Cl)cc2)C1",257.037419396,"Screening"
"O=C(CCl)Nc1cccc2nc(C(F)F)sc12",275.993567964,"Screening"
"Cc1ccnc(-c2n[nH]c(C(C)NC(=O)CCl)n2)c1",279.088687748,"Screening"
"O=C(CCl)N1CCN(c2cccnc2)CC1",239.082539748,"Screening"
"Cc1cc(S(N)(=O)=O)ccc1CNC(=O)CCl",276.033540956,"Screening"
"COCCNC(=O)c1cccc(NC(=O)CCl)c1",270.07712002,"Screening"
"O=C(CCl)NC(c1ccc(Cl)cc1)c1ccc(OC(F)F)nc1",360.024389424,"Screening"
"O=C(CCl)Nc1cc(Cl)cc2c1OCC(=O)N2",273.991197476,"Screening"
"CC(Cl)C(=O)N1CCOC2(CCc3ccccc32)C1",279.10260649599996,"Screening"
"COCCn1cc(CN(C(=O)CCl)c2ccc(C3CC3)cc2)cn1",347.140054624,"Screening"
"N#CCCN(Cc1ccnn1C1CCCC1)C(=O)CCl",294.124738908,"Screening"
"COc1ccc(CN(C(=O)CCl)[C@@H]2C[C@H]2C2CCC2)cc1C#N",332.129155592,"Screening"
"Cc1cc(CN(CC2CC3CC3C2)C(=O)CCl)ccc1C#N",316.13424097200004,"Screening"
"Cc1cccc(CN(CC2CCOC2(C)C)C(=O)CCl)c1F",327.140134876,"Screening"
"C=CC(=O)N1CC(c2ocnc2CNC(=O)C2CNC(=O)c3ccccc32)C1",380.14845511999994,"Screening"
"C=CC(=O)N1CC(c2ocnc2CNC(=O)C2=NOC(c3ccccc3)C2)C1",380.14845512,"Screening"
"C=CC(=O)N1CC(O)(CNC(=O)c2cnn(C3CCCC3)c2C)C1",332.18484062799996,"Screening"
"C=CC(=O)N[C@@H]1CCCN(C(=O)c2cnn(CCC)c2C2CC2)C1",330.205576072,"Screening"
"C=CC(=O)N[C@@H]1CCCN(C(=O)C2CC(c3ccc(OC(F)(F)F)cc3)C2)C1",396.16607725600005,"Screening"
"C=CC(=O)N1CC(CC(C)NC(=O)C2CC(c3ccc(OC(F)(F)F)cc3)C2)C1",410.18172732,"Screening"
"C=CC(=O)N1CC(NC(=O)c2ccc(Cn3cccn3)o2)Cc2ccccc21",376.15354049999996,"Screening"
"CO[C@H]1C[C@H](N(Cc2ccc(F)cc2)C(=O)CCl)C1",285.093184684,"Screening"
"CC(C)n1cc(CN(C(=O)CCl)C2CC3C(C2)C3(F)F)cn1",331.12629638000004,"Screening"
"O=C(CCl)N(Cc1cn(CC2CC2)nn1)c1cccc2c1CCO2",346.11965352799996,"Screening"
"CCc1cccc(CN(C(=O)CCl)c2cn(CC)nn2)c1",306.12473890800004,"Screening"
"Cc1nscc1CN(CCNC(=O)C1CCC1)C(=O)CCl",329.09647556,"Screening"
"Cc1cccc(CN(CC2C3COCC32)C(=O)CCl)c1F",311.108834748,"Screening"
"Cc1c(F)cccc1CN(CC(O)C1CCC1)C(=O)CCl",313.12448481200005,"Screening"
"O=Cc1ncc(Br)cc1OCc1cccc([N+](=O)[O-])c1",335.974568868,"Screening"
"Cc1cc(COc2cc(Br)cnc2C=O)ccc1Cl",338.966168372,"Screening"
"O=Cc1ncc(Br)cc1OCc1ccc(Cl)c(C(F)(F)F)c1",392.937902936,"Screening"
"C=CS(=O)(=O)NC1(c2nccs2)CCC1",244.034019624,"Screening"
"O=Cc1ncc(Br)cc1OCc1cccc2ccccc12",341.005140724,"Screening"
"COc1cc(C=O)c(B(O)O)cc1OCC(=O)Nc1cnc2ccccc2c1",380.11796666400005,"Screening"
"O=CNc1cccc(NC(=O)NCCCc2ccc3c(c2)C(=O)N(C2CCC(=O)NC2=O)C3=O)c1",477.16483345599994,"Screening"
"C=CC(=O)N1CC(C(=O)N(C)Cc2ccc(Oc3ccccc3CC)cc2Cl)C1",412.15537034000005,"Screening"
"CNC(=O)c1cccc(COc2cc(Br)cnc2C=O)c1",348.01095437600003,"Screening"
"O=S(=O)(F)c1ccc(-n2cc(C3(N4CCNCC4)CCOCC3)nn2)cc1",395.142738784,"Screening"
"C=CC(=O)N1CC(C(=O)NC2CCCc3c2cc(C)n3-c2cccc(C(F)(F)F)c2)C1",431.18206166799996,"Screening"
"COC(=O)c1[nH]c2ccc(Br)cc2c1C=O",280.968755216,"Screening"
"C=CS(=O)(=O)N1C[C@@H](C)OC[C@H]1C",205.07726434,"Screening"
"O=Cc1ncc(Br)cc1OCc1ccc(Br)c(Cl)c1",402.861030376,"Screening"
"O=Cc1c(OCc2ncn(-c3ccccc3)n2)cccc1B(O)O",323.10773632799993,"Screening"
"COc1cc(C)nc(COc2cccc(B(O)O)c2C=O)c1",301.11215301199996,"Screening"
"COC(=O)C(Oc1cccc(B(O)O)c1C=O)c1ccc(Cl)cc1Cl",382.018223896,"Screening"
"CC(C)n1ncc2cc(COc3cccc(B(O)O)c3C=O)cnc21",339.139036456,"Screening"
"O=Cc1c(OCc2ccc(-n3ccnc3)nc2)cccc1B(O)O",323.10773632799993,"Screening"
"CC1CCCN(C(=O)C(Oc2cccc(B(O)O)c2C=O)C(C)C)C1",347.19040333199996,"Screening"
"O=Cc1c(OCc2nc3c(s2)CCCCC3)cccc1B(O)O",331.10495945599996,"Screening"
"CC(C)C(Oc1cccc(B(O)O)c1C=O)C(=O)N(C)C1CCCCC1",361.206053396,"Screening"
"Cc1noc2ncc(NC(=O)c3ccc(N(C)C)c(C=O)c3)cc12",324.12224037199996,"Screening"
"CCc1cc(COc2cc(Br)cnc2C=O)ccc1Cl",352.981818436,"Screening"
"C=CS(=O)(=O)N(C)C(C)c1ccc(Br)cc1",302.99286178799997,"Screening"
"COc1cc(B(O)O)c(C=O)cc1OCc1c(Cl)cccc1Br",397.97279369600005,"Screening"
"COc1cc(B(O)O)c(C=O)cc1OCC(=O)N(C)C1CCCC1",335.154017824,"Screening"
"CC(Cl)C(=O)NC1CCCc2c1cnn2Cc1ccccc1",317.12948994,"Screening"
"CC(Cl)C(=O)N1CCN(C2=NS(=O)(=O)c3ccccc32)CC1",341.06009005199996,"Screening"
"O=C(CCl)NCc1ccc(OCCN2CCCC2)cc1",296.129155592,"Screening"
"CC(Cl)C(=O)N1CCN(c2ncnc3c2cnn3C)CC1",308.11523684400004,"Screening"
"COc1cccc(C2CCN(C(=O)CCl)CC2)c1",267.102606496,"Screening"
"CC(Cl)C(=O)N1CCCN(C)c2cc(F)ccc21",270.093519032,"Screening"
"CC(Cl)C(=O)N1CCC(n2c(=O)[nH]c3ccccc32)CC1",307.108754496,"Screening"
"CC(=O)Nc1cc(C)nn1-c1ccc(NC(=O)C(C)Cl)cc1",320.104003464,"Screening"
"CC(Cl)C(=O)NC(C)C(=O)N1CCc2ccccc21",280.097855464,"Screening"
"O=C(CCl)N1CCCN(C(=O)c2ccncc2)CC1",281.093104432,"Screening"
"CC(Cl)C(=O)NCc1nn(-c2ccccc2)c2c1CCC2",303.113839876,"Screening"
"CCc1cnc(N2CCN(C(=O)C(C)Cl)CC2)s1",287.085910876,"Screening"
"Cc1nc(CN2CCCN(C(=O)C(C)Cl)CC2)no1",286.119653528,"Screening"
"CC(Cl)C(=O)N1CCCC(c2nc(-c3cccc(F)c3)no2)C1",337.09933268400005,"Screening"
"CC(=O)OC(c1ccccc1)c1nc(C2CCN(C(=O)C(C)Cl)CC2)no1",391.129883864,"Screening"
"CC(Cl)C(=O)NCC1CCCN(c2nccn3cnnc23)C1",322.13088690800004,"Screening"
"CC(Cl)C(=O)NC1CCCN(c2cc(N3CCOCC3)ncn2)C1",353.16185268800007,"Screening"
"COc1cc(CC2CN(C(=O)C(C)Cl)C2)cc(OC)c1",297.11317118,"Screening"
"O=C(CCl)N1CCC2(CC1)OCc1ccccc12",265.086956432,"Screening"
"O=C(CCl)NCCCCc1cn[nH]c1",215.082539748,"Screening"
"CC(Cl)C(=O)N1CCN(C(c2ccccc2)C(F)(F)F)CC1",334.105975536,"Screening"
"CC(Cl)C(=O)Nc1ccc(-c2nccn2C(F)F)cc1",299.063696124,"Screening"
"CC(Cl)C(=O)N(C)C(Cc1ccccn1)C(C)(C)C",282.14989103600004,"Screening"
"CC(Cl)C(=O)NCCc1ccc(-n2cccn2)cc1",277.098189812,"Screening"
"CS(=O)(=O)c1c(Cl)cccc1NC(=O)CCl",280.968019508,"Screening"
"Cc1ccoc1C(=O)NCCCNC(=O)C(C)Cl",272.092770084,"Screening"
"CC(Cl)C(=O)N1CCN(C(=O)Cc2cccc(Cl)c2)C(C)C1",342.09018324,"Screening"
"Cc1cccn2cc(CCNC(=O)C(C)Cl)nc12",265.098189812,"Screening"
"COc1nc(N2CCN(C(=O)C(C)Cl)CC2)ncc1Br",362.014515532,"Screening"
"O=C(CCl)NCc1ccccc1COc1ccccc1Cl",323.04798408,"Screening"
"COc1ccccc1CN(Cc1cccs1)C(=O)C(C)Cl",323.074677496,"Screening"
"CCCn1c(C)cc(C=C(C#N)C(=O)N[C@@H](CCSC)c2nc3ccccc3[nH]2)c1C",435.20928154800004,"Screening"
"Cc1cccc(C)c1NC(=O)CN1CCN(C(=O)C(C#N)=Cc2cc(C)n(C3CC3)c2C)CC1",459.26342529600004,"Screening"
"O=C(C1CCN(S(=O)(=O)C=Cc2ccccc2)CC1)N1CCCC(c2nc(=O)[nH][nH]2)C1",445.1783753440001,"Screening"
"CC(Nc1nc(-c2cc(C)n(CCc3ccccc3)c2C)cs1)=C(C#N)C(N)=O",405.1623313560001,"Screening"
"CC(Nc1sc2c(c1-c1nc3ccccc3s1)CCCC2)=C(C#N)C(N)=O",394.092203196,"Screening"
"N#CC(=Cc1csc(-c2ccsc2)n1)C(=O)NC1CC1",301.034353972,"Screening"
"C=CC(=O)Nc1cc(NC(=O)c2nc(C3CC3)oc2C)ccc1F",329.117569592,"Screening"
"N#CC(=CC=Cc1ccco1)C(=O)Nc1ccc(C(=O)O)cc1",308.079706864,"Screening"
"CC(C)C(NC(=O)C1CCN(S(=O)(=O)c2cccnc2Cl)CC1)c1ccc(C(C)(C)C)cc1",491.200940628,"Screening"
"O=C1C(n2cnnn2)C(c2ccc3c(c2)CCO3)N1Cc1ccc(Cl)cc1",381.099252432,"Screening"
"COCCN1C(=O)C(N2CSCC2=O)C1c1ccc(Cl)cc1",340.064841084,"Screening"
"COCCN1C(=O)C(n2cnnn2)C1c1ccc(Cl)cc1",307.08360236799996,"Screening"
"C=CC(=O)N1CCC(C(=O)N2CCc3cc(CC)ccc32)(c2ccccc2)CC1",388.215078136,"Screening"
"C=CC(=O)NCCNC(=O)CC1CS(=O)(=O)c2ccccc2O1",338.09364267599994,"Screening"
"C=CC(=O)N1CCC(C(=O)NCc2ccc(S(C)=O)cc2)(c2ccccc2)CC1",410.166413692,"Screening"
"C=CC(=O)N1CCC(C(=O)NCC(OC)c2ccc(F)cc2)CC1",334.16927081600005,"Screening"
"COc1cccc(N2CC(NC(=O)C3CO3)CC2=O)c1",276.111006992,"Screening"
"COC(=O)c1ccc2c(c1)CCN(C(=O)C1CO1)C2",261.10010796,"Screening"
"O=C(C1CO1)N1CCC(c2nc(-c3ccccc3)no2)CC1",299.126991404,"Screening"
"O=C(C1CO1)N1CCCC1c1ccccc1C(F)(F)F",285.097663348,"Screening"
"CCc1ccc(C2CCCN(C(=O)C3CO3)C2)cc1",259.157228912,"Screening"
"Cc1nc(-c2ccccc2)sc1CNC(=O)C1CO1",274.07759868799997,"Screening"
"O=C(NC1CCN(C(=O)CCc2ccccc2)CC1)C1CO1",302.16304256399997,"Screening"
"COc1ccc([C@H]2C[C@H](NC(=O)C3CO3)C2)cc1F",265.111421592,"Screening"
"O=C(C1CO1)N1CCN(c2nccc3sccc23)CC1",289.08849772,"Screening"
"CC1(c2ccccc2)CCCN(C(=O)C2CO2)C1",245.141578848,"Screening"
"O=C(NC1CCN(c2ccc(C(F)(F)F)cn2)CC1)C1CO1",315.11946141199996,"Screening"
"O=C(NCc1nnc(-c2ccc(Cl)cc2)o1)C1CO1",279.04106886,"Screening"
"CC(C)c1ccc(S(=O)(=O)N2CCN(C(=O)C3CO3)CC2)cc1",338.13002818399997,"Screening"
"O=C(C1CO1)N1CCCC(c2nc3ccccc3s2)C1",288.093248752,"Screening"
"COc1ccc(C2CCCCCN2C(=O)C2CO2)cc1",275.152143532,"Screening"
"COc1ccc(CNC(=O)C2CO2)cc1OC(F)F",273.081264336,"Screening"
"O=C(NC(Cc1ccccc1)c1ccccc1)C1CO1",267.125928784,"Screening"
"COCCN(C(=O)C1CO1)C(C)c1cccc(C(F)(F)F)c1",317.123878096,"Screening"
"O=C(C1CO1)N1CCN(c2ncccc2Cl)CC1",267.077454368,"Screening"
"O=C(NCC1CCN(S(=O)(=O)c2ccccc2)CC1)C1CO1",324.11437811999997,"Screening"
"CC(Cc1ccc2ccccc2c1)NC(=O)C1CO1",255.125928784,"Screening"
"CC1CCc2nc(CNC(=O)C3CO3)sc2C1",252.093248752,"Screening"
"CC(C)Oc1ccc(CNC(=O)C2CO2)c(C(F)(F)F)c1",303.108228032,"Screening"
"O=C(NCc1cccc(OCC(F)F)c1)C1CO1",257.08634971600003,"Screening"
"COc1ccccc1C(NC(=O)C1CO1)c1ccccc1",283.120843404,"Screening"
"O=C(NCCc1cccc(-c2ccccc2)c1)C1CO1",267.125928784,"Screening"
"COc1ccc2c(c1)CC(NC(=O)C1CO1)CCC2",261.136493468,"Screening"
"O=C(NC(CCO)c1ccc(Cl)c(Cl)c1)C1CO1",289.027248636,"Screening"
"O=C(NC1CCCc2c1cnn2C1CCCC1)C1CO1",275.163376912,"Screening"
"O=C(NC1CCCc2sc(-c3ccc(F)cc3)nc21)C1CO1",318.08382694,"Screening"
"CC1C(c2ccccc2)c2ccccc2CCN1C(=O)C1CO1",307.157228912,"Screening"
"Cc1noc(-c2ccc(CNC(=O)C3CO3)cc2)n1",259.095691276,"Screening"
"CC(C)c1cccc2c1CCN(C(=O)C1CO1)C2",245.141578848,"Screening"
"CC1C(NC(=O)C2CO2)CC(=O)N1Cc1ccccc1",274.131742436,"Screening"
"O=C(NC(c1cccc(C(F)(F)F)c1)C1CCOCC1)C1CO1",329.123878096,"Screening"
"O=C(NCc1cccc(S(=O)(=O)C(F)(F)F)c1)C1CO1",309.02826345999995,"Screening"
"O=C(N[C@@H]1CC[C@H]1OCc1ccccc1)C1CO1",247.120843404,"Screening"
"O=C(NCc1cccnc1N1CCCCC1)C1CO1",261.147726848,"Screening"
"CC(C)COc1ccc2c(c1)CCN(C(=O)C1CO1)C2",275.152143532,"Screening"
"C=CC(=O)N(CC)CC(=O)NCC1(CF)CC12CCOCC2",312.18492088,"Screening"
"C=CC(=O)Nc1ccc(N(C)C(=O)c2ccc(Cl)cc2)cc1",314.0822054,"Screening"
"O=Cc1cnc(-c2ccc(Br)cc2)s1",266.935346912,"Screening"
"O=Cc1coc2cc(Br)ccc2c1=O",251.94220612,"Screening"
"Cc1nn(-c2ccccc2Cl)c(Cl)c1C=O",254.001368236,"Screening"
"Cc1ccccc1Nc1nc(Cl)c(C=O)s1",252.012411588,"Screening"
"C=CCc1ccc(OCC2CO2)c(OC)c1",220.109944372,"Screening"
"COC(=O)c1[nH]c2cc(Br)ccc2c1C=O",280.968755216,"Screening"
"O=Cc1cn(Cc2ccccc2)nc1-c1ccc(Cl)cc1",296.07164071600005,"Screening"
"O=C(CCl)NCCN1CCN(Cc2ccccc2)CC1",295.145140004,"Screening"
"CC(C)(C)OC(=O)N1CC(n2cc(C=O)cn2)C1",251.126991404,"Screening"
"COc1cncc(NC(=O)OC(C)(C)C)c1C=O",252.111006992,"Screening"
"CC(C)(C)OC(=O)N1CCCc2ccc(C=O)nc21",262.131742436,"Screening"
"CC(C)(C)OC(=O)Nc1ccc(-c2cccc(C=O)n2)cc1",298.131742436,"Screening"
"Cc1cccn2c(=O)c(C=O)c(NCc3ccccc3)nc12",293.11642672000005,"Screening"
"N#CC(=Cc1ccccc1[N+](=O)[O-])C(=O)NCc1ccccc1",307.095691276,"Screening"
"Cn1cc(C=O)c2ccc(OCc3ccccc3)cc21",265.11027872,"Screening"
"Cc1nn(Cc2ccc(F)cc2)c(Cl)c1C=O",252.04656884,"Screening"
"Cc1cc(C=O)c(C)n1-c1cc(Cl)ccc1Cl",267.021769332,"Screening"
"CC(Cl)C(=O)N(c1nccs1)C1CCCCC1",272.075011844,"Screening"
"C=CS(=O)(=O)c1ccccc1S(=O)(=O)N(C)C",275.02859989600006,"Screening"
"Cc1n[nH]c(-c2ccccc2NC(=O)CCl)n1",250.062138652,"Screening"
"O=Cc1ccc(COc2ccc(F)cc2Cl)o1",254.014600016,"Screening"
"CC(Cl)C(=O)N1CCN(c2ccc(F)cc2)CC1",270.093519032,"Screening"
"Cc1cc(C)cc(N(CCC#N)C(=O)C(C)Cl)c1",264.102940844,"Screening"
"N#CCCn1cc(C=O)c(-c2cccc(Br)c2)n1",303.00072404,"Screening"
"O=Cc1cnn(Cc2ccccc2C(F)(F)F)c1",254.066697568,"Screening"
"CC(=O)N(c1nc(C=O)cs1)c1cccc(C)c1C",274.077598688,"Screening"
"O=Cc1c(N2CCOCC2)nc2ccccn2c1=O",259.095691276,"Screening"
"Cc1ccc(-c2nn(CCC(=O)O)cc2C=O)cc1",258.100442308,"Screening"
"O=Cc1cn(Cc2ccc(Cl)cc2)c2ccccc12",269.060741684,"Screening"
"O=Cc1cn(Cc2cccc(Cl)c2)c2ccccc12",269.060741684,"Screening"
"CC(Cl)C(=O)N1c2ccccc2Sc2ccc(Cl)cc21",322.99384033200005,"Screening"
"C=CCn1c(Cl)c(C=O)sc1=NS(=O)(=O)c1cccs1",347.94638282799997,"Screening"
"Cc1ccc(-n2c(C)cc3c2CCC(C=O)=C3Cl)cc1",285.092041812,"Screening"
"CN(C(=O)CCl)C(c1ccc(Cl)cc1)c1nccn1C",311.05921746,"Screening"
"N#CC(C(=O)Nc1nccs1)=C1N=C(N)c2ccccc21",295.05278090800005,"Screening"
"Cc1nn(Cc2ccccc2Cl)c(SCC(=O)O)c1C=O",324.03354095599997,"Screening"
"O=Cc1cn(-c2ccccc2)nc1C(=O)c1ccccc1",276.089877624,"Screening"
"COc1cc2c(cc1NC(=O)C(C)Cl)oc1ccccc12",303.066220988,"Screening"
"Cc1ccc(-n2cc(C=O)c(-c3ccc(F)cc3)n2)cc1",280.101191256,"Screening"
"O=Cc1c(Cl)nc(N2CCCCC2)n1-c1ccc(Cl)cc1",323.05921746,"Screening"
"CCSc1ccc(-c2nn(-c3ccccc3)cc2C=O)cc1",308.098334132,"Screening"
"O=Cc1cn(-c2ccccc2)nc1-c1ccc([N+](=O)[O-])cc1",293.080041212,"Screening"
"Cc1ccc(Cn2cc(C=O)c(-c3ccc(C)cc3)n2)cc1",290.14191319599996,"Screening"
"COc1cccc(-c2nn(-c3ccc(F)cc3)cc2C=O)c1",296.096105876,"Screening"
"C=CC(=O)Nc1ccc(CCC(=O)Nc2ccc3c(=O)n(C)c(=O)n(C)c3c2)cc1",406.164105184,"Screening"
"C=CC(=O)Nc1ccc(CCC(=O)Nc2nc3ccc(O)cc3s2)cc1",367.09906240400005,"Screening"
"C=CC(=O)Nc1ccc(CCC(=O)N2CCN(C(=O)c3ccccc3OC(F)F)CC2)cc1",457.18131272,"Screening"
"C=CC(=O)NCc1ccccc1C(=O)N1CCC(COc2cc(Cl)cc(Cl)c2)CC1",446.116397988,"Screening"
"C=CC(=O)NCc1ccccc1C(=O)NC(C)Cc1c[nH]c2ccc(F)cc12",379.169605164,"Screening"
"C=CC(=O)NCc1ccccc1C(=O)NCc1cc(C2CC2)nn1C",338.17427594400004,"Screening"
"C=CC(=O)NCc1ccccc1C(=O)N1CCc2ccc(C(=O)OC)cc21",364.14230711999994,"Screening"
"C=CC(=O)NCc1ccccc1C(=O)NC1(c2noc(C)n2)CCCCC1",368.184840628,"Screening"
"C=CC(=O)N1CCCC1c1ccc(C(=O)NC(CO)c2ccccc2)cc1",364.178692628,"Screening"
"C#CCCNC(=O)c1cn(CCC2CCCCN2C(=O)C=C)nn1",329.18517497600004,"Screening"
"N#Cc1cc(NC(=O)CCl)cc(-c2ccncc2)c1",271.05123962,"Screening"
"COCc1cccc(CN(C(=O)CCl)C2CC3(CCC3)C2)c1",321.14955668799996,"Screening"
"COc1nsc(CN(C(=O)CCl)[C@@H](C)C(C)(C)C)c1Cl",338.06225423999996,"Screening"
"CCn1ccc(CN(C(=O)CCl)[C@@H]2CCC[C@H]2OC)n1",299.140054624,"Screening"
"COc1c(C#N)cccc1CN(C(=O)CCl)[C@H]1CC[C@H](C#N)CC1",345.12440456,"Screening"
"O=C(CCl)N(Cc1ccc(CC2CC2)s1)CC1COCCO1",343.1008922439999,"Screening"
"Cn1cc(Cl)c(N(Cc2ccnn2C(C)(C)C)C(=O)CCl)n1",343.096665588,"Screening"
"Cc1nc(CN(C(=O)CCl)C2CCCc3ccccc32)oc1C",332.129155592,"Screening"
"COC1(CCN(Cc2nocc2C)C(=O)CCl)CCC1",300.124070212,"Screening"
"CC1(CN(Cc2cnn(C(F)(F)F)c2)C(=O)CCl)CCOC1",339.096139124,"Screening"
"O=C(CCl)N(Cc1cn(C2CCC2)nn1)CC1(F)CCCCC1",342.16226728799995,"Screening"
"Cc1ccc(CN(C(=O)CCl)C2CCOCC2)cc1OC(F)F",347.10997761999994,"Screening"
"Cn1cc(CN(C(=O)CCl)c2ccc(OC(F)F)cc2)nn1",330.0695097760001,"Screening"
"CC(C)OCc1ccc(N(Cc2cnsc2)C(=O)CCl)cc1",338.08557652800005,"Screening"
"Cc1c(Cl)cccc1CN(C(=O)CCl)[C@H]1CCC[C@@H]1O",315.079284208,"Screening"
"CC(C)c1nn(C)c(Cl)c1CN(C(=O)CCl)[C@H]1CCOC1",333.101082272,"Screening"
"COCC1(CN(Cc2ccc(OC)c(OC)c2)C(=O)CCl)CC1",341.13938592799997,"Screening"
"COC(=O)N1CC(N(Cc2cnsc2)C(=O)CCl)C1",303.04443998799997,"Screening"
"Cn1nncc1CN(CC(C)(C)C1CCCC1)C(=O)CCl",312.1716891,"Screening"
"O=C(CCl)N(Cc1cccc2nsnc12)C[C@@H]1CCCO1",325.065175432,"Screening"
"O=C(CCl)N(Cc1ccc2occc2c1)CC1(O)CCCOC1",337.10808579999997,"Screening"
"O=C(CCl)N(Cc1cccc(F)c1F)CC1(n2ccnn2)CC1",340.0902452200001,"Screening"
"O=C(CCl)N(Cc1ccc(F)cc1)CC1(CO)CC2CC2C1",325.124484812,"Screening"
"COCC(C)N(Cc1ccc(C)cc1OC)C(=O)CCl",299.128821244,"Screening"
"COCC(C)N(Cc1cc2ccccc2s1)C(=O)CCl",311.074677496,"Screening"
"C[C@@H](O)CN(Cc1ccc(C2CCC2)cc1)C(=O)CCl",295.13390662399996,"Screening"
"O=C(CCl)N(Cc1ccc(C2CCCC2)cc1)C[C@H]1C[C@@H](O)C1",335.16520675199996,"Screening"
"O=C(CCl)N(Cc1ccnn1C1CCC1)CC(C1CC1)C1CC1",335.176440132,"Screening"
"CCO[C@@H]1COC[C@H]1N(Cc1cc(CC)on1)C(=O)CCl",316.118984832,"Screening"
"COCn1nccc1CN(C(=O)CCl)C(C1CCC1)C1CCC1",339.171354752,"Screening"
"CO[C@@H]1CCCCC[C@H]1N(Cc1nn(C)cc1C)C(=O)CCl",327.17135475199996,"Screening"
"CO[C@@H]1CCCCC[C@H]1N(Cc1ccn(C(C)C)n1)C(=O)CCl",341.18700481599996,"Screening"
"COCc1ccccc1CN(CC1(C#N)CCCC1)C(=O)CCl",334.144805656,"Screening"
"CC(C)n1nccc1CN(C(=O)CCl)[C@@H]1COC[C@H]1F",303.11498274800005,"Screening"
"O=C(CCl)N(Cc1csc(C(F)(F)F)c1)[C@@H]1COC[C@H]1F",345.02134018399994,"Screening"
"CCn1nccc1CN(Cc1csnc1C)C(=O)CCl",312.081159844,"Screening"
"COC(=O)c1ccc(CN(CC2(C3CC3)CC2)C(=O)CCl)n1C",338.13972027600005,"Screening"
"CC(c1ccnn1C)N(Cc1ccc2ccccc2c1)C(=O)CCl",341.12948994,"Screening"
"CCn1cc(CN(Cc2ccc(C(C)(C)C)o2)C(=O)CCl)nn1",338.15095365600007,"Screening"
"CCc1nc(CN(C(=O)CCl)c2cccc3c2OCC3)cs1",336.069926464,"Screening"
"CCc1cc(CN(CC2CCOC(C)(C)C2)C(=O)CCl)on1",328.15537034,"Screening"
"CCC(=O)N1CC(N(Cc2ccn(C(F)F)n2)C(=O)CCl)C1",334.100809904,"Screening"
"Cc1nc(CCN(C[C@@H]2C[C@H]2c2ccccc2)C(=O)CCl)co1",332.129155592,"Screening"
"CO[C@H]1COC[C@H]1N(Cc1ccnn1C1CCC1)C(=O)CCl",327.134969244,"Screening"
"CO[C@H]1COC[C@H]1N(Cc1cc2cc(F)ccc2o1)C(=O)CCl",341.083013924,"Screening"
"CO[C@H]1COC[C@H]1N(Cc1cccc(C(N)=O)c1)C(=O)CCl",326.103334768,"Screening"
"COCc1ccccc1CN(C(=O)CCl)[C@H]1C[C@H]2OCCC[C@H]21",337.144471308,"Screening"
"COc1cc(CN(C(=O)CCl)[C@H]2C[C@H]3OCCC[C@H]32)ccc1F",341.119399432,"Screening"
"COc1ccc(C(C)N(Cc2cccn2C2CC2)C(=O)CCl)cc1",346.144805656,"Screening"
"CCOc1ccccc1CN(C(=O)CCl)C1CCCNC1=O",324.124070212,"Screening"
"CC1(C)Cc2cccc(N(Cc3cncs3)C(=O)CCl)c2O1",336.069926464,"Screening"
"COCn1nccc1CN(C(=O)CCl)C1CC12CCC2",297.12440456,"Screening"
"CC1(CN(Cc2cccc3c2CCCC3)C(=O)CCl)CCC(=O)N1",348.16045572,"Screening"
"COc1ccc(F)c(CN(CC2CCOC2(C)C)C(=O)CCl)c1",343.135049496,"Screening"
"COc1ccccc1[C@H](C)N(Cc1cnnn1C1CC1)C(=O)CCl",348.135303592,"Screening"
"Cc1cc(CN(C(=O)CCl)C2COC3(CCCC3)C2)sn1",328.10122659200005,"Screening"
"O=C(C1CC1)N1CC(N(Cc2ccc(CO)cc2)C(=O)CCl)C1",336.12407021200005,"Screening"
"CC(C)Cn1cc(CN(C(=O)CCl)c2cccc(C3CC3)c2)nn1",346.1560390360001,"Screening"
"C=CC(=O)N1Cc2ccccc2CC1CNC(=O)c1ocnc1-c1ccccc1",387.1582915320001,"Screening"
"C=CC(=O)N1CCn2ncc(CNC(=O)Cc3ccc4c(cnn4C)c3)c2C1",378.18042394400004,"Screening"
"C=CC(=O)NCCCN(C)C(=O)c1cc(-c2ccc(Cl)cc2)on1",347.103669116,"Screening"
"C=CC(=O)N1CC(O)(CNC(=O)c2cc(F)ccc2OC(C)C)C1",336.148535372,"Screening"
"C=CC(=O)N[C@@H]1CCCN(C(=O)CCc2ncc(C(C)(C)C)o2)C1",333.20524172399996,"Screening"
"C=CC(=O)N[C@@H]1CCCN(C(=O)c2cc(F)ccc2OC(C)C)C1",334.169270816,"Screening"
"C=CC(=O)N1CC(CC(C)NC(=O)C(C)=Cc2ccc(F)c(F)c2)C1",348.164934384,"Screening"
"C=CC(=O)N1CCN(C(=O)C2CC2c2cnn(C(C)C)c2)CC1CCO",360.21614075599996,"Screening"
"O=C(CCl)N(Cc1ccc(F)c(Cl)c1)[C@H]1CC[C@@H](CO)CC1",347.08551245999996,"Screening"
"COc1ccc(F)cc1CN(C(=O)CCl)[C@H]1C[C@@H](OC)C1",315.103749368,"Screening"
"Cc1cc(CN(CC2(C#N)CCOCC2)C(=O)CCl)ccc1F",338.11973378,"Screening"
"O=C(CCl)N(Cc1cccc(C(F)(F)F)c1)CC1C2COCC21",347.089991124,"Screening"
"COC(C)(CO)CN(Cc1ccc(F)cc1)C(=O)CCl",303.103749368,"Screening"
"Cc1ncc(CN(C(=O)CCl)c2cnn(CC(C)(C)C)c2)o1",324.13530359199996,"Screening"
"CCO[C@H]1C[C@@H](N(Cc2csnc2C)C(=O)CCl)C1",302.085576528,"Screening"
"Cc1cc(CN(CC(O)C2(C)CC2)C(=O)CCl)ccc1C#N",320.129155592,"Screening"
"C[C@@H](C1CCCC1)N(Cc1ccc2nccnc2c1)C(=O)CCl",331.145140004,"Screening"
"Cc1ncc(CN(CC2CC3(CCCC3)CO2)C(=O)CCl)o1",326.139720276,"Screening"
"O=Cc1ncc(Br)cc1OCc1ccc2ccncc2c1",342.00038969200006,"Screening"
"CN(C)C1(c2cn(-c3ccc(S(=O)(=O)F)cc3)nn2)CCNCC1",353.13217410000004,"Screening"
"Cc1c(COc2cc(Br)cnc2C=O)cccc1[N+](=O)[O-]",349.990218932,"Screening"
"C=CC(=O)N1CC(C(=O)N(C)Cc2cc(C)c(OCc3ccccc3C)c(C)c2)C1",406.22564282,"Screening"
"O=Cc1ncc(Br)cc1OCc1cc(Cl)cc(Br)c1",402.86103037600003,"Screening"
"COc1ccc(NC(=O)C(C#N)=Cc2ccc(-c3ccc(S(=O)(=O)N4CCOCC4)cc3)o2)cc1",493.130756456,"Screening"
"Cc1ccc(-n2c(C)cc(C=C(C#N)C(=O)N3CCn4c3nc3ccccc34)c2C)cc1",421.19026035600007,"Screening"
"N#CC(=Cc1ccc(N2CCOCC2)cc1)C(=O)Nc1ccc2c(c1)OCCO2",391.15320615199994,"Screening"
"CCOc1cc2c(cc1C=C(C#N)C(=O)Nc1nccs1)OC(C)C2",355.099062404,"Screening"
"Cc1c(NC(=O)C(C#N)=Cc2sc(N3CCOCC3)nc2-c2ccccc2)c(=O)n(-c2ccccc2)n1C",526.1787096920001,"Screening"
"N#CC(=Cc1c[nH]c2ccccc12)C(=O)Nc1ccccn1",288.101111004,"Screening"
"N#CC(=Cc1c(F)cccc1Cl)C(=O)Nc1cccc(S(=O)(=O)N2CCCCC2)c1",447.08196836800005,"Screening"
"Cc1cc(C=C(C#N)C(=O)N2CCn3c2nc2ccccc23)c(C)n1-c1cccc2ccccc12",457.19026035600007,"Screening"
"N#CC(=Cc1cccc(Oc2ccccc2)c1)C(=O)NC(N)=O",307.095691276,"Screening"
"COC(=O)c1ccc(COc2ccc(C=C(C#N)C(=O)Nc3ccc(OC)cc3)cc2OC)o1",462.1427010439999,"Screening"
"N#CC(=Cc1cccc(Cl)c1Cl)C(=O)Nc1ccc(N2CCOCC2)cc1",401.069782144,"Screening"
"CC(C)(C)c1ccc(Oc2ccc(C=C(C#N)C(=O)Nc3ccc4c(c3)OCCO4)cc2[N+](=O)[O-])cc1",499.17433551999994,"Screening"
"CC(=Cc1ccccc1)C=C(C#N)C(=O)Nc1nccs1",295.077933036,"Screening"
"CN(CC(=O)Nc1ccnn1Cc1ccccn1)S(=O)(=O)C=Cc1ccccc1",411.136510532,"Screening"
"N#CC(=Cc1c(F)cccc1F)C(=O)Nc1cc(Cl)ccc1N1CCOCC1",403.089910872,"Screening"
"COc1ccc2ccccc2c1C=C(C#N)C(=O)Nc1ccccc1C(F)(F)F",396.10856238,"Screening"
"CN(C)C(=O)c1ccc(NC(=O)C(C#N)=Cc2cccc(Cl)c2Cl)cc1",387.05413208,"Screening"
"N#CC(=Cc1ccccc1OCC(=O)O)C(=O)Nc1ccccc1Br",400.005868996,"Screening"
"O=c1cc(CN2CCN(S(=O)(=O)C=Cc3ccccc3)CC2)c2ccc(O)cc2o1",426.12494280399994,"Screening"
"C=CC(=O)Nc1ccc(C(=O)Nc2nc3cc(S(=O)(=O)N4CCCC4)ccc3o2)cc1",440.11544073999994,"Screening"
"COc1ccc(C2CCCN2C(=O)C2CCN(S(=O)(=O)c3cccnc3Cl)CC2)c(OC)c1",493.14381967599996,"Screening"
"CC1c2cccn2CCN1S(=O)(=O)C=Cc1ccc(Cl)cc1",336.06992646400005,"Screening"
"O=S(=O)(C=Cc1ccc(Cl)cc1)NCCc1ccco1",311.03829198799997,"Screening"
"O=S(=O)(C=Cc1ccc(Cl)cc1)N1CCN(Cc2ccc3c(c2)OCO3)CC1",420.09105583199994,"Screening"
"COc1cc(OC)c(NS(=O)(=O)C=Cc2ccccc2)cc1Cl",353.048856672,"Screening"
"CCc1cccc(N(C#N)Cc2nnc(-c3cccc(Br)c3)o2)c1",382.0429232,"Screening"
"Cc1nn(C)c(C)c1C=C(C#N)C(=O)Nc1ccccc1F",298.12298932000004,"Screening"
"N#CC(=Cc1c(-c2ccccc2)n(-c2ccccc2)c2ccccc12)C(=O)Nc1ccccc1F",457.15904048,"Screening"
"CCCCCCCCOc1ccc(C=C(C#N)C(=O)NC(C)c2ccccc2)cc1",404.246378264,"Screening"
"COC(=O)c1ccc(C=C(C#N)C(=O)Nc2cccc3ncccc23)cc1",357.11134134,"Screening"
"Cc1ccc(C=C(C#N)C(=O)Nc2cccc3ncccc23)c(C)c1",327.137162164,"Screening"
"N#CC(=Cc1cn(-c2ccccc2)nc1-c1cccs1)C(=O)Nc1cccc2ncccc12",447.11538116400004,"Screening"
"COc1cc(C=C(C#N)C(=O)Nc2cccc3ncccc23)ccc1OCC(C)C",401.17394159599996,"Screening"
"CCOCCCNC(=O)C(C#N)=Cc1cn(Cc2ccccc2)nc1-c1cccs1",420.16199700799996,"Screening"
"O=S(=O)(C=Cc1ccccc1)N1CCN(CCc2ccncc2)CC1",357.1510979760001,"Screening"
"COCCn1cc(NS(=O)(=O)C=Cc2ccc(C)cc2)ccc1=O",348.11437811999997,"Screening"
"C=CC(=O)Nc1ccc(C(=O)Nc2nc(-c3cccn3C)cs2)cc1",352.09939675199996,"Screening"
"C=CC(=O)N1CCC(C(=O)Nc2cnn(-c3cnc4ccccc4n3)c2)CC1",376.16477388000004,"Screening"
"COc1ccccc1C1C(N2CSCC2=O)C(=O)N1CCc1ccccc1",382.135113564,"Screening"
"Cn1cc(CN(C#N)c2ccc(F)c([N+](=O)[O-])c2)cn1",275.08185278,"Screening"
"O=C(c1cc(Cl)nc2ccccc12)N1CCN(S(=O)(=O)c2cccc(C(F)(F)F)c2)CC1",483.063124744,"Screening"
"COCCn1c(N)c(N(Cc2ccccc2)C(=O)c2cc(Cl)nc3ccccc23)c(=O)[nH]c1=O",479.13603186399996,"Screening"
"COCC(C)n1c(C)cc(C=C(C#N)C(=O)NC(C)c2nc3cc(OC)ccc3[nH]2)c1C",435.227039788,"Screening"
"O=S(=O)(C=Cc1ccc(Cl)cc1)Nc1ccc(OCC(F)(F)F)nc1",392.020925584,"Screening"
"CCc1cccc(N(C#N)C2CCN(CC(F)(F)F)C2=O)c1",311.124546792,"Screening"
"COc1ccc(NC(=O)c2nc(SC)ncc2Cl)cc1NS(=O)(=O)c1ccc(F)cc1",482.028552892,"Screening"
"CCc1cccc(N(C#N)Cc2coc(-c3ccc(OC)cc3)n2)c1",333.14772684800005,"Screening"
"COc1ccc(O)c(C=C(C#N)C(=O)NC2CCCCC2C)c1",314.163042564,"Screening"
"COc1ccc(O)c(C=C(C#N)C(=O)Nc2cccc3ccccc23)c1",344.116092372,"Screening"
"N#CC(=Cc1c(F)cccc1Cl)C(=O)NCc1cccnc1",315.0574678720001,"Screening"
"Cc1ccccc1COc1ccc(C=C(C#N)C(=O)Nc2ccc([N+](=O)[O-])cc2O)cc1",429.13247070799997,"Screening"
"COc1cc(C=C(C#N)C(=O)Nc2cccc(C(=O)O)c2)ccc1OCc1ccc(C)cc1",442.152871804,"Screening"
"CCOc1cc(C=C(C#N)C(=O)Nc2ccc(OC)cc2)ccc1OC(=O)c1ccc(C)cc1",456.16852186799997,"Screening"
"COc1ccc(C=C(C#N)C(=O)Nc2ccc(OC)cc2S(=O)(=O)N2CCOCC2)cc1",457.13075645600003,"Screening"
"N#CC(=Cc1cn(-c2ccccc2)nc1-c1cc2ccccc2o1)C(N)=O",354.111675688,"Screening"
"COc1cccc(NC(=O)C(C#N)=C2SCC(=O)N2c2ccc(C)cc2)c1",379.09906240400005,"Screening"
"COCCN1C(=O)CSC1=C(C#N)C(=O)NCCc1ccccc1",345.11471246800005,"Screening"
"COc1ccc(-c2nn(CCC(=O)O)cc2C=O)cc1OC",304.105921612,"Screening"
"N#CC(=Cc1ccccc1)C(=O)Nc1ccc(Cl)c(S(=O)(=O)Nc2ccc(Br)cc2)c1",514.97060212,"Screening"
"CCCCCCOc1ccc(-c2nn(-c3ccccc3)cc2C=C(C#N)C(=O)N2CCN(C)CC2)cc1",497.27907536000004,"Screening"
"CCc1ccc(NC(=O)C(C#N)=Cc2cc3ccc(C)cc3nc2N2CCOCC2)cc1",426.205576072,"Screening"
"Cc1c(NC(=O)C(C#N)=CC2CC=CCC2)c(=O)n(-c2ccccc2)n1C",362.174275944,"Screening"
"N#CC(=Cc1ccccc1)C(=O)N1CCN(Cc2ccccc2)CC1",331.168462292,"Screening"
"CCCCc1ccc2c(c1)sc1nc(-c3ccc(OC)cc3)c(C=O)n12",364.12454888,"Screening"
"CN(c1ccccc1)c1ccc(C=C(C#N)C(=O)Nc2cccc3ncccc23)cc1",404.16371126,"Screening"
"N#CC(=Cc1c2ccccc2cc2ccccc12)C(=O)NC1CCCCC1",354.173213324,"Screening"
"COc1ccc(C2N(c3ccc(OCc4ccccc4)cc3)C(=O)C2(F)F)cc1OC",425.143864592,"Screening"
"COc1ccc(OC2C(=O)N(CCc3c[nH]c4ccccc34)C2c2ccc(C#N)cc2)cc1",437.1739415960001,"Screening"
"CC(C)(CN1C(=O)C(Oc2ccccc2F)C1c1cc(F)ccc1F)N1CCOCC1",434.18172732000005,"Screening"
"CN1CCN(c2nc3ccccn3c(=O)c2C=O)CC1",272.127325752,"Screening"
"O=C(CCNS(=O)(=O)C=Cc1ccccc1)NCC1(c2ccc3c(c2)OCCO3)CCCC1",470.18754305999994,"Screening"
"CCNC(=O)COc1ccc(C2C(Oc3ccccc3)C(=O)N2CCC(C)C)cc1OC",440.23112212399997,"Screening"
"CCN1CCN(c2nc3c(C)cccn3c(=O)c2C=O)CC1",300.15862588,"Screening"
"Cc1cccn2c(=O)c(C=O)c(N3CCN(c4ccc(F)cc4)CC3)nc12",366.149204068,"Screening"
"CC1=CSC(=C(C#N)C(=O)NCc2ccco2)N1c1ccccc1",337.08849772,"Screening"
"CCCn1c(C)cc(C=C(C#N)C(=O)N(CC)Cc2cccs2)c1C",355.17183342,"Screening"
"CCS(=O)(=O)N(C)CCCNC(=O)C(C#N)=Cc1ccc(C)cc1",349.14601259600005,"Screening"
"CCOCCN1C(=O)C(Oc2ccccc2OC)C1c1ccc(F)cc1F",377.143864592,"Screening"
"CN(CC(=O)N1CCC(c2nc3ccccc3o2)CC1)S(=O)(=O)C=Cc1ccccc1",439.15657727999996,"Screening"
"COCC(C)n1c(C)cc(C=C(C#N)C(=O)Nc2cc(C)ccn2)c1C",352.189926008,"Screening"
"O=S(=O)(C=Cc1ccc(Cl)cc1)N1CCCC1c1ccc2c(c1)OCCCO2",419.09580686399994,"Screening"
"Cc1ccc(C2C(Oc3ccccc3F)C(=O)N2CCCCN2CCOCC2)cc1C",426.23187107200005,"Screening"
"COCCCCN1C(=O)C(Oc2ccccc2F)C1c1ccc(C#N)cc1",368.15362075200005,"Screening"
"COCCCCN1C(=O)C(Oc2ccccc2C)C1c1cccc(OC)c1",369.194008344,"Screening"
"COCCCCN1C(=O)C(Oc2ccc(C)cc2C)C1c1ccc(C#N)cc1",378.194342692,"Screening"
"COc1cccc(OC2C(=O)N(CCCCN3CCOCC3)C2c2cccc(OC)c2)c1",440.23112212399997,"Screening"
"CC(C)[C@H](NS(=O)(=O)C=Cc1ccccc1)C(=O)OCC(=O)c1c[nH]c2ccccc12",440.140592868,"Screening"
"COc1cc(C=O)cc(Cl)c1OCC(=O)NCc1ccco1",323.056050228,"Screening"
"CCOc1ccc(CN(C)CN2C(=O)CC2(C)C)cc1",276.183778008,"Screening"
"Cc1c(C=C(C#N)C(=O)NCc2coc(-c3cccs3)n2)cc(C#N)n1C",377.09464572000013,"Screening"
"N#CC(=Cc1ccc(-c2nc3ccccc3s2)o1)C(=O)Nc1ccncc1",372.068096624,"Screening"
"N#CN(Cc1noc(C2CC2)n1)c1ccc(F)c(Br)c1",336.00220126,"Screening"
"O=[N+]([O-])c1ccc(S(=O)(=O)C=Cc2cc(Cl)c3c(c2)OCO3)cc1",366.99173571999995,"Screening"
"Cc1nc(COc2ccccc2C(=O)N2CCN(S(=O)(=O)C=Cc3ccccc3)CC2)cs1",483.12864828,"Screening"
"COc1ccc(B(O)O)c(C=O)c1OCC(=O)Nc1ccccc1S(C)(=O)=O",407.0846179359999,"Screening"
"COc1ccc(-c2nc(COc3cc(B(O)O)c(C=O)cc3OC)cs2)c(OC)c1",429.10535337999994,"Screening"
"COc1cc(C=O)c(B(O)O)cc1OCc1cc2c(cc1Br)C(C)(C)CCC2(C)C",474.12131649599996,"Screening"
"O=C(CCl)NCCS(=O)(=O)c1cn[nH]c1",251.01313986,"Screening"
"C=CS(=O)(=O)NCc1c(Br)cccc1OC",304.97212634399995,"Screening"
"C=CS(=O)(=O)NCCC1CCC(F)(F)CC1",253.094806224,"Screening"
"O=Cc1cc(C(=O)NCCCC(F)(F)C(F)(F)F)ccc1B(O)O",353.085779396,"Screening"
"O=Cc1cc(C(=O)NC2CCC3(CCCCO3)CC2)ccc1B(O)O",345.17475326799996,"Screening"
"O=Cc1cc(C(=O)Nc2ccc(CN3CCOCC3)c(C(F)(F)F)c2)ccc1B(O)O",436.1417368,"Screening"
"COc1ccc(C2COCCN2C(=O)c2ccc(B(O)O)c(C=O)c2)cc1",369.13836775999994,"Screening"
"CC(C)(C)CCN(CCc1ccccc1)C(=O)c1ccc(B(O)O)c(C=O)c1",381.2111387759999,"Screening"
"COc1ccc2c(c1)CC(NC(=O)c1ccc(B(O)O)c(C=O)c1)CC2",353.14345313999996,"Screening"
"COc1ccc(NC(=O)c2ccc(B(O)O)c(C=O)c2)cc1C#N",324.0917519160001,"Screening"
"O=Cc1cc(C(=O)N2CCOc3cccc(F)c3C2)ccc1B(O)O",343.1027312,"Screening"
"CC(F)(F)C(CNC(=O)c1ccc(B(O)O)c(C=O)c1)c1ccccc1",361.129694896,"Screening"
"Cn1ccnc1C(NC(=O)c1ccc(B(O)O)c(C=O)c1)C(F)(F)F",355.095120956,"Screening"
"C=CS(=O)(=O)NCc1cccc(Br)n1",275.956810628,"Screening"
"CC1(Cn2cc(-c3cncc(C=O)c3)nn2)COC1",258.111675688,"Screening"
"Cc1noc(C(=O)N2CCN(CC(C)C)CC2)c1C=O",279.158291532,"Screening"
"O=C(CCl)Nc1ccc2c(c1)[nH]c(=O)n2C1CC1",265.061804304,"Screening"
"CCOC(=O)c1nc([C@H](CC)NC(=O)CCl)n[nH]1",274.08326802000005,"Screening"
"O=C(CCl)N1CCCc2c1cnn2-c1ccccc1",275.082539748,"Screening"
"CC(COc1ccccc1)(NC(=O)CCl)C(=O)O",271.061135608,"Screening"
"CO[C@H]1CCC[C@H]1N(Cc1c(Cl)c(C)nn1C)C(=O)CCl",333.101082272,"Screening"
"COc1ccc(Cl)cc1CN(C(=O)CCl)[C@H]1COC[C@@H]1O",333.053463384,"Screening"
"CO[C@H]1CCC[C@H]1N(Cc1ccn(CCF)n1)C(=O)CCl",317.130632812,"Screening"
"CC(C)(C)c1csc(CN(C(=O)CCl)[C@H]2COC[C@@H]2O)n1",332.096141212,"Screening"
"COc1cc(C#N)ccc1CN(CC(O)C(C)(C)C)C(=O)CCl",338.139720276,"Screening"
"COc1cc(C#N)ccc1CN(CC1(CO)CCC1)C(=O)CCl",336.124070212,"Screening"
"O=C(CCl)N(Cc1ccc2c(c1)CCCC2)[C@H]1CC[C@H](O)C1",321.14955668799996,"Screening"
"O=C(CCl)Nc1cccc(S(=O)(=O)NC(=O)c2ccccc2)c1",352.02845557600006,"Screening"
"O=Cc1cc(C(=O)N2CCC3(CC2)C(=O)NCc2ccccc23)ccc1B(O)O",392.154352172,"Screening"
"O=Cc1cc(C(=O)NCCn2c(C(F)(F)F)nc3cccnc32)ccc1B(O)O",406.10601998799996,"Screening"
"COC(=O)[C@@H]1CCO[C@H]1C1CCN(C(=O)c2ccc(B(O)O)c(C=O)c2)CC1",389.1645825079999,"Screening"
"N#C[C@@]12CN(C(=O)c3ccc(B(O)O)c(C=O)c3)C[C@H]1CS(=O)(=O)C2",362.07438759999997,"Screening"
"CCc1cc(=O)[nH]c(C(C)(CC)NC(=O)c2ccc(B(O)O)c(C=O)c2)n1",371.16525120399996,"Screening"
"CC1CN(C(=O)c2ccc(B(O)O)c(C=O)c2)CCN1c1nccn2cnnc12",394.15608348800015,"Screening"
"CO[C@H]1C[C@H](c2nc(C3CC3)no2)N(C(=O)c2ccc(B(O)O)c(C=O)c2)C1",385.14451575999993,"Screening"
"COC(=O)C1CC(NC(=O)c2ccc(B(O)O)c(C=O)c2)(c2ccc(O)cc2)C1",397.13328237999997,"Screening"
"O=Cc1cc(C(=O)N2CC=CCC3(CCOCC3)C2)ccc1B(O)O",343.15910320399996,"Screening"
"CP(C)(=O)C1CCC(NC(=O)c2ccc(B(O)O)c(C=O)c2)C1",337.125039802,"Screening"
"Cc1nn(C)c2c1N(C(=O)c1ccc(B(O)O)c(C=O)c1)CCS2",345.09545739199996,"Screening"
"COc1ccc(C2CCCCCN2C(=O)C2CCN(S(=O)(=O)C=Cc3ccccc3)CC2)cc1",482.22392856799996,"Screening"
"COC(=O)CC(NC(=O)C(C#N)=Cc1cc(C)n(CC(C)C)c1C)c1ccccc1",407.220891788,"Screening"
"CNC(=O)C1CN(S(=O)(=O)C=Cc2ccc(Cl)cc2)c2ccccc2O1",392.059755704,"Screening"
"C=CC(=O)Nc1ccc(C(=O)Nc2cc(C)n(-c3nc(C)cc(C)n3)n2)cc1",376.16477388000004,"Screening"
"C=CC(=O)N1CCC(C(=O)Nc2cc(S(=O)(=O)N3CCCC3)ccc2O)CC1",407.1514919,"Screening"
"CCN(CC)C(=O)CCCN1C(=O)C(n2cnnn2)C1c1ccc(C(C)C)cc1",398.2430242,"Screening"
"Cc1cn2c(C=C(C#N)C(=O)Nc3ccccc3C(F)(F)F)c(C)nc2s1",390.0762166960001,"Screening"
"C=CCNC(=O)C(C#N)=Cc1csc(N(CC)C(C)=O)n1",304.09939675199996,"Screening"
"N#CN(Cc1nnnn1C1CC1)c1ccc(F)c(Br)c1",336.01343463999996,"Screening"
"COC(=O)CN(C)c1nc2ccc(C)cn2c(=O)c1C=O",289.10625596,"Screening"
"CCN(C(C)=O)c1nc(C=C(C#N)C(=O)Nc2c(C)cccc2C)cs1",368.13069687999996,"Screening"
"N#Cc1c(CSc2ccc(Cl)cc2)c(C=O)n2ccccc12",326.028061652,"Screening"
"CCOC(=O)c1c(NC(=O)COC(=O)c2nc(SC)ncc2Cl)sc2c1CCC(C)C2",483.06894048400005,"Screening"
"CSc1ncc(Cl)c(C(=O)N2CCN(S(=O)(=O)c3cccc(C(F)(F)F)c3)CC2)n1",480.03044471199996,"Screening"
"N#CC(=Cc1cccc(OCC2CCCCC2)c1)C(=O)Nc1nccs1",367.135447912,"Screening"
"O=S(=O)(NC1CCN(S(=O)(=O)C=Cc2ccc(Cl)cc2)CC1)c1cccs1",446.019547768,"Screening"
"COc1c(O)cccc1C=C(C#N)C(=O)Nc1nc(C(C)(C)C)cs1",357.11471246800005,"Screening"
"N#CC(=Cc1ccc(OCCO)cc1Br)C(N)=O",309.99530431200003,"Screening"
"N#CC(=Cc1cc2ccccc2o1)C(=O)NCc1ccco1",292.08479224399997,"Screening"
"C=CC(=O)NCc1ccc(C(=O)Nc2cc(C)nn2C2CC3CCC2C3)cc1",378.205576072,"Screening"
"O=Cc1ccc(N2CCCC(c3nc4ccccc4[nH]3)C2)c([N+](=O)[O-])c1",350.13789043599996,"Screening"
"O=S(=O)(C=Cc1ccccc1Br)N(CCCO)Cc1ccncc1",410.029975568,"Screening"
"CCc1cccc(N(C#N)CC(=O)N2CCNC(=O)C2)c1",286.142975816,"Screening"
"N#CC(=Cc1ccc(Cl)s1)C(=O)Nc1ccccc1C(=O)O",332.00224082799997,"Screening"
"C=CC(=O)N1CCC(C(=O)Nc2cc(F)c(N3CCOCC3)cc2F)CC1",379.170748036,"Screening"
"O=Cc1ccc(N2CCN(c3ncnc4[nH]ncc34)CC2)s1",314.094980068,"Screening"
"COc1ccc(NS(=O)(=O)c2cc(NC(=O)c3ccnc(F)c3)ccc2N2CCOCC2)cc1",486.137319056,"Screening"
"O=C1CC2(CCN(c3nc(C=Cc4ccccc4)nc4sc5c(c34)CCCC5)CC2)N1",430.182732452,"Screening"
"C=CC(=O)NCCNC(=O)C(NC(=O)Cc1ccccc1)C(C)C",331.18959166,"Screening"
"C=CC(=O)Nc1ccc(C(=O)N(C)C2CCCc3nc(C)sc32)cc1",355.135447912,"Screening"
"CN(C)Cc1cccc(CCNC(=O)C(C#N)=Cc2ccco2)c1",323.163376912,"Screening"
"C=CC(=O)NCCNC(=O)C1(c2cccc(C)c2)CCCC1",300.183778008,"Screening"
"C=CC(=O)NCCNC(=O)c1nc(-c2ccc(F)cc2)n2c1CCCCC2",370.180504196,"Screening"
"O=C(NCCN1CCOCC1)Nc1ccc(N2CCC2=O)cc1",318.16919056399996,"Screening"
"COC(=O)c1cc(C=C(C#N)C(=O)Nc2ccccc2C)cn1C",323.1269914040001,"Screening"
"CCc1cccc(N(C#N)Cc2cccc(C(N)=O)c2)c1",279.137162164,"Screening"
"O=C(OC(c1cc(F)cc(F)c1)C(F)(F)F)C1CCN(S(=O)(=O)c2cccnc2Cl)CC1",498.043946772,"Screening"
"CCOC(=O)C1CCN(c2nc3c(C)cccn3c(=O)c2C=O)CC1",343.153206152,"Screening"
"COCCN(Cc1cccc(-c2cnn(C)c2)c1)C(=O)CCl",321.12440455999996,"Screening"
"C=CC(=O)N(Cc1cccc(OC2CC2)c1F)c1cnn(C)c1",315.138305036,"Screening"
"Cn1cc(CN(Cc2ccc(F)cc2)C(=O)CCl)cn1",295.0887680000001,"Screening"
"Cn1nccc1CN(CCc1ccc2c(c1)OCCO2)C(=O)CCl",349.11931917999993,"Screening"
"C=CC(=O)N(Cc1cn(C(C)(C)C)nn1)c1cccc(-c2nnnn2C)c1",366.1916573240001,"Screening"
"C=CC(=O)N(Cc1cnn(CC)n1)c1ccc(Cl)c(OC)c1",320.10400346399996,"Screening"
"C=CC(=O)N(CCCn1cccn1)Cc1ccsc1C(F)(F)F",343.09661779199996,"Screening"
"C=CC(=O)N(Cc1ccc(C(C)(C)O)cc1)c1cccc(C(=O)NC)c1C",366.194342692,"Screening"
"O=C(CCl)N(Cc1ccc2occc2c1)CC1CCOC1",307.09752111599994,"Screening"
"C=CC(=O)N(Cc1ccccc1OCC1CC1)CC1(C(N)=O)CCOCC1",372.20490737599994,"Screening"
"C=CC(=O)N(Cc1cncc(OCC)c1)CC1CC=CCC1",300.183778008,"Screening"
"C=CC(=O)N(Cc1ccn(C(F)F)n1)c1ccn(CCOC)n1",325.13503122400004,"Screening"
"O=C(CCl)N(Cc1ccon1)Cc1cccc2c1OCCCO2",336.08768470399997,"Screening"
"Cc1cccc(CN(CCCF)C(=O)CCl)c1F",275.088848252,"Screening"
"C=CC(=O)N(Cc1ccccc1CC)CC1(OC)CCOCC1",317.199093724,"Screening"
"C=CC(=O)N(CC(C)C)c1ccc2c(c1)N(C(=O)NCC)CC2",315.19467704,"Screening"
"C=CC(=O)N(Cc1ccccc1-c1ccnn1C)CC1CCN(C)C(=O)C1",366.205576072,"Screening"
"C=CC(=O)N(Cc1cnn(CC(F)(F)F)c1)c1ccc2nc(C3CC3)oc2c1",390.130360444,"Screening"
"C=CC(=O)N(Cc1cnn(C)c1)Cc1ccc(F)cc1CSC",333.13111147999996,"Screening"
"C=CC(=O)N(Cc1ccnn1CC)c1ccc(C)c(-c2nc(C)co2)c1",350.174275944,"Screening"
"C=CC(=O)N(Cc1cnc(C2CCC2)s1)CC(c1ccnn1C)C(C)C",372.19838251600004,"Screening"
"N#Cc1ccc(CN(CC2CCOC3(CCC3)C2)C(=O)CCl)cc1",346.144805656,"Screening"
"Cn1c(N)c(-c2csc(-c3ccc(OS(=O)(=O)F)cc3)n2)c(=O)n(C)c1=O",412.031139736,"Screening"
"CCN1CCN(C(=O)c2cc(Cl)ccc2OS(=O)(=O)F)CC1",350.0503338919999,"Screening"
"O=C(NCc1cccnc1)c1ccc(OS(=O)(=O)F)c(Cl)c1",344.0033837,"Screening"
"C=CS(=O)(=O)N1C[C@H](COC)OC(C)(C)C1",249.103479088,"Screening"
"Cc1noc(C)c1-c1ccc(OCC2CO2)cc1",245.10519334,"Screening"
"CCN1C(=O)CCc2c(OCC3CO3)cccc21",247.120843404,"Screening"
"N#Cc1ccc(-c2ccc(OCC3CO3)cc2)cc1",251.094628656,"Screening"
"O=C(c1ccc(OCC2CO2)c(Cl)c1)N1CCOCC1",297.07678567199997,"Screening"
"O=S1(=Nc2ccc(OCC3CO3)cc2)CCCC1",267.092914404,"Screening"
"CC(Cl)C(=O)N(C)C[C@@H]1OCCN(C)[C@H]1c1cnn(C)c1",314.150953656,"Screening"
"CC(Cl)C(=O)N1CC(c2ccccc2)C2COCCC21",293.11825655999996,"Screening"
"CC(Cl)C(=O)N1CCN(C)C(c2nc(C3CC3)no2)C1",298.119653528,"Screening"
"CC(Cl)C(=O)N1CCCC(n2ccc(C(F)(F)F)n2)C1",309.0855744400001,"Screening"
"CC(Cl)C(=O)N1C[C@H](C(=O)N2CCOCC2)[C@@H](C)C1",288.124070212,"Screening"
"COc1ccc(C(C)(O)C2CCCN2C(=O)C(C)Cl)cc1",311.128821244,"Screening"
"CNC(=O)c1ccc(C2CCCCN2C(=O)C(C)Cl)n1C",311.140054624,"Screening"
"Cc1cc(C=O)c(C)n1-c1cccc(C(=O)NC2Cc3ccncc3C2)c1",359.16337691200005,"Screening"
"C=CC(=O)Nc1ccc(C(=O)N(C)CC2(C)CCCO2)cc1",302.163042564,"Screening"
"CNCC(C)(O)Cn1cc(-c2ccc(S(=O)(=O)F)cc2)nn1",328.1005396240001,"Screening"
"C=CC(=O)N(C)CC(=O)NCCn1cc(Cl)c(C(F)(F)F)n1",338.07573802800005,"Screening"
"C=CC(=O)Nc1ccc(C(=O)N2CC(C(=O)OC)CC23CCCC3)cc1",356.173607248,"Screening"
"COc1ccc(C=O)cc1C(=O)N1CC[C@H]2OCC(=O)N[C@H]2C1",318.12157167600003,"Screening"
"C=CC(=O)N1CCC(C(=O)N2CCc3c(c(C(F)(F)F)nn(C)c3=O)C2)CC1",398.15657519200005,"Screening"
"COc1ccc(-c2nn(-c3ccccc3)cc2C=O)cc1OC",308.11609237199997,"Screening"
"O=CC1=C(N2CCOCC2)C(=Cc2ccc([N+](=O)[O-])cc2)CC1",314.126657056,"Screening"
"Cc1c(C=O)c2ccccn2c1C(=O)c1cccc([N+](=O)[O-])c1",308.07970686399995,"Screening"
"O=C(CCl)N1CCN(S(=O)(=O)c2ccc(C(F)(F)F)cc2)CC1",370.036575648,"Screening"
"O=Cc1ccc(-c2ccc(S(=O)(=O)Nc3ccccc3)cc2)o1",327.056528896,"Screening"
"O=Cc1cc([N+](=O)[O-])ccc1N1CCN(c2ccccc2)CC1",311.126991404,"Screening"
"O=C(CCl)NC(Cn1cnc2ccccc21)c1ccc(F)cc1",331.088768,"Screening"
"COc1cc(Cl)c(C)cc1NC(=O)c1ccccc1NC(=O)CCl",366.05379773199996,"Screening"
"O=C(O)CC1CN(S(=O)(=O)C=Cc2ccccc2)c2ccccc21",343.08782902400003,"Screening"
"Cc1ccc(C=CS(=O)(=O)NC(C)c2ccc(-n3cncn3)cc2)cc1",368.1306968800001,"Screening"
"COc1ccc(-n2c(C)cc(C=C(C#N)C(=O)NC3CCS(=O)(=O)C3)c2C)cc1",413.14092721599997,"Screening"
"O=Cc1c(Cl)ncn1-c1cccc2ccccc12",256.040340588,"Screening"
"CC(Oc1ccc(F)cc1Br)C(=O)Nc1ccc(N2CCC2=O)cc1",406.032832692,"Screening"
"N#Cc1ccccc1-c1ccccc1C(=O)Nc1ccc(N2CCC2=O)cc1",367.132076784,"Screening"
"O=C(COC(=O)c1nc(Cl)ccc1Cl)Nc1cccc(S(=O)(=O)N2CCOCC2)c1",473.021511624,"Screening"
"CCOc1cc(N2CCOCC2)c(OCC)cc1NC(=O)COC(=O)c1nc(Cl)ccc1Cl",497.11204088,"Screening"
"CCOCCCNC(=O)C(C#N)=Cc1csc(N(C(C)=O)c2ccc(OC)cc2)n1",428.15182624799996,"Screening"
"C=CC(=O)NCc1ccc(C(=O)N2CCCC(Oc3ccccc3Cl)C2)cc1",398.13972027600005,"Screening"
"N#CN(Cc1ccn(-c2c(F)cccc2F)n1)c1ccccc1",310.103002824,"Screening"
"N#CN(Cc1coc(-c2c(F)cccc2F)n1)c1ccccc1",311.087018412,"Screening"
"COC(=O)N1CCCC(NC(=O)c2ccc(C=O)[nH]2)C1",279.12190602400005,"Screening"
"N#CC(=Cc1ccco1)C(=O)NS(=O)(=O)CC1CCCCO1",324.07799261199995,"Screening"
"Cn1ncc2c(NC3CN(c4ccc(F)cc4)C3=O)ncnc21",312.11348725600004,"Screening"
"CCc1oc2ccccc2c1C=C(C#N)C(=O)Nc1nccs1",323.072847656,"Screening"
"N#CC(=Cc1cnn(Cc2ccccc2Cl)c1)C(=O)NC(N)=O",329.067952304,"Screening"
"CC1CN(C(=O)C(C#N)=Cc2c(Cl)cccc2Cl)CC(C)O1",338.05888311199993,"Screening"
"CCCn1c(C)cc(C=C(C#N)C(=O)N2CCC(C(=O)c3ccc(C)cc3C)CC2)c1C",431.257277296,"Screening"
"COCC(C)n1c(C)cc(C=C(C#N)C(=O)NCC(=O)NCC(F)(F)F)c1C",400.17222525600005,"Screening"
"COCCn1c(C)cc(C=C(C#N)C(=O)NC2COc3ccccc32)c1C",365.173941596,"Screening"
"Cc1cc(CNC(=O)C(C#N)=Cc2cc(C)n(C3CCCCC3)c2C)on1",366.205576072,"Screening"
"CC(NC(=O)COC(=O)c1ccc(C=O)cc1)c1ccccc1",311.115758024,"Screening"
"CC1CC(C)CN(C(=O)COC(=O)c2ccc(C=O)cc2)C1",303.147058152,"Screening"
"CCCn1c(C)cc(C=C(C#N)C(=O)NCCNC(=O)Cc2ccccc2)c1C",392.221226136,"Screening"
"COC(=O)c1ccc(NC(=O)COc2cccc(C=O)c2)cc1",313.09502258000003,"Screening"
"COc1cc(Br)c(S(=O)(=O)NC(=O)C(C#N)=Cc2ccco2)cc1OC",439.967769236,"Screening"
"CC(=O)N1CC(C(=O)N(Cc2ccccc2)S(=O)(=O)C=Cc2ccccc2)Oc2ccccc21",476.14059286799994,"Screening"
"CC(C)Cc1cc(C(=O)NS(=O)(=O)C=Cc2ccccc2)[nH]n1",333.11471246800005,"Screening"
"COCc1nc(C(=O)NS(=O)(=O)C=Cc2ccccc2)cs1",338.039498928,"Screening"
"N#CC(=Cc1cc2ccccc2nc1O)C(=O)Nc1cccc2ccccc12",365.11642672,"Screening"
"C=CC(=O)NCc1ccc(C(=O)N2CCC(C(O)c3cn(C)c(=O)n(C)c3=O)CC2)cc1",440.20596999599996,"Screening"
"COCCCN1C(=O)C(Oc2ccccc2F)C1c1ccccc1OC",359.15328640399997,"Screening"
"Cc1nn(C2CCS(=O)(=O)C2)c2ncc(C=C(C#N)C(=O)Nc3cccc4ccccc34)cc12",471.13651053200005,"Screening"
"CCCCc1ccc(NC(=O)C(C#N)=Cc2cnc(N3CCOCC3)s2)cc1",396.16199700799996,"Screening"
"COc1ccccc1C=CC=C(C#N)C(=O)NC1CCCCC1C",324.183778008,"Screening"
"O=S1(=O)CCN(c2cc(NS(=O)(=O)C=Cc3ccc(Cl)cc3)ccc2F)CC1",444.038054956,"Screening"
"N#CC(=Cc1cccc2c1OCCCO2)C(=O)Nc1nccs1",327.06776227600005,"Screening"
"O=S(=O)(C=Cc1ccccc1)N(Cc1coc(-c2ccccc2)n1)Cc1ccco1",420.11437811999997,"Screening"
"Cc1cc(C=O)cc(C)c1OCC(=O)Nc1ccc(C(F)(F)F)cc1",351.108228032,"Screening"
"Cc1ccccc1NC(=O)C(C#N)=Cc1cc(C)n(CC(C)C)c1C",335.19976242,"Screening"
"O=Cc1cn(CC(=O)NCCCN2C(=O)COc3ccccc32)c2ccccc12",391.15320615200005,"Screening"
"CSc1ncccc1C(=O)Nc1cc(S(=O)(=O)N2CCCCC2)ccc1N1CCCCC1",474.17593282,"Screening"
"CCOC(=O)c1c(-c2ccc(F)cc2)csc1NC(=O)C(C#N)=Cc1cc(C)n(-c2ccc(Cl)cc2)c1C",547.113268496,"Screening"
"CN(CC(=O)Nc1cccc2ccccc12)C(=O)C1CCN(S(=O)(=O)C=Cc2ccccc2)CC1",491.18787740799996,"Screening"
"CSc1ncccc1C(=O)N(CC(=O)Nc1ccc(Cl)c(C(F)(F)F)c1)Cc1ccco1",483.063124744,"Screening"
"Cc1cc(C=C(C#N)C(=O)Nc2ccc(SC(F)F)cc2)c(C)n1-c1cc(Cl)ccc1Cl",491.04374496400004,"Screening"
"Cc1nc(CN(C#N)c2ccc(F)c(C#N)c2)cs1",272.05319550800004,"Screening"
"C=CC(=O)N(CCCn1ccnc1)Cc1ccccc1OCC",313.179026976,"Screening"
"C=CC(=O)N(Cc1ccc(OC)cc1)C1CCS(=O)(=O)C1",309.103479088,"Screening"
"C=CC(=O)NC1CCN(c2cccc(OC(F)(F)F)c2)C1",300.10856238,"Screening"
"C=CC(=O)N1CCN(C(=O)c2cccc(S(C)(=O)=O)c2)CC1",322.09872805599997,"Screening"
"C=CC(=O)Nc1ccc(S(=O)(=O)N2CC(C)CC(C)C2)cc1",322.135113564,"Screening"
"CC(Cl)C(=O)NC(C)(C)c1cc(C(F)(F)F)on1",284.053939964,"Screening"
"CC(Cl)C(=O)N1CCC(C(F)(F)F)C2(CCOCC2)C1",313.105641188,"Screening"
"O=C(CCl)NCc1nccc(C(F)(F)F)n1",253.022974184,"Screening"
"C=CC(=O)N1CCC(C(=O)Nc2n[nH]c3nnc(C)c(C)c23)CC1",328.16477388,"Screening"
"C=CC(=O)N1CCC(C(=O)NOC(C)(C)C(=O)OCC)CC1",312.16852186799997,"Screening"
"C=CC(=O)N1CCC(C(=O)N2CCCC2(C)Cc2ccc(C(F)F)cc2)CC1",390.211884576,"Screening"
"C=CC(=O)NCCC(=O)NCC(O)c1cc(F)c(F)c(F)c1",316.10347700000005,"Screening"
"C=CS(=O)(=O)N1CCCCC(C)C1",203.097999784,"Screening"
"NC(=O)C1CCN(c2ccc(Nc3ncc(C=O)cn3)cc2)CC1",325.15387484800004,"Screening"
"Cc1noc(CCCOc2c(C)cc(Br)cc2C=O)n1",338.02660444,"Screening"
"COc1nc(C(F)(F)F)ccc1-c1ccc(N2CCC2=O)cc1",322.09291231599997,"Screening"
"CC(C)(C)OC(=O)C1CCCN(c2ccc(C=O)o2)C1",279.147058152,"Screening"
"C=CC(=O)N(C)CC(=O)Nc1ccc(C)c(S(=O)(=O)N2CCCCC2)c1",379.15657728,"Screening"
"C=CC(=O)N(C)CC(=O)NCCc1ccc2c(c1)OCCO2",304.14230712,"Screening"
"C=CC(=O)N(C)CC(=O)N1CCCC(c2nnc3ccc(C(F)(F)F)cn23)C1",395.15690954,"Screening"
"C=CC(=O)N(C)CC(=O)N1CCCC(C(=O)Nc2ccc(Cl)cn2)C1",364.13021821200005,"Screening"
"C=CC(=O)N(C)CC(=O)NC(CC)c1ccc2c(c1)OCCO2",318.157957184,"Screening"
"C=CC(=O)N(C)CC(=O)N1CCc2cc(S(=O)(=O)N3CCOCC3)ccc21",393.135841836,"Screening"
"C=CC(=O)N(C)CC(=O)N1CSCC1C(=O)Nc1ccc(C)c(C)c1",361.14601259600005,"Screening"
"C=CC(=O)N(C)CC(=O)NC(C)(C)c1ccc(C(C)C)cc1",302.199428072,"Screening"
"C=CC(=O)N(C)CC(=O)NC(C)c1nc(-c2cccnc2)cs1",330.11504681599996,"Screening"
"C=CC(=O)N(C)CC(=O)NC(c1cc(C)sc1C)C(C)C",308.155849008,"Screening"
"C=CC(=O)N(C)CC(=O)NC1CCN(c2ccccc2OC(F)F)C1",353.155097972,"Screening"
"C=CC(=O)N(C)CC(=O)NCc1cc(F)ccc1N1CCOCC1",335.16451978399994,"Screening"
"C=CC(=O)N(C)CC(=O)N1CCOC(c2ccc(Cl)s2)C1",328.064841084,"Screening"
"C=CC(=O)N(C)CC(=O)NC(C1CCCCC1)C(F)(F)F",306.155512572,"Screening"
"C=CC(=O)N(C)CC(=O)NCC(O)c1cc(Cl)c2c(c1)OCCO2",354.09824938799994,"Screening"
"CC(C)(C)OC(=O)[C@H](Cc1ccccc1)NC(=O)c1ccc2c(C=O)c[nH]c2c1",392.173607248,"Screening"
"C=CC(=O)N(C)CC(=O)N1CCCCC1C(=O)OC(C)(C)C",310.189257312,"Screening"
"C=CC(=O)N(C)CC(=O)Nc1cnn(C(C)CC)c1C1CC1",304.189926008,"Screening"
"C=CC(=O)N(C)CC(=O)N1CCOCC1c1c(C)nn(-c2ccccc2)c1C",382.200490692,"Screening"
"C=CC(=O)N(C)CC(=O)N1CC=C(c2c(F)cccc2F)CC1",320.133634256,"Screening"
"C=CC(=O)N(C)CC(=O)N1CCC(c2cccc(Br)c2)CC1",364.07864001200005,"Screening"
"C=CC(=O)N(C)CC(=O)N1CCCC(Oc2ccnc(C(=O)NC)c2)C1",360.179755248,"Screening"
"C=CC(=O)N(C)CC(=O)NCC(c1ccc(OC(C)C)cc1)N(C)C",347.2208917880001,"Screening"
"C=CC(=O)N(C)CC(=O)N[C@@H]1CCOc2c(F)ccc(F)c21",310.112898812,"Screening"
"COc1ccc(CC(=O)N2CCC(C3NC(=O)C3(C)C)CC2)cc1OC(F)F",396.186063752,"Screening"
"O=Cc1cnc2c(Br)cc(C(=O)N3CC[C@@H](F)C3)cn12",339.0018669120001,"Screening"
"C=CC(=O)N(C)CC(=O)Nc1cc(-c2n[nH]c(C)n2)cc(C(F)(F)F)c1",367.125609412,"Screening"
"C=CC(=O)N(C)CC(=O)N(C)CC(O)c1ccc(C#N)cc1",301.142641468,"Screening"
"C=CC(=O)N(C)CC(=O)N1CC[C@H](c2ccccc2)[C@H](CO)C1",316.17869262799996,"Screening"
"C=CC(=O)N(C)CC(=O)N1CC2(CCOCC2)C1c1cnn(CC(C)C)c1",374.23179082,"Screening"
"C=CC(=O)N(C)CC(=O)Nc1ccc(OC2CC2(F)F)cc1",310.112898812,"Screening"
"C=CC(=O)N(C)CC(=O)NC1COc2ccc3ccccc3c2C1",324.1473925,"Screening"
"C=CC(=O)N(C)CC(=O)N1CC[C@@H](Oc2cccc(Cl)c2)C1",322.108420148,"Screening"
"C=CC(=O)N1CCC(N2CC(C(=O)OC(C)(C)C)CC2=O)CC1",322.189257312,"Screening"
"C=CC(=O)N1CCC(c2nc(C3CC3)no2)(C(F)(F)F)C1",301.10381134799997,"Screening"
"COc1cc(C=O)ccc1OCCC(=O)N1CCCC1C(F)(F)F",345.118792716,"Screening"
"CCOC(=O)Cn1cc(C=O)c(-c2cnn(C)c2)n1",262.106590308,"Screening"
"N#CC(=Cc1ccc2[nH]c(=O)[nH]c2c1)C(=O)NC1CCCC1",296.127325752,"Screening"
"CCN(C#N)CCN1CCCC1CNC(=O)OC(C)(C)C",296.221226136,"Screening"
"CCN(C#N)CCN1CCC[C@@H](NC(=O)OC(C)(C)C)C1",296.221226136,"Screening"
"O=C1CC(C2CN(C(=O)OCc3ccccc3)CCC2=O)N1",302.126657056,"Screening"
"O=C(NC(c1ccccc1)c1nnc[nH]1)c1cc(S(=O)(=O)F)c[nH]1",349.06448846399996,"Screening"
"O=S(=O)(F)c1ccc(S(=O)(=O)NC[C@H]2C[C@@H](O)C2)cc1",323.029742768,"Screening"
"O=C(c1cccc(S(=O)(=O)F)c1)N1CCOc2cc(F)ccc2C1",353.05333533600003,"Screening"
"O=C(Nc1cccc(Cn2cccnc2=O)c1)c1cccc(S(=O)(=O)F)c1",387.06890514799994,"Screening"
"Cc1cccc(NC(=O)Nc2cccc(CNS(=O)(=O)c3cccc(S(=O)(=O)F)c3)c2)c1",477.0828409599999,"Screening"
"O=C(NCCCCc1nc(-c2cccnc2)cs1)c1ccc(S(=O)(=O)F)cc1",419.07736165599994,"Screening"
"Cn1cc(N2CCC(NS(=O)(=O)c3ccc(S(=O)(=O)F)cc3)C2=O)cn1",402.0467898,"Screening"
"N#Cc1c(F)cccc1-n1ccc(NC(=O)c2cccc(S(=O)(=O)F)c2)n1",388.04416761999994,"Screening"
"C=CC(=O)Nc1cccc(C(=O)N2CCCCC2c2nnc3n2CCCC3)c1",379.20082504000004,"Screening"
"C=CC(=O)N1CCC(C(=O)N2CCc3c(CC(N)=O)cccc3C2)CC1",355.18959166,"Screening"
"CCOC(=O)c1cnn2ccc(NC(=O)C(C)Cl)cc12",295.072368988,"Screening"
"C=CC(=O)N1CCC(C(=O)N2CCC(C)(NC(=O)C(F)(F)F)C2)CC1",361.161326224,"Screening"
"C=CC(=O)N1CCC(C(=O)Nc2ccc(N3CCN(C(C)=O)CC3)cc2)CC1",384.21614075599996,"Screening"
"C=CC(=O)NCc1ccc(C(=O)OC2CCC(F)(F)CC2)cc1",323.133299908,"Screening"
"C=CC(=O)Nc1ccc(C(=O)NC2CN(S(=O)(=O)N(C)C)C2)cc1",352.12052612,"Screening"
"CC1(Cc2cccc(F)c2)CCCN1c1ncc(C=O)cn1",299.143390416,"Screening"
"CC(Cl)C(=O)N1C[C@H]2CCC[C@@]2(c2nc(-c3cnccn3)no2)C1",347.114902496,"Screening"
"C=CC(=O)N(CC)CC(=O)NC1CCSc2ccccc21",304.12454888,"Screening"
"C=CC(=O)N(CC)CC(=O)N1CCCC1Cc1ccccc1",300.183778008,"Screening"
"C=CC(=O)N(CC)CC(=O)N1CCN(C(=O)c2cccc(C(F)(F)F)c2)CC1",397.161326224,"Screening"
"C=CC(=O)N(CC)CC(=O)Nc1ccc(C(=O)N2CCCCCC2)cc1",357.205241724,"Screening"
"C=CC(=O)N(CC)CC(=O)N1CCC(n2nnc3c2CCCC3)CC1",345.21647510400004,"Screening"
"C=CS(=O)(=O)NC1CC(=O)N(C2CC2)C1",230.072513308,"Screening"
"C=CC(=O)N1CCC[C@@H](C(=O)NCCc2cnc3c(Cl)cnn3c2)C1",361.13055256000007,"Screening"
"C=CC(=O)N1CCC[C@@H](C(=O)N(Cc2ccc(Cl)cc2)Cc2cnn(C)c2)C1",400.16660372000007,"Screening"
"O=S(=O)(F)c1ccc(-c2cn(CC3(F)CCNC3)nn2)cc1",328.0805531280001,"Screening"
"CC(c1cn(-c2cccc(S(=O)(=O)F)c2)nn1)N1CCCNCC1",353.13217410000004,"Screening"
"C=CS(=O)(=O)NCCc1ccc(C)c(Cl)c1",259.043377368,"Screening"
"O=Cc1c(OCCC2C3CC4CC(C3)CC2C4)cccc1B(O)O",328.18458968,"Screening"
"CCN(CC)S(=O)(=O)c1ccc(OC(C)C)c(NC(=O)COc2cccc(B(O)O)c2C=O)c1",492.1737672879999,"Screening"
"CC1CCCCC1N(C)C(=O)COc1cccc(B(O)O)c1C=O",333.17475326799996,"Screening"
"Cc1nccn1CCCCOc1cccc(B(O)O)c1C=O",302.143787488,"Screening"
"O=Cc1c(OCC(=O)NC2CCCc3ccccc32)cccc1B(O)O",353.14345313999996,"Screening"
"O=Cc1c(OCC(=O)NCc2cccc(NC(=O)C3CC3)c2)cccc1B(O)O",396.149266792,"Screening"
"O=Cc1c(OCC(=O)Nc2cc(C(F)(F)F)ccc2-n2cncn2)cccc1B(O)O",434.10093460800005,"Screening"
"C=CS(=O)(=O)NCc1cnc(C(F)F)s1",253.999525936,"Screening"
"O=Cc1ccc(CC(=O)Nc2ccc3c(c2)NC(=O)CCC3)cc1",322.131742436,"Screening"
"CCC(C)C(C(=O)N[C@H]1CCN(c2cc(=O)n(C)c(=O)[nH]2)C1)n1cccc1C=O",401.20630434400005,"Screening"
"CC1(C)CCC(COc2cc(Br)cnc2C=O)CC1",325.06774098,"Screening"
"O=Cc1ncc(Br)cc1OC(=O)c1ccc(Cl)c(Br)c1",416.84029493199995,"Screening"
"CN(C(=O)c1cc(C=O)ccc1F)C(c1ccccc1)c1nnc[nH]1",338.11790394000013,"Screening"
"CN(CCc1ccc(NS(C)(=O)=O)cc1)C(=O)CCl",304.064841084,"Screening"
"COc1cc(B(O)O)c(C=O)cc1OCCCOc1ccc(Cl)cc1",364.08849637599997,"Screening"
"CCN(CC)S(=O)(=O)c1ccc(OC(C)C)c(NC(=O)COc2cc(B(O)O)c(C=O)cc2OC)c1",522.1843319719999,"Screening"
"C=CS(=O)(=O)N(C)[C@@H](C)c1ccc(Br)cc1",302.99286178799997,"Screening"
"C=CS(=O)(=O)NCc1ccc(CC)c(F)c1",243.072927908,"Screening"
"Cc1n[nH]c(C)c1CNC(=O)c1ccc(B(O)O)c(C=O)c1",301.123386392,"Screening"
"C=CS(=O)(=O)NCc1ccc(Cl)nc1",232.007326208,"Screening"
"C=CS(=O)(=O)NCc1ccc(OC)cc1Cl",261.022641924,"Screening"
"NC(=O)NC(=O)C1CCC(NC(=O)c2ccc(B(O)O)c(C=O)c2)CC1",361.14451575999993,"Screening"
"O=Cc1cc(C(=O)N2CCC3(CC2)CS(=O)(=O)C3)ccc1B(O)O",351.09478869599997,"Screening"
"COC(=O)[C@H]1C[C@H](n2cc(CNC(=O)c3ccc(B(O)O)c(C=O)c3)nn2)C1",386.139764728,"Screening"
"CC1(C2CCN(C(=O)c3ccc(B(O)O)c(C=O)c3)CC2)NC(=O)NC1=O",373.14451576,"Screening"
"O=Cc1cc(C(=O)N(Cc2ccncc2)Cc2cccs2)ccc1B(O)O",380.100208424,"Screening"
"CCC(NC(=O)c1ccc(B(O)O)c(C=O)c1)C1CCCCC1",317.179838648,"Screening"
"Cc1ccc(NC(=O)NCC2CCCN(C(=O)c3ccc(B(O)O)c(C=O)c3)C2)cc1",423.1965513319999,"Screening"
"O=Cc1cc(C(=O)N(CC2CCCCC2)C2CC2)ccc1B(O)O",329.179838648,"Screening"
"CN(Cc1nnnn1Cc1ccccc1)C(=O)c1ccc(B(O)O)c(C=O)c1",379.1451844559999,"Screening"
"CCC(c1ccccc1OC)N(C)C(=O)c1ccc(B(O)O)c(C=O)c1",355.1591032039999,"Screening"
"O=Cc1cc(C(=O)N2CCn3c(nnc3-c3ccc(Cl)cc3)C2)ccc1B(O)O",410.09531307199995,"Screening"
"CC(Cc1cccc(Br)c1)NC(=O)c1ccc(B(O)O)c(C=O)c1",389.043400524,"Screening"
"CC(C)C(NC(=O)c1ccc(B(O)O)c(C=O)c1)c1cnn(C)c1",329.15468652000004,"Screening"
"C=CS(=O)(=O)N(C)C12CCC(CC1)C2",215.097999784,"Screening"
"COC(=O)c1cc(-c2ccc(C=O)o2)c2oc(C)nc2c1",285.06372245200004,"Screening"
"COc1cccc(Cn2cc(-c3c[nH]c(C=O)c3)nn2)c1",282.111675688,"Screening"
"CC(C)(C)OC(=O)N1CC2(CC(=Cc3cc(C=O)cnc3O)C2)C1",330.157957184,"Screening"
"COCC(CN1CCOCC1)NC(=O)c1cc(Br)c2ncc(C=O)n2c1",424.07461725200005,"Screening"
"O=C(CCl)N1CC(S(=O)(=O)c2ccccc2)C1",273.022641924,"Screening"
"CC(C)CN(Cc1cnc(Cl)s1)C(=O)CCl",280.020389428,"Screening"
"O=C(CCl)Nc1ccn(CC2CCOCC2)n1",257.093104432,"Screening"
"CCOC(=O)c1nn(C)c(NC(=O)CCl)c1Cl",279.017746572,"Screening"
"COC(=O)C(Cc1cnn(C)c1C)NC(=O)CCl",273.088019052,"Screening"
"O=C(CCl)Nc1csnc1-c1ccccc1",252.012411588,"Screening"
"COc1cc2ccccc2cc1CN(C(=O)CCl)[C@H]1CC[C@@H](O)C1",347.12882124399994,"Screening"
"O=C(CCl)N(Cc1ccsc1)Cc1ccc2occc2c1",319.043377368,"Screening"
"COc1cc(C#N)ccc1CN(CC1CC12CCC2)C(=O)CCl",332.129155592,"Screening"
"CCc1c(CN(C(=O)CCl)[C@H]2CCC[C@H]2OC)cnn1C",313.155704688,"Screening"
"COc1cc(Cl)cc(CN(C(=O)CCl)[C@H]2CC[C@H](O)C2)c1",331.074198828,"Screening"
"O=C(CCl)N(Cc1cccc2nsnc12)[C@@H]1COC[C@H]1O",327.04443998799997,"Screening"
"COC(=O)c1cn(Cc2ccccc2)nc1NC(=O)CCl",307.072368988,"Screening"
"COC(=O)c1nnn(-c2ccccc2)c1NC(=O)CCl",294.05196789200005,"Screening"
"O=C(CCl)Nc1ccc(S(=O)(=O)NC(=O)c2ccccc2)cc1",352.02845557600006,"Screening"
"C=CS(=O)(=O)N1CCC(n2cnnn2)CC1",243.078995656,"Screening"
"O=Cc1cc(C(=O)N2Cc3cc(Cl)ccc3C[C@H]2CO)ccc1B(O)O",373.08883072399993,"Screening"
"COC(=O)C12C3CCC(CC31)C2NC(=O)c1ccc(B(O)O)c(C=O)c1",357.13836775999994,"Screening"
"O=Cc1cc(C(=O)NCc2ccc3c(n2)OCCO3)ccc1B(O)O",342.1023166,"Screening"
"CC1Cc2cc(F)ccc2C(C)N1C(=O)c1ccc(B(O)O)c(C=O)c1",355.13911670799996,"Screening"
"O=Cc1cc(C(=O)NC2Cc3[nH]ncc3C(C(F)(F)F)C2)ccc1B(O)O",381.11077101999996,"Screening"
"COC1CN(C(=O)c2ccc(B(O)O)c(C=O)c2)CC1NC(=O)NC(C)C",377.17581588800005,"Screening"
"Cn1cc(C2(C)CN(C(=O)c3ccc(B(O)O)c(C=O)c3)CCO2)cn1",357.14960113999996,"Screening"
"O=Cc1cc(C(=O)N2CC(c3ccccc3)C3COCCC32)ccc1B(O)O",379.15910320399996,"Screening"
"O=Cc1cc(C(=O)NC2(c3cccc(OC(F)F)c3)CCOCC2)ccc1B(O)O",419.13517419999994,"Screening"
"Cc1cnc(C2(NC(=O)c3ccc(B(O)O)c(C=O)c3)CC2)o1",314.10740197999996,"Screening"
"Cc1ccc(CN2CCC[C@H]3CN(C(=O)c4ccc(B(O)O)c(C=O)c4)C[C@H]32)s1",412.1628086799999,"Screening"
"O=Cc1cc(C(=O)NC2(c3ncccn3)CCOC2)ccc1B(O)O",341.11830101199996,"Screening"
"O=Cc1cc(C(=O)N[C@@H]2CC(=O)N(C3CC3)[C@H]2c2cccnc2)ccc1B(O)O",393.14960114,"Screening"
"CP(C)(=O)C(NC(=O)c1ccc(B(O)O)c(C=O)c1)c1ccccc1",359.109389738,"Screening"
"CC1CCCN(C(=O)C(NC(=O)c2ccc(B(O)O)c(C=O)c2)c2cnn(C)c2)C1",412.1918003,"Screening"
"Cc1ccc(C(Cn2ccnc2)NC(=O)c2ccc(B(O)O)c(C=O)c2)c(C)c1",391.1703365839999,"Screening"
"CC1c2ccc(C(=O)NC3CC3)n2CCN1C(=O)c1ccc(B(O)O)c(C=O)c1",395.1652512039999,"Screening"
"CC(C)(NC(=O)c1ccc(B(O)O)c(C=O)c1)c1n[nH]c(-c2cccs2)n1",384.106356424,"Screening"
"O=Cc1cc(C(=O)NCC(O)(c2cccc(Cl)c2)C(F)(F)F)ccc1B(O)O",415.06056528799996,"Screening"
"CN(C(=O)c1ccc(B(O)O)c(C=O)c1)C1c2cc(Cl)cc(Cl)c2CC1O",407.04985837199996,"Screening"
"O=Cc1cc(C(=O)N2CCc3nc[nH]c(=O)c3CC2)ccc1B(O)O",341.11830101199996,"Screening"
"Cc1ccc(NC(=O)CN(C)C(=O)c2ccc(B(O)O)c(C=O)c2)nc1",355.13395107599996,"Screening"
"O=Cc1cc(C(=O)N2CCN(c3ccncn3)CC2)ccc1B(O)O",340.134285424,"Screening"
"CCC1CN(C(=O)COc2cccc(B(O)O)c2C=O)CCO1",321.13836775999994,"Screening"
"O=Cc1cc(OCc2ccc(-c3ncco3)cc2F)ccc1B(O)O",341.087081136,"Screening"
"CC1CCc2nc(COc3ccc(B(O)O)c(C=O)c3)sc2C1",331.104959456,"Screening"
"Cc1nn(-c2ccccc2)c(COc2ccc(B(O)O)c(C=O)c2)c1C#N",361.123386392,"Screening"
"COC(=O)C(Oc1cc(Br)cnc1C=O)c1ccc(Cl)c(F)c1",400.9465758,"Screening"
"C=CC(=O)NC(C)(C)CC(C)(NCc1ccoc1C(=O)OC)c1nnnn1Cc1ccc(F)cc1",484.2234316280001,"Screening"
"C=CC(=O)NC(C)(C)CC(C)(NCCCC1CC1(F)F)c1nnnn1CCC",398.26056608400006,"Screening"
"C=CC(=O)NC(C)(C)CC(C)(N[C@H]1C[C@](C)(NC(=O)OC(C)(C)C)C1)c1nnnn1CCOC",479.3220027920001,"Screening"
"C=CC(=O)NC(C)(C)CC(C)(NCCc1cnn(C)c1C)c1nnnn1C1CCCC1",428.3012077720001,"Screening"
"C=CC(=O)NC(C)(C)CC(C)(NCCCS(=O)(=O)C(F)F)c1nnnn1CCOCC",466.21738094400007,"Screening"
"C=CC(=O)NC(C)(C)CC(C)(NC1CC12CCC2)c1nnnn1CCSC",392.2358306440001,"Screening"
"C=CC(=O)NC(C)(C)CC(C)(NCCCCc1nc(C)cs1)c1nnnn1C(C)C",433.2623797400001,"Screening"
"O=C(CCl)N1CCCC12Cc1ccccc1NC2=O",278.0822054,"Screening"
"C=CC(=O)NCCNC(c1nnnn1CC1CC1)C(C)(CC)OC",336.2273741359999,"Screening"
"C=CC(=O)N1CCC(CNC(C)(c2nnnn2C2CCCC2)C(C)OC)CC1",390.2743243279999,"Screening"
"C=CC(=O)Nc1ccc(C(NCCc2ccccc2F)c2nnnn2CCOCC)cc1",438.21795232400007,"Screening"
"C=CC(=O)Nc1ccc(C(NCCN2C(=O)CCC2=O)c2nnnn2C(C)(C)C)cc1",425.2175377240001,"Screening"
"C=CC(=O)Nc1ccc(C(NC[C@H]2CCCO2)c2nnnn2CCSC)cc1",402.183795072,"Screening"
"C=CC(=O)N1CCCC(NC(c2nc(Br)c[nH]2)c2nnnn2C(C)(C)C)C1",436.1334695200001,"Screening"
"C=CC(=O)N1CCCC(NC2(c3nnnn3CCOCC)CC3(CCCCC3)C2)C1",416.289974392,"Screening"
"C=CC(=O)N1CCCC(NC2(c3nnnn3Cc3ccccc3)CCC(OCC)CC2)C1",438.2743243279999,"Screening"
"C=CC(=O)N1CCCC(NC2(c3nnnn3CCC)CCC2)C1",318.21680945199995,"Screening"
"C=CC(=O)N1CCC(CNC(c2ccc(-c3ccsc3)nc2)c2nnnn2CC)CC1",437.19977948400015,"Screening"
"C=CC(=O)N1CCC(CNC2(c3nnnn3CCCC(=O)OCC)CCC(CC)C2)CC1",446.3005390759999,"Screening"
"C=CC(=O)N1CCC(CNC2(c3nnnn3-c3ccc(F)cc3)CCCCC2)CC1",412.238687768,"Screening"
"C=CC(=O)NCCNC(c1ccc2cnn(C)c2c1)c1nnnn1-c1ccc2c(c1)CCC2",442.22295745200006,"Screening"
"C=CC(=O)NCCNC(c1cccc(C(=O)OC)n1)c1nnnn1CCOCC",403.1968022800001,"Screening"
"C=CS(=O)(=O)N1CC(O)(c2ccc(F)nc2)C1",258.047441432,"Screening"
"C=CS(=O)(=O)NCc1cc(OC)ccc1Br",304.972126344,"Screening"
"C=CS(=O)(=O)N1CCn2c(Cl)ccc2C1C",260.038626336,"Screening"
"C=CS(=O)(=O)NCCOc1cccc(Cl)n1",262.017890892,"Screening"
"COc1ccc(C2C(Oc3cccc(C#N)c3)C(=O)N2CC2CCCO2)cc1",378.157957184,"Screening"
"Cc1cccc(OCCn2c(C=O)nc3ccccc32)c1",280.121177752,"Screening"
"Cc1cc(C)cc(OCCn2c(C=O)nc3ccccc32)c1",294.136827816,"Screening"
"CN(Cc1cnn(-c2ccccc2)c1)CN1C(=O)C(C)(C)C1(C)C",326.210661452,"Screening"
"CCc1ccc(C(CNC(=O)C(C#N)=Cc2cc(C)n(C3CC3)c2C)N(C)C)cc1",404.257611644,"Screening"
"Cc1ccc(C=CS(=O)(=O)NCC(=O)NCc2nnc3ccc(C(F)(F)F)cn23)cc1",453.108245096,"Screening"
"Cc1cc(C=C(C#N)C(=O)NC(CN2CCOCC2)c2ccccc2)c(C)n1CC(C)C",434.268176328,"Screening"
"Cc1cc(C(=O)CN2CCN(S(=O)(=O)C=Cc3ccccc3)CC2)c(C)n1CC1CCCO1",471.219177536,"Screening"
"COC(=O)c1c(NC(=O)C(C#N)=Cc2ccc(OC(C)C)c(OC)c2)sc(C)c1C",428.140592868,"Screening"
"COc1ccc(N2C(=O)C(Oc3ccc(C)cc3C)C2c2cscn2)cc1",380.1194635,"Screening"
"Cc1ccc(NC(=O)NC2=NC(=C(C#N)C(=O)N3CCCC3)c3ccccc32)cc1",399.16952491200004,"Screening"
"CCOC(=O)c1c(-c2ccc(F)cc2)csc1NC(=O)C(C#N)=Cc1ccc(Cl)cc1",454.055419272,"Screening"
"N#CC(=Cc1ccc2c(c1)OCO2)C(=O)Nc1cccc(C(=O)Nc2cccc(C(F)(F)F)c2)c1",479.109290652,"Screening"
"COc1ccc(C=C(C#N)C(=O)NCCCN2CCOCC2)cc1",329.173941596,"Screening"
"COc1ccc(C=C(C#N)C(=O)NCC(c2ccc(F)cc2)N2CCOCC2)cc1",409.180169848,"Screening"
"N#CC(=Cc1ccccc1)C(=O)Nc1cc(S(=O)(=O)Nc2ccc(Cl)cc2)ccc1N1CCCC1",506.1179392760001,"Screening"
"O=Cc1ccc(-n2nncc2C23CC4CC(CC(C4)C2)C3)cc1",307.168462292,"Screening"
"N#CC(=Cc1ccccc1)C(=O)NNC(=O)c1cccc([N+](=O)[O-])c1",336.08585486399994,"Screening"
"COc1ccc(C=C(C#N)C(=O)N(CCCN2C(=O)c3cccc4cccc(c34)C2=O)c2ccc(C)cc2C)cc1",543.215806408,"Screening"
"O=Cc1ccc(C(=O)C=Cc2ccc(Cl)cc2)o1",260.024021828,"Screening"
"COc1ccccc1-c1nnc(-c2ccc(S(=O)(=O)F)cc2)o1",334.042356052,"Screening"
"Cc1nc(SCCS(=O)(=O)F)c2c3c(sc2n1)CCCC3",346.02796894000005,"Screening"
"CN1C=C(C(F)(F)F)C=CC1=C(C#N)C(=O)Nc1cc(C(F)(F)F)ccc1Cl",421.04165894,"Screening"
"N#CC(=Cc1ccc(-c2cccc([N+](=O)[O-])c2)o1)C(=O)Nc1nc(-c2cccs2)cs1",448.02999686400005,"Screening"
"N#CC(=Cc1ccc(-c2ccc(SC(F)F)cc2)o1)C(=O)Nc1nc(-c2ccc(Cl)cc2)cs1",513.018402808,"Screening"
"N#CC(=Cc1ccc(-c2ccc(SC(F)F)cc2)o1)C(=O)Nc1cccc2ncccc12",447.08530416,"Screening"
"Cc1ccc(C(=O)Oc2ccc(C=C(C#N)C(=O)Nc3nc4c(s3)CCN(Cc3ccccc3)C4)cc2)cc1",534.172561692,"Screening"
"O=C1N(c2ccc3c(c2)OCCO3)C(c2ccc(Cl)cc2)C1(F)F",351.047377364,"Screening"
"COC(=O)CSc1nc2ccccn2c(=O)c1C=O",278.0361278,"Screening"
"Cc1ccc2nc(Nc3ccccc3)c(C=O)c(=O)n2c1",279.100776656,"Screening"
"O=C1N(c2ccc3c(c2)OCO3)C(c2ccccc2F)C1(F)F",321.06127784,"Screening"
"CCN(C(=O)C(C#N)=Cc1ccc(OC(F)F)cc1)c1cccc2ccccc12",392.133634256,"Screening"
"O=C1N(c2ccccc2)C(c2ccc(Cl)cc2)C1(F)F",293.04189806,"Screening"
"N#CC(=Cc1ccc(OCc2ccc(C(=O)O)cc2)cc1)C(=O)Nc1ccc(Cl)cc1",432.087684704,"Screening"
"O=C1N(c2ccc3c(c2)OCO3)C(c2cccc(F)c2)C1(F)F",321.06127784,"Screening"
"Cc1cc(C=O)c(C)n1-c1cc(S(=O)(=O)N2CCOCC2)ccc1N1CCCC1",417.172227344,"Screening"
"O=C1N(c2ccc3c(c2)OCO3)C(c2ccco2)C1(F)F",293.049964208,"Screening"
"N#CC(=Cc1ccc(OC(F)F)cc1)C(=O)N(c1ccccc1)c1ccccc1",390.117984192,"Screening"
"N#CC(C(=O)Nc1cc(C(F)(F)F)ccc1Cl)=C1CCCN1",329.0542743120001,"Screening"
"CCOc1cc(C=C(C#N)C(=O)Nc2ccccc2C(=O)OC)ccc1OCc1ccc(Cl)cc1",490.12954951599994,"Screening"
"N#CC(=Cc1ccco1)C(=O)Nc1cccc2ncccc12",289.085126592,"Screening"
"N#CC(=Cc1ccc(OC(=O)c2ccc(Br)cc2)cc1)C(=O)Nc1cc(C(F)(F)F)ccc1Cl",547.975016716,"Screening"
"CCN1CCN(C(=O)C(C#N)=Cc2cc(C)n(C3CCCC3)c2C)CC1",354.24196158,"Screening"
"Cc1cc(C=C(C#N)C(=O)N2CCOCC2)c(C)n1C1CCCC1",327.19467704,"Screening"
"CCOc1cc(C=C(C#N)C(N)=O)cc(Br)c1OCc1cccc(C)c1",414.057904568,"Screening"
"CCOc1cc(C=C(C#N)C(N)=O)ccc1OCc1ccc(Cl)c(Cl)c1",390.053797732,"Screening"
"CCOc1cc(C=C(C#N)C(N)=O)cc(Br)c1OCc1ccccc1F",418.032832692,"Screening"
"O=C(CCc1ccc(S(=O)(=O)F)cc1)NC1CCOc2c(Cl)cccc21",397.05508492399997,"Screening"
"O=C(NCc1c(Cl)oc2ccccc12)c1cccc(S(=O)(=O)F)c1",367.008134732,"Screening"
"C=CC(=O)Nc1ccc(C(=O)Nc2cnn(C3CCOCC3)c2C)cc1",354.16919056399996,"Screening"
"C=CC(=O)Nc1ccc(C(=O)N2C[C@H](NC(=O)NCC)[C@@H](OC)C2)cc1",360.17975524799994,"Screening"
"C=CC(=O)N(CC)CC(=O)NCc1csc(-c2ccn(C)n2)n1",333.12594584800013,"Screening"
"C=CC(=O)NCCC(=O)N1CCC2(CC1)CN(Cc1ccccc1)CC(C)O2",385.23654185199996,"Screening"
"C=CC(=O)NCc1ccc(C(=O)NC2CC(=O)N(c3cnn(C)c3)C2)cc1",367.1644395320001,"Screening"
"C=CC(=O)N(C)CC(=O)NC1CN(c2nccn3nc(C)cc23)C1",328.16477388,"Screening"
"Cc1ccccc1C1CN(c2ccc(C=O)cn2)CCO1",282.136827816,"Screening"
"C=CC(=O)Nc1c(C)nn(COc2ccccc2-c2ccccc2)c1C",347.163376912,"Screening"
"C=CC(=O)Nc1ccccc1CSc1ccc(C(F)(F)F)cn1",338.0700686960001,"Screening"
"CC(C)(C)OC(=O)N1CCCc2ccc(CCCC=O)nc21",304.178692628,"Screening"
"O=S(=O)(F)C1CCN(c2ncc(C(F)(F)F)cc2Cl)CC1",346.01658915200005,"Screening"
"O=C(CCc1nc(-c2cccc(Br)c2)no1)N1CCC(CS(=O)(=O)F)C1",445.010717344,"Screening"
"O=C(Cc1cccc([N+](=O)[O-])c1)N[C@@H]1CC[C@H](CS(=O)(=O)F)C1",344.084220864,"Screening"
"N#CCCCS(=O)(=O)c1ccc(C(=O)N2CCC(S(=O)(=O)F)C2)cc1",388.05629186399995,"Screening"
"Cc1ccc(S(=O)(=O)Nc2cccc(OS(=O)(=O)F)c2)cc1",345.01409270399995,"Screening"
"O=c1c(Oc2ccc(Cl)cc2)coc2cc(OS(=O)(=O)F)ccc12",369.9714148759999,"Screening"
"C=CC(=O)NCc1ccc(C(=O)N2C[C@H](CO)[C@@H](c3ccsc3)C2)cc1",370.13511356400005,"Screening"
"C=CC(=O)N1CCC(C(=O)N2CCCC(Cc3ccc(C#N)cc3)C2)CC1",365.21032710400004,"Screening"
"C=CC(=O)NCc1ccc(C(=O)N2CCC(Nc3ccc(Cl)cc3)CC2)cc1",397.15570468799996,"Screening"
"C=CS(=O)(=O)NCC(C)C(C)(C)C",205.113649848,"Screening"
"C=CS(=O)(=O)NC(C)c1ccccc1",211.066699656,"Screening"
"C=CS(=O)(=O)NC(C)c1sc(C)nc1C",246.049669688,"Screening"
"C=CS(=O)(=O)NC(C(C)C)C1CCC1",217.113649848,"Screening"
"C=CS(=O)(=O)NCC1CCC(F)(F)CC1",239.07915616,"Screening"
"C=CS(=O)(=O)NCC1CC(OC)C1",205.07726434,"Screening"
"C=CS(=O)(=O)NCCC1CCCCCC1",231.129299912,"Screening"
"C=CC(=O)N1CCC(C(=O)Nc2nc3c([nH]2)CCOC3)(c2ccccc2)CC1",380.18484062799996,"Screening"
"C=CC(=O)NCCC(=O)N[C@H]1c2cccc(Cl)c2C[C@H]1C",306.113505528,"Screening"
"C=CC(=O)N(C)CC(=O)N1CCCC1CSc1nnc(C)s1",340.10276788,"Screening"
"C=CC(=O)N1CCC(C(=O)NC2CCCN(c3ccc(F)c(F)c3)C2=O)CC1",391.17074803599996,"Screening"
"C=CC(=O)NCCC(=O)N1CCN(C(=O)Nc2ccc(OC)cc2)CC1",360.17975524799994,"Screening"
"C=CC(=O)N1CCC(C(=O)N2CCc3cc(OC)cc(OC)c3C2(C)C)CC1",386.22055744,"Screening"
"C=CC(=O)NCc1ccc(C(=O)N2CCC3(CC2)CN(CC)[C@H]2COC[C@H]23)cc1",397.23654185199996,"Screening"
"C=CC(=O)Nc1cccc(C(=O)Nc2cnc(C3CCOCC3)nc2)c1",352.1535405,"Screening"
"C=CC(=O)N1CCC(C(=O)N2CCC[C@H]3NC(=O)C[C@H]32)(c2ccccc2)CC1",381.205241724,"Screening"
"C=CC(=O)N(CC)CC(=O)NC1CN(Cc2ccccc2)C2(CCC2)C1",355.225977168,"Screening"
"C=CC(=O)N(CC)CC(=O)NCCc1c[nH]c2cc(F)cc(F)c12",335.144533288,"Screening"
"C=CC(=O)N1CCN(Cc2ccccc2)C(c2ccnn2C)C1",310.179361324,"Screening"
"C=CC(=O)NCCC(=O)N1CCOc2c1cccc2C(F)(F)F",328.10347700000005,"Screening"
"C=CC(=O)N1CCC(C(=O)NCc2ccnn2CC(F)F)CC1",326.15543232,"Screening"
"C=CC(=O)Nc1ccc(C(=O)N2CCCCC2c2nc(COC)n[nH]2)cc1",369.180089596,"Screening"
"C=CC(=O)N1CCC(C(=O)Nc2cc(C(N)=O)ccc2CN2C(=O)CN(C)C2=O)CC1",427.1855689,"Screening"
"C=CC(=O)N1CCC(C(=O)N2CCN(c3ccc(C)c(C)c3)CC2C)CC1",369.241627232,"Screening"
"C=CC(=O)N(C)CC(=O)N[C@@H]1CCN(C(C)(C)C)[C@H]1c1ccc(Cl)c(F)c1",395.177583004,"Screening"
"C=CC(=O)N1CCC(C(=O)Nc2nnn(Cc3ccc(C(F)(F)F)cc3)c2C)CC1",421.172559604,"Screening"
"COc1ccccc1C=CC=C(C#N)C(=O)Nc1ccccc1C(=O)O",348.11100699199994,"Screening"
"COc1ccc(CCNC(=O)C(C#N)=CC2=Cc3cc(Cl)cc(Cl)c3OC2)cc1OC",458.08001247999994,"Screening"
"O=C(CNS(=O)(=O)C=Cc1ccccc1)OCCOc1c(Cl)cccc1Cl",429.020449004,"Screening"
"N#CN(Cc1csc(-c2ccoc2)n1)c1ccc(F)c([N+](=O)[O-])c1",344.03793936799997,"Screening"
"CCc1cccc(N(C#N)CCS(=O)(=O)CC)c1",266.108898816,"Screening"
"Cn1c(Cl)nc(Cl)c1C=C(C#N)C(=O)Nc1cccc(C(F)(F)F)c1",388.01055092800004,"Screening"
"CCOCCCNC(=O)C(C#N)=Cc1c(C)nn(CC)c1C",304.189926008,"Screening"
"N#CC(=Cc1cccc2c1OCCCO2)C(=O)NCc1ccccc1",334.131742436,"Screening"
"COc1ccc(N(CC(=O)Nc2cc(C)on2)S(=O)(=O)C=Cc2ccccc2)cc1",427.120191772,"Screening"
"COc1ccc(NC(=O)COc2c(C)cc(C=O)cc2C)c(OC)c1",343.141972772,"Screening"
"COc1ccc(C(C)=O)cc1COc1c(C)cc(C=O)cc1C",312.13615912,"Screening"
"CSc1ncccc1C(=O)Nc1ccc(N2CCOCC2)c(S(=O)(=O)Nc2ccc(Cl)cc2)c1",518.084924896,"Screening"
"CCc1cccc(N(C#N)Cc2csc(N(C(C)=O)C3CC3)n2)c1",340.13578226,"Screening"
"NC(=O)c1c(NC(=O)C2CCN(S(=O)(=O)C=Cc3ccccc3)CC2)sc2c1CCCC2",473.144298344,"Screening"
"CCCn1c(C)cc(C=C(C#N)C(=O)N2CCCCC2)c1C",299.19976242,"Screening"
"COc1ccc(-n2c(C)cc(C=C(C#N)C(=O)N3CC(C)OC(C)C3)c2C)cc1",393.20524172399996,"Screening"
"COc1ccc(-n2c(C)cc(C=C(C#N)C(=O)N3CCOCC3)c2C)cc1",365.173941596,"Screening"
"Cc1cc(C=C(C#N)C(=O)Nc2ccccc2F)c(C)n1-c1ccccc1F",377.133968604,"Screening"
"COCCCCN1C(=O)C(Oc2ccc(C)cc2)C1c1ccc(OC)c(OC)c1",399.20457302799997,"Screening"
"Cc1ccc2nc(N3CCN(CC(=O)NC(C)C)CC3)c(C=O)cc2c1",354.205576072,"Screening"
"COc1ccc(S(=O)(=O)NC(=O)C(C#N)=Cc2ccco2)c(C)c1C",360.07799261199995,"Screening"
"O=Cc1c[nH]c(C(=O)OCc2coc(-c3cccc(Cl)c3)n2)c1",330.0407345120001,"Screening"
"CC(NC(=O)Cc1cccc2ccccc12)C(=O)N1CCN(S(=O)(=O)C=Cc2ccccc2)CC1",491.18787740799996,"Screening"
"Cc1nn(CCC(=O)OCc2cccc(F)c2)c(C)c1C=O",304.122320624,"Screening"
"CCc1ccc(NC(=O)C(C#N)=Cc2cc(C)n(-c3cccc(Cl)c3Cl)c2C)cc1",437.106167652,"Screening"
"Cn1c(N)c(C(=O)CN2CCN(S(=O)(=O)C=Cc3ccccc3)CC2)c(=O)n(C)c1=O",447.1576399,"Screening"
"CCN(CC)c1ncc(C=C(C#N)C(=O)Nc2cc3c(cc2[N+](=O)[O-])OCCO3)s1",429.11068970799994,"Screening"
"CCOC(=O)N1CCN(C=C(C#N)C(=O)Nc2ccccc2)CC1",328.15354049999996,"Screening"
"CCc1cccc(N(C#N)CC(=O)NC2CCOCC2)c1",287.163376912,"Screening"
"O=C1CC2(CCN(C(=O)CCc3nc(-c4cccs4)no3)CC2)N1",346.10996143600005,"Screening"
"Cc1cc(C)c2nc(NS(=O)(=O)C=Cc3ccccc3)sc2c1",344.06531975200005,"Screening"
"CCOC(=O)N1CCC(NC(=O)C(NS(=O)(=O)C=Cc2ccccc2)C(C)C)CC1",437.198442092,"Screening"
"COc1ccc(N2C(=O)C(Oc3ccccc3F)C2c2cccnc2)cc1",364.12232062400005,"Screening"
"O=C1Nc2ccccc2SC1CC(=O)N1CCN(S(=O)(=O)C=Cc2ccccc2)CC1",457.112998216,"Screening"
"COc1ccc2ccc(O)c(CN3CCN(S(=O)(=O)C=Cc4ccccc4)CC3)c2c1",438.16132831199997,"Screening"
"CC(C)(C)c1ccc(Oc2ccc(C=C(C#N)C(=O)Nc3ccccc3F)cc2[N+](=O)[O-])cc1",459.15943440399997,"Screening"
"Cc1ccccc1NC(=O)C(C#N)=Cc1ccccc1OCC(=O)O",336.11100699199994,"Screening"
"N#CC(=Cc1cn(-c2ccccc2)nc1-c1cccnc1)C(N)=O",315.112010036,"Screening"
"N#CC(=Cc1ccc(C(F)(F)F)cc1)C(=O)NCc1ccc(Cl)cc1",364.05902534399996,"Screening"
"N#CC(=Cc1ccc(OC(F)F)cc1)C(=O)NCc1ccc(Cl)cc1",362.063361776,"Screening"
"CCCCCCOc1ccc(C=C(C#N)C(=O)NCc2ccc(Cl)cc2)cc1",396.16045572,"Screening"
"N#CC(=Cc1cccc(OCc2ccccc2)c1)C(=O)NCc1ccc(Cl)cc1",402.113505528,"Screening"
"CC(C)Oc1ccccc1C=C(C#N)C(=O)Nc1cc(C(F)(F)F)ccc1Cl",408.085240092,"Screening"
"CCCCCCCCNC(=O)C(C#N)=Cc1ccc(OC)cc1OC",344.20999275599996,"Screening"
"CCCCCCCCNC(=O)C(C#N)=CC=Cc1ccccc1[N+](=O)[O-]",355.18959165999996,"Screening"
"CCCCCCCCNC(=O)C(C#N)=Cc1ccc(OC)c(O)c1",330.19434269199996,"Screening"
"CC(NC(=O)C(C#N)=Cc1ccc(N2CCOCC2)cc1)c1ccccc1",361.179026976,"Screening"
"CCCCOc1ccc(C=C(C#N)C(=O)NC(C)c2ccccc2)cc1",348.183778008,"Screening"
"Cc1n[nH]c(C)c1NC(=O)CN(C#N)c1ccc(F)c([N+](=O)[O-])c1",332.103316496,"Screening"
"CC(Oc1cccc(C=C(C#N)C(=O)NC2CC2)c1)C(=O)O",300.11100699199994,"Screening"
"COc1ccc(-n2c(C)cc(C=C(C#N)C(=O)N(C)C3CCN(C(C)C)CC3)c2C)cc1",434.268176328,"Screening"
"COc1ccc(-n2c(C)cc(C=C(C#N)C(=O)NC3CCN(C(=O)C4CC4)CC3)c2C)cc1",446.23179081999996,"Screening"
"CC1CCC(NC(=O)C(C#N)=Cc2cn(CCC(N)=O)nc2-c2cccc(Br)c2)CC1",483.12698717200004,"Screening"
"CC(C)Cn1ncnc1CN(C#N)c1ccc(F)c([N+](=O)[O-])c1",318.12405193999996,"Screening"
"CC(c1cc2ccccc2o1)N(C)S(=O)(=O)C=Cc1ccccc1",341.108564468,"Screening"
"O=C(NC1CC1)c1ccc(CN(C2CC2)S(=O)(=O)C=Cc2ccccc2)cc1",396.150763628,"Screening"
"CN(c1cnn(C)c1)S(=O)(=O)c1ccccc1S(=O)(=O)F",333.02532608399997,"Screening"
"CN(C(=O)C(C#N)=Cc1ccccc1OCC(=O)O)C1CCCCC1",342.157957184,"Screening"
"Cc1cccn2c(=O)c(C=O)c(SCc3ccccc3)nc12",310.077598688,"Screening"
"N#CC(=Cc1ccc(-c2cccc([N+](=O)[O-])c2)s1)C(N)=O",299.03646214800006,"Screening"
"Cc1cccn2c(=O)c(C=O)c(Sc3nc4ccccc4s3)nc12",353.0292685920001,"Screening"
"COc1ccc(NC(=O)C(C#N)=Cc2ccco2)c2cccnc12",319.0956912760001,"Screening"
"Cc1nn(C)c2ncc(C=C(C#N)C(=O)Nc3ccc(F)c(Cl)c3)cc12",369.079265936,"Screening"
"CCc1cccc(N(C#N)CC(=O)Nc2ccccc2OC)c1",309.147726848,"Screening"
"CC(CNC(=O)C(C#N)=Cc1ccco1)c1ccsc1",286.077598688,"Screening"
"O=C(CN1CCN(S(=O)(=O)c2cccnc2Cl)CC1)Nc1ccc(OC(F)(F)F)cc1",478.06893839599996,"Screening"
"O=Cc1c(Sc2ccc(F)cc2)nc2ccccn2c1=O",300.036876748,"Screening"
"C=CC(=O)NCCNC(=O)C1CC(=O)N(c2ccc(F)c(C)c2)C1",333.14886972,"Screening"
"O=S(=O)(C=Cc1ccccc1)NCc1cccnc1Oc1cccc(F)c1",384.094391624,"Screening"
"Cn1nc(C(F)(F)F)c(C=C(C#N)C(=O)NCc2ccccc2)c1Cl",368.065173344,"Screening"
"CCN(C(C)=O)c1nc(CNC2CN(c3ccc(F)cc3)C2=O)cs1",362.121275068,"Screening"
"CCC(=O)N1CCCCC1C(=O)NC1CN(c2ccccc2)C1=O",329.17394159599996,"Screening"
"O=C(Cc1ccccc1[N+](=O)[O-])NC1CN(c2ccc(F)cc2)C1=O",343.09683414799997,"Screening"
"CCOc1ccc(C(=O)NC2CN(c3ccc(F)cc3)C2=O)cn1",329.117569592,"Screening"
"Cc1ocnc1C(=O)NC1CN(c2ccc(F)cc2)C1=O",289.08626946399994,"Screening"
"CC(NS(=O)(=O)C=Cc1ccccc1)C(=O)N(C)Cc1cnn(Cc2ccccc2)c1",438.17256169200004,"Screening"
"C=CC(=O)NCCNC(=O)c1ccc2c(c1)nc(C(F)(F)F)n2C(C)C",368.146010508,"Screening"
"C=CC(=O)NCCNC(=O)C=Cc1ccc(-n2cc(Br)cn2)c(F)c1",406.044066072,"Screening"
"Cn1c(=O)oc2c(C(=O)N3CCC(C4NC(=O)C4(C)C)CC3)cccc21",357.16885621600005,"Screening"
"CC1(C)C(=O)NC1C1CCN(C(=O)c2ocnc2C2CC2)CC1",317.173941596,"Screening"
"COc1ccccc1N1CCN(c2nc3ccc(C)cn3c(=O)c2C=O)CC1",378.16919056399996,"Screening"
"C=CC(=O)N1CCC(C(=O)NCCc2ccc(Cl)c(OC)c2)CC1",350.139720276,"Screening"
"O=C(NC1CN(c2ccc(F)cc2)C1=O)c1ccc2cc[nH]c2c1",323.107004908,"Screening"
"CC1CCCCC1OCC(=O)NC1CN(c2ccccc2)C1=O",316.17869262799996,"Screening"
"O=C(NC1CN(c2ccc(F)cc2)C1=O)c1ncncc1Cl",320.04763146,"Screening"
"O=C(NC1CN(c2ccccc2)C1=O)c1ccc(Cn2ccnc2)cc1",346.142975816,"Screening"
"CCN1CCOCC1C(=O)NC1CN(c2ccc(F)cc2)C1=O",321.14886971999994,"Screening"
"C=CC(=O)N(C)c1ccc(C(=O)N2CC3(CCC3)c3ncccc32)cc1",347.163376912,"Screening"
"C=CC(=O)N1CCCC(C(=O)NC(C)c2nc3c(s2)CC(C)CC3)C1",361.182398104,"Screening"
"CC(C)(C)OC(=O)N1CC[C@H]2CN(c3ccc(C=O)nn3)CC[C@H]21",332.184840628,"Screening"
"CCn1cc(C=O)c(CN2C(=O)c3ccccc3C2=O)n1",283.095691276,"Screening"
"O=S(=O)(F)c1ccc(-n2cc(CNCCO)nn2)cc1",300.069239496,"Screening"
"CC1CNCC(Cn2cc(-c3ccc(S(=O)(=O)F)cc3)nn2)C1",338.1212750680001,"Screening"
"C=CC(=O)N1CCN(C(=O)c2ccc(NC(=O)c3cccs3)cc2)[C@@H](C)C1",383.13036253200005,"Screening"
"C=CC(=O)N1CCN(C(=O)c2sc(NC(=O)C3CCCC3)cc2C)[C@@H](C)C1",389.17731272400005,"Screening"
"C=CC(=O)N1CCN(C(=O)Cc2csc(N3CCCNC3=O)n2)[C@@H](C)C1",377.15216059600004,"Screening"
"C=CC(=O)N1CCN(C(=O)Cn2nc(C(F)(F)F)c3c2CCOC3)[C@@H](C)C1",386.156575192,"Screening"
"C=CC(=O)N1CCN(C(=O)c2cc(-c3c(F)cc(F)cc3F)no2)[C@@H](C)C1",379.114376032,"Screening"
"C=CC(=O)N1CCN(C(=O)CC(O)c2ccc(Cl)c(Cl)c2)[C@@H](C)C1",370.08509785999996,"Screening"
"CC(C)n1cnnc1SCc1cccc(S(=O)(=O)F)c1",315.05114690799996,"Screening"
"C=CC(=O)N(C)c1ccc(C(=O)N2CCSCC2c2nc(C)cs2)cc1",387.10751891200005,"Screening"
"C=CC(=O)N1CCC(C(=O)Nc2ccc(C(F)(F)F)n(CC)c2=O)CC1",371.14567616,"Screening"
"O=S(=O)(F)Oc1ccc(CNC(Cc2ccccc2)c2ccccc2)cc1",385.11479271999997,"Screening"
"O=C1CC(NCc2ccc(OS(=O)(=O)F)cc2)CN1C1CCCCC1",370.13625643600005,"Screening"
"CC(C)c1ccccc1OCCC(=O)Nc1ccc(OS(=O)(=O)F)cc1",381.1046219599999,"Screening"
"N#Cc1ccc(C(=O)Nc2ccc(OS(=O)(=O)F)cc2)c(F)c1",338.017284176,"Screening"
"O=C(CCCS(=O)(=O)N1CCCC1)Nc1ccc(OS(=O)(=O)F)cc1",394.066856548,"Screening"
"O=C(NC1CCCC2(CC2)C1)c1cncc(OS(=O)(=O)F)c1",328.089306244,"Screening"
"CC(C)n1ncnc1NC(=O)c1cncc(OS(=O)(=O)F)c1",329.05940308399994,"Screening"
"O=C(c1cncc(OS(=O)(=O)F)c1)N1CCCc2nncn21",327.04375302000005,"Screening"
"COc1cncnc1NC(=O)c1cncc(OS(=O)(=O)F)c1",328.027768608,"Screening"
"COC1CN(C(=O)c2cncc(OS(=O)(=O)F)c2)CC1(C)C",332.08422086400003,"Screening"
"CC(C)n1ccc(NC(=O)c2cncc(OS(=O)(=O)F)c2)n1",328.06415411600005,"Screening"
"C=CC(=O)N1CCC(C(=O)N2CCOc3ccccc3C2C(F)F)CC1",364.159849004,"Screening"
"Cc1csc(CCNC(=O)c2cncc(OS(=O)(=O)F)c2)n1",345.02532608399997,"Screening"
"O=C(Nc1ccc(OS(=O)(=O)F)cc1)N1CCCC1CN1CCCC1",371.131505404,"Screening"
"O=S(=O)(F)Oc1ccc(CN2CCN(Cc3cccs3)CC2)cc1",370.082112688,"Screening"
"C=CC(=O)N(Cc1ccccc1OC1CCCC1)C1CCOC1",315.18344366,"Screening"
"C=CC(=O)N(CC1CCC(C(C)C)CC1)C1CCCS(=O)(=O)C1",341.202464852,"Screening"
"C=CC(=O)N(Cc1cccs1)C1CCc2cnn(C(C)C)c2C1",329.156183356,"Screening"
"C=CC(=O)N(Cc1ccc(F)c(C)c1)C(C)CN1CCOCC1",320.19000626,"Screening"
"CC(Cc1ccco1)N(Cc1cnc(C2CC2)o1)C(=O)CCl",322.10842014800005,"Screening"
"O=C(CCl)N(Cc1ccon1)CC1CCCCC1(F)F",306.094661904,"Screening"
"Cc1noc(C)c1C(C)CN(CCS(=O)(=O)F)CC(C)C",320.15699188,"Screening"
"C=CC(=O)NCCNC(=O)c1ncnc2c1c(Br)cn2C1CC1",377.048736852,"Screening"
"O=C(Nc1ccc(OS(=O)(=O)F)cc1)NC1(C2CCCCC2)CC1",356.120606372,"Screening"
"O=C(NCc1nc2c(s1)CCCC2)Nc1ccc(OS(=O)(=O)F)cc1",385.05662621199997,"Screening"
"CC(C)(C)OC(=O)Nc1ccc2cc(C=O)[nH]c2c1",260.116092372,"Screening"
"Cc1cc(CN(CCS(=O)(=O)F)c2cnn(C)c2)cs1",317.066796972,"Screening"
"Cc1coc(CN(CCS(=O)(=O)F)C2CC(F)(F)C2)c1",311.08029903199997,"Screening"
"CC(C)(C)CN(CCS(=O)(=O)F)CC(C)(O)c1ccco1",321.14100746799994,"Screening"
"C=CC(=O)N1CCC(C(=O)Nc2ncc(-c3ccccc3)o2)CC1",325.14264146799997,"Screening"
"C=CC(=O)N1CCCC(C(=O)N2CC(n3nnnc3C(F)(F)F)C2)C1",358.136508444,"Screening"
"C=CC(=O)N1CCC(C(=O)Nc2cc(C)n3nc(C(F)(F)F)nc3n2)CC1",382.13650844400007,"Screening"
"CCOC(=O)c1nnc(C2CCN(C(=O)CCl)CC2)s1",317.06009005199996,"Screening"
"C=CC(=O)N1CCC(C(=O)N2CCC[C@@H](C(=O)OC)[C@H]2c2nncn2C)CC1",389.2063043440001,"Screening"
"CCCn1nnnc1CN(C#N)c1cccc(CC)c1",270.159294576,"Screening"
"CS(=O)(=O)c1ccc(CCNC(=O)C(C#N)=Cc2ccco2)cc1",344.08307799199997,"Screening"
"Cc1cc(C=C(C#N)C(=O)NCCCN2C(=O)NC3(CCCC3)C2=O)c(C)n1CC(C)C",439.258339916,"Screening"
"CCNC(=O)COc1ccc(C=C(C#N)C(=O)NC2CCCCC2C)cc1OC",399.215806408,"Screening"
"O=C(NC(Cc1ccccc1)C(=O)N1CCN(S(=O)(=O)C=Cc2ccccc2)CC1)c1ccco1",493.16714196399994,"Screening"
"O=C(C1CC(=O)N(c2ccc3c(c2)OCCO3)C1)N1CCN(S(=O)(=O)C=Cc2ccccc2)CC1",497.162056584,"Screening"
"C=CC(=O)N1CCC(C(=O)Nc2cc(-c3ccc(Cl)s3)[nH]n2)CC1",364.07607446400004,"Screening"
"CCN(CC(=O)NC(C)(C)C)C(=O)C(C#N)=Cc1cc(C)n(CC(C)C)c1C",386.268176328,"Screening"
"O=S(=O)(C=Cc1ccccc1)N1CCN(c2ccc(S(=O)(=O)N3CCCCC3)cn2)CC1",476.15519737600005,"Screening"
"O=S(=O)(C=Cc1ccccc1)N1CCN(c2ccnc3cc(Cl)ccc23)CC1",413.09647556,"Screening"
"Cc1ccc(CN2C(=O)C(N3CCSC3=O)C2c2ccsc2)cc1",358.08096981600005,"Screening"
"O=C(Nc1cccc(CSc2ccccn2)c1)C1CCN(S(=O)(=O)C=Cc2ccccc2)CC1",493.14938372399996,"Screening"
"O=Cc1ccc(OCC(=O)N(Cc2ccc(F)cc2)C2CC2)cc1",327.127071656,"Screening"
"N#CN(Cc1cccc(C(N)=O)c1)c1ccc(F)c([N+](=O)[O-])c1",314.081518432,"Screening"
"O=C(CCNS(=O)(=O)C=Cc1ccccc1)Nc1ccc2c(c1)NC(=O)CO2",401.104541708,"Screening"
"Cc1cc(C(=O)O)ccc1NS(=O)(=O)C=Cc1cccc(Br)c1",394.98269102800003,"Screening"
"O=Cc1ccc(OCC(=O)N2CCC(CN3CCOCC3)CC2)cc1",346.189257312,"Screening"
"N#CC(=Cc1ccc(-c2cccc(Cl)c2)o1)C(=O)NCCN1CCOCC1",385.11931918,"Screening"
"COc1cc(C=C(C#N)C(=O)Nc2ccc(SC(F)F)cc2)ccc1OC(=O)c1cccs1",486.051955432,"Screening"
"COc1ccc2cc(C=C(C#N)C(=O)NC(C)c3ccccc3)ccc2c1",356.15247788,"Screening"
"COc1cc(C=C(C#N)C(N)=O)ccc1OCc1ccc(F)cc1",326.10667056000005,"Screening"
"COc1cc(C=C(C#N)C(=O)Nc2cccc(C(F)(F)F)c2)ccc1OC(F)F",412.084633376,"Screening"
"N#CC(=Cc1cccs1)C(=O)Nc1ncc(Cc2cc(Cl)ccc2Cl)s1",418.972059332,"Screening"
"CN(C)c1ccc(C=C(C#N)C(=O)Nc2ncc(Cc3cc(Cl)ccc3Cl)s2)cc1",456.05783755600004,"Screening"
"CCCCCCCCNC(=O)C(C#N)=Cc1ccc(N(CC)Cc2ccccc2)cc1",417.27801274,"Screening"
"CCCCCCCCNC(=O)C(C#N)=Cc1cccc(C(F)(F)F)c1",352.176248016,"Screening"
"CCCCCCCCNC(=O)C(C#N)=Cc1cccc(F)c1",302.179441576,"Screening"
"CC(NC(=O)C(C#N)=CC=Cc1ccccc1[N+](=O)[O-])c1ccccc1",347.126991404,"Screening"
"COc1cccc(NC(=O)C(C#N)=Cc2ccc(N3CCOCC3)cc2)c1",363.15829153199996,"Screening"
"N#CC(=Cc1cccc(C(F)(F)F)c1)C(=O)NCc1ccccc1",330.097997696,"Screening"
"CC(NC(=O)C(C#N)=Cc1ccccc1Br)c1ccccc1",354.0367752,"Screening"
"N#CC(=Cc1ccc(Br)cc1)C(=O)NCCN1CCOCC1",363.058238916,"Screening"
"N#CC(=Cc1cn(-c2ccccc2)nc1-c1cccs1)C(=O)Nc1ccccc1F",414.09506032,"Screening"
"CC(C)(C)c1ccc(C=C(C#N)C(=O)Nc2ccccc2F)cc1",322.148141448,"Screening"
"N#CC(=Cc1ccc(-c2ccc(Br)cc2)o1)C(=O)NCc1ccccc1",406.03168982,"Screening"
"N#CC(=Cc1cn(-c2ccccc2)nc1-c1cccnc1)C(=O)Nc1ccccc1F",409.133888352,"Screening"
"CCCCNC(=O)C(C#N)=Cc1ccc(Cl)cc1Cl",296.04831842799996,"Screening"
"N#CC(=Cc1cccc(Br)c1)C(=O)N1CCCC1",304.021125136,"Screening"
"Cc1cc(C=C(C#N)C(=O)Nc2ccc(C(=O)O)cc2)c(C)n1-c1cc(C(F)(F)F)ccc1Cl",487.0910537440001,"Screening"
"N#CC(=Cc1ccc(OCC(=O)O)cc1)C(=O)Nc1cc(Cl)cc(Cl)c1",390.017412224,"Screening"
"CCOCCCNC(=O)C(C#N)=Cc1ccc(OCc2ccc(C(=O)OC)cc2)cc1",422.18417193199997,"Screening"
"COc1cc(C=C(C#N)C(=O)Nc2ccc(C(=O)O)cc2)ccc1OC(C)C",380.13722174,"Screening"
"COc1cc(C=C(C#N)C(=O)NC2CCCCC2)cc(Br)c1OCC(=O)N(C)C",463.110668412,"Screening"
"CC1CCCCC1NC(=O)C(C#N)=Cc1ccc([N+](=O)[O-])cc1",313.142641468,"Screening"
"Cc1cc(C)c(NC(=O)C(C#N)=Cc2ccc(C(C)(C)C)cc2)c(C)c1",346.20451345199996,"Screening"
"N#CC(=Cc1ccc(OC(F)F)cc1)C(=O)N1CCCCC1",306.117984192,"Screening"
"Cc1ccc(NC(=O)C(C#N)=Cc2cc3c(cc2[N+](=O)[O-])OCO3)c(C)c1",365.10117058,"Screening"
"CC1CCCCC1NC(=O)C(C#N)=Cc1ccc(Cl)cc1Cl",336.079618556,"Screening"
"CCCCc1ccc(NC(=O)C(C#N)=Cc2ccc(NC(C)=O)cc2)cc1",361.179026976,"Screening"
"Cc1cccc(NC(=O)C(C#N)=Cc2cc3c(cc2[N+](=O)[O-])OCO3)c1C",365.1011705799999,"Screening"
"COCCCNC(=O)C(C#N)=Cc1cccc(Br)c1",322.03168982000005,"Screening"
"CC(C)NC(=O)C(C#N)=Cc1cc(Br)ccc1OCc1ccccc1",398.062989948,"Screening"
"CC1CCCCC1NC(=O)C(C#N)=Cc1ccc(OCc2ccccc2)cc1",374.199428072,"Screening"
"CC(C)CCOc1ccc(C=C(C#N)C(=O)NCCc2ccccc2)cc1",362.199428072,"Screening"
"N#CC(=Cc1cccc(Oc2ccccc2)c1)C(=O)NCCc1ccccc1",368.15247788,"Screening"
"CCCCc1ccc(NC(=O)C(C#N)=Cc2ccc(Cl)c([N+](=O)[O-])c2)cc1",383.103669116,"Screening"
"COc1ccc(Oc2ccc(C=C(C#N)C(=O)N3CCCC3)cc2[N+](=O)[O-])cc1",393.132470708,"Screening"
"COc1cc(C=C(C#N)C(=O)NC2CCCCC2C)ccc1OCC(=O)Nc1cccc(C(F)(F)F)c1",515.203191036,"Screening"
"N#CC(=Cc1c(Cl)cccc1Cl)C(=O)NCCc1ccccc1",344.04831842799996,"Screening"
"C=CS(=O)(=O)NCCc1ccccc1CC",239.097999784,"Screening"
"C=CS(=O)(=O)NCC(C)(C)c1nc(C)no1",245.08341234,"Screening"
"C=CS(=O)(=O)NC(CC)C(C)(C)C(=O)OC",249.103479088,"Screening"
"C=CS(=O)(=O)NC1(C#N)CCCC(C)C1",228.093248752,"Screening"
"C=CS(=O)(=O)N(C)CCN1CCCS1(=O)=O",268.055148992,"Screening"
"Cc1cc(Cl)ccc1S(=O)(=O)N1CCCN(C(=O)CCl)CC1",364.04151879599993,"Screening"
"O=C(CCl)N1CCN(S(=O)(=O)c2cccnc2N2CCCCC2)CC1",386.117939276,"Screening"
"CO[C@H]1C[C@@H](N(C)C(=O)C[C@H]2CCCN(C(=O)CCl)C2)C1",316.15537034,"Screening"
"O=C(C[C@H]1CCN(C(=O)CCl)C1)NC1CS(=O)(=O)C1",308.059755704,"Screening"
"CNC(=O)C(c1cc(F)ncc1F)N(C(=O)CCl)C(Cc1ccccc1)C1CC1",421.136861064,"Screening"
"Cc1ccoc1CN(C(=O)CCl)C(C(=O)NC1CCCC1)c1cnc(C2CCOCC2)o1",463.18739873999994,"Screening"
"CC(=O)Nc1cccc(N(C(=O)CCl)C(C(=O)NCC2CCCO2)c2cccc3[nH]cnc23)c1C",497.182982056,"Screening"
"O=C(NCc1cc(Cl)c2c(c1)OCCCO2)[C@@H]1CCCN(C(=O)CCl)C1",400.095662544,"Screening"
"Cc1cc(C(=O)N2CCCN(C(=O)CCl)CC2)c(N2CCCC2)cc1Cl",397.13238240000004,"Screening"
"CCn1cnc(COc2cc(B(O)O)c(C=O)cc2OC)n1",305.118301012,"Screening"
"Cc1ccccc1C1(CNC(=O)C(C#N)=Cc2ccc(O)cc2)CC1",332.15247788,"Screening"
"COc1cc(C=C(C#N)C(=O)Nc2ncc(Cc3cc(Cl)ccc3Cl)s2)ccc1O",459.0211177,"Screening"
"CC(C)(C)c1csc(NC(=O)C(C#N)=Cc2ccc(O)c(Cl)c2)n1",361.065175432,"Screening"
"CCOC(=O)CN(C)C(=O)COC(=O)c1ccc2c(C=O)n[nH]c2c1",347.11173526400006,"Screening"
"Cc1ncc(CO)c(C=O)c1O",167.058243148,"Screening"
"Fc1cc(Br)cc(OCC2CO2)c1",245.969169816,"Screening"
"C=CS(=O)(=O)N(C)c1ccccc1",197.051049592,"Screening"
"COc1ccccc1COCC1CO1",194.094294308,"Screening"
"O=Cc1ccc(-c2ccc(Cl)c(Cl)c2)s1",255.951641172,"Screening"
"C=CS(=O)(=O)c1ccc(C(C)(C)C)cc1",224.087100752,"Screening"
"Cc1cc(C=O)c(C)n1-c1ccc(Br)cc1",277.010226104,"Screening"
"Cc1nn(C2CCS(=O)(=O)C2)c(Cl)c1C=O",262.017890892,"Screening"
"Cc1nn(-c2ccc(Br)cc2)c(C)c1C=O",278.005475072,"Screening"
"Cc1nn(-c2cccc(Br)c2)c(Cl)c1C=O",297.950852656,"Screening"
"O=C(CCl)Nc1cc(C(F)(F)F)c[nH]c1=O",254.006989772,"Screening"
"O=Cc1csc(COc2ccc(Cl)cc2)n1",252.996427176,"Screening"
"CC(C)(C)OC(=O)Nc1nc(Cl)c(C=O)s1",262.017890892,"Screening"
"COc1cccc(-c2nn(Cc3ccccc3)cc2C=O)c1",292.121177752,"Screening"
"O=Cc1cn(Cc2ccccc2)nc1-c1cccnc1",263.105862036,"Screening"
"O=Cc1cn(Cc2ccccc2)nc1-c1cccs1",268.067034004,"Screening"
"O=Cc1cn(Cc2ccccc2)nc1-c1ccccc1",262.110613068,"Screening"
"CC(C)(C)OC(=O)N1CCc2[nH]nc(C=O)c2C1",251.126991404,"Screening"
"Cc1cc(C=O)c(C)n1-c1cc(Cl)cc(Cl)c1",267.021769332,"Screening"
"O=Cc1ccc(COc2c(Cl)cccc2Cl)o1",269.985049476,"Screening"
"Cc1cc(C=O)c(C)n1CCc1ccc(Cl)cc1",261.092041812,"Screening"
"CC(C)(C)c1nn(-c2ccccc2Cl)cc1C=O",262.08729078,"Screening"
"O=C(CCl)N1CCN(C(=O)c2cccnc2)CC1",267.077454368,"Screening"
"CC(=O)N(c1ccc(C)cc1)c1nc(C=O)cs1",260.061948624,"Screening"
"CC(=O)N(c1nc(C=O)cs1)c1c(C)cccc1C",274.077598688,"Screening"
"CC(Cl)C(=O)NC(=O)Nc1ccc2c(c1)OCCO2",284.056384576,"Screening"
"Cc1nn(-c2cccc(C(F)(F)F)c2)c(Cl)c1C=O",288.02772521599996,"Screening"
"Cc1c(C=O)c2ccccn2c1C(=O)c1cccs1",269.051049592,"Screening"
"O=Cc1ccccc1OCC(=O)Nc1ccccc1",255.089543276,"Screening"
"CC(Cl)C(=O)Nc1ccc(CN2CCOCC2)cc1",282.113505528,"Screening"
"O=Cc1nc2ccccc2n1Cc1ccc(Cl)cc1",270.05599065200005,"Screening"
"O=Cc1ccc(COc2c(F)c(F)cc(F)c2F)o1",274.025306932,"Screening"
"CCOC(=O)c1c(NC(=O)CCl)sc2c1CCC(C)C2",315.069592116,"Screening"
"O=C(CCl)Nc1ccccc1C(=O)Nc1ccccc1",288.066555336,"Screening"
"O=Cc1cn(-c2ccccc2)nc1-c1cccc(Cl)c1",282.05599065200005,"Screening"
"Cc1cccc(-c2nn(-c3ccccc3)cc2C=O)c1",262.110613068,"Screening"
"COc1ccc(-c2nn(CCC(=O)O)cc2C=O)cc1",274.095356928,"Screening"
"O=C(CCl)Nc1cc(C(F)(F)F)ccc1N1CCCC1",306.074675408,"Screening"
"CCOC(=O)c1ccc(-n2c(C)cc(C=O)c2C)cc1",271.120843404,"Screening"
"CC(Cl)C(=O)Nc1ccc(NC(=O)c2cccs2)cc1",308.038626336,"Screening"
"O=Cc1c(Cl)nc(N2CCOCC2)n1-c1ccccc1",291.077454368,"Screening"
"COc1cccc(Cn2cc(C=O)c3ccccc32)c1",265.11027872,"Screening"
"Cc1ccc(-c2nn(-c3ccccc3)cc2C=O)cc1C",276.12626313199996,"Screening"
"O=Cc1cn(CCC(=O)O)nc1-c1cc2ccccc2o1",284.079706864,"Screening"
"COCC(C)N(Cc1ccc(C(F)(F)F)cc1)C(=O)CCl",323.089991124,"Screening"
"C=CC(=O)Nc1cc(S(=O)(=O)N2CCCCC2)ccc1C",308.1194635,"Screening"
"N#CC(C(=O)NC1CCCCC1)=C1N=C(N)c2ccccc21",294.148061196,"Screening"
"COc1cc(C=O)ccc1OCc1ncc(C)c(OC)c1C",301.131408088,"Screening"
"O=Cc1ccc(Oc2nc(C3CC3)cc(C(F)(F)F)n2)cc1",308.0772622520001,"Screening"
"COc1cc(-c2nn(CCC#N)cc2C=O)ccc1OC(F)F",321.092497716,"Screening"
"O=Cc1c(-c2ccccc2)n(-c2ccccc2)c2ccccc12",297.1153641,"Screening"
"CC(C)Oc1ccc(-c2nn(-c3ccccc3)cc2C=O)cc1",306.136827816,"Screening"
"O=Cc1c(Sc2nc3ccccc3s2)nc2ccccn2c1=O",339.01361852800005,"Screening"
"CCOc1ccc(S(=O)(=O)N2CCOCC2)cc1NC(=O)CCl",362.070320388,"Screening"
"COc1ccc(C=O)cc1COc1ccc(C(C)=O)cc1OC",314.115423676,"Screening"
"CCOc1ccc(Oc2c(C=O)c(C)nn2-c2ccccc2)cc1",322.131742436,"Screening"
"CC(C)COc1ccc(-c2nn(-c3ccccc3)cc2C=O)cc1",320.15247787999994,"Screening"
"O=Cc1cn(-c2ccccc2)nc1-c1ccc(-c2ccccc2)cc1",324.12626313199996,"Screening"
"COc1ccc2cc(-c3nn(-c4ccccc4)cc3C=O)ccc2c1",328.121177752,"Screening"
"Cc1n[nH]c(C)c1C=C(C#N)C(=O)Nc1ccc(SC(F)F)cc1",348.085638508,"Screening"
"N#CC(=Cc1cccc2c1OCO2)C(=O)Nc1cc(Cl)ccc1N1CCOCC1",411.09858373599997,"Screening"
"Cc1n[nH]c(C)c1C=C(C#N)C(=O)Nc1ccc(Cl)cc1Cl",334.03881636399996,"Screening"
"CC(C)NC(=O)CN1CCN(c2ccc([N+](=O)[O-])cc2C=O)CC1",334.16410518399994,"Screening"
"N#CC(=Cc1cc(F)ccc1F)C(=O)Nc1ccc(SC(F)F)cc1",366.04499682,"Screening"
"N#CC(=Cc1csc(-c2ccccn2)n1)C(=O)Nc1ccc(F)c(Cl)c1",384.02478784,"Screening"
"Cc1ccc(C=CS(=O)(=O)NCc2ccc(Cn3ccnc3)cc2)cc1",367.1354479120001,"Screening"
"N#CC(=Cc1cnn(-c2ccc(Cl)cc2)c1)C(=O)NC1CCCCC1",354.12473890800004,"Screening"
"CC(NS(=O)(=O)C=Cc1ccccc1)c1ccc(NC(=O)C2CC2)cc1",370.135113564,"Screening"
"CN1C(=CC(=O)COC(=O)c2nc(Cl)c(Cl)c(Cl)c2Cl)C(C)(C)c2ccccc21",471.991503092,"Screening"
"Cc1cc(NC(=O)COC(=O)c2nc(Cl)c(Cl)c(Cl)c2Cl)n(-c2ccccc2)n1",471.96635096400007,"Screening"
"O=S(=O)(C=Cc1ccccc1)NCCc1c[nH]c2ccc(F)cc12",344.09947700400005,"Screening"
"C=CC(=O)N1CCC(C(=O)N2CCC(F)(c3cc(C)cc(F)c3)C2)CC1",362.180584448,"Screening"
"Cc1ccc(C=CS(=O)(=O)NC(C)(C(N)=O)c2ccccc2)cc1",344.1194635,"Screening"
"N#Cc1cc(N(C#N)Cc2ccc([N+](=O)[O-])c(F)c2)ccc1F",314.061531936,"Screening"
"Cc1cc(C=C(C#N)C(N)=O)c(C)n1-c1ccc2c(c1)CCC2",305.152812228,"Screening"
"C=CC(=O)NCCNC(=O)c1nc(C(C)C)n(-c2ccccc2F)n1",345.1601031,"Screening"
"Cc1cc(C=C(C#N)C(=O)Nc2nncs2)c(C)n1C1CCCCC1",355.14668129200004,"Screening"
"COCCn1c(C)cc(C=C(C#N)C(=O)N2CCN(S(=O)(=O)c3cc(C)ccc3C)CC2)c1C",484.2144265039999,"Screening"
"CCCn1c(C)cc(C=C(C#N)C(=O)NNC(=O)C2CC2)c1C",314.174275944,"Screening"
"O=C(C=Cc1cc(Cl)c2c(c1)OCCO2)NS(=O)(=O)C=Cc1ccccc1",405.043771292,"Screening"
"N#CC(=Cc1cc(F)ccc1F)C(=O)Nc1cc(Cl)ccc1N1CCOCC1",403.089910872,"Screening"
"C=CC(=O)Nc1ccc(C(=O)NC2CCc3ccccc3OC2)cc1",336.14739249999997,"Screening"
"CC1CN(C(=O)C(C#N)=Cc2ccc(OC(F)F)cc2)CC(C)O1",336.12854887599997,"Screening"
"CCCn1c(C)cc(C=C(C#N)C(=O)NC(C)CC#N)c1C",298.179361324,"Screening"
"O=S(=O)(C=Cc1ccccc1)Nc1cccc(OCCn2cccn2)c1",369.11471246800005,"Screening"
"CCc1ccc(NC(=O)COC(=O)c2ccc(C=O)cc2)cc1",311.115758024,"Screening"
"CCOC(=O)C1=C(COC(=O)c2ccc(C=O)cc2)NC(=O)NC1C",346.116486296,"Screening"
"O=Cc1ccc(C(=O)OCC(=O)NCc2cccs2)cc1",303.05652889600003,"Screening"
"O=Cc1ccc(C(=O)OCC(=O)NC(=O)NC2CCCC2)cc1",318.121571676,"Screening"
"CC(CCc1ccccc1)NC(=O)COC(=O)c1ccc(C=O)cc1",339.147058152,"Screening"
"N#CC(=Cc1ccco1)C(=O)NS(=O)(=O)c1ccc2c(c1)OCCO2",360.0416071039999,"Screening"
"O=C(COC(=O)c1cnc(Cl)c(Cl)c1)Nc1cccc(S(=O)(=O)N2CCOCC2)c1",473.021511624,"Screening"
"CSc1ncccc1C(=O)OCC(=O)Nc1cccc(S(=O)(=O)N=C2CCCCCN2)c1",476.11881186799997,"Screening"
"CSc1ncccc1C(=O)OC(C)C(=O)Nc1cc(S(=O)(=O)N2CCCCC2)ccc1Cl",497.08459054799994,"Screening"
"CCOc1cccc(C=C(C#N)C(=O)NC2CCCCC2C)c1",312.183778008,"Screening"
"O=Cc1ccc(OCC(=O)NC2CCCc3ccccc32)cc1",309.136493468,"Screening"
"C=CC(=O)N1CCC(C(=O)NCC2CC(c3ccc(OC)c(C)c3)=NO2)CC1",385.20015634400005,"Screening"
"O=C(OCC(=O)N1CCN(S(=O)(=O)c2ccc3ccccc3c2)CC1)c1cccnc1Cl",473.08121942,"Screening"
"Cn1cccc1C=C(C#N)C(=O)Nc1ccc(C(=O)O)cc1",295.095691276,"Screening"
"Cc1cccn2c(=O)c(C=O)c(NC3CCS(=O)(=O)C3)nc12",321.07832696,"Screening"
"COc1ccc(CNC(=O)C(C#N)=CN2CCN(c3ccc(F)cc3)CC2)cc1",394.180504196,"Screening"
"O=C(NC(CC1CCCCC1)c1ccccc1)C1CCN(S(=O)(=O)c2cccnc2Cl)CC1",489.18529056399996,"Screening"
"C=CC(=O)NCc1ccc(C(=O)Nc2ccc(Oc3cccc(C(N)=O)c3)nc2)cc1",416.14845512000005,"Screening"
"CC(C)(C)c1csc(NC(=O)C(C#N)=CC2=Cc3ccccc3OC2)n1",365.119797848,"Screening"
"COCCCN1C(=O)C(Oc2ccc(OC)cc2)C1c1ccc(C)s1",361.134779216,"Screening"
"CCc1cccc(N(C#N)Cc2nnc(-c3ccccc3OC)o2)c1",334.14297581599993,"Screening"
"Cc1cccn2c(=O)c(C=O)c(Nc3ccccc3F)nc12",297.091354844,"Screening"
"O=Cc1c(-c2ccc(Cl)cc2)nc2ccccn12",256.040340588,"Screening"
"C=CC(=O)Nc1ccc(C(=O)Nc2cccc(C3(C)NC(=O)NC3=O)c2)cc1",378.13280505599994,"Screening"
"Cn1cc(C=C(C#N)C(=O)NC2CCCC2)c(-c2ccncc2)n1",321.15896022800007,"Screening"
"C=CC(=O)Nc1ccc(C(=O)N2CC=C(c3ccc(OCC)cc3)CC2)cc1",376.178692628,"Screening"
"Cn1cc(C=C(C#N)C(=O)Nc2cc(Cl)cc(Cl)c2)c(-c2ccncc2)n1",397.04971539600007,"Screening"
"Cc1c(C=C(C#N)C(=O)NCC2(c3ccccc3)CC2)cc(C#N)n1C",344.16371126,"Screening"
"CC1CC1c1ccc(C=C(C#N)C(=O)Nc2ccc(C(=O)O)cc2)o1",336.11100699199994,"Screening"
"CCCn1c(C)cc(C=C(C#N)C(=O)N2CC(C(=O)N(C)C)Oc3ccccc32)c1C",420.21614075599996,"Screening"
"C=CC(=O)NCCC(=O)NCC1CCC(C)(C)c2ccccc21",314.199428072,"Screening"
"CNC(=O)C(C#N)=Cc1cc(C)n(-c2cccc([N+](=O)[O-])c2)c1C",324.12224037199996,"Screening"
"Cc1cn2c(C=C(C#N)C(=O)Nc3c(C)cccc3C)c(C)nc2s1",350.12013219600004,"Screening"
"C=CC(=O)NCc1ccc(C(=O)N2CCN(c3ncccc3Cl)CC2)cc1",384.135303592,"Screening"
"Cc1nn(-c2ccccc2)c(N2CCCCC2)c1C=C(C#N)C(N)=O",335.17461029200007,"Screening"
"CCCc1ccc(NC(=O)C(C#N)=Cc2cc(C)n(C3CC3)c2C)cc1",347.19976242,"Screening"
"CCOc1cc2c(cc1NS(=O)(=O)C=Cc1ccccc1)OC(C)C2",359.11912915199997,"Screening"
"COC(=O)c1ccc(CN(C#N)c2ccc(F)c([N+](=O)[O-])c2)s1",335.03760501999994,"Screening"
"CSCCN(C#N)c1ccc(F)c([N+](=O)[O-])c1",255.04777578,"Screening"
"C#CCN(CC1CCCO1)C(=O)c1ccc(NC(=O)C=C)cc1",312.1473925,"Screening"
"COc1ccccc1Oc1ccc(NS(=O)(=O)C=Cc2ccccc2)cc1",381.10347908800003,"Screening"
"Cn1cc(C=O)c2nc3cc(C(F)(F)F)ccc3cc2c1=O",306.06161218799997,"Screening"
"Cn1c(CNC=C(C#N)C(=O)Nc2ccccc2)cc(=O)n(C)c1=O",339.133139404,"Screening"
"O=C1CC(c2ccccc2)N1CN(Cc1ccccc1)CC1CCCO1",350.19942807199993,"Screening"
"COc1cc(S(=O)(=O)N2CCOCC2)ccc1NC(=O)COC(=O)c1cc(Cl)nc(Cl)c1",503.03207630799994,"Screening"
"N#CC(=Cc1csc2ccccc12)C(=O)Nc1ccc(N2CCOCC2)cc1",389.119797848,"Screening"
"N#CC(=Cc1cc2ccccc2o1)C(=O)Nc1ccccc1C(F)(F)F",356.077262252,"Screening"
"CCC1SC(=C(C#N)C(=O)NCc2ccccc2)N(c2ccc(F)cc2)C1=O",395.110376036,"Screening"
"CC1SC(=C(C#N)C(=O)NCCc2ccccc2)N(c2ccc(Br)cc2)C1=O",455.03030991599996,"Screening"
"O=Cc1cc(Br)ccc1OCC(=O)Nc1ccon1",323.974568868,"Screening"
"N#CC(=Cc1ccccc1OCC(=O)O)C(=O)NC1CCCC1",314.126657056,"Screening"
"C=CC(=O)N1CCC(C(=O)Nc2cc(F)c(F)cc2N2CCOCC2)CC1",379.170748036,"Screening"
"CN(c1ccn(C)n1)S(=O)(=O)c1ccccc1S(=O)(=O)F",333.02532608399997,"Screening"
"COc1ccc(C2CCCN2S(=O)(=O)C=Cc2ccccc2)cc1OC",373.13477921599997,"Screening"
"N#CC(=Cc1cccc(OCc2ccccc2C(=O)O)c1)C(N)=O",322.095356928,"Screening"
"CS(=O)(=O)c1ncc(Cl)c(C(=O)OCC(=O)N(Cc2ccc(F)cc2)C2CCCCC2)n1",483.10309773600005,"Screening"
"Cc1sc2nc(CSc3ccc(Cl)cc3)nc(N3CCC4(CC3)CC(=O)N4)c2c1C",458.10018103600004,"Screening"
"N#CC(=Cc1ccco1)C(=O)NS(=O)(=O)c1cccc2cnccc12",353.04702683200003,"Screening"
"COC(=O)c1cc(CN(C#N)c2ccc(F)c([N+](=O)[O-])c2)c(C)s1",349.05325508399994,"Screening"
"C=CC(=O)NCCNC(=O)c1[nH]nc(C(C)C)c1Br",328.053487884,"Screening"
"C=CC(=O)Nc1ccc(C(=O)NCC2CC(=O)Nc3ccccc32)cc1",349.142641468,"Screening"
"C=CC(=O)NCc1ccc(C(=O)NC2(C(=O)N3CCN(C)CC3)CCCC2)cc1",398.23179082,"Screening"
"C=CC(=O)NCCNC(=O)c1ccc(Br)c(F)c1",314.006617944,"Screening"
"C=CC(=O)NCCNC(=O)c1cn(CCC#N)nc1-c1cccc(Br)c1",415.06438691600005,"Screening"
"Cc1ccc(C)c(Cn2c(C)c(C=O)c3ccccc32)c1",277.146664228,"Screening"
"CC(C)NC(=O)CN(C#N)c1ccccc1",217.1215121,"Screening"
"COc1ccc2c(c1)CCC2(O)CNC(=O)Cc1ccc(C=O)cc1",339.147058152,"Screening"
"C=CC(=O)N(CC)CC(=O)NCCn1nnc2c1CCCC2",305.18517497600004,"Screening"
"C=CC(=O)N(C)CC(=O)N=S(=O)(CC)c1ccc(C)cc1",308.1194635,"Screening"
"C=CC(=O)N(C)c1ccc(C(=O)N2CCOCC2CCC(F)(F)F)cc1",370.15042719200005,"Screening"
"C=CS(=O)(=O)NCC1CNC(=O)C(C)(C)C1",246.103813436,"Screening"
"C=CC(=O)N(CC)CC(=O)N1CCC2(CC1)CC(=O)c1cc(F)ccc1O2",374.164185436,"Screening"
"O=S(=O)(F)c1cccc(-n2cc(CCNC3CCOCC3)nn2)c1",354.1161896880001,"Screening"
"CC(C)(C)C(N)c1cn(-c2ccc(S(=O)(=O)F)cc2)nn1",312.1056250040001,"Screening"
"NC(CC1CC1)c1cn(-c2ccc(S(=O)(=O)F)cc2)nn1",310.0899749400001,"Screening"
"O=S(=O)(F)c1ccc(-n2cc(CCC3CCCN3)nn2)cc1",324.10562500400005,"Screening"
"C=CC(=O)N1CCN(C(=O)CN2C(=O)NC(C)(c3ccc(C)cc3)C2=O)[C@@H](C)C1",398.19540531199993,"Screening"
"C=CC(=O)N1CCN(C(=O)c2oc3ccccc3c2CS(C)(=O)=O)[C@@H](C)C1",390.12494280399994,"Screening"
"C=CC(=O)N1CCN(C(=O)c2cc(N3CCCC3=O)ccc2F)[C@@H](C)C1",359.164519784,"Screening"
"C=CC(=O)N1CCN(C(=O)c2cc(NC(=O)OCC)ccc2Cl)[C@@H](C)C1",379.129883864,"Screening"
"C=CC(=O)N1CCN(C(=O)c2cc(OC)c(Cl)c([N+](=O)[O-])c2)[C@@H](C)C1",367.09349835599994,"Screening"
"C=CC(=O)N1CCN(C(=O)C2Cc3cc(Cl)ccc3C(=O)O2)[C@@H](C)C1",362.10333476799997,"Screening"
"CC(C)N1C(=O)C(=O)N(Cc2cccc(S(=O)(=O)F)c2)C1=O",328.052920736,"Screening"
"COCc1ccccc1CNCc1ccc(OS(=O)(=O)F)cc1",339.09405727599994,"Screening"
"O=[N+]([O-])c1ncc(N2CCC(S(=O)(=O)F)C2)cc1Br",352.948117088,"Screening"
"C=CC(=O)N1CCCC(C(=O)N2CCN(c3nc(Br)n[nH]3)CC2)C1",396.09093601200004,"Screening"
"CC(C(=O)Nc1ccc(OS(=O)(=O)F)cc1)c1cccnc1",324.05800611600006,"Screening"
"CC(COCC(=O)Nc1ccc(OS(=O)(=O)F)cc1)c1ccccc1",367.08897189600003,"Screening"
"Cn1nc(C2CC2)cc1C(=O)Nc1ccc(OS(=O)(=O)F)cc1",339.06890514799994,"Screening"
"CCSc1ccccc1C(=O)Nc1ccc(OS(=O)(=O)F)cc1",355.0348281479999,"Screening"
"O=C(c1cncc(OS(=O)(=O)F)c1)N1CCCC2CCCC21",328.089306244,"Screening"
"O=C(Nc1ccnn1Cc1ccccc1F)c1cncc(OS(=O)(=O)F)c1",394.0547323039999,"Screening"
"CO[C@@H]1COCC[C@H]1NC(=O)c1cncc(OS(=O)(=O)F)c1",334.06348542,"Screening"
"C#CCN(C(=O)c1cncc(OS(=O)(=O)F)c1)C1CCOC1",328.052920736,"Screening"
"COC1COCCC1NC(=O)c1cncc(OS(=O)(=O)F)c1",334.06348542,"Screening"
"C=CC(=O)N1CCC(C(=O)NC2(c3ccccc3)CC2C(F)(F)F)CC1",366.155512572,"Screening"
"O=S(=O)(F)c1cccc(CN2CCCCC2c2nnc(C3CCC3)o2)n1",380.131839752,"Screening"
"CC(C)(C)OC(=O)N1CC(c2ncc(C=O)o2)C1",252.111006992,"Screening"
"CC(NC(=O)c1cncc(OS(=O)(=O)F)c1)c1nncn1C",329.05940308400005,"Screening"
"O=C(NC1CCN(Cc2ccc(OS(=O)(=O)F)cc2)CC1)c1ccccc1",392.120606372,"Screening"
"CCc1ccc(CN(C(=O)CCl)c2cn(C)nn2)cc1",292.109088844,"Screening"
"C=CC(=O)N(Cc1ccn(C)c1)C1CCCOc2ccccc21",310.168127944,"Screening"
"C=CC(=O)N1CCC(C(=O)N2CCOc3cc(Br)c(F)cc32)CC1",396.048482756,"Screening"
"CCn1ncc(CN(CCS(=O)(=O)F)c2cccc(C)c2)n1",326.12127506800005,"Screening"
"CC1CC(N(CCS(=O)(=O)F)Cc2ccnn2CC2CC2)C1",329.157326228,"Screening"
"CCn1ncc(CN(CCS(=O)(=O)F)Cc2ccccc2)n1",326.12127506800005,"Screening"
"COCCOCCN(C)C(=O)Nc1ccc(OS(=O)(=O)F)cc1",350.094785548,"Screening"
"C[C@H]1CC[C@H](O)CN1C(=O)Nc1ccc(OS(=O)(=O)F)cc1",332.08422086400003,"Screening"
"O=C(NC1CCN(c2cccc(OC(F)(F)F)c2)C1=O)C1CO1",330.082741556,"Screening"
"C=CS(=O)(=O)N1CCCC1C(C)(C)C",217.113649848,"Screening"
"C=CC(=O)NCc1ccc(C(=O)N2c3cnn(C)c3CCC2C(F)(F)F)cc1",392.146010508,"Screening"
"C=CC(=O)N1CCC(C(=O)N2CCCc3cc(C(=O)N(C)C)ccc32)CC1",369.205241724,"Screening"
"C=CC(=O)N1CCC(C(=O)OC(c2cccc(Cl)c2)C(F)(F)F)CC1",375.084905744,"Screening"
"C=CC(=O)N1CCC(C(=O)N2CC(=O)Nc3ccc(C(=O)OC)cc32)CC1",371.14812077199997,"Screening"
"C=CC(=O)N1CCC(C(=O)N(C)c2nc3ccc(Cl)cc3s2)CC1",363.08082549600005,"Screening"
"O=C(CCCn1cccn1)Nc1cncc(OS(=O)(=O)F)c1",328.064154116,"Screening"
"C#Cc1cc(OS(=O)(=O)F)cc(C(=O)NC(C)c2nncn2C)c1",352.0641541160001,"Screening"
"CC(C)OCc1ccccc1CC(=O)Nc1cncc(OS(=O)(=O)F)c1",382.0998709279999,"Screening"
"NC(=O)C1(NC(=O)c2ccc(B(O)O)c(C=O)c2)CCOc2ccccc21",368.117966664,"Screening"
"CN(C(=O)c1ccc(B(O)O)c(C=O)c1)C1CCc2[nH]c3c(F)cc(F)cc3c2C1",412.14059392800004,"Screening"
"Cc1cc(C)c2c(c1)C(N(C)C(=O)c1ccc(B(O)O)c(C=O)c1)CCO2",367.1591032039999,"Screening"
"CN(C)C(=O)C1CC(=O)N(C2CN(C(=O)c3ccc(B(O)O)c(C=O)c3)C2)C1",387.16016582399993,"Screening"
"CC(C)(C)OC(=O)n1ccc2c1CN(C(=O)c1ccc(B(O)O)c(C=O)c1)CC2",398.16491685599993,"Screening"
"O=Cc1cc(C(=O)NC2CCC(=O)NC2C2CCCO2)ccc1B(O)O",360.149266792,"Screening"
"O=Cc1cc(C(=O)N2CCN(c3cncc4nnnn34)CC2)ccc1B(O)O",381.135682392,"Screening"
"Cc1cccc2c1CC(C)(C)N(C(=O)c1ccc(B(O)O)c(C=O)c1)C2",351.16418858399993,"Screening"
"CC1c2[nH]c3ccccc3c2CCN1C(=O)c1ccc(B(O)O)c(C=O)c1",362.14378748799993,"Screening"
"CCOC(=O)c1ncn2c1CN(C(=O)c1ccc(B(O)O)c(C=O)c1)CC2",371.12886569599993,"Screening"
"CC1COC(c2cccc(Cl)c2)CN1C(=O)c1ccc(B(O)O)c(C=O)c1",387.10448078799993,"Screening"
"Cc1ccc(Cl)cc1N1CCC(CNC(=O)c2ccc(B(O)O)c(C=O)c2)C1",400.13611526399995,"Screening"
"O=Cc1cc(C(=O)NC2CCN(c3[nH]cnc4ncnc3-4)CC2)ccc1B(O)O",394.156083488,"Screening"
"CC1CN(C(=O)c2ccco2)CCN1C(=O)c1ccc(B(O)O)c(C=O)c1",370.13361672799994,"Screening"
"CN(CC1CCN(C(=O)Nc2ccccc2)CC1)C(=O)c1ccc(B(O)O)c(C=O)c1",423.1965513319999,"Screening"
"CC(C)c1ncc(COc2cccc(B(O)O)c2C=O)s1",305.089309392,"Screening"
"CC(Oc1ccc(B(O)O)c(C=O)c1)c1nnnn1C1CCCCC1",344.16558555200004,"Screening"
"Cc1ccc(-n2nnnc2COc2ccc(B(O)O)c(C=O)c2)cc1",338.11863536,"Screening"
"CC1CCCN(C(=O)C2CCN(C(=O)COc3ccc(B(O)O)c(C=O)c3)CC2)C1",416.21186704799993,"Screening"
"CC1CCN(C(=O)COc2ccc(B(O)O)c(C=O)c2)c2ccccc2S1",385.11552414000005,"Screening"
"C=CS(=O)(=O)NC(C)c1cc[nH]n1",201.057197592,"Screening"
"C=CS(=O)(=O)NCCOc1cccnc1C",242.072513308,"Screening"
"C=CC(=O)NC(C)(C)CC(C)(NCc1cn(CC)nc1C)c1nnnn1CCSC",434.25762870800014,"Screening"
"C=CC(=O)NC(C)(C)CC(C)(NCCc1cnnn1C)c1nnnn1-c1ccc2c(c1)OCCO2",481.25498585200006,"Screening"
"C=CC(=O)NC(C)(C)CC(C)(NCCc1cc(C)no1)c1nnnn1-c1cccc(OC)c1",453.24883785200007,"Screening"
"C=CC(=O)NC(C)(C)CC(C)(NCC(C)C=C)c1nnnn1C1CN(C(=O)OC(C)(C)C)C1",461.311438108,"Screening"
"C=CC(=O)NC(C)(C)CC(C)(NCCOC(F)(F)C(F)(F)F)c1nnnn1CCOCC",472.2221298880001,"Screening"
"C=CC(=O)NC(C)(C)CC(C)(NCCc1cccc(OC)n1)c1nnnn1CCSC",447.2416442960001,"Screening"
"C=CC(=O)NC(C)(C)CC(C)(NCC12COC(C(=O)OC)(C1)C2)c1nnnn1CCOCC",464.27471825200007,"Screening"
"C=CC(=O)N1CC2CN(C(C(=O)Nc3ccc(F)cc3)c3cnccn3)CC2C1",395.175753164,"Screening"
"C=CC(=O)N1CCC(CNC(c2nnnn2CCNC(=O)OC(C)(C)C)[C@H]2C[C@H]2C(F)F)CC1",483.27694441999995,"Screening"
"C=CCCC(C)NC(c1ccc(NC(=O)C=C)cc1)c1nnnn1C1CCC1",380.23245951600006,"Screening"
"C=CC(=O)Nc1ccc(C(NCCOc2cccc(F)c2)c2nnnn2C2CCC2)cc1",436.2023022600001,"Screening"
"C=CC(=O)Nc1ccc(C(NC(CC)c2cccs2)c2nnnn2C2CCCC2)cc1",436.2045305160001,"Screening"
"C=CC(=O)Nc1ccc(C(NCC2CC=CCC2)c2nnnn2C2CCC2)cc1",392.23245951600006,"Screening"
"C=CC(=O)Nc1ccc(C(Nc2cnn(CCOC)c2)c2nnnn2C)cc1",382.1865719440001,"Screening"
"C=CC(=O)Nc1ccc(C(Nc2cc(C)n(C)n2)c2nnnn2CCC(=O)OCC)cc1",438.212786692,"Screening"
"C=CC(=O)N1CCC(CNC(CCCC)(COC)c2nnnn2CC(=C)C)CC1",404.28997439200003,"Screening"
"C=CC(=O)N1CCC(CNC2(c3nnnn3C3CCCC3)CCC3(CC3)CC2)CC1",412.29505977199995,"Screening"
"C=CC(=O)NCCNC(c1cc(C#N)cs1)c1nnnn1-c1ccc(OC)cc1",409.13209384800007,"Screening"
"C=CC(=O)NCCNC(c1cccc2c1CCC2)c1nnnn1CCOC",370.21172407200004,"Screening"
"C=CC(=O)NCCNC(c1csc(-c2ncccn2)n1)c1nnnn1Cc1ccccc1",447.15897729200015,"Screening"
"C=CC(=O)NCCNC(c1cc(Cl)ccn1)c1nnnn1C(C)c1ccccc1",411.15743600400003,"Screening"
"C=CS(=O)(=O)NCc1cc(C)nc(N(C)C)n1",256.099396752,"Screening"
"C=CS(=O)(=O)NCCc1cccc(F)c1Cl",263.018305492,"Screening"
"C=CS(=O)(=O)NCCc1ccnc(Cl)c1",246.022976272,"Screening"
"C=CS(=O)(=O)N1CCC1Cc1ccccc1",237.08234972,"Screening"
"C=CS(=O)(=O)N1CCC[C@@H]1c1n[nH]c(=O)o1",245.047026832,"Screening"
"C=CS(=O)(=O)NC1CCCC1(C)C(=O)OCC",261.10347908800003,"Screening"
"C=CS(=O)(=O)NCC1(S(C)(=O)=O)CCCCC1",281.07555008800006,"Screening"
"C=CS(=O)(=O)N1CCC(S(=O)(=O)C2CCCCC2)CC1",321.10685021600005,"Screening"
"C=CS(=O)(=O)N1[C@@H]2CC[C@@H](C2)[C@H]1CS(N)(=O)=O",280.055148992,"Screening"
"COc1ccc(-n2c(C)cc(C=C(C#N)C(=O)NCC(O)c3ccc(F)c(F)c3)c2C)cc1",451.170748036,"Screening"
"Cc1cc(C=C(C#N)C(=O)NC2CCCCC2)cc(C)c1OCc1ccccn1",389.210327104,"Screening"
"CC(Oc1ccc(C=O)cc1)C(=O)N1CCN(c2ccccc2)CC1",338.163042564,"Screening"
"COc1ccc(NS(=O)(=O)c2ccccc2S(=O)(=O)F)cc1F",363.004670892,"Screening"
"CCc1cccc(N(C#N)CCCS(C)(=O)=O)c1",266.108898816,"Screening"
"COc1cccc(C(=O)NCCNC(=O)CCl)c1",270.07712002,"Screening"
"Cc1nc(S(=O)(=O)N2CCN(C(=O)CCl)CC2)cs1",323.016510988,"Screening"
"CC(Cl)C(=O)NCCc1csc(N2CCCC2)n1",287.085910876,"Screening"
"CC(Cl)C(=O)N(Cc1ccc(C(=O)NC2CC2)cc1)Cc1ccco1",360.124070212,"Screening"
"CC(C)CCOc1ccc(CN(CC(C)(C)N(C)C)C(=O)C(C)Cl)cc1",382.23870604,"Screening"
"Cc1ccc(-c2nc(C)c(C(C)N(C)C(=O)CCl)s2)cc1",322.090661908,"Screening"
"CC(Cl)C(=O)NCC1(O)CCS(=O)(=O)CC1",269.048856672,"Screening"
"COc1ccc(OC)c2c1CN(C(=O)C(C)Cl)CC2O",299.09243573599997,"Screening"
"CCC(NC(=O)C(C)Cl)c1ccccc1OCC(=O)N1CCCC1",352.15537034000005,"Screening"
"CC(Cl)C(=O)NCc1ccc(-c2ccccc2F)o1",281.061884556,"Screening"
"CC(CC(=O)Nc1cccc(N2CCCC2)c1)NC(=O)C(C)Cl",337.15570468799996,"Screening"
"Cc1cccc(CN(Cc2cccc(C)n2)C(=O)C(C)Cl)n1",317.12948994000004,"Screening"
"COc1cc(OC)cc(-n2nnnc2CN(C)C(=O)C(C)Cl)c1",339.109817116,"Screening"
"CC(Cl)C(=O)NCCCS(=O)(=O)Cc1ccccc1",303.069592116,"Screening"
"Cc1cc(CN(C)C(=O)C(C)Cl)cc(C)c1OCC(F)(F)F",337.105641188,"Screening"
"CN(C(=O)CCl)C(c1cccnc1)c1ccc(F)c(F)c1",310.06844715600005,"Screening"
"Cc1ccc(-n2nccc2NC(=O)CCl)nn1",251.05738762,"Screening"
"O=C(CCl)NCCNC(=O)COc1ccccc1",270.07712002,"Screening"
"CCC(NC(=O)C(C)Cl)c1noc(-c2cccc(Br)c2)n1",371.0036165,"Screening"
"CC(Cl)C(=O)N1CCN(CC(=O)Nc2nncs2)CC1",317.071323432,"Screening"
"COC(=O)CCN(C(=O)CCl)c1cccc(OC(F)(F)F)c1",339.04852023600006,"Screening"
"CC(C)NC(=O)c1cccc(CNC(=O)CCl)c1",268.097855464,"Screening"
"CC(Cl)C(=O)NCCc1noc(-c2ccccn2)n1",280.072703336,"Screening"
"O=C(CCl)Nc1ccnn1Cc1ccccc1F",267.057467872,"Screening"
"CC(Cl)C(=O)NCC1CCN(C)c2ccccc21",266.118590908,"Screening"
"Cc1cc(C=C2CCN(C(=O)C(C)Cl)CC2)no1",268.097855464,"Screening"
"O=C(CCl)N1CCN(S(=O)(=O)c2ccc(C3CCCCC3)cc2)CC1",384.12744134,"Screening"
"Cc1ccccc1-n1nccc1NC(=O)C(C)Cl",263.082539748,"Screening"
"NS(=O)(=O)c1ccc(CCNC(=O)CCl)s1",281.98996189200005,"Screening"
"Cc1cc(CC(C)NC(=O)C(C)Cl)n(-c2ccccc2)n1",305.12948994000004,"Screening"
"COc1cc2c(cc1CNC(=O)C(C)Cl)OC(C)C2",283.097521116,"Screening"
"CC(Cl)C(=O)N1CCN(C(=O)c2cccc(S(C)(=O)=O)c2)CC1",358.07540576799994,"Screening"
"CC(Cl)C(=O)N(C1CC1)C1CCCOc2ccccc21",293.11825655999996,"Screening"
"CS(=O)(=O)NCc1ccc(NC(=O)CCl)cc1",276.033540956,"Screening"
"CC(Cl)C(=O)N1CCOc2cc(N(C)C)ccc21",268.097855464,"Screening"
"CCOc1ccc(C(C)NC(=O)CCCNC(=O)C(C)Cl)cc1",340.15537034,"Screening"
"COc1ccc(C(=O)N2CCCN(C(=O)CCl)CC2)cc1",310.108420148,"Screening"
"CC(Cl)C(=O)N[C@@H](Cc1ccccc1)C(=O)N(C)c1ccccc1",344.129155592,"Screening"
"COc1cc(OC)c2cc(CCCNC(=O)C(C)Cl)[nH]c2c1",324.12407021200005,"Screening"
"CC(=O)N(Cc1ncc(C(C)C)o1)C1CCN(C(=O)C(C)Cl)C1",341.150619308,"Screening"
"CC(Cl)C(=O)N1CCC(C#N)(c2ccccn2)CC1",277.098189812,"Screening"
"CC(C)Oc1cc(CN(C(=O)C(C)Cl)C2CC2)ccn1",296.129155592,"Screening"
"CC(Cl)C(=O)N1CCn2c(C3CCCC3)nnc2C1C",296.140388972,"Screening"
"CC(Cl)C(=O)N1CCNC(=O)C1Cc1nc2ccccc2o1",321.088019052,"Screening"
"CC(Cl)C(=O)N1CCc2nc[nH]c2C1c1ccc(Cl)cc1",323.05921746,"Screening"
"CC(Cl)C(=O)N1CCOc2c1cccc2C(F)(F)F",293.043040932,"Screening"
"CCCn1ccnc1CCCN(C)C(=O)C(C)Cl",271.145140004,"Screening"
"CC(Cl)C(=O)NC(c1ccc(Cl)cc1)C1CN(C)CCO1",330.09018324,"Screening"
"Cc1nc2ccccc2n(CCCNC(=O)C(C)Cl)c1=O",307.10875449599996,"Screening"
"CC(Cl)C(=O)NCC1CN(c2nncs2)CCO1",290.0604244,"Screening"
"Cc1ccnc(-c2n[nH]c(C(C)NC(=O)C(C)Cl)n2)c1",293.104337812,"Screening"
"COc1nc(CNC(=O)C(C)Cl)ccc1OCc1ccccc1",334.108420148,"Screening"
"Cc1nsc(N2CCN(C(=O)C(C)Cl)CC2)c1C#N",298.06550978000007,"Screening"
"CC(Cl)C(=O)NCC1CCCN(Cc2ncon2)C1",286.119653528,"Screening"
"CC(Cl)C(=O)N(CCO)CCOc1ccccn1",272.092770084,"Screening"
"CC(Cl)C(=O)NCc1cccc(-c2nc(CC(F)(F)F)no2)c1",347.06483899600005,"Screening"
"CC(Cl)C(=O)N1CCC([C@@H]2OCC[C@H]2NC(=O)C(F)(F)F)CC1",356.11145483999996,"Screening"
"CC(Cl)C(=O)Nc1cc2c(cnn2C)nc1C(F)F",288.058945092,"Screening"
"O=C(CCl)N1CC(Oc2ccc(Cl)cc2)C1",259.016683952,"Screening"
"CC(Cl)C(=O)NC(C(=O)N1CCCCC1)C(C)C",274.144805656,"Screening"
"CC(Cl)C(=O)NC(C)c1nccc(C(F)F)n1",263.063696124,"Screening"
"O=C(CCl)N(Cc1ccco1)Cc1cnc(C2CCC2)s1",324.069926464,"Screening"
"CCn1nccc1CN(Cc1cccs1)C(=O)CCl",297.070260812,"Screening"
"C=CC(=O)N(Cc1cn(C(C)C)nn1)c1ccc(CC#N)cc1",309.158960228,"Screening"
"CC(C)Oc1ccccc1CN(CC1CCOC1)C(=O)CCl",325.144471308,"Screening"
"C=CC(=O)N(Cc1ccc(C)nc1)Cc1cnc(C(C)C)s1",315.140533292,"Screening"
"C=CC(=O)N(Cc1ccc(C)cc1C)CC1CCN(C2CC2)C1",312.22016351599996,"Screening"
"C=CC(=O)N(Cc1cnsc1)c1ccc(C(=O)N2CCCCCC2)cc1",369.151097976,"Screening"
"C=CC(=O)N(CCn1cccn1)Cc1cccc(OC(C)C)c1",313.179026976,"Screening"
"C=CC(=O)N(Cc1cnn(C)c1C)CC1(c2cccc(F)c2)CCOCC1",371.20090529199996,"Screening"
"C=CC(=O)N(Cc1cnc(C2CC2)o1)c1ccn(Cc2ccccc2)n1",348.15862588,"Screening"
"C=CC(=O)N(CCn1cc(C)cn1)Cc1ccc(-c2scnc2C)cc1",366.151432324,"Screening"
"C=CC(=O)N(Cc1cc(OC)c(OC)c(OC)c1)c1ccc2c(c1)COC2",369.157622836,"Screening"
"C=CC(=O)N(Cc1cc(Cl)ccc1OC)Cc1nn(C)cc1Cl",353.06978214400004,"Screening"
"C=CC(=O)N(Cc1ccc(OC)cc1)c1cc(C(F)(F)F)n(C)n1",339.1194614120001,"Screening"
"C=CC(=O)N(Cc1cccc(OCC)c1OC)c1ccn(CC(F)(F)F)n1",383.14567616000005,"Screening"
"C=CC(=O)N(Cc1ccn(C)n1)c1ccc(C)c(OCC2CCOCC2)c1",369.20524172399996,"Screening"
"C=CC(=O)N(Cc1cnn(CCOC)c1)c1cc(C)cc(C(N)=O)c1",342.16919056399996,"Screening"
"C=CC(=O)N(Cc1c(C)nn(C)c1C)CC1CCN(S(C)(=O)=O)CC1",368.18821175599993,"Screening"
"C=CC(=O)N(Cc1cc(C#N)n(C)c1)c1ccc(C2CCOC2)cc1",335.163376912,"Screening"
"C=CC(=O)N(C1CCOCC1)C1CCN(C(=O)OC(C)(C)C)CC1",338.22055744,"Screening"
"CCOC(=O)[C@H](Cc1ccc(OS(=O)(=O)F)cc1)NC(C)=O",333.068236452,"Screening"
"O=C(CCl)NCCCc1nnc(C2CC2)n1-c1ccccc1",318.124738908,"Screening"
"Clc1cc(OCC2CO2)ccc1N1CCCCC1",267.102606496,"Screening"
"O=C1CCCCN1c1cccc(OCC2CO2)c1",247.120843404,"Screening"
"c1cc(OCC2CO2)cc(-c2noc(C3CCCO3)n2)c1",288.111006992,"Screening"
"Cc1cc(=O)n(C)c2cc(OCC3CO3)ccc12",245.10519334,"Screening"
"COc1ccc(-n2cc(OCC3CO3)cn2)cc1",246.100442308,"Screening"
"Cc1nnc(N2C[C@@H](F)C[C@H]2CNC(=O)C(C)Cl)o1",290.09458165199993,"Screening"
"CCn1cc(O[C@H]2COC[C@H]2NC(=O)C(C)Cl)cn1",287.103669116,"Screening"
"O=Cc1cc(C(=O)NC2CCc3nnc(-c4ccccc4F)n3C2)ccc1B(O)O",408.14051367599996,"Screening"
"CC(C)(C)C(NC(=O)c1ccc(B(O)O)c(C=O)c1)c1nc(-c2nnc[nH]2)no1",398.1509981080001,"Screening"
"Cc1ccc(NC(=O)c2ccc(B(O)O)c(C=O)c2)c(P(C)(C)=O)c1",359.109389738,"Screening"
"O=Cc1cc(C(=O)NC2C[C@@H]3CC(OCc4ccccc4)C[C@H]23)ccc1B(O)O",393.17475326799996,"Screening"
"CCn1cc(C2CS(=O)CCN2C(=O)c2ccc(B(O)O)c(C=O)c2)cn1",389.12167213999993,"Screening"
"COC(=O)c1cscc1C1(O)CN(C(=O)c2ccc(B(O)O)c(C=O)c2)C1",389.07405325199994,"Screening"
"CC1CN(C(=O)c2ccc(B(O)O)c(C=O)c2)CC(c2ccsc2)O1",359.099874076,"Screening"
"CC(C)n1cc(C2=CCCN(C(=O)c3ccc(B(O)O)c(C=O)c3)CC2)nn1",382.18123561600004,"Screening"
"Cn1c(CCCNC(=O)c2ccc(B(O)O)c(C=O)c2)nc2cc(F)ccc21",383.145264708,"Screening"
"CP(C)(=O)c1ccnc(N2CCN(C(=O)c3ccc(B(O)O)c(C=O)c3)CC2)c1",415.14683786599994,"Screening"
"O=Cc1cc(C(=O)N2Cc3ccccc3C(c3cccs3)C2)ccc1B(O)O",391.10495945599996,"Screening"
"CC1(C)Cc2occc2CN(C(=O)c2ccc(B(O)O)c(C=O)c2)C1",341.14345313999996,"Screening"
"COc1ccc2[nH]c3c(c2c1)CCCC3NC(=O)c1ccc(B(O)O)c(C=O)c1",392.15435217199996,"Screening"
"O=Cc1cc(C(=O)N2CCCN(C(=O)Nc3cccc(Cl)c3)CC2)ccc1B(O)O",429.126278852,"Screening"
"O=Cc1cc(C(=O)N2CCc3nc[nH]c3C2c2cccnc2)ccc1B(O)O",376.134285424,"Screening"
"O=Cc1cc(C(=O)N2C[C@@H]3C[C@H](C2)c2cccc(=O)n2C3)ccc1B(O)O",366.138702108,"Screening"
"O=Cc1cc(OCCC2CNCCO2)ccc1B(O)O",279.12780307599996,"Screening"
"CC(c1ccc(F)cc1)N1CCC(Oc2ccc(B(O)O)c(C=O)c2)C1=O",371.13403132799994,"Screening"
"CC1CCN(C(=O)COc2ccc(B(O)O)c(C=O)c2)C2CCCCC12",359.190403332,"Screening"
"C=CS(=O)(=O)NCC(O)C1CCCC1",219.092914404,"Screening"
"C=CS(=O)(=O)NC1CN(C)CC(F)(F)C1",240.074405128,"Screening"
"C=CS(=O)(=O)NC(=O)c1ccccc1",211.030314148,"Screening"
"C=CC(=O)NC(C)(C)CC(C)(NCc1csc(C)c1)c1nnnn1CCCOC",420.23074526400006,"Screening"
"C=CC(=O)NC(C)(C)CC(C)(NCCCS(=O)(=O)NC)c1nnnn1CCOCC",445.2471236000001,"Screening"
"C=CC(=O)NC(C)(C)CC(C)(NC1CC12CCC2)c1nnnn1C1CCC1",372.26375964400006,"Screening"
"C=CC(=O)NC(C)(C)CC(C)(NCc1cncc(C)c1)c1nnnn1C1CCC1",397.2590086120001,"Screening"
"C=CC(=O)NC(C)(C)CC(C)(NCCC(N)=O)c1nnnn1C1CCCC1",377.2539232320001,"Screening"
"C=CC(=O)NC(C)(C)CC(C)(NCCOCC1CCCO1)c1nnnn1Cc1ccc(OC)cc1",486.29545369600004,"Screening"
"C=CC(=O)NC(C)(C)CC(C)(NCc1sc(Br)nc1C)c1nnnn1C(C)CC",483.14159168000015,"Screening"
"C=CC(=O)NC(C)(C)CC(C)(NC1CC(CCC(N)=O)C1)c1nnnn1CC1CC1",417.2852233600001,"Screening"
"C=CC(=O)NCCNC(c1cccnc1CC)c1nnnn1CCCSC",389.1997794840001,"Screening"
"C=CC(=O)N1CCC(CNC(c2ccc(-n3cccn3)cc2)c2nnnn2C2CC2)CC1",432.2386075160001,"Screening"
"C=CC(=O)N1CCCC(NC2(c3nnnn3CC3CCOCC3)CCC(C(=O)OC(C)(C)C)C2)C1",488.31110375999987,"Screening"
"C=CC(=O)N1CCCC(NC(c2ncccc2CC)c2nnnn2CCCSC)C1",429.2310796120001,"Screening"
"C=CC(=O)Nc1ccc(C(NCC[C@@H](O)C2CCC2)c2nnnn2C2CC(F)(F)C2)cc1",446.2241805760001,"Screening"
"C=CC(=O)Nc1ccc(C(NCc2nnc(CC)o2)c2nnnn2C)cc1",368.1709218800001,"Screening"
"C=CC(=O)Nc1ccc(C(NC[C@H]2OCC[C@H]2C)c2nnnn2CCC)cc1",384.22737413600004,"Screening"
"CCCCCCOc1ccc(C=C(C#N)C(=O)NC(C)c2ccccc2)cc1",376.215078136,"Screening"
"N#CC(=Cc1cn(-c2ccccc2)nc1-c1cccs1)C(=O)NCc1ccco1",400.09939675199996,"Screening"
"CC(C)(C)c1ccc(C=C(C#N)C(=O)NCc2ccco2)cc1",308.15247788,"Screening"
"CC(NC(=O)C(C#N)=Cc1cccc(F)c1)c1ccccc1",294.11684132,"Screening"
"CC(NC(=O)C(C#N)=Cc1cccc(OCc2ccccc2)c1)c1ccccc1",382.168127944,"Screening"
"CCOC(=O)c1ccc(-c2ccc(C=C(C#N)C(=O)Nc3ccc(Cl)cc3)o2)cc1",420.087684704,"Screening"
"Cc1cc(C=C(C#N)C(=O)Nc2ccc(Cl)cc2)c(C)n1-c1cc(C(F)(F)F)ccc1Cl",477.06225215200004,"Screening"
"COc1cccc(NC(=O)C(C#N)=Cc2ccc(C(=O)O)cc2)c1",322.095356928,"Screening"
"COC(=O)c1ccc(COc2ccc(C=C(C#N)C(=O)NC(C)c3ccccc3)cc2)cc1",440.173607248,"Screening"
"N#CC(=Cc1ccccc1C(F)(F)F)C(=O)Nc1ccccc1F",334.07292581999997,"Screening"
"COC(=O)c1ccc(COc2ccc(C=C(C#N)C(=O)NCc3ccccc3)cc2OC)cc1",456.16852186799997,"Screening"
"N#CC(=Cc1ccc([N+](=O)[O-])cc1)C(=O)Nc1cccc(C(F)(F)F)c1",361.06742584,"Screening"
"COCCNC(=O)C(C#N)=Cc1cccc(C(F)(F)F)c1",298.092912316,"Screening"
"Cc1[nH]c2ccccc2c1C=C(C#N)C(=O)Nc1cccc(C(F)(F)F)c1",369.108896728,"Screening"
"N#CC(=Cc1ccccc1Cl)C(=O)Nc1ccc(SC(F)F)cc1",364.024868092,"Screening"
"N#CC(=Cc1ccc(-c2ccc(Cl)cc2)o1)C(=O)NCc1ccccc1",362.0822054,"Screening"
"COCCNC(=O)C(C#N)=Cc1cccc(OCc2ccccc2)c1",336.1473925,"Screening"
"CCN(CC)c1ccc(C=C(C#N)C(=O)Nc2cc(C(F)(F)F)ccc2Cl)cc1",421.116874568,"Screening"
"CC(C)(C)c1ccc(C=C(C#N)C(=O)Nc2cccc(C(F)(F)F)c2)cc1",372.144947888,"Screening"
"CN1CCN(C(=O)C(C#N)=Cc2ccc(OC(F)F)cc2)CC1",321.128883224,"Screening"
"N#CC(=Cc1ccc(-c2cccc([N+](=O)[O-])c2)o1)C(=O)Nc1ccc(C(=O)O)cc1",403.080435136,"Screening"
"COc1cc(C=C(C#N)C(=O)NC2CCCCC2)ccc1OCC(=O)c1cc(C)c(C)cc1C",460.23620750399994,"Screening"
"COc1cc(C=C(C#N)C(=O)NC2CCCCC2)ccc1OC(C)C",342.19434269199996,"Screening"
"N#CC(=Cc1cc2c(cc1Br)OCO2)C(=O)NC1CC1",333.99530431200003,"Screening"
"COc1ccccc1NC(=O)C(C#N)=Cc1sccc1C",298.077598688,"Screening"
"N#CC(=Cc1cc2c(cc1[N+](=O)[O-])OCO2)C(=O)Nc1ccc(F)c(Cl)c1",389.02147628800003,"Screening"
"CC(C)NC(=O)C(C#N)=Cc1cc2c(cc1[N+](=O)[O-])OCO2",303.085520516,"Screening"
"Cc1cc(C=C(C#N)C(=O)NCC2CCCO2)c(C)n1Cc1ccco1",353.17394159599996,"Screening"
"N#CC(=Cc1cc2c(cc1[N+](=O)[O-])OCO2)C(=O)Nc1cccc2ccccc12",387.08552051600003,"Screening"
"CCOc1cc(C=C(C#N)C(=O)Nc2ccc(OC)c(OC)c2)ccc1OC(F)F",418.13402818,"Screening"
"COc1cccc(C=C(C#N)C(=O)NC2CCCCC2C)c1",298.168127944,"Screening"
"COCCCNC(=O)C(C#N)=CC=C1N(C)c2ccccc2C1(C)C",339.19467704,"Screening"
"Cc1ccc(C)c(NC(=O)C(C#N)=Cc2cc(C)n(-c3cccc(C(F)(F)F)c3)c2C)c1",437.171496984,"Screening"
"CCCCc1ccc(NC(=O)C(C#N)=Cc2ccc(N3CCOCC3)cc2)cc1",389.210327104,"Screening"
"CCCCc1ccc(NC(=O)C(C#N)=Cc2ccc(OC(F)F)cc2)cc1",370.14928432,"Screening"
"COc1cc(C=C(C#N)C(=O)Nc2ccc(S(N)(=O)=O)cc2)ccc1OC(F)F",423.07004801999994,"Screening"
"N#CC(=Cc1ccc(C(F)(F)F)cc1)C(=O)NCCc1ccccc1",344.11364776,"Screening"
"CC(C)(C)c1ccc(Oc2ccc(C=C(C#N)C(=O)Nc3ccccc3Oc3ccccc3)cc2[N+](=O)[O-])cc1",533.1950709639999,"Screening"
"COc1ccc(C=C(C#N)C(=O)Nc2c(C)cccc2C)cc1OC",336.14739249999997,"Screening"
"CSc1ccc(C=C(C#N)C(=O)NCCc2ccccc2)cc1",322.113984196,"Screening"
"C=CC(=O)N1CCN(C(=O)CCNC(=O)N2CCc3ccccc3C2)[C@@H](C)C1",384.21614075599996,"Screening"
"C=CC(=O)N1CCCC1C(=O)Nc1nc(CC(=O)NCCC)cs1",350.141261564,"Screening"
"C=CC(=O)N1CCCC1C(=O)NCC1(c2ccc(Br)cc2)CC1",376.07864001200005,"Screening"
"C=CC(=O)N1CCCC1C(=O)NCc1ccc(CS(N)(=O)=O)cc1",351.125277152,"Screening"
"C=CC(=O)N1CCCC1C(=O)NCCc1ccc(-n2nc(C)cc2C)cc1",366.205576072,"Screening"
"C=CC(=O)N1CCCC1C(=O)Nc1cccc(COCC2CCCO2)c1",358.189257312,"Screening"
"C=CC(=O)N1CCC(C(=O)N2CCCc3c(NC(C)=O)cccc32)CC1",355.18959166,"Screening"
"C=CC(=O)N1CCC(C(=O)N2CC(c3ccc(OC)cc3)CC2C)CC1",356.209992756,"Screening"
"C=CC(=O)NCc1ccc(C(=O)N(C)[C@@H](C)c2ccc(Cl)cc2)cc1",356.129155592,"Screening"
"C=CC(=O)NCc1ccc(C(=O)N2CCN(c3ccc(F)cc3C#N)CC2)cc1",392.164854132,"Screening"
"C=CC(=O)NCc1ccc(C(=O)NCCc2cnc3ccccc3c2)cc1",359.163376912,"Screening"
"C=CC(=O)N1CCCC(C(=O)Nc2ccc(C)c(-c3nc(C)co3)c2)C1",353.17394159599996,"Screening"
"C=CC(=O)N1CCCC(C(=O)NCC(O)c2cccc3ccccc23)C1",352.178692628,"Screening"
"C=CC(=O)N1CCCC(C(=O)NCc2ccc3c(c2)C(=O)NCC3)C1",341.173941596,"Screening"
"C=CC(=O)N1CCCC(C(=O)Nc2ccc(N3CCOCC3C)c(Cl)c2)C1",391.166269372,"Screening"
"C=CC(=O)N1CCCC(C(=O)NC2CCN(c3ccccc3C#N)CC2)C1",366.205576072,"Screening"
"C=CC(=O)NCC(=O)N1CCC(N2CCc3cc(F)ccc32)CC1",331.16960516399996,"Screening"
"C=CC(=O)NCC(=O)N1CCCC1c1ccc(Br)cc1Cl",370.008367532,"Screening"
"C=CC(=O)NCC(=O)N1CCCCC1c1nc(-c2ccccn2)cs1",356.13069687999996,"Screening"
"C=CC(=O)NCC(=O)NC1CCN(c2ccccc2C(F)(F)F)C1=O",355.11437603199994,"Screening"
"C=CC(=O)NCC(=O)N1CCN(c2cccc(Cl)c2Cl)CC1",341.06978214400004,"Screening"
"C=CC(=O)NCC(=O)NC1(c2nc(C)cc(C(F)F)n2)CCCC1",338.15543232,"Screening"
"C=CC(=O)NCC(=O)Nc1ccc(F)c(S(=O)(=O)N2CCOCC2)c1",371.09511989599997,"Screening"
"C=CC(=O)NCC(=O)N1CCN(C(=O)c2ccc(Cl)cc2F)CC1",353.094247304,"Screening"
"C=CC(=O)NC(CC)C(=O)NC(C)c1ccc(Cl)s1",300.069926464,"Screening"
"C=CC(=O)NC(Cc1ccccc1)C(=O)N1CCN(CC)CC1",315.19467704,"Screening"
"C=CC(=O)N[C@@H]1CN(C(=O)c2sccc2C2CC2)C[C@H]1C(F)(F)F",358.09628344400005,"Screening"
"C=CC(=O)N1CCN(C(=O)C2CC(=O)N(c3ccccc3Cl)C2)[C@@H](C)C1",375.134969244,"Screening"
"C=CC(=O)N1CCC(C)(CNC(=O)CCCOc2ccc(C)cc2)CC1",358.22564282,"Screening"
"C=CC(=O)N(CC)CC(=O)NC(C)c1c(C)cc(C)cc1OC",318.19434269199996,"Screening"
"C=CC(=O)NC1(C2CCN(C(=O)c3ccc(OC(C)C)cc3)CC2)CC1",356.209992756,"Screening"
"Cc1nn(Cc2ccccc2)c(N)c1C(=O)Nc1ccc(OC2CC(=O)N2)cc1",391.164439532,"Screening"
"C=CC(=O)Nc1ccc(C(=O)N2CCc3cc[nH]c(=O)c3C2)cc1",323.126991404,"Screening"
"C=CC(=O)Nc1ccc(C(=O)N2CCN(C)c3ccc(C(=O)OC)cc32)cc1",379.15320615199994,"Screening"
"C=CC(=O)Nc1ccc(C(=O)NCc2cccc(C(=O)Nc3ccncc3)c2)cc1",400.1535405,"Screening"
"C=CC(=O)Nc1ccc(C(=O)N2Cc3ccccc3NC(=O)C2C)cc1",349.14264146799997,"Screening"
"C=CC(=O)Nc1ccc(C(=O)N2CCC(c3cc(=O)[nH]c(=O)[nH]3)C2)cc1",354.132805056,"Screening"
"C=CC(=O)Nc1ccc(C(=O)N2CCOc3c(cccc3OC)C2)cc1",352.14230712,"Screening"
"C=CC(=O)Nc1ccc(C(=O)N2C[C@H](O)C[C@H]2c2ccc(C(F)(F)F)cc2)cc1",404.13477712800005,"Screening"
"C=CC(=O)NCc1ccc(C(=O)NCc2cc(O)c3ccccc3n2)cc1",361.1426414680001,"Screening"
"C=CC(=O)N(C)CC(=O)N[C@@H]1CCC[C@H]1c1cccc(C(F)(F)F)c1",354.155512572,"Screening"
"C=CC(=O)Nc1cccc(C(=O)Nc2nc3c(s2)C(C)(C)OC(C)(C)C3)c1",385.146012596,"Screening"
"C=CC(=O)N(Cc1cc2c(c(C3CC3)c1)OCO2)c1ccn(C)n1",325.1426414680001,"Screening"
"C=CC(=O)N(Cc1cn(CCC)nc1C)c1ccc(C(N)=O)c(Cl)c1",360.135303592,"Screening"
"C=CC(=O)N(Cc1cnn(C)c1C1CC1)c1ccc(-c2cnco2)cc1",348.15862588,"Screening"
"C=CC(=O)N(CCC(=O)N1CCCC1)Cc1snc(OC)c1Cl",357.09139017999996,"Screening"
"C=CC(=O)NC(C)c1ccc(OCC2CCCCO2)c(F)c1",307.158371784,"Screening"
"C=CC(=O)NC(C)c1ccc(-n2cnc3ccccc32)c(F)c1",309.127740352,"Screening"
"C=CC(=O)NCC1CN(c2nc3cc(Cl)ccc3o2)CCO1",321.08801905199994,"Screening"
"C=CC(=O)N(CCOc1cccc(C)c1)Cc1cc(F)cc(C#N)c1",338.1430560680001,"Screening"
"C=CC(=O)NCC(c1ccccc1)C1CCN(Cc2ccccc2)CC1",348.22016351599996,"Screening"
"CN(C)S(=O)(=O)CCN(Cc1ccc2c(c1)OCCO2)C(=O)CCl",376.08597045199997,"Screening"
"CC(C)(C)c1coc(CN(CC2OCCc3ccccc32)C(=O)CCl)n1",376.15537034000005,"Screening"
"CCC1CN(C(=O)C2(Cc3ccccc3)CCC2)CCC1NC(=O)CCl",376.191755848,"Screening"
"COc1nc2ccc(CN(Cc3ccc(F)cc3)C(=O)CCl)cc2s1",378.06050465199996,"Screening"
"O=C(CCl)NC1(C2CCN(C(=O)C3(c4ccc(F)cc4)CC3)CC2)CC1",378.151033908,"Screening"
"CC(C)(C)c1cc(CN(Cc2cccc3nsnc23)C(=O)CCl)no1",378.091724528,"Screening"
"CC(NC(=O)CCl)c1ccc(CNC(=O)c2ccc3c(c2)CCCC3)cc1",384.16045572,"Screening"
"O=C(CCl)NC(CNS(=O)(=O)c1ccccc1Cl)c1ccccc1",386.025868732,"Screening"
"Cc1cc(Cl)c(C(=O)NCc2ccc(CNC(=O)CCl)cc2F)s1",388.02153230000005,"Screening"
"CC1(C)CC(C(=O)N2CCC(CNC(=O)CCl)(c3ccccc3)CC2)=NO1",391.166269372,"Screening"
"O=C(CCl)NC1CC(NC(=O)c2cnn(CCC(F)(F)F)c2)C12CCC2",392.12268822,"Screening"
"CC(NC(=O)CCl)c1ccc(CNC(=O)Cc2ccc3ccccc3c2)cc1",394.144805656,"Screening"
"Cc1nc(CC(=O)N2CCC(C(F)(F)F)C(NC(=O)CCl)C2)c(C)s1",397.08386018799996,"Screening"
"Cn1cc(C(=O)NC(CNC(=O)CCl)c2ccc3ccccc3c2)ncc1=O",398.11456814800005,"Screening"
"Cc1ccc2c(C(=O)NCc3ccc(C(C)NC(=O)CCl)cc3)csc2c1",400.101226592,"Screening"
"CN1CCOC(C(=O)NC(CNC(=O)CCl)c2ccc3ccccc3c2)C1=O",403.12988386399996,"Screening"
"CC1=NOC2(C1)CC(C(=O)N(CCNC(=O)CCl)Cc1cccc(Cl)c1)C2",411.111646956,"Screening"
"Cc1cc(C)n(C(C)C(=O)NC(CNC(=O)CCl)c2ccc3ccccc3c2)n1",412.16660372000007,"Screening"
"CC(C)(C)n1nnc(C(=O)NC(CNC(=O)CCl)c2ccc3ccccc3c2)n1",414.157101656,"Screening"
"CC(C)c1ccc(C(CNC(=O)c2cccc3sccc23)NC(=O)CCl)cc1",414.11687665600004,"Screening"
"Cc1cc(C(=O)NC(CNC(=O)CCl)c2ccc3ccccc3c2)c(C)n1C1CC1",423.171354752,"Screening"
"O=C(CCl)NCC(NC(=O)C1CCc2nnnn2CC1)c1ccc2ccccc2c1",426.157101656,"Screening"
"Cc1cc2c(cc1C)C(C(=O)NC(CNC(=O)CCl)c1ccc3ccccc3c1)CO2",436.15537034,"Screening"
"O=C(CCl)NCC1(c2ccccc2)CCN(C(=O)c2ncn(-c3ccccc3)n2)CC1",437.16185268800007,"Screening"
"CC1CCCc2cc(C(=O)NCc3cccc(-n4cc(CNC(=O)CCl)nn4)c3)nn21",441.16800068800006,"Screening"
"C=CC(=O)NC1(CC)CCN(C(=O)C(F)(F)c2ccc(F)cc2)CC1",354.155512572,"Screening"
"C=CC(=O)N(Cc1cc2ccccc2s1)CC1CC(=O)N(C2CC2)C1",354.140198944,"Screening"
"C=CC(=O)N(Cc1cn(-c2ccc(F)cc2)nn1)Cc1cnc(CC)o1",355.144453036,"Screening"
"C=CC(=O)NC1CC(NC(=O)CNC(=O)Cc2ccccc2)C12CCC2",355.18959166,"Screening"
"C=CC(=O)N(CCOC1CCCCC1C)Cc1nn(C)c2ccccc12",355.225977168,"Screening"
"C=CC(=O)NCC1(NC(=O)c2ccc(F)c3ccccc23)CCOCC1",356.153620752,"Screening"
"C=CC(=O)NCC1CN(C(=O)C2CC(c3ccccc3)=NO2)CCCO1",357.168856216,"Screening"
"C=CC(=O)NCC1(NC(=O)c2cccc(CNC(C)=O)c2)CCCCC1",357.205241724,"Screening"
"C=CC(=O)N(CCC(=O)N1CCN(C(C)=O)CC1)Cc1ccc(C)cc1",357.205241724,"Screening"
"C=CC(=O)N(Cc1ccc2c(c1)OCCCO2)Cc1csc(C)c1C",357.139864596,"Screening"
"C=CC(=O)NC1(CNC(=O)c2sccc2OC(F)F)CCCCC1",358.11626994,"Screening"
"C=CC(=O)NC1CC(NC(=O)c2ncsc2C(F)(F)F)C12CCC2",359.091532412,"Screening"
"C=CC(=O)NC(C)c1ccc(CNC(=O)Cn2ccc3ccccc32)cc1",361.179026976,"Screening"
"C=CC(=O)NC1(CNC(=O)Cc2nnn(C(C)(C)C)n2)CCCCCC1",362.2430242,"Screening"
"CCOCCCNC(=O)C(C#N)=Cc1ccc(OCC(=O)O)cc1",332.13722174,"Screening"
"N#CC(=Cc1ccccc1OCC(=O)O)C(=O)Nc1ccc(Cl)cc1Cl",390.017412224,"Screening"
"N#CC(=Cc1cn(-c2ccccc2)nc1-c1cccs1)C(=O)NCCc1ccccc1",424.13578226,"Screening"
"COc1ccc(CCNC(=O)C(C#N)=Cc2cccnc2)cc1OC",337.14264146799997,"Screening"
"CCc1cccc(CC)c1NC(=O)C(C#N)=Cc1ccccc1C(F)(F)F",372.144947888,"Screening"
"COc1ccc(CCNC(=O)C(C#N)=Cc2ccc(OC(F)F)cc2)cc1OC",402.13911356,"Screening"
"COc1ccc(CCNC(=O)C(C#N)=Cc2ccc(C(C)C)cc2)cc1OC",378.19434269199996,"Screening"
"N#CC(=Cc1cccnc1)C(=O)Nc1ccc(C(=O)O)cc1",293.080041212,"Screening"
"N#CC(=Cc1ccc(OCC(=O)O)cc1)C(=O)Nc1ccc(S(N)(=O)=O)cc1",401.0681562,"Screening"
"Cc1ccc(NC(=O)C(C#N)=Cc2ccc(N3CCCCCC3)cc2)cc1",359.19976242,"Screening"
"COc1cc(Cl)c(C)cc1NC(=O)C(C#N)=Cc1cccs1",332.038626336,"Screening"
"CCCCCCOc1ccc(C=C(C#N)C(=O)Nc2ccc(C(=O)O)cc2)cc1",392.17360724799994,"Screening"
"COc1cccc(C=C(C#N)C(=O)Nc2ccc(C(=O)O)cc2)c1",322.095356928,"Screening"
"N#CC(=Cc1cc2c(cc1[N+](=O)[O-])OCO2)C(=O)NC1CCCCC1",343.11682064400003,"Screening"
"COc1cc(Cl)c(C)cc1NC(=O)C(C#N)=CC=Cc1ccccc1[N+](=O)[O-]",397.08293367199997,"Screening"
"N#CC(=Cc1ccccc1)C(=O)N1CCN(c2ccccc2F)CC1",335.143390416,"Screening"
"CCOC(=O)c1ccc(NC(=O)C(C#N)=Cc2ccc(-c3ccc(Br)cc3)o2)cc1",464.03716912400006,"Screening"
"COc1cc(Cl)c(C)cc1NC(=O)C(C#N)=Cc1ccc(N(c2ccccc2)c2ccccc2)cc1",493.155704688,"Screening"
"COc1ccccc1C=CC=C(C#N)C(=O)Nc1ccc(C(=O)O)cc1",348.11100699199994,"Screening"
"COc1ccc(C=C(C#N)C(=O)Nc2ccc(S(N)(=O)=O)cc2)cc1OC(F)F",423.07004801999994,"Screening"
"COc1ccc(C(=O)Oc2ccc(C=C(C#N)C(=O)NC3CCCCC3)cc2OC)cc1OC",464.19473661599994,"Screening"
"COc1cc(C=C(C#N)C(=O)NC2CCCCC2)ccc1OCC(=O)Nc1cccc(C(F)(F)F)c1",501.18754097199997,"Screening"
"COc1cc(C=C(C#N)C(=O)NC2CCCCC2)ccc1OCC(=O)Nc1ccc(Br)cc1",511.11066841199994,"Screening"
"N#CC(=CC=Cc1ccccc1[N+](=O)[O-])C(=O)Nc1ccccc1",319.095691276,"Screening"
"C=CCNC(=O)C(C#N)=Cc1ccc(-c2ccc(F)cc2)o1",296.09610587599997,"Screening"
"C=CCNC(=O)C(C#N)=Cc1ccc(OCc2ccc(C(=O)OC)cc2)cc1",376.14230711999994,"Screening"
"N#CC(=Cc1ccc(OCC(=O)O)cc1)C(=O)Nc1ccc(Cl)cc1Cl",390.017412224,"Screening"
"COc1cc(C=C(C#N)C(=O)Nc2ccc(N3CCOCC3)cc2)ccc1OC(=O)c1cccs1",489.135841836,"Screening"
"CCOC(=O)c1c(NC(=O)C(C#N)=Cc2ccc(N(CC)CC)cc2)sc2c1CCCC2",451.19296278800005,"Screening"
"COc1ccc(NC(=O)C(C#N)=Cc2ccccc2OCC(=O)O)cc1",352.105921612,"Screening"
"Cc1ccsc1C=C(C#N)C(=O)Nc1ccc2c(c1)OCCO2",326.07251330799994,"Screening"
"N#CC(=Cc1ccccc1OC(F)F)C(=O)Nc1cccc(S(=O)(=O)N2CCCCC2)c1",461.122083592,"Screening"
"N#CC(=Cc1ccncc1)C(=O)Nc1cccc(S(=O)(=O)N2CCCCC2)c1",396.12561149999993,"Screening"
"COc1ccc(NC(=O)C(C#N)=Cc2ccc(N3CCCCCC3)cc2)cc1",375.19467704,"Screening"
"N#CC(=Cc1ccco1)C(=O)Nc1ccc(N2CCOCC2)cc1",323.126991404,"Screening"
"COc1ccc(Br)cc1C=C(C#N)C(=O)Nc1ccccc1C(=O)O",400.005868996,"Screening"
"CCc1ccc(-c2csc(NC(=O)C(C#N)=Cc3ccc(C)cc3)n2)cc1",373.12488322800004,"Screening"
"CCCCOc1ccc(C=C(C#N)C(=O)Nc2sc3c(c2C(N)=O)CCCC3)cc1OC",453.172227344,"Screening"
"CNC(=O)C(C#N)=Cc1ccc(OCc2ccccc2)c(OC)c1",322.13174243599997,"Screening"
"N#CC(=Cc1cccc([N+](=O)[O-])c1)C(=O)Nc1ccccc1C(F)(F)F",361.06742584,"Screening"
"COc1ccc(C=C(C#N)C(=O)Nc2cc(Cl)ccc2N2CCOCC2)cc1OCC(N)=O",470.135697516,"Screening"
"C=CC(=O)N(CC)CC(=O)NC1CCCc2nc(C)ncc21",302.174275944,"Screening"
"C=CC(=O)N(CC)CC(=O)N1CCN(Cc2noc(C(C)(C)C)n2)CC1",363.227039788,"Screening"
"C=CC(=O)N(CC)CC(=O)N1CCCC1c1nc(-c2ccccc2Cl)c[nH]1",386.150953656,"Screening"
"C=CC(=O)N(CC)CC(=O)N(Cc1ccnc(OC(C)C)c1)C1CC1",345.205241724,"Screening"
"C=CC(=O)N(CC)CC(=O)NCC(C)c1nc(-c2ccccc2)no1",342.16919056399996,"Screening"
"COC(=O)c1ccc2c(=O)[nH]c(-c3ccc(S(=O)(=O)F)cc3)nc2c1",362.03727067200003,"Screening"
"C=CC(=O)N1CCN(C(=O)c2ccccc2)C(c2nccn2C)C1",324.15862588,"Screening"
"O=Cc1cn(CC(=O)N2CCC(c3ncon3)C2)c2ccccc12",324.12224037199996,"Screening"
"CCC(=O)NC1CCN(C(=O)Cn2cc(C=O)c3ccccc32)CC1",341.173941596,"Screening"
"C=CC(=O)N(CC)CC(=O)N1CCCC1c1nc(N(C)C)no1",321.180089596,"Screening"
"Cc1ccc(S(=O)(=O)N2CCCCC2)cc1S(=O)(=O)F",321.050478212,"Screening"
"C=CC(=O)N(CC)CC(=O)Nc1cccc(C2OCCO2)c1",304.14230712,"Screening"
"C=CC(=O)N(CC)CC(=O)Nc1cc(C2CCCOC2)nn1C",320.184840628,"Screening"
"C=CC(=O)N(CC)CC(=O)N1CCCC(S(C)(=O)=O)CC1",316.14567824799997,"Screening"
"C=CC(=O)N(CC)CC(=O)NCc1cnccc1C(C)(C)C",303.19467704,"Screening"
"C=CC(=O)N(CC)CC(=O)NC(C)Cc1cn(C)c2ccc(F)cc12",345.18525522799996,"Screening"
"C=CC(=O)N(CC)CC(=O)NC(C)c1noc(C(F)(F)F)n1",320.10962500000005,"Screening"
"C=CC(=O)N1CCC(C(=O)NCc2cccnc2N2CCCCC2)CC1",356.221226136,"Screening"
"C=CC(=O)N1CCC(C(=O)NC(C)c2nc3cc(Cl)ccc3[nH]2)CC1",360.13530359200007,"Screening"
"C=CC(=O)N(CC)CC(=O)N1CCC(c2nccc(N3CCCC3)n2)CC1",371.23212516800004,"Screening"
"C=CC(=O)N(C)CC(=O)NCc1nnc2cc(C(F)(F)F)ccn12",341.109959348,"Screening"
"C=CC(=O)N(CC)CC(=O)NCc1ccc(Cl)c(C(F)(F)F)c1",348.085240092,"Screening"
"C=CC(=O)N(C)CC(=O)N1CCc2[nH]cnc2C1c1ccc(F)cc1",342.149204068,"Screening"
"C=CC(=O)N1CCC(C(=O)N[C@@H]2CCC(=O)N[C@H]2C2CC2)(c2ccccc2)CC1",395.220891788,"Screening"
"C=CC(=O)N1CCC(C(=O)N[C@@H]2CC(=O)N(C)[C@H]2c2ccc(F)c(F)c2)CC1",391.170748036,"Screening"
"C=CC(=O)N(C)CC(=O)N1CCC(Cc2noc(C)n2)CC1",306.169190564,"Screening"
"CCOC(=O)c1c2c(nn1C)CCN(C(=O)C(C)Cl)C2",299.103669116,"Screening"
"CCOC(=O)[C@@H]1CCCN(C(=O)c2cc(C)c(O)c(C=O)c2)C1",319.141972772,"Screening"
"CCOC(=O)NC1CCCN(C(=O)c2ccc3[nH]cc(C=O)c3c2)C1",343.153206152,"Screening"
"O=C1CC2(CCN(C(=O)c3ncc(C(F)(F)F)cc3Cl)CC2)N1",347.06483899600005,"Screening"
"C=CC(=O)N1CCC(C(=O)N2CCC(c3nc4c(s3)CCC4)CC2)CC1",373.182398104,"Screening"
"CCc1c[nH]c2ncnc(N3CC4(CC(=O)N4Cc4ccccc4)C3)c12",347.174610292,"Screening"
"C=CS(=O)(=O)CCC(=O)Nc1nn(C)cc1-c1ccccc1",319.09906240400005,"Screening"
"Cc1cc(C(=O)NCCOCC(F)(F)F)cc(C=O)c1O",305.087492588,"Screening"
"Cc1ccc(NC(C)CC2CC(=O)N2)c(OCC2CCCO2)c1",318.19434269199996,"Screening"
"O=C(Nc1ccsc1)N1CC2(CC(=O)N2Cc2ccccc2)C1",327.104147784,"Screening"
"C=CS(=O)(=O)CCN1CC(=O)NCC1c1ccccc1",294.103813436,"Screening"
"C=CC(=O)NCCCOc1ncc(C(F)(F)F)cc1Cl",308.053939964,"Screening"
"C=CC(=O)NC(c1ccc(F)cc1)c1cccc(C(F)(F)F)c1",323.093326916,"Screening"
"C=CC(=O)Nc1cccc(OCc2nc(N)nc(N(C)C)n2)c1",314.14912381600004,"Screening"
"C=CC(=O)NC(Cc1ccc(F)cc1)C1COc2ccccc2O1",327.127071656,"Screening"
"C=CC(=O)N1CCc2sccc2C1c1ccc(Cl)cc1",303.04846274799996,"Screening"
"C=CC(=O)N1CCC(C(=O)NC2(C)CN(C(=O)OC)C2)(c2ccccc2)CC1",385.20015634400005,"Screening"
"C=CC(=O)Nc1cccc(C(=O)N[C@@H]2CC(=O)N(C)[C@H]2c2c(C)nn(C)c2C)c1",395.1957396600001,"Screening"
"C=CC(=O)N(CC)CC(=O)NC(c1nccn1C)C1(c2ccccc2)CC1",366.205576072,"Screening"
"C=CC(=O)N(CC)CC(=O)N1CC[C@H](Oc2cccnc2N2CCCC2)C1",372.216140756,"Screening"
"C=CC(=O)N1CCC(C(=O)NC(C)c2cccc(N3CCNC3=O)c2)(c2ccccc2)CC1",446.23179081999996,"Screening"
"C=CC(=O)N1CCC(C(=O)NC(C)c2nc(C3CCCCC3)no2)CC1",360.21614075599996,"Screening"
"C=CC(=O)N1CCC(C(=O)N2CCN(S(=O)(=O)c3ccccc3C#N)CC2)CC1",416.151826248,"Screening"
"C=CC(=O)N1CCC(C(=O)Nc2ccc(C)c(S(=O)(=O)Nc3ccccc3Cl)c2)CC1",461.117604928,"Screening"
"C=CC(=O)N(C)CC(=O)N1CCN(S(=O)(=O)c2cc3c(cc2Cl)NC(=O)CO3)CC1",456.087033072,"Screening"
"C=CC(=O)Nc1cc(NC(=O)CCS(=O)(=O)c2cccc(Br)c2)ccc1F",453.999818312,"Screening"
"C=CC(=O)N1CCC(C(=O)N(C)C(c2ccccc2)c2ccc(F)cc2)CC1",380.19000626,"Screening"
"C=CC(=O)N1CCC(C(=O)N2CC(C)(C)OC3(CCOC3)C2)(c2ccccc2)CC1",412.236207504,"Screening"
"C=CC(=O)N1CCC(C(=O)Oc2ccc(NC(=O)C(C)C)cc2)CC1",344.173607248,"Screening"
"C=CC(=O)N(CC)CC(=O)N1CCc2cc(C(C)(C)C)ccc21",314.199428072,"Screening"
"C=CC(=O)N1CCC(C(=O)Nc2cnn(CC(F)(F)F)c2)CC1",330.130360444,"Screening"
"C=CC(=O)N1CCC(C(=O)N(C)C(C(=O)OC)c2ccccc2)CC1",344.173607248,"Screening"
"C=CC(=O)N(CC)CC(=O)N1CCN(S(=O)(=O)c2c[nH]c3ncccc23)CC1",405.1470752160001,"Screening"
"C=CC(=O)N1CCC(C(=O)N(Cc2cccs2)c2ccc(OC)cc2)CC1",384.150763628,"Screening"
"C=CC(=O)N1CCC(C(=O)N(C)Cc2ccc3cc(OC)ccc3c2)CC1",366.194342692,"Screening"
"C=CC(=O)N1CCC(C(=O)Nc2cc(C)nn2CCC#N)CC1",315.16952491200004,"Screening"
"C=CC(=O)NCc1ccc(C(=O)Nc2ccc3c(c2)N(C(=O)C2CCCC2)CC3)cc1",417.20524172399996,"Screening"
"C=CC(=O)N1CCC(C(=O)NC2Cc3ccc(Cl)cc3C2)(c2ccccc2)CC1",408.16045572,"Screening"
"C=CC(=O)N1CCC(C(=O)Nc2cccc(C(=O)NCCC)c2)CC1",343.18959166,"Screening"
"C=CC(=O)N1CCC(C(=O)NC(C)COc2cccc(F)c2)CC1",334.16927081600005,"Screening"
"C=CC(=O)N1CCC(C(=O)NC[C@@H]2CCO[C@H]2c2ccc(F)cc2)(c2ccccc2)CC1",436.21622100800005,"Screening"
"O=C(NC1CCOc2c(Cl)cccc21)C1CO1",253.050570924,"Screening"
"O=C(C1CO1)N1CCCC(n2ccc(C(F)(F)F)n2)C1",289.103811348,"Screening"
"COc1ccc2[nH]cc(CCNC(=O)C3CO3)c2c1",260.116092372,"Screening"
"COc1ccc2c(c1)CCN(C(=O)C1CO1)CC2",247.120843404,"Screening"
"O=C(C1CO1)N(Cc1ccccc1F)C1CCC1",249.116506972,"Screening"
"O=C(C1CO1)N1CCC(Cc2nc(C3CCC3)no2)CC1",291.158291532,"Screening"
"O=C(NC1CS(=O)(=O)c2ccccc21)C1CO1",253.040878832,"Screening"
"O=C(NC1(c2cccc(C(F)(F)F)c2)CC1)C1CO1",271.08201328399997,"Screening"
"O=C(NCc1ccccc1CN1CCCC1=O)C1CO1",274.131742436,"Screening"
"COc1ccc(C(NC(=O)C2CO2)C2CCC2)cc1",261.136493468,"Screening"
"CC1(CNC(=O)C2CO2)OCCc2ccccc21",247.120843404,"Screening"
"Cc1noc(C(NC(=O)C2CO2)c2ccccc2)n1",259.095691276,"Screening"
"O=C(NC1Cc2ccccc2N(C(=O)C(F)(F)F)C1)C1CO1",314.087826936,"Screening"
"O=C(C1CO1)N1CCC(c2nccc(-c3ccc(F)cc3)n2)CC1",327.138305036,"Screening"
"O=C(NC[C@H]1CC[C@@H](c2ccccc2)O1)C1CO1",247.120843404,"Screening"
"O=C(NCc1cc2ccc(Cl)cc2[nH]1)C1CO1",250.050905272,"Screening"
"Cn1ccc(C(NC(=O)C2CO2)c2ccccc2)n1",257.11642672,"Screening"
"O=C(NC(Cn1cccn1)c1ccccc1)C1CO1",257.11642672,"Screening"
"O=C(NCC(c1ccccc1)c1ccccc1)C1CO1",267.125928784,"Screening"
"O=C(NCc1ccc(COc2ccccc2)cc1)C1CO1",283.120843404,"Screening"
"CCC(c1ccc(F)cc1)N(Cc1cccc(F)c1)C(=O)C1CO1",331.138385288,"Screening"
"CC1CN(C(=O)C2CO2)CC(c2ccccc2)O1",247.120843404,"Screening"
"CC1CN(C(=O)c2ccc(CNC(=O)C3CO3)cc2)CC(C)O1",318.157957184,"Screening"
"O=C(NC(c1ccccc1)c1nccs1)C1CO1",260.061948624,"Screening"
"CC(C)(CNC(=O)C1CO1)c1ccc2c(c1)OCO2",263.115758024,"Screening"
"O=C(NCc1ccccc1Oc1cccc(F)c1)C1CO1",287.095771528,"Screening"
"O=C(C1CO1)N1CCc2ccccc2C1c1ccccc1",279.12592878400005,"Screening"
"O=C(NCc1cccc(-c2ccccc2)c1)C1CO1",253.11027872,"Screening"
"CC(NC(=O)C1CO1)c1ccccc1N1CCOCC1",276.1473925,"Screening"
"CC1(c2cccc(CNC(=O)C3CO3)c2)OCCO1",263.115758024,"Screening"
"N#Cc1ccc(OC2CCC(NS(=O)(=O)C=Cc3ccccc3)CC2)nc1",383.13036253200005,"Screening"
"Cc1c(C=C(C#N)C(=O)NCCOc2cccc(Cl)c2Cl)cc(C#N)n1C",402.06503111200004,"Screening"
"CNC(=O)NNC(=O)C(C#N)=Cc1cc(C)n(-c2ccccc2F)c1C",355.144453036,"Screening"
"CCc1ccc(CC)c(-c2csc(NC(C)=C(C#N)C(N)=O)n2)c1",340.13578226,"Screening"
"O=C(c1ccc(Cn2nnc3ccccc32)cc1)N1CCN(S(=O)(=O)C=Cc2ccccc2)CC1",487.16781066,"Screening"
"O=S(=O)(C=Cc1ccccc1)NCC1CCN(c2ccc(F)cc2)C1",360.13077713200005,"Screening"
"CN(C)C(=O)c1ccc(NC(=O)C(C#N)=Cc2csc(C3CC3)n2)cc1",366.115046816,"Screening"
"Cn1cc(C=C(C#N)C(=O)NC2CCCC2)c(-c2cc3ccccc3o2)n1",360.15862588,"Screening"
"CC(=O)N(C)c1nc(C=C(C#N)C(=O)Nc2cccc3ccccc23)cs1",376.09939675199996,"Screening"
"CCN1CCN(c2ccc(NC(=O)CNS(=O)(=O)C=Cc3ccc(C)cc3)cc2C)CC1",456.219511884,"Screening"
"Cc1ccc(C=CS(=O)(=O)Nc2ccc(OCCO)cc2C(F)(F)F)cc1",401.090863716,"Screening"
"COCCCN1C(=O)C(n2cnnn2)C1c1ccc(OC)c(OC)c1",347.159354152,"Screening"
"COc1cc(C=C(C#N)C(=O)NC2CCCCC2C)cc(Cl)c1OCC(N)=O",405.14553392799996,"Screening"
"O=Cc1ccccc1C(=O)OCc1cc(=O)n2ccccc2n1",308.079706864,"Screening"
"Cc1nc(CCN2C(=O)C(n3ccc(=O)n(C)c3=O)C2c2cscn2)cs1",403.077281404,"Screening"
"C=CC(=O)N1CCC(C(=O)NC(CO)C2CCCCC2)CC1",308.209992756,"Screening"
"O=C(Nc1cc(S(=O)(=O)N2CCCCC2)ccc1OCC(F)(F)F)c1ccnc(Cl)c1",477.073689428,"Screening"
"Cc1nccn1-c1ccc(NS(=O)(=O)C=Cc2ccccc2)cn1",340.099396752,"Screening"
"CCC(=O)NC1CCCN(C(=O)Nc2cccc(N3CCC3=O)c2)C1",344.18484062799996,"Screening"
"O=C(CN1CCN(S(=O)(=O)C=Cc2ccccc2)CC1)c1c[nH]c(C(=O)N2CCCC2)c1",456.183126376,"Screening"
"Cc1cc(C=C(C#N)C(=O)N2CCC2)c(C)n1-c1cccc(C(F)(F)F)c1",373.140196856,"Screening"
"Cc1cccc(NC(=O)C(C#N)=C2SCC(=O)N2c2ccccc2C(F)(F)F)c1C",431.091532412,"Screening"
"C[C@H](NS(=O)(=O)C=Cc1ccccc1)C(=O)OCc1ccc(Cl)cc1Cl",413.025534384,"Screening"
"CCN(C(C)=O)c1nc(C=C(C#N)C(=O)Nc2ccc(F)c(Cl)c2)cs1",392.051002588,"Screening"
"CCOc1ccc(C=C(C#N)C(=O)N2CCc3sccc3C2)cc1",338.108898816,"Screening"
"CCN(CC)S(=O)(=O)CCNC(=O)C(C#N)=Cc1ccco1",325.109627088,"Screening"
"C=CC(=O)NCc1ccc(C(=O)N2Cc3ccccc3C3(CCC3)C2)cc1",360.183778008,"Screening"
"Cc1ccc(NC(SCC(=O)Nc2ccc3ccccc3c2)=C(C#N)C(=O)N2CCCC2)cc1C",484.193297136,"Screening"
"C=CC(=O)N1CCC(C(=O)N2CCC(CNS(C)(=O)=O)CC2)CC1",357.17222734399996,"Screening"
"C=CC(=O)N1CCC(C(=O)Nc2ccc(F)cc2OC2CCOCC2)CC1",376.1798355,"Screening"
"N#CN(CC(=O)N1CCCCCC1)c1ccccc1",257.152812228,"Screening"
"COCCOc1cc(NS(=O)(=O)C=Cc2ccc(Cl)cc2)c(C(=O)O)cc1OC",441.0649006599999,"Screening"
"O=S(=O)(C=Cc1ccccc1)NCc1ccccc1COc1ccccc1",379.124214532,"Screening"
"N#CC(=Cc1cc2ccccc2o1)C(=O)Nc1ccccc1C(=O)O",332.07970686399995,"Screening"
"COc1ccc(C=C(C#N)C(=O)Nc2ccc(C(=O)O)cc2)cc1C",336.111006992,"Screening"
"Cc1cc(C=C(C#N)C(=O)N2CCN(C(=O)Nc3ccc(F)cc3)CC2)c(C)n1CC1CCCO1",479.23326804,"Screening"
"CCC1SC(=C(C#N)C(=O)NCc2ccccc2)N(c2ccc(C)cc2)C1=O",391.135447912,"Screening"
"C=CC(=O)N1CCC(C(=O)N2CCC(Oc3ccc(C#N)cc3F)CC2)CC1",385.180169848,"Screening"
"CC1(C)NC(=O)N(CCCCOc2ccc(Cl)cc2C=O)C1=O",338.10333476799997,"Screening"
"COc1ccc(S(=O)(=O)Nc2ccccc2Cl)cc1NS(=O)(=O)c1cccnc1Cl",486.98301794,"Screening"
"COc1ccc(NS(=O)(=O)c2cc(NC(=O)c3ccnc(F)c3)ccc2N2CCCCC2)cc1",484.15805450000005,"Screening"
"C=CC(=O)N1CCC(C(=O)Nc2cc(Cl)cc3c2OCC(=O)N3)CC1",363.09858373599997,"Screening"
"COc1cc(C=O)ccc1OCCOc1cc(Cl)ccc1Cl",340.026914288,"Screening"
"CC(Cl)C(=O)N1CCCC(n2ncc(N(C)C(C)C)cc2=O)C1",340.16660371999996,"Screening"
"CC(Cl)C(=O)N1CCn2c(Cc3c(F)cccc3F)nnc2C1",340.0902452200001,"Screening"
"COC1(c2nc(C3CCOCC3)no2)CCN(C(=O)C(C)Cl)CC1",357.145533928,"Screening"
"CC(Cl)C(=O)N1CCN(C2CC2)c2ccc(Cl)cc21",298.06396849199996,"Screening"
"CC(Cl)C(=O)Nc1ccc(Cc2nnc3ncccn23)cc1",315.088687748,"Screening"
"O=C(NCCc1nccc(C(F)F)n1)Nc1cccc(N2CCC2=O)c1",361.13503122400004,"Screening"
"C=CC(=O)N(C)c1ccc(C(=O)N[C@@H](CC)C(=O)NCCCC)cc1",345.205241724,"Screening"
"O=S(=O)(F)c1ccc(-c2cn(CC3(O)CCNC3)nn2)cc1",326.0848895600001,"Screening"
"C=CC(=O)NCC(=O)N1CCC(c2ncc(Br)cn2)CC1",352.05348788400005,"Screening"
"C=CC(=O)N(C)CC(=O)N(Cc1cn(CC)nc1C)C1CC1",304.189926008,"Screening"
"C=CC(=O)N(C)CC(=O)NC(C)c1ccc(C(F)(F)F)c(Cl)c1",348.085240092,"Screening"
"C=CC(=O)Nc1ccc(C(=O)N2CCn3cccc3C23COC3)cc1",337.14264146799997,"Screening"
"C=CC(=O)Nc1ccc(C(=O)NCC2(C3=CCOCC3)CCC2)cc1",340.178692628,"Screening"
"C=CC(=O)Nc1ccc(C(=O)N2CCC3(CCOCC3)C(C(=O)OC)C2)cc1",386.18417193199997,"Screening"
"C=CC(=O)N(C)c1ccc(C(=O)N2CC[C@H]3CN(C(C)=O)CC[C@H]32)cc1",355.18959166,"Screening"
"C=CC(=O)N(C)c1ccc(C(=O)N2[C@@H](C(=O)OC)C[C@H]3OCC[C@H]32)cc1",358.152871804,"Screening"
"C=CC(=O)N1CCCC(C(=O)N2CCS(=O)CC2c2cnn(CC)c2)C1",378.17256169200004,"Screening"
"CC(C)(C)n1cc(C=O)c(CN2C(=O)c3ccccc3C2=O)n1",311.126991404,"Screening"
"O=Cc1ncn(-c2ccc(Br)cc2)c1Cl",283.935202592,"Screening"
"O=C(CCl)NCCc1nc(C(F)(F)F)no1",257.017888804,"Screening"
"O=C(CCl)NCc1nc(C2CCCCC2)no1",257.093104432,"Screening"
"C=CC(=O)N(C)CC(=O)N1Cc2cccc(Br)c2CC1C",350.06298994800005,"Screening"
"C=CS(=O)(=O)NCC1(CO)CC(C)C1",219.092914404,"Screening"
"C=CC(=O)NCCC(=O)N1CCC2(C1)C(=O)Nc1cc(Br)ccc12",391.053153536,"Screening"
"O=S(=O)(F)c1ccc(-n2cc(CNC3CC3)nn2)cc1",296.07432487600005,"Screening"
"C=CC(=O)N1CCN(C(=O)c2nn(CC)c(=O)c3ccccc23)[C@@H](C)C1",354.16919056399996,"Screening"
"C=CC(=O)N1CCN(C(=O)CCc2c(C)nc3cc(C)nn3c2C)[C@@H](C)C1",369.21647510400004,"Screening"
"C=CC(=O)N1CCN(C(=O)CC2Sc3ccc(Cl)cc3NC2=O)[C@@H](C)C1",393.09139017999996,"Screening"
"C=CC(=O)N1CCN(C(=O)CNC(=O)c2cc3c(s2)CCCC3)[C@@H](C)C1",375.16166266000005,"Screening"
"C=CC(=O)N1CCN(C(=O)c2cc(S(=O)(=O)NC)oc2C)[C@@H](C)C1",355.120191772,"Screening"
"C=CC(=O)N1CCN(C(=O)c2cccc(C3(C)NC(=O)NC3=O)c2)[C@@H](C)C1",370.164105184,"Screening"
"C=CC(=O)N1CCN(C(=O)Cc2cccc(N3CCOCC3)c2)[C@@H](C)C1",357.205241724,"Screening"
"C=CC(=O)N1CCN(C(=O)COc2cccc(Br)c2C#N)[C@@H](C)C1",391.053153536,"Screening"
"C=CC(=O)N1CCN(C(=O)c2n[nH]c3ccc(C(=O)OC)cc23)[C@@H](C)C1",356.14845512,"Screening"
"C=CC(=O)N1CCN(C(=O)c2cc(=O)n(-c3ccc(C)c(C)c3)[nH]2)[C@@H](C)C1",368.184840628,"Screening"
"O=S(=O)(F)Oc1ccc(CNCc2ccccc2-n2ccnc2)cc1",361.089640592,"Screening"
"CC(C(=O)Nc1ccc(OS(=O)(=O)F)cc1)c1cccc(F)c1",341.05333533600003,"Screening"
"CC(Oc1ccccc1)C(=O)Nc1ccc(OS(=O)(=O)F)cc1",339.057671768,"Screening"
"O=C(Nc1ccc(OS(=O)(=O)F)cc1)c1cnn2c1OCCC2",341.048169704,"Screening"
"Cc1nn(CC(=O)Nc2ccc(OS(=O)(=O)F)cc2)c(=O)n1C",344.05906873600003,"Screening"
"O=C(Nc1ccc(OS(=O)(=O)F)cc1)C(Cc1cccnc1)C1CCCC1",392.12060637200005,"Screening"
"CC(C)n1ccc(CC(=O)Nc2ccc(OS(=O)(=O)F)cc2)n1",341.084555212,"Screening"
"C[C@@H]1CCN(C(=O)c2cncc(OS(=O)(=O)F)c2)C[C@H](C)C1",330.104956308,"Screening"
"O=S(=O)(F)c1cccc(NS(=O)(=O)c2ccc(-n3cnnn3)cc2)c1",383.01582402000014,"Screening"
"N#CC(=Cc1ccc(NC(=O)COCC(F)(F)F)cc1)C(N)=O",327.083075904,"Screening"
"C=CC(=O)N1CCC(C(=O)Nc2ccc(F)cc2Nc2ccccc2F)CC1",385.160183352,"Screening"
"Cc1ccc(F)c(N(C#N)Cc2nccn2C(F)F)c1",280.093581012,"Screening"
"O=C(Nc1cccc(S(=O)(=O)F)c1)c1sccc1OC(F)F",350.984684396,"Screening"
"Cc1cc(C(=O)Nc2cccc(S(=O)(=O)F)c2)nn1C(C)(C)C",339.105290656,"Screening"
"NC(=O)c1cn(CC(=O)Nc2cccc(S(=O)(=O)F)c2)c2ccccc12",375.068905148,"Screening"
"O=C(Cc1ccc2c(c1)CCO2)Nc1cccc(S(=O)(=O)F)c1",335.06275714799995,"Screening"
"Cc1c(NC2CN(c3ccccc3)C2=O)cc(C#N)cc1[N+](=O)[O-]",322.10659030799997,"Screening"
"C=CC(=O)NCc1ccc(C(=O)N2CCCC2Cn2nc(C)cc2C)cc1",366.205576072,"Screening"
"C=CC(=O)NCc1ccc(C(=O)N2CC(C)CC2c2cccnc2)cc1",349.17902697600005,"Screening"
"O=S(=O)(F)c1ccc(S(=O)(=O)Nc2nccs2)cc1",321.95519792400006,"Screening"
"CCOC(=O)c1cn(C)nc1NS(=O)(=O)c1ccc(S(=O)(=O)F)cc1",391.0308053879999,"Screening"
"Cn1cc(NS(=O)(=O)c2ccc(S(=O)(=O)F)cc2)cn1",319.00967602000003,"Screening"
"O=Cc1c(SCC(=O)O)ncn1-c1ccc(Cl)cc1",296.002240828,"Screening"
"Cc1nc(CN(C#N)c2ccc(F)cc2)no1",232.076039128,"Screening"
"COc1ccc(N(C#N)Cc2nc(=O)[nH][nH]2)cc1Cl",279.05230223999996,"Screening"
"N#CC(=Cc1cnc2ccccn12)C(=O)NC1CCCCC1",294.148061196,"Screening"
"Cc1ccccc1-n1c(Cl)nc(Cl)c1C=O",254.001368236,"Screening"
"O=Cc1c(Cl)nc(Cl)n1-c1ccc(O)cc1",255.980632792,"Screening"
"O=Cc1ccc(OCC(=O)N2CCOCC2C2CCCCC2=O)cc1",345.157622836,"Screening"
"C=CC(=O)NCc1ccc(C(=O)N2CCCCC2C(=O)Nc2ccc3c(c2)CCO3)cc1",433.200156344,"Screening"
"COC(=O)c1coc(C(=O)NC2CN(c3ccc(F)cc3)C2=O)c1",332.080849736,"Screening"
"N#CC(=Cc1ccc(OCC(F)F)cc1)C(=O)NCC1CCCO1",336.12854887599997,"Screening"
"N#CC(=Cc1ccc([N+](=O)[O-])c(Cl)c1)C(=O)NC1CCCCC1",333.088019052,"Screening"
"N#CN(CCOCCO)c1ccc(F)c(Cl)c1",258.057133524,"Screening"
"COc1ccc(NS(=O)(=O)C=Cc2ccc(C)cc2)cc1-n1cnnn1",371.1052104040001,"Screening"
"CC(C)(C)c1cc(NS(=O)(=O)C=Cc2ccc(Br)cc2)on1",384.014325504,"Screening"
"Cn1cc(N2CCCC(NS(=O)(=O)C=Cc3ccccc3)C2)cn1",346.146346944,"Screening"
"CNC(=O)C(C#N)=Cc1cc(Cl)ccc1Br",297.950852656,"Screening"
"Cc1ccc(NC(=O)C(C#N)=Cc2cc(C(=O)O)cs2)cc1",312.056863244,"Screening"
"C=CC(=O)NCCNC(=O)C(C)c1ccc(Br)s1",330.0037608200001,"Screening"
"C=CC(=O)Nc1ccc(C(=O)N2CCN(c3nccnc3C#N)CC2C)cc1",376.16477388000004,"Screening"
"Cc1cc(C(=O)NCCCOc2cccc3cccnc23)sc1C=O",354.103813436,"Screening"
"CNC(=O)c1ccc(CN(C#N)c2ccc(F)c(C#N)c2)cc1",308.10733925600005,"Screening"
"C=CC(=O)Nc1cc(NC(=O)CCc2c(C)nc3c(C(N)=O)cnn3c2C)ccc1F",424.16591675200004,"Screening"
"C=CC(=O)Nc1cc(NC(=O)C(CC)Oc2ccccc2Cl)ccc1F",376.098998336,"Screening"
"CC(=O)c1ccc(Cl)c(S(=O)(=O)NC(=O)C(C#N)=Cc2ccco2)c1",378.00772013200003,"Screening"
"CN(Cc1cccs1)C(=O)CN(C#N)c1ccc(F)c(C#N)c1",328.079410256,"Screening"
"COC(=O)c1ccc(CN(C#N)c2ccccc2)o1",256.084792244,"Screening"
"C=CC(=O)N1CCC(C(=O)N[C@H]2C[C@H](c3ccc(Cl)c(Cl)c3)C2)CC1",380.105833304,"Screening"
"C=CC(=O)N1CCC(C(=O)NCc2nnc(C3CC3)n2C2CC2)CC1",343.20082504000004,"Screening"
"CN(c1cccc(Br)n1)S(=O)(=O)C=Cc1ccccc1Cl",385.949138404,"Screening"
"C=CC(=O)NC(CCN(C)C(=O)c1nn2cccnc2c1Cl)C(C)C",363.146202624,"Screening"
"C=CC(=O)NC(CNC(=O)C1(C)OCCc2ccccc21)c1ccccc1",364.178692628,"Screening"
"C=CC(=O)NCC(NC(=O)CC1CCc2ccccc2C1)C1CCCCC1",368.246378264,"Screening"
"C=CC(=O)NCCC1C(C)CCCN1C(=O)c1ncnc2c(C)csc12",372.16199700799996,"Screening"
"C=CC(=O)NCC(C)(C)C1CCN(C(=O)Cn2ccc(C(F)(F)F)n2)CC1",386.1929607,"Screening"
"C=CC(=O)NC1CN(C(=O)c2ccn(C3CCCCC3)n2)CCC1C(F)(F)F",398.1929607,"Screening"
"C=CC(=O)NC1CCCOC1C1CCN(C(=O)CCCc2sccc2C)CC1",404.21336388400005,"Screening"
"C=CC(=O)NCc1cn(C2CCCN(C(=O)c3cc4c(s3)CCC(C)C4)C2)nn1",413.18854610400007,"Screening"
"C=CC(=O)NCC1(c2ccccc2)CCN(C(=O)c2cc(C(F)(F)F)n(C)n2)CC1",420.1773106360001,"Screening"
"C=CC(=O)NC(CC(=O)NC(C)c1ccc(Cl)s1)c1ccccc1",362.085576528,"Screening"
"C=CC(=O)N(c1ccc2ncsc2c1)C(C(=O)Nc1c(C)cccc1CC)c1cccnc1",456.161997008,"Screening"
"C=CC(=O)N[C@@H]1CN(C(=O)c2nn3cccnc3c2Cl)C[C@H]1CC(C)(C)C",389.16185268799995,"Screening"
"C=CC(=O)N[C@@H]1CN(C(=O)Cc2ccc3c(c2)COCC3)C[C@H]1c1ccccc1",390.194342692,"Screening"
"C=CC(=O)N[C@@H]1CN(C(=O)Cc2ccc3c(c2)CCCO3)C[C@H]1C(F)(F)F",382.150427192,"Screening"
"C=CC(=O)N[C@@H]1c2ccccc2C[C@H]1NC(=O)CN1CCCCCCC1=O",369.20524172399996,"Screening"
"C=CC(=O)N[C@@H]1CN(C(=O)Cc2noc3ccc(F)cc23)C[C@H]1C1CC1",357.14886972,"Screening"
"C=CC(=O)N[C@@H]1CN(C(=O)Cn2nnc3c2CCCC3)C[C@H]1c1ccccc1",379.20082504000004,"Screening"
"C=CC(=O)N[C@@H]1CN(C(=O)Cc2cccc3c2OCCO3)C[C@H]1c1ccccc1F",410.164185436,"Screening"
"C=CC(=O)NC[C@]1(c2ccccc2)C[C@@H](NC(=O)Cc2nn(C)c3ccccc23)C1",402.20557607200004,"Screening"
"CC(C)c1ccc(Cl)cc1C(=O)N[C@H]1CC[C@H](CNC(=O)CCl)CC1",384.137133432,"Screening"
"COc1ccc([C@@H]2CN(C(=O)C3=NOC(C)(C)C3)C[C@H]2NC(=O)CCl)cc1",393.14553392799996,"Screening"
"O=C(CCl)NC[C@]1(c2ccccc2)C[C@@H](NC(=O)C2CCc3ccccc3O2)C1",412.15537034,"Screening"
"Cc1sc(=O)n(CC(=O)N2CC[C@H](c3ccc(F)cc3)[C@@H](NC(=O)CCl)C2)c1C",439.11326849600005,"Screening"
"Cn1nccc1COCC(=O)N1CC[C@H](c2ccc(F)cc2)[C@@H](NC(=O)CCl)C1",422.15209652799996,"Screening"
"CCc1nc(C)c(CC(=O)N2C[C@H](NC(=O)CCl)[C@@H](C3CC3)C2)c(C)n1",378.18225378400007,"Screening"
"O=C(CCl)N[C@@H]1CN(C(=O)CC2=CCCCC2)CC[C@H]1c1ccc(F)cc1",392.166683972,"Screening"
"COc1ccc([C@@H]2CN(C(=O)Cn3c(=O)oc4ccccc43)C[C@H]2NC(=O)CCl)cc1",443.124798484,"Screening"
"Cc1nc(CC2CC2)oc1C(=O)N[C@@H]1Cc2ccccc2[C@H]1NC(=O)CCl",387.134969244,"Screening"
"COc1cc2c(c(C(=O)N[C@H]3C[C@@](CNC(=O)CCl)(c4ccccc4)C3)c1)OCC2",428.15028495999996,"Screening"
"Cc1ccn(CC(=O)N2CC[C@H](c3ccc(F)cc3)[C@@H](NC(=O)CCl)C2)n1",392.141531844,"Screening"
"C=CS(=O)(=O)Nc1cnc(OC)c(/C=C/C2CCC(F)(F)CC2)c1",358.11626994,"Screening"
"C=CC(=O)N(c1ccc(C(C)(C)C)cc1)C(C(=O)NCCOC)c1cccnc1",395.220891788,"Screening"
"C=CC(=O)N(c1ccc(C(C)(C)C)cc1)C(C(=O)NC(C)CC)c1cccnc1",393.24162723200004,"Screening"
"C=CC(=O)N(c1ccc(C(C)(C)C)cc1)C(C(=O)N[C@H]1CC[C@@H](C(=O)OC)C1)c1cccnc1",463.247106536,"Screening"
"C=CC(=O)N(c1ccc2c(ccn2C)c1)C(C(=O)NC(C)(C)C)c1cccnc1",390.205576072,"Screening"
"O=Cc1cn(CC(=O)N2CCCC2c2ncc[nH]2)c2ccccc12",322.142975816,"Screening"
"C=CS(=O)(=O)NCc1cccc(C)c1O",227.061614276,"Screening"
"C=CC(=O)N(c1ccc(C(F)(F)F)cc1)C(C(=O)NCCc1cccc(F)c1)c1cncc(C)c1",485.17263985600005,"Screening"
"C=CC(=O)N(c1ccc(C(F)(F)F)cc1)C(C(=O)NCCc1cccc(F)c1)c1cncc(O)c1",487.151904412,"Screening"
"C=CC(=O)N(c1cc(C(C)(C)C)on1)C(C(=O)NCCc1cccc(F)c1)c1cncc(C)c1",464.22236900800004,"Screening"
"C=CC(=O)N1CC(C(=O)NCc2nc(C)c3ccccc3n2)C1",310.142975816,"Screening"
"C=CC(=O)N1CC(C(=O)N(CCO)Cc2ccc(C)cc2)C1",302.163042564,"Screening"
"C=CC(=O)N1CC(C(=O)N2CCC3(CCC(O)CC3)CC2)C1",306.194342692,"Screening"
"C=CC(=O)N1CC(C(=O)NCc2ccnc(Oc3ccccc3F)c2)C1",355.133219656,"Screening"
"C=CC(=O)N1CC(C(=O)N2CCC(S(=O)(=O)c3ccc(F)cc3)CC2)C1",380.120606372,"Screening"
"C=CC(=O)N1CC(C(=O)NCc2ccc(Oc3cc(C)ccc3C)nc2)C1",365.1739415960001,"Screening"
"Cc1cc(C=O)c(C)n1-c1ccccc1C(=O)NC(C)c1nc(C(F)(F)F)cs1",421.107182476,"Screening"
"Cc1cc(C=O)c(C)n1-c1ccccc1C(=O)NC(c1ccccc1F)C(C)O",394.169270816,"Screening"
"C=CC(=O)N1CC(C(=O)NCCCc2nnc(SC)n2C2CCCC2)C1",377.188546104,"Screening"
"C=CC(=O)N1CC(C(=O)N2CCC(c3nc4cc(Cl)ccc4o3)CC2)C1",373.11931918,"Screening"
"C=CC(=O)N1CC(C(=O)N2CCC(C(=O)Nc3ncccc3C)CC2)C1",356.18484062799996,"Screening"
"C=CC(=O)N1CC(C(=O)N2CCC(NC(=O)c3cc(C)on3)CC2)C1",346.164105184,"Screening"
"C=CC(=O)N(CC)CC(=O)N1CCC(CCN2CCCS2(=O)=O)CC1",371.18787740799996,"Screening"
"C=CC(=O)N(CC)CC(=O)Nc1ccc2c(c1)C(=O)OC2(C)C",316.14230712,"Screening"
"O=C(NC1CCC(C(=O)O)CC1)c1cc(S(=O)(=O)F)c[nH]1",318.06857080000003,"Screening"
"O=C(Nc1cccc(N2CCC2=O)c1)C(=O)N[C@@H](CO)CCc1ccccc1",381.168856216,"Screening"
"CN1CCC2(CCCN2C(=O)CCc2ccc(S(=O)(=O)F)cc2)CC1",368.15699187999996,"Screening"
"C=CC(=O)Nc1ccc(O)c(C(=O)NCc2c(CC)nn(C)c2CC)c1",356.184840628,"Screening"
"C=CC(=O)Nc1ccc(O)c(C(=O)N2CCC(n3cc(N(C)C)cn3)CC2)c1",383.1957396600001,"Screening"
"C=CC(=O)Nc1ccc(O)c(C(=O)NCC2CC3(CCOCC3)CO2)c1",360.16852186799997,"Screening"
"C=CC(=O)N(CC)CC(=O)N1CC(OC)(c2nccn2C)C1",306.169190564,"Screening"
"C=CC(=O)NCCC(=O)N1CCC(Cc2nncn2C)CC1",305.18517497600004,"Screening"
"C=CC(=O)N1CCC(C(=O)N=S(C)(=O)c2ccccc2OC)CC1",350.13002818399997,"Screening"
"N#CN(CCCOc1ccc(Cl)cc1)c1nncs1",294.034209652,"Screening"
"O=C(CCl)NCC(c1ccc(C(F)(F)F)cc1)N1CCCC1",334.105975536,"Screening"
"Cn1nc(CCNC(=O)CCl)c2ccccc21",251.082539748,"Screening"
"CN(CCc1nccc(C(F)(F)F)n1)C(=O)CCl",281.054274312,"Screening"
"O=C(CCl)Nc1cc(Cl)c2c(c1)OCCO2",260.995948508,"Screening"
"C=CC(=O)Nc1ccc(C(=O)NC2CCN(Cc3ccccn3)CC2)cc1",364.189926008,"Screening"
"O=C(Cc1ccc(S(=O)(=O)F)cc1)NC1CCOc2c(Cl)cccc21",383.03943486000003,"Screening"
"C=CC(=O)Nc1ccc(C(=O)N2CCC(N3CCN(CC)C3=O)CC2)cc1",370.20049069199996,"Screening"
"C=CC(=O)Nc1ccc(C(=O)NC2CC(=O)N(C3CCCCC3)C2)cc1",355.18959166,"Screening"
"COc1cc(CNC(=O)Cc2ccc(C=O)[nH]2)cc(OC)c1OC",332.13722174,"Screening"
"C=CC(=O)Nc1ccc(C(=O)NC2(CCO)CCOC2)cc1",304.14230712,"Screening"
"C=CC(=O)Nc1ccc(C(=O)NC2Cc3[nH]ncc3C(C(F)(F)F)C2)cc1",378.130360444,"Screening"
"C=CC(=O)N1CCC(C(=O)Nc2nc3c(o2)CCCC3)CC1",303.158291532,"Screening"
"C=CC(=O)NCc1ccccc1-c1ccc(CN2CCCC2=O)cc1",334.16812794399993,"Screening"
"C=CC(=O)NC(c1ccc(C(F)(F)F)nc1)c1cccc(Cl)c1",340.05902534399996,"Screening"
"COC(=O)C1CC(S(=O)(=O)F)CN1C(=O)CSc1ccc(Cl)cc1",395.00642048000003,"Screening"
"O=S(=O)(F)Oc1ccc(-c2nc3cc(C(F)(F)F)ccc3s2)cc1",376.98034796400003,"Screening"
"C=CC(=O)N1CCC(Cc2ccc(Cl)c(Cl)c2)(C(=O)O)CC1",341.05854876399997,"Screening"
"C=CC(=O)N(C)CC(=O)NCc1cscc1C(F)(F)F",306.06498331600005,"Screening"
"C=CS(=O)(=O)NC1CC(OC)C1",191.061614276,"Screening"
"C=CS(=O)(=O)NC(C)C1CCOC1",205.07726434,"Screening"
"C=CS(=O)(=O)NCc1ccc(Cl)s1",236.968498176,"Screening"
"C=CS(=O)(=O)NCc1ccc(Br)s1",280.917982596,"Screening"
"C=CS(=O)(=O)NCC(C)(C)COCC",221.108564468,"Screening"
"C=CS(=O)(=O)N1CCN(C(=O)NC)CC1",233.08341234,"Screening"
"C=CS(=O)(=O)NCC1CCC(C2CC2)O1",231.092914404,"Screening"
"C=CS(=O)(=O)N1C[C@H](C2CC2)[C@@H](O)C1",217.07726434,"Screening"
"Cc1nnc2n1CCN(C(=O)Cn1cc(C=O)c3ccccc31)C2C",337.15387484800004,"Screening"
"C=CC(=O)NCc1ccc(C(=O)NC(C)C23CC(CO2)C3)cc1",314.163042564,"Screening"
"C=CC(=O)Nc1ccc(C(=O)N2[C@@H]3CC[C@@H](C3)[C@H]2C(=O)OCC)cc1",342.157957184,"Screening"
"C=CC(=O)N(C)CC(=O)N1CCC2(CC1)Cc1cc(OC)ccc1C2=O",356.173607248,"Screening"
"CC(Cl)C(=O)N1CCN(C(=O)C(F)(F)F)C2(CCCCC2)C1",340.11654022,"Screening"
"C=CC(=O)NCCC(=O)N[C@H](C)c1coc2c(F)cccc12",304.12232062400005,"Screening"
"C=CC(=O)N(C)CC(=O)N(C)[C@@H](C)Cc1c(F)cccc1F",310.14928432,"Screening"
"C=CC(=O)NCc1ccc(C(=O)N2C[C@H](OC)[C@H]3COC[C@H]32)cc1",330.157957184,"Screening"
"COc1cccc(C=C(C#N)C(N)=O)c1OCc1ccc(Br)cc1",386.0266044400001,"Screening"
"Cc1ccc(COc2cccc(C=C(C#N)C(=O)Nc3cccc(C(=O)O)c3)c2)cc1",412.14230711999994,"Screening"
"N#CC(=Cc1ccc(OC(=O)c2ccccc2)cc1)C(=O)Nc1cc(Cl)cc(Cl)c1",436.038147668,"Screening"
"CCN(CC)S(=O)(=O)c1cccc(C(=O)c2c(C)c(C=O)c3ccccn23)c1",398.13002818399997,"Screening"
"N#CC(=Cc1ccccc1)C(=O)NNC(=O)c1ccccc1OCc1ccc(F)cc1",415.13321965599994,"Screening"
"N#CCCN(CCC#N)C(=O)C(C#N)=Cc1ccc2c(c1)OCO2",322.10659030799997,"Screening"
"COCCNC(=O)C(C#N)=CC1=C(N2CCOCC2)C(=Cc2ccccc2)CC1",393.205241724,"Screening"
"CCOc1cccc(C=O)c1OCC(=O)Nc1ccc(C(C)C)cc1",341.162708216,"Screening"
"Cc1ccccc1N1C(=O)CSC1=C(C#N)C(=O)N1CCCCC1",341.119797848,"Screening"
"N#CC(=Cc1cc2ccccc2nc1N1CCOCC1)C(N)=O",308.127325752,"Screening"
"COc1ccc(N2C(=O)C(F)(F)C2c2cccc3ccccc23)cc1OC",369.117649844,"Screening"
"Cc1cccn2c(=O)c(C=O)c(N3CCOCC3)nc12",273.11134134,"Screening"
"CC(=O)c1ccc(OC2C(=O)N(CC3CCCO3)C2c2cccc(Br)c2)cc1",443.073220284,"Screening"
"COc1cccc(C2C(Oc3cccc(C#N)c3)C(=O)N2CC2CCCO2)c1",378.157957184,"Screening"
"O=Cc1nc(-c2ccc(Cl)cc2)n2ccccc12",256.040340588,"Screening"
"O=Cc1ccc(Sc2cccc3cccnc23)o1",255.035399528,"Screening"
"Cc1ccc(Cn2c(C)c(C=O)c3ccccc32)cc1",263.131014164,"Screening"
"Cc1ccc2nc(N3CCN(c4ccccc4)CC3)c(C=O)c(=O)n2c1",348.15862588,"Screening"
"O=Cc1ccc(OCCCCN2CCCCC2)cc1",261.172878976,"Screening"
"Cc1ccc2nc(N3CCN(Cc4ccccc4)CC3)c(C=O)c(=O)n2c1",362.174275944,"Screening"
"CCOC(=O)C1CCN(c2nc3ccccn3c(=O)c2C=O)CC1",329.137556088,"Screening"
"COc1cc2c(cc1OC)CN(C(=O)CN(C)S(=O)(=O)C=Cc1ccccc1)CC2",430.15624293199994,"Screening"
"CCOCCN1C(=O)C(Oc2ccc(F)cc2)C1c1ccsc1",335.09914265599997,"Screening"
"CN(CC(=O)NC1CCN(Cc2ccccc2)CC1)S(=O)(=O)C=Cc1ccccc1",427.19296278799993,"Screening"
"Cc1cc(-n2c(C)cc(C=C(C#N)C(=O)NC3CC3)c2C)no1",310.142975816,"Screening"
"Cc1cc(S(N)(=O)=O)cc(NS(=O)(=O)C=Cc2ccccc2)c1C",366.070799056,"Screening"
"Cc1cc(C=C(C#N)C(N)=O)c(C)n1-c1ccc2c(c1)OCO2",309.11134133999997,"Screening"
"Cc1nn(Cc2ccccc2Cl)c(C)c1CN(C)S(=O)(=O)C=Cc1ccccc1",429.12777568799993,"Screening"
"COc1cccc(C2C(Oc3ccccc3F)C(=O)N2CCCCN2CCOCC2)c1OC",458.221700312,"Screening"
"CCOc1ccc(-c2nnc(NC(=O)C3CCN(S(=O)(=O)C=Cc4ccc(C)cc4)CC3)o2)cc1",496.1780409959999,"Screening"
"CC(=O)Nc1cccc(CN2C(=O)C(Oc3ccccc3F)C2c2cc(F)ccc2F)c1",440.13477712800005,"Screening"
"COc1ccc(C2C(Oc3cccc(Br)c3)C(=O)N2Cc2cccc(NC(C)=O)c2)cc1",494.084119316,"Screening"
"CCc1ccccc1OC1C(=O)N(Cc2cccc(NC(C)=O)c2)C1c1cccc(OC)c1",444.20490737599994,"Screening"
"C=CC(=O)N1CCC(C(=O)NC(C)C(O)c2c(F)cccc2Cl)CC1",368.130298464,"Screening"
"CCc1cccc(N(C#N)CCn2cncn2)c1",241.13274547999998,"Screening"
"C=CC(=O)NCc1ccc(C(=O)NC(CCSC)c2nc3ccccc3[nH]2)cc1",408.16199700800007,"Screening"
"CC(c1nc2ccccc2s1)N(C)S(=O)(=O)C=Cc1ccccc1",358.080969816,"Screening"
"O=C(C1CO1)N1CCC(C(c2ccccc2)c2ccccc2)CC1",321.17287897600005,"Screening"
"O=C(C1CO1)N1CCCCCC1c1ccc(C(F)(F)F)cc1",313.128963476,"Screening"
"COCC(NC(=O)C1CO1)c1cccc(Cl)c1",255.066220988,"Screening"
"O=C(NCC1(Cc2ccccc2)CCC1)C1CO1",245.141578848,"Screening"
"O=C(N[C@@H]1C[C@H]1c1ccc2ccccc2c1)C1CO1",253.11027872,"Screening"
"COc1ccccc1N1CCC(C)N(C(=O)C2CO2)CC1",290.163042564,"Screening"
"O=C(C1CO1)N1CCCC1CC1CCCc2ccccc21",285.17287897600005,"Screening"
"Cc1noc(CC(NC(=O)C2CO2)c2ccccc2)n1",273.11134134,"Screening"
"O=C(NCc1ccc(-n2ccc(C3CC3)n2)cc1)C1CO1",283.132076784,"Screening"
"COc1ccc2c(c1)CCCC(NC(=O)C1CO1)C2",261.136493468,"Screening"
"O=C(N[C@@H]1C[C@H]1c1ccccc1C(F)(F)F)C1CO1",271.08201328399997,"Screening"
"CC(C)[C@@H]1C[C@H](CNC(=O)C2CO2)c2ccccc21",259.157228912,"Screening"
"C=CC(=O)N1CCN(C(=O)C(C)Oc2ccc(F)cc2Br)[C@@H](C)C1",398.06413282000005,"Screening"
"C=CC(=O)NC1CC(NC(=O)C(=O)NCc2ccc(F)cc2)C12CCC2",359.164519784,"Screening"
"C=CC(=O)N1CCCC1C(=O)NCCNS(=O)(=O)c1cc(C)ccc1C",379.15657728,"Screening"
"C=CC(=O)N1CCC(C(=O)NC2(C(=O)N3CCN(C)CC3)CCCC2)CC1",376.24744088399996,"Screening"
"C=CC(=O)N1CCC(C(=O)NC2CCCS(=O)(=O)c3ccccc32)CC1",376.14567824799997,"Screening"
"C=CC(=O)N1CCC(C(=O)N(C)Cc2nc3c(s2)CCCC3)CC1",347.16674804,"Screening"
"C=CC(=O)NCCC(=O)Nc1nc(-c2ccc3c(c2)NC(=O)CO3)c(C)s1",386.1048760559999,"Screening"
"C=CC(=O)NCc1ccc(C(=O)NCC2CCS(=O)(=O)c3ccccc32)cc1",398.13002818399997,"Screening"
"C=CC(=O)NCc1ccc(C(=O)N(C)Cc2ccc3cnccc3c2)cc1",359.16337691200005,"Screening"
"C=CC(=O)NCc1ccc(C(=O)N2CCc3cc(OC)ccc3C2C(C)C)cc1",392.209992756,"Screening"
"C=CC(=O)NCC1(C)CCN(C(=O)CC2CCOc3ccccc32)CC1",356.209992756,"Screening"
"C=CC(=O)N1CCCC(C(=O)NC2(Cc3ccc(F)cc3C)CC2)C1",344.19000626,"Screening"
"C=CC(=O)N1CCCC(C(=O)N2CCn3cnnc3C2C)C1",303.16952491200004,"Screening"
"C=CC(=O)N1CCCC(C(=O)N2CCOC(c3c(F)cc(F)cc3OC)C2)C1",394.170413688,"Screening"
"C=CC(=O)N1CCCC(C(=O)NC(C)c2cc(Cl)cc3c2OCC3)C1",362.139720276,"Screening"
"C=CC(=O)N1CCCC(C(=O)NC(c2c(C)nn(C)c2C)C(F)(F)F)C1",372.177310636,"Screening"
"C=CC(=O)N1CCCC(C(=O)Nc2cc(Cl)cc([N+](=O)[O-])c2O)C1",353.07784829199994,"Screening"
"C=CC(=O)N1CCCC(C(=O)N2CCN(S(C)(=O)=O)C(C)(C)C2)C1",357.172227344,"Screening"
"C=CC(=O)N1CCCC(C(=O)N[C@H](CC(N)=O)c2cccc(Cl)c2)C1",363.134969244,"Screening"
"C=CC(=O)N1CCCC(C(=O)Nc2cc3sc(C)nc3cc2OC)C1",359.130362532,"Screening"
"C=CC(=O)NCC(=O)NCC1(c2cccc(Cl)c2F)CCCC1",338.11973378,"Screening"
"C=CC(=O)NCC(=O)N1CCN(Cc2ccccc2)[C@H](C)C1",301.179026976,"Screening"
"C=CC(=O)NCC(=O)N[C@@H]1CCO[C@H]1c1ccc(Cl)cc1",308.092770084,"Screening"
"C=CC(=O)NCC(=O)N1CCC[C@H]2O[C@@H](c3ccccc3)C[C@H]21",314.163042564,"Screening"
"C=CC(=O)NCC(=O)N1CCC(C)(c2ccc(C)cc2)CC1",300.183778008,"Screening"
"C=CC(=O)NCC(=O)N[C@@H]1CC(C)(C)Oc2ccc(F)cc21",306.13797068800005,"Screening"
"C=CC(=O)NCC(=O)N[C@H](C)Cc1ccc2c(c1)OCCO2",304.14230712,"Screening"
"C=CC(=O)NCC(=O)N1CCN(S(=O)(=O)c2ccc3c(c2)CCC3)CC1",377.140927216,"Screening"
"C=CC(=O)NC(C)c1ccc(CNC(=O)C(C)(C)c2ccc(F)cc2)cc1",368.19000626,"Screening"
"C=CC(=O)N(Cc1cnnn1C1CC1)c1ccc2c(c1)NC(=O)CS2",355.11029578399996,"Screening"
"C=CC(=O)N(Cc1cccc2c1OCCO2)c1ccc(CCO)cc1",339.147058152,"Screening"
"C=CC(=O)N(Cc1cn(CCO)nc1C)c1ccc(OC)cc1C",329.173941596,"Screening"
"C=CC(=O)N(Cc1cnn(C2CCC2)c1C)c1cccc(-n2nnnc2C)c1",377.1964083560001,"Screening"
"C=CC(=O)N(Cc1sccc1Br)CC(C)Cn1cccn1",367.03539529600005,"Screening"
"C=CC(=O)N(CCS(C)(=O)=O)Cc1ccccc1OCc1ccccc1",373.134779216,"Screening"
"O=C(CCl)NCCC(=O)NCC1CCCCN1C(=O)c1sccc1F",389.097618432,"Screening"
"C=CC(=O)N1CCC[C@@H]1CCNC(=O)CCc1cc(C)on1",305.173941596,"Screening"
"C=CC(=O)N(Cc1cccnc1)Cc1cccc(OC)c1OC",312.14739249999997,"Screening"
"C=CC(=O)N(C)C1CCN(c2ccc(C(F)(F)F)nc2)CC1",313.140196856,"Screening"
"C=CC(=O)NC(CCOc1ccccc1)c1ccc(F)cc1F",317.12273522400005,"Screening"
"C=CC(=O)NC1(CN2CCN(c3ccc(Cl)cc3)CC2)CC1",319.145140004,"Screening"
"C=CC(=O)NC(Cc1ccccc1)c1nc(-c2ccncc2)no1",320.127325752,"Screening"
"O=C(CCl)NC(Cc1cccnc1)c1ccc(Cl)c(Cl)c1",342.009346076,"Screening"
"O=C(CCl)NC(c1ccc(Cl)cc1)c1ccc(C(F)(F)F)cc1",361.024804024,"Screening"
"CC(C)(CNC(=O)CCl)C1CCN(C(=O)C2Cc3ccccc3C2)CC1",376.191755848,"Screening"
"CC1CCCN(C(=O)Cn2nnc3ccccc32)C1CCNC(=O)CCl",377.161852688,"Screening"
"O=C(CCl)NCc1ccc(CNC(=O)c2coc3c2CCCC3)c(F)c1",378.11464839999996,"Screening"
"CC(C)c1ccc(C(CNC(=O)C2(C)CCCCC2)NC(=O)CCl)cc1",378.20740591199996,"Screening"
"O=C(CCl)NC1CC(NC(=O)c2ncsc2C(F)(F)F)C12CCC2",381.05256006,"Screening"
"Cc1noc(C)c1C(=O)NC(CNC(=O)CCl)c1ccc2ccccc2c1",385.11931918,"Screening"
"CCc1nc(C(=O)NC(CNC(=O)CCl)c2ccc3ccccc3c2)co1",385.11931918,"Screening"
"O=C(CCl)NCC(NC(=O)CC1CCCCO1)c1ccc2ccccc2c1",388.15537034,"Screening"
"O=C(CCl)NC1(CNC(=O)c2ccn(C3CCCCC3)n2)CCCCCC1",394.21355391200007,"Screening"
"O=C(CCl)NCc1ccc(CNC(=O)C2(C3CCCCO3)CCC2)c(F)c1",396.16159859199996,"Screening"
"CC1(C)NC(=O)CC1C(=O)N(CCNC(=O)CCl)Cc1cccc(Cl)c1",399.111646956,"Screening"
"O=C(CCl)NCCc1ccc(CNC(=O)c2cc(Cl)c(Cl)s2)cc1",403.99198176,"Screening"
"O=C(CCl)NCCNC(=O)C1CCCN(C(=O)C2COc3ccccc3O2)C1",409.14044854799994,"Screening"
"O=C(CCl)NCC(NC(=O)C1CCCc2ccnn21)c1ccc2ccccc2c1",410.150953656,"Screening"
"Cc1nn(C)c(C)c1CC(=O)NC(CNC(=O)CCl)c1ccc2ccccc2c1",412.16660372,"Screening"
"CC(C)c1ccc(C(CNC(=O)C2CCN(C)S2(=O)=O)NC(=O)CCl)cc1",415.13325499199993,"Screening"
"O=C(CCl)NCC(NC(=O)C1COc2ccc(F)cc2C1)c1ccc2ccccc2c1",440.13029846399996,"Screening"
"Cc1ccc2c(c1)CC(C(=O)NCc1cccc(-n3cc(CNC(=O)CCl)nn3)c1)S2",455.118273624,"Screening"
"C#CCC1(C(=O)NCc2ccc(CNC(=O)C=C)cc2F)CC=CCC1",354.174356196,"Screening"
"C=CC(=O)NCCC1CCN(C(=O)c2coc3cc(C)c(C)cc23)CC1",354.194342692,"Screening"
"C=CC(=O)NCC(NC(=O)c1cc(-c2ccccc2)nn1C)C(C)(C)C",354.205576072,"Screening"
"C=CC(=O)N(Cc1oc(CC)nc1C)Cc1sc2ccccc2c1C",354.140198944,"Screening"
"C=CC(=O)NCC(NC(=O)c1cccc2c1C(=O)NC2)C1CCCCC1",355.18959166,"Screening"
"C=CC(=O)NCc1ccc(CNC(=O)c2sc(C3CC3)nc2C)cc1",355.1354479120001,"Screening"
"C=CC(=O)NC1(CC)CCN(C(=O)C2(c3ccccc3)CCCO2)CC1",356.20999275599996,"Screening"
"C=CC(=O)NC(C)C1CCN(C(=O)c2ccc(OC)c(C3CC3)c2)CC1",356.209992756,"Screening"
"C=CC(=O)N(Cc1cc(CC)no1)Cc1cn(C)nc1C1CCCCC1",356.221226136,"Screening"
"C=CC(=O)NCC1(NC(=O)Cn2ccc3ccc(F)cc32)CCCCC1",357.18525522799996,"Screening"
"C=CC(=O)N(Cc1ccc(C2(C#N)CC2)cc1)CC1COc2ccccc21",358.168127944,"Screening"
"C=CS(=O)(=O)NCC1CCc2ccccc21",237.08234972,"Screening"
"C=CS(=O)(=O)N1CC(COC)(C2CCC2)C1",245.108564468,"Screening"
"C=CS(=O)(=O)N(C)[C@H](C)c1ccccc1C",239.097999784,"Screening"
"C=CS(=O)(=O)NCC(C(=O)OC)c1cccc(C)c1",283.08782902400003,"Screening"
"O=C(Nc1ccns1)[C@H]1CCCN(C(=O)CCl)C1",287.049525368,"Screening"
"CCOCCNC(=O)C(c1cn(C)nn1)N(C(=O)CCl)c1ccc(C(F)(F)F)c(C)c1",461.144151936,"Screening"
"COc1ccc(NC(=O)C(c2conc2C)N(Cc2cc(F)ccc2C)C(=O)CCl)c(OC)c1",489.14667679999997,"Screening"
"CN(Cc1ncc(C2CC2)o1)C(=O)C[C@H]1CCCN1C(=O)CCl",339.134969244,"Screening"
"O=C(NCCc1cnn(-c2ccccc2)n1)[C@H]1CCCN(C(=O)CCl)C1",375.14620262399995,"Screening"
"CC(=O)N1CCC(N(Cc2cncs2)C(=O)[C@@H](CF)NC(=O)CCl)CC1",404.108517464,"Screening"
"CC(c1ccc(Cl)cc1)N(C)C(=O)COc1ccc(C=O)c(B(O)O)c1",375.10448078799993,"Screening"
"COc1ccc(CCCN(C)C(=O)COc2ccc(C=O)c(B(O)O)c2)cc1",385.16966788799994,"Screening"
"COc1cc(C=O)c(B(O)O)cc1OCc1ncc(-c2ccccc2)o1",353.107067632,"Screening"
"O=Cc1ccc(OCC(=O)N2c3ccccc3NC(=O)C23CCCC3)cc1B(O)O",408.149266792,"Screening"
"COCc1nnc(COc2cc(B(O)O)c(C=O)cc2OC)s1",338.07438759999997,"Screening"
"Cc1cc(C=C(C#N)C(=O)NCc2ccccc2)cc(C)c1O",306.13682781599994,"Screening"
"N#CC(=Cc1cc(Br)ccc1O)C(=O)NCC1CCCO1",350.02660444,"Screening"
"CCOc1cc(C=C(C#N)C(=O)NC(C)C)cc(Cl)c1O",308.092770084,"Screening"
"COCCCNC(=O)C(C#N)=Cc1cc(Cl)c(O)c(OC)c1",324.08768470399997,"Screening"
"C=CCNC(=O)C(C#N)=Cc1ccc(O)c(Br)c1",306.00038969200006,"Screening"
"COc1ccc(CCNC(=O)C(C#N)=Cc2cc(Cl)c(O)c(OC)c2)cc1OC",416.11389945199994,"Screening"
"CCOC(=O)c1c(-c2ccc(Cl)cc2)csc1NC(=O)C(C#N)=Cc1cc(OC)ccc1O",482.07032038799997,"Screening"
"O=Cc1cc2ccc(OCc3ccccc3)cc2[nH]1",251.094628656,"Screening"
"CN(Cc1cccc(O)c1)C(=O)c1ccc2c(C=O)c[nH]c2c1",308.116092372,"Screening"
"CCN(C#N)c1ccc(Cl)cc1",180.045425968,"Screening"
"O=Cc1csc(-c2cccc(Br)c2)n1",266.935346912,"Screening"
"O=Cc1ccc(-c2ccc(Br)cc2)s1",265.940097944,"Screening"
"O=Cc1cn(-c2ccccc2Br)nn1",250.969423912,"Screening"
"C=CS(=O)(=O)N(C)C1CCCCC1C",217.113649848,"Screening"
"Cn1cc(C=O)c(-c2ccccc2Br)n1",263.989825008,"Screening"
"Cc1ccc(-n2cccc2C=O)c(Br)c1",262.99457604,"Screening"
"Cc1cc(Br)ccc1-n1cccc1C=O",262.99457604,"Screening"
"Cc1nn(-c2cccc(Br)c2)cc1C=O",263.989825008,"Screening"
"COc1ccc2cc(C=O)c(O)nc2c1",203.058243148,"Screening"
"O=Cc1cn(Cc2ccccc2)nc1-c1cc2ccccc2o1",302.10552768799994,"Screening"
"COc1ccccc1-c1nn(Cc2ccccc2)cc1C=O",292.12117775199994,"Screening"
"CC(C)(C)OC(=O)N1CCC(n2cc(C=O)nn2)CC1",280.15354049999996,"Screening"
"CC(C)(C)OC(=O)n1cc(C=O)c2ccc(Br)cc21",323.015705408,"Screening"
"O=Cc1c[nH]c2cc(OCc3ccccc3)ccc12",251.094628656,"Screening"
"CC(C)(C)OC(=O)NCC(C=O)Cc1cccnc1",264.1473925,"Screening"
"N#CC(=Cc1ccccc1Cl)C(=O)NCc1ccccc1",296.07164071600005,"Screening"
"N#CC(=Cc1cccc([N+](=O)[O-])c1)C(=O)NCc1ccccc1",307.095691276,"Screening"
"N#CC(=Cc1ccc(Cl)cc1)C(=O)NCc1ccccc1",296.07164071600005,"Screening"
"O=Cc1ccc(-c2ccc([N+](=O)[O-])cc2Br)o1",294.94801977199995,"Screening"
"C=CC(=O)Nc1cccc(C(=O)N[C@H]2C[C@H](C)S(=O)(=O)c3sccc32)c1",390.070799056,"Screening"
"C=CC(=O)Nc1cccc(C(=O)Nc2ccc(Oc3ccc(CC#N)cc3)nc2)c1",398.1378904360001,"Screening"
"C=CC(=O)Nc1cccc(C(=O)NCc2ccnc(Oc3ccc(F)cc3)c2)c1",391.133219656,"Screening"
"C=CC(=O)Nc1cccc(C(=O)N2CCN(S(C)(=O)=O)c3ccccc3C2)c1",399.12527715199997,"Screening"
"C=CC(=O)Nc1cccc(C(=O)Nc2ccc3c(c2)NC(=O)C(C)O3)c1",351.12190602399994,"Screening"
"C=CC(=O)Nc1cccc(C(=O)N2CCN(CC3CC3)c3ccccc32)c1",361.179026976,"Screening"
"C=CC(=O)Nc1cccc(C(=O)NCCc2nccc(C(F)(F)F)n2)c1",364.11471038,"Screening"
"C=CC(=O)Nc1cccc(C(=O)N[C@H]2COc3ccccc3NC2=O)c1",351.12190602400005,"Screening"
"C=CC(=O)Nc1cccc(C(=O)N2Cc3sc(C(=O)OC)c(Br)c3C2)c1",433.99359006000003,"Screening"
"C=CC(=O)NCC(=O)N1CCc2[nH]c3c(Cl)cc(Cl)cc3c2C1",351.05413208,"Screening"
"C=CC(=O)NCC(=O)N1CCN(S(=O)(=O)c2cccc3cnccc23)CC1",388.12052612,"Screening"
"C=CC(=O)Nc1ccc(O)c(C(=O)NC2CCN(c3ncccc3Cl)C2)c1",386.11456814800005,"Screening"
"C=CC(=O)Nc1ccc(O)c(C(=O)N(Cc2cccc(O)c2)CC2CC2)c1",366.157957184,"Screening"
"C=CC(=O)Nc1ccc(O)c(C(=O)NC(C)c2nc(C3CCCCC3)no2)c1",384.179755248,"Screening"
"C=CC(=O)Nc1ccc(O)c(C(=O)N2CCc3c(Cl)cccc3C2)c1",356.092770084,"Screening"
"C=CC(=O)Nc1ccc(O)c(C(=O)N2CCN(c3cnn(C)c3)C(=O)C2)c1",369.14370408800005,"Screening"
"C=CC(=O)Nc1ccc(O)c(C(=O)NC2CCSc3ccc(F)cc32)c1",372.094391624,"Screening"
"C=CC(=O)Nc1ccc(O)c(C(=O)N2CCN(c3nccs3)CC2)c1",358.109961436,"Screening"
"C=CC(=O)N(CC)CC(=O)Nc1ccc(C)c(Oc2ccnc(C(=O)NC)c2)c1",396.17975524800005,"Screening"
"C=CC(=O)N(CC)CC(=O)NC1(c2cc(F)cc(C(F)(F)F)c2)CC1",358.130440696,"Screening"
"C=CC(=O)N1CCC(C(=O)N2CCC(C(=O)c3ccc(Cl)c(Cl)c3)CC2)CC1",422.11639798799996,"Screening"
"C=CC(=O)N1CCC(C(=O)Nc2[nH]nc(N3CCOCC3)c2C#N)CC1",358.175338564,"Screening"
"C=CC(=O)N1CCC(C(=O)N[C@]2(c3ccc(Br)cc3)C[C@H](O)C2)CC1",406.089204696,"Screening"
"C=CC(=O)N1CCCC(C(=O)N2CCN(Cc3ccc(Br)cc3)C(=O)C2)C1",433.10010372799997,"Screening"
"C=CC(=O)N1CCCC(C(=O)Nc2ccccc2-n2ncc(C#N)c2N)C1",364.16477388000004,"Screening"
"C=CC(=O)N1CCCC(C(=O)N2CCCC(c3nnc(S)n3C(C)C)C2)C1",391.204196168,"Screening"
"C=CC(=O)N1CCCC(C(=O)NC(C)(C)c2nc3cc(Cl)ccc3o2)C1",375.134969244,"Screening"
"C=CC(=O)N1CCCC(C(=O)Nc2nnc(-c3ccc(C(C)C)cc3)s2)C1",384.16199700799996,"Screening"
"C=CC(=O)N1CCCC(C(=O)N2CCc3cc(Br)c(S(N)(=O)=O)cc32)C1",441.03578922,"Screening"
"C=CC(=O)N1CCCC(C(=O)N2CCc3c(ccc(OC)c3OC)C2)C1",358.189257312,"Screening"
"C=CC(=O)N1CCCC(C(=O)Nc2ccc(Cl)c(F)c2N2CCOCC2)C1",395.141197496,"Screening"
"C=CC(=O)N1CCCc2cc(C(=O)NC3CCCCN(Cc4ccccc4)C3)ccc21",417.241627232,"Screening"
"C=CC(=O)N1CCCc2cc(C(=O)Nc3cc(-c4nc5ccccc5[nH]4)ccc3OC)ccc21",452.18484062799996,"Screening"
"C=CC(=O)N1CCCc2cc(C(=O)Nc3cnc4c(c3)OCC(=O)N4)ccc21",378.132805056,"Screening"
"C=CC(=O)N1CCCc2cc(C(=O)N3CCOC(c4ccc(Cl)c(Cl)c4)C3)ccc21",444.100747924,"Screening"
"C=CC(=O)N1CCCc2cc(C(=O)NC3(C)CCS(=O)(=O)CC3)ccc21",376.14567824799997,"Screening"
"C=CC(=O)N1CCCc2cc(C(=O)NCCNc3cnccn3)ccc21",351.16952491200004,"Screening"
"C=CC(=O)N1CCCc2cc(C(=O)OCc3cccc(C#N)c3F)ccc21",364.12232062400005,"Screening"
"C=CC(=O)N1CC(C(=O)N2CCn3c(CCc4ccccc4)nnc3C2)C1",365.18517497600004,"Screening"
"C=CC(=O)N1CC(C(=O)N(Cc2ccc(OC)cc2OC)c2nccs2)C1",387.1252771520001,"Screening"
"C=CC(=O)N1CC(C(=O)NC(Cn2ccccc2=O)c2ccccc2)C1",351.158291532,"Screening"
"C=CC(=O)N1CC(C(=O)N2CCc3nc(-c4ccccc4Cl)sc3C2)C1",387.08082549599993,"Screening"
"C=CC(=O)N1CC(C(=O)NCCN2CC3CCCCN3C2=O)C1",320.18484062799996,"Screening"
"C=CC(=O)N1CC(C(=O)N[C@H]2COC[C@H]2Oc2cnn(-c3ccccc3)c2)C1",382.164105184,"Screening"
"C=CC(=O)N1CC(C(=O)NCCC2CCc3ccccc3C2)C1",312.183778008,"Screening"
"C=CC(=O)N1CC(C(=O)N2CCc3ccccc3C(O)C2)C1",300.1473925,"Screening"
"C=CC(=O)N(Cc1ccccc1Cl)C(C(=O)NC)c1cccnc1",343.108754496,"Screening"
"COc1ccccc1CC(=O)Nc1cncc(OS(=O)(=O)F)c1",340.052920736,"Screening"
"O=S(=O)(F)Oc1ccc(CN2CCCC(c3c[nH]c4ccccc34)C2)cc1",388.125691752,"Screening"
"O=S(=O)(F)Oc1ccc(CN2CCN(CCN3CCCOCC3)CC2)cc1",401.178455596,"Screening"
"O=C1CN(Cc2ccc(OS(=O)(=O)F)cc2)CCN1CCO",332.08422086400003,"Screening"
"O=S(=O)(F)Oc1ccc(CN(CC2CCCO2)C2CCCC2)cc1",357.141007468,"Screening"
"CN(Cc1ccc(OS(=O)(=O)F)cc1)C1CCN(c2ccccc2F)C1=O",396.09553449599997,"Screening"
"O=C(Nc1cc(Cl)ccc1Cl)C1CCCN1Cc1ccc(OS(=O)(=O)F)cc1",446.0270116039999,"Screening"
"CN(Cc1cc(F)cc(C(F)(F)F)c1)C(=O)Nc1ccc(OS(=O)(=O)F)cc1",424.0516189959999,"Screening"
"O=C(NCc1ccc(Cl)c(C(F)(F)F)c1)Nc1ccc(OS(=O)(=O)F)cc1",426.00641839199994,"Screening"
"O=C(Nc1ccc(OS(=O)(=O)F)cc1)N1CCN(c2nc(C(F)(F)F)cs2)CC1",454.03925980800005,"Screening"
"C#CCN(C(=O)Nc1ccc(OS(=O)(=O)F)cc1)C1CCOC1",342.0685708,"Screening"
"CC(C)(CN1CCOCC1)C(=O)Nc1ccc(OS(=O)(=O)F)cc1",360.115520992,"Screening"
"Cc1cc(C(=O)Nc2ccc(OS(=O)(=O)F)cc2)ccc1NS(=O)(=O)C(F)(F)F",456.00729098399995,"Screening"
"C=CC(=O)NC[C@H]1C[C@H](NC(=O)C(C)(C)C2CCCN(C)C2)C1",321.241627232,"Screening"
"C=CC(=O)N1CC(NC(=O)C2(S(N)(=O)=O)CC2)CC1C",301.109627088,"Screening"
"C=CC(=O)N1CCCC(CCNC(=O)C2CC3(CC(O)C3)C2)C1",320.209992756,"Screening"
"C=CC(=O)NC(CNC(=O)C(NS(C)(=O)=O)C(C)(C)C)c1ccccc1",381.172227344,"Screening"
"C=CC(=O)N1C[C@H](C(=O)NCc2ccc3[nH]c(=O)[nH]c3c2)[C@@H](C(F)(F)F)C1",382.125275064,"Screening"
"O=C(CCl)NC1CN(Cc2ccccc2)CC1c1ccccc1",328.13424097200004,"Screening"
"COC(=O)CCS(=O)(=O)Nc1cccc2cc(S(=O)(=O)F)ccc12",375.024657388,"Screening"
"C=CC(=O)N1CCc2c(CNC(=O)C3(C)CCCS3(=O)=O)cccc2C1",376.14567824799997,"Screening"
"C=CC(=O)N1CCC2(CCCC2CNC(=O)/C=C/C2CCCO2)CC1",346.22564281999996,"Screening"
"C=CC(=O)N(Cc1ccc2ccccc2c1)C[C@@H]1C[C@H](O)CCO1",325.16779359599997,"Screening"
"O=Cc1cn(CC(=O)NCC2(c3ccccc3)CCCCCC2)nc1-c1ccccc1",415.22597716800004,"Screening"
"C=CC(=O)N1CCC(C(=O)NCCc2ccc(F)c(F)c2)(n2cccn2)CC1",388.17108238400004,"Screening"
"C=CC(=O)N(Cc1cnn(C(C)(C)C)c1)C(C1CC1)C(F)(F)F",329.171496984,"Screening"
"C=CC(=O)N(Cc1c(F)cccc1CC)c1nn(C)cc1Cl",321.104418064,"Screening"
"C=CC(=O)N(Cc1nn(C)c2ccccc12)c1cccc(F)c1",309.127740352,"Screening"
"C=CC(=O)N(Cc1cccc(C(F)(F)F)c1)c1cnn(C)c1C",323.12454679200005,"Screening"
"C=CC(=O)N(Cc1ccc(C)cc1C)Cc1c(Cl)cnn1C",317.12948994000004,"Screening"
"C=CC(=O)N(Cc1ccc(S(C)=O)cc1)[C@H]1CCCC[C@H]1O",321.139864596,"Screening"
"C=CC(=O)N1CCCC1C(=O)NCc1nnc(COC)s1",310.109961436,"Screening"
"C=CC(=O)N1CCCC1C(=O)N1CCc2[nH]c3ccccc3c2CC1",337.179026976,"Screening"
"C=CC(=O)Nc1ccc(CC(=O)N(C2CC2)C(C)C(C)CC)cc1",328.215078136,"Screening"
"C=CC(=O)Nc1cccc(CC(=O)N2CCOC[C@@H]2CC(C)C)c1",330.194342692,"Screening"
"C=CC(=O)Nc1ccc(CCC(=O)N2CCCC3CCCC32)cc1",326.199428072,"Screening"
"C=CC(=O)NCc1ccccc1C(=O)N=S1(=O)CCCCC1",320.1194635,"Screening"
"C=CC(=O)NCc1ccc(C(=O)N2CCC(c3nnc(C(=O)OCC)s3)C2)cc1",414.1361761839999,"Screening"
"C=CC(=O)Nc1ccc(C(=O)N2CCOC[C@H]2C(=O)OCc2ccccc2)cc1",394.152871804,"Screening"
"C=CC(=O)N1CC(C(=O)Nc2cnn(Cc3ccc(Br)cc3Cl)c2)C1",422.01451553199996,"Screening"
"C=CC(=O)N1CC(C(=O)NC(c2cccc(C)c2)C(C)C)C1",300.183778008,"Screening"
"C=CC(=O)N1CC(C(=O)N2CCN(S(=O)(=O)c3ccc(C(N)=O)o3)CC2)C1",396.11035535999997,"Screening"
"C=CC(=O)N1CC(C(=O)Nc2cc(C3CC3)nn2C2CCS(=O)(=O)C2)C1",378.1361761839999,"Screening"
"C=CC(=O)N1CC(C(=O)Nc2cc(OCc3ccccc3)ccc2C)C1",350.163042564,"Screening"
"C=CC(=O)N1CC(C(=O)Nc2cc(C)nn2-c2ccc(OC(F)(F)F)cc2)C1",394.125275064,"Screening"
"C=CC(=O)N1CC(C(=O)Nc2cccc(-n3ncc(C(=O)OCC)c3C(F)(F)F)c2)C1",436.13583974799997,"Screening"
"C=CC(=O)N1CC(C(=O)Nc2cc(C(=O)Nc3cccc(C(F)(F)F)c3)ccc2C)C1",431.14567616,"Screening"
"C=CC(=O)N1CC(C(=O)N2CCCC(c3nc(-c4ccc(Cl)cc4)no3)C2)C1",400.130218212,"Screening"
"C=CC(=O)Nc1ccccc1CC(=O)N(C)Cc1cccc(F)c1F",344.133634256,"Screening"
"C=CC(=O)Nc1ccccc1CC(=O)N1CCCN(S(=O)(=O)c2c(C)noc2C)CC1",446.16239093199994,"Screening"
"C=CC(=O)N1CCC(C(=O)N(C)C(C)c2cccc(S(N)(=O)=O)c2)C1",365.140927216,"Screening"
"C=CC(=O)N1CCC(C(=O)NC(C(=O)OC)c2ccccc2Br)C1",394.052819188,"Screening"
"C=CC(=O)N1CCC(C(=O)N[C@@H](C)C(=O)OC(C)(C)C)CC1",310.189257312,"Screening"
"C=CC(=O)N(CC)CC(=O)N1CCc2c(Cl)cc(Cl)cc2C1C",354.09018324,"Screening"
"C=CC(=O)N1CCC(C(=O)NCC(=O)Nc2ccc3c(c2)OCCO3)(c2ccccc2)CC1",449.19507096399997,"Screening"
"C=CC(=O)N1CCC(C(=O)NC2CCN(c3cc(C)nn3C)C2=O)CC1",359.19573966,"Screening"
"C=CC(=O)N(CC)CC(=O)NC(C)c1cc(F)c(Cl)cc1Cl",346.065111364,"Screening"
"C=CC(=O)N1CCC(C(=O)Nc2c(-c3ccccc3)nc3ccccn23)CC1",374.174275944,"Screening"
"C=CC(=O)NCCNC(=O)COc1ccc([N+](=O)[O-])c2cccnc12",344.112069612,"Screening"
"C=CC(=O)N1CCC(C(=O)NCC(C)(O)c2ccc(F)cc2F)(c2ccccc2)CC1",428.191149132,"Screening"
"C=CC(=O)N1CCC(C(=O)N2CCC(S(=O)(=O)c3ccc(C)cc3)CC2)CC1",404.17697837599997,"Screening"
"C=CC(=O)N1CCC(C(=O)N2CCN(c3nccc(C(F)(F)F)n3)CC2)CC1",397.172559604,"Screening"
"C=CC(=O)N1CCC(C(=O)N2CCN3C(=O)OCC3C2)CC1",307.15320615200005,"Screening"
"C=CC(=O)N1CCC(C(=O)NC2CCc3nc(CC)nn3C2)CC1",331.20082504000004,"Screening"
"C=CC(=O)N1CCC(C(=O)N(CC)c2cccc(C)c2C)CC1",314.199428072,"Screening"
"C=CC(=O)N1CCC(C(=O)N(C)Cc2cn(C)nc2C(F)(F)F)(c2ccccc2)CC1",434.1929607,"Screening"
"C=CC(=O)N1CCC(C(=O)N2CC(C)(C)C2c2nccn2C)CC1",330.205576072,"Screening"
"C=CC(=O)N(CC)CC(=O)N1CCCC(Cc2csc3ccccc23)C1",370.171499072,"Screening"
"C=CC(=O)N1CCC(C(=O)N(C)Cc2nccn2CC(F)(F)F)CC1",358.161660572,"Screening"
"C=CC(=O)N1CCC(C(=O)N(CCc2ccccc2)C(C)C)CC1",328.215078136,"Screening"
"C=CC(=O)N1CCC(C(=O)N2CCN(C(=O)c3ccc(C)c(F)c3)CC2)CC1",387.195819912,"Screening"
"O=C(NC1CCOC(c2ccccc2)C1)C1CO1",247.120843404,"Screening"
"Cc1ccnc(-c2n[nH]c(C(C)NC(=O)C3CO3)n2)c1",273.12257472000005,"Screening"
"O=C(NC1CC(=O)N(C2CC2c2ccccc2)C1)C1CO1",286.13174243599997,"Screening"
"O=C(C1CO1)N1CCC(Oc2ccccc2Cl)CC1",281.081871052,"Screening"
"O=C(NCc1nnnn1-c1ccccc1)C1CO1",245.091274592,"Screening"
"CC(C)C(NC(=O)C1CO1)c1nc(C2CC2)no1",251.126991404,"Screening"
"O=C(NCc1ccc(OC2CCCC2)cc1)C1CO1",261.136493468,"Screening"
"COc1ccc2c(c1)CN(C(=O)C1CO1)C(c1ccccc1)C2",309.136493468,"Screening"
"CC(C)(COc1ncc(Cl)cc1Cl)NC(=O)C1CO1",304.03814766799997,"Screening"
"CCc1nsc(N2CCN(C(=O)C3CO3)CC2)n1",268.099396752,"Screening"
"O=C(C1CO1)N1CCC(c2cccc(Cl)c2Cl)CC1",299.04798408000005,"Screening"
"O=C(C1CO1)N1CC(c2cccc(C(F)(F)F)c2)C1",271.082013284,"Screening"
"CC(C)c1ccc2c(c1)CN(C(=O)C1CO1)CC2",245.141578848,"Screening"
"Cn1nc(-c2ccccc2)cc1CNC(=O)C1CO1",257.11642672,"Screening"
"COc1ccccc1-c1noc(C2CCN(C(=O)C3CO3)CC2)n1",329.13755608800005,"Screening"
"N#Cc1cc(F)ccc1N1CCN(C(=O)C2CO2)CC1",275.10700490799996,"Screening"
"O=C(C1CO1)N(Cc1ccccc1)Cc1ccccc1",267.125928784,"Screening"
"Cc1sc2[nH]c(CN3CCN(C(=O)C4CO4)CC3)nc(=O)c2c1C",348.1256115,"Screening"
"Cc1nc(-c2ccc(CCNC(=O)C3CO3)cc2)cs1",288.093248752,"Screening"
"CC1CCCN(S(=O)(=O)c2ccc(CNC(=O)C3CO3)cc2)C1",338.13002818399997,"Screening"
"O=C(NCCc1ccc(OCc2ccccc2)cc1)C1CO1",297.136493468,"Screening"
"COc1ccccc1C1(CNC(=O)C2CO2)CCCC1",275.152143532,"Screening"
"O=C(NCCOc1cccc(Cl)c1Cl)C1CO1",275.011598572,"Screening"
"O=C(NCCOc1ccccc1-c1ccccc1)C1CO1",283.120843404,"Screening"
"O=C(C1CO1)N1CCN(c2nc3ccccc3s2)CC1",289.08849772,"Screening"
"COc1ccccc1C1(CNC(=O)C2CO2)CC1",247.120843404,"Screening"
"CC(c1cccc(F)c1)N1CCN(C(=O)C2CO2)CC1",278.143056068,"Screening"
"O=C(C1CO1)N1CCC(c2ccc(Cl)cc2)CC1",265.086956432,"Screening"
"CCC(NC(=O)C1CO1)c1ccc2c(c1)CC(C)(C)O2",275.152143532,"Screening"
"O=C(Nc1ccc(Cl)c(Cl)c1)C1CCN(C(=O)C2CO2)CC1",342.05379773199996,"Screening"
"CC(=O)Nc1ccc(Oc2nc3c(C)cccc3cc2C=O)cc1",320.11609237199997,"Screening"
"C=CC(=O)Nc1ccc(C(=O)NCCc2nc3c(s2)CCCC3)cc1",355.135447912,"Screening"
"COCC(C)NC(=O)C(C#N)=Cc1c(-c2ccccc2)nc2ccccn12",360.15862588000005,"Screening"
"C=CC(=O)Nc1ccc(C(=O)OC(C)C(=O)NC(C)(C)C)cc1",318.157957184,"Screening"
"C=CC(=O)NCc1ccc(C(=O)N2CCC(F)(c3cc(F)cc(F)c3)C2)cc1",388.139862508,"Screening"
"CCc1cccc(N(C#N)Cc2cccc(OC)c2)c1",266.141913196,"Screening"
"C=CC(=O)NCCC(=O)N1CCN(C)C(c2nc(C3CC3)no2)C1",333.180089596,"Screening"
"C=CC(=O)NCc1ccc(C(=O)N2CCN(C(C)c3cccc(OC)c3)CC2)cc1",407.22089178799996,"Screening"
"CCN(CC)C(CNC(=O)C(C)Cl)c1ccco1",272.129155592,"Screening"
"CC(Cl)C(=O)NC(Cc1nccn1C(F)F)c1ccccc1",327.094996252,"Screening"
"CC(Cl)C(=O)NCc1ccc(S(=O)(=O)N2CCOCC2)s1",352.03182670399997,"Screening"
"CC(Cl)C(=O)NC1CCC(C)(C)c2ccccc21",265.12334194,"Screening"
"CC(Cl)C(=O)NCCC(=O)N1CCN(c2ccccn2)CC1",324.13530359200007,"Screening"
"CC(Cl)C(=O)N1Cc2ccccc2CC1C(=O)NCCc1ccc(F)cc1",388.135383844,"Screening"
"CC(Cl)C(=O)NC(C)(C)c1noc(C(C)(C)C)n1",273.12440456,"Screening"
"Cc1cc(S(=O)(=O)NCCNC(=O)C(C)Cl)c(C)s1",324.03691208400005,"Screening"
"CCOC(=O)Cn1ncc2ccc(NC(=O)CCl)cc21",295.072368988,"Screening"
"O=C(CCl)NC1CCN(CCCc2ccccc2)CC1",294.14989103600004,"Screening"
"CC(Cl)C(=O)N(Cc1nnc(-c2ccccc2Cl)o1)C1CC1",339.05413208,"Screening"
"O=C(CCl)N1CCCN(S(=O)(=O)c2ccc(F)cc2)CC1",334.055419272,"Screening"
"O=C(CCl)Nc1cccc(-c2n[nH]c3c2CCC3)c1",275.082539748,"Screening"
"CC(Cl)C(=O)N(C)C1CCN(C(=O)c2ccccc2)CC1",308.129155592,"Screening"
"O=C(CCl)Nc1ccc(Oc2ncccn2)cc1",263.04615424,"Screening"
"CC(Cl)C(=O)N1CCC(C(=O)NCCCN2CCOCC2)CC1",345.181919436,"Screening"
"COc1ccc2c(c1)C(N(Cc1ccccc1)C(=O)C(C)Cl)CCO2",359.128821244,"Screening"
"COc1ccc(C(=O)N2CCN(C(=O)C(C)Cl)CC2)c(OC)c1OC",370.12954951599994,"Screening"
"CC(Cl)C(=O)NC(C)c1nc(Cc2ccccc2)no1",293.09310443199996,"Screening"
"CC(Cl)C(=O)NC(C)c1ccccc1-n1cccn1",277.098189812,"Screening"
"CC(=O)N1CCC(N(C(=O)C(C)Cl)c2ccccc2)CC1",308.129155592,"Screening"
"CC(Cl)C(=O)NC(c1nc(C2CC2)no1)C(C)C",271.108754496,"Screening"
"COc1ccccc1C(NC(=O)C(C)Cl)c1ccco1",293.08187105199994,"Screening"
"O=C(CCl)N1CCC(c2c[nH]c3ccccc23)CC1",276.10294084400005,"Screening"
"O=C(CCl)Nc1ccnn1CCc1ccccc1",263.082539748,"Screening"
"CC(Cl)C(=O)N(C)Cc1cccc(NS(=O)(=O)c2ccccc2)c1",366.080491148,"Screening"
"CC(Cl)C(=O)NCCNC(=O)c1cc(S(=O)(=O)N2CCOCC2)cn1C",406.107768516,"Screening"
"O=C(CCl)Nc1ccc(=O)n(Cc2ccccc2)c1",276.066555336,"Screening"
"CC(Cl)C(=O)NCc1nnc(-c2ccc(Cl)cc2)o1",299.022831952,"Screening"
"Cc1cc2ncn(CC(NC(=O)C(C)Cl)C3CC3)c2cc1C",319.145140004,"Screening"
"Cc1ccc(S(=O)(=O)NCC(NC(=O)C(C)Cl)c2ccccc2)c(C)c1",394.111791276,"Screening"
"CC(Cl)C(=O)NCC1CCN(c2ccccc2C#N)CC1",305.12948994,"Screening"
"Cc1c(C(=O)N2CCN(C(=O)C(C)Cl)CC2)sc2ccccc12",350.085576528,"Screening"
"Cc1ccccc1N(CC(=O)N1CCCCC1)C(=O)C(C)Cl",322.144805656,"Screening"
"COCCCCN(C#N)c1ccc(F)cc1",222.11684132,"Screening"
"O=C(CNC(=O)CNS(=O)(=O)C=Cc1ccccc1)NCCc1cccs1",407.097348152,"Screening"
"CSc1nc(-c2ccco2)nc(C)c1C(=O)OCC(=O)N(C)Cc1ccc(OC(F)F)cc1",477.116998212,"Screening"
"O=C(CN1CCCC1c1cccs1)N1CCN(S(=O)(=O)C=Cc2ccccc2)CC1",445.14938372399996,"Screening"
"CN(CC(=O)N1CCN(S(=O)(=O)C=Cc2ccccc2)CC1)Cc1nc2ccccc2s1",470.144632692,"Screening"
"CCOC(=O)c1c(NC(C)=C(C#N)C(N)=O)sc(-c2ccccc2)c1C",369.11471246800005,"Screening"
"CCOC(=O)c1c(NC(C)=C(C#N)C(N)=O)sc2c1CCN(Cc1ccccc1)C2",424.15691162800005,"Screening"
"CCC(C)c1ccc(-c2csc(NC(C)=C(C#N)C(N)=O)n2)cc1",340.13578226,"Screening"
"N#CC(=Cc1cc2ccccc2nc1O)C(=O)Nc1cccc(S(=O)(=O)N2CCCCC2)c1",462.13617618399996,"Screening"
"C=CC(=O)N1CCC(C(=O)NC(C)c2ccc(N3CCCOC3=O)cc2)CC1",385.20015634399994,"Screening"
"COCC(C)NC(=O)C(C#N)=Cc1ccc(OC)c(SC)c1",320.1194635,"Screening"
"N#CC(=Cc1ccc(-c2ccccc2Br)s1)C(N)=O",331.96189600800005,"Screening"
"COC(=O)C(Cc1ccccc1)NC(=O)C(C#N)=Cc1ccc(N(C)C)cc1",377.1739415960001,"Screening"
"CCCn1c(C)cc(C=C(C#N)C(=O)Nc2ccccc2CN2CCSCC2)c1C",422.21403258000004,"Screening"
"CC1CN(c2ccc(NC(=O)C(C#N)=Cc3ccco3)cc2)CC(C)O1",351.15829153199996,"Screening"
"C=CCNC(=O)C(C#N)=Cc1sc(N(C(C)=O)c2ccccc2C)nc1Cl",400.07607446400004,"Screening"
"Cc1cccn2c(=O)c(C=O)c(N3CCN(c4ccccc4)CC3)nc12",348.15862588,"Screening"
"CN(Cc1ccc(Cl)s1)C(=O)C(C#N)=Cc1ccco1",306.022976272,"Screening"
"C=CC(=O)NCc1ccc(C(=O)NCc2cc(C)cc3c(C)c(C)[nH]c23)cc1",375.19467704000004,"Screening"
"COCCCN(C#N)c1ccc(OC)c(Cl)c1",254.0822054,"Screening"
"Cc1n[nH]c(C)c1CC(=O)NC1CN(c2ccc(F)cc2)C1=O",316.133554004,"Screening"
"Cc1cccc2cc(C=O)c(Oc3ccc(F)cc3)nc12",281.085206844,"Screening"
"N#CC(=Cc1cnc(N2CCCC2)nc1)C(=O)Nc1ccc(Cl)cc1Cl",387.06536546,"Screening"
"C=CC(=O)Nc1ccc(C(=O)NC2CCOc3c(OC)cccc32)cc1",352.14230712,"Screening"
"C=CC(=O)N1CCC(C(=O)N2CCC(COc3ccccc3)C2)CC1",342.194342692,"Screening"
"Cc1nc(C=C(C#N)C(=O)Nc2cc(C(F)(F)F)ccc2Cl)c2ccccn12",404.065173344,"Screening"
"N#CC(=CN1CCN(Cc2ccccc2)CC1)C(=O)Nc1cccc(Cl)c1",380.14038897200004,"Screening"
"O=C1CNC(=O)N1c1cccc(NS(=O)(=O)C=Cc2ccccc2)c1",357.07832696,"Screening"
"C=CC(=O)Nc1ccc(C(=O)N2CC(C)(C)OCC2(C)C)cc1",316.178692628,"Screening"
"CCOc1ccccc1NC(=O)C(C#N)=Cc1cccc(SC(=O)N(C)C)c1",395.13036253200005,"Screening"
"CCn1c(=O)c(=O)[nH]c2cc(C(=O)NC3CN(c4ccc(F)cc4)C3=O)ccc21",396.12338324399997,"Screening"
"CCC(C)C(=O)N1CSCC1C(=O)NC1CN(c2ccc(F)cc2)C1=O",379.13659078399996,"Screening"
"CC(C)C(C(=O)NC1CN(c2ccccc2)C1=O)N1CCCC1=O",329.17394159599996,"Screening"
"CCSc1cc(C(=O)NC2CN(c3ccccc3)C2=O)ccn1",327.104147784,"Screening"
"CC1(C)C(=O)NC1C1CCN(C(=O)c2ccnc(C3CC3)c2)CC1",327.19467704,"Screening"
"Cc1ccc(C(=O)N2CCC(C3NC(=O)C3(C)C)CC2)cc1S(C)(=O)=O",378.16132831199997,"Screening"
"CC(C)[C@@H](C(=O)N1CCC(C2NC(=O)C2(C)C)CC1)N(C)C",309.241627232,"Screening"
"Cc1ncc(C(=O)N2CCC(C3NC(=O)C3(C)C)CC2)c(C)n1",316.189926008,"Screening"
"N#CC(=Cc1ccco1)C(=O)Nc1ccc2nc(S)oc2c1",311.036462148,"Screening"
"Cn1cc(C(=O)NC2CN(c3ccc(F)cc3)C2=O)c(C2CCCCC2)n1",370.180504196,"Screening"
"N#CN(Cc1nnc(C2CC2)n1C1CC1)c1ccc(F)c([N+](=O)[O-])c1",342.12405193999996,"Screening"
"C=CC(=O)NCc1ccc(C(=O)Nc2cccc(CSC3CCOCC3)c2)cc1",410.166413692,"Screening"
"O=C1C(NS(=O)(=O)Cc2ccc(Cl)nc2)CN1c1ccccc1",351.044439988,"Screening"
"O=C1C(NS(=O)(=O)c2c(Cl)cccc2Cl)CN1c1ccccc1",369.994568604,"Screening"
"CCc1cccc(N(C#N)CCCS(=O)(=O)CC)c1",280.12454888,"Screening"
"C=CC(=O)Nc1ccc(C(=O)N2CCC3(CC(OCC)C3)C2)cc1",328.178692628,"Screening"
"C=CC(=O)Nc1cc(NC(=O)c2cnn(CCC(F)(F)F)c2)ccc1F",370.105288568,"Screening"
"N#CN(Cc1noc(C2CC2)n1)c1ccc(F)cc1",258.091689192,"Screening"
"N#CN(CC(=O)NCc1ccco1)c1ccc(F)cc1",273.09135484399997,"Screening"
"C=CC(=O)N1CCC(C(=O)N2CCCC(N(C)c3ccc(C)cc3)C2)CC1",369.241627232,"Screening"
"CCOC(=O)N(C)c1ccc(NC(=O)c2cc(Br)c(C=O)n2C)cc1",407.048068156,"Screening"
"COCCn1nc(C)c(CNC(=O)c2cc(Br)c(C=O)n2C)c1C",396.079702632,"Screening"
"O=C(Cc1ccnc(O)c1Br)Nc1cccc(S(=O)(=O)F)c1",387.95286812,"Screening"
"COc1ccc(Cn2cc(C(=O)Nc3cccc(S(=O)(=O)F)c3)cn2)cc1OC",419.09511989599997,"Screening"
"CC(=O)Nc1cc(C(=O)Nc2cccc(S(=O)(=O)F)c2)ccc1F",354.048584304,"Screening"
"CO[C@@H](C(=O)Nc1cccc(S(=O)(=O)F)c1)c1ccccc1",323.062757148,"Screening"
"O=C1C2C3CCC(C3)C2N1CN1CCC(CN2CCOCC2)CC1",333.241627232,"Screening"
"Cn1ncc2c(Nc3ccc(OC4CC(=O)N4)cc3)ncnc21",310.11782368800004,"Screening"
"C=CC(=O)Nc1ccc(C(=O)N(CCC)c2nccs2)cc1",315.104147784,"Screening"
"C=CC(=O)Nc1ccc(C(=O)N2CCOC(c3ccc(F)c(Br)c3)C2)cc1",432.04848275600006,"Screening"
"C=CC(=O)Nc1ccc(C(=O)NC(c2ccccc2)C2(CO)CCCC2)cc1",378.19434269199996,"Screening"
"C=CC(=O)Nc1ccc(C(=O)N2C[C@@H]3CS(=O)(=O)C[C@]3(C#N)C2)cc1",359.093977024,"Screening"
"C=CC(=O)Nc1ccc(C(=O)N2Cc3nnc(C)n3CC2C(=O)N(C)C)cc1",382.175338564,"Screening"
"C=CC(=O)Nc1ccc(C(=O)N2CCn3ncc(S(C)(=O)=O)c3C2)cc1",374.1048760559999,"Screening"
"C=CC(=O)Nc1ccc(C(=O)Nc2nn(CC(F)(F)F)cc2Cl)cc1",372.060087964,"Screening"
"C=CC(=O)Nc1ccc(C(=O)Nc2ccc3c(c2)C(C)CC(=O)N3C)cc1",363.158291532,"Screening"
"C=CC(=O)Nc1ccc(C(=O)NCCOc2c(F)cccc2Cl)cc1",362.083348272,"Screening"
"C=CC(=O)Nc1ccc(C(=O)Nc2cc(-c3nc[nH]n3)ccc2F)cc1",351.113152908,"Screening"
"C=CC(=O)Nc1ccc(C(=O)N2CCc3cc(O)c(OC)cc3C2C)cc1",366.157957184,"Screening"
"C=CC(=O)Nc1ccc(C(=O)N2CCOc3ccccc3C2CO)cc1",352.14230712,"Screening"
"C=CC(=O)Nc1ccc(C(=O)N2C[C@H]3[C@](C(F)(F)F)(CCS3(=O)=O)C2)cc1",402.086112684,"Screening"
"C=CC(=O)N(C)CC(=O)Nc1ccc2[nH]c(C(F)F)nc2c1",308.108482128,"Screening"
"C=CC(=O)Nc1cccc(C(=O)N(C)Cc2ccn(CC)c2)c1",311.163376912,"Screening"
"C=CC(=O)Nc1cccc(C(=O)N2CCCC(c3n[nH]c(-c4ccccc4)n3)C2)c1",401.18517497600004,"Screening"
"C=CC(=O)Nc1cccc(C(=O)N[C@H]2[C@@H]3Cc4ccccc4[C@@H]32)c1",318.136827816,"Screening"
"C=CC(=O)Nc1cccc(C(=O)N2CCC[C@H]2COc2ccc(F)cc2)c1",368.15362075200005,"Screening"
"C=CC(=O)Nc1cccc(C(=O)NC2(c3cccc(OC(F)(F)F)c3)CCOCC2)c1",434.145341812,"Screening"
"C=CC(=O)NCC(=O)Nc1ccc(C(C)(C)c2ccc(O)cc2)cc1",338.16304256399997,"Screening"
"C=CC(=O)Nc1ccc(O)c(C(=O)N2CCCC3(C2)NC(=O)NC3=O)c1",358.12771967599997,"Screening"
"C=CC(=O)Nc1ccc(O)c(C(=O)NC2c3ccccc3OCC2F)c1",356.117235244,"Screening"
"C=CC(=O)Nc1ccc(O)c(C(=O)Nc2ccc3c(c2)CCCN3C(C)=O)c1",379.15320615200005,"Screening"
"C=CC(=O)Nc1ccc(O)c(C(=O)N2CCC[C@H]2c2nnn[nH]2)c1",328.1283883720001,"Screening"
"C=CC(=O)Nc1ccc(O)c(C(=O)N(C)CC2OCCc3ccccc32)c1",366.157957184,"Screening"
"C=CC(=O)N(CC)CC(=O)N1Cc2cc(Br)ccc2C(C)C1",364.07864001200005,"Screening"
"C=CC(=O)N(CC)CC(=O)NC(c1nc(-c2cccnc2)no1)C(C)C",357.180089596,"Screening"
"C=CC(=O)N1CCCC(C(=O)Nc2cccc(N3N=C(C)CC3=O)c2)C1",354.16919056399996,"Screening"
"C=CC(=O)N1CCCC(C(=O)N2Cc3cccc(Br)c3CC2CC)C1",404.10994014000005,"Screening"
"C=CC(=O)N1CCCC(C(=O)N2CCC(c3ccc(S(N)(=O)=O)cc3)CC2)C1",405.172227344,"Screening"
"C=CC(=O)N1CCCC(C(=O)NCC2(O)CCc3ccccc32)C1",328.178692628,"Screening"
"C=CC(=O)N1CCCC(C(=O)N2CCCCC2c2nnc(CC(F)(F)F)o2)C1",400.172225256,"Screening"
"C=CC(=O)N1CCCC(C(=O)Nc2cccc(-c3ccc4c(c3)CCO4)c2)C1",376.17869262799996,"Screening"
"C=CC(=O)N1CCCC(C(=O)NC2CCN(c3ccc(Br)c(C)c3)C2=O)C1",433.10010372799997,"Screening"
"C=CC(=O)N1CCCC(C(=O)N2CCOCC2c2c(C)nn(-c3ccccc3F)c2C)C1",440.22236900800004,"Screening"
"C=CC(=O)N1CCCC(C(=O)N=S(C)(=O)c2cccc(Cl)c2)C1",354.080491148,"Screening"
"C=CC(=O)N1CCCC(C(=O)N2CC3(CCN(Cc4ccccc4)C3)C2)C1",367.225977168,"Screening"
"C=CC(=O)N1CCCC(C(=O)N2CCC(O)(c3scnc3Br)CC2)C1",427.05652466400005,"Screening"
"C=CC(=O)N1CCCc2cc(C(=O)NCC3CC(C(F)(F)F)=NO3)ccc21",381.130026096,"Screening"
"C=CC(=O)N1CCCc2cc(C(=O)N3CCC[C@H]3CCc3ccccn3)ccc21",389.21032710400004,"Screening"
"C=CC(=O)N1CCCc2cc(C(=O)N3CCCCCCNS(=O)(=O)CC3)ccc21",419.18787740799996,"Screening"
"C=CC(=O)N1CCCc2cc(C(=O)N3CCC(c4ccc(OC)nc4)C3)ccc21",391.18959166,"Screening"
"C=CC(=O)N1CCCc2cc(C(=O)N(C)CCn3cc(Br)cn3)ccc21",416.08478801200005,"Screening"
"C=CC(=O)N(C)c1ccc(C(=O)NC(C)c2nnc3ncccn23)cc1",350.14912381600004,"Screening"
"C=CC(=O)N(C)c1ccc(C(=O)N(C)Cc2noc(C3CC3)n2)cc1",340.1535405,"Screening"
"C=CC(=O)N(C)c1ccc(C(=O)N2CCCc3sc(C(=O)OC)cc3C2)cc1",398.13002818399997,"Screening"
"C=CC(=O)N(C)c1ccc(C(=O)N(C)C(c2ccccc2)c2nnc[nH]2)cc1",375.1695249120001,"Screening"
"C=CC(=O)NCC1(C)CCN(C(=O)C2Cc3ccc(C)cc3S2)CC1",358.171499072,"Screening"
"C=CC(=O)NC1(C2CCN(C(=O)C3CCc4ccccc4CC3)CC2)CC1",366.2307282,"Screening"
"C=CC(=O)NCCC1C(C)CCCN1C(=O)Cn1c(C)cc2ccccc21",367.225977168,"Screening"
"C=CC(=O)NC1(C2CCN(C(=O)Cc3ccc4c(c3)OCCO4)CC2)CC1",370.189257312,"Screening"
"C=CC(=O)NCCN(Cc1ccccc1)C(=O)C1CC12CCc1ccccc12",374.199428072,"Screening"
"C=CC(=O)NCC(NC(=O)C(C)c1c(C)noc1C)c1ccc2ccccc2c1",391.18959166,"Screening"
"C=CC(=O)NC(CNC(=O)c1cnn2cc(C)cnc12)c1ccc(C(C)C)cc1",391.20082504000004,"Screening"
"C=CC(=O)NC(CNC(=O)C1(C)CCCc2ccccc21)c1ccccc1OC",392.20999275599996,"Screening"
"C=CC(=O)NCCNC(=O)C1CCCN(C(=O)C2CCc3cc(C)ccc3O2)C1",399.215806408,"Screening"
"C=CC(=O)NCC1(c2ccccc2)CCN(C(=O)CCc2ccc(Cl)s2)CC1",416.13252672,"Screening"
"C=CC(=O)N(c1ccc(C(F)(F)F)cc1)C(C(=O)Nc1ccc(OC)cc1C)c1cccnc1",469.161326224,"Screening"
"C=CC(=O)N(c1ccc2ncsc2c1)C(C(=O)Nc1ccc(Cl)cc1)c1cccnc1",448.07607446400004,"Screening"
"C=CC(=O)NC1CCC(N(C)C(=O)C[C@@H]2C[C@H]2Cc2ccccc2)CC1",354.2307282,"Screening"
"C=CC(=O)N[C@@H]1CN(C(=O)C2=NN(C)C(=O)CC2)CC[C@H]1c1ccc(F)cc1",386.175418816,"Screening"
"C=CC(=O)N[C@@H]1CN(C(=O)c2cc(-c3ccc(Cl)cc3)on2)C[C@H]1c1cnn(C)c1",425.12546718000004,"Screening"
"C=CC(=O)N[C@@H]1CN(C(=O)C(CC)(CC)CC)C[C@H]1c1cccc(F)c1",360.221306388,"Screening"
"O=C(CCl)N[C@@H]1CN(C(=O)COCc2ccccc2)C[C@H]1C(F)(F)F",378.09580477599997,"Screening"
"Cn1cc([C@@H]2CN(C(=O)c3cc(-c4ccc(Cl)cc4)on3)C[C@H]2NC(=O)CCl)cn1",447.08649482800007,"Screening"
"O=C(CCl)N[C@@H]1c2ccccc2C[C@H]1NC(=O)c1sccc1-n1cnnn1",402.0665724000001,"Screening"
"C[C@H]1CCCN(C(=O)c2cc(C3CCC3)on2)[C@H]1CCCNC(=O)CCl",381.181919436,"Screening"
"O=C(CCl)N[C@H]1C[C@]2(CCCCN2C(=O)CCOc2cccc(F)c2)C1",382.14594852799996,"Screening"
"O=C(CCl)N[C@@H]1c2ccccc2C[C@H]1NC(=O)C(=O)NCc1ccc(F)cc1",403.109897368,"Screening"
"C=CC(=O)N(c1ccc(C2(C)CC2)cc1)C(C(=O)NC(C)(C)C)c1cccnc1",391.22597716800004,"Screening"
"C=CC(=O)N(c1ccc(C(C)(C)C)cc1)C(C(=O)NC)c1cccnc1",351.19467704000004,"Screening"
"C=CC(=O)N(c1ccc(C(C)(C)C)cc1)C(C(=O)NC1CCCC1)c1cccnc1",405.24162723200004,"Screening"
"C=CC(=O)N(c1ccc(C(C)(C)C)cc1)C(C(=O)Nc1ccc(OC)cc1OC)c1cccnc1",473.231456472,"Screening"
"C=CC(=O)N(c1ccc(C(C)(C)C)cc1)C(C(=O)NC(C)(C)C)c1cncc(Br)c1",471.1521393,"Screening"
"C=CC(=O)N(c1ccc(C(C)(C)C)cc1)C(C(=O)NC(C)(C)C)c1cncc(OC)c1C",437.26784198,"Screening"
"C=CC(=O)N(c1ccc2cc[nH]c2c1)C(C(=O)NC(C)(C)C)c1cccnc1",376.189926008,"Screening"
"C=CC(=O)N(c1ccc(C2CCOC2)cc1)C(C(=O)NC(C)(C)C)c1cccnc1",407.2208917880001,"Screening"
"C=CC(=O)N1CCCC(C(=O)N2CCCC2C(=O)c2ccc(O)cc2)C1",356.173607248,"Screening"
"C=CC(=O)N1CC(C(=O)N2CCN(c3nc(C)no3)CC2)C1",305.148789468,"Screening"
"C=CC(=O)N1CC(C(=O)N2CCOCCC2c2ccccc2)C1",314.163042564,"Screening"
"C=CC(=O)N1CC(C(=O)N2CCC(OCc3ccccc3F)CC2)C1",346.16927081600005,"Screening"
"C=CC(=O)N1CC(C(=O)NC2CS(=O)(=O)N(C)c3ccccc32)C1",349.109627088,"Screening"
"C=CC(=O)N1CC(C(=O)Nc2cc(-c3nc(C)co3)ccc2C)C1",325.142641468,"Screening"
"C=CC(=O)N1CC(C(=O)NC(C)Cn2nc(C(F)(F)F)cc2C2CC2)C1",370.161660572,"Screening"
"NS(=O)(=O)Cc1cccc(CNC(=O)Cc2ccc(S(=O)(=O)F)cc2)c1",400.05629186399995,"Screening"
"O=C(CCCc1cccc(Cl)c1)Nc1cncc(OS(=O)(=O)F)c1",372.0346838279999,"Screening"
"O=C(Nc1cncc(OS(=O)(=O)F)c1)c1cc(F)ccc1F",332.007862364,"Screening"
"CCCN(Cc1ccc(OS(=O)(=O)F)cc1)Cc1nnc(-c2ccccc2Cl)o1",439.076882988,"Screening"
"O=C(Nc1ccccc1O)C1CCN(Cc2ccc(OS(=O)(=O)F)cc2)CC1",408.115520992,"Screening"
"Cc1nn(Cc2ccccc2Cl)c(Cl)c1C=O",268.01701829999996,"Screening"
"COc1ccccc1Nc1nc(Cl)c(C=O)s1",268.007326208,"Screening"
"O=C(CCl)Nc1nc(-c2ccccc2Cl)cs1",285.973439236,"Screening"
"O=Cc1ccc(-c2ccc(C(F)(F)F)cc2)s1",256.016970504,"Screening"
"C=CS(=O)(=O)c1ccccc1S(=O)(=O)CCC",274.033350928,"Screening"
"Cc1nnnn1-c1cccc(NC(=O)CCl)c1",251.05738762,"Screening"
"Cn1c(Sc2ccc(Cl)cc2)nc(Cl)c1C=O",285.97343923599993,"Screening"
"Cc1nn(Cc2ccc(Cl)cc2Cl)c(Cl)c1C=O",301.978045948,"Screening"
"N#CCCn1cc(C=O)c(-c2ccc(Br)cc2)n1",303.00072404,"Screening"
"CC(=O)N(c1cccc(Cl)c1)c1nc(C=O)cs1",280.007326208,"Screening"
"O=Cc1cn(Cc2ccccc2)nc1-c1ccc2c(c1)OCCCO2",334.13174243599997,"Screening"
"Cc1cc(NC(=O)CCl)ccc1N1CCCC1=O",266.0822054,"Screening"
"CC(Cl)C(=O)N(C)Cc1nc2ccsc2c(=O)[nH]1",285.033875304,"Screening"
"O=CC1CCCN(c2ccc(C(F)(F)F)cc2)C1",257.102748728,"Screening"
"O=Cc1cnc(N2CCN(CC(F)(F)F)CC2)s1",279.06531766399996,"Screening"
"COc1ccc(N(C(C)=O)c2nc(C=O)cs2)cc1",276.056863244,"Screening"
"CC(Cl)C(=O)NC(=O)NC12CC3CC(CC(C3)C1)C2",284.129155592,"Screening"
"Cc1ccc(S(=O)(=O)N(C)C)cc1NC(=O)C(C)Cl",304.064841084,"Screening"
"COC(=O)c1c(NC(=O)CCl)sc2c1CCC(C)C2",301.053942052,"Screening"
"Cc1ccc2cc(C=O)c(N3CCOCC3)nc2c1",256.121177752,"Screening"
"Cc1cc(C=O)c(C)n1-c1ccc(OC(F)F)cc1",265.091435096,"Screening"
"O=C(CCl)Nc1cccc(-c2nnc3n2CCC3)c1",276.077788716,"Screening"
"Cc1nn(C2CCS(=O)(=O)C2)c2ncc(C=O)cc12",279.06776227600005,"Screening"
"Cc1nn(Cc2cccc3ccccc23)c(Cl)c1C=O",284.071640716,"Screening"
"Cc1ccccc1-c1nn(-c2ccccc2)cc1C=O",262.110613068,"Screening"
"O=Cc1cn(-c2ccccc2)nc1-c1ccc(Br)cc1",326.005475072,"Screening"
"Cc1cc(C=O)c(C)n1-c1ccc(Cl)c(C(F)(F)F)c1",301.048126312,"Screening"
"CC(Cl)C(=O)N1CC(=O)Nc2cc(C(F)(F)F)ccc21",306.0382899,"Screening"
"CC(C)NS(=O)(=O)c1ccc(-c2ccc(C=O)o2)cc1",293.07217896000003,"Screening"
"CCCN(Cc1nnc(-c2cccs2)o1)C(=O)C(C)Cl",313.065175432,"Screening"
"Cc1ccc(-c2nn(-c3ccccc3Cl)cc2C=O)cc1",296.071640716,"Screening"
"CC(=O)N(c1cccc(C(F)(F)F)c1)c1nc(C=O)cs1",314.03368318800005,"Screening"
"Cc1ccc(Cn2nc(C)c(C=O)c2SCC(=O)O)cc1",304.088163372,"Screening"
"O=Cc1c(-c2ccccc2)nn(-c2ccc(Cl)cc2)c1Cl",316.0170183,"Screening"
"Cc1ccc(S(=O)(=O)N2CCCN(C(=O)CCl)CC2)cc1",330.080491148,"Screening"
"CC(=O)N(c1ccc(C(F)(F)F)cc1)c1nc(C=O)cs1",314.03368318800005,"Screening"
"CCn1cc(-c2nn(-c3ccccc3F)cc2C=O)cn1",284.10733925600005,"Screening"
"Cc1nn(-c2ccccc2)c(Oc2ccc(Br)cc2)c1C=O",356.016039756,"Screening"
"Cc1nn(Cc2c(Cl)cccc2Cl)c(SCC(=O)O)c1C=O",357.9945686039999,"Screening"
"Cc1nn(-c2ccccc2)c(Oc2ccc(F)cc2)c1C=O",296.09610587599997,"Screening"
"Cc1nn(-c2ccccc2)c(Oc2cccc(F)c2)c1C=O",296.09610587599997,"Screening"
"O=Cc1c(Cl)nc(Sc2ccc(Cl)cc2)n1-c1ccccc1",347.9890893,"Screening"
"CCC1CCCC(NS(=O)(=O)c2ccc(S(=O)(=O)F)cc2)C1",349.08177833999997,"Screening"
"O=C(O)c1c(F)cccc1NS(=O)(=O)C=Cc1ccc(Cl)cc1",355.00813473200003,"Screening"
"O=C(CN1CCN(C(=O)CCl)CC1)Nc1ccccc1C(F)(F)F",363.09613912400005,"Screening"
"O=C(NCCc1ccncc1)c1cncc(OS(=O)(=O)F)c1",325.05325508399994,"Screening"
"O=C(c1cncc(OS(=O)(=O)F)c1)N1CCc2ncncc2C1",338.04850405200006,"Screening"
"CC1CN(C(=O)c2cncc(OS(=O)(=O)F)c2)CC(=O)N1C",331.063819768,"Screening"
"COCC1CCCCN1C(=O)c1cncc(OS(=O)(=O)F)c1",332.084220864,"Screening"
"C=CC(=O)Nc1ccc(C(=O)N=S(C)(=O)[C@@H]2CCC[C@H](O)C2)cc1",350.13002818399997,"Screening"
"C=CS(=O)(=O)N(C)CC1(OCC)CCOC1",249.103479088,"Screening"
"C=CC(=O)Nc1cc(NC(=O)C2(c3nc[nH]n3)CCC2)ccc1F",329.128802972,"Screening"
"CC1c2cccn2CCN1Cc1ccc(OS(=O)(=O)F)cc1",324.094391624,"Screening"
"CCn1cc(CN(CC2(c3ccccc3)CC2)C(=O)CCl)nn1",332.1403889720001,"Screening"
"C=CC(=O)N(Cc1cccc(OC(C)C)c1)C1CCCOC1",303.18344366,"Screening"
"C=CC(=O)N(Cc1ccc(SC)cc1)CC1(CO)CCC1",305.144949976,"Screening"
"C=CC(=O)N(Cc1cc(F)cc(OC)c1)CC(C)(O)C1CC1",307.158371784,"Screening"
"C=CC(=O)N(Cc1sc(C)nc1C)[C@@H](C)[C@H]1COC(C)(C)O1",324.150763628,"Screening"
"C=CC(=O)N(Cc1cc(C(C)(C)C)oc1C)Cc1ncoc1C",316.17869262799996,"Screening"
"C=CC(=O)N(CCc1ccnn1C)Cc1ccc2c(c1)CCCC2",323.19976242,"Screening"
"N#Cc1ccc(CN(C(=O)CCl)C2CCOC3(CCCC3)C2)cc1",346.144805656,"Screening"
"C=CC(=O)N(Cc1nc(C)c(C)s1)c1cccc2c1OCCC2O",344.11946349999994,"Screening"
"C=CC(=O)N(CC(C)(C)C)CC1(S(C)(=O)=O)CCCC1",301.171164724,"Screening"
"C=CC(=O)N(CC(C)C)[C@@H]1CC(=O)N(C2CC2)[C@H]1c1ccnn1C",330.20557607200004,"Screening"
"Cc1occc1CN(CCS(=O)(=O)F)Cc1ccns1",318.05081256,"Screening"
"COc1ccc(NC(=O)Nc2ccc(OS(=O)(=O)F)cc2)cc1",340.05292073600003,"Screening"
"Cc1ccoc1CN(C)C(=O)Nc1ccc(OS(=O)(=O)F)cc1",342.0685708,"Screening"
"CCCN(Cc1ccc(F)cc1C)C(=O)Nc1ccc(OS(=O)(=O)F)cc1",398.11118455999997,"Screening"
"C=CS(=O)(=O)N[C@@H](C)c1ccncc1Br",289.972460692,"Screening"
"Cc1ccoc1CN(CCS(=O)(=O)F)Cc1cccnc1C",326.110041688,"Screening"
"CCC(C)N(CCS(=O)(=O)F)Cc1nnn(C(C)(C)C)n1",321.163474228,"Screening"
"COCC(C)n1ccc(N(CCS(=O)(=O)F)CC2CC2)n1",319.136590784,"Screening"
"Cc1ccccc1CN(CCS(=O)(=O)F)C1CCCOCC1",329.14609284799997,"Screening"
"C=CC(=O)N1CCC(C(=O)NC(C)(c2ccc(C#N)cc2)C(F)(F)F)CC1",379.15076153999996,"Screening"
"C=CC(=O)N1CCC(C(=O)Nc2c(C(C)=O)ccc3ccccc23)CC1",350.163042564,"Screening"
"C=CC(=O)N(Cc1cncs1)c1cccc(S(=O)(=O)N(CC)CC)c1",379.102433532,"Screening"
"C=CC(=O)N(CCCc1ccccc1)Cc1noc2c1CCCC2",324.183778008,"Screening"
"C=CC(=O)N(Cc1cnn(CC(F)F)c1)C1CCCc2c1cnn2C",349.17141673200007,"Screening"
"C=CC(=O)N(Cc1cn(CCC#N)nc1-c1ccccc1)CC1COCCO1",380.18484062799996,"Screening"
"C=CC(=O)N(Cc1cnnn1C)c1ccc(C)cc1OCC1CCCO1",356.18484062799996,"Screening"
"C=CC(=O)NCC1CCCC1NC(=O)Cc1ccccc1F",304.158706132,"Screening"
"C=CC(=O)N[C@@H](Cc1ccccc1)C(=O)NCc1ccccn1",309.14772684800005,"Screening"
"O=C(CCl)NCc1ccc(CNC(=O)C23CC4CC(CC(C4)O2)C3)cc1",376.15537034,"Screening"
"CC1CCCN(C(=O)C2Cc3ccccc3C2)C1CCCNC(=O)CCl",376.191755848,"Screening"
"Cn1nnc2c(CN(CCc3ccc(Cl)cc3)C(=O)CCl)cccc21",376.08576655599995,"Screening"
"Cc1cc2c(cc1C)C(C(=O)N1CCC(CCNC(=O)CCl)CC1)CO2",378.171020404,"Screening"
"O=C(CCl)NC1(CNC(=O)c2nsc3ccccc23)CCCCCC1",379.112125624,"Screening"
"CC(C)C(CCN(C)C(=O)c1cc2nccnc2cc1F)NC(=O)CCl",380.141531844,"Screening"
"CC(NC(=O)CCl)C1CCN(C(=O)C(c2ccc(F)cc2)C2CC2)CC1",380.166683972,"Screening"
"CC(C)c1nnsc1C(=O)NCc1ccc(CNC(=O)CCl)cc1F",384.08230271599996,"Screening"
"Cc1nc(C2CC2)oc1C(=O)NC1CN(c2ccc(F)cc2)C1=O",329.11756959199994,"Screening"
"CCn1cc(C(=O)NS(=O)(=O)C=Cc2ccccc2)c(C(C)C)n1",347.13036253200005,"Screening"
"C=CC(=O)NCc1ccc(C(=O)N2CCOC(c3ccccc3C)C2)cc1",364.178692628,"Screening"
"N#CN(Cc1cc(=O)n2ccccc2n1)c1ccc(F)c(Cl)c1",328.05271684,"Screening"
"CCCNC(=O)C(C#N)=Cc1ccc(OCC(F)F)cc1",294.117984192,"Screening"
"CN(Cc1ccc(F)cc1F)CN1C(=O)C2CCCC21",280.13871963599996,"Screening"
"O=C1CCN1c1cccc(-c2noc(-c3ccnc(N4CCCCC4)n3)n2)c1",376.16477388000004,"Screening"
"CC(C)NC(=O)C(C#N)=Cc1ccc(OCC(=O)O)c(Br)c1",366.02151906,"Screening"
"C=CC(=O)Nc1ccc(C(=O)NC2CCCc3cn(C(C)C)nc32)cc1",352.189926008,"Screening"
"Cc1ncsc1C=C(C#N)C(=O)NCCc1ccccc1",297.0935831,"Screening"
"C=CC(=O)NCCNC(=O)C1CCC(c2ccccc2)CC1",300.183778008,"Screening"
"CCCn1c(C)cc(C=C(C#N)C(=O)NC2CC(=O)N(C3CC3c3ccccc3)C2)c1C",430.2368762,"Screening"
"CCOC(=O)c1[nH]ncc1C=C(C#N)C(=O)Nc1ccc2c(c1)OCCO2",368.1120696119999,"Screening"
"C=CC(=O)Nc1cc(NC(=O)C(=O)c2c(C)nn(-c3ccccc3)c2C)ccc1F",406.144118688,"Screening"
"C=CC(=O)Nc1cc(NC(=O)c2c(C)nn(CC(C)C)c2Cl)ccc1F",378.12588178,"Screening"
"C=CC(=O)Nc1cc(NC(=O)CSc2nccn2-c2cccc(C)c2C)ccc1F",424.136925132,"Screening"
"C=CC(=O)Nc1cc(NC(=O)CCNC(=O)c2[nH]nc3ccccc23)ccc1F",395.139367656,"Screening"
"Cc1cccc(-c2noc(CN(C#N)c3ccc(F)c([N+](=O)[O-])c3)n2)c1",353.092417464,"Screening"
"C=CC(=O)NCc1ccc(C(=O)Nc2ccc(N3CC4CCC(C3)O4)cc2)cc1",391.18959165999996,"Screening"
"N#CCSCC(=O)NC1CN(c2ccc(F)cc2)C1=O",293.06342584399994,"Screening"
"Cc1cccc(NC(=O)NC2CN(c3ccccc3)C2=O)c1Cl",329.09310443199996,"Screening"
"C=CC(=O)NC(c1cc(OC)cc(OC)c1)c1nccn1C",301.142641468,"Screening"
"C=CC(=O)N(Cc1ccc(Cl)c(Cl)c1)Cc1ccccn1",320.048318428,"Screening"
"C=CC(=O)N(C)C1CCN(Cc2ncc(C)c(OC)c2C)CC1",317.210327104,"Screening"
"N#CN(CC(=O)N1CCNC1=O)c1ccc(F)c(Br)c1",339.99711587999997,"Screening"
"COCCN(C#N)c1ccc(F)c(Br)c1",271.99605326,"Screening"
"O=C1C2CCCC2N1CN1CCC(C(F)(F)F)(C(F)(F)F)C1",330.11668245199996,"Screening"
"CS(=O)(=O)CCCN(C#N)c1ccc(F)c(Br)c1",333.978688944,"Screening"
"N#CN(CCn1cncn1)c1ccccc1",213.10144535199998,"Screening"
"CCCn1c(C)cc(C=C(C#N)C(=O)NCC2(CO)CC2)c1C",315.19467704,"Screening"
"C=CC(=O)N1CCC(C(=O)N2CCSCC2c2cccc(C(F)(F)F)c2)CC1",412.14323363600005,"Screening"
"CNC(=O)C(C#N)=Cc1cc(Cl)ccc1OCC1CCCO1",320.092770084,"Screening"
"O=C(NC1CN(c2ccc(F)cc2)C1=O)c1c[nH]nc1C1CC1",314.11790394,"Screening"
"C=CC(=O)N1CCC(C(=O)NC(CO)Cc2ccncc2)CC1",317.173941596,"Screening"
"COc1cc(C=O)ccc1OCCC(=O)NCC(O)c1cccnc1",344.13722174000003,"Screening"
"Cc1nc2n(n1)CCCC2NS(=O)(=O)C=Cc1ccccc1Br",396.025558884,"Screening"
"CN(C(=O)CN(C#N)c1cccc(Cl)c1)C1CCCCC1",305.12948994,"Screening"
"C=CC(=O)N1CCC(C(=O)N2CCC(c3nnc4n3CCCC4)CC2)CC1",371.23212516800004,"Screening"
"C=CC(=O)NCc1ccc(C(=O)N2CCN(C3CC3)c3ccc(F)cc32)cc1",379.16960516399996,"Screening"
"C=CC(=O)N1CCC(C(=O)N[C@@H](Cc2c[nH]c3ccccc23)C(=O)OC)CC1",383.18450627999994,"Screening"
"O=C(Cc1ccn(-c2ccccc2)n1)Nc1ccc(S(=O)(=O)F)cc1",359.0739905279999,"Screening"
"N#CN(CCOCCO)c1ccc(F)cc1",224.096105876,"Screening"
"C=CC(=O)NCc1ccc(C(=O)N2CCC(Oc3ncccc3F)CC2)cc1",383.164519784,"Screening"
"C=CC(=O)NCc1ccc(C(=O)NCc2ccnc(Oc3ccccc3F)c2)cc1",405.14886972,"Screening"
"O=C(Nc1ccc(S(=O)(=O)F)cc1)c1cc2c(=O)[nH]cnc2cn1",348.0328539880001,"Screening"
"C=CC(=O)N1CCC(C(=O)N2CCOC(c3cccc(OC(F)(F)F)c3)C2)CC1",412.160991876,"Screening"
"C=CC(=O)N1CCC(C(=O)Nc2ccc(N3CCOC(C)C3)cc2)CC1",357.205241724,"Screening"
"C=CC(=O)N1CCC(C(=O)Nc2cc(C)c(F)cc2C(=O)NCC(F)(F)F)CC1",415.151904412,"Screening"
"C=CC(=O)NCCC(=O)Nc1ccc(Oc2ccnc(C(=O)NC)c2)c(F)c1",386.139033308,"Screening"
"C=CC(=O)N1CCC(C(=O)Nc2cnn(C(C)C3CC3)c2)CC1",316.189926008,"Screening"
"C=CC(=O)NCCC(=O)N1CCC(O)(Cc2ccccc2F)CC1",334.16927081600005,"Screening"
"C=CC(=O)N1CCC(C(=O)N2CCN(CCC)C(=O)C2(C)C)CC1",335.220891788,"Screening"
"CCNC(=O)CN(C#N)c1ccc(F)cc1",221.096440224,"Screening"
"C=CC(=O)Nc1cc(NC(=O)C(C)Sc2nncn2C)ccc1F",349.100873972,"Screening"
"C=CC(=O)Nc1cc(NC(=O)c2cc(Cl)c3c(c2)OCCO3)ccc1F",376.06261282799994,"Screening"
"C=CC(=O)NCCC(=O)N1CCC(O)(c2scnc2Br)CC1",387.02522453600005,"Screening"
"C=CC(=O)N1CCC(C(=O)Nc2ccc3c(c2)OCCCO3)CC1",330.157957184,"Screening"
"Cc1cccc(CNC(=O)CN2CCC(C3NC(=O)C3(C)C)CC2)c1",343.225977168,"Screening"
"N#CC(=Cc1ccccc1O)C(=O)Nc1cccc2ncccc12",315.100776656,"Screening"
"CCOC(=O)c1c(-c2ccc(OC)cc2)csc1NC(=O)C(C#N)=Cc1ccc(O)c(OC)c1",478.119857424,"Screening"
"N#CC(=Cc1cc(Br)c(O)c(Br)c1)C(=O)Nc1cccc(C(F)(F)F)c1",487.89828638800003,"Screening"
"COc1cc(Cl)c(C)cc1NC(=O)C(C#N)=Cc1cc(Br)c(O)c(OC)c1",449.9981967719999,"Screening"
"CCOCCCNC(=O)C(C#N)=Cc1cc(Br)c(O)c(OC)c1",382.052819188,"Screening"
"Cc1ccc2nc(-c3ccc(F)cc3)c(C=O)n2c1",254.085541192,"Screening"
"O=Cc1c(-c2ccc(Br)cc2)[nH]c2ccccc12",298.99457604,"Screening"
"O=Cc1cc(-c2ccccc2F)n(S(=O)(=O)c2cccnc2)c1",330.047441432,"Screening"
"COc1ccc(-c2[nH]c3ccccc3c2C=O)cc1OC",281.10519334,"Screening"
"C=CC(=O)NCCC(=O)N1CCN(C(=O)OCc2ccccc2)CC1",345.16885621600005,"Screening"
"O=Cc1cnn(-c2ccc(OC(F)(F)F)cc2)c1",256.045962124,"Screening"
"C=CC(=O)NCCNC(=O)c1ccc2ccc(Cl)cc2n1",303.077454368,"Screening"
"O=Cc1noc(-c2ccccc2)c1Br",250.958190532,"Screening"
"O=C1CCN1c1cccc(-c2noc(C3CCCO3)n2)c1",285.11134134,"Screening"
"O=C1CCCCN1Cc1nc(-c2cccc(N3CCC3=O)c2)no1",326.13789043599996,"Screening"
"CCSC1CCCCN(C(=O)Nc2ccc(N3CCC3=O)cc2)C1",347.16674803999996,"Screening"
"CCCOC1CCCN(C(=O)Nc2ccc(N3CCC3=O)cc2)CC1",345.205241724,"Screening"
"N#CN(CC(=O)Nc1ccccc1C(F)(F)F)c1ccc(F)cc1",337.083824852,"Screening"
"C=CC(=O)N1CCC(C(=O)Nc2ccc(C3(CC)CCC(=O)NC3=O)cc2)CC1",397.200156344,"Screening"
"C=CC(=O)N1CCC(C(=O)NCc2cc3c(cc2OCC)CC(C)O3)CC1",372.204907376,"Screening"
"C=CC(=O)N1CCC(C(=O)N(C)Cc2ccccc2N2CCCC2)CC1",355.225977168,"Screening"
"C=CC(=O)N1CCC(C(=O)NC(CC(=O)OC)c2cccc(Br)c2)CC1",422.084119316,"Screening"
"C=CC(=O)N1CCC(C(=O)NC2(c3cccc(C(F)(F)F)c3)CCC2)CC1",380.171162636,"Screening"
"C=CC(=O)N1CCC(C(=O)NCCc2nc(-c3ccc(Cl)cc3)no2)CC1",388.13021821200005,"Screening"
"C=CC(=O)N1CCC(C(=O)NCC(C)Oc2cccc(F)c2)CC1",334.16927081600005,"Screening"
"O=Cc1cccc(OCC(=O)N2CCC(C3CCOC3)C2)c1",303.147058152,"Screening"
"C=CC(=O)N1CCC(C(=O)N[C@@H](C)c2ccccc2SC)CC1",332.155849008,"Screening"
"C=CC(=O)NCc1ccc(C(=O)N2CCN(CC(C)(C)O)CC2C)cc1",359.220891788,"Screening"
"C=CC(=O)NCCC(=O)N1CCC(c2cccc(OC)c2)CC1",316.178692628,"Screening"
"C=CC(=O)N1CCC(C(=O)NCC2(CO)CC(c3ccccc3)C2)CC1",356.209992756,"Screening"
"C=CC(=O)NCCC(=O)N1CCN(c2ncnc3ccsc23)CC1",345.1259458480001,"Screening"
"COCCn1cc(NC(=O)Nc2cccc(N3CCC3=O)c2)cn1",329.148789468,"Screening"
"C=CC(=O)NCCC(=O)NCc1cccc(CS(N)(=O)=O)c1",325.10962708799997,"Screening"
"C=CC(=O)NCCC(=O)N1CCCC1c1nc2cc(Cl)ccc2[nH]1",346.1196535280001,"Screening"
"C=CC(=O)NCCC(=O)N1CC2(CCCC2)c2cc(Br)ccc21",376.07864001200005,"Screening"
"C=CC(=O)NCCC(=O)N1Cc2c(OC)ccc(OC)c2C(O)C1",334.152871804,"Screening"
"CC(C)(C)c1cc(CN(C#N)c2ccc(F)c(C#N)c2)no1",298.12298932,"Screening"
"COc1ccc(N(C#N)CC2COCCO2)cc1Cl",282.07712002,"Screening"
"CC1(C)C(=O)NC1C1CCN(C(=O)c2n[nH]c3ccc(Cl)cc23)CC1",360.135303592,"Screening"
"C=CC(=O)N1CCN(S(=O)(=O)N(C)C2CCCCC2)CC1",315.16166266000005,"Screening"
"C=CC(=O)NCCS(=O)(=O)N1CCN(c2ccccn2)CC1",324.12561150000005,"Screening"
"C=CC(=O)N1C(C(=O)N(C)C2CCN(CC)CC2)CC2CCCCC21",347.257277296,"Screening"
"C=CC(=O)N1CCN(S(=O)(=O)c2csc(-c3ccccc3C)n2)CC1",377.086783468,"Screening"
"C=CC(=O)N1CCCC1c1nc(-c2ccccc2)c(C(C)C)o1",310.16812794399993,"Screening"
"C=CC(=O)NCC1(C(=O)Nc2ccc(C)c(C)c2)CCCC1",300.183778008,"Screening"
"C=CC(=O)N1CCN(CCOC(c2ccccc2)c2ccccc2)CC1",350.199428072,"Screening"
"C=CC(=O)NCc1ccc(C(=O)NC2CCCN(C)c3ccccc32)cc1",363.19467704,"Screening"
"CC(C)c1scnc1C(=O)Nc1cccc(OC2CC(=O)N2)c1",331.09906240400005,"Screening"
"C=CC(=O)NCc1ccc(C(=O)OCc2cc(C(C)(C)C)on2)cc1",342.157957184,"Screening"
"N#CN(C[C@H]1C[C@@H](O)C1)c1ccc(F)cc1",220.101191256,"Screening"
"C=CC(=O)N1CCC(C(=O)N2CC[C@@H](O)[C@H]2c2ccc(Cl)cc2)CC1",362.139720276,"Screening"
"C=CC(=O)NCc1ccc(C(=O)N2CC3(CCC3)C2C2CCOCC2)cc1",368.20999275599996,"Screening"
"C=CC(=O)NCCC(=O)Nc1cc(F)cc(N2C[C@@H](C)O[C@@H](C)C2)c1",349.18016984799993,"Screening"
"CC1(C)C(=O)NC1C1CCN(Cc2cc(-c3ccccc3)on2)CC1",339.19467704,"Screening"
"C=CC(=O)N1CCC(C(=O)NCc2ccc(C)cc2C)(c2ccccc2)CC1",376.215078136,"Screening"
"C=CC(=O)N1CCC(C(=O)NCc2c(C)cc(C)cc2C)(c2ccccc2)CC1",390.2307282,"Screening"
"C=CC(=O)N1CCC(C(=O)N2CCCC(C)CC2)(c2ccccc2)CC1",354.2307282,"Screening"
"CC(C)C(C(=O)N1CCC(C2NC(=O)C2(C)C)CC1)N1CCCC1=O",349.23654185199996,"Screening"
"C=CC(=O)N1CCC(C(=O)N2Cc3ccccc3OCC2C)CC1",328.178692628,"Screening"
"O=C(Nc1cccc(C(=O)NC2CN(c3ccccc3)C2=O)c1)c1cccnc1",386.13789043599996,"Screening"
"Cn1cc(C(N)=O)cc1C(=O)NC1CN(c2ccc(F)cc2)C1=O",330.11281856,"Screening"
"Cc1cc(C)c(C(=O)Nc2cc(S(=O)(=O)N3CCOCC3)ccc2N2CCCCCC2)c(Cl)n1",506.17545415200004,"Screening"
"Cc1ccc(F)c(N(C#N)Cc2nccn2C)c1",244.112424636,"Screening"
"COCCCNC(=O)C(C#N)=Cc1ccc(C(=O)O)cc1Cl",322.07203464,"Screening"
"COc1ccc(-c2nn(CC(=O)O)cc2C=O)cc1",260.079706864,"Screening"
"C=CC(=O)NCc1ccc(C(=O)N2CCN(c3ccc(C(N)=O)cc3)CC2)cc1",392.18484062799996,"Screening"
"CC1CN(C(=O)c2cc(Br)c(C=O)n2C)CC(c2ccccc2)O1",390.057904568,"Screening"
"O=C(Cc1ccc2c(c1)COC2)Nc1cccc(S(=O)(=O)F)c1",335.06275714799995,"Screening"
"Cc1nn(CC(=O)Nc2cccc(S(=O)(=O)F)c2)c(C)c1Cl",345.03501817600005,"Screening"
"COc1cc(C(=O)Nc2cccc(S(=O)(=O)F)c2)ccc1OCC(=O)NC(C)C",424.110435612,"Screening"
"COCc1cc(NC2CN(c3ccccc3)C2=O)n2ncnc2n1",324.13347375200004,"Screening"
"C=CC(=O)NCc1ccc(C(=O)NC2CCCN(c3ccc(C)nn3)C2)cc1",379.20082504000004,"Screening"
"CC(=O)NC(C(=O)NC1CN(c2ccccc2)C1=O)C1CCCC1",329.173941596,"Screening"
"O=Cc1ccc(OCC(=O)N2CCC(Cc3ccc(F)cc3)C2)cc1",341.14272172,"Screening"
"CCOC=C(C#N)C(=O)NC(CC(C)C)c1n[nH]c(C(=O)OCC)n1",349.175004216,"Screening"
"COc1ccc(NC(=O)NC2CN(c3ccccc3)C2=O)cc1",311.126991404,"Screening"
"C=CC(=O)N1CCC(C(=O)N(C)C2CCOC(c3ccc(F)cc3)C2)CC1",374.20057094400005,"Screening"
"COc1ccc(NS(=O)(=O)c2ccc(S(=O)(=O)F)cc2)cn1",346.00934167200006,"Screening"
"Cc1cccc(N2CCN(CCCNC(=O)C(C#N)=CC3CC3)CC2)c1",352.226311516,"Screening"
"N#CN(CC(=O)NC1CC1)c1ccc(F)c(Cl)c1",267.057467872,"Screening"
"COCc1ccc(C=C(C#N)C(=O)Nc2ccc(C(=O)O)cc2)cc1",336.111006992,"Screening"
"C=CC(=O)NCCNC(=O)C=C(C)c1ccccc1C(F)(F)F",326.124212444,"Screening"
"N#CN(Cc1nnnn1CC(F)(F)F)c1ccc(F)cc1",300.074657136,"Screening"
"Cc1ccc(C=CS(=O)(=O)Nc2c(O)cccc2F)cc1",307.06784252799997,"Screening"
"Cc1nn(C)c(C)c1CC(C)NS(=O)(=O)C=Cc1ccccc1",333.151097976,"Screening"
"C=CC(=O)N1CCC(C(=O)Nc2nc(-c3cc(C)oc3C)cs2)CC1",359.13036253200005,"Screening"
"Cc1cccc(NC(=O)C(C#N)=Cc2cccc(C(=O)O)c2)c1",306.10044230799997,"Screening"
"C=CC(=O)NCCNC(=O)C=C(C)c1cccc(C(F)(F)F)c1",326.124212444,"Screening"
"C=CC(=O)NCCNC(=O)COc1cc(Cl)cc(Cl)c1",316.038147668,"Screening"
"C=CC(=O)NCCNC(=O)c1cccc(Br)c1C",310.03168982000005,"Screening"
"COc1ccccc1N1CCC(NC(=O)COc2ccccc2C=O)C1",354.157957184,"Screening"
"C=CC(=O)Nc1cc(NC(=O)CCn2cnc3cc(OC)c(OC)cc3c2=O)ccc1F",440.14959799199994,"Screening"
"C=CC(=O)Nc1cc(NC(=O)c2cc3ccc(OC)cc3[nH]2)ccc1F",353.11756959200005,"Screening"
"C=CC(=O)Nc1cc(NC(=O)Cc2csc(NC(=O)c3ccco3)n2)ccc1F",414.07980418,"Screening"
"N#CN(Cc1ncc(-c2cccc(Cl)c2)o1)c1ccccc1",309.066889684,"Screening"
"Cc1ccccc1CCNC(=O)CN(C#N)c1ccccc1",293.152812228,"Screening"
"CC(NC(=O)CN(C#N)c1ccccc1)c1ccc2ccccc2c1",329.152812228,"Screening"
"Cc1cc(NC(=O)CN(C#N)c2ccc(F)c(C#N)c2)n(C)n1",312.1134872560001,"Screening"
"COc1c(C(=O)NC2CN(c3ccc(F)cc3)C2=O)c(C)nn1C",332.1284686240001,"Screening"
"CC(=O)[C@@H]1C[C@H](CC(=O)NC2CN(c3ccc(F)cc3)C2=O)C1(C)C",346.169270816,"Screening"
"C=CC(=O)NCc1ccc(C(=O)N2CCC[C@@H]2C(=O)OCC)cc1",330.157957184,"Screening"
"C=CC(=O)NCc1ccc(C(=O)N2CC(=O)N(C3CC3)C2)cc1",313.142641468,"Screening"
"COc1cccc(C(=O)Nc2cccc(N3CCC3=O)c2)c1F",314.10667056000005,"Screening"
"O=C(C=CSc1ccccc1)Nc1cccc(N2CCC2=O)c1",324.09324875199997,"Screening"
"O=C(CSCc1ccc(Cl)cc1)Nc1cccc(N2CCC2=O)c1",360.069926464,"Screening"
"C=CC(=O)Nc1cccc(S(=O)(=O)N=C2CCCN2C)c1",307.09906240400005,"Screening"
"C=CC(=O)Nc1ccc(F)c(NC(=O)CCN2CCOCC2)c1",321.14886972,"Screening"
"CC(=O)N1CCN(C(=O)CN(C#N)c2ccccc2)CC1",286.142975816,"Screening"
"C=CC(=O)N1CCC(C(=O)NCc2nc(-c3cccs3)c[nH]2)CC1",344.13069688,"Screening"
"C=CC(=O)N1CCC(C(=O)NCc2ccc(S(=O)(=O)CC)s2)CC1",370.102099184,"Screening"
"C=CC(=O)N1CCC(C(=O)N2CCN(S(C)(=O)=O)CC2(C)C)CC1",357.172227344,"Screening"
"CCSCc1cc(C(=O)NC2CN(c3ccccc3)C2=O)no1",331.099062404,"Screening"
"Cc1cc(NC(=O)CCN(C#N)c2ccccc2)no1",270.111675688,"Screening"
"O=Cc1cccc(OCC(=O)N2CCN(C3CCOCC3)CC2)c1",332.173607248,"Screening"
"CS(=O)(=O)CCN(C#N)c1ccc(F)c(Br)c1",319.96303888,"Screening"
"COC1CCCC(CC(=O)NC2CN(c3ccccc3)C2=O)C1",316.17869262799996,"Screening"
"Cc1ccccc1-c1nc(CNS(=O)(=O)C=Cc2ccc(Cl)cc2)no1",389.060090052,"Screening"
"COc1ccc(N(C#N)CC(=O)Nc2cccc(C(C)=O)c2)cc1",323.126991404,"Screening"
"N#CC(=Cc1cccc(-c2ccncc2)c1)C(=O)NCc1ccco1",329.11642672,"Screening"
"C=CC(=O)Nc1ccc(C(=O)OCCC2CCCC2=O)cc1",301.131408088,"Screening"
"C[C@H](NC(N)=O)C(=O)NC1CN(c2ccccc2)C1=O",276.12224037199996,"Screening"
"C=CC(=O)Nc1ccc(C(=O)Nc2cc(C)nn2CCCCC)cc1",340.189926008,"Screening"
"C=CC(=O)NCCNC(=O)C1CCN(S(=O)(=O)c2ccc(C(=O)O)cc2)CC1",409.130756456,"Screening"
"C=CC(=O)NCCNC(=O)C(C)(C)c1csc(-c2cc(F)ccc2F)n1",379.1166042880001,"Screening"
"CC(C)c1noc(CN(C#N)c2ccc(F)cc2)n1",260.107339256,"Screening"
"C=CC(=O)N1CCC(C(=O)N2CCN(c3nnc(C(F)(F)F)s3)CC2)CC1",403.12898054000004,"Screening"
"C=CC(=O)N1CCC(C(=O)N(CC2CC2)c2cccc(C(F)(F)F)c2)CC1",380.171162636,"Screening"
"C=CC(=O)N1CCC(C(=O)Nc2cc(N3CCNC3=O)ccc2C)CC1",356.18484062799996,"Screening"
"O=C(NC1CN(c2ccccc2)C1=O)c1cnc(C(F)(F)F)nc1",336.083410252,"Screening"
"C=CC(=O)N1CCC(C(=O)N2CCN(CC(C)C)C(=O)C2C)CC1",335.220891788,"Screening"
"O=C(NC1CN(c2ccccc2)C1=O)c1ncc(F)cc1F",303.081933032,"Screening"
"C=CC(=O)Nc1cc(NC(=O)CNS(=O)(=O)CCCOC)ccc1F",373.11076995999997,"Screening"
"CC(NCc1cccc(N2CCC2=O)c1)c1cc(Br)ccc1F",376.058653516,"Screening"
"C=CC(=O)NCc1ccc(C(=O)Oc2cccc(Oc3ccnc(C(=O)NC)c3)c2C)cc1",445.163770836,"Screening"
"C=CC(=O)Nc1cc(NC(=O)c2cccc3c2ccn3C)ccc1F",337.12265497199996,"Screening"
"C=CC(=O)Nc1cc(NC(=O)Cn2c(=O)n(CC)c3ccccc32)ccc1F",382.144118688,"Screening"
"CC(C)N(CC(F)(F)F)C(=O)CN(C#N)c1cccc(F)c1",317.11512498,"Screening"
"N#CC(=Cc1cc(Cl)ccc1O)C(=O)Nc1cccc2ccccc12",348.066555336,"Screening"
"COc1cc(Cl)c(C)cc1NC(=O)C(C#N)=Cc1cc(OC)c(O)c(OC)c1",402.09824938799994,"Screening"
"CCOc1cc(C=C(C#N)C(=O)NCC2CCCO2)cc(Cl)c1O",350.103334768,"Screening"
"Cc1cc(C)c(-c2csc(NC(=O)C(C#N)=Cc3ccc(O)cc3)n2)cc1C",389.119797848,"Screening"
"Cc1cc(C=C(C#N)C(=O)Nc2ccc(C(=O)N(C)C)cc2)cc(C)c1O",363.15829153199996,"Screening"
"CC(C)c1ccc(-c2[nH]c3ccccc3c2C=O)cc1",263.131014164,"Screening"
"COc1ccc(-c2[nH]c3ccccc3c2C=O)cc1C",265.11027872,"Screening"
"C=CC(=O)NCc1ccc(C(=O)NC(c2ccc(F)cc2F)C2CCCC2)cc1",398.180584448,"Screening"
"Cc1nc2c(c(C(F)(F)F)n1)CC(c1nc(-c3cccc(N4CCC4=O)c3)no1)CC2",429.141259476,"Screening"
"C=CC(=O)Nc1ccc(C(=O)N2CCS(=O)(=O)CC2c2ccccc2)cc1",384.11437811999997,"Screening"
"CC(C)(C)c1ccc2c(c1)CN(C(=O)Nc1ccc(N3CCC3=O)cc1)CC2",377.210327104,"Screening"
"N#CN(CC1CCOC1)c1ccc(F)cc1",220.101191256,"Screening"
"COC(=O)CCCN(C#N)c1ccc(F)cc1",236.096105876,"Screening"
"C=CC(=O)N1CCC(C(=O)Nc2ccc(OCC(N)=O)cc2)CC1",331.153206152,"Screening"
"C=CC(=O)N1CCC(C(=O)Nc2cc(F)c(N3CCCC3)c(F)c2)CC1",363.175833416,"Screening"
"C=CC(=O)N1CCC(C(=O)N2CCN(c3cccc(OC)c3)CC2)CC1",357.205241724,"Screening"
"C=CC(=O)N1CCC(C(=O)N(CCC)C2CCN(C(=O)c3ccccc3)CC2)CC1",411.252191916,"Screening"
"C=CC(=O)N1CCC(C(=O)N2CCN(CCOc3ccccc3Cl)CC2)CC1",405.181919436,"Screening"
"C=CC(=O)N1CCC(C(=O)Nc2cccc(-c3nnc[nH]3)c2)CC1",325.15387484800004,"Screening"
"C=CC(=O)N1CCC(C(=O)N2CC(c3ccccc3C)OCC2C)CC1",356.20999275599996,"Screening"
"C=CC(=O)N1CCC(C(=O)N2CCn3c(nn(CC(F)F)c3=O)C2)CC1",369.161245972,"Screening"
"O=C1CCN1c1cccc(NC(=O)N2CCC23CCC3)c1",285.147726848,"Screening"
"NC(=O)C1(c2ccccc2)CCN(C(=O)Nc2cccc(N3CCC3=O)c2)CC1",392.18484062799996,"Screening"
"C=CC(=O)NCCC(=O)N1CCC(c2c[nH]c3cc(F)ccc23)CC1",343.16960516399996,"Screening"
"C=CC(=O)NCCC(=O)N1CCN(Cc2cccc(Cl)c2Cl)CC1",369.10108227200004,"Screening"
"C=CC(=O)NCCC(=O)Nc1cnc2c(cnn2C(C)C)c1",301.15387484800004,"Screening"
"C=CC(=O)NCCC(=O)N(Cc1ccccc1)Cc1nc2ccccc2c(=O)[nH]1",390.16919056399996,"Screening"
"O=C(CCl)N1CCOC(COc2ccc(F)cc2)C1",287.07244924,"Screening"
"O=C(CCl)NCCOc1cc(Cl)cc(Cl)c1",280.97771159999996,"Screening"
"C=CC(=O)NCc1ccc(C(=O)N2CCCC(OC(=O)N(C)C)C2)cc1",359.18450628000005,"Screening"
"C=CC(=O)N(C)C(C)c1ccc(-n2cnc3ccccc32)cc1",305.152812228,"Screening"
"C=CC(=O)NCCc1ccc(OCC(=O)Nc2ccc(C)cc2)cc1",338.163042564,"Screening"
"C=CC(=O)NC1CC(=O)N(c2ccc(Oc3ccccc3)cc2)C1",322.131742436,"Screening"
"C=CC(=O)N(Cc1nc(-c2ccc3c(c2)OCO3)c[nH]1)C(C)C",313.142641468,"Screening"
"C=CC(=O)N(C)CC(O)COc1ccccc1C(F)(F)F",303.108228032,"Screening"
"C=CC(=O)NC1(C(=O)Nc2ccc(OC)c(OC)c2)CCCC1",318.157957184,"Screening"
"C=CC(=O)NC1CC(=O)N(Cc2ccccc2C(F)(F)F)C1",312.10856238,"Screening"
"C=CC(=O)N(C)Cc1cccc(Br)c1OCCS(C)(=O)=O",375.0139911559999,"Screening"
"C=CC(=O)NCC1(N2CCN(c3ccccc3)CC2)CCOCC1",329.210327104,"Screening"
"C=CC(=O)N1CCC(C(=O)NC(c2ccc(OC)cc2)c2ccco2)CC1",368.173607248,"Screening"
"COCC1(C(=O)N2CCC(C3NC(=O)C3(C)C)CC2)CCCC1",322.22564282,"Screening"
"O=C(Nc1cccc(S(=O)(=O)F)c1)C1(CF)CCOCC1",319.0689854,"Screening"
"CNc1ccccc1C(=O)N1CCC(C2NC(=O)C2(C)C)CC1",315.19467704,"Screening"
"C=CC(=O)N1CCC(C(=O)N(C)c2ccc(C(=O)NC(C)(C)C)cc2)CC1",371.220891788,"Screening"
"C=CC(=O)NCCC(=O)N1c2ccccc2CC1CNC(=O)C(F)(F)F",369.13002609599994,"Screening"
"CCOC=C(C#N)C(=O)Nc1ccc2c(c1)nc(C)n2C(CO)CO",344.14845511999994,"Screening"
"C=CS(=O)(=O)N1CC(C)CC1CC",203.097999784,"Screening"
"C=CC(=O)N1CCC(C(=O)N2CCC(O)(Cc3ccncc3)CC2)CC1",357.205241724,"Screening"
"COc1cc(C=O)ccc1OCCC(=O)N(C)CCN1CCCCC1",348.204907376,"Screening"
"C=CC(=O)N1CCC(C(=O)NC(C)c2ccncc2)(c2ccccc2)CC1",363.19467704,"Screening"
"C=CC(=O)N1CCC(C(=O)NCCN2CCN(C)CC2)(c2ccccc2)CC1",384.252526264,"Screening"
"C=CC(=O)N1CCC(C(=O)NCc2cccnc2N(C)C)(c2ccccc2)CC1",392.221226136,"Screening"
"C=CC(=O)N1CCC(C(=O)NCC(C)(C)c2ccncc2)(c2ccccc2)CC1",391.225977168,"Screening"
"C=CC(=O)N1CCC(C(=O)Nc2cnc3c(c2)COCC3)(c2ccccc2)CC1",391.18959166,"Screening"
"C=CC(=O)N1CCC(C(=O)N2CCN(C[C@@H](C)O)CC2)(c2ccccc2)CC1",385.236541852,"Screening"
"C=CC(=O)N1CCC(C(=O)NC(C)CC(C)(C)O)(c2ccccc2)CC1",358.22564282,"Screening"
"C=CC(=O)N1CCC(C(=O)N2CC(C)(CC(F)(F)F)C2)(c2ccccc2)CC1",394.1868127,"Screening"
"O=S(=O)(F)c1cccc(S(=O)(=O)Nc2ccc(C3CC3)c(F)c2)c1",373.02540633600006,"Screening"
"O=S(=O)(F)c1ccc(S(=O)(=O)Nc2cccc(Cl)n2)cc1",349.95980463600006,"Screening"
"C=CC(=O)N1CCN(C(=O)C2COc3ccccc3O2)CC1",302.126657056,"Screening"
"C=CC(=O)N1CCN(CC(=O)Nc2ccc(OC(F)(F)F)cc2)CC1",357.130026096,"Screening"
"C=CC(=O)Nc1cccc(S(=O)(=O)N2CCN(CC)CC2)c1",323.13036253200005,"Screening"
"C=CC(=O)Nc1ccc(C(=O)N(C)C2CCCCC2)c(Cl)c1",320.129155592,"Screening"
"C=CC(=O)Nc1ccc2oc(=O)n(CC(=O)N3CCCCC3)c2c1",329.13755608800005,"Screening"
"C=CC(=O)NCc1cccc(CN2CCCC(C(N)=O)C2)c1",301.179026976,"Screening"
"C=CC(=O)NCCCC(=O)N1CCc2cc(OC)c(OC)cc2C1",332.173607248,"Screening"
"C=CC(=O)N1CCN(CC(=O)N2CCCc3ccccc32)CC1",313.179026976,"Screening"
"C=CC(=O)N1CCN(S(=O)(=O)c2ccc3c(c2)NC(=O)CO3)CC1",351.088891644,"Screening"
"C=CC(=O)NC(C)c1sc(-c2ccc(OC)cc2)nc1C",302.108898816,"Screening"
"C=CC(=O)Nc1cccc(S(=O)(=O)N(C)C2CCCCC2)c1",322.135113564,"Screening"
"C=CC(=O)N1CCCC(C(=O)N(CCC)CC(F)(F)F)C1",306.155512572,"Screening"
"C=CC(=O)Nc1cc(C(=O)N2CCCCC2)ccc1OCC",302.163042564,"Screening"
"C=CC(=O)Nc1ccc(NC(=O)C2CCCO2)cc1C(F)(F)F",328.10347700000005,"Screening"
"Cc1cc(NC(=O)C(C)Cl)cnc1N1CCCCC1",281.12948994,"Screening"
"CC(Cl)C(=O)NCc1cc(COC(C)(C)C)on1",274.108420148,"Screening"
"CC(c1cccc(N2CCCS2(=O)=O)c1)N(C)C(=O)CCl",330.080491148,"Screening"
"CC(Cl)C(=O)N(CC1CC1)CC1CN(C)CCO1",274.144805656,"Screening"
"CC1CN(c2cccc(CN(C)C(=O)C(C)Cl)c2)S(=O)(=O)C1",344.09614121199996,"Screening"
"Cc1cnc(C(C)N2CCN(C(=O)C(C)Cl)CC2)s1",301.10156094,"Screening"
"COCc1nc(C2CCCCN2C(=O)C(C)Cl)n[nH]1",286.119653528,"Screening"
"C=CC(=O)NCCC(=O)Nc1cccc(N2CCN(C(C)=O)C2=O)c1C",358.16410518399994,"Screening"
"C=CC(=O)N1CCC(C(=O)NC(C)(CO)c2cc(Cl)cc(Cl)c2)CC1",384.10074792399996,"Screening"
"Cc1cccc2c1OCC(Nc1ncc(C=O)cn1)C2",269.11642672,"Screening"
"C=CC(=O)N1CCC(C(=O)NC2CCn3cncc32)(c2ccccc2)CC1",364.189926008,"Screening"
"C=CC(=O)N(C)CC(=O)N1CCNC(=O)CC1c1ccccc1",315.158291532,"Screening"
"C=CC(=O)N(C)CC(=O)N(CC)Cc1ccc(Cl)c(Cl)c1",328.074533176,"Screening"
"C=CC(=O)N(C)CC(=O)N1CCC(c2c[nH]c3c(CC)cccc23)CC1",353.210327104,"Screening"
"C=CC(=O)N(C)CC(=O)Nc1ccc(N2CCc3sccc3C2)cc1",355.135447912,"Screening"
"C=CC(=O)N(C)CC(=O)N1CCN(C(=O)c2cc3ccccc3[nH]2)CC1",354.169190564,"Screening"
"C=CC(=O)N(C)CC(=O)Nc1cccc(-c2nc(C3CC3)n[nH]2)c1",325.15387484800004,"Screening"
"C=CC(=O)N(C)CC(=O)Nc1ccc2c(c1)N(CC(=O)NC)CC2",330.169190564,"Screening"
"C=CC(=O)N(C)CC(=O)Nc1ccc(OCC(F)(F)F)c(C)c1",330.11912706400005,"Screening"
"C=CC(=O)N(C)CC(=O)NCCc1nc(C(F)(F)F)cs1",321.075882348,"Screening"
"C=CC(=O)N(C)CC(=O)Nc1cccc(COC(C)(C)C)c1C",318.194342692,"Screening"
"C=CC(=O)N(C)CC(=O)Nc1nc2cc(C)ccc2n1CC",300.15862588,"Screening"
"C=CC(=O)N(C)CC(=O)N1CCN(C2CCCN(Cc3ccccc3)C2=O)CC1",398.23179081999996,"Screening"
"O=Cc1cnc2c(Br)cc(C(=O)N3CC(F)(F)C3)cn12",342.97679503600006,"Screening"
"C=CC(=O)N(C)CC(=O)NCC(C)(O)c1cccc(Cl)c1",310.108420148,"Screening"
"C=CC(=O)N(C)CC(=O)NC(C(=O)OC)c1ccc(C)c(C)c1",318.157957184,"Screening"
"C=CC(=O)N(C)CC(=O)NCCN1C(=O)NC2(CCCC2)C1=O",322.16410518399994,"Screening"
"C=CC(=O)N(C)CC(=O)NCc1ccc(C(F)(F)F)cc1C",314.124212444,"Screening"
"C=CC(=O)N(C)CC(=O)N[C@H](C)C1CCCc2ccccc21",300.183778008,"Screening"
"C=CC(=O)N(C)CC(=O)NC1(c2cccc(OC)c2F)CCOCC1",350.164185436,"Screening"
"C[C@@H]1CC[C@@H](O)CN1C(=O)c1cc(Br)c2ncc(C=O)n2c1",365.037503472,"Screening"
"C=CC(=O)N(C)CC(=O)NC1(C)CCN(C(=O)OCc2ccccc2)C1",359.18450628000005,"Screening"
"C=CC(=O)N(C)CC(=O)N[C@H]1C[C@H](c2ccc(Cl)cc2)C1",306.113505528,"Screening"
"C=CC(=O)N(C)CC(=O)NCc1ccncc1OCC(F)(F)F",331.114376032,"Screening"
"C=CC(=O)N(C)CC(=O)N1[C@@H]2CC[C@H]1C[C@@H](c1ccccc1)C2",312.183778008,"Screening"
"C=CC(=O)N(C)CC(=O)N1CC(C)(C)OC(C)(C(F)(F)F)C1",322.15042719200005,"Screening"
"C=CC(=O)N(C)CC(=O)NC1(Cc2ccc(F)cc2Cl)CCOCC1",368.13029846399996,"Screening"
"C=CC(=O)N(C)CC(=O)NC1(CC(=O)OC(C)(C)C)CCCCC1",338.22055744,"Screening"
"C=CC(=O)N(C)CC(=O)N1CCC(C(=O)NC)(C(F)(F)F)C1",321.130026096,"Screening"
"C=CC(=O)NCCC(=O)NC(C(=O)OCC)C(O)c1ccc(Cl)cc1",368.113899452,"Screening"
"C=CC(=O)N1CCC(C(=O)N2CCCC(c3ccc(F)c(F)c3)C2)CC1",362.180584448,"Screening"
"C=CC(=O)N1CCC(C(=O)Nc2ccc(N3CCOCC3C)c(Cl)c2)CC1",391.166269372,"Screening"
"C=CC(=O)N1CCN(C(=O)C(F)(F)F)C2(CCCCC2)C1",304.139862508,"Screening"
"COc1cc(C=O)ccc1OCCC(=O)N1CC=CC12CCCC2",329.162708216,"Screening"
"C=CC(=O)N1CCC(c2nccc(-c3ccc(OC)cc3)n2)CC1",323.16337691200005,"Screening"
"O=Cc1c(C(=O)O)[nH]c2cc(Br)ccc12",266.953105152,"Screening"
"CCOCCCNC(=O)C(C#N)=Cc1ccc2[nH]c(=O)[nH]c2c1",314.137890436,"Screening"
"CC(C)OCCCNC(=O)C(C#N)=Cc1ccc(O)nc1",289.142641468,"Screening"
"CC(C)OCCCNC(=O)C(C#N)=Cc1cc2c(O)cccc2s1",344.11946350000005,"Screening"
"CCN(C#N)CCN(C)CC(=O)Nc1c(C)cccc1C",288.195011388,"Screening"
"O=C(COc1cccc(N2CCC2=O)c1)NC1CCCCCC1",316.178692628,"Screening"
"C=CS(=O)(=O)N1Cc2ccc(Br)cc2C1",286.96156166,"Screening"
"O=C1NCCc2cc(NS(=O)(=O)c3cccc(S(=O)(=O)F)c3)ccc21",384.02499173599995,"Screening"
"C=CC(=O)N1CCC(C(=O)N2CCCCC2c2[nH]ncc2C(=O)N(C)C)CC1",387.227039788,"Screening"
"COC[C@@H](C)N(Cc1cnc(C(C)(C)C)nc1)C(=O)CCl",313.155704688,"Screening"
"O=C(CCl)N(Cc1cnsc1)c1cccc(F)c1",284.01863984,"Screening"
"CCO[C@H]1C[C@@H](N(Cc2c(C#N)cnn2C)C(=O)CCl)C1",310.119653528,"Screening"
"CCn1cc(N(Cc2ccccc2C(F)F)C(=O)CCl)cn1",327.09499625200004,"Screening"
"CC(C)(C)c1conc1CN(C(=O)CCl)C1CCCCC1",312.16045572,"Screening"
"Cc1cnn(CC(C)N(Cc2c(C)cnn2C)C(=O)CCl)c1",323.151288004,"Screening"
"CC(C)(C)n1nccc1CN(CCOC1CCC1)C(=O)CCl",327.17135475199996,"Screening"
"Cc1nc(CN(C(=O)CCl)C(C)COc2ccccc2)co1",322.108420148,"Screening"
"CC(C)(C)OCCN(Cc1cccc(F)c1F)C(=O)CCl",319.115063,"Screening"
"COC(C)(C)CC(C)N(Cc1ncoc1C1CC1)C(=O)CCl",328.15537034000005,"Screening"
"O=C(CCl)N(Cc1cccc2ccoc12)C1COC2(CCC2)C1",333.11317118,"Screening"
"Cc1nscc1CN(C(=O)CCl)[C@H]1C[C@@H](c2ccccc2)C1",334.090661908,"Screening"
"CCn1cc(CN(C(=O)CCl)C2CC=CC2)c(C(C)(C)C)n1",323.17644013200004,"Screening"
"Cc1cc(CN(CC2COCC(C)(C)O2)C(=O)CCl)c(C)o1",329.13938592799997,"Screening"
"COc1cc(F)cc(CN(C(=O)CCl)C2CCOCC2)c1",315.103749368,"Screening"
"O=C(CCl)N(Cc1ccon1)CC1Cc2ccccc21",290.0822054,"Screening"
"COCc1cc(CN(C(=O)CCl)C(C2CCC2)C2CC2)on1",326.139720276,"Screening"
"Cc1cc(CN(CC[C@@H]2COC[C@H]2O)C(=O)CCl)ccc1Cl",345.089848892,"Screening"
"CC1(C)OCc2cc(CN(C[C@H]3C[C@@H](O)C3)C(=O)CCl)ccc21",337.144471308,"Screening"
"COc1cc(CN(C(=O)CCl)C2CCCn3nccc32)ccc1C",347.140054624,"Screening"
"Cn1nccc1-c1ccccc1CN(CC1(F)CCC1)C(=O)CCl",349.135718192,"Screening"
"C[C@H](C1CC1)N(Cc1cnc(-c2cccs2)nc1)C(=O)CCl",335.08591087599996,"Screening"
"C[C@H](C1CC1)N(Cc1cccc2ccoc12)C(=O)CCl",291.10260649599996,"Screening"
"Cc1ccc(F)cc1CN(CC[C@H]1CCCC[C@H]1O)C(=O)CCl",341.15578494,"Screening"
"CCn1nc(C2CC2)cc1CN(C(=O)CCl)C1COC(C)(C)C1",339.17135475199996,"Screening"
"CCn1cc(CN(C(=O)CCl)[C@@H]2COC[C@H]2F)c(C)n1",303.11498274800005,"Screening"
"Cc1ccccc1C(C)N(Cc1ccnn1C1CCC1)C(=O)CCl",345.160790068,"Screening"
"Cc1nn(-c2ccccc2)nc1CN(C(=O)CCl)[C@@H]1CCOC1",334.11965352799996,"Screening"
"CCc1cc(CN(CC2CC3(CCOCC3)C2)C(=O)CCl)on1",340.15537034,"Screening"
"COCc1cccc(CN(C(=O)CCl)C(C)c2ccnn2C)c1",335.140054624,"Screening"
"CCC(=O)N1CC(N(Cc2ccnn2C(C)(C)C)C(=O)CCl)C1",340.16660372,"Screening"
"CC1(C)CCOC1CN(Cc1ccc(Cl)o1)C(=O)CCl",319.074198828,"Screening"
"CCC(c1ccc(Cl)cc1)N(Cc1cnnn1C)C(=O)CCl",340.08576655599995,"Screening"
"COCc1cccc(CN(C(=O)CCl)[C@@H]2CCC[C@H]2O)c1",311.12882124399994,"Screening"
"CCn1nccc1CN(C(=O)CCl)c1ccc2c(c1)CCO2",319.10875449599996,"Screening"
"Cc1conc1CN(C(=O)CCl)c1ccc2c(c1)CCO2",306.07712002,"Screening"
"CCOC1(CN(Cc2cnnn2C2CC2)C(=O)CCl)CCCC1",340.16660372,"Screening"
"COc1ccc(C)cc1CN(C(=O)CCl)C1CC12CCC2",307.13390662399996,"Screening"
"COc1ccc(CN(CCC2(O)CCCOC2)C(=O)CCl)cc1",341.13938592799997,"Screening"
"CC1(C)COC(CN(Cc2ccnn2CC2CC2)C(=O)CCl)C1",339.17135475199996,"Screening"
"C=CC(=O)N1Cc2ccccc2CC1CNC(=O)C1CC(c2ccccc2)=NO1",389.173941596,"Screening"
"C=CC(=O)N1Cc2ccccc2CC1CNC(=O)C1=NOC(c2ccccc2)C1",389.173941596,"Screening"
"C=CC(=O)N1CCn2ncc(CNC(=O)C3=NOC(c4ccccc4)C3)c2C1",379.164439532,"Screening"
"C=CC(=O)NCC(C)N(C)C(=O)C(CC)Oc1ccccc1F",322.16927081600005,"Screening"
"C=CC(=O)NCCCN(C)C(=O)Cc1noc2ccc(F)cc12",319.133219656,"Screening"
"C=CC(=O)NCCCN(C)C(=O)c1cnn(CC(C)C)c1CC",320.221226136,"Screening"
"C=CC(=O)NCCCN(C)C(=O)C1CC(c2cnn(C)c2)=NO1",319.164439532,"Screening"
"C=CC(=O)NCCCN(C)C(=O)C(C)=Cc1ccc(F)c(F)c1",322.14928432,"Screening"
"C=CC(=O)N1CC(CC(C)NC(=O)C2CC(c3cnn(C)c3)=NO2)C1",345.180089596,"Screening"
"C=CC(=O)N1CC(NC(=O)C2CC2c2cnn(C(C)C)c2)Cc2ccccc21",378.205576072,"Screening"
"C=CC(=O)N1CCN(C(=O)c2ccc(Cn3cccn3)o2)CC1CCO",358.16410518399994,"Screening"
"C[C@H]1CCO[C@H]1CN(Cc1scc2c1OCCO2)C(=O)CCl",345.08015679999994,"Screening"
"Cc1cnc(CN(C(=O)CCl)C2CC(C)(C)OC(C)(C)C2)s1",344.13252672,"Screening"
"Cc1ncc(CN(C(=O)CCl)C2CCC(C)(C)c3ccccc32)o1",346.144805656,"Screening"
"CO[C@H]1C[C@@H](N(Cc2ccc(C(=O)N(C)C)cc2)C(=O)CCl)C1",338.13972027600005,"Screening"
"CC(C)(C)c1conc1CN(CC1CC1(F)F)C(=O)CCl",320.110311968,"Screening"
"N#CC1(CN(Cc2ccc(Cl)o2)C(=O)CCl)CCOCC1",330.05379773199996,"Screening"
"O=C(CCl)N(CCOC1CC1)Cc1cccc2ccoc12",307.09752111599994,"Screening"
"O=C(CCl)N(Cc1ccc2nccnc2c1)CC(O)C1CC1",319.10875449599996,"Screening"
"COc1cc(COc2cc(Br)cnc2C=O)ccc1Cl",354.961082992,"Screening"
"O=Cc1ncc(Br)cc1OCc1cccc2ccsc12",346.96156166,"Screening"
"O=Cc1cc(OCC(=O)N2CCc3ccccc32)ccc1B(O)O",325.11215301199996,"Screening"
"COc1cc(B(O)O)c(C=O)cc1OCC(=O)N(CCC#N)c1cccc(Cl)c1",416.094644376,"Screening"
"COc1cc(C=O)c(B(O)O)cc1OCC(C)CC(F)(F)F",320.104288672,"Screening"
"C=CC(=O)N1CCC[C@@H](C(=O)N(C)CCCc2cc(-c3ccccc3)no2)C1",381.205241724,"Screening"
"CC(Oc1cccc(B(O)O)c1C=O)c1nc(-c2ccc(Cl)cc2)no1",372.068429628,"Screening"
"N#Cc1ccc(Br)c(COc2cccc(B(O)O)c2C=O)c1",358.99645033199994,"Screening"
"CC(C)(C)c1ccccc1NC(=O)COc1cccc(B(O)O)c1C=O",355.1591032039999,"Screening"
"O=Cc1c(OCc2noc(-c3ccc(Cl)cc3)n2)cccc1B(O)O",358.05277956399993,"Screening"
"O=Cc1c(OCc2ccnc(Br)c2)cccc1B(O)O",334.996450332,"Screening"
"O=Cc1c(OCc2ccc(Cl)c(F)c2)cccc1B(O)O",308.042295132,"Screening"
"O=Cc1c(OCc2ccc(Br)c(Cl)c2)cccc1B(O)O",367.962229012,"Screening"
"O=Cc1c(OCc2noc(-c3ccc(F)cc3F)n2)cccc1B(O)O",360.072908292,"Screening"
"O=Cc1c(OCC(=O)NCc2ccccc2S(=O)(=O)N2CCCCC2)cccc1B(O)O",460.14755254,"Screening"
"O=Cc1c(OCc2cc([N+](=O)[O-])ccc2Br)cccc1B(O)O",378.986279572,"Screening"
"COc1ccccc1CNC(=O)C(C)Oc1cccc(B(O)O)c1C=O",357.13836775999994,"Screening"
"O=Cc1c(OCC(=O)NCc2ccc(S(=O)(=O)N3CCOCC3)cc2)cccc1B(O)O",462.12681709599997,"Screening"
"Cn1cc(C=O)cc1C(=O)NC(Cn1ccnc1)c1ccccc1",322.142975816,"Screening"
"C=CS(=O)(=O)NCc1ccn(C(F)F)n1",237.038353968,"Screening"
"O=C(CCl)NCc1nc(-c2ccsc2)no1",257.002575176,"Screening"
"CCc1ccc(COc2cc(Br)cnc2C=O)cc1[N+](=O)[O-]",364.005868996,"Screening"
"CCc1nc(COc2cc(C=O)c(B(O)O)cc2OC)cs1",321.08422401200005,"Screening"
"COc1cc(C=O)c(B(O)O)cc1OCc1c(C)nn(Cc2ccccc2)c1Cl",414.11537982,"Screening"
"COC(=O)C(C)(C)n1cc(CNC(=O)CCl)nn1",274.08326802000005,"Screening"
"Cc1cc(COc2cc(Br)cnc2C=O)cc(C(F)(F)F)c1",372.99252535200003,"Screening"
"C=CS(=O)(=O)NCC1(OC)CCC(C)(C)C1",247.124214532,"Screening"
"C=CS(=O)(=O)NCc1csc(C(C)(F)F)n1",268.015176,"Screening"
"O=Cc1cc(C(=O)Nc2cccc(CN3CCCC3=O)c2)ccc1B(O)O",366.138702108,"Screening"
"COc1cc(CNC(=O)c2ccc(B(O)O)c(C=O)c2)ccc1OC(C)C",371.154017824,"Screening"
"CCOC(=O)c1cc2n(n1)CCN(C(=O)CCl)C2",271.072368988,"Screening"
"Cc1ccc(C2c3[nH]cnc3CCN2C(=O)CCl)cc1",289.098189812,"Screening"
"COC1CC(NC(=O)c2ccc(B(O)O)c(C=O)c2)c2ccccc21",339.127803076,"Screening"
"COC(=O)C[C@H](NC(=O)c1ccc(B(O)O)c(C=O)c1)c1cc(Cl)cc(Cl)c1",423.044772992,"Screening"
"COC(=O)CCC(Cc1ccccc1)NC(=O)c1ccc(B(O)O)c(C=O)c1",383.15401782399994,"Screening"
"O=Cc1cc(C(=O)NC2CCCN(c3cnc4ccccc4n3)C2)ccc1B(O)O",404.165585552,"Screening"
"Cc1cccc(C2=CCN(C(=O)c3ccc(B(O)O)c(C=O)c3)CC2)c1C",363.16418858399993,"Screening"
"O=Cc1cc(C(=O)NCc2ccc3c(c2)COCC3)ccc1B(O)O",339.12780307599996,"Screening"
"O=Cc1cc(C(=O)Nc2ccc(NC(=O)CN3CCCCCC3)cc2)ccc1B(O)O",423.19655133199996,"Screening"
"O=Cc1cc(C(=O)N2CCCC(c3ncon3)C2)ccc1B(O)O",329.11830101199996,"Screening"
"O=Cc1cc(C(=O)NCC(c2ccccc2Cl)N2CCOCC2)ccc1B(O)O",416.13102988399993,"Screening"
"O=Cc1cc(C(=O)N2CCN(Cc3c(F)cccc3Cl)CC2)ccc1B(O)O",404.111043388,"Screening"
"CCC1c2ccccc2CN1C(=O)c1ccc(B(O)O)c(C=O)c1",323.13288845599993,"Screening"
"N#Cc1c(N)ncc2c1CCN(C(=O)c1ccc(B(O)O)c(C=O)c1)C2",350.11863536,"Screening"
"CN(C)CCN(C(=O)c1ccc(B(O)O)c(C=O)c1)C1CCC1",318.175087616,"Screening"
"CC1CN(Cc2ccccc2NC(=O)c2ccc(B(O)O)c(C=O)c2)CC(C)O1",396.18565229999996,"Screening"
"C=CS(=O)(=O)NC(C)c1csc(C(C)C)n1",260.065319752,"Screening"
"Cc1[nH]c(C=O)cc1C(=O)N1CCN(c2c(C#N)cnc3ccccc23)CC1",373.15387484800004,"Screening"
"C=CS(=O)(=O)N1Cc2cc(F)c(Br)cc2C1",304.952139848,"Screening"
"O=Cc1ccc(-c2ncccc2OCCc2ccccn2)cc1",304.121177752,"Screening"
"CCOC(=O)Cn1nc(-c2ccccc2)cc1NC(=O)CCl",321.088019052,"Screening"
"O=C(CCl)N[C@H]1C[C@H](COc2ccccc2)C1",253.086956432,"Screening"
"O=C(CCl)Nc1ccc(C2CCCCO2)cc1",253.086956432,"Screening"
"O=C(CCl)N1CCc2c(c(=O)[nH]c3ccccc23)C1",276.066555336,"Screening"
"O=C(CCl)NC1(c2cc(F)ccc2F)CCCC1",273.073198188,"Screening"
"O=C(CCl)Nc1cc(-c2ccccc2)nn1C1CC1",275.082539748,"Screening"
"N#Cc1ccc(Cn2cc(NC(=O)CCl)cn2)cc1",274.062138652,"Screening"
"Cc1ccccc1N(Cc1nn(C)c2ccccc12)C(=O)CCl",327.113839876,"Screening"
"N#Cc1cccc(CN(C(=O)CCl)[C@@H](CO)C2CCCCC2)c1",334.144805656,"Screening"
"O=C(CCl)N(Cc1cnn(-c2ccccc2)n1)Cc1ccco1",330.08835339999996,"Screening"
"CC(O)CNC(=O)c1n[nH]cc1NC(=O)CCl",260.067617956,"Screening"
"CC(C)n1ncc(N(Cc2scnc2C2CC2)C(=O)CCl)n1",339.092058876,"Screening"
"CCN1CC(N(Cc2cc(OC)ns2)C(=O)CCl)CCC1=O",345.09139017999996,"Screening"
"Cc1cnn(C)c1CN(Cc1cccc2c1COCC2)C(=O)CCl",347.14005462399996,"Screening"
"CC[C@@H]1C[C@H]1CN(Cc1ccc(C#N)cc1OC)C(=O)CCl",320.129155592,"Screening"
"COc1ccc2c(c1)CCC2N(Cc1cnn(C)c1)C(=O)CCl",333.12440455999996,"Screening"
"Cn1nc(-c2ccccc2)cc1CN(C(=O)CCl)[C@@H]1COC[C@H]1O",349.11931917999993,"Screening"
"O=C(CCl)N(Cc1ccccc1Cl)[C@H]1COC[C@@H]1O",303.0428987,"Screening"
"CCOC(=O)c1nnc2ccccc2c1NC(=O)CCl",293.056718924,"Screening"
"COC(=O)c1nnn(Cc2ccccc2)c1NC(=O)CCl",308.067617956,"Screening"
"C=CS(=O)(=O)NCc1ccnc(F)c1",216.036876748,"Screening"
"CC(=O)N1CCCN(C2CN(C(=O)c3ccc(B(O)O)c(C=O)c3)CC2C)CC1",401.21220139599995,"Screening"
"CC(C)c1noc(CC2(O)CCCN(C(=O)c3ccc(B(O)O)c(C=O)c3)C2)n1",401.17581588799993,"Screening"
"O=Cc1cc(C(=O)N2CC3(C=Cc4ccccc4O3)C2)ccc1B(O)O",349.11215301199996,"Screening"
"Cc1noc(C2COCCN2C2CN(C(=O)c3ccc(B(O)O)c(C=O)c3)C2)n1",400.155414792,"Screening"
"O=Cc1cc(C(=O)N[C@H]2CCOC[C@H]2Nc2ccncn2)ccc1B(O)O",370.144850108,"Screening"
"CC1(CNC(=O)c2ccc(B(O)O)c(C=O)c2)NC(=O)c2ccccc21",352.123052044,"Screening"
"CC(NC(=O)c1ccc(B(O)O)c(C=O)c1)C1(n2cc(Br)cn2)CC1",405.04954852400004,"Screening"
"COc1cc(C2CN(C(=O)c3ccc(B(O)O)c(C=O)c3)CCO2)ccc1F",387.12894594799997,"Screening"
"O=Cc1cc(C(=O)NC[C@H]2C[C@@]23CCCc2ccccc23)ccc1B(O)O",363.164188584,"Screening"
"COc1ccc(Cl)cc1C(O)CNC(=O)c1ccc(B(O)O)c(C=O)c1",377.08374534399996,"Screening"
"NC(=O)c1cc(CNC(=O)c2ccc(B(O)O)c(C=O)c2)n2c1CCCC2",369.14960114,"Screening"
"COC(=O)c1ccc2n1CCN(C(=O)c1ccc(B(O)O)c(C=O)c1)C21CCC1",396.14926679199993,"Screening"
"Cc1ccc(C(NC(=O)c2ccc(B(O)O)c(C=O)c2)C2CC2)nc1",338.14378748800004,"Screening"
"COc1cccc(C2CCN(C(=O)c3ccc(B(O)O)c(C=O)c3)C2(C)C)c1",381.17475326799996,"Screening"
"CN(Cc1cnc2ccc(Cl)cn12)C(=O)c1ccc(B(O)O)c(C=O)c1",371.08441403999996,"Screening"
"O=Cc1cc(C(=O)N2CC=C(n3c(=O)[nH]c4ccccc43)CC2)ccc1B(O)O",391.13395107599996,"Screening"
"O=Cc1cc(C(=O)N2CCC3CN(C(=O)C(F)(F)F)CC3C2)ccc1B(O)O",398.126086736,"Screening"
"N#Cc1nc(C2CC2)oc1N1CCN(C(=O)c2ccc(B(O)O)c(C=O)c2)CC1",394.14485010799996,"Screening"
"N#Cc1nc(NC(=O)c2ccc(B(O)O)c(C=O)c2)[nH]c1C#N",309.06693413600004,"Screening"
"Cc1nn(C)c2ncc(COc3ccc(B(O)O)c(C=O)c3)cc12",325.123386392,"Screening"
"C=CS(=O)(=O)N1CCCC(c2ccccc2)C1",251.097999784,"Screening"
"C=CC(=O)NC(C)(C)CC(C)(NCCc1ccc(OCC)c(OC)c1)c1nnnn1CCSC",490.27261007600003,"Screening"
"C=CC(=O)NC(C)(C)CC(C)(NCC(CC)CC)c1nnnn1CC1CCOC1",406.30562445600003,"Screening"
"C=CC(=O)NC(C)(C)CC(C)(NCCCOC(=O)NC)c1nnnn1C(C)CC",409.2801379800001,"Screening"
"C=CC(=O)N(C)CCCN(C)C(C(=O)Nc1ccc(F)cc1)c1cnccn1",385.191403228,"Screening"
"C=CC(=O)N1CCC(CNC2(c3nnnn3CCOC)CC(C(N)=O)C2)CC1",391.233187788,"Screening"
"C=CC(=O)Nc1ccc(C(NCc2c(C)cccc2OC)c2nnnn2-c2ccc3c(c2)OCO3)cc1",498.20155331200004,"Screening"
"C=CC(=O)Nc1ccc(C(NC[C@@]2(CO)C[C@H]2C(F)(F)F)c2nnnn2CCC)cc1",438.1991087000001,"Screening"
"C=CC(=O)Nc1ccc(C(NCC(C)n2cccn2)c2nnnn2C2CC(F)(F)C2)cc1",442.20411382800006,"Screening"
"C=CC(=O)N1CCCC(NC(c2ccc(OC)cc2Cl)c2nnnn2CC2CC2)C1",430.1884017840001,"Screening"
"C=CC(=O)N1CCCC(NC(c2nnnn2CCOCC)C2(C)CCCCC2)C1",404.289974392,"Screening"
"C=CC(=O)N1CCC(CNC(c2cnc(C)c(C)c2)c2nnnn2CCCSC)CC1",443.2467296760001,"Screening"
"C=CC(=O)N1CCC(CNC(C)(COCCOC)c2nnnn2C2CC2)CC1",392.25358888400007,"Screening"
"C=CC(=O)NCCNC(c1cncc(OC)c1C)c1nnnn1-c1ccccc1OC",423.20188766000007,"Screening"
"C=CC(=O)NCCNC(c1c2c(nn1C)CCCC2)c1nnnn1-c1ccc2c(c1)CCC2",446.25425758000006,"Screening"
"C=CC(=O)NCCNC(c1nc(C(F)(F)F)cs1)c1nnnn1C(C)C",389.12456385600007,"Screening"
"C=CC(=O)NCCNC1(c2nnnn2C(C)(C)C)CC2CCC(C1)N2S(C)(=O)=O",425.2209088519999,"Screening"
"C=CS(=O)(=O)N1Cc2c(F)ccc(C(=O)OC)c2C1",285.047107084,"Screening"
"C=CS(=O)(=O)N(C)Cc1cc(F)ccc1C",243.072927908,"Screening"
"C=CS(=O)(=O)N1CCCC[C@@H]1c1ccon1",242.072513308,"Screening"
"C=CS(=O)(=O)NCCc1cnc(C2CC2)nc1",253.08849772,"Screening"
"C=CS(=O)(=O)NCCOc1ccc(Br)nc1",305.96737531200006,"Screening"
"C=CS(=O)(=O)NCc1cc2ccnc(Cl)c2o1",272.002240828,"Screening"
"C=CS(=O)(=O)NCc1cc(COC)cs1",247.033685276,"Screening"
"C=CS(=O)(=O)N[C@@H](CO)c1ccc(F)cc1",245.052192464,"Screening"
"C=CS(=O)(=O)N(C)Cc1ccc(Cl)cc1F",263.018305492,"Screening"
"C=CS(=O)(=O)NCCc1ccc(Cl)c(F)c1",263.018305492,"Screening"
"C=CS(=O)(=O)NCc1cc(C)cnc1F",230.052526812,"Screening"
"C=CS(=O)(=O)NCCc1nc(C(C)C)cs1",260.065319752,"Screening"
"C=CS(=O)(=O)NCc1cc(Br)ccc1OC",304.97212634399995,"Screening"
"C=CS(=O)(=O)N[C@H]1C[C@H](c2ccc(C(=O)OC)cc2)C1",295.08782902400003,"Screening"
"C=CS(=O)(=O)N1CC2C(CC1(C)C)C2(F)F",251.07915616,"Screening"
"C=CS(=O)(=O)NCC(CC(C)(C)C)OC",235.124214532,"Screening"
"C=CS(=O)(=O)N1[C@H](CC)CC[C@@H]1C",203.097999784,"Screening"
"C=CS(=O)(=O)NC[C@]12CCC[C@H]1CCO2",231.092914404,"Screening"
"C=CS(=O)(=O)NCc1nc(C(C)C)cs1",246.049669688,"Screening"
"C=CS(=O)(=O)NC(C#N)(CC)CC",202.077598688,"Screening"
"C=CS(=O)(=O)N1CC2(CCC(C)OC2)C1",231.092914404,"Screening"
"O=C(CC[C@@H]1CCCCN1C(=O)CCl)N1CCCC1",286.144805656,"Screening"
"CCn1cc(N(C)C(=O)[C@H]2CCCN(C(=O)CCl)C2)cn1",312.13530359200007,"Screening"
"O=C(Nc1ccn2nccc2c1)[C@@H]1CCCN1C(=O)CCl",306.0883534,"Screening"
"COc1ccc(CNC(=O)[C@H]2CN(C(=O)CCl)CCN2S(=O)(=O)c2ccc(OC)cc2)cc1",495.1230842319999,"Screening"
"CC(=O)Nc1c(C)ccc(NC(=O)[C@H]2C[C@H](F)CN2C(=O)CCl)c1C",369.12554743199996,"Screening"
"O=C(Nc1cccn(C2CC2)c1=O)[C@H]1Cc2ccccc2CN1C(=O)CCl",385.11931918,"Screening"
"O=Cc1ccc(OCC(=O)N2CCCc3ccccc32)cc1B(O)O",339.12780307599996,"Screening"
"COc1cc(C=O)c(B(O)O)cc1OCc1cc(-c2ccccc2)on1",353.107067632,"Screening"
"N#CC(=Cc1ccc(O)cc1)C(=O)NCCc1c(F)cccc1F",328.102334128,"Screening"
"Cc1cc(C=C(C#N)C(=O)Nc2nccs2)cc(C)c1O",299.07284765599996,"Screening"
"COCCNC(=O)C(C#N)=Cc1cc(OC)c(O)c(OC)c1",306.121571676,"Screening"
"CC(NC(=O)C(C#N)=Cc1cc(Br)ccc1O)c1ccccc1",370.03168982,"Screening"
"COc1cc(C=C(C#N)C(=O)NCc2ccc(Cl)cc2)cc(Br)c1O",419.98763208799994,"Screening"
"CCOC(=O)c1c(NC(=O)C(C#N)=Cc2cc(Br)c(O)c(OC)c2)sc(C)c1C",478.01980480799995,"Screening"
"C=CS(=O)(=O)Nc1ccc(F)cc1",201.025977716,"Screening"
"C=CS(=O)(=O)c1ccc([N+](=O)[O-])nc1",214.004827672,"Screening"
"O=C(CCl)NCCCCn1ccnc1",215.082539748,"Screening"
"O=Cc1cn(-c2cccc(Br)c2)nn1",250.969423912,"Screening"
"C=CS(=O)(=O)N(C)Cc1scnc1C",232.034019624,"Screening"
"O=Cc1nc(-c2cc(Cl)ccc2Cl)cs1",256.94689014,"Screening"
"COc1ccc2nc(O)c(C=O)cc2c1",203.058243148,"Screening"
"Cc1ncc(C=O)n1-c1ccc(Br)cc1",263.989825008,"Screening"
"CC(C)(C)OC(=O)N1CCN(C#N)CC1",211.132076784,"Screening"
"C=CS(=O)(=O)N(C)Cc1cccc(Br)c1",288.977211724,"Screening"
"Cc1nn(-c2cccc(Cl)c2)c(Cl)c1C=O",254.001368236,"Screening"
"CCCN(C(=O)C(C)Cl)C1CCS(=O)(=O)C1",267.069592116,"Screening"
"CS(=O)(=O)Nc1cccc(NC(=O)CCl)c1",262.017890892,"Screening"
"O=Cc1ccc(COc2ccc(Br)cc2)o1",279.97350624800004,"Screening"
"O=Cc1ccc(COc2ccccc2Br)o1",279.97350624800004,"Screening"
"CC(C)(C)c1[nH]c2ccc(Br)cc2c1C=O",279.02587616799997,"Screening"
"O=Cc1cn(CC(=O)O)c2ccc(Br)cc12",280.968755216,"Screening"
"O=CC1(c2ccccc2)CCN(Cc2ccccc2)CC1",279.162314292,"Screening"
"COc1ccc(C=C(C#N)C(N)=O)cc1OCc1ccccc1",308.116092372,"Screening"
"CC(Cl)C(=O)Nc1ncc(C(F)(F)F)cc1Cl",285.988752864,"Screening"
"COc1cc(CN(C)C(=O)CCl)cc(OC)c1",257.081871052,"Screening"
"O=Cc1csc(-c2ccc(C(F)(F)F)cc2)n1",257.012219472,"Screening"
"O=Cc1ccccc1S(=O)(=O)N1CCOCC1",255.056528896,"Screening"
"O=Cc1ccc(COc2ccc(Cl)cc2Cl)o1",269.985049476,"Screening"
"CC(=O)N(c1nc(C=O)cs1)c1ccccc1F",264.036876748,"Screening"
"O=Cc1cn(-c2ccccc2)nc1-c1cccs1",254.05138394,"Screening"
"CC(C)(C)n1cc(C=O)c(-c2ccccc2Cl)n1",262.08729078,"Screening"
"O=Cc1ccc(-c2ccc(Cl)cc2C(F)(F)F)s1",289.977998152,"Screening"
"CC(Cl)C(=O)Nc1cnc2c(cnn2C(C)C)c1",266.09343878,"Screening"
"COc1ccc(C=O)cc1CN1CCCCCC1",247.157228912,"Screening"
"CC(=O)N(c1ccc(Cl)cc1)c1nc(C=O)cs1",280.007326208,"Screening"
"CN1CCN(CCOc2ccc(C=O)cc2)CC1",248.15247788,"Screening"
"CC(Cl)C(=O)NCC(=O)Nc1ccc(F)c(F)c1F",294.0382899,"Screening"
"COc1ccc(-c2nn(CCC#N)cc2C=O)cc1",255.100776656,"Screening"
"O=Cc1cn(CCC(=O)O)nc1-c1cccc(Br)c1",321.99530431200003,"Screening"
"CC(Cl)C(=O)Nc1ccccc1Sc1ccccc1",291.04846274799996,"Screening"
"Cc1nn(-c2ccccc2)c(C)c1NC(=O)C(C)Cl",277.098189812,"Screening"
"O=C(CCl)Nc1c2c(nn1-c1ccccc1)CCC2",275.082539748,"Screening"
"O=C(CCl)Nc1cc(-c2ccccc2)nn1CCO",279.07745436799996,"Screening"
"O=Cc1sc(N2CCCCC2)nc1-c1ccccc1",272.098334132,"Screening"
"Cc1cc(OCc2ccc(C=O)o2)ccc1[N+](=O)[O-]",261.06372245200004,"Screening"
"Cc1c(C=O)c2ccccn2c1C(=O)c1ccccc1",263.094628656,"Screening"
"O=Cc1cn(-c2ccccc2)nc1-c1ccc(F)cc1",266.085541192,"Screening"
"O=Cc1cn(Cc2c(Cl)cccc2Cl)c2ccccc12",303.021769332,"Screening"
"CCOC(=O)c1c(Nc2ccccc2)sc(C=O)c1Cl",309.02264192399997,"Screening"
"N#CC(=Cc1cccs1)C(=O)Nc1ccc(C(=O)O)cc1",298.04121318,"Screening"
"O=Cc1cc2ccccc2nc1Sc1nc2ccccc2s1",322.02345494,"Screening"
"CC(C)N(CC(=O)Nc1ccccc1C(F)(F)F)C(=O)CCl",336.08524009199994,"Screening"
"O=Cc1cn(-c2ccccc2)nc1-c1ccc2c(c1)OCCO2",306.10044230799997,"Screening"
"CCCCn1c(N)c(N(CCOC)C(=O)C(C)Cl)c(=O)[nH]c1=O",346.140782896,"Screening"
"CCN(CC)S(=O)(=O)c1ccc(N2CCCCC2)c(NC(=O)CCl)c1",387.138340372,"Screening"
"N#Cc1c(CN2CCOCC2)c(C=O)n2ccccc12",269.11642672,"Screening"
"CCOC(=O)c1sc(N(Cc2ccccc2)C(=O)COC(=O)c2cccnc2Cl)nc1C",473.08121941999997,"Screening"
"COc1cccc(C=C(C#N)C(=O)N2CCCC(C(N)=O)C2)c1",313.142641468,"Screening"
"Cc1cccc(C)c1NC(=O)C(C#N)=Cc1ccccc1OCC(=O)O",350.1266570559999,"Screening"
"CC(C)[C@H](NS(=O)(=O)C=Cc1ccccc1)C(=O)OCCOc1ccc(S(N)(=O)=O)cc1",482.1181431719999,"Screening"
"CS(=O)(=O)Nc1cc(C(=O)Nc2ccc(N3CCC3=O)cc2)ccc1Cl",393.055004672,"Screening"
"Cc1cc(C(=O)COC(=O)c2nc(Cl)ccc2Cl)c(C)n1CC1COc2ccccc2O1",474.07492709999997,"Screening"
"N#CC(=Cc1cccc(F)c1F)C(=O)NCc1ccccc1",298.09176944399997,"Screening"
"C=CC(=O)N1CCC(C(=O)N2CCOCC2c2nc3ccccc3s2)CC1",385.14601259600005,"Screening"
"O=C(CCc1nnc(-c2ccc(Cl)cc2)o1)NCc1cccc(N2CCC2=O)c1",410.11456814800005,"Screening"
"CCN(C#N)c1ccc(F)c(C#N)c1",189.070225476,"Screening"
"N#Cc1cc(N(C#N)CC2CCN(C(=O)c3ccccc3)C2)ccc1F",348.13863938400004,"Screening"
"CC1(C)C(=O)N(CN2CCC(OCC3CCCO3)CC2)C1(C)C",324.241292884,"Screening"
"Cc1ccc(C=CS(=O)(=O)NC2CCOC(c3cncn3C)C2)cc1",361.14601259600005,"Screening"
"COCCCNC(=O)C(C#N)=Cc1cc(Cl)c2c(c1)OCO2",322.07203463999997,"Screening"
"COCCCCN1C(=O)C(n2nnc3ccccc32)C1c1ccc(F)cc1",368.164854132,"Screening"
"CCCn1c(C)cc(C=C(C#N)C(=O)Nc2cnc(C(C)(C)C)nc2)c1C",365.22156048400007,"Screening"
"Cc1cccc(Cn2nccc2NC(=O)C2CCN(S(=O)(=O)c3cccnc3Cl)CC2)c1",473.12883830799996,"Screening"
"Cc1n[nH]c(C)c1C=C(C#N)C(=O)Nc1cccc(S(=O)(=O)N2CCCCC2)c1",413.152160596,"Screening"
"N#CC(=Cc1csc(-c2ccccn2)n1)C(=O)Nc1cc(Cl)ccc1Cl",399.9952373,"Screening"
"COCCn1c(C)cc(C=C(C#N)C(=O)NCc2ccccc2OC(F)(F)F)c1C",421.16132622399994,"Screening"
"Cc1ccc(C)c(-c2csc(NC(=O)C(C#N)=Cc3c(C)n[nH]c3C)n2)c1",377.1310312280001,"Screening"
"N#CC(=Cc1cnn(-c2ccc(Cl)cc2)c1)C(=O)NC1CCCC1",340.10908884400004,"Screening"
"CCCN(C(=O)c1nc(Cl)ccc1Cl)c1cccc(NC(=O)c2nc(Cl)ccc2Cl)c1",496.002736472,"Screening"
"Cc1cc(C=C(C#N)C(=O)Nc2cnn(C)c2)c(C)n1C1CCCCC1",351.20591042,"Screening"
"COCCn1c(C)cc(C=C(C#N)C(=O)Nc2ncc(C)s2)c1C",344.13069687999996,"Screening"
"CCOC(=O)c1nn(-c2ccccc2)cc1C=C(C#N)C(=O)NC1CC1",350.13789043599996,"Screening"
"COCCn1c(C)cc(C=C(C#N)C(=O)NC2CCOCC2)c1C",331.18959166,"Screening"
"COc1ccc(NC(=O)C(C#N)=CN2CCN(c3ccc(F)cc3)CC2)cc1",380.164854132,"Screening"
"COc1ccc(OCC(=O)NCc2cccs2)c(C=O)c1",305.07217896,"Screening"
"Cc1cc(C(=O)COC(=O)c2cnc(Cl)c(Cl)c2)c(C)n1-c1ccc(S(N)(=O)=O)cc1",481.02659700400005,"Screening"
"COc1ccc(C=O)cc1OCC(=O)N1CCN(c2ccccc2)CC1",354.157957184,"Screening"
"COc1ccc(C=O)cc1OCC(=O)c1cc(C)n(C)c1C",301.131408088,"Screening"
"COc1ccc(S(=O)(=O)NC(=O)C(C#N)=Cc2ccco2)c(OC)c1",362.0572571679999,"Screening"
"N#CC(=Cc1ccco1)C(=O)NS(=O)(=O)c1ccc2c(c1)OCCCO2",374.0572571679999,"Screening"
"O=C(COC(=O)c1cccnc1Cl)Nc1cc(S(=O)(=O)N2CCOCC2)ccc1Cl",473.02151162399997,"Screening"
"COc1ccc(CNC(=O)C(C#N)=CN2CCN(c3ccccc3)CC2)cc1",376.189926008,"Screening"
"N#CC(=CN1CCN(c2cccc(Cl)c2)CC1)C(=O)NCCc1ccccc1",394.15603903600004,"Screening"
"CCOC(=O)N1CCN(C=C(C#N)C(=O)Nc2ccc(F)cc2)CC1",346.144118688,"Screening"
"CC1(C)C(=O)NC1C1CCN(c2ccc(S(C)(=O)=O)cn2)CC1",337.14601259600005,"Screening"
"O=C(CNS(=O)(=O)C=Cc1ccccc1)OCc1nnc(-c2ccccc2)o1",399.08889164400006,"Screening"
"CCc1cccc(N(C#N)Cc2cccc(C(=O)N(C)C)c2)c1",307.168462292,"Screening"
"N#CC(=CN1CCC(C(N)=O)CC1)C(=O)NCCc1ccccc1",326.174275944,"Screening"
"O=Cc1ccccc1OCCOc1ccc(Cl)c2cccnc12",327.06622098800005,"Screening"
"O=Cc1cc(Cl)ccc1OCCCn1cnc2ccccc2c1=O",342.07712002,"Screening"
"CCOc1cc(C=O)ccc1OCc1cc(=O)n2cc(C)ccc2n1",338.126657056,"Screening"
"COc1cccc(C=CC(=O)Nc2ccc(N3CCC3=O)cc2)c1OC(F)F",388.12346349599994,"Screening"
"CCn1c(NC(=O)CN(C)S(=O)(=O)C=Cc2ccccc2)nc2ccccc21",398.14126156400005,"Screening"
"Cc1noc(C)c1CN(Cc1ccccc1Cl)S(=O)(=O)C=Cc1ccccc1",416.09614121199996,"Screening"
"CCCN(CC(=O)NCCc1ccc(F)cc1)S(=O)(=O)C=Cc1ccccc1",404.15699187999996,"Screening"
"Cc1ccc2nc(COc3ccc4ccccc4c3C=O)cc(=O)n2c1",344.11609237199997,"Screening"
"CCC(CC)c1nnc(NC(=O)c2cc(C=O)[nH]c2C)s1",306.11504681599996,"Screening"
"O=S(=O)(F)c1ccc(S(=O)(=O)Nc2ccsc2)cc1",320.959948956,"Screening"
"COc1ccc(Br)cc1CN(C)C(=O)CNS(=O)(=O)C=Cc1ccccc1",452.040540252,"Screening"
"CCCn1c(C)cc(C=C(C#N)C(=O)N(Cc2ccccc2)c2nc3ccc(OC)cc3s2)c1C",484.19329713599996,"Screening"
"Cc1ccc(-n2c(C)cc(C=C(C#N)C(=O)N3CCCCC3)c2C)cc1",347.19976242,"Screening"
"N#CC(=Cc1csnn1)C(=O)Nc1cccc(S(=O)(=O)N2CCCCC2)c1",403.07728140399996,"Screening"
"O=Cc1c[nH]c(C(=O)N2CCCCC2Cc2ccccc2)c1",296.15247788,"Screening"
"CC(NC(=O)C(NS(=O)(=O)C=Cc1ccccc1)C(C)C)c1cccc(C(F)(F)F)c1",454.15379832,"Screening"
"CC(NC(=O)CN(C)S(=O)(=O)C=Cc1ccccc1)c1ccc(-n2ccnc2)cc1",424.15691162800005,"Screening"
"O=C(CN1C(=O)NC2(CCc3ccccc32)C1=O)N1CCN(S(=O)(=O)C=Cc2ccccc2)CC1",494.16239093199994,"Screening"
"O=C(c1cc2c(s1)CCCCC2)N1CCN(S(=O)(=O)C=Cc2ccccc2)CC1",430.13848469199996,"Screening"
"O=C(c1n[nH]c(=O)c2ccccc12)N1CCN(S(=O)(=O)C=Cc2ccccc2)CC1",424.12052611999997,"Screening"
"CCN(C(=O)COC(=O)CCn1nc(C)c(C=O)c1C)c1nc2ccccc2s1",414.136176184,"Screening"
"COC(=O)C(Cc1ccccc1)NC(=O)COc1ccc(C=O)cc1",341.126322708,"Screening"
"Cc1cc(C=C(C#N)C(=O)Nc2cccc3ncccc23)c(C)n1-c1ccc(Cl)cc1",426.12473890800004,"Screening"
"O=S(=O)(C=Cc1ccccc1)N1CCN(c2nnnn2-c2ccccc2)CC1",396.13684488,"Screening"
"COc1cc(C=O)ccc1Oc1nc(C)nc2sc3c(c12)CCC3",340.088163372,"Screening"
"COc1cc(C=O)ccc1Oc1ncnc2c1oc1ccccc12",320.079706864,"Screening"
"CCN1CCN(C=C(C#N)C(=O)Nc2cccc(Cl)c2)CC1",318.124738908,"Screening"
"CC(=O)c1ccc(N2CCN(CN3C(=O)CC3c3ccccc3)CC2)c(F)c1",381.18525522799996,"Screening"
"CCS(=O)(=O)Nc1ccc(NC(=O)C(C#N)=Cc2cc(C)n(C(C)COC)c2C)cc1",444.183126376,"Screening"
"COCC(C)n1c(C)cc(C=C(C#N)C(=O)Nc2ccc3c(c2)OC(F)(F)O3)c1C",417.15001259199994,"Screening"
"COc1ccc(NS(=O)(=O)c2ccc(Cl)c(NC(=O)C(C)NS(=O)(=O)C=Cc3ccccc3)c2)cc1",549.079505168,"Screening"
"CCOc1cc(C=O)ccc1OCCCCN1CCOCC1",307.17835828,"Screening"
"CC(NS(=O)(=O)C=Cc1ccccc1)C(=O)N1CCN(c2ccccc2Cl)CC1",433.122690308,"Screening"
"CCOc1cc(C=O)ccc1OCCCN1C(=O)NC(C)(C)C1=O",334.152871804,"Screening"
"CCc1cccc(N(C#N)CCCN2C(=O)CNC2=O)c1",286.142975816,"Screening"
"Cc1nn(Cc2ccc(F)cc2)c(Cl)c1C=C(C#N)C(=O)NCc1ccccc1",408.115317096,"Screening"
"Cc1ccccc1NC(=O)C(C#N)=Cc1ccccc1C(F)(F)F",330.097997696,"Screening"
"N#CC(=Cc1ccc(OC(F)F)cc1)C(=O)Nc1cc(C(F)(F)F)ccc1Cl",416.03509634,"Screening"
"COc1ccc(C=C(C#N)C(=O)Nc2cc(C(F)(F)F)ccc2Cl)c(OC)c1OC",440.07506933199994,"Screening"
"N#CC(=Cc1cc(Br)cs1)C(=O)NCc1ccccc1",345.97754607200005,"Screening"
"COc1ccc(C(=O)Oc2ccc(C=C(C#N)C(N)=O)cc2OC)cc1",352.105921612,"Screening"
"N#CC(=Cc1ccc(N(c2ccccc2)c2ccccc2)cc1)C(=O)Nc1cc(C(F)(F)F)ccc1Cl",517.116874568,"Screening"
"COc1ccc(C=C(C#N)C(=O)Nc2cc(C(F)(F)F)ccc2Cl)cc1O",396.04885458399997,"Screening"
"N#CC(=Cc1ccccc1OC(F)F)C(=O)NCc1ccc(Cl)cc1",362.063361776,"Screening"
"N#CC(=Cc1cn(-c2ccccc2)nc1-c1cccc(Br)c1)C(N)=O",392.027273136,"Screening"
"CC(C)(C)c1ccc(C=C(C#N)C(=O)Nc2cc(C(F)(F)F)ccc2Cl)cc1",406.10597553599996,"Screening"
"N#CC(=Cc1ccc(N2CCOCC2)cc1)C(=O)NCc1ccc(Cl)cc1",381.12440455999996,"Screening"
"N#CC(=Cc1cccc([N+](=O)[O-])c1)C(=O)Nc1ccc(Cl)cc1",327.04106886,"Screening"
"N#CC(=Cc1cccc2ccccc12)C(=O)Nc1ncc(Cc2cc(Cl)ccc2Cl)s1",463.03128846,"Screening"
"N#CC(=Cc1cccc(O)c1)C(=O)NCc1ccc(Cl)cc1",312.066555336,"Screening"
"Cc1cc(C=C(C#N)C(N)=O)c(C)n1-c1cccc2ccccc12",315.137162164,"Screening"
"CCCCCCCCNC(=O)C(C#N)=CC=Cc1ccccc1",310.20451345199996,"Screening"
"Cc1ccc(Sc2ccc(C=C(C#N)C(=O)Nc3cc(C(F)(F)F)ccc3Cl)cc2[N+](=O)[O-])cc1",517.0474746799999,"Screening"
"CCCCCCCCNC(=O)C(C#N)=Cc1c[nH]c2ccccc12",323.19976242,"Screening"
"CCCCCCCCNC(=O)C(C#N)=Cc1ccc(OC(F)F)cc1",350.180584448,"Screening"
"N#CC(=Cc1cccc2ccccc12)C(=O)NCc1ccco1",302.10552768799994,"Screening"
"Cc1ccc(C=C(C#N)C(=O)Nc2ncc(Cc3cc(Cl)ccc3Cl)s2)s1",432.987709396,"Screening"
"CCCCCCCCNC(=O)C(C#N)=Cc1ccc(-c2ccccc2)cc1",360.22016351599996,"Screening"
"N#CC(=Cc1ccccc1[N+](=O)[O-])C(=O)NCc1ccco1",297.074955832,"Screening"
"N#CC(=Cc1cc2ccccc2nc1N1CCCCC1)C(N)=O",306.148061196,"Screening"
"CCCCCCCCNC(=O)C(C#N)=Cc1ccc(C)cc1C",312.22016351599996,"Screening"
"CC(NC(=O)C(C#N)=Cc1ccc(C(F)(F)F)cc1)c1ccccc1",344.11364776,"Screening"
"N#CC(=Cc1ccc(OC(F)F)cc1)C(=O)NCc1ccccc1",328.102334128,"Screening"
"CC(NC(=O)C(C#N)=Cc1ccc(Cl)c([N+](=O)[O-])c1)c1ccccc1",355.072368988,"Screening"
"Cc1cccc(C=C(C#N)C(=O)NC(C)c2ccccc2)c1",290.14191319599996,"Screening"
"CN1C(=CC=C(C#N)C(=O)Nc2ccccc2F)C(C)(C)c2ccccc21",361.15904048,"Screening"
"COC(=O)c1ccc(C=C(C#N)C(=O)NC(C)c2ccccc2)cc1",334.131742436,"Screening"
"COC(=O)c1ccc(COc2ccc(C=C(C#N)C(=O)NCc3ccccc3)cc2)cc1",426.157957184,"Screening"
"COCCNC(=O)C(C#N)=Cc1cccc(Oc2ccccc2)c1",322.131742436,"Screening"
"CC(NC(=O)C(C#N)=Cc1ccccc1OCc1ccccc1)c1ccccc1",382.168127944,"Screening"
"N#CC(=Cc1ccc(OC(F)F)cc1)C(=O)Nc1cccc(C(F)(F)F)c1",382.074068692,"Screening"
"N#CC(=Cc1ccc([N+](=O)[O-])cc1)C(=O)Nc1ccc(SC(F)F)cc1",375.04891865200005,"Screening"
"N#CC(=Cc1cc2c(cc1[N+](=O)[O-])OCO2)C(=O)Nc1cccc(C(F)(F)F)c1",405.05725508,"Screening"
"N#CC(=Cc1ccc(N(c2ccccc2)c2ccccc2)cc1)C(=O)Nc1cccc(C(F)(F)F)c1",483.15584692,"Screening"
"N#CC(=Cc1ccc(-c2ccc(F)cc2)o1)C(=O)Nc1cccc(C(F)(F)F)c1",400.083490504,"Screening"
"COC(=O)c1ccc(COc2ccc(C=C(C#N)C(=O)Nc3cccc(C(F)(F)F)c3)cc2OC)cc1",510.140256432,"Screening"
"CCOc1cc2c(cc1C=C(C#N)C(=O)NCCCOC)OC(C)C2",344.173607248,"Screening"
"N#CC(=Cc1ccc(-c2cccc([N+](=O)[O-])c2)o1)C(=O)NC1CCCCC1",365.13755608800005,"Screening"
"Cc1ccccc1-n1c(C)cc(C=C(C#N)C(=O)NCC2CCCO2)c1C",363.19467704,"Screening"
"Cc1ccc(NC(=O)C(C#N)=Cc2ccccc2C(F)(F)F)cc1",330.097997696,"Screening"
"N#CC(=Cc1cc(Br)c2c(c1)OCO2)C(=O)NCC1CCCO1",378.02151906,"Screening"
"COc1cc(C=C(C#N)C(=O)NC(C)C)cc(OC)c1OC",304.14230712,"Screening"
"N#CC(=Cc1cccc2ccccc12)C(=O)Nc1ccc(S(N)(=O)=O)cc1",377.08341234,"Screening"
"N#CC(=Cc1ccccc1OCC(=O)O)C(=O)Nc1ccc(F)c(Cl)c1",374.046962764,"Screening"
"CC1CCCCC1NC(=O)C(C#N)=Cc1cccc(Oc2ccc(Cl)cc2)c1",394.144805656,"Screening"
"N#CC(=Cc1ccsc1)C(=O)Nc1cccc2ccccc12",304.067034004,"Screening"
"N#CC(=Cc1ccc(N2CCCCCC2)cc1)C(=O)NCC1CCCO1",353.210327104,"Screening"
"N#CC(=Cc1cc2c(cc1[N+](=O)[O-])OCO2)C(=O)Nc1cccc(Cl)c1",371.0308981,"Screening"
"CCOc1ccccc1NC(=O)C(C#N)=Cc1c(C)[nH]c2ccccc12",345.147726848,"Screening"
"C=CCOc1c(Br)cc(C=C(C#N)C(=O)NC(C)C)cc1OCC",392.073554632,"Screening"
"CC1CCCCC1NC(=O)C(C#N)=Cc1cn(-c2ccccc2)nc1-c1cccs1",416.16708238800004,"Screening"
"COc1cc(C=C(C#N)C(=O)NC2CCCCC2C)ccc1OC(=O)c1cccs1",424.14567824799997,"Screening"
"Cc1cc(C)c(NC(=O)C(C#N)=Cc2ccc(Sc3ncccn3)c([N+](=O)[O-])c2)c(C)c1",445.12086046800005,"Screening"
"CCOC(=O)c1ccc(NC(=O)C(C#N)=Cc2cccc3ccccc23)cc1",370.131742436,"Screening"
"CCOC(=O)c1ccc(NC(=O)C(C#N)=Cc2ccc(Cl)cc2)cc1",354.07712002,"Screening"
"COc1ccc(C(=O)Oc2ccc(C=C(C#N)C(=O)NC3CCCCC3C)cc2OC)cc1OC",478.21038667999994,"Screening"
"COc1ccc(N(C(C)=O)c2nc(C=C(C#N)C(=O)Nc3cc(C)c(Cl)cc3OC)cs2)cc1",496.097203832,"Screening"
"N#CC(=Cc1ccc(-c2ccc(F)cc2)o1)C(=O)NCCc1ccccc1",360.127406004,"Screening"
"COc1ccc(CCNC(=O)C(C#N)=Cc2cccc3ccccc23)cc1OC",386.16304256399997,"Screening"
"N#CC(=Cc1ccc(-c2ccccc2Cl)o1)C(=O)N1CCCCC1",340.097855464,"Screening"
"Cc1cc(C=C(C#N)C(=O)Nc2cccc(Cl)c2)c(C)n1-c1cc(C(F)(F)F)ccc1Cl",477.06225215200004,"Screening"
"CCOC(=O)c1ccc(NC(=O)C(C#N)=Cc2ccc(C#N)cc2)cc1",345.1113413400001,"Screening"
"CCN(CC)c1ccc(C=C(C#N)C(=O)Nc2ccc(C(=O)O)cc2)cc1",363.15829153199996,"Screening"
"N#CC(=Cc1c(F)cccc1Cl)C(=O)Nc1ccc(C(=O)O)cc1",344.03639807999997,"Screening"
"COc1ccc(CCNC(=O)C(C#N)=Cc2ccc(C#N)cc2)cc1OC",361.142641468,"Screening"
"CCOc1cc(C=C(C#N)C(=O)Nc2c(C)cc(C)cc2C)cc(Br)c1OCC(=O)N(C)C",513.126318476,"Screening"
"N#CC(=Cc1ccc(OC(F)F)cc1)C(=O)Nc1ccc(C(=O)O)cc1",358.07651330399995,"Screening"
"COCCCNC(=O)C(C#N)=Cc1ccc(-c2ccccc2Cl)o1",344.092770084,"Screening"
"COc1cc(C=C(C#N)C(=O)NC2CCCCC2C)ccc1OS(=O)(=O)c1ccc(C)cc1",468.1718929959999,"Screening"
"COc1cc(Cl)c(C)cc1NC(=O)C(C#N)=Cc1ccc(C(C)C)cc1",368.129155592,"Screening"
"CC(C)Oc1ccccc1C=C(C#N)C(=O)NCCc1ccccc1",334.168127944,"Screening"
"N#CC(=Cc1ccc(N2CCCCC2)c([N+](=O)[O-])c1)C(=O)NCCc1ccccc1",404.184840628,"Screening"
"N#CC(=Cc1ccccc1C(F)(F)F)C(=O)Nc1ccccc1Cl",350.04337527999996,"Screening"
"COc1cc(C=C(C#N)C(=O)NCC2CCCO2)ccc1OC(=O)c1cc(OC)c(OC)c(OC)c1",496.1845658559999,"Screening"
"N#CC(=Cc1ccc(Cl)c([N+](=O)[O-])c1)C(=O)Nc1ccc(C(=O)O)cc1",371.03089809999994,"Screening"
"Cc1nn(-c2ccc(F)cc2)c(Cl)c1C=C(C#N)C(=O)NC1CCCCC1",386.13096715999995,"Screening"
"COc1ccc(C(=O)Oc2ccc(C=C(C#N)C(=O)NCC3CCCO3)cc2OC)cc1OC",466.1740011719999,"Screening"
"COCCCNC(=O)C(C#N)=Cc1cc(Br)ccc1F",340.022268008,"Screening"
"COc1cc(C=C(C#N)C(=O)NC2CCCCC2)ccc1OCC(=O)Nc1c(Cl)cccc1Cl",501.12221164,"Screening"
"COc1cc(C=C(C#N)C(=O)N2CCOCC2)ccc1OCc1ccccc1",378.157957184,"Screening"
"N#CC(=Cc1ccc(C(F)(F)F)cc1)C(=O)Nc1ccccc1",316.082347632,"Screening"
"COc1ccc(NC(=O)C(C#N)=Cc2ccc(Oc3ccc(C(C)(C)C)cc3)c([N+](=O)[O-])c2)cc1OC",501.189985584,"Screening"
"COc1ccc(NC(=O)C(C#N)=Cc2cc3c(cc2[N+](=O)[O-])OCO3)cc1Cl",401.0414627839999,"Screening"
"CCOC(=O)c1c(NC(=O)C(C#N)=Cc2ccco2)sc2c1CCCC2",370.09872805599997,"Screening"
"N#CC(=Cc1ccc(-c2ccc(Cl)c(Cl)c2)o1)C(=O)Nc1ncccn1",384.01808092000005,"Screening"
"COc1cccc(C2C(Oc3cccc(Cl)c3)C(=O)N2Cc2cccc(NC(C)=O)c2)c1OC",480.14519958,"Screening"
"CCc1cccc(N(C#N)CC(=O)Nc2c(C)nn(C)c2C)c1",311.174610292,"Screening"
"O=C(O)Cn1ccnc1-c1cccc(NS(=O)(=O)C=Cc2ccc(Cl)cc2)c1",417.055004672,"Screening"
"Cc1cc(C=C(C#N)C(=O)NC2CCN(Cc3ccccc3)CC2)c(C)n1C1CC1",402.24196158,"Screening"
"COCCCNC(=O)C1CCN(C(=O)c2ccc3c(C=O)n[nH]c3c2)CC1",372.17975524800005,"Screening"
"O=C(Nc1cccc(C(=O)N2CCN(S(=O)(=O)C=Cc3ccccc3)CC2)c1)c1cccs1",481.112998216,"Screening"
"C=CC(=O)Nc1ccc(C(=O)OCC(=O)N2CCC(C)CC2)cc1",330.157957184,"Screening"
"Cc1cc(C=C(C#N)C(=O)NC(C)C(N)=O)c(C)n1-c1ccccc1F",354.149204068,"Screening"
"C=CC(=O)N1CCC(C(=O)N2CCCC(CC(N)=O)CC2)CC1",321.205241724,"Screening"
"C=CC(=O)Nc1ccc(C(=O)NC(C)(C)C(=O)NCC2CCCCC2)cc1",371.220891788,"Screening"
"Cc1cc(NC(=O)C(C)Cl)ccc1NC(=O)Cn1cccn1",320.1040034640001,"Screening"
"Cc1nn(C)c(N2CCCN(C)CC2)c1CNC(=O)C(C)Cl",327.182588132,"Screening"
"Cc1ccc(C)c(Oc2ccc(CNC(=O)C(C)Cl)cn2)c1",318.113505528,"Screening"
"CC(Cl)C(=O)N1CCn2cccc2C1c1ccccc1",288.10294084400005,"Screening"
"CCc1nnc(C2Cc3ccccc3CN2C(=O)C(C)Cl)o1",319.10875449599996,"Screening"
"CC1CCC(N(CC2CCCO2)C(=O)C(C)Cl)CC1",287.16520675199996,"Screening"
"COCC(=O)Nc1cccc(CNC(=O)CCl)c1",270.07712002,"Screening"
"CC(c1cccc(S(N)(=O)=O)c1)N(C)C(=O)CCl",290.04919102,"Screening"
"CC(Cl)C(=O)NC(C)(C(N)=O)c1cccc(Cl)c1",288.043233048,"Screening"
"CC(Cl)C(=O)NCCc1nc2cc(F)ccc2s1",286.034289904,"Screening"
"Cc1ncsc1C(=O)NCCNC(=O)C(C)Cl",275.049525368,"Screening"
"O=C(CCl)Nc1cccc(NC(=O)c2ccoc2)c1",278.045819892,"Screening"
"CC(Cl)C(=O)NCC(=O)Nc1ccc2c[nH]nc2c1",280.072703336,"Screening"
"CC(Cl)C(=O)NCC(c1ccc(Cl)cc1)n1cccn1",311.05921746,"Screening"
"CC(Cl)C(=O)Nc1ccc(N2CCN(S(C)(=O)=O)CC2)nc1",346.086639148,"Screening"
"CC(Cl)C(=O)NCCCC(=O)N1CCOc2ccccc21",310.108420148,"Screening"
"CCN(CCNC(=O)C(C)Cl)c1cccc(C)c1",268.134240972,"Screening"
"O=C(CCl)N1CCN(S(=O)(=O)c2ccc(OC(F)(F)F)cc2)CC1",386.031490268,"Screening"
"CC(Cl)C(=O)NC(C)C(=O)Nc1ccc(-n2cncn2)cc1",321.099252432,"Screening"
"COc1ccc(CNC(=O)CCl)cc1COC1CCOCC1",327.12373586399997,"Screening"
"CC(Cl)C(=O)NCCCOC1CCCc2ccccc21",295.13390662399996,"Screening"
"CC(Cl)C(=O)N1CCC(n2nnc3c2CCCC3)CC1",296.140388972,"Screening"
"CS(=O)(=O)c1ccc2c(c1)CCCN2C(=O)CCl",287.038291988,"Screening"
"CC(Cl)C(=O)N(C)C1CCCN(Cc2noc(C3CC3)n2)C1",326.15095365600007,"Screening"
"CC(Cl)C(=O)Nc1cc(-c2ccccc2)nn1C(C)C",291.113839876,"Screening"
"CC(Cl)C(=O)N1CCCC1c1nc(-c2ccccc2)c(C(C)C)o1",346.144805656,"Screening"
"COc1cc(OC)cc(C(NC(=O)C(C)Cl)c2nccn2C)c1",337.11931918,"Screening"
"CC(Cl)C(=O)N1CCN(C(=O)NC2CCCCC2)CC1",301.155704688,"Screening"
"CC(Cl)C(=O)N1CC2CN(C)C(c3ccccc3)C2C1",292.13424097200004,"Screening"
"O=C(CCl)Nc1cccc(N2CCCNC2=O)c1",267.077454368,"Screening"
"CC(Cl)C(=O)N1CCc2nn(CC(=O)N3CCCC3)c(=O)cc2C1",352.130218212,"Screening"
"COC(=O)c1ccccc1CN(C#N)c1ccc(OC)cc1",296.116092372,"Screening"
"COc1ccccc1C1(CNC(=O)C(C#N)=Cc2ccco2)CCOCC1",366.15795718399994,"Screening"
"CCOC(=O)c1c(NC(C)=C(C#N)C(N)=O)sc2c1CCC(C)C2",347.13036253200005,"Screening"
"Cc1nc(-c2ccc(CNC(=O)C3CCN(S(=O)(=O)C=Cc4ccccc4)CC3)s2)cs1",487.10580466,"Screening"
"C=CC(=O)NCc1ccc(C(=O)N2CCN(Cc3ccncc3)CC2)cc1",364.189926008,"Screening"
"Cn1c(N2CCCCC2)c(C=O)c(=O)n(C)c1=O",251.126991404,"Screening"
"CCOCCCN1C(=O)C(SC)C1c1cccs1",285.085720848,"Screening"
"Cc1csc(CN(C#N)c2ccc(F)c(Br)c2)n1",324.96845860800005,"Screening"
"O=C1CCCN1Cc1ccc(-c2ccccc2CNS(=O)(=O)C=Cc2ccccc2)cc1",446.16641369199994,"Screening"
"CN(C)CCSc1ccc(NC(=O)C(C#N)=Cc2ccco2)cc1",341.11979784799996,"Screening"
"Cc1cccc(C2C(n3cnnn3)C(=O)N2Cc2cccc(OC(C)C)c2)c1",377.185174976,"Screening"
"O=S(=O)(C=Cc1ccccc1)N1CCc2cc(S(=O)(=O)N3CCCCC3)ccc21",432.11774924799994,"Screening"
"C=CC(=O)N1CCC(C(=O)Nc2cc(C)n(-c3ccccc3)n2)CC1",338.174275944,"Screening"
"COC(=O)c1cc(C=C(C#N)C(=O)Nc2ccc(C)cc2)oc1C",324.111006992,"Screening"
"CS(=O)(=O)CCN(C#N)c1ccccc1",224.061948624,"Screening"
"Cc1cc(C=C(C#N)C(=O)N2CCOCC2(C)C)c(C)n1C1CCCCC1",369.24162723200004,"Screening"
"Cc1cn2c(C=C(C#N)C(=O)Nc3ccc(F)cc3F)c(C)nc2s1",358.06998844400005,"Screening"
"C=CC(=O)NCc1ccc(C(=O)NCc2ccc(-n3ccc(C(F)(F)F)n3)cc2)cc1",428.146010508,"Screening"
"C=CC(=O)NCc1ccc(C(=O)N2CCCC(c3nnc4n3CCC4)C2)cc1",379.20082504000004,"Screening"
"N#CC(=Cc1ccco1)C(=O)N1CCC(COCc2ccccc2)C1",336.1473925,"Screening"
"CNC(=O)C(C#N)=Cc1cccc(OCc2cccc(C(=O)O)c2)c1",336.11100699199994,"Screening"
"COc1cc(Cl)ccc1CNC(=O)C(C#N)=Cc1ccco1",316.061469956,"Screening"
"O=C(CCNS(=O)(=O)C=Cc1ccccc1)NCc1ccc(-c2nc3ccccc3s2)o1",467.09734815200005,"Screening"
"CCc1cccc(N(C#N)Cc2cnn(C)c2)c1",240.13749651199998,"Screening"
"CC1SC(=C(C#N)C(=O)NCCc2ccccc2)N(c2ccc(F)cc2)C1=O",395.110376036,"Screening"
"CCC1SC(=C(C#N)C(=O)NCCc2ccccc2)N(c2ccc(Br)cc2)C1=O",469.04595997999996,"Screening"
"C=CC(=O)NCc1ccc(C(=O)Nc2cc(C3CC3)nn2-c2ncccn2)cc1",388.16477388000004,"Screening"
"C=CC(=O)N1CCC(C(=O)N2CCCCC2COC(=O)N2CCCC2)CC1",377.23145647200005,"Screening"
"COc1cc2c(cc1C=C(C#N)C(=O)NC1CCCC1)OC(C)C2",326.16304256399997,"Screening"
"N#CC(=Cc1cn(Cc2ccccc2)nc1-c1cccnc1)C(=O)NC1CCCC1",397.190260356,"Screening"
"N#CC(=Cc1cccc(OCc2ccccc2C#N)c1)C(N)=O",303.100776656,"Screening"
"CC(C)n1c(S)nnc1CCNC(=O)C(C#N)=Cc1ccccc1",341.13103122800004,"Screening"
"N#CC(=Cc1ccccc1OCc1ccccn1)C(=O)NC1CC1",319.13207678400005,"Screening"
"O=C1CC2(CCN(c3nc(CSc4ccc(Cl)cc4)nc4sc5c(c34)CCCC5)CC2)N1",484.1158311000001,"Screening"
"C=CC(=O)NCCC(=O)N1CCN(C(=O)C2CC2)CC1(C)C",307.18959166,"Screening"
"C=CC(=O)NCCNC(=O)c1cc(C)n(CC(F)(F)F)c1C",317.13511147599996,"Screening"
"COc1cc(C=O)ccc1OCCOc1cc(C)ccc1Cl",320.08153670400003,"Screening"
"N#CC(=Cc1ccccc1)C(=O)NCC(c1cccs1)N1CCOCC1",367.135447912,"Screening"
"O=C(Nc1ccc(N2CCC2=O)cc1)N1CCC(CN2CCCCC2)C1",356.221226136,"Screening"
"CCn1cc(-c2nn(-c3ccccc3)cc2C=O)c(C)n1",280.132411132,"Screening"
"CCOC(=O)c1c(NC(=O)C(C#N)=Cc2ccc(N3CCOCC3)cc2)sc2c1CCCC2",465.17222734399996,"Screening"
"COCC(C)NC(=O)C(C#N)=Cc1cc(Br)ccc1OCc1ccccc1",428.073554632,"Screening"
"CCOc1cc(C=C(C#N)C(=O)NC(C)COC)cc(Br)c1OC",396.068469252,"Screening"
"N#CC(=Cc1ccc(N2CCOCC2)c([N+](=O)[O-])c1)C(=O)Nc1nccs1",385.08447496,"Screening"
"COCC(C)NC(=O)C(C#N)=Cc1cc(Br)ccc1F",340.022268008,"Screening"
"N#CC(=Cc1cn(Cc2ccccc2)nc1-c1cccnc1)C(=O)Nc1nccs1",412.110630132,"Screening"
"CCN(CC)c1ccc(C=C(C#N)C(=O)Nc2ccccn2)cc1",320.16371126,"Screening"
"CCOC(=O)c1c(NC(=O)C(C#N)=Cc2ccc(OCC(=O)O)cc2)sc2c1CCCC2",454.1198574239999,"Screening"
"N#CC(=CC=Cc1ccccc1[N+](=O)[O-])C(=O)Nc1cccc(S(=O)(=O)N2CCCCC2)c1",466.131090804,"Screening"
"CN1C(=CC=C(C#N)C(=O)Nc2nccs2)C(C)(C)c2ccccc21",350.120132196,"Screening"
"N#CC(=Cc1cccc(O)c1)C(=O)Nc1cc(Cl)ccc1N1CCOCC1",383.103669116,"Screening"
"N#CC(=Cc1ccsc1)C(=O)Nc1ccccc1C(=O)O",298.04121317999994,"Screening"
"CC(=O)N(c1cccc(Cl)c1)c1nc(C=C(C#N)C(=O)Nc2ccccc2C(F)(F)F)cs1",490.047809028,"Screening"
"CNC(=O)C(C#N)=Cc1c(C)nn(-c2cccc(C(F)(F)F)c2)c1Cl",368.065173344,"Screening"
"CCOC(=O)c1c(NC(=O)C(C#N)=Cc2ccccc2OC(C)C)sc(C)c1C",412.14567824799997,"Screening"
"COc1cc(Cl)c(C)cc1NC(=O)C(C#N)=Cc1cnn(C(C)(C)C)c1",372.13530359200007,"Screening"
"N#CC(=Cc1cnn(Cc2ccccc2)c1)C(=O)Nc1ccccc1Br",406.0429232000001,"Screening"
"N#CC(=Cc1cnc(-c2ccccc2)nc1)C(=O)NCc1ccco1",330.111675688,"Screening"
"C=CC(=O)Nc1ccc(C(=O)N(C2CCCCC2)C2CC2)cc1",312.183778008,"Screening"
"Cc1ccc(C=CS(=O)(=O)NC2CCN(CC(N)=O)CC2)cc1",337.146012596,"Screening"
"CC(CNS(=O)(=O)C=Cc1ccccc1)CN1CCN(C)CC1",337.1823981040001,"Screening"
"C=CC(=O)Nc1ccc(C(=O)NCC#Cc2cccc(C(F)(F)F)c2)cc1",372.10856238,"Screening"
"Cc1ccc(C=CS(=O)(=O)NCCCc2nc(C(C)C)no2)cc1",349.14601259600005,"Screening"
"CC(C)CN(C1CCS(=O)(=O)C1)S(=O)(=O)C=Cc1ccc(Cl)cc1",391.067877864,"Screening"
"Cc1ccc(C=CS(=O)(=O)N(Cc2cnn(C)c2)C(C)C)cc1",333.151097976,"Screening"
"CC1CCCN(S(=O)(=O)c2ccc(NS(=O)(=O)C=Cc3ccccc3)cc2)C1",420.117749248,"Screening"
"O=S(=O)(C=Cc1ccccc1)Nc1ccccc1N1CCCCC1",342.140198944,"Screening"
"CCc1cc(=O)[nH]c(-c2cccc(NS(=O)(=O)C=Cc3ccccc3)c2)n1",381.11471246800005,"Screening"
"Cc1c(C=C(C#N)C(=O)Nc2ccccc2F)c2ccccn2c1C(=O)c1ccc(F)cc1",441.128883224,"Screening"
"COC(=O)c1ccc(COc2ccccc2C=C(C#N)C(=O)Nc2cccc(C(F)(F)F)c2)cc1",480.129691748,"Screening"
"N#CC(=Cc1cn(-c2ccccc2)nc1-c1cc2ccccc2o1)C(=O)Nc1cc(C(F)(F)F)ccc1Cl",532.091388092,"Screening"
"Cc1ccc(C(=O)Nc2cccc(C=C(C#N)C(=O)Nc3cccc4ncccc34)c2)cc1",432.15862588,"Screening"
"COCCNC(=O)C(C#N)=Cc1ccc(N2CCOCC2)s1",321.11471246800005,"Screening"
"Cc1nn(-c2cccc(Cl)c2)c(Cl)c1C=C(C#N)C(=O)N1CCCC1",374.070116492,"Screening"
"CCCCCCCCNC(=O)C(C#N)=Cc1cn(-c2ccccc2)nc1-c1cc2ccccc2o1",466.2368762,"Screening"
"CCN(Cc1ccccc1)c1ccc(C=C(C#N)C(=O)Nc2cccc3ncccc23)cc1",432.195011388,"Screening"
"Cc1c(C=C(C#N)C(=O)NC2CCCCC2C)c2ccccn2c1C(=O)c1ccc(F)cc1",443.20090529199996,"Screening"
"Cc1nn(-c2ccc(Cl)cc2)c(Cl)c1C=C(C#N)C(=O)Nc1cccc2ncccc12",447.06536546000007,"Screening"
"Cc1nn(-c2cccc(C(F)(F)F)c2)c(Cl)c1C=C(C#N)C(=O)Nc1cccc2ncccc12",481.09172244000007,"Screening"
"CC(C)NC(=O)C(C#N)=Cc1cn(Cc2ccccc2)nc1-c1cccs1",376.13578226000004,"Screening"
"COCCCNC(=O)C(C#N)=Cc1cn(Cc2ccccc2)nc1-c1cccs1",406.14634694399996,"Screening"
"CCCCNC(=O)C(C#N)=Cc1cn(Cc2ccccc2)nc1-c1cccs1",390.15143232400004,"Screening"
"C=CC(=O)Nc1ccc(C(=O)Nc2ccc3oc(C4CC4)nc3c2)cc1",347.1269914040001,"Screening"
"COC(=O)c1ccc(COc2ccccc2C=C(C#N)C(=O)Nc2cc3c(cc2[N+](=O)[O-])OCCO3)cc1",515.132864632,"Screening"
"N#CC(=Cc1ccc(NC(=O)c2ccc3c(c2)COC3)cc1)C(N)=O",333.11134134,"Screening"
"CC(C)CN(C(=O)CN(C)C(=O)c1cc(Cl)nc2ccccc12)c1c(N)n(CC(C)C)c(=O)[nH]c1=O",514.2095311520001,"Screening"
"CC(NC(=O)C(C#N)=Cc1cnn(CCCl)c1)c1ccccc1",328.109088844,"Screening"
"N#CC(=Cc1ccco1)C(=O)NCCc1nc2c(s1)CCCC2",327.104147784,"Screening"
"C=CC(=O)Nc1ccc(C(=O)Nc2sc(CC)nc2C)cc1",315.104147784,"Screening"
"C=CC(=O)NCc1ccc(C(=O)NC(c2cccnc2)c2cccc(C(F)(F)F)c2)cc1",439.15076153999996,"Screening"
"N#CN(CCn1cc([N+](=O)[O-])ccc1=O)c1ccc(F)c(Cl)c1",336.04254607999997,"Screening"
"Cc1ccc(F)c(N(C#N)CCn2cc([N+](=O)[O-])ccc2=O)c1",316.097168496,"Screening"
"C=CC(=O)NCCC(=O)NC1(c2ccc(F)cc2F)CCCC1",322.14928432,"Screening"
"CCOC(=O)c1oc2ccccc2c1COC(=O)CNS(=O)(=O)C=Cc1ccc(C)cc1",457.119523076,"Screening"
"CN(Cc1ccccc1N1CCCC1)S(=O)(=O)C=Cc1ccccc1",356.155849008,"Screening"
"Cc1ccc(C2(C(F)(F)F)NC(=O)C(C#N)=C3Sc4ccccc4N32)cc1",387.065317664,"Screening"
"COc1ccc(C2(C(F)(F)F)NC(=O)C(C#N)=C3Sc4ccccc4N32)cc1",403.06023228400005,"Screening"
"O=Cc1nc(-c2ccccc2Cl)n2ccccc12",256.040340588,"Screening"
"CCOC(=O)c1c(-c2ccc(OC)cc2)csc1NC(=O)C(C#N)=Cc1ccc(OC(C)C)c(OC)c1",520.166807616,"Screening"
"COc1cc(OC)cc(C2C(Oc3cc(C)ccc3C)C(=O)N2CC2CCCO2)c1",411.20457302799997,"Screening"
"CCN(CC)S(=O)(=O)c1ccc(Cl)c(NC(=O)C(C#N)=Cc2ccccc2)c1",417.09139018,"Screening"
"COc1ccc(NS(=O)(=O)c2cc(NC(=O)C(C#N)=Cc3ccccc3)ccc2C)cc1",447.125277152,"Screening"
"N#CC(=Cc1ccccc1)C(=O)Nc1cc(S(=O)(=O)N2CCOCC2)ccc1N1CCCC1",466.167476312,"Screening"
"CCN(CC)c1ccc(S(=O)(=O)N(CC)CC)cc1NC(=O)C(C#N)=Cc1ccc(OC)cc1",484.214426504,"Screening"
"CCOC(=O)C(C#N)=Cc1ccc(NC(=O)C(C#N)=Cc2ccccc2)cc1",371.126991404,"Screening"
"COc1ccccc1OC1C(=O)N(Cc2ccc(N(C)C)cc2)C1c1cccc(C#N)c1",427.1895916600001,"Screening"
"CCn1c2ccccc2c2cc(-c3nn(-c4ccccc4)cc3C=O)ccc21",365.152812228,"Screening"
"CN(Cc1ccccc1)C(=O)C(C#N)=Cc1ccc(OC(F)F)cc1",342.117984192,"Screening"
"N#CCCn1cc(C=O)c(-c2ccc(-c3ccccc3)cc2)n1",301.1215121,"Screening"
"N#CC(=Cc1ccc(OCc2ccccc2)cc1)C(=O)Nc1nc2c(s1)CCN(Cc1ccccc1)C2",506.177647072,"Screening"
"CN(C)c1ccc(C=C(C#N)C(=O)Nc2nc3c(s2)CCN(Cc2ccccc2)C3)cc1",443.17798142000004,"Screening"
"Cc1ccc2nc(Sc3ccccc3)c(C=O)c(=O)n2c1",296.061948624,"Screening"
"O=Cc1cn(-c2ccccc2)nc1-c1cc2cc(O)ccc2oc1=O",332.07970686399995,"Screening"
"COc1ccc(C2N(c3cccc(C(F)(F)F)c3)C(=O)C2(F)F)cc1OC",387.08938440799994,"Screening"
"N#CC(=Cc1ccc(Cl)cc1Cl)C(=O)Nc1nc2ccc(OC(F)(F)F)cc2s1",456.966637516,"Screening"
"O=C1N(Cc2ccccc2)C(c2ccc(C(F)(F)F)cc2)C1(F)F",341.083905104,"Screening"
"COc1ccc(OC)c(C=C(C#N)C(=O)Nc2ccc([N+](=O)[O-])cc2O)c1",369.09608519999995,"Screening"
"CCOc1cc(C=C(C#N)C(N)=O)cc(Br)c1OCc1ccc(Cl)cc1",434.003282152,"Screening"
"CCc1nc(CN(C#N)c2ccc(F)c([N+](=O)[O-])c2)cs1",306.058674812,"Screening"
"CCOc1cc(C=C(C#N)C(N)=O)cc(Br)c1OCc1ccccc1Cl",434.003282152,"Screening"
"N#CC(=Cc1ccc(F)c(F)c1)C(=O)Nc1ccc(C(F)(F)F)cc1N1CCOCC1",437.11626785199996,"Screening"
"CCOc1cc(C=C(C#N)C(N)=O)ccc1OCc1ccccc1Cl",356.09277008400005,"Screening"
"COc1ccc(C=C(C#N)C(=O)Nc2ccc([N+](=O)[O-])cc2)cc1OC(=O)c1cccc2ccccc12",493.12738532799995,"Screening"
"CCOc1ccc(NC(SCC(=O)NC(C)c2ccccc2)=C(C#N)C(=O)Nc2ccccc2C)cc1",514.20386182,"Screening"
"N#CC(=Cc1ccc(N2CCCC2)o1)C(=O)Nc1ccccc1Br",385.042588852,"Screening"
"COc1cccc(C=C(C#N)C(N)=O)c1OCc1ccc(Cl)cc1Cl",376.038147668,"Screening"
"COc1cc(C=C(C#N)C(N)=O)cc(Br)c1OCc1ccc(F)cc1",404.017182628,"Screening"
"CCOC(=O)c1c(NC(=O)C(C#N)=Cc2ccccc2)sc2c1CCN(Cc1ccccc1)C2",471.16166266000005,"Screening"
"CCOC(=O)c1ccc(-c2ccc(C=C(C#N)C(=O)Nc3scc(-c4ccccc4)c3C(=O)OCC)o2)cc1",540.135507488,"Screening"
"CCCCOc1ccc(C=C(C#N)C(=O)Nc2scc(-c3ccc(OC)cc3)c2C(=O)OCC)cc1OC",534.18245768,"Screening"
"CCCCCOc1ccc(C=C(C#N)C(=O)Nc2scc(-c3ccc(C)cc3)c2C(=O)OCC)cc1OC",532.203193124,"Screening"
"COc1cc(C=C(C#N)C(=O)Nc2cccc(C(=O)O)c2)ccc1OCc1ccc(F)cc1",446.127799928,"Screening"
"COc1ccc(C=C(C#N)C(=O)Nc2cccc(C(=O)O)c2)cc1OCc1ccccc1Cl",462.098249388,"Screening"
"COc1ccc(N2C(=O)C(F)(F)C2c2ccc(C)cc2)cc1OC",333.117649844,"Screening"
"COc1ccc(CN2C(=O)C(F)(F)C2c2cccc(Cl)c2)cc1",337.06811280799997,"Screening"
"CCOc1ccc(C2N(c3ccc(-c4nc5ccc(C)cc5s4)cc3)C(=O)C2(F)F)cc1",450.12135531999996,"Screening"
"COc1ccc(C2N(c3cccc(Cl)c3C)C(=O)C2(F)F)cc1OC",367.07867749199994,"Screening"
"COc1ccc(N2C(=O)CSC2=C(C#N)C(=O)NCc2ccco2)cc1",369.07832696,"Screening"
"O=Cc1c(NC(=O)c2ccccc2)sc2c1CCCC2",285.08234972,"Screening"
"N#CC(=Cc1ccc(OC(=O)c2ccccc2)cc1)C(=O)Nc1cccc(C(F)(F)F)c1",436.10347700000005,"Screening"
"N#CC(=Cc1ccccc1)C(=O)N(c1ccccn1)C1CCCCC1",331.168462292,"Screening"
"CC(=O)c1cccc(N2Cc3ccccc3C2=NC(=O)C(C#N)=Cc2ccc3c(c2)OCO3)c1",449.137556088,"Screening"
"N#CC(=Cc1ccccc1OC(=O)c1cccc2ccccc12)C(=O)Nc1cccc(C(=O)O)c1",462.121571676,"Screening"
"C=CC(=O)Nc1ccc2c(c1)OCCOCCOCCOCCO2",337.15253745599995,"Screening"
"COc1ccc(C2N(c3ccc(OC)cc3)C(=O)C2(F)F)cc1",319.10199978,"Screening"
"COc1ccccc1C1N(Cc2ccc(Cl)cc2)C(=O)C1(F)F",337.06811280799997,"Screening"
"Cc1ccsc1C=C(C#N)C(=O)NCCCN1CCOCC1",319.13544791199996,"Screening"
"COCCNC(=O)C(C#N)=Cc1nc(N(C)C)n(-c2ccc(F)cc2)c1Cl",391.12113074800004,"Screening"
"CC(C)(C)c1ccc(OC2C(=O)N(C3CCN(C(=O)c4ccco4)CC3)C2c2cscn2)cc1",479.187877408,"Screening"
"Cc1ccc(OC2C(=O)N(C3CCN(C(=O)c4ccco4)CC3)C2c2ccc(Cl)s2)c(C)c1",484.12235596000005,"Screening"
"N#CC(=Cc1cn(-c2ccccc2)nc1-c1cc2ccccc2o1)C(=O)NC1CCS(=O)(=O)C1",472.1205261199999,"Screening"
"COc1ccc(OC)c(C2C(Oc3ccccc3C#N)C(=O)N2Cc2cccc(NC(=O)C3CC3)c2)c1",497.195070964,"Screening"
"C=CC(=O)Nc1cc(NC(=O)c2ccc(-c3ccccc3F)o2)ccc1F",368.09724874799997,"Screening"
"Cc1cccn2c(=O)c(C=O)c(N3CCC(C)CC3)nc12",285.147726848,"Screening"
"CCOC(=O)N1CCN(c2nc3ccccn3c(=O)c2C=O)CC1",330.13280505599994,"Screening"
"Cc1cccn2c(C=C(C#N)C(=O)NC3CCCCC3)c(-c3ccccc3)nc12",384.195011388,"Screening"
"CCOCCN1C(=O)C(Oc2cccc(C#N)c2)C1c1ccc([N+](=O)[O-])cc1",381.132470708,"Screening"
"N#CC(=Cc1coc2ccccc2c1=O)C(=O)NCCc1ccccc1",344.116092372,"Screening"
"O=S(=O)(C=Cc1ccccc1)Nc1ccc2nc(N3CCOCC3)sc2c1",401.08678346799996,"Screening"
"Cc1cc(C=C(C#N)C(N)=O)c(C)n1-c1ccnn1C(C)C",297.158960228,"Screening"
"C=CC(=O)Nc1ccc(C(=O)N2CSCC2C(=O)N2CCSCC2)cc1",391.1024335320001,"Screening"
"CCc1nc(NC(=O)C(C#N)=Cc2ccco2)sc1C",287.072847656,"Screening"
"CN(CC(=O)N1CCCC1c1ccc2c(c1)OCCCO2)S(=O)(=O)C=Cc1ccccc1",456.1718929959999,"Screening"
"COCCCCN1C(=O)C(Oc2ccc(C#N)cc2)C1c1cccc(OC)c1",380.173607248,"Screening"
"Cc1ccc(C=CS(=O)(=O)N2CCC(C(=O)NCc3ccc4c(c3)OCO4)CC2)cc1",442.15624293199994,"Screening"
"CC(Oc1cccc(C=O)c1)C(=O)OCc1cccc(C(N)=O)c1",327.11067264400003,"Screening"
"C=CC(=O)NCc1ccc(C(=O)NC(C)c2nnc3n2CCC3)cc1",339.16952491200004,"Screening"
"CC(C)NS(=O)(=O)c1ccc(C=Cc2nc(-c3cccc(N4CCC4=O)c3)no2)cc1",438.136176184,"Screening"
"CC(=O)N(c1nc(Cl)c(C=O)s1)c1ccccc1C",294.022976272,"Screening"
"C=CC(=O)N1CCC(C(=O)N2CCc3c(ncn3-c3ccccc3)C2)CC1",364.189926008,"Screening"
"Cc1ccc(-n2c(N(C)C)nc(C=C(C#N)C(=O)NC(C)c3ccccc3)c2Cl)cc1",433.166938068,"Screening"
"COc1ccc(-c2nn(CCC#N)cc2C=C(C#N)C(=O)NCC2(c3ccccc3)CCC2)cc1",465.21647510400004,"Screening"
"Cc1cccn2c(=O)c(C=O)c(Nc3cccc(Cl)c3)nc12",313.061804304,"Screening"
"COC(=O)CC(NC(=O)C(C#N)=Cc1ccc(N(C)C)cc1)c1ccccc1",377.173941596,"Screening"
"COC(=O)C(Cc1c[nH]c2ccccc12)NC(=O)C(C#N)=Cc1ccc(N(C)C)cc1",416.184840628,"Screening"
"COc1ccc(N(C#N)CC(=O)NC2CC2)cc1Cl",279.077454368,"Screening"
"COc1ccc(N(C#N)CCCNC(C)=O)cc1Cl",281.093104432,"Screening"
"O=Cc1c(Oc2ccc3c(c2)OCO3)nc2ccccn2c1=O",310.05897142,"Screening"
"C=CC(=O)N1CCC(C(=O)NCCc2cc(C(F)(F)F)ccn2)CC1",355.15076154,"Screening"
"N#CC(=Cc1ccc(-c2ccc(Cl)c(Cl)c2)s1)C(=O)NC(N)=O",364.979252888,"Screening"
"N#CC(=CN1CCC(Cc2ccccc2)CC1)C(=O)Nc1cccc(Cl)c1",379.145140004,"Screening"
"COc1ccc(S(=O)(=O)N2CCN(c3nc4c(C)cccc4cc3C=O)CC2)cc1",425.140927216,"Screening"
"Cc1ccc(F)c(N(C#N)CC(=O)NC(C)C(=O)N2CCCCC2)c1",346.180504196,"Screening"
"N#CN(CCN1CCCC1=O)c1ccc(F)c(Br)c1",325.022602356,"Screening"
"C=CC(=O)Nc1ccc(C(=O)N2CCCC(S(=O)(=O)NC3CCCC3)C2)cc1",405.172227344,"Screening"
"N#CC(=Cc1ccc(N2CCCC2)cc1)C(=O)N1CCC(C(N)=O)CC1",352.189926008,"Screening"
"O=C(Cc1ccccc1Cl)NC1CN(c2ccc(F)cc2)C1=O",332.072783588,"Screening"
"O=C(CNC(=O)c1cccc(F)c1)NC1CN(c2ccc(F)cc2)C1=O",359.10814777999997,"Screening"
"N#CC(=Cc1ccc(OCCC(=O)O)cc1)C(=O)Nc1cc2c(cc1[N+](=O)[O-])OCCO2",439.10156450399995,"Screening"
"Cc1oc2ccccc2c1C(=O)N1CCC(C2NC(=O)C2(C)C)CC1",340.178692628,"Screening"
"CC1(C)C(=O)NC1C1CCN(C(=O)CN2CCCCCC2=O)CC1",335.22089178799996,"Screening"
"CC1(C)C(=O)NC1C1CCN(C(=O)COc2cccc3ccccc23)CC1",366.194342692,"Screening"
"Cc1cc(=O)[nH]cc1C(=O)NC1CN(c2ccc(F)cc2)C1=O",315.10191952799994,"Screening"
"Cc1cc(C)c(C)c(S(=O)(=O)Nc2ccc(C=C(C#N)C(=O)N3CCCC3)cc2)c1C",437.17731272400005,"Screening"
"O=C1COc2cc(C(=O)NS(=O)(=O)C=Cc3ccccc3)ccc2N1",358.06234254800006,"Screening"
"CCc1cccc(N(C#N)Cc2ccc(S(C)(=O)=O)c(OC)c2)c1",344.11946349999994,"Screening"
"COc1ccc(C=O)cc1CSc1n[nH]c(-c2ccccn2)n1",326.0837466880001,"Screening"
"N#CN(Cc1nc(-c2ccccc2)no1)c1ccc(F)cc1",294.09168919200005,"Screening"
"CC(C)NC(=O)C(C#N)=Cc1cccc(OC(F)(F)C(=O)O)c1",324.09216336799994,"Screening"
"C=CC(=O)Nc1ccc(C(=O)N2CCOCC2CC(=O)OC)cc1",332.13722174,"Screening"
"CC(Oc1cccc(F)c1)C(=O)Nc1cccc(S(=O)(=O)F)c1",341.053335336,"Screening"
"O=C(Nc1cccc(S(=O)(=O)F)c1)c1sccc1S(=O)(=O)N1CCOCC1",434.00762742,"Screening"
"O=C(Cc1cccc(C(F)F)c1)Nc1cccc(S(=O)(=O)F)c1",343.048998904,"Screening"
"Cc1noc(C2CC2)c1NC(=O)C(C#N)=Cc1cc(C)n(CCC(C)C)c1C",380.221226136,"Screening"
"C=CC(=O)Nc1ccc(C(=O)NC2CCCC3CN(C(C)=O)CC32)cc1",355.18959165999996,"Screening"
"CCOC=C(C#N)C(=O)N1CCN(S(=O)(=O)c2cc[nH]n2)CC1",339.1001250240001,"Screening"
"Cn1ccc(NS(=O)(=O)c2ccc(S(=O)(=O)F)cc2)n1",319.00967602000003,"Screening"
"O=Cc1c(SCC(=O)O)ncn1-c1ccccc1",262.04121318,"Screening"
"Cc1ccc(-n2cnc(SCC(=O)O)c2C=O)cc1",276.056863244,"Screening"
"C=CC(=O)N1CCC(C(=O)N2CCC(n3cc(C(=O)OC)nn3)C2)CC1",361.17500421600005,"Screening"
"O=C(NC1CN(c2ccc(F)cc2)C1=O)c1conc1C1CC1",315.101919528,"Screening"
"CCc1cccc(N(C#N)CC(=O)N2CCCC2c2ccc3c(c2)OCCCO3)c1",405.20524172399996,"Screening"
"Cc1cccc(OCC(=O)Nc2ccc(S(=O)(=O)F)cc2)c1",323.062757148,"Screening"
"N#CN(CCOCCO)c1ccc(F)c(Br)c1",302.006617944,"Screening"
"COc1ccc(Br)c(C(=O)O)c1NS(=O)(=O)C=Cc1ccc(C)cc1",424.99325571199995,"Screening"
"COCC(C)NC(=O)C(C#N)=Cc1cc2cc(F)ccc2o1",302.10667056,"Screening"
"O=C(Nc1cccc(S(=O)(=O)F)c1)c1ccoc1C(F)(F)F",337.00319158400004,"Screening"
"Cc1nc(CCN(C#N)c2ccc(F)cc2)cs1",261.073596604,"Screening"
"CCOC(=O)c1cc(NS(=O)(=O)C=Cc2ccc(Cl)cc2)c[nH]1",354.04410564000005,"Screening"
"C=CC(=O)Nc1ccc(C(=O)N2CCN(c3cccs3)C(=O)C2)cc1",355.099062404,"Screening"
"C=CC(=O)Nc1cc(NC(=O)C=Cc2cc3cnn(C(C)C)c3[nH]c2=O)ccc1F",409.15501772,"Screening"
"C=CC(=O)Nc1cc(NC(=O)c2cc(-c3ccc(C)o3)n[nH]2)ccc1F",354.11281856000005,"Screening"
"C=CC(=O)Nc1cc(NC(=O)C(C)(C)NC(=O)NCCC)ccc1F",350.175418816,"Screening"
"N#Cc1cc(N(C#N)CC(=O)Nc2ccccc2)ccc1F",294.09168919200005,"Screening"
"CCN(CC)C(=O)CN(C#N)c1ccc(F)c([N+](=O)[O-])c1",294.11281856,"Screening"
"C=CC(=O)NCCC(=O)Nc1ccc(N2C[C@@H](C)O[C@@H](C)C2)cc1",331.18959166,"Screening"
"O=C(Nc1cccc(N2CCC2=O)c1)C1CCN(C(=O)c2ccccc2)CC1",377.173941596,"Screening"
"C=CC(=O)N1CCN(S(=O)(=O)c2ccc3ccccc3c2)CC1",330.103813436,"Screening"
"C=CC(=O)N(Cc1ccc(C(=O)NC2CC2)cc1)Cc1ccco1",324.14739249999997,"Screening"
"C=CC(=O)N1CCC(NS(=O)(=O)c2cccs2)CC1",300.06023437199997,"Screening"
"C=CC(=O)Nc1ccc(Cl)c(C(=O)NC2CCCCC2)c1",306.113505528,"Screening"
"C=CC(=O)Nc1cccc(CS(=O)(=O)C2CCCCC2)c1",307.124214532,"Screening"
"N#CN(CC(=O)NCC1CCCO1)c1ccccc1",259.132076784,"Screening"
"C=CC(=O)Nc1ccc(C(=O)Nc2ccc3ccn(CC(=O)NC)c3c2)cc1",376.15354049999996,"Screening"
"C=CC(=O)NCCNC(=O)c1sc(N2CCCC2)nc1Cl",328.07607446400004,"Screening"
"C=CC(=O)Nc1ccc(C(=O)N2CCN(c3c(C#N)c(C)nn3C)CC2)cc1",378.18042394400004,"Screening"
"O=C(CC1CCC2(CC1)OCCO2)NC1CN(c2ccccc2)C1=O",344.173607248,"Screening"
"Cc1nc2c(s1)C(N(C)CN1C(=O)C3CCCCCCC31)CCC2",347.203133548,"Screening"
"Cc1nc(S(=O)(=O)NCCC(=O)NS(=O)(=O)C=Cc2ccccc2)cn1C",412.08751174,"Screening"
"COc1ncccc1NS(=O)(=O)c1ccc(S(=O)(=O)F)cc1",346.00934167199995,"Screening"
"C=CC(=O)NCCC(=O)N1CCN(c2ccccc2F)CC1C",319.16960516399996,"Screening"
"O=C1C(NC(=O)C2(O)CCC2)CN1c1ccccc1",260.116092372,"Screening"
"C=CC(=O)N1CCC(C(=O)NC(CO)c2ccc(Cl)cc2C(F)(F)F)CC1",404.11145483999996,"Screening"
"COc1ccc(N(C#N)Cc2cccc([N+](=O)[O-])c2)cc1",283.095691276,"Screening"
"COc1ccccc1CN(CN1C(=O)C(C)(C)C1c1ccccc1)C1CC1",364.215078136,"Screening"
"CC(NC(=O)C(C#N)=Cc1cc(O)ccc1[N+](=O)[O-])c1ccccc1",337.10625596000006,"Screening"
"C=CC(=O)N1CCC(C(=O)Nc2c(OC)ccc3c2CCC3)CC1",328.178692628,"Screening"
"N#CC(=Cc1ccc(Oc2cnccn2)cc1)C(=O)NC1CCCC1",334.142975816,"Screening"
"Cc1nc2ccccc2nc1CN(C#N)c1ccc(F)cc1",292.112424636,"Screening"
"CC(C)OCCCN(C#N)c1ccc(F)cc1",236.132491384,"Screening"
"O=Cc1ccc(C(=O)NCC2(c3cccc(Br)c3)CC2)[nH]1",346.03168982000005,"Screening"
"C=CC(=O)NCCC(=O)Nc1ccc(C(=O)N2CCOCC2)c(F)c1",349.14378433999997,"Screening"
"O=S(=O)(C=Cc1ccccc1Cl)Nc1cc2ccc(Br)cn2n1",410.9443873720001,"Screening"
"C=CC(=O)Nc1cc(NC(=O)C2CC(=O)N(Cc3cccc(C(F)(F)F)c3)C2)ccc1F",449.136254348,"Screening"
"CCc1cccc(N(C#N)CC(=O)Nc2cccc(Cl)c2)c1",313.098189812,"Screening"
"NC(=O)COc1cccc(NS(=O)(=O)c2cccc(S(=O)(=O)F)c2)c1",388.019906356,"Screening"
"C=CC(=O)NCCC(=O)Nc1ccc(N2CCCC2=O)cc1",301.142641468,"Screening"
"CC(C)NC(=O)C(C#N)=Cc1c(Br)n[nH]c1Br",359.92213513999997,"Screening"
"Cc1ccc(C=CS(=O)(=O)Nc2ccc(-c3nc[nH]n3)cc2F)cc1",358.08997494000005,"Screening"
"CC1(C)C(=O)NC1C1CCN(C2CCN(c3ccccc3)C2=O)CC1",341.210327104,"Screening"
"CC(C)c1cc(NC(=O)C(=O)Nc2ccc(N3CCC3=O)cc2)n(C(C)C)n1",383.1957396600001,"Screening"
"CCOC(=O)c1ccc(NC(=O)C(C#N)=Cc2ccccc2O)cc1",336.111006992,"Screening"
"N#CC(=Cc1cc(Br)c(O)c(Br)c1)C(=O)NCc1ccccc1",433.926551824,"Screening"
"COc1cc(C=C(C#N)C(=O)NC2CCCCC2C)cc(OC)c1O",344.17360724799994,"Screening"
"CCOc1cc(C=C(C#N)C(=O)NC2CCCCC2C)ccc1O",328.17869262799996,"Screening"
"COc1ccc(-c2csc(C=O)n2)c2ccccc12",269.051049592,"Screening"
"O=Cc1c(-c2cc(Cl)ccc2Cl)[nH]c2ccccc12",289.006119268,"Screening"
"Cc1cc(-c2[nH]c3ccccc3c2C=O)c(C)s1",255.071785036,"Screening"
"C=CC(=O)Nc1cc(NC(=O)c2cc3c([nH]c2=O)CCC(C)(C)C3)ccc1F",383.164519784,"Screening"
"C=CC(=O)Nc1cc(NC(=O)c2ccc(C(N)=O)o2)ccc1F",317.08118408400003,"Screening"
"O=C(C1CC1)N1CCCC(c2nc(-c3cccc(N4CCC4=O)c3)no2)C1",366.16919056399996,"Screening"
"C=CC(=O)Nc1cc(NC(=O)c2[nH]c(C)c(C(N)=O)c2CC)ccc1F",358.144118688,"Screening"
"CN(Cc1ccco1)C(=O)CN(C#N)c1ccc(F)c(C#N)c1",312.102253876,"Screening"
"N#CC(=Cc1cnc(C2CCCCC2)s1)C(=O)Nc1ccc(F)cc1",355.11546141599996,"Screening"
"C=CC(=O)N1CCC(C(=O)N2CCCC2c2nc3ccccc3n2CC)CC1",380.221226136,"Screening"
"C=CC(=O)N1CCC(C(=O)NCc2cccnc2N2CCOCC2)CC1",358.20049069199996,"Screening"
"C=CC(=O)N1CCC(C(=O)Nc2ccccc2C(=O)Nc2ccc(Cl)cn2)CC1",412.13021821200005,"Screening"
"C=CC(=O)N1CCC(C(=O)N(CC)Cc2ccc(Cl)s2)CC1",340.101226592,"Screening"
"C=CC(=O)N1CCC(C(=O)N(CCc2cccc(F)c2)C2CC2)CC1",344.19000626,"Screening"
"C=CC(=O)N1CCC(C(=O)N(CCC(=O)OC)C(C)C)CC1",310.189257312,"Screening"
"C=CC(=O)N1CCC(C(=O)Nc2ccc(CNC(=O)OC)cc2)CC1",345.168856216,"Screening"
"C=CC(=O)N1CCC(C(=O)NC2CCN(c3ccccc3Cl)C2=O)CC1",375.13496924399993,"Screening"
"C=CC(=O)N1CCC(C(=O)N(C)C2CCN(c3ccccc3F)C2=O)CC1",373.18016984799993,"Screening"
"C=CC(=O)NCc1ccc(C(=O)N2CCOc3c(Br)cccc32)cc1",400.042254504,"Screening"
"C=CC(=O)N1CCC(C(=O)N2CCC(c3cccc(OC)c3)CC2)CC1",356.209992756,"Screening"
"C=CC(=O)NCCC(=O)N1CSCC1C(=O)N(C)C(C)C",313.14601259600005,"Screening"
"C=CC(=O)NCCC(=O)Nc1cccc(C(=O)N2CCCc3ccccc32)c1",377.173941596,"Screening"
"C=CC(=O)NCCC(=O)N1CCC(c2ncc(C(F)(F)F)[nH]2)CC1",344.146010508,"Screening"
"C=CC(=O)NCCC(=O)N1CCN(C(=O)c2ccccc2O)CC1",331.153206152,"Screening"
"C=CC(=O)NCCC(=O)N1CCC(C2CCCCCN2C(C)=O)CC1",349.23654185199996,"Screening"
"C=CC(=O)NCCC(=O)N1CCCC(NC(=O)C(C)(C)C)C1",309.205241724,"Screening"
"C=CC(=O)NCCC(=O)Nc1ccc(N2CCOCC2)nc1C",318.169190564,"Screening"
"C=CC(=O)NCCC(=O)N1Cc2ccccc2C(c2ccccc2)C1",334.168127944,"Screening"
"C=CC(=O)Nc1ccc(C(=O)NC2(C(=O)OC(C)(C)C)CCCCC2)cc1",372.204907376,"Screening"
"C=CC(=O)NCCC(=O)Nc1cc(C(C)(C)C)ccc1OC",304.17869262799996,"Screening"
"O=C(CCl)Nc1ccc(COc2ccccc2)cc1",275.07130636799997,"Screening"
"C=CC(=O)NCCNC(=O)[C@@H]1C[C@H]1c1ccccc1C(F)(F)F",326.124212444,"Screening"
"CC(NC(=O)c1cc(C=O)cn1C)C(O)c1c(F)cccc1Cl",338.083348272,"Screening"
"CC(C)n1ccc(NS(=O)(=O)c2ccc(S(=O)(=O)F)cc2)n1",347.04097614799997,"Screening"
"COc1cccc(-n2cc(C(=O)N3CCC(C4NC(=O)C4(C)C)CC3)nn2)c1",383.1957396600001,"Screening"
"C=CC(=O)N(C)Cc1cc(C)c(OCC(F)(F)F)c(C)c1",301.128963476,"Screening"
"C=CC(=O)N1CCN(CCOc2ccc3c(c2)CCC3)CC1",300.183778008,"Screening"
"C=CC(=O)N1CCN(C(=O)c2sc3ccccc3c2C)CC1",314.108898816,"Screening"
"C=CC(=O)N(C)Cc1nnnn1-c1cc(OC)cc(OC)c1",303.133139404,"Screening"
"C=CC(=O)N1C2CCC1CC(O)(Cc1ccc(F)cc1F)C2",307.13838528800005,"Screening"
"C=CC(=O)N(C)CC(=O)NC(c1ccccc1)c1ccccc1",308.15247788,"Screening"
"C=CC(=O)Nc1ccc(C(=O)N2CCCC2(C)CC(C)C)cc1",314.199428072,"Screening"
"C=CC(=O)Nc1ccc(C(=O)N2CCCCC2COCC)cc1",316.178692628,"Screening"
"CC1(C)C(=O)NC1C1CCN(C(=O)Cc2noc3ccc(F)cc23)CC1",359.164519784,"Screening"
"O=C(NC1CN(c2ccc(F)cc2)C1=O)c1c[nH]nc1C1CCOCC1",358.144118688,"Screening"
"C=CC(=O)N1CCC(C(=O)NCC2CCN(C)C(=O)C2)CC1",307.18959166,"Screening"
"C=CC(=O)NCc1ccc(C(=O)N2CCC(C(F)(F)F)n3nc(C)cc32)cc1",392.1460105080001,"Screening"
"O=Cc1ccn2ncc(C(=O)NCC3CCCO3)c2c1",273.11134134,"Screening"
"CCN(CC(O)C(F)(F)F)C(=O)c1cnn2ccc(C=O)cc12",329.09872596799994,"Screening"
"CCOC(=O)C(C)C(C)NC(=O)c1cnn2ccc(C=O)cc12",317.137556088,"Screening"
"C=CC(=O)NCCC(=O)Nc1cccc(C(=O)OC(C)(C)C)c1",318.157957184,"Screening"
"COC(=O)CN(C)c1c(C=O)c(=O)n(C)c(=O)n1C",269.10117058000003,"Screening"
"C=CC(=O)N1CCC(C(=O)N2CCc3sccc3C2)(c2ccccc2)CC1",380.155849008,"Screening"
"C=CC(=O)N1CCC(C(=O)NCc2ccnc(OC)c2)(c2ccccc2)CC1",379.18959166,"Screening"
"C=CC(=O)N1CCC(C(=O)NCC(C)C2CC2)(c2ccccc2)CC1",340.215078136,"Screening"
"C=CC(=O)N1CCC(C(=O)N2CC[C@H](OC)C2)(c2ccccc2)CC1",342.194342692,"Screening"
"C=CC(=O)N1CCC(C(=O)NC(C(C)C)C2(CO)CCC2)CC1",322.22564282,"Screening"
"C=CC(=O)N1CCC(C(=O)NC(C)c2cccc(C)c2)(c2ccccc2)CC1",376.215078136,"Screening"
"C=CC(=O)N1CCC(C(=O)NCc2n[nH]c(C(C)(C)C)n2)(c2ccccc2)CC1",395.23212516800004,"Screening"
"C=CC(=O)N1CCC(C(=O)NC[C@H]2CC[C@H](C(N)=O)CC2)(c2ccccc2)CC1",397.236541852,"Screening"
"O=S(=O)(F)c1cccc(S(=O)(=O)Nc2cccc(-c3cn(Cc4ccccc4)nn3)c2)c1",472.06752524400014,"Screening"
"O=S(=O)(F)c1cccc(S(=O)(=O)Nc2ncccn2)c1",316.99402595600003,"Screening"
"C=CC(=O)NCc1ccc(S(=O)(=O)N2CCCCC2)s1",314.07588443599997,"Screening"
"C=CC(=O)Nc1ccc(N2CCOCC2)cc1N1CCOCC1",317.173941596,"Screening"
"C=CC(=O)NCc1ccc(S(=O)(=O)N2CCCC(C)C2)cc1",322.135113564,"Screening"
"C=CC(=O)NCc1ccc(N2CCN(c3ncccn3)CC2)c(F)c1",341.16518848,"Screening"
"C=CC(=O)NCCCCCC(=O)N1CCN(C(=O)CC(C)C)CC1",337.236541852,"Screening"
"C=CC(=O)NCC(c1ccc(Cl)cc1)N1CCOC(C)(C)C1",322.144805656,"Screening"
"C=CC(=O)Nc1ccc(OC)c(NC(=O)C2CCCCC2)c1",302.163042564,"Screening"
"C=CC(=O)Nc1ccc(NC(=O)NC2CCN(C)CC2)cc1",302.174275944,"Screening"
"C=CC(=O)Nc1cc(S(=O)(=O)N2CCCCC2)ccc1N1CCOCC1",379.15657728,"Screening"
"CC(Cl)C(=O)NC1(c2ccc(S(C)(=O)=O)cc2)CCOC1",331.064506736,"Screening"
"C=CC(=O)N1CCC(C(=O)NC(c2cccnc2)C(C)(C)CO)CC1",345.20524172399996,"Screening"
"C=CC(=O)N1CCC(C(=O)Nc2ccc(-n3ccccc3=O)cc2F)CC1",369.14886971999994,"Screening"
"C=CC(=O)N1CCC(C(=O)N2CCC(C)(c3cccc(OC)c3)C2)CC1",356.20999275599996,"Screening"
"C=CC(=O)Nc1cc(NC(=O)Cc2ccc(O)c(OC)c2)ccc1F",344.117235244,"Screening"
"CC(C)c1ncc2c(n1)CCN(C(=O)CCl)C2",253.098189812,"Screening"
"COC(=O)CCc1nc(COc2ccc(N3CCC3=O)cc2)no1",331.11682064400003,"Screening"
"CN(Cc1cccs1)C(=O)COc1ccc(N2CCC2=O)cc1",330.103813436,"Screening"
"C=CC(=O)N(C)CC(=O)N(C)Cc1ccc(OC(F)(F)F)cc1",330.11912706400005,"Screening"
"C=CC(=O)N(C)CC(=O)N1CCN(C(=O)COc2ccc(F)cc2)CC1",363.159434404,"Screening"
"C=CC(=O)N(C)CC(=O)N1CCN(C(=O)Cc2cccc(OC)c2)CC1",359.18450628,"Screening"
"C=CC(=O)N(C)CC(=O)N1CCN(c2ccc(C(=O)OC)cc2)CC1C",359.18450628,"Screening"
"C=CC(=O)N(C)CC(=O)Nc1ccn(CCN2CCOCC2)n1",321.180089596,"Screening"
"C=CC(=O)N(C)CC(=O)N1CCN(Cc2noc(-c3cccs3)n2)CC1",375.13651053200005,"Screening"
"C=CC(=O)N(C)CC(=O)N(C)C1CCN(c2ccccc2Cl)C1=O",349.11931917999993,"Screening"
"C=CC(=O)N(C)CC(=O)NC(c1oc2ccccc2c1C)C(C)C",328.178692628,"Screening"
"C=CC(=O)N(C)CC(=O)N1CCN(C(=O)C(C)Oc2cc(C)ccc2C)CC1",387.21580640800005,"Screening"
"C=CC(=O)N(C)CC(=O)N1CCC(c2ccccc2OC)C1",302.163042564,"Screening"
"CC1CCN(C(=O)c2cc(Br)c3ncc(C=O)n3c2)C1C",349.042588852,"Screening"
"C=CC(=O)Nc1cc(NC(=O)c2cc(C)n(C3CCOC3)c2C)ccc1F",371.164519784,"Screening"
"C=CC(=O)N(C)CC(=O)N1CCc2ccc([N+](=O)[O-])cc2C1",303.12190602400005,"Screening"
"C=CC(=O)N(C)CC(=O)NC1CCc2nc(C(C)C)nn2C1",305.18517497600004,"Screening"
"C=CC(=O)N(C)CC(=O)NCc1ccc(C)cc1OC1CCOC1",332.173607248,"Screening"
"C=CC(=O)N(C)CC(=O)NC(CC)c1ccc(OC(F)F)cc1",326.14419894,"Screening"
"C=CC(=O)N(C)CC(=O)N1CCC(Oc2ccc(C(F)(F)F)cn2)C1",357.13002609600005,"Screening"
"C=CC(=O)N(C)CC(=O)N1CCN(C(=O)N(C)C)CC1(C)C",310.20049069199996,"Screening"
"C=CC(=O)N(C)CC(=O)N1CCNC(=O)C1c1ccccc1C",315.158291532,"Screening"
"C=CC(=O)N(C)CC(=O)NC1CCN(c2ccccc2C(F)(F)F)C1",355.15076153999996,"Screening"
"C=CC(=O)N(C)CC(=O)N1CCCC1CN(C(C)=O)C1CC1",307.18959166,"Screening"
"C=CC(=O)N(C)CC(=O)Nc1cc(C(=O)OC)ccc1C(C)C",318.157957184,"Screening"
"C=CC(=O)N(C)CC(=O)Nc1cc(Cl)ccc1OCC1CCC1",336.124070212,"Screening"
"C=CC(=O)N(C)CC(=O)NCCc1c(Cl)cccc1N1CCCC1",349.155704688,"Screening"
"C=CC(=O)N(C)CC(=O)NCC(C)(C)c1ccc(C)cc1C",302.199428072,"Screening"
"COc1cc(C=O)ccc1OCCC(=O)N1CCOC(F)(F)C1",329.10747908400003,"Screening"
"C=CC(=O)N(C)CC(=O)NCC1CCCN(CC(F)(F)F)C1",321.16641160399996,"Screening"
"C=CC(=O)N(C)CC(=O)N1CCC(c2nc(C(F)(F)F)cs2)CC1",361.107182476,"Screening"
"O=C(Nc1cccc(CN2C(=O)CNC2=O)c1)c1cccc(S(=O)(=O)F)c1",391.063819768,"Screening"
"O=C(Nc1cccc(Cn2cccnc2=O)c1)c1ccc(S(=O)(=O)F)cc1",387.06890514799994,"Screening"
"CC(C)c1oc(C2CCCN2C(=O)c2cc(S(=O)(=O)F)c[nH]2)nc1-c1ccccc1",431.13150540400005,"Screening"
"O=S(=O)(F)c1ccc(S(=O)(=O)NCc2cc(COc3ccccc3F)on2)cc1",444.026134608,"Screening"
"CCN(C#N)CCSc1nnc(O)[nH]1",213.068430972,"Screening"
"CCN(C#N)CCSc1nc(O)cc(C(F)F)n1",274.069988444,"Screening"
"C=CC(=O)Nc1cccc(C(=O)NC(C)CCc2cccn2C)c1",325.17902697600005,"Screening"
"C=CC(=O)Nc1cccc(C(=O)N(CCc2nccs2)C(C)C)c1",343.135447912,"Screening"
"C=CC(=O)Nc1cccc(C(=O)Nc2ccc(O[C@@H]3CCCC[C@H]3O)cc2)c1",380.173607248,"Screening"
"C=CC(=O)Nc1cccc(C(=O)N2Cc3ccccc3C[C@H]2C(=O)NC2CC2)c1",389.173941596,"Screening"
"C=CC(=O)Nc1cccc(C(=O)N2CC[C@@H](C)[C@@H](NC(=O)C(F)(F)F)C2)c1",383.14567616,"Screening"
"C=CC(=O)NCc1ccc(C(=O)NCC2(c3ccccc3)CCN(C)CC2)cc1",391.22597716800004,"Screening"
"C=CC(=O)N1CCC(C(=O)NC2CCN(c3ccccc3C#N)CC2)CC1",366.205576072,"Screening"
"C=CC(=O)NCc1ccc(C(=O)N2C[C@H]3CCN(C(=O)NC(C)C)[C@H]3C2)cc1",384.216140756,"Screening"
"C=CC(=O)N1CCC(C(=O)Nc2cc(C)cc(S(C)(=O)=O)c2)CC1",350.13002818399997,"Screening"
"C=CC(=O)N1CCC(C(=O)NCc2cccc3[nH]ccc23)CC1",311.163376912,"Screening"
"C=CC(=O)Nc1ccc(C(=O)Nc2nc(C(C)(C)OC)ns2)cc1",346.109961436,"Screening"
"CC1(Cc2ccccc2)CCCN1c1ncc(C=O)cn1",281.152812228,"Screening"
"O=C(CCl)N1Cc2ccccc2OC2(CCC2)C1",265.086956432,"Screening"
"CC(C)n1nccc1[C@@H]1OCC[C@H]1NC(=O)c1ccc(S(=O)(=O)F)cc1",381.11585533999994,"Screening"
"C=CC(=O)N(CC)CC(=O)N(C)Cc1nccn1C(F)F",300.139782256,"Screening"
"C=CC(=O)N(CC)CC(=O)N1CCc2c(cccc2NS(C)(=O)=O)C1",365.14092721599997,"Screening"
"C=CC(=O)N(CC)CC(=O)NC1(c2noc(C)n2)CCCCCC1",334.20049069199996,"Screening"
"C=CC(=O)N(CC)CC(=O)NC(CC)c1nc(-c2ccccc2)c[nH]1",340.189926008,"Screening"
"C=CC(=O)N(CC)CC(=O)NCc1c(C)nn(CCOC)c1C",322.20049069199996,"Screening"
"C=CC(=O)N(CC)CC(=O)N1CCN(c2c(C#N)cnc3ccccc23)CC1",377.18517497600004,"Screening"
"C=CC(=O)N(CC)CC(=O)N1CCn2c(nnc2C(C)C)C1",305.18517497600004,"Screening"
"C=CC(=O)N(CC)CC(=O)N1CCCC(c2nncn2C(C)C)C1",333.21647510400004,"Screening"
"C=CC(=O)Nc1cccc(C(=O)N2C3CCC2CC(O)(c2ccccc2)C3)c1",376.178692628,"Screening"
"C=CC(=O)Nc1cc(NC(=O)C2CC3CSCC(C2)C3=O)ccc1F",362.110041688,"Screening"
"C=CC(=O)N(CC)CC(=O)Nc1ccc2c(c1)S(=O)(=O)CC2",322.09872805599997,"Screening"
"C=CS(=O)(=O)N1CC[C@H]2OCC[C@H]2C1",217.07726434,"Screening"
"O=Cc1cn(CC(=O)N2CC3(CC(O)CNC3=O)C2)c2ccccc12",341.13755608800005,"Screening"
"CC(Cl)C(=O)N1C[C@H]2COC[C@@]2(c2ccccc2)C1",279.10260649599996,"Screening"
"C=CC(=O)N(CC)CC(=O)N1CCC2(C1)OCc1ccccc12",314.163042564,"Screening"
"C=CC(=O)N(CC)CC(=O)N1CCC(C(=O)NCC(F)(F)F)C1",335.14567616,"Screening"
"C=CC(=O)N(CC)CC(=O)N1CCNC(=O)C1c1c(C)nc2ccccn12",369.1800895960001,"Screening"
"C=CC(=O)N(CC)CC(=O)NCc1ccc(C)nc1-n1cc(Cl)cn1",361.13055256,"Screening"
"C=CC(=O)N(CC)CC(=O)N1CCn2c(C3CCCC3)nnc2C1C",345.21647510400004,"Screening"
"C=CC(=O)N(CC)CC(=O)N1Cc2ccccc2OC(C)(C)C1",316.178692628,"Screening"
"C=CC(=O)N(CC)CC(=O)N1CC(C(F)(F)F)OC(C)(C)C1",322.15042719200005,"Screening"
"C=CC(=O)N(CC)CC(=O)N1CC2(COC2)C(F)(C(=O)OCC)C1",342.159100056,"Screening"
"C=CC(=O)N(CC)CC(=O)NC(C)c1sc(COCC)nc1C",339.16166266000005,"Screening"
"C=CC(=O)N(CC)CC(=O)NC(c1c[nH]c2cccc(F)c12)C(F)(F)F",371.125689664,"Screening"
"O=Cc1cnc2c(Br)cc(C(=O)N3CCC(=C(F)F)CC3)cn12",383.00809516400005,"Screening"
"C=CC(=O)N(CC)CC(=O)N1C[C@H]2CCC[C@@]2(c2nc(C(C)C)no2)C1",360.21614075599996,"Screening"
"C=CC(=O)N1CCC(C(=O)N2CCN(c3nc[nH]n3)CC2)(c2ccccc2)CC1",394.211724072,"Screening"
"C=CC(=O)N(CC)CC(=O)NC(c1cccs1)C1(CO)CCC1",336.150763628,"Screening"
"C=CC(=O)NCCC(=O)N1CCC(c2ccc3cccnc3n2)C1",324.15862588000005,"Screening"
"CC1c2sccc2CCN1C(=O)Cn1cc(C=O)c2ccccc21",338.108898816,"Screening"
"C=CC(=O)NCCC(=O)N1C[C@H]2CCN(Cc3ccccc3)C[C@H]2C1",341.210327104,"Screening"
"C=CC(=O)N(CC)CC(=O)N1CCC(C(=O)OC(C)C)CC1",310.189257312,"Screening"
"C=CC(=O)N(CC)CC(=O)N=S(C)(=O)C1CCCCC1",300.150763628,"Screening"
"C=CC(=O)N(C)CC(=O)NC[C@]1(c2ccccc2)C[C@H](O)C1",302.16304256399997,"Screening"
"C=CC(=O)N(CC)CC(=O)N1CCCC1C(=O)NC(C)(C)C",309.205241724,"Screening"
"CC1CCN(c2ccc(F)cc2F)CCN1c1ncc(C=O)cn1",332.144867636,"Screening"
"CC1(C)C(=O)NC1C1CCN(CC(=O)Nc2cccnn2)CC1",317.18517497600004,"Screening"
"C=CC(=O)Nc1cccc(C(=O)NC2CCS(=O)(=O)C3(CCC3)C2)c1",362.13002818399997,"Screening"
"CC(Cl)C(=O)NCc1nsc2ccc(Cl)cc12",287.9890893,"Screening"
"C=CC(=O)NCCC(=O)N1C[C@H](c2ccccc2Cl)OC[C@H]1C",336.124070212,"Screening"
"C=CC(=O)N1CC=C(CCN2C(=O)c3ccccc3C2=O)CC1",310.13174243599997,"Screening"
"C=CS(=O)(=O)CCC(=O)Nc1cccc2c1oc(=O)n2C",310.062342548,"Screening"
"CCOc1ccccc1-c1cc(C(=O)NCC=CS(C)(=O)=O)n[nH]1",349.109627088,"Screening"
"C=CS(=O)(=O)CCN1CCOC(C)(c2ccccc2)C1",295.124214532,"Screening"
"C=CS(=O)(=O)CCN1CCc2ccccc2C1C(C)C",293.144949976,"Screening"
"C=CS(=O)(=O)CCN1CCOC2(CCOC2C)C1",275.119129152,"Screening"
"C=CC(=O)NC(C)(C)CC(=O)N1CCN(c2ccccc2)CC1",315.19467704,"Screening"
"C=CC(=O)NC(c1ccc(Cl)cc1)C1CC2CCC(C1)N2C",318.14989103600004,"Screening"
"C=CC(=O)NCc1ccc(N2C(=O)NC(C)(C3CC3)C2=O)cc1",313.142641468,"Screening"
"C=CC(=O)NCc1cccc(C(=O)NCc2ccc(C)cc2)c1",308.15247788,"Screening"
"C=CC(=O)Nc1cc(COc2cccc(F)c2)ccc1OC",301.111421592,"Screening"
"C=CC(=O)NC(c1cccc(S(C)(=O)=O)c1)c1ccc(C)cc1C",343.124214532,"Screening"
"C=CC(=O)N(C)C(c1ccc(F)cc1)c1ccc(Cl)cc1",303.08262,"Screening"
"C=CC(=O)NC(Cc1ccccc1F)Cc1ccccc1F",301.127820604,"Screening"
"C=CC(=O)Nc1ccc2c(c1)nc(C(F)(F)F)n2C(C)CC",311.124546792,"Screening"
"C=CC(=O)NC(c1cccc(OC)c1)c1nccn1C",271.132076784,"Screening"
"C=CC(=O)N(C)Cc1ccccc1Oc1ccc(F)c(Cl)c1",319.07753462000005,"Screening"
"O=Cc1sc(Br)nc1C1OCCO1",262.925176152,"Screening"
"CC(C)(C)OC(=O)Nc1cnn(-c2ccccn2)c1C=O",288.12224037199996,"Screening"
"C=CC(=O)N1CCC(C(=O)NCCc2c[nH]c3ccc(C)cc23)CC1",339.19467704,"Screening"
"C=CC(=O)N(C)CC(=O)N(C)[C@@H]1C[C@H](OCC)C12CCCC2",308.209992756,"Screening"
"C=CC(=O)N(C)CC(=O)N[C@H]1CC[C@H](c2nc3ccccc3o2)CC1",341.17394159599996,"Screening"
"CC(C)n1nnnc1SCC1(C)CN(Cc2ccccc2)C1=O",331.146681292,"Screening"
"CCc1nnc(CNC(=O)Cc2ccc(S(=O)(=O)F)cc2)s1",343.04606152800005,"Screening"
"C=CC(=O)NCc1ccc(C(=O)Nc2cc(N3CCCCC3)ccc2C)cc1",377.210327104,"Screening"
"COc1c(C=O)sc(S(N)(=O)=O)c1OC",250.992214388,"Screening"
"C=CC(=O)Nc1ccc(O)c(C(=O)N2CCOCC2C2CCCCC2=O)c1",372.16852186799997,"Screening"
"C=CC(=O)N1CCC(C(=O)NCc2nnc3ccc(N(C)C)nn23)CC1",357.1913229760001,"Screening"
"CC(Cl)C(=O)N1CCC2(CCC(F)(F)CC2)C1",265.104498316,"Screening"
"CC(CCOc1ccccc1)C(=O)N1CCC(S(=O)(=O)F)CC1",343.12535740399994,"Screening"
"CCN1CC(C)(CSc2ncccc2Cl)C1=O",270.05936178,"Screening"
"Cc1oc2ccccc2c1CNC(=O)Cc1ccc(S(=O)(=O)F)cc1",361.07840721199995,"Screening"
"C=CC(=O)N[C@@H]1CN(Cc2ccccc2)C[C@H]1c1ccnn1C",310.179361324,"Screening"
"C=CC(=O)Nc1ccc(C(=O)N2CCC(C)(c3nc(C)no3)CC2)cc1",354.16919056399996,"Screening"
"O=C(CCl)NCc1ccccc1COC1CCCCC1",295.13390662399996,"Screening"
"C=CC(=O)Nc1ccc(C(=O)N2CCS(=O)CC2c2cnn(C)c2)cc1",372.12561150000005,"Screening"
"C=CC(=O)Nc1ccc(C(=O)NC2C(=O)OCC2(C)C)cc1",302.126657056,"Screening"
"C=CC(=O)Nc1ccc(C(=O)NC[C@@H]2CN(C)C[C@H]2c2ccccc2)cc1",363.19467704,"Screening"
"C=CC(=O)Nc1ccc(C(=O)N2CC[C@@H]3COC(=O)N[C@H]3C2)cc1",329.13755608800005,"Screening"
"C=CC(=O)Nc1ccc(C(=O)N2CCCC(Cc3nc(C)cs3)C2)cc1",369.151097976,"Screening"
"C=CC(=O)N1CCC(C(=O)NC2CC(Cl)(Cl)C2)(c2ccccc2)CC1",380.105833304,"Screening"
"C=CC(=O)Nc1ccc(C(=O)N2CC(C)(C)[C@H]3CCC[C@H]32)cc1",312.183778008,"Screening"
"C=CC(=O)N1CCC(C(=O)N(C)CC(O)c2cccnc2)(c2ccccc2)CC1",393.205241724,"Screening"
"C=CC(=O)N1CCC(C(=O)NCc2ccc(-n3cccn3)cc2C)CC1",352.189926008,"Screening"
"O=c1[nH]ccc2ccc(N(Cc3ccnc(Cl)c3)S(=O)(=O)c3cccc(S(=O)(=O)F)c3)cc12",507.01256847999997,"Screening"
"C=CC(=O)Nc1ccc(S(=O)(=O)CCN2CCOCC2)cc1",324.11437811999997,"Screening"
"C=CC(=O)Nc1cccc(-c2ccnc3c(-c4ccccc4)cnn23)c1",340.132411132,"Screening"
"C=CC(=O)Nc1cccc(C(=O)N2CCCC23CCCS(=N)(=O)C3)c1",361.14601259600005,"Screening"
"CC(Cl)C(=O)N[C@@H]1COC[C@H]1N1CCOCC1",262.108420148,"Screening"
"C=CC(=O)N1CCC(C(=O)N[C@@H](Cc2ccccc2)C(=O)OC)CC1",344.17360724799994,"Screening"
"COC(=O)C1CC(S(=O)(=O)F)CN1C(=O)C1CCN(C(=O)c2ccc(Cl)s2)CC1",466.04353426,"Screening"
"O=C1c2cccc(OS(=O)(=O)F)c2C(=O)N1Cc1ccccc1",335.02637164000004,"Screening"
"O=C1c2ccccc2C(=O)N1CCc1ccc(OS(=O)(=O)F)cc1",349.0420217039999,"Screening"
"O=C(CC(c1ccccc1)n1cnnn1)N1CC(CS(=O)(=O)F)C1",353.09578859199996,"Screening"
"CC(Cl)C(=O)N(C)C1CCN(c2ccncc2)C1",267.113839876,"Screening"
"CC(Cl)C(=O)NCc1cc(C(F)(F)F)cs1",271.004547248,"Screening"
"C=CC(=O)N1CCC(C(=O)Nc2ccc3oc(C(F)(F)F)cc(=O)c3c2)CC1",394.11404168400003,"Screening"
"C=CC(=O)N1CCC(C(=O)Nc2nnc(SC(F)(F)F)s2)CC1",366.043202316,"Screening"
"C=CC(=O)N1CCC(C(=O)Nc2ccnc(CC)c2)(c2ccccc2)CC1",363.19467704,"Screening"
"C=CC(=O)N1CCC(C(=O)Nc2nnc(N3CCCC3)[nH]2)(c2ccccc2)CC1",394.21172407200004,"Screening"
"C=CC(=O)N1CCC(C(=O)N2CCCc3sc(Br)cc3C2)CC1",396.050711012,"Screening"
"C=CS(=O)(=O)N(Cc1ccco1)C1CC1",227.061614276,"Screening"
"C=CS(=O)(=O)N1CCC(O)CC(C)C1",219.092914404,"Screening"
"C=CC(=O)Nc1cccc(C(=O)N2C[C@@H](F)C[C@H]2CS(C)(=O)=O)c1",354.104956308,"Screening"
"C=CC(=O)N(C)CC(=O)N1C[C@H](c2ccccc2)OC[C@H]1C",302.163042564,"Screening"
"C=CC(=O)Nc1cccc(C(=O)N(C)C[C@@H]2CCCN(C)[C@H]2c2ccnn2C)c1",395.23212516800004,"Screening"
"C=CC(=O)NCCC(=O)N[C@@H]1CCN(C)[C@H]1c1ccc(Cl)c(F)c1",353.13063281200004,"Screening"
"C=CC(=O)N1CCC(C(=O)NCc2nc3c(s2)CC(C)(C)CC3)CC1",361.182398104,"Screening"
"C=CC(=O)N(CC)CC(=O)N1CCN(C2CCOCC2)C(=O)C1",323.18450628,"Screening"
"C=CC(=O)Nc1cccc(C(=O)NC2(C(=O)N(C)C)CC(F)(F)C2)c1",351.139447908,"Screening"
"C=CC(=O)NCCC(=O)N1CCc2c(ccc(Br)c2F)C1",354.037918072,"Screening"
"C=CC(=O)N1CCC(C(=O)NC2CN(Cc3ccccc3)C3(CCCC3)C2)CC1",395.257277296,"Screening"
"C=CC(=O)N1CCC(C(=O)N[C@H](C(=O)OCc2ccccc2)[C@@H](C)CC)CC1",386.22055744,"Screening"
"CC(Cl)C(=O)N1CCC(CC#N)C(F)(F)CC1",264.08409722,"Screening"
"C=CC(=O)Nc1cccc(C(=O)N2C[C@H](O)[C@H]3COC[C@H]32)c1",302.126657056,"Screening"
"C=CC(=O)N(C)CC(=O)NCC1CCc2cc(F)ccc2O1",306.137970688,"Screening"
"C=CC(=O)Nc1ccc(O)c(C(=O)N2CCC23CCC(F)(F)CC3)c1",350.14419894,"Screening"
"C=CC(=O)N1CCC(C(=O)NC[C@@H]2CC(=O)N(C(C)(C)C)[C@H]2c2cnn(C)c2)CC1",415.25833991600007,"Screening"
"C=CC(=O)N1CCC(C(=O)N2CCSCC2C(=O)OCC)CC1",340.14567824799997,"Screening"
"C=CC(=O)N(CC)CC(=O)NC1CCc2[nH]c3ccc(Cl)cc3c2C1",359.140054624,"Screening"
"C=CC(=O)N1CCC(C(=O)N(CC)CC(=O)N2CCCCCC2)(c2ccccc2)CC1",425.26784198,"Screening"
"C=CC(=O)N1CCC(C(=O)N2CCC3(CC2)OCc2ccccc23)(c2ccccc2)CC1",430.22564282,"Screening"
"C=CC(=O)N1CCC(C(=O)Nc2cnn(-c3ccccc3)c2C(C)C)(c2ccccc2)CC1",442.2368762,"Screening"
"C=CC(=O)Nc1cc(NC(=O)[C@@H]2CCO[C@H]2c2ccnn2-c2ccccc2C)ccc1F",434.17541881600005,"Screening"
"C=CC(=O)N1CCC(C(=O)NC(C)Cc2cccc(Br)c2)CC1",378.09429007600005,"Screening"
"C=CC(=O)N1CCC(C(=O)N2CCC(n3c(=O)[nH]c4ccccc43)CC2)CC1",382.20049069199996,"Screening"
"C=CC(=O)N1CCC(C(=O)N2CC(C(=O)OCC)C3(COC3)C2)(c2ccccc2)CC1",426.21547205999997,"Screening"
"C=CC(=O)N1CCC(C(=O)N2CCOC(c3ccc(F)c(F)c3)C2)(c2ccccc2)CC1",440.191149132,"Screening"
"C=CC(=O)N1CCC(C(=O)N2CCN(C(=O)OCC(C)C)CC2)CC1",351.21580640800005,"Screening"
"C=CC(=O)N1CCC(C(=O)Nc2ncc(-c3ccccc3C)s2)CC1",355.135447912,"Screening"
"C=CC(=O)N1CCC(C(=O)NC(C)CN2CCCC2=O)CC1",307.18959166,"Screening"
"C=CC(=O)N1CCC(C(=O)N2CCc3cc(-c4cccc(F)c4)ccc32)CC1",378.174356196,"Screening"
"C=CC(=O)N1CCC(C(=O)NC2(C(N)=O)C3CC4CC(C3)CC2C4)CC1",359.220891788,"Screening"
"C=CC(=O)N1CCC(C(=O)NCc2ccnc(Oc3cccc(C)c3C)c2)CC1",393.205241724,"Screening"
"C=CC(=O)N1CCC(C(=O)N2CC=C(c3ccc(C)nc3)CC2)(c2ccccc2)CC1",415.225977168,"Screening"
"C=CC(=O)N1CCC(C(=O)N2CCCC(C(=O)Nc3ccc(Cl)cn3)C2)CC1",404.16151834000004,"Screening"
"C=CC(=O)N1CCC(C(=O)N2CCN(C)c3ncccc32)CC1",314.174275944,"Screening"
"C=CC(=O)N1CCC(C(=O)N(C)Cc2csc3ccccc23)CC1",342.140198944,"Screening"
"O=C(NC1(c2cccc(F)c2)CCOCC1)C1CO1",265.111421592,"Screening"
"O=C(C1CO1)N1CCC(Oc2cccc(F)c2)CC1",265.111421592,"Screening"
"O=C(NCCc1nc(C(F)(F)F)cs1)C1CO1",266.033683188,"Screening"
"O=C(NC(c1ccccc1)c1ccccn1)C1CO1",254.105527688,"Screening"
"Cn1cc(-c2nc(C3CCCCCN3C(=O)C3CO3)no2)cn1",317.148789468,"Screening"
"O=C(NC1(c2ccc(OC(F)(F)F)cc2)CC1)C1CO1",287.076927904,"Screening"
"Cc1ccc(NC(=O)N2CCN(C(=O)C3CO3)CC2)cc1Cl",323.103669116,"Screening"
"Cc1nc(-c2ccc(CNC(=O)C3CO3)cc2)cs1",274.077598688,"Screening"
"O=C(NC(Cc1ccccc1)c1ccccn1)C1CO1",268.121177752,"Screening"
"O=C(C1CO1)N(Cc1ccccc1)C1CCCCC1",259.157228912,"Screening"
"O=C(NCc1cnn(-c2ccccc2)c1C(F)(F)F)C1CO1",311.08816128399997,"Screening"
"O=C(C1CO1)N1CCOCC1Cc1c[nH]c2ccccc12",286.131742436,"Screening"
"CC1(C)CC(NC(=O)C2CO2)c2cc(F)ccc2O1",265.111421592,"Screening"
"COC1CCN(c2ccc(F)cc2CN(C)C(=O)C2CO2)CC1",322.169270816,"Screening"
"O=C(Nc1ccc(F)cc1)c1ccc(CNC(=O)C2CO2)cc1",314.10667056,"Screening"
"O=C(Nc1c[nH]nc1C1CCCN(C(=O)C2CO2)C1)C1CCCC1",332.18484062799996,"Screening"
"O=C(NCc1c(-c2ccc(F)cc2)nc2ccc(F)cn12)C1CO1",329.097583096,"Screening"
"O=C(NC1CCCc2cc(OC(F)F)ccc21)C1CO1",283.10199978,"Screening"
"CN(Cc1ccccc1-c1ccccc1)C(=O)C1CO1",267.125928784,"Screening"
"O=C(NCC(c1ccccc1)c1c[nH]c2ccccc12)C1CO1",306.13682781599994,"Screening"
"CC(C)C(NC(=O)C1CO1)c1ccc2c(c1)OCCO2",277.131408088,"Screening"
"O=C(NCc1ccc(Oc2ccc(F)cc2)cc1)C1CO1",287.095771528,"Screening"
"Cc1ccc(CNC(=O)C2CCN(C(=O)C3CO3)CC2)cc1F",320.15362075200005,"Screening"
"CC(C)N(Cc1cccc(Cl)c1)C(=O)C1CO1",253.086956432,"Screening"
"COc1ccc(C(=O)N2CCC(NC(=O)C3CO3)CC2)c(OC)c1",334.152871804,"Screening"
"Cc1cc(C)n(Cc2cccc(CNC(=O)C3CO3)c2)n1",285.14772684800005,"Screening"
"Cc1cc(S(=O)(=O)N2CCN(C(=O)C3CO3)CC2)c(C)s1",330.070799056,"Screening"
"COc1ccccc1C(C)(C)CNC(=O)C1CO1",249.136493468,"Screening"
"O=C(C1CO1)N(Cc1ccccc1)Cc1cc[nH]n1",257.11642672,"Screening"
"CN(C(=O)C1CO1)C1CCN(c2ncnc3ccccc23)CC1",312.15862588,"Screening"
"COCC(NC(=O)C1CO1)c1cccc(C(F)(F)F)c1",289.092577968,"Screening"
"O=C(NC1CCCCCC1c1ccccc1)C1CO1",259.157228912,"Screening"
"O=C(NC(c1ccc(F)cc1)C1CCOCC1)C1CO1",279.127071656,"Screening"
"O=C(NC(c1cccc(C(F)(F)F)c1)C1CC1)C1CO1",285.09766334799997,"Screening"
"O=C(C1CO1)N1CCC(c2nccc(C(F)(F)F)n2)CC1",301.103811348,"Screening"
"O=C(C1CO1)N1CCCC(COc2ccccc2Cl)C1",295.097521116,"Screening"
"CC(NC(=O)C1CO1)c1nccc(C(F)(F)F)n1",261.07251122,"Screening"
"O=C(NC1CCc2[nH]c3ccc(Cl)cc3c2C1)C1CO1",290.0822054,"Screening"
"COc1ccc2c(c1)C(NC(=O)C1CO1)C(OC)CC2",277.131408088,"Screening"
"O=C(NC1CC(=O)N(c2c(F)cccc2F)C1)C1CO1",282.08159868399997,"Screening"
"O=C(NC1CCCOc2cc(Cl)ccc21)C1CO1",267.066220988,"Screening"
"O=C(N[C@@H]1C[C@H]1c1cccc2ccccc12)C1CO1",253.11027872,"Screening"
"COc1cc(C2CCCN(C(=O)C3CO3)C2)ccc1C",275.152143532,"Screening"
"CN(C(=O)C1CO1)C(c1ccccc1)c1ccccc1",267.125928784,"Screening"
"CC1CN(Cc2ccccc2)CC2(CCN(C(=O)C3CO3)CC2)O1",330.19434269199996,"Screening"
"CC1(C)CN(CCNC(=O)C2CO2)c2ccccc2O1",276.1473925,"Screening"
"CC(C)(O)C(Cc1ccc(F)cc1)NC(=O)C1CO1",267.127071656,"Screening"
"C=CC(=O)N[C@@H]1CCO[C@H]1C1CCN(C(=O)Cc2cccc3ccccc23)CC1",392.209992756,"Screening"
"C=CC(=O)NC[C@@H]1CN(C(=O)Cc2cccc3ccccc23)C[C@H]1OCC",366.19434269199996,"Screening"
"C=CC(=O)N(C)CC(=O)Nc1ccc(OC(C)(C)C)c(C#N)c1",315.1582915320001,"Screening"
"O=C1CC(Oc2ccc(NC(=O)[C@@H]3C[C@H]3c3ccsc3)cc2)N1",328.088163372,"Screening"
"C=CC(=O)N(C)CC(=O)NC(C)Cc1ccc(N(C)C)cc1C",317.210327104,"Screening"
"CC(C)N(Cc1ccccn1)C(=O)c1ccc(S(=O)(=O)F)cc1",336.09439162399997,"Screening"
"CC(C)(C)OC(=O)N1CC(n2nccc2C=O)C1",251.126991404,"Screening"
"CCOC(=O)Cn1cc(C=O)c(-c2cccnc2)n1",259.095691276,"Screening"
"C=CC(=O)NC1CCc2nc(-c3ccc(F)cc3F)cn2C1",303.11831854,"Screening"
"CC(C)(C)OC(=O)Nc1nccc(O)c1C=O",238.095356928,"Screening"
"O=C(CCl)NCCc1ccc2c(c1)OCCCO2",269.081871052,"Screening"
"CC(C)NC(=O)C(C#N)=Cc1ccccc1OCCC(=O)O",302.12665705599994,"Screening"
"CC(C)OCCCNC(=O)C(C#N)=Cc1ccc2[nH]cnc2c1",312.15862588,"Screening"
"O=Cc1cc(F)ccc1OCc1nnnn1CC1CCOCC1",320.128468624,"Screening"
"Cc1cc(NC(=O)c2cc(S(=O)(=O)F)c[nH]2)n(CCC#N)n1",325.0644884640001,"Screening"
"CN1C(=O)CCN(C(=O)c2cccc(S(=O)(=O)F)c2)c2ccccc21",362.07365618,"Screening"
"O=S(=O)(F)c1ccc(S(=O)(=O)N2CC3CC(O)C3C2)cc1",335.029742768,"Screening"
"CC(C)(C)c1ncc2c(n1)CCN(C(=O)CCl)C2",267.113839876,"Screening"
"CC(Cl)C(=O)NCC(C)(C)C(=O)N1CCCC1",260.129155592,"Screening"
"CC(Cl)C(=O)NC(C)(C)c1nc2cc(Cl)ccc2o1",300.04323304799993,"Screening"
"C=CC(=O)Nc1cccc(C(=O)NC2CCC(=O)NC23CCOCC3)c1",357.168856216,"Screening"
"C=CC(=O)Nc1cccc(C(=O)N2CSCC2C(=O)NC(C)(C)C)c1",361.14601259600005,"Screening"
"C=CC(=O)Nc1cccc(C(=O)Nc2c(C)cnn2CC2CC2)c1",324.15862588,"Screening"
"CS(=O)(=O)NCC1CCN(C(=O)c2cc(S(=O)(=O)F)c[nH]2)CC1",367.067190896,"Screening"
"C=CC(=O)Nc1cccc(C(=O)N(CC2CCC2)CC(F)(F)F)c1",340.139862508,"Screening"
"C=CC(=O)Nc1cccc(C(=O)NCC(C)N2CCCCC2=O)c1",329.17394159599996,"Screening"
"C=CC(=O)Nc1cccc(C(=O)N2CCN(c3c(C#N)c(C)nn3C)CC2)c1",378.18042394400004,"Screening"
"C=CC(=O)Nc1cccc(C(=O)N[C@@H](CC(C)C)C(=O)N2CCOCC2)c1",373.200156344,"Screening"
"C=CC(=O)NCCC(=O)N1CCC(S(=O)(=O)c2ccc(C)cc2)CC1",364.14567824799997,"Screening"
"C=CC(=O)NCc1ccc(C(=O)N(c2cc(C)ccc2C)C2CCOCC2)cc1",392.20999275599996,"Screening"
"CC(Cl)C(=O)Nc1ccc2sc(=O)n(C)c2c1",270.022976272,"Screening"
"CC(Cl)C(=O)Nc1cccc2c1N(C)C(=O)CO2",268.061469956,"Screening"
"CC(Cl)C(=O)N(Cc1cnn(C)c1)c1ccc(F)cc1",295.088768,"Screening"
"CCC(=O)N1CCC(C(=O)Nc2ncc(S(=O)(=O)F)s2)C1",335.04097614799997,"Screening"
"C=CC(=O)NCc1ccc(C(=O)N[C@@H]2CCC(=O)N[C@H]2C2CC2)cc1",341.173941596,"Screening"
"C=CC(=O)N(CC)CC(=O)Nc1ccc(C(=O)NC)cc1C",303.158291532,"Screening"
"C=CC(=O)N(CC)CC(=O)N1CCCCC1c1nc2ccccc2n1C",354.205576072,"Screening"
"C=CC(=O)N(CC)CC(=O)Nc1cccc(C(=O)N2CCSCC2)c1C",375.16166266000005,"Screening"
"C=CC(=O)N(CC)CC(=O)Nc1ccc2cnn(C(C)C)c2c1",314.174275944,"Screening"
"C=CC(=O)N(CC)CC(=O)NC(C)c1ccc(-n2c(C)c[nH]c2=O)cc1",356.18484062799996,"Screening"
"C=CC(=O)N(CC)CC(=O)NC(c1c(C)nn(C)c1C)C(F)(F)F",346.161660572,"Screening"
"C=CC(=O)N(CC)CC(=O)NC(C)c1ccc(OCC2CC2)c(F)c1",348.18492088000005,"Screening"
"C=CC(=O)N(CC)CC(=O)NCc1ccnc(OC2CCOC2)c1",333.168856216,"Screening"
"C=CC(=O)N(CC)CC(=O)N1CCN(Cc2c(C)nc3n2CCCC3)CC1",373.24777523200004,"Screening"
"O=c1[nH]c(-c2ccc(S(=O)(=O)F)cc2)nc2ccc(Br)cc12",381.942303436,"Screening"
"C=CC(=O)N(CC)CC(=O)Nc1cnn(-c2cccc(C#N)c2)c1CCC",365.18517497600004,"Screening"
"C=CC(=O)N(CC)CC(=O)N(C)CCN1CCOC(C)(C)C1",311.220891788,"Screening"
"C=CC(=O)N(CC)CC(=O)N1CCC(n2c(C)nc3ccccc32)CC1",354.205576072,"Screening"
"C=CC(=O)N(CC)CC(=O)N1CCn2c(Cl)ccc2C1C",309.12440456,"Screening"
"C=CC(=O)N(CC)CC(=O)N1Cc2cc(C)ccc2CC1(C)C",314.199428072,"Screening"
"C=CC(=O)N1CCC(C(=O)N[C@@H]2CCCN(C(=O)c3cc(C)no3)C2)CC1",374.195405312,"Screening"
"C=CC(=O)N(CC)CC(=O)N1CCC(OC)(C(F)(F)F)CC1",322.15042719200005,"Screening"
"C=CC(=O)N(CC)CC(=O)N1C[C@H](C(=O)OC)[C@@H](c2ccc(F)cc2F)C1",380.154763624,"Screening"
"C=CC(=O)N1CCC(C(=O)Nc2c(C)n(C)n(C3CCCCC3)c2=O)CC1",374.23179081999996,"Screening"
"C=CC(=O)N(CC)CC(=O)NCCc1cn(C)c2ncccc12",314.174275944,"Screening"
"C=CC(=O)N(C)CC(=O)N1CCC2(CN(Cc3ccccc3)CC(C)O2)C1",371.22089178799996,"Screening"
"COC(=O)c1cnc(CCNC(=O)CCl)s1",262.017890892,"Screening"
"CN(Cc1nc(-c2cccs2)no1)C(=O)CCl",271.01822524,"Screening"
"C=CC(=O)N(CC)CC(=O)N1CCC([C@@H]2OCC[C@H]2C(=O)OC)CC1",352.19982199599997,"Screening"
"O=C(CCl)N1CCN(C(=O)CCc2ccc(Cl)cc2)CC1",328.074533176,"Screening"
"CC1(C)C2CN(C(=O)CCc3ccc(S(=O)(=O)F)cc3)CC21",325.11479271999997,"Screening"
"CCOC(=O)c1nn(C2CCOCC2)cc1C=O",252.111006992,"Screening"
"CC(C)c1nsc(CN2CCC(C3NC(=O)C3(C)C)CC2)n1",322.182732452,"Screening"
"CC1(Cc2ccc(Cl)s2)CCCN1C(=O)c1cncc(C=O)c1",348.069926464,"Screening"
"C=CC(=O)N(CC)CC(=O)NC1CCC(=O)N(c2cnn(C)c2)C1",333.1800895960001,"Screening"
"CC(C)(C)OC(=O)N1CCC2(CCOC2)C(C=O)C1",269.162708216,"Screening"
"C=CS(=O)(=O)CCC(=O)Nc1ccc2nc(C)nn2c1",294.078661308,"Screening"
"C=CS(=O)(=O)CCC(=O)Nc1ccc2c(c1)cc(C)c(=O)n2C",334.09872805599997,"Screening"
"C=CS(=O)(=O)CCC(=O)Nc1ncsc1C1CC1",286.04458430799997,"Screening"
"COC(=O)C1CCN(C(=O)OC(C)(C)C)C=C1C=O",269.12632270800003,"Screening"
"Cc1cc(C=O)c(O)c(C(=O)N2CCCC(c3cc(C)n[nH]3)C2)c1",327.1582915320001,"Screening"
"CN(C)C(=O)OC1CCN(C(=O)c2ccc(N(C)C)c(C=O)c2)C1",333.168856216,"Screening"
"CC(C)c1csc(CNC(=O)c2ccc(N(C)C)c(C=O)c2)n1",331.135447912,"Screening"
"O=Cc1ccccc1S(=O)(=O)N1CCN2CCOCC2(CO)C1",340.10929273999994,"Screening"
"C=CS(=O)(=O)CCN1CCNC(=O)C1C(C)C",260.1194635,"Screening"
"C=CS(=O)(=O)CCN1CC2CCCC2C1C(N)=O",272.1194635,"Screening"
"C=CC(=O)NC1(c2noc(C3CCOC3)n2)CCCCCC1",305.173941596,"Screening"
"C=CC(=O)Nc1ccc(C(=O)NCC2CCCO2)c(Cl)c1",308.092770084,"Screening"
"C=CC(=O)N1CCCC(c2nc(-c3ccccc3OC)cs2)C1",328.12454888,"Screening"
"C=CC(=O)N1CCC(N(C)C(=O)c2ccc(C(F)(F)F)cc2)CC1",340.139862508,"Screening"
"C=CC(=O)N(C)CCOc1ccc(S(N)(=O)=O)cc1F",302.07365618,"Screening"
"C=CC(=O)NCc1ccc(Oc2ccc(F)c(F)c2)cc1C(F)(F)F",357.078819724,"Screening"
"C=CC(=O)NC1CCCCC1Oc1ccc(OCCC)cc1",303.18344366,"Screening"
"C=CC(=O)NC(c1ccc(OC)cc1)c1ccc2c(c1)CCO2",309.136493468,"Screening"
"C=CC(=O)Nc1ccc(-n2ccc(C(=O)OCC)n2)c(F)c1",303.101919528,"Screening"
"C=CC(=O)N1CCC(C(=O)N2CCC[C@]2(C)C(=O)OC)CC1",308.173607248,"Screening"
"O=C(CCl)Nc1nn(CC(F)F)c2ccccc12",273.04804606,"Screening"
"C=CS(=O)(=O)CCC(=O)N1CCCCc2c(Br)cccc21",371.019076536,"Screening"
"CC1SCCC1NC(=O)c1ccc(S(=O)(=O)F)cc1Cl",337.000941176,"Screening"
"C=CC(=O)Nc1ccc(O)c(C(=O)NCC(C)CN2CCCC2=O)c1",345.168856216,"Screening"
"C=CC(=O)NCc1ccc(C(=O)N2CCc3nc(N(C)C)sc3C2)cc1",370.14634694399996,"Screening"
"C=CC(=O)N1CCC(C(=O)NCCCc2ccsc2)CC1",306.140198944,"Screening"
"C=CC(=O)N(C)CC(=O)N1CCC[C@@H]1C(=O)Nc1ccccc1",315.158291532,"Screening"
"O=C(CCl)N1CCN(Cc2ccccc2)C2(CCC2)C1",292.13424097200004,"Screening"
"O=C(CCl)NCc1nc2ccccc2c(=O)[nH]1",251.04615424,"Screening"
"Cc1cccc(-n2nnnc2SCC2(C)CN(C3CCC3)C2=O)c1",343.146681292,"Screening"
"C=CC(=O)Nc1ccc(C(=O)N2CCN(C3=NCC(C)S3)CC2)cc1",358.14634694399996,"Screening"
"CCc1c(NC(=O)Cc2ccc(C=O)[nH]2)cnn1CCC(C)C",316.189926008,"Screening"
"O=Cc1ccc(CC(=O)NC2CC23CCCCC3)[nH]1",260.15247788,"Screening"
"O=Cc1ccc(CC(=O)NCc2ccc(N3CCCC3=O)cc2)[nH]1",325.142641468,"Screening"
"C=CS(=O)(=O)N(Cc1ccccc1)C1CCOC1",267.092914404,"Screening"
"O=C(NC1(Cc2ccc(Cl)cc2)CCC1)c1cccc(S(=O)(=O)F)c1",381.06017030399994,"Screening"
"O=C(NCCCc1ccc(S(=O)(=O)F)cc1)C(F)(F)F",313.039577092,"Screening"
"O=C(CCl)Nc1cnc(C2CCOCC2)nc1",255.077454368,"Screening"
"C=CC(=O)Nc1ccc(C(=O)N2CCOCC2CNC(=O)NC)cc1",346.164105184,"Screening"
"C=CC(=O)Nc1ccc(C(=O)N2CCCC2C2OCCO2)cc1",316.14230712,"Screening"
"C=CC(=O)NCCc1ccc(S(=O)(=O)N2CCCCC2C)cc1",336.150763628,"Screening"
"C=CC(=O)Nc1cnn(C(C)c2nnc3n2CCCCC3)c1",300.16985925999995,"Screening"
"C=CC(=O)Nc1ccc(SCc2ccccc2Cl)cn1",304.043711716,"Screening"
"C=CC(=O)NCC1CCCCN1c1ncnc2c1cnn2C",300.16985926,"Screening"
"C=CC(=O)Nc1cc(NC(=O)[C@@H]2C[C@H]2c2ccc3ccccc3c2)ccc1F",374.143056068,"Screening"
"O=C(CCl)N1CCC2(CC1)COc1ccccc12",265.086956432,"Screening"
"Cc1cc(C(F)(F)F)nc(N2CCC(S(=O)(=O)F)CC2)n1",327.066460536,"Screening"
"O=S(=O)(F)Oc1ccc(Oc2ccc(C(F)(F)F)cn2)cc1",337.0031915840001,"Screening"
"C=CC(=O)Nc1cc(NC(=O)c2cc(-c3c(F)cccc3F)no2)ccc1F",387.083075904,"Screening"
"CC(C)S(=O)(=O)c1ccc(NC(=O)CCl)cc1",275.038291988,"Screening"
"CC(Cl)C(=O)Nc1ccc2c(=O)n(C)cnc2c1",265.061804304,"Screening"
"C=CC(=O)NCCC(=O)N[C@H]1CCOc2c(C)ccc(C)c21",302.163042564,"Screening"
"C=CS(=O)(=O)N[C@@H](CO)c1ccccc1",227.061614276,"Screening"
"C=CS(=O)(=O)NC(C)c1cc(C)sc1C",245.05442072,"Screening"
"C=CS(=O)(=O)NC(C)(C)c1ccc(Br)cc1",302.99286178799997,"Screening"
"C=CS(=O)(=O)N1CCC(C)(C#N)C1",200.061948624,"Screening"
"C=CS(=O)(=O)NCc1cccc2nsnc12",255.013618528,"Screening"
"C=CC(=O)NCCC(=O)N[C@@H]1CCN(C)[C@H]1c1ccc(Cl)cc1",335.140054624,"Screening"
"C=CC(=O)NCc1ccc(C(=O)N2CCN(C3=NCCS3)CC2)cc1",358.14634694399996,"Screening"
"C=CC(=O)Nc1ccc(C(=O)NCCC2CC(C)(C)NC2=O)cc1",329.17394159599996,"Screening"
"C=CC(=O)Nc1cccc(C(=O)NCC2CCC(F)(F)C(=O)N2)c1",337.123797844,"Screening"
"C=CC(=O)NCCC(=O)N1CCc2cc(Cl)ccc2C1C",306.113505528,"Screening"
"C=CC(=O)Nc1ccc(O)c(C(=O)N2CCOC(c3ccc(C)s3)C2)c1",372.11437811999997,"Screening"
"C=CC(=O)Nc1ccc(O)c(C(=O)N2CC3(CCCCC3)CC2C(=O)OC)c1",386.18417193199997,"Screening"
"C=CC(=O)NCCC(=O)Nc1ccc2c(c1)C1(CCCCC1)C(=O)N2",341.173941596,"Screening"
"C=CS(=O)(=O)NCC1CCCC(F)(F)C1",239.07915616,"Screening"
"O=C(CCl)N1CCC(c2cc(F)cc(F)c2)CC1",273.073198188,"Screening"
"Cc1ccc(NC(=O)CCl)cc1C(=O)NC1CC1",266.0822054,"Screening"
"C=CC(=O)NCc1ccc(C(=O)N=S2(=O)CCCC3(C2)OCCO3)cc1",378.12494280399994,"Screening"
"C=CC(=O)NCc1ccc(C(=O)N2CCOC3(CCSCC3)CC2)cc1",374.166413692,"Screening"
"C=CS(=O)(=O)N(C)C1(CO)CC2(CCC2)C1",245.108564468,"Screening"
"CC(C)(C)OC(=O)N1CC(c2ocnc2C=O)C1",252.111006992,"Screening"
"C=CC(=O)N1CCC(C(=O)N2CC(C(=O)OC)C3(CCC3)C2)(c2ccccc2)CC1",410.22055744,"Screening"
"C=CC(=O)N(CC)CC(=O)N1CCCc2cc(N3CCCCC3CC)ccc21",383.257277296,"Screening"
"C=CC(=O)N1CCC(C(=O)N2CCc3cc(OCCC)ccc3C2)CC1",356.209992756,"Screening"
"C=CC(=O)N(CC)CC(=O)N1CCC(c2nc(-c3ccccc3Br)no2)CC1",446.095352696,"Screening"
"C=CC(=O)N1CCC(C(=O)N2CCN(c3cncc(F)c3)CC2)(c2ccccc2)CC1",422.211804324,"Screening"
"C=CC(=O)N1CCC(C(=O)NC2(c3noc(C4CCCO4)n3)CCCCCC2)CC1",416.242355504,"Screening"
"C=CC(=O)N1CCC(C(=O)NC(c2nc(C3CC3)no2)C(C)C)CC1",346.20049069199996,"Screening"
"C=CC(=O)Nc1cc(NC(=O)C2(C(=O)OC(C)(C)C)CCSCC2)ccc1F",408.1519065,"Screening"
"C=CC(=O)N1CCC(C(=O)NC(C)c2nc(C(F)(F)F)no2)(c2ccccc2)CC1",422.156575192,"Screening"
"C=CC(=O)N1CCC(C(=O)N(C2CC2)C2CCS(=O)(=O)C2)CC1",340.14567824799997,"Screening"
"C=CC(=O)N1CCC(C(=O)Nc2ccc(Oc3ccc(C)c(C)c3)nc2)CC1",379.1895916600001,"Screening"
"C=CC(=O)N1CCC(C(=O)NCCC(=O)N2CCN(c3ccccc3)CC2)CC1",398.23179081999996,"Screening"
"C=CC(=O)N1CCC(C(=O)Nc2ccc(C(=O)NC3CCOCC3)cc2)CC1",385.200156344,"Screening"
"C=CC(=O)N1CCC(C(=O)N2CCCC(Oc3ncccc3F)C2)(c2ccccc2)CC1",437.211469976,"Screening"
"C=CC(=O)N1CCC(C(=O)NCc2ccccc2S(=O)(=O)N2CCCCC2)CC1",419.187877408,"Screening"
"C=CC(=O)N1CCC(C(=O)NCc2c(F)cccc2NS(C)(=O)=O)CC1",383.13150540399994,"Screening"
"C=CC(=O)N1CCC(C(=O)N2CCOC(c3cnn(CC)c3)C2)(c2ccccc2)CC1",422.23179081999996,"Screening"
"C=CC(=O)N1CCC(C(=O)N2CCN3C(=O)N(CC(C)C)CC3C2)(c2ccccc2)CC1",438.26309094799996,"Screening"
"C=CC(=O)N1CCC(C(=O)N2CC3(CCOCC3)[C@H]3CCC[C@H]32)CC1",346.22564282,"Screening"
"COc1ccc2c(c1)CCCN(C(=O)C1CO1)C2",247.120843404,"Screening"
"O=C(NC1CCCOc2c(Cl)cccc21)C1CO1",267.066220988,"Screening"
"O=C(NC1c2ccccc2CC12CCOCC2)C1CO1",273.136493468,"Screening"
"O=C(C1CO1)N1CCC(c2nc(C(F)(F)F)cs2)CC1",306.06498331600005,"Screening"
"O=C(C1CO1)N1CCCCCC1c1ccccc1",245.141578848,"Screening"
"O=C(C1CO1)N1CCC(CCc2ccccc2)CC1",259.157228912,"Screening"
"Cc1ccccc1C1CCN(C(=O)C2CO2)CC1",245.141578848,"Screening"
"CC1(Cc2ccccc2)CCCN1C(=O)C1CO1",245.141578848,"Screening"
"O=C(C1CO1)N1CCCC(c2nc3ccccc3o2)C1",272.116092372,"Screening"
"COc1cccc([C@H]2C[C@H](NC(=O)C3CO3)C2)c1",247.120843404,"Screening"
"O=C(C1CO1)N1CCOCC1Cc1ccccc1",247.120843404,"Screening"
"Cc1ccccc1C(NC(=O)C1CO1)c1ccccc1C",281.14157884800005,"Screening"
"CC(Cc1nc(-c2ccccc2)no1)NC(=O)C1CO1",273.11134134,"Screening"
"O=C(C1CO1)N1CCc2ccc(-c3ccccc3)cc2C1",279.12592878400005,"Screening"
"CC(NC(=O)C1CO1)c1nnc(-c2cccc(F)c2)s1",293.063425844,"Screening"
"O=C(NC1CN(c2ccc(C(F)(F)F)cc2)C1)C1CO1",286.09291231599997,"Screening"
"O=C(C1CO1)N1CCC(O)(c2ccccc2C(F)(F)F)CC1",315.108228032,"Screening"
"COc1cc2c(cc1OC)C(c1cccs1)N(C(=O)C1CO1)CC2",345.103479088,"Screening"
"CC1(C)C(NC(=O)C2CO2)CC1OCc1ccccc1",275.152143532,"Screening"
"O=C(NC1CCCN(C(=O)C2CO2)C1)c1ccc(C(F)(F)F)cc1",342.11912706400005,"Screening"
"O=C(NCC1(c2c(F)cccc2F)CCC1)C1CO1",267.10708516,"Screening"
"O=C(NCc1nc(-c2ccccc2)no1)C1CO1",245.080041212,"Screening"
"COc1ccc2c(CCNC(=O)C3CO3)c[nH]c2c1",260.116092372,"Screening"
"CN(Cc1n[nH]c(-c2ccccc2)n1)C(=O)C1CO1",258.111675688,"Screening"
"CC(C)c1nn(-c2ccccc2)cc1CNC(=O)C1CO1",285.147726848,"Screening"
"O=C(NCc1cn(-c2ccccc2)nc1-c1ccccc1)C1CO1",319.132076784,"Screening"
"O=C(C1CO1)N1CCc2sccc2C1c1ccccc1",285.08234972,"Screening"
"O=C(NCC(c1ccccc1)N1CCc2sccc2C1)C1CO1",328.12454887999996,"Screening"
"O=C(NC1CCN(c2nc3ccccc3s2)CC1)C1CO1",303.10414778399996,"Screening"
"O=C(NCCc1coc(-c2ccccc2)n1)C1CO1",258.100442308,"Screening"
"Cc1nc(-c2ccc(F)cc2)sc1C(C)NC(=O)C1CO1",306.08382694,"Screening"
"Cc1oc(-c2ccccc2)nc1CNC(=O)C1CO1",258.100442308,"Screening"
"O=C(C1CO1)N1CCCC1c1nc(Cc2ccc(F)cc2)no1",317.117569592,"Screening"
"O=C(C1CO1)N(Cc1nc(-c2ccsc2)no1)C1CCCC1",319.09906240400005,"Screening"
"O=C(C1CO1)N1CCC(c2nc(C3CCC3)no2)CC1",277.142641468,"Screening"
"Cc1nc(C(NC(=O)C2CO2)c2ccccc2)no1",259.095691276,"Screening"
"O=C(NC1(Cc2ccc(F)cc2Cl)CCOCC1)C1CO1",313.08809930399997,"Screening"
"O=C(N[C@@H]1CCC[C@H]1c1cccc(C(F)(F)F)c1)C1CO1",299.11331341199997,"Screening"
"CC1(c2ccc(Cl)cc2)CCN(C(=O)C2CO2)C1",265.086956432,"Screening"
"C=CC(=O)N(C)CC(=O)NCC(O)c1csc2ccccc12",318.103813436,"Screening"
"C=CC(=O)N1CCN(C(=O)CCN2C(=O)CCc3cc(F)ccc32)[C@@H](C)C1",373.180169848,"Screening"
"C=CC(=O)N[C@@H]1CN(C(=O)C(=O)NCc2ccc(F)cc2)C[C@H]1CC(C)(C)C",389.211469976,"Screening"
"C=CC(=O)N1CCCC1C(=O)NC(C)c1csc(C(F)(F)F)c1",346.09628344400005,"Screening"
"C=CC(=O)N1CCCC1C(=O)Nc1cnn(C2CCCC2)c1",302.174275944,"Screening"
"C=CC(=O)N1CCCC1C(=O)Nc1cc(-c2ncco2)ccc1C",325.142641468,"Screening"
"C=CC(=O)N1CCCC1C(=O)Nc1cc2n(n1)CCCN(Cc1ccccc1)C2",393.21647510400004,"Screening"
"C=CC(=O)N1CCC(C(=O)N(C)C2CCN(c3cc(C)nc(C)n3)CC2)CC1",385.24777523200004,"Screening"
"C=CC(=O)NCCC(=O)N1CC[C@H](C)C[C@H]1c1ccc(C)o1",304.17869262799996,"Screening"
"C=CC(=O)NCCC(=O)NCc1cc(Oc2cccc(Cl)c2)ccn1",359.103669116,"Screening"
"C=CC(=O)NCc1ccc(C(=O)NCC2(C)COc3ccccc3O2)cc1",366.157957184,"Screening"
"C=CC(=O)NCc1ccc(C(=O)N2CCN(c3ccc(F)cc3)CC2(C)C)cc1",395.20090529199996,"Screening"
"C=CC(=O)NCc1ccc(CNC(=O)C2CC23CCOc2ccccc23)c(F)c1",394.16927081600005,"Screening"
"C=CC(=O)N1CC[C@@H](c2ccccc2)[C@@H](NC(=O)C(F)(F)F)C1",326.124212444,"Screening"
"C=CC(=O)NC(C)C1CN(C(=O)C(=O)NCc2ccc(F)cc2)CCO1",363.15943440399997,"Screening"
"C=CC(=O)N1CCN(C(=O)c2cccc(-c3noc(CC(C)(C)C)n3)c2)[C@@H](C)C1",396.216140756,"Screening"
"C=CC(=O)N1CCCCC(NC(=O)CCn2cc([N+](=O)[O-])cn2)C1",335.159354152,"Screening"
"C=CC(=O)N1CCCC1C(=O)N(CCCC)Cc1cccc(C#N)c1",339.19467704000004,"Screening"
"C=CC(=O)N1CCCC1C(=O)NCCCOc1cccc(F)c1",320.15362075200005,"Screening"
"C=CC(=O)N1CCCC1C(=O)N(CC)CC(=O)NCc1ccc(F)cc1",361.180169848,"Screening"
"C=CC(=O)N1CCC(C(=O)NCC(O)c2cccc(OC(C)C)c2)CC1",360.204907376,"Screening"
"C=CC(=O)N1CCC(C(=O)NC(C)c2oc3ccc(F)cc3c2C)CC1",358.16927081600005,"Screening"
"C=CC(=O)NCc1ccc(C(=O)N[C@H]2c3ccccc3OC[C@H]2O)cc1",352.14230711999994,"Screening"
"C=CC(=O)N1CCCC(C(=O)NC(C)(C)c2nn(C)c3ccccc23)C1",354.205576072,"Screening"
"C=CC(=O)N1CCCC(C(=O)NC2(c3nccc(C(F)(F)F)n3)CC2)C1",368.146010508,"Screening"
"C=CC(=O)N1CCCC(C(=O)N2CCO[C@H](c3cccc(Cl)c3)[C@H]2C)C1",376.15537034000005,"Screening"
"C=CC(=O)N1CCCC(C(=O)N(C)C2CS(=O)(=O)c3ccccc32)C1",362.13002818399997,"Screening"
"C=CC(=O)NCC(=O)N1CCOCC1c1ccc(C(F)(F)F)cc1",342.11912706400005,"Screening"
"C=CC(=O)NCC(=O)N1CCN(Cc2nc(N)c3ccccc3n2)CC1",354.18042394400004,"Screening"
"C=CC(=O)NCC(=O)N1CCC(c2nc(-c3ccccc3)no2)(C(F)(F)F)C1",394.125275064,"Screening"
"C=CC(=O)NCC(=O)N1CCC(Oc2ccc(C(F)(F)F)cn2)CC1",357.13002609600005,"Screening"
"C=CC(=O)NCC(=O)N(Cc1ccccc1)CC(O)c1cccs1",344.11946350000005,"Screening"
"C=CC(=O)NCC(=O)N1CCN(C(=O)c2cccc(OC(F)F)c2)CC1",367.134362528,"Screening"
"C=CC(=O)Nc1ccc(C(=O)NC23CCC(C(F)(F)F)(CC2)C3)cc1",352.139862508,"Screening"
"C=CC(=O)N(C)CC(=O)NC1(c2ccc(OCC)cc2)CCC1",316.178692628,"Screening"
"C=CC(=O)Nc1ccc(C(=O)NCC2(O)CCCc3ccccc32)cc1",350.163042564,"Screening"
"C=CC(=O)Nc1ccc(C(=O)N[C@H]2CNc3ccccc3N(C)C2=O)cc1",364.15354049999996,"Screening"
"C=CC(=O)Nc1ccc(C(=O)Nc2cccc3c2CCN(C)C3=O)cc1",349.142641468,"Screening"
"C=CC(=O)Nc1ccc(C(=O)Nc2nn(C)c(C)c2C#N)cc1",309.12257472000005,"Screening"
"C=CC(=O)Nc1ccc(C(=O)N2CC[C@@H](Oc3ccccc3)C2)cc1",336.1473925,"Screening"
"C=CC(=O)Nc1ccc(C(=O)N2CCN(c3cccc(Cl)c3C)CC2)cc1",383.140054624,"Screening"
"C=CC(=O)Nc1ccc(C(=O)NC(C)CCc2ccc(O)c(OC)c2)cc1",368.17360724799994,"Screening"
"C=CC(=O)Nc1ccc(C(=O)Nc2c(C(C)C)n[nH]c2C(N)=O)cc1",341.148789468,"Screening"
"C=CC(=O)NCc1ccc(C(=O)N2CCC(c3ccc(Cl)cc3)C2(C)C)cc1",396.16045572,"Screening"
"C=CC(=O)N(C)CC(=O)N=S1(=O)c2ccccc2Nc2ccccc21",355.09906240400005,"Screening"
"C=CC(=O)N(C)CC(=O)N1C[C@H](O)C[C@H]1c1n[nH]c(-c2ccccc2)n1",355.164439532,"Screening"
"C=CC(=O)N(C)CC(=O)Nc1cn(-c2cccc(OC)c2)nn1",315.1331394040001,"Screening"
"C=CC(=O)Nc1cccc(C(=O)N(C)C(C)c2c(F)cccc2F)c1",344.133634256,"Screening"
"C=CC(=O)Nc1cccc(C(=O)N2CCN(CC(F)(F)F)c3ccccc32)c1",389.13511147599996,"Screening"
"C=CC(=O)Nc1cccc(C(=O)NCC2(CC)OCCc3ccccc32)c1",364.178692628,"Screening"
"C=CC(=O)Nc1cccc(C(=O)NCc2nnc(C3CC3)n2-c2ccccc2)c1",387.16952491200004,"Screening"
"C=CC(=O)Nc1cccc(C(=O)NCC2(c3ccc(F)cc3Cl)CC2)c1",372.104083716,"Screening"
"C=CC(=O)Nc1cccc(C(=O)Nc2nc(-c3c[nH]c4ncccc34)c(C)s2)c1",403.1102957840001,"Screening"
"C=CC(=O)Nc1cccc(C(=O)NC(CCO)c2ccc(F)cc2F)c1",360.128548876,"Screening"
"C=CC(=O)Nc1cccc(C(=O)NCCc2cc(Cl)c3c(c2)OCCO3)c1",386.10333476799997,"Screening"
"C=CC(=O)Nc1cccc(C(=O)NCc2cc(Oc3ccc(F)cc3)ccn2)c1",391.13321965600005,"Screening"
"C=CC(=O)Nc1cccc(C(=O)NC2(C)CCN(Cc3ccccc3)C2)c1",363.19467704,"Screening"
"C=CC(=O)Nc1cccc(C(=O)N[C@@H]2Cc3ccccc3O[C@H]2C(F)(F)F)c1",390.119127064,"Screening"
"C=CC(=O)Nc1cccc(C(=O)N[C@@H]2CCO[C@H]2c2ccc(Cl)c(F)c2)c1",388.098998336,"Screening"
"C=CC(=O)Nc1cccc(C(=O)Nc2ccc3c(c2)N(C(C)=O)CCS3)c1",381.11471246799994,"Screening"
"C=CC(=O)Nc1cccc(C(=O)N2[C@H](C(=O)OC(C)(C)C)C[C@@H]3CCCC[C@@H]32)c1",398.22055744,"Screening"
"C=CC(=O)NCC(=O)N1CCC(F)(c2ccccc2C(F)(F)F)CC1",358.130440696,"Screening"
"C=CC(=O)NCC(=O)Nc1cnc(Oc2ccccc2C#N)cc1C",336.122240372,"Screening"
"C=CC(=O)NCC(=O)Nc1ccc(CNC(=O)OC(C)C)cc1",319.15320615200005,"Screening"
"C=CC(=O)Nc1ccc(O)c(C(=O)Nc2ccc(N3CCOCC3)c(C)c2)c1",381.168856216,"Screening"
"C=CC(=O)Nc1ccc(O)c(C(=O)NC(c2ccc(F)cc2)C2CCCO2)c1",384.148535372,"Screening"
"C=CC(=O)Nc1ccc(O)c(C(=O)N2CC=C(c3cccc(F)c3)CC2)c1",366.13797068800005,"Screening"
"C=CC(=O)Nc1ccc(O)c(C(=O)NC2CCN(c3cccc(C)c3)C2=O)c1",379.153206152,"Screening"
"C=CC(=O)N(CC)CC(=O)NC(C)c1nc(-c2cc(C)ccn2)n[nH]1",342.18042394400004,"Screening"
"C=CC(=O)N1CCC(C(=O)NC2CC(C)N(c3cnn(C)c3)C2=O)CC1",359.19573966,"Screening"
"C=CC(=O)N1CCC(C(=O)Nc2cc(Br)cc(C(C)(C)C)c2O)CC1",408.10485476,"Screening"
"C=CC(=O)N1CCC(C(=O)N2CC(Cc3c(F)cccc3Cl)C2)CC1",364.135383844,"Screening"
"C=CC(=O)N1CCC(C(=O)Nc2ccc(C3=NNC(=O)CO3)cc2)CC1",356.14845511999994,"Screening"
"C=CC(=O)N1CCC(C(=O)N2[C@H](C(=O)OCc3ccccc3)C[C@@H]3CCC[C@@H]32)CC1",410.22055744,"Screening"
"C=CC(=O)N1CCCC(C(=O)N2CCOCC2CCOC)C1",310.189257312,"Screening"
"C=CC(=O)N1CCCC(C(=O)Nc2cc(-c3ccc(C#N)s3)ccc2C)C1",379.135447912,"Screening"
"C=CC(=O)N1CCCC(C(=O)Nc2ccc(Oc3ccccc3C#N)cc2)C1",375.1582915320001,"Screening"
"C=CC(=O)N1CCCC(C(=O)N2CCC(=Cc3cccc(OC)c3)CC2)C1",368.20999275599996,"Screening"
"C=CC(=O)N1CCCC(C(=O)N2CCCCC2Cc2cccc(Br)c2)C1",418.12559020400005,"Screening"
"C=CC(=O)N1CCCC(C(=O)N2CCC(CO)(c3cccc(F)c3)C2)C1",360.18492088000005,"Screening"
"C=CC(=O)N1CCCC(C(=O)N[C@H]2CNc3ccccc3N(C)C2=O)C1",356.18484062799996,"Screening"
"C=CC(=O)N1CCCC(C(=O)Nc2ccccc2Nc2ccc(F)cc2F)C1",385.160183352,"Screening"
"C=CC(=O)N1CCCC(C(=O)NC(COc2ccccc2F)C(C)(C)C)C1",376.21622100800005,"Screening"
"C=CC(=O)N1CCCC(C(=O)N[C@@H]2c3sccc3OC(C)(C)[C@H]2O)C1",364.14567824799997,"Screening"
"C=CC(=O)N1CCCC(C(=O)Nc2nc3c(s2)CC(c2ccccc2)CC3)C1",395.16674804,"Screening"
"C=CC(=O)N1CCCC(C(=O)NC2CCCc3c(F)cc(Cl)cc32)C1",364.135383844,"Screening"
"C=CC(=O)N1CCCC(C(=O)N2CC(=O)N[C@H](c3ccccc3)[C@H]2C(=O)OC)C1",399.17942089999997,"Screening"
"C=CC(=O)N1CCCc2cc(C(=O)Nc3ccc(Oc4ccccc4C(N)=O)nc3)ccc21",442.16410518400005,"Screening"
"C=CC(=O)N1CCCc2cc(C(=O)N3CC(=O)N(CCC(F)(F)F)C3)ccc21",395.14567616,"Screening"
"C=CC(=O)N1CCCc2cc(C(=O)Nc3cccc4c3OCCO4)ccc21",364.14230711999994,"Screening"
"C=CC(=O)N1CCCc2cc(C(=O)NCc3nc(-c4ccc(Br)cc4)n[nH]3)ccc21",465.08003698000005,"Screening"
"C=CC(=O)N(C)c1ccc(C(=O)N(Cc2ccccc2)CC(C)(C)O)cc1",366.19434269199996,"Screening"
"C=CC(=O)N(C)c1ccc(C(=O)NCC2(COC)CCCCO2)cc1",346.189257312,"Screening"
"C=CC(=O)N(C)c1ccc(C(=O)Nc2ccc(-c3cn4ccsc4n3)cc2)cc1",402.115046816,"Screening"
"C=CC(=O)N(C)c1ccc(C(=O)NC(CC)c2c(C)noc2C)cc1",341.173941596,"Screening"
"C=CC(=O)N(C)c1ccc(C(=O)NCCc2cn(C)c3ncccc23)cc1",362.174275944,"Screening"
"C=CC(=O)N(C)c1ccc(C(=O)Nc2cc3c(cc2F)NC(=O)CO3)cc1",369.11248421199997,"Screening"
"C=CC(=O)N(C)c1ccc(C(=O)N2CCNC(=O)C2CCCC)cc1",343.18959166,"Screening"
"C=CC(=O)N(C)c1ccc(C(=O)NCCn2cc(-c3ccccc3)nn2)cc1",375.16952491200004,"Screening"
"C=CC(=O)N(C)c1ccc(C(=O)NC(COC)c2ccc3[nH]ccc3c2)cc1",377.1739415960001,"Screening"
"C=CC(=O)N(C)c1ccc(C(=O)NCC(C)Oc2ccccc2OC)cc1",368.173607248,"Screening"
"C=CC(=O)N(C)c1ccc(C(=O)N2CCC[C@@H](NC(=O)C(F)(F)F)[C@H]2C)cc1",397.161326224,"Screening"
"C=CC(=O)N(C)c1ccc(C(=O)Nc2ccc(Cc3nc(C)no3)cc2)cc1",376.15354049999996,"Screening"
"C=CC(=O)N(C)c1ccc(C(=O)N2C[C@H](CO)[C@@H](c3cnn(C(C)C)c3)C2)cc1",396.216140756,"Screening"
"C=CC(=O)N(C)c1ccc(C(=O)Nc2nnc(N3CCCC3)[nH]2)cc1",340.16477388000004,"Screening"
"C=CC(=O)N(C)c1ccc(C(=O)NC(CO)(COC)c2ccccc2)cc1",368.173607248,"Screening"
"C=CC(=O)N(C)c1ccc(C(=O)NCc2ncoc2C2CC2)cc1",325.142641468,"Screening"
"C=CC(=O)N(C)c1ccc(C(=O)N2CC=C(c3ccccc3F)CC2)cc1",364.158706132,"Screening"
"C=CC(=O)N(C)c1ccc(C(=O)Nc2nnn(Cc3ccncc3)c2C)cc1",376.16477388000004,"Screening"
"C=CC(=O)N(C)c1ccc(C(=O)NCC(=C)C2CCOCC2)cc1",328.178692628,"Screening"
"C=CC(=O)N(C)c1ccc(C(=O)NC2CS(=O)(=O)c3ccccc32)cc1",370.09872805599997,"Screening"
"C=CC(=O)N(C)c1ccc(C(=O)N(Cc2nccn2C(F)F)C2CC2)cc1",374.15543232,"Screening"
"C=CC(=O)N(C)c1ccc(C(=O)Nc2cccc(Cn3cncn3)c2)cc1",361.15387484800004,"Screening"
"C=CC(=O)N(C)c1ccc(C(=O)N(C)C2CCN(S(C)(=O)=O)CC2)cc1",379.15657727999996,"Screening"
"C=CC(=O)N(C)c1ccc(C(=O)N(C)C2CCCc3c2cnn3C)cc1",352.18992600800004,"Screening"
"C=CC(=O)N(C)c1ccc(C(=O)NCc2n[nH]c(=O)n2C2CC2)cc1",341.148789468,"Screening"
"C=CC(=O)N(C)c1ccc(C(=O)N[C@@H]2CC(=O)N(C)[C@H]2c2ccnn2C)cc1",381.1800895960001,"Screening"
"C=CC(=O)N(C)c1ccc(C(=O)NCc2nc3c(cnn3C)c(=O)[nH]2)cc1",366.144038436,"Screening"
"C=CC(=O)Nc1cc(C(=O)N2CC[C@H](Oc3cccnc3N(C)C)C2)ccc1O",396.179755248,"Screening"
"C=CC(=O)Nc1cc(C(=O)N2C[C@H](O)[C@@H](N3CCOCC3)C2)ccc1O",361.163770836,"Screening"
"C=CC(=O)Nc1cc(C(=O)NC(C)c2ccccc2N2CCOCC2)ccc1O",395.18450627999994,"Screening"
"C=CC(=O)NC[C@]1(CO)COC[C@@H](C)N1Cc1ccccc1",304.178692628,"Screening"
"C=CC(=O)NCC(NC(=O)OC(C)(C)C)c1ccccc1CC",318.194342692,"Screening"
"C=CC(=O)N(C)[C@@H]1CN(C(=O)OCc2ccccc2)C[C@H]1O",304.14230712,"Screening"
"C=CC(=O)Nc1ccc(OC)c(S(=O)(=O)NC2CCOC2)c1",326.09364267599994,"Screening"
"C=CC(=O)Nc1cc(F)cc(NC2CCN(S(C)(=O)=O)CC2)c1",341.12094071999996,"Screening"
"C=CC(=O)N1CCC(COc2ccc(C(F)(F)F)cn2)CC1",314.1242124440001,"Screening"
"C=CC(=O)N1CCN(S(=O)(=O)NCc2ccccc2)CC1",309.11471246800005,"Screening"
"COc1cc2c(cc1NC(=O)CCl)NC(=O)CC2",268.061469956,"Screening"
"COc1ccc(CNS(C)(=O)=O)cc1NC(=O)CCl",306.04410564000005,"Screening"
"CNC(=O)N(C)c1cccc(NC(=O)CCl)c1",255.077454368,"Screening"
"Cn1c(CNC(=O)CCl)nc2cccnc21",238.062138652,"Screening"
"O=C(CCl)Nc1ccc(OCc2nc[nH]n2)cc1",266.057053272,"Screening"
"Cc1noc(-c2ccc(C(F)(F)F)cc2NC(=O)CCl)n1",319.03353886800005,"Screening"
"O=C(CCl)Nc1ccc2c(c1)C(=O)NCCO2",254.045819892,"Screening"
"CCOC(=O)Cc1ccc(NC(=O)CCl)c(C(=O)OCC)c1",327.08735035599994,"Screening"
"CC(Cl)C(=O)N(c1cnc2ccccc2c1)C(C)C",276.10294084400005,"Screening"
"CC(Cl)C(=O)NC1CCOC(c2cccnc2)C1",268.097855464,"Screening"
"CC(Cl)C(=O)NC1CCCN(CCN2CCOCC2)C1=O",317.150619308,"Screening"
"CC(Cl)C(=O)N1C2CCC1CC(O)(Cc1ccc(F)cc1F)C2",343.11506299999996,"Screening"
"CC(Cl)C(=O)NC1(c2nc(-c3ccsc3)no2)CCCCC1",339.080825496,"Screening"
"CC(Cl)C(=O)NCc1ccncc1OCC1CCOC1",298.108420148,"Screening"
"CC(Cl)C(=O)N1CC(=O)N(CCC(F)(F)F)C1",272.053939964,"Screening"
"COc1ccc2c(c1)OCCN(C(=O)C(C)Cl)C2",269.081871052,"Screening"
"CC(Cl)C(=O)N1C2C=C(c3ccccc3)CC1CC2",275.107691876,"Screening"
"CC(Cl)C(=O)NCC(c1ccccc1)c1nnc[nH]1",278.09343878000004,"Screening"
"CC(Cl)C(=O)NCCc1nnnn1-c1ccccc1",279.088687748,"Screening"
"COc1cccc(OC(F)(F)F)c1CNC(=O)C(C)Cl",311.053605616,"Screening"
"CC(Cl)C(=O)NC(C)C(C)C(=O)Nc1ncccc1O",299.103669116,"Screening"
"CC(Cl)C(=O)NCC1(CO)CC1c1ccccc1",267.102606496,"Screening"
"CC(Cl)C(=O)NCC1(c2c(F)cccc2F)CCC1",287.088848252,"Screening"
"CC(Cl)C(=O)N1CC(O)(c2cccc3ccccc23)C1",289.08695643199997,"Screening"
"CC(Cl)C(=O)N1CC2(C1)CC(C#N)(c1ccccc1)C2",288.10294084400005,"Screening"
"CC(C)(C)OC(=O)N1C[C@]2(F)CCC[C@]2(C=O)C1",257.14272172,"Screening"
"C=CC(=O)N(Cc1cc(Cl)c(OC)c(OC)c1)C1CCCC1",323.128821244,"Screening"
"C=CC(=O)N(Cc1cn(C)nc1C(C)C)c1cccc(NC(C)=O)c1",340.189926008,"Screening"
"C=CC(=O)N(Cc1cnc(C2CC2)o1)c1ccc(F)cc1F",304.102334128,"Screening"
"CCn1cc(CN(CCOc2ccccc2)C(=O)CCl)cn1",321.12440456,"Screening"
"C=CC(=O)N(Cc1c(C)nn(C)c1C)c1cccc(C(=O)NC)c1",326.174275944,"Screening"
"C=CC(=O)N(CCSc1ccccc1)Cc1cn(C)nc1C",315.14053329200004,"Screening"
"C=CC(=O)N(Cc1cnc(C2CCCO2)s1)c1ccc(CC#N)cc1",353.1197978480001,"Screening"
"C=CC(=O)N(Cc1cnn(-c2ccc(Cl)cc2)c1)CC1CCS(=O)(=O)C1",393.09139017999996,"Screening"
"C=CC(=O)N(Cc1cn(-c2cccc(F)c2)nc1C)CC1CCOCC1",357.18525522799996,"Screening"
"Cc1cc(CN(CCn2cccn2)C(=O)CCl)c(C)o1",295.10875449599996,"Screening"
"C=CC(=O)N(Cc1cccc(C#N)c1)Cc1c(C)nn(CCOC)c1C",352.189926008,"Screening"
"C=CC(=O)N(CCc1ccc(F)c(F)c1)Cc1cnn(C(C)C)c1",333.165268732,"Screening"
"C=CC(=O)N(Cc1cc(OC)cnc1F)Cc1occc1C",304.12232062400005,"Screening"
"C=CC(=O)N(Cc1cnc(C(C)(C)C)nc1)c1ccc(NC(=O)CC)cc1",366.205576072,"Screening"
"Cc1ccc(CN(CC2COCCO2)C(=O)CCl)cc1Cl",331.074198828,"Screening"
"Cc1cc(CN(Cc2cccc3ccoc23)C(=O)CCl)n(C)n1",331.108754496,"Screening"
"C=CC(=O)N(Cc1ncc(C)s1)c1ccc(C)c(S(C)(=O)=O)c1",350.07588443599997,"Screening"
"C=CC(=O)N(Cc1cccc(OCC)c1)CC1CCSC1",305.144949976,"Screening"
"C=CC(=O)N(Cc1cn(C)nc1-c1ccccc1)CC1(CS(C)(=O)=O)CC1",387.16166265999993,"Screening"
"CC1(C)CN(C2CCN(C(=O)Nc3noc4c3CCCC4)CC2)C1=O",346.20049069199996,"Screening"
"O=Cc1ccc(-c2ncn(-c3ccc(OC(F)(F)F)cc3)n2)cc1",333.07251122,"Screening"
"COC(=O)c1cc(OS(=O)(=O)F)ccc1N1C(=O)c2ccccc2C1=O",379.01620088,"Screening"
"c1csc(Oc2ccc(OCC3CO3)cc2)n1",249.045964212,"Screening"
"Cc1nc(-c2ccccc2OCC2CO2)cs1",247.066699656,"Screening"
"CCn1cc(-c2ccc(OCC3CO3)cc2)nn1",245.11642672,"Screening"
"c1ccc2nc(-c3ccc(OCC4CO4)cc3)cnc2c1",278.105527688,"Screening"
"CC(Cl)C(=O)N(CCN1CCCCCC1)C1CCC1",286.18119116400004,"Screening"
"CC(Cl)C(=O)N[C@H]1CC[C@@H](C(=O)N2CCCC2)C1",272.129155592,"Screening"
"CC(=O)NC1(c2nc(C)cs2)CCN(C(=O)C(C)Cl)C1",315.080825496,"Screening"
"CC(Cl)C(=O)N1CCOC(c2nnc(C(C)C)o2)C1",287.103669116,"Screening"
"COc1cccc(CN(C)C(=O)C(C)Cl)c1OCc1ccccc1F",365.119399432,"Screening"
"CCOC1CC(NC(=O)C(C)Cl)C1n1cccn1",271.108754496,"Screening"
"CC(Cl)C(=O)Nc1cc(C(N)=O)cc2cccnc12",277.061804304,"Screening"
"Cn1cc(C(F)(F)F)cc(NC(=O)CCl)c1=O",268.022639836,"Screening"
"CC(=O)c1cc(NC(=O)c2ccc(C)c(-n3c(C)cc(C=O)c3C)c2)ccc1F",392.153620752,"Screening"
"C=CC(=O)N1CCCC(C(=O)N2CCCC(n3ccc(=O)[nH]c3=O)C2)C1",360.179755248,"Screening"
"C=CC(=O)N(C)c1ccc(C(=O)N2CC(S(=O)(=O)NC3CC3)C2)cc1",363.125277152,"Screening"
"C=CC(=O)N(CC)CC(=O)NC(CCO)C1CC(F)(F)C1",304.159849004,"Screening"
"C=CC(=O)Nc1ccc(C(=O)NC(CCO)C2CCC(F)(F)CC2)cc1",366.175499068,"Screening"
"C=CC(=O)N(C)CC(=O)NCC(O)(C1CCC(F)(F)CC1)C(F)(F)F",372.14723363200005,"Screening"
"C=CC(=O)N(CC)CC(=O)N1CCC(P(C)(C)=O)C1(C)C",314.17592935400006,"Screening"
"C=CC(=O)Nc1cccc(C(=O)Nc2cn(CC(F)(F)F)nc2C2CC2)c1",378.130360444,"Screening"
"C=CS(=O)(=O)NCc1c(C)ccnc1C",226.077598688,"Screening"
"O=C1N=C(N2CCOCC2)SC1=Cc1cccc(S(=O)(=O)F)c1",356.030077116,"Screening"
"COCCNCCc1cn(-c2cccc(S(=O)(=O)F)c2)nn1",328.1005396240001,"Screening"
"O=S(=O)(F)c1cccc(-n2cc(C3(O)CCNC3)nn2)c1",312.0692394960001,"Screening"
"O=S(=O)(F)c1ccc(-n2cc(CNCC3CCCO3)nn2)cc1",340.1005396240001,"Screening"
"O=S(=O)(F)c1ccc(-n2cc(CNCCF)nn2)cc1",302.064903064,"Screening"
"C=CC(=O)N1CCN(C(=O)Cn2cc(C(=O)OC)c3ccccc32)[C@@H](C)C1",369.16885621600005,"Screening"
"C=CC(=O)N1CCN(C(=O)Cn2cnc3sc(C)c(C)c3c2=O)[C@@H](C)C1",374.14126156399993,"Screening"
"C=CC(=O)N1CCN(C(=O)CN2C(=O)c3ccccc3S2(=O)=O)[C@@H](C)C1",377.104541708,"Screening"
"C=CC(=O)N1CCN(C(=O)C(C)n2c(C)nc3ccccc3c2=O)[C@@H](C)C1",368.18484062799996,"Screening"
"C=CC(=O)N1CCN(C(=O)C2CCCN(c3nc(C)cs3)C2)[C@@H](C)C1",362.17764707199996,"Screening"
"C=CC(=O)N1CCN(C(=O)c2cnc(Cc3ccc(F)cc3)s2)[C@@H](C)C1",373.1260261,"Screening"
"C=CC(=O)N1CCN(C(=O)Cc2cc(Cl)ccc2[N+](=O)[O-])[C@@H](C)C1",351.09858373599997,"Screening"
"C=CC(=O)N1CCN(C(=O)c2ccc(CNC(=O)C(F)(F)F)o2)[C@@H](C)C1",373.12494071599997,"Screening"
"C=CC(=O)N1CCN(C(=O)c2cc(F)cc(Br)c2F)[C@@H](C)C1",372.02849626000005,"Screening"
"C=CC(=O)N1CCN(C(=O)c2cc(C(=O)OC)c3n2CCCC3)[C@@H](C)C1",359.18450628000005,"Screening"
"C=CC(=O)N1CCN(C(=O)c2ccc(N3CCCNS3(=O)=O)cc2)[C@@H](C)C1",392.1518262479999,"Screening"
"CCCOc1ccccc1NCc1ccc(OS(=O)(=O)F)cc1",339.09405727599994,"Screening"
"C=CC(=O)N1CCCC(C(=O)NC2CCN(c3nc(Cl)ncc3F)C2)C1",381.13678081200004,"Screening"
"C=CC(=O)N1CCC(C(=O)N2CCC(c3nc(C)c(C(N)=O)s3)CC2)CC1",390.172561692,"Screening"
"CC(C)(C)c1ccc(CC(=O)Nc2ccc(OS(=O)(=O)F)cc2)cc1",365.10970733999994,"Screening"
"Cc1noc(C)c1C(C)C(=O)Nc1ccc(OS(=O)(=O)F)cc1",342.0685708,"Screening"
"COC(=O)c1cc(C(=O)Nc2ccc(OS(=O)(=O)F)cc2)n(C)n1",357.04308432400006,"Screening"
"O=C(CC1CCCC2(CCC2)O1)Nc1ccc(OS(=O)(=O)F)cc1",357.1046219599999,"Screening"
"CN(C)c1cc(C(=O)Nc2ccc(OS(=O)(=O)F)cc2)ccn1",339.068905148,"Screening"
"Cn1ncc(Cl)c1CC(=O)Nc1ccc(OS(=O)(=O)F)cc1",347.01428273199997,"Screening"
"C[C@@H]1C[C@H](CO)CCN1C(=O)c1cncc(OS(=O)(=O)F)c1",332.084220864,"Screening"
"CC1(C)OCCC1CNC(=O)c1cncc(OS(=O)(=O)F)c1",332.084220864,"Screening"
"COC1CCCN(C(=O)c2cncc(OS(=O)(=O)F)c2)CC1",332.08422086400003,"Screening"
"COC1CN(C(=O)c2cncc(OS(=O)(=O)F)c2)CC12CC2",330.06857080000003,"Screening"
"Cc1ccc(NC(=O)c2cncc(OS(=O)(=O)F)c2)c(O)n1",327.03251964,"Screening"
"CCC1(CC)CCCN1C(=O)c1cncc(OS(=O)(=O)F)c1",330.104956308,"Screening"
"CC1(C)COCCN(C(=O)c2cncc(OS(=O)(=O)F)c2)C1",332.08422086400003,"Screening"
"CC(C)(NC(=O)c1cncc(OS(=O)(=O)F)c1)C1CCCO1",332.084220864,"Screening"
"C=CC(=O)Nc1ccc(C(=O)N2CC(C(=O)OC)Cc3c2cnn3C)cc1",368.14845512000005,"Screening"
"C=CC(=O)N(C)c1ccc(C(=O)N2CC3(CCOCC(=O)N3)C2)cc1",343.15320615200005,"Screening"
"C=CC(=O)Nc1cc(NC(=O)C(OC)C2CCOCC2)ccc1F",336.148535372,"Screening"
"O=C(Nc1ccc(OS(=O)(=O)F)cc1)N1C[C@@H]2C[C@H](C1)c1cccc(=O)n1C2",407.09511989599997,"Screening"
"C=CC(=O)N(Cc1c(C)nn(C(C)(C)C)c1C)C(C)C(C)C",305.246712612,"Screening"
"C=CC(=O)N(Cc1cc(C#N)n(C)c1)CC1(O)CCCCCC1",315.19467704,"Screening"
"C=CC(=O)N(Cc1nc2c(s1)CC(C)CC2)[C@@H](CC)CO",308.15584900799996,"Screening"
"C=CC(=O)N(Cc1cc(C)c(C)cc1C)CC(C)S(C)(=O)=O",323.15551466,"Screening"
"CCc1cccc(CN(CC2CCC(O)C2)C(=O)CCl)c1",309.14955668799996,"Screening"
"C=CC(=O)N(Cc1ccnn1C)C1CCC(c2cccc(F)c2)C1",327.174690544,"Screening"
"C=CC(=O)N(Cc1c(C)noc1CC)CC1(OC)CCCCC1",320.209992756,"Screening"
"C=CC(=O)N(Cc1ccc(OC(C)C)c(OC)c1)[C@@H]1CC[C@H](O)C1",333.194008344,"Screening"
"COCCN(CCN(C)C)C(=O)Nc1ccc(OS(=O)(=O)F)cc1",363.12642002399997,"Screening"
"O=C(Nc1ccc(OS(=O)(=O)F)cc1)N1CC(Oc2ccccc2)C1",366.06857080000003,"Screening"
"CN(Cc1ccccc1Cl)C(=O)Nc1ccc(OS(=O)(=O)F)cc1",372.0346838279999,"Screening"
"CCN(CC)C1CCN(C(=O)Nc2ccc(OS(=O)(=O)F)cc2)C1",359.13150540399994,"Screening"
"COc1nscc1CN(C)C(=O)Nc1ccc(OS(=O)(=O)F)cc1",375.03589076799994,"Screening"
"COc1c(Cl)cccc1CNC(=O)Nc1ccc(OS(=O)(=O)F)cc1",388.02959844799994,"Screening"
"Cc1c(Cl)ccc2c1CN(C(=O)Nc1ccc(OS(=O)(=O)F)cc1)CC2",398.0503338919999,"Screening"
"O=C(Nc1ccc(OS(=O)(=O)F)cc1)N1CCc2c(F)cccc2C1",368.064234368,"Screening"
"Cc1ncc(CN(CCS(=O)(=O)F)C2CCC(C)C2)c(C)n1",329.15732622800004,"Screening"
"Cc1cn(C)nc1CN(CCS(=O)(=O)F)CC1CC=CCC1",329.157326228,"Screening"
"O=S(=O)(F)CCN(Cc1cnsc1)CC(F)(F)CO",318.031968936,"Screening"
"CC(c1ccccc1)N(CCS(=O)(=O)F)Cc1nnn(C)n1",327.11652403600004,"Screening"
"O=C(Nc1ccc(OS(=O)(=O)F)cc1)N1CCCCC1CCO",346.099870928,"Screening"
"C=CC(=O)N1CCC(C(=O)N2CCCc3cc(C(=O)OC)cnc32)CC1",357.16885621600005,"Screening"
"C=CC(=O)N1CCC(C(=O)N2c3ccc(Cl)cc3NC(=O)C2C(C)C)CC1",389.150619308,"Screening"
"CC1(C)COCCCN1C(=O)Cc1ccc(S(=O)(=O)F)cc1",329.10970734,"Screening"
"C=CC(=O)N1CCC(C(=O)N2c3cnn(C)c3CCC2C(F)F)CC1",352.171082384,"Screening"
"C=CC(=O)N(Cc1ccn(CC)n1)c1cc(OC)c(Cl)cc1OC",349.11931918,"Screening"
"C=CC(=O)N(Cc1cnc(C(C)O)s1)C(C)c1ccc(Cl)cc1Cl",384.046604176,"Screening"
"C=CC(=O)N(Cc1cn(C)nc1C1CC1)C1CCN(C(=O)c2ccoc2)CC1",382.20049069199996,"Screening"
"C=CC(=O)N(Cc1cc(Br)ccc1F)C1CCC2(CC1)OCCO2",397.068883852,"Screening"
"C=CC(=O)N(Cc1cccc(COC)c1)Cc1cccc(S(C)(=O)=O)c1",373.134779216,"Screening"
"C=CC(=O)N(Cc1cc(C(F)(F)F)nn1C)C1CCN(S(C)(=O)=O)CC1",394.128646192,"Screening"
"C=CC(=O)N(Cc1cnn(CC(F)(F)F)c1)c1cnn(CC(=O)NC)c1",370.13650844400007,"Screening"
"COc1cccc(CN(C(=O)CCl)C(C)c2ccc3c(c2)NC(=O)CO3)c1",388.11898483199997,"Screening"
"C=CC(=O)N(CCS(C)(=O)=O)Cc1cc(OC)c2c(c1)OCCO2",355.108958392,"Screening"
"O=C(CCl)NCC(NC(=O)C1COCCO1)c1ccc2ccccc2c1",376.118984832,"Screening"
"CC(NC(=O)CCl)C1CCN(C(=O)CC2CCCc3ccccc32)CC1",376.191755848,"Screening"
"O=C(CCl)NCC(NC(=O)c1sccc1C(F)F)C1CCCCC1",378.098033032,"Screening"
"CC1(CNC(=O)CCl)CCN(C(=O)CC2CCOc3ccccc32)CC1",378.171020404,"Screening"
"CCC(C(=O)N1CCC(CNC(=O)CCl)(c2ccccc2)CC1)C(C)C",378.207405912,"Screening"
"CC(C)(C)n1nccc1C(=O)NCc1ccc(CNC(=O)CCl)cc1F",380.141531844,"Screening"
"CC(NC(=O)CCl)c1ccc(CNC(=O)c2ccc3ccccc3c2)cc1",380.129155592,"Screening"
"Cc1onc(C2CCCC2)c1C(=O)NCC1(NC(=O)CCl)CCCCC1",381.181919436,"Screening"
"CC(C)Oc1cnc(C(=O)NCC2(NC(=O)CCl)CCCCCC2)cn1",382.17716840400004,"Screening"
"Cc1nc(C(C)(C)C)sc1C(=O)NC1(CNC(=O)CCl)CCCCC1",385.159075816,"Screening"
"Cc1nn(CC(=O)N2CCCC(C)C2CCNC(=O)CCl)c(C)c1Cl",388.143281432,"Screening"
"CC(C)(CNC(=O)CCl)C1CCN(C(=O)CC2Cc3ccccc3O2)CC1",392.186670468,"Screening"
"Cc1cccc(CC(=O)NC(CNC(=O)CCl)c2ccc3ccccc3c2)c1",394.144805656,"Screening"
"Cn1cccc(C(=O)NC(CNC(=O)CCl)c2ccc3ccccc3c2)c1=O",397.11931918,"Screening"
"O=C(CCl)NC1(CNC(=O)c2ccccc2C2CC2(F)F)CCCCCC1",398.15726216,"Screening"
"CCc1ccc(C(=O)NC(CNC(=O)CCl)c2ccc3ccccc3c2)s1",400.101226592,"Screening"
"Cn1cc(C(=O)NC(CNC(=O)CCl)c2ccc3ccccc3c2)c(=O)n(C)c1=O",428.125132832,"Screening"
"CC(C)(C)c1nnn(CC(=O)N2CCC(CNC(=O)CCl)(c3ccccc3)CC2)n1",432.20405184800006,"Screening"
"CCC(CC)n1nc(C(=O)N2CCC(C3OCCCC3NC(=O)CCl)CC2)cc1C",438.23976866,"Screening"
"O=C(CCl)NCC1(c2ccccc2)CCN(C(=O)CN2CCCCS2(=O)=O)CC1",441.148905056,"Screening"
"C=CC(=O)NCc1ccc(CNC(=O)C23CC4CC(CC(C4)O2)C3)cc1",354.19434269199996,"Screening"
"C=CC(=O)N(Cc1csc(C)n1)Cc1ccc(-c2ccccc2)s1",354.086055196,"Screening"
"C=CC(=O)N(CCC(=O)NC1CCCC1)Cc1ccc2c(c1)CCOC2",356.20999275599996,"Screening"
"C=CC(=O)N(Cc1scc2c1OCCO2)CC1Cc2ccccc2O1",357.103479088,"Screening"
"C=CC(=O)NCC1(C)CCN(C(=O)C2(C)COc3ccccc3O2)CC1",358.189257312,"Screening"
"C=CC(=O)NC(C)C1CCN(C(=O)C(c2ccc(F)cc2)C2CC2)CC1",358.205656324,"Screening"
"C=CC(=O)NCCc1ccc(CNC(=O)C2(C)CC(C)OC(C)C2)cc1",358.22564281999996,"Screening"
"C=CC(=O)NCC1(NC(=O)c2coc(C3CCCCC3)n2)CCOCC1",361.200156344,"Screening"
"C=CC(=O)NC1(CNC(=O)C(C)(C)c2c(C)noc2C)CCCCCC1",361.236541852,"Screening"
"C=CC(=O)N(Cc1cnn(C2CCCCC2)c1)CC1(c2ccccc2)CC1",363.231062548,"Screening"
"C=CC(=O)NCC(C)(C)C1CCN(C(=O)CCc2cc(C)sc2C)CC1",376.218449264,"Screening"
"C=CC(=O)NC(C)C1CN(C(=O)Cc2cccc3ccc(OC)cc23)CCO1",382.18925731199994,"Screening"
"C=CC(=O)NCCN(Cc1cccc(Cl)c1)C(=O)C1CN(C(C)=O)CCO1",393.14553392799996,"Screening"
"C=CC(=O)NCC(Cc1ccccc1)C1CCCCN1C(=O)C1=NOC(C)(C)C1",397.23654185199996,"Screening"
"C=CC(=O)NCC1(c2ccccc2)CCN(C(=O)C2CCCc3nn(C)cc32)CC1",406.23687620000004,"Screening"
"C=CC(=O)N(c1ccc2ncsc2c1)C(C(=O)Nc1ccc(OC)cc1C)c1cccnc1",458.141261564,"Screening"
"C=CC(=O)N(c1ccc(S(F)(F)(F)(F)F)cc1)C(C(=O)Nc1ccc(OC)cc1)c1cccnc1",513.1145536,"Screening"
"C=CC(=O)N(c1ccc2ncsc2c1)C(C(=O)NC(C)(C)C)c1cccnc1",394.146346944,"Screening"
"C=CC(=O)N[C@@H]1CN(C(=O)Cc2cnn3c2CCCC3)C[C@H]1CC(C)(C)C",372.252526264,"Screening"
"C=CC(=O)NC[C@]1(c2ccccc2)C[C@@H](NC(=O)c2cccc3c2C(=O)NC3)C1",389.173941596,"Screening"
"C=CC(=O)N[C@@H]1c2ccccc2C[C@H]1NC(=O)c1cc2c(C)nn(C)c2s1",380.1306968800001,"Screening"
"C=CC(=O)N[C@@H]1CN(C(=O)Cn2nc3n(c2=O)CCCC3)C[C@H]1c1ccc(OC)cc1",425.206304344,"Screening"
"C=CC(=O)NCC1(c2ccccc2)CCN(C(=O)[C@H]2OCCO[C@H]2c2ccccc2)CC1",434.22055744,"Screening"
"CC(C)(C)c1noc(CCC(=O)N2C[C@H](NC(=O)CCl)[C@@H](c3cccc(F)c3)C2)n1",436.167746592,"Screening"
"CCCCn1nc(C(=O)N[C@@H]2Cc3ccccc3[C@H]2NC(=O)CCl)ccc1=O",402.145868276,"Screening"
"Cc1noc(C)c1C(C)(C)C(=O)N[C@@H]1Cc2ccccc2[C@H]1NC(=O)CCl",389.150619308,"Screening"
"O=C(CCl)N[C@@H]1c2ccccc2C[C@H]1NC(=O)c1cn(-c2ccccc2)nn1",395.11490249600007,"Screening"
"C[C@H]1CCCN(C(=O)c2ccn(C3CCCCC3)n2)[C@H]1CCCNC(=O)CCl",408.229203976,"Screening"
"O=C(CCl)N[C@@H]1CN(C(=O)Cn2nnc3ccccc32)C[C@H]1c1ccccc1",397.13055255999996,"Screening"
"C=CC(=O)N(CC)CC(=O)N(CC(=O)NC)CC(C)N1C[C@@H](C)O[C@@H](C)C1",382.258005568,"Screening"
"C=CC(=O)N(CC)CC(=O)N(CC(=O)NC)C[C@@H]1C[C@H]1C1CCCCC1",363.252191916,"Screening"
"C=CC(=O)N(c1ccc(C(C)(C)C)cc1)C(C(=O)NCCCSC)c1cccnc1",425.21369823200007,"Screening"
"C=CC(=O)N(c1ccc(C(C)(C)C)cc1)C(C(=O)Nc1ccccc1OC)c1cccnc1",443.220891788,"Screening"
"Cc1cc(C)c(C(=O)N2C[C@@H]3C[C@H]2CN3C(N)=O)cc1C=O",301.14264146799997,"Screening"
"C=CC(=O)N(C)CC(=O)N1CCc2c([nH]c3c(Br)cccc23)C1",375.058238916,"Screening"
"O=Cc1cnc(N2CC(c3nc4ccccc4[nH]3)C2)nc1",279.112010036,"Screening"
"O=Cc1cc(C(=O)N2CCC(O)(c3ccc(F)cc3)C2)ccc1F",331.10199978,"Screening"
"CC(C)(C)OC(=O)N1CC(=O)N2CCOCC2(C=O)C1",284.13722174,"Screening"
"C=CC(=O)N(c1ccc(C(C)(C)C)cc1)C(C(=O)NCCc1cccc(F)c1)c1cncc(O)c1",475.22712004,"Screening"
"CC(C)c1nn(C(C)(C)C)c(O)c1C=O",210.136827816,"Screening"
"N[C@H](c1cn(-c2ccc(S(=O)(=O)F)cc2)nn1)C1CCC1",310.08997494,"Screening"
"C=CC(=O)N1CC(C(=O)NC2CCCN(c3ccnn3C)C2=O)C1",331.164439532,"Screening"
"C=CC(=O)N1CC(C(=O)NC2CCc3[nH]c4ccc(C)cc4c3C2)C1",337.179026976,"Screening"
"C=CC(=O)N1CC(C(=O)N(Cc2ccccc2)CC(O)c2cnn(CC)c2)C1",382.2004906920001,"Screening"
"C=CC(=O)N1CC(C(=O)N2CCC(c3noc4cc(F)ccc34)CC2)C1",357.14886972,"Screening"
"C=CC(=O)N1CC(C(=O)NCC2(CO)CCc3ccccc32)C1",314.163042564,"Screening"
"C=CC(=O)N1CC(C(=O)N2CC[C@@H](Oc3ccccc3)C2)C1",300.1473925,"Screening"
"C=CC(=O)N1CC(C(=O)N[C@H]2CC[C@H]2c2ccc(F)cc2F)C1",320.133634256,"Screening"
"C=CC(=O)N1CC(C(=O)NCCc2nc3ncc(Br)cn3n2)C1",378.04398582000005,"Screening"
"C=CC(=O)NC[C@H](O)c1cc(Cl)cc(Br)c1",302.966168372,"Screening"
"O=C(Nc1cncc(OS(=O)(=O)F)c1)c1cccc(C(=O)N2CCCCC2)c1",407.09511989599997,"Screening"
"COC(=O)CC(C)(C)CC(=O)Nc1cncc(OS(=O)(=O)F)c1",348.07913548399995,"Screening"
"CSc1ccc(Cl)c(C(=O)Nc2cncc(OS(=O)(=O)F)c2)c1",375.97545469999994,"Screening"
"O=S(=O)(F)Oc1ccc(CN2Cc3ccc(O)cc3C3(CC3)C2)cc1",363.094057276,"Screening"
"O=C(CN(Cc1ccc(OS(=O)(=O)F)cc1)C1CC1)NC1CC1",342.10495630800006,"Screening"
"Cc1cccnc1NC(=O)C1CCN(Cc2ccc(OS(=O)(=O)F)cc2)CC1",407.13150540399994,"Screening"
"COc1cc2c(cc1O)CCN(Cc1ccc(OS(=O)(=O)F)cc1)C2",367.0889718959999,"Screening"
"O=C(NCC1CCCN(Cc2ccc(OS(=O)(=O)F)cc2)C1)Nc1cccc(F)c1",439.137733656,"Screening"
"O=S(=O)(F)Oc1ccc(CN2Cc3ccc(O)cc3C2)cc1",323.062757148,"Screening"
"CN(Cc1ccc(OS(=O)(=O)F)cc1)Cc1cccc(=O)[nH]1",326.07365618,"Screening"
"O=C(c1cccc(O)c1)N1CCN(Cc2ccc(OS(=O)(=O)F)cc2)CC1",394.099870928,"Screening"
"CC(c1ccccc1)N(Cc1ccc(OS(=O)(=O)F)cc1)Cc1ccccc1O",415.12535740399994,"Screening"
"O=S(=O)(F)Oc1ccc(CN2CCCC2c2ccccc2Cl)cc1",369.060170304,"Screening"
"O=S(=O)(F)Oc1ccc(CN2CCCC2c2ccccc2)cc1",335.09914265599997,"Screening"
"CN(Cc1c(Cl)cccc1Cl)C(=O)Nc1ccc(OS(=O)(=O)F)cc1",405.9957114759999,"Screening"
"Cn1ccnc1C(O)C1CCCN(C(=O)Nc2ccc(OS(=O)(=O)F)cc2)C1",412.12166899199997,"Screening"
"CC(Cc1ccccc1C(F)(F)F)N(C)C(=O)Nc1ccc(OS(=O)(=O)F)cc1",434.09234093599986,"Screening"
"Cn1ccc(CNC(=O)Nc2ccc(OS(=O)(=O)F)cc2)n1",328.06415411600005,"Screening"
"COC[C@@H]1C[C@@H](O)CN1C(=O)Nc1ccc(OS(=O)(=O)F)cc1",348.079135484,"Screening"
"C=CC(=O)N1[C@@H]2CC[C@H]1C[C@@H](CNC(=O)c1cc3nccnc3cc1F)C2",368.164854132,"Screening"
"C=CC(=O)N1CC(NC(=O)c2ccc(Cn3ccnn3)o2)CC(C)(C)C1",357.180089596,"Screening"
"C=CS(=O)(=O)NCc1c(Cl)c(CC)nn1C",263.049525368,"Screening"
"Cn1cnc(S(=O)(=O)Nc2cccc3cc(S(=O)(=O)F)ccc23)c1",369.02532608399997,"Screening"
"COc1ccc(-c2cn([C@@H]3CCC[C@H]3O)nn2)nc1C=O",288.12224037199996,"Screening"
"O=C(Cc1ccc(S(=O)(=O)F)cc1)NCc1cccc(NC(=O)C2CCC2)c1",404.120606372,"Screening"
"C=CC(=O)N(Cc1ccsc1C)CC1(O)CCc2ccccc2C1",341.144949976,"Screening"
"C=CC(=O)N(Cc1cc(C(N)=O)cs1)C1CCc2ccccc2C1",340.12454888,"Screening"
"C=CC(=O)N(Cc1nn(C)c(C)c1Cl)C(C1CC1)C(F)(F)F",335.101224504,"Screening"
"C=CC(=O)N(Cc1nn(C)cc1C)c1ccc(Cl)c(C)c1",303.113839876,"Screening"
"C=CC(=O)N(Cc1ccc(C#N)c(C)c1)c1ccc2c(c1)C(=O)NCC2",345.147726848,"Screening"
"C=CC(=O)N(Cc1ccc(C#N)cc1Br)[C@H](C)C(F)F",342.017931576,"Screening"
"C=CC(=O)N(Cc1ccc2c(c1)COC2(C)C)CC1(C#N)CC1",310.168127944,"Screening"
"C=CC(=O)N(Cc1ccc(CO)o1)C1c2ccccc2CCC1F",329.14272172,"Screening"
"C=CC(=O)N(Cc1cc(C)on1)CC1(C)CC1(Cl)Cl",302.058883112,"Screening"
"C=CC(=O)N1CCC(C(=O)NC(C)c2csc(C3CC3)n2)C1",319.1354479120001,"Screening"
"C=CC(=O)N1CCCC1C(=O)N1CCCC(c2ncon2)C1",304.1535405,"Screening"
"C=CC(=O)N1CC(CC(=O)Nc2nc(CCC(=O)OC)cs2)C1",337.1096270880001,"Screening"
"C=CC(=O)N1CC(CC(=O)Nc2cc(C(=O)OC)nn2C)C1",306.132805056,"Screening"
"C=CC(=O)N1CC(CC(=O)Nc2cc([N+](=O)[O-])c(C)cc2C)C1",317.13755608800005,"Screening"
"C=CC(=O)NCc1ccc(C(=O)Nc2ccc3c(c2)c(C(=O)OC)nn3C2CCCCO2)cc1",462.19031993199997,"Screening"
"C=CC(=O)Nc1ccc(C(=O)NC(CCOCc2ccccc2)C(=O)OC)cc1",396.16852186799997,"Screening"
"C=CC(=O)N1CC(C(=O)N2CCN(Cc3ccccc3)C(=O)C2(C)C)C1",355.18959165999996,"Screening"
"C=CC(=O)N1CC(C(=O)Nc2cccc(Oc3ncc(Br)cn3)c2)C1",402.0327524400001,"Screening"
"C=CC(=O)N1CC(C(=O)Nc2nc(C)c(Cc3cccc(Cl)c3)s2)C1",375.08082549599993,"Screening"
"C=CC(=O)N1CC(C(=O)N(Cc2ccccc2C(F)(F)F)CC2CC2)C1",366.155512572,"Screening"
"C=CC(=O)N1CC(C(=O)Nc2ccc(F)cc2-c2ccc(Cl)cc2)C1",358.088433652,"Screening"
"C=CC(=O)N1CC(C(=O)Nc2c(-c3ccc(Br)cc3)cnn2C)C1",388.0534878840001,"Screening"
"C=CC(=O)Nc1ccccc1CC(=O)NC(C)c1nnnn1C",314.14912381600004,"Screening"
"C=CC(=O)Nc1ccccc1CC(=O)NC1CCCN(c2ccc(F)cc2)C1=O",395.16451978399994,"Screening"
"C=CC(=O)N1CCCc2c(C(=O)NCc3cccnc3-n3ccnc3)cccc21",387.16952491200004,"Screening"
"C=CC(=O)N1CCCc2c(C(=O)Nc3cccc(-c4nc(CC)cc(=O)[nH]4)c3)cccc21",428.18484062799996,"Screening"
"C=CC(=O)N1CCCc2c(C(=O)Nc3cnn(Cc4ccc(F)cc4)c3)cccc21",404.164854132,"Screening"
"C=CC(=O)N1CCCC1C(=O)Nc1nc(C)c(Cc2ccc(C)cc2)s1",369.151097976,"Screening"
"C=CC(=O)N1CCCC1C(=O)NC1(c2ccccc2C)CCCCC1",340.215078136,"Screening"
"C=CC(=O)Nc1ccc(CC(=O)N2CCCCC2c2ccccc2)cc1",348.183778008,"Screening"
"C=CC(=O)Nc1ccc(CC(=O)NCCc2nc(CC)no2)cc1",328.15354049999996,"Screening"
"C=CC(=O)Nc1ccc(CC(=O)N2CCC(n3cc(C(=O)OCC)c(C(F)(F)F)n3)C2)cc1",464.167139876,"Screening"
"C=CC(=O)Nc1ccc(CC(=O)N(C)CC(=O)NCc2ccccc2)cc1",365.173941596,"Screening"
"C=CC(=O)Nc1ccc(CC(=O)NC(c2nnc3n2CCC3)C(C)C)cc1",367.20082504000004,"Screening"
"C=CC(=O)Nc1ccc(CC(=O)NCCOCc2ccccc2)cc1",338.163042564,"Screening"
"C=CC(=O)N1CC(CC(=O)N2CCC(Cn3cc(Br)cn3)CC2)C1",394.10043807600005,"Screening"
"C=CC(=O)N1CC(CC(=O)N(C)c2nc3c(s2)CC(c2ccccc2)CC3)C1",395.16674804,"Screening"
"C=CC(=O)N1CC(CC(=O)NC(c2ccccc2)c2ccc(Cl)cc2)C1",368.129155592,"Screening"
"C=CC(=O)N1CC(CC(=O)N(Cc2cccc(Br)c2)C2CCSCC2)C1",436.0820111400001,"Screening"
"C=CC(=O)N1CC(CC(=O)N(C)CC(=O)NCc2ccco2)C1",319.153206152,"Screening"
"C=CC(=O)Nc1cccc(CC(=O)Nc2ccc3oc(C(=O)OC)cc3c2)c1",378.121571676,"Screening"
"C=CC(=O)Nc1cccc(CC(=O)NC(Cc2cccc(Cl)c2F)C(=O)OCC)c1",432.12521308399994,"Screening"
"C=CC(=O)Nc1cccc(CC(=O)N(Cc2ccc(O)cc2)Cc2ccco2)c1",390.157957184,"Screening"
"C=CC(=O)Nc1cccc(CC(=O)NC(C)C2(c3ccccc3)CCCC2)c1",376.215078136,"Screening"
"C=CC(=O)NCc1ccccc1CC(=O)NC1CCN(S(=O)(=O)N2CCOCC2)CC1",450.19369105999994,"Screening"
"C=CC(=O)NCc1ccccc1CC(=O)N1CCC2(CCOC2=O)CC1",356.17360724799994,"Screening"
"C=CC(=O)NCc1ccccc1CC(=O)N(Cc1ccccc1)C(C)c1cccs1",418.171499072,"Screening"
"C=CC(=O)Nc1ccc(CCC(=O)N(CCOC)Cc2ccc3c(c2)OCO3)cc1",410.18417193199997,"Screening"
"C=CC(=O)Nc1ccc(CCC(=O)Nc2ccc(OC)c(OCC(=O)NC3CC3)c2)cc1",437.195070964,"Screening"
"C=CC(=O)Nc1ccc(CCC(=O)NCc2nc(-c3ccc(F)cc3)oc2C)cc1",407.16451978399994,"Screening"
"C=CC(=O)NCc1ccccc1C(=O)N(C)[C@H](C)c1ccccc1",322.168127944,"Screening"
"C=CC(=O)NCc1ccccc1C(=O)NCC(CO)CC1CCOCC1",360.204907376,"Screening"
"C=CC(=O)NCc1ccccc1C(=O)N1CCC2(CC1)OCCc1ccccc12",390.19434269199996,"Screening"
"C=CC(=O)NCc1ccccc1C(=O)Nc1cc(C)ccc1O",310.13174243599997,"Screening"
"C=CC(=O)NCc1ccccc1C(=O)N1C[C@@H](O)C[C@H]1C(=O)OC(C)(C)C",374.18417193199997,"Screening"
"C=CC(=O)NCc1ccccc1C(=O)NCc1cc(-c2ccc(Cl)cc2)no1",395.103669116,"Screening"
"C=CC(=O)N(c1ccc(C(C)(C)C)cc1)[C@H](C(=O)NCCc1cccc(F)c1)c1cccnc1",459.23220542,"Screening"
"C#CCCNC(=O)c1cnn(C2CCCN(C(=O)C=C)C2)c1",300.15862588,"Screening"
"CC(C)c1ccc(CN(CC2CC3(CC(O)C3)C2)C(=O)CCl)cc1",349.180856816,"Screening"
"O=C(CCl)N(CCC1CCCOC1)Cc1ccc2occc2c1",335.128821244,"Screening"
"COC(=O)c1ccc(CN(C[C@@H]2CCCO2)C(=O)CCl)n1C",328.1189848320001,"Screening"
"Cc1conc1CN(CC1CCC(C)(C)CO1)C(=O)CCl",314.139720276,"Screening"
"Cn1ccc(CCN(Cc2ccccc2C2CC2)C(=O)CCl)n1",331.145140004,"Screening"
"CCn1cc(CN(C(=O)CCl)c2cccc(Cl)c2)nn1",312.054466428,"Screening"
"CC(C)c1cc(CN(CC2(C)CCCOC2)C(=O)CCl)no1",328.15537034,"Screening"
"CCc1cc(CN(CC2OCCC2(C)C)C(=O)CCl)no1",314.139720276,"Screening"
"Cn1cc(N(Cc2cccc(OCC(C)(C)C)c2)C(=O)CCl)cn1",349.155704688,"Screening"
"Cn1ncc(CN(CCn2cccn2)C(=O)CCl)c1C(F)(F)F",349.09172244,"Screening"
"CC(C)(C)n1nccc1CN(C(=O)CCl)C1Cc2ccccc2C1",345.160790068,"Screening"
"Cn1ccc(CN(CCc2ccccc2C#N)C(=O)CCl)n1",316.10908884400004,"Screening"
"C=CC(=O)N(Cc1cn(C)nc1C(C)C)C[C@H](O)c1ccc(Cl)cc1",361.15570468799996,"Screening"
"Cc1nscc1CN(C(=O)CCl)[C@H]1CCCC[C@H]1O",302.085576528,"Screening"
"Cc1ccc(CN(C(=O)CCl)c2cc(C)cc(S(C)(=O)=O)c2)cc1",365.0852421799999,"Screening"
"O=C(CCl)N(Cc1cc(F)cc(F)c1)C[C@@H]1C[C@H]2C[C@@H]1C[C@H]2O",343.11506299999996,"Screening"
"C[C@@H]1C[C@@H](N(Cc2ccc(C3CC3)cc2)C(=O)CCl)CCO1",321.14955668799996,"Screening"
"Cc1c(F)cccc1CN(CCC1CCCOC1)C(=O)CCl",327.140134876,"Screening"
"O=C(CCl)N(Cc1ccco1)C(CC(F)(F)F)c1ccccc1",345.07434106,"Screening"
"Cn1nccc1CN(CC(C)(C)c1ccccc1F)C(=O)CCl",337.135718192,"Screening"
"CC(F)(F)c1cccc(CN(C[C@H]2COCCO2)C(=O)CCl)c1",347.10997762,"Screening"
"Cc1ncsc1CN(C(=O)CCl)c1cnn(CC2CCC2)c1",338.096809908,"Screening"
"CC(C)(O)C(C)(C)CN(Cc1cc(Cl)cs1)C(=O)CCl",337.067005272,"Screening"
"N#CC1(CN(Cc2ccnn2C2CCC2)C(=O)CCl)CCCCC1",348.1716891,"Screening"
"CC1(C)COCCC1N(Cc1cscc1Cl)C(=O)CCl",335.051355208,"Screening"
"O=C(CCl)N(Cc1cccc2c1OCCO2)C1CCOCC1",325.10808579999997,"Screening"
"Cc1sccc1CN(C(=O)CCl)[C@H]1C[C@H]2CC[C@@H](C1)[C@H]2O",327.10597762399993,"Screening"
"CCn1ncc(CN(C(=O)CCl)[C@@H](C)c2ccco2)n1",296.104003464,"Screening"
"CCC(c1cccs1)N(Cc1cc(C)n(C)n1)C(=O)CCl",325.10156093999996,"Screening"
"CC(C)(C#N)CN(Cc1cc(F)cc(Cl)c1)C(=O)CCl",316.05454668000004,"Screening"
"Cc1ccc(CN(C(=O)CCl)[C@@H]2CCCOC2)cc1",281.11825655999996,"Screening"
"Cn1cc(CN(C(=O)CCl)C2CCCC3(CCC3)C2)cc1C#N",333.16079006800004,"Screening"
"Cc1cccc(CN(C[C@H]2C[C@@H](O)C2)C(=O)CCl)c1C",295.13390662399996,"Screening"
"COC1(CN(Cc2ccc(C)cc2F)C(=O)CCl)CCOC1",329.11939943199997,"Screening"
"CO[C@@H]1CCCC[C@H]1N(Cc1ccnn1C(C)C)C(=O)CCl",327.17135475199996,"Screening"
"Cc1cccc(C)c1CN(CCN1CCOC1=O)C(=O)CCl",324.12407021200005,"Screening"
"Cn1cc(CN(C(=O)CCl)c2ccccc2OCCF)cn1",325.09933268400005,"Screening"
"Cn1ccc(CN(C[C@]23CCC[C@H]2OCC3)C(=O)CCl)n1",311.140054624,"Screening"
"CO[C@@H]1COC[C@H]1N(Cc1ccc(F)c(F)c1)C(=O)CCl",319.078677492,"Screening"
"COc1cc(CN(C(=O)CCl)[C@@H]2COC[C@H]2OC)ccc1Cl",347.06911344800005,"Screening"
"N#CC1(CN(Cc2ccon2)C(=O)CCl)CCCC1",281.093104432,"Screening"
"Cn1cc(Br)c(CN(C(=O)CCl)[C@H]2C[C@H](O)C2)n1",335.0036165,"Screening"
"O=C(CCl)N(Cc1ccc2c(c1)OC(F)(F)O2)[C@@H]1CCOC1",333.057942048,"Screening"
"CC(C)(C)c1ccc(CN(C[C@@H]2COCCO2)C(=O)CCl)s1",345.116542308,"Screening"
"CC1(C)CCOC1CN(Cc1ccc2nccnc2c1)C(=O)CCl",347.14005462399996,"Screening"
"CCc1ccc(N(Cc2cn(C(C)(C)C)nn2)C(=O)CCl)cc1",334.156039036,"Screening"
"COC(C)CN(Cc1ccccc1-c1ccnn1C)C(=O)CCl",335.14005462399996,"Screening"
"CC(=O)N1CCC(N(Cc2cc(C)oc2C)C(=O)CCl)C1",312.124070212,"Screening"
"CC1(C)CC(N(Cc2cnc(C(C)(C)C)nc2)C(=O)CCl)C1",323.176440132,"Screening"
"CC1(CCN(Cc2sccc2Cl)C(=O)CCl)CC1(F)F",341.02194690000005,"Screening"
"O=C(CCl)N(Cc1cccc2c1OCO2)c1cnn(CCF)c1",339.07859724,"Screening"
"Cc1cc(CN(CC2CC(F)(F)CO2)C(=O)CCl)no1",308.07392646,"Screening"
"CCn1nccc1CN(C(=O)CCl)c1ccc(-n2ccnn2)cc1",344.11523684400004,"Screening"
"Cc1c([C@H](C)N(Cc2ccn(C)n2)C(=O)CCl)oc2ccccc12",345.12440456,"Screening"
"O=C(CCl)N(Cc1ccnn1CC1CC1)C[C@@H]1CCC[C@H](O)C1",339.17135475199996,"Screening"
"CCn1cc(CN(Cc2cscc2Cl)C(=O)CCl)nn1",332.02653742800004,"Screening"
"C=CC(=O)N1Cc2ccccc2CC1CNC(=O)C1CNC(=O)c2ccccc21",389.173941596,"Screening"
"C=CC(=O)NCCCN(C)C(=O)c1cc(F)ccc1OC(C)C",322.169270816,"Screening"
"C=CC(=O)N[C@@H]1CCCN(C(=O)C(C)=Cc2ccc(F)c(F)c2)C1",334.14928432,"Screening"
"C=CC(=O)N1CC(C(C)NC(=O)c2cnn(CCC)c2C2CC2)C1",330.205576072,"Screening"
"C=CC(=O)N1CC(NC(=O)C(C)(C)n2ccc(C3CC3)n2)Cc2ccccc21",378.205576072,"Screening"
"COc1cccc(CN(C(=O)CCl)[C@H]2C[C@H](OC)C2)c1OC",327.12373586399997,"Screening"
"CO[C@H]1C[C@@H](N(Cc2cn(C)nc2C(F)(F)F)C(=O)CCl)C1",339.096139124,"Screening"
"CCn1ccc(CN(C(=O)CCl)c2cnn3c2CCCC3)n1",321.13563794,"Screening"
"CCn1cc(CN(Cc2ccc3c(c2C)CCC3)C(=O)CCl)nn1",346.15603903600004,"Screening"
"O=C(CCl)N(CCOC1CC1)Cc1cc2cc(F)ccc2o1",325.08809930399997,"Screening"
"O=Cc1c(OCC(=O)N(Cc2ccc(C(F)(F)F)cc2)C2CC2)cccc1B(O)O",421.130837768,"Screening"
"C=CC(=O)N1CC(F)(F)C[C@H]1CNC(=O)c1c(C)nc2ccnn2c1C",363.15068128800004,"Screening"
"O=Cc1ncc(Br)cc1OCc1ccc(Cl)c(Br)c1",402.86103037600003,"Screening"
"O=Cc1nn(C2CCCCO2)nc1Br",258.99563866,"Screening"
"COc1ccc2c(c1)c(C=O)cn2CC(=O)OC(C)(C)C",289.131408088,"Screening"
"CC(c1cn(-c2cccc(S(=O)(=O)F)c2)nn1)N1CCNCC1",339.11652403600004,"Screening"
"O=Cc1ncc(Br)cc1OCc1cc(Cl)c2ccccc2c1",374.966168372,"Screening"
"CN(C)C(=O)c1nc(-c2cccc(OS(=O)(=O)F)c2)c2ccccn12",363.068905148,"Screening"
"Cc1nc(C2(NC(=O)COc3cccc(B(O)O)c3C=O)CCCCCC2)no1",401.17581588799993,"Screening"
"CCS(=O)(=O)CCCCCOc1cccc(B(O)O)c1C=O",328.11518979199997,"Screening"
"CC(C)N1CCCC(Oc2cccc(B(O)O)c2C=O)C1=O",305.14345313999996,"Screening"
"Cc1oc(-c2ccsc2)nc1COc1cccc(B(O)O)c1C=O",343.06857394799994,"Screening"
"Cn1ncc2c(N3CCN(C(=O)COc4cccc(B(O)O)c4C=O)CC3)ncnc21",424.166648172,"Screening"
"O=Cc1c(OCC(=O)NCc2ccccc2COc2ccccc2)cccc1B(O)O",419.15401782399994,"Screening"
"CCCOc1ccc(C(C)NC(=O)COc2cccc(B(O)O)c2C=O)cc1OCCC",443.2115326999999,"Screening"
"CC(Oc1cccc(B(O)O)c1C=O)C(=O)N(Cc1ccccc1)Cc1ccccc1",417.174753268,"Screening"
"CN(Cc1cc(Cl)cc(Cl)c1)C(=O)COc1cccc(B(O)O)c1C=O",395.04985837199996,"Screening"
"O=Cc1c(OCC(=O)Nc2ccc(Sc3ccc(Br)cc3)cc2)cccc1B(O)O",485.010386144,"Screening"
"O=Cc1c(OCC(=O)N2CCCC2c2ccc3c(c2)OCCCO3)cccc1B(O)O",425.1645825079999,"Screening"
"O=Cc1c(OCC(=O)N2CCN(c3cccc(Cl)c3)CC2)cccc1B(O)O",402.11537981999993,"Screening"
"Cc1cc(C)c(C(=O)NCc2ccc3[nH]cnc3c2)cc1C=O",307.132076784,"Screening"
"N#Cc1ccc(NC(=O)c2cc(C=O)n3c2CCCC3)c2cc(O)ccc12",359.12699140399997,"Screening"
"COC(=O)C[C@@H](Cc1ccccc1F)NC(=O)CCl",287.07244924,"Screening"
"O=Cc1ncc(Br)cc1OCc1cc(Cl)cc2cnccc12",375.96141734,"Screening"
"COc1cc(B(O)O)c(C=O)cc1OCc1cc(Br)ccc1F",382.002344236,"Screening"
"CCn1c(COc2c(OC)ccc(B(O)O)c2C=O)nc2cc(F)ccc21",372.129280296,"Screening"
"COc1cc(C=O)c(B(O)O)cc1OCc1csc(-c2c(Cl)cccc2Cl)n1",437.006279308,"Screening"
"O=Cc1cc(C(=O)NCc2ccc(OC3CCCC3)cc2)ccc1B(O)O",367.15910320399996,"Screening"
"CC(NC(=O)c1ccc(B(O)O)c(C=O)c1)c1cncc(F)c1",316.10306554799996,"Screening"
"CC(C)n1ncc2c1CC(NC(=O)c1ccc(B(O)O)c(C=O)c1)CC2",355.1703365839999,"Screening"
"O=Cc1cc(C(=O)N(CCC(F)(F)F)C2CCC2)ccc1B(O)O",343.120273084,"Screening"
"O=Cc1cc(C(=O)NC2(c3ccc(F)cn3)CC2)ccc1B(O)O",328.10306554799996,"Screening"
"O=Cc1cc(C(=O)N2CCC(Cn3ccccc3=O)CC2)ccc1B(O)O",368.154352172,"Screening"
"COC(=O)C(Cc1cccc(Oc2ccccc2)c1)NC(=O)c1ccc(B(O)O)c(C=O)c1",447.1489324439999,"Screening"
"CCCC(CC(=O)OC)NC(=O)c1ccc(B(O)O)c(C=O)c1",321.13836776,"Screening"
"COc1cccc(C(NC(=O)c2ccc(B(O)O)c(C=O)c2)c2ccccc2Cl)c1",423.104480788,"Screening"
"CCc1ccc(CC)c(NC(=O)c2ccc(B(O)O)c(C=O)c2)c1",325.14853851999993,"Screening"
"COc1cc(NC(=O)c2ccc(B(O)O)c(C=O)c2)c(OC)cc1CCNC(C)=O",414.159831476,"Screening"
"COc1cc(Cl)ccc1C(NC(=O)c1ccc(B(O)O)c(C=O)c1)c1ccc(Cl)cc1",457.0655084359999,"Screening"
"CC(NC(=O)c1ccc(B(O)O)c(C=O)c1)c1csc(C2CC2)n1",344.1002084240001,"Screening"
"O=Cc1cc(C(=O)N2CCC3(CCCCCC3)C2)ccc1B(O)O",329.179838648,"Screening"
"CC(C(=O)N1CCOCC1)N1CCN(C(=O)c2ccc(B(O)O)c(C=O)c2)CC1",403.19146595199993,"Screening"
"COc1cc(OC)c(OC)cc1CNC(=O)c1ccc(B(O)O)c(C=O)c1",373.1332823799999,"Screening"
"CCCn1c(NC(=O)c2ccc(B(O)O)c(C=O)c2)nc2ccccc21",351.139036456,"Screening"
"O=Cc1cc(C(=O)NC2CCC=C2Br)ccc1B(O)O",337.012100396,"Screening"
"CC1(C)CN(C(=O)c2ccc(B(O)O)c(C=O)c2)CCN1S(C)(=O)=O",368.12133779199996,"Screening"
"CCNC(=O)COc1ccc(CNC(=O)c2ccc(B(O)O)c(C=O)c2)cc1OC",414.1598314759999,"Screening"
"O=Cc1cc(C(=O)N2CCN(CC(=O)N3CCCCCC3)CC2)ccc1B(O)O",401.21220139599995,"Screening"
"C=CS(=O)(=O)NCC1COc2cscc2O1",261.012949832,"Screening"
"O=C(CCl)N1CCCN(C(=O)c2ccc3ccccc3c2)CC1",330.113505528,"Screening"
"C=CS(=O)(=O)N(CC)C[C@@H](O)C(F)(F)F",247.048998904,"Screening"
"C=CS(=O)(=O)N1Cc2ccc(C)cc2C1",223.066699656,"Screening"
"C=CS(=O)(=O)N1CCCC1c1nc(C)cs1",258.049669688,"Screening"
"Nc1ncc(C(=O)NCC2CCCOC2)cc1C=O",263.126991404,"Screening"
"O=C(CCl)NCCc1ccc2c(c1OCc1ccccc1)OCO2",347.0924357359999,"Screening"
"COC(=O)c1ccc(C(F)(F)CNC(=O)CCl)cc1",291.047377364,"Screening"
"O=C(CCl)N[C@H]1C[C@@H](COc2ccccc2)C1",253.086956432,"Screening"
"Cn1cc(NC(=O)CCl)c(OCC(F)F)n1",253.04296068,"Screening"
"COc1ccc(CN(C(=O)CCl)[C@H]2CCC[C@H]2OC)c(C)c1",325.144471308,"Screening"
"O=C(CCl)N(Cc1ccco1)C1Cc2ccc(F)cc2C1",307.07753462,"Screening"
"O=C(CCl)N(Cc1ccco1)[C@@H]1CCO[C@@H](c2ccccc2)C1",333.11317118,"Screening"
"Cc1sc(Cl)cc1CN(C(=O)CCl)[C@H]1CC[C@@H](O)C1",321.035705144,"Screening"
"CNC(=O)c1cccc(CN(C(=O)CCl)[C@H]2CCC[C@H]2OC)c1",338.139720276,"Screening"
"CCOc1cccc(CN(C(=O)CCl)[C@H]2COC[C@@H]2O)c1OC",343.11865048399994,"Screening"
"Cc1cc(CCN(Cc2ccc3occc3c2)C(=O)CCl)no1",332.092770084,"Screening"
"COc1cccc2c1CC(N(Cc1ccnn1C)C(=O)CCl)C2",333.12440455999996,"Screening"
"COCCN(Cc1cn(C2CCCCC2)nn1)C(=O)CCl",314.150953656,"Screening"
"O=C(CCl)Nc1cn(Cc2ccccc2)nn1",250.062138652,"Screening"
"O=C(CCl)Nc1ccc(S(=O)(=O)NC(=O)c2ccc(F)cc2)cc1",370.019033764,"Screening"
"O=Cc1cc(C(=O)N2CCOCC2CC(=O)c2ccco2)ccc1B(O)O",371.1176323159999,"Screening"
"O=Cc1cc(C(=O)N2C3CNC(=O)CC2COC3)ccc1B(O)O",332.117966664,"Screening"
"O=Cc1cc(C(=O)Nc2cnc(C3CCOCC3)nc2)ccc1B(O)O",355.13395107599996,"Screening"
"O=Cc1cc(C(=O)N2CC3C4CCC(C3C2)N(C(=O)C(F)(F)F)C4)ccc1B(O)O",424.1417368,"Screening"
"Cc1cc(NC(=O)c2ccc(B(O)O)c(C=O)c2)ccc1P(C)(C)=O",359.109389738,"Screening"
"O=Cc1cc(C(=O)Nc2cccc(P3(=O)CCCC3)c2)ccc1B(O)O",371.10938973799995,"Screening"
"O=Cc1cc(C(=O)N2CCSCC2c2nnn[nH]2)ccc1B(O)O",347.08595532799995,"Screening"
"CP(C)(=O)C1CCCC(NC(=O)c2ccc(B(O)O)c(C=O)c2)C1",351.14068986599995,"Screening"
"CP(C)(=O)[C@H](NC(=O)c1ccc(B(O)O)c(C=O)c1)c1ccccc1",359.109389738,"Screening"
"O=Cc1cc(C(=O)NC(c2nc3ccccc3[nH]2)C2CCCCC2)ccc1B(O)O",405.1859866479999,"Screening"
"C[C@H]1C[C@H](NC(=O)c2ccc(B(O)O)c(C=O)c2)c2ccsc2S1(=O)=O",393.051209632,"Screening"
"CN(Cc1coc(-c2ccc(C#N)cc2)n1)C(=O)c1ccc(B(O)O)c(C=O)c1",389.1183010119999,"Screening"
"C[C@H]1c2cc(Br)ccc2O[C@H]1CNC(=O)c1ccc(B(O)O)c(C=O)c1",417.03831514399997,"Screening"
"COc1cc(NC(=O)c2ccc(B(O)O)c(C=O)c2)cc(-n2cccn2)c1",365.1183010120001,"Screening"
"O=Cc1cc(C(=O)NCC2CC(c3ccc4c(c3)CCO4)=NO2)ccc1B(O)O",394.133616728,"Screening"
"CCc1ncc2c(n1)CC1CCC2N1C(=O)c1ccc(B(O)O)c(C=O)c1",365.1546865199999,"Screening"
"CN(CC1OCCc2sccc21)C(=O)c1ccc(B(O)O)c(C=O)c1",359.09987407599994,"Screening"
"Cc1c(CN(C)C(=O)c2ccc(B(O)O)c(C=O)c2)oc2c(C)cccc12",365.14345313999996,"Screening"
"O=Cc1cc(C(=O)Nc2ccc(NC(=O)C3CCC3)cn2)ccc1B(O)O",367.13395107599996,"Screening"
"CN(C(=O)c1ccc(B(O)O)c(C=O)c1)C(c1ccc(Cl)cc1)c1nccn1C",411.11571416800007,"Screening"
"Cc1occc1C(=O)NC1CCN(C(=O)c2ccc(B(O)O)c(C=O)c2)CC1",384.14926679199993,"Screening"
"O=Cc1cc(C(=O)N2CCc3ncncc3C2)ccc1B(O)O",311.10773632799993,"Screening"
"Cc1ccc(F)c(-n2nnnc2COc2cccc(B(O)O)c2C=O)c1",356.1092135479999,"Screening"
"Cc1ccnc(-c2noc(COc3ccc(B(O)O)c(C=O)c3)n2)c1",339.10265094799996,"Screening"
"COc1nc(C)cc(C)c1COc1ccc(B(O)O)c(C=O)c1",315.12780307599996,"Screening"
"O=Cc1cc(OCc2ncc(-c3ccccc3F)o2)ccc1B(O)O",341.087081136,"Screening"
"O=Cc1cc(OCc2cc(F)cc3cccnc23)ccc1B(O)O",325.092166516,"Screening"
"Cn1ccn2c(COc3ccc(B(O)O)c(C=O)c3)nnc2c1=O",328.097899916,"Screening"
"O=Cc1ccc(OCc2ccn(C3CCCCC3)n2)cc1B(O)O",328.159437552,"Screening"
"C=CC(=O)NC(C)(C)CC(C)(NCCCOCCOC)c1nnnn1CCCOC",426.2954536960001,"Screening"
"C=CC(=O)NC(C)(C)CC(C)(NCC(OC)C(C)C)c1nnnn1-c1ccc(OC)cc1OC",474.29545369600004,"Screening"
"C=CC(=O)NC(C)(C)CC(C)(NCc1nccn1-c1ccccc1)c1nnnn1CC1CCOC1",478.2804723280001,"Screening"
"C=CC(=O)NC(C)(C)CC(C)(NCC[C@@H]1CC[C@H]1C(F)(F)F)c1nnnn1CC(=C)C",442.2667943360001,"Screening"
"C=CC(=O)NC(C)(C)CC(C)(NCC[C@H]1C[C@@H](O)C1)c1nnnn1CCc1cccc(F)c1",458.2805525800001,"Screening"
"C=CC(=O)NC(C)(C)CC(C)(NCc1cnc(C)o1)c1nnnn1-c1c(C)cccc1C",437.2539232320001,"Screening"
"C=CC(=O)NC(C)(C)CC(C)(NCC1OC(=O)CC1(C)C)c1nnnn1CCOCC",436.2798036320001,"Screening"
"C=CC(=O)NC(C)(C)CC(C)(NCCS(=O)c1ccc(C)cc1)c1nnnn1C1CC1",444.2307452640001,"Screening"
"C=CC(=O)NCCNC(c1ccc2cc(C(=O)OC)ccc2n1)c1nnnn1C1CC(C(=O)OC)C1",493.20736696400013,"Screening"
"C=CC(=O)N1CCCC(NC(c2cccn3nccc23)c2nnnn2CCCOC)C1",424.2335221360001,"Screening"
"C=CC(=O)Nc1ccc(C(NC2CC3(C2)NC(=O)NC3=O)c2nnnn2C2(C)CC2)cc1",436.19713662800007,"Screening"
"C=CC(=O)Nc1ccc(C(NCC2(CO)CCCC2)c2nnnn2C2CC2)cc1",396.2273741360001,"Screening"
"C=CC(=O)Nc1ccc(C(NCCC(C)(C)C)c2nnnn2CC2CCOC2)cc1",412.258674264,"Screening"
"C=CC(=O)Nc1ccc(C(NCCCP(C)(C)=O)c2nnnn2CC2CC2)cc1",416.20896079800013,"Screening"
"C=CC(=O)Nc1ccc(C(NCc2cn(CC)nn2)c2nnnn2CCSC)cc1",427.19027742000014,"Screening"
"C=CC(=O)N1CCC(CNC(C)(CC2CC2)c2nnnn2CCCC(=O)OCC)CC1",432.28488901199995,"Screening"
"C=CC(=O)N1CCC(CNC(c2cocn2)c2nnnn2CC2CCCO2)CC1",401.217537724,"Screening"
"C=CC(=O)N1CCC(CNC(c2nccnc2C)c2nnnn2-c2c(C)cccc2C)CC1",446.25425758000006,"Screening"
"C=CC(=O)NCCNC(c1c(Cl)ccc(OC)c1F)c1nnnn1CCCSC",442.13540090800007,"Screening"
"C=CC(=O)NCCNC(c1ccn(-c2ccccc2)n1)c1nnnn1-c1c(C)cccc1C",442.2229574520001,"Screening"
"C=CS(=O)(=O)NCC(C(F)F)n1cccn1",251.054004032,"Screening"
"C=CS(=O)(=O)NCCc1ccc(Br)c(C)c1",302.99286178799997,"Screening"
"C=CS(=O)(=O)NCCc1nnc(C(C)C)s1",261.06056872,"Screening"
"C=CS(=O)(=O)N(C)CCn1cncc1C(=O)OC",273.07832696,"Screening"
"C=CS(=O)(=O)N1CCCC1c1ncccn1",239.072847656,"Screening"
"C=CS(=O)(=O)N1CC(Oc2ccccc2)C1",239.061614276,"Screening"
"C=CS(=O)(=O)N1CCN(c2oc(C(=O)OC)nc2C#N)CC1",326.068490548,"Screening"
"C=CS(=O)(=O)N[C@H]1COC[C@H]1n1cccn1",243.067762276,"Screening"
"C=CS(=O)(=O)N1CC2(CCCC(C(=O)OC)O2)C1",275.08274364400006,"Screening"
"C=CS(=O)(=O)NCc1ccc(C#N)cc1F",240.036876748,"Screening"
"O=C(CCl)N1CC[C@@H](CC(=O)N2CCn3ccnc32)C1",296.104003464,"Screening"
"CCc1oncc1NC(=O)[C@H]1C[C@H](F)CN1C(=O)CCl",303.07859724,"Screening"
"CCc1nnsc1CN(C(=O)CCl)C(C(=O)NC1CCOCC1)c1ccc(-c2ccn[nH]2)o1",492.13465196000004,"Screening"
"Cc1nc(NC(=O)CC[C@@H]2CCCN2C(=O)CCl)ccc1-c1cnn(C)c1",389.16185268800007,"Screening"
"N#Cc1cccc(NC(=O)COc2ccc(C=O)c(B(O)O)c2)c1",324.09175191599996,"Screening"
"CC1CCCN(C(C)CNC(=O)COc2ccc(C=O)c(B(O)O)c2)C1",362.201302364,"Screening"
"CC(NC(=O)COc1ccc(C=O)c(B(O)O)c1)c1nnnn1C1CC1",359.14009907600007,"Screening"
"CCC(NC(=O)COc1ccc(C=O)c(B(O)O)c1)c1ncc(C)s1",362.11077310800005,"Screening"
"Cn1nc(C(F)(F)F)cc1CNC(=O)COc1ccc(C=O)c(B(O)O)c1",385.10568563999993,"Screening"
"COc1ccc(-c2nc(COc3ccc(C=O)c(B(O)O)c3)co2)cc1",353.10706763199994,"Screening"
"CC(Oc1ccc(C=O)c(B(O)O)c1)C(=O)Nc1cccc(C#N)c1",338.1074019800001,"Screening"
"COc1ccccc1NC=C(C#N)C(=O)NC1CCCCC1",299.163376912,"Screening"
"N#CC(=Cc1ccc(O)cc1)C(=O)Nc1ccc(SC(F)F)cc1",346.058755064,"Screening"
"CCCCCCCCNC(=O)C(C#N)=Cc1cc(Br)c(O)c(Br)c1",456.00480214399994,"Screening"
"N#CC(=Cc1ccc(O)cc1)C(=O)Nc1cc(C(F)(F)F)ccc1Cl",366.0382899,"Screening"
"N#CC(=Cc1ccc(O)cc1O)C(=O)Nc1ccc(SC(F)F)cc1",362.053669684,"Screening"
"CC(C)(C)c1cc(C=C(C#N)C(=O)Nc2ccccc2Br)cc(C(C)(C)C)c1O",454.125590204,"Screening"
"O=Cc1c[nH]c2cc(Cl)c(Br)cc12",256.92430356,"Screening"
"COc1cccc(COCC2CO2)c1",194.094294308,"Screening"
"C=CC(=O)N1CCCC(C(=O)N2CCCC(C(=O)Nc3nccs3)C2)C1",376.156911628,"Screening"
"C=CC(=O)N1CCCC(C(=O)N2CC[C@H](C)C[C@H]2c2ccc(CC)o2)C1",358.22564281999996,"Screening"
"C=CC(=O)N1CCCC(C(=O)N2CCc3nc(CCC(C)(C)C)ncc3C2)C1",384.252526264,"Screening"
"C=CC(=O)N1CCCC(C(=O)N(C)Cc2oc3c(C)cccc3c2C)C1",354.194342692,"Screening"
"C=CC(=O)N1CCCC(C(=O)N[C@@H]2CCC(=O)N[C@H]2C2CC2)C1",319.18959166,"Screening"
"C=CC(=O)N1CCCC(C(=O)N[C@@H]2CCN(C)[C@H]2c2ccc(Cl)c(F)c2)C1",393.16193294,"Screening"
"C=CC(=O)N1CCCC(C(=O)NCc2ccnc(Oc3ccc(C)c(C)c3)c2)C1",393.205241724,"Screening"
"C=CC(=O)N1CCCC(C(=O)N2CCN(C(=O)c3cc(Cl)c[nH]3)CC2)C1",378.14586827600004,"Screening"
"C=CC(=O)NCC(=O)N1CCN(c2ccccc2S(=O)(=O)NC)CC1",366.13617618399996,"Screening"
"C=CC(=O)NCC(=O)N1CCN(c2nc3ccc(Cl)cc3s2)CC1",364.07607446400004,"Screening"
"C=CC(=O)NCC(=O)NC1CCCC1c1ccccc1C(F)(F)F",340.139862508,"Screening"
"C=CC(=O)NCC(=O)N1CCC(c2cccc(C(F)(F)F)c2)C1(C)C",354.155512572,"Screening"
"C=CC(=O)NCC(=O)Nc1ccc(N2C[C@@H](C)O[C@@H](C)C2)c(C(F)(F)F)c1",385.161326224,"Screening"
"C=CC(=O)NCC(=O)NC1CCCSc2ccc(Br)cc21",368.019410884,"Screening"
"C=CC(=O)NCC(=O)N1CCN(c2ccc(Cl)cc2)CC1(C)C",335.140054624,"Screening"
"C=CC(=O)NCC(=O)N1CC(c2cccc(Cl)c2)OCC1(C)C",336.124070212,"Screening"
"C=CC(=O)NCC(=O)Nc1ccc(OC)c(N2CCCCC2=O)c1",331.153206152,"Screening"
"C=CC(=O)NCC(=O)Nc1ccc(C(=O)N(C)C)c(Cl)c1",309.088019052,"Screening"
"C=CC(=O)NC(C)C1CN(C(=O)c2cccc(Cl)c2Cl)CCO1",356.06944779599996,"Screening"
"C=CC(=O)NCC1(CCNC(=O)c2cc3cccc(F)c3o2)CC1",330.137970688,"Screening"
"C=CC(=O)NCC(NC(=O)c1cc2c(s1)CCOC2)C1CCCCC1",362.166413692,"Screening"
"O=Cc1ccn(C(F)(F)C(F)OC(F)(F)F)c1",261.02244772,"Screening"
"O=C(Cn1cc(-c2ccc(S(=O)(=O)F)cc2)nn1)NCCOc1ccccc1",404.09545424400005,"Screening"
"C=CC(=O)Nc1ccc(C(=O)NC2CS(=O)(=O)Cc3ccccc32)cc1",370.09872805599997,"Screening"
"C=CC(=O)Nc1ccc(C(=O)N(C)Cc2conc2CC)cc1",313.142641468,"Screening"
"C=CC(=O)Nc1ccc(C(=O)NC2C(C#N)CCC23CCOCC3)cc1",353.17394159599996,"Screening"
"C=CC(=O)Nc1ccc(C(=O)Nc2cn(CC)nc2C(N)=O)cc1",327.133139404,"Screening"
"C=CC(=O)Nc1ccc(C(=O)Nc2cc(Cl)c3c(c2)OCCCO3)cc1",372.08768470399997,"Screening"
"C=CC(=O)Nc1ccc(C(=O)N2CCS(=N)(=O)c3ccccc32)cc1",355.09906240400005,"Screening"
"C=CC(=O)Nc1ccc(C(=O)N2CCN(c3ccc(C#N)cc3)CC2)cc1",360.15862588,"Screening"
"C=CC(=O)Nc1ccc(C(=O)N2CCCC2c2ccc(OC)c(F)c2)cc1",368.153620752,"Screening"
"C=CC(=O)Nc1ccc(C(=O)N2CC(C)Cc3cccc(O)c32)cc1",336.14739249999997,"Screening"
"C=CC(=O)Nc1ccc(C(=O)Nc2ccc(Br)cc2O)cc1",360.01095437600003,"Screening"
"C=CC(=O)Nc1ccc(C(=O)N2CCC(c3nc(=N)n(C)[nH]3)CC2)cc1",354.18042394400004,"Screening"
"C=CC(=O)Nc1ccc(C(=O)N2CCCc3oc(Br)cc3C2)cc1",388.042254504,"Screening"
"C=CC(=O)NCc1ccc(C(=O)N2CCc3cc(F)cc(Br)c3C2)cc1",416.053568136,"Screening"
"C=CC(=O)N(C)CC(=O)NCc1cc(Oc2ccc(F)c(F)c2)ccn1",361.1237978440001,"Screening"
"C=CC(=O)Nc1cccc(C(=O)N2CC[C@@H](O)[C@H]2c2ccc(Br)cc2)c1",414.0579045680001,"Screening"
"C=CC(=O)Nc1cccc(C(=O)Nc2ccc(N3CCc4sccc4C3)cc2)c1",403.135447912,"Screening"
"C=CC(=O)Nc1cccc(C(=O)Nc2cc(C)cnc2OC(C)C)c1",339.158291532,"Screening"
"C=CC(=O)Nc1cccc(C(=O)N[C@H]2[C@H](c3ccccc3)C2(C)C)c1",334.168127944,"Screening"
"C=CC(=O)Nc1cccc(C(=O)NC2CN(Cc3ccccc3)C3(CCC3)C2)c1",389.210327104,"Screening"
"C=CC(=O)Nc1cccc(C(=O)N2CCCC2c2cccc3c2OCCO3)c1",378.15795718399994,"Screening"
"C=CC(=O)Nc1cccc(C(=O)N2CCn3ccc(C(=O)OC)c3C2)c1",353.137556088,"Screening"
"C=CC(=O)Nc1cccc(C(=O)N2CCN(C)c3ccc(C(=O)OC)cc32)c1",379.15320615199994,"Screening"
"C=CC(=O)NCC(=O)N1CC2(CCCC2)OCC1CN(C)C",309.205241724,"Screening"
"C=CC(=O)NCC(=O)NC1(c2nc(-c3cccs3)no2)CCCCC1",360.1256115,"Screening"
"C=CC(=O)NCC(=O)N1CCNC(=O)C1c1ccc(OC(F)(F)F)cc1",371.10929065199997,"Screening"
"C=CC(=O)NCC(=O)N(C)C1CCCc2c(OC)ccc(Cl)c21",336.12407021200005,"Screening"
"C=CC(=O)Nc1ccc(O)c(C(=O)Nc2cc(C(F)(F)F)c(F)cc2O)c1",384.073319744,"Screening"
"C=CC(=O)Nc1ccc(O)c(C(=O)N2CCN(c3ccc(C#N)cc3F)CC2)c1",394.14411868800005,"Screening"
"C=CC(=O)Nc1ccc(O)c(C(=O)NC2CS(=O)(=O)C23CCCC3)c1",364.10929274,"Screening"
"C=CC(=O)Nc1ccc(O)c(C(=O)N(C)Cc2cc(OC)ccc2OC)c1",370.152871804,"Screening"
"C=CC(=O)Nc1ccc(O)c(C(=O)NC(CC)c2cc(F)ccc2OC)c1",372.148535372,"Screening"
"C=CC(=O)N(CC)CC(=O)N1CCCC2(OC(=O)Nc3ccc(Cl)c(F)c32)C1C",423.13611211600005,"Screening"
"C=CC(=O)N(CC)CC(=O)N(C)C(C)c1cccc(S(N)(=O)=O)c1",353.140927216,"Screening"
"C=CC(=O)N1CCC(C(=O)NC2=NN(Cc3ccccc3)C(C)C2)CC1",354.205576072,"Screening"
"C=CC(=O)N1CCCC(C(=O)N2Cc3nc(C4CC4)nc(O)c3C2)C1",342.16919056399996,"Screening"
"C=CC(=O)N1CCCC(C(=O)Nc2cc(C#N)cc(S(C)(=O)=O)c2)C1",361.10962708799997,"Screening"
"C=CC(=O)N1CCCC(C(=O)N2CCCNC(=O)C2Cc2ccccc2)C1",369.205241724,"Screening"
"C=CC(=O)N1CCCC(C(=O)Nc2ccc(F)cc2Nc2ccccc2F)C1",385.16018335200005,"Screening"
"C=CC(=O)N1CCCC(C(=O)Nc2cc(-c3cccc(F)c3F)n[nH]2)C1",360.13978225600005,"Screening"
"C=CC(=O)N1CCCC(C(=O)NCc2ccccc2CN2CCC(O)C2)C1",371.220891788,"Screening"
"C=CC(=O)N1CCCc2cc(C(=O)N3CCC(OCCN(C)C)CC3)ccc21",385.236541852,"Screening"
"C=CC(=O)N1CCCc2cc(C(=O)Nc3cc(-c4ccccc4C(F)(F)F)[nH]n3)ccc21",440.1460105080001,"Screening"
"C=CC(=O)N(C)c1ccc(C(=O)NCCc2ccc3c(c2)CCO3)cc1",350.16304256399997,"Screening"
"C=CC(=O)N(C)c1ccc(C(=O)N2C[C@@H]3CCCN3C[C@H]2C(C)C)cc1",355.225977168,"Screening"
"C=CC(=O)N(C)c1ccc(C(=O)N2Cc3cnn(C)c3CC(C)(C)C2)cc1",366.205576072,"Screening"
"C=CC(=O)N(C)c1ccc(C(=O)Nc2ccc(N(CC)C(C)=O)nc2)cc1",366.16919056399996,"Screening"
"C=CC(=O)N(C)c1ccc(C(=O)Nc2cc3c(C)nn(C)c3nc2C)cc1",363.16952491200004,"Screening"
"C=CC(=O)N(C)c1ccc(C(=O)NC(C(N)=O)c2ccc(Cl)cc2)cc1",371.103669116,"Screening"
"C=CC(=O)N(C)c1ccc(C(=O)NCC(O)CN2CCCC2=O)cc1",345.168856216,"Screening"
"C=CC(=O)N(C)c1ccc(C(=O)NCC(O)c2ccc(Cl)c(F)c2)cc1",376.09899833599997,"Screening"
"C=CC(=O)N(C)c1ccc(C(=O)N(C)CCN2CCNC(=O)C2)cc1",344.18484062799996,"Screening"
"C=CC(=O)N(C)c1ccc(C(=O)Nc2cc(Cl)ccc2NC(C)=O)cc1",371.103669116,"Screening"
"C=CC(=O)N(C)c1ccc(C(=O)NCC2SCCc3ccccc32)cc1",366.140198944,"Screening"
"C=CC(=O)N(C)c1ccc(C(=O)NCCc2ccc(C#N)cc2C)cc1",347.16337691200005,"Screening"
"C=CC(=O)N(C)c1ccc(C(=O)N(C)C(C)C2CCN(C)CC2)cc1",343.225977168,"Screening"
"C=CC(=O)N(C)c1ccc(C(=O)Nc2ccc3c(c2)ncn3-c2ccccc2)cc1",396.15862588,"Screening"
"C=CC(=O)N(C)c1ccc(C(=O)Nc2nc3c(s2)CC(C)(C)CC3)cc1",369.151097976,"Screening"
"C=CC(=O)N(C)c1ccc(C(=O)N2CCCCNS(=O)(=O)CC2)cc1",365.14092721599997,"Screening"
"C=CC(=O)Nc1cc(C(=O)NCCN2CCN(C(C)=O)CC2)ccc1O",360.17975524799994,"Screening"
"C=CC(=O)NCCC1CCCCN1S(=O)(=O)c1ccc(Cl)cc1",356.096141212,"Screening"
"C=CC(=O)N(Cc1ccccc1)C(C)c1cccc(NC(C)=O)c1",322.16812794399993,"Screening"
"C=CC(=O)N1CCC(CCOC)(c2nc(C3CCCC3)no2)CC1",333.205241724,"Screening"
"C=CC(=O)Nc1ccc(S(=O)(=O)NC2CCOCC2)cc1",310.09872805599997,"Screening"
"C=CC(=O)N1CCCC1CNC(=O)c1cc(Cl)c(Cl)[nH]1",315.05413208000004,"Screening"
"C=CC(=O)N1CCC(O)(c2cccc(OC(F)(F)F)c2)CC1",315.108228032,"Screening"
"C=CC(=O)N1CC2(CCOCC2)C1c1cnn(C(C)(C)C)c1",303.19467704,"Screening"
"O=C(CCl)Nc1cc(F)c(F)cc1N1CCOCC1",290.063361776,"Screening"
"CS(=O)(=O)NCc1ccccc1NC(=O)CCl",276.033540956,"Screening"
"O=C(CCl)Nc1cccc(Cc2nn[nH]n2)c1",251.05738762,"Screening"
"CCN1CCC(N2CCCN(C(=O)CCl)CC2)CC1",287.176440132,"Screening"
"CC(Cl)C(=O)NCCCc1c[nH]c2ccc(F)cc12",282.093519032,"Screening"
"COc1ccc(C2=CCN(C(=O)C(C)Cl)C2)cc1",265.086956432,"Screening"
"CC(Cl)C(=O)NC(C)C1CCCN(C2CCC2)C1",272.1655411,"Screening"
"CC(Cl)C(=O)NCC1CC(=O)N(CCOC2CCCC2)C1",316.15537034,"Screening"
"CC(Cl)C(=O)NC1CN(S(=O)(=O)c2ccc3c(c2)OCCO3)C1",360.05467032399997,"Screening"
"CC(Cl)C(=O)NC(C(=O)N(C)Cc1nnc2n1CCC2)C(C)C",341.16185268799995,"Screening"
"CC(Cl)C(=O)NCc1nc2c(s1)CC(c1ccccc1)CC2",334.090661908,"Screening"
"CC(Cl)C(=O)NC1(Cc2cccc(Cl)c2)CCOC1",301.063634144,"Screening"
"CC(Cl)C(=O)NCC1CCC(C(=O)N(C)C)O1",262.108420148,"Screening"
"CC1CCCN(C(=O)C(NC(=O)C(C)Cl)c2cnn(C)c2)C1",326.150953656,"Screening"
"CC(Cl)C(=O)NCc1ccc2c(c1)C(C)(C)C(=O)N2",280.097855464,"Screening"
"Cc1oc2ccccc2c1CCNC(=O)C(C)Cl",265.086956432,"Screening"
"CC(Cl)C(=O)NCCC(=O)N1c2ccccc2CCC1C",308.129155592,"Screening"
"CC(Cl)C(=O)N1CCC(n2cnc(C#N)n2)CC1",267.088687748,"Screening"
"CC(Cl)C(=O)N1CC(C)(C)O[C@@]2(C[C@@H]3CC[C@H]2C3)C1",285.14955668799996,"Screening"
"CCC(CC)(NC(=O)C1CN(C(=O)C(C)Cl)C1)C(N)=O",303.134969244,"Screening"
"CCS(=O)(=O)N1CCN(C(=O)C(C)Cl)[C@H](C)C1",282.080491148,"Screening"
"CC(Cl)C(=O)N1CCCN(S(=O)(=O)N(C)C)CC1",297.09139017999996,"Screening"
"CC(Cl)C(=O)N(C)CC(=O)NC(c1ccccc1)c1ccccc1",344.129155592,"Screening"
"CC(Cl)C(=O)NCCc1cnc2c(Cl)cnn2c1",286.038816364,"Screening"
"CC(Cl)C(=O)NCC1(N2CCN(c3ccccc3)CC2)CCOCC1",365.18700481599996,"Screening"
"CC(Cl)C(=O)N[C@@H]1CC(=O)N(C2CC2)[C@H]1c1ccnn1C",310.1196535280001,"Screening"
"CC(Cl)C(=O)NCC1c2ccccc2C(=O)N1Cc1ccccc1",342.113505528,"Screening"
"CC(Cl)C(=O)N1CCc2nnc(-c3cccc(F)c3)cc2C1",319.088768,"Screening"
"COc1ccccc1[C@H]1[C@@H](NC(=O)C(F)(F)F)CCCN1C(=O)C(C)Cl",392.11145484,"Screening"
"CNC(=O)C(NC(=O)Cn1cc(C=O)c(-c2ccccc2)n1)c1ccccc1",376.1535405,"Screening"
"C=CS(=O)(=O)NCc1ccccc1C(C)C",239.097999784,"Screening"
"CCn1ncc(CN(C(=O)CCl)c2ccc(F)cc2)n1",296.084016968,"Screening"
"C=CC(=O)N(Cc1c(C)nn(C)c1C)c1ccccc1OCC",313.179026976,"Screening"
"C=CC(=O)N(Cc1cccc(OC2CCCC2)c1)CC1CCS(=O)(=O)C1",377.166079344,"Screening"
"C=CC(=O)N(Cc1cc2n(n1)CCCO2)c1cc(NC(=O)CC)ccc1C",368.18484062799996,"Screening"
"C=CC(=O)N(Cc1nn(CC)nc1C)c1ccc2oc(C3CC3)nc2c1",351.16952491200004,"Screening"
"C=CC(=O)N(Cc1cccs1)CC1CCN(c2ccccc2)C1",326.145284324,"Screening"
"C=CC(=O)N(Cc1cccc(OCC)n1)c1cnn(CC)c1",300.15862588,"Screening"
"C=CC(=O)N(CCCS(C)(=O)=O)Cc1ccccc1-c1ccccc1C",371.15551466,"Screening"
"C=CC(=O)N(Cc1ccccc1Cl)CC1CCN(C(C)=O)CC1",334.144805656,"Screening"
"C=CC(=O)N(Cc1cn(C)nc1C(C)(C)C)c1ccc2c(c1)NC(=O)CC2",366.205576072,"Screening"
"C=CC(=O)N(Cc1ccn(C)n1)c1ccc(C(=O)N2CCOCC2)cc1C",368.18484062799996,"Screening"
"C=CC(=O)N(CCc1cn(C)nn1)CC1CCC(C)(C)CC1",304.226311516,"Screening"
"C=CC(=O)N(Cc1cccc2c1OC(C)(C)C2)CC1(CS(C)(=O)=O)CC1",377.16607934399997,"Screening"
"C#CCOc1ccccc1CN(CC1CN(S(C)(=O)=O)C1)C(=O)C=C",362.1300281839999,"Screening"
"O=Cc1ccc2c(c1)CN(C1CCC(=O)NC1=O)C2=O",272.079706864,"Screening"
"Cc1ccc2c(Cl)c(OCC3CO3)ccc2n1",249.055656304,"Screening"
"Cc1ccc(OCC2CO2)c(S(=O)(=O)N(C)C)c1",271.08782902400003,"Screening"
"CN(C(=O)C(C)(C)C)c1ccc(OCC2CO2)cc1",263.152143532,"Screening"
"CN(c1ccc(OCC2CO2)cc1)S(=O)(=O)c1ccccc1F",337.078407212,"Screening"
"O=C(c1cccc(OCC2CO2)c1)N1CCc2ccccc2C1",309.136493468,"Screening"
"C=CS(=O)(=O)N1CC[C@H]2C(OC)C(C)(C)[C@H]21",245.108564468,"Screening"
"CC(Cl)C(=O)N[C@@H]1C[C@H]1c1cc(F)c(F)c(F)c1",277.048126312,"Screening"
"CC(Cl)C(=O)N1CCCC1C1COCCC1(C)O",275.128821244,"Screening"
"CC(Cl)C(=O)NCC(N(C)Cc1ccccc1)C(F)(F)F",322.105975536,"Screening"
"CC(Cl)C(=O)NC(Cc1ccccc1)c1ncco1",278.0822054,"Screening"
"CC(Cl)C(=O)Nc1cccc(-n2nccc2C(F)(F)F)c1",317.054274312,"Screening"
"C=CC(=O)N1CCC(C(=O)Nc2cc(Br)c3cn[nH]c3c2)CC1",376.0534878840001,"Screening"
"C=CC(=O)N(C)CC(=O)NCC1CCCN1S(=O)(=O)CC",317.140927216,"Screening"
"CC1(C)NCCC1Cn1cc(-c2ccc(S(=O)(=O)F)cc2)nn1",338.1212750680001,"Screening"
"C=CC(=O)N1CCC(C(=O)N2CCC(=C(C#N)c3ccccc3)CC2)CC1",363.19467704,"Screening"
"C=CC(=O)N(CC)CC(=O)NC1C(=O)N(C)CCc2ccccc21",329.173941596,"Screening"
"C=CC(=O)N1CCCC(C(=O)N2CCC(n3nc(C(C)C)nc3O)CC2)C1",375.227039788,"Screening"
"C=CC(=O)N(C)c1ccc(C(=O)NCCC2(C)COCCO2)cc1",332.173607248,"Screening"
"C=CC(=O)NCC(=O)NC1c2cccc(Br)c2CC1(F)F",358.01284619600005,"Screening"
"C=CC(=O)Nc1cc(NC(=O)C23CCN(C2)S(=O)(=O)C3)ccc1F",353.084555212,"Screening"
"C=CC(=O)Nc1cc(NC(=O)C2=Cc3cc(C)ccc3OC2)ccc1F",352.122320624,"Screening"
"CC(=O)Nc1c(C)ccc(NCc2cc(S(=O)(=O)F)ccc2C)c1C",364.125691752,"Screening"
"Cc1ccc(S(=O)(=O)F)cc1CNc1ccccc1CS(C)=O",355.07121365599994,"Screening"
"C=CC(=O)NCC(=O)NC1c2ccc(Br)cc2CC1(C)C",350.06298994800005,"Screening"
"C[C@@]1(c2cn(-c3ccc(S(=O)(=O)F)cc3)nn2)CCCN1",310.08997494000005,"Screening"
"O=S(=O)(F)c1ccc(-n2cc(C3(O)CCNC3)nn2)cc1",312.0692394960001,"Screening"
"C=CC(=O)N1CCN(C(=O)c2nc(N3CCCC3)ncc2Cl)[C@@H](C)C1",363.146202624,"Screening"
"C=CC(=O)N1CCN(C(=O)Cn2nc(-c3ccccc3)ccc2=O)[C@@H](C)C1",366.16919056399996,"Screening"
"C=CC(=O)N1CCN(C(=O)c2ccnc(-c3ccc(Cl)cc3)n2)[C@@H](C)C1",370.1196535280001,"Screening"
"C=CC(=O)N1CCN(C(=O)c2cnn3c2N[C@@H](C)C[C@H]3C(F)(F)F)[C@@H](C)C1",385.172559604,"Screening"
"C=CC(=O)N1CCN(C(=O)Cc2ccc(N3CCOCC3)cc2)[C@@H](C)C1",357.205241724,"Screening"
"C=CC(=O)N1CCN(C(=O)c2csc(N=S(C)(=O)N(C)C)n2)[C@@H](C)C1",385.1242315960001,"Screening"
"O=C(Nc1ccc(OS(=O)(=O)F)cc1)c1cnn(C2CC2(F)F)c1",361.03441146,"Screening"
"CC(C(=O)Nc1ccc(OS(=O)(=O)F)cc1)N1CCOCC1",332.084220864,"Screening"
"CN1C(=O)CN(CC(=O)Nc2ccc(OS(=O)(=O)F)cc2)C1=O",345.04308432399995,"Screening"
"CC(C)(C(=O)Nc1ccc(OS(=O)(=O)F)cc1)c1ccccc1",337.078407212,"Screening"
"CCn1ncnc1-c1ccc(C(=O)Nc2ccc(OS(=O)(=O)F)cc2)cc1",390.07980417999994,"Screening"
"CC(CC(=O)Nc1ccc(OS(=O)(=O)F)cc1)c1ccncc1",338.07365618000006,"Screening"
"COC(=O)[C@H]1CCCN1C(=O)c1cncc(OS(=O)(=O)F)c1",332.047835356,"Screening"
"CC1(CNC(=O)c2cncc(OS(=O)(=O)F)c2)COCCO1",334.06348541999995,"Screening"
"CC(C)n1cc(NC(=O)c2cncc(OS(=O)(=O)F)c2)nn1",329.05940308400005,"Screening"
"CC1(C)CCC(CNC(=O)c2cncc(OS(=O)(=O)F)c2)O1",332.084220864,"Screening"
"CC1(CNC(=O)c2cncc(OS(=O)(=O)F)c2)COC(=O)N1",333.04308432399995,"Screening"
"CC(NC(=O)c1cncc(OS(=O)(=O)F)c1)c1ccccc1",324.058006116,"Screening"
"CC(C)N(C(=O)c1cncc(OS(=O)(=O)F)c1)C1CCOC1",332.084220864,"Screening"
"C=CC(=O)N1CCC(C(=O)N2CCS(=O)(=O)c3ccsc32)CC1",354.070799056,"Screening"
"CN(C)c1cccc(C2CCCN2C(=O)Nc2ccc(OS(=O)(=O)F)cc2)c1",407.13150540399994,"Screening"
"O=Cc1nc(-c2cccc(Br)c2)cs1",266.935346912,"Screening"
"C=CS(=O)(=O)N1CCC2(CCCC2)CC1",229.113649848,"Screening"
"CC=Cc1ccc(OCC2CO2)c(OC)c1",220.109944372,"Screening"
"C=CS(=O)(=O)c1cc(OC)ccc1[N+](=O)[O-]",243.020143388,"Screening"
"C=CS(=O)(=O)c1cccc(OC)c1[N+](=O)[O-]",243.020143388,"Screening"
"CCN(Cc1ccc(Cl)c(Cl)c1)C(=O)CCl",278.998447044,"Screening"
"COc1ccc(-c2nn(Cc3ccccc3)cc2C=O)cc1",292.121177752,"Screening"
"CCc1ccc(-c2nn(Cc3ccccc3)cc2C=O)cc1",290.14191319599996,"Screening"
"Cc1ccc(-c2nn(Cc3ccccc3)cc2C=O)cc1",276.12626313199996,"Screening"
"CC(C)(C)OC(=O)N1CCN(c2nc(Cl)c(C=O)s2)CC1",331.07574011599996,"Screening"
"CC(C)(C)OC(=O)N1CCc2nc(C=O)sc2C1",268.088163372,"Screening"
"CC(C)(C)OC(=O)N1CCn2ncc(C=O)c2C1",251.126991404,"Screening"
"N#CC(=Cc1ccc(Br)s1)C(=O)NCc1ccccc1",345.97754607200005,"Screening"
"Cc1nn(Cc2ccc(Cl)cc2)c(Cl)c1C=O",268.01701829999996,"Screening"
"CC(Cl)C(=O)Nc1ccc(OC(F)F)c(Cl)c1",282.99784032800005,"Screening"
"CC(Cl)C(=O)N(C)CCOc1ccc(Cl)cc1",275.04798408000005,"Screening"
"COc1cc(NC(=O)C(C)Cl)cc(OC)c1OC",273.076785672,"Screening"
"CNS(=O)(=O)c1ccc(-c2ccc(C=O)o2)cc1",265.04087883200003,"Screening"
"O=CC1=C(Sc2nc3ccccc3o2)CCCC1",259.066699656,"Screening"
"COc1ccc(OC)c(C(C)NC(=O)C(C)Cl)c1",271.097521116,"Screening"
"CC(=O)N(c1ccc(C)c(C)c1)c1nc(C=O)cs1",274.077598688,"Screening"
"Cc1nn(-c2ccccc2)c(N2CCCC2)c1C=O",255.137162164,"Screening"
"Cc1ccc(-c2nn(-c3ccccc3)cc2C=O)o1",252.089877624,"Screening"
"COc1cccc(N(C(C)=O)c2nc(C=O)cs2)c1",276.056863244,"Screening"
"O=Cc1cn(CCC(=O)O)nc1-c1ccc(Cl)cc1",278.045819892,"Screening"
"CCOC(=O)CCc1c(C)c(C=O)c2ccccn12",259.120843404,"Screening"
"O=C(CCl)Nc1ccc(Cn2ccccc2=O)cc1",276.066555336,"Screening"
"N#Cc1c(CN2CCCC2)c(C=O)n2ccccc12",253.1215121,"Screening"
"Cc1ccc(S(=O)(=O)N2CCC(C=O)CC2)c(C)c1",281.108564468,"Screening"
"O=Cc1cn(Cc2cccc(F)c2)c2ccccc12",253.090292224,"Screening"
"COc1ccc(-c2[nH]c3ccccc3c2C=O)cc1",251.094628656,"Screening"
"Cc1ccccc1-n1cc(C=O)c(-c2ccccc2)n1",262.110613068,"Screening"
"O=Cc1cn(-c2ccccc2)nc1-c1cccc(Br)c1",326.005475072,"Screening"
"Cc1cc(C=O)c(C)n1CC1COc2ccccc2O1",271.120843404,"Screening"
"Cc1ccc(-c2nn(-c3ccccc3)cc2C=O)cc1",262.110613068,"Screening"
"O=Cc1cn(-c2ccccc2)nc1-c1ccc(Cl)cc1",282.05599065200005,"Screening"
"COc1ccc(-c2nn(-c3ccccc3)cc2C=O)cc1",278.105527688,"Screening"
"Cc1nn(C2CCS(=O)(=O)C2)c(N2CCCCC2)c1C=O",311.130362532,"Screening"
"Cc1ccc(-c2nn(-c3ccc(F)cc3)cc2C=O)cc1",280.101191256,"Screening"
"Cc1nn2c(nc(N3CCCC3)c3ccccc32)c1C=O",280.13241113199996,"Screening"
"CCc1cccc(CC)c1N(C(C)=O)c1nc(C=O)cs1",302.108898816,"Screening"
"O=Cc1cn(Cc2ccccc2Cl)nc1-c1ccccc1",296.07164071600005,"Screening"
"O=Cc1cn(-c2ccc(Br)cc2)nc1-c1ccc(F)cc1",343.99605326,"Screening"
"O=C(Nc1ccc(Cl)c(Cl)c1)C1CCCCN1C(=O)CCl",348.01991076,"Screening"
"O=Cc1c(SCc2ccccc2)ncn1-c1ccccc1",294.082684068,"Screening"
"Cc1ccc(-c2nn(Cc3ccc(F)cc3)cc2C=O)cc1",294.11684132,"Screening"
"CCCSc1ccc(-c2nn(-c3ccccc3)cc2C=O)cc1",322.11398419599993,"Screening"
"CCOc1ccc(S(=O)(=O)N2CCCCC2)cc1NC(=O)CCl",360.091055832,"Screening"
"Cc1nn(Cc2cccc3ccccc23)c(N2CCCC2)c1C=O",319.168462292,"Screening"
"O=C(CCl)NCc1ccccc1-c1ccc(CN2CCCC2)cc1",342.14989103600004,"Screening"
"COc1ccc(N2CCN(c3ccc(C=O)cc3[N+](=O)[O-])CC2)cc1",341.137556088,"Screening"
"CCOC(=O)c1sc(N(Cc2ccccc2)C(=O)COC(=O)c2ccc(Cl)nc2)nc1C",473.08121941999997,"Screening"
"N#CC(=Cc1sc2ccccc2c1Cl)C(=O)NC1CC1",302.028061652,"Screening"
"CCN(CC)C(=O)c1cccc(NC(=O)C(C#N)=Cc2cc(C)n(C(C)COC)c2C)c1",436.24744088399996,"Screening"
"N#CC(=Cc1ccccc1[N+](=O)[O-])C(=O)N1CCN(c2ccccc2)CC1",362.13789043599996,"Screening"
"N#CC(=Cc1cnn(-c2ccc(Cl)cc2)c1)C(=O)Nc1ccccc1Cl",382.038816364,"Screening"
"CCc1nn(C)cc1NS(=O)(=O)c1cccc(S(=O)(=O)F)c1",347.04097614799997,"Screening"
"Cc1cc2oc(=O)cc(COC(=O)c3nc(Cl)c(Cl)c(Cl)c3Cl)c2cc1C(C)C",472.97551868000005,"Screening"
"Cc1ccc(NC(=O)C(C)OC(=O)c2nc(Cl)ccc2Cl)cc1S(=O)(=O)N1CCOCC1",501.0528117519999,"Screening"
"O=S(=O)(C=Cc1ccccc1)NC(COc1ccccc1F)c1ccccc1",397.11479271999997,"Screening"
"Cc1cc(N2CCN(S(=O)(=O)C=Cc3ccccc3)CC2)n2ncnc2n1",384.1368448800001,"Screening"
"O=C(CC1CCCCNC1=O)NCc1cccc(N2CCC2=O)c1",329.17394159599996,"Screening"
"Cc1ccc(C=CS(=O)(=O)NCC(=O)OCC(=O)c2ccc3c(c2)NC(=O)CO3)cc1",444.09912197999995,"Screening"
"CCOc1cc(C=C(C#N)C(N)=O)ccc1OCC(=O)Nc1cccc(C(F)(F)F)c1",433.124940716,"Screening"
"CCCn1c(C)cc(C=C(C#N)C(=O)N2CCCCCCC2)c1C",327.231062548,"Screening"
"CCCn1c(C)cc(C=C(C#N)C(=O)Nc2cccc(NC(=O)C(C)n3cccn3)c2)c1C",444.22737413600004,"Screening"
"COc1ccc(-n2c(C)cc(C=C(C#N)C(=O)N(C)OC)c2C)cc1",339.158291532,"Screening"
"CCCn1c(C)cc(C=C(C#N)C(=O)N2CCCC(C)CC2)c1C",327.231062548,"Screening"
"CCCn1c(C)cc(C=C(C#N)C(=O)N2CC(C)OC(C)(C)C2)c1C",343.225977168,"Screening"
"NC(=O)c1ccc(NC(=O)COC(=O)c2ccc(C=O)cc2)cc1",326.090271548,"Screening"
"N#Cc1cccc(NC(=O)COC(=O)c2ccc(C=O)cc2)c1",308.079706864,"Screening"
"Cc1ccc(NC(=O)NC(=O)COc2cccc(C=O)c2)c(C)c1",326.126657056,"Screening"
"O=Cc1ccccc1OCC(=O)OCCN1C(=O)c2ccccc2C1=O",353.0899372,"Screening"
"CCCn1c(C)cc(C=C(C#N)C(=O)NC(C)c2nc(C)no2)c1C",341.18517497600004,"Screening"
"CCOc1cc(C=O)ccc1OCC(=O)NCc1cccs1",319.08782902400003,"Screening"
"Cc1cc(C(=O)COC(=O)c2cnc(Cl)c(Cl)c2)c(C)n1CC1COc2ccccc2O1",474.07492709999997,"Screening"
"COc1ccc(C=O)cc1OCC(=O)NCc1cccs1",305.07217896000003,"Screening"
"CCCCn1c(N)c(N(CCC(C)C)C(=O)COC(=O)c2cccnc2SC)c(=O)[nH]c1=O",477.204590092,"Screening"
"CS(=O)(=O)NC1CCCN(CN2C(=O)C3C4CCC(C4)C32)C1",327.16166266000005,"Screening"
"COc1cc(C=O)ccc1OCC(=O)NCc1cccs1",305.07217896000003,"Screening"
"Cc1cc(C)cc(Nc2nc3c(C)cccn3c(=O)c2C=O)c1",307.132076784,"Screening"
"CCOC(=O)N1CCN(C=C(C#N)C(=O)NCc2ccc(OC)cc2)CC1",372.17975524799994,"Screening"
"N#CC(=CN1CCN(Cc2ccc3c(c2)OCO3)CC1)C(=O)Nc1ccccc1",390.16919056399996,"Screening"
"N#CC(=CN1CCN(c2ccc(F)cc2)CC1)C(=O)Nc1ccccc1",350.15428944800004,"Screening"
"N#CC(=CN1CCN(c2ccccc2)CC1)C(=O)Nc1ccc(F)cc1",350.15428944800004,"Screening"
"N#CC(=Cc1ccc(OCC(=O)O)cc1)C(=O)NC1CCCCC1",328.14230712,"Screening"
"CC(NC(=O)C(C#N)=Cc1ccc([N+](=O)[O-])o1)c1ccccc1",311.09060589600006,"Screening"
"CC1(C)C(=O)NC1C1CCN(c2ncnc3[nH]ccc23)CC1",299.174610292,"Screening"
"N#CC(=CC1=Cc2ccccc2OC1)C(=O)Nc1cc(Cl)ccc1N1CCOCC1",421.11931918,"Screening"
"Cc1cc(C)c(-c2cc(NC(=O)COC(=O)CNS(=O)(=O)C=Cc3ccccc3)n(-c3ccccc3)n2)cc1C",558.1936910600001,"Screening"
"CCc1cccc(N(C#N)CC(=O)OC)c1",218.105527688,"Screening"
"CCc1cccc(N(C#N)CCOCCO)c1",234.136827816,"Screening"
"Cc1ccc(C=CS(=O)(=O)NCCS(=O)(=O)N2CCOCC2)cc1",374.09701380399997,"Screening"
"Cc1ccc(C=CS(=O)(=O)NCc2nc(Cc3ccccc3)no2)cc1",369.11471246800005,"Screening"
"COc1ccc(OCc2cc(=O)n3cc(C)ccc3n2)c(C=O)c1",324.111006992,"Screening"
"C=CC(=O)NCc1ccc(C(=O)N2CCN(c3ccncc3Cl)CC2)cc1",384.135303592,"Screening"
"C=CC(=O)N1CCC(C(=O)N2CCN(c3ccncc3Cl)CC2)CC1",362.150953656,"Screening"
"C=CC(=O)NCc1ccc(C(=O)NC2CCN(C(=O)CC(F)(F)F)CC2)cc1",397.161326224,"Screening"
"CCCCNC(=O)C(C#N)=Cc1cnc(-c2ccccc2)nc1",306.148061196,"Screening"
"N#CC(=Cc1cnc(N2CCOCC2)nc1)C(=O)Nc1cc(Cl)ccc1Cl",403.06028008000004,"Screening"
"Cc1cc(Cl)ccc1NC(=O)COc1ccc(C=O)cc1F",321.056799176,"Screening"
"C=CC(=O)NCc1ccc(C(=O)N(C2CC2)C2CC(=O)NC2=O)cc1",341.137556088,"Screening"
"COc1cc(C=O)ccc1OCc1cc(=O)n2cc(C)ccc2n1",324.111006992,"Screening"
"COc1cn(-c2ccccc2)nc1C(=O)N1CCC2(CC1)CC(=O)N2",340.15354049999996,"Screening"
"Cc1ccc(NS(=O)(=O)c2ccc(C(=O)N3CCC4(CC3)CC(=O)N4)cc2)cc1",413.140927216,"Screening"
"Cc1nn(CCC(=O)O)c(C)c1C=C(C#N)C(=O)Nc1ccccc1C(F)(F)F",406.125275064,"Screening"
"CC(NC(=O)C1CCN(S(=O)(=O)C=Cc2ccccc2)CC1)c1ccc(F)cc1F",434.147570068,"Screening"
"CCCn1c(C)cc(C=C(C#N)C(=O)N(CC)c2nc3c(C)cccc3s2)c1C",406.18273245200004,"Screening"
"CC(C)C(NS(=O)(=O)C=Cc1ccccc1)C(=O)N(C)CC(=O)NCc1ccco1",433.167141964,"Screening"
"COC(=O)C(Cc1ccccc1)NC(=O)C(C#N)=Cc1cc(C)n(CC(C)C)c1C",407.2208917880001,"Screening"
"O=C(c1ccc(COc2ccccc2)o1)N1CCN(S(=O)(=O)C=Cc2ccccc2)CC1",452.14059286799994,"Screening"
"CCCn1c(C)cc(C=C(C#N)C(=O)N2CCN(S(=O)(=O)c3ccccc3C(F)(F)F)CC2)c1C",508.17559638399996,"Screening"
"Cc1nn(CCC(=O)OCCOc2ccc(C#N)cc2)c(C)c1C=O",341.137556088,"Screening"
"O=C(CN1CCN(S(=O)(=O)C=Cc2ccccc2)CC1)NC1CCCc2ccccc21",439.19296278800005,"Screening"
"O=Cc1ccc(Oc2ncnc3sc4c(c23)CCCC4)cc1",310.077598688,"Screening"
"O=Cc1ccc(Oc2ncnc3sc(-c4ccccc4)cc23)cc1",332.061948624,"Screening"
"COc1cc(C=O)ccc1Oc1ncnc2sc3c(c12)CCCC3",340.088163372,"Screening"
"CCc1cccc(N(C#N)Cc2nccn2CC(F)(F)F)c1",308.12488114,"Screening"
"O=Cc1ccccc1OCC(=O)NC1CCN(Cc2ccncc2)CC1",353.1739415960001,"Screening"
"COCCNC(=O)C(C#N)=Cc1ccc(-c2ccc(S(=O)(=O)N3CCOCC3)cc2)o1",445.130756456,"Screening"
"N#CC(=Cc1cn(-c2ccccc2)nc1-c1ccccc1)C(=O)Nc1ccc(SC(F)F)cc1",472.11693863600004,"Screening"
"Cc1ccccc1NC(=O)C(C#N)=Cc1cc2c(cc1[N+](=O)[O-])OCO2",351.0855205159999,"Screening"
"COc1cc(C=C(C#N)C(N)=O)ccc1OC(=O)c1ccccc1Cl",356.056384576,"Screening"
"N#CC(=Cc1ccc([N+](=O)[O-])o1)C(=O)NCc1ccc(Cl)cc1",331.03598348,"Screening"
"CC(C)c1ccc(C=C(C#N)C(=O)NCc2ccc(Cl)cc2)cc1",338.11859090800004,"Screening"
"CN1C(=CC=C(C#N)C(=O)Nc2ccc(Cl)cc2)C(C)(C)c2ccccc21",377.12948994,"Screening"
"CCOc1cc2c(cc1C=C(C#N)C(=O)NCc1ccccc1)OC(C)C2",362.16304256399997,"Screening"
"Cc1ccsc1C=C(C#N)C(=O)NCc1ccc(Cl)cc1",316.043711716,"Screening"
"COc1ccc(C=C(C#N)C(=O)Nc2ncc(Cc3cc(Cl)ccc3Cl)s2)cc1",443.02620308,"Screening"
"CCCCCCCCNC(=O)C(C#N)=Cc1ccc([N+](=O)[O-])cc1",329.17394159599996,"Screening"
"N#CC(=Cc1ccc(-c2ccc(S(=O)(=O)Nc3ncccn3)cc2)o1)C(N)=O",395.068824896,"Screening"
"Cc1ccc(C=C(C#N)C(=O)Nc2ncc(Cc3cc(Cl)ccc3Cl)s2)cc1",427.03128846,"Screening"
"COc1cc(C=C(C#N)C(=O)Nc2ccc(C)c(C)c2)ccc1OC(F)F",372.12854887599997,"Screening"
"Cc1ccc(-n2c(C)cc(C=C(C#N)C(=O)Nc3ccc(SC(F)F)cc3)c2C)c(C)c1",451.152989796,"Screening"
"COc1cc(C=C(C#N)C(N)=O)ccc1OS(=O)(=O)c1ccc(C)cc1",372.077992612,"Screening"
"N#CC(=Cc1cc(Br)c2c(c1)OCO2)C(N)=O",293.96400418400003,"Screening"
"CCCCCCCCNC(=O)C(C#N)=Cc1sccc1C",304.160934388,"Screening"
"CCCCCCCCNC(=O)C(C#N)=Cc1ccc(SC)cc1",330.176584452,"Screening"
"Cc1[nH]c2ccccc2c1C=C(C#N)C(=O)NCc1ccccc1",315.137162164,"Screening"
"COc1cc(OC)c(OC)cc1C=C(C#N)C(=O)NC(C)c1ccccc1",366.157957184,"Screening"
"CC(NC(=O)C(C#N)=Cc1sc(N2CCOCC2)nc1-c1ccccc1)c1ccccc1",444.161997008,"Screening"
"COC(=O)c1ccc(C=C(C#N)C(=O)Nc2cccc(OC)c2)cc1",336.111006992,"Screening"
"N#CC(=Cc1ccc(OCC(=O)O)cc1)C(=O)Nc1ccc(Cl)cc1",356.056384576,"Screening"
"COCCNC(=O)C(C#N)=CC=Cc1ccccc1[N+](=O)[O-]",301.10625596,"Screening"
"CCN(Cc1ccccc1)c1ccc(C=C(C#N)C(=O)Nc2cccc(C(F)(F)F)c2)cc1",449.171496984,"Screening"
"COCCNC(=O)C(C#N)=Cc1cc(Br)ccc1OC",338.02660444,"Screening"
"N#CC(=Cc1ccccc1OCC(=O)O)C(=O)Nc1ccccc1",322.095356928,"Screening"
"N#CC(=Cc1cn(Cc2ccccc2)nc1-c1cccnc1)C(=O)NC1CC1",369.158960228,"Screening"
"CCOc1cc(C=C(C#N)C(=O)Nc2ccc(C(=O)O)cc2)ccc1OC",366.121571676,"Screening"
"N#CC(=Cc1ccc(-c2ccc([N+](=O)[O-])cc2)o1)C(=O)Nc1ccc(C(=O)O)cc1",403.080435136,"Screening"
"N#CC(=Cc1ccc(OC(F)F)cc1)C(=O)N1CCCC1",292.102334128,"Screening"
"N#CC(=Cc1cc2c(cc1[N+](=O)[O-])OCO2)C(=O)Nc1ccccc1Oc1ccccc1",429.0960852,"Screening"
"CCOCCCNC(=O)C(C#N)=Cc1cn(-c2ccccc2)nc1-c1cccs1",406.14634694399996,"Screening"
"N#CC(=Cc1ccccc1Br)C(=O)N1CCCC1",304.021125136,"Screening"
"COc1cc(Br)c(C=C(C#N)C(=O)NC2CC2)cc1OC",350.02660444,"Screening"
"CCOCCCNC(=O)C(C#N)=Cc1ccc(-c2ccc(S(=O)(=O)N3CCOCC3)cc2)o1",473.16205658399997,"Screening"
"Cc1cc(C)c(NC(=O)C(C#N)=Cc2cc3c(cc2[N+](=O)[O-])OCO3)c(C)c1",379.1168206439999,"Screening"
"COc1ccccc1NC(=O)C(C#N)=Cc1ccc(OC(=O)c2cccs2)c(OC)c1",434.09364267599994,"Screening"
"C=CCNC(=O)C(C#N)=Cc1ccc(OCc2cc([N+](=O)[O-])cc3c2OCOC3)c(OCC)c1",465.1536000759999,"Screening"
"CC(=O)N(c1ccccc1)c1nc(C=C(C#N)C(=O)NC2CC2)cs1",352.09939675199996,"Screening"
"COc1cc(C=C(C#N)C(=O)NC2CCCCC2C)ccc1OC(=O)c1ccco1",408.1685218679999,"Screening"
"N#CC(=Cc1cccc(Cl)c1Cl)C(=O)NCCc1ccccc1",344.04831842799996,"Screening"
"CCCCCCOc1ccc(C=C(C#N)C(=O)NCCc2ccccc2)cc1",376.215078136,"Screening"
"N#CC(=Cc1cccc(F)c1)C(=O)NCCc1ccccc1",294.11684132,"Screening"
"COc1ccccc1C=C(C#N)C(=O)NCCc1ccccc1",306.136827816,"Screening"
"COc1cc(C=C(C#N)C(=O)Nc2cccc(Cl)c2)ccc1OC(F)F",378.058276396,"Screening"
"Cc1cccc(C)c1NC(=O)C(C#N)=Cc1cccc(C(F)(F)F)c1",344.11364776,"Screening"
"CC(C)NC(=O)C(C#N)=Cc1cn(Cc2ccccc2)nc1-c1cccnc1",371.17461029200007,"Screening"
"COc1ccc(CCNC(=O)C(C#N)=Cc2ccccc2OC(F)F)cc1OC",402.13911355999994,"Screening"
"Cc1ccc(NC(=O)C(C#N)=Cc2ccc(Oc3ccc(C(C)(C)C)cc3)c([N+](=O)[O-])c2)c(C)c1",469.200156344,"Screening"
"N#CC(=Cc1ccccc1OCC(=O)O)C(=O)Nc1cc(Cl)cc(Cl)c1",390.017412224,"Screening"
"CC(C)NC(=O)C(C#N)=Cc1ccc(Br)cc1F",310.011703324,"Screening"
"COc1ccc(CCNC(=O)C(C#N)=Cc2cccc(O)c2)cc1OC",352.14230711999994,"Screening"
"CCOC(=O)c1ccc(NC(=O)C(C#N)=Cc2ccc(Oc3ccccc3)cc2)cc1",412.14230712,"Screening"
"N#CC(=Cc1ccc(F)cc1)C(=O)Nc1ccc(C(=O)O)cc1",310.075370432,"Screening"
"N#CC(=Cc1ccc(C(F)(F)F)cc1)C(=O)NC1CCCCC1",322.129297824,"Screening"
"CCN(Cc1ccccc1)c1ccc(C=C(C#N)C(=O)NC2CCCCC2)cc1",387.231062548,"Screening"
"N#CC(=Cc1c(F)c(F)c(F)c(F)c1F)C(=O)NC1CCCCC1",344.09480413600005,"Screening"
"COc1cc(Cl)c(C)cc1NC(=O)C(C#N)=Cc1cccc(Br)c1",403.99271746799997,"Screening"
"N#CC(=Cc1ccccc1OC(F)F)C(=O)Nc1ccccc1Cl",348.047711712,"Screening"
"CCCOc1cc(C=C(C#N)C(=O)NC(C)C)ccc1OC",302.16304256399997,"Screening"
"COc1ccc(Br)cc1C=C(C#N)C(=O)NC1CCCCC1",362.06298994800005,"Screening"
"COc1cc(Cl)c(C)cc1NC(=O)C(C#N)=Cc1ccc(C(=O)O)cc1",370.07203463999997,"Screening"
"COc1cc(C=C(C#N)C(=O)NCC2CCCO2)ccc1OC(=O)c1ccco1",396.13213635999995,"Screening"
"COc1cc(C=C(C#N)C(=O)NCC2CCCO2)ccc1OC(=O)c1cccs1",412.10929274,"Screening"
"COc1ccc(CCNC(=O)C(C#N)=Cc2ccc(OCCC(C)C)c(OC)c2)cc1OC",452.23112212399997,"Screening"
"COc1ccc(NC(=O)C(C#N)=Cc2ccc(OC(F)F)c(OC)c2)cc1OC",404.118378116,"Screening"
"CC(C)(C)c1ccc(C=C(C#N)C(=O)Nc2ccc(C(=O)O)cc2)cc1",348.14739249999997,"Screening"
"N#CC(=Cc1ccc(Oc2ccccc2)cc1)C(=O)Nc1ccc(C(=O)O)cc1",384.11100699199994,"Screening"
"COc1cc(Cl)c(C)cc1NC(=O)C(C#N)=Cc1sc(N2CCOCC2)nc1-c1ccccc1",494.117939276,"Screening"
"C=CCNC(=O)C(C#N)=Cc1cc(Br)ccc1OC",320.016039756,"Screening"
"N#CC(=Cc1ccccc1C(F)(F)F)C(=O)Nc1ccccc1",316.082347632,"Screening"
"Cc1nn(-c2ccccc2)c(C)c1C=C(C#N)C(=O)Nc1ccc(Cl)cc1Cl",410.070116492,"Screening"
"N#CC(=Cc1ccccc1OCC(=O)O)C(=O)Nc1c(Cl)cccc1Cl",390.017412224,"Screening"
"N#CC(=Cc1ccccc1OCC(=O)O)C(=O)Nc1ccc(N2CCOCC2)cc1",407.148120772,"Screening"
"Cc1cc(C=C(C#N)C(=O)Nc2ccc(F)cc2F)c(C)n1-c1cc(Cl)cc(Cl)c1",445.0560239,"Screening"
"CCOC(=O)c1c(-c2ccc(C)cc2)csc1NC(=O)C(C#N)=Cc1ccc(OC(C)C)c(OC)c1",504.17189299599994,"Screening"
"COCC(C)NC(=O)C(C#N)=Cc1ccc(-c2ccccc2Br)o1",388.042254504,"Screening"
"CCOC(=O)c1c(NC(=O)C(C#N)=Cc2ccc(OCCC(C)C)c(OC)c2)sc2c1CCCC2",496.203193124,"Screening"
"COCC(C)NC(=O)C(C#N)=Cc1cc(Br)cs1",327.9881107560001,"Screening"
"N#CC(=Cc1ccc(OCC(=O)O)cc1)C(=O)Nc1cccc(S(=O)(=O)N2CCCCC2)c1",469.130756456,"Screening"
"CCC(C)c1ccc(NC(=O)C(C#N)=Cc2cccc(O)c2)cc1",320.15247788,"Screening"
"Cc1cc(C=C(C#N)C(=O)N2CCn3c2nc2ccccc23)c(C)n1-c1ccc(Br)cc1",485.08512236,"Screening"
"CCN(CC)C(=O)C(C#N)=Cc1ccc(-c2ccccc2Cl)o1",328.09785546399996,"Screening"
"COc1cc(C=C(C#N)C(=O)Nc2ccccc2C(F)(F)F)c([N+](=O)[O-])cc1OC",421.08855520799995,"Screening"
"N#CC(=Cc1ccsc1)C(=O)Nc1cc(Cl)ccc1N1CCOCC1",373.065175432,"Screening"
"CCOC(=O)c1c(NC(=O)C(C#N)=Cc2ccccc2)sc(C)c1C",354.103813436,"Screening"
"CCOC(=O)c1c(NC(=O)C(C#N)=Cc2ccc(OC)c(Br)c2)sc(C)c1C",462.02489018800003,"Screening"
"CCN(CC)C(=O)C(C#N)=Cc1ccc(-c2ccc(Cl)cc2[N+](=O)[O-])o1",373.08293367199997,"Screening"
"O=S(=O)(C=Cc1ccc(Cl)cc1)Nc1nc(-c2ccc(F)c(F)c2)cs1",411.991853712,"Screening"
"COc1ccc(NC(=O)c2ccccc2N(C)S(=O)(=O)C=Cc2ccccc2)cc1",422.13002818399997,"Screening"
"Cc1ccc(C=CS(=O)(=O)Nc2cnn(CC3CCCO3)c2)cc1",347.130362532,"Screening"
"O=S(=O)(C=Cc1ccccc1)Nc1cc(C(F)(F)F)ccc1Oc1ccc(Br)cc1",496.99081110000003,"Screening"
"C=CC(=O)N(Cc1cccc(Cl)c1)C1CCN(C)C(C)C1",306.14989103600004,"Screening"
"O=C(CCl)N(Cc1ccc2c(c1)CCCO2)CC1CCCOC1",337.14447130799994,"Screening"
"Cn1cc(N(Cc2ccc3c(c2)CCC(C)(C)O3)C(=O)CCl)cn1",347.140054624,"Screening"
"CC1(C)CC(N(Cc2cc(C#N)cs2)C(=O)CCl)C(C)(C)O1",340.101226592,"Screening"
"C=CC(=O)N(Cc1cc2n(n1)CCCC2)c1ccc2c(C)nn(C)c2c1",349.19026035600007,"Screening"
"C=CC(=O)N(Cc1ccccc1COC)C1CCCC(F)(F)C1",323.16968541600005,"Screening"
"C=CC(=O)N(Cc1c2c(nn1C)CCCC2)c1ccc(CCO)cc1",339.19467704,"Screening"
"C=CC(=O)N(Cc1cccc(C)c1F)C1CCN(C2CC2)C1",302.179441576,"Screening"
"C=CC(=O)N(Cc1ccc2c(c1)CCO2)C1CCN(CCC)CC1",328.215078136,"Screening"
"Cc1cc(CN(C(=O)CCl)[C@H]2CCCc3ccc(F)cc32)no1",336.104083716,"Screening"
"C=CC(=O)N(Cc1cccc(CC)c1)C1CCOC2(CCC2)C1",313.20417910400005,"Screening"
"CC(c1ccccc1F)N(C)C(=O)Nc1ccc(OS(=O)(=O)F)cc1",370.079884432,"Screening"
"CCC1(CC)CCCN(C(=O)Nc2ccc(OS(=O)(=O)F)cc2)CC1",372.1519065,"Screening"
"CC(CNC(=O)Nc1ccc(OS(=O)(=O)F)cc1)c1ccccc1",352.089306244,"Screening"
"C=CC(=O)N1CCC(C(=O)Oc2c(C)cccc2Br)CC1",351.047005536,"Screening"
"Cc1occc1CN(CCS(=O)(=O)F)CC1CCSC1",321.08686372,"Screening"
"Cc1ccc(CN(CCS(=O)(=O)F)Cc2ccnn2C)cc1",325.1260261,"Screening"
"Cc1cc(CN(CCS(=O)(=O)F)Cc2ccccc2)n(C)n1",325.12602610000005,"Screening"
"CCn1cc(N(CCS(=O)(=O)F)Cc2ccc(C)cn2)cn1",326.1212750680001,"Screening"
"O=C(Nc1ccc(OS(=O)(=O)F)cc1)N1CCCC1CCO",332.084220864,"Screening"
"Cn1cncc1C1CCN(C(=O)Nc2ccc(OS(=O)(=O)F)cc2)CC1",382.11110430799994,"Screening"
"C=CS(=O)(=O)N(C)CC1(C)CCCO1",219.092914404,"Screening"
"C#Cc1cc(OS(=O)(=O)F)cc(C(=O)Nc2ccc(C(F)(F)F)cc2)c1",387.01884164800003,"Screening"
"CC(CC1CCN(C(=O)c2cccc(S(=O)(=O)F)c2)CC1)C(=O)O",357.1046219599999,"Screening"
"C=CC(=O)N(Cc1csc(C(C)(C)C)n1)c1cccc(CO)c1",330.14019894399996,"Screening"
"C=CC(=O)N(Cc1cc(C2CC2)nn1C)c1cccc(C(N)=O)c1",324.15862588,"Screening"
"C=CC(=O)N(Cc1csc(COc2ccccc2)n1)C1CCN(C(C)=O)CC1",399.16166266000005,"Screening"
"C=CC(=O)N(Cc1ncc(C(C)C)s1)c1ccc(CCO)cc1",330.14019894399996,"Screening"
"C=CC(=O)N(Cc1ccn(C)n1)C1CCN(C(=O)c2ccccc2F)CC1",370.180504196,"Screening"
"C=CC(=O)N(CCC(=O)N1CCCC1)Cc1ccc2c(c1)CC(C)(C)O2",356.20999275599996,"Screening"
"C=CC(=O)N(Cc1ccnn1C1CCCC1)c1cnn(CC(=O)NC2CC2)c1",382.211724072,"Screening"
"CC(c1ccc2c(c1)NC(=O)CO2)N(Cc1ccc(C#N)cc1)C(=O)CCl",383.103669116,"Screening"
"C=CC(=O)N(Cc1c(C)nn(-c2ccc(F)cc2)c1C)CC1COCCO1",373.18016984799993,"Screening"
"C=CC(=O)N(CCS(C)(=O)=O)Cc1cn(-c2cccc(C)c2)nc1C",361.14601259600005,"Screening"
"CC1(C)CC(NC(=O)Cc2ccc(S(=O)(=O)F)cc2)CC(C)(C)N1",356.15699188,"Screening"
"C=CC(=O)N[C@@H]1CN(C(=O)c2ccc3c(c2)nnn3C)C[C@H]1C",313.15387484800004,"Screening"
"C=CC(=O)NCc1ccc(OCC(=O)N2CCOCC2)cc1",304.14230712,"Screening"
"C=CC(=O)NCCc1noc(COc2ccc(Cl)cc2)n1",307.072368988,"Screening"
"C=CC(=O)NC(C(=O)N(C)Cc1cc(C)on1)c1ccccc1",313.142641468,"Screening"
"O=C(CCl)N[C@@H](Cc1ccccc1)C(=O)NCc1ccccn1",331.108754496,"Screening"
"O=C(CCl)NCc1ccc(CNC(=O)C2COc3ccccc32)c(F)c1",376.09899833599997,"Screening"
"Cc1oc(C(C)C)nc1C(=O)NCc1ccc(CNC(=O)CCl)cc1F",381.125547432,"Screening"
"COc1ccccc1C(CNC(=O)c1c(C)nsc1C)NC(=O)CCl",381.09139018,"Screening"
"CC(NC(=O)CCl)c1ccc(CNC(=O)c2cc(C(F)F)ncn2)cc1",382.1008099040001,"Screening"
"CC(C)(C)c1nnn(CC(=O)NCC2(NC(=O)CCl)CCCCCC2)n1",384.204051848,"Screening"
"Cc1ccc(C(=O)NCC(=O)NC2CCCCC2CNC(=O)CCl)s1",385.12269030799996,"Screening"
"Cc1nnnn1CC(=O)NC(CNC(=O)CCl)c1ccc2ccccc2c1",386.125801528,"Screening"
"O=C(CCl)NC1(C2CCN(C(=O)c3ccccc3-n3cccn3)CC2)CC1",386.15095365600007,"Screening"
"Cc1nc(C(=O)NC(CNC(=O)CCl)c2ccc3ccccc3c2)cs1",387.08082549600005,"Screening"
"CC(NC(=O)CCl)c1ccc(CNC(=O)C(C)(C)c2ccc(F)cc2)cc1",390.151033908,"Screening"
"COc1ccccc1C(CNC(=O)c1nc2ccccc2s1)NC(=O)CCl",403.075740116,"Screening"
"CC(C)(CNC(=O)CCl)C1CCN(C(=O)Cn2ccc(C(F)(F)F)n2)CC1",408.15398834800004,"Screening"
"O=C(CCl)NCC(NC(=O)c1cc2n(n1)CCCO2)c1ccc2ccccc2c1",412.130218212,"Screening"
"CC(=O)N1CCCC(C(=O)NC(CNC(=O)CCl)c2ccc3ccccc3c2)C1",415.166269372,"Screening"
"O=C(CCl)NC1CN(C(=O)c2ccn(C3CCCCC3)n2)CCC1C(F)(F)F",420.15398834800004,"Screening"
"O=C(CCl)NCc1cn(-c2cccc(CNC(=O)c3onc4c3CCCC4)c2)nn1",428.1363662120001,"Screening"
"C=CC(=O)N(Cc1c(Br)c(C)nn1C)C(C)C(C)C",327.09462442399996,"Screening"
"Cc1nn(Cc2ccccc2Cl)c(Cl)c1C=C(C#N)C(=O)NCc1ccccc1",424.085766556,"Screening"
"Cc1cc(NC(=O)C(C#N)=Cc2sc(N3CCOCC3)nc2-c2ccccc2)n(-c2ccccc2)n1",496.16814500800007,"Screening"
"CCCOc1ccc(C=C(C#N)C(=O)NCCc2ccccc2)c(OCCC)c1",392.20999275599996,"Screening"
"N#CC(=Cc1cn(-c2ccccc2)nc1-c1cc2ccccc2oc1=O)C(=O)Nc1ccccc1",458.13789043599996,"Screening"
"CCCCc1ccc(NC(=O)C(C#N)=Cc2c(C)nn(C3CCS(=O)(=O)C3)c2Cl)cc1",460.13358934,"Screening"
"N#CC(=Cc1c[nH]c2ccccc12)C(=O)Nc1cccc2ncccc12",338.116761068,"Screening"
"COc1cc(OC)c(OC)cc1C=C(C#N)C(=O)Nc1cccc2ncccc12",389.13755608800005,"Screening"
"CCN1CCN(C(=O)C(C#N)=Cc2ccc(OC(F)F)cc2)CC1",335.144533288,"Screening"
"CCN(Cc1ccccc1NS(=O)(=O)C=Cc1ccc(C)cc1)C(C)=O",372.150763628,"Screening"
"NC(=O)c1cccc2c1CCCN2S(=O)(=O)C=Cc1ccc(Cl)cc1",376.064841084,"Screening"
"CCCc1noc(CN(C#N)c2cccc(CC)c2)n1",270.148061196,"Screening"
"CCOC(C)c1noc(CN(C#N)c2cccc(CC)c2)n1",300.15862588,"Screening"
"Cc1ccc(C=CS(=O)(=O)NCC(=O)Nc2ccccc2OCC(F)(F)F)cc1",428.101762748,"Screening"
"COc1cc(C=C(C#N)C(=O)Nc2ccc(C(=O)O)cc2)c2c(c1)CC(C)O2",378.121571676,"Screening"
"CC(C)N(Cc1nnc(-c2ccccc2Br)o1)C(=O)c1cc(Cl)nc2ccccc12",484.03016559599996,"Screening"
"CCCn1c(C)cc(C=C(C#N)C(=O)NCc2ccccc2CN2CCN(CC)CC2)c1C",447.29981080400006,"Screening"
"CSc1nc(-c2ccco2)nc(C)c1C(=O)OCC(=O)Nc1ccc(OC(F)F)c(Cl)c1",483.04672573199997,"Screening"
"CC(C)n1ncc2c(C(=O)N3CCN(S(=O)(=O)C=Cc4ccccc4)CC3)cc(C3CC3)nc21",479.19911078800004,"Screening"
"O=C(c1ccoc1)N1CCC(NS(=O)(=O)C=Cc2ccccc2)CC1",360.11437811999997,"Screening"
"O=C(OCC(=O)N(Cc1ccccc1)c1nc(-c2ccc(F)cc2)cs1)c1cccnc1Cl",481.0663183040001,"Screening"
"Cc1ccc(C=CS(=O)(=O)NCC(=O)OCc2ccc(-n3cccn3)cc2)cc1",411.1252771520001,"Screening"
"COCCN1C(=O)C(Oc2cccc(OC)c2)C1c1ccc(OC)c(OC)c1",387.16818751999995,"Screening"
"O=C1C(Oc2ccccc2F)C(c2ccc(F)c(F)c2)N1CC1CCCO1",377.123878096,"Screening"
"COc1ccc(C=C(C#N)C(=O)Nc2cc(S(=O)(=O)N3CCOCC3)ccc2N2CCCC2)cc1",496.178040996,"Screening"
"CCOc1cc(N2CCOCC2)c(OCC)cc1NC(=O)C(C#N)=Cc1ccc2c(c1)OCO2",465.189985584,"Screening"
"N#CC(=Cc1ccccc1)C(=O)Nc1cccc(S(=O)(=O)N2CCCCCC2)c1",409.146012596,"Screening"
"COc1ccc(C=C(C#N)C(=O)Nc2ccc(C34CC5CC(CC(C5)C3)C4)cc2)cc1",412.215078136,"Screening"
"N#CC(=Cc1ccc(-c2cccc(Cl)c2)o1)C(=O)Nc1nc(-c2cccs2)cs1",437.0059463040001,"Screening"
"N#CC(=Cc1cccs1)C(=O)Nc1nc2c(s1)CCN(Cc1ccccc1)C2",406.092203196,"Screening"
"Cc1cc(C=O)cc2c1OC1(C=C2)Oc2ccccc2C(=O)N1C",321.10010796,"Screening"
"N#CC(=Cc1ccccc1C(F)(F)F)C(=O)Nc1nc2c(s1)CCN(Cc1ccccc1)C2",468.123166888,"Screening"
"CN(C(=O)C(C#N)=Cc1ccc(OC(F)F)cc1)C1CCCCC1",334.14928432,"Screening"
"O=C1N(c2ccccc2)C(c2ccc(F)cc2)C1(F)F",277.0714486,"Screening"
"N#CC(=CC1=C(N2CCOCC2)C(=Cc2ccccc2)CC1)C(=O)Nc1ccc(SC(F)F)cc1",493.16355448,"Screening"
"N#CC(=CC1=C(N2CCOCC2)C(=Cc2cccc([N+](=O)[O-])c2)CC1)C(=O)Nc1ccc(SC(F)F)cc1",538.1486326879999,"Screening"
"Cc1ccc(-c2nn(-c3ccccc3)cc2C=C(C#N)C(N)=O)o1",318.111675688,"Screening"
"O=C1N(Cc2ccccc2)C(c2cccc(F)c2)C1(F)F",291.087098664,"Screening"
"COc1ccc(C=C(C#N)C(=O)N2N=C3C(=Cc4ccccc4)CCCC3C2c2ccccc2)cc1",473.210327104,"Screening"
"O=CC1=C2NC(=O)c3cc([N+](=O)[O-])ccc3N2CCCC1",287.09060589600006,"Screening"
"COc1ccc(-c2nn(-c3ccccc3)cc2C=O)cc1[N+](=O)[O-]",323.090605896,"Screening"
"N#CC(=Cc1ccc(-c2ccc(Cl)cc2Cl)o1)C(=O)Nc1nc2c(s1)CN(Cc1ccccc1)CC2",534.06840224,"Screening"
"CN1C=C(C(F)(F)F)C=CC1=C(C#N)C(=O)Nc1ccccc1F",337.083824852,"Screening"
"Cc1ccc(NS(=O)(=O)c2cccc(C(=O)NNC(=O)C(C#N)=Cc3ccccc3)c2)c(C)c1",474.136176184,"Screening"
"COC(=O)c1ccccc1NC(=O)C(C#N)=Cc1ccccc1OCc1ccccc1Cl",446.103334768,"Screening"
"CCOc1cc(C=C(C#N)C(=O)Nc2ccc([N+](=O)[O-])cc2C)ccc1OCc1ccc(C)cc1",471.17942089999997,"Screening"
"CCOc1cc(C=C(C#N)C(=O)Nc2ccc([N+](=O)[O-])cc2O)ccc1OCc1ccc(C)cc1",473.15868545599994,"Screening"
"Cc1cc(C=C(C#N)C(=O)Nc2ccccc2Br)c(C)n1-c1ccc(Cl)c(Cl)c1",486.985379592,"Screening"
"COc1cc(C=C(C#N)C(=O)Nc2cccc(C(F)(F)F)c2)cc(Cl)c1OCc1ccccc1C",500.11145483999996,"Screening"
"CCOc1cc(C=C(C#N)C(N)=O)cc(Cl)c1OCc1ccccc1Cl",390.05379773199996,"Screening"
"N#CC(C(=O)Nc1ccc(Cl)cc1)=C(Nc1ccc(Cl)cc1)SCc1ccc(Br)cc1",530.957450592,"Screening"
"COc1ccc(C=C(C#N)C(=O)Nc2cccc(C(=O)O)c2)cc1OC(=O)c1cccc2ccccc12",492.13213635999995,"Screening"
"COc1cc(C=C(C#N)C(N)=O)cc(Br)c1OCc1ccc(Br)cc1",463.937116508,"Screening"
"N#CC(=Cc1ccc(OCc2c(Cl)cccc2Cl)cc1)C(N)=O",346.027582984,"Screening"
"N#CC(=Cc1cccc2ccccc12)C(=O)Nc1ccc([N+](=O)[O-])cc1O",359.09060589599994,"Screening"
"CCOc1cc(C=C(C#N)C(=O)Nc2cccc(C(=O)O)c2)ccc1OC(=O)c1ccccc1",456.13213635999995,"Screening"
"CCCCCOc1ccc(C=C(C#N)C(=O)Nc2sc(C)c(C)c2C(=O)OCC)cc1OC",470.18754305999994,"Screening"
"CCOC(=O)c1ccc(-c2ccc(C=C(C#N)C(=O)Nc3ccc(Br)cc3)o2)cc1",464.03716912400006,"Screening"
"Cc1ccc(N2C(=O)C(F)(F)C2c2ccccc2)cc1",273.096520476,"Screening"
"N#CC(=Cc1ccccc1)C(=O)N1CCN(c2ncccn2)CC1",319.14331016400007,"Screening"
"COc1ccccc1N1C(=O)CSC1=C(C#N)C(=O)NCc1ccco1",369.07832696,"Screening"
"O=Cc1sc(=NS(=O)(=O)c2ccc(F)cc2)n(-c2ccccc2)c1Cl",395.98054008,"Screening"
"N#CC(=Cc1cn(-c2ccccc2)nc1-c1ccc2c(c1)OCCO2)C(N)=O",372.12224037199996,"Screening"
"N#CC(=Cc1ccccc1)C(=O)NNC(=O)COc1cccc(C(F)(F)F)c1",389.098725968,"Screening"
"N#CC(=Cc1ccccc1)C(=O)NNC(=O)COc1cccc(Br)c1",399.021853408,"Screening"
"CC(C)c1ccc(NC(=O)COc2ccc(Cl)cc2C=O)cc1",331.09752111599994,"Screening"
"N#CC(=Cc1cn(-c2ccccc2)nc1-c1ccccc1Cl)C(N)=O",348.07778871600004,"Screening"
"CC(C)(C)c1ccc(N2C(=O)C(F)(F)C2c2ccc(Cl)c(Cl)c2)cc1",383.065525964,"Screening"
"COc1ccc(-c2nc(C=O)c3ccccn23)cc1",252.089877624,"Screening"
"CCOc1cc(C#N)ccc1OC1C(=O)N(CC(C)(C)N2CCOCC2)C1c1ccc(Cl)s1",489.148905056,"Screening"
"COc1cccc(OC2C(=O)N(CC3CCCO3)C2c2ccc(OCc3c(C)noc3C)cc2)c1",478.21038667999994,"Screening"
"CCOc1cc(C2C(Oc3cccc([N+](=O)[O-])c3)C(=O)N2CC2CCCO2)cc(Cl)c1OC",476.13502882,"Screening"
"O=S(=O)(C=Cc1ccc(Cl)cc1)N1CCCC1c1nnc2ccccn12",388.0760744640001,"Screening"
"CCNC(=O)C(C#N)=Cc1c(N2CCOCC2)nc2ccccn2c1=O",353.148789468,"Screening"
"COc1ccc(CCN2C(=O)C(Oc3cccc([N+](=O)[O-])c3)C2c2cccc(OC)c2OC)cc1",478.1740011719999,"Screening"
"NC(=O)C1CCN(c2nc3ccccn3c(=O)c2C=O)CC1",300.12224037199996,"Screening"
"O=Cc1c(Oc2ccc(F)cc2)nc2ccccn2c1=O",284.059720368,"Screening"
"Cc1ccc(Oc2nc3ccccn3c(=O)c2C=C(C#N)C(=O)NC2CCS(=O)(=O)C2)cc1",464.11544073999994,"Screening"
"N#CC1=C(S)N(c2ccccc2)C(c2ccc(-c3cccc(Cl)c3)o2)NC1=O",407.04952536799993,"Screening"
"Cc1cc(C)nc(Sc2nc3c(C)cccn3c(=O)c2C=O)n1",326.08374668799996,"Screening"
"CC1CCc2cc(F)ccc2N1C(=O)Cn1cc(C=O)c2cc(Br)ccc21",428.053568136,"Screening"
"O=Cc1cn(Cc2ccc(C(=O)O)o2)c2ccccc12",269.068807832,"Screening"
"O=Cc1c(NCc2ccco2)nc2ccccn2c1=O",269.080041212,"Screening"
"COc1cccc(C=O)c1OCCN1C(=O)c2ccccc2C1=O",325.09502258,"Screening"
"COc1cc(C=O)ccc1OC(=O)c1csc2c1CCCC2",316.07692999200003,"Screening"
"CCOC(=O)c1c(C)[nH]c(C=O)c1Cc1cccc(Cl)c1",305.081871052,"Screening"
"CN(CC(=O)N(CC1CCCO1)c1nc2ccccc2s1)S(=O)(=O)C=Cc1ccccc1",471.12864828,"Screening"
"O=C(COc1ccc(-c2nnco2)cc1)N1CCN(S(=O)(=O)C=Cc2ccccc2)CC1",454.13109080399994,"Screening"
"O=S(=O)(C=Cc1ccc(Cl)cc1)NCc1nnc2ccccn12",348.04477433600005,"Screening"
"O=S(=O)(C=Cc1ccccc1)NCC1CN(Cc2ccccc2)CCO1",372.150763628,"Screening"
"COCCCCN1C(=O)C(Oc2cccc(F)c2)C1c1cccc([N+](=O)[O-])c1",388.143449992,"Screening"
"Cc1cc(C=C(C#N)C(=O)NCCc2ccccn2)c(C)n1C1CC1",334.179361324,"Screening"
"CC(=O)Nc1cccc(CN2C(=O)C(Oc3ccccc3F)C2c2cccc(Br)c2)c1",482.06413282000005,"Screening"
"Cc1cc(C=C(C#N)C(=O)N2CCNC(=O)C2)c(C)n1C1CC1",312.15862588,"Screening"
"N#CC(=Cc1csc(-c2ccc(C(F)(F)F)cc2)n1)C(=O)NC1CCCC1",391.096617792,"Screening"
"COc1ccc(C(CNC(=O)C(C#N)=Cc2cccc(OC)c2)N(C)C)cc1",379.18959166,"Screening"
"C=CC(=O)NCc1ccc(C(=O)NC2CCS(=O)(=O)C2)cc1",322.09872805599997,"Screening"
"C=CC(=O)NCc1ccc(C(=O)N(CC=Cc2ccccc2)c2ccc3c(c2)OCCO3)cc1",454.18925731199994,"Screening"
"CC1(C)Cc2cc(C=C(C#N)C(=O)Nc3ccccc3F)ccc2O1",336.12740600399997,"Screening"
"COc1ccc(-c2cc(NC(=O)CN(C)S(=O)(=O)C=Cc3ccccc3)ccc2OC)cc1",466.15624293199994,"Screening"
"Cc1ccncc1COC(=O)c1ccc2c(C=O)n[nH]c2c1",295.095691276,"Screening"
"N#CN(Cc1nccn1C(F)F)c1ccc(F)c(Br)c1",343.988443016,"Screening"
"C=CC(=O)Nc1ccc(C(=O)NC2CCCCC23OCCO3)cc1",330.157957184,"Screening"
"C=CC(=O)NCCC(=O)Nc1ccccc1-n1nc(C)cc1C",312.15862588,"Screening"
"COCC(C)NC(=O)C(C#N)=Cc1ccc(-c2ccccc2Br)s1",404.0194108840001,"Screening"
"N#CC(=Cc1ccc(OCc2ccccn2)cc1)C(=O)Nc1cccc(C(F)(F)F)c1",423.119461412,"Screening"
"Cc1noc(C)c1S(=O)(=O)N1CCCN(C(=O)CN(C)S(=O)(=O)C=Cc2ccccc2)CC1",496.145026616,"Screening"
"Cc1nc(C2(NC(=O)Nc3cccc(N4CCC4=O)c3)CCCCCC2)no1",383.19573966,"Screening"
"NS(=O)(=O)Cc1cccc(NC(=O)CCl)c1",262.017890892,"Screening"
"CNC(=O)C1CCCN1C(=O)CNC(=O)C(C)Cl",275.103669116,"Screening"
"COc1ccc(C(=O)Nc2cccc(OCCNC(=O)C(C)Cl)c2)cc1",376.118984832,"Screening"
"Cc1nn(Cc2ccccc2)c2ncc(NC(=O)C(C)Cl)cc12",328.109088844,"Screening"
"CC(Cl)C(=O)NC1CCN(c2[nH]cnc3ncnc2-3)CC1",308.11523684400004,"Screening"
"CC(Cl)C(=O)N(C)C(C)c1cccc(NC(=O)c2ccccc2)c1",344.129155592,"Screening"
"CC(Cl)C(=O)NC(Cn1cnc2ccccc21)c1ccc(F)cc1",345.104418064,"Screening"
"Cc1ccc(N2CCOC2=O)cc1NC(=O)CCl",268.061469956,"Screening"
"CN(C(=O)CCl)C(c1cccc(F)c1)c1cnn(C)c1",295.088768,"Screening"
"CC(Cl)C(=O)N1CCC(C(=O)c2ccc3c(c2)NC(=O)C(C)O3)CC1",364.11898483199997,"Screening"
"Cc1sc(C(C)NC(=O)CCl)nc1-c1ccc(Cl)cc1",328.020389428,"Screening"
"CC(Cl)C(=O)NCCCN(C)c1ccccc1F",272.109169096,"Screening"
"CC(Cl)C(=O)NCCC(O)(c1nccn1C)C(F)(F)F",313.08048906000005,"Screening"
"CC(Cl)C(=O)NCC1(c2ccc3c(c2)OCO3)CCOCC1",325.10808579999997,"Screening"
"Cc1cc(C)n(CC2CCN(C(=O)C(C)Cl)CC2)n1",283.145140004,"Screening"
"CC(Cl)C(=O)N1CCCC(c2nc3ccccc3n2C(C)C)C1",333.160790068,"Screening"
"CC(Cl)C(=O)N1CCN(C(=O)C23CC4CC(CC(C4)C2)C3)CC1",338.176105784,"Screening"
"Cc1cc(C)n(-c2ccc(CNC(=O)C(C)Cl)c(C(F)(F)F)c2)n1",359.1012245040001,"Screening"
"CC(Cl)C(=O)NC1CC(C)N(c2ccccc2)C1=O",280.097855464,"Screening"
"CC(CNC(=O)C(C)Cl)Oc1cccc(Cl)c1",275.04798408000005,"Screening"
"CC(Cl)C(=O)N1CCN(C(C)(C)C(N)=O)CC1",261.12440456,"Screening"
"CC(Cl)C(=O)NCc1cnc(-c2ccccc2)s1",280.043711716,"Screening"
"CC(Cl)C(=O)N1CCN(CCOc2ccc3c(c2)CCC3)CC1",336.16045572,"Screening"
"CC(Cl)C(=O)NC(C)C1Oc2ccccc2C1C",267.102606496,"Screening"
"CC(Cl)C(=O)NC1CCc2nc(C(C)C)nn2C1",270.124738908,"Screening"
"CC(Cl)C(=O)N1CCC(N(CC(F)(F)F)S(C)(=O)=O)CC1",350.06787577599994,"Screening"
"COc1ccc2[nH]cc(CCNC(=O)CCl)c2c1",266.0822054,"Screening"
"CC(Cl)C(=O)NCC(C(=O)N1CCOCC1)c1ccccc1",324.124070212,"Screening"
"Cc1nc(C(NC(=O)C(C)Cl)c2ccccc2OC(F)(F)F)no1",363.059753616,"Screening"
"CCC1CN(CCn2cccn2)CCN1C(=O)C(C)Cl",298.156039036,"Screening"
"CCc1ccc(OC(C)C(=O)N2CCN(C(=O)C(C)Cl)CC2)cc1",352.15537034,"Screening"
"CCCOc1ccc(OC2CCCCC2NC(=O)CCl)cc1",325.144471308,"Screening"
"COc1ccc(CCN(Cc2ccsc2)C(=O)C(C)Cl)cc1OC",367.10089224399997,"Screening"
"Cc1noc(C2CCC(NC(=O)C(C)Cl)CC2)n1",271.108754496,"Screening"
"COc1ccc(N(C)C(=O)C(C)Cl)cc1Cl",261.032334016,"Screening"
"CC(Cl)C(=O)N1Cc2ccccc2C(n2cccn2)C1",289.098189812,"Screening"
"CN1C(=O)CCN(C(=O)CCl)c2ccccc21",252.066555336,"Screening"
"CCC1Oc2cc(C(C)NC(=O)C(C)Cl)ccc2NC1=O",310.108420148,"Screening"
"Cc1ccc(C(CNC(=O)C(C)Cl)N2CCOCC2)s1",316.101226592,"Screening"
"CC(Cl)C(=O)N1CCN(c2oc(-c3ccco3)nc2C#N)CC1",334.08326802000005,"Screening"
"CN(C(=O)[C@H](Cc1ccccc1)NC(=O)CCl)c1ccccc1",330.113505528,"Screening"
"CCNC(=O)NCc1ccc(NC(=O)CCl)cc1",269.093104432,"Screening"
"Cc1ccc(NC(=O)C2(CNC(=O)C(C)Cl)CCCC2)cc1C",336.16045572,"Screening"
"COc1ccc(CN2CCN(C(=O)CCc3c(C)nc(SC)nc3C)CC2)c(OC)c1OC",474.23007656799996,"Screening"
"C=CCN(C(=O)C1CCN(S(=O)(=O)C=Cc2ccccc2)CC1)c1nc2c(s1)CCCC2",471.1650337880001,"Screening"
"C=CC(=O)Nc1ccc(C(=O)Nc2nc(-c3c[nH]c4ncccc34)c(C)s2)cc1",403.1102957840001,"Screening"
"O=C(CCN1CCN(S(=O)(=O)C=Cc2ccccc2)CC1)Nc1ccc(N2CCCC2=O)cc1",482.19877644,"Screening"
"CC(Nc1nc(-c2cc(C)n(Cc3ccccc3Cl)c2C)cs1)=C(C#N)C(N)=O",425.10770894,"Screening"
"CCOC(=O)c1cc(-c2ccccc2)sc1NC(C)=C(C#N)C(N)=O",355.09906240400005,"Screening"
"CCOC(=O)c1c(NC(C)=C(C#N)C(N)=O)sc2c1CCCCC2",347.13036253200005,"Screening"
"CCCn1c(C)cc(C=C(C#N)C(=O)Nc2nc(C(C)=O)cs2)c1C",356.13069687999996,"Screening"
"CS(=O)(=O)N(CC(O)Cn1cc(C=O)c2ccccc21)c1ccc(F)cc1",390.104956308,"Screening"
"C=CC(=O)N1CCC(C(=O)NCC2(O)CCCc3ccc(OC)cc32)CC1",372.204907376,"Screening"
"Cn1c(Nc2ccccc2)c(C=O)c(=O)n(C)c1=O",259.095691276,"Screening"
"N#CCCCN(C#N)c1ccc(F)c(Br)c1",280.996387608,"Screening"
"CN(CCOc1ccc(F)cc1)S(=O)(=O)C=Cc1ccc(Cl)cc1",369.060170304,"Screening"
"COCCCCN1C(=O)C(n2cnnn2)C1c1ccc(OC)cc1",331.164439532,"Screening"
"C=CCNC(=O)C(C#N)=Cc1cn(C)nc1-c1cc2ccccc2o1",332.127325752,"Screening"
"O=Cc1ccc(C(=O)NCc2noc(-c3ccc(Cl)cc3F)n2)[nH]1",348.04254608,"Screening"
"CCOc1ccccc1NC(=O)C(C#N)=Cc1csc(N(CC)C(C)=O)n1",384.12561150000005,"Screening"
"COc1ccc(CNC(=O)C(C#N)=Cc2ccc(C(=O)O)cc2)cc1",336.111006992,"Screening"
"CC(C)(C#N)c1ccccc1CN(C#N)c1ccc(F)c([N+](=O)[O-])c1",338.11790394,"Screening"
"N#CC(=Cc1ccco1)C(=O)NC1CCN(c2ccc(F)cc2F)C1",343.11323316,"Screening"
"C=CC(=O)N1CCC(C(=O)NC(c2nncn2C)C(C)C)CC1",319.20082504000004,"Screening"
"CN(c1c(-c2ccccc2)c2ccccc2[nH]c1=O)S(=O)(=O)C=Cc1ccccc1",416.11946349999994,"Screening"
"N#CC1=C(N2CCOCC2)SC(c2ccc([N+](=O)[O-])cc2)NC1=O",346.07357592799997,"Screening"
"CCc1cccc(N(C#N)CC(=O)NC2CCN(C(C)C)CC2)c1",328.226311516,"Screening"
"CNC(=O)C(C#N)=Cc1ccc(OCc2occc2C(=O)O)cc1",326.090271548,"Screening"
"Cc1cc(NC(=O)CN2CCN(S(=O)(=O)C=Cc3ccc(Cl)cc3)CC2)no1",424.09720383200005,"Screening"
"Cc1cc(C)c(NC(=O)C(C#N)=Cc2ccc(OCCO)cc2Br)c(C)c1",428.07355463199997,"Screening"
"CCC1SC(=C(C#N)C(N)=O)N(c2ccc(F)cc2)C1=O",305.06342584399994,"Screening"
"CCC1SC(=C(C#N)C(=O)NCCc2ccccc2)N(c2ccc(F)cc2)C1=O",409.1260261,"Screening"
"Cc1ccc(F)c(N(C#N)CCn2cncn2)c1",245.10767360399998,"Screening"
"NC(=O)c1ccc(C(F)(F)F)n(CC(=O)N2CCN(S(=O)(=O)C=Cc3ccccc3)CC2)c1=O",498.1184754319999,"Screening"
"Cc1cc(C=C(C#N)C(=O)N2CCC3(C2)OCCO3)c(C)n1-c1cccc(C(F)(F)F)c1",445.16132622400005,"Screening"
"O=C(CN1CCC(NC(=O)CCNS(=O)(=O)C=Cc2ccccc2)CC1)Nc1ccccc1",470.19877644,"Screening"
"Cc1ccc(NC(=O)C(CCS(C)(=O)=O)NS(=O)(=O)C=Cc2ccccc2)cc1F",454.10324205599994,"Screening"
"C=CC(=O)N1CCC(C(=O)NC2CCN(C(=O)c3cc(Cl)c[nH]3)CC2)CC1",392.16151834000004,"Screening"
"Cc1cc(-n2c(C)cc(C=C(C#N)C(=O)NC3CCCC3)c2C)no1",338.174275944,"Screening"
"C=CC(=O)Nc1ccc(C(=O)N2CCCN(c3ccc(C#N)cc3)CC2)cc1",374.174275944,"Screening"
"Cc1nc(NC(=O)CN(C)S(=O)(=O)C=Cc2ccccc2)sc1-c1nccn1C(F)F",467.08973790800013,"Screening"
"O=C1CC2(CCN(Cc3ccc(Cl)cc3Cl)CC2)N1",298.063968492,"Screening"
"C=CC(=O)NCCNC(=O)c1cc(-c2ccccc2)nc2c1c(C)nn2C",363.16952491200004,"Screening"
"C=CC(=O)NCCNC(=O)c1cc2cnn(C(C)C)c2nc1C",315.16952491200004,"Screening"
"C=CC(=O)NCCNC(=O)C1=NN(c2cc(C)ccc2C)C(=O)CC1",342.16919056399996,"Screening"
"N#CN(Cc1noc(C2CC2)n1)c1ccc(F)c([N+](=O)[O-])c1",303.07676739999994,"Screening"
"C=CC(=O)Nc1ccc(C(=O)Oc2cc(Br)ccc2F)cc1",362.990633532,"Screening"
"COc1ccc(C2CCCN2C(=O)CNS(=O)(=O)C=Cc2ccc(C)cc2)cc1OC",444.17189299599994,"Screening"
"C=CC(=O)NCCNC(=O)CCC(=O)N1CC(=O)Nc2ccccc21",344.14845512,"Screening"
"C=CC(=O)NCCNC(=O)C1(c2ccc(F)cc2)CCOCC1",320.153620752,"Screening"
"CCCn1c(C)cc(C=C(C#N)C(=O)Nc2ccnn2CC2CCOC2)c1C",381.216475104,"Screening"
"C=CC(=O)Nc1cc(S(=O)(=O)N2CCOCC2)ccc1N1CCCCC1",379.15657728,"Screening"
"COc1cccc(S(=O)(=O)NC(=O)C(C#N)=Cc2ccco2)c1",332.04669248399995,"Screening"
"Cc1ccc2nc(N3CCC(Cc4ccccc4)CC3)c(C=O)c(=O)n2c1",361.179026976,"Screening"
"COCCn1c(C)cc(C=C(C#N)C(=O)Nc2cccnc2)c1C",324.15862588,"Screening"
"N#CN(Cc1nnnn1C1CC1)c1ccc(F)c([N+](=O)[O-])c1",303.08800077999996,"Screening"
"CC(C)n1ncc2cc(NS(=O)(=O)C=Cc3ccccc3)cnc21",342.115046816,"Screening"
"COCCCNC(=O)C(C#N)=Cc1nc(N(C)C)n(-c2ccc(C)cc2)c1Cl",401.161852688,"Screening"
"N#CC(=Cc1ccco1)C(=O)NCC1(c2ccccc2)CCC1",306.136827816,"Screening"
"C=CC(=O)NCCNC(=O)CCNC(=O)c1[nH]nc2ccccc12",329.148789468,"Screening"
"C=CC(=O)N1CCC(C(=O)N2CC(n3ccnc3)C2)(c2ccccc2)CC1",364.189926008,"Screening"
"C=CC(=O)N1CCC(C(=O)N2CCCC3(CNC(=O)C3)C2)(c2ccccc2)CC1",395.220891788,"Screening"
"C=CC(=O)N1CCC(C(=O)NC(C)c2n[nH]c(CC)n2)(c2ccccc2)CC1",381.21647510400004,"Screening"
"C=CC(=O)N1CCC(C(=O)N2CC(NC(=O)COC)C2)(c2ccccc2)CC1",385.20015634400005,"Screening"
"C=CC(=O)N1CCC(C(=O)NCc2cnc3n2CCCC3)(c2ccccc2)CC1",392.221226136,"Screening"
"C=CC(=O)N1CCC(C(=O)N2CCC3(CCCN(C)C3)C2)(c2ccccc2)CC1",395.257277296,"Screening"
"C=CC(=O)N1CCC(C(=O)N2CCC=C(c3cn(C(C)C)nn3)CC2)CC1",371.23212516800004,"Screening"
"C=CC(=O)N1CCC(C(=O)NCCNC(=O)OC)(c2ccccc2)CC1",359.18450628000005,"Screening"
"C=CC(=O)N1CCC(C(=O)N2CCc3[nH]c4ccc(Cl)cc4c3C2)CC1",371.140054624,"Screening"
"C=CC(=O)NCCC(=O)N1CCN(c2cc(Cl)c(Cl)c(Cl)c2)CC1",389.04645985599996,"Screening"
"O=S(=O)(F)c1ccc(S(=O)(=O)Nc2cc(S(=O)(=O)N3CCOCC3)ccc2NCC2CCCO2)cc1",563.0866060120001,"Screening"
"O=C(COc1cccc(NS(=O)(=O)c2ccc(S(=O)(=O)F)cc2)c1)Nc1ccccc1",464.05120648400003,"Screening"
"Cc1ccnc(NS(=O)(=O)c2ccc(S(=O)(=O)F)cc2)c1",330.01442705200003,"Screening"
"O=S(=O)(F)c1cccc(S(=O)(=O)Nc2ccncc2)c1",315.9987769880001,"Screening"
"Cc1conc1NS(=O)(=O)c1cccc(S(=O)(=O)F)c1",319.993691608,"Screening"
"O=S(=O)(F)c1ccc(S(=O)(=O)Nc2ccncc2F)cc1",333.989355176,"Screening"
"CCCc1nnc(NS(=O)(=O)c2ccc(S(=O)(=O)F)cc2)o1",349.02024070399995,"Screening"
"C=CC(=O)Nc1ccc(Cl)c(S(=O)(=O)N2CCCC2)c1",314.04919102,"Screening"
"C=CC(=O)Nc1cc(OCC(F)(F)F)cc(OCC(F)(F)F)c1",343.06431253200003,"Screening"
"C=CC(=O)N1CCC(c2c(OC)cc(OC)cc2OC)CC1",305.162708216,"Screening"
"C=CC(=O)N1CCN(S(=O)(=O)c2cccc3cc(C)cnc23)CC1",345.11471246800005,"Screening"
"C=CC(=O)N1CCN(Cc2csc(C(C)(C)C)n2)CC1",293.156183356,"Screening"
"C=CC(=O)Nc1ccc2c(ccn2CC(=O)N2CCOCC2)c1",313.142641468,"Screening"
"C=CC(=O)Nc1ccc(N2CCN(C(=O)C3CC3)CC2)nc1",300.15862588,"Screening"
"C=CC(=O)N1CC(C(=O)NC(CC)CC)Oc2ccccc21",302.163042564,"Screening"
"C=CC(=O)NC1CCCc2nc(-c3ccc(F)cc3)sc21",302.08891232,"Screening"
"C=CC(=O)NCc1ccccc1S(=O)(=O)N1CCN(C)CC1",323.13036253200005,"Screening"
"C=CC(=O)Nc1cc(Cl)ccc1OCCS(C)(=O)=O",303.03320660799994,"Screening"
"C=CC(=O)NC1CCN(c2ncc(C(F)(F)F)cc2Cl)C1",319.069924376,"Screening"
"C=CC(=O)Nc1sc2c(c1C(=O)N1CCOCC1)CCC(C)(C)C2",348.150763628,"Screening"
"O=Cc1cc2c(c(-c3cncc(C(F)F)c3)c1)OCCCO2",305.08634971600003,"Screening"
"CC(Cl)C(=O)NCCN1CC2CCCCN2C1=O",273.12440456,"Screening"
"Cc1cc(CN(CC(C)C)C(=O)C(C)Cl)nc(N2CCCCC2)n1",352.20298922800004,"Screening"
"O=C1CC2(CCN(C(=O)c3ccc4c(c3)CCOC4)CC2)N1",300.1473925,"Screening"
"COC(=O)C1(NC(=O)C2CC(=O)N2)CCCN(Cc2ccccc2)C1",345.16885621600005,"Screening"
"O=C1CC(C(=O)NCC2(c3cccc(OC(F)(F)F)c3)CCC2)N1",342.11912706400005,"Screening"
"C=CC(=O)N1CCC(C(=O)N2CCOCC2C(=O)OC(C)(C)C)CC1",352.19982199599997,"Screening"
"C=CC(=O)NCCC(=O)N1CCn2c(Cc3c(F)cccc3F)nnc2C1",375.15068128800004,"Screening"
"C=CC(=O)N1CCC(C(=O)N2CCC(c3cc(C)c(Cl)cc3O)C2)CC1",376.15537034,"Screening"
"O=S(=O)(F)c1ccc(CSc2nnc(N3CCCC3)s2)cc1",359.02321790800005,"Screening"
"O=Cc1cnc2cc(C(=O)O)c(Br)cn12",267.94835412000003,"Screening"
"C=CC(=O)N(C)CC(=O)N1CCN(C(=O)c2ccccc2C(F)(F)F)CC1",383.14567616,"Screening"
"C=CC(=O)N(C)CC(=O)NCc1ccnc(Oc2ccc(C)c(C)c2)c1",353.173941596,"Screening"
"C=CC(=O)N(C)CC(=O)N1CCN(c2ncc(Cl)cc2Cl)CC1",356.080681176,"Screening"
"C=CC(=O)N(C)CC(=O)N1CCC(Oc2cccc3c2OC(C)(C)C3)CC1",372.204907376,"Screening"
"C=CC(=O)N(C)CC(=O)NC(CC)c1ccccc1OCC(=O)N(C)C",361.20015634400005,"Screening"
"C=CC(=O)N(C)CC(=O)N1CC2(CCCC2)c2c(F)cccc21",316.158706132,"Screening"
"C=CC(=O)N(C)CC(=O)Nc1nnc(C(C)(C)c2ccccc2)s1",344.13069687999996,"Screening"
"C=CC(=O)N(C)CC(=O)Nc1cc(NC(=O)C(C)(C)C)ccc1C",331.18959166,"Screening"
"C=CC(=O)N(C)CC(=O)NC1CCc2cnn(C(C)C)c2C1",304.189926008,"Screening"
"C=CC(=O)N(C)CC(=O)N1CCCN(C)c2ccc(F)cc21",305.15395509999996,"Screening"
"C=CC(=O)N(C)CC(=O)N1CCCC(NC(=O)c2cc3ccccc3o2)C1",369.168856216,"Screening"
"C=CC(=O)N(C)CC(=O)N(C)C(C)c1sc(-c2ccccc2)nc1C",357.1510979760001,"Screening"
"C=CC(=O)N(C)CC(=O)NC1CC2(CCCC2)Oc2ccccc21",328.178692628,"Screening"
"C=CC(=O)N(C)CC(=O)N(C)Cc1nc(C(C)SCC)no1",326.141261564,"Screening"
"C=CC(=O)N(C)CC(=O)Nc1ccc(C)c(-c2nnnn2C2CC2)c1",340.16477388000004,"Screening"
"C=CC(=O)N(C)CC(=O)NC1CCCc2cnn(CCOC)c21",320.18484062799996,"Screening"
"C=CC(=O)N(C)CC(=O)N(C)CC1CCCc2sc(C)nc21",321.1510979760001,"Screening"
"C=CC(=O)N(C)CC(=O)Nc1ccc(Cl)c(N2CCNC2=O)c1",336.09891808400005,"Screening"
"C=CC(=O)N(C)CC(=O)N(C)C1CCN(c2ccccc2C(F)(F)F)CC1",383.18206166799996,"Screening"
"C=CC(=O)N(C)CC(=O)NC1CCCN(C(=O)Cc2ccccc2)C1",343.18959166,"Screening"
"C=CC(=O)N(C)CC(=O)NCc1ccc(CN2CCS(=O)(=O)CC2)cc1",379.15657727999996,"Screening"
"C=CC(=O)N(C)CC(=O)NC(CCO)c1cccc(OC(F)(F)F)c1",360.129691748,"Screening"
"C=CC(=O)N(C)CC(=O)N1CCC(c2nccc(-c3ccccc3OC)n2)CC1",394.20049069199996,"Screening"
"C=CC(=O)N(C)CC(=O)Nc1ccc2c(c1)CCC1(CCC1)O2",314.16304256399997,"Screening"
"C=CC(=O)N1CCCC(c2nn(-c3ccccc3)cc2C(=O)NCC)C1",352.189926008,"Screening"
"C=CC(=O)NCC(Cc1ccc(C(F)(F)F)cc1)C(=O)NC",314.124212444,"Screening"
"O=C(Nc1ncc(S(=O)(=O)F)s1)c1ccoc1C1CC1",315.99877698800003,"Screening"
"CN(CC(=O)Nc1ncc(S(=O)(=O)F)s1)S(C)(=O)=O",330.9766616399999,"Screening"
"CN1Cc2ccc(C=O)cc2C1=O",175.063328528,"Screening"
"C=CS(=O)(=O)N1Cc2cccc(Br)c2C1",286.96156166,"Screening"
"CC(C)OCCCNC(=O)C(C#N)=Cc1ccc2oncc2c1",313.142641468,"Screening"
"CCOCCCNC(=O)C(C#N)=Cc1ccc2[nH]cnc2c1",298.142975816,"Screening"
"CC(C)OCCCNC(=O)C(C#N)=Cc1cccc2[nH]nc(C(=O)O)c12",356.14845511999994,"Screening"
"CC1COC(CO)CN1S(=O)(=O)c1ccc(S(=O)(=O)F)cc1",353.040307452,"Screening"
"CO[C@H]1C[C@@H](CNC(=O)C(C)Cl)N(c2cc(C)ncn2)C1",312.13530359200007,"Screening"
"O=C(Nc1ccc(S(=O)(=O)F)cc1)c1cc2cc(Br)ccc2o1",396.941969088,"Screening"
"CN(Cc1ccccc1N1CCOCC1)C(=O)c1ccc(S(=O)(=O)F)cc1",392.120606372,"Screening"
"COc1ccc(C2(CNC(=O)c3cccc(S(=O)(=O)F)c3)CCCCC2)cc1OC",435.15157215199997,"Screening"
"O=C(c1cc(S(=O)(=O)F)c[nH]1)N1[C@@H]2CC[C@H]1C[C@@H](c1ccccc1)C2",362.110041688,"Screening"
"C=CC(=O)Nc1cccc(C(=O)NC(C)(CCO)COC)c1",306.157957184,"Screening"
"C=CC(=O)Nc1cccc(C(=O)N2CCCC2(CO)CC(C)C)c1",330.194342692,"Screening"
"C=CC(=O)N1CCC(C(=O)NC(C)c2ncccc2F)(c2ccccc2)CC1",381.18525522799996,"Screening"
"COCCn1c(C)cc(C=C(C#N)C(=O)Nc2ccsn2)c1C",330.115046816,"Screening"
"C=CC(=O)Nc1cc(NC(=O)Cn2nc(C(F)F)cc2C2CC2)ccc1F",378.130360444,"Screening"
"C=CC(=O)N(C)CC(=O)N1CCCC(c2cc(C(C)C)n[nH]2)C1",318.20557607200004,"Screening"
"C=CC(=O)N1CCC(C(=O)NCc2cc(-c3ccc(F)cc3F)on2)CC1",375.139447908,"Screening"
"CC1(C)C(=O)NC1C1CCN(C(=O)Nc2cnn(Cc3ccccc3)c2)CC1",381.21647510400004,"Screening"
"CC1CC(c2ccc(F)cc2)CN1c1ncc(C=O)cn1",285.127740352,"Screening"
"CC(C)Oc1cc(Cl)ccc1CNC(=O)CCl",275.04798408000005,"Screening"
"O=C(CCl)N1CCC(c2cccc3[nH]ccc23)CC1",276.10294084400005,"Screening"
"C=CC(=O)N(CC)CC(=O)N1CC=C(c2cccc(OC)c2)CC1",328.178692628,"Screening"
"C=CC(=O)NCCNC(=O)[C@]12CCC[C@H]1CN(Cc1ccccc1)C2",341.210327104,"Screening"
"C=CC(=O)N(CC)CC(=O)N1CCSCC1CC(=O)OC",314.13002818399997,"Screening"
"C=CC(=O)N(CC)CC(=O)N1CC(Cc2ccc(Cl)cc2)C1",320.129155592,"Screening"
"C=CC(=O)N(CC)CC(=O)Nc1nc2ccc(F)cc2n1CC",318.149204068,"Screening"
"CC(C)(C)OC(=O)N1CCc2c(ccc(C=O)c2O)C1",277.131408088,"Screening"
"O=C(CCc1ccc(S(=O)(=O)F)cc1)Nc1ccccc1Cl",341.028870176,"Screening"
"C=CC(=O)N(CC)CC(=O)Nc1cccc2c1OCCC2=O",302.126657056,"Screening"
"C=CC(=O)N(CC)CC(=O)N1CCC(Oc2ncccc2C)CC1",331.18959166,"Screening"
"C=CC(=O)N(CC)CC(=O)N1CCOc2cc(OC)ccc2C1",318.157957184,"Screening"
"C=CC(=O)N1CCC(C(=O)Nc2nn(CC(F)(F)F)cc2Cl)CC1",364.091388092,"Screening"
"C=CC(=O)N(CC)CC(=O)N1CCC(c2n[nH]c(=O)n2CC)CC1",335.19573966,"Screening"
"C=CC(=O)N(CC)CC(=O)NCC1CS(=O)(=O)c2ccccc2O1",352.10929273999994,"Screening"
"C=CC(=O)N(CC)CC(=O)NCC(C)(C)C1(O)CCCOC1",312.204907376,"Screening"
"C=CC(=O)N(CC)CC(=O)NCc1nnc2cc(C(F)(F)F)ccn12",355.125609412,"Screening"
"C=CC(=O)N1CCC(C(=O)N2CCCC2C(F)(F)F)CC1",304.139862508,"Screening"
"C=CC(=O)N(CC)CC(=O)N[C@@H]1CCO[C@H]1c1ccccc1",302.163042564,"Screening"
"C=CC(=O)N(CC)CC(=O)N1CCC(NC(=O)c2ccc(C)cc2)CC1",357.205241724,"Screening"
"C=CC(=O)N(CC)CC(=O)Nc1ccc(N(C)C(=O)NC)cc1",318.169190564,"Screening"
"C=CC(=O)N1CCC(C(=O)Nc2ccc(N(C)C(=O)NC)cc2)CC1",344.184840628,"Screening"
"COC(=O)c1ccc(Cl)c(Cn2ccc(C=O)n2)c1",278.045819892,"Screening"
"C=CC(=O)NCCC(=O)N1Cc2ccccc2N2CCC[C@@H]2C1",313.179026976,"Screening"
"C=CC(=O)N1CCC(C(=O)Nc2[nH]nc3c2COCC3)(c2ccccc2)CC1",380.18484062799996,"Screening"
"COC(=O)Cn1ncc2ccc(NC(=O)CCl)cc21",281.056718924,"Screening"
"C=CC(=O)NCCC(=O)N1CCC(Cc2noc(C)n2)CC1",306.169190564,"Screening"
"CCOC(=O)c1cc(CNc2ccccc2OC2CC(=O)N2)on1",331.11682064400003,"Screening"
"CCc1nc2ccccc2n1C1CCCN(c2ncc(C=O)cn2)C1",335.174610292,"Screening"
"CCC(NC(=O)Cc1ccc(S(=O)(=O)F)cc1)C1CCOCC1",343.12535740399994,"Screening"
"C=CC(=O)NCc1ccc(C(=O)N2CCc3nc[nH]c3C23CCC3)cc1",350.174275944,"Screening"
"C=CC(=O)NCc1ccc(C(=O)N2CCn3nc(C4CC4)cc3C2)cc1",350.174275944,"Screening"
"C=CC(=O)NCCC(=O)N1CCOc2c(Cl)cc(Br)cc2C1",386.003282152,"Screening"
"C=CC(=O)NCc1ccc(C(=O)N2CCCC2c2ccc(OC)cn2)cc1",365.173941596,"Screening"
"C=CC(=O)NCCC(=O)N1C[C@@H](C)N(CC(F)(F)F)[C@@H](C)C1",321.16641160399996,"Screening"
"Cc1noc(C)c1CC(C)Nc1ccc(S(=O)(=O)F)cn1",313.089640592,"Screening"
"O=C1CC2(CN(Cc3cnc4n3CCOC4)C2)N1Cc1ccccc1",338.174275944,"Screening"
"CC(Cl)C(=O)Nc1ccc2c(c1)oc(=O)n2CC1CC1",294.07712002,"Screening"
"Cc1noc(CCCOc2cc(Br)cnc2C=O)n1",325.006203344,"Screening"
"C=CS(=O)(=O)CCC(=O)Nc1nccs1",246.01328418,"Screening"
"C=CS(=O)(=O)CCC(=O)Nc1sc(-c2ccccc2)nc1C",336.060234372,"Screening"
"C=CS(=O)(=O)CCC(=O)Nc1ccc2occ(C)c2c1",293.07217896000003,"Screening"
"C=CS(=O)(=O)CCC(=O)Nc1cc(-c2ccco2)nn1C",309.0783269600001,"Screening"
"C=CS(=O)(=O)CCC(=O)Nc1ccc(=O)n(C)n1",271.062676896,"Screening"
"Cc1cc(C(=O)N2CCC(OC(=O)N(C)C)C2)cc(C=O)c1O",320.13722174,"Screening"
"CN(C)c1ccc(C(=O)NCCOCC(F)(F)F)cc1C=O",318.119127064,"Screening"
"O=Cc1ccccc1S(=O)(=O)N1CCCCC1CCn1ccnn1",348.12561150000005,"Screening"
"C=CC(=O)N1CCOCC1c1c(C)nn(CC(F)(F)F)c1C",317.13511147599996,"Screening"
"C=CC(=O)N1CCCC1c1nc(-c2cccc(Br)c2)no1",347.026938788,"Screening"
"C=CC(=O)N1CCCCC1c1nnc(-c2ccccc2F)o1",301.12265497199996,"Screening"
"C=CC(=O)NCC(Cc1cccc(F)c1)C(=O)N1CCOCC1",320.153620752,"Screening"
"C=CC(=O)NCc1cc(C(F)(F)F)cc(S(C)(=O)=O)c1",307.048998904,"Screening"
"C=CC(=O)NCC1CCN(S(=O)(=O)c2cccs2)C1",300.06023437199997,"Screening"
"C=CC(=O)N1CCC12CCN(C(=O)OCc1ccccc1)CC2",314.163042564,"Screening"
"C=CC(=O)N(C)CC(CC)Oc1ccc(Cl)c(Cl)c1",301.06363414400005,"Screening"
"C=CC(=O)Nc1cccc(-c2cn(Cc3ccccc3)nn2)c1",304.132411132,"Screening"
"C=CC(=O)N1CCC(C(=O)Nc2cnc(OC)c(C#N)c2)(c2ccccc2)CC1",390.169190564,"Screening"
"C=CC(=O)NCCC(=O)N1CCN(c2nc(C(F)(F)F)cs2)CC1",362.102431444,"Screening"
"CC(Cl)C(=O)Nc1ccc2c(c1)N(C(=O)C1CCCC1)CC2",320.129155592,"Screening"
"O=CC1(c2ccc(Br)cc2)CCOC1",253.994241692,"Screening"
"COC(=O)C1(C=O)CCN(C(=O)OC(C)(C)C)C1",257.12632270800003,"Screening"
"C=CC(=O)Nc1ccc(O)c(C(=O)NCCc2csc(C(C)C)n2)c1",359.13036253200005,"Screening"
"C=CC(=O)Nc1ccc(O)c(C(=O)N2CC(c3ccccc3C)OCC2C)c1",380.173607248,"Screening"
"N#CC(=Cc1ccc(-c2cccc([N+](=O)[O-])c2)s1)C(=O)N1CCCC1",353.08341234000005,"Screening"
"CN(C)c1nc(N)nc(COC(=O)COc2ccccc2C=O)n1",331.128054024,"Screening"
"COc1ccc(N2CCN(c3nc4ccc(C)cn4c(=O)c3C=O)CC2)cc1",378.16919056399996,"Screening"
"Cc1ccc2nc(N3CCN(c4ccccc4F)CC3)c(C=O)c(=O)n2c1",366.149204068,"Screening"
"C=CC(=O)NCc1ccc(C(=O)N2CCCN(CC(=O)N3CCCC3)CC2)cc1",398.23179082,"Screening"
"CC1CN(C(=O)COc2cccc(C=O)c2)CC(c2ccccc2)O1",339.147058152,"Screening"
"O=S(=O)(C=Cc1ccccc1)N1CCCc2cc(F)c(F)cc21",335.07915616,"Screening"
"CC1CCN(C=C(C#N)C(=O)Nc2cccc(Cl)c2)CC1",303.113839876,"Screening"
"N#CC(=CN1CCC(C(=O)O)CC1)C(=O)Nc1ccccc1",299.126991404,"Screening"
"COc1ccc(CNC(=O)C(C#N)=CN2CCN(Cc3ccccc3)CC2)cc1",390.205576072,"Screening"
"C=CC(=O)N1CCC(C(=O)Nc2nnc3n2CCCC3)CC1",303.16952491200004,"Screening"
"Cc1nc(Nc2ccc(N3CCC3=O)cc2)ccc1[N+](=O)[O-]",298.10659030799997,"Screening"
"O=C1CCN1c1ccc(Nc2ncnc3ccccc23)cc1",290.116761068,"Screening"
"O=Cc1ccccc1OCC(=O)NC1CCCN(c2ccccc2)C1",338.163042564,"Screening"
"C=CC(=O)N1CCC(C(=O)N2CCNC(=O)C2c2ccccc2C(F)(F)F)CC1",409.161326224,"Screening"
"O=C1C(Nc2ncc([N+](=O)[O-])cc2Cl)CN1c1ccc(F)cc1",336.04254608,"Screening"
"Cc1ccc(F)c(N(C#N)Cc2nnc(C)o2)c1",246.091689192,"Screening"
"CSc1ccc(C)c(C(=O)NC2CN(c3ccc(F)cc3)C2=O)c1",344.099477004,"Screening"
"CCC(=O)Nc1cccc(C(=O)NC2CN(c3ccc(F)cc3)C2=O)c1",355.13321965599994,"Screening"
"COc1ccc(CC(=O)NC2CN(c3ccccc3)C2=O)cc1",310.13174243599997,"Screening"
"CC(C)(C)C(=O)N1CCCC(C(=O)NC2CN(c3ccccc3)C2=O)C1",357.20524172399996,"Screening"
"CC(NC(=O)c1ccoc1)C(=O)NC1CN(c2ccccc2)C1=O",327.121906024,"Screening"
"CCSc1nnc(SCc2cc(C=O)ccc2OC)s1",326.02174068799997,"Screening"
"CC1(C)C(=O)NC1C1CCN(C(=O)c2ccc(-n3cccc3)c(F)c2)CC1",369.18525522799996,"Screening"
"CCC(C(=O)N1CCC(C2NC(=O)C2(C)C)CC1)N1CCCC1=O",335.22089178799996,"Screening"
"O=C(Cc1c[nH]c2ccc(Cl)cc12)NC1CN(c2ccccc2)C1=O",353.09310443199996,"Screening"
"O=C1C(NS(=O)(=O)c2cc(F)ccc2F)CN1c1ccccc1",338.053669684,"Screening"
"C=CC(=O)NCc1ccc(C(=O)N(CC)C(c2cccnc2)c2ccc3c(c2)CCC3)cc1",439.22597716800004,"Screening"
"C=CC(=O)Nc1ccc(C(=O)N(C)C2CCN(CC(F)(F)F)C2=O)cc1",369.13002609599994,"Screening"
"Cc1nc(CN(C#N)c2ccc(F)cc2)oc1C",245.096440224,"Screening"
"N#Cc1ccc(CN(C#N)c2ccc(F)cc2)c(F)c1",269.07645372800005,"Screening"
"C=CC(=O)N1CCC(C(=O)N2CCC(OCC3CCOC3)CC2)CC1",350.22055744,"Screening"
"Cc1cc(C(=O)Nc2cccc(S(=O)(=O)F)c2)c(C(F)(F)F)o1",351.018841648,"Screening"
"Cn1c(=O)ccn(CC(=O)Nc2cccc(S(=O)(=O)F)c2)c1=O",341.048169704,"Screening"
"COc1ccc(C2(C)NC(=O)N(CC(=O)Nc3cccc(S(=O)(=O)F)c3)C2=O)cc1",435.09003451599995,"Screening"
"O=C(Cn1ncc2ccccc21)Nc1cccc(S(=O)(=O)F)c1",333.0583404639999,"Screening"
"C=CC(=O)Nc1ccc(C(=O)N2CCN(c3c(C)cccc3Cl)CC2)cc1",383.14005462399996,"Screening"
"O=C(CCn1cnc2ccccc21)NC1CN(c2ccc(F)cc2)C1=O",352.133554004,"Screening"
"N#Cc1ccc(NC(=O)NC2CN(c3ccccc3)C2=O)cc1",306.111675688,"Screening"
"C=CC(=O)N1CCC(C(=O)NCCC2CCC(OC)CC2)CC1",322.22564282,"Screening"
"Cn1nccc1NS(=O)(=O)c1ccc(S(=O)(=O)F)cc1",319.00967602,"Screening"
"CN(C)c1ncc(NS(=O)(=O)c2ccc(S(=O)(=O)F)cc2)cn1",360.036225116,"Screening"
"N#CN(Cc1ccc(C(N)=O)cc1)c1ccc(F)cc1",269.096440224,"Screening"
"CN(C)C(=O)CN(C#N)c1ccc(F)c(Br)c1",299.006952292,"Screening"
"CN(Cc1nnc(C2CC2)n1C)S(=O)(=O)C=Cc1ccccc1",332.13069687999996,"Screening"
"Nc1nc(Cl)c(C=O)n1-c1ccc(Br)cc1",298.94610162400005,"Screening"
"C=CC(=O)NCc1ccc(C(=O)Nc2ccc3ccn(CC)c3c2)cc1",347.163376912,"Screening"
"CCNS(=O)(=O)c1ccc2c(c1)N(S(=O)(=O)C=Cc1ccccc1)CC2",392.08644912,"Screening"
"Cc1csc2nc(CN(C#N)c3ccc(F)c(Cl)c3)cc(=O)n12",348.02478784,"Screening"
"Cc1ccn2c(C=C(C#N)C(=O)N(CC(F)(F)F)C3CC3)cnc2c1",348.11979576000004,"Screening"
"O=C(CCCOc1ccccc1)Nc1ccc(S(=O)(=O)F)cc1",337.07840721199995,"Screening"
"CC1(C)C(=O)N(CN2CCCC(C(=O)Nc3ccc(Br)cn3)C2)C1(C)C",422.13173820400004,"Screening"
"CCc1cnc(CCNS(=O)(=O)C=Cc2ccccc2)s1",322.08096981600005,"Screening"
"Cc1ncsc1C=C(C#N)C(=O)NC(C)c1ccccc1",297.0935831,"Screening"
"C=CC(=O)NCCNC(=O)c1cccc(-c2noc(C3CC3)n2)c1",326.137890436,"Screening"
"C=CC(=O)Nc1ccc(C(=O)Nc2cccc3c2OCC(=O)N3)cc1",337.10625596000006,"Screening"
"C=CC(=O)Nc1cc(NC(=O)Cc2c[nH]c3cc(F)ccc23)ccc1F",355.11323316,"Screening"
"C=CC(=O)Nc1cc(NC(=O)COc2cccc(CC)c2)ccc1F",342.13797068800005,"Screening"
"C=CC(=O)Nc1cc(NC(=O)c2cc(Cl)ccc2-n2cnnn2)ccc1F",386.0694295240001,"Screening"
"C=CC(=O)Nc1cc(NC(=O)C2Cc3cc(Cl)ccc3O2)ccc1F",360.06769820799997,"Screening"
"C=CC(=O)N1CCC(C(=O)N2CCCC(COC)(C(=O)OCC)C2)CC1",366.21547205999997,"Screening"
"CNC(=O)NCC(=O)NC1CN(c2ccc(F)cc2)C1=O",294.11281856,"Screening"
"CCCN1CCCC1C(=O)NC1CN(c2ccc(F)cc2)C1=O",319.16960516399996,"Screening"
"Cc1cccc(-n2ncc(C(=O)Nc3cccc(N4CCC4=O)c3)c2C)c1",360.15862588,"Screening"
"CC(C)N(C(=O)CN(C#N)c1ccc(F)c(Br)c1)C(C)C",355.069552548,"Screening"
"CCc1cccc(N(C#N)CC(=O)Nc2cccc(C(=O)NC3CC3)c2)c1",362.174275944,"Screening"
"C=CC(=O)N1CCc2cc(OC)c(OC)cc2C1c1cccs1",329.108564468,"Screening"
"C=CC(=O)N1CCN(Cc2nc(-c3ccc(OC)cc3)no2)CC1",328.15354049999996,"Screening"
"C=CC(=O)Nc1ccc(NC(=O)C(C)n2nc(C)cc2C)c(Cl)c1",346.119653528,"Screening"
"C=CC(=O)NC1CCN(C(=O)C(CC)c2ccccc2)CC1",300.183778008,"Screening"
"C=CC(=O)N(CCN1CCCC1)Cc1ccc(Cl)c(Cl)c1",326.09526862,"Screening"
"CC(C)c1nc(C=C(C#N)C(=O)NC2CCCCC2)c2ccccn12",336.195011388,"Screening"
"N#CN(CC(=O)N1CCNC1=O)c1ccccc1",244.096025624,"Screening"
"C=CC(=O)Nc1ccc(C(=O)Nc2c(C)cnn2Cc2ccccc2F)cc1",378.149204068,"Screening"
"Cc1cc(C=C(C#N)C(=O)NC2(c3nnn[nH]3)CC2)c(C)n1CC1CCCO1",381.191322976,"Screening"
"C=CC(=O)Nc1cc(NC(=O)c2c(C)c3ccc(F)cc3oc2=O)ccc1F",384.09216336799994,"Screening"
"CC(=O)N1CC(C(=O)NC2CN(c3ccc(F)cc3)C2=O)C1",305.11756959199994,"Screening"
"COC(=O)c1cc(CN(C)CN2C(=O)C3CCCC32)oc1C",306.157957184,"Screening"
"O=Cc1ccc(OCc2noc(C3CCCCC3)n2)c(CO)c1",316.14230712,"Screening"
"N#CC(=Cc1cccc(C(=O)O)c1)C(=O)Nc1ccncc1",293.080041212,"Screening"
"O=Cc1ccc(C(=O)N2Cc3ccccc3-c3ccccc3C2)[nH]1",316.12117775200005,"Screening"
"C=CC(=O)Nc1cc(NC(=O)c2ncoc2-c2ccc(F)cc2)ccc1F",369.092497716,"Screening"
"COC(=O)c1cc(CNC(=O)c2cc(C=O)c(C)cc2C)oc1C",329.126322708,"Screening"
"CCc1cccc(N(C#N)Cc2noc(-c3ccccc3)n2)c1",304.132411132,"Screening"
"N#CN(CC(=O)Nc1ccon1)c1ccc(F)c(Br)c1",337.98146581599997,"Screening"
"N#CC(=Cc1ccccc1)C(=O)NCCn1c(S)nnc1C1CC1",339.11538116400004,"Screening"
"CNC(=O)Cc1nc(CN(C#N)c2cc(C)ccc2F)cs1",318.0950603200001,"Screening"
"C=CC(=O)Nc1cc(NC(=O)C2=C(CC)OCCC2)ccc1F",318.13797068800005,"Screening"
"C=CC(=O)NCCC(=O)N1CCN(C2CC2)c2ccc(F)cc21",317.15395509999996,"Screening"
"COC(=O)c1ccc(C=C(C#N)C(=O)Nc2ccc(Cl)cc2Cl)[nH]1",363.017746572,"Screening"
"CC1CCN(CN2C(=O)C(C)(C)C2c2ccccc2)CC1",286.20451345199996,"Screening"
"C=CC(=O)Nc1cc(NC(=O)C(O)c2ccc(Cl)cc2)ccc1F",348.06769820799997,"Screening"
"O=C(NCc1cccc(N2CCC2=O)c1)c1ccc(Oc2ccccc2)cc1",372.1473925,"Screening"
"C=CCNC(=O)CN(C#N)c1ccccc1",215.105862036,"Screening"
"CC1CCN(Cc2ccccc2)CCN1C(=O)c1ccc(C=O)[nH]1",325.179026976,"Screening"
"Cc1c(C=C(C#N)C(=O)Nc2ccc3nc(S)oc3c2)cc(C#N)n1C",363.0789956560001,"Screening"
"C=CC(=O)N1CCC(C(=O)NCc2nnc(CC)s2)CC1",308.13069687999996,"Screening"
"COCc1cccc(CC(=O)NC2CN(c3ccccc3)C2=O)c1",324.14739249999997,"Screening"
"C=CC(=O)N1CCC(C(=O)N2CCCC(CO)(Cc3ccccc3)C2)CC1",370.22564282,"Screening"
"N#CN(CC(=O)N1CCC(c2ccccc2)=N1)c1ccccc1Cl",338.09343878000004,"Screening"
"CCc1noc([C@H]2C[C@H](O)CN2S(=O)(=O)C=Cc2ccccc2Cl)n1",383.070654736,"Screening"
"CC1CCN(C(N)=C(C#N)C(=O)NCc2ccccc2)CC1",298.179361324,"Screening"
"CCc1cccc(N(C#N)CC(=O)Nc2ccc(F)c(F)c2)c1",315.11831854,"Screening"
"Cc1nc(-c2cccc(NS(=O)(=O)c3cccc(S(=O)(=O)F)c3)c2)n[nH]1",396.036225116,"Screening"
"CC1(C)C(=O)NC1C1CCN(Cc2c(F)cccc2Cl)CC1",324.140469224,"Screening"
"CCCOc1ccc(C=C(C#N)C(=O)Nc2cccc3ncccc23)c(O)c1",373.142641468,"Screening"
"COc1cc(C=C(C#N)C(=O)NC(C)c2ccccc2)cc(OC)c1O",352.14230711999994,"Screening"
"COc1ccc(CCNC(=O)C(C#N)=Cc2cc(Br)c(O)c(OC)c2)cc1OC",460.063383872,"Screening"
"Cc1cc(C=C(C#N)C(=O)Nc2cc(Cl)ccc2N2CCOCC2)cc(C)c1O",411.13496924399993,"Screening"
"O=Cc1c(-c2ccc3c(c2)CCCC3)nc2sccn12",282.082684068,"Screening"
"Cc1cccn2c(C=O)c(-c3ccc(Br)cc3)cc12",313.010226104,"Screening"
"COC(=O)c1c(-c2ccc(Cl)cc2)c(C=O)n(C)c1C",291.066220988,"Screening"
"Cc1ccc(-c2nc3ccc(Cl)cn3c2C=O)c(C)c1",284.07164071600005,"Screening"
"CC(C)c1nc(N(C)S(C)(=O)=O)nc(-c2ccc(F)cc2)c1C=O",351.10529065599997,"Screening"
"C=CC(=O)N1CCC(C(=O)NC2CCN(S(=O)(=O)CCC)CC2)CC1",371.187877408,"Screening"
"C=CC(=O)N1CCC(C(=O)NNC(=O)c2csc(N3CCOCC3)n2)CC1",393.147075216,"Screening"
"C=CC(=O)N1CCC(C(=O)NC(C)COc2ccccc2C(F)(F)F)CC1",384.16607725600005,"Screening"
"C=CC(=O)N1CCC(C(=O)N(Cc2ccc(C)c(C)c2)C2CC2)CC1",340.215078136,"Screening"
"C=CC(=O)N1CCC(C(=O)NC(C)(CC)CC(=O)OC)CC1",310.189257312,"Screening"
"C=CC(=O)N1CCC(C(=O)Nc2ccc3c(ccn3CCC)c2)CC1",339.19467704,"Screening"
"C=CC(=O)Nc1ccc(C(=O)N2CCOc3cc(N(C)C)ccc32)cc1",351.158291532,"Screening"
"C=CC(=O)Nc1cc(NC(=O)c2cnnn2-c2cccc(F)c2)ccc1F",369.10373109600005,"Screening"
"C=CC(=O)NCCC(=O)N1CCC(C(=O)Nc2cccc(C#N)c2)CC1",354.169190564,"Screening"
"C=CC(=O)NCCC(=O)N1CCOC(c2ccc(F)c(Cl)c2)C1",340.098998336,"Screening"
"C=CC(=O)NCCC(=O)N1CCCC(C(=O)Nc2ccc(Cl)cn2)C1",364.13021821200005,"Screening"
"C=CC(=O)NCCC(=O)N(C)Cc1c(C)nc2sccn12",306.115046816,"Screening"
"C=CC(=O)NCCC(=O)NC1CCOc2cc(OC)ccc21",304.14230712,"Screening"
"C=CC(=O)NCCC(=O)Nc1ccc(C)c(Oc2ccnc(C(=O)NC)c2)c1",382.164105184,"Screening"
"C=CC(=O)NCCC(=O)N1CCCN(c2cccnn2)CC1",303.16952491200004,"Screening"
"O=Cc1cnn(-c2cccc(C(F)(F)F)c2)c1Cl",274.012075152,"Screening"
"C=CS(=O)(=O)N1CC2(C)CC1CC(C)(C)C2",243.129299912,"Screening"
"Cc1nc(C2CC2)ccc1C(=O)N1CCC(C2NC(=O)C2(C)C)CC1",341.210327104,"Screening"
"CC1(C)C(=O)NC1C1CCN(C(=O)c2ocnc2-c2ccccc2)CC1",353.173941596,"Screening"
"CCOC=C(C#N)C(=O)N1CCC(n2cc(C(=O)OCC)cn2)CC1",346.16410518400005,"Screening"
"C=CC(=O)N1CCN(S(=O)(=O)c2cc(C(N)=O)n(C)c2)CC1",326.104876056,"Screening"
"C=CC(=O)N1CCN(c2ccc(S(=O)(=O)N3CCOCC3)cn2)CC1",366.136176184,"Screening"
"C=CC(=O)NCc1ccc(NC(=O)CCN(C)Cc2ccccc2)cc1",351.19467704,"Screening"
"C=CC(=O)N(CC(=O)Nc1ccccc1F)Cc1ccccc1F",330.117984192,"Screening"
"C=CC(=O)NCc1cccc(S(=O)(=O)NCc2cccc(F)c2)c1",348.094391624,"Screening"
"C=CC(=O)NCC(c1ccc(C(F)(F)F)cc1)N(CC)CC",314.160597952,"Screening"
"C=CC(=O)NC(C)CC(=O)Nc1cccc(N2CCCC2)c1",301.179026976,"Screening"
"C=CC(=O)NCCc1ccc(S(=O)(=O)N(CC)CC)s1",316.09153449999997,"Screening"
"C=CC(=O)N1CCN(CCCc2nc(-c3cccs3)no2)CC1",332.13069687999996,"Screening"
"C=CC(=O)N1CCc2nn(CC(=O)N3CCCC3)c(=O)cc2C1",316.15354049999996,"Screening"
"C=CC(=O)N1CCC(N(Cc2ncc(C(C)C)o2)C(C)=O)C1",305.173941596,"Screening"
"C=CC(=O)NCCOc1ccc(S(=O)(=O)C(F)(F)F)cc1",323.043913524,"Screening"
"C=CC(=O)N1CCN(C2CCCN(C3CCOCC3)C2=O)CC1",321.205241724,"Screening"
"C=CC(=O)NCC(C(=O)OCc1ccccc1)c1ccccc1",309.136493468,"Screening"
"C=CC(=O)N(Cc1nccn1CC)C1CC12CCN(C(=O)OC(C)(C)C)CC2",388.24744088399996,"Screening"
"CCCCC(C)C(=O)Nc1ccc(OC2CC(=O)N2)cc1",290.163042564,"Screening"
"C=CC(=O)NCCC(=O)N[C@@H]1c2sccc2OC(C)(C)[C@H]1O",324.11437811999997,"Screening"
"Cn1c(N2CCOCC2)c(C=O)c(=O)n(C)c1=O",253.10625596,"Screening"
"C=CC(=O)N1CCC(C(=O)N2CCCC2Cc2cc(F)ccc2F)CC1",362.180584448,"Screening"
"Cc1ccsc1CNc1ccccc1OC1CC(=O)N1",288.093248752,"Screening"
"CNc1ccc(Cl)c(C(=O)N2CCC(C3NC(=O)C3(C)C)CC2)c1",349.155704688,"Screening"
"CCC(CNC(=O)CCOc1ccc(C=O)cc1OC)C(=O)OC",337.15253745599995,"Screening"
"C=CC(=O)NCc1ccc(C(=O)Nc2nc(CC)n(C)n2)cc1",313.15387484800004,"Screening"
"C=CC(=O)N1CCC(C(=O)N(C)CC2CCCOC2)(c2ccccc2)CC1",370.22564282,"Screening"
"C=CC(=O)N1CCC(C(=O)NC(C)C2CCOCC2)(c2ccccc2)CC1",370.22564282,"Screening"
"C=CC(=O)N1CCC(C(=O)NCC(C)(O)C(=O)OC)(c2ccccc2)CC1",374.18417193199997,"Screening"
"O=S(=O)(F)c1ccc(S(=O)(=O)NC(C2CCCC2)C(F)(F)F)cc1",389.03786284000006,"Screening"
"NC(=O)CN(Cc1ccccc1)c1cccc(NS(=O)(=O)c2ccc(S(=O)(=O)F)cc2)c1",477.0828409599999,"Screening"
"C=CC(=O)N1CC=C(c2c(OC)cc(OC)cc2OC)CC1",303.147058152,"Screening"
"C=CC(=O)NCCN1CCN(c2ccc(C(F)(F)F)cn2)CC1",328.15109588800004,"Screening"
"C=CC(=O)Nc1cc(OC)c(OC)cc1C(=O)N1C(C)CCCC1C",346.189257312,"Screening"
"C=CC(=O)Nc1ccc(C)c(NC(=O)CN2CCCCC2)c1",301.179026976,"Screening"
"C=CC(=O)Nc1ccccc1CN1CCc2cc(OC)c(OC)cc2C1",352.17869262799996,"Screening"
"C=CC(=O)Nc1ccc(OC)nc1N1CCN(C(C)=O)CC1",304.15354049999996,"Screening"
"C=CC(=O)N(CC)C(c1cccnc1)c1ccc2c(c1)CCO2",308.15247787999994,"Screening"
"C=CC(=O)NCC1CCN(S(=O)(=O)c2ccc(OC)c(OC)c2)CC1",368.14059286799994,"Screening"
"C=CC(=O)N1CCN(C(=O)COc2cc(C)cc(C)c2)C[C@H]1C",316.178692628,"Screening"
"C=CC(=O)Nc1cc(S(=O)(=O)N2CCOCC2)ccc1N1CCOCC1",381.135841836,"Screening"
"C=CC(=O)Nc1ccc(Cl)cc1N1C(=O)C2CCCCC2C1=O",332.092770084,"Screening"
"C=CC(=O)Nc1cc(S(=O)(=O)N(C)C)ccc1OC(C)C",312.11437811999997,"Screening"
"C=CC(=O)Nc1ccc(Cl)cc1-c1nc(C2CCCC2)no1",317.093104432,"Screening"
"CC(Cl)C(=O)N(C)Cc1cn(C)nc1C(F)(F)F",283.069924376,"Screening"
"CC(Cl)C(=O)NCc1cccc(N2CCOCC2)n1",283.108754496,"Screening"
"CC(Cl)C(=O)N1CCCC(Oc2ncccc2F)C1",286.088433652,"Screening"
"CC(c1cccc(N2CCOC2=O)c1)N(C)C(=O)CCl",296.092770084,"Screening"
"COC1(c2noc(CC3CCN(C(=O)C(C)Cl)CC3)n2)CCCC1",355.166269372,"Screening"
"Cc1c(Br)ccc2[nH]c(C(=O)N3CCC4(CC3)CC(=O)N4)cc12",375.058238916,"Screening"
"C=CC(=O)NCCC(=O)NCc1ccncc1C(F)(F)F",301.10381134799997,"Screening"
"C=CC(=O)NCc1ccc(C(=O)N(C)CC2COCCO2)cc1",318.157957184,"Screening"
"C=CC(=O)NCc1ccc(C(=O)N[C@@H]2C[C@H]2c2ccc3c(c2)OCCO3)cc1",378.15795718399994,"Screening"
"C=CC(=O)N1CCC(C(=O)NCC2CN(Cc3ccccc3)CC23CCC3)CC1",395.257277296,"Screening"
"C=CC(=O)N1CCC(C(=O)NC2(C(=O)OC)COc3ccccc3C2)CC1",372.16852186799997,"Screening"
"Cc1ccc(S(=O)(=O)N2CCC(C3NC(=O)C3(C)C)CC2)cc1",336.150763628,"Screening"
"CC(C)(C)OC(=O)N1CCCC(n2nncc2C=O)C1",280.15354049999996,"Screening"
"Cc1cccc(NC(=O)N2CCC(C3NC(=O)C3(C)C)CC2)n1",316.189926008,"Screening"
"CC1(C)C(=O)NC1C1CCN(C(=O)Nc2cccc3c2OCO3)CC1",345.168856216,"Screening"
"CCOC(=O)Cn1cc(C=O)c(-c2ccccc2)n1",258.100442308,"Screening"
"C=CC(=O)N1CCC(C(=O)N2CC(N(C)C)CCc3ccccc32)CC1",355.225977168,"Screening"
"C=CC(=O)N(C)CC(=O)Nc1cccc(C(=O)NC(C)(C)C)c1",317.173941596,"Screening"
"CNC(=O)C1(NC(=O)c2ccc3c(C=O)c[nH]c3c2)CCCC1",313.142641468,"Screening"
"C=CC(=O)N(C)CC(=O)N1CCCN(C(=O)c2cc(Cl)cn2C)CC1",366.14586827600004,"Screening"
"C=CC(=O)N(C)CC(=O)N1CCCCC1c1nc(-c2cccc(F)c2)c[nH]1",370.180504196,"Screening"
"C=CC(=O)N(C)CC(=O)N1CCN(Cc2cc3c(s2)CCCC3)CC1",361.182398104,"Screening"
"C=CC(=O)N(C)CC(=O)NC(CC)c1ccc2c(c1)CC(C)(C)O2",330.19434269199996,"Screening"
"C=CC(=O)N(C)CC(=O)NCc1c(O)ccc2c1CCCC2",302.163042564,"Screening"
"C=CC(=O)N(C)CC(=O)N1CCN(CC(F)(F)F)CC1C(C)C",335.18206166799996,"Screening"
"C#CC1(O)CCN(C(=O)c2cc(Br)c3ncc(C=O)n3c2)C1",361.006203344,"Screening"
"C=CC(=O)N(C)CC(=O)N1CCC(Nc2cc(OCC)ncn2)CC1",347.1957396600001,"Screening"
"C=CC(=O)N(C)CC(=O)NC1CCOc2ccc(OCC)cc21",318.157957184,"Screening"
"C=CC(=O)N(C)CC(=O)NC1CCCN(c2ccc(Cl)cc2Cl)C1",369.10108227200004,"Screening"
"C=CC(=O)N(C)CC(=O)N[C@H](C)C(=O)N1Cc2ccccc2C1",315.158291532,"Screening"
"C=CC(=O)N(C)CC(=O)Nc1cccc(S(=O)(=O)C2CCOCC2)c1",366.12494280399994,"Screening"
"C=CC(=O)N(C)CC(=O)NC(C)(CO)c1cc(Cl)cc(Cl)c1",344.06944779599996,"Screening"
"C=CC(=O)Nc1cc(NC(=O)CC2(CNC(C)=O)CCCCC2)ccc1F",375.195819912,"Screening"
"C=CC(=O)N1CCC(C(=O)Nc2cccc3nsnc23)CC1",316.099396752,"Screening"
"C=CC(=O)NCCC(=O)N1CC2CCCS(=O)(=O)C2(C(F)(F)F)C1",368.101762748,"Screening"
"COc1ccc(CN(c2ccc3cc[nH]c(=O)c3c2)S(=O)(=O)c2cccc(S(=O)(=O)F)c2)s1",508.023277484,"Screening"
"O=C(CCl)N1CC2(CCOCC2)c2ccccc21",265.086956432,"Screening"
"O=C(CCl)N1CCc2ccc(Cl)c(Cl)c2C1",276.98279698,"Screening"
"C=CC(=O)Nc1ccc(N2CCN(C)CC2)cc1OC(F)F",311.144533288,"Screening"
"CC(=O)Nc1ccc(CN2CCC(NC(=O)c3cc(S(=O)(=O)F)c[nH]3)CC2)cc1",422.142404436,"Screening"
"O=C(Cn1ccc2ccccc2c1=O)NCCCS(=O)(=O)F",326.07365618,"Screening"
"C=CC(=O)N1CCOC(C(=O)N2CCN(c3cccc4[nH]ccc34)CC2)C1",368.184840628,"Screening"
"C=CC(=O)N1CCCc2c(C(=O)N3CCC(c4c[nH]c5ccccc45)CC3)cccc21",413.210327104,"Screening"
"O=C(Cc1ccc(S(=O)(=O)F)cc1)N1CCCN(c2ccncc2)CC1",377.12094072,"Screening"
"CC(Cl)C(=O)N1CC(c2ncc(OCc3ccccc3)cn2)C1",331.108754496,"Screening"
"CC(Cl)C(=O)Nc1cnc(N(C)Cc2nccn2C)nc1",308.11523684400004,"Screening"
"COc1ccc(CN(C)C(=O)Cc2ccc(C=O)[nH]2)c(OC)c1",316.14230712,"Screening"
"C=CC(=O)Nc1ccc(C(=O)N2CC(n3nc(C)nc3C)C2)cc1",325.15387484800004,"Screening"
"C=CC(=O)Nc1ccc(C(=O)N(C)C2CCN(S(C)(=O)=O)C2)cc1",351.12527715199997,"Screening"
"C=CC(=O)N1CCC(C(=O)N[C@H]2CC[C@H](c3nccc(O)n3)CC2)CC1",358.200490692,"Screening"
"C=CC(=O)Nc1ccc(O)c(C(=O)NCCC2CN(c3ncnc4[nH]ncc34)c3ccccc32)c1",469.1862375960001,"Screening"
"C=CC(=O)Nc1cccc(CN(CC)C(=O)c2cccnc2)c1",309.14772684800005,"Screening"
"C=CC(=O)NC(c1ccc(OC)cc1)c1ccc(OC)cc1OC",327.147058152,"Screening"
"C=CC(=O)Nc1c(C)nn(CC(=O)N(CC)CC(C)C)c1C",306.205576072,"Screening"
"C=CC(=O)NCC(c1cn(C)cn1)N1CCCC1",248.16371125999999,"Screening"
"C=CC(=O)N1CCC(C(=O)Nc2nc(CCC)ns2)CC1",308.13069687999996,"Screening"
"O=S(=O)(F)C1CCN(c2ncc(C(F)(F)F)cc2Cl)C1",332.00093908800005,"Screening"
"O=S(=O)(F)Oc1ccc(-c2nc(-c3ccccc3)cs2)cc1",335.0086134,"Screening"
"O=c1oc2c(-c3ccc(Cl)cc3Cl)cc(OS(=O)(=O)F)cc2s1",393.89394884,"Screening"
"C=CC(=O)NC(c1cc(Cl)cc(Cl)c1)C(C)(C)C(=O)O",315.04289869999997,"Screening"
"C=CC(=O)NC1(C(=O)O)CCCC1Cc1ccc(Cl)cc1",307.097521116,"Screening"
"C=CC(=O)N1CCC(C(=O)Nc2ccn(CC(=O)NC)n2)(c2ccccc2)CC1",395.19573966,"Screening"
"C=CC(=O)Nc1cccc(C(=O)NC[C@]2(CO)COC[C@H]3CCCN32)c1",359.18450628000005,"Screening"
"C=CS(=O)(=O)N(C)CC(C)O",179.061614276,"Screening"
"C=CS(=O)(=O)NCc1csc(C)c1C",231.038770656,"Screening"
"C=CS(=O)(=O)NC(C)c1ccns1",218.01836956,"Screening"
"C=CS(=O)(=O)NCCc1sccc1Br",294.93363266,"Screening"
"C=CS(=O)(=O)NCc1coc(CC)n1",216.056863244,"Screening"
"CC(Cl)C(=O)NCC1CCCCN1C(=O)C(F)(F)F",300.085240092,"Screening"
"C=CC(=O)N(CC)CC(=O)NCc1c(Cl)c(C(F)(F)F)nn1C",352.09138809200005,"Screening"
"C=CC(=O)NCCC(=O)N1C[C@@H](C)O[C@@H](c2ccc(F)cc2)C1",320.15362075200005,"Screening"
"C=CC(=O)NCc1ccc(C(=O)NC2CS(=O)(=O)N(C)C2(C)C)cc1",365.140927216,"Screening"
"C=CC(=O)N1CCC(C(=O)N(C)Cc2nn(C)cc2Br)CC1",368.084788012,"Screening"
"C=CC(=O)NCc1ccc(C(=O)N2COC[C@]3(COC[C@H]4CCCN43)C2)cc1",385.20015634400005,"Screening"
"C=CC(=O)NCCC(=O)N1CCC2(CC1)Cc1ccccc1NC2=O",341.173941596,"Screening"
"C=CC(=O)NCCC(=O)N1CCN(c2cccc(Cl)c2Cl)CC1",355.08543220800004,"Screening"
"C=CC(=O)Nc1cccc(C(=O)N2CCCC3(C2)OC[C@H]2C[C@H]23)c1",326.163042564,"Screening"
"C=CC(=O)N(C)CC(=O)NCC1(O)CCc2ccccc2C1",302.163042564,"Screening"
"C=CC(=O)NCC1(C2CCN(C(=O)OC(C)(C)C)CC2)CCOCC1",352.236207504,"Screening"
"C=CC(=O)Nc1cccc(C(=O)N2COC[C@]3(COC[C@H]4CCCCN43)C2)c1",385.20015634400005,"Screening"
"C=CC(=O)N(C)CC(=O)NC1CN(Cc2ccccc2)C2(CCOCC2)C1",371.22089178799996,"Screening"
"C=CC(=O)N1CCC(C(=O)N(C)CC(=O)N2c3ccccc3NC(=O)CC2C)CC1",412.211055376,"Screening"
"C=CC(=O)N1CCC(C(=O)N2CCCC(c3n[nH]c(C4CC4)n3)C2)(c2ccccc2)CC1",433.24777523200004,"Screening"
"C=CC(=O)N1CCC(C(=O)N2CCC(N3CCc4ccccc43)CC2)(c2ccccc2)CC1",443.257277296,"Screening"
"C=CC(=O)NCCC(=O)N1CC[C@@H]2[C@H](C1)NC(=O)N2CCOC",324.17975524799994,"Screening"
"C=CC(=O)N1CCC(C(=O)NCC(C)Oc2cccc(C)c2)(c2ccccc2)CC1",406.22564282,"Screening"
"C=CC(=O)N1CCC(C(=O)NC(c2ccccc2)c2nnn[nH]2)CC1",340.16477388000004,"Screening"
"C=CC(=O)N1CCC(C(=O)Nc2nc(-c3ccc4c(c3)CCC4)c(C)s2)CC1",395.16674804,"Screening"
"C=CC(=O)N1CCC(C(=O)Nc2ccnn2-c2ccccc2C)CC1",338.174275944,"Screening"
"C=CC(=O)N(CC)CC(=O)N1CCCN(S(=O)(=O)c2ccc(Cl)s2)CC1",419.074025864,"Screening"
"C=CC(=O)N1CCC(C(=O)NC2CCCN(c3ccc(OC(F)F)cc3)C2=O)CC1",421.18131272,"Screening"
"C=CC(=O)N1CCC(C(=O)NCc2cccc(-n3cncn3)c2)CC1",339.16952491200004,"Screening"
"C=CC(=O)N1CCC(C(=O)NCCN2Cc3ccccc3OCC2=O)(c2ccccc2)CC1",447.21580640799993,"Screening"
"C=CC(=O)N1CCC(C(=O)Nc2cnc(C)c(C(=O)OC)c2)(c2ccccc2)CC1",407.18450628,"Screening"
"C=CC(=O)N1CCC(C(=O)N2CC=C(c3c[nH]c4ncccc34)CC2)CC1",364.189926008,"Screening"
"C=CC(=O)N1CCC(C(=O)N(C)C2CCCc3nc(CC)sc32)CC1",361.182398104,"Screening"
"C=CC(=O)N1CCC(C(=O)NC(c2ccccc2OC)c2nccn2C)CC1",382.2004906920001,"Screening"
"C=CC(=O)N1CCC(C(=O)Nc2ccc(C)c(Oc3cc(C)ccn3)c2)CC1",379.1895916600001,"Screening"
"COc1ccccc1C1CCN(C(=O)C2CO2)C1",247.120843404,"Screening"
"O=C(NC1(c2ccc(F)cc2F)CCOCC1)C1CO1",283.10199978,"Screening"
"O=C(C1CO1)N1CCC(c2c[nH]c3cc(F)ccc23)CC1",288.127406004,"Screening"
"O=C(C1CO1)N(Cc1ccc(F)cc1)C1CCOCC1",279.127071656,"Screening"
"Cc1ccc([C@@H]2OCCC[C@H]2NC(=O)C2CO2)cc1",261.136493468,"Screening"
"O=C(C1CO1)N1CCCC(c2ccccc2)CC1",245.141578848,"Screening"
"COc1ccc(C2(CNC(=O)C3CO3)CCC2)cc1",261.136493468,"Screening"
"CCc1csc(CC2CCN(C(=O)C3CO3)CC2)n1",280.12454888,"Screening"
"O=C(NC1CCN(c2ccc(F)c(Cl)c2)C1)C1CO1",284.072783588,"Screening"
"O=C(NCC(O)(c1ccccc1)C(F)(F)F)C1CO1",275.076927904,"Screening"
"Cn1cc(CNC(=O)C2CO2)c(-c2ccccc2)n1",257.11642672,"Screening"
"CCC1Oc2cc(C(C)NC(=O)C3CO3)ccc2NC1=O",290.126657056,"Screening"
"O=C(C1CO1)N1CCOC(c2noc(-c3ccccc3)n2)C1",301.10625596000006,"Screening"
"O=C(C1CO1)N1CCC2C(F)(F)C2(c2ccccc2)C1",279.10708516000005,"Screening"
"COc1ccc2[nH]c3c(c2c1)CCCC3NC(=O)C1CO1",286.13174243599997,"Screening"
"O=C(C1CO1)N1CCC(c2cccc3ccccc23)CC1",281.14157884800005,"Screening"
"CC(NC(=O)C1CO1)c1ncc(-c2ccccc2)o1",258.100442308,"Screening"
"CC(NC(=O)C1CO1)c1ccc(-c2ccccc2)cc1",267.125928784,"Screening"
"COc1ccc(CN(C(=O)C2CO2)C2CC2)cc1",247.120843404,"Screening"
"Cc1ccc(N2CCN(C(=O)C3CO3)CC2)cc1",246.136827816,"Screening"
"CC(C)(C)CC(NC(=O)C1CO1)c1ccc(F)cc1",265.1478071,"Screening"
"COc1cc(CNC(=O)C2CO2)ccc1OCc1ccccc1",313.131408088,"Screening"
"COc1cc(CNC(=O)C2CO2)ccc1OCC(=O)N(C)C",308.13722174000003,"Screening"
"O=C(NCCOc1cccc2ccccc12)C1CO1",257.10519334,"Screening"
"O=C(NC1CCCc2nc(-c3ccccc3)sc21)C1CO1",300.09324875199997,"Screening"
"COc1cccc(C2(CNC(=O)C3CO3)CCCC2)c1",275.152143532,"Screening"
"O=C(NCc1ccccc1OCC1CC1)C1CO1",247.120843404,"Screening"
"Cc1cc(CNC(=O)C2CO2)c(C)n1Cc1ccccc1",284.15247788,"Screening"
"CCN(C(=O)C1CO1)C(C)c1ccc(-c2cccc(OC)c2)cc1",325.167793596,"Screening"
"O=C(NCC1(c2ccc(C(F)(F)F)cc2)CC1)C1CO1",285.09766334799997,"Screening"
"N#Cc1ccc(C2CCN(C(=O)C3CO3)CC2)cc1",256.121177752,"Screening"
"O=C(NC1(c2nc(-c3cccs3)no2)CCCCC1)C1CO1",319.099062404,"Screening"
"C[C@@H](NC(=O)C1CO1)c1ccc2c(c1)CCCC2",245.141578848,"Screening"
"O=C(C1CO1)N1CCC(O)(c2cccc(OC(F)(F)F)c2)CC1",331.103142652,"Screening"
"O=C(C1CO1)N1CCC(F)(c2cccc(C(F)(F)F)c2)C1",303.08824153600006,"Screening"
"O=C(NC1(Cc2ccc(C(F)(F)F)cc2)CCOC1)C1CO1",315.108228032,"Screening"
"O=C(NCc1csc(Cc2ccc(Cl)cc2)n1)C1CO1",308.038626336,"Screening"
"CC1(C)Cc2c(cnn2-c2ccccc2)CN(C(=O)C2CO2)C1",311.163376912,"Screening"
"O=C(N[C@H]1CCC[C@H]1Oc1ccccc1F)C1CO1",265.111421592,"Screening"
"N#Cc1ccccc1N1CCCC(NC(=O)C2CO2)C1",271.132076784,"Screening"
"C=CC(=O)N[C@@H]1CN(C(=O)Cn2cc3ccccc3n2)C[C@H]1C(F)(F)F",366.130360444,"Screening"
"C=CC(=O)N1CCN(C(=O)C2CCN(c3ccc(C)cc3)C2=O)[C@@H](C)C1",355.18959165999996,"Screening"
"C=CC(=O)NCC1CN(C(=O)C(C)(C)c2ccc(CC)cc2)CCCO1",358.22564281999996,"Screening"
"C=CC(=O)N1CCCC1C(=O)N(C)Cc1ccccc1[N+](=O)[O-]",317.137556088,"Screening"
"C=CC(=O)N1CCCC1C(=O)N1CCC(Oc2ccccc2OCC)C1",358.189257312,"Screening"
"C=CC(=O)N1CCCC1C(=O)N1CCC(c2ccc3cccnc3n2)CC1",364.18992600800004,"Screening"
"C=CC(=O)N1CCCC1C(=O)N1CCn2c(Cc3ccccc3F)nnc2C1",383.175753164,"Screening"
"C=CC(=O)N1CCCC1C(=O)Nc1cccc(-c2n[nH]c(C)n2)c1",325.15387484800004,"Screening"
"C=CC(=O)N1CCCC1C(=O)Nc1ccc2c(c1)oc(=O)n2C",315.12190602400005,"Screening"
"C=CC(=O)N1CCC(C(=O)N2CCc3onc(C(=O)OCC)c3C2)CC1",361.163770836,"Screening"
"C=CC(=O)NCCC(=O)N[C@@H]1C[C@@H](c2ccccc2)Oc2ccccc21",350.163042564,"Screening"
"C=CC(=O)NCc1ccc(C(=O)N[C@H]2C[C@H](c3ccc(C#N)cc3)C2)cc1",359.16337691200005,"Screening"
"C=CC(=O)NCC1(NC(=O)CNC(=O)c2ccc(C)cc2)CCCCC1",357.205241724,"Screening"
"C=CC(=O)N1CCCC(C(=O)NC(C)c2ccc(OC(F)F)c(OC)c2)C1",382.170413688,"Screening"
"C=CC(=O)N1CCCC(C(=O)N[C@@H]2CCCc3cccnc32)C1",313.17902697600005,"Screening"
"C=CC(=O)N1CCCC(C(=O)Nc2cc(F)cc(N3C[C@@H](C)O[C@@H](C)C3)c2)C1",389.21146997599993,"Screening"
"C=CC(=O)N1CCCC(C(=O)NCc2cnn(-c3cccc(Cl)c3)c2)C1",372.135303592,"Screening"
"C=CC(=O)NCC(=O)N1CCC(c2nc3cc(Cl)ccc3s2)CC1",363.08082549600005,"Screening"
"C=CC(=O)NCC(=O)Nc1ccc(Oc2ccnc(C(=O)OC)c2)cc1",355.116820644,"Screening"
"C=CC(=O)NCC(=O)N1CCc2cc(OC)c(OC)cc2C1C1CC1",344.173607248,"Screening"
"C=CC(=O)NCC(=O)Nc1cc(Br)cc(C(F)(F)F)c1C",364.003424384,"Screening"
"C=CC(=O)NCC(=O)N1CCCC(C(=O)Nc2ccccc2OC)C1",345.168856216,"Screening"
"C=CC(=O)NCC(=O)NC1CC(=O)N(c2cccc(C(F)(F)F)c2)C1",355.114376032,"Screening"
"C=CC(=O)NCC(=O)Nc1ccc(C)c(Oc2cc(C)ccn2)c1",325.1426414680001,"Screening"
"C=CC(=O)NCC(=O)NCc1ccnc(Oc2ccccc2C(F)(F)F)c1",379.114376032,"Screening"
"C=CC(=O)N[C@@H]1CN(C(=O)CCN2CCCC2=O)CC[C@H]1c1ccc(F)cc1",387.195819912,"Screening"
"C=CC(=O)N[C@@H]1c2ccccc2C[C@H]1NC(=O)c1cc2ccccc2oc1=O",374.12665705599994,"Screening"
"C=CC(=O)Nc1ccc(C(=O)N2CCC3(CC2)CC(=O)NCC3O)cc1",357.168856216,"Screening"
"C=CS(=O)(=O)N1Cc2cnn(C)c2C1",213.057197592,"Screening"
"C=CC(=O)Nc1ccc(C(=O)N2CCN(c3ccc(F)cc3F)CCC2C)cc1",399.175833416,"Screening"
"C=CC(=O)Nc1ccc(C(=O)N2CCc3c(sc(N)c3C#N)C2)cc1",352.099396752,"Screening"
"C=CC(=O)Nc1ccc(C(=O)NCCCn2ccc(=O)[nH]c2=O)cc1",342.132805056,"Screening"
"C=CC(=O)Nc1ccc(C(=O)NCC(O)c2ccc(Cl)cc2Cl)cc1",378.05379773199996,"Screening"
"C=CC(=O)Nc1ccc(C(=O)NCC(Cc2cnn(C)c2)C(N)=O)cc1",355.164439532,"Screening"
"C=CC(=O)NCc1ccc(C(=O)N2c3ccnn3CCC2C)cc1",324.15862588,"Screening"
"C=CC(=O)NCc1ccc(C(=O)Nc2ccc(F)cc2N2CCOCC2)cc1",383.164519784,"Screening"
"C=CC(=O)NCc1ccc(C(=O)NCc2[nH]cc(C)c(=O)c2C)cc1",339.158291532,"Screening"
"C=CC(=O)N(C)CC(=O)NCC1c2ccccc2C(=O)N1Cc1ccccc1",377.173941596,"Screening"
"C=CC(=O)N(C)CC(=O)N1Cc2cc(OCc3ccccc3)ccc2CC1C",378.194342692,"Screening"
"C=CC(=O)N(C)CC(=O)Nc1nn(-c2ncccc2F)cc1C",317.128802972,"Screening"
"C=CC(=O)N(C)CC(=O)Nc1ccn(-c2ncccc2C(F)(F)F)n1",353.109959348,"Screening"
"C=CC(=O)N(C)CC(=O)NC1(c2ncc(OC)c(=O)[nH]2)CCCC1",334.164105184,"Screening"
"C=CC(=O)N(C)CC(=O)N[C@@H]1CC2(CCC2)CN(Cc2ccccc2)[C@H]1C",369.241627232,"Screening"
"C=CC(=O)Nc1cccc(C(=O)N[C@@H]2CCc3cc(Br)ccc3[C@H]2O)c1",414.057904568,"Screening"
"C=CC(=O)Nc1cccc(C(=O)NC(C(=O)NC)c2ccc(F)c(F)c2)c1",373.123797844,"Screening"
"C=CC(=O)Nc1cccc(C(=O)NC2CCc3nnc(-c4ccc(F)cc4)n3C2)c1",405.1601031,"Screening"
"C=CC(=O)Nc1cccc(C(=O)NCC(O)c2cc(F)cc(Cl)c2)c1",362.083348272,"Screening"
"C=CC(=O)Nc1cccc(C(=O)NC2CCc3cc(F)c(F)c(F)c32)c1",360.10856238,"Screening"
"C=CC(=O)Nc1cccc(C(=O)N2CCc3c(C)cccc3C2C(=O)OC)c1",378.15795718399994,"Screening"
"C=CC(=O)Nc1cccc(C(=O)N2CCC3=NS(=O)(=O)NC=C3C2)c1",360.08922599199997,"Screening"
"C=CC(=O)NCC(=O)NC1CCN(C(=O)c2ccccc2C(F)(F)F)CC1",383.14567616,"Screening"
"C=CC(=O)NCC(=O)N1CCNC(=O)C1Cc1nc2ccccc2o1",342.13280505599994,"Screening"
"C=CC(=O)NCC(=O)Nc1ccc(CN2CCN(C)C(=O)C2)cc1F",348.159768752,"Screening"
"C=CC(=O)Nc1ccc(O)c(C(=O)NCCOc2ccc(F)c(Cl)c2)c1",378.078262892,"Screening"
"C=CC(=O)Nc1ccc(O)c(C(=O)NCC2(C#N)CCCCC2)c1",327.158291532,"Screening"
"C=CC(=O)N(CC)CC(=O)NCc1nc(-c2ccc(Cl)cc2)c(C)s1",377.09647556000004,"Screening"
"C=CC(=O)N(CC)CC(=O)Nc1ccc(OC)c(C(=O)c2ccccc2)c1",366.157957184,"Screening"
"C=CC(=O)N(CC)CC(=O)N1CCc2cc(Cl)cc(Br)c2C1",384.02401759599996,"Screening"
"C=CC(=O)N1CCC(C(=O)Nc2csc(-c3ccc(Br)cc3)n2)CC1",419.0303099160001,"Screening"
"C=CC(=O)N1CCC(C(=O)N2CCC(Cc3nc(C(C)(C)C)cs3)CC2)CC1",403.229348296,"Screening"
"C=CC(=O)N1CCC(C(=O)Nc2ccccc2OCc2ncc(-c3cccc(Cl)c3)o2)CC1",465.14553392799996,"Screening"
"C=CC(=O)N1CCC(C(=O)NC2CC3(CCN(C)CC3)Oc3ccccc32)CC1",397.236541852,"Screening"
"C=CC(=O)N1CCCC(C(=O)N(C)C(c2ccc(Cl)cc2)c2cccnc2)C1",397.155704688,"Screening"
"C=CC(=O)N1CCCC(C(=O)NNC(=O)c2csc(N3CCOCC3)n2)C1",393.1470752160001,"Screening"
"C=CC(=O)N1CCCC(C(=O)N2Cc3cnn(-c4ccccc4)c3C2)C1",350.174275944,"Screening"
"C=CC(=O)N1CCCC(C(=O)N2CCCCCC2C=Cc2cccs2)C1",372.187149136,"Screening"
"C=CC(=O)N1CCCC(C(=O)N2CCC(F)(c3ccccc3OC(F)(F)F)C2)C1",414.15665544399997,"Screening"
"C=CC(=O)N1CCCC(C(=O)Nc2ccc3c(n2)NC(=O)CO3)C1",330.13280505599994,"Screening"
"C=CC(=O)N1CCCC(C(=O)Nc2nc3n(n2)CC(C(=O)OC)CC3)C1",361.175004216,"Screening"
"C=CC(=O)N1CCCC(C(=O)Nc2ccc(C3=NNC(=O)CO3)cc2)C1",356.14845511999994,"Screening"
"C=CC(=O)N1CCCc2cc(C(=O)N(C)[C@H](C)c3ccccc3OC)ccc21",378.19434269199996,"Screening"
"C=CC(=O)N1CCCc2cc(C(=O)Nc3cnn(C4CCC(=O)NC4)c3)ccc21",393.180089596,"Screening"
"C=CC(=O)N1CCCc2cc(C(=O)N3CCCCC3COC(=O)NC)ccc21",385.200156344,"Screening"
"C=CC(=O)N(C)c1ccc(C(=O)NC(Cn2ccnc2)C(C)(C)C)cc1",354.205576072,"Screening"
"C=CC(=O)N(C)c1ccc(C(=O)N2CCc3[nH]c4ccc(F)cc4c3C2)cc1",377.15395509999996,"Screening"
"C=CC(=O)N(C)c1ccc(C(=O)Nc2ccc(O)c(COC(C)C)c2)cc1",368.173607248,"Screening"
"C=CC(=O)N(C)c1ccc(C(=O)N2CCCc3[nH]nc(C)c32)cc1",324.15862588,"Screening"
"C=CC(=O)N(C)c1ccc(C(=O)N(C)CCc2ccc(F)cc2)cc1",340.158706132,"Screening"
"C=CC(=O)N(C)c1ccc(C(=O)N2CC(C)c3ccncc32)cc1",321.147726848,"Screening"
"C=CC(=O)N(C)c1ccc(C(=O)N2CC(Cc3ccc(F)c(F)c3)C2)cc1",370.14928432,"Screening"
"C=CC(=O)N(C)c1ccc(C(=O)N2CC(n3cnc4c(N)nc(N)nc43)C2)cc1",392.1709218800001,"Screening"
"C=CC(=O)N(C)c1ccc(C(=O)N2CCCC2CNc2cccc(C)n2)cc1",378.205576072,"Screening"
"C=CC(=O)N(C)c1ccc(C(=O)N(C)Cc2c(C)cc(C)nc2OC)cc1",367.18959166,"Screening"
"C=CC(=O)N(C)c1ccc(C(=O)N2CC3(CCC3)CC2CC)cc1",326.199428072,"Screening"
"C=CC(=O)N(C)c1ccc(C(=O)NC[C@@H]2CCCN(C)[C@H]2c2ccnn2C)cc1",395.23212516800004,"Screening"
"C=CC(=O)N(C)c1ccc(C(=O)N(C)CCOc2ccccc2C#N)cc1",363.1582915320001,"Screening"
"C=CC(=O)N(C)c1ccc(C(=O)Nc2cccc3c2OCCC3O)cc1",352.14230712,"Screening"
"C=CC(=O)N(C)c1ccc(C(=O)N2CCc3ccc(O)cc3C(C)C2)cc1",364.178692628,"Screening"
"C=CC(=O)N(C)c1ccc(C(=O)N2C[C@H]3CCS(=O)(=O)[C@@]3(C(F)(F)F)C2)cc1",416.101762748,"Screening"
"C=CC(=O)N(C)c1ccc(C(=O)Nc2cnn(-c3ccccc3)n2)cc1",347.13822478400004,"Screening"
"C=CC(=O)N(C)c1ccc(C(=O)N2CCN(c3cccc(Br)c3)CC2)cc1",427.089539044,"Screening"
"C=CC(=O)N(C)c1ccc(C(=O)NCC(C)(C)c2ccn(C)n2)cc1",340.18992600800004,"Screening"
"C=CC(=O)Nc1cc(C(=O)Nc2cc3cccc(F)c3nc2C)ccc1O",365.117569592,"Screening"
"C=CC(=O)N1CCC[C@@H]1C(O)(c1ccccc1)c1ccccc1",307.15722891200005,"Screening"
"C=CC(=O)N(CC1CC1)C(C(=O)O)c1cc(Cl)cc(Cl)c1",327.0428987,"Screening"
"O=C(CCl)NCc1c(-c2ccc(F)cc2)nc2ccc(C(F)(F)F)cn12",385.06050256400005,"Screening"
"O=C(CCl)NCCNS(=O)(=O)c1cccs1",281.98996189200005,"Screening"
"O=C(CCl)N1CCC(c2noc(C3CC3)n2)CC1",269.093104432,"Screening"
"O=C(CCl)N1CC(Oc2ccccc2Cl)C1",259.016683952,"Screening"
"CC(C)Oc1c(NC(=O)CCl)cccc1C(N)=O",270.07712002,"Screening"
"C=CS(=O)(=O)N1CCc2ccn(C)c2C1",226.077598688,"Screening"
"C=CC(=O)N(C)CC(=O)N1CC(C(C)C)Cc2cc(OC)ccc21",330.194342692,"Screening"
"C=CC(=O)N(C)CC(=O)NC1(Cc2ccc(Cl)cc2)CCCOC1",350.139720276,"Screening"
"C=CC(=O)N1CCC(C(=O)N2CCCC3(CC(=O)c4ccccc4O3)C2)CC1",382.189257312,"Screening"
"COc1cc(C=O)ccc1OCCC(=O)N1CC=CC12CCCCC2",343.17835828,"Screening"
"C=CC(=O)Nc1ccc(CN2CCCCC2)nc1",245.152812228,"Screening"
"N#Cc1ccc(COc2ccccc2C=O)c(C(F)(F)F)c1",305.06636322,"Screening"
"CCCCNC(=O)C(C#N)=Cc1cccc2[nH]nc(C(=O)O)c12",312.12224037199996,"Screening"
"N#CC(=Cc1cccc2[nH]nc(C(=O)O)c12)C(=O)NC1CCCC1",324.12224037199996,"Screening"
"CC(C)(C)OC(=O)c1nn(C2CCOCC2)cc1C=O",280.14230712,"Screening"
"Cn1nccc1C1CCCCN1C(=O)c1cccc(S(=O)(=O)F)c1",351.1052906559999,"Screening"
"CC1COC(C(F)(F)F)CN1S(=O)(=O)c1ccc(S(=O)(=O)F)cc1",391.017127396,"Screening"
"O=C(Nc1ccnn1-c1ccc(F)cc1)c1ccc(S(=O)(=O)F)cc1",363.04891865199994,"Screening"
"Cc1cc(C2(NC(=O)C(C)Cl)CCOCC2)on1",272.092770084,"Screening"
"O=C(NCc1cccc(NC(=O)c2ccco2)c1)c1cccc(S(=O)(=O)F)c1",402.06857080000003,"Screening"
"O=S(=O)(F)c1cccc(S(=O)(=O)NCC(c2ccccc2)N2CCc3sccc3C2)c1",480.06474837200005,"Screening"
"O=C(NC1CC(=O)N(CCOc2ccccc2)C1)c1cccc(S(=O)(=O)F)c1",406.09987092800003,"Screening"
"O=C(c1cccc(S(=O)(=O)F)c1)N1CCc2c1cccc2C(F)(F)F",373.039577092,"Screening"
"O=C(NCC1CCc2nc(C(F)(F)F)cn2C1)c1ccc(S(=O)(=O)F)cc1",405.07702521999994,"Screening"
"C=CC(=O)NCCNC(=O)c1ccc(C)c(N2CCOCC2)c1",317.173941596,"Screening"
"C=CC(=O)Nc1cccc(C(=O)Nc2ccn(CCCC(=O)N(C)C)n2)c1",369.180089596,"Screening"
"C=CC(=O)Nc1cccc(C(=O)N2CCOCC2c2c(C)nn(C)c2C)c1",368.1848406280001,"Screening"
"COc1ccc(C=O)cc1C(=O)N1Cc2ccc(O)cc2C2(CC2)C1",337.131408088,"Screening"
"C=CC(=O)Nc1cccc(C(=O)N2C[C@H]3OCCN(Cc4ccccc4)[C@H]3C2)c1",391.18959166,"Screening"
"C=CC(=O)N(C)CC(=O)N1CC(O)(c2ccc(Br)cc2)C1",352.042254504,"Screening"
"O=Cc1c[nH]c2cc(C(=O)NC3CCCC34CC4)ccc12",282.136827816,"Screening"
"O=Cc1cnc(N2CCCC23Cc2ccccc2C3)nc1",279.137162164,"Screening"
"O=C(CCl)Nc1ccc(N2CCN3CCCC3C2)cc1",293.12948994,"Screening"
"O=C(c1ccc(S(=O)(=O)F)cc1)N1CCCn2ncc(C3CC3)c21",349.089640592,"Screening"
"C=CC(=O)N(CC)CC(=O)N1CCCC1c1ccc2c(c1)OCCO2",344.17360724799994,"Screening"
"C=CC(=O)N(CC)CC(=O)NC(c1ccc2c(c1)OCCO2)C(F)(F)F",372.129691748,"Screening"
"C=CC(=O)N(CC)CC(=O)NC(C)c1nc2ccccc2n1C(F)F",350.15543232,"Screening"
"C=CC(=O)N(CC)CC(=O)N1CCN(C(=O)N(C)Cc2ccccc2)CC1",372.21614075599996,"Screening"
"C=CC(=O)N(CC)CC(=O)N(C)C(C)c1sc(C)nc1C",309.151097976,"Screening"
"C=CC(=O)N(CC)CC(=O)NC1CCCN(c2cc(C)nc(C)n2)C1",345.21647510400004,"Screening"
"C=CC(=O)N(CC)CC(=O)NCCS(=O)(=O)NCC1CCC1",331.15657728,"Screening"
"C=CC(=O)N(CC)CC(=O)NC1CCCN(c2ccc(C#N)cc2F)C1",358.180504196,"Screening"
"C=CC(=O)N(CC)CC(=O)NCC1CCN(S(=O)(=O)C(F)F)CC1",367.137733656,"Screening"
"C=CC(=O)N(CC)CC(=O)N(C)C1CCCN(c2ccccc2)C1=O",343.18959165999996,"Screening"
"C=CC(=O)N(CC)CC(=O)N1CCN(c2cc(N3CCOCC3)ncn2)CC1",388.222288756,"Screening"
"C=CC(=O)N(CC)CC(=O)N1CCN(C2=NCC(C)S2)CC1",324.16199700799996,"Screening"
"C=CC(=O)N(CC)CC(=O)N1CCOC(c2nc(C(C)(C)C)n[nH]2)C1",349.21138972400007,"Screening"
"C=CC(=O)N(CC)CC(=O)NC(C)c1ccc(OC)c(Cn2cccn2)c1",370.2004906920001,"Screening"
"C=CC(=O)N(CC)CC(=O)NC1CCCN(CC(F)(F)F)C1=O",335.14567615999994,"Screening"
"C=CC(=O)N(CC)CC(=O)N(C)Cc1ccnc(N(C)C)n1",305.18517497600004,"Screening"
"O=c1[nH]c(-c2ccc(S(=O)(=O)F)cc2)nc2sc3c(c12)CCC3",350.019512432,"Screening"
"C=CC(=O)N(CC)CC(=O)N1CCC(C)(c2nc(C)no2)CC1",320.18484062799996,"Screening"
"C=CC(=O)N(CC)CC(=O)NCc1cc(Cl)cc2c1OCC2",322.108420148,"Screening"
"C=CC(=O)N(CC)CC(=O)Nc1cnn(C2CCCC2)c1C",304.189926008,"Screening"
"C=CC(=O)N(CC)CC(=O)N1CCC(Oc2cncc(Cl)c2)CC1",351.134969244,"Screening"
"CC(C(=O)Nc1cccc(OC2CC(=O)N2)c1)c1cnccn1",312.122240372,"Screening"
"C=CC(=O)N(CC)CC(=O)Nc1cc(C)n(CC(F)(F)F)n1",318.130360444,"Screening"
"C=CC(=O)N(C)CC(=O)Nc1nn(CC(F)(F)F)cc1Cl",324.060087964,"Screening"
"C=CC(=O)N1CCC(C(=O)Nc2c(F)cccc2NC(C)C)CC1",333.18525522799996,"Screening"
"C=CC(=O)N(CC)CC(=O)NC1CCc2ccccc2NC1=O",315.158291532,"Screening"
"C=CC(=O)N1CCC(C(=O)Nc2ccccc2-c2ncco2)CC1",325.14264146799997,"Screening"
"C=CC(=O)N(CC)CC(=O)NCCc1cnn2c1CCCC2",304.189926008,"Screening"
"C=CC(=O)N(C)CC(=O)NCC1(S(=O)(=O)NC(C)(C)C)CC1",331.15657728,"Screening"
"C=CC(=O)N1CCC(C(=O)Nc2cccc3c2N(C)C(=O)CO3)CC1",343.153206152,"Screening"
"CS(=O)(=O)c1ccccc1CCNC(=O)CCl",275.038291988,"Screening"
"C=CC(=O)Nc1cccc(C(=O)N2C[C@H]3CCN(Cc4ccccc4)C[C@H]3C2)c1",389.210327104,"Screening"
"C=CC(=O)N1CCC(C(=O)NCCn2nc(C(F)(F)F)cc2C)CC1",358.161660572,"Screening"
"C=CC(=O)N1CCC(C(=O)NCc2cc(C3CC3)n(C)n2)(c2ccccc2)CC1",392.221226136,"Screening"
"C=CC(=O)N1CCC(C(=O)N2C[C@H]3[C@H]4CC[C@H](C4)[C@@]3(C)C2)CC1",316.215078136,"Screening"
"C=CC(=O)N(CC)CC(=O)N(C)CCc1nccc(C(F)(F)F)n1",344.146010508,"Screening"
"CC(Cl)C(=O)NC(C)c1cnn(CC2CCC2)c1",269.12948994,"Screening"
"O=C(CCl)NC[C@]1(c2ccccc2)C[C@@H](F)C1",255.08262,"Screening"
"COc1ccc(Cc2nc(-c3cccc(N4CCC4=O)c3)no2)c(C)c1",349.142641468,"Screening"
"C=CC(=O)N1CCC(C(=O)N2CCC(c3ccccc3)OC(C)C2)CC1",356.20999275599996,"Screening"
"C=CC(=O)NCc1ccc(C(=O)N2CC[C@H]3C(=O)NC[C@H]3C2)cc1",327.158291532,"Screening"
"C=CS(=O)(=O)CCC(=O)Nc1ccc2cn(CC)nc2c1",307.09906240400005,"Screening"
"C=CS(=O)(=O)CCC(=O)Nc1ccc(F)c(-n2cccc2)c1",322.07874156,"Screening"
"C=CS(=O)(=O)CCC(=O)Nc1ccc(-c2nc(C)no2)nc1",322.073575928,"Screening"
"CN(C)C(=O)OC1CCN(C(=O)c2ccc(C=O)cc2O)C1",306.121571676,"Screening"
"CC(C)OCCCNC(=O)C(C#N)=Cc1ccc(C(=O)O)c(O)c1",332.13722174,"Screening"
"C=CS(=O)(=O)CCN1CCNC(=O)C1(C)C",246.103813436,"Screening"
"C=CS(=O)(=O)CCN1CCNC(=O)C1c1ccccc1",294.103813436,"Screening"
"C=CC(=O)NC(CC(F)(F)F)c1ccc(C(F)(F)F)cc1",311.074483292,"Screening"
"C=CC(=O)Nc1cc2c(cc1N1CCCCC1)n(C)c(=O)n2C",314.174275944,"Screening"
"C=CC(=O)Nc1cc(S(C)(=O)=O)ccc1OCC(F)F",305.05333533600003,"Screening"
"C=CC(=O)N1CC(c2cccc(C(F)(F)F)c2)OC(C)(C)C1",313.128963476,"Screening"
"C=CC(=O)N1CCC(N(C(=O)C(F)(F)F)c2cccnc2)CC1",327.119461412,"Screening"
"C=CC(=O)NC(C)c1ccc(OCc2ccccc2)c(OC)c1",311.152143532,"Screening"
"C=CC(=O)Nc1ccc(Oc2ccccc2S(=O)(=O)CC)cc1",331.08782902400003,"Screening"
"C=CC(=O)Nc1cccnc1Oc1ccc(Cl)cc1Cl",308.01193292,"Screening"
"CC(C)(C)OC(=O)N1CC2(CCOCC2)CCC1C=O",283.17835828,"Screening"
"C=CC(=O)Nc1cc(NC(=O)c2cn(CC3CCCO3)nn2)ccc1F",359.13936765600005,"Screening"
"C#CCN(C(=O)c1cccc(NC(=O)C=C)c1)C1CCOCC1",312.14739249999997,"Screening"
"C=CC(=O)NCc1ccc(C(=O)N(C)C2CCN(C3CC3)CC2)cc1",341.210327104,"Screening"
"Cc1occc1-c1nnc(SCC2(C)CN(C)C2=O)o1",293.08341234,"Screening"
"COCCCNC(=O)C(C#N)=Cc1cccn1C(F)F",283.11323316,"Screening"
"CC1(CN2CCN(CC3CC3)CC2)CN(Cc2ccccc2)C1=O",327.231062548,"Screening"
"O=C(CCc1ccc(S(=O)(=O)F)cc1)N1CC2(CCC2)C1c1ccco1",377.10970733999994,"Screening"
"C=CC(=O)NCc1ccc(C(=O)N2CCC(c3ccc(C)cc3)CC2)cc1",362.199428072,"Screening"
"C=CC(=O)Nc1ccc(C(=O)N2CCC(=O)N3CCCCCC32)cc1",341.173941596,"Screening"
"C=CS(=O)(=O)N1CCOC2(CCCC2)C1",231.092914404,"Screening"
"C=CC(=O)Nc1ccc(O)c(C(=O)N2CCN(C(=O)CCC(C)C)CC2)c1",373.20015634400005,"Screening"
"O=C(c1cc(S(=O)(=O)F)c[nH]1)N1C2CCC1CC(O)(c1ccccc1)C2",378.104956308,"Screening"
"C=CC(=O)Nc1ccc(O)c(C(=O)N2CC(C)(C)OC3(CCOC3)C2)c1",360.16852186799997,"Screening"
"C=CC(=O)NCc1ccc(C(=O)N2CC(OC)(c3nccn3C)C2)cc1",354.169190564,"Screening"
"C=CC(=O)NCc1ccc(C(=O)Nc2ncc(C3(O)CCC3)s2)cc1",357.11471246800005,"Screening"
"C[C@@H]1COC[C@@](CO)(CNC(=O)Nc2ccc(N3CCC3=O)cc2)N1",348.179755248,"Screening"
"O=C(CCl)Nc1cnn(CCN2CCCC2=O)c1",270.0883534,"Screening"
"CCN1CC(C)(CSc2nnc(-c3ccoc3C)o2)C1=O",307.099062404,"Screening"
"O=C(NCc1cn(C2CCC2)nn1)c1ccc(S(=O)(=O)F)cc1",338.08488955999997,"Screening"
"C=CC(=O)Nc1ccc(C(=O)NC2CCCn3c(C)nnc32)cc1",325.15387484800004,"Screening"
"O=Cc1ccc(CC(=O)NCCCCc2ccc(Cl)s2)[nH]1",324.06992646400005,"Screening"
"C=CC(=O)Nc1ccc(C(=O)N2CCn3c(nnc3C(F)F)C2)cc1",347.11938116000005,"Screening"
"C=CC(=O)NCc1ccc(C(=O)N2CCNC(Cc3ccc(F)cc3)C2)cc1",381.18525522799996,"Screening"
"C=CC(=O)Nc1ccc(C(=O)N2CCN(c3cnccn3)C(C)C2)cc1",351.16952491200004,"Screening"
"Nc1nccc(C2CN(c3ncc(C=O)cn3)C2)n1",256.107259004,"Screening"
"C=CC(=O)N(C)CC(=O)N1CCC2(CC1)CC(O)c1nn(CC)cc1O2",362.195405312,"Screening"
"O=C(CSc1nnnn1C1CCCC1)N1CCCCC1CCS(=O)(=O)F",405.130459848,"Screening"
"Cc1cc(OS(=O)(=O)F)nc(-c2ccc(-c3ccccc3)cc2)n1",344.063091496,"Screening"
"COC(=O)c1cnc2n1CCC(CNC(=O)CCl)C2",285.088019052,"Screening"
"CCOC(=O)C1(NC(=O)C(C)Cl)CC2(CC(F)(F)C2)C1",309.094327556,"Screening"
"C=CC(=O)Nc1ccc(O)c(C(=O)N2CCCC(Cc3ccc(C#N)cc3)C2)c1",389.1739415960001,"Screening"
"C=CC(=O)N(CC)CC(=O)N1CCC(N(C)Cc2ncoc2C)C1",334.20049069199996,"Screening"
"C=CS(=O)(=O)NC1CCOC1",177.045964212,"Screening"
"C=CS(=O)(=O)N(CCOC)Cc1cccs1",261.04933534,"Screening"
"C=CS(=O)(=O)N(C)Cc1ccccc1O",227.061614276,"Screening"
"C=CS(=O)(=O)NCc1c(C)cnn1C",215.072847656,"Screening"
"C=CS(=O)(=O)NCC(C)(C)n1cccn1",229.08849772,"Screening"
"C=CS(=O)(=O)NCc1nc(C)cc(C)n1",227.072847656,"Screening"
"C=CS(=O)(=O)NCC1CCS(=O)(=O)C1(C)C",267.059900024,"Screening"
"C=CC(=O)NCCC(=O)N=S1(=O)CCOc2ccc(Br)cc21",385.99359006000003,"Screening"
"C=CC(=O)NCc1ccc(C(=O)N2CCC(Nc3ncccc3Cl)CC2)cc1",398.150953656,"Screening"
"C=CC(=O)N(CC)CC(=O)N1CCC(O)(c2ccc(C)cc2)C1",316.178692628,"Screening"
"C=CC(=O)N1CCCC(CNC(=O)OCc2ccccc2)C1",302.163042564,"Screening"
"CC(Cl)C(=O)N1CCCCC1C1CCCN(C(=O)C(F)(F)F)C1",354.132190284,"Screening"
"C=CC(=O)N1CCC(C(=O)NCC(C)(O)C2CCCC2)CC1",308.209992756,"Screening"
"C=CC(=O)Nc1cccc(C(=O)N2CCC3(CC2)CN(CC)[C@H]2COC[C@H]23)c1",383.22089178799996,"Screening"
"C=CC(=O)N(C)CC(=O)NC1(Cc2ccc(F)c(C)c2)CC1",304.158706132,"Screening"
"C=CC(=O)N(CC)CC(=O)N1C[C@H](c2ccccc2)[C@@H](O)C1",302.16304256399997,"Screening"
"C=CC(=O)NCCC(=O)N[C@H]1CC[C@@H](S(C)(=O)=O)CC1",302.13002818399997,"Screening"
"C=CC(=O)N1CCC(C(=O)NC2CCCc3ncccc32)(c2ccccc2)CC1",389.210327104,"Screening"
"C=CC(=O)N(C)CC(=O)Nc1cc(Br)c2c(c1)OCCCO2",368.037169124,"Screening"
"C=CC(=O)N1CCC(C(=O)N(C)c2ncc(C)s2)(c2ccccc2)CC1",369.151097976,"Screening"
"COc1ccc2c(c1)CCCC(NC(=O)C(C)Cl)C2",281.11825655999996,"Screening"
"O=C(CCl)N1CCOCCC1c1ccc(F)cc1",271.07753462,"Screening"
"C=CC(=O)N(C)CC(=O)N1CCc2c(c3ccc(Cl)c(F)c3n2C)C1",363.11498274800005,"Screening"
"C=CC(=O)NCc1ccc(C(=O)NC2CCCc3c2cnn3C2CCCC2)cc1",392.22122613600004,"Screening"
"CC(Cl)C(=O)N1CC2(CC(OCc3ccccc3)C2)C1",293.11825655999996,"Screening"
"C=CC(=O)N1CCC(C(=O)N(C)C(c2cccc(F)c2)c2cnn(C)c2)CC1",384.19615426000007,"Screening"
"C=CC(=O)N1CCC(C(=O)NC2CC(=O)N(C3CCCCC3)C2)CC1",347.220891788,"Screening"
"C=CC(=O)N1CCC(C(=O)N2CSCC2C(=O)NCC2CC2)CC1",351.16166266000005,"Screening"
"C=CC(=O)N1CCC(C(=O)N2CCC3(CCNC3=O)CC2)CC1",319.18959166,"Screening"
"C=CC(=O)N1CCC(C(=O)N(C)C(C)c2nc3ccccc3s2)CC1",357.151097976,"Screening"
"C=CC(=O)N1CCC(C(=O)Nc2nc3ccccc3n2CCCn2ccnc2)CC1",406.21172407200004,"Screening"
"C=CC(=O)NCCC(=O)Nc1ncc(C2CCOCC2)s1",309.11471246800005,"Screening"
"C=CC(=O)NCCC(=O)N1CCc2c(sc3ncnc(N)c23)C1",331.1102957840001,"Screening"
"C=CC(=O)N1CCC(C(=O)N2CCC(C(N)=O)(c3ccccc3)C2)CC1",355.18959166,"Screening"
"C=CC(=O)N1CCC(C(=O)NC(C)c2ccc(NC(=O)c3ccncc3)cc2)CC1",406.200490692,"Screening"
"C=CC(=O)N1CCC(C(=O)NCc2cccc3c2OCCO3)(c2ccccc2)CC1",406.189257312,"Screening"
"C=CC(=O)Nc1ccc(C(=O)N(CC)C2CCCN(C(=O)OC(C)(C)C)C2)cc1",401.231456472,"Screening"
"C=CC(=O)N1CCC(C(=O)N2CCN(c3cccc(OCC)n3)CC2)CC1",372.216140756,"Screening"
"C=CC(=O)N1CCC(C(=O)N2CCN(c3cccc([N+](=O)[O-])c3)CC2)CC1",372.17975524799994,"Screening"
"C=CC(=O)N(CC)CC(=O)N1CCCCC1c1cccc(C)c1C",328.215078136,"Screening"
"C=CC(=O)N1CCC(C(=O)N[C@@H]2C[C@H]2c2cc(F)c(F)c(F)c2)(c2ccccc2)CC1",428.171162636,"Screening"
"C=CC(=O)Nc1cc(NC(=O)[C@@H]2C[C@@H](OC)CN2S(C)(=O)=O)ccc1F",385.11076995999997,"Screening"
"COc1ccccc1CC1CCCN1C(=O)C1CO1",261.136493468,"Screening"
"O=C(NCCc1cnn(-c2ccccc2)c1)C1CO1",257.11642672,"Screening"
"O=C(C1CO1)N1CC=C(c2ccc(Cl)cc2)CC1",263.071306368,"Screening"
"C=CC(=O)N(C)C1CN(C(=O)OC(C)(C)C)CCc2ccccc21",330.194342692,"Screening"
"CC(Cl)C(=O)Nc1ccc2c(c1)CCN(C)C2=O",266.0822054,"Screening"
"CC(Cl)C(=O)Nc1ccnc(OCC(F)(F)F)c1",282.0382899,"Screening"
"CC(Cl)C(=O)N1CCC(n2ncc3ccccc32)C1",277.098189812,"Screening"
"CC(Cl)C(=O)NC1CCc2nc(-c3cc(F)ccc3F)cn2C1",339.09499625200004,"Screening"
"COc1cc2c(cc1OC)C(C)N(C(=O)C(C)Cl)CC(C)C2",325.144471308,"Screening"
"CC(Cl)C(=O)N1CCC(C)(CN2CCN(C)CC2)CC1",301.192090196,"Screening"
"O=C(CCl)Nc1cccc(N2CCCCS2(=O)=O)c1",302.04919101999997,"Screening"
"CC(Cl)C(=O)N1CCOCC1Cc1c[nH]c2ccccc12",306.113505528,"Screening"
"CC(Cl)C(=O)NCCCc1ccnc(C(C)(C)C)n1",283.145140004,"Screening"
"CC(Cl)C(=O)NC1CCN(c2ccccc2C(F)(F)F)C1",320.090325472,"Screening"
"COCc1nc(CNC(=O)C(C)Cl)c(-c2ccccc2)s1",324.069926464,"Screening"
"CC(Cl)C(=O)NC(CC1CCCCC1)C1COCCO1",303.16012137199994,"Screening"
"CC(Cl)C(=O)N1CCCC1CC(=O)c1cnn(C)c1",283.108754496,"Screening"
"Cc1ncccc1OCC1CCCN1C(=O)C(C)Cl",282.113505528,"Screening"
"CC(Cl)C(=O)Nc1ccc(C2(C)NC(=O)N(C)C2=O)cc1",309.088019052,"Screening"
"CC(Cl)C(=O)N1CC(Oc2ccc(C#N)cc2)C1",264.066555336,"Screening"
"CC(Cl)C(=O)N(Cc1nc(C2CCCCCC2)no1)C1CC1",325.15570468799996,"Screening"
"CC(Cn1ncc2ccccc2c1=O)NC(=O)C(C)Cl",293.093104432,"Screening"
"CC(Cl)C(=O)N[C@@H]1CCCN(S(=O)(=O)C2CC2)C1",294.080491148,"Screening"
"Cc1ncccc1NC(=O)[C@H](C)NC(=O)C(C)Cl",269.093104432,"Screening"
"CC(Cl)C(=O)N1C[C@H](CO)[C@@H](c2ccsc2)C1",273.059027432,"Screening"
"CC(Cl)C(=O)N(C)[C@H]1COC[C@H]1Oc1cnn(C)c1",287.103669116,"Screening"
"CC(Cl)C(=O)N1CCCc2c1ccc1c2ncn1C",277.098189812,"Screening"
"CCOC(=O)c1cnc(CNC(=O)CCl)nc1C(F)F",307.053525364,"Screening"
"CC(C)C(=O)N1CC(F)(CNC(=O)C(C)Cl)C1",264.104083716,"Screening"
"C=CS(=O)(=O)N1CCCC1c1ccc(C)o1",241.07726434,"Screening"
"C=CS(=O)(=O)N1CCOC(c2ccsc2)C1",259.033685276,"Screening"
"CNC(=O)c1cnc(NC(=O)c2ccc3c(C=O)c[nH]c3c2)s1",328.063011244,"Screening"
"C=CC(=O)N(Cc1cn(C)nn1)c1ccc2c(c1)OCCO2",300.12224037199996,"Screening"
"C=CC(=O)N(CCCN1CCOCC1)Cc1ccc(F)cc1",306.174356196,"Screening"
"C=CC(=O)N(Cc1cnc(C2CC2)o1)Cc1ccccc1Cl",316.097855464,"Screening"
"C=CC(=O)N(Cc1c(C)cnn1COC)c1ccc(F)cc1C",317.15395509999996,"Screening"
"C=CC(=O)N(CCc1ccccc1F)Cc1cncc(OCC)c1",328.158706132,"Screening"
"C=CC(=O)N(Cc1csc(C2CC2)n1)c1ccc(NC(=O)C2CC2)cc1",367.135447912,"Screening"
"C=CC(=O)N(Cc1c(C)nn(CCC)c1C)c1ccc(F)c(NC(C)=O)c1",372.19615426,"Screening"
"C=CC(=O)N(CCNC(=O)c1ccc(C)c(F)c1)Cc1cnn(CC(F)F)c1",394.1616605720001,"Screening"
"CN1C(=O)CCc2cc(CN(Cc3cc(F)cc(F)c3)C(=O)CCl)ccc21",392.11031196799996,"Screening"
"C=CC(=O)N(Cc1conc1CC)c1ccc2c(c1)CCC(=O)N2",325.142641468,"Screening"
"C=CC(=O)N(Cc1cnn(CC)c1)c1ccc(C)c(NC(C)=O)c1",326.174275944,"Screening"
"C=CC(=O)N(Cc1c(C(C)C)nn(C)c1Cl)c1ccc(CC(N)=O)cc1",374.150953656,"Screening"
"COCCn1cc(N(Cc2ccc(Cl)cc2)C(=O)CCl)cn1",341.06978214400004,"Screening"
"C=CC(=O)N(CCc1c(C)nn(C)c1C)Cc1ccc(OC)c(OCCC)c1",385.23654185199996,"Screening"
"C=CC(=O)N(Cc1ccnn1CC1CC1)c1cc2c(cc1F)NC(=O)CC2",368.164854132,"Screening"
"C=CC(=O)N(Cc1cnn(C2CC2(F)F)c1)CC1CCCOC1",325.160183352,"Screening"
"C=CC(=O)N(CCCS(C)(=O)=O)Cc1c2c(nn1C)CCCC2",339.16166266000005,"Screening"
"C=CC(=O)N(Cc1cnn(CC)c1)c1ccccc1CC(=O)N(C)C",340.189926008,"Screening"
"C=CC(=O)N(Cc1cnn(C2CC2(F)F)c1)c1ccc(C)c(C(N)=O)c1",360.139782256,"Screening"
"Cc1cc(CN(CC2COCCO2)C(=O)CCl)ccc1C#N",322.10842014800005,"Screening"
"C=CC(=O)N(Cc1c(C)cnn1C)c1cc(OC)c(OC)cc1F",333.14886972,"Screening"
"O=C(CCl)N(Cc1ccn(C(F)F)n1)c1ccc2c(c1)COC2",341.07426080799996,"Screening"
"CC(C)n1nccc1CN(Cc1nn(C)cc1Cl)C(=O)CCl",343.096665588,"Screening"
"C=CC(=O)N(Cc1cc(F)ccc1F)CC1COC2(CCCC2)O1",337.148949972,"Screening"
"C=CC(=O)N(Cc1ccc(OCCC)cc1)CC1(CC)COC1",317.199093724,"Screening"
"C=CC(=O)N(CCc1scnc1C)Cc1cccc(F)c1F",322.095140572,"Screening"
"C=CC(=O)N(Cc1cc(C2CC2)ccc1F)Cc1cnn(C)c1C",327.174690544,"Screening"
"C=CC(=O)N(Cc1cc(OC)ccc1F)c1ccn(C(C)COC)n1",347.164519784,"Screening"
"C=CC(=O)N(C)c1ccc(C(=O)NC2CCCn3nc(C)nc32)cc1",339.16952491200004,"Screening"
"O=C1CCC(Cc2cccc(OCC3CO3)c2)O1",248.104858992,"Screening"
"Clc1ccc(Oc2ccc(OCC3CO3)cc2)nc1",277.050570924,"Screening"
"c1ccc2c(c1)cnn2-c1ccc(OCC2CO2)cc1",266.105527688,"Screening"
"CC(Cl)C(=O)N1CCC2(C1)NC(=O)N(C(C)C)C2=O",287.103669116,"Screening"
"CC(Cl)C(=O)N[C@@H]1CCO[C@H]1c1nccn1-c1ccccc1",319.108754496,"Screening"
"CC(Cl)C(=O)N(C)C[C@@H]1C[C@H](F)CN1c1ccnc(N(C)C)n1",343.15751625600006,"Screening"
"CNC(=O)C(CNC(=O)C(C)Cl)Cc1ccc(C(F)(F)F)cc1",350.100890156,"Screening"
"CC(Cl)C(=O)N1CCCC1c1nccc(C(F)(F)F)n1",307.0699243760001,"Screening"
"CC(C)CCn1nc(CNC(=O)C(C)Cl)c2ccccc21",307.145140004,"Screening"
"CCOC1CC(NC(=O)C(C)Cl)C1Oc1ccccc1",297.11317118,"Screening"
"CC(Cl)C(=O)N1CCN(c2ccc(F)cc2)C(=O)C1(C)C",312.104083716,"Screening"
"CC(Cl)C(=O)N(CCc1ccc(F)cc1F)C(C)C",289.104498316,"Screening"
"CCOC(=O)c1n[nH]cc1C1CCN(C(=O)CCl)CC1",299.103669116,"Screening"
"C=CS(=O)(=O)N[C@@H]1C[C@H]1c1ccccc1",223.066699656,"Screening"
"C=CC(=O)N(CC)CC(=O)N1CCOC(C2CC(F)(F)C2)C1",316.159849004,"Screening"
"C=CC(=O)N(C)CC(=O)N[C@H](C)Cc1ccc2c(c1)CCC(C)(C)O2",344.20999275599996,"Screening"
"C=CC(=O)Nc1ccc(C(=O)N[C@@H]2[C@@H](C(F)(F)F)[C@@H]3CC[C@H]2O3)cc1",354.119127064,"Screening"
"C=CC(=O)N(CC)CC(=O)N1CC(Oc2ccncc2C(F)(F)F)C1",357.130026096,"Screening"
"Cc1nc2c(s1)C(N(C)Cc1ccc(OS(=O)(=O)F)cc1)CCC2",370.082112688,"Screening"
"O=S(=O)(F)c1cccc(-n2cc(CNC3CCOCC3)nn2)c1",340.1005396240001,"Screening"
"O=S(=O)(F)c1ccc(-n2cc(CNC3CCCC3)nn2)cc1",324.10562500400005,"Screening"
"CN1CCC(NCc2cn(-c3ccc(S(=O)(=O)F)cc3)nn2)CC1",353.13217410000004,"Screening"
"C[C@]1(c2cn(-c3ccc(S(=O)(=O)F)cc3)nn2)CCCN1",310.08997494000005,"Screening"
"C=CC(=O)N1CCN(C(=O)c2cc(Br)c3c(c2)OCO3)[C@@H](C)C1",380.037169124,"Screening"
"C=CC(=O)N1CCN(C(=O)c2nc(CC)n(-c3ccccc3F)n2)[C@@H](C)C1",371.175753164,"Screening"
"C=CC(=O)N1CCN(C(=O)c2nnn(Cc3cc(C)no3)c2C)[C@@H](C)C1",358.17533856399996,"Screening"
"C=CC(=O)N1CCN(C(=O)c2cc3c(OC)cc(Cl)cc3[nH]2)[C@@H](C)C1",361.11931918,"Screening"
"C=CC(=O)N1CCN(C(=O)C2CCCC(Nc3cnccn3)C2)[C@@H](C)C1",357.21647510400004,"Screening"
"C=CC(=O)N1CCN(C(=O)c2csc(N=S(C)(C)=O)n2)[C@@H](C)C1",356.0976825,"Screening"
"C=CC(=O)N1CCN(C(=O)CCc2ccsc2Br)[C@@H](C)C1",370.035060948,"Screening"
"C=CC(=O)N1CCN(C(=O)c2ccc(Cn3cc(Cl)cn3)cc2)[C@@H](C)C1",372.13530359200007,"Screening"
"C=CC(=O)N1CCN(C(=O)CC(O)(c2ncc(C)o2)C(F)(F)F)[C@@H](C)C1",375.14059078,"Screening"
"C=CC(=O)N1CCN(C(=O)c2sc3nc(C)nc(C)c3c2N)[C@@H](C)C1",359.141595912,"Screening"
"C=CC(=O)N1CCN(C(=O)C(CC(F)(F)F)c2cccc(F)c2)[C@@H](C)C1",372.14609076,"Screening"
"C=CC(=O)N1CCC(C(=O)Nc2cc3c(=O)[nH]cnc3cc2F)CC1",344.128468624,"Screening"
"C=CC(=O)N(C)CC(=O)N1CCc2ccc(Br)cc2C1C",350.06298994800005,"Screening"
"O=S(=O)(F)Oc1ccc(CNc2cccc3c2CCCC3)cc1",335.09914265599997,"Screening"
"C=CC(=O)N1CCCC(C(=O)NC2CCOc3ccc(C(=O)OC)cc32)C1",372.16852186799997,"Screening"
"C=CC(=O)N1CCCC(C(=O)N2CCOCC2(CO)c2ccccc2)C1",358.189257312,"Screening"
"Cc1ccc(C=CC(=O)Nc2ccc(OS(=O)(=O)F)cc2)cc1",335.062757148,"Screening"
"CC(OCC(F)(F)F)C(=O)Nc1ccc(OS(=O)(=O)F)cc1",345.02940633199995,"Screening"
"COCCCn1cc(C(=O)Nc2ccc(OS(=O)(=O)F)cc2)cn1",357.07946983200003,"Screening"
"Cn1nccc1[C@@H]1OCCC[C@H]1C(=O)Nc1ccc(OS(=O)(=O)F)cc1",383.09511989599997,"Screening"
"Cc1ncnc(C)c1C(=O)Nc1ccc(OS(=O)(=O)F)cc1",325.053255084,"Screening"
"COC(=O)C1CCCN1C(=O)c1cncc(OS(=O)(=O)F)c1",332.047835356,"Screening"
"CC(C)O[C@@H]1CCN(C(=O)c2cncc(OS(=O)(=O)F)c2)C1",332.08422086400003,"Screening"
"CCN(C(=O)c1cncc(OS(=O)(=O)F)c1)C1CCCOC1",332.084220864,"Screening"
"CC[C@H]1CC[C@H](C)N(C(=O)c2cncc(OS(=O)(=O)F)c2)C1",330.104956308,"Screening"
"CCC1CCN(C(=O)c2cncc(OS(=O)(=O)F)c2)CCO1",332.084220864,"Screening"
"O=C(c1cncc(OS(=O)(=O)F)c1)N1CCC=Cc2ccccc21",348.058006116,"Screening"
"O=C(c1cncc(OS(=O)(=O)F)c1)N1CCC[C@H]2COC[C@H]21",330.0685708,"Screening"
"C[C@H]1CC[C@H](CNC(=O)c2cncc(OS(=O)(=O)F)c2)OC1",332.084220864,"Screening"
"Cc1ccc(N(C(=O)c2cncc(OS(=O)(=O)F)c2)C(C)C)cc1",352.089306244,"Screening"
"Cc1c(C#N)cccc1NC(=O)c1cncc(OS(=O)(=O)F)c1",335.03760501999994,"Screening"
"COC1CCCC(NC(=O)c2cncc(OS(=O)(=O)F)c2)C1",332.08422086400003,"Screening"
"Cc1c(CN(C(=O)CCl)c2ccc3c(c2)OCO3)cnn1C",321.08801905200005,"Screening"
"C=CC(=O)N(Cc1ccc(OCCC)cc1)[C@H]1CC[C@H](O)CC1",317.199093724,"Screening"
"C=CC(=O)N(Cc1ccnn1CC(C)C)C1CC(=O)N(CC)C1",318.205576072,"Screening"
"CCCC(O)CN(Cc1cccc2c1OCC2)C(=O)CCl",311.128821244,"Screening"
"C=CC(=O)N(CCC1(C)OCCO1)Cc1cccc(CC)c1",303.18344366,"Screening"
"C=CC(=O)N(Cc1cn(C)nc1-c1ccc(F)cc1)C1CC(C)C1",327.174690544,"Screening"
"CC(C)n1ccc(N(Cc2cnc(C3CC3)s2)C(=O)CCl)n1",338.096809908,"Screening"
"C=CC(=O)N(Cc1cnn(C(C)C)c1C)c1cnn(CC(C)C)c1",329.221560484,"Screening"
"C=CC(=O)N(Cc1ccccc1OCC)CC1(O)CCCC1",303.18344366,"Screening"
"C=CC(=O)Nc1ccc(C(=O)N2CC(C(=O)OC)O[C@@H]3COC[C@H]32)cc1",360.13213635999995,"Screening"
"COc1cccc2c1OCCN(C(=O)Nc1ccc(OS(=O)(=O)F)cc1)C2",396.07913548399995,"Screening"
"O=C(Nc1ccc(OS(=O)(=O)F)cc1)N1CCC(Oc2ccccc2F)C1",398.07479905199995,"Screening"
"COc1ccc2c(c1)OCCN(C(=O)Nc1ccc(OS(=O)(=O)F)cc1)C2",396.07913548399995,"Screening"
"Cn1ncc(CN(CCS(=O)(=O)F)CC2CC=CCC2)n1",316.13692513200004,"Screening"
"COc1ccc(N(CCS(=O)(=O)F)Cc2cnn(C)c2)cn1",328.1005396240001,"Screening"
"Cc1cc(CN(CCS(=O)(=O)F)c2ccn(C)n2)c(C)o1",315.10529065599997,"Screening"
"C=Cn1cc(CN(CCS(=O)(=O)F)c2cnn(CC)c2)cn1",327.116524036,"Screening"
"COCCN(CCOC)C(=O)Nc1ccc(OS(=O)(=O)F)cc1",350.094785548,"Screening"
"COCC1=CCN(C(=O)Nc2ccc(OS(=O)(=O)F)cc2)CC1",344.08422086400003,"Screening"
"Cc1cc(NC(=O)CCNC(C)(C)C)ccc1S(=O)(=O)F",316.12569175199997,"Screening"
"CC1(CC#N)CCCN(C(=O)c2cc(Br)c3ncc(C=O)n3c2)C1",388.05348788400005,"Screening"
"C=CC(=O)Nc1ccc(C(=O)N2CC(C)NC(=O)C23CC3)cc1",313.142641468,"Screening"
"C=CC(=O)Nc1ccc(O)c(C(=O)N2CCC3(CC(C(F)F)=NO3)C2)c1",365.11871246400005,"Screening"
"O=C(NC1CCCN(Cc2cccc(C(F)(F)F)c2)C1=O)C1CO1",342.11912706399994,"Screening"
"CC(C)(C)c1ccc(C(=O)Nc2cncc(OS(=O)(=O)F)c2)cn1",353.084555212,"Screening"
"C=CC(=O)N(Cc1cnn(CC(F)F)c1)c1ccc(C(=O)NC2CC2)cc1",374.15543232,"Screening"
"C=CC(=O)N(Cc1ccc2c(c1)oc(=O)n2C)C1CCc2nc(C)ncc2C1",378.1691905640001,"Screening"
"C=CC(=O)N(Cc1nn(CC)nc1C)c1cccc(F)c1OC",318.149204068,"Screening"
"C=CC(=O)N(Cc1cc(Cl)c2c(c1)OCCCO2)C1CCCCNC1=O",378.134634896,"Screening"
"C=CC(=O)N(Cc1cnc(C(C)(C)C)s1)c1cccc(-c2nnco2)c1",368.13069688,"Screening"
"C=CC(=O)N(Cc1ccn(C)n1)c1ccc(C(=O)N2CCC(O)CC2)cc1",368.18484062799996,"Screening"
"C=CC(=O)N(Cc1ccnn1-c1ccc(F)cc1)C(C)c1cn(C)nc1C",367.18083854400004,"Screening"
"C=CC(=O)N(Cc1cn(C(C)C)nn1)C(C)c1ccc(OCCO)c(OC)c1",388.21105537599993,"Screening"
"C=CC(=O)NC1CCN(Cc2cc(-c3ccc(C)cc3)no2)C1",311.163376912,"Screening"
"C=CC(=O)N(Cc1sncc1C)Cc1sccc1Br",355.9652671360001,"Screening"
"O=C(CCl)NC(CCOc1ccccc1)c1ccc(F)cc1F",339.08376287199997,"Screening"
"Cc1ccc(S(=O)(=O)NCC2(NC(=O)CCl)CCCCC2)cc1",358.111791276,"Screening"
"Cc1noc(C)c1S(=O)(=O)NCC(NC(=O)CCl)c1ccccc1",371.070654736,"Screening"
"CC(C)(C)c1cc(CN(CC2OCCc3ccccc32)C(=O)CCl)no1",376.15537034,"Screening"
"CN(C(=O)C1CCc2ccccc2CC1)C1CCC(NC(=O)CCl)CC1",376.19175584799996,"Screening"
"O=C(CCl)NC1(CNC(=O)c2ccc3c(c2)CCCC3)CCCCCC1",376.191755848,"Screening"
"CC1CCCCC1OCCN(Cc1nn(C)c2ccccc12)C(=O)CCl",377.18700481599996,"Screening"
"O=C(CCl)NCC1(NC(=O)c2ccc(F)c3ccccc23)CCOCC1",378.11464839999996,"Screening"
"CC1(CNC(=O)CCl)CCN(C(=O)CCc2ccc3c(c2)CCO3)CC1",378.171020404,"Screening"
"O=C(CCl)NC1(CNC(=O)C(F)(F)c2cscn2)CCCCCC1",379.093282,"Screening"
"Cc1nc(C)c(C(=O)NC(CNC(=O)CCl)c2ccc3ccccc3c2)o1",385.11931918,"Screening"
"CCn1cc(C(=O)NC(CNC(=O)CCl)c2ccc3ccccc3c2)nn1",385.13055256000007,"Screening"
"CC1CCC(C(=O)NC(CNC(=O)CCl)c2ccc3ccccc3c2)CC1",386.176105784,"Screening"
"Cc1nn(CC(=O)N2CCC(C(F)(F)F)C(NC(=O)CCl)C2)c(C)c1C",394.138338284,"Screening"
"Cc1ccc(F)c(OCC(=O)N2CC(CNC(=O)CCl)C3(CCOCC3)C2)c1",412.15651321199994,"Screening"
"O=C(CCl)NC1CN(C(=O)c2ccn(-c3ccccc3)n2)CCC1C(F)(F)F",414.10703815600004,"Screening"
"O=C(CCl)NC1(CNS(=O)(=O)c2cc(Cl)sc2Cl)CCCCC1",417.974617444,"Screening"
"CC(C)c1ccc(CCC(=O)N2CC(CNC(=O)CCl)C3(CCOCC3)C2)cc1",420.217970596,"Screening"
"Cc1cc(C)n(CC(=O)NC(CNC(=O)CCl)c2ccc3ccccc3c2)c(=O)n1",426.14586827600004,"Screening"
"O=C(CCl)NCC(NC(=O)CN1CCCCS1(=O)=O)c1ccc2ccccc2c1",437.11760492799993,"Screening"
"C=CC(=O)N(Cc1cc(C(F)F)on1)CC1(C2CCCCO2)CCC1",354.17549906799997,"Screening"
"C=CC(=O)NCC1(NC(=O)CCC2CCc3ccccc32)CCCCC1",354.2307282,"Screening"
"C=CC(=O)N(Cc1ccc(F)cc1)Cc1nc2ccc(OC)cc2s1",356.09947700400005,"Screening"
"C=CC(=O)NC1CC(NC(=O)c2ccc3c(c2)OCCCO3)C12CCC2",356.173607248,"Screening"
"C=CC(=O)N(Cc1ccc(Br)c(F)c1)CC1OCCCO1",357.037583724,"Screening"
"C=CC(=O)N(CCc1nccs1)Cc1ncc(Br)s1",356.960516104,"Screening"
"C=CC(=O)NC(CCN(C)C(=O)c1nsc2ccc(C)cc12)C(C)C",359.16674804,"Screening"
"C=CC(=O)NCC(NC(=O)c1ccc(F)c2ccsc12)C1CCCC1",360.13077713200005,"Screening"
"C=CC(=O)NC(C)c1ccc(CNC(=O)c2ccccc2-n2cnnn2)cc1",376.1647738800001,"Screening"
"C=CC(=O)NCCN(Cc1ccccc1)C(=O)C1CCc2cc(C)ccc2O1",378.19434269199996,"Screening"
"C=CC(=O)NCc1ccc(CNC(=O)c2ncsc2C(F)(F)F)c(F)c1",387.066460536,"Screening"
"C=CC(=O)NCCN(Cc1cccc(Cl)c1)C(=O)c1nc2ccccc2s1",399.08082549600005,"Screening"
"C=CC(=O)NCC(NC(=O)C1CCc2nnnn2CC1)c1ccc2ccccc2c1",404.196074008,"Screening"
"C=CC(=O)N[C@@H]1CCN(c2nc(C(=O)N(C)C)nc(C)c2C)C1",317.18517497600004,"Screening"
"C=CC(=O)NC1(CNC(=O)[C@H]2CCCC[C@H]2c2ccccc2)CCOCC1",370.22564281999996,"Screening"
"C=CC(=O)NC[C@H]1CC[C@H](NC(=O)C2(c3cc(C)cc(C)c3)CC2)CC1",354.2307282,"Screening"
"C=CC(=O)NC[C@]1(c2ccccc2)C[C@@H](NC(=O)CC2COc3ccccc3O2)C1",406.18925731199994,"Screening"
"C=CC(=O)N[C@@H]1CN(C(=O)C2(c3ccccc3)CCCC2)C[C@H]1c1ccc(OC)cc1",418.22564281999996,"Screening"
"O=C(CCl)NC[C@]1(c2ccccc2)C[C@@H](NC(=O)c2cnnn2-c2ccccc2)C1",423.14620262400007,"Screening"
"Cc1ccc(C)c(C(=O)N[C@H]2C[C@@](CNC(=O)CCl)(c3ccccc3)C2)c1",384.16045572,"Screening"
"CC(C)(C)C[C@@H]1CN(C(=O)c2ncn(C(C)(C)C)n2)C[C@H]1NC(=O)CCl",383.20880288,"Screening"
"CC(C)(C)C[C@@H]1CN(C(=O)c2cc3n(n2)CCCO3)C[C@H]1NC(=O)CCl",382.177168404,"Screening"
"O=C(CCl)N[C@H]1C[C@]2(CCCCN2C(=O)Cc2ccc3ncsc3c2)C1",391.11212562400004,"Screening"
"O=C(CCl)N[C@@H]1c2ccccc2C[C@H]1NC(=O)c1conc1-c1ccccc1",395.103669116,"Screening"
"Cc1ccc2snc(C(=O)N[C@@H]3Cc4ccccc4[C@H]3NC(=O)CCl)c2c1",399.080825496,"Screening"
"CCC(CC)(CC)C(=O)N1C[C@H](NC(=O)CCl)[C@@H](c2cccc(F)c2)C1",382.182334036,"Screening"
"COc1ccc([C@@H]2CN(C(=O)CCn3nc(C)cc3C)C[C@H]2NC(=O)CCl)cc1",418.177168404,"Screening"
"O=C(CCl)N[C@@H]1c2ccccc2C[C@H]1NC(=O)c1csc2ccccc12",384.069926464,"Screening"
"O=C(CCl)N[C@@H]1c2ccccc2C[C@H]1NC(=O)Cc1cccc2ccccc12",392.129155592,"Screening"
"O=C(CCl)NC[C@]1(c2ccccc2)C[C@@H](NC(=O)C2CC(=O)N(C3CC3)C2)C1",403.166269372,"Screening"
"C=CC(=O)N1Cc2cc(Br)ccc2C[C@@H]1C(=O)OC",323.015705408,"Screening"
"C=CC(=O)N(c1ccc(C(C)(C)C)cc1)C(C(=O)NCCCOC)c1cccnc1",409.236541852,"Screening"
"C=CC(=O)N(c1ccc(C(C)(C)C)cc1)C(C(=O)NCC1CCCO1)c1cccnc1",421.236541852,"Screening"
"C=CC(=O)N(c1ccc(C(C)(C)C)cc1)C(C(=O)NC(C)(C)C)c1cncc(Br)c1C",485.167789364,"Screening"
"C=CC(=O)NCC(=O)N1Cc2c(Br)cccc2C(C)(C)C1",350.06298994800005,"Screening"
"C=CC(=O)N(C)c1ccc(C(=O)N2CC3(CC(C(F)F)C3)C2)cc1",334.14928432,"Screening"
"C=CC(=O)N1CC(C(=O)NCc2ccc(S(C)(=O)=O)cc2)C1",322.09872805599997,"Screening"
"C=CC(=O)N1CC(C(=O)N2CCC[C@H]2CN2CCOCC2)C1",307.18959166,"Screening"
"C=CC(=O)N1CC(C(=O)N(CCCC)Cc2nc3ccccc3c(=O)[nH]2)C1",368.18484062799996,"Screening"
"CC1(C(=O)N2CCC(CNC(=O)CCl)(c3ccccc3)CC2)CCCc2ccccc21",438.207405912,"Screening"
"C=CC(=O)NC1CC(NC(=O)c2cc(F)cc3nccnc23)C12CCC2",354.149204068,"Screening"
"C=CC(=O)NC1(CC)CCN(C(=O)c2ccc3ccccc3c2F)CC1",354.174356196,"Screening"
"C=CC(=O)NC1(CNC(=O)C2CCc3ccccc3C2)CCCCCC1",354.2307282,"Screening"
"C=CC(=O)NC1CCC(N(C)C(=O)Cc2ccc3c(c2)CCCC3)CC1",354.2307282,"Screening"
"C=CC(=O)NC1CCN(C(=O)C2(Cc3ccccc3)CCC2)CC1CC",354.2307282,"Screening"
"C=CC(=O)NC1(CNC(=O)c2cccc3nnn(C)c23)CCCCCC1",355.20082504000004,"Screening"
"C=CC(=O)N(CCc1ccc(Cl)cc1)Cc1cccc2c1COCC2",355.13390662399996,"Screening"
"C=CC(=O)NCC1(NC(=O)Cc2ccc3c(c2)CCCC3)CCOCC1",356.20999275599996,"Screening"
"C=CC(=O)NC1CCC(N(C)C(=O)Cc2csc3ccccc23)CC1",356.155849008,"Screening"
"C=CC(=O)NC(C)c1ccc(CNC(=O)C2CCCC(C)(C)CC2)cc1",356.246378264,"Screening"
"C=CC(=O)NCC(NC(=O)c1scnc1C(F)F)C1CCCCC1",357.132254352,"Screening"
"C=CC(=O)NC1CCN(C(=O)CCOc2cc(C)cc(C)c2)CC1CC",358.22564282,"Screening"
"C=CC(=O)NCC1CCCCC1NC(=O)c1ccn(C2CCCCC2)n1",358.2368762,"Screening"
"C=CC(=O)NC1CC(NC(=O)c2ccc3c4c(cccc24)CC3)C12CCC2",360.183778008,"Screening"
"C=CC(=O)NCC(C)(C)C1CCN(C(=O)c2ccnc(CC(C)C)n2)CC1",372.252526264,"Screening"
"C=CC(=O)NCc1ccc(CNC(=O)C2(C3CCCC3)CCNC2=O)c(F)c1",387.195819912,"Screening"
"C=CC(=O)NC(CNC(=O)c1cccc2sccc12)c1ccc(C(C)C)cc1",392.155849008,"Screening"
"C=CC(=O)NCC(NC(=O)C1CC=Cc2ccccc21)c1ccc2ccccc2c1",396.183778008,"Screening"
"C=CC(=O)NCCC(=O)NCC1CCCCN1C(=O)C1COc2ccccc2O1",401.19507096399997,"Screening"
"C=CC(=O)NCCC(=O)NCC1CCCCN1C(=O)c1cc2cc(Cl)ccc2o1",417.14553392799996,"Screening"
"C=CC(=O)NCC1(c2ccccc2)CCN(C(=O)Cc2ccc3ncsc3c2)CC1",419.16674804,"Screening"
"C=CC(=O)NCC(Cc1ccccc1)C1CCCCN1C(=O)c1nn(C)c2c1COCC2",436.24744088399996,"Screening"
"C=CC(=O)N(c1ccc(SC)cc1)C(C(=O)Nc1ccc(OC)cc1)c1cccnc1",433.14601259600005,"Screening"
"C=CC(=O)NC[C@]1(c2ccccc2)C[C@@H](NC(=O)C2CCCCN(C)C2=O)C1",383.220891788,"Screening"
"C=CC(=O)N[C@@H]1CN(C(=O)c2cc(-c3ccn(C)n3)on2)CC[C@H]1c1ccc(F)cc1",423.170667784,"Screening"
"O=C(CCl)NCC(NC(=O)[C@@H]1CCc2ccccc21)c1ccc2ccccc2c1",406.144805656,"Screening"
"Cc1cc(C)n2nc(C(=O)N[C@H]3C[C@@](CNC(=O)CCl)(c4ccccc4)C3)nc2n1",426.15710165600007,"Screening"
"CC(C)(C)n1nnc(CC(=O)N2C[C@H](NC(=O)CCl)[C@@H](c3ccccc3F)C2)n1",422.163329908,"Screening"
"O=C(CCl)NCc1ccc(CNC(=O)[C@H]2CC[C@@H](C(F)(F)F)O2)c(F)c1",396.086382964,"Screening"
"O=C(CCl)NC[C@]1(c2ccccc2)C[C@@H](NC(=O)Cc2noc3ccccc23)C1",411.134969244,"Screening"
"O=C(CCl)N[C@@H]1CN(C(=O)Cc2cccc3c2OCCO3)C[C@H]1C1CC1",378.13463489599997,"Screening"
"Cc1cc(C)cc(CC(=O)N2C[C@H](CC(C)(C)C)[C@@H](NC(=O)CCl)C2)c1",378.20740591199996,"Screening"
"C=CS(=O)(=O)NC1C2CCC3C(C2)CC31",227.097999784,"Screening"
"C=CC(=O)N(c1ccc(C(C)(C)C)cc1)C(C(=O)NCCC(=O)OCC)c1cccnc1",437.231456472,"Screening"
"C=CC(=O)N(c1ccc(C(C)(C)C)cc1)C(C(=O)NC1CCCCC1)c1cccnc1",419.25727729600004,"Screening"
"C=CC(=O)N(c1ccc(C(C)(C)C)cc1)C(C(=O)NCCSC)c1cccnc1",411.19804816800007,"Screening"
"C=CC(=O)N(c1ccc(C(C)(C)C)cc1)C(C(=O)NC(C)(C)C)c1cncc(Cl)c1",427.20265488,"Screening"
"C=CC(=O)N(c1ccc(C(C)(C)C)cc1)C(C(=O)NC(C)(C)C)c1cncc(C(C)(F)F)c1",457.25408373600004,"Screening"
"C#CCOc1ccc(N(C(=O)C=C)C(C(=O)NC(C)(C)C)c2cccnc2)cc1",391.1895916600001,"Screening"
"C=CC(=O)N(c1ccc(N2CCC2)cc1)C(C(=O)NC(C)(C)C)c1cccnc1",392.221226136,"Screening"
"C=CC(=O)NCC(=O)N(CCN1CCOCC1)Cc1ccccc1Cl",365.150619308,"Screening"
"C=CC(=O)N1CCCC(N(CC2CCCCC2)C2CCC(O)CC2)C1",348.2776783919999,"Screening"
"O=C(CCl)N1CCC(c2nc(-c3cccnc3)nc3ccccc23)CC1",366.124738908,"Screening"
"C=CC(=O)N(c1ccc(C(C)(C)C)cc1)C(C(=O)NCCc1cccc(F)c1)c1cncc(C)c1",473.247855484,"Screening"
"C=CC(=O)N1CC(C(=O)N2CCN(Cc3cccnc3)CC2)C1",314.174275944,"Screening"
"C=CC(=O)N1CC(C(=O)NCc2cc3c(nc2O)CCCC3)C1",315.158291532,"Screening"
"C=CC(=O)N1CC(C(=O)N2CCC(n3nc4ccccc4n3)CC2)C1",339.16952491200004,"Screening"
"C=CC(=O)N1CC(C(=O)N2CCN(CC(=O)Nc3cccc(F)c3)CC2)C1",374.175418816,"Screening"
"C=CC(=O)N1CC(C(=O)NC(c2ccccc2)c2nnc(C)n2C)C1",339.16952491200004,"Screening"
"C=CC(=O)N1CC(C(=O)Nc2ccc(F)c(-n3nnnc3C3CC3)c2)C1",356.139702004,"Screening"
"C=CC(=O)N1CC(C(=O)NC(C)c2nc(-c3ccc(F)c(C)c3)no2)C1",358.144118688,"Screening"
"CC(Cl)C(=O)N1CCN(C(=O)c2cnn(C)c2)[C@@H](C)C1",298.119653528,"Screening"
"C=CC(=O)N(Cc1ccccc1Cl)C(C(=O)NC(C)(C)C)c1cccnc1",385.155704688,"Screening"
"CC(C)(C)C1CCC(C(=O)Nc2cncc(OS(=O)(=O)F)c2)CC1",358.136256436,"Screening"
"O=C(Nc1cncc(OS(=O)(=O)F)c1)c1cc(F)cc(C2CC2)c1",354.048584304,"Screening"
"COc1cc(CC(=O)Nc2cncc(OS(=O)(=O)F)c2)cc(OC)c1OC",400.074050104,"Screening"
"NC(=O)c1cc(F)cc(C(=O)Nc2cncc(OS(=O)(=O)F)c2)c1",357.023097828,"Screening"
"CCn1nc(C)c(CC(=O)Nc2cncc(OS(=O)(=O)F)c2)c1C",356.095454244,"Screening"
"O=C(Nc1cncc(OS(=O)(=O)F)c1)c1conc1-c1ccccc1",363.03251964000003,"Screening"
"O=S(=O)(F)Oc1ccc(CN2CCOC(c3ccc(F)c(Cl)c3)C2)cc1",403.045663112,"Screening"
"CC1c2nnc(C3CCCC3)n2CCN1Cc1ccc(OS(=O)(=O)F)cc1",394.1474898159999,"Screening"
"Cc1cccc(N2CCN(Cc3ccc(OS(=O)(=O)F)cc3)CC2)c1C",378.141341816,"Screening"
"Cc1cc2c(cc1O)CCN(Cc1ccc(OS(=O)(=O)F)cc1)C2",351.09405727599994,"Screening"
"COC(=O)[C@@H]1CN(Cc2ccc(OS(=O)(=O)F)cc2)C[C@H]1c1ccc(O)cc1",409.09953658,"Screening"
"CC(C)C1(CO)CCN(Cc2ccc(OS(=O)(=O)F)cc2)C1",331.125357404,"Screening"
"O=S(=O)(F)Oc1ccc(CN2CCc3c(O)cccc3C2)cc1",337.078407212,"Screening"
"O=S(=O)(F)Oc1ccc(CN2CCc3cc(Br)ccc3C2)cc1",398.99400466000003,"Screening"
"O=C(c1ccc(O)cc1)N1CCN(Cc2ccc(OS(=O)(=O)F)cc2)CC1",394.099870928,"Screening"
"O=C1CCc2cc(C(=O)Nc3ccc(OS(=O)(=O)F)cc3)ccc2N1",364.05292073600003,"Screening"
"CC1(C(=O)Nc2ccc(OS(=O)(=O)F)cc2)CCCN(C(=O)c2ccccc2)C1",420.11552099200003,"Screening"
"O=C(Nc1ccc(OS(=O)(=O)F)cc1)c1nccc(Cl)c1F",347.978311824,"Screening"
"C#Cc1cc(OS(=O)(=O)F)cc(C(=O)N[C@@H]2CCO[C@@H](c3ccccn3)C2)c1",404.08422086400003,"Screening"
"C=CC(=O)N1CCOCC(NC(=O)c2cc(S(N)(=O)=O)co2)C1",343.083806264,"Screening"
"C=CC(=O)N1CCC(C2CC2)C1CNC(=O)C1CCCCNC1=O",333.205241724,"Screening"
"C=CC(=O)N1CCC(N(CC)C(=O)Cc2ccc3oc(=O)[nH]c3c2)C1",343.15320615200005,"Screening"
"C=CCC1(NC(=O)C(NS(C)(=O)=O)C(C)C)CCN(C(=O)C=C)C1",357.172227344,"Screening"
"C=CS(=O)(=O)NCc1cccc(OCC)n1",242.072513308,"Screening"
"CC(=O)Nc1cccc(CNC(=O)Cc2ccc(S(=O)(=O)F)cc2)c1",364.089306244,"Screening"
"CC1(Cc2ccc(F)c(Cl)c2)CCCN1c1ncc(C=O)cc1F",350.099747284,"Screening"
"C=CC(=O)N(Cc1cccc(Cl)c1C(F)(F)F)[C@@H]1COC[C@H]1O",349.06925567999997,"Screening"
"C=CC(=O)N(Cc1c(F)cc(F)cc1F)c1ccc2c(c1)C(=O)NC2",346.092912316,"Screening"
"C=CC(=O)N(CC1CC2C=CC1C2)c1ccc(C(N)=O)cc1C",310.168127944,"Screening"
"C=CC(=O)N(Cc1cccn1C(F)F)c1ccc2c(c1)CCNC2=O",345.128883224,"Screening"
"C=CC(=O)N(Cc1cc(F)cc(F)c1)C1CCC2OCCC2C1",321.15403535200005,"Screening"
"C=CC(=O)N(Cc1ccc2c(c1)CCC2(C)C)[C@H]1CCC[C@@H]1O",313.204179104,"Screening"
"C=CC(=O)N(Cc1ccc2ccccc2c1F)C1CN(C(N)=O)C1",327.13830503599996,"Screening"
"C=CC(=O)N1CCC(C(=O)NCc2nc3ncccc3o2)C1",300.12224037199996,"Screening"
"C=CC(=O)N1CC(CC(=O)NC(C)c2ccc3[nH]c(=O)oc3c2)C1",329.137556088,"Screening"
"C=CC(=O)N1CC(CC(=O)N2CCCC2c2cccc(Cl)c2)C1",332.129155592,"Screening"
"C=CC(=O)N1CC(C(=O)N2CCc3c(Cl)cc(Cl)cc3C2)C1",338.058883112,"Screening"
"C=CC(=O)Nc1ccccc1CC(=O)N(CC)Cc1cccc(C(N)=O)c1",365.173941596,"Screening"
"C=CC(=O)Nc1ccccc1CC(=O)N1CCCC1c1nnc2n1CCCCC2",393.2164751040001,"Screening"
"C=CC(=O)Nc1ccccc1CC(=O)NCCCC(=O)N1CCc2ccccc21",391.18959166,"Screening"
"C=CC(=O)N1CCCc2c(C(=O)Nc3nnc(C4CC4)s3)cccc21",354.11504681599996,"Screening"
"C=CC(=O)N1CCCc2c(C(=O)N(C)CC(O)COc3ccc(C(F)(F)F)cc3)cccc21",462.17664194,"Screening"
"C=CC(=O)N1CCCc2c(C(=O)NCc3noc(-c4cccc(Br)c4)n3)cccc21",466.0640525680001,"Screening"
"C=CC(=O)N1CCCC1C(=O)NCCC(c1ccccc1)C(F)(F)F",354.155512572,"Screening"
"C=CC(=O)N1CCCC1C(=O)NCC(CO)Cc1ccccc1C(F)(F)F",384.16607725600005,"Screening"
"C=CC(=O)Nc1ccc(CC(=O)Nc2cc(C)n(-c3ccccc3F)n2)cc1",378.149204068,"Screening"
"C=CC(=O)Nc1ccc(CC(=O)N2CCn3c(n[nH]c(=O)c3=O)C2)cc1",355.128054024,"Screening"
"C=CC(=O)Nc1ccc(CC(=O)NCCc2ccc(OC)c3ccccc23)cc1",388.178692628,"Screening"
"C=CC(=O)N1CC(CC(=O)NCc2nnc3n2CCCC3C(F)(F)F)C1",371.15690954,"Screening"
"C=CC(=O)N1CC(CC(=O)Nc2ccc(=O)n(Cc3cccc(Cl)c3)c2)C1",385.11931918,"Screening"
"C=CC(=O)N1CC(CC(=O)NC(CC(C)C)c2cccc(C(F)(F)F)c2)C1",382.1868127,"Screening"
"C=CC(=O)N1CC(CC(=O)NCCc2c[nH]c3ccc(Cl)cc23)C1",345.12440456,"Screening"
"C=CC(=O)N1CC(CC(=O)NC(C)c2nc(-c3ccc(Cl)cc3)no2)C1",374.11456814800005,"Screening"
"C=CC(=O)Nc1cccc(CC(=O)N2CC=C(c3cccc(Br)c3)CC2)c1",424.07864001200005,"Screening"
"C=CC(=O)Nc1cccc(CC(=O)N(C)CCCOc2ccc(Cl)cc2)c1",386.13972027600005,"Screening"
"C=CC(=O)Nc1cccc(CC(=O)N(CCCC)Cc2cccc(C#N)c2)c1",375.19467704000004,"Screening"
"C=CC(=O)Nc1cccc(CC(=O)NC2CC(OCC(C)C)C2(C)C)c1",358.22564282,"Screening"
"C=CC(=O)Nc1cccc(CC(=O)N2CCn3nc(C(C)(C)C)cc3C2)c1",366.205576072,"Screening"
"C=CC(=O)NCc1ccccc1CC(=O)N(Cc1ccco1)C1CCS(=O)(=O)C1",416.1405928679999,"Screening"
"C=CC(=O)NCc1ccccc1CC(=O)NCCC(=O)N1CCN(C(C)=O)CC1",400.211055376,"Screening"
"C=CC(=O)NCc1ccccc1CC(=O)NC(C)(C)c1ccccc1",336.183778008,"Screening"
"C=CC(=O)NCc1ccccc1CC(=O)NC(CC(=O)OC(C)C)c1ccccc1",408.204907376,"Screening"
"C=CC(=O)NCc1ccccc1CC(=O)N1c2ccccc2CC1CO",350.16304256399997,"Screening"
"C=CC(=O)Nc1ccc(CCC(=O)NC2CCc3cc(Br)ccc32)cc1",412.07864001200005,"Screening"
"C=CC(=O)Nc1ccc(CCC(=O)Nc2ccc(C(=O)OC)cc2O)cc1",368.13722174,"Screening"
"C=CC(=O)Nc1ccc(CCC(=O)NCCc2n[nH]c(=O)[nH]2)cc1",329.148789468,"Screening"
"C=CC(=O)Nc1ccc(CCC(=O)N2CCc3ccc(Cl)c(F)c3C2)cc1",386.11973378,"Screening"
"C=CC(=O)Nc1ccc(CCC(=O)NC(Cc2ccccc2)c2ccco2)cc1",388.17869262799996,"Screening"
"C=CC(=O)NCc1ccccc1C(=O)NCCc1coc(-c2ccc(F)cc2)n1",393.14886972000005,"Screening"
"C=CC(=O)NCc1ccccc1C(=O)N1CCCCC1c1nc2ccccc2o1",389.173941596,"Screening"
"C=CC(=O)NCc1ccccc1C(=O)N1CCc2cc(OCC)ccc2C1",364.17869262799996,"Screening"
"C=CC(=O)NCc1ccccc1C(=O)NCCc1cnn(-c2ccccc2)c1",374.174275944,"Screening"
"C=CC(=O)NCc1ccccc1C(=O)NCCc1ccc(C(=O)OC)cc1OC",396.1685218679999,"Screening"
"C=CC(=O)NCc1ccccc1C(=O)NCC1CCCC1NS(C)(=O)=O",379.15657727999996,"Screening"
"C=CC(=O)NCc1ccccc1C(=O)Nc1ccc(OCC)c(S(=O)(=O)N2CCCCC2)c1",471.18279202800005,"Screening"
"CNC(c1cn(-c2ccc(S(=O)(=O)F)cc2)nn1)C1CCC1",324.10562500400005,"Screening"
"CCOc1cc(C=O)cc(-c2cccc3c2CN(C2CCC(=O)NC2=O)C3=O)c1OC(F)F",458.12894279999995,"Screening"
"CC(C)(C)OC(=O)N1C(C=O)C[C@@H]2CCCC[C@@H]21",253.167793596,"Screening"
"C=CS(=O)(=O)NCc1ccc(OC)c(Br)c1",304.972126344,"Screening"
"Cn1ncc(CN(C(=O)CCl)c2cccc3c2CCO3)c1C1CC1",345.12440455999996,"Screening"
"COc1nc(CN(CC(C)(F)F)C(=O)CCl)sc1C",312.05108284,"Screening"
"CCc1cc(OC)ccc1CN(C(=O)CCl)C1CCC(=O)NC1",338.139720276,"Screening"
"NC(=O)c1coc(CN(C[C@@H]2C[C@H]2c2ccccc2)C(=O)CCl)c1",346.108420148,"Screening"
"COC[C@H](C)N(Cc1ccsc1C(F)(F)F)C(=O)CCl",329.04641206,"Screening"
"COc1ccc2c(c1)[C@H](N(Cc1ccnn1C)C(=O)CCl)CCC2",347.140054624,"Screening"
"Cc1scc(CN(C(=O)CCl)C2CCOC2(C)C)c1C",315.105977624,"Screening"
"N#CCC1(CN(Cc2cc(Cl)ccc2F)C(=O)CCl)CC1",328.05454668,"Screening"
"CCc1oc2ccccc2c1CN(C(=O)CCl)[C@H]1C[C@H](CC#N)C1",344.129155592,"Screening"
"N#CC[C@H]1CC[C@@H](N(Cc2ccc(Cl)o2)C(=O)CCl)C1",314.058883112,"Screening"
"Cc1c(CN(C(=O)CCl)C2CCOCC2)ccc2c1CCC2",321.14955668799996,"Screening"
"CCOc1ccccc1CN(C(=O)CCl)[C@@H]1CCO[C@H]1C1CC1",337.144471308,"Screening"
"CC(C)(C)c1conc1CN(C(=O)CCl)C1CCCCC12CC2",338.176105784,"Screening"
"COCc1cc(CN(CC2CCCC(C)(C)C2)C(=O)CCl)on1",342.171020404,"Screening"
"CC[C@@H]1OCC[C@H]1N(Cc1ccnn1CC)C(=O)CCl",299.140054624,"Screening"
"CC[C@@H]1OCC[C@H]1N(Cc1cc(OC)ns1)C(=O)CCl",318.080491148,"Screening"
"Cc1conc1CN(CC1CCC(F)(F)C1)C(=O)CCl",306.094661904,"Screening"
"COC(C)(CN(Cc1nocc1C(C)(C)C)C(=O)CCl)C1CC1",342.171020404,"Screening"
"CC(c1ccsc1)N(Cc1cccc(C(F)F)c1)C(=O)CCl",343.06091925199996,"Screening"
"Cc1ccccc1-n1nccc1CN(C(=O)CCl)[C@@H]1CCOC1",333.12440455999996,"Screening"
"O=C(CCl)N(Cc1cc(F)ccc1F)CC1CC12CCOCC2",343.11506299999996,"Screening"
"COCn1nccc1CN(CC1CC2(CCC2)CO1)C(=O)CCl",341.150619308,"Screening"
"Cc1cc2cccc(CN(CCC3CCOC3)C(=O)CCl)c2o1",335.12882124399994,"Screening"
"N#C[C@H]1CC[C@H](N(Cc2cccc(F)c2Cl)C(=O)CCl)CC1",342.07019674400004,"Screening"
"O=C(CCl)N(Cc1cscn1)c1ccc(C2CC2)cc1",306.05936178,"Screening"
"Cc1cc(CN(CCC2OCCCC2(C)C)C(=O)CCl)no1",328.15537034,"Screening"
"CC(C)(C)Cn1ccc(N(Cc2cc3n(n2)CCC3)C(=O)CCl)n1",349.166938068,"Screening"
"Cn1cc(CN(C(=O)CCl)[C@H]2C[C@H]3CC[C@]2(CO)C3)cn1",311.140054624,"Screening"
"CC(F)(F)CN(Cc1cccc2ccoc12)C(=O)CCl",301.06811280799997,"Screening"
"Cc1conc1CN(CCc1ccc2ccccc2c1)C(=O)CCl",342.11350552799996,"Screening"
"COc1c(C#N)cccc1CN(CCC#N)C(=O)CCl",291.077454368,"Screening"
"COc1cc(Cl)ccc1CN(C(=O)CCl)[C@H]1CCO[C@H]1C",331.074198828,"Screening"
"N#Cc1cccc(CN(CC2CC3CC3C2)C(=O)CCl)c1",302.11859090800004,"Screening"
"Cc1cc(CN(C(=O)CCl)c2ccc3c(c2)CCOC3)n(C)n1",333.12440456,"Screening"
"C=CC(=O)N1CCc2c(CNC(=O)Cc3nn(C)c4ccccc34)cccc2C1",388.189926008,"Screening"
"C=CC(=O)N1CCn2ncc(CNC(=O)C3CC(c4ccccc4)=NO3)c2C1",379.164439532,"Screening"
"C=CC(=O)NCCCN(C)C(=O)c1cnn(C2CCOCC2)c1",320.18484062799996,"Screening"
"C=CC(=O)N1CC(O)(CNC(=O)CCc2ncc(C(C)(C)C)o2)C1",335.18450628,"Screening"
"C=CC(=O)N1CC(O)(CNC(=O)C2CCCCC2n2cccn2)C1",332.184840628,"Screening"
"C=CC(=O)N1CC(C(C)NC(=O)Cc2noc3ccc(F)cc23)C1",331.133219656,"Screening"
"C=CC(=O)N1CC(C(C)NC(=O)c2cc(C)n(C(C)C3CC3)n2)C1",330.205576072,"Screening"
"C=CC(=O)N1CC(CC(C)NC(=O)c2cnn(CC(C)C)c2CC)C1",346.2368762,"Screening"
"C=CC(=O)N1CC(CC(C)NC(=O)c2cc(-c3ccc(Cl)cc3)on2)C1",373.11931918,"Screening"
"C=CC(=O)N1CC2(CCC(CNC(=O)C(C)Oc3ccc(C)cc3C)O2)C1",372.204907376,"Screening"
"O=C(C1CO1)N1CCCC1c1nc(-c2ccccc2)n[nH]1",284.127325752,"Screening"
"CCC1CN(C)c2ccccc2CN1C(=O)C1CO1",260.15247788,"Screening"
"O=C(C1CO1)N1CCc2ccccc2C1Cc1ccccc1",293.14157884800005,"Screening"
"O=C(N[C@@H]1C[C@H]1c1cnn(-c2ccccc2)c1)C1CO1",269.11642672,"Screening"
"CC1(Cc2cccc(Cl)c2)CCCN1C(=O)C1CO1",279.10260649599996,"Screening"
"O=C(C1CO1)N1CCC(F)(c2ccc(Cl)cc2)CC1",283.07753462,"Screening"
"O=C(NC[C@H]1[C@H](c2ccccc2)C1(F)F)C1CO1",253.091435096,"Screening"
"O=C(NC1CC(=O)N(c2ccc(Oc3ccccc3)cc2)C1)C1CO1",338.126657056,"Screening"
"N#Cc1ccccc1N1CCC(CNC(=O)C2CO2)CC1",285.147726848,"Screening"
"O=C(NC1CCN(c2ccccc2C(F)(F)F)C1)C1CO1",300.10856237999997,"Screening"
"CC1CCN(C(=O)OCC2CCCCN2C(=O)C2CO2)CC1",310.189257312,"Screening"
"O=C(NCC(O)c1ccccc1C(F)(F)F)C1CO1",275.076927904,"Screening"
"CN(Cc1ccn(-c2ccccc2)n1)C(=O)C1CO1",257.11642672,"Screening"
"CN(Cc1cccc(N2CCCC2)c1)C(=O)C1CO1",260.15247788,"Screening"
"N#Cc1ccc(-c2cc(N3CCN(C(=O)C4CO4)CC3)n[nH]2)cc1",323.13822478400004,"Screening"
"COc1ccccc1C1CSCCCN1C(=O)C1CO1",293.108564468,"Screening"
"O=C(C1CO1)N(Cc1nnc(-c2ccc(Cl)cc2)o1)C1CC1",319.072368988,"Screening"
"COc1ccc(C(NC(=O)C2CO2)c2ccccc2)cc1",283.120843404,"Screening"
"O=C(NCc1noc(-c2ccccc2)n1)C1CO1",245.080041212,"Screening"
"O=C(NCc1ccccc1OC1CCCC1)C1CO1",261.136493468,"Screening"
"O=C(NCc1ccnc(OC2CCCC2)c1)C1CO1",262.131742436,"Screening"
"O=C(C1CO1)N1CCCC(Oc2ccccc2)C1",247.120843404,"Screening"
"COc1ccccc1OCC(C)NC(=O)C1CO1",251.115758024,"Screening"
"O=C(C1CO1)N1CCC(c2ncc(-c3ccc(F)c(F)c3)[nH]2)CC1",333.12888322400005,"Screening"
"CCC(C(=O)N1CCC(NC(=O)C2CO2)CC1)c1ccccc1",316.178692628,"Screening"
"O=C(NC1CCC1c1ccccc1Cl)C1CO1",251.071306368,"Screening"
"CC1(C)C(c2ccccc2)CCN1C(=O)C1CO1",245.141578848,"Screening"
"O=C(NCc1ncc(-c2ccccc2)s1)C1CO1",260.061948624,"Screening"
"Cn1cc(C(NC(=O)C2CO2)c2ccc(F)c(Cl)c2)cn1",309.06803255600005,"Screening"
"O=C(C1CO1)N1CCc2ccc(OCc3ccccc3)cc2C1",309.136493468,"Screening"
"CN(Cc1cnn(-c2ccccc2)c1)C(=O)C1CO1",257.11642672,"Screening"
"COc1cccc(C(NC(=O)C2CO2)c2ccccc2)c1",283.120843404,"Screening"
"O=C(NC1(c2ccccc2C(F)(F)F)CC1)C1CO1",271.08201328399997,"Screening"
"O=C(CCNC(=O)C1CO1)Nc1cc(Cl)cc(Cl)c1",302.022497604,"Screening"
"COc1cc2c(cc1OC)C(C1CC1)N(C(=O)C1CO1)CC2",303.147058152,"Screening"
"O=C(C1CO1)N1CCC(COc2ccccc2C(F)(F)F)CC1",329.123878096,"Screening"
"O=C(C1CO1)N1CCCCC1c1nc(-c2ccccc2)c[nH]1",297.14772684800005,"Screening"
"O=C(NC1CC2(CCC2)Oc2ccccc21)C1CO1",259.120843404,"Screening"
"O=C(N[C@H]1C[C@H](c2cccc(C(F)(F)F)c2)C1)C1CO1",285.09766334799997,"Screening"
"O=C(NCC1CCC2C(CC1)C2(F)F)C1CO1",245.122735224,"Screening"
"C=CC(=O)NCCNC(=O)C1CCCN(C(=O)CC2CCc3ccccc32)C1",383.220891788,"Screening"
"C=CC(=O)N1CCCC1C(=O)Nc1cccc2ccc(OC)cc12",324.14739249999997,"Screening"
"C=CC(=O)N1CCCC1C(=O)NC1CCN(c2cccc(Cl)c2)C1=O",361.11931917999993,"Screening"
"C=CC(=O)N1CCCC1C(=O)Nc1ccc(-c2noc(C(F)(F)F)n2)cc1",380.10962500000005,"Screening"
"C=CC(=O)N1CCC(C(=O)NC2CCC(C)(C)c3ccccc3C2)CC1",354.2307282,"Screening"
"C=CC(=O)N1CCC(C(=O)N(C)c2nnc(-c3ccccc3)s2)CC1",356.13069687999996,"Screening"
"C=CC(=O)N1CCC(C(=O)NC(C)C(=O)N2CCc3ccccc32)CC1",355.18959166,"Screening"
"C=CC(=O)NCCCC(=O)N1CCN(S(=O)(=O)c2ccccc2)CC1",365.140927216,"Screening"
"C=CC(=O)NCc1ccc(C(=O)N2CCCC2c2cc(Cl)ccc2F)cc1",386.11973378,"Screening"
"C=CC(=O)NCc1ccc(C(=O)N2CCOCC2c2cc(F)cc(F)c2)cc1",386.14419894,"Screening"
"C=CC(=O)N[C@@H]1CN(C(=O)CNC(=O)c2ccc(C)cc2)C[C@H]1C1CC1",355.18959166,"Screening"
"C=CC(=O)N1CCCC(C(=O)N2Cc3cc(C(=O)OCC)nn3CC2C)C1",374.19540531200005,"Screening"
"C=CC(=O)N1CCCC(C(=O)N2CCC(c3ccccc3F)C2(C)C)C1",358.205656324,"Screening"
"C=CC(=O)N1CCCC(C(=O)NC2CCCN(c3cc(C)ccc3F)C2)C1",373.21655535599996,"Screening"
"C=CC(=O)N1CCCC(C(=O)N(C)C(C)c2ccc3ccccc3c2)C1",350.199428072,"Screening"
"C=CC(=O)N1CCCC(C(=O)Nc2cccc3c2CCN(S(C)(=O)=O)C3)C1",391.15657727999996,"Screening"
"C=CC(=O)NCC(=O)N[C@@H]1CCN(C(C)(C)C)[C@H]1c1ccc(Cl)c(F)c1",381.16193294,"Screening"
"C=CC(=O)NCC(=O)N1CCc2c(OC)ccc(Br)c2C1",352.042254504,"Screening"
"C=CC(=O)NCC(=O)N1CCc2cc(OCc3ccc(F)cc3)ccc2C1",368.15362075200005,"Screening"
"C=CC(=O)NCC(=O)NCc1cc(Oc2ccccc2C)ccn1",325.1426414680001,"Screening"
"C=CC(=O)NCC(=O)N1CCC(C(=O)c2ccc3c(c2)NC(=O)C(C)O3)CC1",385.16377083599997,"Screening"
"C=CC(=O)NCC(=O)NC(c1ccc2c(c1)OCCO2)c1ccccc1Cl",386.103334768,"Screening"
"C=CC(=O)NC(CNC(=O)c1cnn(-c2ccccc2)n1)c1ccccc1",361.15387484800004,"Screening"
"C=CC(=O)N1CCN(C(=O)c2cc3c(C)nn(-c4ccccc4)c3s2)[C@@H](C)C1",394.14634694399996,"Screening"
"C=CC(=O)N1CCC(C(=O)N2C[C@H](C(=O)OC)[C@@H](c3ccc(F)cc3)C2)CC1",388.1798355,"Screening"
"CC(Cl)C(=O)N1CCn2ncc(O)c2C1",229.061804304,"Screening"
"C=CS(=O)(=O)N1CCn2ncc(O)c2C1",229.052112212,"Screening"
"C=CC(=O)Nc1ccc(C(=O)NCCN2C(=O)COc3ccccc32)cc1",365.13755608800005,"Screening"
"C=CC(=O)Nc1ccc(C(=O)N[C@@H]2CCN(C)[C@H]2c2ccccc2)cc1",349.179026976,"Screening"
"C=CC(=O)Nc1ccc(C(=O)NCC(O)(CO)COC)cc1",308.13722174,"Screening"
"C=CC(=O)Nc1ccc(C(=O)N2CCn3ncc(Br)c32)cc1",360.022187756,"Screening"
"C=CC(=O)Nc1ccc(C(=O)N(Cc2nnn[nH]2)CC(C)C)cc1",328.16477388,"Screening"
"C=CC(=O)Nc1ccc(C(=O)N2CC(O)(c3cc(F)cc(F)c3)C2)cc1",358.112898812,"Screening"
"C=CC(=O)Nc1ccc(C(=O)NCCc2cnc3c(Cl)cnn3c2)cc1",369.09925243200007,"Screening"
"C=CC(=O)Nc1ccc(C(=O)NC(c2ncccn2)C2CC2)cc1",322.142975816,"Screening"
"C=CC(=O)Nc1ccc(C(=O)N2CCC(C(F)(F)F)n3nccc32)cc1",364.1147103800001,"Screening"
"C=CC(=O)Nc1ccc(C(=O)NCC(CO)Cc2cccc(F)c2)cc1",356.15362075200005,"Screening"
"C=CC(=O)Nc1ccc(C(=O)NCC(c2ccccc2)c2nnc[nH]2)cc1",361.1538748480001,"Screening"
"C=CC(=O)Nc1ccc(C(=O)NCc2nnc(C3CCCO3)[nH]2)cc1",341.148789468,"Screening"
"C=CC(=O)Nc1ccc(C(=O)NCCc2nnc(-c3ccccc3)n2C)cc1",375.16952491200004,"Screening"
"C=CC(=O)Nc1ccc(C(=O)N(C)Cc2nnc3n2CCN(C)C3=O)cc1",368.1596885,"Screening"
"C=CC(=O)NCc1ccc(C(=O)N2CCc3ccccc3C2C(F)(F)F)cc1",388.139862508,"Screening"
"C=CC(=O)NCc1ccc(C(=O)N2c3ccc(Cl)cc3OCC2C)cc1",370.108420148,"Screening"
"C=CC(=O)N(C)CC(=O)NCc1cc(Oc2cccc(Cl)c2)ccn1",359.103669116,"Screening"
"C=CC(=O)N(C)CC(=O)N[C@@H]1CCN(C(C)C)[C@H]1c1ccc(Cl)c(F)c1",381.16193294,"Screening"
"C=CC(=O)Nc1cccc(C(=O)N2CC(CO)Cc3cccc(F)c32)c1",354.13797068800005,"Screening"
"C=CC(=O)Nc1cccc(C(=O)Nc2cnn3c2CCCC3)c1",310.142975816,"Screening"
"C=CC(=O)Nc1cccc(C(=O)Nc2cccc3c2OC(C)(C)CC3O)c1",366.157957184,"Screening"
"C=CC(=O)Nc1cccc(C(=O)N(C)[C@@H]2C[C@H](OCC)C23CCCC3)c1",356.209992756,"Screening"
"C=CC(=O)Nc1cccc(C(=O)Nc2cc3c(cc2F)CCC(=O)N3)c1",353.117569592,"Screening"
"C=CC(=O)Nc1cccc(C(=O)N(C)C2CS(=O)(=O)c3ccc(Cl)cc32)c1",404.059755704,"Screening"
"C=CC(=O)Nc1cccc(C(=O)N(C)CC(C)c2nnn[nH]2)c1",314.14912381600004,"Screening"
"C=CC(=O)Nc1cccc(C(=O)Nc2cccc3c2CCN3C(=O)COC)c1",379.153206152,"Screening"
"C=CC(=O)Nc1cccc(C(=O)N2CCOc3ccc(C(C)C)cc32)c1",350.163042564,"Screening"
"C=CC(=O)Nc1cccc(C(=O)N(CC)CC2COc3ccccc3O2)c1",366.157957184,"Screening"
"C=CC(=O)Nc1cccc(C(=O)N2CCN(c3ccc(F)cc3F)CCC2C)c1",399.175833416,"Screening"
"C=CC(=O)NCC(=O)NC1CCCN(c2ccc(Cl)cc2Cl)C1=O",369.064696764,"Screening"
"C=CC(=O)NCC(=O)N1CC(c2cccc(C(F)(F)F)c2)OCC1C",356.134777128,"Screening"
"C=CC(=O)N1CCC(C(=O)NC(CO)C(=O)OCc2ccccc2)(c2ccccc2)CC1",436.19982199599997,"Screening"
"C=CC(=O)N1CCC(C(=O)N(Cc2ccccc2)Cc2nc3ccsc3c(=O)[nH]2)CC1",436.156911628,"Screening"
"C=CC(=O)N1CCC(C(=O)N=S2(=O)CCN(C(=O)OCc3ccccc3)CC2)CC1",433.167141964,"Screening"
"C=CC(=O)N1CCCC(C(=O)N2CCN(C(=O)c3cnn(C)c3)[C@@H](C)C2)C1",373.21138972400007,"Screening"
"C=CC(=O)N1CCCC(C(=O)NCc2cc(Oc3ccc(F)c(F)c3)ccn2)C1",401.1550979720001,"Screening"
"C=CC(=O)N1CCCC(C(=O)N2CCc3c(ccc(F)c3F)C2C(=O)OCC)C1",406.17041368799994,"Screening"
"C=CC(=O)N1CCCC(C(=O)NCc2cc(=O)nc(SC)[nH]2)C1",336.12561150000005,"Screening"
"C=CC(=O)N1CCCC(C(=O)NC2(C(O)c3ccccc3)CC2)C1",328.178692628,"Screening"
"C=CC(=O)N1CCCC(C(=O)NC2c3ccccc3CC23CCOCC3)C1",368.20999275599996,"Screening"
"C=CC(=O)N1CCCC(C(=O)N2CCN(c3snc(C)c3C#N)CC2)C1",373.157245976,"Screening"
"C=CC(=O)N1CCCC(C(=O)Nc2cccc(N3C(=O)NC(C)C3=O)c2C)C1",384.179755248,"Screening"
"C=CC(=O)N1CCCC(C(=O)NC2CC(C#N)(c3ccccc3)C2)C1",337.179026976,"Screening"
"C#CCC1(C(=O)OC)CCCN(C(=O)c2ccc3c(c2)CCCN3C(=O)C=C)C1",394.189257312,"Screening"
"C=CC(=O)N1CCCc2cc(C(=O)Nc3cc(C)nn3C3CCOC3)ccc21",380.18484062799996,"Screening"
"C=CC(=O)N1CCCc2cc(C(=O)N3CCC(c4nnc(N)o4)CC3)ccc21",381.180089596,"Screening"
"C=CC(=O)N1CCCc2cc(C(=O)OC3CCCN(CC(C)(C)C)C3=O)ccc21",398.22055744,"Screening"
"C=CC(=O)N1CCCc2cc(C(=O)N[C@H]3CCO[C@H]3c3n[nH]c(C)n3)ccc21",381.1800895960001,"Screening"
"C=CC(=O)N1CCCc2cc(C(=O)N[C@H]3CCCc4cccnc43)ccc21",361.17902697600005,"Screening"
"C=CC(=O)N1CCCc2cc(C(=O)N3CCN(CC(C)(C)O)C(C)C3)ccc21",385.23654185199996,"Screening"
"C=CC(=O)N(C)c1ccc(C(=O)NCc2cn(CCCC)nc2C)cc1",354.205576072,"Screening"
"C=CC(=O)N(C)c1ccc(C(=O)Nc2cncc(-c3nncn3C)c2)cc1",362.14912381600004,"Screening"
"C=CC(=O)N(C)c1ccc(C(=O)N(CCO)Cc2ccsc2)cc1",344.1194635,"Screening"
"C=CC(=O)N(C)c1ccc(C(=O)NCc2ccncc2OCC(F)F)cc1",375.139447908,"Screening"
"C=CC(=O)N(C)c1ccc(C(=O)NC2CCOC3(CCOCC3)C2)cc1",358.189257312,"Screening"
"C=CC(=O)N(C)c1ccc(C(=O)N2CCCC(C3(C)COC(=O)N3)C2)cc1",371.18450628,"Screening"
"C=CC(=O)N(C)c1ccc(C(=O)N2CCN(C)c3nc(OC)ccc32)cc1",366.16919056399996,"Screening"
"C=CC(=O)N(C)c1ccc(C(=O)N2CCC(O)(c3ccc(C(F)(F)F)cc3)C2)cc1",418.15042719200005,"Screening"
"C=CC(=O)N(C)c1ccc(C(=O)NCc2c(F)cccc2-n2cccn2)cc1",378.1492040680001,"Screening"
"C=CC(=O)N(C)c1ccc(C(=O)N2CCc3c(nnn3CCOC)C2)cc1",369.180089596,"Screening"
"C=CC(=O)N(C)c1ccc(C(=O)N2CC[C@@H](O)[C@H]2c2ccc(Cl)cc2)cc1",384.12407021200005,"Screening"
"C=CC(=O)N(C)c1ccc(C(=O)NC2(C3CCCCO3)CC2)cc1",328.178692628,"Screening"
"C=CC(=O)N(C)c1ccc(C(=O)Nc2cc(C)n(C(C)C3CC3)n2)cc1",352.189926008,"Screening"
"C=CC(=O)N(C)c1ccc(C(=O)N2CCC3(C=C(C(=O)OC)CO3)CC2)cc1",384.16852186799997,"Screening"
"C=CC(=O)N(C)c1ccc(C(=O)NC(C)COc2ccccc2F)cc1",356.15362075200005,"Screening"
"C=CC(=O)N(C)c1ccc(C(=O)N2CCOC(c3ccc(F)cc3Cl)C2)cc1",402.1146484,"Screening"
"C=CC(=O)N(C)c1ccc(C(=O)NCCN2CCN(C)C(C)(C)C2)cc1",358.2368762,"Screening"
"C=CC(=O)N(C)c1ccc(C(=O)N2CCC(C(=O)Nc3cn[nH]c3)C2)cc1",367.1644395320001,"Screening"
"C=CC(=O)N(C)c1ccc(C(=O)N2CCOc3cc([N+](=O)[O-])ccc3C2)cc1",381.13247070799997,"Screening"
"C=CC(=O)N(C)c1ccc(C(=O)Nc2cnn(C3CC3(F)F)c2)cc1",346.124132192,"Screening"
"C=CC(=O)N(C)c1ccc(C(=O)N(C)CC2COc3ccccc3O2)cc1",366.157957184,"Screening"
"C=CC(=O)N(C)c1ccc(C(=O)Nc2cn(CC(F)(F)F)cn2)cc1",352.11471038,"Screening"
"C=CC(=O)N(C)c1ccc(C(=O)N[C@@H](C)c2ccc3c(c2)CC(C)O3)cc1",364.17869262799996,"Screening"
"C=CC(=O)N(C)c1ccc(C(=O)NCc2cccc3c2OC(C)(C)C3)cc1",364.17869262799996,"Screening"
"C=CC(=O)N(C)c1ccc(C(=O)N(C)CC(=O)Nc2cccc(C)c2C)cc1",379.18959166,"Screening"
"C=CC(=O)N(C)c1ccc(C(=O)NCCc2c(C)[nH]c3ccccc23)cc1",361.179026976,"Screening"
"C=CC(=O)N(C)c1ccc(C(=O)N2CCN3C(CNS3(=O)=O)C2)cc1",364.1205261199999,"Screening"
"C=CC(=O)N(C)c1ccc(C(=O)Nc2cnn(C)c2-c2cnccn2)cc1",362.14912381600004,"Screening"
"C=CC(=O)N1CCN(CC2=NS(=O)(=O)c3ccccc3N2)CC1",334.10996143600005,"Screening"
"C=CC(=O)Nc1cc(S(=O)(=O)N2CCOCC2)ccc1Oc1ccccc1",388.10929273999994,"Screening"
"C=CC(=O)N1CCC(O)(Cc2ccc(OC(F)(F)F)cc2)CC1",329.123878096,"Screening"
"C=CC(=O)N(CCNC(C)=O)Cc1ccc(Cl)cc1Cl",314.058883112,"Screening"
"C=CC(=O)Nc1cc(C(F)(F)F)ccc1-n1nc(C)cc1C",309.108896728,"Screening"
"C=CC(=O)N(C)c1ccccc1C(=O)N(C)CCc1ccccc1",322.168127944,"Screening"
"O=C(CCl)NC1(C(=O)Nc2ccc(F)cc2)CC1",270.057133524,"Screening"
"COC(=O)c1cc(CNC(=O)CCl)c(Cl)s1",280.968019508,"Screening"
"O=C(CCl)NC1(Cc2ccccc2)CCOCC1",267.102606496,"Screening"
"O=C1CN(C(=O)CCl)c2cc(F)c(F)cc2N1",260.016411584,"Screening"
"COC(=O)c1ccc(NC(=O)CCl)c2ccncc12",278.045819892,"Screening"
"CC(Cl)C(=O)NC(C)(CO)c1cccc(C(F)(F)F)c1",309.07434106,"Screening"
"CC(Cl)C(=O)N(Cc1nc(-c2cccnc2)no1)C(C)C",308.104003464,"Screening"
"CC(Cl)C(=O)N1CCN(c2cc(-c3ccccc3F)n[nH]2)CC1",336.11531709600007,"Screening"
"CC(Cl)C(=O)N(Cc1ccc(N2CCCC2C)nc1)C(C)C",323.176440132,"Screening"
"CC(Cl)C(=O)NC(c1cc(Cl)ccc1Cl)C1CCOC1",335.02466179199996,"Screening"
"CC(Cc1cn(C)c2ccc(F)cc12)NC(=O)C(C)Cl",296.109169096,"Screening"
"COc1ccc(CN(CC2CC2)C(=O)C(C)Cl)c(OC)c1",311.128821244,"Screening"
"CC(Cl)C(=O)N1CC(c2cccc(C(F)(F)F)c2)OCC1C",335.089991124,"Screening"
"CC(Cl)C(=O)N1CCn2c(nn(CC(=O)N(C)C)c2=O)C1",315.10981711599993,"Screening"
"CC(Cl)C(=O)NCC(Cc1cnn(C)c1)C(N)=O",272.104003464,"Screening"
"CC(Cl)C(=O)N1CCN(C2CCCN(C3CCOCC3)C2=O)CC1",357.181919436,"Screening"
"CC(Cl)C(=O)NC1CCCc2cn(C3CCCC3)nc21",295.145140004,"Screening"
"CC(Cl)C(=O)N1CCC(n2cc(NS(=O)(=O)C(F)F)cn2)CC1",370.067795524,"Screening"
"CC(Cl)C(=O)N(CCOc1ccccc1)C1CCOCC1",311.128821244,"Screening"
"CC(Cl)C(=O)NC(C(C)C)C(O)c1cccc(C(F)(F)F)c1",337.105641188,"Screening"
"CCC1(CC)CN(C(=O)C(C)Cl)CCS1(=O)=O",281.08524217999997,"Screening"
"CCOC1CC(CNC(=O)C(C)Cl)(N2CCOCC2)C1",304.15537034,"Screening"
"CCn1cc(C(O)CN(Cc2ccccc2)C(=O)C(C)Cl)cn1",335.140054624,"Screening"
"COc1ccc(C2=NOC(CNC(=O)C(C)Cl)C2)cc1F",314.08334827199997,"Screening"
"CC(Cl)C(=O)NC(C)C(c1ccccc1Cl)n1cccn1",325.07486752400007,"Screening"
"CC(Cl)C(=O)NCC(NS(=O)(=O)N(C)C)C1CCCC1",325.12269030799996,"Screening"
"CC(Cl)C(=O)NCc1cccc(N2C(=O)NC3(CCCC3)C2=O)c1",349.11931918,"Screening"
"CC(Cl)C(=O)N[C@H]1C[C@H](C)S(=O)(=O)c2sccc21",307.010362988,"Screening"
"CC(Cl)C(=O)NCc1cc2ccccc2n(C)c1=O",278.0822054,"Screening"
"CC(Cl)C(=O)Nc1ccc(Cc2nc(C3CC3)no2)cc1",305.09310443199996,"Screening"
"CCOC(=O)c1nc(CC)oc1NC(=O)CCl",260.056384576,"Screening"
"CNC(=O)C(NC(=O)c1ccc2c(C=O)c[nH]c2c1)c1ccccc1",335.126991404,"Screening"
"C=CC(=O)N(Cc1cnc(C)n1-c1ccccc1)CC1CCCO1",325.179026976,"Screening"
"C=CC(=O)N(Cc1cnc(N2CCCC2)nc1)c1ccc(F)cc1",326.15428944800004,"Screening"
"C=CC(=O)N(Cc1cn(C(C)C)nc1C)c1ccc(OC)cc1",313.179026976,"Screening"
"C=CC(=O)N(Cc1c(C2CC2)cnn1C)c1ccc(OC)c(OC)c1",341.17394159599996,"Screening"
"COc1ccc(CN(Cc2cnsc2)C(=O)CCl)cc1",310.0542764,"Screening"
"O=C(CCl)N(Cc1ccon1)CC1COc2ccccc2O1",322.07203463999997,"Screening"
"C=CC(=O)N(Cc1cn(C2CCC2)nn1)c1cc(C)cc(F)c1",314.15428944800004,"Screening"
"C=CC(=O)N(Cc1ccnn1C(C)C)c1ccc(F)c(OC)c1",317.15395509999996,"Screening"
"C=CC(=O)N(Cc1cnn(CC)c1)Cc1ccc(C2CC2C)o1",313.179026976,"Screening"
"O=C(CCl)N(Cc1cccc2ccoc12)CC1CCOC1",307.09752111599994,"Screening"
"CCOc1ccc(CN(CC2CCOC2)C(=O)CCl)c(C)c1",325.144471308,"Screening"
"CCc1oc2ccccc2c1CN(CC1CCOCC1)C(=O)CCl",349.144471308,"Screening"
"C=CC(=O)N(Cc1c(Cl)cnn1C)c1ccccc1CN(CC)C(C)=O",374.150953656,"Screening"
"C=CC(=O)N(Cc1ccc(CS(C)(=O)=O)cc1)Cc1cnn(C)c1",347.13036253200005,"Screening"
"C=CC(=O)N(CCCS(C)(=O)=O)Cc1cccc(CCC)c1",323.15551466,"Screening"
"C=CC(=O)N(Cc1cnc(C)s1)Cc1ccccc1N(C)C",315.14053329200004,"Screening"
"C=CC(=O)N(CCc1c(C)noc1C)Cc1cc(Cl)cs1",324.069926464,"Screening"
"C=CC(=O)N(Cc1cnc(C2CCC2)s1)c1ccn(CC(F)(F)F)n1",370.1075168240001,"Screening"
"Cc1c(N(Cc2ccnn2CC2CCC2)C(=O)CCl)cnn1C",335.15128800400004,"Screening"
"C=CC(=O)N(Cc1cccc(OCC(F)(F)F)c1)Cc1cnc(CC)o1",368.13477712800005,"Screening"
"C=CC(=O)N(Cc1cnn(C)c1C)c1ccc2c(c1)CCN2C(=O)COC",368.18484062799996,"Screening"
"C=CC(=O)N(Cc1ccnn1COC)c1ccn(CC(F)F)n1",325.13503122400004,"Screening"
"C=CC(=O)N(Cc1ncc(C(C)O)s1)c1ccccc1OCC(F)F",368.100619876,"Screening"
"C=CC(=O)N(Cc1ccn(C(F)F)n1)c1ccc2c(c1)CCC(=O)N2CC",374.15543232,"Screening"
"C=CC(=O)N(Cc1ccccc1Cl)C(C(=O)NC)c1cncc2ccccc12",393.12440456,"Screening"
"C=CC(=O)N(Cc1ccccc1Cl)C(C(=O)NC(C)(C)C)c1cncc2ccccc12",435.171354752,"Screening"
"Cc1ccc(CC(=O)Nc2cncc(OS(=O)(=O)F)c2)cc1",324.058006116,"Screening"
"O=C(Nc1cncc(OS(=O)(=O)F)c1)c1ccc(=O)n(C2CC2)c1",353.048169704,"Screening"
"O=S(=O)(F)Oc1ccc(CN2CCC(c3ccc(C(F)(F)F)cc3)CC2)cc1",417.102177348,"Screening"
"O=S(=O)(F)Oc1ccc(CN2CCC[C@@H](CO)[C@H]2C(F)(F)F)cc1",371.08144190400003,"Screening"
"O=C(Nc1ccc(OS(=O)(=O)F)cc1)N1CCCN(Cc2ccc(C(F)(F)F)cc2)CC1",475.118890032,"Screening"
"CNC(=O)NC1CCN(C(=O)Nc2ccc(OS(=O)(=O)F)cc2)CC1",374.10601892799997,"Screening"
"CN(Cc1nccs1)C(=O)Nc1ccc(OS(=O)(=O)F)cc1",345.02532608399997,"Screening"
"NC(=O)CCN(Cc1ccccc1)C(=O)Nc1ccc(OS(=O)(=O)F)cc1",395.09511989599997,"Screening"
"CN1C(=O)C[C@H](C(=O)Nc2ccc(OS(=O)(=O)F)cc2)[C@H]1c1cccc(F)c1",410.074799052,"Screening"
"O=C(Nc1ccc(OS(=O)(=O)F)cc1)c1cn(C(F)(F)CO)nn1",366.02457504800003,"Screening"
"CCO[C@@H]1COC[C@H]1n1cc(C(=O)Nc2ccc(OS(=O)(=O)F)cc2)nn1",400.085283484,"Screening"
"C#Cc1cc(OS(=O)(=O)F)cc(C(=O)N2CCN(CC(C)C)CC2)c1",368.12060637200005,"Screening"
"C=CC(=O)N1CC[C@H](NC(=O)C(C)NS(=O)(=O)c2c(C)noc2C)C1",370.131090804,"Screening"
"Cc1ccc(CC2(C)CCCN2c2ncc(C=O)cn2)cc1",295.168462292,"Screening"
"C=CC(=O)NC(Cc1cc(Br)c(O)c(F)c1F)C(=O)O",348.97612633999995,"Screening"
"C=CC(=O)N1CCC2(CCCC2CNC(=O)C2(c3cccnc3)CCC2)CC1",381.24162723200004,"Screening"
"C=CC(=O)N1CCCCC(CNC(=O)c2cnn3c(C)c(C)ccc23)C1",354.205576072,"Screening"
"C=CC(=O)N1CCCC(c2cccc(C(=O)NCc3cncnc3)c2)C1",350.17427594400004,"Screening"
"C=CC(=O)N(Cc1cn(C2CCC2)nc1C)[C@H](C)C(F)(F)F",315.15584692,"Screening"
"C=CC(=O)N(Cc1c(Cl)cccc1CC)c1cnn(C)c1",303.113839876,"Screening"
"C=CC(=O)N(Cc1ccc(F)cc1F)C1COc2ccccc2C1",329.12273522400005,"Screening"
"C=CC(=O)N(Cc1ccc(C(=O)NC)cc1)C1CCCC1C#N",311.16337691200005,"Screening"
"C=CC(=O)N(Cc1cc2ccccc2o1)CC1CCN(C)C1=O",312.14739249999997,"Screening"
"C#C[C@H]1CC[C@H](N(Cc2c(Cl)cnn2C)C(=O)C=C)CC1",305.12948994,"Screening"
"C=CC(=O)N(Cc1cc(C)n(C)n1)[C@H]1C[C@H](c2cccc(C)c2)C1",323.19976242,"Screening"
"C=CC(=O)N1CCC(C(=O)Nc2cccnc2OC(F)F)C1",311.10814778,"Screening"
"C=CC(=O)N1CCCC1C(=O)N(C)C(C)Cc1ccc(O)cc1",316.17869262799996,"Screening"
"C=CC(=O)Nc1ccc(CC(=O)NCC(=O)NC2CCCC2)cc1",329.173941596,"Screening"
"C=CC(=O)Nc1ccc(CC(=O)N2CC3(CCOCC3)CC2C)cc1",342.194342692,"Screening"
"C=CC(=O)N1CC(C(=O)NCCc2ccc(F)c(Br)c2)C1",354.037918072,"Screening"
"C=CC(=O)N1CC(C(=O)Nc2cccc(S(=O)(=O)Nc3nccs3)c2)C1",392.06129699200005,"Screening"
"C=CC(=O)N1CC(C(=O)Nc2cnn(-c3cccc(Cl)c3)c2C(C)C)C1",372.135303592,"Screening"
"C=CCCC(NC(=O)C1CN(C(=O)C=C)C1)c1ccc(C(F)(F)F)cc1",366.155512572,"Screening"
"C=CC(=O)Nc1ccccc1C(=O)NC1CCC(N2CCCC2=O)CC1",355.18959165999996,"Screening"
"C=CC(=O)N1CCC(C(=O)Nc2ccc(OC(F)F)c(Cc3ccccc3)c2)C1",400.159849004,"Screening"
"C=CC(=O)N1CCCc2c(C(=O)NC3COc4ccc(Cl)cc43)cccc21",382.108420148,"Screening"
"C=CC(=O)N1CCCC1C(=O)N1CCN(Cc2ccc(OCC(F)(F)F)cc2)CC1",425.192626352,"Screening"
"C=CC(=O)Nc1ccc(CC(=O)N2CC(Oc3ccc(Br)cc3)C2)cc1",414.057904568,"Screening"
"C=CC(=O)Nc1ccc(CC(=O)N2CCC(c3ccc(Cl)cc3)CC2)cc1",382.144805656,"Screening"
"C=CC(=O)Nc1ccc(CC(=O)N2CCC[C@@H](C(=O)OC(C)(C)C)C2)cc1",372.204907376,"Screening"
"C=CC(=O)N1CC(CC(=O)Nc2ccccc2OCCc2ccccc2)C1",364.178692628,"Screening"
"C=CC(=O)N1CC(CC(=O)Nc2c(C)cnn2C2CCCc3ccccc32)C1",378.205576072,"Screening"
"C=CC(=O)N1CC(CC(=O)NC(Cc2cccc(F)c2)C(=O)OCC)C1",362.16418543599997,"Screening"
"C=CC(=O)N1CC(CC(=O)N2CCCC(c3nc(-c4cccc(F)c4)no3)C2)C1",398.175418816,"Screening"
"C=CC(=O)N1CC(CC(=O)N2CCN(S(=O)(=O)c3cccc4nsnc34)CC2)C1",435.1034961520001,"Screening"
"C=CC(=O)N1CC(CC(=O)NC2CCCc3c2[nH]c2ccc(Cl)cc32)C1",371.14005462399996,"Screening"
"C=CC(=O)Nc1cccc(CC(=O)Nc2cnn(-c3ccc(C)cc3)c2C(C)C)c1",402.205576072,"Screening"
"C=CC(=O)Nc1cccc(CC(=O)Nc2cccc3c2OC(C)(C)CC3=O)c1",378.15795718399994,"Screening"
"C=CC(=O)Nc1cccc(CC(=O)NCCc2nc3c(s2)COCC3)c1",371.130362532,"Screening"
"C=CC(=O)Nc1cccc(CC(=O)NC2CCCc3c2[nH]c2ccc(OC)cc32)c1",403.18959166,"Screening"
"C=CC(=O)Nc1cccc(CC(=O)N(CC(=O)OCC)Cc2ccccc2O)c1",396.16852186799997,"Screening"
"C=CC(=O)Nc1cccc(CC(=O)NCc2cccc(N3CCCC3=O)c2)c1",377.173941596,"Screening"
"C=CC(=O)Nc1ccc(CCC(=O)NCC(C)c2nc(C)cs2)cc1",357.151097976,"Screening"
"C=CC(=O)Nc1ccc(CCC(=O)N2CCOc3cc(F)c(F)cc32)cc1",372.128548876,"Screening"
"C=CC(=O)Nc1ccc(CCC(=O)Nc2cccc3[nH]nnc23)cc1",335.13822478400004,"Screening"
"C=CC(=O)Nc1ccc(CCC(=O)NC(C)c2oc3ccccc3c2C)cc1",376.178692628,"Screening"
"C=CC(=O)NCc1ccccc1C(=O)Nc1ccc(Oc2cnccn2)cc1",374.1378904360001,"Screening"
"C=CC(=O)NCc1ccccc1C(=O)N(CC)Cc1ccc2[nH]ccc2c1",361.17902697600005,"Screening"
"C=CC(=O)NCc1ccccc1C(=O)N1CCOC(C)(C(=O)OCC)C1",360.16852186799997,"Screening"
"C=CC(=O)NCc1ccccc1C(=O)N[C@@H]1C[C@H]1c1ccccc1F",338.143056068,"Screening"
"C=CC(=O)NCc1ccccc1C(=O)N1CCCC1CS(N)(=O)=O",351.125277152,"Screening"
"C=CC(=O)NCc1ccccc1C(=O)N(Cc1cncs1)Cc1cncs1",398.087117816,"Screening"
"C=CC(=O)NCc1ccccc1C(=O)Nc1ccc2oc(C(N)=O)nc2c1",364.11715499200005,"Screening"
"C#CCCNC(=O)c1conc1C1CCN(C(=O)C=C)CC1",301.142641468,"Screening"
"Cc1ncnn1-c1cccc(NC(=O)CCl)c1",250.062138652,"Screening"
"CCOc1ccc(CN(C(=O)CCl)c2cnn(C3CCC3)c2)cc1",347.140054624,"Screening"
"COc1ccc(F)c(CN(C(=O)CCl)[C@H]2C[C@H](OC)C2)c1",315.103749368,"Screening"
"C=CC(=O)N1CC(C(=O)N(Cc2ccccc2OC)Cc2ccnn2C)C1",368.1848406280001,"Screening"
"C=CC(=O)N1CC(NC(=O)C(C)Oc2ccc(C)cc2C)Cc2ccccc21",378.194342692,"Screening"
"C=CC(=O)N1CC2(COC(CNC(=O)C3CC3c3cnn(C(C)C)c3)C2)C1",372.216140756,"Screening"
"Cn1cc(CN(CC2CCC3(CC2)CC3(F)F)C(=O)CCl)cn1",345.141946444,"Screening"
"Cc1cnsc1CN(Cc1cccc2c1CCC2)C(=O)CCl",334.090661908,"Screening"
"C[C@@H]1C[C@H]1CN(Cc1ccccc1C(F)F)C(=O)CCl",301.104498316,"Screening"
"CCO[C@H]1C[C@@H](N(Cc2c(Cl)cnn2C)C(=O)CCl)C1",319.085432208,"Screening"
"Cc1cccc(F)c1CN(CC(O)C1(C)CC1)C(=O)CCl",313.12448481200005,"Screening"
"C=CC(=O)N1CC(F)(F)C[C@H]1CNC(=O)C1(c2ccc(C)cc2F)CC1",366.155512572,"Screening"
"C=CC(=O)N1CC(F)(F)C[C@H]1CNC(=O)C(C)(C)n1ccc(C2CC2)n1",366.186732448,"Screening"
"O=Cc1ncc(Br)cc1OCc1cc(Cl)cc([N+](=O)[O-])c1",369.935596516,"Screening"
"O=Cc1ccnc(C(=O)N2CCCC2c2cccc3ccccc23)c1",330.136827816,"Screening"
"O=Cc1cncc(C(=O)NCc2cccc3ccccc23)c1",290.105527688,"Screening"
"Cc1nc2cccc(COc3cc(Br)cnc3C=O)c2o1",345.995304312,"Screening"
"O=Cc1ncc(Br)cc1OCc1cccc(C2CC2)c1",331.020790788,"Screening"
"COC(=O)C(Cc1ccccc1)n1cccc1C=O",257.10519334,"Screening"
"COc1cc(C=O)c(B(O)O)cc1OCC(=O)N1CCCC1c1ccc2c(c1)OCCO2",441.15949712799994,"Screening"
"C=CC(=O)N1CCC[C@@H](C(=O)Nc2c(C)nn3cccnc23)C1",313.15387484800004,"Screening"
"C=CC(=O)N1CCC[C@@H](C(=O)NCc2nc(-c3ccc(F)cc3)cs2)C1",373.1260261,"Screening"
"COC(=O)C1(COCc2ccccc2)CN(C(=O)CCl)C1",311.092435736,"Screening"
"O=Cc1ncc(Br)cc1OCC1Cc2ccccc2C1",331.020790788,"Screening"
"CN1C(=O)CCc2cc(COc3cccc(B(O)O)c3C=O)ccc21",339.12780307599996,"Screening"
"O=Cc1c(OCc2nnnn2C2CCCCC2)cccc1B(O)O",330.149935488,"Screening"
"Cc1nc(C(C)Oc2cccc(B(O)O)c2C=O)oc1-c1ccc(Cl)cc1",385.08883072400005,"Screening"
"Cc1ccc(-c2csc(COc3cccc(B(O)O)c3C=O)n2)cc1",353.08930939199996,"Screening"
"Cc1ccccc1-c1nc(COc2cccc(B(O)O)c2C=O)c(C)o1",351.1278030759999,"Screening"
"O=Cc1c(OCc2cccc(Cl)c2F)cccc1B(O)O",308.042295132,"Screening"
"Cc1cncc(-c2nc(COc3cccc(B(O)O)c3C=O)no2)c1",339.10265094799996,"Screening"
"O=Cc1c(OCc2ccn(CC(F)(F)F)n2)cccc1B(O)O",328.08422192399996,"Screening"
"COc1ccc2[nH]c(=O)c(COc3cccc(B(O)O)c3C=O)cc2c1",353.10706763199994,"Screening"
"O=Cc1c(OCc2cccc(OCc3ccccn3)c2)cccc1B(O)O",363.12780307599996,"Screening"
"O=Cc1c(OCCCS(=O)(=O)c2ccccc2)cccc1B(O)O",348.083889664,"Screening"
"CC(NC(=O)COc1cccc(B(O)O)c1C=O)c1ccc(F)cc1",345.11838126400005,"Screening"
"COc1cccc(CN(C)C(=O)COc2cccc(B(O)O)c2C=O)c1",357.13836775999994,"Screening"
"CN(Cc1cc(C#N)ccc1F)C(=O)COc1cccc(B(O)O)c1C=O",370.11363023199993,"Screening"
"Cc1oc(C=O)cc1C(=O)Nc1cc(S(=O)(=O)C(F)(F)F)ccc1O",377.0180927,"Screening"
"CN(CCN1C(=O)c2ccccc2C1=O)S(=O)(=O)c1ccsc1C=O",378.034413548,"Screening"
"C=CS(=O)(=O)NC[C@H](O)c1ccccc1",227.061614276,"Screening"
"COc1cc(B(O)O)c(C=O)cc1OCC(=O)N1CCCCC1C",335.154017824,"Screening"
"COc1cc(B(O)O)c(C=O)cc1OCc1ccc(Cl)c(F)c1",338.052859816,"Screening"
"COc1cc(B(O)O)c(C=O)cc1OCc1noc(C(C)C)n1",320.11796666400005,"Screening"
"COc1cc(C=O)c(B(O)O)cc1OCC(=O)NC(CC(C)C)c1ccccc1",399.185317952,"Screening"
"COc1cc(C=O)c(B(O)O)cc1OCc1csc(-c2cc(Br)ccc2OC)n1",477.005300764,"Screening"
"C=CC(=O)NC(C)(C)CC(C)(NCc1ccccc1)c1nnnn1CC(=C)C",382.24810958000006,"Screening"
"O=Cc1ccc2c(c1)C(=O)N(C1CCC(=O)NC1=O)C2=O",286.05897142,"Screening"
"CC(NC(=O)c1ccc(B(O)O)c(C=O)c1)c1nncn1C",302.11863536000004,"Screening"
"CC(C)(C)OC(=O)NC1COc2c(C=O)cnn2C1",267.121906024,"Screening"
"C=CS(=O)(=O)NC[C@@H](C)n1ccnn1",216.068096624,"Screening"
"COC(CNC(=O)c1ccc(B(O)O)c(C=O)c1)C1CCC1",305.14345314,"Screening"
"O=Cc1cc(C(=O)N2C[C@@H]3CS(=O)(=O)C[C@@H]3C2)ccc1B(O)O",337.07913863199997,"Screening"
"O=Cc1cc(C(=O)NCc2cccc(Oc3cccc4ccccc34)c2)ccc1B(O)O",425.14345313999996,"Screening"
"CC1CN(c2ccc(NC(=O)c3ccc(B(O)O)c(C=O)c3)cc2)CCO1",368.15435217199996,"Screening"
"COc1c(C)ccc(NC(=O)c2ccc(B(O)O)c(C=O)c2)c1C",327.12780307599996,"Screening"
"COC(=O)C1(C)CN(C(=O)c2ccc(B(O)O)c(C=O)c2)CCO1",335.11763231599997,"Screening"
"CN(Cc1ccnn1C)C(=O)c1ccc(B(O)O)c(C=O)c1",301.123386392,"Screening"
"CCN(CC)S(=O)(=O)c1ccc(C(C)NC(=O)c2ccc(B(O)O)c(C=O)c2)cc1",432.15263791999996,"Screening"
"C[C@H](NC(=O)c1ccc(B(O)O)c(C=O)c1)c1ccc(Cl)cn1",332.073515008,"Screening"
"Cc1ccc(CN2CCCN(C(=O)c3ccc(B(O)O)c(C=O)c3)CC2)cc1",380.19073768,"Screening"
"O=Cc1c(-c2cc(F)cc(Br)c2)nc2ccc(F)cn12",335.9709813840001,"Screening"
"O=Cc1cncc(-c2cn(CC3CCCCO3)nn2)c1",272.127325752,"Screening"
"C=CS(=O)(=O)N1CCCC(CO)(C(C)C)C1",247.124214532,"Screening"
"CCN1CCN(C(=O)c2onc(C)c2C=O)CC1",251.126991404,"Screening"
"CCOC(=O)[C@H]1CCCN1C(=O)c1onc(C)c1C=O",280.105921612,"Screening"
"O=C(CCl)NC1(c2cc(F)cc(F)c2)CCC1",259.057548124,"Screening"
"CCOC(=O)c1nn(C)c(NC(=O)CCl)c1Br",322.967230992,"Screening"
"CCOC(=O)Cn1nc(C(C)(C)C)cc1NC(=O)CCl",301.11931918,"Screening"
"O=C(CCl)Nc1ccnn1-c1cccc(F)c1",253.041817808,"Screening"
"CC[C@]1(O)C[C@@H](N(Cc2nn(C)cc2Cl)C(=O)CCl)C1",319.085432208,"Screening"
"CCc1cccc(CN(C(=O)CCl)[C@H]2COC[C@H]2CO)c1",311.12882124399994,"Screening"
"O=C(CCl)N(Cc1ccccc1)Cc1ccon1",264.066555336,"Screening"
"CC(F)(F)c1cccc(CN(C(=O)CCl)[C@H]2CC[C@H](O)C2)c1",331.11506299999996,"Screening"
"COc1ccc(CN(C[C@@H](C)O)C(=O)CCl)cc1C(F)(F)F",339.084905744,"Screening"
"COCCN(Cc1cc2ccccc2s1)C(=O)CCl",297.059027432,"Screening"
"C[C@H](c1ccsc1)N(Cc1nn(C)c2ccccc12)C(=O)CCl",347.08591087599996,"Screening"
"C=CS(=O)(=O)NC[C@H]1C[C@H](CF)C1",207.072927908,"Screening"
"COC(=O)C1CN(C(=O)c2ccc(B(O)O)c(C=O)c2)C2(CCOCC2)C1",375.14893244399997,"Screening"
"O=Cc1cc(C(=O)N2CC3(CCC3)c3ncccc32)ccc1B(O)O",336.128137424,"Screening"
"CP(C)(=O)c1ccc(NC(=O)c2ccc(B(O)O)c(C=O)c2)c(O)c1",361.088654294,"Screening"
"O=Cc1cc(C(=O)NCc2ncoc2C(F)(F)F)ccc1B(O)O",342.06348648,"Screening"
"O=Cc1cc(C(=O)NC2CCN(C(=O)c3ccccn3)C2)ccc1B(O)O",367.13395107599996,"Screening"
"COc1cc(F)cc(CC(C)NC(=O)c2ccc(B(O)O)c(C=O)c2)c1",359.13403132799994,"Screening"
"CCOC(=O)C1c2ccoc2CCN1C(=O)c1ccc(B(O)O)c(C=O)c1",371.1176323159999,"Screening"
"O=Cc1cc(C(=O)Nc2ccc(OC3CCOC3)nc2)ccc1B(O)O",356.117966664,"Screening"
"Cc1ccc(CNC(=O)c2ccc(B(O)O)c(C=O)c2)c(-n2cc(Cl)cn2)n1",398.09531307200007,"Screening"
"CC(=O)NCc1ccc(C2CCCN2C(=O)c2ccc(B(O)O)c(C=O)c2)o1",384.14926679199993,"Screening"
"CCOC1CC(N(C)C(=O)c2ccc(B(O)O)c(C=O)c2)C12CCCCC2",373.20605339599996,"Screening"
"CNC(=O)c1cn(CC2CCCN2C(=O)c2ccc(B(O)O)c(C=O)c2)nn1",385.15574913999995,"Screening"
"O=Cc1cc(C(=O)N2C[C@@H]3OCc4cnnn4[C@H]3C2)ccc1B(O)O",342.11354997999996,"Screening"
"CC(C)CN1CC2CN(C(=O)c3ccc(B(O)O)c(C=O)c3)CCN2C1=O",373.18090126799996,"Screening"
"C[C@@H]1CN(c2cc(CNC(=O)c3ccc(B(O)O)c(C=O)c3)ccn2)C[C@H](C)O1",397.18090126799996,"Screening"
"O=Cc1cc(C(=O)N2CCCCC2c2nc(-c3cccc(F)c3)c[nH]2)ccc1B(O)O",421.160914772,"Screening"
"CC1(C)C=Cc2cccc(NC(=O)c3ccc(B(O)O)c(C=O)c3)c2O1",351.1278030759999,"Screening"
"Cc1ccc(NC(=O)C2(CNC(=O)c3ccc(B(O)O)c(C=O)c3)CCCC2)cc1C",422.20130236399996,"Screening"
"O=Cc1cc(C(=O)N2CC=C(c3cnccn3)CC2)ccc1B(O)O",337.12338639199993,"Screening"
"Cc1nc(C2CCCN2C(=O)c2ccc(B(O)O)c(C=O)c2)[nH]c1C",341.15468652,"Screening"
"O=Cc1cc(C(=O)N2CCn3c(cnc3C(F)(F)F)C2)ccc1B(O)O",367.09512095599996,"Screening"
"Nc1ncnc2sc3c(c12)CCN(C(=O)c1ccc(B(O)O)c(C=O)c1)C3",382.09070635999996,"Screening"
"Cn1c(=O)oc2cc(Cl)c(NC(=O)c3ccc(B(O)O)c(C=O)c3)cc21",374.0476941839999,"Screening"
"COc1ccc(C)cc1C1(CNC(=O)c2ccc(B(O)O)c(C=O)c2)CCOCC1",411.18531795199993,"Screening"
"CC(NC(=O)c1ccc(B(O)O)c(C=O)c1)c1nccn1C",301.123386392,"Screening"
"O=Cc1cc(C(=O)Nc2ccccc2C(=O)N2CCCCC2CCO)ccc1B(O)O",424.18056692,"Screening"
"CCn1ncc(Cl)c1COc1cccc(B(O)O)c1C=O",308.07351500799996,"Screening"
"CC(C)c1cccc(COc2ccc(B(O)O)c(C=O)c2)n1",299.13288845600005,"Screening"
"CC1CCc2onc(COc3ccc(B(O)O)c(C=O)c3)c2C1",315.12780307599996,"Screening"
"O=Cc1cc(OC[C@H]2[C@H](c3ccccc3)C2(F)F)ccc1B(O)O",332.1031458,"Screening"
"Cn1cc(S(N)(=O)=O)c(COc2ccc(B(O)O)c(C=O)c2)n1",339.06963656799996,"Screening"
"CCC1CCCCN1C(=O)C(C)Oc1ccc(B(O)O)c(C=O)c1",333.17475326799996,"Screening"
"Cc1oc(-c2cccs2)nc1COc1ccc(B(O)O)c(C=O)c1",343.06857394799994,"Screening"
"C=CS(=O)(=O)NC(C)(C)C(O)CO",209.07217896,"Screening"
"C=CC(=O)NC(C)(C)CC(C)(NCC1CCCc2nccn21)c1nnnn1CCC",414.2855577080001,"Screening"
"C=CC(=O)NC(C)(C)CC(C)(NCc1nnc2n1CCC2)c1nnnn1CC1CCCO1",443.2757212960001,"Screening"
"C=CC(=O)NC(C)(C)CC(C)(NCC1(OC)CCOCC1)c1nnnn1CCSC",440.25696001200015,"Screening"
"C=CC(=O)Nc1ccc(C(Nc2ccn(C)n2)c2nnnn2-c2ccc(OC)cc2C)cc1",444.20222200800004,"Screening"
"C=CC(=O)Nc1ccc(C(NCc2ccnc(N(C)C)c2)c2nnnn2C(C)(C)C)cc1",434.2542575800001,"Screening"
"C=CC(=O)Nc1ccc(C(NC2CCC(C(N)=O)CC2)c2nnnn2C2CCC2)cc1",423.2382731680001,"Screening"
"C=CC(=O)Nc1ccc(C(NCCNC(=O)COC)c2nnnn2CC2CCOC2)cc1",443.2281024080001,"Screening"
"C=CC(=O)Nc1ccc(C(Nc2ccc(C)c(Cl)c2)c2nnnn2C)cc1",382.13088690800015,"Screening"
"C=CC(=O)Nc1ccc(C(NCCC(C)(C)C)c2nnnn2CCOCC)cc1",400.258674264,"Screening"
"C=CS(=O)(=O)NCCc1sccc1Cl",250.98414824,"Screening"
"C=CC(=O)N1CCCC(NC2(c3nnnn3CCC(=O)OCC)CCC3(CC2)COC3)C1",446.2641535679999,"Screening"
"C=CC(=O)N1CCCC(NC(c2ccc(C3CC3)cc2)c2nnnn2C2CC2)C1",392.23245951600006,"Screening"
"C=CC(=O)N1CCC(CNC(C)(c2nnnn2C2CCCCC2)C2CCOCC2)CC1",430.3056244559999,"Screening"
"C=CC(=O)N1CCC(CNC(c2nnnn2CCOCC)[C@H]2[C@@H]3COC[C@@H]32)CC1",404.25358888399995,"Screening"
"C=CC(=O)N1CCC(CNC(c2nnnn2C(C)C)c2cc(C(=O)OC)c(C)n2C)CC1",443.26448791599995,"Screening"
"C=CC(=O)N1CCC(CNC(c2nc(C)cs2)c2nnnn2Cc2ccccc2)CC1",437.1997794840001,"Screening"
"C=CC(=O)N1CCC(CNC(c2nnc(C)s2)c2nnnn2C2CC2)CC1",388.1793783880001,"Screening"
"C=CS(=O)(=O)N(C)C(=O)c1ccccc1",225.045964212,"Screening"
"C=CC(=O)NCCNC(c1cnc(-c2cccs2)nc1)c1nnnn1C1CCCC1",424.1793783880001,"Screening"
"C=CC(=O)NCCNC(C)(c1nnnn1CC1CC1)[C@@H]1C[C@H]1c1ccccn1",381.227708484,"Screening"
"C=CC(=O)NCCNC(c1ccc(F)c(Br)c1)c1nnnn1CC1CC1",422.0865995800001,"Screening"
"C=CC(=O)NCCNC(c1ccc(OCC)nc1)c1nnnn1CCCSC",405.1946941040001,"Screening"
"C=CS(=O)(=O)NCCc1cccnc1Cl",246.022976272,"Screening"
"C=CS(=O)(=O)NC1CCCCc2ccccc21",251.097999784,"Screening"
"C=CS(=O)(=O)N1CCCC1c1ccc(C)s1",257.05442072,"Screening"
"C=CS(=O)(=O)NC1(Cc2ccc(Cl)nc2)CCC1",286.0542764,"Screening"
"C=CS(=O)(=O)NC[C@@H]1C[C@H]1c1ccc(Br)s1",320.949282724,"Screening"
"C=CS(=O)(=O)N[C@H](COCc1ccccc1)CC(=O)OC",313.098393708,"Screening"
"C=CS(=O)(=O)NCCc1cc(F)cc(Br)c1",306.967789912,"Screening"
"C=CS(=O)(=O)NCCOc1cccc(Br)n1",305.96737531200006,"Screening"
"C=CS(=O)(=O)NCCNC(=O)c1ccco1",244.051777864,"Screening"
"C=CS(=O)(=O)NC1CCCc2sc(Cl)cc21",276.999798304,"Screening"
"C=CS(=O)(=O)NC(C)Cn1cc(C)cn1",229.08849772,"Screening"
"C=CS(=O)(=O)N1CCCn2cc(Br)cc2C1",303.988110756,"Screening"
"C=CS(=O)(=O)NCc1cc(C(C)(C)C)on1",244.088163372,"Screening"
"C=CS(=O)(=O)NC(c1cnn(C)c1)C(C)C",243.104147784,"Screening"
"C=CS(=O)(=O)N[C@@H]1C[C@H]1c1cccc(F)c1",241.057277844,"Screening"
"C=CS(=O)(=O)NCc1ccc(Cl)cc1O",247.00699186,"Screening"
"C=CS(=O)(=O)NC1(C)CCC2(CC2)CC1",229.113649848,"Screening"
"C=CS(=O)(=O)N1CC(COc2ccccc2)OC(C)(C)C1",311.119129152,"Screening"
"C=CS(=O)(=O)N[C@@H]1CCCC[C@@H]1S(N)(=O)=O",268.055148992,"Screening"
"C=CS(=O)(=O)NCc1cccc(F)c1Cl",249.002655428,"Screening"
"C=CS(=O)(=O)N(Cc1cccs1)CC(C)C",259.070070784,"Screening"
"O=C(CCl)N1CCC(n2c(-c3ccc(C(F)(F)F)cc3)nc3ccccc32)CC1",421.11687456800007,"Screening"
"O=C(CCl)N1CCC(n2cnc3cc(Br)ccc32)CC1",355.00870188000005,"Screening"
"COc1cccc(CNC(=O)C(c2cnn(C)c2C)N(CC23COC(C2)C3)C(=O)CCl)c1",460.18773308799996,"Screening"
"Cc1nn(CC(F)(F)F)c(C)c1CNC(=O)C[C@@H]1CCN(C(=O)CCl)C1",394.138338284,"Screening"
"COc1ccc2cccnc2c1CNC(=O)COc1ccc(C=O)c(B(O)O)c1",394.133616728,"Screening"
"COc1cc(C=O)c(B(O)O)cc1OCC(=O)NC(C1CC1)C1CC1",347.154017824,"Screening"
"CCC(Oc1cc(B(O)O)c(C=O)cc1OC)C(=O)Nc1ccc(F)cc1",375.128945948,"Screening"
"CC(Oc1ccc(C=O)c(B(O)O)c1)C(=O)N(C)Cc1ccccc1",341.14345314,"Screening"
"O=Cc1c[nH]nc1CN1C(=O)c2ccccc2C1=O",255.064391148,"Screening"
"COc1cccc(NC=C(C#N)C(=O)N2CCOCC2)c1",287.126991404,"Screening"
"COc1cc(C=C(C#N)C(=O)NCCCN2CCOCC2)ccc1O",345.168856216,"Screening"
"N#CC(=Cc1ccc(O)cc1)C(=O)NCc1ccc(Cl)cc1",312.066555336,"Screening"
"N#CC(=Cc1cc(Br)ccc1O)C(=O)Nc1cc(C(F)(F)F)ccc1Cl",443.94880196800005,"Screening"
"N#CC(=Cc1ccccc1O)C(=O)Nc1cc(C(F)(F)F)ccc1Cl",366.0382899,"Screening"
"CCOC(=O)c1c(-c2ccc(Cl)cc2)csc1NC(=O)C(C#N)=Cc1ccc(O)c(OC)c1",482.07032038799997,"Screening"
"CCOC(=O)c1c(-c2ccc(OC)cc2)csc1NC(=O)C(C#N)=Cc1cc(OC)ccc1O",478.119857424,"Screening"
"Cn1c(CNC=C(C#N)C(=O)NCc2ccco2)cc(=O)n(C)c1=O",343.128054024,"Screening"
"COc1cc(C=O)c(B(O)O)cc1OCc1cn(C(C)C)nn1",319.1339510760001,"Screening"
"O=Cc1ccc2cc(F)cc(Br)c2n1",252.9538541,"Screening"
"C=CS(=O)(=O)N(C)CCOCCOC",223.087829024,"Screening"
"O=Cc1ccc(COc2cccc(Br)c2)o1",279.97350624800004,"Screening"
"COC(=O)c1[nH]c2cccc(Br)c2c1C=O",280.968755216,"Screening"
"CC(Cl)C(=O)Nc1ccc(OCc2ccccc2)cc1",289.08695643199997,"Screening"
"Cc1ccc(-c2nn(Cc3ccccc3)cc2C=O)cc1C",290.14191319599996,"Screening"
"CC(C)c1nn(Cc2ccccc2)c(Cl)c1C=O",262.08729078,"Screening"
"O=CC[C@@H](NC(=O)OCc1ccccc1)C(=O)OCc1ccccc1",341.12632270800003,"Screening"
"O=Cc1cc(=O)c(OCc2ccccc2)cn1Cc1ccccc1",319.120843404,"Screening"
"O=Cc1ccc(-c2ccc([N+](=O)[O-])cc2Cl)o1",250.998535352,"Screening"
"Cc1ccc(Nc2nc(Cl)c(C=O)s2)cc1Cl",285.973439236,"Screening"
"CC(Cl)C(=O)N(C)Cc1nc2ccccc2s1",268.043711716,"Screening"
"O=Cc1ccc(COc2cc(Cl)ccc2Cl)o1",269.985049476,"Screening"
"O=Cc1ccc(-c2ccc(Cl)c(C(F)(F)F)c2)o1",274.000841772,"Screening"
"CN(C)c1nc(C=O)c(Cl)n1-c1ccc(F)cc1",267.057467872,"Screening"
"CC(Cl)C(=O)N(C)CC1COc2ccccc2O1",269.081871052,"Screening"
"Cc1nn(-c2cccc(C(F)(F)F)c2)cc1C=O",254.066697568,"Screening"
"O=Cc1c(Oc2ccc(F)cc2)nc2sccn12",262.021226684,"Screening"
"CC(=O)N(c1ccc(F)cc1)c1nc(C=O)cs1",264.036876748,"Screening"
"COC(=O)c1cc(C=O)cn1-c1ccccc1Cl",263.03492086,"Screening"
"Cn1cc(CCOc2ccc(Br)cc2C=O)cn1",308.01603975600005,"Screening"
"CN(C)S(=O)(=O)c1ccc(-c2ccc(C=O)o2)cc1",279.05652889600003,"Screening"
"O=Cc1cn(CCC(=O)O)nc1-c1ccc(Br)cc1",321.99530431200003,"Screening"
"COc1ccc(-n2c(C)cc(C=O)c2C)cc1OC",259.120843404,"Screening"
"O=C(CCl)N(Cc1ccc2ccccc2c1)C1CC1",273.092041812,"Screening"
"NC(=O)C1CCCN1c1nc2ccccn2c1C=O",258.111675688,"Screening"
"O=C(CCl)N1CCN(S(=O)(=O)c2cccnc2)CC1",303.04443998799997,"Screening"
"O=Cc1cnn(Cc2ccc(OC(F)(F)F)cc2)c1",270.061612188,"Screening"
"CCN(CC)c1ccc2c(Cl)c(C=O)c(=O)oc2c1",279.066220988,"Screening"
"O=Cc1ccc(COc2ccc(Cl)cc2[N+](=O)[O-])o1",281.00910003599995,"Screening"
"O=Cc1ccc(COc2cccc(C(F)(F)F)c2)o1",270.050378808,"Screening"
"Cc1c(C=O)c2ccccn2c1CCc1ccncc1",264.126263132,"Screening"
"Cc1nn(-c2ccccc2)c(N2CCCCC2)c1C=O",269.152812228,"Screening"
"COc1ccc2cc3c(=O)n(C)cc(C=O)c3nc2c1",268.084792244,"Screening"
"Cc1c(C=O)c2ccccn2c1C(=O)c1ccncc1",264.089877624,"Screening"
"O=C(CCl)Nc1ccccc1-c1nc2ccccc2s1",302.0280616520001,"Screening"
"Cc1nn(C)cc1-c1nn(-c2ccccc2)cc1C=O",266.116761068,"Screening"
"CCN(CC)S(=O)(=O)c1cc(NC(=O)C(C)Cl)ccc1C",332.096141212,"Screening"
"COc1ccc(-c2nn(CCC#N)cc2C=O)cc1OC",285.11134134,"Screening"
"CCc1ccc(-c2nn(-c3ccccc3)cc2C=O)cc1",276.12626313199996,"Screening"
"C=CC(=O)N(Cc1ccc(OC(C)C)cc1)c1nn(C)cc1C",313.179026976,"Screening"
"C=CC(=O)N(C)c1ccc(C(=O)N(CCC(F)(F)F)C2CCCC2)cc1",368.171162636,"Screening"
"C=CC(=O)Nc1cc(NC(=O)CC2C(=O)Nc3ccc(F)cc32)ccc1F",371.10814778,"Screening"
"O=C(Nc1ccc(OS(=O)(=O)F)cc1)c1cccc([N+](=O)[O-])c1",340.016535228,"Screening"
"O=S(=O)(F)Oc1cccc(NS(=O)(=O)c2ccc(F)cc2)c1",348.98902082800004,"Screening"
"COc1cc(OCC2CO2)cc(C(F)(F)F)c1",248.066028872,"Screening"
"Cc1nc(-c2ccc(OCC3CO3)c(F)c2)cs1",265.057277844,"Screening"
"Cn1c2c(c3cc(OCC4CO4)ccc31)CCCC2",257.141578848,"Screening"
"CN(c1ccc(OCC2CO2)cc1)S(=O)(=O)c1ccccc1",319.08782902400003,"Screening"
"Cc1ccc(C(=O)N(C)c2ccc(OCC3CO3)cc2)cc1",297.136493468,"Screening"
"O=C(c1ccc(OCC2CO2)cc1)N1CCCC1",247.120843404,"Screening"
"O=C(c1ccc(OCC2CO2)c(Cl)c1)N1CCCC1",281.081871052,"Screening"
"COC(=O)c1cnc2cc(OCC3CO3)ccc2c1",259.084457896,"Screening"
"CC(C)(C)OC(=O)N1CCCN(c2cnc(C=O)cn2)CC1",306.169190564,"Screening"
"COC12CC3CC(C1)C(NC(=O)C(C)Cl)C(C3)C2",271.133906624,"Screening"
"CC(Cl)C(=O)NCc1nc(-c2cccc(C#N)c2)c[nH]1",288.07778871600004,"Screening"
"CC(Cl)C(=O)NCC1CS(=O)(=O)c2ccccc2O1",303.033206608,"Screening"
"CC(Cl)C(=O)N(CC1CC2C=CC1C2)C1CCN(C)CC1",310.18119116400004,"Screening"
"CC(Cl)C(=O)N[C@@H]1CCN(C2CC2)[C@H]1c1ccc(F)c(F)c1",328.11539734800004,"Screening"
"CC(Cl)C(=O)N1CCc2oc(-c3ccccc3)cc2C1",289.08695643199997,"Screening"
"CC(Cl)C(=O)N1CCOCC1c1nc(-c2cccs2)no1",327.04443998799997,"Screening"
"CC(Cl)C(=O)N1CCOCC1c1ncnn1Cc1ccccc1",334.119653528,"Screening"
"CC(Cl)C(=O)N1CCCC(c2ncc(C(F)(F)F)[nH]2)C1",309.0855744400001,"Screening"
"CC(Cl)C(=O)N[C@@H]1CN(Cc2ccccc2)C[C@H]1c1ccccc1",342.14989103600004,"Screening"
"COC1COc2ccccc2C1NC(=O)C(C)Cl",269.081871052,"Screening"
"O=C(CCl)N1CCOCc2cc(C(F)(F)F)ccc21",293.043040932,"Screening"
"O=S(=O)(F)c1ccc(-c2cn(CC3(F)CCNCC3)nn2)cc1",342.0962031920001,"Screening"
"C=CC(=O)N(C)c1ccc(C(=O)Nc2cn(C)nc2OC2CCC2)cc1",354.16919056399996,"Screening"
"C=CC(=O)N(CC)CC(=O)NCCc1cnc(OC)cc1OC",321.168856216,"Screening"
"C=CC(=O)N1CCC(C(=O)NC2(c3cccc(F)c3F)CCCCC2)CC1",376.196234512,"Screening"
"C=CC(=O)N(C)CC(=O)NCC(c1ccc(F)cc1Cl)C(F)(F)F",366.07581828,"Screening"
"C=CC(=O)Nc1ccc(C(=O)NCC2(C)CCCCC2(F)F)cc1",336.164934384,"Screening"
"C=CC(=O)N(CC)CC(=O)N1CCN(c2nc(Cl)c(C#N)n2C)CC1",364.14145159200007,"Screening"
"C=CC(=O)Nc1ccc(C(=O)N2C[C@@]3(F)CCOC[C@@]3(C(=O)OC)C2)cc1",376.143449992,"Screening"
"C=CC(=O)N1CCCC(C(=O)NC2Cc3[nH]ncc3C(C(F)(F)F)C2)C1",370.161660572,"Screening"
"CCSc1cc(CNCc2ccc(OS(=O)(=O)F)cc2)ccn1",356.06646262400005,"Screening"
"C=CC(=O)Nc1ccc(C(=O)NC2CCC(C#CC(=O)OC)CC2)cc1",354.157957184,"Screening"
"COc1cc(NCc2cc(S(=O)(=O)F)ccc2C)cc(S(C)(=O)=O)c1",387.06104289599995,"Screening"
"Cc1ccc(S(=O)(=O)F)cc1CNc1ccn(CCN2CCNC2=O)n1",381.1270887200001,"Screening"
"O=S(=O)(F)c1cccc(-n2cc(CNCCO)nn2)c1",300.0692394960001,"Screening"
"O=S(=O)(F)c1cccc(-n2cc(CCNC3CC3)nn2)c1",310.08997494000005,"Screening"
"C=CC(=O)N1CCN(C(=O)C2CCN(c3nc(C)cs3)CC2)[C@@H](C)C1",362.17764707199996,"Screening"
"C=CC(=O)N1CCN(C(=O)c2ccc(Cl)c(NS(C)(=O)=O)c2)[C@@H](C)C1",385.08630479999994,"Screening"
"C=CC(=O)N1CCN(C(=O)c2cn(-c3cccc(Cl)c3)nn2)[C@@H](C)C1",359.11490249600007,"Screening"
"C=CC(=O)N1CCN(C(=O)c2cc(C)n(C3CCCOC3)c2C)[C@@H](C)C1",359.220891788,"Screening"
"C=CC(=O)N1CCN(C(=O)c2cc3nc(C)cc(C(F)(F)F)n3n2)[C@@H](C)C1",381.141259476,"Screening"
"C=CC(=O)N1CCN(C(=O)Cc2nn(CC)cc2Br)[C@@H](C)C1",368.084788012,"Screening"
"CCn1c(SCc2cccc(S(=O)(=O)F)c2)n[nH]c1=O",317.030411464,"Screening"
"C=CC(=O)Nc1ccc(O)c(C(=O)NCCCn2nccc2C2CC2)c1",354.16919056399996,"Screening"
"C=CC(=O)N1CCC(C(=O)N2CC(C(=O)OCC)Cn3nccc32)CC1",360.17975524800005,"Screening"
"Cn1nc(C(=O)Nc2ccc(OS(=O)(=O)F)cc2)cc1C(C)(C)C",355.100205276,"Screening"
"O=C(Nc1ccc(OS(=O)(=O)F)cc1)c1ccccc1SC(F)F",377.00033446000003,"Screening"
"O=C(CCOc1ccc(F)cc1)Nc1ccc(OS(=O)(=O)F)cc1",357.04824995599995,"Screening"
"Cc1cc(C(=O)Nc2ccc(OS(=O)(=O)F)cc2)nn1C(C)(C)C",355.10020527600005,"Screening"
"Cc1nc(C(C)C)ncc1C(=O)Nc1ccc(OS(=O)(=O)F)cc1",353.08455521199994,"Screening"
"COCC1COCCN1C(=O)c1cncc(OS(=O)(=O)F)c1",334.06348542,"Screening"
"O=C1CC(CNC(=O)c2cncc(OS(=O)(=O)F)c2)CCN1",331.06381976800003,"Screening"
"Cc1ccncc1N(C)C(=O)c1cncc(OS(=O)(=O)F)c1",325.05325508399994,"Screening"
"COCC1(C)CCN(C(=O)c2cncc(OS(=O)(=O)F)c2)C1",332.08422086400003,"Screening"
"CO[C@@H]1CCOC[C@H]1NC(=O)c1cncc(OS(=O)(=O)F)c1",334.06348542,"Screening"
"C[C@@H](C(=O)N(C)C)N(C)C(=O)c1cncc(OS(=O)(=O)F)c1",333.079469832,"Screening"
"COCC1CCCN(C(=O)c2cncc(OS(=O)(=O)F)c2)C1",332.08422086400003,"Screening"
"COC(=O)c1sc(NC(=O)c2cncc(OS(=O)(=O)F)c2)cc1C",374.004256292,"Screening"
"Cc1cc(N(C)C(=O)c2cncc(OS(=O)(=O)F)c2)ccn1",325.053255084,"Screening"
"COC1C(NC(=O)c2cncc(OS(=O)(=O)F)c2)CC1(C)C",332.08422086400003,"Screening"
"O=C(Nc1ccc(OS(=O)(=O)F)cc1)c1cnc2[nH]ccc2c1",335.03760502,"Screening"
"O=C(Nc1ccc(OS(=O)(=O)F)cc1)N1CCc2cccc(Cl)c2C1",384.03468382799997,"Screening"
"CN(C(=O)Nc1ccc(OS(=O)(=O)F)cc1)C1CCCc2ccccc21",378.104956308,"Screening"
"CN(Cc1cnccn1)C(=O)c1cncc(OS(=O)(=O)F)c1",326.048504052,"Screening"
"O=C(Nc1ccc(OS(=O)(=O)F)cc1)N1CCN(C(=O)c2ccc(F)cc2)CC1",425.085698084,"Screening"
"COc1ccc(C2CCCN2Cc2ccc(OS(=O)(=O)F)cc2)cc1",365.10970733999994,"Screening"
"CC(C)(C)n1cc(CN(C(=O)CCl)c2ccc3c(c2)OCO3)cn1",349.11931918,"Screening"
"C=CC(=O)N(Cc1cc(C)ccc1C)C(C)CS(=O)(=O)CC",323.15551466,"Screening"
"C=CC(=O)N(Cc1ccc(C)c(F)c1)C1CCOC(C)(C)C1",305.179107228,"Screening"
"CCc1cccc(CN(C(=O)CCl)C2CCOC(C)(C)C2)c1",323.16520675199996,"Screening"
"CC(O)CC(C)N(Cc1cccc2nsnc12)C(=O)CCl",327.080825496,"Screening"
"C=CC(=O)N(Cc1cc2cc(C)ccc2o1)CC1CCC(O)C1",313.167793596,"Screening"
"C=CC(=O)N(Cc1ccc2c(n1)CCC2)CC(O)C1CCCCC1",328.215078136,"Screening"
"C=CC(=O)N(Cc1cc(F)cc(C(F)(F)F)c1)CC1(O)CCOC1",347.11445628399997,"Screening"
"O=C(CCl)N(Cc1ccc(Cl)s1)C1CCOC2(CCC2)C1",347.051355208,"Screening"
"C=CC(=O)N(Cc1cc(C)nn1C)C1CCc2sc(Cl)cc21",335.08591087599996,"Screening"
"C=CC(=O)N(Cc1cccc(C)c1)CC(C)(O)C(F)(F)F",301.128963476,"Screening"
"C=CC(=O)N(CCC1CC(O)C1)Cc1ccc(C2CCC2)cc1",313.20417910400005,"Screening"
"CCn1ccc(CN(C(=O)CCl)[C@@H]2CCO[C@H]2c2ccccc2)n1",347.140054624,"Screening"
"Cc1ccccc1CN(CCS(=O)(=O)F)Cc1cnn(C)c1",325.12602610000005,"Screening"
"CC(c1ccco1)N(C)C(=O)Nc1ccc(OS(=O)(=O)F)cc1",342.0685708,"Screening"
"Cc1cc(C)cc(C2CCCN2C(=O)Nc2ccc(OS(=O)(=O)F)cc2)c1",392.120606372,"Screening"
"C=CS(=O)(=O)N[C@@H](CC)c1ccccn1",226.077598688,"Screening"
"C=CS(=O)(=O)N[C@H]1CCc2ccc(Br)cc21",300.977211724,"Screening"
"C=CC(=O)N1CCC(C(=O)Nc2ncnc3c(C)csc23)CC1",330.11504681599996,"Screening"
"COCc1cccc(CN(CCS(=O)(=O)F)C(C)CC#N)c1",328.125691752,"Screening"
"Cc1cccc(CN(CCS(=O)(=O)F)CC2(C)COC2)c1",315.13044278399997,"Screening"
"Cc1c(N(CCS(=O)(=O)F)Cc2ccc(F)cc2)cnn1C",329.1009542240001,"Screening"
"COCCN(CCS(=O)(=O)F)Cc1cccc2cc[nH]c12",314.110041688,"Screening"
"Cc1ccccc1CN(CCS(=O)(=O)F)Cc1ncoc1C",326.110041688,"Screening"
"C=CC(=O)N1CCC(C(=O)N(C)[C@@H]2CCC[C@]2(O)c2ccccc2)CC1",356.209992756,"Screening"
"O=C(NC(Cc1ccccc1)C(=O)N1CCOCC1)C1CO1",304.14230712,"Screening"
"C=CC(=O)N1CCC(C(=O)N2c3cccc(OC)c3C(C)CC2(C)C)CC1",370.22564282,"Screening"
"C=CC(=O)N1CCC(C(=O)N2CCOCc3cc(C(F)(F)F)ccc32)CC1",382.15042719200005,"Screening"
"C=CC(=O)N1CCC(C(=O)Oc2cc(Cl)c(Br)cc2F)CC1",388.98296130800003,"Screening"
"C=CC(=O)N1CCC(C(=O)Nc2sc3c(c2C#N)CCC(C)C3)CC1",357.151097976,"Screening"
"C=CC(=O)N(CCc1ccc(Cl)cc1)Cc1csc(C)n1",320.075011844,"Screening"
"C=CC(=O)N1CCC(C(=O)N2CCCSc3ccc(Cl)cc32)CC1",364.10122659200005,"Screening"
"C=CC(=O)N1CCC(C(=O)OCc2ccc(Br)cc2)CC1",351.047005536,"Screening"
"CC(c1ccccc1)N(Cc1ccc2c(c1)CCC(=O)N2C)C(=O)CCl",370.144805656,"Screening"
"C=CC(=O)N(Cc1cnn(C2CCOCC2)c1)c1cccc(C(N)=O)c1",354.16919056399996,"Screening"
"C=CC(=O)N(Cc1cccc(Cl)c1Cl)C1CCN(C(C)=O)CC1",354.09018324,"Screening"
"C=CC(=O)N(Cc1nn(C)cc1Br)CC(O)c1ccccc1F",381.04881710399997,"Screening"
"Cc1cccc(CN(C(=O)CCl)C(C)c2ccc3c(c2)NC(=O)CO3)c1",372.124070212,"Screening"
"Cc1ccc(C(O)CN(Cc2ccnn2C)C(=O)CCl)cc1",321.12440456,"Screening"
"C=CC(=O)N(Cc1ccn(-c2ccccc2)n1)C1CCCc2c1cnn2CCO",391.20082504000004,"Screening"
"C=CC(=O)N(Cc1cc(Cl)cc(C(F)(F)F)c1)CC1COCCO1",363.08490574399997,"Screening"
"C=CC(=O)N(CCS(C)(=O)=O)Cc1cc(OCC)cc2c1OC(C)C2",367.1453439,"Screening"
"C=CC(=O)NCCCOC1CCN(C(=O)c2cscn2)CC1",323.13036253200005,"Screening"
"C=CC(=O)N(Cc1ccc(F)cc1)Cc1cn(CC)nc1C",301.15904048,"Screening"
"C=CC(=O)NCCNC(=O)c1cc(C(F)(F)F)nn1CC",304.11471038,"Screening"
"C=CC(=O)NC(Cc1nc2ccccc2n1C)c1ccccc1",305.152812228,"Screening"
"C=CC(=O)NC(C)c1ccc(-c2scnc2C)cc1Cl",306.05936178,"Screening"
"C=CC(=O)NC(c1ccc(Cl)cc1)c1ccc(C(F)(F)F)cn1",340.059025344,"Screening"
"C=CCOc1ccc(C(F)(F)F)cc1C(=O)N1CC(NC(=O)C=C)C1",354.11912706400005,"Screening"
"Cc1cc(CN(C)C(=O)C(NC(=O)CCl)c2ccccc2)no1",335.103669116,"Screening"
"O=C(CCl)NCc1ccc(CNC(=O)c2cccc3nonc23)c(F)c1",376.073846208,"Screening"
"COc1ccc2cc(CN(Cc3cc(CF)on3)C(=O)CCl)ccc2c1",376.09899833599997,"Screening"
"CN(C(=O)c1cccc2cc(F)ccc12)C1CCC(NC(=O)CCl)CC1",376.13538384399993,"Screening"
"O=C(Cc1ccccc1)NCC(=O)NC1CC(NC(=O)CCl)C12CCC2",377.150619308,"Screening"
"O=C(CCl)NC1(CNC(=O)C2CCc3ccccc3O2)CCCCCC1",378.171020404,"Screening"
"CN(C(=O)CC1CCOc2ccccc21)C1CCC(NC(=O)CCl)CC1",378.171020404,"Screening"
"Cc1cc(C#N)cc(C)c1CN(Cc1c(F)cccc1Cl)C(=O)CCl",378.070196744,"Screening"
"Cc1cc(C(=O)NCC2(NC(=O)CCl)CCCCCC2)nn1C(C)(C)C",382.21355391200007,"Screening"
"O=C(CCl)NC(CNC(=O)c1cnn(-c2ccccc2)n1)c1ccccc1",383.114902496,"Screening"
"CC(NC(=O)CCl)c1ccc(CNC(=O)Cc2ccc3c(c2)CCC3)cc1",384.16045572,"Screening"
"O=C(Cc1noc2ccc(F)cc12)NCC(NC(=O)CCl)c1ccccc1",389.094247304,"Screening"
"CC(C)(C(=O)N1CCC(C(F)(F)F)C(NC(=O)CCl)C1)c1ccccc1",390.132190284,"Screening"
"O=C(CCl)NC(CNC(=O)C1(n2cnnn2)CCCCC1)c1ccccc1",390.157101656,"Screening"
"CC(NC(=O)CCl)c1ccc(CNC(=O)C2CCc3ccccc3CC2)cc1",398.176105784,"Screening"
"CC(C)c1ccc(C(CNC(=O)c2nnc3ccccc3n2)NC(=O)CCl)cc1",411.146202624,"Screening"
"Cc1noc(C)c1C(C)C(=O)NC(CNC(=O)CCl)c1ccc2ccccc2c1",413.150619308,"Screening"
"CC(C)c1ccc(C(CNC(=O)c2cnc3c(n2)CCCC3)NC(=O)CCl)cc1",414.182253784,"Screening"
"Cc1cc2c(cc1C)OC(C(=O)NC(CNC(=O)CCl)c1ccc3ccccc3c1)C2",436.15537034,"Screening"
"O=C(CCl)NCC1(c2ccccc2)CCN(C(=O)Cc2cccc3c2OCCO3)CC1",442.16593502399996,"Screening"
"C=CC(=O)NC(C)C1CCCN(C(=O)C(F)(F)c2ccccc2F)C1",354.155512572,"Screening"
"C=CC(=O)N(Cc1ccc2cc(OC)ccc2c1)Cc1cc(CF)on1",354.13797068800005,"Screening"
"C=CC(=O)N(Cc1cnn(-c2cccc(F)c2)c1)Cc1cc(CC)no1",354.149204068,"Screening"
"C=CC(=O)N(CCS(=O)(=O)N(C)C)Cc1ccc2c(c1)OCCO2",354.12494280399994,"Screening"
"C=CC(=O)N(Cc1cncs1)Cc1cnn(-c2ccccc2)c1OC",354.11504681599996,"Screening"
"C=CC(=O)NC1(CNC(=O)c2ccc3c(c2)CCCC3)CCCCCC1",354.2307282,"Screening"
"C=CC(=O)NC1CC(NC(=O)Cn2ccc(C(F)(F)F)n2)C12CCC2",356.146010508,"Screening"
"C=CC(=O)N(Cc1cc(C)on1)Cc1ccc(-c2ccccc2F)s1",356.09947700400005,"Screening"
"C=CC(=O)NCCC1CCN(C(=O)C2(c3cccc(OC)c3)CC2)CC1",356.209992756,"Screening"
"C=CC(=O)N(Cc1nnn(C(C)(C)C)n1)Cc1cccc(C2CC2)c1F",357.196488608,"Screening"
"C=CC(=O)NC1(CNC(=O)c2cccc3c2OCCCO3)CCCCC1",358.189257312,"Screening"
"C=CC(=O)NC(CCN(C)C(=O)C1Cc2cc(C)ccc2S1)C(C)C",360.187149136,"Screening"
"C=CC(=O)NCc1ccc(CNC(=O)C(=O)N2CCC(C)CC2)c(F)c1",361.180169848,"Screening"
"C=CC(=O)NC(C)c1ccc(CNC(=O)c2cc(C)ccc2C2CC2)cc1",362.199428072,"Screening"
"C=CC(=O)NCCC1CCCCN1C(=O)C(C)n1nnnc1C(C)(C)C",362.24302420000004,"Screening"
"C=CC(=O)NC1(CNC(=O)C(C)Sc2ccc(C)cc2)CCOCC1",362.166413692,"Screening"
"C=CC(=O)NCC1(NC(=O)c2sc(C(C)(C)C)nc2C)CCCCC1",363.198048168,"Screening"
"C=CC(=O)NCC1CCCCC1NC(=O)Cc1csc(C(C)(C)C)n1",363.19804816800007,"Screening"
"C=CC(=O)NC(C)c1ccc(CNC(=O)c2ccnn2C2CCCC2)cc1",366.205576072,"Screening"
"C=CC(=O)NCC(C)(C)C1CCN(C(=O)Cc2coc3ccccc23)CC1",368.209992756,"Screening"
"C=CC(=O)NC1(C2CCN(C(=O)C3CCOc4c(F)cccc43)CC2)CC1",372.18492088000005,"Screening"
"C=CC(=O)NC1CN(C(=O)Cc2nc(C)sc2C)CCC1C(F)(F)F",375.12283254,"Screening"
"C=CC(=O)NCCc1ccc2ccn(S(=O)(=O)c3ccc(C)cc3)c2c1",368.1194635,"Screening"
"O=C(Nc1cccc(N2CCC2=O)c1)c1cc2cc(Br)cnc2s1",400.983359724,"Screening"
"C=CC(=O)N(c1ccc(C(F)(F)F)cc1)C(C(=O)Nc1ccc(OC)cc1)c1cccnc1",455.14567616,"Screening"
"C=CC(=O)N[C@@H]1CN(C(=O)Cc2csc3ccccc23)C[C@H]1C(F)(F)F",382.09628344400005,"Screening"
"C=CC(=O)N[C@H]1C[C@]2(CCCCN2C(=O)C2COc3ccccc3O2)C1",356.173607248,"Screening"
"C=CC(=O)N[C@H]1C[C@]2(CCCCN2C(=O)CCOc2cccc(F)c2)C1",360.18492088000005,"Screening"
"C=CC(=O)N[C@@H]1CN(C(=O)C23CCOC(C)(C2)C3)CC[C@H]1c1ccc(F)cc1",386.20057094400005,"Screening"
"C=CC(=O)NC[C@]1(c2ccccc2)C[C@@H](NC(=O)C2(C(F)(F)F)CC=CCO2)C1",408.166077256,"Screening"
"O=C(CCl)N[C@@H]1CN(C(=O)CCN2CCCS2(=O)=O)CC[C@H]1c1ccc(F)cc1",445.12383317999996,"Screening"
"CC(C)c1nnsc1C(=O)N[C@H]1C[C@@](CNC(=O)CCl)(c2ccccc2)C1",406.123024656,"Screening"
"C[C@H]1CCCN(C(=O)C2Cc3ccccc3C2)[C@H]1CCCNC(=O)CCl",376.191755848,"Screening"
"COc1ccccc1C1(C(=O)N[C@@H]2Cc3ccccc3[C@H]2NC(=O)CCl)CC1",398.13972027600005,"Screening"
"O=C(CCl)N[C@@H]1CN(C(=O)c2ccccc2OC2CCC2)C[C@H]1C1CC1",376.15537034,"Screening"
"O=C(CCl)NC[C@]1(c2ccccc2)C[C@@H](NC(=O)CC2COc3ccccc3O2)C1",428.15028495999996,"Screening"
"O=C(CCl)NC[C@]1(c2ccccc2)C[C@@H](NC(=O)Cc2ccc3ncsc3c2)C1",427.11212562400004,"Screening"
"Cc1ccc(CCC(=O)N[C@@H]2Cc3ccccc3[C@H]2NC(=O)CCl)s1",376.101226592,"Screening"
"CC(C)Oc1cnc(C(=O)N2C[C@H](CC(C)(C)C)[C@@H](NC(=O)CCl)C2)cn1",396.192818468,"Screening"
"O=C(CCl)N[C@@H]1c2ccccc2C[C@H]1NC(=O)Cc1noc2ccc(F)cc12",401.094247304,"Screening"
"O=C(Cc1cncnc1)Nc1cccc(OC2CC(=O)N2)c1",298.106590308,"Screening"
"C=CS(=O)(=O)NC[C@@H](C)OC(C)(C)C",221.108564468,"Screening"
"C=CC(=O)N(c1ccc(C(C)(C)C)cc1)C(C(=O)NC(C)(C)C)c1cncc2ccccc12",443.25727729600004,"Screening"
"C=CC(=O)N(c1ccc(C(C)(C)C)cc1)C(C(=O)NC(C)(C)C)c1cncc(OCC)c1",437.26784198,"Screening"
"C=CC(=O)N(c1ccc(C(C)(C)C)cc1)C(C(=O)NC(C)(C)C)c1cncc(OC)c1",423.252191916,"Screening"
"C=CC(=O)N(c1ccc(C(C)(C)C)cc1)C(C(=O)NC(C)(C)C)c1cnccc1C",407.25727729600004,"Screening"
"COc1ccccc1CN(C)C(=O)c1cc(Cl)c(S(=O)(=O)F)cc1OC",401.04999954399995,"Screening"
"C=CC(=O)N(C1CCCC(C(C)C)CC1)C(C(=O)NC(C)(C)C)c1cccnc1",399.28857742400004,"Screening"
"C=CC(=O)N(C1COC2(CCC2)C1)C(C(=O)NC(C)(C)C)c1cccnc1",371.2208917880001,"Screening"
"C=CC(=O)N(C(C(=O)NC(C)(C)C)c1cccnc1)[C@H]1C[C@H]1c1ccccc1",377.210327104,"Screening"
"C=CC(=O)N1CCC(N(Cc2ccccc2C#N)C2CCC(O)CC2)CC1",367.225977168,"Screening"
"CC(C)CC1CN(C(=O)CCl)CCN1Cc1cccc(Cl)c1",342.126568748,"Screening"
"Cc1cccc(CC2CCN(C(=O)CCl)CC2)c1",265.12334194,"Screening"
"C=CC(=O)N1CCC(C(=O)N2CC(O)(c3cscc3C(=O)OC)C2)CC1",378.12494280399994,"Screening"
"C=CC(=O)Nc1cc(NC(=O)C2(n3cccn3)CCOCC2)ccc1F",358.144118688,"Screening"
"Cc1cc(C=O)c(C)n1-c1cccc(C(=O)NC2CCCCC2C)c1",338.199428072,"Screening"
"C=CC(=O)N(c1ccc(C(C)(C)C)cc1)C(C(=O)NCCc1cccc(F)c1)c1cncc(C#N)c1",484.22745438800007,"Screening"
"C=CC(=O)N(c1ccc(C(F)(F)F)cc1)C(C(=O)NCCc1cccc(F)c1)c1cncc(Cl)c1",505.11801744,"Screening"
"CCOC(=O)c1cccc2nc(C=O)c([N+](=O)[O-])n12",263.05422038800003,"Screening"
"C=CC(=O)N1CC(C(=O)NC(Cc2ccccc2)C(N)=O)C1",301.142641468,"Screening"
"C=CC(=O)N1CC(C(=O)NCc2ccc(N3CCOCC3)c(F)c2)C1",347.164519784,"Screening"
"C=CC(=O)N1CC(C(=O)NCC(c2cccc(C)c2)N2CCOCC2)C1",357.20524172399996,"Screening"
"C=CC(=O)N1CC(C(=O)NC2CC(=O)N(c3ccccc3Cl)C2)C1",347.103669116,"Screening"
"C=CC(=O)N1CC(C(=O)Nc2nn(C(C)c3ccccc3)cc2C)C1",338.174275944,"Screening"
"C=CC(=O)N1CC(C(=O)NCCn2ccc3cc(Cl)ccc32)C1",331.108754496,"Screening"
"C=CC(=O)N1CC(C(=O)NCCc2cc3ccccc3s2)C1",314.108898816,"Screening"
"C=CC(=O)N1CC(C(=O)Nc2cc(Br)c(=O)[nH]c2C)C1",339.021853408,"Screening"
"CCN(CC)S(=O)(=O)c1ccc(-c2ccc(C=O)o2)cc1",307.08782902400003,"Screening"
"Cc1c(C=O)c2ccccn2c1C(=O)c1ccc(F)cc1",281.085206844,"Screening"
"CCOC(=O)c1sc2nc(C)cc(C)c2c1NC(=O)CCl",326.04919102,"Screening"
"Cc1nn(Cc2ccc(Cl)cc2)c(SCC(=O)O)c1C=O",324.03354095599997,"Screening"
"COCCOc1ccc(C(F)(F)F)cc1NC(=O)C(C)Cl",325.06925568,"Screening"
"Cn1cnnc1SCc1cc(Cl)cc2c(=O)c(C=O)coc12",335.01313985999997,"Screening"
"O=Cc1ccc(-c2ccc(S(=O)(=O)N3CCOCC3)cc2)o1",321.06709358,"Screening"
"CCc1ccc(-c2nn(-c3ccccc3C)cc2C=O)cc1",290.14191319599996,"Screening"
"CC1CN(C(CNC(=O)CCl)c2c(F)cccc2Cl)CCO1",348.08076142799996,"Screening"
"Cc1nn(-c2ccccc2)c(Sc2ccc(Cl)cc2)c1C=O",328.043711716,"Screening"
"Cc1cc2c(n1-c1cccc(C(F)(F)F)c1)CCC(C=O)=C2Cl",339.06377637599996,"Screening"
"COc1cc(C=O)ccc1OCc1ccn(-c2ccccc2)n1",308.116092372,"Screening"
"O=Cc1cn(-c2ccccc2)nc1-c1cc2ccccc2oc1=O",316.0847922439999,"Screening"
"Cc1cc(C=O)c(C)n1-c1cccc(S(=O)(=O)N2CCOCC2)c1",348.11437811999997,"Screening"
"CCOC(=O)c1ccc(S(=O)(=O)N2CCN(C(=O)CCl)CC2)cc1",374.070320388,"Screening"
"CCOc1cc(N2CCOCC2)c(OCC)cc1NC(=O)C(C)Cl",356.15028496,"Screening"
"Cc1ccc(-n2c(N3CCc4ccccc4C3)nc(Cl)c2C=O)cc1",351.11383987599993,"Screening"
"N#CC(=Cc1cc(F)ccc1F)C(=O)NC1CCCCC1",290.12306957199996,"Screening"
"O=Cc1c(Cl)ncn1-c1ccc(Br)cc1",283.935202592,"Screening"
"COc1cccc(NC(=O)COc2ccc(C(=O)Nc3ccc(N4CCC4=O)cc3)cc2)c1",445.163770836,"Screening"
"COc1cc(C(=O)Nc2ccc(N3CCC3=O)cc2)on1",287.09060589600006,"Screening"
"Cn1nnc2ccc(C(=O)Nc3ccc(N4CCC4=O)cc3)cc21",321.12257472,"Screening"
"N#CC(=Cc1ccco1)C(=O)NS(=O)(=O)c1cncc(Cl)c1",336.992404416,"Screening"
"N#CC(=Cc1c[nH]nc1-c1cc2ccccc2o1)C(=O)N1CCCC1",332.127325752,"Screening"
"Cc1ccc(S(=O)(=O)N2CCN(C(=O)COC(=O)c3nc(Cl)ccc3Cl)CC2)c(C)c1",485.05789713200005,"Screening"
"CCCn1c(C)cc(C=C(C#N)C(=O)NCC2(C3CC3)CC2)c1C",325.215412484,"Screening"
"N#CC(=Cc1ccco1)C(=O)N1CCN(CCc2ccccc2)CC1",335.163376912,"Screening"
"C=CC(=O)N1CCC(C(=O)N2CCNC(c3ccncc3)C2)CC1",328.189926008,"Screening"
"CCOc1nc(C)ccc1C(=O)NCc1cccc(N2CCC2=O)c1",339.15829153199996,"Screening"
"Cc1nn(-c2ccc(C(=O)NCc3cccc(N4CCC4=O)c3)cc2)c(C)c1Cl",408.135303592,"Screening"
"C=CC(=O)Nc1ccc(C(=O)Nc2cc(Cl)ccc2N2CCOCC2)cc1",385.11931918,"Screening"
"COc1ccc(CCNC(=O)C(C#N)=Cc2cccc(Cl)c2Cl)cc1OC",404.06944779599996,"Screening"
"Cc1ccc(C=CS(=O)(=O)NCC(=O)OCCCn2c(=O)[nH]c3ccccc32)cc1",429.13584183600005,"Screening"
"CCOc1ccc(C(=O)CN(C#N)C(=O)c2ccccc2)cc1",308.116092372,"Screening"
"Cc1n[nH]c(C)c1C=C(C#N)C(=O)Nc1cc2c(cc1[N+](=O)[O-])OCCO2",369.1073185799999,"Screening"
"O=C(CCN1C(=O)CNC1=O)Nc1ccc(NS(=O)(=O)C=Cc2ccccc2)cc1",428.11544073999994,"Screening"
"CCCn1c(C)cc(C=C(C#N)C(=O)NCCOc2ccc(OC)cc2)c1C",381.20524172399996,"Screening"
"Cc1cc(C=C(C#N)C(=O)NC2=NCCS2)c(C)n1CC1CCCO1",358.14634694399996,"Screening"
"CCCn1c(C)cc(C=C(C#N)C(=O)N=c2sccn2C)c1C",328.13578226,"Screening"
"COCCn1c(C)cc(C=C(C#N)C(=O)NC(C)c2ccc(Br)cc2)c1C",429.105189108,"Screening"
"CCCn1c(C)cc(C=C(C#N)C(=O)NCC(=O)Nc2ccc(F)c(F)c2)c1C",400.171082384,"Screening"
"Cc1cc(C=C(C#N)C(=O)NC2CCOCC2)c(C)n1C1CCCCC1",355.225977168,"Screening"
"COc1ccc(CCNC(=O)COC(=O)c2ccc(C=O)cc2)cc1",341.126322708,"Screening"
"O=Cc1ccc(C(=O)OCC(=O)N2CCc3ccccc32)cc1",309.10010796,"Screening"
"CCCCNC(=O)C(C#N)=CN1CCN(c2cccc(C(F)(F)F)c2)CC1",380.18239601600004,"Screening"
"CN(C)C(=O)c1ccc(NC(=O)C(C#N)=Cc2cc(F)ccc2F)cc1",355.11323316,"Screening"
"COc1ccc(OCC(=O)NCc2ccccc2OC)c(C=O)c1",329.126322708,"Screening"
"Cc1n[nH]c(C)c1C=C(C#N)C(=O)Nc1cc(Cl)ccc1N1CCOCC1",385.13055255999996,"Screening"
"CC(=O)c1cccc(S(=O)(=O)NC(=O)C(C#N)=Cc2ccco2)c1",344.04669248399995,"Screening"
"COc1cc(C=O)ccc1OCC(=O)NC1CCCc2ccccc21",339.147058152,"Screening"
"N#CC(=CN1CCN(c2cccc(Cl)c2)CC1)C(=O)Nc1ccccc1",366.12473890800004,"Screening"
"CCOC(=O)N1CCN(C=C(C#N)C(=O)NCCc2ccccc2)CC1",356.18484062799996,"Screening"
"N#CC(=CN1CCN(c2ccc(F)cc2)CC1)C(=O)NCCc1ccccc1",378.18558957600004,"Screening"
"CC(c1nc(-c2cccc(C(F)(F)F)c2)no1)N1CCN(S(=O)(=O)C=Cc2ccccc2)CC1",492.144296256,"Screening"
"CCOCCN1C(=O)C(Oc2ccccc2F)C1c1cccs1",335.09914265599997,"Screening"
"COCCCNC(=O)C(C#N)=Cc1cnc(-c2ccco2)s1",317.08341234000005,"Screening"
"O=Cc1ccc(OCC(=O)OCc2coc(-c3cccs3)n2)cc1",343.0514435160001,"Screening"
"Cc1ccccc1NC(=O)C(C#N)=Cc1cc(C)n(C2CC2)c1C",319.168462292,"Screening"
"O=S(=O)(F)c1ccc(S(=O)(=O)Nc2ccccc2)cc1",315.00352802000003,"Screening"
"CCCn1c(C)cc(C=C(C#N)C(=O)N(C)Cc2ccc(Cl)cc2Cl)c1C",403.121817716,"Screening"
"N#CC(=Cc1cn(-c2ccccc2)nc1-c1cccnc1)C(=O)Nc1ccc(C(=O)O)cc1",435.13313940399996,"Screening"
"CCOC(=O)c1c(NC(=O)C(C#N)=Cc2c(C)nn(CCC(=O)O)c2C)sc2c1CCCC2",470.16239093199994,"Screening"
"Cc1cccc(NC(=O)C(C#N)=Cc2cc(C)n(-c3ccc(F)cc3)c2C)c1",373.15904048,"Screening"
"Cc1cc(C=C(C#N)C(=O)Nc2ccc3ccccc3c2)c(C)n1C1CCCCC1",397.215412484,"Screening"
"Cc1cc(C=C(C#N)C(=O)Nc2ccc(Cl)cc2)c(C)n1-c1ccc(F)cc1",393.1044180640001,"Screening"
"Cc1c(C=C(C#N)C(=O)Nc2nccs2)cc(C#N)n1C",297.06843097200004,"Screening"
"Cc1cccc(COC(=O)CCn2nc(C)c(C=O)c2C)c1",300.1473925,"Screening"
"CCCCc1ccc(NC(=O)C(C#N)=Cc2cc(C)n(-c3cccc(Cl)c3Cl)c2C)cc1",465.13746778,"Screening"
"COc1ccc(-n2c(C)cc(C=C(C#N)C(=O)NCC(c3cccs3)N3CCOCC3)c2C)cc1",490.20386182,"Screening"
"O=C(Nc1cc(S(=O)(=O)N2CCCCC2)ccc1N1CCOCC1)c1cnc(Cl)c(Cl)c1",498.089531608,"Screening"
"CCCn1c(C)cc(C=C(C#N)C(=O)Nc2cc(OCC)c(N3CCOCC3)cc2OCC)c1C",480.27365563199993,"Screening"
"CCOc1ccc(Nc2nc3c(C)cccn3c(=O)c2C=O)cc1",323.12699140399997,"Screening"
"CC(=O)c1ccc(N2CCN(CN3C(=O)CC3c3ccccc3)CC2)cc1",363.19467704,"Screening"
"O=C1C2C3CCC(C3)C2N1CN1CCOC(c2ccc(F)cc2)C1",330.174356196,"Screening"
"CN(Cc1ccc(OC(F)F)cc1)C(=O)c1ccc(NS(=O)(=O)C=Cc2ccccc2)cc1",472.12683462399997,"Screening"
"Cc1noc(C)c1CN(C#N)c1ccc(F)c([N+](=O)[O-])c1",290.081518432,"Screening"
"CCc1cccc(N(C#N)Cc2csc(C(C)OC)n2)c1",301.12488322800004,"Screening"
"NC(=O)C1CCN(C(=O)c2ccc(NS(=O)(=O)C=Cc3ccccc3)cc2)CC1",413.140927216,"Screening"
"O=C(NCCc1c[nH]c2ccccc12)c1ccc(NS(=O)(=O)C=Cc2ccccc2)cc1",445.14601259599993,"Screening"
"O=C1C(Oc2ccccc2)C(c2ccccc2)N1c1ccccc1",315.12592878400005,"Screening"
"COc1ccc(N2C(=O)C(Oc3ccccc3)C2c2cccnc2)cc1",346.131742436,"Screening"
"Cc1cc(C=C(C#N)C(=O)NCc2ccccc2)c(C)n1C1CC1",319.168462292,"Screening"
"Cc1cc(C=C(C#N)C(=O)N2CCN(Cc3ccccc3)CC2)c(C)n1C1CC1",388.226311516,"Screening"
"N#CC(=Cc1cccc(F)c1)C(=O)Nc1ccc(SC(F)F)cc1",348.054418632,"Screening"
"COc1ccc(-c2nn(-c3ccccc3)cc2C=C(C#N)C(N)=O)cc1",344.127325752,"Screening"
"CCN(Cc1ccccc1)c1ccc(C=C(C#N)C(=O)Nc2cc(C(F)(F)F)ccc2Cl)cc1",483.132524632,"Screening"
"Cc1nn(-c2cccc(C(F)(F)F)c2)c(Cl)c1C=C(C#N)C(=O)Nc1ccc(SC(F)F)cc1",512.049700848,"Screening"
"N#CC(=Cc1ccc2ccccc2c1)C(=O)NCc1ccccc1",312.12626313199996,"Screening"
"N#CC(=Cc1cccc([N+](=O)[O-])c1)C(=O)NCc1ccc(Cl)cc1",341.056718924,"Screening"
"N#CC(=Cc1cn(-c2ccccc2)nc1-c1ccc(Cl)cc1)C(N)=O",348.077788716,"Screening"
"CCOc1cc(C=C(C#N)C(N)=O)cc(Br)c1OCc1ccccc1",400.042254504,"Screening"
"CN(c1ccccc1)c1ccc(C=C(C#N)C(=O)Nc2cccc(C(F)(F)F)c2)cc1[N+](=O)[O-]",466.125275064,"Screening"
"Cn1ccnc1Sc1ccc(C=C(C#N)C(N)=O)cc1[N+](=O)[O-]",329.058260212,"Screening"
"N#CC(=Cc1ccc(-c2ccc(S(=O)(=O)Nc3ncccn3)cc2)o1)C(=O)Nc1cccc(C(F)(F)F)c1",539.087509652,"Screening"
"COC(=O)c1ccc(COc2ccc(C=C(C#N)C(=O)NCc3ccc(Cl)cc3)cc2)cc1",460.118984832,"Screening"
"COc1cc(C=C(C#N)C(=O)Nc2ccc(SC(F)F)cc2)c([N+](=O)[O-])cc1OC",435.07004802,"Screening"
"CCOc1cc(C=C(C#N)C(N)=O)ccc1OCc1c(F)cccc1Cl",374.083348272,"Screening"
"CCCCCCCCNC(=O)C(C#N)=Cc1ccc(C)s1",304.160934388,"Screening"
"CC(NC(=O)C(C#N)=Cc1cccc(Cl)c1Cl)c1ccccc1",344.04831842799996,"Screening"
"CC(NC(=O)C(C#N)=Cc1cccc(C(F)(F)F)c1)c1ccccc1",344.11364776,"Screening"
"CC(NC(=O)C(C#N)=Cc1ccccc1F)c1ccccc1",294.11684132,"Screening"
"CC(=O)N(c1ccc(C)c(C)c1)c1nc(C=C(C#N)C(N)=O)cs1",340.09939675199996,"Screening"
"N#CC(=Cc1ccc(-c2ccccc2)cc1)C(=O)NCc1ccccc1",338.14191319599996,"Screening"
"CC(NC(=O)C(C#N)=Cc1ccc(C(C)(C)C)cc1)c1ccccc1",332.18886338799996,"Screening"
"N#CC(=Cc1ccc2c(c1)OCO2)C(=O)Nc1cc(C(F)(F)F)ccc1Cl",394.03320452,"Screening"
"N#CC(=Cc1ccccc1C(F)(F)F)C(=O)Nc1ccc(SC(F)F)cc1",398.051225072,"Screening"
"COC(=O)c1ccc(C=C(C#N)C(=O)Nc2cccc(C(F)(F)F)c2)cc1",374.08782693600006,"Screening"
"COc1cccc(C=C(C#N)C(=O)Nc2c(C)cccc2C)c1OC(F)F",372.12854887599997,"Screening"
"CN1C(=CC=C(C#N)C(=O)Nc2ccccc2Oc2ccccc2)C(C)(C)c2ccccc21",435.19467704,"Screening"
"N#CC(=Cc1ccccc1OC(F)F)C(=O)Nc1ccccc1Oc1ccccc1",406.11289881199997,"Screening"
"CCOCCCNC(=O)C(C#N)=Cc1ccc2c(c1)OCCO2",316.14230712,"Screening"
"COc1ccc(NC(=O)C(C#N)=Cc2c(C)nn(-c3ccc(F)cc3)c2Cl)cc1Cl",444.0556093,"Screening"
"CCCCNC(=O)C(C#N)=Cc1c(Cl)cccc1Cl",296.04831842799996,"Screening"
"CCOCCCNC(=O)C(C#N)=Cc1cccc(OCc2ccccc2)c1",364.178692628,"Screening"
"COc1cc(C=C(C#N)C(=O)Nc2ccccc2Oc2ccccc2)ccc1OC(=O)c1cccs1",496.10929274,"Screening"
"CC1CCCCC1NC(=O)C(C#N)=Cc1ccc2c(c1)OCCO2",326.16304256399997,"Screening"
"N#CC(=Cc1ccncc1)C(=O)Nc1cccc(Cl)c1",283.05123962,"Screening"
"CCCCc1ccc(NC(=O)C(C#N)=Cc2cccc3ccccc23)cc1",354.17321332399996,"Screening"
"N#CC(=Cc1ccccc1OCC(=O)O)C(=O)Nc1cc(Cl)ccc1Cl",390.017412224,"Screening"
"CCOc1ccc(NC(=O)C(C#N)=Cc2ccc(OCc3ccc(C(=O)OC)o3)c(OC)c2)cc1",476.1583511079999,"Screening"
"Cc1ccc(Sc2ccc(C=C(C#N)C(=O)N3CCCC3)cc2[N+](=O)[O-])cc1",393.114712468,"Screening"
"N#CC(=CC=Cc1ccccc1[N+](=O)[O-])C(=O)NCCc1ccccc1",347.126991404,"Screening"
"CCCCNC(=O)C(C#N)=Cc1ccc(Br)cc1F",324.027353388,"Screening"
"COc1cc(C=C(C#N)C(=O)NC2CCCCC2C)ccc1OCc1cccc(C(F)(F)F)c1",472.197377384,"Screening"
"N#CC(=Cc1c(F)cccc1F)C(=O)NCCc1ccccc1",312.10741950799996,"Screening"
"CCOCCCNC(=O)C(C#N)=Cc1cccc(OC)c1OC(F)F",354.13911356,"Screening"
"CCc1ccc(NC(=O)C(C#N)=Cc2ccc(OC(F)F)cc2)cc1",342.117984192,"Screening"
"N#CC(=Cc1ccc(-c2ccc(S(=O)(=O)Nc3ncccn3)cc2)o1)C(=O)Nc1cccc2ccccc12",521.115775088,"Screening"
"N#CC(=Cc1ccc(N2CCOCC2)cc1)C(=O)NCC1CCCO1",341.17394159599996,"Screening"
"CC(=O)Nc1ccc(C=C(C#N)C(=O)NC2CCCCC2)cc1",311.163376912,"Screening"
"CC1CCCCC1NC(=O)C(C#N)=Cc1ccc(Sc2nccn2C)c([N+](=O)[O-])c1",425.15216059600004,"Screening"
"CC(C)(C)c1ccc(Oc2ccc(C=C(C#N)C(=O)Nc3cccc(Cl)c3)cc2[N+](=O)[O-])cc1",475.12988386399996,"Screening"
"N#CC(=Cc1ccc(N2CCOCC2)cc1)C(=O)Nc1ccc(C(=O)O)cc1",377.13755608799994,"Screening"
"N#CC(=Cc1ccccc1OC(F)F)C(=O)NC1CCCCC1",320.133634256,"Screening"
"CCc1cccc(CC)c1NC(=O)C(C#N)=Cc1ccc(C(C)(C)C)cc1",360.22016351599996,"Screening"
"COc1ccc(CCNC(=O)C(C#N)=Cc2ccc(Cl)c([N+](=O)[O-])c2)cc1OC",415.09349835599994,"Screening"
"COc1cc(Cl)c(C)cc1NC(=O)C(C#N)=Cc1ccc(OC(F)F)cc1",392.07392646,"Screening"
"N#CC(=Cc1cccc(Br)c1)C(=O)N1CCN(c2ccccc2F)CC1",413.05390248400005,"Screening"
"COc1ccccc1C=C(C#N)C(=O)Nc1ccc(C(=O)O)cc1",322.09535692799994,"Screening"
"C=CCNC(=O)C(C#N)=Cc1cccc(Br)c1",290.005475072,"Screening"
"N#CC(=Cc1ccc(N2CCCCC2)cc1)C(=O)Nc1cccc(Cl)c1",365.12948994,"Screening"
"CCOc1cc(C=C(C#N)C(=O)NC2CCCCC2C)ccc1OC(C)C(=O)N(C)C",427.247106536,"Screening"
"COc1ccc(C=C(C#N)C(=O)Nc2cc(C)c(Cl)cc2OC)cc1O",372.08768470399997,"Screening"
"N#CC(=Cc1ccc(-c2ccccc2)cc1)C(=O)Nc1ccc(N2CCOCC2)cc1",409.179026976,"Screening"
"Cc1ccc(C=C(C#N)C(=O)Nc2ccc(N3CCOCC3)cc2)s1",353.119797848,"Screening"
"Cc1nn(-c2ccc(F)cc2)c(Cl)c1C=C(C#N)C(=O)Nc1ccc(N2CCOCC2)cc1",465.136780812,"Screening"
"N#CC(=Cc1ccccc1OCc1ccccc1)C(=O)NC(N)=O",321.11134134,"Screening"
"CCOC(=O)c1c(NC(=O)C(C#N)=Cc2ccc(OC(F)F)cc2)sc2c1CCCC2",446.11118455999997,"Screening"
"N#CC(=Cc1cn(-c2ccccc2)nc1-c1ccccc1)C(=O)Nc1nccs1",397.09973110000004,"Screening"
"CC(=O)N(c1nc(C=C(C#N)C(=O)Nc2ccc3c(c2)OCCO3)cs1)c1ccccc1F",464.09545424399994,"Screening"
"N#CC(=Cc1ccc(-c2cccc([N+](=O)[O-])c2)o1)C(=O)Nc1nccs1",366.0422758,"Screening"
"COC(=O)c1ccc(C=C(C#N)C(=O)Nc2ccc(OC)cc2)cc1",336.111006992,"Screening"
"CC(C)(C)c1ccc(Oc2ccc(C=C(C#N)C(=O)Nc3nccs3)cc2[N+](=O)[O-])cc1",448.12052611999997,"Screening"
"COc1ccc(NC(=O)C(C#N)=Cc2ccc(OC(=O)c3ccc(OC)cc3)c(OC)c2)cc1",458.14778642399995,"Screening"
"CCOC(=O)c1c(NC(=O)C(C#N)=Cc2ccc(CC)c([N+](=O)[O-])c2)sc2c1CCCC2",453.135841836,"Screening"
"COc1ccc(NC(=O)C(C#N)=Cc2ccc(Oc3ccc(C(C)(C)C)cc3)c([N+](=O)[O-])c2)cc1",471.1794209,"Screening"
"Cc1c(NC(=O)C(C#N)=Cc2ccsc2)c(=O)n(-c2ccccc2)n1C",364.099396752,"Screening"
"Cc1cc(C)c(C=C(C#N)C(=O)Nc2nccs2)cc1C",297.0935831,"Screening"
"CCN(CC)c1ccc(C=C(C#N)C(=O)Nc2cccc(S(=O)(=O)N3CCCCC3)c2)cc1",466.20386181999993,"Screening"
"Cc1ccc(C=C(C#N)C(=O)Nc2cccc(S(=O)(=O)N3CCCCC3)c2)o1",399.12527715199997,"Screening"
"N#CC(=Cc1c(F)c(F)c(F)c(F)c1F)C(=O)Nc1ccc(N2CCOCC2)cc1",423.100617788,"Screening"
"N#CC(=Cc1cccc(O)c1)C(=O)Nc1ccc(N2CCOCC2)cc1",349.14264146799997,"Screening"
"N#CC(=Cc1ccc(OCc2ccccc2)cc1)C(=O)Nc1ccc(N2CCOCC2)cc1",439.18959166,"Screening"
"N#CC(=Cc1ccc(N2CCOCC2)cc1)C(=O)Nc1nccs1",340.09939675199996,"Screening"
"Cc1cc(C=C(C#N)C(=O)Nc2ccccc2C(=O)O)c(C)n1-c1ccccc1",385.1426414680001,"Screening"
"CCOC(=O)c1c(NC(=O)C(C#N)=Cc2cccnc2)sc(C)c1C",355.09906240400005,"Screening"
"Cc1cccc(-n2c(C)cc(C=C(C#N)C(=O)Nc3ccccc3C(=O)O)c2C)c1",399.15829153199996,"Screening"
"CNC(=O)C(C#N)=Cc1ccc(OCC(=O)Nc2ccc(C)cc2)c(OC)c1",379.153206152,"Screening"
"N#CC(=Cc1ccc(Br)s1)C(=O)Nc1ccccc1C(=O)O",375.951725248,"Screening"
"CCOC(=O)c1ccc(-c2ccc(C=C(C#N)C(=O)Nc3sc(C)c(C)c3C(=O)OCC)o2)cc1",492.135507488,"Screening"
"N#CC(=Cc1ccc(OC(F)F)cc1)C(=O)Nc1sc2c(c1C(N)=O)CCCC2",417.09586884400005,"Screening"
"CCC(C)c1ccc(NC(=O)C(C#N)=Cc2cnn(C(C)(C)C)c2)cc1",350.210661452,"Screening"
"CCc1cccc(CC)c1NC(=O)C(C#N)=Cc1c(C)nn(-c2ccccc2Cl)c1Cl",452.117066684,"Screening"
"Cc1nn(Cc2ccccc2)c(Cl)c1C=C(C#N)C(=O)NCc1ccccc1",390.124738908,"Screening"
"N#CC(=Cc1cn(-c2ccccc2)nc1-c1cc2ccccc2o1)C(=O)Nc1ccc(SC(F)F)cc1",512.111853256,"Screening"
"CCCCCCCCOc1ccc(C=C(C#N)C(=O)NCc2ccccc2)cc1",390.2307282,"Screening"
"CC1CCCCC1NC(=O)C(C#N)=Cc1ccc(OC(F)F)cc1OC(F)F",400.14100537999997,"Screening"
"N#CC(=Cc1cn(-c2ccccc2)nc1-c1cc2ccccc2o1)C(=O)Nc1cccc2ncccc12",481.15387484800004,"Screening"
"COC(=O)c1ccc(COc2ccccc2C=C(C#N)C(=O)NC(C)C)cc1",378.157957184,"Screening"
"CCOC(=O)c1c(NC(=O)C(C#N)=Cc2c(C)cc(C)cc2C)sc2c1CCCC2",422.16641369200005,"Screening"
"COCCCNC(=O)C(C#N)=Cc1c(OC)cc(OC)cc1OC",334.152871804,"Screening"
"CC(C)NC(=O)C(C#N)=Cc1nn(Cc2ccccc2)cc1-c1cccnc1",371.17461029200007,"Screening"
"N#CC(=Cc1ccc(OC(F)F)cc1OC(F)F)C(=O)Nc1cccc(Cl)c1Cl",448.00046042,"Screening"
"N#CC(=Cc1sc(N2CCCCC2)nc1-c1cccs1)C(=O)Nc1ccc(N2CCOCC2)cc1",505.160617104,"Screening"
"N#CC(=Cc1cc2ccccc2nc1N1CCOCC1)C(=O)Nc1cc2c(cc1[N+](=O)[O-])OCCO2",487.14918339199994,"Screening"
"Cc1ccc(C=CS(=O)(=O)NC(C)c2sc(C)nc2C)cc1",336.09661988,"Screening"
"N#CC(=Cc1c[nH]nc1-c1ccc(Br)cc1)C(=O)NCC1CCCO1",400.053487884,"Screening"
"CC(=O)Nc1cccc2c1CCN(S(=O)(=O)C=Cc1ccc(Cl)cc1)C2",390.080491148,"Screening"
"N#CN(CCCO)c1ccc(F)c(Br)c1",271.99605326,"Screening"
"CC(C)OCCN(C#N)c1ccc(F)c(Br)c1",300.027353388,"Screening"
"O=S(=O)(C=Cc1ccc(Cl)cc1)NCC(c1cccs1)N1CCOCC1",412.06821221200005,"Screening"
"Cn1nc(Br)c2c(Oc3ccc(C=O)cc3)ncnc21",331.9908876280001,"Screening"
"CN(C)C(CNC(=O)c1ccc(NS(=O)(=O)C=Cc2ccccc2)cc1)c1cccc(F)c1",467.167890912,"Screening"
"COCCN(C(=O)COC(=O)c1cccnc1SC)c1c(N)n(Cc2ccccc2)c(=O)[nH]c1=O",499.15255452,"Screening"
"O=Cc1ccccc1C(=O)OCN1C(=O)c2ccccc2C1=O",309.063722452,"Screening"
"CCOC=C(C#N)C(=O)NC(C)c1nc(-c2cccc(OC)c2)no1",342.132805056,"Screening"
"C=CC(=O)NCCC(=O)Nc1cccc(Cn2ccnc2C(C)C)c1",340.189926008,"Screening"
"O=Cc1ccc(OC(=O)c2cc(-c3ccccc3)nc3ccccc23)cc1",353.10519334,"Screening"
"CCN(CC)c1ccc(C=C(C#N)C(=O)Nc2sc3c(c2C(=O)OC)CCCC3)cc1",437.17731272399993,"Screening"
"COCCn1c(C)cc(C=C(C#N)C(=O)NC(Cc2ccccc2)C(=O)OC)c1C",409.20015634399994,"Screening"
"COc1ccc(N2C(=O)C(Oc3cccc(C#N)c3)C2c2cccc(OC)c2)cc1",400.14230712,"Screening"
"CCc1cccc(OC2C(=O)N(c3ccccc3)C2c2ccc(C(N)=O)cc2)c1",386.163042564,"Screening"
"COc1ccc(N2C(=O)C(Oc3cccc(NC(=O)C4CC4)c3)C2c2cc(F)ccc2F)cc1",464.154763624,"Screening"
"CCN(CC)c1ccc(NC(=O)C(C#N)=Cc2ccccc2)cc1S(=O)(=O)Nc1ccc(OC)cc1",504.1831263759999,"Screening"
"N#CC(=Cc1ccccc1)C(=O)Nc1nc(-c2cccc(Br)c2)cs1",408.988445104,"Screening"
"N#CC(=Cc1ccccc1)C(=O)Nc1ccc(N2CCCCC2)cc1",331.168462292,"Screening"
"COc1ccc(C=C(C#N)C(=O)Nc2ccc(S(=O)(=O)N3CCOCC3)cc2)cc1",427.120191772,"Screening"
"COc1ccc(C=C(C#N)C(=O)Nc2cc(S(=O)(=O)N3CCOCC3)ccc2O)cc1",443.115106392,"Screening"
"COc1ccc(C=C(C#N)C(=O)N(CN2C(=O)c3ccccc3C2=O)c2cccc(F)c2)cc1",455.12813427599997,"Screening"
"O=Cc1ccc(C(=O)C=Cc2ccc(Br)cc2)o1",303.973506248,"Screening"
"C=CC(=O)N1CC(C(=O)NCC(C)(O)Cn2cc(Br)cn2)C1",370.0640525680001,"Screening"
"CC(C)Cc1ccc(C(=O)Nc2cncc(OS(=O)(=O)F)c2)s1",358.04572718000003,"Screening"
"Cc1ccc(S(=O)(=O)N2CCCC2C(=O)Nc2cncc(OS(=O)(=O)F)c2)s1",449.01852645199995,"Screening"
"O=C(Nc1cncc(OS(=O)(=O)F)c1)C1CC(=O)N(c2ccccc2F)C1",397.05439795600006,"Screening"
"COCc1ccc(C(=O)Nc2cncc(OS(=O)(=O)F)c2)cc1",340.05292073600003,"Screening"
"O=C(Nc1cncc(OS(=O)(=O)F)c1)c1cncc(C2CC2)c1",337.053255084,"Screening"
"O=C(Nc1cncc(OS(=O)(=O)F)c1)c1ccc(OCC2CC2)nc1",367.063819768,"Screening"
"O=S(=O)(F)Oc1ccc(CN2CCN(Cc3ccc(O)c(Cl)c3)CC2)cc1",414.08163401999997,"Screening"
"CCN(Cc1ccc(OS(=O)(=O)F)cc1)C(C)c1cccc(O)c1",353.10970733999994,"Screening"
"CC(c1cccc(O)c1)N(C)Cc1ccc(OS(=O)(=O)F)cc1",339.09405727599994,"Screening"
"O=S(=O)(F)Oc1ccc(CN2CCC(c3noc4cc(F)ccc34)CC2)cc1",408.09553449599997,"Screening"
"CCN(Cc1ccc(CN(C)C)cc1)C(=O)Nc1ccc(OS(=O)(=O)F)cc1",409.14715546799994,"Screening"
"C=CC(=O)N(CC(=O)NCC1CCC2(CCOCC2)C1O)CC1CCCO1",380.23112212399997,"Screening"
"C=CC(=O)N1CCC[C@H]1CNC(=O)c1cnn2c1C(=O)NCC2",317.148789468,"Screening"
"C=CC(=O)N1CC(NC(=O)c2cn(CCO)nc2C)CCC1C",320.18484062799996,"Screening"
"C=CC(=O)N1CC(NC(=O)[C@H](O)c2ccccc2Cl)CCC1C",336.124070212,"Screening"
"C=CC(=O)Nc1ccc(C(=O)NC(C)(C)CC2CCOC2)cc1",316.178692628,"Screening"
"CC1(C)[C@H](C(F)F)[C@@H]1C(=O)Nc1cncc(OS(=O)(=O)F)c1",338.054812556,"Screening"
"CC1(Cc2ccc(Br)cc2)CCCN1c1ncc(C=O)cn1",359.063324296,"Screening"
"C=CC(=O)N(C)CCC1CCN(C(=O)CN2C(=O)C(=O)N(C)C2=O)CC1",364.17466986799997,"Screening"
"C=CC(=O)N(Cc1cccc(C(N)=O)c1)C1CCC2CCCC2C1",326.199428072,"Screening"
"CC1(C)CCC(NC(=O)Cn2cc(C=O)c(-c3ccccc3)n2)C(c2ccccc2)C1",415.22597716800004,"Screening"
"C=CC(=O)N1CCCC(c2nc(C(=O)N3CCC(O)CC3)cs2)C1",349.14601259600005,"Screening"
"C=CC(=O)N(Cc1cc2n(n1)CCCC2)C(C1CC1)C(F)(F)F",327.15584692,"Screening"
"C=CC(=O)N(Cc1ccon1)Cc1c(F)c(F)cc(F)c1F",314.06784044,"Screening"
"C=CC(=O)N(Cc1ccc2c(c1)CCC2)[C@@H]1COCC[C@H]1OC",315.18344366,"Screening"
"C=CC(=O)N(Cc1ccc2c(c1)C(=O)NC2)Cc1ccsc1Cl",346.05427640000005,"Screening"
"C=CC(=O)N(Cc1cc(OC)ccc1C)[C@H]1c2ccccc2C[C@H]1O",337.167793596,"Screening"
"C=CC(=O)N(Cc1ccc(F)cc1F)C1CCOCCC1(F)F",331.11954166400005,"Screening"
"C=CC(=O)N(Cc1cc(C)ccc1F)C1CCN(C(=O)CC)CC1C",346.205656324,"Screening"
"C=CC(=O)N(Cc1cn(C)nc1C)CC1CC2CCCC(C2)C1",315.231062548,"Screening"
"C=CC(=O)N(Cc1cc2ccccc2o1)C1CCN(C(=O)CC)C1",326.16304256399997,"Screening"
"C=CC(=O)N(Cc1cnn(C)c1CC)c1cccc(Br)c1",347.06332429599996,"Screening"
"COc1cc(CCC=O)cc(OC)c1OCc1ccccc1",300.13615912,"Screening"
"C=CC(=O)N1CCC(C(=O)N2CCC(Oc3ncccc3F)CC2)C1",347.164519784,"Screening"
"C=CC(=O)N1CCCC1C(=O)NCc1noc2c1CC(C)CC2",317.173941596,"Screening"
"C=CC(=O)Nc1ccc(CC(=O)N2C3CCCC2COC3)cc1",314.163042564,"Screening"
"C=CC(=O)Nc1ccc(CCC(=O)NC2CC23CCCCC3)cc1",326.199428072,"Screening"
"C=CC(=O)NCc1ccccc1C(=O)NCC12CCCC1CC(=O)N2",341.173941596,"Screening"
"C=CC(=O)Nc1ccc(C(=O)Nc2ccccc2C2CNC(=O)C2)cc1",349.142641468,"Screening"
"C=CC(=O)Nc1ccc(C(=O)N(C)CCc2ccccc2C#N)cc1",333.14772684800005,"Screening"
"C=CC(=O)Nc1ccc(C(=O)N(CCCOC)c2ccc(C)cc2)cc1",352.178692628,"Screening"
"C=CC(=O)N1CC(C(=O)NCC(=O)c2c[nH]c3ccccc23)C1",311.126991404,"Screening"
"C=CC(=O)N1CC(C(=O)NCC(Cc2ccc(Cl)cc2)C(=O)OC)C1",364.11898483199997,"Screening"
"C=CC(=O)N1CC(C(=O)Nc2cc(C(N)=O)ccc2OC)C1",303.121906024,"Screening"
"C=CC(=O)N1CC(C(=O)N(C)C(c2ccccc2)c2ccc(F)cc2Cl)C1",386.11973378,"Screening"
"C=CC(=O)Nc1ccccc1C(=O)N1CCN(C(=O)Cc2ccc(C)cc2)CC1",391.18959166,"Screening"
"C=CC(=O)Nc1ccccc1C(=O)NC(C)c1ccc2c(c1)CCC(=O)N2",363.158291532,"Screening"
"C=CC(=O)Nc1ccccc1CC(=O)N[C@@H]1CCC[C@H]1OCc1ccccc1",378.19434269199996,"Screening"
"C=CC(=O)Nc1ccccc1CC(=O)N1CCc2[nH]c3ccc(F)cc3c2C1",377.15395509999996,"Screening"
"C=CC(=O)Nc1ccccc1CC(=O)NCCc1csc(C)n1",329.1197978480001,"Screening"
"C=CC(=O)Nc1ccccc1CC(=O)NC1CCc2cc(F)c(OC)cc21",368.153620752,"Screening"
"C=CC(=O)N1CCC(C(=O)NCc2cccc(S(=O)(=O)NCC)c2)C1",365.140927216,"Screening"
"C=CC(=O)N1CCCc2c(C(=O)N(CCC#N)Cc3ccco3)cccc21",363.15829153199996,"Screening"
"C=CC(=O)N1CCCc2c(C(=O)N=c3sccn3C)cccc21",327.104147784,"Screening"
"C=CC(=O)N1CCCc2c(C(=O)N3CCCC3Cc3cccc(F)c3F)cccc21",410.180584448,"Screening"
"C=CC(=O)N1CCCC1C(=O)Nc1ccc(C)cc1-c1nc[nH]n1",325.1538748480001,"Screening"
"C=CC(=O)N1CCCC1C(=O)Nc1c(C)noc1-c1ccccc1",325.142641468,"Screening"
"C=CC(=O)Nc1ccc(CC(=O)Nc2ncc(Cc3ccc(OC)cc3)s2)cc1",407.13036253199994,"Screening"
"C=CC(=O)Nc1ccc(CC(=O)NCCCn2c(C)cc3ccccc32)cc1",375.19467704,"Screening"
"C=CC(=O)Nc1ccc(CC(=O)N(C)C(C)c2ccc(C)cc2C)cc1",350.199428072,"Screening"
"C=CC(=O)N1CC(CC(=O)N(CCC)Cc2nc3cc(Cl)ccc3c(=O)[nH]2)C1",402.14586827600004,"Screening"
"C=CC(=O)N1CC(CC(=O)N(CCc2ccc(F)cc2)CC(C)C)C1",346.205656324,"Screening"
"C=CC(=O)N1CC(CC(=O)N2CCC(c3nc(-c4ccccc4)n[nH]3)CC2)C1",379.20082504000004,"Screening"
"C=CC(=O)N1CC(CC(=O)N(CCC)Cc2nnc(-c3cccs3)o2)C1",374.14126156399993,"Screening"
"C=CC(=O)N1CC(CC(=O)NC(C(=O)OC)c2cccs2)C1",322.09872805599997,"Screening"
"C=CC(=O)N1CC(CC(=O)N2CCc3cccc(C(F)(F)F)c3C2)C1",352.139862508,"Screening"
"C=CC(=O)N1CC(CC(=O)N2CCN(C(=O)c3ccc(F)cc3)CC2)C1",359.164519784,"Screening"
"C=CC(=O)N1CC(CC(=O)Nc2ncc(Cc3ccccc3Cl)s2)C1",375.08082549599993,"Screening"
"C=CC(=O)N1CC(CC(=O)Nc2nnc(Cc3ccc(OC)cc3)s2)C1",372.1256115,"Screening"
"C=CC(=O)Nc1cccc(CC(=O)N2CCC(c3nc(Cc4ccccc4OC)no3)CC2)c1",460.21105537599993,"Screening"
"C=CC(=O)Nc1cccc(CC(=O)NCc2cn(C)nc2-c2cccc(F)c2)c1",392.164854132,"Screening"
"C=CC(=O)Nc1cccc(CC(=O)N2CCC(O)(c3ccc(F)c(F)c3)CC2)c1",400.159849004,"Screening"
"C=CC(=O)Nc1cccc(CC(=O)Nc2ccn(CC3CC3)n2)c1",324.15862588,"Screening"
"C=CC(=O)Nc1cccc(CC(=O)N(Cc2c(OC)ncnc2OC)c2cnn(C)c2)c1",436.18590324800005,"Screening"
"C=CC(=O)NCc1ccccc1CC(=O)N1CCC(C(=O)NCc2ccc(OC)cc2)CC1",449.231456472,"Screening"
"C=CC(=O)NCc1ccccc1CC(=O)Nc1cc(C(=O)NC)n(C)n1",355.1644395320001,"Screening"
"C=CC(=O)NCc1ccccc1CC(=O)N(C)CCOCCOC",334.189257312,"Screening"
"C=CC(=O)Nc1ccc(CCC(=O)NCCn2c(S)nnc2C2CC2)cc1",385.15724597600007,"Screening"
"C=CC(=O)Nc1ccc(CCC(=O)Nc2ccn(CCC(C)C)n2)cc1",354.205576072,"Screening"
"C=CC(=O)Nc1ccc(CCC(=O)Nc2nncn2C2CC2)cc1",325.15387484800004,"Screening"
"C=CC(=O)NCc1ccccc1C(=O)NCc1ccc2c(c1)CC(C)O2",350.16304256399997,"Screening"
"C=CC(=O)NCc1ccccc1C(=O)N1CSCC1C(=O)N1CCOCC1",389.140927216,"Screening"
"C=CC(=O)NCc1ccccc1C(=O)NC(c1ccccc1)c1noc(C2CC2)n1",402.169190564,"Screening"
"C=CC(=O)NCc1ccccc1C(=O)N1CCN(S(=O)(=O)Cc2ccon2)CC1",418.13109080399994,"Screening"
"C=CC(=O)NCc1ccccc1C(=O)Nc1cnn(CC(=O)OC(C)(C)C)c1",384.17975524799994,"Screening"
"C=CC(=O)NCc1ccccc1C(=O)N(C)Cc1c(F)cccc1Cl",360.104083716,"Screening"
"C=CC(=O)NCc1ccccc1C(=O)Nc1cc(C(=O)Nc2nc(C)cs2)ccc1OC",450.13617618399996,"Screening"
"C=CC(=O)N(c1ccc(C(C)(C)C)cc1)[C@@H](C(=O)NCCc1cccc(F)c1)c1cccnc1",459.23220542,"Screening"
"O=S(=O)(F)c1ccc(-c2cnn3c2CNCC3)cc1",281.063425844,"Screening"
"O=C(CCl)N(Cc1cccc(C2CC2)c1)Cc1ccco1",303.10260649599996,"Screening"
"CC(C)(C#N)CN(Cc1cccc2ccccc12)C(=O)CCl",314.118590908,"Screening"
"O=Cc1ccc2cc(Cl)cc(Br)c2n1",268.92430356000006,"Screening"
"O=C(CCl)N(Cc1ccc2c(c1F)OCCO2)CC1CCOC1",343.098663988,"Screening"
"O=C(CCl)N(Cc1ccccc1OC(F)F)CC1COCCO1",349.0892421759999,"Screening"
"Cc1c(CN(C(=O)CCl)C(C)CC#N)sc2ccccc12",320.075011844,"Screening"
"O=C(CCl)N(CCC1CCCOC1)Cc1ccccc1Cl",329.094934272,"Screening"
"C[C@H](c1ccc2c(c1)CCCC2)N(Cc1cnn(C)c1)C(=O)CCl",345.160790068,"Screening"
"Cn1nc(CN(C(=O)CCl)[C@H]2CCCOC2)c2ccccc21",321.12440456,"Screening"
"O=C(CCl)N(Cc1cccc(OC2CC2)c1F)[C@H]1CCCOC1",341.11939943199997,"Screening"
"COc1ccccc1CN(C(=O)CCl)C(C)c1nnnn1C1CC1",349.13055256000007,"Screening"
"O=C(CCl)N(Cc1cnsc1)CC1CCc2ccccc2C1",334.090661908,"Screening"
"CC(c1ccco1)N(Cc1ccccc1C(F)F)C(=O)CCl",327.08376287199997,"Screening"
"O=C(CCl)N(Cc1cnsc1)C(c1ccccc1)C1CCC1",334.090661908,"Screening"
"CCn1nc(C2CC2)cc1CN(CC(C)(C)C#N)C(=O)CCl",322.15603903600004,"Screening"
"CC(C)n1cc(CN(C[C@@H]2CCCO2)C(=O)CCl)cn1",299.140054624,"Screening"
"COCc1ccccc1CN(C[C@@H]1CCCO1)C(=O)CCl",311.128821244,"Screening"
"CC(C)Oc1ccccc1CN(CC1(C#N)CC1)C(=O)CCl",320.129155592,"Screening"
"O=C(CCl)N(Cc1cccc(C(F)F)c1)CC1CC2(CC2)CO1",343.11506299999996,"Screening"
"COC1(CN(Cc2ncoc2C(C)(C)C)C(=O)CCl)CCOC1",344.15028495999996,"Screening"
"CC[C@@H]1OCC[C@H]1N(Cc1ccc(F)c(OC)c1)C(=O)CCl",329.119399432,"Screening"
"N#Cc1cc(CN(CC2CCC(F)(F)C2)C(=O)CCl)cs1",332.0561682200001,"Screening"
"O=C1NCC[C@@H]1N(Cc1cnn(C2CCCCC2)c1)C(=O)CCl",338.150953656,"Screening"
"COc1sccc1CN(C(=O)CCl)[C@@H]1COC[C@H]1OC",319.064506736,"Screening"
"CO[C@@H]1COC[C@H]1N(Cc1cn(C(C)C)nc1C)C(=O)CCl",329.150619308,"Screening"
"Cc1ncsc1CN(C(=O)CCl)C1Cc2cscc2C1",326.03143278,"Screening"
"O=C(CCl)N(Cc1ccc2ccccc2c1)[C@@H]1COC[C@H]1F",321.093184684,"Screening"
"COC1(CN(Cc2cc(Cl)cs2)C(=O)CCl)CCC1",321.035705144,"Screening"
"CC(Cc1ccccc1Cl)N(Cc1cnsc1)C(=O)CCl",342.036039492,"Screening"
"Cc1cnn(C)c1CN(CC1CC2(CCOCC2)C1)C(=O)CCl",339.17135475199996,"Screening"
"Cn1ncc(C2CCC2)c1CN(C(=O)CCl)C1CC2(CCC2)C1",335.176440132,"Screening"
"CCN(C)C(=O)CN(Cc1cc(C2(C)CC2)on1)C(=O)CCl",327.134969244,"Screening"
"COc1cccc(CN(CC(OC)C2CC2)C(=O)CCl)c1",311.128821244,"Screening"
"C[C@H]1OCC[C@H]1N(Cc1cccc(OCC2CC2)c1)C(=O)CCl",337.144471308,"Screening"
"Cc1nn(-c2ccccc2)nc1CN(C(=O)CCl)[C@H]1CCO[C@H]1C",348.13530359199996,"Screening"
"CCOC1(CN(Cc2cc(C)on2)C(=O)CCl)CCC1",300.124070212,"Screening"
"COc1ccc(CN(CC(F)(F)C2CC2)C(=O)CCl)cc1F",335.089991124,"Screening"
"C=CC(=O)N1CCc2c(CNC(=O)c3cnn4c(C)cc(C)nc34)cccc2C1",389.18517497600004,"Screening"
"C=CC(=O)N1Cc2ccccc2CC1CNC(=O)c1cncc(-n2cccn2)n1",388.1647738800001,"Screening"
"C=CC(=O)NCCCN(C)C(=O)c1c(C2CCCC2)noc1C",319.18959166,"Screening"
"C=CC(=O)N[C@@H]1CCCN(C(=O)C(CC)Oc2ccccc2F)C1",334.16927081600005,"Screening"
"C=CC(=O)N[C@@H]1CCCN(C(=O)COCc2nc(C3CC3)no2)C1",334.164105184,"Screening"
"C=CC(=O)N1CC2(COC(CNC(=O)c3ccc(Cn4cccn4)o3)C2)C1",370.164105184,"Screening"
"Cn1nccc1CN(C(=O)CCl)c1cccc2c1CCOC2",319.10875449599996,"Screening"
"CO[C@H]1C[C@H](N(Cc2cnn(-c3ccccc3)n2)C(=O)CCl)C1",334.119653528,"Screening"
"COC1(C(C)N(Cc2ccsc2C)C(=O)CCl)CCOCC1",345.11654230799996,"Screening"
"CC(c1ccn(C)c1)N(Cc1cccc2ccoc12)C(=O)CCl",330.113505528,"Screening"
"CC(C)(O)Cn1cc(N(Cc2cccc(C#N)c2)C(=O)CCl)cn1",346.119653528,"Screening"
"CC(F)(F)c1ccc(CN(CC2C3COCC32)C(=O)CCl)cc1",343.115063,"Screening"
"COc1ccc(CN(CC(O)C2CCC2)C(=O)CCl)cc1Cl",345.089848892,"Screening"
"O=C(CCl)N(Cc1cnsc1)CC1CC2(C1)CC(F)(F)C2",334.071818284,"Screening"
"C=CC(=O)N1CC(F)(F)C[C@H]1CNC(=O)C1CCc2nc(C)ncc2C1",364.17108238400004,"Screening"
"O=Cc1ncc(Br)cc1OCc1ccc(Cl)cc1",324.950518308,"Screening"
"O=Cc1ccc(N2CC(c3nc4ccccc4[nH]3)C2)nc1",278.116761068,"Screening"
"O=Cc1ncc(Br)cc1OCc1cccc2nonc12",332.97490321600003,"Screening"
"Cc1nn(-c2cccc(S(C)(=O)=O)c2)c(Cl)c1C=O",298.01789089199997,"Screening"
"C=CC(=O)N1CCC[C@@H](C(=O)Nc2cc(-c3cc(F)cc(F)c3)nn2C)C1",374.15543232000005,"Screening"
"O=Cc1ncc(Br)cc1OCc1ccc2occc2c1",330.98440528,"Screening"
"O=Cc1ccsc1S(=O)(=O)NC1CC(=O)N(C2CC2c2ccccc2)C1",390.070799056,"Screening"
"CCOC(=O)c1c[nH]nc1OC1CN(C(=O)CCl)C1",287.06728360799997,"Screening"
"O=Cc1c(OCc2nnc3n2CCCC3)cccc1B(O)O",301.12338639199993,"Screening"
"COc1ccccc1-c1cnc(COc2cccc(B(O)O)c2C=O)o1",353.1070676319999,"Screening"
"CN(C)S(=O)(=O)c1ccc(COc2cccc(B(O)O)c2C=O)o1",353.0740532519999,"Screening"
"Cc1cccc(OCCCNC(=O)COc2cccc(B(O)O)c2C=O)c1",371.15401782399994,"Screening"
"O=Cc1c(OCc2cccc3c2CCNC3)cccc1B(O)O",311.13288845599993,"Screening"
"CC(F)(F)c1cc(COc2cccc(B(O)O)c2C=O)no1",311.07765932399997,"Screening"
"O=Cc1c(OC[C@@H]2CC=CC[C@H]2C(F)(F)F)cccc1B(O)O",328.10937405199996,"Screening"
"CC(Oc1cccc(B(O)O)c1C=O)c1ncc(-c2ccccc2)o1",337.11215301199996,"Screening"
"COc1cc(OC)c(COc2cccc(B(O)O)c2C=O)cn1",317.107067632,"Screening"
"Cc1ccc(S(=O)(=O)N2CCN(C(=O)C(C)Oc3cccc(B(O)O)c3C=O)CC2)cc1",460.14755253999994,"Screening"
"O=Cc1c(OCC(=O)Nc2ccc(F)cc2Cl)cccc1B(O)O",351.04810878399996,"Screening"
"CCCOc1ccc(CNC(=O)COc2cccc(B(O)O)c2C=O)cc1",371.15401782399994,"Screening"
"O=Cc1c(OCc2ccc(F)c(C(F)(F)F)c2)cccc1B(O)O",342.068652112,"Screening"
"COC(=O)c1csc(C(C)NC(=O)CCl)n1",262.017890892,"Screening"
"CN(CCc1ccc(F)cc1F)S(=O)(=O)c1ccccc1C=O",339.07407078,"Screening"
"O=Cc1ncc(Br)cc1OCc1cc(Cl)cc(C(F)(F)F)c1",392.937902936,"Screening"
"O=Cc1ncc(Br)cc1OCc1cc(Cl)cc2ccccc12",374.966168372,"Screening"
"C=CS(=O)(=O)N1CCCC1C1CCCO1",231.092914404,"Screening"
"CC(C)(C)OC(=O)c1cccc(CCNC(=O)CCl)c1",297.11317118,"Screening"
"CC(C)c1ccc(COc2cc(Br)cnc2C=O)cc1Cl",366.9974685,"Screening"
"CCOCc1nnc(COc2cc(C=O)c(B(O)O)cc2OC)s1",352.09003766399996,"Screening"
"COc1ccc(B(O)O)c(C=O)c1OCc1csc(-c2ccccn2)n1",370.07947298000005,"Screening"
"CCOC(=O)c1nc([C@H](CC)NC(=O)CCl)nn1C",288.09891808400005,"Screening"
"O=Cc1cccc2c1C(=O)N(C1CCC(=O)NC1=O)C2=O",286.05897142,"Screening"
"CC(C)(C)CC(C)(C)NC(=O)c1ccc(B(O)O)c(C=O)c1",305.179838648,"Screening"
"O=Cc1cc(Cl)cnc1Sc1ccncn1",250.992010492,"Screening"
"C=CS(=O)(=O)N(CC)CCc1ccccn1",240.093248752,"Screening"
"C=CS(=O)(=O)NC1(c2nccs2)COC1",246.01328418,"Screening"
"COC(=O)[C@H](CCSC(F)(F)F)NC(=O)c1ccc(B(O)O)c(C=O)c1",393.06652325999994,"Screening"
"CC1CCCC(CNC(=O)c2ccc(B(O)O)c(C=O)c2)CC1",317.179838648,"Screening"
"CCCCCCOc1cc(C)ccc1CNC(=O)c1ccc(B(O)O)c(C=O)c1",397.20605339599996,"Screening"
"O=Cc1cc(C(=O)N2CCN(Cc3ccc4c(c3)CCO4)CC2)ccc1B(O)O",394.17000223599996,"Screening"
"CN(CCC1=CCCCC1)C(=O)c1ccc(B(O)O)c(C=O)c1",315.16418858399993,"Screening"
"O=Cc1cc(C(=O)N2CCC(c3ccccn3)C2)ccc1B(O)O",324.128137424,"Screening"
"CCN(CCOc1ccccc1OC)C(=O)c1ccc(B(O)O)c(C=O)c1",371.15401782399994,"Screening"
"O=Cc1cc(C(=O)NC2CN(C(=O)OCc3ccccc3)C2)ccc1B(O)O",382.133616728,"Screening"
"COc1cccc(CNC(=O)c2ccc(B(O)O)c(C=O)c2)c1OC",343.12271769599994,"Screening"
"CC(NC(=O)c1ccc(B(O)O)c(C=O)c1)c1ncccc1Cl",332.07351500799996,"Screening"
"O=Cc1cc(C(=O)NC(Cn2cnc3ccccc32)c2ccc(F)cc2)ccc1B(O)O",431.14526470799996,"Screening"
"Cc1cc(C)cc(C(=O)N2CCN(C(=O)c3ccc(B(O)O)c(C=O)c3)CC2)c1",394.17000223599996,"Screening"
"O=Cc1cc(C(=O)N(CCc2ccccn2)Cc2cccnc2)ccc1B(O)O",389.15468652,"Screening"
"C=CS(=O)(=O)N1CCCC(n2ccnn2)C1",242.083746688,"Screening"
"C=CS(=O)(=O)N(CC)C1CCC(=O)NC1",232.088163372,"Screening"
"C=CS(=O)(=O)N1CCN(C)CC1C1CC1",230.108898816,"Screening"
"C=CS(=O)(=O)N(C1CC1)C(C)C(C)CC",231.129299912,"Screening"
"Cc1cccc(C)c1NC(=O)C(CC(C)C)n1cccc1C=O",312.18377800799993,"Screening"
"CC(C)CNC(=O)C(CC(C)C)n1cccc1C=O",264.183778008,"Screening"
"COc1ccc(-n2cc(-c3c[nH]c(C=O)c3)nn2)cc1",268.096025624,"Screening"
"C=CC(=O)N1CCCC(C2CCCN(C(=O)c3cnc4cccc(C)n34)C2)C1",380.221226136,"Screening"
"O=C(CCl)NC1(c2ccc(F)cc2Cl)CC1",261.01234752,"Screening"
"CCOC(=O)c1c(NC(=O)CCl)c(C#N)cn1CC",283.072368988,"Screening"
"O=C(CCl)N1CC(OCc2nc(C3CC3)no2)C1",271.072368988,"Screening"
"NS(=O)(=O)c1ccccc1CCNC(=O)CCl",276.033540956,"Screening"
"CCc1nc(NC(=O)CCl)sc1C(=O)OC",262.017890892,"Screening"
"CCOC(=O)c1ccnc(C2(NC(=O)CCl)CC2)n1",283.072368988,"Screening"
"COC(=O)c1ccc(C#CCNC(=O)CCl)cc1",265.050570924,"Screening"
"CO[C@H]1CCC[C@H]1N(Cc1ccc(F)c(F)c1)C(=O)CCl",317.099412936,"Screening"
"O=C(Nc1cccc(N2CCC2=O)c1)N(CCCO)Cc1ccncc1",354.169190564,"Screening"
"N#CC(=Cc1ccc(-c2cc(Cl)ccc2Cl)o1)C(=O)Nc1nc(-c2cccs2)cs1",470.96697395200005,"Screening"
"N#CC(=Cc1ccc(-c2ccc(SC(F)F)cc2)s1)C(=O)Nc1cccc(C(F)(F)F)c1",480.03894613600005,"Screening"
"CCN(CC)c1nc2cc(C)ccc2cc1C=C(C#N)C(N)=O",308.16371126,"Screening"
"CCN(CC)S(=O)(=O)c1cccc(NC(=O)C(C#N)=Cc2ccc(OC(F)F)cc2)c1",449.122083592,"Screening"
"O=Cc1cn(-c2ccccc2)nc1-c1ccc(-c2ccc(Br)cc2)o1",392.016039756,"Screening"
"COCCN(CCOC)C(=O)C(C#N)=Cc1ccc(OC(F)F)cc1",354.13911356,"Screening"
"CCCN(CCC)C(=O)C(C#N)=Cc1ccc(OC(F)F)cc1",322.14928432,"Screening"
"N#CC(=Cc1ccc(OC(F)F)cc1)C(=O)N(C1CCCCC1)C1CCCCC1",402.211884576,"Screening"
"N#CC(=Cc1cc2c(cc1[N+](=O)[O-])OCO2)C(=O)Nc1ccc2ccccc2c1",387.08552051600003,"Screening"
"COc1cc(C)c(C=C(C#N)C(=O)Nc2ccc(C)cc2)cc1C(C)C",348.183778008,"Screening"
"O=C1N(c2ccc3c(c2)OCO3)C(c2ccc(Cl)cc2)C1(F)F",337.0317273,"Screening"
"COc1ccc(C2N(c3ccc4c(c3)OCO4)C(=O)C2(F)F)cc1",333.081264336,"Screening"
"N#CC(=Cc1cn(-c2ccccc2)nc1-c1cc2ccccc2oc1=O)C(N)=O",382.10659030799997,"Screening"
"N#CC(=Cc1ccc(F)c(F)c1)C(=O)N1CCCc2ccccc21",324.10741950799996,"Screening"
"N#CC(=Cc1ccc(OC(F)F)cc1)C(=O)Nc1cc2c(cc1Cl)C(=O)c1ccccc1C2=O",478.05319101599997,"Screening"
"Cc1nn2c(nc(N3CCCCC3)c3ccccc32)c1C=O",294.14806119599996,"Screening"
"COc1ccc(C=C(C#N)C(=O)N(c2ccccn2)c2ccccn2)cc1",356.127325752,"Screening"
"C=CC(=O)N=C1N=C2C=CC(Br)=CN2Cc2ccccc21",341.01637410399996,"Screening"
"CC1(C)CC2CC(C)(CN2C(=O)C(C#N)=Cc2ccc(OC(F)F)cc2)C1",374.180584448,"Screening"
"COc1cc([N+](=O)[O-])ccc1NC(=O)C(C#N)=Cc1ccccc1OC(=O)c1cccc2ccccc12",493.127385328,"Screening"
"N#CC(=Cc1ccc(OCc2ccc(Cl)cc2)c(Br)c1)C(N)=O",389.97706740399997,"Screening"
"COc1cc(C=C(C#N)C(N)=O)cc(Cl)c1OCc1ccc(Cl)cc1",376.03814766799997,"Screening"
"COc1ccc(NC(=O)COC(=O)CCn2cc(C=O)c(-c3ccc(F)cc3)n2)cc1",425.13869896,"Screening"
"CCOC(=O)c1c(-c2ccc(Cl)cc2)csc1NC(=O)C(C#N)=Cc1ccc(N(CC)CC)cc1",507.138340372,"Screening"
"CCOc1cc(C=C(C#N)C(=O)Nc2cccc(C(=O)O)c2)ccc1OC(=O)c1cccc2ccccc12",506.14778642399995,"Screening"
"O=Cc1ccc(CSc2nc3ccccc3s2)s1",290.984626908,"Screening"
"CCOC(=O)c1c(-c2ccc(Cl)cc2)csc1NC(=O)C(C#N)=Cc1ccc(OC(C)C)c(OC)c1",524.11727058,"Screening"
"CCCCOc1ccc(C=C(C#N)C(=O)Nc2scc(-c3ccc(Cl)cc3)c2C(=O)OCC)cc1OC",538.1329206439999,"Screening"
"CCc1ccc(C=C(C#N)C(=O)NC2CCS(=O)(=O)C2)cc1",318.103813436,"Screening"
"COc1cccc(C=C(C#N)C(=O)NC2CCS(=O)(=O)C2)c1",320.08307799199997,"Screening"
"CCCCCOc1ccc(C=C(C#N)C(=O)Nc2sc(C)c(C)c2C(=O)OC)cc1OC",456.17189299599994,"Screening"
"COc1cc(C=C(C#N)C(=O)Nc2cccc(C(=O)O)c2)ccc1OCc1ccccc1Cl",462.098249388,"Screening"
"COc1cc(C=C(C#N)C(=O)Nc2cccc(C(=O)O)c2)ccc1OCc1ccc(Cl)cc1",462.098249388,"Screening"
"COc1ccc(C(=O)Oc2ccccc2C=C(C#N)C(=O)Nc2cccc(C(=O)O)c2)cc1",442.11648629599995,"Screening"
"Cc1ccc(C2N(c3ccccc3Oc3ccccc3)C(=O)C2(F)F)cc1",365.122735224,"Screening"
"O=C1N(c2ccc(Cl)cc2)C(c2ccc3c(c2)OCO3)C1(F)F",337.03172729999994,"Screening"
"Cc1cc(N2C(=O)C(F)(F)C2c2cccc(F)c2)ccc1Br",368.99761073200006,"Screening"
"COC(=O)c1c(C)oc2cc(Br)c(O)c(C=O)c12",311.96333548800004,"Screening"
"Cc1cc(N2C(=O)CSC2=C(C#N)C(=O)NC2CCCCC2)ccc1Cl",389.09647556,"Screening"
"N#CC(=Cc1ccccc1)C(=O)NNC(=O)c1ccc(COc2ccc(Cl)cc2)cc1",431.10366911599994,"Screening"
"N#CC(=Cc1ccccc1)C(=O)NCCc1ccc(S(N)(=O)=O)cc1",355.099062404,"Screening"
"Cc1ccc(C(C)C)c(OCC(=O)NNC(=O)C(C#N)=Cc2ccccc2)c1",377.173941596,"Screening"
"CCCCCCNC(SCC(=O)Nc1c(C)cccc1C(C)C)=C(C#N)C(=O)N1CCN(C)CC1",499.29809655200006,"Screening"
"CNC(SCC(=O)Nc1sc2c(c1C(=O)OC)CCCC2)=C(C#N)C(N)=O",408.09259712,"Screening"
"N#CC(C(=O)N1CCCC1)=C(Nc1ccc(Cl)cc1)SCC(=O)Nc1ccc2ccccc2c1",490.12302465600004,"Screening"
"COc1ccc(NC(=O)c2ccc(NC(=O)COC(=O)c3cc(Cl)nc(Cl)c3)cc2)cc1",473.054526004,"Screening"
"COc1ccc(C2N(c3ccccc3Oc3ccccc3)C(=O)C2(F)F)cc1OC",411.128214528,"Screening"
"CCc1ccc(C2N(c3ccc4c(c3)OCO4)C(=O)C2(F)F)cc1",331.10199978,"Screening"
"C=CCOc1ccc(Br)cc1C=C(C#N)C(=O)Nc1ncc(Cc2cccc(C(F)(F)F)c2)s1",547.017694544,"Screening"
"CN(C)c1nc(C=C(C#N)C(N)=O)c(Cl)n1-c1ccc(F)cc1",333.079265936,"Screening"
"CN(C)c1ccc(C=C(C#N)C(=O)Nc2cccc(S(=O)(=O)N3CCOCC3)c2)cc1",440.1518262479999,"Screening"
"COc1cccc(C2C(Oc3cccc([N+](=O)[O-])c3)C(=O)N2CC(C)(C)N2CCOCC2)c1",455.205635648,"Screening"
"COc1ccc(C2C(Oc3cccc([N+](=O)[O-])c3)C(=O)N2CC2CCCO2)c(OC)c1",428.158351108,"Screening"
"COCCCN1C(=O)C(Oc2ccc(C#N)cc2)C1c1cccc2c1OCCO2",394.152871804,"Screening"
"N#Cc1ccc(C2C(Oc3ccc(F)cc3Br)C(=O)N2CC2CCCO2)cc1",444.048482756,"Screening"
"COCCCN1C(=O)C(Oc2ccccc2)C1c1ccccc1OC",341.162708216,"Screening"
"COc1ccccc1N1CCN(c2nc3c(C)cccn3c(=O)c2C=O)CC1",378.16919056399996,"Screening"
"Cc1ccc2nc(N3CCN(C)CC3)c(C=O)c(=O)n2c1",286.142975816,"Screening"
"O=Cc1c(N2CCN(c3cccc(Cl)c3)CC2)nc2ccccn2c1=O",368.104003464,"Screening"
"Cc1c(C=O)c2ccccc2n1Cc1ccc(Cl)cc1",283.076391748,"Screening"
"COc1cccc(C2C(Oc3cccc(C#N)c3)C(=O)N2Cc2cccc(NC(=O)C3CC3)c2)c1",467.18450628000005,"Screening"
"O=C(NCc1cc(Cl)c2c(c1)OCCCO2)C1CCN(S(=O)(=O)C=Cc2ccccc2)CC1",490.13292064399997,"Screening"
"COc1cccc2cc(-c3nn(-c4ccccc4)cc3C=O)oc12",318.1004423079999,"Screening"
"Cc1cccc(NC(=O)c2ccccc2NC(=O)CN(C)S(=O)(=O)C=Cc2ccccc2)c1",463.15657727999996,"Screening"
"CC(C)N(Cc1nnc(-c2ccccc2)o1)C(=O)CN(C)S(=O)(=O)C=Cc1ccccc1",454.1674763119999,"Screening"
"O=C1C(Oc2ccc(F)cc2Cl)C(c2cc(F)ccc2F)N1CCCCN1CCOCC1",468.142754968,"Screening"
"COCCCCN1C(=O)C(Oc2cc(C)cc(C)c2)C1c1ccc(C#N)cc1",378.194342692,"Screening"
"COCCCCN1C(=O)C(Oc2ccccc2)C1c1ccccc1OC",355.17835828,"Screening"
"CCCn1c(C)cc(C=C(C#N)C(=O)Nc2nnc(C(C)C)s2)c1C",357.16233135600004,"Screening"
"Cc1cc(C=C(C#N)C(=O)N2CCC2)c(C)n1C1CCCCC1",311.19976242,"Screening"
"Cc1cc(C(=O)NNC(=O)C(C#N)=Cc2cc(C)n(-c3ccccc3C)c2C)c(C)o1",416.18484062799996,"Screening"
"C=CC(=O)NCCC(=O)NC1CCN(c2ccc(Cl)c(F)c2)C1",339.11498274800005,"Screening"
"O=C1[C@H](CC[C@H](O)c2ccc(F)cc2)[C@@H](c2ccc(O)cc2)N1c1ccc(F)cc1",409.148949972,"Screening"
"COc1ccc(NC(=O)C(C#N)=Cc2c[nH]nc2C(C)(C)C)cc1",324.15862588,"Screening"
"C=CC(=O)NCc1ccc(C(=O)N2CCC(c3nc4ccccc4s3)CC2)cc1",405.151097976,"Screening"
"O=Cc1n[nH]c2cc(C(=O)OCC(F)(F)C(F)F)ccc12",304.04710499600003,"Screening"
"Cc1sc2nc(CN3CCOCC3)nc(NS(=O)(=O)C=Cc3ccc(Cl)cc3)c2c1C",478.090010276,"Screening"
"O=S(=O)(C=Cc1ccc(Cl)cc1)Nc1ncnc2sc3c(c12)CCC3",391.02159636799996,"Screening"
"O=C(CN1CCN(S(=O)(=O)C=Cc2ccccc2)CC1)N(C1CCCC1)C1CCS(=O)(=O)C1",495.186163156,"Screening"
"O=C(Nc1ccc(N2CCC2=O)cc1)NC1C2CCC(C2)C1CO",329.17394159599996,"Screening"
"Cn1cnc([N+](=O)[O-])c1N1CCN(S(=O)(=O)C=Cc2ccccc2)CC1",377.115775088,"Screening"
"CCc1nsc(N2CCN(C(=O)C(C#N)=Cc3ccco3)CC2)n1",343.110295784,"Screening"
"C[C@@H](NC(=O)Nc1ccc(N2CCC2=O)cc1)c1ccc(C(F)(F)F)cc1",377.13511147599996,"Screening"
"N#CC(=Cc1cnn(Cc2ccccc2)c1)C(=O)NC1CCCC1",320.16371126,"Screening"
"O=C(NCc1cccc(O)c1)Nc1ccc(N2CCC2=O)cc1",311.126991404,"Screening"
"COCCN1C(=O)C(Sc2ccccc2)C1c1cccs1",319.070070784,"Screening"
"Cc1ccc(NC(=O)COc2ccc(C=O)cc2Cl)c(C)c1",317.081871052,"Screening"
"C=CC(=O)NCc1ccc(C(=O)Nc2nc(-c3ccc(C)s3)c(C)s2)cc1",397.09186884800005,"Screening"
"O=S(=O)(C=Cc1ccccc1)NCCCOC1CCCCC1",323.15551466,"Screening"
"COC1CCN(c2ccc(F)cc2CN(C)C(=O)C(C)Cl)CC1",342.151033908,"Screening"
"NS(=O)(=O)Cc1cccc(CNC(=O)CCl)c1",276.033540956,"Screening"
"Cc1cc(OCCC(N)=O)ccc1NC(=O)CCl",270.07712002,"Screening"
"Cc1csc(CN(CC2CCCO2)C(=O)C(C)Cl)n1",302.08557652800005,"Screening"
"CC(Cl)C(=O)N1CCN(CCCc2nc(-c3cccs3)no2)CC1",368.10737459200004,"Screening"
"CC(Cl)C(=O)NCc1ccc(NC(=O)CCN(C)Cc2ccccc2)cc1",387.171354752,"Screening"
"O=C(CCl)N1CCCOC(c2ccccc2)C1",253.086956432,"Screening"
"CC(Cl)C(=O)NCCc1nnc2n1CCCCC2",270.124738908,"Screening"
"CC(Cl)C(=O)NCc1nncn1-c1ccccc1",264.077788716,"Screening"
"Cc1nn(C)c(NC(=O)C(C)Cl)c1-c1ccccc1",277.098189812,"Screening"
"Cc1cc(NC(=O)CCl)n(-c2ncccn2)n1",251.05738762,"Screening"
"CC(Cl)C(=O)N(C)CC(=O)Nc1ccc(Cl)c(S(=O)(=O)N2CCOCC2)c1",437.057897132,"Screening"
"CC1CN(C(=O)c2ccc(NC(=O)C(C)Cl)cc2)CC(C)O1",324.124070212,"Screening"
"Cc1nc(CN2CCC(CNC(=O)C(C)Cl)CC2)oc1C",313.15570468799996,"Screening"
"CC(Cl)C(=O)N(C)CCn1c(=O)oc2ccccc21",282.07712002,"Screening"
"CCn1cc(C2CCN(C(=O)C(C)Cl)CC2)cn1",269.12948994,"Screening"
"CC(Cl)C(=O)N(C)Cc1cc2c(cc1OC(F)F)OCO2",321.0579420479999,"Screening"
"CC(Cl)C(=O)NCc1cc(F)cc2c1OCOC2",273.056799176,"Screening"
"CC(Cl)C(=O)NC(C)c1nc(-c2cccnc2)cs1",295.054610748,"Screening"
"COC(=O)c1cc(Cl)cc(NC(=O)CCl)c1",260.995948508,"Screening"
"COc1ccc(C(C)NC(=O)C(C)Cl)cc1Cn1cccn1",321.12440456,"Screening"
"CN(C(=O)CCl)C(c1ccc(F)cc1)c1ccc(Cl)cc1",325.043647648,"Screening"
"CC(Cl)C(=O)NCCCN1C(=O)NC2(CCCCC2)C1=O",315.134969244,"Screening"
"Cc1nn(CC(C)C)c(Cl)c1C1CCCN1C(=O)C(C)Cl",331.121817716,"Screening"
"CC(Cl)C(=O)NCC1CCCN(C)C1c1cccs1",300.106311972,"Screening"
"Cc1nc(C)n(CC2CN(C(=O)C(C)Cl)CCO2)n1",286.119653528,"Screening"
"COc1cc(C2(CNC(=O)CCl)CCCC2)ccc1OC(F)F",347.10997761999994,"Screening"
"CC(Cl)C(=O)N1CCN(CC(F)(F)C(F)F)CC1",290.08090366000005,"Screening"
"CC(C)COC(C)c1noc(CN(C)C(=O)C(C)Cl)n1",303.134969244,"Screening"
"CC(Cl)C(=O)Nc1ccc(C(=O)N(C)C2CCCN(C)C2)cc1",337.155704688,"Screening"
"CC(C)CNC(=O)C1(NC(=O)C(C)Cl)CCCC1",274.144805656,"Screening"
"Cc1ccc(CNC(=O)C(C)Cl)c(OCc2ccco2)c1",307.09752111599994,"Screening"
"CC(Cl)C(=O)N1CC2CCCCC21c1ccccc1",277.12334194,"Screening"
"CC(Cl)C(=O)N1CCc2sccc2C1c1cccs1",311.020533748,"Screening"
"O=C(CCl)N(Cc1ccccc1)Cc1nc2ccsc2c(=O)[nH]1",347.049525368,"Screening"
"CC(CCc1ccc2c(c1)OCO2)NC(=O)C(C)Cl",283.097521116,"Screening"
"Cc1cc(C=C(C#N)C(=O)Nc2ccn(C)n2)c(C)n1CC(C)C",325.190260356,"Screening"
"Cc1cc(C=C(C#N)C(=O)N2CCN(S(=O)(=O)c3cc(C(N)=O)n(C)c3)CC2)c(C)n1C1CC1",484.18927437600007,"Screening"
"Cc1cc(C=C(C#N)C(=O)Nc2ccc3c(c2)NC(=O)CO3)c(C)n1C1CC1",376.15354049999996,"Screening"
"CC(=O)N(c1ccccc1)c1nc(CN2CCN(S(=O)(=O)C=Cc3ccccc3)CC2)cs1",482.1446326919999,"Screening"
"CCCCc1ccc(-c2csc(NC(C)=C(C#N)C(N)=O)n2)cc1",340.13578226,"Screening"
"C=CC(=O)NCCNC(=O)C1CCS(=O)(=O)c2ccccc21",322.09872805599997,"Screening"
"C=CC(=O)NCc1ccc(C(=O)N2CCN(Cc3cc(F)ccc3OC)CC2)cc1",411.19581991199993,"Screening"
"COC(=O)CN(Cc1ccccc1)c1nc2c(C)cccn2c(=O)c1C=O",365.137556088,"Screening"
"Cn1cc(C=C(C#N)C(=O)NC2CC2)c(-c2cc3ccccc3o2)n1",332.127325752,"Screening"
"N#CC(=Cc1csc(C2CC2)n1)C(=O)Nc1ccccc1C(=O)O",339.06776227599994,"Screening"
"N#CC(=Cc1csc(C2CC2)n1)C(=O)Nc1ccccc1Br",372.988445104,"Screening"
"N#CC(=Cc1cn(Cc2ccccc2)nc1-c1cc2ccccc2o1)C(N)=O",368.127325752,"Screening"
"O=C(NCC(O)COc1cccc(C(F)(F)F)c1)Nc1cccc(N2CCC2=O)c1",423.14059078,"Screening"
"CCOc1ccc(C2C(n3cnnn3)C(=O)N2Cc2ccc(C)cc2)cc1",363.16952491200004,"Screening"
"COc1ccc(C2C(n3cnnn3)C(=O)N2CCCOCC2CC2)cc1",357.180089596,"Screening"
"Cc1ccc(C2C(N3C(=O)CN(C)C3=O)C(=O)N2C2CCN(C(=O)c3ccco3)CC2)cc1C",464.20596999599996,"Screening"
"Cc1ccc(C2C(N3CSCC3=O)C(=O)N2C2CCN(C(=O)c3ccco3)CC2)cc1C",453.172227344,"Screening"
"Cc1ccc(C2C(N3CCSC3=O)C(=O)N2C2CCN(C(=O)c3ccco3)CC2)cc1C",453.172227344,"Screening"
"CCOCCN1C(=O)C(N2CCSC2=O)C1c1ccc(F)cc1",338.110041688,"Screening"
"COc1cc(C=C2SC(=O)N(CCNC(=O)c3ccnc(Cl)c3)C2=O)cc(OC)c1OC",477.07613403999994,"Screening"
"CC(C)Oc1ccc(C=C(C#N)C(=O)Nc2ccc(C(=O)O)cc2)cc1",350.12665705599994,"Screening"
"O=C(NC1CCSc2c(F)cccc21)C1CCN(S(=O)(=O)C=Cc2ccccc2)CC1",460.12906288,"Screening"
"CCc1cccc(N(C#N)Cc2cc(C)on2)c1",241.1215121,"Screening"
"COCCn1c(C)cc(C=C(C#N)C(=O)Nc2ccc(N3CCOCC3)cc2N2CCOCC2)c1C",493.2689046,"Screening"
"C=CC(=O)NCc1ccc(C(=O)Nc2c(C)nn(C(C)(C)C)c2C)cc1",354.205576072,"Screening"
"COc1cc(C=O)ccc1OCCOc1cccc2ccccc12",322.120509056,"Screening"
"N#CC(=Cc1cc(Br)c2c(c1)OCCCO2)C(=O)NC1CC1",362.02660444,"Screening"
"Cc1ccc(F)c(N(C#N)CCN2CCCS2(=O)=O)c1",297.094725972,"Screening"
"CCc1cccc(N(C#N)Cc2csc(COC)n2)c1",287.10923316400005,"Screening"
"C=CC(=O)NCCC(=O)N1CCC(C(=O)OC)(C(F)(F)F)C1",322.11404168400003,"Screening"
"CCCCNc1ccc(S(=O)(=O)N2CCOCC2)cc1NS(=O)(=O)C=Cc1ccccc1",479.154863028,"Screening"
"N#CC(=Cc1cc2ccccc2o1)C(=O)Nc1ccc(C(=O)O)cc1",332.07970686399995,"Screening"
"CCOC(=O)c1c(C)c(C)n(Cc2cccs2)c1NC(=O)COC(=O)c1ccc(Cl)nc1",475.09686948399997,"Screening"
"CCC1SC(=C(C#N)C(=O)NCc2ccco2)N(c2ccc(Br)cc2)C1=O",445.009574472,"Screening"
"Cc1ccc(N2C(=O)C(C)SC2=C(C#N)C(=O)NCCc2ccccc2)cc1",391.135447912,"Screening"
"CC1SC(=C(C#N)C(=O)NCc2ccco2)N(c2ccc(F)cc2)C1=O",371.07399052799997,"Screening"
"CCC1SC(=C(C#N)C(=O)NCc2ccccc2)N(c2ccc(Br)cc2)C1=O",455.03030991599996,"Screening"
"CC1SC(=C(C#N)C(=O)NCc2ccco2)N(c2ccc(Br)cc2)C1=O",430.993924408,"Screening"
"CCC1SC(=C(C#N)C(=O)NCc2ccccc2)N(c2ccc(Cl)cc2)C1=O",411.080825496,"Screening"
"CC(NC(=O)c1ccc(NS(=O)(=O)C=Cc2ccccc2)cc1)c1ccc2c(c1)OCO2",450.12494280399994,"Screening"
"O=C(NC1CC1)C1CCCN1S(=O)(=O)C=Cc1ccc(Cl)cc1",354.080491148,"Screening"
"O=S(=O)(C=Cc1ccccc1)Nc1cccc(-c2nnnn2C2CC2)c1",367.11029578400013,"Screening"
"C=CC(=O)N1CCC(C(=O)N(OC)C2CCCOc3ccc(C)cc32)CC1",372.204907376,"Screening"
"O=Cc1ccc(Oc2ccc3nnc(C(F)(F)F)n3n2)cc1",308.0521101240001,"Screening"
"O=C(Nc1ccc(N2CCCC2)nc1)c1ccc(NS(=O)(=O)C=Cc2ccccc2)cc1",448.15691162799993,"Screening"
"Cc1csc(C2CCCCN2C(=O)COc2ccccc2C=O)n1",344.1194635,"Screening"
"COc1ccc(N(C#N)Cc2ccc(Br)cc2C#N)cc1Cl",374.97740175200005,"Screening"
"O=S(=O)(Nc1cccc(Cl)c1)c1ccc(O)c(NS(=O)(=O)c2cccnc2Cl)c1",472.967367876,"Screening"
"CCc1cccc(N(C#N)Cc2nnc(-c3cccc(F)c3)o2)c1",322.12298932,"Screening"
"COC(=O)c1ccc(C=C(C#N)C(=O)NCc2ccccc2)o1",310.095356928,"Screening"
"CC(C)(C)c1csc(NC(=O)C(C#N)=Cc2ccc(OCc3ccccn3)cc2)n1",418.146346944,"Screening"
"C=CC(=O)N1CCC(C(=O)N2CCCCC2COC(=O)N(C)CC)CC1",365.23145647200005,"Screening"
"C=CC(=O)NCCNC(=O)Cc1coc2cc3c(cc12)CCC3",312.1473925,"Screening"
"C=CC(=O)NCCNC(=O)c1cccc(NC(=O)C(C)(C)C)c1",317.173941596,"Screening"
"C=CC(=O)NCCNC(=O)c1ccc(Cl)c(S(=O)(=O)N2CCCCCC2)c1",413.11760492799993,"Screening"
"Cc1ccc(C=CS(=O)(=O)NCC(=O)NC(c2cccc(F)c2)c2nccn2C)cc1",442.1474898160001,"Screening"
"N#CC(=CC1CC1)C(=O)NC[C@@H](O)c1ccc(Cl)cc1",290.0822054,"Screening"
"O=C(Nc1ccc(-c2nc(-c3cccc(N4CCC4=O)c3)no2)cc1)c1ccccc1",410.13789043599996,"Screening"
"CCc1cccc(N(C#N)CC(=O)NCC(C)(C)N2CCOCC2)c1",344.221226136,"Screening"
"CC(C)C(NS(=O)(=O)C=Cc1ccccc1)C(=O)NCc1cccc(NS(C)(=O)=O)c1",465.139212964,"Screening"
"C=CC(=O)N1CCC(C(=O)Nc2nc3c(s2)CC(C(C)(C)C)CC3)CC1",375.198048168,"Screening"
"N#CC(=Cc1ccco1)C(=O)NCCc1ccc(F)cc1F",302.086684064,"Screening"
"COc1ccc(-c2nn(CC(N)=O)cc2C=O)cc1",259.095691276,"Screening"
"COc1ccccc1NC(=O)C(C#N)=Cc1sc(Oc2ccccc2)nc1Cl",411.044439988,"Screening"
"Cc1ccc2nc(N3CCc4ccccc4C3)c(C=O)c(=O)n2c1",319.132076784,"Screening"
"COc1ccc(NS(=O)(=O)c2ccc(Cl)nc2Cl)cc1S(=O)(=O)N1CCOCC1",480.99358262399994,"Screening"
"Cc1nnc(CN(C#N)c2ccc(F)c(Cl)c2)o1",266.03706677599996,"Screening"
"Cn1ccc2c(NC(=O)COc3cccc(C=O)c3)cccc21",308.116092372,"Screening"
"C=CC(=O)NCc1ccc(C(=O)N2CCC(N(C)C(C)=O)CC2)cc1",343.18959166,"Screening"
"O=Cc1ccc(OCC(=O)N2CC=C(c3ccccc3)C2)cc1",307.120843404,"Screening"
"CC(OC(=O)c1ccc(C=O)cc1)c1cccnc1",255.089543276,"Screening"
"C=CC(=O)NCc1ccc(C(=O)N2CCC(OC3CCCC3)CC2)cc1",356.209992756,"Screening"
"CCOc1ccc(S(=O)(=O)N2CCOCC2)cc1NC(=O)c1cc2ccccc2c(Cl)n1",475.096869484,"Screening"
"COc1ccc(C=O)cc1CN1C(=O)NC2(CCSC2)C1=O",320.08307799199997,"Screening"
"O=S(=O)(C=Cc1ccccc1)N1CCSc2ccc(Cl)cc21",351.01544836799997,"Screening"
"Cc1ccc2cc(C=O)c(N3CCC(C)CC3)nc2c1",268.15756326,"Screening"
"C=CC(=O)NCCC(=O)NC(c1ccccc1C(F)(F)F)C(F)(F)F",368.095947008,"Screening"
"C=CC(=O)Nc1ccc(C(=O)N(CC(=O)N(C)C)CC(F)(F)F)cc1",357.130026096,"Screening"
"O=C1CCCN1c1ccc(Cl)c(NS(=O)(=O)C=Cc2ccccc2)c1",376.064841084,"Screening"
"N#CC(=Cc1ccc(C#N)o1)C(=O)Nc1nc(-c2ccncc2)cs1",347.0476955280001,"Screening"
"CCCCCCCC(=O)N1CCC(C2NC(=O)C2(C)C)CC1",308.246378264,"Screening"
"CC[C@]1(O)C[C@@H](N(Cc2ccc(S(C)=O)cc2)C(=O)CCl)C1",343.10089224399997,"Screening"
"CCc1nc(CN(C(=O)CCl)c2cnn3c2OCCC3)cs1",340.07607446400004,"Screening"
"O=C(CCl)N(Cc1ccc(Cl)o1)[C@@H]1c2ccccc2C[C@H]1O",339.0428987,"Screening"
"COc1cc(N(Cc2ccn(C)n2)C(=O)CCl)cc2ccccc12",343.108754496,"Screening"
"CO[C@H]1CCC[C@H]1N(Cc1cnn(CC(F)F)c1C)C(=O)CCl",349.13686106399996,"Screening"
"COc1ccc(CN(Cc2ccc3[nH]ccc3c2)C(=O)CCl)cc1",342.113505528,"Screening"
"Cn1c(=O)oc2cc(Cl)c(NC(=O)CCl)cc21",273.991197476,"Screening"
"Cc1cc(NC(=O)CCl)n(-c2ccncn2)n1",251.05738762,"Screening"
"COc1ccc(Cn2ccc(NC(=O)CCl)n2)cc1",279.077454368,"Screening"
"C=CS(=O)(=O)N1CC(n2cnnn2)C1",215.047695528,"Screening"
"O=C1NCCc2ccc(N(Cc3ccc4nccnc4c3)C(=O)CCl)cc21",380.104003464,"Screening"
"O=Cc1cc(C(=O)Nc2cnc3c(c2)CC(F)(F)CC3)ccc1B(O)O",360.1092938,"Screening"
"O=Cc1cc(C(=O)N2CCC(O)(c3cccnc3)C2)ccc1B(O)O",340.123052044,"Screening"
"CP(C)(=O)CN1CCCC(NC(=O)c2ccc(B(O)O)c(C=O)c2)C1",366.15158889799994,"Screening"
"CP(C)(=O)c1ncccc1CNC(=O)c1ccc(B(O)O)c(C=O)c1",360.10463870599995,"Screening"
"COc1cc2c3c([nH]c2cc1Cl)CCN(C(=O)c1ccc(B(O)O)c(C=O)c1)C3",412.09972975599993,"Screening"
"CC(Cc1ccc2[nH]ncc2c1)N(C)C(=O)c1ccc(B(O)O)c(C=O)c1",365.1546865199999,"Screening"
"O=Cc1cc(C(=O)NCC23CC=CC(C2)OC3)ccc1B(O)O",315.12780307599996,"Screening"
"O=Cc1cc(C(=O)NCc2nnnn2CC2CC2)ccc1B(O)O",329.129534392,"Screening"
"O=Cc1cc(C(=O)NC2(C(O)c3ccc(F)cc3)CCCC2)ccc1B(O)O",385.149681392,"Screening"
"O=Cc1cc(C(=O)N2CC(c3nnc4n3CCOC4)C2)ccc1B(O)O",356.12920004399996,"Screening"
"CC(C)n1cc(C2N(C(=O)c3ccc(B(O)O)c(C=O)c3)CC23CCOCC3)cn1",411.19655133199996,"Screening"
"Cc1ccnc(-c2n[nH]c(C(C)NC(=O)c3ccc(B(O)O)c(C=O)c3)n2)c1",379.1451844559999,"Screening"
"O=Cc1cc(C(=O)N2CC=C(c3ccc4c(c3)OCCO4)CC2)ccc1B(O)O",393.13836775999994,"Screening"
"CN1CCOC(C(NC(=O)c2ccc(B(O)O)c(C=O)c2)c2ccc(Cl)cc2)C1",416.131029884,"Screening"
"CP(C)(=O)c1cccc(NC(=O)c2ccc(B(O)O)c(C=O)c2)c1",345.09373967399995,"Screening"
"O=Cc1cc(C(=O)NC2(Cc3cccc(Br)c3)CCOC2)ccc1B(O)O",431.05396520799997,"Screening"
"O=Cc1cc(C(=O)N2CCc3c(ncn3-c3ccc(F)cc3)C2)ccc1B(O)O",393.12961464399996,"Screening"
"COc1ccc(CN2CCCN(C(=O)c3ccc(B(O)O)c(C=O)c3)CC2=O)cc1",410.16491685599993,"Screening"
"NC(=O)C(NC(=O)c1ccc(B(O)O)c(C=O)c1)c1ccc2c(c1)CCCC2",380.154352172,"Screening"
"O=Cc1cc(C(=O)NC2c3ccccc3CC23CCOCC3)ccc1B(O)O",379.15910320399996,"Screening"
"O=Cc1cc(C(=O)NC2CCN(CC(=O)N3CCCC3)CC2)ccc1B(O)O",387.19655133199996,"Screening"
"O=Cc1cc(C(=O)NCc2ccc(N3CCCc4ccccc43)nc2)ccc1B(O)O",415.170336584,"Screening"
"O=Cc1cc(C(=O)NCCc2ccc(N3CCOCC3)c(F)c2)ccc1B(O)O",400.160580424,"Screening"
"COc1ccc2c(c1)N(C(=O)c1ccc(B(O)O)c(C=O)c1)CCCC2",353.14345313999996,"Screening"
"CN(Cc1nnc2n1CC(C(F)(F)F)CC2)C(=O)c1ccc(B(O)O)c(C=O)c1",410.13732011599996,"Screening"
"O=Cc1c(OCC(=O)c2ccc3c(c2)CCCC(=O)N3)cccc1B(O)O",367.122717696,"Screening"
"O=Cc1cc(OCCN2CC3CCC(C2)O3)ccc1B(O)O",305.14345313999996,"Screening"
"O=Cc1cc(OCc2nc(-c3ccccc3)cs2)ccc1B(O)O",339.07365932799996,"Screening"
"CC(Oc1ccc(B(O)O)c(C=O)c1)C(=O)N1CCN(c2ncccn2)CC1",384.16050017200007,"Screening"
"C=CS(=O)(=O)NC(C)(C)c1nc(CC)cs1",260.065319752,"Screening"
"C=CC(=O)NC(C)(C)CC(C)(NCc1nnc2n1CCS2)c1nnnn1CCC(=O)OCC",477.2270568520001,"Screening"
"C=CC(=O)NC(C)(C)CC(C)(NCCCCF)c1nnnn1Cc1ccccc1",402.2543378320001,"Screening"
"C=CC(=O)NC(C)(C)CC(C)(NCc1ccc(-c2ccccc2)o1)c1nnnn1CCOCC",466.269238948,"Screening"
"C=CC(=O)NC(C)(C)CC(C)(NCC1(OCCO)CCCCC1)c1nnnn1CCCOC",466.3267538240001,"Screening"
"C=CC(=O)NC(C)(C)CC(C)(NCCCN(C)C(C)=O)c1nnnn1C1CCSCC1",451.2729444240001,"Screening"
"C=CC(=O)NC(C)(C)CC(C)(NCCCOC(F)(F)F)c1nnnn1CCOCC",436.2409735120001,"Screening"
"C=CC(=O)NC(C)(C)CC(C)(NCCCC1CC1)c1nnnn1CC1CCCO1",404.28997439200003,"Screening"
"C=CC(=O)NC(C)(C)CC(C)(NCCCOc1ccccc1F)c1nnnn1C1CCOC1",460.2598171360001,"Screening"
"C=CC(=O)NC(C)(C)CC(C)(NCC1CC(S(C)(=O)=O)C1)c1nnnn1Cc1ccccc1",474.24130994800004,"Screening"
"C=CS(=O)(=O)NCC(C)c1cccs1",231.038770656,"Screening"
"C=CC(=O)NCCNC(c1ccc(F)cc1OC)c1nnnn1-c1ccc(OC)cc1",426.1815668160001,"Screening"
"C=CC(=O)Nc1ccc(C(Nc2cn(C)nc2SCC(C)C)c2nnnn2CC(=C)C)cc1",466.2263285800001,"Screening"
"C=CC(=O)Nc1ccc(C(NC(C)c2ccccc2)c2nnnn2CCCSC)cc1",436.2045305160001,"Screening"
"C=CC(=O)Nc1ccc(C(NCC(C)(C)OCCO)c2nnnn2CCC)cc1",402.23793882000007,"Screening"
"C=CC(=O)N1CCCC(NC(C)(COCC)c2nnnn2CCc2cccc(F)c2)C1",430.24925245200006,"Screening"
"C=CC(=O)N1CCCC(NC(c2ccccc2F)c2nnnn2CCOCC)C1",402.21795232400007,"Screening"
"C=CC(=O)N1CCCC(NC(c2ncccc2F)c2nnnn2C2CCCCC2)C1",413.2339367360001,"Screening"
"C=CC(=O)N1CCC(CNC(c2ccc(OC)c(C)c2)c2nnnn2CC2CC2)CC1",424.2586742640001,"Screening"
"C=CC(=O)N1CCC(CNC(c2ccc(C)c(Cl)c2)c2nnnn2CC(=C)C)CC1",428.20913722800015,"Screening"
"C=CC(=O)NCCNC(c1cccc(C#N)n1)c1nnnn1CCC(=O)OCC",398.181486564,"Screening"
"C=CC(=O)NCCNC(c1cc2ccccc2nc1O)c1nnnn1CCCSC",427.1790440400001,"Screening"
"C=CC(=O)NCCNC(c1c(C)noc1C)c1nnnn1-c1ccc2c(c1)OCO2",411.165502152,"Screening"
"C=CS(=O)(=O)N(C)C(COCC)Cc1ccc(F)cc1F",319.105370908,"Screening"
"C=CS(=O)(=O)NCCc1c(F)cncc1F",248.043105,"Screening"
"C=CS(=O)(=O)N[C@@H]1C[C@H]1c1ccccc1Br",300.977211724,"Screening"
"C=CS(=O)(=O)NCc1cnc(F)c(C)c1",230.052526812,"Screening"
"C=CS(=O)(=O)NC1COc2ccc(Cl)cc21",259.00699186,"Screening"
"C=CS(=O)(=O)N(CCO)Cc1cccnc1",242.072513308,"Screening"
"C=CS(=O)(=O)N1CCCC2(CCCCO2)C1",245.108564468,"Screening"
"C=CS(=O)(=O)NCC(C)CN1CCOCC1",248.1194635,"Screening"
"C=CS(=O)(=O)N(CC)C1CCOC(C)(C)C1",247.124214532,"Screening"
"C=CS(=O)(=O)N[C@@H](C)COCC",193.07726434,"Screening"
"C=CS(=O)(=O)NC(c1nccn1C)C(C)C",243.104147784,"Screening"
"C=CS(=O)(=O)NCCOCCC(=O)OC",237.06709358,"Screening"
"Cc1ccc2nonc2c1NC(=O)[C@H](C)CNC(=O)CCl",310.08326802,"Screening"
"COC[C@H](NC(=O)CCl)C(=O)Nc1cccc2ccsc12",326.04919102,"Screening"
"CC(C)n1cnnc1C1CN(C(=O)[C@H]2CN(C(=O)CCl)C[C@@H]2C)C1",353.16185268799995,"Screening"
"Cc1ncsc1C(=O)N1CCCN(C(=O)[C@H]2CCCN2C(=O)CCl)CC1",398.117939276,"Screening"
"O=C(C[C@H]1CCCN(C(=O)CCl)C1)N1CCN(Cc2ccc(C(F)(F)F)cc2)C(=O)C1",459.153654,"Screening"
"CC(CN(C)C(=O)COc1ccc(C=O)c(B(O)O)c1)c1nccs1",362.11077310800005,"Screening"
"O=Cc1ccc(OCC(=O)NCc2ccc(C(=O)N3CCCC3)cc2)cc1B(O)O",410.164916856,"Screening"
"COc1cc(C=O)c(B(O)O)cc1OCC(=O)NCc1ccccc1S(=O)(=O)N1CCCCC1",490.15811722399997,"Screening"
"COc1cc(C=O)c(B(O)O)cc1OCc1nnnn1C1CCCCC1",360.160500172,"Screening"
"COc1cc(C=O)c(B(O)O)cc1OC(C)c1nnnn1-c1ccccc1",368.1292000440001,"Screening"
"CCOc1cc(C=C(C#N)C(=O)NC(C)C)cc(Br)c1O",352.042254504,"Screening"
"COc1cc(C=C(C#N)C(=O)N2CCCC2)cc(OC)c1O",302.126657056,"Screening"
"N#CC(=CNc1cccc(C(F)(F)F)c1)C(=O)N1CCOCC1",325.10381134799997,"Screening"
"CCOCCCNC(=O)C(C#N)=Cc1cc(OC)c(O)c(OC)c1",334.152871804,"Screening"
"CNC(=O)C(C#N)=Cc1cc(Br)c(O)c(OC)c1",309.99530431200003,"Screening"
"COc1ccc(C2CC(c3ccccc3)=NN2C(=O)COC(=O)c2cnc(Cl)c(Cl)c2)cc1",483.075261448,"Screening"
"CCOC(=O)c1c(NC(=O)C(C#N)=Cc2ccccc2O)sc(C)c1C",370.09872805599997,"Screening"
