"Molecule (Canonical)","ExactMW","Source"
"Cc1ccc(C=C(C#N)C(N)=O)o1",176.058577496,"Fragment"
"Cc1cc(Br)cc(C=C(C#N)C(N)=O)c1",263.989825008,"Fragment"
"N#CC(=Cc1cccnc1)C(=O)NCc1ccccc1",263.105862036,"Fragment"
"COC(=O)C(C#N)=Cc1ccc(C(=O)OC)o1",235.048072388,"Fragment"
"COc1ccc(CNC(=O)C(C#N)=CN(C)C)cc1",259.132076784,"Fragment"
"Cc1cc(C=C(C#N)C(=O)O)c(C)n1-c1ccccc1F",284.096105876,"Fragment"
"Cc1cc(C=C(C#N)C(=O)NS(C)(=O)=O)c(C)n1CC1CCCO1",351.125277152,"Fragment"
"COC(=O)C(C#N)=Cc1cccc(OCc2ccccc2)c1",293.10519334,"Fragment"
"CC(NC(=O)C(C#N)=Cc1ccco1)c1cccc(-n2ccnc2)c1",332.127325752,"Fragment"
"CCCn1c(C)cc(C=C(C#N)C(=O)Nc2ccccc2)c1C",307.168462292,"Fragment"
"CCc1ccc(NC(=O)C(C#N)=Cc2ccc(F)c(C#N)c2)cc1",319.112090288,"Fragment"
"Cc1nn(Cc2ccc(F)cc2)c(Cl)c1C=C(C#N)C(=O)O",319.052382492,"Fragment"
"CC(NC(=O)C(C#N)=Cc1ccccc1Cl)c1ccccc1",310.08729078000005,"Fragment"
"N#CC(=Cc1ccc(CSC(F)F)o1)C(N)=O",258.027454936,"Fragment"
"N#CC(=Cc1ccc(N2CCCCC2)cc1)C(N)=O",255.137162164,"Fragment"
"CCOc1ccc(C=C(C#N)C(=O)NCc2ccco2)cc1",296.116092372,"Fragment"
"CC(=O)Nc1ccc(C=C(C#N)C(N)=O)cc1",229.085126592,"Fragment"
"Cc1ccc(C=C(C#N)C(=O)NC(C)C)o1",218.105527688,"Fragment"
"N#CC(=Cc1ccc(N2CCCCC2)cc1)C(=O)NC1CC1",295.168462292,"Fragment"
"Cc1ccc(C)c(C=C(C#N)C(=O)NC(C)C)c1",242.141913196,"Fragment"
"CC1CCCCC1NC(=O)C(C#N)=Cc1cccs1",274.113984196,"Fragment"
"CC(C)Oc1ccccc1C=C(C#N)C(=O)Nc1ccccc1",306.136827816,"Fragment"
"Cc1cc(C=C(C#N)C(=O)NC2CC2)c(C)n1C1CC1",269.152812228,"Fragment"
"Cc1ccc(C=C(C#N)C(=O)NC2CCCCC2C)o1",272.15247788,"Fragment"
"CCOc1ccccc1NC(=O)C(C#N)=Cc1ccc2c(c1)OCO2",336.11100699199994,"Fragment"
"CCc1cccc(CC)c1NC(=O)C(C#N)=Cc1ccc(C)o1",308.15247787999994,"Fragment"
"CCOc1ccc(C=C(C#N)C(=O)NC2CC2)cc1OC",286.131742436,"Fragment"
"N#CC(=Cc1ccncc1)C(=O)Nc1ccc(C(=O)O)cc1",293.080041212,"Fragment"
"N#CC(=Cc1ccsc1)C(=O)NC1CCCCC1",260.098334132,"Fragment"
"C=CCNC(=O)C(C#N)=Cc1ccccc1[N+](=O)[O-]",257.080041212,"Fragment"
"C=CCNC(=O)C(C#N)=Cc1ccc(OC)cc1",242.105527688,"Fragment"
"C=CCNC(=O)C(C#N)=Cc1ccc(C(C)C)cc1",254.141913196,"Fragment"
"C=CCNC(=O)C(C#N)=Cc1ccc(C)o1",216.089877624,"Fragment"
"COc1ccc(NC(=O)C(C#N)=Cc2cccc(Cl)c2Cl)cc1",346.027582984,"Fragment"
"N#CC(=Cc1ccco1)C(=O)Nc1ccc2c(c1)OCCO2",296.079706864,"Fragment"
"CC(C)OC(=O)C(C#N)=Cc1ccc(N2CCOCC2)cc1",300.1473925,"Fragment"
"N#CC(=Cc1ccccc1OC(F)F)C(=O)Nc1nccs1",321.038353968,"Fragment"
"COc1cccc(C=C(C#N)C(=O)Nc2ccccc2C(=O)O)c1",322.09535692799994,"Fragment"
"Cc1ccc(C=C(C#N)C(=O)Nc2ccc(C(=O)N(C)C)cc2)o1",323.12699140399997,"Fragment"
"N#CC(=Cc1c(Cl)nc2ccccn12)C(=O)Nc1ccccc1Cl",356.02316629999996,"Fragment"
"COc1ccc(C=C(C#N)C(=O)OCC(=O)c2ccc[nH]2)cc1",310.095356928,"Fragment"
"N#CC(=Cc1ccc(-c2ccccc2[N+](=O)[O-])o1)C(N)=O",283.059305768,"Fragment"
"CCOC(=O)C(C#N)=Cc1cc(C(=O)OCC)c(N)s1",294.067427928,"Fragment"
"CCOC(=O)C(C#N)=Cc1ccc(N2C(=O)c3ccccc3C2=O)cc1",346.095356928,"Fragment"
"N#CC(=Cc1ccccc1)C(=O)OCC1CCCO1",257.10519334,"Fragment"
"CC1Cc2ccccc2N1C(=O)C(C#N)=Cc1ccccc1",288.12626313199996,"Fragment"
"N#CC(=Cc1ccccc1)C(=O)OCC(=O)N1CCCC1",284.116092372,"Fragment"
"CCOC(=O)C(C#N)=CNC(=O)c1ccco1",234.0640568,"Fragment"
"CCOC(=O)C(C#N)=Cc1cc(C)n(C(C)C)c1C",260.15247788,"Fragment"
"COc1c(Cl)cc(Cl)cc1C=C(C#N)C(N)=O",269.996282856,"Fragment"
"CCOC(=O)C(C#N)=Cc1c(-c2ccccc2)nc2ccccn12",317.11642672000005,"Fragment"
"C=CCNC(=O)C(C#N)=Cc1ccc(OCc2ccncc2)cc1",319.132076784,"Fragment"
"Cc1cc(C=C(C#N)C(=O)NCC2CCCO2)ccc1F",288.127406004,"Fragment"
"CCOC(=O)C(C#N)=CC=C1Sc2ccccc2N1C",286.077598688,"Fragment"
"Cc1cn2c(C=C(C#N)C(=O)NC3CC3)c(C)nc2s1",286.088832068,"Fragment"
"N#CC(=Cc1cccc(F)c1F)C(=O)NC(N)=O",251.050632904,"Fragment"
"N#CC(=Cc1ccc(Oc2cnccn2)cc1)C(=O)O",267.064391148,"Fragment"
"N#CC(=Cc1ccccc1OCC1CCCO1)C(N)=O",272.116092372,"Fragment"
"COc1ccc(C=C(C#N)C(=O)O)c(OC(C)C)c1",261.10010796,"Fragment"
"Cc1ccn2c(C=C(C#N)C(=O)Nc3ccc(F)cc3F)cnc2c1",338.097917444,"Fragment"
"CC(C)OC(=O)C(C#N)=Cc1ccc(C(F)(F)F)[nH]1",272.077262252,"Fragment"
"Cc1c(C=C(C#N)C(=O)OCCO)cc(C#N)n1C",259.095691276,"Fragment"
"COc1ccc(OC(F)F)c(C=C(C#N)C(N)=O)c1",268.06594862000003,"Fragment"
"Cc1csc(CNC(=O)C(C#N)=Cc2ccco2)n1",273.057197592,"Fragment"
"N#CC(=Cc1c[nH]nc1-c1ccccc1F)C(=O)Nc1ccccc1F",350.097917444,"Fragment"
"COc1ccc(F)cc1C(C)NC(=O)C(C#N)=Cc1ccco1",314.10667056,"Fragment"
"N#CC(=Cc1ccc(F)cc1)C(=O)N1CCC(c2ccccc2F)CC1",352.13871963599996,"Fragment"
"Cc1c(C=C(C#N)C(=O)N2CC3(CC3)c3ccccc32)cc(C#N)n1C",342.148061196,"Fragment"
"COc1ccc(NC(=O)C(C#N)=Cc2occc2C)cc1OC",312.111006992,"Fragment"
"CCCNC(=O)C(C#N)=Cc1c[nH]c(-c2ccccc2)n1",280.132411132,"Fragment"
"CCC(NC(=O)C(C#N)=Cc1nc(Cl)cs1)c1ccccc1",331.054610748,"Fragment"
"CCC(NC(=O)C(C#N)=Cc1ccn(C)n1)c1ccccc1",294.148061196,"Fragment"
"CCCNC(=O)C(C#N)=Cc1nn(CC)c2ccccc12",282.148061196,"Fragment"
"N#CC(=Cc1cc(Cl)ccc1OCC1CCCO1)C(N)=O",306.07712002,"Fragment"
"N#CC(=Cc1ccc(O)c(O)c1)C(=O)N1CCCC1",258.100442308,"Fragment"
"CCCNC(=O)C(C#N)=Cc1cc(C(F)(F)F)nn1C",286.10414569600005,"Fragment"
"N#C/C(=C\c1ccoc1)C(=O)O",163.02694302,"Fragment"
"CCCNC(=O)C(C#N)=Cc1cc(C(=O)OCC)no1",277.10625596,"Fragment"
"N#CC(=Cc1ccc2oncc2c1)C(=O)NC1CCCC1",281.11642672,"Fragment"
"CCCNC(=O)C(C#N)=Cc1ccc(C(F)(F)F)[nH]1",271.093246664,"Fragment"
"COc1cc(C=C(C#N)C(=O)NC(C)C)sn1",251.072847656,"Fragment"
"CCCNC(=O)C(C#N)=Cc1ccc2c(c1)CC(C)O2",270.136827816,"Fragment"
"Cc1ccc(-n2c(C)cc(C=C(C#N)C(=O)N3CNC(=O)C3)c2C)cc1",348.15862588,"Fragment"
"CC(NC(=O)C(C#N)=Cc1ccn(C(C)C)n1)c1ccccc1",308.16371126,"Fragment"
"Cc1ccccc1CNC(=O)C(C#N)=Cc1ccn(C(C)C)n1",308.16371126,"Fragment"
"CCCNC(=O)C(C#N)=Cc1conc1C(F)(F)F",273.07251121999997,"Fragment"
"N#C/C(=C\c1ccc2[nH]ncc2c1)C(=O)O",213.053826464,"Fragment"
"Cc1nn(-c2cccc(C(F)(F)F)c2)c(Cl)c1/C=C(\C#N)C(=O)O",355.033538868,"Fragment"
"CCCNC(=O)C(C#N)=Cc1cn(C)nc1-c1cccc(F)c1",312.13863938400004,"Fragment"
"CCCNC(=O)C(C#N)=Cc1cccc2ccncc12",265.1215121,"Fragment"
"CCCNC(=O)C(C#N)=Cc1ccc(-c2nnn[nH]2)cc1",282.12290906799996,"Fragment"
"Cc1ccc(C=C(C#N)C(=O)N2CC[C@H](NC(=O)Cc3ccccc3)C2)cc1",373.179026976,"Fragment"
"COc1cc(C=C(C#N)C(N)=O)ccc1O",218.06914218,"Fragment"
"N#CC(=Cc1ccc(O)cc1)C(=O)NCc1ccco1",268.084792244,"Fragment"
"N#CC(=Cc1cccs1)C(N)=O",178.020083812,"Fragment"
"CC(C)c1ccc(C=C(C#N)C(=O)O)cc1",215.094628656,"Fragment"
"N#CC(=Cc1cccs1)C(=O)NCc1ccccc1",268.067034004,"Fragment"
"COc1ccc(C=C(C#N)C(=O)O)cc1C#N",228.053492116,"Fragment"
"COC(=O)C(C#N)=Cc1cnn(-c2ccccc2)c1",253.085126592,"Fragment"
"N#CC(C(=O)CCl)=C(c1ccc(F)cc1)N1CCCCC1",306.093519032,"Fragment"
"N#CC(=Cc1cc(F)ccc1F)C(=O)NC1CCCC1",276.10741950799996,"Fragment"
"CCCn1c(C)cc(C=C(C#N)C(=O)Nc2ccc3c(c2)C(=O)NC3)c1C",362.174275944,"Fragment"
"C=CCNC(=O)C(C#N)=Cc1cc(C)n(-c2ccc(C)cc2)c1C",319.168462292,"Fragment"
"CCCn1c(C)cc(C=C(C#N)C(=O)N2CCc3sccc3C2)c1C",353.156183356,"Fragment"
"CC(C)(C)C(=O)C(C#N)=Cc1cccnc1Cl",248.071640716,"Fragment"
"CC(C)OC(=O)C(C#N)=Cc1ccc([N+](=O)[O-])o1",250.05897142,"Fragment"
"COC(=O)C(C#N)=CC1=Cc2ccccc2OC1",241.073893212,"Fragment"
"C=CCNC(=O)C(C#N)=Cc1cnn(-c2ccc(Cl)cc2)c1",312.077788716,"Fragment"
"CCCNC(=O)C(C#N)=Cc1cn(-c2ccc(F)cc2Cl)nn1",333.07926593600007,"Fragment"
"COc1cc(CNC(=O)C(C#N)=Cc2ccco2)c2ccccc2n1",333.1113413400001,"Fragment"
"Cc1cc(C=C(C#N)C(=O)OC(C)C)cc(C)c1OC(F)F",309.117649844,"Fragment"
"N#CC(=Cc1ccc(F)c(-c2cccs2)c1)C(=O)Nc1nccs1",355.02493216,"Fragment"
"COc1cc(C=C(C#N)C(N)=O)ccc1OC(F)F",268.06594862000003,"Fragment"
"COCCNC(=O)C(C#N)=Cc1cc([N+](=O)[O-])ccc1Cl",309.051633544,"Fragment"
"CCOC(=O)C(C#N)=Cc1ccc(N2CCOCC2)cc1",286.131742436,"Fragment"
"N#CC(=Cc1ccc2c(c1)OCO2)C(=O)NCc1ccco1",296.079706864,"Fragment"
"Cc1nn(Cc2ccccc2Cl)c(C)c1C=C(C#N)C(=O)O",315.07745436799996,"Fragment"
"Cc1ccc(C)c(-n2nc(C)c(C=C(C#N)C(=O)O)c2Cl)c1",315.077454368,"Fragment"
"CC(=O)N(c1ccc(C)c(C)c1)c1nc(C=C(C#N)C(=O)O)cs1",341.08341233999994,"Fragment"
"COc1ccccc1NC(=O)C(C#N)=Cc1ccco1",268.084792244,"Fragment"
"CC(=O)Nc1ccc(C=C(C#N)C(=O)Nc2c(C)cc(C)cc2C)cc1",347.163376912,"Fragment"
"CC(C)NC(=O)C(C#N)=Cc1ccc(C(F)(F)F)cc1",282.097997696,"Fragment"
"N#CC(=Cc1cccc(Br)c1)C(=O)N1CCCCC1",318.0367752,"Fragment"
"CC(C)NC(=O)C(C#N)=Cc1ccccc1Br",292.021125136,"Fragment"
"CC1CCCCC1NC(=O)C(C#N)=Cc1ccc([N+](=O)[O-])o1",303.121906024,"Fragment"
"CC1CCCCC1NC(=O)C(C#N)=Cc1ccc(C(F)(F)F)cc1",336.144947888,"Fragment"
"Cc1c(Cl)cccc1NC(=O)C(C#N)=Cc1cccs1",302.0280616520001,"Fragment"
"N#CC(=Cc1ccccc1)C(=O)NCC1CCCO1",256.121177752,"Fragment"
"N#CC(=Cc1ccccc1)C(=O)NC1CC1",212.094963004,"Fragment"
"N#CC(=Cc1ccco1)C(=O)NC1CC1",202.07422756,"Fragment"
"CC(=Cc1ccccc1)C=C(C#N)C(=O)NC1CC1",252.126263132,"Fragment"
"COc1ccc(NC(=O)C(C#N)=Cc2ccsc2)cc1OC",314.072513308,"Fragment"
"Cc1ccc(C)c(NC(=O)C(C#N)=Cc2cccn2C)c1",279.137162164,"Fragment"
"CCOc1ccc(NC(=O)C(C#N)=Cc2ccc(F)cc2)cc1",310.11175594,"Fragment"
"C=CCNC(=O)C(C#N)=Cc1ccc(OC)c(OC)c1",272.116092372,"Fragment"
"N#CC(=Cc1ccc(OC(F)F)cc1)C(=O)Nc1ccccc1",314.086684064,"Fragment"
"N#CC(=Cc1ccccc1)C(=O)N1CCCC1",226.110613068,"Fragment"
"CCOc1ccc(C=C(C#N)C(=O)Nc2nccs2)cc1",299.072847656,"Fragment"
"N#CC(=Cc1ccc(Cl)cc1)C(=O)Nc1ccc2c(c1)OCCO2",340.061469956,"Fragment"
"N#CC(=Cc1ccccc1Cl)C(=O)Nc1ccccn1",283.05123962000005,"Fragment"
"Cc1ccc(C=C(C#N)C(=O)Nc2nccs2)o1",259.041547528,"Fragment"
"CC(NC(=O)C(C#N)=Cc1nc(Cl)cs1)c1ccccc1",317.038960684,"Fragment"
"COc1ccc(NC(=O)C(C#N)=Cc2c(Cl)nc3ccccn23)cc1",352.0727033360001,"Fragment"
"COc1ccc(O)c(C=C(C#N)C(=O)Nc2ccccc2F)c1",312.09102049600006,"Fragment"
"N#CC(=Cc1ccccc1)C(=O)N1CCCc2ccccc21",288.12626313199996,"Fragment"
"N#CC(=Cc1ccccc1)C(=O)NCc1ccc(F)cc1",280.101191256,"Fragment"
"N#CC(=Cc1ccc2c(c1)OCO2)C(=O)Nc1cccc2c1C(=O)NC2=O",361.06987045200003,"Fragment"
"N#CC(=Cc1ccc(OC(=O)c2ccccn2)cc1)C(N)=O",293.080041212,"Fragment"
"N#CC(=Cc1ccc(-c2cc(C(F)(F)F)ccc2Cl)o1)C(=O)O",341.006655424,"Fragment"
"CC(=O)N1CCN(C(=O)C(C#N)=Cc2ccccc2)CC1",283.132076784,"Fragment"
"Cc1noc(C)c1COc1ccc(C=C(C#N)C(=O)O)cc1",298.095356928,"Fragment"
"CN(C(=O)C(C#N)=Cc1ccco1)c1ccc(F)cc1",270.080455812,"Fragment"
"Cn1cc(C=C(C#N)C(=O)NCc2ccccc2)cn1",266.116761068,"Fragment"
"COc1ccc(C=c2sc(=C(C#N)C=O)n(C)c2=O)cc1",300.056863244,"Fragment"
"N#CCOc1ccc(C=C(C#N)C(N)=O)cc1",227.069476528,"Fragment"
"CCOC=C(C#N)C(=O)NC1CC(OCC)C12CCCC2",292.178692628,"Fragment"
"COCCOC(=O)C(C#N)=Cc1c[nH]nc1-c1ccc(F)cc1",315.101919528,"Fragment"
"N#CC(=Cc1cnn(Cc2ccccc2)c1)C(=O)O",253.085126592,"Fragment"
"COCC(C)NC(=O)C(C#N)=Cc1cccc(F)c1F",280.102334128,"Fragment"
"CCc1ccc(NC(=O)C(C#N)=Cc2cc(Br)co2)cc1",344.016039756,"Fragment"
"Cc1cc(C=C(C#N)C(N)=O)ccc1Oc1cccnc1",279.100776656,"Fragment"
"COc1ccc(NC(=O)C(C#N)=Cc2ccco2)c(Cl)c1",302.045819892,"Fragment"
"CN(C)c1ccc(C=C(C#N)C(=O)Nc2ccc3c(c2)CCC(=O)N3)cc1",360.15862588,"Fragment"
"N#CC(=Cc1csc(COc2ccccc2)n1)C(N)=O",285.057197592,"Fragment"
"COc1ccc(NC(=O)C(C#N)=Cc2c(C)n[nH]c2C)cc1",296.127325752,"Fragment"
"N#CC(=Cc1ccccc1OCC(F)(F)F)C(N)=O",270.061612188,"Fragment"
"N#CC(=Cc1ccc(OCC(F)F)cc1)C(N)=O",252.071034,"Fragment"
"N#CC(=Cc1cc2cc(F)ccc2o1)C(=O)O",231.033171272,"Fragment"
"COCC(C)NC(=O)C(C#N)=Cc1occc1C",248.116092372,"Fragment"
"CCc1ccc(C=C(C#N)C(=O)NCc2ccccc2C)o1",294.13682781599994,"Fragment"
"CCC(NC(=O)C(C#N)=Cc1ccn(C)c1)c1ccccc1",293.152812228,"Fragment"
"CCc1ccc(C=C(C#N)C(=O)NC(C)c2ccccc2)o1",294.13682781599994,"Fragment"
"CNC(=O)C(C#N)=Cc1nc2ccccc2n1C",240.101111004,"Fragment"
"CC(C)CNC(=O)C(C#N)=Cc1nccn1-c1ccccc1",294.148061196,"Fragment"
"N#CC(=Cc1cccc(-c2ccncc2)c1)C(=O)O",250.07422756,"Fragment"
"CCCNC(=O)C(C#N)=Cc1cnc2cccc(C)n12",268.132411132,"Fragment"
"N#CC(=Cc1ccc(O)cc1)C(=O)N1[C@@H]2CC[C@H]1C[C@@H](c1ccccc1)C2",358.168127944,"Fragment"
"COc1ccc(N2CCN(C(=O)C(C#N)=Cc3cn[nH]c3)CC2)cc1",337.15387484800004,"Fragment"
"CCCC(NC(=O)C(C#N)=Cc1cnn(C)c1)c1ccccc1",308.16371126,"Fragment"
"CCC(NC(=O)C(C#N)=Cc1nn(C)c(C)c1Cl)c1ccccc1",342.124738908,"Fragment"
"CCCNC(=O)C(C#N)=Cc1c(C2CC2)cnn1C",258.148061196,"Fragment"
"CCCNC(=O)C(C#N)=Cc1ccsc1C(F)(F)F",288.054418632,"Fragment"
"CCCNC(=O)C(C#N)=Cc1oc(C)nc1C",233.11642672,"Fragment"
"Cc1cccc(NC(=O)C(C#N)=Cc2cnn(C3CCC3)c2)c1C",320.16371126,"Fragment"
"Cc1cccc(-n2c(C)cc(C=C(C#N)C(=O)N3CNC(=O)C3)c2C)c1",348.15862588,"Fragment"
"CCCNC(=O)C(C#N)=Cc1nn(C)cc1Cl",252.077788716,"Fragment"
"CCCNC(=O)C(C#N)=Cc1ccc2c(c1)C(C)C(C)O2",284.15247788,"Fragment"
"CC(C)CNC(=O)C(C#N)=Cc1cc2ncccc2o1",269.11642672,"Fragment"
"CC(F)(F)c1cccc(C=C(C#N)C(=O)NC2CCCC2)c1",304.13871963599996,"Fragment"
"CCCNC(=O)C(C#N)=Cc1c(Cl)ccc2c1OCO2",292.061469956,"Fragment"
"CCCNC(=O)C(C#N)=Cc1c(F)cncc1N(C)C",276.13863938400004,"Fragment"
"CCCNC(=O)C(C#N)=Cc1cc(OC)ncc1F",263.107004908,"Fragment"
"N#CC(=Cc1c[nH]nc1-c1ccccc1Br)C(=O)O",316.97998859599994,"Fragment"
"N#CC(=Cc1ccsc1)C(N)=O",178.020083812,"Fragment"
"Cn1cc(C=C(C#N)C(=O)O)cn1",177.053826464,"Fragment"
"N#CC(=Cc1ccc(Cl)s1)C(N)=O",211.98111146,"Fragment"
"N#CC(=Cc1ccc2c(c1)OCO2)C(=O)O",217.037507704,"Fragment"
"COC(=O)C(C#N)=Cc1ccc(OC)cc1",217.073893212,"Fragment"
"COC(=O)C(C#N)=Cc1ccc(Cl)c(Cl)c1",254.985383824,"Fragment"
"N#CC(=Cc1ccc2c(c1)OCO2)C(=O)NCc1ccccc1",306.100442308,"Fragment"
"Cc1cc(C=C(C#N)C(=O)O)c(C)n1C1CC1",230.105527688,"Fragment"
"COC(=O)C(C#N)=Cc1cc(Cl)c2c(c1)OCO2",265.014185416,"Fragment"
"COC(=O)C(C#N)=Cc1ccc(OC)c2ccccc12",267.08954327600003,"Fragment"
"CNC(=O)C(C#N)=Cc1cccc(OC(C)C(=O)O)c1",274.095356928,"Fragment"
"CCOC=C(C#N)C(=O)NC1CCCCC1OC1CCCC1",306.194342692,"Fragment"
"COCCn1c(C)cc(C=C(C#N)C(=O)NC2CC2)c1C",287.163376912,"Fragment"
"COc1cccc(NC(=O)C(C#N)=Cc2ccc([N+](=O)[O-])o2)c1",313.069870452,"Fragment"
"N#CC(=Cc1ccc([N+](=O)[O-])o1)C(=O)Nc1cc(Cl)ccc1Cl",350.981361064,"Fragment"
"Cc1nn(C)c2ncc(C=C(C#N)C(=O)NC(C)C)cc12",283.143310164,"Fragment"
"C=CCNC(=O)C(C#N)=CC1=Cc2ccccc2OC1",266.105527688,"Fragment"
"CCCn1c(C)cc(C=C(C#N)C(=O)N2CCCC(C)C2)c1C",313.215412484,"Fragment"
"Cc1c(C=C(C#N)C(=O)Nc2ccccc2F)cc(C#N)n1C",308.10733925600005,"Fragment"
"COc1ccccc1-c1ccc(C=C(C#N)C(N)=O)cc1",278.105527688,"Fragment"
"N#CC(=Cc1ccc(Br)cc1F)C(=O)NCc1ccccc1",358.011703324,"Fragment"
"COc1ccc(C(=O)Nc2cccc(C=C(C#N)C(=O)O)c2)cc1",322.095356928,"Fragment"
"COC(=O)C(C#N)=Cc1ccc(OCCC(C)C)cc1",273.136493468,"Fragment"
"CCc1cccc2c(C=C(C#N)C(N)=O)c[nH]c12",239.105862036,"Fragment"
"N#CC(=Cc1ccsc1)C(=O)NCc1ccc(Cl)cc1",302.028061652,"Fragment"
"C#CCOc1ccccc1C=C(C#N)C(=O)Nc1ccccc1F",320.096105876,"Fragment"
"Cc1ccc(C=C(C#N)C(=O)Nc2ccc(Cl)cc2)s1",302.0280616520001,"Fragment"
"CCOC(=O)C(C#N)=Cc1cc(C)n(-c2ccccc2)c1C",294.136827816,"Fragment"
"Cc1cc(C=C(C#N)C(N)=O)c(C)n1Cc1ccco1",269.11642672,"Fragment"
"CC(NC(=O)C(C#N)=Cc1c(F)cccc1F)c1ccccc1",312.10741950799996,"Fragment"
"CCOC(=O)C(C#N)=Cc1ccc(-c2cccc(Cl)c2)o1",301.05057092399994,"Fragment"
"N#CC(=Cc1ccccc1)C(=O)Nc1ccccc1F",266.085541192,"Fragment"
"N#CC(=Cc1ccc(N2CCOCC2)cc1)C(=O)Nc1ccccc1F",351.13830503599996,"Fragment"
"N#CC(=Cc1ccc2c(c1)OCO2)C(=O)Nc1cccc(C(F)(F)F)c1",360.07217687200006,"Fragment"
"COc1cc(C=C(C#N)C(N)=O)cc(OC)c1OC",262.095356928,"Fragment"
"Cc1[nH]c2ccccc2c1C=C(C#N)C(N)=O",225.090211972,"Fragment"
"COc1ccc(C=C(C#N)C(=O)Nc2cccc(C(F)(F)F)c2)cc1O",362.087826936,"Fragment"
"COc1ccc(NC(=O)C(C#N)=Cc2ccsc2)cc1Cl",318.02297627200005,"Fragment"
"N#CC(=Cc1cccc(Oc2ccccc2)c1)C(=O)N1CCCC1",318.136827816,"Fragment"
"COc1ccccc1NC(=O)C(C#N)=Cc1ccc(F)cc1",296.096105876,"Fragment"
"CC(C)NC(=O)C(C#N)=Cc1cccc(Cl)c1",248.071640716,"Fragment"
"Cc1ccc(C=C(C#N)C(=O)N2CCCC2)cc1",240.126263132,"Fragment"
"Cc1ccc(NC(=O)C(C#N)=Cc2ccc3c(c2)OCCO3)c(C)c1",334.13174243599997,"Fragment"
"Cc1ccsc1C=C(C#N)C(=O)NC1CCCCC1C",288.12963426,"Fragment"
"CCOC(=O)c1ccc(NC(=O)C(C#N)=Cc2ccco2)cc1",310.095356928,"Fragment"
"COc1cccc2cc(C=C(C#N)C(=O)Nc3ccc(C)cc3)oc12",332.11609237199997,"Fragment"
"C=CCNC(=O)C(C#N)=Cc1c(OC)ccc2ccccc12",292.121177752,"Fragment"
"COc1ccc(C=C(C#N)C(=O)Nc2ccccc2)cc1",278.105527688,"Fragment"
"Cc1ccc(C=C(C#N)C(=O)N2CCOCC2)s1",262.077598688,"Fragment"
"CN1CCN(C(=O)C(C#N)=Cc2ccc(F)cc2)CC1",273.127740352,"Fragment"
"COc1ccc(NC(=O)C(C#N)=Cc2cccc(O)c2)cc1Cl",328.06146995600005,"Fragment"
"N#CC(=Cc1cccs1)C(=O)Nc1ccc2c(c1)OCCO2",312.05686324399994,"Fragment"
"N#CC(=Cc1c[nH]c2ccccc12)C(=O)Nc1ccc2c(c1)OCCO2",345.11134133999997,"Fragment"
"N#CC(=Cc1ccc2c(c1)OCCO2)C(=O)Nc1ccccn1",307.0956912760001,"Fragment"
"N#CC(=Cc1cccs1)C(=O)Nc1nccs1",261.003053844,"Fragment"
"N#CC(=Cc1ccncc1)C(=O)Nc1nccs1",256.041881876,"Fragment"
"CCN(CC)C(=O)C(C#N)=Cc1cc(Br)cs1",311.99319613600005,"Fragment"
"N#CC(=Cc1csc([N+](=O)[O-])c1)C(=O)NC1CCCC1",291.06776227600005,"Fragment"
"CC(C)c1nn(C)c(Cl)c1C=C(C#N)C(=O)O",253.061804304,"Fragment"
"CC(=O)N(c1ccc(Cl)cc1)c1nc(C=C(C#N)C(=O)O)cs1",347.01313985999997,"Fragment"
"CN(C)c1ccc(C=C(C#N)C(=O)Nc2cccc3ncccc23)cc1",342.148061196,"Fragment"
"CCOc1ccc(C=C(C#N)C(=O)Nc2cccc3ncccc23)cc1",343.132076784,"Fragment"
"CCOc1ccc(C=C(C#N)C(=O)N2CCCCC2C)cc1",298.168127944,"Fragment"
"N#CC(=Cc1ccc2c(c1)OCO2)C(=O)N1CCc2ccccc21",318.100442308,"Fragment"
"COC(=O)C(C#N)=Cc1csc(-c2cccs2)n1",276.002719496,"Fragment"
"Cc1cc(C=C(C#N)C(=O)O)c(C)n1-c1ccnn1C(C)C",298.142975816,"Fragment"
"CNC(=O)C(C#N)=Cc1cc(C)n(-c2cc(C)on2)c1C",284.127325752,"Fragment"
"CC(C)OC(=O)C(C#N)=Cc1cnn(C)c1",219.100776656,"Fragment"
"Cc1cc(C=C(C#N)C(=O)N2CCC2)c(C)n1C1CC1",269.152812228,"Fragment"
"N#CC(=Cc1csc(COc2ccc(Cl)cc2)n1)C(=O)O",320.00224082799997,"Fragment"
"Cc1cc(COC(=O)C(C#N)=Cc2ccc(N(C)C)cc2)no1",311.126991404,"Fragment"
"N#CC(=Cc1cc(Br)co1)C(=O)Nc1ccc(C(=O)O)cc1",359.974568868,"Fragment"
"N#CC(=Cc1csc(-c2ccsc2)n1)C(=O)O",261.987069432,"Fragment"
"COc1ccc(-c2n[nH]cc2C=C(C#N)C(=O)Nc2ccccc2)cc1",344.127325752,"Fragment"
"Cc1cccc(C)c1NC(=O)C(C#N)=Cc1cn(C)nc1-c1cccnc1",357.15896022800007,"Fragment"
"CCc1oc2ccccc2c1C=C(C#N)C(=O)NC1CC1",280.121177752,"Fragment"
"N#CC(=Cc1nccs1)C(=O)NC1CCCCC1",261.0935831,"Fragment"
"CCCNC(=O)C(C#N)=Cc1cc2c(cc1OC)CC(C)O2",300.14739249999997,"Fragment"
"CCCNC(=O)C(C#N)=Cc1cc2cccc(OC)c2o1",284.11609237199997,"Fragment"
"Cc1c(C=C(C#N)C(=O)Nc2cnc3ccccc3c2)cc(C#N)n1C",341.12766010000007,"Fragment"
"CCCNC(=O)C(C#N)=Cc1ccc2c(c1)CCC(C)(C)O2",298.16812794399993,"Fragment"
"N#CC(=Cc1cc2cc(F)ccc2o1)C(=O)NC(N)=O",273.054969336,"Fragment"
"COc1ccc(NC(=O)C(C#N)=Cc2ccco2)cn1",269.080041212,"Fragment"
"CC(C)NC(=O)C(C#N)=Cc1ccc(C(F)(F)F)[nH]1",271.093246664,"Fragment"
"CC(OC(=O)C(C#N)=Cc1ccco1)c1cnc2ccccc2c1",318.100442308,"Fragment"
"N#CC(=Cc1csc(-c2ccc(C(F)(F)F)cc2)n1)C(=O)O",324.018033124,"Fragment"
"COc1cccc(NC(=O)C(C#N)=Cc2csnn2)c1",286.05244656,"Fragment"
"CCCn1c(C)cc(C=C(C#N)C(=O)N2CCc3ccccc3CC2)c1C",361.215412484,"Fragment"
"N#CC(=Cc1cc2cc(F)ccc2o1)C(N)=O",230.049155684,"Fragment"
"Cc1cc(C=C(C#N)C(=O)Nc2nccs2)ccc1-n1cncn1",336.07933000400004,"Fragment"
"CC1CC1c1ccc(C=C(C#N)C(=O)NCc2cccc(Cl)c2)o1",340.09785546399996,"Fragment"
"CCc1ccc(C=C(C#N)C(=O)NC(CC)c2ccccc2)o1",308.15247787999994,"Fragment"
"N#CC(=Cc1cccc(-c2ccncc2)c1)C(N)=O",249.090211972,"Fragment"
"CCCNC(=O)C(C#N)=Cc1cnn(C2(C)CCS(=O)(=O)C2)c1",336.12561149999993,"Fragment"
"CC(C)OC(=O)C(C#N)=Cc1cnn(C)n1",220.096025624,"Fragment"
"COc1cc(C=C(C#N)C(=O)Nc2ccccc2F)cc(OC)c1O",342.10158518,"Fragment"
"N#CC(=Cc1ccc(O)c(O)c1)C(=O)Nc1cccc(Cl)c1Cl",348.00684753999997,"Fragment"
"CCC(NC(=O)C(C#N)=Cc1cnn(CC)n1)c1ccccc1",309.158960228,"Fragment"
"CC(C)OC(=O)C(C#N)=Cc1ccc(C(=O)O)n1C",262.095356928,"Fragment"
"CCOC(=O)c1cn[nH]c1C=C(C#N)C(=O)NC(C)C",276.12224037199996,"Fragment"
"N#CC(=CC1CC1)C(=O)N[C@H]1c2ccccc2OC[C@H]1CO",298.13174243599997,"Fragment"
"CCCNC(=O)C(C#N)=Cc1c(C(F)(F)F)coc1C",286.092912316,"Fragment"
"CCCNC(=O)C(C#N)=Cc1ccc2c(c1)CCOC2",270.136827816,"Fragment"
"CCCNC(=O)C(C#N)=Cc1cc(C)nn1C1CCCC1",286.179361324,"Fragment"
"Cn1cc(C=C(C#N)C(=O)NCC2CCCC3(CCC3)C2O)cn1",328.189926008,"Fragment"
"Cc1cccc(NC(=O)C(C#N)=Cc2cn(C)nc2C2CCC2)c1C",334.179361324,"Fragment"
"CCCNC(=O)C(C#N)=Cc1c2c(nn1C(C)C)CCC2",286.179361324,"Fragment"
"CCCNC(=O)C(C#N)=Cc1c(OC)ncc(Br)c1C",337.042588852,"Fragment"
"CCCNC(=O)C(C#N)=Cc1ccnn1-c1ccncc1",281.1276601,"Fragment"
"Cn1cncc1C=C(C#N)C(=O)Nc1nc(-c2ccncc2)cs1",336.079330004,"Fragment"
"C=CCOC(=O)C(C#N)=Cc1cc(C)c(O)c(C)c1",257.10519334,"Fragment"
"N#CC(=Cc1ccc(Cl)cc1C(F)(F)F)C(=O)NC1CC1",314.04337528,"Fragment"
"CNC(=O)C(C#N)=Cc1ccc(O)c(C(C)C)c1",244.121177752,"Fragment"
"C=CCNC(=O)C(C#N)=Cc1ccccc1C(C)(F)F",276.10741950799996,"Fragment"
"COC(=O)C(C#N)=Cc1ccc(Cl)cc1Cl",254.985383824,"Fragment"
"N#CC(=Cc1ccc(OC(F)F)cc1)C(=O)O",239.039399524,"Fragment"
"COCC(C)n1c(C)cc(C=C(C#N)C(=O)O)c1C",262.131742436,"Fragment"
"N#CC(=Cc1ccco1)C(=O)Nc1ccc(C(=O)O)cc1",282.0640568,"Fragment"
"N#CCCn1cc(C=C(C#N)C(=O)O)c(-c2ccc(F)cc2)n1",310.086603812,"Fragment"
"Cc1ccc(C=C(C#N)C(=O)NCc2ccco2)o1",256.084792244,"Fragment"
"CC(=O)Nc1ccc(NC(=O)C(C#N)=Cc2cc(F)ccc2F)cc1",341.097583096,"Fragment"
"N#CC(=Cc1ccc2c(c1)OCO2)C(=O)OCC(=O)N1CCCCC1",342.12157167600003,"Fragment"
"CN(CCC(F)(F)F)C(=O)C(C#N)=Cc1ccco1",272.077262252,"Fragment"
"COCCNC(=O)C(C#N)=Cc1ccccc1OC(C)C",288.1473925,"Fragment"
"COc1cc(C=C(C#N)C(N)=O)ccc1OC(C)C",260.116092372,"Fragment"
"COc1ccc(C=C(C#N)C(=O)NCc2ccco2)cc1",282.100442308,"Fragment"
"Cc1ccsc1C=C(C#N)C(=O)NCCN1CCOCC1",305.119797848,"Fragment"
"COc1ccc(OC)c(C=C(C#N)C(N)=O)c1",232.084792244,"Fragment"
"COc1ccc(C=C(C#N)C(=O)N2CCCC2)c(OC)c1",286.131742436,"Fragment"
"Cc1cccc(NC(=O)C(C#N)=Cc2ccco2)c1",252.089877624,"Fragment"
"Cc1cc(C)c(NC(=O)C(C#N)=Cc2cccnc2)c(C)c1",291.137162164,"Fragment"
"N#CC(=Cc1ccc(C#N)cc1)C(=O)N1CCCC1",251.105862036,"Fragment"
"Cc1ccc(C=C(C#N)C(=O)N2CCCC2)s1",246.082684068,"Fragment"
"CCc1ccc(NC(=O)C(C#N)=Cc2cccnc2)cc1",277.1215121,"Fragment"
"CC(C)NC(=O)C(C#N)=Cc1ccc(OCC(=O)O)cc1",288.111006992,"Fragment"
"C=CCNC(=O)C(C#N)=Cc1ccccc1OC",242.105527688,"Fragment"
"C=CCNC(=O)C(C#N)=Cc1sccc1C",232.067034004,"Fragment"
"C=CCNC(=O)C(C#N)=Cc1c(F)cccc1F",248.07611938,"Fragment"
"C=CCOC(=O)C(C#N)=Cc1ccc2c(c1)OCCO2",271.084457896,"Fragment"
"COc1ccc(NC(=O)C(C#N)=Cc2cccs2)cc1",284.061948624,"Fragment"
"N#CC(=Cc1ccc(N2CCCCC2)cc1)C(=O)Nc1nccs1",338.12013219600004,"Fragment"
"N#CC(=Cc1ccccc1[N+](=O)[O-])C(=O)Nc1ccc2c(c1)OCCO2",351.085520516,"Fragment"
"Cc1ccc(C=C(C#N)C(=O)Nc2ccc3c(c2)OCCO3)o1",310.09535692799994,"Fragment"
"CSc1ccc(C=C(C#N)C(=O)Nc2ccc3c(c2)OCCO3)cc1",352.08816337199994,"Fragment"
"CC(C)OC(=O)C(C#N)=Cc1ccccc1C(F)(F)F",283.082013284,"Fragment"
"N#CC(=Cc1cnn(-c2ccc(Cl)cc2)c1)C(=O)O",273.03050417599997,"Fragment"
"CC(=O)N(c1ccc(C)cc1)c1nc(C=C(C#N)C(=O)O)cs1",327.06776227600005,"Fragment"
"CCOc1ccccc1NC(=O)C(C#N)=Cc1c(C)nc2ccccn12",346.142975816,"Fragment"
"N#CC(=Cc1ccccc1)C(=O)N1CCC(C(N)=O)CC1",283.132076784,"Fragment"
"CC(NC(=O)C(C#N)=Cc1ccco1)c1cccc(-n2cccn2)c1",332.127325752,"Fragment"
"CCCn1c(C)cc(C=C(C#N)C(=O)OC(C)C(=O)OC)c1C",318.157957184,"Fragment"
"Cc1cc(C=C(C#N)C(=O)N2CCC2)c(C)n1CC(C)C",285.184112356,"Fragment"
"N#CC(=Cc1ccc(-c2ccc(Cl)cc2Cl)o1)C(N)=O",305.996282856,"Fragment"
"COc1ccc(C=C(C#N)C(=O)Nc2cccc3c2C(=O)NC3=O)cc1",347.090605896,"Fragment"
"N#CC(=Cc1ccc(Cl)cc1)C(=O)Nc1cccc2c1C(=O)NC2=O",351.04106886,"Fragment"
"CCOC(=O)C(C#N)=Cc1cn(CCC#N)nc1C",258.111675688,"Fragment"
"N#CC(=Cc1ccccc1)C(=O)Nc1nncs1",256.041881876,"Fragment"
"N#CC(=Cc1ccc(Cl)cc1)C(=O)OCC(=O)N1CCOCC1",334.07203463999997,"Fragment"
"N#CC(=Cc1ccccc1)C(=O)N1CCc2ccccc21",274.11061306799996,"Fragment"
"N#CC(=CC1=Cc2ccccc2OC1)C(=O)NCc1ccccc1",316.121177752,"Fragment"
"Cc1cc(C=C(C#N)C(=O)N2CCNC(=O)CC2)c(C)n1CC(C)C",342.205576072,"Fragment"
"Cn1cc(C=C(C#N)C(=O)NCc2ccco2)cn1",256.096025624,"Fragment"
"N#CC(=Cc1ccc(Cl)cc1)C(=O)Nc1ccncc1",283.05123962,"Fragment"
"COC(=O)c1cc(C=C(C#N)C(N)=O)oc1C",234.0640568,"Fragment"
"COC(=O)C(C#N)=Cc1cnn(Cc2ccccc2Cl)c1",301.061804304,"Fragment"
"COC(=O)c1occc1C=C(C#N)C(=O)N1CCCC1",274.095356928,"Fragment"
"N#CC(=Cc1ccco1)C(=O)Nc1nnc(C(F)F)s1",296.01795287199997,"Fragment"
"CN(C)c1ccc(C=C(C#N)C(=O)N2CCC2)cc1",255.137162164,"Fragment"
"N#CC(=Cc1cc(C#N)cs1)C(=O)NC(N)=O",246.021146432,"Fragment"
"N#CC(=CC1CC1)C(=O)NC[C@@H]1C[C@H]1c1ccccc1",266.141913196,"Fragment"
"CCCNC(=O)C(C#N)=Cc1ccc(-c2ccc(F)cc2C)o1",312.12740600399997,"Fragment"
"CNC(=O)C(C#N)=Cc1cc(Cl)ccc1OC(F)F",286.032061648,"Fragment"
"COc1ccc(NC(=O)C(C#N)=Cc2cnc3c(C)cccn23)cc1",332.127325752,"Fragment"
"COC(=O)C(C#N)=Cc1c[nH]c(-c2ccccc2)n1",253.085126592,"Fragment"
"Cc1ccc(CNC(=O)C(C#N)=Cc2ccc3c(c2)CCC(=O)N3C)cc1",359.163376912,"Fragment"
"CNC(=O)C(C#N)=Cc1cccc(-c2ccncc2)c1",263.105862036,"Fragment"
"N#CC(=Cc1ccc(O)cc1)C(=O)N1CC2(CC2)c2ccccc21",316.121177752,"Fragment"
"COc1cc(C=C(C#N)C(=O)Nc2cccc(Cl)c2)cc(O)c1O",344.05638457599997,"Fragment"
"CCCNC(=O)C(C#N)=Cc1cncc2ccccc12",265.1215121,"Fragment"
"N#CC(=CC1CC1)C(=O)NC[C@H]1C[C@@H]1c1ccccc1",266.141913196,"Fragment"
"N#CC(=Cc1ccc(N)nc1)C(=O)NC1CCCC1",256.132411132,"Fragment"
"CC(C)OC(=O)C(C#N)=Cc1ccc(O)nc1",232.084792244,"Fragment"
"COCCn1c(C)cc(C=C(C#N)C(=O)N2CC=C(N)N2)c1C",315.16952491200004,"Fragment"
"CCCNC(=O)C(C#N)=Cc1cnnn1C1CC1",245.12766009999999,"Fragment"
"CCCNC(=O)C(C#N)=Cc1cnc2n1CCCCC2",272.16371126,"Fragment"
"Cc1c(C=C(C#N)C(=O)NC2CC2)cnn1CC(F)F",280.113567508,"Fragment"
"CCCNC(=O)C(C#N)=Cc1cc(C(F)F)cs1",270.063840444,"Fragment"
"CCCNC(=O)C(C#N)=Cc1c(C)ccnc1C",243.137162164,"Fragment"
"CCCNC(=O)C(C#N)=Cc1ccc2c(c1)COC2(C)C",284.15247788,"Fragment"
"CCCNC(=O)C(C#N)=Cc1ccc2oncc2c1",255.100776656,"Fragment"
"CCCNC(=O)C(C#N)=Cc1c(Br)ccc2c1OCCO2",350.02660443999997,"Fragment"
"Cc1ccc(-n2c(C)cc(C=C(C#N)C(=O)Nn3cnnc3)c2C)cc1",346.154209196,"Fragment"
"N#CC(=Cc1ccoc1)C(=O)N1CCCCC(NC(=O)C2(F)CC=CC2)C1",371.164519784,"Fragment"
"N#CC(=Cc1ccc(O)cc1)C(=O)N1CCCC1",242.105527688,"Fragment"
"COc1cc(C=C(C#N)C(=O)Nc2cccc3ncccc23)ccc1O",345.11134133999997,"Fragment"
"COc1cc(C=C(C#N)C(=O)NC2CC2)ccc1O",258.100442308,"Fragment"
"CNC(=O)C(C#N)=Cc1ccc2c(Cl)n[nH]c2c1",260.046488588,"Fragment"
"N#CC(=Cc1ccc(Cl)c(Cl)c1)C(=O)O",240.96973376,"Fragment"
"Cc1ccc(C=C(C#N)C(=O)NC2CC2)s1",232.067034004,"Fragment"
"Cc1cc(C=C(C#N)C(=O)O)c(C)n1CC(C)C",246.136827816,"Fragment"
"N#CC(=Cc1cnn(-c2ccccc2)c1)C(=O)O",239.069476528,"Fragment"
"CCOC(=O)C(C#N)=Cc1cc2ccccc2o1",241.073893212,"Fragment"
"Cc1cc(C=C(C#N)C(=O)O)c(C)n1CCC(C)C",260.15247788,"Fragment"
"CCOc1cc2c(cc1C=C(C#N)C(=O)O)OC(C)C2",273.10010796,"Fragment"
"N#CC(C(=O)CCl)=C(c1ccc(F)cc1)N1CCOCC1",308.072783588,"Fragment"
"COC(=O)C(C#N)=Cc1cnn(-c2ccc(Cl)cc2)c1",287.04615424,"Fragment"
"Cc1ccc(C=C(C#N)C(=O)NC2CCCCC2)cc1C",282.17321332399996,"Fragment"
"N#CC(=Cc1cccc2c1OCO2)C(=O)Nc1cc(Cl)ccc1Cl",360.00684753999997,"Fragment"
"COc1ccnc(COC(=O)C(C#N)=Cc2ccc(C)cc2)c1",308.116092372,"Fragment"
"COC(=O)C(C#N)=Cc1cc(C)n(CC(C)C)c1C",260.15247788,"Fragment"
"CCC(C)C(C)(O)CNC(=O)C(C#N)=Cc1ccco1",276.1473925,"Fragment"
"N#CC(=Cc1ccco1)C(=O)Nc1cccc(-n2ccnc2)c1",304.096025624,"Fragment"
"COC(=O)C(C#N)=Cc1c(C)nn(-c2ccccc2)c1Cl",301.061804304,"Fragment"
"COc1cc(Br)c(C=C(C#N)C(N)=O)cc1OC",309.99530431200003,"Fragment"
"N#CCCn1cc(C=C(C#N)C(=O)O)c2ccccc21",265.085126592,"Fragment"
"COCCOC(=O)C(C#N)=Cc1cc(C)n(C2CC2)c1C",288.1473925,"Fragment"
"N#CC(=Cc1ccsc1)C(=O)NCc1ccco1",258.04629856,"Fragment"
"CC(=O)N(c1cccc(Cl)c1)c1nc(C=C(C#N)C(=O)O)cs1",347.01313985999997,"Fragment"
"COc1cccc(NC(=O)C(C#N)=Cc2cccc(O)c2)c1",294.100442308,"Fragment"
"CCOC(=O)C(C#N)=Cc1c[nH]c2c(CC)cccc12",268.121177752,"Fragment"
"COc1cccc(NC(=O)C(C#N)=Cc2ccc(C)cc2C)c1",306.136827816,"Fragment"
"N#CC(=Cc1ccccc1)C(=O)NCCN1CCOCC1",285.147726848,"Fragment"
"COc1cc(C=C(C#N)C(=O)Nc2ccc(Cl)cc2)cc(OC)c1",342.07712002,"Fragment"
"Cc1ccccc1NC(=O)C(C#N)=Cc1cccnc1",263.105862036,"Fragment"
"CCCCNC(=O)C(C#N)=Cc1ccc(N2CCOCC2)cc1",313.179026976,"Fragment"
"CC(C)NC(=O)C(C#N)=Cc1cccnc1",215.105862036,"Fragment"
"CC(C)NC(=O)C(C#N)=Cc1ccccc1",214.110613068,"Fragment"
"N#CC(=Cc1ccc(Cl)c([N+](=O)[O-])c1)C(=O)N1CCCC1",305.056718924,"Fragment"
"CCN(CC)c1ccc(C=C(C#N)C(=O)NC(C)C)cc1",285.184112356,"Fragment"
"CC(C)NC(=O)C(C#N)=Cc1ccccc1C(F)(F)F",282.097997696,"Fragment"
"N#CC(=Cc1ccc(-c2cccc([N+](=O)[O-])c2)o1)C(=O)N1CCOCC1",353.10117058000003,"Fragment"
"CC(C)NC(=O)C(C#N)=Cc1cccc(C(F)(F)F)c1",282.097997696,"Fragment"
"CSc1ccc(C=C(C#N)C(=O)Nc2cccc(C)c2)cc1",308.098334132,"Fragment"
"COc1ccccc1NC(=O)C(C#N)=Cc1ccc(C)s1",298.077598688,"Fragment"
"Cc1ccc(C=C(C#N)C(=O)NCCc2ccccc2)o1",280.121177752,"Fragment"
"Cc1cccc(C)c1NC(=O)C(C#N)=Cc1ccsc1",282.082684068,"Fragment"
"Cc1ccc(C=C(C#N)C(=O)Nc2c(C)cccc2C)s1",296.098334132,"Fragment"
"Cc1ccc(C=C(C#N)C(=O)NCC2CCCO2)o1",260.116092372,"Fragment"
"N#CC(=Cc1ccccc1OCC(=O)O)C(=O)NC1CC1",286.095356928,"Fragment"
"N#CC(=Cc1ccsc1)C(=O)Nc1ccccc1Cl",288.012411588,"Fragment"
"C=CCNC(=O)C(C#N)=Cc1ccc(C)s1",232.067034004,"Fragment"
"C=CCNC(=O)C(C#N)=Cc1ccccc1Br",290.005475072,"Fragment"
"Cc1ccc(C)c(C=C(C#N)C(=O)Nc2nccs2)c1",283.077933036,"Fragment"
"COc1ccc2cc(C=C(C#N)C(=O)OC(C)C)ccc2c1",295.120843404,"Fragment"
"N#CC(=Cc1cccc2ccccc12)C(=O)Nc1ccc2c(c1)OCCO2",356.1160923719999,"Fragment"
"N#CC(=Cc1ccc(Cl)cc1)C(=O)Nc1ccccn1",283.05123962000005,"Fragment"
"COc1ccc(C=C(C#N)C(=O)Nc2ccc3c(c2)OCCO3)cc1O",352.105921612,"Fragment"
"N#CC(=Cc1ccc(F)cc1)C(=O)Nc1ccccc1Br",343.99605326,"Fragment"
"N#CC(=Cc1ccccc1Cl)C(=O)Nc1cccc2ncccc12",333.06688968400005,"Fragment"
"Cc1ccccc1NC(=O)C(C#N)=Cc1c(Cl)nc2ccccn12",336.07778871600004,"Fragment"
"CC1CCCCC1NC(=O)C(C#N)=Cc1ccc2ncccc2c1",319.168462292,"Fragment"
"CC(C)NC(=O)C(C#N)=Cc1c(Cl)nc2ccccn12",288.07778871600004,"Fragment"
"CC1CCCC(C)N1C(=O)C(C#N)=Cc1ccc2c(c1)OCO2",312.14739249999997,"Fragment"
"N#CC(=Cc1ccccc1)C(=O)OCC(=O)N1CCc2ccccc2C1",346.131742436,"Fragment"
"N#CC(=Cc1cccc2nccn12)C(=O)Nc1ccccc1",288.101111004,"Fragment"
"CC(C)(C)C1CCC(OC(=O)C(C#N)=Cc2ccccc2)CC1",311.18852904000005,"Fragment"
"N#CC(=CC=Cc1ccco1)C(=O)Nc1cccc(Br)c1",342.00038969200006,"Fragment"
"COC(=O)C(C#N)=Cc1cn(-c2ccccc2)nc1-c1ccncc1",330.111675688,"Fragment"
"Cc1cc(=O)[nH]c(-c2cccc(NC(=O)C(C#N)=Cc3ccco3)c2)n1",346.10659030799997,"Fragment"
"COc1cc(Cl)c(C)cc1NC(=O)C(C#N)=Cc1cnn(C)c1",330.0883534000001,"Fragment"
"Cn1cc(C=C(C#N)C(=O)Nc2ccc(Oc3ccccc3)cc2)cn1",344.127325752,"Fragment"
"CC(C)(C)c1n[nH]cc1C=C(C#N)C(=O)N1CCCC1",272.16371126,"Fragment"
"Cc1nc(COc2ccc(C=C(C#N)C(=O)O)cc2)cs1",300.056863244,"Fragment"
"COCC(C)n1c(C)cc(C=C(C#N)C(N)=O)c1C",261.147726848,"Fragment"
"Cn1cc(C=C(C#N)C(=O)O)c(-c2cccnc2)n1",254.08037556,"Fragment"
"Cc1ccc(OCc2nc(C=C(C#N)C(=O)O)cs2)cc1",300.056863244,"Fragment"
"CCCNC(=O)C(C#N)=Cc1ccn(-c2ccccc2)n1",280.132411132,"Fragment"
"CC(NC(=O)C(C#N)=Cc1ccn(C)n1)c1ccccc1",280.132411132,"Fragment"
"CCCNC(=O)C(C#N)=Cc1ccc2ncccc2c1",265.1215121,"Fragment"
"CNS(=O)(=O)c1ccc(-c2ccc(C=C(C#N)C(=O)OC)o2)cc1",346.06234254799995,"Fragment"
"N#CC(=Cc1ccc(OC(F)F)c(Cl)c1)C(N)=O",272.016411584,"Fragment"
"Cc1ccc(C=C(C#N)C(=O)NCc2ccco2)cc1F",284.096105876,"Fragment"
"Cc1nccn1Cc1ccc(NC(=O)C(C#N)=Cc2ccco2)cc1",332.127325752,"Fragment"
"Cc1ccoc1C=C(C#N)C(=O)NC(N)=O",219.064391148,"Fragment"
"N#CC(=Cc1ccc(-n2cncn2)c(F)c1)C(=O)O",258.055303684,"Fragment"
"Cc1cc(C=C(C#N)C(=O)O)ccc1Oc1cccnc1",280.084792244,"Fragment"
"CCCNC(=O)C(C#N)=Cc1cnc2c(C)cccn12",268.132411132,"Fragment"
"Cc1ccoc1C=C(C#N)C(=O)NCCc1ccccc1",280.121177752,"Fragment"
"N#CC(=Cc1ccccc1OCC(F)(F)F)C(=O)O",271.045627776,"Fragment"
"CCCNC(=O)C(C#N)=Cc1ccc(-n2cncn2)c(C)c1",295.143310164,"Fragment"
"CCCNC(=O)C(C#N)=Cc1ccn(CC)c1",231.137162164,"Fragment"
"N#CC(=Cc1ccc(Oc2cnccn2)cc1)C(N)=O",266.08037556,"Fragment"
"COC(=O)c1ccc(C=C(C#N)C(=O)NC(C)C)n1C",275.126991404,"Fragment"
"CCC(NC(=O)C(C#N)=Cc1cc(C)n(C)n1)c1ccccc1",308.16371126,"Fragment"
"CCC(NC(=O)C(C#N)=Cc1cc2n(n1)CCC2)c1ccccc1",320.16371126,"Fragment"
"CCCNC(=O)C(C#N)=Cc1ccncc1Cl",249.066889684,"Fragment"
"Cc1nc(C=C(C#N)C(=O)NC(C)C)[nH]c1C",232.132411132,"Fragment"
"CCCNC(=O)C(C#N)=Cc1ccnn1CC1CCC1",272.16371126,"Fragment"
"CC(C)C(NC(=O)C(C#N)=CC1CC1)c1cnn(C)c1",272.16371126,"Fragment"
"CCCNC(=O)C(C#N)=Cc1cnn(C2CCC2)c1",258.148061196,"Fragment"
"CCCNC(=O)C(C#N)=Cc1cccc2c1COCC2",270.136827816,"Fragment"
"COC(=O)c1cncc(C=C(C#N)C(=O)NC2CCCC2)c1",299.126991404,"Fragment"
"Cc1ccc(-n2nc(C)cc2NC(=O)C(C#N)=Cc2cncn2C)cc1",346.154209196,"Fragment"
"CNC(=O)c1ccc(NC(=O)C(C#N)=CC2CC2)c(C)c1",283.132076784,"Fragment"
"COc1cc(C=C(C#N)C(=O)Nc2ccc(C)cc2)cc(Cl)c1O",342.07712002,"Fragment"
"CC(C)NC(=O)C(C#N)=Cc1nsc2ccccc12",271.077933036,"Fragment"
"N#CC(=Cc1ccccc1Br)C(N)=O",249.974174944,"Fragment"
"CN(C)c1ccc(C=C(C#N)C(N)=O)cc1",215.105862036,"Fragment"
"COCCn1c(C)cc(C=C(C#N)C(=O)O)c1C",248.116092372,"Fragment"
"COC(=O)C(C#N)=Cc1cc(C(=O)OC)c(C)o1",249.063722452,"Fragment"
"Cc1cc(C=C(C#N)C(=O)O)c(C)n1CC1CCCO1",274.131742436,"Fragment"
"Cc1cc(C=C(C#N)C(=O)O)c(C)n1C1CCCCC1",272.15247788,"Fragment"
"COC(=O)C(C#N)=Cc1cc2c(cc1OC)CC(C)O2",273.10010796,"Fragment"
"COC(=O)C(C#N)=Cc1cc(C)n(CC2CCCO2)c1C",288.1473925,"Fragment"
"COC(=O)C(C#N)=Cc1nc2ccccc2n1Cc1ccccc1",317.11642672,"Fragment"
"Cc1ccc(NC(=O)C(C#N)=Cc2cn(C)cn2)c(C)c1",280.132411132,"Fragment"
"CC(C)OC(=O)C(C#N)=CC1=Cc2ccccc2OC1",269.10519334,"Fragment"
"COc1ccc(C=C(C#N)C(=O)Nc2ccc(C)c(C)c2)cc1",306.136827816,"Fragment"
"N#CC(=Cc1cccs1)C(=O)NCc1ccco1",258.04629856,"Fragment"
"CC(NC(=O)C(C#N)=Cc1ccc(Br)cc1)c1ccccc1",354.0367752,"Fragment"
"CC(NC(=O)C(C#N)=Cc1cccc(Br)c1)c1ccccc1",354.0367752,"Fragment"
"CCOc1cc2c(cc1C=C(C#N)C(N)=O)OC(C)C2",272.116092372,"Fragment"
"COc1cccc(NC(=O)C(C#N)=Cc2cccc(Cl)c2Cl)c1",346.027582984,"Fragment"
"N#CC(=Cc1cccnc1)C(=O)Nc1ccc(F)cc1",267.08079016,"Fragment"
"N#CC(=Cc1ccccc1OC(F)F)C(=O)Nc1ccccc1F",332.077262252,"Fragment"
"Cc1cccc(C=C(C#N)C(=O)Nc2ccc(F)cc2)c1",280.101191256,"Fragment"
"C#CCOc1ccccc1C=C(C#N)C(=O)OCC",255.089543276,"Fragment"
"N#CC(=Cc1ccc(-c2ccccc2)cc1)C(N)=O",248.094963004,"Fragment"
"Cc1ccc(NC(=O)C(C#N)=Cc2cccs2)c(C)c1",282.082684068,"Fragment"
"Cc1ccc(NC(=O)C(C#N)=Cc2ccc(Cl)cc2)c(C)c1",310.08729078000005,"Fragment"
"N#CC(=Cc1ccc(F)cc1)C(=O)N1CCCCC1",258.11684132,"Fragment"
"C=CCNC(=O)C(C#N)=Cc1cccn1C",215.105862036,"Fragment"
"N#CC(=CC=Cc1ccccc1)C(=O)Nc1ccccc1Cl",308.071640716,"Fragment"
"Cc1ccsc1C=C(C#N)C(=O)NCC1CCCO1",276.09324875199997,"Fragment"
"N#CC(=Cc1ccc2c(c1)OCCO2)C(=O)Nc1ccc(C(=O)O)cc1",350.090271548,"Fragment"
"C=CCNC(=O)C(C#N)=Cc1ccc(N(C)C)cc1",255.137162164,"Fragment"
"Cc1ccc(C=C(C#N)C(=O)Nc2ccc(C(=O)O)cc2)s1",312.05686324400006,"Fragment"
"C=CCNC(=O)C(C#N)=Cc1ccc(C(=O)O)cc1",256.084792244,"Fragment"
"CCCCNC(=O)C(C#N)=Cc1cccnc1",229.1215121,"Fragment"
"N#CC(=Cc1ccc2ccccc2c1)C(=O)Nc1ccc2c(c1)OCCO2",356.1160923719999,"Fragment"
"N#CC(=Cc1ccsc1)C(=O)Nc1nccs1",261.003053844,"Fragment"
"Cc1ccc(C=C(C#N)C(=O)Nc2nccs2)s1",275.018703908,"Fragment"
"C=CCOC(=O)C(C#N)=Cc1ccccc1C(F)(F)F",281.06636322,"Fragment"
"N#CC(=Cc1ccc(F)c(Br)c1)C(=O)Nc1ccccn1",344.99130222800005,"Fragment"
"C=CCOC(=O)C(C#N)=Cc1ccc(OC)c(O)c1",259.084457896,"Fragment"
"N#CC(=Cc1ccccc1Cl)C(=O)Nc1ccc2c(c1)OCCO2",340.061469956,"Fragment"
"CC(C)OC(=O)C(C#N)=Cc1ccc(N(C)C)cc1",258.136827816,"Fragment"
"Cc1[nH]c2ccccc2c1C=C(C#N)C(=O)OC(C)C",268.121177752,"Fragment"
"N#CC(=Cc1ccc2c(c1)OCCO2)C(=O)Nc1nccs1",313.05211221200005,"Fragment"
"CNC(=O)C(C#N)=Cc1ccc(F)cc1",204.069891128,"Fragment"
"N#CC(=Cc1cnc(-c2ccccc2)nc1)C(=O)O",251.069476528,"Fragment"
"COC(=O)C(C#N)=Cc1ccc(OC(F)F)cc1OC(F)F",319.046770648,"Fragment"
"Cc1nn(C)c(C)c1C=C(C#N)C(=O)Nc1ccc2c(c1)OCCO2",338.13789043599996,"Fragment"
"N#CC(=Cc1csnn1)C(=O)Nc1ccc(Oc2ccccc2)cc1",348.06809662399996,"Fragment"
"N#CC(=Cc1ccco1)C(=O)N1CCc2ccccc21",264.089877624,"Fragment"
"Cc1cc(C=C(C#N)C(=O)Nc2cn[nH]c2)c(C)n1-c1ccc(F)cc1",349.133888352,"Fragment"
"COC(=O)C(C#N)=Cc1sc(N(C)C)nc1-c1ccccc1",313.08849772,"Fragment"
"CC1CCCC(NC(=O)C(C#N)=Cc2ccccc2)C1C",282.17321332399996,"Fragment"
"CCOC(=O)C(C#N)=CC=C1C=Cc2ccccc2N1CC",294.136827816,"Fragment"
"N#CC(=Cc1ccc(OC(F)F)cc1)C(=O)N1CCCc2ccccc21",354.117984192,"Fragment"
"CCNC(=O)C(C#N)=Cc1ccc(OC(F)F)cc1",266.086684064,"Fragment"
"CN1CCCC(OC(=O)C(C#N)=Cc2ccccc2)C1",270.136827816,"Fragment"
"N#CC(=Cc1ccccc1)C(=O)NNC(=O)C1CC1",255.100776656,"Fragment"
"Cc1cc(NC(=O)C(C#N)=Cc2ccco2)n(-c2ccccc2)n1",318.111675688,"Fragment"
"COc1ccc(NC(=O)C(C#N)=Cc2ccc(C3CC3C)o2)cc1",322.13174243599997,"Fragment"
"N#CC(=Cc1ccc(-c2ccccc2F)o1)C(=O)NCc1ccccc1",346.11175594,"Fragment"
"COC(=O)C(C#N)=Cc1cc(C)n(-c2ccc3c(c2)OCO3)c1C",324.111006992,"Fragment"
"CCOC(=O)C(C#N)=Cc1cc(C)n(-c2ccnn2C(C)C)c1C",326.174275944,"Fragment"
"N#CC(=Cc1c(-c2ccccc2)nc2sccn12)C(N)=O",294.05753194,"Fragment"
"CCCn1c(C)cc(C=C(C#N)C(=O)N2CCC2)c1C",271.168462292,"Fragment"
"Cc1nn(-c2ccc(F)cc2)c(C)c1C=C(C#N)C(=O)O",285.09135484399997,"Fragment"
"CC(C)OC(=O)C(C#N)=Cc1cc(Cl)c2c(c1)OCCCO2",321.07678567199997,"Fragment"
"Cn1cc(C=C(C#N)C(=O)O)c(-c2ccncc2)n1",254.08037556,"Fragment"
"N#CC(=Cc1ccco1)C(=O)Nc1ccc(-n2cc[nH]c2=O)cc1",320.09094024399997,"Fragment"
"COCC(C)NC(=O)C(C#N)=Cc1cccc(C)c1C",272.15247788,"Fragment"
"Cc1cnc(-c2cccc(NC(=O)C(C#N)=Cc3ccco3)c2)o1",319.09569127599997,"Fragment"
"Cc1ccccc1C(C)NC(=O)C(C#N)=Cc1ccco1",280.121177752,"Fragment"
"N#CC(=Cc1csc(-c2cccc([N+](=O)[O-])c2)n1)C(=O)O",301.015726704,"Fragment"
"CCNC(=O)COc1ccc(C=C(C#N)C(=O)O)cc1",274.095356928,"Fragment"
"CCCNC(=O)C(C#N)=Cc1cc(Cl)cc2c1OCC2",290.0822054,"Fragment"
"CN(C(=O)C(C#N)=Cc1ccco1)c1cnn(C)c1",256.096025624,"Fragment"
"Cc1ccoc1C=C(C#N)C(=O)NCCCOC(C)C",276.1473925,"Fragment"
"N#CC(=Cc1ccnc2ccccc12)C(=O)NC1CCCC1",291.137162164,"Fragment"
"COc1cc(C=C(C#N)C(=O)Nc2ccc(F)cc2)cc(Cl)c1O",346.05204814399997,"Fragment"
"N#CC(=Cc1ccc(O)cc1)C(=O)Nc1ccc2c(c1)OCCO2",322.09535692799994,"Fragment"
"COc1cc(C=C(C#N)C(=O)Nc2ccccn2)ccc1O",295.09569127599997,"Fragment"
"CNC(=O)COC(=O)C(C#N)=Cc1ccc(O)cc1",260.079706864,"Fragment"
"N#CC(=Cc1ccc(-n2ccnc2)nc1)C(=O)O",240.064725496,"Fragment"
"CCCNC(=O)C(C#N)=Cc1ccnn1C1CCOCC1",288.15862588,"Fragment"
"CCCNC(=O)C(C#N)=Cc1ccc(O)nc1",231.100776656,"Fragment"
"CCCNC(=O)C(C#N)=Cc1ccns1",221.062282972,"Fragment"
"CCCNC(=O)C(C#N)=Cc1conc1C1CC1",245.11642672,"Fragment"
"CCCNC(=O)C(C#N)=Cc1ccc(C(=O)N2CCOCC2)cc1",327.158291532,"Fragment"
"CC(C)CNC(=O)C(C#N)=Cc1ccc2[nH]ncc2c1",268.132411132,"Fragment"
"CNC(=O)C(C#N)=Cc1cn(CC(F)F)nc1C",254.097917444,"Fragment"
"CCCNC(=O)C(C#N)=Cc1cn2c(n1)CCCCC2",272.16371126,"Fragment"
"CCCNC(=O)C(C#N)=Cc1cc(C2CC2)n(C)n1",258.148061196,"Fragment"
"CCCNC(=O)C(C#N)=Cc1cccc2c1nnn2C",269.1276601,"Fragment"
"CCCNC(=O)C(C#N)=Cc1cncn1C1CC1",244.132411132,"Fragment"
"N#CC(=CC1CC1)C(=O)Nc1ccc(Oc2ncccn2)cc1",306.111675688,"Fragment"
"CCOc1cc(C=C(C#N)C(=O)Nc2cccc(C)c2)ccc1O",322.13174243599997,"Fragment"
"N#CC(=Cc1ccccc1Cl)C(N)=O",206.024690524,"Fragment"
"COc1ccc(C=C(C#N)C(=O)O)cc1",203.058243148,"Fragment"
"COC(=O)C(C#N)=Cc1cccc(F)c1",205.053906716,"Fragment"
"CCOC(=O)C(C#N)=Cc1ccncc1",202.07422756,"Fragment"
"N#CC(=Cc1ccco1)C(=O)NCc1ccccc1",252.089877624,"Fragment"
"N#CC(=Cc1ccccc1OC(F)F)C(=O)O",239.039399524,"Fragment"
"COc1ccc(C=C(C#N)C(=O)O)c(Cl)c1OC",267.02983548000003,"Fragment"
"CCOC(=O)C(C#N)=Cc1ccc2c(c1)OCCO2",259.084457896,"Fragment"
"N#CC(=Cc1ccc(-c2nc3ccccc3s2)o1)C(=O)O",296.02556311599994,"Fragment"
"Cc1cc(C=C(C#N)C(=O)NC(C)C)c(C)n1C1CC1",271.168462292,"Fragment"
"N#CC(=Cc1csc(-c2ccco2)n1)C(=O)O",246.009913052,"Fragment"
"COC(=O)C(C#N)=Cc1cc(C)n(-c2ccc(OC)cc2)c1C",310.131742436,"Fragment"
"CC(C)NC(=O)C(C#N)=Cc1ccc(C(C)C)cc1",256.15756326,"Fragment"
"N#CC(=Cc1cc(F)ccc1F)C(=O)Nc1ccc2c(c1)OCCO2",342.0815986839999,"Fragment"
"CONC(=O)C(C#N)=Cc1cc(C)n(C2CCCCC2)c1C",301.179026976,"Fragment"
"COc1ccc(C=C(C#N)C(=O)OCC(=O)NC2CC2)cc1",300.111006992,"Fragment"
"CCn1nc(C)c(C=C(C#N)C(=O)Nc2ccccc2Cl)c1C",328.109088844,"Fragment"
"Cc1ccccc1NC(=O)C(C#N)=Cc1ccc2c(c1)OCCO2",320.11609237199997,"Fragment"
"Cc1ccccc1NC(=O)C(C#N)=Cc1ccsc1",268.067034004,"Fragment"
"CC(NC(=O)C(C#N)=Cc1cccnc1)c1ccccc1",277.1215121,"Fragment"
"CCOc1ccc2ccccc2c1C=C(C#N)C(N)=O",266.105527688,"Fragment"
"CC(=O)Nc1ccc(C=C(C#N)C(=O)NCc2ccccc2)cc1",319.132076784,"Fragment"
"CC(=O)N(c1ccccc1)c1nc(C=C(C#N)C(=O)O)cs1",313.05211221200005,"Fragment"
"COc1cc(C=C(C#N)C(N)=O)cc(Cl)c1OC(C)C",294.07712002,"Fragment"
"CCOc1cccc(C=C(C#N)C(N)=O)c1OC(F)F",282.081598684,"Fragment"
"COC(=O)C(C#N)=Cc1ccc(N2CCCCCC2)cc1",284.15247788,"Fragment"
"COC(=O)C(C#N)=Cc1csc(-c2ccc(Cl)cc2)n1",304.00732620800005,"Fragment"
"CCOC(=O)C(C#N)=Cc1c(C)nn(Cc2ccccc2)c1C",309.147726848,"Fragment"
"N#CC(=Cc1ccc2c(c1)OCCO2)C(N)=O",230.06914218,"Fragment"
"N#CC(=Cc1ccc(N2CCOCC2)cc1)C(N)=O",257.11642672,"Fragment"
"CCCCNC(=O)C(C#N)=Cc1ccc2c(c1)OCCO2",286.13174243599997,"Fragment"
"CCc1ccc(NC(=O)C(C#N)=Cc2cccn2C)cc1",279.137162164,"Fragment"
"CC(C)NC(=O)C(C#N)=Cc1ccc2c(c1)OCCO2",272.116092372,"Fragment"
"N#CC(=Cc1cccs1)C(=O)Nc1cccc2ccccc12",304.067034004,"Fragment"
"COc1ccccc1NC(=O)C(C#N)=Cc1ccccc1F",296.096105876,"Fragment"
"Cc1ccc(C=C(C#N)C(=O)NC(C)C)s1",234.082684068,"Fragment"
"CC1CCCCC1NC(=O)C(C#N)=Cc1cccc(O)c1",284.15247788,"Fragment"
"N#CC(=Cc1cccc(C(F)(F)F)c1)C(=O)NC1CCCCC1",322.129297824,"Fragment"
"N#CC(=Cc1ccncc1)C(=O)Nc1ccccc1Cl",283.05123962,"Fragment"
"COc1cc(C=C(C#N)C(=O)OC(C)C)cc(Cl)c1OC",309.07678567199997,"Fragment"
"COc1cc(C=C(C#N)C(=O)Nc2nccs2)cc(OC)c1",315.067762276,"Fragment"
"C=CCOC(=O)C(C#N)=Cc1ccc(C(C)C)c([N+](=O)[O-])c1",300.111006992,"Fragment"
"C=CCOC(=O)C(C#N)=Cc1cc(Br)c2c(c1)OCO2",334.97931989999995,"Fragment"
"CC(=Cc1ccccc1)C=C(C#N)C(=O)Nc1ccc2c(c1)OCCO2",346.1317424359999,"Fragment"
"Cc1ccc(C=C(C#N)C(=O)NC(N)=O)o1",219.064391148,"Fragment"
"COCC(C)NC(=O)C(C#N)=Cc1ccc(C(=O)O)cc1",288.111006992,"Fragment"
"CNC(=O)C(C#N)=Cc1ccc(N2CCOCC2)cc1",271.132076784,"Fragment"
"CNC(=O)C(C#N)=Cc1ccccc1OCC(=O)O",260.079706864,"Fragment"
"Cc1nn(-c2ccc(Cl)cc2)c(C)c1C=C(C#N)C(=O)O",301.0618043039999,"Fragment"
"CC(=O)N(c1ccc(F)cc1)c1nc(C=C(C#N)C(=O)O)cs1",331.0426903999999,"Fragment"
"N#CC(=Cc1ccc(N2CCCC2)cc1)C(=O)Nc1ccccc1C(=O)O",361.14264146799997,"Fragment"
"N#CC(=Cc1ccc(F)cc1)C(=O)Nc1cccc2ncccc12",317.096440224,"Fragment"
"N#CC(=Cc1ccc(F)c(F)c1)C(=O)NC1CC1",248.07611938,"Fragment"
"Cc1nc(N2CCOCC2)sc1C=C(C#N)C(=O)OC(C)C",321.114712468,"Fragment"
"CC(C)OC(=O)C(C#N)=Cc1c(Cl)nc2sccn12",295.01822524,"Fragment"
"N#CC(=Cc1ccc(-c2cccc(C(F)(F)F)c2)o1)C(=O)O",307.04562777599995,"Fragment"
"COc1ccc(C=C(C#N)C(=O)Nc2ccc(Cl)c(Cl)c2)cc1",346.027582984,"Fragment"
"N#CC(=Cc1ccccc1)C(=O)Nc1cccc2c1C(=O)NC2=O",317.080041212,"Fragment"
"CCOC(=O)C(C#N)=Cc1ccc(N2CCN(C)CC2)cc1",299.163376912,"Fragment"
"COC(=O)C(C#N)=Cc1cccc(OC(F)F)c1",253.055049588,"Fragment"
"N#CC(=Cc1ccc(OC(F)F)cc1)C(=O)Nc1ccc2c(c1)OCO2",358.07651330399995,"Fragment"
"CC(=O)N1CCN(C(=O)C(C#N)=Cc2ccc3c(c2)OCO3)CC1",327.121906024,"Fragment"
"N#CC(=Cc1ccc(Cl)cc1)C(=O)OC1CCOC1=O",291.02983548,"Fragment"
"N#CC(=Cc1ccccc1)C(=O)Nc1nnn[nH]1",240.075958876,"Fragment"
"Cc1cc(C=C(C#N)C(=O)NC2CC2)c(C)n1-c1ccc2c(c1)OCO2",349.14264146799997,"Fragment"
"CN(CC1CC1)C(=O)C(C#N)=Cc1ccco1",230.105527688,"Fragment"
"CC(NC(=O)C(C#N)=Cc1cnn(C)c1)c1ccccc1",280.132411132,"Fragment"
"Cn1cc(C=C(C#N)C(=O)NCC2CCCO2)cn1",260.127325752,"Fragment"
"N#CC(=Cc1cc(Cl)c2c(c1)OCCCO2)C(=O)Nc1nccs1",361.0287899240001,"Fragment"
"CCOc1ccc(C=C(C#N)C(=O)Nc2ccncc2)cc1",293.11642672,"Fragment"
"N#CC(=Cc1ccc(Cl)cc1Cl)C(=O)Nc1ccncc1",317.012267268,"Fragment"
"CCCNC(=O)C(C#N)=Cc1cccc2nccn12",254.116761068,"Fragment"
"CC(NC(=O)C(C#N)=Cc1ccc(C2CC2C)o1)c1ccccc1",320.15247788,"Fragment"
"CC1(C)Cc2cc(C=C(C#N)C(N)=O)ccc2O1",242.105527688,"Fragment"
"COCC(C)NC(=O)C(C#N)=Cc1ccc(F)c(C)c1",276.127406004,"Fragment"
"N#CC(=Cc1csc(-c2ccc(F)cc2)n1)C(N)=O",273.03721109599996,"Fragment"
"Cc1cccc(C)c1NC(=O)C(C#N)=Cc1c(C)n[nH]c1C",294.148061196,"Fragment"
"C=CCNC(=O)C(C#N)=Cc1ccc(-c2ccc(F)cc2)s1",312.073262256,"Fragment"
"Cn1cc(C=C(C#N)C(N)=O)c(-c2ccccc2Cl)n1",286.06213865200004,"Fragment"
"Cc1cc(CNC(=O)C(C#N)=Cc2ccco2)ccc1N(C)C",309.14772684800005,"Fragment"
"CCCNC(=O)C(C#N)=Cc1cnn(C(C)C)c1",246.148061196,"Fragment"
"CNC(=O)C(C#N)=Cc1cc(C)c(OCc2ccccn2)c(C)c1",321.14772684800005,"Fragment"
"CCCNC(=O)C(C#N)=Cc1cnn(-c2cc(C)cc(C)c2)n1",309.15896022800007,"Fragment"
"N#CC(=Cc1ccc(F)cc1)C(=O)N[C@@H](CO)c1ccccc1",310.11175594,"Fragment"
"N#CC(=Cc1ccc(OCC(F)F)cc1)C(=O)O",253.055049588,"Fragment"
"COc1ccc(C=C(C#N)C(=O)NCc2ccco2)cc1Cl",316.06146995600005,"Fragment"
"N#CC(=Cc1ccc(F)cc1)C(=O)N1CCCc2occc2C1",310.11175594,"Fragment"
"CCCCOC(=O)C(C#N)=Cc1ccc2oncc2c1",270.100442308,"Fragment"
"COc1cc(C=C(C#N)C(=O)Nc2ccc3c(c2)OCCO3)ccc1O",352.105921612,"Fragment"
"CC(C)OC(=O)C(C#N)=Cc1cnc(C2CCCCC2)s1",304.12454888,"Fragment"
"CCCNC(=O)C(C#N)=Cc1cncc(OC)c1",245.11642672,"Fragment"
"CCCCOC(=O)C(C#N)=Cc1ccc2[nH]c(=O)[nH]c2c1",285.11134134,"Fragment"
"CC(C)NC(=O)C(C#N)=Cc1ccc(O)nc1",231.100776656,"Fragment"
"CCCNC(=O)C(C#N)=Cc1c(C(=O)O)cnn1C",262.106590308,"Fragment"
"CC(C)NC(=O)C(C#N)=Cc1ccnc(O)c1",231.100776656,"Fragment"
"CN(C(=O)C(C#N)=Cc1ccnc(O)c1)C1CCCCC1",285.147726848,"Fragment"
"CCCNC(=O)C(C#N)=Cc1c2c(nn1C)CCOC2",274.142975816,"Fragment"
"CCCNC(=O)C(C#N)=Cc1cn(C)nc1C(F)(F)F",286.10414569600005,"Fragment"
"CCCNC(=O)C(C#N)=Cc1conc1C(C)C",247.132076784,"Fragment"
"CCCNC(=O)C(C#N)=Cc1ncoc1C1CCC1",259.132076784,"Fragment"
"CCOC=C(C#N)C(=O)Nc1ccc(-c2cn3c(n2)CCCC3)cc1",336.15862588,"Fragment"
"CCCNC(=O)C(C#N)=Cc1cncn1C(C)(C)C",260.16371126,"Fragment"
"CCCNC(=O)C(C#N)=Cc1cc(S(C)(=O)=O)co1",282.067427928,"Fragment"
"CCCNC(=O)C(C#N)=Cc1cc2ncc(Br)cc2o1",333.01128872399994,"Fragment"
"CCCNC(=O)C(C#N)=Cc1ccc(S(C)(=O)=O)o1",282.067427928,"Fragment"
"CCCNC(=O)C(C#N)=Cc1cc2cccnc2s1",271.077933036,"Fragment"
"COC(=O)C(C#N)=Cc1cc2c(Br)cccc2o1",304.968755216,"Fragment"
"CNC(=O)C(C#N)=Cc1ccc(Cl)cc1C(F)(F)F",288.027725216,"Fragment"
"CCOC(=O)C(C#N)=Cc1ccco1",191.058243148,"Fragment"
"N#CC(=Cc1cc(Cl)ccc1Br)C(=O)O",284.91921818,"Fragment"
"CC(C)NC(=O)C(C#N)=Cc1cccs1",220.067034004,"Fragment"
"COc1ccc(C=C(C#N)C(N)=O)cc1Br",279.98473962800006,"Fragment"
"COC(=O)C(C#N)=Cc1ccc(C)c(C)c1",215.094628656,"Fragment"
"COC(=O)C(C#N)=Cc1ccc(OC(F)F)cc1",253.055049588,"Fragment"
"COC(=O)C(C#N)=Cc1ccc2c(c1)OCCO2",245.068807832,"Fragment"
"COC(=O)C(C#N)=Cc1csc(-c2ccc(F)cc2)n1",288.03687674800005,"Fragment"
"CCOC(=O)C(C#N)=Cc1ccc(-c2ccc(Cl)cc2)o1",301.05057092399994,"Fragment"
"CCOc1ccc(-n2c(C)cc(C=C(C#N)C(=O)O)c2C)cc1",310.131742436,"Fragment"
"COC(=O)C(C#N)=Cc1ccc(-c2ccc(S(N)(=O)=O)cc2)o1",332.04669248399995,"Fragment"
"N#CC(=Cc1cc(F)ccc1F)C(=O)Nc1ccc(F)cc1",302.066697568,"Fragment"
"Cc1ccc(C=C(C#N)C(=O)NC2CCCC2)cc1C",268.15756326,"Fragment"
"N#CC(=Cc1cccc2c1OCO2)C(=O)Nc1cccc2ccccc12",342.100442308,"Fragment"
"N#CC(=Cc1cn(-c2ccccc2)nc1-c1cccnc1)C(=O)O",316.09602562399994,"Fragment"
"Cc1cc(C=C(C#N)C(=O)OC(C)C(N)=O)c(C)n1CC(C)C",317.173941596,"Fragment"
"Cc1cc(C=C(C#N)C(N)=O)c(C)n1C1CC1",229.1215121,"Fragment"
"N#CC(=Cc1ccc(-c2ccc(F)cc2)o1)C(N)=O",256.064805748,"Fragment"
"N#CC(=Cc1ccc(-c2ccc([N+](=O)[O-])cc2)o1)C(=O)O",284.043321356,"Fragment"
"CCOc1c(Cl)cc(C=C(C#N)C(N)=O)cc1OC",280.061469956,"Fragment"
"COc1cc(C=C(C#N)C(=O)O)cc(Cl)c1OC(C)C",295.06113560800003,"Fragment"
"CC(=O)N(c1nc(C=C(C#N)C(=O)O)cs1)c1ccc(F)cc1F",349.03326858800006,"Fragment"
"COc1ccc(N(C(C)=O)c2nc(C=C(C#N)C(=O)O)cs2)cc1",343.06267689599997,"Fragment"
"CCOC(=O)C(C#N)=Cc1ccc(-c2ccccc2Cl)o1",301.05057092399994,"Fragment"
"COCCNC(=O)C(C#N)=Cc1c(F)cccc1Cl",282.057133524,"Fragment"
"COCCOC(=O)C(C#N)=Cc1ccc2c(c1)OCCO2",289.09502258,"Fragment"
"CCOC(=O)C(C#N)=Cc1cc2ccccc2nc1N1CCCCC1",335.163376912,"Fragment"
"CCOC(=O)C(C#N)=Cc1ccc(N2CCCCC2)cc1",284.15247788,"Fragment"
"COc1ccc(C=C(C#N)C(N)=O)c(OC)c1",232.084792244,"Fragment"
"N#CC(=Cc1ccc(N2CCOCC2)cc1)C(=O)O",258.100442308,"Fragment"
"Cc1ccccc1NC(=O)C(C#N)=Cc1ccccc1Cl",296.07164071600005,"Fragment"
"N#CC(=Cc1cccc(Oc2ccccc2)c1)C(N)=O",264.089877624,"Fragment"
"Cc1ccc(NC(=O)C(C#N)=Cc2cccc([N+](=O)[O-])c2)cc1",307.095691276,"Fragment"
"N#CC(=Cc1c[nH]c2ccccc12)C(=O)N1CCCC1",265.1215121,"Fragment"
"Cc1cccc(NC(=O)C(C#N)=Cc2cccnc2)c1",263.105862036,"Fragment"
"N#CC(=Cc1cc2ccccc2nc1Cl)c1nnc2n1CCCCC2",349.109423192,"Fragment"
"COC(=O)c1ccc(C=C(C#N)C(=O)N2CCCC2)cc1",284.116092372,"Fragment"
"Cc1ccc(C=C(C#N)C(=O)N2CCCC2)c(C)c1",254.141913196,"Fragment"
"CC(C)NC(=O)C(C#N)=Cc1ccc(C#N)cc1",239.105862036,"Fragment"
"CC1CCCCC1NC(=O)C(C#N)=Cc1ccccc1",268.15756326,"Fragment"
"CC1CCCCC1NC(=O)C(C#N)=Cc1ccccc1F",286.148141448,"Fragment"
"N#CC(=Cc1cccnc1)C(=O)NCCc1ccccc1",277.1215121,"Fragment"
"COc1cc(C=C(C#N)C(=O)NC(C)C)cc(OC)c1",274.131742436,"Fragment"
"N#CC(=Cc1cccnc1)C(=O)NC1CCCCC1",255.137162164,"Fragment"
"COc1ccc(NC(=O)C(C#N)=Cc2ccc(C)s2)cc1OC",328.088163372,"Fragment"
"Cc1ccc(C=C(C#N)C(=O)Nc2ccc(C(=O)O)cc2)o1",296.079706864,"Fragment"
"C=CCNC(=O)C(C#N)=Cc1ccc2c(c1)OCCO2",270.100442308,"Fragment"
"N#CC(=Cc1c(F)cccc1F)C(=O)Nc1ccccc1Cl",318.037147028,"Fragment"
"C=CCNC(=O)C(C#N)=Cc1ccc(C#N)cc1",237.090211972,"Fragment"
"COc1ccc(C=C(C#N)C(=O)Nc2nccs2)cc1O",301.052112212,"Fragment"
"CN(C)c1ccc(C=C(C#N)C(=O)Nc2ccc3c(c2)OCCO3)cc1",349.14264146799997,"Fragment"
"N#CC(=Cc1cccc(F)c1)C(=O)Nc1ccc2c(c1)OCCO2",324.091020496,"Fragment"
"CC(C)OC(=O)C(C#N)=Cc1ccc(Cl)c(Cl)c1",283.01668395200005,"Fragment"
"N#CC(=Cc1ccc(Cl)cc1)C(=O)Nc1nccs1",289.007660556,"Fragment"
"N#CC(=Cc1ccc(F)cc1)C(=O)Nc1nc2ccccc2nc1Cl",352.05271684,"Fragment"
"C=CCOc1ccc(C=C(C#N)C(=O)Nc2ccccn2)cc1",305.11642672000005,"Fragment"
"CNC(=O)C(C#N)=Cc1cccc(Oc2ccccc2)c1",278.105527688,"Fragment"
"N#CC(=Cc1c(Cl)nc2ccccn12)C(=O)Nc1ccc(Cl)cc1",356.02316629999996,"Fragment"
"Cc1nn(C)c(C)c1C=C(C#N)C(=O)Nc1cccc(Cl)c1C",328.109088844,"Fragment"
"COc1cc(OC)c(C=C(C#N)C(=O)OC(C)C)c(OC)c1",305.12632270800003,"Fragment"
"COC1(C)CC(NC(=O)C(C#N)=Cc2ccco2)C1(C)C",288.1473925,"Fragment"
"COc1ccc(C=C(C#N)C(=O)Nc2ccc(Br)cc2)cc1",356.01603975600005,"Fragment"
"COc1ccc(C=C(C#N)C(=O)Nc2cccnc2)cc1OC",309.11134133999997,"Fragment"
"Cc1ccc(C=C(C#N)C(=O)Nc2cccc3ncccc23)o1",303.100776656,"Fragment"
"N#CC(=Cc1[nH]c2ccccc2c1Cl)C(N)=O",245.035589556,"Fragment"
"N#CC(=Cc1ccco1)C(=O)NCc1ccc(-c2cccnc2)cc1",329.11642672000005,"Fragment"
"COC(=O)C(C#N)=Cc1c[nH]nc1C(C)(C)C",233.11642672,"Fragment"
"N#CC(=Cc1ccco1)C(=O)Nc1cccc(Cn2cccn2)c1",318.111675688,"Fragment"
"CC(C)OC(=O)C(C#N)=Cc1c[nH]nc1-c1ccc(F)cc1",299.10700490799996,"Fragment"
"Cn1cc(C=C(C#N)C(=O)Nc2ccccc2F)c(-c2ccncc2)n1",347.11823828800004,"Fragment"
"COC(=O)C(C#N)=Cc1c[nH]nc1-c1cc2ccccc2o1",293.08004121199997,"Fragment"
"CCOC(=O)C(C#N)=Cc1ccc(-c2cccc(Br)c2)o1",345.000055344,"Fragment"
"CC(C)OC(=O)C(C#N)=Cc1cnn2ccccc12",255.100776656,"Fragment"
"N#CC(=Cc1cccc(-c2ccccc2F)c1)C(N)=O",266.085541192,"Fragment"
"Cc1ccc(NC(=O)C(C#N)=Cc2ccc(N3CCN(C)CC3)cc2)cc1",360.195011388,"Fragment"
"CCc1oc2ccccc2c1C=C(C#N)C(N)=O",240.089877624,"Fragment"
"CCCNC(=O)C(C#N)=Cc1c(C)nc2sc(C)cn12",288.104482132,"Fragment"
"N#CC(=Cc1ccc(N2CCNC(=O)C2)cc1)C(N)=O",270.111675688,"Fragment"
"CNC(=O)C(C#N)=Cc1ccc(OC)cc1OC(C)C",274.131742436,"Fragment"
"Cc1n[nH]c(C)c1C=C(C#N)C(=O)N1CCCC1",244.132411132,"Fragment"
"CCCNC(=O)C(C#N)=Cc1nc2c(s1)CN(C(C)C)CC2",318.151432324,"Fragment"
"COCc1ccc(C=C(C#N)C(N)=O)cc1",216.089877624,"Fragment"
"CC(NC(=O)C(C#N)=Cc1ccco1)c1cccnc1",267.100776656,"Fragment"
"C=CCOC(=O)C(C#N)=Cc1ccc(C(=O)O)[nH]1",246.0640568,"Fragment"
"CCC(NC(=O)C(C#N)=Cc1cc(Br)co1)c1ccccc1",358.03168982,"Fragment"
"CC(O)(CNC(=O)C(C#N)=CC1CC1)c1ccc(F)cc1F",306.117984192,"Fragment"
"Cc1cc(C)c(NC(=O)C(C#N)=Cc2ccc3c(c2)NC(=O)CO3)c(C)c1",361.14264146799997,"Fragment"
"CNC(=O)C(C#N)=Cc1cc2cc(C)c(C)cc2o1",254.105527688,"Fragment"
"CCCNC(=O)C(C#N)=Cc1ccc(-c2cnn(C)c2)cc1",294.148061196,"Fragment"
"CC1CCCCC1NC(=O)C(C#N)=Cc1ccc2c(c1)NC(=O)CO2",339.15829153199996,"Fragment"
"N#C/C(=C\c1cccnc1)C(N)=O",173.058911844,"Fragment"
"CCCCNC(=O)C(C#N)=Cc1ccc(O)c(C(=O)O)c1",288.111006992,"Fragment"
"CCCNC(=O)C(C#N)=Cc1ccc(-n2ccnc2)nc1",281.1276601,"Fragment"
"CC[C@H](NC(=O)C(C#N)=CC1CC1)c1ccccc1F",272.132491384,"Fragment"
"COc1ccc(/C=C(\C#N)C(=O)O)cc1OC",233.068807832,"Fragment"
"CC(C)OC(=O)C(C#N)=Cc1cccn(C(F)F)c1=O",282.08159868399997,"Fragment"
"COC(=O)c1cc(C=C(C#N)C(=O)OC(C)C)cnc1O",290.090271548,"Fragment"
"CCCCNC(=O)C(C#N)=Cc1cccn1C(F)F",267.11831854,"Fragment"
"CC(C)n1ccc(C=C(C#N)C(=O)NCCc2ccccc2)n1",308.16371126,"Fragment"
"CCCNC(=O)C(C#N)=Cc1ccc(F)c(S(=O)(=O)NC)c1",325.089640592,"Fragment"
"CCCNC(=O)C(C#N)=Cc1ncoc1COC",249.11134134,"Fragment"
"CCCNC(=O)C(C#N)=Cc1ccc2[nH]c(=O)[nH]c2c1",270.111675688,"Fragment"
"CCCNC(=O)C(C#N)=Cc1cnnn1CC",233.12766009999999,"Fragment"
"Cc1cccc(-n2c(C)cc(C=C(C#N)C(=O)Nn3cnnc3)c2C)c1",346.154209196,"Fragment"
"COC(=O)C(C#N)=Cc1ccc2[nH]ncc2c1",227.069476528,"Fragment"
"CN(C(=O)C(C#N)=CC1CC1)c1ccc(S(C)(=O)=O)cc1",304.088163372,"Fragment"
"COc1cc(C=C(C#N)C(=O)OC(C)C)ccc1O",261.10010796,"Fragment"
"CNC(=O)C(C#N)=Cc1cccc(-c2cscn2)c1",269.062282972,"Fragment"
"CC#CC(=O)N1CCCn2c(cc3ccccc32)C1",252.126263132,"Fragment"
"CC#CC(=O)N[C@H]1CCN(S(=O)(=O)c2ccccc2)C1",292.088163372,"Fragment"
"CC#CC(=O)NCc1nccc(C(F)F)n1",225.071368348,"Fragment"
"CC#CC(=O)NC(C1CC1)C(F)(F)F",205.0714486,"Fragment"
"CC#CC(=O)NCC1(SC)CCN(C)CC1",240.12963426,"Fragment"
"CC#CC(=O)NCCS(=O)(=O)N1CCc2ccccc21",292.088163372,"Fragment"
"CC#CC(=O)NCc1cc2c(cc1OC)CC(C)O2",259.120843404,"Fragment"
"CC#CC(=O)N(C)CC(O)c1cccc(Br)c1",295.020790788,"Fragment"
"CC#CC(=O)NCCC1CSc2ccccc2O1",261.08234972,"Fragment"
"CC#CC(=O)NCCc1cncc(O)c1",204.089877624,"Fragment"
"CC#CC(=O)NCC(F)(F)c1nc(C)n[nH]1",228.08226738,"Fragment"
"CC#CC(=O)NCC1CN(c2ccc(Cl)cc2)CCO1",292.097855464,"Fragment"
"CC#CC(=O)N(C)CC1CN(c2ccccc2)C(=O)O1",272.116092372,"Fragment"
"CC#CC(=O)N1CCC2(C1)CN(Cc1ccccc1)C(=O)CO2",312.14739249999997,"Fragment"
"C#CCC1(NC(=O)C#CC)CCOCC1",205.11027872,"Fragment"
"CC#CC(=O)NCC1CCN(C)C1=O",194.105527688,"Fragment"
"CC#CC(=O)NC(C)c1cc(Cl)cc2c1OCC2",263.071306368,"Fragment"
"CC#CC(=O)NC1C(=O)NCC1(CC)CC",222.136827816,"Fragment"
"CC#CC(=O)NCc1c2c(n[nH]c1=O)CCCC2",245.11642672,"Fragment"
"CC#CC(=O)NC1CCN(CC2=CCCCC2)CC1",260.188863388,"Fragment"
"CC#CC(=O)NCC(O)[C@H]1COC(C)(C)O1",227.115758024,"Fragment"
"CC#CC(=O)NCCc1nc2c(s1)COCC2",250.077598688,"Fragment"
"CC#CC(=O)NCc1c(OC)cc[nH]c1=O",220.084792244,"Fragment"
"C#CC(=O)NC1(COc2ncccc2F)CCCC1",262.11175594,"Fragment"
"CC#CC(=O)NCc1ccnc(-c2ccccc2)c1",250.110613068,"Fragment"
"CC#CC(=O)NCc1cnccn1",175.074561908,"Fragment"
"CC#CC(=O)NC1(Cc2nnc3ccccn23)CCCCC1",296.16371126,"Fragment"
"CC#CC(=O)NCc1sc(N2CCCCC2)nc1C",277.124883228,"Fragment"
"C=CCn1cc(NC(=O)C#CC)cn1",189.090211972,"Fragment"
"CC#CC(=O)N1CCN(S(=O)(=O)c2cccs2)CC1",298.04458430799997,"Fragment"
"CC#CC(=O)NCC(C)(C)N1CCOCC1",224.15247788,"Fragment"
"CC#CC(=O)NCc1ccc(S(=O)(=O)N(C)C)cc1",280.088163372,"Fragment"
"CC#CC(=O)NCc1c(C)nn(CC)c1C",219.137162164,"Fragment"
"CC#CC(=O)NC(CC)c1nccs1",208.067034004,"Fragment"
"CC#CC(=O)NC1CCOc2c(OC)cc(C)cc21",259.120843404,"Fragment"
"CC#CC(=O)N1CCN(C(=O)CC)CC1",208.121177752,"Fragment"
"CC#CC(=O)NCc1ccc(C(C)O)c(C)n1",232.121177752,"Fragment"
"CC#CC(=O)N1CC(S(=O)(=O)NC2CCCC2)C1",270.103813436,"Fragment"
"CC#CC(=O)NC1(c2nc(C)cs2)CCOCC1",264.093248752,"Fragment"
"CC#CC(=O)NCC(=O)NC1CCOc2ccccc21",272.116092372,"Fragment"
"CC#CC(=O)NCCc1ccc2cn[nH]c2c1",227.105862036,"Fragment"
"CC#CC(=O)NCc1cc(Cl)cc(S(C)(=O)=O)c1",285.02264192399997,"Fragment"
"C#CC(NC(=O)C#CC)c1ccc(F)cc1",215.07464216,"Fragment"
"CC#CC(=O)N(Cc1ccccn1)C1CC1",214.110613068,"Fragment"
"CC#CC(=O)N1C[C@H](NC(=O)NCC)[C@@H](OC)C1",253.142641468,"Fragment"
"CC#CC(=O)N(C)C(C)c1cccc(C#N)c1",226.110613068,"Fragment"
"CC#CC(=O)N(C)CC(O)c1cccc(C#N)c1",242.105527688,"Fragment"
"CC#CC(=O)N(C)C(C)c1nc2cc(Cl)ccc2[nH]1",275.082539748,"Fragment"
"CC#CC(=O)NCc1noc2c1CC(C)(C)CC2",246.136827816,"Fragment"
"CC#CC(=O)NCC(C)(C)n1cccn1",205.1215121,"Fragment"
"CC#CC(=O)NC1COCCC1(OC)OC",227.115758024,"Fragment"
"CC#CC(=O)NCCC1CCCC1(F)F",215.11217054,"Fragment"
"CC#CC(=O)NC1C(C#N)CCC12CCOCC2",246.136827816,"Fragment"
"CC#CC(=O)NCC(C)(C)C1=CCOCC1",221.141578848,"Fragment"
"CC#CC(=O)N1CC=CCC12CCOC2",205.11027872,"Fragment"
"CC#CC(=O)Nc1ccccc1N=S(C)(C)=O",250.077598688,"Fragment"
"CC#CC(=O)N1CC(=O)N(CCC(F)(F)F)C1",248.077262252,"Fragment"
"CC#CC(=O)NCC1(N2CCOCC2)CCOCC1",266.163042564,"Fragment"
"CC#CC(=O)N1c2ccc(F)cc2NC(=O)C12CCC2",272.096105876,"Fragment"
"CC#CC(=O)NC1(CO)CCc2ccccc21",229.11027872,"Fragment"
"CC#CC(=O)NC(c1cccc(C#N)c1)C(F)(F)F",266.066697568,"Fragment"
"CC#CC(=O)NCc1nc2cnccc2s1",231.046632908,"Fragment"
"CC#CC(=O)N[C@H]1CCC[C@@H](C(=O)NC2CC2)C1",248.15247788,"Fragment"
"CC#CC(=O)N1CCCC(C(O)c2ccc(F)c(C#N)c2)C1",300.127406004,"Fragment"
"C=CC(=O)N1CCCc2cc(C(=O)NC[C@H]3CCC[C@@H]3O)ccc21",328.17869262799996,"Fragment"
"C=CC(=O)N(C)c1ccc(C(=O)N2CCSC(C(C)C)C2)cc1",332.155849008,"Fragment"
"C=CC(=O)N(C)c1ccc(C(=O)Nc2ccc3nc[nH]c3c2)cc1",320.127325752,"Fragment"
"C=CC(=O)N(C)c1ccc(C(=O)N2CCc3ccncc3C2C)cc1",335.163376912,"Fragment"
"C=CC(=O)NCc1cccc2cc[nH]c12",200.094963004,"Fragment"
"C=CC(=O)N[C@@H]1CC(=O)N(C)[C@H]1c1ccc(Cl)c(F)c1",296.072783588,"Fragment"
"C=CC(=O)NCC1CCCN1c1ccc(C)cc1",244.15756326,"Fragment"
"C=CC(=O)NCCC1CCCCN1C(=O)NC",239.163376912,"Fragment"
"C=CC(=O)NCc1cn(C)nc1-c1ccccn1",242.116761068,"Fragment"
"C=CC(=O)NCCc1cccc2c1Oc1ccccc1O2",281.10519334,"Fragment"
"C=CC(=O)N(C)CC(=O)N1CCC(OC)C1(C)C",254.163042564,"Fragment"
"C=CC(=O)N(C)c1ccc(C(=O)N2CCC(=O)N3CCCC32)cc1",327.158291532,"Fragment"
"C=CC(=O)N1CCC(OC)C(C(=O)O)C1",213.10010796,"Fragment"
"C=CC(=O)N1CCC2(CC1)CC2(Cl)C(=O)O",243.066220988,"Fragment"
"C=CC(=O)N(C)c1ccc(C(=O)N2CCC3(CC2)C(O)CC3O)cc1",344.173607248,"Fragment"
"C=CC(=O)N(Cc1c(Cl)c(C)nn1C)C1CCCCC1",295.145140004,"Fragment"
"C=CC(=O)N[C@@H](c1ccco1)C(F)F",201.060134968,"Fragment"
"C=CC(=O)N1CCCC1C(=O)N1CCn2c(nnc2C(F)F)C1",325.13503122400004,"Fragment"
"C=CC(=O)N1CCCC1C(=O)Nc1cn(C(C)C)nn1",277.15387484800004,"Fragment"
"C=CC(=O)Nc1ccccc1CC(=O)N1CC(=C)C1",256.121177752,"Fragment"
"C=CC(=O)N1CCC(C(=O)Nc2ccc(-c3nc(C)n[nH]3)cc2)C1",325.15387484800004,"Fragment"
"C=CC(=O)N1CCNC(=O)C1",154.07422756,"Fragment"
"C=CC(=O)N1CCC(C(N)=O)C1",168.089877624,"Fragment"
"C=CC(=O)NCc1ncc(C)o1",166.07422756,"Fragment"
"C=CC(=O)N1CCC(N(C)C)CC1",182.141913196,"Fragment"
"C=CC(=O)N1Cc2ccccc2C1",173.084063972,"Fragment"
"C=CC(=O)N1CCCC[C@H]1C(=O)O",183.089543276,"Fragment"
"C=CC(=O)NC(c1cccs1)C(C)C",209.0874351,"Fragment"
"C=CC(=O)N1CCCC(NC(C)=O)C1",196.121177752,"Fragment"
"C=CC(=O)NC1CC2CCC1(C)C2(C)C",207.162314292,"Fragment"
"C=CC(=O)Nc1ccc(OC)c(OC)c1",207.089543276,"Fragment"
"C=CC(=O)NC(C)c1c(F)cccc1F",211.080870412,"Fragment"
"C=CC(=O)N1CCN(CC(=O)NC)CC1",211.132076784,"Fragment"
"C=CC(=O)N1CCN(C(=O)N(C)C)CC1",211.132076784,"Fragment"
"C=CC(=O)N1CCCCC1CCC(=O)O",211.120843404,"Fragment"
"C=CC(=O)N[C@H](C(=O)O)c1ccccc1",205.073893212,"Fragment"
"C=CC(=O)Nc1cnn(CC2CCCO2)c1",221.11642672,"Fragment"
"C=CC(=O)Nc1cccnc1-n1cccn1",214.08546094,"Fragment"
"C=CC(=O)Nc1ccc2c(c1)NC(=O)CS2",234.04629856,"Fragment"
"C=CC(=O)N1CC(=O)Nc2ccccc2C1",216.089877624,"Fragment"
"C=CC(=O)N1CCC(C(=O)Nc2cn(C)nc2CC)CC1",290.174275944,"Fragment"
"C=CC(=O)Nc1ccc(C(=O)NC2CCCc3nc(C)sc32)cc1",341.119797848,"Fragment"
"C=CC(=O)NCc1ccc(C(=O)N2CC(C)(C)OCC2(C)C)cc1",330.194342692,"Fragment"
"C=CC(=O)N1CCC(C(=O)Nc2cncnc2)CC1",260.127325752,"Fragment"
"C=CC(=O)N1CCN(CC(=O)N2CCOCC2)CC1",267.158291532,"Fragment"
"C=CC(=O)N(C)Cc1cnn(-c2ccccc2)c1",241.1215121,"Fragment"
"C=CC(=O)NCc1nnc2ccc(C(F)(F)F)cn12",270.07284556800005,"Fragment"
"C=CC(=O)N1CCN(S(=O)(=O)c2ccc(C(C)CC)cc2)CC1",336.150763628,"Fragment"
"C=CC(=O)NCc1ccc(-c2nc3ccccc3s2)o1",284.06194862399997,"Fragment"
"C=CC(=O)NCC1(N2CCSCC2)CCCC1",254.145284324,"Fragment"
"C=CC(=O)N1CCN(Cc2noc(-c3cccs3)n2)CC1",304.099396752,"Fragment"
"C=CC(=O)N(C)Cc1cc(Cl)cn1C",212.071640716,"Fragment"
"C=CC(=O)N(C)Cc1nc(C(F)(F)F)cs1",250.038768568,"Fragment"
"C=CC(=O)NC1CCN(c2cc(C)nc(C)n2)CC1",260.16371126,"Fragment"
"C=CC(=O)NCc1ccn(-c2ccc(F)cc2)n1",245.096440224,"Fragment"
"C=CC(=O)N1CCSC2COCCC21",213.08234972,"Fragment"
"C=CC(=O)Nc1cc(NC(=O)c2cccc3oc(C)nc23)ccc1F",339.101919528,"Fragment"
"C=CC(=O)N1CCC(C(=O)NC2COc3ccccc3C2O)CC1",330.157957184,"Fragment"
"C=CC(=O)N1CCC(C(=O)Nc2ccccc2C(N)=O)CC1",301.142641468,"Fragment"
"C=CC(=O)N1CCC(C(=O)N(C)Cc2ccc3ccccc3c2)CC1",336.183778008,"Fragment"
"C=CC(=O)NC1CC(C)OC1C",169.11027872,"Fragment"
"C=CC(=O)NC(c1ccncc1)c1cc(F)ccc1F",274.09176944399997,"Fragment"
"C=CC(=O)N(CC1CCCO1)C1CCC(C)CC1",251.18852904,"Fragment"
"C=CC(=O)N1CCC[C@H]1C(=O)N1CCCC1C1CCCC1",290.199428072,"Fragment"
"C=CC(=O)NC(c1ccc(Cl)cc1)C1CN(C)CCO1",294.113505528,"Fragment"
"C=CC(=O)NC1CCOC(CC(C)C)C1",211.157228912,"Fragment"
"C=CC(=O)N1CCCC(Cc2nnc3ccccn23)C1",270.148061196,"Fragment"
"C=CC(=O)NC1(C(=O)Nc2ccccc2)CC1",230.105527688,"Fragment"
"C=CC(=O)N1CCS(=O)(=O)C(CC)(CC)C1",245.108564468,"Fragment"
"C=CC(=O)N1CCOC(c2nnc(C(C)C)o2)C1",251.126991404,"Fragment"
"C=CC(=O)N(Cc1cncs1)C1CCN(C(C)=O)CC1",293.119797848,"Fragment"
"C=CC(=O)NC(C)c1csnn1",183.046632908,"Fragment"
"C=CC(=O)N1CC(N2CCN(C(=O)OC(C)(C)C)CC2)C1",295.18959166,"Fragment"
"C=CC(=O)N(C)C1CCCOC1",169.11027872,"Fragment"
"C=CC(=O)NCCC(=O)N1CCN2CC(F)(F)C[C@H]2C1",287.144533288,"Fragment"
"C=CC(=O)N1CCC(C(=O)NC2CC(C)(F)C2)(c2ccccc2)CC1",344.19000626,"Fragment"
"C=CC(=O)N1CCN(S(=O)(=O)c2ccccc2C#N)CC1",305.08341234000005,"Fragment"
"C=CC(=O)N(C)Cc1c(C)nn(-c2ccccc2)c1C",269.152812228,"Fragment"
"C=CC(=O)NCC1(c2ccc3c(c2)OCCO3)CCCC1",287.152143532,"Fragment"
"C=CC(=O)NC(CC)c1ccc2c(c1)OCCO2",247.120843404,"Fragment"
"C=CC(=O)N1CCN(Cc2nc(C(C)C)no2)CC1",264.15862588,"Fragment"
"C=CC(=O)N1CCC(NS(=O)(=O)c2ccc(Cl)cc2)CC1",328.064841084,"Fragment"
"C=CC(=O)N1CCN(c2ccc(C(=O)OC)cc2)CC1C",288.1473925,"Fragment"
"C=CC(=O)N1CCCC(Cc2ccccc2OC)C1",259.157228912,"Fragment"
"C=CC(=O)N1CCCC1C(=O)N1CCSCC1",254.108898816,"Fragment"
"C=CC(=O)N1CCCC(c2noc(C)n2)C1",221.11642672,"Fragment"
"C=CC(=O)N1CCN(c2cccc(OCC)n2)CC1",261.147726848,"Fragment"
"C=CC(=O)NC(C)c1csc(C2CC2)n1",222.082684068,"Fragment"
"C=CC(=O)NC1CCN(c2ccc(C(F)(F)F)cc2)C1=O",298.09291231599997,"Fragment"
"C=CC(=O)N1CCN(c2cccc(C)n2)CC1C",245.152812228,"Fragment"
"C=CC(=O)NC1CCCN(c2ccc(C)nn2)C1",246.148061196,"Fragment"
"C=CC(=O)N1CCCN(C)c2ccccc21",216.126263132,"Fragment"
"C=CC(=O)N1CCc2cccc(F)c2C1C",219.105942288,"Fragment"
"C=CC(=O)Nc1cc(CC)on1",166.07422756,"Fragment"
"C=CC(=O)N(C)Cc1nnc(C2CC2)n1C",220.132411132,"Fragment"
"C=CC(=O)NC1CCN(c2cc(CC)ncn2)CC1",260.16371126,"Fragment"
"C=CC(=O)NCC(=O)NC1(C)CCCCC1",224.15247788,"Fragment"
"C=CC(=O)N1CCc2ncnc(N(C)C)c2C1",232.132411132,"Fragment"
"C=CC(=O)NC1CCCC2OCCC12",195.125928784,"Fragment"
"C=CC(=O)Nc1c(C)cccc1C(=O)N1CCCC1",258.136827816,"Fragment"
"C=CC(=O)Nc1cc(C(=O)N2CCCCC2)ccc1Cl",292.097855464,"Fragment"
"C=CC(=O)Nc1ccc(C2CC2)nn1",189.090211972,"Fragment"
"C=CC(=O)Nc1cccc2c1CCO2",189.078978592,"Fragment"
"C=CC(=O)NCC1SCCS1",189.028205972,"Fragment"
"C=CC(=O)NC1CC2CCC(C2)C1",179.131014164,"Fragment"
"C=CC(=O)N1CCOC(C)(C(F)F)C1",205.091435096,"Fragment"
"C=CC(=O)N1CCC(C(=O)Nc2ccc(N)c([N+](=O)[O-])c2)CC1",318.132805056,"Fragment"
"C=CC(=O)NCc1cnccc1C(F)(F)F",230.066697568,"Fragment"
"C=CC(=O)NCC1(C)OCCc2sccc21",237.08234972,"Fragment"
"C=CC(=O)N(C)CC(=O)N1CC(C)(C)OC2(CCCC2)C1",294.194342692,"Fragment"
"C=CC(=O)N(C)CC(=O)NC1CCCC12CCOCC2",280.178692628,"Fragment"
"C=CC(=O)N1CC(=O)N(C)C1c1ccccc1",230.105527688,"Fragment"
"C=CC(=O)N1CCN2CCS(=O)(=O)CC2C1",244.088163372,"Fragment"
"C=CC(=O)NCC1CS(=O)(=O)c2ccccc2O1",267.05652889600003,"Fragment"
"C=CC(=O)NC[C@]12OCCC[C@H]1C2(F)F",217.091435096,"Fragment"
"C=CC(=O)NC1CS(=O)(=O)Cc2ccccc21",251.061614276,"Fragment"
"C=CC(=O)N[C@H]1[C@@H]2COC[C@@H]21",153.078978592,"Fragment"
"C=CC(=O)N1CCC2(COC2)C1",167.094628656,"Fragment"
"C=CC(=O)N1Cc2cccnc2C1",174.07931294,"Fragment"
"C=CC(=O)NCc1ccc[nH]c1=O",178.07422756,"Fragment"
"C=CC(=O)Nc1ccc(OC)nn1",179.069476528,"Fragment"
"C=CC(=O)NCc1cnnn1CC",180.101111004,"Fragment"
"C=CC(=O)N1CC2COCC(C1)O2",183.089543276,"Fragment"
"C=CC(=O)N(C)CC1COCCO1",185.10519334,"Fragment"
"C=CC(=O)N1Cc2ccccc2[C@H]1C",187.099714036,"Fragment"
"C=CC(=O)N1CC(c2ccccc2)C1",187.099714036,"Fragment"
"C=CC(=O)Nc1cccc2c1OCC2",189.078978592,"Fragment"
"C=CC(=O)Nc1nccc(C2CC2)n1",189.090211972,"Fragment"
"C=CC(=O)N1CCc2ccn(C)c2C1",190.110613068,"Fragment"
"C=CC(=O)N(C)Cc1ccnn1CC",193.1215121,"Fragment"
"C=CC(=O)N[C@@H](C)C1CCCC(C)C1",195.162314292,"Fragment"
"C=CC(=O)NC1CC(=O)N(CCC)C1",196.121177752,"Fragment"
"C=CC(=O)NC(C)(C)C1CCOCC1",197.141578848,"Fragment"
"C=CC(=O)NCCN1CCOCC1=O",198.100442308,"Fragment"
"C=CC(=O)Nc1ccc2c(C)noc2c1",202.07422756,"Fragment"
"C=CC(=O)Nc1ccc2nc(C)nn2c1",202.08546094,"Fragment"
"C=CC(=O)NCc1c(C2CC2)cnn1C",205.1215121,"Fragment"
"C=CC(=O)N1CCC(CC(F)(F)F)C1",207.087098664,"Fragment"
"C=CC(=O)N1CC(Oc2nccs2)C1",210.04629856,"Fragment"
"C=CC(=O)NCc1ccc2cccnc2c1",212.094963004,"Fragment"
"C=CC(=O)Nc1nnc(C)c2ccccc12",213.090211972,"Fragment"
"C=CC(=O)NC12CC(c3ccccc3)(C1)C2",213.1153641,"Fragment"
"C=CC(=O)Nc1nc2ccccc2c(=O)[nH]1",215.069476528,"Fragment"
"C=CC(=O)NC1Cc2ccccc2NC1=O",216.089877624,"Fragment"
"C=CC(=O)NCCc1nc2ccccc2o1",216.089877624,"Fragment"
"C=CC(=O)N1CCCC(c2cccnc2)C1",216.126263132,"Fragment"
"C=CC(=O)NC1COc2c(C)cccc2C1",217.11027872,"Fragment"
"C=CC(=O)N1CCS(=O)(=O)CCC1C",217.07726434,"Fragment"
"C=CC(=O)NCc1cc(C2CC2)ccc1F",219.105942288,"Fragment"
"C=CC(=O)N1CCCCC1c1ccnn1C",219.137162164,"Fragment"
"C=CC(=O)N[C@@H]1CCc2cc(Cl)ccc21",221.060741684,"Fragment"
"C=CC(=O)N1CCC(c2cscn2)CC1",222.082684068,"Fragment"
"C=CC(=O)N1CCC[C@H]1CN1CCOCC1",224.15247788,"Fragment"
"C=CC(=O)N1CCC(CC(C)C(=O)O)CC1",225.136493468,"Fragment"
"C=CC(=O)N1CCC2(Cc3ccccc3C2)C1",227.131014164,"Fragment"
"C=CC(=O)Nc1cc(OC)c2ncccc2c1",228.089877624,"Fragment"
"C=CC(=O)Nc1cccc2c(=O)n(C)ccc12",228.089877624,"Fragment"
"C=CC(=O)Nc1ccc2nnc(C3CC3)n2c1",228.101111004,"Fragment"
"C=CC(=O)NC1C(=O)N(C)Cc2ccccc21",230.105527688,"Fragment"
"C=CC(=O)Nc1ccc2c(c1)CCN(C)C2=O",230.105527688,"Fragment"
"C=CC(=O)N1CCC(c2ccc(C)nc2)CC1",230.141913196,"Fragment"
"C=CC(=O)N1CCOc2cc(OC)ccc2C1",233.10519334,"Fragment"
"C=CC(=O)N1CCC(c2ncc(C)s2)CC1",236.098334132,"Fragment"
"C=CC(=O)N1CCCSc2ccc(F)cc21",237.062363224,"Fragment"
"C=CC(=O)N1CCCN(C(=O)CC(C)C)CC1",238.168127944,"Fragment"
"C=CC(=O)N(C)Cc1ccn(-c2ccccc2)n1",241.1215121,"Fragment"
"C=CC(=O)NCc1coc(-c2ccc(C)cc2)n1",242.105527688,"Fragment"
"C=CC(=O)NC(C)c1ncc(-c2ccccc2)o1",242.105527688,"Fragment"
"C=CC(=O)NC(C)c1nnnn1-c1ccccc1",243.112010036,"Fragment"
"C=CC(=O)Nc1cccc2c1CN(CC(C)C)C2",244.15756326,"Fragment"
"C=CC(=O)NC1(C(N)=O)CCOc2ccccc21",246.100442308,"Fragment"
"C=CC(=O)N(C)C1CCN(c2cnccn2)CC1",246.148061196,"Fragment"
"C=CC(=O)NCC1CCCN(c2ncccn2)C1",246.148061196,"Fragment"
"C=CC(=O)N1CC(C)NC(=O)c2ccc(F)cc21",248.096105876,"Fragment"
"C=CC(=O)N1CCN(C(C)=O)C2(CCCCC2)C1",250.168127944,"Fragment"
"C=CC(=O)Nc1nc2c(OC)cc(F)cc2s1",252.036876748,"Fragment"
"C=CC(=O)N1CCc2c(cnn2-c2ccccc2)C1",253.1215121,"Fragment"
"C=CC(=O)N(Cc1ccccc1)C1COC(C)(C)C1",259.157228912,"Fragment"
"C=CC(=O)N1CCN(c2nccc(C(C)C)n2)CC1",260.16371126,"Fragment"
"C=CC(=O)NC1CCC(=O)NC1c1ccnn1CC",262.142975816,"Fragment"
"C=CC(=O)N1CCCC(n2ccc(C(=O)NC)n2)C1",262.142975816,"Fragment"
"C=CC(=O)N1CC(c2cccc(F)c2)OCC1(C)C",263.132157036,"Fragment"
"C=CC(=O)N1CCN(c2c(F)cccc2OC)CC1",264.127406004,"Fragment"
"C=CC(=O)NC1CCN(c2nccn(CC)c2=O)CC1",276.15862588,"Fragment"
"C=CC(=O)N1CCN(Cc2ccc(F)cc2)CC1(C)C",276.163791512,"Fragment"
"C=CC(=O)NCC1CC(=O)N(c2ccc(Cl)cc2)C1",278.0822054,"Fragment"
"C=CC(=O)NC1(c2ccc(OC)c(F)c2)CCOCC1",279.127071656,"Fragment"
"C=CC(=O)N1CCC(Cc2nc3ccc(F)cc3o2)CC1",288.127406004,"Fragment"
"C=CC(=O)NCc1ccc(N2CC(C)CS2(=O)=O)cc1",294.103813436,"Fragment"
"C=CC(=O)Nc1cccc(C(=O)NC2CCCn3nc(C)nc32)c1",325.15387484800004,"Fragment"
"C=CC(=O)Nc1cccc(C(=O)N2CCN3CCOCC3C2)c1",315.158291532,"Fragment"
"C=CC(=O)N1CCC(C(=O)N2CCCC(O)(CC)C2)CC1",294.194342692,"Fragment"
"C=CC(=O)NCC1CC(C)(C)OC1(C)C",211.157228912,"Fragment"
"C=CC(=O)N(CC)CC(=O)N1CCOc2ccccc2C1",288.1473925,"Fragment"
"C=CC(=O)N(CC)CC(=O)N1Cc2cnn(C)c2CC(C)(C)C1",318.205576072,"Fragment"
"C=CC(=O)NC1CC(C)Cc2cc(OC)ccc21",245.141578848,"Fragment"
"C=CC(=O)NC1CCc2ncc(Br)n2C1",269.01637410399996,"Fragment"
"C=CC(=O)N1CCC(c2ccccc2)OC(C)C1",245.141578848,"Fragment"
"C=CC(=O)N1CCC(n2c(=O)oc3ccccc32)C1",258.100442308,"Fragment"
"C=CC(=O)NC1CC(C)Cc2cccc(OC)c21",245.141578848,"Fragment"
"C=CC(=O)N(C)Cc1ccnc(N(C)C)n1",220.132411132,"Fragment"
"C=CC(=O)N1CCSCC1c1nccs1",240.039105004,"Fragment"
"C=CC(=O)Nc1cccc(N2CCN(C(C)=O)C2=O)c1C",287.126991404,"Fragment"
"C=CC(=O)NC1CCCN(C(=O)N2CCCC2)C1",251.163376912,"Fragment"
"C=CC(=O)NC1CCN(C(=O)OC(C)(C)C)C2(CCC2)C1",294.194342692,"Fragment"
"C=CC(=O)NC1CCOC(c2cnn(C)c2)C1",235.132076784,"Fragment"
"C=CC(=O)N1CC(C)(C)O[C@@H]2COC[C@H]21",211.120843404,"Fragment"
"C=CC(=O)Nc1ccc(N(CC)C(C)=O)nc1",233.11642672,"Fragment"
"C=CC(=O)N[C@H]1C[C@H](C(=O)OC)C1",183.089543276,"Fragment"
"C=CC(=O)Nc1cnn2c1CCCC2",191.105862036,"Fragment"
"C=CC(=O)N[C@H]1C[C@H](SC)C1",171.071785036,"Fragment"
"C=CC(=O)N1C2CCC1CC(c1noc(C)n1)C2",247.132076784,"Fragment"
"C=CC(=O)N1CCC1(C)C1CCCCC1",207.162314292,"Fragment"
"C=CC(=O)N1CCCC1(C)c1ccccc1",215.131014164,"Fragment"
"C=CC(=O)NCC1(C)CCOC2(CCC2)C1",223.157228912,"Fragment"
"C=CC(=O)NCc1nccc2c1CCCC2",216.126263132,"Fragment"
"C=CC(=O)N1CCCC1c1ncc(Br)cn1",281.016374104,"Fragment"
"C=CC(=O)N1CCN(C)c2nc(OC)ccc21",233.11642672,"Fragment"
"C=CC(=O)NCC1CCN(C)C1=O",182.105527688,"Fragment"
"C=CC(=O)NC1CCSC2(CCC2)C1",211.103085164,"Fragment"
"C=CC(=O)N[C@H](C)c1ccc(OC)c(C)c1",219.125928784,"Fragment"
"C#CCN(Cc1ccc(C)cc1)C(=O)C=C",213.1153641,"Fragment"
"C=CC(=O)Nc1ccc2c(c1)ncn2-c1ccccc1",263.105862036,"Fragment"
"C=CC(=O)NCc1ccc(OC)c(C#N)c1",216.089877624,"Fragment"
"C=CC(=O)Nc1ccc(-n2ccc(C)n2)cc1",227.105862036,"Fragment"
"C=CC(=O)Nc1cc(C(F)F)ccc1F",215.055798536,"Fragment"
"C=CC(=O)Nc1cc2sc(=O)n(C)c2cc1C",248.061948624,"Fragment"
"C=CC(=O)Nc1ccc(F)c(C(F)F)c1",215.055798536,"Fragment"
"C=CC(=O)NCc1ccnc(-c2ccccn2)n1",240.101111004,"Fragment"
"C=CC(=O)Nc1ccc(N(C)C(=O)NC)cc1",233.11642672,"Fragment"
"C=CC(=O)Nc1ccc2c(c1)C(=O)N(C)C2",216.089877624,"Fragment"
"C=CC(=O)N1CCC(C(=O)N2COCCC2C)CC1",266.163042564,"Fragment"
"C=CC(=O)N[C@@H]1CC(=O)N(C2CC2)[C@H]1c1ccnn1C",274.142975816,"Fragment"
"C=CC(=O)Nc1ccc(O)c(C(=O)N2CCNC(=O)C2C(C)C)c1",331.15320615200005,"Fragment"
"C=CC(=O)N1CCCC(Cn2cc(C(=O)NC)nn2)C1",277.15387484800004,"Fragment"
"C=CC(=O)NC1CN(c2ccccc2)C1",202.110613068,"Fragment"
"C=CC(=O)N1CCC2(CC1)CC(C(=O)O)C2",223.120843404,"Fragment"
"C=CC(=O)NC(C)c1ccn(C(C)C)n1",207.137162164,"Fragment"
"C=CC(=O)N[C@H](C1CC1)C(F)(F)F",193.0714486,"Fragment"
"C=CC(=O)NCC1CC(C(C)(C)C)=NO1",210.136827816,"Fragment"
"C=CC(=O)N1COCC2(COCCN2C)C1",226.131742436,"Fragment"
"C=CC(=O)N1CCN(C)C(=O)C1Cc1ccccc1",258.136827816,"Fragment"
"C=CC(=O)NC1(C)CCOC12CC2(F)F",217.091435096,"Fragment"
"C=CC(=O)NCc1conc1C1CCC1",206.105527688,"Fragment"
"C=CC(=O)Nc1ccc(C(=O)NC2(C)CC(C)(C)OC2=O)cc1",316.14230712,"Fragment"
"C=CC(=O)Nc1ccc(C(=O)N2CC(CO)OC(C)(C)C2)cc1",318.157957184,"Fragment"
"C=CC(=O)Nc1ccc(C(=O)N2C[C@H]3CC[C@@H](O)[C@H]3C2)cc1",300.1473925,"Fragment"
"C=CC(=O)NC(C)(C)c1ncccc1C",204.126263132,"Fragment"
"C=CC(=O)NC(C)(C)C(=O)c1ccccc1C",231.125928784,"Fragment"
"C=CC(=O)Nc1cc(OC)cc2c(Cl)ccnc12",262.050905272,"Fragment"
"C=CC(=O)N[C@@H]1CCC[C@]12CCCCO2",209.141578848,"Fragment"
"C=CC(=O)NC12CC3CC(C1)C(F)(F)C(C3)C2",241.127820604,"Fragment"
"C=CC(=O)NC(C)C(O)C1CCCCC1",211.157228912,"Fragment"
"C=CC(=O)N1CC(F)(F)CC1(C)C(=O)O",219.070699652,"Fragment"
"C=CC(=O)N1C[C@H]2C[C@@H](C(=O)O)C[C@H]2C1",209.10519334,"Fragment"
"C=CC(=O)N1CCC(C(=O)O)C1(C)C",197.10519334,"Fragment"
"C=CC(=O)N(C)Cc1cc(-c2ccccc2)[nH]n1",241.1215121,"Fragment"
"C=CC(=O)Nc1cnc2ccc(F)cc2c1",216.069891128,"Fragment"
"C=CC(=O)NC(C)c1n[nH]c(-c2cccs2)n1",248.073182004,"Fragment"
"C=CC(=O)NC(C)c1nccc2ccc(OC)cc12",256.121177752,"Fragment"
"C=CC(=O)N1CCC(C)(CS(C)(=O)=O)CC1",245.108564468,"Fragment"
"C=CC(=O)Nc1ccc(Cl)c2cn[nH]c12",221.035589556,"Fragment"
"C=CC(=O)Nc1ccc2c(c1)C(O)CCCC2",231.125928784,"Fragment"
"C=CC(=O)Nc1cccc(C(O)C(F)(F)F)c1",245.06636322,"Fragment"
"C=CC(=O)Nc1ccc2c(c1)C(=O)NCCC2",230.105527688,"Fragment"
"C=CC(=O)NCc1nn(C)c(=O)c2ccccc12",243.100776656,"Fragment"
"C=CC(=O)Nc1cc(C(=O)NCC)sc1C",238.077598688,"Fragment"
"C=CC(=O)Nc1ccc(-n2cnnn2)c(F)c1",233.071288096,"Fragment"
"C=CC(=O)NCc1nnc(C2CCCO2)[nH]1",222.111675688,"Fragment"
"C=CC(=O)N1CCCCC1CNC(=O)NC",225.147726848,"Fragment"
"C=CC(=O)N1CC(O)CC1C1CC1",181.11027872,"Fragment"
"C=CC(=O)N1CC(C)(CO)Oc2ccccc21",233.10519334,"Fragment"
"C=CC(=O)Nc1cccc(CN=S2(=O)CCCC2)c1",278.108898816,"Fragment"
"C=CC(=O)NCc1cn(C)nc1C(F)F",215.087018412,"Fragment"
"C=CC(=O)N1C[C@H](NC(C)=O)[C@@H](c2ccnn2C)C1",262.142975816,"Fragment"
"C=CC(=O)NC1(CC(=O)O)CCC(F)(F)CC1",247.10199978,"Fragment"
"C=CC(=O)NCc1c(F)cc(C(=O)O)cc1F",241.055049588,"Fragment"
"C=CC(=O)N1CCCC(C(=O)O)(C(F)(F)F)C1",251.076927904,"Fragment"
"C=CC(=O)N1CCC(CC(F)F)(C(=O)O)CC1",247.10199978,"Fragment"
"C=CC(=O)N1CCC(Cc2nc(C(=O)O)cs2)CC1",280.088163372,"Fragment"
"C=CC(=O)Nc1cccc(C(=O)N2[C@H](CO)C[C@@H]3CCC[C@@H]32)c1",314.163042564,"Fragment"
"C=CC(=O)N(C)CC(=O)Nc1cncc2c1CCC2",259.132076784,"Fragment"
"C=CC(=O)N1CCC(C(=O)N[C@@H]2CC[C@H](CC#N)C2)CC1",289.179026976,"Fragment"
"C=CC(=O)N(C)CC(=O)N1C[C@@H](C)C(F)(F)[C@@H](C)C1",274.14928432,"Fragment"
"C=CC(=O)Nc1ccc(C(=O)N2CCOCC2C2(C)CC2)cc1",314.163042564,"Fragment"
"C=CC(=O)N(C)CC(=O)N1[C@H](C(F)(F)F)C[C@@H]2CCCC[C@@H]21",318.155512572,"Fragment"
"C=CC(=O)N1CCC(C(=O)N(CC)c2cccc(C)c2)CC1",300.183778008,"Fragment"
"C=CC(=O)N1CCC(C(=O)Nc2ccc(N3CCOCC3)cn2)CC1",344.184840628,"Fragment"
"C=CC(=O)NCC(=O)NC1Cc2ccc(C#N)cc2C1",269.11642672,"Fragment"
"C=CC(=O)NCC(=O)N1CCN(C(=O)c2cc3ccccc3[nH]2)CC1",340.1535405,"Fragment"
"C=CC(=O)Nc1ccc(C(=O)N2c3ccnn3CCC2C)cc1",310.142975816,"Fragment"
"C=CC(=O)NCC(=O)N1Cc2ccccc2C[C@@H]1CO",274.131742436,"Fragment"
"C=CC(=O)NCC(=O)Nc1ccc2c(c1)C(=O)CCO2",274.095356928,"Fragment"
"C=CC(=O)NCC(=O)N1CCCC(c2ccccn2)C1",273.147726848,"Fragment"
"C#Cc1cccc(N(C)C(=O)C2CCCN(C(=O)C=C)C2)c1",296.15247788,"Fragment"
"C=CC(=O)N1CCCC(C(=O)NCC2(O)CCOc3ccccc32)C1",344.173607248,"Fragment"
"C=CC(=O)N1C2CCC1CC(O)(Cc1ccccc1)C2",271.157228912,"Fragment"
"C=CC(=O)Nc1ccc(N2CCOCC2)cc1C(N)=O",275.126991404,"Fragment"
"C=CC(=O)N1CCC(O)(Cc2ccc(F)cc2)CC1",263.132157036,"Fragment"
"C=CC(=O)N[C@@H](c1ccccc1)C(F)F",211.080870412,"Fragment"
"C=CC(=O)NC(C)(C)c1nc2ccc(Cl)cc2o1",264.066555336,"Fragment"
"C=CC(=O)NCC1(O)CCCc2ccc(OC)cc21",261.136493468,"Fragment"
"C=CC(=O)N1CCCC(CO)(Cc2ccccc2)C1",259.157228912,"Fragment"
"C=CC(=O)NCC1CCCN1S(=O)(=O)CC",246.103813436,"Fragment"
"C=CC(=O)NCc1ccsc1-n1cccc1",232.067034004,"Fragment"
"C=CC(=O)N(C)C(c1ccccc1)C1(O)CCC1",245.141578848,"Fragment"
"C=CC(=O)NC1CC(O)(c2ccc(F)cc2)C1",235.100856908,"Fragment"
"C=CC(=O)N[C@H]1C[C@](OC)(C(F)(F)F)C1",223.082013284,"Fragment"
"C=CC(=O)N1CCN(C(=O)[C@@H]2C[C@H]2COC)[C@@H](C)C1",266.163042564,"Fragment"
"C=CC(=O)N(Cc1cc(C)n(C)n1)[C@H]1CC[C@H](C)CC1",275.19976242,"Fragment"
"C=CC(=O)N(Cc1c(F)cccc1Cl)[C@@H]1COC[C@H]1O",299.07244923999997,"Fragment"
"C=CC(=O)NCC1(c2ccncc2F)CC1",220.101191256,"Fragment"
"C=CC(=O)N1CC(C(=O)N2CCc3nc(C)ncc3C2)C1",286.142975816,"Fragment"
"C=CC(=O)N1CC(C(=O)NCc2nnc3ccc(C)cn23)C1",299.13822478400004,"Fragment"
"C=CC(=O)N1CC(C(=O)N2CCCC2C2(C)CC2)C1",262.168127944,"Fragment"
"C=CC(=O)N1CC(C)(C)OC2(CC3CCC2C3)C1",249.172878976,"Fragment"
"C=CC(=O)N1CCCc2ccc(C(=O)O)cc21",231.089543276,"Fragment"
"C=CC(=O)N(Cc1cscc1F)c1ccc2c(c1)NC(=O)CC2",330.08382694,"Fragment"
"C=CC(=O)N1CCC(C(=O)NCc2ccc(F)cc2)C1",276.127406004,"Fragment"
"C=CC(=O)N1CCCc2c(C(=O)Nc3cnn(C(C)C)c3)cccc21",338.174275944,"Fragment"
"C=CC(=O)N1CCCC1C(=O)NC1(c2ccccc2F)CCCC1",330.174356196,"Fragment"
"C=CC(=O)N1CCCC1C(=O)Nc1ccccc1C1CC1",284.15247788,"Fragment"
"C=CC(=O)NCc1ccccc1C(=O)N1CCC2(CCOC2=O)C1",328.14230711999994,"Fragment"
"C=CC(=O)N1CCCC1c1ccc(C(=O)NC2(C)CC2)cc1",298.168127944,"Fragment"
"C=CC(=O)N1CCC(C(=O)NNC(=O)c2cccc(Cl)c2)C1",321.088019052,"Fragment"
"C=CC(=O)N1CCCc2c1cnn2-c1ccccc1",253.1215121,"Fragment"
"C=CC(=O)Nc1ncccn1",149.058911844,"Fragment"
"C=CC(=O)NCc1cnn(C)c1",165.090211972,"Fragment"
"C=CC(=O)N(C)c1cnn(C)c1",165.090211972,"Fragment"
"C=CC(=O)NC1CCCOCC1",169.11027872,"Fragment"
"C=CC(=O)Nc1cc(C(C)C)no1",180.089877624,"Fragment"
"C=CC(=O)NC1CCC(C)C(C)C1",181.146664228,"Fragment"
"C=CC(=O)N1CCCC1c1ccsc1",207.071785036,"Fragment"
"C=CC(=O)NCC1(SC)CCCCC1",213.118735228,"Fragment"
"C=CC(=O)Nc1ccc2nccnc2c1",199.074561908,"Fragment"
"C=CC(=O)N1CCc2sccc2C1CC",221.0874351,"Fragment"
"C=CC(=O)NCC12CC3CC(CC(C3)C1)C2",219.162314292,"Fragment"
"C=CC(=O)Nc1ccc(Cl)c2ncccc12",232.040340588,"Fragment"
"C=CC(=O)Nc1cnc2c(cnn2C(C)C)c1",230.116761068,"Fragment"
"C=CC(=O)Nc1cccc(NC(=O)CC)c1C",232.121177752,"Fragment"
"C=CC(=O)N1CCN(c2ccccc2OCC)CC1",260.15247788,"Fragment"
"C=CC(=O)NC1CCOC1(C)C",169.11027872,"Fragment"
"C=CC(=O)Nc1cc(NC(=O)c2ccc(C#N)o2)ccc1F",299.0706194,"Fragment"
"C=CC(=O)N1CCC(C(=O)N2CCCC2C(C)(C)O)CC1",294.194342692,"Fragment"
"C=CC(=O)N1CCC(NC(=O)c2cccc(OC)c2)CC1",288.1473925,"Fragment"
"C=CC(=O)N1CCC(C(=O)N2CCOc3ccc(C)cc3C2)CC1",328.178692628,"Fragment"
"C=CC(=O)N1CCC(C(=O)N2CCC2COC)CC1",266.163042564,"Fragment"
"C=CC(=O)Nc1ccc(C(=O)N2CCCCC2c2cncn2C)cc1",338.174275944,"Fragment"
"C=CC(=O)Nc1cc(NC(=O)C2(C#N)CCOCC2)ccc1F",317.117569592,"Fragment"
"C=CC(=O)NC(C)c1ccc(S(=O)(=O)N(C)C)cc1",282.103813436,"Fragment"
"C=CC(=O)NCc1ccc(-n2ccnc2C)c(F)c1",259.112090288,"Fragment"
"C=CC(=O)N1CCC(CNC(=O)c2cnn(C)c2)CC1",276.15862588,"Fragment"
"C=CC(=O)Nc1cnc(C(C)(C)C)nc1",205.1215121,"Fragment"
"C=CC(=O)NCc1nncn1C1CC1",192.101111004,"Fragment"
"C=CC(=O)N1CCCC(CNC(=O)Nc2ccc(C)cc2)C1",301.179026976,"Fragment"
"C=CC(=O)Nc1cccc(N2CCCNC2=O)c1",245.11642672,"Fragment"
"C=CC(=O)Nc1ccc(OC2CCOCC2)c(C)c1",261.136493468,"Fragment"
"C=CC(=O)N(C)Cc1cc2ccccc2o1",215.094628656,"Fragment"
"C=CC(=O)NC(C)(C)c1nc(C)cs1",210.082684068,"Fragment"
"C=CC(=O)NC1(c2noc(CC)n2)CCCC1",235.132076784,"Fragment"
"C=CC(=O)NC(CC)C(=O)N1CCOCC1",226.131742436,"Fragment"
"C=CC(=O)N(CC)Cc1cc(Br)ccc1O",283.020790788,"Fragment"
"C=CC(=O)Nc1c(C)cc(N(C)C)cc1C",218.141913196,"Fragment"
"C=CC(=O)N1CCOC(c2ccccc2C(F)(F)F)C1",285.097663348,"Fragment"
"C=CC(=O)NC1CCCN(c2cccnc2)C1=O",245.11642672,"Fragment"
"C=CC(=O)N1CCCC1CC(=O)c1cnn(C)c1",247.132076784,"Fragment"
"C=CC(=O)N(C)C(C)c1sc(C(C)C)nc1C",252.12963426,"Fragment"
"C=CC(=O)N1CCOC(CCc2ccccc2)C1",245.141578848,"Fragment"
"C=CC(=O)Nc1cc(NC(=O)c2nc(C)ncc2Cl)ccc1F",334.063281524,"Fragment"
"C=CC(=O)NC(C)C1CC2CCC1CC2",207.162314292,"Fragment"
"C=CC(=O)N1CCC(C(=O)N2CCOC(c3ccc(F)cc3)C2)CC1",346.16927081600005,"Fragment"
"C=CC(=O)N1CCC(C(=O)NC(C)(C)c2nc(C)c(C)s2)CC1",335.16674804,"Fragment"
"C=CC(=O)NCC1CCCCC1(F)F",203.11217054,"Fragment"
"C=CC(=O)NC(c1ccccc1)c1nc(C)no1",243.100776656,"Fragment"
"C=CC(=O)NC(C)C(C)n1cncn1",194.116761068,"Fragment"
"C=CC(=O)N(C)CCn1c(=O)oc2ccccc21",246.100442308,"Fragment"
"C=CC(=O)NCc1ccccc1-c1cnn(C)c1",241.1215121,"Fragment"
"C=CC(=O)NCc1nc(N(C)C)no1",196.096025624,"Fragment"
"C=CC(=O)N1CCN(C)C(c2ncc[nH]2)C1",220.132411132,"Fragment"
"C=CC(=O)NC(C(=O)N1CCCC(C)C1)c1cnn(C)c1",290.174275944,"Fragment"
"C=CC(=O)N1CCN(C)C(c2nc(C3CC3)no2)C1",262.142975816,"Fragment"
"C=CC(=O)N1CC=C(c2ccnn2C)CC1",217.1215121,"Fragment"
"C=CC(=O)N1C[C@@H](CO)[C@H](c2ccsc2)C1",237.08234972,"Fragment"
"C=CC(=O)N[C@H](C)c1cnccn1",177.090211972,"Fragment"
"C=CC(=O)N1CCC([C@@H]2OCC[C@H]2NC(=O)C(F)(F)F)CC1",320.13477712800005,"Fragment"
"C=CC(=O)NCC1(C)CCOC1",169.11027872,"Fragment"
"C=CC(=O)NC1CSC(C)C1",171.071785036,"Fragment"
"C=CC(=O)NCC1=CCOCC1",167.094628656,"Fragment"
"C=CC(=O)N(C)CC(=O)NC1CCCOc2ccccc21",288.1473925,"Fragment"
"C=CC(=O)N1CCOC2CCN(Cc3ccccc3)CC21",286.168127944,"Fragment"
"C=CC(=O)N1CCCC(OC2CCC2)C1",209.141578848,"Fragment"
"C=CC(=O)N1CCC(C(=O)NC2(c3cccc(C#N)c3)CCC2)CC1",337.179026976,"Fragment"
"C=CC(=O)N(C)CC1=CCCOC1",181.11027872,"Fragment"
"C=CC(=O)N1CCN(S(=O)(=O)c2c(C)cc(C)cc2C)CC1",322.135113564,"Fragment"
"C=CC(=O)N1CCN(S(=O)(=O)c2cc(F)ccc2F)CC1",316.069319748,"Fragment"
"C=CC(=O)NCc1cc(Cl)c2c(c1)OCCCO2",267.066220988,"Fragment"
"C=CC(=O)N1CCCCC1c1nc2ccccc2s1",272.098334132,"Fragment"
"C=CC(=O)N1CCN(C(C)c2ccccc2Cl)CC1",278.11859090800004,"Fragment"
"C=CC(=O)N1CCN(C(=O)c2cccc(C(F)(F)F)c2)CC1",312.10856238,"Fragment"
"C=CC(=O)Nc1cccc(N2C(=O)CC3(CCCC3)C2=O)c1",298.13174243599997,"Fragment"
"C=CC(=O)N(C)c1ccc(OC)c(OC)c1",221.10519334,"Fragment"
"C=CC(=O)NCc1nccn1C(F)F",201.071368348,"Fragment"
"C=CC(=O)Nc1ccc2c(c1)C(=O)N(CC1CC1)C2=O",270.100442308,"Fragment"
"C=CC(=O)N1CCN(C(C)c2nc(C)no2)CC1",250.142975816,"Fragment"
"C=CC(=O)NC(C)C(=O)N1CCCCC1C",224.15247788,"Fragment"
"C=CC(=O)Nc1cc(C2CC2)nn1C1CCS(=O)(=O)C1",295.099062404,"Fragment"
"C=CC(=O)N1CCN(C2=NCC(C)S2)CC1",239.109233164,"Fragment"
"C=CC(=O)NC1CC(C)N(c2cnn(C)c2)C1=O",248.127325752,"Fragment"
"C=CC(=O)N(C)C1CCCC1SC",199.103085164,"Fragment"
"C=CC(=O)NCC1CCCC(C(F)(F)F)C1",235.118398792,"Fragment"
"C=CC(=O)N1CCOC(C2CCCO2)C1",211.120843404,"Fragment"
"C=CC(=O)NC1CCN(c2ccccc2OC)C1",246.136827816,"Fragment"
"C=CC(=O)N(C)Cc1cn(C)nc1C(C)C",221.152812228,"Fragment"
"C#CCn1cc(CN(C)C(=O)C=C)cn1",203.105862036,"Fragment"
"C=CC(=O)NC1CCc2cn(C(C)C)nc2C1",233.152812228,"Fragment"
"C=CC(=O)NC1(C(N)=O)CCCC1C",196.121177752,"Fragment"
"C=CC(=O)NCc1ccc(-c2csc(C)n2)o1",248.061948624,"Fragment"
"C=CC(=O)NC(c1nccn1C)C1CCOCC1",249.147726848,"Fragment"
"C=CC(=O)NC1C2CC3CC1CC(OC)(C3)C2",235.157228912,"Fragment"
"C=CC(=O)N(C)CC(=O)NC1COc2ccccc2C1",274.131742436,"Fragment"
"C=CC(=O)N1CCC(C(=O)N2C[C@@H]3C[C@H]2CO3)CC1",264.1473925,"Fragment"
"C=CC(=O)NC(C)c1nc(C(F)(F)F)no1",235.056861156,"Fragment"
"C=CC(=O)N1Cc2cnn(-c3ccncc3)c2CC(C)(C)C1",296.16371126,"Fragment"
"C=CC(=O)N1CCC[C@H]2COC[C@H]21",181.11027872,"Fragment"
"C=CC(=O)NC(C)C1CC1(F)F",175.080870412,"Fragment"
"C=CC(=O)Nc1ccc2c(n1)CCC2",188.094963004,"Fragment"
"C=CC(=O)N(C)C1CS(=O)(=O)C1",189.045964212,"Fragment"
"C=CC(=O)NCc1ccc(C#N)s1",192.035733876,"Fragment"
"C=CC(=O)NCCn1nc(C)cc1C",193.1215121,"Fragment"
"C=CC(=O)NC1CC2CCCCN2C1",194.141913196,"Fragment"
"C=CC(=O)NCc1ccc2cncn2c1",201.090211972,"Fragment"
"C=CC(=O)NCC1COc2ccccc21",203.094628656,"Fragment"
"C=CC(=O)Nc1ccc2sncc2c1",204.035733876,"Fragment"
"C=CC(=O)NCc1nnc(C2CC2)s1",209.062282972,"Fragment"
"C=CC(=O)N1CC2(CCCC2)OCC1C",209.141578848,"Fragment"
"C=CC(=O)N1CCC2(CC(OCC)C2)C1",209.141578848,"Fragment"
"C=CC(=O)NC1C(C)C(OC)C12CCC2",209.141578848,"Fragment"
"C=CC(=O)N1C2CCC1CC(OCC)C2",209.141578848,"Fragment"
"C=CC(=O)NCC(C)N1CCCCC1=O",210.136827816,"Fragment"
"C=CC(=O)Nc1cccc2c1C1CCC2O1",215.094628656,"Fragment"
"C=CC(=O)NC1(c2cccc(C)c2)CCC1",215.131014164,"Fragment"
"C=CC(=O)NCCc1ccc2c(c1)COC2",217.11027872,"Fragment"
"C=CC(=O)N1CC(COc2ccccc2)C1",217.11027872,"Fragment"
"C=CC(=O)NCc1cccc2ccsc12",217.056134972,"Fragment"
"C=CC(=O)N1CCCC(c2nccn2C)C1",219.137162164,"Fragment"
"C=CC(=O)N(Cc1c(C)noc1C)C1CC1",220.121177752,"Fragment"
"C=CC(=O)N1CCCCCC1c1ncon1",221.11642672,"Fragment"
"C=CC(=O)N(c1cccc(C#N)c1)C1CCC1",226.110613068,"Fragment"
"C=CC(=O)NCc1ncnn1-c1ccccc1",228.101111004,"Fragment"
"C=CC(=O)N1CC2(CCC2)C1c1ccncc1",228.126263132,"Fragment"
"C=CC(=O)Nc1ccc2c(c1)CN(C(C)=O)C2",230.105527688,"Fragment"
"C=CC(=O)N1CCc2ccccc2C1C(N)=O",230.105527688,"Fragment"
"C=CC(=O)N1CC(C)S(=O)(=O)C(CC)C1",231.092914404,"Fragment"
"C=CC(=O)N1CCN(c2nccnc2C)CC1",232.132411132,"Fragment"
"C=CC(=O)NC1(c2ccc(F)cc2F)CCC1",237.096520476,"Fragment"
"C=CC(=O)Nc1cnc(Oc2ccccc2)nc1",241.085126592,"Fragment"
"C=CC(=O)NCc1cnc(C)n1-c1ccccc1",241.1215121,"Fragment"
"C=CC(=O)N(Cc1ccc(C#N)cc1F)C1CC1",244.101191256,"Fragment"
"C=CC(=O)NCC1(S(C)(=O)=O)CCCCC1",245.108564468,"Fragment"
"C=CC(=O)N1c2cc(OC)ccc2NC(=O)C1C",246.100442308,"Fragment"
"C=CC(=O)NCCN1C(=O)COc2ccccc21",246.100442308,"Fragment"
"C=CC(=O)NC1CCC(c2nc(CC)no2)CC1",249.147726848,"Fragment"
"C=CC(=O)N(C)CC1CCCc2sc(C)nc21",250.113984196,"Fragment"
"C=CC(=O)N1CC(CC)Oc2c(Cl)cccc21",251.071306368,"Fragment"
"C=CC(=O)N1CCOCC1c1cc(F)cc(F)c1",253.091435096,"Fragment"
"C=CC(=O)NC1CC(=O)N(Cc2ccccc2)C1C",258.136827816,"Fragment"
"C=CC(=O)Nc1ccc2c(c1)CN(CC(N)=O)CC2",259.132076784,"Fragment"
"C=CC(=O)Nc1ccc2c(c1)CCN2C(=O)COC",260.116092372,"Fragment"
"C=CC(=O)NC(c1cc(C)ccn1)C1CCOCC1",260.15247788,"Fragment"
"C=CC(=O)NC1CCCN(c2nccn(C)c2=O)C1",262.142975816,"Fragment"
"C=CC(=O)N1CCC2(CC1)CC2C(=O)N1CCCC1",262.168127944,"Fragment"
"C=CC(=O)N1CCC[C@H](OCc2ccccc2F)C1",263.132157036,"Fragment"
"C=CC(=O)NCc1cccc(-c2ccc(C#N)s2)c1",268.067034004,"Fragment"
"C=CC(=O)NC1(C)CC(F)(F)C1",175.080870412,"Fragment"
"C=CC(=O)NCC1(C)CC(F)(F)C1",189.096520476,"Fragment"
"C=CC(=O)Nc1cccc(C(=O)N(C)C2CCCCN(C)C2=O)c1",329.17394159599996,"Fragment"
"C=CC(=O)NCc1cnoc1C",166.07422756,"Fragment"
"C=CC(=O)NC1CC2C=CC1CC2",177.1153641,"Fragment"
"C=CC(=O)N1C[C@@H]2[C@H](C1)[C@H]2C(=O)O",181.073893212,"Fragment"
"C=CC(=O)N1CCC(C(=O)N2CC(C)(C)[C@H]3CCC[C@H]32)CC1",304.215078136,"Fragment"
"C=CC(=O)N1CCC(C(=O)NCc2cccc3c2OCCO3)CC1",330.157957184,"Fragment"
"C=CC(=O)N1C2CCC1CC(CC(F)F)C2",229.127820604,"Fragment"
"C=CC(=O)N1CCOC(C)(C#N)C1",180.089877624,"Fragment"
"C=CC(=O)NC1CC2(COC(C)(C)C2)C1",209.141578848,"Fragment"
"C=CC(=O)NC1CCC(=O)N(c2cnn(C)c2)C1",248.127325752,"Fragment"
"C=CC(=O)N1CCC(S(=O)(=O)c2ccccc2)C1",265.07726434,"Fragment"
"C=CC(=O)N1CCN(C(=O)OC(C)(C)C)[C@@H](C)C1",254.163042564,"Fragment"
"C=CC(=O)NCCN1CCc2c(Cl)cccc2C1=O",278.0822054,"Fragment"
"C=CC(=O)N1CCc2ccc(S(C)(=O)=O)cc2CC1",279.092914404,"Fragment"
"C=CC(=O)N1C[C@H](c2ccccc2)[C@H](C(=O)OC)C1",259.120843404,"Fragment"
"C=CC(=O)N(C)C(C)(C)CN1CCOCC1",226.168127944,"Fragment"
"C=CC(=O)N[C@H]1C[C@@H](C)CC[C@@H]1C(C)C",209.177964356,"Fragment"
"C=CC(=O)NCC(F)(F)c1ccccc1C",225.096520476,"Fragment"
"C=CC(=O)N(C)Cc1c(C)cc(C)nc1OC",234.136827816,"Fragment"
"C=CC(=O)NCC(C)(C)c1ccc(C)cn1",218.141913196,"Fragment"
"C=CC(=O)Nc1cnn(C(C)(C)C)c1C",207.137162164,"Fragment"
"C=CC(=O)NC[C@@H]1C[C@H]1C1CCOCC1",209.141578848,"Fragment"
"C=CC(=O)N[C@@H]1CC=CC[C@H]1C(F)(F)F",219.087098664,"Fragment"
"C=CC(=O)Nc1ccc(C)c(N2CCCC2)c1",230.141913196,"Fragment"
"C=CC(=O)N1CC(CC2CCOCC2)C1",209.141578848,"Fragment"
"C=CC(=O)N(C)C1CCOCC1OC",199.120843404,"Fragment"
"C=CC(=O)NC(C)(C)C(=O)N1CCCC1",210.136827816,"Fragment"
"C=CC(=O)NCC(=O)C1CC2CCC1C2",207.125928784,"Fragment"
"C=CC(=O)N1CCC(c2ccn(C)n2)CC1",219.137162164,"Fragment"
"C=CC(=O)N1CCC(Oc2ccc(C(F)(F)F)cn2)CC1",300.10856238,"Fragment"
"C=CC(=O)NCc1ccc(-c2csc(C)n2)s1",264.039105004,"Fragment"
"C=CC(=O)Nc1ccc(S(C)(=O)=O)c(Cl)c1",259.00699186,"Fragment"
"C=CC(=O)Nc1ccc(-n2ncn(C)c2=O)cc1",244.096025624,"Fragment"
"C=CC(=O)NCc1ncccc1S(C)(=O)=O",240.056863244,"Fragment"
"C=CC(=O)NCc1cc(Cl)cc(S(C)(=O)=O)c1",273.022641924,"Fragment"
"C=CC(=O)N[C@@H](C)c1ccc(Br)cc1F",271.00080429200005,"Fragment"
"C=CC(=O)Nc1ccc(C(=O)N(C)C)nc1",219.100776656,"Fragment"
"C=CC(=O)Nc1ccc(-n2nnc3ccccc32)cc1",264.101111004,"Fragment"
"C=CC(=O)Nc1ccnc(-n2cccn2)c1",214.08546094,"Fragment"
"C=CC(=O)NC(c1ccc(F)c(F)c1)c1nccn1C",277.102668476,"Fragment"
"C=CC(=O)N(C)Cc1cccc2c1OCO2",219.089543276,"Fragment"
"C=CC(=O)N1CC[C@H]2CS(=O)(=O)C[C@H]21",215.061614276,"Fragment"
"C=CC(=O)N[C@@H]1C[C@@H]2[C@H](C1)C2(C)C",179.131014164,"Fragment"
"C=CC(=O)Nc1cc2c3c(c1)CCC(=O)N3CCC2",256.121177752,"Fragment"
"C=CC(=O)N1CCn2cc(C(F)(F)F)nc2C1",245.0775966,"Fragment"
"C=CC(=O)N1CCOCC1C(=O)N(C)C",212.116092372,"Fragment"
"C=CC(=O)N1CCC(S(=O)(=O)NCc2ccccc2)CC1",308.1194635,"Fragment"
"C=CC(=O)N1CC2(CCS(=O)(=O)CC2)C1",229.07726434,"Fragment"
"C=CC(=O)N1Cc2nc(C)nc(O)c2C1",205.085126592,"Fragment"
"C=CC(=O)Nc1cc(F)c2nc(C)sc2c1",236.041962128,"Fragment"
"C=CC(=O)NC1C(=O)N(CC)c2ccc(C)cc21",244.121177752,"Fragment"
"C=CC(=O)Nc1cnn2cc(C)cnc12",202.08546094,"Fragment"
"C=CC(=O)NCC(=O)c1ccccc1F",207.06955678,"Fragment"
"C=CC(=O)N1C[C@H]2CC[C@H]2[C@H]1C(=O)O",195.089543276,"Fragment"
"C=CC(=O)N1CCO[C@@H](C)[C@@H]1C(=O)O",199.084457896,"Fragment"
"C=CC(=O)NCCC1C2CC3CC(C2)CC1C3",233.177964356,"Fragment"
"C=CC(=O)N1CCC(N2C(=O)COCC2=O)CC1",252.111006992,"Fragment"
"C=CC(=O)NC1CC2(CCC(C(=O)OC)CC2)C1",251.152143532,"Fragment"
"C=CC(=O)N1CCOCC(C(=O)OC)C1",213.10010796,"Fragment"
"C=CC(=O)N1CCC2(CC1)CC(C1CC1)=NO2",234.136827816,"Fragment"
"C=CC(=O)N1CCOC(c2c(F)cc(F)cc2OC)C1",283.10199978,"Fragment"
"C=CC(=O)Nc1cnc(C2CCCC2)nc1",217.1215121,"Fragment"
"C=CC(=O)NC(C)(C)C(=O)Nc1ccccc1",232.121177752,"Fragment"
"C=CC(=O)N(C)c1ccc2ncccc2c1",212.094963004,"Fragment"
"C=CC(=O)Nc1ccc(S(=O)(=O)N(C)C)c(C)c1",268.088163372,"Fragment"
"C=CC(=O)N1CCCC(O)C1CCc1ccccc1",259.157228912,"Fragment"
"C=CC(=O)N[C@H]1COC[C@H]1CO",171.089543276,"Fragment"
"C=CC(=O)N1CC(C)(CO)Cc2ccccc21",231.125928784,"Fragment"
"C=CC(=O)NCc1ccccc1C(=O)O",205.073893212,"Fragment"
"C=CC(=O)NC1CCS(=O)(=O)c2ccc(F)cc21",269.052192464,"Fragment"
"C=CC(=O)N1CCC(N2CC(C(=O)O)CC2=O)CC1",266.126657056,"Fragment"
"C=CC(=O)N1[C@@H](C)CCC[C@H]1C(=O)O",197.10519334,"Fragment"
"C=CC(=O)N1CCC(n2cc(C(=O)O)nn2)CC1",250.106590308,"Fragment"
"C=CC(=O)N1CCOCCC1c1ccc(F)cc1",249.116506972,"Fragment"
"C=CC(=O)NCC1(n2ccnn2)CC1",192.101111004,"Fragment"
"C=CC(=O)N(C)CC(=O)N1CCc2c(c(C(F)(F)F)n[nH]c2=O)C1",344.10962500000005,"Fragment"
"C=CC(=O)NCc1ccc(C(=O)N2CCc3noc(N)c3C2)cc1",326.137890436,"Fragment"
"C=CC(=O)NCc1ccc(C(=O)N2c3ccncc3CC2C)cc1",321.147726848,"Fragment"
"C=CC(=O)NCC(=O)N1C[C@@H]2CCCN2C[C@H]1C(C)C",279.19467704,"Fragment"
"C=CC(=O)NCC(=O)N[C@@H]1C[C@@H](C)Oc2ccccc21",274.131742436,"Fragment"
"C#CC1CN(C(=O)C2CCCN(C(=O)C=C)C2)C1",246.136827816,"Fragment"
"C=CC(=O)N1CCCc2cc(C(=O)N3C[C@H]4C[C@@]4(C(F)F)C3)ccc21",346.14928432,"Fragment"
"C=CC(=O)N(C)c1ccc(C(=O)N2CCCCC2C(C)O)cc1",316.17869262799996,"Fragment"
"C=CC(=O)N(C)c1ccc(C(=O)N(C)c2nc(C)cs2)cc1",315.104147784,"Fragment"
"C=CC(=O)N(C)c1ccc(C(=O)NC2CCc3nc(C)nn3C2)cc1",339.16952491200004,"Fragment"
"C=CC(=O)N(C)c1ccc(C(=O)N2CCC(c3cnccn3)C2)cc1",336.15862588,"Fragment"
"C=CC(=O)NCCN1C(=O)NC2(CCCC2)C1=O",251.126991404,"Fragment"
"C=CC(=O)Nc1ccc(N2CCCNS2(=O)=O)cc1",281.08341234000005,"Fragment"
"C=CC(=O)NCc1[nH]nc2c1CCCC2",205.1215121,"Fragment"
"C=CC(=O)N1CCC([C@]2(O)C[C@@H](C(=O)O)C2)CC1",253.131408088,"Fragment"
"C=CC(=O)N(C)Cc1ncc(C(F)(F)F)n1C",247.093246664,"Fragment"
"C=CC(=O)N(C1CCCC1)C(C)c1nnc2ccccn12",284.16371126,"Fragment"
"C=CC(=O)N(CC(C)O)C1CCCCC1",211.157228912,"Fragment"
"C=CC(=O)N(Cc1ccccc1)C1CCCC12CCOCC2",299.18852904000005,"Fragment"
"C=CC(=O)Nc1ccc([C@@H](C)O)cc1",191.094628656,"Fragment"
"C=CC(=O)N1CC(NC(=O)c2ccoc2CC)C(C)(C)C1",290.163042564,"Fragment"
"C=CC(=O)N[C@@H](C)c1cccc(C(F)(F)F)c1F",261.077676852,"Fragment"
"C=CC(=O)N1CC(C(=O)N2CCC(CC(C)O)CC2)C1",280.178692628,"Fragment"
"C=CC(=O)N1CC(C(=O)N[C@H](C)c2cccc(C#N)c2)C1",283.132076784,"Fragment"
"C=CC(=O)N1CC(C(=O)NCc2nc3cccnc3n2C)C1",299.13822478400004,"Fragment"
"C=CC(=O)N1CCC(C(=O)O)(n2cccn2)CC1",249.11134134,"Fragment"
"C=CC(=O)N1CC(C(=O)NC(C)C2(C)CC2)C1",236.15247788,"Fragment"
"C=CC(=O)N1CC(C(=O)NCc2cc(F)ccc2Cl)C1",296.072783588,"Fragment"
"C=CC(=O)N(Cc1coc(C)n1)c1ccc(Cl)c(F)c1",294.057133524,"Fragment"
"C=CC(=O)N1CCC(C(=O)Nc2cccc(N3CCCC3=O)c2)C1",327.15829153199996,"Fragment"
"C=CC(=O)N1CC(CC(=O)N2CCC(=O)CC2c2ccccc2)C1",326.163042564,"Fragment"
"C#CCCNC(=O)c1ccc2c(c1)CCN(C(=O)C=C)CC2",296.15247788,"Fragment"
"C=CC(=O)N[C@@H]1CCCN(C(=O)c2cc3n(n2)CC(C)NC3=O)C1",331.164439532,"Fragment"
"C=CC(=O)N(C)CC1CCCOC1",183.125928784,"Fragment"
"C=CC(=O)NCCc1ccnn1C",179.105862036,"Fragment"
"C=CC(=O)N1CCC(C)(OCC)CC1",197.141578848,"Fragment"
"C=CC(=O)N1CCCOc2ccccc21",203.094628656,"Fragment"
"C=CC(=O)Nc1ccc(-c2nccs2)cc1",230.05138394,"Fragment"
"C=CC(=O)Nc1cc(S(=O)(=O)N(C)C)ccc1Cl",288.033540956,"Fragment"
"C=CC(=O)NCc1ccc(C(=O)N2Cc3ccccc3C(C)C2)cc1",334.168127944,"Fragment"
"C=CC(=O)N1CCC(C(=O)N(C)C2CCCOC2)CC1",280.178692628,"Fragment"
"C=CC(=O)N1CCC(C(=O)NC2CCCOc3cc(F)ccc32)CC1",346.16927081600005,"Fragment"
"C=CC(=O)Nc1cc(C(F)(F)F)ccc1N1CCOCC1",300.10856238,"Fragment"
"C=CC(=O)N1CCC(C(=O)N2CCCOC(C(C)C)C2)CC1",308.209992756,"Fragment"
"C=CC(=O)N1CCC(C(=O)Nc2cccc3c2OCCC3OC)CC1",344.173607248,"Fragment"
"C=CC(=O)NCCc1nnc2n1CCCCC2",234.148061196,"Fragment"
"C=CC(=O)N1CCn2cccc2C1C",190.110613068,"Fragment"
"C=CC(=O)NCc1nncn1-c1ccccc1",228.101111004,"Fragment"
"C=CC(=O)NC1CCSc2c(F)cccc21",237.062363224,"Fragment"
"C=CC(=O)N1CSCC1C(=O)N1CCCC1",240.093248752,"Fragment"
"C=CC(=O)NC1(c2nccs2)CCCC1",222.082684068,"Fragment"
"C=CC(=O)NC1c2cccc(F)c2CCC1C",233.121592352,"Fragment"
"C=CC(=O)NCC1CCCc2cc(OC)ccc21",245.141578848,"Fragment"
"C=CC(=O)N1CCCC1c1ccc(COC)o1",235.120843404,"Fragment"
"C=CC(=O)N1CCC(C(=O)NCC2CC23CCOCC3)CC1",306.194342692,"Fragment"
"C=CC(=O)Nc1ccccc1N1CCNC(=O)C1",245.11642672,"Fragment"
"C=CC(=O)N1CCC(C(=O)Nc2cccc(-c3n[nH]c(C)n3)c2)CC1",339.16952491200004,"Fragment"
"C=CC(=O)N1CC(=O)NC(C)C1",168.089877624,"Fragment"
"C=CC(=O)N1CCN(Cc2ccccc2)CC(C)C1",258.173213324,"Fragment"
"C=CC(=O)NC(C)c1nnc(C)s1",197.062282972,"Fragment"
"C=CC(=O)NC(c1cccnc1)c1cc2ccccc2o1",278.105527688,"Fragment"
"C=CC(=O)N1CCC(Cn2nc(C)cc2C)CC1",247.168462292,"Fragment"
"C=CC(=O)NCC(C)(O)c1ccc(C)o1",209.10519334,"Fragment"
"C=CC(=O)NCCc1nc2cc(F)ccc2s1",250.057612192,"Fragment"
"C=CC(=O)N1CCC(OCc2c(C)noc2C)C1",250.131742436,"Fragment"
"C=CC(=O)N1CCN(c2ccc(C)o2)C(=O)C1",234.100442308,"Fragment"
"C=CC(=O)NC(CO)c1ccsc1",197.051049592,"Fragment"
"C=CC(=O)NCC1CN(S(C)(=O)=O)C1",218.072513308,"Fragment"
"C=CC(=O)N[C@H]1CCO[C@@H]1c1ccc(OC)nc1",248.116092372,"Fragment"
"C=CC(=O)N[C@H]1CCCC[C@H]1n1cc(C(C)(C)O)nn1",278.174275944,"Fragment"
"C=CC(=O)N1CCOCC1Cc1c[nH]c2ccccc12",270.136827816,"Fragment"
"C=CC(=O)NC1CCCC1CNS(C)(=O)=O",246.103813436,"Fragment"
"C=CC(=O)N1CCOC(c2nc(C(C)(C)C)cs2)C1",280.12454888,"Fragment"
"C=CC(=O)N1CCCCC1c1nnc(C2CCOCC2)o1",291.158291532,"Fragment"
"C=CC(=O)N1CC2(CCOCC2)C1C1CC1",221.141578848,"Fragment"
"C=CC(=O)NCc1nc(C2CC2)n[nH]1",192.101111004,"Fragment"
"C=CC(=O)NCCC(=O)N1CCC2(CC(=O)c3ccccc3O2)C1",328.14230712,"Fragment"
"C=CC(=O)Nc1ccc(-c2ccccn2)cc1",224.094963004,"Fragment"
"C=CC(=O)NCCC(=O)N1CC(C)(C)c2ccc(F)cc21",290.143056068,"Fragment"
"C=CC(=O)NCC1CCC2(CCCCC2)O1",223.157228912,"Fragment"
"C=CC(=O)N1Cc2ccc(OC)cc2C1",203.094628656,"Fragment"
"C=CC(=O)N1CCN(c2cc(C)nc3ncnn23)CC1",272.13855913199995,"Fragment"
"C=CC(=O)Nc1ccc(C(=O)N2CCOCC2)c(Cl)c1",294.07712002,"Fragment"
"C=CC(=O)N1CCN(Cc2cscn2)CC1",237.0935831,"Fragment"
"C=CC(=O)Nc1ccc2[nH]c(C3CCCO3)nc2c1",257.11642672,"Fragment"
"C=CC(=O)NCCN1CCOC(C)(C)C1",212.15247788,"Fragment"
"C=CC(=O)NC1CCOc2c(OC)cc(C)cc21",247.120843404,"Fragment"
"C=CC(=O)NC1c2ccccc2CCC1n1ccnc1",267.137162164,"Fragment"
"C=CC(=O)Nc1cccc2c1CCN(S(=O)(=O)CC)C2",294.103813436,"Fragment"
"C=CC(=O)N1CCN(C(=O)c2c(F)cccc2F)CC1",280.102334128,"Fragment"
"C=CC(=O)NCC1CCc2ccccc21",201.1153641,"Fragment"
"C=CC(=O)N1CCNC(=O)CC1C",182.105527688,"Fragment"
"C=CC(=O)N1CCC2(CCCN(Cc3ccccc3)C2)C1",284.18886338799996,"Fragment"
"C=CC(=O)N1CCN(C2CCOCC2)CC1",224.15247788,"Fragment"
"C=CC(=O)N1CCOC(c2cnn(C)c2)C1",221.11642672,"Fragment"
"C=CC(=O)NC1(c2ccc(F)c(F)c2)CC1",223.080870412,"Fragment"
"C=CC(=O)NCc1cc2c(s1)CCSC2",239.043856036,"Fragment"
"C=CC(=O)NC1CCN(C2CCCCC2)C1=O",236.15247788,"Fragment"
"C=CC(=O)N1CCSc2ccccc2C1",219.071785036,"Fragment"
"C=CC(=O)Nc1ccccc1S(=O)(=O)N1CCCCC1",294.103813436,"Fragment"
"C=CC(=O)N1CCC(C(=O)N2C(C)CCC2(C)C)CC1",278.199428072,"Fragment"
"C=CC(=O)NC1CCC(OC(C)C)CC1",211.157228912,"Fragment"
"C=CC(=O)NC1C(C)OC(C)C1C",183.125928784,"Fragment"
"C=CC(=O)N1CCC(c2noc3cc(F)ccc23)CC1",274.11175594,"Fragment"
"C=CC(=O)N1CC(=O)N(CCC(F)(F)F)C1",236.077262252,"Fragment"
"C=CC(=O)N(C)CC(=O)Nc1ccc2c(c1)nc1n2CCCCC1",326.174275944,"Fragment"
"C=CC(=O)N(C)CC(=O)N1CCC2(CCCCC2)C1",264.183778008,"Fragment"
"C=CC(=O)N(C)CC(=O)N1CCN(c2ccnc3ccccc23)CC1",338.174275944,"Fragment"
"C=CC(=O)N(C)CC(=O)N1CCCC1c1nc(C)no1",278.13789043599996,"Fragment"
"C=CC(=O)N(C)CC(=O)NC1CCc2cc(F)c(F)c(F)c21",312.10856238,"Fragment"
"C=CC(=O)N(C)CC(=O)N1CCC(c2nc3c(s2)CCCC3)CC1",347.16674804,"Fragment"
"C=CC(=O)N(C)CC(=O)N[C@H]1Cc2ccccc2[C@H]1C",272.15247788,"Fragment"
"C=CC(=O)NCc1ccc(N2CCc3ccccc3C2)nc1",293.152812228,"Fragment"
"C=CC(=O)NCc1noc2ccccc12",202.07422756,"Fragment"
"C=CC(=O)N[C@H]1CCO[C@@H]1c1nccn1-c1ccccc1",283.132076784,"Fragment"
"C=CC(=O)NC1CC(NC(=O)C2CCC2)C1",222.136827816,"Fragment"
"C=CC(=O)NCC1(c2c(F)cccc2F)CCC1",251.11217054,"Fragment"
"C=CC(=O)NCCc1cn(C)nn1",180.101111004,"Fragment"
"C=CC(=O)N(C)C[C@@H]1OCCN(C)[C@H]1c1cnn(C)c1",278.174275944,"Fragment"
"C=CC(=O)NC1CCCC1Cc1ccccn1",230.141913196,"Fragment"
"C=CC(=O)N1C[C@@H](O)C[C@H]1C(=O)OC(C)(C)C",241.131408088,"Fragment"
"C=CC(=O)N1CC(Cc2cccs2)C1",207.071785036,"Fragment"
"C=CC(=O)NCc1cc(C)n(C)n1",179.105862036,"Fragment"
"C=CC(=O)N(C)C[C@@H]1CCC(=O)N1",182.105527688,"Fragment"
"C=CC(=O)N1CCSCC1(C)C",185.0874351,"Fragment"
"C=CC(=O)Nc1ccc2ncnn2c1",188.069810876,"Fragment"
"C=CC(=O)NC(C)c1ccnc(C)n1",191.105862036,"Fragment"
"C=CC(=O)NC(C)Cc1cnccn1",191.105862036,"Fragment"
"C=CC(=O)N1CC(COC)(C2CC2)C1",195.125928784,"Fragment"
"C=CC(=O)N(C)C1CCC(=O)N(C)C1",196.121177752,"Fragment"
"C=CC(=O)NCC1CC(=O)N(CC)C1",196.121177752,"Fragment"
"C=CC(=O)Nc1ccc(C(F)F)nc1",198.060469316,"Fragment"
"C=CC(=O)NC1(c2ccncc2)CCC1",202.110613068,"Fragment"
"C=CC(=O)NC1(c2ccnc(C)n2)CC1",203.105862036,"Fragment"
"C=CC(=O)N1CCc2ccc(OC)nc21",204.089877624,"Fragment"
"C=CC(=O)NC1CCC(=O)NC12CCC2",208.121177752,"Fragment"
"C=CC(=O)N[C@H]1CCc2ncsc2C1",208.067034004,"Fragment"
"C=CC(=O)N1CCC(C2CCCO2)CC1",209.141578848,"Fragment"
"C=CC(=O)NCc1nc(C(N)=O)cs1",211.041547528,"Fragment"
"C=CC(=O)N1CCOC2(CCOC2C)C1",211.120843404,"Fragment"
"C=CC(=O)NCc1ccc2cn(C)nc2c1",215.105862036,"Fragment"
"C=CC(=O)Nc1cnc2c(F)cccc2c1",216.069891128,"Fragment"
"C=CC(=O)NC1C2Cc3cc(F)ccc3C21",217.090292224,"Fragment"
"C=CC(=O)NC1CCC(C)S(=O)(=O)C1",217.07726434,"Fragment"
"C=CC(=O)NCc1csc2ccccc12",217.056134972,"Fragment"
"C=CC(=O)NCC1CSc2ccccc21",219.071785036,"Fragment"
"C=CC(=O)N1CCOc2cccc(F)c2C1",221.085206844,"Fragment"
"C=CC(=O)NC1C2CCOC2C12CCCC2",221.141578848,"Fragment"
"C=CC(=O)NC1(C(N)=O)CCC(C)(C)CC1",224.15247788,"Fragment"
"C=CC(=O)NCCc1ccc2ccccc2n1",226.110613068,"Fragment"
"C=CC(=O)N1CC(c2ccccc2)(C(C)C)C1",229.146664228,"Fragment"
"C=CC(=O)NCC1c2ccccc2C(=O)N1C",230.105527688,"Fragment"
"C=CC(=O)N1CC(=O)N(C)c2ccccc2C1",230.105527688,"Fragment"
"C=CC(=O)Nc1cccc2c1N(C(C)=O)CC2",230.105527688,"Fragment"
"C=CC(=O)NC1CN(CC)Cc2ccccc21",230.141913196,"Fragment"
"C=CC(=O)NCc1cccnc1N1CCCC1",231.137162164,"Fragment"
"C=CC(=O)NCC1CSc2ccccc2O1",235.066699656,"Fragment"
"C=CC(=O)Nc1nc2cc(Cl)ccc2n1C",235.05123962,"Fragment"
"C=CC(=O)N1CCN(c2cccs2)C(=O)C1",236.061948624,"Fragment"
"C=CC(=O)Nc1ccc2c(cnn2C(F)F)c1",237.071368348,"Fragment"
"C=CC(=O)N[C@H]1CCCc2c(F)cc(F)cc21",237.096520476,"Fragment"
"C=CC(=O)NC(C)C1OCCc2sccc21",237.08234972,"Fragment"
"C=CC(=O)N1CCSCC1c1cnn(C)c1",237.0935831,"Fragment"
"C=CC(=O)NC1COc2cc(Cl)ccc2C1",237.055656304,"Fragment"
"C=CC(=O)Nc1cc(-c2ccccc2)cnc1C",238.110613068,"Fragment"
"C=CC(=O)NC1COc2c(F)cc(F)cc2C1",239.075785032,"Fragment"
"C=CC(=O)N1CC(C)(C)OC2(CCCOC2)C1",239.152143532,"Fragment"
"C=CC(=O)NCc1cccc2c1OC(F)(F)O2",241.055049588,"Fragment"
"C=CC(=O)NCC1OCCc2sc(F)cc21",241.057277844,"Fragment"
"C=CC(=O)Nc1cnn(-c2ccccc2)c1CC",241.1215121,"Fragment"
"C=CC(=O)Nc1ccccc1N1CC2CCC1C2",242.141913196,"Fragment"
"C=CC(=O)Nc1ccc2c(c1)C(C)CC(=O)N2C",244.121177752,"Fragment"
"C=CC(=O)Nc1cc(C)nn1-c1ccccc1F",245.096440224,"Fragment"
"C=CC(=O)N(c1cccc(C)c1)C1CCOCC1",245.141578848,"Fragment"
"C=CC(=O)N1CCC(Oc2ncc(C)cn2)CC1",247.132076784,"Fragment"
"C=CC(=O)N1CCCC(n2cc(C(=O)O)cn2)C1",249.11134134,"Fragment"
"C=CC(=O)N1CCCC(c2nc(N(C)C)no2)C1",250.142975816,"Fragment"
"C=CC(=O)N1CCOCC1c1noc(C(C)C)n1",251.126991404,"Fragment"
"C=CC(=O)N1CCC2(CC1)C(C)=Nc1ccccc12",254.141913196,"Fragment"
"C=CC(=O)NC1(c2ccc(C(F)(F)F)cc2)CC1",255.087098664,"Fragment"
"C=CC(=O)N1CCN2C(=O)CCC12c1ccccc1",256.121177752,"Fragment"
"C=CC(=O)N1C2CCC1CC(Oc1ccccc1)C2",257.141578848,"Fragment"
"C=CC(=O)NCc1nc(-c2ccccc2)c(C)s1",258.082684068,"Fragment"
"C=CC(=O)Nc1ccc2c(Cl)ccc(OC)c2n1",262.050905272,"Fragment"
"C=CC(=O)N1CCC(c2ccc(C(F)(F)F)cc2)C1",269.102748728,"Fragment"
"C=CC(=O)NC1CCN(Cc2cccc(C#N)c2)CC1",269.152812228,"Fragment"
"C=CC(=O)N1CCc2nc(-c3ccccc3)sc2C1",270.082684068,"Fragment"
"C=CC(=O)Nc1ccc2c(c1)CCC(=O)N2CC1CCC1",284.15247788,"Fragment"
"C=CC(=O)NC1(c2ccc(S(C)(=O)=O)cc2)CCOC1",295.08782902400003,"Fragment"
"C=CC(=O)Nc1cccc(C(=O)N2CCCC3(CCOC3)C2)c1",314.163042564,"Fragment"
"C=CC(=O)N1CCC(c2nccs2)C1",208.067034004,"Fragment"
"C=CC(=O)N1CCC(C(=O)N2CCC23CCC3)CC1",262.168127944,"Fragment"
"C=CC(=O)NCC1CCC2(CCC2)CO1",209.141578848,"Fragment"
"C=CC(=O)N1CCC[C@@H](O)[C@H]1C",169.11027872,"Fragment"
"C=CC(=O)N1CCSC(C(F)(F)F)C1",225.0435196,"Fragment"
"C=CC(=O)NCC1CCC(C(F)(F)F)O1",223.082013284,"Fragment"
"C=CC(=O)N[C@@H]1COCC[C@H]1OC",185.10519334,"Fragment"
"C=CC(=O)NCCC1CCC(C)(C)CO1",211.157228912,"Fragment"
"C=CC(=O)N[C@H]1CCC[C@@H](C(F)(F)F)C1",221.102748728,"Fragment"
"C=CC(=O)N1CCC(c2ccc(C#N)cc2)CC1",240.126263132,"Fragment"
"C=CC(=O)NC1CCC2SCCSC12",229.0595061,"Fragment"
"C=CC(=O)N1CCN(CC(C)C)C(=O)C1C",224.15247788,"Fragment"
"C=CC(=O)Nc1ccccc1CN1CCN(C(C)=O)CC1",287.163376912,"Fragment"
"C=CC(=O)N(C)Cc1cccc(OC)n1",206.105527688,"Fragment"
"C=CC(=O)NCc1ccc(N2CCN(C(C)=O)CC2)cc1",287.163376912,"Fragment"
"C=CC(=O)Nc1ccc(C)c(C(=O)N2CCCCC2)c1",272.15247788,"Fragment"
"C=CC(=O)N1CCN(S(C)(=O)=O)CC1(C)C",246.103813436,"Fragment"
"C=CC(=O)N1CC(=O)N(C)C(C)C1",182.105527688,"Fragment"
"C=CC(=O)NCC1CC(c2ccc(C)c(C)c2)=NO1",258.136827816,"Fragment"
"C=CC(=O)Nc1cc(OC)ccc1C1CC1",217.11027872,"Fragment"
"C=CC(=O)N[C@@H]1C[C@H]1C1CCOCC1",195.125928784,"Fragment"
"C=CC(=O)N1CCCC1c1cncc(C)c1",216.126263132,"Fragment"
"C=CC(=O)N1CCN(C)c2ncccc2C1",217.1215121,"Fragment"
"C=CC(=O)NCc1noc2c1CC(C)(C)CC2",234.136827816,"Fragment"
"C=CC(=O)N[C@@H]1CCO[C@H]1C1CC1",181.11027872,"Fragment"
"C=CC(=O)N1CCC[C@H]1COC(C)(C)C",211.157228912,"Fragment"
"C=CC(=O)NC[C@H]1C=C[C@@H]2C[C@H]1CO2",193.11027872,"Fragment"
"C=CC(=O)NC1(c2ncc(Br)cn2)CCC1",281.01637410399996,"Fragment"
"C=CC(=O)N[C@H]1C[C@H]2CC[C@@H]1N2C(=O)OC(C)(C)C",266.163042564,"Fragment"
"C=CC(=O)Nc1cnc2c(c1)c(C)nn2-c1ccccc1",278.116761068,"Fragment"
"C=CC(=O)Nc1ccc(F)c(-n2nnnc2C)c1",247.08693816,"Fragment"
"C=CC(=O)NCC(=C)c1ccccc1",187.099714036,"Fragment"
"C=CC(=O)NC[C@]1(C)CC[C@H](C)C1(C)C",209.177964356,"Fragment"
"C=CC(=O)Nc1cccc2c1OC(C)(C)C=C2",229.11027872,"Fragment"
"C=CC(=O)NC(c1cccc(C#N)c1)C(F)(F)F",254.066697568,"Fragment"
"C=CC(=O)Nc1cc(C)c(C(C)=O)c(C)c1",217.11027872,"Fragment"
"C=CC(=O)NCCC(=O)N1CCc2cc(F)cc(Cl)c2C1",310.088433652,"Fragment"
"C=CC(=O)NCC1CCCC1N1CCCS1(=O)=O",272.1194635,"Fragment"
"C=CC(=O)N1CCN(C(=O)OC(C)(C)C)CCC1C",268.178692628,"Fragment"
"C=CC(=O)NCC1CCS(=O)(=O)C1(C)C",231.092914404,"Fragment"
"C=CC(=O)NCC(=C)C1CCOCC1",195.125928784,"Fragment"
"C=CC(=O)N1CCc2c(ccnc2N(C)C)C1",231.137162164,"Fragment"
"C=CC(=O)NCC1CCOCC12CCCC2",223.157228912,"Fragment"
"C=CC(=O)NCC1(C(C)(C)C)CCCO1",211.157228912,"Fragment"
"C=CC(=O)NC1CCCC23OCCC2CC13",221.141578848,"Fragment"
"C=CC(=O)NCc1ncoc1C(F)(F)F",220.045962124,"Fragment"
"C=CC(=O)N1CCOC(c2ccc(C)s2)C1",237.08234972,"Fragment"
"C=CC(=O)N1CCOC(c2noc(-c3ccccc3)n2)C1",285.11134134,"Fragment"
"C=CC(=O)NCc1nccc(Cl)c1F",214.030918776,"Fragment"
"C=CC(=O)Nc1cccc(-c2cccnc2)n1",225.090211972,"Fragment"
"C=CC(=O)Nc1ccc(Cl)nc1OC1CC1",238.050905272,"Fragment"
"C=CC(=O)NCC1(c2ccc(F)cc2F)CC1C",251.11217054,"Fragment"
"C=CC(=O)NC1c2cc(OC)ccc2CCC1OC",261.136493468,"Fragment"
"C=CC(=O)Nc1cnc(N2CCOCC2(C)C)nc1",262.142975816,"Fragment"
"C=CC(=O)NCc1cccc(-c2ccsc2)c1",243.071785036,"Fragment"
"C=CC(=O)NC1(C2CCSCC2)CC1",211.103085164,"Fragment"
"C=CC(=O)N1CCC(S(=O)(=O)c2ccc(OC)cc2)CC1",309.10347908800003,"Fragment"
"C=CC(=O)N1CC2(C=C(C(=O)OC)CO2)C1",223.084457896,"Fragment"
"C=CC(=O)N1CCC(P(C)(C)=O)CC1",215.107515446,"Fragment"
"C=CC(=O)NCC1CCC2COCCC2C1",223.157228912,"Fragment"
"C=CC(=O)N1CC(C(=O)c2ccc(F)cc2)C1",233.085206844,"Fragment"
"C=CC(=O)Nc1ccc2occc(=O)c2c1",215.058243148,"Fragment"
"C=CC(=O)NC(C)Cc1c[nH]c2ccc(F)cc12",246.11684132,"Fragment"
"C=CC(=O)Nc1ccc(F)c(C(=O)CC)c1",221.085206844,"Fragment"
"C=CC(=O)NCc1cccc(C(C)(F)F)n1",226.091769444,"Fragment"
"C=CC(=O)NCc1nc(-c2ccccc2)oc1C",242.105527688,"Fragment"
"C=CC(=O)N1CCOc2ccc(C(C)C)cc21",231.125928784,"Fragment"
"C=CC(=O)N1CC(=O)NCC1c1ccccc1",230.105527688,"Fragment"
"C=CC(=O)NCC(O)c1c(F)cccc1F",227.075785032,"Fragment"
"C=CC(=O)Nc1ccc2c(c1)C(=O)NCCO2",232.084792244,"Fragment"
"C=CC(=O)N1CCC(=O)Nc2ccc(OC)cc21",246.100442308,"Fragment"
"C=CC(=O)N(C)c1ccccc1C(=O)NC",218.105527688,"Fragment"
"C=CC(=O)N(C)CC1(O)CCc2ccccc21",231.125928784,"Fragment"
"C=CC(=O)Nc1ccc(C#N)cc1OC(C)C",230.105527688,"Fragment"
"C=CC(=O)N1CCC(O)C12CCCCC2",209.141578848,"Fragment"
"C=CC(=O)N1CCCC(O)(CC(=O)NC)C1",226.131742436,"Fragment"
"C=CC(=O)N1C[C@H](O)C[C@H]1COC",185.10519334,"Fragment"
"C=CC(=O)NCc1cc(=O)nc(SC)[nH]1",225.057197592,"Fragment"
"C=CC(=O)N1CCC(CO)C(c2ccccc2)C1",245.141578848,"Fragment"
"C=CC(=O)N1C[C@@H](CO)[C@H](F)C1",173.085206844,"Fragment"
"C=CC(=O)N1CCC(O)(C(F)(F)C(N)=O)CC1",248.097248748,"Fragment"
"C=CC(=O)N1CC2(CCCCC2)CC1CO",223.157228912,"Fragment"
"C=CC(=O)N(C)Cc1n[nH]c(-c2ccccc2)n1",242.116761068,"Fragment"
"C=CC(=O)N1CCC(NC(C)=O)(c2noc(C)n2)C1",264.122240372,"Fragment"
"C=CC(=O)NC(C)c1nc(C)c(C(=O)O)s1",240.056863244,"Fragment"
"C=CC(=O)NCc1cc(F)c(C(=O)O)cc1F",241.055049588,"Fragment"
"C=CC(=O)N1CCC(c2nocc2C(=O)O)CC1",250.095356928,"Fragment"
"C=CC(=O)NC1(C(=O)O)CCN(c2ccccc2)CC1",274.131742436,"Fragment"
"C=CC(=O)N1CCC2(CCC(CC(=O)O)CC2)CC1",265.167793596,"Fragment"
"C=CC(=O)N1CCC(C(=O)Nc2cc(C)sn2)CC1",279.104147784,"Fragment"
"C=CC(=O)NC1(c2nccc(C(F)(F)F)n2)CC1",257.0775966,"Fragment"
"C=CC(=O)N1CCC(C(=O)N[C@H]2CCC[C@H]2CO)CC1",280.178692628,"Fragment"
"C=CC(=O)N1CCC(C(=O)N2CCCC(NC(=O)C(C)(C)C)C2)CC1",349.236541852,"Fragment"
"C=CC(=O)N1CCC(C(=O)N2Cc3ccc([N+](=O)[O-])cc3C2)CC1",329.13755608800005,"Fragment"
"C=CC(=O)N1CCC(C(=O)Nc2cc(OC)ccc2F)CC1",306.13797068800005,"Fragment"
"C=CC(=O)N1CCC(C(=O)N2CCC(Oc3ccccn3)C2)CC1",329.173941596,"Fragment"
"C=CC(=O)NCc1ccc(C(=O)N2CCc3c(O)cccc3C2)cc1",336.1473925,"Fragment"
"C=CC(=O)NCC(=O)N1CCOC(C(F)(F)F)C1C",280.10347700000005,"Fragment"
"C=CC(=O)NCC(=O)N1C[C@H]2C[C@@]2(c2ccc(C)cc2)C1",284.15247788,"Fragment"
"C=CC(=O)NCC(=O)N1CCCC1c1nc2ccccc2[nH]1",298.142975816,"Fragment"
"C=CC(=O)NCC(=O)N[C@@H]1CCOc2c(F)ccc(F)c21",296.097248748,"Fragment"
"C=CC(=O)N(C)c1ccc(C(=O)N[C@@H]2CCc3c(C#N)cccc32)cc1",345.147726848,"Fragment"
"C=CC(=O)N(C)c1ccc(S(=O)(=O)N(C)C)cc1",268.088163372,"Fragment"
"C=CC(=O)NC(CO)c1ccnn1C",195.100776656,"Fragment"
"C=CC(=O)N1CCCC(O)(Cc2nc(C(C)C)no2)C1",279.158291532,"Fragment"
"C=CC(=O)NC1CCN(C(=O)OC(C)(C)C)CC1O",270.157957184,"Fragment"
"C=CC(=O)N1CC2(CC2)Oc2cc(Br)ccc21",293.005140724,"Fragment"
"C=CC(=O)NC[C@H]1CCC[C@@H]1O",169.11027872,"Fragment"
"C=CC(=O)NC1(C(O)c2ccc(F)cc2)CCCC1",263.132157036,"Fragment"
"C=CC(=O)N(C)C(C(N)=O)c1cccc(F)c1",236.096105876,"Fragment"
"C=CC(=O)NC1(c2nc(C3CC3)cc(=O)[nH]2)CCCCC1",287.163376912,"Fragment"
"C=CC(=O)NC(c1ccc(F)c(C#N)c1)C(C)C",246.11684132,"Fragment"
"C=CC(=O)NCc1cc2ccc(Cl)cc2[nH]1",234.055990652,"Fragment"
"C=CC(=O)N1CCC(c2cccc(C(=O)O)c2)CC1",259.120843404,"Fragment"
"C=CC(=O)Nc1cccc(C(=O)N2CC(=O)NCC2C(C)C)c1",315.158291532,"Fragment"
"C=CC(=O)N(C)CC(=O)N1CC2(CCC2)c2ncccc21",285.147726848,"Fragment"
"C=CC(=O)N[C@H]1CCN(C(=O)OC(C)(C)C)[C@@H]1C",254.163042564,"Fragment"
"C=CC(=O)N1CC(C(=O)N(CC)c2cccc(C)c2C)C1",286.168127944,"Fragment"
"C=CC(=O)N1CC(C(=O)N2CCn3ncc(C)c3C2)C1",274.142975816,"Fragment"
"C=CC(=O)N(Cc1cc(C)ccc1F)c1c(F)cnn1C",291.11831854,"Fragment"
"C=CC(=O)N(Cc1cc(Br)ccc1C)[C@@H]1COC[C@H]1O",339.047005536,"Fragment"
"C=CC(=O)N(Cc1cccc(F)c1C)[C@H]1C[C@H]2CC[C@@H]1O2",289.14780709999997,"Fragment"
"C=CC(=O)N1CC(c2ccc(Br)cn2)C1",266.005475072,"Fragment"
"C=CC(=O)N1CCC(C(=O)N2CCC(c3ccccc3)CC2)C1",312.183778008,"Fragment"
"C=CC(=O)N1CC(NC(=O)c2ccc3c(c2)CC(C)O3)C(C)(C)C1",328.178692628,"Fragment"
"C=CC(=O)Nc1cccnc1",148.063662876,"Fragment"
"C=CC(=O)N1CCCSCC1",171.071785036,"Fragment"
"C=CC(=O)N1CCNC(=O)C1C",168.089877624,"Fragment"
"C=CC(=O)NC1CCCCNC1=O",182.105527688,"Fragment"
"C=CC(=O)NC1CCOC(C)(C)C1",183.125928784,"Fragment"
"C=CC(=O)N1CCCC(CCC)CC1",195.162314292,"Fragment"
"C=CC(=O)N1CC(=O)Nc2ccccc21",202.07422756,"Fragment"
"C=CC(=O)N(Cc1ccncc1)C1CC1",202.110613068,"Fragment"
"C=CC(=O)N1CCCC1c1ccccc1Cl",235.076391748,"Fragment"
"C=CC(=O)N1CCC[C@@H]1C(=O)OC(C)(C)C",225.136493468,"Fragment"
"C=CC(=O)N(C)CC1COc2ccccc2O1",233.10519334,"Fragment"
"C=CC(=O)Nc1ccc(-c2coc(C)n2)cc1",228.089877624,"Fragment"
"C=CC(=O)N1CCN(Cc2cccnc2)CC1",231.137162164,"Fragment"
"C=CC(=O)Nc1c(C)n(C)n(-c2ccccc2)c1=O",257.11642672,"Fragment"
"C=CC(=O)N1CCC(c2nc3ccccc3s2)CC1",272.098334132,"Fragment"
"C=CC(=O)N[C@@H]1C=C[C@H](CO)C1",167.094628656,"Fragment"
"C=CC(=O)N1CCC(C(=O)Nc2c(C)cccc2O)CC1",288.1473925,"Fragment"
"C=CC(=O)N1CCC(C(=O)Nc2ccc(C3CCOC3)cc2)CC1",328.178692628,"Fragment"
"C=CC(=O)N1CCC(c2nnc3ccccn23)CC1",256.132411132,"Fragment"
"C=CC(=O)N(C)Cc1ccccc1N1CCCC1",244.15756326,"Fragment"
"C=CC(=O)Nc1cccc(CN2CCSCC2)c1",262.113984196,"Fragment"
"C=CC(=O)NCCc1nc2ccc(F)cc2n1C",247.112090288,"Fragment"
"C=CC(=O)N(C)C1CCN(c2ccccc2F)C1=O",262.11175594,"Fragment"
"C=CC(=O)Nc1ccc(-c2nnc(CC)o2)cc1",243.100776656,"Fragment"
"C=CC(=O)Nc1cnn(-c2ccccc2F)c1",231.08079016,"Fragment"
"C=CC(=O)NCC1CCC(C(=O)N(C)C)O1",226.131742436,"Fragment"
"C=CC(=O)Nc1ccc(-c2ncn(C)n2)cc1",228.101111004,"Fragment"
"C=CC(=O)Nc1cc(C(=O)O)ccc1O",207.053157768,"Fragment"
"C=CC(=O)N1CCC(C(=O)N2CCCCCC2c2ccco2)CC1",330.19434269199996,"Fragment"
"C=CC(=O)NCCC(=O)N1Cc2cc(F)ccc2CC1C",290.143056068,"Fragment"
"C=CC(=O)N1CCCC(O)(C(=O)O)C1",199.084457896,"Fragment"
"C=CC(=O)NC(C)c1nc(-c2cccnc2)cs1",259.077933036,"Fragment"
"C=CC(=O)N1CCN(CC(F)(F)C(F)F)CC1",254.104225948,"Fragment"
"C=CC(=O)N1CCC(c2cnn(CC)c2)CC1",233.152812228,"Fragment"
"C=CC(=O)NCC(C)(O)c1cnn(C)c1",209.11642672,"Fragment"
"C=CC(=O)N1CC(OCc2cccc3ccccc23)C1",267.125928784,"Fragment"
"C=CC(=O)NCC1CCC(C(N)=O)CC1",210.136827816,"Fragment"
"C=CC(=O)NCC(=O)Nc1ccccn1",205.085126592,"Fragment"
"C=CC(=O)NCc1nc(-c2cccc(C#N)c2)c[nH]1",252.101111004,"Fragment"
"C=CC(=O)NC(C)C1CCCN(C2CCC2)C1",236.188863388,"Fragment"
"C=CC(=O)NCC1CCc2nc(C(F)(F)F)cn2C1",273.108896728,"Fragment"
"C=CC(=O)N1CCOC(c2nncn2CC)C1",236.127325752,"Fragment"
"C=CC(=O)NCC(C)c1nncn1C",194.116761068,"Fragment"
"C=CC(=O)N1CCOCC1c1nc(-c2cccs2)no1",291.067762276,"Fragment"
"C=CC(=O)N1C2C=C(c3ccccc3)CC1CC2",239.131014164,"Fragment"
"C=CC(=O)N[C@@H]1CCCN(S(=O)(=O)C2CC2)C1",258.103813436,"Fragment"
"C=CC(=O)NCC1(c2ncccc2C)CC1",216.126263132,"Fragment"
"C=CC(=O)NCC1CNC(=O)C1",168.089877624,"Fragment"
"C=CC(=O)NC1CSCC1C",171.071785036,"Fragment"
"C=CC(=O)NCc1ccns1",168.035733876,"Fragment"
"C=CC(=O)NC(C)C1CCC(F)(F)CC1",217.127820604,"Fragment"
"C=CC(=O)N1CCN(C(=O)c2ccccc2OC)CC1",274.131742436,"Fragment"
"C=CC(=O)NCc1cccc(C(=O)N2CCOCC2)c1",274.131742436,"Fragment"
"C=CC(=O)N1CCN(C(=O)CC(F)(F)F)CC1",250.092912316,"Fragment"
"C=CC(=O)Nc1c(C)cnn1CC1CC1",205.1215121,"Fragment"
"C=CC(=O)N1CCN(S(=O)(=O)c2csc(C)n2)CC1",301.05548334,"Fragment"
"C=CC(=O)N(C)Cc1cnc(CC)s1",210.082684068,"Fragment"
"C=CC(=O)N1CCCN(Cc2noc(C)n2)CC1",250.142975816,"Fragment"
"C=CC(=O)N1CCC(CN2CCc3ccccc32)CC1",270.173213324,"Fragment"
"C=CC(=O)NC1CCN(CC2CCCO2)CC1",238.168127944,"Fragment"
"C=CC(=O)NCC1CCc2nnc(C(C)C)n2C1",248.16371125999999,"Fragment"
"C=CC(=O)NC1C(C)CCCC1C",181.146664228,"Fragment"
"C=CC(=O)N1CC(CC(=O)N(C)C)c2cc(Cl)ccc21",292.097855464,"Fragment"
"C=CC(=O)Nc1ccn(CC(F)F)n1",201.071368348,"Fragment"
"C=CC(=O)N1CC(Cc2cccc(C)c2)C1",215.131014164,"Fragment"
"C=CC(=O)NCC1CCCC1NS(C)(=O)=O",246.103813436,"Fragment"
"C=CC(=O)N1CCc2nnc(OC)cc2C1",219.100776656,"Fragment"
"C=CC(=O)N1CCN(C(=O)C2CCCN2C)CC1",251.163376912,"Fragment"
"C=CC(=O)NC1C2CCc3ccccc3C21",213.1153641,"Fragment"
"C=CC(=O)N1CCCC(c2nc(C(F)(F)F)cs2)C1",290.070068696,"Fragment"
"C=CC(=O)N1CCCN(S(N)(=O)=O)CC1",233.08341234,"Fragment"
"C=CC(=O)N1CCC(=O)N(C)CC1",182.105527688,"Fragment"
"C=CC(=O)NC1COC(C2CC2)C1",181.11027872,"Fragment"
"C=CC(=O)N1CCC(CCC#N)CC1",192.126263132,"Fragment"
"C=CC(=O)NC(C)c1ccc2ncsc2c1",232.067034004,"Fragment"
"C=CC(=O)N1CCNC(=O)C1Cc1nc2ccccc2o1",285.11134134,"Fragment"
"C=CC(=O)N(C)Cc1conc1CC",194.105527688,"Fragment"
"C=CC(=O)NC[C@@H]1CC(=O)N(C)[C@H]1c1c(C)nn(C)c1C",290.174275944,"Fragment"
"C=CC(=O)N(C)CC(=O)N1CCSCC1c1ccccc1",304.12454888,"Fragment"
"C=CC(=O)N(C)CC(=O)N[C@H]1CCCc2cc(F)ccc21",290.143056068,"Fragment"
"C=CC(=O)N(C)CC(=O)N1CCCC1C1CCOCC1",280.178692628,"Fragment"
"C=CC(=O)N(C)CC(=O)N1CCCC(C)(c2ccccc2)CC1",314.199428072,"Fragment"
"C=CC(=O)N1CC=C(c2ccc(OC)cc2)C1",229.11027872,"Fragment"
"C=CC(=O)N1CC(C2CS(=O)(=O)C2)C1",215.061614276,"Fragment"
"C=CC(=O)N1CCC=C(c2cn(C(C)C)nn2)CC1",260.16371126,"Fragment"
"C=CC(=O)NCc1cc(=O)n2ccccc2n1",229.085126592,"Fragment"
"C=CC(=O)N1Cc2ccc(NC(=O)C(F)(F)F)cc2C1",284.077262252,"Fragment"
"C=CC(=O)N1CCCC1c1nccc(C(F)(F)F)n1",271.093246664,"Fragment"
"C=CC(=O)N1CCn2nccc21",163.074561908,"Fragment"
"C=CC(=O)N1CC(CCOC)C1",169.11027872,"Fragment"
"C=CC(=O)N1CC2CC1(C(N)=O)C2",180.089877624,"Fragment"
"C=CC(=O)N1CC2COCC2(C)C1",181.11027872,"Fragment"
"C=CC(=O)NC1CCN(C)C(=O)C1",182.105527688,"Fragment"
"C=CC(=O)Nc1cc2ccccn2n1",187.074561908,"Fragment"
"C=CC(=O)Nc1nc2ncccn2n1",189.065059844,"Fragment"
"C=CC(=O)N1CCOCC12CCOC2",197.10519334,"Fragment"
"C=CC(=O)Nc1cccc2c1COCC2",203.094628656,"Fragment"
"C=CC(=O)NCc1ncc2c(n1)CCC2",203.105862036,"Fragment"
"C=CC(=O)Nc1ccc(F)c(C2CC2)c1",205.090292224,"Fragment"
"C=CC(=O)NC1CSc2ccccc21",205.056134972,"Fragment"
"C=CC(=O)Nc1nc2ccc(F)cn2n1",206.060389064,"Fragment"
"C=CC(=O)N1CCCCc2sccc21",207.071785036,"Fragment"
"C=CC(=O)N1CCC(N2CCCC2=O)C1",208.121177752,"Fragment"
"C=CC(=O)N1CCCC2(CCCCO2)C1",209.141578848,"Fragment"
"C=CC(=O)N1CCC2(CCOCC2)CC1",209.141578848,"Fragment"
"C=CC(=O)N1CC(CN2CCOCC2)C1",210.136827816,"Fragment"
"C=CC(=O)N1CCCc2c(C#N)cccc21",212.094963004,"Fragment"
"C=CC(=O)Nc1ccc2c(=O)[nH]ccc2c1",214.07422756,"Fragment"
"C=CC(=O)NC1(c2ccccc2)CC1(C)C",215.131014164,"Fragment"
"C=CC(=O)N[C@H]1C[C@H](c2cccc(C)c2)C1",215.131014164,"Fragment"
"C=CC(=O)NC1C2C3CC4C5C3CC2C5C41",215.131014164,"Fragment"
"C=CC(=O)N1CCc2ccccc2C1(C)C",215.131014164,"Fragment"
"C=CC(=O)Nc1ccc2c(c1)NC(=O)CC2",216.089877624,"Fragment"
"C=CC(=O)N1CCC(c2cc(C)ccn2)C1",216.126263132,"Fragment"
"C=CC(=O)NCc1ccnc2c1CCCC2",216.126263132,"Fragment"
"C=CC(=O)NC(c1ccccn1)C1CCC1",216.126263132,"Fragment"
"C=CC(=O)NC[C@@H]1Cc2ccccc2CO1",217.11027872,"Fragment"
"C=CC(=O)N1Cc2ccccc2OC(C)C1",217.11027872,"Fragment"
"C=CC(=O)NC1CCc2ccccc2OC1",217.11027872,"Fragment"
"C=CC(=O)N1CC(OC)Cc2ccccc21",217.11027872,"Fragment"
"C=CC(=O)NC1Cc2cccc(OC)c2C1",217.11027872,"Fragment"
"C=CC(=O)Nc1c(OC(F)F)noc1C",218.050298556,"Fragment"
"C=CC(=O)NCc1noc(-c2ccco2)n1",219.064391148,"Fragment"
"C=CC(=O)N1CCC(F)(c2ccccc2)C1",219.105942288,"Fragment"
"C=CC(=O)NC(C)c1cc2n(n1)CCCC2",219.137162164,"Fragment"
"C=CC(=O)Nc1cnn(C(C)C)c1C1CC1",219.137162164,"Fragment"
"C=CC(=O)Nc1ccn(C2CCOCC2)n1",221.11642672,"Fragment"
"C=CC(=O)N1CC23CCCCC2(COC3)C1",221.141578848,"Fragment"
"C=CC(=O)N1CCOC(Cn2ccnn2)C1",222.111675688,"Fragment"
"C=CC(=O)N1CCN(C2CC2)C(C(N)=O)C1",223.132076784,"Fragment"
"C=CC(=O)NC1COc2cc(F)cc(F)c21",225.060134968,"Fragment"
"C=CC(=O)NC1CC(OCC)C12CCCO2",225.136493468,"Fragment"
"C=CC(=O)N1CCCN(CCOC)C(=O)C1",226.131742436,"Fragment"
"C=CC(=O)N1CCSC2(CCOCC2)C1",227.097999784,"Fragment"
"C=CC(=O)NC1Cc2ccccc2N(C)C1=O",230.105527688,"Fragment"
"C=CC(=O)NCCc1nsc2ccccc12",232.067034004,"Fragment"
"C=CC(=O)N(C)c1ccc2nc(C)sc2c1",232.067034004,"Fragment"
"C=CC(=O)Nc1ncnc2sc(C)c(C)c12",233.062282972,"Fragment"
"C=CC(=O)N1CCCCC1c1nccn1CC",233.152812228,"Fragment"
"C=CC(=O)N1CCCCC1c1ccc(F)cn1",234.11684132,"Fragment"
"C=CC(=O)NC1CCN(C(=O)CC)CC1CC",238.168127944,"Fragment"
"C=CC(=O)N1CCc2c1cccc2C(F)(F)F",241.0714486,"Fragment"
"C=CC(=O)NCc1cc(OC)nc2ccccc12",242.105527688,"Fragment"
"C=CC(=O)N1CCN(C2CC2)c2c(C)cccc21",242.141913196,"Fragment"
"C=CC(=O)N1CCS(=O)(=O)CC1C1CCC1",243.092914404,"Fragment"
"C=CC(=O)N[C@@H](C)C(=O)N1Cc2ccccc2C1",244.121177752,"Fragment"
"C=CC(=O)N1CCCc2c(OC)cc(OC)cc21",247.120843404,"Fragment"
"C=CC(=O)N1CCc2c(ccc(OC)c2OC)C1",247.120843404,"Fragment"
"C=CC(=O)N1CCCC1(C)Cc1ccccc1F",247.137242416,"Fragment"
"C=CC(=O)N1CCN(c2cccc(F)c2)C(=O)C1",248.096105876,"Fragment"
"C=CC(=O)NCCn1ccc2cc(Cl)ccc21",248.071640716,"Fragment"
"C=CC(=O)N(C)Cc1ccc2c(c1)OC(F)(F)O2",255.070699652,"Fragment"
"C=CC(=O)NC1(C(F)(F)F)CCc2ccccc21",255.087098664,"Fragment"
"C=CC(=O)Nc1c(C)nn(-c2ccccc2C)c1C",255.137162164,"Fragment"
"C=CC(=O)NC1CCCN(Cc2ccccn2)C1=O",259.132076784,"Fragment"
"C=CC(=O)N1CCC(OCc2ccccc2C)CC1",259.157228912,"Fragment"
"C=CC(=O)N1CCc2cc(OC)c(OC)cc2C1C",261.136493468,"Fragment"
"C=CC(=O)N1CCC2(CC1)CC2C(=O)N(C)C1CC1",262.168127944,"Fragment"
"C=CC(=O)NCCN1CCc2c(Cl)cccc2C1",264.102940844,"Fragment"
"C=CC(=O)NC(C)c1nc2ccccc2n1C(F)F",265.102668476,"Fragment"
"C=CC(=O)NC(C)c1nnc(-c2cccc(F)c2)s1",277.06851122399996,"Fragment"
"C=CC(=O)NCc1cccc(N2CCCS2(=O)=O)c1",280.088163372,"Fragment"
"C=CC(=O)NCc1cc(Cl)ccc1N1CCOCC1",280.097855464,"Fragment"
"C=CC(=O)NC1(CO)CCCCCCC1",211.157228912,"Fragment"
"C=CC(=O)NCC1CC2CCC(C1)S2",211.103085164,"Fragment"
"C=CCC1(O)CN(C(=O)C=C)C1",167.094628656,"Fragment"
"C=CC(=O)N1C[C@@H]2CS(=O)(=O)C[C@]2(C)C1",229.07726434,"Fragment"
"C=CC(=O)N1CCC(n2c(C)nc3cccnc32)CC1",270.148061196,"Fragment"
"C=CC(=O)N1CC(SC)C(N(C)C)C1",214.113984196,"Fragment"
"C=CC(=O)N1CC(=O)N(C)CC1C",182.105527688,"Fragment"
"C=CC(=O)N1CC(C)(C#N)C1",150.07931294,"Fragment"
"C=CC(=O)N[C@H](C)c1ccccc1SC",221.0874351,"Fragment"
"C=CC(=O)N1CCc2c(cccc2S(=O)(=O)N(C)C)C1",294.103813436,"Fragment"
"C=CC(=O)N1CCC(C#N)(COC)CC1",208.121177752,"Fragment"
"C=CC(=O)NC(C)C1(S(C)(=O)=O)CC1",217.07726434,"Fragment"
"C=CC(=O)Nc1cc(F)cc(N2C[C@@H](C)O[C@@H](C)C2)c1",278.143056068,"Fragment"
"C=CC(=O)Nc1ccccc1C(=O)N(C)C(C)C",246.136827816,"Fragment"
"C=CC(=O)NCC1CCCN(C(=O)C(F)(F)F)C1",264.10856238,"Fragment"
"C=CC(=O)NCC1CN(C2CC2)C(=O)O1",210.100442308,"Fragment"
"C=CC(=O)N1CCC(N(C)C(=O)N(C)C)C1",225.147726848,"Fragment"
"C=CC(=O)N1CCC2(C=Cc3ccccc3O2)CC1",255.125928784,"Fragment"
"C=CC(=O)N(C)[C@H](C)c1ccccc1OC",219.125928784,"Fragment"
"C=CC(=O)Nc1ccc(N2CCN(CC)CC2)c(F)c1",277.15904048,"Fragment"
"C=CC(=O)N1CCCC(c2ccccc2OC)CC1",259.157228912,"Fragment"
"C=CC(=O)N1CC(F)(F)C[C@H]1C(=O)OC",219.070699652,"Fragment"
"C=CC(=O)N1C2CCC1CC(c1cnn(C)c1)C2",245.152812228,"Fragment"
"C=CC(=O)N1CCC(C)C1c1ccccc1",215.131014164,"Fragment"
"C=CC(=O)NC1CCC(C)(N2CCC2)CC1",222.173213324,"Fragment"
"C=CC(=O)N(C)CCN1CCNC(=O)C1",211.132076784,"Fragment"
"C=CC(=O)NC1CCCc2ccccc2C1",215.131014164,"Fragment"
"C=CC(=O)Nc1cccc(OC(C)(C)C)c1",219.125928784,"Fragment"
"C=CC(=O)Nc1ccc2c(c1)N(C(=O)C1CCCC1)CC2",284.15247788,"Fragment"
"C=CC(=O)Nc1ccc2c(c1)N(CC#N)CC2",227.105862036,"Fragment"
"C=CC(=O)NC(C(=C)C)c1ccc(F)c(F)c1",237.096520476,"Fragment"
"C=CC(=O)NC(c1cc(F)ccc1F)C(F)F",247.062026788,"Fragment"
"C=CC(=O)Nc1cccc(C(=O)N(C)CC)c1",232.121177752,"Fragment"
"C=CC(=O)Nc1cnn(Cc2ccc(C#N)cc2)c1",252.101111004,"Fragment"
"C=CC(=O)NCc1ccc(N2CCNC2=O)cc1",245.11642672,"Fragment"
"C=CC(=O)Nc1ccc(=O)n(Cc2cccc(F)c2)c1",272.096105876,"Fragment"
"C=CC(=O)N(C)CC(=O)N1CC2(CCC2)[C@H]2COC[C@H]21",278.163042564,"Fragment"
"C=CC(=O)N1CC(N2CCCS2(=O)=O)C1",230.072513308,"Fragment"
"C=CC(=O)NC(C)(C)c1cccc(OC)c1",219.125928784,"Fragment"
"C=CC(=O)Nc1ccc(C(=O)N2CCC3(CCOC3=O)C2)cc1",314.126657056,"Fragment"
"C=CC(=O)NCc1ccc2c(c1)COCC2",217.11027872,"Fragment"
"C=CC(=O)N1CCC(c2c(C(=O)O)nnn2C)CC1",264.122240372,"Fragment"
"C=CC(=O)NCC(C)(C)C1=CCOCC1",209.141578848,"Fragment"
"C=CC(=O)NCc1ccc2c(c1)CCCO2",217.11027872,"Fragment"
"C=CC(=O)NCc1ccc2c(c1)C(C)C(C)O2",231.125928784,"Fragment"
"C=CC(=O)NC1C[C@H]2C[C@@H](C1=C)C2(C)C",205.146664228,"Fragment"
"C=CC(=O)N(C)Cc1nc2c(n1C)CCCC2",233.152812228,"Fragment"
"C=CC(=O)NCCC1CC(C)(C)NC1=O",210.136827816,"Fragment"
"C=CC(=O)NCC1CCC(F)(F)C(=O)N1",218.086684064,"Fragment"
"C=CC(=O)N1CC2CCCCCC2(C#N)C1",218.141913196,"Fragment"
"C=CC(=O)Nc1noc(C(C)(C)C)c1C",208.121177752,"Fragment"
"C=CC(=O)Nc1cccc2nc(C(F)F)sc12",254.032540316,"Fragment"
"C=CC(=O)Nc1ccccc1OC1COC1",219.089543276,"Fragment"
"C=CC(=O)N1CC(C(=O)O)OCC1(C)C",213.10010796,"Fragment"
"C=CC(=O)NCc1ccc(-c2ccsc2)nc1",244.067034004,"Fragment"
"C=CC(=O)NC1CCS(=O)(=O)C2(CCOCC2)C1",273.10347908800003,"Fragment"
"C=CC(=O)Nc1ccc2nc(C)c(C)nc2c1",227.105862036,"Fragment"
"C=CC(=O)Nc1cc(Cl)c2c(c1)OCO2",225.019270796,"Fragment"
"C=CC(=O)NCc1cccc(-n2nc(C)cc2C)c1",255.137162164,"Fragment"
"C=CC(=O)N(C)C(C)C1(S(C)(=O)=O)CC1",231.092914404,"Fragment"
"C=CC(=O)NCc1cccc2c1OC(C)(C)C2",231.125928784,"Fragment"
"C=CC(=O)Nc1cnc2cc(C)ccc2c1",212.094963004,"Fragment"
"C=CC(=O)Nc1ccc2[nH]c(C(N)=O)cc2c1",229.085126592,"Fragment"
"C=CC(=O)NC(C)C(O)c1ccc(C)cc1",219.125928784,"Fragment"
"C=CC(=O)N(CC)c1ccc(S(N)(=O)=O)cc1",254.072513308,"Fragment"
"C=CC(=O)NCC(=O)Nc1ccc(F)cc1",222.080455812,"Fragment"
"C=CC(=O)NCc1c[nH]nc1-c1cccc(F)c1",245.096440224,"Fragment"
"C=CC(=O)N1CC[C@H]2CC[C@H](O)[C@H]21",181.11027872,"Fragment"
"C=CC(=O)N1CC2(C)C(=O)NC(=O)C2(C)C1",222.100442308,"Fragment"
"C=CC(=O)NC1COCCC1(O)COC",215.115758024,"Fragment"
"C=CC(=O)N1Cc2cccn2[C@@H](C)C1",190.110613068,"Fragment"
"C=CC(=O)N1CCCC2(C(=O)O)CCCCC12",237.136493468,"Fragment"
"C=CC(=O)N(C)C1CC(c2cccnc2)C1",216.126263132,"Fragment"
"C=CC(=O)N(C)CC(=O)N1CC2(C1)CC(C#N)(c1ccccc1)C2",323.163376912,"Fragment"
"C=CC(=O)N(C)CC(=O)NC1CS(=O)(=O)N(C)c2ccccc21",337.109627088,"Fragment"
"C=CC(=O)Nc1cccc(C(=O)N2CC3(CCCCC3)CC2CO)c1",342.19434269199996,"Fragment"
"C=CC(=O)Nc1ccc(O)c(C(=O)N2CCOCC(CO)C2)c1",320.13722174,"Fragment"
"C=CC(=O)N1CCc2c(cccc2NS(=O)(=O)CC)C1",294.103813436,"Fragment"
"C=CC(=O)NCCC(=O)N1CCCC2(CCCCC2O)C1",294.194342692,"Fragment"
"C=CC(=O)N1CCC(C(=O)NC2CCCc3nc(C)ncc32)CC1",328.189926008,"Fragment"
"C=CC(=O)N1CCC(C(=O)N(C)Cc2ccon2)CC1",277.142641468,"Fragment"
"C=CC(=O)N1CCC(C(=O)N(C)C(C)C2(C)CC2)CC1",278.199428072,"Fragment"
"C=CC(=O)N1CCCC1C(=O)Nc1ccc(C)c(-c2ncco2)c1",325.14264146799997,"Fragment"
"C=CC(=O)N1CCCC(C(=O)Nc2ccc(C3CC3)cc2)C1",298.168127944,"Fragment"
"C=CC(=O)N1CCCC(C(=O)NC2(c3ccccn3)CC2)C1",299.163376912,"Fragment"
"C=CC(=O)N1CCCC(C(=O)NCC2CCCc3ccccc32)C1",326.199428072,"Fragment"
"C=CC(=O)NCC(=O)N1CCc2c(Cl)cc(Cl)cc2C1",312.043233048,"Fragment"
"C=CC(=O)NCC(=O)N1C[C@H](C)[C@@H](C(F)(F)F)C1",264.10856238,"Fragment"
"C=CC(=O)N1CCn2ncc(O)c2C1",193.085126592,"Fragment"
"C=CC(=O)NCC(=O)N1CCc2cc(OC)c(Cl)cc2C1",308.092770084,"Fragment"
"C=CC(=O)NCC(=O)N1CCC(F)(c2ccc(Cl)cc2)CC1",324.104083716,"Fragment"
"C=CC(=O)Nc1ccc(O)c(C(=O)N2CCc3ccncc3C2C)c1",337.142641468,"Fragment"
"C=CC(=O)N1CCCC(C(=O)N[C@H]2CCOc3ccc(O)cc32)C1",330.157957184,"Fragment"
"C=CC(=O)N(C)c1ccc(C(=O)NC2C=CCC2)cc1",270.136827816,"Fragment"
"C=CC(=O)N(C)c1ccc(C(=O)N2CC(n3cc(Cl)cn3)C2)cc1",344.1040034640001,"Fragment"
"C=CC(=O)N(C)c1ccc(C(=O)NC2COCc3ccccc32)cc1",336.1473925,"Fragment"
"C=CC(=O)NCCn1nnc2ccccc21",216.101111004,"Fragment"
"C=CC(=O)N1CCN(CCO)C(C)C1",198.136827816,"Fragment"
"C=CC(=O)Nc1cc(NC2CCN(S(C)(=O)=O)CC2)ccc1C",337.14601259600005,"Fragment"
"C=CC(=O)Nc1cc2[nH]ccc2cc1C",200.094963004,"Fragment"
"C=CC(=O)NC(C)(C)c1n[nH]c(-c2cccs2)n1",262.088832068,"Fragment"
"C=CC(=O)N1CCC[C@@H]1C(O)CC",183.125928784,"Fragment"
"C=CC(=O)NCCc1c[nH]c2c(Cl)cc(F)cc12",266.062218904,"Fragment"
"C=CC(=O)NCC1(C)CCCN1C(=O)c1cccnc1",273.147726848,"Fragment"
"C=CC(=O)NCc1coc(Cl)n1",186.019605144,"Fragment"
"C=CC(=O)N[C@@H]1C[C@H]1COC",155.094628656,"Fragment"
"C=CC(=O)N(C)c1ccc(C(=O)N2CC=C(CO)CC2)cc1",300.1473925,"Fragment"
"C=CC(=O)Nc1ccc(O)c(C(=O)N2CCCC3(CCNC3=O)C2)c1",343.153206152,"Fragment"
"C=CC(=O)N[C@@H](C)c1cccc(C(F)(F)F)c1",243.087098664,"Fragment"
"C=CC(=O)N(CC(C)C)C1CCOc2ccccc21",259.157228912,"Fragment"
"C=CC(=O)N(Cc1cccc2cccnc12)[C@@H]1CCCC[C@H]1O",310.16812794399993,"Fragment"
"C=CC(=O)NC[C@H](C)c1ccccc1",189.1153641,"Fragment"
"C=CC(=O)N1[C@@H](C(=O)OC)CC[C@H]1c1ccccc1",259.120843404,"Fragment"
"C=CC(=O)N1Cc2cc(Br)ccc2C[C@H]1C(=O)OC",323.015705408,"Fragment"
"C=CC(=O)N1CC(C(=O)N2Cc3cccc(O)c3C2)C1",272.116092372,"Fragment"
"C#C[C@H]1CC[C@H](NC(=O)C2CN(C(=O)C=C)C2)CC1",260.15247788,"Fragment"
"C=CC(=O)N1CC(C(=O)N2CC(c3nocc3C)C2)C1",275.126991404,"Fragment"
"C=CC(=O)Nc1ccccc1C(=O)NC1CCSC(C)(C)C1",318.140198944,"Fragment"
"C=CC(=O)N1CCC(C(=O)Nc2ccc3oc(C4CC4)nc3c2)C1",325.142641468,"Fragment"
"C=CC(=O)N1CCC(C(=O)N(C)C(C)c2ccc(C)cc2)C1",300.183778008,"Fragment"
"C=CC(=O)N1CCCc2c(C(=O)N3CCC[C@H]3COC)cccc21",328.178692628,"Fragment"
"C=CC(=O)N1CCCC1C(=O)N1CCC(c2nn[nH]n2)C1",290.149123816,"Fragment"
"C=CC(=O)Nc1cccc(CC(=O)N2CCCNC(=O)[C@@H]2C)c1",315.158291532,"Fragment"
"C=CC(=O)N1CC(CC(=O)Nc2ccc(Cl)cc2F)C1",296.072783588,"Fragment"
"C=CC(=O)NCC1CCCOC1",169.11027872,"Fragment"
"C=CC(=O)NCC1CCCCS1",185.0874351,"Fragment"
"C=CC(=O)NC1(C)CCOC1C",169.11027872,"Fragment"
"C=CC(=O)NCc1ccn(C)c1",164.094963004,"Fragment"
"C=CC(=O)NCc1c(C)noc1C",180.089877624,"Fragment"
"C=CC(=O)NCCc1nc(C)no1",181.085126592,"Fragment"
"C=CC(=O)N1CCSc2ccccc21",205.056134972,"Fragment"
"C=CC(=O)N(CC)C1CCS(=O)(=O)C1",217.07726434,"Fragment"
"C=CC(=O)Nc1cc(C)ccc1OC",191.094628656,"Fragment"
"C=CC(=O)NCCN1CCC(C)CC1",196.15756326,"Fragment"
"C=CC(=O)N1CCC(OC)(C(=O)O)CC1",213.10010796,"Fragment"
"C=CC(=O)Nc1cc2c(cc1Cl)OCCO2",239.03492086,"Fragment"
"C=CC(=O)N(C)CC(=O)Nc1cc(C)on1",223.095691276,"Fragment"
"C=CC(=O)Nc1ccc(N2CCCC2)cc1C",230.141913196,"Fragment"
"C=CC(=O)N1CCN(C(=O)c2ccsc2)CC1",250.077598688,"Fragment"
"C=CC(=O)N1CCC(C(=O)N2CC(Oc3ccccc3Cl)C2)CC1",348.124070212,"Fragment"
"C=CC(=O)N1CCC(C(=O)N2CCc3cccc(C)c32)CC1",298.168127944,"Fragment"
"C=CC(=O)N1CCC(C(=O)Nc2cccc3c(OC)ccnc23)CC1",339.1582915320001,"Fragment"
"C=CC(=O)Nc1ccc(C(=O)NC2COc3c(Cl)cccc32)cc1",342.07712002,"Fragment"
"C=CC(=O)Nc1cc(NC(=O)c2cnn3ccc(C)nc23)ccc1F",339.113152908,"Fragment"
"C=CC(=O)NCC1CCN(c2ccccc2)C1",230.141913196,"Fragment"
"C=CC(=O)N1CCNC(=O)CC1c1ccccc1",244.121177752,"Fragment"
"C=CC(=O)NCC1(c2cccc(Cl)c2)CCOCC1",279.10260649599996,"Fragment"
"C=CC(=O)NCCS(=O)(=O)N1CCc2ccccc21",280.088163372,"Fragment"
"C=CC(=O)NCc1ccc(Cl)cc1OC",225.055656304,"Fragment"
"C=CC(=O)N1CSCC1C(=O)Nc1ccc(C)c(C)c1",290.108898816,"Fragment"
"C=CC(=O)NC1CCN(c2c(F)cccc2F)C1=O",266.086684064,"Fragment"
"C=CC(=O)NC(C)(C)c1ncc(C)s1",210.082684068,"Fragment"
"C=CC(=O)NC1CCCN(c2ccccc2Cl)C1",264.102940844,"Fragment"
"C=CC(=O)NCCc1cc2ccccc2o1",215.094628656,"Fragment"
"C=CC(=O)N1CCc2sc(-c3csc(C)n3)cc2C1",290.054755068,"Fragment"
"C=CC(=O)Nc1ccc(-n2ncc3ccccc32)cc1",263.105862036,"Fragment"
"C=CC(=O)N1CCC(C(=O)N2CCC(n3cncn3)C2)CC1",303.16952491200004,"Fragment"
"C=CC(=O)N1CCC(C(=O)N2CCc3ncsc3C2)CC1",305.119797848,"Fragment"
"C=CC(=O)NCCC(=O)N1CC2CCC(C1)O2",238.131742436,"Fragment"
"C=CC(=O)NCCC(=O)N1C2CCCC1CCC2",250.168127944,"Fragment"
"C=CC(=O)NCCC(=O)N1CC2CCCN2c2ccccc21",299.163376912,"Fragment"
"C=CC(=O)NCCC(=O)N1CCN(C(=O)N2CCCCC2)CC1",322.20049069199996,"Fragment"
"C=CC(=O)NCC1CCCSC1",185.0874351,"Fragment"
"C=CC(=O)N1CCC(C(=O)N2CCc3sccc3C2C)CC1",318.140198944,"Fragment"
"C=CC(=O)N1CCN(c2ncnc3c2cnn3C)CC1",272.13855913199995,"Fragment"
"C=CC(=O)N1CCN(c2nnnn2-c2ccccc2)CC1",284.13855913199995,"Fragment"
"C=CC(=O)NCc1ccc(-c2ccccc2F)o1",245.085206844,"Fragment"
"C=CC(=O)NCc1nnc(-c2ccc(Cl)cc2)o1",263.04615424,"Fragment"
"C=CC(=O)NC(C)c1ccc2c(c1)OC(CC)C(=O)N2",274.131742436,"Fragment"
"C=CC(=O)N1CC2CCCCC21c1ccccc1",241.146664228,"Fragment"
"C=CC(=O)NC(C)C1=CCN(C)CC1",194.141913196,"Fragment"
"C=CC(=O)NC(c1ccc(F)cc1)c1cnn(C)c1",259.112090288,"Fragment"
"C=CC(=O)NCc1cccc(N2CCOCC2)n1",247.132076784,"Fragment"
"C=CC(=O)N[C@@H]1CCC(=O)N[C@H]1C(C)(C)C",224.15247788,"Fragment"
"C=CC(=O)N1CCn2c(C3CCCC3)nnc2C1C",260.16371126,"Fragment"
"C=CC(=O)N1CCN(c2snc(C)c2C#N)CC1",262.088832068,"Fragment"
"C=CC(=O)N[C@H]1C[C@H](C)S(=O)(=O)c2sccc21",271.033685276,"Fragment"
"C=CC(=O)Nc1ccc(C(=O)NC2CCN(S(C)(=O)=O)C2)cc1",337.10962708799997,"Fragment"
"C=CC(=O)NCC1CCN(C(C)(C)C)C1",210.173213324,"Fragment"
"C=CC(=O)N1CCN(S(=O)(=O)c2ccc3c(c2)CCC3)CC1",320.1194635,"Fragment"
"C=CC(=O)NCC1COc2ccccc2C1",217.11027872,"Fragment"
"C=CC(=O)Nc1ccc(OC)c(N2CCCC2=O)c1",260.116092372,"Fragment"
"C=CC(=O)N1CC(C)(C)C1c1ccccc1",215.131014164,"Fragment"
"C=CC(=O)N(C)C1Cc2ccccc2C1",201.1153641,"Fragment"
"C=CC(=O)N1CCN(CCc2cccs2)CC1",250.113984196,"Fragment"
"C=CC(=O)N1CCN(C(=O)c2cc(C)oc2C)CC1",262.131742436,"Fragment"
"C=CC(=O)N1CCC(n2cccc2)CC1",204.126263132,"Fragment"
"C=CC(=O)NCC1(c2cccs2)CCCC1",235.103085164,"Fragment"
"C=CC(=O)Nc1cccc(C(=O)N2CCSCC2)c1C",290.108898816,"Fragment"
"C=CC(=O)N(CC)Cc1cccc2c1OCCO2",247.120843404,"Fragment"
"C=CC(=O)NC(C)c1ccc2c(c1)CC(=O)N2C",244.121177752,"Fragment"
"C=CC(=O)N(C)C1CCN(c2cc(C)nc(C(C)C)n2)CC1",302.210661452,"Fragment"
"C=CC(=O)N[C@@H](C)C(=O)N1CCCCC1",210.136827816,"Fragment"
"C=CC(=O)N1CCN(C(c2ccccc2)C(F)(F)F)CC1",298.129297824,"Fragment"
"C=CC(=O)NCc1cc2c([nH]c1=O)CCC2",218.105527688,"Fragment"
"C=CC(=O)N1CC(c2ccc(F)cc2)CC1C",233.121592352,"Fragment"
"C=CC(=O)N(C)C1CCCCC1S(C)(=O)=O",245.108564468,"Fragment"
"C=CC(=O)N1CCCC(N(C)S(C)(=O)=O)C1",246.103813436,"Fragment"
"C=CC(=O)N1CCC(c2nc(-c3ccccc3)c(C)o2)CC1",296.15247788,"Fragment"
"C=CC(=O)NC1CC(=O)N(C2CC2C)C1",208.121177752,"Fragment"
"C=CC(=O)N1CCN(c2cnn(C)c2)CC1",220.132411132,"Fragment"
"C=CC(=O)Nc1ccc2c(c1)N(C)CCO2",218.105527688,"Fragment"
"C=CC(=O)NCc1ccnc(N2CCOC(C)C2)c1",261.147726848,"Fragment"
"C=CC(=O)N(C)Cc1nc2c(s1)CCCC2",236.098334132,"Fragment"
"C=CC(=O)NCC1SCCc2ccccc21",233.0874351,"Fragment"
"C=CC(=O)NC1CCN(c2ncccc2F)C1",235.112090288,"Fragment"
"C=CC(=O)NCc1ccc2c(c1)CCS2(=O)=O",251.061614276,"Fragment"
"C=CC(=O)Nc1ccnn1CC1CC1",191.105862036,"Fragment"
"C=CC(=O)N1CCCN(c2cncc(F)c2)CC1",249.127740352,"Fragment"
"C=CC(=O)NC1CCOC2(CCSCC2)C1",241.113649848,"Fragment"
"C=CC(=O)Nc1cc(S(=O)(=O)N2CCCCCC2)ccc1OC",338.13002818399997,"Fragment"
"C=CC(=O)N1CCC(C(=O)Nc2cc(-c3cccs3)n[nH]2)CC1",330.1150468160001,"Fragment"
"C=CC(=O)N1CCC(C(=O)N2CCc3cc(OC)ccc3C2)CC1",328.178692628,"Fragment"
"C=CC(=O)N1C2CO[C@H]3[C@@H]2OC[C@H]31",181.073893212,"Fragment"
"C=CC(=O)NC12CC(C(F)(F)F)(C1)C2",205.0714486,"Fragment"
"C=CC(=O)NCC1(CO)CC2(CCC2)C1",209.141578848,"Fragment"
"C=CC(=O)NC1CCc2sccc2NC1=O",236.061948624,"Fragment"
"C=CC(=O)N1CC(S(=O)(=O)c2ccccc2F)C1",269.052192464,"Fragment"
"C=CC(=O)N(C)CC(=O)N(C)C1CCCc2ccccc21",286.168127944,"Fragment"
"C=CC(=O)N(C)CC(=O)N1CCc2cc(C)c([N+](=O)[O-])cc21",303.121906024,"Fragment"
"C=CC(=O)N(C)CC(=O)Nc1cc2c([nH]c1=O)CCCC2",289.142641468,"Fragment"
"C=CC(=O)NCc1cnc(-c2ccccc2)s1",244.067034004,"Fragment"
"C=CC(=O)NCCc1cn2cccc(C)c2n1",229.1215121,"Fragment"
"C=CC(=O)N1CCC[C@H]2O[C@@H](c3ccccc3)C[C@H]21",257.141578848,"Fragment"
"C=CC(=O)NC1Cc2ccccc2N(C(=O)C(F)(F)F)C1",298.092912316,"Fragment"
"C=CC(=O)NCCN1CC2CCCCN2C1=O",237.147726848,"Fragment"
"C=CC(=O)N1CC2CC1(c1nc(C)no1)C2",219.100776656,"Fragment"
"C=CC(=O)NCC1CN(c2ccc(Cl)cc2)CCO1",280.097855464,"Fragment"
"C=CC(=O)NCc1ccnc(-c2ccccc2)c1",238.110613068,"Fragment"
"C=CC(=O)N[C@H]1C[C@@H](OCC)C1",169.11027872,"Fragment"
"C=CC(=O)Nc1cc(C2CC2)no1",178.07422756,"Fragment"
"C=CC(=O)N1C[C@H](OC)[C@H](OC)C1",185.10519334,"Fragment"
"C=CC(=O)N1CCc2cc(C)ccc21",187.099714036,"Fragment"
"C=CC(=O)NCCc1cncc(C)n1",191.105862036,"Fragment"
"C=CC(=O)NCc1cnc(C2CC2)o1",192.089877624,"Fragment"
"C=CC(=O)NCCc1ncccc1F",194.085541192,"Fragment"
"C=CC(=O)N1CC(C)OC(COC)C1",199.120843404,"Fragment"
"C=CC(=O)NCc1ccc(C2CC2)cc1",201.1153641,"Fragment"
"C=CC(=O)Nc1c(C)ccn2ncnc12",202.08546094,"Fragment"
"C=CC(=O)NC1CCCc2nn(C)cc21",205.1215121,"Fragment"
"C=CC(=O)N1CCN(CC)C(=O)C1CC",210.136827816,"Fragment"
"C=CC(=O)NCC1CCOC(C(C)C)C1",211.157228912,"Fragment"
"C=CC(=O)NCC1CC12CCSCC2",211.103085164,"Fragment"
"C=CC(=O)NCc1nccc(C(F)F)n1",213.071368348,"Fragment"
"C=CC(=O)Nc1ccc2oc(C)c(C)c2c1",215.094628656,"Fragment"
"C=CC(=O)N1CCCCC1c1ccccc1",215.131014164,"Fragment"
"C=CC(=O)N(C)Cc1nc2ccccc2o1",216.089877624,"Fragment"
"C=CC(=O)Nc1cc(OC(F)F)n(C)n1",217.066282968,"Fragment"
"C=CC(=O)NC(C(F)F)C1CCCCC1",217.127820604,"Fragment"
"C=CC(=O)NCc1cc(C(F)(F)F)on1",220.045962124,"Fragment"
"C=CC(=O)N1CCC(c2csc(C)c2)C1",221.0874351,"Fragment"
"C=CC(=O)NC1(c2ccccc2Cl)CC1",221.060741684,"Fragment"
"C=CC(=O)N1CCC(C2CNC(=O)C2)CC1",222.136827816,"Fragment"
"C=CC(=O)Nc1cc(Cl)cc2c1OCC2",223.04000624,"Fragment"
"C=CC(=O)N(C)C1CCC(NC(C)=O)CC1",224.15247788,"Fragment"
"C=CC(=O)N1CCN(C(=O)CCOC)CC1",226.131742436,"Fragment"
"C=CC(=O)Nc1ccc2ccc(=O)n(C)c2c1",228.089877624,"Fragment"
"C=CC(=O)N1CCC2(C1)OCc1ccccc12",229.11027872,"Fragment"
"C=CC(=O)N1CCS(=O)(=O)C2CCCC21",229.07726434,"Fragment"
"C=CC(=O)N1CCC(C)(c2ccccc2)CC1",229.146664228,"Fragment"
"C=CC(=O)NCc1cc2cccc(OC)c2o1",231.089543276,"Fragment"
"C=CC(=O)Nc1ccc2c(c1)CCC(C)(C)O2",231.125928784,"Fragment"
"C=CC(=O)N1CC(COC)(c2ccccc2)C1",231.125928784,"Fragment"
"C=CC(=O)N1CCC(c2cccnc2OC)C1",232.121177752,"Fragment"
"C=CC(=O)NC1C2Cc3c(Cl)cccc3C21",233.060741684,"Fragment"
"C=CC(=O)N1CCN(CC(F)(F)F)C(=O)C1",236.077262252,"Fragment"
"C=CC(=O)Nc1nc(C2CCOCC2)cs1",238.077598688,"Fragment"
"C=CC(=O)NC(C)c1cn(-c2ccccc2)nn1",242.116761068,"Fragment"
"C=CC(=O)N(C)Cc1oc2c(C)cccc2c1C",243.125928784,"Fragment"
"C=CC(=O)N1Cc2ccc(OC)cc2C2(CC2)C1",243.125928784,"Fragment"
"C=CC(=O)NCc1ccc(-c2cccs2)cc1",243.071785036,"Fragment"
"C=CC(=O)N1CCC(CNS(C)(=O)=O)CC1",246.103813436,"Fragment"
"C=CC(=O)N1CCC(c2ccc(F)cc2C)CC1",247.137242416,"Fragment"
"C=CC(=O)N1CCC2(CC1)CC2CN1CCCC1",248.188863388,"Fragment"
"C=CC(=O)N1CCC(Cc2nc(CC)no2)CC1",249.147726848,"Fragment"
"C=CC(=O)N1CCC(C(=O)NC)(C(F)(F)F)C1",250.092912316,"Fragment"
"C=CC(=O)N1CCC(Oc2ncccc2F)CC1",250.11175594,"Fragment"
"C=CC(=O)N1CCC(Cc2ccc(F)c(F)c2)C1",251.11217054,"Fragment"
"C=CC(=O)N1CCS(=O)(=O)c2ccccc2C1",251.061614276,"Fragment"
"C=CC(=O)Nc1ccc(-c2cnc(C3CC3)o2)cc1",254.105527688,"Fragment"
"C=CC(=O)NCCc1ccc2c(c1)OC(F)(F)O2",255.070699652,"Fragment"
"C=CC(=O)Nc1cccc(-c2nc(C3CC3)no2)c1",255.100776656,"Fragment"
"C=CC(=O)N1C2CCC1c1cnc(C(C)C)nc1C2",257.152812228,"Fragment"
"C=CC(=O)NC(C)C(=O)N1c2ccccc2CC1C",258.136827816,"Fragment"
"C=CC(=O)N1CCCc2c(NC(C)=O)ccc(C)c21",258.136827816,"Fragment"
"C=CC(=O)N1CC(C)(C)C1c1nccn1CC1CC1",259.168462292,"Fragment"
"C=CC(=O)N1CCC(c2ncc3n2CCCC3)CC1",259.168462292,"Fragment"
"C=CC(=O)NC1CCN(Cc2ccc(F)cc2)C1=O",262.11175594,"Fragment"
"C=CC(=O)N[C@@H]1CC(=O)N(C)[C@H]1c1cnn(C)c1C",262.142975816,"Fragment"
"C=CC(=O)NC1(Cc2cccc(F)c2)CCOCC1",263.132157036,"Fragment"
"C=CC(=O)Nc1cnc(-c2ccc(Cl)s2)nc1",265.007660556,"Fragment"
"C=CC(=O)N1CCC(C)Sc2ccc(Cl)cc21",267.048462748,"Fragment"
"C=CC(=O)N1CCCN(c2cccc(Cl)c2C)CC1",278.11859090800004,"Fragment"
"C=CC(=O)N(C)C(c1ccc(Cl)cc1)C1CCOCC1",293.11825655999996,"Fragment"
"C=CC(=O)NCc1c(OC)ccc2ccccc12",241.11027872,"Fragment"
"C=CC(=O)NC1CCOC(C(C)(C)C)C1",211.157228912,"Fragment"
"C=CC(=O)Nc1cccc(C(=O)N2CCOC3CCCCC32)c1",314.163042564,"Fragment"
"C=CC(=O)Nc1cccc(C(=O)N2CC3(CCCC3)OCC2C)c1",328.178692628,"Fragment"
"C=CC(=O)N(C)CC(=O)N1CCN(c2ccc(C#N)cc2)CC1",312.15862588,"Fragment"
"C=CC(=O)NCCC1CCCS1(=O)=O",217.07726434,"Fragment"
"C=CC(=O)N(CC)CC(=O)N1CCc2c(C)cc(C)cc2C1",300.183778008,"Fragment"
"C#CC1CCCCN(C(=O)CN(C)C(=O)C=C)C1",248.15247788,"Fragment"
"C=CC(=O)N1CCC(C(=O)N2C[C@H]3CCO[C@H]3C2)CC1",278.163042564,"Fragment"
"C=CC(=O)NCC1(OC)CCCCCC1",211.157228912,"Fragment"
"C=CC(=O)N1CCC(Cc2nccs2)C1",222.082684068,"Fragment"
"C=CC(=O)N(C)CC1CCN(C(=O)Nc2ccccc2)CC1",301.179026976,"Fragment"
"C=CC(=O)Nc1ccc(Cl)c(F)c1N1CCOCC1",284.072783588,"Fragment"
"C=CC(=O)N1CCC(Oc2ccc(C#N)cc2F)CC1",274.11175594,"Fragment"
"C=CC(=O)Nc1cc(Cl)ccc1OC1CCN(C)CC1",294.113505528,"Fragment"
"C=CC(=O)N[C@H]1C[C@H]1C(F)F",161.065220348,"Fragment"
"C=CC(=O)N1CCC(c2ccc3cccnc3n2)CC1",267.137162164,"Fragment"
"C=CC(=O)N1C[C@@H]2C(=O)N(Cc3ccccc3)C(=O)[C@@H]2C1",284.116092372,"Fragment"
"C=CC(=O)Nc1cccc2c1OC(C)(C)CC2=O",245.10519334,"Fragment"
"C=CC(=O)NC(C1CCC1)C1CCCO1",209.141578848,"Fragment"
"C=CC(=O)N1CCC2CSCC2C1",197.0874351,"Fragment"
"C=CC(=O)NCCc1cnn2c1CCCC2",219.137162164,"Fragment"
"C=CC(=O)Nc1ccc2c(c1)C=CC1(CCC1)O2",241.11027872,"Fragment"
"C=CC(=O)N(Cc1nc2ccccc2s1)C1CC1",258.082684068,"Fragment"
"C=CC(=O)NCCc1nc2c(s1)CCC2",222.082684068,"Fragment"
"C=CC(=O)NCc1cc(C2CC2)nn1C",205.1215121,"Fragment"
"C=CC(=O)NCCC1OCCc2ccccc21",231.125928784,"Fragment"
"C=CC(=O)Nc1ccc2c(c1)oc(=O)n2CC1CC1",258.100442308,"Fragment"
"C=CC(=O)NC(C)C1(c2ccccc2)CCC1",229.146664228,"Fragment"
"C=CC(=O)NC1CCN(C(C)CC)CC1",210.173213324,"Fragment"
"C=CC(=O)N1CCc2cc(C#N)ccc2C1",212.094963004,"Fragment"
"C=CC(=O)NC(C)c1cc(F)c(F)c(F)c1",229.0714486,"Fragment"
"C=CC(=O)Nc1ccc(C)c(-c2nc(C)co2)c1",242.105527688,"Fragment"
"C=CC(=O)Nc1cccc2c1CCN(c1ccc(C)nn1)C2",294.148061196,"Fragment"
"C=CC(=O)NC1CCN(c2ccc(Cl)cc2Cl)C1=O",298.02758298399993,"Fragment"
"C=CC(=O)N[C@@H](c1ccc(F)cc1)C(F)(F)F",247.062026788,"Fragment"
"C=CC(=O)Nc1ccc(-n2ccccc2=O)cc1F",258.080455812,"Fragment"
"C=CC(=O)NCC(F)(F)c1cccc(F)c1",229.0714486,"Fragment"
"C=CC(=O)Nc1cccc2c1N(C)C(=O)CO2",232.084792244,"Fragment"
"C=CCn1cc2ccc(NC(=O)C=C)cc2n1",227.105862036,"Fragment"
"C=CC(=O)N1CCC2(CC1)CC(=O)CCO2",223.120843404,"Fragment"
"C=CC(=O)NCc1cccc2nsnc12",219.046632908,"Fragment"
"C=CC(=O)Nc1ccc(O)c(C(=O)N2CC(C)(C)OCC2CC)c1",332.173607248,"Fragment"
"C=CC(=O)NCc1nc2c(s1)CC(C)CC2",236.098334132,"Fragment"
"C=CC(=O)NCCC1CCOc2ccccc21",231.125928784,"Fragment"
"C=CC(=O)N[C@@H]1CCCCC[C@H]1OCC",211.157228912,"Fragment"
"C=CC(=O)NC(C)c1nc2c(s1)CCCCC2",250.113984196,"Fragment"
"C=CC(=O)N[C@H]1CCOc2ccc(C(C)C)cc21",245.141578848,"Fragment"
"C=CC(=O)N1CCN(S(C)(=O)=O)CC1C",232.088163372,"Fragment"
"C=CC(=O)NCc1nn(-c2ccccc2)nc1C",242.116761068,"Fragment"
"C=CC(=O)N1CCC(C(=O)N2CCC(Cc3ncon3)CC2)CC1",332.184840628,"Fragment"
"C=CC(=O)Nc1cnc2[nH]ccc2c1",187.074561908,"Fragment"
"C=CC(=O)Nc1ccc(-c2cccnc2)c(C)c1",238.110613068,"Fragment"
"C=CC(=O)Nc1cc(F)cc2c1OCCC2",221.085206844,"Fragment"
"C=CC(=O)N[C@@H]1C[C@H]2C[C@@H]1C[C@H]2C(=O)OC",223.120843404,"Fragment"
"C=CC(=O)Nc1cccc(-c2cnn(C)c2)c1",227.105862036,"Fragment"
"C=CC(=O)N(C)Cc1ccnc2ccccc12",226.110613068,"Fragment"
"C=CC(=O)NC(C)(C)C#Cc1ccccc1",213.1153641,"Fragment"
"C=CC(=O)Nc1ccc(Cl)c(COC)c1",225.055656304,"Fragment"
"C=CC(=O)N(C)Cc1cnc(-n2cccn2)s1",248.073182004,"Fragment"
"C=CC(=O)Nc1ccc(C(F)(F)CF)cc1",229.0714486,"Fragment"
"C=CC(=O)NCCc1cn(C)c2cccc(C)c12",242.141913196,"Fragment"
"C=CC(=O)N1CCC(O)(Cc2cccc(F)c2)C1",249.116506972,"Fragment"
"C=CC(=O)NC(C)Cc1ccc(Cl)s1",229.032812684,"Fragment"
"C=CC(=O)Nc1cc(C)cc(S(N)(=O)=O)c1",240.056863244,"Fragment"
"C=CC(=O)Nc1ccc(Cl)c(NC(=O)C2CC2)c1",264.066555336,"Fragment"
"C=CC(=O)N1CCC(O)(c2ccccc2F)C1",235.100856908,"Fragment"
"C=CC(=O)N1[C@H](CO)CCC[C@@H]1CO",199.120843404,"Fragment"
"C=CC(=O)NC(CO)c1ccc(F)cc1F",227.075785032,"Fragment"
"C=CC(=O)N1CCC2(CC1)CC(C(=O)O)CO2",239.115758024,"Fragment"
"C=CC(=O)N1CCC(CC(=O)O)C(F)(F)CC1",247.10199978,"Fragment"
"C=CC(=O)N1CC(C(=O)O)OC(C)(C)C1",213.10010796,"Fragment"
"C=CC(=O)N1CCCC(O)(C(F)(F)C(=O)O)C1",249.081264336,"Fragment"
"C=CC(=O)N1CCC(C2CCCC2C(=O)O)CC1",251.152143532,"Fragment"
"C=CC(=O)N(CC)CC(=O)N1CCc2cc(O)cc(F)c2C1",306.13797068800005,"Fragment"
"C=CC(=O)Nc1ccc2c(c1)N(S(=O)(=O)CC)CCC2",294.103813436,"Fragment"
"C=CC(=O)N1CCC(C(=O)NC2CCc3ncnn3C2)CC1",303.16952491200004,"Fragment"
"C=CC(=O)N1CCC(C(=O)N2CCCCC2CNC(N)=O)CC1",322.20049069199996,"Fragment"
"C=CC(=O)N1CCC(C(=O)Nc2ccc(N3CCCC3)c(F)c2)CC1",345.18525522799996,"Fragment"
"C=CC(=O)N1CCC(C(=O)N2CCC(NC(=O)NC)CC2)CC1",322.20049069199996,"Fragment"
"C=CC(=O)NC1(C)CN(C(=O)COC)C1",212.116092372,"Fragment"
"C=CC(=O)NC1CC(NC(=O)c2cccc(C)n2)C1",259.132076784,"Fragment"
"C=CC(=O)N1CCCC1C(=O)N(C)Cc1cc(C)ccc1F",304.158706132,"Fragment"
"C=CC(=O)N1CCCC(C(=O)NCc2cccs2)C1",278.108898816,"Fragment"
"C=CC(=O)N1CCCC(C(=O)NC(C)(C)c2cccc(F)c2)C1",318.174356196,"Fragment"
"C=CC(=O)Nc1ccc(C(=O)NC2CC(=O)N(C)C2=O)cc1",301.10625596,"Fragment"
"C=CC(=O)N1CCCc2cc(C(=O)N3CCOCC3CO)ccc21",330.157957184,"Fragment"
"C=CC(=O)N(C)c1ccc(C(=O)Nc2cc(C)cc(O)c2)cc1",310.131742436,"Fragment"
"C=CC(=O)N(C)c1ccc(C(=O)NC2CCOC3(CCCC3)C2)cc1",342.194342692,"Fragment"
"C=CC(=O)NC[C@@H](O)c1ccc(C)cc1",205.11027872,"Fragment"
"C=CC(=O)Nc1ccc(C2(OC)CCOCC2)nc1",262.131742436,"Fragment"
"C=CC(=O)Nc1ccc2cc[nH]c2c1",186.07931294,"Fragment"
"C=CC(=O)N1CC[C@@H](O)[C@H]1c1ccc(Cl)cc1",251.071306368,"Fragment"
"C=CC(=O)NCc1ccsc1S(N)(=O)=O",246.01328418,"Fragment"
"C=CC(=O)NC1(CC(=O)N(C)C)COC1",212.116092372,"Fragment"
"C=CC(=O)N[C@H]1CC[C@H](N2CCCS2(=O)=O)CC1",272.1194635,"Fragment"
"C=CC(=O)NCC(F)(F)c1[nH]nc2c1CCCC2",255.11831854,"Fragment"
"C=CC(=O)NC1CCN(Cc2ccnn2C)CC1",248.16371125999999,"Fragment"
"C=CC(=O)NC1CCN(c2cc(Cl)nc(Cl)n2)C1",286.038816364,"Fragment"
"C=CC(=O)N(Cc1c2c(nn1C)CCOC2)c1ccc(C)cc1",311.163376912,"Fragment"
"C=CC(=O)N[C@H](CF)c1ccccc1",193.090292224,"Fragment"
"C=CC(=O)N1CC(C(=O)NCc2nc(C)n3ccccc23)C1",298.142975816,"Fragment"
"C=CC(=O)N1CC(C(=O)NC2CCc3cnn(C)c3C2)C1",288.15862588,"Fragment"
"C=CC(=O)N1CC(C(=O)N2CCC3(CCCCCO3)C2)C1",292.178692628,"Fragment"
"C=CC(=O)N1CCCC1c1cccc(C(=O)O)c1",245.10519334,"Fragment"
"C=CC(=O)N(Cc1c(F)cc(C)cc1F)c1cnn(C)c1",291.11831854,"Fragment"
"C=CC(=O)N1CC(CC(=O)Nc2ccsc2)C1",250.077598688,"Fragment"
"C=CC(=O)N1CC(CC(=O)N2CCc3ccccc32)C1",270.136827816,"Fragment"
"C=CC(=O)N1CC(C(=O)Nc2cnn(-c3ccccc3Cl)c2)C1",330.0883534,"Fragment"
"C=CC(=O)Nc1ccccc1C(=O)Nc1nn(C)cc1Cl",304.072703336,"Fragment"
"C=CC(=O)N1CCCc2c(C(=O)N(C)Cc3nccs3)cccc21",341.119797848,"Fragment"
"C=CC(=O)NCc1ccccc1C(=O)N1CCc2cc[nH]c(=O)c2C1",337.142641468,"Fragment"
"C=CC(=O)N[C@@H]1CCCN(C(=O)c2cnn(C3CCCC3)c2C)C1",330.205576072,"Fragment"
"C=CC(=O)NC1CCSC1C",171.071785036,"Fragment"
"C=CC(=O)Nc1ccccc1Cl",181.029441556,"Fragment"
"C=CC(=O)NCCn1cccn1",165.090211972,"Fragment"
"C=CC(=O)NCc1scnc1C",182.05138394,"Fragment"
"C=CC(=O)NC1CC2CCC1O2",167.094628656,"Fragment"
"C=CC(=O)Nc1ccnn1C(C)C",179.105862036,"Fragment"
"C=CC(=O)NC1CCC(=O)N(C)C1",182.105527688,"Fragment"
"C=CC(=O)N1CCC(C)C(OC)C1",183.125928784,"Fragment"
"C=CC(=O)N1CCSC(C(C)C)C1",199.103085164,"Fragment"
"C=CC(=O)NC1(C)CCC(C)CC1",181.146664228,"Fragment"
"C=CC(=O)NC1CC2CCC1CC2",179.131014164,"Fragment"
"C=CC(=O)NC(=O)Nc1ccccc1",190.07422756,"Fragment"
"C=CC(=O)N(C)CCc1ccccc1",189.1153641,"Fragment"
"C=CC(=O)N1C2CCC1C(C(=O)O)C2",195.089543276,"Fragment"
"C=CC(=O)N1CCSCC1S(C)(=O)=O",235.033685276,"Fragment"
"C=CC(=O)NCc1ccc(C(=O)O)o1",195.053157768,"Fragment"
"C=CC(=O)Nc1ccc(CC(=O)O)cc1",205.073893212,"Fragment"
"C=CC(=O)Nc1ccc(C(N)=O)cc1C",204.089877624,"Fragment"
"C=CC(=O)N1CCC(C)C2CCCCC21",207.162314292,"Fragment"
"C=CC(=O)Nc1cccc(NC(C)=O)n1",205.085126592,"Fragment"
"C=CC(=O)Nc1nc(OC)cc(OC)n1",209.080041212,"Fragment"
"C=CC(=O)NC1CCCCC12CCCC2",207.162314292,"Fragment"
"C=CC(=O)Nc1ccc(OC)cc1[N+](=O)[O-]",222.0640568,"Fragment"
"C=CC(=O)Nc1ccc(-n2nccn2)cc1",214.08546094,"Fragment"
"C=CC(=O)N1CCN(C(=O)C2CCCO2)CC1",238.131742436,"Fragment"
"C=CC(=O)Nc1cccc(Cl)c1-n1cncn1",248.046488588,"Fragment"
"C=CC(=O)N1CCC(NC(=O)CC2CCCCC2)CC1",278.199428072,"Fragment"
"C=CC(=O)Nc1cc(S(=O)(=O)N2CCOCC2)ccc1O",312.07799261199995,"Fragment"
"C=CC(=O)N1CCC(C(=O)Nc2cccc(N(C)C)n2)CC1",302.174275944,"Fragment"
"C=CC(=O)NC1CCN(C(=O)c2ccoc2)CC1",248.116092372,"Fragment"
"C=CC(=O)N1CCCC1Cc1cccc(F)c1",233.121592352,"Fragment"
"C=CC(=O)N1CCCCC(SCC)C1",213.118735228,"Fragment"
"C=CC(=O)N1CCCC1c1nc2ccccc2n1C",255.137162164,"Fragment"
"C=CC(=O)NCCN1C(=O)CNC1=O",197.080041212,"Fragment"
"C=CC(=O)N1CCCC(c2nc3ccccc3n2C(C)C)C1",297.184112356,"Fragment"
"C=CC(=O)NC(c1ncc(C)s1)C1CC1",222.082684068,"Fragment"
"C=CC(=O)N1CCN(Cc2ccc(Cl)cc2)C(=O)C1",278.0822054,"Fragment"
"C=CC(=O)NC1CC(OCC)C12CCCCC2",237.172878976,"Fragment"
"C=CC(=O)N1CCN(c2ncnc3ccsc23)CC1",274.088832068,"Fragment"
"C=CC(=O)NCc1cc(=O)[nH]c2ccccc12",228.089877624,"Fragment"
"C=CC(=O)NCc1cc(Cl)cc2c1OCC2",237.055656304,"Fragment"
"C=CC(=O)N1CCC(C(=O)N2CCCC(c3cnn(C)c3)C2)CC1",330.205576072,"Fragment"
"C=CC(=O)N1CCC(C(=O)Nc2cc(C(F)(F)F)c[nH]c2=O)CC1",343.114376032,"Fragment"
"C=CC(=O)N1CCC(C(=O)Nc2cnn(C3CCCC3)c2C)CC1",330.205576072,"Fragment"
"C=CC(=O)NCCC(=O)N1CCc2cc(F)c(F)cc21",280.102334128,"Fragment"
"C=CC(=O)NC1CS(=O)(=O)C1",175.030314148,"Fragment"
"C=CC(=O)NCc1ccccc1S(=O)(=O)N1CCOCC1",310.09872805599997,"Fragment"
"C=CC(=O)N1CCCOC(c2ccccc2)C1",231.125928784,"Fragment"
"C=CC(=O)N1CCN(CC(O)c2ccco2)CC1",250.131742436,"Fragment"
"C=CC(=O)N1CCC(c2ccco2)C1",191.094628656,"Fragment"
"C=CC(=O)N1CCC(C)C(n2ccnc2)C1",219.137162164,"Fragment"
"C=CC(=O)NC1(c2ccc(F)cn2)CC1",206.085541192,"Fragment"
"C=CC(=O)NCCC1Cc2ccccc2C1",215.131014164,"Fragment"
"C=CC(=O)NCC(=O)c1cccc2c1OCCO2",247.084457896,"Fragment"
"C=CC(=O)N1CC(S(=O)(=O)NC2CCCC2)C1",258.103813436,"Fragment"
"C=CC(=O)N1CCOC(c2ccnc(N(C)C)n2)C1",262.142975816,"Fragment"
"C=CC(=O)N1C[C@H](OC)C[C@H]1c1nc(C2CC2)n[nH]1",262.142975816,"Fragment"
"C=CC(=O)N1C[C@H](F)C[C@H]1C(=O)N1CCOCC1",256.122320624,"Fragment"
"C=CC(=O)N1CCCN2c3ccccc3CC2C1",242.141913196,"Fragment"
"C=CC(=O)N1CCCNC(=O)C1CC(C)C",224.15247788,"Fragment"
"C=CC(=O)NCc1ccc(C(=O)N2CCCC3(CCSC3)C2)cc1",344.155849008,"Fragment"
"C=CC(=O)N1CCC(C(=O)NC2(C)CC=CC2)CC1",262.168127944,"Fragment"
"C=CC(=O)NCC1CCC(F)(F)CC1",203.11217054,"Fragment"
"C=CC(=O)NC1CS(=O)(=O)CC1OC",219.056528896,"Fragment"
"C=CC(=O)N1CCN(S(=O)(=O)c2ccc3c(c2)OCCO3)CC1",338.09364267599994,"Fragment"
"C=CC(=O)N1CCN(Cc2ccc3c(c2)CCO3)CC1",272.15247788,"Fragment"
"C=CC(=O)N1CCN(S(=O)(=O)N(CC)CC)CC1",275.130362532,"Fragment"
"C=CC(=O)N1CCN(C(=O)c2ccc(OC)c(OC)c2)CC1",304.14230712,"Fragment"
"C=CC(=O)NCC(C)N1CCc2sccc2C1",250.113984196,"Fragment"
"C=CC(=O)NC(C)Cn1cncn1",180.101111004,"Fragment"
"C=CC(=O)N1CCC(CN2C(=O)c3ccccc3C2=O)CC1",298.131742436,"Fragment"
"C=CC(=O)NC(C(=O)N1CCOCC1)c1ccccc1",274.131742436,"Fragment"
"C=CC(=O)NCC1(N2CCOCC2)CCSC1",256.12454888,"Fragment"
"C=CC(=O)N1CCN(C(=O)c2cnccn2)CC1",246.111675688,"Fragment"
"C=CC(=O)N1CCCN(c2nc3ccccc3[nH]2)CC1",270.148061196,"Fragment"
"C=CC(=O)Nc1cccc(-c2noc(C3CCCO3)n2)c1",285.11134134,"Fragment"
"C#CCN(CC1CCCO1)C(=O)C=C",193.11027872,"Fragment"
"C=CC(=O)N1CCCc2sccc2C1",207.071785036,"Fragment"
"C=CC(=O)N1CCN(CC(=O)N2CCOc3ccccc32)CC1",315.158291532,"Fragment"
"C=CC(=O)N1CCN(Cc2ncon2)CC1",222.111675688,"Fragment"
"C=CC(=O)NC1c2ccccc2CCC1N(C)C",244.15756326,"Fragment"
"C=CC(=O)Nc1ccc(N2CCCC(C(N)=O)C2)nc1",274.142975816,"Fragment"
"C=CC(=O)N1CCSc2c1c(C)nn2C",223.077933036,"Fragment"
"C=CC(=O)NC1CC(=O)N(c2cccc(C(F)(F)F)c2)C1",298.092912316,"Fragment"
"C=CC(=O)N1CCN(CCc2ccc(F)cc2)CC1",262.148141448,"Fragment"
"C=CC(=O)NCc1c(F)cccc1S(=O)(=O)N(C)C",286.07874156,"Fragment"
"C=CC(=O)NC1c2cc(F)ccc2CC1C",219.105942288,"Fragment"
"C=CC(=O)N1CC[C@@H](NC(=O)OC(C)(C)C)C1",240.1473925,"Fragment"
"C=CC(=O)NCCC1COc2ccccc2O1",233.10519334,"Fragment"
"C=CC(=O)N1CCc2cc(OC)c(OC)c(OC)c2CC1",291.147058152,"Fragment"
"C=CC(=O)Nc1ccc(S(=O)(=O)N2CCCC(C)C2)cc1",308.1194635,"Fragment"
"C=CC(=O)N(c1cccc2cccnc12)C1CCC1",252.126263132,"Fragment"
"C=CC(=O)N(C1CC1)C1CCCOc2c(C)cccc21",271.157228912,"Fragment"
"C=CC(=O)N1CCN(c2ccc(C(N)=O)cn2)CC1",260.127325752,"Fragment"
"C=CC(=O)NCc1nc2ccccc2n1C1CC1",241.1215121,"Fragment"
"C=CC(=O)N1CCN(c2ncnc3sc(C)cc23)CC1",288.104482132,"Fragment"
"C=CC(=O)NCc1ccc(C(=O)N2C3CCC2CC(C)C3)cc1",312.183778008,"Fragment"
"C=CC(=O)N1CC2(CCCO2)C1",167.094628656,"Fragment"
"C=CC(=O)NC1CCCCCN(Cc2ccccc2)C1",272.188863388,"Fragment"
"C=CC(=O)N(CC(C)C)C1CCCc2cccnc21",258.173213324,"Fragment"
"C=CC(=O)N1CCOc2ncccc2C1",204.089877624,"Fragment"
"C=CC(=O)N(C)CC(=O)N1CCN(C(=O)C(C)(C)C)CC1",295.18959166,"Fragment"
"C=CC(=O)N(C)CC(=O)N1CCCC(C(C)C)CC1",266.199428072,"Fragment"
"C=CC(=O)N(C)CC(=O)N1CCNC(=O)C1c1ccc(F)cc1C",333.14886972,"Fragment"
"C=CC(=O)NCc1nc2cc(F)ccc2o1",220.064805748,"Fragment"
"C=CC(=O)N1CCC(NC(C)=O)(c2nc(C)cs2)C1",279.104147784,"Fragment"
"C=CC(=O)NC12CC1COC2(C)C",181.11027872,"Fragment"
"C=CC(=O)NC(C)c1ccns1",182.05138394,"Fragment"
"C=CC(=O)NC1CC2(C1)CC2(F)F",187.080870412,"Fragment"
"C=CC(=O)NCc1c(C)nnn1CC",194.116761068,"Fragment"
"C=CC(=O)N1CC(C2CCOCC2)C1",195.125928784,"Fragment"
"C=CC(=O)N1CCC(C)CC1C(N)=O",196.121177752,"Fragment"
"C=CC(=O)NC1CCCC1C(=O)NC",196.121177752,"Fragment"
"C=CC(=O)NC(CC)C1CCCCO1",197.141578848,"Fragment"
"C=CC(=O)NC(C)C1Cc2ccccc21",201.1153641,"Fragment"
"C=CC(=O)N1CCCC1c1ccncn1",203.105862036,"Fragment"
"C=CC(=O)N1CC(Cc2cnn(C)c2)C1",205.1215121,"Fragment"
"C=CC(=O)N1CCC(c2ncco2)CC1",206.105527688,"Fragment"
"C=CC(=O)NC1CCc2nnnn2CC1",207.112010036,"Fragment"
"C=CC(=O)NC1CCCC2CCCCC21",207.162314292,"Fragment"
"C=CC(=O)N1CCCC2(CC2C(=O)O)C1",209.10519334,"Fragment"
"C=CC(=O)NCC1(C)CCOC1C1CC1",209.141578848,"Fragment"
"C=CC(=O)NCC(C)(C)C1CCCCC1",209.177964356,"Fragment"
"C=CC(=O)NC1CCCOC1CC(C)C",211.157228912,"Fragment"
"C=CC(=O)N(C)c1ncnc2ccccc12",213.090211972,"Fragment"
"C=CC(=O)N1CCSC(CC)(CC)C1",213.118735228,"Fragment"
"C=CC(=O)N1CCS(=O)(=O)CC(C)C1",217.07726434,"Fragment"
"C=CC(=O)N1CCC(Cn2cncn2)CC1",220.132411132,"Fragment"
"C=CC(=O)N1CCOc2c(F)cccc2C1",221.085206844,"Fragment"
"C=CC(=O)N1CCCC2(CCCCC2)CC1",221.177964356,"Fragment"
"C=CC(=O)NCCc1ccnc2ccccc12",226.110613068,"Fragment"
"C=CC(=O)NCc1c(C)c2ccccc2n1C",228.126263132,"Fragment"
"C=CC(=O)N1CCc2nc(C3CC3)ncc2C1",229.1215121,"Fragment"
"C=CC(=O)N1CC(C)(C)CC1c1ccccc1",229.146664228,"Fragment"
"C=CC(=O)NCc1ccnc(C(F)(F)F)c1",230.066697568,"Fragment"
"C=CC(=O)N1CC(=O)N(Cc2ccccc2)C1",230.105527688,"Fragment"
"C=CC(=O)Nc1ccc2c(c1)OCC(=O)N2C",232.084792244,"Fragment"
"C=CC(=O)N(C)CCN1CCCS1(=O)=O",232.088163372,"Fragment"
"C=CC(=O)NC(C)c1cc2cccc(F)c2o1",233.085206844,"Fragment"
"C=CC(=O)N1CCC(C)(c2cccc(F)c2)C1",233.121592352,"Fragment"
"C=CC(=O)NCc1csc(C(F)(F)F)c1",235.027869536,"Fragment"
"C=CC(=O)Nc1cnn(C2CCOCC2)c1C",235.132076784,"Fragment"
"C=CC(=O)N[C@H]1C[C@H](c2ccccc2Cl)C1",235.076391748,"Fragment"
"C=CC(=O)N1CCN(C(=O)C2CC2)CC1(C)C",236.15247788,"Fragment"
"C=CC(=O)NC1CCC(N2CCCC2=O)CC1",236.15247788,"Fragment"
"C=CC(=O)Nc1ccc2c(c1)S(=O)(=O)CC2",237.045964212,"Fragment"
"C=CC(=O)NC1CCN(c2nccs2)CC1",237.0935831,"Fragment"
"C=CC(=O)N1c2ccc(Cl)cc2OCC1C",237.055656304,"Fragment"
"C=CC(=O)N1CCCc2c(F)ccc(Cl)c21",239.051319872,"Fragment"
"C=CC(=O)Nc1cnn(-c2cccc(C)c2)c1C",241.1215121,"Fragment"
"C=CC(=O)Nc1ccn(C(C)c2ccccc2)n1",241.1215121,"Fragment"
"C=CC(=O)N1CCNC(=O)C1c1cccc(C)c1",244.121177752,"Fragment"
"C=CC(=O)N1CCC(c2cc(C(=O)O)on2)CC1",250.095356928,"Fragment"
"C=CC(=O)N1CCC(c2ncccc2Cl)CC1",250.08729078,"Fragment"
"C=CC(=O)N1CCN(C(C)c2nccs2)CC1",251.109233164,"Fragment"
"C=CC(=O)NC1(c2ccc(C#N)cc2)CCOCC1",256.121177752,"Fragment"
"C=CC(=O)N(C)C1CC(Oc2ccccc2)C1(C)C",259.157228912,"Fragment"
"C=CC(=O)N1CCCCC1Cc1ccc(OC)cc1",259.157228912,"Fragment"
"C=CC(=O)N1CCC(Cc2cccc(OC)c2)CC1",259.157228912,"Fragment"
"C=CC(=O)NCc1cnn(-c2cccc(Cl)c2)c1",261.066889684,"Fragment"
"C=CC(=O)N1CCC(Oc2ccnc(C(N)=O)c2)CC1",275.126991404,"Fragment"
"C=CC(=O)N1CCN(c2ccc(C(F)(F)F)cc2)CC1",284.11364776,"Fragment"
"C=CC(=O)Nc1cccc(C(=O)N2CCCCC2c2nc(C)no2)c1",340.15354049999996,"Fragment"
"C=CC(=O)N1CCc2ccsc2C1C",207.071785036,"Fragment"
"C=CC(=O)N1C[C@@H](O)CC[C@H]1C",169.11027872,"Fragment"
"C=CC(=O)N1CCC(C(=O)NC2COc3c(cccc3OC)C2)CC1",344.173607248,"Fragment"
"C=CC(=O)NC(C1CC1)C1CCCOC1",209.141578848,"Fragment"
"C=CC(=O)N(CC)CC(=O)N1CCCC2(CNC(=O)C2)C1",293.173941596,"Fragment"
"C=CC(=O)NC1CCS(=O)(=O)C(C)C1",217.07726434,"Fragment"
"C=CC(=O)NCC1(C)CCCCO1",183.125928784,"Fragment"
"C=CC(=O)Nc1ccc(N2CCOC(C)(C)C2)cc1OC",290.163042564,"Fragment"
"C=CC(=O)N1CCN(C2CCCN(Cc3ccccc3)C2=O)CC1",327.19467704,"Fragment"
"C=CC(=O)N1CCCC(n2c(CC)nc3ccccc32)C1",283.168462292,"Fragment"
"C=CCC1N(C(=O)C=C)CCCC1(C)C",207.162314292,"Fragment"
"C=CC(=O)N(C)Cc1cnn(C)c1C",193.1215121,"Fragment"
"C=CC(=O)NCC1CCOC1C(=C)C",195.125928784,"Fragment"
"C=CC(=O)NC(C)(C)c1c(C)noc1C",208.121177752,"Fragment"
"C=CC(=O)NCc1sc(N(C)C)nc1Cl",245.038960684,"Fragment"
"C=CC(=O)NC(C)(C)c1cn(C)nn1",194.116761068,"Fragment"
"C=CC(=O)N(CC)c1ccc(N2CCOCC2)cc1",260.15247788,"Fragment"
"C=CC(=O)NC1CCN(Cc2ccc(C)cc2)C1",244.15756326,"Fragment"
"C=CC(=O)N1CC(C2CCCC(C)C2)C1",207.162314292,"Fragment"
"C=CC(=O)NC1CCCn2nccc21",191.105862036,"Fragment"
"C=CC(=O)N(C)CC1OCCc2sccc21",237.08234972,"Fragment"
"C=CC(=O)NC[C@]12C[C@H]1COC21CCC1",207.125928784,"Fragment"
"C=CC(=O)NCc1nc(-c2ccncc2)cs1",245.062282972,"Fragment"
"C=CC(=O)Nc1ccccc1Cc1cccnc1",238.110613068,"Fragment"
"C=CC(=O)Nc1cccc(-n2nccc2C(F)(F)F)c1",281.0775966,"Fragment"
"C=CC(=O)Nc1ccc2c(c1)N(CC(F)F)C(=O)CS2",298.058755064,"Fragment"
"C=CC(=O)Nc1cccc(F)c1SC",211.04671316,"Fragment"
"C=CC(=O)Nc1ccc(C(F)(F)F)c(F)c1",233.046376724,"Fragment"
"C=CC(=O)NCc1ccc2oc(=O)n(C)c2c1",232.084792244,"Fragment"
"C=CC(=O)Nc1ccc(Cl)c(N(C)C)c1",224.071640716,"Fragment"
"C=CCn1ncc2ccc(NC(=O)C=C)cc21",227.105862036,"Fragment"
"C=CC(=O)Nc1cccc(-c2ccon2)c1",214.07422756,"Fragment"
"C=CC(=O)N(C)Cc1cncn1C",179.105862036,"Fragment"
"C=CC(=O)NCc1ccc(C(=O)N2CCNC(=O)C23CCC3)cc1",327.158291532,"Fragment"
"C=CC(=O)N(CC)CC(=O)N1CC2(CC(O)C2)C1",252.1473925,"Fragment"
"C=CC(=O)NCCC1COCCO1",185.10519334,"Fragment"
"C=CC(=O)NCCC(=O)N1CCCCC12CCOC2",266.163042564,"Fragment"
"C=CC(=O)NC(CO)c1c(C)cc(C)cc1C",233.141578848,"Fragment"
"C=CC(=O)N1CCC(n2ncc(C(=O)O)c2C)CC1",263.126991404,"Fragment"
"C=CC(=O)NCC1CCCC(C2CC2)O1",209.141578848,"Fragment"
"C=CC(=O)N1CCc2cc(OC)cc(OC)c2C1(C)C",275.152143532,"Fragment"
"C=CC(=O)NC1CCC2(CCCC2)C1",193.146664228,"Fragment"
"C=CC(=O)N1CCC2(CC1)Cc1ccccc1NC2=O",270.136827816,"Fragment"
"C=CC(=O)NCc1ccnn1C1CC1(F)F",227.087018412,"Fragment"
"C=CC(=O)N1CCN(c2cccc3sccc23)CC1",272.098334132,"Fragment"
"C=CC(=O)NCC1CC(C)(C)CCC1O",211.157228912,"Fragment"
"C=CC(=O)NC(c1ccc(Cl)nc1)C(F)F",246.037147028,"Fragment"
"C=CC(=O)NC(C)(c1ccc(F)cc1)C(F)(F)F",261.077676852,"Fragment"
"C=CC(=O)NCCn1ncc(Cl)c1C",213.066889684,"Fragment"
"C=CC(=O)NC1CCC(=O)c2cc(OC(F)F)ccc21",281.08634971600003,"Fragment"
"C=CC(=O)NCc1cc(-c2ccc(Cl)cc2)no1",262.050905272,"Fragment"
"C=CC(=O)Nc1cccc(CC(=O)NC)c1",218.105527688,"Fragment"
"C=CC(=O)N1CCCCCC(S(C)(=O)=O)C1",245.108564468,"Fragment"
"C=CC(=O)Nc1cccc2c1C(=O)N(C)C2",216.089877624,"Fragment"
"C=CC(=O)N1CCOC(C)(CCOC)C1",213.136493468,"Fragment"
"C=CC(=O)Nc1ccc(C(=O)C(F)F)cc1",225.060134968,"Fragment"
"C=CC(=O)Nc1ccc(Oc2ccncc2)cc1C",254.105527688,"Fragment"
"C=CC(=O)Nc1cccnc1OC(F)F",214.055383936,"Fragment"
"C=CC(=O)Nc1cc(F)cc(OC(C)C)c1",223.100856908,"Fragment"
"C=CC(=O)NCC(O)c1cc(F)c(F)c(F)c1",245.06636322,"Fragment"
"C=CC(=O)Nc1cccc(NS(=O)(=O)C2CC2)c1",266.072513308,"Fragment"
"C=CC(=O)NC1CCC(O)(C(F)(F)F)CC1",237.097663348,"Fragment"
"C=CC(=O)N1CCC(C(O)c2ccnn2C)CC1",249.147726848,"Fragment"
"C=CC(=O)N[C@@H]1CCOC[C@H]1O",171.089543276,"Fragment"
"C=CC(=O)NC1CC(CO)(CO)C1",185.10519334,"Fragment"
"C=CC(=O)Nc1cc(C#N)c(F)cc1F",208.044819252,"Fragment"
"C=CC(=O)Nc1ccccc1-n1nccn1",214.08546094,"Fragment"
"C=CC(=O)Nc1csnc1OC",184.030648496,"Fragment"
"C=CC(=O)N1CCCc2ccnc(N(C)C)c21",231.137162164,"Fragment"
"C=CC(=O)Nc1cccc2c1OC(C)(C)CC2O",247.120843404,"Fragment"
"C=CC(=O)Nc1c(O)nn(C)c1C(F)(F)F",235.056861156,"Fragment"
"C=CC(=O)NCC1(CO)CC2CCC1CC2",223.157228912,"Fragment"
"C=CC(=O)N([C@@H]1COC[C@H]1O)C(C)(C)C",213.136493468,"Fragment"
"C=CC(=O)NCc1nn[nH]c1-c1ccnn1C",232.10725900399999,"Fragment"
"C=CC(=O)N1CCCc2c1ccc(C)c2C(=O)O",245.10519334,"Fragment"
"C=CC(=O)N1CCCC2(CC(C(=O)O)=NO2)C1",238.095356928,"Fragment"
"C=CC(=O)N1CC2(CCOCC2)CCC1C(=O)O",253.131408088,"Fragment"
"C=CC(=O)N(C)CC(=O)N1CCc2cc(O)c(C)cc2C1",288.1473925,"Fragment"
"C=CC(=O)N(C)CC(=O)Nc1ccc2c(c1)C1(CCCCC1)C(=O)N2",341.173941596,"Fragment"
"C=CC(=O)NCC1(CF)CC12CCOCC2",227.132157036,"Fragment"
"C=CC(=O)N1CCC(C(=O)N2CCC(c3nnc(C)o3)CC2)CC1",332.18484062799996,"Fragment"
"C=CC(=O)N1CCC(C(=O)N2CCN(C)C(=O)C2(C)C)CC1",307.18959166,"Fragment"
"C=CC(=O)N1CCC(C(=O)N2CCC(OC)(C(F)(F)F)CC2)CC1",348.16607725600005,"Fragment"
"C=CC(=O)NCc1ccc(C(=O)N2CCCc3cccnc32)cc1",321.14772684800005,"Fragment"
"C=CC(=O)N(C)CC(=O)N1CC(C)c2ccc(S(N)(=O)=O)cc21",337.10962708799997,"Fragment"
"C=CC(=O)NCC(=O)NC1COc2ccc(F)cc21",264.091020496,"Fragment"
"C=CC(=O)NCC(=O)N1Cc2ccccc2C2(CCC2)C1",284.15247788,"Fragment"
"C=CC(=O)Nc1ccc(O)c(C(=O)N2CCn3nc(C)cc3C2)c1",326.13789043599996,"Fragment"
"C=CC(=O)N1CCCC(C(=O)N2CC[C@@H](O)C[C@H]2c2ccccc2)C1",342.194342692,"Fragment"
"C=CC(=O)N(C)c1ccc(C(=O)N2CCN(CC)C(=O)C2(C)C)cc1",343.18959166,"Fragment"
"C=CC(=O)N(C)c1ccc(C(=O)N2CC(=O)NC3(CC3)C2)cc1",313.142641468,"Fragment"
"C=CC(=O)N(C)c1ccc(C(=O)N2[C@H](CO)C[C@@H]3CCC[C@@H]32)cc1",328.178692628,"Fragment"
"C=CC(=O)NC[C@H](O)c1cccc(Br)c1",269.005140724,"Fragment"
"C=CC(=O)Nc1ccc(S(=O)(=O)Nc2ccccc2)cc1",302.072513308,"Fragment"
"C=CC(=O)N1CCCC(c2n[nH]cc2NC(=O)c2ccccc2)C1",324.15862588,"Fragment"
"C=CC(=O)NC1CCc2[nH]c3ccc(C)cc3c2C1",254.141913196,"Fragment"
"C=CC(=O)NCCN1CC(C)(C)c2ccccc21",244.15756326,"Fragment"
"C=CC(=O)NCc1cc(Cl)c2cccnc2c1O",262.050905272,"Fragment"
"C=CC(=O)N(C)Cc1cc2sccc2n1C",234.082684068,"Fragment"
"C=CC(=O)N1CC2CCCC(C1)C2CC(=O)O",237.136493468,"Fragment"
"C=CC(=O)NCC[C@@H]1CCCC[C@H]1O",197.141578848,"Fragment"
"C=CC(=O)Nc1ccc(O)c(C(=O)N2CCC[C@@]2(C)CO)c1",304.14230712,"Fragment"
"C=CC(=O)N(C)CC(=O)N1CCC12CCOC(C)(C)C2",280.178692628,"Fragment"
"C=CC(=O)N(CC(C)(C)O)C1CCOCC1",227.152143532,"Fragment"
"C=CC(=O)N[C@H]1CCCC[C@H]1O",169.11027872,"Fragment"
"C=CC(=O)Nc1ccc(C(=O)N2CCc3c(c(CO)nn3C)C2)cc1",340.1535405,"Fragment"
"C=CC(=O)N1CCCC(c2nc(C)c(C(=O)O)s2)C1",280.088163372,"Fragment"
"C=CC(=O)N(Cc1cc2n(n1)CCCC2)c1ccc2c(c1)COC2",323.163376912,"Fragment"
"C=CC(=O)N1CC(C(=O)NC2(C(=O)NC)CCCCC2)C1",293.173941596,"Fragment"
"C=CC(=O)N1CCC(C(=O)NCC(=O)O)CC1",240.111006992,"Fragment"
"C=CC(=O)N1CC(CNC(=O)C2=NNC(=O)CC2)CC1C",292.15354049999996,"Fragment"
"C=CC(=O)Nc1ccc(CC(=O)N2CCOC[C@H]2C)cc1",288.1473925,"Fragment"
"C=CC(=O)NCc1ccccc1C(=O)N1C2CCCC1CC(=C)C2",324.183778008,"Fragment"
"C#CCCNC(=O)C1CC2CC1CN(C(=O)C=C)C2",260.15247788,"Fragment"
"C=CC(=O)NC1CCOC1C",155.094628656,"Fragment"
"C=CC(=O)N(C)c1ccccc1",161.084063972,"Fragment"
"C=CC(=O)NCc1cc(C)no1",166.07422756,"Fragment"
"C=CC(=O)NCC1(C)CCCS1",185.0874351,"Fragment"
"C=CC(=O)NC1COCCOC1",171.089543276,"Fragment"
"C=CC(=O)NC1CCC(C)CC1C",181.146664228,"Fragment"
"C=CC(=O)NC(C)c1cnn(C)c1",179.105862036,"Fragment"
"C=CC(=O)N1CCN(CCC#N)CC1",193.1215121,"Fragment"
"C=CC(=O)NC1CCCCC1C(C)C",195.162314292,"Fragment"
"C=CC(=O)Nc1ccc2c(c1)COC2",189.078978592,"Fragment"
"C=CC(=O)NCC1(O)CCC(C)(C)CC1",211.157228912,"Fragment"
"C=CC(=O)NC1CCCc2ccccc21",201.1153641,"Fragment"
"C=CC(=O)NC1CC2CC1C1CCCC21",205.146664228,"Fragment"
"C=CC(=O)N1CCC(OCC(=O)O)CC1",213.10010796,"Fragment"
"C=CC(=O)N1CCn2c(nnc2C(F)(F)F)C1",246.072845568,"Fragment"
"C=CC(=O)Nc1ccc(-c2nnnn2C2CC2)cc1",255.112010036,"Fragment"
"C=CC(=O)N[C@H]1c2ccccc2C[C@H]1O",203.094628656,"Fragment"
"C=CC(=O)N1CCC(C(=O)Nc2nc3ccccc3n2C2CC2)CC1",338.174275944,"Fragment"
"C=CC(=O)Nc1ccc(C(=O)N2CCc3ccccc32)cc1",292.121177752,"Fragment"
"C=CC(=O)Nc1ccc(C(=O)N(C)C2CCS(=O)(=O)C2)cc1",322.09872805599997,"Fragment"
"C=CC(=O)N1CCC(NC(=O)c2ccccc2F)CC1",276.127406004,"Fragment"
"C=CC(=O)N1CCC(NC(=O)Nc2ccccc2OC)CC1",303.158291532,"Fragment"
"C=CC(=O)N1CCC(C(=O)N2CCC(CC(=O)N(C)C)CC2)CC1",335.220891788,"Fragment"
"C=CC(=O)N1CCC(C(=O)NCc2nn(C)c3ccccc23)CC1",326.174275944,"Fragment"
"C=CC(=O)Nc1ccc(F)c(S(=O)(=O)N2CCOCC2)c1",314.07365618,"Fragment"
"C=CC(=O)N1CCN(CC(=O)Nc2ccc(F)cc2)CC1",291.13830503599996,"Fragment"
"C=CC(=O)N1CCN(c2cc(Cl)ccc2C)CC1",264.102940844,"Fragment"
"C=CC(=O)NCc1ccc(S(=O)(=O)N2CCCCC2)cc1",308.1194635,"Fragment"
"C=CC(=O)NCCN1CCc2sccc2C1",236.098334132,"Fragment"
"C=CC(=O)NCC(C)(C)c1ccc2c(c1)OCCO2",261.136493468,"Fragment"
"C=CC(=O)NCCN1CCCS1(=O)=O",218.072513308,"Fragment"
"C=CC(=O)N1CCN(c2ncccc2C(N)=O)CC1",260.127325752,"Fragment"
"C=CC(=O)NC1CC(C)(OC)C1(C)C",197.141578848,"Fragment"
"C=CC(=O)N1CCOC(c2cccc(OC(F)F)c2)C1",283.10199978,"Fragment"
"C=CC(=O)N1CCC(C(=O)N2CCC(c3cccc(F)c3)C2)CC1",330.174356196,"Fragment"
"C=CC(=O)N1CCC(C(=O)N2CCC=C(C)C2)CC1",262.168127944,"Fragment"
"C=CC(=O)NCCC(=O)N1CCCC(C)C1",224.15247788,"Fragment"
"C=CC(=O)N1CCSCC(C)C1",185.0874351,"Fragment"
"C=CC(=O)N1CCC(C(=O)N2CC(C)Oc3ccccc32)CC1",314.163042564,"Fragment"
"C=CC(=O)NCc1nn(-c2ccccc2)c2c1CCC2",267.137162164,"Fragment"
"C=CC(=O)N(C1CC1)C(C)c1cccnc1",216.126263132,"Fragment"
"C=CC(=O)N1CCN(CC(=O)Nc2nncs2)CC1",281.09464572,"Fragment"
"C=CC(=O)NCC1CC1(C)c1cccs1",221.0874351,"Fragment"
"C=CC(=O)NCC1CCN(c2ccccc2C#N)CC1",269.152812228,"Fragment"
"C=CC(=O)NC1CCCC(S(=O)CC)C1",229.113649848,"Fragment"
"C=CC(=O)N1CCN2C(=O)N(C)C(=O)C2C1",223.095691276,"Fragment"
"C=CC(=O)NC1CCN(C2CCOC2)CC1",224.15247788,"Fragment"
"C=CC(=O)N1CCOC2(CCOCC2)CC1",225.136493468,"Fragment"
"C=CC(=O)N1CCn2c(nn(CC(=O)N(C)C)c2=O)C1",279.133139404,"Fragment"
"C=CC(=O)NC(C)c1nnnn1C1CC1",207.112010036,"Fragment"
"C=CC(=O)N1CCOCC1c1nnc(C)o1",223.095691276,"Fragment"
"C=CC(=O)N1CCC(S(=O)(=O)N2CCCC2)CC1",272.1194635,"Fragment"
"C=CC(=O)N1CCOCC1C1CCCO1",211.120843404,"Fragment"
"C=CC(=O)NCc1cc2ccccc2n(C)c1=O",242.105527688,"Fragment"
"C=CC(=O)NC(c1nc(C)cs1)C(F)(F)F",250.038768568,"Fragment"
"C=CC(=O)NCCC(=O)N1CC2(CCOCC2)CC1C",280.178692628,"Fragment"
"C=CC(=O)NC1(C)CCN(Cc2ccccc2)C1",244.15756326,"Fragment"
"C=CC(=O)NCCc1ncc(C)cc1C",204.126263132,"Fragment"
"C=CC(=O)Nc1ccc(C2CC2)cc1",187.099714036,"Fragment"
"C=CC(=O)NCC1(C(F)F)CC1",175.080870412,"Fragment"
"C=CC(=O)N1CCN(C(=O)C(CC)CC)CC1",238.168127944,"Fragment"
"C=CC(=O)Nc1ccc(F)c(N2CCS(=O)(=O)CC2)c1",298.07874156,"Fragment"
"C=CC(=O)NC(C)Cn1nc(C)cc1C",207.137162164,"Fragment"
"C=CC(=O)Nc1ccc(C(=O)N2CCCCC2C)cc1C",286.168127944,"Fragment"
"C=CC(=O)N(C1CC1)C(C)c1ccccc1F",233.121592352,"Fragment"
"C=CC(=O)N1CCN(C(=O)Cc2ccccc2C)CC1",272.15247788,"Fragment"
"C=CC(=O)NC1CCc2nnc(CC)n2C1",220.132411132,"Fragment"
"C=CC(=O)NCc1csc(C(C)(C)C)n1",224.098334132,"Fragment"
"C=CC(=O)NC1CC(=O)N(C(C)C)C1",196.121177752,"Fragment"
"C=CC(=O)NC(c1nnc2ccccn12)C(C)C",244.132411132,"Fragment"
"C=CC(=O)N(CC)Cc1ccoc1",179.094628656,"Fragment"
"C=CC(=O)N1CCC(c2nc(-c3ccccn3)no2)CC1",284.127325752,"Fragment"
"C=CC(=O)N1CCN(Cc2cc3ccccc3o2)CC1",270.136827816,"Fragment"
"C=CC(=O)N1CCCC(CCC(N)=O)C1",210.136827816,"Fragment"
"C=CC(=O)N1CCC(CC(=O)N2CCN(CC)CC2)CC1",293.210327104,"Fragment"
"C=CC(=O)N1CCC(c2c[nH]c3cc(F)ccc23)CC1",272.132491384,"Fragment"
"C=CC(=O)Nc1ccc(N2CCN(S(C)(=O)=O)CC2)nc1",310.10996143600005,"Fragment"
"C=CC(=O)NC1(c2nc(C)cs2)CCC1",222.082684068,"Fragment"
"C=CC(=O)N1CCN(Cc2n[nH]c(C)n2)CC1",235.14331016399998,"Fragment"
"C=CC(=O)NCc1noc(C(C)(C)C)n1",209.11642672,"Fragment"
"C=CC(=O)NC1CCN(c2cccc(F)c2)CC1",248.132491384,"Fragment"
"C=CC(=O)NCC1CCN(CC#N)CC1",207.137162164,"Fragment"
"C=CC(=O)N1CCN(C(=O)Cc2cccc(Cl)c2)CC1",292.097855464,"Fragment"
"C=CC(=O)N1CCCC1c1noc(CC)n1",221.11642672,"Fragment"
"C=CC(=O)N1CCCC1c1nc(-c2cccc(OC)c2)c[nH]1",297.14772684800005,"Fragment"
"C=CC(=O)N1CC(Cc2ccccc2Cl)C1",235.076391748,"Fragment"
"C=CC(=O)N1CCCC(NC(=O)c2cc3ccccc3o2)C1",298.13174243599997,"Fragment"
"C=CC(=O)N1CCC(O)(c2cc(OC)cc(OC)c2)CC1",291.147058152,"Fragment"
"C=CC(=O)NC1CCN(C(=O)c2ccccc2)C1",244.121177752,"Fragment"
"C=CC(=O)N1CCN(C(C)=O)CC1C",196.121177752,"Fragment"
"C=CC(=O)N(c1ccc(OC)cc1)C1CCS(=O)(=O)C1",295.08782902400003,"Fragment"
"C=CC(=O)Nc1ccc(C)c(S(=O)(=O)NC2CC2)c1C",294.103813436,"Fragment"
"C=CC(=O)N1CC(C)(C)Sc2ccccc21",233.0874351,"Fragment"
"C=CC(=O)NC1COCC1C",155.094628656,"Fragment"
"C=CC(=O)N1CCOC(CC(F)(F)F)C1",223.082013284,"Fragment"
"C=CC(=O)N1CCC(C(=O)N2CC(Cc3ccsc3)C2)CC1",318.140198944,"Fragment"
"C=CC(=O)N(C)Cc1cccnn1",177.090211972,"Fragment"
"C=CC(=O)NCc1ccc2ccoc2c1",201.078978592,"Fragment"
"C=CC(=O)N(C)CC(=O)NC1CCc2nc(C)ncc2C1",288.15862588,"Fragment"
"C=CC(=O)N(C)CC(=O)N1CCN(C(=O)c2cccc(O)c2)CC1",331.153206152,"Fragment"
"C=CC(=O)N1CCCC(c2n[nH]c(=O)o2)C1",223.095691276,"Fragment"
"C=CC(=O)N[C@@H](C)C(=O)Nc1cccnc1C",233.11642672,"Fragment"
"C=CC(=O)N1CCC(c2cc3ccccc3[nH]2)C1",240.126263132,"Fragment"
"C=CC(=O)Nc1cncc(OC)c1",178.07422756,"Fragment"
"C=CC(=O)N1C2CCCC1COC2",181.11027872,"Fragment"
"C=CC(=O)Nc1cnn2ccccc12",187.074561908,"Fragment"
"C=CC(=O)NCCc1ccc(F)cn1",194.085541192,"Fragment"
"C=CC(=O)N1CCN(C(=O)C2CC2)C1",194.105527688,"Fragment"
"C=CC(=O)NC[C@@H]1C[C@H]1c1ccccc1",201.1153641,"Fragment"
"C=CC(=O)NC1(Cc2ccccc2)CC1",201.1153641,"Fragment"
"C=CC(=O)NC1CCc2ncccc2C1",202.110613068,"Fragment"
"C=CC(=O)Nc1cc2c(cn1)OCCC2",204.089877624,"Fragment"
"C=CC(=O)Nc1ncc2c(n1)CCOC2",205.085126592,"Fragment"
"C=CC(=O)NCc1ccc(C(N)=O)nc1",205.085126592,"Fragment"
"C=CC(=O)N1CCOc2c1c(C)nn2C",207.100776656,"Fragment"
"C=CC(=O)NCc1csc2nccn12",207.046632908,"Fragment"
"C=CC(=O)NC1CC(C2CCCCC2)C1",207.162314292,"Fragment"
"C=CC(=O)NC1CC(=O)N2CCCCC12",208.121177752,"Fragment"
"C=CC(=O)NC1CCCc2c(C)cccc21",215.131014164,"Fragment"
"C=CC(=O)Nc1ccc2c(c1)CCNC2=O",216.089877624,"Fragment"
"C=CC(=O)N[C@H]1C[C@H](Oc2ccccc2)C1",217.11027872,"Fragment"
"C=CC(=O)Nc1c(OC)ccc2c1CCC2",217.11027872,"Fragment"
"C=CC(=O)N[C@@H]1CCOc2c(C)cccc21",217.11027872,"Fragment"
"C=CC(=O)N1CCOc2ccccc2C1C",217.11027872,"Fragment"
"C=CC(=O)NCc1cc2ccccc2s1",217.056134972,"Fragment"
"C=CC(=O)N1CC(C)OC2(CCCCC2)C1",223.157228912,"Fragment"
"C=CC(=O)NC1CCC(C(=O)N(C)C)CC1",224.15247788,"Fragment"
"C=CC(=O)N1CC(C)OC2(CCOC2C)C1",225.136493468,"Fragment"
"C=CC(=O)N(CC1CC1)c1ccc(C#N)cc1",226.110613068,"Fragment"
"C=CC(=O)NC1CC2CCCc3cccc1c32",227.131014164,"Fragment"
"C=CC(=O)N1CCC(C(N)=O)c2ccccc21",230.105527688,"Fragment"
"C=CC(=O)NCc1cnc(C(F)(F)F)nc1",231.061946536,"Fragment"
"C=CC(=O)N1CCc2cccc(C(=O)O)c2C1",231.089543276,"Fragment"
"C=CC(=O)N1CCCN(c2ccccn2)CC1",231.137162164,"Fragment"
"C=CC(=O)N1CCc2ccc(F)cc2C(C)C1",233.121592352,"Fragment"
"C=CC(=O)N1CCC[C@H]1Cn1nc(C)nc1C",234.148061196,"Fragment"
"C=CC(=O)N1CCN(C)c2cc(Cl)ccc21",236.071640716,"Fragment"
"C=CC(=O)N1C[C@@H](OC)C[C@@H]1c1nc(C)no1",237.11134134,"Fragment"
"C=CC(=O)Nc1ccc2c(c1)CS(=O)(=O)C2",237.045964212,"Fragment"
"C=CC(=O)N1CCCC(N2CCOCC2)CC1",238.168127944,"Fragment"
"C=CC(=O)Nc1cnn(C(C)c2ccccc2)c1",241.1215121,"Fragment"
"C=CC(=O)N1CCC2(C1)C(=O)Nc1ccccc12",242.105527688,"Fragment"
"C=CC(=O)NCCc1cn(C)c2cc(C)ccc12",242.141913196,"Fragment"
"C=CC(=O)N1c2ccccc2N(C)C(=O)C1(C)C",244.121177752,"Fragment"
"C=CC(=O)N1CCC(c2ccc(OC)cn2)CC1",246.136827816,"Fragment"
"C=CC(=O)NCC1(c2ccc(F)cc2Cl)CC1",253.066969936,"Fragment"
"C=CC(=O)Nc1ccc2nc(C(F)F)sc2c1",254.032540316,"Fragment"
"C=CC(=O)Nc1cc(C(F)(F)F)cc(C2CC2)n1",256.082347632,"Fragment"
"C=CC(=O)N1CCN(c2ccc(F)cc2C#N)CC1",259.112090288,"Fragment"
"C=CC(=O)Nc1cnn(-c2ccc(F)cc2F)c1C",263.087018412,"Fragment"
"C=CC(=O)N1CCC2(CC1)OCCc1ccsc12",263.097999784,"Fragment"
"C=CC(=O)NCc1cnc(N2CCOCC2)c(F)c1",265.122654972,"Fragment"
"C=CC(=O)N(Cc1ccccn1)c1ccc(Cl)cc1",272.07164071600005,"Fragment"
"C=CC(=O)N1CCC(C(C)(C)O)CC1",197.141578848,"Fragment"
"C=CC(=O)NCc1cnoc1",152.058577496,"Fragment"
"C=CC(=O)NC1(CCO)CCSCC1",215.097999784,"Fragment"
"C=CC(=O)N1CCCC(C(C)(C)O)C1",197.141578848,"Fragment"
"C=CC(=O)NCc1cccc2ncccc12",212.094963004,"Fragment"
"C=CC(=O)NC[C@H]1C[C@H](OC)C1",169.11027872,"Fragment"
"C=CC(=O)N(CC)CC(=O)N1CC(C)(C)OCC1(C)C",282.194342692,"Fragment"
"C=CC(=O)N1CCC(C(=O)N2CCn3ccnc32)CC1",274.142975816,"Fragment"
"C=CC(=O)N(C)CC(=O)N1CC[C@H](C)C[C@H](C)C1",252.183778008,"Fragment"
"C=CC(=O)NCCC1CCCC1(F)F",203.11217054,"Fragment"
"C=CC(=O)NC1CCC2CCC1OC2",195.125928784,"Fragment"
"C=CC(=O)NC1COCC1C1CC1",181.11027872,"Fragment"
"C=CC(=O)Nc1ccc(N2CCOCC2=O)c(C)c1",260.116092372,"Fragment"
"C=CC(=O)N(C)CC(=O)N1CC[C@H]2CC[C@]21c1cccnc1",299.16337691200005,"Fragment"
"C=CC(=O)N1CCCCC(C2CCOC2)C1",223.157228912,"Fragment"
"C=CC(=O)N1C2CCC1CC(N(C)C(=O)c1ccccc1)C2",298.168127944,"Fragment"
"C=CC(=O)NC1CCN(C(=O)c2ccccc2C(F)(F)F)CC1",326.124212444,"Fragment"
"C=CC(=O)N(C)C(C)c1ccc(N2CCCS2(=O)=O)cc1",308.1194635,"Fragment"
"C=CC(=O)NC(C)c1ccc(N2CCCOC2=O)cc1",274.131742436,"Fragment"
"C=CC(=O)N1CCN(C(=O)OC(C)(C)C)CC1c1ccccc1",316.178692628,"Fragment"
"C=CC(=O)NC1CCCC1C(C)(C)C",195.162314292,"Fragment"
"C=CC(=O)N(C)Cc1csc(C(C)C)n1",224.098334132,"Fragment"
"C=CC(=O)N[C@H]1[C@H](c2ccccc2)C1(C)C",215.131014164,"Fragment"
"C=CC(=O)N1CCN(c2ccc(OC)cc2OC)CC1",276.1473925,"Fragment"
"C=CC(=O)NCC(=O)C1C2CC3CC(C2)CC1C3",247.157228912,"Fragment"
"C=CC(=O)N1CC2OCCN(C(C)=O)C2C1",224.116092372,"Fragment"
"C=CC(=O)NC[C@H]1Oc2ccccc2[C@H]1C",217.11027872,"Fragment"
"C=CC(=O)NCC1CC2CCC(C1)S2(=O)=O",243.092914404,"Fragment"
"C=CC(=O)NC1c2ccccc2N(C(=O)OC(C)(C)C)C1(C)C",316.178692628,"Fragment"
"C=CC(=O)N1[C@@H]2CC[C@H]1CN(C)C(=O)C2",208.121177752,"Fragment"
"C=CC(=O)Nc1ccc2c(c1)N(C)C(=O)C(C)(C)CO2",274.131742436,"Fragment"
"C=CC(=O)N[C@H](C)c1ccc2c(c1)CCO2",217.11027872,"Fragment"
"C=CC(=O)N1CCC(=O)N2CCCC12",194.105527688,"Fragment"
"C=CC(=O)N1CC(c2nc(-c3ccccc3)no2)C1",255.100776656,"Fragment"
"C=CC(=O)Nc1ccc(Cn2ccccc2=O)cc1",254.105527688,"Fragment"
"C=CC(=O)NC(C)c1sc(-c2ccccc2F)nc1C",290.08891232,"Fragment"
"C=CC(=O)Nc1ccccc1Sc1ncccn1",257.062282972,"Fragment"
"C=CC(=O)Nc1ccc(C(=O)NC)cc1OC",234.100442308,"Fragment"
"C=CC(=O)Nc1ccc(C2(C)CC2(F)F)cc1",237.096520476,"Fragment"
"C=CC(=O)N1CCOC(C)(C(C)(C)C)C1",211.157228912,"Fragment"
"C=CC(=O)NCc1cc(O)ccc1Cl",211.04000624,"Fragment"
"C=CC(=O)N[C@@H](C)c1csc2ccccc12",231.071785036,"Fragment"
"C=CC(=O)N1CCN(c2nsc3ccccc23)CC1",273.0935831,"Fragment"
"C=CC(=O)N1CCC(n2cnc3ccccc3c2=O)C1",269.11642672,"Fragment"
"C=CC(=O)N1CCS(=O)(=O)N2CCOCC12",246.067427928,"Fragment"
"C=CC(=O)NC1COCCN(C(=O)OC(C)(C)C)C1",270.157957184,"Fragment"
"C=CC(=O)N[C@H]1CCCC[C@H]1c1ccnn1C",233.152812228,"Fragment"
"C=CC(=O)Nc1ccc(C(=O)N2CCC(C3CCOC3)CC2)cc1",328.178692628,"Fragment"
"C=CC(=O)NCc1ccccc1C(C)(F)F",225.096520476,"Fragment"
"C=CC(=O)NC1(C(=O)OC)CCc2ccccc2C1",259.120843404,"Fragment"
"C=CC(=O)Nc1ccc(-c2n[nH]c3c2COCC3)cc1",269.11642672,"Fragment"
"C=CC(=O)N(C)C1CS(=O)(=O)C12CCOCC2",259.08782902400003,"Fragment"
"C=CC(=O)N1CCN(C2CCOCC2)C(=O)C1",238.131742436,"Fragment"
"C=CC(=O)NC1CN(C(=O)C2CC2)C1",194.105527688,"Fragment"
"C=CC(=O)N1CC(C)CC(C(=O)NC)C1",210.136827816,"Fragment"
"C=CC(=O)NC1CCCN(c2cccc(C)c2)C1",244.15756326,"Fragment"
"C=CC(=O)Nc1ccc(C(=O)N2CCCC23CCCOC3)cc1",314.163042564,"Fragment"
"C=CC(=O)Nc1ccc2c(c1)C(=O)OC2(C)C",231.089543276,"Fragment"
"C=CC(=O)N[C@@H]1[C@@H](c2ccccc2)[C@@H]2C=C[C@H]1C2",239.131014164,"Fragment"
"C=CC(=O)NC1CCc2ccccc2-c2oc(C)nc21",268.121177752,"Fragment"
"C=CC(=O)NC(C)c1nn(-c2ccccc2)nc1C",256.132411132,"Fragment"
"C=CC(=O)N1CCCc2ccc(N(C)C)cc2C1",244.15756326,"Fragment"
"C=CC(=O)Nc1ccc(Oc2ccncn2)cc1",241.085126592,"Fragment"
"C=CC(=O)N(C)C(C)c1ccc(Cl)cn1",224.071640716,"Fragment"
"C=CC(=O)N1CCCN(Cc2cc(F)ccc2F)CC1",280.13871963599996,"Fragment"
"C=CC(=O)N(C)c1ccc(NC(C)=O)cc1",218.105527688,"Fragment"
"C=CC(=O)N(CC(N)=O)c1ccc(F)cc1",222.080455812,"Fragment"
"C=CC(=O)Nc1ccc(C2=NNC(=O)CO2)cc1",245.080041212,"Fragment"
"C=CC(=O)Nc1ccccc1-c1nnnn1C",229.096359972,"Fragment"
"C=CC(=O)NCC1(O)CCc2ccccc2C1",231.125928784,"Fragment"
"C=CC(=O)N1CCC(CO)(C(F)(F)F)C1",223.082013284,"Fragment"
"C=CC(=O)NCC(C)(C)C1(O)CCCOC1",227.152143532,"Fragment"
"C=CC(=O)N1CCCC(O)(c2ccccc2)CC1",245.141578848,"Fragment"
"C=CC(=O)N(C)C(c1ccc(F)cc1)c1ncc[nH]1",259.112090288,"Fragment"
"C=CC(=O)N1CCOC(CNC(=O)NC)C1",227.126991404,"Fragment"
"C=CC(=O)Nc1cccc(C2CCCC(=O)N2)c1",244.121177752,"Fragment"
"C=CC(=O)NC1CC(O)C12CCOCC2",211.120843404,"Fragment"
"C=CC(=O)NCC1(CO)COCC2CCCCN21",254.163042564,"Fragment"
"C=CC(=O)NCC(=O)N1CC=CC1",180.089877624,"Fragment"
"C=CC(=O)N1C[C@H](CO)[C@@H](C2CC2)C1",195.125928784,"Fragment"
"C=CC(=O)N1CC(O)CC2(CCCC2)C1",209.141578848,"Fragment"
"C=CC(=O)N[C@@H](C)[C@](C)(O)c1ccccc1",219.125928784,"Fragment"
"C=CC(=O)NCc1nc2c([nH]1)CCCC2",205.1215121,"Fragment"
"C=CC(=O)N1CCC(O)(CC(=O)O)CC1",213.10010796,"Fragment"
"C=CC(=O)N1CCC(C2(C(=O)O)CCOCC2)CC1",267.147058152,"Fragment"
"C=CC(=O)Nc1ccc(C(=O)N2CCn3c(C)nnc3C2C)cc1",325.15387484800004,"Fragment"
"C=CC(=O)NCCC(=O)N1CCS(=O)C(C)(C)CC1",286.135113564,"Fragment"
"C=CC(=O)N1CCC(C(=O)N2CCC3(CCOCC3)C2)CC1",306.194342692,"Fragment"
"C=CC(=O)N1CCCC1C(=O)NC1CCSc2ccc(F)cc21",334.11512706800005,"Fragment"
"C=CC(=O)N1CCCC(C(=O)N[C@@H]2CCO[C@H]2C2CC2)C1",292.178692628,"Fragment"
"C=CC(=O)NCC(=O)N[C@@H]1CCc2c(Cl)cccc21",278.0822054,"Fragment"
"C=CC(=O)NCC(=O)NC1(C)CCc2ccccc21",258.136827816,"Fragment"
"C=CC(=O)NCC(=O)N1CCC(O)(c2ccccc2Cl)CC1",322.108420148,"Fragment"
"C=CC(=O)NCCC(=O)N1CCC2(CC1)OCCc1ccccc12",328.178692628,"Fragment"
"C=CC(=O)NCCC(=O)N1Cc2cccc(F)c2C1",262.11175594,"Fragment"
"C=CC(=O)N(C)c1ccc(C(=O)N2CCC3CC2C(=O)N3)cc1",313.142641468,"Fragment"
"C=CC(=O)N(C)c1ccc(C(=O)N2CCC[C@@H]2c2nc[nH]n2)cc1",325.15387484800004,"Fragment"
"C=CC(=O)N[C@H]1CCN(CC(C)(C)O)C1",212.15247788,"Fragment"
"C=CC(=O)N1CCC(O)(c2ccccc2C(F)(F)F)CC1",299.113313412,"Fragment"
"C=CC(=O)N(C)CC(O)c1cccc(C#N)c1",230.105527688,"Fragment"
"C=CC(=O)N1CCC(O)(Cc2ccccc2OC)CC1",275.152143532,"Fragment"
"C=CC(=O)NC(c1c[nH]c2cccc(F)c12)C(F)(F)F",286.07292581999997,"Fragment"
"C=CC(=O)NCC1(O)C2C3CC4C5C3CC2C5C41",245.141578848,"Fragment"
"C=CC(=O)NC[C@H]1CCC2(CCOCC2)[C@H]1O",239.152143532,"Fragment"
"C=CC(=O)NCc1nc(C)ccc1OC",206.105527688,"Fragment"
"C=CC(=O)NCC1(C)COC(=O)N1",184.084792244,"Fragment"
"C=CC(=O)NCc1c[nH]c2cc(F)c(F)cc12",236.07611938,"Fragment"
"C=CC(=O)N(c1ccccc1F)C1CCN(CC)CC1",276.163791512,"Fragment"
"C=CC(=O)NCC(=O)N1CCC2=C(CCCC2)C1",248.15247788,"Fragment"
"C=CC(=O)N(Cc1ccc(C)cc1Cl)[C@H]1C[C@@H](O)C1",279.10260649599996,"Fragment"
"C=CC(=O)N1CC(C(=O)NC2CCS(=O)(=O)c3ccccc32)C1",334.09872805599997,"Fragment"
"C=CC(=O)N1CC(C(=O)NC2CCN(c3cccc(C)c3)C2=O)C1",327.15829153199996,"Fragment"
"C=CC(=O)N[C@@H]1C[C@H]1c1cccnc1",188.094963004,"Fragment"
"C=CC(=O)N1CCC(c2nc(CC(=O)N3CC[C@@H](O)C3)cs2)CC1",349.14601259600005,"Fragment"
"C=CC(=O)N(Cc1cc(C)ns1)c1ccccc1F",276.073262256,"Fragment"
"C=CC(=O)N1CCC(C(=O)Nc2cc(OC)ccc2C)C1",288.1473925,"Fragment"
"C=CC(=O)N1CCC(C(=O)Nc2nnc(C3CC3)s2)C1",292.09939675199996,"Fragment"
"C=CC(=O)Nc1ccccc1C(=O)N1CCC(C#N)(C(N)=O)C1",312.12224037199996,"Fragment"
"OB(O)c1cccnc1",123.04915883199999,"Fragment"
"OB(O)c1cccnc1Br",200.9596709,"Fragment"
"Cc1cc(O)ncc1B(O)O",153.059723516,"Fragment"
"OB(O)c1ccc(O)nc1F",157.03465164,"Fragment"
"OB(O)c1ccn2nccc2c1",162.060057864,"Fragment"
"CN(C)c1cccc(B(O)O)c1",165.096109024,"Fragment"
"O=[N+]([O-])c1ccc(B(O)O)cn1",168.03423704,"Fragment"
"Cc1cc(Cl)c(B(O)O)cc1F",188.021165764,"Fragment"
"OB(O)c1cc2ncccc2s1",179.021229832,"Fragment"
"COc1ccc(OC)c(B(O)O)c1",182.075039232,"Fragment"
"OB(O)c1ccc2c(c1)OCCO2",180.059389168,"Fragment"
"O=C(O)c1ccc(B(O)O)cc1F",184.034317292,"Fragment"
"Cc1ccc2[nH]ncc2c1B(O)O",176.07570792799999,"Fragment"
"NC(=O)c1ccc(B(O)O)cc1Cl",199.020751164,"Fragment"
"CC(=O)Nc1ccc(B(O)O)cc1",179.07537358,"Fragment"
"COc1ccc(CO)cc1B(O)O",182.075039232,"Fragment"
"NC(=O)c1cccc(B(O)O)c1F",183.050301704,"Fragment"
"COc1cc(OC)cc(B(O)O)c1",182.075039232,"Fragment"
"COc1cc(B(O)O)c(F)cc1Cl",204.016080384,"Fragment"
"CP(C)(=O)c1ccc(B(O)O)cc1",198.061711274,"Fragment"
"OB(O)c1ccc2c(c1)OCCCO2",194.075039232,"Fragment"
"OB(O)c1cccc2c1OCCCO2",194.075039232,"Fragment"
"CCN(CC)c1ncc(B(O)O)cn1",195.11790708799998,"Fragment"
"OB(O)c1cnc2ccc(F)cc2c1",191.055387084,"Fragment"
"CC(C)(C)OC(=O)n1cccc1B(O)O",211.101588328,"Fragment"
"O=C(O)c1ccc(B(O)O)c([N+](=O)[O-])c1",211.028817312,"Fragment"
"CNCC(=O)Nc1ccc(B(O)O)cc1",208.101922676,"Fragment"
"OB(O)c1ccccc1OCC1CCOC1",222.10633936,"Fragment"
"CC1(C)OB(c2ccc(C(N)=O)c3[nH]ccc23)OC1(C)C",286.14887286800007,"Fragment"
"COc1ccc(-c2ccncc2)cc1B(O)O",229.091023644,"Fragment"
"COCOc1ccc2ccccc2c1B(O)O",232.090689296,"Fragment"
"OB(O)c1ccc(CN2CCN(C3CC3)CC2)cc1",260.169608312,"Fragment"
"CC1(C)OB([C@@H]2C[C@H]2c2ccccc2Cl)OC1(C)C",278.12448796,"Fragment"
"OB(O)/C=C/c1cc(F)cc(F)c1",184.050716304,"Fragment"
"CC1(C)OB(C2=CCN(C(=O)c3ccc(C(F)F)cc3)CC2)OC1(C)C",363.18173046799996,"Fragment"
"CC1(C)OB(C2=CCN(C(=O)c3ccc4[nH]c(=O)[nH]c4c3)CC2)OC1(C)C",369.185986648,"Fragment"
"Cc1cnccc1CNC(=O)N1CCC(B2OC(C)(C)C(C)(C)O2)C1",345.22237215599995,"Fragment"
"CC1(C)OB(C2CCN(C(=O)C3(c4cccc(F)c4)CC3)CC2)OC1(C)C",373.222452408,"Fragment"
"CC1(C)OB(C2CCN(C(=O)c3cccc4ccncc34)CC2)OC1(C)C",366.211473124,"Fragment"
"CC1(C)OB(C2CCN(C(=O)NC3CCN4CCCCC34)CC2)OC1(C)C",377.28497241199995,"Fragment"
"CC1(C)OB(C2CCN(C(=O)N3CCS(=O)(=O)CC3)CC2)OC1(C)C",372.189023428,"Fragment"
"CN(C)C1CCC(NC(=O)N2CCC(B3OC(C)(C)C(C)(C)O3)CC2)CC1",379.30062247599994,"Fragment"
"CC1(C)OB(C2CCN(S(=O)(=O)CCCC#N)CC2)OC1(C)C",342.17845874399995,"Fragment"
"OB(O)c1cc(F)cc2ccoc12",180.039402672,"Fragment"
"Cn1ncc(B(O)O)c1C#N",151.055306832,"Fragment"
"C=CCCC(=O)N1CCC2(CC1)CC(CB1OC(C)(C)C(C)(C)O1)C2",347.26317434799995,"Fragment"
"CC1(C)OB(C23CCN(C(=O)c4ccc(OC5CCC5)cc4)CC2C3)OC1(C)C",397.2424389039999,"Fragment"
"CC(=O)Nc1cnc(C)c(C(=O)N2CCC3(B4OC(C)(C)C(C)(C)O4)CC3C2)c1",399.23293684,"Fragment"
"CC(C)(C)COc1ncccc1B(O)O",209.122323772,"Fragment"
"COC(=O)c1c(B(O)O)c(C)n(C)c1C",211.10158832800002,"Fragment"
"CC(C)Oc1cc(CNC(=O)C23CC2C3)ccn1",246.136827816,"Fragment"
"O=C(N1C[C@@H]2C[C@H](C1)c1cccc(=O)n1C2)C12CC1C2",270.136827816,"Fragment"
"CC(CO)(NC(=O)C12CC1C2)c1cccc(Br)c1",309.036440852,"Fragment"
"CC1c2cc3c(cc2C2(CCCC2)CN1C(=O)C12CC1C2)OCCO3",339.18344365999997,"Fragment"
"Cc1nc(-c2cccc(NC(=O)C34CC3C4)c2)no1",255.100776656,"Fragment"
"O=C(NCCNc1cnccn1)C12CC1C2",218.116761068,"Fragment"
"O=C(N(Cc1ccccc1)Cc1ccco1)C12CC1C2",267.125928784,"Fragment"
"O=C(NC[C@@H]1C[C@H]1c1ccco1)C12CC1C2",217.11027872,"Fragment"
"O=C(N1CCC(O)(c2ccc(Br)cc2)C1)C12CC1C2",321.036440852,"Fragment"
"O=C(Nc1cc(Br)c2c(c1)OCCCO2)C12CC1C2",323.015705408,"Fragment"
"COC(=O)c1ccc2n1CCN(C(=O)C13CC1C3)C21CCC1",300.1473925,"Fragment"
"O=C(NCC1CCN(S(=O)(=O)c2cccs2)C1)C12CC1C2",326.07588443599997,"Fragment"
"CC1CSc2ccccc2CN1C(=O)C12CC1C2",259.103085164,"Fragment"
"O=C(Nc1c[nH]nc1OCC(F)(F)F)C12CC1C2",261.07251122,"Fragment"
"O=C(N(Cc1cccs1)[C@@H]1C=C[C@H](CO)C1)C12CC1C2",289.113649848,"Fragment"
"Cc1sc(C(C)(C)NC(=O)C23CC2C3)nc1-c1ccccc1F",330.120212448,"Fragment"
"O=C(N1Cc2ccccc2C(C(F)(F)F)C1)C12CC1C2",281.102748728,"Fragment"
"CC(C)(C)Oc1ccc(CNC(=O)C23CC2C3)c(C(F)(F)F)c1",327.14461354,"Fragment"
"O=C1NCCN(C(=O)C23CC2C3)C1Cc1nc2ccccc2o1",311.12699140399997,"Fragment"
"CC1CN(C(=O)C23CC2C3)CCc2cc(Br)c(O)cc21",335.052090916,"Fragment"
"COc1ccccc1N1CCCC(NC(=O)C23CC2C3)C1=O",300.14739249999997,"Fragment"
"O=C(N1CCCCC(C2CCOCC2)C1)C12CC1C2",263.18852904,"Fragment"
"O=C(NCc1oc2ccc(Cl)cc2c1-c1ccccc1)C12CC1C2",337.08695643199997,"Fragment"
"COC(=O)c1nc(C2CCCN2C(=O)C23CC2C3)sc1C",306.103813436,"Fragment"
"Cc1ccc(C)c(C2CN(C(=O)C34CC3C4)C(C)CO2)c1",285.17287897600005,"Fragment"
"CCC(NC(=O)C12CC1C2)c1ccc(Cl)cc1",249.092041812,"Fragment"
"O=C(N1CCc2sccc2C1c1ccc(Cl)cc1)C12CC1C2",329.06411281199996,"Fragment"
"O=C1NCc2ccccc2C1NC(=O)C12CC1C2",242.105527688,"Fragment"
"CN(Cc1cnn(Cc2ccccc2)c1)C(=O)C12CC1C2",281.152812228,"Fragment"
"O=C(NCCc1c[nH]c2ncccc12)C12CC1C2",241.1215121,"Fragment"
"Cc1ccc(C)c(OC(C)C(=O)N2CCN(C(=O)C34CC3C4)CC2)c1",342.194342692,"Fragment"
"Cc1cc(Br)cc2cc(C(C(C)C)N(C)C(=O)C34CC3C4)oc12",375.08339104399994,"Fragment"
"O=C(Nc1cc2c(cc1NC(=O)C13CC1C3)OCCO2)c1cccs1",356.08307799199997,"Fragment"
"CC(C)(Cc1c[nH]c2c(Br)cccc12)NC(=O)C12CC1C2",346.06807532799996,"Fragment"
"O=C(Nc1ccnn1C1CC1)C12CC1C2",203.105862036,"Fragment"
"N=S1(=O)CCC(NC(=O)C23CC2C3)c2cc(F)ccc21",294.08382694000005,"Fragment"
"COC(=O)c1cc(Br)cc2c1CCN2C(=O)C12CC1C2",335.015705408,"Fragment"
"O=C(N=S(=O)(c1cccc(Br)c1)C1CCOCC1)C12CC1C2",383.01907653599994,"Fragment"
"O=C(N1CC=C(c2cccs2)C1)C12CC1C2",231.071785036,"Fragment"
"O=C(NCC1Cc2cc(Cl)ccc2O1)C12CC1C2",263.071306368,"Fragment"
"O=C(N(Cc1nccs1)Cc1c(F)cccc1F)C12CC1C2",320.079490508,"Fragment"
"O=C(N1C(CO)CSCC1c1ccccc1)C12CC1C2",289.113649848,"Fragment"
"O=C(N1CCOc2cc(OCc3ccccc3)ccc21)C12CC1C2",321.136493468,"Fragment"
"O=C(c1ccccc1NC(=O)C12CC1C2)N1CCCCC1CCO",328.17869262799996,"Fragment"
"NC(=O)CCN(C(=O)C12CC1C2)C1CCOc2ccccc21",300.1473925,"Fragment"
"CNC(=O)[C@@H]1C[C@H](Oc2ccccc2)CN1C(=O)C12CC1C2",300.1473925,"Fragment"
"O=C(NC1CCCc2c1[nH]c1ccc(F)cc21)C12CC1C2",284.132491384,"Fragment"
"Cc1[nH]c2ccc(Cl)cc2c1CCNC(=O)C12CC1C2",288.10294084400005,"Fragment"
"OB(O)c1ccoc1Cl",145.994202068,"Fragment"
"OB(O)c1ccnc(Cl)c1",157.01018648,"Fragment"
"Cc1ccc(B(O)O)cn1",137.06480889600002,"Fragment"
"OB(O)c1ccc(F)nc1",141.03973702,"Fragment"
"OCc1cccc(B(O)O)c1",152.064474548,"Fragment"
"COc1ncc(B(O)O)cn1",154.05497248400002,"Fragment"
"OB(O)c1ccnc(Cl)c1F",175.000764668,"Fragment"
"OB(O)c1ccc(C(F)(F)F)o1",180.020559048,"Fragment"
"OB(O)c1ccc(C(F)F)nc1",173.045965272,"Fragment"
"COc1cccc(Cl)c1B(O)O",186.025502196,"Fragment"
"COCc1noc(C)c1B(O)O",171.0702882,"Fragment"
"CC(C)Oc1ccc(B(O)O)cc1",180.095774676,"Fragment"
"OB(O)c1ccnc(C(F)(F)F)c1",191.03654346,"Fragment"
"O=C(O)c1cc(B(O)O)ccc1F",184.03431729200003,"Fragment"
"COc1cc(C)c(B(O)O)cc1C",180.095774676,"Fragment"
"COc1ncc(B(O)O)c(OC)n1",184.06553716800002,"Fragment"
"COc1ccc(B(O)O)cc1CO",182.075039232,"Fragment"
"OB(O)c1ccc(C2CC2)cc1F",180.07578818,"Fragment"
"COc1ccc2oc(B(O)O)cc2c1",192.059389168,"Fragment"
"CCOC(=O)c1cccc(B(O)O)c1",194.075039232,"Fragment"
"Cc1ccc(B(O)O)cc1S(N)(=O)=O",215.0423592,"Fragment"
"CN(Cc1cccc(B(O)O)c1)C1CC1",205.12740915199998,"Fragment"
"COc1nc(C(F)(F)F)ccc1B(O)O",221.047108144,"Fragment"
"CC1(C)OB(c2ccc(F)c(CC(N)=O)c2)OC1(C)C",279.144202088,"Fragment"
"COc1cc(B2OC(C)(C)C(C)(C)O2)c(C2CC2)cc1Cl",308.13505264400004,"Fragment"
"OB(O)c1ccc(OCc2ccccn2)cc1",229.091023644,"Fragment"
"O=c1ccccn1Cc1ccc(B(O)O)cc1",229.091023644,"Fragment"
"CC1(C)OB(c2ccc(C(N)=O)c3ccccc23)OC1(C)C",297.1536239,"Fragment"
"Cn1ncc(B(O)O)c1Cl",160.021085512,"Fragment"
"CCC1(O)CCN(C(=O)c2ccc(B(O)O)c(F)c2)CC1",295.139116708,"Fragment"
"CC1CCC(C)N(C(=O)c2cccc(B(O)O)c2)C1",261.1536239,"Fragment"
"CC1CCC(C)N(C(=O)c2cc(B(O)O)ccc2F)C1",279.144202088,"Fragment"
"CC1(C)OB(c2ccc3cc(C(F)(F)F)[nH]c3c2)OC1(C)C",311.130443844,"Fragment"
"CC1(C)OB(C2=CCN(C(=O)c3ccc4c(c3)CCCN4)CC2)OC1(C)C",368.227123188,"Fragment"
"C[C@H](OCc1ccccc1)C(=O)N1CC=C(B2OC(C)(C)C(C)(C)O2)CC1",371.2267888399999,"Fragment"
"CC1(C)OB(C2=CCN(C(=O)c3cnn4c3CCCC4)CC2)OC1(C)C",357.22237215599995,"Fragment"
"CC1(C)OB(C2=CCN(C(=O)c3ccncc3)CC2)OC1(C)C",314.180172996,"Fragment"
"CC1(C)OB(C2CCN(C(=O)N3CCCO[C@@H]4CCC[C@H]43)C2)OC1(C)C",364.253337936,"Fragment"
"COc1cc(CNC(=O)N2CCC(B3OC(C)(C)C(C)(C)O3)C2)ccn1",361.217286776,"Fragment"
"CC1(C)OB(C2CCN(C(=O)c3ccc4nccn4c3)CC2)OC1(C)C",355.20672209199995,"Fragment"
"CC1(C)OB(C2CCN(C(=O)c3cccc4cnccc34)CC2)OC1(C)C",366.211473124,"Fragment"
"CC(C)(C(=O)N1CCC(B2OC(C)(C)C(C)(C)O2)CC1)c1cccnc1",358.242773252,"Fragment"
"CC1CCCc2ncc(C(=O)N3CCC(B4OC(C)(C)C(C)(C)O4)CC3)n21",373.253672284,"Fragment"
"CC[C@@H](NC(=O)c1ccc(C)c(B2OC(C)(C)C(C)(C)O2)c1)C(N)=O",346.206387744,"Fragment"
"OB(O)c1cccc(CC(F)F)c1",186.066366368,"Fragment"
"CC(C)n1ccc(C(=O)N2CCC(CB3OC(C)(C)C(C)(C)O3)C2)n1",347.23802222,"Fragment"
"COC1(c2cccc(B(O)O)c2)CCC1",206.11142474,"Fragment"
"O=C(N1CCc2c(Cl)cccc21)C12CC1C2",233.060741684,"Fragment"
"CC(C)NC(=O)N1CCN(C(=O)C23CC2C3)CC1",251.163376912,"Fragment"
"O=C(NCc1noc(-c2ccc(F)cc2)n1)C12CC1C2",273.09135484399997,"Fragment"
"O=C(NC1CC2(CCOCC2)Oc2ccccc21)C12CC1C2",299.152143532,"Fragment"
"O=C(NC1CCOCC1)C12CC1C2",181.11027872,"Fragment"
"COCC(NC(=O)C12CC1C2)c1cccc(C(F)(F)F)c1",299.113313412,"Fragment"
"O=C(c1ccco1)N1CCC(NC(=O)C23CC2C3)c2ccccc21",322.131742436,"Fragment"
"CC(CO)(Cc1ccc(F)cc1)NC(=O)C12CC1C2",263.132157036,"Fragment"
"O=C(N1CCc2sccc2C1c1ccccc1)C12CC1C2",295.10308516400005,"Fragment"
"O=C(Nc1cccc(COc2ccc3c(c2)OCO3)c1)C12CC1C2",323.115758024,"Fragment"
"O=C1NCCC[C@@H]1NC(=O)C12CC1C2",194.105527688,"Fragment"
"O=C(N1CCc2[nH]c3c(Cl)cc(Cl)cc3c2C1)C12CC1C2",320.04831842799996,"Fragment"
"O=C(NC1(Cc2ccc(C(F)(F)F)cc2)CCOC1)C12CC1C2",325.128963476,"Fragment"
"COc1ccc(CN2CCCN(C(=O)C34CC3C4)CC2=O)cc1",314.16304256399997,"Fragment"
"O=C(NCc1ccc(-c2nccs2)cc1)C12CC1C2",270.082684068,"Fragment"
"O=C(NCc1ncc2c(n1)CCC2)C12CC1C2",229.1215121,"Fragment"
"O=C(Nc1ccc2nc(Cc3ccccc3)oc2c1)C12CC1C2",304.121177752,"Fragment"
"COc1nsc(CNC(=O)C23CC2C3)c1Br",301.972460692,"Fragment"
"CC(c1cccc(N2CCOC2=O)c1)N(C)C(=O)C12CC1C2",300.1473925,"Fragment"
"CC(C)(C)c1csc(C(NC(=O)C23CC2C3)c2ccc(Cl)cc2)n1",360.10631197200007,"Fragment"
"O=C(CCCNC(=O)C12CC1C2)N1CCc2sccc2C1",304.12454888,"Fragment"
"O=C(NC(c1ccc2c(c1)OCCO2)c1ccccc1Cl)C12CC1C2",355.097521116,"Fragment"
"O=C(NC1(c2nc(C3CC3)cc(=O)[nH]2)CCCCC1)C12CC1C2",313.179026976,"Fragment"
"COc1cc2c(c(OC)c1)C(C)(C)N(C(=O)C13CC1C3)CC2",301.167793596,"Fragment"
"O=C(NC(c1cc(F)c(Br)cc1F)C1CC1)C12CC1C2",341.022682608,"Fragment"
"Cc1ccc(NC(=O)C23CC2C3)c2cccnc12",238.110613068,"Fragment"
"O=C(NCc1cc(OCC(F)F)ccn1)C12CC1C2",268.102334128,"Fragment"
"C[C@H]1C[C@H](NC(=O)C23CC2C3)c2ccsc2S1(=O)=O",297.04933533999997,"Fragment"
"O=C(Nc1c(-c2cccc(F)c2)n[nH]c1C1CC1)C12CC1C2",297.127740352,"Fragment"
"O=C(N[C@@H](CCO)c1cccc2ccccc12)C12CC1C2",281.14157884800005,"Fragment"
"CN(C(=O)C12CC1C2)c1cccc2cc[nH]c12",226.110613068,"Fragment"
"COC(=O)c1sc2ccccc2c1CNC(=O)C12CC1C2",301.07726434,"Fragment"
"COc1cnc(CNC(=O)C23CC2C3)cn1",219.100776656,"Fragment"
"O=C(N1CCN(Cc2ccccn2)CC1)C12CC1C2",257.152812228,"Fragment"
"CC(C)c1oc(C2CCCN2C(=O)C23CC2C3)nc1-c1ccccc1",336.183778008,"Fragment"
"O=C(NC1CCOc2ccc(-c3ccccc3)cc21)C12CC1C2",305.14157884800005,"Fragment"
"O=C(N1CC(c2cccc(C(F)(F)F)c2)OCC12CCCC2)C12CC1C2",365.160263604,"Fragment"
"COC(=O)[C@@H]1Cc2c(Cl)cccc2CN1C(=O)C12CC1C2",305.081871052,"Fragment"
"CN(Cc1coc(-c2ccc(C#N)cc2)n1)C(=O)C12CC1C2",293.11642672,"Fragment"
"COc1ccc2c(c1)C(NC(=O)C13CC1C3)C(OC)CC2",287.152143532,"Fragment"
"O=C(NC1CCCc2nccnc21)C12CC1C2",229.1215121,"Fragment"
"Cc1ccsc1CN(C(=O)C12CC1C2)C(C)(C)CO",279.129299912,"Fragment"
"CC(C)(C)N1C(=O)C[C@H](NC(=O)C23CC2C3)[C@H]1c1ccc(Cl)c(F)c1",364.135383844,"Fragment"
"O=C(N[C@@H]1CCO[C@@H](c2cccc(Cl)c2)C1)C12CC1C2",291.10260649599996,"Fragment"
"CN(C(=O)C12CC1C2)C1CCCN(Cc2ccccc2)C1=O",298.16812794399993,"Fragment"
"CCc1ccc(B(O)O)s1",156.041630928,"Fragment"
"Cc1sc(B(O)O)cc1Br",219.936492932,"Fragment"
"NCc1ccc(B(O)O)cc1",151.08045896,"Fragment"
"Cn1cc(B(O)O)ccc1=O",153.059723516,"Fragment"
"OB(O)c1ccc2c(c1)OCO2",166.043739104,"Fragment"
"OB(O)c1cccc2ccsc12",178.025980864,"Fragment"
"OB(O)c1cccc(C2CC2)c1",162.085209992,"Fragment"
"COc1ncc(F)cc1B(O)O",171.050301704,"Fragment"
"OB(O)c1cc2cccnc2s1",179.021229832,"Fragment"
"COc1ccc(N)cc1B(O)O",167.07537358,"Fragment"
"OB(O)c1ccc2nncn2c1",163.05530683199999,"Fragment"
"OB(O)c1cccc2nonc12",164.03932242,"Fragment"
"C=CCOc1ccccc1B(O)O",178.080124612,"Fragment"
"CNC(=O)c1ccc(B(O)O)cc1",179.07537358,"Fragment"
"CC(C)(C)c1ncc(B(O)O)cn1",180.10700805599998,"Fragment"
"O=C1OCc2ccc(B(O)O)cc21",178.043739104,"Fragment"
"CCOc1cc(F)ccc1B(O)O",184.0707028,"Fragment"
"CC(C)(C)c1ccc(B(O)O)cn1",179.11175908799999,"Fragment"
"COc1c(F)ccc(B(O)O)c1F",188.045630924,"Fragment"
"CS(=O)(=O)c1cncc(B(O)O)c1",201.026709136,"Fragment"
"COc1ccc(CSC)cc1B(O)O",212.067845676,"Fragment"
"OB(O)c1cc2ccccc2nc1O",189.059723516,"Fragment"
"COC(=O)c1cc(C)cc(B(O)O)c1",194.075039232,"Fragment"
"CN(C)Cc1cc(B(O)O)ccc1F",197.102337276,"Fragment"
"CN(C)C(=O)c1cccc(B(O)O)c1F",211.081601832,"Fragment"
"COc1ccc(B(O)O)cc1CC(=O)O",210.069953852,"Fragment"
"OB(O)c1ccc(CN2CCOCC2)cc1",221.122323772,"Fragment"
"OB(O)c1ccc(OCC(F)(F)F)cc1F",238.042437364,"Fragment"
"CCCn1ccc(B2OC(C)(C)C(C)(C)O2)n1",236.169608312,"Fragment"
"CC1(C)OB(c2ccc(C3CC3)cc2Cl)OC1(C)C",278.12448796,"Fragment"
"CC1(C)OB(c2cnn(-c3ccc(Cl)cc3Cl)c2)OC1(C)C",338.076013544,"Fragment"
"Cc1c(B2OC(C)(C)C(C)(C)O2)ccc(=O)n1C",249.15362389999999,"Fragment"
"OB(O)c1cc(F)ccc1OCc1ccccn1",247.081601832,"Fragment"
"OB(O)c1ccc(CCN2CCCCC2)cc1",233.15870927999998,"Fragment"
"CC1(C)OB(C2=CCC(N3CC(F)(F)C3)CC2)OC1(C)C",299.18681584800004,"Fragment"
"CC1(C)OB(c2cnn(C3CCS(=O)(=O)CC3)c2)OC1(C)C",326.147158616,"Fragment"
"O=C(NCc1ccc2c(n1)CCCC2)c1ccc(B(O)O)cc1",310.148872868,"Fragment"
"CC1(C)OB(C2=CCN(C(=O)C3CC4(C3)CC4(F)F)CC2)OC1(C)C",353.19738053199995,"Fragment"
"CC1(C)OB(C2=CCN(C(=O)C3(c4ccccc4)CC3)CC2)OC1(C)C",353.21622415599995,"Fragment"
"CC1(C)OB(C2=CCN(C(=O)CC3CC4CCC3C4)CC2)OC1(C)C",345.24752428399995,"Fragment"
"CC(C)(Oc1ccccc1)C(=O)N1CCC(B2OC(C)(C)C(C)(C)O2)C1",359.2267888399999,"Fragment"
"CC1(C)OB(C2=CCN(C(=O)N3CCN4CCOCC4C3)CC2)OC1(C)C",377.248586904,"Fragment"
"CC1(C)OB(C2=CCN(C(=O)N3CCCC4(CC4)C3)CC2)OC1(C)C",346.242773252,"Fragment"
"CC1(C)OB(C2=CCN(c3nccc(C(F)F)n3)CC2)OC1(C)C",337.177313784,"Fragment"
"O=C(c1csc(-c2cnn(-c3ccccc3)c2)n1)N1CCC(B(O)O)C1",368.111441804,"Fragment"
"CC1(C)OB(C2CCN(C(=O)c3ccn(C4CCCC4)n3)CC2)OC1(C)C",373.25367228399995,"Fragment"
"Cn1cc(C(=O)N2CCC(B3OC(C)(C)C(C)(C)O3)CC2)c(C2CC2)n1",359.23802222,"Fragment"
"Cc1cncc(CNC(=O)N2CCC(B3OC(C)(C)C(C)(C)O3)CC2)c1",359.23802221999995,"Fragment"
"CC1(C)OB(C2CCN(C(=O)NCC3CC34CCOCC4)CC2)OC1(C)C",378.268988,"Fragment"
"O=C1Nc2cc(B(O)O)ccc2C1=O",191.03898807200002,"Fragment"
"CC(C)Oc1cccc(CC(=O)N2CCC3(B4OC(C)(C)C(C)(C)O4)CC3C2)c1",399.2580889679999,"Fragment"
"CC1(C)OB(C23CCN(C(=O)Cc4c[nH]c5ccc(F)cc45)CC2C3)OC1(C)C",398.217701376,"Fragment"
"CC1(C)OB(C23CCN(C(=O)c4cc(=O)[nH]c5c4CCCC5)CC2C3)OC1(C)C",398.237687872,"Fragment"
"O=C(c1cc(B(O)O)ccc1F)N1C[C@H](O)CO1",255.071431072,"Fragment"
"CC1(C)OB(c2cc3[nH]ccc3cc2Cl)OC1(C)C",277.104086864,"Fragment"
"Cc1ccc2nnc(CNC(=O)C34CC3C4)n2c1",242.116761068,"Fragment"
"O=C(N[C@@H]1C[C@H]1c1cccc(Br)c1)C12CC1C2",291.025876168,"Fragment"
"CN(Cc1nc2ccccc2[nH]1)C(=O)C12CC1C2",241.1215121,"Fragment"
"CC(C)OC(=O)CC(NC(=O)C12CC1C2)C(C)C",253.167793596,"Fragment"
"O=C(Nc1ccc(OC2CCCCC2)cc1)C12CC1C2",271.157228912,"Fragment"
"O=C(Nc1ccn(Cc2ccccn2)n1)C12CC1C2",254.116761068,"Fragment"
"CC(C)C(NC(=O)C12CC1C2)c1cccs1",235.103085164,"Fragment"
"CC(C)(C)c1ncc2c(n1)CC1CCC2N1C(=O)C12CC1C2",297.184112356,"Fragment"
"O=C(NCc1cccs1)C1(NC(=O)C23CC2C3)CCCCC1",318.140198944,"Fragment"
"O=C(NCCc1ccc2c(c1)COCC2)C12CC1C2",257.141578848,"Fragment"
"O=C1COCCN1c1ccc(N2C[C@H](CNC(=O)C34CC3C4)OC2=O)cc1",371.14812077199997,"Fragment"
"O=C(N1CCCCCC1C=Cc1cccs1)C12CC1C2",287.13438529200005,"Fragment"
"COc1c(F)cccc1CC1CCCN1C(=O)C12CC1C2",289.1478071,"Fragment"
"CC1(C)Cc2occc2CN(C(=O)C23CC2C3)C1",245.141578848,"Fragment"
"O=C1CN(C(=O)C23CC2C3)CCN1c1ccc(C(F)(F)F)cc1",324.10856238,"Fragment"
"O=C(N1CCc2c(NC(=O)C34CC3C4)cccc21)C(F)(F)F",310.092912316,"Fragment"
"O=C(Cn1c(=O)oc2ccc(NC(=O)C34CC3C4)cc21)N1CCCCC1",355.15320615200005,"Fragment"
"O=C(N[C@@H]1C[C@H]1c1ccccc1OC(F)F)C12CC1C2",279.10708516000005,"Fragment"
"O=C(N1CCCc2oc(Br)cc2C1)C12CC1C2",295.020790788,"Fragment"
"O=C(NC1COc2c1ccc(Cl)c2Cl)C12CC1C2",283.01668395200005,"Fragment"
"O=C(N1CC2(CCCC2)c2cccc(F)c21)C12CC1C2",271.137242416,"Fragment"
"Cc1c(NC(=O)C23CC2C3)cccc1C(=O)N1CCSCC1",316.12454888,"Fragment"
"CC(C)N(Cc1ccc(-c2cccc(F)c2)s1)C(=O)C12CC1C2",329.12496347999996,"Fragment"
"CN(C(=O)C12CC1C2)C(Cc1ccc(F)cc1)c1nccn1C",313.15904048,"Fragment"
"O=C(NC(CO)c1ccc(Cl)cc1C(F)(F)F)C12CC1C2",319.058690996,"Fragment"
"O=C(COc1ccccc1NC(=O)C12CC1C2)N1CCOCC1",316.14230712,"Fragment"
"CC(NC(=O)c1cc(F)ccc1NC(=O)C12CC1C2)c1ccc(C#N)cc1",363.138305036,"Fragment"
"CCN(C(=O)C12CC1C2)C(C)C(=O)Nc1ccc(C)cc1",286.168127944,"Fragment"
"Cc1cnc(NC(=O)CN(C)C(=O)C23CC2C3)s1",265.08849772,"Fragment"
"O=C(NCC1CCc2c(Br)cccc21)C12CC1C2",305.041526232,"Fragment"
"O=C(N1CCOCCC1c1ccc(OC(F)(F)F)cc1)C12CC1C2",341.123878096,"Fragment"
"COC(=O)c1ccc2c(c1)CC(C)(C)C2NC(=O)C12CC1C2",299.152143532,"Fragment"
"O=C(N1c2ccccc2C[C@H]1CO)C12CC1C2",229.11027872,"Fragment"
"CC(CNC(=O)C12CC1C2)c1cccc(=O)[nH]1",232.121177752,"Fragment"
"O=C(N1C[C@H]2[C@@](c3ccc(Br)cc3)(C1)CS2(=O)=O)C12CC1C2",381.00342647199994,"Fragment"
"O=C(N(Cc1ccsc1)CC1CCCCC1)C12CC1C2",289.15003535600005,"Fragment"
"Cc1nc2c(s1)CCN(C(=O)C13CC1C3)C2",234.082684068,"Fragment"
"Cc1ccc(S(=O)(=O)[C@@H]2CCCC[C@H]2NC(=O)C23CC2C3)cc1",333.139864596,"Fragment"
"COc1ccccc1[C@@H]1CCC[C@H](C)N1C(=O)C12CC1C2",285.17287897600005,"Fragment"
"Cc1cc(=O)n(C2CCSC2)cc1NC(=O)C12CC1C2",290.108898816,"Fragment"
"CC1CCc2sc(C(=O)NC3(CNC(=O)C45CC4C5)CCCCC3)cc2C1",386.2027992,"Fragment"
"OB(O)c1c[nH]nc1-c1ccccn1",189.07095689599998,"Fragment"
"Nc1ccncc1B(O)O",138.060057864,"Fragment"
"Nc1ccc(B(O)O)cn1",138.06005786400002,"Fragment"
"CCOc1ccccc1B(O)O",166.080124612,"Fragment"
"OB(O)c1ccc2nccn2c1",162.060057864,"Fragment"
"N#Cc1cccc(B(O)O)c1Cl",181.01018648,"Fragment"
"COC(=O)c1csc(B(O)O)c1",186.015810104,"Fragment"
"OB(O)c1cccc2c1CCO2",164.064474548,"Fragment"
"CSc1cc(C)c(B(O)O)cn1",183.05252996,"Fragment"
"OB(O)c1cccc2cccnc12",173.064808896,"Fragment"
"OB(O)c1ccc2c(c1)CCCO2",178.080124612,"Fragment"
"OB(O)c1cccc2c1OCCO2",180.059389168,"Fragment"
"CCc1ccc(OC)c(B(O)O)c1",180.095774676,"Fragment"
"Cn1ccc2c(B(O)O)cccc21",175.08045896,"Fragment"
"CS(=O)(=O)c1cccc(B(O)O)c1",200.031460168,"Fragment"
"Cn1ncc2ncc(B(O)O)cc21",177.07095689599998,"Fragment"
"OB(O)c1ccccc1OCC1CC1",192.095774676,"Fragment"
"Cc1ccc2cc(B(O)O)ccc2n1",187.08045896000002,"Fragment"
"Cc1ccc(B(O)O)c2cccnc12",187.08045896000002,"Fragment"
"OB(O)c1cncc(-n2cccn2)c1",189.07095689599998,"Fragment"
"OB(O)c1ccc(-c2ccccc2)s1",204.041630928,"Fragment"
"OB(O)c1ccc(C2(O)CCC2)cc1",192.095774676,"Fragment"
"Cc1cc(OCC2CC2)ccc1B(O)O",206.11142474,"Fragment"
"Cc1cnn(-c2cccc(B(O)O)c2)c1",202.09135799199998,"Fragment"
"CC1(C)OB(c2ccc(C3CC3)cc2F)OC1(C)C",262.1540385,"Fragment"
"CC(C)Oc1ccc(O)cc1B1OC(C)(C)C(C)(C)O1",278.168939616,"Fragment"
"CCCn1cc(B2OC(C)(C)C(C)(C)O2)c(C2CC2)n1",276.20090844000003,"Fragment"
"OB(O)c1cc(F)ccc1OCC1CCCO1",240.096917548,"Fragment"
"OB(O)c1cc(F)ccc1OCC1CCOC1",240.096917548,"Fragment"
"OB(O)c1cc2cc(F)c(F)cc2s1",214.00713724,"Fragment"
"CC1(C)OB(C2C3CCN(CC3)S2(=O)=O)OC1(C)C",287.136259584,"Fragment"
"Cn1ncc(B(O)O)c1C(F)(F)F",194.04744249200002,"Fragment"
"OB(O)c1cscc1C(F)F",178.00713724,"Fragment"
"CC1(C)OB(C2=CCN(C(=O)Cc3c[nH]c4ccccc34)CC2)OC1(C)C",366.211473124,"Fragment"
"CC1(C)OB(C2=CCN(c3nccc(C#N)n3)CC2)OC1(C)C",312.17575631200003,"Fragment"
"OB(O)c1c(F)ccc2[nH]ncc12",180.050636052,"Fragment"
"CC1(C)OB(C2CCN(C(=O)c3ccnn3C3CCCC3)CC2)OC1(C)C",373.25367228399995,"Fragment"
"CC(NC(=O)N1CCC(B2OC(C)(C)C(C)(C)O2)CC1)C1CN(C)CCO1",381.279887032,"Fragment"
"CC(C)(C)c1cc(NC(=O)CNc2cccc(B3OC(C)(C)C(C)(C)O3)c2)on1",399.23293684,"Fragment"
"OB(O)c1c(F)ccc2ccoc12",180.039402672,"Fragment"
"Cc1cnnn1CB1OC(C)(C)C(C)(C)O1",223.149207216,"Fragment"
"O=C(c1cccc(B(O)O)c1)N1C[C@@H](F)C[C@H]1C(F)(F)F",305.08463652399996,"Fragment"
"CC(C)(C)OC(=O)c1cc2ccc(B3OC(C)(C)C(C)(C)O3)cc2[nH]1",343.195488712,"Fragment"
"CC1(C)OB(c2ccc(-c3ccccc3F)cc2)OC1(C)C",298.15403849999996,"Fragment"
"COc1ccc(B(O)O)cc1S(N)(=O)=O",231.03727382,"Fragment"
"NS(=O)(=O)c1cc(B(O)O)ccc1F",219.017287324,"Fragment"
"Cn1ccc2ccc(F)c(B3OC(C)(C)C(C)(C)O3)c21",275.149287468,"Fragment"
"CC1(C)OB(c2cc3c(F)cccc3s2)OC1(C)C",278.094809372,"Fragment"
"CC1(C)OB(C23CCN(C(=O)CN4CCCCS4(=O)=O)CC2C3)OC1(C)C",398.2046734919999,"Fragment"
"Cc1cc2cc(CNC(=O)c3cc(B(O)O)ccc3F)ccc2[nH]1",326.123800992,"Fragment"
"OB(O)c1cnc2c(Cl)c(F)ccc2c1",225.016414732,"Fragment"
"O=C(NC1CCOc2c(Cl)cccc21)C12CC1C2",263.071306368,"Fragment"
"O=C(N1CCN(C2Cc3ccccc3C2)CC1)C12CC1C2",282.17321332399996,"Fragment"
"O=C(N1CCN(c2ccccc2Cl)CC1)C12CC1C2",276.10294084400005,"Fragment"
"O=C(N1CCN(c2ncccn2)CC1)C12CC1C2",244.132411132,"Fragment"
"Cc1ccccc1-n1nc(C)c(CNC(=O)C23CC2C3)c1C",295.168462292,"Fragment"
"O=C(NC1CCN(C(=O)C23CC2C3)CC1)c1cccs1",290.108898816,"Fragment"
"O=C(N1CCN(c2nc3ccccc3s2)CC1)C12CC1C2",299.109233164,"Fragment"
"CCCOc1ccc(C(C)NC(=O)C23CC2C3)cc1OCCC",317.199093724,"Fragment"
"O=C(NCc1ccnc(OC2CCOCC2)c1)C12CC1C2",288.1473925,"Fragment"
"CNC(=O)Cc1ccc(NC(=O)C23CC2C3)cc1",244.121177752,"Fragment"
"CCC(NC(=O)C12CC1C2)c1ccc(OC)cc1",245.141578848,"Fragment"
"CC(NC(=O)C12CC1C2)c1ccc2c(c1)NC(=O)CO2",272.116092372,"Fragment"
"CC(C)NC(=O)Nc1ccccc1NC(=O)C12CC1C2",273.147726848,"Fragment"
"CCC(Cc1cn(C)c2ccccc12)NC(=O)C12CC1C2",282.17321332399996,"Fragment"
"O=C(N1CCCC2(C=Cc3ccccc3O2)C1)C12CC1C2",281.14157884800005,"Fragment"
"CCN(C(=O)C12CC1C2)C1CCN(c2ccccc2)C1=O",284.15247788,"Fragment"
"CC(C)n1cc(NC(=O)C23CC2C3)nn1",206.116761068,"Fragment"
"CN(C(=O)c1ccccc1)C1CC2CCC(C1)N2C(=O)C12CC1C2",324.183778008,"Fragment"
"O=C(Nc1cc(F)ccc1OCC1CCCO1)C12CC1C2",291.127071656,"Fragment"
"CC1(Cc2cc(Cl)cs2)CCCN1C(=O)C12CC1C2",295.07976287599996,"Fragment"
"CNC(=O)c1ccc(C2CCCCN2C(=O)C23CC2C3)n1C",301.17902697600005,"Fragment"
"Cc1csc(CN(CC2CCCO2)C(=O)C23CC2C3)n1",292.12454888,"Fragment"
"CC(NC(=O)C12CC1C2)c1ccc(-c2ccc(C(F)(F)F)cc2)s1",351.090469792,"Fragment"
"COc1ccc2c(c1)CN(C(=O)C13CC1C3)C(C1CCCCC1)C2",325.20417910400005,"Fragment"
"O=C1CC(NC(=O)C23CC2C3)CN1c1ccc(Oc2ccccc2)cc1",348.1473925,"Fragment"
"CN(CC1CCN(C(=O)Nc2ccc(F)cc2)CC1)C(=O)C12CC1C2",345.18525522799996,"Fragment"
"Cc1cc2c(o1)CC(C)(C)CC2NC(=O)C12CC1C2",259.157228912,"Fragment"
"O=C(Nc1ccsc1-c1ccc(Cl)cc1)C12CC1C2",289.03281268399996,"Fragment"
"Cc1ccc2oc(CN(Cc3ccco3)C(=O)C34CC3C4)cc2c1",321.136493468,"Fragment"
"O=C(Nc1ccc(-c2cnc(C3CC3)o2)cc1)C12CC1C2",280.121177752,"Fragment"
"Cc1c(NC(=O)C23CC2C3)cnn1C",191.105862036,"Fragment"
"CCCN(C(=O)C12CC1C2)C(C)c1cc2ccccc2o1",283.157228912,"Fragment"
"CC(C)=CCN(Cc1ccc(Cl)cc1)C(=O)C12CC1C2",289.12334194,"Fragment"
"O=C(N(CC1(c2ccc(Cl)c(Cl)c2)CCC1)C1CC1)C12CC1C2",349.100019652,"Fragment"
"CC(NC(=O)C12CC1C2)c1cccc(NC(=O)c2ccccc2)c1",320.15247788,"Fragment"
"O=C(NC(Cn1ccccc1=O)c1ccccc1)C12CC1C2",294.136827816,"Fragment"
"CC(Cc1cc(NC(=O)C23CC2C3)[nH]n1)C(C)(C)C",261.184112356,"Fragment"
"CN(CCS(=O)(=O)c1ccccc1)C(=O)C12CC1C2",279.092914404,"Fragment"
"CSc1ccccc1OCC(O)CN(C(=O)C12CC1C2)C(C)C",335.15551466,"Fragment"
"CN(Cc1ccco1)C(=O)C1CSCN1C(=O)C12CC1C2",306.103813436,"Fragment"
"CC(Oc1ccc(NC(=O)C23CC2C3)c2ccccc12)C(N)=O",310.131742436,"Fragment"
"COC(=O)c1ccc2c(c1)[C@@H](C)[C@@H](CNC(=O)C13CC1C3)O2",301.131408088,"Fragment"
"C#CC1(NC(=O)C23CC2C3)CC2(CCC(F)(F)CC2)C1",279.143470668,"Fragment"
"COC(=O)c1cc(Cl)c2c(c1)CN(C(=O)C13CC1C3)CCO2",321.07678567199997,"Fragment"
"CN(CC1Cc2ccccc2CO1)C(=O)C12CC1C2",257.141578848,"Fragment"
"CCOC(=O)[C@H]1Cc2ccc(C)cc2[C@H]1NC(=O)C12CC1C2",299.152143532,"Fragment"
"C#CC(NC(=O)C12CC1C2)C1CCC(F)(F)CC1",253.127820604,"Fragment"
"O=C(N1CCn2cccc2C1c1ccccc1F)C12CC1C2",296.132491384,"Fragment"
"C#CCN(C(=O)C12CC1C2)C(C)c1ccc2c(c1)NC(=O)CO2",310.13174243599997,"Fragment"
"Cc1noc(C)c1B(O)O",141.059723516,"Fragment"
"Cc1cc(B(O)O)cnc1O",153.059723516,"Fragment"
"OB(O)c1cc(Br)cnc1F",218.950249088,"Fragment"
"CN(C)c1ncc(B(O)O)cn1",167.08660695999998,"Fragment"
"OB(O)c1cc2ccccc2o1",162.048824484,"Fragment"
"COc1ccc(B(O)O)cc1OC",182.075039232,"Fragment"
"OB(O)c1cccc(C2CCC2)c1",176.100860056,"Fragment"
"COc1c(C)cc(C)cc1B(O)O",180.095774676,"Fragment"
"CC=CCOc1ccc(B(O)O)cc1",192.095774676,"Fragment"
"OB(O)c1ccc(-n2cccn2)cc1",188.07570792799999,"Fragment"
"OB(O)c1ccccc1-c1nnn[nH]1",190.06620586399998,"Fragment"
"OB(O)c1cnc(O)c(C(F)(F)F)c1",207.03145808,"Fragment"
"OB(O)c1cnc2c(Cl)cccc2c1",207.025836544,"Fragment"
"OB(O)c1ccccc1CN1CCCC1",205.12740915199998,"Fragment"
"OB(O)c1cccc(-c2ccncc2)c1",199.08045896,"Fragment"
"COc1cc(B(O)O)c(C2CC2)cc1Cl",226.056802324,"Fragment"
"Cc1nccc(B2OC(C)(C)C(C)(C)O2)c1F",237.133637404,"Fragment"
"CC1(C)OB(c2cnc(C(N)=O)c(Cl)c2)OC1(C)C",282.094250452,"Fragment"
"COCc1cc(B2OC(C)(C)C(C)(C)O2)ccc1Cl",282.11940258000004,"Fragment"
"CC1(C)OB(c2cccc3nnsc23)OC1(C)C",262.09472912,"Fragment"
"CC1(C)OB(c2cnc(N3CCCC(CO)C3)nc2)OC1(C)C",319.20672209199995,"Fragment"
"CC1(C)OB(c2ccc(C(=O)O)cc2N)OC1(C)C",263.132888456,"Fragment"
"O=C(c1ccc(Cl)cc1)N1CCCN(C(=O)c2ccc(B(O)O)cc2)CC1",386.12046519999996,"Fragment"
"CC1OCCC12CN(C(=O)c1ccc(B(O)O)cc1)CCO2",305.14345313999996,"Fragment"
"CC1OCCC12CN(C(=O)c1cccc(B(O)O)c1)CCO2",305.14345313999996,"Fragment"
"CC(NC(=O)c1ccc(B(O)O)cc1)C1CCC(F)(F)CC1",311.15043033999996,"Fragment"
"CC1(C)OB(C2=CCN(C(=O)C3CCC(C(F)F)CC3)CC2)OC1(C)C",369.22868065999995,"Fragment"
"CC1(C)OB(C2=CCN(C(=O)C3CCC4(CC3)CC4(F)F)CC2)OC1(C)C",381.22868065999995,"Fragment"
"CC1(C)OB(C2=CCN(C(=O)c3ccc4ncccc4c3)CC2)OC1(C)C",364.19582306,"Fragment"
"CC1(C)OB(C2CCN(C(=O)NCCNC(=O)C3CC3)C2)OC1(C)C",351.23293684,"Fragment"
"Cc1ccnc(N2CC=C(B3OC(C)(C)C(C)(C)O3)CC2)n1",301.19615740800003,"Fragment"
"CC1(C)OB(C2CCN(C(=O)C3Cc4cccc(F)c4O3)CC2)OC1(C)C",375.20171696399996,"Fragment"
"OB(O)c1coc(C(F)(F)F)c1",180.020559048,"Fragment"
"CC1(C)OB(CC2CC3(CCN(C(=O)CC4CC4)CC3)C2)OC1(C)C",347.26317434799995,"Fragment"
"Cn1cc(-c2cc(C(=O)N3CCC4(B5OC(C)(C)C(C)(C)O5)CC4C3)no2)nn1",399.20778471200003,"Fragment"
"CC1(C)OB(C23CCN(C(=O)c4cncc5c4CCNC5=O)CC2C3)OC1(C)C",397.2172867759999,"Fragment"
"COc1ccc(C(=CB2OC(C)(C)C(C)(C)O2)c2ccncc2)cc1",337.184924028,"Fragment"
"O=C(NC(c1ccccc1)c1ccc(F)cc1)C12CC1C2",281.121592352,"Fragment"
"O=C(CC1C=CCC1)Nc1ccccc1NC(=O)C12CC1C2",296.15247788,"Fragment"
"CC(C)(C)c1csc(CCNC(=O)C23CC2C3)n1",264.12963426,"Fragment"
"COCCn1nc(C)c(NC(=O)C23CC2C3)c1C",249.147726848,"Fragment"
"COc1cc(SC)ccc1NC(=O)C12CC1C2",249.08234972,"Fragment"
"O=C(NC(CO)c1ccc(Br)cc1)C12CC1C2",295.020790788,"Fragment"
"CC(NC(=O)C12CC1C2)c1ccccc1N1CCOCC1",286.168127944,"Fragment"
"O=C(N(Cc1ccccc1F)C1Cc2ccccc2C1)C12CC1C2",321.15289248,"Fragment"
"Cc1sc(CNC(=O)C23CC2C3)nc1-c1ccc(Cl)cc1",318.05936178,"Fragment"
"O=C(NC1CCC(Sc2ccc(Cl)cc2)CC1)C12CC1C2",321.09541293999996,"Fragment"
"CC(C)N(Cc1nc2ccccc2c(=O)[nH]1)C(=O)C12CC1C2",297.147726848,"Fragment"
"Cc1nnc([C@]23CCC[C@H]2CN(C(=O)C24CC2C4)C3)o1",273.147726848,"Fragment"
"O=C1Nc2ccc(Br)cc2CCC1NC(=O)C12CC1C2",334.03168982,"Fragment"
"Cc1cc(C(=O)NCC(C)C)ccc1NC(=O)C12CC1C2",286.168127944,"Fragment"
"CC1(CNC(=O)C23CC2C3)OCCc2sccc21",263.097999784,"Fragment"
"CC1(C)C(c2cc(F)c(F)c(F)c2)CCN1C(=O)C12CC1C2",309.134048856,"Fragment"
"O=C(NC1COc2cc(F)cc(F)c21)C12CC1C2",251.075785032,"Fragment"
"O=C(NC1c2ccccc2CC12CCOCC2)C12CC1C2",283.15722891200005,"Fragment"
"O=C(Nc1ccc(S(=O)(=O)C2CCCC2)cc1)C12CC1C2",305.108564468,"Fragment"
"CCC(C)(NC(=O)C12CC1C2)c1nc(C)cs1",250.113984196,"Fragment"
"O=C(c1cccc(NC(=O)C23CC2C3)c1)N1CCCCC1",284.15247788,"Fragment"
"COc1cccc(C2(NC(=O)C34CC3C4)CCOCC2)c1F",305.14272172,"Fragment"
"CCN(Cc1nc2c(s1)CC(C)CC2)C(=O)C12CC1C2",290.145284324,"Fragment"
"CC(C)C(NC(=O)C12CC1C2)c1ccc2c(c1)OCCO2",287.152143532,"Fragment"
"CC(Cc1cnccn1)NC(=O)C12CC1C2",217.1215121,"Fragment"
"O=C(N(Cc1c(F)cccc1F)C1CCCC1)C12CC1C2",291.143470668,"Fragment"
"CN1CC(=O)N(Cc2ccc(C(N)=O)cc2NC(=O)C23CC2C3)C1=O",342.13280505599994,"Fragment"
"CC1CN(C(=O)C23CC2C3)CCN1C(=O)Cc1cccc(Cl)c1",332.129155592,"Fragment"
"O=C(NC(CC1CCCCC1)c1ncccn1)C12CC1C2",285.184112356,"Fragment"
"COCC(=O)N1CCc2c(NC(=O)C34CC3C4)cccc21",286.131742436,"Fragment"
"O=C(NC1CC2(CCC2)Oc2ccc(Br)cc21)C12CC1C2",347.052090916,"Fragment"
"COc1ccc(C(NC(=O)C23CC2C3)C(F)(F)F)cc1Br",363.0081754160001,"Fragment"
"Cc1nc(C(F)(F)F)sc1NC(=O)C12CC1C2",262.038768568,"Fragment"
"CCc1cc(=O)[nH]c(C(C)(CC)NC(=O)C23CC2C3)n1",275.163376912,"Fragment"
"Cc1ccccc1S(C)(=O)=NC(=O)C12CC1C2",249.08234972,"Fragment"
"COC(=O)c1cccc(C2CCCN(C(=O)C34CC3C4)C2)c1",299.152143532,"Fragment"
"CCN(C(=O)C12CC1C2)C1CCOc2c(C)cc(F)cc21",289.1478071,"Fragment"
"CC1CN(C(=O)C23CC2C3)Cc2ccc(Br)cc2O1",321.036440852,"Fragment"
"Cc1nc(C2CCN(C(=O)C34CC3C4)CC2)nc2c1CCCC2",311.19976242,"Fragment"
"CNC(=O)C(C1CCN(C2CCCCC2)CC1)N(C(=O)C12CC1C2)c1cnn(C)c1",413.27907536000004,"Fragment"
"Cc1cc(B(O)O)c(C)s1",156.041630928,"Fragment"
"COc1cc(B(O)O)c(Cl)cn1",187.020751164,"Fragment"
"OCc1ccc(F)c(B(O)O)c1",170.055052736,"Fragment"
"NC(=O)c1cccc(B(O)O)c1",165.059723516,"Fragment"
"OCc1ccc(B(O)O)cc1Cl",186.025502196,"Fragment"
"OB(O)c1csc(C(F)(F)F)c1",195.997715428,"Fragment"
"COc1cccc(F)c1B(O)O",170.055052736,"Fragment"
"CCc1cc(F)ccc1B(O)O",168.07578818,"Fragment"
"CN(C)Cc1cccc(B(O)O)c1",179.11175908799999,"Fragment"
"OB(O)c1ccc2c(c1F)OCO2",184.034317292,"Fragment"
"COc1cccc(B(O)O)c1OC",182.075039232,"Fragment"
"CCOc1cccc(F)c1B(O)O",184.0707028,"Fragment"
"CC(C)c1cc(B(O)O)ccc1O",180.09577467600002,"Fragment"
"OB(O)c1ccc2c(c1Cl)OCO2",200.004766752,"Fragment"
"COc1ccc(B(O)O)c(C)c1F",184.0707028,"Fragment"
"CCC(C)Oc1ccccc1B(O)O",194.11142474,"Fragment"
"COc1cccc2cc(B(O)O)oc12",192.059389168,"Fragment"
"OB(O)c1ccc(N2CCCC2)nc1",192.10700805599998,"Fragment"
"COc1ccc([N+](=O)[O-])cc1B(O)O",197.049552756,"Fragment"
"CC(C)Oc1cc(B(O)O)c(F)cn1",199.081601832,"Fragment"
"CCCOc1ccc(B(O)O)c(F)c1",198.086352864,"Fragment"
"CCOc1ccc(B(O)O)c(CC)c1",194.11142474,"Fragment"
"N#CC1(c2cccc(B(O)O)c2)CC1",187.08045896,"Fragment"
"COC(=O)c1cc(Cl)cc(B(O)O)c1",214.020416816,"Fragment"
"CC(C)COc1ccc(B(O)O)cn1",195.106673708,"Fragment"
"OB(O)c1ccc(Cn2cncn2)cc1",203.08660695999998,"Fragment"
"COc1ccc(B(O)O)cc1CN(C)C",209.122323772,"Fragment"
"OB(O)c1ccc(OC2CCOC2)cc1",208.090689296,"Fragment"
"COc1ccc(B(O)O)cc1C(F)(F)F",220.051859176,"Fragment"
"OB(O)c1ccccc1CN1CCCCC1",219.14305921599998,"Fragment"
"N[C@@H](Cc1ccc(B(O)O)cc1F)C(=O)O",227.076516452,"Fragment"
"CC1(C)OB(c2ccc(Cl)c(OC(F)(F)F)c2)OC1(C)C",322.07548708,"Fragment"
"COC(=O)c1scc(C)c1B1OC(C)(C)C(C)(C)O1",282.109710488,"Fragment"
"CC1(c2cccc(B3OC(C)(C)C(C)(C)O3)c2)CC1",258.179110376,"Fragment"
"CN(C)CCc1ccc(B2OC(C)(C)C(C)(C)O2)cc1",275.205659472,"Fragment"
"OB(O)c1ccc(OCC2CCCCO2)cc1",236.121989424,"Fragment"
"OB(O)c1cc(F)ccc1OCc1ccncc1",247.081601832,"Fragment"
"O=C(Nc1nccs1)c1ccc(B(O)O)cc1",248.042693548,"Fragment"
"O=C(NCC1CCC(O)C1)c1ccc(B(O)O)cc1",263.132888456,"Fragment"
"CCN(C(=O)c1cc(B(O)O)ccc1F)C1CCOC(C)(C)C1",323.170416836,"Fragment"
"CC1(C)OB(C2=CCN(C(=O)c3ccc4cnccc4c3)CC2)OC1(C)C",364.19582306,"Fragment"
"CC1(C)OB(C2=CCN(C(=O)Cc3cccc(C#N)c3)CC2)OC1(C)C",352.19582306,"Fragment"
"CC(Oc1cccc(F)c1)C(=O)N1CCC(B2OC(C)(C)C(C)(C)O2)C1",363.20171696399996,"Fragment"
"CNC(=O)C1CCCC1NC(=O)N1CCC(B2OC(C)(C)C(C)(C)O2)C1",365.248586904,"Fragment"
"CC1(C)OB(C2CCN(c3ccc(C#N)nn3)CC2)OC1(C)C",314.19140637600003,"Fragment"
"CC1(C)OB(C2CCN(C(=O)C3CC(=O)N(C4CC4)C3)CC2)OC1(C)C",362.237687872,"Fragment"
"Cn1cc([C@@H]2C[C@H]2C(=O)N2CCC(B3OC(C)(C)C(C)(C)O3)CC2)cn1",359.23802222,"Fragment"
"CC1(CNC(=O)N2CCC(B3OC(C)(C)C(C)(C)O3)CC2)CCOCC1",366.268988,"Fragment"
"CC1(C)OCCC1CNC(=O)N1CCC(B2OC(C)(C)C(C)(C)O2)CC1",366.268988,"Fragment"
"Cc1cnccc1CCN1CCC(B2OC(C)(C)C(C)(C)O2)CC1",330.247858632,"Fragment"
"CC1(C)OB(c2cc3cc(O)[nH]c3cc2Cl)OC1(C)C",293.09900148400004,"Fragment"
"O=C(NC1CCc2ncccc2C1)c1cccc(B(O)O)c1",296.133222804,"Fragment"
"O=C(c1cccc(B(O)O)c1)N1CCC[C@H]2C[C@]21CO",275.132888456,"Fragment"
"CC1(C)OB(C23CCN(Cc4cnc(-c5ccccn5)s4)CC2C3)OC1(C)C",397.19952853599995,"Fragment"
"CC1(C)OB(C23CCN(C(=O)C4(c5cccnc5)CCCC4)CC2C3)OC1(C)C",396.258423316,"Fragment"
"CC1(C)OB(C23CCN(C(=O)c4cncc(N5CCCC5)n4)CC2C3)OC1(C)C",398.248921252,"Fragment"
"Cn1nc(C(=O)N2CCC3(B4OC(C)(C)C(C)(C)O4)CC3C2)c2cc(F)ccc21",399.21295034400003,"Fragment"
"CC1(C)OB(C23CCN(C(=O)c4cn(CC(F)(F)F)cn4)CC2C3)OC1(C)C",399.19410672000004,"Fragment"
"OB(O)c1cccn2nccc12",162.060057864,"Fragment"
"CC1(C)OB(c2ccnc3ccncc23)OC1(C)C",256.13830818400004,"Fragment"
"CCOc1ccc([N+](=O)[O-])cc1B(O)O",211.06520282,"Fragment"
"CC1(C)OB(CCCn2cc(C3(O)CCNC3)nn2)OC1(C)C",322.217621124,"Fragment"
"CC(NC(=O)C12CC1C2)c1cccc(C(F)(F)F)c1",269.102748728,"Fragment"
"O=C(Nc1cnn(-c2ncccn2)c1)C12CC1C2",241.096359972,"Fragment"
"CC(NC(=O)C12CC1C2)c1ccc(NC(=O)c2ccc(F)cc2)cc1",338.143056068,"Fragment"
"O=C(NCCn1cc(Cl)cn1)C12CC1C2",225.066889684,"Fragment"
"O=C(NC1(COc2ccccc2)CC1)C12CC1C2",243.125928784,"Fragment"
"O=C(NC(Cc1ccccc1)c1nc2ccccc2o1)C12CC1C2",318.136827816,"Fragment"
"CCN(C(=O)C12CC1C2)C1CCc2[nH]c3ccc(Cl)cc3c2C1",328.13424097200004,"Fragment"
"CCOC(=O)C1c2ccc(F)c(F)c2CCN1C(=O)C12CC1C2",321.117649844,"Fragment"
"CC(NC(=O)C12CC1C2)c1ncc(-c2ccccc2)o1",268.121177752,"Fragment"
"CC1c2ccc(C#N)n2CCN1C(=O)C12CC1C2",241.1215121,"Fragment"
"O=C(N1CCC2(CC1)OCCc1cc(Cl)sc12)C12CC1C2",323.074677496,"Fragment"
"O=C(NC1(c2cc(Cl)cc(Br)c2)CC1)C12CC1C2",324.986903816,"Fragment"
"O=C(NCc1cc(=O)[nH]c2ccccc12)C12CC1C2",254.105527688,"Fragment"
"O=C1CCC(NC(=O)c2cccc(CNC(=O)C34CC3C4)c2)C(=O)N1",341.13755608800005,"Fragment"
"O=C1c2ccccc2C(CNC(=O)C23CC2C3)N1Cc1ccccc1",332.15247788,"Fragment"
"O=C(Nc1cnc(Cc2ccc(F)cc2)nc1)C12CC1C2",283.112090288,"Fragment"
"O=C(N(CCO)Cc1cc(Br)ccc1F)C12CC1C2",327.02701904,"Fragment"
"NC(=O)C1(NC(=O)C23CC2C3)CCOc2ccccc21",272.116092372,"Fragment"
"CN(C(=O)C12CC1C2)C1CS(=O)(=O)c2ccccc21",277.07726434,"Fragment"
"O=C(N1CCCn2c(cc3ccccc32)C1)C12CC1C2",266.141913196,"Fragment"
"C#CC12CC(CN1C(=O)C13CC1C3)C2",187.099714036,"Fragment"
"CC(CO)N(Cc1ccccc1Cl)C(=O)C12CC1C2",279.10260649599996,"Fragment"
"OB(O)c1cscc1Cl",161.971358448,"Fragment"
"Nc1cnccc1B(O)O",138.060057864,"Fragment"
"Cc1ccc(Cl)cc1B(O)O",170.030587576,"Fragment"
"COc1ccc(F)cc1B(O)O",170.055052736,"Fragment"
"CSCc1cccc(B(O)O)c1",182.057280992,"Fragment"
"OB(O)c1cc2ccccc2s1",178.025980864,"Fragment"
"OB(O)c1ccc2c(c1)OCC2",164.064474548,"Fragment"
"Cc1cc(C#N)ncc1B(O)O",162.060057864,"Fragment"
"COc1ccc(B(O)O)c(OC)c1",182.075039232,"Fragment"
"CC1Cc2cc(B(O)O)ccc2O1",178.08012461200002,"Fragment"
"Cc1ccc2cc(B(O)O)sc2c1",192.041630928,"Fragment"
"NC(=O)Nc1cccc(B(O)O)c1",180.070622548,"Fragment"
"NCCc1cccc(B(O)O)c1",165.096109024,"Fragment"
"Cn1ccc2cc(B(O)O)cnc21",176.07570792799999,"Fragment"
"OB(O)c1ccc(OCC2CC2)cc1",192.095774676,"Fragment"
"COc1ccc2sc(B(O)O)cc2c1",208.036545548,"Fragment"
"COc1ccc(C(=O)O)cc1B(O)O",196.054303788,"Fragment"
"OB(O)c1cnc(-c2ncco2)nc1",191.050221452,"Fragment"
"OB(O)c1ccc2c(c1)OC(F)(F)O2",202.02489548,"Fragment"
"OB(O)c1ccc(Cn2cccn2)c(F)c1",220.08193617999999,"Fragment"
"Cc1cc(C)n(-c2ccc(B(O)O)cc2)n1",216.10700805599998,"Fragment"
"CC1(C)OB(c2cnc(Cl)c(C#N)c2)OC1(C)C",264.083685768,"Fragment"
"COc1ccc(B2OC(C)(C)C(C)(C)O2)c(C(F)(F)F)c1",302.130109496,"Fragment"
"CC(C)c1cc(B2OC(C)(C)C(C)(C)O2)cnc1N",262.185258376,"Fragment"
"OB(O)c1cc(F)ccc1OCC1CCOCC1",254.112567612,"Fragment"
"CN(c1ccccc1)S(=O)(=O)c1ccc(B(O)O)cc1",291.073659328,"Fragment"
"OB(O)c1cnn(-c2ccc(C(F)(F)F)cc2)c1",256.063092556,"Fragment"
"Cc1cn(C)nc1B(O)O",140.07570792799999,"Fragment"
"CC1(C)OB(C2=CCN(C(=O)c3ccc4ccncc4c3)CC2)OC1(C)C",364.19582306,"Fragment"
"CC(C)C(=O)N1CCC(C(=O)N2CCC(B3OC(C)(C)C(C)(C)O3)C2)CC1",378.268988,"Fragment"
"CC1(C)OB(C2CCN(C(=O)C3(Oc4ccccc4)CC3)C2)OC1(C)C",357.2111387759999,"Fragment"
"O=C(c1ccn(-c2cccc([N+](=O)[O-])c2)n1)N1CCC(B(O)O)C1",330.11354997999996,"Fragment"
"CC1(C)OB(C2CCN(C(=O)c3ccc4ccncc4c3)CC2)OC1(C)C",366.211473124,"Fragment"
"Cc1cc(N2CCC(B3OC(C)(C)C(C)(C)O3)CC2)ncc1[N+](=O)[O-]",347.201636712,"Fragment"
"OB(O)c1c(F)ccc2c1OCO2",184.034317292,"Fragment"
"CN(C)C1(C)CCN(C(=O)c2cccc(B(O)O)c2)C1",276.164522932,"Fragment"
"Cc1ccc2cc(B3OC(C)(C)C(C)(C)O3)sc2c1",274.119881248,"Fragment"
"CC1(C)OB(c2cnc3cncn3c2)OC1(C)C",245.133557152,"Fragment"
"CC1(C)OB(CCCn2cc(CCN)nn2)OC1(C)C",280.20705644000003,"Fragment"
"CC1(C)OCc2cc(B(O)O)ccc21",192.095774676,"Fragment"
"OB(O)c1c(Cl)ccc2[nH]ncc12",196.02108551199998,"Fragment"
"NC(=O)c1cc(NC(=O)C23CC2C3)ccc1F",234.080455812,"Fragment"
"O=C(N1Cc2cnc(C(F)(F)F)nc2C1)C12CC1C2",269.0775966,"Fragment"
"CN(C(=O)C12CC1C2)C(c1ccc(Cl)cc1)C1CCOCC1",319.13390662399996,"Fragment"
"O=C(c1ccc(NC(=O)C23CC2C3)cc1Cl)N1CCCCC1",318.113505528,"Fragment"
"COCC(NC(=O)C12CC1C2)c1ccc2[nH]ccc2c1",270.136827816,"Fragment"
"CCN(CC)C(CNC(=O)C12CC1C2)c1ccc(C(F)(F)F)cc1",340.176248016,"Fragment"
"NC(=O)c1cc2c([nH]c1=O)CCCC2NC(=O)C12CC1C2",287.126991404,"Fragment"
"COc1ccc2c(c1OC)CCC2NC(=O)C12CC1C2",273.136493468,"Fragment"
"CC1(C)C(=O)N(c2ccc(F)cc2)CCN1C(=O)C12CC1C2",302.143056068,"Fragment"
"O=C1COc2c(cc(Cl)cc2NC(=O)C23CC2C3)N1",278.04581989200005,"Fragment"
"O=C(NC1CN(S(=O)(=O)c2ccc3c(c2)OCCO3)C1)C12CC1C2",350.093642676,"Fragment"
"O=C(Nc1ccccc1-c1cc(F)cc(F)c1)C12CC1C2",285.096520476,"Fragment"
"COc1ccc(OC)c2c1CN(C(=O)C13CC1C3)CC2O",289.131408088,"Fragment"
"COC(=O)c1cc(CNC(=O)C23CC2C3)n2c1COCC2",290.126657056,"Fragment"
"Cc1cccn(Cc2c(F)cccc2NC(=O)C23CC2C3)c1=O",312.12740600399997,"Fragment"
"CC(C)(NC(=O)C12CC1C2)c1nc2cc(Cl)ccc2o1",290.0822054,"Fragment"
"COCCn1cc(NC(=O)C23CC2C3)ccc1=O",248.116092372,"Fragment"
"COc1cc(C)cc2c(C)c(C(C)NC(=O)C34CC3C4)oc12",299.152143532,"Fragment"
"COc1ccc(C(=O)N2CCC(NC(=O)C34CC3C4)CC2)c(OC)c1",344.173607248,"Fragment"
"CN1CCCc2cc(CNC(=O)C34CC3C4)ccc21",256.15756326,"Fragment"
"CCN(CC1COc2ccccc2O1)C(=O)C12CC1C2",273.136493468,"Fragment"
"CC(C)(C)OC(=O)NC1Cc2ccccc2N(C(=O)C23CC2C3)C1",328.178692628,"Fragment"
"NS(=O)(=O)c1ccc(-c2ccc(CNC(=O)C34CC3C4)o2)cc1",332.08307799199997,"Fragment"
"COC(=O)C1c2ccc(Br)cc2OCCN1C(=O)C12CC1C2",365.026270092,"Fragment"
"C#CC1CC2CCC1N(C(=O)C13CC1C3)C2",215.131014164,"Fragment"
"CC1(C)Cc2c(Br)cccc2CN1C(=O)C12CC1C2",319.057176296,"Fragment"
"O=C(N(CCF)Cc1cc2ccccc2s1)C12CC1C2",289.093663352,"Fragment"
"CC(C)c1cccc2c1OCCCC2N(C(=O)C12CC1C2)C1CC1",325.20417910400005,"Fragment"
"CN(C(=O)C12CC1C2)C1CCc2[nH]c3c(F)cc(F)cc3c2C1",316.13871963599996,"Fragment"
"O=C(NCCc1cc(O)nc(C2CC2)n1)C12CC1C2",259.132076784,"Fragment"
"CC(NC(=O)C12CC1C2)c1cc2cc(Br)ccc2[nH]1",318.0367752000001,"Fragment"
"Cc1cc(B(O)O)cs1",142.025980864,"Fragment"
"Nc1ncccc1B(O)O",138.060057864,"Fragment"
"Cc1cc(Cl)cc(B(O)O)c1",170.030587576,"Fragment"
"COc1ccc(B(O)O)cn1",153.059723516,"Fragment"
"COc1ncc(Cl)cc1B(O)O",187.020751164,"Fragment"
"CC(C)c1ncccc1B(O)O",165.096109024,"Fragment"
"CC#Cc1ccccc1B(O)O",160.069559928,"Fragment"
"OB(O)c1ccc(OC(F)F)cc1",188.045630924,"Fragment"
"OB(O)c1cccc2cnccc12",173.064808896,"Fragment"
"OB(O)c1ccc(C(F)(F)F)nc1",191.03654346,"Fragment"
"CC(=O)Nc1cccc(B(O)O)c1",179.07537358,"Fragment"
"COc1ccc(F)c(B(O)O)c1F",188.045630924,"Fragment"
"COC(=O)c1ccccc1B(O)O",180.059389168,"Fragment"
"CCC(=O)c1cccc(B(O)O)c1",178.080124612,"Fragment"
"CC(=O)c1ccc(B(O)O)c(F)c1",182.055052736,"Fragment"
"OB(O)c1cc2ccc(F)cc2o1",180.039402672,"Fragment"
"Cc1cc2c(cc1B(O)O)OCO2",180.059389168,"Fragment"
"OB(O)c1ccc(CC2CC2)cc1",176.100860056,"Fragment"
"OB(O)c1cnn(-c2ccccc2)c1",188.07570792799999,"Fragment"
"CC(C)OCc1cccc(B(O)O)c1",194.11142474,"Fragment"
"COCOc1ccc(B(O)O)c(C)c1",196.090689296,"Fragment"
"OB(O)c1ccc2cc(O)ccc2c1",188.064474548,"Fragment"
"COC(=O)c1ccc(B(O)O)cc1C",194.075039232,"Fragment"
"CS(=O)(=O)Nc1ccc(B(O)O)cc1",215.0423592,"Fragment"
"OB(O)c1cncc(OC(F)(F)F)c1",207.03145808,"Fragment"
"COCOc1ccc(B(O)O)cc1Cl",216.03606688,"Fragment"
"N#Cc1ccc(B(O)O)cc1C1CC1",187.08045896,"Fragment"
"NS(=O)(=O)Nc1ccc(B(O)O)cc1",216.037608168,"Fragment"
"OB(O)c1ccc(OC2CCCC2)cc1",206.11142474,"Fragment"
"Cc1nc(C(F)(F)F)ccc1B1OC(C)(C)C(C)(C)O1",287.130443844,"Fragment"
"CNC(=O)c1cc(B2OC(C)(C)C(C)(C)O2)cnc1N",277.1597719,"Fragment"
"CC1(C)OB(c2ccc(F)cc2OCCc2ccccc2)OC1(C)C",342.18025324799993,"Fragment"
"CC1(C)OB(c2ccc(C(N)=O)c(O)c2)OC1(C)C",263.13288845600005,"Fragment"
"OB(O)c1csc2ccc(F)cc12",196.016559052,"Fragment"
"N#Cc1ccc(B(O)O)o1",137.028423388,"Fragment"
"CCC1(O)CCN(C(=O)c2cc(B(O)O)ccc2F)CC1",295.139116708,"Fragment"
"O=C(NCC1CCC(O)C1)c1cccc(B(O)O)c1",263.132888456,"Fragment"
"CCN(C(=O)c1ccc(B(O)O)cc1)C1CCOC(C)(C)C1",305.179838648,"Fragment"
"CCN(C(=O)c1cccc(B(O)O)c1)C1CCOC(C)(C)C1",305.179838648,"Fragment"
"O=C(c1cccc(B(O)O)c1)N1Cc2ccc(O)cc2C2(CC2)C1",323.132888456,"Fragment"
"CC1(C)OB(C2=CCN(C(=O)c3cccc4ccncc34)CC2)OC1(C)C",364.19582306,"Fragment"
"CC1(C)OB(C2=CCN(C(=O)c3ccc(F)c(Cl)c3)CC2)OC1(C)C",365.13652986399995,"Fragment"
"CC1(C)OB(C2=CCN(C(=O)c3cccc4cnccc34)CC2)OC1(C)C",364.19582306,"Fragment"
"CN(C)Cc1ccc(C(=O)N2CCC(B3OC(C)(C)C(C)(C)O3)C2)cc1",358.242773252,"Fragment"
"CC(C)OC(C(=O)N1CCC(B2OC(C)(C)C(C)(C)O2)C1)c1ccccc1",373.242438904,"Fragment"
"COC(=O)c1cnc(N2CCC(B3OC(C)(C)C(C)(C)O3)CC2)nc1",347.201636712,"Fragment"
"CC1(C)OB(C2CCN(C(=O)c3ccc(N4CCC4)nc3)CC2)OC1(C)C",371.23802221999995,"Fragment"
"CC1(C)OB(C2CCN(C(=O)NC3CCOC4(CCC4)C3)CC2)OC1(C)C",378.268988,"Fragment"
"CC1(C)OB(C2CCN(C(=O)N3CCOCC(O)C3)CC2)OC1(C)C",354.23260249199996,"Fragment"
"CC1(C)OB(C2CCN(S(=O)(=O)c3ncc[nH]3)CC2)OC1(C)C",341.15805764799995,"Fragment"
"C=CCCCS(=O)(=O)N1CCC(B2OC(C)(C)C(C)(C)O2)CC1",343.19885983999995,"Fragment"
"Cc1nnsc1CN1CCC(B2OC(C)(C)C(C)(C)O2)CC1",323.18387847199995,"Fragment"
"Cc1nc(N2CCC(B3OC(C)(C)C(C)(C)O3)CC2)ccc1[N+](=O)[O-]",347.201636712,"Fragment"
"Cc1nn(C)c2sc(B3OC(C)(C)C(C)(C)O3)cc12",278.126029248,"Fragment"
"CC1(C)OB(C23CCN(C(=O)Cc4cn5cc(F)ccc5n4)CC2C3)OC1(C)C",399.21295034400003,"Fragment"
"CC1(C)OB(CC2CC3(CCN(C(=O)C(F)F)CC3)C2)OC1(C)C",343.21303059599995,"Fragment"
"Cc1cc(B(O)O)cnc1C(F)F",187.061615336,"Fragment"
"CS(=O)(=O)NC1CN(C(=O)C23CC2C3)C1",230.072513308,"Fragment"
"CCC(NC(=O)C12CC1C2)c1c(C)noc1C",234.136827816,"Fragment"
"O=C(NCc1csc(C2CC2)n1)C12CC1C2",234.082684068,"Fragment"
"O=C(Nc1cc(Br)c2c(c1)OCCO2)C12CC1C2",309.000055344,"Fragment"
"O=C(NC1(c2ccc(Br)cc2)CCCC1)C12CC1C2",319.057176296,"Fragment"
"COc1cc(CNC(=O)C23CC2C3)ccc1OC(C)C",275.152143532,"Fragment"
"COCCN(C(=O)C12CC1C2)C1CCOCC1",239.152143532,"Fragment"
"CN(Cc1nncn1C)C(=O)C12CC1C2",206.116761068,"Fragment"
"O=C(N1CCC(c2ccccn2)C1)C12CC1C2",228.126263132,"Fragment"
"CC1(C)CC(NC(=O)C23CC2C3)c2cc(F)ccc2O1",275.13215703599997,"Fragment"
"O=C(N(Cc1cccc(F)c1)CC1CCCO1)C12CC1C2",289.1478071,"Fragment"
"O=C(NC(CO)c1cccc(C(F)(F)F)c1)C12CC1C2",285.097663348,"Fragment"
"O=C1c2ccccc2C(=O)N1Cc1csc(CNC(=O)C23CC2C3)n1",353.08341234000005,"Fragment"
"CC(C)Oc1cc(C(N)=O)ccc1NC(=O)C12CC1C2",274.131742436,"Fragment"
"CCc1nc2c(s1)C(N(C)C(=O)C13CC1C3)CCC2",276.12963426,"Fragment"
"CN(C(=O)C12CC1C2)C(c1ccccc1)c1ccc(F)cc1Cl",329.098270064,"Fragment"
"Cc1cccc(CN(C(=O)C23CC2C3)C2CC2)c1",241.146664228,"Fragment"
"O=C(NCc1cc(=O)[nH]c(C2CCC2)n1)C12CC1C2",259.132076784,"Fragment"
"CC(c1ccccc1Oc1cccc(Cl)c1)N(C)C(=O)C12CC1C2",341.11825655999996,"Fragment"
"O=C(NC1(c2nc3ccccc3s2)COC1)C12CC1C2",286.077598688,"Fragment"
"O=C1C(NC(=O)C23CC2C3)CCN1c1cccc(OC(F)(F)F)c1",340.10347700000005,"Fragment"
"O=C(NC1CN(c2ccccc2)C1)C12CC1C2",228.126263132,"Fragment"
"CC(C1Cc2ccccc2O1)N(C)C(=O)C12CC1C2",257.141578848,"Fragment"
"C#CCN(C(=O)C12CC1C2)C1CCS(=O)(=O)C1",253.07726434,"Fragment"
"COc1ccc(Cl)c2c1CCCC2N(C)C(=O)C12CC1C2",305.11825655999996,"Fragment"
"COc1cc(NC(=O)C23CC2C3)c(C(=O)N2C(C)CCCC2C)cc1OC",372.204907376,"Fragment"
"Cc1nc(C(C)C)sc1C(C)N(C)C(=O)C12CC1C2",278.145284324,"Fragment"
"O=C(N(Cc1ccccc1)Cc1nc2ccsc2c(=O)[nH]1)C12CC1C2",351.104147784,"Fragment"
"Cc1c(NC(=O)C23CC2C3)cnn1CC(F)(F)F",259.093246664,"Fragment"
"O=C(N1CCCCc2sccc21)C12CC1C2",233.0874351,"Fragment"
"O=C(NC1(c2nccc(C(F)F)n2)CCC1)C12CC1C2",279.11831854,"Fragment"
"Cc1ccc(NC(=O)C2(CNC(=O)C34CC3C4)CCCC2)cc1C",326.199428072,"Fragment"
"Cc1nccc(CN2CCCC(NC(=O)C34CC3C4)C2=O)n1",300.15862588,"Fragment"
"O=C(N(CCc1ccccc1)CCc1ccncc1)C12CC1C2",306.17321332399996,"Fragment"
"CCC(CC)(NC(=O)C12CC1C2)c1ccc(Cl)c(Cl)c1",311.084369588,"Fragment"
"CC1c2[nH]c3ccccc3c2C(c2ccccc2Cl)CN1C(=O)C12CC1C2",376.13424097200004,"Fragment"
"CC(C)(C)c1csc(CC2(O)CC3CCC(C2)N3C(=O)C23CC2C3)n1",360.187149136,"Fragment"
"COc1ccc(NC(=O)C23CC2C3)cc1OCC(F)(F)F",301.092577968,"Fragment"
"O=C(N1CCCC1c1ccc2c(c1)OCCCO2)C12CC1C2",299.152143532,"Fragment"
"O=C(NC[C@]1(CO)C[C@H]1c1ccccc1F)C12CC1C2",275.132157036,"Fragment"
"COc1cccc(C2(NC(=O)C34CC3C4)CC3(CCC3)C2)c1",297.17287897600005,"Fragment"
"O=C(N1CCS(=O)(=O)C(Cc2ccccc2)C1)C12CC1C2",305.108564468,"Fragment"
"Cc1c(F)cccc1CN(CC1CCOC1)C(=O)C12CC1C2",303.163457164,"Fragment"
"CC(NC(=O)C12CC1C2)c1nc2c(s1)COCC2",264.093248752,"Fragment"
"CC#CC(=O)NC(C)c1ccc2c(c1)NC(=O)CO2",258.100442308,"Fragment"
"CC#CC(=O)NCc1noc(-c2cccs2)n1",247.041547528,"Fragment"
"CC#CC(=O)N1Cc2ccccc2CC1C(=O)OC",257.10519334,"Fragment"
"CC#CC(=O)N(CC)Cc1cccc2c1OCCO2",259.120843404,"Fragment"
"CC#CC(=O)Nc1ccc(Cn2ccnc2C)cc1",253.1215121,"Fragment"
"CC#CC(=O)N1CCN(C2CCCCNC2=O)CC1",263.163376912,"Fragment"
"CC#CC(=O)NCCC(=O)N1CCOc2ccccc2C1",286.131742436,"Fragment"
"CC#CC(=O)N(C1CC1)C1CC(=O)NC1=O",220.084792244,"Fragment"
"CC#CC(=O)N(C)C(c1cccc(F)c1)c1cnn(C)c1",285.127740352,"Fragment"
"CC#CC(=O)N(C)Cc1ncc(C)c(OC)c1C",246.136827816,"Fragment"
"CC#CC(=O)NC1CCCN(Cc2ccccc2)C1=O",270.136827816,"Fragment"
"CC#CC(=O)NCc1cccc(-c2n[nH]c(C)n2)c1",254.116761068,"Fragment"
"CC#CC(=O)NC1CCOCC1OCC",211.120843404,"Fragment"
"CC#CC(=O)NCc1cnc(C)nc1O",205.085126592,"Fragment"
"CC#CC(=O)NC(C)Cn1cnnc1",192.101111004,"Fragment"
"CC#CC(=O)NCC(O)c1ccc(Cl)cc1Cl",271.01668395200005,"Fragment"
"CC#CC(=O)NCC1(OC)CCCCC1",209.141578848,"Fragment"
"CC#CC(=O)NC(C)C1(S(C)(=O)=O)CC1",229.07726434,"Fragment"
"CC#CC(=O)N1CCN(c2ccccc2F)CC1",246.11684132,"Fragment"
"CC#CC(=O)NCc1ccccc1-n1nc(C)cc1C",267.137162164,"Fragment"
"CC#CC(=O)Nc1ccc(C(=O)N2CCOCC2)cc1",272.116092372,"Fragment"
"CC#CC(=O)Nc1cccc(C(=O)Nc2ccccn2)c1",279.100776656,"Fragment"
"CC#CC(=O)NCC1CCOC(C(C)C)C1",223.157228912,"Fragment"
"CC#CC(=O)N(C)CC(O)c1ccccc1Br",295.020790788,"Fragment"
"CC#CC(=O)NC1CC2CN(C(C)C)CCN2C1=O",263.163376912,"Fragment"
"CC#CC(=O)NC(C)c1nc(C(F)(F)F)no1",247.056861156,"Fragment"
"CC#CC(=O)NCC1c2ccccc2C(=O)N1C",242.105527688,"Fragment"
"CC#CC(=O)NCc1ccsc1C(F)(F)F",247.027869536,"Fragment"
"CC#CC(=O)NCC1(c2ccccc2)CCN(C)CC1",270.173213324,"Fragment"
"CC#CC(=O)N(C)[C@H](C)c1ccccc1OC",231.125928784,"Fragment"
"CC#CC(=O)N1CCN2C(CNS2(=O)=O)C1",243.067762276,"Fragment"
"CC#CC(=O)N1CC(C)Cc2cccc(O)c21",229.11027872,"Fragment"
"CC#CC(=O)NCC(F)(F)C1(O)CCOCC1",247.10199978,"Fragment"
"CC#CC(=O)NCC1(C(C)(F)F)CCOCC1",245.122735224,"Fragment"
"CC#CC(=O)NCC1OCc2ccccc21",215.094628656,"Fragment"
"CC#CC(=O)N1CCOCC1CC(N)=O",210.100442308,"Fragment"
"CC#CC(=O)NC(CO)c1ccnn1C",207.100776656,"Fragment"
"CC#CC(=O)N1CCCN(Cc2ccccc2)CC(F)(F)C1",306.15436969999996,"Fragment"
"CC#CC(=O)NC1CC(CC(F)(F)F)C1",219.087098664,"Fragment"
"CC#CC(=O)NC1CC2(CCC(CO)CC2)C1",235.157228912,"Fragment"
"C#CC(=O)N(C)CCCn1c(=O)c(C)nc2ccccc21",283.132076784,"Fragment"
"CC#CC(=O)NCc1cc(O)ccc1Cl",223.04000624,"Fragment"
"CC#CC(=O)NC1(CO)CCC2(CC1)OCCO2",253.131408088,"Fragment"
"CC#CC(=O)NC(c1ccccc1)c1noc(C)n1",255.100776656,"Fragment"
"CC#CC(=O)NC1CN(CC)Cc2ccccc21",242.141913196,"Fragment"
"CC#CC(=O)NCC(F)(F)c1cccnc1",224.07611938,"Fragment"
"CC#CC(=O)NC1CCOCC1CC(C)C",223.157228912,"Fragment"
"CC#CC(=O)N(C)C(c1ccccc1)C1(O)CCC1",257.141578848,"Fragment"
"CC#CC(=O)NC1CCC(=O)NC1C1CC2CCC1C2",274.168127944,"Fragment"
"CC#CC(=O)NC1CCN(C)C(c2ccccc2)C1",256.15756326,"Fragment"
"CC#CC(=O)NC1CC(O)(c2ccc(F)cc2)C1",247.100856908,"Fragment"
"CC#CC(=O)NC1CCC(=O)N(c2ccccc2)C1",256.121177752,"Fragment"
"CC#CC(=O)NC1C(C)(C)C(OC)C1(C)C",223.157228912,"Fragment"
"CC#CC(=O)N1CCN(c2cccc(Cl)c2)CC1",262.08729078,"Fragment"
"CC#CC(=O)Nc1cc(C(=O)OC)ccc1F",235.0644714,"Fragment"
"CC#CC(=O)Nc1ccc(C(N)=O)c(N2CCCCC2)c1",285.147726848,"Fragment"
"CC#CC(=O)Nc1ccc(N(C)C)cc1C(N)=O",245.11642672,"Fragment"
"CC#CC(=O)N(C)CCc1ccccc1O",217.11027872,"Fragment"
"CC#CC(=O)Nc1ccc2c(c1)C(=O)CCO2",229.073893212,"Fragment"
"CC#CC(=O)N(C)C1CC1c1ccccc1",213.1153641,"Fragment"
"CC#CC(=O)NCC(O)c1cc(Cl)c2c(c1)OCCO2",295.061135608,"Fragment"
"CC#CC(=O)NCc1nc(-c2cccs2)c[nH]1",245.062282972,"Fragment"
"CC#CC(=O)NC1(c2noc(C3CC3)n2)CCCC1",259.132076784,"Fragment"
"CC#CC(=O)N1CCN2C(=O)NC(=O)C2C1",221.080041212,"Fragment"
"C#CC(=O)NCC(=O)N1CCC(Cc2ccccc2)CC1",284.15247788,"Fragment"
"CC#CC(=O)N(CC1CC2C=CC1C2)C1CCN(C)CC1",286.20451345199996,"Fragment"
"CC#CC(=O)N(C)Cc1ccc(OC)cc1",217.11027872,"Fragment"
"CC#CC(=O)Nc1cc(CN2CCOCC2)ccc1C",272.15247788,"Fragment"
"CC#CC(=O)N(C)C1CCCc2nc(CC)sc21",262.113984196,"Fragment"
"CC#CC(=O)NCCC1(O)CCCOC1",211.120843404,"Fragment"
"CC#CC(=O)NC1CC(C)n2ncnc21",204.101111004,"Fragment"
"CC#CC(=O)NC1(COC)COc2ccccc2C1",259.120843404,"Fragment"
"CC#CC(=O)N1CCN(c2ccc(F)cc2C#N)CC1",271.112090288,"Fragment"
"C#CCN(C(=O)C#CC)C1CSC1",193.056134972,"Fragment"
"CC#CC(=O)NCC(=O)N1CCOc2ccccc21",258.100442308,"Fragment"
"CC#CC(=O)NC(c1ccncc1)C1CCC1",228.126263132,"Fragment"
"CC#CC(=O)N(C)Cc1nnc2n1CCCC2C(F)(F)F",300.11979576000004,"Fragment"
"CC#CC(=O)N1CC(O)(C(F)(F)F)C1",207.050713156,"Fragment"
"CC#CC(=O)NCc1nccc(C)c1F",206.085541192,"Fragment"
"CC#CC(=O)N(C)C1CS(=O)(=O)C1(C)C",229.07726434,"Fragment"
"CC#CC(=O)N1CCC[C@H]1c1nc(C(C)C)co1",246.136827816,"Fragment"
"CC#CC(=O)NCC=C1CCSCC1",209.0874351,"Fragment"
"CC#CC(=O)N1C[C@H]2C[C@@]2(c2ccc(C)cc2)C1",239.131014164,"Fragment"
"CC#CC(=O)N[C@@H]1COc2ccccc2N(C)C1=O",258.100442308,"Fragment"
"CC#CC(=O)NCC1CC(C2CC2)=NO1",206.105527688,"Fragment"
"CC#CC(=O)NC12CCCC(C)(C1)OC2",207.125928784,"Fragment"
"CC#CC(=O)NCC1(CF)CC12CCOCC2",239.132157036,"Fragment"
"CC#CC(=O)NC1CCN(OCC)CC1",210.136827816,"Fragment"
"CC#CC(=O)NCc1noc2ccc(F)cc12",232.064805748,"Fragment"
"CC#CC(=O)NCc1ccsc1S(N)(=O)=O",258.01328418,"Fragment"
"CC#CC(=O)NCc1ccc2cncn2c1",213.090211972,"Fragment"
"CC#CC(=O)NCc1c[nH]c2cc(F)c(F)cc12",248.07611938,"Fragment"
"CC#CC(=O)NC1CCC(C(=O)N(C)C)CC1",236.15247788,"Fragment"
"CC#CC(=O)NC1CCc2n[nH]c(=O)cc2C1",231.100776656,"Fragment"
"CC#CC(=O)NC1CCCCC1P(C)(C)=O",241.12316551,"Fragment"
"CC#CC(=O)NCC(=O)N1CCCC1C",208.121177752,"Fragment"
"CC#CC(=O)N(CC)Cc1cccc2[nH]ccc12",240.126263132,"Fragment"
"CC#CC(=O)NCCc1c[nH]c2nccnc12",228.101111004,"Fragment"
"CC#CC(=O)NC(C)(C)c1ccc(S(N)(=O)=O)cc1F",298.07874156,"Fragment"
"CC#CC(=O)N(Cc1ccc(C#N)cc1F)C1CC1",256.101191256,"Fragment"
"CC#CC(=O)NCCc1c[nH]c2nc(F)ccc12",245.096440224,"Fragment"
"CC#CC(=O)NCc1nnc(-c2cccs2)n1C",260.073182004,"Fragment"
"CC#CC(=O)NCCC(=O)N1C[C@@H](C)O[C@@H](C)C1",252.1473925,"Fragment"
"CC#CC(=O)N1CC(O)(c2cscc2Br)C1",298.96156166,"Fragment"
"CC#CC(=O)N(CCC#N)C1CCOCC1",220.121177752,"Fragment"
"CC#CC(=O)NC(c1ccccc1)C1CCOCC1",257.141578848,"Fragment"
"CC#CC(=O)NCC1CC1(C)c1cccs1",233.0874351,"Fragment"
"CC#CC(=O)NC(C)c1csc(C2CC2)n1",234.082684068,"Fragment"
"CC#CC(=O)NCc1csc(C(C)(C)C)n1",236.098334132,"Fragment"
"CC#CC(=O)N(Cc1c(C)noc1C)C1CC1",232.121177752,"Fragment"
"CC#CC(=O)NC1(C(N)=O)CCCC1C",208.121177752,"Fragment"
"CC#CC(=O)NC(C)c1ncc(C)o1",192.089877624,"Fragment"
"CC#CC(=O)NCCC1CCN(C(C)=O)CC1",236.15247788,"Fragment"
"C#CC(=O)N(C)Cc1nccn1C(F)F",213.071368348,"Fragment"
"CC#CC(=O)NC1CCN(C(=O)c2cccc(O)c2)CC1",286.131742436,"Fragment"
"CC#CC(=O)NCCC1COc2ccccc2O1",245.10519334,"Fragment"
"CC#CC(=O)Nc1cccc(CN2CCN(C(C)=O)CC2)c1",299.163376912,"Fragment"
"CC#CC(=O)NC1(Cc2ccccc2)CC1",213.1153641,"Fragment"
"CC#CC(=O)NC1CCCN(Cc2ccccc2)C1",256.15756326,"Fragment"
"CC#CC(=O)NCC1OCCc2sc(F)cc21",253.057277844,"Fragment"
"CC#CC(=O)N1CCN(CC(=O)N2CCCCC2)CC1",277.179026976,"Fragment"
"CC#CC(=O)N1CCN(C(=O)Nc2cccc(C)c2)CC1",285.147726848,"Fragment"
"CC#CC(=O)NCC(C)(O)c1cccs1",223.066699656,"Fragment"
"CC#CC(=O)N(CC1(O)CCC1)C1CC1",207.125928784,"Fragment"
"CC#CC(=O)NC1CC(OC(C)(C)C)C1(C)C",237.172878976,"Fragment"
"C=CC(=O)NC1CCCSC1",171.071785036,"Fragment"
"C=CC(=O)NC1CCSCC1",171.071785036,"Fragment"
"C=CC(=O)NCCc1nccs1",182.05138394,"Fragment"
"C=CC(=O)N1CCOC(C#N)C1",166.07422756,"Fragment"
"C=CC(=O)Nc1ccc(C#N)cc1",172.063662876,"Fragment"
"C=CC(=O)NCC1C(C)(C)C1(C)C",181.146664228,"Fragment"
"C=CC(=O)NCCc1cccc(Cl)c1",209.060741684,"Fragment"
"C=CC(=O)NC1CCCc2occc21",191.094628656,"Fragment"
"C=CC(=O)NC1CCCc2sccc21",207.071785036,"Fragment"
"C=CC(=O)NCc1nc2ccccc2s1",218.05138394,"Fragment"
"C=CC(=O)NC1C2CC3CC(C2)CC1C3",205.146664228,"Fragment"
"C=CC(=O)N(C)C1CCN(S(C)(=O)=O)C1",232.088163372,"Fragment"
"C=CC(=O)Nc1ccc(-c2cnco2)cc1",214.07422756,"Fragment"
"C=CC(=O)Nc1ccc2c(c1)NC(=O)CO2",218.06914218,"Fragment"
"C=CC(=O)NCc1cccc2cccnc12",212.094963004,"Fragment"
"C=CC(=O)NC(C)c1cccc2ccccc12",225.1153641,"Fragment"
"C=CC(=O)Nc1ccc(C)c(S(=O)(=O)N2CCCCC2)c1",308.1194635,"Fragment"
"C=CC(=O)N1CCC(C(=O)Nc2cc(CO)ccc2C)CC1",302.163042564,"Fragment"
"C=CC(=O)NCCc1c[nH]c2ccc(C)cc12",228.126263132,"Fragment"
"C=CC(=O)N1CCC(C(=O)N2CCN3C(=O)CCC3C2)CC1",305.173941596,"Fragment"
"C=CC(=O)N1CCC(NC(=O)c2scnc2C)CC1",279.104147784,"Fragment"
"C=CC(=O)Nc1cc(NC(=O)C2COc3ccccc3O2)ccc1F",342.10158518000003,"Fragment"
"C=CC(=O)NCCC(=O)N1CC(C)(C)CC(C)(C)C1",266.199428072,"Fragment"
"C=CC(=O)N1CCN(S(=O)(=O)c2cc(OC)ccc2OC)CC1",340.10929273999994,"Fragment"
"C=CC(=O)Nc1cccc(Cn2nc3ccccn3c2=O)c1",294.111675688,"Fragment"
"C=CC(=O)Nc1cccc(S(=O)(=O)N2CCNC(=O)C2)c1",309.07832696,"Fragment"
"C=CC(=O)N1CCN(c2oc(-c3ccco3)nc2C#N)CC1",298.106590308,"Fragment"
"C=CC(=O)Nc1ccc(C2(CC)CCC(=O)NC2=O)cc1",286.131742436,"Fragment"
"C=CC(=O)NCC(=O)N1CCCc2ccccc21",244.121177752,"Fragment"
"C=CC(=O)Nc1ccc2c(c1)CCCC(=O)N2",230.105527688,"Fragment"
"C=CC(=O)NCC1CCN(c2cc(Cl)ccc2C)C1",278.11859090800004,"Fragment"
"C=CC(=O)NC(C)c1cccc(N2CCCC2)c1",244.15756326,"Fragment"
"C=CC(=O)N1CCn2c(nnc2-c2ccccc2)C1",254.116761068,"Fragment"
"C=CC(=O)NCC1CCCOC1c1ccc(C)cc1",259.157228912,"Fragment"
"C=CC(=O)N1CCCC1CC(O)c1cccs1",251.097999784,"Fragment"
"C=CC(=O)NC1(C)Cc2ccccc2C1",201.1153641,"Fragment"
"C=CC(=O)NCc1cccc2c1OCCCO2",233.10519334,"Fragment"
"C=CC(=O)Nc1c(C)noc1C1CC1",192.089877624,"Fragment"
"C=CC(=O)N1CCN(c2ccncc2Cl)CC1",251.082539748,"Fragment"
"C=CC(=O)NCc1cc2c(cc1OC)CC(C)O2",247.120843404,"Fragment"
"C=CC(=O)N1CCC(C(=O)N2CCC(CC(N)=O)C2)CC1",293.173941596,"Fragment"
"C=CC(=O)N1CCC(C(=O)NCc2sccc2C)CC1",292.12454888,"Fragment"
"C=CC(=O)N1CCC(C(=O)NC2CCCC(C)(C)C2)CC1",292.215078136,"Fragment"
"C=CC(=O)N1CCSC(C)CC1",185.0874351,"Fragment"
"C=CC(=O)N1CCC(OCc2ccccc2)C1",231.125928784,"Fragment"
"C=CC(=O)N1CCSCCC1C",185.0874351,"Fragment"
"C=CC(=O)N1CCCN(S(=O)(=O)c2c(C)noc2C)CC1",313.109627088,"Fragment"
"C=CC(=O)NC1CCN(c2nnnn2C)CC1",236.13855913199998,"Fragment"
"C=CC(=O)N1CCCCC1c1nc(-c2ncccn2)no1",285.12257472,"Fragment"
"C=CC(=O)NC(c1ccco1)C(C)(C)C",207.125928784,"Fragment"
"CC#CC(=O)NCC1(CO)CCc2ccccc21",243.125928784,"Fragment"
"CC#CC(=O)N1CC(=O)N(C)c2ccccc2C1",242.105527688,"Fragment"
"CC#CC(=O)NC(C1CC1)C1CCCOC1",221.141578848,"Fragment"
"CC#CC(=O)NCc1csc(-c2ccn(C)n2)n1",260.073182004,"Fragment"
"CC#CC(=O)NCc1cc(=O)[nH]c(C2CC2)n1",231.100776656,"Fragment"
"CC#CC(=O)N1C[C@H](c2nc(C)n[nH]2)[C@@H](C2CC2)C1",258.148061196,"Fragment"
"CC#CC(=O)Nc1ccc2c(c1)NC(=O)CCC2",242.105527688,"Fragment"
"CC#CC(=O)N1CC(C(=O)OC)CC(F)(F)C1",245.086349716,"Fragment"
"CC#CC(=O)NCC1CCC(F)(F)C(=O)N1",230.086684064,"Fragment"
"CC#CC(=O)N(C)Cc1cncc(OC)c1",218.105527688,"Fragment"
"CC#CC(=O)NCCn1nnc2ccccc21",228.101111004,"Fragment"
"CC#CC(=O)N[C@H]1C[C@H](c2ccccc2OC)C1",243.125928784,"Fragment"
"C#CC(=O)NCC1CCCN1S(=O)(=O)CC",244.088163372,"Fragment"
"CC#CC(=O)NCc1nc2ccccc2o1",214.07422756,"Fragment"
"CC#CC(=O)NCc1cccc2ccsc12",229.056134972,"Fragment"
"CC#CC(=O)NCc1nc(C(N)=O)cs1",223.041547528,"Fragment"
"CC#CC(=O)N(C)Cc1ccnc2[nH]ccc12",227.105862036,"Fragment"
"CC#CC(=O)NC1(Cn2cccn2)CC(F)(F)C1",253.102668476,"Fragment"
"CC#CC(=O)NCc1cccc2[nH]nnc12",214.08546094,"Fragment"
"CC#CC(=O)N(Cc1cn2ccccc2n1)C1CC1",253.1215121,"Fragment"
"CC#CC(=O)NC1(c2ccnc(OC)c2)CC1",230.105527688,"Fragment"
"CC#CC(=O)NCCc1c[nH]c2c(F)c(F)c(F)cc12",280.082347632,"Fragment"
"CC#CC(=O)NC(CC)c1cocn1",192.089877624,"Fragment"
"CC#CC(=O)N(C)CC(=O)NC1CCC(O)CC1",252.1473925,"Fragment"
"CC#CC(=O)NC1CCN(Cc2ccc(F)s2)CC1",280.104562384,"Fragment"
"CC#CC(=O)NCc1ccnn1C1CCCC1",231.137162164,"Fragment"
"CC#CC(=O)N[C@@H]1[C@@H](C(F)(F)F)[C@@H]2CC[C@H]1O2",247.082013284,"Fragment"
"CC#CC(=O)NC1CCOC(c2cccc(F)c2)C1",261.116506972,"Fragment"
"CC#CC(=O)N1CCC=CC1COC",193.11027872,"Fragment"
"CC#CC(=O)NCc1ccc(-c2scnc2C)cc1",270.082684068,"Fragment"
"CC#CC(=O)Nc1ccccc1CN1C[C@@H](C)O[C@@H](C)C1",286.168127944,"Fragment"
"CC#CC(=O)NCc1ccc(Br)s1",256.950996976,"Fragment"
"CC#CC(=O)NCC1(NS(C)(=O)=O)CCCCC1",272.1194635,"Fragment"
"CC#CC(=O)N(C)CC1CCCN1c1cccnn1",258.148061196,"Fragment"
"CC#CC(=O)NC1CCN(CC2CC2)C1",206.141913196,"Fragment"
"CC#CC(=O)N(C)CCn1c(=O)oc2ccccc21",258.100442308,"Fragment"
"CC#CC(=O)NCCN1C(=O)Cc2ccccc21",242.105527688,"Fragment"
"CC#CC(=O)N(C)CC1(N(C)C)CCC1",208.15756326,"Fragment"
"CC#CC(=O)NC1CCS(=O)(=O)c2ccc(Cl)cc21",297.022641924,"Fragment"
"CC#CC(=O)N(C)c1ccc(OC)cc1OC",233.10519334,"Fragment"
"CC#CC(=O)NCC(O)c1c(F)cccc1F",239.075785032,"Fragment"
"CC#CC(=O)N1CCN(c2cc(C3(C)CC3)n[nH]2)CC1",272.16371126,"Fragment"
"C=CCN1CCC(N(C)C(=O)C#CC)C1=O",220.121177752,"Fragment"
"CC#CC(=O)Nc1ccc(F)c(NC(=O)NC)c1",249.091354844,"Fragment"
"CC#CC(=O)NC(C)(C)c1c(C)noc1C",220.121177752,"Fragment"
"CC#CC(=O)NC1COc2ccccc2C1O",231.089543276,"Fragment"
"CC#CC(=O)NCc1ncccc1N(C)C",217.1215121,"Fragment"
"CC#CC(=O)NC1CCCCC1C(N)=O",208.121177752,"Fragment"
"CC#CC(=O)Nc1ccc2c(c1)OCCN2C",230.105527688,"Fragment"
"CC#CC(=O)NCc1ncc(N(C)C)cn1",218.116761068,"Fragment"
"CC#CC(=O)N[C@H]1CS(=O)(=O)C1(C)C",215.061614276,"Fragment"
"CC#CC(=O)NCCc1cccc2oc(C)nc12",242.105527688,"Fragment"
"CC#CC(=O)N1C[C@@H]2[C@@](C(F)(F)F)(CCCS2(=O)=O)C1",309.064648968,"Fragment"
"CC#CC(=O)NC1Cc2[nH]ncc2C(C(F)(F)F)C1",271.093246664,"Fragment"
"CC#CC(=O)N(C)Cc1cncn1C",191.105862036,"Fragment"
"CC#CC(=O)N1CC2(CC2)c2ccccc2C1C(=O)OC",283.120843404,"Fragment"
"CC#CC(=O)NC1CCCC1(C)O",181.11027872,"Fragment"
"CC#CC(=O)NCc1nc(C(F)(F)F)c[nH]1",231.061946536,"Fragment"
"CC#CC(=O)NCC(C)(C)C1COCC12OCCO2",267.147058152,"Fragment"
"CC#CC(=O)NC(C)c1cc(F)ccc1N(C)C",248.132491384,"Fragment"
"CC#CC(=O)N(C)Cc1cnc(-n2cccn2)s1",260.073182004,"Fragment"
"CC#CC(=O)NCCN1CCn2nccc2C1",232.132411132,"Fragment"
"CC#CC(=O)NC1C(C)(C)C(O)C1(C)C",209.141578848,"Fragment"
"CC#CC(=O)NC(C)C1(n2cc(Br)cn2)CC1",295.032024168,"Fragment"
"CC#CC(=O)NCc1nnc2ccc(Cl)cn12",248.046488588,"Fragment"
"CC#CC(=O)N(C)Cc1ccc2[nH]nnc2c1",228.101111004,"Fragment"
"CC#CC(=O)NCc1cccc(-c2ccncc2)c1",250.110613068,"Fragment"
"CC#CC(=O)NCC1CCC(C(F)(F)F)C1",233.102748728,"Fragment"
"CC#CC(=O)NC1CCC(CO)C(C)(C)C1C",237.172878976,"Fragment"
"CC#CC(=O)NCC=Cc1cnn(C)c1",203.105862036,"Fragment"
"CC#CC(=O)NCc1ccc(C(F)(F)F)nc1",242.066697568,"Fragment"
"CC#CC(=O)NCc1cnc2ccsc2c1",230.05138394,"Fragment"
"CC#CC(=O)NCC1OCCc2ccsc21",235.066699656,"Fragment"
"CC#CC(=O)NCC1CCC(c2ccn[nH]2)O1",233.11642672,"Fragment"
"CC#CC(=O)N(C)CC1CC(C)CO1",195.125928784,"Fragment"
"CC#CC(=O)NC1CCCN(C(=O)C2CCC2)C1",248.15247788,"Fragment"
"CC#CC(=O)N1C[C@@H]2C[C@H](C1)[C@@H]1CCCC(=O)N1C2",260.15247788,"Fragment"
"CC#CC(=O)Nc1ccc(F)c(NC(=O)c2ccoc2C)c1",300.09102049600006,"Fragment"
"CC#CC(=O)Nc1ccc2[nH]c(C3CCCO3)nc2c1",269.11642672,"Fragment"
"C#Cc1cccc(NC(=O)CNC(=O)C#CC)c1",240.089877624,"Fragment"
"CC#CC(=O)N1CCC(NC(=O)c2cc(C)oc2C)CC1",288.1473925,"Fragment"
"CC#CC(=O)NC(c1ccccc1)c1nccs1",256.067034004,"Fragment"
"CC#CC(=O)NCc1ccc(C)nc1OC",218.105527688,"Fragment"
"CC#CC(=O)NCCN1CCOCC1(C)C",224.15247788,"Fragment"
"C#CCN(CC1CCCO1)C(=O)C#CC",205.11027872,"Fragment"
"CC#CC(=O)NC1CCN(c2ccccc2C(N)=O)CC1",285.147726848,"Fragment"
"CC#CC(=O)NC1(c2ccccc2OC)CCC1",243.125928784,"Fragment"
"CC#CC(=O)NCC1CCN(C(=O)c2ccccc2)CC1",284.15247788,"Fragment"
"CC#CC(=O)N(C)Cc1ccc(N(C)C)nc1",231.137162164,"Fragment"
"CC#CC(=O)NCC1CCCN(c2ncccn2)C1",258.148061196,"Fragment"
"CC#CC(=O)N(C)C1CCOC(c2ccc(F)cc2)C1",275.132157036,"Fragment"
"CC#CC(=O)NC1CC(OCC)C12CCCO2",237.136493468,"Fragment"
"CC#CC(=O)NC1c2ccccc2CCC1CO",243.125928784,"Fragment"
"CC#CC(=O)NC1CCc2nc(C(C)C)nn2C1",246.148061196,"Fragment"
"CC#CC(=O)NCCC(=O)N1c2ccccc2CCC1C",284.15247788,"Fragment"
"CC#CC(=O)NCc1ncccc1S(C)(=O)=O",252.056863244,"Fragment"
"CC#CC(=O)NC1CCN(C(=O)CC)CC1CC",250.168127944,"Fragment"
"CC#CC(=O)NCc1ccccc1S(=O)(=O)N1CCCC1",306.103813436,"Fragment"
"CC#CC(=O)NC(C(=O)N1CCOCC1)C(C)C",252.1473925,"Fragment"
"CC#CC(=O)NC(c1cc(F)ccc1F)C(F)F",259.062026788,"Fragment"
"C#CC(=O)NCC1CCCN(c2ncccn2)C1",244.132411132,"Fragment"
"CC#CC(=O)N1CCC(C#N)(COC)CC1",220.121177752,"Fragment"
"CC#CC(=O)NC1CCCN(C(=O)N2CCCC2)C1",263.163376912,"Fragment"
"CC#CC(=O)N1CC(C(F)(F)F)OC(C)(C)C1",249.097663348,"Fragment"
"CC#CC(=O)N1CCN(CC(C)O)C(C)C1",224.15247788,"Fragment"
"CC#CC(=O)NCC1CC(=O)N(C2CC2)C1",220.121177752,"Fragment"
"CC#CC(=O)N1CCCC(OC(=O)N(C)C)C1",238.131742436,"Fragment"
"CC#CC(=O)Nc1cccc(N=S(C)(C)=O)c1",250.077598688,"Fragment"
"CC#CC(=O)N1Cc2cc(F)c(F)cc2C1",221.065220348,"Fragment"
"CC#CC(=O)N1CC(F)(F)C[C@@H]1C(=O)OC",231.070699652,"Fragment"
"CC#CC(=O)N1CCOC(CC)(C(F)(F)F)C1",249.097663348,"Fragment"
"CC#CC(=O)NCC1(S(N)(=O)=O)CCC1",230.072513308,"Fragment"
"CC#CC(=O)N1CC[C@H]2CC[C@]21c1ccco1",229.11027872,"Fragment"
"C#CCCN(C(=O)C#CC)C1CCOCC1",219.125928784,"Fragment"
"CC#CC(=O)N1CC2CCC1(CO)C2",193.11027872,"Fragment"
"CC#CC(=O)N1CCCc2[nH]nc(C)c21",203.105862036,"Fragment"
"CC#CC(=O)N[C@H]1CC[C@H](Oc2cnccn2)CC1",259.132076784,"Fragment"
"CC#CC(=O)N1CCC2(CCC2)S(=O)(=O)CC1",255.092914404,"Fragment"
"CC#CC(=O)NCc1ccc2nonc2c1",215.069476528,"Fragment"
"CC#CC(=O)N1CCC(CC#N)C(F)(F)C1",226.091769444,"Fragment"
"CC#CC(=O)NC[C@@]1(O)C[C@H](C)CC[C@H]1C(C)C",251.18852904,"Fragment"
"CC#CC(=O)N1CCS(=O)(=O)N2CCCCCC12",270.103813436,"Fragment"
"C#CC(=O)NCCN(C)c1cccc(C)c1",216.126263132,"Fragment"
"CC#CC(=O)NCc1cc(=O)n(-c2ccccc2)n1C",269.11642672,"Fragment"
"CC#CC(=O)NC1CCc2nnc(-c3ccccc3F)n2C1",298.12298932000004,"Fragment"
"CC#CC(=O)NC(c1cccnc1)c1cnn(C)c1",254.116761068,"Fragment"
"CC#CC(=O)NC1CCC(C#N)(c2ccccn2)CC1",267.137162164,"Fragment"
"CC#CC(=O)NC1CCN(C(=O)CCC)c2ccccc21",284.15247788,"Fragment"
"CC#CC(=O)NCC1CCCN1S(=O)(=O)CC",258.103813436,"Fragment"
"CC#CC(=O)NCC(F)(F)c1[nH]nc2c1CCCC2",267.11831854,"Fragment"
"CC#CC(=O)NCCC1CCCCN1C(=O)NC",251.163376912,"Fragment"
"C=C(C)[C@@H]1CC=C(CNC(=O)C#CC)CC1",217.146664228,"Fragment"
"CC#CC(=O)N1C[C@@H]2C[C@H](F)[C@H]1[C@H]2C(=O)OC",239.095771528,"Fragment"
"CC#CC(=O)N1CC(C)(C)CC1CC(N)=O",222.136827816,"Fragment"
"C#CC(=O)N1CCN(c2cccc3[nH]ncc23)CC1",254.116761068,"Fragment"
"CC#CC(=O)NC1CC1OCC",167.094628656,"Fragment"
"CC#CC(=O)NC1CCC(=O)NC1",180.089877624,"Fragment"
"CC#CC(=O)Nc1ccc2c(c1)NC(=O)CO2",230.06914218,"Fragment"
"CC#CC(=O)NCc1ccc(C(=O)N2CCN(C)CC2)cc1",299.163376912,"Fragment"
"CC#CC(=O)N1CCN(C(=O)Cc2c[nH]c3ccccc23)CC1",309.147726848,"Fragment"
"CC#CC(=O)N(C)Cc1c(C)nn(-c2ccccc2)c1C",281.152812228,"Fragment"
"CC#CC(=O)NCc1nnc2n1-c1ccccc1CC2",266.116761068,"Fragment"
"CC#CC(=O)NCCc1nc(C)cs1",208.067034004,"Fragment"
"CC#CC(=O)N[C@@H](C)C(=O)N1CCCCC1",222.136827816,"Fragment"
"CC#CC(=O)NC1CCN(c2ccn(C)n2)C1",232.132411132,"Fragment"
"CC#CC(=O)NC1CC(=O)N(c2cccc(OC)c2)C1",272.116092372,"Fragment"
"CC#CC(=O)N(C)Cc1ncc(C2CC2)o1",218.105527688,"Fragment"
"CC#CC(=O)N(C)C1CCCCC1N(C)C1CCN(C)CC1",305.246712612,"Fragment"
"CC#CC(=O)N1CC(=O)N(Cc2ccccc2)C1",242.105527688,"Fragment"
"CC#CC(=O)N1CCS(=O)(=O)CC(C)C1",229.07726434,"Fragment"
"CC#CC(=O)N(C)Cc1cccc2cc[nH]c12",226.110613068,"Fragment"
"CC#CC(=O)N1Cc2ccccc2C(F)(F)C1",235.080870412,"Fragment"
"CC#CC(=O)NC(C)c1ccc2ncsc2c1",244.067034004,"Fragment"
"CC#CC(=O)NCC(C)c1ccsc1",207.071785036,"Fragment"
"CC#CC(=O)NC1CC(=O)N(C2CC2C)C1",220.121177752,"Fragment"
"CC#CC(=O)N1CC(OCC(=O)NC)C1",210.100442308,"Fragment"
"CC#CC(=O)N1CCOCC1Cc1c[nH]c2ccccc12",282.136827816,"Fragment"
"CC#CC(=O)N[C@H]1C[C@H](c2ccccc2)C1",213.1153641,"Fragment"
"CC#CC(=O)NC1CCC(O)(C(F)(F)F)C1",235.082013284,"Fragment"
"CC#CC(=O)N1CC(OC(=O)NC(C)C)C1",224.116092372,"Fragment"
"CC#CC(=O)NCc1ccc(C#N)c(OC)c1",228.089877624,"Fragment"
"CC#CC(=O)NC(C)c1ccc(-c2cccnc2)cc1",264.126263132,"Fragment"
"CC#CC(=O)NCC1(c2ccccc2)CCOCC1",257.141578848,"Fragment"
"CC#CC(=O)NCC1CCN(c2ccccc2)C1",242.141913196,"Fragment"
"CC#CC(=O)Nc1ccccc1CN1CCOCC1",258.136827816,"Fragment"
"CC#CC(=O)NCCN1CCCS1(=O)=O",230.072513308,"Fragment"
"CC#CC(=O)NCC1CCC(C(=O)N(C)C)O1",238.131742436,"Fragment"
"CC#CC(=O)NC(C)C(=O)N1c2ccccc2CC1C",270.136827816,"Fragment"
"CC#CC(=O)NCC1CS(=O)(=O)c2ccccc2O1",279.05652889600003,"Fragment"
"CC#CC(=O)NC1CCc2ccccc2NC1=O",242.105527688,"Fragment"
"CC#CC(=O)NCc1c(Br)cnn1C",255.00072404,"Fragment"
"CC#CC(=O)NC1CCc2ncc(Cl)n2C1",237.066889684,"Fragment"
"CC#CC(=O)N1CC2(CC(OC)(OC)C2)C1c1ccccc1",299.152143532,"Fragment"
"CC#CC(=O)NCCN1Cc2ccccc2OCC1=O",272.116092372,"Fragment"
"CC#CC(=O)NCCC1OCCc2ccccc21",243.125928784,"Fragment"
"CC#CC(=O)NCCS(=O)(=O)N1CCCC1",244.088163372,"Fragment"
"CC#CC(=O)N[C@H]1c2ccccc2OC[C@H]1CO",245.10519334,"Fragment"
"CC#CC(=O)N1CCn2nc(C)cc2C1",203.105862036,"Fragment"
"CC#CC(=O)NCCN1CCOCC1=O",210.100442308,"Fragment"
"C=C(CNC(=O)C#CC)C1CCOCC1",207.125928784,"Fragment"
"C#CC(CC1CCOC1)NC(=O)C#CC",205.11027872,"Fragment"
"CC#CC(=O)NC1CC2(CNC(=O)C2)C1",206.105527688,"Fragment"
"CC#CC(=O)NCc1c[nH]nc1-c1ccccc1",239.105862036,"Fragment"
"CC#CC(=O)NCc1n[nH]c2ccc(Cl)cc12",247.05123962,"Fragment"
"CC#CC(=O)NCc1cn[nH]c1C(F)F",213.071368348,"Fragment"
"CC#CC(=O)N(Cc1cncs1)C1CC1",220.067034004,"Fragment"
"CC#CC(=O)NCc1csc2nccn12",219.046632908,"Fragment"
"CC#CC(=O)NC1CCN(C(C)c2ccc(F)cc2)C1=O",288.127406004,"Fragment"
"CC#CC(=O)NCCc1ncc2c(n1)CCC2",229.1215121,"Fragment"
"CC#CC(=O)NC1(c2ccnc(C)n2)CC1",215.105862036,"Fragment"
"CC#CC(=O)NCC(F)(F)c1n[nH]c2c1CCC2",253.102668476,"Fragment"
"CC#CC(=O)Nc1cc2c(cc1F)CCNC2=O",246.080455812,"Fragment"
"CC#CC(=O)N(C)CC1CN(CC)c2ccccc2O1",272.15247788,"Fragment"
"CC#CC(=O)NC(C(N)=O)c1ccccc1F",234.080455812,"Fragment"
"CC#CC(=O)N(C)C(CC)c1ccncc1",216.126263132,"Fragment"
"CC#CC(=O)N1CCOC(C(F)(F)F)C1",221.06636322,"Fragment"
"CC#CC(=O)NCCN1C(=O)COc2ccccc21",258.100442308,"Fragment"
"CC#CC(=O)NC(C(N)=O)c1cccc(Br)c1",294.00038969200006,"Fragment"
"CC#CC(=O)NCc1ccn(-c2c(F)cccc2F)n1",275.087018412,"Fragment"
"CC#CC(=O)NCc1ccc2c(c1)C(=O)NCC2",242.105527688,"Fragment"
"CC#CC(=O)NCCN1CC=C(C)CC1",206.141913196,"Fragment"
"CC#CC(=O)N1CCN(c2nc(F)c(F)cc2F)CC1",283.093246664,"Fragment"
"CC#CC(=O)N1CCOC(C2CCCO2)C1",223.120843404,"Fragment"
"CC#CC(=O)NCC1CCCC1NS(C)(=O)=O",258.103813436,"Fragment"
"CC#CC(=O)NC1(c2cccc(OC)c2F)CCOCC1",291.127071656,"Fragment"
"CC#CC(=O)N(C)Cc1cn(C)nc1C(C)C",233.152812228,"Fragment"
"CC#CC(=O)NC1c2cccc(F)c2OC1C",233.085206844,"Fragment"
"CC#CC(=O)N(C)C1CS(=O)(=O)c2ccccc21",263.061614276,"Fragment"
"C#CC(=O)NCc1ccccc1CN1CCCC1=O",256.121177752,"Fragment"
"CC#CC(=O)N1CCS(=O)(=O)c2ccccc2C1",263.061614276,"Fragment"
"CC#CC(=O)NC(C)c1ccc2[nH]ncc2c1",227.105862036,"Fragment"
"C=CC(=O)N(CC(N)=O)C1CC1",168.089877624,"Fragment"
"C=CC(=O)N(C)Cc1cnc(N(C)C)nc1",220.132411132,"Fragment"
"C=CC(=O)NC1CCCc2cn(C3CCCC3)nc21",259.168462292,"Fragment"
"C=CC(=O)N1CCC[C@H]1c1csc(C)n1",222.082684068,"Fragment"
"C=CC(=O)N1CC(=O)Nc2cccc3c2C1CCC3",256.121177752,"Fragment"
"C=CC(=O)N1CCC(C(=O)NC(C)C2CCCCC2)CC1",292.215078136,"Fragment"
"C=CC(=O)NC1CC2CCC(C1)S2",197.0874351,"Fragment"
"C=CC(=O)N1CCC(n2c(=O)[nH]c3ccccc32)CC1",271.132076784,"Fragment"
"C=CC(=O)Nc1cc(C(F)(F)F)ccc1N(C)C",258.097997696,"Fragment"
"C=CC(=O)N1CCCC1C(=O)Nc1nccs1",251.072847656,"Fragment"
"C=CC(=O)N1CCN(Cc2cc(Cl)ccc2OC)CC1",294.113505528,"Fragment"
"C=CC(=O)N1CCN(C(=O)COc2ccc(F)cc2)CC1",292.12232062400005,"Fragment"
"C=CC(=O)Nc1cc(S(=O)(=O)N(C)C(C)C)ccc1C",296.1194635,"Fragment"
"C=CC(=O)N(Cc1nc2ccccc2c(=O)[nH]1)C(C)C",271.132076784,"Fragment"
"C=CC(=O)NC(C)CN1CCCC(C)C1",210.173213324,"Fragment"
"C=CC(=O)NCc1c(C)nn(CC)c1C",207.137162164,"Fragment"
"C=CC(=O)N1CC(n2cccn2)C1",177.090211972,"Fragment"
"C=CC(=O)Nc1ccc2oc(CC(C)(C)C)nc2c1",258.136827816,"Fragment"
"C=CC(=O)N1CCN(C2CC2)C(C#N)C1",205.1215121,"Fragment"
"C=CC(=O)N1CCCC1c1ccc(C)s1",221.0874351,"Fragment"
"C=CC(=O)NC1CCN(c2ccc(C(F)(F)F)cc2)C1",284.11364776,"Fragment"
"C=CC(=O)NCc1nonc1C",167.069476528,"Fragment"
"C=CC(=O)NCC1CCc2ccccc2C1",215.131014164,"Fragment"
"C=CC(=O)NC1CCN(c2ccn(C)n2)C1=O",234.111675688,"Fragment"
"C=CC(=O)N1CCS(=O)(=O)C(C)C1C",217.07726434,"Fragment"
"C=CC(=O)N1Cc2ccccc2CC1c1nnc(C)o1",269.11642672,"Fragment"
"C=CC(=O)N(C)C1CCN(CC)C(C)C1",210.173213324,"Fragment"
"C=CC(=O)NCc1nnnn1C1CC1",193.096359972,"Fragment"
"C=CC(=O)NCc1c(Cl)cccc1N1CCN(C)CC1",293.12948994,"Fragment"
"C=CC(=O)N1CC(OCC(F)F)C1",191.075785032,"Fragment"
"C=CC(=O)N1CCC(OC2CCOC2)CC1",225.136493468,"Fragment"
"C=CC(=O)N1CCC(c2ccccc2)C1C",215.131014164,"Fragment"
"C=CC(=O)N1CCCCc2ccc(OC)cc21",231.125928784,"Fragment"
"C=CC(=O)NC(CC)c1ccccc1O",205.11027872,"Fragment"
"C=CC(=O)N(Cc1cccs1)c1ccc2c(c1)OCCO2",301.07726434,"Fragment"
"C=CC(=O)NC(C)Cc1cn(C)c2ccc(F)cc12",260.132491384,"Fragment"
"C=CC(=O)NCc1cc(C)nc(C)n1",191.105862036,"Fragment"
"C=CC(=O)N(C)CC(=O)Nc1ccc2c(c1)CCCO2",274.131742436,"Fragment"
"C=CC(=O)N(C)CC(=O)N1CCC(c2cnn(C)c2)CC1",290.174275944,"Fragment"
"C=CC(=O)N(C)CC(=O)Nc1cc(C)c(=O)n(C)c1",263.126991404,"Fragment"
"C=CC(=O)N(C)CC(=O)N1CCC(c2cccc(C)c2)C1",286.168127944,"Fragment"
"C=CC(=O)NCc1ccc(C(=O)N2CCC(F)(F)CC2C)cc1",322.14928432,"Fragment"
"C=CC(=O)N1CCC(C(=O)NC2CCc3ccc(Cl)cc32)CC1",332.129155592,"Fragment"
"C=CC(=O)NCC1CC(C)OC1C",183.125928784,"Fragment"
"C=CC(=O)N1CCS(=O)(=O)CC1c1ccc(C)o1",269.07217896000003,"Fragment"
"C=CC(=O)NCc1oc(C(C)C)nc1C",208.121177752,"Fragment"
"C=CC(=O)N1Cc2sccc2CC1(C)C",221.0874351,"Fragment"
"C=CC(=O)N1CCC(C(F)(F)F)C2(CCOCC2)C1",277.128963476,"Fragment"
"C=CC(=O)N1CCc2oc(-c3ccccc3)cc2C1",253.11027872,"Fragment"
"C=CC(=O)NCC1(CO)COCC2(CCC2)N1C",254.163042564,"Fragment"
"C=CC(=O)N(C)C(C)c1cnn(C)c1",193.1215121,"Fragment"
"C=CC(=O)N1CCn2ncnc2C1",178.08546094,"Fragment"
"C=CC(=O)Nc1cnc(OC)cn1",179.069476528,"Fragment"
"C=CC(=O)NCc1ccnn1CC",179.105862036,"Fragment"
"C=CC(=O)N1CC(=O)N(C2CC2)C1",180.089877624,"Fragment"
"C=CC(=O)N1CCN(C(=O)CC)C1",182.105527688,"Fragment"
"C=CC(=O)NC1(COC)CCOC1",185.10519334,"Fragment"
"C=CC(=O)NCc1cc2n(n1)CCC2",191.105862036,"Fragment"
"C=CC(=O)Nc1cn(C)nc1C1CC1",191.105862036,"Fragment"
"C=CC(=O)NC(C)Cc1cccn1C",192.126263132,"Fragment"
"C=CC(=O)N1CC(=O)N(CC2CC2)C1",194.105527688,"Fragment"
"C=CC(=O)N1CCN(C(C)C)C(=O)C1",196.121177752,"Fragment"
"C=CC(=O)NC12CCC(F)(CC1)CC2",197.121592352,"Fragment"
"C=CC(=O)NCC1CCOC(C)(C)C1",197.141578848,"Fragment"
"C=CC(=O)Nc1cnc2onc(C)c2c1",203.069476528,"Fragment"
"C=CC(=O)N1Cc2cccc(OC)c2C1",203.094628656,"Fragment"
"C=CC(=O)Nc1cnc(CC2CC2)nc1",203.105862036,"Fragment"
"C=CC(=O)Nc1cnc(C)nc1C1CC1",203.105862036,"Fragment"
"C=CC(=O)NC1CC1(F)c1ccccc1",205.090292224,"Fragment"
"C=CC(=O)NCc1cn(C2CCC2)nn1",206.116761068,"Fragment"
"C=CC(=O)N1CCC(n2ccnn2)CC1",206.116761068,"Fragment"
"C=CC(=O)NC1CC(N(C)C)C12CCC2",208.15756326,"Fragment"
"C=CC(=O)N1CCOC2(CCSC2)C1",213.08234972,"Fragment"
"C=CC(=O)NCc1cc2cc(C)ccc2o1",215.094628656,"Fragment"
"C=CC(=O)Nc1ccc2c(C)n(C)nc2c1",215.105862036,"Fragment"
"C=CC(=O)N1CCCc2ccccc2CC1",215.131014164,"Fragment"
"C=CC(=O)N[C@H]1CC[C@H](C(F)(F)F)CC1",221.102748728,"Fragment"
"C=CC(=O)N1CCCC(C2CCCCO2)C1",223.157228912,"Fragment"
"C=CC(=O)N1CCCC(CC2CCOC2)C1",223.157228912,"Fragment"
"C=CC(=O)N1CCCC2(CCSCC2)C1",225.118735228,"Fragment"
"C=CC(=O)N(c1ccccc1C#N)C1CCC1",226.110613068,"Fragment"
"C=CC(=O)Nc1ccc2cccc(OC)c2n1",228.089877624,"Fragment"
"C=CC(=O)Nc1ccccc1C1CCC(=O)N1",230.105527688,"Fragment"
"C=CC(=O)N1CCC(=O)N(C)c2ccccc21",230.105527688,"Fragment"
"C=CC(=O)N1CC2(CCCC2)C1c1ccco1",231.125928784,"Fragment"
"C=CC(=O)N1CCCCc2c(OC)cccc21",231.125928784,"Fragment"
"C=CC(=O)NCC1CCc2cc(F)ccc2O1",235.100856908,"Fragment"
"C=CC(=O)N1CCc2cc(OC)c(F)cc2C1",235.100856908,"Fragment"
"C=CC(=O)NCc1c(Cl)oc2ccccc12",235.04000624,"Fragment"
"C=CC(=O)N1CCN(c2ncc(F)cn2)CC1",236.107339256,"Fragment"
"C=CC(=O)N1CCc2c(nnn2CCOC)C1",236.127325752,"Fragment"
"C=CC(=O)N1CCOCC1c1nc(C)cs1",238.077598688,"Fragment"
"C=CC(=O)N1CCc2c(Cl)cc(F)cc2C1",239.051319872,"Fragment"
"C=CC(=O)N1CCC(n2cc(Cl)cn2)CC1",239.082539748,"Fragment"
"C=CC(=O)N1CC(c2ccccc2)C2CCCC21",241.146664228,"Fragment"
"C=CC(=O)N1CCN(C)CC1Cc1ccccc1",244.15756326,"Fragment"
"C=CC(=O)Nc1nccn1Cc1ccccc1F",245.096440224,"Fragment"
"C=CC(=O)N1CCN(c2nc(C)cc(C)n2)CC1",246.148061196,"Fragment"
"C=CC(=O)NC1CCCC1Cc1cc(C)nn1C",247.168462292,"Fragment"
"C=CC(=O)NCc1cn(C(F)F)c2ccccc12",250.091769444,"Fragment"
"C=CC(=O)NC(c1ccc(C)cc1)c1ccccn1",252.126263132,"Fragment"
"C=CC(=O)NC(C)c1ccc(-c2cncnc2)cc1",253.1215121,"Fragment"
"C=CC(=O)N1CCc2c(cccc2C(F)(F)F)C1",255.087098664,"Fragment"
"C=CC(=O)NC1CCC(c2ccccc2)CC1OC",259.157228912,"Fragment"
"C=CC(=O)N(C)C[C@@H]1C[C@H](F)CN1c1ccncn1",264.138639384,"Fragment"
"C=CC(=O)N1CCCC1Cn1c(C)nc2ccccc21",269.152812228,"Fragment"
"C=CC(=O)N(C)C(c1ccc(F)cc1)c1cccnc1",270.11684132,"Fragment"
"C=CC(=O)N1Cc2ccccc2C[C@H]1C(=O)NC1CC1",270.136827816,"Fragment"
"C=CC(=O)N1CC(c2cnn(C)c2)C2(CCOCC2)C1",275.163376912,"Fragment"
"C=CC(=O)NCc1ccc(C)nc1-n1cc(Cl)cn1",276.07778871600004,"Fragment"
"C=CC(=O)N1CCN(c2cccc(OC(F)F)c2)CC1",282.117984192,"Fragment"
"C=CC(=O)N1CCC2(CC1)CC2N(C)Cc1nccs1",291.140533292,"Fragment"
"C=CC(=O)NCc1ncc(Cl)s1",201.996761524,"Fragment"
"C=CC(=O)Nc1cccc(C(=O)N2CCC(n3cncn3)CC2)c1",325.15387484800004,"Fragment"
"C=CC(=O)Nc1cc(NC(=O)C2CCCCN(C)C2=O)ccc1F",333.14886972,"Fragment"
"C=CC(=O)NC1CCCN2CCSCC12",226.113984196,"Fragment"
"C=CC(=O)NCC1C[C@H]2COC[C@H]2O1",197.10519334,"Fragment"
"C=CC(=O)N(C)CC(=O)N1CCC(=O)CC12CCC2",264.1473925,"Fragment"
"C=CC(=O)N1C[C@@H]2CSC[C@]2(C)C1",197.0874351,"Fragment"
"C=CC(=O)N1CC2CSCC(C2)C1",197.0874351,"Fragment"
"C=CC(=O)N1CCCC1C1CCCCO1",209.141578848,"Fragment"
"C=CC(=O)N(C)CC(=O)N[C@]12C[C@H]1COC21CCC1",264.1473925,"Fragment"
"C=CC(=O)N1CCC2(CC1)CC(=O)C=CO2",221.10519334,"Fragment"
"C=CC(=O)N1CC[C@H](Oc2cccnc2N2CCCC2)C1",287.163376912,"Fragment"
"C=CC(=O)Nc1cnc(N2CCCCC2)c(C)c1",245.152812228,"Fragment"
"C=CC(=O)NC1CC=C(c2ccc(F)cc2)CC1",245.121592352,"Fragment"
"C=CC(=O)Nc1ccc(N2CCN(C)CC2)nc1OC",276.15862588,"Fragment"
"C=CC(=O)NCc1ccc2c(c1)nc(C1CC1)n2C",255.137162164,"Fragment"
"C=CC(=O)Nc1ccc(F)cc1OC1CCOCC1",265.111421592,"Fragment"
"C=CC(=O)NC1C(=O)OCC1(C)C",183.089543276,"Fragment"
"C=CC(=O)N1CCCCC1COC(=O)N1CCCC1",266.163042564,"Fragment"
"C=CC(=O)Nc1cccc(S(=O)(=O)C2CCOCC2)c1",295.08782902400003,"Fragment"
"C=CC(=O)N1CCC(Cc2c(F)cccc2F)CC1",265.127820604,"Fragment"
"C=CC(=O)N[C@H](C)c1cc(C)ccc1OC",219.125928784,"Fragment"
"C=CC(=O)N1CCN(CCOC)CC1(C)C",226.168127944,"Fragment"
"C=CC(=O)N1C(C)C(=O)N(C)C(C)C1C",210.136827816,"Fragment"
"C=CC(=O)NC1(Cc2ccc(Cl)cc2)CCCOC1",279.10260649599996,"Fragment"
"C=CC(=O)NCC1(c2ccccc2)CC1(C)C",229.146664228,"Fragment"
"C=CC(=O)NC1CCN(C(=O)OC(C)(C)C)CC(C)(C)C1",296.209992756,"Fragment"
"C=CC(=O)NC(C)(C)C1CCCCO1",197.141578848,"Fragment"
"C=CC(=O)NC1C2Cc3ccc(Br)cc3C21",277.010226104,"Fragment"
"C=CC(=O)Nc1c(C)noc1C(C)C",194.105527688,"Fragment"
"C=CC(=O)Nc1ccc(OC)c2cccnc12",228.089877624,"Fragment"
"C=CC(=O)NCc1cccc(C(F)F)c1",211.080870412,"Fragment"
"C#CC(NC(=O)C=C)c1ccc(F)cc1",203.07464216,"Fragment"
"C=CC(=O)Nc1ccc(C2CC(=O)NC(=O)N2)cc1",259.095691276,"Fragment"
"C=CC(=O)NCc1ccsc1C(F)(F)F",235.027869536,"Fragment"
"C=CC(=O)NCc1ccc(Cl)c(C(F)(F)F)c1",263.032476248,"Fragment"
"C=CC(=O)NCCc1ccc2ncccc2c1",226.110613068,"Fragment"
"C=CC(=O)NCc1cc(F)c(F)c(F)c1",215.055798536,"Fragment"
"C=CC(=O)N1CCCC(N2CC(C)CS2(=O)=O)C1",272.1194635,"Fragment"
"C=CC(=O)Nc1ccc(C(=O)N2CC(F)(F)CCC2C)cc1",308.133634256,"Fragment"
"C=CC(=O)N1CCC2(CCC2)C(C(=O)O)C1",223.120843404,"Fragment"
"C=CC(=O)NC1CCCCCCC1(F)F",217.127820604,"Fragment"
"C=CC(=O)Nc1ccc(O)c(C(=O)N2CCC(N(C)C(C)=O)CC2)c1",345.168856216,"Fragment"
"C=CC(=O)NCCC1=CC[C@H]2C[C@@H]1C2(C)C",219.162314292,"Fragment"
"C=CC(=O)NCC1C(F)(F)C12CCCC2",215.11217054,"Fragment"
"C=CC(=O)NC(C)c1cc(F)ccc1N(C)C",236.132491384,"Fragment"
"C=CC(=O)N(CC)Cc1nc2ccsc2c(=O)[nH]1",263.072847656,"Fragment"
"C=CC(=O)NCC1(C2CC2)CCCO1",195.125928784,"Fragment"
"C=CC(=O)N1CCN(S(C)(=O)=O)C(C)(C)C1",246.103813436,"Fragment"
"C#CC(CC1CCOC1)NC(=O)C=C",193.11027872,"Fragment"
"C=CC(=O)NC1c2ccccc2OCC1OC",233.10519334,"Fragment"
"C=CC(=O)N(C)CC(=O)N1Cc2cn[nH]c2CC(C)C1",276.15862588,"Fragment"
"C=CC(=O)Nc1cc(C)n(CC(C)C)n1",207.137162164,"Fragment"
"C=CC(=O)Nc1cn(C)nc1OC(C)C",209.11642672,"Fragment"
"C=CC(=O)NC(C)c1cn(C)c2ccc(C)cc12",242.141913196,"Fragment"
"C=CC(=O)Nc1sc(C(C)C)nc1C",210.082684068,"Fragment"
"C=CC(=O)NCCC12CCC(CC1)C2(C)C",221.177964356,"Fragment"
"C=CC(=O)NC1C(=O)SC12CCCCC2",225.08234972,"Fragment"
"C#CC(Cc1ccc(F)cc1F)N(C)C(=O)C=C",249.096520476,"Fragment"
"C=CC(=O)NC1CCc2ccc(OC)cc2C1",231.125928784,"Fragment"
"C=CC(=O)N1CCC2(CC1)COc1ccccc12",243.125928784,"Fragment"
"C=CC(=O)NCC(F)c1ccc(C)c(C)c1",221.121592352,"Fragment"
"C=CC(=O)N1CCC2(CC1)NC(=O)C(C)(C)O2",238.131742436,"Fragment"
"C=CC(=O)N1CCC[C@H](CC(=O)OC)C1",211.120843404,"Fragment"
"C=CC(=O)N(CC1CCOCC1)C1CCC1",223.157228912,"Fragment"
"C=CC(=O)N1CCCC1c1c(F)cccc1OC",249.116506972,"Fragment"
"C=CC(=O)NCC1(c2ccccn2)CC2(CCC2)C1",256.15756326,"Fragment"
"C=CC(=O)Nc1c(Cl)cccc1OC",211.04000624,"Fragment"
"C=CC(=O)N(CC(C)O)c1c(C)cccc1C",233.141578848,"Fragment"
"C=CC(=O)Nc1oc(-c2ccc(F)cc2)cc1C#N",256.064805748,"Fragment"
"C=CC(=O)Nc1ccc2c(c1)OCC(C)(C)C(=O)N2",260.116092372,"Fragment"
"C=CC(=O)N1CC(C)Oc2ccc(C(F)(F)F)cc21",271.082013284,"Fragment"
"C=CC(=O)N(C)c1cc(OC)ccc1Cl",225.055656304,"Fragment"
"C=CC(=O)N1CCCC(c2cc(C(C)C)n[nH]2)C1",247.168462292,"Fragment"
"C=CC(=O)NCC1(O)CCc2cc(F)ccc21",235.100856908,"Fragment"
"C=CC(=O)N1CCN(C)C2(CCOC2)C1",210.136827816,"Fragment"
"C=CC(=O)Nc1ccc(C(=O)N(C)C)cc1F",236.096105876,"Fragment"
"C=CC(=O)NC(c1ncon1)C1CC1",193.085126592,"Fragment"
"C=CC(=O)N1C[C@@H](CO)[C@H](CC(C)(C)C)C1",225.172878976,"Fragment"
"C=CC(=O)N1CC(O)(C(F)(F)C(=O)NC)C1",234.081598684,"Fragment"
"C=CC(=O)N1CCC2(CC1)CC2(C#N)CO",220.121177752,"Fragment"
"C=CC(=O)NC1CC(CC(F)(F)F)C1",207.087098664,"Fragment"
"C=CC(=O)N(C)CC(=O)N[C@@H]1CC2(CCCC2)Oc2ccc(F)cc21",346.16927081600005,"Fragment"
"C=CC(=O)Nc1cccc(C(=O)NC2CNC(=O)CC23CCC3)c1",327.158291532,"Fragment"
"C=CC(=O)N1CCC(C(=O)Nc2ccc3c[nH]nc3c2)CC1",298.142975816,"Fragment"
"C=CC(=O)N1CCC(C(=O)NC2CCN(C(=O)C(C)C)C2)CC1",321.205241724,"Fragment"
"C=CC(=O)N1CCC(C(=O)N(C2CCCC2)C2CC2)CC1",290.199428072,"Fragment"
"C=CC(=O)N1CCC(C(=O)N2CCSC(CC)C2)CC1",296.155849008,"Fragment"
"C=CC(=O)N1CCC(C(=O)NCc2oc3ccc(F)cc3c2C)CC1",344.15362075200005,"Fragment"
"C=CC(=O)N1CCC(C(=O)N[C@@H]2CCO[C@@H](c3ccccn3)C2)CC1",343.1895916600001,"Fragment"
"C=CC(=O)N1CCCC1C(=O)Nc1ccc2nc(C3CC3)oc2c1",325.14264146799997,"Fragment"
"C=CC(=O)Nc1cccc(C(=O)NC2CCn3nccc3C2)c1",310.142975816,"Fragment"
"C=CC(=O)Nc1cccc(C(=O)N[C@H]2CCOc3c(F)cccc32)c1",340.12232062400005,"Fragment"
"C=CC(=O)Nc1cccc(C(=O)N2CCc3cc(OC)ccc3C2)c1",336.1473925,"Fragment"
"C=CC(=O)N1CCCC(C(=O)N2CCOCC2c2ccc(F)cc2)C1",346.16927081600005,"Fragment"
"O=C1CCCN1C[C@@H]1CO1",141.078978592,"Fragment"
"c1ccc(OC[C@@H]2CO2)cc1",150.06807956,"Fragment"
"O=S(=O)(CC1CO1)c1ccc(Br)cc1",275.94557724800006,"Fragment"
"N#Cc1cc(Cl)cc(OCC2CO2)c1",209.024356176,"Fragment"
"c1ccc(CN2CCC3(CC2)CO3)cc1",203.131014164,"Fragment"
"c1cnc2ccc(OCC3CO3)cc2c1",201.078978592,"Fragment"
"CC1(C)Cc2cccc(OCC3CO3)c2O1",220.109944372,"Fragment"
"O=C1c2ccccc2C(=O)N1CCC1CO1",217.073893212,"Fragment"
"COc1ccc(N2CCN(CC3CO3)CC2)cc1",248.15247788,"Fragment"
"Cc1cc(=O)oc2c(C)c(OCC3CO3)ccc12",246.089208928,"Fragment"
"CC(C)(C)OC(=O)NCC12COCCC1O2",229.131408088,"Fragment"
"O=C(NCc1ccc(Oc2cccc(F)c2)nc1)C1CO1",288.091020496,"Fragment"
"O=C(NCc1cc(-c2ccccc2)no1)C1CO1",244.084792244,"Fragment"
"COc1cc(C)cc(CNC(=O)C2CO2)c1",221.10519334,"Fragment"
"O=C(NC1(c2ccc(Cl)cc2)CC1)C1CO1",237.055656304,"Fragment"
"O=C(C1CO1)N1COCCC1c1ccccc1",233.10519334,"Fragment"
"Cc1ccc2[nH]cc(CCNC(=O)C3CO3)c2c1",244.121177752,"Fragment"
"O=C(NCc1ccc2sccc2c1)C1CO1",233.051049592,"Fragment"
"COC(=O)c1ccc2cccc(CNC(=O)C3CO3)c2c1",285.10010796,"Fragment"
"c1cc2c(cc1OCC1CO1)OCCO2",208.073558864,"Fragment"
"Cc1nc(C(F)(F)F)ccc1OCC1CO1",233.06636322,"Fragment"
"c1cc(C2CCOC2)ccc1OCC1CO1",220.109944372,"Fragment"
"c1ccc(-c2cccc(OCC3CO3)c2)nc1",227.094628656,"Fragment"
"N#Cc1cccc2cc(OCC3CO3)cnc12",226.07422756,"Fragment"
"Cc1cc(C)n(-c2ccc(OCC3CO3)cc2)n1",244.121177752,"Fragment"
"c1cc2oc3c(c2cc1OCC1CN1CC1CC1)CCCC3",297.17287897600005,"Fragment"
"c1ccc(CN2CC2COc2ccc3cnccc3c2)cc1",290.14191319599996,"Fragment"
"CC1(C)Oc2cccc(OCC3CN3Cc3ccccc3)c2O1",311.152143532,"Fragment"
"Cn1cc(CN2CC2COc2ccc3c(c2)CCOC3)cn1",299.16337691200005,"Fragment"
"Cn1cc(CN2CC2COc2cccc3c2CCC(C)(C)O3)cn1",327.19467704,"Fragment"
"Cc1nc2ccccc2cc1OCC1CN1Cc1cnn(C)c1",308.16371126,"Fragment"
"Cn1cc(CN2CC2COc2cccc(Cl)c2C#N)cn1",302.09343878000004,"Fragment"
"c1cc2c(cc1OCC1CN1C1CCC1)OCCO2",261.136493468,"Fragment"
"c1ccc(-n2ccnc2)c(OCC2CN2C2CCC2)c1",269.152812228,"Fragment"
"c1cc(-c2nnc3n2CCCC3)ccc1OCC1CN1C1CCC1",324.195011388,"Fragment"
"Cn1cc(CN2CC2COc2cccc(-c3nnco3)c2)cn1",311.13822478400004,"Fragment"
"COc1ccc(OCC2CN2CC2CC2)c(C(N)=O)c1",276.1473925,"Fragment"
"Cc1nc(-c2cccc(OCC3CN3CC3CC3)c2)no1",285.147726848,"Fragment"
"Cn1cc(CN2CC2COc2cccc(OCC(F)(F)F)c2)cn1",341.135111476,"Fragment"
"COc1ccc(OCC2CN2CC2CC2)cc1C(F)(F)F",301.128963476,"Fragment"
"Cc1nc(-c2ccccc2OCC2CN2CC2CC2)cs1",300.12963426,"Fragment"
"O=C1CCC(c2ccc(OCC3CN3C3CCC3)cc2)N1",286.168127944,"Fragment"
"CN(C)S(=O)(=O)c1cccc(OCC2CN2CC2CC2)c1",310.135113564,"Fragment"
"O=C1CCCc2c(cccc2OCC2CN2CC2CC2)N1",286.168127944,"Fragment"
"NC(=O)CNC(=O)c1cccc(OCC2CN2CC2CC2)c1",303.158291532,"Fragment"
"Cn1cc(CN2CC2COc2ccc(Oc3cnccn3)cc2)cn1",337.15387484800004,"Fragment"
"c1cc(Sc2ccc(OCC3CN3CC3CC3)cc2)ccn1",312.12963426000005,"Fragment"
"CC(O)(c1ccc(OCC2CN2CC2CC2)cc1)C(F)(F)F",315.14461354,"Fragment"
"Fc1cc(OCC2CN2CC2CC2)cc(-c2cccnc2)c1",298.148141448,"Fragment"
"Cn1cc(CN2CC2COc2ccc(Oc3cccnc3)cc2)cn1",336.15862588,"Fragment"
"CCN1C(=O)CCc2c(OCC3CN3CC3CC3)cccc21",300.183778008,"Fragment"
"Cn1cc(CN2CC2COc2cccc(N3CCCCC3=O)c2)cn1",340.189926008,"Fragment"
"Cc1ccncc1-c1ccc(OCC2CN2CC2CC2)cc1",294.17321332399996,"Fragment"
"CC(=O)NC1(c2ccc(OCC3CN3CC(C)C)cc2)CC1",302.199428072,"Fragment"
"Cn1cc(COc2ccc(OCC3CN3CC3CC3)cc2)cn1",313.17902697600005,"Fragment"
"Cc1noc(COc2ccc(OCC3CN3CC3CC3)cc2)n1",315.1582915320001,"Fragment"
"Cn1cc(CN2CC2COc2cccc(NC(=O)c3ccccc3)c2)cn1",362.174275944,"Fragment"
"O=C1NCCCCC1Oc1ccc(OCC2CN2CC2CC2)cc1",330.194342692,"Fragment"
"CC(C)(C)c1cnn(-c2ccccc2OCC2CN2CC2CC2)c1",325.215412484,"Fragment"
"CC(C)CN1CC1COc1ccc2c(c1)OCCN(C(=O)OC(C)(C)C)C2",376.23620750399994,"Fragment"
"O=C(NCc1ccccc1)c1cccc(OCC2CN2CC2CC2)c1",336.183778008,"Fragment"
"CNC(=O)c1cc(Oc2cccc(OCC3CN3CC3CC3)c2)ccn1",353.1739415960001,"Fragment"
"CC(C)CN1CC1COc1ccc(CCO)cc1-n1nc2ccccc2n1",366.205576072,"Fragment"
"COC(=O)c1ccc(OCC2CN2Cc2cnn(C)c2)c(Cl)c1",335.103669116,"Fragment"
"CN1CCN(C(=O)c2ccc(OCC3CN3CC3CC3)cc2)CC1",329.210327104,"Fragment"
"c1ccc(-c2nnc3n2CCCCC3)c(OCC2CN2CC2CC2)c1",338.210661452,"Fragment"
"c1cc(-c2nnc3n2CCCCC3)ccc1OCC1CN1CC1CC1",338.210661452,"Fragment"
"c1cc(COc2ccc(OCC3CN3CC3CC3)cc2)ccn1",310.16812794400005,"Fragment"
"CC(C)CN1CC1COc1ccc(OCc2ccncc2)cc1",312.183778008,"Fragment"
"C[C@@H]1O[C@H]1C(=O)N(C)C1CCCc2ccccc21",245.141578848,"Fragment"
"COC(=O)C(COC1CCC1)N(C)C(=O)[C@@H]1O[C@H]1C",271.14197277200003,"Fragment"
"C[C@@H]1O[C@H]1C(=O)NC1CCN(c2nc3ccccc3[nH]2)CC1",300.15862588,"Fragment"
"Cc1nc2ccccc2cc1OCC1OC1C",229.11027872,"Fragment"
"CC1(C(=O)NC2CCCc3ccccc32)CO1",231.125928784,"Fragment"
"Cc1nc2ccccc2cc1OCC1(C)CO1",229.11027872,"Fragment"
"COc1ccc(C(Cc2ccc(F)cc2)NC(=O)[C@@H]2O[C@H]2C)cc1",329.14272172,"Fragment"
"CC1(C)OC1CN1CCCN(Cc2ccccc2)CC1",274.204513452,"Fragment"
"CC1(c2ccncc2)CO1",135.068413908,"Fragment"
"Fc1ccc(OCC2CO2)c(Cl)c1",202.019685396,"Fragment"
"COc1ccc(COCC2CO2)cc1",194.094294308,"Fragment"
"CC1(C)C2CC=C(COCC3CO3)C1C2",208.14632988,"Fragment"
"CCc1ccc(OCC2CO2)c(OC)c1",208.109944372,"Fragment"
"CCc1cccc(CO)c1OCC1CO1",208.109944372,"Fragment"
"O=C(NC1CCCOc2ccccc21)C1CO1",233.10519334,"Fragment"
"Cn1cc(CCNC(=O)C2CO2)c2ccccc21",244.121177752,"Fragment"
"O=C(C1CO1)N1CCc2nc(-c3ccccc3)sc2C1",286.077598688,"Fragment"
"N#Cc1ccc2c(c1)CCC2NC(=O)C1CO1",228.089877624,"Fragment"
"O=C(NC1CCCc2c(F)cccc21)C1CO1",235.100856908,"Fragment"
"O=C(NC1CCCc2cc(F)ccc21)C1CO1",235.100856908,"Fragment"
"O=C(NCc1cc(-c2cccc(Cl)c2)on1)C1CO1",278.045819892,"Fragment"
"C#CCOc1ccccc1OCC1CO1",204.078644244,"Fragment"
"Cc1nc2ccc(OCC3CO3)cc2o1",205.073893212,"Fragment"
"COc1cc(C)c(OCC2CO2)c(C)c1",208.109944372,"Fragment"
"c1cc2c(cc1OCC1CO1)COCC2",206.094294308,"Fragment"
"c1cc(OCC2CO2)cc(-n2cncn2)c1",217.085126592,"Fragment"
"c1cnn(-c2ccc(OCC3CO3)cc2)c1",216.089877624,"Fragment"
"Cc1nc(-c2cccc(OCC3CO3)c2)no1",232.084792244,"Fragment"
"COc1cc2ccncc2cc1OCC1CO1",231.089543276,"Fragment"
"COc1ccc(OCC2CO2)cc1C(F)(F)F",248.066028872,"Fragment"
"COC(=O)c1cc(F)c(C)c(OCC2CO2)c1",240.079787116,"Fragment"
"Cc1cnn(-c2ccc(OCC3CO3)cc2)c1",230.105527688,"Fragment"
"Cc1cc(-c2cccnc2)ccc1OCC1CO1",241.11027872,"Fragment"
"c1cc(OC2CCC2)ccc1OCC1CO1",220.109944372,"Fragment"
"c1ccc2nc(C3CC3)c(OCC3CO3)cc2c1",241.11027872,"Fragment"
"Cc1nc2ccc(Br)cc2cc1OCC1CN1CC1CC1",346.0680753280001,"Fragment"
"CC1(C)Cc2cccc(OCC3CN3CC3CC3)c2O1",273.172878976,"Fragment"
"CC1(C)CCc2ccc(OCC3CN3CC3CC3)cc2O1",287.18852904,"Fragment"
"Cc1cn(C)c2cc(OCC3CN3CC(C)C)ccc12",272.188863388,"Fragment"
"Cn1cnc2cc(OCC3CN3Cc3ccccc3)ccc21",293.152812228,"Fragment"
"c1ccc(CN2CC2COc2ccc3c(c2)COCC3)cc1",295.15722891200005,"Fragment"
"Cc1nc2ccc(OCC3CN3Cc3ccccc3)cc2o1",294.13682781599994,"Fragment"
"Cn1cc(CN2CC2COc2ccc3c(c2)C(C)(C)CO3)cn1",313.17902697600005,"Fragment"
"Cc1nc2c(OCC3CN3C3CCC3)cccc2o1",258.136827816,"Fragment"
"Cn1nccc1-c1ccccc1OCC1CN1C1CCC1",283.168462292,"Fragment"
"CC(=O)N1CC=C(c2ccc(OCC3CN3C3CCC3)cc2)CC1",326.199428072,"Fragment"
"CC(C)(O)c1ccc(OCC2CN2C2CCC2)cc1",261.172878976,"Fragment"
"COc1cccc2cc(OCC3CN3C3CCC3)cnc12",284.15247788,"Fragment"
"CSc1nc2cc(OCC3CN3CC3CC3)ccc2s1",306.086055196,"Fragment"
"c1ccc(-c2ccc(OCC3CN3CC3CC3)cc2)cc1",279.162314292,"Fragment"
"O=C1OCCN1c1ccc(OCC2CN2CC2CC2)cc1",288.1473925,"Fragment"
"COc1ccc(OCC2CN2CC2CC2)c(C(F)(F)F)c1",301.128963476,"Fragment"
"COC(=O)CCc1ccc(OCC2CN2C2CCC2)cc1",289.167793596,"Fragment"
"c1ccc(-c2cccc(OCC3CN3CC3CC3)c2)cc1",279.162314292,"Fragment"
"O=C1CCC(c2ccc(OCC3CN3CC3CC3)cc2)N1",286.168127944,"Fragment"
"c1ccc(Nc2ccc(OCC3CN3CC3CC3)cc2)cc1",294.17321332399996,"Fragment"
"CC(=O)N1CCCc2cc(OCC3CN3Cc3cnn(C)c3)ccc21",340.189926008,"Fragment"
"Cc1cc(C)n(-c2ccc(OCC3CN3CC3CC3)cc2)n1",297.184112356,"Fragment"
"COC(=O)c1cc(OCC2CN2CC2CC2)c2ccccc2c1",311.152143532,"Fragment"
"O=S(=O)(c1ccc(OCC2CN2CC2CC2)cc1)N1CCCCC1",350.166413692,"Fragment"
"CC(C)CN1CC1COc1ccc(OC2CCCCNC2=O)cc1",332.20999275599996,"Fragment"
"CC(C)(C)OC(=O)NCc1ccccc1OCC1CN1C1CCC1",332.209992756,"Fragment"
"Cn1c(-c2cccc(OCC3CN3CC3CC3)c2)nc2ccccc21",333.184112356,"Fragment"
"Cc1cc(C(N)=O)ccc1Oc1ccc(OCC2CN2CC2CC2)cc1",352.178692628,"Fragment"
"Cc1c(C)n(-c2ccc(OCC3CN3CC3CC3)cc2)c2ncnc(N)c12",363.20591042000007,"Fragment"
"O=C(NCc1ccccc1)c1ccccc1OCC1CN1CC1CC1",336.183778008,"Fragment"
"CN(C(=O)c1ccccc1OCC1CN1CC1CC1)c1ccccc1",336.183778008,"Fragment"
"O=C(c1ccc(OCC2CN2C2CCC2)cc1)N1CCc2sccc2C1",368.155849008,"Fragment"
"O=C(NCc1ccncc1)c1ccc(OCC2CN2CC2CC2)c(Cl)c1",371.14005462399996,"Fragment"
"COC(=O)c1cc2ccccc2cc1OCC1CN1Cc1cnn(C)c1",351.1582915320001,"Fragment"
"c1cc(-c2noc(C3CC3)n2)ccc1OCC1CN1CC1CC1",311.163376912,"Fragment"
"c1cc(-c2ncc3n2CCCC3)ccc1OCC1CN1CC1CC1",323.19976242,"Fragment"
"CN1CCc2c(F)ccc(OCC3CN3CC3CC3)c2C1",290.179441576,"Fragment"
"O=S(=O)([C@H]1C[C@@H]2CC[C@H]1[C@H]1O[C@@H]21)N1CC=C(c2ccccc2)CC1",345.139864596,"Fragment"
"CN(Cc1cnn(C)c1)S(=O)(=O)[C@H]1C[C@@H]2CC[C@H]1[C@H]1O[C@@H]21",311.130362532,"Fragment"
"CC(=O)N1CCC2(CC1)CC(=O)c1ccc(OCC3CN3CC3CC3)cc1O2",384.204907376,"Fragment"
"Cn1cc(CN2CC2COc2ccc(OC3CCCCC3)cc2)cn1",341.21032710400004,"Fragment"
"Cc1cccc(C(=O)Nc2ccc(OCC3CN3CC3CC3)cc2)c1",336.183778008,"Fragment"
"O=C(c1ccncc1)c1ccc(OCC2CN2CC2CC2)cc1",308.15247788,"Fragment"
"CN(C)S(=O)(=O)c1ccc(OCC2CN2CC2CC2)cc1",310.135113564,"Fragment"
"C[C@@H]1O[C@H]1C(=O)N1CCCN(c2ccccc2)CC1",260.15247788,"Fragment"
"C[C@@H]1O[C@H]1C(=O)N1CCC(c2ccccc2)C1",231.125928784,"Fragment"
"C[C@@H]1O[C@H]1C(=O)N1CCOC(c2ccc(C(F)(F)F)cc2)C1",315.108228032,"Fragment"
"Cc1ccc(C2CN(C(=O)[C@@H]3O[C@H]3C)CCO2)s1",267.092914404,"Fragment"
"CC(C)Cc1cc(CNC(=O)[C@@H]2O[C@H]2C)no1",238.131742436,"Fragment"
"CCOC(=O)c1nnn(C2CCN(C(=O)C3(C)CO3)CC2)c1C(F)F",358.14526156,"Fragment"
"CC1(C(=O)NC(c2ccc(F)cc2)C2CCCC2)CO1",277.14780709999997,"Fragment"
"c1ccn(CCC2CO2)c1",137.084063972,"Fragment"
"Cc1cc(Br)ccc1OCC1CO1",241.994241692,"Fragment"
"N#Cc1c(Cl)cccc1OCC1CO1",209.024356176,"Fragment"
"O=c1c2ccccc2cnn1CC1CO1",202.07422756,"Fragment"
"Cc1cc(C#N)cc(C)c1OCC1CO1",203.094628656,"Fragment"
"COc1cc(C#N)cc(OCC2CO2)c1",205.073893212,"Fragment"
"Cc1cc(=O)n2c3ccccc3n(CC3CO3)c2c1C#N",279.10077665600005,"Fragment"
"OC[C@@H]1CN1C(c1ccccc1)(c1ccccc1)c1ccccc1",315.162314292,"Fragment"
"Brc1cc(C2CO2)on1",188.942540468,"Fragment"
"O=C(NC(c1ccccc1)C1CCC1)C1CO1",231.125928784,"Fragment"
"O=C(C1CO1)N1CCOC(CCc2ccccc2)C1",261.136493468,"Fragment"
"O=C(NCC1CCN(c2ccccc2Cl)C1)C1CO1",280.097855464,"Fragment"
"O=C(C1CO1)N(CC1CCCCC1)C1CC1",223.157228912,"Fragment"
"O=C(C1CO1)N1CC(c2nc(-c3ccccc3)no2)C1",271.095691276,"Fragment"
"O=C(C1CO1)N1CC(Cc2cccs2)C1",223.066699656,"Fragment"
"O=C(C1CO1)N1CCC(Oc2ccc(C(F)(F)F)cn2)CC1",316.10347700000005,"Fragment"
"CC(NC(=O)C1CO1)c1nc(-c2cccc(F)c2)no1",277.086269464,"Fragment"
"O=C(NCc1cccc(C(F)F)c1)C1CO1",227.075785032,"Fragment"
"Cc1cc(OCC2CO2)c(F)cc1F",200.064886,"Fragment"
"N#CCOc1cccc(OCC2CO2)c1",205.073893212,"Fragment"
"COc1ccc(OCC2CO2)cc1C#N",205.073893212,"Fragment"
"COC(=O)c1cc(OCC2CO2)ccc1C",222.089208928,"Fragment"
"c1nc(-c2ccc(OCC3CO3)cc2)cs1",233.051049592,"Fragment"
"Cc1c(OCC2CO2)ccc2ncccc12",215.094628656,"Fragment"
"COc1cccc2cc(OCC3CO3)cnc12",231.089543276,"Fragment"
"c1ccc(-c2nccs2)c(OCC2CO2)c1",233.051049592,"Fragment"
"Cc1nc(-c2ccc(OCC3CO3)cc2)no1",232.084792244,"Fragment"
"Brc1c(OCC2CN2CC2CC2)ccc2ncccc12",332.052425264,"Fragment"
"Cc1c(OCC2CN2CC2CC2)ccc2ncccc12",268.15756326,"Fragment"
"CC(C)CN1CC1COc1cccc2c1CCC(C)(C)O2",289.204179104,"Fragment"
"CC(C)CN1CC1COc1cccc(Cl)c1C#N",264.102940844,"Fragment"
"OC1Cc2ccc(OCC3CN3Cc3ccccc3)cc2C1",295.15722891200005,"Fragment"
"c1ccc(CN2CC2COc2ccc3c(c2)OCCCO3)cc1",311.152143532,"Fragment"
"c1ccc(CN2CC2COc2ccc3ncncc3c2)cc1",291.137162164,"Fragment"
"Cn1cc(CN2CC2COc2cccc3c2CCOC3)cn1",299.16337691200005,"Fragment"
"Cn1cc(CN2CC2COc2cnc3ccc(F)cc3c2)cn1",312.13863938400004,"Fragment"
"Cn1ncnc1-c1ccc(OCC2CN2C2CCC2)cc1",284.16371126,"Fragment"
"c1cnc2ccc(OCC3CN3C3CCC3)cc2c1",254.141913196,"Fragment"
"c1cc(OCC2CN2C2CCC2)cc(N2CCCC2)c1",272.188863388,"Fragment"
"Cc1noc(-c2cc(Cl)ccc2OCC2CN2C2CCC2)n1",319.108754496,"Fragment"
"COc1cc2ccncc2cc1OCC1CN1C1CCC1",284.15247788,"Fragment"
"CC1(C)OC1COc1ccccc1",178.099379688,"Fragment"
"c1cc(OCC2CN2CC2CC2)cc(-n2cccn2)c1",269.152812228,"Fragment"
"c1ccc(Oc2cccc(OCC3CN3CC3CC3)c2)nc1",296.15247788,"Fragment"
"c1cc(OCC2CN2CC2CC2)cc(Oc2cnccn2)c1",297.14772684800005,"Fragment"
"Cc1noc(C)c1-c1ccc(OCC2CN2CC2CC2)cc1",298.168127944,"Fragment"
"O=C1CCCCN1c1cccc(OCC2CN2CC2CC2)c1",300.183778008,"Fragment"
"c1ccc(OCC2CN2CC2CC2)c(Cc2ccncc2)c1",294.17321332399996,"Fragment"
"Cc1ccncc1-c1ccc(OCC2CN2Cc2cnn(C)c2)cc1",334.179361324,"Fragment"
"c1ccc(COc2ccc(OCC3CN3CC3CC3)cc2)cc1",309.17287897600005,"Fragment"
"CC(=O)N1CC=C(c2ccc(OCC3CN3CC3CC3)cc2)CC1",326.199428072,"Fragment"
"Cn1cc(C(=O)Nc2ccc(OCC3CN3CC3CC3)cc2)cn1",326.174275944,"Fragment"
"CC(=O)N1CCC(c2ccc(OCC3CN3CC3CC3)cc2)CC1",328.215078136,"Fragment"
"O=C(c1cccc(OCC2CN2CC2CC2)c1)N1CCc2ccccc2C1",362.199428072,"Fragment"
"O=C(c1cc2ccccc2cc1OCC1CN1CC1CC1)N1CCOCC1",366.194342692,"Fragment"
"Cn1cc(CN2CC2COc2ccc(C(=O)N3CCCC3)cc2)cn1",340.189926008,"Fragment"
"c1ccc(-n2cnnc2-c2ccccc2OCC2CN2CC2CC2)cc1",346.179361324,"Fragment"
"C[C@@H]1O[C@H]1C(=O)N[C@@H]1COC[C@H]1O",187.084457896,"Fragment"
"CC(O)CNC(=O)c1cccc(OCC2CN2CC2CC2)c1",304.178692628,"Fragment"
"CCOc1cc(C#N)ccc1OCC1CN1C1CCC1",272.15247788,"Fragment"
"c1cncc(COc2ccc(OCC3CN3C3CCC3)cc2)c1",310.168127944,"Fragment"
"c1ccc(Oc2ccc(OCC3CN3CC3CC3)cc2)cc1",295.15722891200005,"Fragment"
"C[C@@H]1O[C@H]1C(=O)Nc1ccc2c(c1)NC(=O)CO2",248.079706864,"Fragment"
"C[C@@H]1O[C@H]1C(=O)Nc1ccc(O)cc1",193.073893212,"Fragment"
"Cc1ccc(CN2CCOC(CNC(=O)[C@@H]3O[C@H]3C)C2)cc1",304.178692628,"Fragment"
"C[C@@H]1O[C@H]1C(=O)Nc1ccc2c(c1)NC(=O)CCC2",260.116092372,"Fragment"
"C[C@@H]1O[C@H]1C(=O)Nc1ccc2c(c1)CNC2=O",232.084792244,"Fragment"
"Cc1ccc(C2(NC(=O)[C@@H]3O[C@H]3C)CCCCC2)cc1",273.172878976,"Fragment"
"C[C@@H]1O[C@H]1C(=O)N1CCN(C(c2ccccc2)C(F)(F)F)CC1",328.139862508,"Fragment"
"CC1(C(=O)N2CCc3cc(O)ccc3C2)CO1",233.10519334,"Fragment"
"CN(Cc1cccnc1)CC1OC1(C)C",206.141913196,"Fragment"
"O=S1(=O)CCCC2(CO2)C1",162.03506518,"Fragment"
"c1ccc2oc(C3CO3)cc2c1",160.052429496,"Fragment"
"Cc1ccc(Cl)c(OCC2CO2)c1",198.044757272,"Fragment"
"O=C(OCc1ccccc1)[C@H]1CO1",178.06299418,"Fragment"
"N#CCc1ccc(OCC2CO2)cc1",189.078978592,"Fragment"
"FC(F)(F)c1ccccc1OCC1CO1",218.055464188,"Fragment"
"O=C1CCc2cc(OCC3CO3)ccc2N1",219.089543276,"Fragment"
"COC(=O)C1OC1(C)c1ccccc1OC",222.089208928,"Fragment"
"O=[N+]([O-])c1cc(S(=O)(=O)N2CCCC2)ccc1OCC1CO1",328.072907232,"Fragment"
"O=C(NCc1ccccc1)NCN1C(=O)[C@@H]2[C@H]3C[C@H]([C@@H]4O[C@H]34)[C@@H]2C1=O",341.137556088,"Fragment"
"CC(=O)N1CC2(C[C@@H]3O[C@@H]3C2)C1C(C)C",209.141578848,"Fragment"
"CC(C)(C)NS(=O)(=O)C1(C2CO2)CCC1",233.108564468,"Fragment"
"COC(=O)C1(CC2CO2)CCCC1",184.109944372,"Fragment"
"c1ccc2ncc(OCC3CO3)cc2c1",201.078978592,"Fragment"
"O=C(NCC1(c2ccccc2)CC1)C1CO1",217.11027872,"Fragment"
"O=C(C1CO1)N1CCCN(c2ccccc2)CC1",246.136827816,"Fragment"
"O=C(NC1(c2ccccc2)CC1)C1CO1",203.094628656,"Fragment"
"O=C(NCc1cc(=O)[nH]c2ccccc12)C1CO1",244.084792244,"Fragment"
"O=C(NCCC1Cc2ccccc2C1)C1CO1",231.125928784,"Fragment"
"O=C(C1CO1)N1CCC1c1cccc(F)c1",221.085206844,"Fragment"
"Cc1ccc(CNC(=O)C2CO2)cc1C#N",216.089877624,"Fragment"
"O=C(NC1CCC(c2cccc(F)c2)C1)C1CO1",249.116506972,"Fragment"
"O=C(NC1CC12CCc1ccccc12)C1CO1",229.11027872,"Fragment"
"CC(C)(NC(=O)C1CO1)c1cccc(C#N)c1",230.105527688,"Fragment"
"COc1cc(OCC2CO2)ccc1C#N",205.073893212,"Fragment"
"c1cc2c(c(OCC3CO3)c1)CCOC2",206.094294308,"Fragment"
"Cc1cc2cc(OCC3CO3)ccc2n1C",217.11027872,"Fragment"
"CC1(C)Oc2cccc(OCC3CO3)c2O1",222.089208928,"Fragment"
"CC(C)Oc1cc(F)ccc1OCC1CO1",226.10052256,"Fragment"
"CC(C)c1cc(C#N)ccc1OCC1CO1",217.11027872,"Fragment"
"Fc1cc(OC(F)F)ccc1OCC1CO1",234.050378808,"Fragment"
"CC1(C)CCc2ccc(OCC3CO3)cc2O1",234.125594436,"Fragment"
"COc1c(OCC2CO2)ccc2ccccc12",230.094294308,"Fragment"
"c1cc(OCC2CO2)cc(C2CCOCC2)c1",234.125594436,"Fragment"
"CC1CCCN(c2ccccc2OCC2CO2)C1",247.157228912,"Fragment"
"COC(=O)c1c(OCC2CO2)cnc2ccccc12",259.084457896,"Fragment"
"CN1CCN(c2cc(OCC3CO3)ccc2Cl)CC1",282.113505528,"Fragment"
"O=C1OCc2cc(OCC3CO3)ccc21",206.0579088,"Fragment"
"Cc1ccc2c(OCC3CO3)cccc2n1",215.094628656,"Fragment"
"COc1cc2c(c(OCC3CO3)c1)C(=O)OC2",236.068473484,"Fragment"
"c1cc(OCC2CN2CC2CC2)c2ccncc2c1",254.141913196,"Fragment"
"c1ccc2cc(OCC3CN3CC3CC3)ccc2c1",253.146664228,"Fragment"
"CC(C)CN1CC1COc1ccc(C#N)c2ccccc12",280.15756325999996,"Fragment"
"c1ccc(CN2CC2COc2cccc3cnccc23)cc1",290.14191319599996,"Fragment"
"Cn1cc(CN2CC2COc2ccc(Cl)c(Cl)c2)cn1",311.05921746,"Fragment"
"Cn1cc(CN2CC2COc2cccc(Cl)c2Cl)cn1",311.05921746,"Fragment"
"COc1ccc(OCC2CN2C2CCC2)c2nc(C)ccc12",298.168127944,"Fragment"
"Clc1cccc2cc(OCC3CN3C3CCC3)cnc12",288.10294084400005,"Fragment"
"Cn1nccc1-c1ccc(F)cc1OCC1CN1C1CCC1",301.15904048,"Fragment"
"Cc1nc2c(OCC3CN3CC3CC3)cccc2n(C)c1=O",299.163376912,"Fragment"
"Cn1cc(CN2CC2COc2ccc(C(C)(C)O)cc2)cn1",301.17902697600005,"Fragment"
"c1ccc(-n2ccnc2)c(OCC2CN2CC2CC2)c1",269.152812228,"Fragment"
"c1cnc(Oc2ccc(OCC3CN3CC3CC3)cc2)nc1",297.14772684800005,"Fragment"
"c1cc(Oc2ccc(OCC3CN3CC3CC3)cc2)ccn1",296.15247788000005,"Fragment"
"Cn1cc(CN2CC2COc2ccc(Oc3ccncc3)cc2)cn1",336.15862588,"Fragment"
"c1cc(OCC2CN2CC2CC2)cc(Oc2ccncc2)c1",296.15247788,"Fragment"
"Cc1cnc(Nc2cccc(OCC3CN3CC3CC3)c2)s1",315.140533292,"Fragment"
"c1cc(Cc2ccc(OCC3CN3CC3CC3)cc2)ccn1",294.173213324,"Fragment"
"COC(=O)C(C)(C)c1cccc(OCC2CN2CC2CC2)c1",303.18344366,"Fragment"
"CC(C)CN1CC1COc1ccc(NC(=O)Cn2cccn2)cc1",328.189926008,"Fragment"
"O=C(Cn1cccn1)Nc1ccc(OCC2CN2CC2CC2)cc1",326.174275944,"Fragment"
"O=S(=O)(c1ccccc1)c1ccc(OCC2CN2CC2CC2)cc1",343.124214532,"Fragment"
"Cc1ccc(NC(=O)OC(C)(C)C)c(OCC2CN2CC2CC2)c1",332.209992756,"Fragment"
"CC(C)(C)OC(=O)N1CCc2cccc(OCC3CN3CC3CC3)c21",344.209992756,"Fragment"
"Cn1cc(CN2CC2COc2ccc(NC(=O)Nc3ccccc3)cc2)cn1",377.18517497600004,"Fragment"
"Cn1cc(CN2CC2COc2cccc(-c3noc(C4CCCO4)n3)c2)cn1",381.180089596,"Fragment"
"O=C(NCc1cccc(OCC2CN2CC2CC2)c1)c1ccncc1",337.17902697600005,"Fragment"
"CN1CCN(CCOc2ccc(OCC3CN3C3CCC3)cc2)CC1",345.241627232,"Fragment"
"CN(C(=O)c1ccc(Cl)cc1)c1ccc(OCC2CN2CC2CC2)cc1",370.144805656,"Fragment"
"CC(=O)N1CCC2(CCc3ccc(OCC4CN4CC4CC4)cc3O2)CC1",370.22564281999996,"Fragment"
"c1nnc(-c2ccc(OCC3CN3CC3CC3)cc2)o1",271.132076784,"Fragment"
"Cn1cc(CN2CC2COc2ccc(-c3ccncc3)cc2)cn1",320.16371126,"Fragment"
"c1cc(-c2noc(C3CCCO3)n2)ccc1OCC1CN1CC1CC1",341.173941596,"Fragment"
"CC(C)CN1CC1COc1ccc(C(=O)N2CCCC2)cc1",302.199428072,"Fragment"
"NC(=O)c1cc(S(=O)(=O)N2CCCC2)ccc1OCC1CN1CC1CC1",379.15657728,"Fragment"
"Cn1cc(-c2nc(-c3ccc(OCC4CN4CC4CC4)cc3)no2)cn1",351.16952491200004,"Fragment"
"COC(=O)c1ccc2ccccc2c1OCC1CN1CC1CC1",311.152143532,"Fragment"
"O=C(Nc1ccccc1)c1ccc(OCC2CN2CC2CC2)cc1",322.168127944,"Fragment"
"COCc1nnc(-c2cc3ccccc3cc2OCC2CN2CC2CC2)o1",365.173941596,"Fragment"
"CC(C)(C)OC(=O)c1ccc(F)c(OCC2CN2CC2CC2)c1",321.174021848,"Fragment"
"CC(C)CN1CC1COc1ccc(OCc2cccnc2)cc1",312.183778008,"Fragment"
"c1cc(OCC2CN2C2CCC2)cc(Oc2ccncn2)c1",297.14772684800005,"Fragment"
"C[C@H](O)CNC(=O)c1ccc(OCC2CN2CC2CC2)cc1",304.178692628,"Fragment"
"Cc1cccc(NCCNC(=O)[C@@H]2O[C@H]2C)n1",235.132076784,"Fragment"
"C[C@@H]1O[C@H]1C(=O)N1CCC(OCC2CCCCO2)CC1",283.17835828,"Fragment"
"Cc1cccc(C)c1CNC(=O)[C@@H]1O[C@H]1C",219.125928784,"Fragment"
"COC(=O)CC1c2cc(OC)c(OC)cc2CCN1C(=O)[C@@H]1O[C@H]1C",349.15253745599995,"Fragment"
"CCc1c(NC(=O)[C@@H]2O[C@H]2C)cnn1-c1ccccc1Cl",305.093104432,"Fragment"
"C[C@@H]1O[C@H]1C(=O)Nc1ccc2cc(N(C)C)ccc2c1",270.136827816,"Fragment"
"C#CC(CC1CCOCC1)NC(=O)[C@@H]1O[C@H]1C",237.136493468,"Fragment"
"C[C@@H]1O[C@H]1C(=O)Nc1cccc(OCCO)c1",237.10010796,"Fragment"
"Cc1cc(C)n(C(C)CNC(=O)[C@@H]2O[C@H]2C)n1",237.147726848,"Fragment"
"C[C@@H]1O[C@H]1C(=O)Nc1ccc(Oc2ccccc2C#N)cc1",294.100442308,"Fragment"
"CCOc1ccc(CNC(=O)[C@@H]2O[C@H]2C)c(C(F)(F)F)c1",303.108228032,"Fragment"
"Cc1ccc(NC(=O)C2(C)CO2)c(OCC(F)(F)F)c1",289.092577968,"Fragment"
"O=C(NCc1ccc(-c2nccs2)cc1)C1CO1",260.061948624,"Fragment"
"CC1OC1CN1CCN(c2ncccn2)CC1",234.148061196,"Fragment"
"c1ccc(CO[C@@H]2C[C@@H]3O[C@@H]3C2)cc1",190.099379688,"Fragment"
"Fc1cccc([C@H]2CO2)c1",138.048093064,"Fragment"
"Fc1cc(Cl)ccc1C1CO1",172.009120712,"Fragment"
"C[C@@H]1CN(CC2CO2)C[C@H](C)O1",171.125928784,"Fragment"
"Fc1cc(Cl)ccc1OCC1CO1",202.019685396,"Fragment"
"Cc1cc(F)c(F)cc1OCC1CO1",200.064886,"Fragment"
"Cc1cc2ncn(CC3CO3)c2cc1C",202.110613068,"Fragment"
"O=C1c2ccccc2C(=O)N1C[C@H]1CO1",203.058243148,"Fragment"
"c1cc(OCC2CO2)c2cccnc2c1",201.078978592,"Fragment"
"O=C1c2ccccc2C(=O)N1CCCC1CO1",231.089543276,"Fragment"
"O=c1oc2cc(OCC3CO3)ccc2c2c1CCC2",258.089208928,"Fragment"
"Cn1ncc(Br)c1C12CCOCC1O2",258.000389692,"Fragment"
"OC1CCCc2c(OCC3CO3)cccc21",220.109944372,"Fragment"
"c1ncn(CC2CC3OC3C2)n1",165.090211972,"Fragment"
"O=C(NCc1ccccc1N1CCCCC1)C1CO1",260.15247788,"Fragment"
"O=C(NCc1csc2ccccc12)C1CO1",233.051049592,"Fragment"
"O=C(C1CO1)N1CCCCC1c1ccccc1",231.125928784,"Fragment"
"CCN(Cc1ccc2[nH]ccc2c1)C(=O)C1CO1",244.121177752,"Fragment"
"N#Cc1ccc2c(c1)CCCC2NC(=O)C1CO1",242.105527688,"Fragment"
"CC(Cc1ccc(C#N)cc1)NC(=O)C1CO1",230.105527688,"Fragment"
"Fc1cc(OCC2CO2)cnc1Cl",203.014934364,"Fragment"
"N#CCOc1ccc(OCC2CO2)cc1",205.073893212,"Fragment"
"Cn1cnc2cc(OCC3CO3)ccc21",204.089877624,"Fragment"
"c1cc2c(cc1OCC1CO1)OCCCO2",222.089208928,"Fragment"
"c1cc(OCC2CO2)cc(-c2nccs2)c1",233.051049592,"Fragment"
"COc1ccc(C(C)C)cc1OCC1CO1",222.125594436,"Fragment"
"Clc1cccc2cc(OCC3CO3)cnc12",235.04000624,"Fragment"
"Cc1ccc(C(=O)N(C)C)cc1OCC1CO1",235.120843404,"Fragment"
"N#Cc1ccc(OCC2CO2)c2ccccc12",225.078978592,"Fragment"
"c1ncc2ccc(OCC3CO3)cc2n1",202.07422756,"Fragment"
"COC(=O)c1ccc(OCC2CO2)cc1C",222.089208928,"Fragment"
"c1nnc(-c2ccc(OCC3CO3)cc2)s1",234.04629856,"Fragment"
"c1cc(-c2ccc(OCC3CO3)cc2)ccn1",227.094628656,"Fragment"
"c1cc(-c2ncc3n2CCCC3)ccc1OCC1CO1",270.136827816,"Fragment"
"Cc1cc(=O)n(C)c2cc(OCC3CN3CC3CC3)ccc12",298.168127944,"Fragment"
"Brc1cc2ncccc2cc1OCC1CN1CC1CC1",332.052425264,"Fragment"
"N#Cc1cccc2cc(OCC3CN3CC3CC3)cnc12",279.137162164,"Fragment"
"CC(C)CN1CC1COc1cccc2c1OCCC2",261.172878976,"Fragment"
"N#Cc1cccc2cc(OCC3CN3Cc3ccccc3)cnc12",315.137162164,"Fragment"
"Cn1cc(CN2CC2COc2ccc(Cl)cc2Cl)cn1",311.05921746,"Fragment"
"Cn1cc(CN2CC2COc2cccc3ccc(C#N)cc23)cn1",318.148061196,"Fragment"
"Cn1cnc(-c2cccc(OCC3CN3C3CCC3)c2)n1",284.16371126,"Fragment"
"O=C(c1ccccc1OCC1CN1C1CCC1)N1CCCCC1",314.199428072,"Fragment"
"O=C(c1ccc(OCC2CN2C2CCC2)c(Cl)c1)N1CCCC1",334.144805656,"Fragment"
"O=C(c1ccc(OCC2CN2C2CCC2)cc1)N1CCCC1",300.183778008,"Fragment"
"c1ccc(-n2cncn2)c(OCC2CN2C2CCC2)c1",270.148061196,"Fragment"
"Cn1cc(CN2CC2COc2ccc3ccncc3c2)cn1",294.148061196,"Fragment"
"CS(=O)(=O)c1cccc(OCC2CN2CC2CC2)c1",281.108564468,"Fragment"
"CC(C)CN1CC1COc1ccc2ncc(Br)cc2c1",334.068075328,"Fragment"
"CNC(=O)COc1cccc(OCC2CN2Cc2cnn(C)c2)c1",330.169190564,"Fragment"
"Cn1cc(CN2CC2COc2ccccc2NC(=O)C2CC2)cn1",326.174275944,"Fragment"
"O=C1CCCN1c1ccccc1OCC1CN1CC1CC1",286.168127944,"Fragment"
"Cn1cc(CN2CC2COc2ccccc2N2CCCC2=O)cn1",326.174275944,"Fragment"
"CC(C)CN1CC1COc1cc(CO)cc(C(F)(F)F)c1",303.14461354,"Fragment"
"Fc1ccc(OCC2CN2CC2CC2)cc1NCC(F)(F)F",318.13552607599996,"Fragment"
"Clc1cc(OCC2CN2CC2CC2)ccc1CN1CCCC1",320.16554110000004,"Fragment"
"COC(=O)C(C)(C)c1cccc(OCC2CN2Cc2cnn(C)c2)c1",343.1895916600001,"Fragment"
"CCn1cnc(-c2ccc(OCC3CN3CC3CC3)cc2)c1",297.184112356,"Fragment"
"O=C(c1cccc(OCC2CN2CC2CC2)c1)N1CCOCC1",316.17869262799996,"Fragment"
"COC(=O)c1cc(OCC2CN2CC2CC2)cc(C(F)(F)F)c1",329.123878096,"Fragment"
"CC(=O)N1CCN(c2ccc(OCC3CN3CC3CC3)cc2)CC1",329.210327104,"Fragment"
"Cn1cc(CN2CC2COc2ccc(Oc3ccc(C#N)cc3)cc2)cn1",360.15862588000005,"Fragment"
"FC(F)(F)c1ccn(-c2cccc(OCC3CN3CC3CC3)c2)n1",337.140196856,"Fragment"
"N#Cc1cccnc1Nc1ccccc1OCC1CN1CC1CC1",320.16371126,"Fragment"
"CC(C)CN1CC1COc1ccc2c(c1)CCN(C(=O)OC(C)(C)C)C2",360.24129288399996,"Fragment"
"O=C(NCc1ccccc1)c1cccc(OCC2CN2C2CCC2)c1",336.183778008,"Fragment"
"Cc1c(OCCN2CCOCC2)cccc1OCC1CN1C1CCC1",346.22564282,"Fragment"
"Cc1cc(NC(=O)c2cccnc2)ccc1OCC1CN1CC1CC1",337.17902697600005,"Fragment"
"O=C(NCc1cccc(OCC2CN2CC2CC2)c1)Nc1ccccc1",351.19467704,"Fragment"
"CCN1CCN(C(=O)c2cc(Cl)ccc2OCC2CN2CC2CC2)CC1",377.187004816,"Fragment"
"Cn1cc(CN2CC2COc2ccc(C(=O)Nc3ccccc3)cc2)cn1",362.174275944,"Fragment"
"CC(C)CN1CC1COc1cccc(N=S2(=O)CCCC2)c1",322.171499072,"Fragment"
"O=S(=O)([C@H]1C[C@@H]2CC[C@H]1[C@H]1O[C@@H]21)N1CCc2ccccc2C1",319.124214532,"Fragment"
"O=S(=O)([C@H]1C[C@@H]2CC[C@H]1[C@H]1O[C@@H]21)N1CCCC1c1ccccc1",333.139864596,"Fragment"
"O=S(=O)([C@H]1C[C@@H]2CC[C@H]1[C@H]1O[C@@H]21)N1Cc2ccccc2C1",305.108564468,"Fragment"
"CC(C)CN1CC1COc1ccc(N(C)S(=O)(=O)c2ccccc2F)cc1",392.15699188,"Fragment"
"CC(=O)c1ccc(N2CCCC2)cc1OCC1CN1C1CCC1",314.199428072,"Fragment"
"Clc1cc(-c2cccnc2)ccc1OCC1CN1CC1CC1",314.11859090800004,"Fragment"
"C[C@@H]1O[C@H]1C(=O)Nc1ccc(CC(=O)N(C)C)cc1",262.131742436,"Fragment"
"C[C@@H]1O[C@H]1C(=O)N1CCOc2ccccc2C1",233.10519334,"Fragment"
"Cc1noc(C)c1CNC(=O)[C@@H]1O[C@H]1C",210.100442308,"Fragment"
"C[C@@H]1O[C@H]1C(=O)NCc1ccc(C(C)(C)C)[nH]c1=O",264.1473925,"Fragment"
"C[C@@H]1O[C@H]1C(=O)N1CCC(Cc2nc3c(s2)CCC3)CC1",306.140198944,"Fragment"
"C[C@@H]1O[C@H]1C(=O)NC1CCC(N2CCCCC2=O)CC1",280.178692628,"Fragment"
"CC1(C#Cc2ccccc2)CO1",158.07316494,"Fragment"
"CCN(Cc1ccc(Cl)cc1)C(=O)[C@@H]1O[C@H]1C",253.086956432,"Fragment"
"CC1(c2ccccn2)CO1",135.068413908,"Fragment"
"C=C(C)C1CCC2(C)OC2C1",152.120115132,"Fragment"
"FC(F)Oc1ccc(C2CO2)cc1",186.049235936,"Fragment"
"Fc1cc(OCC2CO2)ccc1Cl",202.019685396,"Fragment"
"c1ccc2c(c1)CCN(CC1CO1)C2",189.1153641,"Fragment"
"c1cc(OCC2CO2)c2cc[nH]c2c1",189.078978592,"Fragment"
"FC(F)(F)Oc1ccccc1OCC1CO1",234.050378808,"Fragment"
"CS(=O)(=O)c1cnn(CC2CO2)c1",202.04121318,"Fragment"
"CS(=O)(=O)c1ccccc1C1CO1",198.03506518,"Fragment"
"FC(F)(F)[C@H]1OC[C@@]2(c3ccccc3)O[C@@H]12",230.055464188,"Fragment"
"CP(C)(=O)C1CCCC2(CO2)C1",188.09661641399998,"Fragment"
"O=C(NCCc1ccc2ccccc2n1)C1CO1",242.105527688,"Fragment"
"O=C(N[C@H]1CC[C@H]1c1ccccc1)C1CO1",217.11027872,"Fragment"
"Cc1c(CNC(=O)C2CO2)n(C)c2ccccc12",244.121177752,"Fragment"
"COc1cccc([C@@H]2C[C@H]2NC(=O)C2CO2)c1",233.10519334,"Fragment"
"Cc1nc(C2(NC(=O)C3CO3)CCCCCC2)no1",265.142641468,"Fragment"
"CC(NC(=O)C1CO1)c1nc(Cc2ccccc2)no1",273.11134134,"Fragment"
"CC1COC(c2cccc(C(F)(F)F)c2)CN1C(=O)C1CO1",315.10822803199994,"Fragment"
"CC(NC(=O)C1CO1)c1cccc2ccccc12",241.11027872,"Fragment"
"O=C(NCc1nc(-c2ccccc2)cs1)C1CO1",260.061948624,"Fragment"
"O=C(C1CO1)N1CC=C(c2ccccc2)CC1",229.11027872,"Fragment"
"CC(CNC(=O)C1CO1)c1cccc(F)c1",223.100856908,"Fragment"
"O=C(NCc1cccc2c1CCC2)C1CO1",217.11027872,"Fragment"
"N#Cc1cccc(C2(NC(=O)C3CO3)CC2)c1",228.089877624,"Fragment"
"N#Cc1cccc(C2(NC(=O)C3CO3)CCC2)c1",242.105527688,"Fragment"
"CC(C)(C)c1cncc(OCC2CO2)c1",207.125928784,"Fragment"
"Fc1cccc2cc(OCC3CO3)cnc12",219.06955678,"Fragment"
"c1cc2c(c(OCC3CO3)c1)OCCCO2",222.089208928,"Fragment"
"Cc1cc(CCC#N)ccc1OCC1CO1",217.11027872,"Fragment"
"c1cc(C2CCOCC2)ccc1OCC1CO1",234.125594436,"Fragment"
"CC(O)(c1ccc(OCC2CO2)cc1)C(F)(F)F",262.081678936,"Fragment"
"c1cc2cnsc2cc1OCC1CO1",207.035399528,"Fragment"
"COc1ccccc1-n1cc(OCC2CO2)cn1",246.100442308,"Fragment"
"Cc1cnc2cccc(OCC3CN3CC3CC3)c2c1",268.15756326,"Fragment"
"CC(C)CN1CC1COc1ccc2ncn(C)c2c1",259.168462292,"Fragment"
"Cn1cnc2ccc(OCC3CN3Cc3ccccc3)cc21",293.152812228,"Fragment"
"Cc1cc2cc(OCC3CN3Cc3cnn(C)c3)ccc2n1C",310.179361324,"Fragment"
"Cn1cc(CN2CC2COc2cnc3c(Cl)cccc3c2)cn1",328.10908884400004,"Fragment"
"Cn1cc(CN2CC2COc2cccc3ccccc23)cn1",293.152812228,"Fragment"
"Cc1ccc2c(Cl)c(OCC3CN3Cc3cnn(C)c3)ccc2n1",342.12473890800004,"Fragment"
"Cn1cc(CN2CC2COc2ccc3cncnc3c2)cn1",295.14331016400007,"Fragment"
"c1ccc(-c2ccc(OCC3CN3C3CCC3)cn2)cc1",280.15756325999996,"Fragment"
"c1cc(OCC2CN2C2CCC2)cc(-c2ccncc2)c1",280.15756325999996,"Fragment"
"Cc1cc(C)n(-c2ccc(OCC3CN3C3CCC3)cc2)n1",297.184112356,"Fragment"
"Cc1cc(-c2cccnc2)ccc1OCC1CN1C1CCC1",294.17321332399996,"Fragment"
"COc1cc(C#N)ccc1OCC1CN1C1CCC1",258.136827816,"Fragment"
"COc1ccc(OCC2CN2C2CCC2)cc1C#N",258.136827816,"Fragment"
"Cn1cnc(-c2ccc(OCC3CN3C3CCC3)cc2)n1",284.16371126,"Fragment"
"c1cc2c(c(OCC3CN3C3CCC3)c1)OCCCO2",275.152143532,"Fragment"
"O=C(c1cccc(OCC2CN2C2CCC2)c1)N1CCCC1",300.183778008,"Fragment"
"Cn1ncnc1-c1cccc(OCC2CN2C2CCC2)c1",284.16371126,"Fragment"
"Cn1cc(CN2CC2COc2ccccc2-n2cccn2)cn1",309.15896022800007,"Fragment"
"O=C(Nc1ccccc1OCC1CN1CC1CC1)C1CC1",286.168127944,"Fragment"
"c1cc(OCC2CN2CC2CC2)cc(Oc2nccs2)c1",302.108898816,"Fragment"
"CC(C)CN1CC1COc1ccccc1C(C)(C)CCO",291.219829168,"Fragment"
"Cc1ccc(OCC2CN2CC2CC2)c(S(=O)(=O)N(C)C)c1",324.150763628,"Fragment"
"O=C1CCCCN1c1ccc(OCC2CN2CC2CC2)cc1",300.183778008,"Fragment"
"CCn1cc(-c2ccc(OCC3CN3CC3CC3)cc2)nn1",298.179361324,"Fragment"
"O=c1ccccn1-c1cccc(OCC2CN2CC2CC2)c1",296.15247788,"Fragment"
"Cn1cc(CN2CC2COc2ccc(Cc3cccnc3)cc2)cn1",334.179361324,"Fragment"
"Cn1cc(CN2CC2COc2ccc(Cc3ccccn3)cc2)cn1",334.179361324,"Fragment"
"O=C(Nc1ccc(OCC2CN2CC2CC2)cc1)c1ccccc1",322.168127944,"Fragment"
"O=C(Nc1ccc(OCC2CN2CC2CC2)cc1)C1CCCCC1",328.215078136,"Fragment"
"CC(C)(C)OC(=O)N1CCCc2cccc(OCC3CN3CC3CC3)c21",358.22564282,"Fragment"
"CC(=O)Nc1cc(-c2csc(C)n2)ccc1OCC1CN1CC1CC1",357.1510979760001,"Fragment"
"c1cc(OCC2CN2CC2CC2)cc(-c2nnc3n2CCCCC3)c1",338.210661452,"Fragment"
"O=C(Cc1cccnc1)Nc1ccc(OCC2CN2CC2CC2)cc1",337.179026976,"Fragment"
"CC(C)CN1CC1COc1ccccc1C(=O)Nc1ccccc1",324.183778008,"Fragment"
"O=C(c1ccc(OCC2CN2CC2CC2)cc1)N1CCCC1",300.183778008,"Fragment"
"O=C(NCc1cccnc1)c1ccc(OCC2CN2CC2CC2)c(Cl)c1",371.14005462399996,"Fragment"
"O=C(NCc1cccnc1)c1ccc(OCC2CN2C2CCC2)c(Cl)c1",371.14005462399996,"Fragment"
"CC(C)CN1CC1COc1ccc(N=S2(=O)CCCC2)cc1",322.171499072,"Fragment"
"Cn1cc(CN2CC2COc2ccc(OCc3cccnc3)cc2)cn1",350.17427594400004,"Fragment"
"Cc1cc(C#N)ccc1Oc1ccc(OCC2CN2CC2CC2)cc1",334.168127944,"Fragment"
"CC1(C)CC(=O)c2cc(OCC3CN3CC3CC3)ccc2O1",301.167793596,"Fragment"
"C[C@@H]1O[C@H]1C(=O)N(C)CC1CCCCC1",211.157228912,"Fragment"
"Cc1ccccc1C(C)N(C)C(=O)[C@@H]1O[C@H]1C",233.141578848,"Fragment"
"C[C@@H]1O[C@H]1C(=O)NCC(C)(C)c1ccc2c(c1)OCO2",277.131408088,"Fragment"
"C[C@@H]1O[C@H]1C(=O)NC(c1ccccc1)C1CCC1",245.141578848,"Fragment"
"C[C@@H]1O[C@H]1C(=O)N1CCCC2(CCCC2)C1",223.157228912,"Fragment"
"C[C@@H]1O[C@H]1C(=O)N1CC[C@H]2CCCC[C@H]21",209.141578848,"Fragment"
"C[C@@H]1O[C@H]1C(=O)Nc1cn(C)nc1Br",258.99563866,"Fragment"
"COC(=O)[C@@H]1C[C@@H]2CCCC[C@@H]2N1C(=O)[C@@H]1O[C@H]1C",267.147058152,"Fragment"
"C[C@@H]1O[C@H]1C(=O)NC1CN(Cc2ccccc2)C2(CCOCC2)C1",330.19434269199996,"Fragment"
"CC1OC1COc1ccc(-n2cccn2)cc1",230.105527688,"Fragment"
"CC1(C(=O)N2CCCN(c3ccccc3)CC2)CO1",260.15247788,"Fragment"
"C[C@@H]1O[C@H]1C(=O)N(C)Cc1csc2ccccc12",261.08234972,"Fragment"
"COc1ccc2ccccc2c1CNC(=O)C1(C)CO1",271.120843404,"Fragment"
"CC1(C(=O)NCc2ccc(Cl)s2)CO1",231.01207724,"Fragment"
"CC1(C(=O)N(Cc2nc3ccccc3s2)C2CC2)CO1",288.09324875199997,"Fragment"
"Cc1cccc(C)c1CN(C)C(=O)C1(C)CO1",233.141578848,"Fragment"
"c1coc(COCC2CO2)c1",154.06299418,"Fragment"
"Clc1ccc(CC2CO2)c(Cl)c1",201.995220236,"Fragment"
"COc1ccc(OC[C@H]2CO2)cc1",180.078644244,"Fragment"
"O=S(=O)(CCC1CO1)c1ccc(Br)cc1",289.96122731200006,"Fragment"
"c1ccc(-c2nnnn2CC2CO2)cc1",202.08546094,"Fragment"
"Cn1c(=O)c2[nH]c(SCC3CO3)nc2n(C)c1=O",268.063011244,"Fragment"
"O=C(C1CO1)N1CC(OCc2cccc3ccccc23)C1",283.120843404,"Fragment"
"CC(C)Oc1cccc(CNC(=O)C2CO2)c1",235.120843404,"Fragment"
"O=C(NCc1ccc(Oc2ccccc2)cc1)C1CO1",269.10519334,"Fragment"
"O=C(C1CO1)N1CCN(Cc2nc3ccccc3s2)CC1",303.104147784,"Fragment"
"O=C(NC1CCCN(c2ccc(OC(F)F)cc2)C1)C1CO1",312.12854887599997,"Fragment"
"CN(C(=O)C1CO1)[C@@H]1C[C@H]1c1ccccc1",217.11027872,"Fragment"
"Fc1cc(Cl)c(OCC2CO2)cn1",203.014934364,"Fragment"
"FC(F)Oc1cccc(OCC2CO2)c1",216.05980062,"Fragment"
"FC(F)(F)c1cncc(OCC2CO2)c1",219.050713156,"Fragment"
"Cc1nc2c(OCC3CO3)cccc2o1",205.073893212,"Fragment"
"Cn1cnc2ccc(OCC3CO3)cc21",204.089877624,"Fragment"
"Cc1nc2ccccc2cc1OCC1CO1",215.094628656,"Fragment"
"c1ncn(-c2ccc(OCC3CO3)cc2)n1",217.085126592,"Fragment"
"Fc1ccc2ncc(OCC3CO3)cc2c1",219.06955678,"Fragment"
"Clc1ccc2ncc(OCC3CO3)cc2c1",235.04000624,"Fragment"
"Cc1cnc2cccc(OCC3CO3)c2c1",215.094628656,"Fragment"
"Cc1ccc2c(OCC3CN3CC(C)C)cccc2n1",270.173213324,"Fragment"
"CC(C)CN1CC1COc1cnc2c(F)cccc2c1",274.148141448,"Fragment"
"c1ccc(CN2CC2COc2ccc3cncnc3c2)cc1",291.137162164,"Fragment"
"Cc1cccc2cc(OCC3CN3Cc3cnn(C)c3)cnc12",308.16371126,"Fragment"
"Cn1cc(CN2CC2COc2cccc3ncccc23)cn1",294.148061196,"Fragment"
"N#Cc1cc(OCC2CN2C2CCC2)ccc1Cl",262.08729078,"Fragment"
"c1cncc(-c2ccc(OCC3CN3C3CCC3)cc2)c1",280.15756325999996,"Fragment"
"Cc1nc(-c2ccc(OCC3CN3C3CCC3)cc2)no1",285.147726848,"Fragment"
"O=S1(=Nc2cccc(OCC3CN3C3CCC3)c2)CCCC1",320.155849008,"Fragment"
"Clc1ccc(OCC2CN2C2CCC2)cc1N1CCCC1",306.14989103600004,"Fragment"
"Cc1ccc(C(=O)N(C)C)cc1OCC1CN1C1CCC1",288.183778008,"Fragment"
"Cc1cnn(-c2ccc(OCC3CN3C3CCC3)cc2)c1",283.168462292,"Fragment"
"Cc1nc(-c2ccc(OCC3CN3C3CCC3)cc2)cs1",300.12963426,"Fragment"
"Cn1cc(CN2CC2COc2ccccc2-n2cncn2)cn1",310.154209196,"Fragment"
"CC(C)CN1CC1COc1ccc2c(c1)NC(=O)CC2",274.168127944,"Fragment"
"Cc1csc(-c2cccc(OCC3CN3CC3CC3)c2)n1",300.12963426000005,"Fragment"
"Cc1nc(-c2ccc(OCC3CN3CC3CC3)cc2)cs1",300.12963426,"Fragment"
"O=C1Cc2cc(OCC3CN3C3CCC3)ccc2CCN1",286.168127944,"Fragment"
"CC(C)CN1CC1COc1ccc(Oc2ccccn2)cc1",298.168127944,"Fragment"
"c1cnc(Oc2ccc(OCC3CN3CC3CC3)cc2)cn1",297.14772684800005,"Fragment"
"c1ccc(Oc2ccncc2)c(OCC2CN2CC2CC2)c1",296.15247788,"Fragment"
"COC(=O)c1cc(OCC2CN2CC2CC2)ccc1N(C)C",304.178692628,"Fragment"
"c1ccc(COc2ccccc2OCC2CN2CC2CC2)cc1",309.17287897600005,"Fragment"
"CC(C)(C)OC(=O)N1Cc2ccc(OCC3CN3CC3CC3)cc2C1",344.209992756,"Fragment"
"Cc1ccc(OCC2CN2CC(C)C)c(C(=O)Nc2ccncc2)c1",339.19467704000004,"Fragment"
"O=C(NCc1ccccc1OCC1CN1CC1CC1)c1ccncc1",337.17902697600005,"Fragment"
"CC(C)(C)c1noc(COc2ccc(OCC3CN3C3CCC3)cc2)n1",357.2052417240001,"Fragment"
"O=C(NC1CC1)c1ccc(OCC2CN2CC2CC2)cc1",286.168127944,"Fragment"
"O=C(Nc1ccccc1)c1ccccc1OCC1CN1CC1CC1",322.168127944,"Fragment"
"Cn1cnc(-c2ccc(OCC3CN3CC3CC3)cc2)n1",284.16371126,"Fragment"
"CS(=O)(=O)N1CCN(C(=O)c2ccc(OCC3CN3CC3CC3)cc2)CC1",393.172227344,"Fragment"
"O=C(NC1CCCC1)c1ccccc1OCC1CN1CC1CC1",314.199428072,"Fragment"
"Cn1cc(CN2CC2COc2ccccc2C(=O)NC2CCCC2)cn1",354.205576072,"Fragment"
"c1cc(-c2nnc3n2CCCC3)ccc1OCC1CN1CC1CC1",324.195011388,"Fragment"
"Cn1c(-c2cccc(OCC3CN3CC3CC3)c2)nc2cc(F)ccc21",351.174690544,"Fragment"
"C[C@@H](CO)NC(=O)c1ccccc1OCC1CN1CC1CC1",304.178692628,"Fragment"
"CSc1ccccc1NC(=O)CN(C)C(=O)[C@@H]1O[C@H]1C",294.103813436,"Fragment"
"CC(C(=O)Nc1cccc(F)c1)N1CCN(C(=O)[C@@H]2O[C@H]2C)CC1",335.164519784,"Fragment"
"COc1ccccc1CN(C(=O)[C@@H]1O[C@H]1C)C1CC1",261.136493468,"Fragment"
"CC(NC(=O)[C@@H]1O[C@H]1C)c1cccc(N2CCOC2=O)c1",290.126657056,"Fragment"
"Cc1noc(Cc2ccc(NC(=O)[C@@H]3O[C@H]3C)cc2)n1",273.11134134,"Fragment"
"COc1cc(F)cc(F)c1C1CN(C(=O)[C@@H]2O[C@H]2C)CCO1",313.112564464,"Fragment"
"O=C(Nc1ccc(-c2nccs2)cc1)C1CO1",246.04629856,"Fragment"
"CC1(c2cccnc2)CO1",135.068413908,"Fragment"
"CSc1ccccc1OCC1CO1",196.055800624,"Fragment"
"Fc1ccc(Cl)cc1OCC1CO1",202.019685396,"Fragment"
"O=S(=O)(CCC1CO1)c1ccccc1",212.050715244,"Fragment"
"FC(F)(F)c1ccc(OCC2CO2)cc1",218.055464188,"Fragment"
"FC(F)(F)Oc1cccc(OCC2CO2)c1",234.050378808,"Fragment"
"C=C(C)[C@@H]1CC(=O)[C@@]2(C)O[C@H]2C1",166.099379688,"Fragment"
"O=C(N1CCc2ccc(C3CO3)cc2C1)C(F)(F)F",271.082013284,"Fragment"
"OCc1cc(F)c(OCC2CO2)c(F)c1",216.05980062,"Fragment"
"O=C(C1CO1)N1CCC(CN2CCc3ccccc32)CC1",286.168127944,"Fragment"
"O=C(C1CO1)N1CCCC1c1ccccc1",217.11027872,"Fragment"
"O=C(C1CO1)N(C1CC1)C1CCc2ccccc21",243.125928784,"Fragment"
"O=C(C1CO1)N1CCC(O)(c2cccc(C(F)(F)F)c2)C1",301.092577968,"Fragment"
"O=C(NC1CCC(c2ccccc2)C1)C1CO1",231.125928784,"Fragment"
"COC(C)(CNC(=O)C1CO1)c1ccccc1",235.120843404,"Fragment"
"Cc1cc2c(cc1C)C(N(C(=O)C1CO1)C1CC1)CCCO2",301.167793596,"Fragment"
"CCc1cccc2c1CCN(C(=O)C1CO1)C2",231.125928784,"Fragment"
"O=C(NCc1c[nH]c2ccc(F)cc12)C1CO1",234.080455812,"Fragment"
"c1cc(OC2CC2)ccc1OCC1CO1",206.094294308,"Fragment"
"Clc1ccc2cccc(OCC3CO3)c2n1",235.04000624,"Fragment"
"c1ccc(-n2cc(OCC3CO3)cn2)cc1",216.089877624,"Fragment"
"CC1(C)COc2ccc(OCC3CO3)cc21",220.109944372,"Fragment"
"c1cc(OCC2CO2)cc(-n2ccnn2)c1",217.085126592,"Fragment"
"Cc1ccncc1-c1ccc(OCC2CO2)cc1",241.11027872,"Fragment"
"COC(=O)c1cc2ccc(OCC3CO3)cc2o1",248.068473484,"Fragment"
"Cn1nccc1-c1ccc(F)cc1OCC1CO1",248.096105876,"Fragment"
"c1ccc(-n2cnnc2-c2ccccc2OCC2CO2)cc1",293.11642672,"Fragment"
"Cc1nc2cc(OCC3CN3CC3CC3)ccc2n1C",271.168462292,"Fragment"
"Clc1ccc2cc(OCC3CN3CC3CC3)cnc2c1Cl",322.063968492,"Fragment"
"CC(C)CN1CC1COc1ccc(C#N)c(Cl)c1",264.102940844,"Fragment"
"CC(C)CN1CC1COc1cc(Cl)c2c(c1)OCO2",283.097521116,"Fragment"
"Cc1nc2ccc(OCC3CN3CC(C)C)cc2o1",260.15247788,"Fragment"
"Cn1cc(CN2CC2COc2ccc3c(c2)OC(C)(C)CC3)cn1",327.19467704000004,"Fragment"
"c1cn(-c2ccc(OCC3CN3C3CCC3)cc2)nn1",270.148061196,"Fragment"
"c1ccc(-c2nccs2)c(OCC2CN2C2CCC2)c1",286.113984196,"Fragment"
"CC(C)CN1CC1COc1cccc(C(=O)NC2CC2)c1",288.183778008,"Fragment"
"CNC(=O)COc1cccc(OCC2CN2CC2CC2)c1",290.163042564,"Fragment"
"Cc1nc(-c2ccc(OCC3CN3Cc3cnn(C)c3)cc2)cs1",340.13578226000004,"Fragment"
"Cn1cc(CN2CC2COc2ccc3ncn(C)c(=O)c3c2)cn1",325.15387484800004,"Fragment"
"c1cnc(Oc2ccccc2OCC2CN2CC2CC2)nc1",297.14772684800005,"Fragment"
"CC(C)CN1CC1COc1cccc(C(=O)N(C)CCO)c1",306.19434269199996,"Fragment"
"COC(=O)c1cc(OCC2CN2CC(C)C)c2ccoc2c1",303.147058152,"Fragment"
"Cc1ccc(-c2cccnc2)cc1OCC1CN1CC1CC1",294.17321332399996,"Fragment"
"c1cncc(Oc2cccc(OCC3CN3CC3CC3)c2)c1",296.15247788,"Fragment"
"c1cncc(Oc2ccc(OCC3CN3CC3CC3)cc2)c1",296.15247788,"Fragment"
"c1cncc(Cc2ccc(OCC3CN3CC3CC3)cc2)c1",294.17321332399996,"Fragment"
"Cc1noc(COc2ccc(OCC3CN3Cc3cnn(C)c3)cc2)n1",355.1644395320001,"Fragment"
"CCOC(=O)C(C)(C)c1ccc(OCC2CN2C2CCC2)cc1",317.199093724,"Fragment"
"CN1CCN(c2cc(OCC3CN3CC3CC3)ccc2Cl)CC1",335.176440132,"Fragment"
"O=S(=O)(c1ccc(OCC2CN2CC2CC2)cc1)N1CCOCC1",352.14567824799997,"Fragment"
"O=C(Nc1cccc(OCC2CN2CC2CC2)c1)c1ccccc1",322.168127944,"Fragment"
"CC(C)CN1CC1COc1ccc(NC(=O)c2cnn(C)c2)cc1",328.189926008,"Fragment"
"CC(C)CN1CC1COc1ccc(N(C)S(=O)(=O)c2ccccc2)cc1",374.166413692,"Fragment"
"CC(C)CN1CC1COc1cc2ccccc2cc1C(=O)N1CCOCC1",368.20999275599996,"Fragment"
"CC(C)CN1CC1COc1ccc(-c2noc(-c3cccnc3)n2)cc1",350.17427594400004,"Fragment"
"Cn1cc(CN2CC2COc2ccc(-c3noc(C4CC4)n3)cc2)cn1",351.16952491200004,"Fragment"
"O=C(Nc1ccccn1)c1ccc(OCC2CN2CC2CC2)cc1",323.163376912,"Fragment"
"Cn1cc(CN2CC2COc2ccc(C(=O)Nc3ccccn3)cc2)cn1",363.16952491200004,"Fragment"
"CC1CN(C(=O)OC(C)(C)C)CCc2ccc(OCC3CN3CC3CC3)cc21",386.256942948,"Fragment"
"O=C(Nc1ccc(OCC2CN2CC2CC2)cc1)c1ccccc1Cl",356.129155592,"Fragment"
"Cn1cc(CN2CC2COc2ccc(Cl)cc2-c2cccnc2)cn1",354.1247389080001,"Fragment"
"COC(=O)c1ccc(OCC2CN2Cc2cnn(C)c2)cc1F",319.133219656,"Fragment"
"O=C(c1ccc(OCC2CN2CC2CC2)cc1)c1cccnc1",308.15247788000005,"Fragment"
"c1cc(OCC2CN2CC2CC2)cc(Oc2ccncn2)c1",297.14772684800005,"Fragment"
"C[C@@H]1O[C@H]1C(=O)NCc1ccccc1C(F)(F)F",259.082013284,"Fragment"
"C[C@@H]1O[C@H]1C(=O)Nc1cccc2c1OCCC2O",249.10010796,"Fragment"
"COc1ccc(CNC(=O)[C@@H]2O[C@H]2C)c(O)c1",237.10010796,"Fragment"
"C[C@@H]1O[C@H]1C(=O)NCc1csc(C(F)(F)F)c1",265.03843422,"Fragment"
"COc1cccc2c1CCCC(NC(=O)[C@@H]1O[C@H]1C)C2",275.152143532,"Fragment"
"CC1OC1COc1cccc(-c2nccs2)c1",247.066699656,"Fragment"
"CC1(C(=O)NCc2ccccc2C(F)(F)F)CO1",259.082013284,"Fragment"
"COC(=O)[C@@H]1C[C@H](OC)CN1C(=O)[C@@H]1O[C@H]1C",243.110672644,"Fragment"
"C[C@@H]1O[C@H]1C(=O)NCCC1=CC[C@H]2C[C@@H]1C2(C)C",249.172878976,"Fragment"
"COc1ccccc1CC(C)N(C)CC1OC1(C)C",263.18852904,"Fragment"
"CC(Cl)C(=O)N1CCNC(=O)C1C",204.066555336,"Fragment"
"O=C(NCc1ccccc1)C(F)Cl",201.035669808,"Fragment"
"CC(Cl)C(=O)NCc1csc2ccccc12",253.032812684,"Fragment"
"CC(Cl)C(=O)Nc1ccc2c(c1)N(S(N)(=O)=O)CC2",303.04443998799997,"Fragment"
"CC(Cl)C(=O)N1CCC2(CC1)CC2c1nnc(C(C)C)o1",311.14005462399996,"Fragment"
"CC(Cl)C(=O)N1CCCC(NS(=O)(=O)c2cccc(F)c2)C1",348.071069336,"Fragment"
"CC(Cl)C(=O)NC1CCCN(c2cnn(C)c2)C1",270.124738908,"Fragment"
"CC(Cl)C(=O)N1CCCN(C(=O)c2cc(Cl)cn2C)CC1",331.08543220800004,"Fragment"
"CC(Cl)C(=O)N1CC(C(=O)N2CCN(C)CC2)Oc2ccccc21",351.134969244,"Fragment"
"Cc1ncc2c(n1)CCN(C(=O)C(C)Cl)C2",239.082539748,"Fragment"
"CC(Cl)C(=O)N1CCN(S(=O)(=O)Cc2ccon2)CC1",321.055004672,"Fragment"
"CC(Cl)C(=O)NC1CCCCC1n1cccn1",255.113839876,"Fragment"
"CC(Cl)C(=O)N1CCN(S(=O)(=O)c2cc(C(N)=O)n(C)c2)CC1",362.08155376800005,"Fragment"
"Cc1noc(C)c1CC(=O)N1CCN(C(=O)C(C)Cl)CC1",313.11931918,"Fragment"
"CC(Cl)C(=O)N1CCc2c(F)cc(F)cc2C1",259.057548124,"Fragment"
"CC(Cl)C(=O)NCC1CC1(C)c1cccs1",257.064112812,"Fragment"
"Cc1nnsc1CNC(=O)C(C)Cl",219.02331062,"Fragment"
"CC(Cl)C(=O)N1Cc2ccccc2OCC1C",253.086956432,"Fragment"
"CC(Cl)C(=O)NCc1nc(C2CC2)n[nH]1",228.077788716,"Fragment"
"CC(Cl)C(=O)NCc1cc(Br)no1",265.94576727599997,"Fragment"
"Cc1noc(C23CC(CN2C(=O)C(C)Cl)C3)n1",255.077454368,"Fragment"
"CC(Cl)C(=O)NCC1CN(c2ccc(Cl)cc2)CCO1",316.07453317599993,"Fragment"
"CC(Cl)C(=O)NC(C)c1nnnn1C1CC1",243.08868774799998,"Fragment"
"COc1cccc2c1CN(C(=O)C(C)Cl)C2",239.071306368,"Fragment"
"CC(Cl)C(=O)N1CCC(CS(C)(=O)=O)C1",253.053942052,"Fragment"
"CC(Cl)C(=O)N1C2CCC1CC(CC(F)F)C2",265.104498316,"Fragment"
"CC(Cl)C(=O)N1CCn2ncc(Cl)c2C1",247.027917332,"Fragment"
"CC(Cl)C(=O)NC[C@@H]1COC[C@H]1N(C)C",234.113505528,"Fragment"
"CC(Cl)C(=O)N1CC2CS(=O)(=O)CC2(c2ccccc2)C1",327.069592116,"Fragment"
"CC(Cl)C(=O)Nc1ccc2nncn2c1",224.046488588,"Fragment"
"CC(Cl)C(=O)NCc1nc(C(N)=O)co1",231.04106886,"Fragment"
"CC(Cl)C(=O)NC1Cc2ccccc2N(C(=O)C(F)(F)F)C1",334.069590028,"Fragment"
"CC(Cl)C(=O)N1CC(CC(F)F)(C2CC2)C1",251.088848252,"Fragment"
"CC(Cl)C(=O)Nc1cc2c(cc1F)NC(=O)CO2",272.03639807999997,"Fragment"
"Cc1nn(C)c2cc(NC(=O)C(C)Cl)ccc12",251.082539748,"Fragment"
"CC(Cl)C(=O)N1CCOc2c1ccc(F)c2F",261.03681268,"Fragment"
"CC(Cl)C(=O)N1CCCC2(CNC(=O)O2)C1",246.07712002,"Fragment"
"CC(Cl)C(=O)NCC1(CO)CC2(CCC2)C1",245.11825656,"Fragment"
"CC(Cl)C(=O)NC(CO)C1CCCO1",221.081871052,"Fragment"
"CC(Cl)C(=O)Nc1ccc2c(c1)CC(=O)N2C",252.066555336,"Fragment"
"CC(Cl)C(=O)NCC1CCOC2(CCC2)C1",245.11825656,"Fragment"
"CC(Cl)C(=O)N1CCCC2(CCS(=O)(=O)C2)C1",279.069592116,"Fragment"
"CC(Cl)C(=O)NCC1(n2ccnn2)CC1",228.077788716,"Fragment"
"CC(Cl)C(=O)N1CC(c2cc(CO)on2)C1",244.061469956,"Fragment"
"CC(Cl)C(=O)N1CC(C2CS(=O)(=O)C2)C1",251.038291988,"Fragment"
"CC1CCN(C(=O)OCC2CCCCN2C(=O)C(C)Cl)CC1",330.171020404,"Fragment"
"O=C(NC1CCCc2c1cnn2Cc1ccccc1)C(F)Cl",321.104418064,"Fragment"
"C[C@@H](NC(=O)C(F)Cl)c1ccnn1C",219.057467872,"Fragment"
"O=C(C(F)Cl)N1CCC2(CCc3ccccc3O2)C1",283.07753462,"Fragment"
"CC(C)(C)OC(=O)NCCNC(=O)C(F)Cl",254.083348272,"Fragment"
"CN(CCCNC(=O)C(F)Cl)c1ccccn1",259.088768,"Fragment"
"O=C(Nc1ncc(Cc2ccccc2)s1)C(F)Cl",284.01863984,"Fragment"
"O=C(Nc1ccc2cnn(CCCC(F)(F)F)c2c1)C(F)Cl",337.060502564,"Fragment"
"O=C(Nc1cnn2cccnc12)C(F)Cl",228.021416712,"Fragment"
"CN(Cc1ccccc1[N+](=O)[O-])C(=O)C(F)Cl",260.03639808,"Fragment"
"O=C(C(F)Cl)N(Cc1ccco1)CC1CCCO1",275.07244924,"Fragment"
"Cc1nscc1N(C)C(=O)C(F)Cl",222.002989776,"Fragment"
"O=C(C(F)Cl)N1CC(Oc2nccs2)C1",249.997904396,"Fragment"
"O=C(Nc1ccc(F)c(Cl)c1)C(F)Cl",238.97162558,"Fragment"
"O=C(Nc1ccc(Oc2ccncc2)cc1)C(F)Cl",280.04148346,"Fragment"
"O=C(CNC(=O)C(F)Cl)NC1CCCC1",236.072783588,"Fragment"
"O=C(NC1CCCN(c2ccc(F)cc2)C1=O)C(F)Cl",302.063361776,"Fragment"
"CN1[C@@H]2CC[C@H]1C[C@H](CNC(=O)C(F)Cl)C2",248.109169096,"Fragment"
"CCCN(C(=O)C(F)Cl)C1CC(=O)N(C)C1=O",264.067698208,"Fragment"
"CS(=O)(=O)Nc1cccc(CNC(=O)C(F)Cl)c1",294.024119144,"Fragment"
"CCCCC(=O)c1cc(NC(=O)C(F)Cl)ccc1F",289.06811280799997,"Fragment"
"CC(C)N(C)C(=O)C1CSCN1C(=O)C(F)Cl",282.06050465199996,"Fragment"
"O=C(C(F)Cl)N1CCOc2ccccc2C1C(F)F",293.043040932,"Fragment"
"Cc1csc(C(C)(C)NC(=O)C(F)Cl)n1",250.034289904,"Fragment"
"O=C1CCCC2CN(C(=O)C(F)Cl)CC2N1",248.072783588,"Fragment"
"CC(C)CNC(=O)C1CSCN1C(=O)C(F)Cl",282.06050465199996,"Fragment"
"COc1cccc(CCNC(=O)C(F)Cl)c1",245.061884556,"Fragment"
"O=C(C(F)Cl)N1CCC2CCC(C1)S2",237.039040936,"Fragment"
"O=C(NCCSc1ccccc1)C(F)Cl",247.023390872,"Fragment"
"CC(C)N(Cc1ccc(NC(=O)C(F)Cl)cc1)CC1CCCCO1",356.166683972,"Fragment"
"O=C(Nc1nc2cc(I)ccc2[nH]1)C(F)Cl",352.92281571200004,"Fragment"
"CCc1c(NC(=O)C(F)Cl)cnn1CC(C)C",261.104418064,"Fragment"
"O=C(C(F)Cl)N1CCCC1c1ccccc1Cl",275.027997584,"Fragment"
"O=C(N[C@H]1CC[C@H](c2nc3ccccc3o2)CC1)C(F)Cl",310.088433652,"Fragment"
"CC1CCCCN1c1ccc2c(c1)CCCN2C(=O)C(F)Cl",324.14046922399996,"Fragment"
"O=C(NCC1CC2(CCCC2)CO1)C(F)Cl",249.093184684,"Fragment"
"O=C(Nc1nnc(C2CCCc3ccccc32)s1)C(F)Cl",325.045188936,"Fragment"
"O=C(Nc1ccc2c(Br)n[nH]c2c1)C(F)Cl",304.93667981199997,"Fragment"
"O=C(Nc1n[nH]c2ncc(Br)cc12)C(F)Cl",305.93192878,"Fragment"
"O=C(Nc1noc(Cc2ccccc2)n1)C(F)Cl",269.03673242800005,"Fragment"
"CC(Cl)C(=O)NC1COCCOC1",207.066220988,"Fragment"
"CC(Cl)C(=O)N1CCNC(=O)C1(C)C",218.0822054,"Fragment"
"CC(Cl)C(=O)Nc1ccc(-n2cccn2)nc1",250.062138652,"Fragment"
"COc1ccc2c(c1)CCCN(C(=O)C(C)Cl)C2",267.102606496,"Fragment"
"CC(Cl)C(=O)N1CCNC(=O)CC1c1ccccc1",280.097855464,"Fragment"
"CC(Cl)C(=O)N1CC(=O)NC2CCCCC21",244.097855464,"Fragment"
"CC(Cl)C(=O)NCc1nc(C2CC2)cs1",244.043711716,"Fragment"
"CC(Cl)C(=O)N1CCCN(c2ccc(-c3ccccc3)nn2)CC1",344.1403889720001,"Fragment"
"CC(Cl)C(=O)Nc1ccc2oc(=O)n(C)c2c1",254.045819892,"Fragment"
"CC(Cl)C(=O)Nc1cc(CC(C)(C)C)nn1C",257.12948994,"Fragment"
"CCc1nc2c(s1)C(N(C)C(=O)C(C)Cl)CCC2",286.090661908,"Fragment"
"CC(Cl)C(=O)Nc1ccc2c(c1)S(=O)(=O)CC2",273.022641924,"Fragment"
"CC(Cl)C(=O)N(Cc1ccco1)C1CCN(C)CC1",284.129155592,"Fragment"
"CC(Cl)C(=O)NCC1C2Cc3ccccc3C12",249.092041812,"Fragment"
"CC(Cl)C(=O)Nc1cccc2c1COCC2",239.071306368,"Fragment"
"CC(Cl)C(=O)N(C)Cc1cnc(N(C)C)nc1",256.109088844,"Fragment"
"CCN(Cc1cn(C)nn1)C(=O)C(C)Cl",230.09343877999999,"Fragment"
"Cc1nc([C@H]2CCCN2C(=O)C(C)Cl)cs1",258.05936178,"Fragment"
"CC(Cl)C(=O)N1CCc2ncsc2C1",230.028061652,"Fragment"
"CC(Cl)C(=O)NCc1cnc(N2CCOCC2)s1",289.065175432,"Fragment"
"CC(Cl)C(=O)NCc1c2c(nn1C)CCCC2",255.113839876,"Fragment"
"CC(Cl)C(=O)NC(C)c1ccns1",218.028061652,"Fragment"
"CC(Cl)C(=O)N1CC(Cc2cccs2)C1",243.048462748,"Fragment"
"CC(Cl)C(=O)NC1Cc2ccc(C#N)cc2C1",248.071640716,"Fragment"
"CC(Cl)C(=O)Nc1ccc2c(c1)NC(=O)C2",238.050905272,"Fragment"
"CC(Cl)C(=O)N1C2CCC1(C(N)=O)CC2",230.0822054,"Fragment"
"CC(Cl)C(=O)NCC12CC(CN1C1CC1)C2",242.118590908,"Fragment"
"CC(Cl)C(=O)NC1(C(=O)N(C)C)CC(F)(F)C1",268.07901184,"Fragment"
"Cc1cc(C(C)NC(=O)C(C)Cl)ccn1",226.08729078,"Fragment"
"CC(Cl)C(=O)NC1(CO)Cc2ccccc2C1",253.086956432,"Fragment"
"CC(Cl)C(=O)Nc1cccc2c1CCNC2=O",252.066555336,"Fragment"
"CC(Cl)C(=O)NCCc1c[nH]c2ncccc12",251.082539748,"Fragment"
"Cc1noc(C)c1COC1CCN(C(=O)C(C)Cl)C1",286.108420148,"Fragment"
"CC(C)Oc1cc(NC(=O)C(C)Cl)ccn1",242.0822054,"Fragment"
"CC(Cl)C(=O)N1CCC(c2nccn2C)C1",241.098189812,"Fragment"
"CC(Cl)C(=O)NCc1nnc(C2CCC2)n1C",256.109088844,"Fragment"
"CC(Cl)C(=O)N1CCOc2ncccc2C1",240.066555336,"Fragment"
"CC(Cl)C(=O)N1CCC2(CCc3ccccc3O2)C1",279.10260649599996,"Fragment"
"CC(Cl)C(=O)N1CC2(CCOCC2)C1C1CC1",257.11825656,"Fragment"
"CC(Cl)C(=O)N1C[C@H](C(N)=O)[C@@H](c2cnn(C)c2)C1",284.104003464,"Fragment"
"Cc1cc(NC(=O)C(C)Cl)cnc1OC(F)F",264.047711712,"Fragment"
"CCO[C@@H]1C[C@@H]2CN(C(=O)C(C)Cl)Cc3cccnc3N2C1",323.140054624,"Fragment"
"CC(Cl)C(=O)N1CCC(Oc2ccc(C3CC3)cn2)C1",294.113505528,"Fragment"
"CC1CC(C)(NC(=O)C(C)Cl)CCO1",219.102606496,"Fragment"
"CC(Cl)C(=O)N1CC2C3C=CC(O3)C2C1",227.071306368,"Fragment"
"CC(Cl)C(=O)NC[C@H]1CC[C@@H](c2ccccc2)O1",267.102606496,"Fragment"
"CC(Cl)C(=O)N[C@@H]1CCC(=O)N[C@H]1C(C)(C)C",260.129155592,"Fragment"
"CC(Cl)C(=O)N1CCCC(c2cnn(C)c2)C1",255.113839876,"Fragment"
"CC(Cl)C(=O)NCC12CCCC(C1)C(=O)N2",244.097855464,"Fragment"
"O=C(NCc1cccc(Br)c1Cl)C(F)Cl",312.907209524,"Fragment"
"CNC(=O)c1cc(Oc2cc(NC(=O)C(F)Cl)ccc2C)ccn1",351.07859724,"Fragment"
"O=C(C(F)Cl)N1CCCC(C2OCCO2)C1",251.07244924,"Fragment"
"O=C(NCC(c1cccc(F)c1)N1CCOCC1)C(F)Cl",318.094661904,"Fragment"
"COc1cc(C(NC(=O)C(F)Cl)C(F)(F)F)cc(OC)c1OC",359.0547484879999,"Fragment"
"O=C(NCc1cc(F)cc(F)c1)C(F)Cl",237.016826184,"Fragment"
"CC(CCNC(=O)C(F)Cl)N1CCCCC1",250.12481916,"Fragment"
"Cc1cc(NC(=O)C(F)Cl)ccc1C(N)=O",244.04148346,"Fragment"
"O=C(C(F)Cl)N1CCCC1c1cc(F)ccc1F",277.048126312,"Fragment"
"O=C(NNC(=O)C(F)Cl)c1ccc2c(c1)OCCO2",288.03131269999994,"Fragment"
"O=C(Nc1cccc(N2CCCCC2=O)c1)C(F)Cl",284.072783588,"Fragment"
"O=C(Nc1cccc(COc2cccc(F)c2)c1)C(F)Cl",311.052462744,"Fragment"
"O=C(Nc1cccc(I)c1)C(F)Cl",312.916667712,"Fragment"
"O=C(NC1CCCN(c2ccc(OC(F)F)cc2)C1=O)C(F)Cl",350.06450464799997,"Fragment"
"CC(C)(C)OC(=O)Nc1ccc(NC(=O)C(F)Cl)cn1",303.07859724,"Fragment"
"O=C(NCC(=O)N1CCCC1)C(F)Cl",222.057133524,"Fragment"
"O=C(C(F)Cl)N1CCN([C@H]2C[C@H]3CC[C@@H]2C3)CC1",274.12481916,"Fragment"
"Cc1nn(C)c2c1N(C(=O)C(F)Cl)CCO2",247.052382492,"Fragment"
"O=C(C(F)Cl)N1CC[C@@H](Oc2cccc(Cl)c2)C1",291.022912204,"Fragment"
"CCCC(=O)NCC1CCCN(C(=O)C(F)Cl)C1",278.11973378,"Fragment"
"CCN1CCCC(CN(C)C(=O)C(F)Cl)C1c1cnn(C)c1",330.162267288,"Fragment"
"N#CC(NC(=O)C(F)Cl)C1CCOC1",220.04148346,"Fragment"
"O=C(Nc1ccc(OCc2ccccn2)c(F)c1)C(F)Cl",312.047711712,"Fragment"
"NC(=O)COc1cccc(NC(=O)C(F)Cl)c1",260.03639808,"Fragment"
"COC(=O)C(NC(=O)C(F)Cl)c1ccc(Br)cc1",336.95166118000003,"Fragment"
"CCCCN(C)c1ccc(NC(=O)C(F)Cl)cc1",272.109169096,"Fragment"
"CO[C@H]1C[C@H](c2nc(C)no2)N(C(=O)C(F)Cl)C1",277.062947176,"Fragment"
"CCc1cccc(NC(=O)C(F)Cl)c1",215.051319872,"Fragment"
"COCCN(Cc1ccc2c(c1)OCO2)C(=O)C(F)Cl",303.06736386000006,"Fragment"
"Cc1ccc(C(C)(CO)NC(=O)C(F)Cl)cc1C",273.093184684,"Fragment"
"O=C(NC1CCCN(c2ccc(F)c(F)c2)C1=O)C(F)Cl",320.053939964,"Fragment"
"CC(c1ccc(F)cc1)N1CCCC(NC(=O)C(F)Cl)C1=O",330.094661904,"Fragment"
"Cc1nc2c3c(ccc2[nH]1)N(C(=O)C(F)Cl)CCC3",281.073117936,"Fragment"
"Cc1nc(CNC(=O)C(F)Cl)c(C)s1",236.01863984,"Fragment"
"CN(CC1(C)CCCO1)C(=O)C(F)Cl",223.07753462,"Fragment"
"O=C(C(F)Cl)N1CCN(C2CC2)c2c(F)cccc21",286.06844715600005,"Fragment"
"O=C(C(F)Cl)N1CC(O)(c2ccccc2)C1",243.046234492,"Fragment"
"Cc1cc(C)n(Cc2cccc(CNC(=O)C(F)Cl)c2)n1",309.1044180640001,"Fragment"
"O=C(NCCS(=O)(=O)NCC1CCC1)C(F)Cl",286.055419272,"Fragment"
"[N-]=[N+]=NCc1cc(C2CCN(C(=O)C(F)Cl)CC2)no1",301.074180556,"Fragment"
"O=C(C(F)Cl)N1c2ccc(F)cc2NC(=O)C12CCC2",300.047711712,"Fragment"
"O=C(NCCN1C(=O)CSC1=O)C(F)Cl",253.992819016,"Fragment"
"NC(=O)c1nc(CNC(=O)C(F)Cl)no1",236.011245952,"Fragment"
"CC(Cl)C(=O)N1CC2C(C1)C2(C)C",201.092041812,"Fragment"
"CC(Cl)C(=O)NCCc1ccnn1C",215.082539748,"Fragment"
"CNC(=O)C1(C)CCN(C(=O)C(C)Cl)C1",232.097855464,"Fragment"
"CC(Cl)C(=O)NCCS(=O)(=O)N1CCOCC1",284.05975570400005,"Fragment"
"CC(Cl)C(=O)NCc1cccc(NS(C)(=O)=O)c1",290.04919102,"Fragment"
"CC(Cl)C(=O)NC1CC(C)N(c2ccccc2)C1",266.118590908,"Fragment"
"CC(Cl)C(=O)NC1CC(=O)N(C2CC2c2ccccc2)C1",306.113505528,"Fragment"
"CC(Cl)C(=O)N(C)C1CCN(c2ccccn2)CC1",281.12948994,"Fragment"
"CC(Cl)C(=O)NC(c1ccco1)C(C)(C)C",243.102606496,"Fragment"
"CC(Cl)C(=O)NCc1ccc2ccoc2c1",237.055656304,"Fragment"
"Cc1ccc(NC(=O)C(F)Cl)c(C)c1",215.051319872,"Fragment"
"COc1cccc(CN(C)C(=O)C(C)Cl)n1",242.0822054,"Fragment"
"CC(Cl)C(=O)Nc1cccc(-c2nnnn2C(C)C)c1",293.104337812,"Fragment"
"CC(Cl)C(=O)N1C[C@@H]2CC[C@H]1c1ccccc12",249.092041812,"Fragment"
"CC(Cl)C(=O)N1CCCC(C2(C)COC(=O)N2)C1",274.108420148,"Fragment"
"CNC(=O)c1cccc(N(C)C(=O)C(C)Cl)c1",254.0822054,"Fragment"
"COCC1(NC(=O)C(C)Cl)CC=CCC1",231.102606496,"Fragment"
"CC(Cl)C(=O)NCCn1cnc2sccc2c1=O",285.033875304,"Fragment"
"CC(Cl)C(=O)N1CCC(c2ccc(F)c(F)c2)C1",273.073198188,"Fragment"
"Cc1nnnn1CCNC(=O)C(C)Cl",217.07303768399998,"Fragment"
"CC(Cl)C(=O)N[C@H](C)c1cnccn1",213.066889684,"Fragment"
"CC(Cl)C(=O)NC1COc2ccc(F)cc21",243.046234492,"Fragment"
"CC(Cl)C(=O)Nc1cnc2c(c1)COCC2",240.066555336,"Fragment"
"CC(Cl)C(=O)N1CCNC(=O)C1c1c(F)cccc1Cl",318.033811236,"Fragment"
"CC(Cl)C(=O)N1CCN(C(C)c2cccc(C#N)c2)CC1",305.12948994,"Fragment"
"CC(Cl)C(=O)NCC1CCOCO1",207.066220988,"Fragment"
"CC(Cl)C(=O)N1CC(n2cc(C(N)=O)nn2)C1",257.067952304,"Fragment"
"CC(Cl)C(=O)NC1(C2CC2)CCOCC1",231.102606496,"Fragment"
"CCN(Cc1nccs1)C(=O)C(C)Cl",232.043711716,"Fragment"
"CC(Cl)C(=O)N1CCC12COC2",189.055656304,"Fragment"
"CC(Cl)C(=O)NC[C@]12OCCC[C@H]1C2(F)F",253.068112808,"Fragment"
"CC(Cl)C(=O)N1CCOCC(n2cccn2)C1",257.093104432,"Fragment"
"CC(Cl)C(=O)NCc1cc(C(F)F)nn1C",251.063696124,"Fragment"
"CC(Cl)C(=O)N1CCC1C1CCC(F)(F)CC1",265.104498316,"Fragment"
"COC(=O)[C@]12CN(C(=O)C(C)Cl)C[C@H]1CCO2",261.076785672,"Fragment"
"CC(Cl)C(=O)N1CCCC(CNC(=O)Nc2ccc(F)cc2)C1",341.13063281200004,"Fragment"
"CC(Cl)C(=O)N1CCOC(c2noc(C(C)C)n2)C1",287.103669116,"Fragment"
"CC(Cl)C(=O)NC1CCCC1Cc1ccccn1",266.118590908,"Fragment"
"CC(Cl)C(=O)N1CCC[C@H]2O[C@@H](c3ccccc3)C[C@H]21",293.11825655999996,"Fragment"
"CC(Cl)C(=O)N1CC2CCCCCC2(C#N)C1",254.118590908,"Fragment"
"CC(C)(C)c1ccc(NC(=O)C(F)Cl)cc1",243.08262,"Fragment"
"COc1ccc(CN(C(=O)C(F)Cl)C2CC2)cc1",271.07753462,"Fragment"
"CC(=O)Nc1ccc(Cl)cc1NC(=O)C(F)Cl",278.002511108,"Fragment"
"Cn1ccc(CNC(=O)C(F)Cl)n1",205.041817808,"Fragment"
"O=C(C(F)Cl)N1CC2(CCOCC2)[C@H]2CCC[C@H]21",275.108834748,"Fragment"
"N#CCCCOc1cccc(NC(=O)C(F)Cl)c1",270.057133524,"Fragment"
"COc1ccc(NC(=O)C2CCCN2C(=O)C(F)Cl)cc1",314.08334827199997,"Fragment"
"O=C(NCc1ccnc(OC(F)F)c1)C(F)Cl",268.022639836,"Fragment"
"CC(CC(C)(C)c1ccccc1)NC(=O)C(F)Cl",271.113920128,"Fragment"
"Cc1ccc(Oc2ccccc2CCNC(=O)C(F)Cl)cc1",321.093184684,"Fragment"
"COC(=O)Cn1ccc(NC(=O)C(F)Cl)n1",249.031647048,"Fragment"
"O=C(Nc1ncc(C(=O)C2CCCOC2)s1)C(F)Cl",306.024119144,"Fragment"
"O=C(Nc1ccc(OCc2ccncc2)cc1)C(F)Cl",294.057133524,"Fragment"
"Cn1cc(N2CCCC(NC(=O)C(F)Cl)C2=O)cn1",288.07893158800005,"Fragment"
"Cc1cc(I)cc(NC(=O)C(F)Cl)c1",326.932317776,"Fragment"
"C=CCN(C)C1CN(C(=O)C(F)Cl)C1",220.077868968,"Fragment"
"CC1c2ccsc2CCN1C(=O)C(F)Cl",247.023390872,"Fragment"
"CCOCC1CCN(C(=O)C(F)Cl)CC1",237.093184684,"Fragment"
"O=C(NCc1cnco1)C(F)Cl",192.010183332,"Fragment"
"O=C(C(F)Cl)N1CCN(c2ccc(C(F)(F)F)cc2)C(=O)C1",338.044518152,"Fragment"
"Cc1ccc(CNC(=O)C(F)Cl)c(C)c1",229.066969936,"Fragment"
"CC(O)C1CCN(C(=O)C(F)Cl)CC1",223.07753462,"Fragment"
"O=C(NCC1CN2CCCCC2CO1)C(F)Cl",264.104083716,"Fragment"
"CCOc1ccccc1OC1CCN(C(=O)C(F)Cl)C1",301.088099304,"Fragment"
"C[C@H]1CC[C@H](NC(=O)C(F)Cl)CC1",207.08262,"Fragment"
"Cc1nc(C(=O)N(C)C)nc(N2CC[C@@H](NC(=O)C(F)Cl)C2)c1C",357.13678081200004,"Fragment"
"Cc1nn(CC#N)c(C)c1NC(=O)C(F)Cl",244.05271684,"Fragment"
"Cc1cc(N2CCCC(NC(=O)C(F)Cl)C2=O)n(C)n1",302.09458165200004,"Fragment"
"CNC(=O)c1ccc(C2CCCCN2C(=O)C(F)Cl)n1C",315.11498274800005,"Fragment"
"NC(=O)COc1cccc(CNC(=O)C(F)Cl)c1",274.05204814399997,"Fragment"
"CN(C)c1noc(CCNC(=O)C(F)Cl)n1",250.063281524,"Fragment"
"C=C(C)C(=O)OCCNC(=O)C(F)Cl",223.041149112,"Fragment"
"CC(Cl)C(=O)NCC1CCCS1",207.048462748,"Fragment"
"CC(Cl)C(=O)N(C)C1CN2CCC1CC2",230.118590908,"Fragment"
"CC(Cl)C(=O)N1CCCCC1c1ncon1",243.077454368,"Fragment"
"CC(Cl)C(=O)N1CCN(CC2CCOC2)CC1",260.129155592,"Fragment"
"CC(Cl)C(=O)N1CCc2nnc(N(C)C)cc2C1",268.109088844,"Fragment"
"CC(Cl)C(=O)N1CCN(Cc2nc3sc4c(c3c(=O)[nH]2)CCCC4)CC1",394.12302465600004,"Fragment"
"Cc1cc(C(=O)NC2CCN(C(=O)C(C)Cl)CC2)no1",299.103669116,"Fragment"
"CC(Cl)C(=O)N1CCN(Cc2ncc(-c3ccccc3)o2)CC1",333.12440455999996,"Fragment"
"Cc1csc(CN2CCN(C(=O)C(C)Cl)CC2)n1",287.085910876,"Fragment"
"COc1ccc(CC2CCN2C(=O)C(C)Cl)cc1",267.102606496,"Fragment"
"Cc1nc2cc(=O)[nH]n2c(C)c1CNC(=O)C(C)Cl",282.0883534,"Fragment"
"CC(Cl)C(=O)Nc1cccc(-c2ncon2)c1",251.04615424,"Fragment"
"CC(Cl)C(=O)NCc1csc(-c2ccco2)n1",270.02297627200005,"Fragment"
"CC(Cl)C(=O)N1CCc2ccc(F)cc2C1C",255.08262,"Fragment"
"CC(Cl)C(=O)NCc1cc2c([nH]c1=O)CCC2",254.0822054,"Fragment"
"CC(Cl)C(=O)N1CCOCC1C(F)(F)F",245.043040932,"Fragment"
"Cc1nnc(C(C)NC(=O)C(C)Cl)s1",233.038960684,"Fragment"
"CC(Cl)C(=O)NCc1nc(N(C)C)no1",232.072703336,"Fragment"
"CC(Cl)C(=O)NCC1(S(C)(=O)=O)CCCC1",267.069592116,"Fragment"
"CC(Cl)C(=O)N1CCCCc2ncccc21",238.08729078,"Fragment"
"CC(Cl)C(=O)Nc1ccc2c(c1)S(=O)(=O)CC(=O)N2",302.01280551200006,"Fragment"
"CC(Cl)C(=O)N1CCN2CCC1CC2",216.102940844,"Fragment"
"COc1cncc(N(C)C(=O)C(C)Cl)c1",228.066555336,"Fragment"
"CC(Cl)C(=O)NCc1ncoc1C(C)C",230.0822054,"Fragment"
"CC(Cl)C(=O)N1CCC(Cc2ccncc2)C1",252.102940844,"Fragment"
"CC(Cl)C(=O)NCc1nc2cccnc2n1C",252.077788716,"Fragment"
"Cc1cccnc1C1(CNC(=O)C(C)Cl)CC1",252.102940844,"Fragment"
"CCS(=O)(=O)C1CN(C(=O)C(C)Cl)C1",239.038291988,"Fragment"
"CC(Cl)C(=O)N1Cc2ccc(S(=O)(=O)N(C)C)cc2C1",316.064841084,"Fragment"
"CC(Cl)C(=O)Nc1ccc2ncn(C)c2c1",237.066889684,"Fragment"
"CC(Cl)C(=O)N1CC(S(=O)(=O)c2ccccc2F)C1",305.02887017600005,"Fragment"
"CC(Cl)C(=O)NC[C@@H]1CN(C)C(=O)O1",220.061469956,"Fragment"
"COc1ccc([C@@H]2OCC[C@H]2NC(=O)C(C)Cl)cn1",284.09277008400005,"Fragment"
"CC(Cl)C(=O)NCc1ccnc(-c2ccccc2)c1",274.08729078000005,"Fragment"
"Cc1noc(C2(O)CCN(C(=O)C(C)Cl)C2)n1",259.072368988,"Fragment"
"CC1CN(C(=O)C(C)Cl)CC2(CCOC2C)O1",261.11317118,"Fragment"
"CC(Cl)C(=O)Nc1ccc2ccn(C)c(=O)c2c1",264.066555336,"Fragment"
"O=C(NCCOc1ccc(C(F)(F)F)cc1)C(F)Cl",299.03361911999997,"Fragment"
"Cc1ccc(NC(=O)NCC2CCCN(C(=O)C(F)Cl)C2)cc1",341.13063281200004,"Fragment"
"COC(=O)c1sc2c(c1Br)CN(C(=O)C(F)Cl)C2",354.908082116,"Fragment"
"CC(C)CC(C#N)NC(=O)C(F)Cl",206.062218904,"Fragment"
"CC(C)OC(=O)c1cc(NC(=O)C(F)Cl)n[nH]1",263.047297112,"Fragment"
"C#Cc1cccc(NC(=O)C(F)Cl)c1",211.020019744,"Fragment"
"O=C1Cc2cc(NC(=O)C(F)Cl)ccc2N1",242.025833396,"Fragment"
"O=C(C(F)Cl)N1CCC[C@H](O)C1",195.046234492,"Fragment"
"O=C(NCC1CCCOC1)C(F)Cl",209.061884556,"Fragment"
"O=C(NN(Cc1ccccc1)c1ccccc1)C(F)Cl",292.077868968,"Fragment"
"O=C(NCc1ccc(-n2cccn2)cc1)C(F)Cl",267.057467872,"Fragment"
"O=C(C(F)Cl)N1CCC(Oc2cc(F)cc(F)c2)C1",293.043040932,"Fragment"
"COC1CCN(C(=O)C(F)Cl)C2(CCC2)C1",249.093184684,"Fragment"
"Cc1ccc(NC(=O)C(F)Cl)c(C)c1O",231.046234492,"Fragment"
"O=C(Nc1ccc(N2CCOCC2)nc1)C(F)Cl",273.06803255600005,"Fragment"
"O=C(Nc1cccc(CN2CCCCC2)c1)C(F)Cl",284.109169096,"Fragment"
"O=C(Nc1ccc(Cl)c(F)c1)C(F)Cl",238.97162558,"Fragment"
"CN(Cc1nc2ccccc2n1C)C(=O)C(F)Cl",269.073117936,"Fragment"
"CC(NC(=O)C(F)Cl)c1ccc(Br)cc1",292.96183193999997,"Fragment"
"O=C(C(F)Cl)N1CCN2CCOCC2(CO)C1",266.083348272,"Fragment"
"O=C(Nc1ccc(CN2C(=O)CCC2=O)cc1)C(F)Cl",298.05204814399997,"Fragment"
"O=C(NC1CCOc2ccccc21)C(F)Cl",243.046234492,"Fragment"
"CN1CC(NC(=O)C(F)Cl)CCC1=O",222.057133524,"Fragment"
"CN1CC2CCCC(CC1=O)N2C(=O)C(F)Cl",262.088433652,"Fragment"
"COCCN1C(=O)CCc2cc(NC(=O)C(F)Cl)ccc21",314.08334827199997,"Fragment"
"CCc1ccc2c(c1)CCCN2C(=O)C(F)Cl",255.08262,"Fragment"
"CCC(NC(=O)C(F)Cl)(C(N)=O)C(C)C",238.088433652,"Fragment"
"O=C(C(F)Cl)N1CCc2c(F)ccc(F)c2C1",263.032476248,"Fragment"
"O=C(Nc1ccc(OCCO)cc1)C(F)Cl",247.041149112,"Fragment"
"COCN1C(=O)CCc2cc(NC(=O)C(F)Cl)ccc21",300.06769820799997,"Fragment"
"CC(=O)O[C@H]1CC[C@H]2[C@@H](OC(C)=O)CC[C@@H]1N2C(=O)C(F)Cl",335.09357860800003,"Fragment"
"O=C(NCc1ccc(Cl)cc1F)C(F)Cl",252.987275644,"Fragment"
"CCn1ccc(CNC(=O)C(F)Cl)n1",219.057467872,"Fragment"
"C=C(C)CN(Cc1ccccc1)C(=O)C(F)Cl",255.08262,"Fragment"
"CCn1nc(NC(=O)C(F)Cl)cc1C1CC1",245.073117936,"Fragment"
"Cc1ccc(NC(=O)C(F)Cl)c2[nH]ncc12",241.041817808,"Fragment"
"CC(C)c1cccc(NC(=O)C(F)Cl)c1",229.066969936,"Fragment"
"Cc1cc(CNC(=O)C(F)Cl)ccc1F",233.04189806,"Fragment"
"O=C(NC1CCCN(Cc2ccccc2)C1=O)C(F)Cl",298.088433652,"Fragment"
"Cc1ccc(Sc2c(Cl)cccc2NC(=O)C(F)Cl)cc1",343.00006858399996,"Fragment"
"O=C(Nc1nnc(N2CCCCC2)[nH]1)C(F)Cl",261.079265936,"Fragment"
"CC(Cl)C(=O)NC1CCN(C(=O)NC2CCCCC2)CC1",315.171354752,"Fragment"
"CC(Cl)C(=O)NC(C)c1cccc(N2CCCC2)c1",280.13424097200004,"Fragment"
"CC(Cl)C(=O)N1CCc2c(nnn2C)C1",228.077788716,"Fragment"
"CC(Cl)C(=O)N1CCN2C(=O)N(C)C(=O)C2C1",259.072368988,"Fragment"
"CC(Cl)C(=O)N1CCSc2ccccc2C1",255.048462748,"Fragment"
"CC(Cl)C(=O)N(C)C1CCCCNC1=O",232.097855464,"Fragment"
"CC(Cl)C(=O)NC(C)c1csc(C2CC2)n1",258.05936178,"Fragment"
"CC(Cl)C(=O)NCC(C)(O)c1cnn(C)c1",245.093104432,"Fragment"
"Cc1ccc(NC(=O)C(F)Cl)cc1Cl",234.996697456,"Fragment"
"Cc1nc(CCNC(=O)C(C)Cl)c(C)o1",230.0822054,"Fragment"
"CC(Cl)C(=O)NCC1CN(S(C)(=O)=O)C1",254.04919102,"Fragment"
"CC(Cl)C(=O)NCc1ccnc(N2CCN(C)CC2)n1",297.13563794,"Fragment"
"Cc1noc(C2CN(C(=O)C(C)Cl)C2)n1",229.061804304,"Fragment"
"CC(Cl)C(=O)NCc1noc2c1CCCC2",242.0822054,"Fragment"
"CC(Cl)C(=O)NC1CCCn2nccc21",227.082539748,"Fragment"
"CC(Cl)C(=O)NCc1cnn2ccccc12",237.066889684,"Fragment"
"CC(Cl)C(=O)Nc1ccnc(Cn2cccn2)c1",264.077788716,"Fragment"
"CC(Cl)C(=O)NCC(C)c1ncon1",217.061804304,"Fragment"
"CC(Cl)C(=O)N1C[C@H]2CCS(=O)(=O)[C@H]2C1",251.038291988,"Fragment"
"CC(Cl)C(=O)NCC1NC(=O)CC1(C)C",232.097855464,"Fragment"
"CC(Cl)C(=O)Nc1ccc(C2CCC(=O)N2)cc1",266.0822054,"Fragment"
"CC(Cl)C(=O)NC1COCc2ccccc21",239.071306368,"Fragment"
"CC(Cl)C(=O)NCc1noc2ccccc12",238.050905272,"Fragment"
"CC(Cl)C(=O)N(c1ccccc1)C1CCOC1",253.086956432,"Fragment"
"CC(Cl)C(=O)NC1CCc2cc(C#N)ccc21",248.071640716,"Fragment"
"CC(Cl)C(=O)N1CCN(c2nccc3sccc23)CC1",309.070260812,"Fragment"
"CC(Cl)C(=O)NCc1nc2cc(F)ccc2o1",256.04148346,"Fragment"
"CC(Cl)C(=O)N1CCOC2(CCOCC2)CC1",261.11317118,"Fragment"
"CC(Cl)C(=O)NC1(c2nnc[nH]2)CCC1",228.077788716,"Fragment"
"CC(Cl)C(=O)N1CCN2CCS(=O)(=O)CC2C1",280.064841084,"Fragment"
"CC(Cl)C(=O)N1CC2(CN(C)C(=O)O2)C1",232.061469956,"Fragment"
"CC(Cl)C(=O)N[C@H]1COC[C@H]1n1ccnn1",244.072703336,"Fragment"
"CC(Cl)C(=O)N1CCCOCC1(C)C",219.102606496,"Fragment"
"CC(Cl)C(=O)N1CC[C@H](Oc2cccnc2N2CCCC2)C1",323.140054624,"Fragment"
"CC(Cl)C(=O)N1CCN(Cc2ccc3ccccc3n2)CC1",317.12948994000004,"Fragment"
"CC(Cl)C(=O)N1CCOC2CC21",189.055656304,"Fragment"
"Cc1nc(C2COCCN2C(=O)C(C)Cl)no1",259.072368988,"Fragment"
"O=C(C(F)Cl)N1CCN2C(=O)CCC2C1",234.057133524,"Fragment"
"O=C(NCCn1ncc2ccccc2c1=O)C(F)Cl",283.05238249200005,"Fragment"
"O=C(C(F)Cl)N1CCCc2cc(Cl)ccc21",261.01234752,"Fragment"
"O=C(NCc1cn2ccccc2n1)C(F)Cl",241.041817808,"Fragment"
"O=C1NCCn2c(CCNC(=O)C(F)Cl)nnc21",275.058530492,"Fragment"
"Cc1cncc(NC(=O)C(F)Cl)c1",202.030918776,"Fragment"
"COCCOc1ccnc(CNC(=O)C(F)Cl)c1",276.06769820799997,"Fragment"
"COC(=O)c1cc(NC(=O)C(F)Cl)ccc1F",263.016077236,"Fragment"
"CC(C(=O)Nc1ccc(NC(=O)C(F)Cl)cc1)n1cncn1",325.0741805560001,"Fragment"
"Cc1cc(C)n(-c2ccc(NC(=O)C(F)Cl)cc2)n1",281.073117936,"Fragment"
"CN1CCCc2cc(NC(=O)C(F)Cl)ccc21",256.077868968,"Fragment"
"O=C(C(F)Cl)N1CCCC(c2[nH]ncc2CN2CCOCC2)C1",344.1415318439999,"Fragment"
"COC(=O)Nc1ccc(NC(=O)C(F)Cl)cc1",260.03639808,"Fragment"
"COc1cc(NC(=O)C(F)Cl)ccc1NC(C)=O",274.05204814399997,"Fragment"
"Cc1nc(C(C)C)sc1C(C)N(C)C(=O)C(F)Cl",292.081240096,"Fragment"
"O=C(NCCSc1ccc(Cl)cc1)C(F)Cl",280.98441852,"Fragment"
"O=C(NC1CCC2CCC1C2)C(F)Cl",219.08262,"Fragment"
"O=C(Nc1cccc(CSc2ccccn2)c1)C(F)Cl",310.034289904,"Fragment"
"O=C(NC1CCCN(Cc2cccc(C(F)(F)F)c2)C1=O)C(F)Cl",366.07581827999996,"Fragment"
"O=C(Nc1ccc(C(F)C(F)(F)F)cc1)C(F)Cl",287.013632624,"Fragment"
"Cc1cccc(CCNC(=O)C(F)Cl)n1",230.062218904,"Fragment"
"O=C(NCC(=O)N1CCCc2ccccc21)C(F)Cl",284.072783588,"Fragment"
"COc1ccc(NC(=O)C(F)Cl)cc1OC",247.041149112,"Fragment"
"O=C(NCc1ccc(F)c(Cl)c1)C(F)Cl",252.987275644,"Fragment"
"O=C(NCC12CC3CC(CC(C3)C1)C2)C(F)Cl",259.113920128,"Fragment"
"COc1cc(NC(=O)C(F)Cl)cc(OC)c1OC",277.05171379600006,"Fragment"
"COc1ccccc1N1CCCC(NC(=O)C(F)Cl)C1=O",314.08334827199997,"Fragment"
"O=C(C(F)Cl)N(Cc1cccnc1)Cc1ccco1",282.057133524,"Fragment"
"Cc1n[nH]c(CNC(=O)C(F)Cl)c1C",219.057467872,"Fragment"
"COc1cccc(CNC(=O)C(F)Cl)c1OC",261.056799176,"Fragment"
"CN(C)c1ncccc1O[C@H]1CCN(C(=O)C(F)Cl)C1",301.09933268400005,"Fragment"
"O=C(Nc1ccn(C2CC2(F)F)n1)C(F)Cl",253.022974184,"Fragment"
"CCCn1ccc2cc(NC(=O)C(F)Cl)ccc21",268.077868968,"Fragment"
"COC(=O)CCCc1nnc(NC(=O)C(F)Cl)s1",295.019368112,"Fragment"
"O=C(Nc1nonc1-c1ccccn1)C(F)Cl",256.016331332,"Fragment"
"CC(Cl)C(=O)N(C)C1CCN(CC(F)(F)F)C1=O",286.069590028,"Fragment"
"CC(Cl)C(=O)N1CCCC(C(C)NC(=O)NC(C)(C)C)C1",317.187004816,"Fragment"
"Cc1nc2n(n1)CCCC2NC(=O)C(C)Cl",242.09343877999999,"Fragment"
"CC(Cl)C(=O)Nc1ccc2cnn(C(C)C)c2c1",265.098189812,"Fragment"
"CC(Cl)C(=O)N1CCN(CC(O)c2ccco2)CC1",286.108420148,"Fragment"
"CC(Cl)C(=O)NCc1coc(-c2ccccc2)n1",264.066555336,"Fragment"
"Cc1cc(C)n(-c2ccc(NC(=O)C(C)Cl)cc2)n1",277.098189812,"Fragment"
"CC(Cl)C(=O)N(C)CC1OCCc2ccccc21",267.102606496,"Fragment"
"CC(Cl)C(=O)N1CCN(Cc2cnn(-c3ccccc3)c2)CC1",332.140388972,"Fragment"
"CC(Cl)C(=O)NCc1cccc(-n2cncn2)c1",264.077788716,"Fragment"
"COc1ccc(N(C)C(=O)C(C)Cl)cn1",228.066555336,"Fragment"
"O=C(Nc1ccc(I)cc1)C(F)Cl",312.916667712,"Fragment"
"CC(Cl)C(=O)NC(C)c1ncn(C)n1",216.077788716,"Fragment"
"CC(Cl)C(=O)NC1C2Cc3cc(F)ccc3C21",253.066969936,"Fragment"
"CC(Cl)C(=O)N1CCCC(S(=O)(=O)N2CCOCC2)C1",324.091055832,"Fragment"
"CC(Cl)C(=O)N1CC(S(=O)(=O)Nc2ccccc2)C1",302.04919102,"Fragment"
"Cc1cccc(C(=O)NCCSSCCN(C)C)c1NC(=O)c1ccncc1",418.14971807200004,"Fragment"
"O=C(O)CCSSCCNC(=O)c1csc(Br)c1Cl",402.8772959920001,"Fragment"
"Cc1c(Br)sc(Br)c1C(=O)NCCSSCCC(=O)O",460.842430476,"Fragment"
"CCCN1C(=O)CC(C(=O)NCCSSCCC(=O)O)C1c1ccccc1",410.13339931199994,"Fragment"
"Cc1cc(F)ccc1-n1ccc(C(=O)NCCSSCCC(=O)O)n1",383.077361656,"Fragment"
"CC(C)(C)c1cccc(C(=O)NCCSSCCC(=O)O)n1",342.10718456399997,"Fragment"
"O=C(O)CCSSCCNC(=O)c1ccc(Cl)c(N2CCCC2=O)c1",402.047476768,"Fragment"
"Cc1ccc(OCCCC(=O)NCCSSCCC(=O)O)c(C)c1",371.12250027999994,"Fragment"
"Cc1c(C(=O)NCCSSCCC(=O)O)cnn1C(C)(C)C",345.1180835960001,"Fragment"
"O=C(O)CCSSCCNC(=O)C1(c2ccc(C(F)(F)F)cc2)CCC1",407.08367016,"Fragment"
"Cc1noc2nc(-c3ccco3)cc(C(=O)NCCSSCCC(=O)O)c12",407.060962644,"Fragment"
"CCOc1ccccc1C(=O)NCC(=O)NCCSSCCC(=O)O",386.0970138039999,"Fragment"
"COc1ccc(C(=O)NCCSSCCC(=O)O)c(C)c1OC",359.086114772,"Fragment"
"O=C(O)CCSSCCNC(=O)c1ccc(OC(F)(F)F)cc1F",387.022212776,"Fragment"
"O=C(O)CCSSCCNC(=O)c1cccc(-c2ccc(F)cc2)n1",380.06646262400005,"Fragment"
"Cc1cc(C)c(C(=O)NCCSSCCC(=O)O)cn1",314.075884436,"Fragment"
"Cn1ccc2cc(C(=O)NCCSSCCC(=O)O)ccc21",338.07588443599997,"Fragment"
"O=C(O)CCSSCCNC(=O)CCCc1cccs1",333.05270646800005,"Fragment"
"O=C(O)CCSSCCNC(=O)COc1ccccc1F",333.05047821200003,"Fragment"
"CC(Oc1ccc(Cl)cc1Cl)C(=O)NCCSSCCC(=O)O",396.99760538399994,"Fragment"
"O=C(O)CCSSCCNC(=O)C1(Cc2cccnc2)CC1",340.0915345,"Fragment"
"Cc1cccc(C(=O)N2CCC[C@@H]2C(=O)NCCSSCCC(=O)O)c1",396.117749248,"Fragment"
"CC(C1CC1)N1CC(C(=O)NCCSSCCC(=O)O)CC1=O",360.11774924799994,"Fragment"
"CN(Cc1ncc(C(=O)NCCSSCCC(=O)O)cn1)C(=O)OC(C)(C)C",430.1344619319999,"Fragment"
"O=C(O)CCSSCCNC(=O)CCCNC(=O)c1ccccc1",370.10209918399994,"Fragment"
"CN(C)CCSSCCNC(=O)c1cc2cc(F)cc(F)c2[nH]1",359.0937606680001,"Fragment"
"CN(C)CCSSCCNC(=O)c1ccccc1C1CCCC1",352.164305516,"Fragment"
"Cc1c(C(=O)NCCSSCCN(C)C)cccc1[N+](=O)[O-]",343.102433532,"Fragment"
"CN(C)CCSSCCNC(=O)C1(C(=O)N(C)Cc2ccc(F)cc2)CC1",413.160697356,"Fragment"
"CC(C)C(C)(CC(=O)N1CCOCC1)C(=O)NCCSSCCN(C)C",405.21198398,"Fragment"
"CN(C)CCSSCCNC(=O)C1CC(=O)N(Cc2c(F)cccc2F)C1",417.13562548000004,"Fragment"
"CN(C)CCSSCCNC(=O)c1cscc1C1CCCC1",358.120726452,"Fragment"
"CN(C)CCSSCCNC(=O)C1CCc2cc(S(N)(=O)=O)ccc2O1",419.10071928,"Fragment"
"COC1CC(C(=O)NCCSSCCN(C)C)N(C(=O)c2ccc3c[nH]nc3c2)C1",451.17118178800007,"Fragment"
"CN(C)CCSSCCNC(=O)COc1cccc(Br)c1",392.022782012,"Fragment"
"CC(Oc1ccccc1Cl)C(=O)NCCSSCCN(C)C",362.0889476560001,"Fragment"
"CN(C)CCSSCCNC(=O)C1CC(C)(C)CC(C)(C)C1",346.211255708,"Fragment"
"CN(C)CCSSCCNC(=O)C1CCc2n[nH]c(=O)n2C1",345.12931697600004,"Fragment"
"CN(C)CCSSCCNC(=O)C(Cc1ccccc1)Cc1ccccc1",402.17995558,"Fragment"
"CN(C)CCSSCCNC(=O)c1cccc(S(N)(=O)=O)c1",363.074504532,"Fragment"
"CN(C)CCSSCCNC(=O)COc1ccc(Cl)cc1Br",425.98380966,"Fragment"
"CN(C)CCSSCCNC(=O)CCc1ncc(-c2ccccc2Cl)o1",413.09984668799996,"Fragment"
"CN(C)CCSSCCNC(=O)c1ccccc1OCc1ccccc1Br",468.05408214,"Fragment"
"CN(C)CCSSCCNC(=O)c1ccc(Oc2ccc(Br)cc2)c(F)c1",472.02901026399996,"Fragment"
"CN(C)CCSSCCNC(=O)C1CCC2(CCC2)CC1",330.17995558,"Fragment"
"O=C(O)CCSSCCNC(=O)c1cccc(C2CC(F)(F)C2)c1",375.077441908,"Fragment"
"O=C(O)CCSSCCNC(=O)c1ccc(F)c2occc12",343.034828148,"Fragment"
"O=C(O)CCSSCCNC(=O)C1(c2ccc(Cl)c(F)c2)CCC1",391.047891368,"Fragment"
"Cc1cc2c(c(C(=O)NCCSSCCC(=O)O)c1)OCC2",341.075550088,"Fragment"
"CN(C)c1nc2ccc(C(=O)NCCSSCCC(=O)O)cc2o1",369.08169808799994,"Fragment"
"CCn1ncc2cc(C(=O)NCCSSCCC(=O)O)c(C)nc21",368.09768249999996,"Fragment"
"CC(C)(C)OC(=O)N[C@@H]1[C@H](C(=O)NCCSSCCC(=O)O)C1(C)C",392.1439639959999,"Fragment"
"Cc1cc(C)cc(-n2nc(C(=O)NCCSSCCC(=O)O)cc2C)c1",393.11808359599996,"Fragment"
"CCc1nc(C)c(C(=O)NCCSSCCC(=O)O)c(C)n1",343.102433532,"Fragment"
"CC(C)(C)OC(=O)Nc1ccc2[nH]c(C(=O)NCCSSCCC(=O)O)cc2c1",439.1235629,"Fragment"
"CCOc1cc(Cl)ccc1C(=O)NCCSSCCC(=O)O",363.03657773599997,"Fragment"
"CCn1cc(C(=O)NCCSSCCC(=O)O)c(-c2ccccc2)n1",379.102433532,"Fragment"
"O=C(O)CCSSCCNC(=O)CNC(=O)c1ccc(Br)s1",425.9377320600001,"Fragment"
"Cc1cc(OCCCC(=O)NCCSSCCC(=O)O)ccc1Cl",391.0678778639999,"Fragment"
"O=C(O)CCSSCCNC(=O)c1cccc(S(=O)(=O)Nc2ccccc2F)c1",458.04401292800003,"Fragment"
"O=C(O)CCSSCCNC(=O)c1csc(-c2cccnc2)n1",369.0275543400001,"Fragment"
"O=C(O)CCSSCCNC(=O)CCc1ccc(Cl)cc1Cl",381.002690764,"Fragment"
"CC(C)(C)n1cc(C(=O)NCCSSCCC(=O)O)c(Br)n1",409.0129456,"Fragment"
"O=C(O)CCSSCCNC(=O)c1csc(C2CCCO2)n1",362.042870056,"Fragment"
"CCc1nn(C)c(Cl)c1C(=O)NCCSSCCC(=O)O",351.04781111599993,"Fragment"
"O=C(O)CCSSCCC(=O)N1CCN(c2nc[nH]c3nccc2-3)CC1",395.1085815320001,"Fragment"
"O=C(O)CCSSCCC(=O)N1CCC(c2c[nH]c3cccnc23)CC1",393.1180835960001,"Fragment"
"Cc1cc(C)c2nc(CCC(=O)NCCSSCCN(C)C)[nH]c2c1",380.17045351600007,"Fragment"
"O=C(O)CCSSCCC(=O)N1C[C@H]2COC[C@@]2(c2ccccc2)C1",381.10685021600005,"Fragment"
"CN(C)CCSSCCNC(=O)c1onc2c1CCCC2",329.12316897600004,"Fragment"
"Cc1cc(-n2c(C)cc(C(=O)NCCSSCCN(C)C)c2C)no1",382.14971807200004,"Fragment"
"CC(C)C(Oc1ccccc1C#N)C(=O)NCCSSCCN(C)C",381.1544691040001,"Fragment"
"CN(C)CCSSCCNC(=O)C1CC(=O)N(c2c(F)cccc2F)C1",403.11997541600005,"Fragment"
"CC(CCC(=O)NCCSSCCN(C)C)c1ccc(Br)cc1",418.0748175840001,"Fragment"
"CC(Cc1ccc(C(C)(C)C)cc1)C(=O)NCCSSCCN(C)C",382.211255708,"Fragment"
"COC1CCC12CC(C(=O)NCCSSCCC(=O)O)C2",333.10685021599994,"Fragment"
"Cc1nnc2n1CC(C(=O)NCCSSCCC(=O)O)CC2",344.0976824999999,"Fragment"
"CC(C)C1=NOC(C(=O)NCCSSCCC(=O)O)C1",320.08644911999994,"Fragment"
"CC(C)(CC(=O)NCCSSCCC(=O)O)C1CC1",305.111935596,"Fragment"
"COc1cc(C2(C(=O)NCCSSCCC(=O)O)CC2)ccc1Cl",389.05222779999997,"Fragment"
"CN(CC(=O)NCCSSCCC(=O)O)c1ccc(Cl)cc1",362.052562148,"Fragment"
"COC1(C(=O)NCCSSCCC(=O)O)CCC(C)(C)CC1",349.13815034400005,"Fragment"
"CN(CCOc1ccccc1C(=O)NCCSSCCC(=O)O)C(=O)OC(C)(C)C",458.1545286799999,"Fragment"
"CC(CC(=O)NCCSSCCC(=O)O)C1CCCO1",321.106850216,"Fragment"
"CCCCCc1cc(C(=O)NCCSSCCC(=O)O)n[nH]1",345.118083596,"Fragment"
"CC(C)(C)OC(=O)NCC(Oc1ccc(F)cc1)C(=O)NCCSSCCC(=O)O",462.129456804,"Fragment"
"CC(C)(C)OC(=O)NC(C)(CCc1ccccc1)C(=O)NCCSSCCC(=O)O",456.175264124,"Fragment"
"O=C(O)CCSSCCNC(=O)c1cc2c(O)cccc2[nH]1",340.055148992,"Fragment"
"CCc1c(C(=O)NCCSSCCC(=O)O)cnn1-c1ccccc1C",393.1180835960001,"Fragment"
"O=C(O)CCSSCCNC(=O)c1c[nH]nc1OCC(F)(F)F",373.03778258799997,"Fragment"
"CCC(Oc1ccccc1F)C(=O)NCCSSCCC(=O)O",361.0817783399999,"Fragment"
"CC(C)(C)OC(=O)Nc1ccn(C(C)(C)C(=O)NCCSSCCC(=O)O)n1",432.150111996,"Fragment"
"COC(=O)Nc1ccc(C(=O)NCCSSCCC(=O)O)cc1",358.0657136759999,"Fragment"
"CCc1sc(C(=O)NCCSSCCC(=O)O)cc1C",333.052706468,"Fragment"
"Cc1ccc(NC(=O)OC(C)(C)C)cc1C(=O)NCCSSCCC(=O)O",414.1283139319999,"Fragment"
"CC(C)Cc1cc(C(=O)NCCSSCCC(=O)O)nn1-c1ccccc1",407.13373366,"Fragment"
"O=C(O)CCSSCCNC(=O)c1nn(-c2ccc(Cl)cc2)c2c1CCCCC2",453.094761308,"Fragment"
"O=C(O)CCSSCCNC(=O)CCc1nc(-c2ccc(Cl)cc2)no1",415.04272573599997,"Fragment"
"O=C(O)CCSSCCNC(=O)CCn1[nH]c(=O)c2ccccc2c1=O",397.07661270799997,"Fragment"
"O=C(O)CCSSCCNC(=O)c1ccccc1OCCOc1ccccc1",421.101764836,"Fragment"
"O=C(O)CCSSCCNC(=O)c1ccc(S(=O)(=O)Nc2ccc(F)cc2)cc1",458.04401292800003,"Fragment"
"Cc1cc(C(=O)NCCSSCCC(=O)O)ccc1N1CCOCC1",384.117749248,"Fragment"
"Cc1cc(C(=O)NCCSSCCC(=O)O)c(F)cc1F",335.04614178,"Fragment"
"O=C(O)CCSSCCNC(=O)CCc1ccc2c(c1)OCO2",357.070464708,"Fragment"
"O=C(O)CCSSCCNC(=O)C1CCC(=O)N1CCC(F)(F)F",388.073833748,"Fragment"
"O=C(O)CCSSCCNC(=O)[C@@H]1C[C@H]1c1cccc(O)c1",341.075550088,"Fragment"
"CN(CC(=O)NCCSSCCC(=O)O)c1ccccc1[N+](=O)[O-]",373.07661270799997,"Fragment"
"Cc1nn(C)c(C)c1S(=O)(=O)NC(C)C(=O)NCCSSCCC(=O)O",424.090882868,"Fragment"
"CC(C)(C)c1ccnc2c(C(=O)NCCSSCCC(=O)O)cnn12",382.113332564,"Fragment"
"COc1cc(OC)cc(N2CC(C(=O)NCCSSCCC(=O)O)CC2=O)c1",428.1075784879999,"Fragment"
"O=C(O)CCSSCCNC(=O)c1ccc(NC(=O)C2CC2)cc1Cl",402.047476768,"Fragment"
"O=C(O)CCSSCCNC(=O)C1(c2ccccc2)CCOCC1",369.106850216,"Fragment"
"CS(=O)(=O)Nc1ccc(C(=O)NCCSSCCC(=O)O)cc1",378.03778467599994,"Fragment"
"COc1ccc(C(=O)NCCSSCCC(=O)O)c(OC)c1OC",375.08102939199995,"Fragment"
"C[C@H]1CN(C(=O)CCSSCCC(=O)O)C[C@@H](c2ccc(F)cc2)O1",387.09742840399997,"Fragment"
"CN(C)CCSSCCNC(=O)c1cc2c(C3CC3)cccc2[nH]1",363.14390442000007,"Fragment"
"CN(C)CCSSCCNC(=O)c1cc(F)cc(Cl)c1Br",413.963823164,"Fragment"
"CC(C)Oc1ccc(C(=O)NCCSSCCN(C)C)c(Br)c1F",438.04466032799996,"Fragment"
"CN(C)CCSSCCNC(=O)CCn1c(=O)[nH]c2ccccc2c1=O",396.12898262799996,"Fragment"
"O=C(O)CCSSCCC(=O)NCc1nc2c(o1)CCC(F)(F)C2",380.06760549599994,"Fragment"
"CN(C)CCSSCCNC(=O)C1CC(=O)N(c2ccc(Cl)cc2)C1",401.099846688,"Fragment"
"COc1cc(C(=O)NCCSSCCN(C)C)ccc1C",328.127920008,"Fragment"
"COc1ccc(C(=O)NCCSSCCN(C)C)c(Cl)c1",348.073297592,"Fragment"
"CCCc1nc(C)c(C(=O)NCCSSCCN(C)C)s1",347.11597542000004,"Fragment"
"CCN(CC)S(=O)(=O)c1cccc(C(=O)NCCSSCCN(C)C)c1",419.13710478800004,"Fragment"
"Cc1ccc(C(=O)NCCSSCCN(C)C)c(F)c1F",334.0985117,"Fragment"
"CC(C)c1ncncc1C(=O)NCCSSCCC(=O)O",329.08678346799996,"Fragment"
"O=C(O)CCSSCCNC(=O)c1ccc(C2CC2)cc1C(F)(F)F",393.068020096,"Fragment"
"N#Cc1ccccc1C1(C(=O)NCCSSCCC(=O)O)CCC1",364.09153449999997,"Fragment"
"O=C(O)CCSSCCNC(=O)c1cn[nH]c1-c1ccc(C(F)(F)F)cc1",419.058518032,"Fragment"
"O=C(O)CCSSCCNC(=O)CCc1ccc(F)c2c1CCCC2",385.118163848,"Fragment"
"Cc1c(C(=O)NCCSSCCC(=O)O)cnn1C1CCCCC1",371.1337336600001,"Fragment"
"C#CCC1(C(=O)NCCSSCCC(=O)O)CCCN1C(=O)OC(C)(C)C",416.14396399599997,"Fragment"
"C#CCNS(=O)(=O)c1ccc(C(=O)NCCSSCCC(=O)O)cc1",402.03778467599994,"Fragment"
"CCc1cc(Cl)ccc1C(=O)NCCSSCCC(=O)O",347.04166311599994,"Fragment"
"O=C(O)CCSSCCNC(=O)c1ccc(N2CCCCC2=O)cc1",382.102099184,"Fragment"
"O=C(O)CCSSCCNC(=O)C1CCCCC1(F)F",327.077441908,"Fragment"
"Cc1ccc(OCc2cccc(C(=O)NCCSSCCC(=O)O)c2)cn1",406.10209918399994,"Fragment"
"O=C(O)CCSSCCNC(=O)c1ccc(-c2cc[nH]n2)cc1",351.0711334040001,"Fragment"
"O=C(O)CCSSCCNC(=O)C(Cc1ccccc1)NC(=O)c1cccs1",438.074170184,"Fragment"
"O=C(O)CCSSCCNC(=O)c1cccc2cnccc12",336.060234372,"Fragment"
"CC(C)C[C@H](C(=O)NCCSSCCC(=O)O)N1Cc2ccccc2C1=O",410.133399312,"Fragment"
"COc1cc(C(=O)NCCSSCCC(=O)O)ccc1C",329.075550088,"Fragment"
"COc1ccc(C(=O)NCCSSCCC(=O)O)c(OC)c1",345.070464708,"Fragment"
"O=C(O)CCSSCCNC(=O)C1(n2cccn2)CC1",315.071133404,"Fragment"
"O=C(O)CCSSCCNC(=O)C1(CC2CC2)CC1",303.096285532,"Fragment"
"O=C(O)CCSSCCNC(=O)C1(C2CCCCO2)CC1",333.106850216,"Fragment"
"O=C(O)CCSSCCNC(=O)CCc1nc2cccnc2[nH]1",354.082032436,"Fragment"
"Cc1cc(C(=O)NCCSSCCC(=O)O)nn1-c1ccccc1F",383.07736165600005,"Fragment"
"C[C@@H](c1ccc(F)cc1)N1CC(C(=O)NCCSSCCC(=O)O)CC1=O",414.10832743599997,"Fragment"
"CC(=O)Nc1cccc(C(=O)NCCSSCCC(=O)O)c1C",356.08644911999994,"Fragment"
"O=C(O)CCSSCCC(=O)N1C[C@H](Oc2ccccc2)[C@@H](O)C1",371.08611477200003,"Fragment"
"CN(C)CCSSCCNC(=O)C(Cc1ccccc1)N1Cc2ccccc2C1=O",443.17011916800004,"Fragment"
"CN(C)CCSSCCNC(=O)C1(C(F)F)CCOCC1",342.124726448,"Fragment"
"CN(C)CCSSCCNC(=O)[C@@H]1CC[C@H]1C(F)(F)F",330.10473995200005,"Fragment"
"O=C(O)CCSSCCC(=O)NCc1cnc(N2CCOCC2)c(F)c1",403.10357640399997,"Fragment"
"CO[C@H]1CC[C@](C(=O)NCCSSCCN(C)C)(C(F)(F)F)C1",374.1309547,"Fragment"
"CN(C)CCSSCCNC(=O)C1CCN(c2ccccc2)C1",353.159554484,"Fragment"
"CCC(Cc1ccccc1C)C(=O)NCCSSCCN(C)C",354.17995558,"Fragment"
"CN(C)CCSSCCNC(=O)C1CCCC1(F)F",312.114161764,"Fragment"
"CN(C)CCSSCCNC(=O)c1ccc(Br)cc1-n1cncn1",429.02926436000007,"Fragment"
"CN(C)CCSSCCNC(=O)C1(Cc2cnn[nH]2)CCC1",343.15005242000007,"Fragment"
"CN(C)CCSSCCNC(=O)CCCc1nc2ccccc2c(=O)[nH]1",394.149718072,"Fragment"
"CN(C)CCSSCCNC(=O)CC(n1cnc2sccc2c1=O)C(F)(F)F",454.077873572,"Fragment"
"CC(C)(C)OC(=O)NC[C@H]1CCCC[C@H]1C(=O)NCCSSCCC(=O)O",420.1752641239999,"Fragment"
"N#Cc1cccc(-c2n[nH]cc2C(=O)NCCSSCCC(=O)O)c1",376.0663823719999,"Fragment"
"O=C(O)CCSSCCNC(=O)C(CC(F)F)C1CCC1",341.093091972,"Fragment"
"CCn1cc(C(=O)NCCSSCCC(=O)O)c(C(C)(C)C)n1",359.13373366,"Fragment"
"CC(C)(C)OC(=O)N1C[C@H](C(=O)NCCSSCCC(=O)O)[C@@H](C2CCCCC2)C1",460.2065642519999,"Fragment"
"O=C(O)CCSSCCNC(=O)C12CCCCC1C2",303.096285532,"Fragment"
"O=C(O)CCSSCCNC(=O)[C@@H]1CC=CC[C@H]1C(F)(F)F",357.068020096,"Fragment"
"Cc1nc(-c2cccc(C(=O)NCCSSCCC(=O)O)c2)n[nH]1",366.082032436,"Fragment"
"O=C(O)CCSSCCNC(=O)CCc1nnc(C2CC2)n1-c1ccccc1",420.128982628,"Fragment"
"CCc1n[nH]c(C(=O)NCCSSCCC(=O)O)c1Br",380.98164547199997,"Fragment"
"CS(=O)(=O)c1cc(C(=O)NCCSSCCC(=O)O)ccc1Cl",396.987913292,"Fragment"
"O=C(O)CCSSCCNC(=O)c1ccn(-c2ccc(Cl)c(Cl)c2)n1",418.9931887,"Fragment"
"CC(C)(C)OC(=O)NC1CCCCN(CC(=O)NCCSSCCC(=O)O)C1=O",449.165427712,"Fragment"
"Cn1nc2c(c1C(=O)NCCSSCCC(=O)O)CCCC2",343.10243353199996,"Fragment"
"CC(CC(=O)NCCSSCCC(=O)O)S(=O)(=O)c1ccc(F)cc1",409.04876396,"Fragment"
"CC(C)(Oc1ccc(F)cc1)C(=O)NCCSSCCC(=O)O",361.0817783399999,"Fragment"
"O=C(O)CCSSCCNC(=O)C1CCCN(C(=O)Nc2ccccc2)C1",411.12864828000005,"Fragment"
"CC(C)(C)OC(=O)N1CCC(OCC(=O)NCCSSCCC(=O)O)CC1",422.15452867999994,"Fragment"
"O=C(O)CCSSCCNC(=O)c1cc2sccc2s1",346.9778272760001,"Fragment"
"Cc1cccc(OCC(=O)NCCSSCCC(=O)O)c1",329.07555008799994,"Fragment"
"CC1OCCCC1C(=O)NCCSSCCC(=O)O",307.091200152,"Fragment"
"O=C(O)CCSSCCNC(=O)c1ccc(OCCF)cc1",347.066128276,"Fragment"
"CN1C(=O)C[C@H](C(=O)NCCSSCCC(=O)O)[C@H]1c1cccc(F)c1",400.09267737199997,"Fragment"
"CN(C)c1cccc(CCC(=O)NCCSSCCC(=O)O)c1",356.12283462799996,"Fragment"
"O=C(O)CCSSCCC(=O)Nc1cnn2c1OCC(O)C2",347.06096264399997,"Fragment"
"Cc1ccc([N+](=O)[O-])cc1C(=O)NCCSSCCN(C)C",343.102433532,"Fragment"
"COc1ccc([C@]2(C(=O)NCCSSCCN(C)C)C[C@H](O)C2)cc1",384.15413475599996,"Fragment"
"CCCCCCc1ccc(C(=O)NCCSSCCN(C)C)s1",374.15202658000004,"Fragment"
"CN(C)CCSSCCNC(=O)C1(c2cc(F)cc(C#N)c2)CCC1",381.13448260800004,"Fragment"
"CN(C)CCSSCCNC(=O)c1c[nH]c(-c2ccncc2)n1",351.11875229200007,"Fragment"
"CN(C)CCSSCCNC(=O)C(C)(C)NC(=O)NCc1cccc(Br)c1",476.09153026800004,"Fragment"
"O=C(O)CCSSCCNC(=O)[C@@H]1C[C@H]1c1ccc(C(F)(F)F)cc1",393.068020096,"Fragment"
"Cc1ccc(-c2noc(CCC(=O)NCCSSCCN(C)C)n2)cc1F",412.14029626000007,"Fragment"
"Cc1cc(C(=O)NCCSSCCN(C)C)nn1-c1ccc(Cl)cc1Cl",432.061208684,"Fragment"
"Cc1c(C(=O)NCCSSCCN(C)C)nnn1C1CCOC1",359.14496704,"Fragment"
"Cc1ccc(-c2csc3ncn(CCC(=O)NCCSSCCN(C)C)c(=O)c23)cc1",476.137439136,"Fragment"
"O=C(O)CCSSCCNC(=O)c1cnn2ccsc12",331.011904276,"Fragment"
"O=C(O)CCSSCCNC(=O)CC1CCC2(CCC2)O1",333.106850216,"Fragment"
"O=C(O)CCSSCCNC(=O)c1ccc2cccc(O)c2c1",351.059900024,"Fragment"
"O=C(O)CCSSCCNC(=O)C1(Cc2cccc(F)c2)CCC1",371.102513784,"Fragment"
"CC(C)Cn1ncc(C(=O)NCCSSCCC(=O)O)c1C1CC1",371.13373365999996,"Fragment"
"Cc1ccc(C(=O)NCCSSCCC(=O)O)c2c1CCC2",339.096285532,"Fragment"
"Cc1cc(C(=O)NCCSSCCC(=O)O)cc(C)c1OCC(=O)N1CCCCC1",454.15961405999997,"Fragment"
"CC(Cl)C(=O)N(C)Cc1cc(C(C)(C)C)[nH]n1",257.12948994,"Fragment"
"CC(Cl)C(=O)N1Cc2ccccc2CO1",225.055656304,"Fragment"
"CCc1nocc1CN(C)C(=O)C(C)Cl",230.0822054,"Fragment"
"CC(Cl)C(=O)N1CCC(c2nc(N(C)C)no2)CC1",286.119653528,"Fragment"
"CCn1cc(CN(C)C(=O)C(C)Cl)nn1",230.09343877999999,"Fragment"
"COC(=O)C1c2ccccc2C2(CC2)CN1C(=O)C(C)Cl",307.097521116,"Fragment"
"CC(Cl)C(=O)NCC1CC12CCOCC2",231.102606496,"Fragment"
"CC(Cl)C(=O)N1Cc2ccoc2CC(C)(C)C1",255.102606496,"Fragment"
"CC(Cl)C(=O)N1CC2CC1CC2(F)F",223.057548124,"Fragment"
"CC(Cl)C(=O)N1CCOC(CCc2ccccc2)C1",281.11825655999996,"Fragment"
"CC(Cl)C(=O)NCc1ccc2cc[nH]c2n1",237.066889684,"Fragment"
"CC(Cl)C(=O)NC1COc2cc(F)ccc2C1",257.061884556,"Fragment"
"CC(Cl)C(=O)NCc1ccc2cnn(C)c2c1",251.082539748,"Fragment"
"CC(Cl)C(=O)NCc1nnc(C2CC2)o1",229.061804304,"Fragment"
"CC(Cl)C(=O)N1CC=C(c2ccnn2C)CC1",253.098189812,"Fragment"
"CC(C)CC1C(=O)NCCCN1C(=O)C(C)Cl",260.129155592,"Fragment"
"CC(Cl)C(=O)Nc1cc2c(cc1F)CCNC2=O",270.057133524,"Fragment"
"CC(Cl)C(=O)N1CCN(CC2CCCC2)C(=O)C1",272.129155592,"Fragment"
"Cc1ncc(NC(=O)C(C)Cl)c(C2CC2)n1",239.082539748,"Fragment"
"CCOC1CC(NC(=O)C(C)Cl)C12CCOCC2",275.128821244,"Fragment"
"CC(Cl)C(=O)N1CC(COC(F)F)C1",227.052462744,"Fragment"
"CC(Cl)C(=O)N1CCC(S(=O)(=O)N2CCCC2)CC1",308.096141212,"Fragment"
"CC(Cl)C(=O)N[C@H](C)c1cnnn1C",216.077788716,"Fragment"
"CC(Cl)C(=O)NCc1cnc2nccn2c1",238.062138652,"Fragment"
"CC(Cl)C(=O)N[C@H]1C[C@H](Cn2cncn2)C1",242.09343877999999,"Fragment"
"CC(Cl)C(=O)N[C@@H]1C[C@H]1c1cnn(-c2ccccc2)c1",289.098189812,"Fragment"
"CC(Cl)C(=O)N1CC(NC(=O)C2CCC2)C1",244.097855464,"Fragment"
"Cn1nccc1N1CCCC(NC(=O)C(F)Cl)C1=O",288.07893158799993,"Fragment"
"Cc1cncc(CNC(=O)C(F)Cl)c1",216.04656884,"Fragment"
"O=C(NC(c1ncccn1)C1CC1)C(F)Cl",243.057467872,"Fragment"
"CN1CCOC(CNC(=O)C(F)Cl)C1",224.072783588,"Fragment"
"O=C(NCCc1cn2c(n1)SCC2)C(F)Cl",263.029538872,"Fragment"
"CC1(C)COC(c2cccc(F)c2)CN1C(=O)C(F)Cl",303.08376287199997,"Fragment"
"O=C(C(F)Cl)N1CCN(c2ccc(C(F)(F)F)cc2[N+](=O)[O-])CC1",369.050331804,"Fragment"
"CC(NC(=O)C(F)Cl)c1nccs1",222.002989776,"Fragment"
"COc1cc2c(cc1OC)N(C(=O)C(F)Cl)CCC2",287.07244924,"Fragment"
"O=C(Nc1nccs1)C1CN(C(=O)C(F)Cl)C1",277.008803428,"Fragment"
"O=C(NCCNC(=O)C(F)Cl)c1ccccc1",258.057133524,"Fragment"
"O=C(C(F)Cl)N1C[C@H]2OCCN(Cc3ccccc3)[C@H]2C1",312.104083716,"Fragment"
"CCNS(=O)(=O)c1ccc2c(c1)N(C(=O)C(F)Cl)CC2",320.039769208,"Fragment"
"O=C(NCC(c1cccc(Cl)c1)N1CCCC1)C(F)Cl",318.07019674400004,"Fragment"
"CN(CCc1ncc(Br)cn1)C(=O)C(F)Cl",308.96797993999996,"Fragment"
"Cc1onc(Br)c1NC(=O)C(F)Cl",269.9206954,"Fragment"
"Cn1cc(CNC(=O)C(F)Cl)cn1",205.041817808,"Fragment"
"Cc1nccc(-c2cccc(NC(=O)C(F)Cl)c2)n1",279.057467872,"Fragment"
"O=C(C(F)Cl)N1CCCCC1C1OCCO1",251.07244924,"Fragment"
"CCC(CC#N)NC(=O)C(F)Cl",192.04656884,"Fragment"
"COc1ccc(-c2nc(NC(=O)C(F)Cl)sc2C)cc1",314.02920452399997,"Fragment"
"O=C(CNC(=O)C(F)Cl)NCc1ccccc1",258.057133524,"Fragment"
"O=C(NCc1ccc(OC(F)(F)F)cc1)C(F)Cl",285.01796905599997,"Fragment"
"Cc1cc2cc(CNC(=O)C(F)Cl)ccc2[nH]1",254.062218904,"Fragment"
"O=C(C(F)Cl)N1CC(c2nccc(C(F)(F)F)n2)C1",297.02920243600005,"Fragment"
"CCOc1cc(N2CCOC(C)(C)C2)ccc1NC(=O)C(F)Cl",344.130298464,"Fragment"
"O=C(Nc1ccc(CCN2CCCC2)cc1)C(F)Cl",284.109169096,"Fragment"
"CCOC(=O)C(CCC#N)NC(=O)C(F)Cl",250.052048144,"Fragment"
"CCOC(=O)N1CCC(NC(=O)C(F)Cl)CC1",266.083348272,"Fragment"
"O=C(NCc1ccc([N+](=O)[O-])cc1)C(F)Cl",246.020748016,"Fragment"
"O=C(C(F)Cl)N1CCN(Cc2nc3ccccc3s2)CC1",327.06083900000004,"Fragment"
"CSc1ccc(NC(=O)C(F)Cl)cc1",233.007740808,"Fragment"
"CC(C)(C)OC(=O)Nc1ccccc1NC(=O)C(F)Cl",302.08334827199997,"Fragment"
"COc1ccc(N2CCCC(NC(=O)C(F)Cl)C2=O)cc1",314.08334827199997,"Fragment"
"CNC(=O)c1cc(NC(=O)C(F)Cl)cc(C(=O)NC)c1",301.062947176,"Fragment"
"Cn1cnnc1-c1cccc(NC(=O)C(F)Cl)c1",268.05271683999996,"Fragment"
"O=C(NCc1ccc(COCC(F)(F)F)cc1)C(F)Cl",313.049269184,"Fragment"
"O=C(NCCc1nccn1C(F)F)C(F)Cl",255.038624248,"Fragment"
"O=C(C(F)Cl)N1C[C@@H]2OCc3cnnn3[C@H]2C1",260.04763146,"Fragment"
"CSc1c(F)cncc1NC(=O)C(F)Cl",251.993567964,"Fragment"
"CN(C(=O)C(F)Cl)c1cc(C2CC2)[nH]n1",231.057467872,"Fragment"
"O=C(Nc1cnc2cc[nH]n2c1=O)C(F)Cl",244.016331332,"Fragment"
"CC(Cl)C(=O)N(C)CC(=O)N1CCCC1",232.097855464,"Fragment"
"CC(Cl)C(=O)N(Cc1ccsc1)C1CC1",243.048462748,"Fragment"
"Cc1cc(NC(=O)CN(C)C(=O)C(C)Cl)no1",259.072368988,"Fragment"
"Cc1noc(C)c1S(=O)(=O)N1CCCN(C(=O)C(C)Cl)CC1",349.0863048,"Fragment"
"CC(Cl)C(=O)N1CCCC(N2CCNC2=O)C1",259.108754496,"Fragment"
"CC(Cl)C(=O)N1CCN(Cc2noc(-c3cccs3)n2)CC1",340.07607446400004,"Fragment"
"CC(Cn1cnc2c(cnn2C)c1=O)NC(=O)C(C)Cl",297.09925243199996,"Fragment"
"CC(Cl)C(=O)NCc1ccccc1S(=O)(=O)N1CCOCC1",346.075405768,"Fragment"
"Cc1cc(C)n(C2CN(C(=O)C(C)Cl)C2)n1",241.098189812,"Fragment"
"CC(Cl)C(=O)N1CCCC1c1cccc(N(C)C)c1",280.13424097200004,"Fragment"
"CC(Cl)C(=O)NCC(=O)Nc1cn[nH]c1",230.057053272,"Fragment"
"CC(=O)N1CCc2cccc(NC(=O)C(C)Cl)c21",266.0822054,"Fragment"
"CC(C)NS(=O)(=O)C1CCN(C(=O)C(C)Cl)C1",282.080491148,"Fragment"
"CCC1(CNC(=O)C(C)Cl)COC1",205.086956432,"Fragment"
"CC(Cl)C(=O)N1CCC(c2nc(C(F)(F)F)cs2)CC1",326.046746408,"Fragment"
"CC(Cl)C(=O)N1CCOC(C)(C(F)F)C1",241.068112808,"Fragment"
"CC(Cl)C(=O)NCC12CC(C)(CO1)C2",217.086956432,"Fragment"
"CC(Cl)C(=O)NCc1conc1C(F)(F)F",256.022639836,"Fragment"
"CC(Cl)C(=O)N1CCN2C(=O)OCC2(C)C1",246.07712002,"Fragment"
"COc1ccc2c(c1)OCCN2C(=O)C(C)Cl",255.066220988,"Fragment"
"CC(Cl)C(=O)NC1CC(C)(C)OC1(C)C",233.11825656,"Fragment"
"CC(Cl)C(=O)NCc1ccccc1-c1cnn(C)c1",277.098189812,"Fragment"
"CC(Cl)C(=O)NCC1CC(C(N)=O)=NO1",233.056718924,"Fragment"
"CC(Cl)C(=O)NC(C)(C)c1ncon1",217.061804304,"Fragment"
"CC(Cl)C(=O)N1CCC(=O)N2CCCC21",230.0822054,"Fragment"
"CC(Cl)C(=O)N1CC2(C=CCO2)C1",201.055656304,"Fragment"
"CC(Cl)C(=O)N1CC2(CCOCC2)C1c1ccco1",283.097521116,"Fragment"
"CCn1cc(C2CN(C(=O)C(C)Cl)CCO2)cn1",271.108754496,"Fragment"
"CC(Cl)C(=O)NC[C@@H]1CC(=O)N(C)[C@H]1c1nccn1C",298.119653528,"Fragment"
"CCn1cncc1C1CCCCN1C(=O)C(C)Cl",269.12948994,"Fragment"
"CC(Cl)C(=O)N1CC2CCCC(=O)NC2C1",244.097855464,"Fragment"
"O=C(Nc1cc(=O)[nH]n1-c1ccccn1)C(F)Cl",270.031981396,"Fragment"
"CC(NC(=O)C(F)Cl)c1nnnn1C1CC1",247.06361587199999,"Fragment"
"NC(=O)C1CCN(c2ccc(NC(=O)C(F)Cl)cc2)CC1",313.09933268400005,"Fragment"
"CN(Cc1ccccc1)C(=O)C(F)Cl",215.051319872,"Fragment"
"CN(Cc1ccc(Br)cc1)C(=O)C(F)Cl",292.96183193999997,"Fragment"
"CCOc1cccc(C(C)NC(=O)C(F)Cl)c1",259.07753462,"Fragment"
"COc1ccc(NC(=O)C(F)Cl)cc1N1CCCCC1=O",314.08334827199997,"Fragment"
"CC1(C)CC(S(C)(=O)=O)CN1C(=O)C(F)Cl",271.04452024,"Fragment"
"Cc1cccc(N2CCCC(NC(=O)C(F)Cl)C2=O)c1",298.088433652,"Fragment"
"CN1C(=O)Cc2cc(NC(=O)C(F)Cl)ccc21",256.04148346,"Fragment"
"COC(=O)C1(NC(=O)C(F)Cl)CCCC1",237.056799176,"Fragment"
"O=C(NC1CCS(=O)(=O)c2ccccc21)C(F)Cl",291.01322011200006,"Fragment"
"CCC1(c2ccc(NC(=O)C(F)Cl)cc2)CCC(=O)NC1=O",326.08334827199997,"Fragment"
"Cc1c(CSC(C)C)cccc1NC(=O)C(F)Cl",289.070341064,"Fragment"
"NC(=O)c1ccccc1NC(=O)C(F)Cl",230.025833396,"Fragment"
"O=C(NCc1ccco1)Nc1ccc(NC(=O)C(F)Cl)cc1",325.062947176,"Fragment"
"Cc1cccc(CCNC(=O)C(F)Cl)c1",229.066969936,"Fragment"
"O=C(Nc1nccs1)C1CCCN1C(=O)C(F)Cl",291.024453492,"Fragment"
"O=C(Nc1ccc(-c2nc(C3CC3)n[nH]2)cc1)C(F)Cl",294.06836690399996,"Fragment"
"CCn1nccc1CN(C(=O)C(F)Cl)c1ccc(OC)cc1",325.099332684,"Fragment"
"COc1ccc(CN2CCCN(C(=O)C(F)Cl)CC2=O)cc1",328.09899833599997,"Fragment"
"COc1cc2c(cc1F)N(C(=O)C(F)Cl)CCC2",275.05246274399997,"Fragment"
"CCCCOCCN(C(=O)C(F)Cl)c1cccc(Br)c1",365.019346816,"Fragment"
"COc1cccc(COc2cccc(NC(=O)C(F)Cl)c2C)c1",337.088099304,"Fragment"
"O=C(Nc1cccc(OC2CCCC2)c1)C(F)Cl",271.07753462,"Fragment"
"O=C(NCCCOC1CCCCC1)C(F)Cl",251.108834748,"Fragment"
"CCCCc1ccc(NC(=O)C(F)Cl)c(C)n1",258.093519032,"Fragment"
"CC(CNC(=O)C(F)Cl)N(C)c1ccccc1",258.093519032,"Fragment"
"O=C(NCC1COC2(CCCCC2)O1)C(F)Cl",265.088099304,"Fragment"
"O=C(C(F)Cl)N1Cc2ccccc2CC1c1ccccc1",303.08262,"Fragment"
"Cc1ccc(C)c(S(=O)(=O)N2CCN(C(=O)C(F)Cl)CC2)c1",348.071069336,"Fragment"
"COC(=O)CCN(CC(C)C)C(=O)C(F)Cl",253.088099304,"Fragment"
"CC(C)(C)CN(CCC#N)C(=O)C(F)Cl",234.093519032,"Fragment"
"O=C(NCc1nc(-c2ccc(F)cc2)n[nH]1)C(F)Cl",286.043295028,"Fragment"
"COCCN(Cc1ccco1)C(=O)C(F)Cl",249.056799176,"Fragment"
"O=C(C(F)Cl)N1CCc2[nH]c(=O)ccc2C1",244.04148346,"Fragment"
"CC(C)CC1CN(C)CCN1C(=O)C(F)Cl",250.12481916,"Fragment"
"CC(C)(C)NC(=O)c1ccc(NC(=O)C(F)Cl)cc1",286.088433652,"Fragment"
"O=C(C(F)Cl)N1CC(F)(c2ccc(Br)cc2)C1",322.952410128,"Fragment"
"O=C(C(F)Cl)N1CC(c2nnc(CO)s2)C1",265.008803428,"Fragment"
"Cc1csc(N(C(=O)C(F)Cl)C2CC2)n1",248.01863984,"Fragment"
"Cc1c(NC(=O)C(F)Cl)ccc2nccn12",241.041817808,"Fragment"
"O=C(Nc1nc(-c2ccco2)ns1)C(F)Cl",260.9775033,"Fragment"
"COCCNC(=O)C(c1cnccn1)N(C(=O)C(F)Cl)C1CC1C",358.1207964,"Fragment"
"CC(Cl)C(=O)NC(C)(C)c1nccs1",232.043711716,"Fragment"
"Cc1cccc2oc(CCNC(=O)C(C)Cl)nc12",266.0822054,"Fragment"
"CC(Cl)C(=O)N1CCN(C(=O)c2cccc(OC(F)F)c2)CC1",346.089576524,"Fragment"
"CC(Cl)C(=O)N1CCN(S(=O)(=O)N(C)C2CCCCC2)CC1",351.13834037199996,"Fragment"
"CC(Cl)C(=O)NC1CCCN(C2CCCCC2)C1",272.1655411,"Fragment"
"CC(Cl)C(=O)NCCN1CCCCCC1=O",246.113505528,"Fragment"
"CC(Cl)C(=O)Nc1ccc2c(c1)C(=O)N(C)CC2",266.0822054,"Fragment"
"CC(Cl)C(=O)N1CCC(C(=O)c2cccs2)CC1",285.059027432,"Fragment"
"CC(C)COC(=O)N1CCN(C(=O)C(C)Cl)CC1",276.124070212,"Fragment"
"CC(Cl)C(=O)NCc1cn(-c2ccccc2)nn1",264.077788716,"Fragment"
"CC(Cl)C(=O)N(C)Cc1cc(Cl)cn1C",248.048318428,"Fragment"
"CC(Cl)C(=O)N(C)C1CCS(=O)(=O)CC1",253.053942052,"Fragment"
"CCNC(=O)N1CCC(NC(=O)C(C)Cl)C1",247.108754496,"Fragment"
"COC1C2CC3CN(C(=O)C(C)Cl)C1C3C2",243.102606496,"Fragment"
"CC(Cl)C(=O)NCc1ncnn1C(C)C",230.09343877999999,"Fragment"
"CC(Cl)C(=O)N(C)Cc1noc(C2CC2)n1",243.077454368,"Fragment"
"CC(Cl)C(=O)N1C2CCC1CC1(C2)CC1(F)F",263.088848252,"Fragment"
"CC(Cl)C(=O)NCC1(CO)COCC2(CCC2)N1C",290.139720276,"Fragment"
"CC(Cl)C(=O)N1CCN(Cc2ccc(C(F)(F)F)cc2)C(=O)C1",348.085240092,"Fragment"
"CC(Cl)C(=O)NC(C)(C)C(=O)N1CCCC1",246.113505528,"Fragment"
"CC(Cl)C(=O)NC1CCS(=O)(=O)C2(CCC2)C1",279.069592116,"Fragment"
"CC(Cl)C(=O)N1CC2(CC2)Oc2ccccc21",251.071306368,"Fragment"
"Cc1nc(-c2ccc(NC(=O)C(C)Cl)cc2)no1",265.061804304,"Fragment"
"CC(Cl)C(=O)N1CCC2(CCCN(C)C2=O)C1",258.113505528,"Fragment"
"CC(Cl)C(=O)NCCN1CCn2nccc2C1",256.109088844,"Fragment"
"CC(Cl)C(=O)N1C[C@@H]2C[C@H](C1)c1cccc(=O)n1C2",280.097855464,"Fragment"
"CC(=O)N1CCC(N(Cc2cncs2)C(=O)C(C)Cl)CC1",329.09647556,"Fragment"
"CC(C)CC1CC(NC(=O)C(C)Cl)CCO1",247.133906624,"Fragment"
"CC(Cl)C(=O)N1CCN(C2CCN(Cc3ccccc3)C2)CC1",335.176440132,"Fragment"
"Cc1csc(C2(NC(=O)C(C)Cl)CCOCC2)n1",288.06992646400005,"Fragment"
"CC(Cl)C(=O)N(C)C1CCCc2c1cnn2C",255.113839876,"Fragment"
"Cc1noc(C)c1C(C)CNC(=O)C(C)Cl",244.097855464,"Fragment"
"CC(Cl)C(=O)N1CCOCC1c1cccn1C",256.097855464,"Fragment"
"CC(Cl)C(=O)Nc1ccc(C(=O)N(C)C)nc1",255.077454368,"Fragment"
"CC(Cl)C(=O)N1C2CCC1CC(N(C)C(=O)c1ccccc1)C2",334.144805656,"Fragment"
"CC(Cl)C(=O)N1CC[C@@H]2COC(=O)N[C@H]2C1",246.07712002,"Fragment"
"CC(Cl)C(=O)NC1CC2CN(C(C)C)CCN2C1=O",287.14005462399996,"Fragment"
"CC(Cl)C(=O)N1CCC(c2nc(C3CC3)no2)(C(F)(F)F)C1",337.08048906000005,"Fragment"
"CC1CC(NC(=O)C(C)Cl)=NO1",190.050905272,"Fragment"
"CCn1cnc2c(c1=O)CCN(C(=O)C(C)Cl)C2",269.093104432,"Fragment"
"CC(Cl)C(=O)N[C@@H]1CCC(=O)N[C@H]1c1ccnn1C",284.104003464,"Fragment"
"O=C(NCCN1CCn2nccc2C1)C(F)Cl",260.084016968,"Fragment"
"Cc1ccc(CN(C(=O)C(F)Cl)C2CC2)cc1",255.08262,"Fragment"
"O=C1CCc2cc(NC(=O)C(F)Cl)c(F)cc2N1",274.032061648,"Fragment"
"CCNC(=O)CNC(=O)C(F)Cl",196.04148346,"Fragment"
"O=C(Nc1ccc(OCc2ccccc2)cc1)C(F)Cl",293.061884556,"Fragment"
"COc1ccc(C(C)NC(=O)C(F)Cl)cc1OC",275.07244924,"Fragment"
"O=C(NCc1nnc2cccnn12)C(F)Cl",243.032315744,"Fragment"
"O=C(CCNC(=O)C(F)Cl)OC1CCCCC1",265.088099304,"Fragment"
"N#CC(NC(=O)C(F)Cl)c1cccc(Cl)c1Cl",293.952974072,"Fragment"
"O=C(NC1CCCN(c2ccc(F)cc2F)C1=O)C(F)Cl",320.053939964,"Fragment"
"Cc1ccc(S(=O)(=O)NCCNC(=O)C(F)Cl)cc1",308.039769208,"Fragment"
"COCCNC(=O)C1CCC(C)N(C(=O)C(F)Cl)C1",294.11464839999996,"Fragment"
"O=C(C(F)Cl)N(Cc1cc(F)ccc1F)C1CCCC1",305.07942644,"Fragment"
"CCCN1CCN(C(=O)C(F)Cl)c2cc(F)ccc21",288.08409722000005,"Fragment"
"Cn1c(NC(=O)C(F)Cl)nc2cc(Br)c(Cl)cc21",352.91335752400005,"Fragment"
"O=C(NC1CCCN(c2ccccc2Cl)C1=O)C(F)Cl",318.033811236,"Fragment"
"O=C(Nc1ccc(Cl)nc1)C(F)Cl",221.97629636,"Fragment"
"O=C(NC1CCCN(c2ccccc2)C1=O)C(F)Cl",284.072783588,"Fragment"
"COc1ccc2c(c1)N(C(=O)C(F)Cl)CCC2",257.061884556,"Fragment"
"O=C(Nc1cccc(OCC(=O)N2CCCC2)c1)C(F)Cl",314.083348272,"Fragment"
"O=C(Nc1ccc2c(c1)Cc1ccccc1-2)C(F)Cl",275.051319872,"Fragment"
"CC(=O)Nc1ccc(CNC(=O)C(F)Cl)cc1",258.057133524,"Fragment"
"CC(C)(C)OC(=O)N1CCC2(CC2C(=O)NCCSSCCC(=O)O)C1",404.1439639959999,"Fragment"
"O=C(O)CCSSCCNC(=O)C1(Cc2ccc(F)cc2)CCCCC1",399.133813912,"Fragment"
"Cc1nn(-c2ccc(F)cc2)cc1C(=O)NCCSSCCC(=O)O",383.07736165599994,"Fragment"
"O=C(O)CCSSCCNC(=O)C1(c2ccccc2)CC1(Cl)Cl",393.002690764,"Fragment"
"CC(Cc1nc2ccccc2s1)(C(=O)NCCSSCCC(=O)O)c1ccccc1",460.094905628,"Fragment"
"Cc1ccc(C(=O)NC(CC(=O)NCCSSCCC(=O)O)c2ccccc2)cc1",446.13339931199994,"Fragment"
"CC(C)COc1ccccc1C(=O)NCCSSCCC(=O)O",357.10685021599994,"Fragment"
"CC(C)(C)OC(=O)n1ccc2ccc(C(=O)NCCSSCCC(=O)O)cc21",424.1126638679999,"Fragment"
"O=C(O)CCSSCCNC(=O)CCCNC(=O)c1ccsc1",376.0585201199999,"Fragment"
"CCC1(C(=O)NCCSSCCC(=O)O)CCCN(C(=O)OC(C)(C)C)C1",420.17526412399997,"Fragment"
"Cc1ccc(S(=O)(=O)N2CCC(C(=O)NCCSSCCC(=O)O)CC2)cc1C",460.11603499599994,"Fragment"
"CC(C)(C)OC(=O)N[C@H](CC(=O)NCCSSCCC(=O)O)Cc1ccccc1",442.1596140599999,"Fragment"
"O=C(O)CCSSCCNC(=O)c1cccc(OC(F)F)c1",351.0410564,"Fragment"
"COc1ccc(C(=O)NCCSSCCC(=O)O)cc1C(F)F",365.056706464,"Fragment"
"O=C(O)CCSSCCNC(=O)c1cccc(OCCF)c1",347.066128276,"Fragment"
"Cc1ccc(C(N)=O)cc1C(=O)NCCSSCCC(=O)O",342.07079905599994,"Fragment"
"O=C(O)CCSSCCNC(=O)COCc1ccccn1",330.07079905600006,"Fragment"
"O=C(O)CCSSCCNC(=O)c1cc(OC(F)F)cc(OC(F)F)c1",417.03277746000003,"Fragment"
"N#Cc1ccc(N2CCC(C(=O)NCCSSCCC(=O)O)CC2)c(F)c1",411.10866178399993,"Fragment"
"Cc1ccsc1[C@@H]1C[C@H]1C(=O)NCCSSCCN(C)C",344.105076388,"Fragment"
"CN(C)CCSSCCNC(=O)c1csc(C(C)(F)F)n1",355.06583166800004,"Fragment"
"Cc1cc(C(=O)NCCSSCCN(C)C)ccc1C(F)F",348.114161764,"Fragment"
"CN(C)CCSSCCNC(=O)CC1(C(F)(F)F)CCC1",344.12039001600004,"Fragment"
"CN(C)CCSSCCNC(=O)[C@]1(c2ccc(Cl)cc2)C[C@H](O)C1",388.10459771999996,"Fragment"
"O=C(O)CCSSCCC(=O)NCc1cc2c(cn1)OCO2",344.050063612,"Fragment"
"CN(C)CCSSCCNC(=O)C1C(c2ccncc2Cl)C1(C)C",387.120582132,"Fragment"
"CN(C)CCSSCCNC(=O)C1CC2(CCC2)C1",302.148655452,"Fragment"
"CN(C)CCSSCCNC(=O)COc1cccc2c1OC(C)(C)C2",384.15413475599996,"Fragment"
"CN(C)CCSSCCNC(=O)CCNS(=O)(=O)c1cccc(C(F)(F)F)c1",459.09318928799996,"Fragment"
"CN(C)CCSSCCNC(=O)c1cccc(OCc2ccccc2C#N)c1",415.13881904000004,"Fragment"
"CN(C)CCSSCCNC(=O)c1cc2c(Br)cccc2s1",417.984288328,"Fragment"
"CN(C)CCSSCCNC(=O)c1cccc(P(C)(C)=O)c1",360.10950667,"Fragment"
"O=C(O)CCSSCCNC(=O)C1(c2ccc3c(c2)OCCO3)CC1",383.086114772,"Fragment"
"CC(C)(C)OC(=O)N1CC(C#N)C2(CC(C(=O)NCCSSCCC(=O)O)C2)C1",443.154863028,"Fragment"
"COc1cc(C(=O)NCCSSCCC(=O)O)ccc1CNC(=O)OC(C)(C)C",444.13887861599994,"Fragment"
"CC(C)(C)OC(=O)NCc1cc(C(=O)NCCSSCCC(=O)O)sc1Cl",454.04576251599997,"Fragment"
"COc1cncc(C(=O)NCCSSCCC(=O)O)c1C",330.07079905599994,"Fragment"
"C=CCC1(C(=O)NCCSSCCC(=O)O)CC=CC1",315.096285532,"Fragment"
"O=C(O)CCSSCCNC(=O)c1c(F)ccc2[nH]ccc12",342.05081256000005,"Fragment"
"CC1=CC(C)=NS(=O)(=O)N1CC(=O)NCCSSCCC(=O)O",381.04868370799994,"Fragment"
"CCOc1ccccc1-c1nc(C(=O)NCCSSCCC(=O)O)cs1",412.0585201199999,"Fragment"
"N#CCCCn1cc(C(=O)NCCSSCCC(=O)O)c2ccccc21",391.10243353199996,"Fragment"
"O=C(O)CCSSCCNC(=O)c1nn(-c2ccccc2)c2c1CCCC2",405.118083596,"Fragment"
"O=C(O)CCSSCCNC(=O)c1nn(-c2ccc(Cl)cc2Cl)c2c1CCC2",459.024488828,"Fragment"
"CC1Oc2ccccc2N(CCC(=O)NCCSSCCC(=O)O)C1=O",398.0970138039999,"Fragment"
"COc1ccc(C(=O)NC(C(=O)NCCSSCCC(=O)O)C(C)C)cc1",414.1283139319999,"Fragment"
"O=C(O)CCSSCCNC(=O)c1cc([N+](=O)[O-])ccc1N1CCCCC1",413.107912836,"Fragment"
"O=C(O)CCSSCCNC(=O)c1ccc(-c2ccc(F)cc2)cc1F",397.061791844,"Fragment"
"O=C(O)CCSSCCNC(=O)C12CCCCC1OCC2",333.106850216,"Fragment"
"CC(C)(C)OC(=O)NCc1occc1C(=O)NCCSSCCC(=O)O",404.10757848799994,"Fragment"
"Cc1cccc(-c2nc(C(=O)NCCSSCCC(=O)O)cs2)n1",383.04320440400005,"Fragment"
"COc1cc(-n2ccc(C(=O)NCCSSCCC(=O)O)n2)ccc1F",399.07227627599997,"Fragment"
"CCc1onc(C)c1C(=O)NCCSSCCC(=O)O",318.07079905599994,"Fragment"
"O=C(O)CCSSCCNC(=O)C1CCN(C(=O)CCOc2ccccc2)CC1",440.1439639959999,"Fragment"
"O=C(O)CCSSCCNC(=O)c1cnn(-c2ccccc2)c1Cl",385.032161052,"Fragment"
"CS(=O)(=O)N1CCCc2cc(C(=O)NCCSSCCC(=O)O)ccc21",418.06908480399994,"Fragment"
"Cc1ccc(S(=O)(=O)N2CCC(C(=O)NCCSSCCC(=O)O)CC2)cc1",446.10038493199994,"Fragment"
"COc1ccc(C(=O)NCC(=O)NCCSSCCC(=O)O)cc1OC",402.0919284239999,"Fragment"
"CCc1ccc(C(=O)NCCSSCCN(C)C)c(C)n1",327.14390442000007,"Fragment"
"CN(C)CCSSCCNC(=O)c1cncc(-n2cnnn2)c1",353.1092502280001,"Fragment"
"C[C@H](NC(=O)c1ccc(Cl)cc1)C(=O)NCCSSCCN(C)C",389.099846688,"Fragment"
"C#CCn1c(C(=O)NCCSSCCN(C)C)cc2ccccc21",361.128254356,"Fragment"
"CN(C)CCSSCCNC(=O)CC(c1ccccc1)N1CCOC1=O",397.149383724,"Fragment"
"CN(C)CCSSCCNC(=O)C1(n2cccn2)CCCC1",342.154803452,"Fragment"
"CCc1c(C(=O)NCCSSCCN(C)C)cnc2c(-c3ccccc3)c(C)nn12",443.18135254800006,"Fragment"
"CN(C)CCSSCCNC(=O)C12CC3CC(C(=O)N1)C2C3",343.13881904000004,"Fragment"
"Cc1oc(Br)cc1C(=O)NCCSSCCN(C)C",366.00713194800005,"Fragment"
"CN(C)CCSSCCNC(=O)[C@@H](O)Cc1ccccc1",328.127920008,"Fragment"
"CN(C)CCSSCCNC(=O)c1ccc(-c2nc(C3CC3)no2)cc1",392.134068008,"Fragment"
"CN(C)CCSSCCNC(=O)COc1ccc(C(C)(C)C)cc1C(C)(C)C",426.237470456,"Fragment"
"CN(C)CCSSCCNC(=O)C1(c2ccccc2Cl)CCOCC1",402.120247784,"Fragment"
"Cc1nc2[nH]c(C(=O)NCCSSCCC(=O)O)cc2s1",345.02755434,"Fragment"
"CC(C)Cn1cc(C(=O)NCCSSCCC(=O)O)c(C(F)F)n1",381.099239972,"Fragment"
"COC1(C(=O)NCCSSCCC(=O)O)CCC(C(F)F)CC1",371.10365665600006,"Fragment"
"COCC1(C(=O)NCCSSCCC(=O)O)CCN(C(=O)OC(C)(C)C)CC1",436.170178744,"Fragment"
"O=C(O)CCSSCCNC(=O)c1ccn(-c2cccc(C(F)(F)F)c2)n1",419.058518032,"Fragment"
"CN(Cc1ccccc1)Cc1cccc(C(=O)NCCSSCCC(=O)O)c1",418.13848469199996,"Fragment"
"COCCOc1ccc(C(=O)NCCSSCCC(=O)O)c(Cl)c1",393.04714241999994,"Fragment"
"O=C(O)CCSSCCNC(=O)c1cnc2ccncc2c1",337.05548334,"Fragment"
"CC1(C)Cc2cc(C(=O)NCCSSCCC(=O)O)ccc2O1",355.09120015199994,"Fragment"
"Cc1cc(C(=O)NCCSSCCC(=O)O)nn1-c1cccc(C(F)(F)F)c1",433.07416809600005,"Fragment"
"COc1ccc(C(=O)NCCSSCCC(=O)O)cc1OCc1ccccn1",422.09701380399997,"Fragment"
"CC(Cc1cccc(C(F)(F)F)c1)C(=O)NCCSSCCC(=O)O",395.08367016,"Fragment"
"COc1ccc(-c2cc(C(=O)NCCSSCCC(=O)O)nn2-c2ccccc2)cc1",457.112998216,"Fragment"
"O=C(O)CCSSCCNC(=O)c1cccc(-n2cc(Br)cn2)c1",428.981645472,"Fragment"
"O=C(O)CCSSCCNC(=O)c1cccc(Oc2ccncc2)c1",378.070799056,"Fragment"
"CC(C)(C)NS(=O)(=O)c1ccc(Cl)c(C(=O)NCCSSCCC(=O)O)c1",454.045762516,"Fragment"
"CC(C)C(NS(=O)(=O)c1ccccc1F)C(=O)NCCSSCCC(=O)O",438.07531305599997,"Fragment"
"O=C(O)CCSSCCNC(=O)CC(NC(=O)c1ccccc1)c1ccccc1",432.117749248,"Fragment"
"CC(C)(C)OC(=O)N1CCc2[nH]nc(C(=O)NCCSSCCC(=O)O)c2C1",430.13446193199997,"Fragment"
"Cc1nc2ccccn2c1C(=O)NCCSSCCC(=O)O",339.07113340399997,"Fragment"
"O=C(O)CCSSCCNC(=O)C1(c2cccc(Cl)c2)CC1",359.041663116,"Fragment"
"O=C(O)CCSSCCNC(=O)CCc1ccccc1",313.080635468,"Fragment"
"O=C(O)CCSSCCNC(=O)c1ccc(F)c(Cl)c1",337.000941176,"Fragment"
"CC(C)(C)OC(=O)NC(Cc1ccccc1)C(=O)NCCSSCCC(=O)O",428.143963996,"Fragment"
"O=C(O)CCSSCCNC(=O)CC1CC(F)C1",295.071213656,"Fragment"
"Cc1cn2cc(C(=O)NCCSSCCC(=O)O)sc2n1",345.02755434000005,"Fragment"
"CN1CCOc2ccc(C(=O)NCCSSCCC(=O)O)cc21",356.08644911999994,"Fragment"
"O=C(O)CCSSCCNC(=O)CC(C(F)F)n1cccn1",353.0679398440001,"Fragment"
"Cc1nc(C2CC2)nc(C)c1C(=O)NCCSSCCC(=O)O",355.10243353199996,"Fragment"
"CC1(C(=O)NCCSSCCC(=O)O)CCOC1",293.075550088,"Fragment"
"O=C(O)CCSSCCNC(=O)c1ccc(CCC(F)(F)F)cc1",381.068020096,"Fragment"
"Cc1nc2c(c(C)nn2C)c(C)c1CCC(=O)NCCSSCCC(=O)O",410.1446326919999,"Fragment"
"O=C(O)CCSSCCNC(=O)c1ccc(=O)n2c1CCCCC2",370.102099184,"Fragment"
"N#Cc1ccccc1CCC(=O)NCCSSCCC(=O)O",338.07588443599997,"Fragment"
"O=C(O)CCSSCCNC(=O)c1ccc(O)c([N+](=O)[O-])c1",346.02932816799995,"Fragment"
"O=C(O)CCSSCCNC(=O)c1ccc(OC(F)F)cc1",351.0410564,"Fragment"
"CN(C)CCSSCCNC(=O)[C@@H]1C[C@H]1c1ccc(F)cc1",342.12358357600004,"Fragment"
"CC1CC(C)(C(=O)NCCSSCCN(C)C)CCO1",320.159220136,"Fragment"
"CN(C)CCSSCCNC(=O)c1nc2cc(O)ccc2[nH]1",340.10276788,"Fragment"
"CN(C)CCSSCCNC(=O)CC(CCc1ccccc1)C(F)(F)F",408.15169014400004,"Fragment"
"C#Cc1cc(Cl)cc(C(=O)NCCSSCCN(C)C)c1",342.06273290800004,"Fragment"
"CCC(NS(=O)(=O)c1cccc(Br)c1)C(=O)NCCSSCCN(C)C",483.03196679200005,"Fragment"
"COC(=O)CC(NC(=O)C(F)Cl)c1ccc(C)cc1",287.07244924,"Fragment"
"O=C(NCC(CO)CC1CC1)C(F)Cl",223.07753462,"Fragment"
"COc1cccc2nc(NC(=O)C(F)Cl)[nH]c12",257.036732428,"Fragment"
"CO[C@@H]1C[C@H](CNC(=O)C(F)Cl)N(c2cc(C)ncn2)C1",316.11023171600004,"Fragment"
"COC(=O)CCN(CC#N)C(=O)C(F)Cl",236.03639808,"Fragment"
"CN(C)C(=O)CC1CN(C(=O)C(F)Cl)c2ccc(Cl)cc21",332.0494613,"Fragment"
"O=C(C(F)Cl)N1CCCN(C(=O)C2CC2)CC1",262.088433652,"Fragment"
"CC(C)(C)OCc1cc(CNC(=O)C(F)Cl)no1",278.08334827199997,"Fragment"
"Cc1cc(O)nc2ccc(NC(=O)C(F)Cl)cc12",268.04148346,"Fragment"
"O=C(C(F)Cl)N1CCc2c([nH]c3ccccc23)C1",266.062218904,"Fragment"
"CN(C(=O)C(F)Cl)c1nn(C)cc1Cl",239.002845456,"Fragment"
"O=C(Nc1ccn(Cc2ccccc2)n1)C(F)Cl",267.057467872,"Fragment"
"Cc1ccccc1N1CCCC(NC(=O)C(F)Cl)C1=O",298.088433652,"Fragment"
"O=C(Nc1ccc2c(c1)OC1(CCCCC1)O2)C(F)Cl",299.07244924,"Fragment"
"COC(=O)CC(NC(=O)C(F)Cl)c1ccc(Cl)cc1",307.017826824,"Fragment"
"Cc1ccc(-c2noc(CN3CCN(C(=O)C(F)Cl)CC3)n2)cc1",352.11023171600004,"Fragment"
"O=C(Nc1nc2c([nH]1)CCCC2)C(F)Cl",231.057467872,"Fragment"
"O=C(Nc1cc(CC2CCCC2)no1)C(F)Cl",260.072783588,"Fragment"
"O=S(=O)(C=Cc1ccccc1)N1CCCC1c1ccccc1",313.113649848,"Fragment"
"C=CS(=O)(=O)Nc1ccccc1COC",227.061614276,"Fragment"
"C=CS(=O)(=O)N1CCOCC1(C)C1CC1",231.092914404,"Fragment"
"C=CS(=O)(=O)N1CCCCC12CCOC2",231.092914404,"Fragment"
"C=CS(=O)(=O)NC1CCC(OC(C)C)CC1",247.124214532,"Fragment"
"C=CS(=O)(=O)NC1CCOC(C(C)(C)C)C1",247.124214532,"Fragment"
"C=CS(=O)(=O)NCc1cc(C)n(C)n1",215.072847656,"Fragment"
"C=CS(=O)(=O)N1CCC(F)(F)C(F)C1",229.03843422,"Fragment"
"C=CS(=O)(=O)NCC1(c2ccon2)CC1",228.056863244,"Fragment"
"C=CS(=O)(=O)N1CCC(c2cccc(C(C)(C)C)c2)C1",293.144949976,"Fragment"
"C=CS(=O)(=O)Nc1ccc(Cl)c(CO)c1",247.00699186,"Fragment"
"C=CS(=O)(=O)Nc1cccc2oc(=O)n(C)c12",254.0361278,"Fragment"
"C=CS(=O)(=O)NCc1ccn(CC)n1",215.072847656,"Fragment"
"C=CS(=O)(=O)NC(c1nccn1C)C(F)(F)F",269.04458222,"Fragment"
"C=CS(=O)(=O)Nc1cc2cn[nH]c2cc1C",237.057197592,"Fragment"
"C=CS(=O)(=O)N1CC(F)(F)CC1CC(=O)OC",269.05333533600003,"Fragment"
"C=CS(=O)(=O)N1C[C@@H](OC)C[C@H]1COC",235.087829024,"Fragment"
"C=CS(=O)(=O)NC12CCC(C(F)F)(CC1)C2",251.07915616,"Fragment"
"C=CS(=O)(=O)NC1CCCC12CCOCC2",245.108564468,"Fragment"
"C=CS(=O)(=O)NC1CN(c2ccccc2)C1",238.077598688,"Fragment"
"C=CS(=O)(=O)NCC1(n2cccn2)CCOCC1",271.099062404,"Fragment"
"C=CS(=O)(=O)N1CCC2(CC1)CC2N(Cc1ccsc1)C(C)=O",354.10718456399997,"Fragment"
"C=CS(=O)(=O)NC(C)c1cc2n(n1)CCCC2",255.104147784,"Fragment"
"C=CS(=O)(=O)N(C)C(C)Cc1cc2ccccc2o1",279.092914404,"Fragment"
"C=CS(=O)(=O)N[C@@H]1C[C@H]1c1c(Cl)cccc1OC",287.03829198799997,"Fragment"
"C=CS(=O)(=O)NC1(Cc2ccc(F)cc2C)CC1",269.088577972,"Fragment"
"C=CS(=O)(=O)N(Cc1nnc(-c2ccccc2Cl)o1)C(C)C",341.06009005199996,"Fragment"
"C=CS(=O)(=O)NC(C)(C)c1cn(C(C)C)nn1",258.115046816,"Fragment"
"C=CS(=O)(=O)N1CCc2sc(-c3csc(C)n3)cc2C1",326.021740688,"Fragment"
"C=CS(=O)(=O)NC(C)(c1noc(C)n1)C1CC1",257.08341234,"Fragment"
"C=CS(=O)(=O)N1CCn2nc3c(c2C1)CCCC3",267.104147784,"Fragment"
"C=CS(=O)(=O)N1CCC(O)(c2nc(C(C)C)no2)C1",287.093977024,"Fragment"
"C=CS(=O)(=O)NC1CCCCc2cnn(C)c21",255.104147784,"Fragment"
"C=CS(=O)(=O)N1CCC(C)C1c1ccc(C(F)(F)F)cc1",319.085384412,"Fragment"
"C=CS(=O)(=O)N1CCN(S(=O)(=O)c2ccc(C)cc2)CC(O)C1",360.08136374,"Fragment"
"C=CS(=O)(=O)N1CCCCC1C(C#N)c1ccccc1",290.108898816,"Fragment"
"C=CS(=O)(=O)NCC1CCN(S(=O)(=O)c2cccs2)C1",336.027219992,"Fragment"
"C=CS(=O)(=O)NC1c2cc(OC)ccc2CCC1OC",297.10347908800003,"Fragment"
"C=CS(=O)(=O)N1CCCN(C(=O)c2cc(Cl)c[nH]2)CC1",317.060090052,"Fragment"
"C=CS(=O)(=O)NCC(c1ccc(Cl)cc1)n1cccn1",311.049525368,"Fragment"
"C=CS(=O)(=O)NC1CCN(C(=O)c2ccco2)c2ccccc21",332.08307799199997,"Fragment"
"C=CS(=O)(=O)N1CCC=Cc2ccccc21",235.066699656,"Fragment"
"C=CS(=O)(=O)NC1CN(C(=O)C2(C)Cc3ccccc3C2)CCC1C(F)(F)F",416.138148256,"Fragment"
"C=CS(=O)(=O)N1Cc2ccccc2C(c2ccc(C)cc2)C1",313.113649848,"Fragment"
"C=CS(=O)(=O)NC1COc2c(cccc2OCc2ccccc2)C1",345.10347908800003,"Fragment"
"C=CS(=O)(=O)N(C)Cc1cn(-c2cccc(Br)c2)nn1",355.9942587560001,"Fragment"
"C=CS(=O)(=O)Nc1ccc(OC2CCC(=O)NC2=O)cc1",310.062342548,"Fragment"
"C=CS(=O)(=O)N1CCCc2cc(-c3ccccc3)ccc21",299.097999784,"Fragment"
"C=CS(=O)(=O)N(Cc1ccc2c(c1)CCO2)c1cn(C)nc1C(C)C",361.14601259600005,"Fragment"
"C=CS(=O)(=O)N(Cc1cc2n(n1)CCCO2)c1ccc2c(c1)OCC2(C)C",389.140927216,"Fragment"
"O=C(NC1CC1)C1CCCN1S(=O)(=O)C=Cc1ccccc1",320.1194635,"Fragment"
"C=CS(=O)(=O)NCc1cc2c(s1)CCC2",243.038770656,"Fragment"
"C=CS(=O)(=O)Nc1cccc(C(F)F)c1",233.032205968,"Fragment"
"C=CS(=O)(=O)NCCC1CCCN(C)C1",232.12454888,"Fragment"
"C=CS(=O)(=O)NCc1ccc(Br)c(C)n1",289.972460692,"Fragment"
"C=CS(=O)(=O)NC1CCC12CCOCC2",231.092914404,"Fragment"
"C=CS(=O)(=O)NCCc1cc(CC)no1",230.072513308,"Fragment"
"C=CS(=O)(=O)N1CC(F)(c2ccccn2)C1",242.052526812,"Fragment"
"C=CS(=O)(=O)Nc1cccc2c1cnn2C",237.057197592,"Fragment"
"C=CS(=O)(=O)N1Cc2ccc(C#N)cc2C1",234.04629856,"Fragment"
"C=CS(=O)(=O)N[C@H]1C[C@@H](C(C)(C)C)NC1=O",246.103813436,"Fragment"
"C=CS(=O)(=O)Nc1ccccc1OCCF",245.052192464,"Fragment"
"C=CS(=O)(=O)NCC(CC)n1cccn1",229.08849772,"Fragment"
"C=CS(=O)(=O)N[C@H]1CC[C@@H](C(=O)OC)C1",233.07217896,"Fragment"
"C=CS(=O)(=O)NCCc1nc2c(C)cccc2o1",266.072513308,"Fragment"
"C=CS(=O)(=O)NC1(c2ccc3c(c2)OC(F)(F)O3)CC1",303.03768527200003,"Fragment"
"C=CS(=O)(=O)N(C1CC1)C1CCCOc2c(Cl)cccc21",327.069592116,"Fragment"
"C=CS(=O)(=O)Nc1c(C)nn(CCOC)c1C",259.099062404,"Fragment"
"C=CS(=O)(=O)NCc1cc(F)cc2c1OCOC2",273.047107084,"Fragment"
"C=CS(=O)(=O)NCC(C)(C)c1coc(-c2ccccc2)n1",306.103813436,"Fragment"
"C=CS(=O)(=O)NCc1nn(C)c2c1CC(C)(C)CC2",283.135447912,"Fragment"
"C=CS(=O)(=O)NC(C(=O)N1CCCC(C)C1)c1cnn(C)c1",326.14126156400005,"Fragment"
"C=CS(=O)(=O)NC1(c2nc3ccccc3s2)COC1",296.02893424399997,"Fragment"
"C=CS(=O)(=O)N1Cc2ccccc2CC1C(=O)N1CCCC1",320.1194635,"Fragment"
"C=CS(=O)(=O)NC1(c2nccc(C(F)F)n2)CCC1",289.069654096,"Fragment"
"C=CS(=O)(=O)N(C)C1CCN(c2cc(OC)cc(OC)c2)C1=O",340.10929273999994,"Fragment"
"C=CS(=O)(=O)N(C)CC1OCCc2sccc21",273.04933534,"Fragment"
"C=CS(=O)(=O)NC(C)C(C)n1cc(C)cn1",243.104147784,"Fragment"
"C=CS(=O)(=O)N1CCC[C@@H](C(=O)OC)[C@H]1c1nncn1C",314.104876056,"Fragment"
"C=CS(=O)(=O)N1CC(=O)Nc2ccccc2C1c1ccccc1",328.088163372,"Fragment"
"C=CS(=O)(=O)Nc1ccc2c(c1)oc(=O)n2Cc1cccc(C)c1",344.08307799199997,"Fragment"
"C=CS(=O)(=O)N(C)c1cccc(C2CCCCC2)c1",279.129299912,"Fragment"
"C=CS(=O)(=O)NC1c2cccc(Br)c2CC1(C)C",329.00851185199997,"Fragment"
"C=CS(=O)(=O)Nc1cccc(-c2nc(COC)no2)c1C",309.07832696,"Fragment"
"C=CS(=O)(=O)NC(C)c1nc(-c2ccc(F)c(Cl)c2)cs1",346.001275524,"Fragment"
"C=CS(=O)(=O)NCc1nc(-c2cccs2)n[nH]1",270.02451756,"Fragment"
"C=CS(=O)(=O)N(Cc1cnnn1C)C1CCc2ccc(OC)cc2C1",362.14126156399993,"Fragment"
"C=CS(=O)(=O)NC(=O)Cn1cc(Br)cn1",292.946974216,"Fragment"
"O=S(=O)(C=Cc1ccccc1)N1CCCc2ccccc21",299.097999784,"Fragment"
"NCCNS(=O)(=O)C=Cc1ccccc1Cl",260.038626336,"Fragment"
"C=CS(=O)(=O)N(CC)Cc1cnn(CC)c1",243.104147784,"Fragment"
"C=CS(=O)(=O)N1CCCC1C1CCCCC1",243.129299912,"Fragment"
"C=CS(=O)(=O)N1CCC(OC)C(C)C1",219.092914404,"Fragment"
"C=CS(=O)(=O)NC(C)C(=O)N1CCCC1",232.088163372,"Fragment"
"C=CS(=O)(=O)Nc1cccc(C2(C)CC2)c1",237.08234972,"Fragment"
"C=CS(=O)(=O)NC(C)C12CC(CO1)C2",217.07726434,"Fragment"
"C=CS(=O)(=O)N1CCC[C@H]1C(=O)Nc1cccc(C)n1",295.09906240400005,"Fragment"
"C=CS(=O)(=O)N1CCOCC(C(C)C)C1",233.108564468,"Fragment"
"C=CS(=O)(=O)N1CC(C)CCC1c1ccccc1OC",295.124214532,"Fragment"
"C=CS(=O)(=O)N[C@H](C)c1ccc(F)c(Br)c1",306.967789912,"Fragment"
"C=CS(=O)(=O)Nc1ccc(C2CC2)cc1C",237.08234972,"Fragment"
"C=CS(=O)(=O)NCc1cc(C(F)F)nn1C",251.054004032,"Fragment"
"C=CS(=O)(=O)NC1CCCc2ncccc21",238.077598688,"Fragment"
"C=CS(=O)(=O)N1CC(C)(C)CC1C(=O)OC",247.087829024,"Fragment"
"C=CS(=O)(=O)NC1c2ccccc2C2CCC1C2",263.097999784,"Fragment"
"C=CS(=O)(=O)N1CCC(c2nc(-c3cccc(F)c3)no2)(C(F)(F)F)C1",391.06137515600005,"Fragment"
"C=CS(=O)(=O)NC1(C)CCc2ccc(C)cc21",251.097999784,"Fragment"
"C=CS(=O)(=O)NC[C@@H]1CCO[C@H]1c1ccnn1C",271.099062404,"Fragment"
"C=CS(=O)(=O)NCc1nc(C)c2c(n1)CCCC2",267.104147784,"Fragment"
"C=CS(=O)(=O)N1CCC=C(c2cn(C(C)C)nn2)CC1",296.13069687999996,"Fragment"
"C=CS(=O)(=O)N1CSCC1C(=O)Nc1ccc(C)c(C)c1",326.07588443599997,"Fragment"
"C=CS(=O)(=O)N[C@H]1C[C@H](C)S(=O)(=O)c2sccc21",307.00067089600003,"Fragment"
"C=CS(=O)(=O)N1CC(C)(c2cc(Cl)cc(Cl)c2)C1",305.004405016,"Fragment"
"C=CS(=O)(=O)Nc1cn(C2CCSC2)c(=O)cc1C",300.06023437199997,"Fragment"
"C=CS(=O)(=O)NC1(c2cnn(Cc3ccccc3)c2)CC1",303.104147784,"Fragment"
"C=CS(=O)(=O)NC(c1cccs1)C1(CO)CCC1",287.064985404,"Fragment"
"C=CS(=O)(=O)N1CC(OC)(c2ncnn2C)C1",258.078661308,"Fragment"
"C=CS(=O)(=O)NCc1cc2c(cc1OCC)CC(C)O2",297.103479088,"Fragment"
"C=CS(=O)(=O)NCC1(C)NC(=O)c2ccccc21",266.072513308,"Fragment"
"C=CS(=O)(=O)N1CCN2C(=O)N(c3ccccc3)C(=O)C2C1",321.07832696,"Fragment"
"C=CS(=O)(=O)N1C2CCC1C(c1nc(C)no1)C2",269.08341234,"Fragment"
"C=CS(=O)(=O)NCc1ccnn1C1CC1(F)F",263.054004032,"Fragment"
"C=CS(=O)(=O)N1CCC(c2ccccc2)C1c1cccc(OC)c1",343.124214532,"Fragment"
"C=CS(=O)(=O)Nc1ccsc1-c1ccc(Cl)cc1",298.98414824,"Fragment"
"C=CS(=O)(=O)NC(c1ccc2c(c1)CCO2)c1cc(Cl)ccc1Cl",383.0149697,"Fragment"
"C=CS(=O)(=O)Nc1ccc(Br)c2c1CCO2",302.95647627999995,"Fragment"
"C=CS(=O)(=O)NC(c1ccccc1)C1CCCc2ccccc21",327.129299912,"Fragment"
"C=CS(=O)(=O)N[C@]1(c2ccc(C(C)(C)C)cc2)C[C@H]1C",293.144949976,"Fragment"
"C=CS(=O)(=O)N1CC(c2ccc(Br)cc2)Oc2ccccc21",378.98777640799995,"Fragment"
"C=CS(=O)(=O)NCCn1ccc2c(Br)cccc21",327.988110756,"Fragment"
"C=CS(=O)(=O)N1CCN(S(=O)(=O)Cc2ccon2)CC1",321.04531258000003,"Fragment"
"C=CS(=O)(=O)Nc1ccc(C2CC(=O)NC(=O)C2)cc1",294.067427928,"Fragment"
"C=CS(=O)(=O)N(CC1(c2ccc(Cl)c(Cl)c2)CCC1)C1CC1",359.051355208,"Fragment"
"C=CS(=O)(=O)N(Cc1cc(C)on1)CC1CC(C)(C)OC1(C)C",342.16132831199997,"Fragment"
"C=CS(=O)(=O)N(Cc1ccc(Cl)s1)c1cnn(CC)c1",331.021596368,"Fragment"
"C=CS(=O)(=O)N(Cc1csc(C)c1C)c1cnn(CC)c1",325.09186884800005,"Fragment"
"CCOC(=O)C1CCCN(S(=O)(=O)C=Cc2ccccc2)C1",323.119129152,"Fragment"
"C=CS(=O)(=O)N1CCC(OC2CCC2)CC1",245.108564468,"Fragment"
"C=CS(=O)(=O)N(C)[C@H]1C[C@@H](OC)C1",205.07726434,"Fragment"
"C=CS(=O)(=O)N1CCCC(O)(COC)C1",235.087829024,"Fragment"
"C=CS(=O)(=O)Nc1ccc2c(c1)COCC2",239.061614276,"Fragment"
"C=CS(=O)(=O)Nc1ccc(Cl)cc1OC",247.00699186,"Fragment"
"C=CS(=O)(=O)N1CCC(Cn2cccn2)C1",241.08849772,"Fragment"
"C=CS(=O)(=O)NCC(c1ccon1)C1CC1",242.072513308,"Fragment"
"C=CS(=O)(=O)N1CCn2cccc2C1C(F)(F)F",280.04933325200005,"Fragment"
"C=CS(=O)(=O)N(C)C1CCCC1c1ccc(C)cc1",279.129299912,"Fragment"
"C=CS(=O)(=O)NCc1cncc(OCC)n1",243.067762276,"Fragment"
"C=CS(=O)(=O)Nc1ccc2sc(C)nc2c1",254.01836956,"Fragment"
"C=CS(=O)(=O)Nc1c(C)noc1CC",216.056863244,"Fragment"
"C=CS(=O)(=O)NC1(C(=O)OC)CCOC1",235.051443516,"Fragment"
"C=CS(=O)(=O)NCC(F)c1ccccc1",229.057277844,"Fragment"
"C=CS(=O)(=O)NCc1ccc(CO)c(F)c1",245.052192464,"Fragment"
"C=CS(=O)(=O)N1CCCC2(CC1)CC2(F)F",251.07915616,"Fragment"
"C=CS(=O)(=O)N1[C@@H]2CC[C@@H](C2)[C@H]1C(=O)NC",244.088163372,"Fragment"
"C=CS(=O)(=O)Nc1cnn(C)c1-c1ccccc1",263.072847656,"Fragment"
"C=CS(=O)(=O)N1C[C@H]2[C@@](C(=O)OC)(C1)c1ccccc1S2(=O)=O",357.0340792,"Fragment"
"C=CS(=O)(=O)N1CCN(C(=O)Cc2cccc(Cl)c2)C(C)C1",342.080491148,"Fragment"
"C=CS(=O)(=O)N[C@H]1COC[C@H]1Oc1cnn(-c2ccccc2)c1",335.093977024,"Fragment"
"C=CS(=O)(=O)NC1CCc2nc(-c3ccccc3)ncc2C1",315.104147784,"Fragment"
"C=CS(=O)(=O)N1c2ccccc2CC1CNC(=O)C(F)(F)F",334.059897936,"Fragment"
"C=CS(=O)(=O)N[C@@H]1CC(=O)N(C)[C@H]1c1c(C)nn(C)c1C",312.1256115,"Fragment"
"C=CS(=O)(=O)N1CCN(Cc2ccc(F)cc2F)C(=O)C1",316.069319748,"Fragment"
"C=CS(=O)(=O)N1CCC(=Cc2ccccc2F)CC1",281.088577972,"Fragment"
"C=CS(=O)(=O)N1CCc2nc(COC)ncc2C1",269.08341234,"Fragment"
"C=CS(=O)(=O)Nc1cccc2c1CN(C1CC1)C2=O",278.072513308,"Fragment"
"C=CS(=O)(=O)N1CC(c2cc(C)ccc2C)OCC1C",295.124214532,"Fragment"
"C=CS(=O)(=O)N1CCC(COc2ccccc2C(F)(F)F)CC1",349.09594909599997,"Fragment"
"C=CS(=O)(=O)N(C)Cc1cnc(-n2cccn2)s1",284.040167624,"Fragment"
"C=CS(=O)(=O)N1CCCC1(C)Cc1ccc(C(C)(C)C)cc1",321.176250104,"Fragment"
"C=CS(=O)(=O)Nc1cccc(N2C(=O)CCCC2=O)c1",294.067427928,"Fragment"
"C=CS(=O)(=O)N(CC)c1ccc2[nH]ccc2c1",250.077598688,"Fragment"
"C=CS(=O)(=O)Nc1c(-c2cccc(F)c2)n[nH]c1C1CC1",307.079075908,"Fragment"
"C=CS(=O)(=O)NCc1nc2ncc(Br)cn2n1",316.9582075960001,"Fragment"
"C=CS(=O)(=O)N1CCCC(Cc2cc(Cl)ccc2OC)C1",329.08524217999997,"Fragment"
"C=CS(=O)(=O)N(C)Cc1coc(-c2ccc(C#N)cc2)n1",303.06776227600005,"Fragment"
"C=CS(=O)(=O)NCc1noc(-c2ccc(Cl)cc2)c1C",312.033540956,"Fragment"
"C=CS(=O)(=O)N(Cc1cnn(C)c1C)c1ccc(F)c(C(F)F)c1",359.091532412,"Fragment"
"C=CS(=O)(=O)N(Cc1ccc(Cl)cc1)c1cn(C)nc1C(C)C",353.09647556000004,"Fragment"
"C=CS(=O)(=O)N(Cc1cc(C)ccc1C)C1CCc2cn(C(C)C)nc2C1",387.19804816800007,"Fragment"
"C=CS(=O)(=O)N(C)C(=O)c1ccc(-c2ncn(C)n2)cc1",306.078661308,"Fragment"
"C=CS(=O)(=O)N(Cc1csc(C)c1)[C@@H]1CCCOC1",301.080635468,"Fragment"
"C=CS(=O)(=O)N1CCC(Cc2ccccc2)CC1",265.113649848,"Fragment"
"CN(C)C(=O)C1CCN(S(=O)(=O)C=Cc2ccccc2)CC1",322.135113564,"Fragment"
"O=S(=O)(C=Cc1ccc(Cl)cc1)NCc1cccs1",312.999798304,"Fragment"
"CC(C)C(=O)NNS(=O)(=O)C=Cc1ccccc1",268.088163372,"Fragment"
"Cc1ccc(C=CS(=O)(=O)NNC(=O)c2cccn2C)cc1",319.09906240400005,"Fragment"
"CN(C)c1ccc(NS(=O)(=O)C=Cc2ccccc2)cn1",303.1041477840001,"Fragment"
"C=CS(=O)(=O)Nc1ccc(C)c(Br)c1",274.96156166,"Fragment"
"C=CS(=O)(=O)Nc1ccc(F)cc1C",215.04162778,"Fragment"
"C=CS(=O)(=O)Nc1cc(Cl)ccc1C",231.01207724,"Fragment"
"C=CS(=O)(=O)N(C)Cc1cncn1C1CC1",241.08849772,"Fragment"
"C=CS(=O)(=O)N1CCNC(=O)C1C",204.056863244,"Fragment"
"C=CS(=O)(=O)Nc1ccc(C)cc1OCC",241.07726434,"Fragment"
"C=CS(=O)(=O)NC1CC(C)(C)Cc2oc(C)cc21",269.108564468,"Fragment"
"C=CS(=O)(=O)N[C@@H]1COC[C@H]1F",195.0365424,"Fragment"
"C=CS(=O)(=O)N1c2ccccc2C(C)C1C",237.08234972,"Fragment"
"C=CS(=O)(=O)N1CCOC2(CCOC2C)C1",247.087829024,"Fragment"
"C=CS(=O)(=O)N1CCC(N2CCCC2)C1C",244.12454888,"Fragment"
"C=CS(=O)(=O)Nc1ccc2c(c1)CCOC2(C)C",267.092914404,"Fragment"
"C=CS(=O)(=O)Nc1ccc(Cl)cc1O",232.991341796,"Fragment"
"C=CS(=O)(=O)N1CCn2c(C3CCCC3)nnc2C1C",296.13069687999996,"Fragment"
"C=CS(=O)(=O)N1CCc2cccc(OC)c21",239.061614276,"Fragment"
"C=CS(=O)(=O)Nc1cc2c(cc1C)OCO2",241.040878832,"Fragment"
"C=CS(=O)(=O)Nc1c(OC)noc1C",218.0361278,"Fragment"
"C=CS(=O)(=O)Nc1cccn(C2CCC2)c1=O",254.072513308,"Fragment"
"C=CS(=O)(=O)Nc1ccc(F)cc1COC",245.052192464,"Fragment"
"C=CS(=O)(=O)NC(C)c1ccc(C)cn1",226.077598688,"Fragment"
"C=CS(=O)(=O)NCc1nccc(OC)n1",229.052112212,"Fragment"
"C=CS(=O)(=O)N1CCC(CF)(C(=O)OC)C1",251.062757148,"Fragment"
"C=CS(=O)(=O)N1CCC(C)(C)Oc2c(C)cccc21",281.108564468,"Fragment"
"C=CS(=O)(=O)NCCc1nccc(C2CC2)n1",253.08849772,"Fragment"
"C=CS(=O)(=O)NCC1(C)OCCc2sccc21",273.04933534,"Fragment"
"C=CS(=O)(=O)NCc1cccc2c1S(=O)(=O)CCC2",301.04424996000006,"Fragment"
"C=CS(=O)(=O)N[C@@H]1CCCN(C(=O)c2cc(C)no2)C1",299.093977024,"Fragment"
"C=CS(=O)(=O)Nc1ccc2c(c1)CCC(=O)N2CC1(CC#N)CC1",345.11471246800005,"Fragment"
"C=CS(=O)(=O)NC1CCN(Cc2ccc(C#N)cc2)C1=O",305.08341234,"Fragment"
"C=CS(=O)(=O)N1CCCN(S(=O)(=O)c2ccc3c(c2)OCCO3)CC1",388.07627835999995,"Fragment"
"C=CS(=O)(=O)N(C)Cc1sc(CCC)nc1C",274.080969816,"Fragment"
"C=CS(=O)(=O)NC[C@@H]1CC(=O)N(C)[C@H]1c1cnn(-c2ccc(F)cc2)c1",378.116189688,"Fragment"
"C=CS(=O)(=O)N1CCN(c2ccc(F)cc2)C(=O)C1(C)C",312.094391624,"Fragment"
"C=CS(=O)(=O)NC1CCOc2cc(F)cc(F)c21",275.042770652,"Fragment"
"C=CS(=O)(=O)NC(C)(C)c1noc(Cc2ccccc2)n1",307.09906240400005,"Fragment"
"C=CS(=O)(=O)NC(c1ccc(C2CC2)cc1)C(F)(F)F",305.069734348,"Fragment"
"C=CS(=O)(=O)Nc1ccc(C2(CC)CCC(=O)NC2=O)cc1",322.09872805599997,"Fragment"
"C=CS(=O)(=O)N(Cc1cccc(Br)c1)CC1CCS(=O)(=O)C1",406.98606215599995,"Fragment"
"C=CS(=O)(=O)NCc1cc(-c2ccc3c(c2)OCCO3)on1",322.06234254799995,"Fragment"
"C=CS(=O)(=O)N(C)c1ccc(-c2nc3ccc(C)cc3s2)cc1",344.06531975200005,"Fragment"
"C=CS(=O)(=O)NCc1ccn(-c2c(F)cccc2F)n1",299.0540040320001,"Fragment"
"C=CS(=O)(=O)NC(c1ccccc1C)C1CCCC(C)C1",307.16060004,"Fragment"
"C=CS(=O)(=O)NCc1cc2cc(Br)ccc2o1",314.95647627999995,"Fragment"
"C=CS(=O)(=O)Nc1ccc2sc(C#N)c(C)c2c1",278.01836956,"Fragment"
"C=CS(=O)(=O)N1CCn2c(cc3c(Cl)cccc32)C1",296.038626336,"Fragment"
"C=CS(=O)(=O)NC1CCCCCC1c1ccccc1C(F)(F)F",347.11668454,"Fragment"
"C=CS(=O)(=O)NCc1oc2ccc(Cl)cc2c1-c1ccccc1",347.038291988,"Fragment"
"C=CS(=O)(=O)N(Cc1nc2c(s1)CC(C)CC2)c1cnn(CC)c1",366.11841794400004,"Fragment"
"C=CS(=O)(=O)N(Cc1cc(C)nn1C)CC1(C)NC(=O)c2ccccc21",374.14126156399993,"Fragment"
"C=CS(=O)(=O)N(Cc1cnn(C)c1C)C1CCCc2occc21",335.130362532,"Fragment"
"C=CS(=O)(=O)N(Cc1ccc2c(c1)OCCO2)C[C@@]12CCC[C@@H]1C2",349.134779216,"Fragment"
"C=CS(=O)(=O)N(C)C(=O)CCc1c(F)cccc1F",289.058420716,"Fragment"
"C=CS(=O)(=O)N(Cc1ccc2occc2c1)[C@H]1CC[C@@H]2C[C@H]1CO2",347.11912915199997,"Fragment"
"C=CS(=O)(=O)N1CCCC12CCOC2",217.07726434,"Fragment"
"C=CS(=O)(=O)N(CC)c1cccc(F)c1",229.057277844,"Fragment"
"Cc1noc(CCNS(=O)(=O)C=Cc2ccccc2)n1",293.08341234000005,"Fragment"
"C=CS(=O)(=O)Nc1cscc1C",203.007470528,"Fragment"
"C=CS(=O)(=O)NC1CN(C(=O)C2CC2)C1",230.072513308,"Fragment"
"C=CS(=O)(=O)N1CCC[C@H](CO)C1",205.07726434,"Fragment"
"C=CS(=O)(=O)NC(C)(CO)C1CCC1",219.092914404,"Fragment"
"C=CS(=O)(=O)Nc1ccc2occc2c1",223.030314148,"Fragment"
"C=CS(=O)(=O)N(CC)c1ccc(Cl)cc1",245.027727304,"Fragment"
"C=CS(=O)(=O)N1CC(=O)N(C)CC1C(=O)OC",262.062342548,"Fragment"
"C=CS(=O)(=O)NCC1(C(=O)OC)CCOCC1",263.082743644,"Fragment"
"C=CS(=O)(=O)N1C[C@@H](F)C[C@H]1C(=O)OC",237.047107084,"Fragment"
"C=CS(=O)(=O)N1CCC(C)=C(c2ccco2)C1",253.07726434,"Fragment"
"C=CS(=O)(=O)N1CCC2(CCCc3ccccc32)C1",277.113649848,"Fragment"
"C=CS(=O)(=O)N(C)C1CCCc2nc(CC)sc21",286.080969816,"Fragment"
"C=CS(=O)(=O)NC[C@H]1Oc2ccc(C(=O)OC)cc2[C@H]1C",311.08274364400006,"Fragment"
"C=CS(=O)(=O)N(C)CC1CCCc2sc(C)nc21",286.080969816,"Fragment"
"C=CS(=O)(=O)N(CCC)Cc1nc2cc(Cl)ccc2c(=O)[nH]1",341.06009005199996,"Fragment"
"C=CS(=O)(=O)Nc1c(C)n(C)n(C2CCCCC2)c1=O",299.130362532,"Fragment"
"C=CS(=O)(=O)N1Cc2cc(C(=O)OCC)nn2CC1C",299.093977024,"Fragment"
"C=CS(=O)(=O)NC(C)C1(c2ccc(Cl)cc2)CC1",285.059027432,"Fragment"
"C=CS(=O)(=O)NCCc1nc2c(s1)CCCCC2",286.080969816,"Fragment"
"C=CS(=O)(=O)NC(C)Cn1nc(C(F)(F)F)cc1C1CC1",323.091532412,"Fragment"
"C=CS(=O)(=O)N1Cc2ccnn2C[C@H]1C(C)C",255.104147784,"Fragment"
"C=CS(=O)(=O)NC(C)c1nnnn1C1CC1",243.078995656,"Fragment"
"C=CS(=O)(=O)N(C)C(C)C1Cc2ccccc2O1",267.092914404,"Fragment"
"C=CS(=O)(=O)N1Cc2c(F)cc(Br)cc2CC1C",332.983439976,"Fragment"
"C=CS(=O)(=O)N1CCC(OC)(c2nc(Cc3ccccc3)no2)CC1",363.125277152,"Fragment"
"C=CS(=O)(=O)NCC1CN(C(=O)C2(C)COc3ccccc3O2)CCCO1",396.1355074879999,"Fragment"
"C=CS(=O)(=O)N1C[C@@H](n2ccnn2)C[C@H]1C(=O)OC",286.07357592799997,"Fragment"
"C=CS(=O)(=O)N1CCC(c2cc(F)c(F)c(F)c2)C1(C)C",319.085384412,"Fragment"
"C=CS(=O)(=O)NCC1CCn2ncc(C(=O)NC(C)C)c2C1",326.141261564,"Fragment"
"C=CS(=O)(=O)N1CCn2c(C(=O)OC)ccc2C12CCC2",310.09872805599997,"Fragment"
"C=CS(=O)(=O)Nc1cc(N2CCCS2(=O)=O)ccc1C",316.055148992,"Fragment"
"C=CS(=O)(=O)NCC1CC(c2ccc(C)c(C)c2)=NO1",294.103813436,"Fragment"
"C=CS(=O)(=O)N(C1CC1)C(C)c1ccccc1F",269.088577972,"Fragment"
"C=CS(=O)(=O)N1CCC(O)(c2cccc(OC(F)(F)F)c2)CC1",351.075213652,"Fragment"
"C=CS(=O)(=O)NCC1(c2ccc3c(c2)OCO3)CCCCC1",323.119129152,"Fragment"
"C=CS(=O)(=O)Nc1ccc(N2C(=O)CCCC2=O)cc1",294.067427928,"Fragment"
"C=CS(=O)(=O)NC(c1nc(-c2nnc[nH]2)no1)C(C)(C)C",312.100459372,"Fragment"
"C=CS(=O)(=O)NC(C)c1cc2ccccc2[nH]1",250.077598688,"Fragment"
"C=CS(=O)(=O)NC1COc2c1ccc(Cl)c2Cl",292.968019508,"Fragment"
"C=CS(=O)(=O)N1CCc2c(ccc(Cl)c2Cl)C1C",305.004405016,"Fragment"
"C=CS(=O)(=O)N(Cc1ccsc1)Cc1cc(F)ccc1F",329.035577096,"Fragment"
"C=CS(=O)(=O)Nc1cc(F)c2c(c1)CCC(=O)N2",270.047441432,"Fragment"
"C=CS(=O)(=O)N(Cc1ccc2c(c1)CCO2)Cc1ccc2c(c1)C(=O)N(C)C2",398.13002818399997,"Fragment"
"C=CS(=O)(=O)N(Cc1cccc(Cl)c1F)c1cn(C)nc1C(C)C",371.0870537480001,"Fragment"
"C=CS(=O)(=O)N(Cc1ccc2c(c1)OCCO2)C1C(=O)NCCC1C",366.124942804,"Fragment"
"C=CS(=O)(=O)N(C)C(=O)Cc1c(F)cccc1F",275.042770652,"Fragment"
"C=CS(=O)(=O)NC(=O)Cc1ccc2c(c1)OCO2",269.035793452,"Fragment"
"C=CS(=O)(=O)NC(=O)c1nc(-c2ccccc2)cs1",294.01328417999997,"Fragment"
"C=CS(=O)(=O)N(CCOC1(C)CCCC1)Cc1cc(C)nn1C",341.17731272400005,"Fragment"
"C=CS(=O)(=O)N(Cc1cccs1)C1CCOc2ccccc2C1",349.080635468,"Fragment"
"C=CS(=O)(=O)N(Cc1cc2n(n1)CCC2)CC1(Cc2ccc(F)cc2)CC1",389.157326228,"Fragment"
"C=CS(=O)(=O)N(CCCN(C)C(=O)C1CC(F)(F)C1)Cc1scc2c1OCCO2",450.1094703079999,"Fragment"
"Cn1cc(C(=O)NS(=O)(=O)C=Cc2ccccc2)cn1",291.06776227600005,"Fragment"
"CN(C)C(=O)CNS(=O)(=O)C=Cc1ccc(Cl)cc1",302.04919102,"Fragment"
"CCC(C)N(C)S(=O)(=O)C=Cc1ccccc1",253.113649848,"Fragment"
"C=CS(=O)(=O)Nc1ccc(OC)cc1OC",243.056528896,"Fragment"
"O=S(=O)(C=Cc1ccccc1)N1CCOc2ncccc21",302.072513308,"Fragment"
"C=CS(=O)(=O)NCC1CCN(C(C)C)C1",232.12454888,"Fragment"
"C=CS(=O)(=O)Nc1cccc2ccsc12",239.007470528,"Fragment"
"C=CS(=O)(=O)N1CC[C@@H](OC)C1",191.061614276,"Fragment"
"C=CS(=O)(=O)NC(C1CCCC1)C1CCC1",243.129299912,"Fragment"
"C=CS(=O)(=O)NCC(C)c1cnn(C)c1",229.08849772,"Fragment"
"C=CS(=O)(=O)NCC1CCC2(C1)CC2(F)F",251.07915616,"Fragment"
"C=CS(=O)(=O)NCC1CC2(CCC2)CO1",231.092914404,"Fragment"
"C=CS(=O)(=O)NCC1(C)CCCC(F)(F)C1",253.094806224,"Fragment"
"C=CS(=O)(=O)NCC1(C)CC(C(F)(F)F)C1",257.069734348,"Fragment"
"C=CS(=O)(=O)N1CCc2nc(C)ncc2C1",239.072847656,"Fragment"
"C=CS(=O)(=O)NCc1snnc1C1CC1",245.029268592,"Fragment"
"C=CS(=O)(=O)Nc1cccc2sccc12",239.007470528,"Fragment"
"C=CS(=O)(=O)N1CCn2ncc(C)c2C1",227.072847656,"Fragment"
"C#CC1CC2CCC1N(S(=O)(=O)C=C)C2",225.08234972,"Fragment"
"C=CS(=O)(=O)N1C2CCC(C2)C1c1ccccc1",263.097999784,"Fragment"
"C=CS(=O)(=O)N(C)[C@H](CF)c1ccccc1",243.072927908,"Fragment"
"C=CS(=O)(=O)N1CC[C@H](F)[C@H](F)C1",211.047856032,"Fragment"
"C=CS(=O)(=O)Nc1ccc(C(C)C)c(F)c1",243.072927908,"Fragment"
"C=CS(=O)(=O)N1CCCN(CC)C(=O)C1",232.088163372,"Fragment"
"C=CS(=O)(=O)NC(CF)c1ccc(Br)cc1",306.967789912,"Fragment"
"C=CS(=O)(=O)NCc1ccc(F)nc1F",234.027454936,"Fragment"
"C=CS(=O)(=O)Nc1cccc(-n2ccnn2)c1",250.05244656,"Fragment"
"C=CS(=O)(=O)N1CC[C@H](C)O[C@H](C)C1",219.092914404,"Fragment"
"C=CS(=O)(=O)N(C)C1CCc2[nH]c3c(F)cc(F)cc3c2C1",326.090055192,"Fragment"
"C=CS(=O)(=O)NCCc1ccc(S(=O)(=O)N2CCCCC2C)cc1",372.117749248,"Fragment"
"C=CS(=O)(=O)N1CC(O)CC1c1cc(F)ccc1F",289.058420716,"Fragment"
"C=CS(=O)(=O)N1C[C@@H]2C[C@H](C1)c1cccc(=O)n1C2",280.088163372,"Fragment"
"C=CS(=O)(=O)N(C)c1cccc2c1CCCC2",251.097999784,"Fragment"
"C=CS(=O)(=O)N1CCC2(CN(Cc3ccccc3)C(=O)CO2)C1",336.11437811999997,"Fragment"
"C=CS(=O)(=O)N1CC(OC)Cc2cc(F)ccc21",271.06784252799997,"Fragment"
"C=CS(=O)(=O)NC(C)Cn1cnc2c(cnn2C)c1=O",297.08956034,"Fragment"
"C=CS(=O)(=O)N1CCSCC1c1cnn(C)c1",273.06056872000005,"Fragment"
"C=CS(=O)(=O)N1CCc2c(cccc2N2CCOC2=O)C1",308.08307799199997,"Fragment"
"C=CS(=O)(=O)NCCC1CSc2ccccc2O1",285.04933534,"Fragment"
"C=CS(=O)(=O)NC1(c2ccc(Cl)cc2Cl)CCOCC1",335.0149697,"Fragment"
"C=CS(=O)(=O)N1Cc2cccc3c2C(CCC3)C1",263.097999784,"Fragment"
"C=CS(=O)(=O)NC1CCOC(c2ccc(F)cc2)C1",285.08349259199997,"Fragment"
"C=CS(=O)(=O)NC1(c2cccc(OC)c2)CC2(CCC2)C1",307.124214532,"Fragment"
"C=CS(=O)(=O)Nc1c(C)cccc1-c1nnnn1[C@@H]1C[C@H]1C",319.110295784,"Fragment"
"C=CS(=O)(=O)N1CCNC(=O)C1c1c(F)cccc1Cl",318.024119144,"Fragment"
"C=CS(=O)(=O)N1Cc2ccccc2SCC1C",269.05442072,"Fragment"
"C=CS(=O)(=O)N1CC(F)(c2ccccc2Br)C1",318.967789912,"Fragment"
"C=CS(=O)(=O)N1CCOCCC1c1ccc(OC(F)(F)F)cc1",351.075213652,"Fragment"
"C=CS(=O)(=O)N1CCc2nnnn2CC1",229.063345592,"Fragment"
"C=CS(=O)(=O)Nc1ccc(NC(=O)c2nn(C)c3ccccc23)cc1C",370.109961436,"Fragment"
"C=CS(=O)(=O)NCC1=CS(=O)(=O)c2ccccc21",285.01294983200006,"Fragment"
"C=CS(=O)(=O)N(CC(C)C)C1COc2cc(Br)ccc21",359.019076536,"Fragment"
"C=CS(=O)(=O)Nc1ccc(F)c(N2C(=O)CNC2=O)c1C",313.053255084,"Fragment"
"C=CS(=O)(=O)N(Cc1nocc1C)c1ccccc1",278.072513308,"Fragment"
"C=CS(=O)(=O)N(Cc1cccc(F)c1C(F)(F)F)c1ccn(C)n1",363.0664605360001,"Fragment"
"C=CS(=O)(=O)N(Cc1cc(Cl)cc(OC)c1)[C@@H]1CCOC1",331.064506736,"Fragment"
"C=CS(=O)(=O)N(C)C(=O)CC(C)n1cccc1",256.088163372,"Fragment"
"C=CS(=O)(=O)NC(=O)c1cccc(CS(=O)(=O)c2ccccc2)c1",365.03916458000003,"Fragment"
"C=CS(=O)(=O)N(Cc1cc2cc(F)ccc2o1)[C@H]1C[C@@H](OC)C1",339.09405727599994,"Fragment"
"C=CS(=O)(=O)N(CC1CC1)CC(C)Oc1ccccc1F",313.11479271999997,"Fragment"
"C=CS(=O)(=O)Nc1ccnn1-c1ccccn1",250.05244656,"Fragment"
"NC(=O)C(NS(=O)(=O)C=Cc1ccccc1)c1ccccc1",316.088163372,"Fragment"
"Cc1cnc(CCNS(=O)(=O)C=Cc2ccccc2)s1",308.06531975200005,"Fragment"
"C=CS(=O)(=O)N1CCO[C@H]2CCC[C@H]21",217.07726434,"Fragment"
"C=CS(=O)(=O)Nc1ccccc1-c1ccc(C(=O)O)cc1",303.05652889600003,"Fragment"
"C=CS(=O)(=O)Nc1ccc(Br)cc1CC",288.977211724,"Fragment"
"C=CS(=O)(=O)NCC1(N(C)C)CC1",204.093248752,"Fragment"
"C=CS(=O)(=O)Nc1cccc(S(F)(F)(F)(F)F)c1",308.991661596,"Fragment"
"C=CS(=O)(=O)NCC(C)(C)c1ccncc1",240.093248752,"Fragment"
"C=CS(=O)(=O)NCC1(C(C)(F)F)CCC1",239.07915616,"Fragment"
"C=CS(=O)(=O)NCC(C)Cc1cnn(C)c1",243.104147784,"Fragment"
"C=CS(=O)(=O)N(C)Cc1ccc(F)cc1Cl",263.018305492,"Fragment"
"C=CS(=O)(=O)N1CCc2ccc(OC)cc21",239.061614276,"Fragment"
"C=CS(=O)(=O)N1CCCC(c2nc3c(s2)CCC3)C1",298.080969816,"Fragment"
"C=CS(=O)(=O)NC(CC)Cn1cncn1",230.083746688,"Fragment"
"C=CS(=O)(=O)N1CC2(C)CC1CCO2",217.07726434,"Fragment"
"C=CS(=O)(=O)Nc1ccccc1C1CCOC1",253.07726434,"Fragment"
"C=CS(=O)(=O)Nc1ccc(C)c(OC2CCOC2)c1",283.08782902400003,"Fragment"
"C=CS(=O)(=O)NC1(C(=O)OC)CC2(CC(OC)C2)C1",289.09839370800006,"Fragment"
"C=CS(=O)(=O)NC1(C(=O)OCC)CC2(CC(F)(F)C2)C1",309.08463546400003,"Fragment"
"C=CS(=O)(=O)NCC(C)N1CCCCC1=O",246.103813436,"Fragment"
"C=CS(=O)(=O)N1CCC(n2nnnc2C(F)(F)F)C1",297.05073022,"Fragment"
"C=CS(=O)(=O)NC1CCC(c2nc(CC)no2)C1",271.099062404,"Fragment"
"C=CS(=O)(=O)N1CC(CC(=O)N(C)C)c2cc(Cl)ccc21",328.064841084,"Fragment"
"C=CS(=O)(=O)NC1CC1(C)c1ccccc1F",255.072927908,"Fragment"
"C=CS(=O)(=O)NCCC1(c2ccccc2)CCCO1",281.108564468,"Fragment"
"C=CS(=O)(=O)N[C@H]1COC[C@H]1n1ccnn1",244.063011244,"Fragment"
"C=CS(=O)(=O)N1C2C=C(c3ccnn3C)CC1CC2",279.104147784,"Fragment"
"C=CS(=O)(=O)N1C[C@H](C(=O)OC)[C@@H](c2cc(F)cc(F)c2)C1",331.06898540000003,"Fragment"
"C=CS(=O)(=O)NC1CCCc2sc(-c3ccc(F)cc3)nc21",338.05589794,"Fragment"
"C=CS(=O)(=O)N(Cc1c(C)nn(C)c1Cl)C1CC1",289.065175432,"Fragment"
"C=CS(=O)(=O)NCc1nc(CN2C(=O)c3ccccc3C2=O)cs1",363.034747896,"Fragment"
"C=CS(=O)(=O)N1CC[C@H](c2ccc(F)cc2)[C@H](COc2ccc3c(c2)OCO3)C1",419.1202720239999,"Fragment"
"C=CS(=O)(=O)NCc1csc2c(Cl)cccc12",286.98414824,"Fragment"
"C=CS(=O)(=O)N1CCc2ccc(OCc3ccccc3)cc2CC1",343.124214532,"Fragment"
"C=CS(=O)(=O)Nc1ccc2c(c1)C(=O)N(C1CCC(=O)N(C)C1=O)C2",363.088891644,"Fragment"
"C=CS(=O)(=O)Nc1cccc2c1CN(C1CCC(=O)N(C)C1=O)C2=O",363.088891644,"Fragment"
"C=CS(=O)(=O)N1CC2(CCCCC2)Cc2ccccc21",291.129299912,"Fragment"
"C=CS(=O)(=O)NCc1ncoc1-c1ccc(F)cc1F",300.03801962,"Fragment"
"C=CS(=O)(=O)N1CCc2c([nH]c3ccc(Cl)cc23)C1c1ccc(OC)cc1",402.08049114799996,"Fragment"
"C=CS(=O)(=O)NCC1(c2cc(C(F)(F)F)ccc2Cl)CC1",339.030761996,"Fragment"
"C=CS(=O)(=O)Nc1cccc(C2CC(=O)NC(=O)C2)c1",294.067427928,"Fragment"
"C=CS(=O)(=O)N(Cc1csc(-c2cccs2)n1)[C@@H]1CCOC1",356.032305372,"Fragment"
"C=CS(=O)(=O)N(Cc1cnc(-c2ccccc2)o1)[C@@H]1CCCOC1",348.11437811999997,"Fragment"
"C=CS(=O)(=O)N1Cc2ccc(F)cc2C1",227.04162778,"Fragment"
"O=C(CCl)NCC1CC1",147.04509162,"Fragment"
"CC(NC(=O)CCl)C1CC1",161.060741684,"Fragment"
"Cc1nnc(NC(=O)CCl)s1",190.992010492,"Fragment"
"Cc1cc(NC(=O)CCl)on1",174.019605144,"Fragment"
"Cc1noc(NC(=O)CCl)n1",175.014854112,"Fragment"
"CN(C(=O)CCl)c1nccs1",189.996761524,"Fragment"
"O=C(CCl)Nc1ccc(O)cc1",185.024356176,"Fragment"
"O=C(CCl)NC(=O)c1ccco1",187.003620732,"Fragment"
"CC(NC(=O)CCl)c1ccco1",187.04000624,"Fragment"
"O=C(CCl)N1CCS(=O)(=O)CC1",211.00699186,"Fragment"
"Cc1ccc(F)c(NC(=O)CCl)c1",201.035669808,"Fragment"
"O=C(CCl)Nc1nnc(C2CC2)o1",201.030504176,"Fragment"
"CC(c1cccs1)N(C)C(=O)CCl",217.032812684,"Fragment"
"C[C@@H](NC(=O)CCl)c1ccccc1",197.060741684,"Fragment"
"CC(C)[C@H]1COC(=O)N1C(=O)CCl",205.050570924,"Fragment"
"Cc1cnc(C(C)NC(=O)CCl)o1",202.050905272,"Fragment"
"CC(NC(=O)CCl)c1cnn(C)c1",201.066889684,"Fragment"
"CN(Cc1cccc(Cl)c1)C(=O)CCl",231.021769332,"Fragment"
"O=C(CCl)NCCc1ccccc1F",215.051319872,"Fragment"
"CCCSc1nsc(NC(=O)CCl)n1",250.99538162,"Fragment"
"O=C(CCl)NC1CCN(C2CC2)CC1",216.102940844,"Fragment"
"O=C(CCl)N1CCCc2ncccc21",210.055990652,"Fragment"
"O=C(CCl)N(CC1CCOC1)C1CC1",217.086956432,"Fragment"
"N#Cc1c(NC(=O)CCl)sc2c1CCC2",240.012411588,"Fragment"
"CCN(Cc1cccc(F)c1)C(=O)CCl",229.066969936,"Fragment"
"O=C(CCl)Nc1ccc(Cl)cc1C(=O)O",246.980298444,"Fragment"
"O=C(CCl)Nc1cc2c(cc1Cl)OCO2",246.980298444,"Fragment"
"CCC(NC(=O)CCl)c1ccc(Cl)cc1",245.037419396,"Fragment"
"O=C(CCl)NCC1(c2ccccc2)CC1",223.076391748,"Fragment"
"O=C(CCl)N1CCCc2cccc(F)c21",227.051319872,"Fragment"
"O=C(CCl)Nc1cnc2ccccc2c1",220.040340588,"Fragment"
"COCc1cccc(CNC(=O)CCl)c1",227.071306368,"Fragment"
"CC(C)(CNC(=O)CCl)c1ccccc1",225.092041812,"Fragment"
"CC(c1ccc(Cl)cc1)N(C)C(=O)CCl",245.037419396,"Fragment"
"CC(C)CN1CCOC(CNC(=O)CCl)C1",248.129155592,"Fragment"
"CC1CCN(C(=O)CCl)c2ccccc2S1",255.048462748,"Fragment"
"Cc1ccc(NC(=O)CCl)cc1S(N)(=O)=O",262.017890892,"Fragment"
"O=C(CCl)N1CCN(c2ccccc2)CC1",238.08729078,"Fragment"
"O=C(CCl)NCC(=O)Nc1ccccc1Br",303.96141733999997,"Fragment"
"CC(C)C(C#N)N1CCN(C(=O)CCl)CC1",243.113839876,"Fragment"
"CC(NC(=O)CCl)c1cc2ccccc2o1",237.055656304,"Fragment"
"O=C(CCl)N1CCN(Cc2cccs2)CC1",258.05936178,"Fragment"
"O=C(CCl)NCc1ccccc1C(F)(F)F",251.032476248,"Fragment"
"Cc1ccc(S(C)(=O)=O)cc1NC(=O)CCl",261.022641924,"Fragment"
"O=C(CCl)N1CCCc2cc(F)cc(F)c21",245.04189806,"Fragment"
"Cc1ccc(CN(C(=O)CCl)C2CC2)cc1",237.092041812,"Fragment"
"O=C(CCl)Nc1ccc2c(c1)NC(=O)CO2",240.030169828,"Fragment"
"Cc1ccsc1-c1nnc(NC(=O)CCl)o1",257.002575176,"Fragment"
"O=C(CCl)N1CCN(Cc2ccccc2)C1=O",252.066555336,"Fragment"
"COc1ccc(CN(C)C(=O)CCl)cc1OC",257.081871052,"Fragment"
"O=C(CCl)NCCc1ccc2c(c1)OCCO2",255.066220988,"Fragment"
"COc1ccc(C(NC(=O)CCl)C(C)C)cc1",255.102606496,"Fragment"
"CN(Cc1ccc(OC(F)F)cc1)C(=O)CCl",263.052462744,"Fragment"
"CN(Cc1ccc2c(c1)OCCO2)C(=O)CCl",255.066220988,"Fragment"
"Cc1cccc(N(CCC#N)C(=O)CCl)c1C",250.08729078,"Fragment"
"CC1=CC(C)(C)N(C(=O)CCl)c2ccccc21",249.092041812,"Fragment"
"CC(c1cccc([N+](=O)[O-])c1)N(C)C(=O)CCl",256.061469956,"Fragment"
"O=C(CCl)NCc1ccc(F)cc1C(F)(F)F",269.023054436,"Fragment"
"CC(CC#N)Sc1ccccc1NC(=O)CCl",268.043711716,"Fragment"
"CCN(CC1COc2ccccc2O1)C(=O)CCl",269.081871052,"Fragment"
"O=C(CCl)Nc1cccc(Cl)c1N1CCOCC1",288.043233048,"Fragment"
"O=C(CCl)N1CCN(Cc2ccccc2F)CC1",270.093519032,"Fragment"
"CC(C)C(NC(=O)CCl)c1nc2ccccc2[nH]1",265.098189812,"Fragment"
"CCOc1ccccc1N1CCN(C(=O)CCl)CC1",282.113505528,"Fragment"
"O=C(CCl)N1c2ccccc2NC(=O)C12CCCC2",278.0822054,"Fragment"
"N#CC(c1ccccc1)N1CCN(C(=O)CCl)CC1",277.098189812,"Fragment"
"Cc1ccccc1CN1CCC(NC(=O)CCl)CC1",280.13424097200004,"Fragment"
"O=C(CCl)Nc1ccc(NC(=O)c2cccs2)cc1",294.022976272,"Fragment"
"O=C(CCl)NCc1ccccc1CN1CCCC1=O",280.097855464,"Fragment"
"Cc1ccc(C2=NN(C(=O)CCl)C(c3ccco3)C2)o1",292.061469956,"Fragment"
"CC(C)C(NC(=O)CCl)c1ccc2c(c1)OCCCO2",297.11317117999994,"Fragment"
"O=C(CCl)N1CCN(c2cccc(C(F)(F)F)c2)CC1",306.074675408,"Fragment"
"O=C(CCl)N1CCN(Cc2ccc3c(c2)CCO3)CC1",294.113505528,"Fragment"
"CCc1cc(=O)[nH]c(-c2cccc(NC(=O)CCl)c2)n1",291.077454368,"Fragment"
"O=C(CCl)Nc1cccc(NC(=O)c2ccccc2)c1",288.066555336,"Fragment"
"Cc1ccc(S(=O)(=O)N2CCCCC2)cc1NC(=O)CCl",330.080491148,"Fragment"
"COc1ccc(C(C#N)N2CCN(C(=O)CCl)CC2)cc1",307.108754496,"Fragment"
"O=C(CCl)NCc1ccccc1S(=O)(=O)N1CCOCC1",332.059755704,"Fragment"
"CCN(CC)S(=O)(=O)c1ccc2c(c1)CCN2C(=O)CCl",330.080491148,"Fragment"
"O=C(CCl)NCc1cc2cc(F)ccc2s1",257.007740808,"Fragment"
"O=C(CCl)NCc1ccsc1-n1cccc1",254.028061652,"Fragment"
"O=C(CCl)NC1CCN(C(=O)C2COc3ccccc3O2)CC1",338.10333476799997,"Fragment"
"O=C(CCl)NCCC(=O)N1CCCCCC1",246.113505528,"Fragment"
"O=C(CCl)N1CCC(OC2CCOC2)CC1",247.097521116,"Fragment"
"O=C(CCl)N1CC(Cc2ccc(F)cc2F)C1",259.057548124,"Fragment"
"CC(C)C(NC(=O)CCl)c1nnc2n1CCC2",256.109088844,"Fragment"
"O=C(CCl)NCc1cc2ccccc2[nH]1",222.055990652,"Fragment"
"O=C(CCl)Nc1cnc2ccccc2n1",221.035589556,"Fragment"
"CN1CCCc2cc(CNC(=O)CCl)ccc21",252.102940844,"Fragment"
"O=C(CCl)N1CCN(CC2CCOCC2)CC1",260.129155592,"Fragment"
"Cc1ccc(NC(=O)CCl)cc1N1CCOC1=O",268.061469956,"Fragment"
"CN(C)C(=O)COC1CN(C(=O)CCl)C1",234.07712002,"Fragment"
"COc1ccc(N(C(=O)CCl)C2CCS(=O)(=O)C2)cc1",317.048856672,"Fragment"
"CC(NC(=O)CCl)C(C)Oc1ccccc1F",259.07753462,"Fragment"
"CCC(NC(=O)CCl)c1ccccc1O",227.071306368,"Fragment"
"CN1CCN(C(=O)Cc2cccc(NC(=O)CCl)c2)CC1",309.12440456,"Fragment"
"O=C(CCl)N1CCCSc2ccccc21",241.032812684,"Fragment"
"Cc1ccc(N2CCC(NC(=O)CCl)C2=O)cc1",266.0822054,"Fragment"
"COC1(C(C)NC(=O)CCl)CCOCC1",235.097521116,"Fragment"
"O=C(CCl)NCc1ccsc1C(F)(F)F",256.988897184,"Fragment"
"CC(C)(NC(=O)CCl)C(=O)N1CCCC1",232.097855464,"Fragment"
"CN1CC(CCNC(=O)CCl)CC1=O",218.0822054,"Fragment"
"CC1Cc2cc(CCNC(=O)CCl)ccc2O1",253.086956432,"Fragment"
"COc1cc(C(C)NC(=O)CCl)sn1",234.022976272,"Fragment"
"O=C(CCl)NC/C=C/c1ccccc1",209.060741684,"Fragment"
"C=CC(NC(=O)CCl)C1CCOCC1",217.086956432,"Fragment"
"O=C(CCl)N1CCOC2(CCC2)CC1",217.086956432,"Fragment"
"CSc1ccccc1CC(C)NC(=O)CCl",257.064112812,"Fragment"
"Cn1nccc1CN(C(=O)CCl)C1CC1",227.082539748,"Fragment"
"CC(Cc1ccc(Cl)s1)NC(=O)CCl",250.993840332,"Fragment"
"Cn1nc(C(F)(F)F)c(Cl)c1CNC(=O)CCl",288.999651896,"Fragment"
"O=C1CCC2CN(C(=O)CCl)CC2N1",216.066555336,"Fragment"
"CC(NC(=O)CCl)c1nc2c(s1)CCCCC2",272.075011844,"Fragment"
"O=C(CCl)NCc1ncoc1C(F)(F)F",242.006989772,"Fragment"
"COC1COc2ccccc2C1NC(=O)CCl",255.066220988,"Fragment"
"CC(C)(C)CN(C(=O)CCl)C1CCS(=O)(=O)C1",281.08524218,"Fragment"
"O=C(CCl)NC1CCNC(=O)c2[nH]ccc21",241.061804304,"Fragment"
"COC(=O)c1cc(OC)cc(Cl)c1NC(=O)CCl",291.006513192,"Fragment"
"CC(C)N(C(=O)CCl)C1CCCCCC1",231.138992004,"Fragment"
"CC(C)N(C(=O)CCl)C(C)c1ccsc1",245.064112812,"Fragment"
"O=C(CCl)NCC1CCc2cc(F)ccc2O1",257.061884556,"Fragment"
"O=C(CCl)NCC12CC=CC(C1)OC2",215.071306368,"Fragment"
"CC1(C)CC(NC(=O)CCl)CCN(C(=O)OC(C)(C)C)C1",318.171020404,"Fragment"
"CC(C)(C)OC(=O)N1CC2(CCCC(CNC(=O)CCl)O2)C1",332.15028495999996,"Fragment"
"O=C(CCl)N1C[C@H]2CCC[C@H]2C12CC2",213.092041812,"Fragment"
"CC(NC(=O)CCl)c1ccc(-n2ccnn2)cc1",264.077788716,"Fragment"
"O=C(CCl)N1CCN(Cc2noc(C3CCCCC3)n2)CC1",326.15095365600007,"Fragment"
"C#CC(NC(=O)CCl)c1ccc(Cl)cc1F",258.996697456,"Fragment"
"CC(C)[C@H]1CCO[C@H]1CNC(=O)CCl",219.102606496,"Fragment"
"O=C(CCl)Nc1ccc2[nH]ncc2c1Cl",242.996617204,"Fragment"
"CCOC1CCN(C(=O)CCl)CC1(C)C",233.11825656,"Fragment"
"COc1ccnc(CNC(=O)CCl)n1",215.04615424,"Fragment"
"O=C(CCl)NCC#CC1CCCCO1",215.071306368,"Fragment"
"CN(C)C(=O)CC1CCN(C(=O)CCl)CC1",246.113505528,"Fragment"
"O=C(CCl)N1CC=C(c2ccccc2F)C1",239.051319872,"Fragment"
"O=C(CCl)NC(c1ccccc1)C1CCOC1",253.086956432,"Fragment"
"C[C@H]1CN(C(=O)CCl)Cc2cccn21",212.071640716,"Fragment"
"O=C(CCl)NC1CCc2sccc2C1=O",243.01207724,"Fragment"
"O=C(CCl)NC1(Cc2ccc(Cl)cc2)CCOC1",287.04798408,"Fragment"
"C#CC(NC(=O)CCl)C1CCc2ccccc21",247.076391748,"Fragment"
"O=C(CCl)NC1CCCOc2c(F)cccc21",257.061884556,"Fragment"
"COc1ccc2c(c1)CC(C(C)C)CN2C(=O)CCl",281.11825655999996,"Fragment"
"O=C(CCl)NC1CC(O)C1n1cccn1",229.061804304,"Fragment"
"Cc1cc(CN(C(=O)CCl)c2ccc(F)cc2)nn1C",295.088768,"Fragment"
"O=C(CCl)NCc1coc(Cl)n1",207.980632792,"Fragment"
"CCn1cc(CN(C(=O)CCl)C2CC2)c(C)n1",255.113839876,"Fragment"
"O=C(CCl)N[C@H]1C[C@H](c2ccccc2)C1",223.076391748,"Fragment"
"O=C(CCl)NC1CCn2cccc2C1",212.071640716,"Fragment"
"CCC(NC(=O)CCl)c1cccc(OC)n1",242.0822054,"Fragment"
"Cn1nccc1C1(CNC(=O)CCl)CC1",227.082539748,"Fragment"
"COc1cc(CN(C(=O)CCl)C2CCCOC2)ccc1C",311.128821244,"Fragment"
"O=C(CCl)NCC(NC(=O)c1cccc2c1C(=O)NC2)C1CCCCC1",377.150619308,"Fragment"
"O=C(CCl)NC1CC(NC(=O)c2ccc3c(c2)OCCCO3)C12CCC2",378.13463489599997,"Fragment"
"O=C(CCl)Nc1ccccn1",170.024690524,"Fragment"
"Cc1cc(NC(=O)CCl)[nH]n1",173.035589556,"Fragment"
"O=C(CCl)NCc1cccnc1",184.040340588,"Fragment"
"CCC1CN(C(=O)CCl)CCO1",191.071306368,"Fragment"
"O=C(CCl)NCc1cnccn1",185.035589556,"Fragment"
"N#CC1CN(C(=O)CCl)CCO1",188.035255208,"Fragment"
"O=C(CCl)Nc1nccc(Cl)n1",204.98096714,"Fragment"
"Cc1nonc1CNC(=O)CCl",189.030504176,"Fragment"
"O=C(CCl)Nc1cc(F)cc(F)c1",205.010597932,"Fragment"
"NC(=O)C1CCCN(C(=O)CCl)C1",204.066555336,"Fragment"
"O=C(CCl)NCCc1ccccn1",198.055990652,"Fragment"
"CCc1ccc(CNC(=O)CCl)s1",217.032812684,"Fragment"
"Cc1cccc(CNC(=O)CCl)c1",197.060741684,"Fragment"
"O=C(CCl)N1Cc2ccccc2C1",195.04509162,"Fragment"
"CCSc1nnc(NC(=O)CCl)s1",236.979731556,"Fragment"
"CC(C)c1cc(NC(=O)CCl)[nH]n1",201.066889684,"Fragment"
"CC(C)Cc1nnc(NC(=O)CCl)s1",233.038960684,"Fragment"
"O=C(CCl)N1CCCC2CCCCC21",215.107691876,"Fragment"
"CS(=O)(=O)N1CCN(C(=O)CCl)CC1",240.033540956,"Fragment"
"O=C(CCl)NCCN1C(=O)CSC1=O",236.002240828,"Fragment"
"O=C(CCl)NCCc1cccc(Cl)c1",231.021769332,"Fragment"
"Cc1cccc(CN(C)C(=O)CCl)c1",211.076391748,"Fragment"
"O=C(CCl)N(Cc1cccs1)C1CC1",229.032812684,"Fragment"
"O=C(CCl)N1CCCC1c1ccsc1",229.032812684,"Fragment"
"CC(C)(C)c1nnc(NC(=O)CCl)s1",233.038960684,"Fragment"
"O=C(CCl)NCCSc1ccc(Cl)cc1",262.993840332,"Fragment"
"O=C(CCl)NC(=O)NCCc1cccs1",246.022976272,"Fragment"
"O=C(CCl)NC(c1ccccc1)C1CC1",223.076391748,"Fragment"
"Cc1ccc(NC(=O)NC(=O)CCl)cc1",226.050905272,"Fragment"
"O=C(CCl)N1CCCC1c1ccccc1",223.076391748,"Fragment"
"O=C(CCl)N1CCCCc2ccccc21",223.076391748,"Fragment"
"O=C(CCl)Nc1nc(-c2ccco2)cs1",241.991676144,"Fragment"
"CN(C(=O)CCl)c1nc2ccccc2s1",240.012411588,"Fragment"
"O=C(CCl)NC1(c2ccccc2)CCC1",223.076391748,"Fragment"
"CC(C)N(C(=O)CCl)c1ccc(Cl)cc1",245.037419396,"Fragment"
"NC(=O)c1c(NC(=O)CCl)sc2c1CCC2",258.022976272,"Fragment"
"CN(C(=O)CCl)C1CCCc2ccccc21",237.092041812,"Fragment"
"O=C(CCl)NNC(=O)CC1CCS(=O)(=O)C1",268.028455576,"Fragment"
"O=C(CCl)N1CCN(c2ccccn2)CC1",239.082539748,"Fragment"
"O=C(CCl)Nc1cc2c(cc1Cl)OCCO2",260.995948508,"Fragment"
"O=C(CCl)N1CCN(c2cnccn2)CC1",240.077788716,"Fragment"
"O=C(CCl)NCC1(c2ccccc2)CCC1",237.092041812,"Fragment"
"O=C(CCl)Nc1ccnn1Cc1cccs1",255.02331062,"Fragment"
"Cc1cccc(CN(C(=O)CCl)C(C)C)c1",239.107691876,"Fragment"
"C#Cc1cccc(NC(=O)NC(=O)CCl)c1",236.035255208,"Fragment"
"O=C(CCl)N=c1sccn1Cc1ccccc1",266.028061652,"Fragment"
"O=C(CCl)N(Cc1ccccc1)CC(F)(F)F",265.048126312,"Fragment"
"O=C(CCl)NCC1CN(Cc2ccccc2)CCO1",282.113505528,"Fragment"
"NC(=O)c1c(NC(=O)CCl)sc2c1CCCC2",272.038626336,"Fragment"
"COc1cccc(CN(C)C(=O)CCl)c1OC",257.081871052,"Fragment"
"Cc1cccc(NC(=O)CNC(=O)CCl)c1C",254.0822054,"Fragment"
"CN1C(=O)c2ccc(NC(=O)CCl)cc2C1=O",252.030169828,"Fragment"
"CCN(Cc1ccc2c(c1)OCO2)C(=O)CCl",255.066220988,"Fragment"
"O=C(CCl)Nc1ccc(S(=O)(=O)C(F)F)cc1",282.98814823600003,"Fragment"
"O=C(CCl)Nc1ccc(N2CCCCC2)nc1",253.098189812,"Fragment"
"O=C(CCl)NCC1(c2ccccc2)CCCC1",251.107691876,"Fragment"
"O=C(CCl)N1CCC(C(=O)N2CCCC2)CC1",258.113505528,"Fragment"
"CC(c1cc2ccccc2o1)N(C)C(=O)CCl",251.071306368,"Fragment"
"O=C(CCl)Nc1ccnn1CC1CCCCC1",255.113839876,"Fragment"
"Cc1cc(NC(=O)CCl)n(-c2ccc(F)cc2)n1",267.057467872,"Fragment"
"O=C(CCl)N1CCN(CC(=O)N2CCCC2)CC1",273.12440456,"Fragment"
"Cc1ccccc1CN1CCN(C(=O)CCl)CC1",266.118590908,"Fragment"
"O=C(CCl)NC1c2ccccc2-c2ccccc21",257.060741684,"Fragment"
"Cn1ccnc1C(NC(=O)CCl)c1ccccc1",263.082539748,"Fragment"
"N#CC(c1cccs1)N1CCN(C(=O)CCl)CC1",283.054610748,"Fragment"
"O=C(CCl)NCc1ccc(N2CCOCC2)nc1",269.093104432,"Fragment"
"O=C(CCl)NCc1cccc(C(=O)NC2CC2)c1",266.0822054,"Fragment"
"O=C(CCl)Nc1cccc(S(=O)(=O)N2CCCC2)c1",302.04919102,"Fragment"
"CN(Cc1ccc(-c2ccc(Cl)cc2)o1)C(=O)CCl",297.03233401600005,"Fragment"
"COc1ccc(OC)c(C2CCCN2C(=O)CCl)c1",283.097521116,"Fragment"
"Cc1ccccc1CN1CCCN(C(=O)CCl)CC1",280.13424097200004,"Fragment"
"O=C(NC1CCN(C(=O)CCl)CC1)c1ccccc1",280.097855464,"Fragment"
"CC1CN(c2ccc(NC(=O)CCl)cc2)CC(C)O1",282.113505528,"Fragment"
"COc1ccc(CN2CCN(C(=O)CCl)CC2)cc1F",300.104083716,"Fragment"
"O=C(CCl)Nc1cccc(S(=O)(=O)N2CCCCC2)c1",316.064841084,"Fragment"
"CCN(CC)S(=O)(=O)c1cc(NC(=O)CCl)ccc1C",318.080491148,"Fragment"
"CN(C)S(=O)(=O)c1ccc2c(c1)CCCN2C(=O)CCl",316.064841084,"Fragment"
"CCN1CCN(c2ccc(CNC(=O)CCl)cn2)CC1",296.140388972,"Fragment"
"Cc1ccc(S(=O)(=O)N2CCN(C(=O)CCl)CC2)c(C)c1",330.080491148,"Fragment"
"O=C(CCl)Nc1ccc(S(=O)(=O)N2CCCCCC2)cc1",330.080491148,"Fragment"
"Cc1ccc(NC(=O)CN2CCN(C(=O)CCl)CC2)cc1",309.12440456,"Fragment"
"O=C(CCl)NC1CCN(C(=O)CCc2ccccc2)CC1",308.129155592,"Fragment"
"O=C(CN1CCN(C(=O)CCl)CC1)Nc1ccc(F)cc1",313.09933268400005,"Fragment"
"O=C(CCc1ccccc1)NC1CCN(C(=O)CCl)CC1",308.129155592,"Fragment"
"O=C(CCl)N1CCN(C(=O)C2COc3ccccc3O2)CC1",324.08768470399997,"Fragment"
"Cc1ccc(NC(=O)CCl)cc1S(=O)(=O)N1CCCCCC1",344.096141212,"Fragment"
"O=C(CCl)N1CCN(S(=O)(=O)c2cccc([N+](=O)[O-])c2)CC1",347.03426922799997,"Fragment"
"CCOc1ccc(S(=O)(=O)N2CCN(C(=O)CCl)CC2)cc1",346.07540576800005,"Fragment"
"CC(=O)c1cccc(N2Cc3ccccc3C2=NC(=O)CCl)c1",326.0822054,"Fragment"
"O=C(CCl)N1CCN(S(=O)(=O)c2ccc3c(c2)OCCCO3)CC1",374.07032038799997,"Fragment"
"CCc1nc2sc3c(c2c(=O)n1NC(=O)CCl)CCCC3",325.065175432,"Fragment"
"C#CCN(CC1CCCO1)C(=O)CCl",215.071306368,"Fragment"
"CC(NC(=O)CCl)c1cc2ccccc2s1",253.032812684,"Fragment"
"C#CCN(Cc1ccc(C)cc1)C(=O)CCl",235.076391748,"Fragment"
"N#Cc1ccccc1N1CCN(C(=O)CCl)CC1",263.082539748,"Fragment"
"CC(C)N(C(=O)CCl)C1CCOCC1",219.102606496,"Fragment"
"NC(=O)C1CCN(c2ccc(NC(=O)CCl)cc2)CC1",295.108754496,"Fragment"
"CCc1nc(C2CCCN2C(=O)CCl)no1",243.077454368,"Fragment"
"CC#CCN(C(=O)CCl)C1CCCC1",213.092041812,"Fragment"
"CCc1ncc(CN(C)C(=O)CCl)s1",232.043711716,"Fragment"
"Cc1ccccc1OC(C)CNC(=O)CCl",241.086956432,"Fragment"
"CC(=O)NCC1CN(C(=O)CCl)CCO1",234.07712002,"Fragment"
"COc1cc2nc(C)sc2cc1NC(=O)CCl",270.022976272,"Fragment"
"CN(C(=O)CCl)C1CCCN(c2ccccc2)C1",266.118590908,"Fragment"
"CC(NC(=O)CCl)c1ccc(-c2cncnc2)cc1",275.082539748,"Fragment"
"Cc1ccccc1C1(CNC(=O)CCl)CCOCC1",281.11825655999996,"Fragment"
"O=C(CCl)NCc1nnnn1C1CC1",215.05738762,"Fragment"
"CC1Cc2ccc(F)cc2C1NC(=O)CCl",241.066969936,"Fragment"
"CC1CCN(C(=O)CCl)c2cc(Cl)ccc2S1",289.00949039600005,"Fragment"
"CC(=O)Nc1ccc(C2=NN(C(=O)CCl)C(c3cccs3)C2)cc1",361.06517543200005,"Fragment"
"CC(=O)N1CCN(c2ccc(NC(=O)CCl)cc2)CC1",295.108754496,"Fragment"
"CC1CCCC1(NC(=O)CCl)C(N)=O",218.0822054,"Fragment"
"O=C(CCl)NCCN1CC2CCCCN2C1=O",259.108754496,"Fragment"
"Cc1noc(C2(C)CCN(C(=O)CCl)CC2)n1",257.093104432,"Fragment"
"CCN(Cc1cn(C)nn1)C(=O)CCl",216.077788716,"Fragment"
"CN(Cc1cc(C(C)(C)C)[nH]n1)C(=O)CCl",243.113839876,"Fragment"
"O=C(CCl)NCc1nccc(C(F)F)n1",235.032395996,"Fragment"
"O=C(CCl)NC(c1nccs1)C(F)(F)F",257.984146152,"Fragment"
"CN(Cc1noc(C2CC2)n1)C(=O)CCl",229.061804304,"Fragment"
"CC(c1cnn(C)c1)N(C)C(=O)CCl",215.082539748,"Fragment"
"O=C(CCl)NCC1CC(=O)c2ccccc2O1",253.050570924,"Fragment"
"N#Cc1cccc(C(NC(=O)CCl)C(F)(F)F)c1",276.027725216,"Fragment"
"CC1(C)CCc2onc(CNC(=O)CCl)c2C1",256.097855464,"Fragment"
"CC1(CNC(=O)CCl)OCCc2ccccc21",253.086956432,"Fragment"
"O=C(CCl)NCC1(C2(O)CCOCC2)CC1",247.097521116,"Fragment"
"O=C(CCl)NC[C@H]1[C@H](c2ccccc2)C1(F)F",259.057548124,"Fragment"
"O=C(CCl)N[C@]12C[C@H]1COC21CCC1",215.071306368,"Fragment"
"C[C@]12CN(C(=O)CCl)C[C@H]1[C@H]1C=C[C@@H]2C1",225.092041812,"Fragment"
"O=C(CCl)NCC1CC(F)(F)CO1",213.03681268,"Fragment"
"COc1ccc2c(c1)CC(C)CC2NC(=O)CCl",267.102606496,"Fragment"
"CC(C)(C)c1ccc(C2CC2C(=O)NNC(=O)CCl)cc1",308.129155592,"Fragment"
"CC(F)(F)C1(CNC(=O)CCl)CCOCC1",255.083762872,"Fragment"
"O=C(CCl)NCC1CS(=O)(=O)c2ccccc21",273.022641924,"Fragment"
"CN(CC(O)c1cccc(C#N)c1)C(=O)CCl",252.066555336,"Fragment"
"COc1cc(CNC(=O)CCl)on1",204.030169828,"Fragment"
"CN1CCN(c2ccc(CCNC(=O)CCl)cc2)CC1",295.145140004,"Fragment"
"CC1CCC(NC(=O)CCl)Cc2ccccc21",251.107691876,"Fragment"
"CC(C)(C)OC(=O)N1CCOCC(NC(=O)CCl)C1",292.118984832,"Fragment"
"N#Cc1ccc2c(c1)CCN2C(=O)CCl",220.040340588,"Fragment"
"O=C(CCl)NC1CN(C(=O)C2CC2)C1",216.066555336,"Fragment"
"O=C(CCl)NCc1ccnn1C1CC1(F)F",249.04804606,"Fragment"
"CC(C)c1cn[nH]c1CNC(=O)CCl",215.082539748,"Fragment"
"CN1CCN(C(=O)CCl)c2c(F)cccc21",242.062218904,"Fragment"
"O=C(CCl)N(C1CCCCC1)C1CCOCC1",259.133906624,"Fragment"
"CC(C)N(C(=O)CCl)C1CCCCC1O",233.11825656,"Fragment"
"COCC1CCOCCN1C(=O)CCl",221.081871052,"Fragment"
"O=C(CCl)NCC1CCCCN1C(=O)C(F)(F)F",286.069590028,"Fragment"
"CC(C)(C)OC(=O)N1CC(F)(F)CC1(C)CNC(=O)CCl",326.120876652,"Fragment"
"COc1ccc2c(c1)C(O)(CNC(=O)CCl)CCC2",283.097521116,"Fragment"
"O=C(CCl)NC12CC(CO)(C1)OC21COC1",247.061135608,"Fragment"
"CC1OC2(CO)CC1(NC(=O)CCl)C2",219.066220988,"Fragment"
"COCC(=O)N1CC(CNC(=O)CCl)C1",234.07712002,"Fragment"
"CC(C)(C)OC(=O)N1CCC(NC(=O)CCl)C(O)C1",292.118984832,"Fragment"
"CCN(C(=O)CCl)c1ccc2[nH]ccc2c1",236.071640716,"Fragment"
"O=C(CCl)NCCNS(=O)(=O)c1ccc(F)cc1Cl",327.985146792,"Fragment"
"O=C(CCl)NCC(=O)c1ncccc1Cl",245.996282856,"Fragment"
"O=C(CCl)NCC(=O)c1cc2c(s1)CCCC2",271.043377368,"Fragment"
"CS(=O)(=O)c1cc(C#N)cc(NC(=O)CCl)c1",272.002240828,"Fragment"
"CC(C)(C)N(C(=O)CCl)[C@@H]1COC[C@H]1O",235.097521116,"Fragment"
"O=C(CCl)NCC12CCCC(CO)(CO1)C2",247.097521116,"Fragment"
"O=C(CCl)N1CCN2C(=O)CCC12c1ccccc1",278.0822054,"Fragment"
"Cc1nccc(C(C)NC(=O)CCl)n1",213.066889684,"Fragment"
"CC(NC(=O)CCl)c1nccn1-c1ccccc1",263.082539748,"Fragment"
"O=C(CCl)NC1CC2(CNC(=O)O2)C1",218.045819892,"Fragment"
"CC1(C)Cc2cccc(CCNC(=O)CCl)c2O1",267.102606496,"Fragment"
"N=S1(=O)CCN(C(=O)CCl)c2ccccc21",258.022976272,"Fragment"
"CP(C)(=O)C1CCCCC1NC(=O)CCl",251.08419315799998,"Fragment"
"O=C(CCl)N(Cc1ccoc1)c1ccc(C2CCOC2)cc1",319.097521116,"Fragment"
"O=C(CCl)NCCc1ccn(C2CCCC2)n1",255.113839876,"Fragment"
"O=C(CCl)NCCc1c[nH]c2c(Cl)cc(F)cc12",288.023246552,"Fragment"
"CN(C(=O)CCl)C1CN(C(=O)OC(C)(C)C)CCc2ccccc21",352.15537034,"Fragment"
"O=C(CCl)NCC1CCC(C(F)(F)F)C1",243.063776376,"Fragment"
"CC(C)CC1COCCC1NC(=O)CCl",233.11825656,"Fragment"
"COC(=O)C1CCN(C(=O)CCl)c2ccc(OC)cc21",297.076785672,"Fragment"
"CC1CCCC1N(CCO)C(=O)CCl",219.102606496,"Fragment"
"CC1CN(Cc2cccc(Cl)c2)CCN1C(=O)CCl",300.07961855599996,"Fragment"
"CC(NC(=O)CCl)c1cc(F)cc(Cl)c1",249.01234752,"Fragment"
"CN(CC1CC1)C(=O)CCl",161.060741684,"Fragment"
"O=C(CCl)N1CCNCC1",162.055990652,"Fragment"
"Cc1nnc(NC(=O)CCl)o1",175.014854112,"Fragment"
"O=C(CCl)NC1CCOCC1",177.055656304,"Fragment"
"O=C(CCl)NC1CCSC1=O",192.996427176,"Fragment"
"CC1(C)CCCN1C(=O)CCl",175.076391748,"Fragment"
"CN(Cc1ccco1)C(=O)CCl",187.04000624,"Fragment"
"Cc1n[nH]c(C)c1NC(=O)CCl",187.05123962,"Fragment"
"Cc1ccsc1CNC(=O)CCl",203.01716262,"Fragment"
"O=C(CCl)NCC1CCOCC1",191.071306368,"Fragment"
"O=C(CCl)N1CC2CCC(C1)O2",189.055656304,"Fragment"
"O=C(CCl)N1CCc2sccc2C1",215.01716262,"Fragment"
"O=C(CCl)NCC(=O)N1CCCC1",204.066555336,"Fragment"
"CCc1nc(NC(=O)CCl)sc1C",218.028061652,"Fragment"
"CC(C)c1nnc(NC(=O)CCl)s1",219.02331062,"Fragment"
"O=C(CCl)Nc1nc2c(s1)CCC2",216.012411588,"Fragment"
"O=C(CCl)NCC(=O)c1cccs1",216.996427176,"Fragment"
"Cc1cc(=O)[nH]c(NC(=O)CCl)n1",201.030504176,"Fragment"
"COc1cc(=O)[nH]c(NC(=O)CCl)n1",217.025418796,"Fragment"
"CC(=O)N1CCC(NC(=O)CCl)CC1",218.0822054,"Fragment"
"COC(=O)c1sccc1NC(=O)CCl",232.991341796,"Fragment"
"N#CCCN(Cc1ccco1)C(=O)CCl",226.050905272,"Fragment"
"O=C(CCl)Nc1cc(F)ccc1C(=O)O",231.009848984,"Fragment"
"CC1(C)CC(=O)CC(C)(C)N1C(=O)CCl",231.102606496,"Fragment"
"CSc1ccc(CN(C)C(=O)CCl)cc1",243.048462748,"Fragment"
"O=C(CCl)NCC1Cc2ccccc2O1",225.055656304,"Fragment"
"COC(=O)C1(NC(=O)CCl)CCCCC1",233.081871052,"Fragment"
"CNC(=O)Cn1cc(NC(=O)CCl)cn1",230.057053272,"Fragment"
"O=C(CCl)NCC(=O)c1ccccc1Br",288.950518308,"Fragment"
"O=C(CCl)NCC(=O)c1ccccc1F",229.030584428,"Fragment"
"COC(=O)c1cc(Cl)ccc1NC(=O)CCl",260.995948508,"Fragment"
"COC(=O)c1ccccc1N(C)C(=O)CCl",241.050570924,"Fragment"
"O=C(CCl)NC1CCSc2ccc(F)cc21",259.023390872,"Fragment"
"O=C(CCl)N1CCN(Cc2ccco2)CC1",242.0822054,"Fragment"
"CNC(=O)C(NC(=O)CCl)c1ccccc1",240.066555336,"Fragment"
"O=C(CCl)Nc1oncc1-c1ccccc1",236.035255208,"Fragment"
"CC1CN(C(=O)OC(C)(C)C)CCN1C(=O)CCl",276.124070212,"Fragment"
"Cc1nc(CN2CCN(C(=O)CCl)CC2)cs1",273.070260812,"Fragment"
"O=C1CN(C(=O)CCl)C2(CCCCC2)C(=O)N1",258.07712002,"Fragment"
"O=C(CCl)Nc1ccccc1N1CCCC1=O",252.066555336,"Fragment"
"COc1ccc(CN(C(=O)CCl)C2CC2)cc1",253.086956432,"Fragment"
"O=C(CCl)NCCc1cccc2cccnc12",248.071640716,"Fragment"
"CN(C)C(=O)c1ccc(CNC(=O)CCl)cc1",254.0822054,"Fragment"
"COc1cc(C)c(CN(C)C(=O)CCl)cc1OC",271.097521116,"Fragment"
"O=C(CCl)N(Cc1ccco1)C1CCS(=O)(=O)C1",291.033206608,"Fragment"
"COC(=O)C1CN(C(=O)CCl)c2ccccc2O1",269.045485544,"Fragment"
"Cc1cc(NC(=O)CCl)n(-c2ccccc2C)n1",263.082539748,"Fragment"
"Cc1cccc(N2CCN(C(=O)CCl)CC2)c1C",266.118590908,"Fragment"
"O=C(CCl)NCc1ccc(NC(=O)C2CC2)cc1",266.0822054,"Fragment"
"CCOc1ccc(C2CCCN2C(=O)CCl)cc1",267.102606496,"Fragment"
"O=C(CCl)NCc1ccc(N2CCCC2=O)cc1",266.0822054,"Fragment"
"O=C(CCl)N1CCN(S(=O)(=O)c2ccccc2)CC1",302.04919102,"Fragment"
"Cc1nn(-c2ccccc2)c(C)c1CNC(=O)CCl",277.098189812,"Fragment"
"Cc1ccc(C(=O)N2CCN(C(=O)CCl)CC2)cc1",280.097855464,"Fragment"
"CCN(CC)S(=O)(=O)c1ccc(C)c(NC(=O)CCl)c1",318.080491148,"Fragment"
"O=C(CCl)Nc1cccc(S(=O)(=O)N=C2CCCN2)c1",315.044439988,"Fragment"
"CC(C)c1ccc(CN2CCN(C(=O)CCl)CC2)cc1",294.14989103600004,"Fragment"
"O=C(CCl)N1CCN(c2ncc(C(F)(F)F)cc2Cl)CC1",341.030952024,"Fragment"
"O=C(CCl)Nc1cc(C(F)(F)F)ccc1N1CCOCC1",322.069590028,"Fragment"
"O=C(CCl)N1CCN(S(=O)(=O)c2ccc(F)c(Cl)c2)CC1",354.000796856,"Fragment"
"O=C(CCl)NCc1ccc(S(=O)(=O)N2CCOCC2)cc1",332.059755704,"Fragment"
"O=C(CCl)NCc1ccccc1S(=O)(=O)N1CCCCC1",330.080491148,"Fragment"
"N#CC(c1cnn(-c2ccccc2)c1)N1CCN(C(=O)CCl)CC1",343.119987876,"Fragment"
"CNC(=O)COc1ccc(NC(=O)CCl)c(F)c1",274.05204814399997,"Fragment"
"CCC(C)(NC(=O)CCl)c1nccs1",232.043711716,"Fragment"
"CC(c1ccc(S(C)=O)cc1)N(C)C(=O)CCl",273.059027432,"Fragment"
"O=C(CCl)N1CCN(C(=O)CC(F)(F)F)CC1",272.053939964,"Fragment"
"Cc1ncc2c(n1)CCN(C(=O)CCl)C2",225.066889684,"Fragment"
"O=C(CCl)Nc1ccc(-c2nnc3n2CCCC3)cc1",290.09343878,"Fragment"
"CC(C)(C)c1nc(CNC(=O)CCl)cs1",246.05936178,"Fragment"
"O=C(CCl)NCc1ccc(-c2ccc3c(c2)CCO3)cc1",301.08695643199997,"Fragment"
"Cc1csc(C(NC(=O)CCl)C2CC2)n1",244.043711716,"Fragment"
"O=C(CCl)NC1CCOC2(CCCCC2)C1",245.11825656,"Fragment"
"O=C(CCl)N1CCSC2COCCC21",235.043377368,"Fragment"
"CC(NC(=O)CCl)C(=O)N1CCCCC1C",246.113505528,"Fragment"
"COc1ccccc1C1(NC(=O)CCl)CCC1",253.086956432,"Fragment"
"O=C(CCl)Nc1ccc(S(=O)(=O)Nc2ccccc2)cc1",324.033540956,"Fragment"
"Cc1[nH]c2ccc(CNC(=O)CCl)cc2c1C",250.08729078,"Fragment"
"O=C(CCl)NCc1ccnc(OC2CCOCC2)c1",284.092770084,"Fragment"
"Cc1nsc(N2CCCN(C(=O)CCl)CC2)n1",274.06550978,"Fragment"
"CC(CC1CCOCC1)NC(=O)CCl",219.102606496,"Fragment"
"O=C(CCl)NC1CCN(C(=O)C2CCCCC2)C1",272.129155592,"Fragment"
"O=C(CCl)NCc1nc2ccccc2n1C1CC1",263.082539748,"Fragment"
"O=C(CCl)Nc1ccc(S(=O)(=O)Nc2ccccn2)cc1",325.028789924,"Fragment"
"CN(CCc1ccc(C#N)cc1)C(=O)CCl",236.071640716,"Fragment"
"Cc1nc(C(C)C)sc1C(C)N(C)C(=O)CCl",274.090661908,"Fragment"
"CCC(NC(=O)CCl)c1c(C)noc1C",230.0822054,"Fragment"
"CN(Cc1cnc(N(C)C)nc1)C(=O)CCl",242.09343877999999,"Fragment"
"O=C(CCl)N1CC(S(=O)(=O)Nc2ccccc2)C1",288.033540956,"Fragment"
"COc1ccc(Cl)cc1C(O)CNC(=O)CCl",277.027248636,"Fragment"
"O=C(CCl)NCc1cnc(C2CC2)o1",214.050905272,"Fragment"
"O=C(CCl)N1CC(O)(C(F)F)C1",199.021162616,"Fragment"
"CN(CC1(O)CCc2ccccc21)C(=O)CCl",253.086956432,"Fragment"
"Cn1nc(CNC(=O)CCl)c2ccccc2c1=O",265.061804304,"Fragment"
"O=C(CCl)NC1CC(=O)N(CC2CC2)C1",230.0822054,"Fragment"
"O=C(CCl)NC[C@H]1C=C[C@@H]2C[C@H]1CO2",215.071306368,"Fragment"
"O=C1NC[C@@H]2[C@H]1CCCN2C(=O)CCl",216.066555336,"Fragment"
"O=C(CCl)N1C[C@H]2CCC(F)(F)[C@H]2C1",223.057548124,"Fragment"
"COCC1(CNC(=O)CCl)CCCO1",221.081871052,"Fragment"
"Cn1cc(CCNC(=O)CCl)nn1",202.062138652,"Fragment"
"O=C(CCl)N1CCCS(=O)c2ccccc21",257.027727304,"Fragment"
"O=C(CCl)NCCC1COCCO1",207.066220988,"Fragment"
"O=C(CCl)NC1CCOc2ccccc2C1",239.071306368,"Fragment"
"O=C(CCl)NC1CCCN(Cc2ccccc2)C1=O",280.097855464,"Fragment"
"CN1C(=O)c2ccccc2C1CNC(=O)CCl",252.066555336,"Fragment"
"CC(CO)(Cc1ccc(F)cc1)NC(=O)CCl",259.07753462,"Fragment"
"O=C(CCl)NC1(C2CCCO2)CCOCC1",247.097521116,"Fragment"
"O=C(CCl)NC[C@]12CCC[C@H]1CCO2",217.086956432,"Fragment"
"O=C(CCl)NCC1CCC(F)(F)C(=O)N1",240.047711712,"Fragment"
"O=C(CCl)NCC1CC2(CCOC2)C1",217.086956432,"Fragment"
"O=C(CCl)N1CC2CC1C(F)(F)C2",209.04189806,"Fragment"
"C=C1CCN(C(=O)CCl)C2(CC2)C1",199.076391748,"Fragment"
"Cc1nc(CN(C(=O)CCl)C(C)C)no1",231.077454368,"Fragment"
"O=C(CCl)N1CCCC2(C=CCO2)CC1",229.086956432,"Fragment"
"O=C(CCl)NCC1CCCc2nccn21",227.082539748,"Fragment"
"CC1=NOC(C)(CNC(=O)CCl)C1",204.066555336,"Fragment"
"O=C(CCl)N[C@H]1CO[C@@H]2COC[C@H]12",205.050570924,"Fragment"
"O=C(CCl)NCC1(CF)CC12CCOCC2",249.093184684,"Fragment"
"O=C(CCl)NCCn1nnc2ccccc21",238.062138652,"Fragment"
"O=C(CCl)N1CC(F)(F)CC2(CCC2)C1",237.073198188,"Fragment"
"O=C(CCl)N1CCN([C@@H]2COC[C@H]2O)CC1",248.092770084,"Fragment"
"CCn1cccc(CNC(=O)CCl)c1=O",228.066555336,"Fragment"
"O=C(CCl)NCc1cc(O)n2nccc2n1",240.041403208,"Fragment"
"Cc1nc(N2CCOCC2)sc1C(=O)NNC(=O)CCl",318.05533902,"Fragment"
"O=C(NCC(F)F)[C@@H]1CCCCN1C(=O)CCl",268.07901184,"Fragment"
"O=C(CCl)N1CCn2cccc2C12COC2",240.066555336,"Fragment"
"O=C(CCl)NC1CCOC(c2cccs2)C1",259.043377368,"Fragment"
"O=C(CCl)NC1CCn2c(n[nH]c2=O)C1",230.057053272,"Fragment"
"O=C(CCl)NCc1nc(C(F)(F)F)c[nH]1",241.022974184,"Fragment"
"O=C(CCl)NCCc1ccc2[nH]ncc2c1",237.066889684,"Fragment"
"O=C(CCl)Nc1ccccc1Sc1ncccn1",279.02331062,"Fragment"
"CC(NC(=O)CCl)c1noc(C(F)(F)F)n1",257.017888804,"Fragment"
"CC(CNC(=O)CCl)N1CCCCC1=O",232.097855464,"Fragment"
"NC(=O)[C@]12C[C@H]1CCCN2C(=O)CCl",216.066555336,"Fragment"
"O=C(CCl)N1CCN2CCS(=O)(=O)CC2C1",266.04919102,"Fragment"
"CCN1CCN(C(=O)CCl)CC12CCOC2",246.113505528,"Fragment"
"CC(C)C(NC(=O)CCl)c1ncon1",217.061804304,"Fragment"
"Cc1oc2ccccc2c1CCNC(=O)CCl",251.071306368,"Fragment"
"CN(C)C(=O)CC1(NC(=O)CCl)COC1",234.07712002,"Fragment"
"O=C(CCl)Nc1ccc2oc(C(F)(F)F)cc(=O)c2c1",305.006655424,"Fragment"
"CC(C)N1C(=O)C[C@H](NC(=O)CCl)[C@H]1c1ccc(Cl)c(F)c1",346.065111364,"Fragment"
"CC1(C)CN(C(=O)CCl)[C@H]2COC[C@H]21",217.086956432,"Fragment"
"CC1(C)CC(N(Cc2ccccc2)C(=O)CCl)C(C)(C)O1",309.14955668799996,"Fragment"
"N#Cc1ccc(CNC(=O)CCl)s1",213.996761524,"Fragment"
"O=C(CCl)NCc1[nH]nc2c1CCCC2",227.082539748,"Fragment"
"O=C(CCl)NC1(CO)C2CC3CC(C2)CC1C3",257.11825656,"Fragment"
"Cc1cc2cc(CNC(=O)CCl)ccc2n1C",250.08729078,"Fragment"
"CN(C)C(=O)C1CCC(NC(=O)CCl)CC1",246.113505528,"Fragment"
"O=C(CCl)NC1(c2n[nH]c(-c3cccs3)n2)CCC1",296.049859716,"Fragment"
"O=C(CCl)N1CCC[C@@H]2CCCC[C@H]21",215.107691876,"Fragment"
"O=C(CCl)N[C@@H]1CS(=O)(=O)C[C@H]1Cl",244.968019508,"Fragment"
"O=C1CCC(Nc2cccc(NC(=O)CCl)c2)C(=O)N1",295.072368988,"Fragment"
"O=C(CCl)NCc1cccc(N2CCCC2)n1",253.098189812,"Fragment"
"O=C(CCl)NCC1CCC1",161.060741684,"Fragment"
"O=C(CCl)NCC1CCOC1",177.055656304,"Fragment"
"CSc1nsc(NC(=O)CCl)n1",222.964081492,"Fragment"
"O=C(CCl)Nc1ccc(Br)cn1",247.935202592,"Fragment"
"O=C(CCl)Nc1ccc(F)cn1",188.015268712,"Fragment"
"CC(C)CN(C(=O)CCl)C1CC1",189.092041812,"Fragment"
"O=C1CCC(NC(=O)CCl)CN1",190.050905272,"Fragment"
"CC(C)n1nccc1NC(=O)CCl",201.066889684,"Fragment"
"O=C(CCl)N(C1CCCC1)C1CC1",201.092041812,"Fragment"
"O=C(CCl)Nc1nc(C2CC2)no1",201.030504176,"Fragment"
"Cc1noc(CCNC(=O)CCl)n1",203.04615424,"Fragment"
"COC1COCCC1NC(=O)CCl",207.066220988,"Fragment"
"CC(=O)c1sc(NC(=O)CCl)nc1C",232.007326208,"Fragment"
"CCN(Cc1ccc(Cl)s1)C(=O)CCl",250.993840332,"Fragment"
"O=C(CCl)Nc1n[nH]c2ncccc12",210.030838524,"Fragment"
"CC(=O)N1CCCN(C(=O)CCl)CC1",218.0822054,"Fragment"
"CCn1ccc(CN(C)C(=O)CCl)n1",215.082539748,"Fragment"
"O=C(CCl)NC1CCCc2ccccc21",223.076391748,"Fragment"
"O=C(CCl)NC(=O)OCc1ccccc1",227.03492086,"Fragment"
"CC1CCc2ccccc2N1C(=O)CCl",223.076391748,"Fragment"
"O=C(CCl)Nc1cccc2ncccc12",220.040340588,"Fragment"
"CCC1(C)NC(=O)N(NC(=O)CCl)C1=O",233.056718924,"Fragment"
"O=C(CCl)N(Cc1ccccc1)C1CC1",223.076391748,"Fragment"
"Cc1csc(CC(=O)NNC(=O)CCl)n1",247.01822524,"Fragment"
"Cc1sc(NC(=O)CCl)c(C(N)=O)c1C",246.022976272,"Fragment"
"COC(=O)c1cccc(NC(=O)CCl)n1",228.030169828,"Fragment"
"CCOC(=O)N1CCC(NC(=O)CCl)CC1",248.092770084,"Fragment"
"O=C(CCl)N1CCCC1c1ccc(F)cc1",241.066969936,"Fragment"
"CN(C)C(=O)CN1CCN(C(=O)CCl)CC1",247.108754496,"Fragment"
"CC(c1ccc(F)c(F)c1)N(C)C(=O)CCl",247.057548124,"Fragment"
"CN(Cc1cc(C#N)ccc1F)C(=O)CCl",240.04656884,"Fragment"
"O=C(CCl)Nc1ccn(Cc2ccccc2)n1",249.066889684,"Fragment"
"CC(C)(C)OC(=O)N[C@H]1CCCN(C(=O)CCl)C1",276.124070212,"Fragment"
"O=C(CCl)NNC(=O)c1cc2c(s1)CCCC2",272.038626336,"Fragment"
"Cc1cc(S(N)(=O)=O)cc(NC(=O)CCl)c1C",276.033540956,"Fragment"
"COc1ccc(NC(C)=O)cc1NC(=O)CCl",256.061469956,"Fragment"
"O=C(CCl)N(Cc1ccco1)c1ccccc1",249.055656304,"Fragment"
"COc1ccc(C(NC(=O)CCl)C2CC2)cc1",253.086956432,"Fragment"
"O=C(CCl)Nc1cc2c(cc1[N+](=O)[O-])OCO2",258.004349004,"Fragment"
"O=C(CCl)NCc1cnn(-c2ccccc2)n1",250.062138652,"Fragment"
"O=C(CCl)NCCc1cccc2ccccc12",247.076391748,"Fragment"
"Cc1cc(C)cc(OCCN(C)C(=O)CCl)c1",255.102606496,"Fragment"
"CCN(Cc1ccc2c(c1)OCCO2)C(=O)CCl",269.081871052,"Fragment"
"O=C(CCl)Nc1ccnn1Cc1ccccc1Cl",283.027917332,"Fragment"
"O=C(CCl)Nc1ccnn1Cc1cccc(Cl)c1",283.027917332,"Fragment"
"O=C(CCl)Nc1nc2cc3c(cc2s1)OCCO3",284.00224082799997,"Fragment"
"N#CC1(N2CCN(C(=O)CCl)CC2)CCCCC1",269.12948994,"Fragment"
"CC1CCc2c(sc(NC(=O)CCl)c2C(N)=O)C1",286.0542764,"Fragment"
"Cc1cccc(Cn2[nH]ccc2=NC(=O)CCl)c1",263.082539748,"Fragment"
"CC(C)(C)n1ncc2c1CCCC2NC(=O)CCl",269.12948994,"Fragment"
"O=C(CCl)N1CCCC1c1nc2ccccc2[nH]1",263.082539748,"Fragment"
"O=C(CCl)N1CCCC1c1ccc2c(c1)OCCO2",281.081871052,"Fragment"
"O=C(CCl)Nc1ccc(S(=O)(=O)N2CCCC2)cc1",302.04919102,"Fragment"
"CC(C)N(C)S(=O)(=O)c1ccc(NC(=O)CCl)cc1",304.064841084,"Fragment"
"CCN1CCN(c2ccc(NC(=O)CCl)cc2)CC1",281.12948994,"Fragment"
"O=C(CCl)Nc1cc2c(cc1[N+](=O)[O-])OCCCO2",286.035649132,"Fragment"
"Cc1ccc(S(=O)(=O)N2CCN(C(=O)CCl)CC2)cc1",316.064841084,"Fragment"
"O=C(CCl)N1CCN(S(=O)(=O)c2ccccc2F)CC1",320.039769208,"Fragment"
"N#CC(c1ccc(F)cc1)N1CCN(C(=O)CCl)CC1",295.088768,"Fragment"
"Cc1cccc(C(CNC(=O)CCl)N2CCOCC2)c1",296.129155592,"Fragment"
"Cc1ccc(NC(=O)CCl)cc1S(=O)(=O)N1CCCCC1",330.080491148,"Fragment"
"Cc1ccc(C)c(S(=O)(=O)N2CCN(C(=O)CCl)CC2)c1",330.080491148,"Fragment"
"O=C(CCl)Nc1ccc(Cl)c(S(=O)(=O)N2CCCCC2)c1",350.025868732,"Fragment"
"CN(C1CCCCC1)S(=O)(=O)c1ccccc1NC(=O)CCl",344.096141212,"Fragment"
"CCOc1ccc(NC(=O)CCl)cc1S(=O)(=O)N1CCCC1",346.07540576800005,"Fragment"
"CC1CC(C)CN(S(=O)(=O)c2ccc(NC(=O)CCl)cc2)C1",344.096141212,"Fragment"
"Cc1cccc(C)c1NC(=O)CN1CCN(C(=O)CCl)CC1",323.140054624,"Fragment"
"O=C(CCl)N1CCN(S(=O)(=O)c2ccc3c(c2)OCCO3)CC1",360.05467032399997,"Fragment"
"O=C(CCl)NC1(C(F)(F)F)Oc2ccccc2O1",281.006655424,"Fragment"
"O=C(CCl)N1CCCC1c1ccc2c(c1)OCO2",267.066220988,"Fragment"
"O=C(CCl)NC1CCCN(c2ccc(OC(F)F)cc2)C1=O",332.07392646,"Fragment"
"CNC(=O)CN1CCCN(C(=O)CCl)CC1",247.108754496,"Fragment"
"CC(C)N(C(=O)CCl)c1ccc(N2CCOCC2)cc1",296.129155592,"Fragment"
"O=C(CCl)Nc1n[nH]c2cccc(F)c12",227.026167744,"Fragment"
"O=C(CCl)NC1CCN(c2nc3ccccc3[nH]2)CC1",292.109088844,"Fragment"
"C[C@H](NC(=O)CCl)C(=O)N1CCCCC1",232.097855464,"Fragment"
"CC(C)(NC(=O)CCl)c1noc(C(N)=O)n1",246.051967892,"Fragment"
"O=C(CCl)Nc1nnc(-c2ccccc2Cl)s1",286.968688204,"Fragment"
"O=C(CCl)NC1CCN(C2CCCCC2)C1=O",258.113505528,"Fragment"
"O=C(CCl)NCCC1COc2ccccc2O1",255.066220988,"Fragment"
"CN(C)C(=O)C1CCCC(NC(=O)CCl)C1",246.113505528,"Fragment"
"O=C(CCl)N1CCSc2ncccc21",228.012411588,"Fragment"
"CC1(c2cccs2)CC1CNC(=O)CCl",243.048462748,"Fragment"
"CC(NC(=O)CCl)c1csc(C2CC2)n1",244.043711716,"Fragment"
"CC(=O)N1Cc2ccc(NC(=O)CCl)cc2C1",252.066555336,"Fragment"
"CCc1noc(CC)c1CNC(=O)CCl",230.0822054,"Fragment"
"CC(C)N1C(=O)CC(NC(=O)CCl)C1=O",232.061469956,"Fragment"
"O=C(CCl)N(CC1CCCO1)C1CCCC1",245.11825656,"Fragment"
"O=C(CCl)Nc1ccc(Cl)c(-n2nnnc2C2CC2)c1",311.034065332,"Fragment"
"CC(NC(=O)CCl)c1csnn1",205.007660556,"Fragment"
"Cc1ocnc1CNC(=O)CCl",188.035255208,"Fragment"
"O=C(CCl)NCC1=CCCC1",173.060741684,"Fragment"
"CN(CCc1ccccc1O)C(=O)CCl",227.071306368,"Fragment"
"O=C(CCl)NC1CCC(O)(c2cccnc2)CC1",268.097855464,"Fragment"
"O=C(CCl)NC(c1cc(F)ccc1F)C(F)F",269.023054436,"Fragment"
"CCc1nocc1CN(C)C(=O)CCl",216.066555336,"Fragment"
"CN(Cc1csc(C(C)(C)O)n1)C(=O)CCl",262.0542764,"Fragment"
"O=C(CCl)NCC1CN(c2ccc(Cl)cc2)CCO1",302.05888311199993,"Fragment"
"O=C(CCl)NCc1cnn2ccccc12",223.05123962,"Fragment"
"O=C(CCl)NC(=O)C1CC1",161.024356176,"Fragment"
"CC1(CNC(=O)CCl)CCOC2(CCC2)C1",245.11825656,"Fragment"
"CC(C)(C)OC(=O)N1CCC(F)(F)C(CNC(=O)CCl)C1",326.12087665200005,"Fragment"
"O=C(CCl)NC(C1CC1)C1CCCOC1",231.102606496,"Fragment"
"O=C(CCl)N1C[C@H]2CCCS(=O)(=O)[C@H]2C1",251.038291988,"Fragment"
"Cn1cc(C2(CNC(=O)CCl)CCCO2)cn1",257.093104432,"Fragment"
"CN(C[C@@H]1CCC(=O)N1)C(=O)CCl",204.066555336,"Fragment"
"COC(CNC(=O)CCl)C1CCOC1",221.081871052,"Fragment"
"CC1CCc2nc(C(C)NC(=O)CCl)sc2C1",272.075011844,"Fragment"
"CC(NC(=O)CCl)c1cnn(C2CC2)c1",227.082539748,"Fragment"
"C[C@H]1CN(C(=O)CCl)CCN1C(=O)c1cnn(C)c1",284.104003464,"Fragment"
"O=C(CCl)NCc1ncc2c(n1)CCOC2",241.061804304,"Fragment"
"O=C(CCl)NCc1noc2ccc(F)cc12",242.025833396,"Fragment"
"O=C1NCCN(C(=O)CCl)C1C1CC1",216.066555336,"Fragment"
"CN(Cc1cc(F)cc(C(F)(F)F)c1)C(=O)CCl",283.0387045,"Fragment"
"CN(C)c1nccc2c1CCN(C(=O)CCl)C2",253.098189812,"Fragment"
"O=C(CCl)NCC1(C2CC2)CCCO1",217.086956432,"Fragment"
"O=C(CCl)N1CCC(c2nc(C3CC3)no2)C1",255.077454368,"Fragment"
"CC12CC(C#N)(C1)C1(CN(C(=O)CCl)C1)O2",240.066555336,"Fragment"
"O=C1CC2(CCC2)C(NC(=O)CCl)CN1",230.0822054,"Fragment"
"CC1CCNC(=O)C1CNC(=O)CCl",218.0822054,"Fragment"
"O=C(CCl)N1CCOCCC1c1ccccc1",253.086956432,"Fragment"
"CC(C)[C@@H]1CN2CCC[C@H]2CN1C(=O)CCl",244.134240972,"Fragment"
"O=C(CCl)N1CCCCC1Cn1ccnn1",242.09343877999999,"Fragment"
"O=C(CCl)NCc1ccc2nonc2c1",225.030504176,"Fragment"
"O=C(CCl)NCC1CCCN(C(=O)C(F)(F)F)C1",286.069590028,"Fragment"
"O=C(CCl)N1CC(CC(F)F)(C2CC2)C1",237.073198188,"Fragment"
"N#Cc1cccc2c1CC[C@H]2NC(=O)CCl",234.055990652,"Fragment"
"O=C(CCl)N1CCC[C@]2(CO)CCC[C@H]12",231.102606496,"Fragment"
"O=C(CCl)NN1CCc2ccccc2C1=O",238.050905272,"Fragment"
"Cn1cc(C2CC(NC(=O)CCl)CCO2)cn1",257.093104432,"Fragment"
"O=C(CCl)N1CCc2oc3ccccc3c2C1",249.055656304,"Fragment"
"O=C(CCl)N1[C@H](CO)C[C@@H]2CCCC[C@@H]21",231.102606496,"Fragment"
"Cc1cc(O)n2nc(CNC(=O)CCl)nc2n1",255.05230224,"Fragment"
"O=C(CCl)NCc1noc(-c2cccs2)n1",257.002575176,"Fragment"
"O=C(CCl)N(CC(F)F)C1CCS(=O)(=O)CC1",289.035098428,"Fragment"
"COCCN1[C@H](C)CN(C(=O)CCl)C[C@@H]1C",248.129155592,"Fragment"
"CNC(=O)c1ccc(O)c(NC(=O)CCl)c1",242.045819892,"Fragment"
"O=C(CCl)N[C@@H]1CCCN(C(=O)CCC(F)(F)F)C1",300.085240092,"Fragment"
"CC(C)n1nc(C(=O)NNC(=O)CCl)c2ccccc2c1=O",322.08326802,"Fragment"
"O=C(CCl)Nc1cccc2ccnn12",209.035589556,"Fragment"
"O=C(CCl)NCc1c[nH]nc1-c1ccccc1",249.066889684,"Fragment"
"O=C(CCl)NNC(=O)c1noc2c1COCC2",259.03598348,"Fragment"
"CC1(C2CC2)NC(=O)N(c2cccc(CNC(=O)CCl)c2)C1=O",335.103669116,"Fragment"
"O=C(CCl)N1CC(COC(F)F)C1",213.03681268,"Fragment"
"CC1(CNC(=O)CCl)OCCc2sccc21",259.043377368,"Fragment"
"O=C(CCl)Nc1ccc2c(c1F)CCNC2=O",256.04148346,"Fragment"
"N#CC1(c2ccccc2)CC(NC(=O)CCl)C1",248.071640716,"Fragment"
"C[C@@H](NC(=O)CCl)c1cnnn1C",202.062138652,"Fragment"
"O=C(CCl)NC1(Cc2ccccc2)CC1",223.076391748,"Fragment"
"O=C(CCl)NCC1CN(C2CC2)C(=O)O1",232.061469956,"Fragment"
"Cc1nc(-c2cc(NC(=O)CCl)cc(C(F)(F)F)c2)n[nH]1",318.0495232800001,"Fragment"
"CCCC1(C)C(=O)NCCN1C(=O)CCl",232.097855464,"Fragment"
"CC1(CNC(=O)CCl)CCOC1C1CC1",231.102606496,"Fragment"
"CC(C)(C)OC(=O)N1CCCC(C2CC2NC(=O)CCl)C1",316.15537034,"Fragment"
"O=C(CCl)NCc1ncccc1-n1cccn1",250.062138652,"Fragment"
"O=C(CCl)NCc1cn[nH]c1C(F)F",223.032395996,"Fragment"
"CN(Cc1cc2sccc2n1C)C(=O)CCl",256.043711716,"Fragment"
"O=C(CCl)NC1(CO)CCc2ccccc21",239.071306368,"Fragment"
"CCN(Cc1cccc2[nH]ccc12)C(=O)CCl",250.08729078,"Fragment"
"COc1cc(C2(NC(=O)CCl)CC2)ccn1",240.066555336,"Fragment"
"CCC(NC(=O)CCl)c1cocn1",202.050905272,"Fragment"
"CCCN(CC1Cc2ccccc2O1)C(=O)CCl",267.102606496,"Fragment"
"CC(C)(O)CN(C(=O)CCl)C1CCOCC1",249.11317118,"Fragment"
"CC(O)CN(C(=O)CCl)C1CCCCC1",233.11825656,"Fragment"
"Cn1nccc1CN1C[C@@H](F)C[C@H]1CNC(=O)CCl",288.11531709599996,"Fragment"
"CC(NC(=O)CCl)C1CCN(C(=O)C2(C)OCCc3ccccc32)CC1",378.171020404,"Fragment"
"O=C(CCl)N1CCN(Cc2cc(Cl)cc(Cl)c2)CC1",320.02499614000004,"Fragment"
"COc1cccc2c1CCC2N(C)C(=O)CCl",253.086956432,"Fragment"
"O=C(CCl)Nc1ccncc1",170.024690524,"Fragment"
"O=C(CCl)Nc1cccnn1",171.019939492,"Fragment"
"CCc1nnc(NC(=O)CCl)s1",205.007660556,"Fragment"
"N#Cc1ccsc1NC(=O)CCl",199.98111146,"Fragment"
"CC1(C)CN(C(=O)CCl)CCO1",191.071306368,"Fragment"
"O=C(CCl)NCc1ccc(Cl)s1",222.962540204,"Fragment"
"Cc1ncsc1CNC(=O)CCl",204.012411588,"Fragment"
"NC(=O)[C@@H]1CCCN1C(=O)CCl",190.050905272,"Fragment"
"Cc1cc(CNC(=O)CCl)[nH]n1",187.05123962,"Fragment"
"NC(=O)C1CCN(C(=O)CCl)CC1",204.066555336,"Fragment"
"CC1(NC(=O)CCl)CCS(=O)(=O)C1",225.022641924,"Fragment"
"Cc1ccc(CN(C)C(=O)CCl)o1",201.055656304,"Fragment"
"NC(=O)C1CCCCN1C(=O)CCl",204.066555336,"Fragment"
"O=C(CCl)NC1CCS(=O)(=O)CC1",225.022641924,"Fragment"
"C#Cc1ccc(NC(=O)CCl)cc1",193.029441556,"Fragment"
"CC(C)N(C(=O)CCl)C1CCCCC1",217.12334194,"Fragment"
"CC(C)c1cccc(NC(=O)CCl)c1",211.076391748,"Fragment"
"CC(C)C(NC(=O)CCl)c1cccs1",231.048462748,"Fragment"
"Cc1cc(CNC(=O)CCl)ccc1F",215.051319872,"Fragment"
"N#Cc1ccc(CNC(=O)CCl)cc1",208.040340588,"Fragment"
"NC(=O)c1cccc(NC(=O)CCl)c1",212.035255208,"Fragment"
"CC(C)N1CCC(NC(=O)CCl)CC1",218.118590908,"Fragment"
"O=C(CCl)N1CCOC2CCCCC21",217.086956432,"Fragment"
"CC1CCN(CCNC(=O)CCl)CC1",218.118590908,"Fragment"
"O=C(CCl)Nc1ccnn1C1CCCC1",227.082539748,"Fragment"
"CCOC(=O)C1CCCCN1C(=O)CCl",233.081871052,"Fragment"
"O=C(O)Cc1ccc(NC(=O)CCl)cc1",227.03492086,"Fragment"
"CC1(C)CC2CC(C)(CN2C(=O)CCl)C1",229.12334194,"Fragment"
"O=C(CCl)NC1CCC(C(F)(F)F)CC1",243.063776376,"Fragment"
"Cc1ccccc1CC(C)NC(=O)CCl",225.092041812,"Fragment"
"Cc1ccc(S(=O)(=O)NC(=O)CCl)cc1",247.00699186,"Fragment"
"O=C(CCl)N1CCCc2cc(Cl)ccc21",243.021769332,"Fragment"
"CCNC(=O)c1cccc(NC(=O)CCl)c1",240.066555336,"Fragment"
"O=C(CCl)Nc1cc2c(cc1Br)OCCO2",304.945432928,"Fragment"
"Cc1ccc(C(NC(=O)CCl)C2CC2)cc1",237.092041812,"Fragment"
"Cc1ccc(C)c(NC(=O)NC(=O)CCl)c1",240.066555336,"Fragment"
"O=C(CCl)N(Cc1ccccc1Cl)C1CC1",257.037419396,"Fragment"
"O=C(CCl)Nc1cccnc1N1CCCC1",239.082539748,"Fragment"
"COc1ccccc1C(C)N(C)C(=O)CCl",241.086956432,"Fragment"
"CN(CCOc1ccccc1F)C(=O)CCl",245.061884556,"Fragment"
"CS(=O)(=O)c1ccc(CNC(=O)CCl)cc1",261.022641924,"Fragment"
"Cc1ccc2c(c1)OC(C)CN2C(=O)CCl",239.071306368,"Fragment"
"O=C(CCl)N1CCC(OCc2ccccc2)CC1",267.102606496,"Fragment"
"CC1CN(C(=O)CCl)CCN1C(=O)OC(C)(C)C",276.124070212,"Fragment"
"Cc1n[nH]c(=O)c2c(NC(=O)CCl)oc(C)c12",255.04106886,"Fragment"
"CN(CC1COc2ccccc2O1)C(=O)CCl",255.066220988,"Fragment"
"CC(=O)N1CCc2cc(NC(=O)CCl)ccc21",252.066555336,"Fragment"
"O=C(CCl)N1CCN(Cc2ccc(Br)s2)CC1",335.96987384799996,"Fragment"
"COc1ccc(OC)c(C(C)NC(=O)CCl)c1",257.081871052,"Fragment"
"CC(NC(=O)CCl)c1cccc2ccccc12",247.076391748,"Fragment"
"O=C(CCl)Nc1cccc(N2CCCC2=O)c1",252.066555336,"Fragment"
"Cc1ccc(N(CCC#N)C(=O)CCl)cc1C",250.08729078,"Fragment"
"O=C(CCl)NCc1cnn(-c2ccccc2)c1",249.066889684,"Fragment"
"O=C(CCl)N1CCc2[nH]c3ccccc3c2C1",248.071640716,"Fragment"
"CC(c1ccccc1F)N(C(=O)CCl)C1CC1",255.08262,"Fragment"
"O=C(CCl)NCCOc1ccc2c(c1)OCO2",257.04548554400003,"Fragment"
"O=C(CCl)NCc1ccc(N2CCCC2)cc1",252.102940844,"Fragment"
"Cc1cccc(CN2CCN(C(=O)CCl)CC2)c1",266.118590908,"Fragment"
"O=C(CCl)NCC1(N2CCOCC2)CCCCC1",274.144805656,"Fragment"
"COC(=O)C1Cc2ccccc2CN1C(=O)CCl",267.066220988,"Fragment"
"O=C(CCl)NC(c1ccccc1)c1ccccn1",260.071640716,"Fragment"
"O=C(CCl)NCc1ccccc1OC1CCCC1",267.102606496,"Fragment"
"O=C(CCl)NC(Cc1c[nH]c2ccccc12)C(=O)O",280.061469956,"Fragment"
"O=C(CCl)N1CCN(S(=O)(=O)c2ccc(Cl)s2)CC1",341.96663960399997,"Fragment"
"COc1ccc(NC(=O)CCl)cc1S(=O)(=O)N(C)C",306.04410564000005,"Fragment"
"Cc1cc(C)nc(-n2nc(C)cc2NC(=O)CCl)n1",279.088687748,"Fragment"
"Cc1ccc(CN2CCCN(C(=O)CCl)CC2)cc1",280.13424097200004,"Fragment"
"O=C(CCl)N1CCN(S(=O)(=O)c2ccccc2Cl)CC1",336.010218668,"Fragment"
"O=C(CCl)NC1(c2ccc3c(c2)OCCO3)CCCC1",295.097521116,"Fragment"
"O=C(CCl)NCc1ccc(C(=O)N2CCOCC2)cc1",296.092770084,"Fragment"
"CC(C)c1ccc(Cn2[nH]ccc2=NC(=O)CCl)cc1",291.113839876,"Fragment"
"COc1ccc(S(=O)(=O)N2CCN(C(=O)CCl)CC2)cc1",332.05975570400005,"Fragment"
"O=C(CCl)Nc1ccc(-c2nnc3n2CCCCC3)cc1",304.109088844,"Fragment"
"O=C(CCl)N(Cc1ccco1)C12CC3CC(CC(C3)C1)C2",307.13390662399996,"Fragment"
"CN(C1CCCCC1)S(=O)(=O)c1ccc(NC(=O)CCl)cc1",344.096141212,"Fragment"
"COc1ccc(S(=O)(=O)N2CCN(C(=O)CCl)CC2)cc1OC",362.070320388,"Fragment"
"COc1cccc2cc(CNC(=O)CCl)oc12",253.050570924,"Fragment"
"Cc1cc(NC(=O)CCl)ccc1N1CCSCC1",284.075011844,"Fragment"
"O=C(CCl)NC(c1ccc2c(c1)OCCO2)C1CC1",281.081871052,"Fragment"
"CC(C)(C)c1nc(C(C)(C)NC(=O)CCl)no1",259.108754496,"Fragment"
"O=C1CN(C(=O)CCl)C2CCCCC2N1",230.0822054,"Fragment"
"O=C(CCl)NC1CCCS(=O)(=O)c2ccccc21",287.038291988,"Fragment"
"Cc1nc2sccn2c1C(=O)c1ccc(NC(=O)CCl)cc1",333.033875304,"Fragment"
"CC(NC(=O)CCl)C(C)n1cncn1",216.077788716,"Fragment"
"O=C(CCl)Nc1c(F)cccc1-n1cncn1",254.037066776,"Fragment"
"O=C(CCl)Nc1ccc(O)c(C(F)(F)F)c1",253.011740804,"Fragment"
"O=C(CCl)NCC1(c2ccc3c(c2)OCO3)CCOCC1",311.09243573599997,"Fragment"
"Cc1nc(CNC(=O)CCl)nc2ccccc12",249.066889684,"Fragment"
"Cc1nc(C)c(C(C)N(C)C(=O)CCl)s1",246.05936178,"Fragment"
"O=C(CCl)N1C2CCC1c1ccccc12",221.060741684,"Fragment"
"CN(C(=O)CCl)C1CCN(CCc2ccccn2)CC1",295.145140004,"Fragment"
"O=C(CCl)NCC#Cc1cccnc1",208.040340588,"Fragment"
"CC(C)c1nc2n(n1)CC(NC(=O)CCl)CC2",256.109088844,"Fragment"
"O=C(CCl)N(CC(F)(F)F)C1CCOC1",245.043040932,"Fragment"
"O=C(CCl)N(Cc1ccoc1)C1CCCCC1",255.102606496,"Fragment"
"CC(NC(=O)CCl)c1ccc(N2CCOCC2)cc1",282.113505528,"Fragment"
"O=C(CCl)NCCN1C(=O)Cc2ccccc21",252.066555336,"Fragment"
"NC(=O)C(NC(=O)CCl)c1ccccc1F",244.04148346,"Fragment"
"CS(=O)(=O)Nc1cccc(C2=NN(C(=O)CCl)C(c3ccccc3)C2)c1",391.07574011599996,"Fragment"
"Cc1ccc(S(=O)(=O)NC2CCN(C(=O)CCl)CC2)cc1",330.080491148,"Fragment"
"COC(=O)c1cccc(NC(=O)CCl)c1O",243.02983548,"Fragment"
"O=C(CCl)N1CC(=O)N2CCCC2C1",216.066555336,"Fragment"
"O=C(CCl)NCC1=CCCCC1",187.076391748,"Fragment"
"O=C(CCl)NCCc1nsc2ccccc12",254.028061652,"Fragment"
"O=C(CCl)N1CCOC2(CCC2)C1",203.071306368,"Fragment"
"O=C(CCl)N1CCCc2n[nH]cc21",199.05123962,"Fragment"
"O=C(CCl)N1CCc2cc(F)ccc21",213.035669808,"Fragment"
"CC(C)(C)OC(=O)N1Cc2ccccc2C(CNC(=O)CCl)C1",338.13972027600005,"Fragment"
"Cc1cccc2c1CC(NC(=O)CCl)CO2",239.071306368,"Fragment"
"O=C(CCl)NCC1CCCC(C(F)(F)F)O1",259.058690996,"Fragment"
"CCc1noc(C2CCC(NC(=O)CCl)C2)n1",257.093104432,"Fragment"
"O=C(CCl)N1CCCCC(C2CCOC2)C1",245.11825656,"Fragment"
"CCc1ccc2c(c1)CCN2C(=O)CCl",223.076391748,"Fragment"
"O=C(CCl)NCc1cc(C2CC2)n[nH]1",213.066889684,"Fragment"
"O=C(CCl)NNC(=O)C1(c2ccccc2)CCC1",266.0822054,"Fragment"
"O=C(CCl)NCc1c2c(n[nH]c1=O)CCCC2",255.077454368,"Fragment"
"Cc1cccc(N2CCC(NC(=O)CCl)C2=O)c1",266.0822054,"Fragment"
"Cc1ccc(CN(CC2CC2)C(=O)CCl)cn1",252.102940844,"Fragment"
"Cn1cc(CC2CCCC2NC(=O)CCl)cn1",255.113839876,"Fragment"
"CC(NC(=O)CCl)c1nnc(-c2ccccc2F)s1",299.02953887200005,"Fragment"
"CC1CCC(NC(=O)CCl)C(=O)N1",204.066555336,"Fragment"
"O=C(CCl)NCC12CCCC(C1)C(=O)N2",230.0822054,"Fragment"
"C=C(CNC(=O)CCl)C1CCOCC1",217.086956432,"Fragment"
"O=C(CCl)NCC1C(F)(F)C12CCOCC2",253.068112808,"Fragment"
"O=C(CCl)NCc1ccc2c(n1)CCC2",224.071640716,"Fragment"
"CC1=NOC(CNC(=O)CCl)C1",190.050905272,"Fragment"
"Cc1ccc([C@]23C[C@H]2CN(C(=O)CCl)C3)cc1",249.092041812,"Fragment"
"O=C(CCl)N1CCCC2(C1)OC[C@H]1C[C@H]12",229.086956432,"Fragment"
"C#CCC(NC(=O)CCl)c1ccccc1",221.060741684,"Fragment"
"O=C(CCl)N1CC(NC(=O)C(F)(F)F)CCC1C(F)(F)F",340.041324592,"Fragment"
"O=C(CCl)N1CC=CCC2(CCOCC2)C1",243.102606496,"Fragment"
"Cc1cc2ncc(NC(=O)CCl)cn2n1",224.046488588,"Fragment"
"CC1=C(c2ccco2)CN(C(=O)CCl)CC1",239.071306368,"Fragment"
"CN1CCC(Oc2ccc(CNC(=O)CCl)cc2)CC1",296.129155592,"Fragment"
"O=C(CCl)NCCC1(O)C(=O)Nc2ccccc21",268.061469956,"Fragment"
"O=C(CCl)NC1c2ccccc2CCC1CO",253.086956432,"Fragment"
"O=C1CCCCC1C1COCCN1C(=O)CCl",259.097521116,"Fragment"
"CCOc1cncc(NC(=O)CCl)n1",215.04615424,"Fragment"
"O=C1CCN(C(=O)CCl)CC1Cc1ccccc1",265.086956432,"Fragment"
"CC(Cc1cn(C)c2ccc(F)cc12)NC(=O)CCl",282.093519032,"Fragment"
"O=C(CCl)NCCc1ccc(=O)[nH]c1",214.050905272,"Fragment"
"Cn1nccc1-c1[nH]nnc1CNC(=O)CCl",254.06828665199998,"Fragment"
"CCC(=O)NC1CCN(C(=O)CCl)C1",218.0822054,"Fragment"
"O=C(CCl)N1CCCN(c2ccccc2F)CC1",270.093519032,"Fragment"
"Cc1cc(CNC(=O)CCl)cc(=O)[nH]1",214.050905272,"Fragment"
"O=C(CCl)N1CCn2c(cc3ccccc32)C1",248.071640716,"Fragment"
"Cc1nc2c(NC(=O)CCl)cccn2n1",224.046488588,"Fragment"
"CC(NC(=O)CCl)c1ccc(N2CCCOC2=O)cc1",296.092770084,"Fragment"
"O=C(CCl)NCC1CCCN(c2ncccn2)C1",268.109088844,"Fragment"
"O=C(CCl)N(CCCO)C1CCCc2ccccc21",281.11825655999996,"Fragment"
"C[C@H]1[C@@H](N2CCOCC2)CCN1C(=O)CCl",246.113505528,"Fragment"
"CC1(C)CC(O)c2cc(NC(=O)CCl)ccc21",253.086956432,"Fragment"
"O=C(CCl)NCc1cc(=O)n2ccccc2n1",251.04615424,"Fragment"
"CC(C)CC1C(=O)NCCCN1C(=O)CCl",246.113505528,"Fragment"
"CC(O)CN1CCN(C(=O)CCl)C(C)C1",234.113505528,"Fragment"
"O=C(CCl)NC12CC(N3CCCCC3=O)(C1)C2",256.097855464,"Fragment"
"CC(C)(C)OC(=O)N1c2ccccc2C(NC(=O)CCl)C1(C)C",338.139720276,"Fragment"
"O=C(CCl)Nc1nccc(-c2ccc(F)c(F)c2)n1",283.03239599600005,"Fragment"
"O=C(CCl)N(CC1(O)CCC1)C1CC1",217.086956432,"Fragment"
"O=C(CCl)Nc1ccc(N2CC3CCC(C2)O3)cc1",280.097855464,"Fragment"
"O=C(CCl)NCCC1Cc2ccccc2C1",237.092041812,"Fragment"
"CCOC1CC(NC(=O)CCl)C12CCCO2",247.097521116,"Fragment"
"CCn1nccc1CN(C(=O)CCl)c1cccc(F)c1C",309.104418064,"Fragment"
"Cc1cccc(N(C)CCNC(=O)CCl)c1",240.102940844,"Fragment"
"C[C@@H](NC(=O)CCl)c1cccc(C#N)c1",222.055990652,"Fragment"
"O=C(CCl)NCCn1cc(Cl)c(C(F)(F)F)n1",288.999651896,"Fragment"
"CC(C)C(NC(=O)CCl)c1ccc(F)c(C#N)c1",268.077868968,"Fragment"
"O=C(CCl)NCCc1ncc(F)cn1",217.041817808,"Fragment"
"O=C(CCl)NC1COc2ncccc21",212.035255208,"Fragment"
"CC(NC(=O)CCl)c1cc(C(F)(F)F)[nH]n1",255.038624248,"Fragment"
"CC1C(NC(=O)CCl)CCC(CO)C1(C)C",247.133906624,"Fragment"
"Cc1noc(C)c1S(=O)(=O)N1CCC(NC(=O)CCl)CC1",335.070654736,"Fragment"
"CC1CC(N(Cc2cccc(Cl)c2)C(=O)CCl)CCO1",315.079284208,"Fragment"
"O=C(CCl)N1CCCO1",149.024356176,"Fragment"
"CCN(C(=O)CCl)C1CC1",161.060741684,"Fragment"
"CN(C(=O)CCl)C1=CCCC1",173.060741684,"Fragment"
"Cn1nnc(NC(=O)CCl)n1",175.026087492,"Fragment"
"CCn1cc(NC(=O)CCl)cn1",187.05123962,"Fragment"
"Cc1ccc(CNC(=O)CCl)s1",203.01716262,"Fragment"
"O=C(CCl)NCc1cc(Br)cs1",266.912024624,"Fragment"
"O=C(CCl)NCCc1ccsc1",203.01716262,"Fragment"
"O=C(CCl)NC1CCCCNC1=O",204.066555336,"Fragment"
"Cc1nn(C)c(C)c1NC(=O)CCl",201.066889684,"Fragment"
"O=C(CCl)NCc1ccccc1F",201.035669808,"Fragment"
"Cc1ccsc1CN(C)C(=O)CCl",217.032812684,"Fragment"
"CC(C)N(C(=O)CCl)C1CCCC1",203.107691876,"Fragment"
"O=C(CCl)NCC1CCS(=O)(=O)C1",225.022641924,"Fragment"
"CN(Cc1ccc(Br)o1)C(=O)CCl",264.950518308,"Fragment"
"CNC(=O)C1CCCN1C(=O)CCl",204.066555336,"Fragment"
"Cc1csc(CCNC(=O)CCl)n1",218.028061652,"Fragment"
"O=C(CCl)N1CCOCC1C1CC1",203.071306368,"Fragment"
"O=C(CCl)N(Cc1ccsc1)C1CC1",229.032812684,"Fragment"
"Cc1c(Cl)cnc(NC(=O)CCl)c1Cl",251.962395884,"Fragment"
"O=C(CCl)NC(=O)CN1CCCC1=O",218.045819892,"Fragment"
"CC(C)(C)c1cc(NC(=O)CCl)on1",216.066555336,"Fragment"
"Cc1ccccc1CCNC(=O)CCl",211.076391748,"Fragment"
"Cc1oc(NC(=O)CCl)c(C#N)c1C",212.035255208,"Fragment"
"O=C(CCl)N1CCCC(C(F)(F)F)C1",229.048126312,"Fragment"
"CC(=O)NC1CCCN(C(=O)CCl)C1",218.0822054,"Fragment"
"C[C@@H](NC(=O)CCl)c1ccc(F)cc1",215.051319872,"Fragment"
"CNC(=O)c1cccc(NC(=O)CCl)c1",226.050905272,"Fragment"
"COC(=O)c1cc(NC(=O)CCl)cn1C",230.045819892,"Fragment"
"CCC1c2ccsc2CCN1C(=O)CCl",243.048462748,"Fragment"
"CC(c1ccc(F)cc1)N(C)C(=O)CCl",229.066969936,"Fragment"
"CC(C)C(NC(=O)CCl)c1ccccc1",225.092041812,"Fragment"
"Cc1ccc2c(c1)CCCN2C(=O)CCl",223.076391748,"Fragment"
"CS(=O)(=O)N1CCC(NC(=O)CCl)CC1",254.04919102,"Fragment"
"CC(C)(CNC(=O)CCl)N1CCOCC1",234.113505528,"Fragment"
"Cc1cc(NC(=O)CCl)n(C(C)(C)C)n1",229.098189812,"Fragment"
"CC(C)(C)C(NC(=O)CCl)c1cccs1",245.064112812,"Fragment"
"Cc1ccc(CN(C(=O)CCl)C2CC2)o1",227.071306368,"Fragment"
"NS(=O)(=O)c1ccccc1NC(=O)CCl",248.002240828,"Fragment"
"O=C(CCl)Nc1nnc(CC(F)(F)F)o1",243.00223874,"Fragment"
"O=C(CCl)N1CCCc2cc(O)ccc21",225.055656304,"Fragment"
"O=C(CCl)N[C@H]1CCCc2ccccc21",223.076391748,"Fragment"
"O=C(CCl)N1CC=C(c2ccccc2)CC1",235.076391748,"Fragment"
"O=C(CCl)Nc1ccc2c(c1)OCCCO2",241.050570924,"Fragment"
"O=C(CCl)N(Cc1ccco1)CC(F)(F)F",255.027390868,"Fragment"
"COc1cc(OC)c(NC(=O)CCl)cc1Cl",263.011598572,"Fragment"
"O=C(CCl)N(Cc1ccccc1F)C1CC1",241.066969936,"Fragment"
"CC(C)C(NC(=O)CCl)c1ccc(F)cc1",243.08262,"Fragment"
"O=C(CCl)N1CCc2ccc([N+](=O)[O-])cc21",240.030169828,"Fragment"
"CC(C)Oc1ccc(CNC(=O)CCl)cc1",241.086956432,"Fragment"
"O=C(CCl)N(Cc1ccccc1)C1CCS(=O)(=O)C1",301.05394205199997,"Fragment"
"CN(C(=O)CCl)C1CCCN(C(=O)OC(C)(C)C)C1",290.139720276,"Fragment"
"CC(C)(C)OC(=O)N1CCC(NC(=O)CCl)CC1",276.124070212,"Fragment"
"O=C(CCl)NN1C(=O)NC2(CCCCC2)C1=O",259.072368988,"Fragment"
"O=C(CCl)Nc1ccc(N2CCCCC2)cc1",252.102940844,"Fragment"
"COc1cc(NC(=O)CCl)cc(OC)c1OC",259.06113560800003,"Fragment"
"CC(NC(=O)CCl)c1ccc2c(c1)OCCO2",255.066220988,"Fragment"
"O=C(CCl)N1CCN(c2ccc(O)cc2)CC1",254.0822054,"Fragment"
"Cc1cc(N2CCCC2)ccc1NC(=O)CCl",252.102940844,"Fragment"
"O=C(CCl)N1CCCc2cc([N+](=O)[O-])ccc21",254.045819892,"Fragment"
"O=C(CCl)Nc1ccc(C(=O)O)cc1[N+](=O)[O-]",258.004349004,"Fragment"
"O=C(CCl)Nc1cccc(C(=O)NC2CC2)c1",252.066555336,"Fragment"
"O=C(CCl)N(Cc1cccs1)CC1CCCO1",273.059027432,"Fragment"
"CN(Cc1ccc(C(F)(F)F)cc1)C(=O)CCl",265.048126312,"Fragment"
"O=C(CCl)NC1CCCc2c1cnn2CCO",257.093104432,"Fragment"
"CC(C)N(C)C(=O)C1CCN(C(=O)CCl)CC1",260.129155592,"Fragment"
"CC(NC(=O)CCl)c1ccc2c(c1)CC(=O)N2",252.066555336,"Fragment"
"O=C(CCl)N1CCN(C(=O)c2ccsc2)CC1",272.038626336,"Fragment"
"O=C(CCl)Nc1nc(CN2CCCCC2)cs1",273.070260812,"Fragment"
"CC(c1ccccc1)N1CCN(C(=O)CCl)CC1",266.118590908,"Fragment"
"COc1ccc(N2CCN(C(=O)CCl)CC2)cc1",268.097855464,"Fragment"
"CC1CCC2(CC1)NC(=O)N(NC(=O)CCl)C2=O",273.088019052,"Fragment"
"COc1ccccc1N(CC(F)(F)F)C(=O)CCl",281.043040932,"Fragment"
"CCOc1cc2c(cc1NC(=O)CCl)OC(C)C2",269.081871052,"Fragment"
"CC1CCN(c2ccc(NC(=O)CCl)cc2)CC1",266.118590908,"Fragment"
"O=C(CCl)NCC1(c2ccc(F)cc2)CCCC1",269.098270064,"Fragment"
"O=C(CCl)NCc1cccc(N2CCCC2=O)c1",266.0822054,"Fragment"
"O=C(CCl)NCc1ccc(-c2ccc(Br)cc2)o1",326.96616837199997,"Fragment"
"O=C(CCl)Nc1ccccc1C(=O)NC1CCCC1",280.097855464,"Fragment"
"CCOC(=O)c1oc2ccccc2c1NC(=O)CCl",281.04548554400003,"Fragment"
"O=C(CCl)N1CCC(C(=O)N2CCCCCC2)CC1",286.144805656,"Fragment"
"COc1ccc(CN2CCN(C(=O)CCl)CC2)cc1",282.113505528,"Fragment"
"O=C(CCl)NC1CCN(C(=O)C2CCCCC2)CC1",286.144805656,"Fragment"
"O=C(CCl)N1CCN(c2ccc(Cl)cc2[N+](=O)[O-])CC1",317.03339663599996,"Fragment"
"Cc1noc(C)c1S(=O)(=O)N1CCN(C(=O)CCl)CC1",321.055004672,"Fragment"
"Cc1ccc(NC(=O)CCl)cc1S(=O)(=O)N1CCOCC1",332.059755704,"Fragment"
"Cc1ccc(S(=O)(=O)N2CCN(C(=O)CCl)CC2)cc1C",330.080491148,"Fragment"
"O=C(CCl)N1CCN(Cc2cccc3ccccc23)CC1",302.11859090800004,"Fragment"
"O=C(CCl)Nc1ccc(S(=O)(=O)N=C2CCCCCN2)cc1",343.075740116,"Fragment"
"O=C(CCl)N1CCN(S(=O)(=O)c2ccc3c(c2)CCC3)CC1",342.080491148,"Fragment"
"O=C(CCl)N1CCc2cc(S(=O)(=O)N3CCCCC3)ccc21",342.080491148,"Fragment"
"COc1ccc(S(=O)(=O)N2CCCCCC2)cc1NC(=O)CCl",360.091055832,"Fragment"
"O=C(CCl)N1CCN(S(=O)(=O)c2ccc3c(c2)CCCC3)CC1",356.096141212,"Fragment"
"O=C(CCl)NCC1(c2cccs2)CCCC1",257.064112812,"Fragment"
"CN(C(=O)CCl)C1CC1c1ccccc1",223.076391748,"Fragment"
"CCC1(c2ccc(NC(=O)CCl)cc2)CCC(=O)NC1=O",308.092770084,"Fragment"
"O=C(CCl)NCc1nc(-c2ccccc2)n[nH]1",250.062138652,"Fragment"
"CC(C)COC(=O)N1CCCN(C(=O)CCl)CC1",276.124070212,"Fragment"
"O=C(CCl)NCC1(c2ccc3c(c2)OCO3)CC1",267.066220988,"Fragment"
"CN(C(=O)CCl)C1CCN(c2ccccc2)C1=O",266.0822054,"Fragment"
"O=C(CCl)N1CCN(Cc2cscn2)CC1",259.054610748,"Fragment"
"Cc1c(CNC(=O)CCl)oc2ccc(F)cc12",255.046234492,"Fragment"
"CN(C(=O)CCl)C1CCCCC1S(C)(=O)=O",267.069592116,"Fragment"
"Cc1cc(C=C2CCN(C(=O)CCl)CC2)no1",254.0822054,"Fragment"
"CC(NC(=O)CCl)c1nc(Cc2ccccc2)no1",279.07745436799996,"Fragment"
"O=C(CCl)N1CCc2cc(F)cc(F)c21",231.026247996,"Fragment"
"O=C(CCl)NC1CCN(Cc2cscn2)CC1",273.070260812,"Fragment"
"O=C(CCl)N1CCS(=O)(=O)CC1c1ccccc1",287.038291988,"Fragment"
"CN1CCC(N2CCC(CCN(C)C(=O)CCl)CC2)CC1",315.20774026,"Fragment"
"CCN1C(=O)C2CN(C(=O)CCl)CCN2C1=O",259.072368988,"Fragment"
"O=C(CCl)NC1CCN(C(=O)c2ccccc2)C1",266.0822054,"Fragment"
"C#Cc1cccc(N(Cc2ccco2)C(=O)CCl)c1",273.05565630399997,"Fragment"
"O=C(CCl)N1CCC2CCCC21",187.076391748,"Fragment"
"CC(=O)c1ccc2c(c1)CCCN2C(=O)CCl",251.071306368,"Fragment"
"O=C(CCl)N1CCC2(CCN(Cc3ccccc3)CC2)CC1",320.16554110000004,"Fragment"
"O=C(CCl)N[C@H]1CC[C@@H](CO)CC1",205.086956432,"Fragment"
"COc1cc(OC)nc(NC(=O)CCl)n1",231.04106886,"Fragment"
"CNC(=O)c1ccc(NC(=O)CCl)cc1",226.050905272,"Fragment"
"CS(=O)(=O)c1cccc(NC(=O)CCl)c1",247.00699186,"Fragment"
"CCN(Cc1ccccc1C)C(=O)CCl",225.092041812,"Fragment"
"CCN(Cc1ccc(Cl)cc1)C(=O)CCl",245.037419396,"Fragment"
"COc1ccc(C(C)NC(=O)CCl)cc1",227.071306368,"Fragment"
"CC1CCC(N(C(=O)CCl)C2CC2)CC1",229.12334194,"Fragment"
"Cc1nc2cc(NC(=O)CCl)ccc2[nH]1",223.05123962,"Fragment"
"CC1CCN(C(=O)CCl)C2CCCCC12",229.12334194,"Fragment"
"O=C(CCl)N1CCN(C(=O)C2CC2)CC1",230.0822054,"Fragment"
"CN(C)C(=O)N1CCN(C(=O)CCl)CC1",233.093104432,"Fragment"
"O=C(CCl)NCCc1c(F)cccc1F",233.04189806,"Fragment"
"Cc1ccsc1CN(C(=O)CCl)C(C)C",245.064112812,"Fragment"
"Cc1cccc(NC(=O)NC(=O)CCl)c1C",240.066555336,"Fragment"
"COc1ccc2c(c1)CCCN2C(=O)CCl",239.071306368,"Fragment"
"Cc1ccc(S(N)(=O)=O)cc1NC(=O)CCl",262.017890892,"Fragment"
"CN(Cc1ccc(N(C)C)cc1)C(=O)CCl",240.102940844,"Fragment"
"COC(=O)C1(NC(=O)CCl)CCC(C)CC1",247.097521116,"Fragment"
"CCN(C(=O)CCl)c1c(N)n(Cc2ccccc2)c(=O)[nH]c1=O",336.098918084,"Fragment"
"CC(C1CC1)N(Cc1ccccc1)C(=O)CCl",251.107691876,"Fragment"
"O=C(CCl)Nc1ccnn1Cc1ccccc1",249.066889684,"Fragment"
"O=C(CCl)N1CCC(Cc2ccccc2)CC1",251.107691876,"Fragment"
"Cc1cccc(N2CCN(C(=O)CCl)CC2)c1",252.102940844,"Fragment"
"O=C(CCl)N1CCN(c2ccccc2Cl)CC1",272.04831842799996,"Fragment"
"O=C(CCl)Nc1ccc(N2CCCC2=O)cc1",252.066555336,"Fragment"
"NC(=O)C1CN(C(=O)CCl)c2ccccc2O1",254.045819892,"Fragment"
"CC(C)NC(=O)c1ccccc1NC(=O)CCl",254.0822054,"Fragment"
"O=C(CCl)Nc1ccccc1N1CCCCC1",252.102940844,"Fragment"
"Cc1cc2c(o1)CC(C)(C)CC2NC(=O)CCl",255.102606496,"Fragment"
"CN(C)C(=O)c1cccc(CNC(=O)CCl)c1",254.0822054,"Fragment"
"O=C(CCl)NCC1CCN(c2ccccc2)C1",252.102940844,"Fragment"
"Cc1nc(NC(=O)CCl)sc1-c1ccccc1",266.028061652,"Fragment"
"CCN(Cc1ccc(C#N)cc1F)C(=O)CCl",254.062218904,"Fragment"
"O=C(CCl)Nc1cc(-n2cnnn2)ccc1F",255.032315744,"Fragment"
"CN(CC(=O)Nc1cccc(Cl)c1)C(=O)CCl",274.027582984,"Fragment"
"O=C(CCl)N(Cc1cccs1)C1CCS(=O)(=O)C1",307.01036298799994,"Fragment"
"O=C(CCl)Nc1ccc(CN2CCOCC2)cc1",268.097855464,"Fragment"
"Cc1cccc(C)c1NC(=O)CN(C)C(=O)CCl",268.097855464,"Fragment"
"O=C(CCl)N1CCN(Cc2ccc(Cl)cc2)CC1",286.06396849199996,"Fragment"
"CN(C)S(=O)(=O)c1ccccc1CNC(=O)CCl",290.04919102,"Fragment"
"O=C(CCl)Nc1ccc2[nH]c(C(F)(F)F)nc2c1",277.022974184,"Fragment"
"COc1ccc(C2=CCN(C(=O)CCl)CC2)cc1",265.086956432,"Fragment"
"Cc1nnnn1-c1ccc(F)c(NC(=O)CCl)c1",269.047965808,"Fragment"
"CCN(CC)S(=O)(=O)c1cccc(NC(=O)CCl)c1",304.064841084,"Fragment"
"O=C(CCl)N1CCC(c2nc3ccccc3s2)CC1",294.05936178,"Fragment"
"COc1ccc(C2CCCN2C(=O)CCl)cc1OC",283.097521116,"Fragment"
"O=C(Nc1ccccc1)C1CCN(C(=O)CCl)CC1",280.097855464,"Fragment"
"O=C(CCl)NCc1ccc(N2CCOCC2)c(F)c1",286.088433652,"Fragment"
"O=C(CCl)Nc1cccc(C(=O)N2CCSCC2)c1",298.0542764,"Fragment"
"O=C(CCl)Nc1ccc(S(=O)(=O)N2CCOCC2)cc1",318.04410564000005,"Fragment"
"O=C(CCl)N1CCN(S(=O)(=O)c2ccc(F)cc2)CC1",320.039769208,"Fragment"
"O=C(CCl)N1CCN(S(=O)(=O)c2cccc(F)c2)CC1",320.039769208,"Fragment"
"O=C(CCl)Nc1cccc(S(=O)(=O)N2CCOCC2)c1",318.04410564,"Fragment"
"COc1ccc(CN2CCCN(C(=O)CCl)CC2)cc1",296.129155592,"Fragment"
"O=C(CCl)Nc1cccc(S(=O)(=O)N2CCCCCC2)c1",330.080491148,"Fragment"
"Cc1ccc(S(=O)(=O)N2CCOCC2)cc1NC(=O)CCl",332.059755704,"Fragment"
"COc1ccc(C2(C)NC(=O)N(NC(=O)CCl)C2=O)cc1",311.06728360799997,"Fragment"
"O=C(CCl)N1N=C(C=Cc2ccco2)CC1c1ccco1",304.061469956,"Fragment"
"O=C(CCl)Nc1ccc(NC(=O)CN2CCOCC2)cc1",311.103669116,"Fragment"
"CC(=O)c1cccc(S(=O)(=O)N2CCN(C(=O)CCl)CC2)c1",344.05975570400005,"Fragment"
"CN1CCCCCC1=NS(=O)(=O)c1cccc(NC(=O)CCl)c1",357.09139017999996,"Fragment"
"CC(NC(=O)CCl)c1ccc2c(c1)CCC2",237.092041812,"Fragment"
"O=C1CC(N(C(=O)CCl)C2CC2)C(=O)N1",230.045819892,"Fragment"
"Cc1ccc(NC(=O)CCl)c2[nH]ncc12",223.05123962,"Fragment"
"CN(C)C(=O)Cn1cc(NC(=O)CCl)cn1",244.072703336,"Fragment"
"O=C(CCl)N1CCC1c1cccc(F)c1",227.051319872,"Fragment"
"Cc1nc2n(n1)CCCC2NC(=O)CCl",228.077788716,"Fragment"
"NC(=O)c1ccc2c(c1)CCN2C(=O)CCl",238.050905272,"Fragment"
"COc1ccc2c(c1)CCN2C(=O)CCl",225.055656304,"Fragment"
"Cc1cccc(OC(F)F)c1NC(=O)CCl",249.03681268,"Fragment"
"Cc1nc2c(s1)C(N(C)C(=O)CCl)CCC2",258.05936178,"Fragment"
"CC1COCCN1c1ccc(NC(=O)CCl)cc1",268.097855464,"Fragment"
"CCN(CC)C(=O)C1CCCN1C(=O)CCl",246.113505528,"Fragment"
"O=C(CCl)Nc1cc(F)cc(N2CCCC2)c1",256.077868968,"Fragment"
"O=C(CCl)NC1CCN(CC2CC2)C1",216.102940844,"Fragment"
"O=C(CCl)N1CCN(c2nc3ccccc3o2)CC1",279.077454368,"Fragment"
"Cc1ccc(C)n1C1CCC(NC(=O)CCl)CC1",268.134240972,"Fragment"
"CC(NC(=O)CCl)c1cn(-c2ccccc2)nn1",264.077788716,"Fragment"
"O=C(C1CCCCN1C(=O)CCl)N1CCOCC1",274.108420148,"Fragment"
"CN(CC1OCCc2ccccc21)C(=O)CCl",253.086956432,"Fragment"
"COCc1nc2n(n1)CC(NC(=O)CCl)CC2",258.0883534,"Fragment"
"O=C(CCl)NCC1CCN(C(=O)c2ccccc2)CC1",294.113505528,"Fragment"
"O=C(CCl)NC1CCN(C(=O)c2ccccc2C(F)(F)F)CC1",348.085240092,"Fragment"
"O=C(CCl)N1N=C(c2ccco2)CC1c1ccsc1",294.022976272,"Fragment"
"CC(NC(=O)CCl)c1nc(C(F)(F)F)no1",257.017888804,"Fragment"
"O=C(CCl)N1C[C@H]2CC[C@@H](O)C[C@H]2C1",217.086956432,"Fragment"
"Cc1csc(Cl)c1NC(=O)CCl",222.962540204,"Fragment"
"O=C(CCl)NCc1cc2n(n1)CCCO2",229.061804304,"Fragment"
"CC(C)c1nnc(CCNC(=O)CCl)s1",247.054610748,"Fragment"
"Cc1noc(C(C)N(C)C(=O)CCl)n1",217.061804304,"Fragment"
"CN1CCC(CNC(=O)CCl)(c2ccccc2)CC1",280.13424097200004,"Fragment"
"O=C(CCl)NCc1cccc2c1CCOC2",239.071306368,"Fragment"
"O=C(CCl)NCCC1CCCC1(F)F",225.073198188,"Fragment"
"O=C(CCl)NC1(c2ncccn2)CCC1",225.066889684,"Fragment"
"O=C(CCl)NCCS(=O)(=O)N1CCCC1",254.04919102,"Fragment"
"Cc1nc(CC2CCN(C(=O)CCl)CC2)no1",257.093104432,"Fragment"
"O=C(CCl)N1CCC2CCC(C2)C1",201.092041812,"Fragment"
"O=C(CCl)NC1(c2ccc3c(c2)OCCO3)CC1",267.066220988,"Fragment"
"CC1CSc2ccccc2N(C(=O)CCl)C1",255.048462748,"Fragment"
"Cc1ccc2c(c1)SCCCN2C(=O)CCl",255.048462748,"Fragment"
"O=C(CCl)NC[C@H]1CCO[C@H]1c1ncn[nH]1",244.072703336,"Fragment"
"O=C(CCl)NCc1csc(-c2cc3ccccc3o2)n1",306.022976272,"Fragment"
"O=C(CCl)NCc1noc(C2CC2)n1",215.04615424,"Fragment"
"CC(C)n1cc2c(n1)C(NC(=O)CCl)CCC2",255.113839876,"Fragment"
"O=C1CC2(CN1)CC(NC(=O)CCl)C2",216.066555336,"Fragment"
"O=C(CCl)N1CCc2c(cc[nH]c2=O)C1",226.050905272,"Fragment"
"COC1(C(F)(F)CNC(=O)CCl)CCC1",241.068112808,"Fragment"
"CC1c2ccccc2N(C(=O)CCl)C1C",223.076391748,"Fragment"
"CC(F)(F)c1ccccc1CNC(=O)CCl",247.057548124,"Fragment"
"CC1(C)C[C@H]2OCC[C@H]2CN(C(=O)CCl)C1",245.11825656,"Fragment"
"C=CCCC1(C#N)CCN(C(=O)CCl)CC1",240.102940844,"Fragment"
"O=C(CCl)Nc1c[nH]c(C(=O)N2CCCC2)c1",255.077454368,"Fragment"
"CC(C)(C)OC(=O)N1C(CNC(=O)CCl)CC2COCC21",318.134634896,"Fragment"
"COc1ccccc1[C@H]1C[C@H](NC(=O)CCl)C1",253.086956432,"Fragment"
"C[C@@H]1CCN(C(=O)CCl)[C@@H](c2ccco2)C1",241.086956432,"Fragment"
"COc1cc(CN(C(=O)CCl)C2CC2)ccc1O",269.081871052,"Fragment"
"O=C(CCl)NNC(=O)C1CCN(c2ncccn2)CC1",297.099252432,"Fragment"
"CC(C)C1CC(CNC(=O)CCl)CCO1",233.11825656,"Fragment"
"Cn1ccc2cccc(NC(=O)CCl)c21",222.055990652,"Fragment"
"O=C(CCl)NCc1nc2ccccc2o1",224.035255208,"Fragment"
"O=C(CCl)NCC1CC(=O)N(C2CC2)C1",230.0822054,"Fragment"
"Cc1noc(C)c1CN(C(=O)CCl)C1CC1",242.0822054,"Fragment"
"COc1ccc2nnc(CNC(=O)CCl)n2n1",255.05230224,"Fragment"
"CCC1(C)COCCC1NC(=O)CCl",219.102606496,"Fragment"
"CCCN1CCCN(C(=O)CCl)CC1=O",232.097855464,"Fragment"
"CCOC(=O)N1CCC(C(C)NC(=O)CCl)CC1",276.124070212,"Fragment"
"CS(=O)(=O)N1CCC[C@@H]1CNC(=O)CCl",254.04919102,"Fragment"
"O=C(CCl)N[C@H]1CCN(S(=O)(=O)c2ccccc2)C1",302.04919102,"Fragment"
"O=C(CCl)NCc1cc(O)ccc1Cl",233.001033888,"Fragment"
"O=C(NC1CC1)[C@H]1C[C@H]2OCC[C@H]2N1C(=O)CCl",272.092770084,"Fragment"
"COc1ccc2[nH]ccc2c1NC(=O)CCl",238.050905272,"Fragment"
"CCCN(C(=O)CCl)C1CC(=O)N(C)C1=O",246.07712002,"Fragment"
"CC(=O)NC1CCC(N(C)C(=O)CCl)CC1",246.113505528,"Fragment"
"CC(NC(=O)CCl)c1nnnn1C",203.05738762,"Fragment"
"CC(C)(C)n1ncnc1CNC(=O)CCl",230.09343877999999,"Fragment"
"C[C@]12CCCC[C@H]1CN2C(=O)CCl",201.092041812,"Fragment"
"O=C(CCl)N1CCOc2cccnc2C1",226.050905272,"Fragment"
"CCn1nc(C)c(CN(C)C(=O)CCl)c1C",243.113839876,"Fragment"
"COc1ccccc1[C@@H](C)N(C)C(=O)CCl",241.086956432,"Fragment"
"CN(CC1CN(c2ccccc2)C(=O)O1)C(=O)CCl",282.07712002,"Fragment"
"O=C(CCl)NCC1C[C@H]2COC[C@H]2O1",219.066220988,"Fragment"
"O=C(CCl)N[C@H]1[C@@H]2Cc3ccccc3[C@@H]21",221.060741684,"Fragment"
"CN1CCC(CNC(=O)CCl)C1=O",204.066555336,"Fragment"
"O=C(CCl)NCCC1OCCc2ccccc21",253.086956432,"Fragment"
"Cn1nnc2c1CC(NC(=O)CCl)CC2",228.077788716,"Fragment"
"CC(NC(=O)CCl)c1cnn(CC2CCC2)c1",255.113839876,"Fragment"
"C#CCCN(C(=O)CCl)C1CCOCC1",229.086956432,"Fragment"
"O=C(CCl)NNC(=O)c1ccccc1N1CCOCC1",297.088019052,"Fragment"
"O=C(CCl)NNC(=O)c1cc2c(Cl)cccc2s1",301.968353856,"Fragment"
"O=C(CCl)N1CCC2(CC1)COC(CO)C2",247.097521116,"Fragment"
"O=C(CCl)NCC1OCc2ccccc21",225.055656304,"Fragment"
"Cn1ccnc1C(NC(=O)CCl)C(F)(F)F",255.038624248,"Fragment"
"O=C(CCl)NC1c2ccccc2CCC1N1CCCC1",292.13424097200004,"Fragment"
"Cn1ncc(C2CC2)c1CNC(=O)CCl",227.082539748,"Fragment"
"CC(NC(=O)CCl)c1cc(F)ccc1N(C)C",258.093519032,"Fragment"
"Cc1nc(C(NC(=O)CCl)c2ccccc2)no1",265.061804304,"Fragment"
"CC(C)(C)OC(=O)N1CCOc2cc(CNC(=O)CCl)ccc21",340.118984832,"Fragment"
"O=C(CCl)N1CCc2cc(C(F)(F)F)ccc21",263.032476248,"Fragment"
"C[C@@H](NC(=O)CCl)c1coc2c(F)cccc12",255.046234492,"Fragment"
"O=C(CCl)NC1CCS(=O)(=O)c2ccc(F)cc21",291.01322011200006,"Fragment"
"O=C(CCl)NC1Cc2ccccc2N(C(=O)C(F)(F)F)C1",320.053939964,"Fragment"
"O=C(CCl)N1CCC2(CCOCC2)C12CC2",243.102606496,"Fragment"
"O=C(CCl)NCc1nc2c(F)cccc2o1",242.025833396,"Fragment"
"O=C(CCl)NCc1ccnc(-c2ccccc2)c1",260.071640716,"Fragment"
"C[C@@H]1CN(CCO)[C@@H](C)CN1C(=O)CCl",234.113505528,"Fragment"
"CC(NC(=O)CCl)c1ccc2ncsc2c1",254.028061652,"Fragment"
"CN(CC(=O)N1CCC(O)CC1)C(=O)CCl",248.092770084,"Fragment"
"CC(NC(=O)CCl)C1(S(C)(=O)=O)CC1",239.038291988,"Fragment"
"O=C(CCl)NC(CC1CCOC1)c1ccccc1",267.102606496,"Fragment"
"C#CC(CC1CCOC1)NC(=O)CCl",215.071306368,"Fragment"
"CC1(C2COCCN2C(=O)CCl)CC1",217.086956432,"Fragment"
"C=CCn1cc2ccc(NC(=O)CCl)cc2n1",249.066889684,"Fragment"
"CC(NC(=O)CCl)C1OCCc2sccc21",259.043377368,"Fragment"
"CNC(=O)C1CN(C(=O)CCl)CCO1",220.061469956,"Fragment"
"O=C(CCl)NC12CC=CC(C1)OC2",201.055656304,"Fragment"
"O=C(CCl)NCCc1ncccc1F",216.04656884,"Fragment"
"CC(C)(NC(=O)CCl)C(O)c1ccccc1",241.086956432,"Fragment"
"Cc1ccnc(C(NC(=O)CCl)C2CC2)n1",239.082539748,"Fragment"
"CC1CCN(C(=O)CCl)C(C(N)=O)C1",218.0822054,"Fragment"
"O=C(CCl)N1CCS(=O)(=O)N2CCOCC12",268.028455576,"Fragment"
"O=C(CCl)N1CC2(CCC2)CC1C(F)(F)F",255.063776376,"Fragment"
"Cn1ccc(C(NC(=O)CCl)C(F)(F)F)c1",254.04337528,"Fragment"
"CSc1ccc([C@@H](C)NC(=O)CCl)cc1",243.048462748,"Fragment"
"Cc1nccc(C2(NC(=O)CCl)CC2)n1",225.066889684,"Fragment"
"O=C(CCl)NC1CC(O)(c2ccc(F)cc2)C1",257.061884556,"Fragment"
"O=C(CCl)NC1CC(NC(=O)C2CCC2)C1",244.097855464,"Fragment"
"O=C(CCl)NC(c1ccc[nH]1)C(F)(F)F",240.027725216,"Fragment"
"CC(NC(=O)CCl)C(O)c1cc(F)cc(Cl)c1",279.022912204,"Fragment"
"O=C(CCl)N[C@H]1C[C@@H](n2cccn2)C1",213.066889684,"Fragment"
"O=C(CCl)N[C@@H]1c2ccccc2C[C@H]1NC(=O)c1cnc2ccccc2n1",380.1040034640001,"Fragment"
"CC(C)(C)OC(=O)N1CCN(C(=O)CCl)CC1",262.108420148,"Fragment"
"O=C(CCl)N1CCCCC1c1cc(F)cc(F)c1",273.073198188,"Fragment"
"O=C(CCl)Nc1ccon1",160.00395508,"Fragment"
"O=C(CCl)Nc1ncc[nH]1",159.019939492,"Fragment"
"CC1CN(C(=O)CCl)CCO1",177.055656304,"Fragment"
"O=C(CCl)Nc1cccnc1",170.024690524,"Fragment"
"CN(Cc1ccsc1)C(=O)CCl",203.01716262,"Fragment"
"Cc1cc(NC(=O)CCl)n(C)n1",187.05123962,"Fragment"
"O=C(CCl)NC(=O)c1ccc[nH]1",186.019605144,"Fragment"
"O=C(CCl)Nc1ccc(Cl)c(F)c1",220.981047392,"Fragment"
"CCCn1nccc1NC(=O)CCl",201.066889684,"Fragment"
"C=CCN(C(=O)CCl)c1ccccc1",209.060741684,"Fragment"
"CN(Cc1ccccc1F)C(=O)CCl",215.051319872,"Fragment"
"Cc1ccc(CNC(=O)CCl)cc1F",215.051319872,"Fragment"
"O=C(CCl)N1CCCC1c1cccs1",229.032812684,"Fragment"
"N#Cc1cccc(CNC(=O)CCl)c1",208.040340588,"Fragment"
"O=C(CCl)Nc1nc2c(s1)CCCC2",230.028061652,"Fragment"
"O=C(CCl)N1CCN2C(=O)CCC2C1",216.066555336,"Fragment"
"O=C(CCl)NCc1ncnn1-c1ccccc1",250.062138652,"Fragment"
"O=C(CCl)Nc1ccc(S(=O)(=O)N2CCCC2CO)cc1",332.059755704,"Fragment"
"Cc1cc(NC(=O)CCl)[nH]c(=O)c1",200.035255208,"Fragment"
"CC1(C)[C@@H](O)[C@H]2CCCN(C(=O)CCl)[C@H]21",231.102606496,"Fragment"
"Cc1ccnc(C(F)(F)F)c1NC(=O)CCl",252.027725216,"Fragment"
"CCc1ncc(F)cc1NC(=O)CCl",216.04656884,"Fragment"
"CCn1c(C)nc2cc(C(=O)NNC(=O)CCl)ccc21",294.0883534,"Fragment"
"O=C(CCl)NCc1nnc(C2CCOC2)[nH]1",244.072703336,"Fragment"
"CC(C)(C)OC(=O)N1CC(NC(=O)CCl)(c2ccccc2)C1",324.124070212,"Fragment"
"Cc1noc(C)c1C(C)CNC(=O)CCl",230.0822054,"Fragment"
"O=C(CCl)N1COC2CCCCC2C1",217.086956432,"Fragment"
"Cc1ccc(-c2ncc[nH]2)cc1NC(=O)CCl",249.066889684,"Fragment"
"CC(C)(C)c1nocc1CNC(=O)CCl",230.0822054,"Fragment"
"COc1cc(C2CN(C(=O)CCl)C2)ccc1F",257.061884556,"Fragment"
"O=C(CCl)NCC12CCCCC1C2(F)F",237.073198188,"Fragment"
"CC(C)(C)OC(=O)N1Cc2ccnn2CC(NC(=O)CCl)C1",328.130218212,"Fragment"
"O=C(CCl)N1CCC[C@H]1CN1CCOCC1",246.113505528,"Fragment"
"CNC(=O)N1CCCCC1CCNC(=O)CCl",261.12440456,"Fragment"
"O=C(CCl)NCCc1c[nH]c2c(F)c(F)c(F)cc12",290.04337528,"Fragment"
"O=C(CCl)NCC(F)(F)c1cccnc1",234.037147028,"Fragment"
"Cc1[nH]c(C(C)NC(=O)CCl)nc1-c1ccc(Cl)cc1",311.05921746,"Fragment"
"O=C(CCl)NCCn1cnc2ccsc2c1=O",271.01822524,"Fragment"
"Cn1cc(CNC(=O)CCl)c(-c2ccccn2)n1",264.077788716,"Fragment"
"COCC(=O)N1CC(C)(NC(=O)CCl)C1",234.07712002,"Fragment"
"CC1CCCN1C(=O)CNC(=O)CCl",218.0822054,"Fragment"
"CCC(=O)N1CCC(NC(=O)CCl)C(CC)C1",260.129155592,"Fragment"
"O=C(CCl)NCc1ccnn1C1CCCC1",241.098189812,"Fragment"
"COCC1C=CCCN1C(=O)CCl",203.071306368,"Fragment"
"O=C(CCl)N(Cc1ccc2c(c1)OCCO2)CC1(O)CCC1",325.10808579999997,"Fragment"
"Cc1ccc2sc(C(=O)N3CCCOC(CNC(=O)CCl)C3)cc2c1",380.096141212,"Fragment"
"C#CC(C)N(C(=O)CCl)C1CCCCC1",227.107691876,"Fragment"
"NC(=O)CCN(C(=O)CCl)C1CCS(=O)(=O)C1",282.04410564000005,"Fragment"
"O=C(CCl)N1CCO[C@@H]2CCCC[C@H]21",217.086956432,"Fragment"
"O=C1CN(C(=O)CCl)CCN1",176.035255208,"Fragment"
"Cn1cc(NC(=O)CCl)cn1",173.035589556,"Fragment"
"Cc1nc(NC(=O)CCl)sc1C",204.012411588,"Fragment"
"O=C(CCl)N1CCCCCCC1",189.092041812,"Fragment"
"COC(=O)C1(NC(=O)CCl)CC1",191.03492086,"Fragment"
"CCN(Cc1cccs1)C(=O)CCl",217.032812684,"Fragment"
"CC(C)c1cc(NC(=O)CCl)on1",202.050905272,"Fragment"
"CSc1ccc(NC(=O)CCl)cc1",215.01716262,"Fragment"
"CCN1CCC(NC(=O)CCl)CC1",204.102940844,"Fragment"
"CN(Cc1cnn(C)c1)C(=O)CCl",201.066889684,"Fragment"
"CC1CN(C(=O)CCl)CC(C)(C)O1",205.086956432,"Fragment"
"Cc1noc(C)c1CNC(=O)CCl",202.050905272,"Fragment"
"CC(C)[C@@H]1COC(=O)N1C(=O)CCl",205.050570924,"Fragment"
"CN(Cc1ncnn1C)C(=O)CCl",202.062138652,"Fragment"
"O=C(CCl)N1CCC2CCCCC2C1",215.107691876,"Fragment"
"CCN(C(=O)CCl)C1CCS(=O)(=O)C1",239.038291988,"Fragment"
"O=C(CCl)NC(=O)NCc1cccs1",232.007326208,"Fragment"
"CCN(C(=O)CCl)c1ccccc1C",211.076391748,"Fragment"
"O=C(CCl)NCC#Cc1ccccc1",207.04509162,"Fragment"
"CN(Cc1ccc(Br)cc1)C(=O)CCl",274.971253752,"Fragment"
"CNC(=O)C1CCN(C(=O)CCl)CC1",218.0822054,"Fragment"
"Cc1noc(C)c1CN(C)C(=O)CCl",216.066555336,"Fragment"
"COc1ccc(N(C)C(=O)CCl)cc1",213.055656304,"Fragment"
"COc1c(Cl)cccc1NC(=O)CCl",233.001033888,"Fragment"
"O=C(CCl)N1CCC(c2ccccc2)=N1",222.055990652,"Fragment"
"CN(C)c1ccc(CNC(=O)CCl)cc1",226.08729078,"Fragment"
"CS(=O)(=O)c1ccccc1NC(=O)CCl",247.00699186,"Fragment"
"Cc1cccc(C(=O)O)c1NC(=O)CCl",227.03492086,"Fragment"
"CCN(Cc1cccc(C)c1)C(=O)CCl",225.092041812,"Fragment"
"O=C(CCl)Nc1nnc(-c2ccco2)o1",227.009768732,"Fragment"
"CC(NC(=O)CCl)C(=O)N1CCCCC1",232.097855464,"Fragment"
"CCOc1cccc(CNC(=O)CCl)c1",227.071306368,"Fragment"
"O=C(CCl)NCc1ccccc1[N+](=O)[O-]",228.030169828,"Fragment"
"COc1ccc(Cl)cc1CNC(=O)CCl",247.016683952,"Fragment"
"O=C(CCl)N1CCN(c2ncccn2)CC1",240.077788716,"Fragment"
"COc1cc(NC(=O)CCl)c(OC)cc1Cl",263.011598572,"Fragment"
"O=C(CCl)N1CCc2cc([N+](=O)[O-])ccc21",240.030169828,"Fragment"
"CN(C)C(CNC(=O)CCl)c1ccccc1",240.102940844,"Fragment"
"CN(C)C(=O)c1cccc(NC(=O)CCl)c1",240.066555336,"Fragment"
"CCOC(=O)c1cnn(C)c1NC(=O)CCl",245.056718924,"Fragment"
"O=C(CCl)Nc1ccc(N2CCCC2)cc1",238.08729078,"Fragment"
"CS(=O)(=O)c1ccc(F)c(NC(=O)CCl)c1",264.997570048,"Fragment"
"NS(=O)(=O)c1ccc(Cl)c(NC(=O)CCl)c1",281.963268476,"Fragment"
"CN(C)Cc1ccc(CNC(=O)CCl)cc1",240.102940844,"Fragment"
"O=C(CCl)Nc1nc(CN2CCCC2)cs1",259.054610748,"Fragment"
"O=C(CCl)NCC1CCCc2ccccc21",237.092041812,"Fragment"
"CCN(C(=O)CCl)C(C)c1ccc(F)cc1",243.08262,"Fragment"
"CC(Cc1c(F)cccc1F)NC(=O)CCl",247.057548124,"Fragment"
"CC(C)N(C(=O)CCl)C(C)c1ccccc1",239.107691876,"Fragment"
"O=C(CCl)NC1CCN(Cc2ccccc2)CC1",266.118590908,"Fragment"
"O=C(CCl)N1CCN(Cc2ccccc2)CC1",252.102940844,"Fragment"
"O=C(CCl)N(Cc1ccccc1)CC1(O)CCOC1",283.097521116,"Fragment"
"O=C(CCl)N(C1CCCC1)C1CCS(=O)(=O)C1",279.069592116,"Fragment"
"O=C(CCl)NC(=O)Nc1ccc2c(c1)OCO2",256.02508444800003,"Fragment"
"O=C(CCl)N1CCN(c2ccccc2F)CC1",256.077868968,"Fragment"
"Cc1sc2ncn(NC(=O)CCl)c(=O)c2c1C",271.01822524,"Fragment"
"O=C(CCl)N1CCN(Cc2ccc(Cl)s2)CC1",292.020389428,"Fragment"
"CC(NC(=O)CCl)c1ccc(S(N)(=O)=O)cc1",276.033540956,"Fragment"
"Cc1cc(NC(=O)CCl)ccc1N1CCCC1",252.102940844,"Fragment"
"NS(=O)(=O)c1ccc2c(c1)CCN2C(=O)CCl",274.017890892,"Fragment"
"O=C(CCl)N1CCN(C(=O)c2ccco2)CC1",256.061469956,"Fragment"
"CNS(=O)(=O)c1cc(NC(=O)CCl)ccc1C",276.033540956,"Fragment"
"Cc1cc(N(CCC#N)C(=O)CCl)ccc1Cl",270.03266836399996,"Fragment"
"O=C(CCl)N1CCN(Cc2cccnc2)CC1",253.098189812,"Fragment"
"O=C(CCl)Nc1cc2c(cc1Cl)NC(=O)CO2",273.99119747599997,"Fragment"
"CCC(=O)Nc1cccc(NC(=O)CCl)c1C",254.0822054,"Fragment"
"Cc1nc(C2(NC(=O)CCl)CCCCC2)no1",257.093104432,"Fragment"
"CC(C)(C)N(Cc1cccc(F)c1)C(=O)CCl",257.098270064,"Fragment"
"O=C(CCl)N1CCOC(c2ccc(F)cc2)C1",257.061884556,"Fragment"
"Cc1nc(-c2cccc(NC(=O)CCl)c2)n[nH]1",250.062138652,"Fragment"
"Cc1ccc(NC(=O)CCl)cc1S(=O)(=O)N(C)C",290.04919102,"Fragment"
"Cc1ccc(S(=O)(=O)N(C)C)cc1NC(=O)CCl",290.04919102,"Fragment"
"COc1ccccc1N1CCN(C(=O)CCl)CC1",268.097855464,"Fragment"
"O=C(CCl)N1CCN(S(=O)(=O)c2cccs2)CC1",308.00561195600005,"Fragment"
"Cc1nc(C2(NC(=O)CCl)CCCCCC2)no1",271.108754496,"Fragment"
"Cc1cc(NC(=O)CCl)n(-c2ccccc2F)n1",267.057467872,"Fragment"
"O=C(CCl)N1CCC(C(=O)N2CCCCC2)CC1",272.129155592,"Fragment"
"O=C(CCl)NCc1ccc(CN2CCCC2)cc1",266.118590908,"Fragment"
"O=C(CCl)N1CCC(C(=O)N2CCOCC2)CC1",274.108420148,"Fragment"
"O=C(CCl)NCC1(c2ccccc2)CCOCC1",267.102606496,"Fragment"
"O=C(CCl)Nc1cccc(CN2CCSCC2)c1",284.075011844,"Fragment"
"O=C(CCl)NCC(c1ccccc1Cl)N1CCCC1",300.07961855599996,"Fragment"
"O=C(CCl)Nc1cc(C2CC2)nn1-c1ccccc1",275.082539748,"Fragment"
"O=C(CCl)NCc1ccc(CN2CCOCC2)cc1",282.113505528,"Fragment"
"N#CCCN(C(=O)CCl)c1ccc2c(c1)OCCO2",280.061469956,"Fragment"
"CC(=O)Nc1ccc(NC(=O)CCl)c(C(F)(F)F)c1",294.0382899,"Fragment"
"O=C1COc2cc([N+](=O)[O-])c(NC(=O)CCl)cc2N1",285.01524803600006,"Fragment"
"O=C(CCl)NCc1ccccc1CN1CCOCC1",282.113505528,"Fragment"
"O=C(CCl)N1CCCN(Cc2ccc(Cl)cc2)CC1",300.07961855599996,"Fragment"
"O=C(CCl)Nc1ccc(S(=O)(=O)N2CCCCC2)cc1",316.064841084,"Fragment"
"Cc1c(C#N)c(NC(=O)CCl)n(Cc2ccco2)c1C",291.077454368,"Fragment"
"CN(CC(=O)Nc1ccc(Cl)c(C(F)(F)F)c1)C(=O)CCl",342.014967612,"Fragment"
"O=C(CCl)N1CCN(S(=O)(=O)c2ccc(F)c(F)c2)CC1",338.030347396,"Fragment"
"O=C(CCl)N1CCN(S(=O)(=O)c2c(F)cccc2F)CC1",338.030347396,"Fragment"
"O=C(CCl)N1CCCc2cc(S(=O)(=O)N3CCCC3)ccc21",342.080491148,"Fragment"
"Cc1c(-c2ccncc2)n[nH]c1NC(=O)CCl",250.062138652,"Fragment"
"COc1ccccc1CC(C)(C)NC(=O)CCl",255.102606496,"Fragment"
"O=C(CCl)NCCOc1ccc2c(c1)CCC2",253.086956432,"Fragment"
"O=C(CCl)N1CCOC(c2cccc(F)c2)C1",257.061884556,"Fragment"
"CC(C)(CNC(=O)CCl)c1ccc2c(c1)OCCO2",283.097521116,"Fragment"
"CCn1nc(C)c(CNC(=O)CCl)c1C",229.098189812,"Fragment"
"CN1CCN(c2ccc(NC(=O)CCl)cn2)CC1",268.109088844,"Fragment"
"O=C(CCl)Nc1ccc(N2CCSCC2)cc1",270.05936178,"Fragment"
"N#Cc1ccc(CN2CCCN(C(=O)CCl)CC2)cc1",291.113839876,"Fragment"
"O=C(CCl)NCCN1CCCS1(=O)=O",240.033540956,"Fragment"
"CCN(C)c1cc(CNC(=O)CCl)ccn1",241.098189812,"Fragment"
"CN(C(=O)CCl)C1CCCN(c2ccccc2)C1=O",280.097855464,"Fragment"
"O=C(CCl)NC1CS(=O)(=O)c2ccccc21",259.00699186,"Fragment"
"CN(C(=O)CCl)C1CCCCNC1=O",218.0822054,"Fragment"
"CCC(NC(=O)CCl)c1nc(C)n[nH]1",216.077788716,"Fragment"
"CC(=O)N1CCC(CCNC(=O)CCl)CC1",246.113505528,"Fragment"
"CC1Oc2c(F)cccc2C1NC(=O)CCl",243.046234492,"Fragment"
"O=C(CCl)NCc1cc(Cl)c2c(c1)OCO2",260.995948508,"Fragment"
"O=C(C1CCCCN1C(=O)CCl)N1CCCC1",258.113505528,"Fragment"
"O=C(CCl)NCc1cc(Cl)c2cccnc2c1O",284.01193291999994,"Fragment"
"O=C(CCl)Nc1cc(-c2ccc(Cl)cc2)no1",269.996282856,"Fragment"
"Cn1c(=O)oc2ccc(CNC(=O)CCl)cc21",254.045819892,"Fragment"
"CC1CN(Cc2ccccc2)CC1NC(=O)CCl",266.118590908,"Fragment"
"Cc1nnc(CNC(=O)CCl)s1",205.007660556,"Fragment"
"Cc1cccnc1CCNC(=O)CCl",212.071640716,"Fragment"
"CC(C)(CNC(=O)CCl)n1cccn1",215.082539748,"Fragment"
"CN(Cc1ccnc(N(C)C)n1)C(=O)CCl",242.09343877999999,"Fragment"
"Cc1cccnc1C(C)(C)CNC(=O)CCl",240.102940844,"Fragment"
"CC1(CC(F)(F)F)CN(C(=O)CCl)C1",229.048126312,"Fragment"
"Cn1nccc1C(CO)NC(=O)CCl",217.061804304,"Fragment"
"O=C(CCl)N1CCCC(CCO)CC1",219.102606496,"Fragment"
"O=C(CCl)N[C@H]1CC[C@H](C(F)(F)F)CC1",243.063776376,"Fragment"
"CN(C)c1cnc(CNC(=O)CCl)nc1",228.077788716,"Fragment"
"O=C(CCl)N1C[C@@H]2C[C@H]1CN2c1ccccc1",250.08729078,"Fragment"
"COC(=O)c1cc(CNC(=O)CCl)n(C)c1C",258.07712002,"Fragment"
"O=C(CCl)NCc1nc2c(s1)COCC2",246.022976272,"Fragment"
"N#Cc1csc(CNC(=O)CCl)n1",214.992010492,"Fragment"
"Cc1noc(C2(NC(=O)CCl)CC2)n1",215.04615424,"Fragment"
"COc1nn(C)cc1CNC(=O)CCl",217.061804304,"Fragment"
"O=C1C[C@]2(NC(=O)CCl)CCCC[C@@H]2N1",230.0822054,"Fragment"
"CC(C)(CNC(=O)CCl)C1=CCOCC1",231.102606496,"Fragment"
"O=C(CCl)NCCC1(O)CCCOC1",221.081871052,"Fragment"
"CN(C[C@]12CCC[C@H]1OCC2)C(=O)CCl",231.102606496,"Fragment"
"CC1(NC(=O)CCl)CC2CCC(C1)S2",233.064112812,"Fragment"
"O=C(CCl)NCCn1cc(C2CCOC2)cn1",257.093104432,"Fragment"
"CC(C)(C)OC(=O)N1CCC(C2CN(C(=O)CCl)c3ccccc32)CC1",378.171020404,"Fragment"
"CN(C(=O)CCl)C1CCCC1n1cccn1",241.098189812,"Fragment"
"Cc1n[nH]c2cc(NC(=O)CCl)ccc12",223.05123962,"Fragment"
"CS(=O)(=O)CC(NC(=O)CCl)c1ccccc1",275.038291988,"Fragment"
"CN1CCN(C(CNC(=O)CCl)c2ccc(F)cc2)CC1",313.135718192,"Fragment"
"O=C(CCl)NCCc1nccc(=O)[nH]1",215.04615424,"Fragment"
"O=C(CCl)NCc1cc(C2CCCC2)on1",242.0822054,"Fragment"
"O=C(CCl)N1CCC2(CC=CCO2)C1",215.071306368,"Fragment"
"Cc1cnc(F)c(CNC(=O)CCl)c1",216.04656884,"Fragment"
"Cc1nn(C)c2ncc(CNC(=O)CCl)cc12",252.077788716,"Fragment"
"O=C(CCl)NC1CS(=O)(=O)C12CCCCC2",265.053942052,"Fragment"
"O=C(CCl)NCc1nc(-c2cccs2)c[nH]1",255.02331062,"Fragment"
"CN(Cc1ncc(C2CC2)o1)C(=O)CCl",228.066555336,"Fragment"
"O=C(CCl)N1CC2(CC(C3CC3)=NO2)C1",228.066555336,"Fragment"
"O=C(CCl)NC1(c2ccccc2C(F)(F)F)CC1",277.048126312,"Fragment"
"O=C(CCl)Nc1ccc(N2CCCCC2)c2cccnc12",303.11383987600004,"Fragment"
"CCON1CCC(NC(=O)CCl)CC1",220.097855464,"Fragment"
"COC(=O)c1ccc2c(c1)C(CNC(=O)CCl)CCC2",295.097521116,"Fragment"
"CC(C)(C)C1CNC(=O)CN1C(=O)CCl",232.097855464,"Fragment"
"O=C(CCl)NCc1ccc2cc[nH]c2n1",223.05123962,"Fragment"
"N#Cc1cccc(C2(NC(=O)CCl)CC2)c1",234.055990652,"Fragment"
"COc1cccc([C@@H]2C[C@H]2NC(=O)CCl)c1",239.071306368,"Fragment"
"COCCN(C(=O)CCl)C1CCOC1C",235.097521116,"Fragment"
"O=C(CCl)N1CCC=C(c2ccccc2)C1",235.076391748,"Fragment"
"CC(NC(=O)CCl)C1CCCN(C2CCC2)C1",258.149891036,"Fragment"
"CC(NC(=O)CCl)c1ccc(N2CCCCC2=O)cc1",294.113505528,"Fragment"
"O=C(CCl)N(CCO)Cc1cccc(F)c1",245.061884556,"Fragment"
"C=C(C)C(NC(=O)CCl)c1ccc(F)c(F)c1",259.057548124,"Fragment"
"CCN(C)C(=O)c1cccc(NC(=O)CCl)c1",254.0822054,"Fragment"
"C=C(C)C1OCCC1CNC(=O)CCl",217.086956432,"Fragment"
"O=C(CCl)N1CCC[C@@H]1c1ccon1",214.050905272,"Fragment"
"Cc1cc(NC(=O)CCl)cc2[nH]ncc12",223.05123962,"Fragment"
"CN1C(=O)CN(C(=O)CCl)[C@H]2C[C@H]21",202.050905272,"Fragment"
"O=C(CCl)N1CCc2ccccc2C(O)C1",239.071306368,"Fragment"
"O=C(CCl)N(Cc1cc(F)ccc1F)CC1CCOCC1",317.09941293599996,"Fragment"
"O=C(CCl)NC1(c2nc(C3CC3)cc(=O)[nH]2)CCCCC1",309.12440456,"Fragment"
"O=C(CCl)NC1CCC(O)(C(F)(F)F)C1",245.043040932,"Fragment"
"CC1CCc2onc(CNC(=O)CCl)c2C1",242.0822054,"Fragment"
"CN1CCN(C(=O)CCl)C1=O",176.035255208,"Fragment"
"O=C(O)c1cc(S(=O)(=O)F)cs1",209.945678796,"Fragment"
"O=S(=O)(F)c1ccc2cn[nH]c2c1",200.00557662,"Fragment"
"NS(=O)(=O)c1cccc(S(=O)(=O)F)c1",238.972227892,"Fragment"
"O=[N+]([O-])c1cc(S(=O)(=O)F)ccc1Br",282.89501889600007,"Fragment"
"O=S(=O)(F)Cc1cccc(C(F)(F)F)c1",242.002463312,"Fragment"
"O=C(O)c1cc(S(=O)(=O)F)c(Cl)cc1Cl",271.91131315600006,"Fragment"
"NC(=O)N1CCc2cc(S(=O)(=O)F)ccc21",244.031791368,"Fragment"
"O=C1NC2(CCCC2)C(=O)N1CCS(=O)(=O)F",264.058006116,"Fragment"
"O=c1c2ccccc2ncn1CCS(=O)(=O)F",256.03179136800003,"Fragment"
"CC1CN(S(=O)(=O)c2ccc(S(=O)(=O)F)cc2)C(C)CO1",337.045392832,"Fragment"
"CC1CCC(C)N(S(=O)(=O)c2ccc(S(=O)(=O)F)cc2)C1",335.066128276,"Fragment"
"O=S(=O)(F)CCSc1nc2ccccc2o1",260.992963336,"Fragment"
"Cn1ccc(NS(=O)(=O)c2cccc(S(=O)(=O)F)c2)n1",319.00967602000003,"Fragment"
"O=S(=O)(F)[C@@H]1CN(Cc2ccccc2)C[C@H]1c1ccc(Cl)cc1",353.065255684,"Fragment"
"CC(C)(C)Nc1cc(F)c(S(=O)(=O)F)cc1N",264.074405128,"Fragment"
"COC(=O)c1ccnc(S(=O)(=O)F)c1",219.000156892,"Fragment"
"O=S(=O)(F)Oc1ccc2ccccc2c1",226.009993304,"Fragment"
"O=C(c1ccccc1)N1CCCC(CS(=O)(=O)F)C1",285.08349259199997,"Fragment"
"O=S(=O)(F)c1ncccc1C1CC1",201.025977716,"Fragment"
"Nc1ccnc(S(=O)(=O)F)c1",176.00557662,"Fragment"
"Cc1cc(N2CCCC2)ccc1NC(=O)c1cccc(S(=O)(=O)F)c1",362.11004168799997,"Fragment"
"CN1CCCN(C(=O)c2cccc(S(=O)(=O)F)c2)c2ccccc21",348.094391624,"Fragment"
"O=S(=O)(F)c1ccc(S(=O)(=O)NC2CCC(F)C2)cc1",325.02540633600006,"Fragment"
"O=S(=O)(F)c1ccc(S(=O)(=O)NC2CC(C(F)(F)F)C2)cc1",361.00656271200006,"Fragment"
"O=S(=O)(F)c1ccc2c(c1)NCC2",201.025977716,"Fragment"
"O=C1C2CCCN2C(=O)N1CCS(=O)(=O)F",250.042356052,"Fragment"
"Cn1ccc2ccn(CCS(=O)(=O)F)c(=O)c21",258.047441432,"Fragment"
"O=c1c2c(ncn1CCS(=O)(=O)F)CCC2",246.047441432,"Fragment"
"O=S(=O)(F)CCN1CCCc2ccccc21",243.072927908,"Fragment"
"O=S(=O)(F)CCN1CC2(CCC2)c2c(F)cccc21",287.07915616,"Fragment"
"O=c1[nH]c(-c2cccc(S(=O)(=O)F)c2)nc2ccccc12",304.03179136800003,"Fragment"
"COC(=O)c1ccc2c(=O)[nH]c(-c3cccc(S(=O)(=O)F)c3)nc2c1",362.03727067200003,"Fragment"
"O=S(=O)(F)C1CCOc2ccccc21",216.025643368,"Fragment"
"Cn1cc(S(=O)(=O)F)cc1C(=O)O",207.000156892,"Fragment"
"O=S(=O)(F)c1ccc(OCC(F)F)c2ccccc12",290.02244980800003,"Fragment"
"O=[N+]([O-])c1cc(Br)cc(S(=O)(=O)F)c1",282.89501889600007,"Fragment"
"COc1cc(NC(=O)C2CC2)ccc1S(=O)(=O)F",273.047107084,"Fragment"
"O=S(=O)(F)CCc1ccc2c(c1)CCO2",230.041293432,"Fragment"
"Cc1ccncc1S(=O)(=O)F",175.010327652,"Fragment"
"Cc1nn(Cc2ccccc2)c(C)c1S(=O)(=O)F",268.068176876,"Fragment"
"O=c1[nH]c2ccc(S(=O)(=O)F)cc2s1",232.961663208,"Fragment"
"O=S(=O)(F)CC1CCCS1(=O)=O",215.992628988,"Fragment"
"O=C(c1ccc(F)cc1[N+](=O)[O-])N1CCC(S(=O)(=O)F)C1",320.02784885999995,"Fragment"
"CC1CC1C(=O)N1CCCC(S(=O)(=O)F)C1",249.083492592,"Fragment"
"CCc1n[nH]cc1S(=O)(=O)F",178.021226684,"Fragment"
"COc1cccnc1S(=O)(=O)F",191.005242272,"Fragment"
"Cc1nc(S(=O)(=O)F)ccc1Br",252.92083972,"Fragment"
"O=S(=O)(F)c1ncc(Br)cc1F",256.89576784400003,"Fragment"
"Cc1cc(Cl)cnc1S(=O)(=O)F",208.9713553,"Fragment"
"O=S(=O)(F)Cc1ccc2c(c1)CCO2",216.025643368,"Fragment"
"O=S(=O)(F)C[C@H]1CNCCO1",183.0365424,"Fragment"
"CCC1CC(C)c2cc(S(=O)(=O)F)ccc2O1",258.07259356000003,"Fragment"
"O=C(N[C@@H]1CC[C@H](CS(=O)(=O)F)C1)c1cccs1",291.039913528,"Fragment"
"COc1nc(Cl)c(S(=O)(=O)F)s1",230.922690856,"Fragment"
"O=C(NCc1cc(Br)no1)c1cc(S(=O)(=O)F)c[nH]1",350.932467024,"Fragment"
"O=C1Nc2ccc(S(=O)(=O)F)cc2C1(F)F",250.986398648,"Fragment"
"COc1ncc(C)cc1S(=O)(=O)F",205.020892336,"Fragment"
"O=S(=O)(F)c1ccc(C2CC2(F)F)cc1",236.011885124,"Fragment"
"O=S(=O)(F)Oc1ccc(-c2nnc3n2CCCC3)cc1",297.058340464,"Fragment"
"O=S(=O)(F)Oc1ccc(-c2ncc3n2CCCC3)cc1",296.063091496,"Fragment"
"O=S(=O)(F)Oc1ccc(-c2noc(-c3cccnc3)n2)cc1",321.02195495600006,"Fragment"
"O=S(=O)(F)Oc1cccc(-c2noc(C3CCCO3)n2)c1",314.03727067200003,"Fragment"
"CS(=O)(=O)c1ccccc1OS(=O)(=O)F",253.971893544,"Fragment"
"Cc1csc(-c2cccc(OS(=O)(=O)F)c2)n1",272.992963336,"Fragment"
"O=S(=O)(F)Oc1ccc(Oc2ccccn2)cc1",269.015806956,"Fragment"
"O=S(=O)(F)Oc1cccc(Oc2nccs2)c1",274.97222789200003,"Fragment"
"N#Cc1ccc(Oc2ccccc2OS(=O)(=O)F)c(F)c1",311.00638514400003,"Fragment"
"O=S(=O)(F)Oc1ccccc1-n1ccnc1",242.016141304,"Fragment"
"O=S(=O)(F)Oc1ccc(CN2CCCC2)c(Cl)c1",293.02887017600005,"Fragment"
"Cc1cnc(NC(=O)c2cccc(OS(=O)(=O)F)c2)s1",315.99877698800003,"Fragment"
"O=S(=O)(F)Oc1ccc(-n2ccnn2)cc1",243.011390272,"Fragment"
"CC(=O)N1CCCc2cc(OS(=O)(=O)F)ccc21",273.047107084,"Fragment"
"Nc1cc(OS(=O)(=O)F)cc(C(F)(F)F)c1",258.9926269,"Fragment"
"COc1ccc(S(N)(=O)=O)c(OS(=O)(=O)F)c1",284.977707196,"Fragment"
"O=S(=O)(F)Oc1ccc(Br)c(C(F)F)c1",303.90166174800004,"Fragment"
"O=S(=O)(F)Oc1ccc(OC(F)F)cc1F",259.97664248800004,"Fragment"
"CCN1Cc2ccc(OS(=O)(=O)F)cc2C1",245.052192464,"Fragment"
"O=S(=O)(F)Oc1ccc2ncncc2c1",228.00049124,"Fragment"
"CC1(C)Cc2cccc(OS(=O)(=O)F)c2O1",246.036208052,"Fragment"
"CNC(=O)c1ccc(OS(=O)(=O)F)cc1",233.015806956,"Fragment"
"O=C(Nc1ccc(OS(=O)(=O)F)cc1)c1cccs1",300.98787795600003,"Fragment"
"Cc1nc(-c2ccc(OS(=O)(=O)F)cc2)cs1",272.992963336,"Fragment"
"O=C(c1ccc(OS(=O)(=O)F)cc1)N1CCCC1",273.047107084,"Fragment"
"O=S(=O)(F)Oc1ccccc1Oc1ccccn1",269.015806956,"Fragment"
"O=S(=O)(F)Oc1cccc(C2CC2)c1F",234.016221556,"Fragment"
"Cc1nccc2c(S(=O)(=O)F)cccc12",225.025977716,"Fragment"
"Cc1nc2cc(OS(=O)(=O)F)ccc2o1",231.000156892,"Fragment"
"O=S(=O)(F)Oc1cncc(-c2nc3cc(Br)ccc3s2)c1",387.898724372,"Fragment"
"Cn1cc(C(=O)Nc2ccc(OS(=O)(=O)F)cc2)nn1",300.03285398800006,"Fragment"
"CC1(C(=O)Nc2ccc(OS(=O)(=O)F)cc2)CCC1",287.062757148,"Fragment"
"CN(C(=O)c1cncc(OS(=O)(=O)F)c1)c1cccc(F)n1",329.02818320800003,"Fragment"
"CN(C(=O)c1cncc(OS(=O)(=O)F)c1)c1ccccn1",311.03760502,"Fragment"
"CN(C(=O)c1cncc(OS(=O)(=O)F)c1)c1ccon1",301.016869576,"Fragment"
"CC1(C#N)CCN(C(=O)c2cncc(OS(=O)(=O)F)c2)C1",313.053255084,"Fragment"
"C#CCC1COCCN1C(=O)c1cncc(OS(=O)(=O)F)c1",328.052920736,"Fragment"
"C#CC1COCCN1C(=O)c1cncc(OS(=O)(=O)F)c1",314.03727067200003,"Fragment"
"CCS(C)(=O)=NC(=O)c1cncc(OS(=O)(=O)F)c1",310.009341672,"Fragment"
"CC1COCCN(C(=O)c2cncc(OS(=O)(=O)F)c2)C1",318.06857080000003,"Fragment"
"CC(C)(C)C1CCN(C(=O)c2cncc(OS(=O)(=O)F)c2)C1",330.104956308,"Fragment"
"Cc1cc(C)nc(NC(=O)c2cncc(OS(=O)(=O)F)c2)n1",326.04850405200006,"Fragment"
"CC(C)C1CCCCN1C(=O)c1cncc(OS(=O)(=O)F)c1",330.104956308,"Fragment"
"O=C(NC1CCS(=O)(=O)CC1)c1cncc(OS(=O)(=O)F)c1",352.019906356,"Fragment"
"O=C(Nc1cncc(OS(=O)(=O)F)c1)c1cncc(F)c1",315.01253314400003,"Fragment"
"O=S(=O)(F)c1cnn(Cc2ccc(Cl)cc2)c1",273.99790439599997,"Fragment"
"O=S(=O)(F)Oc1ccc(CN2CCc3cc(O)ccc3C2)cc1",337.078407212,"Fragment"
"CC1(C)CCC1C(=O)Nc1cncc(OS(=O)(=O)F)c1",302.07365618,"Fragment"
"O=S(=O)(F)C1CC2(CNC2)C1",179.04162778,"Fragment"
"Cc1n[nH]c2c(S(=O)(=O)F)cccc12",214.021226684,"Fragment"
"O=S(=O)(F)c1ccc(N2CCNCC2)cc1",244.068176876,"Fragment"
"O=S(=O)(F)c1cncc(N2CCNCC2)c1",245.063425844,"Fragment"
"Cc1cc(OS(=O)(=O)F)cc(C(=O)N2CCC(F)(F)C2)c1",323.043913524,"Fragment"
"O=S(=O)(F)c1cccc(NC2CCOCC2)n1",260.063091496,"Fragment"
"O=S(=O)(F)c1ncc(N2CCCCCC2)cc1Br",335.994339008,"Fragment"
"O=C(O)c1cc(S(=O)(=O)F)ccc1Cl",237.950285508,"Fragment"
"O=S(=O)(F)c1cnc2ccccc2n1",212.00557662,"Fragment"
"O=S(=O)(F)CCNc1ccc(Cl)cc1",237.002655428,"Fragment"
"O=C(O)Cc1ccc(S(=O)(=O)F)cc1",218.004907924,"Fragment"
"COC(=O)c1ccc(S(=O)(=O)F)cc1",218.004907924,"Fragment"
"O=S(=O)(F)CCn1cnc2ccccc21",228.036876748,"Fragment"
"O=C(O)COc1ccc(S(=O)(=O)F)cc1",233.999822544,"Fragment"
"COC(=O)c1ccc(S(=O)(=O)F)cc1F",235.995486112,"Fragment"
"CCc1ccc(C(=O)O)cc1S(=O)(=O)F",232.020557988,"Fragment"
"O=c1c2ccsc2ncn1CCS(=O)(=O)F",261.988212304,"Fragment"
"Cn1c(=O)c2c(ncn2CCS(=O)(=O)F)n(C)c1=O",290.048504052,"Fragment"
"O=S(=O)(F)c1ccc(S(=O)(=O)N2CCCCC2)cc1",307.03482814800003,"Fragment"
"O=S(=O)(F)CCSc1nnc2ccccn12",261.004196716,"Fragment"
"COCC(=O)Nc1ccc(S(=O)(=O)F)cc1",247.03145702,"Fragment"
"O=S(=O)(F)c1ccc(S(=O)(=O)Nc2cncnc2)cc1",316.99402595600003,"Fragment"
"Nc1cc(S(=O)(=O)F)c(F)cc1NC1CC1",248.043105,"Fragment"
"Cn1cc(NS(=O)(=O)c2ccc(S(=O)(=O)F)cc2)nn1",320.0049249880001,"Fragment"
"O=C(c1cccs1)N1CCCC(CS(=O)(=O)F)C1",291.039913528,"Fragment"
"COC(=O)c1cc(S(=O)(=O)F)on1",208.979421448,"Fragment"
"O=S(=O)(F)c1ccc(Cl)cn1",194.955705236,"Fragment"
"Cc1ccc(S(=O)(=O)F)c2cccnc12",225.025977716,"Fragment"
"COc1nccnc1S(=O)(=O)F",192.00049124,"Fragment"
"CCNS(=O)(=O)c1ccccc1S(=O)(=O)F",267.00352802000003,"Fragment"
"Cc1oc2ccccc2c1CNC(=O)c1cccc(S(=O)(=O)F)c1",347.06275714799995,"Fragment"
"Cn1nccc1C1CCCCN1C(=O)c1ccc(S(=O)(=O)F)cc1",351.1052906559999,"Fragment"
"O=C(NC1CCOc2c(Cl)cccc21)c1ccc(S(=O)(=O)F)cc1",369.023784796,"Fragment"
"CCc1cc2c(=O)n(CCS(=O)(=O)F)cnc2s1",290.019512432,"Fragment"
"CN1CCCN(CCS(=O)(=O)F)c2ccccc21",272.099477004,"Fragment"
"O=S(=O)(F)c1ccc(N2CCc3ccc(F)cc32)nc1",296.043105,"Fragment"
"Cc1cnn(-c2ccc(S(=O)(=O)F)cc2F)c1",258.027454936,"Fragment"
"Cc1nc2ccc(S(=O)(=O)F)cc2o1",215.005242272,"Fragment"
"CC(=O)N1CCc2ccc(S(=O)(=O)F)cc2CC1",271.06784252799997,"Fragment"
"CN(C)C(=O)c1ccc(Cl)c(S(=O)(=O)F)c1",264.997570048,"Fragment"
"O=S(=O)(F)CCC1CCOCC1",196.056943496,"Fragment"
"O=S(=O)(F)c1cc(Br)cc2cccnc12",288.92083972000006,"Fragment"
"CCOc1ccncc1S(=O)(=O)F",205.020892336,"Fragment"
"CC(C)(C)Oc1ccc(S(=O)(=O)F)cn1",233.052192464,"Fragment"
"O=S(=O)(F)c1cnn(C2CCOC2)c1",220.031791368,"Fragment"
"COc1ccc(S(=O)(=O)F)cc1C1(C)NC(=O)NC1=O",302.03727067200003,"Fragment"
"O=C(c1ccccc1)N1CCC(S(=O)(=O)F)C1",257.05219246400003,"Fragment"
"O=C(C1CCOCC1)N1CCC(S(=O)(=O)F)CC1",279.094057276,"Fragment"
"O=S(=O)(F)C1CCOC(C(F)(F)F)C1",236.013027996,"Fragment"
"O=S(=O)(F)CCC1CCNCC1",195.072927908,"Fragment"
"O=S(=O)(F)CCC1CCCNC1",195.072927908,"Fragment"
"Nc1ccc(C(=O)O)cc1S(=O)(=O)F",219.000156892,"Fragment"
"O=S(=O)(F)c1nc(C2CC2)cs1",206.982398652,"Fragment"
"O=C(NCCS(=O)(=O)F)c1cccs1",236.992963336,"Fragment"
"O=C(C1CCOCC1)N1CCC(CS(=O)(=O)F)CC1",293.10970734,"Fragment"
"O=C(c1cccs1)N1CC(S(=O)(=O)F)C1",248.992963336,"Fragment"
"COC(=O)c1ccc2cc(S(=O)(=O)F)ccc2n1",269.015806956,"Fragment"
"CC1(C)CC(=O)Nc2ccc(S(=O)(=O)F)cc21",257.05219246400003,"Fragment"
"O=S(=O)(F)CCOc1ccc(F)cc1F",240.006799744,"Fragment"
"O=S(=O)(F)CCOc1ccc2c(c1)OCC2",246.036208052,"Fragment"
"COC(=O)c1cc(CS(=O)(=O)F)on1",222.995071512,"Fragment"
"O=S(=O)(F)c1ccc(F)c(OC(F)F)c1",243.981727868,"Fragment"
"Cc1ccc(S(=O)(=O)F)c2c1NCCC2",229.057277844,"Fragment"
"O=[N+]([O-])c1ccc(C(F)(F)F)c(S(=O)(=O)F)c1",272.97189145600004,"Fragment"
"O=S(=O)(F)c1ccoc1C(F)F",199.975499616,"Fragment"
"O=S(=O)(F)c1cccc(C2CC2(F)F)c1",236.011885124,"Fragment"
"N#CC1(CCS(=O)(=O)F)CCNCC1",220.068176876,"Fragment"
"N#CC1(CS(=O)(=O)F)CCCNC1",206.052526812,"Fragment"
"O=S(=O)(F)Oc1ccccc1-c1nnco1",243.99540586,"Fragment"
"O=S(=O)(F)Oc1cccc(OC(F)F)c1",241.9860643,"Fragment"
"O=S(=O)(F)Oc1ccccc1-c1nnc2n1CCCCC2",311.073990528,"Fragment"
"O=S(=O)(F)Oc1ccc(S(=O)(=O)N2CCCCC2)cc1",323.029742768,"Fragment"
"CC(C)C(=O)Nc1cccc(OS(=O)(=O)F)c1",261.047107084,"Fragment"
"Nc1cc(-n2cnnc2)ccc1OS(=O)(=O)F",258.022289304,"Fragment"
"O=C(NC1CC1)c1ccc(OS(=O)(=O)F)cc1",259.03145702,"Fragment"
"Cc1ccc(OS(=O)(=O)F)c(S(=O)(=O)N(C)C)c1",297.014092704,"Fragment"
"CC(C)S(=O)(=O)Nc1cccc(OS(=O)(=O)F)c1",297.014092704,"Fragment"
"CN1CCc2cc(OS(=O)(=O)F)ccc21",231.0365424,"Fragment"
"CC(C)C(=O)Nc1ccc(OS(=O)(=O)F)cc1",261.047107084,"Fragment"
"O=S(=O)(F)Oc1ccccc1-n1cccn1",242.016141304,"Fragment"
"Cc1cc(NC(=O)c2cccnc2)ccc1OS(=O)(=O)F",310.042356052,"Fragment"
"O=S(=O)(F)Oc1ccccc1Cc1ccncc1",267.0365424,"Fragment"
"COCc1cc(OS(=O)(=O)F)ccc1N",235.03145702,"Fragment"
"Cn1c(=O)n(C)c2cc(OS(=O)(=O)F)ccc21",260.026705988,"Fragment"
"Cc1ccc(-c2cccnc2)cc1OS(=O)(=O)F",267.0365424,"Fragment"
"O=S(=O)(F)Oc1ccc(Oc2cccnc2)cc1",269.015806956,"Fragment"
"COC(=O)C1Cc2c(cccc2OS(=O)(=O)F)N1",275.02637164000004,"Fragment"
"O=S(=O)(F)Oc1ccc(Cc2ccncc2)cc1",267.0365424,"Fragment"
"COc1ccc(S(N)(=O)=O)cc1OS(=O)(=O)F",284.977707196,"Fragment"
"CCS(=O)(=O)c1ccc(OS(=O)(=O)F)c(N)c1",282.99844264,"Fragment"
"COc1cc(OC)cc(OS(=O)(=O)F)c1",236.015472608,"Fragment"
"COc1ccc(C(N)=O)c(OS(=O)(=O)F)c1",249.010721576,"Fragment"
"CN(C(=O)c1ccccc1OS(=O)(=O)F)c1ccccc1",309.047107084,"Fragment"
"CC1(C)C(C(=O)Nc2ccc(OS(=O)(=O)F)cc2)C1(C)C",315.094057276,"Fragment"
"CC1OCCC1C(=O)Nc1ccc(OS(=O)(=O)F)cc1",303.05767176800003,"Fragment"
"CC1(C)CC(C(=O)Nc2ccc(OS(=O)(=O)F)cc2)CC(C)(C)O1",359.120272024,"Fragment"
"O=C(c1cncc(OS(=O)(=O)F)c1)N1C2CCCC1COC2",330.0685708,"Fragment"
"CN(C(=O)c1cncc(OS(=O)(=O)F)c1)C1(C)CCOCC1",332.084220864,"Fragment"
"COC1CCN(C(=O)c2cncc(OS(=O)(=O)F)c2)C1(C)C",332.08422086400003,"Fragment"
"CN(C(=O)c1cncc(OS(=O)(=O)F)c1)c1ccccc1",310.042356052,"Fragment"
"CN(C)S(C)(=O)=NC(=O)c1cncc(OS(=O)(=O)F)c1",325.02024070399995,"Fragment"
"O=C(c1cncc(OS(=O)(=O)F)c1)N1CCOCC1CF",322.043498924,"Fragment"
"CC1CC(NC(=O)c2cncc(OS(=O)(=O)F)c2)CC(C)O1",332.084220864,"Fragment"
"CC(C)C1CCN(C(=O)c2cncc(OS(=O)(=O)F)c2)C1",316.089306244,"Fragment"
"O=C(NC1C=CCCC1)c1cncc(OS(=O)(=O)F)c1",300.058006116,"Fragment"
"CCC1(C)COCCN1C(=O)c1cncc(OS(=O)(=O)F)c1",332.084220864,"Fragment"
"CC1CCC(C)(C)CN1C(=O)c1cncc(OS(=O)(=O)F)c1",330.104956308,"Fragment"
"CN(C(=O)c1cncc(OS(=O)(=O)F)c1)c1ccccc1C#N",335.03760502,"Fragment"
"CC1(C)COCCCN1C(=O)c1cncc(OS(=O)(=O)F)c1",332.084220864,"Fragment"
"O=C(Nc1ccc(OS(=O)(=O)F)cc1)N1CCC(c2ccccc2)C1",364.089306244,"Fragment"
"O=C(Nc1ccc(OS(=O)(=O)F)cc1)N1CCOC(C(F)(F)F)C1",372.040305364,"Fragment"
"CC1CCN(C(=O)Nc2ccc(OS(=O)(=O)F)cc2)CC1(C)C",344.120606372,"Fragment"
"COC(=O)c1nccnc1S(=O)(=O)F",219.99540586,"Fragment"
"Cc1nccc(S(=O)(=O)F)c1Cl",208.9713553,"Fragment"
"COc1cc(C)c(S(=O)(=O)F)cc1C(=O)O",248.015472608,"Fragment"
"O=C(Nc1cncc(OS(=O)(=O)F)c1)C1CCn2nncc2C1",341.05940308400005,"Fragment"
"O=C(Nc1cncc(OS(=O)(=O)F)c1)C12CC(CO1)C2",302.037270672,"Fragment"
"O=C1NC[C@@H](C(=O)Nc2ccc(OS(=O)(=O)F)cc2)O1",304.016535228,"Fragment"
"O=C(Nc1cncc(OS(=O)(=O)F)c1)C1CCCC1",288.058006116,"Fragment"
"O=S(=O)(F)C[C@@H]1CNCCO1",183.0365424,"Fragment"
"COC(=O)c1coc(S(=O)(=O)F)n1",208.979421448,"Fragment"
"CC(SC1=NCCS1)c1cccc(S(=O)(=O)F)c1",305.001419844,"Fragment"
"O=S(=O)(F)c1cccc(N2CCOCC2)n1",246.047441432,"Fragment"
"O=C1CCC(N2Cc3ccc(OS(=O)(=O)F)cc3C2=O)C(=O)N1",342.032185292,"Fragment"
"O=C(O)c1cccc(Oc2ccc(S(=O)(=O)F)cc2)c1",296.01547260800004,"Fragment"
"N[C@@H](Cc1cccc(S(=O)(=O)F)c1)C(=O)O",247.03145702,"Fragment"
"O=S(=O)(F)c1cnccc1N1CCCCCC1",258.08382694,"Fragment"
"O=S(=O)(F)CCSC1=NCCS1",228.970119716,"Fragment"
"O=S(=O)(F)c1nc2ccccc2s1",216.966748588,"Fragment"
"O=C(O)CCc1ccc(S(=O)(=O)F)cc1",232.020557988,"Fragment"
"O=S(=O)(F)C1CCNC1",153.025977716,"Fragment"
"Cn1cc(C(C)(C)C(=O)Nc2cccc(S(=O)(=O)F)c2)cn1",325.089640592,"Fragment"
"Cn1cc(NS(=O)(=O)c2cccc(S(=O)(=O)F)c2)ccc1=O",346.009341672,"Fragment"
"O=S(=O)(F)CCN1CCc2ccccc21",229.057277844,"Fragment"
"CN1C(=O)C(C)(C)c2cc(S(=O)(=O)F)ccc21",257.05219246400003,"Fragment"
"O=C(Nc1cccc(S(=O)(=O)F)c1)C1(CF)CCC1",289.058420716,"Fragment"
"O=S(=O)(F)CC1CCCS(=O)(=O)C1",230.008279052,"Fragment"
"O=S(=O)(F)c1nc(-c2ccccc2)ns1",243.97764762,"Fragment"
"COC(=O)c1cncc(S(=O)(=O)F)n1",219.99540586,"Fragment"
"O=S(=O)(F)c1ccc(S(=O)(=O)NCC2CC2)cc1",293.01917808400003,"Fragment"
"CC(C)C1CCCC(NS(=O)(=O)c2ccc(S(=O)(=O)F)cc2)C1",363.09742840399997,"Fragment"
"O=C(NC1CCN(c2cccnn2)CC1)c1cccc(S(=O)(=O)F)c1",364.10053962399996,"Fragment"
"O=S(=O)(F)CCN1CCOc2ccccc21",245.052192464,"Fragment"
"O=S(=O)(F)CCN1CCc2c1cccc2C(F)(F)F",297.044662472,"Fragment"
"O=S(=O)(F)CCN1c2ccccc2CC1CO",259.067842528,"Fragment"
"O=S(=O)(F)Cc1ccncc1",175.010327652,"Fragment"
"O=S(=O)(F)c1ccc2c(c1)COC2",202.009993304,"Fragment"
"Cc1cc(S(=O)(=O)F)ccc1-n1cnnn1",242.027374684,"Fragment"
"O=S(=O)(F)CCOc1ccc(F)cc1",222.016221556,"Fragment"
"COC(=O)c1nccc2c(S(=O)(=O)F)cccc12",269.015806956,"Fragment"
"Cc1c(S(=O)(=O)F)oc2ccc(F)cc12",232.000571492,"Fragment"
"O=S(=O)(F)c1cnn(C2CCOCC2)c1",234.047441432,"Fragment"
"O=S(=O)(F)c1cccc2c1OCC2",202.009993304,"Fragment"
"O=C1NCCOc2c1cc(Br)cc2S(=O)(=O)F",322.92631902399995,"Fragment"
"O=S(=O)(F)CC1CCC2(CCOCC2)CO1",252.083158244,"Fragment"
"O=S(=O)(F)c1ccc(C(F)F)cn1",210.991484028,"Fragment"
"O=S(=O)(F)c1ccc(Br)c2ccccc12",287.925590752,"Fragment"
"O=S(=O)(F)CCN1CCCn2ncc(C3CC3)c21",273.094725972,"Fragment"
"O=S(=O)(F)c1ccc(O)nc1",176.989592208,"Fragment"
"Nc1cc(S(=O)(=O)F)ccn1",176.00557662,"Fragment"
"CC(C)(C)c1ocnc1CS(=O)(=O)F",221.052192464,"Fragment"
"CCn1cnc(-c2ccc(OS(=O)(=O)F)cc2)c1",270.047441432,"Fragment"
"O=S(=O)(F)Oc1ccc(-c2cnc3ccccc3n2)cc1",304.03179136800003,"Fragment"
"CCCc1cc(=O)oc2c(C)c(OS(=O)(=O)F)ccc12",300.04677273600004,"Fragment"
"CC(C)(C)c1csc(-c2cccc(OS(=O)(=O)F)c2)n1",315.03991352800006,"Fragment"
"Cn1cc(-c2nc(-c3ccc(OS(=O)(=O)F)cc3)no2)cn1",324.03285398800006,"Fragment"
"O=C(NC1CC1)c1ccccc1OS(=O)(=O)F",259.03145702,"Fragment"
"Cc1ccc(C(=O)N(C)c2ccc(OS(=O)(=O)F)cc2)cc1",323.062757148,"Fragment"
"O=S(=O)(F)Oc1ccc(-n2cccn2)cc1",242.016141304,"Fragment"
"O=S(=O)(F)Oc1ccc(S(=O)(=O)N2CCOCC2)cc1",325.009007324,"Fragment"
"O=S(=O)(F)Oc1cccc2c1CCN2",217.020892336,"Fragment"
"Cc1cc(-c2noc(C(F)(F)F)n2)cc(C)c1OS(=O)(=O)F",340.014090616,"Fragment"
"CC(C)NS(=O)(=O)c1ccc(OS(=O)(=O)F)cc1",297.014092704,"Fragment"
"O=S(=O)(F)Oc1ccc(Cc2cccnc2)cc1",267.0365424,"Fragment"
"O=C1COc2cc(OS(=O)(=O)F)ccc2N1",246.995071512,"Fragment"
"Cn1cnc2ccc(OS(=O)(=O)F)cc21",230.016141304,"Fragment"
"O=S(=O)(F)Oc1ccccc1CC1CC1",230.041293432,"Fragment"
"Nc1ccc2nc(-c3ccc(OS(=O)(=O)F)cc3)cnc2c1",319.0426904,"Fragment"
"O=C1NCc2c(OS(=O)(=O)F)cccc21",231.000156892,"Fragment"
"O=S(=O)(F)Oc1cccc2cnccc12",227.005242272,"Fragment"
"COc1ccc(OS(=O)(=O)F)c(C(F)(F)F)c1",273.99229255200004,"Fragment"
"O=S(=O)(F)Oc1ccc(N=S2(=O)CCCC2)cc1",293.01917808400003,"Fragment"
"O=S(=O)(F)Oc1cccc(N=S2(=O)CCCC2)c1",293.01917808400003,"Fragment"
"O=C(Nc1ccc(OS(=O)(=O)F)cc1)C1CC1",259.03145702,"Fragment"
"O=S(=O)(F)Oc1ccc(-n2ccnc2)cc1",242.016141304,"Fragment"
"COC(=O)c1csc(S(=O)(=O)F)n1",224.956577828,"Fragment"
"Nc1nc2cc(OS(=O)(=O)F)ccn2n1",232.00663924,"Fragment"
"O=c1cc(C2CCC2)ncn1Cc1cccc(S(=O)(=O)F)c1",322.07874155999997,"Fragment"
"Cc1ncc(C(=O)Nc2ccc(OS(=O)(=O)F)cc2)c(C)n1",325.053255084,"Fragment"
"O=C(Nc1ccc(OS(=O)(=O)F)cc1)c1cncnc1",297.021954956,"Fragment"
"O=C(Nc1ccc(OS(=O)(=O)F)cc1)C1CCn2nnnc2C1",341.0594030840001,"Fragment"
"O=C(Nc1ccc(OS(=O)(=O)F)cc1)c1ccc(F)cn1",314.01728417600003,"Fragment"
"Cc1c(F)cccc1C(=O)Nc1ccc(OS(=O)(=O)F)cc1",327.037685272,"Fragment"
"Cc1cc(C(=O)Nc2ccc(OS(=O)(=O)F)cc2)ccn1",310.04235605200006,"Fragment"
"O=C(NC1CCCC1)c1cncc(OS(=O)(=O)F)c1",288.058006116,"Fragment"
"CN(C(=O)c1cncc(OS(=O)(=O)F)c1)c1ccccc1F",328.03293424,"Fragment"
"Cc1ccc(N(C)C(=O)c2cncc(OS(=O)(=O)F)c2)nc1",325.053255084,"Fragment"
"CC1N(C(=O)c2cncc(OS(=O)(=O)F)c2)CCC1(C)C",316.089306244,"Fragment"
"O=C(c1cncc(OS(=O)(=O)F)c1)N1CCn2nccc21",312.03285398800006,"Fragment"
"O=C(NC1C=CCC1)c1cncc(OS(=O)(=O)F)c1",286.042356052,"Fragment"
"Cc1ccccc1N(C)C(=O)c1cncc(OS(=O)(=O)F)c1",324.058006116,"Fragment"
"CC1CN(C)C(=O)CN1C(=O)c1cncc(OS(=O)(=O)F)c1",331.063819768,"Fragment"
"O=C(NC1CC=CCC1)c1cncc(OS(=O)(=O)F)c1",300.058006116,"Fragment"
"O=C(c1cncc(OS(=O)(=O)F)c1)N1CCOCC12CCC2",330.06857080000003,"Fragment"
"C[C@@H]1C[C@@H](NC(=O)c2cncc(OS(=O)(=O)F)c2)CCO1",318.0685708,"Fragment"
"O=C(Nc1ccc(OS(=O)(=O)F)cc1)c1n[nH]c2c1CCC2",325.053255084,"Fragment"
"CCC1(C)CCN(C(=O)Nc2ccc(OS(=O)(=O)F)cc2)CC1",344.120606372,"Fragment"
"O=C(Nc1ccc(OS(=O)(=O)F)cc1)N1CC=C(C(F)(F)F)CC1",368.045390744,"Fragment"
"O=C(Nc1ccc(OS(=O)(=O)F)cc1)N1CCN2CCOCC2C1",359.09511989599997,"Fragment"
"O=S(=O)(F)c1cccc(O)n1",176.989592208,"Fragment"
"O=C(Nc1cncc(OS(=O)(=O)F)c1)c1cnc2c(c1)COCC2",353.048169704,"Fragment"
"O=S(=O)(F)Oc1ccc(CN2CCC(O)CC2)cc1",289.078407212,"Fragment"
"O=S(=O)(F)c1cnc2ccc(Br)cn12",277.916088688,"Fragment"
"O=C1CCC(N2Cc3cc(OS(=O)(=O)F)ccc3C2=O)C(=O)N1",342.032185292,"Fragment"
"CC1(C(=O)Nc2cncc(OS(=O)(=O)F)c2)CCCC1",302.07365618,"Fragment"
"CC1(C)CC(C)(C(=O)Nc2cncc(OS(=O)(=O)F)c2)C1",316.089306244,"Fragment"
"Cc1c(S(=O)(=O)F)sc2c(Br)cccc12",307.89766175200003,"Fragment"
"O=S(=O)(F)c1ccccc1-c1cn2cc(F)ccc2n1",294.027454936,"Fragment"
"Nc1ccc2nc(S(=O)(=O)F)nn2c1",216.01172462,"Fragment"
"O=S(=O)(F)c1cnc(N2CCOCC2)c(Cl)c1",280.00846908,"Fragment"
"O=S(=O)(F)c1cccc(NCc2ccc(F)cc2)n1",284.043105,"Fragment"
"O=S(=O)(F)c1ncc(NC2CCOCC2)cc1Br",337.973603564,"Fragment"
"O=C(O)c1cc(Cl)c(S(=O)(=O)F)c(Cl)c1",271.91131315600006,"Fragment"
"CC1(CS(=O)(=O)F)COC1",168.025643368,"Fragment"
"Cc1ccc(S(=O)(=O)F)nn1",176.00557662,"Fragment"
"Cc1cc(Br)cnc1S(=O)(=O)F",252.92083972,"Fragment"
"O=C(O)c1cccc(S(=O)(=O)F)c1",203.98925786,"Fragment"
"O=C1NC(=O)C(CCS(=O)(=O)F)N1",210.011055924,"Fragment"
"O=S(=O)(F)c1cncc2ccccc12",211.010327652,"Fragment"
"COc1ccc(S(=O)(=O)F)c(OC)c1",220.020557988,"Fragment"
"CC1(C)NC(=O)N(CCS(=O)(=O)F)C1=O",238.042356052,"Fragment"
"O=S(=O)(F)Cc1cc(-c2ccccc2)no1",241.020892336,"Fragment"
"CC(=O)NCCc1ccc(S(=O)(=O)F)cc1",245.052192464,"Fragment"
"O=S(=O)(F)c1ccc(-c2ccccc2)cc1",236.030728748,"Fragment"
"O=c1c2ccccc2ccn1CCS(=O)(=O)F",255.0365424,"Fragment"
"CC1CC(C)N(S(=O)(=O)c2ccc(S(=O)(=O)F)cc2)C1",321.05047821200003,"Fragment"
"CC1CCCC(NS(=O)(=O)c2ccc(S(=O)(=O)F)cc2)C1",335.066128276,"Fragment"
"O=S(=O)(F)CCSc1nnc2sc3ccccc3n12",316.976267716,"Fragment"
"CCC1(C(=O)Nc2cccc(S(=O)(=O)F)c2)CCC1",285.08349259199997,"Fragment"
"O=C(Cc1ccc(F)cc1)Nc1cccc(S(=O)(=O)F)c1",311.042770652,"Fragment"
"Cn1ncc(C(=O)Nc2cccc(S(=O)(=O)F)c2)c1C#N",308.0379393680001,"Fragment"
"CSC1(C(=O)Nc2cccc(S(=O)(=O)F)c2)CC1",289.024263464,"Fragment"
"CC1(C(=O)Nc2cccc(S(=O)(=O)F)c2)CCOCC1",301.078407212,"Fragment"
"O=S(=O)(F)c1ccc(Br)cc1OC(F)(F)F",321.89223993600007,"Fragment"
"C=C(C)C(C)(C)C(=O)Nc1cccc(S(=O)(=O)F)c1",285.08349259199997,"Fragment"
"O=S(=O)(F)c1ccc(S(=O)(=O)N2CC3CCC(C3)C2)cc1",333.05047821200003,"Fragment"
"COc1nc(S(=O)(=O)F)nc(OC)c1Cl",255.972083572,"Fragment"
"O=S(=O)(F)c1ccccc1S(=O)(=O)N1CCCC1",293.01917808400003,"Fragment"
"O=C(NC1CCN(c2cccnn2)CC1)c1ccc(S(=O)(=O)F)cc1",364.10053962399996,"Fragment"
"O=S(=O)(F)c1ccc2c(c1)CCCN2",215.04162778,"Fragment"
"Cc1nn(CCS(=O)(=O)F)c(C)c1S(=O)(=O)N1CCCCC1",353.08792634,"Fragment"
"CN1C(=O)CCN(CCS(=O)(=O)F)c2ccccc21",286.07874156,"Fragment"
"Cn1ccc(Nc2ccc(S(=O)(=O)F)cn2)n1",256.043024748,"Fragment"
"Cn1ccc(CS(=O)(=O)F)n1",178.021226684,"Fragment"
"CN(C(=O)Cc1ccc(S(=O)(=O)F)cc1)c1ccccc1",307.06784252799997,"Fragment"
"CC(=O)N1c2ccc(S(=O)(=O)F)cc2CC1C",257.05219246400003,"Fragment"
"O=C1CCc2cc(S(=O)(=O)F)c(F)cc2N1",247.011470524,"Fragment"
"Cc1nn2cc(Br)cnc2c1S(=O)(=O)F",292.92698772,"Fragment"
"O=S(=O)(F)c1cnn(-c2cccc(C(F)(F)F)c2)c1",294.008611312,"Fragment"
"Cn1c(=O)[nH]c(=O)c2cc(S(=O)(=O)F)cnc21",259.006304892,"Fragment"
"Cc1nc(S(=O)(=O)F)c(-c2ccccc2)o1",241.020892336,"Fragment"
"O=S(=O)(F)C1=Cc2ccccc2OCC1",228.025643368,"Fragment"
"Cc1csc(-c2ccc(S(=O)(=O)F)cc2)n1",256.998048716,"Fragment"
"O=S(=O)(F)c1cnc2onc(C3CCOCC3)c2c1",286.042356052,"Fragment"
"O=S(=O)(F)c1c[nH]c2ncc(Br)cc12",277.916088688,"Fragment"
"CS(=O)(=O)N1CC(CS(=O)(=O)F)C1",231.00352802,"Fragment"
"O=C(O)c1ccc(S(=O)(=O)F)o1",193.968522416,"Fragment"
"COC(=O)c1cn[nH]c1S(=O)(=O)F",207.99540586,"Fragment"
"COc1nn2cc(Br)cnc2c1S(=O)(=O)F",308.92190234,"Fragment"
"O=C(C1CCOCC1)N1CCC(S(=O)(=O)F)C1",265.078407212,"Fragment"
"CC1CC1C(=O)N1CCC(S(=O)(=O)F)CC1",249.083492592,"Fragment"
"O=S(=O)(F)c1coc2ccccc12",199.99434324,"Fragment"
"O=S(=O)(F)c1ccc(N2CCOCC2)nc1",246.047441432,"Fragment"
"O=S(=O)(F)c1ccc(N2CC[C@H](F)C2)nc1",248.043105,"Fragment"
"COc1cc(S(=O)(=O)F)ccn1",191.005242272,"Fragment"
"Cc1nc(S(=O)(=O)F)sc1C",194.982398652,"Fragment"
"CC(C)(C)c1cnc(S(=O)(=O)F)cn1",218.052526812,"Fragment"
"O=S(=O)(F)c1c[nH]c2cc(Br)ccc12",276.92083972,"Fragment"
"CNC(=O)Nc1ccc(S(=O)(=O)F)cc1",232.031791368,"Fragment"
"C[C@@H]1CN(C(=O)c2cc(S(=O)(=O)F)c[nH]2)C[C@H]1C(=O)O",304.052920736,"Fragment"
"O=C(O)c1cc(S(=O)(=O)F)ccn1",204.984506828,"Fragment"
"CC1CC1C(=O)N[C@@H]1CC[C@H](CS(=O)(=O)F)C1",263.099142656,"Fragment"
"COC(=O)C1CC(S(=O)(=O)F)CN1C(=O)C1CCOCC1",323.083886516,"Fragment"
"Cc1ocnc1CS(=O)(=O)F",179.005242272,"Fragment"
"Cc1cc(CS(=O)(=O)F)ccc1[N+](=O)[O-]",233.015806956,"Fragment"
"CC(=O)Nc1ccc(S(=O)(=O)F)s1",222.977313272,"Fragment"
"O=C1CCc2c(ccc(S(=O)(=O)F)c2Cl)N1",262.981919984,"Fragment"
"O=S(=O)(F)c1cnc(-c2ccccc2)o1",227.005242272,"Fragment"
"CC(=O)Nc1c(S(=O)(=O)F)c(C)nn1C",235.0426904,"Fragment"
"CCOC(=O)c1nnc(S(=O)(=O)F)s1",239.96747686,"Fragment"
"O=c1[nH]ccc2ccc(OS(=O)(=O)F)cc12",243.000156892,"Fragment"
"Cn1nc2c(c1S(=O)(=O)F)COCC2",220.031791368,"Fragment"
"O=S(=O)(F)c1cccc(CNc2ccc3c(c2)CC(O)C3)c1",321.08349259199997,"Fragment"
"O=S(=O)(F)C(F)c1ccncc1",193.00090584,"Fragment"
"COc1cccc(OC)c1OS(=O)(=O)F",236.015472608,"Fragment"
"O=S(=O)(F)Oc1ccc(-c2nnco2)cc1",243.99540586,"Fragment"
"O=S(=O)(F)Oc1cccc(-n2cnnn2)c1",244.00663924,"Fragment"
"Cn1cnc2cc(OS(=O)(=O)F)ccc21",230.016141304,"Fragment"
"O=S(=O)(F)Oc1cccc(-n2cnnc2)c1",243.011390272,"Fragment"
"O=S(=O)(F)Oc1ccc(N2CCCC2)cc1",245.052192464,"Fragment"
"O=C(c1cc2ccccc2cc1OS(=O)(=O)F)N1CCOCC1",339.057671768,"Fragment"
"Cc1cc(C)n(-c2ccc(OS(=O)(=O)F)cc2)n1",270.047441432,"Fragment"
"O=S(=O)(F)Oc1ccc(-c2noc(C(F)(F)F)n2)cc1",311.98279048800003,"Fragment"
"O=S(=O)(F)Oc1ccc2nccnc2c1",228.00049124,"Fragment"
"CCNS(=O)(=O)c1ccc(OS(=O)(=O)F)c(N)c1",298.00934167200006,"Fragment"
"CS(=O)(=O)N1CCN(C(=O)c2ccc(OS(=O)(=O)F)cc2)CC1",366.03555642,"Fragment"
"O=S(=O)(F)Oc1cccc2c1OCCC2",232.020557988,"Fragment"
"Cc1noc(-c2cc(Cl)ccc2OS(=O)(=O)F)n1",291.97208357200003,"Fragment"
"Cc1cccc(C(=O)N2CCSCC2)c1OS(=O)(=O)F",319.034828148,"Fragment"
"CC(C)Oc1cc(F)ccc1OS(=O)(=O)F",252.02678624,"Fragment"
"O=c1[nH]cnc2ccc(OS(=O)(=O)F)cc12",243.99540586,"Fragment"
"Nc1nc(-c2cccc(OS(=O)(=O)F)c2)ns1",274.983461272,"Fragment"
"NS(=O)(=O)c1ccccc1OS(=O)(=O)F",254.967142512,"Fragment"
"O=C1NCc2cc(OS(=O)(=O)F)ccc2O1",246.995071512,"Fragment"
"O=C1NCc2ccc(OS(=O)(=O)F)cc21",231.000156892,"Fragment"
"O=S(=O)(F)Oc1ccc2c(c1)CCCCN2",245.052192464,"Fragment"
"CC1(C)COc2ccc(OS(=O)(=O)F)cc21",246.036208052,"Fragment"
"Nc1nccc(-c2ccccc2OS(=O)(=O)F)n1",269.027040336,"Fragment"
"O=S(=O)(F)Oc1ccc2c(c1)CCOC2",232.020557988,"Fragment"
"CS(C)(=O)=Nc1ccccc1OS(=O)(=O)F",267.00352802000003,"Fragment"
"CNS(=O)(=O)c1ccc(OS(=O)(=O)F)c(N)c1",283.99369160800006,"Fragment"
"O=C1CCc2ccc(OS(=O)(=O)F)cc2N1",245.015806956,"Fragment"
"O=S(=O)(F)Oc1ccc(-n2cnnn2)cc1",244.00663924,"Fragment"
"O=S(=O)(F)C1CCN(c2ccccc2)CC1",243.072927908,"Fragment"
"CN1CCc2cccc(OS(=O)(=O)F)c2C1",245.052192464,"Fragment"
"CC1(C(=O)Nc2ccc(OS(=O)(=O)F)cc2)COC1",289.042021704,"Fragment"
"O=C(Nc1ccc(OS(=O)(=O)F)cc1)c1ccc(F)c(F)c1",331.012613396,"Fragment"
"Cn1cc(C#N)cc1C(=O)Nc1ccc(OS(=O)(=O)F)cc1",323.03760502,"Fragment"
"C[C@@H]1CN(C(=O)c2cncc(OS(=O)(=O)F)c2)C[C@H](C)O1",318.0685708,"Fragment"
"Cc1cccc(NC(=O)c2cncc(OS(=O)(=O)F)c2)c1C",324.058006116,"Fragment"
"CC1(C)CN(C(=O)c2cncc(OS(=O)(=O)F)c2)CCO1",318.0685708,"Fragment"
"C[C@@H]1C[C@H]1NC(=O)c1cncc(OS(=O)(=O)F)c1",274.042356052,"Fragment"
"COC1CCC(C)N(C(=O)c2cncc(OS(=O)(=O)F)c2)C1",332.08422086400003,"Fragment"
"CC1CCCC(N(C)C(=O)c2cncc(OS(=O)(=O)F)c2)C1",330.104956308,"Fragment"
"O=C(NC1CCCCCC1)c1cncc(OS(=O)(=O)F)c1",316.089306244,"Fragment"
"CC1CCC(C)(C)N1C(=O)c1cncc(OS(=O)(=O)F)c1",316.089306244,"Fragment"
"Cc1ccc(C)c(NC(=O)c2cncc(OS(=O)(=O)F)c2)c1",324.058006116,"Fragment"
"O=C(Nc1cncc(OS(=O)(=O)F)c1)C1CC(F)C1",292.03293424,"Fragment"
"O=C(Nc1cncc(OS(=O)(=O)F)c1)C1CCc2cc(F)ccc2O1",370.04349892399995,"Fragment"
"O=S(=O)(F)c1cc(Br)ccc1OC(F)(F)F",321.89223993600007,"Fragment"
"O=[N+]([O-])c1cc(S(=O)(=O)F)cc(Br)c1F",300.88559708400004,"Fragment"
"CN(C)C(=O)c1nc(-c2ccc(OS(=O)(=O)F)cc2)c2ccccn12",363.068905148,"Fragment"
"O=C(O)Cc1cc(Br)cc(OS(=O)(=O)F)c1",311.910334612,"Fragment"
"N[C@H]1CC[C@@H](CS(=O)(=O)F)CC1",195.072927908,"Fragment"
"Cn1nc2ccc(Br)cc2c1S(=O)(=O)F",291.931738752,"Fragment"
"O=S(=O)(F)CCOc1cccc2c1OCO2",248.015472608,"Fragment"
"O=S(=O)(F)c1cc(NC2CCOCC2)ccn1",260.063091496,"Fragment"
"Cc1cc(CNc2cc(C)c(S(=O)(=O)F)cn2)no1",285.05834046399997,"Fragment"
"NCCc1ccc(S(=O)(=O)F)cc1",203.04162778,"Fragment"
"O=C(O)Cc1ccc(S(=O)(=O)F)s1",223.96132886,"Fragment"
"Cc1ccc(C(=O)O)cc1S(=O)(=O)F",218.004907924,"Fragment"
"O=S(=O)(F)c1ncccc1C(F)(F)F",228.982062216,"Fragment"
"O=C(O)c1cc(S(=O)(=O)F)ccc1F",221.979836048,"Fragment"
"O=S(=O)(F)CCn1nnc(-c2ccccc2)n1",256.043024748,"Fragment"
"Cc1sc2ncn(CCS(=O)(=O)F)c(=O)c2c1C",290.019512432,"Fragment"
"O=C1NC2(CCCCCCC2)C(=O)N1CCS(=O)(=O)F",306.104956308,"Fragment"
"CN(C)c1ccc(-c2cnc(-c3ccc(S(=O)(=O)F)cc3)o2)cc1",346.07874156,"Fragment"
"O=S(=O)(F)CCSc1nc2ccccc2s1",276.970119716,"Fragment"
"CC1(C(=O)Nc2cccc(S(=O)(=O)F)c2)CCCC1",285.08349259199997,"Fragment"
"Cc1cc(NS(=O)(=O)c2ccc(S(=O)(=O)F)cc2)nn1C",333.0253260840001,"Fragment"
"Cc1cscc1NS(=O)(=O)c1ccc(S(=O)(=O)F)cc1",334.97559901999995,"Fragment"
"Cn1ccc(NS(=O)(=O)c2ccccc2S(=O)(=O)F)n1",319.00967602,"Fragment"
"COC(=O)c1cc(S(=O)(=O)F)ccc1O",233.999822544,"Fragment"
"O=S(=O)(F)c1ccc(Oc2ccccc2)cc1",252.025643368,"Fragment"
"CC(C)(C)c1ccc(S(=O)(=O)F)nc1",217.057277844,"Fragment"
"O=S(=O)(F)c1ccc2[nH]cnc2c1",200.00557662,"Fragment"
"Cn1c(S(=O)(=O)F)nc2ccccc21",214.021226684,"Fragment"
"O=c1[nH]ccc2ccc(NS(=O)(=O)c3cccc(S(=O)(=O)F)c3)cc12",382.00934167199995,"Fragment"
"O=S(=O)(F)CC1CCCNCC1",195.072927908,"Fragment"
"O=S(=O)(F)CC1CCS(=O)(=O)CC1",230.008279052,"Fragment"
"CNC(=O)[C@H](C)NS(=O)(=O)c1ccc(S(=O)(=O)F)cc1",324.024991736,"Fragment"
"NS(=O)(=O)C1CCCN(S(=O)(=O)c2ccc(S(=O)(=O)F)cc2)C1",386.00762742,"Fragment"
"COc1ncc(S(=O)(=O)F)cn1",192.00049124,"Fragment"
"O=S(=O)(F)c1ccc2c(c1)NCCC2",215.04162778,"Fragment"
"O=S(=O)(F)c1cc2c(s1)CCNC2",220.998048716,"Fragment"
"COC(=O)c1cccc(S(=O)(=O)F)n1",219.000156892,"Fragment"
"O=S(=O)(F)CCn1nnc(-c2c(F)cccc2F)n1",292.02418112400005,"Fragment"
"O=c1c2nccn2ccn1CCS(=O)(=O)F",245.027040336,"Fragment"
"CC(=O)Nc1ccc(-c2ccc(S(=O)(=O)F)cc2)cc1",293.052192464,"Fragment"
"O=S(=O)(F)c1cc2c(cc1Br)OCCCO2",309.931070056,"Fragment"
"O=S(=O)(F)CCSc1cnc2ccccc2n1",272.008947748,"Fragment"
"CC(C)S(=O)(=O)Nc1ccc(S(=O)(=O)F)cc1F",299.00975627200006,"Fragment"
"O=c1[nH]c2ccc(S(=O)(=O)F)cc2[nH]1",216.00049124,"Fragment"
"COc1ccc(S(=O)(=O)F)cc1CC(=O)O",248.015472608,"Fragment"
"Cc1cc([N+](=O)[O-])c(Cl)c(S(=O)(=O)F)c1",252.96118454,"Fragment"
"O=C(O)c1ccc(S(=O)(=O)F)c([N+](=O)[O-])c1",248.974336068,"Fragment"
"Cc1cc(OCC2CCCO2)ccc1S(=O)(=O)F",274.06750818000006,"Fragment"
"Cc1nc(S(=O)(=O)F)c(-c2ccccc2)s1",256.998048716,"Fragment"
"O=C(O)Cc1cccc(S(=O)(=O)F)c1",218.004907924,"Fragment"
"O=S(=O)(F)C1CCc2ccccc2C1",214.046378812,"Fragment"
"CCc1ccc(S(=O)(=O)F)cc1[N+](=O)[O-]",233.015806956,"Fragment"
"CS(=O)(=O)N1CCC(CS(=O)(=O)F)C1",245.019178084,"Fragment"
"CC(=O)N1CCc2sc(S(=O)(=O)F)cc2C1",263.0086134,"Fragment"
"O=C1Nc2ccc(S(=O)(=O)F)cc2CO1",231.000156892,"Fragment"
"COC(=O)c1cc(S(=O)(=O)F)ccn1",219.000156892,"Fragment"
"Cc1ccc(C(=O)N2CCC(S(=O)(=O)F)C2)cc1C",285.08349259199997,"Fragment"
"O=C(c1cccs1)N1CCCC(S(=O)(=O)F)C1",277.024263464,"Fragment"
"O=S(=O)(F)Oc1cncc(Br)c1",254.900104276,"Fragment"
"COCCn1c(C)nnc1S(=O)(=O)F",223.0426904,"Fragment"
"CC1(C)CCCN1c1ccc(S(=O)(=O)F)cn1",258.08382694,"Fragment"
"O=S(=O)(F)CC1CCCC2(CCC2)O1",222.07259356,"Fragment"
"O=S(=O)(F)c1cc(C(F)(F)F)ccn1",228.982062216,"Fragment"
"O=S(=O)(F)c1ccc(-c2cn(CC3CC(F)(F)C3)nn2)cc1",331.06023228400005,"Fragment"
"CC(c1cccc(Br)c1)S(=O)(=O)F",265.941240816,"Fragment"
"CC(C)CC(c1ccccc1)S(=O)(=O)F",230.07767894,"Fragment"
"O=C(C1CCOCC1)N1CC(S(=O)(=O)F)C1",251.062757148,"Fragment"
"O=C(c1cccs1)N1CCC(CS(=O)(=O)F)C1",277.024263464,"Fragment"
"O=C(c1ccccc1)N1CCC(CS(=O)(=O)F)C1",271.06784252799997,"Fragment"
"O=C(N[C@@H]1CC[C@H](CS(=O)(=O)F)C1)C1CCOCC1",293.10970734,"Fragment"
"COc1ccnc(S(=O)(=O)F)c1",191.005242272,"Fragment"
"CC(C)Oc1ccc(Br)cc1S(=O)(=O)F",295.9518055,"Fragment"
"CC(=O)N1CCC(C)(C)c2cc(S(=O)(=O)F)ccc21",285.08349259199997,"Fragment"
"O=S(=O)(F)c1c(F)ccc2c1OCO2",221.979836048,"Fragment"
"N#Cc1cc(Cl)cc(OCCS(=O)(=O)F)c1",262.981919984,"Fragment"
"CCC1(C)CCC(CS(=O)(=O)F)O1",210.07259356,"Fragment"
"N#CC1(CS(=O)(=O)F)CNC1",178.021226684,"Fragment"
"O=S(=O)(F)Oc1cccc(-c2cc[nH]n2)c1",242.016141304,"Fragment"
"O=S(=O)(F)Oc1ccc(-n2cnc3ccccc32)cc1",292.03179136800003,"Fragment"
"Cc1nc(-c2ccc(OS(=O)(=O)F)c(F)c2)cs1",290.98354152400003,"Fragment"
"Cn1c(-c2cccc(OS(=O)(=O)F)c2)nc2ccccc21",306.047441432,"Fragment"
"COc1cncc(F)c1S(=O)(=O)F",208.99582046,"Fragment"
"COc1ncc(Cl)cc1S(=O)(=O)F",224.96626992,"Fragment"
"O=S(=O)(F)c1cccc(CO)n1",191.005242272,"Fragment"
"O=C(Nc1cccc(OS(=O)(=O)F)c1)c1ccccc1",295.03145702,"Fragment"
"Cc1nc(-c2ccc(OS(=O)(=O)F)cc2)no1",258.011055924,"Fragment"
"NC(=O)Cc1cccc(OS(=O)(=O)F)c1",233.015806956,"Fragment"
"O=C(c1ccccc1OS(=O)(=O)F)N1CCOCC1",289.04202170400004,"Fragment"
"O=C1CCCN1c1ccccc1OS(=O)(=O)F",259.03145702,"Fragment"
"O=C(Nc1ccc(OS(=O)(=O)F)cc1)c1ccsc1",300.98787795600003,"Fragment"
"O=C(Nc1ccccc1)Nc1cccc(OS(=O)(=O)F)c1",310.042356052,"Fragment"
"O=S(=O)(F)Oc1cccc(Oc2ncccn2)c1",270.011055924,"Fragment"
"Cn1cnc2ccc(OS(=O)(=O)F)cc2c1=O",258.011055924,"Fragment"
"CN1Cc2ccc(OS(=O)(=O)F)cc2C1=O",245.015806956,"Fragment"
"O=S(=O)(F)Oc1cccc(-n2cncn2)c1",243.011390272,"Fragment"
"Cc1cc(CN2CCOCC2)cc(C)c1OS(=O)(=O)F",303.094057276,"Fragment"
"Cn1ncnc1-c1ccc(OS(=O)(=O)F)cc1",257.027040336,"Fragment"
"Cc1ccc(C(=O)N2CCSCC2)cc1OS(=O)(=O)F",319.034828148,"Fragment"
"O=S(=O)(F)Oc1cccc(Oc2ccncc2)c1",269.015806956,"Fragment"
"Cc1cc(-c2ccccn2)ccc1OS(=O)(=O)F",267.0365424,"Fragment"
"O=S(=O)(F)Oc1cccc(-n2nccn2)c1",243.011390272,"Fragment"
"O=S(=O)(F)Oc1ccc2c(c1)CCCO2",232.020557988,"Fragment"
"CC(=O)N1CCC(c2ccc(OS(=O)(=O)F)cc2)CC1",301.078407212,"Fragment"
"CC1(C)CCc2cc(OS(=O)(=O)F)ccc2O1",260.051858116,"Fragment"
"O=S(=O)(F)Oc1ccc(-c2nncs2)cc1",259.97256224,"Fragment"
"CC1(C)Oc2cccc(OS(=O)(=O)F)c2O1",248.015472608,"Fragment"
"O=S(=O)(F)Oc1cccc(OC2CCCCO2)c1",276.04677273600004,"Fragment"
"CN1CCN(c2cc(OS(=O)(=O)F)ccc2Cl)CC1",308.039769208,"Fragment"
"O=S(=O)(F)Oc1cc(F)cc(-c2cccnc2)c1",271.011470524,"Fragment"
"Cc1cnc(Nc2cccc(OS(=O)(=O)F)c2)s1",288.003862368,"Fragment"
"Nc1cc(Cc2ccccc2)ccc1OS(=O)(=O)F",281.052192464,"Fragment"
"O=S(=O)(F)Oc1cccc(OC2CC2)c1",232.020557988,"Fragment"
"O=C1NCCCc2cc(OS(=O)(=O)F)ccc21",259.03145702,"Fragment"
"Cc1nnc(-c2cccc(OS(=O)(=O)F)c2)c(=O)[nH]1",285.021954956,"Fragment"
"COC(=O)c1cncc(OS(=O)(=O)F)c1",234.995071512,"Fragment"
"Cc1cc2ccccc2n1CC(=O)Nc1cccc(S(=O)(=O)F)c1",346.07874155999997,"Fragment"
"Cc1nc(S(=O)(=O)F)nn1-c1ccccc1",241.032125716,"Fragment"
"Cc1cnc(C)c(OS(=O)(=O)F)c1",205.020892336,"Fragment"
"Cc1nn(Cc2cccc(S(=O)(=O)F)c2)c(C)c1[N+](=O)[O-]",313.05325508399994,"Fragment"
"O=C(Nc1ccc(OS(=O)(=O)F)cc1)c1cc2ccccc2o1",335.02637164,"Fragment"
"O=C(Nc1ccc(OS(=O)(=O)F)cc1)C1CCCC1",287.062757148,"Fragment"
"CC1(C)CC(C(=O)Nc2ccc(OS(=O)(=O)F)cc2)C1",301.078407212,"Fragment"
"CC1(C(=O)Nc2ccc(OS(=O)(=O)F)cc2)CC=CC1",299.062757148,"Fragment"
"CN(C(=O)c1cncc(OS(=O)(=O)F)c1)c1ncccn1",312.03285398800006,"Fragment"
"C[C@H]1CC[C@H](C)N(C(=O)c2cncc(OS(=O)(=O)F)c2)C1",316.089306244,"Fragment"
"C[C@@H]1CN(C(=O)c2cncc(OS(=O)(=O)F)c2)[C@H](C)CCO1",332.084220864,"Fragment"
"CN(C(=O)c1cncc(OS(=O)(=O)F)c1)c1cccnc1",311.03760502,"Fragment"
"CS(C)(=O)=NC(=O)c1cncc(OS(=O)(=O)F)c1",295.99369160800006,"Fragment"
"CC1CSCCCN1C(=O)c1cncc(OS(=O)(=O)F)c1",334.04572718,"Fragment"
"O=C(c1cncc(OS(=O)(=O)F)c1)N1CCCCC12CC2",314.07365618,"Fragment"
"C[C@@H]1CN(C)C[C@H](C)N1C(=O)c1cncc(OS(=O)(=O)F)c1",331.10020527599994,"Fragment"
"O=C(c1cncc(OS(=O)(=O)F)c1)N1CCCn2nnnc21",328.0390019880001,"Fragment"
"C[C@H]1CN(C(=O)c2cncc(OS(=O)(=O)F)c2)CO1",290.037270672,"Fragment"
"CN1C(=O)CCC(NC(=O)c2cncc(OS(=O)(=O)F)c2)C1=O",345.04308432399995,"Fragment"
"CC1(C#N)CN(C(=O)c2cncc(OS(=O)(=O)F)c2)CCO1",329.048169704,"Fragment"
"CC1C(=O)NCCCN1C(=O)c1cncc(OS(=O)(=O)F)c1",331.063819768,"Fragment"
"Nc1cncc(OS(=O)(=O)F)c1",192.00049124,"Fragment"
"O=C(Nc1ccc(OS(=O)(=O)F)cc1)NC1CCC1",288.058006116,"Fragment"
"Cn1cccc1C1CCCN1C(=O)Nc1ccc(OS(=O)(=O)F)cc1",367.10020527599994,"Fragment"
"O=C(Nc1cncc(OS(=O)(=O)F)c1)C1CCCCO1",304.052920736,"Fragment"
"O=C1CO[C@H]2CCN(Cc3ccc(OS(=O)(=O)F)cc3)C[C@H]2N1",344.0842208640001,"Fragment"
"N#C[C@]12CN(Cc3ccc(OS(=O)(=O)F)cc3)C[C@H]1CS(=O)(=O)C2",374.04064179999995,"Fragment"
"O=C(Nc1ccc(OS(=O)(=O)F)cc1)N1CCC(n2cncn2)C1",355.07505314800005,"Fragment"
"CC1CCCC1C(=O)Nc1cncc(OS(=O)(=O)F)c1",302.07365618,"Fragment"
"O=S(=O)(F)c1ccc(C2CCNCC2)cc1",243.072927908,"Fragment"
"CN1CCN(c2ccc(S(=O)(=O)F)cc2)CC1",258.08382694,"Fragment"
"Cn1cc(S(=O)(=O)F)c2c(Br)cccc21",290.936489784,"Fragment"
"O=C1CCC(N2Cc3c(OS(=O)(=O)F)cccc3C2=O)C(=O)N1",342.032185292,"Fragment"
"O=S(=O)(F)C1CCOc2cc(Br)ccc21",293.93615543600004,"Fragment"
"O=C(O)C1CCc2cc(S(=O)(=O)F)ccc2O1",260.01547260800004,"Fragment"
"O=S(=O)(F)c1cnc(N2CCCCCC2)c(Cl)c1",292.04485458799996,"Fragment"
"O=S(=O)(F)c1cccc(N2CCCCCC2)n1",258.08382694,"Fragment"
"O=S(=O)(F)C=CN1CCN(c2ccccc2O)CC1",286.07874156,"Fragment"
"CN(CC(F)(F)F)C(=O)c1cc(S(=O)(=O)F)[nH]n1",289.01442496400006,"Fragment"
"O=C(O)c1cc(S(=O)(=O)F)c[nH]1",192.984506828,"Fragment"
"O=S(=O)(F)CCn1nnc2ccccc21",229.032125716,"Fragment"
"COc1ccc(C(=O)O)cc1S(=O)(=O)F",233.999822544,"Fragment"
"CN(CCS(=O)(=O)F)S(=O)(=O)c1cccs1",286.97559902,"Fragment"
"O=c1cnc2ccccc2n1CCS(=O)(=O)F",256.03179136800003,"Fragment"
"O=S(=O)(F)c1cccc(S(=O)(=O)NCC(F)F)c1",302.98468439600003,"Fragment"
"Cc1ccoc1C(=O)Nc1cccc(S(=O)(=O)F)c1",283.03145702,"Fragment"
"COc1ccccc1C(=O)Nc1cccc(S(=O)(=O)F)c1",309.047107084,"Fragment"
"O=S(=O)(F)c1ccc(S(=O)(=O)Nc2ncccc2Cl)cc1",349.959804636,"Fragment"
"CC(C)n1ccnc1S(=O)(=O)F",192.036876748,"Fragment"
"Cc1nc(S(=O)(=O)F)[nH]c1C",178.021226684,"Fragment"
"CNC(=O)[C@@H](C)NC(=O)c1ccc(S(=O)(=O)F)cc1",288.058006116,"Fragment"
"CC(C)(CN1C(=O)c2ccccc2C1=O)CS(=O)(=O)F",299.062757148,"Fragment"
"O=C(Nc1nc2ccccc2[nH]1)c1cccc(S(=O)(=O)F)c1",319.04269039999997,"Fragment"
"O=C(c1ccc(S(=O)(=O)F)cc1)N1CC2(CCC2)c2c(F)cccc21",363.07407078,"Fragment"
"O=S(=O)(F)c1ccc(S(=O)(=O)NC2CCCC(C3CC3)C2)cc1",361.08177834,"Fragment"
"O=C(c1cc(S(=O)(=O)F)c[nH]1)N1CCOCC12CCC2",302.07365618,"Fragment"
"O=S(=O)(F)CCN1CCSc2ccccc21",261.029348844,"Fragment"
"O=S(=O)(F)c1ccnc(C(F)(F)F)c1",228.982062216,"Fragment"
"O=C(Cc1ccc(S(=O)(=O)F)cc1)NC1CCCC1",285.08349259199997,"Fragment"
"CC(C)Oc1ccc(S(=O)(=O)F)c2ccccc12",268.05694349600003,"Fragment"
"CC(=O)Nc1nc(C)c(S(=O)(=O)F)s1",237.988212304,"Fragment"
"Cc1c(S(=O)(=O)F)cnn1-c1ccc(Cl)cc1",273.99790439599997,"Fragment"
"O=S(=O)(F)c1cccc(-c2cccs2)c1",241.987149684,"Fragment"
"O=S(=O)(F)C1=Cc2ccccc2OC1",214.009993304,"Fragment"
"O=S(=O)(F)c1cnc2onc(C3CC3)c2c1",242.016141304,"Fragment"
"CCn1c(=O)oc2cc(S(=O)(=O)F)ccc21",245.015806956,"Fragment"
"O=S(=O)(F)c1c[nH]c(C(F)(F)F)c1",216.982062216,"Fragment"
"O=c1cnc2cc(S(=O)(=O)F)ccc2[nH]1",228.00049124,"Fragment"
"COC1(CS(=O)(=O)F)CCOCC1",212.051858116,"Fragment"
"Cn1c(=O)c2cc(S(=O)(=O)F)ccc2n(C)c1=O",272.026705988,"Fragment"
"Cc1coc(-c2ccc(C)c(S(=O)(=O)F)c2)n1",255.0365424,"Fragment"
"O=S(=O)(F)c1cccnc1O",176.989592208,"Fragment"
"COc1ccc(C(=O)N(C)C)cc1S(=O)(=O)F",261.047107084,"Fragment"
"O=C(Cc1ccc(S(=O)(=O)F)cc1)NC1CCCCNC1=O",328.089306244,"Fragment"
"CC(C)N(C)C(=O)Cc1ccc(S(=O)(=O)F)cc1",273.08349259199997,"Fragment"
"O=C(Cc1ccc(Cl)cc1)N1CCC(S(=O)(=O)F)C1",305.028870176,"Fragment"
"O=S(=O)(F)c1ccc(NC2CCOC2)nc1",246.047441432,"Fragment"
"O=S(=O)(F)Cc1ccn(CC(F)(F)F)n1",246.008611312,"Fragment"
"O=S(=O)(F)c1ncc(C(F)(F)F)cc1Cl",262.943089864,"Fragment"
"CC(C)n1ncnc1S(=O)(=O)F",193.032125716,"Fragment"
"O=S(=O)(F)C1CCOc2ccc(Br)cc21",293.93615543600004,"Fragment"
"COc1ccc(S(=O)(=O)F)c(C(F)F)c1",240.006799744,"Fragment"
"O=C(c1cccs1)N1CCC(CS(=O)(=O)F)CC1",291.039913528,"Fragment"
"COC(=O)C1CC(S(=O)(=O)F)CN1C(=O)C1CC1C",293.07332183200003,"Fragment"
"Cc1nn(C)c(N)c1S(=O)(=O)F",193.032125716,"Fragment"
"Cn1cc(S(=O)(=O)F)c(C2CCOCC2)n1",248.063091496,"Fragment"
"CC1(CS(=O)(=O)F)COCCO1",198.036208052,"Fragment"
"CN(C)S(=O)(=O)c1ccc(CCS(=O)(=O)F)cc1",295.03482814800003,"Fragment"
"O=S(=O)(F)c1cnc2ncccn12",201.000825588,"Fragment"
"CP(C)(=O)c1ccc(S(=O)(=O)F)cc1",236.00723003000002,"Fragment"
"Cc1cc(C(F)(F)F)nc(N2CCC(S(=O)(=O)F)C2)n1",313.050810472,"Fragment"
"O=C(Nc1cccnc1)c1ccc(OS(=O)(=O)F)cc1",296.026705988,"Fragment"
"O=S(=O)(F)Oc1ccc(-c2nc3cc(Cl)ccc3s2)cc1",342.9539909840001,"Fragment"
"O=S(=O)(F)Oc1cccc(-c2nc3cc(F)ccc3[nH]2)c1",310.022369556,"Fragment"
"N#CC1(CS(=O)(=O)F)CCNC1",192.036876748,"Fragment"
"Nc1nc(-c2ccc(OS(=O)(=O)F)cc2)cs1",273.988212304,"Fragment"
"O=S(=O)(F)Oc1ccc(-c2ccncc2)cc1",253.020892336,"Fragment"
"Cc1c(C)n(-c2ccc(OS(=O)(=O)F)cc2)c2ncnc(N)c12",336.0692394960001,"Fragment"
"O=S(=O)(F)Oc1ccc(-c2noc(C3CC3)n2)cc1",284.026705988,"Fragment"
"Nc1cc(S(=O)(=O)N2CCCC2)ccc1OS(=O)(=O)F",324.02499173599995,"Fragment"
"O=C(Nc1ccc(F)cc1)c1cccc(OS(=O)(=O)F)c1",313.022035208,"Fragment"
"Cn1cc(C(=O)Nc2ccc(OS(=O)(=O)F)cc2)cn1",299.03760502,"Fragment"
"O=S(=O)(F)Oc1ccccc1NC1CCCCC1",273.08349259199997,"Fragment"
"CC(=O)N1CCC2(CCc3ccc(OS(=O)(=O)F)cc3O2)CC1",343.088971896,"Fragment"
"CS(=O)(=O)Cc1ccccc1OS(=O)(=O)F",267.987543608,"Fragment"
"COCc1cccc(OS(=O)(=O)F)c1",220.020557988,"Fragment"
"O=S(=O)(F)Oc1ccccc1NC1CCOCC1",275.062757148,"Fragment"
"Cc1cc(OS(=O)(=O)F)ccc1C(N)=O",233.015806956,"Fragment"
"O=S(=O)(F)Oc1cccc(-c2ccncc2)c1",253.020892336,"Fragment"
"O=S(=O)(F)Oc1ccccc1-c1nccs1",258.977313272,"Fragment"
"Nc1cc(N2CCCS2(=O)=O)ccc1OS(=O)(=O)F",310.009341672,"Fragment"
"O=S(=O)(F)Oc1ccc(Oc2nccs2)cc1",274.97222789200003,"Fragment"
"Nc1ccc(OS(=O)(=O)F)c(CN2CCOCC2)c1",290.07365618,"Fragment"
"O=c1ccnc(-c2cccc(OS(=O)(=O)F)c2)[nH]1",270.01105592400006,"Fragment"
"O=S(=O)(F)Oc1ccc(Oc2ccc(Cl)cn2)cc1",302.97683460400003,"Fragment"
"O=S(=O)(F)Oc1cccc(N2CCCC2)c1",245.052192464,"Fragment"
"COc1cc(S(C)(=O)=O)ccc1OS(=O)(=O)F",283.98245822800004,"Fragment"
"Cc1cc(-c2cccnc2)ccc1OS(=O)(=O)F",267.0365424,"Fragment"
"CCn1cc(-c2ccc(OS(=O)(=O)F)cc2)nn1",271.0426904,"Fragment"
"Cc1nc2c(OS(=O)(=O)F)cccc2n(C)c1=O",272.026705988,"Fragment"
"O=S(=O)(F)Oc1cccc2c1OCCCO2",248.015472608,"Fragment"
"CCc1cc(OS(=O)(=O)F)ccc1N",219.0365424,"Fragment"
"O=C1COc2cccc(OS(=O)(=O)F)c2N1",246.995071512,"Fragment"
"CC(C)Oc1cccc(OS(=O)(=O)F)c1",234.036208052,"Fragment"
"O=C(Nc1nncs1)c1ccc(OS(=O)(=O)F)cc1",302.978375892,"Fragment"
"O=C(NC1CC1)c1cccc(OS(=O)(=O)F)c1",259.03145702,"Fragment"
"O=C1CCCCN1c1ccc(OS(=O)(=O)F)cc1",273.047107084,"Fragment"
"COC(=O)c1ncc(OS(=O)(=O)F)cn1",235.99032048,"Fragment"
"C#Cc1cccc(N(C)C(=O)c2cncc(OS(=O)(=O)F)c2)c1",334.042356052,"Fragment"
"O=C(c1cncc(OS(=O)(=O)F)c1)N1CCCCC12CCC2",328.089306244,"Fragment"
"CN(C(=O)c1cncc(OS(=O)(=O)F)c1)c1cccc(F)c1",328.03293424,"Fragment"
"Cc1ccc(N(C)C(=O)c2cncc(OS(=O)(=O)F)c2)nn1",326.04850405200006,"Fragment"
"CC1C(=O)N(C)CN1C(=O)c1cncc(OS(=O)(=O)F)c1",317.048169704,"Fragment"
"CCC1CN(C(=O)c2cncc(OS(=O)(=O)F)c2)C(C)CO1",332.084220864,"Fragment"
"CC(C)S(C)(=O)=NC(=O)c1cncc(OS(=O)(=O)F)c1",324.024991736,"Fragment"
"C=C1CCN(C(=O)c2cncc(OS(=O)(=O)F)c2)C2(CC2)C1",326.07365618,"Fragment"
"CC1(C)C(=O)NCCN1C(=O)c1cncc(OS(=O)(=O)F)c1",331.063819768,"Fragment"
"CC1CCOCCN1C(=O)c1cncc(OS(=O)(=O)F)c1",318.06857080000003,"Fragment"
"CO[C@@H]1CCN(C(=O)c2cncc(OS(=O)(=O)F)c2)[C@H](C)C1",332.08422086400003,"Fragment"
"CN1CCC(N(C)C(=O)c2cncc(OS(=O)(=O)F)c2)C1=O",331.063819768,"Fragment"
"CC1CN(C(=O)c2cncc(OS(=O)(=O)F)c2)C(C)(C)CO1",332.084220864,"Fragment"
"C=Cn1ccnc1S(=O)(=O)F",176.00557662,"Fragment"
"Cc1nc(S(=O)(=O)F)n(C)c1C",192.036876748,"Fragment"
"O=S(=O)(F)CCc1cnc(C(F)(F)F)cn1",258.008611312,"Fragment"
"O=C(Nc1cncc(OS(=O)(=O)F)c1)C1CCc2ccccc21",336.058006116,"Fragment"
"O=C(Nc1cncc(OS(=O)(=O)F)c1)c1cc2ccoc2cc1F",354.01219879599995,"Fragment"
"CS(=O)(=O)N1CCCN(Cc2ccc(OS(=O)(=O)F)cc2)CC1",366.071941928,"Fragment"
"CC1CCCCC1C(=O)Nc1cncc(OS(=O)(=O)F)c1",316.089306244,"Fragment"
"CC1=C(c2ccc(S(=O)(=O)F)cc2)CNCC1",255.072927908,"Fragment"
"O=S(=O)(F)c1cccc(N2CCNCC2)c1",244.068176876,"Fragment"
"COCn1ncc(C)c1S(=O)(=O)F",208.031791368,"Fragment"
"O=C(O)c1cc(OS(=O)(=O)F)cc(C(=O)O)c1",263.97400172000005,"Fragment"
"O=C(O)c1ccc(Oc2ccc(S(=O)(=O)F)cc2)cc1",296.01547260800004,"Fragment"
"O=S(=O)(F)c1cnc(N2CC[C@H](F)C2)c(Cl)c1",282.004132648,"Fragment"
"O=S(=O)(F)c1cnc(N2CC[C@H](O)C2)c(Cl)c1",280.00846908,"Fragment"
"O=S(=O)(F)c1ncc(N2CC[C@H](O)C2)cc1Br",323.9579535,"Fragment"
"O=C(O)COc1cccc(S(=O)(=O)F)c1",233.99982254399998,"Fragment"
"Cc1cc(CS(=O)(=O)F)on1",179.005242272,"Fragment"
"CCn1ccnc1S(=O)(=O)F",178.021226684,"Fragment"
"O=S(=O)(F)c1ccc2cnccc2c1",211.010327652,"Fragment"
"COc1cc(C(=O)O)ccc1S(=O)(=O)F",233.999822544,"Fragment"
"COC(=O)Nc1ccc(S(=O)(=O)F)cc1",233.015806956,"Fragment"
"Cc1nn(CCS(=O)(=O)F)c(C)c1[N+](=O)[O-]",251.03760502,"Fragment"
"O=S(=O)(F)c1ccc(C2CCCCC2)cc1",242.07767894,"Fragment"
"COc1cc(S(=O)(=O)F)c(Cl)cc1C(=O)O",267.960850192,"Fragment"
"O=S(=O)(F)c1cccc(S(=O)(=O)N2CCCC2)c1",293.01917808400003,"Fragment"
"O=S(=O)(F)c1ccc(S(=O)(=O)N2CCCC2)cc1",293.01917808400003,"Fragment"
"Cc1c([N+](=O)[O-])cc(S(=O)(=O)F)c(C)c1[N+](=O)[O-]",278.000885164,"Fragment"
"O=S(=O)(F)CC1CCCNC1",181.057277844,"Fragment"
"Cn1c(C(=O)Nc2ccc(S(=O)(=O)F)cc2)cc2ccccc2c1=O",360.058006116,"Fragment"
"Cc1ccc(OS(=O)(=O)F)nc1",191.005242272,"Fragment"
"NCc1cccc(S(=O)(=O)F)c1",189.025977716,"Fragment"
"CS(=O)(=O)c1ccc(OS(=O)(=O)F)cc1",253.971893544,"Fragment"
"O=S(=O)(F)c1ccc2[nH]ccc2c1",199.010327652,"Fragment"
"O=C(C[C@@H]1CCCO1)Nc1cccc(S(=O)(=O)F)c1",287.062757148,"Fragment"
"O=S(=O)(F)CC1CNCCO1",183.0365424,"Fragment"
"O=S(=O)(F)c1onc(C2CC2)c1Cl",224.96626992,"Fragment"
"O=[N+]([O-])c1ccc(F)c(CS(=O)(=O)F)c1",236.99073508,"Fragment"
"O=C(Nc1ncc(S(=O)(=O)F)s1)[C@H]1CCCO1",279.99877698800003,"Fragment"
"O=S(=O)(F)c1ccc(C(F)(F)F)cn1",228.982062216,"Fragment"
"O=S(=O)(F)c1ccc(S(=O)(=O)NC2CC2)cc1",279.00352802000003,"Fragment"
"O=C(c1cccc(S(=O)(=O)F)c1)N1CC2(CCCC2)c2ccccc21",359.09914265599997,"Fragment"
"O=C(c1cccc(S(=O)(=O)F)c1)N1CCOCC12CCC2",313.078407212,"Fragment"
"O=C(NC1CCCc2sccc21)c1cccc(S(=O)(=O)F)c1",339.03991352799994,"Fragment"
"O=C(c1ccc(S(=O)(=O)F)cc1)N1CCOc2cc(F)ccc2C1",353.05333533600003,"Fragment"
"CC(C)ONC(=O)c1cc(S(=O)(=O)F)c[nH]1",250.042356052,"Fragment"
"O=S(=O)(F)CCN1CC2(CCCC2)c2ccccc21",283.104228036,"Fragment"
"CCc1cncc(S(=O)(=O)F)c1",189.025977716,"Fragment"
"O=c1[nH]c(-c2ccc(S(=O)(=O)F)cc2)nc2ccccc12",304.03179136800003,"Fragment"
"O=C(Cc1ccc(S(=O)(=O)F)cc1)Nc1cccc(F)c1",311.042770652,"Fragment"
"CCOc1ccc(S(=O)(=O)F)cc1C(=O)O",248.015472608,"Fragment"
"COC(=O)c1cc(S(=O)(=O)F)ccc1Br",295.915419992,"Fragment"
"COC(=O)c1cscc1S(=O)(=O)F",223.96132886,"Fragment"
"O=C(c1ccccc1)N1CC(S(=O)(=O)F)C1",243.0365424,"Fragment"
"O=S(=O)(F)c1ccnn1C1CCCC1",218.052526812,"Fragment"
"O=C(O)c1ccc(CS(=O)(=O)F)cc1",218.004907924,"Fragment"
"COc1cc2c(cc1S(=O)(=O)F)NC(=O)CC2",259.03145702,"Fragment"
"O=S(=O)(F)c1csnc1-c1cccc(C(F)(F)F)c1",310.96978328,"Fragment"
"O=S(=O)(F)CC1CC2(CCC2)CO1",208.056943496,"Fragment"
"O=C(C1CCOCC1)N1CCCC(S(=O)(=O)F)C1",279.094057276,"Fragment"
"Cn1cc(Br)c(CS(=O)(=O)F)n1",255.931738752,"Fragment"
"COc1ccc(S(=O)(=O)F)nc1",191.005242272,"Fragment"
"CN(C)S(=O)(=O)c1ccc(S(=O)(=O)F)nc1",267.99877698800003,"Fragment"
"O=S(=O)(F)c1ccc(-c2cn([C@@H]3CC[C@H]3O)nn2)cc1",297.058340464,"Fragment"
"O=S(=O)(F)c1nc2c(s1)CCCC2",220.998048716,"Fragment"
"O=S(=O)(F)c1c[nH]c2c(Br)cccc12",276.92083972,"Fragment"
"Cc1cc(N)c(Cl)c(S(=O)(=O)F)c1",222.987005364,"Fragment"
"O=S(=O)(F)CC1(C2CCOCC2)CC1",222.07259356,"Fragment"
"Cc1cc(C(F)(F)F)cc(S(=O)(=O)F)n1",242.99771228,"Fragment"
"COC(=O)c1ncc(S(=O)(=O)F)cc1C",233.015806956,"Fragment"
"CC1(C)COc2c(S(=O)(=O)F)cnn2C1",234.047441432,"Fragment"
"O=S(=O)(F)CCOc1cccc2c1OCC2",246.036208052,"Fragment"
"CCOc1ncccc1S(=O)(=O)F",205.020892336,"Fragment"
"O=S(=O)(F)C1CCC2CCC1OC2",208.056943496,"Fragment"
"O=S(=O)(F)c1ccc(-n2ccnn2)cc1",227.016475652,"Fragment"
"O=S(=O)(F)c1cccc2c1CCNC2",215.04162778,"Fragment"
"O=S(=O)(F)Oc1cccc(-c2nnc3n2CCCCC3)c1",311.073990528,"Fragment"
"COc1cnc(CCS(=O)(=O)F)cn1",220.031791368,"Fragment"
"O=S(=O)(F)Oc1ccc(Nc2ccccc2)cc1",267.0365424,"Fragment"
"O=S(=O)(F)Oc1ccc2ccncc2c1",227.005242272,"Fragment"
"O=C1NCCc2cc(OS(=O)(=O)F)ccc21",245.015806956,"Fragment"
"COC(=O)c1cc(OS(=O)(=O)F)ccc1C",248.015472608,"Fragment"
"Nc1nc(-c2cccc(OS(=O)(=O)F)c2)cs1",273.988212304,"Fragment"
"O=S(=O)(F)Oc1ccc2ccccc2c1CN1CCOCC1",325.07840721199995,"Fragment"
"O=C(Nc1ccccc1)c1cccc(OS(=O)(=O)F)c1",295.03145702,"Fragment"
"CC(C)NC(=O)N(C)c1ccc(OS(=O)(=O)F)cc1",290.07365618,"Fragment"
"COc1ccc(-c2csc(N)n2)c(OS(=O)(=O)F)c1",303.99877698800003,"Fragment"
"Nc1ccc(C(=O)NC2CCCCC2)c(OS(=O)(=O)F)c1",316.089306244,"Fragment"
"Cc1ccncc1-c1ccc(OS(=O)(=O)F)cc1",267.0365424,"Fragment"
"COC1CCN(C(=O)c2ccc(OS(=O)(=O)F)c(Cl)c2)CC1",351.03434948000006,"Fragment"
"Cc1nc2cc(OS(=O)(=O)F)ccc2n1C",244.031791368,"Fragment"
"O=S(=O)(F)Oc1ccc(S(=O)(=O)Nc2nccs2)cc1",337.9501125440001,"Fragment"
"O=C1CCCc2cc(OS(=O)(=O)F)ccc2N1",259.03145702,"Fragment"
"O=C1CCCc2c(cccc2OS(=O)(=O)F)N1",259.03145702,"Fragment"
"CCOc1ccc2ccccc2c1OS(=O)(=O)F",270.03620805200006,"Fragment"
"CCn1c(-c2ccc(N)c(OS(=O)(=O)F)c2)nc2cccc(Cl)c21",369.03501817600005,"Fragment"
"O=S(=O)(F)Oc1ccc(C2CC2(F)F)cc1",252.006799744,"Fragment"
"CC(O)(c1ccc(OS(=O)(=O)F)cc1)C(F)(F)F",288.00794261600004,"Fragment"
"Cn1cnc2c(OS(=O)(=O)F)cccc21",230.016141304,"Fragment"
"O=S(=O)(F)Oc1ccccc1-n1cncn1",243.011390272,"Fragment"
"O=C1NC(Cc2ccc(OS(=O)(=O)F)cc2)CO1",275.02637164,"Fragment"
"CC(=O)NC1(c2ccc(OS(=O)(=O)F)cc2)CC1",273.047107084,"Fragment"
"CN1CCc2cc(OS(=O)(=O)F)c(F)cc2C1",263.042770652,"Fragment"
"COc1ccc(OS(=O)(=O)F)cc1C(F)(F)F",273.99229255200004,"Fragment"
"O=C(c1cccc(OS(=O)(=O)F)c1)N1CCOCC1",289.04202170400004,"Fragment"
"O=C1OCCN1c1ccc(OS(=O)(=O)F)cc1",261.01072157600004,"Fragment"
"O=C1CCc2cc(OS(=O)(=O)F)ccc2N1",245.015806956,"Fragment"
"O=C1CCCCN1c1cccc(OS(=O)(=O)F)c1",273.047107084,"Fragment"
"O=C(O)c1cc2c(c(S(=O)(=O)F)c1)OCC2",245.999822544,"Fragment"
"O=S(=O)(F)Oc1cnc2c(c1)CCCC2",231.0365424,"Fragment"
"Cn1nc(C(=O)Nc2ccc(OS(=O)(=O)F)cc2)ccc1=O",327.03251964,"Fragment"
"O=C(Nc1ccc(OS(=O)(=O)F)cc1)C1CCC1",273.047107084,"Fragment"
"Cc1cccc(N(C)C(=O)c2cncc(OS(=O)(=O)F)c2)c1",324.058006116,"Fragment"
"CN1CCN(C(=O)c2cncc(OS(=O)(=O)F)c2)CC1=O",317.048169704,"Fragment"
"CN(C(=O)c1cncc(OS(=O)(=O)F)c1)c1ncc(F)cn1",330.02343217600003,"Fragment"
"CC1CCC2(CC2)N(C(=O)c2cncc(OS(=O)(=O)F)c2)C1",328.089306244,"Fragment"
"Cc1cc(S(=O)(=O)F)ncc1F",193.00090584,"Fragment"
"Cc1ncc(-c2cn(CCS(=O)(=O)F)nn2)cn1",271.05392378,"Fragment"
"O=S(=O)(F)Oc1ccc(CN2CCn3cncc3C2)cc1",311.073990528,"Fragment"
"O=C(Nc1ccc(OS(=O)(=O)F)cc1)C1CCn2cnnc2C1",340.0641541160001,"Fragment"
"O=S(=O)(F)c1cc2cc(Br)ccc2o1",277.904855308,"Fragment"
"Cn1nnc(C(=O)Nc2cncc(OS(=O)(=O)F)c2)n1",302.02335192400005,"Fragment"
"Cc1ccc(F)c(C(=O)Nc2cncc(OS(=O)(=O)F)c2)c1",328.03293424,"Fragment"
"CN(C)C(=O)c1nc(-c2cccc(S(=O)(=O)F)c2)c2ccccn12",347.073990528,"Fragment"
"O=C(c1cc(S(=O)(=O)F)c[nH]1)N1C[C@H]2C[C@H](CO)[C@H]2C1",302.07365618,"Fragment"
"CC(c1ccccc1)N(C)C(=O)N1CC(S(=O)(=O)F)C1",300.094391624,"Fragment"
"CC(C)(C)c1ccc(OC(=O)N2CC(S(=O)(=O)F)C2)cc1",315.094057276,"Fragment"
"O=S(=O)(F)c1ncc(N2CCOCC2)cc1Br",323.9579535,"Fragment"
"O=S(=O)(F)c1cc(N2CCCCCC2)ccn1",258.08382694,"Fragment"
"CC(C)N(C)C(=O)c1cc(S(=O)(=O)F)[nH]n1",249.058340464,"Fragment"
"O=S(=O)(F)c1cnc2c(Br)cccn12",277.916088688,"Fragment"
"Nc1cncc(S(=O)(=O)F)c1",176.00557662,"Fragment"
"N#Cc1ccc(S(=O)(=O)F)nc1",185.989926556,"Fragment"
"Cc1cc(C)nc(S(=O)(=O)F)n1",190.021226684,"Fragment"
"O=S(=O)(F)c1ncc(Cl)cc1F",212.946283424,"Fragment"
"O=S(=O)(F)c1c(Cl)nc2ccccn12",233.966604268,"Fragment"
"O=c1oc2ccccc2n1CCS(=O)(=O)F",245.015806956,"Fragment"
"N[C@@H](Cc1ccc(S(=O)(=O)F)cc1)C(=O)O",247.03145702,"Fragment"
"O=S(=O)(F)c1ccc(OCc2ccccc2)cc1",266.04129343200003,"Fragment"
"O=C1c2ccccc2S(=O)(=O)N1CCS(=O)(=O)F",292.982792576,"Fragment"
"O=C(O)c1ccc(S(=O)(=O)F)c(OC(F)(F)F)c1",287.971557108,"Fragment"
"CC1C(=O)N(CCS(=O)(=O)F)C(=O)N1c1ccccc1",300.058006116,"Fragment"
"CSC1(C(=O)Nc2cccc(S(=O)(=O)F)c2)CCC1",303.039913528,"Fragment"
"O=S(=O)(F)c1ncc2ccccn12",200.00557662,"Fragment"
"O=S(=O)(F)c1nc2ccccc2[nH]1",200.00557662,"Fragment"
"Cc1cccnc1S(=O)(=O)F",175.010327652,"Fragment"
"CCC1CN(S(=O)(=O)c2ccc(S(=O)(=O)F)cc2)C(C)CO1",351.061042896,"Fragment"
"O=C(C1CCOCC1)N1CCCC(CS(=O)(=O)F)C1",293.10970734,"Fragment"
"CC(F)(F)C1(C(=O)Nc2cccc(S(=O)(=O)F)c2)CC1",307.048998904,"Fragment"
"O=[N+]([O-])c1ccc(N2CCc3ccccc32)c(CS(=O)(=O)F)c1",336.058006116,"Fragment"
"Cc1nccnc1S(=O)(=O)F",176.00557662,"Fragment"
"CN(Cc1cc[nH]n1)C(=O)c1cc(S(=O)(=O)F)c[nH]1",286.0535894320001,"Fragment"
"COC1CCCC(NS(=O)(=O)c2ccc(S(=O)(=O)F)cc2)C1",351.06104289599995,"Fragment"
"O=S(=O)(F)c1nccc(C(F)(F)F)n1",229.977311184,"Fragment"
"CC(C)c1ccc(S(=O)(=O)F)nn1",204.036876748,"Fragment"
"NCc1ccc(S(=O)(=O)F)s1",194.982398652,"Fragment"
"O=S(=O)(F)CCC1CCCCN1",195.072927908,"Fragment"
"CC1Cc2ccccc2N1CCS(=O)(=O)F",243.072927908,"Fragment"
"O=C(Cc1ccc(S(=O)(=O)F)cc1)Nc1nccs1",300.003862368,"Fragment"
"CC(C)Cn1cnc(S(=O)(=O)F)c1",206.052526812,"Fragment"
"O=S(=O)(F)c1cnn(-c2ccccc2F)c1",244.011804872,"Fragment"
"O=S(=O)(F)Cc1noc2ccccc12",215.005242272,"Fragment"
"COc1ccc(S(=O)(=O)F)c(NC(=O)C(C)(C)C)c1",289.078407212,"Fragment"
"CCc1nc2cc(S(=O)(=O)F)ccc2o1",229.020892336,"Fragment"
"O=C(O)c1ccc(S(=O)(=O)F)cc1O",219.98417248,"Fragment"
"O=S(=O)(F)c1cc2c(o1)CCCC2",204.025643368,"Fragment"
"O=C(c1cccs1)N1CCC(S(=O)(=O)F)C1",263.0086134,"Fragment"
"O=C(c1cccs1)N1CCC(S(=O)(=O)F)CC1",277.024263464,"Fragment"
"O=C(c1ccccc1)N1CCC(S(=O)(=O)F)CC1",271.06784252799997,"Fragment"
"O=S(=O)(F)c1ccc(N2CCCCCC2)nc1",258.08382694,"Fragment"
"O=S(=O)(F)c1ccc(N2CC[C@H](O)C2)nc1",246.047441432,"Fragment"
"O=S(=O)(F)c1cc(C(F)F)ccn1",210.991484028,"Fragment"
"O=S(=O)(F)Cc1cn2ccccc2n1",214.021226684,"Fragment"
"O=S(=O)(F)CC1CCC(C(F)(F)F)O1",236.013027996,"Fragment"
"O=S(=O)(F)CC1CCC(F)(F)CO1",218.022449808,"Fragment"
"CCc1csc(S(=O)(=O)F)n1",194.982398652,"Fragment"
"COC(=O)c1ccc(S(=O)(=O)F)nc1C",233.015806956,"Fragment"
"CCCn1ccnc1S(=O)(=O)F",192.036876748,"Fragment"
"COc1nccc(S(=O)(=O)F)c1F",208.99582046,"Fragment"
"CC1(C)OC(=O)c2cc(S(=O)(=O)F)ccc21",244.020557988,"Fragment"
"O=S(=O)(F)C1CCCNCC1",181.057277844,"Fragment"
"C[C@@H]1CC[C@H](C(=O)O)N1C(=O)c1cc(S(=O)(=O)F)c[nH]1",304.0529207360001,"Fragment"
"O=C(N[C@@H]1CC[C@H](CS(=O)(=O)F)C1)c1ccccc1",285.08349259199997,"Fragment"
"O=S(=O)(F)CCOc1ccccc1F",222.016221556,"Fragment"
"Cn1ccc2cc(S(=O)(=O)F)cnc21",214.021226684,"Fragment"
"O=S(=O)(F)c1ccc(C2CC2)cc1F",218.021306936,"Fragment"
"Cn1cc(S(=O)(=O)F)c(-c2ccccc2)n1",240.036876748,"Fragment"
"COCOc1cccc(S(=O)(=O)F)c1",220.020557988,"Fragment"
"CP(C)(=O)c1cccc(S(=O)(=O)F)c1",236.00723003,"Fragment"
"Cc1nnnn1CC(=O)N1CCC(CS(=O)(=O)F)CC1",305.09578859199996,"Fragment"
"N#CC1(CCS(=O)(=O)F)CNC1",192.036876748,"Fragment"
"O=S(=O)(F)Oc1ccc(-c2noc(C3CCCO3)n2)cc1",314.03727067200003,"Fragment"
"COc1cc(C=C2N=C3CCCCCN3C2=O)ccc1OS(=O)(=O)F",368.0842208639999,"Fragment"
"CC(C)Oc1ccc(S(=O)(=O)F)c2ncccc12",269.052192464,"Fragment"
"COC(=O)c1cc(Cl)c(F)cc1S(=O)(=O)F",269.95651376,"Fragment"
"O=S(=O)(F)c1ncc(F)cc1Br",256.89576784400003,"Fragment"
"COc1ccc(OS(=O)(=O)F)cc1OC",236.015472608,"Fragment"
"Nc1nnc(-c2ccc(OS(=O)(=O)F)cc2)o1",259.006304892,"Fragment"
"CCNC(=O)c1cccc(OS(=O)(=O)F)c1",247.03145702,"Fragment"
"O=S(=O)(F)Oc1ccc(Sc2ccncc2)cc1",284.992963336,"Fragment"
"COCc1ccccc1OS(=O)(=O)F",220.020557988,"Fragment"
"Nc1cc(S(=O)(=O)N2CCOCC2)ccc1OS(=O)(=O)F",340.019906356,"Fragment"
"O=C(Nc1ccccc1)Nc1ccc(OS(=O)(=O)F)cc1",310.042356052,"Fragment"
"O=S(=O)(F)Oc1ccc(S(=O)(=O)c2ccccc2)cc1",315.987543608,"Fragment"
"CS(=O)(=O)Nc1ccc(OS(=O)(=O)F)cc1",268.982792576,"Fragment"
"O=S(=O)(F)Oc1cccc(-n2cccn2)c1",242.016141304,"Fragment"
"O=S(=O)(F)Oc1cccc(-n2ccnc2)c1",242.016141304,"Fragment"
"O=S(=O)(F)Oc1cccc(Oc2cnccn2)c1",270.011055924,"Fragment"
"O=S(=O)(F)Oc1ccc2c(c1)OCCCO2",248.015472608,"Fragment"
"O=S(=O)(F)Oc1ccc(Oc2ccncc2)cc1",269.015806956,"Fragment"
"CC(C)c1cc(C#N)ccc1OS(=O)(=O)F",243.0365424,"Fragment"
"O=S(=O)(F)Oc1ccccc1S(=O)(=O)C(F)(F)F",307.943628108,"Fragment"
"Cn1cnc(-c2cccc(OS(=O)(=O)F)c2)n1",257.027040336,"Fragment"
"Cn1ncnc1-c1cccc(OS(=O)(=O)F)c1",257.027040336,"Fragment"
"COC(=O)c1ccc(OS(=O)(=O)F)cc1N",249.010721576,"Fragment"
"CS(C)(=O)=Nc1cccc(OS(=O)(=O)F)c1",267.00352802000003,"Fragment"
"O=S(=O)(F)Oc1ccc(Cc2ccccn2)cc1",267.0365424,"Fragment"
"Cc1nc2ccc(OS(=O)(=O)F)cc2c(=O)o1",258.99507151200004,"Fragment"
"O=C1Cc2cc(OS(=O)(=O)F)ccc2CCN1",259.03145702,"Fragment"
"O=S(=O)(F)Oc1ccc2c(c1)COCC2",232.020557988,"Fragment"
"O=C1CNc2cc(OS(=O)(=O)F)ccc2N1",246.011055924,"Fragment"
"O=S(=O)(F)Oc1cc(Cl)c2c(c1)OCO2",253.945200128,"Fragment"
"O=S(=O)(F)Oc1ccc(CN2CCOCC2)cc1",275.062757148,"Fragment"
"Nc1ccc(OS(=O)(=O)F)cc1OC(F)(F)F",274.98754152000004,"Fragment"
"O=S(=O)(F)Oc1ccc(Cl)cc1-n1ccnn1",276.97241792000005,"Fragment"
"CC(C)(C)c1ccc(OS(=O)(=O)F)c(-n2cccn2)c1",298.07874156,"Fragment"
"CCN1C(=O)CCc2c(OS(=O)(=O)F)cccc21",273.047107084,"Fragment"
"CS(=N)(=O)c1ccc(OS(=O)(=O)F)cc1",252.987877956,"Fragment"
"O=S(=O)(F)Oc1ccccc1OC(F)F",241.9860643,"Fragment"
"O=C(Nc1ccccc1)c1ccccc1OS(=O)(=O)F",295.03145702,"Fragment"
"Nc1cc(C(F)(F)F)ccc1OS(=O)(=O)F",258.9926269,"Fragment"
"O=C(O)c1cncc(OS(=O)(=O)F)c1",220.979421448,"Fragment"
"C#CC1(CNS(=O)(=O)c2cc(S(=O)(=O)F)cs2)CCC1",336.99124908400006,"Fragment"
"O=S(=O)(F)c1ccc(-n2nccn2)cc1",227.016475652,"Fragment"
"Cc1cncc(S(=O)(=O)F)n1",176.00557662,"Fragment"
"O=S(=O)(F)Oc1ccc(Oc2ncccn2)cc1",270.011055924,"Fragment"
"Cc1cccc(C(=O)Nc2ccc(OS(=O)(=O)F)cc2)n1",310.04235605200006,"Fragment"
"Cc1cc(C(=O)Nc2ccc(OS(=O)(=O)F)cc2)on1",300.02162060800003,"Fragment"
"Cc1ccc(C#N)cc1NC(=O)c1cncc(OS(=O)(=O)F)c1",335.03760501999994,"Fragment"
"O=C(c1cncc(OS(=O)(=O)F)c1)N1CCOCC1C1CC1",330.06857080000003,"Fragment"
"O=C(c1cncc(OS(=O)(=O)F)c1)N1CCCc2cccc(F)c21",354.048584304,"Fragment"
"Cc1ccnc(N(C)C(=O)c2cncc(OS(=O)(=O)F)c2)c1",325.053255084,"Fragment"
"CC1(C)C=CCN1C(=O)c1cncc(OS(=O)(=O)F)c1",300.058006116,"Fragment"
"O=C(c1cncc(OS(=O)(=O)F)c1)N1CCCC12CCC2",314.07365618,"Fragment"
"CC1(C)C(C)(C)C1(C)NC(=O)c1cncc(OS(=O)(=O)F)c1",330.104956308,"Fragment"
"CC1SCCN(C(=O)c2cncc(OS(=O)(=O)F)c2)C1C",334.04572718000003,"Fragment"
"C[C@@]1(C(N)=O)CCCN1C(=O)c1cncc(OS(=O)(=O)F)c1",331.063819768,"Fragment"
"Cc1cccc(NC(=O)c2cncc(OS(=O)(=O)F)c2)c1F",328.03293424,"Fragment"
"CN(C(=O)c1cncc(OS(=O)(=O)F)c1)c1ccc(F)cn1",329.02818320800003,"Fragment"
"O=C(O)c1cc(OS(=O)(=O)F)cs1",225.940593416,"Fragment"
"Cc1cnn(C2CCN(C(=O)Nc3ccc(OS(=O)(=O)F)cc3)C2)c1",368.095454244,"Fragment"
"CC1(C#N)CCCN(Cc2ccc(OS(=O)(=O)F)cc2)C1",312.094391624,"Fragment"
"O=S(=O)(F)Oc1ccc(CN2CCn3cccc3C2)cc1",310.07874156,"Fragment"
"O=C1CCC(N2C(=O)c3ccc(OS(=O)(=O)F)cc3C2=O)C(=O)N1",356.01144984800004,"Fragment"
"O=S(=O)(F)Oc1ccc(CN2CC(F)(F)C2)cc1",281.03334884,"Fragment"
"O=C(Nc1cncc(OS(=O)(=O)F)c1)c1ccccc1",296.026705988,"Fragment"
"CN1C(=O)C=C[C@@H]2[C@H]1C[C@H]2S(=O)(=O)F",219.0365424,"Fragment"
"O=S(=O)(F)c1cnc(NC2CCOC2)c(Cl)c1",280.00846908,"Fragment"
"O=S(=O)(F)c1nccc(Br)c1N1CCOCC1",323.9579535,"Fragment"
"CC(C)(C)CC1CCN(c2ccc(S(=O)(=O)F)nn2)C1",301.1260261,"Fragment"
