smiles,label,cov_label
C=CC(=O)NCC(=O)Nc1ccccn1,Covalent,1.0
C=CS(=O)(=O)N1CCCC(O)(COC)C1,Covalent,1.0
CC(=O)NCCCCNc1cccc2c1C(=O)N(C1CCC(=O)NC1=O)C2=O,Noncovalent,0.0
O=c1ccn([C@@H]2O[C@H](CO)[C@@H](O)[C@H]2O)c(=O)[nH]1,non-covalent,0.0
O=C1CC[C@@H](C(=O)NCc2cccc(S(=O)(=O)F)c2)N1,non-covalent,0.0
CC1CCCn2c(CC(=O)Nc3ccc(NC4CCC(=O)NC4=O)cc3)cnc21,Noncovalent,0.0
C=CC(=O)N(C)C(C)(C)CN1CCOCC1,Covalent,1.0
C=CCc1ccc(OCC2CO2)c(OC)c1,Covalent,1.0
N#CC(=Cc1ccccc1)C(=O)N1CCCC1,Covalent,1.0
C[C@H](CC(=O)O)NC(=O)c1ccc2c(c1)CN(C1CCC(=O)NC1=O)C2=O,Noncovalent,0.0
O=C1CCC(N2Cc3c(cccc3-c3ccnc4ncccc34)C2=O)C(=O)N1,Noncovalent,0.0
O=C(CCl)NC1COc2ncccc21,Covalent,1.0
C=CC(=O)NC1CCN(C(=O)c2ccoc2)CC1,Covalent,1.0
C=CC(=O)N1CC(C)(C)C1c1ccccc1,Covalent,1.0
CC#CC(=O)N1CCOC(C(F)(F)F)C1,Covalent,1.0
O=C1CCC(NC(=O)c2ccc(Cl)c(NC(=O)c3cccs3)c2)C(=O)N1,Noncovalent,0.0
Cc1nc(Br)c(C(=O)NC2CCC(=O)NC2=O)n1C,Noncovalent,0.0
O=C1CCC(N2Cc3ccc(C(=O)N4CCC5(CCCC5)C4)cc3C2=O)C(=O)N1,Noncovalent,0.0
C=CC(=O)N1C[C@@H](O)CC[C@H]1C,Covalent,1.0
O=C(CCl)N1CCC2CCCC21,Covalent,1.0
CC(C)NC(=O)C(C#N)=Cc1ccnc(O)c1,Covalent,1.0
N#CCNC(=O)Cn1ccc(=O)[nH]c1=O,Covalent,1.0
O=C(CCl)N1CCCCc2ccccc21,Covalent,1.0
C=CS(=O)(=O)N1C[C@@H](OC)C[C@H]1COC,Covalent,1.0
C=CC(=O)NCc1ccc(C2CC2)cc1,Covalent,1.0
CN(c1nc2c(F)cccc2cc1Br)C1CCC(=O)NC1=O,Noncovalent,0.0
O=C(CCl)N(CC1CCOC1)C1CC1,Covalent,1.0
O=C(O)CCC(=O)NCc1ccc(COC(=O)NC2CCC(=O)NC2=O)cc1,non-covalent,0.0
C=CC(=O)N(C)CC1COCCO1,Covalent,1.0
O=C(CCl)N1CCN(Cc2ccco2)CC1,Covalent,1.0
Cc1c(C(=O)NC2CCC(=O)NC2=O)ccc2c1NCCO2,Noncovalent,0.0
CC(C)(C)C(=O)NCc1ccc2c(c1)C(=O)N(C1CCC(=O)NC1=O)C2,Noncovalent,0.0
O=C1CCC(N2Cc3cc(NCc4cccc5c4oc4ccccc45)ccc3C2=O)C(=O)N1,non-covalent,0.0
O=C1CCC(n2nnc3ccc(CNC(=O)Nc4ccc(Cl)cc4)cc3c2=O)C(=O)N1,non-covalent,0.0
C=CC(=O)Nc1ccccc1N1CCNC(=O)C1,Covalent,1.0
O=C1CCC(NC(=O)c2cc3cccnn3n2)C(=O)N1,Noncovalent,0.0
C=CS(=O)(=O)NCC1CC(C)(C)OC1(C)C,Covalent,1.0
O=C1CCC(N2Cc3ccc(S(=O)(=O)n4ccc(F)n4)cc3C2=O)C(=O)N1,covalent,1.0
Cn1cc(CCNC(=O)C2CO2)c2ccccc21,Covalent,1.0
Cn1cnc2cc(OCC3CO3)ccc21,Covalent,1.0
O=C1CCC(N2c3ccncc3N3CCC2C3)C(=O)N1,Noncovalent,0.0
COc1ccc(B(O)O)cc1S(N)(=O)=O,Covalent,1.0
NC(=O)c1ccc2c(c1)CCN2C(=O)CCl,Covalent,1.0
O=C1CC[C@H](NC(=O)c2ccccc2)C(=O)N1,Noncovalent,0.0
O=C1CCC(N2Cc3c(C(=O)NCc4cccc(F)n4)cccc3C2=O)C(=O)N1,Noncovalent,0.0
Fc1cc(Cl)ccc1C1CO1,Covalent,1.0
Cc1nc(-c2cnn(C)c2)oc1C(=O)Nc1cccc(C2CCC(=O)NC2=O)c1,Noncovalent,0.0
CCCCNc1ccc(C(=O)NC2CCC(=O)NC2=O)c(OC)c1,non-covalent,0.0
CC1CC2CN(c3ccnc4c3CNC4=O)CCN2C1,Noncovalent,0.0
Cc1cc(C#N)cc(C)c1OCC1CO1,Covalent,1.0
COc1ccc2c(c1)OCC(NC(=O)c1cccc(N3CCC(=O)NC3=O)c1)C2,Noncovalent,0.0
O=C1CCC(NC(=O)c2ccc([N+](=O)[O-])cc2)C(=O)N1,non-covalent,0.0
O=C1CCC(Nc2ccc(NC(=O)CC3OCc4ncccc43)cc2)C(=O)N1,Noncovalent,0.0
CC(C)NC(=O)C(C#N)=Cc1ccc(C#N)cc1,Covalent,1.0
C=CC(=O)N[C@H](C)c1ccc2c(c1)CCO2,Covalent,1.0
Cc1ccc(NC(=O)NCc2cccc3nnn(C4CCC(=O)NC4=O)c(=O)c23)cc1Cl,non-covalent,0.0
Cc1nc(COC(C)(C)C)oc1C(=O)Nc1ccc(C2CCC(=O)NC2=O)cc1,Noncovalent,0.0
Cc1c(Nc2nc3onc(C)c3c(=O)[nH]2)cccc1N1CCC(=O)NC1=O,Noncovalent,0.0
C=CC(=O)N1CCN(C(=O)C2CC2)CC1(C)C,Covalent,1.0
C=CC(=O)NC1CCC(c2nc(CC)no2)CC1,Covalent,1.0
O=C(CCl)NC1(c2ccccc2)CCC1,Covalent,1.0
Cc1ccc2cc(C(=O)NC3CCC(=O)NC3=O)ncn12,Noncovalent,0.0
C=CC(=O)N1CCN(C2CC2)c2c(C)cccc21,Covalent,1.0
C=CC(=O)NC(C)C(C)n1cncn1,Covalent,1.0
O=C(O)CCSc1ccc2c(c1)C(=O)N(C1CCC(=O)NC1=O)C2=O,Noncovalent,0.0
C=CC(=O)Nc1cc(C#N)c(F)cc1F,Covalent,1.0
Cn1cc(C(=O)NCC2CCN(C(=O)c3cccc4c3CNC4=O)CC2)cn1,Noncovalent,0.0
COc1ccc(C=C(C#N)C(=O)Nc2cccc3c2C(=O)NC3=O)cc1,Covalent,1.0
CC#CC(=O)NCc1ccc(C(F)(F)F)nc1,Covalent,1.0
O=C1CCC(NC(=O)c2ccnn3ccnc23)C(=O)N1,Noncovalent,0.0
C=CC(=O)N1CCCN(C)c2ccccc21,Covalent,1.0
C=CC(=O)Nc1cnc(C)nc1C1CC1,Covalent,1.0
C=CC(=O)N1CCC(P(C)(C)=O)CC1,Covalent,1.0
C=CC(=O)N1CCN(S(C)(=O)=O)CC1(C)C,Covalent,1.0
CC(C)=Cc1cccc2c1CN(C1CCC(=O)NC1=O)C2=O,Noncovalent,0.0
C=CC(=O)N(C)Cc1c(C)cc(C)nc1OC,Covalent,1.0
N#CCOc1ccc(-c2cccc3c2CN(C2CCC(=O)NC2=O)C3=O)nc1,Noncovalent,0.0
Cc1sc2ncc(C(=O)NC3CCC(=O)NC3=O)n2c1C,Noncovalent,0.0
C=CC(=O)N1CCN(c2cccs2)C(=O)C1,Covalent,1.0
CC#CC(=O)NC1CCN(c2ccn(C)n2)C1,Covalent,1.0
O=C1CCC(NC(=O)c2cn3ccsc3n2)C(=O)N1,Noncovalent,0.0
C=CC(=O)Nc1cc(Cl)cc2c1OCC2,Covalent,1.0
C=CCNC(=O)C(C#N)=Cc1ccc(C#N)cc1,Covalent,1.0
Cn1nnc(NC(=O)CCl)n1,Covalent,1.0
COc1ccc(C(C)NC(=O)CCl)cc1,Covalent,1.0
CC(Cl)C(=O)NCC1(CO)CC2(CCC2)C1,Covalent,1.0
CCc1cc(C(=O)NC2CCC(=O)NC2=O)c2c(CC(C)(C)C)noc2n1,Noncovalent,0.0
O=C1CCC(c2ccc(NC(=O)Cn3nnnc3-c3ccsc3)cc2)C(=O)N1,Noncovalent,0.0
COc1cccc2ccc(CNc3ccc4c(c3)CN(C3CCC(=O)NC3=O)C4=O)cc12,non-covalent,0.0
N#Cc1cccc(C2(NC(=O)C3CO3)CC2)c1,Covalent,1.0
NC1(CC(=O)Nc2ccc(C3CCC(=O)NC3=O)cc2)CCCS(=O)(=O)C1,Noncovalent,0.0
CC#CC(=O)NC(C)c1ncc(C)o1,Covalent,1.0
C=CS(=O)(=O)N1CCn2ncc(Cl)c2C1,Covalent,1.0
N#Cc1nc(NC2CCC(=O)NC2=O)ccc1C(F)(F)F,Noncovalent,0.0
C=CC(=O)N1CCC(c2ccc(C#N)cc2)CC1,Covalent,1.0
CCC(CC)C1=NOC2(CCC(=O)NC2=O)C1,non-covalent,0.0
O=C1CCC(NC(=O)c2cccc(-c3noc(C(F)F)n3)c2)C(=O)N1,Noncovalent,0.0
C=CC(=O)N1CCCC(c2noc(C)n2)C1,Covalent,1.0
O=C(O)CN(C(=O)c1ccc2c(c1)C(=O)N(C1CCC(=O)NC1=O)C2)C1CCC1,Noncovalent,0.0
CCC1(c2ccc(NS(=O)(=O)c3cccs3)cc2)CCC(=O)NC1=O,Noncovalent,0.0
C=CC(=O)N1C2CCC1CC(c1noc(C)n1)C2,Covalent,1.0
C=CC(=O)NCC1CCN(C)C1=O,Covalent,1.0
C=CC(=O)N1CCOC(Cn2ccnn2)C1,Covalent,1.0
C=CC(=O)NC1CCc2nnnn2CC1,Covalent,1.0
COc1ncc(Cl)cc1B(O)O,Covalent,1.0
O=C1CCC(N2C(=O)c3cccc(NC(=O)c4cccnc4)c3C2=O)C(=O)N1,non-covalent,0.0
CC1CCCn2c(CC(=O)Nc3ccc(C4CCC(=O)NC4=O)cc3)cnc21,Noncovalent,0.0
Cc1nc2n(c1C(=O)Nc1ccc(C3CCC(=O)NC3=O)cc1)CC(C)CC2,Noncovalent,0.0
C=CS(=O)(=O)Nc1cc2cn[nH]c2cc1C,Covalent,1.0
COc1ccc2c(c1)OCC2CC(=O)Nc1ccc(C2CCC(=O)NC2=O)cc1,Noncovalent,0.0
C=CC(=O)NCCc1cn2cccc(C)c2n1,Covalent,1.0
O=C1CCC(NC(=O)c2ccc3sc4ccccc4c3c2)C(=O)N1,Noncovalent,0.0
O=C1CCC(c2ccc(NC(=O)Cc3nsc4ccccc34)cc2)C(=O)N1,Noncovalent,0.0
CC[C@@H]1OCC[C@H]1C(=O)NCc1ccc2c(c1)C(=O)N(C1CCC(=O)NC1=O)C2,Noncovalent,0.0
Cn1cc(C(=O)N[C@@H]2CCC(=O)NC2=O)c(-c2ccc(Cl)s2)n1,Noncovalent,0.0
O=C(CCl)NCC1C[C@H]2COC[C@H]2O1,Covalent,1.0
O=S(=O)(F)c1cnn(C2CCOC2)c1,Covalent,1.0
CC#CC(=O)N[C@H]1CS(=O)(=O)C1(C)C,Covalent,1.0
N#Cc1ccc(N2CCCC(Nc3ccc4c(c3)C(=O)NC4)C2=O)cc1,Noncovalent,0.0
CC#CC(=O)NCC(F)(F)C1(O)CCOCC1,Covalent,1.0
CC(Cl)C(=O)NCC(=O)Nc1cn[nH]c1,Covalent,1.0
CNC(=O)C1CCN(C(=O)CCl)CC1,Covalent,1.0
O=C1CCC(NC(=O)c2ccc(-c3cc(F)cc(Cl)c3)o2)C(=O)N1,Noncovalent,0.0
O=C1CCC(NC(=O)c2cccn3ccnc23)C(=O)N1,Noncovalent,0.0
N#Cc1ccc(B(O)O)cc1C1CC1,Covalent,1.0
Cn1c(C(F)(F)F)nc2cncc(C(=O)NC3CCC(=O)NC3=O)c21,Noncovalent,0.0
O=C1CCC(N2Cc3c(Nc4ccnc(Nc5ccc6c(c5)CCCC6)n4)cccc3C2=O)C(=O)N1,non-covalent,0.0
O=C(CCl)NCCc1ccsc1,Covalent,1.0
Cc1ccc2nc(C)c(C(=O)N/N=C/c3cccc(Cl)c3)cc2c1,non-covalent,0.0
Cc1nn(CC#N)c(C)c1NC(=O)C(F)Cl,Covalent,1.0
O=C(CCl)N1CCC(c2ccccc2)=N1,Covalent,1.0
CC1=CC2ON=C(Nc3ccc4c(c3)CN(C3CCC(=O)NC3=O)C4=O)C2C=C1,non-covalent,0.0
O=C1CCC(NC(=O)c2ncsc2Cc2ccccc2)C(=O)N1,Noncovalent,0.0
C=CC(=O)NC1CCN(c2cccc(F)c2)CC1,Covalent,1.0
NCCCNC(=O)c1ccc2c(c1)C(=O)N(C1CCC(=O)NC1=O)C2=O,Noncovalent,0.0
C=CS(=O)(=O)N1CCCC1C1CCCCC1,Covalent,1.0
C=CC(=O)NC1CCN(c2ccccc2OC)C1,Covalent,1.0
Cc1cc2ncn(CC3CO3)c2cc1C,Covalent,1.0
Fc1cc(OCC2CO2)ccc1Cl,Covalent,1.0
COc1ccc(CS(=O)(=O)CC2CCC(=O)NC2=O)cc1,non-covalent,0.0
CCc1nc2n(n1)CC(C(=O)Nc1ccc(C3CCC(=O)NC3=O)cc1)CC2,Noncovalent,0.0
O=C(CCl)NC1(c2ncccn2)CCC1,Covalent,1.0
O=C1CCC(N2Cc3c(C(=O)NCCC4CCCNC4)cccc3C2=O)C(=O)N1,Noncovalent,0.0
CC(C)N(C)C(=O)c1cc(S(=O)(=O)F)[nH]n1,Covalent,1.0
Cc1nc(-c2ccco2)nc2sc(C(=O)NC3CCC(=O)NC3=O)c(C)c12,Noncovalent,0.0
Cc1ccc(C/C(=N\N)C(=O)NCc2ccc3c(c2)CN(C2CCC(=O)NC2=O)C3=O)cc1Cl,non-covalent,0.0
CC(C)c1ncc(C(=O)NC2CCC(=O)NC2=O)s1,Noncovalent,0.0
CC(C)(C)OC(=O)N1CCC(Cc2cn(C3CCC(=O)NC3=O)nn2)C1,Noncovalent,0.0
O=C1CCC(NC(=O)c2ccc(C(F)(F)F)c3c2OCCO3)C(=O)N1,Noncovalent,0.0
CN1CCc2cccc(OS(=O)(=O)F)c2C1,Covalent,1.0
CC(Cl)C(=O)N1CCc2ncsc2C1,Covalent,1.0
NCc1ccc(S(=O)(=O)F)s1,Covalent,1.0
CC1CCN(C(=O)CCl)C(C(N)=O)C1,Covalent,1.0
OB(O)c1ccc(O)nc1F,Covalent,1.0
C=CC(=O)N1CCSc2c1c(C)nn2C,Covalent,1.0
O=C1CCC(N2Cc3ccc(C(=O)Nc4nccs4)cc3C2=O)C(=O)N1,Noncovalent,0.0
Cc1cccc2oc(C(=O)Nc3ccc(NC4CCC(=O)NC4=O)cc3)nc12,Noncovalent,0.0
Nc1ccc(C(=O)O)cc1S(=O)(=O)F,Covalent,1.0
Cc1cc(NC2CCC(=O)N(C)C2=O)n2nc(C(F)(F)F)nc2n1,Noncovalent,0.0
C=CC(=O)NCC1CCCCS1,Covalent,1.0
C=CC(=O)N1CCCCCC(S(C)(=O)=O)C1,Covalent,1.0
CN(Cc1nc2ccccc2[nH]1)C(=O)C12CC1C2,Covalent,1.0
COc1ccc2c(c1)CN(C1CCC(=O)NC1=O)C2=O,Noncovalent,0.0
C=CS(=O)(=O)Nc1ccc(Cl)c(CO)c1,Covalent,1.0
N#C/C(=C\c1ccc2[nH]ncc2c1)C(=O)O,Covalent,1.0
C=CS(=O)(=O)N(CC)c1ccc(Cl)cc1,Covalent,1.0
CC#CC(=O)NC1CC(O)(c2ccc(F)cc2)C1,Covalent,1.0
O=C1CCC(n2cc(-c3ccc4cccnc4c3)nn2)C(=O)N1,Noncovalent,0.0
CCn1cc(NC(=O)CCl)cn1,Covalent,1.0
COc1cc(C(=O)NC23CC(C2)C(=O)NC3=O)ccc1C,Noncovalent,0.0
CN(CCN)c1ccc2c(c1)C(=O)N(C1CCC(=O)NC1=O)C2=O,Noncovalent,0.0
Cc1cc(C)c(Nc2nnc(SC3CCC(=O)NC3=O)s2)c(Cl)c1,Noncovalent,0.0
C=CC(=O)N1CCCc2ccc(C(=O)O)cc21,Covalent,1.0
Nc1cccc2c1cnn2C1CCC(=O)NC1=O,non-covalent,0.0
CCC1CCc2[nH]c(=O)c(C(=O)NC3CCC(=O)NC3=O)cc2C1,Noncovalent,0.0
CC1CN(C(=O)CCl)CC(C)(C)O1,Covalent,1.0
O=C1CCC(N2Cc3ccc(CNC(=O)NC4CCC4)cc3C2=O)C(=O)N1,Noncovalent,0.0
O=C1CCC(N2C(=O)c3ccc(N4CCOCC4)cc3C2=O)C(=O)N1,non-covalent,0.0
C=CC(=O)NCc1ccc(C(=O)N(C2CC2)C2CC(=O)NC2=O)cc1,Covalent,1.0
COC(=O)c1cncc(S(=O)(=O)F)n1,Covalent,1.0
Cc1nnnn1-c1cc(N)ccc1C(=O)NC1CCC(=O)NC1=O,Noncovalent,0.0
Cc1ccccc1C(=O)Nc1ccc2c(c1)CN(C1CCC(=O)NC1=O)C2=O,non-covalent,0.0
O=C1CCC(NC(=O)c2sccc2S(=O)(=O)N2CCCCC2)C(=O)N1,Noncovalent,0.0
O=C(CCl)N1CC(F)(F)CC2(CCC2)C1,Covalent,1.0
CC1(c2ccc(Cl)c(Cl)c2)CC(=O)N(C2CC(=O)NC2=O)C1=O,Noncovalent,0.0
CC(C)[C@@H]1COC(=O)N1C(=O)CCl,Covalent,1.0
O=C1CCC(N2C(=O)c3ccc(C(=O)NCc4ccc[nH]4)cc3C2=O)C(=O)N1,Noncovalent,0.0
O=C1CCC(NC(=O)c2ccc(=O)n(-c3cccnc3)n2)C(=O)N1,Noncovalent,0.0
O=C(CCl)NCc1cccc2c1CCOC2,Covalent,1.0
CC1(C)CCc2ccc(C(=O)NC3CCC(=O)NC3=O)cc2O1,Noncovalent,0.0
O=C1CCC(NC(=O)c2ccc3c(c2)nnn3CCc2ccccc2)C(=O)N1,Noncovalent,0.0
C=CC(=O)Nc1ccc2c(c1)C(=O)NCCC2,Covalent,1.0
O=C1CCC(c2ccccn2)C(=O)N1,Noncovalent,0.0
CCN(Cc1cccs1)C(=O)CCl,Covalent,1.0
C=CC(=O)N1CCCC(C(C)(C)O)C1,Covalent,1.0
C#Cc1cccc(NC(=O)C(F)Cl)c1,Covalent,1.0
O=S(=O)(F)c1ccc2c(c1)NCCC2,Covalent,1.0
CN(Cc1ccccc1)C(=O)C(F)Cl,Covalent,1.0
N#Cc1c[nH]c(C(=O)Nc2cccc3c2CN(C2CCC(=O)NC2=O)C3=O)c1,Noncovalent,0.0
O=C1CCC(NC(=O)c2ccccc2NC(=O)Cn2cnnn2)C(=O)N1,Noncovalent,0.0
C=CS(=O)(=O)N(CC)C(C)COC,Covalent,1.0
CC(C)C(=O)C(=O)NCc1ccc2c(c1)C(=O)N(C1CCC(=O)NC1=O)C2,Noncovalent,0.0
CN(C(=O)C12CC1C2)c1cccc2cc[nH]c12,Covalent,1.0
O=C1CCC(NC(=O)c2ccc(Br)o2)C(=O)N1,Noncovalent,0.0
C=CC(=O)N1CCN(CC(F)(F)F)C(=O)C1,Covalent,1.0
C=CS(=O)(=O)N1C[C@@H](F)C[C@H]1C(=O)OC,Covalent,1.0
CCOc1ccc(S(=O)(=O)NC2CCC(=O)NC2=O)cc1,Noncovalent,0.0
OB(O)c1csc2ccc(F)cc12,Covalent,1.0
CC(Cl)C(=O)N1CCCCC1c1ncon1,Covalent,1.0
CCN1C[C@H](Oc2ccc3c(c2)CN(C2CCC(=O)NC2=O)C3=O)CC[C@@H]1C,non-covalent,0.0
Cc1nsc(N(C)C2CCC(=O)NC2=O)c1C#N,Noncovalent,0.0
C=CC(=O)N1CC(C)(CO)Cc2ccccc21,Covalent,1.0
O=C1CCC(N2Cc3cc(-c4cn[nH]c4)ccc3C2=O)C(=O)N1,Noncovalent,0.0
O=C1CCC(c2ccc(NC(=O)CCCC3CNCCO3)cc2)C(=O)N1,Noncovalent,0.0
OB(O)c1c(F)ccc2[nH]ncc12,Covalent,1.0
C=CC(=O)N1CCCN(S(N)(=O)=O)CC1,Covalent,1.0
CCn1c(=O)c(NC2CCC(=O)NC2=O)nc2ccccc21,Noncovalent,0.0
Cc1nccc(-c2ccc3c(c2)CN(C2CCC(=O)NC2=O)C3=O)n1,Noncovalent,0.0
C=CC(=O)NC1CC2CC1C1CCCC21,Covalent,1.0
O=C1CCC(N2Cc3c(cccc3-n3cc(-c4cn[nH]c4)nn3)C2=O)C(=O)N1,Noncovalent,0.0
C=CC(=O)NCCC1COCCO1,Covalent,1.0
O=C1CCC(NC(=O)c2cc(=O)[nH]c3ccc(F)cc23)C(=O)N1,Noncovalent,0.0
O=C1CCC(N2Cc3ccc(CNC(=O)NCC(F)(F)F)cc3C2=O)C(=O)N1,Noncovalent,0.0
C=CS(=O)(=O)NCC(c1ccon1)C1CC1,Covalent,1.0
C=CC(=O)NC(c1ncc(C)s1)C1CC1,Covalent,1.0
C=CS(=O)(=O)NCC1CC2(CCC2)CO1,Covalent,1.0
O=C1CCC(NC(=O)c2cnc3c(c2)S(=O)(=O)N=CN3)C(=O)N1,Noncovalent,0.0
CCCc1cnnc(C(=O)NC2CCC(=O)NC2=O)c1,Noncovalent,0.0
N#CN(Cc1cccc(F)c1)c1ccccc1,Covalent,1.0
CC(C)(CC(=O)O)NC(=O)c1cccc2c1CN(C1CCC(=O)NC1=O)C2=O,Noncovalent,0.0
N#Cc1nc[nH]c1C(=O)NC1CCC(=O)NC1=O,Noncovalent,0.0
O=C1CCC(CSc2ccc(Cl)cc2)C(=O)N1,non-covalent,0.0
C=CC(=O)NCC(=O)Nc1ccc(F)cc1,Covalent,1.0
O=C1CCC(NC(=O)c2cc3c(cn2)[nH]c2ccccc23)C(=O)N1,Noncovalent,0.0
Nc1ccncc1-c1cccc2c1CN(C1CCC(=O)NC1=O)C2=O,Noncovalent,0.0
C=CC(=O)Nc1ccc2c(cnn2C(F)F)c1,Covalent,1.0
Cc1cccc(N(C)CCNC(=O)CCl)c1,Covalent,1.0
O=C(NC[C@@H]1C[C@H]1c1ccco1)C12CC1C2,Covalent,1.0
CN(c1nc(Cl)nc2cc[nH]c12)C1CCC(=O)NC1=O,Noncovalent,0.0
Cc1csc(C(NC(=O)CCl)C2CC2)n1,Covalent,1.0
Nc1n[nH]c2c(CN3CCC(O)C3)cc(-c3ccc4c(c3)CN(C3CCC(=O)NC3=O)C4=O)nc12,non-covalent,0.0
CC1=NOC(C)(CNC(=O)CCl)C1,Covalent,1.0
O=C(O)Cc1cccc(S(=O)(=O)F)c1,Covalent,1.0
C=CC(=O)NC1c2cccc(F)c2CCC1C,Covalent,1.0
C=CC(=O)N1Cc2ccccc2C1,Covalent,1.0
COc1cccc2c1OCC(C(=O)NCc1ccc3c(c1)CN(C1CCC(=O)NC1=O)C3=O)=C2,non-covalent,0.0
O=C1CCC(NC(=O)c2cc3nccc(-c4ccco4)n3n2)C(=O)N1,Noncovalent,0.0
C=CC(=O)N1CCSC(C(F)(F)F)C1,Covalent,1.0
O=C1CCC(N2Cc3cc(CNC(=O)C4=Cc5cc(F)c(F)cc5OC4)ccc3C2=O)C(=O)N1,non-covalent,0.0
CC(Cl)C(=O)Nc1ccc2ncn(C)c2c1,Covalent,1.0
O=C1CCC(N2Cc3c(C#CCOCc4ccccc4)cccc3C2=O)C(=O)N1,non-covalent,0.0
Cc1c(Cl)ccc(C(=O)NC2CCC(=O)NC2=O)c1OCc1ccccc1,Noncovalent,0.0
O=C1CCC(Nc2ccc(NC(=O)c3cn(C(F)F)ccc3=O)cc2)C(=O)N1,Noncovalent,0.0
CC1CC(=O)N(C2CCC(=O)NC2=O)C1=O,Noncovalent,0.0
COc1cncc(-c2cccc3c2CN(C2CCC(=O)NC2=O)C3=O)c1,Noncovalent,0.0
C=CS(=O)(=O)N1CC[C@H](C)O[C@H](C)C1,Covalent,1.0
O=C1CCC(NC(=O)c2cc(C3CC3)ns2)C(=O)N1,Noncovalent,0.0
CC(C)(C)NC(=O)Nc1ccc2c(c1)CN(C1CCC(=O)NC1=O)C2=O,Noncovalent,0.0
Cc1cnc2cccc(C(=O)NC3CCC(=O)NC3=O)n12,Noncovalent,0.0
O=C1CCC(n2cc(COc3ccccc3O)nn2)C(=O)N1,Noncovalent,0.0
C=CS(=O)(=O)NCC(CC(C)(C)C)OC,Covalent,1.0
C=CC(=O)N1CCC(Oc2ncc(C)cn2)CC1,Covalent,1.0
O=C1CCC(N2Cc3ccc(OS(=O)(=O)F)cc3C2=O)C(=O)N1,Covalent,1.0
C=CS(=O)(=O)NCc1cc(COC)cs1,Covalent,1.0
C=CC(=O)Nc1ccc2c(c1)C(=O)NCCO2,Covalent,1.0
CC1Oc2c(F)cccc2C1NC(=O)CCl,Covalent,1.0
NCc1ccc2c(c1)C(=O)N(C1CCC(=O)NC1=O)C2,Noncovalent,0.0
O=C1CCC(NC(=O)c2ccccc2Nc2ccc(OC(F)F)cc2)C(=O)N1,Noncovalent,0.0
O=C1CCC(NC(=O)c2cnc(C3CCCN3)nc2)C(=O)N1,Noncovalent,0.0
C=CC(=O)Nc1ccc(CN2CCCCC2)nc1,Covalent,1.0
C=CC(=O)NC12CC3CC(C1)C(F)(F)C(C3)C2,Covalent,1.0
O=C1CCC(Nc2ccc(NC(=O)c3cc4c(=O)[nH]cnc4cn3)cc2)C(=O)N1,Noncovalent,0.0
O=C1CCC(N2Cc3ccc(C(=O)N4CCC[C@@H](C(=O)O)C4)cc3C2=O)C(=O)N1,Noncovalent,0.0
O=C1CCC(NC(=O)c2ccc(-c3nnn[nH]3)nc2)C(=O)N1,Noncovalent,0.0
CC#CC(=O)N1CC=CCC12CCOC2,Covalent,1.0
Cc1cc(O)ncc1B(O)O,Covalent,1.0
CCOC1CCN(C(=O)CCl)CC1(C)C,Covalent,1.0
C=CC(=O)NC(C)c1cccc2ccccc12,Covalent,1.0
Cc1nc(C(=O)NC2CCC(=O)NC2=O)nn1-c1nnc(C(F)(F)F)[nH]1,Noncovalent,0.0
C=CC(=O)N1CCC(Cn2cncn2)CC1,Covalent,1.0
COc1ccc(F)c(B(O)O)c1F,Covalent,1.0
COc1ccc(CNc2ccc3c(c2)CN(C2CCC(=O)NC2=O)C3=O)cc1,non-covalent,0.0
NCc1cccc2c1CN(C1CCC(=O)NC1=O)C2=O,Noncovalent,0.0
Cc1ccc2c(c1)C(=O)N(C1CCC(=O)NC1=O)C2=O,Noncovalent,0.0
O=C1CCC(NC(=O)c2ccn(-c3ccccc3C(F)(F)F)n2)C(=O)N1,Noncovalent,0.0
CC1(C2COCCN2C(=O)CCl)CC1,Covalent,1.0
C=CC(=O)Nc1cc(C(=O)NCC2c3ccccc3C(=O)N2C)ccc1O,Covalent,1.0
NC1CCCc2c(C(=O)Nc3ccc(NC4CCC(=O)NC4=O)cc3)n[nH]c21,Noncovalent,0.0
Cn1c(N)c(N2C(=O)C=CC2=O)c(=O)[nH]c1=O,Covalent,1.0
O=C1CCC(N2Cc3cc(Nc4nc5ccccc5o4)ccc3C2=O)C(=O)N1,non-covalent,0.0
C=CS(=O)(=O)N(C)Cc1cncn1C1CC1,Covalent,1.0
O=C1CCC(NC(=O)c2cc(F)c3[nH]c(=O)ccc3c2)C(=O)N1,Noncovalent,0.0
Cc1cc(N2CCCS2(=O)=O)ccc1C(=O)NC1CCC(=O)NC1=O,Noncovalent,0.0
CC(=O)Nc1ccc2c(c1)CN(C1CC(=O)NC1=O)C2=O,Noncovalent,0.0
C=CC(=O)Nc1ccccc1Cl,Covalent,1.0
CC(C)(C)OC(=O)NCC12COCCC1O2,Covalent,1.0
CN(C)c1ccc(C(=O)NC2CCC(=O)NC2=O)cc1,Noncovalent,0.0
CCC[C@@H](NC(=O)c1ccc2c(c1)C(=O)N(C1CCC(=O)NC1=O)C2)C(=O)O,Noncovalent,0.0
O=C1CCC(N2C(=O)C=C(NC3(c4cccc(F)c4)CC3)C2=O)C(=O)N1,Covalent,1.0
O=C1CCC(c2ccc(NS(=O)(=O)CCCn3cnnn3)cc2)C(=O)N1,Noncovalent,0.0
Cc1nc(C2CC2)oc1C(=O)NC1CCC(=O)NC1=O,Noncovalent,0.0
C=CC(=O)N1CCC(CC(C)C(=O)O)CC1,Covalent,1.0
C=CC(=O)N1CCSCC(C)C1,Covalent,1.0
CCn1c(=O)oc2cc(S(=O)(=O)F)ccc21,Covalent,1.0
O=C1CCC(n2cc(COc3cc(F)cc(F)c3)nn2)C(=O)N1,Noncovalent,0.0
c1cc(OCC2CO2)c2cccnc2c1,Covalent,1.0
COC(=O)c1nccnc1S(=O)(=O)F,Covalent,1.0
C=CC(=O)N(C)Cc1cccc2c1OCO2,Covalent,1.0
CC1(C)CC(=O)NC(=O)C1,non-covalent,0.0
COc1ccc(CN(C(=O)C2CO2)C2CC2)cc1,Covalent,1.0
Cc1noc(C)c1CN(C)C(=O)CCl,Covalent,1.0
O=C1CCC(N2C(=O)c3ccc(N4CCCNCC4)cc3C2=O)C(=O)N1,Noncovalent,0.0
Cc1ccccc1CCNC(=O)CCl,Covalent,1.0
OB(O)c1ccc(C(F)(F)F)nc1,Covalent,1.0
O=C1NCc2cc(CNc3nccc(Oc4ccccc4)n3)ccc21,Noncovalent,0.0
O=C1CCC(N2Cc3cc(-c4cccc5ccoc45)ccc3C2=O)C(=O)N1,Noncovalent,0.0
CCn1cc(C(=O)NC2CCC(=O)NC2=O)c(-c2cnn(C)c2)n1,Noncovalent,0.0
Cc1cccc2c1OCC(C(=O)NCc1ccc3c(c1)CN(C1CCC(=O)NC1=O)C3=O)=C2,non-covalent,0.0
C=CC(=O)N(C)CC(O)c1cccc(C#N)c1,Covalent,1.0
CC(C)(CCN)NC(=O)c1ccc2c(c1)CN(C1CCC(=O)NC1=O)C2=O,Noncovalent,0.0
CC1CCc2onc(CNC(=O)CCl)c2C1,Covalent,1.0
O=C1CCC(N2Cc3ccc(C(=O)N4CCC[C@@H]4C(=O)O)cc3C2=O)C(=O)N1,Noncovalent,0.0
Cc1ccc(OC2CCCC2)c(-c2ccc(N3CCC(=O)NC3=O)cc2)c1,Noncovalent,0.0
C=CC(=O)N1CCCN2c3ccccc3CC2C1,Covalent,1.0
O=C1CCC(NC(=O)Cc2cccc(S(=O)(=O)F)c2)C(=O)N1,non-covalent,0.0
CCOc1ccc([N+](=O)[O-])cc1B(O)O,Covalent,1.0
C=CS(=O)(=O)NC[C@]12CCC[C@H]1CCO2,Covalent,1.0
O=C1CCC(N2C(=O)c3ccc(C(=O)NCCn4cccn4)cc3C2=O)C(=O)N1,Noncovalent,0.0
O=C1OCc2ccc(B(O)O)cc21,Covalent,1.0
O=C(CCl)NCC#CC1CCCCO1,Covalent,1.0
C=CC(=O)NC1C[C@H]2C[C@@H](C1=C)C2(C)C,Covalent,1.0
O=C1CCC(NC(=O)c2cnc3c(Br)c[nH]c3c2)C(=O)N1,Noncovalent,0.0
Nc1ccc(C2CC(=O)NC(=O)C2)cc1,Noncovalent,0.0
O=C(Nc1ccc2c(c1)C(=O)NC2=O)c1csc(-c2ccsc2)n1,Noncovalent,0.0
O=C1CCC(c2ccc(NC(=O)C(F)C3CC4(CCNCC4)C3)cc2)C(=O)N1,Noncovalent,0.0
Nc1cnn2ccc(-c3ccc4c(c3)CN(C3CCC(=O)NC3=O)C4=O)nc12,non-covalent,0.0
CC#CC(=O)N1Cc2ccccc2C(F)(F)C1,Covalent,1.0
C=CC(=O)N[C@H]1CCC[C@@H](C(F)(F)F)C1,Covalent,1.0
CC(C)Cn1ccc2c(C(=O)NC3CCC(=O)NC3=O)cccc21,Noncovalent,0.0
Nc1cccc(C(=O)NC2CCC(=O)NC2=O)c1,non-covalent,0.0
O=C1CCC(N2Cc3ccc(-n4cc(C5CCCC5)nn4)cc3C2=O)C(=O)N1,Noncovalent,0.0
O=C1CCC(Nc2ccc(NC(=O)c3onc4c3CCCC4)cc2)C(=O)N1,Noncovalent,0.0
C=CC(=O)NCc1ccc(C(=O)Nc2ccc(CC3NC(=O)NC3=O)cc2)cc1,Covalent,1.0
c1cc(-c2ccc(OCC3CO3)cc2)ccn1,Covalent,1.0
CC(C)(C)OC(=O)C1CCCN1Cc1cn(C2CCC(=O)NC2=O)nn1,Noncovalent,0.0
O=C1c2cccc(OCCOCCOCCOCc3ccccc3)c2C(=O)N1C1CCCCC1,non-covalent,0.0
O=C1CCC(NC(=O)c2cn3cccc(OCc4ccccc4)c3n2)C(=O)N1,Noncovalent,0.0
Cc1nc2c(C)cccc2cc1C(=O)N/N=C/c1cccc(Cl)c1,non-covalent,0.0
COC(=O)c1nn(C)cc1-c1cccc2c1CN(C1CCC(=O)NC1=O)C2=O,Noncovalent,0.0
C=CCCC1(C#N)CCN(C(=O)CCl)CC1,Covalent,1.0
C=CC(=O)NC1CCCn2nccc21,Covalent,1.0
C=CC(=O)N1CCC(Cc2nc(CC)no2)CC1,Covalent,1.0
O=S(=O)(F)CC1CCCNCC1,Covalent,1.0
C=CC(=O)NC1Cc2cccc(OC)c2C1,Covalent,1.0
CN1C(=O)CCC(NC(=O)c2ncc(OCC3CC3)cc2F)C1=O,Noncovalent,0.0
COCc1nc(C(=O)NC2CCC(=O)NC2=O)cs1,Noncovalent,0.0
O=C(CCl)NC1(CO)CCc2ccccc21,Covalent,1.0
CS(=O)(=O)c1ccccc1NC(=O)CCl,Covalent,1.0
COc1cc(C(C)NC(=O)CCl)sn1,Covalent,1.0
CC1(C)CN(C(=O)Nc2cnc3c(c2)CNC3=O)[C@H]2COC[C@H]21,Noncovalent,0.0
O=C1CCC(N2C(=O)c3ccc(CCCNc4ccncn4)cc3C2=O)C(=O)N1,Noncovalent,0.0
O=C1CCC(N2Cc3c(O)cccc3C2=O)C(=O)N1,Noncovalent,0.0
C=CC(=O)NCc1ccccc1-c1cnn(C)c1,Covalent,1.0
COc1cncc(N(C)C(=O)C(C)Cl)c1,Covalent,1.0
C=CC(=O)NCC(=O)N1CC=CC1,Covalent,1.0
O=C1CCC(n2cc(CN3C(=O)c4ccccc4C3=O)nn2)C(=O)N1,Noncovalent,0.0
C=CS(=O)(=O)N1CCCC(n2ccnn2)C1,Covalent,1.0
COc1cc2c(OC)cccc2cc1CNc1ccc2c(c1)CN(C1CCC(=O)NC1=O)C2=O,non-covalent,0.0
O=C1CCC(N2Cc3c(Nc4ccnc(-c5ccc(F)cc5)n4)cccc3C2=O)C(=O)N1,non-covalent,0.0
Cc1ccc(NC(=O)CCc2cccc3c2CN(C2CCC(=O)NC2=O)C3=O)cc1Cl,non-covalent,0.0
CC(C)c1c(C(=O)NC2CCC(=O)NC2=O)cnn1-c1ccccn1,Noncovalent,0.0
O=C1CCC(N2Cc3cc(-c4csc(CO)n4)ccc3C2=O)C(=O)N1,Noncovalent,0.0
CCN(CC)S(=O)(=O)c1ccc(C(=O)NC2CCC(=O)NC2=O)cc1,Noncovalent,0.0
C=CC(=O)NC1CCOC1C,Covalent,1.0
OB(O)c1cscc1Cl,Covalent,1.0
C=CC(=O)NCc1ccc(C(=O)O)o1,Covalent,1.0
C=CCOC(=O)C(C#N)=Cc1ccc(C(=O)O)[nH]1,Covalent,1.0
C=CC(=O)N1CCC(C)(CS(C)(=O)=O)CC1,Covalent,1.0
COC(=O)c1nc(NC(=O)Cn2cnc(C)c(C)c2=O)sc1CCc1ccc(Cl)cc1,non-covalent,0.0
C=CC(=O)NCc1cc(=O)nc(SC)[nH]1,Covalent,1.0
Cc1cc(Nc2ccc(C3CCC(=O)NC3=O)cc2)nc(C2CCCOC2)n1,Noncovalent,0.0
O=C(CCl)NCC#Cc1cccnc1,Covalent,1.0
O=C(CCl)NC1CCOCC1,Covalent,1.0
O=C(CCl)N(CC1CCCO1)C1CCCC1,Covalent,1.0
O=C1CC[C@H](N2Cc3cc(-c4cnn5ccc(NCCc6ccccc6)nc45)ccc3C2=O)C(=O)N1,non-covalent,0.0
c1nc(-c2ccc(OCC3CO3)cc2)cs1,Covalent,1.0
O=C1CCC(N2Cc3c(C#CCCCOc4ccccc4)cccc3C2=O)C(=O)N1,non-covalent,0.0
Cc1nn(-c2cc(NC3CCC(=O)NC3=O)ncn2)c(C)c1Br,Noncovalent,0.0
C=CS(=O)(=O)NCc1cccc(C)c1O,Covalent,1.0
CN1Cc2ccc(OS(=O)(=O)F)cc2C1=O,Covalent,1.0
CC1(C)C(C(=O)Nc2ccc(NC3CCC(=O)NC3=O)cc2)=Nc2ccccc21,Noncovalent,0.0
C=CC(=O)N1CC(O)CC1C1CC1,Covalent,1.0
O=C1CCC(N2Cc3cccc(Br)c3C2=O)C(=O)N1,Noncovalent,0.0
COC(=O)c1cc(S(=O)(=O)F)on1,Covalent,1.0
O=C(CCl)N1CC=C(CCN2C(=O)c3ccccc3C2=O)CC1,Covalent,1.0
C=CS(=O)(=O)NCC(C)(C)c1nc(C)no1,Covalent,1.0
Cc1nc(CNC(=O)CCl)nc2ccccc12,Covalent,1.0
C=CS(=O)(=O)NC(C1CCCC1)C1CCC1,Covalent,1.0
O=C1CCC(Nc2ccc3nnc(-c4ccc(F)cc4)n3n2)C(=O)N1,Noncovalent,0.0
O=C1CCC(N2C(=O)c3cccc(Nc4ccc(OS(=O)(=O)F)cc4)c3C2=O)C(=O)N1,non-covalent,0.0
N#CCN(C#N)c1ccc(F)cc1,Covalent,1.0
Cc1c(NC(=O)C(F)Cl)ccc2nccn12,Covalent,1.0
O=C1CCC(n2cc(Cc3ccccc3)nn2)C(=O)N1,Noncovalent,0.0
O=C1CCC(N2C(=O)c3ccc(Nc4cccc(OS(=O)(=O)F)c4)cc3C2=O)C(=O)N1,non-covalent,0.0
C[C@H](CC(=O)O)NC(=O)c1ccc2c(c1)C(=O)N(C1CCC(=O)NC1=O)C2,Noncovalent,0.0
O=C1CCC(N2Cc3cc(NC(=O)c4cc5ccccc5o4)ccc3C2=O)C(=O)N1,non-covalent,0.0
O=C1CCC(NC(=O)c2ccc(C3CCOC3)s2)C(=O)N1,Noncovalent,0.0
CC(C)NC(=O)C(C#N)=Cc1cccc(Cl)c1,Covalent,1.0
C=CS(=O)(=O)NCC(C)Cc1cnn(C)c1,Covalent,1.0
O=C1CCC(n2cc(-c3c(Cl)cccc3Cl)nn2)C(=O)N1,Noncovalent,0.0
O=C1CCC(c2ccc(NC(=O)c3cc(N4CCCCC4)ncn3)cc2)C(=O)N1,Noncovalent,0.0
Cc1ccc(OS(=O)(=O)F)nc1,Covalent,1.0
CN(CC(=O)Nc1ccc2c(c1)C(=O)N(C1CCC(=O)NC1=O)C2=O)C1CC1,Noncovalent,0.0
CCSc1ccccc1C(=O)NC1CCC(=O)NC1=O,Noncovalent,0.0
O=C1CCC(NC(=O)c2cnn(C3CC3)c2Cl)C(=O)N1,Noncovalent,0.0
Cc1cccc([C@@H](C)C(=O)Nc2cccc(C3CC(=O)NC(=O)C3)c2)c1,Noncovalent,0.0
Cc1ccc2snc(C(=O)Nc3ccc(NC4CCC(=O)NC4=O)cc3)c2c1,Noncovalent,0.0
O=C1CCC(NC(=O)c2ccc3ccc(=O)[nH]c3n2)C(=O)N1,Noncovalent,0.0
C=CC(=O)NC(C1CC1)C1CCCOC1,Covalent,1.0
CC1(NC(=O)CCl)CCS(=O)(=O)C1,Covalent,1.0
CCOC(=O)C1CCCN1C#N,Covalent,1.0
C=CC(=O)Nc1ccccc1CC(=O)N1CCCC2(C1)NC(=O)NC2=O,Covalent,1.0
Cn1cc(-c2ccc3c(c2)CN(C2CCC(=O)NC2=O)C3=O)nn1,Noncovalent,0.0
C=CC(=O)NCC1CCc2ccccc21,Covalent,1.0
C=CC(=O)NCc1cc(C)n(C)n1,Covalent,1.0
CS(=O)(=O)c1ccccc1C1CO1,Covalent,1.0
CC#CC(=O)N[C@H]1C[C@H](c2ccccc2)C1,Covalent,1.0
Cc1cc(C)n(C(C)CNC(=O)[C@@H]2O[C@H]2C)n1,Covalent,1.0
O=C1CCC(NC(=O)c2cc3c(s2)CCCCCC3)C(=O)N1,Noncovalent,0.0
C=CC(=O)N(C)Cc1ccnc(N(C)C)n1,Covalent,1.0
O=C1CCC(NC(=O)c2ccc3occc3n2)C(=O)N1,Noncovalent,0.0
NC(=O)CNS(=O)(=O)c1ccc(C(=O)NC2CCC(=O)NC2=O)o1,Noncovalent,0.0
C=CC(=O)NCc1ccc[nH]c1=O,Covalent,1.0
CC[C@@H]1C[C@H]1C(=O)Nc1ccc2c(c1)C(=O)N(C1CCC(=O)NC1=O)C2,Noncovalent,0.0
O=C(CCl)Nc1cccc2c1CNC2=O,Covalent,1.0
OB(O)/C=C/c1cc(F)cc(F)c1,Covalent,1.0
Cc1cc(NC(=O)[C@@]23CCN(C)C[C@@H]2CNC3)ccc1N1CCC(=O)NC1=O,Noncovalent,0.0
C=CC(=O)NC1CCN(c2ncccc2F)C1,Covalent,1.0
CC(C)(C)Nc1c(-c2ccc3c(c2)C(=O)N(C2CCC(=O)NC2=O)C3=O)nc2ccccn12,non-covalent,0.0
COc1nc(C(=O)NC2CCC(=O)NC2=O)cc2ccccc12,Noncovalent,0.0
CC1(N2C(=O)CC3(CCOCC3)C2=O)CCC(=O)NC1=O,Noncovalent,0.0
O=C1CCC(NC(=O)c2cc(O)nc3ccccc23)C(=O)N1,Noncovalent,0.0
C=CC(=O)NCc1ccsc1S(N)(=O)=O,Covalent,1.0
Cn1cc(-c2cccc3c2CN(C2CCC(=O)NC2=O)C3=O)cn1,Noncovalent,0.0
Clc1cccc2cc(OCC3CO3)cnc12,Covalent,1.0
N#Cc1cc(C(=O)NCc2ccc3c(c2)C(=O)N(C2CCC(=O)NC2=O)C3)c[nH]1,Noncovalent,0.0
COCCn1cc(C(=O)NC2CCC(=O)NC2=O)c(=O)cc1C,Noncovalent,0.0
O=C1CCC(N2C(=O)CCC2=O)C(=O)N1,Noncovalent,0.0
CCOC(=O)N1CCC(NC(=O)CCl)CC1,Covalent,1.0
O=C1CCC(N2Cc3cc(Br)ccc3C2=O)C(=O)N1,Noncovalent,0.0
C=CC(=O)NCc1coc(Cl)n1,Covalent,1.0
CCCNC(=O)C(C#N)=Cc1oc(C)nc1C,Covalent,1.0
CC#CC(=O)NCc1noc2ccc(F)cc12,Covalent,1.0
CN(c1ncnn2c(C#N)ccc12)C1CCC(=O)NC1=O,Noncovalent,0.0
Nc1ccc(Br)c2c1C(=O)N(C1CCC(=O)NC1=O)C2,Noncovalent,0.0
C=CC(=O)N1CCC(N(C)C(=O)N(C)C)C1,Covalent,1.0
C=CC(=O)NC(c1cccs1)C(C)C,Covalent,1.0
C=CC(=O)NCc1ccc2c(c1)COCC2,Covalent,1.0
C=CC(=O)N1CCC(F)(c2ccccc2)C1,Covalent,1.0
N#C/C(=C\c1cccnc1)C(N)=O,Covalent,1.0
CN(C)c1n[nH]c2c(CN3CCCC3)cc(-c3ccc4c(c3)CN(C3CCC(=O)NC3=O)C4=O)nc12,non-covalent,0.0
O=S(=O)(F)c1cccc(N2CCOCC2)n1,Covalent,1.0
Cc1nn2ccc(-c3ccc4c(c3)CN(C3CCC(=O)NC3=O)C4=O)nc2c1Cl,non-covalent,0.0
Cc1nccnc1COc1ccc2c(c1)C(=O)N(C1CCC(=O)NC1=O)C2=O,Noncovalent,0.0
O=C1CCC(N2C(=O)c3cc(F)c(N4CCOCC4)cc3C2=O)C(=O)N1,non-covalent,0.0
CN1C(=O)C=C[C@@H]2[C@H]1C[C@H]2S(=O)(=O)F,Covalent,1.0
CC1c2ccc(C#N)n2CCN1C(=O)C12CC1C2,Covalent,1.0
O=C1CCC(NC(=O)c2sc3cccnc3c2Br)C(=O)N1,Noncovalent,0.0
O=C(CCl)NCC1CCS(=O)(=O)C1,Covalent,1.0
C=CC(=O)Nc1cccc(F)c1SC,Covalent,1.0
O=C1CCC(N2Cc3cc(-c4ccn(-c5ccccc5)n4)ccc3C2=O)C(=O)N1,Noncovalent,0.0
CCn1ccc(C(=O)Nc2ccc(C3CC(=O)NC(=O)C3)cc2)c1C,Noncovalent,0.0
COC(=O)C(C#N)=Cc1c[nH]nc1C(C)(C)C,Covalent,1.0
O=C1CCC(Nc2nc(C(F)(F)F)nc3ccsc23)C(=O)N1,Noncovalent,0.0
C=CC(=O)Nc1cccc2c1CNC2=O,Covalent,1.0
O=C(C#Cc1ccc(F)cc1F)Nc1ccc(NC2CCC(=O)NC2=O)cc1,Noncovalent,0.0
O=C1CCC(c2ccc(NC(=O)c3cc(F)c4[nH]c(=O)ccc4c3)cc2)C(=O)N1,Noncovalent,0.0
C=CC(=O)NCc1ccns1,Covalent,1.0
C=CS(=O)(=O)N1CC2(C)CC1CCO2,Covalent,1.0
O=C1CC(N2C(=O)c3cccc(NCC4CCOC4)c3C2=O)C(=O)N1,Noncovalent,0.0
Cc1cc(NC(=O)CCl)[nH]c(=O)c1,Covalent,1.0
O=C1CCC(NC(=O)c2cn(C(F)F)nc2C(F)F)C(=O)N1,Noncovalent,0.0
O=C1CNc2cc(OS(=O)(=O)F)ccc2N1,Covalent,1.0
O=C1CCC(N2Cc3c(cccc3C3=CCCNC3)C2=O)C(=O)N1,Noncovalent,0.0
CCC(NC(=O)CCl)c1ccc(Cl)cc1,Covalent,1.0
Cc1cn2cc(C(=O)Nc3ccc(NC4CCC(=O)NC4=O)cc3)cc2c(C)n1,Noncovalent,0.0
O=C(CCl)NCCC1CCCC1(F)F,Covalent,1.0
C=CC(=O)N1CCC[C@H]1COC(C)(C)C,Covalent,1.0
O=C1CCC(N2Cc3cc(-c4cnc5ccccc5c4)ccc3C2=O)C(=O)N1,non-covalent,0.0
O=C(CCl)N1CCC2(CC=CCO2)C1,Covalent,1.0
O=S(=O)(F)CCc1ccc2c(c1)CCO2,Covalent,1.0
O=C1CCC(NC(=O)c2csc(Cc3cccc(C(F)(F)F)c3)n2)C(=O)N1,Noncovalent,0.0
Nc1sc2c(c1C(=O)Nc1ccc(NC3CCC(=O)NC3=O)cc1)CCNC2,Noncovalent,0.0
NCC1(c2nocc2C(=O)NC2CCC(=O)NC2=O)CC1,Noncovalent,0.0
Cc1nnc(NCc2ccccc2)c(C(=O)NC2CCC(=O)NC2=O)c1C,Noncovalent,0.0
COc1ccc(-c2nccc(Nc3cccc4c3CN(C3CCC(=O)NC3=O)C4=O)n2)c(OC)c1,non-covalent,0.0
C=CC(=O)N(C)c1ccc(NC(C)=O)cc1,Covalent,1.0
C=CC(=O)NCC(C)(C)C1(O)CCCOC1,Covalent,1.0
O=C(CCl)N(Cc1ccccc1)C1CC1,Covalent,1.0
COc1nsc(OC)c1C(=O)NC1CCC(=O)NC1=O,Noncovalent,0.0
Cc1cc(NC(=O)Nc2ccc(C3CC(=O)NC(=O)C3)cc2)no1,Noncovalent,0.0
CC(=O)Nc1ccccc1SCC1CCC(=O)NC1=O,non-covalent,0.0
C=CS(=O)(=O)N(Cc1ccco1)C1CC1,Covalent,1.0
C#CC1CCN(C(=O)c2ccc3c(c2)C(=O)N(C2CCC(=O)NC2=O)C3)CC1,Noncovalent,0.0
CCCn1nc(C(=O)NC2CCC(=O)NC2=O)ccc1=O,Noncovalent,0.0
C=CC(=O)N1CCC(n2cccc2)CC1,Covalent,1.0
CC(C)C(C)C(=O)NCc1ccc2c(c1)C(=O)N(C1CCC(=O)NC1=O)C2,Noncovalent,0.0
OB(O)c1cccc2ccsc12,Covalent,1.0
Cn1cc2c(n1)CC(C(=O)Nc1ccc(C3CCC(=O)NC3=O)cc1)NC2=O,Noncovalent,0.0
c1ccc2oc(C3CO3)cc2c1,Covalent,1.0
O=C1CCC(N2Cc3c(cccc3-c3cccc4c3OCCCO4)C2=O)C(=O)N1,Noncovalent,0.0
CC(C)(C)c1cncc(OCC2CO2)c1,Covalent,1.0
O=C1CCC(NC(=O)c2cnc(-c3cnccn3)s2)C(=O)N1,Noncovalent,0.0
O=C1CCC(n2cc(CN3CCCC4(CC4)S3(=O)=O)nn2)C(=O)N1,Noncovalent,0.0
CCCNC(=O)C(C#N)=Cc1conc1C1CC1,Covalent,1.0
C=CC(=O)N1CCC(C(N)=O)c2ccccc21,Covalent,1.0
O=C1CCC(N2Cc3cc(NC(=O)c4cn5ccc(C(F)(F)F)cc5n4)ccc3C2=O)C(=O)N1,non-covalent,0.0
FC(F)(F)Oc1ccccc1OCC1CO1,Covalent,1.0
CS(=O)(=O)Cc1ccc(C(=O)NC2CCC(=O)NC2=O)o1,Noncovalent,0.0
C=CC(=O)Nc1ccc(CC(=O)Nc2ccc(Cl)c3c2C(=O)NC3)cc1,Covalent,1.0
O=C1CCC(NC(=O)c2cc(Cl)c3ccncc3n2)C(=O)N1,Noncovalent,0.0
[2H]C([2H])([2H])Oc1ccc2cc(C(=O)Nc3ccc4c(c3)CN(C3CCC(=O)NC3=O)C4=O)ccc2c1,non-covalent,0.0
CP(C)(=O)c1ccc(B(O)O)cc1,Covalent,1.0
C=CC(=O)N[C@@H]1CCc2cc(Cl)ccc21,Covalent,1.0
O=C(O)CCC(=O)NCc1ccc(COC(=O)NC2CC(=O)NC2=O)cc1,non-covalent,0.0
C=CC(=O)Nc1ccc2c(c1)CCN(C)C2=O,Covalent,1.0
O=C1CCC(NC(=O)c2cc3cc(Br)sc3[nH]2)C(=O)N1,Noncovalent,0.0
CC(C)C1(CNC(=O)Nc2ccc3c(c2)CN(C2CCC(=O)NC2=O)C3=O)CC1,Noncovalent,0.0
N#Cc1cnc2c(Cl)cccc2c1Nc1cccc(C2CCC(=O)NC2=O)c1,Noncovalent,0.0
CN1CCn2cc(C(=O)NC3CCC(=O)NC3=O)nc2C1=O,Noncovalent,0.0
O=C1CC[C@@H](NC(=O)c2cnco2)C(=O)N1,Noncovalent,0.0
CC#CC(=O)NCC1CCN(C)C1=O,Covalent,1.0
O=C1CCC(n2cc(-c3cnc(Cl)nc3)nn2)C(=O)N1,Noncovalent,0.0
O=C1CCC(NC(=O)c2cc3c(cc2Br)NC(=O)CO3)C(=O)N1,Noncovalent,0.0
O=C1CCC(NC(=O)c2cc3c(C(F)(F)F)cc(=O)[nH]c3o2)C(=O)N1,Noncovalent,0.0
Cc1nc2c(cc1C(=O)NC1CCC(=O)NC1=O)CCCN2,Noncovalent,0.0
C=CC(=O)NC(c1ccccc1)c1nc(C)no1,Covalent,1.0
Cc1c(C(=O)NC2CCC(=O)NC2=O)sc2cc(F)ccc12,Noncovalent,0.0
COc1cccn2c(=O)cc(Nc3ccc(C4CCC(=O)NC4=O)cc3)nc12,Noncovalent,0.0
O=S(=O)(F)c1ccc(-n2nccn2)cc1,Covalent,1.0
O=C1CCC(NC(=O)c2ncnc3c2OCCO3)C(=O)N1,Noncovalent,0.0
O=C1NCc2c(Cl)ccc(NCc3ncnn3-c3ccccc3)c21,Noncovalent,0.0
CCc1cc(Nc2ccc(C3CCC(=O)NC3=O)cc2)nc(-c2ccccn2)n1,Noncovalent,0.0
O=C1CCC(NC(=O)c2cc(F)ccc2F)C(=O)N1,Noncovalent,0.0
CC(C)(C)c1nc(-c2ccc3c(c2)C(=O)NC3)c2c(N)nccn12,Noncovalent,0.0
CC#CC(=O)N(C)Cc1cccc2cc[nH]c12,Covalent,1.0
C=CC(=O)N(CC(C)(C)O)C1CCOCC1,Covalent,1.0
Cn1nc(C(=O)Nc2ccc(C3CCC(=O)NC3=O)cc2)c2c1CCCC2O,Noncovalent,0.0
O=C1CCC(NC(=O)c2ccc(-c3cn[nH]c3)nn2)C(=O)N1,Noncovalent,0.0
O=C1CC[C@H](N2C(=O)c3ccccc3C2=O)C(=O)N1,non-covalent,0.0
CC(C)c1c(C(=O)NC2CCC(=O)NC2=O)cnn1-c1cccc(Cl)c1,Noncovalent,0.0
C=CS(=O)(=O)NC1(C(=O)OC)CCOC1,Covalent,1.0
O=C1CCC(N2Cc3c(cccc3-c3cccc4c3CNC4)C2=O)C(=O)N1,Noncovalent,0.0
OB(O)c1cnc(-c2ncco2)nc1,Covalent,1.0
O=C1CCC(NC(=O)c2nnc3ccccc3n2)C(=O)N1,Noncovalent,0.0
O=C1NC(=O)[C@]2(c3ccccc3)C[C@H]12,Noncovalent,0.0
Nc1cc(Cl)cc2c1CN(C1CCC(=O)NC1=O)C2=O,non-covalent,0.0
COc1ccccc1C1N=C(Nc2cccc3c2CN(C2CCC(=O)NC2=O)C3=O)c2nc[nH]c2N1,non-covalent,0.0
O=C1CCC(n2cc(CCCC(O)c3ccccn3)nn2)C(=O)N1,Noncovalent,0.0
O=C(NCC(CO)CC1CC1)C(F)Cl,Covalent,1.0
OB(O)c1cccc(C2CC2)c1,Covalent,1.0
O=C1CCC(N2Cc3ccc(C(=O)NCC4(C(=O)O)CC4)cc3C2=O)C(=O)N1,Noncovalent,0.0
O=C1CC(c2cccc(Cl)c2)CC(=O)N1,Noncovalent,0.0
O=C1CCC(N2Cc3ccc(S(=O)(=O)n4cnc(F)c4)cc3C2=O)C(=O)N1,covalent,1.0
Cc1nnc(NC(=O)CCl)s1,Covalent,1.0
CC(Cl)C(=O)N1CCCOCC1(C)C,Covalent,1.0
NCc1cn([C@H]2C[C@H](C(=O)Nc3ccc(C4CCC(=O)NC4=O)cc3)C2)nn1,Noncovalent,0.0
O=C1CCC(NC(=O)c2[nH]ncc2CNC(=O)C2CCCCC(=O)N2)C(=O)N1,Noncovalent,0.0
C=CC(=O)Nc1cc(OC)c2ncccc2c1,Covalent,1.0
COc1ccccc1Cn1cnc2cc(C(=O)NC3CCC(=O)NC3=O)ccc21,Noncovalent,0.0
CC#CC(=O)NCc1c(C)nn(CC)c1C,Covalent,1.0
O=C(CCl)N1CCc2ccccc2C(O)C1,Covalent,1.0
COc1cc(Cl)cnc1-c1ccc2c(c1)CN(C1CCC(=O)NC1=O)C2=O,Noncovalent,0.0
C=CC(=O)N(C)CCn1c(=O)oc2ccccc21,Covalent,1.0
Cc1cccc(CNC(=O)c2cccc3c2CN(C2CCC(=O)NC2=O)C3=O)n1,Noncovalent,0.0
CC(=O)N1CCN(c2ccc3c(c2)C(=O)N(C2CCC(=O)NC2=O)C3=O)CC1,non-covalent,0.0
C=CC(=O)Nc1cnn(CC2CCCO2)c1,Covalent,1.0
COc1ccc(NC(=O)C(F)Cl)cc1OC,Covalent,1.0
Cc1ccsc1CN(C(=O)CCl)C(C)C,Covalent,1.0
CC(Cl)C(=O)N(C)C1CCCCNC1=O,Covalent,1.0
CCC1(c2ccc(NCc3ocnc3C)cc2)CCC(=O)NC1=O,Noncovalent,0.0
CC(C)(C)n1nnc(C(=O)NC2CCC(=O)NC2=O)n1,Noncovalent,0.0
CC(O)(C#Cc1cccc2c1CN(C1CCC(=O)NC1=O)C2=O)C1CCNCC1,non-covalent,0.0
C=CC(=O)Nc1ccc2c(c1)CCCC(=O)N2,Covalent,1.0
C=CC(=O)N1CCCCC1CNC(=O)NC,Covalent,1.0
O=C(CCl)N1CCCC2(C1)OC[C@H]1C[C@H]12,Covalent,1.0
O=C1CCC(N2Cc3cc(CNC(=O)C4=Cc5ccc(F)cc5OC4)ccc3C2=O)C(=O)N1,non-covalent,0.0
C=CC(=O)NC1CCOc2c(OC)cc(C)cc21,Covalent,1.0
O=C1CCC(c2ccc(NS(=O)(=O)c3cnc4n3CCCC4)cc2)C(=O)N1,Noncovalent,0.0
O=C(O)c1cc2c(c(S(=O)(=O)F)c1)OCC2,Covalent,1.0
CC(C)(CC(=O)O)NC(=O)c1ccc2c(c1)C(=O)N(C1CCC(=O)NC1=O)C2,Noncovalent,0.0
CC(O)c1c(Cl)ncnc1N(C)C1CCC(=O)NC1=O,Noncovalent,0.0
C=CC(=O)NC[C@]1(C)CC[C@H](C)C1(C)C,Covalent,1.0
O=C1CCC(NC(=O)c2c(Br)ccc3c2OCO3)C(=O)N1,Noncovalent,0.0
O=C1CCC(NC(=O)c2c(Br)nc3n2CCOC3)C(=O)N1,Noncovalent,0.0
CC1CCC(N(C(=O)CCl)C2CC2)CC1,Covalent,1.0
CN(C)CCNC(=O)NCc1ccc2c(c1)C(=O)N(C1CCC(=O)NC1=O)C2,Noncovalent,0.0
C=CC(=O)N1CCC2(CC1)COc1ccccc12,Covalent,1.0
O=c1ccccn1Cc1ccc(B(O)O)cc1,Covalent,1.0
C=CS(=O)(=O)N(C)Cc1cc(F)ccc1C,Covalent,1.0
O=C1CCC(c2ccc(NC(=O)c3ccn4nnnc4c3)cc2)C(=O)N1,Noncovalent,0.0
O=C1CCC(Nc2ccc(NC(=O)Cc3ncn4c3COCC4)cc2)C(=O)N1,Noncovalent,0.0
O=C1CCC(Nc2nc3cccc(OC(F)F)c3s2)C(=O)N1,Noncovalent,0.0
C#CC(=O)NCCN(C)c1cccc(C)c1,Covalent,1.0
C=CC(=O)NC1(C(N)=O)CCC(C)(C)CC1,Covalent,1.0
COC(=O)c1ccc(-c2cn(C3CCC(=O)NC3=O)nn2)cc1,Noncovalent,0.0
O=C1CCC(Oc2ccccc2)C(=O)N1,non-covalent,0.0
C=Cn1ccnc1S(=O)(=O)F,Covalent,1.0
O=C(CCCc1c[nH]nn1)NCc1cn[nH]c1C(=O)NC1CCC(=O)NC1=O,Noncovalent,0.0
Cc1nc2c(CNCc3ccc4c(c3)C(=O)NC4)cccc2o1,Noncovalent,0.0
c1ccc2nc(C3CC3)c(OCC3CO3)cc2c1,Covalent,1.0
O=C1CCC(NC(=O)c2cc3cc4c(cc3[nH]2)OC(F)(F)O4)C(=O)N1,Noncovalent,0.0
C=CC(=O)NCc1nc(C)ccc1OC,Covalent,1.0
CC(O)(C#Cc1cccc2c1CN(C1CCC(=O)NC1=O)C2=O)c1ccccc1,non-covalent,0.0
Nc1c(-c2ccc3c(c2)CN(C2CCC(=O)NC2=O)C3=O)nc2ccccn12,non-covalent,0.0
Cc1nc(S(=O)(=O)F)[nH]c1C,Covalent,1.0
C=CC(=O)NC1CCCN(c2cccc(C)c2)C1,Covalent,1.0
O=C1CCC(CSc2ccc(F)cc2)C(=O)N1,non-covalent,0.0
O=C1CCC(NC(=O)c2ccccc2)C(=O)N1,Noncovalent,0.0
Cn1ccc2cccc(NC(=O)CCl)c21,Covalent,1.0
C=CC(=O)NCCc1nc2ccccc2o1,Covalent,1.0
O=C1CCC(N2Cc3ccc(C(=O)Nc4cc(C(=O)O)[nH]n4)cc3C2=O)C(=O)N1,Noncovalent,0.0
O=C1CC(c2ccc(NS(=O)(=O)N3CCC3)cc2)CC(=O)N1,Noncovalent,0.0
C=CC(=O)NCC(c1cn(C)cn1)N1CCCC1,Covalent,1.0
C=CS(=O)(=O)N1CCc2nnnn2CC1,Covalent,1.0
CC(Cl)C(=O)NCc1ccc2ccoc2c1,Covalent,1.0
C=CC(=O)NC1CCCC1CNS(C)(=O)=O,Covalent,1.0
O=C1CCC(NC(=O)c2cc(Cl)cc3c2CCC3)C(=O)N1,Noncovalent,0.0
CC(C)Cc1cc(C(=O)NC2CCC(=O)NC2=O)nn1-c1ccccc1,Noncovalent,0.0
Cc1cc(F)c(F)cc1OCC1CO1,Covalent,1.0
C=CS(=O)(=O)NC(c1nccn1C)C(C)C,Covalent,1.0
O=C1CCC(NC(=O)c2cc3cncn3c(O)n2)C(=O)N1,Noncovalent,0.0
C=CC(=O)N(CC(N)=O)c1ccc(F)cc1,Covalent,1.0
O=C1CCC(n2cc(COc3cccc(O)c3)nn2)C(=O)N1,Noncovalent,0.0
C=CC(=O)Nc1c(OC(F)F)noc1C,Covalent,1.0
CSCc1ccc(C(=O)NC2CCC(=O)NC2=O)o1,Noncovalent,0.0
O=C(CCl)N1CCc2cc(F)ccc21,Covalent,1.0
CC(c1cccc(C(=O)NC2CCC(=O)NC2=O)c1)S(N)(=O)=O,Noncovalent,0.0
C=CS(=O)(=O)NCC1(CO)CC(C)C1,Covalent,1.0
Nc1nc(-c2ccc3c(c2)CN(C2CCC(=O)NC2=O)C3=O)cc(C2CC2)n1,Noncovalent,0.0
O=C(CCl)NCC1CC(F)(F)CO1,Covalent,1.0
CC(C)(C)C1=NOC2(CCC(=O)NC2=O)C1,non-covalent,0.0
CC1(C)CCCN1C(=O)CCl,Covalent,1.0
CC(C)(C)c1ccc(Oc2ccc(C(=O)NC3CCC(=O)NC3=O)cc2F)cc1,Noncovalent,0.0
O=C1CCC(N2Cc3cc(-c4ccc5c(c4)NC(=O)OC5)ccc3C2=O)C(=O)N1,Noncovalent,0.0
CCc1cc(F)ccc1B(O)O,Covalent,1.0
CCN(Cc1ccccc1)C1N=C(Nc2cccc3c2CN(C2CCC(=O)NC2=O)C3=O)C=CN1,non-covalent,0.0
O=C1CCC(N2Cc3cc(NC(=O)C4=Cc5ccc(C(F)(F)F)cc5OC4)ccc3C2=O)C(=O)N1,non-covalent,0.0
O=C1CCC(N2Cc3cc(-c4ccn5ncc(Br)c5n4)ccc3C2=O)C(=O)N1,non-covalent,0.0
C=CS(=O)(=O)N[C@H]1COC[C@H]1n1ccnn1,Covalent,1.0
COc1ccc(Cl)c(-c2cc(C(=O)NC3CCC(=O)NC3=O)nn2C)c1,Noncovalent,0.0
COC1CCN(C(=O)C(F)Cl)C2(CCC2)C1,Covalent,1.0
COc1cc2nc(C(=O)NC3CCC(=O)NC3=O)c(=O)n(C)c2cc1OC,Noncovalent,0.0
CC1(CS(=O)(=O)F)COC1,Covalent,1.0
Cc1nc2c3ccccc3nc(SC3CCC(=O)NC3=O)n2n1,Noncovalent,0.0
O=C1CCC(N2Cc3c(ccc4c3OCC43CCN(Cc4ccccc4)CC3)C2=O)C(=O)N1,non-covalent,0.0
Cc1ccc(C(=O)NC2CCC(=O)NC2=O)n(C)c1=O,Noncovalent,0.0
O=C1CCC(N2Cc3ccccc3OC3(CCOCC3)C2)C(=O)N1,Noncovalent,0.0
COc1oc(C)nc1C(=O)NC1CCC(=O)NC1=O,Noncovalent,0.0
N#Cc1sc2ccccc2c1S(=O)(=O)Nc1ccc2c(c1)CN(C1CCC(=O)NC1=O)C2=O,non-covalent,0.0
CSc1ccc(CN(C)C(=O)CCl)cc1,Covalent,1.0
C=CC(=O)N1CCOc2c1c(C)nn2C,Covalent,1.0
NC(=O)c1ccc(B(O)O)cc1Cl,Covalent,1.0
CCC1CN(C(=O)c2ccc3c(c2)C(=O)N(C2CCC(=O)NC2=O)C3)CCN1,Noncovalent,0.0
O=C(O)c1ccc(B(O)O)cc1F,Covalent,1.0
C=CC(=O)N1CC2(CCCC2)C1c1ccco1,Covalent,1.0
CCc1ccc(OCC2CO2)c(OC)c1,Covalent,1.0
CCCNC(=O)C(C#N)=Cc1ccncc1Cl,Covalent,1.0
CN1C(=O)c2ccccc2C1CNC(=O)CCl,Covalent,1.0
CC(=O)NCC1CCn2ncc(C(=O)NC3CCC(=O)NC3=O)c2C1,Noncovalent,0.0
C=CC(=O)NCc1oc(C(C)C)nc1C,Covalent,1.0
Cc1ccc(SC2CCC(=O)NC2=O)cc1,Noncovalent,0.0
C=CC(=O)N1CCSCC1(C)C,Covalent,1.0
O=C(CCl)NCC1CCC(C(F)(F)F)C1,Covalent,1.0
Cc1cccnc1CCNC(=O)CCl,Covalent,1.0
O=C1CCC(NC(=O)c2cc(Br)c3occc3c2)C(=O)N1,Noncovalent,0.0
O=C(NCC1(c2ccccc2)CC1)C1CO1,Covalent,1.0
O=C1CCC(n2cc(CC(O)Cc3ccccc3)nn2)C(=O)N1,Noncovalent,0.0
C=CC(=O)N1CC2CCCCC21c1ccccc1,Covalent,1.0
CN1CCN(c2ncc(C(=O)NC3CCC(=O)NC3=O)s2)CC1,Noncovalent,0.0
C=CC(=O)Nc1ccc2nc(C)c(C)nc2c1,Covalent,1.0
CN(c1nc(S(C)(=O)=O)nc2c1ncn2C)C1CCC(=O)NC1=O,Noncovalent,0.0
C=CC(=O)N1CCCC1c1noc(CC)n1,Covalent,1.0
O=C1CCC(NC(=O)c2cc3c([nH]c2=O)CCN(Cc2ccccc2)C3)C(=O)N1,Noncovalent,0.0
O=C1CCC(N2C(=O)c3ccc(OCc4cc(C5CC5)no4)cc3C2=O)C(=O)N1,Noncovalent,0.0
C=CS(=O)(=O)NC[C@H](O)c1ccccc1,Covalent,1.0
CN1C(=O)CCC(NC(=O)c2cn(CC(F)(F)F)cn2)C1=O,Noncovalent,0.0
O=C1CCC(NC(=O)c2cnc3[nH]c(=O)[nH]c3n2)C(=O)N1,Noncovalent,0.0
C[C@@H](NC(=O)c1cccc2c1CN(C1CCC(=O)NC1=O)C2=O)C(=O)O,Noncovalent,0.0
C=CC(=O)NC(C)(C)c1ncc(C)s1,Covalent,1.0
Nc1ccnc2c(C(=O)NC3CCC(=O)NC3=O)cccc12,non-covalent,0.0
O=C1CCC(N2Cc3cc(-c4cc(CN5CCCC5)c5cc[nH]c5n4)ccc3C2=O)C(=O)N1,non-covalent,0.0
N#Cc1cccc(C(=O)NC2CCC(=O)NC2=O)c1,Noncovalent,0.0
C=CC(=O)NCCC1CCOc2ccccc21,Covalent,1.0
C=CC(=O)NCc1cccc2c1OCCCO2,Covalent,1.0
CS(=O)(=O)c1ccccc1C(=O)NC1CCC(=O)NC1=O,Noncovalent,0.0
CN(C)C(=O)COC1CN(C(=O)CCl)C1,Covalent,1.0
O=C1CCC(NC(=O)c2ccc(OC(F)(F)F)c(C(F)F)c2)C(=O)N1,Noncovalent,0.0
O=S(=O)(F)c1cccc(-c2cccs2)c1,Covalent,1.0
Cc1ccc(S(=O)(=O)CC2CCC(=O)NC2=O)cc1,non-covalent,0.0
C=CC(=O)NCc1noc2ccccc12,Covalent,1.0
CC1(c2ccncc2)CCC(=O)NC1=O,Noncovalent,0.0
CO/N=C(/C(=O)NCc1ccc2c(c1)CN(C1CCC(=O)NC1=O)C2=O)c1ccc(F)cc1,non-covalent,0.0
CC(C)c1cccc(F)c1C(=O)NC1CCC(=O)NC1=O,Noncovalent,0.0
O=C(C1CO1)N(C1CC1)C1CCc2ccccc21,Covalent,1.0
N#CCOc1ccc(OCC2CO2)cc1,Covalent,1.0
O=C(O)c1ccc(S(=O)(=O)F)cc1O,Covalent,1.0
CC#CC(=O)NCc1nc(-c2cccs2)c[nH]1,Covalent,1.0
CC(NC(=O)CCl)c1ccc2c(c1)CCC2,Covalent,1.0
Cc1nn(C2CCCc3ccccc32)c2c1C(=O)NC2,Noncovalent,0.0
C[C@@H]1O[C@H]1C(=O)N1CC[C@H]2CCCC[C@H]21,Covalent,1.0
Cc1cc(CCC#N)ccc1OCC1CO1,Covalent,1.0
C=CC(=O)NCc1cc(F)c(F)c(F)c1,Covalent,1.0
COc1ccc(C=C(C#N)C(=O)O)cc1C#N,Covalent,1.0
O=C1CCC(NC(=O)c2cc3ccccc3o2)C(=O)N1,Noncovalent,0.0
CC1(C)C(C(=O)Nc2ccc3c(c2)C(=O)N(C2CCC(=O)NC2=O)C3)C1(C)C,Noncovalent,0.0
C=CC(=O)N(C)Cc1ccn(-c2ccccc2)n1,Covalent,1.0
CC(C)C(=O)Nc1cccc2c1CN(C1CCC(=O)NC1=O)C2=O,Noncovalent,0.0
O=S(=O)(F)c1cccnc1O,Covalent,1.0
C=CC(=O)N1CCC(c2ccn(C)n2)CC1,Covalent,1.0
C=CC(=O)N1CCCc2cc(C(=O)NC3(CC)CCC(=O)NC3=O)ccc21,Covalent,1.0
C=CC(=O)NC1C(C)CCCC1C,Covalent,1.0
O=C1CCC(N2C(=O)c3ccc(C(=O)NC4CC45CCC5)cc3C2=O)C(=O)N1,Noncovalent,0.0
C=CS(=O)(=O)NCc1cnc(F)c(C)c1,Covalent,1.0
O=C(CCl)NCc1cccc(C(=O)NC2CCC(=O)NC2=O)c1,Covalent,1.0
Cc1ccc(N2CCC(=O)NC2=O)cc1NCCCc1ccc2c(c1)CCO2,Noncovalent,0.0
CC(C)Nc1nc(NCCO)nc(Nc2cccc(C3CCC(=O)NC3=O)c2)n1,Noncovalent,0.0
O=C1CCC(NC(=O)c2cccc3cc[nH]c23)C(=O)N1,non-covalent,0.0
COCCCCN(C#N)c1ccc(F)cc1,Covalent,1.0
O=S(=O)(F)c1cnc2onc(C3CC3)c2c1,Covalent,1.0
Cc1ccc(N2CCC(=O)NC2=O)cc1NCc1cn(CC2CCCO2)nn1,Noncovalent,0.0
Nc1nc(O)c(Cl)nc1C(=O)NC1CCC(=O)NC1=O,Noncovalent,0.0
C=CC(=O)NCc1cccc(N2CCOCC2)n1,Covalent,1.0
C#CC12CC(CN1C(=O)C13CC1C3)C2,Covalent,1.0
Cc1ccc2c(NC3CCC(=O)NC3=O)ncnc2c1Br,Noncovalent,0.0
CCOc1ccc(S(=O)(=O)F)cc1C(=O)O,Covalent,1.0
C=CC(=O)N[C@H]1CCCC[C@H]1O,Covalent,1.0
C=CC(=O)Nc1ccccc1OC1COC1,Covalent,1.0
C=CC(=O)N1CCC2(CC1)CC2(Cl)C(=O)O,Covalent,1.0
CCC(=O)Nc1ccc2c(c1)C(=O)N(C1CCC(=O)NC1=O)C2,Noncovalent,0.0
C=CC(=O)NCc1cnoc1,Covalent,1.0
O=C1CC(c2cccc(NC(=O)c3cc(F)cc4[nH]nnc34)c2)CC(=O)N1,Noncovalent,0.0
C=CC(=O)NCc1nnnn1C1CC1,Covalent,1.0
C=CC(=O)N1CCOC(C)(CCOC)C1,Covalent,1.0
CC1(C(=O)NCc2ccc3c(c2)C(=O)N(C2CCC(=O)NC2=O)C3)CCCCO1,Noncovalent,0.0
COc1ccc(C(=O)O)cc1S(=O)(=O)F,Covalent,1.0
O=C1CC[C@@H](NC(=O)c2cc(C(F)(F)F)n(C(F)F)n2)C(=O)N1,Noncovalent,0.0
O=C1CCC(c2cccc(NC(=O)c3ccnc(C4COCCN4)n3)c2)C(=O)N1,Noncovalent,0.0
C=CC(=O)Nc1cc(OC(F)F)n(C)n1,Covalent,1.0
Nc1cccnc1Nc1ccc2c(c1)C(=O)NC2=O,Noncovalent,0.0
O=C1CCC(N2Cc3cc(-c4cccc(-c5ncccn5)n4)ccc3C2=O)C(=O)N1,Noncovalent,0.0
C=CC(=O)NCc1cccc(-c2ccsc2)c1,Covalent,1.0
O=C1CCC(c2ccc(NC(=O)C3(c4nn[nH]n4)CC34CCCC4)cc2)C(=O)N1,Noncovalent,0.0
O=S(=O)(F)c1ccc(C(F)(F)F)cn1,Covalent,1.0
C=CC(=O)N1CCC[C@H]2COC[C@H]21,Covalent,1.0
Cc1cc(F)ncc1-c1cn(C2CCC(=O)NC2=O)nn1,Noncovalent,0.0
C=CC(=O)NCC1CCOCC12CCCC2,Covalent,1.0
C=CC(=O)NC1CCCN(c2ccc(C)nn2)C1,Covalent,1.0
C=CC(=O)NC1CC(CO)(CO)C1,Covalent,1.0
Cc1cnc(C(=O)NCc2ccc3c(c2)C(=O)N(C2CCC(=O)NC2=O)C3)o1,Noncovalent,0.0
CC#CC(=O)N(C)C(C)c1cccc(C#N)c1,Covalent,1.0
O=C(O)c1cc(S(=O)(=O)F)c[nH]1,Covalent,1.0
CCOc1ccccc1B(O)O,Covalent,1.0
O=C1CCC(Nc2ccc(NC(=O)[C@@H]3Cc4[nH]ncc4C(=O)N3)cc2)C(=O)N1,Noncovalent,0.0
C=CC(=O)N1CCSCC1c1nccs1,Covalent,1.0
NCc1ccc(C(=O)NC2CCC(=O)NC2=O)c(C2CC2)n1,Noncovalent,0.0
O=C1CCC(NC(=O)c2cc(-c3c[nH]c4ccccc34)[nH]n2)C(=O)N1,Noncovalent,0.0
Cc1nn(C)c2[nH]c(C(=O)NC3CCC(=O)NC3=O)cc(=O)c12,Noncovalent,0.0
O=C1CCC(N2C(=O)c3cccc(Br)c3C2=O)C(=O)N1,Noncovalent,0.0
O=C(NCc1ccccc1)C(F)Cl,Covalent,1.0
O=C1CCC(NC(=O)c2cc(Cl)cc3ccncc23)C(=O)N1,Noncovalent,0.0
O=C1CCC(NC(=O)c2c[nH]c3ccc(-c4nn[nH]n4)cc23)C(=O)N1,Noncovalent,0.0
Cc1ccccc1-c1nnc(-c2ccc(C(=O)NC3CCC(=O)NC3=O)cc2)o1,Noncovalent,0.0
Cc1nc(CN(C#N)c2ccc(F)cc2)oc1C,Covalent,1.0
Cc1oc(C(C)C)nc1C(=O)NC1CCC(=O)NC1=O,Noncovalent,0.0
CC#CC(=O)NC1CC(OC(C)(C)C)C1(C)C,Covalent,1.0
O=C(Nc1cnn2cccnc12)C(F)Cl,Covalent,1.0
O=C(CCl)NCC1OCc2ccccc21,Covalent,1.0
CC(C)CNC(=O)NCc1ccc2nnn(C3CCC(=O)NC3=O)c(=O)c2c1,non-covalent,0.0
Nc1ccccc1C(=O)NC1CCC(=O)NC1=O,non-covalent,0.0
Cc1cc(O)n2ncc(C(=O)NC3CCC(=O)NC3=O)c2n1,Noncovalent,0.0
Nc1cccc2c1C(=O)N([C@@H]1C(=O)NC(=O)C[C@H]1C(F)(F)F)C2=O,Noncovalent,0.0
CC1(CS(=O)(=O)F)COCCO1,Covalent,1.0
CCCNC(=O)c1cccc2c1CN(C1CCC(=O)NC1=O)C2=O,Noncovalent,0.0
CC#CC(=O)NCC(C)(C)C1=CCOCC1,Covalent,1.0
CC(C)C1CCN(Cc2ccc(COc3cccc4c3CN(C3CCC(=O)NC3=O)C4=O)cc2)CC1,non-covalent,0.0
COc1cccc(OC)c1OS(=O)(=O)F,Covalent,1.0
O=C(CCl)NCCc1cccc2ccccc12,Covalent,1.0
O=C1CCC(N2Cc3cc(NCc4n[nH]c5ccccc45)ccc3C2=O)C(=O)N1,Noncovalent,0.0
C=CS(=O)(=O)Nc1ccc(F)cc1COC,Covalent,1.0
C=CC(=O)N1CCN(C)c2ncccc2C1,Covalent,1.0
CC#CC(=O)N1CC(=O)N(Cc2ccccc2)C1,Covalent,1.0
C=CC(=O)N1CCN(C2=NCC(C)S2)CC1,Covalent,1.0
c1ncc2ccc(OCC3CO3)cc2n1,Covalent,1.0
C=CC(=O)N1CCC(C)(c2ccccc2)CC1,Covalent,1.0
CN1C(=O)CCC(N2Cc3ccc(S(=O)(=O)F)cc3C2=O)C1=O,non-covalent,0.0
C=CC(=O)NC1CC(NC(=O)C2CCC2)C1,Covalent,1.0
O=C(CCl)N1CCCO1,Covalent,1.0
O=S(=O)(F)c1ccc(-c2ccccc2)cc1,Covalent,1.0
Cc1cc(C)n(-c2ccc(OCC3CO3)cc2)n1,Covalent,1.0
CC1(CNC(=O)c2ccc3c(c2)C(=O)N(C2CCC(=O)NC2=O)C3)CCNC1,Noncovalent,0.0
C=CC(=O)NCc1ccnc(-c2ccccc2)c1,Covalent,1.0
Cc1cc(CS(=O)(=O)F)on1,Covalent,1.0
O=C1CCC(NC(=O)c2nc(Br)n3ccsc23)C(=O)N1,Noncovalent,0.0
CN1C(=O)CCC(NC(=O)c2ncc(C(F)(F)F)cc2Cl)C1=O,Noncovalent,0.0
O=C1CCC(N2Cc3c(cccc3C(=O)N3CCC[C@H]3C(=O)O)C2=O)C(=O)N1,Noncovalent,0.0
CC1(NC(=O)c2cccc3c2CN(C2CCC(=O)NC2=O)C3=O)CC1,Noncovalent,0.0
N#CC(=Cc1ccc(O)cc1)C(=O)N1CCCC1,Covalent,1.0
O=C1CCC(NC(=O)c2cc(Cl)cc(Cl)c2OC(F)F)C(=O)N1,Noncovalent,0.0
CN1C(=O)CCC(NC(=O)c2cncc(OS(=O)(=O)F)c2)C1=O,Covalent,1.0
CC1CCN(C(=O)CNc2cccc3c2CN(C2CCC(=O)NC2=O)C3=O)C1,Noncovalent,0.0
Cc1ncsc1CNC(=O)CCl,Covalent,1.0
C=CS(=O)(=O)NCC1(C(=O)OC)CCCO1,Covalent,1.0
COc1cc(COc2ccc3c(c2)C(=O)N(C2CCC(=O)NC2=O)C3=O)ccn1,Noncovalent,0.0
O=C1CCC(N2C(=O)c3cccc(N4CCOCC4)c3C2=O)C(=O)N1,non-covalent,0.0
C=CC(=O)N1CC(=O)NCC1c1ccccc1,Covalent,1.0
NC[C@H]1CC[C@H](NC(=O)c2ccc3c(c2)C(=O)N(C2CCC(=O)NC2=O)C3)CC1,Noncovalent,0.0
O=C1CCC(NC(=O)c2cccc(C3(C(F)(F)F)CCO3)c2)C(=O)N1,Noncovalent,0.0
O=C1CCC(N2Cc3cc(CNC(=O)Nc4ccc(Cl)c(Cl)c4)ccc3C2=O)C(=O)N1,non-covalent,0.0
N#Cc1cc(F)c(NC23CC(C2)C(=O)NC3=O)cc1Br,Noncovalent,0.0
C=CS(=O)(=O)N1Cc2ccc(F)cc2C1,Covalent,1.0
CC1CCc2nc(C(=O)NC3CCC(=O)NC3=O)ccc2C1,Noncovalent,0.0
C=CC(=O)NCCC(=O)N1CCCC(C)C1,Covalent,1.0
COC1CN(c2nc(NCC3c4ccccc4C(=O)N3C)c3[nH]cnc3n2)C1,Noncovalent,0.0
C[C@@H]1O[C@H]1C(=O)Nc1cccc2c1OCCC2O,Covalent,1.0
O=C1CCC(NC(=O)c2cc3cc(F)ccc3nc2O)C(=O)N1,Noncovalent,0.0
C=CC(=O)N(C)C1CCN(CC)C(C)C1,Covalent,1.0
C=CC(=O)N1CC(c2ccccc2)(C(C)C)C1,Covalent,1.0
CCn1cc(-c2cccc3c2CN(C2CCC(=O)NC2=O)C3=O)cn1,Noncovalent,0.0
CCOc1ccc2cc(C(=O)Nc3ccc4c(c3)CN(C3CCC(=O)NC3=O)C4=O)ccc2c1,non-covalent,0.0
C=CC(=O)NCCc1nc2ccc(F)cc2n1C,Covalent,1.0
CNC(=O)C(NC(=O)CCl)c1ccccc1,Covalent,1.0
C=CS(=O)(=O)NCCc1cc(CC)no1,Covalent,1.0
C=CC(=O)N1CC(F)(F)CC1(C)C(=O)O,Covalent,1.0
Cn1ccc(CS(=O)(=O)F)n1,Covalent,1.0
Cc1cnc(NC(=O)Nc2ccc(C3CC(=O)NC(=O)C3)cc2)s1,Noncovalent,0.0
O=C1CCC(NC(=O)c2nccnc2C(=O)NCc2ccc(F)cc2)C(=O)N1,Noncovalent,0.0
C[C@H]1[C@@H](N2CCOCC2)CCN1C(=O)CCl,Covalent,1.0
C=CC(=O)NCc1cc(C2CC2)nn1C,Covalent,1.0
COc1ccc(COc2cscc2-c2cn(C3CCC(=O)NC3=O)nn2)cc1,non-covalent,0.0
C[C@@H](NC(=O)c1ccc2c(c1)C(=O)N(C1CCC(=O)NC1=O)C2=O)C1CC1,Noncovalent,0.0
OB(O)c1cnn(-c2ccccc2)c1,Covalent,1.0
Cc1nc2c(C)cccc2cc1C(=O)N/N=C/c1c(C)[nH]c2ccccc12,non-covalent,0.0
C=CC(=O)NCc1ccsc1-n1cccc1,Covalent,1.0
Cc1cccc(C)c1C(=O)Nc1cccc(C2CC(=O)NC(=O)C2)c1,Noncovalent,0.0
O=C1CCC(NC(=O)c2cccc(F)c2)C(=O)N1,Noncovalent,0.0
C=CS(=O)(=O)NC(C)c1ccccc1,Covalent,1.0
Cc1ccc(C)c(-c2cc(C(=O)N[C@@H]3CCC(=O)NC3=O)no2)c1,Noncovalent,0.0
O=C1CCC(Cc2cccc(OCC3CO3)c2)O1,Covalent,1.0
Nc1c(C(=O)Nc2ccc(C3CCC(=O)NC3=O)cc2)[nH]c(=O)[nH]c1=O,Noncovalent,0.0
O=C1CCC(c2ccc(NC(=O)C3=COc4ccccc4O3)cc2)C(=O)N1,Noncovalent,0.0
O=C1CC(c2cccc(NC(=O)Cc3n[nH]c4ccccc34)c2)CC(=O)N1,Noncovalent,0.0
C=CC(=O)NC1C2CC3CC(C2)CC1C3,Covalent,1.0
O=C(c1ccccc1)N1CC(S(=O)(=O)F)C1,Covalent,1.0
CCOC(=O)c1ncc(-c2ccc3c(c2)CN(C2CCC(=O)NC2=O)C3=O)s1,Noncovalent,0.0
C=CS(=O)(=O)NCCNC(=O)c1ccco1,Covalent,1.0
Cc1ccc2snc(C(=O)NC3CCC(=O)NC3=O)c2c1,Noncovalent,0.0
COc1cccc(C(=O)NC2CCC(=O)NC2=O)c1-n1cccn1,Noncovalent,0.0
NCCCNc1cccc2c1C(=O)N(C1CCC(=O)NC1=O)C2=O,Noncovalent,0.0
O=S(=O)(F)Oc1ccc(-n2cccn2)cc1,Covalent,1.0
O=C1CCC(N2Cc3cc(-c4cncc5ccccc45)ccc3C2=O)C(=O)N1,Noncovalent,0.0
CC(C)[C@@H](NC(=O)c1ccc2c(c1)C(=O)N(C1CCC(=O)NC1=O)C2)C(=O)O,Noncovalent,0.0
O=C1CCC(NC(=O)c2cc3occc3s2)C(=O)N1,Noncovalent,0.0
NCc1cccc(NC(=O)c2ccc3c(c2)C(=O)N(C2CCC(=O)NC2=O)C3)c1,Noncovalent,0.0
O=C1NC(=O)C(=CNc2cccc3c2C(=O)NC3=O)C(=O)N1,Covalent,1.0
O=C1CCC(N2Cc3cc(NC(=O)N4CCCC4)ccc3C2=O)C(=O)N1,Noncovalent,0.0
O=C(O)c1ccc(S(=O)(=O)F)o1,Covalent,1.0
O=C1CCC(NC(=O)c2cnc3c(OC(F)(F)F)cccc3c2O)C(=O)N1,Noncovalent,0.0
NC1CCCC(CNC(=O)c2ccc3c(c2)CN(C2CCC(=O)NC2=O)C3=O)C1,Noncovalent,0.0
Cc1cc(C(=O)NC2CCC(=O)NC2=O)nc(N2CCCCC2)n1,Noncovalent,0.0
Nc1cccc(F)c1C(=O)NC1CCC(=O)NC1=O,non-covalent,0.0
C=CC(=O)Nc1ccc(C(F)F)nc1,Covalent,1.0
C=CC(=O)NCc1cc(C(F)(F)F)on1,Covalent,1.0
C=CS(=O)(=O)N1Cc2cnn(C)c2C1,Covalent,1.0
C=CC(=O)N(C)C(C)c1cnn(C)c1,Covalent,1.0
Cc1ccc(C(=O)Nc2cccc3c2CN(C2CCC(=O)NC2=O)C3=O)c(C)c1,Noncovalent,0.0
COc1ccc2cc(C(=O)Nc3ccc4c(c3)CN(C3CCC(=O)NC3=O)C4=O)ccc2n1,non-covalent,0.0
O=C1CCC(N2C(=O)c3ccc(NC(=O)C4CC4)cc3C2=O)C(=O)N1,non-covalent,0.0
C=CC(=O)N[C@H]1C[C@H](SC)C1,Covalent,1.0
CN(Cc1ccc(N(C)C)cc1)C(=O)CCl,Covalent,1.0
Cn1nccc1-c1ccc(F)cc1OCC1CO1,Covalent,1.0
Cc1ccc(NC(=O)NCc2ccccc2C(=O)NC2CCC(=O)NC2=O)cc1Cl,non-covalent,0.0
O=C1CCC(c2ccc(Nc3nc(C4CCCC4)ns3)cc2)C(=O)N1,Noncovalent,0.0
O=C1CCC(n2cc(C(=O)O)cn2)C(=O)N1,Noncovalent,0.0
C=CC(=O)Nc1ncc2c(n1)CCOC2,Covalent,1.0
Cc1nn(-c2ccncc2)cc1C(=O)NC1CCC(=O)NC1=O,Noncovalent,0.0
O=C1CCC(NC(=O)c2ncsc2-c2ccccc2Br)C(=O)N1,Noncovalent,0.0
Cc1cc(S(=O)(=O)F)ncc1F,Covalent,1.0
C=CC(=O)Nc1nc2cc(Cl)ccc2n1C,Covalent,1.0
Cc1cn2nc(C(=O)NC3CCC(=O)NC3=O)cc(C)c2n1,Noncovalent,0.0
CC[C@@H]1C[C@H]1CNC(=O)c1ccc2c(c1)CN(C1CCC(=O)NC1=O)C2=O,Noncovalent,0.0
Cn1ncc(B(O)O)c1C(F)(F)F,Covalent,1.0
CN(Cc1cccc(Cl)c1)C(=O)CCl,Covalent,1.0
C=CC(=O)N[C@@H](C)C(=O)N1Cc2ccccc2C1,Covalent,1.0
O=C1CCC(Nc2cnc3cc(Cl)ccc3n2)C(=O)N1,Noncovalent,0.0
C=CC(=O)N(C)C(C)c1ccc(Cl)cn1,Covalent,1.0
COC(=O)c1cc(S(=O)(=O)F)ccc1O,Covalent,1.0
CC(Oc1cccc2c1CNC2=O)c1cccc(F)c1,Noncovalent,0.0
CCC(C)(NC(=O)CCl)c1nccs1,Covalent,1.0
O=C1CCC(N2C(=O)c3ccc(C(=O)NCCC4CCCC4)cc3C2=O)C(=O)N1,Noncovalent,0.0
N#C/C(=C\c1ccoc1)C(=O)O,Covalent,1.0
Cc1n[nH]c2cc(NC(=O)CCl)ccc12,Covalent,1.0
COc1ccc(-c2cncc(C(=O)NC3CCC(=O)NC3=O)c2)c(C)c1,Noncovalent,0.0
CC(C)NC(=O)C(C#N)=Cc1cccnc1,Covalent,1.0
N#Cc1ccccc1-c1cccc2c1CN(C1CCC(=O)NC1=O)C2=O,Noncovalent,0.0
Cc1cccc(F)c1-n1nc(C(=O)NC2CCC(=O)NC2=O)c2c1CCC2,Noncovalent,0.0
O=C1CCC(N2Cc3cc(NC(=O)C4=Cc5ccc(Br)cc5OC4)ccc3C2=O)C(=O)N1,non-covalent,0.0
C=CC(=O)N[C@@H]1C[C@H]1COC,Covalent,1.0
CC1CCCC1N(CCO)C(=O)CCl,Covalent,1.0
O=C1CCC(N2Cc3c(cccc3-c3cccs3)C2=O)C(=O)N1,Noncovalent,0.0
COc1ccc(C2=NOC3(CCC(=O)NC3=O)C2)c(OC)c1OC,non-covalent,0.0
O=C1CCC(N2C(=O)c3cccc(OCCOCCOCCOCc4ccccc4)c3C2=O)C(=O)N1,non-covalent,0.0
CC(C)C(=O)NCc1ccc2c(c1)C(=O)N(C1CCC(=O)NC1=O)C2,Noncovalent,0.0
O=S(=O)(F)c1ccc(N2CC[C@H](F)C2)nc1,Covalent,1.0
Cc1nc(NC(=O)CCl)sc1C,Covalent,1.0
Nc1nc(-c2ccoc2)ncc1C(=O)NC1CCC(=O)NC1=O,Noncovalent,0.0
O=C1CCC(NC(=O)c2cc(-c3ccc(Cl)cc3)nn2CC2CC2)C(=O)N1,Noncovalent,0.0
CNC(=O)Cc1ccc(NC(=O)C23CC2C3)cc1,Covalent,1.0
CCCn1ccc(B2OC(C)(C)C(C)(C)O2)n1,Covalent,1.0
C=CC(=O)N1CCN(S(C)(=O)=O)CC1C,Covalent,1.0
O=C(Nc1nccs1)c1ccc(B(O)O)cc1,Covalent,1.0
CC1(C)C2CC=C(COCC3CO3)C1C2,Covalent,1.0
C=CC(=O)NCC1CCOC(C)(C)C1,Covalent,1.0
CC(O)CCCc1cn(C2CCC(=O)NC2=O)nn1,Noncovalent,0.0
CN(C)c1cnc(CNC(=O)CCl)nc1,Covalent,1.0
O=C1CCC(NC(=O)c2c(O)c3cccc4c3n(c2=O)CCC4)C(=O)N1,Noncovalent,0.0
COc1ccnc(Nc2ccc(C(=O)NC3CCC(=O)NC3=O)cc2)n1,Noncovalent,0.0
O=C1CCC(NC(=O)c2cc3cc(Br)ccc3o2)C(=O)N1,Noncovalent,0.0
O=C1CCC(NC(=O)c2ccc([N+](=O)[O-])cc2F)C(=O)N1,non-covalent,0.0
COc1ccc2cc(C(=O)NC3CCC(=O)NC3=O)n(C)c2c1,Noncovalent,0.0
NC(=O)CC1(CNC(=O)c2ccc3c(c2)CN(C2CCC(=O)NC2=O)C3=O)CC1,Noncovalent,0.0
O=C1CCC(NC(=O)c2scc3c2OCCO3)C(=O)N1,Noncovalent,0.0
CC(C)NC(=O)Nc1ccc2c(c1)C(=O)N(C1CCC(=O)NC1=O)C2=O,Noncovalent,0.0
C=CC(=O)N1CCOC(C)(C(C)(C)C)C1,Covalent,1.0
COC(=O)C1(NC(=O)CCl)CC1,Covalent,1.0
C=CC(=O)Nc1ccc(C(=O)N2CCCCC2C2CCC(=O)NC2=O)cc1,Covalent,1.0
O=C1CCC(N2Cc3cc(-c4ccn5ncc(Cl)c5n4)ccc3C2=O)C(=O)N1,non-covalent,0.0
O=C1CCC(c2cccc(OS(=O)(=O)F)c2)C(=O)N1,non-covalent,0.0
O=C1CCC(NC(=O)Cc2ccccc2)C(=O)N1,non-covalent,0.0
CC(C)Cc1nnc(NC(=O)CCl)s1,Covalent,1.0
O=C(CCl)NCc1c[nH]nc1-c1ccccc1,Covalent,1.0
CN1C(=O)CCC(NCc2ccccc2C(F)(F)F)C1=O,Noncovalent,0.0
C=CC(=O)Nc1c(C)cc(N(C)C)cc1C,Covalent,1.0
C=CC(=O)N1CCN(C)C(c2ncc[nH]2)C1,Covalent,1.0
CN(CCc1ccccc1O)C(=O)CCl,Covalent,1.0
C=CC(=O)Nc1ccc(Cl)nc1OC1CC1,Covalent,1.0
CC(Cl)C(=O)NCc1nnc(C2CC2)o1,Covalent,1.0
CC#CC(=O)N(C)Cc1ncc(C2CC2)o1,Covalent,1.0
Nc1cc2c(c(C(=O)NC3CCC(=O)NC3=O)c1)OC(F)(F)O2,Noncovalent,0.0
O=S(=O)(F)c1ccc(C(F)F)cn1,Covalent,1.0
COc1ccccc1-n1nccc1C(=O)NC1CCC(=O)NC1=O,Noncovalent,0.0
CN1C(=O)CCC(NC(=O)c2cccc(O)c2F)C1=O,Noncovalent,0.0
Cc1ccccc1C1CCN(C(=O)C2CO2)CC1,Covalent,1.0
CCC1(c2ccc(N)cc2)CCC(=O)NC1=O,Noncovalent,0.0
Cn1cc(C(=O)NC2CCC(=O)NC2=O)c(C2CCCNC2)n1,Noncovalent,0.0
C=C(C)C1OCCC1CNC(=O)CCl,Covalent,1.0
C=CS(=O)(=O)N[C@@H]1C[C@H]1c1ccccc1,Covalent,1.0
CNc1ccc(-c2ccc3c(c2)CN(C2CCC(=O)NC2=O)C3=O)nc1,Noncovalent,0.0
C=CC(=O)Nc1ccc(-c2nnc(CC)o2)cc1,Covalent,1.0
COC(=O)c1nc(-c2ccc3c(c2)CN(C2CCC(=O)NC2=O)C3=O)ccc1C,Noncovalent,0.0
Cc1ccc(-c2cn(C)c3ccc(F)cc23)cc1N1CCC(=O)NC1=O,Noncovalent,0.0
O=C1CCC(N2C(=O)c3cc(F)c(N4CC5(COC5)C4)cc3C2=O)C(=O)N1,non-covalent,0.0
O=C(CCl)NCCc1ncc(F)cn1,Covalent,1.0
N#CC(=Cc1ccc2c(c1)OCO2)C(=O)O,Covalent,1.0
O=C1CCC(Nc2cc(Cl)nc(-c3ccoc3)n2)C(=O)N1,Noncovalent,0.0
C=CC(=O)N1CC2CC1(C(N)=O)C2,Covalent,1.0
C=CC(=O)NC(C)CN1CCCC(C)C1,Covalent,1.0
O=C1CCC(N2C(=O)c3ccc(O)c(F)c3C2=O)C(=O)N1,non-covalent,0.0
O=C1CCC(NC(=O)c2cncnc2)C(=O)N1,Noncovalent,0.0
O=C1CC[C@H](N2Cc3cc(-c4cnn5ccc(NCCN6CCOCC6)nc45)ccc3C2=O)C(=O)N1,non-covalent,0.0
O=C1CCC(N2Cc3cc(NCc4ccc5cc(O)ccc5c4)ccc3C2=O)C(=O)N1,non-covalent,0.0
O=C1CCC(N2Cc3cc(NC(=O)c4cc5ccccn5n4)ccc3C2=O)C(=O)N1,non-covalent,0.0
CC#CC(=O)NCC1(CO)CCc2ccccc21,Covalent,1.0
C=CC(=O)NC[C@@H]1C[C@H]1C1CCOCC1,Covalent,1.0
CC(C)(C)c1noc2nc(C(=O)NC3CCC(=O)NC3=O)ccc12,Noncovalent,0.0
C=CS(=O)(=O)N1CC(F)(c2ccccn2)C1,Covalent,1.0
C=CC(=O)N1CCN(CC(C)C)C(=O)C1C,Covalent,1.0
O=C(COc1ccc2c(c1)CN(C1CCC(=O)NC1=O)C2=O)NCC(F)(F)F,Noncovalent,0.0
CC(Cl)C(=O)NCCc1ccnn1C,Covalent,1.0
C#Cc1ccc(CNc2ccc3c(c2)CN(C2CCC(=O)NC2=O)C3=O)cc1,Noncovalent,0.0
CN(CC(=O)Nc1ccc(C2CCC(=O)NC2=O)cc1)c1ncnc2nc[nH]c12,Noncovalent,0.0
CC(C)c1cc(C(=O)NC2CCC(=O)NC2=O)nn1-c1ccccc1F,Noncovalent,0.0
Cc1cccc(F)c1-n1nc(C(=O)NC2CCC(=O)N(C)C2=O)c2c1CCC2,Noncovalent,0.0
Cn1ccc(-n2cnc(C(=O)NC3CCC(=O)NC3=O)c2)n1,Noncovalent,0.0
C=CC(=O)NC(C(F)F)C1CCCCC1,Covalent,1.0
C=CC(=O)NCc1ncnn1-c1ccccc1,Covalent,1.0
O=C1CC[C@@H](NC(=O)c2cc3c4c(ccc3[nH]2)OCO4)C(=O)N1,Noncovalent,0.0
CC1(C)CCN(Cc2ccc(COc3cccc4c3CN(C3CCC(=O)NC3=O)C4=O)cc2)CC1,non-covalent,0.0
CCN(C(=O)CCl)c1ccccc1C,Covalent,1.0
Cc1cc(-c2cnn(-c3ccncn3)c2)ccc1N1CCC(=O)NC1=O,Noncovalent,0.0
CCOc1n[nH]c(C(=O)NC2CCC(=O)NC2=O)c1Br,Noncovalent,0.0
O=C1CCC(NC(=O)c2cccc3c2S(=O)(=O)CCC3)C(=O)N1,Noncovalent,0.0
Cc1ccoc1C=C(C#N)C(=O)NC(N)=O,Covalent,1.0
O=C1CCC(n2cc(-c3csc(C(=O)N4CCC4)c3)nn2)C(=O)N1,non-covalent,0.0
COC1(C(=O)NCc2cc(C(=O)NC3CCC(=O)NC3=O)[nH]n2)CCCOC1,Noncovalent,0.0
C=CC(=O)N1CCC2CSCC2C1,Covalent,1.0
O=S(=O)(F)CC1CNCCO1,Covalent,1.0
Nc1ccccc1-c1cccc2c1CN(C1CCC(=O)NC1=O)C2=O,non-covalent,0.0
O=C1CCC(N2Cc3cc(-n4cc(C(=O)O)nn4)ccc3C2=O)C(=O)N1,Noncovalent,0.0
COc1cc(NC(=O)NC2CC2)ccc1C(=O)NC1CCC(=O)NC1=O,Noncovalent,0.0
CC1Cc2ccccc2N1CCS(=O)(=O)F,Covalent,1.0
CC#CC(=O)NCc1ccc(C#N)c(OC)c1,Covalent,1.0
O=C1CCC(N2Cc3c(cccc3-n3cc(CNC4CCC4)nn3)C2=O)C(=O)N1,Noncovalent,0.0
O=C1COc2cccc(OS(=O)(=O)F)c2N1,Covalent,1.0
CCC(NC(=O)CCl)c1c(C)noc1C,Covalent,1.0
CC(C)Cc1nnc(-c2cccc3c2CN(C2CCC(=O)NC2=O)C3=O)s1,Noncovalent,0.0
Cc1nnnn1-c1cc(C(=O)NC2CCC(=O)NC2=O)cc(C(F)(F)F)c1,Noncovalent,0.0
C=CC(=O)NCC1C(C)(C)C1(C)C,Covalent,1.0
O=C1CCC(N2Cc3cc(C(=O)NC4(C(=O)O)CCC4)ccc3C2=O)C(=O)N1,Noncovalent,0.0
OB(O)c1ccc(F)nc1,Covalent,1.0
O=C1CCC(N2C(=O)c3ccc(C(=O)O)cc3C2=O)C(=O)N1,Noncovalent,0.0
O=C1CCC(N2Cc3c(C(=O)N[C@@H]4CC[C@H](C(=O)O)C4)cccc3C2=O)C(=O)N1,Noncovalent,0.0
O=C1CCC(NC(=O)c2cc3cccnc3c(O)n2)C(=O)N1,Noncovalent,0.0
O=C1CCC(N2Cc3c(C(=O)NC4CC4)cccc3C2=O)C(=O)N1,Noncovalent,0.0
CCc1noc(CC)c1CNC(=O)CCl,Covalent,1.0
C[C@H](NC(=O)c1ccc2c(c1)C(=O)N(C1CCC(=O)NC1=O)C2)C(=O)O,Noncovalent,0.0
CC#CC(=O)NC1(c2ccccc2OC)CCC1,Covalent,1.0
CC(C)N(C(=O)CCl)C1CCCCC1,Covalent,1.0
COCCn1c(C)cc(C=C(C#N)C(=O)O)c1C,Covalent,1.0
C=CS(=O)(=O)Nc1ccc(F)cc1,Covalent,1.0
CC(C)c1ccc(S(=O)(=O)F)nn1,Covalent,1.0
COc1ccc(-n2cc(OCC3CO3)cn2)cc1,Covalent,1.0
Nc1ccnc(S(=O)(=O)F)c1,Covalent,1.0
COC(=O)c1c(B(O)O)c(C)n(C)c1C,Covalent,1.0
C=CC(=O)N1CCN(C)C2(CCOC2)C1,Covalent,1.0
O=C1CCC(c2cccc(NC(=O)CCc3ccc4c(n3)NCCC4)c2)C(=O)N1,Noncovalent,0.0
O=C1CCC(c2cccc(NC(=O)c3cc(CC4CCCCN4)on3)c2)C(=O)N1,Noncovalent,0.0
NC(=O)[C@@H]1CCCN1C(=O)CCl,Covalent,1.0
C=CC(=O)N1CC(c2ccccc2)C1,Covalent,1.0
O=C1CCC(N2C(=O)c3ccc(NC(=O)c4ccccc4)cc3C2=O)C(=O)N1,non-covalent,0.0
O=C1CCC(NC(=O)c2ccc3c(c2)C2(CC2)CN3)C(=O)N1,Noncovalent,0.0
Cc1oc(-c2ccccc2)c(C(=O)NC2CCC(=O)NC2=O)c1C,Noncovalent,0.0
C=CC(=O)N1CCc2c1cccc2C(F)(F)F,Covalent,1.0
C=CS(=O)(=O)N1Cc2ccc(C#N)cc2C1,Covalent,1.0
C=CS(=O)(=O)NCCc1cccnc1Cl,Covalent,1.0
C=CS(=O)(=O)NC1CCOC1,Covalent,1.0
Nc1c(F)ccc2c1C(=O)N(C1CCC(=O)NC1=O)C2=O,non-covalent,0.0
Cc1[nH]c(=O)c(C(=O)NC2CCC(=O)NC2=O)cc1-c1ccc(O)cc1,Noncovalent,0.0
COC(=O)c1coc(S(=O)(=O)F)n1,Covalent,1.0
O=C1CCC(NC(=O)c2nnn3ccccc23)C(=O)N1,Noncovalent,0.0
O=C(O)c1cc(S(=O)(=O)F)ccc1Cl,Covalent,1.0
O=C1CCC(NC(=O)c2ccc(C(F)(F)F)cc2N2CCCC2)C(=O)N1,Noncovalent,0.0
CC(Cl)C(=O)NCc1cnc2nccn2c1,Covalent,1.0
CC(NC(=O)C(F)Cl)c1nccs1,Covalent,1.0
Cc1ccc(C/C(=N\O)C(=O)Nc2ccc3c(c2)C(=O)N(C2CCC(=O)NC2=O)C3=O)cc1Cl,non-covalent,0.0
COC(=O)c1cc(-c2cn(C3CCC(=O)NC3=O)nn2)cs1,non-covalent,0.0
COc1cc(CNC(=O)CCl)on1,Covalent,1.0
O=C1CCC(NC(=O)c2cccc(N=S3(=O)CCCC3)c2)C(=O)N1,Noncovalent,0.0
Cc1ccc(C(=O)Nc2ccc(C3CCC(=O)NC3=O)cc2)c2[nH]cc(C#N)c12,Noncovalent,0.0
C=CC(=O)N[C@H](CF)c1ccccc1,Covalent,1.0
C=CC(=O)Nc1cnn(-c2ccccc2)c1CC,Covalent,1.0
O=C1CCC(N2C(=O)c3ccc(NC(=O)C4CCC4)cc3C2=O)C(=O)N1,non-covalent,0.0
CN(Cc1nc(-c2ccccc2)no1)C1=CC(=O)N(C2CCC(=O)NC2=O)C1=O,Covalent,1.0
CC(C)n1cc(C(=O)NC2CCC(=O)NC2=O)c(C2CCOCC2)n1,Noncovalent,0.0
COc1ccccc1C1(CNC(=O)C2CO2)CC1,Covalent,1.0
CN(c1cc(Cl)nc(NC2CC2)n1)C1CCC(=O)NC1=O,Noncovalent,0.0
O=C1CCC(N2Cc3cc(CNC(=O)C4=Cc5cc(F)ccc5OC4)ccc3C2=O)C(=O)N1,non-covalent,0.0
OB(O)c1ccnc(Cl)c1F,Covalent,1.0
C=CC(=O)NCC1CCCC1NS(C)(=O)=O,Covalent,1.0
O=C1CCC(N2Cc3c(cccc3-c3cccc4ncccc34)C2=O)C(=O)N1,Noncovalent,0.0
CC(C)c1ccc(Oc2cc(C(=O)NC3CCC(=O)NC3=O)ccn2)cc1,Noncovalent,0.0
Cc1ccc(NC(=O)NCc2cccc(N3CCC(=O)NC3=O)c2)cc1Cl,non-covalent,0.0
CC#CC(=O)NC1CCOCC1OCC,Covalent,1.0
O=C1CCC(N2Cc3cc(NCc4ccc5c(c4)oc4ccccc45)ccc3C2=O)C(=O)N1,non-covalent,0.0
C=CS(=O)(=O)NCc1ncoc1C1CC1,Covalent,1.0
C=CC(=O)NC1CC(OCC)C12CCCCC2,Covalent,1.0
CC(=Cn1ccnn1)C(=O)Nc1ccc(C2CCC(=O)NC2=O)cc1,Noncovalent,0.0
O=C(CCl)N1Cc2ccccc2C1,Covalent,1.0
C=CC(=O)NCCc1cnn2c1CCCC2,Covalent,1.0
COCn1ncc(C)c1S(=O)(=O)F,Covalent,1.0
C=CC(=O)NCC1CCCOC1,Covalent,1.0
O=C1CCC(N2C(=O)c3ccc(OCCC4CC4)cc3C2=O)C(=O)N1,Noncovalent,0.0
Cc1csc2ncc(C(=O)NC3CCC(=O)NC3=O)c(=O)n12,Noncovalent,0.0
COC(=O)c1nc(NC(=O)Cn2cnc(C)c(C)c2=O)sc1Cc1ccccc1,non-covalent,0.0
CC=CCNC(=O)Nc1ccc2c(c1)C(=O)N(C1CCC(=O)NC1=O)C2=O,Noncovalent,0.0
Cc1nc(N(C)C2CCC(=O)NC2=O)cc(-n2cncn2)n1,Noncovalent,0.0
CNc1cc(-c2ccc3c(c2)CN(C2CCC(=O)NC2=O)C3=O)nc(COC)n1,Noncovalent,0.0
CC(C)Oc1ccc2ccccc2c1CNC(=O)N[C@H]1CC(=O)NC1=O,Noncovalent,0.0
CC(NC(=O)CCl)c1cnn(C)c1,Covalent,1.0
Cc1cc(F)cc(-c2cn(C3CCC(=O)NC3=O)nn2)c1,Noncovalent,0.0
O=C1CCC(Nc2ccc(NC(=O)C3CNCc4ccnn4C3)cc2)C(=O)N1,Noncovalent,0.0
O=C1CCC(n2cnc3ccccc32)C(=O)N1,non-covalent,0.0
CC(=O)NCCC#Cc1cccc(N2CCC(=O)NC2=O)c1C,non-covalent,0.0
O=C1CCC(N2Cc3cc(C(=O)N[C@@H]4CC[C@H](C(=O)O)C4)ccc3C2=O)C(=O)N1,Noncovalent,0.0
C[C@@H](CO)Nc1ccc(-c2ccc3c(c2)C(=O)N(C2CCC(=O)NC2=O)C3)cn1,Noncovalent,0.0
O=C(CCl)NN1CCc2ccccc2C1=O,Covalent,1.0
Nc1nccc(C(F)(F)F)c1C(=O)NC1CCC(=O)NC1=O,Noncovalent,0.0
O=C1CCC(NC(=O)c2n[nH]c3c(C(F)(F)F)cccc23)C(=O)N1,Noncovalent,0.0
O=C1CCC(N2Cc3cc(C(=O)N4CCCC(C(=O)O)C4)ccc3C2=O)C(=O)N1,Noncovalent,0.0
CC(O)(c1ccccc1)c1cn(C2CCC(=O)NC2=O)nn1,Noncovalent,0.0
COc1cccc(NC(=O)C(C)(C)C)c1C(=O)NC1CCC(=O)NC1=O,Noncovalent,0.0
Cc1nc2c(F)cccc2cc1C(=O)NC1CCC(=O)NC1=O,Noncovalent,0.0
COCCOc1ccc(-n2nc(C)c(C(=O)NC3CCC(=O)NC3=O)n2)cc1,Noncovalent,0.0
CC(C)C(NC(=O)CCl)c1ncon1,Covalent,1.0
CCn1ccc(-c2ccc3c(c2)CN(C2CCC(=O)NC2=O)C3=O)n1,Noncovalent,0.0
O=S(=O)(F)Oc1ccc2c(c1)COCC2,Covalent,1.0
O=C1CCC(NS(=O)(=O)c2ccc(C(F)F)cc2)C(=O)N1,Noncovalent,0.0
O=C1CCC(N2Cc3cc(-c4ccc(Cl)cn4)ccc3C2=O)C(=O)N1,Noncovalent,0.0
CC#CC(=O)NC1CCC(C(=O)N(C)C)CC1,Covalent,1.0
O=C1CCC(NC(=O)c2ncccc2-c2ccccn2)C(=O)N1,Noncovalent,0.0
O=C1NC(=O)C2(N3C(=O)c4ccc(Br)cc4C3=O)CC1C2,Noncovalent,0.0
N#Cc1ccccc1Oc1ccccc1C(=O)NC1CCC(=O)NC1=O,Noncovalent,0.0
CC#CC(=O)N(C)CC1CC(C)CO1,Covalent,1.0
C=CS(=O)(=O)NC1CC1Cc1ccccc1,Covalent,1.0
C=CC(=O)NCC1CCC(C(F)(F)F)O1,Covalent,1.0
O=C(CCl)NCCC1COCCO1,Covalent,1.0
C=CC(=O)N1CCC(C)CC1C(N)=O,Covalent,1.0
CC1OC1COc1cccc(-c2nccs2)c1,Covalent,1.0
C=CC(=O)NCC(C)N1CCCCC1=O,Covalent,1.0
O=C1CCNc2ccc(C(=O)NCc3ccc4c(c3)CNC4=O)cc2N1,Noncovalent,0.0
O=Cc1ccc2c(c1)C(=O)N(C1CCC(=O)NC1=O)C2,Noncovalent,0.0
COc1ccc2cc(C(=O)Nc3ccc4c(c3)CN(C3CCC(=O)NC3=O)C4=O)ncc2c1,non-covalent,0.0
Nc1cc(Cl)cc2c1C(=O)N(C1CCC(=O)NC1=O)C2=O,non-covalent,0.0
O=C1CCC(N2Cc3cc(-c4ccc5c(c4)C(=O)OCC5)ccc3C2=O)C(=O)N1,Noncovalent,0.0
Cc1ccc(F)c(-c2ccc3c(c2)CN(C2CCC(=O)NC2=O)C3=O)n1,Noncovalent,0.0
Cc1oc2ncn(C)c(=O)c2c1C(=O)NC1CCC(=O)NC1=O,Noncovalent,0.0
CC#CC(=O)NCC=Cc1cnn(C)c1,Covalent,1.0
C=CC(=O)Nc1ccc(C2(CC)CCC(=O)NC2=O)cc1,Covalent,1.0
COc1nccc(S(=O)(=O)F)c1F,Covalent,1.0
O=C(NCCc1cnc2ccccc2c1)c1ccc2c(c1)C(=O)NC2=O,Noncovalent,0.0
O=C1CCC(NC(=O)c2cnc(-c3nccs3)[nH]c2=O)C(=O)N1,Noncovalent,0.0
Cc1ccnc(C(NC(=O)CCl)C2CC2)n1,Covalent,1.0
C=CS(=O)(=O)Nc1ccc(OC)cc1OC,Covalent,1.0
O=C1CCC(NC(=O)c2[nH]ncc2CNC(=O)c2cc3cnccc3[nH]2)C(=O)N1,Noncovalent,0.0
CC#CC(=O)NCc1cc(O)ccc1Cl,Covalent,1.0
N#CCOc1ccc(C=C(C#N)C(N)=O)cc1,Covalent,1.0
C=CC(=O)NC(C)C1CCC(F)(F)CC1,Covalent,1.0
Cc1cc(C)c(NC2N=C(Nc3cccc4c3CN(C3CCC(=O)NC3=O)C4=O)C=CN2)c(C)c1,non-covalent,0.0
C=CC(=O)N1CCN(c2ccc(C)o2)C(=O)C1,Covalent,1.0
C=CC(=O)N1CCCC(OC2CCC2)C1,Covalent,1.0
C=CC(=O)NC[C@H]1C[C@H](OC)C1,Covalent,1.0
O=C(CCl)NC1CCSC1=O,Covalent,1.0
C=CC(=O)N1CCN(Cc2cscn2)CC1,Covalent,1.0
Cn1nc(CCNC(=O)C2CO2)c2ccccc21,Covalent,1.0
C=CC(=O)N1CCCc2sccc2C1,Covalent,1.0
C=CC(=O)NC1CCCCC1C(C)C,Covalent,1.0
CN(Cc1cnc(-c2cccc3c2CNC3=O)cn1)C1CCCNCC1,Noncovalent,0.0
O=C1CCC(n2cc(CC3CCNC3=O)nn2)C(=O)N1,Noncovalent,0.0
COc1ccc(B(O)O)cn1,Covalent,1.0
O=C1CCC(N2Cc3ccc(-c4cc(F)cc5ccoc45)cc3C2=O)C(=O)N1,Noncovalent,0.0
COCCCn1cc(C)c(NC(=O)Nc2ccc(C3CCC(=O)NC3=O)cc2)n1,Noncovalent,0.0
Cc1noc(CCNC(=O)CCl)n1,Covalent,1.0
C=CC(=O)N1CCCN(c2cncc(F)c2)CC1,Covalent,1.0
O=C1CCC(NC(=O)c2cc3c(=O)cc[nH]c3s2)C(=O)N1,Noncovalent,0.0
CC#CC(=O)N[C@H]1CCC[C@@H](C(=O)NC2CC2)C1,Covalent,1.0
O=C1CCC(NC(=O)c2c(Cl)nc3sccn23)C(=O)N1,Noncovalent,0.0
O=C(O)COc1ccc(N2CCC(=O)NC2=O)cc1,non-covalent,0.0
C=CS(=O)(=O)NC(C)Cn1cc(C)cn1,Covalent,1.0
CNC(=O)Cn1cc(NC(=O)CCl)cn1,Covalent,1.0
C=CC(=O)NC1CCCc2sccc21,Covalent,1.0
COc1cccnc1S(=O)(=O)F,Covalent,1.0
O=C(CCl)Nc1nc(C2CC2)no1,Covalent,1.0
Nc1ccccc1CNC(=O)c1ccc2c(c1)CN(C1CCC(=O)NC1=O)C2=O,Noncovalent,0.0
O=C1CCC(Cc2cc(C(=O)Nc3cccc(Cl)c3)no2)C(=O)N1,Noncovalent,0.0
O=C1CCC(NC(=O)c2ccc(CNC(=O)C3CCc4nccn43)nc2)C(=O)N1,Noncovalent,0.0
CCOc1nccc2oc(-c3ccc(C)c(N4CCC(=O)NC4=O)c3)cc12,Noncovalent,0.0
C=CS(=O)(=O)NC(C)c1cc[nH]n1,Covalent,1.0
C=CS(=O)(=O)N1C[C@H](C2CC2)[C@@H](O)C1,Covalent,1.0
Cc1n[nH]c2c(N(C)C3CCC(=O)NC3=O)ncnc12,Noncovalent,0.0
C=CC(=O)N(c1cccc(C)c1)C1CCOCC1,Covalent,1.0
Nc1cccc2c1C(=O)N(C1CCC(=O)NC1=O)C2,Noncovalent,0.0
CC#CC(=O)NCc1cc(=O)[nH]c(C2CC2)n1,Covalent,1.0
O=C(CCl)NCc1cc(C2CC2)n[nH]1,Covalent,1.0
O=S(=O)(F)Oc1ccccc1-n1cncn1,Covalent,1.0
O=C1CCC(NC(=O)c2ccnc(C3CC3)c2)C(=O)N1,Noncovalent,0.0
C=CC(=O)NCC1=CCOCC1,Covalent,1.0
O=C(CCl)NCc1noc2ccc(F)cc12,Covalent,1.0
Nc1ccc2c(c1)ncn2C1CCC(=O)NC1=O,non-covalent,0.0
COc1cc2c(c(OCC3CO3)c1)C(=O)OC2,Covalent,1.0
Cc1cc(Br)ccc1C(=O)NC1CCC(=O)NC1=O,Noncovalent,0.0
CC[C@@H](NC(=O)c1ccc2c(c1)CN(C1CCC(=O)NC1=O)C2=O)C(=O)O,Noncovalent,0.0
C=CC(=O)NCc1ccc2oc(=O)n(C)c2c1,Covalent,1.0
CN1CCOC(CNC(=O)C(F)Cl)C1,Covalent,1.0
Cc1ccc(NC(=O)CC(C)c2ccc3c(c2)C(=O)N(C2CCC(=O)NC2=O)C3)cc1Cl,non-covalent,0.0
CC1(C)COc2ccc(-c3ccc4c(c3)CN(C3CCC(=O)NC3=O)C4=O)cc21,Noncovalent,0.0
Cc1cnn(Cc2cn(C3CCC(=O)NC3=O)nn2)c1,Noncovalent,0.0
O=C1CCC(N2Cc3cc(NC(=O)C4CCCCC4)ccc3C2=O)C(=O)N1,non-covalent,0.0
C=CC(=O)N1CC2(CCS(=O)(=O)CC2)C1,Covalent,1.0
O=C(NCc1cn2ccccc2n1)C(F)Cl,Covalent,1.0
O=C1CCC(N2C(=O)c3cccc(NC(=O)c4ccno4)c3C2=O)C(=O)N1,non-covalent,0.0
O=C1CCC(N2C(=O)c3cccc(NC(=O)CCl)c3C2=O)C(=O)N1,Covalent,1.0
O=C1CCC(c2ccc(NC(=O)C3CCc4cc(O)cc(=O)n43)cc2)C(=O)N1,Noncovalent,0.0
O=C1CCC(N2Cc3c(NC(=O)c4cnc5ccccc5c4)cccc3C2=O)C(=O)N1,non-covalent,0.0
O=C1CCC(NC(=O)c2ccn3c(C(F)(F)F)nnc3c2)C(=O)N1,Noncovalent,0.0
Cn1nc(C2CCC(=O)NC2=O)c2ccc(NS(=O)(=O)c3ccc(OCC(=O)O)cc3)cc21,non-covalent,0.0
C=CC(=O)N1CCOC(C)(C(F)F)C1,Covalent,1.0
C=CC(=O)N1c2cc(OC)ccc2NC(=O)C1C,Covalent,1.0
Cc1ccc(SCC2CCC(=O)NC2=O)cc1,non-covalent,0.0
O=C1CCC(n2nnc3ccc(CNC(=O)Nc4ccccc4)cc3c2=O)C(=O)N1,non-covalent,0.0
C=CS(=O)(=O)N1CCCC(CO)(C(C)C)C1,Covalent,1.0
Cc1c(C(=O)N[C@@H]2CCC(=O)NC2=O)nn(C)c1C1CC1,Noncovalent,0.0
Cc1c(NC(=O)C23CC2C3)cnn1C,Covalent,1.0
N#Cc1cnc(Nc2ccc(C3CCC(=O)NC3=O)cc2)c2sccc12,Noncovalent,0.0
O=C(O)CCCNC(=O)c1ccc2c(c1)CN(C1CCC(=O)NC1=O)C2=O,Noncovalent,0.0
CC1=C(c2ccco2)CN(C(=O)CCl)CC1,Covalent,1.0
C=CC(=O)NC[C@H](C)c1ccccc1,Covalent,1.0
C=CS(=O)(=O)CCC(=O)Nc1cnnn1C,Covalent,1.0
O=C1CC[C@H](N2Cc3cc(-c4cnn5ccc(NC6CCCCC6)nc45)ccc3C2=O)C(=O)N1,non-covalent,0.0
C=CC(=O)NCCC1COc2ccccc2O1,Covalent,1.0
CC1(C)CCCc2cc(C(=O)NC3CCC(=O)NC3=O)c(=O)[nH]c21,Noncovalent,0.0
O=C1CCC(NC(=O)c2cc(Br)cc(N3CCCC3)c2)C(=O)N1,Noncovalent,0.0
Cn1nccc1CN(C(=O)CCl)C1CC1,Covalent,1.0
O=C(CCl)NC12CC=CC(C1)OC2,Covalent,1.0
CC1CN(C(=O)c2ccc3c(c2)CN(C2CCC(=O)NC2=O)C3=O)C1,Noncovalent,0.0
c1cc(OC2CC2)ccc1OCC1CO1,Covalent,1.0
CCC1CN(C(=O)CNc2cccc3c2CN(C2CCC(=O)NC2=O)C3=O)C1,Noncovalent,0.0
CN1C(=O)CN(C(=O)CCl)[C@H]2C[C@H]21,Covalent,1.0
Nc1cc(OC(F)(F)F)ccc1C(=O)NC1CCC(=O)NC1=O,Noncovalent,0.0
O=C1CCC(N2Cc3ccc(S(=O)(=O)F)cc3C2=O)C(=O)N1,covalent,1.0
O=C1CCC(NC(=O)c2ccc3cc(Cl)cc(Br)c3n2)C(=O)N1,Noncovalent,0.0
O=C(C1CO1)N1CC=C(c2ccccc2)CC1,Covalent,1.0
O=C1CCC(NC(=O)c2cnc3cc(Br)ccn23)C(=O)N1,Noncovalent,0.0
FC(F)Oc1ccc(C2CO2)cc1,Covalent,1.0
CC(Cl)C(=O)N1CCCC2(CNC(=O)O2)C1,Covalent,1.0
O=C(CCl)NCc1cc2n(n1)CCCO2,Covalent,1.0
CCc1c(C(=O)NC2CCC(=O)NC2=O)oc2ccc(Br)cc12,Noncovalent,0.0
COCOc1ccc(B(O)O)c(C)c1,Covalent,1.0
C=CC(=O)NC1CCc2ccc(OC)cc2C1,Covalent,1.0
C=CC(=O)NCC1CC(C)(C)CCC1O,Covalent,1.0
CCN1C[C@H](Oc2ccc3c(c2)CN(C2CCC(=O)NC2=O)C3=O)CC[C@H]1C,non-covalent,0.0
C=CC(=O)N1C[C@@H](CO)[C@H](CC(C)(C)C)C1,Covalent,1.0
O=C1NC(=O)c2cc(N3C(=O)CN(Cc4ccc(F)cc4)C3=O)ccc21,Noncovalent,0.0
O=C1CCC(N2Cc3cc(NCc4ccc5ncccc5c4)ccc3C2=O)C(=O)N1,non-covalent,0.0
CCCN(C(=O)CCl)C1CC(=O)N(C)C1=O,Covalent,1.0
OB(O)c1cccc(-c2ccncc2)c1,Covalent,1.0
C=CC(=O)N1CC[C@H]2CS(=O)(=O)C[C@H]21,Covalent,1.0
CC(C)c1ccc(C=C(C#N)C(=O)O)cc1,Covalent,1.0
Cc1cc(C(=O)NC2CCC(=O)NC2=O)nc2nc(O)[nH]c(=O)c12,Noncovalent,0.0
C[C@@H]1CC[C@H](C(=O)O)N1C(=O)c1ccc2c(c1)CN(C1CCC(=O)NC1=O)C2=O,Noncovalent,0.0
Cc1cccc(COC(C)C(=O)Nc2ccc(NC3CCC(=O)NC3=O)cc2)c1,Noncovalent,0.0
O=C1CCC(N2Cc3ccc(NC(=O)C(F)(F)F)cc3C2=O)C(=O)N1,Noncovalent,0.0
COC1CCn2cc(C(=O)Nc3cccc(C4CCC(=O)NC4=O)c3)nc2C1,Noncovalent,0.0
C=CC(=O)NCc1ccc2cncn2c1,Covalent,1.0
CC(C)(C)OC(=O)N1CC2(C1)CN(c1ccc3c(c1)C(=O)N(C1CCC(=O)NC1=O)C3=O)C2,non-covalent,0.0
C=CC(=O)N1CCC(OC)C(C(=O)O)C1,Covalent,1.0
O=C1CCC(NC(=O)c2coc(CNC(=O)c3ccc4cncn4c3)c2)C(=O)N1,Noncovalent,0.0
O=C(N1c2ccccc2C[C@H]1CO)C12CC1C2,Covalent,1.0
COc1c(C=O)cccc1-c1cccc2c1CN(C1CCC(=O)NC1=O)C2=O,Noncovalent,0.0
C=CC(=O)NCCc1cccc(Cl)c1,Covalent,1.0
CCCCNC(=O)CNc1ccc(C(=O)NC2CCC(=O)NC2=O)c(F)c1,non-covalent,0.0
C=CC(=O)NC1CCC(=O)N(C)C1,Covalent,1.0
Nc1cc(=O)[nH]c2cc(C(=O)NC3CCC(=O)NC3=O)nn12,Noncovalent,0.0
C=CC(=O)NCC1CCC(F)(F)CC1,Covalent,1.0
Nc1n[nH]c2cncc(C(=O)NC3CCC(=O)NC3=O)c12,Noncovalent,0.0
CNc1ccccc1C(=O)NC1CCC(=O)NC1=O,Noncovalent,0.0
COc1c(C(=O)NC2CCC(=O)NC2=O)sc(S(N)(=O)=O)c1OC,Noncovalent,0.0
O=C1CCC(Nc2ccc(NC(=O)COCC3CCCNC3)cc2)C(=O)N1,Noncovalent,0.0
O=C(CCl)NCCN1C(=O)c2ccccc2C1=O,Covalent,1.0
CC(C)CN(C(=O)CCl)C1CC1,Covalent,1.0
COc1ccc(C=C(C#N)C(=O)O)cc1,Covalent,1.0
CCc1onc(C2CCCOC2)c1C(=O)NC1CCC(=O)NC1=O,Noncovalent,0.0
O=C1CCC(NC(=O)c2cc3n(n2)CCCNC3)C(=O)N1,Noncovalent,0.0
O=C1CCC(c2ccc(Nc3ccnc4nccn34)cc2)C(=O)N1,Noncovalent,0.0
Cc1cc2ccc(-c3ccc4c(c3)CN(C3CCC(=O)NC3=O)C4=O)cc2s1,Noncovalent,0.0
O=C1CCC(NC(=O)c2nnc(-c3ccns3)o2)C(=O)N1,Noncovalent,0.0
O=C1CCC(N2C(=O)c3ccccc3C2=O)C(=O)N1CCOCCOCCOCc1ccccc1,non-covalent,0.0
O=C1CCC(N2Cc3cc(-c4cccc5c4OCCCO5)ccc3C2=O)C(=O)N1,Noncovalent,0.0
O=C1CCC(NC(=O)c2[nH]nc3cc(OC(F)(F)F)ccc23)C(=O)N1,Noncovalent,0.0
Cc1nc2c(cc1C(=O)NC1CCC(=O)NC1=O)c(C)nn2C,Noncovalent,0.0
O=C1CCC(NC(=O)c2nc(-c3ccc(F)cc3)n3c2CCCCC3)C(=O)N1,Noncovalent,0.0
CC#CC(=O)N(C)C(CC)c1ccncc1,Covalent,1.0
Cn1ccc2cc(-c3cccc4c3C(=O)N(C3CCC(=O)NC3=O)C4=O)ccc21,non-covalent,0.0
NC(=O)c1cccc(B(O)O)c1,Covalent,1.0
COc1cccc2c1C(=O)N(C)C2CN,Noncovalent,0.0
O=C(CCl)N1CCC2CCCCC2C1,Covalent,1.0
CC#CC(=O)NCC1CCN(c2ccccc2)C1,Covalent,1.0
C=CC(=O)NCC1CCC2(CCCCC2)O1,Covalent,1.0
O=C1CCC(NC(=O)c2cccc(OC3CCCCC3)c2)C(=O)N1,Noncovalent,0.0
Cc1ncsc1C(=O)NC1CCC(=O)NC1=O,Noncovalent,0.0
COc1ccc(F)c(C(=O)NC2CCC(=O)NC2=O)n1,Noncovalent,0.0
O=C1NCc2c(NCc3ccc(OC4CCCC4)cc3)ccnc21,Noncovalent,0.0
O=C1CCC(NC(=O)c2nccnc2C(=O)N2CCOCC2)C(=O)N1,Noncovalent,0.0
O=C1CCC(N2Cc3cc(C(=O)N4CCCCC4C(=O)O)ccc3C2=O)C(=O)N1,Noncovalent,0.0
CC#CC(=O)NCC(C)(C)N1CCOCC1,Covalent,1.0
CCCn1c(C)cc(C=C(C#N)C(=O)Nc2ccc3c(c2)C(=O)NC3)c1C,Covalent,1.0
O=C(CN1CCOCC1=O)NCc1occc1C(=O)NC1CCC(=O)NC1=O,Noncovalent,0.0
Cc1cc(NC(=O)C(C)n2cc3c(n2)CCCC3)cc(N2CCC(=O)NC2=O)c1,Noncovalent,0.0
O=C1CCC(c2cccc(NC(=O)CC3CC4(CCOCC4)CN3)c2)C(=O)N1,Noncovalent,0.0
O=C1CCC(NC(=O)c2cccc3[nH]cnc23)C(=O)N1,Noncovalent,0.0
CCN[C@@H]1CC[C@H]2CC[C@@H]1N2c1ccc2c(c1)C(=O)N(C1CCC(=O)NC1=O)C2=O,non-covalent,0.0
O=C1CCC(NC(=O)c2nc(C3CC3)n(-c3ccccc3)n2)C(=O)N1,Noncovalent,0.0
O=C1CCC(N2Cc3c(cccc3-c3ccccc3F)C2=O)C(=O)N1,Noncovalent,0.0
OB(O)c1cc2ccccc2nc1O,Covalent,1.0
COC(=O)c1ccccc1SCC1CCC(=O)NC1=O,non-covalent,0.0
O=C1CCC(N2Cc3c(OCCO)cccc3C2=O)C(=O)N1,Noncovalent,0.0
O=C1CCC(N2Cc3ccc(C(=O)NC4(C(=O)O)CCC4)cc3C2=O)C(=O)N1,Noncovalent,0.0
COc1cc(C2(NC(=O)CCl)CC2)ccn1,Covalent,1.0
Cc1onc(C2CCCC2)c1C(=O)NC1CCC(=O)NC1=O,Noncovalent,0.0
C=CS(=O)(=O)N(C)[C@H]1C[C@@H](OC)C1,Covalent,1.0
O=C1CCC(N2Cc3c(cccc3N3CCNCC3)C2=O)C(=O)N1,Noncovalent,0.0
O=C(Nc1nc2c([nH]1)CCCC2)C(F)Cl,Covalent,1.0
CN(C(=O)C1CO1)[C@@H]1C[C@H]1c1ccccc1,Covalent,1.0
O=C1CCC(N2Cc3c(cccc3C(=O)N3CCCC[C@@H]3C(=O)O)C2=O)C(=O)N1,Noncovalent,0.0
C=CC(=O)NC1CC(O)C12CCOCC2,Covalent,1.0
C=CC(=O)N1CCN(c2nc(C)cc(C)n2)CC1,Covalent,1.0
CS(=O)(=O)c1c(Br)cccc1C(=O)NC1CCC(=O)NC1=O,Noncovalent,0.0
CN(C)Cc1cn(-c2cccc3c2CN(C2CCC(=O)NC2=O)C3=O)nn1,Noncovalent,0.0
O=C1CCC(NC(=O)c2oc3cc(Cl)ccc3c2-c2ccccc2)C(=O)N1,Noncovalent,0.0
COc1cccc2cc(C(=O)NC3CCC(=O)NC3=O)c(=O)oc12,Noncovalent,0.0
CC(C)(NC(=O)c1ccc(N2CCC(=O)NC2=O)cc1)c1ncc2c(n1)CCC2,Noncovalent,0.0
O=C1CCC(NC(=O)c2cccn(CCCn3ccnc3)c2=O)C(=O)N1,Noncovalent,0.0
O=S(=O)(F)CC1CCS(=O)(=O)CC1,Covalent,1.0
C=CC(=O)NC(CC)c1ccccc1O,Covalent,1.0
COC1(C(=O)Nc2cccc3c2CN(C2CCC(=O)NC2=O)C3=O)CCC1,Noncovalent,0.0
CC1CN(C(=O)c2cccc3c2CN(C2CCC(=O)NC2=O)C3=O)C1,Noncovalent,0.0
C=CC(=O)NC(C)C(O)c1ccc(C)cc1,Covalent,1.0
C=CC(=O)N1C[C@H]2C[C@@H](C(=O)O)C[C@H]2C1,Covalent,1.0
CNc1cccc(NC(=O)c2cccc3c2CN(C2CCC(=O)NC2=O)C3=O)c1,Noncovalent,0.0
C=CC(=O)NCC(=O)NC1(C)CCCCC1,Covalent,1.0
Cn1cc(C(=O)NC2CCC(=O)NC2=O)c(OCc2ccccc2)n1,Noncovalent,0.0
C#Cc1ccc2c(c1)CN(C1CCC(=O)NC1=O)C2=O,Noncovalent,0.0
Cc1ccc(C(=O)NC2CCC(=O)NC2=O)cc1-c1cnn(C)c1,Noncovalent,0.0
C=CC(=O)N1CCC(C#N)(COC)CC1,Covalent,1.0
C=CS(=O)(=O)N1CC[C@@H](OC)C1,Covalent,1.0
Cc1c(-c2cccc3c2CN(C2CCC(=O)NC2=O)C3=O)sc2ccccc12,Noncovalent,0.0
c1cc(OCC2CO2)cc(-n2cncn2)c1,Covalent,1.0
C=CC(=O)N1CCSc2ccccc21,Covalent,1.0
O=C1CCC(N2Cc3ccc(-c4ccccc4)cc3C2=O)C(=O)N1,non-covalent,0.0
C=CC(=O)N1CCN(S(C)(=O)=O)C(C)(C)C1,Covalent,1.0
O=C1CCC(n2cc(C(O)c3ccccc3)nn2)C(=O)N1,Noncovalent,0.0
Cn1c(C(=O)NC2CCC(=O)NC2=O)cc2c1CCNC2,Noncovalent,0.0
O=C(NCCc1c[nH]c2ncccc12)C12CC1C2,Covalent,1.0
C=CS(=O)(=O)NC[C@@H](C)OC(C)(C)C,Covalent,1.0
O=C(O)c1cncc(OS(=O)(=O)F)c1,Covalent,1.0
CCC[C@@H](NC(=O)c1ccc2c(c1)CN(C1CCC(=O)NC1=O)C2=O)C(=O)O,Noncovalent,0.0
Fc1ccc2ncc(OCC3CO3)cc2c1,Covalent,1.0
C=CS(=O)(=O)NCC(C)(C)n1cccn1,Covalent,1.0
O=C1CC(c2ccc(Cl)cc2Br)CC(=O)N1,Noncovalent,0.0
CC1(C(=O)N2CCc3cc(O)ccc3C2)CO1,Covalent,1.0
C=CC(=O)NC1CC(CC(F)(F)F)C1,Covalent,1.0
O=C1CCC(NC(=O)c2nnn(-c3ccccc3Br)n2)C(=O)N1,Noncovalent,0.0
Nc1nc2cc(OS(=O)(=O)F)ccn2n1,Covalent,1.0
Cn1ncc(-c2ccc3c(c2)CN(C2CCC(=O)NC2=O)C3=O)n1,Noncovalent,0.0
N#CC(=Cc1ccccc1Br)C(N)=O,Covalent,1.0
CCOC(C)c1nc(C(=O)NC2CCC(=O)NC2=O)cs1,Noncovalent,0.0
Cc1cc(C)n(C2CN(C(=O)C(C)Cl)C2)n1,Covalent,1.0
CC(C)(C)c1ncc(B(O)O)cn1,Covalent,1.0
O=C(O)CCc1ccc2c(c1)C(=O)N(C1CCC(=O)NC1=O)C2=O,Noncovalent,0.0
Cc1cc(Nc2ncnc3[nH]c(Cl)cc23)ccc1N1CCC(=O)NC1=O,Noncovalent,0.0
O=C1CCC(N2Cc3cc(-c4cnn(-c5ccccc5)c4)ccc3C2=O)C(=O)N1,Noncovalent,0.0
O=C1CCC(c2ccc(NC(=O)c3occ4c3CCOC4)cc2)C(=O)N1,Noncovalent,0.0
CC1(C)COCCC1C(=O)NCc1cc(C(=O)NC2CCC(=O)NC2=O)on1,Noncovalent,0.0
N#Cc1cccc2[nH]c(-c3ccc(N4CCC(=O)NC4=O)cc3)cc12,Noncovalent,0.0
O=C1CCC(N2Cc3ccc(-n4ccnn4)cc3C2=O)C(=O)N1,Noncovalent,0.0
O=C1CCC(NC(=O)c2cc3c(s2)-c2ccccc2OC3)C(=O)N1,Noncovalent,0.0
Cn1ncc2c1CC(CCC(=O)Nc1ccc(C3CCC(=O)NC3=O)cc1)CC2,Noncovalent,0.0
COc1ccnc(NCc2ccc3c(c2)C(=O)N(C2CCC(=O)NC2=O)C3)n1,Noncovalent,0.0
COC(=O)C(C#N)=Cc1cccc(F)c1,Covalent,1.0
CC(CC(F)(F)F)C(=O)Nc1cccc2c1CN(C1CCC(=O)NC1=O)C2=O,Noncovalent,0.0
CC#CC(=O)NCCN1C(=O)Cc2ccccc21,Covalent,1.0
O=C(CCl)Nc1ccccn1,Covalent,1.0
CN(c1ncnc2nc(N3CCOCC3)sc12)C1CCC(=O)NC1=O,Noncovalent,0.0
O=C1CCC(N2Cc3ccc(NC(=O)C4CC5(CC5)C4)cc3C2=O)C(=O)N1,Noncovalent,0.0
CN(CC1CC1)C(=O)C(C#N)=Cc1ccco1,Covalent,1.0
O=S(=O)(F)c1ccc2c(c1)CCCN2,Covalent,1.0
O=C(CCl)N1CCCC1c1cccs1,Covalent,1.0
CCCc1ccc(Cl)c(S(=O)(=O)NC2CCC(=O)NC2=O)c1,Noncovalent,0.0
CCn1nnc(C)c1C(=O)NC1CCC(=O)NC1=O,Noncovalent,0.0
O=C1CCC(NC(=O)c2cc(OCC(F)F)cc(C(F)(F)F)c2)C(=O)N1,Noncovalent,0.0
CCC1(c2ccc(NC(=O)c3ccc(N(C)C)cc3)cc2)CCC(=O)NC1=O,Noncovalent,0.0
Cn1nc(C2CCC(=O)NC2=O)c2ccc(NC(=O)NC3(CNC(=O)OC(C)(C)C)CCCC3)cc21,non-covalent,0.0
Cn1ccc2ccc(CNC3=CC(=O)N(C4CCC(=O)NC4=O)C3=O)cc21,Covalent,1.0
O=C1CCC(N2Cc3cc(-n4cc(-c5ccn[nH]5)nn4)ccc3C2=O)C(=O)N1,Noncovalent,0.0
Fc1ccc(Cl)cc1OCC1CO1,Covalent,1.0
O=C1NC(=O)C2(Nc3ccc([N+](=O)[O-])c(C(F)(F)F)c3)CC1C2,Noncovalent,0.0
C=CC(=O)Nc1cc2sc(=O)n(C)c2cc1C,Covalent,1.0
O=C(CCl)NCc1nnnn1C1CC1,Covalent,1.0
O=C1CCCCN1c1cccc(OCC2CO2)c1,Covalent,1.0
O=C1CCC(N2Cc3c(cccc3-n3cc(C4CC4)nn3)C2=O)C(=O)N1,Noncovalent,0.0
O=C(CCl)Nc1ccon1,Covalent,1.0
CC#CC(=O)N1CC(OCC(=O)NC)C1,Covalent,1.0
O=C1CCC(NC(=O)c2ccccc2C2(c3nn[nH]n3)CC2)C(=O)N1,Noncovalent,0.0
C=CC(=O)N1CCC(c2cscn2)CC1,Covalent,1.0
C=CC(=O)NCC1CCCSC1,Covalent,1.0
C=CC(=O)N[C@@H](C)C(=O)N1CCCCC1,Covalent,1.0
C=CS(=O)(=O)NC1CN(c2ccccc2)C1,Covalent,1.0
C=CC(=O)Nc1c(C)cnn1CC1CC1,Covalent,1.0
Cc1ccc([C@]23C[C@H]2CN(C(=O)CCl)C3)cc1,Covalent,1.0
C=CC(=O)N1CCN(C(=O)N(C)C)CC1,Covalent,1.0
CC(=O)Nc1cccc(B(O)O)c1,Covalent,1.0
CCC1(c2ccc(NC(=O)c3ccnc(C4CC4)n3)cc2)CCC(=O)NC1=O,Noncovalent,0.0
Cc1cn2cc(C(=O)NC3CCC(=O)NC3=O)sc2n1,Noncovalent,0.0
CC(C)(C)Cc1cn(-c2cccc3c2CN(C2CCC(=O)NC2=O)C3=O)nn1,Noncovalent,0.0
Cc1ncc2c(n1)CCN(C(=O)C(C)Cl)C2,Covalent,1.0
COc1ccc2[nH]cc(-c3cccc4c3CN(C3CCC(=O)NC3=O)C4=O)c2c1,Noncovalent,0.0
C=CC(=O)NCc1nn[nH]c1-c1ccnn1C,Covalent,1.0
Cc1ccc(N2CCCC2)c(C(=O)NC2CCC(=O)NC2=O)c1,Noncovalent,0.0
O=C1CCC(NC(=O)c2nnc(C3CCCNC3)s2)C(=O)N1,Noncovalent,0.0
O=C1CCC(NC(=O)c2ccn(CCn3cccn3)n2)C(=O)N1,Noncovalent,0.0
Cc1ccc(-n2nc(C)c3cc(C(=O)NC4CCC(=O)NC4=O)cnc32)cc1,Noncovalent,0.0
O=C1CCC(Nc2nc3ccc(F)cc3s2)C(=O)N1,Noncovalent,0.0
O=C1CCC(NC(=O)c2ncoc2CNC(=O)c2cnn3ccccc23)C(=O)N1,Noncovalent,0.0
O=C1CCC(n2cc(CC(O)c3ccccc3)nn2)C(=O)N1,Noncovalent,0.0
Cc1ccc(C(=O)O)cc1S(=O)(=O)F,Covalent,1.0
CCC1CCCCN1C(=O)c1ccc2c(c1)C(=O)N(C1CCC(=O)NC1=O)C2=O,Noncovalent,0.0
O=C1CCC(NC(=O)c2cc(C3CC3)[nH]c(=O)c2)C(=O)N1,Noncovalent,0.0
CC(C)CC(c1ccccc1)S(=O)(=O)F,Covalent,1.0
Cc1nsc(C(=O)NCc2ccc3c(c2)C(=O)N(C2CCC(=O)NC2=O)C3)n1,Noncovalent,0.0
C=CC(=O)NCc1cc(=O)[nH]c2ccccc12,Covalent,1.0
Cc1nc(C(=O)NC2CCC(=O)NC2=O)cn(C)c1=O,Noncovalent,0.0
O=C1CC[C@@H](NC(=O)c2cccc(=O)[nH]2)C(=O)N1,Noncovalent,0.0
CC(O)(c1cn(C2CCC(=O)NC2=O)nn1)c1ccccc1Br,Noncovalent,0.0
Cc1cnc2cccc(OCC3CO3)c2c1,Covalent,1.0
C=CC(=O)NCc1cnccc1C(F)(F)F,Covalent,1.0
C=CC(=O)N[C@@H](C)[C@](C)(O)c1ccccc1,Covalent,1.0
O=C1CCC(N2C(=O)C=C(N3CCc4[nH]c5ccc(F)cc5c4C3)C2=O)C(=O)N1,Covalent,1.0
O=C1CCC(NC(=O)c2ccc3oc(=O)[nH]c3c2)C(=O)N1,Noncovalent,0.0
O=C1CCC(Nc2ncnc(C(F)(F)F)c2Br)C(=O)N1,Noncovalent,0.0
CC#CC(=O)NCCc1cncc(O)c1,Covalent,1.0
Cc1cc(OS(=O)(=O)F)ccc1C(N)=O,Covalent,1.0
Cn1nc(C(F)(F)F)cc1CNc1cccc(C2CC(=O)NC(=O)C2)c1,Noncovalent,0.0
O=C1CC(c2cccc(NCc3cccc4c3OCO4)c2)CC(=O)N1,Noncovalent,0.0
CC#CC(=O)NC1CCCC1(C)O,Covalent,1.0
CC#CC(=O)N1CC(C(F)(F)F)OC(C)(C)C1,Covalent,1.0
O=C1CCC(NC(=O)c2cc(F)ccc2-n2nccn2)C(=O)N1,Noncovalent,0.0
COCOc1cccc(S(=O)(=O)F)c1,Covalent,1.0
C=CS(=O)(=O)N1CCCCC(C)C1,Covalent,1.0
CC1(C(=O)Nc2cccc3c2CN(C2CCC(=O)NC2=O)C3=O)CC1,Noncovalent,0.0
CC(C)(CO)c1nc2cc(C(=O)NC3CCC(=O)NC3=O)ccc2[nH]1,Noncovalent,0.0
CC(=O)N1CCCN(C(=O)CCl)CC1,Covalent,1.0
C=CCNC(=O)C(C#N)=Cc1ccccc1OC,Covalent,1.0
O=S(=O)(F)CC1(C2CCOCC2)CC1,Covalent,1.0
O=C1CCC(N2C(=O)c3ccc(NS(=O)(=O)c4ccccc4OC(F)(F)F)cc3C2=O)C(=O)N1,non-covalent,0.0
CN(c1ncn(C)c(=O)c1Cl)C1CCC(=O)NC1=O,Noncovalent,0.0
COc1cc(OC)nc(NC(=O)CCl)n1,Covalent,1.0
O=C1CCC(NC(=O)c2c(O)nc(=O)n3c2CCC3)C(=O)N1,Noncovalent,0.0
CN(c1ncnc2cnccc12)C1CCC(=O)NC1=O,Noncovalent,0.0
NC(=O)c1cccc(NC(=O)CCl)c1,Covalent,1.0
Cn1nccc1-c1cn(C2CCC(=O)NC2=O)nn1,Noncovalent,0.0
Cn1c(COc2ccccc2)cnc1C(=O)NC1CCC(=O)NC1=O,Noncovalent,0.0
O=C1CC[C@@H](NC(=O)c2cc3sccc3n2CC(F)(F)F)C(=O)N1,Noncovalent,0.0
Cc1ccc(NC(=O)C(F)Cl)c2[nH]ncc12,Covalent,1.0
Fc1cc(Cl)ccc1OCC1CO1,Covalent,1.0
CC1(C)COCC(C(=O)Nc2cccc(C3CCC(=O)NC3=O)c2)CN1,Noncovalent,0.0
Cc1coc(C2CC2)c1C(=O)N[C@@H]1CCC(=O)NC1=O,Noncovalent,0.0
CCC1(c2ccc(NC(=O)CN(C)C(=O)OC)cc2)CCC(=O)NC1=O,Noncovalent,0.0
CC1CC(=O)Nc2ccc(C(=O)NC3CCC(=O)NC3=O)cc2N1,Noncovalent,0.0
C=CC(=O)NCc1ncccc1S(C)(=O)=O,Covalent,1.0
Cc1ccc(C(=O)NC2CCC(=O)NC2=O)c2c1cnn2C,Noncovalent,0.0
CCNC(=O)N1CCC(NC(=O)C(C)Cl)C1,Covalent,1.0
Cc1ccc2cc(C(=O)NC3CCC(=O)NC3=O)cnc2c1,Noncovalent,0.0
O=C1CCC(N2Cc3cc(NCCc4ccc5ccccc5c4)ccc3C2=O)C(=O)N1,non-covalent,0.0
c1cc2c(cc1OCC1CO1)OCCO2,Covalent,1.0
C=CC(=O)NCC1CCC(C(=O)N(C)C)O1,Covalent,1.0
O=C(NCC1CCCOC1)C(F)Cl,Covalent,1.0
C=CC(=O)N1C2CCCC1COC2,Covalent,1.0
C=CC(=O)NCc1cc(F)c(C(=O)O)cc1F,Covalent,1.0
Nc1c(Cl)ccnc1-c1ccc2c(c1)CN(C1CCC(=O)NC1=O)C2=O,Noncovalent,0.0
C=CC(=O)Nc1ccc2cc[nH]c2c1,Covalent,1.0
C=CC(=O)NC1CCC2CCC1OC2,Covalent,1.0
CCCCCCn1nc(C(=O)NC2CCC(=O)NC2=O)c2ccccc2c1=O,Noncovalent,0.0
O=C1CC[C@@H](NC(=O)c2cccc3[nH]cnc23)C(=O)N1,Noncovalent,0.0
Cc1sc2ccc(F)cc2c1C(=O)NC1CCC(=O)NC1=O,Noncovalent,0.0
O=C1CCC(N2Cc3cc(NC4=NOC5C=CC=CC45)ccc3C2=O)C(=O)N1,non-covalent,0.0
O=CNC(Cc1ccsc1)C(=O)Nc1ccc(C2CCC(=O)NC2=O)cc1,Noncovalent,0.0
O=C1CCC(NC(=O)c2ccc(-c3cccnc3)cc2C(F)(F)F)C(=O)N1,Noncovalent,0.0
O=C(CCl)NCc1nc2ccccc2o1,Covalent,1.0
C=CC(=O)NCCc1cncc(C)n1,Covalent,1.0
COc1cc(OCC2CO2)cc(C(F)(F)F)c1,Covalent,1.0
Nc1cc(OC(F)F)cc(C(=O)NC2CCC(=O)NC2=O)c1,Noncovalent,0.0
C=CC(=O)N1C2CCC1CC(c1cnn(C)c1)C2,Covalent,1.0
C=CC(=O)NCc1cc2n(n1)CCC2,Covalent,1.0
C=CC(=O)NCC(C)(C)c1ccc(C)cn1,Covalent,1.0
C=CC(=O)NCc1cccnc1N1CCCC1,Covalent,1.0
NCCCCCNC(=O)C(=O)Nc1cccc(C2CCC(=O)NC2=O)c1,Noncovalent,0.0
O=C1CCC(c2ccc(NC(=O)Cn3cc(C4(O)COC4)nn3)cc2)C(=O)N1,Noncovalent,0.0
C=CC(=O)N[C@H]1C[C@@H](OCC)C1,Covalent,1.0
COc1cccc2cc(CNc3ccc4c(c3)CN(C3CCC(=O)NC3=O)C4=O)ccc12,non-covalent,0.0
CC1CCc2c(C(=O)NC3CCC(=O)NC3=O)csc2C1,Noncovalent,0.0
C=CS(=O)(=O)N1CCc2nc(C)ncc2C1,Covalent,1.0
CC(C)c1ccccc1Oc1ccc(C(=O)NC2CCC(=O)NC2=O)cc1,Noncovalent,0.0
C=CC(=O)N[C@H](C)c1ccccc1SC,Covalent,1.0
C=CS(=O)(=O)NCc1ccn(C(F)F)n1,Covalent,1.0
O=C1CCC(NC(=O)c2cn(CC(F)F)cn2)C(=O)N1,Noncovalent,0.0
C=CC(=O)NCc1ccc2cn(C)nc2c1,Covalent,1.0
O=C1CCC(NC(=O)c2nn(-c3ccc(F)c(F)c3)c3c2CCC3)C(=O)N1,Noncovalent,0.0
Nc1ccc(C(=O)NC2CCC(=O)NC2=O)c(C(F)(F)F)c1,non-covalent,0.0
O=C1CCC(N2Cc3cccc(C(=O)O)c3C2=O)C(=O)N1,Noncovalent,0.0
C=CC(=O)N1C[C@@H]2CS(=O)(=O)C[C@]2(C)C1,Covalent,1.0
COc1cc(F)c2c(C(=O)NC3CCC(=O)NC3=O)n[nH]c2c1,Noncovalent,0.0
COC(=O)c1c[nH]c(-c2cccc3c2CN(C2CCC(=O)NC2=O)C3=O)c1,Noncovalent,0.0
CC(=O)c1ccc(B(O)O)c(F)c1,Covalent,1.0
C=CS(=O)(=O)NCC(C)c1cccc(F)n1,Covalent,1.0
C=CC(=O)NC1CC2CCC1O2,Covalent,1.0
C=CC(=O)Nc1ccc2c(c1)C(O)CCCC2,Covalent,1.0
Cc1ccc(C(=O)Nc2ccc3c(c2)C(=O)N(C2CCC(=O)NC2=O)C3=O)cc1,non-covalent,0.0
O=C1CCC(NC(=O)c2cccc(Cl)c2)C(=O)N1,Noncovalent,0.0
O=C(CCl)Nc1n[nH]c2ncccc12,Covalent,1.0
O=C1CCC(NC(=O)c2cc(C3(F)COC3)no2)C(=O)N1,Noncovalent,0.0
O=C1CCN(c2cccc(C(=O)Nc3cnn(C4CNCCOC4)c3)c2)C(=O)N1,Noncovalent,0.0
Cc1cc(CS(=O)(=O)F)ccc1[N+](=O)[O-],Covalent,1.0
COC(=O)c1cnc(-c2ccc3c(c2)CN(C2CCC(=O)NC2=O)C3=O)cc1C,Noncovalent,0.0
CCc1csc(S(=O)(=O)F)n1,Covalent,1.0
O=C1CCC(N2Cc3cc(NC(=O)c4cnc5ccccc5n4)ccc3C2=O)C(=O)N1,non-covalent,0.0
Cc1ncc(C(=O)NCc2cc(C(=O)NC3CCC(=O)NC3=O)on2)cc1C#N,Noncovalent,0.0
CC#CC(=O)NCc1ccnn1C1CCCC1,Covalent,1.0
CCCNC(=O)C(C#N)=Cc1cnn(C(C)C)c1,Covalent,1.0
O=C1CCC(CO)(NCc2cccc(Oc3cccc(F)c3)c2)C(=O)N1,Noncovalent,0.0
CC#CC(=O)N[C@@H]1[C@@H](C(F)(F)F)[C@@H]2CC[C@H]1O2,Covalent,1.0
C=CS(=O)(=O)N(CCO)Cc1cccnc1,Covalent,1.0
Cc1nccn1C(C)C(=O)NCc1cc(C(=O)NC2CCC(=O)NC2=O)co1,Noncovalent,0.0
O=C1CCC(N2C(=O)c3cccc(N4CCCC4)c3C2=O)C(=O)N1,non-covalent,0.0
NS(=O)(=O)Nc1ccc(B(O)O)cc1,Covalent,1.0
CCCc1nnsc1C(=O)NC1CCC(=O)NC1=O,Noncovalent,0.0
CCc1oc2ccccc2c1C=C(C#N)C(N)=O,Covalent,1.0
O=C(CCl)N1CCS(=O)(=O)CC1,Covalent,1.0
NCC1(NC(=O)c2cccc3c2CN(C2CCC(=O)NC2=O)C3=O)CCCC1,Noncovalent,0.0
CC(C)n1cc(C(=O)NC2CCC(=O)NC2=O)cn1,Noncovalent,0.0
CCC(C)(C)C(=O)NCc1ccc2c(c1)C(=O)N(C1CCC(=O)NC1=O)C2,Noncovalent,0.0
C=CS(=O)(=O)N1CCCC2(C1)OCCO2,Covalent,1.0
COC(=O)c1nc(NC(=O)Cn2cncc(C)c2=O)sc1CCc1ccccc1,non-covalent,0.0
c1ccc(-c2nnnn2CC2CO2)cc1,Covalent,1.0
C=CC(=O)Nc1ccc(OC)nn1,Covalent,1.0
O=C(CCl)NCC(=O)c1ccccc1F,Covalent,1.0
Cc1ncc2c(n1)CCN(C(=O)CCl)C2,Covalent,1.0
C[C@H](NC(=O)COc1cccc2c1CN(C1CCC(=O)NC1=O)C2=O)C(=O)O,Noncovalent,0.0
O=C1CCC(N2C(=O)c3ccc(N4CCCC4)cc3C2=O)C(=O)N1,non-covalent,0.0
Cc1nn(C(C)C)c2[nH]c(=O)cc(C(=O)NC3CCC(=O)NC3=O)c12,Noncovalent,0.0
CC(C(=O)N(C)CC(=O)Nc1ccc(C2CCC(=O)NC2=O)cc1)n1cccn1,Noncovalent,0.0
CCCN(C)C(=O)NCc1ccc2c(c1)C(=O)N(C1CCC(=O)NC1=O)C2,Noncovalent,0.0
O=C1CCC(NC(=O)c2n[nH]c3cc(F)c(Br)cc23)C(=O)N1,Noncovalent,0.0
CCc1cccc(N(C#N)Cc2cc(C)no2)c1,Covalent,1.0
O=C1CCC(N2Cc3cc(C4CCNCC4)ccc3C2=O)C(=O)N1,non-covalent,0.0
C#CCn1cc(CN(C)C(=O)C=C)cn1,Covalent,1.0
COCCN(C(=O)CCl)C1CCOC1C,Covalent,1.0
C=CC(=O)N(C)Cc1nc2c(s1)CCCC2,Covalent,1.0
O=C1CCC(c2cccc(Nc3cc(Cl)nc(C4CCCO4)n3)c2)C(=O)N1,Noncovalent,0.0
Cn1c(=O)c2cc(C(=O)NC3CCC(=O)NC3=O)n(C)c2n(C)c1=O,Noncovalent,0.0
C=CC(=O)NCCC1CCCC1(F)F,Covalent,1.0
C=CS(=O)(=O)NC(=O)c1ccccc1,Covalent,1.0
O=C1CCC(NC(=O)c2nn3c(c2Cl)OCCC3)C(=O)N1,Noncovalent,0.0
O=C(O)COc1ccc2c(c1)C(=O)N(C1CCC(=O)NC1=O)C2=O,Noncovalent,0.0
CN[C@H]1CCCC[C@@H]1N(C)c1ccc2c(c1)C(=O)N(C1CCC(=O)NC1=O)C2=O,non-covalent,0.0
Nc1n[nH]c2c(CN3CCC(F)CC3)cc(-c3ccc4c(c3)CN(C3CCC(=O)NC3=O)C4=O)nc12,non-covalent,0.0
CC[C@H](NC(=O)c1cccc2c1CN(C1CCC(=O)NC1=O)C2=O)C(=O)O,Noncovalent,0.0
C=CC(=O)N1CCC[C@@H]1C(O)CC,Covalent,1.0
O=C1CCC(N2C(=O)c3ccc(C(=O)N4CCC(F)CC4)cc3C2=O)C(=O)N1,Noncovalent,0.0
O=C(CCl)NCCn1nnc2ccccc21,Covalent,1.0
C=CC(=O)N1COCC2(COCCN2C)C1,Covalent,1.0
O=C1CCC(N2C(=O)c3cccc(NCCO)c3C2=O)C(=O)N1,Noncovalent,0.0
CC1(CNC(=O)c2ccc3c(c2)C(=O)N(C2CCC(=O)NC2=O)C3)CCCNC1,Noncovalent,0.0
C=C(C)CNC(=O)c1ccc2c(c1)C(=O)N(C1CCC(=O)NC1=O)C2=O,Noncovalent,0.0
O=C1CCC(NC(=O)c2n[nH]c3ccccc3c2=O)C(=O)N1,Noncovalent,0.0
CCN(C1=CC(=O)N(C2CCC(=O)NC2=O)C1=O)c1cccc(C)c1,Covalent,1.0
CN1CCc2[nH]c3ccc(C(=O)NC4CCC(=O)NC4=O)cc3c2C1,Noncovalent,0.0
NCc1cccc2c1C(=O)N(C1CCC(=O)NC1=O)C2,Noncovalent,0.0
O=C1CCC(Oc2ccc(N3CCNCC3)cc2)C(=O)N1,Noncovalent,0.0
CC#CC(=O)NCc1ccc(C(C)O)c(C)n1,Covalent,1.0
CC#CC(=O)N1CC(C)(C)CC1CC(N)=O,Covalent,1.0
O=C1CCC(NC(=O)c2ccc(N3CCCC3)c([N+](=O)[O-])c2)C(=O)N1,Noncovalent,0.0
C[C@H](NC(=O)c1cccc2c1CN(C1CCC(=O)NC1=O)C2=O)C(=O)O,Noncovalent,0.0
Cn1oc(C(=O)NC2CCC(=O)NC2=O)cc1=O,Noncovalent,0.0
C=CC(=O)N(c1ccccc1C#N)C1CCC1,Covalent,1.0
C=CC(=O)N1CCOC(c2cnn(C)c2)C1,Covalent,1.0
CC(=O)NCc1cccc(-c2ccc3c(c2)CN(C2CCC(=O)NC2=O)C3=O)c1,Noncovalent,0.0
O=C1CCC(NC(=O)c2ccc(Cl)cc2)C(=O)N1,Noncovalent,0.0
CO[C@H]1C[C@H]2CC(Nc3ccc(C4CC(=O)NC(=O)C4)cc3)C[C@H]2C1,Noncovalent,0.0
O=C(CCl)NCCc1ccc(=O)[nH]c1,Covalent,1.0
C=CS(=O)(=O)NCc1snnc1C1CC1,Covalent,1.0
C=CC(=O)N1CCCC1c1c(F)cccc1OC,Covalent,1.0
O=C1CCC(NC(=O)c2cc(=O)n3ccsc3n2)C(=O)N1,Noncovalent,0.0
O=C1CC(NC(=O)OCc2ccccc2)C(=O)N1,non-covalent,0.0
CC#CC(=O)N(C)CC1(N(C)C)CCC1,Covalent,1.0
Cc1csc(-c2cccc(C(=O)NC3CCC(=O)NC3=O)c2)n1,Noncovalent,0.0
C=CC(=O)N1CCSC(CC)(CC)C1,Covalent,1.0
C=CC(=O)NC(c1nccn1C)C1CCOCC1,Covalent,1.0
O=C1CCC(N2Cc3c(ccc4c3OCC43CCN(CC4CCCCC4)CC3)C2=O)C(=O)N1,non-covalent,0.0
C=CC(=O)N1CCNC(=O)C1c1cccc(C)c1,Covalent,1.0
O=S(=O)(F)Oc1ccccc1CC1CC1,Covalent,1.0
O=C1CCC(NC(=O)c2nc3ccccc3cc2C2CC2)C(=O)N1,Noncovalent,0.0
O=C(CCl)N1C[C@H]2CC[C@@H](O)C[C@H]2C1,Covalent,1.0
C=CC(=O)N1CCC2(C1)C(=O)Nc1ccccc12,Covalent,1.0
C=CC(=O)NCC1CCCC(C2CC2)O1,Covalent,1.0
O=S(=O)(F)c1ccc2c(c1)NCC2,Covalent,1.0
Cc1cccc(CNC(=O)CCl)c1,Covalent,1.0
O=C1CCC(Nc2ncc3ccccc3n2)C(=O)N1,Noncovalent,0.0
C=CC(=O)NC1(C)CCOC12CC2(F)F,Covalent,1.0
CCCS(=O)(=O)c1ccc(C(=O)NC2CCC(=O)NC2=O)cc1,Noncovalent,0.0
C=CC(=O)N1Cc2nc(C)nc(O)c2C1,Covalent,1.0
O=C1CCC(NC(=O)c2ccc3c(c2)C=CS3(=O)=O)C(=O)N1,Noncovalent,0.0
C=CC(=O)NCC1CN(S(C)(=O)=O)C1,Covalent,1.0
O=c1[nH]cnc2ccc(OS(=O)(=O)F)cc12,Covalent,1.0
Cc1ccc2nc(C)c(C(=O)N/N=C/c3cccc(O)c3)cc2c1,non-covalent,0.0
O=C(CCl)NCC(=O)c1ncccc1Cl,Covalent,1.0
C=CC(=O)NCc1nccc(Cl)c1F,Covalent,1.0
O=C1CC(c2ccc(Br)cc2F)CC(=O)N1,Noncovalent,0.0
O=C(CCl)NCC1(C2(O)CCOCC2)CC1,Covalent,1.0
Cc1cc(C)n(-c2ccc(B(O)O)cc2)n1,Covalent,1.0
OB(O)c1cc2cccnc2s1,Covalent,1.0
N#Cc1cn(C2CN(C(=O)C(F)Cl)C2)c(=O)[nH]c1=O,Covalent,1.0
CC#CC(=O)NCCN1CCn2nccc2C1,Covalent,1.0
O=C(CCl)N1CC2CCC(C1)O2,Covalent,1.0
CCCCc1cn(-c2ccc3c(c2)C(=O)N(C2CCC(=O)NC2=O)C3)nn1,Noncovalent,0.0
CCc1nc2ccc(Cl)cn2c1C(=O)NC1CCC(=O)NC1=O,Noncovalent,0.0
O=C1CCC(NC(=O)c2ccccc2-n2cnc3ccccc32)C(=O)N1,Noncovalent,0.0
Cn1cc(S(=O)(=O)F)c(C2CCOCC2)n1,Covalent,1.0
c1ccc2ncc(OCC3CO3)cc2c1,Covalent,1.0
O=C1CCC(NC(=O)c2ccnc3nn[nH]c23)C(=O)N1,Noncovalent,0.0
COc1ccc(-c2cccc3c2CN(C2CCC(=O)NC2=O)C3=O)cc1,Noncovalent,0.0
O=C1CCC(NC(=O)c2cnc3c(cnn3C3CCCC3)c2)C(=O)N1,Noncovalent,0.0
CN(C[C@]12CCC[C@H]1OCC2)C(=O)CCl,Covalent,1.0
COCCOCc1cc(C(=O)NC2CCC(=O)NC2=O)ccc1F,Noncovalent,0.0
CCC(NC(=O)CCl)c1cocn1,Covalent,1.0
O=C1NCc2c1ccnc2C(=O)NC(c1nc2ccccc2[nH]1)C1CCCCC1,Noncovalent,0.0
COc1cc(-c2cn(C3CCC(=O)NC3=O)nn2)cs1,non-covalent,0.0
CC#CC(=O)NCCc1cccc2oc(C)nc12,Covalent,1.0
O=C1CC(c2cccc(NC(=O)c3ccc(Cl)o3)c2)CC(=O)N1,Noncovalent,0.0
C=CC(=O)NC1CCN(c2nnnn2C)CC1,Covalent,1.0
O=C1CCC(N2Cc3c(cccc3-c3csc(C(F)F)c3)C2=O)C(=O)N1,Noncovalent,0.0
O=C1CCC(NC(=O)c2ccc(F)c(F)c2)C(=O)N1,Noncovalent,0.0
Cc1nnc(NC2CCC(=O)N(C)C2=O)nc1C,Noncovalent,0.0
Cc1ccc(NC(=O)NCc2ccc3nnn(C4CCC(=O)NC4=O)c(=O)c3c2)cc1C,non-covalent,0.0
C[C@H]1CN(C(=O)CCl)Cc2cccn21,Covalent,1.0
COC(=O)c1csc(B(O)O)c1,Covalent,1.0
CC(C)(CNC(=O)CCl)n1cccn1,Covalent,1.0
COC(=O)c1cccc(S(=O)(=O)F)n1,Covalent,1.0
O=S(=O)(F)C1CCOC(C(F)(F)F)C1,Covalent,1.0
O=C1CCC(NC(=O)c2nn(-c3cccc(F)c3)ccc2=O)C(=O)N1,Noncovalent,0.0
CC(C)(C)OC(=O)N1CCCC1c1cn(C2CCC(=O)NC2=O)nn1,Noncovalent,0.0
CN(C)c1ccc(N=Nc2ccccc2C(=O)NC2CCC(=O)NC2=O)cc1,Noncovalent,0.0
C=CC(=O)NC1CC(C2CCCCC2)C1,Covalent,1.0
COc1cccc(-c2nc(C(=O)NC3CCC(=O)NC3=O)cs2)c1OC,Noncovalent,0.0
O=C1CCC(NC(=O)c2coc(CNC(=O)c3nccc4cc[nH]c34)n2)C(=O)N1,Noncovalent,0.0
Cc1cnc2c(C(=O)NC3CCC(=O)NC3=O)c(Cl)ccc2c1,Noncovalent,0.0
O=C1NCc2ccccc2C1NC(=O)C12CC1C2,Covalent,1.0
O=C(CCl)N1CCC[C@]2(CO)CCC[C@H]12,Covalent,1.0
O=C1CCC(NC(=O)c2c[nH]c3ccc(F)cc23)C(=O)N1,non-covalent,0.0
O=C1CCC(Nc2ncnc3c2cnn3-c2ccccc2)C(=O)N1,Noncovalent,0.0
Cc1ccncc1-c1ccc(OCC2CO2)cc1,Covalent,1.0
CC(Cl)C(=O)NCC12CC(C)(CO1)C2,Covalent,1.0
O=C1CCC(N2Cc3cc(NC(=O)c4ccc5c(c4)OCO5)ccc3C2=O)C(=O)N1,non-covalent,0.0
CC(C)CC1COCCC1NC(=O)CCl,Covalent,1.0
C=CS(=O)(=O)NCC(C)c1cnn(C)c1,Covalent,1.0
C=CC(=O)N1CCc2c(Cl)cc(F)cc2C1,Covalent,1.0
Cc1nn(C)c2ncc(-c3cccc4c3CN(C3CCC(=O)NC3=O)C4=O)cc12,Noncovalent,0.0
O=C1CC[C@@H](NC(=O)c2scc3c2CCCC3)C(=O)N1,Noncovalent,0.0
NCc1nc2ccc(C(=O)NC3CCC(=O)NC3=O)cc2s1,Noncovalent,0.0
COc1ccc2c(c1)C=C(C(=O)Nc1ccc3c(c1)CN(C1CCC(=O)NC1=O)C3=O)CO2,non-covalent,0.0
OB(O)c1cnc2c(Cl)c(F)ccc2c1,Covalent,1.0
O=C(O)Cc1ccc2c(c1)CN(C1CCC(=O)NC1=O)C2=O,Noncovalent,0.0
C=CC(=O)Nc1ccc([C@@H](C)O)cc1,Covalent,1.0
C=CC(=O)NCC1CCc2nnc(C(C)C)n2C1,Covalent,1.0
C=CC(=O)Nc1ccccc1-n1nccn1,Covalent,1.0
CC(C)NC(=O)C(C#N)=Cc1ccc(O)nc1,Covalent,1.0
C=CC(=O)NCC1(O)C2C3CC4C5C3CC2C5C41,Covalent,1.0
CCn1nc(CN)cc1C(=O)NC1CCC(=O)NC1=O,Noncovalent,0.0
CC(=O)NC(Cc1ccc(F)cc1)C(=O)NCc1ccc2c(c1)CN(C1CCC(=O)NC1=O)C2=O,non-covalent,0.0
Nc1nc2c(Br)ccc(C(=O)NC3CCC(=O)NC3=O)c2s1,Noncovalent,0.0
C=CC(=O)NCC1CCc2cc(F)ccc2O1,Covalent,1.0
O=C1NCc2cccc(OCC3(C4CCCCO4)CC3)c21,Noncovalent,0.0
CCC1(C)NC(=O)N(NC(=O)CCl)C1=O,Covalent,1.0
NCCCN1CCN(c2cccc3c2C(=O)N(C2CCC(=O)NC2=O)C3=O)CC1,Noncovalent,0.0
CC(C)c1c[nH]nc1C(=O)NC1CCC(=O)NC1=O,Noncovalent,0.0
O=C1CCC(N2Cc3cc(NC(=O)Cc4cccc5ccccc45)ccc3C2=O)C(=O)N1,non-covalent,0.0
O=C1CCC(NC(=O)c2cc(F)cc(F)c2)C(=O)N1,Noncovalent,0.0
COc1ccc(S(=O)(=O)NC2CCC(=O)NC2=O)cc1OC,Noncovalent,0.0
O=C1CCC(N2Cc3c(C(=O)N4CCCCC4C(=O)O)cccc3C2=O)C(=O)N1,Noncovalent,0.0
O=C1CCC(NC(=O)Cc2ccc(S(=O)(=O)F)cc2)C(=O)N1,non-covalent,0.0
Cc1nc(C(=O)Nc2cccc(NC3CCC(=O)NC3=O)c2)nn1-c1nnc[nH]1,Noncovalent,0.0
Nc1ccc2cc(-c3cccc4c3CN(C3CCC(=O)NC3=O)C4=O)ccc2n1,Noncovalent,0.0
N#Cc1ccc(OCC2CO2)c2ccccc12,Covalent,1.0
CC(C)[C@H](NC(=O)c1ccc2c(c1)C(=O)N(C1CCC(=O)NC1=O)C2)C(=O)O,Noncovalent,0.0
O=C1CCC(c2ccc(NC(=O)C3COCCN3CC(F)F)cc2)C(=O)N1,Noncovalent,0.0
OB(O)c1ccnc(Cl)c1,Covalent,1.0
C#CC1CC2CCC1N(C(=O)C13CC1C3)C2,Covalent,1.0
CC(Nc1cccc(C2CC(=O)NC(=O)C2)c1)C1CC(F)(F)C1,Noncovalent,0.0
CC1(C)COc2ccc(OCC3CO3)cc21,Covalent,1.0
C=CC(=O)N1CCCCC1CCC(=O)O,Covalent,1.0
Cc1ccnc(-c2ccc3c(c2)CN(C2CCC(=O)NC2=O)C3=O)c1,Noncovalent,0.0
O=C(CCl)Nc1nnc(CC(F)(F)F)o1,Covalent,1.0
Cn1ncc2cc(-c3cccc4c3CN(C3CCC(=O)NC3=O)C4=O)cnc21,Noncovalent,0.0
Cc1cccc2oc(C(=O)NC3CCC(=O)NC3=O)nc12,Noncovalent,0.0
N#Cc1cc(-c2ccc3c(c2)CN(C2CCC(=O)NC2=O)C3=O)ccn1,Noncovalent,0.0
CC1OC1CN1CCN(c2ncccn2)CC1,Covalent,1.0
O=C(CCl)N1CC2CC1C(F)(F)C2,Covalent,1.0
C[C@@H]1CN(C(=O)c2ccc3c(c2)CN(C2CCC(=O)NC2=O)C3=O)C[C@H]1C(=O)O,Noncovalent,0.0
CCc1csc(-n2cc(C(=O)N[C@@H]3CCC(=O)NC3=O)cn2)n1,Noncovalent,0.0
Cc1ccccc1OC(C)CNC(=O)CCl,Covalent,1.0
Cc1cc(B(O)O)cnc1C(F)F,Covalent,1.0
Cc1ccc(C(=O)NC2CCC(=O)NC2=O)c2c1CCCN2,Noncovalent,0.0
CSc1ccc(NC(=O)C(F)Cl)cc1,Covalent,1.0
O=C1CCC(N2Cc3ccc(CNC(=O)NCc4ccco4)cc3C2=O)C(=O)N1,Noncovalent,0.0
C=CC(=O)NC(C)c1nc(C(F)(F)F)no1,Covalent,1.0
Cc1nc(-c2ccc(OCC3CO3)cc2)cs1,Covalent,1.0
CC(Nc1ccc2c(c1)C(=O)NC2)c1nc2ccccc2n1C,Noncovalent,0.0
OB(O)c1cncc(OC(F)(F)F)c1,Covalent,1.0
COc1ccc(COc2ccc3c(c2)C(=O)N(C2CCC(=O)NC2=O)C3=O)cc1,Noncovalent,0.0
C[C@H]1CC[C@H](C(=O)Nc2cccc3c2CN(C2CCC(=O)NC2=O)C3=O)CC1,Noncovalent,0.0
COc1sccc1-c1cn(C2CCC(=O)NC2=O)nn1,non-covalent,0.0
C[C@@H](NC(=O)C1CO1)c1ccc2c(c1)CCCC2,Covalent,1.0
Nc1cncc(S(=O)(=O)F)c1,Covalent,1.0
O=C(COc1ccsn1)NCc1cc(C(=O)NC2CCC(=O)NC2=O)no1,Noncovalent,0.0
COC(=O)c1ccccc1B(O)O,Covalent,1.0
C[C@@H](CO)Nc1ccc(-c2cccc3c2CN(C2CCC(=O)NC2=O)C3=O)cn1,Noncovalent,0.0
c1csc(Oc2ccc(OCC3CO3)cc2)n1,Covalent,1.0
CC#CC(=O)NC(C)Cn1cnnc1,Covalent,1.0
C=CC(=O)NC1CCN(C)C(=O)C1,Covalent,1.0
O=C(CCl)Nc1ccc2c(c1)NC(=O)CO2,Covalent,1.0
C=CC(=O)N(C)Cc1oc2c(C)cccc2c1C,Covalent,1.0
O=C1CCC(NC(=O)c2cc3c(cc2F)NC(=O)CC3)C(=O)N1,Noncovalent,0.0
CCCc1cc(N[C@H]2CCC(=O)NC2=O)n2ncnc2n1,Noncovalent,0.0
Cc1noc(C(F)(F)Cl)c1C(=O)NC1CCC(=O)NC1=O,Noncovalent,0.0
CCOC(=O)c1ccnc(-c2ccc3c(c2)CN(C2CCC(=O)NC2=O)C3=O)n1,Noncovalent,0.0
CNC(=O)Nc1cccc(C(=O)NC2CCC(=O)NC2=O)c1F,Noncovalent,0.0
COCCn1nc(C)c(NC(=O)C23CC2C3)c1C,Covalent,1.0
CC#CC(=O)N(C)Cc1ccnc2[nH]ccc12,Covalent,1.0
CS(=N)(=O)CCCCc1cn(C2CCC(=O)NC2=O)nn1,Noncovalent,0.0
O=S(=O)(F)Oc1ccc(-n2ccnc2)cc1,Covalent,1.0
CCC(CC)c1cn(-c2ccc3c(c2)CN(C2CCC(=O)NC2=O)C3=O)nn1,Noncovalent,0.0
CC(=O)Nc1cc(Nc2cccc3c2C(=O)N(C2CCC(=O)NC2=O)C3=O)cc(C(C)(C)C)c1,non-covalent,0.0
O=C1CCC(NC(=O)c2ccccc2S(=O)C(F)(F)F)C(=O)N1,Noncovalent,0.0
O=C1CCC(n2cnc3ccc(OCc4ccc(CN5CCOCC5)cc4)cc32)C(=O)N1,non-covalent,0.0
O=C1CCC(N2Cc3cc(NCc4ccc5cc(Br)ccc5c4)ccc3C2=O)C(=O)N1,non-covalent,0.0
O=C(NC(c1ccccc1)C1CCC1)C1CO1,Covalent,1.0
C=CS(=O)(=O)N1CCn2ncc(C)c2C1,Covalent,1.0
CC1(CNC(=O)c2ccc3c(c2)CN(C2CCC(=O)NC2=O)C3=O)CCCNC1,Noncovalent,0.0
CC#CC(=O)N1CCC=CC1COC,Covalent,1.0
C=CC(=O)N1CC(OCC(F)F)C1,Covalent,1.0
O=C1CCC(NC(=O)c2nc3n(n2)-c2ccccc2S(=O)(=O)N3)C(=O)N1,Noncovalent,0.0
O=C1CCC(N2Cc3cc(CNC(=O)c4cn5ccccc5n4)ccc3C2=O)C(=O)N1,non-covalent,0.0
COC1(CS(=O)(=O)F)CCOCC1,Covalent,1.0
O=C1CCC(NC(=O)c2ccoc2S(=O)(=O)c2ccccc2)C(=O)N1,Noncovalent,0.0
O=C1CCC(N2C(=O)c3ccc(NC(=O)c4cccnc4)cc3C2=O)C(=O)N1,non-covalent,0.0
CC(C)CCC(=O)Nc1cccc2c1CN(C1CCC(=O)NC1=O)C2=O,Noncovalent,0.0
C=CS(=O)(=O)N1CC(Oc2ccccc2)C1,Covalent,1.0
O=C1NC(=O)C2(n3c(=O)oc4ccccc43)CC1C2,Noncovalent,0.0
CC(C)(C)NC(=O)[C@H]1c2ccccc2C(=O)N1[C@H]1CCC(=O)NC1=O,non-covalent,0.0
O=C1CCC(N2Cc3c(NC4=NC(N5CCC[C@H]5CO)NC=C4)cccc3C2=O)C(=O)N1,non-covalent,0.0
C=CC(=O)NCc1c[nH]nc1-c1cccc(F)c1,Covalent,1.0
Cc1ccc(-n2[nH]c(C(=O)NC3CCC(=O)NC3=O)cc2=O)cc1C,Noncovalent,0.0
O=C1CCC(N2Cc3ccc(S(=O)(=O)n4ccc(C(F)(F)F)n4)cc3C2=O)C(=O)N1,covalent,1.0
CCOc1ccc(-c2cccc3c2CN(C2CCC(=O)NC2=O)C3=O)cc1N,Noncovalent,0.0
CC#CC(=O)NCc1cccc2ccsc12,Covalent,1.0
COc1cc2onc(C)c2cc1NS(=O)(=O)c1cc(Br)ccc1OC,non-covalent,0.0
Cc1noc(C)c1CNC(=O)CCl,Covalent,1.0
C=CS(=O)(=O)N[C@@H]1COC[C@H]1F,Covalent,1.0
CC1OC2(CO)CC1(NC(=O)CCl)C2,Covalent,1.0
COc1ccc2nccc(C(=O)NC3CCC(=O)NC3=O)c2n1,Noncovalent,0.0
CC#CC(=O)NC(C)c1csc(C2CC2)n1,Covalent,1.0
CC(C)Oc1cccc(OS(=O)(=O)F)c1,Covalent,1.0
Cc1ccc(C(=O)NC2CCC(=O)NC2=O)cc1NC(=O)Nc1ccccc1,Noncovalent,0.0
O=C1CCC(NC(=O)c2ccc(Cl)c([N+](=O)[O-])c2)C(=O)N1,Noncovalent,0.0
CN(Cc1ncnn1C)C(=O)CCl,Covalent,1.0
O=C1CCC(c2ccc(NC(=O)c3ncc4[nH]ncc4n3)cc2)C(=O)N1,Noncovalent,0.0
CN(c1cccc2c1C(=O)N(C1CCC(=O)NC1=O)C2=O)C1CCCCC1,non-covalent,0.0
Cn1cncc1C(=O)NC1CCC(=O)NC1=O,Noncovalent,0.0
CC(Cl)C(=O)NC[C@@H]1CN(C)C(=O)O1,Covalent,1.0
C=CC(=O)Nc1ccc(OC)c2cccnc12,Covalent,1.0
O=C1CCC(NC(=O)c2cc(O)c3ccsc3c2)C(=O)N1,Noncovalent,0.0
C[C@@H]1CCCN1C(=O)CNc1cccc2c1CN(C1CCC(=O)NC1=O)C2=O,Noncovalent,0.0
O=C(NC1CCC2CCC1C2)C(F)Cl,Covalent,1.0
N#CC(=Cc1ccc(Cl)cc1)C(=O)Nc1cccc2c1C(=O)NC2=O,Covalent,1.0
O=C(CCl)Nc1n[nH]c2cccc(F)c12,Covalent,1.0
C=CS(=O)(=O)N(CC)C1CCOC(C)(C)C1,Covalent,1.0
N#Cc1cc2c(c(C(=O)NC3CCC(=O)NC3=O)c1)OCCO2,Noncovalent,0.0
Cc1cc2c(cc1Cl)C=C(C(=O)NCc1ccc3c(c1)CN(C1CCC(=O)NC1=O)C3=O)CO2,non-covalent,0.0
O=C1CCC(Nc2ccc(NC(=O)CC3CCn4cncc4C3)cc2)C(=O)N1,Noncovalent,0.0
Brc1cc(C2CO2)on1,Covalent,1.0
C=CC(=O)Nc1ccc(C(N)=O)cc1C,Covalent,1.0
Cc1c(OCC2CO2)ccc2ncccc12,Covalent,1.0
COC(=O)c1nc(NC(=O)Cn2cnc3c(c2=O)CCC3)sc1CCc1ccccc1,non-covalent,0.0
Cc1cc(OCC2CO2)c(F)cc1F,Covalent,1.0
O=C1CCC(NC(=O)c2ncco2)C(=O)N1,Noncovalent,0.0
O=C1CCC(NC(=O)c2cc3ncnn3cn2)C(=O)N1,Noncovalent,0.0
O=C1CCC(N2Cc3cc(-c4ncccc4C4CC4)ccc3C2=O)C(=O)N1,Noncovalent,0.0
Cc1nnc2n1CCC2(C)C(=O)Nc1ccc(C2CCC(=O)NC2=O)cc1,Noncovalent,0.0
CC#CC(=O)NC12CCCC(C)(C1)OC2,Covalent,1.0
Cc1cc(C(C)NC(=O)C(C)Cl)ccn1,Covalent,1.0
CC(C(=O)Nc1cccc(C2CCC(=O)NC2=O)c1)n1cnc2c(N)ncnc21,Noncovalent,0.0
C=CC(=O)N1CCC(CNS(C)(=O)=O)CC1,Covalent,1.0
COC1COc2cc(C(=O)NC3CCC(=O)NC3=O)nn2C1,Noncovalent,0.0
O=C1CCC(NC(=O)c2cnn(-c3ccc(Cl)cc3Cl)c2)C(=O)N1,Noncovalent,0.0
CN1CCC(C(=O)Nc2ccc(C3CCC(=O)NC3=O)cc2)(C(F)(F)F)C1,Noncovalent,0.0
CC(C)n1ccnc1S(=O)(=O)F,Covalent,1.0
Cc1cccc(-c2nnc3ccc(C(=O)NC4CCC(=O)NC4=O)cn23)c1,Noncovalent,0.0
C=CC(=O)NC(CC)c1ccc2c(c1)OCCO2,Covalent,1.0
C=CC(=O)N1CCCc2cc(C(=O)NC3(C)CCC(=O)NC3=O)ccc21,Covalent,1.0
O=C(CCl)N1CCOC2(CCC2)CC1,Covalent,1.0
O=S(=O)(F)C(F)c1ccncc1,Covalent,1.0
CC(O)CN1CCN(C(=O)CCl)C(C)C1,Covalent,1.0
CC(C)c1ccsc1C(=O)NC1CCC(=O)NC1=O,Noncovalent,0.0
O=C(O)CNC(=O)CNc1cccc2c1C(=O)N(C1CCC(=O)NC1=O)C2=O,Noncovalent,0.0
CCc1[nH]c(-c2ccccc2)nc1C(=O)NC1CCC(=O)NC1=O,Noncovalent,0.0
Clc1ccc2cccc(OCC3CO3)c2n1,Covalent,1.0
CCc1cc(=O)[nH]c(-n2ncc(C(=O)NC3CCC(=O)NC3=O)c2C)n1,Noncovalent,0.0
N#Cc1cccc2cc(OCC3CO3)cnc12,Covalent,1.0
CC(C(=O)Nc1ccc(NC2CCC(=O)NC2=O)cc1)n1cc2c(n1)CCCC2,Noncovalent,0.0
Nc1cccc(C(=O)NC2CCC(=O)NC2=O)c1F,non-covalent,0.0
C=CC(=O)NC(C)c1ccc2ncsc2c1,Covalent,1.0
CC(=O)Nc1cnn(C2CCC(=O)NC2=O)c1,Noncovalent,0.0
O=C1CCC(N2Cc3cc(NC4=NN=C5C=CC=CC54)ccc3C2=O)C(=O)N1,non-covalent,0.0
C=CC(=O)N1CCOC(c2ccc(C)s2)C1,Covalent,1.0
C=CC(=O)N1CC(C2CCOCC2)C1,Covalent,1.0
COC(=O)c1cncc(OS(=O)(=O)F)c1,Covalent,1.0
C=CC(=O)NC1CCC(=O)N(c2cnn(C)c2)C1,Covalent,1.0
O=C1CCN(c2ccc(NCc3ccnn3C3CCCC3)cc2)C(=O)N1,Noncovalent,0.0
CC(Cl)C(=O)N1CCC(c2nccn2C)C1,Covalent,1.0
O=C1CCC(N2Cc3ccc(-c4cncc5sccc45)cc3C2=O)C(=O)N1,Noncovalent,0.0
CC(C)CCC(=O)NCc1ccc2c(c1)C(=O)N(C1CCC(=O)NC1=O)C2,Noncovalent,0.0
COc1ccn2ccnc2c1C(=O)Nc1ccc(C2CCC(=O)NC2=O)cc1,Noncovalent,0.0
C=CS(=O)(=O)NCc1nc(C)cc(C)n1,Covalent,1.0
O=C(NC1CCC(c2cccc(F)c2)C1)C1CO1,Covalent,1.0
C=CC(=O)N(C)Cc1nc2ccccc2o1,Covalent,1.0
C=CS(=O)(=O)Nc1ccc(Cl)cc1OC,Covalent,1.0
C=CC(=O)NCC1(CF)CC12CCOCC2,Covalent,1.0
NCC1OCCc2sc(C(=O)NC3CCC(=O)NC3=O)cc21,Noncovalent,0.0
COc1cccn2cc(C(=O)Nc3ccc4c(c3)CN(C3CCC(=O)NC3=O)C4=O)nc12,non-covalent,0.0
Nc1ccc(CNC(=O)c2cccc3c2CN(C2CCC(=O)NC2=O)C3=O)cc1,Noncovalent,0.0
COCc1nsc(C(=O)NC2CCC(=O)NC2=O)n1,Noncovalent,0.0
N#Cc1cccc(-c2ccc3c(c2)CN(C2CCC(=O)NC2=O)C3=O)c1,Noncovalent,0.0
O=C1CCC(NC(=O)c2nc(N3CCCC3)sc2Cl)C(=O)N1,Noncovalent,0.0
OB(O)c1cc(Br)cnc1F,Covalent,1.0
NCCNC(=O)COc1ccc2c(c1)CN(C1CCC(=O)NC1=O)C2=O,Noncovalent,0.0
Cc1nn(Cc2ccccc2Cl)c(Cl)c1C(=O)NC1CCC(=O)NC1=O,Noncovalent,0.0
O=C1CCC(NC(=O)c2cnn3ccc(=O)[nH]c23)C(=O)N1,Noncovalent,0.0
CN(C(=O)c1ccccc1)c1ccc2c(c1)CN(C1CCC(=O)NC1=O)C2=O,non-covalent,0.0
O=C(CCl)N1CCCC1c1ccsc1,Covalent,1.0
CN1Cc2ccc(CNC(=O)CCl)cc2C1=O,Covalent,1.0
O=C1CCC(c2ccc(NC(=O)c3ncnc4c3ccn4C3CC3)cc2)C(=O)N1,Noncovalent,0.0
Cc1ccc(NC(=O)C(F)Cl)c(C)c1,Covalent,1.0
C=CC(=O)Nc1ccc(Cl)c2ncccc12,Covalent,1.0
O=C1CCC(NC(=O)c2cncc3ccccc23)C(=O)N1,Noncovalent,0.0
O=C1CCC(N2Cc3cc(NCc4cccc5cnccc45)ccc3C2=O)C(=O)N1,non-covalent,0.0
C=CC(=O)Nc1cc2[nH]ccc2cc1C,Covalent,1.0
CCOc1cc(F)ccc1B(O)O,Covalent,1.0
CC#CC(=O)NCC=C1CCSCC1,Covalent,1.0
O=C1CCC(N2Cc3ccc(Nc4ncnc5ccccc45)cc3C2=O)C(=O)N1,Noncovalent,0.0
O=C(CCl)Nc1cccnc1,Covalent,1.0
CC#CC(=O)NCC1OCCc2ccsc21,Covalent,1.0
C=CC(=O)N1CCC(c2ccc(F)cc2C)CC1,Covalent,1.0
C=CC(=O)N1CCC(C2CNC(=O)C2)CC1,Covalent,1.0
O=C1CCC(NC(=O)c2cn3c(O)nnc3cn2)C(=O)N1,Noncovalent,0.0
O=C1CCC(N2Cc3cc(CNC(=O)C4=Cc5cc(Cl)ccc5OC4)ccc3C2=O)C(=O)N1,non-covalent,0.0
N#CN(CC1(C#N)CC1)c1ccc(F)cc1,Covalent,1.0
Cc1cccc(C)c1CNC(=O)[C@@H]1O[C@H]1C,Covalent,1.0
O=C1CCC(NC(=O)c2cc3ncncc3s2)C(=O)N1,Noncovalent,0.0
C=CC(=O)NCc1cc2ccccc2n(C)c1=O,Covalent,1.0
CCC(C(=O)NCc1cc(C(=O)NC2CCC(=O)NC2=O)no1)n1cncn1,Noncovalent,0.0
O=C1CCC(NC(=O)c2cc(CNC(=O)C3Cc4ccccc43)on2)C(=O)N1,Noncovalent,0.0
O=C(Nc1ccnn1C1CC1)C12CC1C2,Covalent,1.0
CC#CC(=O)NCc1c2c(n[nH]c1=O)CCCC2,Covalent,1.0
C=CC(=O)N1CC23CCCCC2(COC3)C1,Covalent,1.0
CCc1c(C)n[nH]c1C(=O)NC1CCC(=O)NC1=O,Noncovalent,0.0
COc1cc(C)c(S(=O)(=O)F)cc1C(=O)O,Covalent,1.0
CC(C)(NC(=O)C1CO1)c1cccc(C#N)c1,Covalent,1.0
O=S(=O)(F)Cc1cccc(C(F)(F)F)c1,Covalent,1.0
CC(=O)c1cc(Br)cc(F)c1OC1CCC(=O)NC1=O,Noncovalent,0.0
O=C1CCC(NC(=O)c2ccn(-c3cccc(-c4nn[nH]n4)c3)n2)C(=O)N1,Noncovalent,0.0
O=C1CCC(N2Cc3c(cccc3-c3ccc4[nH]ccc4c3)C2=O)C(=O)N1,Noncovalent,0.0
O=C1CCC(N2Cc3ccc(C(=O)O)cc3C2=O)C(=O)N1,Noncovalent,0.0
Cc1cc2ncnc(Nc3ccc4c(c3)C(=O)N(C3CCC(=O)NC3=O)C4)c2[nH]1,Noncovalent,0.0
O=S(=O)(F)CCOc1ccccc1F,Covalent,1.0
C=CC(=O)Nc1cnc2c(cnn2C(C)C)c1,Covalent,1.0
C=CC(=O)NC[C@@H]1Cc2ccccc2CO1,Covalent,1.0
O=C1CCC(c2ccc(NC(=O)c3cncc(OCC(F)F)c3)cc2)C(=O)N1,Noncovalent,0.0
Cc1cnn2ccc(-c3ccc4c(c3)CN(C3CCC(=O)NC3=O)C4=O)nc12,non-covalent,0.0
Cc1noc(C)c1-c1ccc(OCC2CO2)cc1,Covalent,1.0
CCC1(c2ccc(NC(=O)CN3CC=CC3)cc2)CCC(=O)NC1=O,Noncovalent,0.0
O=C1CCC(N2Cc3cc(C(=O)NC4CCCC4)ccc3C2=O)C(=O)N1,Noncovalent,0.0
CC(C)CNC(=O)NCc1ccc2c(c1)C(=O)N(C1CCC(=O)NC1=O)C2,Noncovalent,0.0
O=C1CC(c2cccc(NCc3cccc4[nH]ncc34)c2)CC(=O)N1,Noncovalent,0.0
O=C1CCC(NC(=O)c2cnn(-c3ccc(F)cc3)n2)C(=O)N1,Noncovalent,0.0
O=C1CCC(N2Cc3ccc(CNC(=O)C4CC(F)(F)C4)cc3C2=O)C(=O)N1,Noncovalent,0.0
O=C(CCl)N1CCC1c1cccc(F)c1,Covalent,1.0
CC1(NC(=O)c2ccc3c(c2)CN(C2CCC(=O)NC2=O)C3=O)CC1,Noncovalent,0.0
O=C(NCc1ccc([N+](=O)[O-])cc1)C(F)Cl,Covalent,1.0
CC(Cl)C(=O)NC(C)(C)C(=O)N1CCCC1,Covalent,1.0
O=C1CCC(N2Cc3c(C(=O)Nc4c[nH]nc4C(=O)O)cccc3C2=O)C(=O)N1,Noncovalent,0.0
Cn1cc(-c2cncc(C(=O)NC3CCC(=O)NC3=O)c2)cn1,Noncovalent,0.0
CN(c1cc(Oc2ccccc2Br)ncn1)C1CCC(=O)NC1=O,Noncovalent,0.0
C=CC(=O)NC1CCCC1Cc1cc(C)nn1C,Covalent,1.0
Nc1ccn(S(=O)(=O)c2ccc3c(c2)C(=O)N(C2CCC(=O)NC2=O)C3)c(=O)n1,non-covalent,0.0
O=S(=O)(F)C1CC2(CNC2)C1,Covalent,1.0
c1cc2c(c(OCC3CO3)c1)OCCCO2,Covalent,1.0
C=CC(=O)N1CCC[C@H](CC(=O)OC)C1,Covalent,1.0
Cc1cncc(C(=O)NCc2ccc3c(c2)C(=O)N(C2CCC(=O)NC2=O)C3)n1,Noncovalent,0.0
COc1cccc(-c2ccc3c(c2)CN(C2CCC(=O)NC2=O)C3=O)n1,Noncovalent,0.0
N#CN(C[C@H]1C[C@@H](O)C1)c1ccc(F)cc1,Covalent,1.0
C=CC(=O)N1CCC2(CC(OCC)C2)C1,Covalent,1.0
COc1ccnc(-c2ccc3c(c2)C(=O)N(C2CCC(=O)NC2=O)C3)c1,Noncovalent,0.0
C=CC(=O)N1CCC(c2cccnc2OC)C1,Covalent,1.0
O=C1CCC(NC(=O)c2cccc(F)c2F)C(=O)N1,Noncovalent,0.0
CNC(=O)c1ccc(O)c(NC(=O)CCl)c1,Covalent,1.0
O=C1CC[C@@H](NC(=O)c2csc(-c3ncccc3F)n2)C(=O)N1,Noncovalent,0.0
CN(C)Cc1cn(-c2ccc3c(c2)C(=O)N(C2CCC(=O)NC2=O)C3)nn1,Noncovalent,0.0
COc1cc(OC)nc(-c2cn(C3CCC(=O)NC3=O)nn2)n1,Noncovalent,0.0
CC(C)C1CCc2[nH]nc(C(=O)NC3CCC(=O)NC3=O)c2C1,Noncovalent,0.0
CC(CC(=O)O)NC(=O)c1ccc2c(c1)CN(C1CCC(=O)NC1=O)C2=O,Noncovalent,0.0
c1cnn(-c2ccc(OCC3CO3)cc2)c1,Covalent,1.0
C=CC(=O)NC1CC2CCC(C1)S2,Covalent,1.0
C=CC(=O)NC1(COC)CCOC1,Covalent,1.0
OB(O)c1cccc2cnccc12,Covalent,1.0
O=C1CCC(Nc2ncccn2)C(=O)N1,Noncovalent,0.0
COC(=O)c1ncn(C2CCC(=O)NC2=O)c1NC(=O)COc1ccccc1,Noncovalent,0.0
C=CC(=O)NC[C@@H](O)c1ccc(C)cc1,Covalent,1.0
C=CS(=O)(=O)NC1C2CCC3C(C2)CC31,Covalent,1.0
CC(NC(=O)CCl)c1nnnn1C,Covalent,1.0
CC1(N)CN(C(=O)COc2cccc3c2CN(C2CCC(=O)NC2=O)C3=O)C1,Noncovalent,0.0
COc1c(OCC2CO2)ccc2ccccc12,Covalent,1.0
COc1ccc(N(C#N)CCCC#N)cc1,Covalent,1.0
CCN(CC)C(=O)C1CCCN1C(=O)CCl,Covalent,1.0
CC(C)Cc1ccc2cc(C(=O)NC3CCC(=O)NC3=O)[nH]c2c1,Noncovalent,0.0
CC1(C)CC2CC(C)(CN2C(=O)CCl)C1,Covalent,1.0
O=C(C1CO1)N1CCCC(c2ccccc2)CC1,Covalent,1.0
CC1c2ccsc2CCN1C(=O)C(F)Cl,Covalent,1.0
O=C1CCC(N2Cc3c(C(=O)N4CCCCN4)cccc3C2=O)C(=O)N1,Noncovalent,0.0
C=CC(=O)NC(C)C1CC1(F)F,Covalent,1.0
O=C1CCC(N2Cc3cc(CNC(=O)Nc4ccccc4Cl)ccc3C2=O)C(=O)N1,non-covalent,0.0
NCCCC(=O)Nc1cccc2c1CN(C1CCC(=O)NC1=O)C2=O,Noncovalent,0.0
C=CS(=O)(=O)NCC(C)c1cccs1,Covalent,1.0
COc1ccc(C(=O)NC2CCC(=O)NC2=O)cc1OC1CCN(C)CC1,Noncovalent,0.0
CN(Cc1cnn(C)c1)C(=O)CCl,Covalent,1.0
C=CC(=O)N1CCCC1c1ccncn1,Covalent,1.0
O=C1CCC(N2Cc3c(NC(=O)C[C@@H]4CC=CCC4)cccc3C2=O)C(=O)N1,Noncovalent,0.0
C=CC(=O)N1CCC(C(O)c2ccnn2C)CC1,Covalent,1.0
O=S(=O)(F)Oc1ccc(-c2nnco2)cc1,Covalent,1.0
N=S1(=O)CCCc2ncnc(Nc3ccc(C4CCC(=O)NC4=O)cc3)c21,Noncovalent,0.0
C=CC(=O)NCC(=C)c1ccccc1,Covalent,1.0
O=C1CCC(N2C(=O)c3ccc(-c4csc5ccccc45)cc3C2=O)C(=O)N1,non-covalent,0.0
Cc1occc1C(=O)Nc1cc(Cl)ccc1C(=O)NC1CCC(=O)NC1=O,Noncovalent,0.0
CCn1nc(C(=O)NC2CCC(=O)NC2=O)c2c1CCOC2,Noncovalent,0.0
COC(=O)C(C#N)=Cc1ccc(C)c(C)c1,Covalent,1.0
C=CS(=O)(=O)c1cccc(OC)c1[N+](=O)[O-],Covalent,1.0
COC1(C(F)(F)C(=O)Nc2ccc(C3CCC(=O)NC3=O)cc2)CCCCC1,Noncovalent,0.0
CS(C)(=O)=Nc1ccnc(C(=O)NC2CCC(=O)NC2=O)c1,Noncovalent,0.0
Cc1ccccc1S(C)(=O)=NC(=O)C12CC1C2,Covalent,1.0
CC(C)(C)OC(=O)N1CCN(C#N)CC1,Covalent,1.0
CC(C)n1cnc2c(N(C)C3CCC(=O)NC3=O)nc(Cl)nc21,Noncovalent,0.0
O=C1CCC(OC(=O)c2nc3ccccc3cc2Br)C(=O)N1,Noncovalent,0.0
O=C(CCl)N1CCO[C@@H]2CCCC[C@H]21,Covalent,1.0
CC(C)C(C#N)N1CCN(C(=O)CCl)CC1,Covalent,1.0
C[C@@H](C(=O)Nc1cccc(C2CC(=O)NC(=O)C2)c1)c1ccc(F)cc1,Noncovalent,0.0
C#CC(CC1CCOCC1)NC(=O)[C@@H]1O[C@H]1C,Covalent,1.0
CCCS(=O)(=O)Nc1ccccc1C(=O)OC1CCC(=O)NC1=O,Noncovalent,0.0
O=C1CCC(N2Cc3ccc(NC(=O)C4Cc5ccccc54)cc3C2=O)C(=O)N1,Noncovalent,0.0
O=C1CCC(NC(=O)c2cc(N3CCNC3=O)c(F)cc2F)C(=O)N1,Noncovalent,0.0
CCOCCSc1ccc2c(c1)C(=O)N(C1CCC(=O)NC1=O)C2=O,Noncovalent,0.0
Cc1cnn(-c2c(C(=O)NC3CCC(=O)NC3=O)c(C)nn2C)c1,Noncovalent,0.0
CS(=O)(=O)Nc1ccc(-c2n[nH]cc2C(=O)NC2CCC(=O)NC2=O)cc1,Noncovalent,0.0
C=CC(=O)NC12CC(C(F)(F)F)(C1)C2,Covalent,1.0
C=CC(=O)N1CCC(c2nccs2)C1,Covalent,1.0
C#CCN(Cc1ccc(C)cc1)C(=O)CCl,Covalent,1.0
C=CC(=O)N1CCCC(O)(C(F)(F)C(=O)O)C1,Covalent,1.0
O=C1CCC(Nc2ccc(F)cc2)C(=O)N1,Noncovalent,0.0
C=CC(=O)N(C)Cc1cccnn1,Covalent,1.0
C=CS(=O)(=O)Nc1ccc(C)cc1OCC,Covalent,1.0
NCCc1ccc(S(=O)(=O)F)cc1,Covalent,1.0
CCn1nc(C2CC2)cc1-c1ccc(N2CCC(=O)NC2=O)c(C)c1,Noncovalent,0.0
CCOc1cccc(-c2ccc3c(c2)CN(C2CCC(=O)NC2=O)C3=O)c1,non-covalent,0.0
Cc1ccc(CC(N)CC(=O)Nc2ccc(C3CCC(=O)NC3=O)cc2)c(C)c1,Noncovalent,0.0
COc1c(C(=O)Nc2ccc(NC3CCC(=O)NC3=O)cc2)ccc2c1CCC2,Noncovalent,0.0
Cc1nc(CC2CCNC2)sc1C(=O)NC1CCC(=O)NC1=O,Noncovalent,0.0
C=CC(=O)N1C[C@@H](CO)[C@H](F)C1,Covalent,1.0
CC#CC(=O)N(C)Cc1cncn1C,Covalent,1.0
FC(F)Oc1cccc(OCC2CO2)c1,Covalent,1.0
N#CC1CN(C(=O)CCl)CCO1,Covalent,1.0
C=CC(=O)N[C@@H](C)C1CCCC(C)C1,Covalent,1.0
C=CC(=O)N1CC(COC)(C2CC2)C1,Covalent,1.0
C=CC(=O)Nc1cc(C)cc(S(N)(=O)=O)c1,Covalent,1.0
C=CC(=O)NCCn1ncc(Cl)c1C,Covalent,1.0
Cc1nccc(S(=O)(=O)F)c1Cl,Covalent,1.0
C=CC(=O)NC1(C)CCN(Cc2ccccc2)C1,Covalent,1.0
C=CC(=O)Nc1ccc2nccnc2c1,Covalent,1.0
CC(=O)Nc1cccc2c1C(=O)N(C1CCC(=O)NC1=O)C2=O,non-covalent,0.0
N#Cc1cccc(-c2n[nH]cc2C(=O)Nc2ccc(C3CCC(=O)NC3=O)cc2)c1,Noncovalent,0.0
C=CC(=O)Nc1cccc(C(=O)N2CCCCC2C2CCC(=O)NC2=O)c1,Covalent,1.0
OB(O)c1ccc2c(c1)OCCCO2,Covalent,1.0
COc1ccc(C=O)cc1CN1CCCCCC1,Covalent,1.0
CC(C)C(NC(=O)CCl)c1ccccc1,Covalent,1.0
CC(C)N(CC(=O)O)C(=O)c1ccc2c(c1)CN(C1CCC(=O)NC1=O)C2=O,Noncovalent,0.0
O=C1CCC(N2Cc3cc(NS(=O)(=O)c4ccco4)ccc3C2=O)C(=O)N1,Noncovalent,0.0
Cc1nc(S(=O)(=O)F)nn1-c1ccccc1,Covalent,1.0
O=C1CCC(NC(=O)c2occc2COc2cccc(-c3nn[nH]n3)c2)C(=O)N1,Noncovalent,0.0
C=CC(=O)N1CCN(C(=O)CCOC)CC1,Covalent,1.0
C=CC(=O)N1CCC(=O)N(C)c2ccccc21,Covalent,1.0
Cc1cc(C)c2c(Cl)c(C(=O)NC3CCC(=O)NC3=O)sc2c1,Noncovalent,0.0
C=CS(=O)(=O)N(C)Cc1ccccc1O,Covalent,1.0
Cc1n[nH]c2c(S(=O)(=O)F)cccc12,Covalent,1.0
C=CC(=O)N[C@@H]1c2ccccc2C[C@H]1NC(=O)c1cccc2c1C(=O)NC2,Covalent,1.0
O=C1CCC(NC(=O)c2c[nH]c(=O)c3cncn23)C(=O)N1,Noncovalent,0.0
O=C1CCC(N2Cc3cc(NC(=O)c4ccc(Sc5ccccc5)cc4)ccc3C2=O)C(=O)N1,non-covalent,0.0
CC(NC(=O)CCl)c1csc(C2CC2)n1,Covalent,1.0
COCc1cccc(OS(=O)(=O)F)c1,Covalent,1.0
C=CC(=O)NC1CC(N(C)C)C12CCC2,Covalent,1.0
N#CC(=Cc1cnn(-c2ccccc2)c1)C(=O)O,Covalent,1.0
CCOCC1CCN(C(=O)C(F)Cl)CC1,Covalent,1.0
O=S(=O)(F)c1ccc(N2CCNCC2)cc1,Covalent,1.0
C=CCNC(=O)CN(C#N)c1ccccc1,Covalent,1.0
O=C1CCC(NC(=O)c2c(C(F)F)ccc3ccccc23)C(=O)N1,Noncovalent,0.0
O=C(NC1CN(c2ccccc2)C1)C12CC1C2,Covalent,1.0
O=C1CCC(N2C(=O)c3ccc(CNC(=O)Nc4ccccc4Cl)cc3C2=O)C(=O)N1,non-covalent,0.0
CC(Cl)C(=O)NC(c1ccco1)C(C)(C)C,Covalent,1.0
O=C1CC[C@H](N2Cc3cc(-c4cnn5ccc(Cl)nc45)ccc3C2=O)C(=O)N1,non-covalent,0.0
C=CC(=O)Nc1cnc(C(C)(C)C)nc1,Covalent,1.0
CC#CC(=O)N[C@H]1C[C@H](c2ccccc2OC)C1,Covalent,1.0
CC#CC(=O)N1C[C@@H]2C[C@H](F)[C@H]1[C@H]2C(=O)OC,Covalent,1.0
O=C(CCl)NCc1ccc(Cl)s1,Covalent,1.0
O=C(CCl)N1CCc2sccc2C1,Covalent,1.0
C=CC(=O)NCc1cccc2cc[nH]c12,Covalent,1.0
C=CC(=O)NCc1nn(-c2ccccc2)nc1C,Covalent,1.0
C=CC(=O)NC1C(=O)N(CC)c2ccc(C)cc21,Covalent,1.0
Nc1ccc(-c2cccc3c2CN(C2CCC(=O)NC2=O)C3=O)cn1,Noncovalent,0.0
Cc1sc(NC(=O)CCl)c(C(N)=O)c1C,Covalent,1.0
O=C1CCC(NC(=O)c2cnn3ccncc23)C(=O)N1,Noncovalent,0.0
CN(c1cnc2cc(F)c(F)cc2n1)C1CCC(=O)NC1=O,Noncovalent,0.0
O=C1CCC(Nc2cc(OC3CCOCC3)ncn2)C(=O)N1,Noncovalent,0.0
C[C@@H]1CN(C(=O)c2cccc3c2CN(C2CCC(=O)NC2=O)C3=O)C[C@H](C)O1,Noncovalent,0.0
O=C1CCC(N2Cc3c(cccc3-c3ccc4[nH]ncc4c3)C2=O)C(=O)N1,Noncovalent,0.0
O=C1CCC(N2Cc3cc(-c4ccnc(F)c4)ccc3C2=O)C(=O)N1,Noncovalent,0.0
C=CC(=O)NCc1cccc2c1OC(F)(F)O2,Covalent,1.0
O=C1CCC(NC(=O)c2c3c(n[nH]c2=O)CCCC3)C(=O)N1,Noncovalent,0.0
C=CC(=O)Nc1ccc(N(CC)C(C)=O)nc1,Covalent,1.0
C=CC(=O)NC1(c2nccs2)CCCC1,Covalent,1.0
CC1CCc2n[nH]cc2C1C(=O)Nc1cccc(C2CC(=O)NC(=O)C2)c1,Noncovalent,0.0
OB(O)c1c[nH]nc1-c1ccccn1,Covalent,1.0
O=C1CCC(NC(=O)c2ccn(-c3ccccc3)n2)C(=O)N1,Noncovalent,0.0
O=C(CCl)N[C@H]1CO[C@@H]2COC[C@H]12,Covalent,1.0
C=CS(=O)(=O)NC1CCOC(C(C)(C)C)C1,Covalent,1.0
C=CC(=O)N1CC(=O)N(Cc2ccccc2)C1,Covalent,1.0
CCCCCc1cc(C(=O)NC2CCC(=O)NC2=O)n[nH]1,Noncovalent,0.0
CCN(CC)c1ncc(-c2cccc3c2CN(C2CCC(=O)NC2=O)C3=O)cn1,Noncovalent,0.0
O=C1CCC(Nc2cc(Br)n[nH]c2=O)C(=O)N1,Noncovalent,0.0
CC(Cl)C(=O)N1CCNC(=O)C1(C)C,Covalent,1.0
O=C1CCC(n2cc(-c3cccs3)nn2)C(=O)N1,non-covalent,0.0
COC(=O)C(C#N)=CC1=Cc2ccccc2OC1,Covalent,1.0
C=CC(=O)NCc1conc1C1CCC1,Covalent,1.0
Cc1csc2c(C(=O)NC3CCC(=O)NC3=O)ncnc12,Noncovalent,0.0
C=CC(=O)NCC(NC(=O)c1cccc2c1C(=O)NC2)C1CCCCC1,Covalent,1.0
O=C(Nc1ccc(OCCO)cc1)C(F)Cl,Covalent,1.0
CC1=CC(C)(C)N(C(=O)CCl)c2ccccc21,Covalent,1.0
O=C1CCC(N2Cc3cc(C(=O)N4CCCC[C@H]4C(=O)O)ccc3C2=O)C(=O)N1,Noncovalent,0.0
O=C1CCC(N2Cc3c(cccc3-c3cscn3)C2=O)C(=O)N1,Noncovalent,0.0
O=C1CCC(N2Cc3c(Nc4ccnc(NC56CC7CC(CC(C7)C5)C6)n4)cccc3C2=O)C(=O)N1,non-covalent,0.0
C=CC(=O)Nc1ccccc1Cc1cccnc1,Covalent,1.0
CCC(NC(=O)C12CC1C2)c1ccc(Cl)cc1,Covalent,1.0
Cc1nc(N)nc(-c2ccc3c(c2)CN(C2CCC(=O)NC2=O)C3=O)c1C,Noncovalent,0.0
Cn1nc(C(=O)NC2CCC(=O)NC2=O)cc1C1CCCO1,Noncovalent,0.0
O=C1CCC(NC(=O)c2ccc3c(c2)C(=O)Nc2ccccc2O3)C(=O)N1,Noncovalent,0.0
COCCNc1ncc(C(=O)Nc2ccc(C3CCC(=O)NC3=O)cc2)s1,Noncovalent,0.0
C=CS(=O)(=O)Nc1cccc2sccc12,Covalent,1.0
CC#CC(=O)N1CCN2C(=O)NC(=O)C2C1,Covalent,1.0
O=C1CCC(N2Cc3c(cccc3-c3cn[nH]c3)C2=O)C(=O)N1,Noncovalent,0.0
Cc1ocnc1CNC(=O)CCl,Covalent,1.0
COC(=O)c1ccc(-c2cccc3c2CN(C2CCC(=O)NC2=O)C3=O)cn1,Noncovalent,0.0
CC1=Nc2cccc(C(=O)NC3CCC(=O)NC3=O)c2C1(C)C,Noncovalent,0.0
Cc1ccc(NC(=O)NCc2scc3c2CN(C2CCC(=O)NC2=O)C3=O)cc1Cl,non-covalent,0.0
c1ccc(CN2CCC3(CC2)CO3)cc1,Covalent,1.0
COCc1nc2ccccn2c1C(=O)NC1CCC(=O)NC1=O,Noncovalent,0.0
COC(=O)c1ccc(-c2cccc3c2CN(C2CCC(=O)NC2=O)C3=O)cc1,Noncovalent,0.0
C=CC(=O)N1CCC(OCC(=O)O)CC1,Covalent,1.0
O=c1ccn([C@@H]2O[C@H](COP(=O)(O)O)[C@@H](O)[C@H]2O)c(=O)[nH]1,non-covalent,0.0
C=CC(=O)Nc1ccc(C)c(N2CCCC2)c1,Covalent,1.0
O=C1CCC(N2Cc3cc(C(=O)N4CCCO4)ccc3C2=O)C(=O)N1,Covalent,1.0
C=CC(=O)NCc1c(Cl)oc2ccccc12,Covalent,1.0
CN(c1nc(C(F)F)nc2ccc(Br)cc12)C1CCC(=O)NC1=O,Noncovalent,0.0
CC1(C)Cc2cccc(OS(=O)(=O)F)c2O1,Covalent,1.0
CC1(C)OCc2c(C(=O)NC3CCC(=O)NC3=O)n[nH]c21,Noncovalent,0.0
O=C1CC[C@@H](C(=O)NCc2ccc(S(=O)(=O)F)cc2)N1,non-covalent,0.0
CC(=O)Nc1ccc(SCC2CCC(=O)NC2=O)cc1,non-covalent,0.0
O=C(CCl)NCc1nc(C(F)(F)F)c[nH]1,Covalent,1.0
Cc1nc(COc2ccc3c(c2)C(=O)N(C2CCC(=O)NC2=O)C3=O)co1,Noncovalent,0.0
C=CCC1N(C(=O)C=C)CCCC1(C)C,Covalent,1.0
N#CC(=Cc1ccc(-c2ccccc2)cc1)C(N)=O,Covalent,1.0
C=CC(=O)N1CC(C(=O)O)OCC1(C)C,Covalent,1.0
C=CC(=O)NCc1ccc(C(N)=O)nc1,Covalent,1.0
CCCNC(=O)C(C#N)=Cc1c(C)ccnc1C,Covalent,1.0
Cc1noc(C)c1CNC(=O)[C@@H]1O[C@H]1C,Covalent,1.0
C=CC(=O)NCC1c2ccccc2C(=O)N1C,Covalent,1.0
C=CS(=O)(=O)N1C[C@@H](C)OC[C@H]1C,Covalent,1.0
CC1OC1COc1ccc(-n2cccn2)cc1,Covalent,1.0
C[C@H](Cc1ccccc1)C(=O)Nc1ccc(C2CC(=O)NC(=O)C2)cc1,Noncovalent,0.0
CS(C)(=O)=Nc1ccc(C(=O)NC2CCC(=O)NC2=O)s1,Noncovalent,0.0
O=C1CCC(N2Cc3c(NC(=O)CC4CC=CC4)cccc3C2=O)C(=O)N1,Noncovalent,0.0
O=C1CCC(N2Cc3ccc(C(=O)N4CCC5(CC4)CC5)cc3C2=O)C(=O)N1,Noncovalent,0.0
C=CC(=O)N(C1CC1)C(C)c1cccnc1,Covalent,1.0
O=C1CCC(NC(=O)c2cnoc2C2CCC2)C(=O)N1,Noncovalent,0.0
CCC1(CC)CN(C(=O)c2ccc3c(c2)CN(C2CCC(=O)NC2=O)C3=O)C1,Noncovalent,0.0
C=CC(=O)N1CC(C)NC(=O)c2ccc(F)cc21,Covalent,1.0
C=CC(=O)N1CC(C)OC(COC)C1,Covalent,1.0
Nc1ccc(C(=O)NC2CCC(=O)NC2=O)cc1,non-covalent,0.0
O=C1CCC(OC(=O)c2ccc(S(=O)(=O)NCC3CCCO3)cc2)C(=O)N1,Noncovalent,0.0
C=CC(=O)N1CC(C)OC2(CCOC2C)C1,Covalent,1.0
CC#CC(=O)NCCN1CCOCC1(C)C,Covalent,1.0
CC(C)c1cn[nH]c1CNC(=O)CCl,Covalent,1.0
CCc1noc(C(=O)NCc2ccc3c(c2)C(=O)N(C2CCC(=O)NC2=O)C3)n1,Noncovalent,0.0
Cc1ccc2c(c1)CCCN2C(=O)CCl,Covalent,1.0
COc1cnc(N(C)C)nc1C(=O)NC1CCC(=O)NC1=O,Noncovalent,0.0
O=C(CCl)N1C2CCC1c1ccccc12,Covalent,1.0
N#CCc1ccc(OCC2CO2)cc1,Covalent,1.0
N#CC1(CS(=O)(=O)F)CNC1,Covalent,1.0
C=CS(=O)(=O)N(C)C(=O)c1ccccc1,Covalent,1.0
CCC1CCCN1C(=O)c1ccc2c(c1)C(=O)N(C1CCC(=O)NC1=O)C2=O,Noncovalent,0.0
O=C(CCl)NCC1(C2CC2)CCCO1,Covalent,1.0
Cc1ccc2c(C(=O)NC3CCC(=O)NC3=O)c[nH]c2c1,Noncovalent,0.0
Cc1nocc1CCC(=O)NCc1ocnc1C(=O)NC1CCC(=O)NC1=O,Noncovalent,0.0
CN1Cc2ccc(CNC(=O)N3CCC(Cc4ccncc4)C3)cc2C1=O,Noncovalent,0.0
COc1ccc(C)c2c1CC(C(=O)Nc1cccc(C3CCC(=O)NC3=O)c1)N2,Noncovalent,0.0
N#Cc1cccc2c1CC[C@H]2NC(=O)CCl,Covalent,1.0
O=C1CCC(N2Cc3c(C#CCOCCc4ccccc4)cccc3C2=O)C(=O)N1,non-covalent,0.0
O=C(CCl)NC(C1CC1)C1CCCOC1,Covalent,1.0
CCc1cccc(-c2cccc3c2CN(C2CCC(=O)NC2=O)C3=O)c1,Noncovalent,0.0
O=C(CCl)NCC12CCCC(CO)(CO1)C2,Covalent,1.0
O=C1CCC(N2Cc3cc(-c4ncccc4C(F)F)ccc3C2=O)C(=O)N1,Noncovalent,0.0
CC(Cl)C(=O)N1CC[C@@H]2COC(=O)N[C@H]2C1,Covalent,1.0
CC(C)(C)c1ccc2c(C(=O)NC3CCC(=O)NC3=O)coc2c1,Noncovalent,0.0
Cc1n[nH]c(C(F)F)c1C(=O)NC1CCC(=O)NC1=O,Noncovalent,0.0
CCOc1ccc2ccccc2c1C(=O)NC1CCC(=O)N(C)C1=O,Noncovalent,0.0
O=C1CCC(N2Cc3ccc(NC(=O)C45CCC(CC4)C5)cc3C2=O)C(=O)N1,Noncovalent,0.0
O=C1CCC(N2Cc3ccc(C(=O)NC[C@H]4CCCCN4)cc3C2=O)C(=O)N1,Noncovalent,0.0
CS(=O)(=O)Nc1ccc2c(c1)CN(C1CCC(=O)NC1=O)C2=O,Noncovalent,0.0
O=C1CCC(NC(=O)c2ccc(-n3cnc4ccccc4c3=O)cc2)C(=O)N1,Noncovalent,0.0
CC(Cl)C(=O)N1Cc2ccccc2CO1,Covalent,1.0
CCn1cnc2c(C(=O)Nc3ccc(NC4CCC(=O)NC4=O)cc3)ncnc21,Noncovalent,0.0
Cn1cc(C2(C(=O)Nc3ccc(C4CCC(=O)NC4=O)cc3)CCCO2)cn1,Noncovalent,0.0
Cc1cc(CNC(=O)C(F)Cl)ccc1F,Covalent,1.0
C=CS(=O)(=O)N1Cc2ccccc2C1,Covalent,1.0
CN(C)C(=O)NCCCc1ccc2c(c1)C(=O)N(C1CCC(=O)NC1=O)C2=O,Noncovalent,0.0
CC1CCCc2ncc(C(=O)NC3CCC(=O)NC3=O)n21,Noncovalent,0.0
CN(c1nc(Cl)nc2c1CC(C)(C)CC2)C1CCC(=O)NC1=O,Noncovalent,0.0
O=C1CCC(N2C(=O)c3ccc(C#CCOCCOCCOCc4ccccc4)cc3C2=O)C(=O)N1,non-covalent,0.0
COc1ccc2cc(C=O)c(O)nc2c1,Covalent,1.0
O=C1CC(c2cccc(NC(=O)c3ccc(-c4nn[nH]n4)[nH]3)c2)CC(=O)N1,Noncovalent,0.0
Cc1c(C(=O)N[C@@H]2CCC(=O)NC2=O)[nH]c2c(Cl)cccc12,Noncovalent,0.0
Cc1noc(C)c1C(C)CNC(=O)C(C)Cl,Covalent,1.0
Nc1ccc2ncn(C3CCC(=O)NC3=O)c(=O)c2c1,Noncovalent,0.0
O=C1CCC(N2Cc3c(OCCCC(=O)N4CCCc5ccccc54)cccc3C2=O)C(=O)N1,non-covalent,0.0
O=C1CCC(Nc2ccnc(Cc3ccc(F)cc3)n2)C(=O)N1,Noncovalent,0.0
COC(=O)C(C#N)=Cc1cc(C(=O)OC)c(C)o1,Covalent,1.0
C=CC(=O)NC(C)C1=CCN(C)CC1,Covalent,1.0
O=C(O)CCCCCNc1cccc2c1CN(C1CCC(=O)NC1=O)C2=O,Noncovalent,0.0
NCCC(=O)Nc1cccc2c1CN(C1CCC(=O)NC1=O)C2=O,Noncovalent,0.0
C=CS(=O)(=O)NCc1c(C)ccnc1C,Covalent,1.0
NCCc1cccc(B(O)O)c1,Covalent,1.0
O=C(C#CCOc1ccccc1)Nc1ccc(NC2CCC(=O)NC2=O)cc1,Noncovalent,0.0
Cc1nc(N(C)C2CCC(=O)NC2=O)c(C)c(-n2cccn2)n1,Noncovalent,0.0
Cc1ccc(C)c2c(C)c(C(=O)N[C@@H]3CCC(=O)NC3=O)oc12,Noncovalent,0.0
Nc1ccc(NC(=O)c2cccc3c2CN(C2CCC(=O)NC2=O)C3=O)cc1,Noncovalent,0.0
C=CC(=O)NC1CC(=O)N(C2CC2C)C1,Covalent,1.0
C=CS(=O)(=O)N1CC(COC)(C2CCC2)C1,Covalent,1.0
C=CC(=O)NCC(=O)N1CCC2=C(CCCC2)C1,Covalent,1.0
Cn1c(Nc2ccc(C3CCC(=O)NC3=O)cc2)c(C#N)c(=O)n(C)c1=O,Noncovalent,0.0
O=C1CCC(NC(=O)c2cc(F)cc3c(=O)c4cc(F)ccc4[nH]c23)C(=O)N1,Noncovalent,0.0
C=CC(=O)NCc1nnc(C2CCCO2)[nH]1,Covalent,1.0
O=C(CCl)NCCc1ccccc1F,Covalent,1.0
Cc1nc2c3ccccc3nc(Nc3cccc(C4CCC(=O)NC4=O)c3)n2n1,Noncovalent,0.0
CC(C)c1c(C(=O)NC2CCC(=O)NC2=O)nnn1-c1ccccc1,Noncovalent,0.0
Nc1cccc(SCC2CCC(=O)NC2=O)c1,non-covalent,0.0
CN1C(=O)CCCc2occ(C(=O)NC3CCC(=O)NC3=O)c21,Noncovalent,0.0
O=C1CN(c2ccnc(C(=O)NC3CCC(=O)NC3=O)c2)CCN1,Noncovalent,0.0
C=CS(=O)(=O)NCC(F)c1ccccc1,Covalent,1.0
N#CC1(C(=O)Nc2ccc3c(c2)C(=O)N(C2CCC(=O)NC2=O)C3=O)CCCC1,Noncovalent,0.0
O=C1CCC(NC(=O)c2ccccc2[N+](=O)[O-])C(=O)N1,non-covalent,0.0
Cc1n[nH]c(C)c1NC(=O)CCl,Covalent,1.0
O=C1CCC(Oc2nccc(C(F)(F)F)n2)C(=O)N1,Noncovalent,0.0
Cc1cccc2oc(C(=O)Nc3ccc(C4CCC(=O)NC4=O)cc3)nc12,Noncovalent,0.0
COc1ccccc1COCC1CO1,Covalent,1.0
C=CC(=O)NCC(F)(F)c1ccccc1C,Covalent,1.0
O=C1CCC(NC(=O)c2coc3c2NC(=O)CCC3)C(=O)N1,Noncovalent,0.0
O=C(CCl)N1CCOc2cccnc2C1,Covalent,1.0
Cc1cc(NC2CCC(=O)NC2=O)n2ncc(C#N)c2n1,Noncovalent,0.0
Cc1cc(NC(=O)C(F)Cl)ccc1C(N)=O,Covalent,1.0
O=C1CCC(N2C(=O)C=C(Nc3ccccc3)C2=O)C(=O)N1,non-covalent,0.0
CC(Cl)C(=O)NC1(C2CC2)CCOCC1,Covalent,1.0
O=C(O)CNc1ccc2c(c1)C(=O)N(C1CCC(=O)NC1=O)C2,Noncovalent,0.0
CS(=O)(=O)c1cnc2cc(C(=O)NC3CCC(=O)NC3=O)nn2c1,Noncovalent,0.0
C=CC(=O)N1CCNC(=O)CC1c1ccccc1,Covalent,1.0
O=C1CCC(NC(=O)c2cnc3ccccc3c2N2CCCC2)C(=O)N1,Noncovalent,0.0
OB(O)c1cnc(O)c(C(F)(F)F)c1,Covalent,1.0
CC(C)C(NC(=O)CCl)c1ccc(F)cc1,Covalent,1.0
C=CC(=O)NC1(c2ccccc2)CC1(C)C,Covalent,1.0
OB(O)c1ccn2nccc2c1,Covalent,1.0
CC(F)(F)c1ccccc1CNC(=O)CCl,Covalent,1.0
O=C1CCC(NC(=O)c2cccc(C(F)(F)F)c2)C(=O)N1,Noncovalent,0.0
C=CC(=O)NC(C)C1OCCc2sccc21,Covalent,1.0
O=C1NC(CNCc2ccc3cn[nH]c3c2)c2ccccc21,Noncovalent,0.0
CC#CC(=O)NC(c1ccncc1)C1CCC1,Covalent,1.0
NCCCC(=O)Nc1ccc2c(c1)C(=O)N(C1CCC(=O)NC1=O)C2=O,Noncovalent,0.0
O=C1CCC(N2C(=O)c3ccc(-c4cccnc4)cc3C2=O)C(=O)N1,non-covalent,0.0
C=CC(=O)NC1CCCC23OCCC2CC13,Covalent,1.0
COc1cc(C(=O)Nc2ccc3c(c2)CN(C2CCC(=O)NC2=O)C3=O)ccc1Oc1ccccc1,non-covalent,0.0
Fc1ccc(OCC2CO2)c(Cl)c1,Covalent,1.0
Cc1c(C(=O)NC2CCC(=O)NC2=O)ccc2cncn12,Noncovalent,0.0
C=CC(=O)N(C)c1ccccc1,Covalent,1.0
C=CC(=O)NC(C)c1n[nH]c(-c2cccs2)n1,Covalent,1.0
CC(C)(C)NC(=O)NCc1ccc2c(c1)C(=O)N(C1CCC(=O)NC1=O)C2,Noncovalent,0.0
C=CC(=O)N1CCCCC(SCC)C1,Covalent,1.0
CC#CC(=O)NC1c2ccccc2CCC1CO,Covalent,1.0
O=C1NCc2ccc(NC(=O)C3(c4cccc(F)c4)CCCCC3)cc21,Noncovalent,0.0
C=CC(=O)NCC[C@@H]1CCCC[C@H]1O,Covalent,1.0
O=C1CCC(N2Cc3cc(-c4nc5ccccn5c4Nc4ccccc4)ccc3C2=O)C(=O)N1,non-covalent,0.0
C=CC(=O)N(C)Cc1ccnn1CC,Covalent,1.0
O=S(=O)(F)Oc1ccc2c(c1)CCCO2,Covalent,1.0
O=S(=O)(F)CC1CCCS(=O)(=O)C1,Covalent,1.0
C=C(F)C(=O)N1CCC(C(=O)Nc2ccc3c(c2)C(=O)NC3=O)CC1,Covalent,1.0
O=C1CCC(NC(=O)c2ccccc2S(=O)(=O)N2CCCC2)C(=O)N1,Noncovalent,0.0
CC(C)(CNC(=O)CCl)C1=CCOCC1,Covalent,1.0
CN1CCN(C(=O)CCl)c2c(F)cccc21,Covalent,1.0
CCNC(=O)c1cccc(NC(=O)CCl)c1,Covalent,1.0
Cc1cc(C2(C(=O)Nc3ccc(C4CCC(=O)NC4=O)cc3)CCOCC2)on1,Noncovalent,0.0
O=C1CCC(N2Cc3cc(-c4cccc5oncc45)ccc3C2=O)C(=O)N1,Noncovalent,0.0
O=C1CCC(CSc2ncccn2)C(=O)N1,non-covalent,0.0
C=CC(=O)Nc1cccnc1-n1cccn1,Covalent,1.0
C=CC(=O)NCCc1ccc(F)cn1,Covalent,1.0
COc1ccc(CNC(=O)[C@@H]2O[C@H]2C)c(O)c1,Covalent,1.0
COC(=O)c1sccc1NC(=O)CCl,Covalent,1.0
O=Cc1c[nH]nc1-c1ccc(Br)cc1,Covalent,1.0
C=CC(=O)N(C)C(C(N)=O)c1cccc(F)c1,Covalent,1.0
C=CS(=O)(=O)N1CCC2(CCCCO2)C1,Covalent,1.0
Cc1ncc(C(=O)N[C@@H]2CCC(=O)NC2=O)n1-c1ccccc1,Noncovalent,0.0
O=C1CCC(N2Cc3ccc(-c4ccoc4)cc3C2=O)C(=O)N1,Noncovalent,0.0
COc1cc2nccc(-c3cccc4c3CNC4=O)c2cc1C(N)=O,Noncovalent,0.0
O=C(CCl)NCc1cnn(-c2ccccc2)c1,Covalent,1.0
O=S(=O)(F)C1CCCNCC1,Covalent,1.0
C=CC(=O)NC(C)Cc1ccc(Cl)s1,Covalent,1.0
O=C1CCC(N2Cc3cc(NCc4ccoc4)ccc3C2=O)C(=O)N1,Noncovalent,0.0
O=C1CCC(n2cc(Cn3cc(Br)cn3)nn2)C(=O)N1,Noncovalent,0.0
COc1cc(-c2ccc3c(c2)CN(C2CCC(=O)NC2=O)C3=O)ccn1,Noncovalent,0.0
COc1ncncc1-c1cccc2c1CN(C1CCC(=O)NC1=O)C2=O,Noncovalent,0.0
O=C1CCC(N2C(=O)c3ccc(OCC4CC4)cc3C2=O)C(=O)N1,Noncovalent,0.0
COc1ccc(-n2ncc(C(=O)N[C@@H]3CCC(=O)NC3=O)c2C(F)(F)F)nn1,Noncovalent,0.0
O=C1CCC(NC(=O)c2cn3cc(Br)cc(Cl)c3n2)C(=O)N1,Noncovalent,0.0
C=CC(=O)NCCc1ccnc2ccccc12,Covalent,1.0
C=CC(=O)NC1c2ccccc2CCC1N(C)C,Covalent,1.0
O=C1CCC(N2Cc3c(NC(=O)[C@@H](O)C4CCCC4)cccc3C2=O)C(=O)N1,Noncovalent,0.0
O=C1CCC(NC(=O)c2sc(-c3ccccc3)nc2C(F)F)C(=O)N1,Noncovalent,0.0
CC(C(=O)Nc1cccc2c1C(=O)N(C1CCC(=O)NC1=O)C2)C1CCCC1,Noncovalent,0.0
C=CC(=O)NCc1c(C2CC2)cnn1C,Covalent,1.0
O=C1CCC(NC(=O)c2c(C(F)F)nc3n2CCCC3)C(=O)N1,Noncovalent,0.0
C=CC(=O)N(Cc1ccc(C)c(C)c1)c1cccc2c1CNC2=O,Covalent,1.0
CN(C(=O)CCl)C1CCCc2ccccc21,Covalent,1.0
O=C1CCC(N2Cc3cccc(F)c3C2=O)C(=O)N1,Noncovalent,0.0
CC#CC(=O)NCC1CCOC(C(C)C)C1,Covalent,1.0
CC#CC(=O)NCCN1CCOCC1=O,Covalent,1.0
Nc1cc(Br)cc2c1C(=O)N(C1CCC(=O)NC1=O)C2=O,non-covalent,0.0
CCc1cccc2c(C=C(C#N)C(N)=O)c[nH]c12,Covalent,1.0
CN(Cc1ncc(Br)cn1)C1CCC(=O)NC1=O,Noncovalent,0.0
CC(C)(C)n1cc(-c2cccc3c2CN(C2CCC(=O)NC2=O)C3=O)cn1,Noncovalent,0.0
OB(O)c1ccnc(C(F)(F)F)c1,Covalent,1.0
C=CC(=O)NC1CCSC2(CCC2)C1,Covalent,1.0
C=CC(=O)N[C@H]1COC[C@H]1CO,Covalent,1.0
O=C1CCC(NC(=O)c2cscn2)C(=O)N1,Noncovalent,0.0
COC(CNC(=O)CCl)C1CCOC1,Covalent,1.0
O=C1CCC(Nc2ccc(NC(=O)c3cncc(-n4ccnc4)n3)cc2)C(=O)N1,Noncovalent,0.0
Cc1nn2c(c1C(=O)Nc1ccc(C3CCC(=O)NC3=O)cc1)CNCC2,Noncovalent,0.0
O=S(=O)(F)c1ncc2ccccn12,Covalent,1.0
O=C(C=Cc1ccc(Cl)cc1)Nc1cccc2c1C(=O)NC2=O,Covalent,1.0
Fc1cc(Cl)c(OCC2CO2)cn1,Covalent,1.0
O=C1CCC(N2Cc3cc(NC(=O)C4=NC5C=CC=CC5=N4)ccc3C2=O)C(=O)N1,non-covalent,0.0
CC=CC(=O)Nc1ccc2c(c1)C(=O)N(C1CCC(=O)NC1=O)C2,Covalent,1.0
O=C(O)CCCCNC(=O)c1ccc2c(c1)CN(C1CCC(=O)NC1=O)C2=O,Noncovalent,0.0
O=C1CCC(n2cc(-c3cccc(Cl)c3)nn2)C(=O)N1,Noncovalent,0.0
O=C1CCC(NC(=O)c2cc(NC3CC3)ncc2Cl)C(=O)N1,Noncovalent,0.0
O=C1OCc2cc(OCC3CO3)ccc21,Covalent,1.0
C=CC(=O)N(C)Cc1ccnc2ccccc12,Covalent,1.0
C[C@@H](NC(=O)CCl)c1ccc(F)cc1,Covalent,1.0
O=C(CCl)N1CCCc2cc(F)cc(F)c21,Covalent,1.0
CCn1ncnc1CN(C#N)c1ccc(F)cc1,Covalent,1.0
NS(=O)(=O)c1cc(Nc2ccc(C3CCC(=O)NC3=O)cc2)ccn1,Noncovalent,0.0
CN(c1cc2sc(Cl)nc2cn1)C1CCC(=O)NC1=O,Noncovalent,0.0
COc1ccn2cc(C(=O)Nc3ccc4c(c3)CN(C3CCC(=O)NC3=O)C4=O)nc2c1,non-covalent,0.0
CCn1cc(C(=O)Nc2cccc(C3CC(=O)NC(=O)C3)c2)cn1,Noncovalent,0.0
Cc1ccc(S(=O)(=O)F)c2cccnc12,Covalent,1.0
CC#CC(=O)NC(CC)c1cocn1,Covalent,1.0
CCN1CCCC[C@@H]1[C@@H](C)Oc1ccc2c(c1)CN(C1CCC(=O)NC1=O)C2=O,non-covalent,0.0
O=C(O)c1cc(OS(=O)(=O)F)cs1,Covalent,1.0
CC#CCNC(=O)c1cccc2c1CN(C1CCC(=O)NC1=O)C2=O,Noncovalent,0.0
CCOC1(C(=O)NCc2cc(C(=O)NC3CCC(=O)NC3=O)co2)CCOC1,Noncovalent,0.0
C=CS(=O)(=O)c1cc(OC)ccc1[N+](=O)[O-],Covalent,1.0
O=C1CCC(N2Cc3c(NC(=O)[C@@H]4CC=CCC4)cccc3C2=O)C(=O)N1,Noncovalent,0.0
CC(C)c1ccc(C(=O)NC2CCC(=O)NC2=O)cc1,Noncovalent,0.0
O=C1CCC(NC(=O)c2coc(OCC(F)(F)F)n2)C(=O)N1,Noncovalent,0.0
CN(CC(=O)N1CCC(O)CC1)C(=O)CCl,Covalent,1.0
O=C1CCC(c2cccc(NC(=O)Cn3nnc(-c4ccco4)n3)c2)C(=O)N1,Noncovalent,0.0
NCc1ncc(C(=O)NC2CCC(=O)NC2=O)c(C(F)(F)F)n1,Noncovalent,0.0
N[C@@H]1CCC[C@H](CNC(=O)c2cccc3c2CN(C2CCC(=O)NC2=O)C3=O)C1,Noncovalent,0.0
N#Cc1ccc(S(=O)(=O)F)nc1,Covalent,1.0
O=C1CCC(N2Cc3c(cccc3-c3cccc(C(F)(F)F)c3)C2=O)C(=O)N1,Noncovalent,0.0
C[C@]1(C(F)F)C[C@H]1C(=O)Nc1cccc2c1CN(C1CCC(=O)NC1=O)C2=O,Noncovalent,0.0
CC(Cl)C(=O)N1CC2C3C=CC(O3)C2C1,Covalent,1.0
CCC(C)n1nccc1C(=O)NC1CCC(=O)NC1=O,Noncovalent,0.0
CN1CCN(Cc2ccc(CNc3cccc4c3CN(C)N(C3CCC(=O)NC3=O)C4=O)cc2)CC1,non-covalent,0.0
c1coc(COCC2CO2)c1,Covalent,1.0
CCc1c(C)nn2c(C)cc(C(=O)NC3CCC(=O)NC3=O)nc12,Noncovalent,0.0
CN(CCC#N)CC(=O)Nc1ccc2c(c1)C(=O)N(C1CCC(=O)NC1=O)C2=O,Noncovalent,0.0
O=C1CCC(c2ccc(NC(=O)c3cc(Cl)c4c(c3)CCCN4)cc2)C(=O)N1,Noncovalent,0.0
CC(C)(C)c1ccc(C(O)c2cn(C3CCC(=O)NC3=O)nn2)cc1,Noncovalent,0.0
O=C(NC1CCCc2nccnc21)C12CC1C2,Covalent,1.0
C=CC(=O)NC(C)C(=O)N1CCCCC1C,Covalent,1.0
Cc1ccc(C=C(C#N)C(=O)NC(N)=O)o1,Covalent,1.0
C=CS(=O)(=O)N1CCc2ccn(C)c2C1,Covalent,1.0
CN1C(=O)c2cccc(NC(=O)CCl)c2C1=O,Covalent,1.0
CC(Cl)C(=O)N1CCOCC1C(F)(F)F,Covalent,1.0
Nc1cccc(NC2CCC(=O)NC2=O)c1,Noncovalent,0.0
O=C1CC[C@H](NC(=O)c2ccc3ccccc3c2)C(=O)N1,Noncovalent,0.0
CC(C)(C)c1nnc(NC(=O)CCl)s1,Covalent,1.0
Cn1cc(C(=O)NC2CCC(=O)NC2=O)c2c(c1=O)CCCC2,Noncovalent,0.0
COCC(C)(C)N(C)C(=O)c1ccc2c(c1)C(=O)N(C1CCC(=O)NC1=O)C2,Noncovalent,0.0
CC1CCN(Cc2ccc(COc3cccc4c3CN(C3CCC(=O)NC3=O)C4=O)cc2)CC1,non-covalent,0.0
O=C1CCC(N2C(=O)c3c(F)c(F)c(F)c(F)c3C2=O)C(=O)N1,Noncovalent,0.0
Cc1nn(C)c2c1N(C(=O)C(F)Cl)CCO2,Covalent,1.0
C=CC(=O)N1CC(C)(C)OC2(CCCOC2)C1,Covalent,1.0
C=CC(=O)NCc1cccc(C(F)F)c1,Covalent,1.0
Cn1cc(S(=O)(=O)F)c(-c2ccccc2)n1,Covalent,1.0
O=C1CN(/N=C/C=C/c2ccc([N+](=O)[O-])o2)C(=O)N1,non-covalent,0.0
Cc1ccc(-n2ncc(C(=O)NC3CCC(=O)NC3=O)c2C)cc1,Noncovalent,0.0
C=CC(=O)Nc1ncccn1,Covalent,1.0
C[C@H](NC(=O)c1ccc2c(c1)CN(C1CCC(=O)NC1=O)C2=O)C(=O)O,Noncovalent,0.0
O=C(CCl)NCC1CCCc2ccccc21,Covalent,1.0
C=CC(=O)Nc1cnc(OC)cn1,Covalent,1.0
COc1cc(S(=O)(=O)F)ccn1,Covalent,1.0
CC#Cc1ccccc1B(O)O,Covalent,1.0
CC1CCc2sc(C(=O)NC3CCC(=O)NC3=O)cc2C1,Noncovalent,0.0
C=CC(=O)N1CCC(c2cc3ccccc3[nH]2)C1,Covalent,1.0
C=CS(=O)(=O)N[C@@H](CO)c1ccccc1,Covalent,1.0
O=C1CCC(Nc2ncnc3ccc(OC(F)(F)F)cc23)C(=O)N1,Noncovalent,0.0
O=S(=O)(F)Oc1cccc(C2CC2)c1F,Covalent,1.0
CC#CC(=O)NCCc1nc(C)cs1,Covalent,1.0
O=C1CCC(c2ccc(NC(=O)C3(c4ccnc5ccccc45)CC3)cc2)C(=O)N1,Noncovalent,0.0
Cc1cc(=O)n(-c2ccccc2)c(C)c1C(=O)NC1CCC(=O)NC1=O,Noncovalent,0.0
O=C1CCC(NC(=O)c2n[nH]c3cc(Br)cnc23)C(=O)N1,Noncovalent,0.0
O=C1CCC(NC(=O)c2cn(CC3CC3)nc2-c2ccc(Cl)cc2)C(=O)N1,Noncovalent,0.0
CCC1(NC(=O)c2ccc(-c3ccncc3)nc2)CCC(=O)NC1=O,Noncovalent,0.0
Nc1cccc(C2CCC(=O)NC2=O)c1,Noncovalent,0.0
c1ncn(CC2CC3OC3C2)n1,Covalent,1.0
O=C1CCC(N2C(=O)c3cccc(N4CCC(F)(F)C4)c3C2=O)C(=O)N1,non-covalent,0.0
O=C1CCC(NC(=O)c2cc(-c3cccc(-c4nn[nH]n4)c3)no2)C(=O)N1,Noncovalent,0.0
CC(C)C(=O)Nc1ccc2c(c1)C(=O)N(C1CCC(=O)NC1=O)C2,Noncovalent,0.0
O=C1CCC(NC(=O)c2ccnc(COc3ccccc3)n2)C(=O)N1,Noncovalent,0.0
C=CC(=O)N1CCN(c2ncc(F)cn2)CC1,Covalent,1.0
O=C(Cc1ccccc1)NCc1cccc2c1C(=O)N(C1CCC(=O)NC1=O)C2,non-covalent,0.0
O=C1CCC(NC(=O)c2cc(CNC(=O)c3cnn4c3CCC4)n[nH]2)C(=O)N1,Noncovalent,0.0
CN(CC(=O)Nc1ccc(NC2CCC(=O)NC2=O)cc1)C(=O)c1ccoc1,Noncovalent,0.0
O=C1CCC(NC(=O)c2ccc3[nH]nnc3n2)C(=O)N1,Noncovalent,0.0
O=C(CCl)NCCC(=O)N1CCCCCC1,Covalent,1.0
O=C1CCC(NC(=O)c2ccc(Oc3ccc(-c4nn[nH]n4)cn3)cc2)C(=O)N1,Noncovalent,0.0
N#CC(=Cc1cc2cc(F)ccc2o1)C(N)=O,Covalent,1.0
N#Cc1n[nH]c2cc(C(=O)NC3CCC(=O)NC3=O)ccc12,Noncovalent,0.0
COc1cc(CNc2ccc3c(c2)CN(C2CCC(=O)NC2=O)C3=O)c(OC)c2ccccc12,non-covalent,0.0
O=C1CCC(N2Cc3cc(-c4nccc5nccnc45)ccc3C2=O)C(=O)N1,Noncovalent,0.0
C=CC(=O)N(C)Cc1cnc(-n2cccn2)s1,Covalent,1.0
Cn1nc(C(=O)Nc2cccc(C3CC(=O)NC(=O)C3)c2)cc1O,Noncovalent,0.0
C=CC(=O)N1CCCC1Cc1cccc(F)c1,Covalent,1.0
CC(c1ccc(F)c(F)c1)N(C)C(=O)CCl,Covalent,1.0
Cc1cccc(C(=O)NC2CCC(=O)NC2=O)c1NC(=O)c1ccncc1,Noncovalent,0.0
C=CC(=O)NCc1nc2ccccc2n1C1CC1,Covalent,1.0
C=CC(=O)Nc1cnn(C2CCOCC2)c1C,Covalent,1.0
O=C1CCC(NC(=O)c2cnn(-c3ccncc3)c2C(F)F)C(=O)N1,Noncovalent,0.0
CC(C)C1CC(CNC(=O)CCl)CCO1,Covalent,1.0
O=C1CCC(N2Cc3cc(F)ccc3C2=O)C(=O)N1,Noncovalent,0.0
Cc1nn2cc(C(=O)NC3CCC(=O)NC3=O)cnc2c1Br,Noncovalent,0.0
CN(C)c1cc(C(=O)NC2CCC(=O)NC2=O)nnc1C1CC1,Noncovalent,0.0
COc1ccc2cc(OC)c(CNc3ccc4c(c3)CN(C3CCC(=O)NC3=O)C4=O)cc2c1,non-covalent,0.0
COCCOc1nc(C)cc(NC2CCC(=O)NC2=O)n1,Noncovalent,0.0
CCOc1cncc(NC(=O)CCl)n1,Covalent,1.0
CCCNC(=O)C(C#N)=Cc1ccns1,Covalent,1.0
CC(c1cnn(C)c1)N(C)C(=O)CCl,Covalent,1.0
CC1(CNC(=O)c2ccc3c(c2)CN(C2CCC(=O)NC2=O)C3=O)CCNC1,Noncovalent,0.0
O=S(=O)(F)c1cc(C(F)F)ccn1,Covalent,1.0
CC(CC1CCOCC1)NC(=O)CCl,Covalent,1.0
Cc1oc(NC(=O)CCl)c(C#N)c1C,Covalent,1.0
O=C1CCC(N2Cc3ccc(S(=O)(=O)F)cc3C2)C(=O)N1,non-covalent,0.0
C=CC(=O)NCCn1nnc2ccccc21,Covalent,1.0
Nc1n[nH]c2c(CN3CC(F)C3)cc(-c3ccc4c(c3)CN(C3CCC(=O)NC3=O)C4=O)nc12,non-covalent,0.0
C=CC(=O)NCC1(c2cccs2)CCCC1,Covalent,1.0
O=C1CCC(NC(=O)c2ncc3n2CCCC3)C(=O)N1,Noncovalent,0.0
C=CC(=O)N1CCS(=O)(=O)C(C)C1C,Covalent,1.0
C=CS(=O)(=O)NCC1CCN(C(C)C)C1,Covalent,1.0
O=C(NC1(COc2ccccc2)CC1)C12CC1C2,Covalent,1.0
CC(C)(CC(=O)O)NC(=O)c1ccc2c(c1)CN(C1CCC(=O)NC1=O)C2=O,Noncovalent,0.0
CN1C(=O)CCC(N2Cc3cc(-c4nc5ccccn5c4NC(C)(C)C)ccc3C2=O)C1=O,non-covalent,0.0
C=CC(=O)Nc1ccc(C2CC2)nn1,Covalent,1.0
C=CC(=O)N1Cc2ccc(OC)cc2C2(CC2)C1,Covalent,1.0
O=C1CCC(N2Cc3c(C(=O)N4Cc5ccccc5C4)cccc3C2=O)C(=O)N1,Noncovalent,0.0
Nc1ccc(C(=O)NC2CCC(=O)NC2=O)c2ncccc12,non-covalent,0.0
C=CC(=O)N1CCN(c2cnn(C)c2)CC1,Covalent,1.0
COc1cc(NC(=O)C(C)C)c(C(=O)OC2CCC(=O)NC2=O)cc1OC,Noncovalent,0.0
O=C(C(F)Cl)N1CC(Oc2nccs2)C1,Covalent,1.0
O=C1CCC(N2Cc3cc(NCc4ccn5nccc5c4)ccc3C2=O)C(=O)N1,Noncovalent,0.0
CCn1ccc(CC(=O)NCc2nc(C(=O)NC3CCC(=O)NC3=O)co2)n1,Noncovalent,0.0
O=C1CCC(N2Cc3cc(CNC(=O)c4c[nH]c5ccccc5c4=O)ccc3C2=O)C(=O)N1,non-covalent,0.0
O=C1CCC(N2Cc3ccc(C(=O)Nc4c[nH]nc4C(=O)O)cc3C2=O)C(=O)N1,Noncovalent,0.0
CCCNC(=O)C(C#N)=Cc1cncc(OC)c1,Covalent,1.0
OB(O)c1ccc(OCC2CC2)cc1,Covalent,1.0
O=C(CCl)N1C[C@H]2CCC[C@H]2C12CC2,Covalent,1.0
C=CC(=O)NCCN1C(=O)CNC1=O,Covalent,1.0
O=C1CCC(NC(=O)c2cnc(Oc3ccccc3)cn2)C(=O)N1,Noncovalent,0.0
O=C1CC[C@H](C(=O)NCc2cccc(S(=O)(=O)F)c2)N1,non-covalent,0.0
C=CS(=O)(=O)NC(CC)C(C)(C)C(=O)OC,Covalent,1.0
C[C@@H]1O[C@H]1C(=O)Nc1ccc2c(c1)NC(=O)CO2,Covalent,1.0
CCOC(C(=O)Nc1cccc(NC2CCC(=O)NC2=O)c1)C1CCOCC1,Noncovalent,0.0
Cc1cc(-c2cccc3c2CN(C2CCC(=O)NC2=O)C3=O)ccn1,Noncovalent,0.0
O=C1CCC(c2ccc(NC(=O)C3CC(=O)N(Cc4ccco4)C3)cc2)C(=O)N1,Noncovalent,0.0
C=CC(=O)NC(C)c1ccns1,Covalent,1.0
C=CC(=O)N(Cc1c(F)cc(F)cc1F)c1ccc2c(c1)C(=O)NC2,Covalent,1.0
O=S(=O)(F)c1cccc(N2CCNCC2)c1,Covalent,1.0
COc1ccc2[nH]c(C(=O)NC3CCC(=O)NC3=O)cc2c1OC(F)F,Noncovalent,0.0
CC(C)OC(=O)C(C#N)=Cc1ccc(O)nc1,Covalent,1.0
CCNC(=O)c1cccc(OS(=O)(=O)F)c1,Covalent,1.0
C=CC(=O)Nc1ccc2occc(=O)c2c1,Covalent,1.0
CCc1nc(C(=O)NC2CCC(=O)NC2=O)c2ccccn12,Noncovalent,0.0
CC(C)c1sc(Cl)nc1C(=O)NC1CCC(=O)NC1=O,Noncovalent,0.0
CC#CC(=O)NCC1(S(N)(=O)=O)CCC1,Covalent,1.0
Cn1nc(C2CCC(=O)NC2=O)c2cccc(N)c21,non-covalent,0.0
Cc1cc(C(=O)NC2CCC(=O)NC2=O)ccc1NC(=O)CC(C)C,Noncovalent,0.0
COc1cc(C#N)cc(OCC2CO2)c1,Covalent,1.0
C=CS(=O)(=O)NCC1(c2ccon2)CC1,Covalent,1.0
C=CC(=O)N1CCCCCC1c1ncon1,Covalent,1.0
Nc1ccc(CNC(=O)c2ccc3c(c2)C(=O)N(C2CCC(=O)NC2=O)C3)cc1,Noncovalent,0.0
Cc1cc(Nc2ccc(F)c(N3CCC(=O)NC3=O)c2)nc(C2CCCOC2)n1,Noncovalent,0.0
COc1ccc2c(c1)C(C(=O)Nc1ccc(C3CCC(=O)NC3=O)cc1)CCN2,Noncovalent,0.0
O=C1CCC(N2Cc3cc(NC(=O)COCCOCCOCc4ccccc4)ccc3C2=O)C(=O)N1,non-covalent,0.0
Cc1cc(C(=O)Nc2cccc3c2CN(C2CCC(=O)NC2=O)C3=O)ncn1,Noncovalent,0.0
CN1C(=O)CCC(N2Cc3cc(CNC(=O)Nc4ccc(F)cc4)ccc3C2=O)C1=O,non-covalent,0.0
CN1C(=O)CCC(NC(=O)c2cc3c([nH]2)CCCC3)C1=O,Noncovalent,0.0
CC1CN(C(=O)CCl)CCO1,Covalent,1.0
CCC(NC(=O)C12CC1C2)c1c(C)noc1C,Covalent,1.0
CCCCc1cc(C(=O)NC2CCC(=O)NC2=O)c(C)o1,Noncovalent,0.0
O=C1CCC(NC(=O)c2sccc2S(=O)(=O)NCc2ccco2)C(=O)N1,Noncovalent,0.0
C=CC(=O)NCc1noc(C(C)(C)C)n1,Covalent,1.0
C#CC(=O)NCC1CCCN(c2ncccn2)C1,Covalent,1.0
CN1C(=O)CCC(Nc2cc(C(F)(F)F)nc3ncnn23)C1=O,Noncovalent,0.0
O=C1c2ccccc2C(=O)N1C[C@H]1CO1,Covalent,1.0
CC1(CNC(=O)c2cccc3c2CN(C2CCC(=O)NC2=O)C3=O)CCNCC1,Noncovalent,0.0
Cc1cc(C)cc(-c2cn(C3CCC(=O)NC3=O)nn2)c1,Noncovalent,0.0
O=C1CC[C@@H](NC(=O)c2cnn(C3CCCC3)c2-c2ccccc2)C(=O)N1,Noncovalent,0.0
Nc1cc(Br)cc2c1CN(C1CCC(=O)NC1=O)C2=O,non-covalent,0.0
O=C1CCC(NC(=O)c2ccc(-c3ccccc3)cn2)C(=O)N1,Noncovalent,0.0
O=C(O)CCCCNc1cccc2c1C(=O)N(C1CCC(=O)NC1=O)C2=O,Noncovalent,0.0
CCc1cc(C(=O)NC2CCC(=O)NC2=O)sc1-c1ccccc1,Noncovalent,0.0
C=CC(=O)N1CC(COC)(c2ccccc2)C1,Covalent,1.0
Cc1c(C(=O)NC2CCC(=O)NC2=O)[nH]c(=O)c2ccccc12,Noncovalent,0.0
O=C1NCc2c(OCC(=O)N3CCN(c4ccccc4F)CC3)cccc21,Noncovalent,0.0
CN1CCC(C)(C(=O)Nc2ccc(C3CC(=O)NC(=O)C3)cc2)C1=O,Noncovalent,0.0
O=C1CCC(NC(=O)c2cc3cc(F)cc(F)c3[nH]2)C(=O)N1,Noncovalent,0.0
COC(=O)c1nc(NC(=O)Cn2cnc(C)c(C)c2=O)sc1CCc1cccc(Cl)c1,non-covalent,0.0
O=C1CCC(Sc2ccccc2)C(=O)N1,Noncovalent,0.0
O=C1CCC(NC(=O)c2ccc(C(F)(F)C(F)(F)F)s2)C(=O)N1,Noncovalent,0.0
O=C1CCC(NC(=O)c2ccoc2CNC(=O)c2c[nH]c3ncccc23)C(=O)N1,Noncovalent,0.0
Cn1nnc2cc(C(=O)NC3CCC(=O)NC3=O)cc(Br)c21,Noncovalent,0.0
C=CC(=O)NCC1(C)COC(=O)N1,Covalent,1.0
Cc1cc(C)n(-c2ccc(Cl)c(C(=O)NC3CCC(=O)NC3=O)n2)n1,Noncovalent,0.0
C=CC(=O)N1CCCc2c1ccc(C)c2C(=O)O,Covalent,1.0
C=CS(=O)(=O)Nc1cc2c(cc1C)OCO2,Covalent,1.0
OB(O)c1cc2ncccc2s1,Covalent,1.0
CC1Cc2ccccc2N1Cc1occc1C(=O)NC1CCC(=O)NC1=O,Noncovalent,0.0
C=CC(=O)N1Cc2cccc(OC)c2C1,Covalent,1.0
Cc1cc(-c2[nH]ncc2C(=O)NC2CCC(=O)NC2=O)ccc1F,Noncovalent,0.0
C=CC(=O)NCCc1nccs1,Covalent,1.0
C=CC(=O)N1CCCC(n2cc(C(=O)O)cn2)C1,Covalent,1.0
O=C1CCN(c2ccccc2)C(=O)N1,non-covalent,0.0
COc1cc(C)nc(Cn2cc(C(=O)NC3CCC(=O)NC3=O)nn2)c1,Noncovalent,0.0
CC(C)C(NC(=O)CCl)c1cccs1,Covalent,1.0
O=C1CCC(Nc2ncnc3c2CCCC3)C(=O)N1,Noncovalent,0.0
CC[C@@H](NC(=O)c1ccc2c(c1)C(=O)N(C1CCC(=O)NC1=O)C2)C(=O)O,Noncovalent,0.0
C=CC(=O)N1C[C@@H](O)C[C@H]1C(=O)OC(C)(C)C,Covalent,1.0
C=CC(=O)N(C)[C@H](C)c1ccccc1OC,Covalent,1.0
COc1cc(-c2ccc3c(c2)CN(C2CCC(=O)NC2=O)C3=O)cc2[nH]ncc12,Noncovalent,0.0
COc1ccc(-c2ccc3c(c2)CN(C2CCC(=O)NC2=O)C3=O)nn1,Noncovalent,0.0
OB(O)c1ccc(Cn2cccn2)c(F)c1,Covalent,1.0
CC#CC(=O)NC1CC(=O)N(C2CC2C)C1,Covalent,1.0
N#CN(CCn1cncn1)c1ccccc1,Covalent,1.0
C=CC(=O)N1CCN(C(=O)CC)C1,Covalent,1.0
O=C1CCC(c2ccc(NC(=O)C3CCCc4cncn43)cc2)C(=O)N1,Noncovalent,0.0
C=CC(=O)N(CC1CCOCC1)C1CCC1,Covalent,1.0
O=C1CCC(NC(=O)c2cc(C3CC3)nc3ccnn23)C(=O)N1,Noncovalent,0.0
O=C(CCl)NCc1nccc(C(F)F)n1,Covalent,1.0
Cc1cccnc1C(=O)Nc1ccc2c(c1)C(=O)N(C1CCC(=O)NC1=O)C2,Noncovalent,0.0
CSc1ccc(NC(=O)CCl)cc1,Covalent,1.0
COc1ccc(-c2cn(C3CCC(=O)NC3=O)nn2)nc1,Noncovalent,0.0
c1cc(OCC2CO2)c2cc[nH]c2c1,Covalent,1.0
COc1cc(F)ccc1C1N=C(Nc2cccc3c2CN(C2CCC(=O)NC2=O)C3=O)C=CN1,non-covalent,0.0
O=S(=O)(F)Oc1ccc(N2CCCC2)cc1,Covalent,1.0
Cc1ccc(CNC(=O)C2CO2)cc1C#N,Covalent,1.0
Cc1nn(C2CCOC2)cc1C(=O)Nc1ccc(C2CCC(=O)NC2=O)cc1,Noncovalent,0.0
C=CC(=O)N(CC(C)O)c1c(C)cccc1C,Covalent,1.0
CC(=O)Nc1ccc(C=C(C#N)C(N)=O)cc1,Covalent,1.0
C=CS(=O)(=O)N1CCCC[C@@H]1c1ccon1,Covalent,1.0
Cc1nc(C2CCNCC2)[nH]c1C(=O)NC1CCC(=O)NC1=O,Noncovalent,0.0
NCCCCC(=O)Nc1cccc2c1C(=O)N(C1CCC(=O)NC1=O)C2=O,Noncovalent,0.0
OB(O)c1cccc2c1OCCCO2,Covalent,1.0
CCOC(=O)c1nc(C(=O)NC2CCC(=O)NC2=O)cs1,Noncovalent,0.0
CCc1nc(Nc2ccc(C3CCC(=O)NC3=O)cc2)c2ccsc2n1,Noncovalent,0.0
C=CC(=O)NCC1(SC)CCCCC1,Covalent,1.0
NCCCCCC(=O)Nc1cccc2c1C(=O)N(C1CCC(=O)NC1=O)C2=O,Noncovalent,0.0
CCC1(c2ccc(NC(C)=O)cc2)CCC(=O)NC1=O,Noncovalent,0.0
CNCCn1cc(-c2ccc3c(c2)C(=O)N(C2CCC(=O)NC2=O)C3)cn1,Noncovalent,0.0
CN(c1cc(C(F)(F)F)nc(-c2ccccc2)n1)C1CCC(=O)NC1=O,Noncovalent,0.0
CC(=O)Nc1ccc(S(=O)(=O)F)s1,Covalent,1.0
COc1c(C(=O)NC2CCC(=O)NC2=O)cnc2ccc(Br)cc12,Noncovalent,0.0
O=C1CC[C@H](NC(=O)c2cc3ccccc3c3[nH]cnc23)C(=O)N1,Noncovalent,0.0
C=CC(=O)NC1CCN(c2nccs2)CC1,Covalent,1.0
CC#CC(=O)NCC1CCC(C(F)(F)F)C1,Covalent,1.0
COC(=O)Cn1ccc(NC(=O)C(F)Cl)n1,Covalent,1.0
O=C(NC1CCOCC1)C12CC1C2,Covalent,1.0
CCc1nn(C)c(CC)c1CNc1ccc(C2(CC)CCC(=O)NC2=O)cc1,Noncovalent,0.0
C=CS(=O)(=O)NCC1CCCC(F)(F)C1,Covalent,1.0
Nc1nc2ccccn2c1C(=O)c1ccc2c(c1)CN(C1CCC(=O)NC1=O)C2=O,non-covalent,0.0
OB(O)c1cccc2nonc12,Covalent,1.0
Cc1nc(CC(C)C)oc1C(=O)NC1CCC(=O)NC1=O,Noncovalent,0.0
COc1cccc([C@H]2C[C@H](NC(=O)C3CO3)C2)c1,Covalent,1.0
CC(C)c1nnc(NC(=O)CCl)s1,Covalent,1.0
Nc1cccc2c1CN(C1CCC(=O)NC1=O)C2=O,Noncovalent,0.0
C=CC(=O)N1CCSc2ccccc2C1,Covalent,1.0
O=C(Nc1cccc2c1C(=O)NC2)c1csc(-c2ccc(F)cc2)n1,Noncovalent,0.0
CC(C)[C@@H]1C[C@H]1C(=O)Nc1cccc2c1CN(C1CCC(=O)NC1=O)C2=O,Noncovalent,0.0
Cc1ccccc1-n1nc(C)c(C(=O)NC2CCC(=O)NC2=O)c1C,Noncovalent,0.0
C=CC(=O)NC(c1cc(F)ccc1F)C(F)F,Covalent,1.0
C=CC(=O)NC(C)c1cn(-c2ccccc2)nn1,Covalent,1.0
O=S(=O)(F)CCOc1cccc2c1OCO2,Covalent,1.0
C=CC(=O)Nc1sc(C(C)C)nc1C,Covalent,1.0
Cc1cncc(-c2ccc3c(c2)CN(C2CCC(=O)NC2=O)C3=O)n1,Noncovalent,0.0
CN(c1cc(C2CCCCC2)ncn1)C1CCC(=O)NC1=O,Noncovalent,0.0
C=CC(=O)N1CCCC1(C)Cc1ccccc1F,Covalent,1.0
CN1CC(CCNC(=O)CCl)CC1=O,Covalent,1.0
O=C1CCC(NC(=O)c2cncc3c(=O)[nH]ccc23)C(=O)N1,Noncovalent,0.0
CCCCN(C)c1ccc(C(F)(F)F)cc1C(=O)NC1CCC(=O)NC1=O,Noncovalent,0.0
Cc1noc2nc(C(C)C)cc(C(=O)NC3CCC(=O)NC3=O)c12,Noncovalent,0.0
O=C1CCC(N2Cc3cc(-c4cc(NCC5CC5)ncn4)ccc3C2=O)C(=O)N1,Noncovalent,0.0
CC#CC(=O)NC1CCC(=O)NC1,Covalent,1.0
O=C1CCC(N2Cc3cc(-c4ccc5occc5n4)ccc3C2=O)C(=O)N1,Noncovalent,0.0
C=CC(=O)N1CC=C(c2ccnn2C)CC1,Covalent,1.0
C=CC(=O)N1CCOCC12CCOC2,Covalent,1.0
CCCc1[nH]ncc1C(=O)N1Cc2[nH]nc(C(=O)NC3CCC(=O)NC3=O)c2C1,Noncovalent,0.0
CC1CCCN1C(=O)CNC(=O)CCl,Covalent,1.0
O=C1CCC(NC(=O)c2nncc3c2CCCC3)C(=O)N1,Noncovalent,0.0
C=CC(=O)N1CCS(=O)(=O)CCC1C,Covalent,1.0
C=CC(=O)NCC1CCCC(C(F)(F)F)C1,Covalent,1.0
C=CS(=O)(=O)N(C)CC1(C)CCCO1,Covalent,1.0
C=CS(=O)(=O)N1CCOCC1(C)C1CC1,Covalent,1.0
O=C1CCC(NC(=O)c2ccc3nn(C(F)F)cc3c2)C(=O)N1,Noncovalent,0.0
CCCN1CCCC1C(=O)NCc1ocnc1C(=O)NC1CCC(=O)NC1=O,Noncovalent,0.0
O=C1CCC(NC(=O)c2cccnc2Nc2cccc(C(F)(F)F)c2)C(=O)N1,Noncovalent,0.0
O=C1COc2cc(OS(=O)(=O)F)ccc2N1,Covalent,1.0
O=C(O)CCCNc1cccc2c1C(=O)N(C1CCC(=O)NC1=O)C2=O,Noncovalent,0.0
N#Cc1c(F)c(F)cc(C(=O)NC2CCC(=O)NC2=O)c1F,Noncovalent,0.0
CC(CN1CCC(=O)NC1=O)c1ccccc1,Noncovalent,0.0
O=C(O)Cc1cccc2c1CN(C1CCC(=O)NC1=O)C2=O,Noncovalent,0.0
O=C1CCC(NC(=O)c2cccc(-n3nccc3-c3ccccc3)c2)C(=O)N1,Noncovalent,0.0
O=C1CC(c2ccc(NCc3nnc(C4CC4)s3)cc2)CC(=O)N1,Noncovalent,0.0
CC(C)(C)Nc1c(-c2ccc3c(c2)CN(C2CCC(=O)NC2=O)C3=O)nc2ccccn12,non-covalent,0.0
NCC(=O)Nc1cccc2c1C(=O)N(C1CCC(=O)NC1=O)C2=O,Noncovalent,0.0
O=C1CCC(N2Cc3c(NS(=O)(=O)c4ccoc4)cccc3C2=O)C(=O)N1,Noncovalent,0.0
CCCCNc1c(F)cc(C(=O)NC2CCC(=O)NC2=O)c(F)c1OC,non-covalent,0.0
O=C1CCC(n2cc(CCOc3ccccc3)nn2)C(=O)N1,Noncovalent,0.0
CC#CC(=O)NC1(C(N)=O)CCCC1C,Covalent,1.0
COc1nc(-c2ccc3c(c2)CN(C2CCC(=O)NC2=O)C3=O)ccc1N,Noncovalent,0.0
C=CC(=O)N1CCCC(N2CCOCC2)CC1,Covalent,1.0
O=C1CCC(NC(=O)c2nccc3cn[nH]c23)C(=O)N1,Noncovalent,0.0
CN1CCOC(COc2ccc(-c3ccc(N4CCC(=O)NC4=O)cc3)cc2)C1,Noncovalent,0.0
C=CS(=O)(=O)Nc1c(C)noc1CC,Covalent,1.0
O=C1CCC(NC(=O)c2cc(F)c3c(c2)NC(=O)CO3)C(=O)N1,Noncovalent,0.0
C=CC(=O)N[C@@H](C)c1cccc(C(F)(F)F)c1,Covalent,1.0
C=CC(=O)N[C@H](C)c1ccc(OC)c(C)c1,Covalent,1.0
CCc1cc2c(N(C)C3CCC(=O)NC3=O)nc(C)nc2s1,Noncovalent,0.0
C=CC(=O)NCc1c(F)cc(C(=O)O)cc1F,Covalent,1.0
CC(Cl)C(=O)N(C)Cc1cc(Cl)cn1C,Covalent,1.0
O=C1CCC(Nc2ccc(NC(=O)c3cc4nccn4c(=O)[nH]3)cc2)C(=O)N1,Noncovalent,0.0
C=CC(=O)N1CCc2ncnc(N(C)C)c2C1,Covalent,1.0
C=CC(=O)NC(CC)C(=O)N1CCOCC1,Covalent,1.0
O=C1CCC(NC(=O)c2cc3ncc(Br)cc3o2)C(=O)N1,Noncovalent,0.0
C=CC(=O)NC(C)Cc1c[nH]c2ccc(F)cc12,Covalent,1.0
C=CC(=O)Nc1ccn(CC(F)F)n1,Covalent,1.0
CN(C)c1cccc(C(=O)NC2CCC(=O)NC2=O)c1,Noncovalent,0.0
COc1nc(C)c(Br)cc1C(=O)NC1CCC(=O)NC1=O,Noncovalent,0.0
C#CCN(CC1CCCO1)C(=O)CCl,Covalent,1.0
Cc1cnn(C(C)C(=O)NCc2ocnc2C(=O)NC2CCC(=O)NC2=O)c1,Noncovalent,0.0
OB(O)c1ccc2cc(O)ccc2c1,Covalent,1.0
COc1cc2c(cc1OC)C(=O)N(C1CCC(=O)NC1=O)C2=O,Noncovalent,0.0
COC(=O)c1ncn(C2CCC(=O)NC2=O)c1NC(=O)c1ncccc1OC,Noncovalent,0.0
O=C(CCl)N1CCCC(C(F)(F)F)C1,Covalent,1.0
Cc1cc(Cl)cnc1S(=O)(=O)F,Covalent,1.0
O=C(CCl)Nc1ccc2c(c1)C(=O)NC2=O,Covalent,1.0
CC(CNC(=O)C1CO1)c1cccc(F)c1,Covalent,1.0
Nc1ccccc1NC(=O)c1ccc(CNc2cccc3c2C(=O)N(C2CCC(=O)NC2=O)C3=O)cc1,non-covalent,0.0
C=CC(=O)N1CC(=O)N(C)C(C)C1,Covalent,1.0
Cc1nscc1N(C)C(=O)C(F)Cl,Covalent,1.0
C=CC(=O)NC(c1ccc(Cl)nc1)C(F)F,Covalent,1.0
COc1ccc2cc(C(=O)Nc3ccc4c(c3)CN(C3CCC(=O)NC3=O)C4=O)ccc2c1,non-covalent,0.0
Cc1cc(C(=O)NC2CCC(=O)NC2=O)c2ccccc2n1,Noncovalent,0.0
C=CS(=O)(=O)NC[C@@H](C)n1ccnn1,Covalent,1.0
O=C1CCC(NC(=O)c2sc(-c3nn[nH]n3)cc2Cl)C(=O)N1,Noncovalent,0.0
O=C(CCl)NCC#Cc1ccccc1,Covalent,1.0
CCOC(=O)CCc1cn(C2CCC(=O)NC2=O)nn1,Noncovalent,0.0
Cc1c(C(=O)N[C@@H]2CCC(=O)NC2=O)oc2c1ccc1ccccc12,Noncovalent,0.0
OB(O)c1cc2cc(F)c(F)cc2s1,Covalent,1.0
O=C1CCC(N2Cc3c(cccc3-c3ccc4nc[nH]c4c3)C2=O)C(=O)N1,Noncovalent,0.0
O=C1CCC(N2C(=O)c3ccc(NC(=O)CN4CC=CCC4)cc3C2=O)C(=O)N1,Noncovalent,0.0
O=C(N1CCC(c2ccccn2)C1)C12CC1C2,Covalent,1.0
CCc1cccc(N(C#N)CCn2cncn2)c1,Covalent,1.0
C=CC(=O)N[C@H]1CCN(CC(C)(C)O)C1,Covalent,1.0
C=CC(=O)NCc1cc(OC)nc2ccccc12,Covalent,1.0
CC#CC(=O)N(Cc1c(C)noc1C)C1CC1,Covalent,1.0
CC(C)CCC(=O)Nc1ccc2c(c1)C(=O)N(C1CCC(=O)NC1=O)C2,Noncovalent,0.0
C=CC(=O)NC1CCN(C(=O)c2ccccc2)C1,Covalent,1.0
Cc1c(C(=O)NC2CCC(=O)NC2=O)sc2cc[nH]c(=O)c12,Noncovalent,0.0
O=C1CCC(NC(=O)c2ccc(NCCN3CCOCC3)c(Cl)c2)C(=O)N1,Noncovalent,0.0
Cc1cn(C)nc1B(O)O,Covalent,1.0
CC#CC(=O)N1CCOC(C2CCCO2)C1,Covalent,1.0
C=CC(=O)N1C2CCC1C(C(=O)O)C2,Covalent,1.0
O=C(CCl)NC1CCCc2ccccc21,Covalent,1.0
O=C1CCC(NC(=O)c2ccc(CNC(=O)C3CCc4cn[nH]c43)o2)C(=O)N1,Noncovalent,0.0
O=C(CCl)NC(=O)OCc1ccccc1,Covalent,1.0
O=C1CCC(N2Cc3cc(NC(=O)C4=COc5ccccc5O4)ccc3C2=O)C(=O)N1,non-covalent,0.0
C=CC(=O)NC(C)(C)C1CCOCC1,Covalent,1.0
O=C1CCC(N2C(=O)c3ccc(OCc4cccc(F)c4)cc3C2=O)C(=O)N1,Noncovalent,0.0
C=CC(=O)NC1CCN(C2CCCCC2)C1=O,Covalent,1.0
C=CC(=O)NCc1cnc(C(F)(F)F)nc1,Covalent,1.0
CC#CC(=O)N1CC(=O)N(CCC(F)(F)F)C1,Covalent,1.0
C=CS(=O)(=O)N1CCO[C@H]2CCC[C@H]21,Covalent,1.0
C#CCN(CC1CCCO1)C(=O)C=C,Covalent,1.0
COCCN1[C@H](C)CN(C(=O)CCl)C[C@@H]1C,Covalent,1.0
Cc1c[nH]c2nc(Cl)nc(NC3CCC(=O)NC3=O)c12,Noncovalent,0.0
C=CCNC(=O)C(C#N)=Cc1ccc(OC)cc1,Covalent,1.0
Cc1noc(C)c1B(O)O,Covalent,1.0
O=C1CCC(NC(=O)c2ccn3cccc3c2)C(=O)N1,Noncovalent,0.0
C=CC(=O)N1CCC2(CC1)CC2(C#N)CO,Covalent,1.0
Cc1cc(OCC2CC2)ccc1B(O)O,Covalent,1.0
CC(C)(C)c1nc(CNC(=O)CCl)cs1,Covalent,1.0
Cc1c(Br)cnc(O)c1C(=O)NC1CCC(=O)NC1=O,Noncovalent,0.0
CC(NC(=O)C(F)Cl)c1nnnn1C1CC1,Covalent,1.0
CN(Cc1ccco1)C(=O)CCl,Covalent,1.0
O=C1CC[C@@H](NC(=O)c2cscc2C2CCCC2)C(=O)N1,Noncovalent,0.0
CCN1CCC2(CC2)[C@@H](Oc2ccc3c(c2)CN(C2CCC(=O)NC2=O)C3=O)C1,non-covalent,0.0
C=CC(=O)NC1CCN(Cc2ccnn2C)CC1,Covalent,1.0
C=CC(=O)NC(C)(C)C1CCCCO1,Covalent,1.0
CC#CC(=O)N(CC)Cc1cccc2[nH]ccc12,Covalent,1.0
C=CS(=O)(=O)NC(C)c1nnnn1C1CC1,Covalent,1.0
N#Cc1ccsc1C(=O)Nc1ccc2c(c1)C(=O)N(C1CCC(=O)NC1=O)C2,Noncovalent,0.0
O=C1CCC(N2C(=O)c3ccc(NC(=O)c4cnccn4)cc3C2=O)C(=O)N1,non-covalent,0.0
C=CC(=O)N1CC(C)(C)O[C@@H]2COC[C@H]21,Covalent,1.0
CN1Cc2cc(CNC(=O)CCl)ccc2C1=O,Covalent,1.0
CC#CC(=O)N1CCN(CC(C)O)C(C)C1,Covalent,1.0
CC(C)(C)c1ccc(S(=O)(=O)F)nc1,Covalent,1.0
CC(C)(C)OC(=O)N1CC2(C1)CN(c1cc3c(cc1F)C(=O)N(C1CCC(=O)NC1=O)C3=O)C2,non-covalent,0.0
CCCCNC(=O)c1cccc(-c2cccc3c2CN(C2CCC(=O)NC2=O)C3=O)c1,non-covalent,0.0
C=CC(=O)N1CC(F)(F)C[C@H]1C(=O)OC,Covalent,1.0
Cc1ccc(N2CCN(Cc3ccc4c(c3)CN(C3CCC(=O)NC3=O)C4=O)C2=O)cc1Cl,non-covalent,0.0
O=C1CCC(NC(=O)c2c(C(F)(F)F)n[nH]c2C(F)(F)F)C(=O)N1,Noncovalent,0.0
CC#CC(=O)NC(C)C1(S(C)(=O)=O)CC1,Covalent,1.0
COc1ccc(N(C#N)CCCF)cc1,Covalent,1.0
O=C1CCC(NC(=O)c2occc2-c2ccc(F)c(F)c2)C(=O)N1,Noncovalent,0.0
C=CC(=O)N1CC(Cc2cccs2)C1,Covalent,1.0
O=C1CC[C@H](N2Cc3cc(-c4cnn5ccc(Nc6ccc7c(c6)OCO7)nc45)ccc3C2=O)C(=O)N1,non-covalent,0.0
C=CC(=O)NC(C)(C)C(=O)N1CCCC1,Covalent,1.0
C=CC(=O)Nc1cccc(-c2cccnc2)n1,Covalent,1.0
O=C1CCC(N2Cc3ccc(NC(=O)c4ccco4)cc3C2=O)C(=O)N1,Noncovalent,0.0
Cc1ccc(N(C)C(=O)NCc2ccc3c(c2)CN(C2CCC(=O)NC2=O)C3=O)cc1Cl,non-covalent,0.0
O=C(CCl)N1CCN(c2ccccn2)CC1,Covalent,1.0
Cc1ccc(NC(=O)CCc2ccc3c(c2)C(=O)N(C2CCC(=O)NC2=O)C3=O)cc1Cl,non-covalent,0.0
Cn1cnc2ccc(OCC3CO3)cc21,Covalent,1.0
CC(=O)Nc1ccc2c(c1)CN(C1CCC(=O)NC1=O)C2=O,non-covalent,0.0
CC1CCCN(c2ccccc2OCC2CO2)C1,Covalent,1.0
C=CC(=O)NCc1ccnn1CC,Covalent,1.0
CC(C)(C)OC(=O)COc1ccccc1-c1cccc2c1CN(C1CCC(=O)NC1=O)C2=O,non-covalent,0.0
O=C1Cc2cc(NC(=O)C(F)Cl)ccc2N1,Covalent,1.0
O=C1CCC(NC(=O)c2coc3c2CN(C(=O)C2(c4cc[nH]n4)CC2)C3)C(=O)N1,Noncovalent,0.0
O=C1CCC(c2ccc(NC(=O)c3cc(O)nc4c3CNCC4)cc2)C(=O)N1,Noncovalent,0.0
O=C(C1CO1)N1CCC[C@H]1COc1ccccc1,Covalent,1.0
O=C(Nc1ccc(Oc2cccc(F)c2F)nc1)c1ccc2c(c1)CNC2=O,Noncovalent,0.0
CC(C)c1cc(B(O)O)ccc1O,Covalent,1.0
CCn1cc(C(=O)NCc2ccc3c(c2)C(=O)N(C2CCC(=O)NC2=O)C3)cn1,Noncovalent,0.0
Cc1nc(C)c(F)c(NC2CCC(=O)N(C)C2=O)n1,Noncovalent,0.0
C=CC(=O)N(C)CC1CCCOC1,Covalent,1.0
CC#CC(=O)N1CCN2C(CNS2(=O)=O)C1,Covalent,1.0
Nc1cncc(OS(=O)(=O)F)c1,Covalent,1.0
NCc1ccc2c(c1)C(=O)N(C1CCC(=O)NC1=O)C2=O,Noncovalent,0.0
c1cc(OCC2CO2)cc(C2CCOCC2)c1,Covalent,1.0
CC(C)N1CCN(Cc2ccc(COc3cccc4c3CN(C3CCC(=O)NC3=O)C4=O)cc2)CC1,non-covalent,0.0
O=C1CCC(NC(=O)c2cc(-c3ccccc3)c(N3CCOCC3)s2)C(=O)N1,Noncovalent,0.0
O=C1CCC(N2Cc3ccc(C(=O)N[C@@H]4CC[C@H](C(=O)O)C4)cc3C2=O)C(=O)N1,Noncovalent,0.0
O=C1CCC(N2Cc3cc(CNC(=O)C4=Cc5cc(F)cc(F)c5OC4)ccc3C2=O)C(=O)N1,non-covalent,0.0
CC#CC(=O)NCc1noc(-c2cccs2)n1,Covalent,1.0
C=CC(=O)N1CC2(C)C(=O)NC(=O)C2(C)C1,Covalent,1.0
CC(Cl)C(=O)NCc1nc(N(C)C)no1,Covalent,1.0
C=CC(=O)NCc1c(C)nnn1CC,Covalent,1.0
COC1(c2ccc(C(=O)NC3CCC(=O)NC3=O)cn2)CCOCC1,Noncovalent,0.0
C=CC(=O)N1CC(=O)Nc2ccccc21,Covalent,1.0
N#Cc1ccc2c(c1)CCN2C(=O)CCl,Covalent,1.0
CCc1ccc(B(O)O)s1,Covalent,1.0
O=C1CCC(c2cccc(NC(=O)Cc3cnc4cccnn34)c2)C(=O)N1,Noncovalent,0.0
O=C(O)CCOc1cccc2c1C(=O)N(C1CCC(=O)NC1=O)C2=O,Noncovalent,0.0
CN1CCN(c2ccc3c(c2)C(=O)N(C2CCC(=O)NC2=O)C3=O)CC1,non-covalent,0.0
Cc1cc(NCC2CCCCc3ccccc32)ccc1N1CCC(=O)NC1=O,Noncovalent,0.0
C=CS(=O)(=O)c1ccc(C(C)(C)C)cc1,Covalent,1.0
CC1(NC(=O)COc2cccc3c2CN(C2CCC(=O)NC2=O)C3=O)CC1,Noncovalent,0.0
C=CC(=O)N1CC(C(=O)NC(C)C2(C)CC2)C1,Covalent,1.0
COc1c(-c2cn(C3CCC(=O)NC3=O)nn2)csc1C(=O)O,non-covalent,0.0
C=CC(=O)NCCc1nnc2n1CCCCC2,Covalent,1.0
C=CC(=O)NC(C)C1CCCN(C2CCC2)C1,Covalent,1.0
COC(=O)c1ncc(S(=O)(=O)F)cc1C,Covalent,1.0
O=C(O)COc1ccc(S(=O)(=O)F)cc1,Covalent,1.0
CC#CC(=O)NCc1ccc2nonc2c1,Covalent,1.0
C=CC(=O)N1CC(C)(C)Sc2ccccc21,Covalent,1.0
CC1Cc2cc(B(O)O)ccc2O1,Covalent,1.0
C=CC(=O)NC1CCc2nnc(CC)n2C1,Covalent,1.0
CN(Cc1nncn1C)C(=O)C12CC1C2,Covalent,1.0
CC#CC(=O)Nc1ccc(N(C)C)cc1C(N)=O,Covalent,1.0
O=C1CCN(c2ccc(Nc3c4c(nc5ncnn35)CCCC4)cc2F)C(=O)N1,Noncovalent,0.0
COc1ccc(NC(=O)NCc2ccc3nnn(C4CCC(=O)NC4=O)c(=O)c3c2)cc1,non-covalent,0.0
CC(Cl)C(=O)NC(C)c1ncn(C)n1,Covalent,1.0
O=C1CCC(n2ncc3ccccc32)C(=O)N1,non-covalent,0.0
CC(Cl)C(=O)NCc1ncnn1C(C)C,Covalent,1.0
O=C(CCl)NCc1cnn2ccccc12,Covalent,1.0
Cc1nc(-c2ccccc2OCC2CO2)cs1,Covalent,1.0
CCCc1nnc(-c2cccc3c2CN(C2CCC(=O)NC2=O)C3=O)s1,Noncovalent,0.0
CCc1ccc(OC)c(B(O)O)c1,Covalent,1.0
O=C1CCC(Nc2cccc(NC(=O)CCl)c2)C(=O)N1,Covalent,1.0
Nc1ccc(-c2ccc3c(c2)CN(C2CCC(=O)NC2=O)C3=O)nn1,Noncovalent,0.0
C=CC(=O)N1CCOc2cccc(F)c2C1,Covalent,1.0
N#Cc1cccc(NCc2ccc3c(c2)C(=O)N(C2CCC(=O)NC2=O)C3)n1,Noncovalent,0.0
O=C1CCC(NC(=O)c2ccc3cc[nH]c3c2)C(=O)N1,non-covalent,0.0
CC(Cl)C(=O)N(C)CCC1CCCCN1C,Covalent,1.0
O=C(CCl)N1[C@H](CO)C[C@@H]2CCCC[C@@H]21,Covalent,1.0
c1ccc(OC[C@@H]2CO2)cc1,Covalent,1.0
CN1CCN(CCOc2ccc(C=O)cc2)CC1,Covalent,1.0
CCCOc1ccc(-c2ccc3c(c2)CN(C2CCC(=O)NC2=O)C3=O)nc1,Noncovalent,0.0
O=C1CCC(N2Cc3ccc(-c4ccccc4CO)cc3C2=O)C(=O)N1,Noncovalent,0.0
O=C1CCC(NC(=O)c2cc(CNC(=O)C(O)c3ccsc3)n[nH]2)C(=O)N1,Noncovalent,0.0
Cc1cccc(S(=O)(=O)C2CCC(=O)NC2=O)c1,Noncovalent,0.0
O=C(CCl)NC1CCn2cccc2C1,Covalent,1.0
C=CC(=O)N1CCCC2(CC2C(=O)O)C1,Covalent,1.0
CC#CC(=O)N1CCN(c2ccccc2F)CC1,Covalent,1.0
O=S(=O)(F)c1ccnn1C1CCCC1,Covalent,1.0
C=CC(=O)Nc1c(O)nn(C)c1C(F)(F)F,Covalent,1.0
O=c1[nH]c2ccc(S(=O)(=O)F)cc2[nH]1,Covalent,1.0
O=C1CCC(NC(=O)c2nc(Cl)ccc2OCC(F)(F)F)C(=O)N1,Noncovalent,0.0
C=CC(=O)NC[C@]1(c2ccccc2)C[C@@H](NC(=O)c2cccc3c2C(=O)NC3)C1,Covalent,1.0
C#CCCNC(=O)c1cccc2c1CN(C1CCC(=O)NC1=O)C2=O,Noncovalent,0.0
OB(O)c1ccc2c(c1)OCO2,Covalent,1.0
CCC(c1nccs1)N1CCC(=O)NC1=O,Noncovalent,0.0
O=C1CCC(N2Cc3cc(NC(=O)c4cnc5ccccc5c4)ccc3C2=O)C(=O)N1,non-covalent,0.0
CCc1cn2nc(Cl)cc(Nc3ccc(N4CCC(=O)NC4=O)c(C)c3)c2n1,Noncovalent,0.0
Cc1ccccc1-c1cccc2c1CN(C1CCC(=O)NC1=O)C2=O,Noncovalent,0.0
COc1ccccc1CNc1ccc2c(c1)CN(C1CCC(=O)NC1=O)C2=O,Noncovalent,0.0
C=CC(=O)NC1(c2nc(C)cs2)CCC1,Covalent,1.0
COC(=O)C1(NC(=O)C(F)Cl)CCCC1,Covalent,1.0
O=C1CCC(NC(=O)c2cn[nH]c2CNC(=O)C(O)Cn2cncn2)C(=O)N1,Noncovalent,0.0
Nc1cccc(NC(=O)c2cccc3c2CN(C2CCC(=O)NC2=O)C3=O)c1,Noncovalent,0.0
O=C1CCC(NC(=O)c2cnc3ccc(Cl)cn3c2=O)C(=O)N1,Noncovalent,0.0
C=C(COC)c1ccc2c(c1)CN(C1CCC(=O)NC1=O)C2=O,Noncovalent,0.0
CCc1ccc(C(=O)O)cc1S(=O)(=O)F,Covalent,1.0
O=C1CCC(N2Cc3cc(NC(=O)C4=Cc5ccccc5OC4)ccc3C2=O)C(=O)N1,non-covalent,0.0
Cc1cncc(CNC(=O)C(F)Cl)c1,Covalent,1.0
O=C(CCl)Nc1cccc2c1CN(C1CC1)C2=O,Covalent,1.0
N#CC(=Cc1ccc(Cl)c(Cl)c1)C(=O)O,Covalent,1.0
O=C1CCC(Nc2ccc(NC(=O)C3CCCc4cncn43)cc2)C(=O)N1,Noncovalent,0.0
O=C1CCC(NC(=O)c2ncnc3sccc23)C(=O)N1,Noncovalent,0.0
Cn1ccc(CNC(=O)C(F)Cl)n1,Covalent,1.0
C=CC(=O)N(c1cccc(C#N)c1)C1CCC1,Covalent,1.0
C=CS(=O)(=O)N(C)CCOCCOC,Covalent,1.0
CCS(=O)(=O)NCc1cn(C2CCC(=O)NC2=O)nn1,Noncovalent,0.0
O=C1CCC(NC(=O)c2cnc3ccccc3c2)C(=O)N1,Noncovalent,0.0
O=C1CCC(N2Cc3c(ccc4c3OCC43CCN(Cc4ccsc4)CC3)C2=O)C(=O)N1,non-covalent,0.0
CC(Cc1ccc(C#N)cc1)NC(=O)C1CO1,Covalent,1.0
C=CC(=O)N(C)c1ccc(OC)c(OC)c1,Covalent,1.0
C=CC(=O)Nc1cc(C(=O)O)ccc1O,Covalent,1.0
CCCNC(=O)C(C#N)=Cc1cncn1C1CC1,Covalent,1.0
CC(C)Oc1cncc(-c2cccc3c2CN(C2CCC(=O)NC2=O)C3=O)c1,Noncovalent,0.0
O=C1CCC(c2ccc(Nc3nnc(Cc4ccc(F)cc4)o3)cc2)C(=O)N1,Noncovalent,0.0
Cc1ccc(C(=O)NC2CCC(=O)NC2=O)o1,Noncovalent,0.0
O=C1CCC(NC(=O)c2cc(OCc3ccc(Cl)cc3)cs2)C(=O)N1,Noncovalent,0.0
Cn1cnnc1SCC1CCC(=O)NC1=O,non-covalent,0.0
O=C1CCC(N2Cc3c(cccc3-c3ccc4c(c3)OCC4)C2=O)C(=O)N1,Noncovalent,0.0
O=C1CCC(NC(=O)c2c(F)ccc3occc23)C(=O)N1,Noncovalent,0.0
N#CC(=Cc1csc(-c2ccco2)n1)C(=O)O,Covalent,1.0
O=C1CCC(NC(=O)c2ccc(Br)c3c[nH]nc23)C(=O)N1,Noncovalent,0.0
C=CC(=O)Nc1cccc(-c2cnn(C)c2)c1,Covalent,1.0
CCc1c(C(=O)Nc2cccc(C3CCC(=O)NC3=O)c2)ccc2c1CCCC2,Noncovalent,0.0
COc1ccc2c(c1)C(=O)N(C1CCC(=O)NC1=O)C2,Noncovalent,0.0
Cc1ccc([C@@H](C(=O)NC(C)(C)C)N(C(=O)C(C)C)[C@H]2CCC(=O)NC2=O)cc1,non-covalent,0.0
C=CC(=O)N1CCS(=O)(=O)C(CC)(CC)C1,Covalent,1.0
CC(Cl)C(=O)N(C)C1CN2CCC1CC2,Covalent,1.0
Cc1cccc(CN(C(=O)C23CC2C3)C2CC2)c1,Covalent,1.0
COCc1nc(C(=O)NC2CCC(=O)NC2=O)c2n1CCCC2,Noncovalent,0.0
Cn1ccc2cc(-c3ccc4c(c3)C(=O)N(C3CCC(=O)NC3=O)C4=O)ccc21,non-covalent,0.0
C=CC(=O)NC(C)C1(c2ccccc2)CCC1,Covalent,1.0
C=CC(=O)N1c2ccccc2N(C)C(=O)C1(C)C,Covalent,1.0
[NH3+]C1CCC(COC(=O)NC2CCC(=O)NC2=O)CC1,non-covalent,0.0
N#Cc1ccc2c(c1)CCCC2C(=O)Nc1ccc(C2CCC(=O)NC2=O)cc1,Noncovalent,0.0
C=CC(=O)N(C)Cc1cnc2ccc(Cl)cn12,Covalent,1.0
C=CC(=O)Nc1cccc2c1OC(C)(C)CC2O,Covalent,1.0
NCCc1cn(-c2ccc3c(c2)C(=O)N(C2CCC(=O)NC2=O)C3)nn1,Noncovalent,0.0
C=CS(=O)(=O)N1CCCC1C(C)(C)C,Covalent,1.0
C=CS(=O)(=O)N1CCC(c2ccccc2)C1,Covalent,1.0
CC1=NOC(CNC(=O)CCl)C1,Covalent,1.0
C=CC(=O)Nc1ccc(-n2cnnn2)c(F)c1,Covalent,1.0
C=CC(=O)N(C)C[C@@H]1CCC(=O)N1,Covalent,1.0
COc1ccc(-c2ccc3c(c2)CN(C2CCC(=O)NC2=O)C3=O)c2occc12,Noncovalent,0.0
O=C(CCl)NC(=O)NCc1cccs1,Covalent,1.0
O=C(NC1CCCc2cc(F)ccc21)C1CO1,Covalent,1.0
C=CC(=O)Nc1ccc(F)c(C(=O)CC)c1,Covalent,1.0
Cc1ccc(N(C)C(=O)N(C)Cc2ccc3c(c2)CN(C2CCC(=O)NC2=O)C3=O)cc1Cl,non-covalent,0.0
C=CC(=O)NCC1CCN(C(C)(C)C)C1,Covalent,1.0
O=C1CCC(NC(=O)c2ccsc2NC(=O)c2ccc3c(c2)CCC3)C(=O)N1,Noncovalent,0.0
O=C1CC(c2cccnc2)CC(=O)N1,Noncovalent,0.0
N#Cc1ccc(NC(=O)NCc2ccc3c(c2)CN(C2CCC(=O)NC2=O)C3=O)cc1,non-covalent,0.0
O=C1CCC(NC(=O)c2nc[nH]c2C(F)(F)F)C(=O)N1,Noncovalent,0.0
O=C1CCC(NC(=O)c2cccn3cncc23)C(=O)N1,Noncovalent,0.0
CCN1C(=O)CCc2c(OCC3CO3)cccc21,Covalent,1.0
C=CC(=O)N1CCCC(C2CCCCO2)C1,Covalent,1.0
Cc1cn(S(=O)(=O)c2ccc3c(c2)C(=O)N(C2CCC(=O)NC2=O)C3)c(=O)[nH]c1=O,covalent,1.0
NCCCOCCOc1cccc2c1C(=O)N(C1CCC(=O)NC1=O)C2=O,Noncovalent,0.0
CC#CC(=O)N(C)C1CC1c1ccccc1,Covalent,1.0
O=C1CCC(NC(=O)c2coc([C@@H]3CCCN3)n2)C(=O)N1,Noncovalent,0.0
C[C@@H]1O[C@H]1C(=O)N1CCOc2ccccc2C1,Covalent,1.0
Cc1ccc(C(=O)NCc2ccc(C(=O)NC3CCC(=O)NC3=O)o2)cc1C#N,Noncovalent,0.0
Cc1nn2c(N(C)C3CCC(=O)NC3=O)cc(Cl)nc2c1C,Noncovalent,0.0
COc1ccc(C(=O)NC2CCC(=O)NC2=O)n2nccc12,Noncovalent,0.0
C=CC(=O)NC1CSC(C)C1,Covalent,1.0
O=C(CCl)N1CCC=C(c2ccccc2)C1,Covalent,1.0
C=CC(=O)N[C@@H]1C=C[C@H](CO)C1,Covalent,1.0
O=C1CCC(N2Cc3c(ccc4c3OCC43CCN(Cc4ccccc4)CC3(F)F)C2=O)C(=O)N1,non-covalent,0.0
Cc1ncc(NC(=O)C(C)Cl)c(C2CC2)n1,Covalent,1.0
C=CC(=O)NCc1cccc(C(C)(F)F)n1,Covalent,1.0
C=CC(=O)NC1CCCOC1CC(C)C,Covalent,1.0
O=C(CCl)NC1(C2CCCO2)CCOCC1,Covalent,1.0
NCCCCCNc1cccc2c1CN(C1CCC(=O)NC1=O)C2=O,Noncovalent,0.0
C=CC(=O)N[C@@H]1COCC[C@H]1OC,Covalent,1.0
COc1cnc2c(N(C)C3CCC(=O)NC3=O)ncnc2c1,Noncovalent,0.0
Cc1cc(C)n2nc(CC(=O)Nc3ccc(C4CCC(=O)NC4=O)cc3)nc2n1,Noncovalent,0.0
Nc1ccc2cc(C(=O)N[C@H]3CCC(=O)NC3=O)ccc2c1,Noncovalent,0.0
CC(C)c1ccc(-c2cc(F)cc3c2C(=O)NC3)c(F)c1,Noncovalent,0.0
[NH3+]C1CCC(COC(=O)NC2CC(=O)NC2=O)CC1,non-covalent,0.0
O=C1CCC(NC(=O)c2c(F)ccc3[nH]cnc23)C(=O)N1,Noncovalent,0.0
CN(C)c1nccc(-c2ccc3c(c2)CN(C2CCC(=O)NC2=O)C3=O)n1,Noncovalent,0.0
CN(C)C(=O)c1cccc(B(O)O)c1F,Covalent,1.0
O=C1CCC(NC(=O)c2cc(CNC(=O)c3c[nH]c4cnccc34)on2)C(=O)N1,Noncovalent,0.0
CC(C(=O)Nc1ccc(C2CCC(=O)NC2=O)cc1)n1cnc(-c2nn[nH]n2)n1,Noncovalent,0.0
C=CC(=O)N1CCCC(O)(c2ccccc2)CC1,Covalent,1.0
C=CC(=O)NC1CS(=O)(=O)CC1OC,Covalent,1.0
CC(Cn1ccnc1)C(=O)NCc1cn[nH]c1C(=O)NC1CCC(=O)NC1=O,Noncovalent,0.0
COCCCOc1cccc(C(=O)NC2CCC(=O)NC2=O)c1C,Noncovalent,0.0
C[C@H](Cc1ccccc1)C(=O)Nc1cccc(C2CC(=O)NC(=O)C2)c1,Noncovalent,0.0
C=CC(=O)N[C@@H]1CCC(=O)N[C@H]1C(C)(C)C,Covalent,1.0
Cc1nc2ccc(S(=O)(=O)F)cc2o1,Covalent,1.0
C=CC(=O)Nc1ccc2c(n1)CCC2,Covalent,1.0
Cc1ccc(CNC(=O)c2ccc3c(c2)C(=O)N(C2CCC(=O)NC2=O)C3)s1,Noncovalent,0.0
O=C1CCC(N2Cc3c(cccc3-c3ccc(C4CC4)cc3Cl)C2=O)C(=O)N1,Noncovalent,0.0
O=C1CCC(c2cccc(NC(=O)c3ccnn3C3CCCNC3)c2)C(=O)N1,Noncovalent,0.0
O=C(CCl)NCc1cc(O)n2nccc2n1,Covalent,1.0
O=C(CCl)NCCCCn1ccnc1,Covalent,1.0
N#Cc1ccccc1-c1ccc2c(c1)C(=O)N(C1CCC(=O)NC1=O)C2,Noncovalent,0.0
O=C1CCC(N2Cc3cc(NC(=O)N4C[C@@H]5C[C@H]4CO5)ccc3C2=O)C(=O)N1,Noncovalent,0.0
C=CC(=O)NC1CS(=O)(=O)C1,Covalent,1.0
C=CC(=O)NC(C)c1cccc(N2CCCC2)c1,Covalent,1.0
C=CC(=O)N1CCN(c2cccc(C)n2)CC1C,Covalent,1.0
O=C1CCC(NC(=O)c2conc2CNC(=O)c2cc3ccncc3[nH]2)C(=O)N1,Noncovalent,0.0
O=C(NCCS(=O)(=O)F)c1cccs1,Covalent,1.0
O=C1CCC(NC(=O)c2cn(C3CCCNCC3)nn2)C(=O)N1,Noncovalent,0.0
C=CC(=O)N1CCC(O)(Cc2cccc(F)c2)C1,Covalent,1.0
Cc1cccc(-n2cc(O)c(C(=O)NC3CCC(=O)NC3=O)n2)c1C,Noncovalent,0.0
CC(C)(C)NC(=O)[C@]1(C)CCCC(=O)N1[C@H]1CCC(=O)NC1=O,non-covalent,0.0
O=C1CCC(N2Cc3ccc(CNC(=O)NC4CC4)cc3C2=O)C(=O)N1,Noncovalent,0.0
C=CC(=O)NC1CCOC(CC(C)C)C1,Covalent,1.0
CC(Cl)C(=O)NC1COCc2ccccc21,Covalent,1.0
O=C1CCC(N2Cc3cc(-c4cccc(F)n4)ccc3C2=O)C(=O)N1,Noncovalent,0.0
O=C1CCC(N2Cc3cc(Nc4noc5ccccc45)ccc3C2=O)C(=O)N1,Noncovalent,0.0
CC=CCOc1ccc(B(O)O)cc1,Covalent,1.0
Nc1c(C(=O)NC2CCC(=O)NC2=O)cnn2c(Br)ccc12,Noncovalent,0.0
C=CC(=O)NCC1(C)CCOC1,Covalent,1.0
C=CC(=O)Nc1ccc(-n2ccc(C)n2)cc1,Covalent,1.0
C=CS(=O)(=O)N1CCC(n2cnnn2)CC1,Covalent,1.0
CCc1c(C(=O)NC2CCC(=O)NC2=O)nnn1-c1ccc(OC(C)C)cc1,Noncovalent,0.0
O=C1CCC(N2Cc3ccc(CNC(=O)Nc4ccccn4)cc3C2=O)C(=O)N1,Noncovalent,0.0
CC(C)(C)Cn1c(=O)[nH]c2cccc(C(=O)NC3CCC(=O)NC3=O)c21,Noncovalent,0.0
C=CC(=O)N1C[C@H](OC)[C@H](OC)C1,Covalent,1.0
CN(C)Cc1cccc(B(O)O)c1,Covalent,1.0
O=C1CCC2(CC(c3c(Cl)cccc3Cl)=NO2)C(=O)N1,non-covalent,0.0
O=C1CCC(N2Cc3cc(NC(=O)c4cn5ccc(F)cc5n4)ccc3C2=O)C(=O)N1,non-covalent,0.0
C=CC(=O)NC1CC(O)(c2ccc(F)cc2)C1,Covalent,1.0
C=CC(=O)NCCC1C2CC3CC(C2)CC1C3,Covalent,1.0
CC#CC(=O)NC1CCCCC1C(N)=O,Covalent,1.0
COc1ccc(-c2cc(C(=O)NC3CCC(=O)NC3=O)n(C)n2)cc1F,Noncovalent,0.0
CC1(C)CCN(C(=O)Nc2ccc3c(c2)CN(C2CCC(=O)NC2=O)C3=O)C1,Noncovalent,0.0
CCC(C)(O)c1cn(-c2cccc3c2CN(C2CCC(=O)NC2=O)C3=O)nn1,Noncovalent,0.0
C=CC(=O)NC(C)c1csc(C2CC2)n1,Covalent,1.0
Cc1cc(NC(=O)CCl)cc2[nH]ncc12,Covalent,1.0
O=C(CCl)Nc1cnc2ccccc2n1,Covalent,1.0
CC=CC(=O)NCc1ccc2c(c1)C(=O)N(C1CCC(=O)NC1=O)C2,Covalent,1.0
NCCN1CCN(c2ccc3c(c2)C(=O)N(C2CCC(=O)NC2=O)C3=O)CC1,Noncovalent,0.0
Cc1cc(NC(=O)NCc2ccc3c(c2)C(=O)N(C2CCC(=O)NC2=O)C3)no1,Noncovalent,0.0
C=CS(=O)(=O)NC(C)C(=O)N1CCCC1,Covalent,1.0
Cc1ccc(C(=O)N(C)C)cc1OCC1CO1,Covalent,1.0
O=C1CCC2(CC(c3cccnc3)=NO2)C(=O)N1,non-covalent,0.0
CC1(CC(F)(F)F)CN(C(=O)CCl)C1,Covalent,1.0
O=C1CC2(CCCCC2)CC(=O)C1=CNc1cccc2c1C(=O)NC2=O,Covalent,1.0
C=CCNC(=O)C(C#N)=Cc1ccc(C)o1,Covalent,1.0
O=S(=O)(F)c1cnc(-c2ccccc2)o1,Covalent,1.0
CCOc1cccc(F)c1B(O)O,Covalent,1.0
CCCOc1nc2ccccc2cc1C(=O)NC1CCC(=O)NC1=O,Noncovalent,0.0
CS(=O)(=O)Nc1ccc(B(O)O)cc1,Covalent,1.0
COCc1cc(N(C)C2CCC(=O)NC2=O)nc(C(C)(C)C)n1,Noncovalent,0.0
NCc1ccc(NC(=O)c2ccc3c(c2)CN(C2CCC(=O)NC2=O)C3=O)cc1,Noncovalent,0.0
CCC1(c2ccc(NCC3CC4C=CC3C4)cc2)CCC(=O)NC1=O,Noncovalent,0.0
CC1Oc2c(cccc2C(=O)NC2CCC(=O)NC2=O)NC1=O,Noncovalent,0.0
C=CC(=O)Nc1c(C)noc1C1CC1,Covalent,1.0
O=C1CCC(N2Cc3c(ccc4c3OCC43CCC(Cc4ccccc4)CC3)C2=O)C(=O)N1,non-covalent,0.0
Cc1nc(C#N)c(NCCC(=O)Nc2ccc(C3CCC(=O)NC3=O)cc2)o1,Noncovalent,0.0
O=C1CCC(n2nnc3ccc(CNC(=O)Nc4ccc5ncsc5c4)cc3c2=O)C(=O)N1,non-covalent,0.0
C=CC(=O)N(CC)Cc1ccoc1,Covalent,1.0
CC(C)=CC(=O)NC1CC(=O)NC1=O,non-covalent,0.0
Cc1nn(-c2ccc(F)cc2)c2ncc(C(=O)NC3CCC(=O)NC3=O)cc12,Noncovalent,0.0
Cc1[nH]c(=O)sc1C(=O)NC1CCC(=O)NC1=O,Noncovalent,0.0
Cc1nc2cccnc2nc1Nc1ccc(C2CCC(=O)NC2=O)cc1,Noncovalent,0.0
C=CC(=O)NCC(=O)c1ccccc1F,Covalent,1.0
COC(=O)C(C#N)=Cc1ccc2c(c1)OCCO2,Covalent,1.0
C=CS(=O)(=O)NCC(C)C(C)(C)C,Covalent,1.0
COc1ccc2c(c1)CCc1cc(C(=O)NC3CCC(=O)NC3=O)sc1-2,Noncovalent,0.0
COC(=O)c1ccc(S(=O)(=O)F)nc1C,Covalent,1.0
O=C1NCc2ccc(-c3nnc(N4CCCC5(CC5)C4)n3CC3CCOC3)cc21,Noncovalent,0.0
CC1(C)Cc2c(C(=O)NC3CCC(=O)NC3=O)nnn2C1,Noncovalent,0.0
O=C1CCC(NC(=O)c2cccc(NC(=O)CCCc3cccs3)c2)C(=O)N1,Noncovalent,0.0
COCCc1cccc(-c2ccc3c(c2)CN(C2CCC(=O)NC2=O)C3=O)c1,Noncovalent,0.0
C=CC(=O)N1CCc2c(nnn2CCOC)C1,Covalent,1.0
CC#CC(=O)NCC(O)c1c(F)cccc1F,Covalent,1.0
NC(=O)C1CCCN(C(=O)CCl)C1,Covalent,1.0
COc1cccc(-c2cc(C(=O)NC3CCC(=O)NC3=O)c(C)o2)c1,Noncovalent,0.0
O=S(=O)(F)Oc1cccc2c1OCCCO2,Covalent,1.0
Cc1nc(C(=O)NC2CCC(=O)NC2=O)nn1-c1ccc(Cl)cc1Cl,Noncovalent,0.0
OB(O)c1ccc(-n2cccn2)cc1,Covalent,1.0
C=CC(=O)Nc1ccc2c(c1)CCNC2=O,Covalent,1.0
O=C1CCC(NC(=O)c2cc(C3CC3)ncc2Br)C(=O)N1,Noncovalent,0.0
O=C1CCC(NC(=O)c2cccc(-c3ccccc3)n2)C(=O)N1,Noncovalent,0.0
Cc1nn(C)c(C)c1-c1cn(C2CCC(=O)NC2=O)nn1,Noncovalent,0.0
NC(=O)c1cc(NC(=O)C23CC2C3)ccc1F,Covalent,1.0
C=CC(=O)N1CC2CSCC(C2)C1,Covalent,1.0
CCC1(c2ccc(NC(=O)c3cccc([N+](=O)[O-])c3)cc2)CCC(=O)NC1=O,Noncovalent,0.0
CNC(=O)[C@@H]1NC2(CCCCC2)[C@@]2(C(=O)Nc3cc(Cl)ccc32)[C@H]1c1cccc(Cl)c1F,non-covalent,0.0
CC(C)(C)c1cccc(NC(=O)NCc2ccc3nnn(C4CCC(=O)NC4=O)c(=O)c3c2)c1,non-covalent,0.0
COc1ccc2cc(CNc3ccc4c(c3)CN(C3CCC(=O)NC3=O)C4=O)ccc2c1,non-covalent,0.0
CC1CCCN(c2cc(C(=O)NC3CCC(=O)NC3=O)ccn2)C1,Noncovalent,0.0
Cc1nc(C(=O)Nc2ccc(C3CCC(=O)NC3=O)cc2)c2cc[nH]c2n1,Noncovalent,0.0
O=C1CCC(N2C(=O)C=C(Br)C2=O)C(=O)N1,Covalent,1.0
C[C@@H]1O[C@H]1C(=O)NCCC1=CC[C@H]2C[C@@H]1C2(C)C,Covalent,1.0
CCCCC(C)(F)C(=O)NCc1cc(C(=O)NC2CCC(=O)NC2=O)[nH]n1,Noncovalent,0.0
O=C(Nc1ccc(F)c(Cl)c1)C(F)Cl,Covalent,1.0
O=C1CCC(N2Cc3cc(C(=O)N[C@H]4CCCCNC4)ccc3C2=O)C(=O)N1,Noncovalent,0.0
CCCNC(=O)C(C#N)=Cc1cnnn1C1CC1,Covalent,1.0
C=CC(=O)N[C@H]1[C@@H]2COC[C@@H]21,Covalent,1.0
O=C1CC[C@@H](NC(=O)c2cnn3c(C(F)(F)F)cccc23)C(=O)N1,Noncovalent,0.0
O=S(=O)(F)Oc1cccc2c1OCCC2,Covalent,1.0
O=C1CCC(N2Cc3cc(NC(=O)c4cn5cc(F)ccc5n4)ccc3C2=O)C(=O)N1,non-covalent,0.0
Cn1cccc1C(=O)C(=O)Nc1cccc2c1CN(C1CCC(=O)NC1=O)C2=O,Noncovalent,0.0
Cc1nc(-c2cnn(C)c2)oc1C(=O)NC1CCC(=O)NC1=O,Noncovalent,0.0
O=C1CCC(N2Cc3cc(OS(=O)(=O)F)ccc3C2=O)C(=O)N1,Covalent,1.0
CCC1(c2ccc(NC(=O)Cn3nc(C)cc3C)cc2)CCC(=O)NC1=O,Noncovalent,0.0
O=C1CCC(N2Cc3cc(CNC(=O)C(Cc4ccc(F)cc4)NC(=O)CO)ccc3C2=O)C(=O)N1,non-covalent,0.0
O=C1CCC(Nc2ncnc3c(F)cc(Cl)cc23)C(=O)N1,Noncovalent,0.0
O=C(CCl)NCCc1ccc2[nH]ncc2c1,Covalent,1.0
CC(C)n1cnc2c(NC3CCC(=O)NC3=O)nc(Cl)nc21,Noncovalent,0.0
O=C(CCl)NC1CCOc2ccccc2C1,Covalent,1.0
O=C1CCC(N2C(=O)c3ccc(OCCC4CCOCC4)cc3C2=O)C(=O)N1,Noncovalent,0.0
CC#CC(=O)NCc1noc2c1CC(C)(C)CC2,Covalent,1.0
O=C1CCC(c2cccc(OCc3ccc(CN4CCOCC4)cc3)c2)C(=O)N1,non-covalent,0.0
C=CC(=O)N(C)Cc1cc2ccccc2o1,Covalent,1.0
CN1C(=O)CCC(NCc2cccc3ccccc23)C1=O,Noncovalent,0.0
O=C1CCC(NC(=O)c2c(O)nc3ccsc3c2O)C(=O)N1,Noncovalent,0.0
CCc1ccc(S(=O)(=O)F)cc1[N+](=O)[O-],Covalent,1.0
C=CC(=O)N1CCOC(C2CCCO2)C1,Covalent,1.0
O=c1c2nccn2ccn1CCS(=O)(=O)F,Covalent,1.0
O=C(CCl)NC1CC(O)C1n1cccn1,Covalent,1.0
C=CC(=O)NCC1CCOC(C(C)C)C1,Covalent,1.0
O=C1CCC(NC(=O)c2cnn3ccccc23)C(=O)N1,Noncovalent,0.0
O=C1CCC(NC(=O)c2ccccc2OCC(=O)Nc2ccccc2F)C(=O)N1,Noncovalent,0.0
COC(=O)NCc1cn(-c2cccc3c2CN(C2CCC(=O)NC2=O)C3=O)nn1,Noncovalent,0.0
O=S(=O)(F)CC1CC2(CCC2)CO1,Covalent,1.0
Cc1cc(C(=O)Nc2ccc(C3CCC(=O)NC3=O)cc2)c2c(c1)C(C)CCN2,Noncovalent,0.0
O=C1CCC(NC(=O)c2cc(Cl)c3c(c2)CCCN3)C(=O)N1,Noncovalent,0.0
Cn1nc(C(=O)NC2CCC(=O)NC2=O)c(C(F)(F)F)n1,Noncovalent,0.0
CC(C)OCCCN(C#N)c1ccc(F)cc1,Covalent,1.0
CNc1n[nH]c2c(CN3CCCC3)cc(-c3ccc4c(c3)CN(C3CCC(=O)NC3=O)C4=O)nc12,non-covalent,0.0
CC(=O)N1CCn2ncc(-c3cccc4c3CN(C3CCC(=O)NC3=O)C4=O)c21,Noncovalent,0.0
CCn1nc(C)c(CNC(=O)CCl)c1C,Covalent,1.0
CC(=O)Nc1cscc1C(=O)NC1CCC(=O)NC1=O,Noncovalent,0.0
CCN1Cc2cc(CNC(=O)CCl)ccc2C1=O,Covalent,1.0
O=C1CCC(NC(=O)c2ccnc3c2CCN3)C(=O)N1,Noncovalent,0.0
O=C1CCC(NC(=O)c2csc3nccn23)C(=O)N1,Noncovalent,0.0
O=C1CCC(c2ccc(NC(=O)c3ccc4nnc(C5CC5)n4c3)cc2)C(=O)N1,Noncovalent,0.0
C=CC(=O)NC[C@H]1CCC[C@@H]1O,Covalent,1.0
C=CC(=O)N1[C@@H](C)CCC[C@H]1C(=O)O,Covalent,1.0
O=C1CC(c2ccc(Cl)c(Cl)c2)CC(=O)N1,Noncovalent,0.0
O=C1CCC(N2Cc3c(cccc3-c3cnn4c3CNCC4)C2=O)C(=O)N1,Noncovalent,0.0
CCc1nn2cccnc2c1C(=O)Nc1cccc(C2CCC(=O)NC2=O)c1,Noncovalent,0.0
O=C1CCC(N2Cc3c(C#CCOc4ccccc4)cccc3C2=O)C(=O)N1,non-covalent,0.0
O=S(=O)(F)C1CCN(c2ccccc2)CC1,Covalent,1.0
CC(Cl)C(=O)N1CCn2ncc(O)c2C1,Covalent,1.0
c1ccn(CCC2CO2)c1,Covalent,1.0
CC(C)(NC(=O)c1ccc2c(c1)C(=O)N(C1CCC(=O)NC1=O)C2)C(=O)O,Noncovalent,0.0
CC(=O)N1CCC(CCNC(=O)CCl)CC1,Covalent,1.0
Cc1oc(-c2ccc(Cl)c(Cl)c2)nc1C(=O)NC1CCC(=O)NC1=O,Noncovalent,0.0
CC#CC(=O)NCC(C)(O)c1cccs1,Covalent,1.0
CC#CC(=O)NC1(CO)CCc2ccccc21,Covalent,1.0
CN(c1nc2c([nH]c1=O)CCCC2)C1CCC(=O)NC1=O,Noncovalent,0.0
O=C1CCC(N2C(=O)c3ccc(N4CCC4)cc3C2=O)C(=O)N1,non-covalent,0.0
O=C(CCl)NC(=O)c1ccco1,Covalent,1.0
O=S(=O)(F)Oc1cccc(-n2cnnn2)c1,Covalent,1.0
Cc1nc(C(=O)Nc2cccc(C3CC(=O)NC(=O)C3)c2)c(C)s1,Noncovalent,0.0
C=CC(=O)Nc1ccc2c(c1)C(=O)N(C1CCC(=O)NC1=O)C2=O,Noncovalent,0.0
C=CC(=O)N1CCc2ccc(F)cc2C(C)C1,Covalent,1.0
CCn1nc(NC(=O)C(F)Cl)cc1C1CC1,Covalent,1.0
Cc1cc(NC(=O)COc2ccc3c(c2)CN(C2CCC(=O)NC2=O)C3=O)no1,Noncovalent,0.0
O=C1CCC(Sc2nc3ccc(Cl)cc3[nH]2)C(=O)N1,Noncovalent,0.0
CCCS(=O)(=O)c1ccccc1C(=O)NC1CCC(=O)NC1=O,Noncovalent,0.0
Cc1nc2ccccc2cc1OCC1CO1,Covalent,1.0
CN(C(=O)c1ccc2c(c1)C(=O)N(C1CCC(=O)NC1=O)C2)C1CCCCC1,Noncovalent,0.0
O=C1CCC(N2Cc3cccc(OCc4ccc(CN5CCOCC5)cc4)c3C2)C(=O)N1,non-covalent,0.0
O=C1CCC(N2Cc3cc(-c4ccc(F)cn4)ccc3C2=O)C(=O)N1,Noncovalent,0.0
C=CS(=O)(=O)NC1(C#N)CCCC(C)C1,Covalent,1.0
C=CC(=O)Nc1cnc(Oc2ccccc2)nc1,Covalent,1.0
CC(C)(C)c1cnc(S(=O)(=O)F)cn1,Covalent,1.0
O=C1CCC(N2Cc3c(OCc4ccc(CN5CCC(F)(F)CC5)cc4)cccc3C2=O)C(=O)N1,non-covalent,0.0
O=C(CCl)Nc1cc(F)cc(F)c1,Covalent,1.0
Cc1cccc2nc(C(=O)Nc3ccc4c(c3)CN(C3CCC(=O)NC3=O)C4=O)cn12,non-covalent,0.0
CC#CC(=O)N(C)Cc1ccc2[nH]nnc2c1,Covalent,1.0
Cc1nn(CC(=O)NCc2cc(C(=O)NC3CCC(=O)NC3=O)[nH]n2)c(=O)o1,Noncovalent,0.0
CC#CC(=O)N1CC(F)(F)C[C@@H]1C(=O)OC,Covalent,1.0
CCc1cn2nc(Cl)cc(N(C)C3CCC(=O)NC3=O)c2n1,Noncovalent,0.0
O=C1CCC(n2cc(-c3ncccc3F)nn2)C(=O)N1,Noncovalent,0.0
C=CS(=O)(=O)NCc1ccnc(F)c1,Covalent,1.0
O=C1CC(NC(=O)c2sc3cccc(Cl)c3c2Cl)C(=O)N1,non-covalent,0.0
C=CC(=O)Nc1ncnc2sc(C)c(C)c12,Covalent,1.0
CC(C)Oc1cc(NC(=O)C(C)Cl)ccn1,Covalent,1.0
COc1ccc2nc(C(=O)Nc3ccc4c(c3)CN(C3CCC(=O)NC3=O)C4=O)cn2c1,non-covalent,0.0
Cn1ncc2c1C(C(=O)Nc1ccc(NC3CCC(=O)NC3=O)cc1)CCC2,Noncovalent,0.0
COc1nc(Cl)c(S(=O)(=O)F)s1,Covalent,1.0
O=C1CCC(NC(=O)c2cn[nH]c2C(F)(F)Cl)C(=O)N1,Noncovalent,0.0
O=C1CCC(Sc2nc3c(cnn3-c3ccccc3)c(=O)[nH]2)C(=O)N1,Noncovalent,0.0
C=CS(=O)(=O)NCC(C)CN1CCOCC1,Covalent,1.0
CC(=O)Nc1cccc(-c2ccc3c(c2)CN(C2CCC(=O)NC2=O)C3=O)c1,Noncovalent,0.0
OB(O)c1cnc2c(Cl)cccc2c1,Covalent,1.0
O=C1CCC(n2cc(-c3csc(C(=O)NC4CC4)c3)nn2)C(=O)N1,non-covalent,0.0
NC(=O)Cc1cccc(OS(=O)(=O)F)c1,Covalent,1.0
C=CC(=O)N1CCCc2c(C#N)cccc21,Covalent,1.0
CC(C)(C)c1ccc(NC(=O)C(F)Cl)cc1,Covalent,1.0
CCOC(=O)C(C#N)=Cc1cc2ccccc2o1,Covalent,1.0
C=CC(=O)N(C)c1ccc2nc(C)sc2c1,Covalent,1.0
O=C1CCC(NC(=O)c2nnc(O)c(Br)c2O)C(=O)N1,Noncovalent,0.0
C=CS(=O)(=O)Nc1ccccc1OCCF,Covalent,1.0
O=S(=O)(F)c1cnc2ccccc2n1,Covalent,1.0
COc1ccc(Oc2cc(NC3CCC(=O)NC3=O)nc(C)n2)cc1,Noncovalent,0.0
CCCCc1cc(N(C)C2CCC(=O)NC2=O)n2ncnc2n1,Noncovalent,0.0
COc1ccc(OCC2CO2)cc1C(F)(F)F,Covalent,1.0
CCN1CCCC(C(=O)NCc2[nH]ncc2C(=O)NC2CCC(=O)NC2=O)C1,Noncovalent,0.0
O=C1CCC(c2cccc(NC(=O)c3nc4cncnc4nc3O)c2)C(=O)N1,Noncovalent,0.0
Cc1ccc(NC(=O)C23CC2C3)c2cccnc12,Covalent,1.0
O=C1CCC(NC(=O)c2csc(C3Cc4ccccc4O3)n2)C(=O)N1,Noncovalent,0.0
C=CC(=O)N(C)Cc1cn(C)nc1C(C)C,Covalent,1.0
C=CC(=O)N1CCCC2(CCCCC2)CC1,Covalent,1.0
O=C(CNC(=O)C(F)Cl)NC1CCCC1,Covalent,1.0
C#CC(=O)NCC1CCCN1S(=O)(=O)CC,Covalent,1.0
CN1CCc2cc3c(cc2C1)C(=O)N(C1CCC(=O)NC1=O)C3=O,non-covalent,0.0
O=C1CCC(N2Cc3c(C(=O)O)cccc3C2=O)C(=O)N1,Noncovalent,0.0
Cc1ccc(CN(C)C(=O)CCl)o1,Covalent,1.0
O=C1CCC(N2Cc3cc(NC(=O)N4CC5(CCc6ccccc65)C4)ccc3C2=O)C(=O)N1,non-covalent,0.0
O=C1CCC(N2Cc3cc(NS(=O)(=O)c4ccc(-n5ccnn5)cc4)ccc3C2=O)C(=O)N1,non-covalent,0.0
CN1C(=O)CCC(CSc2ccc(Cl)cc2)C1=O,non-covalent,0.0
O=C1CCC(NC(=O)c2ccc(=O)n(-c3ccc(F)cc3)n2)C(=O)N1,Noncovalent,0.0
O=C1CCC(NC(=O)c2nn3c(c2Br)CCC3)C(=O)N1,Noncovalent,0.0
C=CC(=O)N1CC2COCC2(C)C1,Covalent,1.0
CC(NC(=O)CCl)C(=O)N1CCCCC1C,Covalent,1.0
COC(=O)C1OC1(C)c1ccccc1OC,Covalent,1.0
C=CS(=O)(=O)NC1CCCC12CCOCC2,Covalent,1.0
O=C1CCC(NC(=O)c2ccc3ccccc3n2)C(=O)N1,Noncovalent,0.0
COc1ccc(B(O)O)c(C)c1F,Covalent,1.0
C=CC(=O)Nc1cccc2c1C(=O)N(C)C2,Covalent,1.0
O=C1CCC(N2C(=O)c3cccc(N4CCNCC4)c3C2=O)C(=O)N1,Noncovalent,0.0
O=C1CCC(NC(=O)c2ccc(S(=O)(=O)N3CCOCC3)cc2)C(=O)N1,Noncovalent,0.0
Cc1ccc(-c2ccn(C3CCCC3)n2)cc1N1CCC(=O)NC1=O,Noncovalent,0.0
CC(Cl)C(=O)NCC1c2ccccc2C(=O)N1Cc1ccccc1,Covalent,1.0
CC(C)(C)Cc1cn(-c2ccc3c(c2)C(=O)N(C2CCC(=O)NC2=O)C3)nn1,Noncovalent,0.0
C=CS(=O)(=O)NCC(O)C1CCCC1,Covalent,1.0
C=CC(=O)NCC1CCN(CC#N)CC1,Covalent,1.0
Cc1c(C(=O)NC2CCC(=O)NC2=O)cnn1-c1ccccn1,Noncovalent,0.0
O=C1CCC(Nc2ccc(NC(=O)c3cn4ccc(CO)cc4n3)cc2)C(=O)N1,Noncovalent,0.0
Cc1cc2cc(-c3cccc4c3CN(C3CCC(=O)NC3=O)C4=O)ccc2cn1,Noncovalent,0.0
NC1(c2ccc(C(=O)NC3CCC(=O)NC3=O)o2)CC1,Noncovalent,0.0
O=C1CCC(NC(=O)c2ncccc2OC(F)(F)C(F)Cl)C(=O)N1,Noncovalent,0.0
CC(C)CC(C#N)NC(=O)C(F)Cl,Covalent,1.0
Cc1cc(NC(=O)CCl)n(C)n1,Covalent,1.0
C=CS(=O)(=O)N(CC)Cc1cnn(CC)c1,Covalent,1.0
Cc1cncc(S(=O)(=O)F)n1,Covalent,1.0
O=C1CCC(NC(=O)c2c(O)cnc3c(Br)cccc23)C(=O)N1,Noncovalent,0.0
CC1CCCN(S(=O)(=O)c2ccc(C(=O)NC3CCC(=O)NC3=O)cc2)C1,Noncovalent,0.0
CC1CC(C)(NC(=O)C(C)Cl)CCO1,Covalent,1.0
Cc1noc(NC(=O)CCl)n1,Covalent,1.0
C=CC(=O)NC1C(=O)SC12CCCCC2,Covalent,1.0
O=C1CCC(N2Cc3cc(C(=O)NCCCF)ccc3C2=O)C(=O)N1,Noncovalent,0.0
O=C1CCC(NC(=O)c2cnn3cc(Br)cnc23)C(=O)N1,Noncovalent,0.0
C=CC(=O)N1CCC(OCc2ccccc2)C1,Covalent,1.0
CS(=O)(=O)CCN(C#N)c1ccccc1,Covalent,1.0
COc1ccc2ccccc2c1/C=N/NC(=O)c1cc2cccc(C)c2nc1C,non-covalent,0.0
CC#CC(=O)NC(C(N)=O)c1ccccc1F,Covalent,1.0
C=CC(=O)NCC1CSc2ccccc21,Covalent,1.0
O=C1CCC(NC(=O)c2csc(-c3cnn(-c4ccccc4)c3)n2)C(=O)N1,Noncovalent,0.0
O=C1CCC(n2cc(-c3cncs3)nn2)C(=O)N1,Noncovalent,0.0
C=CS(=O)(=O)N1CC2(CCC(C)OC2)C1,Covalent,1.0
O=S(=O)(F)Oc1ccc2ncncc2c1,Covalent,1.0
O=C1CCC(N2Cc3cc(CNC(=O)c4coc5ccccc45)ccc3C2=O)C(=O)N1,non-covalent,0.0
COC(=O)C12C3C4C1C1C2C3C41C(=O)Nc1ccc2c(c1)C(=O)N(C1CCC(=O)NC1=O)C2=O,non-covalent,0.0
O=C1CCC(N2Cc3c(NCC(=O)N4CC=CCC4)cccc3C2=O)C(=O)N1,Noncovalent,0.0
Cc1cnn(CC(=O)Nc2ccc3c(c2)C(=O)N(C2CCC(=O)NC2=O)C3=O)c1,Noncovalent,0.0
CCC1(c2ccc(NCc3nocc3C)cc2)CCC(=O)NC1=O,Noncovalent,0.0
C=CCN(C(=O)CCl)c1ccccc1,Covalent,1.0
O=C(CCl)N[C@H]1CC[C@@H](CO)CC1,Covalent,1.0
C=CC(=O)N1CCN(C2CCOCC2)CC1,Covalent,1.0
C=CC(=O)NCC1CCC(C(N)=O)CC1,Covalent,1.0
C=CC(=O)N1CCC2(CC1)CC(C1CC1)=NO2,Covalent,1.0
CC(C)(NC(=O)CCl)C(=O)N1CCCC1,Covalent,1.0
N#CN(CCOCCO)c1ccc(F)cc1,Covalent,1.0
O=C1CCC(N2Cc3cc(CNC(=O)Nc4ccc(Cl)cc4)ccc3C2=O)C(=O)N1,non-covalent,0.0
Cc1oc(C(=O)NC2CCC(=O)NC2=O)cc1CN1C(=O)c2ccccc2C1=O,Noncovalent,0.0
O=C(C(F)Cl)N1CCN2C(=O)CCC2C1,Covalent,1.0
CN(c1ncnc2c1CN(Cc1ccccc1)CC2)C1CCC(=O)NC1=O,Noncovalent,0.0
C=CC(=O)NC(c1ccco1)C(C)(C)C,Covalent,1.0
CC(C)n1cc(NC(=O)C23CC2C3)nn1,Covalent,1.0
O=C1CCC(c2ccc(NS(=O)(=O)c3cnn4ncccc34)cc2)C(=O)N1,Noncovalent,0.0
CC1(C)Cc2occc2CN(C(=O)C23CC2C3)C1,Covalent,1.0
Cn1c(Cc2cccs2)nc2cc(C(=O)NC3CCC(=O)NC3=O)ccc21,Noncovalent,0.0
O=C1CCC(NC(=O)c2ccc(-c3ccccc3)cc2)C(=O)N1,Noncovalent,0.0
Cc1cc(Nc2ccc3c(c2)C(=O)N(C2CCC(=O)NC2=O)C3)ncn1,Noncovalent,0.0
COC(=O)C(C#N)=Cc1ccc(OC)cc1,Covalent,1.0
C=CC(=O)NC1CCN(CC2CCCO2)CC1,Covalent,1.0
O=C(Nc1ccc(Cl)nc1)C(F)Cl,Covalent,1.0
C=CC(=O)NC1CCN(c2ccn(C)n2)C1=O,Covalent,1.0
O=C(O)Cc1ccc(S(=O)(=O)F)cc1,Covalent,1.0
O=C1CCC(N2C(=O)c3ccc(OS(=O)(=O)F)cc3C2=O)C(=O)N1,Covalent,1.0
Cc1cn2nnc(C(=O)NC3CCC(=O)NC3=O)c2c(=O)[nH]1,Noncovalent,0.0
O=C1CCC(NC(=O)c2ccc(Cl)c3occc23)C(=O)N1,Noncovalent,0.0
O=S(=O)(F)c1cnn(-c2ccccc2F)c1,Covalent,1.0
O=C1CCC(NC(=O)c2cnn3c2OCC2(COC2)C3)C(=O)N1,Noncovalent,0.0
CCC(=O)c1ccc(-c2cccc3c2CN(C2CCC(=O)NC2=O)C3=O)cc1,Noncovalent,0.0
COC(=O)c1occc1-c1cccc2c1CN(C1CCC(=O)NC1=O)C2=O,Noncovalent,0.0
C=CC(=O)NC1CCc2sccc2NC1=O,Covalent,1.0
Cc1ccc(CN(C(=O)CCl)C2CC2)o1,Covalent,1.0
CCOC1CC(NC(=O)CCl)C12CCCO2,Covalent,1.0
C=CC(=O)N(C)C1CC(c2cccnc2)C1,Covalent,1.0
CC#CC(=O)N1CC(OC(=O)NC(C)C)C1,Covalent,1.0
CNC(=O)C1CCCN1C(=O)CCl,Covalent,1.0
C=CC(=O)N1CCn2cccc2C1C,Covalent,1.0
COc1c(F)cc(F)c(C(=O)NC2CCC(=O)NC2=O)c1Br,Noncovalent,0.0
O=C1CCC(NC(=O)c2ccc(=O)n3c2CCCC3)C(=O)N1,Noncovalent,0.0
C=CC(=O)NCC(=O)N1CCCc2ccccc21,Covalent,1.0
O=C1CCC(NC(=O)c2nnc(-c3ccccn3)[nH]2)C(=O)N1,Noncovalent,0.0
Cc1cc(C=C(C#N)C(=O)O)c(C)n1CC(C)C,Covalent,1.0
O=C1CCC(NC(=O)c2nnn(C3CCNC3)c2C(F)F)C(=O)N1,Noncovalent,0.0
COc1cccc2scc(C(=O)NC3CCC(=O)NC3=O)c12,Noncovalent,0.0
C=CS(=O)(=O)N1CCC(OC2CCC2)CC1,Covalent,1.0
NCCOCCC(=O)Nc1ccc2c(c1)C(=O)N(C1CCC(=O)NC1=O)C2=O,Noncovalent,0.0
CC(C)(C)C1CNC(=O)CN1C(=O)CCl,Covalent,1.0
Cn1cnc2ccc(C(=O)NC3CCC(=O)NC3=O)cc2c1=O,Noncovalent,0.0
O=C1CCC(NC(=O)c2cncc(-n3ccnn3)c2)C(=O)N1,Noncovalent,0.0
C=CS(=O)(=O)N[C@H]1COC[C@H]1n1cccn1,Covalent,1.0
OB(O)c1cccnc1Br,Covalent,1.0
CC(C)(C)c1ccccc1Nc1ccc(C(=O)NC2CCC(=O)NC2=O)cc1,Noncovalent,0.0
CC(C)(C)OC(=O)n1cccc1B(O)O,Covalent,1.0
CCc1cc(C(=O)NC2CCC(=O)NC2=O)c(C)nn1,Noncovalent,0.0
C=CS(=O)(=O)Nc1c(OC)noc1C,Covalent,1.0
O=C1CCN(c2ccc(C(=O)NC3CNCc4nccn4C3)cc2)C(=O)N1,Noncovalent,0.0
O=C(CCl)NCC12CCCCC1C2(F)F,Covalent,1.0
O=C1CCC(NC(=O)c2cncn2C2CC2)C(=O)N1,Noncovalent,0.0
CC1(C(=O)NC2CCCc3ccccc32)CO1,Covalent,1.0
N#CN(CC1CCOC1)c1ccc(F)cc1,Covalent,1.0
CC#CC(=O)N(Cc1ccccn1)C1CC1,Covalent,1.0
Cn1nc(N2CCC(=O)NC2=O)c2ccccc21,non-covalent,0.0
Cc1cccn2cc(COc3ccccc3C(=O)NC3CCC(=O)NC3=O)nc12,Noncovalent,0.0
O=C1CCC(N2Cc3cc(N4CCNCC4)ccc3C2=O)C(=O)N1,Noncovalent,0.0
O=C1CCC(NC(=O)c2ncc3cc(Br)ccc3n2)C(=O)N1,Noncovalent,0.0
C=CC(=O)Nc1ccc2oc(C)c(C)c2c1,Covalent,1.0
Cc1nn(-c2ccccc2)c2ncc(C(=O)NC3CCC(=O)NC3=O)cc12,Noncovalent,0.0
O=C1CCC(NC(=O)c2c(C(F)F)nc3cnccn23)C(=O)N1,Noncovalent,0.0
Cc1c(C(=O)NC2CCC(=O)NC2=O)cnn1C1CCS(=O)(=O)C1,Noncovalent,0.0
CC(=O)Nc1c(S(=O)(=O)F)c(C)nn1C,Covalent,1.0
N#Cc1ccc(-c2ccc3c(c2)CN(C2CCC(=O)NC2=O)C3=O)nc1,Noncovalent,0.0
CC1(C)CN(C(=O)CCl)CCO1,Covalent,1.0
C=CC(=O)NCC1(c2ccccc2)NC(=O)NC1=O,Covalent,1.0
CC#CC(=O)NC1COc2ccccc2C1O,Covalent,1.0
O=C1CCC(N2Cc3c(C#CCNc4ccccc4)cccc3C2=O)C(=O)N1,non-covalent,0.0
CCc1nc(NC(=O)CCl)sc1C,Covalent,1.0
C=CC(=O)NCC(NC(=O)c1ccc2c(c1)CNC2=O)c1ccc2ccccc2c1,Covalent,1.0
Cn1c(=O)n(C2CCC(=O)NC2=O)c2ccc(C#CCO)cc21,non-covalent,0.0
C[C@@H]1CNC[C@H](C)N1C(=O)c1ccc2c(c1)CN(C1CCC(=O)NC1=O)C2=O,Noncovalent,0.0
C=CC(=O)NC12CC(c3ccccc3)(C1)C2,Covalent,1.0
CNC(=O)c1nc(NC(=O)Cn2cnc(C)c(C)c2=O)sc1CCc1ccccc1,non-covalent,0.0
COc1ccc2sc(B(O)O)cc2c1,Covalent,1.0
O=C(NC12CC(C1)C(=O)NC2=O)c1ccc(Cl)cn1,Noncovalent,0.0
C=CC(=O)N1CCO[C@@H](C)[C@@H]1C(=O)O,Covalent,1.0
CC#CC(=O)NC1c2cccc(F)c2OC1C,Covalent,1.0
Cc1cc(C=C(C#N)C(N)=O)c(C)n1C1CC1,Covalent,1.0
CCc1nc2ccc(C(=O)NC3CCC(=O)NC3=O)cn2n1,Noncovalent,0.0
C=CC(=O)N1CCC2(CC1)CC2CN1CCCC1,Covalent,1.0
CCN(C(=O)CCl)C1CC1,Covalent,1.0
Cc1nn(C)c(N)c1S(=O)(=O)F,Covalent,1.0
O=C1CCC(N2Cc3ccc(CNC(=O)N4CCCCCC4)cc3C2=O)C(=O)N1,Noncovalent,0.0
C=CC(=O)NCCC1CCC(C)(C)CO1,Covalent,1.0
O=C1CCC(NC(=O)c2ccc(F)c(S(=O)(=O)Cc3ncon3)c2)C(=O)N1,Noncovalent,0.0
C=CC(=O)Nc1cccc2c1CCO2,Covalent,1.0
C=CC(=O)NCC1(c2ccncc2F)CC1,Covalent,1.0
CN1Cc2c(cccc2S(=O)(=O)N(C)c2cc(O)ccc2F)C1=O,Noncovalent,0.0
O=C1CCC(Nc2ncnc3scc(-c4ccc(F)cc4)c23)C(=O)N1,Noncovalent,0.0
C=CC(=O)N(C)C1CCCOC1,Covalent,1.0
O=C1CCC(NC(=O)c2cnn3ccsc23)C(=O)N1,Noncovalent,0.0
Cc1ccc(F)c2oc(C(=O)NC3CCC(=O)NC3=O)cc12,Noncovalent,0.0
OB(O)c1ccc(OC2CCOC2)cc1,Covalent,1.0
O=C1CCC(N2Cc3c(cccc3-c3ccc4nc[nH]c(=O)c4c3)C2=O)C(=O)N1,Noncovalent,0.0
CC(C)c1nn(C)c2sc(C(=O)NC3CCC(=O)NC3=O)cc12,Noncovalent,0.0
CC(C)(C)C(NC(=O)CCl)c1cccs1,Covalent,1.0
COC(=O)c1cc(OS(=O)(=O)F)ccc1C,Covalent,1.0
C=CC(=O)NC1C2C3CC4C5C3CC2C5C41,Covalent,1.0
Cc1ccc2[nH]cc(CCNC(=O)C3CO3)c2c1,Covalent,1.0
C=CS(=O)(=O)N1CCC[C@@H]1c1n[nH]c(=O)o1,Covalent,1.0
Cc1ccc(C=C(C#N)C(N)=O)o1,Covalent,1.0
Cc1ccc2c(c1)OCC(C(=O)Nc1ccc3c(c1)CN(C1CCC(=O)NC1=O)C3=O)=C2,non-covalent,0.0
CNc1ccc(NC(=O)c2cccc3c2CN(C2CCC(=O)NC2=O)C3=O)cc1,Noncovalent,0.0
CNc1ccc(NC(=O)c2ccc3c(c2)C(=O)N(C2CCC(=O)NC2=O)C3)cc1,Noncovalent,0.0
COc1cc2ccc(C(=O)Nc3ccc4c(c3)CN(C3CCC(=O)NC3=O)C4=O)cc2cn1,non-covalent,0.0
CC#CC(=O)N1CCCc2[nH]nc(C)c21,Covalent,1.0
O=C(NC1CCOC(c2ccccc2)C1)C1CO1,Covalent,1.0
C=CC(=O)Nc1ccc(-n2nccn2)cc1,Covalent,1.0
O=C1CCC(NC(=O)c2ccc3[nH]c(=O)n(C4CC4)c3c2)C(=O)N1,Noncovalent,0.0
O=C(CCl)Nc1cc2c(cc1Cl)OCO2,Covalent,1.0
C=CC(=O)N1C[C@@H](CO)[C@H](c2ccsc2)C1,Covalent,1.0
Cn1c(=O)n(C2CCC(=O)NC2=O)c2cccc(Br)c21,non-covalent,0.0
C=CC(=O)Nc1cnc2ccc(F)cc2c1,Covalent,1.0
c1cc2c(c(OCC3CO3)c1)CCOC2,Covalent,1.0
CS(=O)(=O)c1cncc(B(O)O)c1,Covalent,1.0
C=CC(=O)NCc1cc2ccccc2s1,Covalent,1.0
O=C1CCC(NC(=O)c2cc3c([nH]c2=O)CCCC3O)C(=O)N1,Noncovalent,0.0
O=C1CCC(N2Cc3ccc(NC(=O)CC4CCCC45CC5)cc3C2=O)C(=O)N1,Noncovalent,0.0
CN(C(=O)CCl)C1=CCCC1,Covalent,1.0
C=CC(=O)NCC1OCCc2sc(F)cc21,Covalent,1.0
NCCc1ccc(-c2ccc3c(c2)CN(C2CCC(=O)NC2=O)C3=O)cc1,Noncovalent,0.0
COc1ccccc1C1CCN(C(=O)C2CO2)C1,Covalent,1.0
CCN1CCOC(C(=O)NCc2ccoc2C(=O)NC2CCC(=O)NC2=O)C1,Noncovalent,0.0
CCC(CC#N)NC(=O)C(F)Cl,Covalent,1.0
COc1cccc(COCC2CO2)c1,Covalent,1.0
N[C@@H](Cc1ccc(S(=O)(=O)F)cc1)C(=O)O,Covalent,1.0
CC(C)(N)CCNC(=O)c1cccc2c1CN(C1CCC(=O)NC1=O)C2=O,Noncovalent,0.0
Cc1cccc2c1S(=O)(=O)N(C1CCC(=O)NC1=O)C2=O,Noncovalent,0.0
Cc1ccc(CNC(=O)CCl)s1,Covalent,1.0
CC(Cl)C(=O)NC1Cc2ccc(C#N)cc2C1,Covalent,1.0
CCC1(c2ccc(NC(=O)C34CC3C4)cc2)CCC(=O)NC1=O,Covalent,1.0
CC(C)Cc1cc(C(=O)NC2CCC(=O)NC2=O)cc(O)n1,Noncovalent,0.0
C=CC(=O)N1CCCC1c1ccccc1Cl,Covalent,1.0
CN(c1nc(Cl)nc2[nH]c(C(C)(C)O)nc12)C1CCC(=O)NC1=O,Noncovalent,0.0
O=C1CCC(NC(=O)c2c3c(nc4ccc(Cl)cc24)CCC3)C(=O)N1,Noncovalent,0.0
C=CC(=O)N(C)c1cc(OC)ccc1Cl,Covalent,1.0
C=CC(=O)NC1COCC1C1CC1,Covalent,1.0
Cc1cc(Br)cc2c(C(=O)NC3CCC(=O)NC3=O)coc12,Noncovalent,0.0
COC(=O)c1cc(S(=O)(=O)F)ccn1,Covalent,1.0
C=CC(=O)NCC(=O)C1CC2CCC1C2,Covalent,1.0
C=CC(=O)Nc1cc(C)n(CC(C)C)n1,Covalent,1.0
C=CC(=O)NC1COc2cc(Cl)ccc2C1,Covalent,1.0
C=CC(=O)N1CCCC1C1CCCCO1,Covalent,1.0
Cn1ncc2nc(C(F)F)c(C(=O)NC3CCC(=O)NC3=O)cc21,Noncovalent,0.0
CC(NC(=O)CCl)C(C)n1cncn1,Covalent,1.0
CCC(NC(=O)C12CC1C2)c1ccc(OC)cc1,Covalent,1.0
O=C(C1CO1)N(CC1CCCCC1)C1CC1,Covalent,1.0
C=CC(=O)NCCN1CCc2sccc2C1,Covalent,1.0
Cn1nccc1-c1cc(F)ccc1OCC1CO1,Covalent,1.0
O=C1CCN(c2ccc(-c3cc(F)cc(COC4CCCCC4)c3)cc2)C(=O)N1,Noncovalent,0.0
CN(CCc1ccc(C#N)cc1)C(=O)CCl,Covalent,1.0
COc1c(Cl)cccc1NC(=O)CCl,Covalent,1.0
CC(Cl)C(=O)N(Cc1ccsc1)C1CC1,Covalent,1.0
Cn1cnc2c(OS(=O)(=O)F)cccc21,Covalent,1.0
O=C1CCC(n2cc(-c3cscc3OCC3CCCCC3)nn2)C(=O)N1,non-covalent,0.0
C[C@@H]1CCCN1CC(=O)Nc1ccc2c(c1)C(=O)N(C1CCC(=O)NC1=O)C2=O,Noncovalent,0.0
CCCc1ccc(-c2cn(C3CCC(=O)NC3=O)nn2)cc1,Noncovalent,0.0
O=C1CCC(N2Cc3c(cccc3-c3ccnn3-c3ccccc3)C2=O)C(=O)N1,Noncovalent,0.0
C=CC(=O)N1CC(CN2CCOCC2)C1,Covalent,1.0
C=CS(=O)(=O)N1CCC[C@H](CO)C1,Covalent,1.0
COc1cc(SC)ccc1NC(=O)C12CC1C2,Covalent,1.0
O=C1NCCOc2ccc(S(=O)(=O)Nc3cccc4c3C(=O)NC4)cc21,Noncovalent,0.0
O=C(CCn1cnnn1)NCc1cc(C(=O)NC2CCC(=O)NC2=O)on1,Noncovalent,0.0
Cc1cc(=O)c(C(=O)NC2CCC(=O)NC2=O)nn1-c1ccccc1Cl,Noncovalent,0.0
CC#CC(=O)NCc1nnc2ccc(Cl)cn12,Covalent,1.0
O=C1CCC(c2ccc(NC(=O)c3c(F)cccc3-n3cccn3)cc2)C(=O)N1,Noncovalent,0.0
C=CC(=O)N1CCCC2(CCSCC2)C1,Covalent,1.0
O=C1NCCC[C@@H]1NC(=O)C12CC1C2,Covalent,1.0
O=C1CCC(NC(=O)c2c[nH]c3ccc(Oc4ccccc4)cc3c2=O)C(=O)N1,Noncovalent,0.0
CCCNC(=O)C(C#N)=Cc1ccc(O)nc1,Covalent,1.0
CC#CC(=O)NC1CCC(CO)C(C)(C)C1C,Covalent,1.0
C=CC(=O)NCC1(O)CCc2cc(F)ccc21,Covalent,1.0
C=CC(=O)N1CCC2(CCC2)C(C(=O)O)C1,Covalent,1.0
O=C(CCl)N1CCc2[nH]c3ccccc3c2C1,Covalent,1.0
O=S(=O)(F)c1ccoc1C(F)F,Covalent,1.0
CNCc1cn(-c2ccc3c(c2)CN(C2CCC(=O)NC2=O)C3=O)nn1,Noncovalent,0.0
CC1CCN(CC(C)c2nnc(-c3cccc4c3CNC4=O)o2)CC1,Noncovalent,0.0
O=C(NC1CCCOc2ccccc21)C1CO1,Covalent,1.0
O=C1CCC(Nc2ncnc3[nH]c(C(F)F)nc23)C(=O)N1,Noncovalent,0.0
COc1c(C(=O)Nc2ccc(C3CCC(=O)NC3=O)cc2)ccc2c1CCC2,Noncovalent,0.0
O=C(CCl)NC(=O)CN1CCCC1=O,Covalent,1.0
C=CC(=O)N1CCC(C(C)(C)O)CC1,Covalent,1.0
O=C(CCl)NCc1cnc(C2CC2)o1,Covalent,1.0
C=CC(=O)Nc1ccc(C(=O)Nc2ccccc2C2CNC(=O)C2)cc1,Covalent,1.0
C=CC(=O)Nc1ccc(F)c(C(F)F)c1,Covalent,1.0
NCCCCNc1cccc2c1C(=O)N(C1CCC(=O)NC1=O)C2=O,Noncovalent,0.0
O=C1CC[C@@H](NC(=O)c2cocc2Br)C(=O)N1,Noncovalent,0.0
C=CC(=O)N1CCN(c2nccnc2C)CC1,Covalent,1.0
C=CC(=O)N1CC(=O)N(CCC(F)(F)F)C1,Covalent,1.0
COc1cccc(OC)c1C(=O)NC1CCC(=O)NC1=O,Noncovalent,0.0
C=CC(=O)N1CCC[C@H]1Cn1nc(C)nc1C,Covalent,1.0
N#CC(=Cc1ccc(-n2ccnc2)nc1)C(=O)O,Covalent,1.0
OB(O)c1ccc2c(c1)OCC2,Covalent,1.0
N[C@@H](Cc1ccc(B(O)O)cc1F)C(=O)O,Covalent,1.0
O=C1CCC(N2Cc3c(C(=O)NC4(C(=O)O)CCC4)cccc3C2=O)C(=O)N1,Noncovalent,0.0
COc1cccc(C2CCC(=O)NC2=O)c1,non-covalent,0.0
O=C1CC(c2ccc(Cl)cc2)CC(=O)N1,Noncovalent,0.0
CC(C(=O)Nc1ccc(C2CCC(=O)NC2=O)cc1)c1cnc2c(cnn2C)c1,Noncovalent,0.0
O=C1CCC(N2Cc3ccc(NC(=O)[C@@H]4C[C@H]4F)cc3C2=O)C(=O)N1,Noncovalent,0.0
O=C1CCC(Sc2ccc(S(=O)(=O)N3CCOCC3)cn2)C(=O)N1,Noncovalent,0.0
O=C1CCC(N2Cc3ccc(C(=O)NCC[C@H]4CCCN4)cc3C2=O)C(=O)N1,Noncovalent,0.0
O=C1CCC(NC(=O)c2snc3ccc(Br)cc23)C(=O)N1,Noncovalent,0.0
COc1cccc2cc(B(O)O)oc12,Covalent,1.0
CCN(C(=O)CCl)C(C)c1ccc(F)cc1,Covalent,1.0
C=CC(=O)N1CCN2CCS(=O)(=O)CC2C1,Covalent,1.0
C=CS(=O)(=O)NCc1ccc(Cl)nc1,Covalent,1.0
CCn1cnc2c(C(=O)NC3CCC(=O)NC3=O)ncnc21,Noncovalent,0.0
C=CC(=O)N1CCc2ccccc2C1(C)C,Covalent,1.0
O=C(CCl)N1CCCc2n[nH]cc21,Covalent,1.0
C=CS(=O)(=O)CCN1CCOC(C)(C)C1C,Covalent,1.0
C=CC(=O)NC(C1CCC1)C1CCCO1,Covalent,1.0
C#CC1CC2CCC1N(S(=O)(=O)C=C)C2,Covalent,1.0
Cc1cc(Cl)cc(C)c1S(=O)(=O)NC1CCC(=O)NC1=O,Noncovalent,0.0
Cn1ccc(NC(=O)Nc2ccc3c(c2)CN(C2CCC(=O)NC2=O)C3=O)n1,Noncovalent,0.0
Cc1nc(-c2ccncc2)nc(Nc2cccc(C3CCC(=O)NC3=O)c2)c1C,Noncovalent,0.0
O=C1CCC(NC(=O)c2cc(C3CCCCC3)on2)C(=O)N1,Noncovalent,0.0
C=CS(=O)(=O)N1CCOC2(CCOC2C)C1,Covalent,1.0
NCCOCCOc1ccc2c(c1)C(=O)N(C1CCC(=O)NC1=O)C2=O,Noncovalent,0.0
CC(Cl)C(=O)Nc1ccc2nncn2c1,Covalent,1.0
O=C1CCC(NC(=O)c2nnc3c(C(F)(F)F)cccn23)C(=O)N1,Noncovalent,0.0
C=CC(=O)NC1CSCC1C,Covalent,1.0
O=C(NCc1cnco1)C(F)Cl,Covalent,1.0
C=CC(=O)NCC1CCCc2cc(OC)ccc21,Covalent,1.0
CCN(C)C(=O)c1ccc2c(c1)CN(C1CCC(=O)NC1=O)C2=O,Noncovalent,0.0
O=C1CCC(N2C(=O)c3cccc(N4CC5(CNC5)C4)c3C2=O)C(=O)N1,non-covalent,0.0
Cc1noc(C2CN(C(=O)C(C)Cl)C2)n1,Covalent,1.0
O=C1CCC(NC(=O)c2cc(Cl)c3c(c2)OCCCO3)C(=O)N1,Noncovalent,0.0
O=C1CCC(c2ccc(Nc3ncnc4c3CCNC4=O)cc2)C(=O)N1,Noncovalent,0.0
O=C1CCC(NC(=O)c2cccc(Nc3ncnc4ccccc34)c2)C(=O)N1,Noncovalent,0.0
C=CC(=O)N1CCc2cccc(F)c2C1C,Covalent,1.0
Cc1[nH]c2ncccc2c1C(=O)NC1CCC(=O)NC1=O,Noncovalent,0.0
Cc1ccc(F)c(N(C#N)Cc2nnc(C)o2)c1,Covalent,1.0
O=C(CCl)Nc1cccc2ncccc12,Covalent,1.0
CC#CC(=O)N1C[C@H]2C[C@@]2(c2ccc(C)cc2)C1,Covalent,1.0
CC(Cl)C(=O)N[C@H](C)c1cnccn1,Covalent,1.0
Nc1cccc(NC(=O)c2ccc3c(c2)C(=O)N(C2CCC(=O)NC2=O)C3)c1,Noncovalent,0.0
NC(Cc1ccccc1)C(=O)NCc1ccc2c(c1)CN(C1CCC(=O)NC1=O)C2=O,non-covalent,0.0
CN(C)c1ccc(CNC(=O)CCl)cc1,Covalent,1.0
CN(C)c1ccc2c(c1)C(=O)N(C1CCC(=O)NC1=O)C2=O,non-covalent,0.0
c1cc(C2CCOC2)ccc1OCC1CO1,Covalent,1.0
O=C1CCC(NC(=O)c2cc3n(n2)CCNS3(=O)=O)C(=O)N1,Noncovalent,0.0
O=C1CCC(n2cc(C3(O)CCC3)nn2)C(=O)N1,Noncovalent,0.0
O=C(NC12CC(C1)C(=O)NC2=O)c1ccc(C(F)(F)F)c(F)c1,Noncovalent,0.0
C=CC(=O)NCc1cccc2cccnc12,Covalent,1.0
O=C1CCC(N2Cc3c(C(=O)N[C@H]4C[C@H](C(=O)O)C4)cccc3C2=O)C(=O)N1,Noncovalent,0.0
O=C1CCC(NC(=O)c2c[nH]c3ncc(F)cc23)C(=O)N1,Noncovalent,0.0
O=C1CCC(N2Cc3ccc(C(=O)N4CCCC(C(=O)O)C4)cc3C2=O)C(=O)N1,Noncovalent,0.0
CC#CC(=O)NCc1cnc(C)nc1O,Covalent,1.0
C=CC(=O)NC1CC=C(c2ccc(F)cc2)CC1,Covalent,1.0
C=CS(=O)(=O)NCc1sccc1Cl,Covalent,1.0
NS(=O)(=O)C1CCOc2ccc(C(=O)NC3CCC(=O)NC3=O)cc21,Noncovalent,0.0
O=C1CCC(N2Cc3cc(C(=O)NCC4CCCCCN4)ccc3C2=O)C(=O)N1,Noncovalent,0.0
O=C1CCC(N2C(=O)c3ccc(OCc4nc(C5CC5)no4)cc3C2=O)C(=O)N1,Noncovalent,0.0
COC1C2CC3CN(C(=O)C(C)Cl)C1C3C2,Covalent,1.0
C=CC(=O)N(C)Cc1conc1CC,Covalent,1.0
O=C1CCC(NC(=O)c2ccc(-n3cnnn3)cc2Cl)C(=O)N1,Noncovalent,0.0
CC1(C)CCCN(C(=O)Nc2ccc3c(c2)CN(C2CCC(=O)NC2=O)C3=O)C1,Noncovalent,0.0
CN(c1nc(C(F)(F)F)nc2ccsc12)C1CCC(=O)NC1=O,Noncovalent,0.0
C=CS(=O)(=O)N1CCc2ccsc2C1C,Covalent,1.0
O=C1CCC(NC(=O)c2occ3c2CCOC3)C(=O)N1,Noncovalent,0.0
CC(=O)Nc1cc(Oc2cccc3c2C(=O)N(C2CCC(=O)NC2=O)C3=O)cc(C(C)(C)C)c1,non-covalent,0.0
Cc1cccc(NC(=O)NCc2ccc3nnn(C4CCC(=O)NC4=O)c(=O)c3c2)c1,non-covalent,0.0
Cc1nc(S(=O)(=O)F)n(C)c1C,Covalent,1.0
C=CC(=O)NC1CCOC(C(C)(C)C)C1,Covalent,1.0
Cc1ccsc1CN(C)C(=O)CCl,Covalent,1.0
Cc1nn(C2CCOCC2)c(C)c1-c1ccc(N2CCC(=O)NC2=O)cc1,Noncovalent,0.0
O=C1CCC(N2Cc3cc(CNC(=O)/C(Cc4ccc([N+](=O)[O-])cc4)=N/O)ccc3C2=O)C(=O)N1,non-covalent,0.0
CC(Cl)C(=O)NC1CC(C)(C)OC1(C)C,Covalent,1.0
O=C1CCC(NC(=O)c2ncnc3c2c(Br)cn3C2CC2)C(=O)N1,Noncovalent,0.0
O=C1CCC(NC(=O)c2cnc3[nH]c(C(F)(F)F)nc3c2)C(=O)N1,Noncovalent,0.0
O=C1CCC(NC(=O)c2ccn3ncc(Br)c3c2)C(=O)N1,Noncovalent,0.0
C=CC(=O)N1CCCC2(CCCCO2)C1,Covalent,1.0
C=CC(=O)N(C)Cc1ncc(C(F)(F)F)n1C,Covalent,1.0
COCOc1ccc(B(O)O)cc1Cl,Covalent,1.0
CON(C)C(=O)c1ccc2c(c1)CN(C1CCC(=O)NC1=O)C2=O,Noncovalent,0.0
O=C1CCC(N2Cc3c(NC(=O)[C@H]4C[C@H]4C(F)F)cccc3C2=O)C(=O)N1,Noncovalent,0.0
COc1cc(B(O)O)c(C2CC2)cc1Cl,Covalent,1.0
C=CC(=O)N1CC(COc2ccccc2)C1,Covalent,1.0
c1cc(C2CCOCC2)ccc1OCC1CO1,Covalent,1.0
O=C(CCl)NCCN1CCCS1(=O)=O,Covalent,1.0
O=C1CC[C@H](NC(=O)c2cccc3[nH]cnc23)C(=O)N1,Noncovalent,0.0
Cc1nccc(C2(NC(=O)CCl)CC2)n1,Covalent,1.0
O=C1CCC(N2Cc3cc(NC(=O)c4ccccc4)ccc3C2=O)C(=O)N1,non-covalent,0.0
CC#CC(=O)N(C)[C@H](C)c1ccccc1OC,Covalent,1.0
CC(=O)NCC1CN(C(=O)CCl)CCO1,Covalent,1.0
O=C1CCC(N2Cc3c(NC(=O)CNc4ccnc(N5CCC[C@@H]5CO)n4)cccc3C2=O)C(=O)N1,non-covalent,0.0
C=CC(=O)NCC1(c2ccccc2)CC1(C)C,Covalent,1.0
O=C1CCC(NC(=O)c2csc3c(F)cc(F)cc23)C(=O)N1,Noncovalent,0.0
C#CCCN(C(=O)CCl)C1CCOCC1,Covalent,1.0
NCCC(C(=O)Nc1ccc(C2CCC(=O)NC2=O)cc1)c1cn[nH]c1,Noncovalent,0.0
COc1cccc(C2N=C(Nc3cccc4c3CN(C3CCC(=O)NC3=O)C4=O)C=CN2)c1,non-covalent,0.0
CC(Cl)C(=O)NC1COc2ccc(F)cc21,Covalent,1.0
COCCc1ccc(-c2ccc3c(c2)CN(C2CCC(=O)NC2=O)C3=O)cc1,Noncovalent,0.0
O=C1CCC(NC(=O)c2n[nH]c3c2Cc2c(Br)cccc2-3)C(=O)N1,Noncovalent,0.0
CC(C)Oc1ccc(S(C)(=O)=O)cc1C(=O)NC1CCC(=O)NC1=O,Noncovalent,0.0
CC(NC(=O)CCl)C(=O)N1CCCCC1,Covalent,1.0
C=CC(=O)NC(C)(C)c1c(C)noc1C,Covalent,1.0
C=CC(=O)Nc1ccc(C(F)(F)F)c(F)c1,Covalent,1.0
Cc1ccc(C(=O)NC23CC(C2)C(=O)NC3=O)c(Br)c1,Noncovalent,0.0
C#Cc1cccc(NC(=O)NC(=O)CCl)c1,Covalent,1.0
Cc1cc2occ(CC(=O)Nc3ccc4c(c3)C(=O)NC4=O)c2cc1C(C)C,Noncovalent,0.0
O=C1CCC(CS(=O)(=O)Cc2ccccc2)C(=O)N1,non-covalent,0.0
C=CC(=O)N(Cc1ccc(F)c(C)c1)c1ccc2c(c1)C(=O)NC2,Covalent,1.0
CC#CC(=O)N(CC1(O)CCC1)C1CC1,Covalent,1.0
C=CC(=O)N1CC(c2ccccc2)C2CCCC21,Covalent,1.0
CC1(C(=O)O)CCCN1C(=O)c1ccc2c(c1)C(=O)N(C1CCC(=O)NC1=O)C2,Noncovalent,0.0
Cc1csc(N(C(=O)C(F)Cl)C2CC2)n1,Covalent,1.0
O=C1CCC(N2Cc3c(C(=O)N4CC(F)C4)cccc3C2=O)C(=O)N1,Noncovalent,0.0
O=S(=O)(F)CCNc1ccc(Cl)cc1,Covalent,1.0
Cn1c(C(=O)N[C@@H]2CCC(=O)NC2=O)cc2occc21,Noncovalent,0.0
C=CC(=O)NC1CC(=O)N(C(C)C)C1,Covalent,1.0
CCN(C#N)c1ccc(F)c(C#N)c1,Covalent,1.0
O=C(CCl)NCc1ccc2cc[nH]c2n1,Covalent,1.0
CS(=O)(=O)c1cccc(-c2cccc3c2CN(C2CCC(=O)NC2=O)C3=O)c1,Noncovalent,0.0
CC(C)c1ncccc1B(O)O,Covalent,1.0
CN1C(=O)CCC(NCc2cc(F)ccc2F)C1=O,Noncovalent,0.0
Nc1ccc(CNC(=O)c2ccc3c(c2)CN(C2CCC(=O)NC2=O)C3=O)cc1,Noncovalent,0.0
O=S(=O)(F)c1cccc(CO)n1,Covalent,1.0
CN(c1ncnc2c1nc1n2CCOC1)C1CCC(=O)NC1=O,Noncovalent,0.0
C=CC(=O)NC1(c2ccc(F)cc2F)CCC1,Covalent,1.0
O=C1CCC(NC(=O)c2ccc3nncn3n2)C(=O)N1,Noncovalent,0.0
C=CC(=O)NC(C)C1(S(C)(=O)=O)CC1,Covalent,1.0
O=C1CCC(N2C(=O)c3ccc(NC(=O)c4cnc5ccccc5c4)cc3C2=O)C(=O)N1,non-covalent,0.0
O=C1CCC(n2nnc3ccc(CNC(=O)Nc4ccc(-c5ccccc5)cc4)cc3c2=O)C(=O)N1,non-covalent,0.0
O=C1CCC(N2C(=O)c3cccc(C(=O)N4CCCCCCC4)c3C2=O)C(=O)N1,Noncovalent,0.0
Cc1ccc2nc(C)c(C(=O)N/N=C/c3cccnc3)cc2c1,non-covalent,0.0
O=C1CC(c2cccc(NC3CCCCC3)c2)CC(=O)N1,Noncovalent,0.0
O=C1CCC(OC(=O)c2cccc(Oc3ccc(Cl)cc3)n2)C(=O)N1,Noncovalent,0.0
C=CC(=O)N1CCCN(CCOC)C(=O)C1,Covalent,1.0
NC[C@H]1CC[C@H](NC(=O)c2cccc3c2CN(C2CCC(=O)NC2=O)C3=O)CC1,Noncovalent,0.0
O=C1CCC(N2Cc3ccc(C(=O)NC4(C(=O)O)CCCC4)cc3C2=O)C(=O)N1,Noncovalent,0.0
CC1(C)CCc2[nH]c(C(=O)NC3CCC(=O)NC3=O)cc2C1,Noncovalent,0.0
Cc1c(OCC(=O)N2CCCCC2)cccc1N1CCC(=O)NC1=O,non-covalent,0.0
C=CC(=O)NCCc1nc2c(s1)CCC2,Covalent,1.0
OB(O)c1ccc(C(F)F)nc1,Covalent,1.0
O=C(C1CO1)N1CCCC(F)(c2ccccc2)C1,Covalent,1.0
C=CC(=O)NCC1CCCN(c2ncccn2)C1,Covalent,1.0
COC(=O)c1ncn(C2CCC(=O)NC2=O)c1NS(=O)(=O)c1cnc(Cl)c(C)c1,non-covalent,0.0
C=CS(=O)(=O)NCc1ccc(Cl)o1,Covalent,1.0
C=CC(=O)NCc1nccc(C(F)F)n1,Covalent,1.0
O=C1CCC(NC(=O)c2cc(=O)c3cc(Cl)ccc3o2)C(=O)N1,Noncovalent,0.0
O=C1CCC(N2Cc3c(NCCOCCOCCOCc4ccccc4)cccc3C2=O)C(=O)N1,non-covalent,0.0
C=CS(=O)(=O)NC1(c2ccccc2)COC1,Covalent,1.0
CCNc1cccc2nnn(C3CCC(=O)NC3=O)c(=O)c12,Noncovalent,0.0
C=CC(=O)N[C@H]1C[C@](OC)(C(F)(F)F)C1,Covalent,1.0
COc1ccccc1OCC(=O)Nc1cccc(-c2nc3ccccc3c(=O)o2)c1,non-covalent,0.0
C=CS(=O)(=O)N1CCC2(CCCC2)CC1,Covalent,1.0
CN(c1ccc(S(C)(=O)=O)cc1S(C)(=O)=O)C1CCC(=O)NC1=O,Noncovalent,0.0
COc1ccc2ncc(C(=O)Nc3cccc(C4CCC(=O)NC4=O)c3)n2n1,Noncovalent,0.0
O=c1oc2ccccc2n1CCS(=O)(=O)F,Covalent,1.0
O=C1CCC(NC(=O)c2ccc3ncccc3c2F)C(=O)N1,Noncovalent,0.0
O=C1CCC(N2Cc3cc(-c4ccc5ncsc5c4)ccc3C2=O)C(=O)N1,Noncovalent,0.0
C=CC(=O)Nc1nc2ncccn2n1,Covalent,1.0
C[C@H](N)C(=O)Nc1cccc2c1CN(C1CCC(=O)NC1=O)C2=O,Noncovalent,0.0
O=C1CCC(N2Cc3cc(CNC(=O)Nc4c(Cl)cccc4Cl)ccc3C2=O)C(=O)N1,non-covalent,0.0
O=C1CCC(N2Cc3cc(NC(=O)c4cnc5ccccn45)ccc3C2=O)C(=O)N1,non-covalent,0.0
CCc1nnc(CN(C#N)c2ccc(F)cc2)o1,Covalent,1.0
C=CS(=O)(=O)NCc1cc(C(C)(C)C)on1,Covalent,1.0
Cc1c(C(=O)N[C@@H]2CCC(=O)NC2=O)[nH]c2cc(F)cc(F)c12,Noncovalent,0.0
O=S(=O)(F)CCOc1ccc(F)cc1,Covalent,1.0
C#CCN(CC1CCCO1)C(=O)C#CC,Covalent,1.0
CCOc1nc(NC2CCC(=O)NC2=O)ncc1Cl,Noncovalent,0.0
C=CC(=O)NCc1ccnc(-c2ccccn2)n1,Covalent,1.0
Cc1nc2c(NC(=O)CCCCCN)cccc2c(=O)n1C1CCC(=O)NC1=O,Noncovalent,0.0
Nc1ncccc1B(O)O,Covalent,1.0
C=CC(=O)Nc1cc(C2CC2)no1,Covalent,1.0
O=c1c2c(ncn1CCS(=O)(=O)F)CCC2,Covalent,1.0
CC(Cl)C(=O)NCC1CCOC2(CCC2)C1,Covalent,1.0
O=C(C1CO1)N1COCCC1c1ccccc1,Covalent,1.0
Cc1ccc(NC(=O)NCc2ccc(C3CCC(=O)NC3=O)cc2)cc1Cl,non-covalent,0.0
O=C1CCC(N2Cc3cc(-n4cc(-c5nccs5)nn4)ccc3C2=O)C(=O)N1,Noncovalent,0.0
Cc1nn(CC(=O)Nc2ccc(NC3CCC(=O)NC3=O)cc2)c2ncccc12,Noncovalent,0.0
O=C1CCC(N2Cc3cc(C(=O)N4CCC4)ccc3C2=O)C(=O)N1,Noncovalent,0.0
C=CC(=O)Nc1cc(C(C)C)no1,Covalent,1.0
Cc1c(C(=O)NC2CCC(=O)N(C)C2=O)oc2c1ccc1ccccc12,Noncovalent,0.0
CC1(CNC(=O)CCl)CCOC2(CCC2)C1,Covalent,1.0
NCCC(=O)Nc1ccc2c(c1)C(=O)N(C1CCC(=O)NC1=O)C2=O,Noncovalent,0.0
CC(=O)C1CN(C(=O)Nc2ccc3c(c2)CN(C2CCC(=O)NC2=O)C3=O)C1,Noncovalent,0.0
O=C(N1CCN(c2ncccn2)CC1)C12CC1C2,Covalent,1.0
O=C1CCC(N2Cc3c(cccc3-c3ccc4oc(=O)[nH]c4c3)C2=O)C(=O)N1,Noncovalent,0.0
CNCc1cn(-c2cccc3c2CN(C2CCC(=O)NC2=O)C3=O)nn1,Noncovalent,0.0
O=C1CCC(SCc2ccccc2)C(=O)N1,non-covalent,0.0
CC(C)(C)C(=O)C(C#N)=Cc1cccnc1Cl,Covalent,1.0
O=C1CCC(Nc2nc(C(F)(F)F)ns2)C(=O)N1,Noncovalent,0.0
COCC(=O)N1CC(CNC(=O)CCl)C1,Covalent,1.0
C=CC(=O)Nc1ccc(F)c(-n2nnnc2C)c1,Covalent,1.0
COc1nc(C(F)(F)F)ccc1B(O)O,Covalent,1.0
CC1(C)CCN(C(=O)CNc2cccc3c2CN(C2CCC(=O)NC2=O)C3=O)C1,Noncovalent,0.0
CC[C@@H](C(=O)Nc1ccc2c(c1)C(=O)N(C1CCC(=O)NC1=O)C2)N(C)C,Noncovalent,0.0
O=C1CCC(n2cc(C3CCOCC3)nn2)C(=O)N1,non-covalent,0.0
C=CC(=O)Nc1ccc(-c2ncn(C)n2)cc1,Covalent,1.0
Cc1cc(S(=O)(=O)NC2CCC(=O)NC2=O)cc(C)c1F,Noncovalent,0.0
Cn1c(S)nnc1C(=O)NC1CCC(=O)NC1=O,Noncovalent,0.0
O=C1CCC(NC(=O)c2cccc(N3CCCS3(=O)=O)c2)C(=O)N1,Noncovalent,0.0
O=C1CCC(N2Cc3c(cccc3-c3cccc4c3OCC(=O)N4)C2=O)C(=O)N1,Noncovalent,0.0
N#Cc1cncnc1N1CCC(c2ccc(N3CCC(=O)NC3=O)cc2)CC1,Noncovalent,0.0
CN(C)c1ncc(B(O)O)cn1,Covalent,1.0
O=C1CCC(NC(=O)c2nccnc2Oc2ccc(Cl)c(F)c2)C(=O)N1,Noncovalent,0.0
Cc1nc2n(c1C(=O)Nc1ccc(NC3CCC(=O)NC3=O)cc1)CC(C)CC2,Noncovalent,0.0
CC(Cl)C(=O)NCC1NC(=O)CC1(C)C,Covalent,1.0
CCS(=O)(=O)C1CN(C(=O)C(C)Cl)C1,Covalent,1.0
C=CC(=O)N[C@@H]1CCO[C@H]1C1CC1,Covalent,1.0
C=CC(=O)N1CCCC1CC(=O)c1cnn(C)c1,Covalent,1.0
CC(C)c1occ(C(F)(F)F)c1C(=O)N[C@@H]1CCC(=O)NC1=O,Noncovalent,0.0
C=CS(=O)(=O)N1CCOCC(C(C)C)C1,Covalent,1.0
CC(C)(C)C(=O)Nc1cccc2c1C(=O)N(C1CCC(=O)NC1=O)C2=O,non-covalent,0.0
O=C1CCC(N2Cc3c(Nc4ccnc(Nc5ccc6ccccc6c5)n4)cccc3C2=O)C(=O)N1,non-covalent,0.0
CCc1nc(C)oc1C(=O)NC1CCC(=O)NC1=O,Noncovalent,0.0
O=C1CCC(N2Cc3c(NC4=NC(Nc5ccc6c(c5)OCCO6)NC=C4)cccc3C2=O)C(=O)N1,non-covalent,0.0
NC1(CNC(=O)c2ccc3c(c2)CN(C2CCC(=O)NC2=O)C3=O)CCCCC1,Noncovalent,0.0
Cn1ccc(=O)[nH]c1=O,non-covalent,0.0
Cc1cccc(S(=O)(=O)NC2CCC(=O)NC2=O)c1Cl,Noncovalent,0.0
CN(C)S(C)(=O)=Nc1nc(C(=O)NC2CCC(=O)NC2=O)cs1,Noncovalent,0.0
C=CC(=O)N1CCCCC(C2CCOC2)C1,Covalent,1.0
COc1ccc2c(c1)nnn2C1CCC(=O)NC1=O,non-covalent,0.0
COCc1cccc(CNC(=O)CCl)c1,Covalent,1.0
NC1(CO)CCc2cc(-c3ccc4c(c3)C(=O)NC4=O)ccc2C1,Noncovalent,0.0
Cc1cnnn1CB1OC(C)(C)C(C)(C)O1,Covalent,1.0
O=C1CCC(Nc2nc3ccccc3cc2Br)C(=O)N1,Noncovalent,0.0
Cc1nc(C(=O)Nc2cccc(C3CC(=O)NC(=O)C3)c2)c[nH]1,Noncovalent,0.0
CC(=O)c1cccc(-c2ccc3c(c2)CN(C2CCC(=O)NC2=O)C3=O)n1,Noncovalent,0.0
CCN(Cc1ccccc1)c1ccc(C(=O)NC2CCC(=O)NC2=O)cc1,Noncovalent,0.0
O=C(CCl)N1CCCc2cc(Cl)ccc21,Covalent,1.0
C=CC(=O)N1CC(C)CC(C(=O)NC)C1,Covalent,1.0
O=C1CCC(NC(=O)c2c[nH]c(=O)c(C(F)(F)F)c2)C(=O)N1,Noncovalent,0.0
CC#CC(=O)N(C)c1ccc(OC)cc1OC,Covalent,1.0
COC(=O)[C@@H]1C[C@H](OC)CN1C(=O)[C@@H]1O[C@H]1C,Covalent,1.0
O=S(=O)(F)c1ccc(N2CCOCC2)nc1,Covalent,1.0
N#CC1(c2cccc(-c3ccc(N4CCC(=O)NC4=O)cc3)c2F)CC1,Noncovalent,0.0
O=C1CCC(NC(=O)c2ccc(Oc3ccc4c(c3)OCO4)o2)C(=O)N1,Noncovalent,0.0
N#Cc1ccc2c(C(=O)NC3CCC(=O)NC3=O)c[nH]c2c1,Noncovalent,0.0
CNC(=O)c1cn(-c2ccc3c(c2)CN(C2CCC(=O)NC2=O)C3=O)nn1,Noncovalent,0.0
N#Cc1cccc(C2(NC(=O)CCl)CC2)c1,Covalent,1.0
O=C1CCN(C2CCc3ccccc3C2)C(=O)N1,Noncovalent,0.0
O=C1CCC(NC(=O)c2ccc(C(F)(F)F)cc2)C(=O)N1,Noncovalent,0.0
C=CC(=O)NCc1nc(-c2ccccc2)oc1C,Covalent,1.0
O=C1CCC(NC(=O)c2cc(Br)cc3c2OCCC3)C(=O)N1,Noncovalent,0.0
Cn1nc(C(=O)NC2CCC(=O)NC2=O)c2ccccc2c1=O,Noncovalent,0.0
C=CC(=O)NCC1CC2CCC(C1)S2(=O)=O,Covalent,1.0
CCc1nc2cc(S(=O)(=O)F)ccc2o1,Covalent,1.0
O=C1CCC(NC(=O)c2ccnc(-c3ncc[nH]3)c2)C(=O)N1,Noncovalent,0.0
O=C(CCl)NC(c1ccc[nH]1)C(F)(F)F,Covalent,1.0
O=C1CCc2cc(S(=O)(=O)F)c(F)cc2N1,Covalent,1.0
CC#CC(=O)NC1CC(C)n2ncnc21,Covalent,1.0
C=CC(=O)N1Cc2cccnc2C1,Covalent,1.0
O=C1CCC(Nc2ccc(NC(=O)c3csc4c(O)ccnc34)cc2)C(=O)N1,Noncovalent,0.0
CCC1(CNC(=O)c2ccc3c(c2)C(=O)N(C2CCC(=O)NC2=O)C3=O)CC1,Noncovalent,0.0
CNCC(=O)Nc1ccc(B(O)O)cc1,Covalent,1.0
COC(=O)c1nc(NC(=O)Cn2cnc(C)c(C)c2=O)sc1CCc1ccccc1,non-covalent,0.0
Nc1cccc(N[C@@H]2CCC(=O)NC2=O)c1,non-covalent,0.0
O=C1CCC(NC(=O)c2cnnn2Cc2ccccc2)C(=O)N1,Noncovalent,0.0
C[C@H]1CCCN1C(=O)c1cccc2c1CN(C1CCC(=O)NC1=O)C2=O,Noncovalent,0.0
COc1cc(C(=O)NC2CCC(=O)NC2=O)c([N+](=O)[O-])cc1OC,Noncovalent,0.0
C=CC(=O)Nc1csnc1OC,Covalent,1.0
C=CC(=O)NCC1(CO)CC2CCC1CC2,Covalent,1.0
NCCC(=O)Nc1cccc2c1C(=O)N(C1CCC(=O)NC1=O)C2=O,Noncovalent,0.0
C=CC(=O)NCC1CC2CCC(C1)S2,Covalent,1.0
COc1ccc2c(c1)C(C(=O)Nc1cccc(C3CCC(=O)NC3=O)c1)CCC2,Noncovalent,0.0
CCN(C#N)c1ccc(Cl)cc1,Covalent,1.0
CSc1ccc(C2(NC(=O)Nc3ccc4c(c3)CN(C3CCC(=O)NC3=O)C4=O)CCOC2)cc1,non-covalent,0.0
CN(C(=O)CCl)C1CCCCNC1=O,Covalent,1.0
O=C(NCc1csc(C2CC2)n1)C12CC1C2,Covalent,1.0
COc1ccc2cnc(C(=O)NC3CCC(=O)NC3=O)cc2c1,Noncovalent,0.0
CC(C)(c1nn[nH]n1)c1cc(C(=O)NC2CCC(=O)NC2=O)ccc1F,Noncovalent,0.0
O=C1CCC(c2ccc(OCc3ccc(CN4CCOCC4)cc3)cc2)C(=O)N1,non-covalent,0.0
O=C(NCCC1Cc2ccccc2C1)C1CO1,Covalent,1.0
NCCCCC(=O)Nc1ccc2c(c1)C(=O)N(C1CCC(=O)NC1=O)C2=O,Noncovalent,0.0
CC(C)Oc1ccc(CNC(=O)CCl)cc1,Covalent,1.0
O=C(CCl)N1CCc2oc3ccccc3c2C1,Covalent,1.0
C=CC(=O)NCC1(S(C)(=O)=O)CCCCC1,Covalent,1.0
CC1(C)Oc2cccc(OS(=O)(=O)F)c2O1,Covalent,1.0
Cc1nc2c(s1)CCN(C(=O)C13CC1C3)C2,Covalent,1.0
C=CC(=O)N1CCOc2cc(OC)ccc2C1,Covalent,1.0
COc1ccc(-c2ccc3c(c2)CN(C2CCC(=O)NC2=O)C3=O)nc1,Noncovalent,0.0
CN1Cc2ccc(NC(=O)CCl)cc2C1=O,Covalent,1.0
O=C1CCC(NC(=O)c2cnn3c2OCC(OCc2ccccc2)C3)C(=O)N1,Noncovalent,0.0
C#CCC1(NC(=O)C#CC)CCOCC1,Covalent,1.0
O=C1CCC(Nc2nc(Cl)nc3c2COC3)C(=O)N1,Noncovalent,0.0
CCC(NC(=O)C(F)Cl)(C(N)=O)C(C)C,Covalent,1.0
C=CS(=O)(=O)NCc1cc(C)n(C)n1,Covalent,1.0
CCC(=O)NC1CCN(C(=O)CCl)C1,Covalent,1.0
Cc1nn2c(C)cccc2c1C(=O)Nc1ccc(NC2CCC(=O)NC2=O)cc1,Noncovalent,0.0
CNc1c(C(=O)NC2CCC(=O)NC2=O)sc2nccnc12,Noncovalent,0.0
OB(O)c1cc(F)ccc1OCc1ccccn1,Covalent,1.0
C=CS(=O)(=O)NCC1(OC)CCC(C)(C)C1,Covalent,1.0
O=C1CCC(N2Cc3cc(-c4ccc(C5CC5)cc4)ccc3C2=O)C(=O)N1,Noncovalent,0.0
O=C(CCl)N1CCCc2cc(O)ccc21,Covalent,1.0
O=C1CCC(N2Cc3c(ccc4c3OCC3(CCN(Cc5ccccc5)CC3)C4)C2=O)C(=O)N1,non-covalent,0.0
C=CC(=O)NC1CC2CCC(C2)C1,Covalent,1.0
CCc1ncc(CN(C)C(=O)CCl)s1,Covalent,1.0
O=C1CCC(N2Cc3cc(CNC(=O)Nc4cc(Cl)cc(Cl)c4)ccc3C2=O)C(=O)N1,non-covalent,0.0
CC1(C)CCCc2cc(C(=O)NC3CCC(=O)NC3=O)sc21,Noncovalent,0.0
CS(=O)(=NC(=O)c1ccc2c(c1)CNC2=O)C1CCNCC1,Noncovalent,0.0
O=C(O)CCCCNC(=O)c1ccc2c(c1)C(=O)N(C1CCC(=O)NC1=O)C2,Noncovalent,0.0
O=C1CC(N2C(=O)c3cccc([N+](=O)[O-])c3C2=O)C(=O)N1,non-covalent,0.0
C=CC(=O)Nc1cnn(-c2cccc(C)c2)c1C,Covalent,1.0
NC(=O)C1CCCCN1C(=O)CCl,Covalent,1.0
C=CS(=O)(=O)N1CCCC1c1ncccn1,Covalent,1.0
O=C1CCC(NC(=O)c2cccc(CN3CCCC3=O)c2)C(=O)N1,Noncovalent,0.0
CNC(=O)C(C#N)=Cc1nc2ccccc2n1C,Covalent,1.0
CN1C(=O)CCC(N2C(=O)c3cccc(N)c3C2=O)C1=O,Noncovalent,0.0
NCCCNC(=O)COc1ccc2c(c1)C(=O)N(C1CCC(=O)NC1=O)C2=O,Noncovalent,0.0
C=CC(=O)N[C@@H](c1ccccc1)C(F)F,Covalent,1.0
CC(F)(F)CNC(=O)c1ccc2c(c1)C(=O)N(C1CCC(=O)NC1=O)C2=O,Noncovalent,0.0
Cc1cnc2[nH]nc(C(=O)NC3CCC(=O)NC3=O)c2c1,Noncovalent,0.0
O=C1CCC(NC(=O)c2cc3ccsc3s2)C(=O)N1,Noncovalent,0.0
C=CC(=O)NC1C(=O)OCC1(C)C,Covalent,1.0
O=C(O)c1ccc(B(O)O)c([N+](=O)[O-])c1,Covalent,1.0
C=CC(=O)N1CCN(C(=O)C(CC)CC)CC1,Covalent,1.0
Cc1cc(C(=O)NC2CCC(=O)NC2=O)cnc1N1CCn2cnnc2C1,Noncovalent,0.0
O=C1CCC(c2cccc(Nc3cc(Cl)nn4ccnc34)c2)C(=O)N1,Noncovalent,0.0
CC(C)COc1ccc(C(=O)NC2CCC(=O)NC2=O)cc1,Noncovalent,0.0
Cc1cc(C(=O)NC2CCC(=O)NC2=O)nn1-c1ccc(S(C)(=O)=O)cc1,Noncovalent,0.0
CCC1(C(=O)Nc2ccc3c(c2)C(=O)N(C2CCC(=O)NC2=O)C3=O)COC1,Noncovalent,0.0
O=C1NC(=O)c2c1cccc2C(=O)N1CCC[C@H]1CO,Noncovalent,0.0
O=C1CCC(Nc2cnc3c(F)cccc3n2)C(=O)N1,Noncovalent,0.0
O=C(O)Cc1ccc(NC(=O)CCl)cc1,Covalent,1.0
O=C1CCC(NC(=O)c2c[nH]nc2-c2cc3ccccc3o2)C(=O)N1,Noncovalent,0.0
Cc1ccsc1C(=O)NC1CCC(=O)NC1=O,Noncovalent,0.0
C=CC(=O)Nc1ccccc1C1CCC(=O)N1,Covalent,1.0
CC(C)(C)c1cc(N)cc(Oc2cccc3c2C(=O)N(C2CCC(=O)NC2=O)C3=O)c1,non-covalent,0.0
OB(O)c1c(F)ccc2c1OCO2,Covalent,1.0
C=CC(=O)Nc1ccnn1C(C)C,Covalent,1.0
Cc1ccc(F)c(N(C#N)CCCC#N)c1,Covalent,1.0
O=C1CCC(N2Cc3c(cccc3-c3cccc4c3CCC4=O)C2=O)C(=O)N1,Noncovalent,0.0
COc1cc(Cl)ccc1-c1cccc2c1CN(C1CCC(=O)NC1=O)C2=O,Noncovalent,0.0
O=C1CCC(N2Cc3cc(O)ccc3C2=O)C(=O)N1,Noncovalent,0.0
OB(O)c1cc2ccccc2o1,Covalent,1.0
CN(C)CC1(C(=O)Nc2ccc3c(c2)C(=O)N(C2CCC(=O)NC2=O)C3)CC1,Noncovalent,0.0
O=C1CCC(NC(=O)c2[nH]nc(C3CC3)c2Cl)C(=O)N1,Noncovalent,0.0
COc1ccc2oc(B(O)O)cc2c1,Covalent,1.0
NCC1CCCc2ccc(C(=O)NC3CCC(=O)NC3=O)cc21,Noncovalent,0.0
C=CC(=O)NC1CC2CCC1(C)C2(C)C,Covalent,1.0
NC(=O)Nc1cccc(B(O)O)c1,Covalent,1.0
CCN1CCCC[C@@H]1COc1ccc2c(c1)CN(C1CCC(=O)NC1=O)C2=O,non-covalent,0.0
COc1ccc2cccc(CC(=O)Nc3ccc4c(c3)CN(C3CCC(=O)NC3=O)C4=O)c2c1,non-covalent,0.0
Cc1cnn(-c2ccc(OCC3CO3)cc2)c1,Covalent,1.0
O=C1CCC(c2cccc(Nc3ncnc4c3oc3ccccc34)c2)C(=O)N1,Noncovalent,0.0
O=C(CCl)NCCc1cccc2cccnc12,Covalent,1.0
N#Cc1cc(NCc2ccc3c(c2)C(=O)N(C2CCC(=O)NC2=O)C3)ccn1,Noncovalent,0.0
CC(=O)c1ccc(-c2cccc3c2CN(C2CCC(=O)NC2=O)C3=O)cn1,Noncovalent,0.0
C=CC(=O)NC1(C(N)=O)CCCC1C,Covalent,1.0
CC#CC(=O)NC1CC(CC(F)(F)F)C1,Covalent,1.0
O=C1CCC(NC(=O)c2c[nH]c(=O)n(-c3ccccc3)c2=O)C(=O)N1,Noncovalent,0.0
N#CC(=Cc1cc(C#N)cs1)C(=O)NC(N)=O,Covalent,1.0
O=C1CCC(NC(=O)c2csc3cc(Cl)cnc23)C(=O)N1,Noncovalent,0.0
OB(O)c1ccc(C2(O)CCC2)cc1,Covalent,1.0
O=C1CCC(N2Cc3cc(CNC(=O)C4=Cc5cccc(C(F)(F)F)c5OC4)ccc3C2=O)C(=O)N1,non-covalent,0.0
Cc1ccc(N2CCN(C(=O)C3CO3)CC2)cc1,Covalent,1.0
O=C1CCC(NC(=O)c2cnc3cccnn23)C(=O)N1,Noncovalent,0.0
CC(C)C(C)(C)C(=O)NCc1ccc2c(c1)C(=O)N(C1CCC(=O)NC1=O)C2,Noncovalent,0.0
O=S(=O)(F)c1ccc(NC2CCOC2)nc1,Covalent,1.0
O=C1CCC(NC(=O)c2cc(-c3ccccn3)n[nH]2)C(=O)N1,Noncovalent,0.0
Nc1ncccc1-c1cn(C2CCC(=O)NC2=O)nn1,non-covalent,0.0
O=C1CCC(N2C(=O)c3cccc(OCCO)c3C2=O)C(=O)N1,Noncovalent,0.0
CC1(c2cccnc2)CO1,Covalent,1.0
COC1CCn2cc(C(=O)NC3CCC(=O)NC3=O)nc2C1,Noncovalent,0.0
FC(F)(F)c1ccc(OCC2CO2)cc1,Covalent,1.0
O=C(O)CNc1cccc2c1C(=O)N(C1CCC(=O)NC1=O)C2=O,Noncovalent,0.0
C=CC(=O)NCC1CC(=O)N(CC)C1,Covalent,1.0
O=C1CCC(c2ccc(NC(=O)c3ncc4c(F)cccn34)cc2)C(=O)N1,Noncovalent,0.0
O=C1CCC(N2Cc3cc(C(=O)NCCc4cccnc4)ccc3C2=O)C(=O)N1,Noncovalent,0.0
CCn1cc(-c2ccc(OCC3CO3)cc2)nn1,Covalent,1.0
Cn1c(S(=O)(=O)F)nc2ccccc21,Covalent,1.0
Cn1c(=O)[nH]c2c(C(=O)NC3CCC(=O)NC3=O)cc(Br)cc21,Noncovalent,0.0
O=C1CCC(NC(=O)c2onc(-c3ccccc3)c2C(F)(F)F)C(=O)N1,Noncovalent,0.0
Cc1ccc(C=C(C#N)C(=O)NC2CC2)s1,Covalent,1.0
C=CC(=O)N1CCSCC1c1cnn(C)c1,Covalent,1.0
C=CC(=O)NC(CC)C1CCCCO1,Covalent,1.0
O=C1CCC(NC(=O)c2coc(C3CCCC3)n2)C(=O)N1,Noncovalent,0.0
O=C1CCC(N2Cc3cc(CNC(=O)C4=Cc5c(F)cccc5OC4)ccc3C2=O)C(=O)N1,non-covalent,0.0
O=C1CCC(N2Cc3cc(-c4cnc5c(c4)NCCO5)ccc3C2=O)C(=O)N1,Noncovalent,0.0
Cc1cc(NC(=O)c2cccc(F)c2)sc1C(=O)N[C@@H]1CCC(=O)NC1=O,Noncovalent,0.0
C=CC(=O)NC1CCC(C)S(=O)(=O)C1,Covalent,1.0
O=C1CCC(NC(=O)c2ccc3cncn3c2)C(=O)N1,Noncovalent,0.0
NC(=O)N1CCc2cc(S(=O)(=O)F)ccc21,Covalent,1.0
O=C1CCC(c2cccc(NC(=O)c3cncc(-n4ccnn4)c3)c2)C(=O)N1,Noncovalent,0.0
Nc1c(F)ccc2c1CN(C1CCC(=O)NC1=O)C2=O,non-covalent,0.0
C=CC(=O)N1C[C@H](O)C[C@H]1COC,Covalent,1.0
O=C(CCl)NC(=O)c1ccc[nH]1,Covalent,1.0
O=C1CCC(N2Cc3cc(NC(=O)c4cccc(C(F)(F)F)c4)ccc3C2=O)C(=O)N1,non-covalent,0.0
O=C1CCC(NC(=O)c2ccccc2Br)C(=O)N1,Noncovalent,0.0
C=CC(=O)N1C[C@@H]2CSC[C@]2(C)C1,Covalent,1.0
C=CC(=O)N[C@H]1[C@H](c2ccccc2)C1(C)C,Covalent,1.0
Cn1ncc(B(O)O)c1C#N,Covalent,1.0
C=CC(=O)N(Cc1ccncc1)C1CC1,Covalent,1.0
CC#CC(=O)N1CC2CCC1(CO)C2,Covalent,1.0
C=CCC1(O)CN(C(=O)C=C)C1,Covalent,1.0
CC#CC(=O)NCc1csc2nccn12,Covalent,1.0
CNc1ncccc1-c1ccc2c(c1)CN(C1CCC(=O)NC1=O)C2=O,Noncovalent,0.0
O=C1CCC(N2C(=O)c3ccc(F)c(F)c3C2=O)C(=O)N1,Noncovalent,0.0
Cc1ccc(NC(=O)CCl)c2[nH]ncc12,Covalent,1.0
COc1c(C)cc(C)cc1B(O)O,Covalent,1.0
O=C1CCC(N2C(=O)c3ccc(F)cc3C2=O)C(=O)N1,non-covalent,0.0
C=CC(=O)Nc1ccc(C(=O)Nc2cccc(C3(C)NC(=O)NC3=O)c2)cc1,Covalent,1.0
COc1ccc2ccc(CNc3ccc4c(c3)CN(C3CCC(=O)NC3=O)C4=O)cc2c1,non-covalent,0.0
CN(C)c1cccc(B(O)O)c1,Covalent,1.0
CC#CC(=O)N1CC(C(=O)OC)CC(F)(F)C1,Covalent,1.0
O=C(CCCC1CCCO1)NCc1cc(C(=O)NC2CCC(=O)NC2=O)co1,Noncovalent,0.0
C=CC(=O)N1CCC2(CC1)CC(C(=O)O)CO2,Covalent,1.0
CCC1(c2ccc(NC(=O)C3C4CCCCC43)cc2)CCC(=O)NC1=O,Noncovalent,0.0
O=C1CCC(NC(=O)c2ncn3cc(Br)sc23)C(=O)N1,Noncovalent,0.0
O=C1CCC(N2Cc3ccc(CNc4ncnc5c4CCC5)cc3C2=O)C(=O)N1,Noncovalent,0.0
CC(C)COc1cncc(-c2ccc3c(c2)CN(C2CCC(=O)NC2=O)C3=O)n1,Noncovalent,0.0
C=CC(=O)Nc1cc(C(F)F)ccc1F,Covalent,1.0
CC(C)n1ncnc1S(=O)(=O)F,Covalent,1.0
O=C1CCC(N2Cc3ccc(-n4cc(C(=O)O)nn4)cc3C2=O)C(=O)N1,Noncovalent,0.0
O=C1CCC(NC(=O)c2cc(F)c(Oc3ccccc3)c(F)c2)C(=O)N1,Noncovalent,0.0
O=C1CC(N2C(=O)Cc3cccc(F)c3C2=O)C(=O)N1,Noncovalent,0.0
C=CC(=O)N(C)C1CCN(S(C)(=O)=O)C1,Covalent,1.0
O=c1cc[nH]c(=O)[nH]1,non-covalent,0.0
CC(Cl)C(=O)N1CCN2CCC1CC2,Covalent,1.0
CC1(C)CNCCC1NC(=O)c1ccc2c(c1)CN(C1CCC(=O)NC1=O)C2=O,Noncovalent,0.0
O=C1CCC(c2cccc(NC(=O)Cc3nnc4n3CCOC4)c2)C(=O)N1,Noncovalent,0.0
Cn1c(S(=O)(=O)Nc2ccc(C3CCC(=O)NC3=O)cc2)cc2ccccc21,Noncovalent,0.0
O=C1CCC(N2C(=O)c3cccc(NCC(=O)N4CCCCN4)c3C2=O)C(=O)N1,Noncovalent,0.0
Cc1cc(C(=O)Nc2cccc(C3CC(=O)NC(=O)C3)c2)oc1C,Noncovalent,0.0
C=CC(=O)N1CCOC(c2nncn2CC)C1,Covalent,1.0
O=C1CCC(N2Cc3c(cccc3-c3ccc4c(c3)CCOC4=O)C2=O)C(=O)N1,Noncovalent,0.0
C=CC(=O)Nc1cccc(OC(C)(C)C)c1,Covalent,1.0
CN1C(=O)c2ccc(NC(=O)CCl)cc2C1=O,Covalent,1.0
O=C1CCC(N2Cc3c(cccc3-c3ccc4c(c3)CCC4=O)C2=O)C(=O)N1,Noncovalent,0.0
Nc1nc2c(Br)cc(C(=O)NC3CCC(=O)NC3=O)cc2s1,Noncovalent,0.0
C=CC(=O)N1CCC(C(N)=O)C1,Covalent,1.0
C=CC(=O)N1CCCc2c(OC)cc(OC)cc21,Covalent,1.0
CC(Cl)C(=O)NC1COCCOC1,Covalent,1.0
CCc1cnc(C(=O)NC2CCC(=O)NC2=O)[nH]1,Noncovalent,0.0
O=C1CCC(NC(=O)c2cc(CNC(=O)c3cc4ccccc4[nH]3)no2)C(=O)N1,Noncovalent,0.0
O=C1CCC(N2C(=O)c3cc(F)c(F)cc3C2=O)C(=O)N1,Noncovalent,0.0
Cc1ccc2[nH]ncc2c1B(O)O,Covalent,1.0
C=CC(=O)N(CC(N)=O)C1CC1,Covalent,1.0
CC(=O)N([C@H](C(=O)NC(C)(C)C)c1ccc(C)cc1)[C@H]1CCC(=O)NC1=O,non-covalent,0.0
CC#CC(=O)NC(C)c1ccc2[nH]ncc2c1,Covalent,1.0
C=CC(=O)NCC1(OC)CCCCCC1,Covalent,1.0
O=C1CCC(N2Cc3c(NC(=O)CNc4ccnc(N5CCC[C@H]5CO)n4)cccc3C2=O)C(=O)N1,non-covalent,0.0
Cc1nc2c(C)cc(C(=O)Nc3ccc(C4CCC(=O)NC4=O)cc3)cn2n1,Noncovalent,0.0
O=C1CCC(N2C(=O)c3cccc(F)c3C2=O)C(=O)N1,Noncovalent,0.0
CN(c1ccnc(Cc2ccc(F)cc2)n1)C1CCC(=O)NC1=O,Noncovalent,0.0
Cn1cc(C(=O)NC2CCC(=O)NC2=O)c2ccnc(Cl)c21,Noncovalent,0.0
Cc1csc(CCNC(=O)CCl)n1,Covalent,1.0
O=C1CCC(NC(=O)c2cc(Cn3cc(Br)cn3)on2)C(=O)N1,Noncovalent,0.0
C=CC(=O)N1CCC(N(C)C)CC1,Covalent,1.0
C=CC(=O)NCCc1ccnn1C,Covalent,1.0
Cc1ccc(F)c(N(C#N)Cc2nccn2C)c1,Covalent,1.0
NCc1cn([C@H]2C[C@H](C(=O)Nc3ccc(NC4CCC(=O)NC4=O)cc3)C2)nn1,Noncovalent,0.0
CC#CC(=O)NCC(O)[C@H]1COC(C)(C)O1,Covalent,1.0
CC#CC(=O)Nc1ccc2c(c1)C(=O)CCO2,Covalent,1.0
Cc1cncc(-c2ccc3c(c2)CN(C2CCC(=O)NC2=O)C3=O)c1,Noncovalent,0.0
O=C(NCc1ccc2sccc2c1)C1CO1,Covalent,1.0
O=C1CCC(N2C(=O)c3ccc(C(=O)NC4(C5CC5)CC4)cc3C2=O)C(=O)N1,Noncovalent,0.0
CCc1cccc(N(C#N)CC2CCOC2)c1,Covalent,1.0
O=C1NCc2c(OS(=O)(=O)F)cccc21,Covalent,1.0
O=C1CCC(NC(=O)c2c(F)cccc2[N+](=O)[O-])C(=O)N1,non-covalent,0.0
O=C1CCC(N2Cc3c(cccc3-c3cccc4cc[nH]c34)C2=O)C(=O)N1,Noncovalent,0.0
C=CC(=O)NC(C)c1cnn(C)c1,Covalent,1.0
Cc1cc(=O)n(C)c2cc(OCC3CO3)ccc12,Covalent,1.0
OB(O)c1ccc(OCC2CCCCO2)cc1,Covalent,1.0
Cc1nc(C2CCCCC2)sc1C(=O)NC1CCC(=O)NC1=O,Noncovalent,0.0
O=C(CCl)N[C@H]1C[C@H](c2ccccc2)C1,Covalent,1.0
C=CC(=O)N1CCN(C(=O)c2cnccn2)CC1,Covalent,1.0
C#CCCN(C(=O)C#CC)C1CCOCC1,Covalent,1.0
Cc1cnc(-c2cccc3c2CN(C2CCC(=O)NC2=O)C3=O)cn1,Noncovalent,0.0
O=C1CCC(c2ccc(Nc3c4c(nc5ncnn35)CCCC4)cc2)C(=O)N1,Noncovalent,0.0
O=C1CCC(NC(=O)OCC2CCC[NH2+]2)C(=O)N1,non-covalent,0.0
C=CC(=O)NC(C)c1ccnc(C)n1,Covalent,1.0
N#Cc1nc2ccccc2cc1-c1ccc2c(c1)CN(C1CCC(=O)NC1=O)C2=O,Noncovalent,0.0
C=CC(=O)N1C[C@H](CO)[C@@H](C2CC2)C1,Covalent,1.0
Cc1cn(C2CCOCC2)nc1C(=O)NC1CCC(=O)NC1=O,Noncovalent,0.0
NCCCCCCOc1cccc2c1C(=O)N(C1CCC(=O)NC1=O)C2=O,Noncovalent,0.0
CN(C)CCc1ccc(CNCC2(C)NC(=O)c3ccccc32)cc1,Noncovalent,0.0
COc1ccc(COc2ncc(C(=O)NC3CCC(=O)NC3=O)cn2)cc1,Noncovalent,0.0
O=C1CCC(N2Cc3c(NC(=O)COCCOCCOCc4ccccc4)cccc3C2=O)C(=O)N1,non-covalent,0.0
Cc1cc(B(O)O)cnc1O,Covalent,1.0
O=C1CCC(N2C(=O)c3ccc(OCC#CC4CC4)cc3C2=O)C(=O)N1,Noncovalent,0.0
O=C1CCC(N2Cc3c(C(=O)NCC4(C(=O)O)CC4)cccc3C2=O)C(=O)N1,Noncovalent,0.0
O=C1CC(c2ccc(NC(=O)c3cccnc3C3CC3)cc2)CC(=O)N1,Noncovalent,0.0
O=C(C1CO1)N1CCCC1CCc1ccccc1,Covalent,1.0
O=C1CCC(NC(=O)c2cncc3nccn23)C(=O)N1,Noncovalent,0.0
CC(Cl)C(=O)NCC12CC(CN1C1CC1)C2,Covalent,1.0
C=CS(=O)(=O)Nc1ccc(F)cc1C,Covalent,1.0
O=C1CCC(c2ccc(NC(=O)c3csc4nc[nH]c(=O)c34)cc2)C(=O)N1,Noncovalent,0.0
CCC(C(=O)NCc1ccc(C(=O)NC2CCC(=O)NC2=O)o1)n1ccnc1,Noncovalent,0.0
Cc1oc2cc(F)ccc2c1C(=O)NC1CCC(=O)NC1=O,Noncovalent,0.0
C[C@@H]1O[C@H]1C(=O)N1CCCC2(CCCC2)C1,Covalent,1.0
C=CC(=O)NC1CC(=O)N2CCCCC12,Covalent,1.0
C=CC(=O)N1CCn2c(nnc2C(F)(F)F)C1,Covalent,1.0
CC(C)(C)COc1ncccc1B(O)O,Covalent,1.0
O=C1CCC(NC(=O)c2cc(C3CC3)nc(C(F)(F)F)c2)C(=O)N1,Noncovalent,0.0
Cn1cc(-c2cn(C3CCC(=O)NC3=O)nn2)cn1,Noncovalent,0.0
CC(C)(O)c1nc2c(NC3CCC(=O)NC3=O)nc(Cl)nc2[nH]1,Noncovalent,0.0
Cc1cc(NC2CCC(=O)NC2=O)nc(-n2nc(C)cc2C)n1,Noncovalent,0.0
CC(Cl)C(=O)N1CC(c2cc(CO)on2)C1,Covalent,1.0
C=CC(=O)NC(C)(C)c1ncccc1C,Covalent,1.0
CC#CC(=O)NC(C)c1nc(C(F)(F)F)no1,Covalent,1.0
C=CC(=O)N1CC(=O)N(C)C1c1ccccc1,Covalent,1.0
C=CC(=O)NC1CCc2ncccc2C1,Covalent,1.0
C=CC(=O)N1CCCCc2sccc21,Covalent,1.0
O=C1CCC(NC(=O)c2coc(Cn3cccn3)c2)C(=O)N1,Noncovalent,0.0
CN1C(=O)CCC(CSc2ccccc2)C1=O,non-covalent,0.0
O=C1CCC(c2ccc(NC(=O)c3ccnnc3OC3CCCC3)cc2)C(=O)N1,Noncovalent,0.0
CC(Cl)C(=O)Nc1cccc2c1COCC2,Covalent,1.0
Cc1ccc(NC(=O)NCc2ccc3c(c2)C(=O)N(C2CCC(=O)NC2=O)C3)cc1Cl,non-covalent,0.0
O=C(CCl)NC(=O)C1CC1,Covalent,1.0
CCN(Cc1ccccc1C)C(=O)CCl,Covalent,1.0
C=CC(=O)N1CCCOc2ccccc21,Covalent,1.0
Nc1ccc(Cl)c2c1C(=O)N(C1CCC(=O)NC1=O)C2=O,non-covalent,0.0
O=C1CCC(N2Cc3ccc(C(=O)N4CC[C@H]5CCCC[C@H]54)cc3C2=O)C(=O)N1,Noncovalent,0.0
Cc1noc(C)c1CN(C(=O)CCl)C1CC1,Covalent,1.0
Cc1ccc(C=C(C#N)C(=O)NC(C)C)o1,Covalent,1.0
C=CC(=O)NCC1(C)CC(F)(F)C1,Covalent,1.0
O=C(N1CC=C(c2cccs2)C1)C12CC1C2,Covalent,1.0
O=C(NCC1(Cc2ccccc2)CCC1)C1CO1,Covalent,1.0
COc1cc(C)c(OCC2CO2)c(C)c1,Covalent,1.0
Cc1cnc(F)c(-c2cn(C3CCC(=O)NC3=O)nn2)c1,Noncovalent,0.0
CC(C)COc1cccc(C(=O)NC2CCC(=O)NC2=O)c1,Noncovalent,0.0
CCn1ncnc1-c1ccc2c(c1)CN(C1CCC(=O)NC1=O)C2=O,Noncovalent,0.0
CC(Cl)C(=O)Nc1cnc2c(c1)COCC2,Covalent,1.0
COC(=O)c1cccc(NC(=O)CCl)n1,Covalent,1.0
CC#CC(=O)NCc1ccc2cncn2c1,Covalent,1.0
N#CN(CC(=O)N1CCNC1=O)c1ccccc1,Covalent,1.0
CC(C)(C)c1ccc2oc(Nc3ccc(C4CCC(=O)NC4=O)cc3)nc2c1,Noncovalent,0.0
C=CC(=O)Nc1ccc2c(c1)CS(=O)(=O)C2,Covalent,1.0
CC(C)(C)c1cn(-c2cccc3c2CN(C2CCC(=O)NC2=O)C3=O)nn1,Noncovalent,0.0
Nc1ccccc1SCC1CCC(=O)NC1=O,non-covalent,0.0
C=CC(=O)N1CCC(CC(F)(F)F)C1,Covalent,1.0
O=c1cnc2cc(S(=O)(=O)F)ccc2[nH]1,Covalent,1.0
C=CS(=O)(=O)N(C)Cc1ncc(C2CC2)o1,Covalent,1.0
CC(Cl)C(=O)NCC1CC(C(N)=O)=NO1,Covalent,1.0
C=CC(=O)N1c2ccc(Cl)cc2OCC1C,Covalent,1.0
O=C1CCC(N2Cc3c(C(=O)NCC[C@@H]4CCCN4)cccc3C2=O)C(=O)N1,Noncovalent,0.0
CC(=O)Nc1ccc2c(c1)C(=O)N(C1CCC(=O)NC1=O)C2=O,non-covalent,0.0
Nc1cc(S(=O)(=O)F)ccn1,Covalent,1.0
O=C1CCC(N2Cc3ccc(S(=O)(=O)n4nccn4)cc3C2=O)C(=O)N1,covalent,1.0
C=CC(=O)NC1CCSCC1,Covalent,1.0
C=CC(=O)NC1CCCC(S(=O)CC)C1,Covalent,1.0
C=CC(=O)Nc1cccc2c1COCC2,Covalent,1.0
C=CC(=O)Nc1cccc(Cl)c1-n1cncn1,Covalent,1.0
Cc1ccc(CNC(=O)C(F)Cl)c(C)c1,Covalent,1.0
COc1c(-c2cn(C3CCC(=O)NC3=O)nn2)csc1C(=O)NC1CCCC1,non-covalent,0.0
C=CC(=O)N(Cc1cnnn1CC)c1ccc2c(c1)C(=O)NC2,Covalent,1.0
O=C1CCC(NC(=O)c2ccnc(C3COCCN3)n2)C(=O)N1,Noncovalent,0.0
CN(C)C(=O)N(C)C(=O)Nc1ccc2c(c1)CN(C1CCC(=O)NC1=O)C2=O,Noncovalent,0.0
C=CC(=O)Nc1cccc2c1C1CCC2O1,Covalent,1.0
Nc1ccc2c(c1)C(=O)N(C1CC(=O)NC1=O)C2=O,non-covalent,0.0
O=C1CCC(N2Cc3ccc(C(=O)N[C@H]4C[C@@H](C(=O)O)C4)cc3C2=O)C(=O)N1,Noncovalent,0.0
C[C@@H]1O[C@H]1C(=O)N(C)CC1CCCCC1,Covalent,1.0
CC1(CNC(=O)CCl)CCOC1C1CC1,Covalent,1.0
O=C1CCC(c2ccc(NC(=O)CN3CCn4ccnc4C3)cc2)C(=O)N1,Noncovalent,0.0
CC1(C)CN(C(=O)COc2cccc3c2CN(C2CCC(=O)NC2=O)C3=O)C1,Noncovalent,0.0
O=C(CCl)N1CC(=O)N2CCCC2C1,Covalent,1.0
O=C(CCl)Nc1ccc2[nH]ncc2c1Cl,Covalent,1.0
Cn1c(=O)[nH]c2ncc(-c3cccc(C(=O)NC4CCC(=O)NC4=O)c3)cc21,Noncovalent,0.0
NCc1ccc(B(O)O)cc1,Covalent,1.0
O=C(CCl)Nc1nnc(-c2ccco2)o1,Covalent,1.0
O=C1CCC(N2Cc3cc(C(=O)N4CC(OC(F)F)C4)ccc3C2=O)C(=O)N1,Noncovalent,0.0
O=C1CCC(c2ccc(NC(=O)c3cncn3-c3ccc(O)cc3)cc2)C(=O)N1,Noncovalent,0.0
O=C1CCC(NC(=O)c2cn3cc(C(F)(F)F)ccc3n2)C(=O)N1,Noncovalent,0.0
CC(C)(C)OC(=O)NCCCc1cn(C2CCC(=O)NC2=O)nn1,Noncovalent,0.0
O=C1CCC(N2Cc3cc(-c4ccc5c(c4)OCO5)ccc3C2=O)C(=O)N1,Noncovalent,0.0
Cc1ccc(N2CCCN(Cc3ccc4c(c3)CN(C3CCC(=O)NC3=O)C4=O)C2=O)cc1Cl,non-covalent,0.0
Cc1sc2cncn2c1C(=O)NC1CCC(=O)NC1=O,Noncovalent,0.0
Cc1nc2cccc(N)c2c(=O)n1C1CCC(=O)NC1=O,Noncovalent,0.0
CC(C)CC1C(=O)NCCCN1C(=O)CCl,Covalent,1.0
Cc1c(Cl)nc(CC(C)C)nc1Nc1ccc(C2CCC(=O)NC2=O)cc1,Noncovalent,0.0
CCOC(=O)C(C#N)=Cc1ccco1,Covalent,1.0
N#Cc1ccnc(-c2ccc3c(c2)CN(C2CCC(=O)NC2=O)C3=O)c1,Noncovalent,0.0
CCn1ncc2ncnc(Nc3ccc(C4CCC(=O)NC4=O)cc3)c21,Noncovalent,0.0
O=C(O)CCc1cccc2c1CN(C1CCC(=O)NC1=O)C2=O,Noncovalent,0.0
C=CC(=O)N(C)Cc1nc2c(n1C)CCCC2,Covalent,1.0
Cn1nc2ccc(Br)cc2c1C(=O)NC1CCC(=O)NC1=O,Noncovalent,0.0
O=C1CCC(c2cccc(NC(=O)c3coc(CN4CC[C@H](O)C4)n3)c2)C(=O)N1,Noncovalent,0.0
CC1(C(=O)Nc2ccc3c(c2)C(=O)N(C2CCC(=O)NC2=O)C3)CCCC1,Noncovalent,0.0
C=CC(=O)NCc1cccc2ncccc12,Covalent,1.0
O=C1CCC(N2C(=O)c3cccc(NCc4cc5ccccc5o4)c3C2=O)C(=O)N1,non-covalent,0.0
CC#CC(=O)NCc1nc2ccccc2o1,Covalent,1.0
CC1CCCN(C(=O)CNc2cccc3c2CN(C2CCC(=O)NC2=O)C3=O)C1,Noncovalent,0.0
C=CS(=O)(=O)N1CCC(OC)C(C)C1,Covalent,1.0
O=C1CCC(N2CCCC2=O)C(=O)N1,Noncovalent,0.0
O=C1CCC(N2Cc3c(Nc4ccnc(Nc5ccc6c(c5)CCN6)n4)cccc3C2=O)C(=O)N1,non-covalent,0.0
C=CC(=O)N1CCC[C@@H]1C(=O)OC(C)(C)C,Covalent,1.0
C#CCNC(=O)NCc1ccc2c(c1)C(=O)N(C1CCC(=O)NC1=O)C2,Noncovalent,0.0
FC(F)(F)c1cncc(OCC2CO2)c1,Covalent,1.0
O=C(CCl)NCC(F)(F)c1cccnc1,Covalent,1.0
C=CC(=O)N1CCC(C)(c2cccc(F)c2)C1,Covalent,1.0
C=CC(=O)NC1COC(C2CC2)C1,Covalent,1.0
CCOc1cccc(CNC(=O)CCl)c1,Covalent,1.0
C=CC(=O)NC1(CCO)CCSCC1,Covalent,1.0
COc1ccc(C(=O)Nc2cccc3c2CN(C2CCC(=O)NC2=O)C3=O)s1,Noncovalent,0.0
CC(Cn1ncc2c1CCCC2)C(=O)Nc1ccc(C2CCC(=O)NC2=O)cc1,Noncovalent,0.0
O=C1CCC(N2C(=O)c3ccc(NC4CCCCC4)cc3C2=O)C(=O)N1,non-covalent,0.0
O=C(NC1(c2ccc(Cl)cc2)CC1)C1CO1,Covalent,1.0
O=S(=O)(F)C1=Cc2ccccc2OC1,Covalent,1.0
CN(C)c1cccc2c1C(=O)N(C1CCC(=O)NC1=O)C2=O,non-covalent,0.0
CC1(NC(=O)COc2cccc3c2CN(C2CCC(=O)NC2=O)C3=O)CNC1,Noncovalent,0.0
COc1ccccc1-n1cc(OCC2CO2)cn1,Covalent,1.0
O=C1CCC(NC(=O)c2cccc3[nH]cc(Cl)c23)C(=O)N1,Noncovalent,0.0
CC1CCCN1CC(=O)Nc1ccc2c(c1)C(=O)N(C1CCC(=O)NC1=O)C2=O,Noncovalent,0.0
CC(c1ccccc1)c1cc(C(=O)NC2CCC(=O)NC2=O)n[nH]1,Noncovalent,0.0
CC(C)c1cc(C#N)ccc1OS(=O)(=O)F,Covalent,1.0
C=CC(=O)Nc1nc2ccc(F)cn2n1,Covalent,1.0
C=CS(=O)(=O)N1CCCC1c1ccc(C)o1,Covalent,1.0
O=C1CCC(NC(=O)c2cc3c(Cl)nccc3o2)C(=O)N1,Noncovalent,0.0
Cc1nc(-c2ccc3c(c2)CN(C2CCC(=O)NC2=O)C3=O)c2cc[nH]c2n1,Noncovalent,0.0
Cc1ccc(-c2cncc(-n3cccn3)c2)cc1N1CCC(=O)NC1=O,Noncovalent,0.0
CCc1ncnc(NC2CCC(=O)NC2=O)c1F,Noncovalent,0.0
C=CC(=O)N(Cc1c(C)cccc1C)c1cccc2c1CNC2=O,Covalent,1.0
Cc1ccn(-c2ccnc(C(=O)NC3CCC(=O)NC3=O)n2)n1,Noncovalent,0.0
CC(C)(C)c1nocc1CNC(=O)CCl,Covalent,1.0
Cn1cc(NC(=O)CCl)cn1,Covalent,1.0
O=C(CCl)N1CCC(OC2CCOC2)CC1,Covalent,1.0
O=C1CCN(c2ccc(N3CCNCC3)cc2)C(=O)N1,non-covalent,0.0
Cc1ccc(C(NC(=O)CCl)C2CC2)cc1,Covalent,1.0
Cc1cc(=O)n2[nH]c(C(=O)NC3CCC(=O)NC3=O)cc2n1,Noncovalent,0.0
O=C1CC(c2cccs2)CC(=O)N1,Noncovalent,0.0
O=C1CCC(NC(=O)c2cc3cc(O)ccc3cc2O)C(=O)N1,Noncovalent,0.0
Cc1nn(C)c(C)c1-c1cc(C(=O)NC2CCC(=O)NC2=O)[nH]n1,Noncovalent,0.0
NCCc1cn(-c2cccc3c2CN(C2CCC(=O)NC2=O)C3=O)nn1,Noncovalent,0.0
O=C(O)Cc1ccc2c(c1)C(=O)N(C1CCC(=O)NC1=O)C2,Noncovalent,0.0
C=CS(=O)(=O)NCCOCCC(=O)OC,Covalent,1.0
CN1C(=O)CCC(NCc2c(F)cccc2F)C1=O,Noncovalent,0.0
CNC(=O)c1cccc(NC(=O)CCl)c1,Covalent,1.0
O=C1CCC(NC(=O)c2cccc(C3CCCNC3)c2)C(=O)N1,Noncovalent,0.0
O=C(CCl)NCC12CC=CC(C1)OC2,Covalent,1.0
Cc1c([C@@H](C)NC(=O)Nc2ccc3c(c2)CNC3=O)oc2ccccc12,Noncovalent,0.0
CCSc1nnc(NC(=O)CCl)s1,Covalent,1.0
O=C1CCC(NC(=O)c2ccnc3[nH]nc(Br)c23)C(=O)N1,Noncovalent,0.0
C=CS(=O)(=O)NCC(C)(C)COCC,Covalent,1.0
CC(C)C(NC(=O)C12CC1C2)c1cccs1,Covalent,1.0
Cn1cc(CO)c(-c2ccc3c(c2)CN(C2CCC(=O)NC2=O)C3=O)n1,Noncovalent,0.0
Cc1ccc(-c2cnc(C(=O)NC3CCC(=O)NC3=O)nc2)cc1,Noncovalent,0.0
C=CC(=O)N1CCC(n2ccnn2)CC1,Covalent,1.0
Cc1c(C(=O)NC2CCC(=O)NC2=O)cc([N+](=O)[O-])cc1[N+](=O)[O-],Noncovalent,0.0
CCc1cccc(N(C#N)Cc2ccon2)c1,Covalent,1.0
C=CC(=O)Nc1ccc(C)c(-c2nc(C)co2)c1,Covalent,1.0
C=CC(=O)N1CC(CC2CCOCC2)C1,Covalent,1.0
COc1cnc2cc(C(=O)Nc3ccc4c(c3)CN(C3CCC(=O)NC3=O)C4=O)ccc2c1,non-covalent,0.0
CC#CC(=O)NCC1CC(=O)N(C2CC2)C1,Covalent,1.0
O=C1CCC(NC(=O)c2ccc3c(c2)S(=O)(=O)Nc2ncnn2-3)C(=O)N1,Noncovalent,0.0
O=C(CCl)NC1CCN(CC2CC2)C1,Covalent,1.0
C=CS(=O)(=O)CCC(=O)Nc1nccs1,Covalent,1.0
CC(C)CNC(=O)c1cccc2c1CN(C1CCC(=O)NC1=O)C2=O,Noncovalent,0.0
C=CC(=O)Nc1ccc(-c2cccnc2)c(C)c1,Covalent,1.0
C=CC(=O)Nc1cnn2c1CCCC2,Covalent,1.0
CC(C)CNc1cncc(-c2ccc3c(c2)CN(C2CCC(=O)NC2=O)C3=O)n1,Noncovalent,0.0
CCc1c(C(=O)NC2CCC(=O)NC2=O)nc2c(Br)cccn12,Noncovalent,0.0
COC(=O)Cc1ncccc1-c1ccc2c(c1)CN(C1CCC(=O)NC1=O)C2=O,Noncovalent,0.0
C=CC(=O)NC1CC(C)(OC)C1(C)C,Covalent,1.0
CC(C)(C)NC(=O)[C@]1(C)CCC(=O)N1[C@H]1CCC(=O)NC1=O,non-covalent,0.0
Cc1ccc(-n2nccc2-c2ccc(N3CCC(=O)NC3=O)cc2)c(C)c1,Noncovalent,0.0
Cc1nc2n(n1)CCCC2NC(=O)C(C)Cl,Covalent,1.0
CN1CCc2nc(C(=O)Nc3ccc(C4CCC(=O)NC4=O)cc3)sc2C1,Noncovalent,0.0
CC(C)c1cccc(NC(=O)CCl)c1,Covalent,1.0
C=CS(=O)(=O)NC(C)C1CCOC1,Covalent,1.0
C[C@]12CN(C(=O)CCl)C[C@H]1[C@H]1C=C[C@@H]2C1,Covalent,1.0
c1cc2c(cc1OCC1CO1)OCCCO2,Covalent,1.0
O=C1CCC(NC(=O)c2cc3c(s2)CCCNC3=O)C(=O)N1,Noncovalent,0.0
C=CC(=O)NC1CCC(C)C(C)C1,Covalent,1.0
C=CC(=O)N1Cc2sccc2CC1(C)C,Covalent,1.0
Cn1nc(N)c2nc(-c3ccc4c(c3)CN(C3CCC(=O)NC3=O)C4=O)cc(CN3CCCC3)c21,non-covalent,0.0
C=CC(=O)NCc1nonc1C,Covalent,1.0
C=CC(=O)NCC1(CO)CC2(CCC2)C1,Covalent,1.0
Cc1nc2c(C)cccc2cc1C(=O)N/N=C/c1ccccc1O,non-covalent,0.0
COc1ccc(F)cc1B(O)O,Covalent,1.0
Cc1oc2c(F)c(F)c(F)c(F)c2c1C(=O)NC1CCC(=O)NC1=O,Noncovalent,0.0
CCC1CN(C(=O)c2ccc3c(c2)CN(C2CCC(=O)NC2=O)C3=O)CCN1,Noncovalent,0.0
O=C1CCC(N2Cc3cc(-c4ncc(C(F)(F)F)cn4)ccc3C2=O)C(=O)N1,Noncovalent,0.0
C=CC(=O)NCc1nncn1C1CC1,Covalent,1.0
O=C1c2ccccc2C(=O)N1CC1CO1,Covalent,1.0
O=C1CCC(NC(=O)c2cnc(-c3ccccn3)s2)C(=O)N1,Noncovalent,0.0
OB(O)c1cc(F)ccc1OCC1CCOC1,Covalent,1.0
O=C1CCC(n2cc(CCC3(CCO)OCCO3)nn2)C(=O)N1,Noncovalent,0.0
C[C@@H]1O[C@H]1C(=O)NC(c1ccccc1)C1CCC1,Covalent,1.0
O=C1CCNC(=O)N1,non-covalent,0.0
CCN(Cc1cccc(F)c1)C(=O)CCl,Covalent,1.0
CC(C)Oc1ccc(B(O)O)cc1,Covalent,1.0
Nc1cc(-c2ccc3c(c2)CN(C2CCC(=O)NC2=O)C3=O)ncn1,Noncovalent,0.0
CCNc1cc(-c2cn(C3CCC(=O)NC3=O)nn2)ccn1,Noncovalent,0.0
O=C1CCC(NC(=O)c2cc(Oc3ccccc3Cl)ccn2)C(=O)N1,Noncovalent,0.0
O=C(C1CO1)N1CCC1c1cccc(F)c1,Covalent,1.0
O=C(CCC(=O)N1CCc2sccc2C1)Nc1ccc2c(c1)C(=O)NC2,Noncovalent,0.0
O=C1CCC(NC(=O)c2cc(-c3cnccn3)[nH]n2)C(=O)N1,Noncovalent,0.0
CNC(=O)N1CC(NC(=O)Nc2ccc3c(C4CCC(=O)NC4=O)nn(C)c3c2)C1,non-covalent,0.0
C=CC(=O)Nc1cccc(C(=O)N(C)CC)c1,Covalent,1.0
O=C1CCC(N2Cc3cc(Nc4ncccn4)ccc3C2=O)C(=O)N1,Noncovalent,0.0
N#CC1(CCS(=O)(=O)F)CCNCC1,Covalent,1.0
O=C(CCl)N(CCO)Cc1cccc(F)c1,Covalent,1.0
CC(C)(C)OC(=O)NCCOc1ccc(-c2cccc3c2CN(C2CCC(=O)NC2=O)C3=O)cc1,non-covalent,0.0
COC(=O)c1nc(NC(=O)Cn2cnc(C)cc2=O)sc1CCc1ccccc1,non-covalent,0.0
CCc1cc(C(=O)NC2CCC(=O)NC2=O)cc2cn[nH]c12,Noncovalent,0.0
CC(Cl)C(=O)N1CCn2ncc(Cl)c2C1,Covalent,1.0
O=C1CCC(NC(=O)c2oc(C3CC3)nc2C(F)F)C(=O)N1,Noncovalent,0.0
CC(C)Oc1cncc(-c2ccc3c(c2)CN(C2CCC(=O)NC2=O)C3=O)n1,Noncovalent,0.0
C=CC(=O)NC1C(=O)N(C)Cc2ccccc21,Covalent,1.0
CN1C(=O)c2ccccc2C1Cn1c(=O)[nH]c2ccccc2c1=O,Noncovalent,0.0
O=C1CCC(NC(=O)c2cnoc2Cc2ccccc2)C(=O)N1,Noncovalent,0.0
O=C1CCC(N2Cc3cc(NC(=O)c4ccc5ncsc5c4)ccc3C2=O)C(=O)N1,non-covalent,0.0
O=C(CCl)NCCc1cccc(Cl)c1,Covalent,1.0
CN(C)C(=O)c1cncc(-c2cccc3c2C(=O)NC3)c1,Noncovalent,0.0
COc1ccccc1C(C)(C)CNC(=O)C1CO1,Covalent,1.0
O=[N+]([O-])c1ccc(B(O)O)cn1,Covalent,1.0
Cc1ccnc(SCC2CCC(=O)NC2=O)n1,non-covalent,0.0
Cc1nc2c(C)cccc2cc1C(=O)N/N=C/c1cccc([N+](=O)[O-])c1,non-covalent,0.0
C=CC(=O)N1CCc2ccn(C)c2C1,Covalent,1.0
CC#CC(=O)NCC1CCC(c2ccn[nH]2)O1,Covalent,1.0
O=C1CCC(n2nnc3ccc(CNC(=O)Nc4cccc(Cl)c4Cl)cc3c2=O)C(=O)N1,non-covalent,0.0
Cc1ccc2c(c1)OC(C)CN2C(=O)CCl,Covalent,1.0
Nc1nc(-c2ccoc2)ncc1C(=O)Nc1cccc(C2CCC(=O)NC2=O)c1,Noncovalent,0.0
C=CC(=O)NC(C)c1ccn(C(C)C)n1,Covalent,1.0
C=CC(=O)NCC1CNC(=O)C1,Covalent,1.0
C=CC(=O)Nc1cccc(C(O)C(F)(F)F)c1,Covalent,1.0
O=C1CCC(NC(=O)c2cc(NC(=O)NCc3ccccc3)ccc2O)C(=O)N1,Noncovalent,0.0
O=C1CCC(NC(=O)c2conc2C2CCNC2)C(=O)N1,Noncovalent,0.0
O=C1CCC(N2C(=O)c3cccc(N4CCC4)c3C2=O)C(=O)N1,non-covalent,0.0
COC(=O)C1(CC2CO2)CCCC1,Covalent,1.0
C=CC(=O)N[C@H]1C[C@@H](C)CC[C@@H]1C(C)C,Covalent,1.0
C=CC(=O)N(C)Cc1ccccc1N1CCCC1,Covalent,1.0
C=CC(=O)Nc1ccc2c(c1)C=CC1(CCC1)O2,Covalent,1.0
CCCC(=O)NCc1ccc2c(c1)C(=O)N(C1CCC(=O)NC1=O)C2,Noncovalent,0.0
CC1(NC(=O)c2cccc3c2CN(C2CCC(=O)NC2=O)C3=O)CCCNC1,Noncovalent,0.0
O=S(=O)(F)c1ccc(-n2ccnn2)cc1,Covalent,1.0
NCc1cccc(S(=O)(=O)F)c1,Covalent,1.0
CNc1ccccc1C(=O)NCCn1ccc(=O)[nH]c1=O,non-covalent,0.0
O=C1CCC(N2C(=O)c3cc4c(cc3C2=O)CNC4)C(=O)N1,non-covalent,0.0
O=C(CCl)NC1CC2(CNC(=O)O2)C1,Covalent,1.0
C=CC(=O)NC1Cc2ccccc2NC1=O,Covalent,1.0
O=S(=O)(F)CCSC1=NCCS1,Covalent,1.0
CN(C(=O)c1ccc(N2CCC(=O)NC2=O)cc1)C12CCCC(CNC1)C2,Noncovalent,0.0
O=C1CCC(N2Cc3c(cccc3-c3cccc4c3OCCNC4)C2=O)C(=O)N1,Noncovalent,0.0
CC#CC(=O)NCc1ccsc1C(F)(F)F,Covalent,1.0
O=C1CCC(c2cccc(Nc3nc(-c4ccccc4)cc(=O)[nH]3)c2)C(=O)N1,Noncovalent,0.0
CC(CC(=O)O)NC(=O)c1cccc2c1CN(C1CCC(=O)NC1=O)C2=O,Noncovalent,0.0
CC(C)(CNC(=O)CCl)c1ccccc1,Covalent,1.0
O=C1CCC(N2C(=O)c3cncc(Br)c3C2=O)C(=O)N1,Noncovalent,0.0
O=C1CCC(NC(=O)c2c(-c3ccccc3)cnc3ccccc23)C(=O)N1,Noncovalent,0.0
CC1(C)CC(NC(=O)Nc2ccc3c(c2)C(=O)NC3=O)c2cc(F)ccc2O1,Noncovalent,0.0
O=C1CCC(N2C(=O)c3ccc(O)cc3C2=O)C(=O)N1,Noncovalent,0.0
O=C1CCC(NC(=O)c2cc(F)cnc2NC2CC(F)(F)C2)C(=O)N1,Noncovalent,0.0
CC(=O)Nc1cccc(SCC2CCC(=O)NC2=O)c1,non-covalent,0.0
CC(=O)NCc1ccc2c(c1)C(=O)N(C1CCC(=O)NC1=O)C2,Noncovalent,0.0
O=C1CCC(NC(=O)c2cnc(-c3ccc4c(c3)CCO4)s2)C(=O)N1,Noncovalent,0.0
N#CC(=Cc1ccc(F)c(F)c1)C(=O)NC1CC1,Covalent,1.0
O=C1CCC(N2C(=O)c3cccc(NC(=O)C4CCCC4)c3C2=O)C(=O)N1,non-covalent,0.0
O=C1CCC(NC(=O)c2ccncc2Oc2ccc(F)cc2)C(=O)N1,Noncovalent,0.0
O=C1CCC(c2cccc(NC(=O)CC3C(=O)Nc4ccc(F)cc43)c2)C(=O)N1,Noncovalent,0.0
O=C1CCC(NC(=O)c2cc(Cl)ccc2Oc2cccc(Cl)c2)C(=O)N1,Noncovalent,0.0
C=CC(=O)NC1CCc2cn(C(C)C)nc2C1,Covalent,1.0
O=C1CCC(NC(=O)c2ncsc2Nc2cccnc2)C(=O)N1,Noncovalent,0.0
O=C1CCC(c2ccc(NC(=O)CCc3nc(-c4nnc[nH]4)no3)cc2)C(=O)N1,Noncovalent,0.0
CCC1(c2ccc(NC(=O)c3ccn(C)c(=O)c3)cc2)CCC(=O)NC1=O,Noncovalent,0.0
O=C1CCC(NC(=O)c2cc(Br)cc3c2CCN3)C(=O)N1,Noncovalent,0.0
COC(=O)c1cscc1S(=O)(=O)F,Covalent,1.0
C=CC(=O)N1C[C@@H](OC)C[C@@H]1c1nc(C)no1,Covalent,1.0
Cc1cc(F)ccc1NC1CCC(=O)NC1=O,Noncovalent,0.0
Nc1nc(Cl)cnc1-c1ccc2c(c1)CN(C1CCC(=O)NC1=O)C2=O,Noncovalent,0.0
O=C1CCC(NC(=O)c2c(-c3ccccc3)nn3ccccc23)C(=O)N1,Noncovalent,0.0
Nc1cccc(NC(=O)c2cccc3c2CN(C2CCC(=O)NC2=O)C3=O)n1,Noncovalent,0.0
Cc1nc2ccnn2cc1C(=O)NC1CCC(=O)N(C)C1=O,Noncovalent,0.0
CC(=O)NCCc1ccc(S(=O)(=O)F)cc1,Covalent,1.0
O=C1CCC(NC(=O)c2ccnn2-c2cccc(Br)c2)C(=O)N1,Noncovalent,0.0
Cc1ccc2nnc(CNC(=O)C34CC3C4)n2c1,Covalent,1.0
Cn1cnc(NC2CCC(=O)NC2=O)c(Cl)c1=O,Noncovalent,0.0
Cc1[nH]c(=O)nc(S)c1C(=O)NC1CCC(=O)NC1=O,Noncovalent,0.0
N#CC(=Cc1ccccc1)C(=O)NC1CC1,Covalent,1.0
C=CC(=O)N1CC(C2CS(=O)(=O)C2)C1,Covalent,1.0
Cc1cc(=O)oc2c(C)c(OCC3CO3)ccc12,Covalent,1.0
CC(C)(C)c1ccnc2c(C(=O)NC3CCC(=O)NC3=O)cnn12,Noncovalent,0.0
C=CC(=O)NCCN1CC2CCCCN2C1=O,Covalent,1.0
CCNc1n[nH]c2c(CN3CCCC3)cc(-c3ccc4c(c3)CN(C3CCC(=O)NC3=O)C4=O)nc12,non-covalent,0.0
O=C1CCN(c2cccc(OCc3ccc(CN4CCOCC4)cc3)c2)C(=O)N1,non-covalent,0.0
COc1cc(N)ccc1C(=O)NC1CCC(=O)NC1=O,non-covalent,0.0
c1cc2c(cc1OCC1CO1)COCC2,Covalent,1.0
NCCCOCCCOc1ccc2c(c1)C(=O)N(C1CCC(=O)NC1=O)C2=O,Noncovalent,0.0
CC(C)(C(=O)NCc1cccc2c1C(=O)N(C1CCC(=O)NC1=O)C2)c1ccccc1,non-covalent,0.0
O=C1CCC(N2Cc3c(C(=O)N4CCC4)cccc3C2=O)C(=O)N1,Noncovalent,0.0
O=S(=O)(F)CC1CCC(C(F)(F)F)O1,Covalent,1.0
COc1c(Br)cccc1C(=O)NC1CCC(=O)NC1=O,Noncovalent,0.0
O=S(=O)(F)c1cccc2c1OCC2,Covalent,1.0
C=CS(=O)(=O)NCc1cn(C)nc1CC,Covalent,1.0
CN(C)c1ccc(-c2cccc3c2CN(C2CCC(=O)NC2=O)C3=O)nc1,Noncovalent,0.0
C=CC(=O)NCC(O)c1cc(F)c(F)c(F)c1,Covalent,1.0
CN(c1cc(-n2ccnc2)ncn1)C1CCC(=O)NC1=O,Noncovalent,0.0
NC(Cc1cc2ccccc2o1)C(=O)Nc1cccc(C2CCC(=O)NC2=O)c1,Noncovalent,0.0
O=C(Nc1ncn(Cc2cccc(F)c2)n1)c1cccc2c1C(=O)NC2,Noncovalent,0.0
C=CC(=O)N1CC(n2cc(C#N)c(=O)[nH]c2=O)C1,Covalent,1.0
O=C1CCC(N2Cc3cc(NC(=O)c4ccc(Oc5ccccc5)cc4)ccc3C2=O)C(=O)N1,non-covalent,0.0
Cc1cc(C(=O)O)cc(-c2cccc3c2CN(C2CCC(=O)NC2=O)C3=O)c1,Noncovalent,0.0
C=CC(=O)N1CCC(OC)(C(=O)O)CC1,Covalent,1.0
O=C1CCC(Nc2nc3c(cc2Cl)C(=O)NC3)C(=O)N1,Noncovalent,0.0
C=CC(=O)NC1CCCc2ccccc21,Covalent,1.0
C=CC(=O)NCC1CCN(c2ccccc2)C1,Covalent,1.0
CC1CC(NC(=O)C(C)Cl)=NO1,Covalent,1.0
O=S(=O)(F)c1nc2c(s1)CCCC2,Covalent,1.0
O=S(=O)(F)c1ccc(F)c(OC(F)F)c1,Covalent,1.0
Cc1cc(CNC(=O)CCl)cc(=O)[nH]1,Covalent,1.0
O=C(CCl)N1CCCCCCC1,Covalent,1.0
O=C1CCC(N2Cc3c(cccc3-c3ccc4c(c3)CCN4)C2=O)C(=O)N1,Noncovalent,0.0
C=CC(=O)N1CCCOC(c2ccccc2)C1,Covalent,1.0
C=CC(=O)NC[C@]12C[C@H]1COC21CCC1,Covalent,1.0
CC(C)(C)OC(=O)Nc1nccc(O)c1C=O,Covalent,1.0
O=C(C1CO1)N1CCCCC1c1ccccc1,Covalent,1.0
COc1cc(C(=O)Nc2cccc(C3CCC(=O)NC3=O)c2)cc2ccoc12,Noncovalent,0.0
Cc1sc(C2CCNCC2)nc1C(=O)NC1CCC(=O)NC1=O,Noncovalent,0.0
CC(C)(C)OC(=O)N1CCN(c2cccc3c2C(=O)N(C2CCC(=O)NC2=O)C3=O)CC1,non-covalent,0.0
C=CC(=O)N1CCn2ncnc2C1,Covalent,1.0
C=CC(=O)NCC(C)(O)c1cnn(C)c1,Covalent,1.0
C=CC(=O)NCc1noc(-c2ccco2)n1,Covalent,1.0
O=C1CCC(N2Cc3cc(C(=O)NCCC4CCCNC4)ccc3C2=O)C(=O)N1,Noncovalent,0.0
O=C1CCC(N2C(=O)c3ccc(S)cc3C2=O)C(=O)N1,Noncovalent,0.0
COc1ccc(S(=O)(=O)F)c(OC)c1,Covalent,1.0
COc1ncc(S(=O)(=O)F)cn1,Covalent,1.0
CC(C)c1cc(NC(=O)CCl)[nH]n1,Covalent,1.0
CP(C)(=O)c1ccc(S(=O)(=O)F)cc1,Covalent,1.0
C=CC(=O)N1CC2(CCCC2)OCC1C,Covalent,1.0
O=C1CC(c2cccc(NC(=O)CCc3ccccn3)c2)CC(=O)N1,Noncovalent,0.0
O=C1CCC(N2Cc3cc(NS(=O)(=O)c4cccc5ccoc45)ccc3C2=O)C(=O)N1,non-covalent,0.0
Cc1nc2c(c(NC3CCC(=O)NC3=O)n1)CCCC2,Noncovalent,0.0
Cc1cc(NC(=O)CCl)[nH]n1,Covalent,1.0
C=CC(=O)Nc1ccc(-c2nccs2)cc1,Covalent,1.0
CC(C)(CNC(=O)CCl)N1CCOCC1,Covalent,1.0
CC#CC(=O)NC(C1CC1)C(F)(F)F,Covalent,1.0
C=CC(=O)Nc1cccc2c1OCC2,Covalent,1.0
Cc1ccc(C=C(C#N)C(=O)N2CCCC2)cc1,Covalent,1.0
C=CC(=O)NC1CC2CCCc3cccc1c32,Covalent,1.0
Cc1nn(C)c(C)c1C(=O)NC1CCC(=O)NC1=O,Noncovalent,0.0
CC1(c2ccncc2)CO1,Covalent,1.0
NC(=O)c1ccccc1OCc1cccc(C(=O)NC2CCC(=O)NC2=O)c1,Noncovalent,0.0
O=C1CCC(N2C(=O)c3cccc(NC(=O)c4cnccn4)c3C2=O)C(=O)N1,non-covalent,0.0
C=CC(=O)N[C@@H]1CCC[C@]12CCCCO2,Covalent,1.0
OCc1cc(F)c(OCC2CO2)c(F)c1,Covalent,1.0
CC(Cl)C(=O)N[C@H]1C[C@H](Cn2cncn2)C1,Covalent,1.0
Cc1cc2c(cc(C(=O)NC3CCC(=O)NC3=O)n2CC2CC2)s1,Noncovalent,0.0
O=C1CCC(NC(=O)c2cnc(-c3ccsc3)cn2)C(=O)N1,Noncovalent,0.0
C=CC(=O)NCC(F)c1ccc(C)c(C)c1,Covalent,1.0
CC#CC(=O)N1CCC(C#N)(COC)CC1,Covalent,1.0
C=CC(=O)N(C)CCN1CCNC(=O)C1,Covalent,1.0
C=CC(=O)N(C)Cc1nnc(C2CC2)n1C,Covalent,1.0
CC(C)(C)c1noc(-c2ccccc2C(=O)NC2CCC(=O)NC2=O)n1,Noncovalent,0.0
COc1c(CNc2ccc3c(c2)CN(C2CCC(=O)NC2=O)C3=O)ccc2ccccc12,non-covalent,0.0
C=CC(=O)N1CCC2(CC1)CC(=O)C=CO2,Covalent,1.0
O=C(OCc1ccccc1)[C@H]1CO1,Covalent,1.0
C=CS(=O)(=O)NC(C#N)(CC)CC,Covalent,1.0
CC(C)NC(=O)C(C#N)=Cc1ccccc1,Covalent,1.0
c1nnc(-c2ccc(OCC3CO3)cc2)s1,Covalent,1.0
O=C1CC(c2cccc(NC(=O)CCCn3cccc3)c2)CC(=O)N1,Noncovalent,0.0
C=CC(=O)N1CCc2nc(C3CC3)ncc2C1,Covalent,1.0
C=CC(=O)NCc1cnoc1C,Covalent,1.0
Cc1ccc(CNc2cccc3c2CN(C)N(C2CCC(=O)NC2=O)C3=O)cc1,non-covalent,0.0
CC(Cn1cccn1)C(=O)NCc1cncc(C(=O)NC2CCC(=O)NC2=O)c1,Noncovalent,0.0
O=C(CCl)NC1CCNC(=O)c2[nH]ccc21,Covalent,1.0
C=CS(=O)(=O)NC(C(C)C)C1CCC1,Covalent,1.0
Cc1cc2[nH]c(C(=O)NC3CCC(=O)NC3=O)cc2s1,Noncovalent,0.0
Cc1cccnc1C(C)(C)CNC(=O)CCl,Covalent,1.0
CN(c1ccc2ncnn2n1)C1CCC(=O)NC1=O,Noncovalent,0.0
CC1(C#Cc2ccccc2)CO1,Covalent,1.0
O=C1CCC(NC(=O)c2nc3[nH]ccc3cc2Br)C(=O)N1,Noncovalent,0.0
O=C1CCC(n2nnc3ccc(CNC(=O)Nc4cccc(-c5ccccc5)c4)cc3c2=O)C(=O)N1,non-covalent,0.0
CC(C)OC(=O)C(C#N)=Cc1cnn(C)c1,Covalent,1.0
Cn1nc(-c2ccccc2F)c2cc(C(=O)NC3CCC(=O)NC3=O)sc21,Noncovalent,0.0
O=C1CCC(N2Cc3cc(CNC(=O)C4COc5ccccc5C4)ccc3C2=O)C(=O)N1,non-covalent,0.0
CC#CC(=O)NCc1cccc2[nH]nnc12,Covalent,1.0
C=CC(=O)N1CCCC(c2cccnc2)C1,Covalent,1.0
CN(Cc1ccsc1)C(=O)CCl,Covalent,1.0
C=CC(=O)NC1CCc2ccccc2OC1,Covalent,1.0
CN1Cc2ccc(OCc3ccc(OC4CCOC4)cc3)cc2C1=O,Noncovalent,0.0
CC#CC(=O)NCC1(CF)CC12CCOCC2,Covalent,1.0
Cn1nc(C2CCC(=O)NC2=O)c2ccc(NC(=O)NCC3=CCCCC3)cc21,Noncovalent,0.0
O=C1CCC(Nc2ccc(NC(=O)c3cnn4cc[nH]c(=O)c34)cc2)C(=O)N1,Noncovalent,0.0
O=C1CCC(NC(=O)c2ncc3c(n2)CCNC3)C(=O)N1,Noncovalent,0.0
CN(c1cc(C#N)c2cc(Cl)ccc2n1)C1CCC(=O)NC1=O,Noncovalent,0.0
C#CCN(Cc1ccc(C)cc1)C(=O)C=C,Covalent,1.0
O=C1CCC2(CC(c3ccccc3Cl)=NO2)C(=O)N1,non-covalent,0.0
COc1ccc(OC[C@H]2CO2)cc1,Covalent,1.0
C=CC(=O)N1CCOc2ccccc2C1C,Covalent,1.0
C=CC(=O)Nc1ccc2c(c1)CCC(C)(C)O2,Covalent,1.0
Clc1ccc(CC2CO2)c(Cl)c1,Covalent,1.0
NC[C@H]1CC[C@H](NC(=O)c2ccc3c(c2)CN(C2CCC(=O)NC2=O)C3=O)CC1,Noncovalent,0.0
CC(C)(C)n1cc(C(=O)NC2CCC(=O)NC2=O)c(-c2ccc(F)cc2F)n1,Noncovalent,0.0
CC(C)Oc1cscc1-c1cn(C2CCC(=O)NC2=O)nn1,non-covalent,0.0
O=C1CCC(N2Cc3cc(-c4ccccc4)ccc3C2=O)C(=O)N1,non-covalent,0.0
CC(C)c1oc(-c2ccccc2)nc1C(=O)NC1CCC(=O)NC1=O,Noncovalent,0.0
C=CC(=O)N1CCCC1c1ccc(C)s1,Covalent,1.0
CC(C)c1cccc(-c2ccnc3c2C(=O)NC3)c1,Noncovalent,0.0
C=CC(=O)N1CCNC(=O)C1C,Covalent,1.0
C#Cc1ccc(NC(=O)CCl)cc1,Covalent,1.0
Cc1cc2cc(OCC3CO3)ccc2n1C,Covalent,1.0
O=C(C(F)Cl)N1CCC2CCC(C1)S2,Covalent,1.0
C=CC(=O)N1CCN(CCC#N)CC1,Covalent,1.0
CC1(C)Oc2cc(C(=O)NC3CCC(=O)NC3=O)cnc2NC1=O,Noncovalent,0.0
O=C(C1CO1)N1CCCN(c2ccccc2)CC1,Covalent,1.0
O=C(CCl)NCC1CCCc2nccn21,Covalent,1.0
COc1cccc2c1CC(Nc1ccc(N3CCC(=O)NC3=O)c(C)c1)CO2,Noncovalent,0.0
C=CC(=O)N1CCc2ccccc2C1C(N)=O,Covalent,1.0
C=CC(=O)N1CCCC1(C)c1ccccc1,Covalent,1.0
O=C(CCl)NCC1=CCCCC1,Covalent,1.0
COc1ccc(S(=O)(=O)F)cc1CC(=O)O,Covalent,1.0
C=CC(=O)N1CC2(C=C(C(=O)OC)CO2)C1,Covalent,1.0
Cc1c(C(=O)NC2CCC(=O)NC2=O)sc2c(Br)cccc12,Noncovalent,0.0
C=CC(=O)NCc1cc(C)nc(C)n1,Covalent,1.0
C#Cc1ccc2c(c1)C(=O)N(C1CCC(=O)NC1=O)C2=O,Noncovalent,0.0
Cc1cccnc1-c1ccc2c(c1)CN(C1CCC(=O)NC1=O)C2=O,Noncovalent,0.0
CC(C)NC(=O)CN(C#N)c1ccccc1,Covalent,1.0
O=C(CCl)NCc1cccnc1,Covalent,1.0
O=C1CCC(N2C(=O)c3cc(F)c(N4CCNCC4)cc3C2=O)C(=O)N1,Noncovalent,0.0
Cc1cnc2c(Br)c(C(=O)NC3CCC(=O)NC3=O)nn2c1,Noncovalent,0.0
C=C(C)C(=O)OCCNC(=O)C(F)Cl,Covalent,1.0
O=S(=O)(F)c1nc(-c2ccccc2)ns1,Covalent,1.0
O=C1CCC(N2Cc3cccc(O)c3C2=O)C(=O)N1,non-covalent,0.0
O=C(CCl)NC[C@H]1CCO[C@H]1c1ncn[nH]1,Covalent,1.0
O=C1CCC(N2Cc3cc(Br)cnc3C2=O)C(=O)N1,Noncovalent,0.0
O=C(CCl)N1CC(COC(F)F)C1,Covalent,1.0
OB(O)c1cccc2c1OCCO2,Covalent,1.0
O=S(=O)(F)c1ccc(Cl)cn1,Covalent,1.0
Cn1nnnc1C(Nc1ccc2c(c1)C(=O)N(C1CCC(=O)NC1=O)C2)C1CC1,Noncovalent,0.0
Cc1cccc(NCCNC(=O)[C@@H]2O[C@H]2C)n1,Covalent,1.0
CC1CC(=O)NC(=O)C1,non-covalent,0.0
C=CC(=O)NCc1cc(C2CC2)ccc1F,Covalent,1.0
COc1ccc2c(C(=O)NC3CCC(=O)NC3=O)cnn2c1,Noncovalent,0.0
O=S(=O)(F)c1cccc(C2CC2(F)F)c1,Covalent,1.0
c1cc(OCC2CO2)cc(-c2nccs2)c1,Covalent,1.0
C=CC(=O)NC1CC(C)Cc2cccc(OC)c21,Covalent,1.0
C=CC(=O)NCc1cc(O)ccc1Cl,Covalent,1.0
C=CC(=O)Nc1ccc2c(c1)S(=O)(=O)CC2,Covalent,1.0
C=CS(=O)(=O)N(C)C1(CO)CC2(CCC2)C1,Covalent,1.0
CC(C)CN1C(=O)c2ccc(C(=O)N3CCN(C(=O)CCl)CC3)cc2C1=O,Covalent,1.0
CC#CC(=O)N1CCN(C(=O)CC)CC1,Covalent,1.0
Cc1cccc(OC(F)F)c1NC(=O)CCl,Covalent,1.0
Cc1cn(S(=O)(=O)c2ccc3c(c2)C(=O)N(C2CCC(=O)NC2=O)C3)cn1,covalent,1.0
C=CC(=O)N1CCC2(COC2)C1,Covalent,1.0
C=CC(=O)NCC1C[C@H]2COC[C@H]2O1,Covalent,1.0
C=CC(=O)N1CCCC1c1cccc(C(=O)O)c1,Covalent,1.0
O=C(NCc1ccccc1OCC1CC1)C1CO1,Covalent,1.0
C=CC(=O)Nc1cc(-c2ccccc2)cnc1C,Covalent,1.0
CCOc1nc(C)ccc1C(=O)NC1CCC(=O)NC1=O,Noncovalent,0.0
C=CC(=O)Nc1ccc2c(c1)C(=O)N(C)C2,Covalent,1.0
C=CC(=O)Nc1ccc(OC)c(OC)c1,Covalent,1.0
Cc1cn2nc(Cl)cc(NC3CCC(=O)NC3=O)c2n1,Noncovalent,0.0
O=S(=O)(F)Cc1noc2ccccc12,Covalent,1.0
C=CS(=O)(=O)N(C)CC1(OCC)CCOC1,Covalent,1.0
O=C1CCC(NC(=O)c2coc3c(F)c(Cl)ccc23)C(=O)N1,Noncovalent,0.0
O=C1CCC(Nc2cc(C(F)F)ncn2)C(=O)N1,Noncovalent,0.0
CCN1CCN(C(=O)CCl)CC12CCOC2,Covalent,1.0
N#CC(=Cc1cccs1)C(N)=O,Covalent,1.0
OB(O)c1cccnc1,Covalent,1.0
O=C1CCC(N2Cc3c(cccc3-c3ccc(F)c4[nH]ccc34)C2=O)C(=O)N1,Noncovalent,0.0
CS(=O)(=O)N1CCN(C(=O)CCl)CC1,Covalent,1.0
O=C(NC12CC(C1)C(=O)NC2=O)c1ccc([N+](=O)[O-])cc1O,Noncovalent,0.0
O=C1CCN(c2ccc(-c3cc(Cn4cccn4)ccc3F)cc2)C(=O)N1,Noncovalent,0.0
O=C1CCC(N2Cc3cc(NCCOCCOCCOCc4ccccc4)ccc3C2=O)C(=O)N1,non-covalent,0.0
O=S(=O)(F)c1nc(C2CC2)cs1,Covalent,1.0
CC(C)(CN)CNC(=O)c1ccc2c(c1)CN(C1CCC(=O)NC1=O)C2=O,Noncovalent,0.0
COC1(C(F)(F)CNC(=O)CCl)CCC1,Covalent,1.0
Cc1cc(-c2ccc3c(c2)CN(C2CCC(=O)NC2=O)C3=O)cc2cn(C)nc12,Noncovalent,0.0
CC1(C)CN(CCc2cn(C3CCC(=O)NC3=O)nn2)CCS1,Noncovalent,0.0
Nc1c(C(=O)NC2CCC(=O)NC2=O)cnc2ccnn12,Noncovalent,0.0
COCC1(CNC(=O)CCl)CCCO1,Covalent,1.0
C=CC(=O)N1CC(=O)N(C2CC2)C1,Covalent,1.0
O=C1CCC(N2Cc3cc(CNC(=O)Nc4ccc(F)cc4)ccc3C2=O)C(=O)N1,non-covalent,0.0
COCCn1nc(C)c(-c2ccc(N3CCC(=O)NC3=O)c(C)c2)c1C,Noncovalent,0.0
O=C1CCC(NC(=O)c2cccc(C(=O)N3CCCC3)n2)C(=O)N1,Noncovalent,0.0
O=C1CCC(NC(=O)c2cn[nH]c2CNC(=O)c2cccc3c2CCC3)C(=O)N1,Noncovalent,0.0
O=C1CCC(NC(=O)c2ncoc2-c2ccc3c(c2)OCCO3)C(=O)N1,Noncovalent,0.0
O=C(CCl)N1CCC[C@@H]2CCCC[C@H]21,Covalent,1.0
CC1c2ccccc2N(C(=O)CCl)C1C,Covalent,1.0
COc1cccc(Cl)c1B(O)O,Covalent,1.0
O=C(CCl)N1CCC2(CCOCC2)C12CC2,Covalent,1.0
C#CC(CC1CCOC1)NC(=O)CCl,Covalent,1.0
Cc1cnc(C(=O)NC2CCC(=O)NC2=O)cn1,Noncovalent,0.0
O=C1CCC(Cc2cn(C3CCN(Cc4ccccc4)C3)nn2)C(=O)N1,Noncovalent,0.0
C=CC(=O)N1CC=C(c2ccc(OC)cc2)C1,Covalent,1.0
CC#CC(=O)NCc1n[nH]c2ccc(Cl)cc12,Covalent,1.0
N#Cc1cccc(B(O)O)c1Cl,Covalent,1.0
O=C1CCC(N2Cc3c(ccc4c3OCC43CCN(Cc4ccccn4)CC3)C2=O)C(=O)N1,non-covalent,0.0
O=C1CCC(N2Cc3c(C(=O)NCCCF)cccc3C2=O)C(=O)N1,Noncovalent,0.0
CC1(C(=O)Nc2ccc3c(c2)C(=O)N(C2CCC(=O)NC2=O)C3=O)COC1,Noncovalent,0.0
C=C(F)C(=O)NCc1ccc2c(c1)C(=O)N(C1CCC(=O)NC1=O)C2=O,Covalent,1.0
O=C1CCC(c2ccc(NC(=O)CC3(c4ccon4)CCNCC3)cc2)C(=O)N1,Noncovalent,0.0
Cc1cccc2c1CN([C@H]1CCCC(=O)NC1=O)C2=O,non-covalent,0.0
O=C(CCl)NCC1CCOC1,Covalent,1.0
CC(C)c1noc2nc(-c3ccco3)cc(C(=O)NC3CCC(=O)NC3=O)c12,Noncovalent,0.0
CC(C)(C)OC(=O)NCC#Cc1cccc(N2CCC(=O)NC2=O)c1,non-covalent,0.0
Cc1nn(CCO)cc1CNc1ccc2c(c1)CN(C1CCC(=O)NC1=O)C2=O,Noncovalent,0.0
O=C1CCC(N2Cc3cc(NC(=O)N4C[C@H]5C[C@@H]4CO5)ccc3C2=O)C(=O)N1,Noncovalent,0.0
O=C(CCl)NCCc1ncccc1F,Covalent,1.0
O=C1CCC(N2Cc3cc(C4CCN(Cc5ccccc5)CC4)ccc3C2=O)C(=O)N1,non-covalent,0.0
O=C1CCC(NC(=O)c2ccc(Oc3ccc(F)cc3)s2)C(=O)N1,Noncovalent,0.0
CC(C)(C)CNC(=O)NS(=O)(=O)c1cccc2c1CNC2=O,Noncovalent,0.0
O=C1CCC(N2Cc3cc(NC(=O)c4cccc(Oc5ccccc5)c4)ccc3C2=O)C(=O)N1,non-covalent,0.0
O=C(O)CCCNC(=O)c1ccc2c(c1)C(=O)N(C1CCC(=O)NC1=O)C2,Noncovalent,0.0
C=C(C)[C@@H]1CC(=O)[C@@]2(C)O[C@H]2C1,Covalent,1.0
O=C1CCC(N2Cc3cc(CNC(=O)Nc4ccccc4-c4ccccc4)ccc3C2=O)C(=O)N1,non-covalent,0.0
C=CS(=O)(=O)NCC1CCc2ccccc21,Covalent,1.0
CC1(C)Cc2c(C(=O)Nc3cccc(NC4CCC(=O)NC4=O)c3)nnn2C1,Noncovalent,0.0
O=C1CCC(NC(=O)c2c(Br)cc(Cl)c3[nH]ncc23)C(=O)N1,Noncovalent,0.0
O=C1CCC(NC(=O)c2ncc(OCC3CC3)cc2F)C(=O)N1,Noncovalent,0.0
O=C1CCC(N2Cc3ccc(S(=O)(=O)n4cncn4)cc3C2=O)C(=O)N1,covalent,1.0
O=C1CCC(N2Cc3cccc(CNC(=O)C(=O)c4ccccc4)c3C2=O)C(=O)N1,non-covalent,0.0
N[C@H]1CC[C@@H](CS(=O)(=O)F)CC1,Covalent,1.0
CC(Cl)C(=O)NCc1cnn2ccccc12,Covalent,1.0
C=CC(=O)NC(CO)c1ccnn1C,Covalent,1.0
Cc1nnc(C(C)NC(=O)C(C)Cl)s1,Covalent,1.0
O=C1CCC(N2Cc3cc(-c4cc5ccccc5cn4)ccc3C2=O)C(=O)N1,non-covalent,0.0
C=CC(=O)N1CCN(Cc2n[nH]c(C)n2)CC1,Covalent,1.0
N#Cc1ccc2[nH]cc(C(=O)Nc3cccc(C4CCC(=O)NC4=O)c3)c2c1,Noncovalent,0.0
C=CC(=O)N1CC(C(=O)O)OC(C)(C)C1,Covalent,1.0
Cc1nccc(B2OC(C)(C)C(C)(C)O2)c1F,Covalent,1.0
Cc1ccc(NC(=O)NCc2ccc3c(=O)n(C4CCC(=O)NC4=O)nnc3c2)cc1,non-covalent,0.0
O=C1CCC(Nc2ccc(NC(=O)C3=COc4ccccc4O3)cc2)C(=O)N1,Noncovalent,0.0
C=CC(=O)NCc1cnn(C)c1,Covalent,1.0
O=C1CCC(NC(=O)c2coc3ccc(OCc4ccccc4)cc23)C(=O)N1,Noncovalent,0.0
O=C1CCC(N2C(=O)c3ccc(C(=O)N4CCCCC4)cc3C2=O)C(=O)N1,Noncovalent,0.0
CC(C)(C)OC(=O)N1CCN(c2ccc3c(c2)C(=O)N(C2CCC(=O)NC2=O)C3=O)CC1,non-covalent,0.0
C=CC(=O)NC12CCC(F)(CC1)CC2,Covalent,1.0
O=C(CCl)NCc1cc(C2CCCC2)on1,Covalent,1.0
C=CC(=O)Nc1ccc2c(C)n(C)nc2c1,Covalent,1.0
O=C(CCl)NCC1(c2ccccc2)CC1,Covalent,1.0
C=CC(=O)Nc1cncc(OC)c1,Covalent,1.0
CC1(C)OC(=O)c2cc(S(=O)(=O)F)ccc21,Covalent,1.0
NCCCCCCOc1ccc2c(c1)C(=O)N(C1CCC(=O)NC1=O)C2=O,Noncovalent,0.0
N#CC(=Cc1ccc(OC(F)F)cc1)C(=O)O,Covalent,1.0
CC(=O)N([C@H](C(=O)NC1CCCCC1)c1ccc(C)cc1)[C@H]1CCC(=O)NC1=O,non-covalent,0.0
O=C1CCC(NC(=O)c2ccnc(CNC(=O)c3occ4c3CCC4)c2)C(=O)N1,Noncovalent,0.0
Nc1ccc(B(O)O)cn1,Covalent,1.0
Fc1cc(Br)cc(OCC2CO2)c1,Covalent,1.0
O=C(CCl)NC[C@]12CCC[C@H]1CCO2,Covalent,1.0
C=CC(=O)N1CCC(c2cc(C)ccn2)C1,Covalent,1.0
O=C1CCC(NC(=O)c2ccc(-n3cncn3)c(F)c2)C(=O)N1,Noncovalent,0.0
O=C(CCl)Nc1nc(-c2ccco2)cs1,Covalent,1.0
O=C1CCC(NC(=O)c2ccc3ccn(CC(F)F)c3c2)C(=O)N1,Noncovalent,0.0
O=C1CCC(N2Cc3c(cccc3-c3ccc(F)cc3)C2=O)C(=O)N1,non-covalent,0.0
C=CC(=O)NC1CC2(COC(C)(C)C2)C1,Covalent,1.0
CC(C)n1cc2cccc(C(=O)NC3CCC(=O)NC3=O)c2n1,Noncovalent,0.0
Cc1nc(C=C(C#N)C(=O)NC(C)C)[nH]c1C,Covalent,1.0
CN(c1cc(C#N)nc(C2CC2)n1)C1CCC(=O)NC1=O,Noncovalent,0.0
C=CC(=O)N1CC(C(=O)c2ccc(F)cc2)C1,Covalent,1.0
Cc1ccccc1-c1ccc2c(c1)CN(C1CCC(=O)NC1=O)C2=O,Noncovalent,0.0
Cc1cccc(Cl)c1CC(=O)Nc1cccc(C2CC(=O)NC(=O)C2)c1,Noncovalent,0.0
O=C(CCl)NCCc1c(F)cccc1F,Covalent,1.0
CC1(C(=O)Nc2cccc(C3CCC(=O)NC3=O)c2)NCCc2ccsc21,Noncovalent,0.0
CC(Cl)C(=O)NC(CO)C1CCCO1,Covalent,1.0
C=CC(=O)NC(C)Cn1cncn1,Covalent,1.0
O=C1CCC(N2Cc3ccc(-c4nc(C5OCCO5)cs4)cc3C2=O)C(=O)N1,Noncovalent,0.0
C=CC(=O)Nc1ccc(Cl)c(N(C)C)c1,Covalent,1.0
CC#CC(=O)NC1C(C)(C)C(O)C1(C)C,Covalent,1.0
CN1Cc2c(NC(=O)CCl)cccc2C1=O,Covalent,1.0
O=C1CCC(NC(=O)c2ccc3c(c2)OCO3)C(=O)N1,Noncovalent,0.0
Cc1c(C(=O)NC2CCC(=O)NC2=O)n[nH]c1-c1ccc(Cl)cc1,Noncovalent,0.0
O=C1CCC(NC(=O)c2cc3ccc4c(c3[nH]2)OCCO4)C(=O)N1,Noncovalent,0.0
O=C1CCC(c2ccc(NC(=O)Nc3cnc4c(c3)C(=O)NCC4)cc2)C(=O)N1,Noncovalent,0.0
O=C1CCC(NC(=O)c2cc(-c3ccccc3)co2)C(=O)N1,Noncovalent,0.0
Cc1c(C(=O)NC2CCC(=O)NC2=O)cccc1N1CCC(=O)NC1=O,Noncovalent,0.0
O=C1CCC(N2Cc3cc(NCc4ccc5cc(F)ccc5c4)ccc3C2=O)C(=O)N1,non-covalent,0.0
O=C1CCC(c2cccc(NC(=O)C3(Cc4cnn[nH]4)CCOCC3)c2)C(=O)N1,Noncovalent,0.0
O=C1CCC(NC(=O)c2ccco2)C(=O)N1,Noncovalent,0.0
Nc1ncc2c(-c3ccc4c(c3)CN(C3CCC(=O)NC3=O)C4=O)cccc2n1,Noncovalent,0.0
Nc1c(C(=O)NC2CCC(=O)NC2=O)nc2cccc(Br)n12,Noncovalent,0.0
C=CC(=O)Nc1cnc2c(F)cccc2c1,Covalent,1.0
O=C1CCC(N2Cc3cc(NC(=O)c4cn5cccc(C(F)(F)F)c5n4)ccc3C2=O)C(=O)N1,non-covalent,0.0
OB(O)c1ccccc1-c1nnn[nH]1,Covalent,1.0
C=CC(=O)NCC1CCS(=O)(=O)C1(C)C,Covalent,1.0
O=C1CCC(NC(=O)c2cn(C(F)(F)CO)nn2)C(=O)N1,Noncovalent,0.0
O=C(CCl)NCc1ccccc1F,Covalent,1.0
Cc1sc(C(=O)NC2CCC(=O)NC2=O)nc1-c1ccccc1,Noncovalent,0.0
O=C1CCC(n2cc(Cn3ccccc3=O)nn2)C(=O)N1,Noncovalent,0.0
CC1(C)CC(=O)C(=CNc2ccc3c(c2)C(=O)NC3=O)C(=O)C1,Covalent,1.0
C=CC(=O)NCC1SCCc2ccccc21,Covalent,1.0
Cc1noc(COc2ccc(C(=O)NC3CCC(=O)NC3=O)cn2)n1,Noncovalent,0.0
C=CC(=O)NCc1c[nH]c2cc(F)c(F)cc12,Covalent,1.0
COc1ccc2cccc(C(=O)NC3CCC(=O)NC3=O)c2c1,Noncovalent,0.0
O=C1CCC(CSc2ccccc2)C(=O)N1,non-covalent,0.0
CCn1cccc(CNC(=O)CCl)c1=O,Covalent,1.0
Nc1ccc(F)c2c1C(=O)N(C1CCC(=O)NC1=O)C2=O,non-covalent,0.0
COc1ccccc1[C@@H](C)N(C)C(=O)CCl,Covalent,1.0
Cc1csc(CNC(=O)c2cccc3c2CN(C2CCC(=O)NC2=O)C3=O)n1,Noncovalent,0.0
C=CC(=O)NCC(F)(F)c1cccc(F)c1,Covalent,1.0
CCN1CC(Oc2ccc3c(c2)CN(C2CCC(=O)NC2=O)C3=O)C[C@@H](C)C1,non-covalent,0.0
CCCOc1ccccc1CNS(=O)(=O)Nc1ccc2c(c1)CN(C1CCC(=O)NC1=O)C2=O,non-covalent,0.0
Cc1ccc(NC(=O)NCc2cccc(C3CCC(=O)NC3=O)c2)cc1Cl,non-covalent,0.0
C=CS(=O)(=O)N1CCN(C(=O)NC)CC1,Covalent,1.0
CC#CC(=O)NC1CCc2nc(C(C)C)nn2C1,Covalent,1.0
CN1CCn2ncc(C(=O)N[C@@H]3CCC(=O)NC3=O)c2C1=O,Noncovalent,0.0
Cc1csc(Cl)c1NC(=O)CCl,Covalent,1.0
C=CC(=O)Nc1ccc2[nH]c(C(N)=O)cc2c1,Covalent,1.0
O=C1CCCC(=O)N1,non-covalent,0.0
O=C1CCC(NC(=O)c2cc(Nc3ccccc3)ncn2)C(=O)N1,Noncovalent,0.0
O=C(CCl)N1CCCc2cccc(F)c21,Covalent,1.0
Nc1c(C(=O)NC2CCC(=O)NC2=O)[nH]c(=O)[nH]c1=O,Noncovalent,0.0
Cc1ccnc(C(=O)NC2CCC(=O)NC2=O)c1,Noncovalent,0.0
C=CS(=O)(=O)Nc1cscc1C,Covalent,1.0
Nc1cccc2c1C(=O)N(C1CCC(=O)NC1=O)C2=O,Noncovalent,0.0
COC(=O)c1ccc(OCC2CO2)cc1C,Covalent,1.0
O=S1(=O)CCCC2(CO2)C1,Covalent,1.0
CN(C)C(=O)Cn1cc(NC(=O)CCl)cn1,Covalent,1.0
CC1CCCN1C(=O)COc1cccc2c1CN(C1CCC(=O)NC1=O)C2=O,Noncovalent,0.0
CC1c2nc(Cl)nc(N(C)C3CCC(=O)NC3=O)c2CS1(=O)=O,Noncovalent,0.0
O=C1CCC(N2C(=O)c3ccccc3C2=O)C(=O)N1,Noncovalent,0.0
Cc1ccc(C(=O)N2C3CCCC2c2cn[nH]c2C3)cc1N1CCC(=O)NC1=O,Noncovalent,0.0
Cc1c(C(=O)OC2CCC(=O)NC2=O)sc2nc3n(c(=O)c12)CCCCC3,Noncovalent,0.0
COC(=O)C1(NC(=O)CCl)CCC(C)CC1,Covalent,1.0
CN(C)C(C(=O)Nc1ccc(C2CCC(=O)NC2=O)cc1)c1cncn1C,Noncovalent,0.0
CC#CC(=O)NC1CC1OCC,Covalent,1.0
C=CC(=O)Nc1cccnc1OC(F)F,Covalent,1.0
Cc1nc(C(=O)NC2CCC(=O)NC2=O)c(C)n1C1CC1,Noncovalent,0.0
O=S(=O)(F)C1CCNC1,Covalent,1.0
CC#CC(=O)N(C)C1CS(=O)(=O)C1(C)C,Covalent,1.0
COc1cccc(B(O)O)c1OC,Covalent,1.0
O=C1CCC(NC(=O)c2c3c(nc4ccccc24)CCCC3)C(=O)N1,Noncovalent,0.0
C=CC(=O)N(CC)Cc1cccc2c1OCCO2,Covalent,1.0
O=C1CCC(N2Cc3cc(C(=O)NCC4(C(=O)O)CC4)ccc3C2=O)C(=O)N1,Noncovalent,0.0
C=CC(=O)Nc1ccc(-c2coc(C)n2)cc1,Covalent,1.0
OB(O)c1ccc(Cn2cncn2)cc1,Covalent,1.0
O=C1CCC(N2Cc3cc(-c4coc(-c5ccccc5)n4)ccc3C2=O)C(=O)N1,Noncovalent,0.0
C=CC(=O)N(C)C(C)C1(S(C)(=O)=O)CC1,Covalent,1.0
Cn1c(C(=O)NC2CCC(=O)NC2=O)cc(=O)c2ccccc21,Noncovalent,0.0
Cn1c(=O)n(C)c2c(C(=O)NC3CCC(=O)NC3=O)cccc21,Noncovalent,0.0
C=CC(=O)Nc1ccc2c(c1)CN(C(C)=O)C2,Covalent,1.0
C=CC(=O)Nc1cc(CC)on1,Covalent,1.0
CCc1cccc(N(C#N)CC(=O)OC)c1,Covalent,1.0
O=C1CCC(N2Cc3ccc(NC(=O)c4cn5ccccc5n4)cc3C2=O)C(=O)N1,non-covalent,0.0
C=CC(=O)NCc1coc(-c2ccc(C)cc2)n1,Covalent,1.0
CCOc1ccc(-c2nc(CC)c(C(=O)NC3CCC(=O)NC3=O)s2)cc1,Noncovalent,0.0
CC1(C)CN(C(=O)CNc2cccc3c2CN(C2CCC(=O)NC2=O)C3=O)C1,Noncovalent,0.0
C=CC(=O)N1CCOC(CC(F)(F)F)C1,Covalent,1.0
O=C1CCC(N2Cc3cc(NC(=O)c4cc5ccccc5cn4)ccc3C2=O)C(=O)N1,non-covalent,0.0
Cn1c(=O)cc(C(=O)NC2CCC(=O)NC2=O)c2ccccc21,Noncovalent,0.0
Cn1ccc2c(C(=O)NC3CCC(=O)NC3=O)c[nH]c(=O)c21,Noncovalent,0.0
O=C(C(F)Cl)N1CCc2[nH]c(=O)ccc2C1,Covalent,1.0
CC#CC(=O)N1CCOC(CC)(C(F)(F)F)C1,Covalent,1.0
CC#CC(=O)NCc1ccc(C)nc1OC,Covalent,1.0
O=C1CCC(NC(=O)c2ccccn2)C(=O)N1,Noncovalent,0.0
COc1cc(C(=O)NC2CCC(=O)NC2=O)cc2[nH]c(=O)[nH]c12,Noncovalent,0.0
CCN(C)c1nnc2c(C(=O)NC3CCC(=O)NC3=O)ccc(C(F)(F)F)n12,Noncovalent,0.0
Cc1nc(NC2CCC(=O)NC2=O)c2ccn(CC#N)c2n1,Noncovalent,0.0
C=CC(=O)N1CCCSCC1,Covalent,1.0
O=C(CCl)NC[C@H]1C=C[C@@H]2C[C@H]1CO2,Covalent,1.0
O=C1CCC(NC(=O)c2coc3c2C(O)CCC3)C(=O)N1,Noncovalent,0.0
O=Cc1ccc(OCCCC#Cc2cccc3c2CN(C2CCC(=O)NC2=O)C3=O)cc1,non-covalent,0.0
CN(c1oc(-c2ccccc2)nc1C(F)(F)F)C1CCC(=O)NC1=O,Noncovalent,0.0
Cc1nc2n(n1)CCCC2NC(=O)CCl,Covalent,1.0
C=CCn1ncc2ccc(NC(=O)C=C)cc21,Covalent,1.0
Cc1csc(CC(=O)NNC(=O)CCl)n1,Covalent,1.0
O=C1CCC(NC(=O)c2cc(F)c3cn[nH]c3c2)C(=O)N1,Noncovalent,0.0
CCCc1nc2ccccc2c(C(=O)NC2CCC(=O)NC2=O)c1CC,Noncovalent,0.0
C=CS(=O)(=O)N1CCCN(CC)C(=O)C1,Covalent,1.0
C=C(Cl)CN(C#N)c1ccc(F)c(C#N)c1,Covalent,1.0
CN(C(=O)c1cccc2c1CN(C1CCC(=O)NC1=O)C2=O)C1CC1,Noncovalent,0.0
C=CC(=O)N[C@H](C)c1cnccn1,Covalent,1.0
O=C1CCC(N2C(=O)c3cccc(NC4CC4)c3C2=O)C(=O)N1,non-covalent,0.0
Cc1cc(NC2CCCc3c(O)cccc3C2)cc(N2CCC(=O)NC2=O)c1,Noncovalent,0.0
O=C(CCl)N1CCN(c2ccccc2)CC1,Covalent,1.0
O=C1CCC(NC(=O)c2[nH]c3ccccc3c2C2CC2)C(=O)N1,Noncovalent,0.0
O=S(=O)(F)c1cnc2ncccn12,Covalent,1.0
C=C(F)C(=O)Nc1cccc2c1CN(C1CCC(=O)NC1=O)C2=O,Covalent,1.0
CN(c1ccnc2cc(-c3ccccc3)nn12)C1CCC(=O)NC1=O,Noncovalent,0.0
Nc1cc(F)cc2c1C(=O)N(C1CCC(=O)NC1=O)C2=O,non-covalent,0.0
O=S(=O)(F)Oc1cccc(-n2nccn2)c1,Covalent,1.0
C=CC(=O)N1CCSCCC1C,Covalent,1.0
CNC(=O)c1ccc(NC(=O)CCl)cc1,Covalent,1.0
Nc1ncc(-c2cccc3c2CN(C2CCC(=O)NC2=O)C3=O)cn1,Noncovalent,0.0
C=CC(=O)N1CC(=O)NC(C)C1,Covalent,1.0
Cn1c(CNC(=O)CCl)nc2cccnc21,Covalent,1.0
O=C1CCC(c2ccc(NC(=O)c3ccoc3C3(O)CCOCC3)cc2)C(=O)N1,Noncovalent,0.0
Nc1ccc(C(=O)NC23CC(C2)C(=O)NC3=O)cc1,Noncovalent,0.0
O=C1CCC(N2C(=O)c3cccc(NC(=O)c4ccccc4)c3C2=O)C(=O)N1,non-covalent,0.0
CC1(C)NC(=O)N(CCS(=O)(=O)F)C1=O,Covalent,1.0
CCCOc1cn(-c2ccccc2)nc1C(=O)NC1CCC(=O)NC1=O,Noncovalent,0.0
CC(C)(CN)CNC(=O)c1ccc2c(c1)C(=O)N(C1CCC(=O)NC1=O)C2,Noncovalent,0.0
CC(Cl)C(=O)NC[C@@H]1COC[C@H]1N(C)C,Covalent,1.0
COc1ccc(-c2ccc3c(c2)CN(C2CCC(=O)NC2=O)C3=O)cc1,Noncovalent,0.0
O=C1CCC(NC(=O)c2cn(CC3COc4ccccc4O3)nn2)C(=O)N1,Noncovalent,0.0
O=C1NCc2cc(OS(=O)(=O)F)ccc2O1,Covalent,1.0
CN1C(=O)CCC(NS(=O)(=O)c2cc(Cl)cc(Cl)c2O)C1=O,Noncovalent,0.0
Nc1cccc2c1C(=O)N(C1CC(=O)NC1=O)C2=O,non-covalent,0.0
CCN(Cc1cn(C)nn1)C(=O)CCl,Covalent,1.0
O=C1CCC(NC(=O)c2c[nH]nc2OCC(F)F)C(=O)N1,Noncovalent,0.0
CC(C)c1ccc(Cl)c(S(=O)(=O)NC2CCC(=O)NC2=O)c1,Noncovalent,0.0
CC(CNC(=O)C12CC1C2)c1cccc(=O)[nH]1,Covalent,1.0
O=S(=O)(F)c1nccc(C(F)(F)F)n1,Covalent,1.0
CN(c1ccccc1)c1nccc(NCC(=O)Nc2cccc3c2CN(C2CCC(=O)NC2=O)C3=O)n1,non-covalent,0.0
O=C1CCC(NC(=O)c2n[nH]c3c2CN(C(=O)C2CCc4nccn42)C3)C(=O)N1,Noncovalent,0.0
O=Cc1ccc2c(c1)CN(C1CCC(=O)NC1=O)C2=O,Noncovalent,0.0
C=CC(=O)N1CCC[C@H]1CN1CCOCC1,Covalent,1.0
O=C1CCC(N2C(=O)c3ccc(NC(=O)C4CCCC4)cc3C2=O)C(=O)N1,non-covalent,0.0
O=C1CCC(NC(=O)c2c3c(nc4ccccc24)CCC3)C(=O)N1,Noncovalent,0.0
CC(C)(C)c1cc(C(=O)NC2CCC(=O)NC2=O)c(O)c(C(C)(C)C)c1,Noncovalent,0.0
CN(C)c1ccccc1-c1cccc2c1CN(C1CCC(=O)NC1=O)C2=O,Noncovalent,0.0
C=CS(=O)(=O)NCC1CCC(C2CC2)O1,Covalent,1.0
C=CC(=O)NCc1nc(C2CC2)n[nH]1,Covalent,1.0
O=C1CCCC2CN(C(=O)C(F)Cl)CC2N1,Covalent,1.0
Cc1noc(C(C)N(C)C(=O)CCl)n1,Covalent,1.0
C=CC(=O)NC1CN(C(=O)C2CC2)C1,Covalent,1.0
CCc1cc(OS(=O)(=O)F)ccc1N,Covalent,1.0
CCCCOc1ccc2cc(C(=O)Nc3ccc4c(c3)CN(C3CCC(=O)NC3=O)C4=O)ccc2c1,non-covalent,0.0
CN(C)Cc1cc(B(O)O)ccc1F,Covalent,1.0
COc1c(C(=O)NC2CCC(=O)NC2=O)csc1Cl,Noncovalent,0.0
Cc1[nH]nc2ccc(C(=O)NC3CCC(=O)NC3=O)c(Cl)c12,Noncovalent,0.0
CCc1cccc(N(C#N)Cc2cnn(C)c2)c1,Covalent,1.0
C=CS(=O)(=O)N1CC[C@H]2C(OC)C(C)(C)[C@H]21,Covalent,1.0
O=C1CCC(NC(=O)c2ccc(S(=O)(=O)N3CCCCCC3)cc2)C(=O)N1,Noncovalent,0.0
CC(Cl)C(=O)NC1CCc2cc(C#N)ccc21,Covalent,1.0
COc1cc2ccccc2cc1CNc1ccc2c(c1)CN(C1CCC(=O)NC1=O)C2=O,non-covalent,0.0
O=C1CCC(N2Cc3ccccc3C2)C(=O)N1,Noncovalent,0.0
O=C1CCC(N2Cc3cc(-c4ccnn4C4CC4)ccc3C2=O)C(=O)N1,Noncovalent,0.0
OB(O)c1cscc1C(F)F,Covalent,1.0
C=CS(=O)(=O)N[C@@H](CC)c1ccccn1,Covalent,1.0
O=C1CCC(c2ccc(NC(=O)Cc3cc(F)cc4c3OCOC4)cc2)C(=O)N1,Noncovalent,0.0
O=C1CCC(N2Cc3c(ccc4c3OCC43CCN(Cc4ccccc4)C3)C2=O)C(=O)N1,non-covalent,0.0
C=CC(=O)NC1CC(C)Cc2cc(OC)ccc21,Covalent,1.0
CCC(NC(=O)CCl)c1ccccc1O,Covalent,1.0
O=C1CCC(NC(=O)c2cc(Br)cnc2OCC2CC2)C(=O)N1,Noncovalent,0.0
O=C1CCC(N2Cc3cccc(CNC(=O)Nc4ccccc4)c3C2=O)C(=O)N1,non-covalent,0.0
COc1ccc2nc(O)c(C=O)cc2c1,Covalent,1.0
CC(Cl)C(=O)NCc1ncoc1C(C)C,Covalent,1.0
N#Cc1cnn2ccc(-c3ccc4c(c3)CN(C3CCC(=O)NC3=O)C4=O)nc12,non-covalent,0.0
Nc1cccc2c1ncn2C1CCC(=O)NC1=O,non-covalent,0.0
COc1cccc(C(=O)Nc2ccc3c(c2)CN(C2CCC(=O)NC2=O)C3=O)c1,non-covalent,0.0
C=CS(=O)(=O)N1CCCC2(CCCCO2)C1,Covalent,1.0
CC1CNc2c(C(=O)NC3CCC(=O)NC3=O)cnn2C1,Noncovalent,0.0
C=CC(=O)Nc1nc(OC)cc(OC)n1,Covalent,1.0
C=CC(=O)N1CCC(C2CCCO2)CC1,Covalent,1.0
Cc1c2c(nc3ccc(O)cc13)C(C)(C(F)F)NC2=O,Noncovalent,0.0
Cc1cc2c(Br)ccc(C(=O)NC3CCC(=O)NC3=O)c2o1,Noncovalent,0.0
C=CS(=O)(=O)Nc1cccc2c1cnn2C,Covalent,1.0
Cc1c(C(=O)NC2CCC(=O)NC2=O)nnn1C1CCOC1,Noncovalent,0.0
COc1ncc(B(O)O)cn1,Covalent,1.0
CCOc1cccc(C(=O)NC2CCC(=O)NC2=O)c1,Noncovalent,0.0
C=CC(=O)N1CCCC2(CC(C(=O)O)=NO2)C1,Covalent,1.0
O=C1CCC(NC(=O)c2ncnc3c2CCC3)C(=O)N1,Noncovalent,0.0
O=C(CCl)NC1CC(NC(=O)C2CCC2)C1,Covalent,1.0
C=CC(=O)Nc1cccnc1,Covalent,1.0
Cc1nc(C(=O)NC2CCC(=O)NC2=O)cn1C(F)F,Noncovalent,0.0
O=C1CCC(N2Cc3cc(CNC(=O)c4ccc(F)cc4)ccc3C2=O)C(=O)N1,non-covalent,0.0
O=C1CCC(N2C(=O)c3cccc(NC4CCCCC4)c3C2=O)C(=O)N1,non-covalent,0.0
C=CC(=O)NCc1csc(C(F)(F)F)c1,Covalent,1.0
O=C1CCC(c2ccc(NS(=O)(=O)/C=C(\F)c3ccccc3)cc2)C(=O)N1,Noncovalent,0.0
COc1ccc(N)c2c1C(=O)N(C1CCC(=O)NC1=O)C2=O,non-covalent,0.0
CC(=O)Nc1ccc(B(O)O)cc1,Covalent,1.0
COc1cc(B(O)O)c(F)cc1Cl,Covalent,1.0
O=C1CCC(N2Cc3c(cccc3-c3cnn(C(F)F)c3)C2=O)C(=O)N1,Noncovalent,0.0
COc1cc2c(C(=O)NC3CCC(=O)NC3=O)c[nH]c2cc1Cl,Noncovalent,0.0
CC(C(=O)Nc1ccc(C2CCC(=O)NC2=O)cc1)c1noc2ccccc12,Noncovalent,0.0
CC1(C)OCc2cc(B(O)O)ccc21,Covalent,1.0
O=S(=O)(F)CCC1CCCNC1,Covalent,1.0
Cc1n[nH]c2c(Cl)cc(C(=O)NC3CCC(=O)NC3=O)cc12,Noncovalent,0.0
C=CC(=O)NCc1cc2ccc(Cl)cc2[nH]1,Covalent,1.0
CNC(=O)Nc1ccc(S(=O)(=O)F)cc1,Covalent,1.0
CNC(=O)C1(C(=O)Nc2ccc3c(c2)C(=O)N(C2CCC(=O)NC2=O)C3=O)CC1,Noncovalent,0.0
Nc1cnccc1B(O)O,Covalent,1.0
C=CC(=O)NC(=O)Nc1ccccc1,Covalent,1.0
Cc1ccc2oc(C(=O)NC3CCC(=O)NC3=O)cc2c1,Noncovalent,0.0
C=CC(=O)N1CC[C@H]2CC[C@H](O)[C@H]21,Covalent,1.0
COc1cc(C(F)F)c(C(=O)NC2CCC(=O)NC2=O)cn1,Noncovalent,0.0
O=C(CCl)NCC(=O)N1CCCC1,Covalent,1.0
COc1cc(C(=O)NC2CCC(=O)NC2=O)cc(OC)c1C,Noncovalent,0.0
CC(c1ccc(Cl)cc1)N(C)C(=O)CCl,Covalent,1.0
C=CC(=O)N1CCC(c2ncco2)CC1,Covalent,1.0
COc1ccc(COCC2CO2)cc1,Covalent,1.0
O=C1CCC(NC(=O)c2ncn(Cc3ccccc3)n2)C(=O)N1,Noncovalent,0.0
O=C1CCC(NC(=O)c2nc(-c3ccccc3)ncc2Cl)C(=O)N1,Noncovalent,0.0
O=C1CCC(NC(=O)c2[nH]ncc2CNC(=O)c2cnc3ccccn23)C(=O)N1,Noncovalent,0.0
O=C1CCC(NC(=O)c2cc3cccc(OC(F)F)c3o2)C(=O)N1,Noncovalent,0.0
C=CC(=O)NCc1ccc2ccoc2c1,Covalent,1.0
O=C1CCC(NC(=O)c2ccnc(-c3ccc(Cl)cc3)n2)C(=O)N1,Noncovalent,0.0
O=C1CCC(N2Cc3cc(-c4ncccc4O)ccc3C2=O)C(=O)N1,Noncovalent,0.0
CC(C)c1cccc(-c2ccc3c(c2)CN(C2CCC(=O)NC2=O)C3=O)n1,Noncovalent,0.0
N[C@H]1C[C@H](c2cccc(-c3cccc4c3CN(C3CCC(=O)NC3=O)C4=O)c2)C1,Noncovalent,0.0
Cn1nc(C2CCOCC2)cc1C(=O)NC1CCC(=O)NC1=O,Noncovalent,0.0
O=C1CCC(N2Cc3cc(-c4nc(Cl)ccc4O)ccc3C2=O)C(=O)N1,Noncovalent,0.0
COc1ccc(N)cc1B(O)O,Covalent,1.0
C=CC(=O)N(C)c1ncnc2ccccc12,Covalent,1.0
O=C(NCc1cc(F)cc(F)c1)C(F)Cl,Covalent,1.0
C=CC(=O)NCc1nc2ccccc2s1,Covalent,1.0
C=CC(=O)N1CCCC(CCC)CC1,Covalent,1.0
CC(Cl)C(=O)N1CC(COC(F)F)C1,Covalent,1.0
OB(O)c1cccc(CC(F)F)c1,Covalent,1.0
CSc1nsc(NC(=O)CCl)n1,Covalent,1.0
Cc1nc2[nH]cc(C(=O)NC3CCC(=O)NC3=O)c(=O)n2n1,Noncovalent,0.0
CCCCn1cc(C(=O)NC2CCC(=O)NC2=O)c(C)n1,Noncovalent,0.0
C=CC(=O)Nc1ccc2c(=O)[nH]ccc2c1,Covalent,1.0
O=C(CCl)N1CCC[C@H]1CN1CCOCC1,Covalent,1.0
O=C(c1cccc(OCC2CO2)c1)N1CCCC1,Covalent,1.0
O=C1CCC(NC(=O)c2cc3ccccc3[nH]2)C(=O)N1,non-covalent,0.0
CCc1cccc(NC(=O)C(F)Cl)c1,Covalent,1.0
CCCCCCNc1ccc(OC)c2c1C(=O)N(C1CCC(=O)NC1=O)C2=O,non-covalent,0.0
O=C(CCl)N1CCc2cc([N+](=O)[O-])ccc21,Covalent,1.0
C=CC(=O)N(C)C1CCOCC1OC,Covalent,1.0
O=C1CC[C@@H](C(=O)NCc2ccccc2)N1,non-covalent,0.0
Cc1cc(-c2cn(C3CCC(=O)NC3=O)nn2)cs1,non-covalent,0.0
CC(C)(C)Oc1ccc(-c2cn(C3CCC(=O)NC3=O)nn2)cc1,Noncovalent,0.0
CCc1cn2nc(Cl)cc(Nc3ccc(C4CCC(=O)NC4=O)cc3)c2n1,Noncovalent,0.0
O=C1CCC(n2cc(-c3cnn(C4CC4)c3)nn2)C(=O)N1,Noncovalent,0.0
Cc1nc(C2CCCNC2)[nH]c1C(=O)Nc1ccc(C2CCC(=O)NC2=O)cc1,Noncovalent,0.0
Cc1nc(-c2ccc3c(c2)CN(C2CCC(=O)NC2=O)C3=O)cnc1N,Noncovalent,0.0
O=C1CCC(NC(=O)c2cccs2)C(=O)N1,Noncovalent,0.0
O=C(NC1CC12CCc1ccccc12)C1CO1,Covalent,1.0
C=CS(=O)(=O)N1c2ccccc2C(C)C1C,Covalent,1.0
N#CC(=Cc1cc2cc(F)ccc2o1)C(=O)O,Covalent,1.0
O=C(O)CN(CC1CC1)C(=O)c1ccc2c(c1)C(=O)N(C1CCC(=O)NC1=O)C2,Noncovalent,0.0
Cc1sc2c(C)cccc2c1S(=O)(=O)N[C@@H]1CCC(=O)NC1=O,Noncovalent,0.0
O=S(=O)(F)c1c(F)ccc2c1OCO2,Covalent,1.0
O=C1CCC(NC(=O)c2cc(F)c(F)c(F)c2F)C(=O)N1,non-covalent,0.0
Cc1nsc2ncc(C(=O)NC3CCC(=O)NC3=O)cc12,Noncovalent,0.0
CC#CC(=O)NC1COCCC1(OC)OC,Covalent,1.0
COC(=O)c1ocnc1-c1ccc2c(c1)CN(C1CCC(=O)NC1=O)C2=O,Noncovalent,0.0
O=C1CCC2(CC(c3ccc(Cl)cc3Cl)=NO2)C(=O)N1,non-covalent,0.0
O=C1CCC(N2Cc3c(NC(=O)c4ccc(F)s4)cccc3C2=O)C(=O)N1,Noncovalent,0.0
Cc1cc(Br)ccc1OCC1CO1,Covalent,1.0
O=C1CCC(NC(=O)c2cc(OCC(F)(F)F)c3ccccc3n2)C(=O)N1,Noncovalent,0.0
CC1CCCC(Nc2cccc(C3CC(=O)NC(=O)C3)c2)C1,Noncovalent,0.0
C=CC(=O)NCc1ccc(N2CCNC2=O)cc1,Covalent,1.0
CCCCCc1ccc(C(=O)NC2CCC(=O)NC2=O)o1,Noncovalent,0.0
O=C1CCC(Cc2ccc(Cl)cc2)C(=O)N1,Noncovalent,0.0
O=c1c2ccccc2cnn1CC1CO1,Covalent,1.0
C[C@@]1(C(=O)NC2CCCCC2)CCC(=O)N1[C@H]1CCC(=O)NC1=O,non-covalent,0.0
CCN1CCC[C@@H](Oc2ccc3c(c2)CN(C2CCC(=O)NC2=O)C3=O)C1,non-covalent,0.0
Cc1c(C(=O)NC2CCC(=O)NC2=O)cnn1-c1ccc(Cl)cc1,Noncovalent,0.0
C=CS(=O)(=O)N1Cc2ccc(C)cc2C1,Covalent,1.0
COc1cnnc(C(=O)NCc2ncc(C(=O)NC3CCC(=O)NC3=O)cn2)c1,Noncovalent,0.0
CC(C)(C)N(C(=O)CCl)[C@@H]1COC[C@H]1O,Covalent,1.0
Cc1noc(C)c1-c1cccc2c1C(=O)N(C1CCC(=O)NC1=O)C2=O,non-covalent,0.0
COC(=O)c1ccc(S(=O)(=O)F)cc1F,Covalent,1.0
CC(Cl)C(=O)NC1CCCn2nccc21,Covalent,1.0
C=CC(=O)N1CCOC2(CCOCC2)CC1,Covalent,1.0
COc1c(Cl)cc(C(=O)NC2CCC(=O)NC2=O)c2ncccc12,Noncovalent,0.0
C=CC(=O)N1CCC2(CC1)NC(=O)C(C)(C)O2,Covalent,1.0
C=CC(=O)NC[C@H]1CCC2(CCOCC2)[C@H]1O,Covalent,1.0
C=CS(=O)(=O)NC1CC(OC)C1,Covalent,1.0
CN(C(=O)c1ccco1)c1ccccc1C(=O)OC1CCC(=O)NC1=O,Noncovalent,0.0
O=C1CCC(n2nnc(C3(NC(=O)c4ccccc4)CCCC3)n2)C(=O)N1,Noncovalent,0.0
C=CC(=O)NC1CCCCCCC1(F)F,Covalent,1.0
C=CC(=O)N1CCOCC1C1CCCO1,Covalent,1.0
CC(C)NC(=O)c1ccc2c(c1)CN(C1CCC(=O)NC1=O)C2=O,Noncovalent,0.0
O=C1CCC(NC(=O)c2ccccc2COC2CCOCC2)C(=O)N1,Noncovalent,0.0
O=C1CC(c2ccc(NC(=O)C3CCc4nnnn4CC3)cc2)CC(=O)N1,Noncovalent,0.0
Cc1c(C(=O)NC2CCC(=O)NC2=O)sc2nnc(S)n12,Noncovalent,0.0
C=CC(=O)Nc1cccc(-c2ccon2)c1,Covalent,1.0
O=S(=O)(F)Oc1ccccc1-c1nnco1,Covalent,1.0
O=C(CCl)N[C@]12C[C@H]1COC21CCC1,Covalent,1.0
O=C(NCc1cccc(C(F)F)c1)C1CO1,Covalent,1.0
C=CC(=O)NCc1scnc1C,Covalent,1.0
Cc1ccc(S(=O)(=O)F)c2c1NCCC2,Covalent,1.0
CC1(C(=O)Nc2ccc(C3CCC(=O)NC3=O)cc2)COc2ccccc2O1,Noncovalent,0.0
CN(C[C@@H]1CCC(=O)N1)C(=O)CCl,Covalent,1.0
O=C1CCC(NC(=O)c2cncn2-c2cccc(F)n2)C(=O)N1,Noncovalent,0.0
C=CC(=O)N(Cc1ccnn1CC1CC1)c1ccc2c(c1)C(=O)NC2,Covalent,1.0
CN(Cc1cnc(N(C)C)nc1)C(=O)CCl,Covalent,1.0
Cn1nc(C(=O)NC2CCC(=O)NC2=O)c2c1CCC(C)(C)C2,Noncovalent,0.0
Cn1ncc(C2CC2)c1-c1ccc(N2CCC(=O)NC2=O)cc1,Noncovalent,0.0
CC(C)Cc1cc(CNC(=O)[C@@H]2O[C@H]2C)no1,Covalent,1.0
Cn1c(=O)n(C2CCC(=O)NC2=O)c2ccc(Br)cc21,non-covalent,0.0
Cc1c(-c2ccccc2)oc2c(C(=O)NC3CCC(=O)NC3=O)cccc2c1=O,Noncovalent,0.0
Cc1ccc(NC(=O)NCc2ccc3c(=O)n(C4CCC(=O)NC4=O)nnc3c2)cc1Cl,non-covalent,0.0
FC(F)(F)Oc1cccc(OCC2CO2)c1,Covalent,1.0
CC(C)OCc1cccc(B(O)O)c1,Covalent,1.0
Cc1cccc(CN(C(=O)CCl)C(C)C)c1,Covalent,1.0
Cn1cnc(C#N)c1C(=O)NCc1cc(C(=O)NC2CCC(=O)NC2=O)[nH]n1,Noncovalent,0.0
O=C1CCC(NC(=O)c2ccncc2-c2ccccc2)C(=O)N1,Noncovalent,0.0
C=CC(=O)NCC1(c2ncccc2C)CC1,Covalent,1.0
CCN(C)c1cc(CNC(=O)CCl)ccn1,Covalent,1.0
C=CC(=O)N1CCN(c2cccc(F)c2)C(=O)C1,Covalent,1.0
O=C1CCC(N2C(=O)c3ccc(OCCOCCOCCOCc4ccccc4)cc3C2=O)C(=O)N1,non-covalent,0.0
O=S(=O)(F)c1cncc2ccccc12,Covalent,1.0
CC1(C)CC(=O)Nc2ccc(S(=O)(=O)Nc3ccc4c(c3)CN(C3CCC(=O)NC3=O)C4=O)cc21,non-covalent,0.0
C=CC(=O)Nc1cccc(NC(=O)CC)c1C,Covalent,1.0
COc1c[nH]c(C(=O)NC2CCC(=O)NC2=O)cc1=O,Noncovalent,0.0
C=CS(=O)(=O)NCCC1CCCCCC1,Covalent,1.0
O=C(CCl)NCc1nnc(C2CCOC2)[nH]1,Covalent,1.0
O=C1CCC(NC(=O)c2onc3c2CCCC3)C(=O)N1,Noncovalent,0.0
C=CC(=O)N1CCC(CO)(C(F)(F)F)C1,Covalent,1.0
O=C(CCl)N(CC(F)(F)F)C1CCOC1,Covalent,1.0
CC(C)(C)OC(=O)NCCOc1ccc(-c2ccc3c(c2)CN(C2CCC(=O)NC2=O)C3=O)cc1,non-covalent,0.0
C=CC(=O)NC(C)c1nnc(C)s1,Covalent,1.0
Cc1cc(=O)[nH]c(NC(=O)CCl)n1,Covalent,1.0
O=C1CCC(N2Cc3cc(-c4nccc5ncccc45)ccc3C2=O)C(=O)N1,Noncovalent,0.0
COc1cccc2cc(-c3ccccc3C(=O)NC3CCC(=O)NC3=O)oc12,Noncovalent,0.0
COc1ccc(CSCC2CCC(=O)NC2=O)cc1,non-covalent,0.0
O=C1CC[C@@H](NC(=O)c2cc3c(nc4ccccn43)s2)C(=O)N1,Noncovalent,0.0
C=CC(=O)N[C@H]1CCCc2c(F)cc(F)cc21,Covalent,1.0
OB(O)c1ccc(OC(F)F)cc1,Covalent,1.0
O=S(=O)(F)CCOc1ccc(F)cc1F,Covalent,1.0
O=C1CCC(c2ccc(NC(=O)c3nccc4ccsc34)cc2)C(=O)N1,Noncovalent,0.0
C=CS(=O)(=O)N[C@@H]1C[C@H]1c1cccc(F)c1,Covalent,1.0
O=C1NCCCC1N1C(=O)c2cccc(OCCOCCOCCOCc3ccccc3)c2C1=O,non-covalent,0.0
O=C(O)CN(C(=O)c1ccc2c(c1)CN(C1CCC(=O)NC1=O)C2=O)C1CCC1,Noncovalent,0.0
C#CC(NC(=O)C=C)c1ccc(F)cc1,Covalent,1.0
O=C1CCC(NC(=O)c2cnn(C3CCOC3)n2)C(=O)N1,Noncovalent,0.0
O=C1CCC(NC(=O)c2cccc3c2CCCO3)C(=O)N1,Noncovalent,0.0
O=C(CCl)NN1Cc2ccccc2C1=O,Covalent,1.0
C=CS(=O)(=O)N[C@H]1C[C@@H](C(C)(C)C)NC1=O,Covalent,1.0
C=CC(=O)NC1CC2(C1)CC2(F)F,Covalent,1.0
C=CC(=O)NCc1c(OC)ccc2ccccc12,Covalent,1.0
O=C1CCC(N2Cc3c(OCc4ccc(CN5CCOCC5)cc4)cccc3C2=O)C(=O)N1,non-covalent,0.0
O=C1CCC(NC(=O)c2ncn3c2COc2ccccc2-3)C(=O)N1,Noncovalent,0.0
C=CS(=O)(=O)Nc1cc(Cl)ccc1C,Covalent,1.0
CC(C)CN(C)C(=O)NCc1ccc2c(c1)C(=O)N(C1CCC(=O)NC1=O)C2,Noncovalent,0.0
C=CC(=O)N1CCOC2(CCOC2C)C1,Covalent,1.0
CC#CC(=O)NCCc1c[nH]c2nc(F)ccc12,Covalent,1.0
CN1C(=O)CCC(NC(=O)c2ccccc2C(F)F)C1=O,Noncovalent,0.0
O=C(CCl)NN1C(=O)c2ccccc2C1=O,Covalent,1.0
Cc1cccc(CCNC(=O)C(F)Cl)c1,Covalent,1.0
C=CS(=O)(=O)Nc1ccc(Cl)cc1O,Covalent,1.0
CC(C)(C)Oc1cc(Br)nc(C(=O)NC2CCC(=O)NC2=O)c1,Noncovalent,0.0
O=C(CCl)NCC1(c2ccccc2)CCC1,Covalent,1.0
CC(Cl)C(=O)NC(C)(C)c1ncon1,Covalent,1.0
OB(O)c1ccccc1OCC1CC1,Covalent,1.0
CC#CC(=O)NC1CCCN(C(=O)C2CCC2)C1,Covalent,1.0
C[C@H]1CC[C@H](NC(=O)C(F)Cl)CC1,Covalent,1.0
CCc1cccc(CO)c1OCC1CO1,Covalent,1.0
Cc1cc2c(cc1B(O)O)OCO2,Covalent,1.0
C=CC(=O)N1CCOCC1c1nc(C)cs1,Covalent,1.0
CC(C)(C)Oc1cccc(-c2ccc3c(c2)CN(C2CCC(=O)NC2=O)C3=O)n1,Noncovalent,0.0
C=CC(=O)N[C@H](C1CC1)C(F)(F)F,Covalent,1.0
CN(c1cc(Oc2cnn(C)c2)nc(Cl)n1)C1CCC(=O)NC1=O,Noncovalent,0.0
C=CC(=O)N1CCC(Cn2nc(C)cc2C)CC1,Covalent,1.0
Cc1nn(C)c2c(Nc3ccc(C4CC(=O)NC(=O)C4)cc3)ncnc12,Noncovalent,0.0
Cc1nc2ncnn2c(Nc2cccc(C3CCC(=O)NC3=O)c2)c1F,Noncovalent,0.0
C=CC(=O)NC(C)c1nc(C)c(C(=O)O)s1,Covalent,1.0
OB(O)c1ccc(-c2ccccc2)s1,Covalent,1.0
Cc1cccc(C)c1CN(C)C(=O)C1(C)CO1,Covalent,1.0
C=CC(=O)N1CC(Cc2ccccc2Cl)C1,Covalent,1.0
C=CC(=O)NC1CCCN(c2cccnc2)C1=O,Covalent,1.0
Cc1cc(-c2ccccc2COc2ccccc2)ccc1N1CCC(=O)NC1=O,Noncovalent,0.0
O=C1CCC(N2Cc3cc(C(=O)NC4(C5CC5)CC4)ccc3C2=O)C(=O)N1,Noncovalent,0.0
CCCCNc1ccc2c(=O)n(C3CCC(=O)NC3=O)nnc2c1,non-covalent,0.0
C=CC(=O)N1C(C)C(=O)N(C)C(C)C1C,Covalent,1.0
CC(C)(C)OC(=O)NCCOc1cccc(-c2cccc3c2CN(C2CCC(=O)NC2=O)C3=O)c1,non-covalent,0.0
O=C1CCC(N2C(=O)c3ccc([N+](=O)[O-])cc3C2=O)C(=O)N1,non-covalent,0.0
C[C@@H](NC(=O)C(F)Cl)c1ccnn1C,Covalent,1.0
Cc1nc(-c2cccs2)ccc1C(=O)NC1CCC(=O)NC1=O,Noncovalent,0.0
Cc1cc(=O)c(C(=O)NC2CCC(=O)NC2=O)nn1-c1ccccc1F,Noncovalent,0.0
C=CC(=O)NCc1cc(=O)n2ccccc2n1,Covalent,1.0
Cn1nccc1C(CO)NC(=O)CCl,Covalent,1.0
O=C1CCC(c2ccc(NC(=O)CC3OCCc4ccsc43)cc2)C(=O)N1,Noncovalent,0.0
O=C1CCC(N2Cc3c(C(=O)NCCF)cccc3C2=O)C(=O)N1,Noncovalent,0.0
O=C(N[C@H]1CC[C@H]1c1ccccc1)C1CO1,Covalent,1.0
CC(Cl)C(=O)NCc1nc(C(N)=O)co1,Covalent,1.0
O=C(COc1cccnc1)NCc1cc(C(=O)NC2CCC(=O)NC2=O)on1,Noncovalent,0.0
C=CC(=O)NCC(=O)c1cccc2c1OCCO2,Covalent,1.0
OB(O)c1cc2ccc(F)cc2o1,Covalent,1.0
O=C1CCC(NC(=O)c2occc2CNC(=O)c2ccnc3[nH]ccc23)C(=O)N1,Noncovalent,0.0
Cc1nc(N(C)C2CCC(=O)NC2=O)c2cnn(-c3ccc(F)cc3)c2n1,Noncovalent,0.0
O=C(NC1(c2ccccc2)CC1)C1CO1,Covalent,1.0
C=CC(=O)N1CCC(C)C1c1ccccc1,Covalent,1.0
CN(C)C(=O)C1CCCC(NC(=O)CCl)C1,Covalent,1.0
C=CS(=O)(=O)NCc1ccc(C#N)cc1F,Covalent,1.0
C=CC(=O)NC(C)Cn1nc(C)cc1C,Covalent,1.0
C=CC(=O)N1CC2CCCCCC2(C#N)C1,Covalent,1.0
CP(C)(=O)c1cccc(S(=O)(=O)F)c1,Covalent,1.0
C=CC(=O)N(C)C(c1ccccc1)C1(O)CCC1,Covalent,1.0
Cc1nc(COc2ccc(F)cc2)sc1C(=O)NC1CCC(=O)NC1=O,Noncovalent,0.0
CC(=O)Nc1[nH]nc(C(=O)NC2CCC(=O)NC2=O)c1Br,Noncovalent,0.0
CCc1cc(C(=O)NC2CCC(=O)NC2=O)nn1CCO,Noncovalent,0.0
N#Cc1ccc(CNC(=O)CCl)s1,Covalent,1.0
Cc1csc(NC(=O)Nc2ccc(C3CC(=O)NC(=O)C3)cc2)n1,Noncovalent,0.0
C=CC(=O)NC1(c2ccncc2)CCC1,Covalent,1.0
C#CCOc1ccccc1OCC1CO1,Covalent,1.0
C=CCN1C(=O)c2ccc(C(=O)NC3CCC(=O)NC3=O)cc2C1=O,Noncovalent,0.0
O=C1CCC(NC(=O)c2c(O)cc(C(F)(F)F)[nH]c2=O)C(=O)N1,Noncovalent,0.0
C=CC(=O)Nc1nccc(C2CC2)n1,Covalent,1.0
CC#CC(=O)NCC(C)(C)n1cccn1,Covalent,1.0
COc1ccc(N(C)C(=O)C(C)Cl)cn1,Covalent,1.0
C=CCNC(=O)C(C#N)=Cc1ccc(C)s1,Covalent,1.0
O=C1CCC(N2Cc3cc(NC(=O)N4C[C@H]5COC[C@H]5C4)ccc3C2=O)C(=O)N1,Noncovalent,0.0
CC(C)OC(=O)C(C#N)=Cc1cnn(C)n1,Covalent,1.0
COc1nc(C(=O)NC2CCC(=O)NC2=O)ncc1F,Noncovalent,0.0
CN[C@H]1CCCC[C@@H]1N(C)c1ccc2c(c1)CN(C1CCC(=O)NC1=O)C2=O,non-covalent,0.0
O=S(=O)(F)c1ncccc1C(F)(F)F,Covalent,1.0
CN(Cc1cc(C#N)ccc1F)C(=O)CCl,Covalent,1.0
OB(O)c1ccc(CC2CC2)cc1,Covalent,1.0
O=C1CCC(NC(=O)c2cc(NCc3ccccc3)ccn2)C(=O)N1,Noncovalent,0.0
CC(Cl)C(=O)N1CC2CCCC(=O)NC2C1,Covalent,1.0
O=C1CCC(NC(=O)c2ccc(N3CCCc4ccccc43)cc2)C(=O)N1,Noncovalent,0.0
O=C1CCC(N2C(=O)C=C(N3CCC(OCc4ccccc4)C3)C2=O)C(=O)N1,Covalent,1.0
Cc1cncnc1NCc1ccc2c(c1)C(=O)N(C1CCC(=O)NC1=O)C2,Noncovalent,0.0
O=C1CCC(NC(=O)c2[nH]cnc2-c2ccccc2)C(=O)N1,Noncovalent,0.0
CC(CF)NC(=O)c1cccc2c1CN(C1CCC(=O)NC1=O)C2=O,Noncovalent,0.0
CC(Cl)C(=O)N1CCC12COC2,Covalent,1.0
CCCC(=O)Nc1ccc2c(c1)C(=O)N(C1CCC(=O)NC1=O)C2,Noncovalent,0.0
O=C1CCC(N2Cc3c(cccc3-n3cc(C4CCCCC4)nn3)C2=O)C(=O)N1,Noncovalent,0.0
O=C1CCC(N2C(=O)C=C(N3CCCN(Cc4ccccc4)CC3)C2=O)C(=O)N1,Covalent,1.0
C=CC(=O)N(Cc1c(F)cc(C)cc1F)c1cccc2c1CNC2=O,Covalent,1.0
O=C1CCC(NC(=O)c2ncoc2-c2ccccc2F)C(=O)N1,Noncovalent,0.0
CC(C)N(C(=O)CCl)C1CCCCCC1,Covalent,1.0
O=C1CCC(N2C(=O)c3ccc(Nc4ccc(OS(=O)(=O)F)cc4)cc3C2=O)C(=O)N1,non-covalent,0.0
O=C1CCC(N2Cc3cc(-c4ccn5nccc5n4)ccc3C2=O)C(=O)N1,non-covalent,0.0
C=CC(=O)N1CCN(C)c2nc(OC)ccc21,Covalent,1.0
C=CC(=O)NC1CC2CCC1CC2,Covalent,1.0
C=CC(=O)NC1CCN(C2CCOC2)CC1,Covalent,1.0
CC(C)Oc1cc(C(=O)NC2CCC(=O)NC2=O)ccc1Br,Noncovalent,0.0
O=S(=O)(F)c1ccc2[nH]ccc2c1,Covalent,1.0
O=C1CCC(NC(=O)c2[nH]c3cccnc3c2Br)C(=O)N1,Noncovalent,0.0
O=C(NC1CCC(c2ccccc2)C1)C1CO1,Covalent,1.0
O=C1CCC(CSc2ccc(Br)cc2)C(=O)N1,non-covalent,0.0
Cc1nc2cccc(CN)c2c(=O)n1C1CCC(=O)NC1=O,Noncovalent,0.0
CC(C)CCS(=O)(=O)Nc1ccc2c(c1)C(=O)N(C1CCC(=O)NC1=O)C2,Noncovalent,0.0
O=C1CCC(N2Cc3ccc(CNC(=O)c4ncc(O)cn4)cc3C2=O)C(=O)N1,Noncovalent,0.0
CC(=O)NC1CCCN(C(=O)CCl)C1,Covalent,1.0
CC(C)c1ccccc1OCC(O)CNc1ccnc2c1C(=O)NC2,Noncovalent,0.0
O=C1CCC(N2Cc3cc(NC(=O)N4CCC45CCCC5)ccc3C2=O)C(=O)N1,Noncovalent,0.0
C=CC(=O)NC(C)c1nnnn1-c1ccccc1,Covalent,1.0
O=C1CCC(NC(=O)c2cnc3ccccc3n2)C(=O)N1,Noncovalent,0.0
COc1ccc([N+](=O)[O-])cc1B(O)O,Covalent,1.0
Nc1cccc(N[C@H]2CCC(=O)NC2=O)c1,non-covalent,0.0
O=C(O)c1ccc(S(=O)(=O)F)c([N+](=O)[O-])c1,Covalent,1.0
Cc1ncc(COP(=O)(O)O)c(C=O)c1O,Covalent,1.0
O=C1CCC(N2Cc3cc(CNC(=O)C4CCc5ccccc5C4)ccc3C2=O)C(=O)N1,non-covalent,0.0
N#CC(=Cc1ccc2c(c1)OCO2)C(=O)Nc1cccc2c1C(=O)NC2=O,Covalent,1.0
C=CS(=O)(=O)N1CCOC2(CCCC2)C1,Covalent,1.0
COCC1(C(=O)Nc2ccc3c(c2)C(=O)N(C2CCC(=O)NC2=O)C3=O)CCC1,Noncovalent,0.0
O=C1CCC(c2ccc(NC(=O)c3coc(Cn4cccn4)c3)cc2)C(=O)N1,Noncovalent,0.0
C=CC(=O)NCCc1cn(C)c2cc(C)ccc12,Covalent,1.0
O=C(CCl)N1CCCc2ncccc21,Covalent,1.0
COC(=O)c1ccccc1N(C)C(=O)CCl,Covalent,1.0
CN(c1ncnc2[nH]c(C(F)F)nc12)C1CCC(=O)NC1=O,Noncovalent,0.0
O=S(=O)(F)c1coc2ccccc12,Covalent,1.0
O=S(=O)(F)Oc1ccccc1-n1cccn1,Covalent,1.0
O=C1CCC(N2Cc3cc(OCC(=O)NC4CCCCC4)ccc3C2=O)C(=O)N1,Noncovalent,0.0
O=C(O)COc1cccc(S(=O)(=O)F)c1,Covalent,1.0
CC#CC(=O)N1CC(O)(C(F)(F)F)C1,Covalent,1.0
Cc1cc2c(Nc3ccc(C4CCC(=O)NC4=O)cc3)nc(C3CC3)nc2s1,Noncovalent,0.0
C=CC(=O)NCc1ccccc1C(C)(F)F,Covalent,1.0
C=CC(=O)NCC1(O)CCc2ccccc2C1,Covalent,1.0
O=C1CCC(N2Cc3cc(C(=O)NC4CCSCC4)ccc3C2=O)C(=O)N1,Noncovalent,0.0
CC(Cl)C(=O)N1C2CCC1(C(N)=O)CC2,Covalent,1.0
CN(C)c1cc(C(=O)Nc2ccc(C3CCC(=O)NC3=O)cc2)nnc1C1CC1,Noncovalent,0.0
CC(C)COc1ccc(B(O)O)cn1,Covalent,1.0
C=CC(=O)N1CCCC(O)(C(=O)O)C1,Covalent,1.0
C=CS(=O)(=O)N1CCCC1c1cnn(C)c1,Covalent,1.0
Cc1noc(C23CC(CN2C(=O)c2ccc(N4CCC(=O)NC4=O)cc2)C3)n1,Noncovalent,0.0
O=C1CCC(c2cccc(Nc3ncnc4c3nc3n4CCOC3)c2)C(=O)N1,Noncovalent,0.0
C=CC(=O)N1CCC(C)C(n2ccnc2)C1,Covalent,1.0
C=CC(=O)NC1COCC1C,Covalent,1.0
C=CC(=O)Nc1ccc(C(=O)NC2(C3NC(=O)NC3=O)CC2)cc1,Covalent,1.0
Cn1nc2c(c1C(=O)NC1CCC(=O)NC1=O)CS(=O)(=O)CC2,Noncovalent,0.0
O=C(CCl)NCC1Cc2ccccc2O1,Covalent,1.0
CC#CC(=O)N1CCS(=O)(=O)CC(C)C1,Covalent,1.0
CC1(C)C(=O)Nc2ccc(C(=O)NC3CCC(=O)NC3=O)cc21,Noncovalent,0.0
O=S(=O)(F)c1ncc(Cl)cc1F,Covalent,1.0
C=CC(=O)NC[C@H]1C=C[C@@H]2C[C@H]1CO2,Covalent,1.0
CC(CNC(=O)CCl)N1CCCCC1=O,Covalent,1.0
C=CC(=O)NC1C(C)C(OC)C12CCC2,Covalent,1.0
C=CC(=O)NC1COCCC1(O)COC,Covalent,1.0
O=C1CCC(N2Cc3cc(NC(=O)c4cccc(F)c4)ccc3C2=O)C(=O)N1,non-covalent,0.0
O=C1CCC(NC(=O)c2ncc(C(F)(F)F)cc2Cl)C(=O)N1,Noncovalent,0.0
CCc1cc2c(NC3CCC(=O)NC3=O)ncnc2s1,Noncovalent,0.0
C=CC(=O)N1Cc2ccccc2OC(C)C1,Covalent,1.0
COc1ccc(CO)cc1B(O)O,Covalent,1.0
O=C(CCl)N1CCn2c(cc3ccccc32)C1,Covalent,1.0
CC(NC(=O)Nc1ccc(C(C)(C)C)cc1)c1ccc2nnn(C3CCC(=O)NC3=O)c(=O)c2c1,non-covalent,0.0
CC1CCCn2c(C(=O)NC3CCC(=O)NC3=O)cnc21,Noncovalent,0.0
CC(C)CC1CC(NC(=O)C(C)Cl)CCO1,Covalent,1.0
N#Cc1cccc(C2(NC(=O)C3CO3)CCC2)c1,Covalent,1.0
O=S(=O)(F)c1ccc2c(c1)COC2,Covalent,1.0
COC(=O)c1cc(C=C(C#N)C(N)=O)oc1C,Covalent,1.0
CC1(NC(=O)CNc2cccc3c2CN(C2CCC(=O)NC2=O)C3=O)CC1,Noncovalent,0.0
O=C(CCl)N(CC1(O)CCC1)C1CC1,Covalent,1.0
O=C1CCC(NC(=O)c2n[nH]c3cnccc23)C(=O)N1,Noncovalent,0.0
O=C(CCl)NCc1nc2c(s1)COCC2,Covalent,1.0
O=C1CCC(N2Cc3cc(CNC(=O)Nc4cccc(Cl)c4)ccc3C2=O)C(=O)N1,non-covalent,0.0
CC(=O)Nc1sccc1C(=O)NC1CCC(=O)NC1=O,non-covalent,0.0
CCC(=O)NCC(=O)Nc1ccc(C2(CC)CCC(=O)NC2=O)cc1,Noncovalent,0.0
C=CC(=O)N1CCC1(C)C1CCCCC1,Covalent,1.0
C=CC(=O)N1CC(C)(C#N)C1,Covalent,1.0
CCOc1ccc(-c2ccc3c(c2)CN(C2CCC(=O)NC2=O)C3=O)nc1,Noncovalent,0.0
C=CS(=O)(=O)Nc1cccc2ccsc12,Covalent,1.0
O=C1CCC(NC(=O)c2nnsc2-c2ccccc2)C(=O)N1,Noncovalent,0.0
CCCCNc1ccc(C(=O)NC2CCC(=O)NC2=O)c(F)c1,non-covalent,0.0
N#Cc1ccc2c(c1)CCCC2NC(=O)C1CO1,Covalent,1.0
COc1ccc2c(c1)CCCN(C(=O)C1CO1)C2,Covalent,1.0
C=CC(=O)N1CC2(CCC2)C1c1ccncc1,Covalent,1.0
N#Cc1cccc(C(=O)Nc2ccc3c(c2)CN(C2CCC(=O)NC2=O)C3=O)c1,non-covalent,0.0
COc1ccc(C(=O)NC2CCC(=O)NC2=O)c2sccc12,Noncovalent,0.0
O=C1CCC(c2ccc(NC(=O)c3c(C(F)F)[nH]c4cnccc34)cc2)C(=O)N1,Noncovalent,0.0
O=C(CCl)NCC(NC(=O)c1cccc2c1C(=O)NC2)C1CCCCC1,Covalent,1.0
O=C1CCC(N2Cc3cc(CNC(=O)C4=Cc5ccccc5OC4)ccc3C2=O)C(=O)N1,non-covalent,0.0
O=C(NCc1csc2ccccc12)C1CO1,Covalent,1.0
O=S(=O)(F)Oc1cccc(OC(F)F)c1,Covalent,1.0
O=C1CCC(N2Cc3c(Cl)cccc3C2=O)C(=O)N1,Noncovalent,0.0
COc1ncc(C)cc1S(=O)(=O)F,Covalent,1.0
O=C1CCC(N2C(=O)c3cccc(OCC(=O)NC4CC4)c3C2=O)C(=O)N1,Noncovalent,0.0
C[C@]1(C(=O)NC2CCCCC2)CCC(=O)N1[C@H]1CCC(=O)NC1=O,non-covalent,0.0
O=C1CCC(NC(=O)c2ncccc2F)C(=O)N1,Noncovalent,0.0
C=CC(=O)N(C)Cc1cc(-c2ccccc2)[nH]n1,Covalent,1.0
CCn1ccc(CNC(=O)C(F)Cl)n1,Covalent,1.0
N#Cc1cccc2c(C(=O)NC3CCC(=O)NC3=O)c[nH]c12,Noncovalent,0.0
CCc1nn2cccnc2c1C(=O)NC1CCC(=O)NC1=O,Noncovalent,0.0
O=C1CCC(N2C(=O)c3ccc(NC(=O)CCl)cc3C2=O)C(=O)N1,Covalent,1.0
C=C=CCNS(=O)(=O)C=C,Covalent,1.0
O=C1CCC(N2Cc3c(CNC(=O)c4ccc(F)cc4)cccc3C2=O)C(=O)N1,non-covalent,0.0
C=CC(=O)NCCC1=CC[C@H]2C[C@@H]1C2(C)C,Covalent,1.0
O=C(CCl)N1CCN([C@@H]2COC[C@H]2O)CC1,Covalent,1.0
C[C@@H]1CN(CCO)[C@@H](C)CN1C(=O)CCl,Covalent,1.0
Cc1cc(S(=O)(=O)NC2CCC(=O)NC2=O)sc1Cl,Noncovalent,0.0
O=C1CCC(N2Cc3cc(-c4cccc(-n5cccn5)c4)ccc3C2=O)C(=O)N1,Noncovalent,0.0
Cc1nnc2n1CC(C(=O)Nc1ccc(NC3CCC(=O)NC3=O)cc1)N(C)C2,Noncovalent,0.0
C=CC(=O)Nc1cc(F)cc2c1OCCC2,Covalent,1.0
C=CC(=O)Nc1cccc2c1CN(CC(C)C)C2,Covalent,1.0
COc1ccnc(-c2ccc3c(c2)CN(C2CCC(=O)NC2=O)C3=O)c1,Noncovalent,0.0
Cn1cnc2cc(C(F)(F)F)c(C(=O)NC3CCC(=O)NC3=O)cc21,Noncovalent,0.0
CN(Cc1noc(C2CC2)n1)C(=O)CCl,Covalent,1.0
CN(C)c1ccc(C=C(C#N)C(N)=O)cc1,Covalent,1.0
Nc1c(C(=O)NC2CCC(=O)NC2=O)cnn1-c1cccc(Cl)c1,Noncovalent,0.0
NCCc1nc(C(=O)NC2CCC(=O)NC2=O)c(N)s1,Noncovalent,0.0
C=CC(=O)Nc1ccc(OC)cc1[N+](=O)[O-],Covalent,1.0
COCC(=O)Nc1ccc(S(=O)(=O)F)cc1,Covalent,1.0
O=C1CCC(c2cccc(NC(=O)c3nn[nH]c3C3CCCN3)c2)C(=O)N1,Noncovalent,0.0
CC1(NC(=O)CCl)CC2CCC(C1)S2,Covalent,1.0
CC#CC(=O)NCc1c[nH]nc1-c1ccccc1,Covalent,1.0
O=C(NC1CCOc2ccccc21)C(F)Cl,Covalent,1.0
CC1CCN(C(=O)CCl)C2CCCCC12,Covalent,1.0
O=C(CCl)N1CCSc2ncccc21,Covalent,1.0
O=S(=O)(F)Oc1ccc2c(c1)CCOC2,Covalent,1.0
Cc1nc2n(c1C(=O)NC1CCC(=O)NC1=O)CC(C)CC2,Noncovalent,0.0
COc1ccc(S(=O)(=O)F)c(C(F)F)c1,Covalent,1.0
C=CS(=O)(=O)NCc1cccc(F)c1Cl,Covalent,1.0
CC#CC(=O)NC(C)c1ccc2ncsc2c1,Covalent,1.0
O=C1CCN(c2ccc(OCc3ccc(CN4CCOCC4)cc3)cc2)C(=O)N1,non-covalent,0.0
CN1CCN(C(=O)CCl)C1=O,Covalent,1.0
O=C1NC(=O)C(CCS(=O)(=O)F)N1,Covalent,1.0
Cc1cc(C(=O)NC2CCC(=O)NC2=O)c2cc(F)ccc2n1,Noncovalent,0.0
O=C(CCCn1ccnc1)NCc1nocc1C(=O)NC1CCC(=O)NC1=O,Noncovalent,0.0
CC1C(NC(=O)CCl)CCC(CO)C1(C)C,Covalent,1.0
CC(C(=O)Nc1ccc2c(c1)C(=O)N(C1CCC(=O)NC1=O)C2)C1CC1,Noncovalent,0.0
N#CC1(CCS(=O)(=O)F)CNC1,Covalent,1.0
OB(O)c1ccc(OCC(F)(F)F)cc1F,Covalent,1.0
O=C(CCl)N1CCC[C@@H]1c1ccon1,Covalent,1.0
C=CS(=O)(=O)NC(c1cnn(C)c1)C(C)C,Covalent,1.0
Cc1ccc(NC(=O)NC(=O)CCl)cc1,Covalent,1.0
CC(Cl)C(=O)NCc1nc(C2CC2)cs1,Covalent,1.0
Cn1nc(C2CCC(=O)NC2=O)c2ccc(N)cc21,non-covalent,0.0
CS(=O)(=O)c1sccc1C(=O)NC1CCC(=O)NC1=O,Noncovalent,0.0
O=C1CCC(N2Cc3c(cccc3-c3csc(CO)c3)C2=O)C(=O)N1,Noncovalent,0.0
O=C1CCC2(CC(C3CCCCC3)=NO2)C(=O)N1,non-covalent,0.0
C=CC(=O)N1CC(c2ccc(F)cc2)CC1C,Covalent,1.0
O=S(=O)(F)C1CCOc2ccccc21,Covalent,1.0
COc1ccc(B(O)O)cc1CN(C)C,Covalent,1.0
O=C1CCC(N2Cc3cc(NC(=O)c4nc5ccccn5n4)ccc3C2=O)C(=O)N1,non-covalent,0.0
O=C(CCl)Nc1ccc(O)cc1,Covalent,1.0
O=C1CCC(N2Cc3c(C#CC4CCNCC4)cccc3C2=O)C(=O)N1,Noncovalent,0.0
CC#CC(=O)NCc1c[nH]c2cc(F)c(F)cc12,Covalent,1.0
O=C1CCC(N2C(=O)c3cccc(NC(=O)C4CC4)c3C2=O)C(=O)N1,non-covalent,0.0
O=C1CCC(N2Cc3c(cccc3C(=O)N3CCCC[C@H]3C(=O)O)C2=O)C(=O)N1,Noncovalent,0.0
Nc1nc(C(=O)NC2CCC(=O)NC2=O)nc2ccccc12,Noncovalent,0.0
CC1CN(C(=O)C2CO2)CC(c2ccccc2)O1,Covalent,1.0
COCCn1c(C)nnc1S(=O)(=O)F,Covalent,1.0
CC(C)(O)Cc1ccccc1-c1ccc2c(c1)C(=O)N(C1CCC(=O)NC1=O)C2,Noncovalent,0.0
COc1ncc(Cl)cc1S(=O)(=O)F,Covalent,1.0
Cc1nc(S(=O)(=O)F)sc1C,Covalent,1.0
NCCCCCOc1ccc2c(c1)C(=O)N(C1CCC(=O)NC1=O)C2=O,Noncovalent,0.0
Cc1nc2ccccc2cc1C(=O)N/N=C/c1cccnc1,non-covalent,0.0
CC1(C)CCc2c1n[nH]c2C(=O)NC1CCC(=O)NC1=O,Noncovalent,0.0
O=S(=O)(F)c1nc2ccccc2[nH]1,Covalent,1.0
Cc1ccc(NC(=O)CCc2ccc3c(c2)CN(C2CCC(=O)NC2=O)C3=O)cc1Cl,non-covalent,0.0
O=C1CCC(NC(=O)c2cn(CCC3CCCCN3)nn2)C(=O)N1,Noncovalent,0.0
O=C1NC(=O)c2cc(S(=O)(=O)N3CCc4ccc(F)cc43)ccc21,Noncovalent,0.0
C=CC(=O)Nc1cccc(CC(=O)Nc2ccccc2C2CNC(=O)C2)c1,Covalent,1.0
CCn1c(=O)[nH]c(=O)c2c(C(=O)NC3CCC(=O)NC3=O)cc(C(C)C)nc21,Noncovalent,0.0
Cn1nnc2c1NC(C(=O)Nc1ccc(NC3CCC(=O)NC3=O)cc1)CC2,Noncovalent,0.0
C=CC(=O)N(C)CC1(O)CCc2ccccc21,Covalent,1.0
CCCCNc1ccc2c(c1)C(=O)N(C1CCC(=O)NC1=O)C2=O,non-covalent,0.0
Nc1ccc2c(c1)CN(C1CCC(=O)NC1=O)C2=O,Noncovalent,0.0
NC(=O)c1cn(-c2ccc3c(c2)CN(C2CCC(=O)NC2=O)C3=O)nn1,Noncovalent,0.0
COc1cc2c(Nc3ccc(C4CCC(=O)NC4=O)cc3)nc(C)nc2cc1F,Noncovalent,0.0
CN1C(=O)CCC(NC(=O)c2sccc2S(=O)(=O)N2CCCC2)C1=O,Noncovalent,0.0
C=CS(=O)(=O)N1CCC(c2ccon2)C1,Covalent,1.0
CC(=O)N1CCC(NC(=O)CCl)CC1,Covalent,1.0
O=C1CCC(NC(=O)c2nc[nH]c2-c2ccncc2)C(=O)N1,Noncovalent,0.0
CCC1(C)COCCC1NC(=O)CCl,Covalent,1.0
O=C1CCC(N2Cc3c(cccc3-c3ccc(F)nc3)C2=O)C(=O)N1,Noncovalent,0.0
Cc1ccc(-c2nc(C)c(C(=O)NC3CCC(=O)NC3=O)c(=O)[nH]2)o1,Noncovalent,0.0
C=CC(=O)NCC(=C)C1CCOCC1,Covalent,1.0
COc1cc(C)c2[nH]c(C(=O)NC3CCC(=O)NC3=O)cc2c1Br,Noncovalent,0.0
CN(c1nc(F)nc2[nH]cnc12)C1CCC(=O)NC1=O,Noncovalent,0.0
O=C1CCC2(CC(C3CCCC3)=NO2)C(=O)N1,non-covalent,0.0
C=CC(=O)N1CCC2(Cc3ccccc3C2)C1,Covalent,1.0
O=C1CCC(c2ccc(NC(=O)c3nncc4c3CCCC4)cc2)C(=O)N1,Noncovalent,0.0
CC1Cc2ccc(F)cc2C1NC(=O)CCl,Covalent,1.0
CC(=O)c1ccccc1-c1cccc2c1CN(C1CCC(=O)NC1=O)C2=O,Noncovalent,0.0
Nc1n[nH]c2cncc(C(=O)Nc3cccc(NC4CCC(=O)NC4=O)c3)c12,Noncovalent,0.0
COc1ccc(-c2ccncc2)cc1B(O)O,Covalent,1.0
Cc1ccc(C=CCNc2ccc3c(c2)CNC3=O)cn1,Noncovalent,0.0
CC(C#N)NC(=O)c1ccc2c(c1)CN(C1CCC(=O)NC1=O)C2=O,Noncovalent,0.0
Cn1c(=O)n(C2CCC(=O)NC2=O)c2cccc(C#CCO)c21,non-covalent,0.0
CCN(C(=O)CCl)c1ccc2[nH]ccc2c1,Covalent,1.0
C=CC(=O)N1CCc2ccc(OC)nc21,Covalent,1.0
N#CC(=Cc1ccc2c(c1)OCCO2)C(N)=O,Covalent,1.0
Cc1cc(N(C)C2CCC(=O)NC2=O)n2nc(C)nc2n1,Noncovalent,0.0
O=C1CCC(NC(=O)c2cc(CNC(=O)c3occ4c3CCC4)on2)C(=O)N1,Noncovalent,0.0
O=c1[nH]ccc2ccc(OS(=O)(=O)F)cc12,Covalent,1.0
CC1(C)C(C(=O)Nc2cccc(C3CCC(=O)NC3=O)c2)=Nc2ccccc21,Noncovalent,0.0
O=C1CCC(NC(=O)c2cnc(Cc3ccccc3F)s2)C(=O)N1,Noncovalent,0.0
C=CC(=O)N1CCN(C2CCOCC2)C(=O)C1,Covalent,1.0
Cc1cc(F)cc(S(=O)(=O)NC2CCC(=O)NC2=O)c1,Noncovalent,0.0
O=C1CCC(NC(=O)c2ccccc2NCc2cccnc2)C(=O)N1,Noncovalent,0.0
CCCc1ccc(S(=O)(=O)Nc2ccc3c(c2)CN(C2CCC(=O)NC2=O)C3=O)cc1,non-covalent,0.0
O=S(=O)(F)c1ccc2cn[nH]c2c1,Covalent,1.0
Cc1cc(CNC(=O)CCl)ccc1F,Covalent,1.0
CN1Cc2ccc(C=O)cc2C1=O,Covalent,1.0
O=C1CCC(N2C(=O)c3ccc(CNC(=O)Nc4ccccc4)cc3C2=O)C(=O)N1,non-covalent,0.0
CC(C)(C)n1ncnc1CNC(=O)CCl,Covalent,1.0
O=C1CCC(Nc2cccc(NC(=O)Cc3csc4cncn34)c2)C(=O)N1,Noncovalent,0.0
Cc1ccc(-c2cn(C3CCC(=O)NC3=O)nn2)cc1,Noncovalent,0.0
C=CS(=O)(=O)N1CCC1Cc1ccccc1,Covalent,1.0
O=C1CCC(N2Cc3ccc(-c4nc5c(s4)CCCC5)cc3C2=O)C(=O)N1,Noncovalent,0.0
O=C1CCC(NC(=O)c2c(Cl)nsc2Br)C(=O)N1,Noncovalent,0.0
C=CC(=O)N1CC2(CCCCC2)CC1CO,Covalent,1.0
CC(C)Oc1ccc(-c2ccc3c(c2)CN(C2CCC(=O)NC2=O)C3=O)cc1,Noncovalent,0.0
Cc1sc(B(O)O)cc1Br,Covalent,1.0
CN(Cc1cc(C(C)(C)C)[nH]n1)C(=O)CCl,Covalent,1.0
CC1(C)CC(=O)CC(C)(C)N1C(=O)CCl,Covalent,1.0
CCC1(CNC(=O)C(C)Cl)COC1,Covalent,1.0
CCc1c(C(=O)OC2CCC(=O)NC2=O)nnn1-c1cccc(Cl)c1,Noncovalent,0.0
O=C(N[C@@H]1CC[C@H]1OCc1ccccc1)C1CO1,Covalent,1.0
Cc1nn2c(c1C(=O)NC1CCC(=O)NC1=O)CNCC2,Noncovalent,0.0
O=C1CCC(n2cc(-c3cncc4ccccc34)nn2)C(=O)N1,Noncovalent,0.0
O=C1CCC(N2Cc3cc(-n4ccnn4)ccc3C2=O)C(=O)N1,Noncovalent,0.0
C=CC(=O)NCC12CC3CC(CC(C3)C1)C2,Covalent,1.0
CCc1[nH]ncc1C(=O)NCc1ccc2c(c1)C(=O)N(C1CCC(=O)NC1=O)C2,Noncovalent,0.0
OB(O)c1c(F)ccc2ccoc12,Covalent,1.0
CC1(c2ccccn2)CO1,Covalent,1.0
O=C1CCC(n2cc(-c3cscc3OCc3ccccc3)nn2)C(=O)N1,non-covalent,0.0
CC(Cl)C(=O)N[C@H]1COC[C@H]1n1ccnn1,Covalent,1.0
Cc1ccccc1CC(C)NC(=O)CCl,Covalent,1.0
O=C1CCC(c2cccc(NC(=O)c3ccc4c(c3F)NC(=O)CO4)c2)C(=O)N1,Noncovalent,0.0
O=C1CCC(N2Cc3cc(-c4cscn4)ccc3C2=O)C(=O)N1,Noncovalent,0.0
CC(Cl)C(=O)N1CC(NC(=O)C2CCC2)C1,Covalent,1.0
O=C1CCC(NC(=O)c2ncnn3cccc23)C(=O)N1,Noncovalent,0.0
O=C1CCC(CSc2ccccc2[N+](=O)[O-])C(=O)N1,non-covalent,0.0
C=CC(=O)N1CCC2(CCOCC2)CC1,Covalent,1.0
O=C1CCC(N2Cc3ccc(S(=O)(=O)F)cc3C2=O)CN1,non-covalent,0.0
CC(Cl)C(=O)NCC12CCCC(C1)C(=O)N2,Covalent,1.0
C=CC(=O)N1CCN(C)CC1Cc1ccccc1,Covalent,1.0
O=C1CC[C@@H](NC(=O)c2cnn(CC(F)(F)F)n2)C(=O)N1,Noncovalent,0.0
CS(=O)(=O)c1cccc(NC(=O)CCl)c1,Covalent,1.0
C=CC(=O)NC(C)C(O)C1CCCCC1,Covalent,1.0
O=C1CCC(N2Cc3c(ccc4c3OCC43CCC(Oc4ccccc4)CC3)C2=O)C(=O)N1,non-covalent,0.0
O=C1CCC(N2Cc3cccc(-c4ccccc4)c3C2=O)C(=O)N1,non-covalent,0.0
CC1NCCc2c(F)cc(C(=O)NC3CCC(=O)NC3=O)cc21,Noncovalent,0.0
O=C1CCC(NC(=O)c2cccc(Br)c2)C(=O)N1,Noncovalent,0.0
C=CS(=O)(=O)NCc1cccc(OCC)n1,Covalent,1.0
C=CC(=O)Nc1cn(C)nc1OC(C)C,Covalent,1.0
CC(NC(=O)CCl)c1ccco1,Covalent,1.0
O=C1CCC(Nc2cc(=O)n3cc(Cl)ccc3n2)C(=O)N1,Noncovalent,0.0
C=CC(=O)N1CCC(Cc2nccs2)C1,Covalent,1.0
CC#CC(=O)NCC1CC1(C)c1cccs1,Covalent,1.0
C=CC(=O)N1CCC(C(=O)NCC(=O)O)CC1,Covalent,1.0
C=CC(=O)N1CCOc2ncccc2C1,Covalent,1.0
C=C(C)C1CCC2(C)OC2C1,Covalent,1.0
C=CC(=O)N1CCCC[C@H]1C(=O)O,Covalent,1.0
O=C(CCl)N(Cc1ccsc1)C1CC1,Covalent,1.0
O=C1CCC(N2Cc3cc(-c4nccc5cc[nH]c45)ccc3C2=O)C(=O)N1,Noncovalent,0.0
Cc1ccnc2nc(C(=O)N[C@@H]3CCC(=O)NC3=O)nn12,Noncovalent,0.0
CC(Cl)C(=O)NCc1noc2ccccc12,Covalent,1.0
C[C@H](NC(=O)CCl)C(=O)N1CCCCC1,Covalent,1.0
O=C1CCC(N2Cc3c(cccc3-c3ccccc3)C2=O)C(=O)N1,non-covalent,0.0
COc1c(N)c(F)cc(C(=O)NC2CCC(=O)NC2=O)c1F,non-covalent,0.0
O=C1CCC(c2cccc(NC(=O)CCn3nc(O)c4c3CCCC4)c2)C(=O)N1,Noncovalent,0.0
Cc1ccc(NC(=O)/C=C/c2ccc3c(c2)C(=O)N(C2CCC(=O)NC2=O)C3)cc1Cl,non-covalent,0.0
C=CC(=O)NC1CCCCNC1=O,Covalent,1.0
C=CC(=O)NCc1ccc(Cl)cc1OC,Covalent,1.0
CCN1CCC(NC(=O)CCl)CC1,Covalent,1.0
CCCCCCNc1cccc2c1C(=O)N(C1CCC(=O)NC1=O)C2=O,non-covalent,0.0
O=C1CC(N(C(=O)CCl)C2CC2)C(=O)N1,Covalent,1.0
COC1(c2cccc(B(O)O)c2)CCC1,Covalent,1.0
Cc1cnn(-c2cccc(B(O)O)c2)c1,Covalent,1.0
O=C1CCC(NC(=O)c2cccc(Nc3ccc(-c4nn[nH]n4)cc3)c2)C(=O)N1,Noncovalent,0.0
C=CC(=O)NCc1c(C)c2ccccc2n1C,Covalent,1.0
O=C1CCC(n2cc(CN3CCNC3=O)nn2)C(=O)N1,Noncovalent,0.0
O=S(=O)(F)CCn1nnc2ccccc21,Covalent,1.0
Cc1nn(C)c(C)c1NC(=O)CCl,Covalent,1.0
O=C(CCl)Nc1ccnn1Cc1ccccc1,Covalent,1.0
NCC#Cc1ccc2c(c1)C(=O)N(C1CCC(=O)NC1=O)C2=O,Noncovalent,0.0
O=C1CCC(Nc2ccc(NC(=O)C3CCc4snnc43)cc2)C(=O)N1,Noncovalent,0.0
O=C1CCC(NC(=O)c2cc(COc3ccc(Cl)cc3Cl)on2)C(=O)N1,Noncovalent,0.0
CC(C)[C@@H]1CN2CCC[C@H]2CN1C(=O)CCl,Covalent,1.0
CCC1(c2ccc(NC(=O)C(C)(C)C(=O)O)cc2)CCC(=O)NC1=O,Noncovalent,0.0
CC(C)(C)C(=O)Nc1ccc2c(c1)C(=O)N(C1CCC(=O)NC1=O)C2,Noncovalent,0.0
CC(CNC(=O)c1cccc2c1CN(C1CCC(=O)NC1=O)C2=O)C(=O)O,Noncovalent,0.0
O=C1CCC(NC(=O)c2cccc(N3CCCC3=O)c2)C(=O)N1,Noncovalent,0.0
CCc1nc2ccccc2c(C(=O)NC2CCC(=O)NC2=O)c1C,Noncovalent,0.0
CC(C)CC(C(=O)Nc1cccc(C2CCC(=O)NC2=O)c1)N1CCCCC1=O,Noncovalent,0.0
C=CC(=O)NCC1CCC(F)(F)C(=O)N1,Covalent,1.0
CCCN(CC(=O)O)C(=O)c1ccc2c(c1)CN(C1CCC(=O)NC1=O)C2=O,Noncovalent,0.0
O=C1CCC(N2Cc3ccc(-n4cc(-c5ccncc5)nn4)cc3C2=O)C(=O)N1,Noncovalent,0.0
Cn1ccc2cc(B(O)O)cnc21,Covalent,1.0
C=CC(=O)N1CCC(C)C(OC)C1,Covalent,1.0
Cc1c(C(=O)N[C@@H]2CCC(=O)NC2=O)nnn1-c1cccc2cnccc12,Noncovalent,0.0
O=C1CCC(N2Cc3cc(-c4cccc(C(F)(F)F)n4)ccc3C2=O)C(=O)N1,Noncovalent,0.0
C=CC(=O)N(C)CC1COc2ccccc2O1,Covalent,1.0
OB(O)c1ccc2c(c1)OCCO2,Covalent,1.0
CCc1ncc(F)cc1NC(=O)CCl,Covalent,1.0
c1ccc(Oc2ccc(OCC3CO3)cc2)cc1,Covalent,1.0
C=CC(=O)NC1C2CC3CC1CC(OC)(C3)C2,Covalent,1.0
NCCCc1ccc2c(c1)C(=O)N(C1CCC(=O)NC1=O)C2=O,Noncovalent,0.0
O=C1CCC(N2C(=O)C3CCCC3C2=O)C(=O)N1,Noncovalent,0.0
C=CC(=O)NCc1cn(C)nc1C(F)F,Covalent,1.0
C=CC(=O)Nc1ccn(C2CCOCC2)n1,Covalent,1.0
O=C(CCl)NC(=O)NCCc1cccs1,Covalent,1.0
C=CC(=O)N(C)C1Cc2ccccc2C1,Covalent,1.0
C=CCn1cc2ccc(NC(=O)C=C)cc2n1,Covalent,1.0
COCCc1nc(-c2ccc(C(=O)NC3CCC(=O)NC3=O)cc2)no1,Noncovalent,0.0
CCn1cc(Oc2cnc(C(=O)NC3CCC(=O)NC3=O)cn2)cn1,Noncovalent,0.0
O=C1CCC(NC(=O)c2cccc(CNC(=O)C3Cc4nccn4C3)n2)C(=O)N1,Noncovalent,0.0
COc1ccc(C2CC(=O)NC(=O)C2)cc1Br,Noncovalent,0.0
COc1nccnc1S(=O)(=O)F,Covalent,1.0
CC(C)C1c2ccccc2CCN1C(=O)C1CO1,Covalent,1.0
C=CC(=O)NCC1(C)CCCS1,Covalent,1.0
CSCc1cccc(B(O)O)c1,Covalent,1.0
C=CC(=O)NCCc1ccc2c(c1)COC2,Covalent,1.0
CN(c1cnnc(C(F)(F)F)c1)C1CCC(=O)NC1=O,Noncovalent,0.0
C=CS(=O)(=O)NCc1cc2c(s1)CCC2,Covalent,1.0
C=CC(=O)N1CCc2cc(OC)c(F)cc2C1,Covalent,1.0
COc1cncc(F)c1S(=O)(=O)F,Covalent,1.0
O=C1CCC(NC(=O)c2ccc3c(c2)COCCN3)C(=O)N1,Noncovalent,0.0
CC1(C)CCNc2c(C(=O)NC3CCC(=O)NC3=O)cccc21,Noncovalent,0.0
C=CS(=O)(=O)N(CC(C)C)C1CC1,Covalent,1.0
C=CC(=O)N1C2C=C(c3ccccc3)CC1CC2,Covalent,1.0
COc1cccc(C(=O)NC2CCC(=O)NC2=O)c1,Noncovalent,0.0
O=C1CCC(N2Cc3ccc(Nc4ncnc5[nH]ccc45)cc3C2=O)C(=O)N1,Noncovalent,0.0
COc1ccc(CSC)cc1B(O)O,Covalent,1.0
Cc1oc(C(=O)OC2CCC(=O)NC2=O)cc1S(=O)(=O)N1CCCC1,Noncovalent,0.0
O=C1CCC(NC(=O)c2nccn3cnnc23)C(=O)N1,Noncovalent,0.0
CCc1cccc2c1CCN(C(=O)C1CO1)C2,Covalent,1.0
O=C1CCC(NC(=O)c2cccc3c(=O)[nH]ncc23)C(=O)N1,Noncovalent,0.0
O=C1CCC(NC(=O)c2ccc(Oc3cccc(Cl)c3Cl)nc2)C(=O)N1,Noncovalent,0.0
O=C(CCl)NCCCCc1cn[nH]c1,Covalent,1.0
C=CC(=O)NC(C)c1cn(C)c2ccc(C)cc12,Covalent,1.0
O=C1CCC(NC(=O)c2ccc3c(c2)NCCNC3=O)C(=O)N1,Noncovalent,0.0
N#Cc1ccsc1NC(=O)CCl,Covalent,1.0
CC1(C)[C@@H](O)[C@H]2CCCN(C(=O)CCl)[C@H]21,Covalent,1.0
CCC1(c2ccc(NC(=O)CCl)cc2)CCC(=O)NC1=O,Covalent,1.0
CCn1cc(C(=O)C(=O)Nc2ccc(C3(CC)CCC(=O)NC3=O)cc2)cn1,Noncovalent,0.0
C=CC(=O)N(C)CC1=CCCOC1,Covalent,1.0
CC(Cl)C(=O)N1CCOc2ncccc2C1,Covalent,1.0
O=C1CCC(NC(=O)c2cc3ccsc3c(=O)[nH]2)C(=O)N1,Noncovalent,0.0
O=C(CCl)Nc1ccc(F)cn1,Covalent,1.0
O=C(CCl)Nc1cc(F)ccc1C(=O)O,Covalent,1.0
O=C1CCC(N2Cc3cc(-c4cccnc4OCC4CC4)ccc3C2=O)C(=O)N1,Noncovalent,0.0
Cc1c(C(=O)NC2CCC(=O)NC2=O)cnc2c(Cl)cccc12,Noncovalent,0.0
C=CS(=O)(=O)N1C[C@H](COC)OC(C)(C)C1,Covalent,1.0
CC1CCN(S(=O)(=O)Nc2ccc(C3CC(=O)NC(=O)C3)cc2)C1,Noncovalent,0.0
OB(O)c1ccc(N2CCCC2)nc1,Covalent,1.0
CC#CC(=O)NC1(c2ccnc(OC)c2)CC1,Covalent,1.0
Cc1ccc(S(=O)(=O)Nc2ccc3c(c2)C(=O)N(C2CCC(=O)NC2=O)C3=O)cc1,non-covalent,0.0
O=C1CCC(NC(=O)c2ccc(Br)c3c2CCO3)C(=O)N1,Noncovalent,0.0
CCc1ccc(S(=O)(=O)NC2CCC(=O)NC2=O)cc1CC,Noncovalent,0.0
CC#CC(=O)NCC(=O)N1CCCC1C,Covalent,1.0
CC1Cn2nc(C(=O)NC3CCC(=O)NC3=O)cc2C(=O)N1,Noncovalent,0.0
C=CC(=O)N1CCCC2(C(=O)O)CCCCC12,Covalent,1.0
O=C1CCC(N2Cc3c(OS(=O)(=O)F)cccc3C2=O)C(=O)N1,Covalent,1.0
O=C1CCC(NC(=O)c2c(F)ccc(S(=O)(=O)CC3CC3)c2F)C(=O)N1,Noncovalent,0.0
C=CC(=O)N[C@H]1CC[C@H](C(F)(F)F)CC1,Covalent,1.0
O=C1CCC(NC(=O)c2ccc(-n3cnc4ccccc43)cc2)C(=O)N1,Noncovalent,0.0
CS(=O)(=O)N1CC(CS(=O)(=O)F)C1,Covalent,1.0
O=C1NC[C@@H]2[C@H]1CCCN2C(=O)CCl,Covalent,1.0
O=C1CCc2cc(-c3cccc4c3CNC4=O)c(F)cc2N1,Noncovalent,0.0
O=C1CCC(NC(=O)c2ncnc3cc[nH]c23)C(=O)N1,Noncovalent,0.0
C=CC(=O)NCC(C)(C)C1CCCCC1,Covalent,1.0
Cc1nc2cc(NC(=O)CCl)ccc2[nH]1,Covalent,1.0
COc1cccc2cc(OCC3CO3)cnc12,Covalent,1.0
COC(=O)c1ccnc(S(=O)(=O)F)c1,Covalent,1.0
Nc1ccc2c(c1)C(=O)N(C1CCC(=O)NC1=O)C2=O,Noncovalent,0.0
Cc1cc(C)nc(-n2[nH]c(C(=O)NC3CCC(=O)NC3=O)c(CCO)c2=O)n1,Noncovalent,0.0
C=CC(=O)N1CCCCC1c1ccc(F)cn1,Covalent,1.0
Cc1ccc(C(=O)NC2CCC(=O)NC2=O)cc1,Noncovalent,0.0
O=C1CCC(NC(=O)c2cscc2-c2ccccc2)C(=O)N1,Noncovalent,0.0
C=CS(=O)(=O)NCCc1ccccc1CC,Covalent,1.0
c1cc(OCC2CO2)cc(-n2ccnn2)c1,Covalent,1.0
CN1C(=O)CCC(NC(=O)c2cc3n(n2)CCO3)C1=O,Noncovalent,0.0
CC#CC(=O)NC1CC2(CCC(CO)CC2)C1,Covalent,1.0
Cc1ccc(-n2nc(C)c3cc(C(=O)NC4CCC(=O)NC4=O)sc32)nn1,Noncovalent,0.0
O=C1CC[C@H](C(=O)NCc2ccccc2)N1,non-covalent,0.0
O=C1CCC(c2cccc(Nc3ccnc4cc(F)cnc34)c2)C(=O)N1,Noncovalent,0.0
C=CC(=O)N1CC(Cc2cnn(C)c2)C1,Covalent,1.0
C=CS(=O)(=O)NCc1c(C)cnn1C,Covalent,1.0
C=CC(=O)N1CCCC1C(=O)Nc1ccc2c(c1)C(=O)NC2=O,Covalent,1.0
CCOCCS(=O)(=O)N(C)c1ccccc1C(=O)NC1CCC(=O)NC1=O,Noncovalent,0.0
c1ccc(CO[C@@H]2C[C@@H]3O[C@@H]3C2)cc1,Covalent,1.0
C=CS(=O)(=O)NC[C@H]1C[C@H](CF)C1,Covalent,1.0
C=CC(=O)NCc1c(C)noc1C,Covalent,1.0
OB(O)c1ccc(C2CC2)cc1F,Covalent,1.0
O=C1CCC(CSc2ccc([N+](=O)[O-])cc2)C(=O)N1,non-covalent,0.0
O=C(CCl)NCC1CCC1,Covalent,1.0
Cn1ncc(B(O)O)c1Cl,Covalent,1.0
COc1cc(=O)[nH]c(NC(=O)CCl)n1,Covalent,1.0
O=C1CCC(NC(=O)c2coc(CNC(=O)C3CC4(CCC4)CO3)n2)C(=O)N1,Noncovalent,0.0
CC(Cl)C(=O)NCC1CCCS1,Covalent,1.0
CC(C)(C)c1ocnc1CS(=O)(=O)F,Covalent,1.0
C=CC(=O)N1CCC(CCC#N)CC1,Covalent,1.0
NCCCNC(=O)COc1ccc2c(c1)CN(C1CCC(=O)NC1=O)C2=O,Noncovalent,0.0
O=C1CCC(N2Cc3c(ccc4c3OCC43CCCN(Cc4ccccc4)CC3)C2=O)C(=O)N1,non-covalent,0.0
O=C1CCC(NC(=O)c2cnc3nccn3c2)C(=O)N1,Noncovalent,0.0
Nc1cccc(C2CC(=O)NC(=O)C2)c1,Noncovalent,0.0
C=CC(=O)NCC(O)c1c(F)cccc1F,Covalent,1.0
N#Cc1ccccc1OCc1ccc(C(=O)NC2CCC(=O)NC2=O)o1,Noncovalent,0.0
CC(Cl)C(=O)N1CC(Cc2cccs2)C1,Covalent,1.0
C=CS(=O)(=O)NCCC1CCCN(C)C1,Covalent,1.0
CCC[C@@H](NC(=O)c1cccc2c1CN(C1CCC(=O)NC1=O)C2=O)C(=O)O,Noncovalent,0.0
O=C1CCC(NS(=O)(=O)c2ccsc2)C(=O)N1,Noncovalent,0.0
Cc1nc(Br)c2ccc(C(=O)NC3CCC(=O)NC3=O)cn12,Noncovalent,0.0
NC(=O)[C@]12C[C@H]1CCCN2C(=O)CCl,Covalent,1.0
Cc1ccc(-n2nc(C(=O)NC3CCC(=O)NC3=O)c3c2CCC3)c(F)c1,Noncovalent,0.0
CCOc1cc2cc(C(=O)N[C@@H]3CCC(=O)NC3=O)[nH]c2cc1OC,Noncovalent,0.0
NCc1ccc2c(c1)CN(C1CCC(=O)NC1=O)C2=O,Noncovalent,0.0
Cn1cccc1C(=O)NC1CCC(=O)NC1=O,Noncovalent,0.0
O=C1CCC(N2Cc3cc(NC(=O)c4ccc5c(c4)CCCC5)ccc3C2=O)C(=O)N1,non-covalent,0.0
O=C(CCl)N1COC2CCCCC2C1,Covalent,1.0
C=CC(=O)N1CC(=O)N(C)CC1C,Covalent,1.0
C=CC(=O)Nc1ccc(C(=O)NCC2(C)NC(=O)NC2=O)cc1,Covalent,1.0
C=CC(=O)Nc1ccc(C(F)(F)CF)cc1,Covalent,1.0
O=C(CCC1CCCOC1)NCc1ccc(C(=O)NC2CCC(=O)NC2=O)o1,Noncovalent,0.0
O=C1CNC(=O)N1,non-covalent,0.0
Cn1cc(C(=O)NC2CCC(=O)NC2=O)cn1,Noncovalent,0.0
O=C1CCC(NC(=O)c2c(C(F)F)[nH]c3cnccc23)C(=O)N1,Noncovalent,0.0
C=CC(=O)Nc1cc2c(cn1)OCCC2,Covalent,1.0
O=C1CCC(Sc2ncnc3c2oc2ccccc23)C(=O)N1,Noncovalent,0.0
CC1(C(=O)NCc2ccc3c(c2)C(=O)N(C2CCC(=O)NC2=O)C3)CC1,Noncovalent,0.0
CCOCCOC(C)C(=O)NCc1nocc1C(=O)NC1CCC(=O)NC1=O,Noncovalent,0.0
COc1cc(F)c2c(C(=O)Nc3ccc(C4CCC(=O)NC4=O)cc3)n[nH]c2c1,Noncovalent,0.0
CC#CC(=O)N(C)Cc1ncc(C)c(OC)c1C,Covalent,1.0
O=C(NCCC1CCOc2ccccc21)c1ccc2c(c1)CNC2=O,Noncovalent,0.0
C=CC(=O)NC(C)(C)c1cccc(OC)c1,Covalent,1.0
O=C1CCC(NC(=O)c2cc(C(F)(F)F)nn2C2CCCC2)C(=O)N1,Noncovalent,0.0
COc1cccc2c1CCC2(N)C(=O)Nc1ccc(C2CCC(=O)NC2=O)cc1,Noncovalent,0.0
Cc1cnc(C(C)NC(=O)CCl)o1,Covalent,1.0
Cc1ccc(NC(=O)NCc2ccc3c(c2)CN(C2CCC(=O)NC2=O)C3=O)cc1Cl,non-covalent,0.0
O=C1CCC(N2C(=O)C=CC2=O)C(=O)N1,Covalent,1.0
O=S(=O)(F)C1=Cc2ccccc2OCC1,Covalent,1.0
C=CC(=O)N(CCNC(=O)c1cccc2c1C(=O)NC2)CCOC,Covalent,1.0
O=C(CCl)N1CCCC2(C=CCO2)CC1,Covalent,1.0
C=CS(=O)(=O)N1CC(C)CC1CC,Covalent,1.0
C=CC(=O)NCc1ncc(Cl)s1,Covalent,1.0
CC1CCCCN1C(=O)CNc1cccc2c1CN(C1CCC(=O)NC1=O)C2=O,Noncovalent,0.0
C=CC(=O)N1CCC2(C1)OCc1ccccc12,Covalent,1.0
O=C1CC(c2ccc(NS(=O)(=O)N3CCCCCC3)cc2)CC(=O)N1,Noncovalent,0.0
O=C1CCC(N2C(=O)c3ccc(N4CC5(COC5)C4)cc3C2=O)C(=O)N1,non-covalent,0.0
Cc1ccc(-c2ccc3c(c2)CN(C2CCC(=O)NC2=O)C3=O)s1,Noncovalent,0.0
C=CC(=O)N1CCc2cc(C)ccc21,Covalent,1.0
CC(Cl)C(=O)NCC(C)c1ncon1,Covalent,1.0
O=C(C(F)Cl)N1CC(O)(c2ccccc2)C1,Covalent,1.0
C=CC(=O)NCc1cccc2c1OC(C)(C)C2,Covalent,1.0
O=C1CCC(NC(=O)c2ccn(C3CC3(F)F)n2)C(=O)N1,Noncovalent,0.0
CC(C)(C)CCNC(=O)c1ccc2c(c1)CN(C1CCC(=O)NC1=O)C2=O,Noncovalent,0.0
COc1ccc(Cn2ccnc2C(=O)NC2CCC(=O)NC2=O)cc1,Noncovalent,0.0
O=C1CCC(NC(=O)c2nsnc2O)C(=O)N1,Noncovalent,0.0
O=C(O)CCc1ccc2c(c1)C(=O)N(C1CCC(=O)NC1=O)C2,Noncovalent,0.0
CC#CC(=O)N(CCC#N)C1CCOCC1,Covalent,1.0
Cc1nc(Cn2nnc(C(=O)NC3CCC(=O)NC3=O)c2C)no1,Noncovalent,0.0
O=C1CCC(NC(=O)c2nc(-c3ccccc3)cs2)C(=O)N1,Noncovalent,0.0
Cc1ccncc1S(=O)(=O)F,Covalent,1.0
CN1C(=O)CCC(N2Cc3ccc(N)cc3C2=O)C1=O,Noncovalent,0.0
CN(c1ccc2c(c1)C(=O)N(C1CCC(=O)NC1=O)C2=O)C1CCCCC1,non-covalent,0.0
O=C1CCC(Nc2nc(-c3cccs3)nc3ccccc23)C(=O)N1,Noncovalent,0.0
NCCc1cccc2c1CN(C1CCC(=O)NC1=O)C2=O,Noncovalent,0.0
C=CC(=O)N1CCN(CCO)C(C)C1,Covalent,1.0
O=C1CCC(NC(=O)C2CCNc3ccccc32)C(=O)N1,non-covalent,0.0
COc1n[nH]c2c(CN3CCCC3)cc(-c3ccc4c(c3)CN(C3CCC(=O)NC3=O)C4=O)nc12,non-covalent,0.0
COc1ccsc1C(=O)NCc1ocnc1C(=O)NC1CCC(=O)NC1=O,Noncovalent,0.0
O=C1CCC2(CC(c3ccccc3Br)=NO2)C(=O)N1,non-covalent,0.0
O=C1CCC(N2Cc3c(cccc3-c3cnn(CC(F)F)c3)C2=O)C(=O)N1,Noncovalent,0.0
C=CC(=O)N1CCCCC1c1ccnn1C,Covalent,1.0
O=C1CCC(N2Cc3c(NC(=O)CNc4ccnc(-c5ccc(F)cc5)n4)cccc3C2=O)C(=O)N1,non-covalent,0.0
C=CC(=O)Nc1ccc2ncnn2c1,Covalent,1.0
Nc1ccc2ncn(C3CCC(=O)NC3=O)c2c1,non-covalent,0.0
Cc1cc(B(O)O)c(C)s1,Covalent,1.0
O=C1NCc2nc(N3C[C@H](F)[C@@H](C(F)(F)F)C3)c(Cl)cc21,Noncovalent,0.0
Cc1ccc(C(=O)NC2CCC(=O)NC2=O)c2c1CCC2,Noncovalent,0.0
CCN(C(=O)CCl)C1CCS(=O)(=O)C1,Covalent,1.0
C=CC(=O)NC1CCC(C(=O)N(C)C)CC1,Covalent,1.0
O=C1CCC(N2Cc3ccc(NC(=O)C4CC(F)(F)C4)cc3C2=O)C(=O)N1,Noncovalent,0.0
Cc1[nH]c2ccccc2c1C=C(C#N)C(N)=O,Covalent,1.0
CC(Cl)C(=O)N1CC2(C=CCO2)C1,Covalent,1.0
C=CC(=O)N1C[C@@H]2[C@H](C1)[C@H]2C(=O)O,Covalent,1.0
O=C1CCC(N2C(=O)c3ccc(NC(=O)Cn4cnnn4)cc3C2=O)C(=O)N1,Noncovalent,0.0
O=S(=O)(F)Oc1cccc(N2CCCC2)c1,Covalent,1.0
C=CC(=O)NC(C)c1cc2cccc(F)c2o1,Covalent,1.0
CCC1(NC(=O)c2cc3c(C)cc(Br)cc3[nH]2)CCC(=O)NC1=O,Noncovalent,0.0
C=CC(=O)NC(CO)c1ccc(F)cc1F,Covalent,1.0
Nc1nc(C(=O)NC2CCC(=O)NC2=O)nc(N2CCOCC2)n1,Noncovalent,0.0
O=C1CC2(CN1)CC(NC(=O)CCl)C2,Covalent,1.0
O=C(C1CO1)N1CCOCC1Cc1ccccc1,Covalent,1.0
C=CC(=O)N(Cc1csc(C2CC2)n1)c1ccc2c(c1)C(=O)NC2,Covalent,1.0
C=CS(=O)(=O)NCc1noc(C(C)(C)C)n1,Covalent,1.0
CC#CC(=O)NC(C)(C)c1c(C)noc1C,Covalent,1.0
Cn1nc(C2CCC(=O)NC2=O)c2ccc(NC(=O)NCCCN3CCCC(C(N)=O)C3)cc21,non-covalent,0.0
O=C1CCC(N2Cc3cc(CNC(=O)c4cc(=O)c5ccccc5o4)ccc3C2=O)C(=O)N1,non-covalent,0.0
C=CS(=O)(=O)N1Cc2cccc(F)c2C1,Covalent,1.0
CC(C)c1cnc(COc2ccc3c(c2)C(=O)N(C2CCC(=O)NC2=O)C3=O)o1,Noncovalent,0.0
C=CC(=O)Nc1ccc(Cl)c(COC)c1,Covalent,1.0
O=C1CCC(c2cccc(NC(=O)c3nc(C4CC4)n4ccccc34)c2)C(=O)N1,Noncovalent,0.0
Fc1cc(OC(F)F)ccc1OCC1CO1,Covalent,1.0
O=C1CCC(n2nnc3ccc(CNC(=O)Nc4cc(Cl)cc(Cl)c4)cc3c2=O)C(=O)N1,non-covalent,0.0
CC(C)Oc1nccc(C(=O)NC2CCC(=O)NC2=O)c1F,Noncovalent,0.0
Cc1c(OCC(=O)OC(C)(C)C)cccc1N1CCC(=O)NC1=O,non-covalent,0.0
C=CC(=O)Nc1cc(C)c(C(C)=O)c(C)c1,Covalent,1.0
C=C(CNC(=O)CCl)C1CCOCC1,Covalent,1.0
O=C1CCC(N2Cc3cc(CNC(=O)Nc4ccc(Cl)cc4Cl)ccc3C2=O)C(=O)N1,non-covalent,0.0
Cc1cc(C(=O)NC2CCC(=O)NC2=O)c2c(c1)C(C)CCN2,Noncovalent,0.0
CC#CC(=O)N(C)Cc1cncc(OC)c1,Covalent,1.0
O=C1CCC(Nc2nc3ccccc3n3cncc23)C(=O)N1,Noncovalent,0.0
C=CC(=O)NCc1nc(C(N)=O)cs1,Covalent,1.0
CC(C)C1CNCCN1C(=O)c1ccc2c(c1)C(=O)N(C1CCC(=O)NC1=O)C2,Noncovalent,0.0
CC(C)[C@H]1CN(C(=O)c2ccc3c(c2)C(=O)N(C2CCC(=O)NC2=O)C3)CCN1,Noncovalent,0.0
CS(=O)(=O)c1cnn(CC2CO2)c1,Covalent,1.0
Cc1ccc(NC(=O)C(F)Cl)cc1Cl,Covalent,1.0
CC(Cl)C(=O)N1CCc2c(nnn2C)C1,Covalent,1.0
C=CC(=O)Nc1cnc(N2CCCCC2)c(C)c1,Covalent,1.0
O=C1CCC(n2cc(-c3cscn3)nn2)C(=O)N1,Noncovalent,0.0
O=C(NCc1cccc2c1CCC2)C1CO1,Covalent,1.0
C=CC(=O)N[C@@H]1[C@@H](c2ccccc2)[C@@H]2C=C[C@H]1C2,Covalent,1.0
CN(CCO)CC(=O)Nc1ccc2c(c1)C(=O)N(C1CCC(=O)NC1=O)C2=O,Noncovalent,0.0
N#Cc1csc(CNC(=O)CCl)n1,Covalent,1.0
Cc1nn(C2CCOC2)cc1C(=O)NC1CCC(=O)NC1=O,Noncovalent,0.0
O=C1CCC(N2Cc3cc(-c4ncccc4Cl)ccc3C2=O)C(=O)N1,Noncovalent,0.0
OB(O)c1ccccc1CN1CCCC1,Covalent,1.0
CS(=O)(=O)c1cscc1-c1cn(C2CCC(=O)NC2=O)nn1,non-covalent,0.0
COc1cc(N)cnc1-c1ccc2c(c1)CN(C1CCC(=O)NC1=O)C2=O,Noncovalent,0.0
COc1cc(B(O)O)c(Cl)cn1,Covalent,1.0
O=C1CCC(NC(=O)c2cnn3cc[nH]c(=O)c23)C(=O)N1,Noncovalent,0.0
CC1(C)Cc2cccc(OCC3CO3)c2O1,Covalent,1.0
CSc1ncc(Br)c(C(=O)NC2CCC(=O)NC2=O)n1,Noncovalent,0.0
Cc1ccc(CNC(=O)CCl)cc1F,Covalent,1.0
COc1ccc2c(c1N)C(=O)N(C1CCC(=O)NC1=O)C2=O,non-covalent,0.0
O=C1CCC(NC(=O)c2csc(N3CCNCC3)n2)C(=O)N1,Noncovalent,0.0
C#CC(C)N(C(=O)CCl)C1CCCCC1,Covalent,1.0
Cc1cnc(C)c(OS(=O)(=O)F)c1,Covalent,1.0
COc1cc(C)cc(CNC(=O)C2CO2)c1,Covalent,1.0
C=CC(=O)N1CCCc2ccc(N(C)C)cc2C1,Covalent,1.0
Cc1nn(C)cc1-c1ccc2c(c1)CN(C1CCC(=O)NC1=O)C2=O,Noncovalent,0.0
O=C1CCC(N2Cc3cc(NCc4cccc5ccccc45)ccc3C2=O)C(=O)N1,non-covalent,0.0
N#Cc1c(NC(=O)CCl)sc2c1CCC2,Covalent,1.0
Cc1nc2cc(C(=O)NC3CCC(=O)NC3=O)ccc2o1,Noncovalent,0.0
Cc1ccc2cc(B(O)O)ccc2n1,Covalent,1.0
C=CC(=O)N1CCSC2(CCOCC2)C1,Covalent,1.0
O=C1CCC(N2C(=O)c3ccc(-c4ccccc4)cc3C2=O)C(=O)N1,non-covalent,0.0
Cc1c(S(=O)(=O)F)oc2ccc(F)cc12,Covalent,1.0
COc1cc(CNc2cccc3c2CNC3=O)c2c(c1)CC(C)O2,Noncovalent,0.0
O=C1CCN(c2cccc(C(=O)N3Cc4sccc4CC3CO)c2)C(=O)N1,Noncovalent,0.0
O=C1CCC(NC(=O)c2cc(Cl)cc3c2OCCNC3)C(=O)N1,Noncovalent,0.0
O=C1CCC(N2Cc3c(cccc3-n3cc([C@@H]4CCCCN4)nn3)C2=O)C(=O)N1,Noncovalent,0.0
O=S(=O)(F)CCC1CCNCC1,Covalent,1.0
Cn1nc(N2CCC(=O)NC2=O)c2cccc(N)c21,non-covalent,0.0
Cc1cc(C(F)(F)F)cc(S(=O)(=O)F)n1,Covalent,1.0
O=S(=O)(F)Cc1ccc2c(c1)CCO2,Covalent,1.0
C=CC(=O)NC1(CC(=O)N(C)C)COC1,Covalent,1.0
C=CC(=O)NC1CCC(C)CC1C,Covalent,1.0
C=CC(=O)N1CC2COCC(C1)O2,Covalent,1.0
Cn1c(=O)sc2cc(C(=O)NC3CCC(=O)NC3=O)sc21,Noncovalent,0.0
Cc1ncnc(-c2ccc3c(c2)CN(C2CCC(=O)NC2=O)C3=O)c1C,Noncovalent,0.0
C=CC(=O)NC(CO)c1c(C)cc(C)cc1C,Covalent,1.0
C=CC(=O)NC1c2cc(F)ccc2CC1C,Covalent,1.0
CCOC(=O)C(C#N)=CNC(=O)c1ccco1,Covalent,1.0
N#CCOc1ccc(-c2ccc3c(c2)CN(C2CCC(=O)NC2=O)C3=O)nc1,Noncovalent,0.0
C[C@@H](NC(=O)CCl)c1cccc(C#N)c1,Covalent,1.0
N#Cc1c(Cl)nsc1NC1CCC(=O)NC1=O,Noncovalent,0.0
COC(=O)c1cc2ccc(OCC3CO3)cc2o1,Covalent,1.0
CC=CC(=O)Nc1cccc2c1CN(C1CCC(=O)NC1=O)C2=O,Covalent,1.0
O=S(=O)(F)CCN1CCOc2ccccc21,Covalent,1.0
O=C1CCN(c2ccc(C(=O)Nc3cnc4c(c3)C3CCC(C4)N3)cc2)C(=O)N1,Noncovalent,0.0
COc1cccnc1-c1cn(C2CCC(=O)NC2=O)nn1,non-covalent,0.0
COc1ccccc1C1=NOC2(CCC(=O)NC2=O)C1,non-covalent,0.0
O=C1CCN(CCc2cn([C@@H]3CCc4c(F)cccc43)nn2)C(=O)N1,Noncovalent,0.0
C=CC(=O)Nc1cccc2c1OC(C)(C)C=C2,Covalent,1.0
Cc1nc(C(=O)Nc2cccc(C3CC(=O)NC(=O)C3)c2)c(C)o1,Noncovalent,0.0
O=C(CCl)Nc1ccncc1,Covalent,1.0
Cc1c(Cl)cccc1C(=O)NC1CCC(=O)NC1=O,Noncovalent,0.0
Cc1ccc(NC(=O)NCc2ccc(C(=O)NC3CCC(=O)NC3=O)cc2)cc1Cl,non-covalent,0.0
O=C1CCC(N2Cc3cc(C(=O)Nc4cc(C(=O)O)[nH]n4)ccc3C2=O)C(=O)N1,Noncovalent,0.0
Nc1cc(=O)[nH]c2cc(C(=O)Nc3cccc(C4CCC(=O)NC4=O)c3)nn12,Noncovalent,0.0
CC#CC(=O)NC1CCC(O)(C(F)(F)F)C1,Covalent,1.0
O=c1[nH]c2ccc(S(=O)(=O)F)cc2s1,Covalent,1.0
O=C(c1cccs1)N1CC(S(=O)(=O)F)C1,Covalent,1.0
CC(C)Oc1cc(F)ccc1OCC1CO1,Covalent,1.0
Cc1ccc2cc(B(O)O)sc2c1,Covalent,1.0
O=C1CCC(n2cc(-c3c(F)cccc3F)nn2)C(=O)N1,Noncovalent,0.0
CC1CNc2[nH]nc(C(=O)Nc3ccc(C4CCC(=O)NC4=O)cc3)c2C1,Noncovalent,0.0
CC(C)(C)OC(=O)NCCOc1cccc(-c2ccc3c(c2)CN(C2CCC(=O)NC2=O)C3=O)c1,non-covalent,0.0
O=C1CCC(N2Cc3ccc(S(=O)(=O)n4ccc(=O)[nH]c4=O)cc3C2=O)C(=O)N1,covalent,1.0
N#Cc1c(Cl)cccc1OCC1CO1,Covalent,1.0
CCNC(=O)CN(C#N)c1ccc(F)cc1,Covalent,1.0
COc1cc(N)c2c(c1)C(=O)N(C1CCC(=O)NC1=O)C2=O,non-covalent,0.0
C=CC(=O)NC(C)Cc1cccn1C,Covalent,1.0
O=C1CCC(N2Cc3c(NCC(=O)NC4CCC4)cccc3C2=O)C(=O)N1,Noncovalent,0.0
O=C1CCC(N2Cc3cc(-c4cccc5c4OCCC5)ccc3C2=O)C(=O)N1,Noncovalent,0.0
C=CC(=O)N1CCC(OC2CCOC2)CC1,Covalent,1.0
COc1cc(C(=O)O)ccc1S(=O)(=O)F,Covalent,1.0
O=C1CCC(NC(=O)c2cc3c(Cl)ncnc3[nH]2)C(=O)N1,non-covalent,0.0
O=C1CCC(NC(=O)c2ccc(C(F)C(F)(F)F)cn2)C(=O)N1,Noncovalent,0.0
O=S(=O)(F)Oc1ccc(-n2ccnn2)cc1,Covalent,1.0
C=CC(=O)N1CCC(=O)N2CCCC12,Covalent,1.0
CN1CC(=O)NC1=O,non-covalent,0.0
Cc1cccnc1C1CCCC(Nc2cccc(C3CC(=O)NC(=O)C3)c2)C1,Noncovalent,0.0
CC#CC(=O)N1CCC[C@H]1c1nc(C(C)C)co1,Covalent,1.0
C=CC(=O)NC[C@H]1Oc2ccccc2[C@H]1C,Covalent,1.0
C=CC(=O)N[C@H]1c2ccccc2C[C@H]1O,Covalent,1.0
O=C1CCC(N2Cc3cc(NC4=NOC5C=C(F)C=CC45)ccc3C2=O)C(=O)N1,non-covalent,0.0
CC(NC(=O)CCl)c1cccc2ccccc12,Covalent,1.0
CC1(C)CCc2ccc(OCC3CO3)cc2O1,Covalent,1.0
O=S(=O)(F)c1ccc(N2CC[C@H](O)C2)nc1,Covalent,1.0
C=CC(=O)Nc1ccc2sncc2c1,Covalent,1.0
C[C@@H]1CN(CC2CO2)C[C@H](C)O1,Covalent,1.0
O=C1CCC(c2ccc(Nc3nccc4cncn34)cc2)C(=O)N1,Noncovalent,0.0
C=CC(=O)NC(C)(C)C(=O)Nc1ccccc1,Covalent,1.0
C=CC(=O)N1CCCC(C(=O)Nc2ccc(C3CC(=O)NC(=O)C3)cc2)C1,Covalent,1.0
C=CC(=O)N[C@@H](C)c1csc2ccccc12,Covalent,1.0
Nc1cc(S(=O)(=O)F)c(F)cc1NC1CC1,Covalent,1.0
Fc1cc(OCC2CO2)cnc1Cl,Covalent,1.0
O=C1CCC(N2Cc3c(Br)cccc3C2=O)C(=O)N1,Noncovalent,0.0
O=C1CCC(N2Cc3cc(-c4cc(C(F)(F)F)ccn4)ccc3C2=O)C(=O)N1,Noncovalent,0.0
O=C(CCl)NCc1ncc2c(n1)CCOC2,Covalent,1.0
CSc1ccc([C@@H](C)NC(=O)CCl)cc1,Covalent,1.0
CN1CCCC(NC(=O)C2CO2)c2ccccc21,Covalent,1.0
O=C1CCC(N2Cc3c(C(=O)NCC4CCCCCN4)cccc3C2=O)C(=O)N1,Noncovalent,0.0
Cc1ccc2c(C(=O)NC3CCC(=O)NC3=O)ccnc2c1Cl,Noncovalent,0.0
O=C1CCC(Nc2nc3ccccn3c(=O)c2[N+](=O)[O-])C(=O)N1,Noncovalent,0.0
CCN(CC)C(=O)c1ccc2c(c1)CN(C1CCC(=O)NC1=O)C2=O,Noncovalent,0.0
Fc1cccc2cc(OCC3CO3)cnc12,Covalent,1.0
C=CC(=O)N1CC2(CCOCC2)C1C1CC1,Covalent,1.0
CN1CCc2nc(C(=O)Nc3ccc(NC4CCC(=O)NC4=O)cc3)sc2C1,Noncovalent,0.0
C=CC(=O)N1CCCC(NC(C)=O)C1,Covalent,1.0
C=CC(=O)N[C@H]1CCOc2ccc(C(C)C)cc21,Covalent,1.0
C=CC(=O)NCc1ccc(OC)c(C#N)c1,Covalent,1.0
Nc1cc(OC(F)(F)F)cc2c1CN(C1CCC(=O)NC1=O)C2=O,non-covalent,0.0
CN(C(=O)CCl)c1nccs1,Covalent,1.0
O=C1NC(=O)C2(N3C(=O)c4ccccc4C3=O)CC1C2,Noncovalent,0.0
CC(C)n1cc2ncc(C(=O)NC3CCC(=O)NC3=O)cc2n1,Noncovalent,0.0
NCC1CCn2c(C(=O)Nc3ccc(NC4CCC(=O)NC4=O)cc3)cnc2C1,Noncovalent,0.0
C=CC(=O)N1CCN(CCOC)CC1(C)C,Covalent,1.0
COc1ccc(F)c(C(=O)NC2CCC(=O)NC2=O)c1C#N,Noncovalent,0.0
CC(C)[C@H](O)c1cn(-c2cccc3c2CN(C2CCC(=O)NC2=O)C3=O)nn1,Noncovalent,0.0
O=C1CCC(NC(=O)c2cc(C3(c4ccccc4)CC3)[nH]n2)C(=O)N1,Noncovalent,0.0
COc1ccc2c(c1)CCN(C(=O)C1CO1)CC2,Covalent,1.0
C=CC(=O)NCC1SCCS1,Covalent,1.0
COC(=O)c1scc(-c2cn(C3CCC(=O)NC3=O)nn2)c1OC,non-covalent,0.0
CN(C(=O)CCl)C1CC1c1ccccc1,Covalent,1.0
C=CC(=O)NCC1CCOC1C(=C)C,Covalent,1.0
COCCN(Cc1ccccn1)C1=CC(=O)N(C2CCC(=O)NC2=O)C1=O,Covalent,1.0
O=C1CCC(N2C(=O)c3cccc(O)c3C2=O)C(=O)N1,Noncovalent,0.0
O=C1CCC(NC(=O)c2ccc3cc(OCc4ccccc4)ccc3c2)C(=O)N1,Noncovalent,0.0
O=C1CCC(NC(=O)c2c(O)c3ccccc3[nH]c2=O)C(=O)N1,Noncovalent,0.0
O=C1CCC(NC(=O)c2csc3ccc(C(F)(F)F)cc23)C(=O)N1,Noncovalent,0.0
CN1C(=O)CCc2cc(C(=O)NC3CCC(=O)NC3=O)ccc21,Noncovalent,0.0
Cn1cnc(CCCC=O)c1,Covalent,1.0
Nc1nc2c(c(-c3ccc4c(c3)CN(C3CCC(=O)NC3=O)C4=O)n1)CCCC2,Noncovalent,0.0
O=C(O)COc1cccc2c1CN(C1CCC(=O)NC1=O)C2=O,Noncovalent,0.0
CCCCOc1ccc(C2CCC(=O)NC2=O)cc1,non-covalent,0.0
O=C(CCl)N1CCC2(CC1)COC(CO)C2,Covalent,1.0
COC(=O)c1ccc(-c2ccc3c(c2)CN(C2CCC(=O)NC2=O)C3=O)s1,Noncovalent,0.0
C=CC(=O)NCc1sc(N(C)C)nc1Cl,Covalent,1.0
O=Cc1ccc(OCC#Cc2cccc3c2CN(C2CCC(=O)NC2=O)C3=O)cc1,non-covalent,0.0
C=CC(=O)N1C2CO[C@H]3[C@@H]2OC[C@H]31,Covalent,1.0
COc1ccc(OC)c(B(O)O)c1,Covalent,1.0
Cc1ccc2c(C(=O)NC3CCC(=O)NC3=O)c(C)ccc2c1,Noncovalent,0.0
C=CC(=O)NC(C)c1cc2n(n1)CCCC2,Covalent,1.0
O=Cc1cccc2c1CN(C1CCC(=O)NC1=O)C2=O,Noncovalent,0.0
CN(C)C(=O)CN1CCN(C(=O)CCl)CC1,Covalent,1.0
Cc1c(C(=O)NC2CCC(=O)NC2=O)cnn1C(C)C(C)(C)O,Noncovalent,0.0
C=CC(=O)NC1(c2ccc(F)cn2)CC1,Covalent,1.0
O=C1CCC(N2Cc3ccc(O)cc3C2=O)C(=O)N1,Noncovalent,0.0
C=CS(=O)(=O)N1CC(C)(C)CC1C(=O)OC,Covalent,1.0
Cc1cc(C)cc(CN(C#N)c2nncs2)c1,Covalent,1.0
O=C1CCC(NC(=O)c2cnn3c(-c4ccccc4)cc(C(F)F)nc23)C(=O)N1,Noncovalent,0.0
Cc1c2c(C(=O)NC3CCC(=O)NC3=O)cccc2nn1C,Noncovalent,0.0
CC#CC(=O)N1CCC(CC#N)C(F)(F)C1,Covalent,1.0
C#CC(CC1CCOC1)NC(=O)C#CC,Covalent,1.0
Cc1cc(C=C(C#N)C(=O)O)c(C)n1C1CC1,Covalent,1.0
N#CC1(c2ccccc2)CC(NC(=O)CCl)C1,Covalent,1.0
O=C1CCC(NC(=O)c2c(Cl)cccc2OCC2CC2)C(=O)N1,Noncovalent,0.0
C=CC(=O)N1CCC(n2cc(Cl)cn2)CC1,Covalent,1.0
O=C(CCl)Nc1ccc2c(c1)OCCCO2,Covalent,1.0
O=C(CCl)Nc1cccc2c1C(=O)NC2,Covalent,1.0
O=C1CCC(Nc2cccc(NC(=O)C3OCCn4ccnc43)c2)C(=O)N1,Noncovalent,0.0
O=C1CCC(Nc2ccccc2N2CCOCC2)C(=O)N1,non-covalent,0.0
CCC1(c2ccc(NC(=O)COC3CCCCC3)cc2)CCC(=O)NC1=O,Noncovalent,0.0
Nc1cccc(C(=O)N[C@H]2CCC(=O)NC2=O)c1,Noncovalent,0.0
O=C1CCC(N2Cc3cc(NCc4ccccc4)ccc3C2=O)C(=O)N1,non-covalent,0.0
O=C1CCC(N2C(=O)c3c(F)ccc(F)c3C2=O)C(=O)N1,non-covalent,0.0
CC(C)(C)NC(=O)[C@@]1(C)CCCC(=O)N1[C@H]1CCC(=O)NC1=O,non-covalent,0.0
Cc1nnnn1CCNC(=O)C(C)Cl,Covalent,1.0
C=CS(=O)(=O)Nc1cccc(C(F)F)c1,Covalent,1.0
OCc1cccc(B(O)O)c1,Covalent,1.0
O=C1CCC(NC(=O)c2cc3c(N4CCNCC4)cccc3s2)C(=O)N1,Noncovalent,0.0
O=C1COc2c(cccc2-c2ccc3c(c2)C(=O)NC3)N1,Noncovalent,0.0
O=C1CCC(NC(=O)c2cc(-c3ccc(F)cc3)ccc2O)C(=O)N1,Noncovalent,0.0
O=C1CCC(NC(=O)c2cnc3ccccn3c2=O)C(=O)N1,Noncovalent,0.0
O=C1NCc2ccc(OCC(O)COCc3cccs3)cc21,Noncovalent,0.0
CC#CC(=O)NC1CC(OCC)C12CCCO2,Covalent,1.0
CC(C)[C@H]1CN(C(=O)c2cccc3c2CN(C2CCC(=O)NC2=O)C3=O)CCN1,Noncovalent,0.0
C=CC(=O)N1CCC[C@@H](O)[C@H]1C,Covalent,1.0
Cc1nc(-c2ccccc2)ncc1C(=O)NC1CCC(=O)NC1=O,Noncovalent,0.0
C=CS(=O)(=O)N1CC[C@H](F)[C@H](F)C1,Covalent,1.0
CC(C)(C)Nc1c(-c2ccc3c(c2)C(=O)N(C2CCC(=O)NC2=O)C3)nc2ccccn12,non-covalent,0.0
c1ccc(-n2cc(OCC3CO3)cn2)cc1,Covalent,1.0
O=S(=O)(F)c1c(Cl)nc2ccccn12,Covalent,1.0
C=CC(=O)Nc1ccc2cccc(OC)c2n1,Covalent,1.0
FC(F)(F)c1ccccc1OCC1CO1,Covalent,1.0
CC(C)c1cnc2cc(C(=O)NC3CCC(=O)NC3=O)[nH]c2c1,Noncovalent,0.0
CC(Cl)C(=O)NCC1(n2ccnn2)CC1,Covalent,1.0
COc1ccc(OCC2CO2)cc1C#N,Covalent,1.0
Cc1ccc2c(Cl)c(OCC3CO3)ccc2n1,Covalent,1.0
C=CC(=O)N1CCN(C2CC2)C(C#N)C1,Covalent,1.0
O=C1CCC(N2Cc3cccc(CNC(=O)C(F)(F)c4ccccc4)c3C2=O)C(=O)N1,non-covalent,0.0
CC(C)(C(=O)Nc1ccc(C2CCC(=O)NC2=O)cc1)N1CCCNCC1,Noncovalent,0.0
C[C@]12CCCC[C@H]1CN2C(=O)CCl,Covalent,1.0
CC(C)Oc1ccc2cc(C(=O)Nc3ccc4c(c3)CN(C3CCC(=O)NC3=O)C4=O)ccc2c1,non-covalent,0.0
O=C(CCl)Nc1ccc(Br)cn1,Covalent,1.0
N#Cc1ccccc1OC1(C(=O)Nc2cccc(C3CCC(=O)NC3=O)c2)CC1,Noncovalent,0.0
O=C1CCC(NC(=O)c2[nH]ncc2C2CCC2)C(=O)N1,Noncovalent,0.0
O=C1CCC(N2Cc3ccc(NC(=O)C4CCCCC4)cc3C2=O)C(=O)N1,Noncovalent,0.0
CC(C)(C)n1nc2c(c1C(=O)NC1CCC(=O)NC1=O)CCCC2,Noncovalent,0.0
O=C1CCC(N2C(=O)c3cccc(NCCOCCOCCOCc4ccccc4)c3C2=O)C(=O)N1,non-covalent,0.0
CC(C)(C)c1ccc(C(=O)NC2CCC(=O)NC2=O)cc1,Noncovalent,0.0
Cc1ccccc1C(C)N(C)C(=O)[C@@H]1O[C@H]1C,Covalent,1.0
OB(O)c1ccc2c(c1F)OCO2,Covalent,1.0
O=C(O)CN(C(=O)c1cccc2c1CN(C1CCC(=O)NC1=O)C2=O)C1CCC1,Noncovalent,0.0
C=CC(=O)N1CCCc2c(F)ccc(Cl)c21,Covalent,1.0
CC#CC(=O)NCC(F)(F)c1nc(C)n[nH]1,Covalent,1.0
COC(=O)c1cc(C)cc(B(O)O)c1,Covalent,1.0
NCC(=O)Nc1cccc2c1CN(C1CCC(=O)NC1=O)C2=O,Noncovalent,0.0
O=C1CCC(N2Cc3cccc(NC(=O)C4CC5(CCC5)C4)c3C2=O)C(=O)N1,Noncovalent,0.0
O=C1CCC(N2Cc3c(cccc3-c3ccc(CO)cc3)C2=O)C(=O)N1,Noncovalent,0.0
C=CS(=O)(=O)NCCc1c(F)cncc1F,Covalent,1.0
O=S(=O)(F)c1ncccc1C1CC1,Covalent,1.0
O=C1CCC(NC(=O)c2cn(C(F)F)ccc2=O)C(=O)N1,Noncovalent,0.0
O=C1CCC(n2cc(-c3cccc4cccnc34)nn2)C(=O)N1,Noncovalent,0.0
CN(C(=O)C(F)Cl)c1nn(C)cc1Cl,Covalent,1.0
C=CC(=O)N[C@@H]1C[C@H]1C1CCOCC1,Covalent,1.0
CC(Cl)C(=O)Nc1cccc2c1CN(C)C2=O,Covalent,1.0
C=CC(=O)N1CCCN(c2ccccn2)CC1,Covalent,1.0
O=C1CCC(N2Cc3ccc(CNC(=O)c4cc(O)ccn4)cc3C2=O)C(=O)N1,Noncovalent,0.0
C=C(CNC(=O)C#CC)C1CCOCC1,Covalent,1.0
Cc1c(C(=O)NC2CCC(=O)NC2=O)[nH]c2ccc(C(C)C)cc12,Noncovalent,0.0
C=CC(=O)NC(C)c1ncc(-c2ccccc2)o1,Covalent,1.0
Cc1noc(C)c1-c1ccc2c(c1)C(=O)N(C1CCC(=O)NC1=O)C2=O,non-covalent,0.0
O=C1NCc2cc(-c3ccc(N[C@H]4CCCC[C@@H]4O)nc3)ccc21,Noncovalent,0.0
NCCn1cc(Br)cc(C(=O)NC2CCC(=O)NC2=O)c1=O,Noncovalent,0.0
O=C1CCC(NC(=O)c2cc(O)nc(-c3ccc(Cl)cc3)n2)C(=O)N1,Noncovalent,0.0
C=CC(=O)NCc1c(C)nn(CC)c1C,Covalent,1.0
COc1ccc2c(c1)CCN2C(=O)CCl,Covalent,1.0
Cc1ccc(S(=O)(=O)F)nn1,Covalent,1.0
OB(O)c1ccc2c(c1Cl)OCO2,Covalent,1.0
CC(Cl)C(=O)NCC1CC12CCOCC2,Covalent,1.0
O=C1NC(=O)C2(N3C(=O)c4cccc(Br)c4C3=O)CC1C2,Noncovalent,0.0
C=CC(=O)Nc1nc2ccccc2c(=O)[nH]1,Covalent,1.0
O=C1CC[C@H](N2Cc3cc(-c4cnn5ccc(NC6CCOCC6)nc45)ccc3C2=O)C(=O)N1,non-covalent,0.0
CC1(C)COc2c(S(=O)(=O)F)cnn2C1,Covalent,1.0
CC(Cl)C(=O)NCc1nc(C2CC2)n[nH]1,Covalent,1.0
CN(C(=O)C(F)Cl)c1cc(C2CC2)[nH]n1,Covalent,1.0
O=S(=O)(F)C1CCc2ccccc2C1,Covalent,1.0
Cc1cnc(-c2ccc3c(c2)CN(C2CCC(=O)NC2=O)C3=O)c(C)c1,Noncovalent,0.0
C=CC(=O)NCc1cc(Cl)cc2c1OCC2,Covalent,1.0
O=C(NCc1noc(-c2ccccc2)n1)C1CO1,Covalent,1.0
COCC(=O)N1CC(C)(NC(=O)CCl)C1,Covalent,1.0
C=CC(=O)NCc1nnc(C2CC2)s1,Covalent,1.0
CC#CC(=O)NCc1c(OC)cc[nH]c1=O,Covalent,1.0
CC(C)(C)CN(CCC#N)C(=O)C(F)Cl,Covalent,1.0
O=S(=O)(F)Cc1ccncc1,Covalent,1.0
O=C1NCc2cc(-c3ccc4c(c3)S(=O)(=O)NCCO4)ccc21,Noncovalent,0.0
NS(=O)(=O)c1cc(B(O)O)ccc1F,Covalent,1.0
COC(=O)c1ccc(S(=O)(=O)F)cc1,Covalent,1.0
C=CC(=O)NCCN1CCCS1(=O)=O,Covalent,1.0
COC(=O)c1cn[nH]c1S(=O)(=O)F,Covalent,1.0
COc1cc(C(F)(F)F)nc(NC2CCC(=O)NC2=O)n1,Noncovalent,0.0
COc1ccc(C(N)=O)c(OS(=O)(=O)F)c1,Covalent,1.0
O=C1CCC(NC(=O)c2ccc3nc4n(c3c2)CCC4)C(=O)N1,Noncovalent,0.0
Cc1conc1-c1cn(-c2ccc3c(c2)C(=O)N(C2CCC(=O)NC2=O)C3)nn1,Noncovalent,0.0
Cc1ccc(C2c3c(-c4ccccc4O)n[nH]c3C(=O)N2C)cc1,Noncovalent,0.0
NS(=O)(=O)c1cc(C(=O)NC2CCC(=O)NC2=O)cc2c1OCC2,Noncovalent,0.0
C=CS(=O)(=O)NCC(C)N1CCCCC1=O,Covalent,1.0
N#CC(=Cc1ccccc1)C(=O)Nc1nnn[nH]1,Covalent,1.0
CC#CC(=O)NCc1cnc2ccsc2c1,Covalent,1.0
OB(O)c1ccc2c(c1)OC(F)(F)O2,Covalent,1.0
O=C1CCC(Nc2ncnc3cc(Br)sc23)C(=O)N1,Noncovalent,0.0
CC(C)N1C(=O)CC(NC(=O)CCl)C1=O,Covalent,1.0
N#CCc1cccc2c1C(=O)N(C1CCC(=O)NC1=O)C2=O,non-covalent,0.0
C=CC(=O)N[C@@H](C)C(=O)Nc1cccnc1C,Covalent,1.0
Nc1ccccc1C#CC(=O)NCc1ccc2c(c1)CN(C1CCC(=O)NC1=O)C2=O,non-covalent,0.0
C=CC(=O)N1CCOC(CNC(=O)NC)C1,Covalent,1.0
O=C1CCC(N2Cc3c(cccc3-c3cccc(O)c3)C2=O)C(=O)N1,non-covalent,0.0
O=C1CCC(NC(=O)c2conc2CNC(=O)C2CCCCNC2=O)C(=O)N1,Noncovalent,0.0
NC(=O)N1CCC(C#Cc2cccc3c2CN(C2CCC(=O)NC2=O)C3=O)CC1,Noncovalent,0.0
O=C1CCC(N2Cc3cc(NC(=O)c4ccc5ccccc5c4)ccc3C2=O)C(=O)N1,non-covalent,0.0
Cn1cc(C(=O)NC2CCC(=O)NC2=O)c2cc(Br)ccc21,Noncovalent,0.0
Cc1cc(C(=O)NC2CCC(=O)NC2=O)c(NC(=O)C2CCCO2)s1,Noncovalent,0.0
CCCOc1ccc(C(=O)NC2CCC(=O)NC2=O)c(OC2CCCC2)c1,Noncovalent,0.0
NC(=O)c1cccc(B(O)O)c1F,Covalent,1.0
CCc1n[nH]cc1S(=O)(=O)F,Covalent,1.0
C=CS(=O)(=O)N1CCn2nccc2C1,Covalent,1.0
CCN(Cc1cn(C)nn1)C(=O)C(C)Cl,Covalent,1.0
Nc1nn(C2CC2)c2c(CN3CCCC3)cc(-c3ccc4c(c3)CN(C3CCC(=O)NC3=O)C4=O)nc12,non-covalent,0.0
C=CC(=O)N1CC(n2cccn2)C1,Covalent,1.0
CCc1nc(NC2CCC(=O)NC2=O)c2ccc(Cl)cc2n1,Noncovalent,0.0
Cn1cc(CCNC(=O)CCl)nn1,Covalent,1.0
O=C(C1CO1)N1CCCC(Oc2ccccc2)C1,Covalent,1.0
CNCCCCC(=O)Nc1cccc2c(=O)n(C3CCC(=O)NC3=O)c(C)nc12,Noncovalent,0.0
COc1ccc2nc(C(=O)NC3CCC(=O)NC3=O)ccc2c1Br,Noncovalent,0.0
Cc1nc(C(F)(F)F)ccc1OCC1CO1,Covalent,1.0
OB(O)c1ccoc1Cl,Covalent,1.0
C=CC(=O)N1CCC(C(=O)Nc2ccc(C3(CC)CCC(=O)NC3=O)cc2)CC1,Covalent,1.0
O=C(C=CC1CCCO1)Nc1cccc2c1CNC2=O,Covalent,1.0
C=CS(=O)(=O)N(CC)C1CCC(=O)NC1,Covalent,1.0
O=C(CCl)NCC(=O)c1cccs1,Covalent,1.0
CC1(C)Oc2cccc(OCC3CO3)c2O1,Covalent,1.0
O=C1CCC(N2Cc3ccc(Br)cc3C2=O)C(=O)N1,Noncovalent,0.0
CC1CCCN(C(=O)C(=O)Nc2cccc(NC3CCC(=O)NC3=O)c2)C1,Noncovalent,0.0
O=C(CCl)N1CCSC2COCCC21,Covalent,1.0
C=CC(=O)NCCC(=O)N1CC2CCC(C1)O2,Covalent,1.0
Cc1nc2ccccc2cc1OCC1OC1C,Covalent,1.0
C=CC(=O)Nc1cccc(CC(=O)NC)c1,Covalent,1.0
NCc1ccc(NC(=O)c2ccc3c(c2)C(=O)N(C2CCC(=O)NC2=O)C3)cc1,Noncovalent,0.0
CC#CC(=O)NC(CC)c1nccs1,Covalent,1.0
C=CC(=O)Nc1ccc(-c2ccccn2)cc1,Covalent,1.0
O=C1Nc2ccc(S(=O)(=O)F)cc2CO1,Covalent,1.0
C=CC(=O)N1CCc2c(ccc(OC)c2OC)C1,Covalent,1.0
CCCCC(C)C(=O)Nc1cccc(C2CC(=O)NC(=O)C2)c1,Noncovalent,0.0
O=C1CCC(Oc2cc(=O)n3cc(Br)ccc3n2)C(=O)N1,Noncovalent,0.0
Cn1cc(C#N)cc1C(=O)NC1CCC(=O)NC1=O,Noncovalent,0.0
O=C1CCC(NC(=O)c2cc3occc3[nH]2)C(=O)N1,Noncovalent,0.0
O=C(O)c1ccc(CS(=O)(=O)F)cc1,Covalent,1.0
C=CS(=O)(=O)Nc1ccc2occc2c1,Covalent,1.0
CC1CCN(CCNC(=O)CCl)CC1,Covalent,1.0
CN(c1ncnc2c1ncn2-c1ccccc1)C1CCC(=O)NC1=O,Noncovalent,0.0
C=CC(=O)NC1CCN(C(=O)CC)CC1CC,Covalent,1.0
CC(C)(C)OC(=O)COc1ccc(-c2cccc3c2CN(C2CCC(=O)NC2=O)C3=O)cc1,non-covalent,0.0
CC1(C)CCCc2scc(C(=O)NC3CCC(=O)NC3=O)c21,Noncovalent,0.0
Cc1ccc(NC(=O)NCc2ccc3nnn(C4CCC(=O)NC4=O)c(=O)c3c2)cc1,non-covalent,0.0
O=C1CCC(N2C(=O)c3cccc(N4CC5(COC5)C4)c3C2=O)C(=O)N1,non-covalent,0.0
CNC(=O)C(C#N)=Cc1ccc(O)c(C(C)C)c1,Covalent,1.0
O=C1CCC(NC(=O)c2ncc3ccccc3c2O)C(=O)N1,Noncovalent,0.0
C=CS(=O)(=O)N1CC(n2cnnn2)C1,Covalent,1.0
O=C1CCCN1C[C@@H]1CO1,Covalent,1.0
CC1(O)CN(C(=O)CNc2cccc3c2CN(C2CCC(=O)NC2=O)C3=O)C1,Noncovalent,0.0
O=C1CCC(NC(=O)c2cnccn2)C(=O)N1,Noncovalent,0.0
O=C1CCC(NC(=O)c2cc(-c3cccc4[nH]ccc34)no2)C(=O)N1,Noncovalent,0.0
Cc1nc2ccccc2cc1OCC1(C)CO1,Covalent,1.0
NCCCCCC(=O)Nc1ccc2c(c1)C(=O)N(C1CCC(=O)NC1=O)C2=O,Noncovalent,0.0
Cn1cc(C(=O)NC2CCC(=O)NC2=O)c(CCC(F)(F)F)n1,Noncovalent,0.0
CCc1nnc(NC(=O)CCl)s1,Covalent,1.0
C[C@@H]1O[C@H]1C(=O)N(C)C1CCCc2ccccc21,Covalent,1.0
O=C1CCC(NC(=O)c2cc(F)c3nc(C4CCOCC4)cn3c2)C(=O)N1,Noncovalent,0.0
O=C1CCC(c2ccccc2)C(=O)N1,non-covalent,0.0
C=CS(=O)(=O)N1CCc2ccc(OC)cc21,Covalent,1.0
CONC(=O)c1cn(-c2ccc3c(c2)C(=O)N(C2CCC(=O)NC2=O)C3)nn1,Noncovalent,0.0
C=CC(=O)Nc1cnn(C(C)(C)C)c1C,Covalent,1.0
O=C1CCC(NC(=O)c2ccc3nc(-c4ccccc4)oc3c2)C(=O)N1,Noncovalent,0.0
COCOc1ccc2ccccc2c1B(O)O,Covalent,1.0
O=C1CCC(N2Cc3c(cccc3-c3ccsc3Cl)C2=O)C(=O)N1,Noncovalent,0.0
O=C1CCC(NC(=O)c2cccc3c2COC3)C(=O)N1,Noncovalent,0.0
C=CC(=O)NC1(c2noc(CC)n2)CCCC1,Covalent,1.0
Cc1cc(C#N)cc(C)c1CC(=O)Nc1cccc(C2CC(=O)NC(=O)C2)c1,Noncovalent,0.0
O=C1CCC(Nc2ccc(NC(=O)C3CCCC4(CCCCC4)O3)cc2)C(=O)N1,Noncovalent,0.0
C=CC(=O)N1CCC(c2cnn(CC)c2)CC1,Covalent,1.0
CC1(C)OC1COc1ccccc1,Covalent,1.0
Cn1c(=O)n(C2CCC(=O)NC2=O)c2cc(Br)ccc21,Noncovalent,0.0
Nc1cc(C(F)(F)F)cc2c1CN(C1CCC(=O)NC1=O)C2=O,non-covalent,0.0
CO/N=C(\Cc1ccc(C)c(Cl)c1)C(=O)NCc1ccc2c(c1)CN(C1CCC(=O)NC1=O)C2=O,non-covalent,0.0
N#CC1(c2cccc(B(O)O)c2)CC1,Covalent,1.0
C=CC(=O)NC1(C2CCSCC2)CC1,Covalent,1.0
COCC(N)(C(=O)Nc1cccc(C2CCC(=O)NC2=O)c1)c1ccccc1,Noncovalent,0.0
O=C1CCC(n2cc(COc3ccccc3)nn2)C(=O)N1,Noncovalent,0.0
C=CC(=O)N1CCC(C)(OCC)CC1,Covalent,1.0
CC1(C#CC(=O)NCc2ncc(C(=O)NC3CCC(=O)NC3=O)cn2)CCCO1,Noncovalent,0.0
Cc1oc2nc(Cl)ccc2c1C(=O)NC1CCC(=O)NC1=O,Noncovalent,0.0
CN(c1ccnc2c(C#N)cnn12)C1CCC(=O)NC1=O,Noncovalent,0.0
C=CC(=O)Nc1cnn(C(C)C)c1C1CC1,Covalent,1.0
CC(C)N(C(=O)CCl)c1ccc(Cl)cc1,Covalent,1.0
C=CC(=O)N1CC(O)(C(F)(F)C(=O)NC)C1,Covalent,1.0
Cc1cc(C(=O)Nc2cccc(C3CCC(=O)NC3=O)c2)n2ncc(C#N)c2n1,Noncovalent,0.0
CN(C)c1ccc2cc(CNc3ccc4c(c3)CN(C3CCC(=O)NC3=O)C4=O)ccc2c1,non-covalent,0.0
CC(C)(NC(=O)CCl)C(O)c1ccccc1,Covalent,1.0
Cc1cc(C)nc(S(=O)(=O)F)n1,Covalent,1.0
Cc1cc(Cl)cc(B(O)O)c1,Covalent,1.0
C=CC(=O)N[C@@H]1CCOC[C@H]1O,Covalent,1.0
CN1[C@@H]2CC[C@H]1C[C@H](CNC(=O)C(F)Cl)C2,Covalent,1.0
C=CC(=O)NCCN1CC(C)(C)c2ccccc21,Covalent,1.0
C=CC(=O)NC(C)c1cc(F)c(F)c(F)c1,Covalent,1.0
COC(=O)c1ncn(C2CCC(=O)NC2=O)c1N,Noncovalent,0.0
O=C1CCC(NC(=O)c2nc3c(cc2Cl)OCCO3)C(=O)N1,Noncovalent,0.0
Cc1cc(CC(=O)NCc2ccoc2C(=O)NC2CCC(=O)NC2=O)nn1C,Noncovalent,0.0
O=C1CCC(N2Cc3cc(NCc4ccc5oc6ccccc6c5c4)ccc3C2=O)C(=O)N1,non-covalent,0.0
C=CC(=O)N(Cc1ccnn1CC1CCC1)c1ccc2c(c1)C(=O)NC2,Covalent,1.0
C#CC(=O)N(C)Cc1nccn1C(F)F,Covalent,1.0
CC(CNC(=O)c1ccc2c(c1)C(=O)N(C1CCC(=O)NC1=O)C2)C(=O)O,Noncovalent,0.0
c1cnc2ccc(OCC3CO3)cc2c1,Covalent,1.0
CCc1ccccc1C(=O)Nc1cccc2c1CN(C1CCC(=O)NC1=O)C2=O,Noncovalent,0.0
O=C1CCC(c2cccc(NC(=O)CCc3cnc4n3CCCCC4)c2)C(=O)N1,Noncovalent,0.0
CN1Cc2cc3c(cc2C1)C(=O)N(C1CCC(=O)NC1=O)C3=O,non-covalent,0.0
C=CS(=O)(=O)NCc1ccc(C)nc1OC,Covalent,1.0
O=C1CCC(c2ccc(NC(=O)C3CNCc4ccc(Cl)cc43)cc2)C(=O)N1,Noncovalent,0.0
O=C1CC(c2ccccc2)CC(=O)N1,Noncovalent,0.0
CC#CC(=O)NCCS(=O)(=O)N1CCCC1,Covalent,1.0
C=CCn1cc(NC(=O)C#CC)cn1,Covalent,1.0
COCc1cn(-c2cccc(N3CCC(=O)NC3=O)c2C)nn1,Noncovalent,0.0
Cc1nc(-c2cc(Cl)ccc2Cl)sc1C(=O)NC1CCC(=O)NC1=O,Noncovalent,0.0
Cn1ncc(Cl)c1-c1cc(C(=O)N[C@@H]2CCC(=O)NC2=O)on1,Noncovalent,0.0
O=C1CCC(N2Cc3c(Nc4ccnc(-c5cc6ccccc6o5)n4)cccc3C2=O)C(=O)N1,non-covalent,0.0
C=CS(=O)(=O)NCc1ccc(F)nc1C,Covalent,1.0
O=C1CCC(NC(=O)c2nc(-c3cccs3)n(-c3ccc(F)cc3)n2)C(=O)N1,Noncovalent,0.0
CCCn1ccnc1S(=O)(=O)F,Covalent,1.0
C=CC(=O)NC1(C)Cc2ccccc2C1,Covalent,1.0
C=CC(=O)NCCC1CCCS1(=O)=O,Covalent,1.0
O=C1CCC(NC(=O)c2cncc(-n3ccnc3)n2)C(=O)N1,Noncovalent,0.0
C=C(C)[C@@H]1CC=C(CNC(=O)C#CC)CC1,Covalent,1.0
O=S(=O)(F)c1cc2c(s1)CCNC2,Covalent,1.0
Cc1nc2c(C)cccc2cc1C(=O)N/N=C/c1cccnc1,non-covalent,0.0
O=C1CCC(N2Cc3cc(-c4cnn5cccnc45)ccc3C2=O)C(=O)N1,Noncovalent,0.0
Cn1cc(CN(C#N)c2ccccc2)cn1,Covalent,1.0
C=CC(=O)N(C)CC1OCCc2sccc21,Covalent,1.0
C=CC(=O)NC1C2Cc3cc(F)ccc3C21,Covalent,1.0
COc1cnc(CCS(=O)(=O)F)cn1,Covalent,1.0
CCOc1cccc(-c2ccc3c(c2)CN(C2CCC(=O)NC2=O)C3=O)n1,Noncovalent,0.0
C=CC(=O)NCc1csc2ccccc12,Covalent,1.0
COc1ccc(C=C(C#N)C(N)=O)c(OC)c1,Covalent,1.0
O=C1NCc2ccc(OS(=O)(=O)F)cc21,Covalent,1.0
C=CS(=O)(=O)NCc1ccc(CO)c(F)c1,Covalent,1.0
O=C1CN(C(=O)Nc2ccc3c(c2)CN(C2CCC(=O)NC2=O)C3=O)CN1,Noncovalent,0.0
C=CC(=O)N1CCCCC1c1ccccc1,Covalent,1.0
O=C1CCC(c2ccc(Nc3nc4ccsc4c(=O)[nH]3)cc2)C(=O)N1,Noncovalent,0.0
O=S(=O)(F)c1ccc2cnccc2c1,Covalent,1.0
CCCNC(=O)C(C#N)=Cc1cnnn1CC,Covalent,1.0
COc1ccc(B(O)O)cc1OC,Covalent,1.0
O=C(O)CNc1cccc2c1CN(C1CCC(=O)NC1=O)C2=O,Noncovalent,0.0
O=C1CCC(N2Cc3cc(C(=O)NC4(C(=O)O)CC4)ccc3C2=O)C(=O)N1,Noncovalent,0.0
Cc1cc(Br)c2oc(C(=O)NC3CCC(=O)NC3=O)cc2c1,Noncovalent,0.0
C=CC(=O)NC(c1ccc(F)c(C#N)c1)C(C)C,Covalent,1.0
O=C1CCC(N2Cc3ccc(-c4ccc5ncsc5c4)cc3C2=O)C(=O)N1,Noncovalent,0.0
C=CC(=O)N(Cc1cnn(C2CC2(F)F)c1)c1ccc2c(c1)C(=O)NC2,Covalent,1.0
C=CC(=O)NC1CC1(F)c1ccccc1,Covalent,1.0
CN(Cc1ccccc1F)C1=CC(=O)N(C2CCC(=O)NC2=O)C1=O,Covalent,1.0
CN1CC(NC(=O)C(F)Cl)CCC1=O,Covalent,1.0
O=C1CCC(N2Cc3ccc(C(=O)N[C@H]4CCCCNC4)cc3C2=O)C(=O)N1,Noncovalent,0.0
COc1ccc(OC)c(-c2cc(C(=O)NC3CCC(=O)NC3=O)[nH]n2)c1,Noncovalent,0.0
N#CC1(c2ccccn2)CCC(Nc2ccc(C3CC(=O)NC(=O)C3)cc2)CC1,Noncovalent,0.0
O=C1CCC(Nc2ccc(NC(=O)CC(C(F)F)n3ccnc3)cc2)C(=O)N1,Noncovalent,0.0
O=C1CC(c2ccc(NC(=O)Nc3ccc4c(=O)[nH]ccc4c3)cc2)CC(=O)N1,Noncovalent,0.0
CCOC(=O)C(C#N)=Cc1ccncc1,Covalent,1.0
C=CC(=O)N(C)C1CCC(NC(C)=O)CC1,Covalent,1.0
CC(CF)NC(=O)c1ccc2c(c1)CN(C1CCC(=O)NC1=O)C2=O,Noncovalent,0.0
C=CC(=O)N1CCOC(C)(C#N)C1,Covalent,1.0
O=C1CCC(NC(=O)c2cccc3c2C(=O)N(C2CCC(=O)NC2=O)C3)C(=O)N1,Noncovalent,0.0
CC1CNc2nc(C(=O)NC3CCC(=O)NC3=O)nn2C1,Noncovalent,0.0
O=C(Nc1ccc2c(c1)C(=O)N(C1CCCNC1=O)C2=O)C(F)Cl,Covalent,1.0
CCCC1(C)C(=O)NCCN1C(=O)CCl,Covalent,1.0
O=C1CCC(NC(=O)c2csc(S(=O)(=O)N3CCCC3)c2)C(=O)N1,Noncovalent,0.0
O=C1CCC(N2Cc3cc(NC(=O)c4cc5ncccn5n4)ccc3C2=O)C(=O)N1,non-covalent,0.0
COC(=O)c1cccn1Cc1cn(C2CCC(=O)NC2=O)nn1,Noncovalent,0.0
O=C1CCC(N2Cc3cc(NCc4ccc5ccccc5n4)ccc3C2=O)C(=O)N1,non-covalent,0.0
O=C1CCC(NC(=O)c2cc(C(F)(F)F)cnc2N2CCOCC2)C(=O)N1,Noncovalent,0.0
O=C1CCC(NC(=O)c2csc(C3CCCCC3)n2)C(=O)N1,Noncovalent,0.0
O=C1CCC(NC(=O)c2cccc(NC(=O)c3ccc4[nH]cnc4c3)c2)C(=O)N1,Noncovalent,0.0
C[C@H]1COc2c(F)c(F)cc3c(=O)c(C(=O)NC4CCC(=O)NC4=O)cn1c23,Noncovalent,0.0
Cc1nc(N(C)C2CCC(=O)NC2=O)c2scc(C)c2n1,Noncovalent,0.0
O=C(Nc1cnn(-c2ncccn2)c1)C12CC1C2,Covalent,1.0
CC[C@@H](C)NC(=O)c1ccc2c(c1)C(=O)N(C1CCC(=O)NC1=O)C2=O,Noncovalent,0.0
N#CC(=Cc1ccccc1OC(F)F)C(=O)O,Covalent,1.0
CC1(C)C[C@@H]1C(=O)Nc1cccc2c1C(=O)N(C1CCC(=O)NC1=O)C2,Noncovalent,0.0
O=S(=O)(F)c1cc2c(o1)CCCC2,Covalent,1.0
CC1CN(Cc2ccc(C(=O)NC3CCC(=O)NC3=O)cc2)CC(C)O1,Noncovalent,0.0
O=C1CCC(N2Cc3cc(-c4cc(CN5CCCC5)c5[nH]ncc5n4)ccc3C2=O)C(=O)N1,non-covalent,0.0
Cn1cc(-c2ccc3c(c2)C(=O)N(C2CCC(=O)NC2=O)C3)ccc1=O,Noncovalent,0.0
O=C(CCl)NCc1cc2ccccc2[nH]1,Covalent,1.0
CN1CCc2cc(OS(=O)(=O)F)ccc21,Covalent,1.0
CC(NC(=O)Nc1cccc(C(C)(C)C)c1)c1ccc2nnn(C3CCC(=O)NC3=O)c(=O)c2c1,non-covalent,0.0
Cc1cc(S(=O)(=O)F)ccc1-n1cnnn1,Covalent,1.0
O=C(CCl)N1CCCC1c1ccc(F)cc1,Covalent,1.0
CC1(C)Cc2ccc(C(=O)NC3CCC(=O)NC3=O)c(O)c2O1,Noncovalent,0.0
COc1nc(C)cc2ccc(C(=O)NC3CCC(=O)NC3=O)cc12,Noncovalent,0.0
C=CS(=O)(=O)NC1CC(=O)N(C2CC2)C1,Covalent,1.0
O=Cc1cccc2c1C(=O)N(C1CCC(=O)NC1=O)C2=O,Noncovalent,0.0
CC(=O)Nc1cnc(Cl)cc1C(=O)NC1CCC(=O)NC1=O,Noncovalent,0.0
O=C1CCC(N2C(=O)c3ccc(N4CCCCC4)cc3C2=O)C(=O)N1,non-covalent,0.0
Cc1nc(CN(C#N)c2ccc(F)cc2)no1,Covalent,1.0
Cc1noc(C)c1C(C)CNC(=O)CCl,Covalent,1.0
CCC1(c2ccc(NC(=O)C3(C(=O)O)CC4(CCC4)C3)cc2)CCC(=O)NC1=O,Noncovalent,0.0
CCOc1ccc2oc(C(=O)N[C@@H]3CCC(=O)NC3=O)cc2c1,Noncovalent,0.0
CC#CC(=O)NCc1ccc2c(c1)C(=O)NCC2,Covalent,1.0
COc1ccc(Oc2ccc(C(=O)Nc3ccc4c(c3)CN(C3CCC(=O)NC3=O)C4=O)cc2)cc1,non-covalent,0.0
O=C1CCC(NC(=O)c2ccc(-c3ccccc3OC(F)(F)F)o2)C(=O)N1,Noncovalent,0.0
O=C1CCC(NC(=O)c2scnc2C(F)(F)F)C(=O)N1,Noncovalent,0.0
C=CC(=O)NC1CCOC(c2cnn(C)c2)C1,Covalent,1.0
O=C1CCC(c2ccc(NC(=O)[C@H]3CC[C@H](c4ncn[nH]4)CC3)cc2)C(=O)N1,Noncovalent,0.0
COc1ccc(N2CCN(CC3CO3)CC2)cc1,Covalent,1.0
Cc1cc(C(=O)NC2CCC(=O)NC2=O)c2nccn2c1,Noncovalent,0.0
C=CS(=O)(=O)NCc1ccn(CC)n1,Covalent,1.0
Cn1nnc2c1NCCC2C(=O)Nc1cccc(C2CCC(=O)NC2=O)c1,Noncovalent,0.0
CC#CC(=O)NC(C1CC1)C1CCCOC1,Covalent,1.0
COC(=O)c1cc(OCC2CO2)ccc1C,Covalent,1.0
C=CC(=O)N[C@@H]1C[C@@H]2[C@H](C1)C2(C)C,Covalent,1.0
CC(NC(=O)C1CO1)c1cccc2ccccc12,Covalent,1.0
O=C1CCC(c2cccc(NC(=O)CN3CCc4ccccc4C3=O)c2)C(=O)N1,Noncovalent,0.0
O=C(NCCNc1cnccn1)C12CC1C2,Covalent,1.0
C=CS(=O)(=O)NC1CCC12CCOCC2,Covalent,1.0
O=C(O)CCc1ccc2c(c1)CN(C1CCC(=O)NC1=O)C2=O,Noncovalent,0.0
C=CC(=O)NC1(CO)CCCCCCC1,Covalent,1.0
CC(Cl)C(=O)N1CC2C(C1)C2(C)C,Covalent,1.0
CN(C1=CC(=O)N(C2CCC(=O)NC2=O)C1=O)c1ccc(F)c(F)c1,Covalent,1.0
O=C1CCC(N2Cc3c(cccc3-c3ccncc3)C2=O)C(=O)N1,non-covalent,0.0
Cc1cc(-c2ccc3c(c2)CN(C2CCC(=O)NC2=O)C3=O)cc2cc[nH]c12,Noncovalent,0.0
O=S(=O)(F)c1nc2ccccc2s1,Covalent,1.0
Cc1cc(C(=O)NC2CCC(=O)NC2=O)nn1C1CCCCC1,Noncovalent,0.0
Cn1cnc2cc(OS(=O)(=O)F)ccc21,Covalent,1.0
OB(O)c1ccc(CN2CCOCC2)cc1,Covalent,1.0
C=CC(=O)NC1CCCC2CCCCC21,Covalent,1.0
C=CS(=O)(=O)NC(C)C12CC(CO1)C2,Covalent,1.0
C=CC(=O)Nc1ccccc1N1CC2CCC1C2,Covalent,1.0
CC#CC(=O)NC1C(=O)NCC1(CC)CC,Covalent,1.0
O=S(=O)(F)c1cnn(C2CCOCC2)c1,Covalent,1.0
CC(C)c1cc(C(=O)NC2CCC(=O)NC2=O)c2ccccc2n1,Noncovalent,0.0
CC(Cl)C(=O)NC(C)c1ccns1,Covalent,1.0
Cc1noc(C2(NC(=O)CCl)CC2)n1,Covalent,1.0
COC1COCCC1NC(=O)CCl,Covalent,1.0
C=CS(=O)(=O)NCC1(N(C)C)CC1,Covalent,1.0
O=C1CCC(N2Cc3cc(CNC(=O)C(F)(F)c4ccc(Cl)cc4)ccc3C2=O)C(=O)N1,non-covalent,0.0
N#CC1(NC(=O)Cc2cc(=O)[nH]c(=O)[nH]2)CCCCC1,Covalent,1.0
CCC1CCCN(C(=O)Nc2ccc(C3(CC)CCC(=O)NC3=O)cc2)C1,Noncovalent,0.0
C=CC(=O)N1CCN(CC)C(=O)C1CC,Covalent,1.0
O=C1CCC(N2C(=O)c3ccc(NCc4ccc5ccccc5c4)cc3C2=O)C(=O)N1,non-covalent,0.0
O=C1CCC(NC(=O)c2cc(-c3ccc4c(c3)OCO4)n[nH]2)C(=O)N1,Noncovalent,0.0
O=C1CCC(c2ccc(OS(=O)(=O)F)cc2)C(=O)N1,non-covalent,0.0
Cn1cc(C(=O)NC2CCC(=O)NC2=O)nn1,Noncovalent,0.0
Cc1cc(NC(=O)CCl)on1,Covalent,1.0
C=CC(=O)Nc1cc(F)cc(OC(C)C)c1,Covalent,1.0
O=C1CCC(NC(=O)c2occc2CNC(=O)c2cccc3cncn23)C(=O)N1,Noncovalent,0.0
O=C1CCC(NS(=O)(=O)c2ccc(F)cc2)C(=O)N1,Noncovalent,0.0
CCCn1ccc(-c2ccc3c(c2)CN(C2CCC(=O)NC2=O)C3=O)n1,Noncovalent,0.0
Cc1sncc1C(=O)N[C@@H]1CCC(=O)NC1=O,Noncovalent,0.0
C[C@@H]1O[C@H]1C(=O)N[C@@H]1COC[C@H]1O,Covalent,1.0
C=CC(=O)NCc1cn(C)nc1-c1ccccn1,Covalent,1.0
CN(CC(=O)O)C(=O)COc1cccc2c1CN(C1CCC(=O)NC1=O)C2=O,Noncovalent,0.0
NS(=O)(=O)c1cc(F)c(Cl)c(C(=O)NC2CCC(=O)NC2=O)c1,Noncovalent,0.0
Cc1nonc1CNC(=O)CCl,Covalent,1.0
C=CC(=O)NCc1nc(-c2ccncc2)cs1,Covalent,1.0
Cc1ccc(C=C(C#N)C(=O)NC(C)C)s1,Covalent,1.0
C=CS(=O)(=O)NC(C)c1cnn(CC)c1,Covalent,1.0
O=S(=O)(F)CC1CCC(F)(F)CO1,Covalent,1.0
C=CC(=O)N1CCS(=O)(=O)CC(C)C1,Covalent,1.0
CN(C)C(=O)CC1(NC(=O)CCl)COC1,Covalent,1.0
O=C1CCC(c2cccc(NC(=O)c3nnc(-c4ccccn4)s3)c2)C(=O)N1,Noncovalent,0.0
Cc1ccsc1CNC(=O)CCl,Covalent,1.0
Cc1c[nH]c2ncnc(C(=O)NC3CCC(=O)NC3=O)c12,Noncovalent,0.0
CC(C)(C)c1cccc(Oc2cccc3c2C(=O)N(C2CCC(=O)NC2=O)C3=O)c1,non-covalent,0.0
O=C(CCl)Nc1nc2c(s1)CCCC2,Covalent,1.0
Cc1ccc(NC(=O)NC(C)c2ccc3nnn(C4CCC(=O)NC4=O)c(=O)c3c2)cc1Cl,non-covalent,0.0
C=C1CCN(C(=O)CCl)C2(CC2)C1,Covalent,1.0
O=C1CN(C(=O)CCl)CCN1,Covalent,1.0
COc1cc(C(=O)NC2CCC(=O)NC2=O)cc(OC)c1OC,Noncovalent,0.0
Cc1oc2ncn(C)c(=O)c2c1C(=O)Nc1ccc(C2CCC(=O)NC2=O)cc1,Noncovalent,0.0
CC1CCCc2c(C(=O)NC3CCC(=O)NC3=O)cnn21,Noncovalent,0.0
NCCc1cccc(-c2cccc3c2CN(C2CCC(=O)NC2=O)C3=O)c1,Noncovalent,0.0
C=CC(=O)N1CCC(c2ccccc2)OC(C)C1,Covalent,1.0
Cc1cccc(C(=O)Nc2cccc(C3CC(=O)NC(=O)C3)c2)c1C,Noncovalent,0.0
Cc1ccc2nc3c(c(C(=O)NC4CCC(=O)NC4=O)c2c1)CCCC3,Noncovalent,0.0
O=C1CCC(NC(=O)c2cnc(-c3cccnc3)s2)C(=O)N1,Noncovalent,0.0
O=C(NCc1nnc2cccnn12)C(F)Cl,Covalent,1.0
C=CC(=O)Nc1cc(C)ccc1OC,Covalent,1.0
O=C1CCC(N2Cc3cc(-c4nc5ccccn5c4Cl)ccc3C2=O)C(=O)N1,non-covalent,0.0
NC1CCN(C(=O)c2cnc(-c3ccc4c(c3)C(=O)NC4)cn2)CC1,Noncovalent,0.0
O=C1CCC(N2Cc3c(Nc4ccnc(Nc5ccc6c(c5)CCC6)n4)cccc3C2=O)C(=O)N1,non-covalent,0.0
NCc1cccc(C(=O)NC2CCC(=O)NC2=O)c1,Noncovalent,0.0
CC#CC(=O)NCc1cn[nH]c1C(F)F,Covalent,1.0
O=C1CCC(N2Cc3c(cccc3-c3ccc4nccnc4c3)C2=O)C(=O)N1,Noncovalent,0.0
Cc1nc(-c2cnn(C)c2)sc1C(=O)NC1CCC(=O)NC1=O,Noncovalent,0.0
O=C1CCC(NC(=O)c2csc(-c3ccccc3)n2)C(=O)N1,Noncovalent,0.0
COc1nccnc1CNc1ccc2c(c1)CN(C1CCC(=O)NC1=O)C2=O,Noncovalent,0.0
O=C1CCC(N2C(=O)c3cc(Br)cnc3C2=O)C(=O)N1,Noncovalent,0.0
COc1cccc(CN(C)C(=O)C(C)Cl)n1,Covalent,1.0
O=C1CCC(NC(=O)c2nc3nc(C(F)(F)F)ccn3n2)C(=O)N1,Noncovalent,0.0
CC#CC(=O)NCC1OCc2ccccc21,Covalent,1.0
O=C1CCC(N2C(=O)c3cc(F)c(Br)cc3C2=O)C(=O)N1,Noncovalent,0.0
COCc1cn(-c2ccc3c(c2)CN(C2CCC(=O)NC2=O)C3=O)nn1,Noncovalent,0.0
C=CC(=O)Nc1ccc2c(c1)NC(=O)CO2,Covalent,1.0
Cc1nn(C)c2ncc(-c3ccc4c(c3)CN(C3CCC(=O)NC3=O)C4=O)cc12,Noncovalent,0.0
Cc1sc(CC(F)(F)F)nc1C(=O)NC1CCC(=O)NC1=O,Noncovalent,0.0
CC(Cl)C(=O)N(C)Cc1noc(C2CC2)n1,Covalent,1.0
O=C1CCC(NC(=O)c2cncc3ccsc23)C(=O)N1,Noncovalent,0.0
O=C1CCC(NC(=O)c2nc(Br)sc2C2CC2)C(=O)N1,Noncovalent,0.0
Nc1ccc(C(=O)NC2CCC(=O)NC2=O)c(O)c1,non-covalent,0.0
O=C1CCC(c2ccc(NC(=O)C34CC(CO)(CN3)C4)cc2)C(=O)N1,Noncovalent,0.0
O=C1CCC(NC(=O)c2csc3nc[nH]c(=O)c23)C(=O)N1,Noncovalent,0.0
C=CS(=O)(=O)NC1(C)CCC2(CC2)CC1,Covalent,1.0
O=C1CCC(c2ccc(NC(=O)C3Cc4c(ccc(F)c4F)CN3)cc2)C(=O)N1,Noncovalent,0.0
O=C1CCC(c2ccc(Nc3ncnc4c3ccc3ccccc34)cc2)C(=O)N1,Noncovalent,0.0
O=C1CCC(NC(=O)c2cc(CNC(=O)c3ccc4c(c3)CCC4)n[nH]2)C(=O)N1,Noncovalent,0.0
C=CC(=O)Nc1ccc2c(c1)C(=O)N(C1CCC(=O)NC1=O)C2,Covalent,1.0
O=C1CCC(c2cccc(NC(=O)c3c(O)nc(=O)n4c3CCC4)c2)C(=O)N1,Noncovalent,0.0
Cn1ncc2ncc(B(O)O)cc21,Covalent,1.0
NCCCN1CCN(c2ccc3c(c2)C(=O)N(C2CCC(=O)NC2=O)C3=O)CC1,Noncovalent,0.0
CC(Cl)C(=O)NC(C)(C)c1nccs1,Covalent,1.0
C=CC(=O)NCC1CCC2COCCC2C1,Covalent,1.0
C=CS(=O)(=O)NCc1ccc(F)nc1F,Covalent,1.0
Cc1cc(C#N)ncc1B(O)O,Covalent,1.0
O=C(O)c1cc(B(O)O)ccc1F,Covalent,1.0
Cc1ccc(-n2cc(C(=O)NC3CCC(=O)NC3=O)c(C(C)(C)C)n2)cc1,Noncovalent,0.0
Cn1cc(C(O)C(=O)NCc2cc(C(=O)NC3CCC(=O)NC3=O)on2)cn1,Noncovalent,0.0
O=C1CCC(N2Cc3c(cccc3-c3ccc(C4CC4)cc3)C2=O)C(=O)N1,Noncovalent,0.0
COC(C)(C)c1cn(-c2ccc3c(c2)CN(C2CCC(=O)NC2=O)C3=O)nn1,Noncovalent,0.0
CC#CC(=O)NC1CCc2ncc(Cl)n2C1,Covalent,1.0
O=C1CCC(Nc2ncnc3ccoc23)C(=O)N1,Noncovalent,0.0
CCC1(N2C(=O)c3cc(N(C)C)nc(C)c3C2=O)CCC(=O)NC1=O,Noncovalent,0.0
CN(CCOc1ccccc1F)C(=O)CCl,Covalent,1.0
N#CC(=Cc1ccccc1Cl)C(N)=O,Covalent,1.0
Cc1ccc(NC(=O)N(C)Cc2ccc3c(c2)CN(C2CCC(=O)NC2=O)C3=O)cc1Cl,non-covalent,0.0
O=C1NCCc2cc(OS(=O)(=O)F)ccc21,Covalent,1.0
C=CC(=O)NC(c1nnc2ccccn12)C(C)C,Covalent,1.0
C=CC(=O)NC[C@@H]1C[C@H]1c1ccccc1,Covalent,1.0
CN(C)c1ncccc1C(=O)NC1CCC(=O)NC1=O,Noncovalent,0.0
N#CC(=Cc1cccc(-c2ccncc2)c1)C(N)=O,Covalent,1.0
Cc1nc2c(OCC3CO3)cccc2o1,Covalent,1.0
O=C1CCC(NC(=O)c2cc(Cl)nc(Oc3ccc(Cl)cc3)c2)C(=O)N1,Noncovalent,0.0
CC[C@H](NC(=O)c1ccc2c(c1)CN(C1CCC(=O)NC1=O)C2=O)C(=O)O,Noncovalent,0.0
O=C1CCC(NC(=O)c2ccc(F)c3[nH]ccc23)C(=O)N1,Noncovalent,0.0
O=C1CCC(N2Cc3cc(NC(=O)c4ccc5cc(O)ccc5c4)ccc3C2=O)C(=O)N1,non-covalent,0.0
O=C(CCl)N1CCN(c2ncccn2)CC1,Covalent,1.0
O=C1CCC(c2cccc(NC(=O)C3NCCc4c3ccc(F)c4F)c2)C(=O)N1,Noncovalent,0.0
O=S(=O)(F)Oc1ccc2c(c1)CCCCN2,Covalent,1.0
O=C1CCC(N2C(=O)c3cccc(-c4cc5ccccc5s4)c3C2=O)C(=O)N1,non-covalent,0.0
O=C1CCC(N2Cc3cc(-c4cc(O)c(F)cn4)ccc3C2=O)C(=O)N1,Noncovalent,0.0
CC#CC(=O)N1CCn2nc(C)cc2C1,Covalent,1.0
CC(C)c1nn(C(C)(C)C)c(O)c1C=O,Covalent,1.0
C=CC(=O)NCc1nccc2c1CCCC2,Covalent,1.0
O=C1CCC(N2Cc3ccc(C(=O)NC45CC(C4)C5)cc3C2=O)C(=O)N1,Noncovalent,0.0
CC1(C)CN(C(=O)CCl)[C@H]2COC[C@H]21,Covalent,1.0
C=CC(=O)NCc1ncc(C)o1,Covalent,1.0
O=C1CCC(NC(=O)c2cc3cc(Cl)cnc3o2)C(=O)N1,Noncovalent,0.0
Cc1cc(Nc2cccc(C3CCC(=O)NC3=O)c2)nc(-c2cccc(F)c2)n1,Noncovalent,0.0
C=CC(=O)NCC1CCCN1S(=O)(=O)CC,Covalent,1.0
O=C1CCC(NS(=O)(=O)c2cscc2C(F)F)C(=O)N1,Noncovalent,0.0
O=C1CCC(N2Cc3cc(CNC(=O)C4=Cc5cccc(F)c5OC4)ccc3C2=O)C(=O)N1,non-covalent,0.0
Cc1c(C(=O)NC2CCC(=O)NC2=O)sc2nc3n(c(=O)c12)CCCCC3,Noncovalent,0.0
CN(C)c1ccccc1-c1ccc2c(c1)CN(C1CCC(=O)NC1=O)C2=O,Noncovalent,0.0
CC#CC(=O)Nc1ccc2c(c1)NC(=O)CCC2,Covalent,1.0
CC(C)n1nccc1NC(=O)CCl,Covalent,1.0
O=C1CCC(NC(=O)c2ccc(S(=O)(=O)N3CCCC3)cc2)C(=O)N1,Noncovalent,0.0
c1cc2c(cc1COCC1CO1)OCO2,Covalent,1.0
OB(O)c1ccc(C(F)(F)F)o1,Covalent,1.0
C=CC(=O)N1CCCN(C(=O)CC(C)C)CC1,Covalent,1.0
O=C1CCC(NC(=O)c2csc(C(F)(F)C(F)(F)F)c2)C(=O)N1,Noncovalent,0.0
Nc1ccc(C(=O)NC2CCC(=O)NC2=O)c(Cl)c1,non-covalent,0.0
COc1cccc2c1CN(C(=O)C(C)Cl)C2,Covalent,1.0
O=C(CCl)NCCC1(O)CCCOC1,Covalent,1.0
O=C(CCl)N1CCCC2CCCCC21,Covalent,1.0
CN1Cc2cc3c(cc2C1)C(=O)N(C1CCC(=O)NC1=O)C3,non-covalent,0.0
C[C@@H]1CN(C(=O)c2ccc3c(c2)C(=O)N(C2CCC(=O)NC2=O)C3)C[C@H]1C(=O)O,Noncovalent,0.0
O=C1CCC(N2C(=O)c3cccc(N4CCCCC4)c3C2=O)C(=O)N1,non-covalent,0.0
COc1cccc([C@@H]2C[C@H]2NC(=O)C2CO2)c1,Covalent,1.0
C=CC(=O)NC1(c2cccc(C)c2)CCC1,Covalent,1.0
CCC(Cc1cn(C2CCC(=O)NC2=O)nn1)C(=O)OC,Noncovalent,0.0
CC(=O)c1ccc(C2N=C(Nc3cccc4c3CN(C3CCC(=O)NC3=O)C4=O)C=CN2)cc1,non-covalent,0.0
O=C1CC[C@H](NC(=O)c2sccc2-c2ccccc2)C(=O)N1,Noncovalent,0.0
C=CC(=O)NCc1cc2c(s1)CCSC2,Covalent,1.0
CC(C)(C)OC(=O)COc1cccc(-c2cccc3c2CN(C2CCC(=O)NC2=O)C3=O)c1,non-covalent,0.0
CNC(=O)C(C#N)=Cc1ccc(F)cc1,Covalent,1.0
O=C1CCC(Sc2nc(-c3ccccc3)cs2)C(=O)N1,Noncovalent,0.0
CC(C)c1ncc(OCc2ccccc2)c(C(=O)NC2CCC(=O)NC2=O)n1,Noncovalent,0.0
CC(C(=O)Nc1cccc2c1C(=O)N(C1CCC(=O)NC1=O)C2)C1CCC1,Noncovalent,0.0
C=CC(=O)Nc1cn(C)nc1C1CC1,Covalent,1.0
C=CS(=O)(=O)N(C)[C@H](C)c1ccccc1C,Covalent,1.0
O=C1CCC(N2Cc3cc(NCc4cc5ccccc5o4)ccc3C2=O)C(=O)N1,non-covalent,0.0
C=CC(=O)N[C@H]1CCCC[C@H]1c1ccnn1C,Covalent,1.0
O=C1CCC(N2C(=O)c3cc(Cl)c(Cl)cc3C2=O)C(=O)N1,Noncovalent,0.0
C=CC(=O)N(C)C1CCCC1SC,Covalent,1.0
O=C1CCC(Nc2cccc(NC(=O)CN3CCNCC3)c2)C(=O)N1,Noncovalent,0.0
Cc1nc(C(=O)NC2CCC(=O)NC2=O)cs1,Noncovalent,0.0
CC#CC(=O)NCC1CCC(C(=O)N(C)C)O1,Covalent,1.0
CCN(Cc1nccs1)C(=O)C(C)Cl,Covalent,1.0
O=C(CCl)N1CCc2cc(F)cc(F)c21,Covalent,1.0
O=S(=O)(F)CCC1CCOCC1,Covalent,1.0
O=C1CCC(N2Cc3cc(-c4cccc5c6c([nH]c45)CCC6)ccc3C2=O)C(=O)N1,Noncovalent,0.0
COCCn1c(C)c(C)c2cc(C(=O)NC3CCC(=O)NC3=O)ccc21,Noncovalent,0.0
Cc1cccnc1S(=O)(=O)F,Covalent,1.0
Cc1ccc(-n2nc(Br)cc2C(=O)NC2CCC(=O)NC2=O)cc1,Noncovalent,0.0
O=C1CCC(N2Cc3cc(-c4ccc(-n5cccn5)cc4)ccc3C2=O)C(=O)N1,Noncovalent,0.0
OB(O)c1coc(C(F)(F)F)c1,Covalent,1.0
Cc1c(C(=O)Nc2ccc3c(c2)CN(C2CCC(=O)NC2=O)C3=O)nc2ccccn12,non-covalent,0.0
C=CC(=O)N1CC(C2CCCC(C)C2)C1,Covalent,1.0
CCN(OC)C(=O)c1ccc2c(c1)CN(C1CCC(=O)NC1=O)C2=O,Noncovalent,0.0
O=C1CCC(N2Cc3ccc(CNC(=O)Nc4nccs4)cc3C2=O)C(=O)N1,Noncovalent,0.0
C=CC(=O)NC1(C)CN(C(=O)COC)C1,Covalent,1.0
C=CC(=O)NC1CC(=O)N(CCC)C1,Covalent,1.0
C=CC(=O)NC(Cc1ccc(F)cc1)C(=O)NCc1ccc2c(c1)CN(C1CCC(=O)NC1=O)C2=O,non-covalent,0.0
CC(C)C(NC(=O)c1ccc2c(c1)C(=O)N(C1CCC(=O)NC1=O)C2=O)C(C)C,Noncovalent,0.0
OB(O)c1cccc(C2CCC2)c1,Covalent,1.0
O=C1CCC(NC(=O)c2ccc(Nc3nccs3)cc2F)C(=O)N1,Noncovalent,0.0
O=C1CCC(N2Cc3cc(OCC(=O)Nc4ccccc4)ccc3C2=O)C(=O)N1,Noncovalent,0.0
Cc1ccc2nonc2c1C(=O)NC1CCC(=O)NC1=O,Noncovalent,0.0
COCC(=O)NCc1ccc2c(c1)C(=O)N(C1CCC(=O)NC1=O)C2,Noncovalent,0.0
C=CC(=O)NC1(CC(=O)O)CCC(F)(F)CC1,Covalent,1.0
NCCOc1ccc2c(c1)C(=O)N(C1CCC(=O)NC1=O)C2=O,Noncovalent,0.0
CC1(C)CCC(Nc2cnccc2C(=O)NC2CCC(=O)NC2=O)C1,Noncovalent,0.0
Cc1nc2c(C)cccc2cc1C(=O)N/N=C/c1cccc(O)c1,non-covalent,0.0
CNC(=O)NCc1ccc2c(c1)C(=O)N(C1CCC(=O)NC1=O)C2,Noncovalent,0.0
COc1ccc(-c2cc3ncnc(NC4CCC(=O)NC4=O)c3s2)cc1,Noncovalent,0.0
C=CC(=O)Nc1cnn2cc(C)cnc12,Covalent,1.0
CC(C)Nc1nc(Nc2ccc(C3CCC(=O)NC3=O)cc2)nc(NC2CC2)n1,Noncovalent,0.0
Cc1nc2c(C)cccc2cc1C(=O)N/N=C/c1ccccc1Cl,non-covalent,0.0
Cc1ccc(NC(=O)NCc2ccc(N3CCC(=O)NC3=O)cc2)cc1Cl,non-covalent,0.0
Cc1nnn(-c2ccc(F)cc2)c1C(=O)NC1CCC(=O)NC1=O,Noncovalent,0.0
C#CCC(NC(=O)CCl)c1ccccc1,Covalent,1.0
Cc1cc(NCCCc2ccc3c(n2)NCCC3)cc(N2CCC(=O)NC2=O)c1,Noncovalent,0.0
CC1(C)CN(C(=O)c2ccc3c(c2)C(=O)N(C2CCC(=O)NC2=O)C3=O)C1(C)C,Noncovalent,0.0
CCOc1cscc1-c1cn(C2CCC(=O)NC2=O)nn1,non-covalent,0.0
C=CC(=O)NCc1cc2c(cc1OC)CC(C)O2,Covalent,1.0
NC(=O)OCc1cn(C2CCC(=O)NC2=O)nn1,Noncovalent,0.0
CC#CC(=O)Nc1ccc(F)c(NC(=O)NC)c1,Covalent,1.0
C=CC(=O)Nc1ccc(C(=O)N(C)C)cc1F,Covalent,1.0
O=C(CCl)N1CCc2ccc([N+](=O)[O-])cc21,Covalent,1.0
Cc1cc2cccc(C(=O)NC3CCC(=O)NC3=O)c2o1,non-covalent,0.0
Cc1c(C(=O)NC2CCC(=O)NC2=O)sc2ncncc12,Noncovalent,0.0
C=CC(=O)Nc1ccc2c(c1)NC(=O)CC2,Covalent,1.0
Cc1ccc(C/C(=N\O)C(=O)NCc2ccc3c(c2)CN(C2CCC(=O)NC2=O)C3=O)cc1Cl,non-covalent,0.0
C=CC(=O)N(C)c1ccccc1C(=O)NC,Covalent,1.0
C=CC(=O)NC1COc2c(F)cc(F)cc2C1,Covalent,1.0
CCC1CN(C(=O)c2ccc3c(c2)C(=O)N(C2CCC(=O)NC2=O)C3)CCO1,Noncovalent,0.0
CC(NC(=O)CCl)C1(S(C)(=O)=O)CC1,Covalent,1.0
CCCC(=O)Nc1cccc2c1CN(C1CCC(=O)NC1=O)C2=O,Noncovalent,0.0
C=CC(=O)N1CCCCc2ccc(OC)cc21,Covalent,1.0
C=CS(=O)(=O)N1CCCC1C1CCCO1,Covalent,1.0
O=C1CCN(Cc2cn(CC3(C(F)(F)F)CCCCC3)nn2)C(=O)N1,Noncovalent,0.0
O=C(CCl)N1CC(CC(F)F)(C2CC2)C1,Covalent,1.0
C[C@H](CC(=O)O)NC(=O)c1cccc2c1CN(C1CCC(=O)NC1=O)C2=O,Noncovalent,0.0
CCN(C#N)CCSc1nnc(O)[nH]1,Covalent,1.0
COc1cccc2c1CN(C1CCC(=O)NC1=O)C2=O,Noncovalent,0.0
COc1cncc(C(=O)NC2CCC(=O)NC2=O)c1C,Noncovalent,0.0
COc1cccc2ncnc(N(C)C3CCC(=O)NC3=O)c12,Noncovalent,0.0
O=C1CCC(N2Cc3c(C(=O)NC4(C(=O)O)CCCC4)cccc3C2=O)C(=O)N1,Noncovalent,0.0
O=C(CCl)N1CC(O)(C(F)F)C1,Covalent,1.0
C=CC(=O)Nc1ccn(C(C)c2ccccc2)n1,Covalent,1.0
O=C1CCC(NC(=O)c2cc(C3CC3)ccn2)C(=O)N1,Noncovalent,0.0
C=CS(=O)(=O)NCc1ccccc1C(C)C,Covalent,1.0
CC#CC(=O)N1CCOCC1CC(N)=O,Covalent,1.0
Cc1ccccc1NC1CCC(=O)NC1=O,Noncovalent,0.0
O=C1CCC(N2Cc3cc(NC(=O)c4ccc5c(c4)OCCO5)ccc3C2=O)C(=O)N1,non-covalent,0.0
CC(Cl)C(=O)NCc1noc2c1CCCC2,Covalent,1.0
O=C1CCC(N2Cc3cc(NC(=O)N4CCOC4=O)ccc3C2=O)C(=O)N1,Noncovalent,0.0
O=C1CC[C@@H](NC(=O)c2ccc3nonc3c2)C(=O)N1,Noncovalent,0.0
O=C1CCC(N2Cc3c(cccc3-c3ccc(OC4CC4)cn3)C2=O)C(=O)N1,Noncovalent,0.0
Cc1nc(C(=O)NC2CCC(=O)NC2=O)c2cc[nH]c2n1,Noncovalent,0.0
CC1=NS(=O)(=O)N(C)C=C1C(=O)Nc1ccc(C2CCC(=O)NC2=O)cc1,Noncovalent,0.0
O=S(=O)(F)Oc1ccc2c(c1)OCCCO2,Covalent,1.0
Cc1nn2c(C(=O)NC3CCC(=O)NC3=O)c(C)nc2s1,Noncovalent,0.0
O=C1CCC(N2Cc3cc(-n4cc(-c5cnsc5)nn4)ccc3C2=O)C(=O)N1,Noncovalent,0.0
CC(C)NC(=O)NCc1ccc2c(c1)C(=O)N(C1CCC(=O)NC1=O)C2,Noncovalent,0.0
O=S(=O)(F)c1ccnc(C(F)(F)F)c1,Covalent,1.0
C=CC(=O)N(C)CCN1CCCS1(=O)=O,Covalent,1.0
O=C1CCC(N2Cc3c(NCC(=O)N[C@H]4C[C@H]4F)cccc3C2=O)C(=O)N1,Noncovalent,0.0
O=S(=O)(F)CCOc1cccc2c1OCC2,Covalent,1.0
Nc1cnc(-c2ccc3c(c2)CN(C2CCC(=O)NC2=O)C3=O)cn1,Noncovalent,0.0
CC(=O)N1CCC(c2ccc(NC3CCC(=O)NC3=O)cc2)CC1,Noncovalent,0.0
O=C1CCC(N2Cc3c(C#CCNCc4ccccc4)cccc3C2=O)C(=O)N1,non-covalent,0.0
Cc1cc(C(=O)NC2CCC(=O)NC2=O)sc1-c1cccc(Cl)c1,Noncovalent,0.0
CCc1cn2c(C(=O)Nc3ccc(NC4CCC(=O)NC4=O)cc3)cccc2n1,Noncovalent,0.0
O=C1CCC(N2Cc3cc(C(=O)NC4(C(=O)O)CCCC4)ccc3C2=O)C(=O)N1,Noncovalent,0.0
Cc1ccn(-c2ccnc(C(=O)Nc3cccc(C4CCC(=O)NC4=O)c3)n2)n1,Noncovalent,0.0
O=C1CCC(c2ccc(NC(=O)[C@H]3C[C@](O)(C4CCNCC4)C3)cc2)C(=O)N1,Noncovalent,0.0
C=CC(=O)NCC1CC(C)OC1C,Covalent,1.0
Cn1ncc(C(=O)NC2CCC(=O)NC2=O)c1-c1ccccn1,Noncovalent,0.0
COc1cccc2c1C=C(C(=O)NCc1ccc3c(c1)CN(C1CCC(=O)NC1=O)C3=O)CO2,non-covalent,0.0
COC(=O)c1ncc(OS(=O)(=O)F)cn1,Covalent,1.0
CC(C)(CF)c1ncc(C(=O)NC2CCC(=O)NC2=O)o1,Noncovalent,0.0
O=C1CCC(N2Cc3cc(C(=O)O)ccc3C2=O)C(=O)N1,Noncovalent,0.0
N#CC(=Cc1ccco1)C(=O)NC1CC1,Covalent,1.0
C=CC(=O)Nc1ccc(-c2cnco2)cc1,Covalent,1.0
CS(=O)(=O)c1ccc(C(=O)NC2CCC(=O)NC2=O)cc1,Noncovalent,0.0
O=C(CCl)NCC1(CF)CC12CCOCC2,Covalent,1.0
CC(C)c1nn(C)c(Cl)c1C(=O)NC1CCC(=O)NC1=O,Noncovalent,0.0
C=CC(=O)NCc1cc2c([nH]c1=O)CCC2,Covalent,1.0
C=CS(=O)(=O)NC(CC)Cn1cncn1,Covalent,1.0
CC1(C(=O)Nc2ccc3c(c2)C(=O)N(C2CCC(=O)NC2=O)C3)CC=CC1,Noncovalent,0.0
C=CS(=O)(=O)NC(CO)CC(F)(F)F,Covalent,1.0
C=CC(=O)N1CCCC(CC2CCOC2)C1,Covalent,1.0
COCc1[nH]nnc1C(=O)NC1CCC(=O)NC1=O,Noncovalent,0.0
O=C1CC(c2cccc(NC(=O)C(F)(F)C(F)F)c2)CC(=O)N1,Noncovalent,0.0
CC1(C)CCc2c(C(=O)NC3CCC(=O)NC3=O)csc2C1,Noncovalent,0.0
Cc1nc(CCNC(=O)C(C)Cl)c(C)o1,Covalent,1.0
COC1(C(C)NC(=O)CCl)CCOCC1,Covalent,1.0
CC1(CNC(=O)c2cccc3c2CN(C2CCC(=O)NC2=O)C3=O)CCNC1,Noncovalent,0.0
O=C1CCC(n2cc(-c3ccsc3)nn2)C(=O)N1,Noncovalent,0.0
O=C(CCl)NCc1ccnn1C1CC1(F)F,Covalent,1.0
O=C1CNC(=S)N1,non-covalent,0.0
CC(C)Oc1cccc(CNC(=O)C2CO2)c1,Covalent,1.0
O=C1CCC(NC(=O)c2c(F)ccc3c2OCC3)C(=O)N1,Noncovalent,0.0
O=C(CCl)N[C@H]1CC[C@H](C(F)(F)F)CC1,Covalent,1.0
C=CC(=O)N1CC(C)(C)CC1c1ccccc1,Covalent,1.0
O=C1CCC(NC(=O)c2nn(-c3ccccc3)c(=O)cc2O)C(=O)N1,Noncovalent,0.0
O=C1CCC(N2Cc3cc(-c4cncc(C(F)(F)F)c4)ccc3C2=O)C(=O)N1,Noncovalent,0.0
C=CC(=O)NC1CC(C)N(c2cnn(C)c2)C1=O,Covalent,1.0
O=C1CCC2(CC(c3ccccc3F)=NO2)C(=O)N1,non-covalent,0.0
Cc1nc(-c2cccc(OCC3CO3)c2)no1,Covalent,1.0
O=S(=O)(F)CCC1CCCCN1,Covalent,1.0
C=CC(=O)N1CCc2ccsc2C1C,Covalent,1.0
Cc1cc(C(=O)NC2CCC(=O)NC2=O)c2c(=O)[nH]n(C)c2n1,Noncovalent,0.0
CC(C)c1cccc(-c2cccc3c2CN(C2CCC(=O)NC2=O)C3=O)c1,Noncovalent,0.0
O=C1CCC(N2Cc3cc(NC(=O)c4cn5ccccc5n4)ccc3C2=O)C(=O)N1,non-covalent,0.0
O=C1CCC(NC(=O)c2cccc3[nH]ccc23)C(=O)N1,non-covalent,0.0
CC(Cl)C(=O)N1C[C@@H]2CC[C@H]1c1ccccc12,Covalent,1.0
O=C1CCC(N2Cc3cc(NC(=O)c4ccc(F)cc4)ccc3C2=O)C(=O)N1,non-covalent,0.0
C=CC(=O)Nc1ccc(N2CCCC2)cc1C,Covalent,1.0
O=C1CCC(N2Cc3cc(-c4nccc(CO)c4Cl)ccc3C2=O)C(=O)N1,Noncovalent,0.0
CCCOC(=O)Nc1ccc2c(c1)C(=O)N(C1CCC(=O)NC1=O)C2,Noncovalent,0.0
CCc1cccc(N(C#N)CCOCCO)c1,Covalent,1.0
C=CS(=O)(=O)N(C1CC1)C(C)C(C)CC,Covalent,1.0
O=S(=O)(F)Cc1cc(-c2ccccc2)no1,Covalent,1.0
C=CS(=O)(=O)N1[C@@H]2CC[C@@H](C2)[C@H]1C(=O)NC,Covalent,1.0
CCOC(=O)CN(C#N)c1ccc(OC)cc1,Covalent,1.0
O=C(CCl)NC12CC(CO)(C1)OC21COC1,Covalent,1.0
CCC1C(=O)NCCN1C(=O)c1ccc2c(c1)CN(C1CCC(=O)NC1=O)C2=O,Noncovalent,0.0
COc1c(Cl)nc2ccnn2c1Nc1ccc(C2CCC(=O)NC2=O)cc1,Noncovalent,0.0
O=C1CCC(NC(=O)c2cnn3c2S(=O)(=O)NCC3)C(=O)N1,Noncovalent,0.0
C=CC(=O)NC1CCCCC12CCCC2,Covalent,1.0
O=C1CCC(n2nnc3cc(CNC(=O)Nc4ccc(Cl)cc4)ccc3c2=O)C(=O)N1,non-covalent,0.0
CN(c1ncnc(C2CC2)c1Br)C1CCC(=O)NC1=O,Noncovalent,0.0
COC1COc2cc(C(=O)Nc3ccc(NC4CCC(=O)NC4=O)cc3)nn2C1,Noncovalent,0.0
O=C1CCC(c2cccc(NC(=O)C34CNCC(C5CCC5)(C3)C4)c2)C(=O)N1,Noncovalent,0.0
O=C1CCC(N2Cc3ccc(C(=O)N4CCCC[C@@H]4C(=O)O)cc3C2=O)C(=O)N1,Noncovalent,0.0
O=C1CCC(NC(=O)c2cn(C3CC3)nc2C(F)(F)F)C(=O)N1,Noncovalent,0.0
C=CC(=O)N[C@@H](c1ccco1)C(F)F,Covalent,1.0
NC1C=CN(S(=O)(=O)c2ccc3c(c2)C(=O)N(C2CCC(=O)NC2=O)C3)C(=O)N1,covalent,1.0
C=CC(=O)N1CC(O)CC2(CCCC2)C1,Covalent,1.0
O=C1CCC(N2Cc3ccc(F)cc3C2=O)C(=O)N1,Noncovalent,0.0
C=CC(=O)N1CCSC(C)CC1,Covalent,1.0
CCc1cncc(S(=O)(=O)F)c1,Covalent,1.0
CC#CC(=O)NCc1cnccn1,Covalent,1.0
CC#CC(=O)N1CCCC(OC(=O)N(C)C)C1,Covalent,1.0
Cc1nc2c(C)cccc2cc1C(=O)N/N=C/c1ccccc1,non-covalent,0.0
Cc1ccc(B(O)O)c2cccnc12,Covalent,1.0
O=C1CCC(NC(=O)c2ccc(F)cc2-c2ccc(Cl)c(Cl)c2)C(=O)N1,Noncovalent,0.0
O=C1CCC(N2Cc3ccc(NC(=O)C4(C5CC5)CC4)cc3C2=O)C(=O)N1,Noncovalent,0.0
O=C1CCC(N2Cc3ccc(C(=O)N4CCNCC45CCC5)cc3C2=O)C(=O)N1,Noncovalent,0.0
COc1ccc2cc(C(=O)Nc3cccc(C4CC(=O)NC(=O)C4)c3)sc2c1,Noncovalent,0.0
O=C1CC[C@@H](NC(=O)c2cc3ccccc3c3[nH]cnc23)C(=O)N1,non-covalent,0.0
Cc1c(B2OC(C)(C)C(C)(C)O2)ccc(=O)n1C,Covalent,1.0
C=CS(=O)(=O)NCc1nccc(OC)n1,Covalent,1.0
C=CC(=O)NCCN1CCC(C)CC1,Covalent,1.0
Cc1c(C(=O)NC2CCC(=O)NC2=O)c(=O)oc2ccc(Br)cc12,Noncovalent,0.0
COc1cscc1-c1cn(C2CCC(=O)NC2=O)nn1,non-covalent,0.0
COc1ccc(OS(=O)(=O)F)cc1OC,Covalent,1.0
C=CS(=O)(=O)N[C@@H](C)COCC,Covalent,1.0
O=C1CCC(NC(=O)c2cc(CNC(=O)C3CCc4cn[nH]c43)ccn2)C(=O)N1,Noncovalent,0.0
CSc1cccc(-c2cn(C3CCC(=O)NC3=O)nn2)c1,Noncovalent,0.0
COc1ccc(-c2cn(C3CCC(=O)NC3=O)nn2)cc1OC,Noncovalent,0.0
C=CS(=O)(=O)N1CCNC(=O)C1C,Covalent,1.0
O=C1CCC(NC(=O)c2ccc3c(n2)NCC(=O)N3)C(=O)N1,Noncovalent,0.0
CCc1ncncc1C(=O)NC1CCC(=O)NC1=O,Noncovalent,0.0
CC(=O)N1c2ccccc2C[C@H]1C(=O)Nc1cccc(C2CCC(=O)NC2=O)c1,Noncovalent,0.0
CN1Cc2c(N)cccc2C(=O)N1C1CCC(=O)NC1=O,non-covalent,0.0
Cc1ccc(-n2ncc(C(=O)NC3CCC(=O)NC3=O)c2C2CC2)cc1Cl,Noncovalent,0.0
O=C1CCC(N2C(=O)c3ccc(CNC(=O)Nc4ccc(Cl)cc4)cc3C2=O)C(=O)N1,non-covalent,0.0
CC#CC(=O)N(C)Cc1cn(C)nc1C(C)C,Covalent,1.0
C=CC(=O)Nc1ccc(C2(C)CC2(F)F)cc1,Covalent,1.0
C=CC(=O)NC1COCCOC1,Covalent,1.0
CC#CC(=O)NCCn1nnc2ccccc21,Covalent,1.0
CC1CC1C(=O)N1CCC(S(=O)(=O)F)CC1,Covalent,1.0
COc1ccccc1-c1cn(C2CCC(=O)NC2=O)nn1,non-covalent,0.0
O=C1CCC(N2Cc3cc(NCc4cccc(OCc5ccccc5)c4)ccc3C2=O)C(=O)N1,non-covalent,0.0
O=C(CCl)N1CCN(C(=O)C2CC2)CC1,Covalent,1.0
COc1ccc(Oc2cccc(C(=O)Nc3ccc4c(c3)CN(C3CCC(=O)NC3=O)C4=O)c2)cc1,non-covalent,0.0
Cc1cc(C(=O)NC2CCC(=O)NC2=O)c2cc(Br)ccc2n1,Noncovalent,0.0
CC(C)(C)NS(=O)(=O)C1(C2CO2)CCC1,Covalent,1.0
Cc1nc2c(s1)CCCC2CNC(=O)c1ccc(N2CCC(=O)NC2=O)cc1,Noncovalent,0.0
CC1CC1C(=O)N1CCCC(S(=O)(=O)F)C1,Covalent,1.0
Cc1ccc(C(=O)Nc2ccc3c(c2)C(=O)N(C2CCC(=O)NC2=O)C3)cc1,non-covalent,0.0
C=CC(=O)N1CCC(O)(CC(=O)O)CC1,Covalent,1.0
CCC1CN(C(=O)CCl)CCO1,Covalent,1.0
Cc1nc(Nc2ccc(C3CCC(=O)NC3=O)cc2)c(C)c(-n2cccn2)n1,Noncovalent,0.0
O=C1CCC(c2ccc(NC(=O)c3cc4c(o3)CCCNC4)cc2)C(=O)N1,Noncovalent,0.0
C=CC(=O)NC(c1ccccn1)C1CCC1,Covalent,1.0
OB(O)c1cncc(-n2cccn2)c1,Covalent,1.0
N#Cc1cnn2ccc(Nc3ccc(C4CCC(=O)NC4=O)cc3)nc12,Noncovalent,0.0
Cc1cccc(CCNC(=O)C(F)Cl)n1,Covalent,1.0
COC(=O)Cc1ccc(-c2ccc3c(c2)CN(C2CCC(=O)NC2=O)C3=O)cc1,Noncovalent,0.0
C[C@@H](NC(=O)CCl)c1ccccc1,Covalent,1.0
CC(c1ccc(C(=O)NC2CCC(=O)NC2=O)o1)N1CCCCC1,Noncovalent,0.0
O=C1CCC(N2Cc3c(OCC(=O)N4CCCCC4)cccc3C2=O)C(=O)N1,Noncovalent,0.0
CCC(C)c1ncc(Br)c(N(C)C2CCC(=O)NC2=O)n1,Noncovalent,0.0
O=C1CCc2ccc(OS(=O)(=O)F)cc2N1,Covalent,1.0
CC#CC(=O)Nc1ccc2c(c1)OCCN2C,Covalent,1.0
CC1CN(C(=O)c2ccc3c(c2)CN(C2CCC(=O)NC2=O)C3=O)CCS1,Noncovalent,0.0
O=S(=O)(F)CCN1CCc2ccccc21,Covalent,1.0
C=CC(=O)NC(CO)c1ccsc1,Covalent,1.0
Cc1cc(NC(=O)Nc2ccc(C3CC(=O)NC(=O)C3)cc2)n(C)n1,Noncovalent,0.0
CC(C)=NNC(=O)c1cc2cccc(C)c2nc1C,non-covalent,0.0
[NH3+]Cc1ccc(COC(=O)NC2CCC(=O)NC2=O)cc1,non-covalent,0.0
CC(Cl)C(=O)NC1(c2nnc[nH]2)CCC1,Covalent,1.0
C=CC(=O)N1CCc2sccc2C1CC,Covalent,1.0
Cc1cc(NS(=O)(=O)c2cccc3c2CN(C)C3=O)nn1CCC#N,Noncovalent,0.0
O=C1CCC(NC(=O)c2cc(C3CC3)nc3c2nc2n3CCCCC2)C(=O)N1,Noncovalent,0.0
COc1cccc2c1OCC(C(=O)Nc1ccc3c(c1)CN(C1CCC(=O)NC1=O)C3=O)=C2,non-covalent,0.0
Cc1nc2cc(OS(=O)(=O)F)ccc2n1C,Covalent,1.0
CC(C)N(CC(=O)O)C(=O)c1ccc2c(c1)C(=O)N(C1CCC(=O)NC1=O)C2,Noncovalent,0.0
CC(CC(=O)O)NC(=O)c1ccc2c(c1)C(=O)N(C1CCC(=O)NC1=O)C2,Noncovalent,0.0
O=C(CCl)NCc1[nH]nc2c1CCCC2,Covalent,1.0
CN1Cc2c(NCc3nncn3-c3ccccc3)cccc2C1=O,Noncovalent,0.0
Cc1ncc(F)c(N(C)C2CCC(=O)NC2=O)n1,Noncovalent,0.0
C=CC(=O)N1CC(CCOC)C1,Covalent,1.0
C=CC(=O)N(C)CCc1ccccc1,Covalent,1.0
CCOCc1cn(-c2cccc3c2CN(C2CCC(=O)NC2=O)C3=O)nn1,Noncovalent,0.0
O=C1CC[C@H](N2Cc3cc(-c4cnc5n4CCNC5)ccc3C2=O)C(=O)N1,non-covalent,0.0
C=CC(=O)N1CCC(C(=O)O)(n2cccn2)CC1,Covalent,1.0
Cc1cnc2cc(-c3cccc4c3CN(C3CCC(=O)NC3=O)C4=O)ccn12,Noncovalent,0.0
O=C1CCC(N2Cc3ccccc3C2=O)C(=O)N1,Noncovalent,0.0
COC(=O)Nc1ccc(S(=O)(=O)F)cc1,Covalent,1.0
CCC12CNC(C(=O)Nc3ccc(NC4CCC(=O)NC4=O)cc3)(C1)C2,Noncovalent,0.0
CC(Cl)C(=O)NCC(C)(O)c1cnn(C)c1,Covalent,1.0
O=C1CCC(NC(=O)CCl)CN1,Covalent,1.0
O=C1CCC(N2Cc3ccc(C(=O)NC4(C(=O)O)CC4)cc3C2=O)C(=O)N1,Noncovalent,0.0
Cc1cc(NS(=O)(=O)C(F)(F)F)ccc1C(=O)NC1CCC(=O)NC1=O,Noncovalent,0.0
CC1(NC(=O)COc2cccc3c2CN(C2CCC(=O)NC2=O)C3=O)CCC1,Noncovalent,0.0
O=C1CCC(N2Cc3ccc(-c4cccc(C(F)F)c4)cc3C2=O)C(=O)N1,Noncovalent,0.0
Cn1cc(-c2ncc(C(=O)NC3CCC(=O)NC3=O)s2)cn1,Noncovalent,0.0
CC(Cl)C(=O)N1CC(=O)NC2CCCCC21,Covalent,1.0
Cc1oc(C2CCOCC2)nc1C(=O)NC1CCC(=O)NC1=O,Noncovalent,0.0
C=CC(=O)NC1(C(N)=O)CCOc2ccccc21,Covalent,1.0
CC12CC(C#N)(C1)C1(CN(C(=O)CCl)C1)O2,Covalent,1.0
Cn1nc2c(c1S(=O)(=O)F)COCC2,Covalent,1.0
CN(C)c1ccc(-c2cccc3c2CN(C2CCC(=O)NC2=O)C3=O)cc1,Noncovalent,0.0
C=CC(=O)NC1COc2cc(F)cc(F)c21,Covalent,1.0
O=C1CCC(NC(=O)c2ccc3nccn3c2)C(=O)N1,Noncovalent,0.0
O=C1CCC(NC(=O)c2ccc3c(=O)ccoc3c2)C(=O)N1,Noncovalent,0.0
O=C1CCC(N2C(=O)c3cccnc3C2=O)C(=O)N1,Noncovalent,0.0
O=C1CCC(NC(=O)c2ccc(Br)cc2)C(=O)N1,Noncovalent,0.0
O=C1CCC(N2C(=O)c3ccc(Br)c(F)c3C2=O)C(=O)N1,Noncovalent,0.0
CCCCNC(=O)c1ccc(-c2cccc3c2CN(C2CCC(=O)NC2=O)C3=O)cc1,non-covalent,0.0
C=CC(=O)NCCc1nsc2ccccc12,Covalent,1.0
Cc1nc2ccc(C(=O)NC3CCC(=O)NC3=O)cc2o1,Noncovalent,0.0
C=CC(=O)N1CCCc2ccccc2CC1,Covalent,1.0
C=CC(=O)N1CCOC(CCc2ccccc2)C1,Covalent,1.0
O=C1CCC(CSc2ccccn2)C(=O)N1,non-covalent,0.0
C=CC(=O)Nc1cc(NC(=O)c2ccc3c(c2)C(=O)N(C)C3=O)ccc1F,Covalent,1.0
C=CC(=O)N(C)Cc1cnn(C)c1C,Covalent,1.0
O=C1CCC(NC(=O)c2cnc(-c3ccncc3)s2)C(=O)N1,Noncovalent,0.0
C=CC(=O)N[C@@H]1CC=CC[C@H]1C(F)(F)F,Covalent,1.0
C=CC(=O)Nc1ccc2c(C)noc2c1,Covalent,1.0
O=C(CCl)NC1(Cc2ccccc2)CC1,Covalent,1.0
O=C(CCl)NCc1ccc2nonc2c1,Covalent,1.0
COc1ccc(-c2cnc(C(=O)NC3CCC(=O)NC3=O)o2)cc1,Noncovalent,0.0
C=CC(=O)N1CCC(C)C2CCCCC21,Covalent,1.0
CC(Cl)C(=O)N1CCNC(=O)C1C,Covalent,1.0
O=C1CCC(c2ccc(NC(=O)c3cn(C(F)F)ccc3=O)cc2)C(=O)N1,Noncovalent,0.0
CC1(c2cccs2)CC1CNC(=O)CCl,Covalent,1.0
CN(C(=O)CCl)C1CCCC1n1cccn1,Covalent,1.0
C=CC(=O)NC1(C)CCC(C)CC1,Covalent,1.0
O=C1CCC(NC(=O)c2csc3nnsc23)C(=O)N1,Noncovalent,0.0
O=C1CCC(N2Cc3c(cccc3-c3cccc([C@H](O)CF)c3)C2=O)C(=O)N1,Noncovalent,0.0
O=C1CCC(NC(=O)c2cn(CC(F)(F)F)nc2C2CC2)C(=O)N1,Noncovalent,0.0
Cc1cc(C(=O)NC2CCC(=O)NC2=O)c2c(n1)CCCC2,Noncovalent,0.0
CCC(C)(C)C(=O)Nc1ccc2c(c1)C(=O)N(C1CCC(=O)NC1=O)C2,Noncovalent,0.0
Cc1noc2nc(N(C)C3CCC(=O)NC3=O)cc(C(F)(F)F)c12,Noncovalent,0.0
O=C1CCC(N2Cc3c(NS(=O)(=O)c4ccco4)cccc3C2=O)C(=O)N1,Noncovalent,0.0
Cc1cc(F)cc(Cl)c1C(=O)NC1CCC(=O)NC1=O,Noncovalent,0.0
COc1ccc2c(c1)OCC(C(=O)Nc1ccc3c(c1)CN(C1CCC(=O)NC1=O)C3=O)=C2,non-covalent,0.0
Cc1cccc2c1CC(NC(=O)CCl)CO2,Covalent,1.0
O=C1CCC(N2C(=O)c3ccc(N4CCC(F)(F)C4)cc3C2=O)C(=O)N1,non-covalent,0.0
O=C1CCC(Nc2ccccc2)C(=O)N1,non-covalent,0.0
O=C1CCC(NC(=O)c2c(C(F)(F)F)nn(CCO)c2C(F)F)C(=O)N1,Noncovalent,0.0
C=CC(=O)NCC1(C)OCCc2sccc21,Covalent,1.0
C=CC(=O)Nc1cnc2cc(C)ccc2c1,Covalent,1.0
O=C(CCl)NC1CCC(O)(C(F)(F)F)C1,Covalent,1.0
O=S(=O)(F)Oc1ccc2ccccc2c1,Covalent,1.0
CCOc1ccc(C(=O)NC2CCC(=O)NC2=O)cc1,Noncovalent,0.0
O=C(Nc1ccc(Cl)c(F)c1)C(F)Cl,Covalent,1.0
C=CC(=O)N1CCOCC(C(=O)OC)C1,Covalent,1.0
CN1C(=O)CCC(N2C(=O)c3ccc(N)cc3C2=O)C1=O,Noncovalent,0.0
O=C1CCC(N2C(=O)c3cccc(C#Cc4ccccc4)c3C2=O)C(=O)N1,non-covalent,0.0
COc1ccc(NC2N=C(Nc3cccc4c3CN(C3CCC(=O)NC3=O)C4=O)C=CN2)cc1,non-covalent,0.0
C=CS(=O)(=O)N1CCc2cccc(OC)c21,Covalent,1.0
C=CC(=O)NC1CCN(C(C)CC)CC1,Covalent,1.0
O=C1CCC(Nc2cnc3ccccc3n2)C(=O)N1,Noncovalent,0.0
O=C1CCC(OC(=O)c2cc3nccnc3cc2F)C(=O)N1,Noncovalent,0.0
C=CS(=O)(=O)NC(C)(CO)C1CCC1,Covalent,1.0
COc1c(C(=O)NC2CCC(=O)NC2=O)ccc2c1CCC2,Noncovalent,0.0
COCc1nc(OC)c2c(C)c(C(=O)NC3CCC(=O)NC3=O)sc2n1,Noncovalent,0.0
O=C1CCC(c2cccc(NC(=O)COc3cccc4c3CNC4=O)c2)C(=O)N1,Noncovalent,0.0
O=C1CCC(N2C(=O)c3nccnc3C2=O)C(=O)N1,Noncovalent,0.0
O=C1CCC(N2C(=O)c3cccc(C#CCOCCOCCOCc4ccccc4)c3C2=O)C(=O)N1,non-covalent,0.0
CC1CCCN(S(=O)(=O)Nc2ccc(C3CC(=O)NC(=O)C3)cc2)C1,Noncovalent,0.0
COC(=O)C1(NC(=O)CCl)CCCCC1,Covalent,1.0
O=C(NCCSc1ccccc1)C(F)Cl,Covalent,1.0
Cn1ncc(C2CC2)c1CNC(=O)CCl,Covalent,1.0
COc1cc(CNc2ccc3c(c2)CN(C2CCC(=O)NC2=O)C3=O)cc2ccccc12,non-covalent,0.0
CC#CC(=O)NCCc1ncc2c(n1)CCC2,Covalent,1.0
CC#CC(=O)NCC(F)(F)c1cccnc1,Covalent,1.0
C=CC(=O)NC1c2ccccc2OCC1OC,Covalent,1.0
Cc1ccc(Cl)c2c(C(=O)NC3CCC(=O)NC3=O)coc12,Noncovalent,0.0
CC(=O)Nc1nc(C)c(S(=O)(=O)F)s1,Covalent,1.0
Cc1cccc(NC(=O)NC(=O)CCl)c1C,Covalent,1.0
O=C1CCC(NC(=O)c2ccsc2-n2cnnn2)C(=O)N1,Noncovalent,0.0
O=C1CCC(N2Cc3c(cccc3-c3cc(C(F)(F)F)n[nH]3)C2=O)C(=O)N1,Noncovalent,0.0
CC(F)(F)C(=O)NCc1ccc2c(c1)C(=O)N(C1CCC(=O)NC1=O)C2,Noncovalent,0.0
N#Cc1cccc(CNC(=O)CCl)c1,Covalent,1.0
O=C1CCC(c2ccc(NC(=O)CC3CNC4(CCOCC4)C3)cc2)C(=O)N1,Noncovalent,0.0
C=CC(=O)NCCc1ncccc1F,Covalent,1.0
CC(Cl)C(=O)NCC1CCOCO1,Covalent,1.0
C=CS(=O)(=O)NCCc1ccnc(Cl)c1,Covalent,1.0
Nc1n[nH]c2c(CN3CCCC3)cc(-c3ccc4c(c3)CN(C3CCC(=O)NC3=O)C4=O)nc12,non-covalent,0.0
O=C1CCC(n2cc(-c3cccc(C(F)(F)F)n3)nn2)C(=O)N1,Noncovalent,0.0
Nc1cccc2c1ccn2CC(=O)Nc1ccc(NC2CCC(=O)NC2=O)cc1,Noncovalent,0.0
CC(C)(C)OC(=O)Nc1cccc(NC2CCC(=O)NC2=O)c1,Noncovalent,0.0
O=C1CC(Cc2ccccc2)CC(=O)N1,Noncovalent,0.0
CC[C@H](NC(=O)c1ccc2c(c1)C(=O)N(C1CCC(=O)NC1=O)C2)C(=O)O,Noncovalent,0.0
C=CC(=O)Nc1nnc(C)c2ccccc12,Covalent,1.0
CCc1ccc(-c2ccc3c(c2)C(=O)N(C2CCC(=O)NC2=O)C3)cc1,Noncovalent,0.0
COCc1noc(C)c1B(O)O,Covalent,1.0
C=CC(=O)Nc1cccc2c1N(C)C(=O)CO2,Covalent,1.0
O=C1CCC(N2Cc3ccc(S(=O)(=O)n4cc(C(F)(F)F)cn4)cc3C2=O)C(=O)N1,covalent,1.0
C=CC(=O)N1CCC(c2ccco2)C1,Covalent,1.0
Cc1ccc(NC(=O)CCc2cccc(NC3=CC(=O)N(C4CCC(=O)NC4=O)C3=O)c2)cc1Cl,non-covalent,0.0
Cc1cccc(C(=O)NC2CCC(=O)NC2=O)n1,Noncovalent,0.0
Cc1ccc2nc(C)cc(C(=O)NC3CCC(=O)NC3=O)c2c1,Noncovalent,0.0
C=CS(=O)(=O)N1CCC(F)(F)C(F)C1,Covalent,1.0
COC(=O)c1ccc(-c2cn(C3CCC(=O)NC3=O)nn2)nc1,Noncovalent,0.0
Cc1cnc2cc(C(=O)NC3CCC(=O)NC3=O)ccn12,Noncovalent,0.0
O=C1CCC(N2Cc3ccc(COC(=O)Nc4cc(OC(F)(F)F)ccc4F)cc3C2=O)C(=O)N1,non-covalent,0.0
C=CC(=O)N[C@@H]1CCOc2c(C)cccc21,Covalent,1.0
CNC(=O)C1(C)CCN(C(=O)C(C)Cl)C1,Covalent,1.0
Cc1ccc(NC(=O)OCc2ccc3c(c2)C(=O)N(C2CCC(=O)NC2=O)C3)cc1Cl,non-covalent,0.0
O=C1CCC(NC(=O)c2cc(C3CC3)nc3c2cnn3C2CCCCC2)C(=O)N1,Noncovalent,0.0
COc1ccnc(S(=O)(=O)F)c1,Covalent,1.0
O=C1CCc2cc(OS(=O)(=O)F)ccc2N1,Covalent,1.0
Cc1cc(F)c2nc(O)cc(C(=O)NC3CCC(=O)NC3=O)c2c1,Noncovalent,0.0
O=C1CCC(NC(=O)c2ccn3ncc(Cl)c3n2)C(=O)N1,Noncovalent,0.0
C=CC(=O)Nc1cc2ccccn2n1,Covalent,1.0
CN1Cc2cc(C(=O)NC3CCC(=O)NC3=O)ccc2N(C)S1(=O)=O,Noncovalent,0.0
O=C1CC(c2ccc(Br)cc2)CC(=O)N1,Noncovalent,0.0
Cc1nc2ccccc2cc1C(=O)N/N=C/c1cccc(Cl)c1,non-covalent,0.0
CCc1[nH]c2ccccc2c1C(=O)NC1CCC(=O)NC1=O,Noncovalent,0.0
CCCn1cc(Cl)c(C(=O)N[C@@H]2CCC(=O)NC2=O)n1,Noncovalent,0.0
C=CC(=O)NC(C)(C)c1nc(C)cs1,Covalent,1.0
CC(NC(=O)CCl)c1csnn1,Covalent,1.0
N#Cc1cnc2c(C(=O)Nc3ccc(C4CCC(=O)NC4=O)cc3)cnn2c1,Noncovalent,0.0
O=C1CCC(NC(=O)c2nccc3[nH]cc(Br)c23)C(=O)N1,Noncovalent,0.0
O=C(O)CCNC(=O)COc1cccc2c1CN(C1CCC(=O)NC1=O)C2=O,Noncovalent,0.0
C=CC(=O)N[C@H]1CCc2ncsc2C1,Covalent,1.0
COc1ccc(NC(=O)NCc2ccc3nnn(C4CCC(=O)NC4=O)c(=O)c3c2)cc1Cl,non-covalent,0.0
Cc1ccc(S(=O)(=O)Nc2cccc3c2C(=O)N(C2CCC(=O)NC2=O)C3=O)cc1,non-covalent,0.0
CNC(=O)c1ccc2c(c1)CN(C1CCC(=O)NC1=O)C2=O,Noncovalent,0.0
O=C1CCC(NC(=O)c2ccc(OCc3ccc4nsnc4c3)cc2)C(=O)N1,Noncovalent,0.0
CCC1(c2ccc(NC(=O)C3(C)CC3(Cl)Cl)cc2)CCC(=O)NC1=O,Noncovalent,0.0
Cn1nccc1-c1[nH]nnc1C(=O)NC1CCC(=O)NC1=O,Noncovalent,0.0
CN1C(=O)CCC(N2Cc3c(N)cccc3C2=O)C1=O,Noncovalent,0.0
Cc1nn(Cc2ccc(Cl)cc2)c(C)c1C(=O)NC1CCC(=O)NC1=O,Noncovalent,0.0
O=C1CCC(NC(=O)c2onc3ccccc23)C(=O)N1,Noncovalent,0.0
COC(=O)c1cc(Cl)cc(B(O)O)c1,Covalent,1.0
CCn1nc(C(F)F)c(C(=O)NC2CCC(=O)NC2=O)c1C,Noncovalent,0.0
C=CC(=O)NCCC1CC(C)(C)NC1=O,Covalent,1.0
N#CC1(CS(=O)(=O)F)CCNC1,Covalent,1.0
C=CC(=O)Nc1ccc(Oc2ccncn2)cc1,Covalent,1.0
O=C1CCC(NC(=O)c2cc(=O)n3nccc3[nH]2)C(=O)N1,Noncovalent,0.0
CN(C(=O)Nc1ccc2c(c1)CN(C1CCC(=O)NC1=O)C2=O)c1ccccc1,Noncovalent,0.0
O=C1CCC(N2Cc3cc(C(=O)N[C@H]4C[C@H](C(=O)O)C4)ccc3C2=O)C(=O)N1,Noncovalent,0.0
O=C1CCC(Sc2nc3ccccc3s2)C(=O)N1,Noncovalent,0.0
O=C1CCC(N2Cc3cc(NCc4cc5ccccc5cn4)ccc3C2=O)C(=O)N1,non-covalent,0.0
CC#CC(=O)NCC1CC(C2CC2)=NO1,Covalent,1.0
O=C1NCc2cc(OCc3cncc(Cl)n3)ccc21,Noncovalent,0.0
O=C1CCC(NC(=O)c2cnc3ccc(F)cc3c2C(F)(F)F)C(=O)N1,Noncovalent,0.0
CCS(=O)(=O)c1ccc(C(=O)NC2CCC(=O)NC2=O)cc1,Noncovalent,0.0
C=CS(=O)(=O)NC1CN(C(=O)C2CC2)C1,Covalent,1.0
O=C(O)Cc1cccc2c1C(=O)N(C1CCC(=O)NC1=O)C2=O,Noncovalent,0.0
COC(=O)C(C#N)=Cc1ccc(C(=O)OC)o1,Covalent,1.0
CCc1nsc(NC2CCC(=O)N(C)C2=O)n1,Noncovalent,0.0
Cc1sc(-c2nnc[nH]2)nc1C(=O)NC1CCC(=O)NC1=O,Noncovalent,0.0
Cc1cc(N)ccc1C(=O)NC1CCC(=O)NC1=O,non-covalent,0.0
O=C1CCC(N2Cc3c(OCC(=O)Nc4cn[nH]c4)cccc3C2=O)C(=O)N1,Noncovalent,0.0
C=CC(=O)N[C@H]1C[C@H](c2ccccc2Cl)C1,Covalent,1.0
CC(C)Oc1cc(CNC(=O)C23CC2C3)ccn1,Covalent,1.0
CCN(CC)c1ncc(B(O)O)cn1,Covalent,1.0
C=CC(=O)NC(C)Cc1cnccn1,Covalent,1.0
COc1cc2ccncc2cc1OCC1CO1,Covalent,1.0
CC(C)Oc1cc(C(=O)NC2CCC(=O)NC2=O)nn1C,Noncovalent,0.0
C=CC(=O)Nc1cc2c(cc1Cl)OCCO2,Covalent,1.0
CCC(C)NC(=O)c1ccc2c(c1)CN(C1CCC(=O)NC1=O)C2=O,Noncovalent,0.0
Cc1ccc(C(=O)NC2COc3cc(CO)nn3C2)cc1N1CCC(=O)NC1=O,Noncovalent,0.0
C=CC(=O)NCc1ccnc(C(F)(F)F)c1,Covalent,1.0
Cc1cc(C#N)cc(C)c1CC(=O)Nc1ccc(C2CC(=O)NC(=O)C2)cc1,Noncovalent,0.0
NCCCC(=O)Nc1cccc2c1C(=O)N(C1CCC(=O)NC1=O)C2=O,Noncovalent,0.0
COC(=O)CCN(CC#N)C(=O)C(F)Cl,Covalent,1.0
O=C(Nc1ccc(-c2nccs2)cc1)C1CO1,Covalent,1.0
O=C1CCC(N2Cc3c(NC4=NC(Nc5ccc6c(c5)CCC6)NC=C4)cccc3C2=O)C(=O)N1,non-covalent,0.0
O=C1CCC(NC(=O)c2ccc(Cc3nccs3)cc2)C(=O)N1,Noncovalent,0.0
CCc1nc(C2CCCN2C(=O)CCl)no1,Covalent,1.0
O=C1CCC(NC(=O)c2cc(-c3cc[nH]n3)ccc2F)C(=O)N1,Noncovalent,0.0
O=C1CCC(NC(=O)c2ccoc2C2(O)CCOCC2)C(=O)N1,Noncovalent,0.0
O=C1CCC(NC(=O)c2csc(CC3CCCNC3)n2)C(=O)N1,Noncovalent,0.0
C=CC(=O)N(C)Cc1cc(Cl)cn1C,Covalent,1.0
O=C1CCC(NC(=O)c2ccc(CNC(=O)c3ncc4ccccn34)o2)C(=O)N1,Noncovalent,0.0
CC#CC(=O)NCc1ncccc1N(C)C,Covalent,1.0
O=C(O)CNc1ccc2c(c1)CN(C1CCC(=O)NC1=O)C2=O,Noncovalent,0.0
O=C1CCC(N2Cc3c(NC(=O)C4C5(CC5)C45CC5)cccc3C2=O)C(=O)N1,Noncovalent,0.0
C=CCNC(=O)C(C#N)=Cc1cccn1C,Covalent,1.0
CC#CC(=O)NCc1nc(C(N)=O)cs1,Covalent,1.0
O=C1CCC(N2Cc3cc(-c4cccc(C(F)F)n4)ccc3C2=O)C(=O)N1,Noncovalent,0.0
Nc1c(C(=O)NC2CCC(=O)NC2=O)cc(Cl)nc1Br,Noncovalent,0.0
O=C(CCl)NCc1cnccn1,Covalent,1.0
CC(C)(C)C1CCc2sc(C(=O)NC3CCC(=O)NC3=O)cc2C1,Noncovalent,0.0
N[C@H]1CCC(=O)NC1=O,non-covalent,0.0
CCOc1ccccc1-c1cccc(C(=O)NC2CCC(=O)NC2=O)c1,Noncovalent,0.0
CCN1CCC[C@H](Oc2ccc3c(c2)CN(C2CCC(=O)NC2=O)C3=O)C1,non-covalent,0.0
CC1(C)CCOC(C(=O)NCc2occc2C(=O)NC2CCC(=O)NC2=O)C1,Noncovalent,0.0
C=CC(=O)NC(C)c1c(F)cccc1F,Covalent,1.0
CC#CC(=O)NCC1(SC)CCN(C)CC1,Covalent,1.0
COCc1cc(OS(=O)(=O)F)ccc1N,Covalent,1.0
C[C@@H]1O[C@H]1C(=O)Nc1cccc(OCCO)c1,Covalent,1.0
Cc1ccc(C=C(C#N)C(=O)N2CCCC2)s1,Covalent,1.0
CN(c1ccn2ncc(C#N)c2n1)C1CCC(=O)NC1=O,Noncovalent,0.0
Cc1nc(C)c(C(=O)NC2CCC(=O)NC2=O)nc1C,Noncovalent,0.0
CN1Cc2cccc(NC(=O)CCl)c2C1=O,Covalent,1.0
Nc1ccc(N2CCC(=O)NC2=O)cc1,non-covalent,0.0
CC(=O)c1ccc(-c2cccc3c2CN(C2CCC(=O)NC2=O)C3=O)cc1,Noncovalent,0.0
C=CC(=O)N1C[C@H]2CC[C@H]2[C@H]1C(=O)O,Covalent,1.0
C=CC(=O)NCCN1CCOC(C)(C)C1,Covalent,1.0
O=C1CCC(N2Cc3c(C(=O)N4CCCC(C(=O)O)C4)cccc3C2=O)C(=O)N1,Noncovalent,0.0
C=CS(=O)(=O)N(C)c1ccccc1,Covalent,1.0
C=CC(=O)N1CCCSc2ccc(F)cc21,Covalent,1.0
Nc1c(Br)ccc(Cl)c1C(=O)NC1CCC(=O)NC1=O,Noncovalent,0.0
O=S(=O)(F)C[C@@H]1CNCCO1,Covalent,1.0
O=C(CCl)N1CCCSc2ccccc21,Covalent,1.0
NCCOCCC(=O)Nc1cccc2c1C(=O)N(C1CCC(=O)NC1=O)C2=O,Noncovalent,0.0
CC#CC(=O)NC1CCN(OCC)CC1,Covalent,1.0
Cc1cnn(S(=O)(=O)c2ccc3c(c2)C(=O)N(C2CCC(=O)NC2=O)C3)c1,covalent,1.0
C=CS(=O)(=O)NC(C)c1sc(C)nc1C,Covalent,1.0
C=CS(=O)(=O)NC(C)(C)C(O)CO,Covalent,1.0
CC(Cl)C(=O)N1CCC(=O)N2CCCC21,Covalent,1.0
Cc1oc(C#N)cc1C(=O)NCc1nc(C(=O)NC2CCC(=O)NC2=O)co1,Noncovalent,0.0
O=C(CCl)NCC1CCOCC1,Covalent,1.0
N#CC(=Cc1ccc(Cl)s1)C(N)=O,Covalent,1.0
CN1C(=O)CCC(NC(=O)c2ccn(C3CC3(F)F)n2)C1=O,Noncovalent,0.0
COc1ccc(C(=O)NC2CCC(=O)NC2=O)cc1,Noncovalent,0.0
O=C1CCC(c2cccc(NC(=O)c3cnc(C4CCNCC4)o3)c2)C(=O)N1,Noncovalent,0.0
O=C1CCC(N2C(=O)c3ccc(C(=O)NCC4CCC4)cc3C2=O)C(=O)N1,Noncovalent,0.0
CCNC(=O)NCc1ccc2c(c1)C(=O)N(C1CCC(=O)NC1=O)C2,Noncovalent,0.0
O=C1CCC(n2nc3ccccc3n2)C(=O)N1,non-covalent,0.0
Cn1ncc(-c2ccccc2)c1C(=O)NC1CCC(=O)NC1=O,Noncovalent,0.0
C=CC(=O)N1CCCC(CCC(N)=O)C1,Covalent,1.0
C=CS(=O)(=O)N1CC2(C)CC1CC(C)(C)C2,Covalent,1.0
O=C1CCC(N2Cc3cc(-c4cc(CN5CCCC5)c5[nH]nc(C6CC6)c5n4)ccc3C2=O)C(=O)N1,non-covalent,0.0
CC1NCCc2c(C(=O)NC3CCC(=O)NC3=O)ccc(Cl)c21,Noncovalent,0.0
O=C1CCC(N2Cc3ccc(-c4csc5ccccc45)cc3C2=O)C(=O)N1,Noncovalent,0.0
C#CC(NC(=O)CCl)C1CCc2ccccc21,Covalent,1.0
O=C1CCC(CSc2cccc([N+](=O)[O-])c2)C(=O)N1,non-covalent,0.0
Cc1ccc(NC(=O)CCc2ccc3c(c2)C(=O)N(C2CCC(=O)NC2=O)C3)cc1Cl,non-covalent,0.0
Nc1ccc(NC(=O)c2ccc3c(c2)C(=O)N(C2CCC(=O)NC2=O)C3)cc1,Noncovalent,0.0
CC#CC(=O)NCCC1CCCC1(F)F,Covalent,1.0
Cc1ccc(NC(=O)C(C)Cc2ccc3c(c2)C(=O)N(C2CCC(=O)NC2=O)C3)cc1Cl,non-covalent,0.0
O=C1CCC(NC(=O)c2cccc3ccn(Cc4ccccc4)c23)C(=O)N1,Noncovalent,0.0
C=CC(=O)N1CCc2cc(C#N)ccc2C1,Covalent,1.0
O=C1CCC(N2Cc3cc(-c4cc(Cl)ccn4)ccc3C2=O)C(=O)N1,Noncovalent,0.0
C=CC(=O)NC1CCOC2(CCSCC2)C1,Covalent,1.0
C=CS(=O)(=O)N(C)CC(C)O,Covalent,1.0
O=C1CCC(NC(=O)c2cc3c(cn2)OCCC3)C(=O)N1,Noncovalent,0.0
O=C1CCC(c2cccc(NC(=O)C(F)(F)C3(O)CCCNC3)c2)C(=O)N1,Noncovalent,0.0
COC(=O)c1nc(-c2ccc3c(c2)CN(C2CCC(=O)NC2=O)C3=O)cnc1N,Noncovalent,0.0
COc1nn(C)cc1CNC(=O)CCl,Covalent,1.0
NCCc1cn(-c2ccc3c(c2)CN(C2CCC(=O)NC2=O)C3=O)nn1,Noncovalent,0.0
C=CS(=O)(=O)N(CC)C[C@@H](O)C(F)(F)F,Covalent,1.0
CN(C)C/C=C/C(=O)NCC1c2ccccc2C(=O)N1C,Covalent,1.0
C=CC(=O)NC1CC(C)OC1C,Covalent,1.0
O=C1CCC(Nc2ccc(C3CN(C(=O)[C@H](O)Cc4c[nH]cn4)C3)cc2)C(=O)N1,Noncovalent,0.0
Cc1c(C(=O)NC2CCC(=O)NC2=O)cnn1-c1ccc(Br)cn1,Noncovalent,0.0
COc1ccc(-c2cc(N(C)C3CCC(=O)NC3=O)ncn2)cc1,Noncovalent,0.0
C=CC(=O)NC1CC(OCC)C12CCCO2,Covalent,1.0
COc1ccc(N(C)C(=O)CCl)cc1,Covalent,1.0
O=C(Nc1cnc2cc[nH]n2c1=O)C(F)Cl,Covalent,1.0
C=CC(=O)N1CSCC1C(=O)N1CCCC1,Covalent,1.0
CCNC(=O)c1cccc2c1C(=O)N(C1CCC(=O)NC1=O)C2=O,Noncovalent,0.0
O=C1CCC(NC(=O)c2cnc(-c3ccc(Cl)cc3)[nH]2)C(=O)N1,Noncovalent,0.0
Cc1nc(OC(F)F)c(C(=O)NC2CCC(=O)NC2=O)s1,Noncovalent,0.0
CN1CCN(c2cc3c(cc2F)C(=O)N(C2CCC(=O)NC2=O)C3=O)CC1,non-covalent,0.0
CCNC(=O)c1cn(-c2ccc3c(c2)CN(C2CCC(=O)NC2=O)C3=O)nn1,Noncovalent,0.0
CCCNC(=O)C(C#N)=Cc1ncoc1COC,Covalent,1.0
O=C1CCC(N2Cc3cc(NC(=O)c4cc5ccccn5c4)ccc3C2=O)C(=O)N1,non-covalent,0.0
Cc1cc2c(-c3ccc4c(c3)CN(C3CCC(=O)NC3=O)C4=O)ncnc2[nH]1,Noncovalent,0.0
Cn1cc(C=C(C#N)C(=O)O)cn1,Covalent,1.0
C=CS(=O)(=O)N(C)C1CCCCC1C,Covalent,1.0
CC1(C)OB(c2cnc3cncn3c2)OC1(C)C,Covalent,1.0
Cc1cccc2c1C=C(C(=O)NCc1ccc3c(c1)CN(C1CCC(=O)NC1=O)C3=O)CO2,non-covalent,0.0
O=C1CCC(N2Cc3cc(-c4ccc5c(c4F)CCC5=O)ccc3C2=O)C(=O)N1,Noncovalent,0.0
C#CC1CN(C(=O)C2CCCN(C(=O)C=C)C2)C1,Covalent,1.0
C=CC(=O)NCc1ccc2c(c1)CCCO2,Covalent,1.0
CCn1cc(CN(C)C(=O)C(C)Cl)nn1,Covalent,1.0
CS(=O)(=O)Nc1ccc(N(CC2CC2)C2CCC(=O)NC2=O)cc1,Noncovalent,0.0
O=C1CCC(N2Cc3cc(C(=O)NCC[C@@H]4CCCN4)ccc3C2=O)C(=O)N1,Noncovalent,0.0
C=CC(=O)NCc1nc2c([nH]1)CCCC2,Covalent,1.0
C=CS(=O)(=O)NC(C1CCC1)C1CCCO1,Covalent,1.0
C=CS(=O)(=O)NCc1coc(CC)n1,Covalent,1.0
O=C1CC(NC(=O)c2cc([N+](=O)[O-])cc([N+](=O)[O-])c2)C(=O)N1,non-covalent,0.0
O=C1CCC(N2C(=O)c3ccc(N4CC5(CNC5)C4)cc3C2=O)C(=O)N1,non-covalent,0.0
Cc1nccc2c(S(=O)(=O)F)cccc12,Covalent,1.0
C=CC(=O)N1CCCC(N(C)S(C)(=O)=O)C1,Covalent,1.0
C=CC(=O)N1CCC(O)(c2ccccc2F)C1,Covalent,1.0
C=CS(=O)(=O)NCC1CNC(=O)C(C)(C)C1,Covalent,1.0
CN(c1cc(Br)cc(F)n1)C1CCC(=O)NC1=O,Noncovalent,0.0
C=CC(=O)N1CCC(c2ccc(OC)cn2)CC1,Covalent,1.0
O=C1CCC(N2Cc3ccc(-c4ccc(C5OCCO5)nc4)cc3C2=O)C(=O)N1,Noncovalent,0.0
C=CS(=O)(=O)NC1(c2nccs2)CCC1,Covalent,1.0
C=CS(=O)(=O)N[C@H]1CC[C@@H](C(=O)OC)C1,Covalent,1.0
O=C1CCC(n2cc(-c3cscc3OCc3ccc(CN4CCOCC4)cc3)nn2)C(=O)N1,non-covalent,0.0
Cc1cc(N)c(Cl)c(S(=O)(=O)F)c1,Covalent,1.0
Nc1ncccc1C(=O)NCc1ccc2c(c1)C(=O)N(C1CCC(=O)NC1=O)C2,Noncovalent,0.0
O=C1CCC(N2Cc3c(C(=O)NC[C@H]4CCCCN4)cccc3C2=O)C(=O)N1,Noncovalent,0.0
CCCCNc1ccc2c(c1)CN(C1CCC(=O)NC1=O)C2=O,non-covalent,0.0
O=C1CCC(NC(=O)c2nccc3ccccc23)C(=O)N1,Noncovalent,0.0
O=S(=O)(F)Oc1ccccc1-n1ccnc1,Covalent,1.0
C=CS(=O)(=O)NCc1ccc(CC)c(F)c1,Covalent,1.0
CCn1nccc1S(=O)(=O)Nc1ccc2c(c1)CN(C1CCC(=O)NC1=O)C2=O,non-covalent,0.0
Nc1c(Cl)ccc2c1C(=O)N(C1CCC(=O)NC1=O)C2=O,non-covalent,0.0
Cc1nc(C(=O)NCc2ccc3c(c2)C(=O)N(C2CCC(=O)NC2=O)C3)no1,Noncovalent,0.0
O=S(=O)(CCC1CO1)c1ccccc1,Covalent,1.0
O=C1CCC(NC(=O)c2cn(CCCc3nn[nH]n3)c3ccccc23)C(=O)N1,Noncovalent,0.0
COC(=O)c1ccc(OS(=O)(=O)F)cc1N,Covalent,1.0
O=C1CCC(c2ccc(NC(=O)CC3(c4ccccc4)CCCO3)cc2)C(=O)N1,Noncovalent,0.0
CC1(c2ccccc2)CCCN(C(=O)C2CO2)C1,Covalent,1.0
COc1ccc2c(NC3CCC(=O)NC3=O)nc(C)nc2c1,Noncovalent,0.0
O=C1CC[C@H](C(=O)NCc2ccc(S(=O)(=O)F)cc2)N1,non-covalent,0.0
Nc1ccc(SCC2CCC(=O)NC2=O)cc1,non-covalent,0.0
O=C1CC(c2cccc(NC3CCCC(c4cccnc4)C3)c2)CC(=O)N1,Noncovalent,0.0
CN(C)C(=O)c1cccc(-c2ccc3c(c2)CN(C2CCC(=O)NC2=O)C3=O)n1,Noncovalent,0.0
COC(=O)c1ccccc1-c1cn(C2CCC(=O)NC2=O)nn1,non-covalent,0.0
O=C(CCl)N1CC=C(c2ccccc2F)C1,Covalent,1.0
Nc1ccc(C(=O)NC2CCC(=O)NC2=O)c(F)c1,non-covalent,0.0
O=C1CCC(N2C(=O)c3ccc(C#Cc4ccccc4)cc3C2=O)C(=O)N1,non-covalent,0.0
C=CC(=O)N1Cc2cccn2[C@@H](C)C1,Covalent,1.0
C=CS(=O)(=O)Nc1ccccc1COC,Covalent,1.0
CC#CC(=O)Nc1cc2c(cc1F)CCNC2=O,Covalent,1.0
C=CS(=O)(=O)NC(C)c1ccc(C)cn1,Covalent,1.0
CN(C)S(=O)(=O)c1ccc(C(=O)NC2CCC(=O)NC2=O)cc1,Noncovalent,0.0
CC(C)(CNC(=O)c1ccc2c(c1)C(=O)N(C1CCC(=O)NC1=O)C2)C(=O)O,Noncovalent,0.0
CCOc1cc(C(=O)NC2CCC(=O)NC2=O)cc(OCC)c1OCC,Noncovalent,0.0
CNC(=O)c1ccc(B(O)O)cc1,Covalent,1.0
C=CC(=O)NCc1ccc2c(c1)C(C)C(C)O2,Covalent,1.0
C=CC(NC(=O)CCl)C1CCOCC1,Covalent,1.0
CCc1nscc1C(=O)NC1CCC(=O)NC1=O,Noncovalent,0.0
O=C1CCC(NC(=O)c2cc3cc(Cl)cnc3[nH]2)C(=O)N1,Noncovalent,0.0
CC(C)Oc1cncc(-c2ccc3c(c2)C(=O)N(C2CCC(=O)NC2=O)C3)n1,Noncovalent,0.0
c1ccc(-c2cccc(OCC3CO3)c2)nc1,Covalent,1.0
O=C1CCC(N2Cc3c(cccc3-c3cccc4[nH]ccc34)C2=O)C(=O)N1,Noncovalent,0.0
CC#CC(=O)N(C)Cc1ccc(N(C)C)nc1,Covalent,1.0
CC#CC(=O)NC1C(C#N)CCC12CCOCC2,Covalent,1.0
O=C1CCC(N2Cc3cc(NC(=O)Cc4ccc5ccccc5c4)ccc3C2=O)C(=O)N1,non-covalent,0.0
COc1c(Cl)nc2ccnn2c1N(C)C1CCC(=O)NC1=O,Noncovalent,0.0
CCC1(CNC(=O)c2ccc3c(c2)C(=O)N(C2CCC(=O)NC2=O)C3=O)CCC1,Noncovalent,0.0
O=C(CCl)N[C@@H]1c2ccccc2C[C@H]1NC(=O)c1cccc2c1C(=O)NC2,Covalent,1.0
O=C(CCl)NC1CCN(C2CC2)CC1,Covalent,1.0
C=CC(=O)N1CCC(c2ccccc2)C1C,Covalent,1.0
C=CC(=O)NC(C)c1csnn1,Covalent,1.0
C=CC(=O)NC1CCC(OC(C)C)CC1,Covalent,1.0
Cn1cnnc1-c1ncccc1C(=O)NC1CCC(=O)NC1=O,Noncovalent,0.0
CC(Cl)C(=O)N1CC2CC1CC2(F)F,Covalent,1.0
C[C@H](NC(=O)OC(C)(C)C)C(=O)N[C@H]1CCC(=O)NC1=O,non-covalent,0.0
Cn1nc(C(=O)NC2CCC(=O)NC2=O)c2cc(F)ccc21,Noncovalent,0.0
CC1(C)C[C@H]2OCC[C@H]2CN(C(=O)CCl)C1,Covalent,1.0
COc1ccc(Cn2cc(C(=O)NC3CCC(=O)NC3=O)cn2)cc1OC,Noncovalent,0.0
O=C1CCC(N2Cc3c(C(=O)N4CCCC4)cccc3C2=O)C(=O)N1,Noncovalent,0.0
COc1ccc(Cl)cc1C(=O)NC1CCC(=O)NC1=O,Noncovalent,0.0
COc1cc(OC)c(C(=O)NC2CCC(=O)NC2=O)c(OC(F)F)c1,Noncovalent,0.0
CCC(NC(=O)CCl)c1cccc(OC)n1,Covalent,1.0
O=C(CCl)NC1CCc2sccc2C1=O,Covalent,1.0
O=C1CCC(N2Cc3cc(-c4ccc5c(n4)CCCN5)ccc3C2=O)C(=O)N1,Noncovalent,0.0
CC(C)(C)CC(C)(C)Nc1c(-c2ccc3c(c2)CN(C2CCC(=O)NC2=O)C3=O)nc2ccccn12,non-covalent,0.0
C=CC(=O)NCCc1ccc2ccccc2n1,Covalent,1.0
Cn1cc(CNC(=O)C(F)Cl)cn1,Covalent,1.0
CC1CCCCC1C(=O)Nc1ccc(C2CC(=O)NC(=O)C2)cc1,Noncovalent,0.0
C=CC(=O)Nc1cc(F)c2nc(C)sc2c1,Covalent,1.0
O=C1CCC(NC(=O)c2ccc(C3CCCOC3)cc2)C(=O)N1,Noncovalent,0.0
O=C1CCC(N2Cc3cccc(CNC(=O)c4ccccc4)c3C2=O)C(=O)N1,non-covalent,0.0
CCc1nc2cc(F)ccc2cc1C(=O)NC1CCC(=O)NC1=O,Noncovalent,0.0
COC(=O)c1ccc(B(O)O)cc1C,Covalent,1.0
O=S(=O)(F)c1onc(C2CC2)c1Cl,Covalent,1.0
C=CS(=O)(=O)Nc1ccc(C(C)C)c(F)c1,Covalent,1.0
OB(O)c1ccccc1OCC1CCOC1,Covalent,1.0
O=C1CCC(N2C(=O)c3cccc([N+](=O)[O-])c3C2=O)C(=O)N1,non-covalent,0.0
O=C(CCl)NCc1ccnn1C1CCCC1,Covalent,1.0
C=CC(=O)Nc1cnc(C2CCCC2)nc1,Covalent,1.0
O=C1CCC(Nc2ccc(NC(=O)c3[nH]c(=O)n4c3CNCC4)cc2)C(=O)N1,Noncovalent,0.0
O=C1CCC(NC(=O)c2[nH]nnc2-c2cccs2)C(=O)N1,Noncovalent,0.0
O=C(CCl)Nc1cccnn1,Covalent,1.0
NCc1cn2c(C(=O)Nc3ccc(C4CCC(=O)NC4=O)cc3)cccc2n1,Noncovalent,0.0
O=C1CCC(NC(=O)c2nnc3ccc(Br)cn23)C(=O)N1,Noncovalent,0.0
O=C1CCC(N2Cc3c(F)cccc3C2=O)C(=O)N1,Noncovalent,0.0
CC#CC(=O)N1CC[C@H]2CC[C@]21c1ccco1,Covalent,1.0
CC(C)N(C(=O)CCl)C1CCCC1,Covalent,1.0
O=C1CCc2cc(OCC3CO3)ccc2N1,Covalent,1.0
CN1CCC(C)(C(=O)Nc2ccc3c(c2)C(=O)N(C2CCC(=O)NC2=O)C3)CC1,Noncovalent,0.0
CC(C)[C@H](CO)Nc1nccc(Nc2cccc3c2CN(C2CCC(=O)NC2=O)C3=O)n1,non-covalent,0.0
C=CC(=O)N1CCCC1c1ccc(COC)o1,Covalent,1.0
C=CS(=O)(=O)N1[C@H](CC)CC[C@@H]1C,Covalent,1.0
CN(C)S(=O)(=O)c1cc(C(=O)NC2CCC(=O)NC2=O)co1,Noncovalent,0.0
CC(C)(C)c1ccc(NC(=O)NCc2ccc3nnn(C4CCC(=O)NC4=O)c(=O)c3c2)cc1,non-covalent,0.0
COCCN(Cc1ccco1)C(=O)C(F)Cl,Covalent,1.0
O=C1CCC(NC(=O)c2cc(=O)c3cc(F)cc(F)c3[nH]2)C(=O)N1,Noncovalent,0.0
C=CC(=O)NCC1CCCCC1(F)F,Covalent,1.0
C=CC(=O)N1CC2CCCC(C1)C2CC(=O)O,Covalent,1.0
OB(O)c1cccc2cccnc12,Covalent,1.0
CC1CCC(NC(=O)CCl)C(=O)N1,Covalent,1.0
Nc1ccc(NC(=O)c2ccc3c(c2)CN(C2CCC(=O)NC2=O)C3=O)cc1,Noncovalent,0.0
C=CC(=O)Nc1ccc(C(=O)C(F)F)cc1,Covalent,1.0
COc1cc(C(=O)NC2CCC(=O)NC2=O)cn2cc(C)nc12,Noncovalent,0.0
O=C1CCC(N2Cc3cc(CNC(=O)c4cnc5ccccc5c4)ccc3C2=O)C(=O)N1,non-covalent,0.0
O=C1CCC(NC(=O)c2cccc3[nH]c(-c4cccs4)nc23)C(=O)N1,Noncovalent,0.0
Nc1cccc(CNC(=O)c2ccc3c(c2)CN(C2CCC(=O)NC2=O)C3=O)c1,Noncovalent,0.0
O=C(NC(c1ncccn1)C1CC1)C(F)Cl,Covalent,1.0
CCN1CC(C)CC(Oc2ccc3c(c2)CN(C2CCC(=O)NC2=O)C3=O)C1,non-covalent,0.0
O=C(COCc1nnc[nH]1)NCc1[nH]ncc1C(=O)NC1CCC(=O)NC1=O,Noncovalent,0.0
Cc1ccc2c(c1)C(C(=O)Nc1ccc(C3CCC(=O)NC3=O)cc1)OCC2,Noncovalent,0.0
O=C1CCC(NC(=O)c2occc2C2CC2)C(=O)N1,Noncovalent,0.0
O=C1CCC(N2Cc3c(NC(=O)C(F)(F)C(F)F)cccc3C2=O)C(=O)N1,Noncovalent,0.0
CCOc1cc(-c2ccccc2)sc1C(=O)N[C@@H]1CCC(=O)NC1=O,Noncovalent,0.0
O=C(C=Cc1cnn(-c2ccccc2)c1)Nc1ccc2c(c1)C(=O)NC2,Covalent,1.0
O=C1CCC(NC(=O)c2[nH]ncc2CNC(=O)c2coc3c2COC3)C(=O)N1,Noncovalent,0.0
O=S(=O)(F)CCOc1ccc2c(c1)OCC2,Covalent,1.0
O=C1CCN(c2ccc(-c3ccn(C4CC4(F)F)n3)cc2)C(=O)N1,Noncovalent,0.0
O=C1CCC(NC(=O)c2cc(Cc3ccccc3)n[nH]2)C(=O)N1,Noncovalent,0.0
NCCC1CCCCN1C(=O)c1cccc2c1CN(C1CCC(=O)NC1=O)C2=O,Noncovalent,0.0
CC(NC(=O)CCl)c1cc2ccccc2o1,Covalent,1.0
CCN1C(=O)C(=CNc2cccc3c2C(=O)NC3=O)C(=O)N(CC)C1=S,Covalent,1.0
C=CC(=O)NCC1CC(C(C)(C)C)=NO1,Covalent,1.0
O=C1NCc2c(OCc3nc(Cn4ccnc4)no3)cccc21,Noncovalent,0.0
CC(=O)NC1c2ccccc2C(=O)N1C1CCC(=O)NC1=O,Noncovalent,0.0
O=C1CCC(c2ccc(Nc3nc(-c4ccccc4Cl)cs3)cc2)C(=O)N1,Noncovalent,0.0
NC(Cc1ccc(F)cc1)C(=O)NCc1ccc2c(c1)CN(C1CCC(=O)NC1=O)C2=O,non-covalent,0.0
CNC(=O)Cc1ccc(Cl)c(C(=O)NC2CCC(=O)NC2=O)c1,Noncovalent,0.0
C=CC(=O)NCC(C)(O)c1ccc(C)o1,Covalent,1.0
CN1CCN(c2cccc3c2C(=O)N(C2CCC(=O)NC2=O)C3=O)CC1,non-covalent,0.0
COCc1cc(Cl)cc(C(=O)NC2CCC(=O)NC2=O)c1,Noncovalent,0.0
N#Cc1cccc(OCc2nc(C(=O)NC3CCC(=O)NC3=O)cs2)c1,Noncovalent,0.0
O=C1CCC(NC(=O)c2c[nH]n3c2nc(=O)c2ccccc23)C(=O)N1,Noncovalent,0.0
C=CC(=O)NCc1nc(N(C)C)no1,Covalent,1.0
C=CC(=O)NC1CCCC1C(=O)NC,Covalent,1.0
O=C1CCC(NC(=O)c2cc(-c3ccccc3)nc3cc(F)ccc23)C(=O)N1,Noncovalent,0.0
O=S(=O)(F)c1ccc(C2CCNCC2)cc1,Covalent,1.0
CC(Cc1c(F)cccc1F)NC(=O)CCl,Covalent,1.0
O=C(CCl)NCC1=CCCC1,Covalent,1.0
CCn1ccc(CN(C)C(=O)CCl)n1,Covalent,1.0
O=C(NCc1nnnn1-c1ccccc1)C1CO1,Covalent,1.0
C=CC(=O)N1CCN(Cc2cccnc2)CC1,Covalent,1.0
OCc1ccc(B(O)O)cc1Cl,Covalent,1.0
O=C1CCC(N2C(=O)c3ccc(N4CCN(C5CNC5)CC4)cc3C2=O)C(=O)N1,Noncovalent,0.0
CCn1nc(C)c(CN(C)C(=O)CCl)c1C,Covalent,1.0
C=CS(=O)(=O)N1CCC(C)(C#N)C1,Covalent,1.0
CN(Cc1cccnc1)CC1OC1(C)C,Covalent,1.0
CCC(CC)n1nc(C)cc1C(=O)NC1CCC(=O)NC1=O,Noncovalent,0.0
CN(C)C(=O)c1cccc(NC(=O)CCl)c1,Covalent,1.0
O=C1CCC(c2ccc(Nc3nc(-c4cccnc4)nc4c3CCC4)cc2)C(=O)N1,Noncovalent,0.0
C=CC(=O)Nc1ccc2nnc(C3CC3)n2c1,Covalent,1.0
C=CC(=O)NCc1ccccc1C(=O)O,Covalent,1.0
O=S(=O)(F)Oc1cccc(OC2CC2)c1,Covalent,1.0
C=CC(=O)N1Cc2ccc(OC)cc2C1,Covalent,1.0
O=C1CCC(CS(=O)(=O)c2ccc(F)cc2)C(=O)N1,non-covalent,0.0
C=CC(=O)NC1CCCSC1,Covalent,1.0
Cc1cc(C)n2nc(C)c(C(=O)NC3CCC(=O)NC3=O)c2n1,Noncovalent,0.0
O=C1CCC(N2Cc3cc(C(=O)N4CCC[C@@H]4C(=O)O)ccc3C2=O)C(=O)N1,Noncovalent,0.0
Nc1ccc(F)c2c1CN(C1CCC(=O)NC1=O)C2=O,non-covalent,0.0
O=C1CCC(NC(=O)c2n[nH]c3c2CN(C(=O)CCc2cccnc2)C3)C(=O)N1,Noncovalent,0.0
C=CC(=O)N[C@@H]1C[C@H]1c1cccnc1,Covalent,1.0
Cn1ncc(C#N)c1-c1ccc2c(c1)C(=O)N(C1CCC(=O)NC1=O)C2,Noncovalent,0.0
Nc1ccc2c(c1)CCC(CNC(=O)c1ccc(N3CCC(=O)NC3=O)cc1)O2,Noncovalent,0.0
O=C1CCC(N2C(=O)c3cccc(-c4ccccc4)c3C2=O)C(=O)N1,non-covalent,0.0
COC(=O)c1nc(NC(=O)Cn2cnccc2=O)sc1CCc1ccccc1,non-covalent,0.0
N[C@H]1COCc2cc(C(=O)Nc3ccc(C4CCC(=O)NC4=O)cc3)ccc21,Noncovalent,0.0
Cc1nc(C(=O)NC2CCC(=O)NC2=O)n2c1CCC2,Noncovalent,0.0
CC(C)C(O)Cc1cn(-c2cccc3c2CN(C2CCC(=O)NC2=O)C3=O)nn1,Noncovalent,0.0
Cc1n[nH]c(C)c1C=C(C#N)C(=O)N1CCCC1,Covalent,1.0
CC#CC(=O)N[C@@H](C)C(=O)N1CCCCC1,Covalent,1.0
CC#CC(=O)NCc1ncc(N(C)C)cn1,Covalent,1.0
CC1CCN(S(=O)(=O)c2ccc(C(=O)NC3CCC(=O)NC3=O)cc2)CC1,Noncovalent,0.0
NCc1cccc2c1C(=O)N(C1CCC(=O)NC1=O)C2=O,Noncovalent,0.0
C=CC(=O)Nc1cnn(-c2ccccc2F)c1,Covalent,1.0
O=C(NCC(=O)N1CCCC1)C(F)Cl,Covalent,1.0
O=C1CCC(N2Cc3c(NC4=NC(Nc5ccccc5F)NC=C4)cccc3C2=O)C(=O)N1,non-covalent,0.0
O=C1CCC(N2Cc3cc(-c4ccc(C(F)(F)F)nc4)ccc3C2=O)C(=O)N1,Noncovalent,0.0
C=CC(=O)N1CC2OCCN(C(C)=O)C2C1,Covalent,1.0
C=CC(=O)N1CC(Oc2nccs2)C1,Covalent,1.0
COc1ccc2nc(C(=O)Nc3ccc4c(c3)CN(C3CCC(=O)NC3=O)C4=O)ccc2c1,non-covalent,0.0
C=CC(=O)N1CCCc2c(C(=O)Nc3ccc4c(c3)C(=O)NC4)cccc21,Covalent,1.0
O=S(=O)(F)c1ccc(C2CC2)cc1F,Covalent,1.0
CC(Cn1cccn1)C(=O)N1Cc2[nH]nc(C(=O)NC3CCC(=O)NC3=O)c2C1,Noncovalent,0.0
C=CC(=O)N(C)C1CCCCC1S(C)(=O)=O,Covalent,1.0
CCON1CCC(NC(=O)CCl)CC1,Covalent,1.0
C=CC(=O)N1CCN(Cc2ncon2)CC1,Covalent,1.0
Cc1ccc(CN(C(=O)CCl)C2CC2)cc1,Covalent,1.0
Cc1nc(S(=O)(=O)F)c(-c2ccccc2)o1,Covalent,1.0
O=C1CCC(N2Cc3c(cccc3-c3cc4c(s3)C(=O)NCC4)C2=O)C(=O)N1,Noncovalent,0.0
Cc1c(Cl)nc2ncnn2c1NC1CCC(=O)NC1=O,Noncovalent,0.0
COCCNC(=O)NCc1ccc2c(c1)C(=O)N(C1CCC(=O)NC1=O)C2,Noncovalent,0.0
O=C(NCCn1cc(Cl)cn1)C12CC1C2,Covalent,1.0
C=CC(=O)NCCC1CCCCN1C(=O)CC1NC(=O)c2ccccc21,Covalent,1.0
O=S(=O)(F)Cc1ccn(CC(F)(F)F)n1,Covalent,1.0
CC#CC(=O)NC(C)c1cc(F)ccc1N(C)C,Covalent,1.0
COCCN(C(=O)C12CC1C2)C1CCOCC1,Covalent,1.0
O=S(=O)(F)Oc1cccc(-c2cc[nH]n2)c1,Covalent,1.0
CC1(C)Cc2cc(C=C(C#N)C(N)=O)ccc2O1,Covalent,1.0
O=C1CCC(NC(=O)c2cccc3c2C(=O)N(C2CC(=O)NC2=O)C3=O)C(=O)N1,Noncovalent,0.0
O=C1CCC(Nc2ncnc3c2nnn3C2CC2)C(=O)N1,Noncovalent,0.0
CC1(N2C(=O)c3ccc(C(=O)O)cc3C2=O)CCC(=O)NC1=O,Noncovalent,0.0
C=CC(=O)N1CCC2(CC1)CC(=O)CCO2,Covalent,1.0
O=C(CCl)NCC12CCCC(C1)C(=O)N2,Covalent,1.0
O=C1CCC(N2Cc3ccc(C(=O)N[C@H]4C[C@H](C(=O)O)C4)cc3C2=O)C(=O)N1,Noncovalent,0.0
C=CC(=O)N1CCN(C(C)C)C(=O)C1,Covalent,1.0
O=C1CCC(N2Cc3cc(CNC(=O)/C(Cc4ccc(Cl)cc4)=N/O)ccc3C2=O)C(=O)N1,non-covalent,0.0
O=C1CCN(c2ccc(C(=O)NCCC3CCNCCC3(F)F)cc2)C(=O)N1,Noncovalent,0.0
C#CC(Cc1ccc(F)cc1F)N(C)C(=O)C=C,Covalent,1.0
Cc1cc2c(C(=O)NC3CCC(=O)NC3=O)nccn2n1,Noncovalent,0.0
O=C1NCc2c(NC(=O)C(F)Cl)cccc21,Covalent,1.0
C=CC(=O)NC1(c2ccnc(C)n2)CC1,Covalent,1.0
C=CC(=O)NCC1CSc2ccccc2O1,Covalent,1.0
O=C1CCC(N2Cc3cc(-c4cc(CN5CCCC5)c5[nH]nc(C6CCC6)c5n4)ccc3C2=O)C(=O)N1,non-covalent,0.0
CCc1cc(N(C)C2CCC(=O)NC2=O)n2nccc2n1,Noncovalent,0.0
CC#CC(=O)NC1CCCCC1P(C)(C)=O,Covalent,1.0
C=CC(=O)N(C)Cc1cccc(OC)n1,Covalent,1.0
O=C(O)COc1cccc2c1C(=O)N(C1CCC(=O)NC1=O)C2=O,Noncovalent,0.0
OB(O)c1ccc2c(c1)CCCO2,Covalent,1.0
C#Cc1cccc(NC(=O)CN(C)C2=CC(=O)N(C3CCC(=O)NC3=O)C2=O)c1,Covalent,1.0
O=C1CC[C@@H](NC(=O)c2cn(Cc3ccc(F)c(C(F)(F)F)c3)nn2)C(=O)N1,Noncovalent,0.0
C=CS(=O)(=O)N(C)C12CCC(CC1)C2,Covalent,1.0
C=CC(=O)N1CCN(C2CC2)C(C(N)=O)C1,Covalent,1.0
Cc1cnc(F)c(CNC(=O)CCl)c1,Covalent,1.0
O=C(CCl)N[C@H]1CCCc2ccccc21,Covalent,1.0
N#Cc1cc(NC2CCC(=O)NC2=O)c2ccccc2n1,Noncovalent,0.0
C=CC(=O)N([C@@H]1COC[C@H]1O)C(C)(C)C,Covalent,1.0
CC(C)(O)Cc1cn(-c2cccc3c2CN(C2CCC(=O)NC2=O)C3=O)nn1,Noncovalent,0.0
O=S(=O)(F)c1c[nH]c(C(F)(F)F)c1,Covalent,1.0
NN1CC(=O)NC1=O,non-covalent,0.0
O=C1CCC(N2Cc3c(cccc3-c3ccc4c(c3)CCNC4)C2=O)C(=O)N1,Noncovalent,0.0
O=C1CCC(NC(=O)c2cccc(=O)[nH]2)C(=O)N1,Noncovalent,0.0
C=CC(=O)NC[C@]12OCCC[C@H]1C2(F)F,Covalent,1.0
C=CS(=O)(=O)N1CCCCC1C(C)(C)C,Covalent,1.0
Cn1ncc2c(NC3CCC(=O)NC3=O)ncnc21,Noncovalent,0.0
CC(C)(C)C1CCc2c(n[nH]c2C(=O)NC2CCC(=O)NC2=O)C1,Noncovalent,0.0
O=C1CCC(NC(=O)c2ccc(NC(=O)c3ccco3)s2)C(=O)N1,Noncovalent,0.0
CN1C(=O)CCC(NC(=O)c2c[nH]c3cc(F)c(F)cc3c2=O)C1=O,Noncovalent,0.0
CC1(C)CCCN1C(=O)Nc1ccc2c(c1)CN(C1CCC(=O)NC1=O)C2=O,Noncovalent,0.0
NCCNC(=O)COc1cccc2c1C(=O)N(C1CCC(=O)NC1=O)C2=O,Noncovalent,0.0
N#Cc1ccc(CNC(=O)CCl)cc1,Covalent,1.0
COCCNc1ncc(C(=O)NC2CCC(=O)NC2=O)s1,Noncovalent,0.0
COc1ccccc1C(=O)NC1CCC(=O)NC1=O,Noncovalent,0.0
CCCN(CC1CC1)S(=O)(=O)Nc1ccc(C2CCC(=O)NC2=O)cc1,Noncovalent,0.0
N[C@@H]1CCC[C@H](CNC(=O)c2ccc3c(c2)C(=O)N(C2CCC(=O)NC2=O)C3)C1,Noncovalent,0.0
C=CS(=O)(=O)N1CCC(Cn2cccn2)C1,Covalent,1.0
N#CC(=Cc1[nH]c2ccccc2c1Cl)C(N)=O,Covalent,1.0
Cc1n[nH]c(CNC(=O)C(F)Cl)c1C,Covalent,1.0
C=CC(=O)NC1CCC(O)(C(F)(F)F)CC1,Covalent,1.0
CC(C)Cc1cc(NC2CCC(=O)NC2=O)ncn1,Noncovalent,0.0
C=CC(=O)N(C)CC(=O)Nc1cc(C)on1,Covalent,1.0
C=CCn1cc2ccc(NC(=O)CCl)cc2n1,Covalent,1.0
O=C1CCC(N2Cc3ccc(CNC(=O)c4cnccc4O)cc3C2=O)C(=O)N1,Noncovalent,0.0
Cc1ccc(NS(=O)(=O)c2cccc(C#N)c2)c2[nH]cc(C#N)c12,non-covalent,0.0
O=C1CCC(N2Cc3c(C#CCNCCc4ccccc4)cccc3C2=O)C(=O)N1,non-covalent,0.0
Nc1ccc2c(c1)C(=O)N(C1CCC(=O)NC1=O)C2,Noncovalent,0.0
CS1(=O)=NCc2c(-c3ccc(N4CCC(=O)NC4=O)cc3)cccc21,Noncovalent,0.0
C=CC(=O)NC(C)c1ccc2c(c1)CC(=O)N2C,Covalent,1.0
C=CC(=O)N1CCc2c(ccnc2N(C)C)C1,Covalent,1.0
Cc1ccc(CCNc2ccc3c(c2)CN(C2CCC(=O)NC2=O)C3=O)cc1,Noncovalent,0.0
O=S(=O)(F)c1ccc(C2CCCCC2)cc1,Covalent,1.0
COc1ccc(Cl)cc1CNC(=O)CCl,Covalent,1.0
O=C1CCC(NC(=O)c2c(C(F)(F)F)nn3c2CCCC3)C(=O)N1,Noncovalent,0.0
CC(C)n1ccnc1C(=O)N[C@@H]1CCC(=O)NC1=O,Noncovalent,0.0
C=CC(=O)NC1CC2C=CC1CC2,Covalent,1.0
C=CC(=O)N1CCS(=O)(=O)CC1C1CCC1,Covalent,1.0
O=C(CCl)N1CCOCC1C1CC1,Covalent,1.0
CCN1Cc2ccc(OS(=O)(=O)F)cc2C1,Covalent,1.0
CC(C)(C)c1cc(NC(=O)CCl)on1,Covalent,1.0
C=CC(=O)Nc1cccc2c1OC(C)(C)CC2=O,Covalent,1.0
CC#CC(=O)N1CC(C)Cc2cccc(O)c21,Covalent,1.0
O=C1CCC(CS(=O)(=O)c2ccccc2)C(=O)N1,non-covalent,0.0
C=CC(=O)NCC1(n2ccnn2)CC1,Covalent,1.0
C=CC(=O)NCc1nc2c(s1)CC(C)CC2,Covalent,1.0
O=C1CCC(NC(=O)c2cccnc2Oc2cccnc2)C(=O)N1,Noncovalent,0.0
CC(C)(C)c1ccc2c(c1)C=C(C(=O)NCc1ccc3c(c1)CN(C1CCC(=O)NC1=O)C3=O)CO2,non-covalent,0.0
C=CC(=O)N1C2CCC1CC(CC(F)F)C2,Covalent,1.0
C=CS(=O)(=O)NC1CCCc2ncccc21,Covalent,1.0
C=CC(=O)NCc1cccc2nsnc12,Covalent,1.0
O=C1CN(C(=O)CCl)C2CCCCC2N1,Covalent,1.0
C=CC(=O)Nc1ccc(C#N)cc1OC(C)C,Covalent,1.0
O=S(=O)(F)Oc1ccc2ccncc2c1,Covalent,1.0
C=CC(=O)N1CCC(=O)N(C)CC1,Covalent,1.0
O=C1CC(N2C(=O)c3ccc([N+](=O)[O-])cc3C2=O)C(=O)N1,non-covalent,0.0
CP(C)(=O)C1CCCC2(CO2)C1,Covalent,1.0
O=S(=O)(F)CCN1CCCc2ccccc21,Covalent,1.0
Cc1ccsc1-c1cccc2c1CN(C1CCC(=O)NC1=O)C2=O,Noncovalent,0.0
C=CS(=O)(=O)N1CCCC12CCOC2,Covalent,1.0
O=C1CCC(N2Cc3cc(-c4nccc5cnccc45)ccc3C2=O)C(=O)N1,Noncovalent,0.0
Cc1ccc(S(=O)(=O)NC(=O)CCl)cc1,Covalent,1.0
Cn1cc(S(=O)(=O)F)cc1C(=O)O,Covalent,1.0
O=C1CCC(N2Cc3ccc(C(=O)N4CCCC[C@H]4C(=O)O)cc3C2=O)C(=O)N1,Noncovalent,0.0
O=C(C1CO1)N1CC(Cc2cccs2)C1,Covalent,1.0
O=C(O)Cc1ccc(S(=O)(=O)F)s1,Covalent,1.0
C=CC(=O)NC1C2CCc3ccccc3C21,Covalent,1.0
O=C1CCC(N2C(=O)c3ccc(Br)cc3C2=O)C(=O)N1,non-covalent,0.0
O=C1c2ccccc2C(=O)N1CCCC1CO1,Covalent,1.0
Nc1ccc(C2CCC(=O)NC2=O)cc1,non-covalent,0.0
O=C1CCC(N2Cc3c(C(=O)NC4(C(=O)O)CC4)cccc3C2=O)C(=O)N1,Noncovalent,0.0
Cn1nc(C(=O)NC2CCC(=O)NC2=O)c2ncccc21,Noncovalent,0.0
O=c1ccn(-c2ccccc2)c(=O)[nH]1,non-covalent,0.0
O=C1CCC(NC(=O)c2ccc(NCCc3ccccn3)cc2)C(=O)N1,Noncovalent,0.0
CC#CC(=O)NCCC1COc2ccccc2O1,Covalent,1.0
C=CC(=O)N1CCc2nnc(OC)cc2C1,Covalent,1.0
CC1(C(=O)NCc2ccc(Cl)s2)CO1,Covalent,1.0
C=CC(=O)N1CCCC1c1ccsc1,Covalent,1.0
Cc1ccc(NC(=O)NCc2ccc3nnn(C4CCC(=O)NC4=O)c(=O)c3c2)cc1Cl,non-covalent,0.0
O=C1CCC(NC(=O)c2ccc3ncsc3n2)C(=O)N1,Noncovalent,0.0
O=C(CCl)NCc1nc2c(F)cccc2o1,Covalent,1.0
CN(CC(C)(C)C)C(=O)c1cccc(C(=O)NC2CCC(=O)NC2=O)c1,Noncovalent,0.0
O=C1CCC(Nc2ccc(NC(=O)c3c(F)ccc4ccoc34)cc2)C(=O)N1,Noncovalent,0.0
O=C1CCC(NC(=O)c2ccc(=O)n(-c3ccccc3F)n2)C(=O)N1,Noncovalent,0.0
Cc1nnsc1CNC(=O)C(C)Cl,Covalent,1.0
COCCCN1C(=O)c2ccc(C(=O)NC3CCC(=O)NC3=O)cc2C1=O,Noncovalent,0.0
COCc1cc(Nc2cccc(N3CCC(=O)NC3=O)c2C)n2ncnc2n1,Noncovalent,0.0
CCC1(c2ccc(NCc3ccc(-n4cncn4)cc3)cc2)CCC(=O)NC1=O,Noncovalent,0.0
O=C(CCl)N(Cc1cccs1)C1CC1,Covalent,1.0
O=C1CCC(NC(=O)c2cc(Br)c3c(c2)C(=O)NCCO3)C(=O)N1,Noncovalent,0.0
Nc1ccc(OC2CCC(=O)NC2=O)cc1,Noncovalent,0.0
C=CC(=O)N1CCN2C(=O)N(C)C(=O)C2C1,Covalent,1.0
CCN1C[C@H](C)C[C@@H](Oc2ccc3c(c2)CN(C2CCC(=O)NC2=O)C3=O)C1,non-covalent,0.0
C=C(C)CS(=O)(=O)Nc1ccc(C2CC(=O)NC(=O)C2)cc1,Noncovalent,0.0
CC1CC(CNc2ccc(C3CC(=O)NC(=O)C3)cc2)CCO1,Noncovalent,0.0
O=C(/C=C/c1ccccc1)NC1CC(=O)NC1=O,non-covalent,0.0
O=C(CCl)N1CC=CCC2(CCOCC2)C1,Covalent,1.0
C=CC(=O)N1CC(SC)C(N(C)C)C1,Covalent,1.0
CC#CC(=O)NCc1csc(C(C)(C)C)n1,Covalent,1.0
CN(C(=O)c1ccc(N2CCC(=O)NC2=O)cc1)C1CCc2ncccc2C1,Noncovalent,0.0
CN1CCCC1(C)C(=O)Nc1ccc2c(c1)C(=O)N(C1CCC(=O)NC1=O)C2,Noncovalent,0.0
O=C1CCC(Nc2ccnc3c(C(F)(F)F)cccc23)C(=O)N1,Noncovalent,0.0
Cc1cc(CNC(=O)CCl)[nH]n1,Covalent,1.0
CC(C)n1nccc1-c1ccc2c(c1)CN(C1CCC(=O)NC1=O)C2=O,Noncovalent,0.0
O=C(NCc1nc(-c2ccccc2)no1)C1CO1,Covalent,1.0
Cc1cccc(S(=O)(=O)Nc2ccc3c(c2)CN(C2CCC(=O)NC2=O)C3=O)c1,non-covalent,0.0
CC(C)Cc1ccc2c(N)c(C(=O)NC3CCC(=O)NC3=O)sc2n1,Noncovalent,0.0
C=CC(=O)NCC1(C)CCCCO1,Covalent,1.0
CC#CC(=O)NCCc1ccc2cn[nH]c2c1,Covalent,1.0
Cn1nc(C2CCC(=O)NC2=O)c2ccccc21,non-covalent,0.0
Cc1ccc2c(C(=O)NC3CCC(=O)NC3=O)cc(-c3cnn(C)c3)nc2c1C,Noncovalent,0.0
O=C(O)CCc1cccc2c1C(=O)N(C1CCC(=O)NC1=O)C2=O,Noncovalent,0.0
CN1C(=O)COc2ccc(C(=O)NC3CCC(=O)NC3=O)cc21,Noncovalent,0.0
Cc1cc(C(=O)NC2CCC(=O)NC2=O)c2cccc(O)c2n1,Noncovalent,0.0
O=C1CCC(N2C(=O)c3ccccc3C2c2c[nH]c3ccccc23)C(=O)N1,Noncovalent,0.0
C=CS(=O)(=O)NCc1ccc(Cl)cc1O,Covalent,1.0
O=C1CCC(NC(=O)c2cc(N3CCOCC3)ncn2)C(=O)N1,Noncovalent,0.0
COc1cc(OC)cc(OS(=O)(=O)F)c1,Covalent,1.0
C=CC(=O)N1CCCC(C(=O)Nc2cccc(C3CC(=O)NC(=O)C3)c2)C1,Covalent,1.0
Cc1cc(-c2ccc3c(c2)CN(C2CCC(=O)NC2=O)C3=O)sn1,Noncovalent,0.0
O=C1CCC(c2ccc(NC(=O)c3cccc4cn[nH]c(=O)c34)cc2)C(=O)N1,Noncovalent,0.0
O=C1CCC(N2Cc3ccc(CNC(=O)[C@H]4[C@@H]5CCCC[C@@H]54)cc3C2=O)C(=O)N1,Noncovalent,0.0
CC1(C)CN(C(=O)CNc2cccc3c2C(=O)N(C2CCC(=O)NC2=O)C3=O)C1,Noncovalent,0.0
CC#CC(=O)NCCN1CCCS1(=O)=O,Covalent,1.0
C=CC(=O)NCc1[nH]nc2c1CCCC2,Covalent,1.0
O=C1CCC(c2ccc(Nc3cc(-c4ccccc4)nc4ccnn34)cc2)C(=O)N1,Noncovalent,0.0
O=S(=O)(F)C1CCC2CCC1OC2,Covalent,1.0
O=C(NC1(c2ccccc2F)CCCC1)C1CO1,Covalent,1.0
CC#CC(=O)N(C1CC1)C1CC(=O)NC1=O,Covalent,1.0
CN(c1cc(Cl)nc(-c2ccc(F)c(Cl)c2)n1)C1CCC(=O)NC1=O,Noncovalent,0.0
O=C1CCC(N2Cc3c(OCCOCCOCCOCc4ccccc4)cccc3C2=O)C(=O)N1,non-covalent,0.0
CNC(=O)C1CN(C(=O)CCl)CCO1,Covalent,1.0
CN(c1ccccc1)c1ccc(C(=O)NC2CCC(=O)NC2=O)cn1,Noncovalent,0.0
O=C1CCC(NC(=O)c2cc(CNC(=O)C3CCc4nccn43)n[nH]2)C(=O)N1,Noncovalent,0.0
O=C1CCC(n2cc(-c3cccc(C(F)(F)F)c3)nn2)C(=O)N1,Noncovalent,0.0
Cn1ncc2cc(C(=O)NC3CCC(=O)NC3=O)cc(O)c21,Noncovalent,0.0
O=C1CCC(NC(=O)c2ocnc2C2CCC2)C(=O)N1,Noncovalent,0.0
O=C1CCC(N2Cc3cc(-c4ccncn4)ccc3C2=O)C(=O)N1,Noncovalent,0.0
O=C1CCC(NC(=O)c2ccccc2I)C(=O)N1,non-covalent,0.0
O=C1CCC2(CC(c3ccccc3I)=NO2)C(=O)N1,non-covalent,0.0
Cn1cncc1CNc1cccc(C(=O)NC2CCC(=O)NC2=O)c1,Noncovalent,0.0
O=C1CCC(n2cc(C3(O)CC4CCC3C4)nn2)C(=O)N1,Noncovalent,0.0
O=C(CCl)N(Cc1ccco1)c1ccccc1,Covalent,1.0
C=CS(=O)(=O)NCC(C)(C)c1ccncc1,Covalent,1.0
COc1ccc2c(c1)CCCN2C(=O)CCl,Covalent,1.0
CN(CC(=O)Nc1cccc(C2CCC(=O)NC2=O)c1)c1ccc(C#N)cc1F,Noncovalent,0.0
CC#CC(=O)NCC(C)c1ccsc1,Covalent,1.0
N#Cc1ccc2c(c1)CCC2NC(=O)C1CO1,Covalent,1.0
CC#CC(=O)N(C)Cc1ccc(OC)cc1,Covalent,1.0
O=C(CCl)NC1CC(=O)N(CC2CC2)C1,Covalent,1.0
CCCN1CCCN(C(=O)CCl)CC1=O,Covalent,1.0
CC#CC(=O)NCCC1CCN(C(C)=O)CC1,Covalent,1.0
O=C1CCC(NC(=O)c2cnn(CC3CCCCO3)c2)C(=O)N1,Noncovalent,0.0
O=S(=O)(F)Oc1cccc2cnccc12,Covalent,1.0
O=C1CCC(NC(=O)c2oc(C(F)(F)F)nc2C2CC2)C(=O)N1,Noncovalent,0.0
Cn1ccc(C(=O)Nc2ccc(C(=O)NC3CCC(=O)NC3=O)cc2)n1,Noncovalent,0.0
COc1ncc(F)cc1B(O)O,Covalent,1.0
C=CC(=O)NC1CN(c2ccccc2)C1,Covalent,1.0
O=C1CCC(NC(=O)c2cc3c(nn2)CCOC3)C(=O)N1,Noncovalent,0.0
O=C1CCC(NC(=O)c2coc(CNC(=O)c3ccnc4cc[nH]c34)c2)C(=O)N1,Noncovalent,0.0
O=C1CCC(c2cccc(NC(=O)c3cncn3-c3cccc(F)n3)c2)C(=O)N1,Noncovalent,0.0
C=CC(=O)NCCC1Cc2ccccc2C1,Covalent,1.0
N#Cc1cnc(NC2CCC(=O)NC2=O)c2sccc12,Noncovalent,0.0
O=C(O)CCCCOc1cccc2c1C(=O)N(C1CCC(=O)NC1=O)C2=O,Noncovalent,0.0
Cc1cc(NC2CCC(=O)NC2=O)nnc1C(F)(F)F,Noncovalent,0.0
O=C1CCC(NC(=O)c2ccnn2C2CCCC2)C(=O)N1,Noncovalent,0.0
O=C(NCC(=O)c1ccc(F)c2ccccc12)c1cccc2c1C(=O)NC2=O,Noncovalent,0.0
Cn1nc(C(=O)NC2CCC(=O)NC2=O)cc1-c1nn[nH]n1,Noncovalent,0.0
CCN(C)CC(=O)Nc1cccc2c1CN(C1CCC(=O)NC1=O)C2=O,Noncovalent,0.0
O=C1CCC(N2Cc3ccc(-c4ccc5nccc(O)c5c4)cc3C2=O)C(=O)N1,Noncovalent,0.0
O=C1CCC(NC(=O)c2cnc3nc(O)ccc3c2)C(=O)N1,Noncovalent,0.0
CNc1ccccc1-c1cccc2c1CN(C1CCC(=O)NC1=O)C2=O,Noncovalent,0.0
O=C1CCC(NC(=O)c2cc3c(cc2Cl)NC(=O)C3)C(=O)N1,Noncovalent,0.0
N#CC1(CS(=O)(=O)F)CCCNC1,Covalent,1.0
Nc1ccncc1B(O)O,Covalent,1.0
O=C(NCc1ncc2c(n1)CCC2)C12CC1C2,Covalent,1.0
C=CC(=O)N1CCN(C(=O)C2CC2)C1,Covalent,1.0
CC(Cl)C(=O)N1CCOC2CC21,Covalent,1.0
COCCCn1nc(C(=O)NC2CCC(=O)NC2=O)ccc1=O,Noncovalent,0.0
CSc1ccccc1OCC1CO1,Covalent,1.0
CC(C)(C(=O)NCc1occc1C(=O)NC1CCC(=O)NC1=O)n1cnnn1,Noncovalent,0.0
COc1c(F)ccc(B(O)O)c1F,Covalent,1.0
C=CS(=O)(=O)NCCc1ccccc1,Covalent,1.0
Cc1c(C(=O)NC2CCC(=O)NC2=O)nnn1CCOc1ccc(F)cc1,Noncovalent,0.0
O=C1CCC(c2ccc(NC(=O)Cc3nnc(C4CCOCC4)[nH]3)cc2)C(=O)N1,Noncovalent,0.0
CC(C)(C)OC(=O)N1CC2(C1)CN(c1cccc3c1C(=O)N(C1CCC(=O)NC1=O)C3=O)C2,non-covalent,0.0
CC(C)n1nnc(C(=O)NC2CCC(=O)NC2=O)c1C(F)(F)F,Noncovalent,0.0
O=C1CCC(N2Cc3c(cccc3N3CCCCC3)C2=O)C(=O)N1,non-covalent,0.0
C=CC(=O)NCC1CCC2(CCC2)CO1,Covalent,1.0
CC(C)c1ccc(C(=O)NC2CCC(=O)NC2=O)c(C(C)C)c1,Noncovalent,0.0
COc1cc2ccc(CNc3ccc4c(c3)CN(C3CCC(=O)NC3=O)C4=O)cc2cc1OC,non-covalent,0.0
O=C(C1CO1)N1CCCCCC1c1ccccc1,Covalent,1.0
Cn1nnc(CNC2CCC(=O)NC2=O)n1,Noncovalent,0.0
Cc1nc2c(C)cc(C(=O)NC3CCC(=O)NC3=O)cc2o1,Noncovalent,0.0
O=C1CCC(NC(=O)c2c[nH]nc2C2CCOC2)C(=O)N1,Noncovalent,0.0
O=C1CCC(NC(=O)c2cccn3c4c(nc23)CCCC4)C(=O)N1,Noncovalent,0.0
COc1cccc2c(C(=O)NC3CCC(=O)NC3=O)c(C)[nH]c12,Noncovalent,0.0
O=C1CC[C@@H](NC(=O)c2cnc3n2CCOC3)C(=O)N1,Noncovalent,0.0
C=CC(=O)NC1CCOC1(C)C,Covalent,1.0
C=CC(=O)Nc1noc(C(C)(C)C)c1C,Covalent,1.0
CC#CC(=O)NC1CN(CC)Cc2ccccc21,Covalent,1.0
CC(Cl)C(=O)NC(C)c1nnnn1C1CC1,Covalent,1.0
CC(=O)N([C@H]1CCC(=O)NC1=O)[C@@H](C(=O)NC(C)(C)C)c1ccc(C)cc1,non-covalent,0.0
O=C1CCC2(CC(c3ccc(C(=O)O)cc3)=NO2)C(=O)N1,non-covalent,0.0
C=CC(=O)NCc1ccc(-c2csc(C)n2)o1,Covalent,1.0
O=C1CCC(NC(=O)c2csc(-c3ccc(Cl)cc3)n2)C(=O)N1,Noncovalent,0.0
O=C1CCC(NC(=O)c2ccn(Cc3cc(Cl)ccc3Cl)n2)C(=O)N1,Noncovalent,0.0
Cc1nc(Nc2ccc(C3CCC(=O)NC3=O)cc2)c2ccn(CC#N)c2n1,Noncovalent,0.0
O=C1CC(c2cccc(NC(=O)C3C4CCC(O4)C3C(F)(F)F)c2)CC(=O)N1,Noncovalent,0.0
Cc1nc(-c2c(C)c(C)nn(C)c2=O)sc1C(=O)NC1CCC(=O)NC1=O,Noncovalent,0.0
Cc1csc(S(=O)(=O)NC2CCC(=O)NC2=O)c1,Noncovalent,0.0
CC(C)Oc1cc(B(O)O)c(F)cn1,Covalent,1.0
O=C1CCC(N2Cc3ccc(NC(=O)C4CCCCCC4)cc3C2=O)C(=O)N1,Noncovalent,0.0
O=C1CCC(n2cc(-c3csc(C(=O)N4CCCC4)c3)nn2)C(=O)N1,non-covalent,0.0
O=C1CCC(Sc2nc3scc(-c4ccc(F)cc4)c3c(=O)[nH]2)C(=O)N1,Noncovalent,0.0
O=C1CCC(N2Cc3ccc(C(=O)NCc4ccccc4O)cc3C2=O)C(=O)N1,Noncovalent,0.0
CC(C)COc1ncc(C(=O)NC2CCC(=O)NC2=O)cc1Cl,Noncovalent,0.0
CC#CC(=O)Nc1ccc2c(c1)NC(=O)CO2,Covalent,1.0
C=CC(=O)NCc1nncn1-c1ccccc1,Covalent,1.0
O=C1CCC(NC(=O)c2cccnc2)C(=O)N1,Noncovalent,0.0
O=C(CCl)N1CCCCC(C2CCOC2)C1,Covalent,1.0
OB(O)c1ccc(OC2CCCC2)cc1,Covalent,1.0
CC(=O)N1CC2(C[C@@H]3O[C@@H]3C2)C1C(C)C,Covalent,1.0
Cc1ccc(C)c(NC(=O)NC(=O)CCl)c1,Covalent,1.0
O=C1CCC(N2C(=O)c3ccc(CO)cc3C2=O)C(=O)N1,Noncovalent,0.0
Cc1ccc([C@H](C(=O)NC(C)(C)C)N(C(=O)C(C)C)[C@H]2CCC(=O)NC2=O)cc1,non-covalent,0.0
C=CC(=O)NCc1ccnn1C1CC1(F)F,Covalent,1.0
CS(=O)(=O)NC1CN(C(=O)C23CC2C3)C1,Covalent,1.0
Cc1ccc(F)c(N(C#N)CCCO)c1,Covalent,1.0
O=C1CCC(NC(=O)c2cc(Cn3cc(Cl)cn3)cs2)C(=O)N1,Noncovalent,0.0
CN1C(=O)CCC(NC(=O)c2cncn2C)C1=O,Noncovalent,0.0
C=CC(=O)N1CCOc2c(F)cccc2C1,Covalent,1.0
O=C(NC1CCc2n[nH]c(=O)cc2C1)c1ccc2c(c1)C(=O)NC2,Noncovalent,0.0
C=CS(=O)(=O)N1CCC(O)CC(C)C1,Covalent,1.0
O=C1CCC(NC(=O)c2cc(C3CNCCO3)no2)C(=O)N1,Noncovalent,0.0
C=CC(=O)N1CCS(=O)(=O)C2CCCC21,Covalent,1.0
O=C1CC(NC(=O)OCC2CCC[NH2+]2)C(=O)N1,non-covalent,0.0
COc1ccc(C)nc1-c1ccc2c(c1)CN(C1CCC(=O)NC1=O)C2=O,Noncovalent,0.0
Cc1cc2[nH]nc(C)c2cc1C(=O)NC1CCC(=O)NC1=O,Noncovalent,0.0
COc1ccc(/C=C(\C#N)C(=O)O)cc1OC,Covalent,1.0
CC(NC(=O)CCl)c1cnn(C2CC2)c1,Covalent,1.0
Cc1nc(C)c(C(C)N(C)C(=O)CCl)s1,Covalent,1.0
CC(=O)Nc1ccc(S(=O)(=O)Nc2ccc3c(c2)CN(C2CCC(=O)NC2=O)C3=O)cc1,non-covalent,0.0
CCN(Cc1ccc2[nH]ccc2c1)C(=O)C1CO1,Covalent,1.0
N#Cc1c[nH]c2ncc(C(=O)NC3CCC(=O)NC3=O)cc12,Noncovalent,0.0
Cn1nccc1C(=O)NC1CCC(=O)NC1=O,Noncovalent,0.0
CCCCOc1ccc(C(=O)NC2CCC(=O)NC2=O)c(F)c1,non-covalent,0.0
CC(=O)NC(N)=O,non-covalent,0.0
O=C(NC[C@H]1CC[C@@H](c2ccccc2)O1)C1CO1,Covalent,1.0
C=CC(=O)Nc1ccc(C#N)cc1,Covalent,1.0
Cc1cnccc1-c1ccc(C(=O)N[C@@H]2CCC(=O)NC2=O)s1,Noncovalent,0.0
Cc1ccc(-n2cnnc2)c(C(=O)NC2CCC(=O)NC2=O)c1,Noncovalent,0.0
COc1ccc(Br)c2[nH]nc(C(=O)NC3CCC(=O)NC3=O)c12,Noncovalent,0.0
CC(O)CN(C(=O)CCl)C1CCCCC1,Covalent,1.0
Nc1cccc2nnn(C3CCC(=O)NC3=O)c(=O)c12,Noncovalent,0.0
Cc1nc2cc(OS(=O)(=O)F)ccc2o1,Covalent,1.0
O=C1CCC(NC(=O)c2nccc3c2CNC3=O)C(=O)N1,Noncovalent,0.0
O=C1CCC(N2Cc3ccc(CNC(=O)C4CCOC4)cc3C2=O)C(=O)N1,Noncovalent,0.0
Cc1sc(C(=O)NC2CCC(=O)NC2=O)cc1-c1ccc(F)cc1,Noncovalent,0.0
CN1CCc2cc3c(cc2CC1)C(=O)N(C1CCC(=O)NC1=O)C3=O,non-covalent,0.0
CNC(=O)c1ccc(OS(=O)(=O)F)cc1,Covalent,1.0
COc1ccc(S(N)(=O)=O)c(OC)c1C(=O)NC1CCC(=O)NC1=O,Noncovalent,0.0
O=C1CCC(Nc2ccc(NC(=O)c3ncc4c(n3)CCNC4)cc2)C(=O)N1,Noncovalent,0.0
O=C1CCC(NC(=O)c2cc(-c3ccc(OC(F)(F)F)cc3)[nH]n2)C(=O)N1,Noncovalent,0.0
C=CC(=O)N1CCOC(C#N)C1,Covalent,1.0
NCc1cccc(-c2cccc3c2CN(C2CCC(=O)NC2=O)C3=O)c1,Noncovalent,0.0
Cc1cc(NC(=O)CCl)n(C(C)(C)C)n1,Covalent,1.0
O=C1CCC(NC(=O)c2ccc(Cl)cc2NCCCn2cccn2)C(=O)N1,Noncovalent,0.0
C=CC(=O)N1CCOCC1C(=O)N(C)C,Covalent,1.0
CCCN(C)C(=O)c1ccc2c(c1)CN(C1CCC(=O)NC1=O)C2=O,Noncovalent,0.0
CCOc1ccc(-c2cccc3c2CN(C2CCC(=O)NC2=O)C3=O)cc1,non-covalent,0.0
C[C@@H]1O[C@H]1C(=O)Nc1ccc2c(c1)CNC2=O,Covalent,1.0
Nc1ccc(Br)nc1C(=O)NC1CCC(=O)NC1=O,Noncovalent,0.0
O=C(CCl)N1CCCC1c1ccccc1,Covalent,1.0
O=C1CCC(N2Cc3c(C#CC(O)c4ccccc4)cccc3C2=O)C(=O)N1,non-covalent,0.0
Cc1nn(C2CC2)c(Cl)c1C(=O)NC1CCC(=O)NC1=O,Noncovalent,0.0
COc1cnnc(C(=O)NCc2[nH]ncc2C(=O)NC2CCC(=O)NC2=O)c1,Noncovalent,0.0
COCCOc1cn(-c2ccccc2)nc1C(=O)NC1CCC(=O)NC1=O,Noncovalent,0.0
CC(C)NC(=O)C(C#N)=Cc1cccs1,Covalent,1.0
C=CC(=O)N(Cc1ccc(C#N)cc1F)C1CC1,Covalent,1.0
C=CC(=O)Nc1cnc2onc(C)c2c1,Covalent,1.0
CCC1c2ccsc2CCN1C(=O)CCl,Covalent,1.0
C=CC(=O)N1CC(C)(C)OC2(CC3CCC2C3)C1,Covalent,1.0
C=CC(=O)Nc1c(C)noc1C(C)C,Covalent,1.0
O=C1CCC(N2C(=O)c3cccc(-c4cccnc4)c3C2=O)C(=O)N1,non-covalent,0.0
C=CC(=O)N1CCC(C(=O)O)C1(C)C,Covalent,1.0
CC(C)[C@@H](NC(=O)c1cccc2c1CN(C1CCC(=O)NC1=O)C2=O)C(=O)O,Noncovalent,0.0
CN(CC1CCC1)C(=O)Nc1ccc2c(c1)CN(C1CCC(=O)NC1=O)C2=O,Noncovalent,0.0
O=C(CCl)Nc1ccc(Cl)c(F)c1,Covalent,1.0
O=C(CCl)NCCN1C(=O)CSC1=O,Covalent,1.0
COc1cc(-n2cccc2)c(Cl)cc1C(=O)NC1CCC(=O)NC1=O,Noncovalent,0.0
C=CC(=O)NC(C)c1nnnn1C1CC1,Covalent,1.0
COc1ccc(C(C)C)cc1OCC1CO1,Covalent,1.0
CC(C)(C)c1ccc(B(O)O)cn1,Covalent,1.0
COc1ccc2[nH]ccc2c1NC(=O)CCl,Covalent,1.0
C=CC(=O)N1CCN(C(C)=O)CC1C,Covalent,1.0
O=S(=O)(F)Oc1cnc2c(c1)CCCC2,Covalent,1.0
O=C1CCC(NC(=O)c2cccc3nc(C(F)F)sc23)C(=O)N1,Noncovalent,0.0
CCC1(c2ccc(NC(=O)c3ccc4c(c3)CCC4)cc2)CCC(=O)NC1=O,Noncovalent,0.0
O=C1CCC(N2Cc3c(ccc4c3OCC43CCN(Cc4ccccc4)CC3O)C2=O)C(=O)N1,non-covalent,0.0
C=CC(=O)N1CCCC(c2n[nH]c(=O)o2)C1,Covalent,1.0
CC(Cl)C(=O)N[C@H](C)c1cnnn1C,Covalent,1.0
C=CC(=O)N1CCn2nccc21,Covalent,1.0
C#Cc1cccc(NC(=O)CNC(=O)C#CC)c1,Covalent,1.0
CN(Cc1cnc(-n2cccn2)s1)C(=O)c1ccc2c(c1)CNC2=O,Noncovalent,0.0
COc1cc(C)c(B(O)O)cc1C,Covalent,1.0
Cc1nnc2sc(C(=O)NC3CCC(=O)NC3=O)c(N)c2c1C,Noncovalent,0.0
Cc1cc(-c2ccc3c(c2)CN(C2CCC(=O)NC2=O)C3=O)ncc1N,Noncovalent,0.0
O=C1CCC(N2C(=O)c3ccc(NC(=O)Cn4ccnn4)cc3C2=O)C(=O)N1,Noncovalent,0.0
CC#CC(=O)NCC1(OC)CCCCC1,Covalent,1.0
CCNC(=O)c1ccc2c(c1)CN(C1CCC(=O)NC1=O)C2=O,Noncovalent,0.0
Nc1cc(O)cc2c1CN(C1CCC(=O)NC1=O)C2=O,non-covalent,0.0
OCc1ccc(F)c(B(O)O)c1,Covalent,1.0
O=C1CCC(N2Cc3c(C=C4CCOC4)cccc3C2=O)C(=O)N1,Noncovalent,0.0
CCCNC(=O)c1ccc2c(c1)CN(C1CCC(=O)NC1=O)C2=O,Noncovalent,0.0
C=CC(=O)N1CCSC(C(C)C)C1,Covalent,1.0
O=C1CCC(N2Cc3ccc(-c4ccc5c(c4)[C@@H](O)CC5)cc3C2=O)C(=O)N1,Noncovalent,0.0
O=C1NC(=O)c2c1cccc2C(=O)Nc1cccc(-c2ncc3n2CCCC3)c1,Noncovalent,0.0
Cc1ccc(C)c(C=C(C#N)C(=O)NC(C)C)c1,Covalent,1.0
Cc1cccc(CNC(=O)c2ccc(C(=O)NC3CCC(=O)NC3=O)cc2)c1,Noncovalent,0.0
CC=C(C)C(=O)NC/C=C/CNC(=O)c1ccc2c(c1)C(=O)NC2=O,Covalent,1.0
O=C(O)CN(CC1CC1)C(=O)c1cccc2c1CN(C1CCC(=O)NC1=O)C2=O,Noncovalent,0.0
O=C(CCl)N1CCNCC1,Covalent,1.0
NC(=O)C1CCN(C(=O)CCl)CC1,Covalent,1.0
O=C1CCC(NC(=O)c2cc3c(s2)COCC3)C(=O)N1,Noncovalent,0.0
O=C1CCC(NC(=O)c2ccc3c(c2)CCNC3C2CC2)C(=O)N1,Noncovalent,0.0
CC(C)(C)C(=O)Nc1ccc2c(c1)C(=O)N(C1CCC(=O)NC1=O)C2=O,non-covalent,0.0
O=S(=O)(F)c1ccc(C2CC2(F)F)cc1,Covalent,1.0
Cn1ncc(-c2cccc3c2CN(C2CCC(=O)NC2=O)C3=O)c1C(F)(F)F,Noncovalent,0.0
Nc1ccc(NC2CCC(=O)NC2=O)cc1,non-covalent,0.0
O=C(CCl)NC(c1ccccc1)C1CC1,Covalent,1.0
O=C1CCN(c2cccc(C(=O)Nc3cc(-c4nn[nH]n4)ccc3O)c2)C(=O)N1,Noncovalent,0.0
O=C(C=Cc1cc[nH]c1)Nc1cccc2c1CNC2=O,Covalent,1.0
CCNC(=O)CNC(=O)C(F)Cl,Covalent,1.0
C=CC(=O)N1[C@@H]2CC[C@H]1CN(C)C(=O)C2,Covalent,1.0
Cc1[nH]c2ccc(Br)cc2c1C(=O)NC1CCC(=O)NC1=O,Noncovalent,0.0
COC(=O)c1ccc(CN(C)C(=O)C2CO2)cc1,Covalent,1.0
Cc1cc(NC2CCC(=O)NC2=O)nc(-c2cccs2)n1,Noncovalent,0.0
O=C1CCC(NC(=O)c2ccc(-n3ncc4cccnc43)cc2)C(=O)N1,Noncovalent,0.0
O=C(CCl)NCCC1Cc2ccccc2C1,Covalent,1.0
O=C1CCC(NC(=O)c2cnc[nH]2)C(=O)N1,Noncovalent,0.0
O=C1CCN(c2ccc(C(=O)N3CC4(CCOC4)c4ncccc43)cc2)C(=O)N1,Noncovalent,0.0
O=C(/C=C/c1ccccc1)Nc1ccc2c(c1)CN(C1CCC(=O)NC1=O)C2=O,non-covalent,0.0
CC#CC(=O)NC1CCN(CC2CC2)C1,Covalent,1.0
CCOC(=O)c1nnc(S(=O)(=O)F)s1,Covalent,1.0
O=C1CCC(c2cccc(NC(=O)C3(c4nccc5ccccc45)CC3)c2)C(=O)N1,Noncovalent,0.0
Cc1c(C(=O)NC2CCC(=O)NC2=O)nnn1-c1ccc2ncccc2c1,Noncovalent,0.0
COc1ccc(C2CCC(=O)NC2=O)cc1,non-covalent,0.0
COc1c(Cl)nc2ccnn2c1N[C@@H]1CCC(=O)NC1=O,Noncovalent,0.0
C=CC(=O)NC(C)C1Cc2ccccc21,Covalent,1.0
O=C1CCC(NC(=O)c2cnc3c(Cl)cccn23)C(=O)N1,Noncovalent,0.0
C=CC(=O)Nc1ccc2c(c1)C(=O)OC2(C)C,Covalent,1.0
O=S(=O)(F)Oc1ccc2nccnc2c1,Covalent,1.0
CCC1(c2ccc(NC(=O)c3c[nH]c(C)n3)cc2)CCC(=O)NC1=O,Noncovalent,0.0
CC(Cl)C(=O)N1CCN2C(=O)OCC2(C)C1,Covalent,1.0
Cc1ccc(F)c(NC(=O)CCl)c1,Covalent,1.0
O=C1CC[C@H](N2Cc3c(OCc4ccc(CN5CCOCC5)cc4)cccc3C2=O)C(=O)N1,non-covalent,0.0
C=CC(=O)N(C)C1CS(=O)(=O)C1,Covalent,1.0
CC#CC(=O)NC1CC2(CNC(=O)C2)C1,Covalent,1.0
O=C1CCC(Nc2cccc(NC(=O)c3coc(Cn4cccn4)c3)c2)C(=O)N1,Noncovalent,0.0
O=C1CCC(N2Cc3cc(C4CCCCC4)ccc3C2=O)C(=O)N1,non-covalent,0.0
COC(=O)c1cc(F)c(C)c(OCC2CO2)c1,Covalent,1.0
Cc1cc(C(=O)NC2CCC(=O)NC2=O)n2nc(C(F)(F)F)cc2n1,Noncovalent,0.0
O=C1CCC(NC(=O)c2cc(-c3nn[nH]n3)cc3ccccc23)C(=O)N1,Noncovalent,0.0
Cc1cccc(C(=O)O)c1NC(=O)CCl,Covalent,1.0
CC(C1CC1)N(C(=O)c1cccc2c1CN(C1CCC(=O)NC1=O)C2=O)C1CC1,Noncovalent,0.0
O=C1CCC(N2Cc3cc(C(=O)NCC4(F)CCCC4)ccc3C2=O)C(=O)N1,Noncovalent,0.0
N#Cc1c[nH]c2c(C(=O)NC3CCC(=O)NC3=O)cccc12,Noncovalent,0.0
CC#CC(=O)NC1CCc2ccccc2NC1=O,Covalent,1.0
CC1CCCN1c1c(F)c(F)cc2c1C(=O)N(C1CCC(=O)NC1=O)C2=O,Noncovalent,0.0
CC(C)Oc1ccc(CNc2cnccc2C(=O)O)cc1,non-covalent,0.0
C=CC(=O)NCCc1ccc2ncccc2c1,Covalent,1.0
C=CC(=O)Nc1ccc(Cl)c2cn[nH]c12,Covalent,1.0
O=C(CCl)NCc1coc(Cl)n1,Covalent,1.0
N#Cc1nc(-c2ccc3c(c2)CN(C2CCC(=O)NC2=O)C3=O)cs1,Noncovalent,0.0
C=CC(=O)N1CC(=O)N(CC2CC2)C1,Covalent,1.0
C=CC(=O)Nc1ccc(CC(=O)O)cc1,Covalent,1.0
N#CC(=Cc1ccccc1)C(=O)Nc1cccc2c1C(=O)NC2=O,Covalent,1.0
CCCc1cc(C(=O)N[C@@H]2CCC(=O)NC2=O)n(-c2ccccc2)n1,Noncovalent,0.0
CCN(Cc1cccc(C)c1)C(=O)CCl,Covalent,1.0
O=C(CCl)Nc1ncc[nH]1,Covalent,1.0
Cc1oc(C(=O)NC2CCC(=O)NC2=O)cc1S(=O)(=O)N(C)C,Noncovalent,0.0
C=CC(=O)N(C)C1CCN(c2cnccn2)CC1,Covalent,1.0
Cn1cc(B(O)O)ccc1=O,Covalent,1.0
O=S(=O)(F)CC1CCCNC1,Covalent,1.0
N#Cc1ncc(F)c(NC2CCC(=O)NC2=O)n1,Noncovalent,0.0
O=C(CCl)Nc1cccc2ccnn12,Covalent,1.0
CC(NC(=O)CCl)C1CC1,Covalent,1.0
CCOC(=O)C1CCCCN1C(=O)CCl,Covalent,1.0
CCc1ncnc(N(C)C2CCC(=O)NC2=O)c1F,Noncovalent,0.0
O=S(=O)(F)C[C@H]1CNCCO1,Covalent,1.0
CCOc1ccc(B(O)O)c(CC)c1,Covalent,1.0
c1cc2cnsc2cc1OCC1CO1,Covalent,1.0
O=C1CCC(NC(=O)c2ccc(Cl)cc2N2CCCC2=O)C(=O)N1,Noncovalent,0.0
Cc1c(-c2ccc3c(c2)C(=O)N(C2CCC(=O)NC2=O)C3)ccc2c1CCC2,Noncovalent,0.0
O=C1CCC(NC(=O)c2ccc3c(c2)C(=O)N(Cc2ccccc2)C3=O)C(=O)N1,Noncovalent,0.0
C=CC(=O)NC1CCC(C)(N2CCC2)CC1,Covalent,1.0
C=CC(=O)Nc1ccc2c(c1)N(CC#N)CC2,Covalent,1.0
C=CC(=O)N1CCC(O)(C(F)(F)C(N)=O)CC1,Covalent,1.0
C=CC(=O)NC1CCC(N2CCCC2=O)CC1,Covalent,1.0
C=CS(=O)(=O)N(CC)c1cccc(F)c1,Covalent,1.0
C=CC(=O)NC(C)(C)C(=O)c1ccccc1C,Covalent,1.0
C=CS(=O)(=O)Nc1ccc(C2CC2)cc1C,Covalent,1.0
Cc1cc(N)cnc1-c1ccc2c(c1)CN(C1CCC(=O)NC1=O)C2=O,Noncovalent,0.0
C[C@@H](NC1=CC(=O)N(C2CCC(=O)NC2=O)C1=O)c1ccc(C(F)(F)F)cc1,Covalent,1.0
CCc1n[nH]c(=O)c(C(=O)NC2CCC(=O)NC2=O)c1CC,Noncovalent,0.0
CCn1nc(N)c2nc(-c3ccc4c(c3)CN(C3CCC(=O)NC3=O)C4=O)cc(CN3CCCC3)c21,non-covalent,0.0
C=CC(=O)N1CCC(c2ccc(C)nc2)CC1,Covalent,1.0
O=C1CCC(N2Cc3cc(C(=O)N4CCCC[C@@H]4C(=O)O)ccc3C2=O)C(=O)N1,Noncovalent,0.0
C=CC(=O)NC1CCSc2c(F)cccc21,Covalent,1.0
CC(C)[C@H](NC(=O)c1ccc2c(c1)CN(C1CCC(=O)NC1=O)C2=O)C(=O)O,Noncovalent,0.0
CCOC(=O)Nc1ccc2c(c1)C(=O)N(C1CCC(=O)NC1=O)C2=O,Noncovalent,0.0
CCc1ccc(-c2cccc3c2CN(C2CCC(=O)NC2=O)C3=O)cc1C(=O)O,Noncovalent,0.0
O=C1CCC(NC(=O)c2ccccc2-c2ncc(-c3ccccc3F)o2)C(=O)N1,Noncovalent,0.0
OB(O)c1cc(F)ccc1OCC1CCCO1,Covalent,1.0
O=C1CCC(N2C(=O)c3ccc(N4CCNCC4)cc3C2=O)C(=O)N1,Noncovalent,0.0
CCC1(C)CCC(CS(=O)(=O)F)O1,Covalent,1.0
C=CC(=O)NCCn1nc(C)cc1C,Covalent,1.0
COc1ccc(-c2cnco2)cc1C(=O)NC1CCC(=O)NC1=O,Noncovalent,0.0
C=CC(=O)N1CCCNC(=O)C1CC(C)C,Covalent,1.0
COc1ccnc(CNC(=O)CCl)n1,Covalent,1.0
C=CC(=O)NCc1ccc(-c2ccsc2)nc1,Covalent,1.0
COC(=O)C(C#N)=Cc1ccc2[nH]ncc2c1,Covalent,1.0
O=C1CC(NC(=O)c2sc3ccccc3c2Cl)C(=O)N1,non-covalent,0.0
COc1ccc(Nc2ccn3ncc(-c4ccc5c(c4)CN([C@H]4CCC(=O)NC4=O)C5=O)c3n2)cc1C,non-covalent,0.0
[2H]C([2H])([2H])n1ccc2cc(C(=O)NC3CCC(=O)NC3=O)ccc21,Noncovalent,0.0
CC(C)[C@H](NC(=O)OC(C)(C)C)C(=O)NC1CC(=O)NC1=O,non-covalent,0.0
Cc1c(CNC(=O)C2CO2)n(C)c2ccccc12,Covalent,1.0
C=CC(=O)NCCc1nc(C)no1,Covalent,1.0
Cn1nc(C(=O)NC2CCC(=O)NC2=O)c2c1CCCC2O,Noncovalent,0.0
CC(=Cn1ccnn1)C(=O)Nc1ccc(NC2CCC(=O)NC2=O)cc1,Noncovalent,0.0
C=CC(=O)NCC1CC12CCSCC2,Covalent,1.0
C=CS(=O)(=O)N1CC[C@H]2OCC[C@H]2C1,Covalent,1.0
O=C1CCC(c2ccc(NC(=O)C3CCc4snnc43)cc2)C(=O)N1,Noncovalent,0.0
O=C1CCC2CN(C(=O)CCl)CC2N1,Covalent,1.0
CCC(=O)c1cccc(B(O)O)c1,Covalent,1.0
Nc1nccc(Nc2ccc3c(c2)CN(C2CCC(=O)NC2=O)C3=O)n1,Noncovalent,0.0
C=CC(=O)NCC1COc2ccccc2C1,Covalent,1.0
O=C1CC[C@@H](NC(=O)c2nnn3c2C(=O)NCC3)C(=O)N1,Noncovalent,0.0
O=C(CCl)NCc1cn[nH]c1C(F)F,Covalent,1.0
O=C1CCC(c2ccc(NC(=O)C[C@H]3Cc4ccccc4CN3)cc2)C(=O)N1,Noncovalent,0.0
C#CC1CCN(C2=CC(=O)N(C3CCC(=O)NC3=O)C2=O)CC1,Covalent,1.0
NCCC1CCCCN1C(=O)c1ccc2c(c1)C(=O)N(C1CCC(=O)NC1=O)C2,Noncovalent,0.0
C[C@@H]1O[C@H]1C(=O)N1CCC(c2ccccc2)C1,Covalent,1.0
C=CS(=O)(=O)N1CCC=Cc2ccccc21,Covalent,1.0
Cc1cccc(CN(C)C(=O)CCl)c1,Covalent,1.0
C=CC(=O)NCC1CC1(C)c1cccs1,Covalent,1.0
CC(C)c1cccc(NC(=O)C(F)Cl)c1,Covalent,1.0
COc1ccc(/C=C/C(=O)Nc2ccc3c(c2)CN(C2CCC(=O)NC2=O)C3=O)cc1,non-covalent,0.0
C=CS(=O)(=O)N[C@@H](CO)c1ccc(F)cc1,Covalent,1.0
C=CC(=O)NCc1nccn1C(F)F,Covalent,1.0
C=CC(=O)N1CC(C)OC2(CCCCC2)C1,Covalent,1.0
CC(c1ccc(F)cc1)N(C)C(=O)CCl,Covalent,1.0
O=C1CCC(c2ccc(NC(=O)Cc3cc4cc(Cl)ccc4[nH]3)cc2)C(=O)N1,Noncovalent,0.0
C=CS(=O)(=O)NC1CCC(OC(C)C)CC1,Covalent,1.0
O=c1ccn([C@H]2CC(O)[C@@H](CO)O2)c(=O)[nH]1,non-covalent,0.0
CN1CCCn2nnc(C(=O)NC3CCC(=O)NC3=O)c21,Noncovalent,0.0
CC(F)(F)CCOc1ccc2c(c1)C(=O)N(C1CCC(=O)NC1=O)C2=O,Noncovalent,0.0
CNc1ccccc1C(O)NCCN1CCC(=O)NC1O,non-covalent,0.0
NCCCCOc1ccc2c(c1)C(=O)N(C1CCC(=O)NC1=O)C2=O,Noncovalent,0.0
O=C1CC2(CCC2)C(NC(=O)CCl)CN1,Covalent,1.0
CCn1nc(Br)c(C(=O)NC2CCC(=O)NC2=O)n1,Noncovalent,0.0
O=C1CCC(n2cc(-c3ccc(Br)cc3Cl)nn2)C(=O)N1,Noncovalent,0.0
O=C1CCC(N2Cc3c(cccc3-c3ccc(C(F)F)cc3)C2=O)C(=O)N1,Noncovalent,0.0
O=C1CCC(Nc2nc3ccccc3s2)C(=O)N1,Noncovalent,0.0
O=C1CCC(NC(=O)c2nc(C(F)(F)F)n3ccncc23)C(=O)N1,Noncovalent,0.0
CC#CC(=O)N(C)CC(O)c1cccc(C#N)c1,Covalent,1.0
CN(C(=O)c1ccc2c(c1)CN(C1CCC(=O)NC1=O)C2=O)C1CC1,Noncovalent,0.0
CC#CC(=O)NC1(Cc2ccccc2)CC1,Covalent,1.0
C=CS(=O)(=O)NCC1CCC(F)(F)CC1,Covalent,1.0
C=CCN1CCC(N(C)C(=O)C#CC)C1=O,Covalent,1.0
CCc1ccc2c(c1)CCN2C(=O)CCl,Covalent,1.0
CN(C(=O)CCl)c1nc2ccccc2s1,Covalent,1.0
CCCCc1cn(-c2cccc3c2CN(C2CCC(=O)NC2=O)C3=O)nn1,Noncovalent,0.0
C=CC(=O)N1CCCCc2c(OC)cccc21,Covalent,1.0
O=C1CCC(NC(=O)c2n[nH]c3nccc(Cl)c23)C(=O)N1,Noncovalent,0.0
COC(=O)C12C3C4C1C1C2C3C41C(=O)Nc1cccc2c1C(=O)N(C1CCC(=O)NC1=O)C2=O,non-covalent,0.0
O=C1CCC(N2Cc3cc(CNC(=O)Nc4ccccc4)ccc3C2=O)C(=O)N1,non-covalent,0.0
O=C1CCC(N2Cc3cc(CNC(=O)Nc4c(Cl)cc(Cl)cc4Cl)ccc3C2=O)C(=O)N1,non-covalent,0.0
O=C1CCC(N2Cc3ccc(S(=O)(=O)n4cc(F)cn4)cc3C2=O)C(=O)N1,covalent,1.0
C=CC(=O)NC1CCCN2CCSCC12,Covalent,1.0
O=C1CCC(N2Cc3c(NC4=NC(NCCCC5CCC(=O)N5)NC=C4)cccc3C2=O)C(=O)N1,non-covalent,0.0
C=CC(=O)NC1(Cc2ccccc2)CC1,Covalent,1.0
C=CC(=O)N(C)Cc1cnc(N(C)C)nc1,Covalent,1.0
O=C1NC(=O)c2cc(S(=O)(=O)N(CCO)c3ccccc3)ccc21,Noncovalent,0.0
O=C1CCC(NC(=O)c2c[nH]c3ccccc23)C(=O)N1,non-covalent,0.0
O=C1CCC(Nc2ccc(NC(=O)c3nccn4cc(Cl)cc34)cc2)C(=O)N1,Noncovalent,0.0
CC#CC(=O)NCC1c2ccccc2C(=O)N1C,Covalent,1.0
Nc1cc(F)cc2c1CN(C1CCC(=O)NC1=O)C2=O,non-covalent,0.0
COc1cccc(C=CC(=O)NC2CCC(=O)NC2=O)c1,Covalent,1.0
C=CC(=O)NC(C)(C)c1cn(C)nn1,Covalent,1.0
CCC1(c2ccc(NC3CCOC4(CCC4)C3)cc2)CCC(=O)NC1=O,Noncovalent,0.0
N#Cc1cc(Cl)cc(OCC2CO2)c1,Covalent,1.0
CC(=O)c1ccc(-c2ccc3c(c2)CN(C2CCC(=O)NC2=O)C3=O)nc1,Noncovalent,0.0
Cc1nnc(NC(=O)CCl)o1,Covalent,1.0
C=CC(=O)Nc1cccc2c1N(C(C)=O)CC2,Covalent,1.0
O=C1CCC(NC(=O)c2cc3cc(-c4ccccc4)ccc3[nH]2)C(=O)N1,Noncovalent,0.0
Cc1scc(Cl)c1C(=O)NC1CCC(=O)NC1=O,Noncovalent,0.0
O=C1CCC(c2ccc(NC(=O)C3CCc4cccc(F)c43)cc2)C(=O)N1,Noncovalent,0.0
C=CC(=O)NC1C(C)OC(C)C1C,Covalent,1.0
C=CC(=O)Nc1cc(C(=O)NCC)sc1C,Covalent,1.0
C=CC(=O)Nc1ccccc1C(=O)N(C)C(C)C,Covalent,1.0
CC(C)N1CCC(NC(=O)CCl)CC1,Covalent,1.0
O=C(CCl)N[C@@H]1CS(=O)(=O)C[C@H]1Cl,Covalent,1.0
O=C1CCC(N2Cc3c(NC4=NC(N5CCC[C@@H]5CO)NC=C4)cccc3C2=O)C(=O)N1,non-covalent,0.0
N#CC(=Cc1ccsc1)C(N)=O,Covalent,1.0
O=C1CCC(NC(=O)c2cc3cc(Cl)ccn3n2)C(=O)N1,Noncovalent,0.0
O=C1CCC(NC(=O)c2cc(-c3ccccc3)cc(Cl)c2O)C(=O)N1,Noncovalent,0.0
C=CC(=O)NCCN1CCOCC1=O,Covalent,1.0
CN1C(=O)c2ccccc2C1CC(=O)N1CC(c2ncnc3ccccc23)C1,Noncovalent,0.0
CC(C)N(C(=O)CCl)C1CCOCC1,Covalent,1.0
Cc1cc(=O)c(C(=O)NC2CCC(=O)NC2=O)nn1-c1ccc(Cl)cc1,Noncovalent,0.0
CC(C)N(C(=O)CCl)C(C)c1ccsc1,Covalent,1.0
C=CC(=O)N1CCOC2(CCSC2)C1,Covalent,1.0
Cc1cccn2nc(C(=O)NC3CCC(=O)NC3=O)cc12,Noncovalent,0.0
CCc1cccc(N(C#N)Cc2cc(C)on2)c1,Covalent,1.0
O=C(CCl)NCC1CC1,Covalent,1.0
C=CS(=O)(=O)NCc1csc(C)c1C,Covalent,1.0
Cc1[nH]nc(C(=O)NC2CCC(=O)NC2=O)c1C(F)(F)F,Noncovalent,0.0
C=CC(=O)NCc1cnnn1CC,Covalent,1.0
CCc1nonc1C(=O)NC1CCC(=O)NC1=O,Noncovalent,0.0
C=CC(=O)Nc1cccc(N2CCCNC2=O)c1,Covalent,1.0
COc1ccc2cc(C(=O)Nc3ccc4c(c3)CN(C3CCC(=O)NC3=O)C4=O)cnc2c1,non-covalent,0.0
O=C(CCl)N1CCN(c2cnccn2)CC1,Covalent,1.0
O=C1CCC(NC(=O)c2cnc3c(c2)CNC3=O)C(=O)N1,Noncovalent,0.0
CC1(C2CCCCC2)CC(=O)N(C2CCC(=O)NC2=O)C1=O,Noncovalent,0.0
N#CCCN(Cc1ccco1)C(=O)CCl,Covalent,1.0
CCSCCNc1cccc(C2CC(=O)NC(=O)C2)c1,Noncovalent,0.0
CCOc1ccc(Br)c(C(=O)NC2CCC(=O)NC2=O)c1F,Noncovalent,0.0
C=CC(=O)NCc1ccc(C#N)s1,Covalent,1.0
COC(C)(CNC(=O)C1CO1)c1ccccc1,Covalent,1.0
O=C1CCC(NC(=O)c2cncc(-c3ccc4c(c3)CCO4)c2)C(=O)N1,Noncovalent,0.0
C=CC(=O)NCCc1cn(C)nn1,Covalent,1.0
CN1CCOC(C(=O)Nc2ccc(NC3CCC(=O)NC3=O)cc2)C1=O,Noncovalent,0.0
Cc1nc(-c2ccc3c(c2)CN(C2CCC(=O)NC2=O)C3=O)c2cnccn12,Noncovalent,0.0
O=C1CCC(N2Cc3c(C(=O)NCC4CCCCNC4)cccc3C2=O)C(=O)N1,Noncovalent,0.0
O=C1CCC(n2cc(COc3ccc(Cl)cc3)nn2)C(=O)N1,Noncovalent,0.0
O=C1CCC(NC(=O)c2cccc3snnc23)C(=O)N1,Noncovalent,0.0
C=CCNC(=O)C(C#N)=Cc1sccc1C,Covalent,1.0
O=C1CCC(N2C(=O)c3ccc(CNC(=O)Nc4cccc(Cl)c4)cc3C2=O)C(=O)N1,non-covalent,0.0
O=C1CCC(N2Cc3c(cccc3-n3cc(C(=O)C4CCC4)nn3)C2=O)C(=O)N1,Noncovalent,0.0
CC1CCN(S(=O)(=O)c2ccc(C(=O)N[C@@H]3CCC(=O)NC3=O)s2)CC1,Noncovalent,0.0
C=CC(=O)N1Cc2ccccc2[C@H]1C,Covalent,1.0
Cc1noc(COc2ccc3c(c2)C(=O)N(C2CCC(=O)NC2=O)C3=O)n1,Noncovalent,0.0
C[C@@H]1CN(C(=O)c2cccc3c2CN(C2CCC(=O)NC2=O)C3=O)C[C@H]1C(=O)O,Noncovalent,0.0
C#CC(CC1CCOC1)NC(=O)C=C,Covalent,1.0
COc1cn(-c2cccc(C(F)(F)F)c2)nc1C(=O)N[C@@H]1CCC(=O)NC1=O,Noncovalent,0.0
O=C(CCl)N1CCOC2CCCCC21,Covalent,1.0
C=CC(=O)NCc1cn(C2CCC2)nn1,Covalent,1.0
O=C1CCN(c2ccc(NCc3cnn(CC4CCOC4)c3)cc2F)C(=O)N1,Noncovalent,0.0
O=C1CCC(NC(=O)c2occc2CS(=O)(=O)c2ccccc2)C(=O)N1,Noncovalent,0.0
O=C1CCC(c2ccc(NC(=O)c3conc3C3CCNC3)cc2)C(=O)N1,Noncovalent,0.0
Cn1cnc2ccc(OS(=O)(=O)F)cc21,Covalent,1.0
N#Cc1cc(N(C#N)CCCCCF)ccc1F,Covalent,1.0
C=CC(=O)Nc1ccc2nc(C)nn2c1,Covalent,1.0
C=CC(=O)Nc1cnn2ccccc12,Covalent,1.0
CN(C(=O)Nc1ccc2c(c1)CN(C1CCC(=O)NC1=O)C2=O)C(C)(C)C,Noncovalent,0.0
CC(=O)NC1CCC(N(C)C(=O)CCl)CC1,Covalent,1.0
O=C(O)c1cc(S(=O)(=O)F)ccc1F,Covalent,1.0
CN(C)c1ncnc2cc(C(=O)NC3CCC(=O)NC3=O)ccc12,Noncovalent,0.0
CC#CC(=O)NCCC1(O)CCCOC1,Covalent,1.0
CC(Cl)C(=O)Nc1ccc2c(c1)NC(=O)C2,Covalent,1.0
O=C(CCl)NC1CCC(C(F)(F)F)CC1,Covalent,1.0
O=C(CCl)Nc1cccnc1N1CCCC1,Covalent,1.0
C=CC(=O)Nc1nc(C2CCOCC2)cs1,Covalent,1.0
O=C1CCC(N2Cc3cc(C4CC4)ccc3C2=O)C(=O)N1,non-covalent,0.0
C=CC(=O)N(CC(C)O)C1CCCCC1,Covalent,1.0
CCc1nn(C)c(C(=O)N[C@@H]2CCC(=O)NC2=O)c1Cl,Noncovalent,0.0
O=S(=O)(F)Oc1ccc(-n2cnnn2)cc1,Covalent,1.0
CC(=O)c1sc(NC(=O)CCl)nc1C,Covalent,1.0
CC1CCNC(=O)C1CNC(=O)CCl,Covalent,1.0
Cc1cccc(Cl)c1CC(=O)Nc1ccc(C2CC(=O)NC(=O)C2)cc1,Noncovalent,0.0
CC(C)CN1CCOC(CNC(=O)CCl)C1,Covalent,1.0
CC#CC(=O)Nc1cc(C(=O)OC)ccc1F,Covalent,1.0
O=C1CCC(NC(=O)c2ccccc2C(F)(F)F)C(=O)N1,Noncovalent,0.0
O=C1CCC(NC(=O)c2cn(C3CC3)c(=O)c3ccccc23)C(=O)N1,Noncovalent,0.0
Cc1csc2c(C(=O)NC3CCC(=O)NC3=O)cccc12,Noncovalent,0.0
C=CC(=O)N1CCC(c2ncc(C)s2)CC1,Covalent,1.0
C=CC(=O)N1CCC2(CC1)CC(C(=O)O)C2,Covalent,1.0
O=C(O)c1cc(S(=O)(=O)F)ccn1,Covalent,1.0
C=CC(=O)Nc1cccc2c1CN(C1CCC(=O)NC1=O)C2=O,Noncovalent,0.0
O=C1CCC(N2Cc3cc(-c4ncc5ccccc5n4)ccc3C2=O)C(=O)N1,Noncovalent,0.0
O=C(CCl)N1CCN2C(=O)CCC2C1,Covalent,1.0
CC1(CNC(=O)C2CO2)OCCc2ccccc21,Covalent,1.0
Cc1nc(C(F)(F)F)c(C(=O)NC2CCC(=O)NC2=O)[nH]1,Noncovalent,0.0
COc1ccc2[nH]nc(C(=O)NC3CCC(=O)NC3=O)c2n1,Noncovalent,0.0
O=S(=O)(F)c1cncc(N2CCNCC2)c1,Covalent,1.0
C=CC(=O)N[C@H]1C[C@H](Oc2ccccc2)C1,Covalent,1.0
C=CC(=O)N1CCn2cc(C(F)(F)F)nc2C1,Covalent,1.0
COCC1C=CCCN1C(=O)CCl,Covalent,1.0
O=C(CCl)NCCc1ccccn1,Covalent,1.0
Cc1ccc(NC(=O)NCc2cccc(C(=O)NC3CCC(=O)NC3=O)c2)cc1Cl,non-covalent,0.0
C=CC(=O)NCCn1cccn1,Covalent,1.0
Cn1c(=O)n(C2CCC(=O)NC2=O)c2ccccc21,non-covalent,0.0
C=CC(=O)NCc1ncoc1C(F)(F)F,Covalent,1.0
COc1ccc(B(O)O)c(OC)c1,Covalent,1.0
CN(Cc1ccnc(N(C)C)n1)C(=O)CCl,Covalent,1.0
C=CC(=O)N1CCN(C(=O)C2CCCO2)CC1,Covalent,1.0
CC(C)[C@H](NC(=O)c1cccc2c1CN(C1CCC(=O)NC1=O)C2=O)C(=O)O,Noncovalent,0.0
O=C1CCC(NC(=O)c2cc(C3CCOC3)[nH]n2)C(=O)N1,Noncovalent,0.0
O=C1CCC(c2ccc(NC(=O)C3(C4CCCC4)CCNC3=O)cc2)C(=O)N1,Noncovalent,0.0
C=CC(=O)NCCC1CCCCN1C(=O)NC,Covalent,1.0
O=C1CCC(NC(=O)c2cn[nH]c2C2CCCO2)C(=O)N1,Noncovalent,0.0
CC(C)(C)Oc1ccc(S(=O)(=O)F)cn1,Covalent,1.0
Cc1cc2ncc(NC(=O)CCl)cn2n1,Covalent,1.0
C=CC(=O)NC1CCCc2ccccc2C1,Covalent,1.0
C=CC(=O)N1CCC(O)C12CCCCC2,Covalent,1.0
NCCNc1cccc2c1C(=O)N(C1CCC(=O)NC1=O)C2=O,Noncovalent,0.0
N#CCS(=O)c1ccc(C(=O)NC2CCC(=O)NC2=O)cc1,Noncovalent,0.0
O=C1CCC(N2Cc3cc(C(=O)NCC4CC4)ccc3C2=O)C(=O)N1,Noncovalent,0.0
CC(Cl)C(=O)NCC1C2Cc3ccccc3C12,Covalent,1.0
CC(C)(C)c1nnc(C(=O)NC2CCC(=O)NC2=O)[nH]1,Noncovalent,0.0
COc1cc2c(c(C(=O)NC3CCC(=O)NC3=O)c1)NC(=O)CO2,Noncovalent,0.0
C=CC(=O)N1CCOCCC1c1ccc(F)cc1,Covalent,1.0
O=C1CCC(N2Cc3c(cccc3-c3cncc(O)c3)C2=O)C(=O)N1,Noncovalent,0.0
CC(C)N(C(=O)CCl)C1CCCCC1O,Covalent,1.0
Cc1ccc(B(O)O)cn1,Covalent,1.0
C=CC(=O)N1CCN(CC(=O)NC)CC1,Covalent,1.0
CC(C)c1cc(NC(=O)CCl)on1,Covalent,1.0
O=C1CCC(NC(=O)c2cccc3cnoc23)C(=O)N1,Noncovalent,0.0
O=C1CCC(NC(=O)c2ccccc2-n2nnnc2C(F)(F)F)C(=O)N1,Noncovalent,0.0
Cc1c(C(=O)NC2CCC(=O)NC2=O)cnn1-c1ccccc1,Noncovalent,0.0
O=C(CCl)NCCc1cccc(Cl)c1F,Covalent,1.0
CN(C)C(=O)N1CCN(C(=O)CCl)CC1,Covalent,1.0
CN1Cc2c(NC(=O)N3CCC(Oc4cccnc4N(C)C)C3)cccc2C1=O,Noncovalent,0.0
CC#CC(=O)N1Cc2cc(F)c(F)cc2C1,Covalent,1.0
C=CC(=O)N(C)Cc1cnc(CC)s1,Covalent,1.0
C=CC(=O)N1[C@H](CO)CCC[C@@H]1CO,Covalent,1.0
O=C(CCl)NC1CCCCNC1=O,Covalent,1.0
Cc1nc(CN(C(=O)CCl)C(C)C)no1,Covalent,1.0
CC(O)C1CCN(C(=O)C(F)Cl)CC1,Covalent,1.0
C=CC(=O)NC1CCCc2occc21,Covalent,1.0
Cc1ccc(C(=O)Nc2ccc3c(c2)CN(C2CCC(=O)NC2=O)C3=O)cc1,non-covalent,0.0
C=CC(=O)N[C@H]1CCO[C@@H]1c1ccc(OC)nc1,Covalent,1.0
O=C1CCC(N2C(=O)c3ccc(NCCOCCOCCOCc4ccccc4)cc3C2=O)C(=O)N1,non-covalent,0.0
C=CC(=O)N1CCOc2ccc(C(C)C)cc21,Covalent,1.0
N#Cc1cc(C(=O)NC2CCC(=O)NC2=O)c(N)[nH]c1=O,Noncovalent,0.0
O=C1CC[C@@H](NC(=O)c2ccccc2)C(=O)N1,Noncovalent,0.0
O=C(CCl)N(Cc1ccccc1F)C1CC1,Covalent,1.0
CCCc1nc(C(=O)NC2CCC(=O)NC2=O)nn1-c1ccccc1F,Noncovalent,0.0
Cc1ccc(-c2ncc[nH]2)cc1NC(=O)CCl,Covalent,1.0
O=S(=O)(F)CC1CCCS1(=O)=O,Covalent,1.0
C=CS(=O)(=O)NCc1cncc(OCC)n1,Covalent,1.0
C=CC(=O)NC1CCC2(CCCC2)C1,Covalent,1.0
CN1C(=O)C(C)(C)c2cc(C(=O)NC3CCC(=O)NC3=O)ccc21,Noncovalent,0.0
C=CC(=O)NC(C(=C)C)c1ccc(F)c(F)c1,Covalent,1.0
C=CC(=O)NCC1CCCN1c1ccc(C)cc1,Covalent,1.0
CC(Oc1ccc2c(c1)C(=O)N(C1CCC(=O)NC1=O)C2=O)C(=O)O,Noncovalent,0.0
CCc1cn2c(n1)CCC(C(=O)Nc1ccc(NC3CCC(=O)NC3=O)cc1)C2,Noncovalent,0.0
Cc1nccnc1-c1ccc2c(c1)CN(C1CCC(=O)NC1=O)C2=O,Noncovalent,0.0
C=CC(=O)N[C@H]1C[C@H](c2cccc(C)c2)C1,Covalent,1.0
COc1ccc(OCC(F)(F)C(F)F)c(C(=O)NC2CCC(=O)NC2=O)c1,Noncovalent,0.0
N#Cc1ccc2nc(C(=O)NC3CCC(=O)NC3=O)[nH]c2c1,Noncovalent,0.0
O=C1CCC(NC(=O)c2c(Br)cnn2C2CCC2)C(=O)N1,Noncovalent,0.0
C=CC(=O)N1CC(N2CCCS2(=O)=O)C1,Covalent,1.0
O=C(CCl)NC1CCn2c(n[nH]c2=O)C1,Covalent,1.0
O=C1CCC(N2Cc3c(CCCCCO)cccc3C2=O)C(=O)N1,Noncovalent,0.0
O=C1CCC(NC(=O)c2ncn3c2CCNCC3)C(=O)N1,Noncovalent,0.0
Cc1cc(N(C)C2CCC(=O)NC2=O)nc(C(C)S(C)(=O)=O)n1,Noncovalent,0.0
Cc1nc2ccccc2cc1C(=O)N/N=C/c1ccccc1O,non-covalent,0.0
O=C1CCC(NC(=O)c2ccc(OCC(F)(F)F)o2)C(=O)N1,Noncovalent,0.0
O=C1CCC(CSc2ccccc2C(=O)O)C(=O)N1,non-covalent,0.0
CCCn1nccc1NC(=O)CCl,Covalent,1.0
C=CC(=O)NC1C2Cc3c(Cl)cccc3C21,Covalent,1.0
C=CC(=O)Nc1ccccc1-c1nnnn1C,Covalent,1.0
CC(Nc1ccc(C2CC(=O)NC(=O)C2)cc1)C1CCCC1,Noncovalent,0.0
Cc1nn(C)c2ncc(C(=O)NC3CCC(=O)NC3=O)cc12,Noncovalent,0.0
CC#CC(=O)NCCN1CC=C(C)CC1,Covalent,1.0
CCCC1=NOC2(CCC(=O)NC2=O)C1,non-covalent,0.0
C=CC(=O)Nc1cccc(C2CCCC(=O)N2)c1,Covalent,1.0
OB(O)c1ccc(CCN2CCCCC2)cc1,Covalent,1.0
O=C1CCC(NC(=O)c2ccc3oc(-c4ccccc4Cl)nc3c2)C(=O)N1,Noncovalent,0.0
CSc1cc(C)c(B(O)O)cn1,Covalent,1.0
C=CC(=O)N1CCSCC1S(C)(=O)=O,Covalent,1.0
C=CS(=O)(=O)NCC(O)c1cccs1,Covalent,1.0
O=C1CCC(n2nnc3ccc(CNC(=O)Nc4c(Cl)cccc4Cl)cc3c2=O)C(=O)N1,non-covalent,0.0
O=C1CCC(N2C(=O)c3ccc(NC(=O)c4ncccc4F)cc3C2=O)C(=O)N1,Noncovalent,0.0
Cc1nc(NCCc2ccccc2)sc1C(=O)NC1CCC(=O)NC1=O,Noncovalent,0.0
O=C1CCC(NC(=O)c2cccc([N+](=O)[O-])c2)C(=O)N1,non-covalent,0.0
C=CC(=O)NCc1ccc(-c2cccs2)cc1,Covalent,1.0
C=CC(=O)Nc1ccc2c(c1)C(C)CC(=O)N2C,Covalent,1.0
O=C1CCC(NC(=O)c2c[nH]c(C3CC3)n2)C(=O)N1,Noncovalent,0.0
C=CC(=O)N1CCCC(c2cc(C(C)C)n[nH]2)C1,Covalent,1.0
C=CS(=O)(=O)Nc1ccc2c(c1)COCC2,Covalent,1.0
CS(=O)(=O)N1CCC(CS(=O)(=O)F)C1,Covalent,1.0
C=CS(=O)(=O)NCc1ccc(Cl)s1,Covalent,1.0
Cn1nc(Br)c2ccc(C(=O)NC3CCC(=O)NC3=O)cc21,Noncovalent,0.0
O=C1CCC(N2Cc3cc(-c4cn5ccccc5n4)ccc3C2=O)C(=O)N1,Noncovalent,0.0
C=CC(=O)Nc1c(C)ccn2ncnc12,Covalent,1.0
C=CC(=O)N1CC(Cc2cccc(C)c2)C1,Covalent,1.0
COCc1c(C(=O)NC2CCC(=O)NC2=O)cnn1-c1ccccc1,Noncovalent,0.0
Nc1c(O)ccc2c1C(=O)N(C1CCC(=O)NC1=O)C2=O,Noncovalent,0.0
O=C(CCl)NCCc1nccc(=O)[nH]1,Covalent,1.0
Cc1ccc2ncccc2c1C(=O)NC1CCC(=O)NC1=O,Noncovalent,0.0
Cc1cc(Br)cc2c(C(=O)NC3CCC(=O)NC3=O)n[nH]c12,Noncovalent,0.0
C#CCOC1CN(C(=O)c2ccc3c(c2)C(=O)N(C2CCC(=O)NC2=O)C3)C1,Noncovalent,0.0
CC(C)(C)OC(=O)N1CCN(c2cc3c(cc2F)C(=O)N(C2CCC(=O)NC2=O)C3=O)CC1,non-covalent,0.0
O=C(NCCc1ccc2ccccc2n1)C1CO1,Covalent,1.0
CC(C)c1cc(C(=O)N[C@@H]2CCC(=O)NC2=O)c(C(C)C)o1,Noncovalent,0.0
Clc1ccc2ncc(OCC3CO3)cc2c1,Covalent,1.0
NC(=O)c1c(Br)ccnc1NC1CCC(=O)NC1=O,Noncovalent,0.0
O=C1CCC(NC(=O)c2cnc3ncc(Cl)cn23)C(=O)N1,Noncovalent,0.0
O=C1CC[C@@H](NC(=O)c2nc3cc(F)ccc3s2)C(=O)N1,Noncovalent,0.0
C[C@@H](NC(=O)COc1cccc2c1CN(C1CCC(=O)NC1=O)C2=O)C(=O)O,Noncovalent,0.0
C=CC(=O)NC1CCC2SCCSC12,Covalent,1.0
C#Cc1cccc2c1CN(C1CCC(=O)NC1=O)C2=O,Noncovalent,0.0
NC(=O)c1nc(CNC(=O)C(F)Cl)no1,Covalent,1.0
O=C1Nc2cc(B(O)O)ccc2C1=O,Covalent,1.0
Nc1ccc2nc(S(=O)(=O)F)nn2c1,Covalent,1.0
O=C1CCC(n2cc(-c3cscc3Br)nn2)C(=O)N1,non-covalent,0.0
O=C(O)CCc1ccc(S(=O)(=O)F)cc1,Covalent,1.0
C=CC(=O)NC1(c2ccc(F)c(F)c2)CC1,Covalent,1.0
C=CC(=O)NCc1cnc(C)n1-c1ccccc1,Covalent,1.0
CN(c1ccccc1)C1N=C(Nc2cccc3c2CN(C2CCC(=O)NC2=O)C3=O)C=CN1,non-covalent,0.0
O=C1CC(NC(=O)Cc2ccccc2)C(=O)N1,non-covalent,0.0
Cc1nc2c(NC(=O)CCl)cccn2n1,Covalent,1.0
O=C1CCC(N2Cc3cc(-c4ccn5nc(CN6CCOCC6)c(Cl)c5n4)ccc3C2=O)C(=O)N1,non-covalent,0.0
O=C1CCC2(CC(c3ccccc3[N+](=O)[O-])=NO2)C(=O)N1,non-covalent,0.0
C=CS(=O)(=O)NCc1nc(C(C)C)cs1,Covalent,1.0
CC1(C)CN(C(=O)Nc2ccc3c(c2)CN(C2CCC(=O)NC2=O)C3=O)C1,Noncovalent,0.0
O=C1CCC(n2cc(C(O)c3ccsc3)nn2)C(=O)N1,non-covalent,0.0
O=C1CCC(NC(=O)c2cc3c(=O)[nH]cnc3cn2)C(=O)N1,Noncovalent,0.0
C=CC(=O)N[C@@H]1CCCCC[C@H]1OCC,Covalent,1.0
Cc1nc(-c2cccnc2)[nH]c1C(=O)NC1CCC(=O)NC1=O,Noncovalent,0.0
Cc1nnc(CNC(=O)CCl)s1,Covalent,1.0
CCC(C)c1cc(C(=O)NC2CCC(=O)NC2=O)on1,Noncovalent,0.0
C=CC(=O)N1CCCC(n2ccc(=O)[nH]c2=O)C1,Covalent,1.0
O=C(CCl)N[C@H]1[C@@H]2Cc3ccccc3[C@@H]21,Covalent,1.0
Cc1ccn(CC(C)(O)C(=O)Nc2ccc(C3CCC(=O)NC3=O)cc2)c(=O)c1,Noncovalent,0.0
O=C1CCC(NC(=O)c2[nH]ncc2-c2ccncc2)C(=O)N1,Noncovalent,0.0
COCc1nc(C)c(C(=O)NC2CCC(=O)NC2=O)s1,Noncovalent,0.0
CCn1nc(C(=O)NC2CCC(=O)NC2=O)cc1C,Noncovalent,0.0
O=C1CCC(N2Cc3c(NC4=NC(c5ccc(-c6ccccc6)cc5)NC=C4)cccc3C2=O)C(=O)N1,non-covalent,0.0
CC1(C)CNCCN1C(=O)c1ccc2c(c1)C(=O)N(C1CCC(=O)NC1=O)C2,Noncovalent,0.0
O=C1CCC(NC(=O)c2nc(-c3cccs3)n(-c3ccccc3)n2)C(=O)N1,Noncovalent,0.0
O=C1CCC(N2Cc3cc(C(=O)N4CC=CC4)ccc3C2=O)C(=O)N1,Noncovalent,0.0
O=C(CCl)N1CCCC(CCO)CC1,Covalent,1.0
O=C1CCC(NC(=O)c2cc3[nH]ccc3nn2)C(=O)N1,Noncovalent,0.0
Cc1nc(C(=O)NC2CCC(=O)NC2=O)c(C)s1,Noncovalent,0.0
C=CC(=O)NC1CCCC1C(C)(C)C,Covalent,1.0
CC(C)(C)NC(=O)[C@@H]1c2ccccc2C(=O)N1[C@H]1CCC(=O)NC1=O,non-covalent,0.0
O=C1CCC(N2C(=O)c3ccccc3S2(=O)=O)C(=O)N1,Noncovalent,0.0
C=CC(=O)NCc1csc(C(C)(C)C)n1,Covalent,1.0
O=C1CCC(c2cccc(NC(=O)CS(=O)(=O)CC3CCCO3)c2)C(=O)N1,Noncovalent,0.0
CC#CC(=O)N[C@H]1c2ccccc2OC[C@H]1CO,Covalent,1.0
CC1(C)CCc2c(C(=O)NC3CCC(=O)NC3=O)n[nH]c2C1,Noncovalent,0.0
Cc1nn2ncccc2c1C(=O)NC1CCC(=O)NC1=O,Noncovalent,0.0
NC1CCCn2cc(C(=O)NC3CCC(=O)NC3=O)nc21,Noncovalent,0.0
C=CS(=O)(=O)c1ccc([N+](=O)[O-])nc1,Covalent,1.0
Cc1nc(C2CCOCC2)ncc1C(=O)NC1CCC(=O)NC1=O,Noncovalent,0.0
C=CC(=O)NCC1(O)CCC(C)(C)CC1,Covalent,1.0
C=CC(=O)Nc1c(Cl)cccc1OC,Covalent,1.0
Cc1cccc([C@@H](C)C(=O)Nc2ccc(C3CC(=O)NC(=O)C3)cc2)c1,Noncovalent,0.0
COc1ccc(B(O)O)cc1CC(=O)O,Covalent,1.0
C=CC(=O)N[C@@H](c1ccc(F)cc1)C(F)(F)F,Covalent,1.0
Cc1ccc2nc(C)c(C(=O)NC3CCC(=O)NC3=O)n2c1,Noncovalent,0.0
Cn1nc(-c2cccc3c2CN(C2CCC(=O)NC2=O)C3=O)c2ccc(N)cc21,Noncovalent,0.0
CN(c1ccnc(-c2cccc(Cl)c2)n1)C1CCC(=O)NC1=O,Noncovalent,0.0
O=C(CCl)Nc1nc2c(s1)CCC2,Covalent,1.0
C=CC(=O)N1CCC(C(=O)Nc2ccc3c(c2)C(=O)NC3)CC1,Covalent,1.0
O=C(O)COCCOc1cccc2c1C(=O)N(C1CCC(=O)NC1=O)C2=O,Noncovalent,0.0
O=C(CCl)Nc1ccnn1C1CCCC1,Covalent,1.0
CCc1nocc1CN(C)C(=O)CCl,Covalent,1.0
CC(Cl)C(=O)N(C)CC(=O)N1CCCC1,Covalent,1.0
C=CC(=O)N1CCNC(=O)CC1C,Covalent,1.0
C=CS(=O)(=O)NC(C)C(C)n1cc(C)cn1,Covalent,1.0
COc1cc(C=C(C#N)C(N)=O)ccc1O,Covalent,1.0
CN1CCN(C(=O)Nc2ccc3c(c2)CN(C2CCC(=O)NC2=O)C3=O)CC1=O,Noncovalent,0.0
C=CC(=O)NC1CCSC1C,Covalent,1.0
COC(=O)c1cc(NC(=O)CCl)cn1C,Covalent,1.0
Cc1nc(C2CCCO2)sc1C(=O)NC1CCC(=O)NC1=O,Noncovalent,0.0
O=S(=O)(F)c1cccc(O)n1,Covalent,1.0
COc1ccc2c(c1OC)CN(C1=CC(=O)N(C3CCC(=O)NC3=O)C1=O)CC2,Covalent,1.0
O=C(C1CO1)N1CCCC1c1ccccc1,Covalent,1.0
O=C1CCC(NC(=O)c2cn(Cc3ccccc3)nc2-c2cccnc2)C(=O)N1,Noncovalent,0.0
C=CC(=O)Nc1cnc2[nH]ccc2c1,Covalent,1.0
C=CC(=O)N1CCn2ncc(O)c2C1,Covalent,1.0
Cn1c(C(=O)NC2CCC(=O)NC2=O)cnc1C(F)(F)F,Noncovalent,0.0
O=C1CCC(NC(=O)c2cccc(CNC(=O)C34CC3C4)c2)C(=O)N1,Noncovalent,0.0
COC(=O)c1cc(C)nc2nc(SC3CCC(=O)NC3=O)[nH]c(=O)c12,Noncovalent,0.0
O=C1CCC(NC(=O)c2ccsc2-c2nn[nH]n2)C(=O)N1,Noncovalent,0.0
CC1(C(=O)Nc2cccc(C3CCC(=O)NC3=O)c2)CCCn2ccnc21,Noncovalent,0.0
CCNC(=O)COc1cccc(N2CCC(=O)NC2=O)c1C,non-covalent,0.0
C=CC(=O)N(CC1CC1)c1ccc(C#N)cc1,Covalent,1.0
Cc1cc(C(=O)N[C@@H]2CCC(=O)NC2=O)c(C(F)(F)F)o1,Noncovalent,0.0
O=C(CCl)N1C[C@H]2CCC(F)(F)[C@H]2C1,Covalent,1.0
O=C(CCl)N1CCCCC1Cn1ccnn1,Covalent,1.0
C=CC(=O)Nc1ccc2c(c1)NC(=O)CS2,Covalent,1.0
NC(=O)C(NC(=O)CCl)c1ccccc1F,Covalent,1.0
CC(C)(CC1CCOC1)C(=O)Nc1ccc(C2CCC(=O)NC2=O)cc1,Noncovalent,0.0
C=CC(=O)N(C)Cc1n[nH]c(-c2ccccc2)n1,Covalent,1.0
CCOc1cncc(-c2ccc3c(c2)CN(C2CCC(=O)NC2=O)C3=O)n1,Noncovalent,0.0
C=CS(=O)(=O)N1CCn2ncc(O)c2C1,Covalent,1.0
COc1ccc(C2CNC(=O)C2)cc1OC1CCCC1,non-covalent,0.0
C=CC(=O)NCC1(C(C)(C)C)CCCO1,Covalent,1.0
Cc1cc(C#N)cnc1C(=O)NC1CCC(=O)NC1=O,Noncovalent,0.0
O=C1CCC(N2Cc3cc(NC(=O)N4CC(F)(F)C4)ccc3C2=O)C(=O)N1,Noncovalent,0.0
N#Cc1cccc(CC(=O)NCc2cc(C(=O)NC3CCC(=O)NC3=O)co2)c1,Noncovalent,0.0
CN1C(=O)Cc2cc(Cl)ccc2C1=O,Noncovalent,0.0
COc1ccc(OC)c(C=C(C#N)C(N)=O)c1,Covalent,1.0
Cc1cscc1-c1cn(C2CCC(=O)NC2=O)nn1,non-covalent,0.0
O=S(=O)(F)Oc1cccc(-n2ccnc2)c1,Covalent,1.0
O=C(NCC1CC2(CCCC2)CO1)C(F)Cl,Covalent,1.0
O=C1CCC(N2Cc3cc(-c4cc5ccccc5nc4O)ccc3C2=O)C(=O)N1,Noncovalent,0.0
Cc1ccc(B(O)O)cc1S(N)(=O)=O,Covalent,1.0
C=CC(=O)NC(c1ncon1)C1CC1,Covalent,1.0
O=C1NCCN(C(=O)CCl)C1C1CC1,Covalent,1.0
O=C(CCl)N1CCN(c2cccnc2)CC1,Covalent,1.0
C=CC(=O)N1CC(=O)Nc2ccccc2C1,Covalent,1.0
CNc1cnncc1C(=O)NC1CCC(=O)NC1=O,Noncovalent,0.0
O=C(O)c1cc(S(=O)(=O)F)cs1,Covalent,1.0
C#CCN(C(=O)C#CC)C1CSC1,Covalent,1.0
CC(C)C1(C(=O)Nc2ccc3c(c2)C(=O)N(C2CCC(=O)NC2=O)C3)CC1,Noncovalent,0.0
C=CC(=O)NCC1CCc2ccccc2C1,Covalent,1.0
O=C1CCC(N2Cc3cc(NC(=O)c4cn5cc(Cl)ccc5n4)ccc3C2=O)C(=O)N1,non-covalent,0.0
C=CC(=O)NCc1nc2cc(F)ccc2o1,Covalent,1.0
COCCn1cc(NC(=O)C23CC2C3)ccc1=O,Covalent,1.0
C=CC(=O)N1CCC(=O)Nc2ccc(OC)cc21,Covalent,1.0
Cc1cc(S(N)(=O)=O)oc1C(=O)NC1CCC(=O)NC1=O,Noncovalent,0.0
C=CS(=O)(=O)NC(C)c1ccns1,Covalent,1.0
O=C1CCC(Nc2cc(Br)ccn2)C(=O)N1,Noncovalent,0.0
C=CC(=O)Nc1ccc(C2=NNC(=O)CO2)cc1,Covalent,1.0
Cc1cc2nc(-c3ccc4c(c3)CN(C3CCC(=O)NC3=O)C4=O)ccn2n1,non-covalent,0.0
COc1cc2c(c(-c3ccc(N4CCC(=O)NC4=O)cc3)c1)OCC2,Noncovalent,0.0
CC(=O)N1CCN(c2cc3c(cc2F)C(=O)N(C2CCC(=O)NC2=O)C3=O)CC1,non-covalent,0.0
O=C1CC[C@H](N2Cc3cc(-c4cnn5ccc(NC6CCC(F)(F)CC6)nc45)ccc3C2=O)C(=O)N1,non-covalent,0.0
CCN(Cc1ccc(Cl)cc1)C(=O)CCl,Covalent,1.0
C=CS(=O)(=O)Nc1cccc(C2(C)CC2)c1,Covalent,1.0
O=S(=O)(F)CCn1cnc2ccccc21,Covalent,1.0
O=C1CCC(NC(=O)c2cc3cccc(C(F)(F)F)c3[nH]c2=O)C(=O)N1,Noncovalent,0.0
N[C@@H](Cc1cccc(S(=O)(=O)F)c1)C(=O)O,Covalent,1.0
C=CC(=O)N1CC(OC)Cc2ccccc21,Covalent,1.0
O=C1CCC(NC(=O)c2nnn(-c3cccc(F)c3)c2C(F)(F)F)C(=O)N1,Noncovalent,0.0
O=C1CCC(N2Cc3cc(NCc4ccc5ccc6cccc7ccc4c5c67)ccc3C2=O)C(=O)N1,non-covalent,0.0
COCCOCCn1nccc1C(=O)NC1CCC(=O)NC1=O,Noncovalent,0.0
O=C1CCC(NC(=O)c2cc3cc(Br)cn3c(=O)[nH]2)C(=O)N1,Noncovalent,0.0
O=C(NCc1cc(-c2ccccc2)no1)C1CO1,Covalent,1.0
CNS(=O)(=O)c1csc(C(=O)NC2CCC(=O)NC2=O)c1,Noncovalent,0.0
CN1Cc2cccc(OCc3ncc(F)cn3)c2C1=O,Noncovalent,0.0
CC#CC(=O)NC1C(C)(C)C(OC)C1(C)C,Covalent,1.0
O=C1CCC(CO)(N2C(=O)CC3(CCc4ccccc43)C2=O)C(=O)N1,Noncovalent,0.0
NCCNC(=O)COc1ccc2c(c1)C(=O)N(C1CCC(=O)NC1=O)C2=O,Noncovalent,0.0
Cn1cnc(-c2ccc(F)cc2)c1C(=O)NC1CCC(=O)NC1=O,Noncovalent,0.0
CC(C)(NC(=O)CCl)c1noc(C(N)=O)n1,Covalent,1.0
CN(c1ncnc2ncn(C3CC3)c12)C1CCC(=O)NC1=O,Noncovalent,0.0
O=C1CCC(N2Cc3cc(NC(=O)N4CC5(CCCC5)C4)ccc3C2=O)C(=O)N1,Noncovalent,0.0
O=C1C[C@]2(NC(=O)CCl)CCCC[C@@H]2N1,Covalent,1.0
C[C@@H](N)C(=O)Nc1cccc2c1CN(C1CCC(=O)NC1=O)C2=O,Noncovalent,0.0
O=C1CCC(c2ccc(NC(=O)CCn3nc4ccccn4c3=O)cc2)C(=O)N1,Noncovalent,0.0
O=C1CCC(NC(=O)c2cn(CC(F)(F)F)cn2)C(=O)N1,Noncovalent,0.0
COc1cnc(CNC(=O)C23CC2C3)cn1,Covalent,1.0
O=C(O)/C=C/c1cccc2c1C(=O)N(C1CCC(=O)NC1=O)C2=O,Noncovalent,0.0
COc1c(-c2cn(C3CCC(=O)NC3=O)nn2)csc1C(=O)N1CCCC1,Noncovalent,0.0
O=C1CCC(N2Cc3ccc(S(=O)(=O)n4cnc(C(F)(F)F)c4)cc3C2=O)C(=O)N1,covalent,1.0
CNCc1cn(-c2ccc3c(c2)C(=O)N(C2CCC(=O)NC2=O)C3)nn1,Noncovalent,0.0
CCc1cccc(-c2ccc3c(c2)CN(C2CCC(=O)NC2=O)C3=O)n1,Noncovalent,0.0
O=C1CCC(N2Cc3c(NC(=O)C(F)(F)F)cccc3C2=O)C(=O)N1,Noncovalent,0.0
O=C1CCC(Nc2cc(-c3ccsc3)ncn2)C(=O)N1,Noncovalent,0.0
CCOc1nc(C(=O)NC2CCC(=O)NC2=O)cc2ccccc12,Noncovalent,0.0
O=C(CCl)N1CCn2cccc2C12COC2,Covalent,1.0
NC(=O)c1ccccc1NC(=O)C(F)Cl,Covalent,1.0
O=C(NCC1CCC2C(CC1)C2(F)F)C1CO1,Covalent,1.0
O=C1CCC(NC(=O)c2n[nH]c3c(F)cccc23)C(=O)N1,non-covalent,0.0
CN1CCOc2ncc(C(=O)NC3CCC(=O)NC3=O)cc21,Noncovalent,0.0
O=S(=O)(F)c1ccc2[nH]cnc2c1,Covalent,1.0
O=C1CCC(NC(=O)c2nnc(NC3CC3)o2)C(=O)N1,Noncovalent,0.0
O=C1CCC(N2C(=O)c3ccc(C(=O)NCC4CCCCC4)cc3C2=O)C(=O)N1,Noncovalent,0.0
C=CC(=O)N(Cc1ccc2c(c1)C(=O)NC2)Cc1ccsc1Cl,Covalent,1.0
CN1CCC(CNC(=O)CCl)C1=O,Covalent,1.0
O=C1CCC(N2Cc3cc(NCc4cccc(Oc5ccccc5)c4)ccc3C2=O)C(=O)N1,non-covalent,0.0
Cc1cc(CNc2cccc(C3CC(=O)NC(=O)C3)c2)ccc1F,Noncovalent,0.0
COc1ncc(B(O)O)c(OC)n1,Covalent,1.0
O=C1CCC(N2Cc3cc(OCCOCCOCCOCc4ccccc4)ccc3C2=O)C(=O)N1,non-covalent,0.0
O=C1CC(c2ccc(NCc3ncc(Cl)s3)cc2)CC(=O)N1,Noncovalent,0.0
CCCNC(=O)C(C#N)=Cc1ccn(CC)c1,Covalent,1.0
Cc1ccc(S(=O)(=O)NC2CCC(=O)NC2=O)c(C)c1,Noncovalent,0.0
COc1ccc(CCC(=O)Nc2ccc3c(c2)CN(C2CCC(=O)NC2=O)C3=O)cc1,non-covalent,0.0
C=CC(=O)NCCC1OCCc2ccccc21,Covalent,1.0
C=CC(=O)NCC1(C(F)F)CC1,Covalent,1.0
C=CC(=O)N1CC[C@@H](NC(=O)OC(C)(C)C)C1,Covalent,1.0
CN(Cc1cccc(B(O)O)c1)C1CC1,Covalent,1.0
Nn1ccc(=O)[nH]c1=O,non-covalent,0.0
Cc1cncc(CC(=O)NCc2cc(C(=O)NC3CCC(=O)NC3=O)n(C)n2)c1,Noncovalent,0.0
C=CC(=O)Nc1ccc(F)c(C2CC2)c1,Covalent,1.0
COc1cccc2c1C=C(C(=O)Nc1ccc3c(c1)CN(C1CCC(=O)NC1=O)C3=O)CO2,non-covalent,0.0
Cc1nn(-c2ccccc2)c2nc(C(=O)NC3CCC(=O)NC3=O)ccc12,Noncovalent,0.0
Cc1cc(N(C)C2CCC(=O)NC2=O)n2ncc(-c3ccccc3)c2n1,Noncovalent,0.0
CCOc1cccc(-c2cccc3c2CN(C2CCC(=O)NC2=O)C3=O)c1,non-covalent,0.0
C=CS(=O)(=O)N1CCC(N2CCCC2)C1C,Covalent,1.0
O=C(O)c1cccc(S(=O)(=O)F)c1,Covalent,1.0
O=C1CCC(c2cccc(NC(=O)c3csc4c(O)ccnc34)c2)C(=O)N1,Noncovalent,0.0
Cc1ccccc1C(=O)NC1CCC(=O)NC1=O,Noncovalent,0.0
O=C1CCC(CSCc2ccccc2)C(=O)N1,non-covalent,0.0
C=CC(=O)NCCC12CCC(CC1)C2(C)C,Covalent,1.0
C#CC1CCCN1C(=O)COc1cccc2c1CN(C1CCC(=O)NC1=O)C2=O,Covalent,1.0
C=CC(=O)N[C@H]1C[C@H](C(=O)OC)C1,Covalent,1.0
C[C@@H]1O[C@H]1C(=O)Nc1ccc(O)cc1,Covalent,1.0
OB(O)c1ccccc1CN1CCCCC1,Covalent,1.0
O=C1CCC(N2Cc3ccc(CNS(=O)(=O)N4CCC4)cc3C2=O)C(=O)N1,Noncovalent,0.0
CC(C)Oc1ccccc1-c1csc(C(=O)N[C@@H]2CCC(=O)NC2=O)c1,Noncovalent,0.0
N#Cc1ccc(NC2CCC(=O)NC2=O)c(F)c1Cl,Noncovalent,0.0
C=CC(=O)Nc1ccc(N(C)C(=O)NC)cc1,Covalent,1.0
O=C1CCC(NC(=O)c2cnn3c(=O)cc[nH]c23)C(=O)N1,Noncovalent,0.0
COc1ccc(S(=O)(=O)NC2CCC(=O)NC2=O)cc1,Noncovalent,0.0
CCOc1cc2ncc(C(=O)NC3CCC(=O)NC3=O)c(O)c2cc1OCC,Noncovalent,0.0
COc1ccc(-c2ccccc2C)c(C(=O)NC2CCC(=O)NC2=O)c1,Noncovalent,0.0
C=CC(=O)NCC1NC(=O)c2ccccc21,Covalent,1.0
O=C1CCC(N2C(=O)c3cccc(NC(=O)C4CCC4)c3C2=O)C(=O)N1,non-covalent,0.0
O=C(CCl)Nc1ccc(Cl)cc1C(=O)O,Covalent,1.0
O=C(CCl)N1CCC2CCC(C2)C1,Covalent,1.0
CC(Cn1ccc2ccccc21)C(=O)Nc1cccc(C2CCC(=O)NC2=O)c1,Noncovalent,0.0
COC(=O)c1csc(S(=O)(=O)F)n1,Covalent,1.0
COC(=O)c1cccc(NC(=O)CCl)c1O,Covalent,1.0
COc1ccc(B(O)O)cc1C(F)(F)F,Covalent,1.0
O=C(C(F)Cl)N1CCC[C@H](O)C1,Covalent,1.0
OB(O)c1cc(F)ccc1OCc1ccncc1,Covalent,1.0
CCCn1c(C)c(C(=O)NC2CCC(=O)NC2=O)c2cc(OC)ccc21,Noncovalent,0.0
C#CC(NC(=O)C#CC)c1ccc(F)cc1,Covalent,1.0
COC(=O)CCCN(C#N)c1ccc(F)cc1,Covalent,1.0
Cn1nnc2c1CC(NC(=O)CCl)CC2,Covalent,1.0
C=CC(=O)NCC1(C)CCOC1C1CC1,Covalent,1.0
O=C1CCC(NC(=O)c2ccc(-c3cccc4cccnc34)o2)C(=O)N1,Noncovalent,0.0
C=CC(=O)N1CCC(CC(F)F)(C(=O)O)CC1,Covalent,1.0
c1ccc2c(c1)CCN(CC1CO1)C2,Covalent,1.0
N#CC1(NC(=O)Cn2ccc(=O)[nH]c2=O)CC1,Covalent,1.0
CN(CC1(C)CCCO1)C(=O)C(F)Cl,Covalent,1.0
NCC1OCCc2sc(C(=O)Nc3ccc(C4CCC(=O)NC4=O)cc3)cc21,Noncovalent,0.0
CN1CCN(Cc2ccc(C(=O)NC3CCC(=O)NC3=O)s2)CC1,Noncovalent,0.0
C=CC(=O)N1CCC(CC(=O)O)C(F)(F)CC1,Covalent,1.0
O=C(c1ccc(OCC2CO2)cc1)N1CCCC1,Covalent,1.0
Cc1nc(NC2CCC(=O)NC2=O)c2cc(-c3ccccc3)sc2n1,Noncovalent,0.0
C=CC(=O)NC1CSc2ccccc21,Covalent,1.0
CCCOc1ccc(B(O)O)c(F)c1,Covalent,1.0
O=C1CCC(NC(=O)c2cccc3[nH]c(C(F)(F)F)cc23)C(=O)N1,Noncovalent,0.0
C=CC(=O)NCCn1ccc2cc(Cl)ccc21,Covalent,1.0
O=C1CCC(c2ccc(NC(=O)CN3Cc4ccccc4OC3=O)cc2)C(=O)N1,Noncovalent,0.0
C=CC(=O)NCCc1cc2ccccc2o1,Covalent,1.0
CCn1ccnc1S(=O)(=O)F,Covalent,1.0
COc1ccc2c(c1)C=C(C(=O)NCc1ccc3c(c1)CN(C1CCC(=O)NC1=O)C3=O)CO2,non-covalent,0.0
CN(c1nc(C2CC2)nc2sc3c(c12)CCCC3)C1CCC(=O)NC1=O,Noncovalent,0.0
Cc1cc(-c2ccccc2)n(-c2ccc(C(=O)NC3CCC(=O)NC3=O)cc2)n1,Noncovalent,0.0
COc1ccccc1C(C)N(C)C(=O)CCl,Covalent,1.0
C=CC(=O)N1CCCCC1c1nccn1CC,Covalent,1.0
Cc1ccccc1N1CCC(=O)NC1=O,non-covalent,0.0
O=C1CCC(NC(=O)c2c(Br)sc3ccccc23)C(=O)N1,Noncovalent,0.0
Cn1ccc(COc2ccc(-c3cccc(C4CCC(=O)NC4=O)c3Cl)cc2)n1,non-covalent,0.0
O=C1CCC(c2ccc(NC(=O)c3c(C4CC4)nn4ccccc34)cc2)C(=O)N1,Noncovalent,0.0
Cc1nnc2n1CC(C(=O)Nc1ccc(C3CCC(=O)NC3=O)cc1)N(C)C2,Noncovalent,0.0
CC#CCN(C(=O)CCl)C1CCCC1,Covalent,1.0
O=C(CCl)NC/C=C/c1ccccc1,Covalent,1.0
COCC(=O)Nc1ccc2c(c1)C(=O)N(C1CCC(=O)NC1=O)C2,Noncovalent,0.0
O=C(CCl)Nc1ccc2c(c1)C(=O)NC2,Covalent,1.0
C=CC(=O)N(C)c1ccc2ncccc2c1,Covalent,1.0
COc1cc(CNC(=O)Nc2ccc(C)c(Cl)c2)cc2c1C(=O)N(C1CCC(=O)NC1=O)C2,non-covalent,0.0
C=CC(=O)N[C@@H]1C[C@H]2C[C@@H]1C[C@H]2C(=O)OC,Covalent,1.0
Cc1cc(C)n(-c2ncc(Cl)c(N(C)C3CCC(=O)NC3=O)n2)n1,Noncovalent,0.0
C=CC(=O)NC1CCOC(C)(C)C1,Covalent,1.0
O=C(CCl)NCC1CC(=O)N(C2CC2)C1,Covalent,1.0
C=CC(=O)NCC1CC(C)(C)OC1(C)C,Covalent,1.0
O=C1CCC(N2Cc3c(cccc3-c3cccnc3)C2=O)C(=O)N1,non-covalent,0.0
O=C1CCC(NC(=O)c2ccc3ccncc3c2)C(=O)N1,Noncovalent,0.0
C=CC(=O)NC1CCCc2nn(C)cc21,Covalent,1.0
C=CC(=O)Nc1ccnn1CC1CC1,Covalent,1.0
Cc1nc(-c2cc(C(=O)NC3CCC(=O)NC3=O)co2)cs1,Noncovalent,0.0
O=C1CCC(N2Cc3ccc(C(=O)N4CCC[C@H]4C(=O)O)cc3C2=O)C(=O)N1,Noncovalent,0.0
C=CC(=O)N1C2CCC1CC(OCC)C2,Covalent,1.0
NCCCCNC(=O)COc1ccc2c(c1)CN(C1CCC(=O)NC1=O)C2=O,Noncovalent,0.0
O=C1CCC(NC(=O)c2c(Br)noc2C2CC2)C(=O)N1,Noncovalent,0.0
O=C1CCC(NC(=O)c2cnc(-c3ccccc3Cl)s2)C(=O)N1,Noncovalent,0.0
Cn1cc2c(C(=O)NC3CCC(=O)NC3=O)cc(F)cc2n1,Noncovalent,0.0
O=S(=O)(F)Oc1cccc(-n2cncn2)c1,Covalent,1.0
Cc1c([N+](=O)[O-])cc(C(=O)NC2CCC(=O)NC2=O)cc1[N+](=O)[O-],Noncovalent,0.0
Cc1nc(OC(C)C(F)(F)F)ccc1C(=O)NC1CCC(=O)NC1=O,Noncovalent,0.0
N#Cc1ccc(B(O)O)o1,Covalent,1.0
O=C1CCC(N2Cc3cc(-c4cn5c(n4)CCC5)ccc3C2=O)C(=O)N1,Noncovalent,0.0
COC(=O)c1cc(CS(=O)(=O)F)on1,Covalent,1.0
CC(C)C(C)NC(=O)c1ccc2c(c1)C(=O)N(C1CCC(=O)NC1=O)C2=O,Noncovalent,0.0
CC(=O)Nc1ccc(OCC2CO2)cc1,Covalent,1.0
CC#CC(=O)NCC1CCC(F)(F)C(=O)N1,Covalent,1.0
C=CC(=O)N(CC)C1CCS(=O)(=O)C1,Covalent,1.0
O=C1CC(NC(=O)c2c(Cl)cc(Cl)cc2Cl)C(=O)N1,non-covalent,0.0
COc1ccc(C(=O)O)cc1B(O)O,Covalent,1.0
NCCN1CCN(c2cccc3c2C(=O)N(C2CCC(=O)NC2=O)C3=O)CC1,Noncovalent,0.0
O=C1CCC(N2Cc3cc(-c4cc(CO)ccn4)ccc3C2=O)C(=O)N1,Noncovalent,0.0
C=CC(=O)NCCN1C(=O)COc2ccccc21,Covalent,1.0
COCc1ccccc1OS(=O)(=O)F,Covalent,1.0
CCOc1ncccc1S(=O)(=O)F,Covalent,1.0
C=CC(=O)N1CC2CC1(c1nc(C)no1)C2,Covalent,1.0
O=C1CCC(N2Cc3ccc(-n4cc(-c5cnsc5)nn4)cc3C2=O)C(=O)N1,Noncovalent,0.0
CC#CC(=O)NCc1nc2cnccc2s1,Covalent,1.0
C=CCNC(=O)C(C#N)=Cc1c(F)cccc1F,Covalent,1.0
C=CS(=O)(=O)NCC(CC)n1cccn1,Covalent,1.0
O=C(CCl)NC1CCOC2(CCCCC2)C1,Covalent,1.0
O=C(CCl)Nc1nccc(Cl)n1,Covalent,1.0
CC1CCCC1(NC(=O)CCl)C(N)=O,Covalent,1.0
CC(NC(=O)Nc1cccc(-c2ccccc2)c1)c1ccc2nnn(C3CCC(=O)NC3=O)c(=O)c2c1,non-covalent,0.0
CN(C)Cc1ccc(CNC(=O)CCl)cc1,Covalent,1.0
COCC1CCOCCN1C(=O)CCl,Covalent,1.0
COc1cccc2cc(C(=O)NC3CCC(=O)NC3=O)[nH]c12,Noncovalent,0.0
O=C(O)/C=C/c1ccc2c(c1)C(=O)N(C1CCC(=O)NC1=O)C2=O,Covalent,1.0
C=CC(=O)N(C)C1CCC(=O)N(C)C1,Covalent,1.0
C=CC(=O)NCCc1cn(C)c2cccc(C)c12,Covalent,1.0
C=CC(=O)NCc1cnc(-c2ccccc2)s1,Covalent,1.0
O=C1CCC(N2Cc3cc(C(=O)NC4CC4)ccc3C2=O)C(=O)N1,Noncovalent,0.0
O=C1CCC(NC(=O)c2cc(F)cc3[nH]nnc23)C(=O)N1,Noncovalent,0.0
OB(O)c1cnc2ccc(F)cc2c1,Covalent,1.0
Cc1coc2ccc(CC(=O)Nc3ccc(C4CCC(=O)NC4=O)cc3)cc12,Noncovalent,0.0
Cc1ccc(Cl)c(OCC2CO2)c1,Covalent,1.0
O=C(CCl)N(C1CCCC1)C1CC1,Covalent,1.0
O=C(CCCn1cncn1)NCc1cc(C(=O)NC2CCC(=O)NC2=O)ccn1,Noncovalent,0.0
O=C(CC1NC(=O)c2ccccc21)NCc1cccc(C(=O)N2CCOCC2)c1,Noncovalent,0.0
CC1CCc2ccccc2N1C(=O)CCl,Covalent,1.0
C=CC(=O)NCc1ccn(C)c1,Covalent,1.0
O=C1CCC(N2Cc3cc(NC(=O)c4ccc5occc5c4)ccc3C2=O)C(=O)N1,non-covalent,0.0
C=CC(=O)NCc1noc2c1CC(C)(C)CC2,Covalent,1.0
C=CC(=O)Nc1ccc(-n2ncn(C)c2=O)cc1,Covalent,1.0
Cc1ccc(NC2CCC(=O)NC2=O)c(Cl)c1,Noncovalent,0.0
Fc1cccc([C@H]2CO2)c1,Covalent,1.0
O=C(CCl)NCc1ccccc1[N+](=O)[O-],Covalent,1.0
CC(Cl)C(=O)NCc1ccc2cc[nH]c2n1,Covalent,1.0
OC1CCCc2c(OCC3CO3)cccc21,Covalent,1.0
C=CC(=O)NCC1C(F)(F)C12CCCC2,Covalent,1.0
Cc1c(C(=O)NC2CCC(=O)NC2=O)cccc1[N+](=O)[O-],Noncovalent,0.0
Cn1nc(C2CCC(=O)NC2=O)c2cc(N)ccc21,Noncovalent,0.0
O=C1CCC(NC(=O)c2ccc3cc(-c4ccccc4)[nH]c3c2)C(=O)N1,Noncovalent,0.0
O=C1CCC(N2Cc3cc(Nc4cnc5ccccn45)ccc3C2=O)C(=O)N1,non-covalent,0.0
Cc1c(C#CCNC(=O)OC(C)(C)C)cccc1N1CCC(=O)NC1=O,non-covalent,0.0
CC(C)(C)c1ccc(NC(=O)NCc2ccc3nnn(C4CCC(=O)NC4=O)c(=O)c3c2)cc1Cl,non-covalent,0.0
O=C1CCC(NC(=O)c2ccccc2Cl)C(=O)N1,Noncovalent,0.0
O=C1CCC(NC(=O)c2c[nH]c3nccnc23)C(=O)N1,Noncovalent,0.0
O=C1CCC(NC(=O)c2cc3ccccc3cc2NC(=O)C2CC2)C(=O)N1,Noncovalent,0.0
Cc1cc(B(O)O)cs1,Covalent,1.0
C=CC(=O)Nc1cc(OC)ccc1C1CC1,Covalent,1.0
CC(C)N(C(=O)CCl)C(C)c1ccccc1,Covalent,1.0
C=CC(=O)Nc1ccc2c(c1)N(C)CCO2,Covalent,1.0
O=C1CCC(NC(=O)c2ccc(-c3nn[nH]n3)o2)C(=O)N1,Noncovalent,0.0
N#CC(NC(=O)C(F)Cl)C1CCOC1,Covalent,1.0
CC#CC(=O)NCc1nccc(C)c1F,Covalent,1.0
CN(C)c1ccc(CNc2ccc3c(c2)CN(C2CCC(=O)NC2=O)C3=O)cn1,Noncovalent,0.0
CCn1ncnc1-c1ccc(C(=O)NC2CCC(=O)NC2=O)cc1,Noncovalent,0.0
C=CC(=O)NCc1ccn(-c2ccc(F)cc2)n1,Covalent,1.0
CC(Cl)C(=O)N1CCCCc2ncccc21,Covalent,1.0
O=C1CCC(N2Cc3cc(NCc4ccc5ccncc5c4)ccc3C2=O)C(=O)N1,non-covalent,0.0
Cn1nc(C2CCC(=O)NC2=O)c2ccc(NC(=O)NC3C=CCC3)cc21,Noncovalent,0.0
COc1cc(Oc2ccccc2)ccc1C(=O)Nc1ccc2c(c1)CN(C1CCC(=O)NC1=O)C2=O,non-covalent,0.0
C=CC(=O)Nc1ccnc(-n2cccn2)c1,Covalent,1.0
COc1c(-c2ccc3cc(NS(C)(=O)=O)ccc3c2)cc(-n2ccc(=O)[nH]c2=O)cc1C(C)(C)C,non-covalent,0.0
O=C1CCC(NC(=O)c2ccc(C(F)(F)F)nc2NCC(F)(F)F)C(=O)N1,Noncovalent,0.0
C=CC(=O)Nc1ccc(C(=O)NC)cc1OC,Covalent,1.0
CCc1ccc(CNC(=O)CCl)s1,Covalent,1.0
CCOC(=O)C1CN(C(=O)c2ccc3c(c2)C(=O)N(C2CCC(=O)NC2=O)C3)C1,Noncovalent,0.0
O=C1CC(c2c(Cl)cccc2Cl)CC(=O)N1,Noncovalent,0.0
C=CC(=O)NCC(C)c1nncn1C,Covalent,1.0
O=C1CCC(Nc2ccc(NC(=O)c3scc4c3OCCO4)cc2)C(=O)N1,Noncovalent,0.0
CC#CC(=O)NC1CCOCC1CC(C)C,Covalent,1.0
O=C1CCC(NC(=O)c2ccoc2)C(=O)N1,Noncovalent,0.0
O=C1CCC(NC(=O)c2cc(N3CCOC3=O)ccc2F)C(=O)N1,Noncovalent,0.0
CS(=O)(=O)c1cccc(B(O)O)c1,Covalent,1.0
C=CC(=O)N1CCN(C)c2cc(Cl)ccc21,Covalent,1.0
C[C@@H](NC(=O)CCl)c1cnnn1C,Covalent,1.0
O=C(CCl)N1CC=C(c2ccccc2)CC1,Covalent,1.0
COCC(C)NC(=O)C(C#N)=Cc1occc1C,Covalent,1.0
COc1cccc([C@@H]2C[C@H]2NC(=O)CCl)c1,Covalent,1.0
O=C1CCC(c2ccc(NC(=O)C3CC4(CCO3)CC(F)(F)C4)cc2)C(=O)N1,Noncovalent,0.0
O=C1CCC(n2cc(-c3ccc(CO)cc3)nn2)C(=O)N1,Noncovalent,0.0
O=C1CC[C@H](N2Cc3cc(-c4cnn5ccc(NCc6ccccc6)nc45)ccc3C2=O)C(=O)N1,non-covalent,0.0
COC(=O)c1ncn(C2CCC(=O)NC2=O)c1NC(=O)C1CCC1,Noncovalent,0.0
C=CC(=O)Nc1ccc(CCC(=O)Nc2ccc3c(c2)C(=O)NC3)cc1,Covalent,1.0
Cc1cc(-c2ccc3c(c2)CN(C2CCC(=O)NC2=O)C3=O)ncc1C(F)F,Noncovalent,0.0
O=C1CCC(NC(=O)c2cc3ccccc3n2Cc2ccccc2F)C(=O)N1,Noncovalent,0.0
O=C1CCC(NC(=O)c2csc3c(O)ccnc23)C(=O)N1,Noncovalent,0.0
Cc1ccc(C)c(-n2cnc3cc(C(=O)NC4CCC(=O)NC4=O)ccc32)c1,Noncovalent,0.0
O=C1CCC(N2Cc3cc(CNC(=O)/C(Cc4ccc(F)cc4)=N/O)ccc3C2=O)C(=O)N1,non-covalent,0.0
CN(Cc1ccccc1F)C(=O)CCl,Covalent,1.0
C=CC(=O)NC1CC2CCCCN2C1,Covalent,1.0
O=C1CCC(N2Cc3cc(NC(=O)c4nc5ccccc5[nH]4)ccc3C2=O)C(=O)N1,non-covalent,0.0
CCc1c(C(=O)NC2CCC(=O)NC2=O)cnn1CCC(C)C,Noncovalent,0.0
O=C1CCC(NC(=O)c2cc3cccnc3nc2C2CC2)C(=O)N1,Noncovalent,0.0
C=CC(=O)NC1CCS(=O)(=O)C(C)C1,Covalent,1.0
CCCSc1ccc(C(=O)NC2CCC(=O)NC2=O)cc1,Noncovalent,0.0
CCc1nocc1CN(C)C(=O)C(C)Cl,Covalent,1.0
OB(O)c1csc(C(F)(F)F)c1,Covalent,1.0
O=C1CCC(NC(=O)c2cc(CC3CCCCN3)on2)C(=O)N1,Noncovalent,0.0
COc1ccc(-c2onc(C(=O)NC3CCC(=O)NC3=O)c2C)cc1,Noncovalent,0.0
CCCn1nccc1-c1ccc2c(c1)CN(C1CCC(=O)NC1=O)C2=O,Noncovalent,0.0
CN1C(=O)CCC(NC(=O)c2cnc3c(c2)NC(=O)CS3)C1=O,Noncovalent,0.0
CN(c1c(F)c(F)nc(F)c1F)C1CCC(=O)NC1=O,Noncovalent,0.0
C=CS(=O)(=O)NC1(c2nccs2)COC1,Covalent,1.0
CC#CC(=O)NCc1nc(C(F)(F)F)c[nH]1,Covalent,1.0
O=C1CCC(NC(=O)c2cc3scc(Cl)c3[nH]2)C(=O)N1,Noncovalent,0.0
COc1ccc(-c2cccc(C(=O)NC3CCC(=O)NC3=O)n2)cc1,Noncovalent,0.0
O=C1CCC(c2ccc(NC(=O)CC3CCn4cncc4C3)cc2)C(=O)N1,Noncovalent,0.0
O=C1CCC(N2Cc3c(C(=O)N4CCCO4)cccc3C2=O)C(=O)N1,Covalent,1.0
COc1cc(Cl)c(Cl)cc1C(=O)NC1CCC(=O)NC1=O,Noncovalent,0.0
C=CC(=O)NC1Cc2ccccc2N(C)C1=O,Covalent,1.0
CC(C)=Cc1ccc2c(c1)CN(C1CCC(=O)NC1=O)C2=O,Noncovalent,0.0
O=S(=O)(F)Oc1cccc(-n2cccn2)c1,Covalent,1.0
CCCn1ccc(C(=O)Nc2ccc3c(c2)C(=O)N(C2CCC(=O)NC2=O)C3)n1,Noncovalent,0.0
O=C1CCC(N2C(=O)c3cccc(Nc4cccc(OS(=O)(=O)F)c4)c3C2=O)C(=O)N1,non-covalent,0.0
O=C1CCC(N2Cc3c(cccc3-c3ccc(OCC4CC4)cc3)C2=O)C(=O)N1,Noncovalent,0.0
C=CCN(C)C1CN(C(=O)C(F)Cl)C1,Covalent,1.0
O=C1CCN(c2ccc(NCCCc3nc4ccccc4o3)cc2F)C(=O)N1,Noncovalent,0.0
C=CS(=O)(=O)N(C)Cc1cc[nH]n1,Covalent,1.0
C=C(F)C(=O)NCc1cccc(C(=O)NC2CCC(=O)NC2=O)c1,Covalent,1.0
C=CS(=O)(=O)NCCOc1cccnc1C,Covalent,1.0
C=CS(=O)(=O)NC(C)c1cc(C)sc1C,Covalent,1.0
CC(C)c1nc(S(=O)(=O)Nc2cccc3c2CNC3=O)c[nH]1,Noncovalent,0.0
Nc1cc(Cl)cc(N2CCC(=O)NC2=O)c1,Noncovalent,0.0
Cc1cc(F)c(S(=O)(=O)NC2CCC(=O)NC2=O)cc1F,Noncovalent,0.0
O=C1NCc2cccc(NC3CCN(c4ccc(C(F)(F)F)cc4)C3=O)c21,Noncovalent,0.0
Cn1nc(C(F)(F)F)c(C(=O)NC2CCC(=O)NC2=O)c1-c1nn[nH]n1,Noncovalent,0.0
O=C1CC[C@@H](NC(=O)c2cnc3ccoc3c2)C(=O)N1,Noncovalent,0.0
NS(=O)(=O)c1ccccc1NC(=O)CCl,Covalent,1.0
C[C@@H](NC(=O)c1ccc2c(c1)CN(C1CCC(=O)NC1=O)C2=O)C(=O)O,Noncovalent,0.0
O=S(=O)(F)c1ccc(O)nc1,Covalent,1.0
O=C1CCC(c2ccc(NC(=O)Cc3c[nH]c4nccc(Cl)c34)cc2)C(=O)N1,Noncovalent,0.0
C=CS(=O)(=O)N1CCN(C)CC1C1CC1,Covalent,1.0
C=CC(=O)N1CC(C)(CO)Oc2ccccc21,Covalent,1.0
O=S(=O)(F)Oc1cccc2c1CCN2,Covalent,1.0
C=CC(=O)NC1(C)CC(F)(F)C1,Covalent,1.0
O=C1CCC(N2C(=O)c3cccc(NCC(=O)N4CCNCC4)c3C2=O)C(=O)N1,Noncovalent,0.0
Cc1nc(NC2CCC(=O)NC2=O)cc(=O)[nH]1,Noncovalent,0.0
O=S(=O)(F)Oc1ccccc1OC(F)F,Covalent,1.0
C=CC(=O)Nc1cnn(C(C)c2ccccc2)c1,Covalent,1.0
CCOC(=O)c1nc(C(=O)N[C@@H]2CCC(=O)NC2=O)cs1,Noncovalent,0.0
O=C(CCl)NC1CN(C(=O)C2CC2)C1,Covalent,1.0
COc1cc(OCC2CO2)ccc1C#N,Covalent,1.0
O=S(=O)(F)CC1CCCC2(CCC2)O1,Covalent,1.0
C=CC(=O)NC1CN(CC)Cc2ccccc21,Covalent,1.0
O=C(CCl)N[C@H]1C[C@@H](n2cccn2)C1,Covalent,1.0
CC(C)N(CC(=O)O)C(=O)c1cccc2c1CN(C1CCC(=O)NC1=O)C2=O,Noncovalent,0.0
CC#CC(=O)NCCC1OCCc2ccccc21,Covalent,1.0
CN(c1ncnc2c1S(=N)(=O)CCC2)C1CCC(=O)NC1=O,Noncovalent,0.0
OB(O)c1cc2ccccc2s1,Covalent,1.0
CN1C(=O)c2ccccc2C1CNC(=O)Nc1nnc(Cc2ccccc2)s1,Noncovalent,0.0
COC(=O)c1cccc(C(=O)NC2CCC(=O)NC2=O)c1,Noncovalent,0.0
Cc1nnc2ccc(-c3ccc(N4CCC(=O)NC4=O)cc3)cn12,Noncovalent,0.0
Cc1cc(-c2cccnc2)ccc1OCC1CO1,Covalent,1.0
CC#CC(=O)N(Cc1cncs1)C1CC1,Covalent,1.0
O=C1CCC(c2ccc(NC(=O)c3cncc(-n4ccnc4)n3)cc2)C(=O)N1,Noncovalent,0.0
CC(c1cccs1)N(C)C(=O)CCl,Covalent,1.0
O=C1CCC(NC(=O)c2cc(=O)[nH]c3cc(F)ccc23)C(=O)N1,Noncovalent,0.0
O=C1CCN(c2ccc(C(=O)N3Cc4n[nH]cc4C3CO)cc2)C(=O)N1,Noncovalent,0.0
C=CC(=O)Nc1cccc2c(=O)n(C)ccc12,Covalent,1.0
O=C1CCC(N2C(=O)c3cccc(OCC(=O)N4CCCCC4)c3C2=O)C(=O)N1,Noncovalent,0.0
C=CS(=O)(=O)N(CC)CCc1ccccn1,Covalent,1.0
CCc1c(C(=O)NC2CCC(=O)NC2=O)cnc2c1c(=O)n(C)c(=O)n2C,Noncovalent,0.0
CC1(Cc2ccccc2)CCCN1C(=O)C1CO1,Covalent,1.0
C=CC(=O)NCc1cccc2ccsc12,Covalent,1.0
C=CS(=O)(=O)NCC1CC(OC)C1,Covalent,1.0
Cc1nn(C)c(C(F)(F)F)c1C(=O)NC1CCC(=O)NC1=O,Noncovalent,0.0
C=CC(=O)Nc1ccc2ccc(=O)n(C)c2c1,Covalent,1.0
C=CC(=O)Nc1ccc2c(c1)COC2,Covalent,1.0
CC(C)Cn1cnc(S(=O)(=O)F)c1,Covalent,1.0
O=C1CCC(NC(=O)c2coc(-c3ccccc3Cl)n2)C(=O)N1,Noncovalent,0.0
O=C1CCC(N2Cc3cc(CNC(=O)c4coc5ccccc5c4=O)ccc3C2=O)C(=O)N1,non-covalent,0.0
C=CC(=O)Nc1cc(C)nn1-c1ccccc1F,Covalent,1.0
O=C1CCC(NC(=O)c2[nH]ncc2CNC(=O)c2cn3c(n2)CCC3)C(=O)N1,Noncovalent,0.0
C=CS(=O)(=O)N(C)Cc1scnc1C,Covalent,1.0
CC(C)[C@H]1CCO[C@H]1CNC(=O)CCl,Covalent,1.0
OB(O)c1cc(F)cc2ccoc12,Covalent,1.0
O=C1CCC(N2Cc3cc(-c4ccc5cccc(O)c5n4)ccc3C2=O)C(=O)N1,Noncovalent,0.0
Cc1ccc(NC(=O)CCCOc2cccc3c2CN(C2CCC(=O)NC2=O)C3=O)cc1Cl,non-covalent,0.0
Cn1ccc2c(B(O)O)cccc21,Covalent,1.0
CC(C)c1nc(C(=O)NC2CCC(=O)NC2=O)cs1,Noncovalent,0.0
CC(=O)N1CCN(c2cccc3c2C(=O)N(C2CCC(=O)NC2=O)C3=O)CC1,non-covalent,0.0
Cc1onc(CC(=O)Nc2cccc(C3CCC(=O)NC3=O)c2)c1-c1nn[nH]n1,Noncovalent,0.0
O=C1CCC(NC(=O)c2ccc(OC3CCNC3)cc2)C(=O)N1,Noncovalent,0.0
Cc1cccc(C(=O)Nc2ccc3c(c2)CN(C2CCC(=O)NC2=O)C3=O)c1,non-covalent,0.0
CC#CC(=O)NCc1nccc(C(F)F)n1,Covalent,1.0
C=CC(=O)N1CCCC(O)(CC(=O)NC)C1,Covalent,1.0
CC#CC(=O)NC1CCc2n[nH]c(=O)cc2C1,Covalent,1.0
Cc1cc(C)c2cc(C(=O)NC3CCC(=O)NC3=O)sc2n1,Noncovalent,0.0
CC#CC(=O)NC(CO)c1ccnn1C,Covalent,1.0
O=C1CCC(NC(=O)c2nc(-c3ccccc3)n3c2COCC3)C(=O)N1,Noncovalent,0.0
Cc1cccc(-c2ccc3c(c2)CN(C2CCC(=O)NC2=O)C3=O)n1,Noncovalent,0.0
O=C(C1CO1)N(Cc1ccccc1F)C1CCC1,Covalent,1.0
CS(C)(=O)=Nc1cccc(-c2ccc3c(c2)CNC3=O)n1,Noncovalent,0.0
O=C1CCC(c2ccc(NC(=O)C(O)c3cccc4c3OCC4)cc2)C(=O)N1,Noncovalent,0.0
O=C(CCl)N1CCc2c(cc[nH]c2=O)C1,Covalent,1.0
Nc1cccc(-c2cccc3c2CN(C2CCC(=O)NC2=O)C3=O)c1,Noncovalent,0.0
O=C1CCC(N2Cc3c(CNC(=O)c4cnc5ccccc5c4)cccc3C2=O)C(=O)N1,non-covalent,0.0
CCOc1cc(-c2cn(C3CCC(=O)NC3=O)nn2)cs1,non-covalent,0.0
CCS(=O)(=O)Nc1ccc2c(c1)CN(C1CCC(=O)NC1=O)C2=O,Noncovalent,0.0
C=CC(=O)N(C1CC1)C(C)c1ccccc1F,Covalent,1.0
O=C1CCC(NC(=O)c2ccc(N3CCCS3(=O)=O)cc2)C(=O)N1,Noncovalent,0.0
C=CC(=O)NC(C)C1CC2CCC1CC2,Covalent,1.0
C=CC(=O)NCC1COc2ccccc21,Covalent,1.0
Cc1ccc2c(c1)C=C(C(=O)NCc1ccc3c(c1)CN(C1CCC(=O)NC1=O)C3=O)CO2,non-covalent,0.0
CC1(C)Cc2c(C(=O)Nc3ccc(C4CCC(=O)NC4=O)cc3)nnn2C1,Noncovalent,0.0
O=C1CCC(c2ccc(Nc3nc(Cl)nc4c3CC3(CC4)CC3)cc2)C(=O)N1,Noncovalent,0.0
C=CC(=O)N1CCC[C@H]1c1csc(C)n1,Covalent,1.0
C=CC(=O)NCC1(C2CC2)CCCO1,Covalent,1.0
C=CC(=O)NC1(C(=O)Nc2ccccc2)CC1,Covalent,1.0
Cc1nc(C(C)C)sc1C(=O)NC1CCC(=O)NC1=O,Noncovalent,0.0
O=C1CCC(c2cccc(NC(=O)c3c(C(F)F)nc4cnccn34)c2)C(=O)N1,Noncovalent,0.0
Cn1nccc1C1(CNC(=O)CCl)CC1,Covalent,1.0
O=C1CCC(NC(=O)c2nc(-c3cccs3)n(-c3cccc(F)c3)n2)C(=O)N1,Noncovalent,0.0
Cc1occc1-c1cc(NC(=O)Nc2ccc(C3CCC(=O)NC3=O)cc2)no1,Noncovalent,0.0
C[C@@H]1CCN(C(=O)CCl)[C@@H](c2ccco2)C1,Covalent,1.0
COc1cccc2c(O)cc(C(=O)NC3CCC(=O)NC3=O)nc12,Noncovalent,0.0
O=C(CCl)Nc1ccn(Cc2ccccc2)n1,Covalent,1.0
Nc1n[nH]c2c(CN3CCC(F)C3)cc(-c3ccc4c(c3)CN(C3CCC(=O)NC3=O)C4=O)nc12,non-covalent,0.0
CC(C)c1ccc2c(c1)CN(C(=O)C1CO1)CC2,Covalent,1.0
Cc1noc(-c2cn(CC(=O)Nc3ccc(C4CCC(=O)NC4=O)cc3)cn2)n1,Noncovalent,0.0
C=CC(=O)NCc1ccc2cccnc2c1,Covalent,1.0
Cc1ccc2nc(C)c(C(=O)N/N=C/c3cccc([N+](=O)[O-])c3)cc2c1,non-covalent,0.0
Cc1nc(-c2ccc(OCC3CO3)cc2)no1,Covalent,1.0
C=CC(=O)Nc1ccc2c(c1)OCC(=O)N2C,Covalent,1.0
CC(NC(=O)CCl)c1cc(F)cc(Cl)c1,Covalent,1.0
CN(C)c1ncnc2c1cc(C(=O)NC1CCC(=O)NC1=O)n2C,Noncovalent,0.0
C=CC(=O)N1CCC(CO)C(c2ccccc2)C1,Covalent,1.0
CSc1cscc1-c1cn(C2CCC(=O)NC2=O)nn1,non-covalent,0.0
C=CS(=O)(=O)CCN1CCNC(=O)C1(C)C,Covalent,1.0
CSCc1cn(-c2ccc3c(c2)C(=O)N(C2CCC(=O)NC2=O)C3)nn1,Noncovalent,0.0
FC(F)(F)[C@H]1OC[C@@]2(c3ccccc3)O[C@@H]12,Covalent,1.0
C=CS(=O)(=O)N1CCOC2(CCC2)CC1,Covalent,1.0
OB(O)c1cccn2nccc12,Covalent,1.0
CNc1cc(-c2cccc3c2CN(C2CCC(=O)NC2=O)C3=O)ccn1,Noncovalent,0.0
CCOC(=O)c1cccc(B(O)O)c1,Covalent,1.0
CC1(C)CC(Nc2ccc(C3CC(=O)NC(=O)C3)cc2)CO1,Noncovalent,0.0
O=C1CCC(N2Cc3cc(NC(=O)c4cccc(C(=O)c5ccccc5)c4)ccc3C2=O)C(=O)N1,non-covalent,0.0
C=CC(=O)NCCc1ncc(C)cc1C,Covalent,1.0
C=CC(=O)NC(C)c1cc(F)ccc1N(C)C,Covalent,1.0
CC#CC(=O)N1CC(=O)N(C)c2ccccc2C1,Covalent,1.0
Cc1nc(CNC(=O)C(F)Cl)c(C)s1,Covalent,1.0
O=C1CCC(NC(=O)c2coc(CNC(=O)c3cnc4n3CCC4)n2)C(=O)N1,Noncovalent,0.0
C=CC(=O)N1CCCC(c2nccn2C)C1,Covalent,1.0
Cn1c(Cl)c(C(=O)NC2CCC(=O)NC2=O)c2cc(Cl)c(Cl)cc21,Noncovalent,0.0
O=C1CCC(N2CCc3c(Cl)cccc3C2)C(=O)N1,Noncovalent,0.0
CC(Cl)C(=O)N1CC2(CN(C)C(=O)O2)C1,Covalent,1.0
C=CCOc1ccccc1B(O)O,Covalent,1.0
O=C1CCC(NC(=O)c2cn3cc(Cl)cnc3n2)C(=O)N1,Noncovalent,0.0
Cc1oc2cc(C(=O)NC3CCC(=O)NC3=O)[nH]c2c1C,Noncovalent,0.0
Cn1ccc2cccc(-c3cccc4c3CN(C3CCC(=O)NC3=O)C4=O)c21,Noncovalent,0.0
O=C1CCC(Nc2ccc(NC(=O)c3cccc4c3CCCO4)cc2)C(=O)N1,Noncovalent,0.0
C#CCCCOC(=O)Nc1cccc2c(=O)n(C3CCC(=O)NC3=O)c(C)nc12,Noncovalent,0.0
O=C1CCC(NC(=O)c2oc(Cl)c(Cl)c2Cl)C(=O)N1,Noncovalent,0.0
CC1(C(=O)Nc2cccc(C3CCC(=O)NC3=O)c2)Oc2ccccc2NC1=O,Noncovalent,0.0
O=C1CCC(N2Cc3cc(-c4ccc5ncccc5n4)ccc3C2=O)C(=O)N1,Noncovalent,0.0
C=CC(=O)N1CCS(=O)(=O)N2CCOCC12,Covalent,1.0
O=C1CCC(NC(=O)c2cncc3c2CCNC3=O)C(=O)N1,Noncovalent,0.0
Cc1cc2c(C(=O)NC3CCC(=O)NC3=O)ccc(C)c2[nH]1,Noncovalent,0.0
O=C(NCc1c[nH]c2ccc(F)cc12)C1CO1,Covalent,1.0
C=CC(=O)NCCc1c[nH]c2ccc(C)cc12,Covalent,1.0
O=C(CCl)NCC1CCC(F)(F)C(=O)N1,Covalent,1.0
CCN1CCCC1CNc1ncccc1C(=O)NC1CCC(=O)NC1=O,Noncovalent,0.0
CN(CC(=O)Nc1ccc2c(c1)C(=O)N(C1CCC(=O)NC1=O)C2=O)C1CCC1,Noncovalent,0.0
O=C1CCC(Oc2cccc(C(F)(F)F)n2)C(=O)N1,Noncovalent,0.0
O=C(CCl)Nc1ccc(N2CCCC2)cc1,Covalent,1.0
C=CC(=O)Nc1ccccc1C(=O)NCCCn1ccc(=O)[nH]c1=O,Covalent,1.0
CN1C(=O)CCC(NCc2coc(-c3ccccc3)n2)C1=O,Noncovalent,0.0
COc1ccccc1Nc1nccc(Nc2cccc3c2CN(C2CCC(=O)NC2=O)C3=O)n1,non-covalent,0.0
CC(C)C1Oc2ccc(C(=O)NC3CCC(=O)NC3=O)cc2NC1=O,Noncovalent,0.0
O=C1CCC(n2ncc3cc(F)ccc3c2=O)C(=O)N1,Noncovalent,0.0
CC(C)CC1(C(=O)Nc2ccc3c(c2)C(=O)N(C2CCC(=O)NC2=O)C3)CCC1,Noncovalent,0.0
C=CC(=O)NCc1ccsc1C(F)(F)F,Covalent,1.0
CC(C)[C@H]1COC(=O)N1C(=O)CCl,Covalent,1.0
[NH3+]Cc1ccc(COC(=O)NC2CC(=O)NC2=O)cc1,non-covalent,0.0
Cc1cc(C(=O)NC2CCC(=O)NC2=O)c2nn(C)cc2c1,Noncovalent,0.0
CN(C)C(=O)C1CCC(NC(=O)CCl)CC1,Covalent,1.0
CC(C)(C)CNC(=O)c1cccc2c1CN(C1CCC(=O)NC1=O)C2=O,Noncovalent,0.0
O=S(=O)(F)c1cc(C(F)(F)F)ccn1,Covalent,1.0
CN(C)c1nc(Cl)c(C(=O)NC2CCC(=O)NC2=O)s1,Noncovalent,0.0
O=C1CCC(Nc2ccnc(-c3cncc(Br)c3)n2)C(=O)N1,Noncovalent,0.0
CCCCNC(=O)C(C#N)=Cc1cccnc1,Covalent,1.0
COCCCc1cn(-c2cccc3c2CN(C2CCC(=O)NC2=O)C3=O)nn1,Noncovalent,0.0
C=CC(=O)N1CCSC2COCCC21,Covalent,1.0
O=Cc1ccc(-c2cccc3c2CN(C2CCC(=O)NC2=O)C3=O)cc1,non-covalent,0.0
COc1ccc(-c2cc(Nc3cccc(C4CCC(=O)NC4=O)c3)ncn2)cc1,Noncovalent,0.0
CC(C)(CN)CNC(=O)c1cccc2c1CN(C1CCC(=O)NC1=O)C2=O,Noncovalent,0.0
Nc1cccc(N2CCC(=O)NC2=O)c1,non-covalent,0.0
C=CC(=O)N1CCCC1c1cncc(C)c1,Covalent,1.0
N#CCOc1cccc(OCC2CO2)c1,Covalent,1.0
C=CC(=O)Nc1ccc(C2CC2)cc1,Covalent,1.0
O=C1CCC(n2cc(Br)cn2)C(=O)N1,Noncovalent,0.0
OB(O)c1ccc2nccn2c1,Covalent,1.0
O=C1CCC(NC(=O)c2nc3[nH]c(-c4ccccc4)cc(=O)n3n2)C(=O)N1,Noncovalent,0.0
NCc1cn2c(C(=O)NC3CCC(=O)NC3=O)cccc2n1,Noncovalent,0.0
C=CC(=O)NC1(C)CCOC1C,Covalent,1.0
C=CC(=O)NC1(c2ccccc2Cl)CC1,Covalent,1.0
OB(O)c1ccc2nncn2c1,Covalent,1.0
CCC1(c2ccc(NCc3cccc4ccsc34)cc2)CCC(=O)NC1=O,Noncovalent,0.0
c1ncn(-c2ccc(OCC3CO3)cc2)n1,Covalent,1.0
Cc1ncc(CO)c(C=O)c1O,Covalent,1.0
COc1cccc(F)c1B(O)O,Covalent,1.0
CSc1ccccc1C(=O)NC1CCC(=O)NC1=O,Noncovalent,0.0
COc1cc(OC)cc(B(O)O)c1,Covalent,1.0
Cc1nc2ccc(OCC3CO3)cc2o1,Covalent,1.0
C=CC(=O)N(Cc1c(C)noc1C)C1CC1,Covalent,1.0
CC(C)(C)OC(=O)NCCOc1ccccc1-c1ccc2c(c1)CN(C1CCC(=O)NC1=O)C2=O,non-covalent,0.0
O=C1CCC(NC(=O)c2ccc(Cn3ccc(C(F)(F)F)n3)cc2F)C(=O)N1,Noncovalent,0.0
CN(C)c1ccc2c(c1)C(=O)N(C1CCC(=O)NC1=O)C2,Noncovalent,0.0
CC1(C)C(c2ccccc2)CCN1C(=O)C1CO1,Covalent,1.0
O=C1CCC(NC(=O)c2ccc3scc(-c4nn[nH]n4)c3c2)C(=O)N1,Noncovalent,0.0
Cc1nc2ccccc2cc1C(=O)N/N=C/c1cccc([N+](=O)[O-])c1,non-covalent,0.0
O=C1CCC(NC(=O)c2ccc(-c3nc4ccccc4s3)o2)C(=O)N1,Noncovalent,0.0
O=C(CCl)NCc1ccc2c(n1)CCC2,Covalent,1.0
CN(Cc1ncc(C2CC2)o1)C(=O)CCl,Covalent,1.0
CC(c1cccc(F)c1)N1CCC(=O)NC1=O,Noncovalent,0.0
C=CS(=O)(=O)N1CC(C(=O)OC)C1,Covalent,1.0
Cc1cc(C)c(SCC2CCC(=O)NC2=O)c(C)c1,non-covalent,0.0
CN1C(=O)CCC(NCc2ccc(Cl)cc2)C1=O,Noncovalent,0.0
C=CC(=O)NC1CCCOCC1,Covalent,1.0
COc1cccc(CCNC(=O)C(F)Cl)c1,Covalent,1.0
C=CC(=O)N(C)Cc1csc(C(C)C)n1,Covalent,1.0
O=C1CCC(NC(=O)c2cc(=O)[nH]c(C3CC3)n2)C(=O)N1,Noncovalent,0.0
C=CC(=O)NCc1cnc(C2CC2)o1,Covalent,1.0
O=C1CCC(N2Cc3ccc(S(=O)(=O)n4ccnc4)cc3C2=O)C(=O)N1,covalent,1.0
CC(C)c1cc(CO)nc(-c2ccc3c(c2)CN(C2CCC(=O)NC2=O)C3=O)n1,Noncovalent,0.0
CC=Cc1ccc(OCC2CO2)c(OC)c1,Covalent,1.0
COc1ccc(B(O)O)cc1CO,Covalent,1.0
CCOc1ccc(-c2ccc3c(c2)CN(C2CCC(=O)NC2=O)C3=O)cc1,non-covalent,0.0
O=C1CCN(c2ccc(C(=O)N3C[C@@H]4OCc5cnnn5[C@H]4C3)cc2)C(=O)N1,Noncovalent,0.0
C=CS(=O)(=O)N(Cc1ccoc1)C1CC1,Covalent,1.0
CC(C)(C)c1conc1C(=O)NC1CCC(=O)NC1=O,Noncovalent,0.0
NCCCOc1ccc2c(c1)C(=O)N(C1CCC(=O)NC1=O)C2=O,Noncovalent,0.0
C=CC(=O)Nc1ccc(C(=O)N(C)C)nc1,Covalent,1.0
C=CC(=O)Nc1cccc(NC(C)=O)n1,Covalent,1.0
C=CS(=O)(=O)NCC1(O)CCCC1C,Covalent,1.0
C=CS(=O)(=O)NC1CN(C)CC(F)(F)C1,Covalent,1.0
O=C1CCC(N2C(=O)c3ccc(NC(=O)c4ccno4)cc3C2=O)C(=O)N1,non-covalent,0.0
CCCNC(=O)C(C#N)=Cc1conc1C(C)C,Covalent,1.0
C=CC(=O)N1CC(C)S(=O)(=O)C(CC)C1,Covalent,1.0
C=CC(=O)N1CCOCC1c1nnc(C)o1,Covalent,1.0
C=CC(=O)NCc1csc2nccn12,Covalent,1.0
O=C1CCC(N2Cc3cc(-c4ccc(F)cc4)ccc3C2=O)C(=O)N1,Noncovalent,0.0
CCC(NC(=O)CCl)c1nc(C)n[nH]1,Covalent,1.0
CC1CCCN1S(=O)(=O)Nc1ccc(C2CC(=O)NC(=O)C2)cc1,Noncovalent,0.0
CCC(C)Oc1ccccc1B(O)O,Covalent,1.0
C=CC(=O)NCc1ccnc2c1CCCC2,Covalent,1.0
O=C1CCC(NC(=O)c2ccnc3[nH]c(CC4CC4)nc23)C(=O)N1,Noncovalent,0.0
C=CS(=O)(=O)N1CCCCC12CCOC2,Covalent,1.0
COc1ccc2c(CC(=O)Nc3ccc4c(c3)CN(C3CCC(=O)NC3=O)C4=O)cccc2c1,non-covalent,0.0
O=C1CCC(NC(=O)c2cc(CNC(=O)c3ccc4[nH]ccc4n3)n[nH]2)C(=O)N1,Noncovalent,0.0
C=CC(=O)N(C)Cc1cc2sccc2n1C,Covalent,1.0
C=CC(=O)NCc1cc(C)no1,Covalent,1.0
O=C(CCl)NCc1noc(C2CC2)n1,Covalent,1.0
O=C1CCC(c2ccc(NC(=O)c3cnn4c3OCC3(CC3)C4)cc2)C(=O)N1,Noncovalent,0.0
Cc1nn2cccnc2c1-c1cccc2c1CN(C1CCC(=O)NC1=O)C2=O,Noncovalent,0.0
C=CC(=O)N1CCc2cccc(C(=O)O)c2C1,Covalent,1.0
CCOC(=O)c1cnn(C)c1NC(=O)CCl,Covalent,1.0
CCNc1ccc(Cl)cc1C(=O)NC1CCC(=O)NC1=O,Noncovalent,0.0
O=C1CCC(NC(=O)c2cnc(-c3ccccc3Cl)nc2C2CC2)C(=O)N1,Noncovalent,0.0
Cc1c(C(=O)NC2CCC(=O)NC2=O)noc1C1CC1,Noncovalent,0.0
C=CC(=O)NC1CCN(Cc2ccc(C)cc2)C1,Covalent,1.0
CC(C)c1ncncc1C(=O)NC1CCC(=O)NC1=O,Noncovalent,0.0
C=CS(=O)(=O)N1Cc2ccc(OC)cc2C1,Covalent,1.0
Cc1oc2[nH]c(=O)n(-c3ccccc3)c(=O)c2c1C(=O)NC1CCC(=O)NC1=O,Noncovalent,0.0
O=C1CCC(CS(=O)(=O)c2ccc(Cl)cc2)C(=O)N1,non-covalent,0.0
O=C(N1CCc2c(Cl)cccc21)C12CC1C2,Covalent,1.0
C=CC(=O)Nc1cc(Cl)c2c(c1)OCO2,Covalent,1.0
C=CC(=O)N1CC(=O)N(C)c2ccccc2C1,Covalent,1.0
O=C1CCC(NC(=O)c2cccc(N3CC(C(F)(F)F)OC3=O)n2)C(=O)N1,Noncovalent,0.0
COc1cc2nc(-c3ccccc3)nc(NC3CCC(=O)NC3=O)c2cc1OC,Noncovalent,0.0
O=C1CCC(NC(=O)c2cnc3onc(-c4ccccc4)c3c2)C(=O)N1,Noncovalent,0.0
Cc1cncc(NC(=O)C(F)Cl)c1,Covalent,1.0
O=C1CCC(NC(=O)c2cc(-c3ccccc3)nc3c(Cl)cnn23)C(=O)N1,Noncovalent,0.0
Nc1cc(F)cc(C(=O)NCc2occc2C(=O)NC2CCC(=O)NC2=O)c1,Noncovalent,0.0
OB(O)c1c(Cl)ccc2[nH]ncc12,Covalent,1.0
CC1CCc2[nH]c(C(=O)Nc3ccc(C4CCC(=O)NC4=O)cc3)cc2C1,Noncovalent,0.0
CCc1c(Cl)nc(C(C)(C)C)nc1N(C)C1CCC(=O)NC1=O,Noncovalent,0.0
COCc1cc(NC2CCC(=O)NC2=O)ncn1,Noncovalent,0.0
Cc1ccc(F)c(N(C#N)CCn2cncn2)c1,Covalent,1.0
C=CC(=O)N[C@H]1C[C@H]1C(F)F,Covalent,1.0
Cc1ccc(NC(=O)C(F)Cl)c(C)c1O,Covalent,1.0
C=CC(=O)NCc1cccc(C(=O)NC2CCC(=O)NC2=O)c1,Covalent,1.0
C=CC(=O)NCc1nn(C)c(=O)c2ccccc12,Covalent,1.0
O=C1CCC(c2cccc(NC(=O)c3nc4ncc(CCO)cn4n3)c2)C(=O)N1,Noncovalent,0.0
O=C1CCC(NC(=O)c2cc3sc4ccccc4c3s2)C(=O)N1,Noncovalent,0.0
O=C(CCl)Nc1nnc(C2CC2)o1,Covalent,1.0
c1cc(OC2CCC2)ccc1OCC1CO1,Covalent,1.0
NS(=O)(=O)c1cccc(S(=O)(=O)F)c1,Covalent,1.0
COCC1(NC(=O)C(C)Cl)CC=CCC1,Covalent,1.0
CC(NC(=O)c1ccc2c(c1)C(=O)N(C1CCC(=O)NC1=O)C2)c1nccs1,Noncovalent,0.0
CC#CC(=O)NCCc1c[nH]c2nccnc12,Covalent,1.0
O=C1CCC(NC(=O)c2cccc([N+](=O)[O-])c2F)C(=O)N1,non-covalent,0.0
C=CC(=O)NCC1CN(C2CC2)C(=O)O1,Covalent,1.0
COc1cc(OC)cc(C(=O)NC2CCC(=O)NC2=O)c1,Noncovalent,0.0
O=C(CCl)NCc1cc(O)ccc1Cl,Covalent,1.0
Nc1cnc(Cl)c(Cl)c1C(=O)NC1CCC(=O)NC1=O,Noncovalent,0.0
O=C1CCC(NC(=O)c2coc3cccc(Br)c23)C(=O)N1,Noncovalent,0.0
CC1(C)COc2ccc(OS(=O)(=O)F)cc21,Covalent,1.0
COc1ccc(S(=O)(=O)F)nc1,Covalent,1.0
O=C1CCC(Sc2ccc(F)cc2)C(=O)N1,Noncovalent,0.0
Cc1nccc(C(C)NC(=O)CCl)n1,Covalent,1.0
Cc1ocnc1CS(=O)(=O)F,Covalent,1.0
CC#CC(=O)NCC1(C(C)(F)F)CCOCC1,Covalent,1.0
C=CC(=O)NCC(C)(C)C1=CCOCC1,Covalent,1.0
CC[C@@H](NC(=O)c1cccc2c1CN(C1CCC(=O)NC1=O)C2=O)C(=O)O,Noncovalent,0.0
C=CC(=O)N[C@H](C(=O)O)c1ccccc1,Covalent,1.0
O=C(CCl)NCc1ncoc1C(F)(F)F,Covalent,1.0
O=Cc1ccc2c(c1)C(=O)N(C1CCC(=O)NC1=O)C2=O,Noncovalent,0.0
C=CC(=O)N(C)Cc1cnn(-c2ccccc2)c1,Covalent,1.0
O=C(CCl)Nc1cnc2ccccc2c1,Covalent,1.0
C[C@H]1CCCN1C(=O)c1ccc2c(c1)CN(C1CCC(=O)NC1=O)C2=O,Noncovalent,0.0
CC(C)c1nnc(CCNC(=O)CCl)s1,Covalent,1.0
O=C1CCC(n2cc(CCC(O)CCc3ccccc3)nn2)C(=O)N1,Noncovalent,0.0
O=C1CCC(N2Cc3cc(NCc4ccc5ccccc5c4)ccc3C2=O)C(=O)N1,non-covalent,0.0
Cn1nc(C(=O)NC2CCC(=O)NC2=O)c2cc(S(C)(=O)=O)cnc21,Noncovalent,0.0
C=CC(=O)Nc1c(OC)ccc2c1CCC2,Covalent,1.0
C=CS(=O)(=O)NCc1cc(C)cnc1F,Covalent,1.0
CC(Cl)C(=O)NCCN1CCCCCC1=O,Covalent,1.0
O=S(=O)(F)Cc1cn2ccccc2n1,Covalent,1.0
C=CC(=O)N1CCC(N2CCCC2=O)C1,Covalent,1.0
Cc1nn(-c2cccc(F)c2)c(C(F)F)c1C(=O)NC1CCC(=O)NC1=O,Noncovalent,0.0
Cc1nc2cc(C(=O)NC3CCC(=O)NC3=O)c(F)cc2[nH]1,Noncovalent,0.0
CC#CC(=O)N(C)CCc1ccccc1O,Covalent,1.0
Cn1cc(Nc2ccc(C(=O)NC3CCC(=O)NC3=O)nn2)cn1,Noncovalent,0.0
C=CC(=O)NCc1cc2cc(C)ccc2o1,Covalent,1.0
O=C(O)CCNc1cccc2c1C(=O)N(C1CCC(=O)NC1=O)C2=O,Noncovalent,0.0
CC(Cc1cnccn1)NC(=O)C12CC1C2,Covalent,1.0
CC(C)(C)NC(=O)[C@@]1(C)CCC(=O)N1[C@H]1CCC(=O)NC1=O,non-covalent,0.0
O=C1CC(c2cccc(Cl)c2Cl)CC(=O)N1,Noncovalent,0.0
C=CC(=O)NCC1(C)CCOC2(CCC2)C1,Covalent,1.0
CC(C)(O)CN(C(=O)CCl)C1CCOCC1,Covalent,1.0
CN(Cc1ccco1)C(=O)NCC(=O)Nc1ccc(C2CCC(=O)NC2=O)cc1,Noncovalent,0.0
O=C(CCl)Nc1oncc1-c1ccccc1,Covalent,1.0
C=CC(=O)NC1CCC(=O)NC12CCC2,Covalent,1.0
O=C(N1CCCCc2sccc21)C12CC1C2,Covalent,1.0
CN(C)C1CN(C(=O)c2cccc3c2CN(C2CCC(=O)NC2=O)C3=O)C1,Noncovalent,0.0
C=CC(=O)N[C@H](C)c1cc(C)ccc1OC,Covalent,1.0
Cc1ccc2oc(NC3CCC(=O)NC3=O)nc2c1,Noncovalent,0.0
CC#CC(=O)NC1(c2ccnc(C)n2)CC1,Covalent,1.0
CNC(=O)CN1CCCN(C(=O)CCl)CC1,Covalent,1.0
CC1CNc2[nH]nc(C(=O)NC3CCC(=O)NC3=O)c2C1,Noncovalent,0.0
Cn1nc(N2CCC(=O)NC2=O)c2ccc(N)cc21,non-covalent,0.0
Cc1ccc(Cl)cc1B(O)O,Covalent,1.0
C=CC(=O)N1CCNC(=O)C1,Covalent,1.0
CC(C)c1cc(C#N)ccc1OCC1CO1,Covalent,1.0
C=CC(=O)NC1CCCC2OCCC12,Covalent,1.0
OB(O)c1cccc2c1CCO2,Covalent,1.0
Cn1ncc2ncnc(-c3ccc4c(c3)CN(C3CCC(=O)NC3=O)C4=O)c21,Noncovalent,0.0
CC(Cl)C(=O)N1CCOC(C)(C(F)F)C1,Covalent,1.0
C=CC(=O)NCC(=O)C1C2CC3CC(C2)CC1C3,Covalent,1.0
C=CC(=O)NCc1cc2cccc(OC)c2o1,Covalent,1.0
O=C(CCl)NC1CCS(=O)(=O)CC1,Covalent,1.0
O=C1CCC(NC(=O)c2conc2CNC(=O)c2n[nH]c3ccccc23)C(=O)N1,Noncovalent,0.0
O=C1CC[C@@H](NC(=O)c2cn(-c3ccc4c(c3)OCCO4)nn2)C(=O)N1,Noncovalent,0.0
O=C1CCC(NC(=O)c2c[nH]c3nc(Br)ccc23)C(=O)N1,Noncovalent,0.0
C=CC(=O)N1CCC(c2csc(C)c2)C1,Covalent,1.0
C=CC(=O)N(C)Cc1cncn1C,Covalent,1.0
CC(Cc1cn(C)c2ccc(F)cc12)NC(=O)c1cccc2c1CNC2=O,Noncovalent,0.0
C=CS(=O)(=O)N1CC(c2ccccc2)C1,Covalent,1.0
CC(C)c1cccc2c1CCN(C(=O)C1CO1)C2,Covalent,1.0
CC(C)[C@@H](NC(=O)c1ccc2c(c1)CN(C1CCC(=O)NC1=O)C2=O)C(=O)O,Noncovalent,0.0
O=C1CCC(N2C(=O)c3ccc(NC(=O)c4cn5ccccc5n4)cc3C2=O)C(=O)N1,non-covalent,0.0
COc1cnnc(OC)c1C(=O)NC1CCC(=O)NC1=O,Noncovalent,0.0
C#CC1CCCCN(C(=O)CN(C)C(=O)C=C)C1,Covalent,1.0
O=C(CCl)NCC1CN(C2CC2)C(=O)O1,Covalent,1.0
CC(C)Oc1ccccc1-c1cccc2c1CN(C1CCC(=O)NC1=O)C2=O,Noncovalent,0.0
O=C1CCC(N2Cc3ccc(-c4ncccc4C(F)F)cc3C2=O)C(=O)N1,Noncovalent,0.0
O=C1c2ccccc2C(=O)N1CCC1CO1,Covalent,1.0
C=CC(=O)NC1CCCC1Cc1ccccn1,Covalent,1.0
O=C(NC1CCCc2c(F)cccc21)C1CO1,Covalent,1.0
Nc1n[nH]c2c(CN3CCC3)cc(-c3ccc4c(c3)CN(C3CCC(=O)NC3=O)C4=O)nc12,non-covalent,0.0
C=CC(=O)NC1C2CCOC2C12CCCC2,Covalent,1.0
N#Cc1cccc(OCc2cn(C3CCC(=O)NC3=O)nn2)c1,Noncovalent,0.0
O=C(O)CSc1ccc2c(c1)C(=O)N(C1CCC(=O)NC1=O)C2=O,Noncovalent,0.0
O=C1CCC(N2Cc3ccc(CNC(=O)Nc4ccncc4)cc3C2=O)C(=O)N1,Noncovalent,0.0
Cn1ccc2cc(S(=O)(=O)F)cnc21,Covalent,1.0
C=CS(=O)(=O)N(C)[C@H](CF)c1ccccc1,Covalent,1.0
Cc1nccnc1S(=O)(=O)F,Covalent,1.0
Cc1ccc2c(OCC3CO3)cccc2n1,Covalent,1.0
O=S(=O)(F)c1cccc2c1CCNC2,Covalent,1.0
O=C1CCC(NS(=O)(=O)c2ccc(Cl)cc2)C(=O)N1,Noncovalent,0.0
CCOc1ccncc1S(=O)(=O)F,Covalent,1.0
COc1ccccc1-c1noc(C)c1C(=O)NC1CCC(=O)NC1=O,Noncovalent,0.0
O=C1CCC(N2Cc3c(NC4=NC(c5ccc(F)cc5)Nc5[nH]cnc54)cccc3C2=O)C(=O)N1,non-covalent,0.0
O=C1CCC(N2Cc3cc(-c4ccc5c(c4)C(=O)CCC5)ccc3C2=O)C(=O)N1,Noncovalent,0.0
Cc1cc(Cl)c(B(O)O)cc1F,Covalent,1.0
C=CS(=O)(=O)NCC1(C(C)(F)F)CCC1,Covalent,1.0
C=CS(=O)(=O)NCCOCC(F)(F)F,Covalent,1.0
CC(=O)N([C@H]1CCC(=O)NC1=O)[C@@H](C(=O)NC1CCCCC1)c1ccc(C)cc1,non-covalent,0.0
O=C1CCC(n2cc(CC(O)C3CC3)nn2)C(=O)N1,Noncovalent,0.0
NC(=O)c1cc(NC2CCC(=O)NC2=O)nc(C2CC2)n1,Noncovalent,0.0
O=C(CCl)N1CC2(CC(C3CC3)=NO2)C1,Covalent,1.0
O=C1CCC(N2Cc3cc(CNC(=O)C4CNc5ccccc5C4)ccc3C2=O)C(=O)N1,non-covalent,0.0
CC1Cc2c(cccc2C(=O)NC2CCC(=O)NC2=O)CO1,Noncovalent,0.0
O=C1CCC(c2ccc(NC(=O)c3csc(C4CCCCC4)c3)cc2)C(=O)N1,Noncovalent,0.0
CC(C)(CO)Cc1cn(-c2cccc3c2CN(C2CCC(=O)NC2=O)C3=O)nn1,Noncovalent,0.0
O=C(CCl)NCC1CC2(CCOC2)C1,Covalent,1.0
C=CC(=O)N1CCCc2ccnc(N(C)C)c21,Covalent,1.0
C=CC(=O)Nc1cnc(CC2CC2)nc1,Covalent,1.0
CN(CC1CC1)C(=O)CCl,Covalent,1.0
Cc1occc1SC1CCC(=O)NC1=O,Noncovalent,0.0
CN(C)C(CNC(=O)CCl)c1ccccc1,Covalent,1.0
C=CC(=O)NC12CC1COC2(C)C,Covalent,1.0
CN1C(=O)CCC(N2Cc3cc(NC(=O)c4cn5ccccc5n4)ccc3C2=O)C1=O,non-covalent,0.0
O=C1CC[C@@H](N2C(=O)c3ccccc3C2=O)C(=O)N1,non-covalent,0.0
O=C1CCC(NC(=O)c2cnc(-c3ccccc3Cl)nc2)C(=O)N1,Noncovalent,0.0
CCC(C)(O)Cc1cn(C2CCC(=O)NC2=O)nn1,Noncovalent,0.0
O=S(=O)(F)Oc1cccc(-n2cnnc2)c1,Covalent,1.0
O=C1CCC(NC(=O)c2nccnc2-c2ccncc2)C(=O)N1,Noncovalent,0.0
C=CC(=O)N(C)c1cnn(C)c1,Covalent,1.0
O=C1CCC(NC(=O)c2cc(-c3ccc(-c4nn[nH]n4)cc3F)on2)C(=O)N1,Noncovalent,0.0
Cc1cnn(CCO)c1C(=O)NC1CCC(=O)NC1=O,Noncovalent,0.0
CC1CC1NC(=O)c1cccc2c1CN(C1CCC(=O)NC1=O)C2=O,Noncovalent,0.0
O=C1CCC(NC(=O)c2cnc3ncnn3c2O)C(=O)N1,Noncovalent,0.0
CN(C)c1ncc(C(=O)NC2CCC(=O)NC2=O)c(Cl)c1F,Noncovalent,0.0
O=[N+]([O-])c1ccc(F)c(CS(=O)(=O)F)c1,Covalent,1.0
CC(C(=O)NS(C)(=O)=O)c1ccc2c(c1)C(=O)NC2,Noncovalent,0.0
c1ccc(-c2nccs2)c(OCC2CO2)c1,Covalent,1.0
O=C1CC(c2ccc(F)cc2Cl)CC(=O)N1,Noncovalent,0.0
C=CC(=O)NC1COc2c(C)cccc2C1,Covalent,1.0
O=C1CCC(N2Cc3ccc(CNc4cnccn4)cc3C2=O)C(=O)N1,Noncovalent,0.0
O=C(NCc1cc(=O)[nH]c2ccccc12)C1CO1,Covalent,1.0
C=CC(=O)NCc1ncc2c(n1)CCC2,Covalent,1.0
C=CC(=O)NC(C)(C)C#Cc1ccccc1,Covalent,1.0
Cc1c[nH]c2nc(Cl)nc(N(C)C3CCC(=O)NC3=O)c12,Noncovalent,0.0
CN(C)C(=O)CC1CCN(C(=O)CCl)CC1,Covalent,1.0
Cn1cncc1-c1cn(-c2cccc3c2CN(C2CCC(=O)NC2=O)C3=O)nn1,Noncovalent,0.0
Cn1c(C(=O)N[C@@H]2CCC(=O)NC2=O)c2n(c1=O)CCCC2,Noncovalent,0.0
C=CC(=O)NC1CCCc2c(C)cccc21,Covalent,1.0
COCc1ccc(C=C(C#N)C(N)=O)cc1,Covalent,1.0
O=C1CCC(N2Cc3c(C=C4CCNC4)cccc3C2=O)C(=O)N1,Noncovalent,0.0
C=CC(=O)Nc1nccn1Cc1ccccc1F,Covalent,1.0
OB(O)c1ccc(OCc2ccccn2)cc1,Covalent,1.0
C=CC(=O)NCc1ccc(-c2ccccc2F)o1,Covalent,1.0
C=CC(=O)N1CC2(CCCO2)C1,Covalent,1.0
CCS(=O)(=O)c1ccccc1C(=O)NC1CCC(=O)NC1=O,Noncovalent,0.0
O=C(CCl)N1CCOC2(CCC2)C1,Covalent,1.0
