sep=,
SMILES,Catalog ID,MW,MW (desalted),ClogP,logS,HBD,HBA,TPSA,RotBonds,AnalogsFromREAL
"O=C(O)C(F)(F)F.NC[C@@H]1CCC[C@H](C#CC(=O)N2CCC(CC2)C=3C=CC(=CC3)N4CCC(=O)NC4=O)C1 |&1:9,13,r|",Z9675748658,550.571,436.548,0.663,-5.786,2,4,95.74,6,https://real.enamine.net/public-enum-files/Z9675748658
"O=C(O)C(F)(F)F.CO[C@@H]1CNC[C@H]1C2=CN(CC(=O)NC3=CC=CC(=C3C)N4CCC(=O)NC4=O)N=N2 |&1:9,13,r|",Z9675748656,541.481,427.458,-2.894,-2.732,3,7,130.48,7,https://real.enamine.net/public-enum-files/Z9675748656
"O=C(O)C(F)(F)F.O=C(N1CCC(CC1)C=2C=CC(=CC2)N3CCC(=O)NC3=O)[C@@]45CNC[C@H]5CS(=O)(=O)CC4 |&1:29,33,r|",Z9675748660,588.599,474.575,-0.694,-3.23,2,6,115.89,4,
"O=C(O)C(F)(F)F.CC1=CC(=CC(=C1)NC(=O)[C@@H]2CN(CC=3C=CC=CC3)C[C@H]2C4CCCCC4)N5CCC(=O)NC5=O |&1:17,28,r|",Z9675748662,602.646,488.622,3.971,-7.473,2,4,81.75,7,https://real.enamine.net/public-enum-files/Z9675748662
"O=C(O)C(F)(F)F.CC1=CC(=CC=C1N2CCC(=O)NC2=O)NC(=O)[C@@]34CNC[C@H]4CN(C)CC3 |&1:25,29,r|",Z9675748661,499.484,385.461,-0.434,-2.728,3,5,93.78,4,https://real.enamine.net/public-enum-files/Z9675748661
"O=C(O)C(F)(F)F.O=C(NC1=CC(Cl)=CC(=C1)N2CCC(=O)NC2=O)[C@@]34CNC[C@H]4S(=O)(=O)CCO3 |&1:25,29,r|",Z9675748657,556.899,442.875,-1.839,-4.228,3,7,133.91,4,https://real.enamine.net/public-enum-files/Z9675748657
"O=C(O)C(F)(F)F.O=C(N[C@H]1CNCC[C@H]1C2=CC=C(F)C(F)=C2)C=3C=CC(=CC3)N4CCC(=O)NC4=O |&1:10,15,r|",Z9675748659,542.456,428.433,0.741,-5.416,3,4,90.54,5,https://real.enamine.net/public-enum-files/Z9675748659
O=C1CCN(C(=O)N1)C=2C=CC(=CC2)C=3C=CN(N3)C4CC4(F)F,Z6475431565,332.306,332.306,0.896,-3.979,1,3,67.23,3,https://real.enamine.net/public-enum-files/Z6475431565
CCOC=1N=CC=C2OC(=CC12)C=3C=CC(C)=C(C3)N4CCC(=O)NC4=O,Z7407852591,365.383,365.383,2.822,-5.166,1,4,84.67,4,https://real.enamine.net/public-enum-files/Z7407852591
O=C(NS(=O)(=O)C1CCOC=2C=CC=CC21)C=3C=CC=C(C3)N4CCC(=O)NC4=O,Z7806350806,429.448,429.448,0.114,-4.407,2,6,121.88,3,https://real.enamine.net/public-enum-files/Z7806350806
CCC1=NC=2C=CC=CC2N1C3CCCN(C3)C(=O)C=4C=CC(OC)=C(C4)N5CCC(=O)NC5=O,Z8265610950,475.541,475.541,1.333,-4.592,1,5,96.77,5,https://real.enamine.net/public-enum-files/Z8265610950
COC=1C=CC(=CC1N2CCC(=O)NC2=O)C(=O)N(CC3=CC=CC(=C3)C=4C=CC=NC4)C5CC5,Z8265624356,470.521,470.521,1.661,-5.55,1,5,91.84,7,https://real.enamine.net/public-enum-files/Z8265624356
COC=1C=C(C=CC1N2CCC(=O)NC2=O)C(=O)N3CCCC3C4=CN(C)C=5C=CC=CC45,Z8265678302,446.499,446.499,1.766,-4.404,1,4,83.88,4,https://real.enamine.net/public-enum-files/Z8265678302
COC=1C=C(C=CC1N2CCC(=O)NC2=O)C(=O)NCC3CCCN(C3)S(=O)(=O)C=4C=NNC4,Z8265680961,490.535,490.535,-0.942,-3.399,3,7,153.8,6,https://real.enamine.net/public-enum-files/Z8265680961
O=C(C=1C=CC(F)=C(C1)N2CCC(=O)NC2=O)N3CCCC3C4=NC(CC=5C=CC(F)=CC5)=NO4,Z8265751446,481.453,481.453,0.871,-4.721,1,5,108.64,5,https://real.enamine.net/public-enum-files/Z8265751446
O=C(C=1C=CC(F)=C(C1)N2CCC(=O)NC2=O)N3CCC(CC3)C=4N=NN(N4)C=5C=CC(Cl)=CC5,Z8265757639,497.91,497.91,0.921,-4.817,1,6,113.32,4,https://real.enamine.net/public-enum-files/Z8265757639
CNS(=O)(=O)C=1C=CC(NCCOC)=C(C1)NC(=O)C=2C=CC(F)=C(C2)N3CCC(=O)NC3=O,Z8265948660,493.511,493.511,-0.714,-3.822,4,7,145.94,8,https://real.enamine.net/public-enum-files/Z8265948660
O=C(NCC(CO)CC=1C=CC=CC1OC(F)(F)F)C=2C=CC(F)=C(C2)N3CCC(=O)NC3=O,Z8265975973,483.414,483.414,1.483,-5.453,3,5,107.97,9,https://real.enamine.net/public-enum-files/Z8265975973
O=C(CN1C=NC=2C=3C=CC=CC3OC2C1=O)NC=4C=CC(F)=C(C4)N5CCC(=O)NC5=O,Z8266045626,449.392,449.392,0.465,-5.264,2,5,124.32,4,https://real.enamine.net/public-enum-files/Z8266045626
CC=1C=CC=2N=C(SC2C1)C=3C=CC(=CC3)N(C)C(=O)C4=CC=CC(=C4)N5CCC(=O)NC5=O,Z8266077867,470.545,470.545,2.582,-7.307,1,4,82.61,4,
"COC=1C=CC=CC1N2N=CC=C2[C@@H]3OCC[C@H]3C(=O)NC=4C=CC(F)=C(C4)N5CCC(=O)NC5=O |&1:13,17,r|",Z8266122328,493.488,493.488,0.973,-4.484,2,6,114.79,6,https://real.enamine.net/public-enum-files/Z8266122328
"CO[C@@H]1COC[C@H]1N2C=C(CNC(=O)C=3C=CC(Br)=C(C3)N4CCC(=O)NC4=O)N=N2 |&1:2,6,r|",Z8266252034,493.312,493.312,-0.968,-3.197,2,7,127.68,6,https://real.enamine.net/public-enum-files/Z8266252034
O=C(CC1=CC(=O)N(N1)C2CCS(=O)(=O)C2)NC=3C=CC(F)=C(C3)N4CCC(=O)NC4=O,Z8266285065,465.457,465.457,-4.538,-3.04,3,7,144.99,5,https://real.enamine.net/public-enum-files/Z8266285065
CC=1C=C(C=CC1NC(=O)C=2C=CC(Br)=C(C2)N3CCC(=O)NC3=O)OC=4C=NC=CN4,Z8266337803,496.314,496.314,0.879,-5.264,2,5,113.52,5,https://real.enamine.net/public-enum-files/Z8266337803
O=C(NCCCCC1=NC(=CS1)C=2C=CC=NC2)NC=3C=CC(F)=C(C3)N4CCC(=O)NC4=O,Z8266446064,482.533,482.533,1.254,-4.078,3,5,116.32,8,https://real.enamine.net/public-enum-files/Z8266446064
COC=1C=CC(=CC1N2CCC(=O)NC2=O)C(=O)N3CCCCC3C4=NC=C(N4)C=5C=CC=C(C)C5,Z8266927046,487.551,487.551,2.295,-5.872,2,5,107.63,5,https://real.enamine.net/public-enum-files/Z8266927046
O=C(O)C(F)(F)F.O=C(NCCC1CCNCCC1(F)F)C=2C=CC(=CC2)N3CCC(=O)NC3=O,Z9312342809,508.44,394.417,-0.763,-3.953,3,4,90.54,6,https://real.enamine.net/public-enum-files/Z9312342809
CC(NC(=O)C=1C=CC(=CC1)N2CCC(=O)NC2=O)C=3C=CC=C(C3)NC(=O)CC=4C=CC=CC4F,Z8267156980,488.511,488.511,1.509,-5.872,3,4,107.61,7,https://real.enamine.net/public-enum-files/Z8267156980
CC=1C=CC2=C(C1)N(CCN2C3CC3)C(=O)C=4C=CC(=CC4)N5CCC(=O)NC5=O,Z8267166051,404.463,404.463,1.442,-5.532,1,4,72.96,3,
O=C(C=1C=CC(=CC1)N2CCC(=O)NC2=O)N3CCC(C3)(C4=NC(=NO4)C=5C=CC=CC5)C(F)(F)F,Z8267167632,499.443,499.443,0.563,-5.778,1,5,108.64,5,https://real.enamine.net/public-enum-files/Z8267167632
O=C(NCC1CCN(C1)C=2C=CC(Cl)=CC2F)C=3C=CC(=CC3)N4CCC(=O)NC4=O,Z8267168921,444.887,444.887,1.336,-5.572,2,4,81.75,5,https://real.enamine.net/public-enum-files/Z8267168921
O=C(O)C(F)(F)F.O=C(NC=1C=CN(CCCN2CCCC2)N1)C=3C=CC(=CC3)N4CCC(=O)NC4=O,Z9401381154,524.494,410.471,-0.111,-3.828,2,5,99.57,8,https://real.enamine.net/public-enum-files/Z9401381154
O=C(NC(CC1CCCC1)C=2C=CC(=CC2)OC=3C=CC=CC3)C=4C=CC(=CC4)N5CCC(=O)NC5=O,Z8267174410,497.586,497.586,4.998,-8.141,2,3,87.74,8,https://real.enamine.net/public-enum-files/Z8267174410
NC(=O)CCN(C(=O)C=1C=CC(=CC1)N2CCC(=O)NC2=O)C3CCOC=4C=CC=CC43,Z8267176269,436.462,436.462,-0.389,-4.671,2,5,122.04,6,https://real.enamine.net/public-enum-files/Z8267176269
CC1=NOC(CN2CCCCC(NC(=O)C=3C=CC(=CC3)N4CCC(=O)NC4=O)C2=O)=N1,Z8267176533,440.454,440.454,-1.475,-3.427,2,6,137.74,5,https://real.enamine.net/public-enum-files/Z8267176533
O=C(NC=1C=CC(=NC1)N2CCC=3SC=CC3C2)C=4C=CC(=CC4)N5CCC(=O)NC5=O,Z8267185472,447.512,447.512,1.345,-5.128,2,5,94.64,4,https://real.enamine.net/public-enum-files/Z8267185472
CCN(CC1=NC=2CCC(C)CC2S1)C(=O)C=3C=CC(=CC3)N4CCC(=O)NC4=O,Z8267191652,426.534,426.534,1.43,-4.556,1,4,82.61,5,https://real.enamine.net/public-enum-files/Z8267191652
O=C(NCC=1C=CC=2C(=O)N(CC2C1)C3CCC(=O)NC3=O)C=4C=CC(=CC4)N5CCC(=O)NC5=O,Z8267196099,489.481,489.481,-1.337,-4.599,3,6,144.99,5,https://real.enamine.net/public-enum-files/Z8267196099
CC1=CC=C(CN(CC2CCCCC2)C(=O)C=3C=CC(=CC3)N4CCC(=O)NC4=O)O1,Z8267197661,423.506,423.506,2.791,-5.984,1,3,82.86,6,https://real.enamine.net/public-enum-files/Z8267197661
O=C(NCC1=CC(=NO1)C=2C=CC(F)=C(C2)C(F)(F)F)C=3C=CC(=CC3)N4CCC(=O)NC4=O,Z8267198149,476.381,476.381,1.661,-5.917,2,4,104.54,6,https://real.enamine.net/public-enum-files/Z8267198149
"COCCN1C(=O)C[C@H](CNC(=O)C=2C=CC(=CC2)N3CCC(=O)NC3=O)[C@H]1C=4C=NN(C4)C(C)C |&1:8,27,r|",Z8267223622,496.56,496.56,-1.023,-2.68,2,6,125.87,9,https://real.enamine.net/public-enum-files/Z8267223622
COCCC=1C=CC(=CC1)OCC(O)CNC(=O)C=2C=CC(=CC2)N3CCC(=O)NC3=O,Z8267233065,441.478,441.478,-0.39,-3.903,3,6,117.2,10,https://real.enamine.net/public-enum-files/Z8267233065
O=C(CNC(=O)C=1C=CC(=CC1)N2CCC(=O)NC2=O)NC=3C=CC4=CNN=C4C3,Z8267239283,406.396,406.396,-0.398,-4.709,4,5,136.29,5,https://real.enamine.net/public-enum-files/Z8267239283
O=C(O)C(F)(F)F.O=C(CN1CCN(CC1)C(=O)C=2C=CC(=CC2)N3CCC(=O)NC3=O)NC4CCS(=O)(=O)C4,Z9595297155,591.56,477.536,-2.754,-3.201,2,7,136.2,6,https://real.enamine.net/public-enum-files/Z9595297155
CC=1C=CC(=CC1N2CCC(=O)NC2=O)C(=O)NC3COC4=CC(CO)=NN4C3,Z8382576550,399.401,399.401,-1.47,-3.587,3,6,125.79,4,https://real.enamine.net/public-enum-files/Z8382576550
"O=C(O)C(F)(F)F.CN1C=CN=C1[C@@H]2OCCC[C@H]2CN3CCC(CC3)C=4C=CC(=CC4)N5CCC(=O)NC5=O |&1:13,18,r|",Z9352683482,565.586,451.562,0.509,-3.06,1,5,79.7,6,https://real.enamine.net/public-enum-files/Z9352683482
O=C(O)C(F)(F)F.CC=1C(=CC=CC1C(=O)N(C)C[C@@H]2C[C@H](F)CN2CC=3C=NN(C)C3)N4CCC(=O)NC4=O,Z9310310481,570.538,456.514,-0.105,-3.258,1,5,90.78,7,https://real.enamine.net/public-enum-files/Z9310310481
O=C(NC=1C=CC(F)=C(C1)N2CCC(=O)NC2=O)C34CC(C3)(COC4)C5=CC=C(Cl)S5,Z9302747282,463.911,463.911,1.328,-5.58,2,4,87.74,4,https://real.enamine.net/public-enum-files/Z9302747282
O=C(O)C(F)(F)F.CC1=NC(=CS1)CN2C[C@@H](F)C[C@H]2CN(C)C(=O)C=3C=C(Cl)C=C(C3)N4CCC(=O)NC4=O,Z9318551641,608.007,493.984,0.913,-4.251,1,5,85.85,7,https://real.enamine.net/public-enum-files/Z9318551641
C[C@H](O)[C@@H](C)N1C=C(N=N1)C2=CC=3CN(CCC3S2)C(=O)C=4C=CC(=CC4)N5CCC(=O)NC5=O,Z9302747649,494.568,494.568,0.103,-4.161,2,6,120.66,5,https://real.enamine.net/public-enum-files/Z9302747649
"CC=1C=C(C=CC1N2CCC(=O)NC2=O)C(=O)N[C@@H]3CC[C@H](CN4C=C(CCOCC(N)=O)N=N4)C3 |&1:18,21,r|",Z9302747691,497.548,497.548,-2.312,-3.229,3,7,161.54,10,
COCCCC(C)(C)C1=CN(C[C@H]2C[C@H](O)CN2C(=O)C=3C=CC(=CC3)N4CCC(=O)NC4=O)N=N1,Z9302747710,498.576,498.576,-1.259,-2.831,2,7,129.89,9,https://real.enamine.net/public-enum-files/Z9302747710
CC=1C=CC(=CC1C(=O)NC2CC(C2)C3=CN(N=N3)C=4C=CC=5CCCNC5C4)N6CCC(=O)NC6=O,Z9302747725,499.566,499.566,0.814,-4.563,3,6,121.25,5,https://real.enamine.net/public-enum-files/Z9302747725
CS1(=O)=NCC=2C(=CC=CC21)C=3C=CC(=CC3)N4CCC(=O)NC4=O,Z9302747733,355.413,355.413,0.673,-5.323,1,4,78.84,2,https://real.enamine.net/public-enum-files/Z9302747733
COC=1C=CC=C2OCC(CC12)NC=3C=CC(=C(C)C3)N4CCC(=O)NC4=O,Z9302747799,381.426,381.426,1.732,-4.51,2,5,79.9,4,https://real.enamine.net/public-enum-files/Z9302747799
O=C(O)C(F)(F)F.CC1=CC=C(C=C1NC(=O)[C@H]2CCCN2CC=3N=NN(C)N3)N4CCC(=O)NC4=O,Z9398063811,526.47,412.447,-1.474,-2.444,2,7,125.35,6,https://real.enamine.net/public-enum-files/Z9398063811
O=C(N=S1(=O)CCC(CC1)C=2N=NNN2)C=3C=CC=C(C3)N4CCC(=O)NC4=O,Z9302748036,417.444,417.444,-1.832,-3.904,2,8,150.37,3,https://real.enamine.net/public-enum-files/Z9302748036
N#CC=1C=CC=NC1NCC2CCN(C2)C(=O)C=3C=CC=C(C3)N4CCC(=O)NC4=O,Z9302748049,418.45,418.45,-0.939,-4.27,2,6,118.43,5,https://real.enamine.net/public-enum-files/Z9302748049
CCCNC(=O)CC(C(N)=O)N(CCC)C(=O)C=1C=CC(=CC1)N2CCC(=O)NC2=O,Z9302748212,431.486,431.486,-1.066,-3.934,3,5,141.91,10,https://real.enamine.net/public-enum-files/Z9302748212
CC(=O)N1C=CC=2C=CC=CC2C1CC(=O)NC=3C=C(C=CC3C)N4CCC(=O)NC4=O,Z9302748220,432.473,432.473,-0.068,-5.263,2,4,98.82,4,https://real.enamine.net/public-enum-files/Z9302748220
CC(C1=NOC(CC=2C=CC=CC2)=N1)N(C)C(=O)C=3C=CC(=CC3)N4CCC(=O)NC4=O,Z9302748224,433.461,433.461,-0.036,-3.903,1,5,108.64,6,https://real.enamine.net/public-enum-files/Z9302748224
O=C(NC1C=2C=CC=CC2CC31CCCCC3)C=4C=C(C=CC4F)N5CCC(=O)NC5=O,Z9302748257,435.492,435.492,2.84,-6.474,2,3,78.51,3,https://real.enamine.net/public-enum-files/Z9302748257
CC=1C=CC(=CC1N2CCC(=O)NC2=O)C(=O)NCCCOC3CCCC=4C=CC=CC43,Z9302748258,435.517,435.517,2.281,-5.279,2,4,87.74,7,https://real.enamine.net/public-enum-files/Z9302748258
O=C(O)C(F)(F)F.CC=1C=CC(=CC1NC(=O)C(N)CC2=CNC=3C=C(Cl)C=CC23)N4CCC(=O)NC4=O,Z9314605185,553.919,439.895,0.368,-6.222,4,4,120.32,6,https://real.enamine.net/public-enum-files/Z9314605185
CC(C)N1C=C2CCCC(C(=O)N3CCC(CC3)C=4C=CC(=CC4)N5CCC(=O)NC5=O)C2=N1,Z9302748726,463.573,463.573,1.024,-3.835,1,4,87.54,4,https://real.enamine.net/public-enum-files/Z9302748726
O=C(O)C(F)(F)F.O=C(C1=CN(N=N1)C2CCCNCC2)N3CCC(CC3)C=4C=CC(=CC4)N5CCC(=O)NC5=O,Z9311796277,579.573,465.549,-1.165,-3.08,2,6,112.46,5,https://real.enamine.net/public-enum-files/Z9311796277
O=C(NCC1CCCN2C=C(N=C12)C(F)(F)F)C=3C=C(Cl)C=C(C3)N4CCC(=O)NC4=O,Z9302748811,469.845,469.845,0.704,-4.535,2,4,96.33,5,https://real.enamine.net/public-enum-files/Z9302748811
CC=1C(=CC=CC1N2CCC(=O)NC2=O)NC(=O)CCC3NC(=O)N(C3=O)C=4C=CC(C#N)=CC4,Z9302748870,474.47,474.47,-2.017,-4.309,3,6,151.71,6,https://real.enamine.net/public-enum-files/Z9302748870
CC=1C(=CC=CC1N2CCC(=O)NC2=O)NC(=O)C=3C=C4OCC(CN4N3)OCC=5C=CC=CC5,Z9302748882,475.498,475.498,0.306,-5.4,2,6,114.79,6,https://real.enamine.net/public-enum-files/Z9302748882
CC=1C=C(C=CC1N2CCC(=O)NC2=O)C(=O)N3CCC4(C3)CN(CC=5C=CC=CC5)C(=O)CO4,Z9302748954,476.525,476.525,0.162,-5.359,1,5,99.26,4,https://real.enamine.net/public-enum-files/Z9302748954
CC1=CC(=CC(=C1)C(=O)N(CC=2C=CC=CC2)CC3(O)CCC=4C=CC=CC43)N5CCC(=O)NC5=O,Z9302749121,483.559,483.559,2.699,-6.284,2,4,89.95,6,https://real.enamine.net/public-enum-files/Z9302749121
CC=1C=CC(=CC1)COC=2C=CC(=CC2)CC(C)NC(=O)C=3C=CC(C)=C(C3)N4CCC(=O)NC4=O,Z9302749174,485.575,485.575,3.623,-6.633,2,4,87.74,8,https://real.enamine.net/public-enum-files/Z9302749174
O=C(C=1C=C(Cl)C=C(C1)N2CCC(=O)NC2=O)N3CCOCC3C4=NN=C(O4)C5=CC=CS5,Z9302749265,487.918,487.918,-0.304,-5.434,1,6,117.87,4,https://real.enamine.net/public-enum-files/Z9302749265
COCCN1C(=NC=2C=CC=CC21)C3CN(CCO3)C(=O)C=4C=CC(=C(C)C4)N5CCC(=O)NC5=O,Z9302749468,491.54,491.54,-0.134,-4.079,1,6,106,6,https://real.enamine.net/public-enum-files/Z9302749468
CC=1C=CC=C(NC(=O)CN(CC2CCCO2)C(=O)C=3C=CC(C)=C(C3)N4CCC(=O)NC4=O)C1C,Z9302749489,492.568,492.568,1.272,-5.686,2,5,108.05,7,https://real.enamine.net/public-enum-files/Z9302749489
O=C(O)C(F)(F)F.CC=1C(=CC=CC1N2CCC(=O)NC2=O)C(=O)NC=3C=CC(=CC3)CN(CC4CCCCO4)C(C)C,Z9401520959,606.634,492.611,2.261,-5.726,2,5,90.98,9,https://real.enamine.net/public-enum-files/Z9401520959
N#CC=1C=CC=CC1C2=CN(CC(F)CCNC(=O)C=3C=C(C=CC3F)N4CCC(=O)NC4=O)N=N2,Z9302749528,493.467,493.467,-0.209,-4.943,2,6,133.01,8,https://real.enamine.net/public-enum-files/Z9302749528
CC=1C=CC(=CC1C(=O)N2CC[C@H](C2)OCC3=CN(N=N3)C=4C=CC(F)=CN4)N5CCC(=O)NC5=O,Z9302749537,493.491,493.491,-0.202,-4.602,1,7,122.55,6,https://real.enamine.net/public-enum-files/Z9302749537
COC=1C=CC(=CC1OC)CCN2CC(CC2=O)C(=O)NC=3C=C(C=CC3C)N4CCC(=O)NC4=O,Z9302749586,494.541,494.541,0.726,-4.166,2,6,117.28,8,https://real.enamine.net/public-enum-files/Z9302749586
CC=1C(=CC=CC1N2CCC(=O)NC2=O)NC(=O)C3CC(=O)N(C3)C=4C=CC5=C(C4)CC=6C=CC=CC65,Z9302749588,494.542,494.542,2.732,-7.011,2,4,98.82,4,https://real.enamine.net/public-enum-files/Z9302749588
O=C(O)C(F)(F)F.O=C(C(C=1C=CC=C(F)C1)N2CCOCC2)N3CCC(CC3)C=4C=CC(=CC4)N5CCC(=O)NC5=O,Z9322330866,608.582,494.559,1.911,-4.799,1,5,82.19,6,https://real.enamine.net/public-enum-files/Z9322330866
CC1=CC(=CC(=C1)C(=O)NC(C)C2=NN=C3C(Cl)=CC(=CN23)C(F)(F)F)N4CCC(=O)NC4=O,Z9302749617,494.855,494.855,1.127,-5.859,2,5,108.7,5,https://real.enamine.net/public-enum-files/Z9302749617
CC=1C=C(C=CC1N2CCC(=O)NC2=O)C(=O)N3CC(O)(C3)C4=CN(CC5CCCCNC5=O)N=N4,Z9302749635,495.532,495.532,-1.992,-2.853,3,7,149.76,5,https://real.enamine.net/public-enum-files/Z9302749635
CCOC1(CCOC1)C2=CN(CC3(CNC(=O)C=4C=CC(C)=C(C4)N5CCC(=O)NC5=O)CC3)N=N2,Z9302749669,496.56,496.56,-0.536,-3.275,2,7,127.68,9,https://real.enamine.net/public-enum-files/Z9302749669
COC=1C=CC(=C(Cl)C1)C(C)C2=CN(CCNC(=O)C=3C=CC(=CC3)N4CCC(=O)NC4=O)N=N2,Z9302749679,496.947,496.947,1.45,-4.474,2,6,118.45,8,https://real.enamine.net/public-enum-files/Z9302749679
COCC(C)(O)C1=CN(CC=2N=COC2CNC(=O)C=3C=C(C=CC3C)N4CCC(=O)NC4=O)N=N1,Z9302749689,497.505,497.505,-3.395,-2.536,3,8,164.71,9,https://real.enamine.net/public-enum-files/Z9302749689
CC1=CC(=CC(=C1)C(=O)NC(C=2C=CC(Cl)=CC2)C=3C=CC=C4C=CC=CC34)N5CCC(=O)NC5=O,Z9302749723,497.973,497.973,4.234,-8.522,2,3,78.51,5,https://real.enamine.net/public-enum-files/Z9302749723
O=C(O)C(F)(F)F.CCN(CCN1C=C(N=N1)C2(CO)COCCN2C)C(=O)C3=CC(=CC=C3C)N4CCC(=O)NC4=O,Z9311796250,613.587,499.564,-1.68,-2.712,2,8,133.13,9,https://real.enamine.net/public-enum-files/Z9311796250
CC=1C(N)=CC=CC1N2C=C(N=N2)C3CC43CCN(CC4)C(=O)C=5C=CC(=CC5)N6CCC(=O)NC6=O,Z9302749858,499.566,499.566,0.141,-4.197,2,6,126.45,4,https://real.enamine.net/public-enum-files/Z9302749858
N#CC=1C=CC=C2NC(=CC12)C=3C=CC(=CC3)N4CCC(=O)NC4=O,Z9302749941,330.341,330.341,1.724,-5.52,2,3,88.99,2,https://real.enamine.net/public-enum-files/Z9302749941
CC=1C=C(C=CC1N2CCC(=O)NC2=O)C=3C=C(N)C=C(C3)C(=O)N4CCOCC4,Z9302750302,408.451,408.451,0.113,-5.142,2,5,104.97,3,https://real.enamine.net/public-enum-files/Z9302750302
CCN1N=C(CCCNC=2C=CC(F)=C(C2)N3CCC(=O)NC3=O)C=4C=CC=CC41,Z9302750312,409.458,409.458,2.031,-4.298,2,4,79.26,7,https://real.enamine.net/public-enum-files/Z9302750312
O=C(O)C(F)(F)F.CN(CC1=NOC=2CCNCC12)C(=O)C3=CC(Cl)=CC(=C3)N4CCC(=O)NC4=O,Z9318551630,531.87,417.847,-1.543,-3.54,2,5,107.78,5,https://real.enamine.net/public-enum-files/Z9318551630
CC=1C=CC(=CC1)CN2C=CC=CC2=NC(=O)C3=CC=C(C)C(=C3)N4CCC(=O)NC4=O,Z9302750647,428.484,428.484,2.236,-5.756,1,5,82.08,4,https://real.enamine.net/public-enum-files/Z9302750647
CC=1C=CC(=CC1C(=O)N2CCN(CC2)C3=CN=CC4=NC=NN34)N5CCC(=O)NC5=O,Z9302750797,434.452,434.452,-1.178,-4.219,1,7,116.04,3,https://real.enamine.net/public-enum-files/Z9302750797
O=C(NC=1C=C(Cl)C=C(C1)N2CCC(=O)NC2=O)C3=C(N=C4C=NC=CN34)C(F)F,Z9302750814,434.784,434.784,0.24,-4.173,2,5,108.7,4,https://real.enamine.net/public-enum-files/Z9302750814
O=C(C=1C=C(C=CC1F)N2CCC(=O)NC2=O)N(CC3=NC=4C=CSC4C(=O)N3)C5CC5,Z9302751348,455.464,455.464,-0.749,-4.833,2,5,111.18,5,https://real.enamine.net/public-enum-files/Z9302751348
COC=1C=CC=2C=3SC(=CC3CCC2C1)C(=O)NC4=CC=C(C(F)=C4)N5CCC(=O)NC5=O,Z9302751562,465.499,465.499,2.957,-6.954,2,4,87.74,4,https://real.enamine.net/public-enum-files/Z9302751562
CC=1C=C(C=C(C1)N2CCC(=O)NC2=O)NC(=O)CCC3=NC(=O)C=4C=5CCCC5SC4N3,Z9302751564,465.527,465.527,0.829,-5.693,3,6,119.97,5,https://real.enamine.net/public-enum-files/Z9302751564
COC=1C=C2C(=CC1Cl)NC=3CCN(CC23)C(=O)C=4C=C(C)C=C(C4)N5CCC(=O)NC5=O,Z9302751605,466.917,466.917,1.888,-6.379,2,4,94.74,3,https://real.enamine.net/public-enum-files/Z9302751605
CC=1C=CC(=CC1C(=O)NC=2C=CC(=CC2)OC=3N=NC=C4C=CC=CC34)N5CCC(=O)NC5=O,Z9302751613,467.477,467.477,1.028,-7.426,2,5,113.52,5,https://real.enamine.net/public-enum-files/Z9302751613
CC(=O)NCC1=CC=C(O1)C2=CSC(=N2)NC(=O)C3=CC=CC(=C3C)N4CCC(=O)NC4=O,Z9302751617,467.5,467.5,0.008,-5.27,3,5,133.64,6,https://real.enamine.net/public-enum-files/Z9302751617
CCOC=1C=CC=2C=CC=CC2C1C(=O)NCC(=O)NC3=CC(=CC=C3C)N4CCC(=O)NC4=O,Z9302751845,474.51,474.51,1.216,-6.603,3,5,116.84,7,https://real.enamine.net/public-enum-files/Z9302751845
CC=1C=CC(=CC1N2CCC(=O)NC2=O)C(=O)N(C)CCOC3=CC=C(C=C3F)S(N)(=O)=O,Z9302751976,478.496,478.496,-0.37,-4.431,2,6,139.11,7,https://real.enamine.net/public-enum-files/Z9302751976
CC=1OC(=NC1CC(=O)N2CCC(CC2)C=3C=CC(=CC3)N4CCC(=O)NC4=O)C=5C=CSC5,Z9302752008,478.566,478.566,1.239,-4.695,1,4,95.75,5,https://real.enamine.net/public-enum-files/Z9302752008
COC=1C=CC=CC1CN2C=NC=3C=C(C=CC32)C(=O)NC=4C=CC=C(C4C)N5CCC(=O)NC5=O,Z9302752144,483.52,483.52,1.556,-5.819,2,5,105.56,6,https://real.enamine.net/public-enum-files/Z9302752144
CC=1C=CC(=CC1C(=O)N(C)CCC2=CN(N=N2)C3=CC=CC4=CC=NC=C34)N5CCC(=O)NC5=O,Z9302752150,483.523,483.523,0.363,-4.828,1,6,113.32,6,https://real.enamine.net/public-enum-files/Z9302752150
CC=1C=C(C=CC1N2CCC(=O)NC2=O)C(=O)NC3=CC=C(OC=4C=CC=C(F)C4)C5=CC=NC=C35,Z9302752248,484.48,484.48,3.359,-6.992,2,4,100.63,5,https://real.enamine.net/public-enum-files/Z9302752248
O=C(C=1C=CC=2NC=3CCCCCC3C2C1)N4CCC(CC4)C=5C=CC(=CC5)N6CCC(=O)NC6=O,Z9302752263,484.591,484.591,3.306,-6.791,2,3,85.51,3,https://real.enamine.net/public-enum-files/Z9302752263
CN(CCN1C=C(N=N1)C=2C=CC=3OC=CC(=O)C3C2)C(=O)C=4C=CC(=CC4)N5CCC(=O)NC5=O,Z9302752349,486.481,486.481,-0.472,-4.628,1,7,126.73,6,https://real.enamine.net/public-enum-files/Z9302752349
CC=1C=CC(=CC1NCC2=CNN=C2C=3C=CC(Br)=CC3Cl)N4CCC(=O)NC4=O,Z9302752523,488.765,488.765,2.542,-6.279,3,4,90.12,5,https://real.enamine.net/public-enum-files/Z9302752523
O=C(O)C(F)(F)F.O=C1CCN(C=2C=CC(=CC2)C3CCN(CC4=CC(=O)N5C(=N4)SC=6CCCCC65)CC3)C(=O)N1,Z9310700242,605.631,491.607,1.811,-5.384,1,5,85.32,5,https://real.enamine.net/public-enum-files/Z9310700242
CC1=NN(CC=2C=CC=CC2Cl)C(C)=C1CN(C)C(=O)C3=CC(=CC=C3C)N4CCC(=O)NC4=O,Z9302752840,493.986,493.986,2.189,-5.161,1,4,87.54,6,https://real.enamine.net/public-enum-files/Z9302752840
CC=1N=CSC1C2=NC=3C=CC=CC3N2CC(=O)NC4=CC(Cl)=CC(=C4)N5CCC(=O)NC5=O,Z9302752913,494.955,494.955,1.907,-5.681,2,5,109.22,5,https://real.enamine.net/public-enum-files/Z9302752913
O=C(O)C(F)(F)F.CN(CCCOC=1C=CC(F)=CC1)C(=O)CN2CCC(CC2)C=3C=CC(=CC3)N4CCC(=O)NC4=O,Z9310743769,610.598,496.575,3.099,-4.676,1,5,82.19,10,https://real.enamine.net/public-enum-files/Z9310743769
N#CC=1C=CC=CC1OCC2=CC=C(O2)C(=O)N3CCC(CC3)C=4C=CC(=CC4)N5CCC(=O)NC5=O,Z9302753129,498.531,498.531,1.5,-5.86,1,5,115.88,6,https://real.enamine.net/public-enum-files/Z9302753129
O=C(NCC1=NC=2C(C#CC=3C=CC(F)=CC3)=CC=CC2N1)C4=CC=C(F)C(=C4)N5CCC(=O)NC5=O,Z9302753164,499.469,499.469,3.049,-6.87,3,4,107.19,6,https://real.enamine.net/public-enum-files/Z9302753164
CC1=NN(C(C)=C1C=2C=CC(=CC2)N3CCC(=O)NC3=O)C4CCOCC4,Z6475627337,368.43,368.43,-0.614,-3.628,1,4,76.46,3,https://real.enamine.net/public-enum-files/Z6475627337
O=C(CN1C=CC=N1)NC=2C=CC=C(C2)CNC(=O)C=3C=CC=C(C3)N4CCC(=O)NC4=O,Z7806445289,446.46,446.46,-0.423,-3.993,3,5,125.43,7,https://real.enamine.net/public-enum-files/Z7806445289
COC=1C=CC=2CC(COC2C1)NC(=O)C=3C=CC=C(C3)N4CCC(=O)NC4=O,Z7806451067,395.409,395.409,0.61,-4.558,2,5,96.97,4,https://real.enamine.net/public-enum-files/Z7806451067
CO[C@@]1(C[C@]2(C1)COCCN2C(=O)C=3C=CC=C(C3)N4CCC(=O)NC4=O)C(F)(F)F,Z7806452959,441.402,441.402,-1.362,-4.707,1,5,88.18,4,https://real.enamine.net/public-enum-files/Z7806452959
O=C(C=1C=CC=C(C1)N2CCC(=O)NC2=O)N3CCCN(CC3)S(=O)(=O)C4=CC=C(Cl)S4,Z7806554056,496.99,496.99,0.391,-6.28,1,5,107.1,3,https://real.enamine.net/public-enum-files/Z7806554056
O=C(C=1C=CC=C(C1)N2CCC(=O)NC2=O)N3CC4=CC=CC=C4OC5(CCOC5)C3,Z7806554159,421.447,421.447,0.036,-5.129,1,5,88.18,2,https://real.enamine.net/public-enum-files/Z7806554159
O=C(C=1C=CC(F)=C(C1)N2CCC(=O)NC2=O)N(CC3=CC=CS3)C45CC6CC(CC(C6)C5)C4,Z8265661208,481.584,481.584,2.99,-6.896,1,3,69.72,5,https://real.enamine.net/public-enum-files/Z8265661208
COC=1C=C(C=CC1N2CCC(=O)NC2=O)C(=O)N3CCC4(CCC=5C=C(Br)C=CC54)C3,Z8265681240,498.37,498.37,1.937,-5.571,1,4,78.95,3,https://real.enamine.net/public-enum-files/Z8265681240
CN(C(=O)C1=CC=C(F)C(=C1)N2CCC(=O)NC2=O)C=3C=CC4=C(C3)OC=5C=CC=CC54,Z8265768105,431.417,431.417,2.21,-6.85,1,3,82.86,3,https://real.enamine.net/public-enum-files/Z8265768105
O=C(O)C(F)(F)F.O=C(NCC=1C=CN=C(C1)N2CCCC(O)C2)C=3C=CC(F)=C(C3)N4CCC(=O)NC4=O,Z9418101182,555.48,441.457,-0.598,-4.511,3,6,114.87,6,https://real.enamine.net/public-enum-files/Z9418101182
O=C(NC=1C=CC=2NC(=NC2C1)C3CCCO3)C4=CC=C(Br)C(=C4)N5CCC(=O)NC5=O,Z8266180170,498.33,498.33,1.241,-5.352,3,5,116.42,4,https://real.enamine.net/public-enum-files/Z8266180170
O=C(O)C(F)(F)F.O=C(NC1=CC=C(F)C(=C1)N2CCC(=O)NC2=O)[C@H](CC3=CNC=N3)NC(=O)C4CCCCC4,Z9401381153,584.521,470.498,-0.361,-6.204,4,5,136.29,8,https://real.enamine.net/public-enum-files/Z9401381153
O=C(NC=1C=CC(F)=C(C1)N2CCC(=O)NC2=O)C3CCCC=4SC(=NC43)NC=5C=CC=CC5,Z8266312104,479.529,479.529,2.613,-6.223,3,5,103.43,5,https://real.enamine.net/public-enum-files/Z8266312104
NC(=O)C(NC(=O)C=1C=CC(Br)=C(C1)N2CCC(=O)NC2=O)C3=CC=C4CCCCC4=C3,Z8266369913,499.358,499.358,1.668,-6.945,3,4,121.6,5,https://real.enamine.net/public-enum-files/Z8266369913
"CO[C@H]1C=2C=CC=CC2C[C@H]1N(C)C(=O)NC=3C=CC(F)=C(C3)N4CCC(=O)NC4=O |&1:2,10,r|",Z8266431174,426.442,426.442,1.234,-4.303,2,4,90.98,4,https://real.enamine.net/public-enum-files/Z8266431174
O=C(NC=1C=CC(F)=C(C1)N2CCC(=O)NC2=O)N(CC3=NC=CS3)CC=4C=CC(F)=C(F)C4,Z8266546447,489.472,489.472,0.929,-4.947,2,4,94.64,6,https://real.enamine.net/public-enum-files/Z8266546447
O=C(O)C(F)(F)F.O=C(NC=1C=NN(C1)C2CNCCOC2)C=3C=CC=C(C3)N4CCC(=O)NC4=O,Z9314606891,512.44,398.417,-1.822,-3,3,6,117.59,5,https://real.enamine.net/public-enum-files/Z9314606891
O=C(O)C(F)(F)F.CN(C)C=1C=CC=C(C1)C2(N)CCN(C2)C(=O)C=3C=CC(=CC3)N4CCC(=O)NC4=O,Z9402912077,535.517,421.493,-0.203,-4.894,2,5,98.98,5,https://real.enamine.net/public-enum-files/Z9402912077
"O=C(NS(=O)(=O)N1CCC[C@H]2CCCC[C@H]21)C=3C=CC(=CC3)N4CCC(=O)NC4=O |&1:10,15,r|",Z8267161792,434.511,434.511,1.945,-4.571,2,5,115.89,2,https://real.enamine.net/public-enum-files/Z8267161792
O=C(NCCCN1C(=O)NC=2C=CC=CC2C1=O)C=3C=CC(=CC3)N4CCC(=O)NC4=O,Z8267194260,435.434,435.434,0.292,-4.985,3,5,127.92,6,https://real.enamine.net/public-enum-files/Z8267194260
O=C(NCC(F)(F)C1=NNC=2CCCC12)C=3C=CC(=CC3)N4CCC(=O)NC4=O,Z8267196611,403.384,403.384,-0.123,-4.354,3,4,107.19,5,https://real.enamine.net/public-enum-files/Z8267196611
O=C(NC1C=2C=CC=C(Br)C2CC1(F)F)C=3C=CC(=CC3)N4CCC(=O)NC4=O,Z8267204051,464.261,464.261,2.063,-6.253,2,3,78.51,3,
O=C(O)C(F)(F)F.CCN(CC1=NOC(C)=N1)C2CCCN(CC2)C(=O)C=3C=CC(=CC3)N4CCC(=O)NC4=O,Z9402047411,568.547,454.523,-1.167,-3.709,1,6,111.88,7,https://real.enamine.net/public-enum-files/Z9402047411
O=C(O)C(F)(F)F.CN(C)CC=1C=COC1C2=NC(CNC(=O)C=3C=CC(=CC3)N4CCC(=O)NC4=O)=NN2,Z9310315212,551.476,437.453,-0.905,-4.042,3,6,136.46,8,https://real.enamine.net/public-enum-files/Z9310315212
O=C(O)C(F)(F)F.CCOCCN(C)CC(CC=1C=CC=CC1)NC(=O)C=2C=CC(=CC2)N3CCC(=O)NC3=O,Z9310316651,566.571,452.547,1.556,-4.778,2,5,90.98,12,https://real.enamine.net/public-enum-files/Z9310316651
"CCCOC=1C=CC2=C(C1)C[C@@H](C)N(C(=O)C=3C=CC(=CC3)N4CCC(=O)NC4=O)[C@H]2C |&1:11,30,r|",Z8267210130,435.517,435.517,2.766,-5.25,1,4,78.95,5,https://real.enamine.net/public-enum-files/Z8267210130
NC(=O)C1CCCN(C1)C=2N=CC=CC2CNC(=O)C=3C=CC(=CC3)N4CCC(=O)NC4=O,Z8267216965,450.491,450.491,-1.212,-3.873,3,6,137.73,6,https://real.enamine.net/public-enum-files/Z8267216965
CC=1C=CC(CN(CC(C)C#N)C(=O)C=2C=CC(=CC2)N3CCC(=O)NC3=O)=C(F)C1,Z8267227173,422.453,422.453,1.231,-5.378,1,4,93.51,6,https://real.enamine.net/public-enum-files/Z8267227173
CC(CO)(CN1C=NC=2C=CC=CC21)NC(=O)C=3C=CC(=CC3)N4CCC(=O)NC4=O,Z8267233935,421.45,421.45,0.114,-4.218,3,5,116.56,6,https://real.enamine.net/public-enum-files/Z8267233935
O=C(C=1C=CC(=CC1)N2CCC(=O)NC2=O)N3CCCC(C3)NS(=O)(=O)C=4C=CC=C(F)C4,Z8267245969,474.507,474.507,0.566,-4.953,2,5,115.89,4,https://real.enamine.net/public-enum-files/Z8267245969
O=C(NC=1C=CC(=C(F)C1)N2CCC(=O)NC2=O)C=3C=CC=C4CN(C(=O)C34)C5CCC(=O)NC5=O,Z9292775436,493.445,493.445,-0.829,-4.987,3,6,144.99,4,https://real.enamine.net/public-enum-files/Z9292775436
"O=C(N[C@@]12COC[C@H]2CS(=O)(=O)C1)C=3C=C(C=CC3F)N4CCC(=O)NC4=O |&1:3,7,r|",Z9302746839,411.407,411.407,-1.518,-3.432,2,6,121.88,3,https://real.enamine.net/public-enum-files/Z9302746839
"CC=1C=CC(=CC1C(=O)N2C[C@H]3COC[C@]3(C2)C4=NN=C(N)O4)N5CCC(=O)NC5=O |&1:11,15,r|",Z9302746883,426.427,426.427,-3.168,-3.884,2,7,143.89,3,https://real.enamine.net/public-enum-files/Z9302746883
"O=C(O)C(F)(F)F.CC=1C=CC2=C(C1)[C@H]3CN(C)CC[C@H]3N2C(=O)C=4C=CC=C(C4C)N5CCC(=O)NC5=O |&1:14,20,r|",Z9401379598,546.539,432.516,1.188,-5.72,1,4,72.96,3,https://real.enamine.net/public-enum-files/Z9401379598
CO[C@@H]1C[C@@H](C2=NC(=NN2)C3CC3)N(C1)C(=O)C=4C=CC(C)=C(C4)N5CCC(=O)NC5=O,Z9302746975,438.481,438.481,-0.567,-3.746,2,6,120.52,5,https://real.enamine.net/public-enum-files/Z9302746975
"CNC(=O)CN(C[C@@]1(O)CCC[C@H](C)C1)C(=O)C2=CC=CC(=C2C)N3CCC(=O)NC3=O |&1:7,12,r|",Z9302747042,444.525,444.525,0.487,-4.413,3,5,119.05,6,https://real.enamine.net/public-enum-files/Z9302747042
O=C(NC12CC(C1)(CS(=O)(=O)C2)C=3C=CC=CC3)C=4C=CC(=CC4)N5CCC(=O)NC5=O,Z9302747137,453.513,453.513,-0.767,-4.022,2,5,112.65,4,https://real.enamine.net/public-enum-files/Z9302747137
"CCN1C(=O)CO[C@H](C(=O)NC=2C=C(C)C=C(C2)N3CCC(=O)NC3=O)[C@H]1C4=NC=CN4C |&1:7,26,r|",Z9302747162,454.48,454.48,-0.93,-3.337,2,6,125.87,5,https://real.enamine.net/public-enum-files/Z9302747162
N#CC1(CC(C1)NC=2C=CC(F)=C(C2)N3CCC(=O)NC3=O)C4=CC=C(Br)C=N4,Z9302747197,458.284,458.284,1.115,-4.061,2,5,98.12,4,https://real.enamine.net/public-enum-files/Z9302747197
CC=1C(=CC=CC1N2CCC(=O)NC2=O)C(=O)N3C[C@H](O)C[C@H]3C4=NNC(=N4)C=5C=CC=CC5,Z9302747268,460.486,460.486,0.06,-5.384,3,6,131.52,4,https://real.enamine.net/public-enum-files/Z9302747268
"O=C(O)C(F)(F)F.CN1C=NC=C1[C@@H]2CN(C[C@H]2CNC(=O)C3CC3)C(=O)C=4C=C(C=CC4F)N5CCC(=O)NC5=O |&1:13,17,r|",Z9387735818,596.532,482.509,-2.065,-4.484,2,5,116.64,7,https://real.enamine.net/public-enum-files/Z9387735818
CC=1C=C(C=CC1N2CCC(=O)NC2=O)C(=O)N3CC(C3)N4C=C(C=N4)C5=CN(N=N5)[C@H](C)[C@H](C)O,Z9302747569,492.532,492.532,-1.33,-3.172,2,7,138.48,6,https://real.enamine.net/public-enum-files/Z9302747569
CC=1C=C(C=C(C1)N2CCC(=O)NC2=O)NC(=O)[C@@H]3C[C@@H](O)CN3C(=O)C45CC6CC(CC(C6)C5)C4,Z9302747653,494.584,494.584,0.842,-6.537,3,5,119.05,4,https://real.enamine.net/public-enum-files/Z9302747653
O=C(O)C(F)(F)F.CC1=CC(=CC(=C1)N2CCC(=O)NC2=O)C(=O)NCC34CNCCN4CCOC3,Z9312344238,515.484,401.46,-0.928,-3.551,3,6,103.01,5,https://real.enamine.net/public-enum-files/Z9312344238
CC=1C=C(C=C(C1)N2CCC(=O)NC2=O)C(=O)N=S3(=O)CCOC=4C=CC=CC43,Z9302748026,413.449,413.449,0.377,-5.98,1,6,105.14,2,https://real.enamine.net/public-enum-files/Z9302748026
CC=1C=CC(=CC1C(=O)N2CCC3(C2)CCCC=4C=CC=CC43)N5CCC(=O)NC5=O,Z9302748041,417.501,417.501,1.912,-5.766,1,3,69.72,2,https://real.enamine.net/public-enum-files/Z9302748041
CCCOC=1C=C2CC(C)OC2=CC1CNC=3C=CC(=C(C)C3)N4CCC(=O)NC4=O,Z9302748159,423.506,423.506,2.979,-4.98,2,5,79.9,7,https://real.enamine.net/public-enum-files/Z9302748159
COCCN1N=CC=2CCCC(NC(=O)C=3C=C(C)C=C(C3)N4CCC(=O)NC4=O)C21,Z9302748171,425.482,425.482,-0.078,-3.596,2,5,105.56,6,https://real.enamine.net/public-enum-files/Z9302748171
CC=1C(=CC=CC1N2CCC(=O)NC2=O)C(=O)NC(C)CC3=CSC=4C=CC(O)=CC34,Z9302748285,437.513,437.513,1.619,-5.401,3,4,98.74,5,https://real.enamine.net/public-enum-files/Z9302748285
CC=1C=C(C=CC1N2CCC(=O)NC2=O)C(=O)N(C)C(C)C3=NC=4C=C(Cl)C=CC4N3,Z9302748355,439.895,439.895,1.488,-5.226,2,4,98.4,4,https://real.enamine.net/public-enum-files/Z9302748355
O=C(O)C(F)(F)F.O=C(NC=1C=CC2=C(C1)OCC3CNCCN23)C=4C=C(Cl)C=C(C4)N5CCC(=O)NC5=O,Z9314605186,569.918,455.895,0.438,-5.676,3,6,103.01,4,https://real.enamine.net/public-enum-files/Z9314605186
CS(=O)(=NC(=O)C=1C=C(Cl)C=C(C1)N2CCC(=O)NC2=O)C=3C=CC=C4C=CC=NC34,Z9302748615,456.904,456.904,0.495,-6.082,1,6,108.8,3,https://real.enamine.net/public-enum-files/Z9302748615
CC(C(=O)NC=1C=CC(=C(F)C1)N2CCC(=O)NC2=O)N3C(S)=NN=C3C4=CC=CS4,Z9302748671,460.508,460.508,1.044,-5.968,3,5,109.22,5,https://real.enamine.net/public-enum-files/Z9302748671
CC1CC=2C=C(Br)C=CC2N1C(=O)C=3C=C(Cl)C=C(C3)N4CCC(=O)NC4=O,Z9302748701,462.724,462.724,2.473,-6.247,1,3,69.72,2,https://real.enamine.net/public-enum-files/Z9302748701
CC=1C=CC(=CC1C(=O)NCC=2C=CC=C(C2)C(=O)N3CCOC(C)C3)N4CCC(=O)NC4=O,Z9302748746,464.515,464.515,-0.192,-5.213,2,5,108.05,5,https://real.enamine.net/public-enum-files/Z9302748746
O=C(NC=1C=CC(=C(F)C1)N2CCC(=O)NC2=O)C3CCN(C3=O)C4=CC=C5OCCOC5=C4,Z9302748790,468.435,468.435,0.867,-5.129,2,6,117.28,4,https://real.enamine.net/public-enum-files/Z9302748790
CC=1C=CC(=CC1N2CCC(=O)NC2=O)C(=O)N3CC=4C=CC(Br)=CC4OCC3C,Z9302748845,472.332,472.332,2.493,-5.872,1,4,78.95,2,https://real.enamine.net/public-enum-files/Z9302748845
O=C(NC(CC1=NN=NN1)C=2C=CC(F)=CC2F)C=3C=C(Cl)C=C(C3)N4CCC(=O)NC4=O,Z9302748932,475.837,475.837,0.743,-4.99,3,6,132.97,6,https://real.enamine.net/public-enum-files/Z9302748932
O=C(NC(C1=NC=2C=CC=CC2N1)C3CCCCC3)C4=CC(Cl)=CC(=C4)N5CCC(=O)NC5=O,Z9302749044,479.959,479.959,3.268,-7.161,3,4,107.19,5,https://real.enamine.net/public-enum-files/Z9302749044
CC=1C(=CC=CC1N2CCC(=O)NC2=O)C(=O)N3CCC4(CC3)CC(O)C5=NN(C=C5O4)C(C)C,Z9302749061,481.545,481.545,-1.195,-4.035,2,6,117,3,https://real.enamine.net/public-enum-files/Z9302749061
CCN=S1(=O)CCC2(CC1)CN(CCO2)C(=O)C=3C=C(Cl)C=C(C3)N4CCC(=O)NC4=O,Z9302749098,482.982,482.982,-1.158,-5.025,1,6,108.38,3,https://real.enamine.net/public-enum-files/Z9302749098
O=C(NC1CCC2=NC(=CN2C1)C=3C=CC(F)=CC3F)C4=CC(=CC=C4F)N5CCC(=O)NC5=O,Z9302749118,483.444,483.444,1.034,-5.421,2,4,96.33,4,https://real.enamine.net/public-enum-files/Z9302749118
CC1=CC(=CC(=C1)C(=O)N2CC=3C=C(C=CC3CC2C)OCC=4C=CC=CC4)N5CCC(=O)NC5=O,Z9302749119,483.559,483.559,3.456,-6.509,1,4,78.95,5,https://real.enamine.net/public-enum-files/Z9302749119
CC=1C=C(C=CC1N2CCC(=O)NC2=O)NC(=O)C(C)OC=3C=CC(Cl)=CC3C4CCCCC4,Z9302749131,483.988,483.988,4.229,-7.782,2,4,87.74,6,https://real.enamine.net/public-enum-files/Z9302749131
CC=1C=CC(=CC1N2CCC(=O)NC2=O)C(=O)N3CCC3CN4C=C(N=N4)C=5C=NC=6NC=CC6C5,Z9302749137,484.511,484.511,-0.338,-5.365,2,6,129.11,5,https://real.enamine.net/public-enum-files/Z9302749137
CC=1C=CC(=CC1C(=O)NC2(CO)CCC=3C=C(Br)C=CC3C2)N4CCC(=O)NC4=O,Z9302749194,486.359,486.359,1.524,-5.618,3,4,98.74,4,https://real.enamine.net/public-enum-files/Z9302749194
CC(CN1C=C(Br)C=N1)(NC(=O)C=2C=CC=C(C2)N3CCC(=O)NC3=O)C=4N=NNN4,Z9302749270,488.299,488.299,-0.684,-3.251,3,7,150.79,6,https://real.enamine.net/public-enum-files/Z9302749270
COC=1C=CC=C(C1)C2(CCC2)N3C=C(N=N3)C(C)NC(=O)C=4C=CC(=CC4)N5CCC(=O)NC5=O,Z9302749302,488.54,488.54,0.727,-4.529,2,6,118.45,7,https://real.enamine.net/public-enum-files/Z9302749302
CC=1C=CC(=CC1N2CCC(=O)NC2=O)C(=O)NCC3=CN(N=N3)[C@H](C)C4=CSC=5C=CC=CC45,Z9302749313,488.564,488.564,1.434,-5.137,2,5,109.22,6,https://real.enamine.net/public-enum-files/Z9302749313
O=C(O)C(F)(F)F.NC(CC1=CC=2C=C(Br)C=CC2O1)C(=O)NC=3C=CC(=C(F)C3)N4CCC(=O)NC4=O,Z9402912150,603.318,489.295,1.472,-6.583,3,4,117.67,6,https://real.enamine.net/public-enum-files/Z9402912150
C[C@@H](CNC(=O)C=1C=CC(=CC1)N2CCC(=O)NC2=O)N3C=C(CN4C=NC=5C(N)=NC=NC54)N=N3,Z9302749357,489.491,489.491,-2.503,-3.633,3,9,178.84,7,https://real.enamine.net/public-enum-files/Z9302749357
CC=1C=C(C=CC1N2CCC(=O)NC2=O)C(=O)N[C@H](C)CN3C=C(N=N3)C=4C=CC=5N=CSC5C4,Z9302749394,489.552,489.552,1.056,-5.244,2,6,122.11,6,https://real.enamine.net/public-enum-files/Z9302749394
CC=1C=CC(=CC1N2CCC(=O)NC2=O)C(=O)NC3CCN(C3=O)C4=CC=CC(=C4)OC(F)(F)F,Z9302749409,490.433,490.433,1.865,-6.622,2,5,108.05,6,https://real.enamine.net/public-enum-files/Z9302749409
CC1=CC(=CC(=O)O1)N2C=C(CC3CCCN3C(=O)C=4C=CC(=C(C)C4)N5CCC(=O)NC5=O)N=N2,Z9302749425,490.512,490.512,-0.136,-4.045,1,6,126.73,5,https://real.enamine.net/public-enum-files/Z9302749425
CC1=CC(=CC(=C1)C(=O)N[C@@H]2CCN(C2)C=3N=C(N=C(C)C3C)C(=O)N(C)C)N4CCC(=O)NC4=O,Z9302749560,493.559,493.559,-0.99,-4.566,2,7,127.84,5,https://real.enamine.net/public-enum-files/Z9302749560
COCCN(C(=O)C=1C=CC(Br)=C(C1)N2CCC(=O)NC2=O)C(C)C3=CC=C(C)S3,Z9302749575,494.403,494.403,2.162,-5.475,1,4,78.95,7,https://real.enamine.net/public-enum-files/Z9302749575
CC=1C=C(CN2C=C(N=N2)C3(C)CCN(C3)C(=O)C4=CC(=CC=C4F)N5CCC(=O)NC5=O)N(C)N1,Z9302749581,494.523,494.523,-1.542,-2.614,1,6,118.25,5,https://real.enamine.net/public-enum-files/Z9302749581
CC=1C=CC(=CC1C(=O)NC(CC=2C=CC=CC2)C3=NC(=NO3)C=4C=CC=CC4)N5CCC(=O)NC5=O,Z9302749631,495.53,495.53,1.986,-6.85,2,5,117.43,7,https://real.enamine.net/public-enum-files/Z9302749631
O=C(C=1C=CC(=CC1)N2CCC(=O)NC2=O)N3CCCC3CCC4=CN(N=N4)C=5C=CC=C6NN=CC56,Z9302749747,498.538,498.538,0.8,-4.576,2,6,129.11,6,https://real.enamine.net/public-enum-files/Z9302749747
O=C(C=1C=CC(=CC1)N2CCC(=O)NC2=O)N3CC(F)(F)C[C@H]3CN4C=C(CCN5C=NC=N5)N=N4,Z9302749828,499.475,499.475,-2.313,-3.728,1,7,131.14,7,https://real.enamine.net/public-enum-files/Z9302749828
O=C(C=1C=C(C=CC1F)N2CCC(=O)NC2=O)N3CCC(C3)C4=CN(N=N4)C=5C=CC=C6N=CC=CC56,Z9302749835,499.498,499.498,0.388,-4.908,1,6,113.32,4,https://real.enamine.net/public-enum-files/Z9302749835
CC=1C(=CC=CC1N2CCC(=O)NC2=O)C(=O)N(C)C(C)C=3C=CC=C(C3)C=4C=CC(=CC4)OC(C)C,Z9302749873,499.602,499.602,3.919,-6.998,1,4,78.95,7,https://real.enamine.net/public-enum-files/Z9302749873
CC=1C=C(C=CC1N2CCC(=O)NC2=O)C(=O)NC3CCCC4=C3C=NN4C=5C=CC(=CC5)C(C)(C)C,Z9302749877,499.605,499.605,3.622,-6.426,2,4,96.33,5,https://real.enamine.net/public-enum-files/Z9302749877
CC=1C=CC=C2C=3CCCC(NC(=O)N4CCC(CC4)C=5C=CC(=CC5)N6CCC(=O)NC6=O)C3NC12,Z9302749881,499.605,499.605,3.09,-6.215,3,3,97.54,3,https://real.enamine.net/public-enum-files/Z9302749881
CC1=NN=C2C=CC(=CN12)C=3C=CC(=CC3)N4CCC(=O)NC4=O,Z9302749924,321.334,321.334,0.138,-3.984,1,4,79.6,2,https://real.enamine.net/public-enum-files/Z9302749924
CC=1C=CC(=CC1N2CCC(=O)NC2=O)C=3C=NC=C(C3)N4C=CC=N4,Z9302749999,347.372,347.372,1.175,-3.705,1,4,80.12,3,https://real.enamine.net/public-enum-files/Z9302749999
CC=1C=C(C=CC1N2CCC(=O)NC2=O)C=3C=NN(C3)C=4C=CN=CN4,Z9302750002,348.36,348.36,0.229,-4.263,1,5,93.01,3,
CCC1=CN2N=C(Cl)C=C(NC=3C=CC(=C(C)C3)N4CCC(=O)NC4=O)C2=N1,Z9302750247,398.847,398.847,2.416,-5.171,2,5,91.63,4,https://real.enamine.net/public-enum-files/Z9302750247
O=C(O)C(F)(F)F.CC1=CC(=CC(=C1)N2CCC(=O)NC2=O)C(=O)N3CCN4C(C3)=NC=5CCCCCC54,Z9401520910,535.517,421.493,0.611,-4.937,1,4,87.54,3,https://real.enamine.net/public-enum-files/Z9401520910
O=C(NC1(CC1)C=2N=CC=3CCCC3N2)C=4C=C(Cl)C=C(C4)N5CCC(=O)NC5=O,Z9302750613,425.869,425.869,0.318,-4.452,2,5,104.29,4,https://real.enamine.net/public-enum-files/Z9302750613
CC=1C(=CC=CC1N2CCC(=O)NC2=O)C(=O)NC(C)(C)C3=CN(N=N3)C=4C=CC=CC4,Z9302750756,432.476,432.476,0.914,-4.489,2,5,109.22,5,https://real.enamine.net/public-enum-files/Z9302750756
O=C(CC=1C=C(F)C=C2COCOC12)NC=3C=C(Cl)C=C(C3)N4CCC(=O)NC4=O,Z9302750777,433.818,433.818,0.593,-4.779,2,5,96.97,4,https://real.enamine.net/public-enum-files/Z9302750777
O=C(NCCCC1=NC(=NO1)C=2C=NC=CN2)C=3C=C(C=CC3F)N4CCC(=O)NC4=O,Z9302750867,439.401,439.401,-2.005,-2.59,2,7,143.21,7,https://real.enamine.net/public-enum-files/Z9302750867
CC=1C=CC(=CC1C(=O)N2CCCC2(C)C3=CN(N=N3)C4=CC=CN=C4Cl)N5CCC(=O)NC5=O,Z9302749565,493.946,493.946,1.618,-5.215,1,6,113.32,4,https://real.enamine.net/public-enum-files/Z9302749565
O=C(O)C(F)(F)F.COC1CCN(CC2=CN(C)N=C2C(=O)N3CCC(CC3)C=4C=CC(=CC4)N5CCC(=O)NC5=O)C1,Z9310315220,608.611,494.587,-0.747,-2.983,1,6,100.01,7,https://real.enamine.net/public-enum-files/Z9310315220
CCN1CCCC(C1=O)N2C=C(N=N2)C3(O)CN(C3)C(=O)C4=CC(=CC=C4C)N5CCC(=O)NC5=O,Z9302749634,495.532,495.532,-1.174,-3.593,2,7,140.97,5,https://real.enamine.net/public-enum-files/Z9302749634
CC1=NC=2C=C(C=CC2N1C3CCS(=O)(=O)C3)C(=O)NC4=CC(=CC=C4C)N5CCC(=O)NC5=O,Z9302749640,495.553,495.553,-1.286,-4.064,2,6,130.47,4,https://real.enamine.net/public-enum-files/Z9302749640
CC1=CC(=CC(=C1)NC(=O)C2CCCN(C2)C3=NS(=O)(=O)C=4C=CC=CC34)N5CCC(=O)NC5=O,Z9302749646,495.553,495.553,1.405,-5.434,2,7,128.25,3,https://real.enamine.net/public-enum-files/Z9302749646
NC(=O)CC(NC(=O)C=1C=CC(=CC1)N2CCC(=O)NC2=O)C3=CN(CC=4C=CN=C(F)C4F)N=N3,Z9302749745,498.443,498.443,-2.716,-3.67,3,7,165.2,8,https://real.enamine.net/public-enum-files/Z9302749745
CC=1C=C(C=CC1N2CCC(=O)NC2=O)C(=O)N3CCC(CN4C=C(N=N4)C5=NNC=6C=CC=CC56)C3,Z9302749765,498.538,498.538,0.645,-5.082,2,6,129.11,5,https://real.enamine.net/public-enum-files/Z9302749765
COCC1=CC(=NO1)C2=CN(CC(F)CCNC(=O)C=3C=CC(=C(C)C3)N4CCC(=O)NC4=O)N=N2,Z9302749832,499.496,499.496,-1.009,-2.886,2,7,144.48,10,https://real.enamine.net/public-enum-files/Z9302749832
CC=1C=CC(=CC1NCCCC=2C=CC=3OCCC3C2)N4CCC(=O)NC4=O,Z9302750172,379.453,379.453,2.341,-4.503,2,4,70.67,6,https://real.enamine.net/public-enum-files/Z9302750172
CC=1C=C(C=CC1N2CCC(=O)NC2=O)C=3C=CC=CC3COC=4C=CC=CC4,Z9302750200,386.444,386.444,3.587,-6.458,1,3,58.64,5,https://real.enamine.net/public-enum-files/Z9302750200
O=C1CCN(C(=O)N1)C=2C=CC(=CC2F)NC3=C4CCCCC4=NC5=NC=NN35,Z9302750215,395.391,395.391,1.455,-5.348,2,6,104.52,3,https://real.enamine.net/public-enum-files/Z9302750215
O=C(O)C(F)(F)F.O=C(NC1=CC(Cl)=CC(=C1)N2CCC(=O)NC2=O)C3=CC=4CNCCCC4O3,Z9311798469,516.855,402.832,0.33,-4.592,3,4,103.68,4,https://real.enamine.net/public-enum-files/Z9311798469
O=C(NC=1C=CC(=C(F)C1)N2CCC(=O)NC2=O)C3=NNC4=C3COC=5C=CC=CC45,Z9302750506,421.382,421.382,1.353,-5.653,3,5,116.42,3,https://real.enamine.net/public-enum-files/Z9302750506
O=C(O)C(F)(F)F.CC=1C=CC(=CC1N2CCC(=O)NC2=O)C3=CC=CC(=C3)OCCN4CCC(C)CC4,Z9310743967,535.556,421.533,3.84,-6.145,1,4,61.88,7,https://real.enamine.net/public-enum-files/Z9310743967
O=C1CCN(C(=O)N1)C=2C=CC(=CC2F)NC=3N=C(N=C4SC=CC34)C5=CC=CC=N5,Z9302750795,434.448,434.448,2.439,-6.174,2,6,100.11,4,https://real.enamine.net/public-enum-files/Z9302750795
O=C(O)C(F)(F)F.CC1=CC=C(C=C1N2CCC(=O)NC2=O)C(=O)N3CCN4C(=NN=C4C3)C5CCNCC5,Z9311796088,551.519,437.496,-2.157,-2.879,2,6,112.46,4,https://real.enamine.net/public-enum-files/Z9311796088
CC1=CC(=NN1C=2C=CC=3COCC3C2)NC(=O)C4=CC=CC(=C4C)N5CCC(=O)NC5=O,Z9302751000,445.472,445.472,0.694,-5.131,2,5,105.56,4,https://real.enamine.net/public-enum-files/Z9302751000
CC=1C(=CC=CC1N2CCC(=O)NC2=O)NC(=O)C=3C=NN4C(=CC=NC34)C5=CC=CS5,Z9302751024,446.484,446.484,0.967,-5.33,2,5,108.7,4,https://real.enamine.net/public-enum-files/Z9302751024
CCN(CC)C=1C=CC=2C(=CC(=O)OC2C1)CNC=3C=CC(F)=C(C3)N4CCC(=O)NC4=O,Z9302751231,452.479,452.479,2.204,-5.367,2,5,90.98,7,https://real.enamine.net/public-enum-files/Z9302751231
N#CC=1C=C(NC=2C=CC(=C(F)C2)N3CCC(=O)NC3=O)C=4C=C(Br)C=CC4N1,Z9302751292,454.252,454.252,3.147,-5.947,2,5,98.12,3,https://real.enamine.net/public-enum-files/Z9302751292
CC1=C(N=NN1C=2C=CC=C3C=CC=NC23)C(=O)NC=4C=CC=C(C4C)N5CCC(=O)NC5=O,Z9302751351,455.47,455.47,0.339,-4.76,2,6,122.11,4,https://real.enamine.net/public-enum-files/Z9302751351
CC=1C=CC(=CC1NCC=2C=NN(C2)CC=3C=CC=CC3C(F)(F)F)N4CCC(=O)NC4=O,Z9302751374,457.449,457.449,2.215,-4.639,2,4,79.26,7,https://real.enamine.net/public-enum-files/Z9302751374
CC=1C=CC(=CC1NC(=O)COC=2C=CC=3C=4CCCC4C(=O)OC3C2)N5CCC(=O)NC5=O,Z9302751480,461.468,461.468,0.895,-6.439,2,5,114.04,5,https://real.enamine.net/public-enum-files/Z9302751480
CC=1C=C(C=CC1N2CCC(=O)NC2=O)NC(=O)NCC3=CC=CC(=C3)COCC4=CC=CO4,Z9302751507,462.499,462.499,1.371,-4.887,3,4,112.91,8,https://real.enamine.net/public-enum-files/Z9302751507
COC=1C=CC(CN2N=CC=C2NC(=O)C=3C=CC(=C(C)C3)N4CCC(=O)NC4=O)=C(C1)OC,Z9302751521,463.487,463.487,1.308,-4.69,2,6,114.79,7,https://real.enamine.net/public-enum-files/Z9302751521
CC=1C=CC(=CC1N2CCC(=O)NC2=O)C(=O)N3CC=4C=NN(C=5C=CC=CC5)C4CC(C)(C)C3,Z9302751757,471.552,471.552,2.521,-5.065,1,4,87.54,3,https://real.enamine.net/public-enum-files/Z9302751757
CC=1C=C(C=CC1N2CCC(=O)NC2=O)NC(=O)CC3=CNC4=C(C=CC=C34)OCC=5C=CC=CC5,Z9302752126,482.532,482.532,2.648,-6.224,3,4,103.53,7,https://real.enamine.net/public-enum-files/Z9302752126
COC=1C=C(C=CC1Cl)N(CC=2C=CSC2)C(=O)C=3C=CC(C)=C(C3)N4CCC(=O)NC4=O,Z9302752228,483.969,483.969,3.392,-6.396,1,4,78.95,6,https://real.enamine.net/public-enum-files/Z9302752228
COC=1C=CC=CC1C=2C=C(C(=O)NC=3C=CC(=C(C)C3)N4CCC(=O)NC4=O)C=5C(C)=NOC5N2,Z9302752293,485.493,485.493,1.987,-5.911,2,6,126.66,5,https://real.enamine.net/public-enum-files/Z9302752293
CCN(CCN1C=C(N=N1)C2=CN=C3C=CC=NN23)C(=O)C=4C=C(C=CC4F)N5CCC(=O)NC5=O,Z9302752692,491.479,491.479,-0.268,-3.591,1,7,130.62,7,https://real.enamine.net/public-enum-files/Z9302752692
O=C(O)C(F)(F)F.CC=1C(=CC=CC1N2CCC(=O)NC2=O)C(=O)NCC=3C=CC=CC3OCCCN(C)C4CCCC4,Z9401520960,606.634,492.611,2.499,-5.706,2,5,90.98,11,https://real.enamine.net/public-enum-files/Z9401520960
COCCOCCOC=1C=CC=2N=C(CNC(=O)C=3C=CC(C)=C(C3)N4CCC(=O)NC4=O)NC2C1,Z9302752945,495.529,495.529,0.48,-4.138,3,7,134.88,11,https://real.enamine.net/public-enum-files/Z9302752945
COC=1C=CC(=CC1)C2=NNC(C(=O)NC3=CC=C(C(C)=C3)N4CCC(=O)NC4=O)=C2Br,Z9302753102,498.33,498.33,1.92,-6.214,3,5,116.42,5,https://real.enamine.net/public-enum-files/Z9302753102
CC=1C=CC(=CC1NC(=O)C=2NC=3C(Br)=CC=CC3C2CCCO)N4CCC(=O)NC4=O,Z9302753163,499.358,499.358,0.953,-5.948,4,4,114.53,6,https://real.enamine.net/public-enum-files/Z9302753163
N#CCCOCC1=CN(N=N1)C=2C=CC=3CCN(CC3C2)C(=O)C=4C=CC(=CC4)N5CCC(=O)NC5=O,Z9302753197,499.522,499.522,-0.438,-3.897,1,7,133.45,7,https://real.enamine.net/public-enum-files/Z9302753197
N#CC1(CC1)C=2C=CC=C(C=3C=CC(=CC3)N4CCC(=O)NC4=O)C2F,Z6722467897,349.359,349.359,1.61,-5.056,1,3,73.2,3,https://real.enamine.net/public-enum-files/Z6722467897
CC=1C=CC(=CC1N2CCC(=O)NC2=O)C=3C=CN(N3)C4CCCC4,Z7407799142,338.404,338.404,1.997,-3.958,1,3,67.23,3,https://real.enamine.net/public-enum-files/Z7407799142
CCN1N=C(C=C1C=2C=CC(=C(C)C2)N3CCC(=O)NC3=O)C4CC4,Z7634882895,338.404,338.404,1.767,-4.023,1,3,67.23,4,https://real.enamine.net/public-enum-files/Z7634882895
"O=C(C=1C=CC=C(C1)N2CCC(=O)NC2=O)N3C[C@H](C4=NC(=NN4)C5CC5)[C@H](C3)C6CC6 |&1:18,27,r|",Z7806426733,434.492,434.492,-0.597,-4.929,2,5,111.29,5,https://real.enamine.net/public-enum-files/Z7806426733
COC=1C=CC=CC1C2=CSC(=N2)C3CCCN(C3)C(=O)C=4C=CC=C(C4)N5CCC(=O)NC5=O,Z7806560840,490.576,490.576,0.931,-5.525,1,5,91.84,5,https://real.enamine.net/public-enum-files/Z7806560840
CC=1C=CC=2NC(=NC2C1)C(NC(=O)C=3C=CC=C(C3)N4CCC(=O)NC4=O)C=5C=CC=CC5,Z7806592816,453.494,453.494,1.77,-6.242,3,4,107.19,5,https://real.enamine.net/public-enum-files/Z7806592816
COC=1C=CC(=CC1N2CCC(=O)NC2=O)C(=O)N3CCCC3(C)CC=4C=CC=CC4C(F)(F)F,Z8265654389,489.488,489.488,2.621,-5.696,1,4,78.95,6,https://real.enamine.net/public-enum-files/Z8265654389
COC=1C=C(C=CC1N2CCC(=O)NC2=O)C(=O)NC3CCC=4C=NN(CCCC(F)(F)F)C4C3,Z8265681691,493.48,493.48,0.03,-4.385,2,5,105.56,8,https://real.enamine.net/public-enum-files/Z8265681691
O=C(O)C(F)(F)F.O=C(C=1C=CC(F)=C(C1)N2CCC(=O)NC2=O)N(CCN3C=CN=C3)CC=4C=CSC4,Z9401380679,555.504,441.481,0.38,-4.789,1,4,87.54,8,https://real.enamine.net/public-enum-files/Z9401380679
COCC1(CNC(=O)C=2C=CC(=C(C2)OC)N3CCC(=O)NC3=O)OCCC=4C=CC=CC41,Z8265770508,453.489,453.489,0.532,-4.217,2,6,106.2,7,https://real.enamine.net/public-enum-files/Z8265770508
COC=1C=C(C=CC1N2CCC(=O)NC2=O)C(=O)N(C)C3CCOC=4C(C)=CC(C)=CC43,Z8265780041,437.489,437.489,1.548,-5.222,1,5,88.18,4,https://real.enamine.net/public-enum-files/Z8265780041
"O=C(O)C(F)(F)F.COC=1C=CC=C(C1)[C@@H]2[C@H](CCN2C3CC3)NC(=O)C=4C=CC(F)=C(C4)N5CCC(=O)NC5=O |&1:15,16,r|",Z9401520832,580.529,466.506,1.438,-5.339,2,5,90.98,7,https://real.enamine.net/public-enum-files/Z9401520832
O=C(C=1C=CC(F)=C(C1)N2CCC(=O)NC2=O)N3CCOC(C3)C4=NC(=CS4)C=5C=CC=CC5,Z8265906631,480.513,480.513,0.662,-5.481,1,5,91.84,4,https://real.enamine.net/public-enum-files/Z8265906631
CC1=NOC(=N1)[C@@H]2[C@@H](C)OCCN2C(=O)C=3C=CC(Br)=C(C3)N4CCC(=O)NC4=O,Z8266243046,478.297,478.297,-0.486,-3.87,1,6,117.87,3,https://real.enamine.net/public-enum-files/Z8266243046
CC1=NC2=NC(=NN2C(C)=C1CCC(=O)NC=3C=CC(F)=C(C3)N4CCC(=O)NC4=O)C(F)(F)F,Z8266334731,493.415,493.415,0.308,-4.553,2,6,121.59,6,https://real.enamine.net/public-enum-files/Z8266334731
CCCOC=1C=CC=C2C1OCC2NC(=O)C=3C=CC(Br)=C(C3)N4CCC(=O)NC4=O,Z8266494870,488.332,488.332,2.481,-6.039,2,5,96.97,6,https://real.enamine.net/public-enum-files/Z8266494870
O=C1CCN(C(=O)N1)C=2C=C(C=CC2F)NS(=O)(=O)CCC3CCC=4C=CC=CC43,Z8266786850,431.482,431.482,1.941,-5.16,2,4,95.58,5,https://real.enamine.net/public-enum-files/Z8266786850
O=C(NS(=O)(=O)C=1C=CC=2NN=NC2C1)C=3C=CC(Br)=C(C3)N4CCC(=O)NC4=O,Z8267019678,493.293,493.293,1.121,-4.748,3,7,154.22,3,https://real.enamine.net/public-enum-files/Z8267019678
COC=1C=C(C=CC1N2CCC(=O)NC2=O)C(=O)NS(=O)(=O)C3=CC=CC(=C3)N4C=NN=N4,Z8267065017,471.449,471.449,0.272,-3.801,2,9,165.48,5,https://real.enamine.net/public-enum-files/Z8267065017
O=C(O)C(F)(F)F.O=C(C=1C=CC(=CC1)N2CCC(=O)NC2=O)N3CCC4=C(C3)N=CN4C5CCCNC5,Z9312342808,536.505,422.481,-1.593,-3.769,2,5,99.57,4,https://real.enamine.net/public-enum-files/Z9312342808
CC1=NN(C(C)=C1CN(C)C(=O)C=2C=CC(=CC2)N3CCC(=O)NC3=O)C4CCS(=O)(=O)C4,Z8267156132,473.547,473.547,-2.565,-2.677,1,6,121.68,5,https://real.enamine.net/public-enum-files/Z8267156132
CC=1NC=2C=CC(=CC2C1CCNC(=O)C=3C=CC(=CC3)N4CCC(=O)NC4=O)OC(F)(F)F,Z8267158206,474.433,474.433,2.198,-6.192,3,4,103.53,7,https://real.enamine.net/public-enum-files/Z8267158206
CC1CC=2C=C(C=C(Cl)C2O1)S(=O)(=O)NC(=O)C=3C=CC(=CC3)N4CCC(=O)NC4=O,Z8267161514,463.893,463.893,2.082,-5.142,2,6,121.88,3,https://real.enamine.net/public-enum-files/Z8267161514
CC1CN(CCN1C(=O)CC=2C=CC=C(Cl)C2)C(=O)C=3C=CC(=CC3)N4CCC(=O)NC4=O,Z8267162721,468.933,468.933,1.314,-5.23,1,4,90.03,4,https://real.enamine.net/public-enum-files/Z8267162721
CN1C=C(C=N1)N2CCN(C(=O)C=3C=CC(=CC3)N4CCC(=O)NC4=O)S2(=O)=O,Z8267163729,418.429,418.429,-0.738,-2.86,1,6,124.92,3,https://real.enamine.net/public-enum-files/Z8267163729
CN1C=CN=C1C(NC(=O)C=2C=CC(=CC2)N3CCC(=O)NC3=O)C4CCOCC4,Z8267164419,411.455,411.455,-1.624,-2.655,2,5,105.56,5,https://real.enamine.net/public-enum-files/Z8267164419
O=C(N[C@@H](C=1C=CC(=CC1F)OCCF)C(F)(F)F)C=2C=CC(=CC2)N3CCC(=O)NC3=O,Z8267169208,471.378,471.378,1.727,-6.09,2,4,87.74,8,https://real.enamine.net/public-enum-files/Z8267169208
O=C(C=1C=CC(=CC1)N2CCC(=O)NC2=O)N3CCN(CC3)S(=O)(=O)C=4C=CC=5NC(=O)NC5C4,Z8267170536,498.514,498.514,-0.272,-5.043,3,6,148.23,3,https://real.enamine.net/public-enum-files/Z8267170536
O=C(O)C(F)(F)F.CN(C)CCNC(=O)C1CC=2C=CC=CC2CN1C(=O)C=3C=CC(=CC3)N4CCC(=O)NC4=O,Z9310316650,577.553,463.53,0.416,-4.816,2,5,102.06,7,https://real.enamine.net/public-enum-files/Z9310316650
O=C(NCCC=1C=CC=2OCOC2C1OCC=3C=CC=CC3)C=4C=CC(=CC4)N5CCC(=O)NC5=O,Z8267180806,487.505,487.505,2.354,-5.942,2,6,106.2,8,https://real.enamine.net/public-enum-files/Z8267180806
CS(=O)(=O)NC=1C=CC=C(C#CCNC(=O)C=2C=CC(=CC2)N3CCC(=O)NC3=O)C1,Z8267202801,440.474,440.474,-0.941,-4.527,3,5,124.68,6,https://real.enamine.net/public-enum-files/Z8267202801
O=C(C=1C=CC(=CC1)N2CCC(=O)NC2=O)N3CC(C3)OCC4=CC=CC=5C=CC=CC45,Z8267204818,429.469,429.469,1.945,-6.286,1,4,78.95,5,https://real.enamine.net/public-enum-files/Z8267204818
CCN1CC(CN(C)C(=O)C=2C=CC(=CC2)N3CCC(=O)NC3=O)OC=4C=CC=CC41,Z8267207947,422.478,422.478,1.258,-4.819,1,5,82.19,5,https://real.enamine.net/public-enum-files/Z8267207947
O=C(O)C(F)(F)F.CC=1C=C(N(C)N1)N2CCCC(C2=O)N3CCN(CC3)C(=O)C=4C=CC(=CC4)N5CCC(=O)NC5=O,Z9401380139,607.583,493.559,-0.212,-4.123,1,6,111.09,5,https://real.enamine.net/public-enum-files/Z9401380139
O=C(O)C(F)(F)F.CN1CCC=2NC(=O)C(=CC2C1)CNC(=O)C=3C=CC(=CC3)N4CCC(=O)NC4=O,Z9593843295,523.463,409.439,-2.315,-3.777,3,5,110.85,5,https://real.enamine.net/public-enum-files/Z9593843295
O=C(C=1C=CC(=CC1)N2CCC(=O)NC2=O)N3CC4(C3)NC(=O)C=5C=CC=CC5N4,Z8267235074,405.408,405.408,-1.167,-4.552,3,5,110.85,2,https://real.enamine.net/public-enum-files/Z8267235074
O=C(C=1C=CC(=CC1)N2CCC(=O)NC2=O)N3CCN4C5=NC=C(Br)C=C5NC(=O)C4C3,Z8267237451,499.318,499.318,0.108,-4.986,2,6,114.95,2,https://real.enamine.net/public-enum-files/Z8267237451
O=C(NC=1C=CC2=NN=C(CCCO)N2C1)C=3C=CC(=CC3)N4CCC(=O)NC4=O,Z8267250460,408.412,408.412,-1.349,-3.173,3,6,128.93,6,https://real.enamine.net/public-enum-files/Z8267250460
CC(CC=1C=CC=2NN=CC2C1)N(C)C(=O)C=3C=CC(Br)=C(C3)N4CCC(=O)NC4=O,Z8271903480,484.346,484.346,1.106,-5.393,2,4,98.4,5,
"CC1=CC(=CC(=C1)C(=O)N2C3=CC=CC=C3[C@]4(C)CCCC[C@H]24)N5CCC(=O)NC5=O |&1:16,22,r|",Z9302746844,417.501,417.501,2.752,-6.219,1,3,69.72,2,https://real.enamine.net/public-enum-files/Z9302746844
CCC=1N=CC2=C(CC3CCC2N3C(=O)C=4C=C(C=CC4F)N5CCC(=O)NC5=O)N1,Z9302746853,423.441,423.441,-0.142,-4.05,1,5,95.5,3,https://real.enamine.net/public-enum-files/Z9302746853
CC=1C=C(C=CC1N2CCC(=O)NC2=O)C(=O)NC3CCOCC3OCC=4C=CC=CC4,Z9302746967,437.489,437.489,0.699,-4.982,2,5,96.97,6,https://real.enamine.net/public-enum-files/Z9302746967
O=C(O)C(F)(F)F.CC=1C=CC(=CC1N2CCC(=O)NC2=O)C(=O)NC[C@@]34CN[C@H](CN4CC=5C=CC=CC5)C3,Z9322685281,561.554,447.531,1.204,-5.019,3,5,93.78,7,https://real.enamine.net/public-enum-files/Z9322685281
"O=C(O)C(F)(F)F.CCCN1C(=O)CC[C@H](C(=O)NC2=CC=C(C(C)=C2)N3CCC(=O)NC3=O)[C@H]1C4=CN=CN4C |&1:15,34,r|",Z9398074089,580.557,466.534,-0.364,-4.177,2,5,116.64,7,https://real.enamine.net/public-enum-files/Z9398074089
"O=C(O)C(F)(F)F.COCC(=O)N[C@@H]1CN(C[C@H]1C2=NC=CN2C)C(=O)C=3C=C(Cl)C=C(C3)N4CCC(=O)NC4=O |&1:13,17,r|",Z9398074087,602.948,488.925,-2.077,-3.698,2,6,125.87,7,https://real.enamine.net/public-enum-files/Z9398074087
CC=1C=C(C=CC1N2CCC(=O)NC2=O)C(=O)N(C)[C@H]3CC[C@H](CC3)N4C=C(CN5C=CC=N5)N=N4,Z9302747519,490.559,490.559,-0.972,-2.678,1,6,118.25,6,https://real.enamine.net/public-enum-files/Z9302747519
O=C(O)C(F)(F)F.CC=1C=C(C=CC1N2CCC(=O)NC2=O)NC(=O)C3CC=4C=5C=CC=CC5NC4C(N3)C=6C=CC=CC6,Z9398065903,607.581,493.558,2.051,-7.116,4,4,106.33,5,https://real.enamine.net/public-enum-files/Z9398065903
"COC=1C=CC=C(C2=CN(N=N2)[C@H]3COC[C@H]3NC(=O)C=4C=CC(=CC4)N5CCC(=O)NC5=O)C1F |&1:12,16,r|",Z9302747620,494.476,494.476,0.315,-4.984,2,7,127.68,6,
CC=1C=C(C=CC1N2CCC(=O)NC2=O)NC3CCC4(CC3)C(=O)NC5=NC=C(Br)C=C54,Z9302747694,498.373,498.373,1.495,-4.757,3,5,103.43,3,https://real.enamine.net/public-enum-files/Z9302747694
CC=1C=C(C=C(C1)N2CCC(=O)NC2=O)NC3CCCC=4C(O)=CC=CC4C3,Z9302747792,379.453,379.453,2.244,-4.604,3,4,81.67,3,https://real.enamine.net/public-enum-files/Z9302747792
CC=1C=CC(=CC1NCC2=CN(CC3CCCO3)N=N2)N4CCC(=O)NC4=O,Z9302747806,384.433,384.433,-1.01,-2.477,2,6,101.38,6,https://real.enamine.net/public-enum-files/Z9302747806
O=C(O)C(F)(F)F.O=C(C=1C=CC(=CC1)N2CCC(=O)NC2=O)N3CCCC3C4=NN=C5CNCCN45,Z9311796274,523.466,409.443,-2.9,-2.926,2,6,112.46,4,https://real.enamine.net/public-enum-files/Z9311796274
CC=1C=C(C=CC1N2CCC(=O)NC2=O)C(=O)NC3(CC3)C4CCC=5C=C(F)C=CC5O4,Z9302748275,437.464,437.464,2.026,-5.785,2,4,87.74,4,https://real.enamine.net/public-enum-files/Z9302748275
CC1=CC(=CC(=C1)C(=O)N2CCCC(O)(C2)C3=CN(N=N3)C(C)C)N4CCC(=O)NC4=O,Z9302748363,440.497,440.497,-1.136,-3.205,2,6,120.66,4,https://real.enamine.net/public-enum-files/Z9302748363
O=C(NC(C1=NN=NN1)C=2C=C(F)C=CC2F)C=3C=C(C=CC3F)N4CCC(=O)NC4=O,Z9302748435,445.356,445.356,-0.536,-4.594,3,6,132.97,5,https://real.enamine.net/public-enum-files/Z9302748435
CCOC=1C=CC=NC1OC2CCCN(C2)C(=O)C3=CC=CC(=C3C)N4CCC(=O)NC4=O,Z9302748539,452.504,452.504,1.478,-4.729,1,6,101.07,6,https://real.enamine.net/public-enum-files/Z9302748539
CC=1C(=CC=CC1N2CCC(=O)NC2=O)C(=O)NC(C3=CC=4C=CC=CC4O3)C=5C=CC=NC5,Z9302748587,454.478,454.478,1.07,-5.759,2,4,104.54,5,https://real.enamine.net/public-enum-files/Z9302748587
O=C(NCC=1C=CN=CC1OCC2CCOC2)C3=CC(Cl)=CC(=C3)N4CCC(=O)NC4=O,Z9302748658,458.895,458.895,0.16,-4.055,2,6,109.86,7,https://real.enamine.net/public-enum-files/Z9302748658
CC1=CC(=CC(=C1)C(=O)N(C)C(CC=2C=CC(F)=CC2)C=3C=CN(C)N3)N4CCC(=O)NC4=O,Z9302748709,463.505,463.505,1.1,-4.68,1,4,87.54,6,https://real.enamine.net/public-enum-files/Z9302748709
CC1=CC(=CC(=C1)C(=O)N(C)CC2=NN=C3C(CCCN23)C(F)(F)F)N4CCC(=O)NC4=O,Z9302748740,464.442,464.442,-1.042,-3.992,1,5,100.43,5,https://real.enamine.net/public-enum-files/Z9302748740
CC=1C=C(C=CC1N2CCC(=O)NC2=O)NC(=O)C(C)(O)CN3C(=O)C(C)(C)C=4C=CC=CC43,Z9302748749,464.515,464.515,0.953,-5.096,3,5,119.05,5,https://real.enamine.net/public-enum-files/Z9302748749
CN(C(=O)C1=CC(=CC=C1F)N2CCC(=O)NC2=O)C3=NC=4CCC(CC4S3)C(F)(F)F,Z9302748821,470.443,470.443,-0.025,-5.998,1,4,82.61,4,https://real.enamine.net/public-enum-files/Z9302748821
CC1=CC(=CC(=C1)C(=O)N2CCOC(C2)C=3C=CC=C(C3)OC(F)(F)F)N4CCC(=O)NC4=O,Z9302748986,477.434,477.434,1.528,-6.192,1,5,88.18,5,https://real.enamine.net/public-enum-files/Z9302748986
O=C(O)C(F)(F)F.CC1(CNCCN1C(=O)C=2C=CC(=CC2)N3CCC(=O)NC3=O)C=4C=CC(F)=C(Br)C4,Z9402912151,603.361,489.338,1.946,-5.944,2,4,81.75,4,https://real.enamine.net/public-enum-files/Z9402912151
O=C(O)C(F)(F)F.O=C1CCN(C(=O)N1)C=2C=CC(=CC2)C3CCN(CC3)C4COCCN5C(Br)=NN=C45,Z9310700238,603.39,489.366,-0.564,-4.064,1,6,92.59,4,https://real.enamine.net/public-enum-files/Z9310700238
CC=1C=C(C=CC1N2CCC(=O)NC2=O)C(=O)N3CC(CCC3(C)C)N4C=C(N=N4)C5=CN=CN5C,Z9302749432,490.559,490.559,0.206,-3.489,1,6,118.25,4,https://real.enamine.net/public-enum-files/Z9302749432
CC=1C=CC(=CC1C(=O)N2CC(CCC2(C)C)N3C=C(CN4C=NC=N4)N=N3)N5CCC(=O)NC5=O,Z9302749473,491.547,491.547,-1.031,-3.755,1,7,131.14,5,https://real.enamine.net/public-enum-files/Z9302749473
O=C(O)C(F)(F)F.CC1=CC(=CC(=C1)C(=O)NC=2C=C(C=CC2F)NC(=O)CN3CCCCC3C)N4CCC(=O)NC4=O,Z9387746852,609.571,495.547,1.465,-5.69,3,5,110.85,7,https://real.enamine.net/public-enum-files/Z9387746852
COCC1(CCCO1)C2=CN(CCCN(C(=O)C=3C=CC(=CC3)N4CCC(=O)NC4=O)C5CC5)N=N2,Z9302749667,496.56,496.56,-1.081,-3.086,1,7,118.89,10,https://real.enamine.net/public-enum-files/Z9302749667
O=C(NC(C1=NNC(=N1)C2=CC=CS2)C(F)(F)F)C=3C=C(Cl)C=C(C3)N4CCC(=O)NC4=O,Z9302749796,498.868,498.868,1.764,-6.409,3,5,120.08,6,https://real.enamine.net/public-enum-files/Z9302749796
O=C(O)C(F)(F)F.CC=1C=C(C=CC1N2CCC(=O)NC2=O)C(=O)NCC(C=3C=CC(Cl)=CC3)N4CCOC(C)(C)C4,Z9401380727,613.026,499.002,2.629,-5.684,2,5,90.98,7,https://real.enamine.net/public-enum-files/Z9401380727
C[C@H](C=1C=CN=CC1)N2C=C(N=N2)C=3C=NN(C)C3CNC(=O)C=4C=CC(=CC4)N5CCC(=O)NC5=O,Z9302749844,499.526,499.526,-1.599,-2.666,2,7,139.93,7,https://real.enamine.net/public-enum-files/Z9302749844
CC=1C=CC(=CC1N2CCC(=O)NC2=O)C3=CN(C)C=4C=CC(F)=CC34,Z9302750009,351.375,351.375,2.841,-4.975,1,2,54.34,2,https://real.enamine.net/public-enum-files/Z9302750009
O=C1CCN(C(=O)N1)C=2C=CC(=CC2F)NCCCC3=NC4=CC=CC=C4O3,Z9302750192,382.389,382.389,1.276,-3.773,2,4,87.47,6,https://real.enamine.net/public-enum-files/Z9302750192
NS(=O)(=O)C=1C=CC=2NC(=NC2C1)NC=3C=CC(F)=C(C3)N4CCC(=O)NC4=O,Z9302750404,418.404,418.404,0.756,-4.779,4,6,150.28,4,https://real.enamine.net/public-enum-files/Z9302750404
COC=1C=CC=2CN(C(=O)C=3C=CC=C(C3C)N4CCC(=O)NC4=O)C5(CC5)CC2C1,Z9302750473,419.474,419.474,1.483,-5.057,1,4,78.95,3,https://real.enamine.net/public-enum-files/Z9302750473
O=C(O)C(F)(F)F.COCCCN(C)CCOC=1C=CC(=CC1)C=2C=CC(=C(C)C2)N3CCC(=O)NC3=O,Z9310743768,539.545,425.522,2.843,-5.377,1,5,71.11,11,https://real.enamine.net/public-enum-files/Z9310743768
CCOC=1C=C(C#N)C=CC1OCC(=O)NC=2C=CC(=C(F)C2)N3CCC(=O)NC3=O,Z9302750621,426.399,426.399,0.762,-4.83,2,6,120.76,7,https://real.enamine.net/public-enum-files/Z9302750621
CC=1C=CC(=CC1NC(=O)C2(CCCC2)C3=CC=C(F)C(C#N)=C3)N4CCC(=O)NC4=O,Z9302750804,434.464,434.464,1.257,-5.854,2,4,102.3,4,https://real.enamine.net/public-enum-files/Z9302750804
O=C(O)C(F)(F)F.CC=1C(=CC=CC1N2CCC(=O)NC2=O)C(=O)NCC3(CCNCC3)C=4C=CN=CC4F,Z9314605174,553.507,439.484,-0.79,-3.26,3,5,103.43,6,https://real.enamine.net/public-enum-files/Z9314605174
O=C(C=1C=C(C=CC1F)N2CCC(=O)NC2=O)N3CCN4C(=CC=5C(Cl)=CC=CC54)C3,Z9302750941,440.855,440.855,2.025,-5.57,1,3,74.65,2,https://real.enamine.net/public-enum-files/Z9302750941
CC1=CC(=CC(=C1)C(=O)N2CC(C2)C(=O)NC=3C=CC=4NN=CC4C3)N5CCC(=O)NC5=O,Z9302751007,446.46,446.46,0.751,-5.379,3,5,127.5,4,https://real.enamine.net/public-enum-files/Z9302751007
CC=1C(=CC=CC1N2CCC(=O)NC2=O)NC(=O)C3CCN(CC3)C=4C=CC5=NN=NN5N4,Z9302751141,449.467,449.467,-2.713,-3.872,2,8,137.72,4,https://real.enamine.net/public-enum-files/Z9302751141
O=C1CCN(C(=O)N1)C=2C=CC(=CC2)C3CCN(CC3)C4=NN=C(CC=5C=CC(F)=CC5)O4,Z9302751150,449.479,449.479,1.544,-4.978,1,5,91.57,5,https://real.enamine.net/public-enum-files/Z9302751150
O=C1CCN(C(=O)N1)C=2C=C(C=CC2F)NC3=NC(=NS3)C4=CC=CC=C4C(F)(F)F,Z9302751182,451.399,451.399,3.192,-7.146,2,5,87.22,5,https://real.enamine.net/public-enum-files/Z9302751182
CNC(=O)CN(CC1=CC=2C=CC=CC2O1)C(=O)C3=CC(=CC=C3F)N4CCC(=O)NC4=O,Z9302751226,452.436,452.436,0.515,-5.251,2,4,111.96,6,https://real.enamine.net/public-enum-files/Z9302751226
O=C(O)C(F)(F)F.CCCN1C=C(C=N1)CN2CCCN(CC2)C(=O)C=3C=C(C)C=C(C3)N4CCC(=O)NC4=O,Z9387735875,566.574,452.55,0.237,-3.909,1,5,90.78,7,https://real.enamine.net/public-enum-files/Z9387735875
CCN1C=2C=CC=CC2C=3C=C(C=CC31)N(C)C(=O)C=4C=CC=C(C4C)N5CCC(=O)NC5=O,Z9302751323,454.522,454.522,2.915,-6.319,1,3,74.65,4,
COC=1C=CC(=CC1)C2=CC3=NC=NC(NC=4C=CC=C(C4C)N5CCC(=O)NC5=O)=C3S2,Z9302751440,459.522,459.522,4.114,-6.843,2,6,96.45,5,https://real.enamine.net/public-enum-files/Z9302751440
O=C(NC=1C=CC=C(C1)C2=CN3C=CC=NC3=N2)C=4C=C(Cl)C=C(C4)N5CCC(=O)NC5=O,Z9302751456,460.873,460.873,1.547,-6.232,2,5,108.7,4,https://real.enamine.net/public-enum-files/Z9302751456
CC=1C=C(C=C(C1)N2CCC(=O)NC2=O)NCC3=CN(C)N=C3C=4C=CC=5OCCCOC5C4,Z9302751493,461.514,461.514,1.278,-4.966,2,6,97.72,5,https://real.enamine.net/public-enum-files/Z9302751493
O=C(CN1CC2=C(C=NN2C=3C=CC=CC3)C1=O)NC=4C=CC(=C(F)C4)N5CCC(=O)NC5=O,Z9302751499,462.434,462.434,0.463,-4.722,2,5,116.64,5,https://real.enamine.net/public-enum-files/Z9302751499
CC1=CC(=CC(=C1)C(=O)N2CCN(CC2)C=3C(C#N)=CN=C4C=CC=CC34)N5CCC(=O)NC5=O,Z9302751651,468.508,468.508,1,-5.67,1,6,109.64,3,https://real.enamine.net/public-enum-files/Z9302751651
O=C(NC=1C=CC(=C(F)C1)N2CCC(=O)NC2=O)C3=CC(=O)C(=CO3)OCC=4C=CC(F)=CC4,Z9302751657,469.395,469.395,0.536,-5.437,2,6,114.04,6,https://real.enamine.net/public-enum-files/Z9302751657
N#CCC=1C=CC(=CC1)OCC=2C=CC=CC2NC(=O)C3=CC(=CC=C3F)N4CCC(=O)NC4=O,Z9302751760,472.469,472.469,0.715,-6.102,2,5,111.53,7,https://real.enamine.net/public-enum-files/Z9302751760
CC1=NN(C=2C=CC(C)=CC2)C=3N=CC(=CC13)C(=O)NC4=CC=C(C(F)=C4)N5CCC(=O)NC5=O,Z9302751770,472.472,472.472,2.316,-6.259,2,5,109.22,4,https://real.enamine.net/public-enum-files/Z9302751770
O=C(O)C(F)(F)F.O=C(CN1C=NC2=C1CCNC32CCOCC3)NC=4C=C(Cl)C=C(C4)N5CCC(=O)NC5=O,Z9311796275,586.949,472.925,-1.786,-4.203,3,6,117.59,5,https://real.enamine.net/public-enum-files/Z9311796275
O=C(NC1=NC=2CCC3(CCCCC3)CC2S1)C=4C=C(Cl)C=C(C4)N5CCC(=O)NC5=O,Z9302751789,472.989,472.989,3.862,-7.33,2,4,91.4,3,https://real.enamine.net/public-enum-files/Z9302751789
O=C(O)C(F)(F)F.CC=1C=C(C=CC1N2CCC(=O)NC2=O)NCC3=NC=4C=CC=CC4N3CC=5C=CC(Cl)=CC5,Z9333206163,587.978,473.955,2.929,-6.345,2,4,79.26,7,
O=C(O)C(F)(F)F.O=C(NC=1C=C(Br)C=2OCCNCC2C1)C3=CC(=CC=C3F)N4CCC(=O)NC4=O,Z9314606886,591.308,477.284,0.459,-5.533,3,5,99.77,4,https://real.enamine.net/public-enum-files/Z9314606886
CN(C(=O)C=1C=CC(Br)=C(C1)N2CCC(=O)NC2=O)C=3C=C(C#N)C=4C=CC=CC4N3,Z9302751965,478.299,478.299,0.501,-6.377,1,5,106.4,3,https://real.enamine.net/public-enum-files/Z9302751965
O=C(O)C(F)(F)F.COC=1C=CC(=CC1N2CCC(=O)NC2=O)C(=O)NCC3=NC=4C=CC=C(OCCN(C)C)C4N3,Z9401381156,594.541,480.517,0.527,-4.306,3,7,128.89,10,https://real.enamine.net/public-enum-files/Z9401381156
O=C(O)C(F)(F)F.CN(CCN(C)C(=O)C=1C=C(C=CC1F)N2CCC(=O)NC2=O)CC3=CN(CC4=CN=CO4)N=N3,Z9311796617,598.508,484.485,-2.198,-2.727,1,7,129.7,10,https://real.enamine.net/public-enum-files/Z9311796617
CC1=CC(=CC(=C1)NC=2N=C(N=C3SC=4CCCCC4C23)C=5C=NC=CN5)N6CCC(=O)NC6=O,Z9302752333,485.563,485.563,3.381,-6.416,2,7,113,4,https://real.enamine.net/public-enum-files/Z9302752333
O=C(O)C(F)(F)F.O=C(C=1C=C(Cl)C=C(C1)N2CCC(=O)NC2=O)N3CCN(CC4=NN=C5CCCCCN45)CC3,Z9588193730,599.991,485.967,-0.306,-3.65,1,6,103.67,5,https://real.enamine.net/public-enum-files/Z9588193730
CN(CCCN1C=C(CN2CCC=3C=CC=CC32)N=N1)C(=O)C=4C=CC(=CC4)N5CCC(=O)NC5=O,Z9302752444,487.555,487.555,0.512,-3.907,1,6,103.67,8,https://real.enamine.net/public-enum-files/Z9302752444
CC=1C=CC(=CC1NC(=O)CN2C=NC3=C(C(Br)=NN3C)C2=O)N4CCC(=O)NC4=O,Z9302752452,488.295,488.295,-1.373,-4.761,2,6,129,4,https://real.enamine.net/public-enum-files/Z9302752452
CC=1C=C(C=CC1N2CCC(=O)NC2=O)NC(=O)CNS(=O)(=O)C=3C=CC=4OCCCOC4C3,Z9302752507,488.516,488.516,0.478,-4.787,3,7,143.14,5,https://real.enamine.net/public-enum-files/Z9302752507
CC(C)(CNC(=O)C=1C=CC(=CC1)N2CCC(=O)NC2=O)CN3C=C(N=N3)C=4C=CC=C5OCOC45,Z9302752672,490.512,490.512,1.314,-4.858,2,7,127.68,7,https://real.enamine.net/public-enum-files/Z9302752672
O=C(NC=1C=CC=2C=CN(CC=3C=CC=CC3Cl)C2C1)C4=CC(=CC=C4F)N5CCC(=O)NC5=O,Z9302752679,490.914,490.914,3.019,-6.634,2,3,83.44,5,https://real.enamine.net/public-enum-files/Z9302752679
COC=1C=CC(=CC1)CCC(=O)N2CCCN(CC2)C(=O)C=3C=CC(=C(C)C3)N4CCC(=O)NC4=O,Z9302752737,492.568,492.568,0.135,-4.934,1,5,99.26,6,https://real.enamine.net/public-enum-files/Z9302752737
CN(C)C=1N=C(N)N=C(COC=2C=CC=C(C2)NC(=O)C3=CC(=CC=C3F)N4CCC(=O)NC4=O)N1,Z9302752868,494.48,494.48,-0.329,-5.433,3,9,155.67,7,https://real.enamine.net/public-enum-files/Z9302752868
COC=1C=CC(=CC1COC=2C=CC=C3C=CC=NC23)CNC4=CC(C)=CC(=C4)N5CCC(=O)NC5=O,Z9302753020,496.558,496.558,3.128,-6.149,2,6,92.79,8,https://real.enamine.net/public-enum-files/Z9302753020
CC(=O)N(C1=NC(=CS1)CNC=2C=C(Cl)C=C(C2)N3CCC(=O)NC3=O)C=4C=CC(C)=C(C)C4,Z9302753098,497.999,497.999,0.971,-6.245,2,5,94.64,6,https://real.enamine.net/public-enum-files/Z9302753098
CC=1C=CC(=CC1C(=O)NCC2(CN3C=C(N=N3)C=4C=CC=5C=NNC5C4)CC2)N6CCC(=O)NC6=O,Z9302753141,498.538,498.538,0.6,-5.13,3,6,137.9,7,https://real.enamine.net/public-enum-files/Z9302753141
CCN(CC1=CC=C(O1)C=2C=CC(=CC2)C(F)(F)F)C(=O)C=3C=CC(C)=C(C3)N4CCC(=O)NC4=O,Z9302753171,499.483,499.483,3.651,-6.944,1,3,82.86,7,https://real.enamine.net/public-enum-files/Z9302753171
CC=1C(=CC=CC1N2CCC(=O)NC2=O)NC(=O)C=3C=C(N=C4ON=C(C34)C5CC5)C=6C=CC(F)=CC6,Z9302753172,499.494,499.494,2.475,-6.839,2,5,117.43,5,https://real.enamine.net/public-enum-files/Z9302753172
CCC1=NC(C)=C(CN2C=C(N=N2)C=3C=CC(=CC3)NC(=O)C=4C=CC(=CC4)N5CCC(=O)NC5=O)O1,Z9302753198,499.522,499.522,0.292,-4.264,2,6,135.25,7,https://real.enamine.net/public-enum-files/Z9302753198
CC=1C=CC(=CC1N2CCC(=O)NC2=O)C(=O)N(C)CC3=CN(N=C3C4=CC=CS4)C=5C=CC=CC5,Z9302753223,499.586,499.586,2.702,-5.925,1,4,87.54,6,https://real.enamine.net/public-enum-files/Z9302753223
COC=1C=C(C=2C=CC(=CC2)N3CCC(=O)NC3=O)C=4OCCC4C1,Z6476278891,338.358,338.358,1.844,-4.774,1,4,67.87,3,https://real.enamine.net/public-enum-files/Z6476278891
O=C(C=1C=CC=C(C1)N2CCC(=O)NC2=O)N3CC(CCN4CCCC4=O)C=5C=CC=CC53,Z7806410341,446.499,446.499,-0.27,-4.938,1,4,90.03,5,https://real.enamine.net/public-enum-files/Z7806410341
O=C(O)C(F)(F)F.O=C(NCC1CN(CC=2C=CC=CC2)CC31CCOCC3)C=4C=CC=C(C4)N5CCC(=O)NC5=O,Z9401380315,590.592,476.569,0.03,-4.364,2,5,90.98,7,https://real.enamine.net/public-enum-files/Z9401380315
O=C(NC=1N=CN(CC=2C=NC=C(F)C2)N1)C=3C=CC=C(C3)N4CCC(=O)NC4=O,Z7806446438,409.375,409.375,-1.026,-3.971,2,6,122.11,5,https://real.enamine.net/public-enum-files/Z7806446438
CCCN1C(=NC(=O)C=2C=CC=C(C2)N3CCC(=O)NC3=O)N(CC)C=4C=CC=CC41,Z7806604413,419.477,419.477,2.813,-5.307,1,6,85.32,5,https://real.enamine.net/public-enum-files/Z7806604413
O=C(O)C(F)(F)F.O=C(NC1CCN(CC1)C2CCN(C2)C=3C=CC(Cl)=CN3)C=4C=CC=C(C4)N5CCC(=O)NC5=O,Z9398072538,611.013,496.99,0.024,-5.322,2,6,97.88,6,https://real.enamine.net/public-enum-files/Z9398072538
COC=1C=C(C=CC1N2CCC(=O)NC2=O)C(=O)N3CCN4C(CC=5C=CC=CC5Cl)=NN=C4C3,Z8265619823,494.931,494.931,0.143,-4.171,1,6,109.66,5,https://real.enamine.net/public-enum-files/Z8265619823
COC=1C=CC(=CC1N2CCC(=O)NC2=O)C(=O)NC=3C=CC=4N=C(OC4C3)C=5C=CC=CN5,Z8265625818,457.439,457.439,1.256,-4.886,2,6,126.66,5,https://real.enamine.net/public-enum-files/Z8265625818
CCN1N=CC=C1C2NC(=O)CCC2NC(=O)C=3C=CC(OC)=C(C3)N4CCC(=O)NC4=O,Z8265628966,454.48,454.48,-1.796,-2.956,3,6,134.66,6,https://real.enamine.net/public-enum-files/Z8265628966
O=C(NC1(CCCOC1)C=2C=CC(=CC2)OC(F)F)C=3C=CC(F)=C(C3)N4CCC(=O)NC4=O,Z8265676079,477.434,477.434,1.558,-5.321,2,5,96.97,6,https://real.enamine.net/public-enum-files/Z8265676079
"COC=1C=CC(=CC1N2CCC(=O)NC2=O)C(=O)N3CC4(CCOCC4)[C@H]5CCC[C@H]53 |&1:26,30,r|",Z8265741036,427.494,427.494,-0.403,-3.712,1,5,88.18,3,https://real.enamine.net/public-enum-files/Z8265741036
O=C(NC(C=1C=CC=CC1)C=2C=CC=3NC=NC3C2)C=4C=CC(F)=C(C4)N5CCC(=O)NC5=O,Z8265748216,457.458,457.458,1.616,-6.334,3,4,107.19,5,https://real.enamine.net/public-enum-files/Z8265748216
O=C(O)C(F)(F)F.COC=1C=C(C=CC1N2CCC(=O)NC2=O)C(=O)NC=3C=CC=C4C3CN(C)CC4C=5C=CC=CC5,Z9349173458,598.571,484.548,2.199,-5.425,2,5,90.98,6,https://real.enamine.net/public-enum-files/Z9349173458
O=C(C=1C=CC(F)=C(C1)N2CCC(=O)NC2=O)N3CCC=4N=CN=C(C4C3)N5CCOCC5,Z8265798206,454.455,454.455,-1.287,-4.47,1,7,107.97,3,https://real.enamine.net/public-enum-files/Z8265798206
CN(CCCC=1C=C(C=2C=CC=C(F)C2)N(C)N1)C(=O)C3=CC=C(F)C(=C3)N4CCC(=O)NC4=O,Z8265845842,481.496,481.496,1.117,-5.056,1,4,87.54,7,https://real.enamine.net/public-enum-files/Z8265845842
O=C(O)C(F)(F)F.O=C(NCC1CN(CC=2C=CC=CC2)CC3=NC=CN3C1)C=4C=CC(F)=C(C4)N5CCC(=O)NC5=O,Z9387735843,604.554,490.531,-0.043,-4.25,2,5,99.57,7,https://real.enamine.net/public-enum-files/Z9387735843
O=C(NC1COC=2C(=CC=CC2C1)OCC=3C=CC=CC3)C=4C=CC(F)=C(C4)N5CCC(=O)NC5=O,Z8266014446,489.496,489.496,2.722,-6.356,2,5,96.97,6,https://real.enamine.net/public-enum-files/Z8266014446
O=C(NCCC=1C=CC(OC=2C=CC=CC2)=C(F)C1)C=3C=CC=C(C3)N4CCC(=O)NC4=O,Z8266043441,447.459,447.459,2.67,-6.068,2,3,87.74,7,https://real.enamine.net/public-enum-files/Z8266043441
COC=1C=CC=C(C1)CC(C(=O)NC=2C=CC(F)=C(C2)N3CCC(=O)NC3=O)N4N=NN=C4C,Z8266074442,467.454,467.454,0.362,-3.515,2,7,131.34,7,https://real.enamine.net/public-enum-files/Z8266074442
CCC(=O)NCC=1C=C(C=CC1OC)S(=O)(=O)NC=2C=CC(F)=C(C2)N3CCC(=O)NC3=O,Z8266085091,478.496,478.496,0.085,-4.174,3,6,133.91,7,
CC(C)(NC(=O)C=1C=CC(Br)=C(C1)N2CCC(=O)NC2=O)C3=NC=4C=CC=CC4S3,Z8266353485,487.371,487.371,2.211,-5.632,2,4,91.4,4,https://real.enamine.net/public-enum-files/Z8266353485
CCCOC=1C=CC=2NC=C(CCNC(=O)NC3=CC=C(F)C(=C3)N4CCC(=O)NC4=O)C2C1,Z8266654563,467.494,467.494,2.383,-5.498,4,4,115.56,8,https://real.enamine.net/public-enum-files/Z8266654563
O=C(NC=1C=CC(F)=C(C1)N2CCC(=O)NC2=O)N3CCC=4C=C(C=CC43)N5CCCC5=O,Z8266785949,451.451,451.451,1.237,-5.079,2,4,102.06,3,https://real.enamine.net/public-enum-files/Z8266785949
CC(C)(C1=NOC(=N1)C=2C=CC(Br)=C(C2)N3CCC(=O)NC3=O)C=4C=CC=5OCOC5C4,Z8267057986,499.315,499.315,2.96,-5.902,1,6,106.79,4,https://real.enamine.net/public-enum-files/Z8267057986
O=C(C=1C=CC(=CC1)N2CCC(=O)NC2=O)N3CCNC(=O)C3C=4C=CC(=CC4)OC(F)(F)F,Z8267152215,476.406,476.406,1.146,-5.58,2,5,108.05,5,https://real.enamine.net/public-enum-files/Z8267152215
O=C(NS(=O)(=O)C1=CN=C2N=CC=CN12)C=3C=CC(=CC3)N4CCC(=O)NC4=O,Z8267160099,414.397,414.397,-0.427,-3.996,2,7,142.84,3,https://real.enamine.net/public-enum-files/Z8267160099
"O=C(N[C@@H]1CCO[C@H]1C2=CC=NN2C=3C=CC=CC3)C=4C=CC(=CC4)N5CCC(=O)NC5=O |&1:3,7,r|",Z8267163537,445.472,445.472,0.166,-5.097,2,5,105.56,5,
COC=1C=CC(Br)=C2CN(CCOC12)C(=O)C=3C=CC(=CC3)N4CCC(=O)NC4=O,Z8267167443,474.305,474.305,1.496,-5.331,1,5,88.18,3,https://real.enamine.net/public-enum-files/Z8267167443
CC=1C=CC(=CC1)NC(=O)NC=2C=CC=C3CN(CCC23)C(=O)C=4C=CC(=CC4)N5CCC(=O)NC5=O,Z8267168686,497.546,497.546,2.118,-6.456,3,4,110.85,4,https://real.enamine.net/public-enum-files/Z8267168686
O=C(O)C(F)(F)F.CC(C)N(C)CC=1C=C(C=CN1)OC2CCN(C2)C(=O)C=3C=CC(=CC3)N4CCC(=O)NC4=O,Z9310316645,579.569,465.546,0.115,-4.374,1,6,95.08,8,https://real.enamine.net/public-enum-files/Z9310316645
CN1CCCCCC1=NS(=O)(=O)C=2C=CC=C(C2)NC(=O)C=3C=CC(=CC3)N4CCC(=O)NC4=O,Z8267198243,497.569,497.569,1.466,-4.77,2,7,128.25,4,https://real.enamine.net/public-enum-files/Z8267198243
O=C(O)C(F)(F)F.CCOC=1C=CC=CC1CN2CCN(C(=O)C=3C=CC(=CC3)N4CCC(=O)NC4=O)C(C)C2,Z9401379717,564.555,450.531,1.693,-4.969,1,5,82.19,7,https://real.enamine.net/public-enum-files/Z9401379717
CN(CC=1C=CC=CC1NC(=O)C=2C=CC(=CC2)N3CCC(=O)NC3=O)C(=O)C4=CC=5C=CC=CC5O4,Z8267219793,496.515,496.515,0.884,-6.81,2,4,111.96,6,https://real.enamine.net/public-enum-files/Z8267219793
CC(NC(=O)C=1C=CC(=CC1)N2CCC(=O)NC2=O)C3=CN(C)C=4C=C(Cl)C=CC34,Z8267233387,424.881,424.881,2.02,-4.906,2,3,83.44,4,https://real.enamine.net/public-enum-files/Z8267233387
"O=C(C=1C=CC(=CC1)N2CCC(=O)NC2=O)N3C[C@H]4[C@](CS4(=O)=O)(C3)C=5C=CC(F)=CC5 |&1:18,19,r|",Z8267235797,457.477,457.477,-0.77,-4.536,1,5,103.86,3,https://real.enamine.net/public-enum-files/Z8267235797
O=C(O)C(F)(F)F.CC1=NOC(C)=C1CN2C[C@@H](F)C[C@H]2CNC(=O)C=3C=CC(=CC3)N4CCC(=O)NC4=O,Z9398063815,557.496,443.472,-0.28,-3.589,2,5,107.78,7,https://real.enamine.net/public-enum-files/Z9398063815
"O=C(C=1C=CC(=CC1)N2CCC(=O)NC2=O)N3C[C@H](O)C[C@H]3C4=NC(=NO4)C5CC5 |&1:18,21,r|",Z8267250343,411.412,411.412,-2.049,-3.376,2,6,128.87,4,https://real.enamine.net/public-enum-files/Z8267250343
CC1=CC(=CC(=C1)NC(=O)C(C)N2C=C3CCCCC3=N2)N4CCC(=O)NC4=O,Z8743476686,395.456,395.456,0.81,-4.196,2,4,96.33,4,https://real.enamine.net/public-enum-files/Z8743476686
"CCN1C=CN=C1[C@@H]2OCC[C@H]2CNC=3C=CC(=C(F)C3)N4CCC(=O)NC4=O |&1:7,11,r|",Z9302746815,401.436,401.436,-0.072,-2.873,2,5,88.49,6,https://real.enamine.net/public-enum-files/Z9302746815
"CC1=CC(=CC(=C1)C(=O)N(C)[C@@H]2CCO[C@H]2C=3C=CC=NC3)N4CCC(=O)NC4=O |&1:11,15,r|",Z9302746828,408.451,408.451,-0.908,-4.032,1,5,91.84,4,https://real.enamine.net/public-enum-files/Z9302746828
"O=C(C=1C=C(Cl)C=C(C1)N2CCC(=O)NC2=O)N3C[C@H]4COC[C@]4(C3)C=5C=CC=CC5 |&1:19,23,r|",Z9302746985,439.892,439.892,0.777,-5.029,1,4,78.95,3,https://real.enamine.net/public-enum-files/Z9302746985
"O=C(O)C(F)(F)F.CC=1C(=CC=CC1N2CCC(=O)NC2=O)NC[C@@H]3C[C@H]3C=4C(Cl)=CC=CC4Br |&1:24,26,r|",Z9352684636,576.791,462.767,3.768,-6.631,2,3,61.44,6,https://real.enamine.net/public-enum-files/Z9352684636
O=C(C=1C=C(C=CC1F)N2CCC(=O)NC2=O)N3CCCCC3C4=CN(CC5(F)CCOC5)N=N4,Z9302747486,488.488,488.488,-0.539,-4.039,1,6,109.66,5,https://real.enamine.net/public-enum-files/Z9302747486
CN(C(=O)C=1C=CC(=CC1)N2CCC(=O)NC2=O)[C@H]3CC[C@H](CC3)N4C=C(N=N4)C=5C=NC=C(C#N)C5,Z9302747695,498.538,498.538,-1.157,-3.593,1,7,137.11,5,https://real.enamine.net/public-enum-files/Z9302747695
"CC=1C=CC(=CC1N2CCC(=O)NC2=O)C(=O)N[C@H]3CCC[C@H]3N4C=C(N=N4)C=5C=CC=C6NN=CC56 |&1:18,22,r|",Z9302747701,498.538,498.538,1.135,-5.662,3,6,137.9,5,
CC=1C=C(C=CC1N2CCC(=O)NC2=O)NCC3CCCCC4=CC=CC=C43,Z9302747764,377.48,377.48,3.53,-5.766,2,3,61.44,4,https://real.enamine.net/public-enum-files/Z9302747764
O=C(C=1C=CC=C(C1)N2CCC(=O)NC2=O)N3CC=4SC=CC4CC3CO,Z9302747809,385.439,385.439,-0.188,-3.97,2,4,89.95,3,https://real.enamine.net/public-enum-files/Z9302747809
CC=1C(=CC=CC1N2CCC(=O)NC2=O)NC3CCC=4NN=C(C4C3)C(F)(F)F,Z9302747974,407.391,407.391,1.266,-4.368,3,4,90.12,4,https://real.enamine.net/public-enum-files/Z9302747974
CC1=C(C=NN1C=2C=CC(=CC2)C(C)(C)C)C(C)NC(=O)C=3C=CC=C(C3C)N4CCC(=O)NC4=O,Z9302749264,487.595,487.595,3.067,-6.12,2,4,96.33,6,https://real.enamine.net/public-enum-files/Z9302749264
COC(CNC(=O)C=1C=CC(=CC1)N2CCC(=O)NC2=O)CN3C=C(N=N3)C=4C=NC=5C=CNC5C4,Z9302749288,488.5,488.5,-0.291,-3.558,3,7,147.13,8,https://real.enamine.net/public-enum-files/Z9302749288
CC=1C=CC(N)=CC1N2C=C(CC3CN(CCO3)C(=O)C=4C=CC(=CC4)N5CCC(=O)NC5=O)N=N2,Z9302749380,489.528,489.528,-0.472,-4.154,2,7,135.68,5,https://real.enamine.net/public-enum-files/Z9302749380
COC=1C=CC=C(C1)C(NC(=O)C=2C=C(C=CC2C)N3CCC(=O)NC3=O)C=4C=C(F)C=CC4OC,Z9302749466,491.512,491.512,2.128,-6.25,2,5,96.97,7,https://real.enamine.net/public-enum-files/Z9302749466
O=C(O)C(F)(F)F.O=C1CCN(C(=O)N1)C=2C=CC(=CC2)C3CCN(CC3)C4CCCN(CC=5C=CC(F)=CC5F)C4=O,Z9310743767,610.574,496.55,2.594,-5.256,1,4,72.96,6,https://real.enamine.net/public-enum-files/Z9310743767
COCC(NC(=O)C=1C=CC=C(C1)N2CCC(=O)NC2=O)(C3=NC=4C=CC=CC4N3C)C=5C=CC=CC5,Z9302749694,497.546,497.546,1.255,-4.998,2,5,105.56,7,https://real.enamine.net/public-enum-files/Z9302749694
CC=1C(=CC=CC1N2CCC(=O)NC2=O)NC(=O)C(OC3=CC=CC(Cl)=C3Cl)C=4C=CC=CC4,Z9302749739,498.358,498.358,2.926,-7.304,2,4,87.74,6,https://real.enamine.net/public-enum-files/Z9302749739
CC=1C=CC(=CC1N2CCC(=O)NC2=O)C(=O)N3CCOC(CN4C=C(N=N4)C=5C=CC=CC5C#N)C3,Z9302749843,499.522,499.522,-0.094,-4.906,1,7,133.45,5,https://real.enamine.net/public-enum-files/Z9302749843
O=C(O)C(F)(F)F.CC1=CC(=CC(=C1)NCCCC=2C=CC=3CCCNC3N2)N4CCC(=O)NC4=O,Z9402238481,507.507,393.483,1.805,-4.487,3,5,86.36,7,https://real.enamine.net/public-enum-files/Z9402238481
COC=1C(F)=CC=2N=C(NC=3C=CC(=C(C)C3)N4CCC(=O)NC4=O)SC2C1F,Z9302750409,418.419,418.419,2.94,-5.693,2,5,83.56,4,https://real.enamine.net/public-enum-files/Z9302750409
CC=1C=CC(=CC1NC(=O)C2=CC(=NO2)C=3C=CC=C4NC=CC34)N5CCC(=O)NC5=O,Z9302750667,429.429,429.429,1.044,-6.008,3,4,120.33,4,https://real.enamine.net/public-enum-files/Z9302750667
CN(C(=O)C=1C=CC(C=2C=CC(=CC2)N3CCC(=O)NC3=O)=C(Cl)C1)C=4C=CC=CC4,Z9302750792,433.887,433.887,2.474,-7.157,1,3,69.72,4,
CC=1C=C(C=CC1N2CCC(=O)NC2=O)C(=O)NCC=3C=CC=C(C3)C4=CC=C(C#N)S4,Z9302750987,444.508,444.508,2.273,-6.595,2,4,102.3,5,https://real.enamine.net/public-enum-files/Z9302750987
N#CC=1C=CC=C(C1)NC(=O)NCC2=CN(N=N2)C=3C=CC(F)=C(C3)N4CCC(=O)NC4=O,Z9302751090,448.411,448.411,0.537,-4.123,3,6,145.04,5,https://real.enamine.net/public-enum-files/Z9302751090
COC=1C=CC=CC1C2=CN(CCNC(=O)C=3C=C(C)C=C(C3)N4CCC(=O)NC4=O)N=N2,Z9302751098,448.476,448.476,0.235,-4.546,2,6,118.45,7,https://real.enamine.net/public-enum-files/Z9302751098
CC1=CC(=CC(=C1)C(=O)NC=2C=CN(N2)C=3C=CC(Cl)=CC3C#N)N4CCC(=O)NC4=O,Z9302751110,448.862,448.862,1.656,-6.12,2,5,120.12,4,https://real.enamine.net/public-enum-files/Z9302751110
O=C(O)C(F)(F)F.CC=1C=CC(=CC1N2CCC(=O)NC2=O)C(=O)NC=3C=CC=C4CN(CC(C)(C)O)CCC34,Z9402054006,564.555,450.531,1.022,-4.643,3,5,101.98,6,https://real.enamine.net/public-enum-files/Z9402054006
O=C(O)C(F)(F)F.CC=1C=C(C=CC1N2CCC(=O)NC2=O)C(=O)NC=3C=NC(=NC3N(C)C)N4CCOCC4,Z9403658614,567.519,453.495,0.587,-4.926,2,8,120,6,https://real.enamine.net/public-enum-files/Z9403658614
O=C(O)C(F)(F)F.O=C(CCN1CCC(CC1)C=2C=CC(=CC2)N3CCC(=O)NC3=O)NCCC4=CC=CS4,Z9343215534,568.611,454.587,1.56,-4.242,2,4,81.75,9,https://real.enamine.net/public-enum-files/Z9343215534
CC=1C(=CC=CC1N2CCC(=O)NC2=O)NCC=3C=CC=CC3OCC4=CN5C=CC=CC5=N4,Z9302751352,455.51,455.51,2.21,-5.266,2,5,87.97,7,https://real.enamine.net/public-enum-files/Z9302751352
CC1=C(C=NN1C)C2=CC=NC3=CC(=NN23)C(=O)NC=4C=C(C=CC4C)N5CCC(=O)NC5=O,Z9302751410,458.474,458.474,-0.76,-4.215,2,6,126.52,4,https://real.enamine.net/public-enum-files/Z9302751410
CCOC=1C=CC(=CC1)N2N=NC=3C=NC(=NC32)NC=4C=CC(F)=C(C4)N5CCC(=O)NC5=O,Z9302751500,462.438,462.438,2.564,-5.357,2,8,127.16,6,https://real.enamine.net/public-enum-files/Z9302751500
CC1=NC(=NN1C2=NN=C(N2)C(F)(F)F)C(=O)NC=3C=C(C)C=C(C3)N4CCC(=O)NC4=O,Z9302751511,463.374,463.374,-0.817,-4.278,3,7,150.79,5,https://real.enamine.net/public-enum-files/Z9302751511
CC=1C=C(C=CC1N2CCC(=O)NC2=O)NC(=O)C=3C=C(F)C4=NC(=CN4C3)C5CCOCC5,Z9302751558,465.478,465.478,0.747,-4.652,2,5,105.04,4,https://real.enamine.net/public-enum-files/Z9302751558
CCCNS(=O)(=O)C=1C=CC2=C(C1)CCCN2C(=O)C=3C=CC=C(C3)N4CCC(=O)NC4=O,Z9302751705,470.543,470.543,0.548,-5.087,2,5,115.89,5,https://real.enamine.net/public-enum-files/Z9302751705
O=C(CCCC=1C=CC=2C=CC=NC2N1)N3CCC(CC3)C=4C=CC(=CC4)N5CCC(=O)NC5=O,Z9302751755,471.552,471.552,0.331,-4.967,1,5,95.5,6,https://real.enamine.net/public-enum-files/Z9302751755
COC=1C=CC(=CC1N2CCC(=O)NC2=O)C(=O)NS(=O)(=O)C3=CNC=4C=CC(Cl)=CC34,Z9302751930,476.892,476.892,1.567,-5.434,3,6,137.67,4,https://real.enamine.net/public-enum-files/Z9302751930
COC=1C=CC(=CC1OC)CN2N=CC(C)=C2NC(=O)C3=CC=C(C)C(=C3)N4CCC(=O)NC4=O,Z9302751954,477.514,477.514,0.577,-4.833,2,6,114.79,7,https://real.enamine.net/public-enum-files/Z9302751954
CC=1C(=CC=CC1N2CCC(=O)NC2=O)C(=O)NC3(CCCCC3)C4=NC(=NO4)C5=CC=CS5,Z9302752039,479.554,479.554,2.027,-6.153,2,5,117.43,5,https://real.enamine.net/public-enum-files/Z9302752039
CC=1C=CC2=NC(=CN2C1)COC=3C=CC=CC3C(=O)NC=4C=C(C=CC4C)N5CCC(=O)NC5=O,Z9302752147,483.52,483.52,1.833,-5.93,2,5,105.04,6,https://real.enamine.net/public-enum-files/Z9302752147
COC=1C=CC(=CC1)C=2C=CC=C3N=C(CNC(=O)C=4C=CC=C(C4C)N5CCC(=O)NC5=O)NC23,Z9302752148,483.52,483.52,1.889,-6.482,3,5,116.42,6,https://real.enamine.net/public-enum-files/Z9302752148
O=C(CNC(=O)C=1C=C(Cl)C=C(C1)N2CCC(=O)NC2=O)NC3=CC=CC=4C(=O)NNC(=O)C34,Z9302752270,484.85,484.85,-0.937,-6.059,5,6,165.81,5,
O=C(C=1C=C(Cl)C=C(C1)N2CCC(=O)NC2=O)N(CCCOC=3C=CC=CC3)C4CCOCC4,Z9302752344,485.961,485.961,1.281,-5.697,1,5,88.18,8,https://real.enamine.net/public-enum-files/Z9302752344
O=C(C=1C=C(Cl)C=C(C1)N2CCC(=O)NC2=O)N3CCC(CC3)C4=NC=5C=C(F)C=CC5S4,Z9302752411,486.948,486.948,1.776,-5.69,1,4,82.61,3,https://real.enamine.net/public-enum-files/Z9302752411
COC=1C=CC=C(C1)CN2NC(C)=C3C(=NN=C32)NC(=O)C=4C=C(C)C=C(C4)N5CCC(=O)NC5=O,Z9302752435,487.512,487.512,1.722,-5.838,3,6,134.24,6,https://real.enamine.net/public-enum-files/Z9302752435
CC=1C=CC(=CC1NCC2=CC=3C=CC=NC3N2S(=O)(=O)C=4C=CC=CC4)N5CCC(=O)NC5=O,Z9302752604,489.548,489.548,1.798,-5.857,2,6,113.4,5,https://real.enamine.net/public-enum-files/Z9302752604
CC=1SC=2N=CN=C(C2C1C)N3CCC(CC3)C(=O)NC4=CC=C(C(C)=C4)N5CCC(=O)NC5=O,Z9302752740,492.595,492.595,1.433,-6.484,2,6,107.53,4,https://real.enamine.net/public-enum-files/Z9302752740
O=C(N=C1SC=CN1CC=2C=CC(Cl)=CC2Cl)C=3C=C(C=CC3F)N4CCC(=O)NC4=O,Z9302752785,493.339,493.339,4.542,-6.718,1,5,82.08,4,https://real.enamine.net/public-enum-files/Z9302752785
CC=1C=CC(=CC1N2CCC(=O)NC2=O)C(=O)N(C)CCCN3C=C(N=N3)C=4C=CC=C5C=NC=CC45,Z9302753078,497.55,497.55,0.598,-5.019,1,6,113.32,7,https://real.enamine.net/public-enum-files/Z9302753078
O=C(O)C(F)(F)F.CN1CCOC(COC=2C=CC(=CC2)C=3C=CC(=CC3)N4CCC(=O)NC4=O)C1,Z9548264351,509.476,395.453,1.626,-5.043,1,5,71.11,6,https://real.enamine.net/public-enum-files/Z9548264351
COCC(C)N(CC=1C=CC(Br)=C(F)C1)C(=O)C=2C=CC=C(C2)N3CCC(=O)NC3=O,Z7806441688,492.339,492.339,2.084,-5.348,1,4,78.95,7,https://real.enamine.net/public-enum-files/Z7806441688
O=C(C=1C=CC=C(C1)N2CCC(=O)NC2=O)N3CCC(CC3)N4CCC[C@H](C4)C(=O)N5CCOCC5,Z7806571824,497.588,497.588,-1.363,-3.49,1,6,102.5,4,https://real.enamine.net/public-enum-files/Z7806571824
CC=1C=CC(=CC1NC(=O)C=2C=CC=C(C2)N3CCC(=O)NC3=O)C4=NC=5C=CC(F)=CC5N4C(C)C,Z7806574587,499.537,499.537,2.886,-6.881,2,4,96.33,5,https://real.enamine.net/public-enum-files/Z7806574587
O=C(O)C(F)(F)F.COC=1C=C(C=CC1N2CCC(=O)NC2=O)C(=O)NCCCCN3CCN(CC3)C=4C=CC=C(C)C4,Z9387776179,607.623,493.599,1.755,-4.913,2,6,94.22,10,https://real.enamine.net/public-enum-files/Z9387776179
COC=1C=CC(=CC1N2CCC(=O)NC2=O)C(=O)NC3(CCCC3)C=4N=C(C)C=C(N4)C(F)F,Z8265605256,473.474,473.474,0.403,-4.397,2,6,113.52,6,https://real.enamine.net/public-enum-files/Z8265605256
COC=1C=C(C=CC1N2CCC(=O)NC2=O)C(=O)NC=3C=CC(F)=C(C3)C4=NN=C5CCCCCN45,Z8265606255,492.503,492.503,1.171,-5.322,2,6,118.45,5,https://real.enamine.net/public-enum-files/Z8265606255
O=C(O)C(F)(F)F.COC=1C=CC(=CC1N2CCC(=O)NC2=O)C(=O)NCC3CN(CC=4C=CC=C(C)C4)CCO3,Z9387735895,580.554,466.531,1.236,-4.882,2,6,100.21,8,https://real.enamine.net/public-enum-files/Z9387735895
COC=1C=CC(=CC1N2CCC(=O)NC2=O)C(=O)NC(C)C=3C=CC(=CC3)C=4C=CC=C(C#N)C4,Z8265671212,468.505,468.505,2.331,-6.704,2,5,111.53,6,https://real.enamine.net/public-enum-files/Z8265671212
O=C(C=1C=CC(=CC1)N2CCC(=O)NC2=O)N3CC4=NNC=C4C3CO,Z8265690988,355.349,355.349,-2.14,-2.856,3,5,118.63,3,https://real.enamine.net/public-enum-files/Z8265690988
O=C(C=1C=CC(=CC1)N2CCC(=O)NC2=O)N3CC4(CCOC4)C=5N=CC=CC53,Z8265758253,392.409,392.409,-1.648,-3.45,1,5,91.84,2,https://real.enamine.net/public-enum-files/Z8265758253
O=C(O)C(F)(F)F.CC(C)(CCN1CCN(CC1)C=2C=CC=CC2)NC(=O)C=3C=CC(F)=C(C3)N4CCC(=O)NC4=O,Z9402912320,595.587,481.564,2.18,-5.219,2,5,84.99,8,https://real.enamine.net/public-enum-files/Z9402912320
"O=C(C=1C=CC(F)=C(C1)N2CCC(=O)NC2=O)N3C[C@H]4CCC[C@]4(C3)C5=NC(=NO5)C=6C=NC=CN6 |&1:19,23,r|",Z8265780638,491.476,491.476,-1.386,-3.681,1,7,134.42,4,https://real.enamine.net/public-enum-files/Z8265780638
O=C(NC=1C=NN(C1)CC=2C=C(F)C=CC2Cl)C3=CC=C(F)C(=C3)N4CCC(=O)NC4=O,Z8265830650,459.834,459.834,1.824,-5.069,2,4,96.33,5,https://real.enamine.net/public-enum-files/Z8265830650
CCCN1C(=O)NC(=O)C=2C(=CC(=NC21)C3CC3)C(=O)NC=4C=CC(F)=C(C4)N5CCC(=O)NC5=O,Z8266073696,494.476,494.476,1.103,-6.02,3,6,140.81,6,https://real.enamine.net/public-enum-files/Z8266073696
O=C(NC1(CCCC1)C(=O)NC=2C=CC(F)=C(C2)N3CCC(=O)NC3=O)C=4C=CC=5NN=CC5C4,Z8266182321,478.477,478.477,1.439,-5.925,4,5,136.29,5,https://real.enamine.net/public-enum-files/Z8266182321
O=C(NC=1C=CC(F)=C(C1)N2CCC(=O)NC2=O)C3=CC=C4C(=O)N(CC5=CC=CO5)C(=O)C4=C3,Z8266362428,476.414,476.414,1.324,-6.124,2,5,129.03,5,https://real.enamine.net/public-enum-files/Z8266362428
"O=C(NC=1C=CC(F)=C(C1)N2CCC(=O)NC2=O)N[C@@H]3CCO[C@H]3C=4C=NN(C4)CC5CC5 |&1:19,23,r|",Z8266401224,456.471,456.471,-0.17,-4.041,3,5,117.59,6,https://real.enamine.net/public-enum-files/Z8266401224
O=C(O)C(F)(F)F.COC=1C=C(C=CC1N2CCC(=O)NC2=O)C(=O)NC34CNCC(COC3)C4(F)F,Z9322685242,538.423,424.399,-0.9,-4.354,3,6,109,5,https://real.enamine.net/public-enum-files/Z9322685242
O=C(NC=1C=CC(F)=C(C1)N2CCC(=O)NC2=O)N3CCOCC3C4=NC(=NO4)C5=CC=CS5,Z8266645333,486.478,486.478,-0.172,-4.906,2,6,129.9,4,https://real.enamine.net/public-enum-files/Z8266645333
O=C(O)C(F)(F)F.NC=1C=CC=C(C1)C2=CN3CCCN(C(=O)C=4C=CC(=CC4)N5CCC(=O)NC5=O)C3=N2,Z9311796090,544.484,430.46,-0.886,-6.285,2,5,113.56,4,https://real.enamine.net/public-enum-files/Z9311796090
CC1(C)COC(CN1C(=O)C=2C=CC(=CC2)N3CCC(=O)NC3=O)C=4C=CC=CC4Cl,Z8267151113,441.908,441.908,1.752,-5.609,1,4,78.95,3,https://real.enamine.net/public-enum-files/Z8267151113
C[C@H]1C[C@H](NC(=O)C=2C=CC(=CC2)N3CCC(=O)NC3=O)C=4C=CSC4S1(=O)=O,Z8267157677,433.504,433.504,-0.836,-5.094,2,5,112.65,3,https://real.enamine.net/public-enum-files/Z8267157677
O=C(C=1C=CC(=CC1)N2CCC(=O)NC2=O)N(CC3=NN=C(O3)C=4C=CC=CC4Cl)C5CC5,Z8267160226,465.89,465.89,0.093,-5.892,1,5,108.64,6,https://real.enamine.net/public-enum-files/Z8267160226
CC(C)(C)C(NC(=O)C=1C=CC(=CC1)N2CCC(=O)NC2=O)C3=NC(=NO3)C4=NN=CN4,Z8267160290,438.441,438.441,-1.061,-4.692,3,7,159,6,https://real.enamine.net/public-enum-files/Z8267160290
COC=1C=CC(Br)=C(C1)CS(=O)(=O)NC(=O)C=2C=CC(=CC2)N3CCC(=O)NC3=O,Z8267162355,496.333,496.333,1.172,-4.726,2,6,121.88,5,https://real.enamine.net/public-enum-files/Z8267162355
O=C(O)C(F)(F)F.C[C@@H]1COC[C@@](CO)(CNC(=O)C=2C=CC(=CC2)N3CCC(=O)NC3=O)N1CC=4C=CC=CC4,Z9402054007,580.554,466.531,1.162,-4.512,3,6,111.21,8,https://real.enamine.net/public-enum-files/Z9402054007
O=C(NCC=1OC=2C=CC(Cl)=CC2C1C=3C=CC=CC3)C=4C=CC(=CC4)N5CCC(=O)NC5=O,Z8267201671,473.908,473.908,3.361,-7.797,2,3,91.65,5,https://real.enamine.net/public-enum-files/Z8267201671
O=C(NC=1C=CC(Cl)=CC1Cl)C2CCCCN2C(=O)C=3C=CC(=CC3)N4CCC(=O)NC4=O,Z8267203670,489.351,489.351,1.618,-6.474,2,4,98.82,4,https://real.enamine.net/public-enum-files/Z8267203670
CC=1C=CC(=CC1N2CCC(=O)NC2=O)C(=O)N3C4CCCC3C=5C=NNC5C4,Z8382569168,393.44,393.44,-0.008,-4.131,2,4,98.4,2,https://real.enamine.net/public-enum-files/Z8382569168
CC=1C=CC(=CC1C(=O)NC2=N[C@H]3C=4C=CC=CC4C[C@H]3O2)N5CCC(=O)NC5=O,Z9302746822,404.42,404.42,1.068,-5.346,2,5,100.1,2,https://real.enamine.net/public-enum-files/Z9302746822
"CC1=CC(=CC(=C1)C(=O)N[C@H]2CCOC[C@H]2NC=3C=CN=CN3)N4CCC(=O)NC4=O |&1:10,15,r|",Z9302746865,424.454,424.454,-0.783,-4.863,3,7,125.55,5,https://real.enamine.net/public-enum-files/Z9302746865
"O=C(O)C(F)(F)F.CC=1C=C(C=CC1N2CCC(=O)NC2=O)C(=O)N(C)[C@@H]3C=4C=CC=CC4CC[C@H]3N(C)C |&1:26,35,r|",Z9401380682,548.555,434.532,1.821,-5.136,1,4,72.96,5,https://real.enamine.net/public-enum-files/Z9401380682
"O=C(N[C@@H]1C[C@H]1C=2C=CC=C3OCCOC23)C=4C=C(Cl)C=C(C4)N5CCC(=O)NC5=O |&1:3,5,r|",Z9302747003,441.865,441.865,1.513,-5.565,2,5,96.97,4,https://real.enamine.net/public-enum-files/Z9302747003
CO[C@@H]1C[C@@H](COC=2C=CC=NC2)N(C1)C(=O)C3=CC(Cl)=CC(=C3)N4CCC(=O)NC4=O,Z9302747226,458.895,458.895,0.547,-4.196,1,6,101.07,6,https://real.enamine.net/public-enum-files/Z9302747226
"CC=1C=CC(=CC1N2CCC(=O)NC2=O)C(=O)NC[C@@H]3CCC(=O)N(C4CC4)[C@H]3C5=NC=CN5C |&1:19,28,r|",Z9302747415,478.545,478.545,-1.614,-3.232,2,5,116.64,6,https://real.enamine.net/public-enum-files/Z9302747415
"NC(=O)COCC1=CN(C[C@@H]2CCC[C@H](CNC(=O)C=3C=CC(=CC3)N4CCC(=O)NC4=O)C2)N=N1 |&1:10,14,r|",Z9302747692,497.548,497.548,-1.646,-3.617,3,7,161.54,10,https://real.enamine.net/public-enum-files/Z9302747692
O=C(O)C(F)(F)F.O=C1CCN(C(=O)N1)C=2C=C(Cl)C=C(C2)NCC3=CN=NN3C4CCCNC4,Z9402238480,517.89,403.866,-0.701,-3.093,3,6,104.18,6,https://real.enamine.net/public-enum-files/Z9402238480
CC1=CC(=CC(=C1)C(=O)NC2(CO)CCC=3C(F)=CC=CC32)N4CCC(=O)NC4=O,Z9302748006,411.427,411.427,0.881,-5.02,3,4,98.74,4,https://real.enamine.net/public-enum-files/Z9302748006
CCN1CCC=2C=C(C=CC21)C[C@@H](C)NC(=O)C=3C=C(C=CC3F)N4CCC(=O)NC4=O,Z9302748313,438.496,438.496,1.672,-4.954,2,4,81.75,6,https://real.enamine.net/public-enum-files/Z9302748313
CC1=CC(=CC(=C1)NC(=O)CC2CN3N=C4C=CC=CC4=C3NC2=O)N5CCC(=O)NC5=O,Z9302748443,446.46,446.46,0.354,-4.702,3,5,125.43,4,https://real.enamine.net/public-enum-files/Z9302748443
CC=1C(=CC=CC1N2CCC(=O)NC2=O)C(=O)NC3CCCC4=CN(CC(F)(F)F)N=C43,Z9302748490,449.427,449.427,-0.19,-4.732,2,4,96.33,5,https://real.enamine.net/public-enum-files/Z9302748490
CCCNC(=O)C1CN(C(=O)C=2C=CC(C)=C(C2)N3CCC(=O)NC3=O)C=4C=CC=CC4O1,Z9302748506,450.488,450.488,0.575,-5.728,2,5,108.05,5,https://real.enamine.net/public-enum-files/Z9302748506
CC=1C=CC(=CC1N2CCC(=O)NC2=O)C(=O)NC=3C=NC(=CC3)N4CCCC(C4)C(N)=O,Z9302748523,450.491,450.491,-0.064,-4.273,3,6,137.73,5,
COCCN1C=C(C=N1)N2CC(CC2=O)C(=O)NC=3C=CC(=C(F)C3)N4CCC(=O)NC4=O,Z9302748651,458.444,458.444,-0.47,-2.54,2,6,125.87,7,https://real.enamine.net/public-enum-files/Z9302748651
O=C(O)C(F)(F)F.CC=1C=CC(=CC1C(=O)N[C@H]2CCN(CC3=CC=4C=CC=CC4S3)C2)N5CCC(=O)NC5=O,Z9320940012,576.59,462.566,1.88,-6.729,2,4,81.75,6,https://real.enamine.net/public-enum-files/Z9320940012
O=C(O)C(F)(F)F.CC=1C=C(C=CC1N2CCC(=O)NC2=O)C(=O)NC=3C=CC=CC3CN4CCCC(C4)C(N)=O,Z9401380138,577.553,463.53,-0.327,-4.814,3,5,124.84,7,https://real.enamine.net/public-enum-files/Z9401380138
CC=1C=C(C=CC1N2CCC(=O)NC2=O)NC(=O)C3CCCCN3C4=NC=5C=CC=CC5S4,Z9302748722,463.554,463.554,2.526,-6.215,2,5,94.64,4,https://real.enamine.net/public-enum-files/Z9302748722
O=C(O)C(F)(F)F.CC=1C(=CC=CC1N2CCC(=O)NC2=O)C(=O)NCC3CCCCN3CC=4C=CC=C(Cl)C4,Z9401380772,583,468.976,2.741,-5.788,2,4,81.75,7,https://real.enamine.net/public-enum-files/Z9401380772
O=C(C=1C=C(C=CC1F)N2CCC(=O)NC2=O)N3CCOCC3C=4N=CN(CC=5C=CC=CC5)N4,Z9302749006,478.477,478.477,-0.273,-4.51,1,6,109.66,5,https://real.enamine.net/public-enum-files/Z9302749006
CC=1C=CC=C(C1)C2=NN=C3CCC(CN23)C(=O)NC4=CC(Cl)=CC(=C4)N5CCC(=O)NC5=O,Z9302749023,478.932,478.932,1.437,-5.728,2,5,109.22,4,https://real.enamine.net/public-enum-files/Z9302749023
CC=1C=C(C=CC1N2CCC(=O)NC2=O)C(=O)N3CCC=4SC=CC4C3C=5C=CC(Cl)=CC5,Z9302749045,479.98,479.98,3.167,-6.602,1,3,69.72,3,
O=C(NCC1=CN(CC2CCOC2)N=N1)N3CCC(CC3)C=4C=CC(=CC4)N5CCC(=O)NC5=O,Z9302749072,481.549,481.549,-1.302,-2.735,2,6,121.69,6,https://real.enamine.net/public-enum-files/Z9302749072
CC(=O)NC(CC1=CNC2=C(C)C=CC=C12)C(=O)NC3=CC(Cl)=CC(=C3)N4CCC(=O)NC4=O,Z9302749078,481.932,481.932,1.068,-5.843,4,4,123.4,6,https://real.enamine.net/public-enum-files/Z9302749078
O=C(NC=1C=CC=CC1F)C2CCC=3C=CC=CC3N2C(=O)C4=CC=CC(=C4)N5CCC(=O)NC5=O,Z9302749221,486.496,486.496,1.502,-6.803,2,4,98.82,4,https://real.enamine.net/public-enum-files/Z9302749221
CCC1(CC=2C=CC=C(C2)C(F)(F)F)CCCN1C(=O)C3=CC(=CC=C3C)N4CCC(=O)NC4=O,Z9302749248,487.515,487.515,3.429,-6.59,1,3,69.72,6,https://real.enamine.net/public-enum-files/Z9302749248
O=C(O)C(F)(F)F.O=C(C=1C=C(C=CC1F)N2CCC(=O)NC2=O)N3CCNC(C3)C=4C=CC(=CC4)OC=5C=CC=CC5,Z9401379719,602.535,488.511,2.304,-6.623,2,4,90.98,6,https://real.enamine.net/public-enum-files/Z9401379719
O=C(C=1C=CC(=CC1)N2CCC(=O)NC2=O)N3CCCC3CC4=CN(CC5=CON=C5C6CC6)N=N4,Z9302749381,489.528,489.528,-1.493,-3.195,1,6,126.46,7,https://real.enamine.net/public-enum-files/Z9302749381
CC=1C=C(C=CC1N2CCC(=O)NC2=O)C(=O)N(CC(O)COC=3C=CC=C4C=CC=CC34)C(C)C,Z9302749396,489.564,489.564,2.223,-6.505,2,5,99.18,8,https://real.enamine.net/public-enum-files/Z9302749396
CC=1C=CC(=CC1N2CCC(=O)NC2=O)C(=O)N3CC(O)(C3)C4=CN(N=N4)C(C)C=5C=CC=CC5F,Z9302749480,492.503,492.503,0.085,-4.379,2,6,120.66,5,https://real.enamine.net/public-enum-files/Z9302749480
CC1=CC(=CC(=C1)NC(=O)CC(C)NS(=O)(=O)C=2C=CC=3C=CC=CC3C2)N4CCC(=O)NC4=O,Z9302749608,494.565,494.565,1.889,-6.372,3,5,124.68,6,https://real.enamine.net/public-enum-files/Z9302749608
CC1C=2C=CC(Br)=C(Cl)C2CCN1C(=O)C=3C=C(C=CC3F)N4CCC(=O)NC4=O,Z9302749616,494.741,494.741,2.925,-6.255,1,3,69.72,2,https://real.enamine.net/public-enum-files/Z9302749616
CN1N=CN=C1C2=CN(CC(F)C3CCN(CC3)C(=O)C=4C=CC(=CC4)N5CCC(=O)NC5=O)N=N2,Z9302749624,495.511,495.511,-1.938,-3.309,1,7,131.14,6,https://real.enamine.net/public-enum-files/Z9302749624
O=C(O)C(F)(F)F.CC1(CCOC1)C2=CN(N=N2)C3CCN(CCNC(=O)C=4C=CC(=CC4)N5CCC(=O)NC5=O)CC3,Z9311796251,609.599,495.575,-1.612,-2.823,2,7,121.69,8,https://real.enamine.net/public-enum-files/Z9311796251
O=C(C=1C=CC(=CC1)N2CCC(=O)NC2=O)N3CCCC(C3)N4C=C(CC5(CO)CCOCC5)N=N4,Z9302749668,496.56,496.56,-2.589,-2.048,2,7,129.89,6,https://real.enamine.net/public-enum-files/Z9302749668
O=C(O)C(F)(F)F.COCCN(C)CC1=CN(N=N1)C2CCCN(CC2)C(=O)C=3C=CC(C)=C(C3)N4CCC(=O)NC4=O,Z9311796496,611.615,497.591,-1.244,-3.028,1,7,112.9,9,https://real.enamine.net/public-enum-files/Z9311796496
CC=1C=CC(=CC1N2CCC(=O)NC2=O)C(=O)N3CCC(C)(C3)C4=CN(N=N4)C=5C=CC=C6C=NNC56,Z9302749750,498.538,498.538,0.91,-4.653,2,6,129.11,4,https://real.enamine.net/public-enum-files/Z9302749750
CC=1C=CC(=C(C)C1)N2N=CC=C2C=3C=CC(=CC3)N4CCC(=O)NC4=O,Z9302750043,360.41,360.41,2.963,-5.255,1,3,67.23,3,https://real.enamine.net/public-enum-files/Z9302750043
O=C1CCN(C(=O)N1)C=2C=CC(=CC2)C=3C=C(C=CC3F)CN4C=CC=N4,Z9302750068,364.374,364.374,1.917,-4.689,1,3,67.23,4,https://real.enamine.net/public-enum-files/Z9302750068
CC(C)(NC(=O)C=1C=CC(=CC1)N2CCC(=O)NC2=O)C3=NC=C4CCCC4=N3,Z9302750212,393.44,393.44,-0.233,-3.72,2,5,104.29,4,https://real.enamine.net/public-enum-files/Z9302750212
CC=1C=C(C=C(C1)N2CCC(=O)NC2=O)NC(=O)C3=NC=NC4=C3N=CN4C5CC5,Z9302750289,405.411,405.411,0.088,-4.759,2,6,122.11,4,https://real.enamine.net/public-enum-files/Z9302750289
O=C(O)C(F)(F)F.CC1=CC(=CC(=C1)NCC=2C=NC(=CN2)N3CCCNCC3)N4CCC(=O)NC4=O,Z9402053271,523.509,409.486,-0.964,-3.241,3,7,102.49,6,https://real.enamine.net/public-enum-files/Z9402053271
CC1=NN(CCCC(C)(C)C#N)C(C)=C1CNC2=CC(=CC=C2C)N3CCC(=O)NC3=O,Z9302750833,436.551,436.551,0.49,-3.353,2,5,103.05,8,https://real.enamine.net/public-enum-files/Z9302750833
CC=1C=CC(=CC1N2CCC(=O)NC2=O)C(=O)N3CCC4(CC3)OCCC=5C=CSC54,Z9302750884,439.529,439.529,-0.132,-5.12,1,4,78.95,2,https://real.enamine.net/public-enum-files/Z9302750884
CC=1C=C(C=CC1N2CCC(=O)NC2=O)NC(=O)C=3C=C(C=CN3)C=4C=NC=5NC=CC5C4,Z9302750902,440.455,440.455,1.458,-6.2,3,5,120.08,4,https://real.enamine.net/public-enum-files/Z9302750902
CN(C(=O)C=1C=CC=C(C1)N2CCC(=O)NC2=O)C=3C=CC=CC3C(=O)NCC4=CC=CO4,Z9302751003,446.456,446.456,-0.09,-5.371,2,4,111.96,6,https://real.enamine.net/public-enum-files/Z9302751003
CC=1C=CC(=CC1NC(=O)CCCNC(=O)C=2C=CC=3NN=NC3C2)N4CCC(=O)NC4=O,Z9302751125,449.464,449.464,-0.239,-4.155,4,6,149.18,7,https://real.enamine.net/public-enum-files/Z9302751125
CC=1C=C(C=CC1N2CCC(=O)NC2=O)NC=3C=CN=C(N3)C4=CN=CC(Br)=C4,Z9302751264,453.293,453.293,2.284,-5.32,2,6,100.11,4,https://real.enamine.net/public-enum-files/Z9302751264
COC=1C=CC(=CC1N2N=NN=C2C3CC3)NC(=O)C4=CC(C)=CC(=C4)N5CCC(=O)NC5=O,Z9302751484,461.474,461.474,0.721,-4.579,2,7,131.34,6,https://real.enamine.net/public-enum-files/Z9302751484
CC=1C=CC(=CC1C(=O)N2CCN3C(CC=4C=CC=C(F)C4)=NN=C3C2)N5CCC(=O)NC5=O,Z9302751504,462.477,462.477,-0.148,-4.329,1,5,100.43,4,https://real.enamine.net/public-enum-files/Z9302751504
CC=1C(=CC=CC1N2CCC(=O)NC2=O)NCC3=CN(CCC#N)N=C3C=4C=CC(Cl)=CC4,Z9302751509,462.932,462.932,1.496,-5.093,2,5,103.05,7,https://real.enamine.net/public-enum-files/Z9302751509
O=C(C=1C=CC(=CC1)N2CCC(=O)NC2=O)N3CCC(CC3)OC4=NC=5C(F)=CC=CC5S4,Z9302751640,468.503,468.503,1.177,-6.257,1,5,91.84,4,https://real.enamine.net/public-enum-files/Z9302751640
CC=1C=CC(=CC1C(=O)N2CCC3=C(C2)C=4C=CC(Cl)=C(F)C4N3C)N5CCC(=O)NC5=O,Z9302751656,468.908,468.908,2.619,-5.812,1,3,74.65,2,https://real.enamine.net/public-enum-files/Z9302751656
COCC=1N=C(OC)C=2C(C)=C(SC2N1)C(=O)NC=3C=C(C)C=C(C3)N4CCC(=O)NC4=O,Z9302751671,469.516,469.516,1.128,-5.62,2,7,122.75,6,https://real.enamine.net/public-enum-files/Z9302751671
O=C(O)C(F)(F)F.O=C1CCN(C(=O)N1)C=2C=CC(=CC2)C3CCN(CC#CC=4C=CC=C(C4)OC(F)(F)F)CC3,Z9310743770,585.496,471.473,3.206,-6.325,1,4,61.88,8,https://real.enamine.net/public-enum-files/Z9310743770
CC=1C=CC(=CC1N2CCC(=O)NC2=O)C(=O)N(C)C3CCN(CC3)C=4N=CN=C5C=CC=CC45,Z9302751783,472.54,472.54,0.105,-6.086,1,6,98.74,4,https://real.enamine.net/public-enum-files/Z9302751783
CC=1C=CC(=CC1C(=O)N(CC2=CC=CS2)CC=3C=CC=4NC=CC4C3)N5CCC(=O)NC5=O,Z9302751784,472.561,472.561,2.369,-6.966,2,3,85.51,6,https://real.enamine.net/public-enum-files/Z9302751784
CC1=NN(C(C)=C1CC(=O)NC=2C=C(C)C=C(C2)N3CCC(=O)NC3=O)C4=CN=CC5=NN=NN45,Z9302751834,474.477,474.477,-1.117,-2.904,2,8,152.3,5,https://real.enamine.net/public-enum-files/Z9302751834
CC=1C(=CC=CC1N2CCC(=O)NC2=O)C(=O)N(CC=3C=CC=CC3)C4=NC=5CCCCC5S4,Z9302751848,474.577,474.577,3.12,-6.773,1,4,82.61,5,https://real.enamine.net/public-enum-files/Z9302751848
CC1=CC(=CC(=C1)NC(=O)C=2C=C(F)C=C3C(=O)C=4C=C(F)C=CC4NC23)N5CCC(=O)NC5=O,Z9302751879,476.433,476.433,1.083,-7.423,3,5,107.61,3,https://real.enamine.net/public-enum-files/Z9302751879
CCN(C(=O)C=1C=C(C)C=C(C1)N2CCC(=O)NC2=O)C3CCN(CC3)C=4NC=NC5=NC=NC45,Z9302751918,476.532,476.532,-0.654,-5.938,2,7,127.42,5,https://real.enamine.net/public-enum-files/Z9302751918
CC1=CC(=CC(=C1)NC(=O)C2=CC=3C(=NN(C)C3S2)C=4C=CC=CC4F)N5CCC(=O)NC5=O,Z9302751949,477.513,477.513,2.555,-7.163,2,4,96.33,4,https://real.enamine.net/public-enum-files/Z9302751949
O=C1CCN(C(=O)N1)C=2C=C(Cl)C=C(C2)NCC=3C=C(Br)C=4OCCCOC4C3,Z9302752066,480.74,480.74,2.793,-5.847,2,5,79.9,4,https://real.enamine.net/public-enum-files/Z9302752066
O=C1CCN(C(=O)N1)C=2C=CC(=CC2)C3CCN(CC3)C=4C=CC5=NN=C(C=6C=CC=CC6F)N5N4,Z9302752305,485.514,485.514,2.036,-6.369,1,6,95.73,4,https://real.enamine.net/public-enum-files/Z9302752305
CC=1C(=CC=CC1N2CCC(=O)NC2=O)C(=O)N3CC4=C(Br)C(F)=CC=C4C(C)(C)C3,Z9302752460,488.35,488.35,3.294,-6.037,1,3,69.72,2,https://real.enamine.net/public-enum-files/Z9302752460
CC=1C=CC(=CC1C(=O)NCCCC2=CN(N=N2)C=3C=CC=4N=CSC4C3)N5CCC(=O)NC5=O,Z9302752607,489.552,489.552,1.144,-4.822,2,6,122.11,7,https://real.enamine.net/public-enum-files/Z9302752607
O=C(O)C(F)(F)F.O=C(NC=1C=C2CN(CC=3C=CC=CC3)CCCN2N1)C=4C=C(Cl)C=C(C4)N5CCC(=O)NC5=O,Z9401380769,606.982,492.958,1.377,-5.62,2,5,99.57,6,https://real.enamine.net/public-enum-files/Z9401380769
O=C(O)C(F)(F)F.O=C(CN1CCN(CC1)C(=O)C2=CC(=CC=C2F)N3CCC(=O)NC3=O)N4CCCC=5C=CC=CC54,Z9401520911,607.555,493.531,1.152,-5.336,1,5,93.27,5,https://real.enamine.net/public-enum-files/Z9401520911
CC=1C=C(C=CC1N2CCC(=O)NC2=O)C(=O)NC3=NC(=CS3)CC4=NC(=NO4)C=5C=CSC5,Z9302752886,494.549,494.549,1.26,-5.82,2,6,130.32,6,https://real.enamine.net/public-enum-files/Z9302752886
N#CC=1C=C(Cl)C=CC1OC=2C=CC=C(C2)C(=O)NC3=CC(Cl)=CC(=C3)N4CCC(=O)NC4=O,Z9302752933,495.314,495.314,3.536,-7.453,2,4,111.53,5,https://real.enamine.net/public-enum-files/Z9302752933
CC=1C(=CC=CC1N2CCC(=O)NC2=O)C(=O)N(C)CC3=CC(F)=CC=C3OC=4C=CC=C(Cl)C4,Z9302752973,495.931,495.931,3.919,-6.953,1,3,78.95,6,https://real.enamine.net/public-enum-files/Z9302752973
CC=1C=CC(=CC1C)OC=2C=CC(Cl)=CC2CNC(=O)C3=CC(=CC=C3F)N4CCC(=O)NC4=O,Z9302752979,495.931,495.931,4.194,-7.627,2,3,87.74,6,https://real.enamine.net/public-enum-files/Z9302752979
CC1=C(C=NN1C)C=2C=C(N=C3C(C#N)=CC=CC23)C(=O)NC4=CC=C(C(F)=C4)N5CCC(=O)NC5=O,Z9302753059,497.482,497.482,1.063,-5.713,2,6,133.01,4,https://real.enamine.net/public-enum-files/Z9302753059
CC=1C=CC=CC1C=2C=C(NC(=O)C=3C=C(C=CC3F)N4CCC(=O)NC4=O)N(CC=5C=CC=CC5)N2,Z9302753063,497.522,497.522,2.855,-7.319,2,4,96.33,6,https://real.enamine.net/public-enum-files/Z9302753063
CC=1C=C(C=CC1N2CCC(=O)NC2=O)C(=O)N(C)C=3C=CC(=CC3)OC=4C=CC(=CN4)C(F)(F)F,Z9302753107,498.455,498.455,2.177,-6.531,1,4,91.84,6,https://real.enamine.net/public-enum-files/Z9302753107
COC=1C=NC=C(N1)C2=CN(N=N2)C=3C=CC=CC3CNC(=O)C=4C=CC(=CC4)N5CCC(=O)NC5=O,Z9302753110,498.495,498.495,1.02,-3.61,2,8,144.23,7,https://real.enamine.net/public-enum-files/Z9302753110
CC=1C=CN=C(N1)N2C=C(CS(=O)(=O)CCNC(=O)C=3C=CC(=CC3)N4CCC(=O)NC4=O)N=N2,Z9302753119,498.517,498.517,-2.264,-2.905,2,9,169.14,8,https://real.enamine.net/public-enum-files/Z9302753119
O=C(C=1C=CC(=CC1)N2CCC(=O)NC2=O)N3CC(O)(C3)C4=CN(CCC5=CNC=6C=CC=CC56)N=N4,Z9302753195,499.522,499.522,-0.547,-4.461,3,6,136.45,6,https://real.enamine.net/public-enum-files/Z9302753195
CN1N=CC(=C1C=2C=CC(=CC2)N3CCC(=O)NC3=O)C4CC4,Z6475001051,310.351,310.351,0.439,-3.577,1,3,67.23,3,https://real.enamine.net/public-enum-files/Z6475001051
O=C(O)C(F)(F)F.O=C(C=1C=CC=C(C1)N2CCC(=O)NC2=O)N3CCC=4N=CNC4C3C=5C=CC=NC5,Z9310310479,530.457,416.434,-1.589,-4.676,2,5,111.29,4,https://real.enamine.net/public-enum-files/Z9310310479
CC=1C=CC(=CC1NC=2N=CC=C(N2)C=3C=CC=NC3)NC(=O)C=4C=CC=C(C4)N5CCC(=O)NC5=O,Z7806438496,493.518,493.518,1.892,-6.205,3,7,129.21,6,https://real.enamine.net/public-enum-files/Z7806438496
COC=1C=CC(=CC1N2CCC(=O)NC2=O)C(=O)NC3=C(N=C4C=CC(F)=CN34)C5=CC=CS5,Z8265588854,479.486,479.486,1.616,-6.206,2,5,105.04,5,https://real.enamine.net/public-enum-files/Z8265588854
O=C(O)C(F)(F)F.COC=1C=C(C=CC1N2CCC(=O)NC2=O)C(=O)N3CC(C3)N4C=NC=5C(N)=NC(N)=NC54,Z9402047407,565.463,451.44,-1.906,-5.278,3,9,174.59,5,https://real.enamine.net/public-enum-files/Z9402047407
COC=1C=CC(=CC1N2CCC(=O)NC2=O)C(=O)N(C)C(C)C=3SC(=NC3C)C=4C=CC(C)=CC4,Z8265648193,492.592,492.592,2.385,-6.001,1,5,91.84,6,https://real.enamine.net/public-enum-files/Z8265648193
CCN1C=CN=C1C(CC=2C=CC=CC2)N(C)C(=O)C=3C=CC(F)=C(C3)N4CCC(=O)NC4=O,Z8265683007,463.505,463.505,0.936,-4.074,1,4,87.54,7,https://real.enamine.net/public-enum-files/Z8265683007
COC=1C=C(C=CC1N2CCC(=O)NC2=O)C(=O)NC(C3=NN=NN3)C=4C=CC(Cl)=C(F)C4,Z8265694718,473.845,473.845,0.3,-4.684,3,7,142.2,6,https://real.enamine.net/public-enum-files/Z8265694718
O=C(NC=1C=CC=C2C=CC=CC12)NC3CCN(C3)C(=O)C=4C=CC(F)=C(C4)N5CCC(=O)NC5=O,Z8265751554,489.499,489.499,1.092,-6.926,3,4,110.85,4,https://real.enamine.net/public-enum-files/Z8265751554
COC=1C=CC(Cl)=C2C1CCCC2N(C)C(=O)C3=CC=C(F)C(=C3)N4CCC(=O)NC4=O,Z8265787295,459.898,459.898,2.43,-5.541,1,4,78.95,4,https://real.enamine.net/public-enum-files/Z8265787295
O=C(NC=1C=CC(F)=C(C1)N2CCC(=O)NC2=O)C34CCC(=O)N4C=5C=CC=CC5C(=O)N3C6CC6,Z8266185644,491.472,491.472,0.894,-5.958,2,5,119.13,4,https://real.enamine.net/public-enum-files/Z8266185644
"O=C(N[C@@H]1C[C@H]1C=2C=NN(C2)C=3C=CC=CC3)C4=CC=C(Br)C(=C4)N5CCC(=O)NC5=O |&1:3,5,r|",Z8266217458,494.341,494.341,1.563,-5.284,2,4,96.33,5,https://real.enamine.net/public-enum-files/Z8266217458
O=C(NC=1C=C(NN1)C=2C=CC=C3CCOC23)NC=4C=CC(F)=C(C4)N5CCC(=O)NC5=O,Z8266427221,450.424,450.424,2.137,-5.949,4,5,128.45,4,https://real.enamine.net/public-enum-files/Z8266427221
O=C(C=1C=CC(Br)=C(C1)N2CCC(=O)NC2=O)N(C3=CC=CC(F)=C3)C4CCOCC4,Z8266482617,490.323,490.323,0.761,-6.013,1,4,78.95,4,https://real.enamine.net/public-enum-files/Z8266482617
"NC(=O)C1=CN(N=N1)[C@@H]2COC[C@H]2CNC(=O)NC=3C=CC(F)=C(C3)N4CCC(=O)NC4=O |&1:8,12,r|",Z8266753214,460.42,460.42,-2.191,-3.05,4,7,173.57,6,https://real.enamine.net/public-enum-files/Z8266753214
O=C(O)C(F)(F)F.CC=1C=C(CN2C[C@@H](F)C[C@H]2CN(C)C(=O)NC=3C=CC(F)=C(C3)N4CCC(=O)NC4=O)ON1,Z9354138032,590.501,476.478,0.142,-3.671,2,5,111.02,7,https://real.enamine.net/public-enum-files/Z9354138032
COC=1C=CC(=CC1N2CCC(=O)NC2=O)C(=O)N(C)CCN3C=NC=4C(N)=NC=NC43,Z8266887091,438.441,438.441,-1.696,-3.908,2,8,148.57,6,https://real.enamine.net/public-enum-files/Z8266887091
CN1N=CC=2C(=NC=NC21)NCCNC(=O)C=3C=CC(Br)=C(C3)N4CCC(=O)NC4=O,Z8266948836,487.311,487.311,-0.006,-4.779,3,7,134.14,6,https://real.enamine.net/public-enum-files/Z8266948836
O=C(NC1(CC=2C=CC(F)=CC2Cl)CCOCC1)C=3C=CC(=CC3)N4CCC(=O)NC4=O,Z8267176243,459.898,459.898,1.107,-5.605,2,4,87.74,5,https://real.enamine.net/public-enum-files/Z8267176243
O=C(O)C(F)(F)F.CN(CCOC=1C=CC=C(C1)CNC(=O)C=2C=CC(=CC2)N3CCC(=O)NC3=O)C4CCOCC4,Z9401380762,594.581,480.557,0.15,-4.923,2,6,100.21,10,https://real.enamine.net/public-enum-files/Z9401380762
O=C(O)C(F)(F)F.CC1CCN(CC1)C(CNC(=O)C=2C=CC(=CC2)N3CCC(=O)NC3=O)C4=CC=CS4,Z9310310572,554.584,440.561,1.824,-5.35,2,4,81.75,7,https://real.enamine.net/public-enum-files/Z9310310572
COC=1C=CC=C(CN(C)C(=O)C=2C=CC(=CC2)N3CCC(=O)NC3=O)C1OCC=4C=CC=CC4F,Z8267211944,491.512,491.512,2.035,-5.792,1,5,88.18,8,https://real.enamine.net/public-enum-files/Z8267211944
O=C(O)C(F)(F)F.O=C(C=1C=CC(=CC1)N2CCC(=O)NC2=O)N3CCN4C(=CN=C4C3)CC=5C=CC=CC5,Z9401380763,543.496,429.472,0.277,-4.584,1,4,87.54,5,https://real.enamine.net/public-enum-files/Z9401380763
O=C(NC(CO)C1=NC=2C=CC(Br)=CC2N1)C=3C=CC(=CC3)N4CCC(=O)NC4=O,Z8267226481,472.293,472.293,-0.021,-4.87,4,5,127.42,5,https://real.enamine.net/public-enum-files/Z8267226481
"CN1N=CC=C1[C@@H]2[C@H](CC(=O)N2C3CC3)NC(=O)C=4C=C(C=CC4F)N5CCC(=O)NC5=O |&1:6,7,r|",Z9302747157,454.455,454.455,-0.938,-3.781,2,5,116.64,5,https://real.enamine.net/public-enum-files/Z9302747157
O=C(O)C(F)(F)F.COC=1C=C(C=CC1N2CCC(=O)NC2=O)C(=O)N(CC=3C=CC=C(Cl)C3F)[C@@H]4C[C@H](N)C4,Z9402238482,588.936,474.913,1.964,-5.961,2,5,104.97,7,https://real.enamine.net/public-enum-files/Z9402238482
CC=1C=CC(=CC1N2CCC(=O)NC2=O)C(=O)N[C@@H](C)CN3C=C(N=N3)C4COC=5C=CC=CC5C4,Z9302747489,488.54,488.54,0.811,-4.653,2,6,118.45,6,https://real.enamine.net/public-enum-files/Z9302747489
"CC=1C=CC(=CC1C(=O)N[C@H]2CCC[C@H]2N3C=C(N=N3)C4(CC4)N5C=CN=N5)N6CCC(=O)NC6=O |&1:10,14,r|",Z9302747517,489.531,489.531,-1.346,-3.528,2,7,139.93,6,
CCC1=NC=C(O1)C2=CN(N=N2)C3CCC(CC3)NC(=O)C=4C=C(C=CC4C)N5CCC(=O)NC5=O,Z9302747562,491.544,491.544,-0.174,-3.546,2,6,135.25,6,https://real.enamine.net/public-enum-files/Z9302747562
"O=C(C=1C=CC(=CC1)N2CCC(=O)NC2=O)N3C[C@H](O)[C@H](C3)N4C=C(COCC5=NC=CS5)N=N4 |&1:18,20,r|",Z9302747681,497.529,497.529,-2.896,-2.606,2,8,142.78,7,
CC1=CC(=CC(=C1)C(=O)N2CC3(CCOCC3)C2C4=CC=CO4)N5CCC(=O)NC5=O,Z9302748154,423.463,423.463,-0.202,-4.37,1,4,92.09,3,https://real.enamine.net/public-enum-files/Z9302748154
CC=1C=CC(=CC1C(=O)N2CCC=3NC=NC3C2C4=CC=NN4C)N5CCC(=O)NC5=O,Z9302748232,433.464,433.464,-1.478,-4.065,2,5,116.22,3,
CCOCCN(C(=O)C=1C=CC=C(C1C)N2CCC(=O)NC2=O)C3CCC=4C=CC=CC43,Z9302748263,435.517,435.517,2.071,-4.948,1,4,78.95,7,https://real.enamine.net/public-enum-files/Z9302748263
CC=1C=C(C=CC1N2CCC(=O)NC2=O)C(=O)NC3CCCN(C3)C4=NC=CN(C)C4=O,Z9302748301,438.481,438.481,-1.057,-2.999,2,6,114.42,4,https://real.enamine.net/public-enum-files/Z9302748301
CC(CNC=1C=C(Cl)C=C(C1)N2CCC(=O)NC2=O)C=3C=CC(=CC3)C4CCCCC4,Z9302748357,439.978,439.978,5.443,-7.538,2,3,61.44,6,https://real.enamine.net/public-enum-files/Z9302748357
CC(C(=O)N1CCC=2C=CSC2C1)N(C)C(=O)C=3C=CC(=CC3)N4CCC(=O)NC4=O,Z9302748369,440.517,440.517,-0.295,-4.624,1,4,90.03,4,https://real.enamine.net/public-enum-files/Z9302748369
CCC(NC1=NN=NN1C=2C=CC=CC2)C(=O)NC3=CC(=CC=C3C)N4CCC(=O)NC4=O,Z9302748454,448.479,448.479,0.572,-5.243,3,7,134.14,7,https://real.enamine.net/public-enum-files/Z9302748454
O=C(CC1CCCC=2C=3C=CC=CC3NC21)NC4=CC(Cl)=CC(=C4)N5CCC(=O)NC5=O,Z9302748525,450.918,450.918,2.953,-6.364,3,3,94.3,4,https://real.enamine.net/public-enum-files/Z9302748525
O=C(O)C(F)(F)F.CC=1C(=CC=CC1C(=O)N2CCC[C@H]2CN3CCC=4SC=CC4C3)N5CCC(=O)NC5=O,Z9401380681,566.595,452.571,1.147,-5.032,1,4,72.96,5,https://real.enamine.net/public-enum-files/Z9401380681
CC=1C=CC(=CC1N2CCC(=O)NC2=O)C(=O)NC(C=3N=NNN3)C=4C=CC=5C=CC=CC5C4,Z9302748596,455.47,455.47,0.926,-5.847,3,6,132.97,5,https://real.enamine.net/public-enum-files/Z9302748596
CC1=CC(=CC(=C1)C(=O)N2CCN(CC2C)C=3C=CC=C4C=NC=CC34)N5CCC(=O)NC5=O,Z9302748638,457.525,457.525,1.542,-5.811,1,5,85.85,3,https://real.enamine.net/public-enum-files/Z9302748638
CCN1C=C(C=N1)C2CS(=O)(=O)CCN2C(=O)C=3C=CC(C)=C(C3)N4CCC(=O)NC4=O,Z9302748662,459.521,459.521,-1.388,-2.887,1,6,121.68,4,https://real.enamine.net/public-enum-files/Z9302748662
CC1(CC=2C=CC=C3C=CC=CC23)CCCN1C(=O)C=4C=C(C=CC4F)N5CCC(=O)NC5=O,Z9302748663,459.513,459.513,2.911,-6.863,1,3,69.72,4,https://real.enamine.net/public-enum-files/Z9302748663
O=C(O)C(F)(F)F.CCC1=CN=C(CN(C)C2CCN(C2)C(=O)C=3C=C(Cl)C=C(C3)N4CCC(=O)NC4=O)O1,Z9402047415,573.95,459.927,-0.065,-4.315,1,5,98.99,7,https://real.enamine.net/public-enum-files/Z9402047415
CC=1C=CC(=CC1C(=O)N2CCCC=3C=C(C=CC32)N4CCCCC4C)N5CCC(=O)NC5=O,Z9302748677,460.569,460.569,2.567,-6.091,1,4,72.96,3,https://real.enamine.net/public-enum-files/Z9302748677
O=C(C=1C=C(Cl)C=C(C1)N2CCC(=O)NC2=O)N3CCCC3CC=4C=CC=5C=CC=CC5C4,Z9302748680,461.941,461.941,2.962,-7.01,1,3,69.72,4,https://real.enamine.net/public-enum-files/Z9302748680
O=C(O)C(F)(F)F.CC=1C(=CC=CC1C(=O)N(C)C2CCCN(CC3=NOC(=N3)C4CC4)C2)N5CCC(=O)NC5=O,Z9402047413,580.557,466.534,-0.208,-3.714,1,6,111.88,7,https://real.enamine.net/public-enum-files/Z9402047413
O=C(O)C(F)(F)F.CCC(C=1C=C(Cl)C=C2CCOC12)N3CCC(CC3)C=4C=CC(=CC4)N5CCC(=O)NC5=O,Z9310743968,582.012,467.988,3.993,-5.538,1,4,61.88,6,https://real.enamine.net/public-enum-files/Z9310743968
C[C@@H](CNC(=O)C=1C=C(C=CC1F)N2CCC(=O)NC2=O)N3C=C(N=N3)C=4C=CC5=NC=NN5C4,Z9302748989,477.452,477.452,-1.078,-4.38,2,7,139.41,6,https://real.enamine.net/public-enum-files/Z9302748989
CC=1C=CC(=CC1N2CCC(=O)NC2=O)C(=O)NC3(CCCCCC3)C4=NOC(=N4)C5CCCO5,Z9302749064,481.545,481.545,0.873,-4.92,2,6,126.66,5,https://real.enamine.net/public-enum-files/Z9302749064
CC=1C=C(C=CC1N2CCC(=O)NC2=O)C(=O)N[C@H](C)C3=NNC(=N3)C=4C=CC(=CC4)C(F)(F)F,Z9302749209,486.448,486.448,1.897,-6.267,3,5,120.08,6,https://real.enamine.net/public-enum-files/Z9302749209
CCC=1C=CC=C2C=3CCOC(CC)(CC(=O)NC4=CC=CC(=C4C)N5CCC(=O)NC5=O)C3NC12,Z9302749317,488.579,488.579,2.408,-6.576,3,4,103.53,6,https://real.enamine.net/public-enum-files/Z9302749317
COCC(NC(=O)N1CCC(CC1)C=2C=CC(=CC2)N3CCC(=O)NC3=O)C=4C=CC=5NC=CC5C4,Z9302749405,489.567,489.567,1.565,-5.097,3,4,106.77,6,https://real.enamine.net/public-enum-files/Z9302749405
COC=1C=CC2=C(C1)CN(C(=O)C=3C=C(Cl)C=C(C3)N4CCC(=O)NC4=O)C2C=5C=CC(C)=CC5,Z9302749408,489.951,489.951,3.157,-6.855,1,4,78.95,4,https://real.enamine.net/public-enum-files/Z9302749408
CC=1C=C(CN2C=C(CCC3CCCN3C(=O)C4=CC=C(C)C(=C4)N5CCC(=O)NC5=O)N=N2)ON1,Z9302749469,491.544,491.544,-1.009,-3.028,1,6,126.46,7,https://real.enamine.net/public-enum-files/Z9302749469
CC1(COCCN1C(=O)C=2C=CC(=CC2)N3CCC(=O)NC3=O)C4=CN(CC=5C=CC=C(F)C5)N=N4,Z9302749477,492.503,492.503,0.193,-4.427,1,6,109.66,5,https://real.enamine.net/public-enum-files/Z9302749477
CCC(NC(=O)C=1C=CC(=C(C)C1)N2CCC(=O)NC2=O)C=3C=CC=CC3OCC(=O)N4CCCC4,Z9302749495,492.568,492.568,1.302,-5.556,2,5,108.05,8,https://real.enamine.net/public-enum-files/Z9302749495
COC=1C=CC(C)=CC1C2(C)NC(=O)N(CC(=O)NC3=CC(C)=CC(=C3)N4CCC(=O)NC4=O)C2=O,Z9302749548,493.513,493.513,1.105,-5.46,3,6,137.15,6,https://real.enamine.net/public-enum-files/Z9302749548
CC1=CC(=CC(=C1)C(=O)N2CCN(C3=NC=CN4C=NN=C34)C(C)C2)N5CCC(=O)NC5=O,Z9302748459,448.479,448.479,-0.509,-4.44,1,7,116.04,3,https://real.enamine.net/public-enum-files/Z9302748459
CC(CN1C=NC2=C(C=NN2C)C1=O)NC(=O)C3=CC(Cl)=CC(=C3)N4CCC(=O)NC4=O,Z9302748650,457.871,457.871,-0.916,-4.27,2,6,129,5,https://real.enamine.net/public-enum-files/Z9302748650
CC=1C=C(C=CC1N2CCC(=O)NC2=O)C(=O)N3CCNC(=O)[C@@H]3CC4=CNC=5C=CC=CC45,Z9302748660,459.498,459.498,0.658,-5.27,3,4,114.61,4,https://real.enamine.net/public-enum-files/Z9302748660
CC=1C=C(C=C(C1)N2CCC(=O)NC2=O)NC(=O)C3=CN(CC4COC=5C=CC=CC5O4)N=N3,Z9302748688,462.459,462.459,0.45,-4.802,2,7,127.68,5,
CC1CN(CCN1C(=O)C=2C=CC=C(C2)N3CCC(=O)NC3=O)C=4N=CC=NC4C=5N=NNN5,Z9302748693,462.466,462.466,-1.046,-3.312,2,9,153.2,4,https://real.enamine.net/public-enum-files/Z9302748693
CCOCC(CC=1C=CC(F)=CC1F)N(C)C(=O)C2=CC(=CC=C2F)N3CCC(=O)NC3=O,Z9302748704,463.451,463.451,1.513,-4.982,1,4,78.95,8,https://real.enamine.net/public-enum-files/Z9302748704
CC=1C=C(C=CC1N2CCC(=O)NC2=O)C(=O)N3CCOCC3C4=NOC(=N4)C=5C=NN(C)C5,Z9302748753,465.463,465.463,-1.415,-3.495,1,7,135.69,4,https://real.enamine.net/public-enum-files/Z9302748753
CC1=CC(=CC(=C1)C(=O)N2CC(CC(=O)N(C)C)C=3C=C(Cl)C=CC32)N4CCC(=O)NC4=O,Z9302748799,468.933,468.933,0.008,-5.421,1,4,90.03,4,https://real.enamine.net/public-enum-files/Z9302748799
COC=1C=CC=2C=C(C=CC2C1)C3CN(CCO3)C(=O)C4=CC(=CC=C4C)N5CCC(=O)NC5=O,Z9302748857,473.522,473.522,1.593,-6.578,1,5,88.18,4,https://real.enamine.net/public-enum-files/Z9302748857
CC=1C=C(C=CC1N2CCC(=O)NC2=O)C(=O)NC3=CC=CC(=C3)N4C(=O)NC(C)(C4=O)C5CC5,Z9302748884,475.498,475.498,0.114,-5.255,3,5,127.92,5,https://real.enamine.net/public-enum-files/Z9302748884
O=C(O)C(F)(F)F.O=C1CCN(C(=O)N1)C=2C=CC(=CC2)C3CCN(CC(O)CN4N=CC=5C=CC=CC5C4=O)CC3,Z9310700239,589.564,475.541,-0.268,-4.401,2,6,105.55,7,https://real.enamine.net/public-enum-files/Z9310700239
CC1CC=2C=CC=CC2N1CC=3C=COC3C(=O)NC4=CC(Cl)=CC(=C4)N5CCC(=O)NC5=O,Z9302749022,478.928,478.928,2.835,-5.984,2,4,94.89,5,https://real.enamine.net/public-enum-files/Z9302749022
COCCN1C=C(C=N1)C2N(CC32CCOCC3)C(=O)C=4C=CC=C(C4C)N5CCC(=O)NC5=O,Z9302749068,481.545,481.545,-1.198,-2.669,1,6,106,6,https://real.enamine.net/public-enum-files/Z9302749068
CC1CCC=2C=C(F)C=C3C(=O)C(=CN1C32)C(=O)NC4=CC(Cl)=CC(=C4)N5CCC(=O)NC5=O,Z9302749096,482.892,482.892,1.443,-5.519,2,5,98.82,3,https://real.enamine.net/public-enum-files/Z9302749096
CC=1C=CC(=CC1NC(=O)C=2C=CC=C(C2)NC(=O)C3CC=4C=CC=CC4O3)N5CCC(=O)NC5=O,Z9302749135,484.504,484.504,0.885,-6.425,3,5,116.84,5,https://real.enamine.net/public-enum-files/Z9302749135
CC1=CC(=CC(=C1)C(=O)N2CCCC2(C)CC=3C=CC(F)=C(C3)C(F)(F)F)N4CCC(=O)NC4=O,Z9302749450,491.479,491.479,3.043,-6.474,1,3,69.72,5,https://real.enamine.net/public-enum-files/Z9302749450
O=C(O)C(F)(F)F.CC=1C=C(C=CC1N2CCC(=O)NC2=O)C(=O)N=S(=O)(CCN)C=3C=CC=C(Br)C3,Z9402912079,607.399,493.376,0.882,-6.453,2,6,121.93,6,https://real.enamine.net/public-enum-files/Z9402912079
COCOC(C)C=1C=C(F)C(=CC1Br)CNC=2C=C(C)C=C(C2)N3CCC(=O)NC3=O,Z9302749573,494.354,494.354,1.991,-5.11,2,5,79.9,8,https://real.enamine.net/public-enum-files/Z9302749573
O=C(O)C(F)(F)F.CN(CCN(C)C(=O)C=1C=CC(=CC1)N2CCC(=O)NC2=O)CC3=CN(N=N3)C4CCCCNC4=O,Z9311796619,610.587,496.563,-1.544,-2.708,2,7,132.77,9,https://real.enamine.net/public-enum-files/Z9311796619
O=C(O)C(F)(F)F.CC=1C=CC(=CC1C(=O)N2CCCC2CN3C=C(N=N3)C=4C=CN5C=CN=C5C4)N6CCC(=O)NC6=O,Z9312343034,612.561,498.538,0.286,-5.175,1,6,117.73,6,https://real.enamine.net/public-enum-files/Z9312343034
O=C(C1CCCN1C=2N=CN=C3C=CC=CC23)N4CCC(CC4)C=5C=CC(=CC5)N6CCC(=O)NC6=O,Z9302749776,498.578,498.578,1.506,-6.037,1,6,98.74,4,https://real.enamine.net/public-enum-files/Z9302749776
CC1=CC(=CC(=C1)NC(=O)C(C)(CC2=NC=3C=CC=CC3S2)C=4C=CC=CC4)N5CCC(=O)NC5=O,Z9302749783,498.598,498.598,3.083,-5.982,2,4,91.4,6,https://real.enamine.net/public-enum-files/Z9302749783
CN(CC(O)COC=1C=CC=CC1C(F)(F)F)C(=O)C2=CC(Cl)=CC(=C2)N3CCC(=O)NC3=O,Z9302749895,499.868,499.868,1.628,-5.634,2,5,99.18,8,https://real.enamine.net/public-enum-files/Z9302749895
CCOC=1C=CC=2OCC(CC2C1)C(=O)NC=3C=C(Cl)C=C(C3)N4CCC(=O)NC4=O,Z9302748429,443.881,443.881,2.34,-5.264,2,5,96.97,5,https://real.enamine.net/public-enum-files/Z9302748429
CC=1C=CC(OC2CCCC2)=C(C1)C=3C=CC(=CC3)N4CCC(=O)NC4=O,Z9302750070,364.438,364.438,3.031,-6.072,1,3,58.64,4,https://real.enamine.net/public-enum-files/Z9302750070
CC1=NOC=2N=C(NC=3C=CC=C(C3C)N4CCC(=O)NC4=O)NC(=O)C12,Z9302750121,368.348,368.348,0.176,-4.522,3,6,128.93,3,https://real.enamine.net/public-enum-files/Z9302750121
O=C1CCN(C(=O)N1)C=2C=CC(=CC2)C=3C=CC(=CC3CO)S(=O)(=O)N4CCCC4,Z9302750725,429.491,429.491,0.192,-4.444,2,5,107.02,4,https://real.enamine.net/public-enum-files/Z9302750725
CC1=CC(=CC(=C1)C(=O)NC(C)(C)CC2=CNC=3C=C(C)C=CC23)N4CCC(=O)NC4=O,Z9302750762,432.516,432.516,2.325,-6.202,3,3,94.3,5,https://real.enamine.net/public-enum-files/Z9302750762
CC=1C=C(C=C(C1)N2CCC(=O)NC2=O)NC(=O)C3=NC=C(O3)C=4C=CC=5C=CC=CC5N4,Z9302750945,441.44,441.44,1.908,-5.112,2,5,117.43,4,https://real.enamine.net/public-enum-files/Z9302750945
O=C(O)C(F)(F)F.CC=1C=CC(=CC1N2CCC(=O)NC2=O)C(=O)NC3=NC=4C=CC=CC4N3C5CCNCC5,Z9314606887,560.526,446.503,0.733,-5.445,3,5,108.36,5,https://real.enamine.net/public-enum-files/Z9314606887
O=C(O)C(F)(F)F.CC=1C=C(C=C(C1)N2CCC(=O)NC2=O)NC(=O)C3=CC=CN(CCCN4C=CN=C4)C3=O,Z9401520687,562.499,448.476,-0.737,-4.198,2,5,116.64,8,https://real.enamine.net/public-enum-files/Z9401520687
COC=1C=CC=C(CN(CC2(C)COC2)C(=O)C3=CC=C(C(C)=C3)N4CCC(=O)NC4=O)N1,Z9302751235,452.504,452.504,-0.06,-4.263,1,6,101.07,7,https://real.enamine.net/public-enum-files/Z9302751235
CC=1NN=CC1CCCNC(=O)CCNC(=O)C=2C=C(Cl)C=C(C2)N3CCC(=O)NC3=O,Z9302751470,460.915,460.915,-0.586,-3.808,4,5,136.29,9,https://real.enamine.net/public-enum-files/Z9302751470
O=C(NC=1C=CC(=C2C=CN=CC12)N3CCCCC3)C=4C=C(C=CC4F)N5CCC(=O)NC5=O,Z9302751492,461.489,461.489,1.672,-5.686,2,5,94.64,4,https://real.enamine.net/public-enum-files/Z9302751492
CC=1C=C(C=C(C1)N2CCC(=O)NC2=O)NC(=O)CCNC(=O)C=3C=CC(=CC3)C4=NN=NN4,Z9302751501,462.462,462.462,-0.146,-5.179,4,7,162.07,7,https://real.enamine.net/public-enum-files/Z9302751501
COCCN1C=CC=2C(=CC=CC21)OCC(=O)NC=3C=C(Cl)C=C(C3)N4CCC(=O)NC4=O,Z9302751713,470.906,470.906,1.84,-4.637,2,5,101.9,8,https://real.enamine.net/public-enum-files/Z9302751713
CC=1C=CC(=CC1C(=O)NC=2C=CC=3CCN(CC=4C=CC(F)=CC4)C3C2)N5CCC(=O)NC5=O,Z9302751774,472.512,472.512,2.811,-6.548,2,4,81.75,5,https://real.enamine.net/public-enum-files/Z9302751774
O=C(NC1=NC=C(CC=2C=CC=CC2C=3N=NNN3)S1)C4=CC=CC(=C4)N5CCC(=O)NC5=O,Z9302751839,474.497,474.497,0.827,-5.904,3,7,145.86,6,https://real.enamine.net/public-enum-files/Z9302751839
CCOC=1C=C(C=CC1OCC=2C=CC=NC2)C(=O)NC3=CC=C(C(C)=C3)N4CCC(=O)NC4=O,Z9302751840,474.51,474.51,1.499,-5.067,2,6,109.86,8,https://real.enamine.net/public-enum-files/Z9302751840
CCCN(CC(=O)NC=1C=CC(F)=C(F)C1F)C(=O)C=2C=CC(=C(C)C2)N3CCC(=O)NC3=O,Z9302751892,476.449,476.449,1.227,-5.826,2,4,98.82,7,https://real.enamine.net/public-enum-files/Z9302751892
CCN(CCN1C=C(CNC=2C=CC=C(F)C2)N=N1)C(=O)C=3C=CC(=CC3)N4CCC(=O)NC4=O,Z9302752026,479.508,479.508,0.112,-4.06,2,6,112.46,9,https://real.enamine.net/public-enum-files/Z9302752026
O=C(C=1C=CC(Br)=C(C1)N2CCC(=O)NC2=O)N3CCC4=C(C=CC=C43)OC(F)F,Z9302752045,480.26,480.26,1.606,-5.921,1,4,78.95,4,https://real.enamine.net/public-enum-files/Z9302752045
CC=1C=C(C=NC1N2CCN3C=NN=C3C2)C(=O)NC4=CC(Cl)=CC(=C4)N5CCC(=O)NC5=O,Z9302752072,480.908,480.908,-0.544,-4.466,2,7,125.35,4,https://real.enamine.net/public-enum-files/Z9302752072
O=C(O)C(F)(F)F.N#CCCN1C=C(CN2CCC(CC2)C=3C=CC(=CC3)N4CCC(=O)NC4=O)C(=N1)C=5C=CN=CC5,Z9318551639,597.59,483.566,0.356,-3.374,1,6,107.15,8,https://real.enamine.net/public-enum-files/Z9318551639
CC(C)(O)C1=NC=2C(=NC(Cl)=NC2N1)N3CCC(CC3)C=4C=CC(=CC4)N5CCC(=O)NC5=O,Z9302752221,483.951,483.951,0.884,-5.52,3,7,127.34,4,https://real.enamine.net/public-enum-files/Z9302752221
O=C(O)C(F)(F)F.CN1CCN(CC1)C=2N=CC=3CN(CCC3N2)C(=O)C=4C=C(Cl)C=C(C4)N5CCC(=O)NC5=O,Z9310316644,597.975,483.951,-0.156,-4.713,1,7,101.98,4,https://real.enamine.net/public-enum-files/Z9310316644
O=C(O)C(F)(F)F.CC=1C=CC(=CC1NC(=O)C2=CC=3CN(CC=4C=CC=CC4)CCC3NC2=O)N5CCC(=O)NC5=O,Z9401381155,599.559,485.536,-0.073,-5.603,3,5,110.85,6,https://real.enamine.net/public-enum-files/Z9401381155
CC=1C=C(C=CC1NC(=O)C=2C=CC=C(C2C)N3CCC(=O)NC3=O)OCC=4C=C(C#N)C=CC4F,Z9302752365,486.496,486.496,1.748,-6.686,2,5,111.53,6,https://real.enamine.net/public-enum-files/Z9302752365
CC=1C=CC(=CC1C(=O)N2CC(C2)N3C=C(N=N3)C=4C=CC=5SC=NC5C4)N6CCC(=O)NC6=O,Z9302752441,487.536,487.536,0.517,-5.605,1,6,113.32,4,https://real.enamine.net/public-enum-files/Z9302752441
CC=1C=C(C=CC1N2CCC(=O)NC2=O)NC(=O)C=3N=C(C4=CC=CS4)N(N3)C=5C=CC=C(F)C5,Z9302752666,490.512,490.512,3.003,-6.095,2,5,109.22,5,https://real.enamine.net/public-enum-files/Z9302752666
O=C(C=1C=C(C=CC1F)N2CCC(=O)NC2=O)N3CCC(CC3)N4C=C(N=N4)C=5C=NN6CCNC56,Z9302752795,493.495,493.495,-2.061,-3.553,2,7,130.28,4,https://real.enamine.net/public-enum-files/Z9302752795
O=C(O)C(F)(F)F.CC=1C(=CC=CC1N2CCC(=O)NC2=O)C(=O)NCC=3C=CC=C(C3)NC(=O)CCN4CCOCC4,Z9401380151,607.579,493.556,0.004,-4.496,3,6,120.08,9,https://real.enamine.net/public-enum-files/Z9401380151
CC1=CC(=CC(=C1)C(=O)NCC=2C(C)=C(C)N=NC2OC=3C=CC(F)=C(F)C3)N4CCC(=O)NC4=O,Z9302752937,495.479,495.479,1.487,-6.363,2,5,113.52,6,https://real.enamine.net/public-enum-files/Z9302752937
CC1=NN(C(C)=C1CCC(=O)NC=2C=C(Cl)C=C(C2)N3CCC(=O)NC3=O)C4=NC(C)=CC(=O)N4,Z9302753089,497.935,497.935,-0.327,-4.589,3,6,137.79,6,https://real.enamine.net/public-enum-files/Z9302753089
CC=1C=C(C=CC1N2CCC(=O)NC2=O)NC(=O)CCC=3C(C)=NC4=C(C=NN4C3O)C=5C=CC=CC5,Z9302753138,498.534,498.534,2.375,-5.735,3,6,128.93,6,https://real.enamine.net/public-enum-files/Z9302753138
CC=1C=C(C=CC1N2CCC(=O)NC2=O)C(=O)N(C)CCN3C=C(N=N3)C=4N=CC=CC4OC(F)F,Z9302753166,499.471,499.471,-0.031,-3.47,1,7,122.55,8,https://real.enamine.net/public-enum-files/Z9302753166
CC1=CC=NC=C1N2C=C(N=N2)C3=CN(C)N=C3CNC(=O)C=4C=C(C=CC4C)N5CCC(=O)NC5=O,Z9302753200,499.526,499.526,-0.157,-3.45,2,7,139.93,6,https://real.enamine.net/public-enum-files/Z9302753200
CC(C)N(CC1=CC=C(S1)C=2C=CC=CC2F)C(=O)C3=CC(Cl)=CC(=C3)N4CCC(=O)NC4=O,Z9302753226,499.987,499.987,3.988,-7.451,1,3,69.72,6,https://real.enamine.net/public-enum-files/Z9302753226
CC1=CC(=CC(=C1)NC(=O)COC2=NSN=C2N3CCOCC3)N4CCC(=O)NC4=O,Z9302751018,446.482,446.482,0.083,-4.605,2,8,125.99,6,https://real.enamine.net/public-enum-files/Z9302751018
O=C(O)C(F)(F)F.O=C1CCN(C(=O)N1)C=2C=C(C=CC2F)NC=3N=CN=C4CCN(CC=5C=CC=CC5)CC34,Z9317944928,560.501,446.478,2.216,-5.465,2,6,90.46,6,https://real.enamine.net/public-enum-files/Z9317944928
CCN(CC=1C(=CN=C(C)C1O)CO)C(=O)C=2C=C(Cl)C=C(C2)N3CCC(=O)NC3=O,Z9302751060,446.885,446.885,0.335,-3.02,3,6,123.07,6,https://real.enamine.net/public-enum-files/Z9302751060
CC=1N=C(NC(=O)C1CC(=O)NC=2C=CC(=C(F)C2)N3CCC(=O)NC3=O)C=4C=CC=NC4,Z9302751167,450.424,450.424,-1.483,-4.109,3,6,132.86,5,https://real.enamine.net/public-enum-files/Z9302751167
CC=1OC(=NC1CNC=2C=C(C)C=C(C2)N3CCC(=O)NC3=O)C=4C=CC=C(C4)C(F)(F)F,Z9302751381,458.434,458.434,2.167,-6.014,2,4,87.47,6,https://real.enamine.net/public-enum-files/Z9302751381
CC=1C=CC(=CC1NC(=O)C2=CC(=CS2)C=3C=CC=CC3OC(C)C)N4CCC(=O)NC4=O,Z9302751534,463.551,463.551,2.119,-6.921,2,4,87.74,6,https://real.enamine.net/public-enum-files/Z9302751534
O=C(O)C(F)(F)F.O=C(NCC1CCN(CC1)C=2N=CN=C3NC=CC23)C=4C=C(C=CC4F)N5CCC(=O)NC5=O,Z9398074090,579.505,465.481,-0.251,-6.313,3,6,123.32,6,https://real.enamine.net/public-enum-files/Z9398074090
CCC=1C=C(C(=O)NC=2C=CC(=C(F)C2)N3CCC(=O)NC3=O)C=4C(CC(C)(C)C)=NOC4N1,Z9302751623,467.494,467.494,2.977,-5.758,2,5,117.43,6,https://real.enamine.net/public-enum-files/Z9302751623
CC1=CC(=CC(=C1)NC=2C=C(N=CN2)OC=3C=CC=CC3Br)N4CCC(=O)NC4=O,Z9302751638,468.304,468.304,3.379,-7.055,2,5,96.45,5,https://real.enamine.net/public-enum-files/Z9302751638
CC=1C(=CC=CC1N2CCC(=O)NC2=O)C(=O)N3CCN(CC3)C(=O)CC4=CNC=5C=CC=CC45,Z9302751801,473.525,473.525,0.571,-5.298,2,4,105.82,4,https://real.enamine.net/public-enum-files/Z9302751801
CC=1C=C(C=C(C1)N2CCC(=O)NC2=O)NC(=O)C=3OC4=CC(Cl)=CC=C4C3C=5C=CC=CC5,Z9302751808,473.908,473.908,3.672,-8.426,2,3,91.65,4,https://real.enamine.net/public-enum-files/Z9302751808
CC=1C=CC(=CC1N2CCC(=O)NC2=O)C(=O)N3CCCN(CC3)C=4N=CC=CC4C=5N=NNN5,Z9302751864,475.504,475.504,-0.621,-4.791,2,8,140.31,4,https://real.enamine.net/public-enum-files/Z9302751864
O=C(O)C(F)(F)F.CC=1C(=CC=CC1C(=O)N2CCC(CC2)C(=O)NCCCN3CCCCC3)N4CCC(=O)NC4=O,Z9401381152,597.628,483.604,-0.479,-4.033,2,5,102.06,8,https://real.enamine.net/public-enum-files/Z9401381152
O=C(NC=1C=C(Cl)C=C(C1)N2CCC(=O)NC2=O)C3=CC=C(S3)C=4C=CC=5OCCOC5C4,Z9302752201,483.926,483.926,3.069,-7.274,2,5,96.97,4,https://real.enamine.net/public-enum-files/Z9302752201
O=C(NC=1C=CC(=C(F)C1)N2CCC(=O)NC2=O)C=3C=CC(Cl)=CC3NCCCN4C=CC=N4,Z9302752274,484.911,484.911,2.306,-5.004,3,5,108.36,8,https://real.enamine.net/public-enum-files/Z9302752274
CC=1C=C(C=CC1N2CCC(=O)NC2=O)C(=O)N3CCC(CC4=NC(=NO4)C=5C=CC(F)=CN5)CC3,Z9302752723,492.503,492.503,0.114,-4.446,1,6,121.53,5,https://real.enamine.net/public-enum-files/Z9302752723
O=C(O)C(F)(F)F.CCCN1CCN(CC1)C=2C=CC(NC(=O)C=3C=C(C)C=C(C3)N4CCC(=O)NC4=O)=C(C2)OCC,Z9401380683,607.623,493.599,1.941,-5.609,2,6,94.22,9,https://real.enamine.net/public-enum-files/Z9401380683
CN1CC(=O)N(CC=2C=CC(=CC2NC(=O)C=3C=C(C=CC3F)N4CCC(=O)NC4=O)C(N)=O)C1=O,Z9302752990,496.449,496.449,-3.071,-4.935,3,6,162.22,6,https://real.enamine.net/public-enum-files/Z9302752990
O=C(NCC1=CN(CC2=NC=3CCOCC3C(=O)N2)N=N1)C=4C=C(C=CC4F)N5CCC(=O)NC5=O,Z9302752994,496.452,496.452,-4.427,-2.785,3,8,159.91,6,https://real.enamine.net/public-enum-files/Z9302752994
CC=1C=CC(=CC1C(=O)NC2(CC(F)(F)C2)C3=CN(CC=4C=CN=CN4)N=N3)N5CCC(=O)NC5=O,Z9302752998,496.471,496.471,-2.41,-4.368,2,7,135,6,https://real.enamine.net/public-enum-files/Z9302752998
CC=1C=CC(=CC1NC(=O)C=2N=NN(C2C3CC3)C4=CC=CC(=C4)C(F)(F)F)N5CCC(=O)NC5=O,Z9302753108,498.458,498.458,1.363,-5.81,2,5,109.22,6,https://real.enamine.net/public-enum-files/Z9302753108
CC=1C=C(C=CC1N2CCC(=O)NC2=O)C(=O)NC3(CCC3)C4=CN(CC5=CN6C=CC=CC6=N5)N=N4,Z9302753144,498.538,498.538,0.262,-4.242,2,6,126.52,6,https://real.enamine.net/public-enum-files/Z9302753144
O=C(NCC=1OC=NC1C2=CN(N=N2)C=3C=CC=4OCCC4C3)C=5C=CC(=CC5)N6CCC(=O)NC6=O,Z9302753169,499.479,499.479,0.152,-4.446,2,7,144.48,6,https://real.enamine.net/public-enum-files/Z9302753169
O=C(O)C(F)(F)F.CCN1C=CN=C1CN(CC=2C=CC(=CC2)N3C=CN=C3)C(=O)C=4C=CC=C(C4)N5CCC(=O)NC5=O,Z9398065902,611.573,497.55,0.546,-4.506,1,5,105.36,9,https://real.enamine.net/public-enum-files/Z9398065902
O=C(C=1C=CC=C(C1)N2CCC(=O)NC2=O)N3CCC4=C(C3)NC=5C=C(Br)C=CC54,Z7806396246,467.316,467.316,1.772,-6.099,2,3,85.51,2,https://real.enamine.net/public-enum-files/Z7806396246
O=C(C=1C=CC=C(C1)N2CCC(=O)NC2=O)N3CCCCC3C4=NC=5C=C(Cl)C=CC5N4,Z7806420671,451.906,451.906,1.863,-5.593,2,4,98.4,3,https://real.enamine.net/public-enum-files/Z7806420671
CC1(CCN(C1)C(=O)C2=CC=CC(=C2)N3CCC(=O)NC3=O)C4=NN=C5CCCCN45,Z7806568186,422.481,422.481,-1.621,-2.898,1,5,100.43,3,https://real.enamine.net/public-enum-files/Z7806568186
"O=C(O)C(F)(F)F.CC(C)(C)N1CC[C@H](NC(=O)C2=CC=CC(=C2)N3CCC(=O)NC3=O)[C@H]1C=4C=CC(Cl)=C(F)C4 |&1:14,32,r|",Z9401380771,600.99,486.967,2.604,-6.196,2,4,81.75,6,https://real.enamine.net/public-enum-files/Z9401380771
O=C(NC1=CC(=NN1CCO)C2=CC=3C=CC=CC3O2)C4=CC=CC(=C4)N5CCC(=O)NC5=O,Z7807120168,459.455,459.455,1.019,-5.438,3,5,129.7,6,https://real.enamine.net/public-enum-files/Z7807120168
COC=1C=CC(=CC1N2CCC(=O)NC2=O)C(=O)N(CC(=O)NC=3C=CC=CC3)CC4=CC=CO4,Z8265560853,476.482,476.482,0.987,-5.113,2,5,121.19,8,https://real.enamine.net/public-enum-files/Z8265560853
COC=1C=C(C=CC1N2CCC(=O)NC2=O)C(=O)NC(C)COCC=3C=CC=C(C3)OC(F)F,Z8265654705,477.459,477.459,1.348,-4.81,2,6,106.2,10,https://real.enamine.net/public-enum-files/Z8265654705
O=C(O)C(F)(F)F.COC=1C=C(C=CC1N2CCC(=O)NC2=O)C(=O)N3CCN(CC4=NC=5C=CSC5C(=O)N4)CC3,Z9322330857,610.565,496.541,-1.072,-4.286,2,7,123.65,6,https://real.enamine.net/public-enum-files/Z9322330857
"COC=1C=C(C=CC1N2CCC(=O)NC2=O)C(=O)N3CCC(CC3)[C@@H]4OCCC[C@H]4C5=NC(C)=NO5 |&1:24,29,r|",Z8265700214,497.545,497.545,-1.209,-3.433,1,7,127.1,5,https://real.enamine.net/public-enum-files/Z8265700214
CC=1C=CC(=CC1)N2N=C(CCCNC(=O)C=3C=CC(F)=C(C3)N4CCC(=O)NC4=O)C(C#N)=C2N,Z8265704638,489.503,489.503,0.891,-5.44,3,6,146.14,7,https://real.enamine.net/public-enum-files/Z8265704638
O=C(NC1CCC=2NC=3C=CC(Cl)=CC3C2C1)C4=CC=C(F)C(=C4)N5CCC(=O)NC5=O,Z8265707133,454.882,454.882,2.289,-6.207,3,3,94.3,3,https://real.enamine.net/public-enum-files/Z8265707133
CC1=NOC(C)=C1S(=O)(=O)N2CCCN(CC2)C(=O)C3=CC=C(F)C(=C3)N4CCC(=O)NC4=O,Z8265715875,493.511,493.511,-1.046,-3.437,1,6,133.13,3,https://real.enamine.net/public-enum-files/Z8265715875
"O=C(C=1C=CC(=CC1)N2CCC(=O)NC2=O)N3C[C@@H]4OCC5=CN=NN5[C@H]4C3 |&1:18,26,r|",Z8265727994,382.374,382.374,-2.709,-2.863,1,6,109.66,2,https://real.enamine.net/public-enum-files/Z8265727994
O=C(O)C(F)(F)F.CCCN(C(=O)C=1C=CC(F)=C(C1)N2CCC(=O)NC2=O)C3CCN(CC3)C=4C=C(C)N=C(C)N4,Z9402911604,596.575,482.552,0.497,-5.345,1,6,98.74,7,https://real.enamine.net/public-enum-files/Z9402911604
CC1=NOC(=N1)C23CC(C2)CN3C(=O)C=4C=CC(=CC4)N5CCC(=O)NC5=O,Z8265783909,381.386,381.386,-1.534,-3.38,1,5,108.64,3,https://real.enamine.net/public-enum-files/Z8265783909
O=C(C=1C=CC(F)=C(C1)N2CCC(=O)NC2=O)N3CCC4=CC=CC=C4C3CCCC=5C=CC=CC5,Z8265790826,485.551,485.551,3.965,-6.761,1,3,69.72,6,https://real.enamine.net/public-enum-files/Z8265790826
CS(=O)(=NC(=O)C=1C=CC(F)=C(C1)N2CCC(=O)NC2=O)C=3C=CC=4C=CC=CC4C3,Z8265992061,439.461,439.461,1.212,-6.96,1,5,95.91,3,https://real.enamine.net/public-enum-files/Z8265992061
CC1=C(SC=2C=CC(C#N)=CC12)S(=O)(=O)NC=3C=CC(F)=C(C3)N4CCC(=O)NC4=O,Z8266118263,458.489,458.489,2.022,-6.304,2,5,119.37,3,https://real.enamine.net/public-enum-files/Z8266118263
O=C(C=1C=CC(Br)=C(C1)N2CCC(=O)NC2=O)N3CCCCC3C4=CC=5C=CC=CC5N4,Z8266171532,495.369,495.369,2.578,-6.736,2,3,85.51,3,https://real.enamine.net/public-enum-files/Z8266171532
O=C(O)C(F)(F)F.CC1=NN=C2CN(CCN12)C3CN(C3)C(=O)C=4C=CC(Br)=C(C4)N5CCC(=O)NC5=O,Z9348859235,602.362,488.338,-1.563,-3.501,1,6,103.67,4,https://real.enamine.net/public-enum-files/Z9348859235
O=C(C=1C=CC(Br)=C(C1)N2CCC(=O)NC2=O)N3CCN(CC3)C=4C=CC=5OC=CC5C4,Z8266328264,497.342,497.342,1.934,-6.146,1,4,86.1,3,https://real.enamine.net/public-enum-files/Z8266328264
O=C(O)C(F)(F)F.CC1=NC=2CCCCC2N1C3CCN(C3)C(=O)NC=4C=CC(F)=C(C4)N5CCC(=O)NC5=O,Z9354138024,568.522,454.498,0.031,-4.361,2,4,99.57,4,https://real.enamine.net/public-enum-files/Z9354138024
O=C(NS(=O)(=O)C=1NC=C2C1CCS2(=O)=O)C3=CC=C(F)C(=C3)N4CCC(=O)NC4=O,Z8267130659,470.455,470.455,-1.432,-4.147,3,7,162.58,3,https://real.enamine.net/public-enum-files/Z8267130659
O=C(O)C(F)(F)F.CS(=O)(=NC(=O)C=1C=CC(=CC1)N2CCC(=O)NC2=O)C=3C=NN4CCNCC34,Z9314605172,530.48,416.456,-2.667,-3.687,2,7,125.76,4,https://real.enamine.net/public-enum-files/Z9314605172
COC=1C=C2CCN(C(=O)C=3C=CC(=CC3)N4CCC(=O)NC4=O)C(C5=CC=CS5)C2=CC1OC,Z8267149226,491.561,491.561,1.613,-5.645,1,5,88.18,5,https://real.enamine.net/public-enum-files/Z8267149226
O=C(O)C(F)(F)F.O=C(NC=1C=NC=2CC3CCC(N3)C2C1)C=4C=CC(=CC4)N5CCC(=O)NC5=O,Z9402912076,505.448,391.424,-0.581,-4.112,3,5,103.43,4,https://real.enamine.net/public-enum-files/Z9402912076
COC=1C=CC=C(C1)CC(=O)N2CCC=3C=CC(=CC32)NC(=O)C=4C=CC(=CC4)N5CCC(=O)NC5=O,Z8267161896,498.531,498.531,1.228,-5.74,2,5,108.05,6,https://real.enamine.net/public-enum-files/Z8267161896
NC=1NN=C(CCCNC(=O)C=2C=CC(=CC2)N3CCC(=O)NC3=O)C1C4=NC=5C=CC=CC5S4,Z8267165964,489.552,489.552,0.695,-5.821,4,6,146.1,7,https://real.enamine.net/public-enum-files/Z8267165964
CC=1C=C(C=CC1O)C2=CN=C(NC(=O)C=3C=CC(=CC3)N4CCC(=O)NC4=O)N2C,Z8267167372,419.434,419.434,1.1,-4.909,3,5,116.56,4,https://real.enamine.net/public-enum-files/Z8267167372
O=C(C=1C=CC(=CC1)N2CCC(=O)NC2=O)N3CCCN(CC3)C(=O)C=4C=CC=CC4C(F)(F)F,Z8267168015,488.46,488.46,0.337,-5.895,1,4,90.03,4,https://real.enamine.net/public-enum-files/Z8267168015
O=C(NC1=CC=C(C2=NON=C12)N3CCOCC3)C=4C=CC(=CC4)N5CCC(=O)NC5=O,Z8267183260,436.422,436.422,0.4,-4.104,2,7,129.9,4,https://real.enamine.net/public-enum-files/Z8267183260
CC1C=2C=C3OCCOC3=CC2C4(CCCC4)CN1C(=O)C=5C=CC(=CC5)N6CCC(=O)NC6=O,Z8267187724,475.537,475.537,2.626,-5.992,1,5,88.18,2,https://real.enamine.net/public-enum-files/Z8267187724
O=C(CCNC(=O)C=1C=CC(=CC1)N2CCC(=O)NC2=O)N3CCOC=4C=CC=CC4C3,Z8267189677,436.462,436.462,-0.183,-4.571,2,5,108.05,5,https://real.enamine.net/public-enum-files/Z8267189677
"O=C(O)C(F)(F)F.CN1C=NC=C1[C@@H]2[C@H](CCC(=O)N2C3CC3)NC(=O)C=4C=CC(=CC4)N5CCC(=O)NC5=O |&1:13,14,r|",Z9402047409,564.515,450.491,-1.658,-4.165,2,5,116.64,6,https://real.enamine.net/public-enum-files/Z9402047409
COC=1C=C(C=CC1O)C2=NOC(CCCCCNC(=O)C=3C=CC(=CC3)N4CCC(=O)NC4=O)=N2,Z8267205449,493.513,493.513,0.686,-4.738,3,7,146.89,10,https://real.enamine.net/public-enum-files/Z8267205449
CCN(C(=O)C=1C=CC(=CC1)N2CCC(=O)NC2=O)C(C)C=3C=CC(=CC3)C=4C=CC=C(C4)OC,Z8267210482,471.549,471.549,3.111,-6.648,1,4,78.95,7,https://real.enamine.net/public-enum-files/Z8267210482
CCC(NC(=O)C=1C=CC(=CC1)N2CCC(=O)NC2=O)C3=NN=C4CCCCCN34,Z8267216229,410.471,410.471,-0.483,-3.432,2,5,109.22,5,https://real.enamine.net/public-enum-files/Z8267216229
O=C(O)C(F)(F)F.O=C(NC=1C=CC(OCCCN2CCOCC2)=C(F)C1)C=3C=CC(=CC3)N4CCC(=O)NC4=O,Z9401380767,584.518,470.494,0.961,-4.865,2,6,100.21,9,https://real.enamine.net/public-enum-files/Z9401380767
O=C(O)C(F)(F)F.CC1=CC=C(CN2CCC[C@H]3CN(C[C@H]32)C(=O)C=4C=CC(=CC4)N5CCC(=O)NC5=O)S1,Z9401379599,566.595,452.571,1.504,-5.771,1,4,72.96,5,https://real.enamine.net/public-enum-files/Z9401379599
CN(C(=O)C=1C=CC(=CC1)N2CCC(=O)NC2=O)C3CCC=4N=CC=CC4C3,Z8710512612,378.425,378.425,-0.678,-3.287,1,4,82.61,3,https://real.enamine.net/public-enum-files/Z8710512612
O=C(O)C(F)(F)F.O=C(C=1C=C(Cl)C=C(C1)N2CCC(=O)NC2=O)N3CC[C@@]43C[C@H](C4)C5=NC=CN5,Z9398063813,527.881,413.858,-0.978,-4.943,2,4,98.4,4,https://real.enamine.net/public-enum-files/Z9398063813
"COCC1=NN=C(O1)[C@]23CC[C@H]2CCN3C(=O)C=4C=CC(C)=C(C4)N5CCC(=O)NC5=O |&1:8,11,r|",Z9302746979,439.465,439.465,-1.847,-3.591,1,6,117.87,5,https://real.enamine.net/public-enum-files/Z9302746979
"COCCN1C(=O)C[C@H](C(=O)NC=2C=CC=C(C2C)N3CCC(=O)NC3=O)[C@H]1C=4C=NN(C)C4C |&1:8,27,r|",Z9302747475,482.533,482.533,-0.802,-2.291,2,6,125.87,7,https://real.enamine.net/public-enum-files/Z9302747475
CC=1C=C(C=CC1N2CCC(=O)NC2=O)NCC34CC(C3)(COC4)C=5C=CC(=CC5)OC(F)(F)F,Z9302747510,489.488,489.488,2.82,-5.285,2,5,79.9,7,https://real.enamine.net/public-enum-files/Z9302747510
CCC1=NC=C(O1)C2=CN(C[C@H]3C[C@H](O)CN3C(=O)C=4C=CC(=C(C)C4)N5CCC(=O)NC5=O)N=N2,Z9302747591,493.516,493.516,-1.186,-2.998,2,7,146.69,6,https://real.enamine.net/public-enum-files/Z9302747591
CC=1C=C(C=CC1N2CCC(=O)NC2=O)C(=O)N[C@H]3C[C@H](C3)N4C=C(N=N4)C=5C=NC=C6C=CC=CC56,Z9302747662,495.534,495.534,0.038,-5.51,2,6,122.11,5,https://real.enamine.net/public-enum-files/Z9302747662
N#CC=1C=CC=NC1C2=CN(N=N2)C3CC4CCC(C3)N4C(=O)C=5C=CC(=CC5)N6CCC(=O)NC6=O,Z9302747668,496.522,496.522,-1.471,-3.988,1,7,137.11,4,https://real.enamine.net/public-enum-files/Z9302747668
O=C(O)C(F)(F)F.NC=1C=CC=2OC(CNC(=O)C=3C=CC(=CC3)N4CCC(=O)NC4=O)CCC2C1,Z9311798443,508.448,394.425,-0.067,-5.276,3,5,113.76,5,https://real.enamine.net/public-enum-files/Z9311798443
CC=1C=CC=2NC=3CCC(CC3C2C1)NC=4C=C(C=CC4C)N5CCC(=O)NC5=O,Z9302747929,402.49,402.49,2.841,-5.758,3,3,77.23,3,https://real.enamine.net/public-enum-files/Z9302747929
CN1C=C2C(=O)NC(CC2=N1)C(=O)NC=3C=C(Cl)C=C(C3)N4CCC(=O)NC4=O,Z9302748032,416.819,416.819,-1.303,-3.301,3,5,125.43,3,https://real.enamine.net/public-enum-files/Z9302748032
CC=1C=CC(=CC1C(=O)NC(C)C2=NC=3CCCCCC3S2)N4CCC(=O)NC4=O,Z9302748187,426.534,426.534,1.443,-5.172,2,4,91.4,4,https://real.enamine.net/public-enum-files/Z9302748187
O=C(O)C(F)(F)F.O=C(NC1=CC=C(C(F)=C1)N2CCC(=O)NC2=O)C3=CN(CCC4CCCCN4)N=N3,Z9314605183,543.473,429.449,-0.497,-3.497,3,6,121.25,7,https://real.enamine.net/public-enum-files/Z9314605183
O=C(O)C(F)(F)F.CC1=CC(=CC(=C1)N2CCC(=O)NC2=O)C(=O)NCC3CCCN(CC4=CC=CS4)C3,Z9401380768,554.584,440.561,1.142,-5.357,2,4,81.75,7,https://real.enamine.net/public-enum-files/Z9401380768
COCC1=NC(=NO1)C2CCCCCN2C(=O)C=3C=C(C)C=C(C3)N4CCC(=O)NC4=O,Z9302748407,441.481,441.481,-0.143,-3.65,1,6,117.87,5,https://real.enamine.net/public-enum-files/Z9302748407
O=C(O)C(F)(F)F.CC1=CC(=CC=C1N2CCC(=O)NC2=O)NC(=O)C3=NN(C)C=C3CN4CCC(C4)N(C)C,Z9310310480,567.562,453.539,-0.817,-2.845,2,6,102.81,7,https://real.enamine.net/public-enum-files/Z9310310480
CC=1C=C(C=CC1N2CCC(=O)NC2=O)C(=O)N3CC(COCC(=O)N(C)C)OC(C)(C)C3,Z9302748673,460.524,460.524,-0.513,-3.591,1,6,108.49,6,https://real.enamine.net/public-enum-files/Z9302748673
O=C(O)C(F)(F)F.NC(CC1=CNC=2C=NC=CC12)C(=O)N3CCC(CC3)C=4C=CC(=CC4)N5CCC(=O)NC5=O,Z9314605184,574.553,460.529,-0.422,-4.426,3,5,124.42,6,https://real.enamine.net/public-enum-files/Z9314605184
CC=1C=CC(=CC1C(=O)N2CCC=3C=CC=CC3C2CNC=4C=CC=CC4)N5CCC(=O)NC5=O,Z9302748792,468.548,468.548,2.93,-6.395,2,4,81.75,5,https://real.enamine.net/public-enum-files/Z9302748792
O=C(NC=1C=C(Cl)C=C(C1)N2CCC(=O)NC2=O)C(O)C3=CC=C(O)C(=C3)OC(F)(F)F,Z9302748860,473.787,473.787,0.934,-5.343,4,6,128.2,6,https://real.enamine.net/public-enum-files/Z9302748860
O=C(NC1CCN(CC=2C=CC(=CC2)C=3N=NNN3)C1=O)C=4C=CC=C(C4)N5CCC(=O)NC5=O,Z9302748872,474.473,474.473,-0.711,-5.354,3,7,153.28,6,https://real.enamine.net/public-enum-files/Z9302748872
O=C(NC=1C=CC(=C(F)C1)N2CCC(=O)NC2=O)C3CC4=CC=CC=C4CN3C(=O)C5=CC=CO5,Z9302748947,476.458,476.458,1.203,-5.824,2,4,111.96,4,https://real.enamine.net/public-enum-files/Z9302748947
O=C(NCC(C1=CNC=2C=C(Cl)C=CC12)C(F)(F)F)C=3C=CC=C(C3)N4CCC(=O)NC4=O,Z9302749014,478.852,478.852,1.873,-6.509,3,3,94.3,6,https://real.enamine.net/public-enum-files/Z9302749014
O=C(NC1CCN(C1)C=2C=CC=CC2OC(F)F)C=3C=C(Cl)C=C(C3)N4CCC(=O)NC4=O,Z9302749017,478.877,478.877,1.807,-5.931,2,5,90.98,6,https://real.enamine.net/public-enum-files/Z9302749017
O=C(O)C(F)(F)F.CC=1SC=2N=C(NC(=O)C2C1C)C(C)N3CCC(CC3)C=4C=CC(=CC4)N5CCC(=O)NC5=O,Z9310700241,593.62,479.597,1.487,-5.651,2,5,94.11,5,https://real.enamine.net/public-enum-files/Z9310700241
O=C(O)C(F)(F)F.CC1=CC=C(C=C1C(=O)N2CCCC(C2)C=3NN=CC3CN4CCOCC4)N5CCC(=O)NC5=O,Z9401520686,594.584,480.561,-0.906,-4.204,2,6,110.87,6,https://real.enamine.net/public-enum-files/Z9401520686
O=C(O)C(F)(F)F.CC1=CC(=CC(=C1)NC(C)COC=2C=CC=3C=C(Br)C=CC3C2)N4CCC(=O)NC4=O,Z9402057691,596.394,482.37,4.055,-7.964,2,4,70.67,7,https://real.enamine.net/public-enum-files/Z9402057691
CC=1C=C(C=CC1N2CCC(=O)NC2=O)NC(=O)C(C=3C=CC=CC3)N4SC=5C=CC=CC5C4=O,Z9302749231,486.545,486.545,1.845,-6.272,2,4,98.82,5,https://real.enamine.net/public-enum-files/Z9302749231
CC1=CC(=CC(=C1)NC(=O)C2(O)CC(=O)NC=3C=CC(Br)=CC32)N4CCC(=O)NC4=O,Z9302749246,487.304,487.304,0.496,-5.178,4,5,127.84,3,https://real.enamine.net/public-enum-files/Z9302749246
O=C(O)C(F)(F)F.CC=1C=C(C=CC1N2CCC(=O)NC2=O)NC(=O)C3(CCCN(CC=4C=CC=CC4)C3)N5C=NC=N5,Z9401380680,601.578,487.555,0.812,-5.208,2,6,112.46,7,https://real.enamine.net/public-enum-files/Z9401380680
O=C(NCCC=1C=CC=C(C1)N2C=C(N=N2)C3CCCOC3)C=4C=CC(=CC4)N5CCC(=O)NC5=O,Z9302749295,488.54,488.54,0.317,-4.162,2,6,118.45,7,https://real.enamine.net/public-enum-files/Z9302749295
N#CC=1C=CC(=C(F)C1)N2CCC(C2)C(=O)N3CCC(CC3)C=4C=CC(=CC4)N5CCC(=O)NC5=O,Z9302749395,489.543,489.543,1.395,-5.068,1,5,96.75,4,https://real.enamine.net/public-enum-files/Z9302749395
O=C(O)C(F)(F)F.CC=1C=CC(=CC1NC(=O)C2CN(CC3=NC=4C=CC=CC4C(=O)N3)CCO2)N5CCC(=O)NC5=O,Z9398063812,604.536,490.512,-1.425,-4.993,3,7,132.44,6,https://real.enamine.net/public-enum-files/Z9398063812
O=C(O)C(F)(F)F.O=C(NCC(C=1C=CC=CC1)N2CCC=3SC=CC3C2)C=4C=C(C=CC4F)N5CCC(=O)NC5=O,Z9401379718,606.591,492.567,2.053,-5.907,2,4,81.75,7,https://real.enamine.net/public-enum-files/Z9401379718
CC=1C=CC(=CC1C(=O)NCC2=CN(N=N2)[C@@H]3CCCC4=CC=C(Cl)C=C43)N5CCC(=O)NC5=O,Z9302749511,492.958,492.958,1.441,-5.512,2,5,109.22,5,https://real.enamine.net/public-enum-files/Z9302749511
CCN(CCN1C=C(N=N1)C(O)C=2C=CC(F)=CC2)C(=O)C=3C=CC(C)=C(C3)N4CCC(=O)NC4=O,Z9302749579,494.519,494.519,-0.329,-4.041,2,6,120.66,8,https://real.enamine.net/public-enum-files/Z9302749579
NC(=O)C1CCCN(C1)C(=O)C=2C=C(Cl)C=CC2NC(=O)C=3C=CC=C(C3)N4CCC(=O)NC4=O,Z9302749714,497.932,497.932,-0.057,-5.546,3,5,141.91,5,https://real.enamine.net/public-enum-files/Z9302749714
CC=1C=C(C=CC1N2CCC(=O)NC2=O)C(=O)N3CCCC3(C)C4=CN(N=N4)C=5C=CC=6NN=CC6C5,Z9302749766,498.538,498.538,1.76,-5.084,2,6,129.11,4,https://real.enamine.net/public-enum-files/Z9302749766
CC=1C=CC(=CC1C(=O)N2CCC[C@H]2C3=CN(N=N3)C=4C=CC=C5CCCCC45)N6CCC(=O)NC6=O,Z9302749781,498.578,498.578,2.708,-6.296,1,5,100.43,4,https://real.enamine.net/public-enum-files/Z9302749781
O=C(NCC(F)(F)CN1C=C(CC(O)C=2C=CC=CN2)N=N1)C=3C=CC(=CC3)N4CCC(=O)NC4=O,Z9302749826,499.471,499.471,-1.516,-3.228,3,7,142.34,9,https://real.enamine.net/public-enum-files/Z9302749826
COCC=1C=C(NC=2C=CC=C(C2C)N3CCC(=O)NC3=O)N4N=CN=C4N1,Z9302750190,381.39,381.39,0.035,-4.128,2,7,113.75,5,https://real.enamine.net/public-enum-files/Z9302750190
O=C1CCN(C(=O)N1)C=2C=CC(=CC2)C=3C=C(F)C=C(C3)COC4CCCCC4,Z9302750223,396.456,396.456,3.533,-6.1,1,3,58.64,5,https://real.enamine.net/public-enum-files/Z9302750223
O=C(O)C(F)(F)F.CC=1C(=CC=CC1N2CCC(=O)NC2=O)NCC=3C=CC=C(C3)OCCN4C=CN=C4,Z9318551640,533.501,419.477,0.871,-4.79,2,5,88.49,9,https://real.enamine.net/public-enum-files/Z9318551640
CC=1C=C(C=CC1N2CCC(=O)NC2=O)C(=O)NCCCC3=CNC=4C=CC(F)=CC34,Z9302750517,422.453,422.453,1.808,-5.543,3,3,94.3,6,https://real.enamine.net/public-enum-files/Z9302750517
CC=1C(=CC=CC1N2CCC(=O)NC2=O)C(=O)NCCCC3=NC(=NO3)C=4C=COC4,Z9302750538,423.423,423.423,-0.437,-4.198,2,5,130.57,7,https://real.enamine.net/public-enum-files/Z9302750538
CC=1C=CC(=CC1C(=O)N(C)C=2C=CC(=NC2)N3CCOCC3)N4CCC(=O)NC4=O,Z9302750548,423.466,423.466,-0.946,-4.326,1,6,95.08,4,https://real.enamine.net/public-enum-files/Z9302750548
N#CC=1C=NC=2C(F)=C(F)C(F)=CC2C1NC=3C=CC(F)=C(C3)N4CCC(=O)NC4=O,Z9302750662,429.328,429.328,2.38,-5.571,2,5,98.12,3,https://real.enamine.net/public-enum-files/Z9302750662
CC=1C=C(C=CC1N2CCC(=O)NC2=O)C(=O)N3CCCC=4C5=CC=CC(F)=C5NC4C3,Z9302750811,434.464,434.464,1.96,-5.974,2,3,85.51,2,https://real.enamine.net/public-enum-files/Z9302750811
O=C1CCN(C(=O)N1)C=2C=CC(=CC2F)NC=3N=C(C=C(N3)C(F)(F)F)C4=CC=CO4,Z9302750818,435.333,435.333,2.757,-5.911,2,5,100.36,5,https://real.enamine.net/public-enum-files/Z9302750818
CC1=CC(=CC(=C1)NC=2N=C(C)N=C3C2C=NN3C=4C=CC=C(F)C4)N5CCC(=O)NC5=O,Z9302750993,445.45,445.45,3.084,-5.782,2,6,105.04,4,https://real.enamine.net/public-enum-files/Z9302750993
CC1=CC=CC=C1N2N=NC=C2C(C)(C)NC(=O)C=3C=C(C=CC3C)N4CCC(=O)NC4=O,Z9302751047,446.503,446.503,1.413,-4.958,2,5,109.22,5,https://real.enamine.net/public-enum-files/Z9302751047
CC1=NN=C(O1)C=2C=CC=3C=CN(CC(=O)NC4=CC=C(C(C)=C4)N5CCC(=O)NC5=O)C3C2,Z9302751385,458.47,458.47,0.357,-4.988,2,5,122.36,5,https://real.enamine.net/public-enum-files/Z9302751385
O=C(O)C(F)(F)F.COC=1C=CC=2N=C3C=C(Cl)C=CC3=C(NC=4C=C(C=CC4C)N5CCC(=O)NC5=O)C2C1,Z9317944929,574.936,460.913,5.123,-7.439,2,5,83.56,5,https://real.enamine.net/public-enum-files/Z9317944929
CC=1C=C(C=CC1N2CCC(=O)NC2=O)C(=O)NCC3(CCCCC3)C=4C=CC=5OCOC5C4,Z9302751532,463.527,463.527,3.204,-6.285,2,5,96.97,5,https://real.enamine.net/public-enum-files/Z9302751532
O=C1CCN(C=2C=CC(=CC2)C3CCN(CC3)C=4N=C(N=C5CCCC45)C=6C=CC=CN6)C(=O)N1,Z9302751652,468.551,468.551,2.294,-4.993,1,6,91.32,4,https://real.enamine.net/public-enum-files/Z9302751652
CC=1C=CC(=CC1NC(=O)C2=CC=3C=CC=CC3N2CC4=CC=CC=C4F)N5CCC(=O)NC5=O,Z9302751694,470.496,470.496,2.907,-6.474,2,3,83.44,5,https://real.enamine.net/public-enum-files/Z9302751694
CC=1C(=CC=CC1N2CCC(=O)NC2=O)C(=O)N=C3SC=CN3CC=4C=CC=C5C=CC=CC45,Z9302751709,470.545,470.545,4.646,-7.169,1,5,82.08,4,https://real.enamine.net/public-enum-files/Z9302751709
CN1N=C2CCCCC2=C1C3=CN(N=N3)C4CN(C4)C(=O)C=5C=CC(=CC5)N6CCC(=O)NC6=O,Z9302751846,474.516,474.516,-0.403,-3.607,1,6,118.25,4,https://real.enamine.net/public-enum-files/Z9302751846
CC=1SC(=NC1C=2C=CC=3OCCCC3C2)NC(=O)C4=CC(C)=CC(=C4)N5CCC(=O)NC5=O,Z9302751927,476.55,476.55,2.918,-7.247,2,5,100.63,4,https://real.enamine.net/public-enum-files/Z9302751927
CC=1C=CC(=CC1NC(=O)CC2=CSC3=NC(=CN23)C=4C=CC(F)=CC4)N5CCC(=O)NC5=O,Z9302751950,477.513,477.513,1.486,-6.362,2,4,95.81,5,https://real.enamine.net/public-enum-files/Z9302751950
COC=1C=CC(CN(C(=O)C=2C=C(C)C=C(C2)N3CCC(=O)NC3=O)C=4C=NN(C)C4)=C(C1)OC,Z9302751960,477.514,477.514,1.327,-4.337,1,6,106,7,https://real.enamine.net/public-enum-files/Z9302751960
O=C(O)C(F)(F)F.CC=1C=CC(=CC1N2CCC(=O)NC2=O)C(=O)NC3(CN4CCN(CC4)C=5C=CC(F)=CC5)CC3,Z9310316652,593.571,479.548,2.076,-5.452,2,5,84.99,7,https://real.enamine.net/public-enum-files/Z9310316652
CC=1C=C(C=CC1N2CCC(=O)NC2=O)NC(=O)CCN3C=NC=4SC=5CCCCC5C4C3=O,Z9302752037,479.554,479.554,1.532,-6.199,2,5,111.18,5,https://real.enamine.net/public-enum-files/Z9302752037
CCCN(CC1=NC=2C=C(Cl)C=CC2C(=O)N1)C(=O)C3=CC(C)=CC(=C3)N4CCC(=O)NC4=O,Z9302752094,481.932,481.932,0.957,-6.286,2,5,111.18,6,https://real.enamine.net/public-enum-files/Z9302752094
COC=1C=CC=C(C1)C2=NN(C=C2CNC=3C=C(Cl)C=C(C3)N4CCC(=O)NC4=O)C(C)(C)C,Z9302752097,481.975,481.975,2.9,-5.226,2,5,88.49,7,https://real.enamine.net/public-enum-files/Z9302752097
CC=1C=C(C=CC1N2CCC(=O)NC2=O)C(=O)N3CCN(CC3)C4=CC(=NN4)C=5C=CC(C#N)=CC5,Z9302752153,483.523,483.523,1.195,-6.357,2,6,125.43,4,https://real.enamine.net/public-enum-files/Z9302752153
CC=1C=C(C=CC1N2CCC(=O)NC2=O)NC(=O)CC3=CSC(COC=4C=CC(Cl)=CC4)=N3,Z9302752290,484.957,484.957,1.753,-5.169,2,5,100.63,7,https://real.enamine.net/public-enum-files/Z9302752290
CC=1C=CC(=CC1NC(=O)C=2C=C(N=C3C2C=NN3C4CCCCC4)C5CC5)N6CCC(=O)NC6=O,Z9302752398,486.567,486.567,2.253,-6.091,2,5,109.22,5,https://real.enamine.net/public-enum-files/Z9302752398
CNC(=O)C=1C=C(C=CN1)OC=2C=C(C)C=CC2NC(=O)C=3C=C(C=CC3C)N4CCC(=O)NC4=O,Z9302752432,487.508,487.508,0.803,-5.983,3,5,129.73,6,https://real.enamine.net/public-enum-files/Z9302752432
O=C(NCCOCCN1C=C(N=N1)C2=CN=C3C=CC=CN23)C=4C=CC(=CC4)N5CCC(=O)NC5=O,Z9302752476,488.5,488.5,-0.002,-3.463,2,7,135.75,9,https://real.enamine.net/public-enum-files/Z9302752476
O=C(CCNS(=O)(=O)C=1C=CC=2CCCCC2C1)NC=3C=CC(=C(F)C3)N4CCC(=O)NC4=O,Z9302752514,488.534,488.534,1.879,-5.867,3,5,124.68,6,
CC=1C(=CC=CC1N2CCC(=O)NC2=O)C(=O)N(CC3=NC(=CN3)C=4C=CC=5OCOC5C4)C(C)C,Z9302752593,489.524,489.524,1.77,-5.641,2,6,116.86,6,https://real.enamine.net/public-enum-files/Z9302752593
COC=1C=C(C=C2OCOC12)CN(C)C(=O)C=3C=CC(Br)=C(C3)N4CCC(=O)NC4=O,Z9302752649,490.304,490.304,1.362,-5.24,1,6,97.41,5,https://real.enamine.net/public-enum-files/Z9302752649
CC1=CC(=CC(=C1)C(=O)N2CCC(CC2)N3C=C(N=N3)C=4C=CC(Cl)=CC4)N5CCC(=O)NC5=O,Z9302752768,492.958,492.958,0.965,-5.858,1,5,100.43,4,https://real.enamine.net/public-enum-files/Z9302752768
COC1(CCN(CC1)C(=O)C=2C=C(C=CC2F)N3CCC(=O)NC3=O)C4=NC(=NO4)C=5C=CC=CN5,Z9302752863,494.476,494.476,-1.447,-4.325,1,7,130.76,5,https://real.enamine.net/public-enum-files/Z9302752863
CC(=O)NC1(CCCCCC1)C2=NOC(CCC(=O)NC=3C=C(C=CC3C)N4CCC(=O)NC4=O)=N2,Z9302753024,496.56,496.56,-0.712,-4.183,3,6,146.53,7,https://real.enamine.net/public-enum-files/Z9302753024
CC=1C=CC(=CC1N2CCC(=O)NC2=O)C(=O)NC(C)(C)CC3=CNC=4C=CC=C(Br)C34,Z9302753048,497.385,497.385,2.857,-6.323,3,3,94.3,5,https://real.enamine.net/public-enum-files/Z9302753048
O=C(O)C(F)(F)F.CC=1C(=CC=CC1N2CCC(=O)NC2=O)C(=O)N(CCCN3C=CN=C3)CC=4C(F)=CC=CC4Cl,Z9401520913,611.973,497.95,2.136,-6.058,1,4,87.54,9,https://real.enamine.net/public-enum-files/Z9401520913
CC=1C=C(C=CC1N2CCC(=O)NC2=O)NC(=O)C3=CC(=CC=C3F)CC4=NNC(=O)C=5C=CC=CC45,Z9302753176,499.494,499.494,0.835,-6.841,3,5,119.97,5,https://real.enamine.net/public-enum-files/Z9302753176
O=C(C=1C=CC(=CC1)N2CCC(=O)NC2=O)N3CC(CN4C=C(N=N4)C=5C=CN=C6C=CC(F)=CC56)C3,Z9302753180,499.498,499.498,-0.535,-5.341,1,6,113.32,5,
CC=1C=CN=C(C1)N2C=C(C=N2)S(=O)(=O)NC(=O)C3=CC=CC(=C3)N4CCC(=O)NC4=O,Z7806355231,454.461,454.461,0.189,-4.201,2,7,143.36,4,https://real.enamine.net/public-enum-files/Z7806355231
O=C(O)C(F)(F)F.O=C(C=1C=CC=C(C1)N2CCC(=O)NC2=O)N3CCN(CCCC4=NC(=NO4)C5=CC=CS5)CC3,Z9398072542,608.592,494.568,0.708,-4.752,1,6,111.88,8,https://real.enamine.net/public-enum-files/Z9398072542
CN(CCCOC=1C=CC=C(C1)S(C)(=O)=O)C(=O)C2=CC=CC(=C2)N3CCC(=O)NC3=O,Z7806573540,459.517,459.517,-0.355,-4.061,1,6,113.09,8,https://real.enamine.net/public-enum-files/Z7806573540
"O=C(NC[C@H]1CC[C@H](O1)C2=NC(=NO2)C3CC3)C4=CC=CC(=C4)N5CCC(=O)NC5=O |&1:4,7,r|",Z7806577692,425.439,425.439,-1.204,-3.524,2,6,126.66,6,https://real.enamine.net/public-enum-files/Z7806577692
CC=1SC(=NC1C=2C=CC=CC2F)C(C)(C)NC(=O)C=3C=CC=C(C3)N4CCC(=O)NC4=O,Z7806581809,466.53,466.53,1.999,-6.046,2,4,91.4,5,https://real.enamine.net/public-enum-files/Z7806581809
O=C(O)C(F)(F)F.CCN1CCN(CC1)C=2C(=CN=C3C=CC=CC23)NC(=O)C=4C=CC=C(C4)N5CCC(=O)NC5=O,Z9401520912,586.564,472.54,2.131,-5.057,2,6,97.88,6,https://real.enamine.net/public-enum-files/Z9401520912
COC=1C=C(C=CC1N2CCC(=O)NC2=O)C(=O)N(C)CCCCCC3=CC(=NN3)C=4C=CC=CC4,Z8265607318,489.567,489.567,1.999,-5.567,2,5,107.63,10,https://real.enamine.net/public-enum-files/Z8265607318
CC1=NC2=C(CCCC2CNC(=O)C=3C=CC(=CC3)N4CCC(=O)NC4=O)S1,Z8265647413,398.481,398.481,0.535,-3.985,2,4,91.4,4,https://real.enamine.net/public-enum-files/Z8265647413
COC=1C=C(C=CC1N2CCC(=O)NC2=O)C(=O)N(C)C(C)C=3C=CC(=CC3)N4C=NC=N4,Z8265687263,448.476,448.476,0.056,-4.556,1,6,109.66,6,https://real.enamine.net/public-enum-files/Z8265687263
"O=C(O)C(F)(F)F.CNC=1N=CC=C(N1)N2C[C@@H](NC(=O)C=3C=CC(=C(C3)OC)N4CCC(=O)NC4=O)[C@H](C2)OC |&1:17,37,r|",Z9401379696,583.518,469.495,0.092,-4.862,3,9,138.02,8,https://real.enamine.net/public-enum-files/Z9401379696
N#CC1=CN(C(=O)NC1=O)C2CN(C2)C(=O)C3=CC=C(F)C(=C3)N4CCC(=O)NC4=O,Z8265755419,426.359,426.359,-2.055,-4.161,2,6,142.92,3,https://real.enamine.net/public-enum-files/Z8265755419
COCCNC(=O)C1=CNN=C1C2CCCN(C2)C(=O)C=3C=CC(F)=C(C3)N4CCC(=O)NC4=O,Z8265777348,486.497,486.497,-1.735,-3.927,3,6,136.73,7,https://real.enamine.net/public-enum-files/Z8265777348
O=C(O)C(F)(F)F.CC1=CC=C(CN2CCC(CN(C)C(=O)C=3C=CC(F)=C(C3)N4CCC(=O)NC4=O)C2)S1,Z9402912318,572.574,458.551,0.548,-5.337,1,4,72.96,7,https://real.enamine.net/public-enum-files/Z9402912318
O=C(C=1C=CC(F)=C(C1)N2CCC(=O)NC2=O)N3CC=4C=CC(Br)=CC4CC3C(F)F,Z8265857115,496.278,496.278,2.398,-6.136,1,3,69.72,3,https://real.enamine.net/public-enum-files/Z8265857115
O=C(C=1C=CC=C(C1)N2CCC(=O)NC2=O)N3CCC4(CC4C5=NN=C(O5)C=6C=CC=C(F)C6)CC3,Z8266044446,489.499,489.499,-0.314,-5.427,1,5,108.64,4,https://real.enamine.net/public-enum-files/Z8266044446
O=C1CCN(C(=O)N1)C=2C=C(C=CC2F)NS(=O)(=O)C=3C=NC=4ON=C(C4C3)C5CCOCC5,Z8266095668,489.479,489.479,0.151,-3.786,2,7,143.73,4,https://real.enamine.net/public-enum-files/Z8266095668
O=C(NC=1C=CC(F)=C(C1)N2CCC(=O)NC2=O)C=3C=NN(C3C(F)(F)F)C=4C=CC(=O)NN4,Z8266263318,479.346,479.346,-2.638,-5.03,3,6,137.79,5,https://real.enamine.net/public-enum-files/Z8266263318
O=C(O)C(F)(F)F.CC=1N=CSC1CN(CC2CCNC2)C(=O)C=3C=CC=C(C3)N4CCC(=O)NC4=O,Z9312344237,541.545,427.522,-1.069,-4.184,2,5,94.64,7,https://real.enamine.net/public-enum-files/Z9312344237
O=C(O)C(F)(F)F.N#CC=1C=CC=CC1OCCN2CCN(CC2)C(=O)NC=3C=CC(F)=C(C3)N4CCC(=O)NC4=O,Z9360773845,594.516,480.493,1.176,-4.914,2,6,118.01,7,https://real.enamine.net/public-enum-files/Z9360773845
COC=1C=CC(=CC1N2CCC(=O)NC2=O)C(=O)NC(CC=3C=CC(O)=CC3)C4=NC=5C=CC=CC5N4,Z8266890251,499.519,499.519,1.334,-5.205,4,6,136.65,7,https://real.enamine.net/public-enum-files/Z8266890251
O=C(O)C(F)(F)F.CN(C(=O)C=1C=CC(=CC1)N2CCC(=O)NC2=O)C34CCCC(CNC3)C4,Z9311798438,484.47,370.446,-0.181,-4.206,2,4,81.75,4,https://real.enamine.net/public-enum-files/Z9311798438
O=C(O)C(F)(F)F.O=C(NC1CNCC2=NC=CN2C1)C=3C=CC(=CC3)N4CCC(=O)NC4=O,Z9402912075,482.414,368.391,-1.951,-2.936,3,5,108.36,4,https://real.enamine.net/public-enum-files/Z9402912075
CC=1C=C(C=CC1NC(=O)C=2C=CC(=CC2)N3CCC(=O)NC3=O)NC(=O)C4=NN(C)C=5C=CC=CC45,Z8267155489,496.519,496.519,0.601,-6.137,3,5,125.43,5,https://real.enamine.net/public-enum-files/Z8267155489
O=C(O)C(F)(F)F.CCN1CCCC1CNS(=O)(=O)C=2C=CC(=CC2)NC(=O)C=3C=CC(=CC3)N4CCC(=O)NC4=O,Z9398074114,613.608,499.585,0.977,-4.622,3,6,127.92,8,https://real.enamine.net/public-enum-files/Z9398074114
CC1=CC(=O)OC=2C=C(C=CC12)OCC3CCN(CC3)C(=O)C=4C=CC(=CC4)N5CCC(=O)NC5=O,Z8267156820,489.521,489.521,1.011,-6.34,1,5,105.25,5,https://real.enamine.net/public-enum-files/Z8267156820
O=C(O)C(F)(F)F.O=C(C=1C=CC(=CC1)N2CCC(=O)NC2=O)N(CC3=NC=CS3)C4CC54CCNCC5,Z9311796278,553.556,439.533,-1.034,-3.141,2,5,94.64,6,https://real.enamine.net/public-enum-files/Z9311796278
"CN1N=CC=C1[C@@H]2CN(C[C@H]2NC(=O)C3CC3)C(=O)C=4C=CC(=CC4)N5CCC(=O)NC5=O |&1:6,10,r|",Z8267165297,450.491,450.491,-2.19,-3.735,2,5,116.64,5,https://real.enamine.net/public-enum-files/Z8267165297
O=C(C=1C=CC(=CC1)N2CCC(=O)NC2=O)N3CCC(F)(F)CC3C4=CC=CO4,Z8267170036,403.38,403.38,0.211,-4.863,1,3,82.86,3,https://real.enamine.net/public-enum-files/Z8267170036
CC(CC1=CC=CS1)N(CC=2C=CC(Cl)=CC2)C(=O)C=3C=CC(=CC3)N4CCC(=O)NC4=O,Z8267170463,481.996,481.996,3.231,-6.476,1,3,69.72,7,https://real.enamine.net/public-enum-files/Z8267170463
O=C(O)C(F)(F)F.O=C(NC1CCC=2NC(=NC2C1)C3CCCCC3)C=4C=CC(=CC4)N5CCC(=O)NC5=O,Z9401520689,549.543,435.52,0.832,-5.995,3,4,107.19,5,
O=C(C=1C=CC(=CC1)N2CCC(=O)NC2=O)N3CC=4C=C(Br)C=CC4OC5(CCC5)C3,Z8267178836,484.343,484.343,2.348,-6.201,1,4,78.95,2,https://real.enamine.net/public-enum-files/Z8267178836
O=C(C=1C=CC(=CC1)N2CCC(=O)NC2=O)N3CCN(CC3)C=4N=CN=C5C=6C=CC=CC6OC45,Z8267196945,470.481,470.481,0.876,-6.189,1,6,111.88,3,https://real.enamine.net/public-enum-files/Z8267196945
O=C(N=S1(=O)C=2C=CC=CC2NC=3C=CC=CC31)C=4C=CC(=CC4)N5CCC(=O)NC5=O,Z8267202688,446.481,446.481,0.698,-6.21,2,6,107.94,2,https://real.enamine.net/public-enum-files/Z8267202688
CC=1C=CC=C(C1)NC(=O)NCC2CCN(C2)C(=O)C=3C=CC(=CC3)N4CCC(=O)NC4=O,Z8267210061,449.503,449.503,-0.192,-5.324,3,4,110.85,5,https://real.enamine.net/public-enum-files/Z8267210061
O=C(C=1C=CC(=CC1)N2CCC(=O)NC2=O)N3CCC(CC3)C4=NN=C5C=NC=CN45,Z8267216523,419.438,419.438,-2.073,-2.879,1,6,112.8,3,https://real.enamine.net/public-enum-files/Z8267216523
O=C(NC1(CCCCC1)C(=O)NCC2=CC=CS2)C=3C=CC(=CC3)N4CCC(=O)NC4=O,Z8267230314,454.544,454.544,1.135,-5.726,3,4,107.61,6,
O=C(O)C(F)(F)F.O=C(NC1CCN(CCOC=2C=CC(Cl)=CC2)CC1)C=3C=CC(=CC3)N4CCC(=O)NC4=O,Z9402912319,584.973,470.949,1.456,-5.619,2,5,90.98,8,https://real.enamine.net/public-enum-files/Z9402912319
O=C(NC=1C=CC=2N=CN(C(=O)C2C1)C3CCC(=O)NC3=O)C4=CC=CC(=C4)N5CCC(=O)NC5=O,Z9296695444,488.453,488.453,-1.004,-4.765,3,7,157.35,4,https://real.enamine.net/public-enum-files/Z9296695444
COCC12COC(CO)(CN2C(=O)C=3C=CC(=C(C)C3)N4CCC(=O)NC4=O)C1,Z9302746816,403.43,403.43,-0.42,-3.501,2,6,108.41,5,https://real.enamine.net/public-enum-files/Z9302746816
"O=C(O)C(F)(F)F.CC=1C(=CC=CC1N2CCC(=O)NC2=O)NCC=3C=CC(=NN3)N4CC[C@H]5NCC[C@H]5C4 |&1:33,37,r|",Z9401834095,549.547,435.523,-1.009,-4.565,3,7,102.49,6,https://real.enamine.net/public-enum-files/Z9401834095
"CC=1C=C(C=CC1N2CCC(=O)NC2=O)NC(=O)C=3C=NN4C3N[C@H](C[C@H]4C(F)F)C5CC5 |&1:24,26,r|",Z9302747208,458.462,458.462,0.497,-4.791,3,5,108.36,5,https://real.enamine.net/public-enum-files/Z9302747208
"O=C(O)C(F)(F)F.O=C(NC=1C=CC(=C(F)C1)N2CCC(=O)NC2=O)[C@@H]3CN(CC=4C=CC=CC4)C[C@H]3C=5C=CC=CN5 |&1:25,36,r|",Z9402054008,601.55,487.527,1.383,-4.857,2,5,94.64,7,https://real.enamine.net/public-enum-files/Z9402054008
"CC=1C(=CC=CC1N2CCC(=O)NC2=O)C(=O)N3C[C@H](O)[C@H](C3)OC=4C=NN(C4)CC=5C=CC=CC5 |&1:19,21,r|",Z9302747511,489.524,489.524,0.812,-4.541,2,6,117,6,https://real.enamine.net/public-enum-files/Z9302747511
O=C(O)C(F)(F)F.CN(C)C[C@H]1C[C@@H](O)CN1C=2C=C(N=CN2)N3CCC(CC3)C=4C=CC(=CC4)N5CCC(=O)NC5=O,Z9314608082,607.626,493.602,0.27,-4.655,2,8,105.14,7,https://real.enamine.net/public-enum-files/Z9314608082
"CC=1C=CC(=CC1N2CCC(=O)NC2=O)C(=O)N3C[C@H](C)[C@H](C3)N4C=C(N=N4)C=5C=CC6=NC=NN6C5 |&1:19,21,r|",Z9302747719,499.526,499.526,-0.716,-5.275,1,7,130.62,4,
O=C1CCN(C(=O)N1)C=2C=CC(=CC2F)NCC=3C=NN(C3)CC4CCOC4,Z9302747810,387.409,387.409,-0.858,-2.696,2,5,88.49,6,https://real.enamine.net/public-enum-files/Z9302747810
CC=1C=C(N=C(N1)C2CCCOC2)NC=3C=CC(F)=C(C3)N4CCC(=O)NC4=O,Z9302747905,399.42,399.42,1.199,-3.875,2,6,96.45,4,https://real.enamine.net/public-enum-files/Z9302747905
O=C(O)C(F)(F)F.CC=1C=C(C=CC1N2CCC(=O)NC2=O)NC(=O)C3NCCC=4C(F)=C(F)C=CC43,Z9314606888,528.43,414.406,0.848,-5.235,3,4,90.54,4,https://real.enamine.net/public-enum-files/Z9314606888
CC(CN1N=CC=2CCCCC21)C(=O)NC=3C=C(Cl)C=C(C3)N4CCC(=O)NC4=O,Z9302748205,429.901,429.901,1.523,-4.395,2,4,96.33,5,https://real.enamine.net/public-enum-files/Z9302748205
CC=1C=C(C=CC1N2CCC(=O)NC2=O)C(=O)N3CCC(C3)NC=4C=CC5=NC=CN5N4,Z9302748226,433.464,433.464,-0.276,-4.751,2,6,111.94,4,https://real.enamine.net/public-enum-files/Z9302748226
O=C(O)C(F)(F)F.CCC1(CC)CNCCS1(=O)=NC(=O)C2=CC=C(C(=C2)OC)N3CCC(=O)NC3=O,Z9314608083,550.551,436.527,0.524,-5.448,2,7,117.17,6,https://real.enamine.net/public-enum-files/Z9314608083
O=C(O)C(F)(F)F.CNC=1C=C(N=CN1)N2CCCC2CNC(=O)C=3C=C(C=CC3C)N4CCC(=O)NC4=O,Z9398065901,551.519,437.496,0.3,-5.619,3,7,119.56,7,https://real.enamine.net/public-enum-files/Z9398065901
COC=1C=CC(C)=CC1NC(=O)C2CCCN2C(=O)C=3C=C(C=CC3C)N4CCC(=O)NC4=O,Z9302748743,464.515,464.515,0.619,-5.825,2,5,108.05,5,https://real.enamine.net/public-enum-files/Z9302748743
O=C(O)C(F)(F)F.CCCN(C(=O)C=1C=C(C=CC1F)N2CCC(=O)NC2=O)C3CCCN(CC=4C=CC=CC4)C3,Z9387893247,580.572,466.549,2.505,-5.474,1,4,72.96,8,https://real.enamine.net/public-enum-files/Z9387893247
O=C(C1COC=2C=CC=C(Cl)C2O1)N3CCC(CC3)C=4C=CC(=CC4)N5CCC(=O)NC5=O,Z9302748815,469.918,469.918,2.11,-5.669,1,5,88.18,3,https://real.enamine.net/public-enum-files/Z9302748815
O=C(O)C(F)(F)F.CC=1C=CC(=CC1NC(=O)C2NCCOC3=CC(Br)=CC=C32)N4CCC(=O)NC4=O,Z9314608085,587.344,473.32,0.685,-5.739,3,5,99.77,4,https://real.enamine.net/public-enum-files/Z9314608085
O=C(O)C(F)(F)F.O=C(C=1C=CC=C(C1)N2CCC(=O)NC2=O)N3CCN(CC=4C=CC=CC4)C(CC=5N=NNN5)C3,Z9314608081,588.54,474.516,-0.012,-4.149,2,7,127.42,7,https://real.enamine.net/public-enum-files/Z9314608081
C[C@@H](CN1C=C(N=N1)C=2C=CC(F)=C3NN=CC23)NC(=O)C=4C=CC(=CC4)N5CCC(=O)NC5=O,Z9302748953,476.464,476.464,0.424,-4.954,3,6,137.9,6,https://real.enamine.net/public-enum-files/Z9302748953
CC=1C(=CC=CC1N2CCC(=O)NC2=O)C(=O)N3CCCCC3C(=O)NC=4C=CC=5OCCC5C4,Z9302748959,476.525,476.525,1.404,-5.626,2,5,108.05,4,https://real.enamine.net/public-enum-files/Z9302748959
CC=1C=CC(=CC1NC(=O)C2=CN3C=4C(=CC(F)=C(F)C4OC[C@@H]3C)C2=O)N5CCC(=O)NC5=O,Z9302749090,482.437,482.437,-0.034,-5.344,2,6,108.05,3,https://real.enamine.net/public-enum-files/Z9302749090
CC1=CC=2C(=NC=NC2S1)N3CCCC3C(=O)NC=4C=C(Cl)C=C(C4)N5CCC(=O)NC5=O,Z9302749149,484.96,484.96,1.904,-7.076,2,6,107.53,4,https://real.enamine.net/public-enum-files/Z9302749149
"O=C(O)C(F)(F)F.CC1=CC(=CC=C1N2CCC(=O)NC2=O)NC(=O)NC[C@@H]3CCCN(C4CC4)[C@H]3C5=CC=NN5C |&1:27,35,r|",Z9675740155,593.599,479.576,0.335,-3.904,3,5,111.6,7,https://real.enamine.net/public-enum-files/Z9675740155
