"Molecule (Canonical)","ExactMW","label"
"Cc1ccc(C=C(C#N)C(N)=O)o1",176.058577496,"Covalent"
"COC(=O)C(C#N)=Cc1ccc(C(=O)OC)o1",235.048072388,"Covalent"
"CC(=O)Nc1ccc(C=C(C#N)C(N)=O)cc1",229.085126592,"Covalent"
"Cc1ccc(C=C(C#N)C(=O)NC(C)C)o1",218.105527688,"Covalent"
"Cc1ccc(C)c(C=C(C#N)C(=O)NC(C)C)c1",242.141913196,"Covalent"
"C=CCNC(=O)C(C#N)=Cc1ccc(OC)cc1",242.105527688,"Covalent"
"C=CCNC(=O)C(C#N)=Cc1ccc(C)o1",216.089877624,"Covalent"
"CCOC(=O)C(C#N)=CNC(=O)c1ccco1",234.0640568,"Covalent"
"N#C/C(=C\c1ccoc1)C(=O)O",163.02694302,"Covalent"
"N#C/C(=C\c1ccc2[nH]ncc2c1)C(=O)O",213.053826464,"Covalent"
"COc1cc(C=C(C#N)C(N)=O)ccc1O",218.06914218,"Covalent"
"N#CC(=Cc1cccs1)C(N)=O",178.020083812,"Covalent"
"CC(C)c1ccc(C=C(C#N)C(=O)O)cc1",215.094628656,"Covalent"
"COc1ccc(C=C(C#N)C(=O)O)cc1C#N",228.053492116,"Covalent"
"CC(C)(C)C(=O)C(C#N)=Cc1cccnc1Cl",248.071640716,"Covalent"
"COC(=O)C(C#N)=CC1=Cc2ccccc2OC1",241.073893212,"Covalent"
"N#CC(=Cc1ccccc1)C(=O)NC1CC1",212.094963004,"Covalent"
"N#CC(=Cc1ccco1)C(=O)NC1CC1",202.07422756,"Covalent"
"N#CC(=Cc1ccccc1)C(=O)N1CCCC1",226.110613068,"Covalent"
"N#CCOc1ccc(C=C(C#N)C(N)=O)cc1",227.069476528,"Covalent"
"N#CC(=Cc1cc2cc(F)ccc2o1)C(=O)O",231.033171272,"Covalent"
"COCC(C)NC(=O)C(C#N)=Cc1occc1C",248.116092372,"Covalent"
"CNC(=O)C(C#N)=Cc1nc2ccccc2n1C",240.101111004,"Covalent"
"CCCNC(=O)C(C#N)=Cc1oc(C)nc1C",233.11642672,"Covalent"
"N#CC(=Cc1ccsc1)C(N)=O",178.020083812,"Covalent"
"Cn1cc(C=C(C#N)C(=O)O)cn1",177.053826464,"Covalent"
"N#CC(=Cc1ccc(Cl)s1)C(N)=O",211.98111146,"Covalent"
"N#CC(=Cc1ccc2c(c1)OCO2)C(=O)O",217.037507704,"Covalent"
"COC(=O)C(C#N)=Cc1ccc(OC)cc1",217.073893212,"Covalent"
"Cc1cc(C=C(C#N)C(=O)O)c(C)n1C1CC1",230.105527688,"Covalent"
"CCc1cccc2c(C=C(C#N)C(N)=O)c[nH]c12",239.105862036,"Covalent"
"Cc1[nH]c2ccccc2c1C=C(C#N)C(N)=O",225.090211972,"Covalent"
"CC(C)NC(=O)C(C#N)=Cc1cccc(Cl)c1",248.071640716,"Covalent"
"Cc1ccc(C=C(C#N)C(=O)N2CCCC2)cc1",240.126263132,"Covalent"
"CC(C)OC(=O)C(C#N)=Cc1cnn(C)c1",219.100776656,"Covalent"
"N#CC(=Cc1cc2cc(F)ccc2o1)C(N)=O",230.049155684,"Covalent"
"N#CC(=Cc1cccc(-c2ccncc2)c1)C(N)=O",249.090211972,"Covalent"
"CC(C)OC(=O)C(C#N)=Cc1cnn(C)n1",220.096025624,"Covalent"
"CNC(=O)C(C#N)=Cc1ccc(O)c(C(C)C)c1",244.121177752,"Covalent"
"N#CC(=Cc1ccc(OC(F)F)cc1)C(=O)O",239.039399524,"Covalent"
"COc1ccc(OC)c(C=C(C#N)C(N)=O)c1",232.084792244,"Covalent"
"Cc1ccc(C=C(C#N)C(=O)N2CCCC2)s1",246.082684068,"Covalent"
"C=CCNC(=O)C(C#N)=Cc1ccccc1OC",242.105527688,"Covalent"
"C=CCNC(=O)C(C#N)=Cc1sccc1C",232.067034004,"Covalent"
"C=CCNC(=O)C(C#N)=Cc1c(F)cccc1F",248.07611938,"Covalent"
"COC(=O)c1cc(C=C(C#N)C(N)=O)oc1C",234.0640568,"Covalent"
"N#CC(=Cc1cc(C#N)cs1)C(=O)NC(N)=O",246.021146432,"Covalent"
"CC(C)OC(=O)C(C#N)=Cc1ccc(O)nc1",232.084792244,"Covalent"
"CCCNC(=O)C(C#N)=Cc1cnnn1C1CC1",245.12766009999999,"Covalent"
"CCCNC(=O)C(C#N)=Cc1c(C)ccnc1C",243.137162164,"Covalent"
"N#CC(=Cc1ccc(O)cc1)C(=O)N1CCCC1",242.105527688,"Covalent"
"N#CC(=Cc1ccc(Cl)c(Cl)c1)C(=O)O",240.96973376,"Covalent"
"Cc1ccc(C=C(C#N)C(=O)NC2CC2)s1",232.067034004,"Covalent"
"Cc1cc(C=C(C#N)C(=O)O)c(C)n1CC(C)C",246.136827816,"Covalent"
"N#CC(=Cc1cnn(-c2ccccc2)c1)C(=O)O",239.069476528,"Covalent"
"CCOC(=O)C(C#N)=Cc1cc2ccccc2o1",241.073893212,"Covalent"
"CC(C)NC(=O)C(C#N)=Cc1cccnc1",215.105862036,"Covalent"
"CC(C)NC(=O)C(C#N)=Cc1ccccc1",214.110613068,"Covalent"
"C=CCNC(=O)C(C#N)=Cc1ccc(C)s1",232.067034004,"Covalent"
"Cc1ccoc1C=C(C#N)C(=O)NC(N)=O",219.064391148,"Covalent"
"CCCNC(=O)C(C#N)=Cc1ccn(CC)c1",231.137162164,"Covalent"
"CCCNC(=O)C(C#N)=Cc1ccncc1Cl",249.066889684,"Covalent"
"Cc1nc(C=C(C#N)C(=O)NC(C)C)[nH]c1C",232.132411132,"Covalent"
"N#CC(=Cc1ccccc1Br)C(N)=O",249.974174944,"Covalent"
"CN(C)c1ccc(C=C(C#N)C(N)=O)cc1",215.105862036,"Covalent"
"COCCn1c(C)cc(C=C(C#N)C(=O)O)c1C",248.116092372,"Covalent"
"COC(=O)C(C#N)=Cc1cc(C(=O)OC)c(C)o1",249.063722452,"Covalent"
"N#CC(=Cc1ccc(-c2ccccc2)cc1)C(N)=O",248.094963004,"Covalent"
"C=CCNC(=O)C(C#N)=Cc1cccn1C",215.105862036,"Covalent"
"CCCCNC(=O)C(C#N)=Cc1cccnc1",229.1215121,"Covalent"
"CNC(=O)C(C#N)=Cc1ccc(F)cc1",204.069891128,"Covalent"
"N#CC(=Cc1ccc(-n2ccnc2)nc1)C(=O)O",240.064725496,"Covalent"
"CCCNC(=O)C(C#N)=Cc1ccc(O)nc1",231.100776656,"Covalent"
"CCCNC(=O)C(C#N)=Cc1ccns1",221.062282972,"Covalent"
"CCCNC(=O)C(C#N)=Cc1conc1C1CC1",245.11642672,"Covalent"
"CCCNC(=O)C(C#N)=Cc1cncn1C1CC1",244.132411132,"Covalent"
"N#CC(=Cc1ccccc1Cl)C(N)=O",206.024690524,"Covalent"
"COc1ccc(C=C(C#N)C(=O)O)cc1",203.058243148,"Covalent"
"COC(=O)C(C#N)=Cc1cccc(F)c1",205.053906716,"Covalent"
"CCOC(=O)C(C#N)=Cc1ccncc1",202.07422756,"Covalent"
"N#CC(=Cc1ccccc1OC(F)F)C(=O)O",239.039399524,"Covalent"
"N#CC(=Cc1csc(-c2ccco2)n1)C(=O)O",246.009913052,"Covalent"
"N#CC(=Cc1ccc2c(c1)OCCO2)C(N)=O",230.06914218,"Covalent"
"Cc1ccc(C=C(C#N)C(=O)NC(C)C)s1",234.082684068,"Covalent"
"Cc1ccc(C=C(C#N)C(=O)NC(N)=O)o1",219.064391148,"Covalent"
"N#CC(=Cc1ccc(F)c(F)c1)C(=O)NC1CC1",248.07611938,"Covalent"
"N#CC(=Cc1ccccc1)C(=O)Nc1nnn[nH]1",240.075958876,"Covalent"
"CN(CC1CC1)C(=O)C(C#N)=Cc1ccco1",230.105527688,"Covalent"
"CC1(C)Cc2cc(C=C(C#N)C(N)=O)ccc2O1",242.105527688,"Covalent"
"CCCNC(=O)C(C#N)=Cc1cnn(C(C)C)c1",246.148061196,"Covalent"
"CCCNC(=O)C(C#N)=Cc1cncc(OC)c1",245.11642672,"Covalent"
"CC(C)NC(=O)C(C#N)=Cc1ccc(O)nc1",231.100776656,"Covalent"
"CC(C)NC(=O)C(C#N)=Cc1ccnc(O)c1",231.100776656,"Covalent"
"CCCNC(=O)C(C#N)=Cc1conc1C(C)C",247.132076784,"Covalent"
"CCOC(=O)C(C#N)=Cc1ccco1",191.058243148,"Covalent"
"CC(C)NC(=O)C(C#N)=Cc1cccs1",220.067034004,"Covalent"
"COC(=O)C(C#N)=Cc1ccc(C)c(C)c1",215.094628656,"Covalent"
"COC(=O)C(C#N)=Cc1ccc2c(c1)OCCO2",245.068807832,"Covalent"
"Cc1cc(C=C(C#N)C(N)=O)c(C)n1C1CC1",229.1215121,"Covalent"
"COc1ccc(C=C(C#N)C(N)=O)c(OC)c1",232.084792244,"Covalent"
"CC(C)NC(=O)C(C#N)=Cc1ccc(C#N)cc1",239.105862036,"Covalent"
"C=CCNC(=O)C(C#N)=Cc1ccc(C#N)cc1",237.090211972,"Covalent"
"N#CC(=Cc1[nH]c2ccccc2c1Cl)C(N)=O",245.035589556,"Covalent"
"COC(=O)C(C#N)=Cc1c[nH]nc1C(C)(C)C",233.11642672,"Covalent"
"CCc1oc2ccccc2c1C=C(C#N)C(N)=O",240.089877624,"Covalent"
"Cc1n[nH]c(C)c1C=C(C#N)C(=O)N1CCCC1",244.132411132,"Covalent"
"COCc1ccc(C=C(C#N)C(N)=O)cc1",216.089877624,"Covalent"
"C=CCOC(=O)C(C#N)=Cc1ccc(C(=O)O)[nH]1",246.0640568,"Covalent"
"N#C/C(=C\c1cccnc1)C(N)=O",173.058911844,"Covalent"
"COc1ccc(/C=C(\C#N)C(=O)O)cc1OC",233.068807832,"Covalent"
"CCCNC(=O)C(C#N)=Cc1ncoc1COC",249.11134134,"Covalent"
"CCCNC(=O)C(C#N)=Cc1cnnn1CC",233.12766009999999,"Covalent"
"COC(=O)C(C#N)=Cc1ccc2[nH]ncc2c1",227.069476528,"Covalent"
"CC#CC(=O)NCc1nccc(C(F)F)n1",225.071368348,"Covalent"
"CC#CC(=O)NC(C1CC1)C(F)(F)F",205.0714486,"Covalent"
"CC#CC(=O)NCC1(SC)CCN(C)CC1",240.12963426,"Covalent"
"CC#CC(=O)NCCc1cncc(O)c1",204.089877624,"Covalent"
"CC#CC(=O)NCC(F)(F)c1nc(C)n[nH]1",228.08226738,"Covalent"
"C#CCC1(NC(=O)C#CC)CCOCC1",205.11027872,"Covalent"
"CC#CC(=O)NCC1CCN(C)C1=O",194.105527688,"Covalent"
"CC#CC(=O)NC1C(=O)NCC1(CC)CC",222.136827816,"Covalent"
"CC#CC(=O)NCc1c2c(n[nH]c1=O)CCCC2",245.11642672,"Covalent"
"CC#CC(=O)NCC(O)[C@H]1COC(C)(C)O1",227.115758024,"Covalent"
"CC#CC(=O)NCc1c(OC)cc[nH]c1=O",220.084792244,"Covalent"
"CC#CC(=O)NCc1cnccn1",175.074561908,"Covalent"
"C=CCn1cc(NC(=O)C#CC)cn1",189.090211972,"Covalent"
"CC#CC(=O)NCC(C)(C)N1CCOCC1",224.15247788,"Covalent"
"CC#CC(=O)NCc1c(C)nn(CC)c1C",219.137162164,"Covalent"
"CC#CC(=O)NC(CC)c1nccs1",208.067034004,"Covalent"
"CC#CC(=O)N1CCN(C(=O)CC)CC1",208.121177752,"Covalent"
"CC#CC(=O)NCc1ccc(C(C)O)c(C)n1",232.121177752,"Covalent"
"CC#CC(=O)NCCc1ccc2cn[nH]c2c1",227.105862036,"Covalent"
"C#CC(NC(=O)C#CC)c1ccc(F)cc1",215.07464216,"Covalent"
"CC#CC(=O)N(Cc1ccccn1)C1CC1",214.110613068,"Covalent"
"CC#CC(=O)N(C)C(C)c1cccc(C#N)c1",226.110613068,"Covalent"
"CC#CC(=O)N(C)CC(O)c1cccc(C#N)c1",242.105527688,"Covalent"
"CC#CC(=O)NCc1noc2c1CC(C)(C)CC2",246.136827816,"Covalent"
"CC#CC(=O)NCC(C)(C)n1cccn1",205.1215121,"Covalent"
"CC#CC(=O)NC1COCCC1(OC)OC",227.115758024,"Covalent"
"CC#CC(=O)NCCC1CCCC1(F)F",215.11217054,"Covalent"
"CC#CC(=O)NC1C(C#N)CCC12CCOCC2",246.136827816,"Covalent"
"CC#CC(=O)NCC(C)(C)C1=CCOCC1",221.141578848,"Covalent"
"CC#CC(=O)N1CC=CCC12CCOC2",205.11027872,"Covalent"
"CC#CC(=O)N1CC(=O)N(CCC(F)(F)F)C1",248.077262252,"Covalent"
"CC#CC(=O)NC1(CO)CCc2ccccc21",229.11027872,"Covalent"
"CC#CC(=O)NCc1nc2cnccc2s1",231.046632908,"Covalent"
"CC#CC(=O)N[C@H]1CCC[C@@H](C(=O)NC2CC2)C1",248.15247788,"Covalent"
"C=CC(=O)NCc1cccc2cc[nH]c12",200.094963004,"Covalent"
"C=CC(=O)NCC1CCCN1c1ccc(C)cc1",244.15756326,"Covalent"
"C=CC(=O)NCCC1CCCCN1C(=O)NC",239.163376912,"Covalent"
"C=CC(=O)NCc1cn(C)nc1-c1ccccn1",242.116761068,"Covalent"
"C=CC(=O)N1CCC(OC)C(C(=O)O)C1",213.10010796,"Covalent"
"C=CC(=O)N1CCC2(CC1)CC2(Cl)C(=O)O",243.066220988,"Covalent"
"C=CC(=O)N[C@@H](c1ccco1)C(F)F",201.060134968,"Covalent"
"C=CC(=O)N1CCNC(=O)C1",154.07422756,"Covalent"
"C=CC(=O)N1CCC(C(N)=O)C1",168.089877624,"Covalent"
"C=CC(=O)NCc1ncc(C)o1",166.07422756,"Covalent"
"C=CC(=O)N1CCC(N(C)C)CC1",182.141913196,"Covalent"
"C=CC(=O)N1Cc2ccccc2C1",173.084063972,"Covalent"
"C=CC(=O)N1CCCC[C@H]1C(=O)O",183.089543276,"Covalent"
"C=CC(=O)NC(c1cccs1)C(C)C",209.0874351,"Covalent"
"C=CC(=O)N1CCCC(NC(C)=O)C1",196.121177752,"Covalent"
"C=CC(=O)NC1CC2CCC1(C)C2(C)C",207.162314292,"Covalent"
"C=CC(=O)Nc1ccc(OC)c(OC)c1",207.089543276,"Covalent"
"C=CC(=O)NC(C)c1c(F)cccc1F",211.080870412,"Covalent"
"C=CC(=O)N1CCN(CC(=O)NC)CC1",211.132076784,"Covalent"
"C=CC(=O)N1CCN(C(=O)N(C)C)CC1",211.132076784,"Covalent"
"C=CC(=O)N1CCCCC1CCC(=O)O",211.120843404,"Covalent"
"C=CC(=O)N[C@H](C(=O)O)c1ccccc1",205.073893212,"Covalent"
"C=CC(=O)Nc1cnn(CC2CCCO2)c1",221.11642672,"Covalent"
"C=CC(=O)Nc1cccnc1-n1cccn1",214.08546094,"Covalent"
"C=CC(=O)Nc1ccc2c(c1)NC(=O)CS2",234.04629856,"Covalent"
"C=CC(=O)N1CC(=O)Nc2ccccc2C1",216.089877624,"Covalent"
"C=CC(=O)N(C)Cc1cnn(-c2ccccc2)c1",241.1215121,"Covalent"
"C=CC(=O)N(C)Cc1cc(Cl)cn1C",212.071640716,"Covalent"
"C=CC(=O)NCc1ccn(-c2ccc(F)cc2)n1",245.096440224,"Covalent"
"C=CC(=O)N1CCSC2COCCC21",213.08234972,"Covalent"
"C=CC(=O)NC1CC(C)OC1C",169.11027872,"Covalent"
"C=CC(=O)NC1CCOC(CC(C)C)C1",211.157228912,"Covalent"
"C=CC(=O)NC1(C(=O)Nc2ccccc2)CC1",230.105527688,"Covalent"
"C=CC(=O)N1CCS(=O)(=O)C(CC)(CC)C1",245.108564468,"Covalent"
"C=CC(=O)NC(C)c1csnn1",183.046632908,"Covalent"
"C=CC(=O)N(C)C1CCCOC1",169.11027872,"Covalent"
"C=CC(=O)NC(CC)c1ccc2c(c1)OCCO2",247.120843404,"Covalent"
"C=CC(=O)N1CCCC(c2noc(C)n2)C1",221.11642672,"Covalent"
"C=CC(=O)NC(C)c1csc(C2CC2)n1",222.082684068,"Covalent"
"C=CC(=O)N1CCN(c2cccc(C)n2)CC1C",245.152812228,"Covalent"
"C=CC(=O)NC1CCCN(c2ccc(C)nn2)C1",246.148061196,"Covalent"
"C=CC(=O)N1CCCN(C)c2ccccc21",216.126263132,"Covalent"
"C=CC(=O)N1CCc2cccc(F)c2C1C",219.105942288,"Covalent"
"C=CC(=O)Nc1cc(CC)on1",166.07422756,"Covalent"
"C=CC(=O)N(C)Cc1nnc(C2CC2)n1C",220.132411132,"Covalent"
"C=CC(=O)NCC(=O)NC1(C)CCCCC1",224.15247788,"Covalent"
"C=CC(=O)N1CCc2ncnc(N(C)C)c2C1",232.132411132,"Covalent"
"C=CC(=O)NC1CCCC2OCCC12",195.125928784,"Covalent"
"C=CC(=O)Nc1ccc(C2CC2)nn1",189.090211972,"Covalent"
"C=CC(=O)Nc1cccc2c1CCO2",189.078978592,"Covalent"
"C=CC(=O)NCC1SCCS1",189.028205972,"Covalent"
"C=CC(=O)NC1CC2CCC(C2)C1",179.131014164,"Covalent"
"C=CC(=O)N1CCOC(C)(C(F)F)C1",205.091435096,"Covalent"
"C=CC(=O)NCc1cnccc1C(F)(F)F",230.066697568,"Covalent"
"C=CC(=O)NCC1(C)OCCc2sccc21",237.08234972,"Covalent"
"C=CC(=O)N1CC(=O)N(C)C1c1ccccc1",230.105527688,"Covalent"
"C=CC(=O)N1CCN2CCS(=O)(=O)CC2C1",244.088163372,"Covalent"
"C=CC(=O)NC[C@]12OCCC[C@H]1C2(F)F",217.091435096,"Covalent"
"C=CC(=O)N[C@H]1[C@@H]2COC[C@@H]21",153.078978592,"Covalent"
"C=CC(=O)N1CCC2(COC2)C1",167.094628656,"Covalent"
"C=CC(=O)N1Cc2cccnc2C1",174.07931294,"Covalent"
"C=CC(=O)NCc1ccc[nH]c1=O",178.07422756,"Covalent"
"C=CC(=O)Nc1ccc(OC)nn1",179.069476528,"Covalent"
"C=CC(=O)NCc1cnnn1CC",180.101111004,"Covalent"
"C=CC(=O)N1CC2COCC(C1)O2",183.089543276,"Covalent"
"C=CC(=O)N(C)CC1COCCO1",185.10519334,"Covalent"
"C=CC(=O)N1Cc2ccccc2[C@H]1C",187.099714036,"Covalent"
"C=CC(=O)N1CC(c2ccccc2)C1",187.099714036,"Covalent"
"C=CC(=O)Nc1cccc2c1OCC2",189.078978592,"Covalent"
"C=CC(=O)Nc1nccc(C2CC2)n1",189.090211972,"Covalent"
"C=CC(=O)N1CCc2ccn(C)c2C1",190.110613068,"Covalent"
"C=CC(=O)N(C)Cc1ccnn1CC",193.1215121,"Covalent"
"C=CC(=O)N[C@@H](C)C1CCCC(C)C1",195.162314292,"Covalent"
"C=CC(=O)NC1CC(=O)N(CCC)C1",196.121177752,"Covalent"
"C=CC(=O)NC(C)(C)C1CCOCC1",197.141578848,"Covalent"
"C=CC(=O)NCCN1CCOCC1=O",198.100442308,"Covalent"
"C=CC(=O)Nc1ccc2c(C)noc2c1",202.07422756,"Covalent"
"C=CC(=O)Nc1ccc2nc(C)nn2c1",202.08546094,"Covalent"
"C=CC(=O)NCc1c(C2CC2)cnn1C",205.1215121,"Covalent"
"C=CC(=O)N1CCC(CC(F)(F)F)C1",207.087098664,"Covalent"
"C=CC(=O)N1CC(Oc2nccs2)C1",210.04629856,"Covalent"
"C=CC(=O)NCc1ccc2cccnc2c1",212.094963004,"Covalent"
"C=CC(=O)Nc1nnc(C)c2ccccc12",213.090211972,"Covalent"
"C=CC(=O)NC12CC(c3ccccc3)(C1)C2",213.1153641,"Covalent"
"C=CC(=O)Nc1nc2ccccc2c(=O)[nH]1",215.069476528,"Covalent"
"C=CC(=O)NC1Cc2ccccc2NC1=O",216.089877624,"Covalent"
"C=CC(=O)NCCc1nc2ccccc2o1",216.089877624,"Covalent"
"C=CC(=O)N1CCCC(c2cccnc2)C1",216.126263132,"Covalent"
"C=CC(=O)NC1COc2c(C)cccc2C1",217.11027872,"Covalent"
"C=CC(=O)N1CCS(=O)(=O)CCC1C",217.07726434,"Covalent"
"C=CC(=O)NCc1cc(C2CC2)ccc1F",219.105942288,"Covalent"
"C=CC(=O)N1CCCCC1c1ccnn1C",219.137162164,"Covalent"
"C=CC(=O)N[C@@H]1CCc2cc(Cl)ccc21",221.060741684,"Covalent"
"C=CC(=O)N1CCC(c2cscn2)CC1",222.082684068,"Covalent"
"C=CC(=O)N1CCC[C@H]1CN1CCOCC1",224.15247788,"Covalent"
"C=CC(=O)N1CCC(CC(C)C(=O)O)CC1",225.136493468,"Covalent"
"C=CC(=O)N1CCC2(Cc3ccccc3C2)C1",227.131014164,"Covalent"
"C=CC(=O)Nc1cc(OC)c2ncccc2c1",228.089877624,"Covalent"
"C=CC(=O)Nc1cccc2c(=O)n(C)ccc12",228.089877624,"Covalent"
"C=CC(=O)Nc1ccc2nnc(C3CC3)n2c1",228.101111004,"Covalent"
"C=CC(=O)NC1C(=O)N(C)Cc2ccccc21",230.105527688,"Covalent"
"C=CC(=O)Nc1ccc2c(c1)CCN(C)C2=O",230.105527688,"Covalent"
"C=CC(=O)N1CCC(c2ccc(C)nc2)CC1",230.141913196,"Covalent"
"C=CC(=O)N1CCOc2cc(OC)ccc2C1",233.10519334,"Covalent"
"C=CC(=O)N1CCC(c2ncc(C)s2)CC1",236.098334132,"Covalent"
"C=CC(=O)N1CCCSc2ccc(F)cc21",237.062363224,"Covalent"
"C=CC(=O)N1CCCN(C(=O)CC(C)C)CC1",238.168127944,"Covalent"
"C=CC(=O)N(C)Cc1ccn(-c2ccccc2)n1",241.1215121,"Covalent"
"C=CC(=O)NCc1coc(-c2ccc(C)cc2)n1",242.105527688,"Covalent"
"C=CC(=O)NC(C)c1ncc(-c2ccccc2)o1",242.105527688,"Covalent"
"C=CC(=O)NC(C)c1nnnn1-c1ccccc1",243.112010036,"Covalent"
"C=CC(=O)Nc1cccc2c1CN(CC(C)C)C2",244.15756326,"Covalent"
"C=CC(=O)NC1(C(N)=O)CCOc2ccccc21",246.100442308,"Covalent"
"C=CC(=O)N(C)C1CCN(c2cnccn2)CC1",246.148061196,"Covalent"
"C=CC(=O)NCC1CCCN(c2ncccn2)C1",246.148061196,"Covalent"
"C=CC(=O)N1CC(C)NC(=O)c2ccc(F)cc21",248.096105876,"Covalent"
"C=CC(=O)NCC1CC(C)(C)OC1(C)C",211.157228912,"Covalent"
"C=CC(=O)NC1CC(C)Cc2cc(OC)ccc21",245.141578848,"Covalent"
"C=CC(=O)N1CCC(c2ccccc2)OC(C)C1",245.141578848,"Covalent"
"C=CC(=O)NC1CC(C)Cc2cccc(OC)c21",245.141578848,"Covalent"
"C=CC(=O)N(C)Cc1ccnc(N(C)C)n1",220.132411132,"Covalent"
"C=CC(=O)N1CCSCC1c1nccs1",240.039105004,"Covalent"
"C=CC(=O)NC1CCOC(c2cnn(C)c2)C1",235.132076784,"Covalent"
"C=CC(=O)N1CC(C)(C)O[C@@H]2COC[C@H]21",211.120843404,"Covalent"
"C=CC(=O)Nc1ccc(N(CC)C(C)=O)nc1",233.11642672,"Covalent"
"C=CC(=O)N[C@H]1C[C@H](C(=O)OC)C1",183.089543276,"Covalent"
"C=CC(=O)Nc1cnn2c1CCCC2",191.105862036,"Covalent"
"C=CC(=O)N[C@H]1C[C@H](SC)C1",171.071785036,"Covalent"
"C=CC(=O)N1C2CCC1CC(c1noc(C)n1)C2",247.132076784,"Covalent"
"C=CC(=O)N1CCC1(C)C1CCCCC1",207.162314292,"Covalent"
"C=CC(=O)N1CCCC1(C)c1ccccc1",215.131014164,"Covalent"
"C=CC(=O)NCC1(C)CCOC2(CCC2)C1",223.157228912,"Covalent"
"C=CC(=O)NCc1nccc2c1CCCC2",216.126263132,"Covalent"
"C=CC(=O)N1CCN(C)c2nc(OC)ccc21",233.11642672,"Covalent"
"C=CC(=O)NCC1CCN(C)C1=O",182.105527688,"Covalent"
"C=CC(=O)NC1CCSC2(CCC2)C1",211.103085164,"Covalent"
"C=CC(=O)N[C@H](C)c1ccc(OC)c(C)c1",219.125928784,"Covalent"
"C#CCN(Cc1ccc(C)cc1)C(=O)C=C",213.1153641,"Covalent"
"C=CC(=O)NCc1ccc(OC)c(C#N)c1",216.089877624,"Covalent"
"C=CC(=O)Nc1ccc(-n2ccc(C)n2)cc1",227.105862036,"Covalent"
"C=CC(=O)Nc1cc(C(F)F)ccc1F",215.055798536,"Covalent"
"C=CC(=O)Nc1cc2sc(=O)n(C)c2cc1C",248.061948624,"Covalent"
"C=CC(=O)Nc1ccc(F)c(C(F)F)c1",215.055798536,"Covalent"
"C=CC(=O)NCc1ccnc(-c2ccccn2)n1",240.101111004,"Covalent"
"C=CC(=O)Nc1ccc(N(C)C(=O)NC)cc1",233.11642672,"Covalent"
"C=CC(=O)Nc1ccc2c(c1)C(=O)N(C)C2",216.089877624,"Covalent"
"C=CC(=O)NC1CN(c2ccccc2)C1",202.110613068,"Covalent"
"C=CC(=O)N1CCC2(CC1)CC(C(=O)O)C2",223.120843404,"Covalent"
"C=CC(=O)NC(C)c1ccn(C(C)C)n1",207.137162164,"Covalent"
"C=CC(=O)N[C@H](C1CC1)C(F)(F)F",193.0714486,"Covalent"
"C=CC(=O)NCC1CC(C(C)(C)C)=NO1",210.136827816,"Covalent"
"C=CC(=O)N1COCC2(COCCN2C)C1",226.131742436,"Covalent"
"C=CC(=O)NC1(C)CCOC12CC2(F)F",217.091435096,"Covalent"
"C=CC(=O)NCc1conc1C1CCC1",206.105527688,"Covalent"
"C=CC(=O)NC(C)(C)c1ncccc1C",204.126263132,"Covalent"
"C=CC(=O)NC(C)(C)C(=O)c1ccccc1C",231.125928784,"Covalent"
"C=CC(=O)N[C@@H]1CCC[C@]12CCCCO2",209.141578848,"Covalent"
"C=CC(=O)NC12CC3CC(C1)C(F)(F)C(C3)C2",241.127820604,"Covalent"
"C=CC(=O)NC(C)C(O)C1CCCCC1",211.157228912,"Covalent"
"C=CC(=O)N1CC(F)(F)CC1(C)C(=O)O",219.070699652,"Covalent"
"C=CC(=O)N1C[C@H]2C[C@@H](C(=O)O)C[C@H]2C1",209.10519334,"Covalent"
"C=CC(=O)N1CCC(C(=O)O)C1(C)C",197.10519334,"Covalent"
"C=CC(=O)N(C)Cc1cc(-c2ccccc2)[nH]n1",241.1215121,"Covalent"
"C=CC(=O)Nc1cnc2ccc(F)cc2c1",216.069891128,"Covalent"
"C=CC(=O)NC(C)c1n[nH]c(-c2cccs2)n1",248.073182004,"Covalent"
"C=CC(=O)N1CCC(C)(CS(C)(=O)=O)CC1",245.108564468,"Covalent"
"C=CC(=O)Nc1ccc(Cl)c2cn[nH]c12",221.035589556,"Covalent"
"C=CC(=O)Nc1ccc2c(c1)C(O)CCCC2",231.125928784,"Covalent"
"C=CC(=O)Nc1cccc(C(O)C(F)(F)F)c1",245.06636322,"Covalent"
"C=CC(=O)Nc1ccc2c(c1)C(=O)NCCC2",230.105527688,"Covalent"
"C=CC(=O)NCc1nn(C)c(=O)c2ccccc12",243.100776656,"Covalent"
"C=CC(=O)Nc1cc(C(=O)NCC)sc1C",238.077598688,"Covalent"
"C=CC(=O)Nc1ccc(-n2cnnn2)c(F)c1",233.071288096,"Covalent"
"C=CC(=O)NCc1nnc(C2CCCO2)[nH]1",222.111675688,"Covalent"
"C=CC(=O)N1CCCCC1CNC(=O)NC",225.147726848,"Covalent"
"C=CC(=O)N1CC(O)CC1C1CC1",181.11027872,"Covalent"
"C=CC(=O)N1CC(C)(CO)Oc2ccccc21",233.10519334,"Covalent"
"C=CC(=O)NCc1cn(C)nc1C(F)F",215.087018412,"Covalent"
"C=CC(=O)NC1(CC(=O)O)CCC(F)(F)CC1",247.10199978,"Covalent"
"C=CC(=O)NCc1c(F)cc(C(=O)O)cc1F",241.055049588,"Covalent"
"C=CC(=O)N1CCC(CC(F)F)(C(=O)O)CC1",247.10199978,"Covalent"
"C=CC(=O)N[C@@H](c1ccccc1)C(F)F",211.080870412,"Covalent"
"C=CC(=O)NCC1CCCN1S(=O)(=O)CC",246.103813436,"Covalent"
"C=CC(=O)NCc1ccsc1-n1cccc1",232.067034004,"Covalent"
"C=CC(=O)N(C)C(c1ccccc1)C1(O)CCC1",245.141578848,"Covalent"
"C=CC(=O)NC1CC(O)(c2ccc(F)cc2)C1",235.100856908,"Covalent"
"C=CC(=O)N[C@H]1C[C@](OC)(C(F)(F)F)C1",223.082013284,"Covalent"
"C=CC(=O)NCC1(c2ccncc2F)CC1",220.101191256,"Covalent"
"C=CC(=O)N1CC(C)(C)OC2(CC3CCC2C3)C1",249.172878976,"Covalent"
"C=CC(=O)N1CCCc2ccc(C(=O)O)cc21",231.089543276,"Covalent"
"C=CC(=O)Nc1ncccn1",149.058911844,"Covalent"
"C=CC(=O)NCc1cnn(C)c1",165.090211972,"Covalent"
"C=CC(=O)N(C)c1cnn(C)c1",165.090211972,"Covalent"
"C=CC(=O)NC1CCCOCC1",169.11027872,"Covalent"
"C=CC(=O)Nc1cc(C(C)C)no1",180.089877624,"Covalent"
"C=CC(=O)NC1CCC(C)C(C)C1",181.146664228,"Covalent"
"C=CC(=O)N1CCCC1c1ccsc1",207.071785036,"Covalent"
"C=CC(=O)NCC1(SC)CCCCC1",213.118735228,"Covalent"
"C=CC(=O)Nc1ccc2nccnc2c1",199.074561908,"Covalent"
"C=CC(=O)N1CCc2sccc2C1CC",221.0874351,"Covalent"
"C=CC(=O)NCC12CC3CC(CC(C3)C1)C2",219.162314292,"Covalent"
"C=CC(=O)Nc1ccc(Cl)c2ncccc12",232.040340588,"Covalent"
"C=CC(=O)Nc1cnc2c(cnn2C(C)C)c1",230.116761068,"Covalent"
"C=CC(=O)Nc1cccc(NC(=O)CC)c1C",232.121177752,"Covalent"
"C=CC(=O)NC1CCOC1(C)C",169.11027872,"Covalent"
"C=CC(=O)Nc1cnc(C(C)(C)C)nc1",205.1215121,"Covalent"
"C=CC(=O)NCc1nncn1C1CC1",192.101111004,"Covalent"
"C=CC(=O)Nc1cccc(N2CCCNC2=O)c1",245.11642672,"Covalent"
"C=CC(=O)N(C)Cc1cc2ccccc2o1",215.094628656,"Covalent"
"C=CC(=O)NC(C)(C)c1nc(C)cs1",210.082684068,"Covalent"
"C=CC(=O)NC1(c2noc(CC)n2)CCCC1",235.132076784,"Covalent"
"C=CC(=O)NC(CC)C(=O)N1CCOCC1",226.131742436,"Covalent"
"C=CC(=O)Nc1c(C)cc(N(C)C)cc1C",218.141913196,"Covalent"
"C=CC(=O)NC1CCCN(c2cccnc2)C1=O",245.11642672,"Covalent"
"C=CC(=O)N1CCCC1CC(=O)c1cnn(C)c1",247.132076784,"Covalent"
"C=CC(=O)N1CCOC(CCc2ccccc2)C1",245.141578848,"Covalent"
"C=CC(=O)NC(C)C1CC2CCC1CC2",207.162314292,"Covalent"
"C=CC(=O)NCC1CCCCC1(F)F",203.11217054,"Covalent"
"C=CC(=O)NC(c1ccccc1)c1nc(C)no1",243.100776656,"Covalent"
"C=CC(=O)NC(C)C(C)n1cncn1",194.116761068,"Covalent"
"C=CC(=O)N(C)CCn1c(=O)oc2ccccc21",246.100442308,"Covalent"
"C=CC(=O)NCc1ccccc1-c1cnn(C)c1",241.1215121,"Covalent"
"C=CC(=O)NCc1nc(N(C)C)no1",196.096025624,"Covalent"
"C=CC(=O)N1CCN(C)C(c2ncc[nH]2)C1",220.132411132,"Covalent"
"C=CC(=O)N1CC=C(c2ccnn2C)CC1",217.1215121,"Covalent"
"C=CC(=O)N1C[C@@H](CO)[C@H](c2ccsc2)C1",237.08234972,"Covalent"
"C=CC(=O)N[C@H](C)c1cnccn1",177.090211972,"Covalent"
"C=CC(=O)NCC1(C)CCOC1",169.11027872,"Covalent"
"C=CC(=O)NC1CSC(C)C1",171.071785036,"Covalent"
"C=CC(=O)NCC1=CCOCC1",167.094628656,"Covalent"
"C=CC(=O)N1CCCC(OC2CCC2)C1",209.141578848,"Covalent"
"C=CC(=O)N(C)CC1=CCCOC1",181.11027872,"Covalent"
"C=CC(=O)N(C)c1ccc(OC)c(OC)c1",221.10519334,"Covalent"
"C=CC(=O)NCc1nccn1C(F)F",201.071368348,"Covalent"
"C=CC(=O)NC(C)C(=O)N1CCCCC1C",224.15247788,"Covalent"
"C=CC(=O)N1CCN(C2=NCC(C)S2)CC1",239.109233164,"Covalent"
"C=CC(=O)NC1CC(C)N(c2cnn(C)c2)C1=O",248.127325752,"Covalent"
"C=CC(=O)N(C)C1CCCC1SC",199.103085164,"Covalent"
"C=CC(=O)NCC1CCCC(C(F)(F)F)C1",235.118398792,"Covalent"
"C=CC(=O)N1CCOC(C2CCCO2)C1",211.120843404,"Covalent"
"C=CC(=O)NC1CCN(c2ccccc2OC)C1",246.136827816,"Covalent"
"C=CC(=O)N(C)Cc1cn(C)nc1C(C)C",221.152812228,"Covalent"
"C#CCn1cc(CN(C)C(=O)C=C)cn1",203.105862036,"Covalent"
"C=CC(=O)NC1CCc2cn(C(C)C)nc2C1",233.152812228,"Covalent"
"C=CC(=O)NC1(C(N)=O)CCCC1C",196.121177752,"Covalent"
"C=CC(=O)NCc1ccc(-c2csc(C)n2)o1",248.061948624,"Covalent"
"C=CC(=O)NC(c1nccn1C)C1CCOCC1",249.147726848,"Covalent"
"C=CC(=O)NC1C2CC3CC1CC(OC)(C3)C2",235.157228912,"Covalent"
"C=CC(=O)NC(C)c1nc(C(F)(F)F)no1",235.056861156,"Covalent"
"C=CC(=O)N1CCC[C@H]2COC[C@H]21",181.11027872,"Covalent"
"C=CC(=O)NC(C)C1CC1(F)F",175.080870412,"Covalent"
"C=CC(=O)Nc1ccc2c(n1)CCC2",188.094963004,"Covalent"
"C=CC(=O)N(C)C1CS(=O)(=O)C1",189.045964212,"Covalent"
"C=CC(=O)NCc1ccc(C#N)s1",192.035733876,"Covalent"
"C=CC(=O)NCCn1nc(C)cc1C",193.1215121,"Covalent"
"C=CC(=O)NC1CC2CCCCN2C1",194.141913196,"Covalent"
"C=CC(=O)NCc1ccc2cncn2c1",201.090211972,"Covalent"
"C=CC(=O)NCC1COc2ccccc21",203.094628656,"Covalent"
"C=CC(=O)Nc1ccc2sncc2c1",204.035733876,"Covalent"
"C=CC(=O)NCc1nnc(C2CC2)s1",209.062282972,"Covalent"
"C=CC(=O)N1CC2(CCCC2)OCC1C",209.141578848,"Covalent"
"C=CC(=O)N1CCC2(CC(OCC)C2)C1",209.141578848,"Covalent"
"C=CC(=O)NC1C(C)C(OC)C12CCC2",209.141578848,"Covalent"
"C=CC(=O)N1C2CCC1CC(OCC)C2",209.141578848,"Covalent"
"C=CC(=O)NCC(C)N1CCCCC1=O",210.136827816,"Covalent"
"C=CC(=O)Nc1cccc2c1C1CCC2O1",215.094628656,"Covalent"
"C=CC(=O)NC1(c2cccc(C)c2)CCC1",215.131014164,"Covalent"
"C=CC(=O)NCCc1ccc2c(c1)COC2",217.11027872,"Covalent"
"C=CC(=O)N1CC(COc2ccccc2)C1",217.11027872,"Covalent"
"C=CC(=O)NCc1cccc2ccsc12",217.056134972,"Covalent"
"C=CC(=O)N1CCCC(c2nccn2C)C1",219.137162164,"Covalent"
"C=CC(=O)N(Cc1c(C)noc1C)C1CC1",220.121177752,"Covalent"
"C=CC(=O)N1CCCCCC1c1ncon1",221.11642672,"Covalent"
"C=CC(=O)N(c1cccc(C#N)c1)C1CCC1",226.110613068,"Covalent"
"C=CC(=O)NCc1ncnn1-c1ccccc1",228.101111004,"Covalent"
"C=CC(=O)N1CC2(CCC2)C1c1ccncc1",228.126263132,"Covalent"
"C=CC(=O)Nc1ccc2c(c1)CN(C(C)=O)C2",230.105527688,"Covalent"
"C=CC(=O)N1CCc2ccccc2C1C(N)=O",230.105527688,"Covalent"
"C=CC(=O)N1CC(C)S(=O)(=O)C(CC)C1",231.092914404,"Covalent"
"C=CC(=O)N1CCN(c2nccnc2C)CC1",232.132411132,"Covalent"
"C=CC(=O)NC1(c2ccc(F)cc2F)CCC1",237.096520476,"Covalent"
"C=CC(=O)Nc1cnc(Oc2ccccc2)nc1",241.085126592,"Covalent"
"C=CC(=O)NCc1cnc(C)n1-c1ccccc1",241.1215121,"Covalent"
"C=CC(=O)N(Cc1ccc(C#N)cc1F)C1CC1",244.101191256,"Covalent"
"C=CC(=O)NCC1(S(C)(=O)=O)CCCCC1",245.108564468,"Covalent"
"C=CC(=O)N1c2cc(OC)ccc2NC(=O)C1C",246.100442308,"Covalent"
"C=CC(=O)NCCN1C(=O)COc2ccccc21",246.100442308,"Covalent"
"C=CC(=O)NC1CCC(c2nc(CC)no2)CC1",249.147726848,"Covalent"
"C=CC(=O)NC1(C)CC(F)(F)C1",175.080870412,"Covalent"
"C=CC(=O)NCC1(C)CC(F)(F)C1",189.096520476,"Covalent"
"C=CC(=O)NCc1cnoc1C",166.07422756,"Covalent"
"C=CC(=O)NC1CC2C=CC1CC2",177.1153641,"Covalent"
"C=CC(=O)N1C[C@@H]2[C@H](C1)[C@H]2C(=O)O",181.073893212,"Covalent"
"C=CC(=O)N1C2CCC1CC(CC(F)F)C2",229.127820604,"Covalent"
"C=CC(=O)N1CCOC(C)(C#N)C1",180.089877624,"Covalent"
"C=CC(=O)NC1CC2(COC(C)(C)C2)C1",209.141578848,"Covalent"
"C=CC(=O)NC1CCC(=O)N(c2cnn(C)c2)C1",248.127325752,"Covalent"
"C=CC(=O)N(C)C(C)(C)CN1CCOCC1",226.168127944,"Covalent"
"C=CC(=O)N[C@H]1C[C@@H](C)CC[C@@H]1C(C)C",209.177964356,"Covalent"
"C=CC(=O)NCC(F)(F)c1ccccc1C",225.096520476,"Covalent"
"C=CC(=O)N(C)Cc1c(C)cc(C)nc1OC",234.136827816,"Covalent"
"C=CC(=O)NCC(C)(C)c1ccc(C)cn1",218.141913196,"Covalent"
"C=CC(=O)Nc1cnn(C(C)(C)C)c1C",207.137162164,"Covalent"
"C=CC(=O)NC[C@@H]1C[C@H]1C1CCOCC1",209.141578848,"Covalent"
"C=CC(=O)N[C@@H]1CC=CC[C@H]1C(F)(F)F",219.087098664,"Covalent"
"C=CC(=O)Nc1ccc(C)c(N2CCCC2)c1",230.141913196,"Covalent"
"C=CC(=O)N1CC(CC2CCOCC2)C1",209.141578848,"Covalent"
"C=CC(=O)N(C)C1CCOCC1OC",199.120843404,"Covalent"
"C=CC(=O)NC(C)(C)C(=O)N1CCCC1",210.136827816,"Covalent"
"C=CC(=O)NCC(=O)C1CC2CCC1C2",207.125928784,"Covalent"
"C=CC(=O)N1CCC(c2ccn(C)n2)CC1",219.137162164,"Covalent"
"C=CC(=O)Nc1ccc(-n2ncn(C)c2=O)cc1",244.096025624,"Covalent"
"C=CC(=O)NCc1ncccc1S(C)(=O)=O",240.056863244,"Covalent"
"C=CC(=O)Nc1ccc(C(=O)N(C)C)nc1",219.100776656,"Covalent"
"C=CC(=O)Nc1ccnc(-n2cccn2)c1",214.08546094,"Covalent"
"C=CC(=O)N(C)Cc1cccc2c1OCO2",219.089543276,"Covalent"
"C=CC(=O)N1CC[C@H]2CS(=O)(=O)C[C@H]21",215.061614276,"Covalent"
"C=CC(=O)N[C@@H]1C[C@@H]2[C@H](C1)C2(C)C",179.131014164,"Covalent"
"C=CC(=O)N1CCn2cc(C(F)(F)F)nc2C1",245.0775966,"Covalent"
"C=CC(=O)N1CCOCC1C(=O)N(C)C",212.116092372,"Covalent"
"C=CC(=O)N1CC2(CCS(=O)(=O)CC2)C1",229.07726434,"Covalent"
"C=CC(=O)N1Cc2nc(C)nc(O)c2C1",205.085126592,"Covalent"
"C=CC(=O)Nc1cc(F)c2nc(C)sc2c1",236.041962128,"Covalent"
"C=CC(=O)NC1C(=O)N(CC)c2ccc(C)cc21",244.121177752,"Covalent"
"C=CC(=O)Nc1cnn2cc(C)cnc12",202.08546094,"Covalent"
"C=CC(=O)NCC(=O)c1ccccc1F",207.06955678,"Covalent"
"C=CC(=O)N1C[C@H]2CC[C@H]2[C@H]1C(=O)O",195.089543276,"Covalent"
"C=CC(=O)N1CCO[C@@H](C)[C@@H]1C(=O)O",199.084457896,"Covalent"
"C=CC(=O)NCCC1C2CC3CC(C2)CC1C3",233.177964356,"Covalent"
"C=CC(=O)N1CCOCC(C(=O)OC)C1",213.10010796,"Covalent"
"C=CC(=O)N1CCC2(CC1)CC(C1CC1)=NO2",234.136827816,"Covalent"
"C=CC(=O)Nc1cnc(C2CCCC2)nc1",217.1215121,"Covalent"
"C=CC(=O)NC(C)(C)C(=O)Nc1ccccc1",232.121177752,"Covalent"
"C=CC(=O)N(C)c1ccc2ncccc2c1",212.094963004,"Covalent"
"C=CC(=O)N[C@H]1COC[C@H]1CO",171.089543276,"Covalent"
"C=CC(=O)N1CC(C)(CO)Cc2ccccc21",231.125928784,"Covalent"
"C=CC(=O)NCc1ccccc1C(=O)O",205.073893212,"Covalent"
"C=CC(=O)N1[C@@H](C)CCC[C@H]1C(=O)O",197.10519334,"Covalent"
"C=CC(=O)N1CCOCCC1c1ccc(F)cc1",249.116506972,"Covalent"
"C=CC(=O)NCC1(n2ccnn2)CC1",192.101111004,"Covalent"
"C#CC1CN(C(=O)C2CCCN(C(=O)C=C)C2)C1",246.136827816,"Covalent"
"C=CC(=O)NCc1[nH]nc2c1CCCC2",205.1215121,"Covalent"
"C=CC(=O)N(C)Cc1ncc(C(F)(F)F)n1C",247.093246664,"Covalent"
"C=CC(=O)N(CC(C)O)C1CCCCC1",211.157228912,"Covalent"
"C=CC(=O)Nc1ccc([C@@H](C)O)cc1",191.094628656,"Covalent"
"C=CC(=O)N1CCC(C(=O)O)(n2cccn2)CC1",249.11134134,"Covalent"
"C=CC(=O)N1CC(C(=O)NC(C)C2(C)CC2)C1",236.15247788,"Covalent"
"C=CC(=O)N(C)CC1CCCOC1",183.125928784,"Covalent"
"C=CC(=O)NCCc1ccnn1C",179.105862036,"Covalent"
"C=CC(=O)N1CCC(C)(OCC)CC1",197.141578848,"Covalent"
"C=CC(=O)N1CCCOc2ccccc21",203.094628656,"Covalent"
"C=CC(=O)Nc1ccc(-c2nccs2)cc1",230.05138394,"Covalent"
"C=CC(=O)NCCc1nnc2n1CCCCC2",234.148061196,"Covalent"
"C=CC(=O)N1CCn2cccc2C1C",190.110613068,"Covalent"
"C=CC(=O)NCc1nncn1-c1ccccc1",228.101111004,"Covalent"
"C=CC(=O)NC1CCSc2c(F)cccc21",237.062363224,"Covalent"
"C=CC(=O)N1CSCC1C(=O)N1CCCC1",240.093248752,"Covalent"
"C=CC(=O)NC1(c2nccs2)CCCC1",222.082684068,"Covalent"
"C=CC(=O)NC1c2cccc(F)c2CCC1C",233.121592352,"Covalent"
"C=CC(=O)NCC1CCCc2cc(OC)ccc21",245.141578848,"Covalent"
"C=CC(=O)N1CCCC1c1ccc(COC)o1",235.120843404,"Covalent"
"C=CC(=O)Nc1ccccc1N1CCNC(=O)C1",245.11642672,"Covalent"
"C=CC(=O)N1CC(=O)NC(C)C1",168.089877624,"Covalent"
"C=CC(=O)NC(C)c1nnc(C)s1",197.062282972,"Covalent"
"C=CC(=O)N1CCC(Cn2nc(C)cc2C)CC1",247.168462292,"Covalent"
"C=CC(=O)NCC(C)(O)c1ccc(C)o1",209.10519334,"Covalent"
"C=CC(=O)N1CCN(c2ccc(C)o2)C(=O)C1",234.100442308,"Covalent"
"C=CC(=O)NC(CO)c1ccsc1",197.051049592,"Covalent"
"C=CC(=O)NCC1CN(S(C)(=O)=O)C1",218.072513308,"Covalent"
"C=CC(=O)N[C@H]1CCO[C@@H]1c1ccc(OC)nc1",248.116092372,"Covalent"
"C=CC(=O)NC1CCCC1CNS(C)(=O)=O",246.103813436,"Covalent"
"C=CC(=O)N1CC2(CCOCC2)C1C1CC1",221.141578848,"Covalent"
"C=CC(=O)NCc1nc(C2CC2)n[nH]1",192.101111004,"Covalent"
"C=CC(=O)Nc1ccc(-c2ccccn2)cc1",224.094963004,"Covalent"
"C=CC(=O)NCC1CCC2(CCCCC2)O1",223.157228912,"Covalent"
"C=CC(=O)N1Cc2ccc(OC)cc2C1",203.094628656,"Covalent"
"C=CC(=O)N1CCN(Cc2cscn2)CC1",237.0935831,"Covalent"
"C=CC(=O)NCCN1CCOC(C)(C)C1",212.15247788,"Covalent"
"C=CC(=O)NC1CCOc2c(OC)cc(C)cc21",247.120843404,"Covalent"
"C=CC(=O)NCC1CCc2ccccc21",201.1153641,"Covalent"
"C=CC(=O)N1CCNC(=O)CC1C",182.105527688,"Covalent"
"C=CC(=O)N1CCN(C2CCOCC2)CC1",224.15247788,"Covalent"
"C=CC(=O)N1CCOC(c2cnn(C)c2)C1",221.11642672,"Covalent"
"C=CC(=O)NC1(c2ccc(F)c(F)c2)CC1",223.080870412,"Covalent"
"C=CC(=O)NCc1cc2c(s1)CCSC2",239.043856036,"Covalent"
"C=CC(=O)NC1CCN(C2CCCCC2)C1=O",236.15247788,"Covalent"
"C=CC(=O)N1CCSc2ccccc2C1",219.071785036,"Covalent"
"C=CC(=O)NC1CCC(OC(C)C)CC1",211.157228912,"Covalent"
"C=CC(=O)NC1C(C)OC(C)C1C",183.125928784,"Covalent"
"C=CC(=O)N1CC(=O)N(CCC(F)(F)F)C1",236.077262252,"Covalent"
"C=CC(=O)NCc1noc2ccccc12",202.07422756,"Covalent"
"C=CC(=O)NC1CC(NC(=O)C2CCC2)C1",222.136827816,"Covalent"
"C=CC(=O)NCCc1cn(C)nn1",180.101111004,"Covalent"
"C=CC(=O)NC1CCCC1Cc1ccccn1",230.141913196,"Covalent"
"C=CC(=O)N1C[C@@H](O)C[C@H]1C(=O)OC(C)(C)C",241.131408088,"Covalent"
"C=CC(=O)N1CC(Cc2cccs2)C1",207.071785036,"Covalent"
"C=CC(=O)NCc1cc(C)n(C)n1",179.105862036,"Covalent"
"C=CC(=O)N(C)C[C@@H]1CCC(=O)N1",182.105527688,"Covalent"
"C=CC(=O)N1CCSCC1(C)C",185.0874351,"Covalent"
"C=CC(=O)Nc1ccc2ncnn2c1",188.069810876,"Covalent"
"C=CC(=O)NC(C)c1ccnc(C)n1",191.105862036,"Covalent"
"C=CC(=O)NC(C)Cc1cnccn1",191.105862036,"Covalent"
"C=CC(=O)N1CC(COC)(C2CC2)C1",195.125928784,"Covalent"
"C=CC(=O)N(C)C1CCC(=O)N(C)C1",196.121177752,"Covalent"
"C=CC(=O)NCC1CC(=O)N(CC)C1",196.121177752,"Covalent"
"C=CC(=O)Nc1ccc(C(F)F)nc1",198.060469316,"Covalent"
"C=CC(=O)NC1(c2ccncc2)CCC1",202.110613068,"Covalent"
"C=CC(=O)NC1(c2ccnc(C)n2)CC1",203.105862036,"Covalent"
"C=CC(=O)N1CCc2ccc(OC)nc21",204.089877624,"Covalent"
"C=CC(=O)NC1CCC(=O)NC12CCC2",208.121177752,"Covalent"
"C=CC(=O)N[C@H]1CCc2ncsc2C1",208.067034004,"Covalent"
"C=CC(=O)N1CCC(C2CCCO2)CC1",209.141578848,"Covalent"
"C=CC(=O)NCc1nc(C(N)=O)cs1",211.041547528,"Covalent"
"C=CC(=O)N1CCOC2(CCOC2C)C1",211.120843404,"Covalent"
"C=CC(=O)NCc1ccc2cn(C)nc2c1",215.105862036,"Covalent"
"C=CC(=O)Nc1cnc2c(F)cccc2c1",216.069891128,"Covalent"
"C=CC(=O)NC1C2Cc3cc(F)ccc3C21",217.090292224,"Covalent"
"C=CC(=O)NC1CCC(C)S(=O)(=O)C1",217.07726434,"Covalent"
"C=CC(=O)NCc1csc2ccccc12",217.056134972,"Covalent"
"C=CC(=O)NCC1CSc2ccccc21",219.071785036,"Covalent"
"C=CC(=O)N1CCOc2cccc(F)c2C1",221.085206844,"Covalent"
"C=CC(=O)NC1C2CCOC2C12CCCC2",221.141578848,"Covalent"
"C=CC(=O)NC1(C(N)=O)CCC(C)(C)CC1",224.15247788,"Covalent"
"C=CC(=O)NCCc1ccc2ccccc2n1",226.110613068,"Covalent"
"C=CC(=O)N1CC(c2ccccc2)(C(C)C)C1",229.146664228,"Covalent"
"C=CC(=O)NCC1c2ccccc2C(=O)N1C",230.105527688,"Covalent"
"C=CC(=O)N1CC(=O)N(C)c2ccccc2C1",230.105527688,"Covalent"
"C=CC(=O)Nc1cccc2c1N(C(C)=O)CC2",230.105527688,"Covalent"
"C=CC(=O)NC1CN(CC)Cc2ccccc21",230.141913196,"Covalent"
"C=CC(=O)NCc1cccnc1N1CCCC1",231.137162164,"Covalent"
"C=CC(=O)NCC1CSc2ccccc2O1",235.066699656,"Covalent"
"C=CC(=O)Nc1nc2cc(Cl)ccc2n1C",235.05123962,"Covalent"
"C=CC(=O)N1CCN(c2cccs2)C(=O)C1",236.061948624,"Covalent"
"C=CC(=O)Nc1ccc2c(cnn2C(F)F)c1",237.071368348,"Covalent"
"C=CC(=O)N[C@H]1CCCc2c(F)cc(F)cc21",237.096520476,"Covalent"
"C=CC(=O)NC(C)C1OCCc2sccc21",237.08234972,"Covalent"
"C=CC(=O)N1CCSCC1c1cnn(C)c1",237.0935831,"Covalent"
"C=CC(=O)NC1COc2cc(Cl)ccc2C1",237.055656304,"Covalent"
"C=CC(=O)Nc1cc(-c2ccccc2)cnc1C",238.110613068,"Covalent"
"C=CC(=O)NC1COc2c(F)cc(F)cc2C1",239.075785032,"Covalent"
"C=CC(=O)N1CC(C)(C)OC2(CCCOC2)C1",239.152143532,"Covalent"
"C=CC(=O)NCc1cccc2c1OC(F)(F)O2",241.055049588,"Covalent"
"C=CC(=O)NCC1OCCc2sc(F)cc21",241.057277844,"Covalent"
"C=CC(=O)Nc1cnn(-c2ccccc2)c1CC",241.1215121,"Covalent"
"C=CC(=O)Nc1ccccc1N1CC2CCC1C2",242.141913196,"Covalent"
"C=CC(=O)Nc1ccc2c(c1)C(C)CC(=O)N2C",244.121177752,"Covalent"
"C=CC(=O)Nc1cc(C)nn1-c1ccccc1F",245.096440224,"Covalent"
"C=CC(=O)N(c1cccc(C)c1)C1CCOCC1",245.141578848,"Covalent"
"C=CC(=O)N1CCC(Oc2ncc(C)cn2)CC1",247.132076784,"Covalent"
"C=CC(=O)N1CCCC(n2cc(C(=O)O)cn2)C1",249.11134134,"Covalent"
"C=CC(=O)N1CCC(c2nccs2)C1",208.067034004,"Covalent"
"C=CC(=O)NCC1CCC2(CCC2)CO1",209.141578848,"Covalent"
"C=CC(=O)N1CCC[C@@H](O)[C@H]1C",169.11027872,"Covalent"
"C=CC(=O)N1CCSC(C(F)(F)F)C1",225.0435196,"Covalent"
"C=CC(=O)NCC1CCC(C(F)(F)F)O1",223.082013284,"Covalent"
"C=CC(=O)N[C@@H]1COCC[C@H]1OC",185.10519334,"Covalent"
"C=CC(=O)NCCC1CCC(C)(C)CO1",211.157228912,"Covalent"
"C=CC(=O)N[C@H]1CCC[C@@H](C(F)(F)F)C1",221.102748728,"Covalent"
"C=CC(=O)N1CCC(c2ccc(C#N)cc2)CC1",240.126263132,"Covalent"
"C=CC(=O)NC1CCC2SCCSC12",229.0595061,"Covalent"
"C=CC(=O)N1CCN(CC(C)C)C(=O)C1C",224.15247788,"Covalent"
"C=CC(=O)N(C)Cc1cccc(OC)n1",206.105527688,"Covalent"
"C=CC(=O)N1CCN(S(C)(=O)=O)CC1(C)C",246.103813436,"Covalent"
"C=CC(=O)N1CC(=O)N(C)C(C)C1",182.105527688,"Covalent"
"C=CC(=O)Nc1cc(OC)ccc1C1CC1",217.11027872,"Covalent"
"C=CC(=O)N[C@@H]1C[C@H]1C1CCOCC1",195.125928784,"Covalent"
"C=CC(=O)N1CCCC1c1cncc(C)c1",216.126263132,"Covalent"
"C=CC(=O)N1CCN(C)c2ncccc2C1",217.1215121,"Covalent"
"C=CC(=O)NCc1noc2c1CC(C)(C)CC2",234.136827816,"Covalent"
"C=CC(=O)N[C@@H]1CCO[C@H]1C1CC1",181.11027872,"Covalent"
"C=CC(=O)N1CCC[C@H]1COC(C)(C)C",211.157228912,"Covalent"
"C=CC(=O)NC[C@H]1C=C[C@@H]2C[C@H]1CO2",193.11027872,"Covalent"
"C=CC(=O)Nc1ccc(F)c(-n2nnnc2C)c1",247.08693816,"Covalent"
"C=CC(=O)NCC(=C)c1ccccc1",187.099714036,"Covalent"
"C=CC(=O)NC[C@]1(C)CC[C@H](C)C1(C)C",209.177964356,"Covalent"
"C=CC(=O)Nc1cccc2c1OC(C)(C)C=C2",229.11027872,"Covalent"
"C=CC(=O)Nc1cc(C)c(C(C)=O)c(C)c1",217.11027872,"Covalent"
"C=CC(=O)NCC1CCS(=O)(=O)C1(C)C",231.092914404,"Covalent"
"C=CC(=O)NCC(=C)C1CCOCC1",195.125928784,"Covalent"
"C=CC(=O)N1CCc2c(ccnc2N(C)C)C1",231.137162164,"Covalent"
"C=CC(=O)NCC1CCOCC12CCCC2",223.157228912,"Covalent"
"C=CC(=O)NCC1(C(C)(C)C)CCCO1",211.157228912,"Covalent"
"C=CC(=O)NC1CCCC23OCCC2CC13",221.141578848,"Covalent"
"C=CC(=O)NCc1ncoc1C(F)(F)F",220.045962124,"Covalent"
"C=CC(=O)N1CCOC(c2ccc(C)s2)C1",237.08234972,"Covalent"
"C=CC(=O)NCc1nccc(Cl)c1F",214.030918776,"Covalent"
"C=CC(=O)Nc1cccc(-c2cccnc2)n1",225.090211972,"Covalent"
"C=CC(=O)Nc1ccc(Cl)nc1OC1CC1",238.050905272,"Covalent"
"C=CC(=O)NCc1cccc(-c2ccsc2)c1",243.071785036,"Covalent"
"C=CC(=O)NC1(C2CCSCC2)CC1",211.103085164,"Covalent"
"C=CC(=O)N1CC2(C=C(C(=O)OC)CO2)C1",223.084457896,"Covalent"
"C=CC(=O)N1CCC(P(C)(C)=O)CC1",215.107515446,"Covalent"
"C=CC(=O)NCC1CCC2COCCC2C1",223.157228912,"Covalent"
"C=CC(=O)N1CC(C(=O)c2ccc(F)cc2)C1",233.085206844,"Covalent"
"C=CC(=O)Nc1ccc2occc(=O)c2c1",215.058243148,"Covalent"
"C=CC(=O)NC(C)Cc1c[nH]c2ccc(F)cc12",246.11684132,"Covalent"
"C=CC(=O)Nc1ccc(F)c(C(=O)CC)c1",221.085206844,"Covalent"
"C=CC(=O)NCc1cccc(C(C)(F)F)n1",226.091769444,"Covalent"
"C=CC(=O)NCc1nc(-c2ccccc2)oc1C",242.105527688,"Covalent"
"C=CC(=O)N1CCOc2ccc(C(C)C)cc21",231.125928784,"Covalent"
"C=CC(=O)N1CC(=O)NCC1c1ccccc1",230.105527688,"Covalent"
"C=CC(=O)NCC(O)c1c(F)cccc1F",227.075785032,"Covalent"
"C=CC(=O)Nc1ccc2c(c1)C(=O)NCCO2",232.084792244,"Covalent"
"C=CC(=O)N1CCC(=O)Nc2ccc(OC)cc21",246.100442308,"Covalent"
"C=CC(=O)N(C)c1ccccc1C(=O)NC",218.105527688,"Covalent"
"C=CC(=O)N(C)CC1(O)CCc2ccccc21",231.125928784,"Covalent"
"C=CC(=O)Nc1ccc(C#N)cc1OC(C)C",230.105527688,"Covalent"
"C=CC(=O)N1CCC(O)C12CCCCC2",209.141578848,"Covalent"
"C=CC(=O)N1CCCC(O)(CC(=O)NC)C1",226.131742436,"Covalent"
"C=CC(=O)N1C[C@H](O)C[C@H]1COC",185.10519334,"Covalent"
"C=CC(=O)NCc1cc(=O)nc(SC)[nH]1",225.057197592,"Covalent"
"C=CC(=O)N1CCC(CO)C(c2ccccc2)C1",245.141578848,"Covalent"
"C=CC(=O)N1C[C@@H](CO)[C@H](F)C1",173.085206844,"Covalent"
"C=CC(=O)N1CCC(O)(C(F)(F)C(N)=O)CC1",248.097248748,"Covalent"
"C=CC(=O)N1CC2(CCCCC2)CC1CO",223.157228912,"Covalent"
"C=CC(=O)N(C)Cc1n[nH]c(-c2ccccc2)n1",242.116761068,"Covalent"
"C=CC(=O)NC(C)c1nc(C)c(C(=O)O)s1",240.056863244,"Covalent"
"C=CC(=O)NCc1cc(F)c(C(=O)O)cc1F",241.055049588,"Covalent"
"C=CC(=O)NC(CO)c1ccnn1C",195.100776656,"Covalent"
"C=CC(=O)NC[C@H]1CCC[C@@H]1O",169.11027872,"Covalent"
"C=CC(=O)N(C)C(C(N)=O)c1cccc(F)c1",236.096105876,"Covalent"
"C=CC(=O)NC(c1ccc(F)c(C#N)c1)C(C)C",246.11684132,"Covalent"
"C=CC(=O)NCc1cc2ccc(Cl)cc2[nH]1",234.055990652,"Covalent"
"C=CC(=O)Nc1cccnc1",148.063662876,"Covalent"
"C=CC(=O)N1CCCSCC1",171.071785036,"Covalent"
"C=CC(=O)N1CCNC(=O)C1C",168.089877624,"Covalent"
"C=CC(=O)NC1CCCCNC1=O",182.105527688,"Covalent"
"C=CC(=O)NC1CCOC(C)(C)C1",183.125928784,"Covalent"
"C=CC(=O)N1CCCC(CCC)CC1",195.162314292,"Covalent"
"C=CC(=O)N1CC(=O)Nc2ccccc21",202.07422756,"Covalent"
"C=CC(=O)N(Cc1ccncc1)C1CC1",202.110613068,"Covalent"
"C=CC(=O)N1CCCC1c1ccccc1Cl",235.076391748,"Covalent"
"C=CC(=O)N1CCC[C@@H]1C(=O)OC(C)(C)C",225.136493468,"Covalent"
"C=CC(=O)N(C)CC1COc2ccccc2O1",233.10519334,"Covalent"
"C=CC(=O)Nc1ccc(-c2coc(C)n2)cc1",228.089877624,"Covalent"
"C=CC(=O)N1CCN(Cc2cccnc2)CC1",231.137162164,"Covalent"
"C=CC(=O)N[C@@H]1C=C[C@H](CO)C1",167.094628656,"Covalent"
"C=CC(=O)N(C)Cc1ccccc1N1CCCC1",244.15756326,"Covalent"
"C=CC(=O)NCCc1nc2ccc(F)cc2n1C",247.112090288,"Covalent"
"C=CC(=O)Nc1ccc(-c2nnc(CC)o2)cc1",243.100776656,"Covalent"
"C=CC(=O)Nc1cnn(-c2ccccc2F)c1",231.08079016,"Covalent"
"C=CC(=O)NCC1CCC(C(=O)N(C)C)O1",226.131742436,"Covalent"
"C=CC(=O)Nc1ccc(-c2ncn(C)n2)cc1",228.101111004,"Covalent"
"C=CC(=O)Nc1cc(C(=O)O)ccc1O",207.053157768,"Covalent"
"C=CC(=O)N1CCCC(O)(C(=O)O)C1",199.084457896,"Covalent"
"C=CC(=O)N1CCC(c2cnn(CC)c2)CC1",233.152812228,"Covalent"
"C=CC(=O)NCC(C)(O)c1cnn(C)c1",209.11642672,"Covalent"
"C=CC(=O)NCC1CCC(C(N)=O)CC1",210.136827816,"Covalent"
"C=CC(=O)NCC(=O)Nc1ccccn1",205.085126592,"Covalent"
"C=CC(=O)NC(C)C1CCCN(C2CCC2)C1",236.188863388,"Covalent"
"C=CC(=O)N1CCOC(c2nncn2CC)C1",236.127325752,"Covalent"
"C=CC(=O)NCC(C)c1nncn1C",194.116761068,"Covalent"
"C=CC(=O)N1C2C=C(c3ccccc3)CC1CC2",239.131014164,"Covalent"
"C=CC(=O)NCC1(c2ncccc2C)CC1",216.126263132,"Covalent"
"C=CC(=O)NCC1CNC(=O)C1",168.089877624,"Covalent"
"C=CC(=O)NC1CSCC1C",171.071785036,"Covalent"
"C=CC(=O)NCc1ccns1",168.035733876,"Covalent"
"C=CC(=O)NC(C)C1CCC(F)(F)CC1",217.127820604,"Covalent"
"C=CC(=O)Nc1c(C)cnn1CC1CC1",205.1215121,"Covalent"
"C=CC(=O)N(C)Cc1cnc(CC)s1",210.082684068,"Covalent"
"C=CC(=O)NC1CCN(CC2CCCO2)CC1",238.168127944,"Covalent"
"C=CC(=O)NCC1CCc2nnc(C(C)C)n2C1",248.16371125999999,"Covalent"
"C=CC(=O)NC1C(C)CCCC1C",181.146664228,"Covalent"
"C=CC(=O)Nc1ccn(CC(F)F)n1",201.071368348,"Covalent"
"C=CC(=O)N1CC(Cc2cccc(C)c2)C1",215.131014164,"Covalent"
"C=CC(=O)NCC1CCCC1NS(C)(=O)=O",246.103813436,"Covalent"
"C=CC(=O)N1CCc2nnc(OC)cc2C1",219.100776656,"Covalent"
"C=CC(=O)NC1C2CCc3ccccc3C21",213.1153641,"Covalent"
"C=CC(=O)N1CCCN(S(N)(=O)=O)CC1",233.08341234,"Covalent"
"C=CC(=O)N1CCC(=O)N(C)CC1",182.105527688,"Covalent"
"C=CC(=O)NC1COC(C2CC2)C1",181.11027872,"Covalent"
"C=CC(=O)N1CCC(CCC#N)CC1",192.126263132,"Covalent"
"C=CC(=O)NC(C)c1ccc2ncsc2c1",232.067034004,"Covalent"
"C=CC(=O)N(C)Cc1conc1CC",194.105527688,"Covalent"
"C=CC(=O)N1CC=C(c2ccc(OC)cc2)C1",229.11027872,"Covalent"
"C=CC(=O)N1CC(C2CS(=O)(=O)C2)C1",215.061614276,"Covalent"
"C=CC(=O)NCc1cc(=O)n2ccccc2n1",229.085126592,"Covalent"
"C=CC(=O)N1CCn2nccc21",163.074561908,"Covalent"
"C=CC(=O)N1CC(CCOC)C1",169.11027872,"Covalent"
"C=CC(=O)N1CC2CC1(C(N)=O)C2",180.089877624,"Covalent"
"C=CC(=O)N1CC2COCC2(C)C1",181.11027872,"Covalent"
"C=CC(=O)NC1CCN(C)C(=O)C1",182.105527688,"Covalent"
"C=CC(=O)Nc1cc2ccccn2n1",187.074561908,"Covalent"
"C=CC(=O)Nc1nc2ncccn2n1",189.065059844,"Covalent"
"C=CC(=O)N1CCOCC12CCOC2",197.10519334,"Covalent"
"C=CC(=O)Nc1cccc2c1COCC2",203.094628656,"Covalent"
"C=CC(=O)NCc1ncc2c(n1)CCC2",203.105862036,"Covalent"
"C=CC(=O)Nc1ccc(F)c(C2CC2)c1",205.090292224,"Covalent"
"C=CC(=O)NC1CSc2ccccc21",205.056134972,"Covalent"
"C=CC(=O)Nc1nc2ccc(F)cn2n1",206.060389064,"Covalent"
"C=CC(=O)N1CCCCc2sccc21",207.071785036,"Covalent"
"C=CC(=O)N1CCC(N2CCCC2=O)C1",208.121177752,"Covalent"
"C=CC(=O)N1CCCC2(CCCCO2)C1",209.141578848,"Covalent"
"C=CC(=O)N1CCC2(CCOCC2)CC1",209.141578848,"Covalent"
"C=CC(=O)N1CC(CN2CCOCC2)C1",210.136827816,"Covalent"
"C=CC(=O)N1CCCc2c(C#N)cccc21",212.094963004,"Covalent"
"C=CC(=O)Nc1ccc2c(=O)[nH]ccc2c1",214.07422756,"Covalent"
"C=CC(=O)NC1(c2ccccc2)CC1(C)C",215.131014164,"Covalent"
"C=CC(=O)N[C@H]1C[C@H](c2cccc(C)c2)C1",215.131014164,"Covalent"
"C=CC(=O)NC1C2C3CC4C5C3CC2C5C41",215.131014164,"Covalent"
"C=CC(=O)N1CCc2ccccc2C1(C)C",215.131014164,"Covalent"
"C=CC(=O)Nc1ccc2c(c1)NC(=O)CC2",216.089877624,"Covalent"
"C=CC(=O)N1CCC(c2cc(C)ccn2)C1",216.126263132,"Covalent"
"C=CC(=O)NCc1ccnc2c1CCCC2",216.126263132,"Covalent"
"C=CC(=O)NC(c1ccccn1)C1CCC1",216.126263132,"Covalent"
"C=CC(=O)NC[C@@H]1Cc2ccccc2CO1",217.11027872,"Covalent"
"C=CC(=O)N1Cc2ccccc2OC(C)C1",217.11027872,"Covalent"
"C=CC(=O)NC1CCc2ccccc2OC1",217.11027872,"Covalent"
"C=CC(=O)N1CC(OC)Cc2ccccc21",217.11027872,"Covalent"
"C=CC(=O)NC1Cc2cccc(OC)c2C1",217.11027872,"Covalent"
"C=CC(=O)Nc1c(OC(F)F)noc1C",218.050298556,"Covalent"
"C=CC(=O)NCc1noc(-c2ccco2)n1",219.064391148,"Covalent"
"C=CC(=O)N1CCC(F)(c2ccccc2)C1",219.105942288,"Covalent"
"C=CC(=O)NC(C)c1cc2n(n1)CCCC2",219.137162164,"Covalent"
"C=CC(=O)Nc1cnn(C(C)C)c1C1CC1",219.137162164,"Covalent"
"C=CC(=O)Nc1ccn(C2CCOCC2)n1",221.11642672,"Covalent"
"C=CC(=O)N1CC23CCCCC2(COC3)C1",221.141578848,"Covalent"
"C=CC(=O)N1CCOC(Cn2ccnn2)C1",222.111675688,"Covalent"
"C=CC(=O)N1CCN(C2CC2)C(C(N)=O)C1",223.132076784,"Covalent"
"C=CC(=O)NC1COc2cc(F)cc(F)c21",225.060134968,"Covalent"
"C=CC(=O)NC1CC(OCC)C12CCCO2",225.136493468,"Covalent"
"C=CC(=O)N1CCCN(CCOC)C(=O)C1",226.131742436,"Covalent"
"C=CC(=O)N1CCSC2(CCOCC2)C1",227.097999784,"Covalent"
"C=CC(=O)NC1Cc2ccccc2N(C)C1=O",230.105527688,"Covalent"
"C=CC(=O)NCCc1nsc2ccccc12",232.067034004,"Covalent"
"C=CC(=O)N(C)c1ccc2nc(C)sc2c1",232.067034004,"Covalent"
"C=CC(=O)Nc1ncnc2sc(C)c(C)c12",233.062282972,"Covalent"
"C=CC(=O)N1CCCCC1c1nccn1CC",233.152812228,"Covalent"
"C=CC(=O)N1CCCCC1c1ccc(F)cn1",234.11684132,"Covalent"
"C=CC(=O)NC1CCN(C(=O)CC)CC1CC",238.168127944,"Covalent"
"C=CC(=O)N1CCc2c1cccc2C(F)(F)F",241.0714486,"Covalent"
"C=CC(=O)NCc1cc(OC)nc2ccccc12",242.105527688,"Covalent"
"C=CC(=O)N1CCN(C2CC2)c2c(C)cccc21",242.141913196,"Covalent"
"C=CC(=O)N1CCS(=O)(=O)CC1C1CCC1",243.092914404,"Covalent"
"C=CC(=O)N[C@@H](C)C(=O)N1Cc2ccccc2C1",244.121177752,"Covalent"
"C=CC(=O)N1CCCc2c(OC)cc(OC)cc21",247.120843404,"Covalent"
"C=CC(=O)N1CCc2c(ccc(OC)c2OC)C1",247.120843404,"Covalent"
"C=CC(=O)N1CCCC1(C)Cc1ccccc1F",247.137242416,"Covalent"
"C=CC(=O)N1CCN(c2cccc(F)c2)C(=O)C1",248.096105876,"Covalent"
"C=CC(=O)NCCn1ccc2cc(Cl)ccc21",248.071640716,"Covalent"
"C=CC(=O)NC1(CO)CCCCCCC1",211.157228912,"Covalent"
"C=CC(=O)NCC1CC2CCC(C1)S2",211.103085164,"Covalent"
"C=CCC1(O)CN(C(=O)C=C)C1",167.094628656,"Covalent"
"C=CC(=O)N1C[C@@H]2CS(=O)(=O)C[C@]2(C)C1",229.07726434,"Covalent"
"C=CC(=O)N1CC(SC)C(N(C)C)C1",214.113984196,"Covalent"
"C=CC(=O)N1CC(=O)N(C)CC1C",182.105527688,"Covalent"
"C=CC(=O)N1CC(C)(C#N)C1",150.07931294,"Covalent"
"C=CC(=O)N[C@H](C)c1ccccc1SC",221.0874351,"Covalent"
"C=CC(=O)N1CCC(C#N)(COC)CC1",208.121177752,"Covalent"
"C=CC(=O)NC(C)C1(S(C)(=O)=O)CC1",217.07726434,"Covalent"
"C=CC(=O)Nc1ccccc1C(=O)N(C)C(C)C",246.136827816,"Covalent"
"C=CC(=O)NCC1CN(C2CC2)C(=O)O1",210.100442308,"Covalent"
"C=CC(=O)N1CCC(N(C)C(=O)N(C)C)C1",225.147726848,"Covalent"
"C=CC(=O)N(C)[C@H](C)c1ccccc1OC",219.125928784,"Covalent"
"C=CC(=O)N1CC(F)(F)C[C@H]1C(=O)OC",219.070699652,"Covalent"
"C=CC(=O)N1C2CCC1CC(c1cnn(C)c1)C2",245.152812228,"Covalent"
"C=CC(=O)N1CCC(C)C1c1ccccc1",215.131014164,"Covalent"
"C=CC(=O)NC1CCC(C)(N2CCC2)CC1",222.173213324,"Covalent"
"C=CC(=O)N(C)CCN1CCNC(=O)C1",211.132076784,"Covalent"
"C=CC(=O)NC1CCCc2ccccc2C1",215.131014164,"Covalent"
"C=CC(=O)Nc1cccc(OC(C)(C)C)c1",219.125928784,"Covalent"
"C=CC(=O)Nc1ccc2c(c1)N(CC#N)CC2",227.105862036,"Covalent"
"C=CC(=O)NC(C(=C)C)c1ccc(F)c(F)c1",237.096520476,"Covalent"
"C=CC(=O)NC(c1cc(F)ccc1F)C(F)F",247.062026788,"Covalent"
"C=CC(=O)Nc1cccc(C(=O)N(C)CC)c1",232.121177752,"Covalent"
"C=CC(=O)NCc1ccc(N2CCNC2=O)cc1",245.11642672,"Covalent"
"C=CC(=O)N1CC(N2CCCS2(=O)=O)C1",230.072513308,"Covalent"
"C=CC(=O)NC(C)(C)c1cccc(OC)c1",219.125928784,"Covalent"
"C=CC(=O)NCc1ccc2c(c1)COCC2",217.11027872,"Covalent"
"C=CC(=O)NCC(C)(C)C1=CCOCC1",209.141578848,"Covalent"
"C=CC(=O)NCc1ccc2c(c1)CCCO2",217.11027872,"Covalent"
"C=CC(=O)NCc1ccc2c(c1)C(C)C(C)O2",231.125928784,"Covalent"
"C=CC(=O)NC1C[C@H]2C[C@@H](C1=C)C2(C)C",205.146664228,"Covalent"
"C=CC(=O)N(C)Cc1nc2c(n1C)CCCC2",233.152812228,"Covalent"
"C=CC(=O)NCCC1CC(C)(C)NC1=O",210.136827816,"Covalent"
"C=CC(=O)NCC1CCC(F)(F)C(=O)N1",218.086684064,"Covalent"
"C=CC(=O)N1CC2CCCCCC2(C#N)C1",218.141913196,"Covalent"
"C=CC(=O)Nc1noc(C(C)(C)C)c1C",208.121177752,"Covalent"
"C=CC(=O)Nc1ccccc1OC1COC1",219.089543276,"Covalent"
"C=CC(=O)N1CC(C(=O)O)OCC1(C)C",213.10010796,"Covalent"
"C=CC(=O)NCc1ccc(-c2ccsc2)nc1",244.067034004,"Covalent"
"C=CC(=O)Nc1ccc2nc(C)c(C)nc2c1",227.105862036,"Covalent"
"C=CC(=O)Nc1cc(Cl)c2c(c1)OCO2",225.019270796,"Covalent"
"C=CC(=O)N(C)C(C)C1(S(C)(=O)=O)CC1",231.092914404,"Covalent"
"C=CC(=O)NCc1cccc2c1OC(C)(C)C2",231.125928784,"Covalent"
"C=CC(=O)Nc1cnc2cc(C)ccc2c1",212.094963004,"Covalent"
"C=CC(=O)Nc1ccc2[nH]c(C(N)=O)cc2c1",229.085126592,"Covalent"
"C=CC(=O)NC(C)C(O)c1ccc(C)cc1",219.125928784,"Covalent"
"C=CC(=O)NCC(=O)Nc1ccc(F)cc1",222.080455812,"Covalent"
"C=CC(=O)NCc1c[nH]nc1-c1cccc(F)c1",245.096440224,"Covalent"
"C=CC(=O)N1CC[C@H]2CC[C@H](O)[C@H]21",181.11027872,"Covalent"
"C=CC(=O)N1CC2(C)C(=O)NC(=O)C2(C)C1",222.100442308,"Covalent"
"C=CC(=O)NC1COCCC1(O)COC",215.115758024,"Covalent"
"C=CC(=O)N1Cc2cccn2[C@@H](C)C1",190.110613068,"Covalent"
"C=CC(=O)N1CCCC2(C(=O)O)CCCCC12",237.136493468,"Covalent"
"C=CC(=O)N(C)C1CC(c2cccnc2)C1",216.126263132,"Covalent"
"C=CC(=O)N1CCn2ncc(O)c2C1",193.085126592,"Covalent"
"C=CC(=O)NCCn1nnc2ccccc21",216.101111004,"Covalent"
"C=CC(=O)N1CCN(CCO)C(C)C1",198.136827816,"Covalent"
"C=CC(=O)Nc1cc2[nH]ccc2cc1C",200.094963004,"Covalent"
"C=CC(=O)N1CCC[C@@H]1C(O)CC",183.125928784,"Covalent"
"C=CC(=O)NCc1coc(Cl)n1",186.019605144,"Covalent"
"C=CC(=O)N[C@@H]1C[C@H]1COC",155.094628656,"Covalent"
"C=CC(=O)N[C@@H](C)c1cccc(C(F)(F)F)c1",243.087098664,"Covalent"
"C=CC(=O)NC[C@H](C)c1ccccc1",189.1153641,"Covalent"
"C=CC(=O)NCC1CCCOC1",169.11027872,"Covalent"
"C=CC(=O)NCC1CCCCS1",185.0874351,"Covalent"
"C=CC(=O)NC1(C)CCOC1C",169.11027872,"Covalent"
"C=CC(=O)NCc1ccn(C)c1",164.094963004,"Covalent"
"C=CC(=O)NCc1c(C)noc1C",180.089877624,"Covalent"
"C=CC(=O)NCCc1nc(C)no1",181.085126592,"Covalent"
"C=CC(=O)N1CCSc2ccccc21",205.056134972,"Covalent"
"C=CC(=O)N(CC)C1CCS(=O)(=O)C1",217.07726434,"Covalent"
"C=CC(=O)Nc1cc(C)ccc1OC",191.094628656,"Covalent"
"C=CC(=O)NCCN1CCC(C)CC1",196.15756326,"Covalent"
"C=CC(=O)N1CCC(OC)(C(=O)O)CC1",213.10010796,"Covalent"
"C=CC(=O)Nc1cc2c(cc1Cl)OCCO2",239.03492086,"Covalent"
"C=CC(=O)N(C)CC(=O)Nc1cc(C)on1",223.095691276,"Covalent"
"C=CC(=O)Nc1ccc(N2CCCC2)cc1C",230.141913196,"Covalent"
"C=CC(=O)NCC1CCN(c2ccccc2)C1",230.141913196,"Covalent"
"C=CC(=O)N1CCNC(=O)CC1c1ccccc1",244.121177752,"Covalent"
"C=CC(=O)NCc1ccc(Cl)cc1OC",225.055656304,"Covalent"
"C=CC(=O)NC(C)(C)c1ncc(C)s1",210.082684068,"Covalent"
"C=CC(=O)NCCc1cc2ccccc2o1",215.094628656,"Covalent"
"C=CC(=O)NCCC(=O)N1CC2CCC(C1)O2",238.131742436,"Covalent"
"C=CC(=O)NCC1CCCSC1",185.0874351,"Covalent"
"C=CC(=O)NCc1ccc(-c2ccccc2F)o1",245.085206844,"Covalent"
"C=CC(=O)N1CC2CCCCC21c1ccccc1",241.146664228,"Covalent"
"C=CC(=O)NC(C)C1=CCN(C)CC1",194.141913196,"Covalent"
"C=CC(=O)NCc1cccc(N2CCOCC2)n1",247.132076784,"Covalent"
"C=CC(=O)N[C@@H]1CCC(=O)N[C@H]1C(C)(C)C",224.15247788,"Covalent"
"C=CC(=O)NCC1CCN(C(C)(C)C)C1",210.173213324,"Covalent"
"C=CC(=O)NCC1COc2ccccc2C1",217.11027872,"Covalent"
"C=CC(=O)N1CC(C)(C)C1c1ccccc1",215.131014164,"Covalent"
"C=CC(=O)N(C)C1Cc2ccccc2C1",201.1153641,"Covalent"
"C=CC(=O)N1CCC(n2cccc2)CC1",204.126263132,"Covalent"
"C=CC(=O)NCC1(c2cccs2)CCCC1",235.103085164,"Covalent"
"C=CC(=O)N(CC)Cc1cccc2c1OCCO2",247.120843404,"Covalent"
"C=CC(=O)NC(C)c1ccc2c(c1)CC(=O)N2C",244.121177752,"Covalent"
"C=CC(=O)N[C@@H](C)C(=O)N1CCCCC1",210.136827816,"Covalent"
"C=CC(=O)NCc1cc2c([nH]c1=O)CCC2",218.105527688,"Covalent"
"C=CC(=O)N1CC(c2ccc(F)cc2)CC1C",233.121592352,"Covalent"
"C=CC(=O)N(C)C1CCCCC1S(C)(=O)=O",245.108564468,"Covalent"
"C=CC(=O)N1CCCC(N(C)S(C)(=O)=O)C1",246.103813436,"Covalent"
"C=CC(=O)NC1CC(=O)N(C2CC2C)C1",208.121177752,"Covalent"
"C=CC(=O)N1CCN(c2cnn(C)c2)CC1",220.132411132,"Covalent"
"C=CC(=O)Nc1ccc2c(c1)N(C)CCO2",218.105527688,"Covalent"
"C=CC(=O)N(C)Cc1nc2c(s1)CCCC2",236.098334132,"Covalent"
"C=CC(=O)NCC1SCCc2ccccc21",233.0874351,"Covalent"
"C=CC(=O)NC1CCN(c2ncccc2F)C1",235.112090288,"Covalent"
"C=CC(=O)Nc1ccnn1CC1CC1",191.105862036,"Covalent"
"C=CC(=O)N1CCCN(c2cncc(F)c2)CC1",249.127740352,"Covalent"
"C=CC(=O)NC1CCOC2(CCSCC2)C1",241.113649848,"Covalent"
"C=CC(=O)N1C2CO[C@H]3[C@@H]2OC[C@H]31",181.073893212,"Covalent"
"C=CC(=O)NC12CC(C(F)(F)F)(C1)C2",205.0714486,"Covalent"
"C=CC(=O)NCC1(CO)CC2(CCC2)C1",209.141578848,"Covalent"
"C=CC(=O)NC1CCc2sccc2NC1=O",236.061948624,"Covalent"
"C=CC(=O)NCc1cnc(-c2ccccc2)s1",244.067034004,"Covalent"
"C=CC(=O)NCCc1cn2cccc(C)c2n1",229.1215121,"Covalent"
"C=CC(=O)NCCN1CC2CCCCN2C1=O",237.147726848,"Covalent"
"C=CC(=O)N1CC2CC1(c1nc(C)no1)C2",219.100776656,"Covalent"
"C=CC(=O)NCc1ccnc(-c2ccccc2)c1",238.110613068,"Covalent"
"C=CC(=O)N[C@H]1C[C@@H](OCC)C1",169.11027872,"Covalent"
"C=CC(=O)Nc1cc(C2CC2)no1",178.07422756,"Covalent"
"C=CC(=O)N1C[C@H](OC)[C@H](OC)C1",185.10519334,"Covalent"
"C=CC(=O)N1CCc2cc(C)ccc21",187.099714036,"Covalent"
"C=CC(=O)NCCc1cncc(C)n1",191.105862036,"Covalent"
"C=CC(=O)NCc1cnc(C2CC2)o1",192.089877624,"Covalent"
"C=CC(=O)NCCc1ncccc1F",194.085541192,"Covalent"
"C=CC(=O)N1CC(C)OC(COC)C1",199.120843404,"Covalent"
"C=CC(=O)NCc1ccc(C2CC2)cc1",201.1153641,"Covalent"
"C=CC(=O)Nc1c(C)ccn2ncnc12",202.08546094,"Covalent"
"C=CC(=O)NC1CCCc2nn(C)cc21",205.1215121,"Covalent"
"C=CC(=O)N1CCN(CC)C(=O)C1CC",210.136827816,"Covalent"
"C=CC(=O)NCC1CCOC(C(C)C)C1",211.157228912,"Covalent"
"C=CC(=O)NCC1CC12CCSCC2",211.103085164,"Covalent"
"C=CC(=O)NCc1nccc(C(F)F)n1",213.071368348,"Covalent"
"C=CC(=O)Nc1ccc2oc(C)c(C)c2c1",215.094628656,"Covalent"
"C=CC(=O)N1CCCCC1c1ccccc1",215.131014164,"Covalent"
"C=CC(=O)N(C)Cc1nc2ccccc2o1",216.089877624,"Covalent"
"C=CC(=O)Nc1cc(OC(F)F)n(C)n1",217.066282968,"Covalent"
"C=CC(=O)NC(C(F)F)C1CCCCC1",217.127820604,"Covalent"
"C=CC(=O)NCc1cc(C(F)(F)F)on1",220.045962124,"Covalent"
"C=CC(=O)N1CCC(c2csc(C)c2)C1",221.0874351,"Covalent"
"C=CC(=O)NC1(c2ccccc2Cl)CC1",221.060741684,"Covalent"
"C=CC(=O)N1CCC(C2CNC(=O)C2)CC1",222.136827816,"Covalent"
"C=CC(=O)Nc1cc(Cl)cc2c1OCC2",223.04000624,"Covalent"
"C=CC(=O)N(C)C1CCC(NC(C)=O)CC1",224.15247788,"Covalent"
"C=CC(=O)N1CCN(C(=O)CCOC)CC1",226.131742436,"Covalent"
"C=CC(=O)Nc1ccc2ccc(=O)n(C)c2c1",228.089877624,"Covalent"
"C=CC(=O)N1CCC2(C1)OCc1ccccc12",229.11027872,"Covalent"
"C=CC(=O)N1CCS(=O)(=O)C2CCCC21",229.07726434,"Covalent"
"C=CC(=O)N1CCC(C)(c2ccccc2)CC1",229.146664228,"Covalent"
"C=CC(=O)NCc1cc2cccc(OC)c2o1",231.089543276,"Covalent"
"C=CC(=O)Nc1ccc2c(c1)CCC(C)(C)O2",231.125928784,"Covalent"
"C=CC(=O)N1CC(COC)(c2ccccc2)C1",231.125928784,"Covalent"
"C=CC(=O)N1CCC(c2cccnc2OC)C1",232.121177752,"Covalent"
"C=CC(=O)NC1C2Cc3c(Cl)cccc3C21",233.060741684,"Covalent"
"C=CC(=O)N1CCN(CC(F)(F)F)C(=O)C1",236.077262252,"Covalent"
"C=CC(=O)Nc1nc(C2CCOCC2)cs1",238.077598688,"Covalent"
"C=CC(=O)NC(C)c1cn(-c2ccccc2)nn1",242.116761068,"Covalent"
"C=CC(=O)N(C)Cc1oc2c(C)cccc2c1C",243.125928784,"Covalent"
"C=CC(=O)N1Cc2ccc(OC)cc2C2(CC2)C1",243.125928784,"Covalent"
"C=CC(=O)NCc1ccc(-c2cccs2)cc1",243.071785036,"Covalent"
"C=CC(=O)N1CCC(CNS(C)(=O)=O)CC1",246.103813436,"Covalent"
"C=CC(=O)N1CCC(c2ccc(F)cc2C)CC1",247.137242416,"Covalent"
"C=CC(=O)N1CCC2(CC1)CC2CN1CCCC1",248.188863388,"Covalent"
"C=CC(=O)N1CCC(Cc2nc(CC)no2)CC1",249.147726848,"Covalent"
"C=CC(=O)NCc1c(OC)ccc2ccccc12",241.11027872,"Covalent"
"C=CC(=O)NC1CCOC(C(C)(C)C)C1",211.157228912,"Covalent"
"C=CC(=O)NCCC1CCCS1(=O)=O",217.07726434,"Covalent"
"C#CC1CCCCN(C(=O)CN(C)C(=O)C=C)C1",248.15247788,"Covalent"
"C=CC(=O)NCC1(OC)CCCCCC1",211.157228912,"Covalent"
"C=CC(=O)N1CCC(Cc2nccs2)C1",222.082684068,"Covalent"
"C=CC(=O)N[C@H]1C[C@H]1C(F)F",161.065220348,"Covalent"
"C=CC(=O)Nc1cccc2c1OC(C)(C)CC2=O",245.10519334,"Covalent"
"C=CC(=O)NC(C1CCC1)C1CCCO1",209.141578848,"Covalent"
"C=CC(=O)N1CCC2CSCC2C1",197.0874351,"Covalent"
"C=CC(=O)NCCc1cnn2c1CCCC2",219.137162164,"Covalent"
"C=CC(=O)Nc1ccc2c(c1)C=CC1(CCC1)O2",241.11027872,"Covalent"
"C=CC(=O)NCCc1nc2c(s1)CCC2",222.082684068,"Covalent"
"C=CC(=O)NCc1cc(C2CC2)nn1C",205.1215121,"Covalent"
"C=CC(=O)NCCC1OCCc2ccccc21",231.125928784,"Covalent"
"C=CC(=O)NC(C)C1(c2ccccc2)CCC1",229.146664228,"Covalent"
"C=CC(=O)NC1CCN(C(C)CC)CC1",210.173213324,"Covalent"
"C=CC(=O)N1CCc2cc(C#N)ccc2C1",212.094963004,"Covalent"
"C=CC(=O)NC(C)c1cc(F)c(F)c(F)c1",229.0714486,"Covalent"
"C=CC(=O)Nc1ccc(C)c(-c2nc(C)co2)c1",242.105527688,"Covalent"
"C=CC(=O)N[C@@H](c1ccc(F)cc1)C(F)(F)F",247.062026788,"Covalent"
"C=CC(=O)NCC(F)(F)c1cccc(F)c1",229.0714486,"Covalent"
"C=CC(=O)Nc1cccc2c1N(C)C(=O)CO2",232.084792244,"Covalent"
"C=CCn1cc2ccc(NC(=O)C=C)cc2n1",227.105862036,"Covalent"
"C=CC(=O)N1CCC2(CC1)CC(=O)CCO2",223.120843404,"Covalent"
"C=CC(=O)NCc1cccc2nsnc12",219.046632908,"Covalent"
"C=CC(=O)NCc1nc2c(s1)CC(C)CC2",236.098334132,"Covalent"
"C=CC(=O)NCCC1CCOc2ccccc21",231.125928784,"Covalent"
"C=CC(=O)N[C@@H]1CCCCC[C@H]1OCC",211.157228912,"Covalent"
"C=CC(=O)N[C@H]1CCOc2ccc(C(C)C)cc21",245.141578848,"Covalent"
"C=CC(=O)N1CCN(S(C)(=O)=O)CC1C",232.088163372,"Covalent"
"C=CC(=O)NCc1nn(-c2ccccc2)nc1C",242.116761068,"Covalent"
"C=CC(=O)Nc1cnc2[nH]ccc2c1",187.074561908,"Covalent"
"C=CC(=O)Nc1ccc(-c2cccnc2)c(C)c1",238.110613068,"Covalent"
"C=CC(=O)Nc1cc(F)cc2c1OCCC2",221.085206844,"Covalent"
"C=CC(=O)N[C@@H]1C[C@H]2C[C@@H]1C[C@H]2C(=O)OC",223.120843404,"Covalent"
"C=CC(=O)Nc1cccc(-c2cnn(C)c2)c1",227.105862036,"Covalent"
"C=CC(=O)N(C)Cc1ccnc2ccccc12",226.110613068,"Covalent"
"C=CC(=O)NC(C)(C)C#Cc1ccccc1",213.1153641,"Covalent"
"C=CC(=O)Nc1ccc(Cl)c(COC)c1",225.055656304,"Covalent"
"C=CC(=O)N(C)Cc1cnc(-n2cccn2)s1",248.073182004,"Covalent"
"C=CC(=O)Nc1ccc(C(F)(F)CF)cc1",229.0714486,"Covalent"
"C=CC(=O)NCCc1cn(C)c2cccc(C)c12",242.141913196,"Covalent"
"C=CC(=O)N1CCC(O)(Cc2cccc(F)c2)C1",249.116506972,"Covalent"
"C=CC(=O)NC(C)Cc1ccc(Cl)s1",229.032812684,"Covalent"
"C=CC(=O)Nc1cc(C)cc(S(N)(=O)=O)c1",240.056863244,"Covalent"
"C=CC(=O)N1CCC(O)(c2ccccc2F)C1",235.100856908,"Covalent"
"C=CC(=O)N1[C@H](CO)CCC[C@@H]1CO",199.120843404,"Covalent"
"C=CC(=O)NC(CO)c1ccc(F)cc1F",227.075785032,"Covalent"
"C=CC(=O)N1CCC2(CC1)CC(C(=O)O)CO2",239.115758024,"Covalent"
"C=CC(=O)N1CCC(CC(=O)O)C(F)(F)CC1",247.10199978,"Covalent"
"C=CC(=O)N1CC(C(=O)O)OC(C)(C)C1",213.10010796,"Covalent"
"C=CC(=O)N1CCCC(O)(C(F)(F)C(=O)O)C1",249.081264336,"Covalent"
"C=CC(=O)NC1(C)CN(C(=O)COC)C1",212.116092372,"Covalent"
"C=CC(=O)NC[C@@H](O)c1ccc(C)cc1",205.11027872,"Covalent"
"C=CC(=O)Nc1ccc2cc[nH]c2c1",186.07931294,"Covalent"
"C=CC(=O)NCc1ccsc1S(N)(=O)=O",246.01328418,"Covalent"
"C=CC(=O)NC1(CC(=O)N(C)C)COC1",212.116092372,"Covalent"
"C=CC(=O)NC1CCN(Cc2ccnn2C)CC1",248.16371125999999,"Covalent"
"C=CC(=O)N[C@H](CF)c1ccccc1",193.090292224,"Covalent"
"C=CC(=O)N1CCCC1c1cccc(C(=O)O)c1",245.10519334,"Covalent"
"C=CC(=O)NC1CCSC1C",171.071785036,"Covalent"
"C=CC(=O)Nc1ccccc1Cl",181.029441556,"Covalent"
"C=CC(=O)NCCn1cccn1",165.090211972,"Covalent"
"C=CC(=O)NCc1scnc1C",182.05138394,"Covalent"
"C=CC(=O)NC1CC2CCC1O2",167.094628656,"Covalent"
"C=CC(=O)Nc1ccnn1C(C)C",179.105862036,"Covalent"
"C=CC(=O)NC1CCC(=O)N(C)C1",182.105527688,"Covalent"
"C=CC(=O)N1CCC(C)C(OC)C1",183.125928784,"Covalent"
"C=CC(=O)N1CCSC(C(C)C)C1",199.103085164,"Covalent"
"C=CC(=O)NC1(C)CCC(C)CC1",181.146664228,"Covalent"
"C=CC(=O)NC1CC2CCC1CC2",179.131014164,"Covalent"
"C=CC(=O)NC(=O)Nc1ccccc1",190.07422756,"Covalent"
"C=CC(=O)N(C)CCc1ccccc1",189.1153641,"Covalent"
"C=CC(=O)N1C2CCC1C(C(=O)O)C2",195.089543276,"Covalent"
"C=CC(=O)N1CCSCC1S(C)(=O)=O",235.033685276,"Covalent"
"C=CC(=O)NCc1ccc(C(=O)O)o1",195.053157768,"Covalent"
"C=CC(=O)Nc1ccc(CC(=O)O)cc1",205.073893212,"Covalent"
"C=CC(=O)Nc1ccc(C(N)=O)cc1C",204.089877624,"Covalent"
"C=CC(=O)N1CCC(C)C2CCCCC21",207.162314292,"Covalent"
"C=CC(=O)Nc1cccc(NC(C)=O)n1",205.085126592,"Covalent"
"C=CC(=O)Nc1nc(OC)cc(OC)n1",209.080041212,"Covalent"
"C=CC(=O)NC1CCCCC12CCCC2",207.162314292,"Covalent"
"C=CC(=O)Nc1ccc(OC)cc1[N+](=O)[O-]",222.0640568,"Covalent"
"C=CC(=O)Nc1ccc(-n2nccn2)cc1",214.08546094,"Covalent"
"C=CC(=O)N1CCN(C(=O)C2CCCO2)CC1",238.131742436,"Covalent"
"C=CC(=O)Nc1cccc(Cl)c1-n1cncn1",248.046488588,"Covalent"
"C=CC(=O)NC1CCN(C(=O)c2ccoc2)CC1",248.116092372,"Covalent"
"C=CC(=O)N1CCCC1Cc1cccc(F)c1",233.121592352,"Covalent"
"C=CC(=O)N1CCCCC(SCC)C1",213.118735228,"Covalent"
"C=CC(=O)NCCN1C(=O)CNC1=O",197.080041212,"Covalent"
"C=CC(=O)NC(c1ncc(C)s1)C1CC1",222.082684068,"Covalent"
"C=CC(=O)NC1CC(OCC)C12CCCCC2",237.172878976,"Covalent"
"C=CC(=O)NCc1cc(=O)[nH]c2ccccc12",228.089877624,"Covalent"
"C=CC(=O)NCc1cc(Cl)cc2c1OCC2",237.055656304,"Covalent"
"C=CC(=O)NC1CS(=O)(=O)C1",175.030314148,"Covalent"
"C=CC(=O)N1CCCOC(c2ccccc2)C1",231.125928784,"Covalent"
"C=CC(=O)N1CCC(c2ccco2)C1",191.094628656,"Covalent"
"C=CC(=O)N1CCC(C)C(n2ccnc2)C1",219.137162164,"Covalent"
"C=CC(=O)NC1(c2ccc(F)cn2)CC1",206.085541192,"Covalent"
"C=CC(=O)NCCC1Cc2ccccc2C1",215.131014164,"Covalent"
"C=CC(=O)NCC(=O)c1cccc2c1OCCO2",247.084457896,"Covalent"
"C=CC(=O)N1CCCN2c3ccccc3CC2C1",242.141913196,"Covalent"
"C=CC(=O)N1CCCNC(=O)C1CC(C)C",224.15247788,"Covalent"
"C=CC(=O)NCC1CCC(F)(F)CC1",203.11217054,"Covalent"
"C=CC(=O)NC1CS(=O)(=O)CC1OC",219.056528896,"Covalent"
"C=CC(=O)NC(C)Cn1cncn1",180.101111004,"Covalent"
"C=CC(=O)N1CCN(C(=O)c2cnccn2)CC1",246.111675688,"Covalent"
"C#CCN(CC1CCCO1)C(=O)C=C",193.11027872,"Covalent"
"C=CC(=O)N1CCCc2sccc2C1",207.071785036,"Covalent"
"C=CC(=O)N1CCN(Cc2ncon2)CC1",222.111675688,"Covalent"
"C=CC(=O)NC1c2ccccc2CCC1N(C)C",244.15756326,"Covalent"
"C=CC(=O)N1CCSc2c1c(C)nn2C",223.077933036,"Covalent"
"C=CC(=O)NC1c2cc(F)ccc2CC1C",219.105942288,"Covalent"
"C=CC(=O)N1CC[C@@H](NC(=O)OC(C)(C)C)C1",240.1473925,"Covalent"
"C=CC(=O)NCCC1COc2ccccc2O1",233.10519334,"Covalent"
"C=CC(=O)NCc1nc2ccccc2n1C1CC1",241.1215121,"Covalent"
"C=CC(=O)N1CC2(CCCO2)C1",167.094628656,"Covalent"
"C=CC(=O)N1CCOc2ncccc2C1",204.089877624,"Covalent"
"C=CC(=O)NCc1nc2cc(F)ccc2o1",220.064805748,"Covalent"
"C=CC(=O)NC12CC1COC2(C)C",181.11027872,"Covalent"
"C=CC(=O)NC(C)c1ccns1",182.05138394,"Covalent"
"C=CC(=O)NC1CC2(C1)CC2(F)F",187.080870412,"Covalent"
"C=CC(=O)NCc1c(C)nnn1CC",194.116761068,"Covalent"
"C=CC(=O)N1CC(C2CCOCC2)C1",195.125928784,"Covalent"
"C=CC(=O)N1CCC(C)CC1C(N)=O",196.121177752,"Covalent"
"C=CC(=O)NC1CCCC1C(=O)NC",196.121177752,"Covalent"
"C=CC(=O)NC(CC)C1CCCCO1",197.141578848,"Covalent"
"C=CC(=O)NC(C)C1Cc2ccccc21",201.1153641,"Covalent"
"C=CC(=O)N1CCCC1c1ccncn1",203.105862036,"Covalent"
"C=CC(=O)N1CC(Cc2cnn(C)c2)C1",205.1215121,"Covalent"
"C=CC(=O)N1CCC(c2ncco2)CC1",206.105527688,"Covalent"
"C=CC(=O)NC1CCc2nnnn2CC1",207.112010036,"Covalent"
"C=CC(=O)NC1CCCC2CCCCC21",207.162314292,"Covalent"
"C=CC(=O)N1CCCC2(CC2C(=O)O)C1",209.10519334,"Covalent"
"C=CC(=O)NCC1(C)CCOC1C1CC1",209.141578848,"Covalent"
"C=CC(=O)NCC(C)(C)C1CCCCC1",209.177964356,"Covalent"
"C=CC(=O)NC1CCCOC1CC(C)C",211.157228912,"Covalent"
"C=CC(=O)N(C)c1ncnc2ccccc12",213.090211972,"Covalent"
"C=CC(=O)N1CCSC(CC)(CC)C1",213.118735228,"Covalent"
"C=CC(=O)N1CCS(=O)(=O)CC(C)C1",217.07726434,"Covalent"
"C=CC(=O)N1CCC(Cn2cncn2)CC1",220.132411132,"Covalent"
"C=CC(=O)N1CCOc2c(F)cccc2C1",221.085206844,"Covalent"
"C=CC(=O)N1CCCC2(CCCCC2)CC1",221.177964356,"Covalent"
"C=CC(=O)NCCc1ccnc2ccccc12",226.110613068,"Covalent"
"C=CC(=O)NCc1c(C)c2ccccc2n1C",228.126263132,"Covalent"
"C=CC(=O)N1CCc2nc(C3CC3)ncc2C1",229.1215121,"Covalent"
"C=CC(=O)N1CC(C)(C)CC1c1ccccc1",229.146664228,"Covalent"
"C=CC(=O)NCc1ccnc(C(F)(F)F)c1",230.066697568,"Covalent"
"C=CC(=O)N1CC(=O)N(Cc2ccccc2)C1",230.105527688,"Covalent"
"C=CC(=O)Nc1ccc2c(c1)OCC(=O)N2C",232.084792244,"Covalent"
"C=CC(=O)N(C)CCN1CCCS1(=O)=O",232.088163372,"Covalent"
"C=CC(=O)NC(C)c1cc2cccc(F)c2o1",233.085206844,"Covalent"
"C=CC(=O)N1CCC(C)(c2cccc(F)c2)C1",233.121592352,"Covalent"
"C=CC(=O)NCc1csc(C(F)(F)F)c1",235.027869536,"Covalent"
"C=CC(=O)Nc1cnn(C2CCOCC2)c1C",235.132076784,"Covalent"
"C=CC(=O)N[C@H]1C[C@H](c2ccccc2Cl)C1",235.076391748,"Covalent"
"C=CC(=O)N1CCN(C(=O)C2CC2)CC1(C)C",236.15247788,"Covalent"
"C=CC(=O)NC1CCC(N2CCCC2=O)CC1",236.15247788,"Covalent"
"C=CC(=O)Nc1ccc2c(c1)S(=O)(=O)CC2",237.045964212,"Covalent"
"C=CC(=O)NC1CCN(c2nccs2)CC1",237.0935831,"Covalent"
"C=CC(=O)N1c2ccc(Cl)cc2OCC1C",237.055656304,"Covalent"
"C=CC(=O)N1CCCc2c(F)ccc(Cl)c21",239.051319872,"Covalent"
"C=CC(=O)Nc1cnn(-c2cccc(C)c2)c1C",241.1215121,"Covalent"
"C=CC(=O)Nc1ccn(C(C)c2ccccc2)n1",241.1215121,"Covalent"
"C=CC(=O)N1CCNC(=O)C1c1cccc(C)c1",244.121177752,"Covalent"
"C=CC(=O)N1CCc2ccsc2C1C",207.071785036,"Covalent"
"C=CC(=O)N1C[C@@H](O)CC[C@H]1C",169.11027872,"Covalent"
"C=CC(=O)NC(C1CC1)C1CCCOC1",209.141578848,"Covalent"
"C=CC(=O)NC1CCS(=O)(=O)C(C)C1",217.07726434,"Covalent"
"C=CC(=O)NCC1(C)CCCCO1",183.125928784,"Covalent"
"C=CCC1N(C(=O)C=C)CCCC1(C)C",207.162314292,"Covalent"
"C=CC(=O)N(C)Cc1cnn(C)c1C",193.1215121,"Covalent"
"C=CC(=O)NCC1CCOC1C(=C)C",195.125928784,"Covalent"
"C=CC(=O)NC(C)(C)c1c(C)noc1C",208.121177752,"Covalent"
"C=CC(=O)NCc1sc(N(C)C)nc1Cl",245.038960684,"Covalent"
"C=CC(=O)NC(C)(C)c1cn(C)nn1",194.116761068,"Covalent"
"C=CC(=O)NC1CCN(Cc2ccc(C)cc2)C1",244.15756326,"Covalent"
"C=CC(=O)N1CC(C2CCCC(C)C2)C1",207.162314292,"Covalent"
"C=CC(=O)NC1CCCn2nccc21",191.105862036,"Covalent"
"C=CC(=O)N(C)CC1OCCc2sccc21",237.08234972,"Covalent"
"C=CC(=O)NC[C@]12C[C@H]1COC21CCC1",207.125928784,"Covalent"
"C=CC(=O)NCc1nc(-c2ccncc2)cs1",245.062282972,"Covalent"
"C=CC(=O)Nc1ccccc1Cc1cccnc1",238.110613068,"Covalent"
"C=CC(=O)Nc1cccc(F)c1SC",211.04671316,"Covalent"
"C=CC(=O)Nc1ccc(C(F)(F)F)c(F)c1",233.046376724,"Covalent"
"C=CC(=O)NCc1ccc2oc(=O)n(C)c2c1",232.084792244,"Covalent"
"C=CC(=O)Nc1ccc(Cl)c(N(C)C)c1",224.071640716,"Covalent"
"C=CCn1ncc2ccc(NC(=O)C=C)cc21",227.105862036,"Covalent"
"C=CC(=O)Nc1cccc(-c2ccon2)c1",214.07422756,"Covalent"
"C=CC(=O)N(C)Cc1cncn1C",179.105862036,"Covalent"
"C=CC(=O)NCCC1COCCO1",185.10519334,"Covalent"
"C=CC(=O)NC(CO)c1c(C)cc(C)cc1C",233.141578848,"Covalent"
"C=CC(=O)NCC1CCCC(C2CC2)O1",209.141578848,"Covalent"
"C=CC(=O)NC1CCC2(CCCC2)C1",193.146664228,"Covalent"
"C=CC(=O)NCc1ccnn1C1CC1(F)F",227.087018412,"Covalent"
"C=CC(=O)NCC1CC(C)(C)CCC1O",211.157228912,"Covalent"
"C=CC(=O)NC(c1ccc(Cl)nc1)C(F)F",246.037147028,"Covalent"
"C=CC(=O)NCCn1ncc(Cl)c1C",213.066889684,"Covalent"
"C=CC(=O)Nc1cccc(CC(=O)NC)c1",218.105527688,"Covalent"
"C=CC(=O)N1CCCCCC(S(C)(=O)=O)C1",245.108564468,"Covalent"
"C=CC(=O)Nc1cccc2c1C(=O)N(C)C2",216.089877624,"Covalent"
"C=CC(=O)N1CCOC(C)(CCOC)C1",213.136493468,"Covalent"
"C=CC(=O)Nc1ccc(C(=O)C(F)F)cc1",225.060134968,"Covalent"
"C=CC(=O)Nc1cccnc1OC(F)F",214.055383936,"Covalent"
"C=CC(=O)Nc1cc(F)cc(OC(C)C)c1",223.100856908,"Covalent"
"C=CC(=O)NCC(O)c1cc(F)c(F)c(F)c1",245.06636322,"Covalent"
"C=CC(=O)NC1CCC(O)(C(F)(F)F)CC1",237.097663348,"Covalent"
"C=CC(=O)N1CCC(C(O)c2ccnn2C)CC1",249.147726848,"Covalent"
"C=CC(=O)N[C@@H]1CCOC[C@H]1O",171.089543276,"Covalent"
"C=CC(=O)NC1CC(CO)(CO)C1",185.10519334,"Covalent"
"C=CC(=O)Nc1cc(C#N)c(F)cc1F",208.044819252,"Covalent"
"C=CC(=O)Nc1ccccc1-n1nccn1",214.08546094,"Covalent"
"C=CC(=O)Nc1csnc1OC",184.030648496,"Covalent"
"C=CC(=O)N1CCCc2ccnc(N(C)C)c21",231.137162164,"Covalent"
"C=CC(=O)Nc1cccc2c1OC(C)(C)CC2O",247.120843404,"Covalent"
"C=CC(=O)Nc1c(O)nn(C)c1C(F)(F)F",235.056861156,"Covalent"
"C=CC(=O)NCC1(CO)CC2CCC1CC2",223.157228912,"Covalent"
"C=CC(=O)N([C@@H]1COC[C@H]1O)C(C)(C)C",213.136493468,"Covalent"
"C=CC(=O)NCc1nn[nH]c1-c1ccnn1C",232.10725900399999,"Covalent"
"C=CC(=O)N1CCCc2c1ccc(C)c2C(=O)O",245.10519334,"Covalent"
"C=CC(=O)N1CCCC2(CC(C(=O)O)=NO2)C1",238.095356928,"Covalent"
"C=CC(=O)NCC1(CF)CC12CCOCC2",227.132157036,"Covalent"
"C=CC(=O)NCCN1CC(C)(C)c2ccccc21",244.15756326,"Covalent"
"C=CC(=O)N(C)Cc1cc2sccc2n1C",234.082684068,"Covalent"
"C=CC(=O)N1CC2CCCC(C1)C2CC(=O)O",237.136493468,"Covalent"
"C=CC(=O)NCC[C@@H]1CCCC[C@H]1O",197.141578848,"Covalent"
"C=CC(=O)N(CC(C)(C)O)C1CCOCC1",227.152143532,"Covalent"
"C=CC(=O)N[C@H]1CCCC[C@H]1O",169.11027872,"Covalent"
"C=CC(=O)N1CCC(C(=O)NCC(=O)O)CC1",240.111006992,"Covalent"
"C=CC(=O)NC1CCOC1C",155.094628656,"Covalent"
"C=CC(=O)N(C)c1ccccc1",161.084063972,"Covalent"
"C=CC(=O)NCc1cc(C)no1",166.07422756,"Covalent"
"C=CC(=O)NCC1(C)CCCS1",185.0874351,"Covalent"
"C=CC(=O)NC1COCCOC1",171.089543276,"Covalent"
"C=CC(=O)NC1CCC(C)CC1C",181.146664228,"Covalent"
"C=CC(=O)NC(C)c1cnn(C)c1",179.105862036,"Covalent"
"C=CC(=O)N1CCN(CCC#N)CC1",193.1215121,"Covalent"
"C=CC(=O)NC1CCCCC1C(C)C",195.162314292,"Covalent"
"C=CC(=O)Nc1ccc2c(c1)COC2",189.078978592,"Covalent"
"C=CC(=O)NCC1(O)CCC(C)(C)CC1",211.157228912,"Covalent"
"C=CC(=O)NC1CCCc2ccccc21",201.1153641,"Covalent"
"C=CC(=O)NC1CC2CC1C1CCCC21",205.146664228,"Covalent"
"C=CC(=O)N1CCC(OCC(=O)O)CC1",213.10010796,"Covalent"
"C=CC(=O)N1CCn2c(nnc2C(F)(F)F)C1",246.072845568,"Covalent"
"C=CC(=O)N[C@H]1c2ccccc2C[C@H]1O",203.094628656,"Covalent"
"C=CC(=O)NCCN1CCc2sccc2C1",236.098334132,"Covalent"
"C=CC(=O)NCCN1CCCS1(=O)=O",218.072513308,"Covalent"
"C=CC(=O)NC1CC(C)(OC)C1(C)C",197.141578848,"Covalent"
"C=CC(=O)NCCC(=O)N1CCCC(C)C1",224.15247788,"Covalent"
"C=CC(=O)N1CCSCC(C)C1",185.0874351,"Covalent"
"C=CC(=O)N(C1CC1)C(C)c1cccnc1",216.126263132,"Covalent"
"C=CC(=O)NCC1CC1(C)c1cccs1",221.0874351,"Covalent"
"C=CC(=O)NC1CCCC(S(=O)CC)C1",229.113649848,"Covalent"
"C=CC(=O)N1CCN2C(=O)N(C)C(=O)C2C1",223.095691276,"Covalent"
"C=CC(=O)NC1CCN(C2CCOC2)CC1",224.15247788,"Covalent"
"C=CC(=O)N1CCOC2(CCOCC2)CC1",225.136493468,"Covalent"
"C=CC(=O)NC(C)c1nnnn1C1CC1",207.112010036,"Covalent"
"C=CC(=O)N1CCOCC1c1nnc(C)o1",223.095691276,"Covalent"
"C=CC(=O)N1CCOCC1C1CCCO1",211.120843404,"Covalent"
"C=CC(=O)NCc1cc2ccccc2n(C)c1=O",242.105527688,"Covalent"
"C=CC(=O)NC1(C)CCN(Cc2ccccc2)C1",244.15756326,"Covalent"
"C=CC(=O)NCCc1ncc(C)cc1C",204.126263132,"Covalent"
"C=CC(=O)Nc1ccc(C2CC2)cc1",187.099714036,"Covalent"
"C=CC(=O)NCC1(C(F)F)CC1",175.080870412,"Covalent"
"C=CC(=O)N1CCN(C(=O)C(CC)CC)CC1",238.168127944,"Covalent"
"C=CC(=O)NC(C)Cn1nc(C)cc1C",207.137162164,"Covalent"
"C=CC(=O)N(C1CC1)C(C)c1ccccc1F",233.121592352,"Covalent"
"C=CC(=O)NC1CCc2nnc(CC)n2C1",220.132411132,"Covalent"
"C=CC(=O)NCc1csc(C(C)(C)C)n1",224.098334132,"Covalent"
"C=CC(=O)NC1CC(=O)N(C(C)C)C1",196.121177752,"Covalent"
"C=CC(=O)NC(c1nnc2ccccn12)C(C)C",244.132411132,"Covalent"
"C=CC(=O)N(CC)Cc1ccoc1",179.094628656,"Covalent"
"C=CC(=O)N1CCCC(CCC(N)=O)C1",210.136827816,"Covalent"
"C=CC(=O)NC1(c2nc(C)cs2)CCC1",222.082684068,"Covalent"
"C=CC(=O)N1CCN(Cc2n[nH]c(C)n2)CC1",235.14331016399998,"Covalent"
"C=CC(=O)NCc1noc(C(C)(C)C)n1",209.11642672,"Covalent"
"C=CC(=O)NC1CCN(c2cccc(F)c2)CC1",248.132491384,"Covalent"
"C=CC(=O)NCC1CCN(CC#N)CC1",207.137162164,"Covalent"
"C=CC(=O)N1CCCC1c1noc(CC)n1",221.11642672,"Covalent"
"C=CC(=O)N1CC(Cc2ccccc2Cl)C1",235.076391748,"Covalent"
"C=CC(=O)NC1CCN(C(=O)c2ccccc2)C1",244.121177752,"Covalent"
"C=CC(=O)N1CCN(C(C)=O)CC1C",196.121177752,"Covalent"
"C=CC(=O)N1CC(C)(C)Sc2ccccc21",233.0874351,"Covalent"
"C=CC(=O)NC1COCC1C",155.094628656,"Covalent"
"C=CC(=O)N1CCOC(CC(F)(F)F)C1",223.082013284,"Covalent"
"C=CC(=O)N(C)Cc1cccnn1",177.090211972,"Covalent"
"C=CC(=O)NCc1ccc2ccoc2c1",201.078978592,"Covalent"
"C=CC(=O)N1CCCC(c2n[nH]c(=O)o2)C1",223.095691276,"Covalent"
"C=CC(=O)N[C@@H](C)C(=O)Nc1cccnc1C",233.11642672,"Covalent"
"C=CC(=O)N1CCC(c2cc3ccccc3[nH]2)C1",240.126263132,"Covalent"
"C=CC(=O)Nc1cncc(OC)c1",178.07422756,"Covalent"
"C=CC(=O)N1C2CCCC1COC2",181.11027872,"Covalent"
"C=CC(=O)Nc1cnn2ccccc12",187.074561908,"Covalent"
"C=CC(=O)NCCc1ccc(F)cn1",194.085541192,"Covalent"
"C=CC(=O)N1CCN(C(=O)C2CC2)C1",194.105527688,"Covalent"
"C=CC(=O)NC[C@@H]1C[C@H]1c1ccccc1",201.1153641,"Covalent"
"C=CC(=O)NC1(Cc2ccccc2)CC1",201.1153641,"Covalent"
"C=CC(=O)NC1CCc2ncccc2C1",202.110613068,"Covalent"
"C=CC(=O)Nc1cc2c(cn1)OCCC2",204.089877624,"Covalent"
"C=CC(=O)Nc1ncc2c(n1)CCOC2",205.085126592,"Covalent"
"C=CC(=O)NCc1ccc(C(N)=O)nc1",205.085126592,"Covalent"
"C=CC(=O)N1CCOc2c1c(C)nn2C",207.100776656,"Covalent"
"C=CC(=O)NCc1csc2nccn12",207.046632908,"Covalent"
"C=CC(=O)NC1CC(C2CCCCC2)C1",207.162314292,"Covalent"
"C=CC(=O)NC1CC(=O)N2CCCCC12",208.121177752,"Covalent"
"C=CC(=O)NC1CCCc2c(C)cccc21",215.131014164,"Covalent"
"C=CC(=O)Nc1ccc2c(c1)CCNC2=O",216.089877624,"Covalent"
"C=CC(=O)N[C@H]1C[C@H](Oc2ccccc2)C1",217.11027872,"Covalent"
"C=CC(=O)Nc1c(OC)ccc2c1CCC2",217.11027872,"Covalent"
"C=CC(=O)N[C@@H]1CCOc2c(C)cccc21",217.11027872,"Covalent"
"C=CC(=O)N1CCOc2ccccc2C1C",217.11027872,"Covalent"
"C=CC(=O)NCc1cc2ccccc2s1",217.056134972,"Covalent"
"C=CC(=O)N1CC(C)OC2(CCCCC2)C1",223.157228912,"Covalent"
"C=CC(=O)NC1CCC(C(=O)N(C)C)CC1",224.15247788,"Covalent"
"C=CC(=O)N1CC(C)OC2(CCOC2C)C1",225.136493468,"Covalent"
"C=CC(=O)N(CC1CC1)c1ccc(C#N)cc1",226.110613068,"Covalent"
"C=CC(=O)NC1CC2CCCc3cccc1c32",227.131014164,"Covalent"
"C=CC(=O)N1CCC(C(N)=O)c2ccccc21",230.105527688,"Covalent"
"C=CC(=O)NCc1cnc(C(F)(F)F)nc1",231.061946536,"Covalent"
"C=CC(=O)N1CCc2cccc(C(=O)O)c2C1",231.089543276,"Covalent"
"C=CC(=O)N1CCCN(c2ccccn2)CC1",231.137162164,"Covalent"
"C=CC(=O)N1CCc2ccc(F)cc2C(C)C1",233.121592352,"Covalent"
"C=CC(=O)N1CCC[C@H]1Cn1nc(C)nc1C",234.148061196,"Covalent"
"C=CC(=O)N1CCN(C)c2cc(Cl)ccc21",236.071640716,"Covalent"
"C=CC(=O)N1C[C@@H](OC)C[C@@H]1c1nc(C)no1",237.11134134,"Covalent"
"C=CC(=O)Nc1ccc2c(c1)CS(=O)(=O)C2",237.045964212,"Covalent"
"C=CC(=O)N1CCCC(N2CCOCC2)CC1",238.168127944,"Covalent"
"C=CC(=O)Nc1cnn(C(C)c2ccccc2)c1",241.1215121,"Covalent"
"C=CC(=O)N1CCC2(C1)C(=O)Nc1ccccc12",242.105527688,"Covalent"
"C=CC(=O)NCCc1cn(C)c2cc(C)ccc12",242.141913196,"Covalent"
"C=CC(=O)N1c2ccccc2N(C)C(=O)C1(C)C",244.121177752,"Covalent"
"C=CC(=O)N1CCC(c2ccc(OC)cn2)CC1",246.136827816,"Covalent"
"C=CC(=O)N1CCC(C(C)(C)O)CC1",197.141578848,"Covalent"
"C=CC(=O)NCc1cnoc1",152.058577496,"Covalent"
"C=CC(=O)NC1(CCO)CCSCC1",215.097999784,"Covalent"
"C=CC(=O)N1CCCC(C(C)(C)O)C1",197.141578848,"Covalent"
"C=CC(=O)NCc1cccc2ncccc12",212.094963004,"Covalent"
"C=CC(=O)NC[C@H]1C[C@H](OC)C1",169.11027872,"Covalent"
"C=CC(=O)NCCC1CCCC1(F)F",203.11217054,"Covalent"
"C=CC(=O)NC1CCC2CCC1OC2",195.125928784,"Covalent"
"C=CC(=O)NC1COCC1C1CC1",181.11027872,"Covalent"
"C=CC(=O)N1CCCCC(C2CCOC2)C1",223.157228912,"Covalent"
"C=CC(=O)NC1CCCC1C(C)(C)C",195.162314292,"Covalent"
"C=CC(=O)N(C)Cc1csc(C(C)C)n1",224.098334132,"Covalent"
"C=CC(=O)N[C@H]1[C@H](c2ccccc2)C1(C)C",215.131014164,"Covalent"
"C=CC(=O)NCC(=O)C1C2CC3CC(C2)CC1C3",247.157228912,"Covalent"
"C=CC(=O)N1CC2OCCN(C(C)=O)C2C1",224.116092372,"Covalent"
"C=CC(=O)NC[C@H]1Oc2ccccc2[C@H]1C",217.11027872,"Covalent"
"C=CC(=O)NCC1CC2CCC(C1)S2(=O)=O",243.092914404,"Covalent"
"C=CC(=O)N1[C@@H]2CC[C@H]1CN(C)C(=O)C2",208.121177752,"Covalent"
"C=CC(=O)N[C@H](C)c1ccc2c(c1)CCO2",217.11027872,"Covalent"
"C=CC(=O)N1CCC(=O)N2CCCC12",194.105527688,"Covalent"
"C=CC(=O)Nc1ccc(C(=O)NC)cc1OC",234.100442308,"Covalent"
"C=CC(=O)Nc1ccc(C2(C)CC2(F)F)cc1",237.096520476,"Covalent"
"C=CC(=O)N1CCOC(C)(C(C)(C)C)C1",211.157228912,"Covalent"
"C=CC(=O)NCc1cc(O)ccc1Cl",211.04000624,"Covalent"
"C=CC(=O)N[C@@H](C)c1csc2ccccc12",231.071785036,"Covalent"
"C=CC(=O)N1CCS(=O)(=O)N2CCOCC12",246.067427928,"Covalent"
"C=CC(=O)N[C@H]1CCCC[C@H]1c1ccnn1C",233.152812228,"Covalent"
"C=CC(=O)NCc1ccccc1C(C)(F)F",225.096520476,"Covalent"
"C=CC(=O)N1CCN(C2CCOCC2)C(=O)C1",238.131742436,"Covalent"
"C=CC(=O)NC1CN(C(=O)C2CC2)C1",194.105527688,"Covalent"
"C=CC(=O)N1CC(C)CC(C(=O)NC)C1",210.136827816,"Covalent"
"C=CC(=O)NC1CCCN(c2cccc(C)c2)C1",244.15756326,"Covalent"
"C=CC(=O)Nc1ccc2c(c1)C(=O)OC2(C)C",231.089543276,"Covalent"
"C=CC(=O)N[C@@H]1[C@@H](c2ccccc2)[C@@H]2C=C[C@H]1C2",239.131014164,"Covalent"
"C=CC(=O)N1CCCc2ccc(N(C)C)cc2C1",244.15756326,"Covalent"
"C=CC(=O)Nc1ccc(Oc2ccncn2)cc1",241.085126592,"Covalent"
"C=CC(=O)N(C)C(C)c1ccc(Cl)cn1",224.071640716,"Covalent"
"C=CC(=O)N(C)c1ccc(NC(C)=O)cc1",218.105527688,"Covalent"
"C=CC(=O)N(CC(N)=O)c1ccc(F)cc1",222.080455812,"Covalent"
"C=CC(=O)Nc1ccc(C2=NNC(=O)CO2)cc1",245.080041212,"Covalent"
"C=CC(=O)Nc1ccccc1-c1nnnn1C",229.096359972,"Covalent"
"C=CC(=O)NCC1(O)CCc2ccccc2C1",231.125928784,"Covalent"
"C=CC(=O)N1CCC(CO)(C(F)(F)F)C1",223.082013284,"Covalent"
"C=CC(=O)NCC(C)(C)C1(O)CCCOC1",227.152143532,"Covalent"
"C=CC(=O)N1CCCC(O)(c2ccccc2)CC1",245.141578848,"Covalent"
"C=CC(=O)N1CCOC(CNC(=O)NC)C1",227.126991404,"Covalent"
"C=CC(=O)Nc1cccc(C2CCCC(=O)N2)c1",244.121177752,"Covalent"
"C=CC(=O)NC1CC(O)C12CCOCC2",211.120843404,"Covalent"
"C=CC(=O)NCC(=O)N1CC=CC1",180.089877624,"Covalent"
"C=CC(=O)N1C[C@H](CO)[C@@H](C2CC2)C1",195.125928784,"Covalent"
"C=CC(=O)N1CC(O)CC2(CCCC2)C1",209.141578848,"Covalent"
"C=CC(=O)N[C@@H](C)[C@](C)(O)c1ccccc1",219.125928784,"Covalent"
"C=CC(=O)NCc1nc2c([nH]1)CCCC2",205.1215121,"Covalent"
"C=CC(=O)N1CCC(O)(CC(=O)O)CC1",213.10010796,"Covalent"
"C=CC(=O)N[C@H]1CCN(CC(C)(C)O)C1",212.15247788,"Covalent"
"C=CC(=O)N(C)CC(O)c1cccc(C#N)c1",230.105527688,"Covalent"
"C=CC(=O)NCC1(O)C2C3CC4C5C3CC2C5C41",245.141578848,"Covalent"
"C=CC(=O)NC[C@H]1CCC2(CCOCC2)[C@H]1O",239.152143532,"Covalent"
"C=CC(=O)NCc1nc(C)ccc1OC",206.105527688,"Covalent"
"C=CC(=O)NCC1(C)COC(=O)N1",184.084792244,"Covalent"
"C=CC(=O)NCc1c[nH]c2cc(F)c(F)cc12",236.07611938,"Covalent"
"C=CC(=O)NCC(=O)N1CCC2=C(CCCC2)C1",248.15247788,"Covalent"
"C=CC(=O)N[C@@H]1C[C@H]1c1cccnc1",188.094963004,"Covalent"
"OB(O)c1cccnc1",123.04915883199999,"Covalent"
"OB(O)c1cccnc1Br",200.9596709,"Covalent"
"Cc1cc(O)ncc1B(O)O",153.059723516,"Covalent"
"OB(O)c1ccc(O)nc1F",157.03465164,"Covalent"
"OB(O)c1ccn2nccc2c1",162.060057864,"Covalent"
"CN(C)c1cccc(B(O)O)c1",165.096109024,"Covalent"
"O=[N+]([O-])c1ccc(B(O)O)cn1",168.03423704,"Covalent"
"Cc1cc(Cl)c(B(O)O)cc1F",188.021165764,"Covalent"
"OB(O)c1cc2ncccc2s1",179.021229832,"Covalent"
"COc1ccc(OC)c(B(O)O)c1",182.075039232,"Covalent"
"OB(O)c1ccc2c(c1)OCCO2",180.059389168,"Covalent"
"O=C(O)c1ccc(B(O)O)cc1F",184.034317292,"Covalent"
"Cc1ccc2[nH]ncc2c1B(O)O",176.07570792799999,"Covalent"
"NC(=O)c1ccc(B(O)O)cc1Cl",199.020751164,"Covalent"
"CC(=O)Nc1ccc(B(O)O)cc1",179.07537358,"Covalent"
"COc1ccc(CO)cc1B(O)O",182.075039232,"Covalent"
"NC(=O)c1cccc(B(O)O)c1F",183.050301704,"Covalent"
"COc1cc(OC)cc(B(O)O)c1",182.075039232,"Covalent"
"COc1cc(B(O)O)c(F)cc1Cl",204.016080384,"Covalent"
"CP(C)(=O)c1ccc(B(O)O)cc1",198.061711274,"Covalent"
"OB(O)c1ccc2c(c1)OCCCO2",194.075039232,"Covalent"
"OB(O)c1cccc2c1OCCCO2",194.075039232,"Covalent"
"CCN(CC)c1ncc(B(O)O)cn1",195.11790708799998,"Covalent"
"OB(O)c1cnc2ccc(F)cc2c1",191.055387084,"Covalent"
"CC(C)(C)OC(=O)n1cccc1B(O)O",211.101588328,"Covalent"
"O=C(O)c1ccc(B(O)O)c([N+](=O)[O-])c1",211.028817312,"Covalent"
"CNCC(=O)Nc1ccc(B(O)O)cc1",208.101922676,"Covalent"
"OB(O)c1ccccc1OCC1CCOC1",222.10633936,"Covalent"
"COc1ccc(-c2ccncc2)cc1B(O)O",229.091023644,"Covalent"
"COCOc1ccc2ccccc2c1B(O)O",232.090689296,"Covalent"
"OB(O)/C=C/c1cc(F)cc(F)c1",184.050716304,"Covalent"
"OB(O)c1cc(F)cc2ccoc12",180.039402672,"Covalent"
"Cn1ncc(B(O)O)c1C#N",151.055306832,"Covalent"
"CC(C)(C)COc1ncccc1B(O)O",209.122323772,"Covalent"
"COC(=O)c1c(B(O)O)c(C)n(C)c1C",211.10158832800002,"Covalent"
"CC(C)Oc1cc(CNC(=O)C23CC2C3)ccn1",246.136827816,"Covalent"
"O=C(NCCNc1cnccn1)C12CC1C2",218.116761068,"Covalent"
"O=C(NC[C@@H]1C[C@H]1c1ccco1)C12CC1C2",217.11027872,"Covalent"
"CCC(NC(=O)C12CC1C2)c1ccc(Cl)cc1",249.092041812,"Covalent"
"O=C1NCc2ccccc2C1NC(=O)C12CC1C2",242.105527688,"Covalent"
"O=C(NCCc1c[nH]c2ncccc12)C12CC1C2",241.1215121,"Covalent"
"O=C(Nc1ccnn1C1CC1)C12CC1C2",203.105862036,"Covalent"
"O=C(N1CC=C(c2cccs2)C1)C12CC1C2",231.071785036,"Covalent"
"OB(O)c1ccoc1Cl",145.994202068,"Covalent"
"OB(O)c1ccnc(Cl)c1",157.01018648,"Covalent"
"Cc1ccc(B(O)O)cn1",137.06480889600002,"Covalent"
"OB(O)c1ccc(F)nc1",141.03973702,"Covalent"
"OCc1cccc(B(O)O)c1",152.064474548,"Covalent"
"COc1ncc(B(O)O)cn1",154.05497248400002,"Covalent"
"OB(O)c1ccnc(Cl)c1F",175.000764668,"Covalent"
"OB(O)c1ccc(C(F)(F)F)o1",180.020559048,"Covalent"
"OB(O)c1ccc(C(F)F)nc1",173.045965272,"Covalent"
"COc1cccc(Cl)c1B(O)O",186.025502196,"Covalent"
"COCc1noc(C)c1B(O)O",171.0702882,"Covalent"
"CC(C)Oc1ccc(B(O)O)cc1",180.095774676,"Covalent"
"OB(O)c1ccnc(C(F)(F)F)c1",191.03654346,"Covalent"
"O=C(O)c1cc(B(O)O)ccc1F",184.03431729200003,"Covalent"
"COc1cc(C)c(B(O)O)cc1C",180.095774676,"Covalent"
"COc1ncc(B(O)O)c(OC)n1",184.06553716800002,"Covalent"
"COc1ccc(B(O)O)cc1CO",182.075039232,"Covalent"
"OB(O)c1ccc(C2CC2)cc1F",180.07578818,"Covalent"
"COc1ccc2oc(B(O)O)cc2c1",192.059389168,"Covalent"
"CCOC(=O)c1cccc(B(O)O)c1",194.075039232,"Covalent"
"Cc1ccc(B(O)O)cc1S(N)(=O)=O",215.0423592,"Covalent"
"CN(Cc1cccc(B(O)O)c1)C1CC1",205.12740915199998,"Covalent"
"COc1nc(C(F)(F)F)ccc1B(O)O",221.047108144,"Covalent"
"OB(O)c1ccc(OCc2ccccn2)cc1",229.091023644,"Covalent"
"O=c1ccccn1Cc1ccc(B(O)O)cc1",229.091023644,"Covalent"
"Cn1ncc(B(O)O)c1Cl",160.021085512,"Covalent"
"OB(O)c1cccc(CC(F)F)c1",186.066366368,"Covalent"
"COC1(c2cccc(B(O)O)c2)CCC1",206.11142474,"Covalent"
"O=C(N1CCc2c(Cl)cccc21)C12CC1C2",233.060741684,"Covalent"
"O=C(NC1CCOCC1)C12CC1C2",181.11027872,"Covalent"
"O=C1NCCC[C@@H]1NC(=O)C12CC1C2",194.105527688,"Covalent"
"O=C(NCc1ncc2c(n1)CCC2)C12CC1C2",229.1215121,"Covalent"
"Cc1ccc(NC(=O)C23CC2C3)c2cccnc12",238.110613068,"Covalent"
"CN(C(=O)C12CC1C2)c1cccc2cc[nH]c12",226.110613068,"Covalent"
"COc1cnc(CNC(=O)C23CC2C3)cn1",219.100776656,"Covalent"
"O=C(NC1CCCc2nccnc21)C12CC1C2",229.1215121,"Covalent"
"CCc1ccc(B(O)O)s1",156.041630928,"Covalent"
"Cc1sc(B(O)O)cc1Br",219.936492932,"Covalent"
"NCc1ccc(B(O)O)cc1",151.08045896,"Covalent"
"Cn1cc(B(O)O)ccc1=O",153.059723516,"Covalent"
"OB(O)c1ccc2c(c1)OCO2",166.043739104,"Covalent"
"OB(O)c1cccc2ccsc12",178.025980864,"Covalent"
"OB(O)c1cccc(C2CC2)c1",162.085209992,"Covalent"
"COc1ncc(F)cc1B(O)O",171.050301704,"Covalent"
"OB(O)c1cc2cccnc2s1",179.021229832,"Covalent"
"COc1ccc(N)cc1B(O)O",167.07537358,"Covalent"
"OB(O)c1ccc2nncn2c1",163.05530683199999,"Covalent"
"OB(O)c1cccc2nonc12",164.03932242,"Covalent"
"C=CCOc1ccccc1B(O)O",178.080124612,"Covalent"
"CNC(=O)c1ccc(B(O)O)cc1",179.07537358,"Covalent"
"CC(C)(C)c1ncc(B(O)O)cn1",180.10700805599998,"Covalent"
"O=C1OCc2ccc(B(O)O)cc21",178.043739104,"Covalent"
"CCOc1cc(F)ccc1B(O)O",184.0707028,"Covalent"
"CC(C)(C)c1ccc(B(O)O)cn1",179.11175908799999,"Covalent"
"COc1c(F)ccc(B(O)O)c1F",188.045630924,"Covalent"
"CS(=O)(=O)c1cncc(B(O)O)c1",201.026709136,"Covalent"
"COc1ccc(CSC)cc1B(O)O",212.067845676,"Covalent"
"OB(O)c1cc2ccccc2nc1O",189.059723516,"Covalent"
"COC(=O)c1cc(C)cc(B(O)O)c1",194.075039232,"Covalent"
"CN(C)Cc1cc(B(O)O)ccc1F",197.102337276,"Covalent"
"CN(C)C(=O)c1cccc(B(O)O)c1F",211.081601832,"Covalent"
"COc1ccc(B(O)O)cc1CC(=O)O",210.069953852,"Covalent"
"OB(O)c1ccc(CN2CCOCC2)cc1",221.122323772,"Covalent"
"OB(O)c1ccc(OCC(F)(F)F)cc1F",238.042437364,"Covalent"
"CCCn1ccc(B2OC(C)(C)C(C)(C)O2)n1",236.169608312,"Covalent"
"Cc1c(B2OC(C)(C)C(C)(C)O2)ccc(=O)n1C",249.15362389999999,"Covalent"
"OB(O)c1cc(F)ccc1OCc1ccccn1",247.081601832,"Covalent"
"OB(O)c1ccc(CCN2CCCCC2)cc1",233.15870927999998,"Covalent"
"O=C1Nc2cc(B(O)O)ccc2C1=O",191.03898807200002,"Covalent"
"Cc1ccc2nnc(CNC(=O)C34CC3C4)n2c1",242.116761068,"Covalent"
"CN(Cc1nc2ccccc2[nH]1)C(=O)C12CC1C2",241.1215121,"Covalent"
"CC(C)C(NC(=O)C12CC1C2)c1cccs1",235.103085164,"Covalent"
"CC1(C)Cc2occc2CN(C(=O)C23CC2C3)C1",245.141578848,"Covalent"
"O=C(N1c2ccccc2C[C@H]1CO)C12CC1C2",229.11027872,"Covalent"
"CC(CNC(=O)C12CC1C2)c1cccc(=O)[nH]1",232.121177752,"Covalent"
"Cc1nc2c(s1)CCN(C(=O)C13CC1C3)C2",234.082684068,"Covalent"
"OB(O)c1c[nH]nc1-c1ccccn1",189.07095689599998,"Covalent"
"Nc1ccncc1B(O)O",138.060057864,"Covalent"
"Nc1ccc(B(O)O)cn1",138.06005786400002,"Covalent"
"CCOc1ccccc1B(O)O",166.080124612,"Covalent"
"OB(O)c1ccc2nccn2c1",162.060057864,"Covalent"
"N#Cc1cccc(B(O)O)c1Cl",181.01018648,"Covalent"
"COC(=O)c1csc(B(O)O)c1",186.015810104,"Covalent"
"OB(O)c1cccc2c1CCO2",164.064474548,"Covalent"
"CSc1cc(C)c(B(O)O)cn1",183.05252996,"Covalent"
"OB(O)c1cccc2cccnc12",173.064808896,"Covalent"
"OB(O)c1ccc2c(c1)CCCO2",178.080124612,"Covalent"
"OB(O)c1cccc2c1OCCO2",180.059389168,"Covalent"
"CCc1ccc(OC)c(B(O)O)c1",180.095774676,"Covalent"
"Cn1ccc2c(B(O)O)cccc21",175.08045896,"Covalent"
"CS(=O)(=O)c1cccc(B(O)O)c1",200.031460168,"Covalent"
"Cn1ncc2ncc(B(O)O)cc21",177.07095689599998,"Covalent"
"OB(O)c1ccccc1OCC1CC1",192.095774676,"Covalent"
"Cc1ccc2cc(B(O)O)ccc2n1",187.08045896000002,"Covalent"
"Cc1ccc(B(O)O)c2cccnc12",187.08045896000002,"Covalent"
"OB(O)c1cncc(-n2cccn2)c1",189.07095689599998,"Covalent"
"OB(O)c1ccc(-c2ccccc2)s1",204.041630928,"Covalent"
"OB(O)c1ccc(C2(O)CCC2)cc1",192.095774676,"Covalent"
"Cc1cc(OCC2CC2)ccc1B(O)O",206.11142474,"Covalent"
"Cc1cnn(-c2cccc(B(O)O)c2)c1",202.09135799199998,"Covalent"
"OB(O)c1cc(F)ccc1OCC1CCCO1",240.096917548,"Covalent"
"OB(O)c1cc(F)ccc1OCC1CCOC1",240.096917548,"Covalent"
"OB(O)c1cc2cc(F)c(F)cc2s1",214.00713724,"Covalent"
"Cn1ncc(B(O)O)c1C(F)(F)F",194.04744249200002,"Covalent"
"OB(O)c1cscc1C(F)F",178.00713724,"Covalent"
"OB(O)c1c(F)ccc2[nH]ncc12",180.050636052,"Covalent"
"OB(O)c1c(F)ccc2ccoc12",180.039402672,"Covalent"
"Cc1cnnn1CB1OC(C)(C)C(C)(C)O1",223.149207216,"Covalent"
"COc1ccc(B(O)O)cc1S(N)(=O)=O",231.03727382,"Covalent"
"NS(=O)(=O)c1cc(B(O)O)ccc1F",219.017287324,"Covalent"
"OB(O)c1cnc2c(Cl)c(F)ccc2c1",225.016414732,"Covalent"
"O=C(N1CCN(c2ncccn2)CC1)C12CC1C2",244.132411132,"Covalent"
"CNC(=O)Cc1ccc(NC(=O)C23CC2C3)cc1",244.121177752,"Covalent"
"CCC(NC(=O)C12CC1C2)c1ccc(OC)cc1",245.141578848,"Covalent"
"CC(C)n1cc(NC(=O)C23CC2C3)nn1",206.116761068,"Covalent"
"Cc1c(NC(=O)C23CC2C3)cnn1C",191.105862036,"Covalent"
"Cc1noc(C)c1B(O)O",141.059723516,"Covalent"
"Cc1cc(B(O)O)cnc1O",153.059723516,"Covalent"
"OB(O)c1cc(Br)cnc1F",218.950249088,"Covalent"
"CN(C)c1ncc(B(O)O)cn1",167.08660695999998,"Covalent"
"OB(O)c1cc2ccccc2o1",162.048824484,"Covalent"
"COc1ccc(B(O)O)cc1OC",182.075039232,"Covalent"
"OB(O)c1cccc(C2CCC2)c1",176.100860056,"Covalent"
"COc1c(C)cc(C)cc1B(O)O",180.095774676,"Covalent"
"CC=CCOc1ccc(B(O)O)cc1",192.095774676,"Covalent"
"OB(O)c1ccc(-n2cccn2)cc1",188.07570792799999,"Covalent"
"OB(O)c1ccccc1-c1nnn[nH]1",190.06620586399998,"Covalent"
"OB(O)c1cnc(O)c(C(F)(F)F)c1",207.03145808,"Covalent"
"OB(O)c1cnc2c(Cl)cccc2c1",207.025836544,"Covalent"
"OB(O)c1ccccc1CN1CCCC1",205.12740915199998,"Covalent"
"OB(O)c1cccc(-c2ccncc2)c1",199.08045896,"Covalent"
"COc1cc(B(O)O)c(C2CC2)cc1Cl",226.056802324,"Covalent"
"Cc1nccc(B2OC(C)(C)C(C)(C)O2)c1F",237.133637404,"Covalent"
"OB(O)c1coc(C(F)(F)F)c1",180.020559048,"Covalent"
"COCCn1nc(C)c(NC(=O)C23CC2C3)c1C",249.147726848,"Covalent"
"COc1cc(SC)ccc1NC(=O)C12CC1C2",249.08234972,"Covalent"
"CC(Cc1cnccn1)NC(=O)C12CC1C2",217.1215121,"Covalent"
"Cc1ccccc1S(C)(=O)=NC(=O)C12CC1C2",249.08234972,"Covalent"
"Cc1cc(B(O)O)c(C)s1",156.041630928,"Covalent"
"COc1cc(B(O)O)c(Cl)cn1",187.020751164,"Covalent"
"OCc1ccc(F)c(B(O)O)c1",170.055052736,"Covalent"
"NC(=O)c1cccc(B(O)O)c1",165.059723516,"Covalent"
"OCc1ccc(B(O)O)cc1Cl",186.025502196,"Covalent"
"OB(O)c1csc(C(F)(F)F)c1",195.997715428,"Covalent"
"COc1cccc(F)c1B(O)O",170.055052736,"Covalent"
"CCc1cc(F)ccc1B(O)O",168.07578818,"Covalent"
"CN(C)Cc1cccc(B(O)O)c1",179.11175908799999,"Covalent"
"OB(O)c1ccc2c(c1F)OCO2",184.034317292,"Covalent"
"COc1cccc(B(O)O)c1OC",182.075039232,"Covalent"
"CCOc1cccc(F)c1B(O)O",184.0707028,"Covalent"
"CC(C)c1cc(B(O)O)ccc1O",180.09577467600002,"Covalent"
"OB(O)c1ccc2c(c1Cl)OCO2",200.004766752,"Covalent"
"COc1ccc(B(O)O)c(C)c1F",184.0707028,"Covalent"
"CCC(C)Oc1ccccc1B(O)O",194.11142474,"Covalent"
"COc1cccc2cc(B(O)O)oc12",192.059389168,"Covalent"
"OB(O)c1ccc(N2CCCC2)nc1",192.10700805599998,"Covalent"
"COc1ccc([N+](=O)[O-])cc1B(O)O",197.049552756,"Covalent"
"CC(C)Oc1cc(B(O)O)c(F)cn1",199.081601832,"Covalent"
"CCCOc1ccc(B(O)O)c(F)c1",198.086352864,"Covalent"
"CCOc1ccc(B(O)O)c(CC)c1",194.11142474,"Covalent"
"N#CC1(c2cccc(B(O)O)c2)CC1",187.08045896,"Covalent"
"COC(=O)c1cc(Cl)cc(B(O)O)c1",214.020416816,"Covalent"
"CC(C)COc1ccc(B(O)O)cn1",195.106673708,"Covalent"
"OB(O)c1ccc(Cn2cncn2)cc1",203.08660695999998,"Covalent"
"COc1ccc(B(O)O)cc1CN(C)C",209.122323772,"Covalent"
"OB(O)c1ccc(OC2CCOC2)cc1",208.090689296,"Covalent"
"COc1ccc(B(O)O)cc1C(F)(F)F",220.051859176,"Covalent"
"OB(O)c1ccccc1CN1CCCCC1",219.14305921599998,"Covalent"
"N[C@@H](Cc1ccc(B(O)O)cc1F)C(=O)O",227.076516452,"Covalent"
"OB(O)c1ccc(OCC2CCCCO2)cc1",236.121989424,"Covalent"
"OB(O)c1cc(F)ccc1OCc1ccncc1",247.081601832,"Covalent"
"O=C(Nc1nccs1)c1ccc(B(O)O)cc1",248.042693548,"Covalent"
"OB(O)c1cccn2nccc12",162.060057864,"Covalent"
"CCOc1ccc([N+](=O)[O-])cc1B(O)O",211.06520282,"Covalent"
"O=C(Nc1cnn(-c2ncccn2)c1)C12CC1C2",241.096359972,"Covalent"
"O=C(NCCn1cc(Cl)cn1)C12CC1C2",225.066889684,"Covalent"
"O=C(NC1(COc2ccccc2)CC1)C12CC1C2",243.125928784,"Covalent"
"CC1c2ccc(C#N)n2CCN1C(=O)C12CC1C2",241.1215121,"Covalent"
"C#CC12CC(CN1C(=O)C13CC1C3)C2",187.099714036,"Covalent"
"OB(O)c1cscc1Cl",161.971358448,"Covalent"
"Nc1cnccc1B(O)O",138.060057864,"Covalent"
"Cc1ccc(Cl)cc1B(O)O",170.030587576,"Covalent"
"COc1ccc(F)cc1B(O)O",170.055052736,"Covalent"
"CSCc1cccc(B(O)O)c1",182.057280992,"Covalent"
"OB(O)c1cc2ccccc2s1",178.025980864,"Covalent"
"OB(O)c1ccc2c(c1)OCC2",164.064474548,"Covalent"
"Cc1cc(C#N)ncc1B(O)O",162.060057864,"Covalent"
"COc1ccc(B(O)O)c(OC)c1",182.075039232,"Covalent"
"CC1Cc2cc(B(O)O)ccc2O1",178.08012461200002,"Covalent"
"Cc1ccc2cc(B(O)O)sc2c1",192.041630928,"Covalent"
"NC(=O)Nc1cccc(B(O)O)c1",180.070622548,"Covalent"
"NCCc1cccc(B(O)O)c1",165.096109024,"Covalent"
"Cn1ccc2cc(B(O)O)cnc21",176.07570792799999,"Covalent"
"OB(O)c1ccc(OCC2CC2)cc1",192.095774676,"Covalent"
"COc1ccc2sc(B(O)O)cc2c1",208.036545548,"Covalent"
"COc1ccc(C(=O)O)cc1B(O)O",196.054303788,"Covalent"
"OB(O)c1cnc(-c2ncco2)nc1",191.050221452,"Covalent"
"OB(O)c1ccc2c(c1)OC(F)(F)O2",202.02489548,"Covalent"
"OB(O)c1ccc(Cn2cccn2)c(F)c1",220.08193617999999,"Covalent"
"Cc1cc(C)n(-c2ccc(B(O)O)cc2)n1",216.10700805599998,"Covalent"
"Cc1cn(C)nc1B(O)O",140.07570792799999,"Covalent"
"OB(O)c1c(F)ccc2c1OCO2",184.034317292,"Covalent"
"CC1(C)OB(c2cnc3cncn3c2)OC1(C)C",245.133557152,"Covalent"
"CC1(C)OCc2cc(B(O)O)ccc21",192.095774676,"Covalent"
"OB(O)c1c(Cl)ccc2[nH]ncc12",196.02108551199998,"Covalent"
"NC(=O)c1cc(NC(=O)C23CC2C3)ccc1F",234.080455812,"Covalent"
"COCCn1cc(NC(=O)C23CC2C3)ccc1=O",248.116092372,"Covalent"
"C#CC1CC2CCC1N(C(=O)C13CC1C3)C2",215.131014164,"Covalent"
"Cc1cc(B(O)O)cs1",142.025980864,"Covalent"
"Nc1ncccc1B(O)O",138.060057864,"Covalent"
"Cc1cc(Cl)cc(B(O)O)c1",170.030587576,"Covalent"
"COc1ccc(B(O)O)cn1",153.059723516,"Covalent"
"COc1ncc(Cl)cc1B(O)O",187.020751164,"Covalent"
"CC(C)c1ncccc1B(O)O",165.096109024,"Covalent"
"CC#Cc1ccccc1B(O)O",160.069559928,"Covalent"
"OB(O)c1ccc(OC(F)F)cc1",188.045630924,"Covalent"
"OB(O)c1cccc2cnccc12",173.064808896,"Covalent"
"OB(O)c1ccc(C(F)(F)F)nc1",191.03654346,"Covalent"
"CC(=O)Nc1cccc(B(O)O)c1",179.07537358,"Covalent"
"COc1ccc(F)c(B(O)O)c1F",188.045630924,"Covalent"
"COC(=O)c1ccccc1B(O)O",180.059389168,"Covalent"
"CCC(=O)c1cccc(B(O)O)c1",178.080124612,"Covalent"
"CC(=O)c1ccc(B(O)O)c(F)c1",182.055052736,"Covalent"
"OB(O)c1cc2ccc(F)cc2o1",180.039402672,"Covalent"
"Cc1cc2c(cc1B(O)O)OCO2",180.059389168,"Covalent"
"OB(O)c1ccc(CC2CC2)cc1",176.100860056,"Covalent"
"OB(O)c1cnn(-c2ccccc2)c1",188.07570792799999,"Covalent"
"CC(C)OCc1cccc(B(O)O)c1",194.11142474,"Covalent"
"COCOc1ccc(B(O)O)c(C)c1",196.090689296,"Covalent"
"OB(O)c1ccc2cc(O)ccc2c1",188.064474548,"Covalent"
"COC(=O)c1ccc(B(O)O)cc1C",194.075039232,"Covalent"
"CS(=O)(=O)Nc1ccc(B(O)O)cc1",215.0423592,"Covalent"
"OB(O)c1cncc(OC(F)(F)F)c1",207.03145808,"Covalent"
"COCOc1ccc(B(O)O)cc1Cl",216.03606688,"Covalent"
"N#Cc1ccc(B(O)O)cc1C1CC1",187.08045896,"Covalent"
"NS(=O)(=O)Nc1ccc(B(O)O)cc1",216.037608168,"Covalent"
"OB(O)c1ccc(OC2CCCC2)cc1",206.11142474,"Covalent"
"OB(O)c1csc2ccc(F)cc12",196.016559052,"Covalent"
"N#Cc1ccc(B(O)O)o1",137.028423388,"Covalent"
"Cc1cc(B(O)O)cnc1C(F)F",187.061615336,"Covalent"
"CS(=O)(=O)NC1CN(C(=O)C23CC2C3)C1",230.072513308,"Covalent"
"CCC(NC(=O)C12CC1C2)c1c(C)noc1C",234.136827816,"Covalent"
"O=C(NCc1csc(C2CC2)n1)C12CC1C2",234.082684068,"Covalent"
"COCCN(C(=O)C12CC1C2)C1CCOCC1",239.152143532,"Covalent"
"CN(Cc1nncn1C)C(=O)C12CC1C2",206.116761068,"Covalent"
"O=C(N1CCC(c2ccccn2)C1)C12CC1C2",228.126263132,"Covalent"
"Cc1cccc(CN(C(=O)C23CC2C3)C2CC2)c1",241.146664228,"Covalent"
"O=C(NC1CN(c2ccccc2)C1)C12CC1C2",228.126263132,"Covalent"
"O=C(N1CCCCc2sccc21)C12CC1C2",233.0874351,"Covalent"
"CC#CC(=O)NCc1noc(-c2cccs2)n1",247.041547528,"Covalent"
"CC#CC(=O)N(C1CC1)C1CC(=O)NC1=O",220.084792244,"Covalent"
"CC#CC(=O)N(C)Cc1ncc(C)c(OC)c1C",246.136827816,"Covalent"
"CC#CC(=O)NC1CCOCC1OCC",211.120843404,"Covalent"
"CC#CC(=O)NCc1cnc(C)nc1O",205.085126592,"Covalent"
"CC#CC(=O)NC(C)Cn1cnnc1",192.101111004,"Covalent"
"CC#CC(=O)NCC1(OC)CCCCC1",209.141578848,"Covalent"
"CC#CC(=O)NC(C)C1(S(C)(=O)=O)CC1",229.07726434,"Covalent"
"CC#CC(=O)N1CCN(c2ccccc2F)CC1",246.11684132,"Covalent"
"CC#CC(=O)NCC1CCOC(C(C)C)C1",223.157228912,"Covalent"
"CC#CC(=O)NC(C)c1nc(C(F)(F)F)no1",247.056861156,"Covalent"
"CC#CC(=O)NCC1c2ccccc2C(=O)N1C",242.105527688,"Covalent"
"CC#CC(=O)NCc1ccsc1C(F)(F)F",247.027869536,"Covalent"
"CC#CC(=O)N(C)[C@H](C)c1ccccc1OC",231.125928784,"Covalent"
"CC#CC(=O)N1CCN2C(CNS2(=O)=O)C1",243.067762276,"Covalent"
"CC#CC(=O)N1CC(C)Cc2cccc(O)c21",229.11027872,"Covalent"
"CC#CC(=O)NCC(F)(F)C1(O)CCOCC1",247.10199978,"Covalent"
"CC#CC(=O)NCC1(C(C)(F)F)CCOCC1",245.122735224,"Covalent"
"CC#CC(=O)NCC1OCc2ccccc21",215.094628656,"Covalent"
"CC#CC(=O)N1CCOCC1CC(N)=O",210.100442308,"Covalent"
"CC#CC(=O)NC(CO)c1ccnn1C",207.100776656,"Covalent"
"CC#CC(=O)NC1CC(CC(F)(F)F)C1",219.087098664,"Covalent"
"CC#CC(=O)NC1CC2(CCC(CO)CC2)C1",235.157228912,"Covalent"
"CC#CC(=O)NCc1cc(O)ccc1Cl",223.04000624,"Covalent"
"CC#CC(=O)NC1CN(CC)Cc2ccccc21",242.141913196,"Covalent"
"CC#CC(=O)NCC(F)(F)c1cccnc1",224.07611938,"Covalent"
"CC#CC(=O)NC1CCOCC1CC(C)C",223.157228912,"Covalent"
"CC#CC(=O)NC1CC(O)(c2ccc(F)cc2)C1",247.100856908,"Covalent"
"CC#CC(=O)NC1C(C)(C)C(OC)C1(C)C",223.157228912,"Covalent"
"CC#CC(=O)Nc1cc(C(=O)OC)ccc1F",235.0644714,"Covalent"
"CC#CC(=O)Nc1ccc(N(C)C)cc1C(N)=O",245.11642672,"Covalent"
"CC#CC(=O)N(C)CCc1ccccc1O",217.11027872,"Covalent"
"CC#CC(=O)Nc1ccc2c(c1)C(=O)CCO2",229.073893212,"Covalent"
"CC#CC(=O)N(C)C1CC1c1ccccc1",213.1153641,"Covalent"
"CC#CC(=O)NCc1nc(-c2cccs2)c[nH]1",245.062282972,"Covalent"
"CC#CC(=O)N1CCN2C(=O)NC(=O)C2C1",221.080041212,"Covalent"
"CC#CC(=O)N(C)Cc1ccc(OC)cc1",217.11027872,"Covalent"
"CC#CC(=O)NCCC1(O)CCCOC1",211.120843404,"Covalent"
"CC#CC(=O)NC1CC(C)n2ncnc21",204.101111004,"Covalent"
"C#CCN(C(=O)C#CC)C1CSC1",193.056134972,"Covalent"
"CC#CC(=O)NC(c1ccncc1)C1CCC1",228.126263132,"Covalent"
"CC#CC(=O)N1CC(O)(C(F)(F)F)C1",207.050713156,"Covalent"
"CC#CC(=O)NCc1nccc(C)c1F",206.085541192,"Covalent"
"CC#CC(=O)N(C)C1CS(=O)(=O)C1(C)C",229.07726434,"Covalent"
"CC#CC(=O)N1CCC[C@H]1c1nc(C(C)C)co1",246.136827816,"Covalent"
"CC#CC(=O)NCC=C1CCSCC1",209.0874351,"Covalent"
"CC#CC(=O)N1C[C@H]2C[C@@]2(c2ccc(C)cc2)C1",239.131014164,"Covalent"
"CC#CC(=O)NCC1CC(C2CC2)=NO1",206.105527688,"Covalent"
"CC#CC(=O)NC12CCCC(C)(C1)OC2",207.125928784,"Covalent"
"CC#CC(=O)NCC1(CF)CC12CCOCC2",239.132157036,"Covalent"
"CC#CC(=O)NC1CCN(OCC)CC1",210.136827816,"Covalent"
"CC#CC(=O)NCc1noc2ccc(F)cc12",232.064805748,"Covalent"
"CC#CC(=O)NCc1ccc2cncn2c1",213.090211972,"Covalent"
"CC#CC(=O)NCc1c[nH]c2cc(F)c(F)cc12",248.07611938,"Covalent"
"CC#CC(=O)NC1CCC(C(=O)N(C)C)CC1",236.15247788,"Covalent"
"CC#CC(=O)NC1CCc2n[nH]c(=O)cc2C1",231.100776656,"Covalent"
"CC#CC(=O)NC1CCCCC1P(C)(C)=O",241.12316551,"Covalent"
"CC#CC(=O)NCC(=O)N1CCCC1C",208.121177752,"Covalent"
"CC#CC(=O)N(CC)Cc1cccc2[nH]ccc12",240.126263132,"Covalent"
"CC#CC(=O)NCCc1c[nH]c2nccnc12",228.101111004,"Covalent"
"CC#CC(=O)NCCc1c[nH]c2nc(F)ccc12",245.096440224,"Covalent"
"CC#CC(=O)N(CCC#N)C1CCOCC1",220.121177752,"Covalent"
"CC#CC(=O)NCC1CC1(C)c1cccs1",233.0874351,"Covalent"
"CC#CC(=O)NC(C)c1csc(C2CC2)n1",234.082684068,"Covalent"
"CC#CC(=O)NCc1csc(C(C)(C)C)n1",236.098334132,"Covalent"
"CC#CC(=O)N(Cc1c(C)noc1C)C1CC1",232.121177752,"Covalent"
"CC#CC(=O)NC1(C(N)=O)CCCC1C",208.121177752,"Covalent"
"CC#CC(=O)NC(C)c1ncc(C)o1",192.089877624,"Covalent"
"CC#CC(=O)NCCC1CCN(C(C)=O)CC1",236.15247788,"Covalent"
"C#CC(=O)N(C)Cc1nccn1C(F)F",213.071368348,"Covalent"
"CC#CC(=O)NCCC1COc2ccccc2O1",245.10519334,"Covalent"
"CC#CC(=O)NC1(Cc2ccccc2)CC1",213.1153641,"Covalent"
"CC#CC(=O)NCC(C)(O)c1cccs1",223.066699656,"Covalent"
"CC#CC(=O)N(CC1(O)CCC1)C1CC1",207.125928784,"Covalent"
"CC#CC(=O)NC1CC(OC(C)(C)C)C1(C)C",237.172878976,"Covalent"
"C=CC(=O)NC1CCCSC1",171.071785036,"Covalent"
"C=CC(=O)NC1CCSCC1",171.071785036,"Covalent"
"C=CC(=O)NCCc1nccs1",182.05138394,"Covalent"
"C=CC(=O)N1CCOC(C#N)C1",166.07422756,"Covalent"
"C=CC(=O)Nc1ccc(C#N)cc1",172.063662876,"Covalent"
"C=CC(=O)NCC1C(C)(C)C1(C)C",181.146664228,"Covalent"
"C=CC(=O)NCCc1cccc(Cl)c1",209.060741684,"Covalent"
"C=CC(=O)NC1CCCc2occc21",191.094628656,"Covalent"
"C=CC(=O)NC1CCCc2sccc21",207.071785036,"Covalent"
"C=CC(=O)NCc1nc2ccccc2s1",218.05138394,"Covalent"
"C=CC(=O)NC1C2CC3CC(C2)CC1C3",205.146664228,"Covalent"
"C=CC(=O)N(C)C1CCN(S(C)(=O)=O)C1",232.088163372,"Covalent"
"C=CC(=O)Nc1ccc(-c2cnco2)cc1",214.07422756,"Covalent"
"C=CC(=O)Nc1ccc2c(c1)NC(=O)CO2",218.06914218,"Covalent"
"C=CC(=O)NCc1cccc2cccnc12",212.094963004,"Covalent"
"C=CC(=O)NC(C)c1cccc2ccccc12",225.1153641,"Covalent"
"C=CC(=O)NCCc1c[nH]c2ccc(C)cc12",228.126263132,"Covalent"
"C=CC(=O)NCC(=O)N1CCCc2ccccc21",244.121177752,"Covalent"
"C=CC(=O)Nc1ccc2c(c1)CCCC(=O)N2",230.105527688,"Covalent"
"C=CC(=O)NC(C)c1cccc(N2CCCC2)c1",244.15756326,"Covalent"
"C=CC(=O)NC1(C)Cc2ccccc2C1",201.1153641,"Covalent"
"C=CC(=O)NCc1cccc2c1OCCCO2",233.10519334,"Covalent"
"C=CC(=O)Nc1c(C)noc1C1CC1",192.089877624,"Covalent"
"C=CC(=O)NCc1cc2c(cc1OC)CC(C)O2",247.120843404,"Covalent"
"C=CC(=O)N1CCSC(C)CC1",185.0874351,"Covalent"
"C=CC(=O)N1CCC(OCc2ccccc2)C1",231.125928784,"Covalent"
"C=CC(=O)N1CCSCCC1C",185.0874351,"Covalent"
"C=CC(=O)NC1CCN(c2nnnn2C)CC1",236.13855913199998,"Covalent"
"C=CC(=O)NC(c1ccco1)C(C)(C)C",207.125928784,"Covalent"
"CC#CC(=O)NCC1(CO)CCc2ccccc21",243.125928784,"Covalent"
"CC#CC(=O)N1CC(=O)N(C)c2ccccc2C1",242.105527688,"Covalent"
"CC#CC(=O)NC(C1CC1)C1CCCOC1",221.141578848,"Covalent"
"CC#CC(=O)NCc1cc(=O)[nH]c(C2CC2)n1",231.100776656,"Covalent"
"CC#CC(=O)Nc1ccc2c(c1)NC(=O)CCC2",242.105527688,"Covalent"
"CC#CC(=O)N1CC(C(=O)OC)CC(F)(F)C1",245.086349716,"Covalent"
"CC#CC(=O)NCC1CCC(F)(F)C(=O)N1",230.086684064,"Covalent"
"CC#CC(=O)N(C)Cc1cncc(OC)c1",218.105527688,"Covalent"
"CC#CC(=O)NCCn1nnc2ccccc21",228.101111004,"Covalent"
"CC#CC(=O)N[C@H]1C[C@H](c2ccccc2OC)C1",243.125928784,"Covalent"
"C#CC(=O)NCC1CCCN1S(=O)(=O)CC",244.088163372,"Covalent"
"CC#CC(=O)NCc1nc2ccccc2o1",214.07422756,"Covalent"
"CC#CC(=O)NCc1cccc2ccsc12",229.056134972,"Covalent"
"CC#CC(=O)NCc1nc(C(N)=O)cs1",223.041547528,"Covalent"
"CC#CC(=O)N(C)Cc1ccnc2[nH]ccc12",227.105862036,"Covalent"
"CC#CC(=O)NCc1cccc2[nH]nnc12",214.08546094,"Covalent"
"CC#CC(=O)NC1(c2ccnc(OC)c2)CC1",230.105527688,"Covalent"
"CC#CC(=O)NC(CC)c1cocn1",192.089877624,"Covalent"
"CC#CC(=O)NCc1ccnn1C1CCCC1",231.137162164,"Covalent"
"CC#CC(=O)N[C@@H]1[C@@H](C(F)(F)F)[C@@H]2CC[C@H]1O2",247.082013284,"Covalent"
"CC#CC(=O)N1CCC=CC1COC",193.11027872,"Covalent"
"CC#CC(=O)NC1CCN(CC2CC2)C1",206.141913196,"Covalent"
"CC#CC(=O)NCCN1C(=O)Cc2ccccc21",242.105527688,"Covalent"
"CC#CC(=O)N(C)CC1(N(C)C)CCC1",208.15756326,"Covalent"
"CC#CC(=O)N(C)c1ccc(OC)cc1OC",233.10519334,"Covalent"
"CC#CC(=O)NCC(O)c1c(F)cccc1F",239.075785032,"Covalent"
"C=CCN1CCC(N(C)C(=O)C#CC)C1=O",220.121177752,"Covalent"
"CC#CC(=O)Nc1ccc(F)c(NC(=O)NC)c1",249.091354844,"Covalent"
"CC#CC(=O)NC(C)(C)c1c(C)noc1C",220.121177752,"Covalent"
"CC#CC(=O)NC1COc2ccccc2C1O",231.089543276,"Covalent"
"CC#CC(=O)NCc1ncccc1N(C)C",217.1215121,"Covalent"
"CC#CC(=O)NC1CCCCC1C(N)=O",208.121177752,"Covalent"
"CC#CC(=O)Nc1ccc2c(c1)OCCN2C",230.105527688,"Covalent"
"CC#CC(=O)NCc1ncc(N(C)C)cn1",218.116761068,"Covalent"
"CC#CC(=O)N[C@H]1CS(=O)(=O)C1(C)C",215.061614276,"Covalent"
"CC#CC(=O)NCCc1cccc2oc(C)nc12",242.105527688,"Covalent"
"CC#CC(=O)N(C)Cc1cncn1C",191.105862036,"Covalent"
"CC#CC(=O)NC1CCCC1(C)O",181.11027872,"Covalent"
"CC#CC(=O)NCc1nc(C(F)(F)F)c[nH]1",231.061946536,"Covalent"
"CC#CC(=O)NC(C)c1cc(F)ccc1N(C)C",248.132491384,"Covalent"
"CC#CC(=O)NCCN1CCn2nccc2C1",232.132411132,"Covalent"
"CC#CC(=O)NC1C(C)(C)C(O)C1(C)C",209.141578848,"Covalent"
"CC#CC(=O)NCc1nnc2ccc(Cl)cn12",248.046488588,"Covalent"
"CC#CC(=O)N(C)Cc1ccc2[nH]nnc2c1",228.101111004,"Covalent"
"CC#CC(=O)NCC1CCC(C(F)(F)F)C1",233.102748728,"Covalent"
"CC#CC(=O)NC1CCC(CO)C(C)(C)C1C",237.172878976,"Covalent"
"CC#CC(=O)NCC=Cc1cnn(C)c1",203.105862036,"Covalent"
"CC#CC(=O)NCc1ccc(C(F)(F)F)nc1",242.066697568,"Covalent"
"CC#CC(=O)NCc1cnc2ccsc2c1",230.05138394,"Covalent"
"CC#CC(=O)NCC1OCCc2ccsc21",235.066699656,"Covalent"
"CC#CC(=O)NCC1CCC(c2ccn[nH]2)O1",233.11642672,"Covalent"
"CC#CC(=O)N(C)CC1CC(C)CO1",195.125928784,"Covalent"
"CC#CC(=O)NC1CCCN(C(=O)C2CCC2)C1",248.15247788,"Covalent"
"C#Cc1cccc(NC(=O)CNC(=O)C#CC)c1",240.089877624,"Covalent"
"CC#CC(=O)NCc1ccc(C)nc1OC",218.105527688,"Covalent"
"CC#CC(=O)NCCN1CCOCC1(C)C",224.15247788,"Covalent"
"C#CCN(CC1CCCO1)C(=O)C#CC",205.11027872,"Covalent"
"CC#CC(=O)NC1(c2ccccc2OC)CCC1",243.125928784,"Covalent"
"CC#CC(=O)N(C)Cc1ccc(N(C)C)nc1",231.137162164,"Covalent"
"CC#CC(=O)NC1CC(OCC)C12CCCO2",237.136493468,"Covalent"
"CC#CC(=O)NC1c2ccccc2CCC1CO",243.125928784,"Covalent"
"CC#CC(=O)NC1CCc2nc(C(C)C)nn2C1",246.148061196,"Covalent"
"C#CC(=O)NCC1CCCN(c2ncccn2)C1",244.132411132,"Covalent"
"CC#CC(=O)N1CCC(C#N)(COC)CC1",220.121177752,"Covalent"
"CC#CC(=O)N1CC(C(F)(F)F)OC(C)(C)C1",249.097663348,"Covalent"
"CC#CC(=O)N1CCN(CC(C)O)C(C)C1",224.15247788,"Covalent"
"CC#CC(=O)NCC1CC(=O)N(C2CC2)C1",220.121177752,"Covalent"
"CC#CC(=O)N1CCCC(OC(=O)N(C)C)C1",238.131742436,"Covalent"
"CC#CC(=O)N1Cc2cc(F)c(F)cc2C1",221.065220348,"Covalent"
"CC#CC(=O)N1CC(F)(F)C[C@@H]1C(=O)OC",231.070699652,"Covalent"
"CC#CC(=O)N1CCOC(CC)(C(F)(F)F)C1",249.097663348,"Covalent"
"CC#CC(=O)NCC1(S(N)(=O)=O)CCC1",230.072513308,"Covalent"
"CC#CC(=O)N1CC[C@H]2CC[C@]21c1ccco1",229.11027872,"Covalent"
"C#CCCN(C(=O)C#CC)C1CCOCC1",219.125928784,"Covalent"
"CC#CC(=O)N1CC2CCC1(CO)C2",193.11027872,"Covalent"
"CC#CC(=O)N1CCCc2[nH]nc(C)c21",203.105862036,"Covalent"
"CC#CC(=O)NCc1ccc2nonc2c1",215.069476528,"Covalent"
"CC#CC(=O)N1CCC(CC#N)C(F)(F)C1",226.091769444,"Covalent"
"C#CC(=O)NCCN(C)c1cccc(C)c1",216.126263132,"Covalent"
"C=C(C)[C@@H]1CC=C(CNC(=O)C#CC)CC1",217.146664228,"Covalent"
"CC#CC(=O)N1C[C@@H]2C[C@H](F)[C@H]1[C@H]2C(=O)OC",239.095771528,"Covalent"
"CC#CC(=O)N1CC(C)(C)CC1CC(N)=O",222.136827816,"Covalent"
"CC#CC(=O)NC1CC1OCC",167.094628656,"Covalent"
"CC#CC(=O)NC1CCC(=O)NC1",180.089877624,"Covalent"
"CC#CC(=O)Nc1ccc2c(c1)NC(=O)CO2",230.06914218,"Covalent"
"CC#CC(=O)NCCc1nc(C)cs1",208.067034004,"Covalent"
"CC#CC(=O)N[C@@H](C)C(=O)N1CCCCC1",222.136827816,"Covalent"
"CC#CC(=O)NC1CCN(c2ccn(C)n2)C1",232.132411132,"Covalent"
"CC#CC(=O)N(C)Cc1ncc(C2CC2)o1",218.105527688,"Covalent"
"CC#CC(=O)N1CC(=O)N(Cc2ccccc2)C1",242.105527688,"Covalent"
"CC#CC(=O)N1CCS(=O)(=O)CC(C)C1",229.07726434,"Covalent"
"CC#CC(=O)N(C)Cc1cccc2cc[nH]c12",226.110613068,"Covalent"
"CC#CC(=O)N1Cc2ccccc2C(F)(F)C1",235.080870412,"Covalent"
"CC#CC(=O)NC(C)c1ccc2ncsc2c1",244.067034004,"Covalent"
"CC#CC(=O)NCC(C)c1ccsc1",207.071785036,"Covalent"
"CC#CC(=O)NC1CC(=O)N(C2CC2C)C1",220.121177752,"Covalent"
"CC#CC(=O)N1CC(OCC(=O)NC)C1",210.100442308,"Covalent"
"CC#CC(=O)N[C@H]1C[C@H](c2ccccc2)C1",213.1153641,"Covalent"
"CC#CC(=O)NC1CCC(O)(C(F)(F)F)C1",235.082013284,"Covalent"
"CC#CC(=O)N1CC(OC(=O)NC(C)C)C1",224.116092372,"Covalent"
"CC#CC(=O)NCc1ccc(C#N)c(OC)c1",228.089877624,"Covalent"
"CC#CC(=O)NCC1CCN(c2ccccc2)C1",242.141913196,"Covalent"
"CC#CC(=O)NCCN1CCCS1(=O)=O",230.072513308,"Covalent"
"CC#CC(=O)NCC1CCC(C(=O)N(C)C)O1",238.131742436,"Covalent"
"CC#CC(=O)NC1CCc2ccccc2NC1=O",242.105527688,"Covalent"
"CC#CC(=O)NC1CCc2ncc(Cl)n2C1",237.066889684,"Covalent"
"CC#CC(=O)NCCC1OCCc2ccccc21",243.125928784,"Covalent"
"CC#CC(=O)NCCS(=O)(=O)N1CCCC1",244.088163372,"Covalent"
"CC#CC(=O)N[C@H]1c2ccccc2OC[C@H]1CO",245.10519334,"Covalent"
"CC#CC(=O)N1CCn2nc(C)cc2C1",203.105862036,"Covalent"
"CC#CC(=O)NCCN1CCOCC1=O",210.100442308,"Covalent"
"C=C(CNC(=O)C#CC)C1CCOCC1",207.125928784,"Covalent"
"C#CC(CC1CCOC1)NC(=O)C#CC",205.11027872,"Covalent"
"CC#CC(=O)NC1CC2(CNC(=O)C2)C1",206.105527688,"Covalent"
"CC#CC(=O)NCc1c[nH]nc1-c1ccccc1",239.105862036,"Covalent"
"CC#CC(=O)NCc1n[nH]c2ccc(Cl)cc12",247.05123962,"Covalent"
"CC#CC(=O)NCc1cn[nH]c1C(F)F",213.071368348,"Covalent"
"CC#CC(=O)N(Cc1cncs1)C1CC1",220.067034004,"Covalent"
"CC#CC(=O)NCc1csc2nccn12",219.046632908,"Covalent"
"CC#CC(=O)NCCc1ncc2c(n1)CCC2",229.1215121,"Covalent"
"CC#CC(=O)NC1(c2ccnc(C)n2)CC1",215.105862036,"Covalent"
"CC#CC(=O)Nc1cc2c(cc1F)CCNC2=O",246.080455812,"Covalent"
"CC#CC(=O)NC(C(N)=O)c1ccccc1F",234.080455812,"Covalent"
"CC#CC(=O)N(C)C(CC)c1ccncc1",216.126263132,"Covalent"
"CC#CC(=O)N1CCOC(C(F)(F)F)C1",221.06636322,"Covalent"
"CC#CC(=O)NCc1ccc2c(c1)C(=O)NCC2",242.105527688,"Covalent"
"CC#CC(=O)NCCN1CC=C(C)CC1",206.141913196,"Covalent"
"CC#CC(=O)N1CCOC(C2CCCO2)C1",223.120843404,"Covalent"
"CC#CC(=O)N(C)Cc1cn(C)nc1C(C)C",233.152812228,"Covalent"
"CC#CC(=O)NC1c2cccc(F)c2OC1C",233.085206844,"Covalent"
"CC#CC(=O)NC(C)c1ccc2[nH]ncc2c1",227.105862036,"Covalent"
"C=CC(=O)N(CC(N)=O)C1CC1",168.089877624,"Covalent"
"C=CC(=O)N(C)Cc1cnc(N(C)C)nc1",220.132411132,"Covalent"
"C=CC(=O)N1CCC[C@H]1c1csc(C)n1",222.082684068,"Covalent"
"C=CC(=O)NC1CC2CCC(C1)S2",197.0874351,"Covalent"
"C=CC(=O)NC(C)CN1CCCC(C)C1",210.173213324,"Covalent"
"C=CC(=O)NCc1c(C)nn(CC)c1C",207.137162164,"Covalent"
"C=CC(=O)N1CC(n2cccn2)C1",177.090211972,"Covalent"
"C=CC(=O)N1CCN(C2CC2)C(C#N)C1",205.1215121,"Covalent"
"C=CC(=O)N1CCCC1c1ccc(C)s1",221.0874351,"Covalent"
"C=CC(=O)NCc1nonc1C",167.069476528,"Covalent"
"C=CC(=O)NCC1CCc2ccccc2C1",215.131014164,"Covalent"
"C=CC(=O)NC1CCN(c2ccn(C)n2)C1=O",234.111675688,"Covalent"
"C=CC(=O)N1CCS(=O)(=O)C(C)C1C",217.07726434,"Covalent"
"C=CC(=O)N(C)C1CCN(CC)C(C)C1",210.173213324,"Covalent"
"C=CC(=O)NCc1nnnn1C1CC1",193.096359972,"Covalent"
"C=CC(=O)N1CC(OCC(F)F)C1",191.075785032,"Covalent"
"C=CC(=O)N1CCC(OC2CCOC2)CC1",225.136493468,"Covalent"
"C=CC(=O)N1CCC(c2ccccc2)C1C",215.131014164,"Covalent"
"C=CC(=O)N1CCCCc2ccc(OC)cc21",231.125928784,"Covalent"
"C=CC(=O)NC(CC)c1ccccc1O",205.11027872,"Covalent"
"C=CC(=O)NCc1cc(C)nc(C)n1",191.105862036,"Covalent"
"C=CC(=O)NCC1CC(C)OC1C",183.125928784,"Covalent"
"C=CC(=O)NCc1oc(C(C)C)nc1C",208.121177752,"Covalent"
"C=CC(=O)N1Cc2sccc2CC1(C)C",221.0874351,"Covalent"
"C=CC(=O)N(C)C(C)c1cnn(C)c1",193.1215121,"Covalent"
"C=CC(=O)N1CCn2ncnc2C1",178.08546094,"Covalent"
"C=CC(=O)Nc1cnc(OC)cn1",179.069476528,"Covalent"
"C=CC(=O)NCc1ccnn1CC",179.105862036,"Covalent"
"C=CC(=O)N1CC(=O)N(C2CC2)C1",180.089877624,"Covalent"
"C=CC(=O)N1CCN(C(=O)CC)C1",182.105527688,"Covalent"
"C=CC(=O)NC1(COC)CCOC1",185.10519334,"Covalent"
"C=CC(=O)NCc1cc2n(n1)CCC2",191.105862036,"Covalent"
"C=CC(=O)Nc1cn(C)nc1C1CC1",191.105862036,"Covalent"
"C=CC(=O)NC(C)Cc1cccn1C",192.126263132,"Covalent"
"C=CC(=O)N1CC(=O)N(CC2CC2)C1",194.105527688,"Covalent"
"C=CC(=O)N1CCN(C(C)C)C(=O)C1",196.121177752,"Covalent"
"C=CC(=O)NC12CCC(F)(CC1)CC2",197.121592352,"Covalent"
"C=CC(=O)NCC1CCOC(C)(C)C1",197.141578848,"Covalent"
"C=CC(=O)Nc1cnc2onc(C)c2c1",203.069476528,"Covalent"
"C=CC(=O)N1Cc2cccc(OC)c2C1",203.094628656,"Covalent"
"C=CC(=O)Nc1cnc(CC2CC2)nc1",203.105862036,"Covalent"
"C=CC(=O)Nc1cnc(C)nc1C1CC1",203.105862036,"Covalent"
"C=CC(=O)NC1CC1(F)c1ccccc1",205.090292224,"Covalent"
"C=CC(=O)NCc1cn(C2CCC2)nn1",206.116761068,"Covalent"
"C=CC(=O)N1CCC(n2ccnn2)CC1",206.116761068,"Covalent"
"C=CC(=O)NC1CC(N(C)C)C12CCC2",208.15756326,"Covalent"
"C=CC(=O)N1CCOC2(CCSC2)C1",213.08234972,"Covalent"
"C=CC(=O)NCc1cc2cc(C)ccc2o1",215.094628656,"Covalent"
"C=CC(=O)Nc1ccc2c(C)n(C)nc2c1",215.105862036,"Covalent"
"C=CC(=O)N1CCCc2ccccc2CC1",215.131014164,"Covalent"
"C=CC(=O)N[C@H]1CC[C@H](C(F)(F)F)CC1",221.102748728,"Covalent"
"C=CC(=O)N1CCCC(C2CCCCO2)C1",223.157228912,"Covalent"
"C=CC(=O)N1CCCC(CC2CCOC2)C1",223.157228912,"Covalent"
"C=CC(=O)N1CCCC2(CCSCC2)C1",225.118735228,"Covalent"
"C=CC(=O)N(c1ccccc1C#N)C1CCC1",226.110613068,"Covalent"
"C=CC(=O)Nc1ccc2cccc(OC)c2n1",228.089877624,"Covalent"
"C=CC(=O)Nc1ccccc1C1CCC(=O)N1",230.105527688,"Covalent"
"C=CC(=O)N1CCC(=O)N(C)c2ccccc21",230.105527688,"Covalent"
"C=CC(=O)N1CC2(CCCC2)C1c1ccco1",231.125928784,"Covalent"
"C=CC(=O)N1CCCCc2c(OC)cccc21",231.125928784,"Covalent"
"C=CC(=O)NCC1CCc2cc(F)ccc2O1",235.100856908,"Covalent"
"C=CC(=O)N1CCc2cc(OC)c(F)cc2C1",235.100856908,"Covalent"
"C=CC(=O)NCc1c(Cl)oc2ccccc12",235.04000624,"Covalent"
"C=CC(=O)N1CCN(c2ncc(F)cn2)CC1",236.107339256,"Covalent"
"C=CC(=O)N1CCc2c(nnn2CCOC)C1",236.127325752,"Covalent"
"C=CC(=O)N1CCOCC1c1nc(C)cs1",238.077598688,"Covalent"
"C=CC(=O)N1CCc2c(Cl)cc(F)cc2C1",239.051319872,"Covalent"
"C=CC(=O)N1CCC(n2cc(Cl)cn2)CC1",239.082539748,"Covalent"
"C=CC(=O)N1CC(c2ccccc2)C2CCCC21",241.146664228,"Covalent"
"C=CC(=O)N1CCN(C)CC1Cc1ccccc1",244.15756326,"Covalent"
"C=CC(=O)Nc1nccn1Cc1ccccc1F",245.096440224,"Covalent"
"C=CC(=O)N1CCN(c2nc(C)cc(C)n2)CC1",246.148061196,"Covalent"
"C=CC(=O)NC1CCCC1Cc1cc(C)nn1C",247.168462292,"Covalent"
"C=CC(=O)NCc1ncc(Cl)s1",201.996761524,"Covalent"
"C=CC(=O)NC1CCCN2CCSCC12",226.113984196,"Covalent"
"C=CC(=O)NCC1C[C@H]2COC[C@H]2O1",197.10519334,"Covalent"
"C=CC(=O)N1C[C@@H]2CSC[C@]2(C)C1",197.0874351,"Covalent"
"C=CC(=O)N1CC2CSCC(C2)C1",197.0874351,"Covalent"
"C=CC(=O)N1CCCC1C1CCCCO1",209.141578848,"Covalent"
"C=CC(=O)N1CCC2(CC1)CC(=O)C=CO2",221.10519334,"Covalent"
"C=CC(=O)Nc1cnc(N2CCCCC2)c(C)c1",245.152812228,"Covalent"
"C=CC(=O)NC1CC=C(c2ccc(F)cc2)CC1",245.121592352,"Covalent"
"C=CC(=O)NC1C(=O)OCC1(C)C",183.089543276,"Covalent"
"C=CC(=O)N[C@H](C)c1cc(C)ccc1OC",219.125928784,"Covalent"
"C=CC(=O)N1CCN(CCOC)CC1(C)C",226.168127944,"Covalent"
"C=CC(=O)N1C(C)C(=O)N(C)C(C)C1C",210.136827816,"Covalent"
"C=CC(=O)NCC1(c2ccccc2)CC1(C)C",229.146664228,"Covalent"
"C=CC(=O)NC(C)(C)C1CCCCO1",197.141578848,"Covalent"
"C=CC(=O)Nc1c(C)noc1C(C)C",194.105527688,"Covalent"
"C=CC(=O)Nc1ccc(OC)c2cccnc12",228.089877624,"Covalent"
"C=CC(=O)NCc1cccc(C(F)F)c1",211.080870412,"Covalent"
"C#CC(NC(=O)C=C)c1ccc(F)cc1",203.07464216,"Covalent"
"C=CC(=O)NCc1ccsc1C(F)(F)F",235.027869536,"Covalent"
"C=CC(=O)NCCc1ccc2ncccc2c1",226.110613068,"Covalent"
"C=CC(=O)NCc1cc(F)c(F)c(F)c1",215.055798536,"Covalent"
"C=CC(=O)N1CCC2(CCC2)C(C(=O)O)C1",223.120843404,"Covalent"
"C=CC(=O)NC1CCCCCCC1(F)F",217.127820604,"Covalent"
"C=CC(=O)NCCC1=CC[C@H]2C[C@@H]1C2(C)C",219.162314292,"Covalent"
"C=CC(=O)NCC1C(F)(F)C12CCCC2",215.11217054,"Covalent"
"C=CC(=O)NC(C)c1cc(F)ccc1N(C)C",236.132491384,"Covalent"
"C=CC(=O)NCC1(C2CC2)CCCO1",195.125928784,"Covalent"
"C=CC(=O)N1CCN(S(C)(=O)=O)C(C)(C)C1",246.103813436,"Covalent"
"C#CC(CC1CCOC1)NC(=O)C=C",193.11027872,"Covalent"
"C=CC(=O)NC1c2ccccc2OCC1OC",233.10519334,"Covalent"
"C=CC(=O)Nc1cc(C)n(CC(C)C)n1",207.137162164,"Covalent"
"C=CC(=O)Nc1cn(C)nc1OC(C)C",209.11642672,"Covalent"
"C=CC(=O)NC(C)c1cn(C)c2ccc(C)cc12",242.141913196,"Covalent"
"C=CC(=O)Nc1sc(C(C)C)nc1C",210.082684068,"Covalent"
"C=CC(=O)NCCC12CCC(CC1)C2(C)C",221.177964356,"Covalent"
"C=CC(=O)NC1C(=O)SC12CCCCC2",225.08234972,"Covalent"
"C#CC(Cc1ccc(F)cc1F)N(C)C(=O)C=C",249.096520476,"Covalent"
"C=CC(=O)NC1CCc2ccc(OC)cc2C1",231.125928784,"Covalent"
"C=CC(=O)N1CCC2(CC1)COc1ccccc12",243.125928784,"Covalent"
"C=CC(=O)NCC(F)c1ccc(C)c(C)c1",221.121592352,"Covalent"
"C=CC(=O)N1CCC2(CC1)NC(=O)C(C)(C)O2",238.131742436,"Covalent"
"C=CC(=O)N1CCC[C@H](CC(=O)OC)C1",211.120843404,"Covalent"
"C=CC(=O)N(CC1CCOCC1)C1CCC1",223.157228912,"Covalent"
"C=CC(=O)N1CCCC1c1c(F)cccc1OC",249.116506972,"Covalent"
"C=CC(=O)Nc1c(Cl)cccc1OC",211.04000624,"Covalent"
"C=CC(=O)N(CC(C)O)c1c(C)cccc1C",233.141578848,"Covalent"
"C=CC(=O)N(C)c1cc(OC)ccc1Cl",225.055656304,"Covalent"
"C=CC(=O)N1CCCC(c2cc(C(C)C)n[nH]2)C1",247.168462292,"Covalent"
"C=CC(=O)NCC1(O)CCc2cc(F)ccc21",235.100856908,"Covalent"
"C=CC(=O)N1CCN(C)C2(CCOC2)C1",210.136827816,"Covalent"
"C=CC(=O)Nc1ccc(C(=O)N(C)C)cc1F",236.096105876,"Covalent"
"C=CC(=O)NC(c1ncon1)C1CC1",193.085126592,"Covalent"
"C=CC(=O)N1C[C@@H](CO)[C@H](CC(C)(C)C)C1",225.172878976,"Covalent"
"C=CC(=O)N1CC(O)(C(F)(F)C(=O)NC)C1",234.081598684,"Covalent"
"C=CC(=O)N1CCC2(CC1)CC2(C#N)CO",220.121177752,"Covalent"
"C=CC(=O)NC1CC(CC(F)(F)F)C1",207.087098664,"Covalent"
"O=C1CCCN1C[C@@H]1CO1",141.078978592,"Covalent"
"c1ccc(OC[C@@H]2CO2)cc1",150.06807956,"Covalent"
"N#Cc1cc(Cl)cc(OCC2CO2)c1",209.024356176,"Covalent"
"c1ccc(CN2CCC3(CC2)CO3)cc1",203.131014164,"Covalent"
"c1cnc2ccc(OCC3CO3)cc2c1",201.078978592,"Covalent"
"CC1(C)Cc2cccc(OCC3CO3)c2O1",220.109944372,"Covalent"
"O=C1c2ccccc2C(=O)N1CCC1CO1",217.073893212,"Covalent"
"COc1ccc(N2CCN(CC3CO3)CC2)cc1",248.15247788,"Covalent"
"Cc1cc(=O)oc2c(C)c(OCC3CO3)ccc12",246.089208928,"Covalent"
"CC(C)(C)OC(=O)NCC12COCCC1O2",229.131408088,"Covalent"
"O=C(NCc1cc(-c2ccccc2)no1)C1CO1",244.084792244,"Covalent"
"COc1cc(C)cc(CNC(=O)C2CO2)c1",221.10519334,"Covalent"
"O=C(NC1(c2ccc(Cl)cc2)CC1)C1CO1",237.055656304,"Covalent"
"O=C(C1CO1)N1COCCC1c1ccccc1",233.10519334,"Covalent"
"Cc1ccc2[nH]cc(CCNC(=O)C3CO3)c2c1",244.121177752,"Covalent"
"O=C(NCc1ccc2sccc2c1)C1CO1",233.051049592,"Covalent"
"c1cc2c(cc1OCC1CO1)OCCO2",208.073558864,"Covalent"
"Cc1nc(C(F)(F)F)ccc1OCC1CO1",233.06636322,"Covalent"
"c1cc(C2CCOC2)ccc1OCC1CO1",220.109944372,"Covalent"
"c1ccc(-c2cccc(OCC3CO3)c2)nc1",227.094628656,"Covalent"
"N#Cc1cccc2cc(OCC3CO3)cnc12",226.07422756,"Covalent"
"Cc1cc(C)n(-c2ccc(OCC3CO3)cc2)n1",244.121177752,"Covalent"
"C[C@@H]1O[C@H]1C(=O)N(C)C1CCCc2ccccc21",245.141578848,"Covalent"
"Cc1nc2ccccc2cc1OCC1OC1C",229.11027872,"Covalent"
"CC1(C(=O)NC2CCCc3ccccc32)CO1",231.125928784,"Covalent"
"Cc1nc2ccccc2cc1OCC1(C)CO1",229.11027872,"Covalent"
"CC1(c2ccncc2)CO1",135.068413908,"Covalent"
"Fc1ccc(OCC2CO2)c(Cl)c1",202.019685396,"Covalent"
"COc1ccc(COCC2CO2)cc1",194.094294308,"Covalent"
"CC1(C)C2CC=C(COCC3CO3)C1C2",208.14632988,"Covalent"
"CCc1ccc(OCC2CO2)c(OC)c1",208.109944372,"Covalent"
"CCc1cccc(CO)c1OCC1CO1",208.109944372,"Covalent"
"O=C(NC1CCCOc2ccccc21)C1CO1",233.10519334,"Covalent"
"Cn1cc(CCNC(=O)C2CO2)c2ccccc21",244.121177752,"Covalent"
"N#Cc1ccc2c(c1)CCC2NC(=O)C1CO1",228.089877624,"Covalent"
"O=C(NC1CCCc2c(F)cccc21)C1CO1",235.100856908,"Covalent"
"O=C(NC1CCCc2cc(F)ccc21)C1CO1",235.100856908,"Covalent"
"C#CCOc1ccccc1OCC1CO1",204.078644244,"Covalent"
"Cc1nc2ccc(OCC3CO3)cc2o1",205.073893212,"Covalent"
"COc1cc(C)c(OCC2CO2)c(C)c1",208.109944372,"Covalent"
"c1cc2c(cc1OCC1CO1)COCC2",206.094294308,"Covalent"
"c1cc(OCC2CO2)cc(-n2cncn2)c1",217.085126592,"Covalent"
"c1cnn(-c2ccc(OCC3CO3)cc2)c1",216.089877624,"Covalent"
"Cc1nc(-c2cccc(OCC3CO3)c2)no1",232.084792244,"Covalent"
"COc1cc2ccncc2cc1OCC1CO1",231.089543276,"Covalent"
"COc1ccc(OCC2CO2)cc1C(F)(F)F",248.066028872,"Covalent"
"COC(=O)c1cc(F)c(C)c(OCC2CO2)c1",240.079787116,"Covalent"
"Cc1cnn(-c2ccc(OCC3CO3)cc2)c1",230.105527688,"Covalent"
"Cc1cc(-c2cccnc2)ccc1OCC1CO1",241.11027872,"Covalent"
"c1cc(OC2CCC2)ccc1OCC1CO1",220.109944372,"Covalent"
"c1ccc2nc(C3CC3)c(OCC3CO3)cc2c1",241.11027872,"Covalent"
"C[C@@H]1O[C@H]1C(=O)N1CCC(c2ccccc2)C1",231.125928784,"Covalent"
"CC(C)Cc1cc(CNC(=O)[C@@H]2O[C@H]2C)no1",238.131742436,"Covalent"
"c1ccn(CCC2CO2)c1",137.084063972,"Covalent"
"Cc1cc(Br)ccc1OCC1CO1",241.994241692,"Covalent"
"N#Cc1c(Cl)cccc1OCC1CO1",209.024356176,"Covalent"
"O=c1c2ccccc2cnn1CC1CO1",202.07422756,"Covalent"
"Cc1cc(C#N)cc(C)c1OCC1CO1",203.094628656,"Covalent"
"COc1cc(C#N)cc(OCC2CO2)c1",205.073893212,"Covalent"
"Brc1cc(C2CO2)on1",188.942540468,"Covalent"
"O=C(NC(c1ccccc1)C1CCC1)C1CO1",231.125928784,"Covalent"
"O=C(C1CO1)N(CC1CCCCC1)C1CC1",223.157228912,"Covalent"
"O=C(C1CO1)N1CC(Cc2cccs2)C1",223.066699656,"Covalent"
"O=C(NCc1cccc(C(F)F)c1)C1CO1",227.075785032,"Covalent"
"Cc1cc(OCC2CO2)c(F)cc1F",200.064886,"Covalent"
"N#CCOc1cccc(OCC2CO2)c1",205.073893212,"Covalent"
"COc1ccc(OCC2CO2)cc1C#N",205.073893212,"Covalent"
"COC(=O)c1cc(OCC2CO2)ccc1C",222.089208928,"Covalent"
"c1nc(-c2ccc(OCC3CO3)cc2)cs1",233.051049592,"Covalent"
"Cc1c(OCC2CO2)ccc2ncccc12",215.094628656,"Covalent"
"COc1cccc2cc(OCC3CO3)cnc12",231.089543276,"Covalent"
"c1ccc(-c2nccs2)c(OCC2CO2)c1",233.051049592,"Covalent"
"Cc1nc(-c2ccc(OCC3CO3)cc2)no1",232.084792244,"Covalent"
"CC1(C)OC1COc1ccccc1",178.099379688,"Covalent"
"C[C@@H]1O[C@H]1C(=O)N[C@@H]1COC[C@H]1O",187.084457896,"Covalent"
"C[C@@H]1O[C@H]1C(=O)Nc1ccc2c(c1)NC(=O)CO2",248.079706864,"Covalent"
"C[C@@H]1O[C@H]1C(=O)Nc1ccc(O)cc1",193.073893212,"Covalent"
"C[C@@H]1O[C@H]1C(=O)Nc1ccc2c(c1)CNC2=O",232.084792244,"Covalent"
"CC1(C(=O)N2CCc3cc(O)ccc3C2)CO1",233.10519334,"Covalent"
"CN(Cc1cccnc1)CC1OC1(C)C",206.141913196,"Covalent"
"O=S1(=O)CCCC2(CO2)C1",162.03506518,"Covalent"
"c1ccc2oc(C3CO3)cc2c1",160.052429496,"Covalent"
"Cc1ccc(Cl)c(OCC2CO2)c1",198.044757272,"Covalent"
"O=C(OCc1ccccc1)[C@H]1CO1",178.06299418,"Covalent"
"N#CCc1ccc(OCC2CO2)cc1",189.078978592,"Covalent"
"FC(F)(F)c1ccccc1OCC1CO1",218.055464188,"Covalent"
"O=C1CCc2cc(OCC3CO3)ccc2N1",219.089543276,"Covalent"
"COC(=O)C1OC1(C)c1ccccc1OC",222.089208928,"Covalent"
"CC(=O)N1CC2(C[C@@H]3O[C@@H]3C2)C1C(C)C",209.141578848,"Covalent"
"CC(C)(C)NS(=O)(=O)C1(C2CO2)CCC1",233.108564468,"Covalent"
"COC(=O)C1(CC2CO2)CCCC1",184.109944372,"Covalent"
"c1ccc2ncc(OCC3CO3)cc2c1",201.078978592,"Covalent"
"O=C(NCC1(c2ccccc2)CC1)C1CO1",217.11027872,"Covalent"
"O=C(C1CO1)N1CCCN(c2ccccc2)CC1",246.136827816,"Covalent"
"O=C(NC1(c2ccccc2)CC1)C1CO1",203.094628656,"Covalent"
"O=C(NCc1cc(=O)[nH]c2ccccc12)C1CO1",244.084792244,"Covalent"
"O=C(NCCC1Cc2ccccc2C1)C1CO1",231.125928784,"Covalent"
"O=C(C1CO1)N1CCC1c1cccc(F)c1",221.085206844,"Covalent"
"Cc1ccc(CNC(=O)C2CO2)cc1C#N",216.089877624,"Covalent"
"O=C(NC1CCC(c2cccc(F)c2)C1)C1CO1",249.116506972,"Covalent"
"O=C(NC1CC12CCc1ccccc12)C1CO1",229.11027872,"Covalent"
"CC(C)(NC(=O)C1CO1)c1cccc(C#N)c1",230.105527688,"Covalent"
"COc1cc(OCC2CO2)ccc1C#N",205.073893212,"Covalent"
"c1cc2c(c(OCC3CO3)c1)CCOC2",206.094294308,"Covalent"
"Cc1cc2cc(OCC3CO3)ccc2n1C",217.11027872,"Covalent"
"CC1(C)Oc2cccc(OCC3CO3)c2O1",222.089208928,"Covalent"
"CC(C)Oc1cc(F)ccc1OCC1CO1",226.10052256,"Covalent"
"CC(C)c1cc(C#N)ccc1OCC1CO1",217.11027872,"Covalent"
"Fc1cc(OC(F)F)ccc1OCC1CO1",234.050378808,"Covalent"
"CC1(C)CCc2ccc(OCC3CO3)cc2O1",234.125594436,"Covalent"
"COc1c(OCC2CO2)ccc2ccccc12",230.094294308,"Covalent"
"c1cc(OCC2CO2)cc(C2CCOCC2)c1",234.125594436,"Covalent"
"CC1CCCN(c2ccccc2OCC2CO2)C1",247.157228912,"Covalent"
"O=C1OCc2cc(OCC3CO3)ccc21",206.0579088,"Covalent"
"Cc1ccc2c(OCC3CO3)cccc2n1",215.094628656,"Covalent"
"COc1cc2c(c(OCC3CO3)c1)C(=O)OC2",236.068473484,"Covalent"
"Cc1cccc(NCCNC(=O)[C@@H]2O[C@H]2C)n1",235.132076784,"Covalent"
"Cc1cccc(C)c1CNC(=O)[C@@H]1O[C@H]1C",219.125928784,"Covalent"
"C#CC(CC1CCOCC1)NC(=O)[C@@H]1O[C@H]1C",237.136493468,"Covalent"
"C[C@@H]1O[C@H]1C(=O)Nc1cccc(OCCO)c1",237.10010796,"Covalent"
"Cc1cc(C)n(C(C)CNC(=O)[C@@H]2O[C@H]2C)n1",237.147726848,"Covalent"
"CC1OC1CN1CCN(c2ncccn2)CC1",234.148061196,"Covalent"
"c1ccc(CO[C@@H]2C[C@@H]3O[C@@H]3C2)cc1",190.099379688,"Covalent"
"Fc1cccc([C@H]2CO2)c1",138.048093064,"Covalent"
"Fc1cc(Cl)ccc1C1CO1",172.009120712,"Covalent"
"C[C@@H]1CN(CC2CO2)C[C@H](C)O1",171.125928784,"Covalent"
"Fc1cc(Cl)ccc1OCC1CO1",202.019685396,"Covalent"
"Cc1cc(F)c(F)cc1OCC1CO1",200.064886,"Covalent"
"Cc1cc2ncn(CC3CO3)c2cc1C",202.110613068,"Covalent"
"O=C1c2ccccc2C(=O)N1C[C@H]1CO1",203.058243148,"Covalent"
"c1cc(OCC2CO2)c2cccnc2c1",201.078978592,"Covalent"
"O=C1c2ccccc2C(=O)N1CCCC1CO1",231.089543276,"Covalent"
"OC1CCCc2c(OCC3CO3)cccc21",220.109944372,"Covalent"
"c1ncn(CC2CC3OC3C2)n1",165.090211972,"Covalent"
"O=C(NCc1csc2ccccc12)C1CO1",233.051049592,"Covalent"
"O=C(C1CO1)N1CCCCC1c1ccccc1",231.125928784,"Covalent"
"CCN(Cc1ccc2[nH]ccc2c1)C(=O)C1CO1",244.121177752,"Covalent"
"N#Cc1ccc2c(c1)CCCC2NC(=O)C1CO1",242.105527688,"Covalent"
"CC(Cc1ccc(C#N)cc1)NC(=O)C1CO1",230.105527688,"Covalent"
"Fc1cc(OCC2CO2)cnc1Cl",203.014934364,"Covalent"
"N#CCOc1ccc(OCC2CO2)cc1",205.073893212,"Covalent"
"Cn1cnc2cc(OCC3CO3)ccc21",204.089877624,"Covalent"
"c1cc2c(cc1OCC1CO1)OCCCO2",222.089208928,"Covalent"
"c1cc(OCC2CO2)cc(-c2nccs2)c1",233.051049592,"Covalent"
"COc1ccc(C(C)C)cc1OCC1CO1",222.125594436,"Covalent"
"Clc1cccc2cc(OCC3CO3)cnc12",235.04000624,"Covalent"
"Cc1ccc(C(=O)N(C)C)cc1OCC1CO1",235.120843404,"Covalent"
"N#Cc1ccc(OCC2CO2)c2ccccc12",225.078978592,"Covalent"
"c1ncc2ccc(OCC3CO3)cc2n1",202.07422756,"Covalent"
"COC(=O)c1ccc(OCC2CO2)cc1C",222.089208928,"Covalent"
"c1nnc(-c2ccc(OCC3CO3)cc2)s1",234.04629856,"Covalent"
"c1cc(-c2ccc(OCC3CO3)cc2)ccn1",227.094628656,"Covalent"
"C[C@@H]1O[C@H]1C(=O)N1CCOc2ccccc2C1",233.10519334,"Covalent"
"Cc1noc(C)c1CNC(=O)[C@@H]1O[C@H]1C",210.100442308,"Covalent"
"CC1(C#Cc2ccccc2)CO1",158.07316494,"Covalent"
"CC1(c2ccccn2)CO1",135.068413908,"Covalent"
"C=C(C)C1CCC2(C)OC2C1",152.120115132,"Covalent"
"FC(F)Oc1ccc(C2CO2)cc1",186.049235936,"Covalent"
"Fc1cc(OCC2CO2)ccc1Cl",202.019685396,"Covalent"
"c1ccc2c(c1)CCN(CC1CO1)C2",189.1153641,"Covalent"
"c1cc(OCC2CO2)c2cc[nH]c2c1",189.078978592,"Covalent"
"FC(F)(F)Oc1ccccc1OCC1CO1",234.050378808,"Covalent"
"CS(=O)(=O)c1cnn(CC2CO2)c1",202.04121318,"Covalent"
"CS(=O)(=O)c1ccccc1C1CO1",198.03506518,"Covalent"
"FC(F)(F)[C@H]1OC[C@@]2(c3ccccc3)O[C@@H]12",230.055464188,"Covalent"
"CP(C)(=O)C1CCCC2(CO2)C1",188.09661641399998,"Covalent"
"O=C(NCCc1ccc2ccccc2n1)C1CO1",242.105527688,"Covalent"
"O=C(N[C@H]1CC[C@H]1c1ccccc1)C1CO1",217.11027872,"Covalent"
"Cc1c(CNC(=O)C2CO2)n(C)c2ccccc12",244.121177752,"Covalent"
"COc1cccc([C@@H]2C[C@H]2NC(=O)C2CO2)c1",233.10519334,"Covalent"
"CC(NC(=O)C1CO1)c1cccc2ccccc12",241.11027872,"Covalent"
"O=C(C1CO1)N1CC=C(c2ccccc2)CC1",229.11027872,"Covalent"
"CC(CNC(=O)C1CO1)c1cccc(F)c1",223.100856908,"Covalent"
"O=C(NCc1cccc2c1CCC2)C1CO1",217.11027872,"Covalent"
"N#Cc1cccc(C2(NC(=O)C3CO3)CC2)c1",228.089877624,"Covalent"
"N#Cc1cccc(C2(NC(=O)C3CO3)CCC2)c1",242.105527688,"Covalent"
"CC(C)(C)c1cncc(OCC2CO2)c1",207.125928784,"Covalent"
"Fc1cccc2cc(OCC3CO3)cnc12",219.06955678,"Covalent"
"c1cc2c(c(OCC3CO3)c1)OCCCO2",222.089208928,"Covalent"
"Cc1cc(CCC#N)ccc1OCC1CO1",217.11027872,"Covalent"
"c1cc(C2CCOCC2)ccc1OCC1CO1",234.125594436,"Covalent"
"c1cc2cnsc2cc1OCC1CO1",207.035399528,"Covalent"
"COc1ccccc1-n1cc(OCC2CO2)cn1",246.100442308,"Covalent"
"C[C@@H]1O[C@H]1C(=O)N(C)CC1CCCCC1",211.157228912,"Covalent"
"Cc1ccccc1C(C)N(C)C(=O)[C@@H]1O[C@H]1C",233.141578848,"Covalent"
"C[C@@H]1O[C@H]1C(=O)NC(c1ccccc1)C1CCC1",245.141578848,"Covalent"
"C[C@@H]1O[C@H]1C(=O)N1CCCC2(CCCC2)C1",223.157228912,"Covalent"
"C[C@@H]1O[C@H]1C(=O)N1CC[C@H]2CCCC[C@H]21",209.141578848,"Covalent"
"CC1OC1COc1ccc(-n2cccn2)cc1",230.105527688,"Covalent"
"CC1(C(=O)NCc2ccc(Cl)s2)CO1",231.01207724,"Covalent"
"Cc1cccc(C)c1CN(C)C(=O)C1(C)CO1",233.141578848,"Covalent"
"c1coc(COCC2CO2)c1",154.06299418,"Covalent"
"Clc1ccc(CC2CO2)c(Cl)c1",201.995220236,"Covalent"
"COc1ccc(OC[C@H]2CO2)cc1",180.078644244,"Covalent"
"c1ccc(-c2nnnn2CC2CO2)cc1",202.08546094,"Covalent"
"CC(C)Oc1cccc(CNC(=O)C2CO2)c1",235.120843404,"Covalent"
"CN(C(=O)C1CO1)[C@@H]1C[C@H]1c1ccccc1",217.11027872,"Covalent"
"Fc1cc(Cl)c(OCC2CO2)cn1",203.014934364,"Covalent"
"FC(F)Oc1cccc(OCC2CO2)c1",216.05980062,"Covalent"
"FC(F)(F)c1cncc(OCC2CO2)c1",219.050713156,"Covalent"
"Cc1nc2c(OCC3CO3)cccc2o1",205.073893212,"Covalent"
"Cn1cnc2ccc(OCC3CO3)cc21",204.089877624,"Covalent"
"Cc1nc2ccccc2cc1OCC1CO1",215.094628656,"Covalent"
"c1ncn(-c2ccc(OCC3CO3)cc2)n1",217.085126592,"Covalent"
"Fc1ccc2ncc(OCC3CO3)cc2c1",219.06955678,"Covalent"
"Clc1ccc2ncc(OCC3CO3)cc2c1",235.04000624,"Covalent"
"Cc1cnc2cccc(OCC3CO3)c2c1",215.094628656,"Covalent"
"O=C(Nc1ccc(-c2nccs2)cc1)C1CO1",246.04629856,"Covalent"
"CC1(c2cccnc2)CO1",135.068413908,"Covalent"
"CSc1ccccc1OCC1CO1",196.055800624,"Covalent"
"Fc1ccc(Cl)cc1OCC1CO1",202.019685396,"Covalent"
"O=S(=O)(CCC1CO1)c1ccccc1",212.050715244,"Covalent"
"FC(F)(F)c1ccc(OCC2CO2)cc1",218.055464188,"Covalent"
"FC(F)(F)Oc1cccc(OCC2CO2)c1",234.050378808,"Covalent"
"C=C(C)[C@@H]1CC(=O)[C@@]2(C)O[C@H]2C1",166.099379688,"Covalent"
"OCc1cc(F)c(OCC2CO2)c(F)c1",216.05980062,"Covalent"
"O=C(C1CO1)N1CCCC1c1ccccc1",217.11027872,"Covalent"
"O=C(C1CO1)N(C1CC1)C1CCc2ccccc21",243.125928784,"Covalent"
"O=C(NC1CCC(c2ccccc2)C1)C1CO1",231.125928784,"Covalent"
"COC(C)(CNC(=O)C1CO1)c1ccccc1",235.120843404,"Covalent"
"CCc1cccc2c1CCN(C(=O)C1CO1)C2",231.125928784,"Covalent"
"O=C(NCc1c[nH]c2ccc(F)cc12)C1CO1",234.080455812,"Covalent"
"c1cc(OC2CC2)ccc1OCC1CO1",206.094294308,"Covalent"
"Clc1ccc2cccc(OCC3CO3)c2n1",235.04000624,"Covalent"
"c1ccc(-n2cc(OCC3CO3)cn2)cc1",216.089877624,"Covalent"
"CC1(C)COc2ccc(OCC3CO3)cc21",220.109944372,"Covalent"
"c1cc(OCC2CO2)cc(-n2ccnn2)c1",217.085126592,"Covalent"
"Cc1ccncc1-c1ccc(OCC2CO2)cc1",241.11027872,"Covalent"
"COC(=O)c1cc2ccc(OCC3CO3)cc2o1",248.068473484,"Covalent"
"Cn1nccc1-c1ccc(F)cc1OCC1CO1",248.096105876,"Covalent"
"C[C@@H]1O[C@H]1C(=O)Nc1cccc2c1OCCC2O",249.10010796,"Covalent"
"COc1ccc(CNC(=O)[C@@H]2O[C@H]2C)c(O)c1",237.10010796,"Covalent"
"CC1OC1COc1cccc(-c2nccs2)c1",247.066699656,"Covalent"
"COC(=O)[C@@H]1C[C@H](OC)CN1C(=O)[C@@H]1O[C@H]1C",243.110672644,"Covalent"
"C[C@@H]1O[C@H]1C(=O)NCCC1=CC[C@H]2C[C@@H]1C2(C)C",249.172878976,"Covalent"
"CC(Cl)C(=O)N1CCNC(=O)C1C",204.066555336,"Covalent"
"O=C(NCc1ccccc1)C(F)Cl",201.035669808,"Covalent"
"Cc1ncc2c(n1)CCN(C(=O)C(C)Cl)C2",239.082539748,"Covalent"
"Cc1nnsc1CNC(=O)C(C)Cl",219.02331062,"Covalent"
"CC(Cl)C(=O)NCc1nc(C2CC2)n[nH]1",228.077788716,"Covalent"
"CC(Cl)C(=O)NC(C)c1nnnn1C1CC1",243.08868774799998,"Covalent"
"COc1cccc2c1CN(C(=O)C(C)Cl)C2",239.071306368,"Covalent"
"CC(Cl)C(=O)N1CCn2ncc(Cl)c2C1",247.027917332,"Covalent"
"CC(Cl)C(=O)NC[C@@H]1COC[C@H]1N(C)C",234.113505528,"Covalent"
"CC(Cl)C(=O)Nc1ccc2nncn2c1",224.046488588,"Covalent"
"CC(Cl)C(=O)NCc1nc(C(N)=O)co1",231.04106886,"Covalent"
"CC(Cl)C(=O)N1CCCC2(CNC(=O)O2)C1",246.07712002,"Covalent"
"CC(Cl)C(=O)NCC1(CO)CC2(CCC2)C1",245.11825656,"Covalent"
"CC(Cl)C(=O)NC(CO)C1CCCO1",221.081871052,"Covalent"
"CC(Cl)C(=O)NCC1CCOC2(CCC2)C1",245.11825656,"Covalent"
"CC(Cl)C(=O)NCC1(n2ccnn2)CC1",228.077788716,"Covalent"
"CC(Cl)C(=O)N1CC(c2cc(CO)on2)C1",244.061469956,"Covalent"
"C[C@@H](NC(=O)C(F)Cl)c1ccnn1C",219.057467872,"Covalent"
"O=C(Nc1cnn2cccnc12)C(F)Cl",228.021416712,"Covalent"
"Cc1nscc1N(C)C(=O)C(F)Cl",222.002989776,"Covalent"
"O=C(C(F)Cl)N1CC(Oc2nccs2)C1",249.997904396,"Covalent"
"O=C(Nc1ccc(F)c(Cl)c1)C(F)Cl",238.97162558,"Covalent"
"O=C(CNC(=O)C(F)Cl)NC1CCCC1",236.072783588,"Covalent"
"CN1[C@@H]2CC[C@H]1C[C@H](CNC(=O)C(F)Cl)C2",248.109169096,"Covalent"
"O=C1CCCC2CN(C(=O)C(F)Cl)CC2N1",248.072783588,"Covalent"
"COc1cccc(CCNC(=O)C(F)Cl)c1",245.061884556,"Covalent"
"O=C(C(F)Cl)N1CCC2CCC(C1)S2",237.039040936,"Covalent"
"O=C(NCCSc1ccccc1)C(F)Cl",247.023390872,"Covalent"
"O=C(NCC1CC2(CCCC2)CO1)C(F)Cl",249.093184684,"Covalent"
"CC(Cl)C(=O)NC1COCCOC1",207.066220988,"Covalent"
"CC(Cl)C(=O)N1CCNC(=O)C1(C)C",218.0822054,"Covalent"
"CC(Cl)C(=O)N1CC(=O)NC2CCCCC21",244.097855464,"Covalent"
"CC(Cl)C(=O)NCc1nc(C2CC2)cs1",244.043711716,"Covalent"
"CC(Cl)C(=O)NCC1C2Cc3ccccc3C12",249.092041812,"Covalent"
"CC(Cl)C(=O)Nc1cccc2c1COCC2",239.071306368,"Covalent"
"CCN(Cc1cn(C)nn1)C(=O)C(C)Cl",230.09343877999999,"Covalent"
"CC(Cl)C(=O)N1CCc2ncsc2C1",230.028061652,"Covalent"
"CC(Cl)C(=O)NC(C)c1ccns1",218.028061652,"Covalent"
"CC(Cl)C(=O)N1CC(Cc2cccs2)C1",243.048462748,"Covalent"
"CC(Cl)C(=O)NC1Cc2ccc(C#N)cc2C1",248.071640716,"Covalent"
"CC(Cl)C(=O)Nc1ccc2c(c1)NC(=O)C2",238.050905272,"Covalent"
"CC(Cl)C(=O)N1C2CCC1(C(N)=O)CC2",230.0822054,"Covalent"
"CC(Cl)C(=O)NCC12CC(CN1C1CC1)C2",242.118590908,"Covalent"
"Cc1cc(C(C)NC(=O)C(C)Cl)ccn1",226.08729078,"Covalent"
"CC(C)Oc1cc(NC(=O)C(C)Cl)ccn1",242.0822054,"Covalent"
"CC(Cl)C(=O)N1CCC(c2nccn2C)C1",241.098189812,"Covalent"
"CC(Cl)C(=O)N1CCOc2ncccc2C1",240.066555336,"Covalent"
"CC1CC(C)(NC(=O)C(C)Cl)CCO1",219.102606496,"Covalent"
"CC(Cl)C(=O)N1CC2C3C=CC(O3)C2C1",227.071306368,"Covalent"
"CC(Cl)C(=O)NCC12CCCC(C1)C(=O)N2",244.097855464,"Covalent"
"O=C(NCc1cc(F)cc(F)c1)C(F)Cl",237.016826184,"Covalent"
"Cc1cc(NC(=O)C(F)Cl)ccc1C(N)=O",244.04148346,"Covalent"
"O=C(NCC(=O)N1CCCC1)C(F)Cl",222.057133524,"Covalent"
"Cc1nn(C)c2c1N(C(=O)C(F)Cl)CCO2",247.052382492,"Covalent"
"N#CC(NC(=O)C(F)Cl)C1CCOC1",220.04148346,"Covalent"
"CCc1cccc(NC(=O)C(F)Cl)c1",215.051319872,"Covalent"
"Cc1nc(CNC(=O)C(F)Cl)c(C)s1",236.01863984,"Covalent"
"CN(CC1(C)CCCO1)C(=O)C(F)Cl",223.07753462,"Covalent"
"O=C(C(F)Cl)N1CC(O)(c2ccccc2)C1",243.046234492,"Covalent"
"NC(=O)c1nc(CNC(=O)C(F)Cl)no1",236.011245952,"Covalent"
"CC(Cl)C(=O)N1CC2C(C1)C2(C)C",201.092041812,"Covalent"
"CC(Cl)C(=O)NCCc1ccnn1C",215.082539748,"Covalent"
"CNC(=O)C1(C)CCN(C(=O)C(C)Cl)C1",232.097855464,"Covalent"
"CC(Cl)C(=O)NC(c1ccco1)C(C)(C)C",243.102606496,"Covalent"
"CC(Cl)C(=O)NCc1ccc2ccoc2c1",237.055656304,"Covalent"
"Cc1ccc(NC(=O)C(F)Cl)c(C)c1",215.051319872,"Covalent"
"COc1cccc(CN(C)C(=O)C(C)Cl)n1",242.0822054,"Covalent"
"CC(Cl)C(=O)N1C[C@@H]2CC[C@H]1c1ccccc12",249.092041812,"Covalent"
"COCC1(NC(=O)C(C)Cl)CC=CCC1",231.102606496,"Covalent"
"Cc1nnnn1CCNC(=O)C(C)Cl",217.07303768399998,"Covalent"
"CC(Cl)C(=O)N[C@H](C)c1cnccn1",213.066889684,"Covalent"
"CC(Cl)C(=O)NC1COc2ccc(F)cc21",243.046234492,"Covalent"
"CC(Cl)C(=O)Nc1cnc2c(c1)COCC2",240.066555336,"Covalent"
"CC(Cl)C(=O)NCC1CCOCO1",207.066220988,"Covalent"
"CC(Cl)C(=O)NC1(C2CC2)CCOCC1",231.102606496,"Covalent"
"CCN(Cc1nccs1)C(=O)C(C)Cl",232.043711716,"Covalent"
"CC(Cl)C(=O)N1CCC12COC2",189.055656304,"Covalent"
"CC(C)(C)c1ccc(NC(=O)C(F)Cl)cc1",243.08262,"Covalent"
"Cn1ccc(CNC(=O)C(F)Cl)n1",205.041817808,"Covalent"
"COC(=O)Cn1ccc(NC(=O)C(F)Cl)n1",249.031647048,"Covalent"
"C=CCN(C)C1CN(C(=O)C(F)Cl)C1",220.077868968,"Covalent"
"CC1c2ccsc2CCN1C(=O)C(F)Cl",247.023390872,"Covalent"
"CCOCC1CCN(C(=O)C(F)Cl)CC1",237.093184684,"Covalent"
"O=C(NCc1cnco1)C(F)Cl",192.010183332,"Covalent"
"Cc1ccc(CNC(=O)C(F)Cl)c(C)c1",229.066969936,"Covalent"
"CC(O)C1CCN(C(=O)C(F)Cl)CC1",223.07753462,"Covalent"
"C[C@H]1CC[C@H](NC(=O)C(F)Cl)CC1",207.08262,"Covalent"
"Cc1nn(CC#N)c(C)c1NC(=O)C(F)Cl",244.05271684,"Covalent"
"C=C(C)C(=O)OCCNC(=O)C(F)Cl",223.041149112,"Covalent"
"CC(Cl)C(=O)NCC1CCCS1",207.048462748,"Covalent"
"CC(Cl)C(=O)N(C)C1CN2CCC1CC2",230.118590908,"Covalent"
"CC(Cl)C(=O)N1CCCCC1c1ncon1",243.077454368,"Covalent"
"CC(Cl)C(=O)N1CCOCC1C(F)(F)F",245.043040932,"Covalent"
"Cc1nnc(C(C)NC(=O)C(C)Cl)s1",233.038960684,"Covalent"
"CC(Cl)C(=O)NCc1nc(N(C)C)no1",232.072703336,"Covalent"
"CC(Cl)C(=O)N1CCCCc2ncccc21",238.08729078,"Covalent"
"CC(Cl)C(=O)N1CCN2CCC1CC2",216.102940844,"Covalent"
"COc1cncc(N(C)C(=O)C(C)Cl)c1",228.066555336,"Covalent"
"CC(Cl)C(=O)NCc1ncoc1C(C)C",230.0822054,"Covalent"
"CCS(=O)(=O)C1CN(C(=O)C(C)Cl)C1",239.038291988,"Covalent"
"CC(Cl)C(=O)Nc1ccc2ncn(C)c2c1",237.066889684,"Covalent"
"CC(Cl)C(=O)NC[C@@H]1CN(C)C(=O)O1",220.061469956,"Covalent"
"CC(C)CC(C#N)NC(=O)C(F)Cl",206.062218904,"Covalent"
"C#Cc1cccc(NC(=O)C(F)Cl)c1",211.020019744,"Covalent"
"O=C1Cc2cc(NC(=O)C(F)Cl)ccc2N1",242.025833396,"Covalent"
"O=C(C(F)Cl)N1CCC[C@H](O)C1",195.046234492,"Covalent"
"O=C(NCC1CCCOC1)C(F)Cl",209.061884556,"Covalent"
"COC1CCN(C(=O)C(F)Cl)C2(CCC2)C1",249.093184684,"Covalent"
"Cc1ccc(NC(=O)C(F)Cl)c(C)c1O",231.046234492,"Covalent"
"O=C(Nc1ccc(Cl)c(F)c1)C(F)Cl",238.97162558,"Covalent"
"O=C(NC1CCOc2ccccc21)C(F)Cl",243.046234492,"Covalent"
"CN1CC(NC(=O)C(F)Cl)CCC1=O",222.057133524,"Covalent"
"CCC(NC(=O)C(F)Cl)(C(N)=O)C(C)C",238.088433652,"Covalent"
"O=C(Nc1ccc(OCCO)cc1)C(F)Cl",247.041149112,"Covalent"
"CCn1ccc(CNC(=O)C(F)Cl)n1",219.057467872,"Covalent"
"CCn1nc(NC(=O)C(F)Cl)cc1C1CC1",245.073117936,"Covalent"
"Cc1ccc(NC(=O)C(F)Cl)c2[nH]ncc12",241.041817808,"Covalent"
"CC(C)c1cccc(NC(=O)C(F)Cl)c1",229.066969936,"Covalent"
"Cc1cc(CNC(=O)C(F)Cl)ccc1F",233.04189806,"Covalent"
"CC(Cl)C(=O)N1CCc2c(nnn2C)C1",228.077788716,"Covalent"
"CC(Cl)C(=O)N(C)C1CCCCNC1=O",232.097855464,"Covalent"
"CC(Cl)C(=O)NCC(C)(O)c1cnn(C)c1",245.093104432,"Covalent"
"Cc1ccc(NC(=O)C(F)Cl)cc1Cl",234.996697456,"Covalent"
"Cc1nc(CCNC(=O)C(C)Cl)c(C)o1",230.0822054,"Covalent"
"Cc1noc(C2CN(C(=O)C(C)Cl)C2)n1",229.061804304,"Covalent"
"CC(Cl)C(=O)NCc1noc2c1CCCC2",242.0822054,"Covalent"
"CC(Cl)C(=O)NC1CCCn2nccc21",227.082539748,"Covalent"
"CC(Cl)C(=O)NCc1cnn2ccccc12",237.066889684,"Covalent"
"CC(Cl)C(=O)NCC(C)c1ncon1",217.061804304,"Covalent"
"CC(Cl)C(=O)NCC1NC(=O)CC1(C)C",232.097855464,"Covalent"
"CC(Cl)C(=O)NC1COCc2ccccc21",239.071306368,"Covalent"
"CC(Cl)C(=O)NCc1noc2ccccc12",238.050905272,"Covalent"
"CC(Cl)C(=O)NC1CCc2cc(C#N)ccc21",248.071640716,"Covalent"
"CC(Cl)C(=O)NC1(c2nnc[nH]2)CCC1",228.077788716,"Covalent"
"CC(Cl)C(=O)N1CC2(CN(C)C(=O)O2)C1",232.061469956,"Covalent"
"CC(Cl)C(=O)N[C@H]1COC[C@H]1n1ccnn1",244.072703336,"Covalent"
"CC(Cl)C(=O)N1CCCOCC1(C)C",219.102606496,"Covalent"
"CC(Cl)C(=O)N1CCOC2CC21",189.055656304,"Covalent"
"O=C(C(F)Cl)N1CCN2C(=O)CCC2C1",234.057133524,"Covalent"
"O=C(NCc1cn2ccccc2n1)C(F)Cl",241.041817808,"Covalent"
"Cc1cncc(NC(=O)C(F)Cl)c1",202.030918776,"Covalent"
"O=C(NC1CCC2CCC1C2)C(F)Cl",219.08262,"Covalent"
"Cc1cccc(CCNC(=O)C(F)Cl)n1",230.062218904,"Covalent"
"COc1ccc(NC(=O)C(F)Cl)cc1OC",247.041149112,"Covalent"
"Cc1n[nH]c(CNC(=O)C(F)Cl)c1C",219.057467872,"Covalent"
"Cc1nc2n(n1)CCCC2NC(=O)C(C)Cl",242.09343877999999,"Covalent"
"COc1ccc(N(C)C(=O)C(C)Cl)cn1",228.066555336,"Covalent"
"CC(Cl)C(=O)NC(C)c1ncn(C)n1",216.077788716,"Covalent"
"CC(Cl)C(=O)N1Cc2ccccc2CO1",225.055656304,"Covalent"
"CCc1nocc1CN(C)C(=O)C(C)Cl",230.0822054,"Covalent"
"CCn1cc(CN(C)C(=O)C(C)Cl)nn1",230.09343877999999,"Covalent"
"CC(Cl)C(=O)NCC1CC12CCOCC2",231.102606496,"Covalent"
"CC(Cl)C(=O)N1CC2CC1CC2(F)F",223.057548124,"Covalent"
"CC(Cl)C(=O)NCc1ccc2cc[nH]c2n1",237.066889684,"Covalent"
"CC(Cl)C(=O)NCc1nnc(C2CC2)o1",229.061804304,"Covalent"
"Cc1ncc(NC(=O)C(C)Cl)c(C2CC2)n1",239.082539748,"Covalent"
"CC(Cl)C(=O)N1CC(COC(F)F)C1",227.052462744,"Covalent"
"CC(Cl)C(=O)N[C@H](C)c1cnnn1C",216.077788716,"Covalent"
"CC(Cl)C(=O)NCc1cnc2nccn2c1",238.062138652,"Covalent"
"CC(Cl)C(=O)N[C@H]1C[C@H](Cn2cncn2)C1",242.09343877999999,"Covalent"
"CC(Cl)C(=O)N1CC(NC(=O)C2CCC2)C1",244.097855464,"Covalent"
"Cc1cncc(CNC(=O)C(F)Cl)c1",216.04656884,"Covalent"
"O=C(NC(c1ncccn1)C1CC1)C(F)Cl",243.057467872,"Covalent"
"CN1CCOC(CNC(=O)C(F)Cl)C1",224.072783588,"Covalent"
"CC(NC(=O)C(F)Cl)c1nccs1",222.002989776,"Covalent"
"Cn1cc(CNC(=O)C(F)Cl)cn1",205.041817808,"Covalent"
"CCC(CC#N)NC(=O)C(F)Cl",192.04656884,"Covalent"
"O=C(NCc1ccc([N+](=O)[O-])cc1)C(F)Cl",246.020748016,"Covalent"
"CSc1ccc(NC(=O)C(F)Cl)cc1",233.007740808,"Covalent"
"CN(C(=O)C(F)Cl)c1cc(C2CC2)[nH]n1",231.057467872,"Covalent"
"O=C(Nc1cnc2cc[nH]n2c1=O)C(F)Cl",244.016331332,"Covalent"
"CC(Cl)C(=O)N(C)CC(=O)N1CCCC1",232.097855464,"Covalent"
"CC(Cl)C(=O)N(Cc1ccsc1)C1CC1",243.048462748,"Covalent"
"Cc1cc(C)n(C2CN(C(=O)C(C)Cl)C2)n1",241.098189812,"Covalent"
"CC(Cl)C(=O)NCC(=O)Nc1cn[nH]c1",230.057053272,"Covalent"
"CCC1(CNC(=O)C(C)Cl)COC1",205.086956432,"Covalent"
"CC(Cl)C(=O)N1CCOC(C)(C(F)F)C1",241.068112808,"Covalent"
"CC(Cl)C(=O)NCC12CC(C)(CO1)C2",217.086956432,"Covalent"
"CC(Cl)C(=O)N1CCN2C(=O)OCC2(C)C1",246.07712002,"Covalent"
"CC(Cl)C(=O)NC1CC(C)(C)OC1(C)C",233.11825656,"Covalent"
"CC(Cl)C(=O)NCC1CC(C(N)=O)=NO1",233.056718924,"Covalent"
"CC(Cl)C(=O)NC(C)(C)c1ncon1",217.061804304,"Covalent"
"CC(Cl)C(=O)N1CCC(=O)N2CCCC21",230.0822054,"Covalent"
"CC(Cl)C(=O)N1CC2(C=CCO2)C1",201.055656304,"Covalent"
"CC(Cl)C(=O)N1CC2CCCC(=O)NC2C1",244.097855464,"Covalent"
"CC(NC(=O)C(F)Cl)c1nnnn1C1CC1",247.06361587199999,"Covalent"
"CN(Cc1ccccc1)C(=O)C(F)Cl",215.051319872,"Covalent"
"COC(=O)C1(NC(=O)C(F)Cl)CCCC1",237.056799176,"Covalent"
"NC(=O)c1ccccc1NC(=O)C(F)Cl",230.025833396,"Covalent"
"Cc1cccc(CCNC(=O)C(F)Cl)c1",229.066969936,"Covalent"
"CC(C)(C)CN(CCC#N)C(=O)C(F)Cl",234.093519032,"Covalent"
"COCCN(Cc1ccco1)C(=O)C(F)Cl",249.056799176,"Covalent"
"O=C(C(F)Cl)N1CCc2[nH]c(=O)ccc2C1",244.04148346,"Covalent"
"Cc1csc(N(C(=O)C(F)Cl)C2CC2)n1",248.01863984,"Covalent"
"Cc1c(NC(=O)C(F)Cl)ccc2nccn12",241.041817808,"Covalent"
"CC(Cl)C(=O)NC(C)(C)c1nccs1",232.043711716,"Covalent"
"CC(Cl)C(=O)NCCN1CCCCCC1=O",246.113505528,"Covalent"
"CC(Cl)C(=O)N(C)Cc1cc(Cl)cn1C",248.048318428,"Covalent"
"CCNC(=O)N1CCC(NC(=O)C(C)Cl)C1",247.108754496,"Covalent"
"COC1C2CC3CN(C(=O)C(C)Cl)C1C3C2",243.102606496,"Covalent"
"CC(Cl)C(=O)NCc1ncnn1C(C)C",230.09343877999999,"Covalent"
"CC(Cl)C(=O)N(C)Cc1noc(C2CC2)n1",243.077454368,"Covalent"
"CC(Cl)C(=O)NC(C)(C)C(=O)N1CCCC1",246.113505528,"Covalent"
"CC(C)CC1CC(NC(=O)C(C)Cl)CCO1",247.133906624,"Covalent"
"Cc1noc(C)c1C(C)CNC(=O)C(C)Cl",244.097855464,"Covalent"
"CC(Cl)C(=O)N1CC[C@@H]2COC(=O)N[C@H]2C1",246.07712002,"Covalent"
"CC1CC(NC(=O)C(C)Cl)=NO1",190.050905272,"Covalent"
"CCNC(=O)CNC(=O)C(F)Cl",196.04148346,"Covalent"
"O=C(NCc1nnc2cccnn12)C(F)Cl",243.032315744,"Covalent"
"O=C(Nc1ccc(Cl)nc1)C(F)Cl",221.97629636,"Covalent"
"O=C(NCC(CO)CC1CC1)C(F)Cl",223.07753462,"Covalent"
"COC(=O)CCN(CC#N)C(=O)C(F)Cl",236.03639808,"Covalent"
"CN(C(=O)C(F)Cl)c1nn(C)cc1Cl",239.002845456,"Covalent"
"O=C(Nc1nc2c([nH]1)CCCC2)C(F)Cl",231.057467872,"Covalent"
"C=CS(=O)(=O)Nc1ccccc1COC",227.061614276,"Covalent"
"C=CS(=O)(=O)N1CCOCC1(C)C1CC1",231.092914404,"Covalent"
"C=CS(=O)(=O)N1CCCCC12CCOC2",231.092914404,"Covalent"
"C=CS(=O)(=O)NC1CCC(OC(C)C)CC1",247.124214532,"Covalent"
"C=CS(=O)(=O)NC1CCOC(C(C)(C)C)C1",247.124214532,"Covalent"
"C=CS(=O)(=O)NCc1cc(C)n(C)n1",215.072847656,"Covalent"
"C=CS(=O)(=O)N1CCC(F)(F)C(F)C1",229.03843422,"Covalent"
"C=CS(=O)(=O)NCC1(c2ccon2)CC1",228.056863244,"Covalent"
"C=CS(=O)(=O)Nc1ccc(Cl)c(CO)c1",247.00699186,"Covalent"
"C=CS(=O)(=O)NCc1ccn(CC)n1",215.072847656,"Covalent"
"C=CS(=O)(=O)Nc1cc2cn[nH]c2cc1C",237.057197592,"Covalent"
"C=CS(=O)(=O)N1C[C@@H](OC)C[C@H]1COC",235.087829024,"Covalent"
"C=CS(=O)(=O)NC1CCCC12CCOCC2",245.108564468,"Covalent"
"C=CS(=O)(=O)NC1CN(c2ccccc2)C1",238.077598688,"Covalent"
"C=CS(=O)(=O)N1CCC=Cc2ccccc21",235.066699656,"Covalent"
"C=CS(=O)(=O)NCc1cc2c(s1)CCC2",243.038770656,"Covalent"
"C=CS(=O)(=O)Nc1cccc(C(F)F)c1",233.032205968,"Covalent"
"C=CS(=O)(=O)NCCC1CCCN(C)C1",232.12454888,"Covalent"
"C=CS(=O)(=O)NC1CCC12CCOCC2",231.092914404,"Covalent"
"C=CS(=O)(=O)NCCc1cc(CC)no1",230.072513308,"Covalent"
"C=CS(=O)(=O)N1CC(F)(c2ccccn2)C1",242.052526812,"Covalent"
"C=CS(=O)(=O)Nc1cccc2c1cnn2C",237.057197592,"Covalent"
"C=CS(=O)(=O)N1Cc2ccc(C#N)cc2C1",234.04629856,"Covalent"
"C=CS(=O)(=O)N[C@H]1C[C@@H](C(C)(C)C)NC1=O",246.103813436,"Covalent"
"C=CS(=O)(=O)Nc1ccccc1OCCF",245.052192464,"Covalent"
"C=CS(=O)(=O)NCC(CC)n1cccn1",229.08849772,"Covalent"
"C=CS(=O)(=O)N[C@H]1CC[C@@H](C(=O)OC)C1",233.07217896,"Covalent"
"C=CS(=O)(=O)NC(C)C(C)n1cc(C)cn1",243.104147784,"Covalent"
"C=CS(=O)(=O)N(CC)Cc1cnn(CC)c1",243.104147784,"Covalent"
"C=CS(=O)(=O)N1CCCC1C1CCCCC1",243.129299912,"Covalent"
"C=CS(=O)(=O)N1CCC(OC)C(C)C1",219.092914404,"Covalent"
"C=CS(=O)(=O)NC(C)C(=O)N1CCCC1",232.088163372,"Covalent"
"C=CS(=O)(=O)Nc1cccc(C2(C)CC2)c1",237.08234972,"Covalent"
"C=CS(=O)(=O)NC(C)C12CC(CO1)C2",217.07726434,"Covalent"
"C=CS(=O)(=O)N1CCOCC(C(C)C)C1",233.108564468,"Covalent"
"C=CS(=O)(=O)Nc1ccc(C2CC2)cc1C",237.08234972,"Covalent"
"C=CS(=O)(=O)NC1CCCc2ncccc21",238.077598688,"Covalent"
"C=CS(=O)(=O)N1CC(C)(C)CC1C(=O)OC",247.087829024,"Covalent"
"C=CS(=O)(=O)N1CCC(OC2CCC2)CC1",245.108564468,"Covalent"
"C=CS(=O)(=O)N(C)[C@H]1C[C@@H](OC)C1",205.07726434,"Covalent"
"C=CS(=O)(=O)N1CCCC(O)(COC)C1",235.087829024,"Covalent"
"C=CS(=O)(=O)Nc1ccc2c(c1)COCC2",239.061614276,"Covalent"
"C=CS(=O)(=O)Nc1ccc(Cl)cc1OC",247.00699186,"Covalent"
"C=CS(=O)(=O)N1CCC(Cn2cccn2)C1",241.08849772,"Covalent"
"C=CS(=O)(=O)NCC(c1ccon1)C1CC1",242.072513308,"Covalent"
"C=CS(=O)(=O)NCc1cncc(OCC)n1",243.067762276,"Covalent"
"C=CS(=O)(=O)Nc1c(C)noc1CC",216.056863244,"Covalent"
"C=CS(=O)(=O)NC1(C(=O)OC)CCOC1",235.051443516,"Covalent"
"C=CS(=O)(=O)NCC(F)c1ccccc1",229.057277844,"Covalent"
"C=CS(=O)(=O)NCc1ccc(CO)c(F)c1",245.052192464,"Covalent"
"C=CS(=O)(=O)N1[C@@H]2CC[C@@H](C2)[C@H]1C(=O)NC",244.088163372,"Covalent"
"C=CS(=O)(=O)Nc1ccc(F)cc1C",215.04162778,"Covalent"
"C=CS(=O)(=O)Nc1cc(Cl)ccc1C",231.01207724,"Covalent"
"C=CS(=O)(=O)N(C)Cc1cncn1C1CC1",241.08849772,"Covalent"
"C=CS(=O)(=O)N1CCNC(=O)C1C",204.056863244,"Covalent"
"C=CS(=O)(=O)Nc1ccc(C)cc1OCC",241.07726434,"Covalent"
"C=CS(=O)(=O)N[C@@H]1COC[C@H]1F",195.0365424,"Covalent"
"C=CS(=O)(=O)N1c2ccccc2C(C)C1C",237.08234972,"Covalent"
"C=CS(=O)(=O)N1CCOC2(CCOC2C)C1",247.087829024,"Covalent"
"C=CS(=O)(=O)N1CCC(N2CCCC2)C1C",244.12454888,"Covalent"
"C=CS(=O)(=O)Nc1ccc(Cl)cc1O",232.991341796,"Covalent"
"C=CS(=O)(=O)N1CCc2cccc(OC)c21",239.061614276,"Covalent"
"C=CS(=O)(=O)Nc1cc2c(cc1C)OCO2",241.040878832,"Covalent"
"C=CS(=O)(=O)Nc1c(OC)noc1C",218.0361278,"Covalent"
"C=CS(=O)(=O)Nc1ccc(F)cc1COC",245.052192464,"Covalent"
"C=CS(=O)(=O)NC(C)c1ccc(C)cn1",226.077598688,"Covalent"
"C=CS(=O)(=O)NCc1nccc(OC)n1",229.052112212,"Covalent"
"C=CS(=O)(=O)N1CCCC12CCOC2",217.07726434,"Covalent"
"C=CS(=O)(=O)N(CC)c1cccc(F)c1",229.057277844,"Covalent"
"C=CS(=O)(=O)Nc1cscc1C",203.007470528,"Covalent"
"C=CS(=O)(=O)NC1CN(C(=O)C2CC2)C1",230.072513308,"Covalent"
"C=CS(=O)(=O)N1CCC[C@H](CO)C1",205.07726434,"Covalent"
"C=CS(=O)(=O)NC(C)(CO)C1CCC1",219.092914404,"Covalent"
"C=CS(=O)(=O)Nc1ccc2occc2c1",223.030314148,"Covalent"
"C=CS(=O)(=O)N(CC)c1ccc(Cl)cc1",245.027727304,"Covalent"
"C=CS(=O)(=O)N1C[C@@H](F)C[C@H]1C(=O)OC",237.047107084,"Covalent"
"C=CS(=O)(=O)NC(C)c1nnnn1C1CC1",243.078995656,"Covalent"
"C=CS(=O)(=O)Nc1ccc(OC)cc1OC",243.056528896,"Covalent"
"C=CS(=O)(=O)NCC1CCN(C(C)C)C1",232.12454888,"Covalent"
"C=CS(=O)(=O)Nc1cccc2ccsc12",239.007470528,"Covalent"
"C=CS(=O)(=O)N1CC[C@@H](OC)C1",191.061614276,"Covalent"
"C=CS(=O)(=O)NC(C1CCCC1)C1CCC1",243.129299912,"Covalent"
"C=CS(=O)(=O)NCC(C)c1cnn(C)c1",229.08849772,"Covalent"
"C=CS(=O)(=O)NCC1CC2(CCC2)CO1",231.092914404,"Covalent"
"C=CS(=O)(=O)N1CCc2nc(C)ncc2C1",239.072847656,"Covalent"
"C=CS(=O)(=O)NCc1snnc1C1CC1",245.029268592,"Covalent"
"C=CS(=O)(=O)Nc1cccc2sccc12",239.007470528,"Covalent"
"C=CS(=O)(=O)N1CCn2ncc(C)c2C1",227.072847656,"Covalent"
"C#CC1CC2CCC1N(S(=O)(=O)C=C)C2",225.08234972,"Covalent"
"C=CS(=O)(=O)N(C)[C@H](CF)c1ccccc1",243.072927908,"Covalent"
"C=CS(=O)(=O)N1CC[C@H](F)[C@H](F)C1",211.047856032,"Covalent"
"C=CS(=O)(=O)Nc1ccc(C(C)C)c(F)c1",243.072927908,"Covalent"
"C=CS(=O)(=O)N1CCCN(CC)C(=O)C1",232.088163372,"Covalent"
"C=CS(=O)(=O)NCc1ccc(F)nc1F",234.027454936,"Covalent"
"C=CS(=O)(=O)N1CC[C@H](C)O[C@H](C)C1",219.092914404,"Covalent"
"C=CS(=O)(=O)N1CCc2nnnn2CC1",229.063345592,"Covalent"
"C=CS(=O)(=O)N1CCO[C@H]2CCC[C@H]21",217.07726434,"Covalent"
"C=CS(=O)(=O)NCC1(N(C)C)CC1",204.093248752,"Covalent"
"C=CS(=O)(=O)NCC(C)(C)c1ccncc1",240.093248752,"Covalent"
"C=CS(=O)(=O)NCC1(C(C)(F)F)CCC1",239.07915616,"Covalent"
"C=CS(=O)(=O)NCC(C)Cc1cnn(C)c1",243.104147784,"Covalent"
"C=CS(=O)(=O)N1CCc2ccc(OC)cc21",239.061614276,"Covalent"
"C=CS(=O)(=O)NC(CC)Cn1cncn1",230.083746688,"Covalent"
"C=CS(=O)(=O)N1CC2(C)CC1CCO2",217.07726434,"Covalent"
"C=CS(=O)(=O)NCC(C)N1CCCCC1=O",246.103813436,"Covalent"
"C=CS(=O)(=O)N[C@H]1COC[C@H]1n1ccnn1",244.063011244,"Covalent"
"C=CS(=O)(=O)N1Cc2ccc(F)cc2C1",227.04162778,"Covalent"
"O=C(CCl)NCC1CC1",147.04509162,"Covalent"
"CC(NC(=O)CCl)C1CC1",161.060741684,"Covalent"
"Cc1nnc(NC(=O)CCl)s1",190.992010492,"Covalent"
"Cc1cc(NC(=O)CCl)on1",174.019605144,"Covalent"
"Cc1noc(NC(=O)CCl)n1",175.014854112,"Covalent"
"CN(C(=O)CCl)c1nccs1",189.996761524,"Covalent"
"O=C(CCl)Nc1ccc(O)cc1",185.024356176,"Covalent"
"O=C(CCl)NC(=O)c1ccco1",187.003620732,"Covalent"
"CC(NC(=O)CCl)c1ccco1",187.04000624,"Covalent"
"O=C(CCl)N1CCS(=O)(=O)CC1",211.00699186,"Covalent"
"Cc1ccc(F)c(NC(=O)CCl)c1",201.035669808,"Covalent"
"O=C(CCl)Nc1nnc(C2CC2)o1",201.030504176,"Covalent"
"CC(c1cccs1)N(C)C(=O)CCl",217.032812684,"Covalent"
"C[C@@H](NC(=O)CCl)c1ccccc1",197.060741684,"Covalent"
"CC(C)[C@H]1COC(=O)N1C(=O)CCl",205.050570924,"Covalent"
"Cc1cnc(C(C)NC(=O)CCl)o1",202.050905272,"Covalent"
"CC(NC(=O)CCl)c1cnn(C)c1",201.066889684,"Covalent"
"CN(Cc1cccc(Cl)c1)C(=O)CCl",231.021769332,"Covalent"
"O=C(CCl)NCCc1ccccc1F",215.051319872,"Covalent"
"O=C(CCl)NC1CCN(C2CC2)CC1",216.102940844,"Covalent"
"O=C(CCl)N1CCCc2ncccc21",210.055990652,"Covalent"
"O=C(CCl)N(CC1CCOC1)C1CC1",217.086956432,"Covalent"
"N#Cc1c(NC(=O)CCl)sc2c1CCC2",240.012411588,"Covalent"
"CCN(Cc1cccc(F)c1)C(=O)CCl",229.066969936,"Covalent"
"O=C(CCl)Nc1ccc(Cl)cc1C(=O)O",246.980298444,"Covalent"
"O=C(CCl)Nc1cc2c(cc1Cl)OCO2",246.980298444,"Covalent"
"CCC(NC(=O)CCl)c1ccc(Cl)cc1",245.037419396,"Covalent"
"O=C(CCl)NCC1(c2ccccc2)CC1",223.076391748,"Covalent"
"O=C(CCl)N1CCCc2cccc(F)c21",227.051319872,"Covalent"
"O=C(CCl)Nc1cnc2ccccc2c1",220.040340588,"Covalent"
"COCc1cccc(CNC(=O)CCl)c1",227.071306368,"Covalent"
"CC(C)(CNC(=O)CCl)c1ccccc1",225.092041812,"Covalent"
"CC(c1ccc(Cl)cc1)N(C)C(=O)CCl",245.037419396,"Covalent"
"CC(C)CN1CCOC(CNC(=O)CCl)C1",248.129155592,"Covalent"
"O=C(CCl)N1CCN(c2ccccc2)CC1",238.08729078,"Covalent"
"CC(C)C(C#N)N1CCN(C(=O)CCl)CC1",243.113839876,"Covalent"
"CC(NC(=O)CCl)c1cc2ccccc2o1",237.055656304,"Covalent"
"O=C(CCl)N1CCCc2cc(F)cc(F)c21",245.04189806,"Covalent"
"Cc1ccc(CN(C(=O)CCl)C2CC2)cc1",237.092041812,"Covalent"
"O=C(CCl)Nc1ccc2c(c1)NC(=O)CO2",240.030169828,"Covalent"
"CC1=CC(C)(C)N(C(=O)CCl)c2ccccc21",249.092041812,"Covalent"
"O=C(CCl)NCCC(=O)N1CCCCCC1",246.113505528,"Covalent"
"O=C(CCl)N1CCC(OC2CCOC2)CC1",247.097521116,"Covalent"
"O=C(CCl)NCc1cc2ccccc2[nH]1",222.055990652,"Covalent"
"O=C(CCl)Nc1cnc2ccccc2n1",221.035589556,"Covalent"
"CN(C)C(=O)COC1CN(C(=O)CCl)C1",234.07712002,"Covalent"
"CCC(NC(=O)CCl)c1ccccc1O",227.071306368,"Covalent"
"O=C(CCl)N1CCCSc2ccccc21",241.032812684,"Covalent"
"COC1(C(C)NC(=O)CCl)CCOCC1",235.097521116,"Covalent"
"CC(C)(NC(=O)CCl)C(=O)N1CCCC1",232.097855464,"Covalent"
"CN1CC(CCNC(=O)CCl)CC1=O",218.0822054,"Covalent"
"COc1cc(C(C)NC(=O)CCl)sn1",234.022976272,"Covalent"
"O=C(CCl)NC/C=C/c1ccccc1",209.060741684,"Covalent"
"C=CC(NC(=O)CCl)C1CCOCC1",217.086956432,"Covalent"
"O=C(CCl)N1CCOC2(CCC2)CC1",217.086956432,"Covalent"
"Cn1nccc1CN(C(=O)CCl)C1CC1",227.082539748,"Covalent"
"O=C1CCC2CN(C(=O)CCl)CC2N1",216.066555336,"Covalent"
"O=C(CCl)NCc1ncoc1C(F)(F)F",242.006989772,"Covalent"
"O=C(CCl)NC1CCNC(=O)c2[nH]ccc21",241.061804304,"Covalent"
"CC(C)N(C(=O)CCl)C1CCCCCC1",231.138992004,"Covalent"
"CC(C)N(C(=O)CCl)C(C)c1ccsc1",245.064112812,"Covalent"
"O=C(CCl)NCC12CC=CC(C1)OC2",215.071306368,"Covalent"
"O=C(CCl)N1C[C@H]2CCC[C@H]2C12CC2",213.092041812,"Covalent"
"CC(C)[C@H]1CCO[C@H]1CNC(=O)CCl",219.102606496,"Covalent"
"O=C(CCl)Nc1ccc2[nH]ncc2c1Cl",242.996617204,"Covalent"
"CCOC1CCN(C(=O)CCl)CC1(C)C",233.11825656,"Covalent"
"COc1ccnc(CNC(=O)CCl)n1",215.04615424,"Covalent"
"O=C(CCl)NCC#CC1CCCCO1",215.071306368,"Covalent"
"CN(C)C(=O)CC1CCN(C(=O)CCl)CC1",246.113505528,"Covalent"
"O=C(CCl)N1CC=C(c2ccccc2F)C1",239.051319872,"Covalent"
"C[C@H]1CN(C(=O)CCl)Cc2cccn21",212.071640716,"Covalent"
"O=C(CCl)NC1CCc2sccc2C1=O",243.01207724,"Covalent"
"C#CC(NC(=O)CCl)C1CCc2ccccc21",247.076391748,"Covalent"
"O=C(CCl)NC1CC(O)C1n1cccn1",229.061804304,"Covalent"
"O=C(CCl)NCc1coc(Cl)n1",207.980632792,"Covalent"
"O=C(CCl)N[C@H]1C[C@H](c2ccccc2)C1",223.076391748,"Covalent"
"O=C(CCl)NC1CCn2cccc2C1",212.071640716,"Covalent"
"CCC(NC(=O)CCl)c1cccc(OC)n1",242.0822054,"Covalent"
"Cn1nccc1C1(CNC(=O)CCl)CC1",227.082539748,"Covalent"
"O=C(CCl)Nc1ccccn1",170.024690524,"Covalent"
"Cc1cc(NC(=O)CCl)[nH]n1",173.035589556,"Covalent"
"O=C(CCl)NCc1cccnc1",184.040340588,"Covalent"
"CCC1CN(C(=O)CCl)CCO1",191.071306368,"Covalent"
"O=C(CCl)NCc1cnccn1",185.035589556,"Covalent"
"N#CC1CN(C(=O)CCl)CCO1",188.035255208,"Covalent"
"O=C(CCl)Nc1nccc(Cl)n1",204.98096714,"Covalent"
"Cc1nonc1CNC(=O)CCl",189.030504176,"Covalent"
"O=C(CCl)Nc1cc(F)cc(F)c1",205.010597932,"Covalent"
"NC(=O)C1CCCN(C(=O)CCl)C1",204.066555336,"Covalent"
"O=C(CCl)NCCc1ccccn1",198.055990652,"Covalent"
"CCc1ccc(CNC(=O)CCl)s1",217.032812684,"Covalent"
"Cc1cccc(CNC(=O)CCl)c1",197.060741684,"Covalent"
"O=C(CCl)N1Cc2ccccc2C1",195.04509162,"Covalent"
"CCSc1nnc(NC(=O)CCl)s1",236.979731556,"Covalent"
"CC(C)c1cc(NC(=O)CCl)[nH]n1",201.066889684,"Covalent"
"CC(C)Cc1nnc(NC(=O)CCl)s1",233.038960684,"Covalent"
"O=C(CCl)N1CCCC2CCCCC21",215.107691876,"Covalent"
"CS(=O)(=O)N1CCN(C(=O)CCl)CC1",240.033540956,"Covalent"
"O=C(CCl)NCCN1C(=O)CSC1=O",236.002240828,"Covalent"
"O=C(CCl)NCCc1cccc(Cl)c1",231.021769332,"Covalent"
"Cc1cccc(CN(C)C(=O)CCl)c1",211.076391748,"Covalent"
"O=C(CCl)N(Cc1cccs1)C1CC1",229.032812684,"Covalent"
"O=C(CCl)N1CCCC1c1ccsc1",229.032812684,"Covalent"
"CC(C)(C)c1nnc(NC(=O)CCl)s1",233.038960684,"Covalent"
"O=C(CCl)NC(=O)NCCc1cccs1",246.022976272,"Covalent"
"O=C(CCl)NC(c1ccccc1)C1CC1",223.076391748,"Covalent"
"Cc1ccc(NC(=O)NC(=O)CCl)cc1",226.050905272,"Covalent"
"O=C(CCl)N1CCCC1c1ccccc1",223.076391748,"Covalent"
"O=C(CCl)N1CCCCc2ccccc21",223.076391748,"Covalent"
"O=C(CCl)Nc1nc(-c2ccco2)cs1",241.991676144,"Covalent"
"CN(C(=O)CCl)c1nc2ccccc2s1",240.012411588,"Covalent"
"O=C(CCl)NC1(c2ccccc2)CCC1",223.076391748,"Covalent"
"CC(C)N(C(=O)CCl)c1ccc(Cl)cc1",245.037419396,"Covalent"
"CN(C(=O)CCl)C1CCCc2ccccc21",237.092041812,"Covalent"
"O=C(CCl)N1CCN(c2ccccn2)CC1",239.082539748,"Covalent"
"O=C(CCl)N1CCN(c2cnccn2)CC1",240.077788716,"Covalent"
"O=C(CCl)NCC1(c2ccccc2)CCC1",237.092041812,"Covalent"
"Cc1cccc(CN(C(=O)CCl)C(C)C)c1",239.107691876,"Covalent"
"C#Cc1cccc(NC(=O)NC(=O)CCl)c1",236.035255208,"Covalent"
"C#CCN(CC1CCCO1)C(=O)CCl",215.071306368,"Covalent"
"C#CCN(Cc1ccc(C)cc1)C(=O)CCl",235.076391748,"Covalent"
"CC(C)N(C(=O)CCl)C1CCOCC1",219.102606496,"Covalent"
"CCc1nc(C2CCCN2C(=O)CCl)no1",243.077454368,"Covalent"
"CC#CCN(C(=O)CCl)C1CCCC1",213.092041812,"Covalent"
"CCc1ncc(CN(C)C(=O)CCl)s1",232.043711716,"Covalent"
"Cc1ccccc1OC(C)CNC(=O)CCl",241.086956432,"Covalent"
"CC(=O)NCC1CN(C(=O)CCl)CCO1",234.07712002,"Covalent"
"O=C(CCl)NCc1nnnn1C1CC1",215.05738762,"Covalent"
"CC1Cc2ccc(F)cc2C1NC(=O)CCl",241.066969936,"Covalent"
"CC1CCCC1(NC(=O)CCl)C(N)=O",218.0822054,"Covalent"
"CCN(Cc1cn(C)nn1)C(=O)CCl",216.077788716,"Covalent"
"CN(Cc1cc(C(C)(C)C)[nH]n1)C(=O)CCl",243.113839876,"Covalent"
"O=C(CCl)NCc1nccc(C(F)F)n1",235.032395996,"Covalent"
"CN(Cc1noc(C2CC2)n1)C(=O)CCl",229.061804304,"Covalent"
"CC(c1cnn(C)c1)N(C)C(=O)CCl",215.082539748,"Covalent"
"O=C(CCl)NCC1(C2(O)CCOCC2)CC1",247.097521116,"Covalent"
"O=C(CCl)N[C@]12C[C@H]1COC21CCC1",215.071306368,"Covalent"
"C[C@]12CN(C(=O)CCl)C[C@H]1[C@H]1C=C[C@@H]2C1",225.092041812,"Covalent"
"O=C(CCl)NCC1CC(F)(F)CO1",213.03681268,"Covalent"
"COc1cc(CNC(=O)CCl)on1",204.030169828,"Covalent"
"N#Cc1ccc2c(c1)CCN2C(=O)CCl",220.040340588,"Covalent"
"O=C(CCl)NC1CN(C(=O)C2CC2)C1",216.066555336,"Covalent"
"O=C(CCl)NCc1ccnn1C1CC1(F)F",249.04804606,"Covalent"
"CC(C)c1cn[nH]c1CNC(=O)CCl",215.082539748,"Covalent"
"CN1CCN(C(=O)CCl)c2c(F)cccc21",242.062218904,"Covalent"
"CC(C)N(C(=O)CCl)C1CCCCC1O",233.11825656,"Covalent"
"COCC1CCOCCN1C(=O)CCl",221.081871052,"Covalent"
"O=C(CCl)NC12CC(CO)(C1)OC21COC1",247.061135608,"Covalent"
"CC1OC2(CO)CC1(NC(=O)CCl)C2",219.066220988,"Covalent"
"COCC(=O)N1CC(CNC(=O)CCl)C1",234.07712002,"Covalent"
"CCN(C(=O)CCl)c1ccc2[nH]ccc2c1",236.071640716,"Covalent"
"O=C(CCl)NCC(=O)c1ncccc1Cl",245.996282856,"Covalent"
"CC(C)(C)N(C(=O)CCl)[C@@H]1COC[C@H]1O",235.097521116,"Covalent"
"O=C(CCl)NCC12CCCC(CO)(CO1)C2",247.097521116,"Covalent"
"Cc1nccc(C(C)NC(=O)CCl)n1",213.066889684,"Covalent"
"O=C(CCl)NC1CC2(CNC(=O)O2)C1",218.045819892,"Covalent"
"O=C(CCl)NCC1CCC(C(F)(F)F)C1",243.063776376,"Covalent"
"CC(C)CC1COCCC1NC(=O)CCl",233.11825656,"Covalent"
"CC1CCCC1N(CCO)C(=O)CCl",219.102606496,"Covalent"
"CC(NC(=O)CCl)c1cc(F)cc(Cl)c1",249.01234752,"Covalent"
"CN(CC1CC1)C(=O)CCl",161.060741684,"Covalent"
"O=C(CCl)N1CCNCC1",162.055990652,"Covalent"
"Cc1nnc(NC(=O)CCl)o1",175.014854112,"Covalent"
"O=C(CCl)NC1CCOCC1",177.055656304,"Covalent"
"O=C(CCl)NC1CCSC1=O",192.996427176,"Covalent"
"CC1(C)CCCN1C(=O)CCl",175.076391748,"Covalent"
"CN(Cc1ccco1)C(=O)CCl",187.04000624,"Covalent"
"Cc1n[nH]c(C)c1NC(=O)CCl",187.05123962,"Covalent"
"Cc1ccsc1CNC(=O)CCl",203.01716262,"Covalent"
"O=C(CCl)NCC1CCOCC1",191.071306368,"Covalent"
"O=C(CCl)N1CC2CCC(C1)O2",189.055656304,"Covalent"
"O=C(CCl)N1CCc2sccc2C1",215.01716262,"Covalent"
"O=C(CCl)NCC(=O)N1CCCC1",204.066555336,"Covalent"
"CCc1nc(NC(=O)CCl)sc1C",218.028061652,"Covalent"
"CC(C)c1nnc(NC(=O)CCl)s1",219.02331062,"Covalent"
"O=C(CCl)Nc1nc2c(s1)CCC2",216.012411588,"Covalent"
"O=C(CCl)NCC(=O)c1cccs1",216.996427176,"Covalent"
"Cc1cc(=O)[nH]c(NC(=O)CCl)n1",201.030504176,"Covalent"
"COc1cc(=O)[nH]c(NC(=O)CCl)n1",217.025418796,"Covalent"
"CC(=O)N1CCC(NC(=O)CCl)CC1",218.0822054,"Covalent"
"COC(=O)c1sccc1NC(=O)CCl",232.991341796,"Covalent"
"N#CCCN(Cc1ccco1)C(=O)CCl",226.050905272,"Covalent"
"O=C(CCl)Nc1cc(F)ccc1C(=O)O",231.009848984,"Covalent"
"CC1(C)CC(=O)CC(C)(C)N1C(=O)CCl",231.102606496,"Covalent"
"CSc1ccc(CN(C)C(=O)CCl)cc1",243.048462748,"Covalent"
"O=C(CCl)NCC1Cc2ccccc2O1",225.055656304,"Covalent"
"COC(=O)C1(NC(=O)CCl)CCCCC1",233.081871052,"Covalent"
"CNC(=O)Cn1cc(NC(=O)CCl)cn1",230.057053272,"Covalent"
"O=C(CCl)NCC(=O)c1ccccc1F",229.030584428,"Covalent"
"COC(=O)c1ccccc1N(C)C(=O)CCl",241.050570924,"Covalent"
"O=C(CCl)N1CCN(Cc2ccco2)CC1",242.0822054,"Covalent"
"CNC(=O)C(NC(=O)CCl)c1ccccc1",240.066555336,"Covalent"
"O=C(CCl)Nc1oncc1-c1ccccc1",236.035255208,"Covalent"
"O=C(CCl)NCCc1cccc2cccnc12",248.071640716,"Covalent"
"CCC(C)(NC(=O)CCl)c1nccs1",232.043711716,"Covalent"
"Cc1ncc2c(n1)CCN(C(=O)CCl)C2",225.066889684,"Covalent"
"CC(C)(C)c1nc(CNC(=O)CCl)cs1",246.05936178,"Covalent"
"Cc1csc(C(NC(=O)CCl)C2CC2)n1",244.043711716,"Covalent"
"O=C(CCl)NC1CCOC2(CCCCC2)C1",245.11825656,"Covalent"
"O=C(CCl)N1CCSC2COCCC21",235.043377368,"Covalent"
"CC(NC(=O)CCl)C(=O)N1CCCCC1C",246.113505528,"Covalent"
"CC(CC1CCOCC1)NC(=O)CCl",219.102606496,"Covalent"
"CN(CCc1ccc(C#N)cc1)C(=O)CCl",236.071640716,"Covalent"
"CCC(NC(=O)CCl)c1c(C)noc1C",230.0822054,"Covalent"
"CN(Cc1cnc(N(C)C)nc1)C(=O)CCl",242.09343877999999,"Covalent"
"O=C(CCl)NCc1cnc(C2CC2)o1",214.050905272,"Covalent"
"O=C(CCl)N1CC(O)(C(F)F)C1",199.021162616,"Covalent"
"O=C(CCl)NC1CC(=O)N(CC2CC2)C1",230.0822054,"Covalent"
"O=C(CCl)NC[C@H]1C=C[C@@H]2C[C@H]1CO2",215.071306368,"Covalent"
"O=C1NC[C@@H]2[C@H]1CCCN2C(=O)CCl",216.066555336,"Covalent"
"O=C(CCl)N1C[C@H]2CCC(F)(F)[C@H]2C1",223.057548124,"Covalent"
"COCC1(CNC(=O)CCl)CCCO1",221.081871052,"Covalent"
"Cn1cc(CCNC(=O)CCl)nn1",202.062138652,"Covalent"
"O=C(CCl)NCCC1COCCO1",207.066220988,"Covalent"
"O=C(CCl)NC1CCOc2ccccc2C1",239.071306368,"Covalent"
"O=C(CCl)NC1(C2CCCO2)CCOCC1",247.097521116,"Covalent"
"O=C(CCl)NC[C@]12CCC[C@H]1CCO2",217.086956432,"Covalent"
"O=C(CCl)NCC1CCC(F)(F)C(=O)N1",240.047711712,"Covalent"
"O=C(CCl)NCC1CC2(CCOC2)C1",217.086956432,"Covalent"
"O=C(CCl)N1CC2CC1C(F)(F)C2",209.04189806,"Covalent"
"C=C1CCN(C(=O)CCl)C2(CC2)C1",199.076391748,"Covalent"
"Cc1nc(CN(C(=O)CCl)C(C)C)no1",231.077454368,"Covalent"
"O=C(CCl)N1CCCC2(C=CCO2)CC1",229.086956432,"Covalent"
"O=C(CCl)NCC1CCCc2nccn21",227.082539748,"Covalent"
"CC1=NOC(C)(CNC(=O)CCl)C1",204.066555336,"Covalent"
"O=C(CCl)N[C@H]1CO[C@@H]2COC[C@H]12",205.050570924,"Covalent"
"O=C(CCl)NCC1(CF)CC12CCOCC2",249.093184684,"Covalent"
"O=C(CCl)NCCn1nnc2ccccc21",238.062138652,"Covalent"
"O=C(CCl)N1CC(F)(F)CC2(CCC2)C1",237.073198188,"Covalent"
"O=C(CCl)N1CCN([C@@H]2COC[C@H]2O)CC1",248.092770084,"Covalent"
"CCn1cccc(CNC(=O)CCl)c1=O",228.066555336,"Covalent"
"O=C(CCl)NCc1cc(O)n2nccc2n1",240.041403208,"Covalent"
"O=C(CCl)N1CCn2cccc2C12COC2",240.066555336,"Covalent"
"O=C(CCl)NC1CCn2c(n[nH]c2=O)C1",230.057053272,"Covalent"
"O=C(CCl)NCc1nc(C(F)(F)F)c[nH]1",241.022974184,"Covalent"
"O=C(CCl)NCCc1ccc2[nH]ncc2c1",237.066889684,"Covalent"
"CC(CNC(=O)CCl)N1CCCCC1=O",232.097855464,"Covalent"
"NC(=O)[C@]12C[C@H]1CCCN2C(=O)CCl",216.066555336,"Covalent"
"CCN1CCN(C(=O)CCl)CC12CCOC2",246.113505528,"Covalent"
"CC(C)C(NC(=O)CCl)c1ncon1",217.061804304,"Covalent"
"CN(C)C(=O)CC1(NC(=O)CCl)COC1",234.07712002,"Covalent"
"CC1(C)CN(C(=O)CCl)[C@H]2COC[C@H]21",217.086956432,"Covalent"
"N#Cc1ccc(CNC(=O)CCl)s1",213.996761524,"Covalent"
"O=C(CCl)NCc1[nH]nc2c1CCCC2",227.082539748,"Covalent"
"CN(C)C(=O)C1CCC(NC(=O)CCl)CC1",246.113505528,"Covalent"
"O=C(CCl)N1CCC[C@@H]2CCCC[C@H]21",215.107691876,"Covalent"
"O=C(CCl)N[C@@H]1CS(=O)(=O)C[C@H]1Cl",244.968019508,"Covalent"
"O=C(CCl)NCC1CCC1",161.060741684,"Covalent"
"O=C(CCl)NCC1CCOC1",177.055656304,"Covalent"
"CSc1nsc(NC(=O)CCl)n1",222.964081492,"Covalent"
"O=C(CCl)Nc1ccc(Br)cn1",247.935202592,"Covalent"
"O=C(CCl)Nc1ccc(F)cn1",188.015268712,"Covalent"
"CC(C)CN(C(=O)CCl)C1CC1",189.092041812,"Covalent"
"O=C1CCC(NC(=O)CCl)CN1",190.050905272,"Covalent"
"CC(C)n1nccc1NC(=O)CCl",201.066889684,"Covalent"
"O=C(CCl)N(C1CCCC1)C1CC1",201.092041812,"Covalent"
"O=C(CCl)Nc1nc(C2CC2)no1",201.030504176,"Covalent"
"Cc1noc(CCNC(=O)CCl)n1",203.04615424,"Covalent"
"COC1COCCC1NC(=O)CCl",207.066220988,"Covalent"
"CC(=O)c1sc(NC(=O)CCl)nc1C",232.007326208,"Covalent"
"O=C(CCl)Nc1n[nH]c2ncccc12",210.030838524,"Covalent"
"CC(=O)N1CCCN(C(=O)CCl)CC1",218.0822054,"Covalent"
"CCn1ccc(CN(C)C(=O)CCl)n1",215.082539748,"Covalent"
"O=C(CCl)NC1CCCc2ccccc21",223.076391748,"Covalent"
"O=C(CCl)NC(=O)OCc1ccccc1",227.03492086,"Covalent"
"CC1CCc2ccccc2N1C(=O)CCl",223.076391748,"Covalent"
"O=C(CCl)Nc1cccc2ncccc12",220.040340588,"Covalent"
"CCC1(C)NC(=O)N(NC(=O)CCl)C1=O",233.056718924,"Covalent"
"O=C(CCl)N(Cc1ccccc1)C1CC1",223.076391748,"Covalent"
"Cc1csc(CC(=O)NNC(=O)CCl)n1",247.01822524,"Covalent"
"Cc1sc(NC(=O)CCl)c(C(N)=O)c1C",246.022976272,"Covalent"
"COC(=O)c1cccc(NC(=O)CCl)n1",228.030169828,"Covalent"
"CCOC(=O)N1CCC(NC(=O)CCl)CC1",248.092770084,"Covalent"
"O=C(CCl)N1CCCC1c1ccc(F)cc1",241.066969936,"Covalent"
"CN(C)C(=O)CN1CCN(C(=O)CCl)CC1",247.108754496,"Covalent"
"CC(c1ccc(F)c(F)c1)N(C)C(=O)CCl",247.057548124,"Covalent"
"CN(Cc1cc(C#N)ccc1F)C(=O)CCl",240.04656884,"Covalent"
"O=C(CCl)Nc1ccn(Cc2ccccc2)n1",249.066889684,"Covalent"
"O=C(CCl)N(Cc1ccco1)c1ccccc1",249.055656304,"Covalent"
"O=C(CCl)NCCc1cccc2ccccc12",247.076391748,"Covalent"
"CNC(=O)CN1CCCN(C(=O)CCl)CC1",247.108754496,"Covalent"
"O=C(CCl)Nc1n[nH]c2cccc(F)c12",227.026167744,"Covalent"
"C[C@H](NC(=O)CCl)C(=O)N1CCCCC1",232.097855464,"Covalent"
"CC(C)(NC(=O)CCl)c1noc(C(N)=O)n1",246.051967892,"Covalent"
"CN(C)C(=O)C1CCCC(NC(=O)CCl)C1",246.113505528,"Covalent"
"O=C(CCl)N1CCSc2ncccc21",228.012411588,"Covalent"
"CC1(c2cccs2)CC1CNC(=O)CCl",243.048462748,"Covalent"
"CC(NC(=O)CCl)c1csc(C2CC2)n1",244.043711716,"Covalent"
"CCc1noc(CC)c1CNC(=O)CCl",230.0822054,"Covalent"
"CC(C)N1C(=O)CC(NC(=O)CCl)C1=O",232.061469956,"Covalent"
"O=C(CCl)N(CC1CCCO1)C1CCCC1",245.11825656,"Covalent"
"CC(NC(=O)CCl)c1csnn1",205.007660556,"Covalent"
"Cc1ocnc1CNC(=O)CCl",188.035255208,"Covalent"
"O=C(CCl)NCC1=CCCC1",173.060741684,"Covalent"
"CN(CCc1ccccc1O)C(=O)CCl",227.071306368,"Covalent"
"CCc1nocc1CN(C)C(=O)CCl",216.066555336,"Covalent"
"O=C(CCl)NCc1cnn2ccccc12",223.05123962,"Covalent"
"O=C(CCl)NC(=O)C1CC1",161.024356176,"Covalent"
"CC1(CNC(=O)CCl)CCOC2(CCC2)C1",245.11825656,"Covalent"
"O=C(CCl)NC(C1CC1)C1CCCOC1",231.102606496,"Covalent"
"CN(C[C@@H]1CCC(=O)N1)C(=O)CCl",204.066555336,"Covalent"
"COC(CNC(=O)CCl)C1CCOC1",221.081871052,"Covalent"
"CC(NC(=O)CCl)c1cnn(C2CC2)c1",227.082539748,"Covalent"
"O=C(CCl)NCc1ncc2c(n1)CCOC2",241.061804304,"Covalent"
"O=C(CCl)NCc1noc2ccc(F)cc12",242.025833396,"Covalent"
"O=C1NCCN(C(=O)CCl)C1C1CC1",216.066555336,"Covalent"
"O=C(CCl)NCC1(C2CC2)CCCO1",217.086956432,"Covalent"
"CC12CC(C#N)(C1)C1(CN(C(=O)CCl)C1)O2",240.066555336,"Covalent"
"O=C1CC2(CCC2)C(NC(=O)CCl)CN1",230.0822054,"Covalent"
"CC1CCNC(=O)C1CNC(=O)CCl",218.0822054,"Covalent"
"CC(C)[C@@H]1CN2CCC[C@H]2CN1C(=O)CCl",244.134240972,"Covalent"
"O=C(CCl)N1CCCCC1Cn1ccnn1",242.09343877999999,"Covalent"
"O=C(CCl)NCc1ccc2nonc2c1",225.030504176,"Covalent"
"O=C(CCl)N1CC(CC(F)F)(C2CC2)C1",237.073198188,"Covalent"
"N#Cc1cccc2c1CC[C@H]2NC(=O)CCl",234.055990652,"Covalent"
"O=C(CCl)N1CCC[C@]2(CO)CCC[C@H]12",231.102606496,"Covalent"
"O=C(CCl)NN1CCc2ccccc2C1=O",238.050905272,"Covalent"
"O=C(CCl)N1CCc2oc3ccccc3c2C1",249.055656304,"Covalent"
"O=C(CCl)N1[C@H](CO)C[C@@H]2CCCC[C@@H]21",231.102606496,"Covalent"
"COCCN1[C@H](C)CN(C(=O)CCl)C[C@@H]1C",248.129155592,"Covalent"
"CNC(=O)c1ccc(O)c(NC(=O)CCl)c1",242.045819892,"Covalent"
"O=C(CCl)Nc1cccc2ccnn12",209.035589556,"Covalent"
"O=C(CCl)NCc1c[nH]nc1-c1ccccc1",249.066889684,"Covalent"
"O=C(CCl)N1CC(COC(F)F)C1",213.03681268,"Covalent"
"N#CC1(c2ccccc2)CC(NC(=O)CCl)C1",248.071640716,"Covalent"
"C[C@@H](NC(=O)CCl)c1cnnn1C",202.062138652,"Covalent"
"O=C(CCl)NC1(Cc2ccccc2)CC1",223.076391748,"Covalent"
"O=C(CCl)NCC1CN(C2CC2)C(=O)O1",232.061469956,"Covalent"
"CCCC1(C)C(=O)NCCN1C(=O)CCl",232.097855464,"Covalent"
"CC1(CNC(=O)CCl)CCOC1C1CC1",231.102606496,"Covalent"
"O=C(CCl)NCc1cn[nH]c1C(F)F",223.032395996,"Covalent"
"O=C(CCl)NC1(CO)CCc2ccccc21",239.071306368,"Covalent"
"COc1cc(C2(NC(=O)CCl)CC2)ccn1",240.066555336,"Covalent"
"CCC(NC(=O)CCl)c1cocn1",202.050905272,"Covalent"
"CC(C)(O)CN(C(=O)CCl)C1CCOCC1",249.11317118,"Covalent"
"CC(O)CN(C(=O)CCl)C1CCCCC1",233.11825656,"Covalent"
"O=C(CCl)Nc1ccncc1",170.024690524,"Covalent"
"O=C(CCl)Nc1cccnn1",171.019939492,"Covalent"
"CCc1nnc(NC(=O)CCl)s1",205.007660556,"Covalent"
"N#Cc1ccsc1NC(=O)CCl",199.98111146,"Covalent"
"CC1(C)CN(C(=O)CCl)CCO1",191.071306368,"Covalent"
"O=C(CCl)NCc1ccc(Cl)s1",222.962540204,"Covalent"
"Cc1ncsc1CNC(=O)CCl",204.012411588,"Covalent"
"NC(=O)[C@@H]1CCCN1C(=O)CCl",190.050905272,"Covalent"
"Cc1cc(CNC(=O)CCl)[nH]n1",187.05123962,"Covalent"
"NC(=O)C1CCN(C(=O)CCl)CC1",204.066555336,"Covalent"
"CC1(NC(=O)CCl)CCS(=O)(=O)C1",225.022641924,"Covalent"
"Cc1ccc(CN(C)C(=O)CCl)o1",201.055656304,"Covalent"
"NC(=O)C1CCCCN1C(=O)CCl",204.066555336,"Covalent"
"O=C(CCl)NC1CCS(=O)(=O)CC1",225.022641924,"Covalent"
"C#Cc1ccc(NC(=O)CCl)cc1",193.029441556,"Covalent"
"CC(C)N(C(=O)CCl)C1CCCCC1",217.12334194,"Covalent"
"CC(C)c1cccc(NC(=O)CCl)c1",211.076391748,"Covalent"
"CC(C)C(NC(=O)CCl)c1cccs1",231.048462748,"Covalent"
"Cc1cc(CNC(=O)CCl)ccc1F",215.051319872,"Covalent"
"N#Cc1ccc(CNC(=O)CCl)cc1",208.040340588,"Covalent"
"NC(=O)c1cccc(NC(=O)CCl)c1",212.035255208,"Covalent"
"CC(C)N1CCC(NC(=O)CCl)CC1",218.118590908,"Covalent"
"O=C(CCl)N1CCOC2CCCCC21",217.086956432,"Covalent"
"CC1CCN(CCNC(=O)CCl)CC1",218.118590908,"Covalent"
"O=C(CCl)Nc1ccnn1C1CCCC1",227.082539748,"Covalent"
"CCOC(=O)C1CCCCN1C(=O)CCl",233.081871052,"Covalent"
"O=C(O)Cc1ccc(NC(=O)CCl)cc1",227.03492086,"Covalent"
"CC1(C)CC2CC(C)(CN2C(=O)CCl)C1",229.12334194,"Covalent"
"O=C(CCl)NC1CCC(C(F)(F)F)CC1",243.063776376,"Covalent"
"Cc1ccccc1CC(C)NC(=O)CCl",225.092041812,"Covalent"
"Cc1ccc(S(=O)(=O)NC(=O)CCl)cc1",247.00699186,"Covalent"
"O=C(CCl)N1CCCc2cc(Cl)ccc21",243.021769332,"Covalent"
"CCNC(=O)c1cccc(NC(=O)CCl)c1",240.066555336,"Covalent"
"Cc1ccc(C(NC(=O)CCl)C2CC2)cc1",237.092041812,"Covalent"
"Cc1ccc(C)c(NC(=O)NC(=O)CCl)c1",240.066555336,"Covalent"
"O=C(CCl)Nc1cccnc1N1CCCC1",239.082539748,"Covalent"
"COc1ccccc1C(C)N(C)C(=O)CCl",241.086956432,"Covalent"
"CN(CCOc1ccccc1F)C(=O)CCl",245.061884556,"Covalent"
"Cc1ccc2c(c1)OC(C)CN2C(=O)CCl",239.071306368,"Covalent"
"CC(NC(=O)CCl)c1cccc2ccccc12",247.076391748,"Covalent"
"O=C(CCl)NCc1cnn(-c2ccccc2)c1",249.066889684,"Covalent"
"O=C(CCl)N1CCc2[nH]c3ccccc3c2C1",248.071640716,"Covalent"
"O=C1CN(C(=O)CCl)C2CCCCC2N1",230.0822054,"Covalent"
"CC(NC(=O)CCl)C(C)n1cncn1",216.077788716,"Covalent"
"Cc1nc(CNC(=O)CCl)nc2ccccc12",249.066889684,"Covalent"
"Cc1nc(C)c(C(C)N(C)C(=O)CCl)s1",246.05936178,"Covalent"
"O=C(CCl)N1C2CCC1c1ccccc12",221.060741684,"Covalent"
"O=C(CCl)NCC#Cc1cccnc1",208.040340588,"Covalent"
"O=C(CCl)N(CC(F)(F)F)C1CCOC1",245.043040932,"Covalent"
"NC(=O)C(NC(=O)CCl)c1ccccc1F",244.04148346,"Covalent"
"COC(=O)c1cccc(NC(=O)CCl)c1O",243.02983548,"Covalent"
"O=C(CCl)N1CC(=O)N2CCCC2C1",216.066555336,"Covalent"
"O=C(CCl)NCC1=CCCCC1",187.076391748,"Covalent"
"O=C(CCl)N1CCOC2(CCC2)C1",203.071306368,"Covalent"
"O=C(CCl)N1CCCc2n[nH]cc21",199.05123962,"Covalent"
"O=C(CCl)N1CCc2cc(F)ccc21",213.035669808,"Covalent"
"Cc1cccc2c1CC(NC(=O)CCl)CO2",239.071306368,"Covalent"
"O=C(CCl)N1CCCCC(C2CCOC2)C1",245.11825656,"Covalent"
"CCc1ccc2c(c1)CCN2C(=O)CCl",223.076391748,"Covalent"
"O=C(CCl)NCc1cc(C2CC2)n[nH]1",213.066889684,"Covalent"
"CC1CCC(NC(=O)CCl)C(=O)N1",204.066555336,"Covalent"
"O=C(CCl)NCC12CCCC(C1)C(=O)N2",230.0822054,"Covalent"
"C=C(CNC(=O)CCl)C1CCOCC1",217.086956432,"Covalent"
"O=C(CCl)NCc1ccc2c(n1)CCC2",224.071640716,"Covalent"
"CC1=NOC(CNC(=O)CCl)C1",190.050905272,"Covalent"
"Cc1ccc([C@]23C[C@H]2CN(C(=O)CCl)C3)cc1",249.092041812,"Covalent"
"O=C(CCl)N1CCCC2(C1)OC[C@H]1C[C@H]12",229.086956432,"Covalent"
"C#CCC(NC(=O)CCl)c1ccccc1",221.060741684,"Covalent"
"O=C(CCl)N1CC=CCC2(CCOCC2)C1",243.102606496,"Covalent"
"Cc1cc2ncc(NC(=O)CCl)cn2n1",224.046488588,"Covalent"
"CC1=C(c2ccco2)CN(C(=O)CCl)CC1",239.071306368,"Covalent"
"CCOc1cncc(NC(=O)CCl)n1",215.04615424,"Covalent"
"O=C(CCl)NCCc1ccc(=O)[nH]c1",214.050905272,"Covalent"
"CCC(=O)NC1CCN(C(=O)CCl)C1",218.0822054,"Covalent"
"Cc1cc(CNC(=O)CCl)cc(=O)[nH]1",214.050905272,"Covalent"
"O=C(CCl)N1CCn2c(cc3ccccc32)C1",248.071640716,"Covalent"
"Cc1nc2c(NC(=O)CCl)cccn2n1",224.046488588,"Covalent"
"C[C@H]1[C@@H](N2CCOCC2)CCN1C(=O)CCl",246.113505528,"Covalent"
"CC(C)CC1C(=O)NCCCN1C(=O)CCl",246.113505528,"Covalent"
"CC(O)CN1CCN(C(=O)CCl)C(C)C1",234.113505528,"Covalent"
"O=C(CCl)N(CC1(O)CCC1)C1CC1",217.086956432,"Covalent"
"O=C(CCl)NCCC1Cc2ccccc2C1",237.092041812,"Covalent"
"CCOC1CC(NC(=O)CCl)C12CCCO2",247.097521116,"Covalent"
"Cc1cccc(N(C)CCNC(=O)CCl)c1",240.102940844,"Covalent"
"C[C@@H](NC(=O)CCl)c1cccc(C#N)c1",222.055990652,"Covalent"
"O=C(CCl)NCCc1ncc(F)cn1",217.041817808,"Covalent"
"O=C(CCl)NC1COc2ncccc21",212.035255208,"Covalent"
"CC1C(NC(=O)CCl)CCC(CO)C1(C)C",247.133906624,"Covalent"
"O=C(CCl)N1CCCO1",149.024356176,"Covalent"
"CCN(C(=O)CCl)C1CC1",161.060741684,"Covalent"
"CN(C(=O)CCl)C1=CCCC1",173.060741684,"Covalent"
"Cn1nnc(NC(=O)CCl)n1",175.026087492,"Covalent"
"CCn1cc(NC(=O)CCl)cn1",187.05123962,"Covalent"
"Cc1ccc(CNC(=O)CCl)s1",203.01716262,"Covalent"
"O=C(CCl)NCCc1ccsc1",203.01716262,"Covalent"
"O=C(CCl)NC1CCCCNC1=O",204.066555336,"Covalent"
"Cc1nn(C)c(C)c1NC(=O)CCl",201.066889684,"Covalent"
"O=C(CCl)NCc1ccccc1F",201.035669808,"Covalent"
"Cc1ccsc1CN(C)C(=O)CCl",217.032812684,"Covalent"
"CC(C)N(C(=O)CCl)C1CCCC1",203.107691876,"Covalent"
"O=C(CCl)NCC1CCS(=O)(=O)C1",225.022641924,"Covalent"
"CNC(=O)C1CCCN1C(=O)CCl",204.066555336,"Covalent"
"Cc1csc(CCNC(=O)CCl)n1",218.028061652,"Covalent"
"O=C(CCl)N1CCOCC1C1CC1",203.071306368,"Covalent"
"O=C(CCl)N(Cc1ccsc1)C1CC1",229.032812684,"Covalent"
"O=C(CCl)NC(=O)CN1CCCC1=O",218.045819892,"Covalent"
"CC(C)(C)c1cc(NC(=O)CCl)on1",216.066555336,"Covalent"
"Cc1ccccc1CCNC(=O)CCl",211.076391748,"Covalent"
"Cc1oc(NC(=O)CCl)c(C#N)c1C",212.035255208,"Covalent"
"O=C(CCl)N1CCCC(C(F)(F)F)C1",229.048126312,"Covalent"
"CC(=O)NC1CCCN(C(=O)CCl)C1",218.0822054,"Covalent"
"C[C@@H](NC(=O)CCl)c1ccc(F)cc1",215.051319872,"Covalent"
"CNC(=O)c1cccc(NC(=O)CCl)c1",226.050905272,"Covalent"
"COC(=O)c1cc(NC(=O)CCl)cn1C",230.045819892,"Covalent"
"CCC1c2ccsc2CCN1C(=O)CCl",243.048462748,"Covalent"
"CC(c1ccc(F)cc1)N(C)C(=O)CCl",229.066969936,"Covalent"
"CC(C)C(NC(=O)CCl)c1ccccc1",225.092041812,"Covalent"
"Cc1ccc2c(c1)CCCN2C(=O)CCl",223.076391748,"Covalent"
"CC(C)(CNC(=O)CCl)N1CCOCC1",234.113505528,"Covalent"
"Cc1cc(NC(=O)CCl)n(C(C)(C)C)n1",229.098189812,"Covalent"
"CC(C)(C)C(NC(=O)CCl)c1cccs1",245.064112812,"Covalent"
"Cc1ccc(CN(C(=O)CCl)C2CC2)o1",227.071306368,"Covalent"
"NS(=O)(=O)c1ccccc1NC(=O)CCl",248.002240828,"Covalent"
"O=C(CCl)Nc1nnc(CC(F)(F)F)o1",243.00223874,"Covalent"
"O=C(CCl)N1CCCc2cc(O)ccc21",225.055656304,"Covalent"
"O=C(CCl)N[C@H]1CCCc2ccccc21",223.076391748,"Covalent"
"O=C(CCl)N1CC=C(c2ccccc2)CC1",235.076391748,"Covalent"
"O=C(CCl)Nc1ccc2c(c1)OCCCO2",241.050570924,"Covalent"
"O=C(CCl)N(Cc1ccccc1F)C1CC1",241.066969936,"Covalent"
"CC(C)C(NC(=O)CCl)c1ccc(F)cc1",243.08262,"Covalent"
"O=C(CCl)N1CCc2ccc([N+](=O)[O-])cc21",240.030169828,"Covalent"
"CC(C)Oc1ccc(CNC(=O)CCl)cc1",241.086956432,"Covalent"
"CN(C(=O)CCl)C1CC1c1ccccc1",223.076391748,"Covalent"
"O=C(CCl)N1CCc2cc(F)cc(F)c21",231.026247996,"Covalent"
"O=C(CCl)N1CCC2CCCC21",187.076391748,"Covalent"
"O=C(CCl)N[C@H]1CC[C@@H](CO)CC1",205.086956432,"Covalent"
"COc1cc(OC)nc(NC(=O)CCl)n1",231.04106886,"Covalent"
"CNC(=O)c1ccc(NC(=O)CCl)cc1",226.050905272,"Covalent"
"CS(=O)(=O)c1cccc(NC(=O)CCl)c1",247.00699186,"Covalent"
"CCN(Cc1ccccc1C)C(=O)CCl",225.092041812,"Covalent"
"CCN(Cc1ccc(Cl)cc1)C(=O)CCl",245.037419396,"Covalent"
"COc1ccc(C(C)NC(=O)CCl)cc1",227.071306368,"Covalent"
"CC1CCC(N(C(=O)CCl)C2CC2)CC1",229.12334194,"Covalent"
"Cc1nc2cc(NC(=O)CCl)ccc2[nH]1",223.05123962,"Covalent"
"CC1CCN(C(=O)CCl)C2CCCCC12",229.12334194,"Covalent"
"O=C(CCl)N1CCN(C(=O)C2CC2)CC1",230.0822054,"Covalent"
"CN(C)C(=O)N1CCN(C(=O)CCl)CC1",233.093104432,"Covalent"
"O=C(CCl)NCCc1c(F)cccc1F",233.04189806,"Covalent"
"Cc1ccsc1CN(C(=O)CCl)C(C)C",245.064112812,"Covalent"
"Cc1cccc(NC(=O)NC(=O)CCl)c1C",240.066555336,"Covalent"
"COc1ccc2c(c1)CCCN2C(=O)CCl",239.071306368,"Covalent"
"CN(Cc1ccc(N(C)C)cc1)C(=O)CCl",240.102940844,"Covalent"
"COC(=O)C1(NC(=O)CCl)CCC(C)CC1",247.097521116,"Covalent"
"O=C(CCl)Nc1ccnn1Cc1ccccc1",249.066889684,"Covalent"
"CC(NC(=O)CCl)c1ccc2c(c1)CCC2",237.092041812,"Covalent"
"O=C1CC(N(C(=O)CCl)C2CC2)C(=O)N1",230.045819892,"Covalent"
"Cc1ccc(NC(=O)CCl)c2[nH]ncc12",223.05123962,"Covalent"
"CN(C)C(=O)Cn1cc(NC(=O)CCl)cn1",244.072703336,"Covalent"
"O=C(CCl)N1CCC1c1cccc(F)c1",227.051319872,"Covalent"
"Cc1nc2n(n1)CCCC2NC(=O)CCl",228.077788716,"Covalent"
"NC(=O)c1ccc2c(c1)CCN2C(=O)CCl",238.050905272,"Covalent"
"COc1ccc2c(c1)CCN2C(=O)CCl",225.055656304,"Covalent"
"Cc1cccc(OC(F)F)c1NC(=O)CCl",249.03681268,"Covalent"
"CCN(CC)C(=O)C1CCCN1C(=O)CCl",246.113505528,"Covalent"
"O=C(CCl)NC1CCN(CC2CC2)C1",216.102940844,"Covalent"
"O=C(CCl)N1C[C@H]2CC[C@@H](O)C[C@H]2C1",217.086956432,"Covalent"
"Cc1csc(Cl)c1NC(=O)CCl",222.962540204,"Covalent"
"O=C(CCl)NCc1cc2n(n1)CCCO2",229.061804304,"Covalent"
"CC(C)c1nnc(CCNC(=O)CCl)s1",247.054610748,"Covalent"
"Cc1noc(C(C)N(C)C(=O)CCl)n1",217.061804304,"Covalent"
"O=C(CCl)NCc1cccc2c1CCOC2",239.071306368,"Covalent"
"O=C(CCl)NCCC1CCCC1(F)F",225.073198188,"Covalent"
"O=C(CCl)NC1(c2ncccn2)CCC1",225.066889684,"Covalent"
"O=C(CCl)N1CCC2CCC(C2)C1",201.092041812,"Covalent"
"O=C(CCl)NC[C@H]1CCO[C@H]1c1ncn[nH]1",244.072703336,"Covalent"
"O=C(CCl)NCc1noc(C2CC2)n1",215.04615424,"Covalent"
"O=C1CC2(CN1)CC(NC(=O)CCl)C2",216.066555336,"Covalent"
"O=C(CCl)N1CCc2c(cc[nH]c2=O)C1",226.050905272,"Covalent"
"COC1(C(F)(F)CNC(=O)CCl)CCC1",241.068112808,"Covalent"
"CC1c2ccccc2N(C(=O)CCl)C1C",223.076391748,"Covalent"
"CC(F)(F)c1ccccc1CNC(=O)CCl",247.057548124,"Covalent"
"CC1(C)C[C@H]2OCC[C@H]2CN(C(=O)CCl)C1",245.11825656,"Covalent"
"C=CCCC1(C#N)CCN(C(=O)CCl)CC1",240.102940844,"Covalent"
"C[C@@H]1CCN(C(=O)CCl)[C@@H](c2ccco2)C1",241.086956432,"Covalent"
"CC(C)C1CC(CNC(=O)CCl)CCO1",233.11825656,"Covalent"
"Cn1ccc2cccc(NC(=O)CCl)c21",222.055990652,"Covalent"
"O=C(CCl)NCc1nc2ccccc2o1",224.035255208,"Covalent"
"O=C(CCl)NCC1CC(=O)N(C2CC2)C1",230.0822054,"Covalent"
"Cc1noc(C)c1CN(C(=O)CCl)C1CC1",242.0822054,"Covalent"
"CCC1(C)COCCC1NC(=O)CCl",219.102606496,"Covalent"
"CCCN1CCCN(C(=O)CCl)CC1=O",232.097855464,"Covalent"
"O=C(CCl)NCc1cc(O)ccc1Cl",233.001033888,"Covalent"
"COc1ccc2[nH]ccc2c1NC(=O)CCl",238.050905272,"Covalent"
"CCCN(C(=O)CCl)C1CC(=O)N(C)C1=O",246.07712002,"Covalent"
"CC(=O)NC1CCC(N(C)C(=O)CCl)CC1",246.113505528,"Covalent"
"CC(NC(=O)CCl)c1nnnn1C",203.05738762,"Covalent"
"CC(C)(C)n1ncnc1CNC(=O)CCl",230.09343877999999,"Covalent"
"C[C@]12CCCC[C@H]1CN2C(=O)CCl",201.092041812,"Covalent"
"O=C(CCl)N1CCOc2cccnc2C1",226.050905272,"Covalent"
"CCn1nc(C)c(CN(C)C(=O)CCl)c1C",243.113839876,"Covalent"
"COc1ccccc1[C@@H](C)N(C)C(=O)CCl",241.086956432,"Covalent"
"O=C(CCl)NCC1C[C@H]2COC[C@H]2O1",219.066220988,"Covalent"
"O=C(CCl)N[C@H]1[C@@H]2Cc3ccccc3[C@@H]21",221.060741684,"Covalent"
"CN1CCC(CNC(=O)CCl)C1=O",204.066555336,"Covalent"
"Cn1nnc2c1CC(NC(=O)CCl)CC2",228.077788716,"Covalent"
"C#CCCN(C(=O)CCl)C1CCOCC1",229.086956432,"Covalent"
"O=C(CCl)N1CCC2(CC1)COC(CO)C2",247.097521116,"Covalent"
"O=C(CCl)NCC1OCc2ccccc21",225.055656304,"Covalent"
"Cn1ncc(C2CC2)c1CNC(=O)CCl",227.082539748,"Covalent"
"O=C(CCl)N1CCC2(CCOCC2)C12CC2",243.102606496,"Covalent"
"O=C(CCl)NCc1nc2c(F)cccc2o1",242.025833396,"Covalent"
"C[C@@H]1CN(CCO)[C@@H](C)CN1C(=O)CCl",234.113505528,"Covalent"
"CN(CC(=O)N1CCC(O)CC1)C(=O)CCl",248.092770084,"Covalent"
"CC(NC(=O)CCl)C1(S(C)(=O)=O)CC1",239.038291988,"Covalent"
"C#CC(CC1CCOC1)NC(=O)CCl",215.071306368,"Covalent"
"CC1(C2COCCN2C(=O)CCl)CC1",217.086956432,"Covalent"
"C=CCn1cc2ccc(NC(=O)CCl)cc2n1",249.066889684,"Covalent"
"CNC(=O)C1CN(C(=O)CCl)CCO1",220.061469956,"Covalent"
"O=C(CCl)NC12CC=CC(C1)OC2",201.055656304,"Covalent"
"O=C(CCl)NCCc1ncccc1F",216.04656884,"Covalent"
"CC(C)(NC(=O)CCl)C(O)c1ccccc1",241.086956432,"Covalent"
"Cc1ccnc(C(NC(=O)CCl)C2CC2)n1",239.082539748,"Covalent"
"CC1CCN(C(=O)CCl)C(C(N)=O)C1",218.0822054,"Covalent"
"CSc1ccc([C@@H](C)NC(=O)CCl)cc1",243.048462748,"Covalent"
"Cc1nccc(C2(NC(=O)CCl)CC2)n1",225.066889684,"Covalent"
"O=C(CCl)NC1CC(NC(=O)C2CCC2)C1",244.097855464,"Covalent"
"O=C(CCl)NC(c1ccc[nH]1)C(F)(F)F",240.027725216,"Covalent"
"O=C(CCl)N[C@H]1C[C@@H](n2cccn2)C1",213.066889684,"Covalent"
"O=C(CCl)Nc1ccon1",160.00395508,"Covalent"
"O=C(CCl)Nc1ncc[nH]1",159.019939492,"Covalent"
"CC1CN(C(=O)CCl)CCO1",177.055656304,"Covalent"
"O=C(CCl)Nc1cccnc1",170.024690524,"Covalent"
"CN(Cc1ccsc1)C(=O)CCl",203.01716262,"Covalent"
"Cc1cc(NC(=O)CCl)n(C)n1",187.05123962,"Covalent"
"O=C(CCl)NC(=O)c1ccc[nH]1",186.019605144,"Covalent"
"O=C(CCl)Nc1ccc(Cl)c(F)c1",220.981047392,"Covalent"
"CCCn1nccc1NC(=O)CCl",201.066889684,"Covalent"
"C=CCN(C(=O)CCl)c1ccccc1",209.060741684,"Covalent"
"CN(Cc1ccccc1F)C(=O)CCl",215.051319872,"Covalent"
"Cc1ccc(CNC(=O)CCl)cc1F",215.051319872,"Covalent"
"O=C(CCl)N1CCCC1c1cccs1",229.032812684,"Covalent"
"N#Cc1cccc(CNC(=O)CCl)c1",208.040340588,"Covalent"
"O=C(CCl)Nc1nc2c(s1)CCCC2",230.028061652,"Covalent"
"O=C(CCl)N1CCN2C(=O)CCC2C1",216.066555336,"Covalent"
"Cc1cc(NC(=O)CCl)[nH]c(=O)c1",200.035255208,"Covalent"
"CC1(C)[C@@H](O)[C@H]2CCCN(C(=O)CCl)[C@H]21",231.102606496,"Covalent"
"CCc1ncc(F)cc1NC(=O)CCl",216.04656884,"Covalent"
"O=C(CCl)NCc1nnc(C2CCOC2)[nH]1",244.072703336,"Covalent"
"Cc1noc(C)c1C(C)CNC(=O)CCl",230.0822054,"Covalent"
"O=C(CCl)N1COC2CCCCC2C1",217.086956432,"Covalent"
"Cc1ccc(-c2ncc[nH]2)cc1NC(=O)CCl",249.066889684,"Covalent"
"CC(C)(C)c1nocc1CNC(=O)CCl",230.0822054,"Covalent"
"O=C(CCl)NCC12CCCCC1C2(F)F",237.073198188,"Covalent"
"O=C(CCl)N1CCC[C@H]1CN1CCOCC1",246.113505528,"Covalent"
"O=C(CCl)NCC(F)(F)c1cccnc1",234.037147028,"Covalent"
"COCC(=O)N1CC(C)(NC(=O)CCl)C1",234.07712002,"Covalent"
"CC1CCCN1C(=O)CNC(=O)CCl",218.0822054,"Covalent"
"O=C(CCl)NCc1ccnn1C1CCCC1",241.098189812,"Covalent"
"COCC1C=CCCN1C(=O)CCl",203.071306368,"Covalent"
"C#CC(C)N(C(=O)CCl)C1CCCCC1",227.107691876,"Covalent"
"O=C(CCl)N1CCO[C@@H]2CCCC[C@H]21",217.086956432,"Covalent"
"O=C1CN(C(=O)CCl)CCN1",176.035255208,"Covalent"
"Cn1cc(NC(=O)CCl)cn1",173.035589556,"Covalent"
"Cc1nc(NC(=O)CCl)sc1C",204.012411588,"Covalent"
"O=C(CCl)N1CCCCCCC1",189.092041812,"Covalent"
"COC(=O)C1(NC(=O)CCl)CC1",191.03492086,"Covalent"
"CCN(Cc1cccs1)C(=O)CCl",217.032812684,"Covalent"
"CC(C)c1cc(NC(=O)CCl)on1",202.050905272,"Covalent"
"CSc1ccc(NC(=O)CCl)cc1",215.01716262,"Covalent"
"CCN1CCC(NC(=O)CCl)CC1",204.102940844,"Covalent"
"CN(Cc1cnn(C)c1)C(=O)CCl",201.066889684,"Covalent"
"CC1CN(C(=O)CCl)CC(C)(C)O1",205.086956432,"Covalent"
"Cc1noc(C)c1CNC(=O)CCl",202.050905272,"Covalent"
"CC(C)[C@@H]1COC(=O)N1C(=O)CCl",205.050570924,"Covalent"
"CN(Cc1ncnn1C)C(=O)CCl",202.062138652,"Covalent"
"O=C(CCl)N1CCC2CCCCC2C1",215.107691876,"Covalent"
"CCN(C(=O)CCl)C1CCS(=O)(=O)C1",239.038291988,"Covalent"
"O=C(CCl)NC(=O)NCc1cccs1",232.007326208,"Covalent"
"CCN(C(=O)CCl)c1ccccc1C",211.076391748,"Covalent"
"O=C(CCl)NCC#Cc1ccccc1",207.04509162,"Covalent"
"CNC(=O)C1CCN(C(=O)CCl)CC1",218.0822054,"Covalent"
"Cc1noc(C)c1CN(C)C(=O)CCl",216.066555336,"Covalent"
"COc1ccc(N(C)C(=O)CCl)cc1",213.055656304,"Covalent"
"COc1c(Cl)cccc1NC(=O)CCl",233.001033888,"Covalent"
"O=C(CCl)N1CCC(c2ccccc2)=N1",222.055990652,"Covalent"
"CN(C)c1ccc(CNC(=O)CCl)cc1",226.08729078,"Covalent"
"CS(=O)(=O)c1ccccc1NC(=O)CCl",247.00699186,"Covalent"
"Cc1cccc(C(=O)O)c1NC(=O)CCl",227.03492086,"Covalent"
"CCN(Cc1cccc(C)c1)C(=O)CCl",225.092041812,"Covalent"
"O=C(CCl)Nc1nnc(-c2ccco2)o1",227.009768732,"Covalent"
"CC(NC(=O)CCl)C(=O)N1CCCCC1",232.097855464,"Covalent"
"CCOc1cccc(CNC(=O)CCl)c1",227.071306368,"Covalent"
"O=C(CCl)NCc1ccccc1[N+](=O)[O-]",228.030169828,"Covalent"
"COc1ccc(Cl)cc1CNC(=O)CCl",247.016683952,"Covalent"
"O=C(CCl)N1CCN(c2ncccn2)CC1",240.077788716,"Covalent"
"O=C(CCl)N1CCc2cc([N+](=O)[O-])ccc21",240.030169828,"Covalent"
"CN(C)C(CNC(=O)CCl)c1ccccc1",240.102940844,"Covalent"
"CN(C)C(=O)c1cccc(NC(=O)CCl)c1",240.066555336,"Covalent"
"CCOC(=O)c1cnn(C)c1NC(=O)CCl",245.056718924,"Covalent"
"O=C(CCl)Nc1ccc(N2CCCC2)cc1",238.08729078,"Covalent"
"CN(C)Cc1ccc(CNC(=O)CCl)cc1",240.102940844,"Covalent"
"O=C(CCl)NCC1CCCc2ccccc21",237.092041812,"Covalent"
"CCN(C(=O)CCl)C(C)c1ccc(F)cc1",243.08262,"Covalent"
"CC(Cc1c(F)cccc1F)NC(=O)CCl",247.057548124,"Covalent"
"CC(C)N(C(=O)CCl)C(C)c1ccccc1",239.107691876,"Covalent"
"CCn1nc(C)c(CNC(=O)CCl)c1C",229.098189812,"Covalent"
"O=C(CCl)NCCN1CCCS1(=O)=O",240.033540956,"Covalent"
"CCN(C)c1cc(CNC(=O)CCl)ccn1",241.098189812,"Covalent"
"CN(C(=O)CCl)C1CCCCNC1=O",218.0822054,"Covalent"
"CCC(NC(=O)CCl)c1nc(C)n[nH]1",216.077788716,"Covalent"
"CC(=O)N1CCC(CCNC(=O)CCl)CC1",246.113505528,"Covalent"
"CC1Oc2c(F)cccc2C1NC(=O)CCl",243.046234492,"Covalent"
"Cc1nnc(CNC(=O)CCl)s1",205.007660556,"Covalent"
"Cc1cccnc1CCNC(=O)CCl",212.071640716,"Covalent"
"CC(C)(CNC(=O)CCl)n1cccn1",215.082539748,"Covalent"
"CN(Cc1ccnc(N(C)C)n1)C(=O)CCl",242.09343877999999,"Covalent"
"Cc1cccnc1C(C)(C)CNC(=O)CCl",240.102940844,"Covalent"
"CC1(CC(F)(F)F)CN(C(=O)CCl)C1",229.048126312,"Covalent"
"Cn1nccc1C(CO)NC(=O)CCl",217.061804304,"Covalent"
"O=C(CCl)N1CCCC(CCO)CC1",219.102606496,"Covalent"
"O=C(CCl)N[C@H]1CC[C@H](C(F)(F)F)CC1",243.063776376,"Covalent"
"CN(C)c1cnc(CNC(=O)CCl)nc1",228.077788716,"Covalent"
"O=C(CCl)NCc1nc2c(s1)COCC2",246.022976272,"Covalent"
"N#Cc1csc(CNC(=O)CCl)n1",214.992010492,"Covalent"
"Cc1noc(C2(NC(=O)CCl)CC2)n1",215.04615424,"Covalent"
"COc1nn(C)cc1CNC(=O)CCl",217.061804304,"Covalent"
"O=C1C[C@]2(NC(=O)CCl)CCCC[C@@H]2N1",230.0822054,"Covalent"
"CC(C)(CNC(=O)CCl)C1=CCOCC1",231.102606496,"Covalent"
"O=C(CCl)NCCC1(O)CCCOC1",221.081871052,"Covalent"
"CN(C[C@]12CCC[C@H]1OCC2)C(=O)CCl",231.102606496,"Covalent"
"CC1(NC(=O)CCl)CC2CCC(C1)S2",233.064112812,"Covalent"
"CN(C(=O)CCl)C1CCCC1n1cccn1",241.098189812,"Covalent"
"Cc1n[nH]c2cc(NC(=O)CCl)ccc12",223.05123962,"Covalent"
"O=C(CCl)NCCc1nccc(=O)[nH]1",215.04615424,"Covalent"
"O=C(CCl)NCc1cc(C2CCCC2)on1",242.0822054,"Covalent"
"O=C(CCl)N1CCC2(CC=CCO2)C1",215.071306368,"Covalent"
"Cc1cnc(F)c(CNC(=O)CCl)c1",216.04656884,"Covalent"
"CN(Cc1ncc(C2CC2)o1)C(=O)CCl",228.066555336,"Covalent"
"O=C(CCl)N1CC2(CC(C3CC3)=NO2)C1",228.066555336,"Covalent"
"CCON1CCC(NC(=O)CCl)CC1",220.097855464,"Covalent"
"CC(C)(C)C1CNC(=O)CN1C(=O)CCl",232.097855464,"Covalent"
"O=C(CCl)NCc1ccc2cc[nH]c2n1",223.05123962,"Covalent"
"N#Cc1cccc(C2(NC(=O)CCl)CC2)c1",234.055990652,"Covalent"
"COc1cccc([C@@H]2C[C@H]2NC(=O)CCl)c1",239.071306368,"Covalent"
"COCCN(C(=O)CCl)C1CCOC1C",235.097521116,"Covalent"
"O=C(CCl)N1CCC=C(c2ccccc2)C1",235.076391748,"Covalent"
"O=C(CCl)N(CCO)Cc1cccc(F)c1",245.061884556,"Covalent"
"C=C(C)C1OCCC1CNC(=O)CCl",217.086956432,"Covalent"
"O=C(CCl)N1CCC[C@@H]1c1ccon1",214.050905272,"Covalent"
"Cc1cc(NC(=O)CCl)cc2[nH]ncc12",223.05123962,"Covalent"
"CN1C(=O)CN(C(=O)CCl)[C@H]2C[C@H]21",202.050905272,"Covalent"
"O=C(CCl)N1CCc2ccccc2C(O)C1",239.071306368,"Covalent"
"O=C(CCl)NC1CCC(O)(C(F)(F)F)C1",245.043040932,"Covalent"
"CC1CCc2onc(CNC(=O)CCl)c2C1",242.0822054,"Covalent"
"CN1CCN(C(=O)CCl)C1=O",176.035255208,"Covalent"
"O=C(O)c1cc(S(=O)(=O)F)cs1",209.945678796,"Covalent"
"O=S(=O)(F)c1ccc2cn[nH]c2c1",200.00557662,"Covalent"
"NS(=O)(=O)c1cccc(S(=O)(=O)F)c1",238.972227892,"Covalent"
"O=S(=O)(F)Cc1cccc(C(F)(F)F)c1",242.002463312,"Covalent"
"NC(=O)N1CCc2cc(S(=O)(=O)F)ccc21",244.031791368,"Covalent"
"COC(=O)c1ccnc(S(=O)(=O)F)c1",219.000156892,"Covalent"
"O=S(=O)(F)Oc1ccc2ccccc2c1",226.009993304,"Covalent"
"O=S(=O)(F)c1ncccc1C1CC1",201.025977716,"Covalent"
"Nc1ccnc(S(=O)(=O)F)c1",176.00557662,"Covalent"
"O=S(=O)(F)c1ccc2c(c1)NCC2",201.025977716,"Covalent"
"O=c1c2c(ncn1CCS(=O)(=O)F)CCC2",246.047441432,"Covalent"
"O=S(=O)(F)CCN1CCCc2ccccc21",243.072927908,"Covalent"
"O=S(=O)(F)C1CCOc2ccccc21",216.025643368,"Covalent"
"Cn1cc(S(=O)(=O)F)cc1C(=O)O",207.000156892,"Covalent"
"O=S(=O)(F)CCc1ccc2c(c1)CCO2",230.041293432,"Covalent"
"Cc1ccncc1S(=O)(=O)F",175.010327652,"Covalent"
"O=c1[nH]c2ccc(S(=O)(=O)F)cc2s1",232.961663208,"Covalent"
"O=S(=O)(F)CC1CCCS1(=O)=O",215.992628988,"Covalent"
"CC1CC1C(=O)N1CCCC(S(=O)(=O)F)C1",249.083492592,"Covalent"
"CCc1n[nH]cc1S(=O)(=O)F",178.021226684,"Covalent"
"COc1cccnc1S(=O)(=O)F",191.005242272,"Covalent"
"Cc1cc(Cl)cnc1S(=O)(=O)F",208.9713553,"Covalent"
"O=S(=O)(F)Cc1ccc2c(c1)CCO2",216.025643368,"Covalent"
"O=S(=O)(F)C[C@H]1CNCCO1",183.0365424,"Covalent"
"COc1nc(Cl)c(S(=O)(=O)F)s1",230.922690856,"Covalent"
"COc1ncc(C)cc1S(=O)(=O)F",205.020892336,"Covalent"
"O=S(=O)(F)c1ccc(C2CC2(F)F)cc1",236.011885124,"Covalent"
"O=S(=O)(F)Oc1ccccc1-n1ccnc1",242.016141304,"Covalent"
"O=S(=O)(F)Oc1ccc(-n2ccnn2)cc1",243.011390272,"Covalent"
"CCN1Cc2ccc(OS(=O)(=O)F)cc2C1",245.052192464,"Covalent"
"O=S(=O)(F)Oc1ccc2ncncc2c1",228.00049124,"Covalent"
"CC1(C)Cc2cccc(OS(=O)(=O)F)c2O1",246.036208052,"Covalent"
"CNC(=O)c1ccc(OS(=O)(=O)F)cc1",233.015806956,"Covalent"
"O=S(=O)(F)Oc1cccc(C2CC2)c1F",234.016221556,"Covalent"
"Cc1nccc2c(S(=O)(=O)F)cccc12",225.025977716,"Covalent"
"Cc1nc2cc(OS(=O)(=O)F)ccc2o1",231.000156892,"Covalent"
"O=S(=O)(F)C1CC2(CNC2)C1",179.04162778,"Covalent"
"Cc1n[nH]c2c(S(=O)(=O)F)cccc12",214.021226684,"Covalent"
"O=S(=O)(F)c1ccc(N2CCNCC2)cc1",244.068176876,"Covalent"
"O=S(=O)(F)c1cncc(N2CCNCC2)c1",245.063425844,"Covalent"
"O=C(O)c1cc(S(=O)(=O)F)ccc1Cl",237.950285508,"Covalent"
"O=S(=O)(F)c1cnc2ccccc2n1",212.00557662,"Covalent"
"O=S(=O)(F)CCNc1ccc(Cl)cc1",237.002655428,"Covalent"
"O=C(O)Cc1ccc(S(=O)(=O)F)cc1",218.004907924,"Covalent"
"COC(=O)c1ccc(S(=O)(=O)F)cc1",218.004907924,"Covalent"
"O=S(=O)(F)CCn1cnc2ccccc21",228.036876748,"Covalent"
"O=C(O)COc1ccc(S(=O)(=O)F)cc1",233.999822544,"Covalent"
"COC(=O)c1ccc(S(=O)(=O)F)cc1F",235.995486112,"Covalent"
"CCc1ccc(C(=O)O)cc1S(=O)(=O)F",232.020557988,"Covalent"
"COCC(=O)Nc1ccc(S(=O)(=O)F)cc1",247.03145702,"Covalent"
"Nc1cc(S(=O)(=O)F)c(F)cc1NC1CC1",248.043105,"Covalent"
"COC(=O)c1cc(S(=O)(=O)F)on1",208.979421448,"Covalent"
"O=S(=O)(F)c1ccc(Cl)cn1",194.955705236,"Covalent"
"Cc1ccc(S(=O)(=O)F)c2cccnc12",225.025977716,"Covalent"
"COc1nccnc1S(=O)(=O)F",192.00049124,"Covalent"
"Cc1nc2ccc(S(=O)(=O)F)cc2o1",215.005242272,"Covalent"
"O=S(=O)(F)CCC1CCOCC1",196.056943496,"Covalent"
"CCOc1ccncc1S(=O)(=O)F",205.020892336,"Covalent"
"CC(C)(C)Oc1ccc(S(=O)(=O)F)cn1",233.052192464,"Covalent"
"O=S(=O)(F)c1cnn(C2CCOC2)c1",220.031791368,"Covalent"
"O=S(=O)(F)C1CCOC(C(F)(F)F)C1",236.013027996,"Covalent"
"O=S(=O)(F)CCC1CCNCC1",195.072927908,"Covalent"
"O=S(=O)(F)CCC1CCCNC1",195.072927908,"Covalent"
"Nc1ccc(C(=O)O)cc1S(=O)(=O)F",219.000156892,"Covalent"
"O=S(=O)(F)c1nc(C2CC2)cs1",206.982398652,"Covalent"
"O=C(NCCS(=O)(=O)F)c1cccs1",236.992963336,"Covalent"
"O=C(c1cccs1)N1CC(S(=O)(=O)F)C1",248.992963336,"Covalent"
"O=S(=O)(F)CCOc1ccc(F)cc1F",240.006799744,"Covalent"
"O=S(=O)(F)CCOc1ccc2c(c1)OCC2",246.036208052,"Covalent"
"COC(=O)c1cc(CS(=O)(=O)F)on1",222.995071512,"Covalent"
"O=S(=O)(F)c1ccc(F)c(OC(F)F)c1",243.981727868,"Covalent"
"Cc1ccc(S(=O)(=O)F)c2c1NCCC2",229.057277844,"Covalent"
"O=S(=O)(F)c1ccoc1C(F)F",199.975499616,"Covalent"
"O=S(=O)(F)c1cccc(C2CC2(F)F)c1",236.011885124,"Covalent"
"N#CC1(CCS(=O)(=O)F)CCNCC1",220.068176876,"Covalent"
"N#CC1(CS(=O)(=O)F)CCCNC1",206.052526812,"Covalent"
"O=S(=O)(F)Oc1ccccc1-c1nnco1",243.99540586,"Covalent"
"O=S(=O)(F)Oc1cccc(OC(F)F)c1",241.9860643,"Covalent"
"CN1CCc2cc(OS(=O)(=O)F)ccc21",231.0365424,"Covalent"
"O=S(=O)(F)Oc1ccccc1-n1cccn1",242.016141304,"Covalent"
"COCc1cc(OS(=O)(=O)F)ccc1N",235.03145702,"Covalent"
"COc1cc(OC)cc(OS(=O)(=O)F)c1",236.015472608,"Covalent"
"COc1ccc(C(N)=O)c(OS(=O)(=O)F)c1",249.010721576,"Covalent"
"COC(=O)c1nccnc1S(=O)(=O)F",219.99540586,"Covalent"
"Cc1nccc(S(=O)(=O)F)c1Cl",208.9713553,"Covalent"
"COc1cc(C)c(S(=O)(=O)F)cc1C(=O)O",248.015472608,"Covalent"
"O=S(=O)(F)C[C@@H]1CNCCO1",183.0365424,"Covalent"
"COC(=O)c1coc(S(=O)(=O)F)n1",208.979421448,"Covalent"
"O=S(=O)(F)c1cccc(N2CCOCC2)n1",246.047441432,"Covalent"
"N[C@@H](Cc1cccc(S(=O)(=O)F)c1)C(=O)O",247.03145702,"Covalent"
"O=S(=O)(F)CCSC1=NCCS1",228.970119716,"Covalent"
"O=S(=O)(F)c1nc2ccccc2s1",216.966748588,"Covalent"
"O=C(O)CCc1ccc(S(=O)(=O)F)cc1",232.020557988,"Covalent"
"O=S(=O)(F)C1CCNC1",153.025977716,"Covalent"
"O=S(=O)(F)CCN1CCc2ccccc21",229.057277844,"Covalent"
"O=S(=O)(F)CC1CCCS(=O)(=O)C1",230.008279052,"Covalent"
"O=S(=O)(F)c1nc(-c2ccccc2)ns1",243.97764762,"Covalent"
"COC(=O)c1cncc(S(=O)(=O)F)n1",219.99540586,"Covalent"
"O=S(=O)(F)CCN1CCOc2ccccc21",245.052192464,"Covalent"
"O=S(=O)(F)Cc1ccncc1",175.010327652,"Covalent"
"O=S(=O)(F)c1ccc2c(c1)COC2",202.009993304,"Covalent"
"Cc1cc(S(=O)(=O)F)ccc1-n1cnnn1",242.027374684,"Covalent"
"O=S(=O)(F)CCOc1ccc(F)cc1",222.016221556,"Covalent"
"Cc1c(S(=O)(=O)F)oc2ccc(F)cc12",232.000571492,"Covalent"
"O=S(=O)(F)c1cnn(C2CCOCC2)c1",234.047441432,"Covalent"
"O=S(=O)(F)c1cccc2c1OCC2",202.009993304,"Covalent"
"O=S(=O)(F)c1ccc(C(F)F)cn1",210.991484028,"Covalent"
"O=S(=O)(F)c1ccc(O)nc1",176.989592208,"Covalent"
"Nc1cc(S(=O)(=O)F)ccn1",176.00557662,"Covalent"
"CC(C)(C)c1ocnc1CS(=O)(=O)F",221.052192464,"Covalent"
"O=S(=O)(F)Oc1ccc(-n2cccn2)cc1",242.016141304,"Covalent"
"O=S(=O)(F)Oc1cccc2c1CCN2",217.020892336,"Covalent"
"O=C1COc2cc(OS(=O)(=O)F)ccc2N1",246.995071512,"Covalent"
"Cn1cnc2ccc(OS(=O)(=O)F)cc21",230.016141304,"Covalent"
"O=S(=O)(F)Oc1ccccc1CC1CC1",230.041293432,"Covalent"
"O=C1NCc2c(OS(=O)(=O)F)cccc21",231.000156892,"Covalent"
"O=S(=O)(F)Oc1cccc2cnccc12",227.005242272,"Covalent"
"O=S(=O)(F)Oc1ccc(-n2ccnc2)cc1",242.016141304,"Covalent"
"COC(=O)c1csc(S(=O)(=O)F)n1",224.956577828,"Covalent"
"Nc1nc2cc(OS(=O)(=O)F)ccn2n1",232.00663924,"Covalent"
"O=S(=O)(F)c1cccc(O)n1",176.989592208,"Covalent"
"Nc1ccc2nc(S(=O)(=O)F)nn2c1",216.01172462,"Covalent"
"CC1(CS(=O)(=O)F)COC1",168.025643368,"Covalent"
"Cc1ccc(S(=O)(=O)F)nn1",176.00557662,"Covalent"
"O=C(O)c1cccc(S(=O)(=O)F)c1",203.98925786,"Covalent"
"O=C1NC(=O)C(CCS(=O)(=O)F)N1",210.011055924,"Covalent"
"O=S(=O)(F)c1cncc2ccccc12",211.010327652,"Covalent"
"COc1ccc(S(=O)(=O)F)c(OC)c1",220.020557988,"Covalent"
"CC1(C)NC(=O)N(CCS(=O)(=O)F)C1=O",238.042356052,"Covalent"
"O=S(=O)(F)Cc1cc(-c2ccccc2)no1",241.020892336,"Covalent"
"CC(=O)NCCc1ccc(S(=O)(=O)F)cc1",245.052192464,"Covalent"
"O=S(=O)(F)c1ccc(-c2ccccc2)cc1",236.030728748,"Covalent"
"O=S(=O)(F)c1ccc2c(c1)CCCN2",215.04162778,"Covalent"
"Cn1ccc(CS(=O)(=O)F)n1",178.021226684,"Covalent"
"O=C1CCc2cc(S(=O)(=O)F)c(F)cc2N1",247.011470524,"Covalent"
"Cc1nc(S(=O)(=O)F)c(-c2ccccc2)o1",241.020892336,"Covalent"
"O=S(=O)(F)C1=Cc2ccccc2OCC1",228.025643368,"Covalent"
"CS(=O)(=O)N1CC(CS(=O)(=O)F)C1",231.00352802,"Covalent"
"O=C(O)c1ccc(S(=O)(=O)F)o1",193.968522416,"Covalent"
"COC(=O)c1cn[nH]c1S(=O)(=O)F",207.99540586,"Covalent"
"CC1CC1C(=O)N1CCC(S(=O)(=O)F)CC1",249.083492592,"Covalent"
"O=S(=O)(F)c1coc2ccccc12",199.99434324,"Covalent"
"O=S(=O)(F)c1ccc(N2CCOCC2)nc1",246.047441432,"Covalent"
"O=S(=O)(F)c1ccc(N2CC[C@H](F)C2)nc1",248.043105,"Covalent"
"COc1cc(S(=O)(=O)F)ccn1",191.005242272,"Covalent"
"Cc1nc(S(=O)(=O)F)sc1C",194.982398652,"Covalent"
"CC(C)(C)c1cnc(S(=O)(=O)F)cn1",218.052526812,"Covalent"
"CNC(=O)Nc1ccc(S(=O)(=O)F)cc1",232.031791368,"Covalent"
"O=C(O)c1cc(S(=O)(=O)F)ccn1",204.984506828,"Covalent"
"Cc1ocnc1CS(=O)(=O)F",179.005242272,"Covalent"
"Cc1cc(CS(=O)(=O)F)ccc1[N+](=O)[O-]",233.015806956,"Covalent"
"CC(=O)Nc1ccc(S(=O)(=O)F)s1",222.977313272,"Covalent"
"O=S(=O)(F)c1cnc(-c2ccccc2)o1",227.005242272,"Covalent"
"CC(=O)Nc1c(S(=O)(=O)F)c(C)nn1C",235.0426904,"Covalent"
"CCOC(=O)c1nnc(S(=O)(=O)F)s1",239.96747686,"Covalent"
"O=c1[nH]ccc2ccc(OS(=O)(=O)F)cc12",243.000156892,"Covalent"
"Cn1nc2c(c1S(=O)(=O)F)COCC2",220.031791368,"Covalent"
"O=S(=O)(F)C(F)c1ccncc1",193.00090584,"Covalent"
"COc1cccc(OC)c1OS(=O)(=O)F",236.015472608,"Covalent"
"O=S(=O)(F)Oc1ccc(-c2nnco2)cc1",243.99540586,"Covalent"
"O=S(=O)(F)Oc1cccc(-n2cnnn2)c1",244.00663924,"Covalent"
"Cn1cnc2cc(OS(=O)(=O)F)ccc21",230.016141304,"Covalent"
"O=S(=O)(F)Oc1cccc(-n2cnnc2)c1",243.011390272,"Covalent"
"O=S(=O)(F)Oc1ccc(N2CCCC2)cc1",245.052192464,"Covalent"
"O=S(=O)(F)Oc1ccc2nccnc2c1",228.00049124,"Covalent"
"O=S(=O)(F)Oc1cccc2c1OCCC2",232.020557988,"Covalent"
"O=c1[nH]cnc2ccc(OS(=O)(=O)F)cc12",243.99540586,"Covalent"
"O=C1NCc2cc(OS(=O)(=O)F)ccc2O1",246.995071512,"Covalent"
"O=C1NCc2ccc(OS(=O)(=O)F)cc21",231.000156892,"Covalent"
"O=S(=O)(F)Oc1ccc2c(c1)CCCCN2",245.052192464,"Covalent"
"CC1(C)COc2ccc(OS(=O)(=O)F)cc21",246.036208052,"Covalent"
"O=S(=O)(F)Oc1ccc2c(c1)CCOC2",232.020557988,"Covalent"
"O=C1CCc2ccc(OS(=O)(=O)F)cc2N1",245.015806956,"Covalent"
"O=S(=O)(F)Oc1ccc(-n2cnnn2)cc1",244.00663924,"Covalent"
"O=S(=O)(F)C1CCN(c2ccccc2)CC1",243.072927908,"Covalent"
"CN1CCc2cccc(OS(=O)(=O)F)c2C1",245.052192464,"Covalent"
"N[C@H]1CC[C@@H](CS(=O)(=O)F)CC1",195.072927908,"Covalent"
"O=S(=O)(F)CCOc1cccc2c1OCO2",248.015472608,"Covalent"
"NCCc1ccc(S(=O)(=O)F)cc1",203.04162778,"Covalent"
"O=C(O)Cc1ccc(S(=O)(=O)F)s1",223.96132886,"Covalent"
"Cc1ccc(C(=O)O)cc1S(=O)(=O)F",218.004907924,"Covalent"
"O=S(=O)(F)c1ncccc1C(F)(F)F",228.982062216,"Covalent"
"O=C(O)c1cc(S(=O)(=O)F)ccc1F",221.979836048,"Covalent"
"COC(=O)c1cc(S(=O)(=O)F)ccc1O",233.999822544,"Covalent"
"CC(C)(C)c1ccc(S(=O)(=O)F)nc1",217.057277844,"Covalent"
"O=S(=O)(F)c1ccc2[nH]cnc2c1",200.00557662,"Covalent"
"Cn1c(S(=O)(=O)F)nc2ccccc21",214.021226684,"Covalent"
"O=S(=O)(F)CC1CCCNCC1",195.072927908,"Covalent"
"O=S(=O)(F)CC1CCS(=O)(=O)CC1",230.008279052,"Covalent"
"COc1ncc(S(=O)(=O)F)cn1",192.00049124,"Covalent"
"O=S(=O)(F)c1ccc2c(c1)NCCC2",215.04162778,"Covalent"
"O=S(=O)(F)c1cc2c(s1)CCNC2",220.998048716,"Covalent"
"COC(=O)c1cccc(S(=O)(=O)F)n1",219.000156892,"Covalent"
"O=c1c2nccn2ccn1CCS(=O)(=O)F",245.027040336,"Covalent"
"O=c1[nH]c2ccc(S(=O)(=O)F)cc2[nH]1",216.00049124,"Covalent"
"COc1ccc(S(=O)(=O)F)cc1CC(=O)O",248.015472608,"Covalent"
"O=C(O)c1ccc(S(=O)(=O)F)c([N+](=O)[O-])c1",248.974336068,"Covalent"
"O=C(O)Cc1cccc(S(=O)(=O)F)c1",218.004907924,"Covalent"
"O=S(=O)(F)C1CCc2ccccc2C1",214.046378812,"Covalent"
"CCc1ccc(S(=O)(=O)F)cc1[N+](=O)[O-]",233.015806956,"Covalent"
"CS(=O)(=O)N1CCC(CS(=O)(=O)F)C1",245.019178084,"Covalent"
"O=C1Nc2ccc(S(=O)(=O)F)cc2CO1",231.000156892,"Covalent"
"COC(=O)c1cc(S(=O)(=O)F)ccn1",219.000156892,"Covalent"
"COCCn1c(C)nnc1S(=O)(=O)F",223.0426904,"Covalent"
"O=S(=O)(F)CC1CCCC2(CCC2)O1",222.07259356,"Covalent"
"O=S(=O)(F)c1cc(C(F)(F)F)ccn1",228.982062216,"Covalent"
"CC(C)CC(c1ccccc1)S(=O)(=O)F",230.07767894,"Covalent"
"COc1ccnc(S(=O)(=O)F)c1",191.005242272,"Covalent"
"O=S(=O)(F)c1c(F)ccc2c1OCO2",221.979836048,"Covalent"
"CCC1(C)CCC(CS(=O)(=O)F)O1",210.07259356,"Covalent"
"N#CC1(CS(=O)(=O)F)CNC1",178.021226684,"Covalent"
"O=S(=O)(F)Oc1cccc(-c2cc[nH]n2)c1",242.016141304,"Covalent"
"COc1cncc(F)c1S(=O)(=O)F",208.99582046,"Covalent"
"COc1ncc(Cl)cc1S(=O)(=O)F",224.96626992,"Covalent"
"O=S(=O)(F)c1cccc(CO)n1",191.005242272,"Covalent"
"NC(=O)Cc1cccc(OS(=O)(=O)F)c1",233.015806956,"Covalent"
"CN1Cc2ccc(OS(=O)(=O)F)cc2C1=O",245.015806956,"Covalent"
"O=S(=O)(F)Oc1cccc(-n2cncn2)c1",243.011390272,"Covalent"
"O=S(=O)(F)Oc1cccc(-n2nccn2)c1",243.011390272,"Covalent"
"O=S(=O)(F)Oc1ccc2c(c1)CCCO2",232.020557988,"Covalent"
"CC1(C)Oc2cccc(OS(=O)(=O)F)c2O1",248.015472608,"Covalent"
"O=S(=O)(F)Oc1cccc(OC2CC2)c1",232.020557988,"Covalent"
"COC(=O)c1cncc(OS(=O)(=O)F)c1",234.995071512,"Covalent"
"Cc1nc(S(=O)(=O)F)nn1-c1ccccc1",241.032125716,"Covalent"
"Cc1cnc(C)c(OS(=O)(=O)F)c1",205.020892336,"Covalent"
"Nc1cncc(OS(=O)(=O)F)c1",192.00049124,"Covalent"
"O=S(=O)(F)c1ccc(C2CCNCC2)cc1",243.072927908,"Covalent"
"O=C(O)c1cc(S(=O)(=O)F)c[nH]1",192.984506828,"Covalent"
"O=S(=O)(F)CCn1nnc2ccccc21",229.032125716,"Covalent"
"COc1ccc(C(=O)O)cc1S(=O)(=O)F",233.999822544,"Covalent"
"CC(C)n1ccnc1S(=O)(=O)F",192.036876748,"Covalent"
"Cc1nc(S(=O)(=O)F)[nH]c1C",178.021226684,"Covalent"
"O=S(=O)(F)c1ccnc(C(F)(F)F)c1",228.982062216,"Covalent"
"CC(=O)Nc1nc(C)c(S(=O)(=O)F)s1",237.988212304,"Covalent"
"O=S(=O)(F)c1cccc(-c2cccs2)c1",241.987149684,"Covalent"
"O=S(=O)(F)C1=Cc2ccccc2OC1",214.009993304,"Covalent"
"O=S(=O)(F)c1cnc2onc(C3CC3)c2c1",242.016141304,"Covalent"
"CCn1c(=O)oc2cc(S(=O)(=O)F)ccc21",245.015806956,"Covalent"
"O=S(=O)(F)c1c[nH]c(C(F)(F)F)c1",216.982062216,"Covalent"
"O=c1cnc2cc(S(=O)(=O)F)ccc2[nH]1",228.00049124,"Covalent"
"COC1(CS(=O)(=O)F)CCOCC1",212.051858116,"Covalent"
"O=S(=O)(F)c1cccnc1O",176.989592208,"Covalent"
"O=S(=O)(F)c1ccc(NC2CCOC2)nc1",246.047441432,"Covalent"
"O=S(=O)(F)Cc1ccn(CC(F)(F)F)n1",246.008611312,"Covalent"
"CC(C)n1ncnc1S(=O)(=O)F",193.032125716,"Covalent"
"COc1ccc(S(=O)(=O)F)c(C(F)F)c1",240.006799744,"Covalent"
"Cc1nn(C)c(N)c1S(=O)(=O)F",193.032125716,"Covalent"
"Cn1cc(S(=O)(=O)F)c(C2CCOCC2)n1",248.063091496,"Covalent"
"CC1(CS(=O)(=O)F)COCCO1",198.036208052,"Covalent"
"O=S(=O)(F)c1cnc2ncccn12",201.000825588,"Covalent"
"CP(C)(=O)c1ccc(S(=O)(=O)F)cc1",236.00723003000002,"Covalent"
"N#CC1(CS(=O)(=O)F)CCNC1",192.036876748,"Covalent"
"COCc1cccc(OS(=O)(=O)F)c1",220.020557988,"Covalent"
"Cc1cc(OS(=O)(=O)F)ccc1C(N)=O",233.015806956,"Covalent"
"O=S(=O)(F)Oc1cccc(N2CCCC2)c1",245.052192464,"Covalent"
"O=S(=O)(F)Oc1cccc2c1OCCCO2",248.015472608,"Covalent"
"CCc1cc(OS(=O)(=O)F)ccc1N",219.0365424,"Covalent"
"O=C1COc2cccc(OS(=O)(=O)F)c2N1",246.995071512,"Covalent"
"CC(C)Oc1cccc(OS(=O)(=O)F)c1",234.036208052,"Covalent"
"COC(=O)c1ncc(OS(=O)(=O)F)cn1",235.99032048,"Covalent"
"C=Cn1ccnc1S(=O)(=O)F",176.00557662,"Covalent"
"Cc1nc(S(=O)(=O)F)n(C)c1C",192.036876748,"Covalent"
"O=S(=O)(F)c1cccc(N2CCNCC2)c1",244.068176876,"Covalent"
"COCn1ncc(C)c1S(=O)(=O)F",208.031791368,"Covalent"
"O=C(O)COc1cccc(S(=O)(=O)F)c1",233.99982254399998,"Covalent"
"Cc1cc(CS(=O)(=O)F)on1",179.005242272,"Covalent"
"CCn1ccnc1S(=O)(=O)F",178.021226684,"Covalent"
"O=S(=O)(F)c1ccc2cnccc2c1",211.010327652,"Covalent"
"COc1cc(C(=O)O)ccc1S(=O)(=O)F",233.999822544,"Covalent"
"COC(=O)Nc1ccc(S(=O)(=O)F)cc1",233.015806956,"Covalent"
"O=S(=O)(F)c1ccc(C2CCCCC2)cc1",242.07767894,"Covalent"
"O=S(=O)(F)CC1CCCNC1",181.057277844,"Covalent"
"Cc1ccc(OS(=O)(=O)F)nc1",191.005242272,"Covalent"
"NCc1cccc(S(=O)(=O)F)c1",189.025977716,"Covalent"
"O=S(=O)(F)c1ccc2[nH]ccc2c1",199.010327652,"Covalent"
"O=S(=O)(F)CC1CNCCO1",183.0365424,"Covalent"
"O=S(=O)(F)c1onc(C2CC2)c1Cl",224.96626992,"Covalent"
"O=[N+]([O-])c1ccc(F)c(CS(=O)(=O)F)c1",236.99073508,"Covalent"
"O=S(=O)(F)c1ccc(C(F)(F)F)cn1",228.982062216,"Covalent"
"CCc1cncc(S(=O)(=O)F)c1",189.025977716,"Covalent"
"CCOc1ccc(S(=O)(=O)F)cc1C(=O)O",248.015472608,"Covalent"
"COC(=O)c1cscc1S(=O)(=O)F",223.96132886,"Covalent"
"O=C(c1ccccc1)N1CC(S(=O)(=O)F)C1",243.0365424,"Covalent"
"O=S(=O)(F)c1ccnn1C1CCCC1",218.052526812,"Covalent"
"O=C(O)c1ccc(CS(=O)(=O)F)cc1",218.004907924,"Covalent"
"O=S(=O)(F)CC1CC2(CCC2)CO1",208.056943496,"Covalent"
"COc1ccc(S(=O)(=O)F)nc1",191.005242272,"Covalent"
"O=S(=O)(F)c1nc2c(s1)CCCC2",220.998048716,"Covalent"
"Cc1cc(N)c(Cl)c(S(=O)(=O)F)c1",222.987005364,"Covalent"
"O=S(=O)(F)CC1(C2CCOCC2)CC1",222.07259356,"Covalent"
"Cc1cc(C(F)(F)F)cc(S(=O)(=O)F)n1",242.99771228,"Covalent"
"COC(=O)c1ncc(S(=O)(=O)F)cc1C",233.015806956,"Covalent"
"CC1(C)COc2c(S(=O)(=O)F)cnn2C1",234.047441432,"Covalent"
"O=S(=O)(F)CCOc1cccc2c1OCC2",246.036208052,"Covalent"
"CCOc1ncccc1S(=O)(=O)F",205.020892336,"Covalent"
"O=S(=O)(F)C1CCC2CCC1OC2",208.056943496,"Covalent"
"O=S(=O)(F)c1ccc(-n2ccnn2)cc1",227.016475652,"Covalent"
"O=S(=O)(F)c1cccc2c1CCNC2",215.04162778,"Covalent"
"COc1cnc(CCS(=O)(=O)F)cn1",220.031791368,"Covalent"
"O=S(=O)(F)Oc1ccc2ccncc2c1",227.005242272,"Covalent"
"O=C1NCCc2cc(OS(=O)(=O)F)ccc21",245.015806956,"Covalent"
"COC(=O)c1cc(OS(=O)(=O)F)ccc1C",248.015472608,"Covalent"
"Cc1nc2cc(OS(=O)(=O)F)ccc2n1C",244.031791368,"Covalent"
"Cn1cnc2c(OS(=O)(=O)F)cccc21",230.016141304,"Covalent"
"O=S(=O)(F)Oc1ccccc1-n1cncn1",243.011390272,"Covalent"
"O=C1CCc2cc(OS(=O)(=O)F)ccc2N1",245.015806956,"Covalent"
"O=C(O)c1cc2c(c(S(=O)(=O)F)c1)OCC2",245.999822544,"Covalent"
"O=S(=O)(F)Oc1cnc2c(c1)CCCC2",231.0365424,"Covalent"
"Cc1cc(S(=O)(=O)F)ncc1F",193.00090584,"Covalent"
"CC(C)N(C)C(=O)c1cc(S(=O)(=O)F)[nH]n1",249.058340464,"Covalent"
"Nc1cncc(S(=O)(=O)F)c1",176.00557662,"Covalent"
"N#Cc1ccc(S(=O)(=O)F)nc1",185.989926556,"Covalent"
"Cc1cc(C)nc(S(=O)(=O)F)n1",190.021226684,"Covalent"
"O=S(=O)(F)c1ncc(Cl)cc1F",212.946283424,"Covalent"
"O=S(=O)(F)c1c(Cl)nc2ccccn12",233.966604268,"Covalent"
"O=c1oc2ccccc2n1CCS(=O)(=O)F",245.015806956,"Covalent"
"N[C@@H](Cc1ccc(S(=O)(=O)F)cc1)C(=O)O",247.03145702,"Covalent"
"O=S(=O)(F)c1ncc2ccccn12",200.00557662,"Covalent"
"O=S(=O)(F)c1nc2ccccc2[nH]1",200.00557662,"Covalent"
"Cc1cccnc1S(=O)(=O)F",175.010327652,"Covalent"
"Cc1nccnc1S(=O)(=O)F",176.00557662,"Covalent"
"O=S(=O)(F)c1nccc(C(F)(F)F)n1",229.977311184,"Covalent"
"CC(C)c1ccc(S(=O)(=O)F)nn1",204.036876748,"Covalent"
"NCc1ccc(S(=O)(=O)F)s1",194.982398652,"Covalent"
"O=S(=O)(F)CCC1CCCCN1",195.072927908,"Covalent"
"CC1Cc2ccccc2N1CCS(=O)(=O)F",243.072927908,"Covalent"
"CC(C)Cn1cnc(S(=O)(=O)F)c1",206.052526812,"Covalent"
"O=S(=O)(F)c1cnn(-c2ccccc2F)c1",244.011804872,"Covalent"
"O=S(=O)(F)Cc1noc2ccccc12",215.005242272,"Covalent"
"CCc1nc2cc(S(=O)(=O)F)ccc2o1",229.020892336,"Covalent"
"O=C(O)c1ccc(S(=O)(=O)F)cc1O",219.98417248,"Covalent"
"O=S(=O)(F)c1cc2c(o1)CCCC2",204.025643368,"Covalent"
"O=S(=O)(F)c1ccc(N2CC[C@H](O)C2)nc1",246.047441432,"Covalent"
"O=S(=O)(F)c1cc(C(F)F)ccn1",210.991484028,"Covalent"
"O=S(=O)(F)Cc1cn2ccccc2n1",214.021226684,"Covalent"
"O=S(=O)(F)CC1CCC(C(F)(F)F)O1",236.013027996,"Covalent"
"O=S(=O)(F)CC1CCC(F)(F)CO1",218.022449808,"Covalent"
"CCc1csc(S(=O)(=O)F)n1",194.982398652,"Covalent"
"COC(=O)c1ccc(S(=O)(=O)F)nc1C",233.015806956,"Covalent"
"CCCn1ccnc1S(=O)(=O)F",192.036876748,"Covalent"
"COc1nccc(S(=O)(=O)F)c1F",208.99582046,"Covalent"
"CC1(C)OC(=O)c2cc(S(=O)(=O)F)ccc21",244.020557988,"Covalent"
"O=S(=O)(F)C1CCCNCC1",181.057277844,"Covalent"
"O=S(=O)(F)CCOc1ccccc1F",222.016221556,"Covalent"
"Cn1ccc2cc(S(=O)(=O)F)cnc21",214.021226684,"Covalent"
"O=S(=O)(F)c1ccc(C2CC2)cc1F",218.021306936,"Covalent"
"Cn1cc(S(=O)(=O)F)c(-c2ccccc2)n1",240.036876748,"Covalent"
"COCOc1cccc(S(=O)(=O)F)c1",220.020557988,"Covalent"
"CP(C)(=O)c1cccc(S(=O)(=O)F)c1",236.00723003,"Covalent"
"N#CC1(CCS(=O)(=O)F)CNC1",192.036876748,"Covalent"
"COc1ccc(OS(=O)(=O)F)cc1OC",236.015472608,"Covalent"
"CCNC(=O)c1cccc(OS(=O)(=O)F)c1",247.03145702,"Covalent"
"COCc1ccccc1OS(=O)(=O)F",220.020557988,"Covalent"
"O=S(=O)(F)Oc1cccc(-n2cccn2)c1",242.016141304,"Covalent"
"O=S(=O)(F)Oc1cccc(-n2ccnc2)c1",242.016141304,"Covalent"
"O=S(=O)(F)Oc1ccc2c(c1)OCCCO2",248.015472608,"Covalent"
"CC(C)c1cc(C#N)ccc1OS(=O)(=O)F",243.0365424,"Covalent"
"COC(=O)c1ccc(OS(=O)(=O)F)cc1N",249.010721576,"Covalent"
"O=S(=O)(F)Oc1ccc2c(c1)COCC2",232.020557988,"Covalent"
"O=C1CNc2cc(OS(=O)(=O)F)ccc2N1",246.011055924,"Covalent"
"O=S(=O)(F)Oc1ccccc1OC(F)F",241.9860643,"Covalent"
"O=C(O)c1cncc(OS(=O)(=O)F)c1",220.979421448,"Covalent"
"O=S(=O)(F)c1ccc(-n2nccn2)cc1",227.016475652,"Covalent"
"Cc1cncc(S(=O)(=O)F)n1",176.00557662,"Covalent"
"O=C(O)c1cc(OS(=O)(=O)F)cs1",225.940593416,"Covalent"
"CN1C(=O)C=C[C@@H]2[C@H]1C[C@H]2S(=O)(=O)F",219.0365424,"Covalent"
"N#Cc1cc(N(C#N)CCCCCF)ccc1F",249.107753856,"Covalent"
"Cc1ccc(F)c(N(C#N)CCCO)c1",208.101191256,"Covalent"
"CCOC(=O)CN(C#N)c1ccc(OC)cc1",234.100442308,"Covalent"
"CCOC(=O)C1CCCN1C#N",168.089877624,"Covalent"
"C=CS(=O)(=O)N(CC(C)C)C1CC1",203.097999784,"Covalent"
"N#CCN(C#N)c1ccc(F)cc1",175.054575412,"Covalent"
"O=Cc1c[nH]nc1-c1ccc(Br)cc1",249.974174944,"Covalent"
"C=CS(=O)(=O)N1Cc2ccccc2C1",209.051049592,"Covalent"
"O=C1c2ccccc2C(=O)N1CC1CO1",203.058243148,"Covalent"
"c1cc2c(cc1COCC1CO1)OCO2",208.073558864,"Covalent"
"C=CS(=O)(=O)N1CCC(c2ccccc2)C1",237.08234972,"Covalent"
"c1ccc(Oc2ccc(OCC3CO3)cc2)cc1",242.094294308,"Covalent"
"CCc1cccc(N(C#N)Cc2cc(C)no2)c1",241.1215121,"Covalent"
"C=C(Cl)CN(C#N)c1ccc(F)c(C#N)c1",235.031253124,"Covalent"
"COc1ccc(N(C#N)CCCC#N)cc1",215.105862036,"Covalent"
"COc1ccc(N(C#N)CCCF)cc1",208.101191256,"Covalent"
"CC(C)C1c2ccccc2CCN1C(=O)C1CO1",245.141578848,"Covalent"
"O=C(NC1(c2ccccc2F)CCCC1)C1CO1",249.116506972,"Covalent"
"CN1CCCC(NC(=O)C2CO2)c2ccccc21",246.136827816,"Covalent"
"Cc1ccc(F)c(N(C#N)CCCC#N)c1",217.101525604,"Covalent"
"C=CS(=O)(=O)NCC(C)c1cccc(F)n1",244.068176876,"Covalent"
"C=CS(=O)(=O)NC1(c2ccccc2)COC1",239.061614276,"Covalent"
"C=CS(=O)(=O)N1CCC(c2ccon2)C1",228.056863244,"Covalent"
"C=CS(=O)(=O)NC(C1CCC1)C1CCCO1",245.108564468,"Covalent"
"C=CS(=O)(=O)NCC1(C(=O)OC)CCCO1",249.06709358,"Covalent"
"C=CS(=O)(=O)N1CCC2(CCCCO2)C1",231.092914404,"Covalent"
"CCc1cccc(N(C#N)Cc2ccon2)c1",227.105862036,"Covalent"
"C=CS(=O)(=O)N1Cc2ccc(OC)cc2C1",239.061614276,"Covalent"
"CCc1nnc(CN(C#N)c2ccc(F)cc2)o1",246.091689192,"Covalent"
"C=CS(=O)(=O)CCC(=O)Nc1cnnn1C",244.063011244,"Covalent"
"Cc1ncc(COP(=O)(O)O)c(C=O)c1O",247.02457367,"Covalent"
"CC(=O)Nc1ccc(OCC2CO2)cc1",207.089543276,"Covalent"
"C=CS(=O)(=O)N1CCCC1c1cnn(C)c1",241.08849772,"Covalent"
"C=CS(=O)(=O)N1CCc2ccsc2C1C",243.038770656,"Covalent"
"C=CS(=O)(=O)NCc1noc(C(C)(C)C)n1",245.08341234,"Covalent"
"C=CS(=O)(=O)NCC(O)c1cccs1",233.018035212,"Covalent"
"C=CS(=O)(=O)N1CC(C(=O)OC)C1",205.040878832,"Covalent"
"Cc1nc(-c2ccc(OCC3CO3)cc2)cs1",247.066699656,"Covalent"
"O=C(c1cccc(OCC2CO2)c1)N1CCCC1",247.120843404,"Covalent"
"CC(Cl)C(=O)N(C)CCC1CCCCN1C",246.14989103599999,"Covalent"
"CCc1cccc(N(C#N)CC2CCOC2)c1",230.141913196,"Covalent"
"Cn1nccc1-c1cc(F)ccc1OCC1CO1",248.096105876,"Covalent"
"C=CS(=O)(=O)N1CCn2ncc(Cl)c2C1",247.01822524,"Covalent"
"C=CS(=O)(=O)CCN1CCOC(C)(C)C1C",247.124214532,"Covalent"
"Cn1cnc(CCCC=O)c1",152.094963004,"Covalent"
"C=CS(=O)(=O)N1CCOC2(CCC2)CC1",231.092914404,"Covalent"
"O=C(CCl)NCCc1cccc(Cl)c1F",249.01234752,"Covalent"
"C=CC(=O)N(C)Cc1cnc2ccc(Cl)cn12",249.066889684,"Covalent"
"C=CS(=O)(=O)NCC1(O)CCCC1C",219.092914404,"Covalent"
"C=CS(=O)(=O)NCc1cn(C)nc1CC",229.08849772,"Covalent"
"C=CS(=O)(=O)NCCc1ccccc1",211.066699656,"Covalent"
"C=CS(=O)(=O)NCCOCC(F)(F)F",233.03334884,"Covalent"
"C=CS(=O)(=O)N1CCCC2(C1)OCCO2",233.07217896,"Covalent"
"C=CS(=O)(=O)N(C)Cc1cc[nH]n1",201.057197592,"Covalent"
"C=CS(=O)(=O)NCc1ccc(Cl)o1",220.991341796,"Covalent"
"C=CS(=O)(=O)NCC1CC(C)(C)OC1(C)C",247.124214532,"Covalent"
"C=CS(=O)(=O)N(Cc1ccoc1)C1CC1",227.061614276,"Covalent"
"C=CS(=O)(=O)NCc1sccc1Cl",236.968498176,"Covalent"
"Cn1nc(CCNC(=O)C2CO2)c2ccccc21",245.11642672,"Covalent"
"O=C(C1CO1)N1CCC[C@H]1COc1ccccc1",247.120843404,"Covalent"
"O=C(C1CO1)N1CCCC1CCc1ccccc1",245.141578848,"Covalent"
"CCn1ncnc1CN(C#N)c1ccc(F)cc1",245.10767360399998,"Covalent"
"Cn1cc(CN(C#N)c2ccccc2)cn1",212.106196384,"Covalent"
"O=C(C1CO1)N1CCCC(F)(c2ccccc2)C1",249.116506972,"Covalent"
"COC(=O)c1ccc(CN(C)C(=O)C2CO2)cc1",249.10010796,"Covalent"
"C=CS(=O)(=O)NC(CO)CC(F)(F)F",233.03334884,"Covalent"
"C=CS(=O)(=O)NCc1ncoc1C1CC1",228.056863244,"Covalent"
"N#CN(Cc1cccc(F)c1)c1ccccc1",226.090626572,"Covalent"
"C=CS(=O)(=O)N1CC(c2ccccc2)C1",223.066699656,"Covalent"
"C=CS(=O)(=O)N1CCn2nccc2C1",213.057197592,"Covalent"
"C=CS(=O)(=O)NC(C)c1cnn(CC)c1",229.08849772,"Covalent"
"C=CS(=O)(=O)N(C)Cc1ncc(C2CC2)o1",242.072513308,"Covalent"
"C=CS(=O)(=O)NCc1ccc(C)nc1OC",242.072513308,"Covalent"
"C=CS(=O)(=O)N1CCCCC1C(C)(C)C",231.129299912,"Covalent"
"C=CS(=O)(=O)NC1CC1Cc1ccccc1",237.08234972,"Covalent"
"C=C=CCNS(=O)(=O)C=C",159.035399528,"Covalent"
"C=CS(=O)(=O)N(CC)C(C)COC",207.092914404,"Covalent"
"N#CN(CC1(C#N)CC1)c1ccc(F)cc1",215.08587554,"Covalent"
"Cc1cc(C)cc(CN(C#N)c2nncs2)c1",244.078267384,"Covalent"
"C=CS(=O)(=O)NCc1ccc(F)nc1C",230.052526812,"Covalent"
"C=CS(=O)(=O)N1Cc2cccc(F)c2C1",227.04162778,"Covalent"
"O=C(CCl)N1CCN(c2cccnc2)CC1",239.082539748,"Covalent"
"C=CS(=O)(=O)NC1(c2nccs2)CCC1",244.034019624,"Covalent"
"C=CS(=O)(=O)N1C[C@@H](C)OC[C@H]1C",205.07726434,"Covalent"
"O=C(CCl)NCCCCc1cn[nH]c1",215.082539748,"Covalent"
"CC1(c2ccccc2)CCCN(C(=O)C2CO2)C1",245.141578848,"Covalent"
"CC(C)c1cccc2c1CCN(C(=O)C1CO1)C2",245.141578848,"Covalent"
"O=C(N[C@@H]1CC[C@H]1OCc1ccccc1)C1CO1",247.120843404,"Covalent"
"C=CCc1ccc(OCC2CO2)c(OC)c1",220.109944372,"Covalent"
"C=CS(=O)(=O)N1C[C@H](COC)OC(C)(C)C1",249.103479088,"Covalent"
"Cc1noc(C)c1-c1ccc(OCC2CO2)cc1",245.10519334,"Covalent"
"CCN1C(=O)CCc2c(OCC3CO3)cccc21",247.120843404,"Covalent"
"C=CS(=O)(=O)N1CCCCC(C)C1",203.097999784,"Covalent"
"C=CS(=O)(=O)NC1CC(=O)N(C2CC2)C1",230.072513308,"Covalent"
"C=CS(=O)(=O)NCc1ccc(CC)c(F)c1",243.072927908,"Covalent"
"C=CS(=O)(=O)NCc1ccc(Cl)nc1",232.007326208,"Covalent"
"C=CS(=O)(=O)N(C)C12CCC(CC1)C2",215.097999784,"Covalent"
"C=CS(=O)(=O)N1CCC(n2cnnn2)CC1",243.078995656,"Covalent"
"C=CS(=O)(=O)NCC(C)C(C)(C)C",205.113649848,"Covalent"
"C=CS(=O)(=O)NC(C)c1ccccc1",211.066699656,"Covalent"
"C=CS(=O)(=O)NC(C)c1sc(C)nc1C",246.049669688,"Covalent"
"C=CS(=O)(=O)NC(C(C)C)C1CCC1",217.113649848,"Covalent"
"C=CS(=O)(=O)NCC1CCC(F)(F)CC1",239.07915616,"Covalent"
"C=CS(=O)(=O)NCC1CC(OC)C1",205.07726434,"Covalent"
"C=CS(=O)(=O)NCCC1CCCCCC1",231.129299912,"Covalent"
"C=CS(=O)(=O)NCCc1ccccc1CC",239.097999784,"Covalent"
"C=CS(=O)(=O)NCC(C)(C)c1nc(C)no1",245.08341234,"Covalent"
"C=CS(=O)(=O)NC(CC)C(C)(C)C(=O)OC",249.103479088,"Covalent"
"C=CS(=O)(=O)NC1(C#N)CCCC(C)C1",228.093248752,"Covalent"
"Cc1ncc(CO)c(C=O)c1O",167.058243148,"Covalent"
"Fc1cc(Br)cc(OCC2CO2)c1",245.969169816,"Covalent"
"C=CS(=O)(=O)N(C)c1ccccc1",197.051049592,"Covalent"
"COc1ccccc1COCC1CO1",194.094294308,"Covalent"
"C=CS(=O)(=O)c1ccc(C(C)(C)C)cc1",224.087100752,"Covalent"
"CC(C)NC(=O)CN(C#N)c1ccccc1",217.1215121,"Covalent"
"C=CS(=O)(=O)NCC1CNC(=O)C(C)(C)C1",246.103813436,"Covalent"
"C=CS(=O)(=O)N1CCCC1C(C)(C)C",217.113649848,"Covalent"
"C=CS(=O)(=O)NC(C)c1cc[nH]n1",201.057197592,"Covalent"
"C=CS(=O)(=O)NCCOc1cccnc1C",242.072513308,"Covalent"
"C=CS(=O)(=O)NCCc1ccnc(Cl)c1",246.022976272,"Covalent"
"C=CS(=O)(=O)N1CCC1Cc1ccccc1",237.08234972,"Covalent"
"C=CS(=O)(=O)N1CCC[C@@H]1c1n[nH]c(=O)o1",245.047026832,"Covalent"
"O=C1CCCCN1c1cccc(OCC2CO2)c1",247.120843404,"Covalent"
"Cc1cc(=O)n(C)c2cc(OCC3CO3)ccc12",245.10519334,"Covalent"
"COc1ccc(-n2cc(OCC3CO3)cn2)cc1",246.100442308,"Covalent"
"C=CS(=O)(=O)NCC(O)C1CCCC1",219.092914404,"Covalent"
"C=CS(=O)(=O)NC1CN(C)CC(F)(F)C1",240.074405128,"Covalent"
"C=CS(=O)(=O)NC(=O)c1ccccc1",211.030314148,"Covalent"
"COc1ccc2c(c1)CCN(C(=O)C1CO1)CC2",247.120843404,"Covalent"
"O=C(C1CO1)N(Cc1ccccc1F)C1CCC1",249.116506972,"Covalent"
"CC1(CNC(=O)C2CO2)OCCc2ccccc21",247.120843404,"Covalent"
"O=C(NC[C@H]1CC[C@@H](c2ccccc2)O1)C1CO1",247.120843404,"Covalent"
"CC1CN(C(=O)C2CO2)CC(c2ccccc2)O1",247.120843404,"Covalent"
"C=CS(=O)(=O)NCC1(CO)CC(C)C1",219.092914404,"Covalent"
"Cc1nc(CN(C#N)c2ccc(F)cc2)no1",232.076039128,"Covalent"
"C=CS(=O)(=O)NCc1cccc(C)c1O",227.061614276,"Covalent"
"C=CS(=O)(=O)NC1CC(OC)C1",191.061614276,"Covalent"
"C=CS(=O)(=O)NC(C)C1CCOC1",205.07726434,"Covalent"
"C=CS(=O)(=O)NCc1ccc(Cl)s1",236.968498176,"Covalent"
"C=CS(=O)(=O)NCC(C)(C)COCC",221.108564468,"Covalent"
"C=CS(=O)(=O)N1CCN(C(=O)NC)CC1",233.08341234,"Covalent"
"C=CS(=O)(=O)NCC1CCC(C2CC2)O1",231.092914404,"Covalent"
"C=CS(=O)(=O)N1C[C@H](C2CC2)[C@@H](O)C1",217.07726434,"Covalent"
"CCc1cccc(N(C#N)CCn2cncn2)c1",241.13274547999998,"Covalent"
"O=C(NCC1(Cc2ccccc2)CCC1)C1CO1",245.141578848,"Covalent"
"C=CS(=O)(=O)NCC1CCc2ccccc21",237.08234972,"Covalent"
"C=CS(=O)(=O)N1CC(COC)(C2CCC2)C1",245.108564468,"Covalent"
"C=CS(=O)(=O)N(C)[C@H](C)c1ccccc1C",239.097999784,"Covalent"
"CCN(C#N)c1ccc(Cl)cc1",180.045425968,"Covalent"
"C=CS(=O)(=O)N(C)C1CCCCC1C",217.113649848,"Covalent"
"COc1ccc2cc(C=O)c(O)nc2c1",203.058243148,"Covalent"
"O=C(NC1CCOC(c2ccccc2)C1)C1CO1",247.120843404,"Covalent"
"O=C(NCc1nnnn1-c1ccccc1)C1CO1",245.091274592,"Covalent"
"CC(C)c1ccc2c(c1)CN(C(=O)C1CO1)CC2",245.141578848,"Covalent"
"COc1ccccc1C1(CNC(=O)C2CO2)CC1",247.120843404,"Covalent"
"COCCCCN(C#N)c1ccc(F)cc1",222.11684132,"Covalent"
"C=CS(=O)(=O)N(C)CC1(OCC)CCOC1",249.103479088,"Covalent"
"N#CN(CCn1cncn1)c1ccccc1",213.10144535199998,"Covalent"
"N#CN(CCOCCO)c1ccc(F)cc1",224.096105876,"Covalent"
"CCNC(=O)CN(C#N)c1ccc(F)cc1",221.096440224,"Covalent"
"N#CN(C[C@H]1C[C@@H](O)C1)c1ccc(F)cc1",220.101191256,"Covalent"
"Cc1ccc(F)c(N(C#N)Cc2nccn2C)c1",244.112424636,"Covalent"
"N#CN(CC1CCOC1)c1ccc(F)cc1",220.101191256,"Covalent"
"COC(=O)CCCN(C#N)c1ccc(F)cc1",236.096105876,"Covalent"
"C=CS(=O)(=O)N1CC(C)CC1CC",203.097999784,"Covalent"
"C=CS(=O)(=O)NCc1ccn(C(F)F)n1",237.038353968,"Covalent"
"C=CS(=O)(=O)NCC1(OC)CCC(C)(C)C1",247.124214532,"Covalent"
"C=CS(=O)(=O)NCc1ccnc(F)c1",216.036876748,"Covalent"
"C=CS(=O)(=O)N(C)Cc1cc(F)ccc1C",243.072927908,"Covalent"
"C=CS(=O)(=O)N1CCCC[C@@H]1c1ccon1",242.072513308,"Covalent"
"C=CS(=O)(=O)NCc1cc(COC)cs1",247.033685276,"Covalent"
"C=CS(=O)(=O)N[C@@H](CO)c1ccc(F)cc1",245.052192464,"Covalent"
"C=CS(=O)(=O)NCc1cc(C)cnc1F",230.052526812,"Covalent"
"C=CS(=O)(=O)NCC(CC(C)(C)C)OC",235.124214532,"Covalent"
"C=CS(=O)(=O)N1[C@H](CC)CC[C@@H]1C",203.097999784,"Covalent"
"C=CS(=O)(=O)NC[C@]12CCC[C@H]1CCO2",231.092914404,"Covalent"
"C=CS(=O)(=O)NCc1nc(C(C)C)cs1",246.049669688,"Covalent"
"C=CS(=O)(=O)NC(C#N)(CC)CC",202.077598688,"Covalent"
"C=CS(=O)(=O)N1CC2(CCC(C)OC2)C1",231.092914404,"Covalent"
"C=CS(=O)(=O)Nc1ccc(F)cc1",201.025977716,"Covalent"
"C=CS(=O)(=O)c1ccc([N+](=O)[O-])nc1",214.004827672,"Covalent"
"O=C(CCl)NCCCCn1ccnc1",215.082539748,"Covalent"
"C=CS(=O)(=O)N(C)Cc1scnc1C",232.034019624,"Covalent"
"COc1ccc2nc(O)c(C=O)cc2c1",203.058243148,"Covalent"
"CC(C)(C)OC(=O)N1CCN(C#N)CC1",211.132076784,"Covalent"
"COc1ccc(C=O)cc1CN1CCCCCC1",247.157228912,"Covalent"
"CN1CCN(CCOc2ccc(C=O)cc2)CC1",248.15247788,"Covalent"
"CCN(C#N)c1ccc(F)c(C#N)c1",189.070225476,"Covalent"
"CS(=O)(=O)CCN(C#N)c1ccccc1",224.061948624,"Covalent"
"CCc1cccc(N(C#N)Cc2cnn(C)c2)c1",240.13749651199998,"Covalent"
"CC(C)OCCCN(C#N)c1ccc(F)cc1",236.132491384,"Covalent"
"CCN(C#N)CCSc1nnc(O)[nH]1",213.068430972,"Covalent"
"C=CS(=O)(=O)N1CC[C@H]2OCC[C@H]2C1",217.07726434,"Covalent"
"C=CS(=O)(=O)N(Cc1ccco1)C1CC1",227.061614276,"Covalent"
"C=CS(=O)(=O)N1CCC(O)CC(C)C1",219.092914404,"Covalent"
"COc1ccccc1C(C)(C)CNC(=O)C1CO1",249.136493468,"Covalent"
"CC(C)(C)OC(=O)Nc1nccc(O)c1C=O",238.095356928,"Covalent"
"C=CS(=O)(=O)N[C@@H](CO)c1ccccc1",227.061614276,"Covalent"
"C=CS(=O)(=O)NC(C)c1cc(C)sc1C",245.05442072,"Covalent"
"C=CS(=O)(=O)N1CCC(C)(C#N)C1",200.061948624,"Covalent"
"C=CS(=O)(=O)NCC1CCCC(F)(F)C1",239.07915616,"Covalent"
"C=CS(=O)(=O)N(C)C1(CO)CC2(CCC2)C1",245.108564468,"Covalent"
"COc1ccc2c(c1)CCCN(C(=O)C1CO1)C2",247.120843404,"Covalent"
"O=C(C1CO1)N1CCCCCC1c1ccccc1",245.141578848,"Covalent"
"Cc1ccccc1C1CCN(C(=O)C2CO2)CC1",245.141578848,"Covalent"
"CC1(Cc2ccccc2)CCCN1C(=O)C1CO1",245.141578848,"Covalent"
"COc1cccc([C@H]2C[C@H](NC(=O)C3CO3)C2)c1",247.120843404,"Covalent"
"O=C(C1CO1)N1CCOCC1Cc1ccccc1",247.120843404,"Covalent"
"O=C(NCc1nc(-c2ccccc2)no1)C1CO1",245.080041212,"Covalent"
"Cn1c(CNC(=O)CCl)nc2cccnc21",238.062138652,"Covalent"
"c1csc(Oc2ccc(OCC3CO3)cc2)n1",249.045964212,"Covalent"
"Cc1nc(-c2ccccc2OCC2CO2)cs1",247.066699656,"Covalent"
"CCn1cc(-c2ccc(OCC3CO3)cc2)nn1",245.11642672,"Covalent"
"C=CS(=O)(=O)NCc1c(C)ccnc1C",226.077598688,"Covalent"
"CC(C)c1nn(C(C)(C)C)c(O)c1C=O",210.136827816,"Covalent"
"C=CS(=O)(=O)N(CC)C[C@@H](O)C(F)(F)F",247.048998904,"Covalent"
"C=CS(=O)(=O)N1Cc2ccc(C)cc2C1",223.066699656,"Covalent"
"C=CS(=O)(=O)N1CCCC1c1ncccn1",239.072847656,"Covalent"
"C=CS(=O)(=O)N1CC(Oc2ccccc2)C1",239.061614276,"Covalent"
"C=CS(=O)(=O)N[C@H]1COC[C@H]1n1cccn1",243.067762276,"Covalent"
"C=CS(=O)(=O)NCc1ccc(C#N)cc1F",240.036876748,"Covalent"
"COc1cccc(COCC2CO2)c1",194.094294308,"Covalent"
"C=CS(=O)(=O)NCc1ccccc1C(C)C",239.097999784,"Covalent"
"Cc1ccc2c(Cl)c(OCC3CO3)ccc2n1",249.055656304,"Covalent"
"C=CS(=O)(=O)N1CC[C@H]2C(OC)C(C)(C)[C@H]21",245.108564468,"Covalent"
"C=CS(=O)(=O)N1CCC2(CCCC2)CC1",229.113649848,"Covalent"
"CC=Cc1ccc(OCC2CO2)c(OC)c1",220.109944372,"Covalent"
"C=CS(=O)(=O)c1cc(OC)ccc1[N+](=O)[O-]",243.020143388,"Covalent"
"C=CS(=O)(=O)c1cccc(OC)c1[N+](=O)[O-]",243.020143388,"Covalent"
"CCc1cccc(N(C#N)CC(=O)OC)c1",218.105527688,"Covalent"
"CCc1cccc(N(C#N)CCOCCO)c1",234.136827816,"Covalent"
"C=CS(=O)(=O)N(C)CC1(C)CCCO1",219.092914404,"Covalent"
"Cc1ccc(F)c(N(C#N)CCn2cncn2)c1",245.10767360399998,"Covalent"
"CN1Cc2ccc(C=O)cc2C1=O",175.063328528,"Covalent"
"C=CS(=O)(=O)CCC(=O)Nc1nccs1",246.01328418,"Covalent"
"Cc1ccc(F)c(N(C#N)Cc2nnc(C)o2)c1",246.091689192,"Covalent"
"Cc1nc(CN(C#N)c2ccc(F)cc2)oc1C",245.096440224,"Covalent"
"N#CN(CC(=O)N1CCNC1=O)c1ccccc1",244.096025624,"Covalent"
"C=CCNC(=O)CN(C#N)c1ccccc1",215.105862036,"Covalent"
"C=CS(=O)(=O)N1CC2(C)CC1CC(C)(C)C2",243.129299912,"Covalent"
"C=CC(=O)NCC(c1cn(C)cn1)N1CCCC1",248.16371125999999,"Covalent"
"C=CS(=O)(=O)N(C)CC(C)O",179.061614276,"Covalent"
"C=CS(=O)(=O)NCc1csc(C)c1C",231.038770656,"Covalent"
"C=CS(=O)(=O)NC(C)c1ccns1",218.01836956,"Covalent"
"C=CS(=O)(=O)NCc1coc(CC)n1",216.056863244,"Covalent"
"COc1ccccc1C1CCN(C(=O)C2CO2)C1",247.120843404,"Covalent"
"O=C(C1CO1)N1CCCC(c2ccccc2)CC1",245.141578848,"Covalent"
"COc1ccc(CN(C(=O)C2CO2)C2CC2)cc1",247.120843404,"Covalent"
"Cc1ccc(N2CCN(C(=O)C3CO3)CC2)cc1",246.136827816,"Covalent"
"O=C(NCc1ccccc1OCC1CC1)C1CO1",247.120843404,"Covalent"
"C[C@@H](NC(=O)C1CO1)c1ccc2c(c1)CCCC2",245.141578848,"Covalent"
"C=CS(=O)(=O)N1Cc2cnn(C)c2C1",213.057197592,"Covalent"
"C=CS(=O)(=O)N1CCc2ccn(C)c2C1",226.077598688,"Covalent"
"C=CC(=O)Nc1ccc(CN2CCCCC2)nc1",245.152812228,"Covalent"
"C=CS(=O)(=O)CCN1CCNC(=O)C1(C)C",246.103813436,"Covalent"
"C=CS(=O)(=O)N1CCOC2(CCCC2)C1",231.092914404,"Covalent"
"C=CS(=O)(=O)NC1CCOC1",177.045964212,"Covalent"
"C=CS(=O)(=O)N(C)Cc1ccccc1O",227.061614276,"Covalent"
"C=CS(=O)(=O)NCc1c(C)cnn1C",215.072847656,"Covalent"
"C=CS(=O)(=O)NCC(C)(C)n1cccn1",229.08849772,"Covalent"
"C=CS(=O)(=O)NCc1nc(C)cc(C)n1",227.072847656,"Covalent"
"C=CS(=O)(=O)N1CCCC1c1ccc(C)o1",241.07726434,"Covalent"
"O=C1CCC(Cc2cccc(OCC3CO3)c2)O1",248.104858992,"Covalent"
"C=CS(=O)(=O)N[C@@H]1C[C@H]1c1ccccc1",223.066699656,"Covalent"
"C=CS(=O)(=O)NC1C2CCC3C(C2)CC31",227.097999784,"Covalent"
"C=CS(=O)(=O)NCc1cccc(OCC)n1",242.072513308,"Covalent"
"O=C(NCc1noc(-c2ccccc2)n1)C1CO1",245.080041212,"Covalent"
"O=C(C1CO1)N1CCCC(Oc2ccccc2)C1",247.120843404,"Covalent"
"CC1(C)C(c2ccccc2)CCN1C(=O)C1CO1",245.141578848,"Covalent"
"O=C(NCC1CCC2C(CC1)C2(F)F)C1CO1",245.122735224,"Covalent"
"CC(Cl)C(=O)N1CCn2ncc(O)c2C1",229.061804304,"Covalent"
"C=CS(=O)(=O)N1CCn2ncc(O)c2C1",229.052112212,"Covalent"
"C=CS(=O)(=O)NC[C@H](O)c1ccccc1",227.061614276,"Covalent"
"C=CS(=O)(=O)NC[C@@H](C)n1ccnn1",216.068096624,"Covalent"
"C=CS(=O)(=O)N1CCCC(CO)(C(C)C)C1",247.124214532,"Covalent"
"C=CS(=O)(=O)NC[C@H]1C[C@H](CF)C1",207.072927908,"Covalent"
"C=CS(=O)(=O)NC(C)(C)C(O)CO",209.07217896,"Covalent"
"C=CS(=O)(=O)N(C)C(=O)c1ccccc1",225.045964212,"Covalent"
"C=CS(=O)(=O)NCCc1cccnc1Cl",246.022976272,"Covalent"
"C=CS(=O)(=O)NCCNC(=O)c1ccco1",244.051777864,"Covalent"
"C=CS(=O)(=O)NC(C)Cn1cc(C)cn1",229.08849772,"Covalent"
"C=CS(=O)(=O)NCc1cc(C(C)(C)C)on1",244.088163372,"Covalent"
"C=CS(=O)(=O)NC(c1cnn(C)c1)C(C)C",243.104147784,"Covalent"
"C=CS(=O)(=O)N[C@@H]1C[C@H]1c1cccc(F)c1",241.057277844,"Covalent"
"C=CS(=O)(=O)NCc1ccc(Cl)cc1O",247.00699186,"Covalent"
"C=CS(=O)(=O)NC1(C)CCC2(CC2)CC1",229.113649848,"Covalent"
"C=CS(=O)(=O)NCc1cccc(F)c1Cl",249.002655428,"Covalent"
"C=CS(=O)(=O)N(C)CCOCCOC",223.087829024,"Covalent"
"COc1cc(OCC2CO2)cc(C(F)(F)F)c1",248.066028872,"Covalent"
"O=C(c1ccc(OCC2CO2)cc1)N1CCCC1",247.120843404,"Covalent"
"C=CS(=O)(=O)N[C@@H](CC)c1ccccn1",226.077598688,"Covalent"
"C=CS(=O)(=O)NC[C@@H](C)OC(C)(C)C",221.108564468,"Covalent"
"C=CS(=O)(=O)N1CCCC1C1CCCO1",231.092914404,"Covalent"
"C=CS(=O)(=O)N(CC)CCc1ccccn1",240.093248752,"Covalent"
"C=CS(=O)(=O)NC1(c2nccs2)COC1",246.01328418,"Covalent"
"C=CS(=O)(=O)N1CCCC(n2ccnn2)C1",242.083746688,"Covalent"
"C=CS(=O)(=O)N(CC)C1CCC(=O)NC1",232.088163372,"Covalent"
"C=CS(=O)(=O)N1CCN(C)CC1C1CC1",230.108898816,"Covalent"
"C=CS(=O)(=O)N(C1CC1)C(C)C(C)CC",231.129299912,"Covalent"
"CCc1cccc(N(C#N)Cc2cc(C)on2)c1",241.1215121,"Covalent"
"C=CS(=O)(=O)N1CC(n2cnnn2)C1",215.047695528,"Covalent"
"C=CS(=O)(=O)NCC(C)c1cccs1",231.038770656,"Covalent"
"C=CS(=O)(=O)NCCc1c(F)cncc1F",248.043105,"Covalent"
"C=CS(=O)(=O)NCc1cnc(F)c(C)c1",230.052526812,"Covalent"
"C=CS(=O)(=O)N(CCO)Cc1cccnc1",242.072513308,"Covalent"
"C=CS(=O)(=O)N1CCCC2(CCCCO2)C1",245.108564468,"Covalent"
"C=CS(=O)(=O)NCC(C)CN1CCOCC1",248.1194635,"Covalent"
"C=CS(=O)(=O)N(CC)C1CCOC(C)(C)C1",247.124214532,"Covalent"
"C=CS(=O)(=O)N[C@@H](C)COCC",193.07726434,"Covalent"
"C=CS(=O)(=O)NC(c1nccn1C)C(C)C",243.104147784,"Covalent"
"C=CS(=O)(=O)NCCOCCC(=O)OC",237.06709358,"Covalent"
