sep=,
SMILES,Catalog ID,MW,MW (desalted),ClogP,logS,HBD,HBA,TPSA,RotBonds,AnalogsFromREAL
O=C(NC1CCC(=O)NC1=O)C=2NN=C3C=C(C=CC23)OC(F)(F)F,Z1474296518,356.257,356.257,2.081,-4.382,3,5,113.18,4,https://real.enamine.net/public-enum-files/Z1474296518
CN1N=NC(CNC(=O)C=2N=CN3C=CC=CC23)=C1C(=O)NC4CCC(=O)NC4=O,Z9302745095,410.388,410.388,-1.238,-2.23,3,7,152.38,5,https://real.enamine.net/public-enum-files/Z9302745095
O=C(NC1CCC(=O)NC1=O)C2=CSC(=C2)CNC(=O)C3=CC=C4NC=CC4=C3,Z9302745110,410.448,410.448,0.915,-4.9,4,4,120.16,5,https://real.enamine.net/public-enum-files/Z9302745110
CCCN1C=C(N=N1)C(=O)NCC2=CC(=CS2)C(=O)NC3CCC(=O)NC3=O,Z9302745113,404.445,404.445,-0.35,-2.651,3,6,135.08,7,https://real.enamine.net/public-enum-files/Z9302745113
O=C(NC1CCC(=O)NC1=O)C=2C=NNC2CCNC(=O)C3CCC=4C=CC=CC43,Z9302745120,409.439,409.439,-0.336,-3.373,4,5,133.05,6,https://real.enamine.net/public-enum-files/Z9302745120
O=C(O)C(F)(F)F.CCN1CCOC(C1)C(=O)NCC=2C=COC2C(=O)NC3CCC(=O)NC3=O,Z9311796102,506.431,392.407,-1.279,-2.566,3,6,129.98,7,https://real.enamine.net/public-enum-files/Z9311796102
CN1C=C(C=N1)C(O)C(=O)NCC=2C=C(ON2)C(=O)NC3CCC(=O)NC3=O,Z9302745162,390.352,390.352,-2.798,-0.802,4,7,168.45,6,https://real.enamine.net/public-enum-files/Z9302745162
CNC=1C=C(C=CN1)C(=O)NCC=2C=CSC2C(=O)NC3CCC(=O)NC3=O,Z9302745221,401.442,401.442,0.165,-3.226,4,6,129.29,6,https://real.enamine.net/public-enum-files/Z9302745221
O=C(NC1CCC(=O)NC1=O)C2=CC(CNC(=O)C=3C=CC=4NC=CC4N3)=NN2,Z9302745237,395.373,395.373,0.539,-3.158,5,6,161.73,5,https://real.enamine.net/public-enum-files/Z9302745237
O=C(NC1CCC(=O)NC1=O)C2=COC=3CN(CC23)C(=O)C=4C=CC=C5OC=CC45,Z9302745281,407.377,407.377,0.523,-4.442,2,4,121.86,3,https://real.enamine.net/public-enum-files/Z9302745281
O=C(NCC1=CC(=NO1)C(=O)NC2CCC(=O)NC2=O)C=3OC=C4CCCC34,Z9302745301,386.36,386.36,-0.13,-3.182,3,5,143.54,5,https://real.enamine.net/public-enum-files/Z9302745301
CC1(C#CC(=O)NCCC2=CC(=NO2)C(=O)NC3CCC(=O)NC3=O)CCCO1,Z9302745341,402.402,402.402,-0.895,-2.77,3,6,139.63,7,https://real.enamine.net/public-enum-files/Z9302745341
O=C(NC1CCC(=O)NC1=O)C=2C=NN(C2)CCNC(=O)C=3C=C4C=CNC4=CN3,Z9302745343,409.4,409.4,-0.153,-2.462,4,6,150.87,6,https://real.enamine.net/public-enum-files/Z9302745343
O=C(NC1CCC(=O)NC1=O)C=2C=NN(C2)CCNC(=O)C=3C=CC=C4OC=CC34,Z9302745350,409.396,409.396,0.28,-3.365,3,5,135.33,6,https://real.enamine.net/public-enum-files/Z9302745350
O=C(O)C(F)(F)F.CCN1CCOCC1C(=O)NCCN2C=C(C=N2)C(=O)NC3CCC(=O)NC3=O,Z9312344234,520.461,406.437,-0.852,-1.583,3,7,134.66,8,https://real.enamine.net/public-enum-files/Z9312344234
O=C(NCC=1OC=NC1C(=O)NC2CCC(=O)NC2=O)C=3C=NN4C=CC=CC34,Z9302745364,396.358,396.358,-0.904,-2.655,3,6,147.7,5,https://real.enamine.net/public-enum-files/Z9302745364
CC(C)(C)C1=NN=C(N1)C(=O)NC2CCC(=O)NC2=O,Z9213939915,279.296,279.296,0.16,-1.29,3,5,116.84,3,https://real.enamine.net/public-enum-files/Z9213939915
O=C(NC1CCC(=O)NC1=O)C=2C=NN3C(=O)C=CNC23,Z2028768398,289.248,289.248,-2.447,-1.911,3,6,122.19,2,https://real.enamine.net/public-enum-files/Z2028768398
O=C(NC1CCC(=O)NC1=O)C2=CC(CC=3C=CC=CC3)=NN2,Z2033421421,312.324,312.324,1.352,-3.112,3,4,103.95,4,https://real.enamine.net/public-enum-files/Z2033421421
CC=1C=CC(=CC1)N2N=C(Br)C=C2C(=O)NC3CCC(=O)NC3=O,Z1474303649,391.22,391.22,2.077,-4.65,2,4,93.09,3,https://real.enamine.net/public-enum-files/Z1474303649
O=C(NC1CCC(=O)NC1=O)C=2N=C(C=3C=CC=CC3)N(N2)C4=CC=CC(=C4)C(F)(F)F,Z1474292452,443.38,443.38,3.264,-5.256,2,5,105.98,5,https://real.enamine.net/public-enum-files/Z1474292452
CC1=C(SC=2N=C(N=C(C)C12)C3=CC=CO3)C(=O)NC4CCC(=O)NC4=O,Z1474304187,384.411,384.411,1.781,-4.934,2,5,114.19,3,https://real.enamine.net/public-enum-files/Z1474304187
O=C(NC1CCC(=O)NC1=O)C2=CN=C(S2)C=3C=NC=CN3,Z1474294360,317.325,317.325,-0.759,-1.328,2,6,113.94,3,https://real.enamine.net/public-enum-files/Z1474294360
CC(C)(C)N1C=C(C(=O)NC2CCC(=O)NC2=O)C(=N1)C=3C=CC(F)=CC3F,Z1474294749,390.385,390.385,1.916,-3.864,2,4,93.09,4,https://real.enamine.net/public-enum-files/Z1474294749
O=C(NC1CCC(=O)NC1=O)C=2SC=NC2C(F)(F)F,Z2229190131,307.251,307.251,-0.957,-2.953,2,4,88.16,3,https://real.enamine.net/public-enum-files/Z2229190131
CCC=1N=C2C=CC(Cl)=CN2C1C(=O)NC3CCC(=O)NC3=O,Z2186631548,334.758,334.758,1.725,-3.326,2,4,92.57,3,https://real.enamine.net/public-enum-files/Z2186631548
CCOC=1C=CC(=CC1)C2=NC(CC)=C(S2)C(=O)NC3CCC(=O)NC3=O,Z1942346971,387.455,387.455,2.644,-4.643,2,5,97.39,6,https://real.enamine.net/public-enum-files/Z1942346971
CCCCN1C=C(C(=O)NC2CCC(=O)NC2=O)C(C)=N1,Z1720098176,292.334,292.334,0.264,-1.627,2,4,93.09,5,https://real.enamine.net/public-enum-files/Z1720098176
O=C(NC1CCC(=O)NC1=O)C2=CN=C(CC=3C=CC=CC3F)S2,Z1727213984,347.366,347.366,1.523,-3.1,2,4,88.16,4,
CC1=NNC(=C1C(=O)NC2CCC(=O)NC2=O)C(F)F,Z1474294822,286.235,286.235,-1.041,-1.943,3,4,103.95,3,https://real.enamine.net/public-enum-files/Z1474294822
O=C(NC1CCC(=O)NC1=O)C=2C(=NNC2C(F)(F)F)C(F)(F)F,Z1474298588,358.197,358.197,-1.124,-3.506,3,4,103.95,4,
O=C(NC1CCC(=O)NC1=O)C2=CNN=C2C3=CC4=CC=CC=C4O3,Z1766397644,338.318,338.318,1.583,-3.629,3,4,117.09,3,https://real.enamine.net/public-enum-files/Z1766397644
CC=1OC(=C(C(=O)NC2CCC(=O)NC2=O)C1C)C=3C=CC=CC3,Z1766397666,326.347,326.347,1.63,-3.958,2,3,88.41,3,https://real.enamine.net/public-enum-files/Z1766397666
O=C(NC1CCC(=O)NC1=O)C=2SC=C3OCCOC23,Z2497637980,296.301,296.301,0.1,-2.66,2,5,93.73,2,https://real.enamine.net/public-enum-files/Z2497637980
CCC=1C=C(SC1C=2C=CC=CC2)C(=O)NC3CCC(=O)NC3=O,Z2497637999,342.414,342.414,2.872,-5.252,2,3,75.27,4,https://real.enamine.net/public-enum-files/Z2497637999
CC(C)(C)N1N=NC(=N1)C(=O)NC2CCC(=O)NC2=O,Z2514845321,280.284,280.284,-1.114,-0.543,2,6,118.87,3,https://real.enamine.net/public-enum-files/Z2514845321
CC=1C=C(OC1C(=O)NC2CCC(=O)NC2=O)S(N)(=O)=O,Z2634432230,315.304,315.304,-1.76,-2.396,3,5,148.57,3,https://real.enamine.net/public-enum-files/Z2634432230
O=C(NC1CCC(=O)NC1=O)C=2N=CNC2C(F)(F)F,Z2634432520,290.199,290.199,-1.063,-2.731,3,4,103.95,3,https://real.enamine.net/public-enum-files/Z2634432520
CC(C)N1C=C(C(=O)NC2CCC(=O)NC2=O)C(=N1)C3CCOCC3,Z2652487733,348.398,348.398,-1.063,-1.492,2,5,102.32,4,https://real.enamine.net/public-enum-files/Z2652487733
O=C(NC1CCC(=O)NC1=O)C2=C(Br)N=C3COCCN23,Z2659239759,357.16,357.16,-1.64,-2.325,2,5,102.32,2,https://real.enamine.net/public-enum-files/Z2659239759
O=C(NC1CCC(=O)NC1=O)C2=NC=C3CCCCN23,Z2773305753,276.292,276.292,-0.008,-0.967,2,4,93.09,2,https://real.enamine.net/public-enum-files/Z2773305753
CC=1N=C(SC1C(=O)NC2CCC(=O)NC2=O)C=3C=C(Cl)C=CC3Cl,Z2957850719,398.265,398.265,2.753,-5.296,2,4,88.16,3,https://real.enamine.net/public-enum-files/Z2957850719
CC1(C)CCC=2C(=CSC2C1)C(=O)NC3CCC(=O)NC3=O,Z2976559258,320.408,320.408,2.656,-3.96,2,3,75.27,2,https://real.enamine.net/public-enum-files/Z2976559258
O=C(NC1CCC(=O)NC1=O)C2=CSC3=NC=CN23,Z3049762784,278.289,278.289,0.076,-2.425,2,4,92.57,2,https://real.enamine.net/public-enum-files/Z3049762784
CCC(C)N1N=CC=C1C(=O)NC2CCC(=O)NC2=O,Z3086176399,278.308,278.308,0.115,-1.665,2,4,93.09,4,https://real.enamine.net/public-enum-files/Z3086176399
CC1=C(NC=2C=CC(=CC12)C(C)C)C(=O)NC3CCC(=O)NC3=O,Z3298912929,327.378,327.378,2.38,-5.094,3,3,91.06,3,https://real.enamine.net/public-enum-files/Z3298912929
CN1C(Cl)=C(C(=O)NC2CCC(=O)NC2=O)C=3C=C(Cl)C(Cl)=CC31,Z3541231204,388.632,388.632,2.237,-5.112,2,3,80.2,2,https://real.enamine.net/public-enum-files/Z3541231204
O=C(NC1CCC(=O)NC1=O)C=2NC=3C=CC=CC3C2C4CC4,Z4021440299,311.336,311.336,1.097,-4.461,3,3,91.06,3,https://real.enamine.net/public-enum-files/Z4021440299
CC=1N=C2C=CC(C)=CN2C1C(=O)NC3CCC(=O)NC3=O,Z4484640132,300.313,300.313,0.975,-2.659,2,4,92.57,2,https://real.enamine.net/public-enum-files/Z4484640132
CC1=NC=C(C(=O)N[C@@H]2CCC(=O)NC2=O)N1C=3C=CC=CC3,Z4917770414,312.324,312.324,1.492,-2.441,2,4,93.09,3,https://real.enamine.net/public-enum-files/Z4917770414
CN1C=C(C(=O)N[C@@H]2CCC(=O)NC2=O)C(=N1)C3=CC=C(Cl)S3,Z4917773463,352.797,352.797,1,-3.744,2,4,93.09,3,https://real.enamine.net/public-enum-files/Z4917773463
CCCCCC1=CC=C(O1)C(=O)NC2CCC(=O)NC2=O,Z4934197497,292.331,292.331,1.999,-3.852,2,3,88.41,6,https://real.enamine.net/public-enum-files/Z4934197497
CC1(C)CCC=2NC(=CC2C1)C(=O)NC3CCC(=O)NC3=O,Z5077432806,303.357,303.357,2.02,-3.52,3,3,91.06,2,https://real.enamine.net/public-enum-files/Z5077432806
O=C(NC1CCC(=O)NC1=O)C2=COC(=C2)CN3C=CC=N3,Z6238947654,302.286,302.286,-0.543,-1.575,2,4,106.23,4,https://real.enamine.net/public-enum-files/Z6238947654
O=C(NC1CCC(=O)NC1=O)C2=C(Br)SC=3C=CC=CC23,Z7579039415,367.219,367.219,1.486,-5.22,2,3,75.27,2,https://real.enamine.net/public-enum-files/Z7579039415
O=C(NC1CCC(=O)NC1=O)C=2NN=NC2C3=CC=CS3,Z7579585416,305.314,305.314,0.018,-2.704,3,5,116.84,3,https://real.enamine.net/public-enum-files/Z7579585416
COC1=C(SC(=C1OC)S(N)(=O)=O)C(=O)NC2CCC(=O)NC2=O,Z7602252376,377.396,377.396,-2.251,-2.523,3,7,153.89,5,https://real.enamine.net/public-enum-files/Z7602252376
O=C(NC1CCC(=O)NC1=O)C2=NC(C=3C=CC=CC3C(F)(F)F)=C4C=CC=CN24,Z7761541593,416.354,416.354,3.881,-4.686,2,4,92.57,4,https://real.enamine.net/public-enum-files/Z7761541593
O=C(NC1CCC(=O)NC1=O)C=2C(=NN3C=CC=CC23)C=4C=CC=CC4,Z7762367101,348.356,348.356,1.614,-4.092,2,4,92.57,3,https://real.enamine.net/public-enum-files/Z7762367101
CC=1C=CC(C)=C(C1)C2=CC(=NO2)C(=O)N[C@@H]3CCC(=O)NC3=O,Z7853630637,327.335,327.335,1.79,-4.213,2,4,101.3,3,https://real.enamine.net/public-enum-files/Z7853630637
O=C(N[C@@H]1CCC(=O)NC1=O)C=2C=NN(CC(F)(F)F)N2,Z7863144752,305.214,305.214,-1.15,-1.718,2,5,105.98,4,https://real.enamine.net/public-enum-files/Z7863144752
CC=1NC(=O)SC1C(=O)NC2CCC(=O)NC2=O,Z8489415928,269.279,269.279,-1.601,-2.401,3,4,104.37,2,https://real.enamine.net/public-enum-files/Z8489415928
CCN1N=C(C(C(=O)NC2CCC(=O)NC2=O)=C1C)C(F)F,Z8513315476,314.289,314.289,-0.939,-1.718,2,4,93.09,4,https://real.enamine.net/public-enum-files/Z8513315476
CCC1=C(N=C2C(Br)=CC=CN12)C(=O)NC3CCC(=O)NC3=O,Z8588394248,379.209,379.209,1.885,-3.731,2,4,92.57,3,https://real.enamine.net/public-enum-files/Z8588394248
CCOC1=CC=2C=C(NC2C=C1OC)C(=O)N[C@@H]3CCC(=O)NC3=O,Z8589948394,345.351,345.351,0.949,-3.768,3,5,109.52,5,https://real.enamine.net/public-enum-files/Z8589948394
CC(C)OC=1C=CC=CC1C2=CSC(=C2)C(=O)N[C@@H]3CCC(=O)NC3=O,Z8594595941,372.44,372.44,2.157,-5.037,2,4,84.5,5,https://real.enamine.net/public-enum-files/Z8594595941
CC=1C=NN(CCO)C1C(=O)NC2CCC(=O)NC2=O,Z8607596277,280.28,280.28,-2.016,-0.793,3,5,113.32,4,https://real.enamine.net/public-enum-files/Z8607596277
O=C(NC1CCC(=O)NC1=O)C2=CC(=NO2)C3(F)COC3,Z8628158780,297.24,297.24,-1.11,-2.034,2,5,110.53,3,https://real.enamine.net/public-enum-files/Z8628158780
O=C(NC1CCC(=O)NC1=O)C2=NNC=3C=NC=CC23,Z8636693823,273.248,273.248,-0.329,-1.797,3,5,116.84,2,https://real.enamine.net/public-enum-files/Z8636693823
CN1C(=CN=C1C(=O)NC2CCC(=O)NC2=O)COC=3C=CC=CC3,Z8658700973,342.35,342.35,0.836,-2.002,2,5,102.32,5,https://real.enamine.net/public-enum-files/Z8658700973
CC1=NN(C=2C=CC(C)=NN2)C=3SC(=CC13)C(=O)NC4CCC(=O)NC4=O,Z8705269415,384.414,384.414,0.262,-4.075,2,6,118.87,3,https://real.enamine.net/public-enum-files/Z8705269415
CC1=NC(OC(F)F)=C(S1)C(=O)NC2CCC(=O)NC2=O,Z8708010205,319.286,319.286,0.971,-2.449,2,5,97.39,4,https://real.enamine.net/public-enum-files/Z8708010205
O=C(NC1CCC(=O)NC1=O)C=2OC(Cl)=C(Cl)C2Cl,Z8819573958,325.532,325.532,0.75,-4.492,2,3,88.41,2,https://real.enamine.net/public-enum-files/Z8819573958
CCC1=NSC=C1C(=O)NC2CCC(=O)NC2=O,Z8850202925,267.306,267.306,0.052,-1.779,2,4,88.16,3,https://real.enamine.net/public-enum-files/Z8850202925
CC1CNC2=C(C=NN2C1)C(=O)NC3CCC(=O)NC3=O,Z9212548463,291.306,291.306,-1.034,-1.598,3,5,105.12,2,https://real.enamine.net/public-enum-files/Z9212548463
O=C(NC1CCC(=O)NC1=O)C=2C=NOC2C3CCC3,Z9212573445,277.277,277.277,-0.374,-2.035,2,4,101.3,3,https://real.enamine.net/public-enum-files/Z9212573445
CC1=CN(N=C1C(=O)NC2CCC(=O)NC2=O)C3CCOCC3,Z9212651356,320.344,320.344,-1.691,-1.726,2,5,102.32,3,https://real.enamine.net/public-enum-files/Z9212651356
O=C(NC1CCC(=O)NC1=O)C2=NN3C=CC(=NC3=N2)C(F)(F)F,Z9212653638,342.234,342.234,-0.529,-2.668,2,6,118.35,3,https://real.enamine.net/public-enum-files/Z9212653638
CC1(C)OCC=2C(=NNC21)C(=O)NC3CCC(=O)NC3=O,Z9212680933,292.291,292.291,-0.303,-1.994,3,5,113.18,2,https://real.enamine.net/public-enum-files/Z9212680933
CNC1=C(SC=2N=CC=NC12)C(=O)NC3CCC(=O)NC3=O,Z9213033572,319.341,319.341,0.76,-1.805,3,6,113.08,3,https://real.enamine.net/public-enum-files/Z9213033572
COC=1C=CC=CC1C2=NOC(C)=C2C(=O)NC3CCC(=O)NC3=O,Z9213951377,343.335,343.335,0.012,-3.025,2,5,110.53,4,https://real.enamine.net/public-enum-files/Z9213951377
CCC=1ON=C(C1C(=O)NC2CCC(=O)NC2=O)C3CCCOC3,Z9213951725,335.356,335.356,-1.347,-1.997,2,5,110.53,4,https://real.enamine.net/public-enum-files/Z9213951725
Cl.CC=1SC(=NC1C(=O)NC2CCC(=O)NC2=O)C3CCNCC3,Z9302774466,372.872,336.411,0.023,-2.09,3,5,100.19,3,https://real.enamine.net/public-enum-files/Z9302774466
CC=1C=NC2=C(Br)C(=NN2C1)C(=O)NC3CCC(=O)NC3=O,Z9219074190,366.17,366.17,-0.531,-3.07,2,5,105.46,2,https://real.enamine.net/public-enum-files/Z9219074190
CC(C)(CF)C1=NC=C(O1)C(=O)NC2CCC(=O)NC2=O,Z9219494610,297.283,297.283,-0.5,-1.645,2,4,101.3,4,https://real.enamine.net/public-enum-files/Z9219494610
CN1N=C(C(=O)NC2CCC(=O)NC2=O)C3=C1CCCC3O,Z9219612462,306.318,306.318,-1.547,-1.046,3,5,113.32,2,https://real.enamine.net/public-enum-files/Z9219612462
CN1N=C(C(=O)NC2CCC(=O)NC2=O)C=3N=CC=CC31,Z9220236898,287.275,287.275,-0.686,-1.142,2,5,105.98,2,https://real.enamine.net/public-enum-files/Z9220236898
CC(C)OC1=CC(=NN1C)C(=O)NC2CCC(=O)NC2=O,Z9220374101,294.307,294.307,-0.513,-1.834,2,5,102.32,4,https://real.enamine.net/public-enum-files/Z9220374101
CN1N=C(C(=C1C(=O)NC2CCC(=O)NC2=O)C(F)(F)F)C(F)(F)C(F)(F)F,Z9275341125,422.231,422.231,-0.2,-3.725,2,4,93.09,5,https://real.enamine.net/public-enum-files/Z9275341125
O=C(NC1CCC(=O)NC1=O)C2=CC(=CS2)OCC=3C=CC(Cl)=CC3,Z9275342068,378.831,378.831,2.653,-4.689,2,4,84.5,5,https://real.enamine.net/public-enum-files/Z9275342068
COC=1C=CC(Cl)=C(C1)C2=CC(=NN2C)C(=O)NC3CCC(=O)NC3=O,Z9275344489,376.795,376.795,1.372,-3.667,2,5,102.32,4,https://real.enamine.net/public-enum-files/Z9275344489
O=C(NC1CCC(=O)NC1=O)C2=NNC=3C=C(F)C(Br)=CC23,Z9275344520,369.146,369.146,1.666,-4.226,3,4,103.95,2,https://real.enamine.net/public-enum-files/Z9275344520
CC1CN2N=C(C=C2C(=O)N1)C(=O)NC3CCC(=O)NC3=O,Z9275345074,305.29,305.29,-1.949,-1.658,3,5,122.19,2,https://real.enamine.net/public-enum-files/Z9275345074
COC=1C=CC(=CC1)C2=NNC(C(=O)NC3CCC(=O)NC3=O)=C2Br,Z9275349367,407.219,407.219,1.308,-4.38,3,5,113.18,4,https://real.enamine.net/public-enum-files/Z9275349367
CC(=O)NC=1NN=C(C(=O)NC2CCC(=O)NC2=O)C1Br,Z9275353412,358.148,358.148,-2.404,-2.889,4,5,133.05,3,https://real.enamine.net/public-enum-files/Z9275353412
O=C(NC1CCC(=O)NC1=O)C=2N=CSC2C=3C=CC=CC3Br,Z9275356043,394.244,394.244,1.869,-4.853,2,4,88.16,3,https://real.enamine.net/public-enum-files/Z9275356043
CC=1ON=C(C1C(=O)NC2CCC(=O)NC2=O)C=3C=CC(F)=C(Br)C3,Z9275360251,410.195,410.195,1.575,-4.245,2,4,101.3,3,https://real.enamine.net/public-enum-files/Z9275360251
O=C(NC1CCC(=O)NC1=O)C=2SC=CC2S(=O)(=O)N3CCCCC3CCO,Z9275362254,429.514,429.514,0.312,-2.754,3,6,132.88,5,https://real.enamine.net/public-enum-files/Z9275362254
O=C(NC1CCC(=O)NC1=O)C=2C=NN3C=CC(=O)NC23,Z9275367083,289.248,289.248,-2.563,-1.911,3,5,122.19,2,https://real.enamine.net/public-enum-files/Z9275367083
Cl.O=C(NC1CCC(=O)NC1=O)C2=CON=C2C3CCNC3,Z9302774525,328.752,292.291,-2.084,-1.151,3,5,113.33,3,https://real.enamine.net/public-enum-files/Z9302774525
O=C(NC1CCC(=O)NC1=O)C2=CC(=NO2)C=3C=CC=C(C3)C=4N=NNN4,Z9275368859,367.32,367.32,0.595,-3.747,3,7,155.76,4,https://real.enamine.net/public-enum-files/Z9275368859
O=C(NC1CCC(=O)NC1=O)C2=CON=C2CNC(=O)C3CCCCNC3=O,Z9302744964,391.379,391.379,-2.177,-1.385,4,6,159.5,5,https://real.enamine.net/public-enum-files/Z9302744964
O=C(NCC1=NOC=C1C(=O)NC2CCC(=O)NC2=O)C3=NNC=4C=CC=CC34,Z9302744973,396.358,396.358,-0.308,-3.274,4,6,159.08,5,https://real.enamine.net/public-enum-files/Z9302744973
O=C(CCCC1CCCO1)NCC2=CC(=CO2)C(=O)NC3CCC(=O)NC3=O,Z9302745019,391.419,391.419,-0.928,-2.343,3,5,126.74,8,https://real.enamine.net/public-enum-files/Z9302745019
O=C(O)C(F)(F)F.O=C(NC1CCC(=O)NC1=O)C2=COC(=C2)CNC(=O)C=3C=CC4=CN=CN4C3,Z9311796129,509.393,395.37,-0.158,-3.943,3,5,134.81,6,https://real.enamine.net/public-enum-files/Z9311796129
O=C(O)C(F)(F)F.O=C(COCC1=NN=CN1)NCCN2C=NC(=C2)C(=O)NC3CCC(=O)NC3=O,Z9331724200,518.405,404.382,-2.895,-2.134,4,8,172.99,10,https://real.enamine.net/public-enum-files/Z9331724200
O=C(O)C(F)(F)F.CC(OCCN(C)C)C(=O)NCCN1C=NC(=C1)C(=O)NC2CCC(=O)NC2=O,Z9311796074,522.477,408.453,-0.988,-1.907,3,7,134.66,11,https://real.enamine.net/public-enum-files/Z9311796074
O=C(O)C(F)(F)F.CC1=CN2C(=CSC2=N1)CC(=O)NCCN3C=NC(=C3)C(=O)NC4CCC(=O)NC4=O,Z9329660816,557.505,443.482,-0.503,-3.386,3,6,139.49,8,https://real.enamine.net/public-enum-files/Z9329660816
CN1N=NC(CNC(=O)C=2C=CC=3OC=CC3C2)=C1C(=O)NC4CCC(=O)NC4=O,Z9302745096,410.384,410.384,-1.026,-3.09,3,6,148.22,5,https://real.enamine.net/public-enum-files/Z9302745096
COCC1(CCCO1)C(=O)NCC=2N=NN(C)C2C(=O)NC3CCC(=O)NC3=O,Z9302745099,408.41,408.41,-2.795,-1.104,3,8,153.54,7,https://real.enamine.net/public-enum-files/Z9302745099
O=C(O)C(F)(F)F.CC(C)N1CCC[C@@H]1C(=O)NCC2=CC(=CS2)C(=O)NC3CCC(=O)NC3=O,Z9329865780,520.525,406.501,0.615,-3.383,3,5,107.61,7,https://real.enamine.net/public-enum-files/Z9329865780
O=C(NCC1=CC(=CS1)C(=O)NC2CCC(=O)NC2=O)C3=NNC=4CCCC34,Z9302745115,401.442,401.442,0.713,-3.585,4,5,133.05,5,https://real.enamine.net/public-enum-files/Z9302745115
O=C(COC=1C=CC=NC1)NCC=2C=C(ON2)C(=O)NC3CCC(=O)NC3=O,Z9302745156,387.348,387.348,-1.441,-1.801,3,7,152.52,7,https://real.enamine.net/public-enum-files/Z9302745156
CC1(C)COCCC1C(=O)NCC=2C=C(ON2)C(=O)NC3CCC(=O)NC3=O,Z9302745159,392.407,392.407,-1.528,-1.852,3,6,139.63,5,https://real.enamine.net/public-enum-files/Z9302745159
O=C(O)C(F)(F)F.O=C(COCC1=NN=CN1)NCC=2NN=CC2C(=O)NC3CCC(=O)NC3=O,Z9329660797,504.378,390.355,-3.65,-2.202,5,8,183.85,9,https://real.enamine.net/public-enum-files/Z9329660797
O=C(O)C(F)(F)F.CC(NC(=O)CNC=1C=CC=NC1)C2=NOC=C2C(=O)NC3CCC(=O)NC3=O,Z9327978418,514.413,400.39,-1.286,-2.477,4,7,155.32,8,https://real.enamine.net/public-enum-files/Z9327978418
CC(F)(C(=O)NCC1=CSC(=C1)C(=O)NC2CCC(=O)NC2=O)C=3C=CON3,Z9302745283,408.406,408.406,-0.717,-3.451,3,5,130.4,6,https://real.enamine.net/public-enum-files/Z9302745283
CCN1C=C(CC(=O)NCC2=CSC(=C2)C(=O)NC3CCC(=O)NC3=O)N=N1,Z9302745284,404.445,404.445,-1.521,-1.934,3,6,135.08,7,https://real.enamine.net/public-enum-files/Z9302745284
O=C(O)C(F)(F)F.O=C(NCC=1C=NNC1C(=O)NC2CCC(=O)NC2=O)C3=CC=4C=NC=CC4N3,Z9343194791,509.396,395.373,-0.168,-3.659,5,6,161.73,6,https://real.enamine.net/public-enum-files/Z9343194791
O=C(O)C(F)(F)F.CC(CN1C=CN=C1)C(=O)NCC=2C=NNC2C(=O)NC3CCC(=O)NC3=O,Z9312342718,501.418,387.394,-1.647,-2.458,4,6,150.87,8,https://real.enamine.net/public-enum-files/Z9312342718
O=C(CCCN1C=NC=N1)NCCC2=CC(=NO2)C(=O)NC3CCC(=O)NC3=O,Z9302745342,403.393,403.393,-2.607,-1.565,3,7,161.11,9,https://real.enamine.net/public-enum-files/Z9302745342
CC(C(=O)NCCN1C=C(N=N1)C(=O)NC2CCC(=O)NC2=O)C=3C=CSC3,Z9302745374,404.445,404.445,-0.918,-2.011,3,6,135.08,7,
O=C(NC1CCC(=O)NC1=O)C=2C=COC2C3(O)CCOCC3,Z2028768265,322.314,322.314,-2.372,-1.978,3,5,117.87,3,https://real.enamine.net/public-enum-files/Z2028768265
CC1=C(SC=2N=C3CCCCCN3C(=O)C12)C(=O)NC4CCC(=O)NC4=O,Z1474293469,388.443,388.443,0.769,-3.792,2,5,107.94,2,https://real.enamine.net/public-enum-files/Z1474293469
O=C(NC1CCC(=O)NC1=O)C=2OC=CC2CS(=O)(=O)C=3C=CC=CC3,Z1474297452,376.386,376.386,-1.029,-3.177,2,5,122.55,5,https://real.enamine.net/public-enum-files/Z1474297452
CC=1SC(=CC1C=2C=CC(F)=CC2)C(=O)NC3CCC(=O)NC3=O,Z1474296763,346.378,346.378,2.291,-5.352,2,3,75.27,3,https://real.enamine.net/public-enum-files/Z1474296763
O=C(NC1CCC(=O)NC1=O)C2=CC=3COC=4C=CC=CC4C3S2,Z1474295519,342.371,342.371,1.865,-4.725,2,4,84.5,2,https://real.enamine.net/public-enum-files/Z1474295519
O=C(NC1CCC(=O)NC1=O)C2=CC=3SC=4C=CC=CC4C3S2,Z1474292513,344.411,344.411,2.735,-5.148,2,3,75.27,2,https://real.enamine.net/public-enum-files/Z1474292513
CN1C(=CC=2C(=O)N(C)C(=O)N(C)C21)C(=O)NC3CCC(=O)NC3=O,Z1474304549,347.327,347.327,-0.475,-1.877,2,5,120.82,2,https://real.enamine.net/public-enum-files/Z1474304549
O=C(NC1CCC(=O)NC1=O)C=2SC=CC2S(=O)(=O)NCC3=CC=CO3,Z1474294322,397.429,397.429,0.322,-3.156,3,5,134.58,5,https://real.enamine.net/public-enum-files/Z1474294322
COCCOC=1C=CC(=CC1)N2N=C(C)C(=N2)C(=O)NC3CCC(=O)NC3=O,Z1474298422,387.391,387.391,0.605,-2.426,2,7,124.44,7,https://real.enamine.net/public-enum-files/Z1474298422
O=C(NC1CCC(=O)NC1=O)C=2C=C(CN3C=C(Br)C=N3)ON2,Z1499081359,382.17,382.17,0.023,-1.988,2,5,119.12,4,https://real.enamine.net/public-enum-files/Z1499081359
CC=1C=CC(=CC1)N2C=C(C(=O)NC3CCC(=O)NC3=O)C(=N2)C(C)(C)C,Z1474290994,368.43,368.43,2.442,-3.639,2,4,93.09,4,https://real.enamine.net/public-enum-files/Z1474290994
COCC1=C(C=NN1C=2C=CC=CC2)C(=O)NC3CCC(=O)NC3=O,Z1701815756,342.35,342.35,0.145,-2.215,2,5,102.32,5,https://real.enamine.net/public-enum-files/Z1701815756
CC=1N=C(CC(C)C)OC1C(=O)NC2CCC(=O)NC2=O,Z1833674809,293.319,293.319,0.286,-2.229,2,4,101.3,4,https://real.enamine.net/public-enum-files/Z1833674809
CC(=O)NCC1CCN2N=CC(C(=O)NC3CCC(=O)NC3=O)=C2C1,Z1850209369,347.37,347.37,-2.191,-1.174,3,5,122.19,4,https://real.enamine.net/public-enum-files/Z1850209369
CCC1=C(C=NN1CCC(C)C)C(=O)NC2CCC(=O)NC2=O,Z1862585984,320.388,320.388,1.192,-2.569,2,4,93.09,6,https://real.enamine.net/public-enum-files/Z1862585984
CC=1C=NN(C1)C2=C(C(=O)NC3CCC(=O)NC3=O)C(C)=NN2C,Z1747237167,330.343,330.343,-0.958,-1.681,2,5,110.91,3,https://real.enamine.net/public-enum-files/Z1747237167
COCC=1N=C(OC)C=2C(C)=C(SC2N1)C(=O)NC3CCC(=O)NC3=O,Z1474144463,378.405,378.405,0.516,-3.463,2,7,119.51,5,https://real.enamine.net/public-enum-files/Z1474144463
CC1=NN(CC=2C=CC(F)=CC2)C=3SC(=CC13)C(=O)NC4CCC(=O)NC4=O,Z1474145212,400.429,400.429,2.302,-4.732,2,4,93.09,4,https://real.enamine.net/public-enum-files/Z1474145212
CC1=NC(=NN1C2=NN=C(N2)C(F)(F)F)C(=O)NC3CCC(=O)NC3=O,Z1474297560,372.264,372.264,-1.429,-2.166,3,7,147.55,4,https://real.enamine.net/public-enum-files/Z1474297560
CC1=NOC(=C1C(=O)NC2CCC(=O)NC2=O)C(F)(F)Cl,Z1474303590,321.665,321.665,-0.319,-2.403,2,4,101.3,3,https://real.enamine.net/public-enum-files/Z1474303590
O=C(NC1CCC(=O)NC1=O)C2=CC=C(O2)C=3C=CC=CC3OC(F)(F)F,Z1766397692,382.291,382.291,2.007,-5.321,2,4,97.64,5,https://real.enamine.net/public-enum-files/Z1766397692
CC1CCCC2=NC=C(C(=O)NC3CCC(=O)NC3=O)N21,Z2480142494,290.318,290.318,0.501,-1.356,2,4,93.09,2,https://real.enamine.net/public-enum-files/Z2480142494
O=C(NC1CCC(=O)NC1=O)C2=CC=C(OCC(F)(F)F)O2,Z2497637984,320.222,320.222,0.379,-3.783,2,4,97.64,5,https://real.enamine.net/public-enum-files/Z2497637984
CC=1C=CC(F)=C2OC(=CC12)C(=O)NC3CCC(=O)NC3=O,Z2957850488,304.274,304.274,1.561,-4.215,2,3,88.41,2,https://real.enamine.net/public-enum-files/Z2957850488
O=C(NC1CCC(=O)NC1=O)C2=CSC(CC=3C=CC=C(C3)C(F)(F)F)=N2,Z2957850948,397.373,397.373,2.613,-3.686,2,4,88.16,5,https://real.enamine.net/public-enum-files/Z2957850948
CC1=CC=CN2N=C(C=C12)C(=O)NC3CCC(=O)NC3=O,Z2976559197,286.287,286.287,0.475,-2.499,2,4,92.57,2,https://real.enamine.net/public-enum-files/Z2976559197
CCCCC1=CC(C(=O)NC2CCC(=O)NC2=O)=C(C)O1,Z3049762727,292.331,292.331,1.629,-3.186,2,3,88.41,5,https://real.enamine.net/public-enum-files/Z3049762727
CC(C)C1=CNN=C1C(=O)NC2CCC(=O)NC2=O,Z3433381351,264.281,264.281,-0.268,-2.462,3,4,103.95,3,https://real.enamine.net/public-enum-files/Z3433381351
O=C(NC1CCC(=O)NC1=O)C=2N=CSC2CC=3C=CC=CC3,Z3668102184,329.375,329.375,1.39,-3.536,2,4,88.16,4,https://real.enamine.net/public-enum-files/Z3668102184
CC(C)CC=1C=CC=2C=C(NC2C1)C(=O)NC3CCC(=O)NC3=O,Z3990836268,327.378,327.378,2.75,-5.413,3,3,91.06,4,https://real.enamine.net/public-enum-files/Z3990836268
Cl.CN1C(=CC=2CNCCC21)C(=O)NC3CCC(=O)NC3=O,Z9302774378,326.779,290.318,-0.647,-1.178,3,4,92.23,2,https://real.enamine.net/public-enum-files/Z9302774378
CC=1N=C(C(=O)NC2CCC(=O)NC2=O)N3CCCC13,Z4504321955,276.292,276.292,-0.298,-0.848,2,4,93.09,2,https://real.enamine.net/public-enum-files/Z4504321955
O=C(NC1CCC(=O)NC1=O)C2=CC=3SC=C(Cl)C3N2,Z4639102530,311.745,311.745,1.527,-3.678,3,3,91.06,2,https://real.enamine.net/public-enum-files/Z4639102530
CC1=C(NC=2C(Cl)=CC=CC12)C(=O)N[C@@H]3CCC(=O)NC3=O,Z4917776037,319.743,319.743,1.77,-4.38,3,3,91.06,2,https://real.enamine.net/public-enum-files/Z4917776037
O=C(NC1CCC(=O)NC1=O)C=2C(=NN3CCCCC23)C(F)(F)F,Z5007421828,344.29,344.29,-0.635,-2.54,2,4,93.09,3,https://real.enamine.net/public-enum-files/Z5007421828
CC=1NC=2C=CC(Br)=CC2C1C(=O)NC3CCC(=O)NC3=O,Z5034290700,364.194,364.194,1.58,-4.303,3,3,91.06,2,https://real.enamine.net/public-enum-files/Z5034290700
CC1=NN(C(C)=C1C(=O)NC2CCC(=O)NC2=O)C=3C=CC=CC3C,Z5043767575,340.377,340.377,1.044,-2.964,2,4,93.09,3,https://real.enamine.net/public-enum-files/Z5043767575
O=C(NC1CCC(=O)NC1=O)C2=CN=CN2C3CC3,Z5273480055,262.265,262.265,-0.277,-1.481,2,4,93.09,3,https://real.enamine.net/public-enum-files/Z5273480055
O=C(NC1CCC(=O)NC1=O)C2=CC=C(S2)C3CCOC3,Z5483003696,308.355,308.355,-0.012,-2.893,2,4,84.5,3,https://real.enamine.net/public-enum-files/Z5483003696
CN1N=CC(=C1C(=O)NC2CCC(=O)NC2=O)C=3C=CC=CC3,Z5702495740,312.324,312.324,0.176,-3.029,2,4,93.09,3,https://real.enamine.net/public-enum-files/Z5702495740
COC1=NSC(OC)=C1C(=O)NC2CCC(=O)NC2=O,Z7572785337,299.305,299.305,-0.36,-2.342,2,6,106.62,4,https://real.enamine.net/public-enum-files/Z7572785337
CC=1SC=2C=CC(F)=CC2C1C(=O)NC3CCC(=O)NC3=O,Z7587987494,320.34,320.34,1.793,-4.452,2,3,75.27,2,https://real.enamine.net/public-enum-files/Z7587987494
CC(C)C1CCC=2NN=C(C(=O)NC3CCC(=O)NC3=O)C2C1,Z7593710566,318.372,318.372,1.734,-3.792,3,4,103.95,3,
CN1C(=O)CCCC=2OC=C(C(=O)NC3CCC(=O)NC3=O)C21,Z7760504382,319.313,319.313,-0.987,-2.027,2,4,108.72,2,https://real.enamine.net/public-enum-files/Z7760504382
CC=1C=CC(=CC1C)N2NC(=CC2=O)C(=O)NC3CCC(=O)NC3=O,Z7760659481,342.35,342.35,-0.061,-4.029,3,5,107.61,3,https://real.enamine.net/public-enum-files/Z7760659481
O=C(NC1CCC(=O)NC1=O)C=2N=C(C=3C=CC=CC3)N4CCOCC24,Z7761295442,354.361,354.361,0.497,-3.395,2,5,102.32,3,https://real.enamine.net/public-enum-files/Z7761295442
CC1=C(N=NN1C2CCOC2)C(=O)NC3CCC(=O)NC3=O,Z7761342742,307.306,307.306,-2.221,-1.07,2,6,115.21,3,https://real.enamine.net/public-enum-files/Z7761342742
O=C(N[C@@H]1CCC(=O)NC1=O)C2=CN(N=N2)C=3C=CC=4OCCOC4C3,Z7761407540,357.322,357.322,0.098,-2.639,2,7,124.44,3,https://real.enamine.net/public-enum-files/Z7761407540
O=C(NC1CCC(=O)NC1=O)C=2OC=CC2COC3=CC=CC(=C3)C=4N=NNN4,Z7761675759,396.358,396.358,0.234,-3.951,3,7,152.1,6,https://real.enamine.net/public-enum-files/Z7761675759
O=C(NC1CCC(=O)NC1=O)C2=CSC=3N=CNC(=O)C23,Z7762650145,306.299,306.299,-1.178,-3.485,3,5,116.73,2,https://real.enamine.net/public-enum-files/Z7762650145
N#CC=1C=CC=2C(=CNC2C1)C(=O)NC3CCC(=O)NC3=O,Z7762830622,296.282,296.282,0.216,-3.417,3,4,114.85,2,https://real.enamine.net/public-enum-files/Z7762830622
O=C(NC1CCC(=O)NC1=O)C=2N=NSC2C=3C=CC=CC3,Z7853619438,316.337,316.337,0.248,-3.563,2,5,101.05,3,https://real.enamine.net/public-enum-files/Z7853619438
CC1=NC(=C(N1)C(=O)NC2CCC(=O)NC2=O)C(F)(F)F,Z8533189049,304.226,304.226,-0.804,-2.325,3,4,103.95,3,https://real.enamine.net/public-enum-files/Z8533189049
O=C(N[C@@H]1CCC(=O)NC1=O)C2=CC=3C(=CC=C4OCOC43)N2,Z8554785313,315.282,315.282,0.727,-3.907,3,5,109.52,2,https://real.enamine.net/public-enum-files/Z8554785313
O=C(NC1CCC(=O)NC1=O)C=2NC=3C=CC=NC3C2Br,Z8562845781,351.156,351.156,0.382,-3.108,3,4,103.95,2,https://real.enamine.net/public-enum-files/Z8562845781
O=C(NC1CCC(=O)NC1=O)C2=NN3CCCOC3=C2Cl,Z8563177415,312.709,312.709,-1.407,-2.666,2,5,102.32,2,https://real.enamine.net/public-enum-files/Z8563177415
CC1=C(SC=2N=CN=CC12)C(=O)NC3CCC(=O)NC3=O,Z8589832694,304.326,304.326,-0.202,-3.661,2,5,101.05,2,https://real.enamine.net/public-enum-files/Z8589832694
CC=1SC2=CN=CN2C1C(=O)NC3CCC(=O)NC3=O,Z8618567669,292.315,292.315,0.235,-2.997,2,4,92.57,2,https://real.enamine.net/public-enum-files/Z8618567669
O=C(NC1CCC(=O)NC1=O)C2=CN3C=C(C=CC3=N2)C(F)(F)F,Z8655435140,340.258,340.258,1.447,-3.242,2,4,92.57,3,https://real.enamine.net/public-enum-files/Z8655435140
CN1N=C(C(=O)NC2CCC(=O)NC2=O)C=3C=C(C=NC31)S(C)(=O)=O,Z8664025364,365.366,365.366,-2.02,-1.82,2,7,140.12,3,https://real.enamine.net/public-enum-files/Z8664025364
O=C(NC1CCC(=O)NC1=O)C2=CSC=3C=C(Cl)C=NC23,Z8704630592,323.756,323.756,1.383,-3.114,2,4,88.16,2,https://real.enamine.net/public-enum-files/Z8704630592
CC=1NN=C(C(=O)NC2CCC(=O)NC2=O)C1C(F)(F)F,Z9212526534,304.226,304.226,-0.62,-2.437,3,4,103.95,3,https://real.enamine.net/public-enum-files/Z9212526534
CC=1N=C(NC1C(=O)NC2CCC(=O)NC2=O)C=3C=NC=CC3,Z9212554126,313.312,313.312,-0.19,-2.543,3,5,116.84,3,https://real.enamine.net/public-enum-files/Z9212554126
O=C(NC1CCC(=O)NC1=O)C=2OC(=NC2C(F)F)C3CC3,Z9212556127,313.257,313.257,-1.101,-2.179,2,4,101.3,4,https://real.enamine.net/public-enum-files/Z9212556127
CC=1ON=C(C1C(=O)NC2CCC(=O)NC2=O)C3CCCC3,Z9212648886,305.33,305.33,0.114,-2.69,2,4,101.3,3,https://real.enamine.net/public-enum-files/Z9212648886
O=C(NC1CCC(=O)NC1=O)C2=CC=3C(Cl)=NC=CC3O2,Z9212655496,307.689,307.689,0.574,-3.69,2,4,101.3,2,https://real.enamine.net/public-enum-files/Z9212655496
COCCNC1=NC=C(S1)C(=O)NC2CCC(=O)NC2=O,Z9213061649,312.347,312.347,-0.141,-2.039,3,6,109.42,6,https://real.enamine.net/public-enum-files/Z9213061649
O=C(NC1CCC(=O)NC1=O)C=2C=NOC2CC=3C=CC=CC3,Z9213646886,313.309,313.309,0.491,-2.293,2,4,101.3,4,
O=C(NC1CCC(=O)NC1=O)C2=CNN=C2OCC(F)F,Z9213939982,302.235,302.235,-0.196,-2.506,3,5,113.18,5,https://real.enamine.net/public-enum-files/Z9213939982
O=C(NC1CCC(=O)NC1=O)C2=CNC=3C=CC(=CC23)C=4N=NNN4,Z9214172575,339.31,339.31,-0.043,-3.718,4,6,145.52,3,https://real.enamine.net/public-enum-files/Z9214172575
CN1N=C(C=C1C=2N=NNN2)C(=O)NC3CCC(=O)NC3=O,Z9219066111,304.266,304.266,-1.539,-1.261,3,7,147.55,3,https://real.enamine.net/public-enum-files/Z9219066111
O=C(NC1CCC(=O)NC1=O)C2=CC(=CO2)C=3C=CC=CC3,Z9275340607,298.294,298.294,1.272,-4.047,2,3,88.41,3,https://real.enamine.net/public-enum-files/Z9275340607
O=C(NC1CCC(=O)NC1=O)C2=CC=3C=C(C=CC3N2)C=4C=CC=CC4,Z9275343503,347.368,347.368,2.682,-5.779,3,3,91.06,3,https://real.enamine.net/public-enum-files/Z9275343503
CC1=CC(=NN1C=2C=CC(=CC2)S(C)(=O)=O)C(=O)NC3CCC(=O)NC3=O,Z9275345314,390.416,390.416,-0.524,-2.557,2,6,127.23,4,https://real.enamine.net/public-enum-files/Z9275345314
COC=1C=CC=2NC(=CC2C1OC(F)F)C(=O)NC3CCC(=O)NC3=O,Z9275348880,367.305,367.305,0.866,-4.036,3,5,109.52,5,https://real.enamine.net/public-enum-files/Z9275348880
O=C(NC1CCC(=O)NC1=O)C2=CC=NN2C3=CC=CC(Br)=C3,Z9275363057,377.193,377.193,1.561,-3.69,2,4,93.09,3,https://real.enamine.net/public-enum-files/Z9275363057
Cl.Cl.NCCC1=NC(C(=O)NC2CCC(=O)NC2=O)=C(N)S1,Z9302774523,370.256,297.335,-1.058,-2.387,4,6,140.2,4,https://real.enamine.net/public-enum-files/Z9302774523
Cl.NCC1(CC1)C2=NOC=C2C(=O)NC3CCC(=O)NC3=O,Z9302774539,328.752,292.291,-1.851,-1.308,3,5,127.32,4,https://real.enamine.net/public-enum-files/Z9302774539
CN(CC1=CN(CC2=CC=C(O2)C(=O)NC3CCC(=O)NC3=O)N=N1)C=4C=NC(C#N)=CN4,Z9302744961,449.424,449.424,-1.591,-1.58,2,9,171.93,7,https://real.enamine.net/public-enum-files/Z9302744961
O=C(O)C(F)(F)F.O=C(CCCN1C=CN=C1)NCC2=NOC=C2C(=O)NC3CCC(=O)NC3=O,Z9311796140,502.402,388.379,-2.215,-1.707,3,6,148.22,9,https://real.enamine.net/public-enum-files/Z9311796140
O=C(NC1CCC(=O)NC1=O)C2=COC(CNC(=O)C=3N=CC=C4C=CNC34)=N2,Z9302744974,396.358,396.358,-0.205,-2.5,4,6,159.08,5,https://real.enamine.net/public-enum-files/Z9302744974
O=C(O)C(F)(F)F.O=C(NC1CCC(=O)NC1=O)C2=COC(CNC(=O)C3=CN=C4CCCN34)=N2,Z9321119713,500.386,386.363,-1.117,-1.85,3,6,148.22,6,https://real.enamine.net/public-enum-files/Z9321119713
CCN1C=CC(CC(=O)NCC2=NC(=CO2)C(=O)NC3CCC(=O)NC3=O)=N1,Z9302744977,388.379,388.379,-1.799,-0.99,3,6,148.22,7,https://real.enamine.net/public-enum-files/Z9302744977
O=C(CCC=1C=NC=CN1)NCC2=CC=C(S2)C(=O)NC3CCC(=O)NC3=O,Z9302744999,401.442,401.442,-1.503,-1.817,3,6,130.15,7,https://real.enamine.net/public-enum-files/Z9302744999
O=C(NC1CCC(=O)NC1=O)C2=CC=C(CNC(=O)C3CCC=4C=NNC43)O2,Z9302745028,385.375,385.375,-1.757,-2.819,4,5,146.19,5,https://real.enamine.net/public-enum-files/Z9302745028
O=C(O)C(F)(F)F.CCC(C(=O)NCC1=CC=C(O1)C(=O)NC2CCC(=O)NC2=O)N3C=CN=C3,Z9311796103,501.414,387.391,-1.137,-3.579,3,5,135.33,8,https://real.enamine.net/public-enum-files/Z9311796103
O=C(NCC1=CC=C(O1)C(=O)NC2CCC(=O)NC2=O)C3=NC=C4C=CC=CN34,Z9302745037,395.37,395.37,0.42,-2.999,3,5,134.81,5,https://real.enamine.net/public-enum-files/Z9302745037
CC=1C=C(CNC(=O)C=2N=CC=C3NC=CC23)OC1C(=O)NC4CCC(=O)NC4=O,Z9302745050,409.396,409.396,0.357,-3.897,4,5,146.19,5,https://real.enamine.net/public-enum-files/Z9302745050
CC=1C=C(CNC(=O)C2CCC=3C=CC=CC32)OC1C(=O)NC4CCC(=O)NC4=O,Z9302745059,409.436,409.436,0.533,-4.314,3,4,117.51,5,https://real.enamine.net/public-enum-files/Z9302745059
CC=1C=C(CNC(=O)COC=2C=CSC2)OC1C(=O)NC3CCC(=O)NC3=O,Z9302745062,405.427,405.427,-0.124,-3.612,3,5,126.74,7,https://real.enamine.net/public-enum-files/Z9302745062
CC=1N=C(CNC(=O)C=2C=NC=3C=CNC3C2)OC1C(=O)NC4CCC(=O)NC4=O,Z9302745086,410.384,410.384,-0.766,-2.29,4,6,159.08,5,https://real.enamine.net/public-enum-files/Z9302745086
CN1N=NC(CNC(=O)C(C)(C)N2C=NC=N2)=C1C(=O)NC3CCC(=O)NC3=O,Z9302745089,403.397,403.397,-3.552,-1.476,3,8,165.79,6,https://real.enamine.net/public-enum-files/Z9302745089
CC(CN1C=CC=N1)C(=O)NCCC=2NN=CC2C(=O)NC3CCC(=O)NC3=O,Z9302745119,401.421,401.421,-1.634,-1.616,4,6,150.87,8,https://real.enamine.net/public-enum-files/Z9302745119
CC1(C)CCOC(C1)C(=O)NCC=2OC=CC2C(=O)NC3CCC(=O)NC3=O,Z9302745138,391.419,391.419,-0.198,-3.133,3,5,126.74,5,https://real.enamine.net/public-enum-files/Z9302745138
NC=1C=C(F)C=C(C1)C(=O)NCC=2OC=CC2C(=O)NC3CCC(=O)NC3=O,Z9302745142,388.351,388.351,-0.874,-3.588,4,5,143.53,5,https://real.enamine.net/public-enum-files/Z9302745142
O=C(CCN1C=NN=N1)NCC=2C=C(ON2)C(=O)NC3CCC(=O)NC3=O,Z9302745165,376.328,376.328,-2.25,-1.027,3,8,174,7,https://real.enamine.net/public-enum-files/Z9302745165
O=C(O)C(F)(F)F.O=C(NC1CCC(=O)NC1=O)C=2C=NNC2CNC(=O)C(O)CN3C=NC=N3,Z9331724151,504.378,390.355,-3.531,-2.319,5,8,183.99,8,https://real.enamine.net/public-enum-files/Z9331724151
CC=1OC(CNC(=O)COC2CCCOC2)=NC1C(=O)NC3CCC(=O)NC3=O,Z9302745205,408.407,408.407,-1.937,-1.369,3,7,148.86,7,https://real.enamine.net/public-enum-files/Z9302745205
CC(NC(=O)C=1N=CC=C2C=CNC12)C3=NOC=C3C(=O)NC4CCC(=O)NC4=O,Z9302745256,410.384,410.384,-0.223,-2.926,4,6,159.08,5,https://real.enamine.net/public-enum-files/Z9302745256
CC(NC(=O)C1=CN=C2CCCN12)C3=NOC=C3C(=O)NC4CCC(=O)NC4=O,Z9302745263,400.39,400.39,-1.135,-1.555,3,6,148.22,5,https://real.enamine.net/public-enum-files/Z9302745263
O=C(NC1CCC(=O)NC1=O)C2=COC=3CN(CC23)C(=O)C(O)CN4C=NC=N4,Z9302745274,402.362,402.362,-3.128,-2.191,3,7,159.66,5,https://real.enamine.net/public-enum-files/Z9302745274
O=C(O)C(F)(F)F.O=C(NCC1=CC(=NO1)C(=O)NC2CCC(=O)NC2=O)C3=CNC=4C=NC=CC34,Z9329660813,510.381,396.358,-0.689,-3.317,4,6,159.08,6,https://real.enamine.net/public-enum-files/Z9329660813
O=C(NC1CCC(=O)NC1=O)C=2NN=CC2CNC(=O)C3CCCCC(=O)N3,Z9302745315,390.395,390.395,-1.656,-1.972,5,6,162.15,5,https://real.enamine.net/public-enum-files/Z9302745315
O=C(NC1CCC(=O)NC1=O)C=2C=NN3C=CN=CC23,Z1827249388,273.248,273.248,-0.977,-0.608,2,5,105.46,2,https://real.enamine.net/public-enum-files/Z1827249388
O=C(NC1CCC(=O)NC1=O)C=2N=C(Br)SC2C3CC3,Z2028768329,358.212,358.212,0.862,-3.828,2,4,88.16,3,https://real.enamine.net/public-enum-files/Z2028768329
O=C(NC1CCC(=O)NC1=O)C2=CC(=NN2)C=3C=CC=4OCOC4C3,Z1474297813,342.307,342.307,1.507,-3.967,3,6,122.41,3,https://real.enamine.net/public-enum-files/Z1474297813
CC=1N=C(COC=2C=CC(F)=CC2)SC1C(=O)NC3CCC(=O)NC3=O,Z1474302726,377.392,377.392,1.442,-3.51,2,5,97.39,5,https://real.enamine.net/public-enum-files/Z1474302726
O=C(NC1CCC(=O)NC1=O)C=2N=C(C=3C=CC(F)=CC3)N4CCCCCC24,Z1474297724,384.405,384.405,2.798,-4.32,2,4,93.09,3,https://real.enamine.net/public-enum-files/Z1474297724
O=C(NC1CCC(=O)NC1=O)C2=CNN3C2=NC(=O)C4=CC=CC=C43,Z1474295995,339.306,339.306,-0.838,-3.455,3,7,119.97,2,https://real.enamine.net/public-enum-files/Z1474295995
O=C(NC1CCC(=O)NC1=O)C=2OC=3C=C(Cl)C=CC3C2C=4C=CC=CC4,Z1474304608,382.797,382.797,3.06,-6.328,2,3,88.41,3,https://real.enamine.net/public-enum-files/Z1474304608
O=C(NC1CCC(=O)NC1=O)C=2N=NN(C2C3CC3)C=4C=CC(Br)=CC4,Z1474298117,418.245,418.245,1.244,-3.873,2,5,105.98,4,https://real.enamine.net/public-enum-files/Z1474298117
CC=1C=CC=CC1NC2=NC=3SC(=CC3S2)C(=O)NC4CCC(=O)NC4=O,Z1474303123,400.478,400.478,3.512,-5.936,3,5,100.19,4,https://real.enamine.net/public-enum-files/Z1474303123
O=C(NC1CCC(=O)NC1=O)C2=NN3C(=N2)NS(=O)(=O)C=4C=CC=CC43,Z1474291469,376.349,376.349,-0.685,-2.677,3,7,152.15,2,https://real.enamine.net/public-enum-files/Z1474291469
CC1=NN(CC=2C=CC(Cl)=CC2)C(C)=C1C(=O)NC3CCC(=O)NC3=O,Z1474291134,374.822,374.822,1.277,-3.178,2,4,93.09,4,https://real.enamine.net/public-enum-files/Z1474291134
CC=1OC(=CC1S(=O)(=O)N(C)C)C(=O)NC2CCC(=O)NC2=O,Z1474303646,343.357,343.357,-0.562,-1.697,2,5,125.79,3,https://real.enamine.net/public-enum-files/Z1474303646
O=C(NC1CCC(=O)NC1=O)C2=CN(N=N2)C3=CC=C(Br)C=C3C(F)(F)F,Z1602462002,446.179,446.179,2.198,-4.242,2,5,105.98,4,https://real.enamine.net/public-enum-files/Z1602462002
CC1=C(SC=2C=C(F)C=CC12)C(=O)NC3CCC(=O)NC3=O,Z2119523729,320.34,320.34,1.793,-4.409,2,3,75.27,2,https://real.enamine.net/public-enum-files/Z2119523729
CC1=NC(CN2N=NC(C(=O)NC3CCC(=O)NC3=O)=C2C)=NO1,Z1906653188,333.303,333.303,-2.615,-0.432,2,7,144.9,4,https://real.enamine.net/public-enum-files/Z1906653188
O=C(NC1CCC(=O)NC1=O)C2=CNC(=N2)C3CC3,Z1474296782,262.265,262.265,-0.133,-1.218,3,4,103.95,3,https://real.enamine.net/public-enum-files/Z1474296782
O=C(O)C(F)(F)F.O=C(NC1CCC(=O)NC1=O)C2=CN=CN2,Z9374396659,336.225,222.201,-0.856,-2.455,3,4,103.95,3,https://real.enamine.net/public-enum-files/Z9374396659
O=C(NC1=CC=C(S1)C(=O)NC2CCC(=O)NC2=O)C3=CC=CO3,Z1474293590,347.348,347.348,0.055,-4.32,3,4,117.51,4,https://real.enamine.net/public-enum-files/Z1474293590
NC(=O)CNS(=O)(=O)C1=CC=C(O1)C(=O)NC2CCC(=O)NC2=O,Z1474291198,358.329,358.329,-2.379,-2.46,4,6,177.67,5,https://real.enamine.net/public-enum-files/Z1474291198
CC=1OC2=C(F)C(F)=C(F)C(F)=C2C1C(=O)NC3CCC(=O)NC3=O,Z1474304093,358.245,358.245,1.518,-4.335,2,3,88.41,2,https://real.enamine.net/public-enum-files/Z1474304093
CC1=C(SC=2N=C(CC=3C=CC=CC3)N=C(N)C12)C(=O)NC4CCC(=O)NC4=O,Z1474296550,409.464,409.464,1.865,-4.966,3,6,127.07,4,https://real.enamine.net/public-enum-files/Z1474296550
NS(=O)(=O)C=1C=CC=C(C1)NC(=O)C2=CC=C(S2)C(=O)NC3CCC(=O)NC3=O,Z1474304720,436.465,436.465,-0.754,-4.266,4,6,164.53,5,https://real.enamine.net/public-enum-files/Z1474304720
COC=1C=CC2=C(C=NN2C1)C(=O)NC3CCC(=O)NC3=O,Z2497637923,302.286,302.286,-0.155,-1.898,2,5,101.8,3,https://real.enamine.net/public-enum-files/Z2497637923
CC(C1=CC(=NN1)C(=O)NC2CCC(=O)NC2=O)C=3C=CC=CC3,Z2708255915,326.351,326.351,1.641,-3.394,3,4,103.95,4,https://real.enamine.net/public-enum-files/Z2708255915
O=C(NC1CCC(=O)NC1=O)C2=NN3CCCC3=C2Br,Z2874065675,341.161,341.161,-0.997,-2.269,2,4,93.09,2,https://real.enamine.net/public-enum-files/Z2874065675
Cl.Cl.O=C(NC1CCC(=O)NC1=O)C2=CC=3C(=CC=CC3S2)N4CCNCC4,Z9302774374,445.364,372.443,1.017,-4.794,3,5,90.54,3,https://real.enamine.net/public-enum-files/Z9302774374
COC=1C=CC=C(C1)C2=CC(C(=O)NC3CCC(=O)NC3=O)=C(C)O2,Z4076406617,342.347,342.347,1.617,-3.833,2,4,97.64,4,https://real.enamine.net/public-enum-files/Z4076406617
CC=1SC(CC(F)(F)F)=NC1C(=O)NC2CCC(=O)NC2=O,Z4076406620,335.304,335.304,0.564,-2.912,2,4,88.16,4,https://real.enamine.net/public-enum-files/Z4076406620
O=C(NC1CCC(=O)NC1=O)C2=CN(CC(F)(F)F)N=C2C3CC3,Z4138771424,344.29,344.29,-0.886,-2.732,2,4,93.09,5,https://real.enamine.net/public-enum-files/Z4138771424
CC=1N=C2CCC(C)CN2C1C(=O)NC3CCC(=O)NC3=O,Z4906293510,304.345,304.345,0.43,-1.796,2,4,93.09,2,https://real.enamine.net/public-enum-files/Z4906293510
CC1=C(OC2=C(C)C=CC(C)=C12)C(=O)N[C@@H]3CCC(=O)NC3=O,Z4917768095,314.337,314.337,1.925,-4.395,2,3,88.41,2,https://real.enamine.net/public-enum-files/Z4917768095
CN1N=C(C(=O)NC2CCC(=O)NC2=O)C=3CC(C)(C)CCC31,Z5034290657,318.372,318.372,0.898,-2.459,2,4,93.09,2,https://real.enamine.net/public-enum-files/Z5034290657
CC=1C(=NN(C)C1C2CC2)C(=O)N[C@@H]3CCC(=O)NC3=O,Z5466667179,290.318,290.318,-0.66,-1.827,2,4,93.09,3,https://real.enamine.net/public-enum-files/Z5466667179
O=C(N[C@@H]1CCC(=O)NC1=O)C=2C=C(N(N2)C(F)F)C(F)(F)F,Z5528162439,340.207,340.207,0.028,-2.654,2,4,93.09,4,https://real.enamine.net/public-enum-files/Z5528162439
CCC=1N=C(C)OC1C(=O)NC2CCC(=O)NC2=O,Z5583143378,265.266,265.266,-0.642,-1.258,2,4,101.3,3,https://real.enamine.net/public-enum-files/Z5583143378
O=C(NC1CCC(=O)NC1=O)C2=CN3C=CSC3=N2,Z5583208548,278.289,278.289,0.311,-2.425,2,4,92.57,2,https://real.enamine.net/public-enum-files/Z5583208548
CC1=NN(C)C(=C1C(=O)NC2CCC(=O)NC2=O)C(F)(F)F,Z5702495848,318.252,318.252,-1.549,-1.887,2,4,93.09,3,https://real.enamine.net/public-enum-files/Z5702495848
CC1(C)CCCC=2SC=C(C(=O)NC3CCC(=O)NC3=O)C21,Z5702496051,320.408,320.408,2.656,-3.96,2,3,75.27,2,https://real.enamine.net/public-enum-files/Z5702496051
O=C(NC1CCC(=O)NC1=O)C2=CC(=NN2C3CCCC3)C(F)(F)F,Z5714855568,358.316,358.316,1.204,-3.126,2,4,93.09,4,https://real.enamine.net/public-enum-files/Z5714855568
O=C(NC1CCC(=O)NC1=O)C2=CN(CC3CC3)N=C2C=4C=CC(Cl)=CC4,Z5741621371,386.833,386.833,2.077,-4.359,2,4,93.09,5,https://real.enamine.net/public-enum-files/Z5741621371
O=C(NC1CCC(=O)NC1=O)C2=CC(=NN2CC3CC3)C=4C=CC(Cl)=CC4,Z5741621374,386.833,386.833,2.537,-4.677,2,4,93.09,5,https://real.enamine.net/public-enum-files/Z5741621374
O=C(NC1CCC(=O)NC1=O)C2=CNC=3N=C(Br)C=CC23,Z7626493727,351.156,351.156,0.731,-4.395,3,4,103.95,2,https://real.enamine.net/public-enum-files/Z7626493727
CC1=C(N=NN1C=2C=CC=C3C=NC=CC23)C(=O)N[C@@H]4CCC(=O)NC4=O,Z7761292831,364.359,364.359,0.167,-2.976,2,6,118.87,3,https://real.enamine.net/public-enum-files/Z7761292831
O=C(NC1CCC(=O)NC1=O)C2=NN3C(=O)C=C(NC3=N2)C=4C=CC=CC4,Z7761445898,366.332,366.332,-1.089,-3.924,3,7,135.08,3,https://real.enamine.net/public-enum-files/Z7761445898
O=C(NC=1SC=C(C1C(=O)NC2CCC(=O)NC2=O)C=3C=CC=CC3)C4=CC=CS4,Z7762686245,439.51,439.51,2.319,-6.647,3,4,104.37,5,https://real.enamine.net/public-enum-files/Z7762686245
O=C(NC1CCC(=O)NC1=O)C=2C=COC2S(=O)(=O)C=3C=CC=CC3,Z7791387432,362.359,362.359,0.32,-3.691,2,5,122.55,4,https://real.enamine.net/public-enum-files/Z7791387432
O=C(NC1CCC(=O)NC1=O)C=2C=NN3C(=CC(=NC23)C(F)F)C=4C=CC=CC4,Z7839452162,399.352,399.352,1.316,-4.464,2,5,105.46,4,https://real.enamine.net/public-enum-files/Z7839452162
O=C(NC1CCC(=O)NC1=O)C2=CC=C(O2)C=3C=C(Cl)C=C(F)C3,Z7843077777,350.729,350.729,2.393,-4.994,2,3,88.41,3,https://real.enamine.net/public-enum-files/Z7843077777
CN(C)S(C)(=O)=NC1=NC(=CS1)C(=O)NC2CCC(=O)NC2=O,Z7861273050,359.427,359.427,-1.267,-2.816,2,6,120.83,3,https://real.enamine.net/public-enum-files/Z7861273050
CC=1OC=2N=C(Cl)C=CC2C1C(=O)NC3CCC(=O)NC3=O,Z7906626816,321.716,321.716,0.733,-4.073,2,4,101.3,2,https://real.enamine.net/public-enum-files/Z7906626816
O=C(NC1CCC(=O)NC1=O)C2=CNC=3N=CC=NC23,Z8382978801,273.248,273.248,-0.62,-1.556,3,5,116.84,2,https://real.enamine.net/public-enum-files/Z8382978801
O=C(NC1CCC(=O)NC1=O)C2=C(N=C3C=NC=CN23)C(F)F,Z8494920883,323.256,323.256,-0.599,-1.813,2,5,105.46,3,https://real.enamine.net/public-enum-files/Z8494920883
O=C(NC1CCC(=O)NC1=O)C2=CC3=CC=C4OCCOC4=C3N2,Z8554966885,329.308,329.308,0.686,-3.934,3,5,109.52,2,https://real.enamine.net/public-enum-files/Z8554966885
O=C(NC1CCC(=O)NC1=O)C=2C=C(NN2)C3(CC3)C=4C=CC=CC4,Z8577806484,338.361,338.361,1.446,-3.17,3,4,103.95,4,https://real.enamine.net/public-enum-files/Z8577806484
COC=1C=CC(OC)=C(C1)C=2C=C(NN2)C(=O)NC3CCC(=O)NC3=O,Z8602601508,358.349,358.349,0.99,-3.505,3,6,122.41,5,https://real.enamine.net/public-enum-files/Z8602601508
O=C(NC1CCC(=O)NC1=O)C2=CN(CC3COC=4C=CC=CC4O3)N=N2,Z8611155466,371.348,371.348,-0.162,-2.688,2,7,124.44,4,https://real.enamine.net/public-enum-files/Z8611155466
CC1(C)CC2=C(N=NN2C1)C(=O)NC3CCC(=O)NC3=O,Z8621885972,291.306,291.306,-0.611,-1.213,2,5,105.98,2,https://real.enamine.net/public-enum-files/Z8621885972
CC1=CC(=O)N2NC(=CC2=N1)C(=O)NC3CCC(=O)NC3=O,Z8706348612,303.274,303.274,-1.041,-2.382,3,6,119.97,2,https://real.enamine.net/public-enum-files/Z8706348612
CCC=1C(C)=NNC1C(=O)NC2CCC(=O)NC2=O,Z8707267031,264.281,264.281,0.192,-2.18,3,4,103.95,3,https://real.enamine.net/public-enum-files/Z8707267031
O=C(N[C@@H]1CCC(=O)NC1=O)C2=CSC(=N2)C=3N=CC=CC3F,Z9212495841,334.327,334.327,0.747,-2.764,2,5,101.05,3,https://real.enamine.net/public-enum-files/Z9212495841
O=C(NC1CCC(=O)NC1=O)C2=CC=C(O2)C=3N=NNN3,Z9212517124,290.236,290.236,-0.903,-2.278,3,6,142.87,3,https://real.enamine.net/public-enum-files/Z9212517124
O=C(NC1CCC(=O)NC1=O)C=2N=C(N3C=CN=CC23)C(F)(F)F,Z9212542258,341.246,341.246,0.458,-1.86,2,5,105.46,3,https://real.enamine.net/public-enum-files/Z9212542258
CC=1OC=2C=C(NC2C1C)C(=O)NC3CCC(=O)NC3=O,Z9212550606,289.287,289.287,1.128,-2.825,3,3,104.2,2,https://real.enamine.net/public-enum-files/Z9212550606
COC=1C=CC(=CC1)CN2C=CN=C2C(=O)NC3CCC(=O)NC3=O,Z9213643178,342.35,342.35,0.926,-1.865,2,5,102.32,5,https://real.enamine.net/public-enum-files/Z9213643178
O=C(NC1CCC(=O)NC1=O)C=2NN=CC2C=3C=CN=CC3,Z9213945803,299.285,299.285,-0.441,-2.406,3,5,116.84,3,https://real.enamine.net/public-enum-files/Z9213945803
Cl.O=C(NC1CCC(=O)NC1=O)C2=CN(N=N2)C3CCCNCC3,Z9302774449,356.808,320.348,-1.762,-0.989,3,6,118.01,3,https://real.enamine.net/public-enum-files/Z9302774449
Cl.CN1C=C(C(=O)NC2CCC(=O)NC2=O)C(=N1)C3CCCNC3,Z9302774473,355.82,319.36,-1.771,-1.194,3,5,105.12,3,https://real.enamine.net/public-enum-files/Z9302774473
Cl.NC1(CC1)C2=CC=C(O2)C(=O)NC3CCC(=O)NC3=O,Z9302774474,313.737,277.277,-1.32,-2.744,3,4,114.43,3,https://real.enamine.net/public-enum-files/Z9302774474
Cl.NCC1OCCC=2SC(=CC21)C(=O)NC3CCC(=O)NC3=O,Z9302774485,359.83,323.369,-1.092,-2.934,3,5,110.52,3,https://real.enamine.net/public-enum-files/Z9302774485
O=C(NC1CCC(=O)NC1=O)C=2C=NN(N2)C3CCOC3,Z9219491799,293.279,293.279,-1.733,-0.919,2,6,115.21,3,https://real.enamine.net/public-enum-files/Z9219491799
O=C(NC1CCC(=O)NC1=O)C=2SC(=CC2Cl)C=3N=NNN3,Z9219598442,340.747,340.747,-0.245,-3.451,3,6,129.73,3,https://real.enamine.net/public-enum-files/Z9219598442
CC1=C(C=NN1C(C)C(C)(C)O)C(=O)NC2CCC(=O)NC2=O,Z9219627275,322.36,322.36,-0.999,-1.189,3,5,113.32,4,https://real.enamine.net/public-enum-files/Z9219627275
O=C(NC1CCC(=O)NC1=O)C2=CC=3C=C(Cl)C=NC3O2,Z9219841163,307.689,307.689,0.574,-3.542,2,4,101.3,2,https://real.enamine.net/public-enum-files/Z9219841163
CN1C(S)=NN=C1C(=O)NC2CCC(=O)NC2=O,Z9275344103,269.282,269.282,-0.693,-1.484,3,5,105.98,2,https://real.enamine.net/public-enum-files/Z9275344103
O=C(NC1CCC(=O)NC1=O)C2=CN=NN2C=3C=C(C=CC3Cl)C(F)(F)F,Z9275346519,401.728,401.728,2.048,-3.864,2,5,105.98,4,https://real.enamine.net/public-enum-files/Z9275346519
COC=1C=CC(Br)=C2NN=C(C(=O)NC3CCC(=O)NC3=O)C12,Z9275346623,381.182,381.182,1.536,-3.927,3,5,113.18,3,https://real.enamine.net/public-enum-files/Z9275346623
O=C(NC1CCC(=O)NC1=O)C=2C=C(NN2)C=3C=CC(=CC3)OC(F)(F)F,Z9275347905,382.295,382.295,2.342,-4.936,3,5,113.18,5,https://real.enamine.net/public-enum-files/Z9275347905
O=C(NC1CCC(=O)NC1=O)C2=CC=C(OC=3C=CC=4OCOC4C3)O2,Z9275348389,358.303,358.303,1.447,-4.675,2,5,116.1,4,https://real.enamine.net/public-enum-files/Z9275348389
O=C(NC1CCC(=O)NC1=O)C=2C=C(NN2)C=3C=NC=CN3,Z9275353879,300.274,300.274,-0.834,-1.101,3,6,129.73,3,https://real.enamine.net/public-enum-files/Z9275353879
CC=1C(F)=CC(OCC=2C=CC=CC2)=C3C=C(NC13)C(=O)NC4CCC(=O)NC4=O,Z9275355367,409.411,409.411,3.275,-5.659,3,4,100.29,5,https://real.enamine.net/public-enum-files/Z9275355367
CC=1N=C(NCCC=2C=CC=CC2)SC1C(=O)NC3CCC(=O)NC3=O,Z9275357171,372.443,372.443,2.116,-3.823,3,5,100.19,6,https://real.enamine.net/public-enum-files/Z9275357171
O=C(NC1CCC(=O)NC1=O)C2=CN(N=N2)C(F)(F)CO,Z9275358138,303.223,303.223,-1.331,-1.08,3,6,126.21,4,https://real.enamine.net/public-enum-files/Z9275358138
CN1N=C(C(C(=O)NC2CCC(=O)NC2=O)=C1C=3N=NNN3)C(F)(F)F,Z9275369076,372.264,372.264,-2.225,-2.148,3,7,147.55,4,https://real.enamine.net/public-enum-files/Z9275369076
Cl.CC1=NN2CCNCC2=C1C(=O)NC3CCC(=O)NC3=O,Z9302774540,327.767,291.306,-2,-1.169,3,5,105.12,2,https://real.enamine.net/public-enum-files/Z9302774540
O=C(NC1CCC(=O)NC1=O)C2=CC=C(CN3C=C(N=N3)C4COC=5C=CC=CC5C4)O2,Z9302744955,435.434,435.434,0.271,-3.53,2,6,128.35,5,https://real.enamine.net/public-enum-files/Z9302744955
O=C(NC1CCC(=O)NC1=O)C2=COC(CNC(=O)C3CC4(CCC4)CO3)=N2,Z9302744975,390.391,390.391,-0.855,-2.092,3,6,139.63,5,https://real.enamine.net/public-enum-files/Z9302744975
O=C(CCC=1C=CC=NC1)N2CC=3NN=C(C(=O)NC4CCC(=O)NC4=O)C3C2,Z9302744989,396.401,396.401,-2.285,-2.12,3,6,137.15,5,https://real.enamine.net/public-enum-files/Z9302744989
O=C(NC1CCC(=O)NC1=O)C2=CC=C(CNC(=O)C3CC4(CC4)CCO3)S2,Z9302744997,405.47,405.47,0.08,-3.851,3,5,113.6,5,https://real.enamine.net/public-enum-files/Z9302744997
O=C(O)C(F)(F)F.CC1=NC=CN1C(C)C(=O)NCC2=CC(=CO2)C(=O)NC3CCC(=O)NC3=O,Z9312342722,501.414,387.391,-1.397,-2.479,3,5,135.33,7,https://real.enamine.net/public-enum-files/Z9312342722
CC=1C=CC(=CC1C#N)C(=O)NCC2=CC=C(O2)C(=O)NC3CCC(=O)NC3=O,Z9302745039,394.382,394.382,0.611,-4.566,3,5,141.3,5,https://real.enamine.net/public-enum-files/Z9302745039
CC1=NOC(CCC(=O)NCC=2N=NN(C)C2C(=O)NC3CCC(=O)NC3=O)=N1,Z9302745097,404.382,404.382,-3.977,-0.185,3,8,174,7,https://real.enamine.net/public-enum-files/Z9302745097
O=C(NC1CCC(=O)NC1=O)C2=CSC(=C2)CNC(=O)C3=CC=CN4C=NC=C34,Z9302745106,411.436,411.436,0.504,-3.77,3,5,121.67,5,https://real.enamine.net/public-enum-files/Z9302745106
O=C(O)C(F)(F)F.O=C(NC1CCC(=O)NC1=O)C=2OC=CC2CNC(=O)C3=CC=CC4=CN=CN34,Z9311796130,509.393,395.37,-0.158,-4.171,3,5,134.81,6,https://real.enamine.net/public-enum-files/Z9311796130
NC(=O)NC1(CCCCC1)C(=O)NCC=2C=COC2C(=O)NC3CCC(=O)NC3=O,Z9302745147,419.433,419.433,-1.326,-3.432,5,5,172.63,6,https://real.enamine.net/public-enum-files/Z9302745147
O=C(NC1CCC(=O)NC1=O)C=2OC=CC2CNC(=O)C=3C=CN=C4NC=CC34,Z9302745150,395.37,395.37,-0.492,-4.043,4,5,146.19,5,https://real.enamine.net/public-enum-files/Z9302745150
O=C(NC1CCC(=O)NC1=O)C=2C=NNC2CNC(=O)C3=CC=C4NN=C(Cl)C4=C3,Z9302745195,429.818,429.818,0.484,-4.743,5,6,161.73,5,https://real.enamine.net/public-enum-files/Z9302745195
CC=1OC(CNC(=O)C(C)C2=CC=CS2)=NC1C(=O)NC3CCC(=O)NC3=O,Z9302745211,404.442,404.442,-0.329,-2.69,3,5,130.4,6,https://real.enamine.net/public-enum-files/Z9302745211
O=C(NC1CCC(=O)NC1=O)C=2SC=CC2CNC(=O)C3=CC=CC=4NC=CC34,Z9302745220,410.448,410.448,0.575,-4.9,4,4,120.16,5,https://real.enamine.net/public-enum-files/Z9302745220
CCN1C=C(C=N1)CC(=O)NCC=2C=CSC2C(=O)NC3CCC(=O)NC3=O,Z9302745223,403.457,403.457,-1.074,-2.01,3,5,122.19,7,https://real.enamine.net/public-enum-files/Z9302745223
O=C(NC1CCC(=O)NC1=O)C2=CC(CNC(=O)C(O)C=3C=CSC3)=NN2,Z9302745225,391.404,391.404,-0.746,-2.716,5,6,153.28,6,https://real.enamine.net/public-enum-files/Z9302745225
CN1C=NC(C#N)=C1C(=O)NCC=2C=C(NN2)C(=O)NC3CCC(=O)NC3=O,Z9302745226,384.35,384.35,-1.33,-2.387,4,7,174.66,5,https://real.enamine.net/public-enum-files/Z9302745226
O=C(O)C(F)(F)F.O=C(NC1CCC(=O)NC1=O)C2=CC(CNC(=O)C3CCC4=NC=CN43)=NN2,Z9311796073,499.402,385.378,-1.66,-2.405,4,6,150.87,6,https://real.enamine.net/public-enum-files/Z9311796073
COC1(CCCOC1)C(=O)NCC=2C=C(NN2)C(=O)NC3CCC(=O)NC3=O,Z9302745233,393.395,393.395,-1.243,-2.187,4,7,151.51,6,https://real.enamine.net/public-enum-files/Z9302745233
O=C(NC1CCC(=O)NC1=O)C2=CC(CNC(=O)C=3C=NN4CCCC34)=NN2,Z9302745234,385.378,385.378,-0.974,-2.008,4,6,150.87,5,https://real.enamine.net/public-enum-files/Z9302745234
O=C(NC1CCC(=O)NC1=O)C2=CC(CNC(=O)C=3C=CC=4CCCC4C3)=NN2,Z9302745238,395.413,395.413,1.215,-4.708,4,5,133.05,5,https://real.enamine.net/public-enum-files/Z9302745238
CC1=NN(CC(=O)NCC=2C=C(NN2)C(=O)NC3CCC(=O)NC3=O)C(=O)O1,Z9302745239,391.34,391.34,-2.126,-1.698,4,7,174.95,6,https://real.enamine.net/public-enum-files/Z9302745239
O=C(NC1CCC(=O)NC1=O)C2=COC=3CN(CC23)C(=O)C4(CC4)C=5C=CNN5,Z9302745272,397.386,397.386,-1.965,-2.633,3,5,137.4,4,https://real.enamine.net/public-enum-files/Z9302745272
N#CC1(CCOCC1)C(=O)NCC2=CSC(=C2)C(=O)NC3CCC(=O)NC3=O,Z9302745292,404.442,404.442,-2.104,-2.461,3,6,137.39,5,https://real.enamine.net/public-enum-files/Z9302745292
O=C(NC1CCC(=O)NC1=O)C=2C=C(CNC(=O)C3CC=4C=CC=CC43)ON2,Z9302745305,382.371,382.371,-0.425,-2.867,3,5,130.4,5,https://real.enamine.net/public-enum-files/Z9302745305
O=C(COC=1C=CSC1)NCCN2C=C(C=N2)C(=O)NC3CCC(=O)NC3=O,Z9302745349,405.43,405.43,-0.341,-2.177,3,6,131.42,8,https://real.enamine.net/public-enum-files/Z9302745349
O=C(O)C(F)(F)F.O=C(NC1CCC(=O)NC1=O)C2=CN(CCNC(=O)C3CC4=NC=CN4C3)N=N2,Z9311796071,514.416,400.393,-2.623,-1.046,3,7,152.9,7,https://real.enamine.net/public-enum-files/Z9311796071
CCCC=1N=NSC1C(=O)NC2CCC(=O)NC2=O,Z1269639371,282.321,282.321,-0.173,-2.389,2,5,101.05,4,https://real.enamine.net/public-enum-files/Z1269639371
O=C(NC1CCC(=O)NC1=O)C=2SC(=NC2C(F)F)C=3C=CC=CC3,Z1538885953,365.356,365.356,1.266,-4.506,2,4,88.16,4,https://real.enamine.net/public-enum-files/Z1538885953
COC1=CC=CC(C2=NC(=CS2)C(=O)NC3CCC(=O)NC3=O)=C1OC,Z1474292280,375.401,375.401,0.932,-3.716,2,6,106.62,5,https://real.enamine.net/public-enum-files/Z1474292280
CC1=CC(C)=C2C(Cl)=C(SC2=C1)C(=O)NC3CCC(=O)NC3=O,Z1474304277,350.821,350.821,2.424,-5.61,2,3,75.27,2,https://real.enamine.net/public-enum-files/Z1474304277
CC=1OC=2N=CN(C)C(=O)C2C1C(=O)NC3CCC(=O)NC3=O,Z1474299333,318.285,318.285,-1.461,-2.527,2,5,121.08,2,https://real.enamine.net/public-enum-files/Z1474299333
CC1=C(C=NN1C2CCS(=O)(=O)C2)C(=O)NC3CCC(=O)NC3=O,Z1474297858,354.383,354.383,-2.907,-1.031,2,6,127.23,3,https://real.enamine.net/public-enum-files/Z1474297858
CC1=NN2C(C)=CC(C)=NC2=C1C(=O)NC3CCC(=O)NC3=O,Z1474297914,315.328,315.328,-0.05,-2.055,2,5,105.46,2,https://real.enamine.net/public-enum-files/Z1474297914
CC(C)C1=NC(=NN1C=2C(Cl)=CC=CC2Cl)C(=O)NC3CCC(=O)NC3=O,Z1474304785,410.255,410.255,2.892,-4.265,2,5,105.98,3,https://real.enamine.net/public-enum-files/Z1474304785
CC1CC=2C=CC=CC2N1CC=3OC=CC3C(=O)NC4CCC(=O)NC4=O,Z1474301843,367.399,367.399,1.751,-3.596,2,4,91.65,4,https://real.enamine.net/public-enum-files/Z1474301843
CC=1C=CC(=C(F)C1)N2N=C(C(=O)NC3CCC(=O)NC3=O)C=4CCCC42,Z1474294468,370.378,370.378,1.893,-3.959,2,4,93.09,3,https://real.enamine.net/public-enum-files/Z1474294468
CCC1=C(N=NN1C=2C=CC(=CC2)OC(C)C)C(=O)NC3CCC(=O)NC3=O,Z1474304950,385.418,385.418,1.532,-3.284,2,6,115.21,6,https://real.enamine.net/public-enum-files/Z1474304950
CCOC(C)C1=NC(=CS1)C(=O)NC2CCC(=O)NC2=O,Z1474298470,311.358,311.358,0.159,-1.644,2,5,97.39,5,https://real.enamine.net/public-enum-files/Z1474298470
CCCC1=C(N=NN1CC=2C=CC=C(Br)C2)C(=O)NC3CCC(=O)NC3=O,Z1474303500,434.288,434.288,1.685,-4.21,2,5,105.98,6,https://real.enamine.net/public-enum-files/Z1474303500
CC=1C=CC=C(C1C)N2C=C(O)C(=N2)C(=O)NC3CCC(=O)NC3=O,Z1549445904,342.35,342.35,2.064,-2.962,3,5,113.32,3,https://real.enamine.net/public-enum-files/Z1549445904
CC(C)C=1C=CSC1C(=O)NC2CCC(=O)NC2=O,Z1474304534,280.344,280.344,0.833,-3.412,2,3,75.27,3,https://real.enamine.net/public-enum-files/Z1474304534
CCCC1=NC(=NN1C2=CC=CC=C2F)C(=O)NC3CCC(=O)NC3=O,Z1474291242,359.356,359.356,1.738,-3.031,2,5,105.98,5,https://real.enamine.net/public-enum-files/Z1474291242
O=C(NC1CCC(=O)NC1=O)C2=CC=3OC=CC3S2,Z1474301972,278.285,278.285,0.816,-3.008,2,3,88.41,2,https://real.enamine.net/public-enum-files/Z1474301972
O=C(NC1CCC(=O)NC1=O)C2=CN=C(S2)C=3C=CC=4OCCC4C3,Z1482581324,357.386,357.386,1.562,-4.038,2,5,97.39,3,https://real.enamine.net/public-enum-files/Z1482581324
CNS(=O)(=O)C1=CSC(=C1)C(=O)NC2CCC(=O)NC2=O,Z1474305095,331.371,331.371,-0.622,-2.128,3,5,121.44,3,https://real.enamine.net/public-enum-files/Z1474305095
O=C(NC1CCC(=O)NC1=O)C2=CC=3C=C(Br)SC3N2,Z2229190382,356.196,356.196,1.467,-5.263,3,3,91.06,2,https://real.enamine.net/public-enum-files/Z2229190382
COC=1C=CC(=CC1OC)CN2C=C(C=N2)C(=O)NC3CCC(=O)NC3=O,Z1747237237,372.376,372.376,0.364,-2.122,2,6,111.55,6,https://real.enamine.net/public-enum-files/Z1747237237
O=C(NC1CCC(=O)NC1=O)C2=CNN=C2C3CCOC3,Z1756183767,292.291,292.291,-1.753,-1.546,3,5,113.18,3,https://real.enamine.net/public-enum-files/Z1756183767
O=C(NC1CCC(=O)NC1=O)C=2C=CSC2NC(=O)C3=CC=C4CCCC4=C3,Z1474300199,397.45,397.45,2.192,-5.883,3,4,104.37,4,https://real.enamine.net/public-enum-files/Z1474300199
O=C(NC1CCC(=O)NC1=O)C=2N=NN(C2C(F)(F)F)C=3C=CC=C(F)C3,Z1474304679,385.274,385.274,0.162,-3.782,2,5,105.98,4,https://real.enamine.net/public-enum-files/Z1474304679
O=C(O)C(F)(F)F.CN1CCN(CC1)C2=NC=C(S2)C(=O)NC3CCC(=O)NC3=O,Z9411544644,451.423,337.399,-0.109,-2.681,2,6,94.64,4,https://real.enamine.net/public-enum-files/Z9411544644
O=C(NC1CCC(=O)NC1=O)C=2ON=C3CCCCC23,Z2634431987,277.277,277.277,0.106,-2.086,2,4,101.3,2,https://real.enamine.net/public-enum-files/Z2634431987
CC=1OC(=CC1CN2C(=O)C3=CC=CC=C3C2=O)C(=O)NC4CCC(=O)NC4=O,Z2634432123,395.366,395.366,0.973,-4.397,2,5,125.79,4,https://real.enamine.net/public-enum-files/Z2634432123
CC(C)C=1SC(Cl)=NC1C(=O)NC2CCC(=O)NC2=O,Z3049762761,315.777,315.777,1.196,-4.028,2,4,88.16,3,https://real.enamine.net/public-enum-files/Z3049762761
O=C(O)C(F)(F)F.CN1CCN(CC2=CC=C(S2)C(=O)NC3CCC(=O)NC3=O)CC1,Z9389958691,464.461,350.438,0.354,-2.441,2,5,81.75,5,https://real.enamine.net/public-enum-files/Z9389958691
CC1=CC2=C(C=C(C(=O)NC3CCC(=O)NC3=O)N2CC4CC4)S1,Z3298912808,345.418,345.418,2.675,-3.7,2,3,80.2,4,https://real.enamine.net/public-enum-files/Z3298912808
CCC1=C(OC2=CC=C(Br)C=C12)C(=O)NC3CCC(=O)NC3=O,Z3298912952,379.206,379.206,2.47,-5.093,2,3,88.41,3,https://real.enamine.net/public-enum-files/Z3298912952
COC=1C=CC=C2SC=C(C(=O)NC3CCC(=O)NC3=O)C12,Z3541230462,318.349,318.349,1.496,-3.67,2,4,84.5,3,https://real.enamine.net/public-enum-files/Z3541230462
CN1C=C(C(=O)NC2CCC(=O)NC2=O)C(CCC(F)(F)F)=N1,Z4138771433,332.279,332.279,-0.901,-2.028,2,4,93.09,5,https://real.enamine.net/public-enum-files/Z4138771433
CCC1=NN(C)C(C(=O)N[C@@H]2CCC(=O)NC2=O)=C1Cl,Z4658004964,298.726,298.726,-0.543,-1.963,2,4,93.09,3,https://real.enamine.net/public-enum-files/Z4658004964
CC(C)N1C=CN=C1C(=O)N[C@@H]2CCC(=O)NC2=O,Z4917778999,264.281,264.281,-0.013,-0.629,2,4,93.09,3,https://real.enamine.net/public-enum-files/Z4917778999
O=C(N[C@@H]1CCC(=O)NC1=O)C2=CC=3SC=CC3N2CC(F)(F)F,Z4917780438,359.325,359.325,1.496,-3.599,2,3,80.2,4,https://real.enamine.net/public-enum-files/Z4917780438
CN1C(=O)N2CCCCC2=C1C(=O)N[C@@H]3CCC(=O)NC3=O,Z5124759194,306.318,306.318,-1.033,-1.46,2,4,98.82,2,https://real.enamine.net/public-enum-files/Z5124759194
CC(C)(C)N1N=C2CCCCC2=C1C(=O)NC3CCC(=O)NC3=O,Z5177668106,332.398,332.398,1.097,-2.647,2,4,93.09,3,https://real.enamine.net/public-enum-files/Z5177668106
O=C(NC1CCC(=O)NC1=O)C=2N=C(Br)N3C=CSC23,Z5177668110,357.184,357.184,1.193,-3.973,2,4,92.57,2,https://real.enamine.net/public-enum-files/Z5177668110
O=C(NC1CCC(=O)NC1=O)C2=CC=3CCOCC3S2,Z5438129320,294.328,294.328,-0.481,-2.598,2,4,84.5,2,https://real.enamine.net/public-enum-files/Z5438129320
CC1(C)CCCC=2C=C(SC21)C(=O)NC3CCC(=O)NC3=O,Z5438129464,320.408,320.408,2.656,-3.821,2,3,75.27,2,https://real.enamine.net/public-enum-files/Z5438129464
O=C(NC1CCC(=O)NC1=O)C=2C=CN(CC3=CC(Cl)=CC=C3Cl)N2,Z5454393295,381.213,381.213,2.132,-3.929,2,4,93.09,4,https://real.enamine.net/public-enum-files/Z5454393295
O=C(NC1CCC(=O)NC1=O)C2=CSC(=N2)C3CC=4C=CC=CC4O3,Z5633030109,357.386,357.386,1.475,-3.203,2,5,97.39,3,https://real.enamine.net/public-enum-files/Z5633030109
CC1=NC(=CN1C(F)F)C(=O)NC2CCC(=O)NC2=O,Z7584632893,286.235,286.235,-0.286,-1.141,2,4,93.09,3,https://real.enamine.net/public-enum-files/Z7584632893
COC=1C=C(C)N=C(C1)CN2C=C(N=N2)C(=O)NC3CCC(=O)NC3=O,Z7596968701,358.353,358.353,-0.743,-1.113,2,7,128.1,5,https://real.enamine.net/public-enum-files/Z7596968701
O=C(NC1CCC(=O)NC1=O)C2=CC=C(O2)C3=CC=CC4=CC=CN=C34,Z7603917905,349.341,349.341,1.369,-4.543,2,4,101.3,3,https://real.enamine.net/public-enum-files/Z7603917905
CN1N=CC(C(=O)NC2CCC(=O)NC2=O)=C1C=3C=CC=CN3,Z7608995635,313.312,313.312,-0.874,-1.406,2,5,105.98,3,https://real.enamine.net/public-enum-files/Z7608995635
O=C(NC1CCC(=O)NC1=O)C2=CSC=3C(O)=CC=NC23,Z7611150290,305.311,305.311,1.023,-1.977,3,5,108.39,2,https://real.enamine.net/public-enum-files/Z7611150290
O=C(NC1CCC(=O)NC1=O)C2=CN=C(N2)C=3C=CC(Cl)=CC3,Z7626299278,332.742,332.742,1.965,-4.273,3,4,103.95,3,https://real.enamine.net/public-enum-files/Z7626299278
COC=1C=CC=C2C=C(NC12)C(=O)NC3CCC(=O)NC3=O,Z7627633977,301.298,301.298,0.812,-3.473,3,4,100.29,3,https://real.enamine.net/public-enum-files/Z7627633977
CCC1=CC(=NN1CCO)C(=O)NC2CCC(=O)NC2=O,Z7761234994,294.307,294.307,-1.147,-1.142,3,5,113.32,5,https://real.enamine.net/public-enum-files/Z7761234994
O=C(NC1CCC(=O)NC1=O)C2=CSC=3N=NSC23,Z7761319752,296.328,296.328,-0.15,-2.875,2,5,101.05,2,https://real.enamine.net/public-enum-files/Z7761319752
O=C(NC1CCC(=O)NC1=O)C=2C=C3N(CCNS3(=O)=O)N2,Z7761524798,327.318,327.318,-2.278,-1.371,3,6,139.26,2,https://real.enamine.net/public-enum-files/Z7761524798
O=C(NC1CCC(=O)NC1=O)C=2SC(CC=3C=CC=CC3)=NC2C=4C=CC=CC4,Z7762191509,405.472,405.472,3.018,-4.854,2,4,88.16,5,https://real.enamine.net/public-enum-files/Z7762191509
CN1N=C(C=2C=CC=CC2F)C=3C=C(SC31)C(=O)NC4CCC(=O)NC4=O,Z7762989311,386.402,386.402,1.944,-5.071,2,4,93.09,3,https://real.enamine.net/public-enum-files/Z7762989311
O=C(NC1CCC(=O)NC1=O)C=2ON=C3C=CC=CC23,Z7843859662,273.245,273.245,0.378,-2.632,2,4,101.3,2,https://real.enamine.net/public-enum-files/Z7843859662
CN1CCN2C=C(N=C2C1=O)C(=O)NC3CCC(=O)NC3=O,Z7863760514,305.29,305.29,-1.887,-0.972,2,5,113.4,2,https://real.enamine.net/public-enum-files/Z7863760514
O=C(NC1CCC(=O)NC1=O)C=2ON=C(C2C(F)(F)F)C=3C=CC=CC3,Z7903863232,367.28,367.28,0.734,-4.112,2,4,101.3,4,https://real.enamine.net/public-enum-files/Z7903863232
O=C(NC1CCC(=O)NC1=O)C2=NC=CO2,Z8335323643,223.186,223.186,-1.019,-0.318,2,4,101.3,2,https://real.enamine.net/public-enum-files/Z8335323643
CC=1N=NN(C1C(=O)NC2CCC(=O)NC2=O)C=3C=CC(F)=CC3,Z8499865393,331.303,331.303,0.38,-2.625,2,5,105.98,3,https://real.enamine.net/public-enum-files/Z8499865393
O=C(NC1CCC(=O)NC1=O)C=2NN=CC2C3CCC3,Z8533188450,276.292,276.292,0.147,-2.83,3,4,103.95,3,https://real.enamine.net/public-enum-files/Z8533188450
CC=1C=CC(Cl)=C2C(=COC12)C(=O)NC3CCC(=O)NC3=O,Z8643402793,320.728,320.728,2.131,-4.111,2,3,88.41,2,https://real.enamine.net/public-enum-files/Z8643402793
CC=1C=CC=C2OC(=NC12)C(=O)NC3CCC(=O)NC3=O,Z8650681757,287.271,287.271,1.074,-2.231,2,4,101.3,2,https://real.enamine.net/public-enum-files/Z8650681757
O=C(NC1CCC(=O)NC1=O)C2=CC=3C=C4OC(F)(F)OC4=CC3N2,Z8668762973,351.262,351.262,2.313,-5.012,3,5,109.52,2,https://real.enamine.net/public-enum-files/Z8668762973
O=C(NC1CCC(=O)NC1=O)C2=CC(=NO2)C=3C=CC=C4NC=CC34,Z8730143079,338.318,338.318,1.082,-4.076,3,4,117.09,3,https://real.enamine.net/public-enum-files/Z8730143079
O=C(NC1CCC(=O)NC1=O)C2=NNC=3C=C(Br)C=NC23,Z8751058812,352.144,352.144,0.768,-2.687,3,5,116.84,2,https://real.enamine.net/public-enum-files/Z8751058812
O=C(NC1CCC(=O)NC1=O)C=2C=CSC2C=3N=NNN3,Z9212535955,306.302,306.302,-0.701,-2.519,3,6,129.73,3,https://real.enamine.net/public-enum-files/Z9212535955
CN1N=C(C=C1C(=O)NC2CCC(=O)NC2=O)C3CCOCC3,Z9212670120,320.344,320.344,-1.261,-1.341,2,5,102.32,3,https://real.enamine.net/public-enum-files/Z9212670120
CN1N=CC(Cl)=C1C=2C=C(ON2)C(=O)N[C@@H]3CCC(=O)NC3=O,Z9212670827,337.719,337.719,-0.011,-1.915,2,5,119.12,3,https://real.enamine.net/public-enum-files/Z9212670827
O=C(NC1CCC(=O)NC1=O)C2=COC=3CCCC(O)C23,Z9213060956,292.288,292.288,-0.681,-1.745,3,4,108.64,2,https://real.enamine.net/public-enum-files/Z9213060956
CCC1=CSC(=N1)N2C=C(C=N2)C(=O)N[C@@H]3CCC(=O)NC3=O,Z9213069807,333.367,333.367,0.252,-2.79,2,5,105.98,4,https://real.enamine.net/public-enum-files/Z9213069807
CC1=NN2C(C(=O)NC3CCC(=O)NC3=O)=C(C)N=C2S1,Z9213621124,307.33,307.33,-0.399,-2.427,2,5,105.46,2,https://real.enamine.net/public-enum-files/Z9213621124
COC=1C=CC=C2C(C(=O)NC3CCC(=O)NC3=O)=C(C)NC12,Z9213940405,315.325,315.325,0.631,-3.304,3,4,100.29,3,https://real.enamine.net/public-enum-files/Z9213940405
O=C(N[C@@H]1CCC(=O)NC1=O)C2=NC=3C=C(F)C=CC3S2,Z9213944923,307.302,307.302,1.413,-2.791,2,4,88.16,2,https://real.enamine.net/public-enum-files/Z9213944923
O=C(NC1CCC(=O)NC1=O)C2=CN=C3C=C(Br)C=CN23,Z9213946856,351.156,351.156,1.417,-3.233,2,4,92.57,2,https://real.enamine.net/public-enum-files/Z9213946856
O=C(NC1CCC(=O)NC1=O)C2=NN=C3C=CC(Br)=CN23,Z9213949804,352.144,352.144,0.594,-2.703,2,5,105.46,2,https://real.enamine.net/public-enum-files/Z9213949804
O=C(NC1CCC(=O)NC1=O)C2=COC=3C=CC=C(Br)C23,Z9213950917,351.152,351.152,1.782,-4.122,2,3,88.41,2,https://real.enamine.net/public-enum-files/Z9213950917
O=C(NC1CCC(=O)NC1=O)C2=CN=C3C(Cl)=CC=CN23,Z9213951347,306.705,306.705,1.267,-2.953,2,4,92.57,2,https://real.enamine.net/public-enum-files/Z9213951347
Cl.O=C(NC1CCC(=O)NC1=O)C2=COC(=N2)[C@@H]3CCCN3,Z9302774456,328.752,292.291,-1.227,-1.275,3,5,113.33,3,https://real.enamine.net/public-enum-files/Z9302774456
COCC1=NC(C(=O)NC2CCC(=O)NC2=O)=C3CCCCN13,Z9219286077,320.344,320.344,-0.21,-1.114,2,5,102.32,4,https://real.enamine.net/public-enum-files/Z9219286077
CN1N=C(C(=O)NC2CCC(=O)NC2=O)C(=N1)C(F)(F)F,Z9219605907,305.214,305.214,-1.713,-1.545,2,5,105.98,3,https://real.enamine.net/public-enum-files/Z9219605907
CC1(C)CCC=2C(=NNC2C1)C(=O)NC3CCC(=O)NC3=O,Z9219613946,304.345,304.345,1.325,-3.01,3,4,103.95,2,https://real.enamine.net/public-enum-files/Z9219613946
COC1=CC(F)=C2C(=NNC2=C1)C(=O)NC3CCC(=O)NC3=O,Z9219637189,320.277,320.277,0.816,-3.23,3,5,113.18,3,https://real.enamine.net/public-enum-files/Z9219637189
Cl.O=C(NC1CCC(=O)NC1=O)C2=NN=C(S2)C3CCCNC3,Z9302774499,359.833,323.373,-1.141,-1.615,3,6,113.08,3,https://real.enamine.net/public-enum-files/Z9302774499
COC=1C=CC(Br)=CC1C2=NC=C(S2)C(=O)NC3CCC(=O)NC3=O,Z9275340851,424.27,424.27,1.808,-4.669,2,5,97.39,4,https://real.enamine.net/public-enum-files/Z9275340851
CCC1=CC(=O)NC(=N1)N2N=CC(C(=O)NC3CCC(=O)NC3=O)=C2C,Z9275346577,358.353,358.353,-1.527,-2.784,3,6,134.55,4,https://real.enamine.net/public-enum-files/Z9275346577
CC=1OC(=CC1C(=O)NC2CCC(=O)NC2=O)CN3C=CC=4C=CC(Br)=CC43,Z9275346983,444.279,444.279,2.422,-4.411,2,3,93.34,4,https://real.enamine.net/public-enum-files/Z9275346983
NC1=CC(=O)NC2=CC(=NN12)C(=O)NC3CCC(=O)NC3=O,Z9275347472,304.262,304.262,-3.441,-2.593,4,6,148.21,2,https://real.enamine.net/public-enum-files/Z9275347472
COC1=CC(C)=C2NC(=CC2=C1Br)C(=O)NC3CCC(=O)NC3=O,Z9275355981,394.22,394.22,1.997,-4.691,3,4,100.29,3,https://real.enamine.net/public-enum-files/Z9275355981
N#CC=1C=CC=C(C1)OCC2=NC(=CS2)C(=O)NC3CCC(=O)NC3=O,Z9275360545,370.384,370.384,1.108,-3.221,2,6,121.18,5,https://real.enamine.net/public-enum-files/Z9275360545
O=C(NC1CCC(=O)NC1=O)C=2C=CN(N2)C=3C=CC=C(C3)C=4N=NNN4,Z9275368966,366.335,366.335,0.19,-3.249,3,7,147.55,4,https://real.enamine.net/public-enum-files/Z9275368966
CC1CCN(CC1)S(=O)(=O)C2=CC=C(S2)C(=O)N[C@@H]3CCC(=O)NC3=O,Z9275387502,399.488,399.488,1.211,-4.124,2,5,112.65,3,https://real.enamine.net/public-enum-files/Z9275387502
O=C(NC1CCC(=O)NC1=O)C2=NNC=3CN(CC23)C(=O)C4=CC=5C=CC=CC5O4,Z9302744992,407.38,407.38,0.314,-4.518,3,5,137.4,3,https://real.enamine.net/public-enum-files/Z9302744992
COC(CC1CCC1)C(=O)NCC2=CC=C(S2)C(=O)NC3CCC(=O)NC3=O,Z9302744998,407.486,407.486,0.727,-4.408,3,5,113.6,8,https://real.enamine.net/public-enum-files/Z9302744998
O=C(NC1CCC(=O)NC1=O)C2=COC(=C2)CNC(=O)C=3C=CN=C4C=CNC34,Z9302745016,395.37,395.37,0.058,-3.082,4,5,146.19,5,https://real.enamine.net/public-enum-files/Z9302745016
N#CC=1C=CC=C(C1)CC(=O)NCC2=CC(=CO2)C(=O)NC3CCC(=O)NC3=O,Z9302745017,394.382,394.382,-0.607,-3.289,3,5,141.3,6,https://real.enamine.net/public-enum-files/Z9302745017
CC1=CC=C(O1)C(C)C(=O)NCC=2C=NN(C)C2C(=O)NC3CCC(=O)NC3=O,Z9302745065,401.417,401.417,-1.032,-2.037,3,5,135.33,6,https://real.enamine.net/public-enum-files/Z9302745065
CN1N=NC(CNC(=O)C=2NN=C3COCC23)=C1C(=O)NC4CCC(=O)NC4=O,Z9302745094,402.366,402.366,-2.795,-1.338,4,8,172.99,5,https://real.enamine.net/public-enum-files/Z9302745094
COCCCC(C)(C)C(=O)NCC1=CC(=CS1)C(=O)NC2CCC(=O)NC2=O,Z9302745102,409.502,409.502,-0.122,-2.95,3,5,113.6,9,https://real.enamine.net/public-enum-files/Z9302745102
CC=1C=NC=C(C1)CC(=O)NCC=2C=C(C(=O)NC3CCC(=O)NC3=O)N(C)N2,Z9302745128,398.417,398.417,-1.674,-1.433,3,6,135.08,6,https://real.enamine.net/public-enum-files/Z9302745128
CC=1OC(CNC(=O)[C@@H]2CCCN2C(N)=O)=NC1C(=O)NC3CCC(=O)NC3=O,Z9302745210,406.394,406.394,-3.119,-1.691,4,6,176.73,5,https://real.enamine.net/public-enum-files/Z9302745210
COC=1C=NC=C(N1)C(=O)NCC2=CSC(=C2)C(=O)NC3CCC(=O)NC3=O,Z9302745293,403.414,403.414,0.131,-2.468,3,7,139.38,6,https://real.enamine.net/public-enum-files/Z9302745293
O=C(CCCC1=CNN=N1)NCC=2C=NNC2C(=O)NC3CCC(=O)NC3=O,Z9302745325,388.382,388.382,-2.099,-1.335,5,7,174.62,8,https://real.enamine.net/public-enum-files/Z9302745325
O=C(NCC=1C=NNC1C(=O)NC2CCC(=O)NC2=O)C3=CN4CCCC4=N3,Z9302745328,385.378,385.378,-0.913,-1.578,4,6,150.87,5,https://real.enamine.net/public-enum-files/Z9302745328
O=C(NCC=1C=NNC1C(=O)NC2CCC(=O)NC2=O)C3=CN=C4C=CC=CN34,Z9302745329,395.373,395.373,0.201,-2.875,4,6,150.35,5,https://real.enamine.net/public-enum-files/Z9302745329
CC=1C=NN(C1)C(C)C(=O)NCC=2OC=NC2C(=O)NC3CCC(=O)NC3=O,Z9302745362,388.379,388.379,-1.678,-1.854,3,6,148.22,6,https://real.enamine.net/public-enum-files/Z9302745362
COC=1C=CSC1C(=O)NCC=2OC=NC2C(=O)NC3CCC(=O)NC3=O,Z9302745363,392.388,392.388,-0.778,-3.033,3,6,139.63,6,https://real.enamine.net/public-enum-files/Z9302745363
O=C(NC1CCC(=O)NC1=O)C=2N=COC2CNC(=O)C(F)(F)C=3C=CC(F)=CC3,Z9302745366,424.332,424.332,0.206,-3.99,3,5,130.4,6,https://real.enamine.net/public-enum-files/Z9302745366
O=C(NC1CCC(=O)NC1=O)C2=CN(CCNC(=O)C3=COC=4C=CC=CC34)N=N2,Z9302745369,410.384,410.384,-0.303,-3.081,3,6,148.22,6,https://real.enamine.net/public-enum-files/Z9302745369
O=C(NC1CCC(=O)NC1=O)C2=CN(CCNC(=O)C3=NNC=4CCCC34)N=N2,Z9302745372,400.393,400.393,-1.343,-1.899,4,7,163.76,6,https://real.enamine.net/public-enum-files/Z9302745372
CC=1N=NC=2SC(C(=O)NC3CCC(=O)NC3=O)=C(N)C2C1C,Z1269644259,333.367,333.367,0.844,-3.395,3,6,127.07,2,https://real.enamine.net/public-enum-files/Z1269644259
O=C(NC1CCC(=O)NC1=O)C=2C=C3C=C(Cl)C=CN3N2,Z2028768447,306.705,306.705,0.698,-2.811,2,4,92.57,2,https://real.enamine.net/public-enum-files/Z2028768447
O=C(NC1CCC(=O)NC1=O)C2=CN(CC=3C=CC=CC3)N=C2C=4C=CC=NC4,Z1474299241,389.408,389.408,0.874,-3.194,2,5,105.98,5,https://real.enamine.net/public-enum-files/Z1474299241
O=C(NC1CCC(=O)NC1=O)C=2C=C(C3=CC=CS3)N(N2)C=4C=C(Cl)C=C(Cl)C4,Z1474299451,449.312,449.312,4.082,-5.81,2,4,93.09,4,https://real.enamine.net/public-enum-files/Z1474299451
O=C(NC1CCC(=O)NC1=O)C2=NN(C=3C=CC(Cl)=CC3)C=4CCCCCC24,Z1474299876,400.859,400.859,3.082,-4.908,2,4,93.09,3,https://real.enamine.net/public-enum-files/Z1474299876
CC(C)C1=C(C=NN1C2=CC=CC=N2)C(=O)NC3CCC(=O)NC3=O,Z1474295851,341.365,341.365,-0.022,-3.042,2,5,105.98,4,https://real.enamine.net/public-enum-files/Z1474295851
CC=1C=C(SC1C2=CC=CC(Cl)=C2)C(=O)NC3CCC(=O)NC3=O,Z1474294358,362.832,362.832,3.071,-5.434,2,3,75.27,3,https://real.enamine.net/public-enum-files/Z1474294358
O=C(NC1CCC(=O)NC1=O)C=2C=NN(C2C(F)(F)Cl)C=3N=CC=CC3Cl,Z1474291446,418.182,418.182,0.902,-4.35,2,5,105.98,4,https://real.enamine.net/public-enum-files/Z1474291446
O=C(NC1CCC(=O)NC1=O)C=2N=COC2C=3C=CC=4OCCOC4C3,Z1474294731,357.318,357.318,0.618,-3.735,2,6,119.76,3,https://real.enamine.net/public-enum-files/Z1474294731
CC=1C(=NNC1C=2C=CC(Cl)=CC2)C(=O)NC3CCC(=O)NC3=O,Z1474302212,346.769,346.769,1.635,-4.438,3,4,103.95,3,https://real.enamine.net/public-enum-files/Z1474302212
CCC(CC)N1N=C(C)C=C1C(=O)NC2CCC(=O)NC2=O,Z1593619565,306.361,306.361,0.913,-2.117,2,4,93.09,5,https://real.enamine.net/public-enum-files/Z1593619565
CCC=1ON=C(C1C(=O)NC2CCC(=O)NC2=O)C=3C=CC(Br)=CC3,Z1952546782,406.231,406.231,1.959,-4.458,2,4,101.3,4,https://real.enamine.net/public-enum-files/Z1952546782
O=C(NC1CCC(=O)NC1=O)C=2C=NN(N2)C=3C=CC(F)=CC3,Z1474139584,317.276,317.276,1.001,-2.555,2,5,105.98,3,https://real.enamine.net/public-enum-files/Z1474139584
CCC(C)C=1C=C(ON1)C(=O)NC2CCC(=O)NC2=O,Z1474146421,279.292,279.292,0.72,-2.482,2,4,101.3,4,https://real.enamine.net/public-enum-files/Z1474146421
O=C(NC1CCC(=O)NC1=O)C=2NN=C(C2Cl)C3CC3,Z1474143010,296.71,296.71,0.211,-2.822,3,4,103.95,3,https://real.enamine.net/public-enum-files/Z1474143010
O=C(NC1CCC(=O)NC1=O)C=2C=NN(C2)C3=CC=C(Cl)C=C3Cl,Z1474301647,367.187,367.187,2.128,-3.69,2,4,93.09,3,https://real.enamine.net/public-enum-files/Z1474301647
CN1N=C(C(=O)NC2CCC(=O)NC2=O)C=3C=C(F)C=CC31,Z3352242366,304.277,304.277,0.296,-2.698,2,4,93.09,2,https://real.enamine.net/public-enum-files/Z3352242366
O=C(NC1CCC(=O)NC1=O)C=2N=CN3C=C(Br)SC23,Z3541230454,357.184,357.184,1.177,-4.043,2,4,92.57,2,https://real.enamine.net/public-enum-files/Z3541230454
O=C(NC1CCC(=O)NC1=O)C=2OC=CC2C3CC3,Z3541230786,262.262,262.262,-0.313,-2.792,2,3,88.41,3,https://real.enamine.net/public-enum-files/Z3541230786
CC1CCCC2=C(C=NN21)C(=O)NC3CCC(=O)NC3=O,Z4021440236,290.318,290.318,0.11,-1.468,2,4,93.09,2,https://real.enamine.net/public-enum-files/Z4021440236
O=C(NC1CCC(=O)NC1=O)C2=CN(N=C2C(F)(F)F)C3CC3,Z4138771429,330.263,330.263,-0.894,-2.285,2,4,93.09,4,https://real.enamine.net/public-enum-files/Z4138771429
O=C(O)C(F)(F)F.CC1CCCN2C(=CN=C12)C(=O)NC3CCC(=O)NC3=O,Z9423962689,404.342,290.318,0.501,-2.539,2,4,93.09,3,https://real.enamine.net/public-enum-files/Z9423962689
O=C(NC1CCC(=O)NC1=O)C2=CC(=CS2)CN3C=C(Cl)C=N3,Z4176777657,352.797,352.797,0.925,-2.83,2,4,93.09,4,https://real.enamine.net/public-enum-files/Z4176777657
O=C(NC1CCC(=O)NC1=O)C2=CC=C(S2)C(F)(F)C(F)(F)F,Z4504321936,356.27,356.27,1.324,-4.466,2,3,75.27,4,
COC=1C(=CSC1Cl)C(=O)NC2CCC(=O)NC2=O,Z4764758811,302.735,302.735,0.657,-3.382,2,4,84.5,3,https://real.enamine.net/public-enum-files/Z4764758811
CC=1SN=CC1C(=O)N[C@@H]2CCC(=O)NC2=O,Z4917780530,253.279,253.279,-0.477,-1.743,2,4,88.16,2,https://real.enamine.net/public-enum-files/Z4917780530
CCCN1C=C(Cl)C(=N1)C(=O)N[C@@H]2CCC(=O)NC2=O,Z4917782150,298.726,298.726,-0.283,-2.135,2,4,93.09,4,https://real.enamine.net/public-enum-files/Z4917782150
CC1=NC(Br)=C(C(=O)NC2CCC(=O)NC2=O)N1C,Z4927965716,329.15,329.15,-0.621,-2.094,2,4,93.09,2,https://real.enamine.net/public-enum-files/Z4927965716
CS(=O)(=O)NC=1C=CC(=CC1)C2=NNC=C2C(=O)NC3CCC(=O)NC3=O,Z7582077637,391.404,391.404,-0.337,-2.913,4,6,150.12,4,https://real.enamine.net/public-enum-files/Z7582077637
CC1CNC2=NC(=NN2C1)C(=O)NC3CCC(=O)NC3=O,Z7590683949,292.295,292.295,-0.577,-1.446,3,6,118.01,2,https://real.enamine.net/public-enum-files/Z7590683949
CC1=NC(C(=O)NC2CCC(=O)NC2=O)=C(C)N1C3CC3,Z7598380758,290.318,290.318,-0.069,-1.237,2,4,93.09,3,https://real.enamine.net/public-enum-files/Z7598380758
CC=1NC=2N=CC=CC2C1C(=O)NC3CCC(=O)NC3=O,Z7627019895,286.287,286.287,-0.003,-2.996,3,4,103.95,2,https://real.enamine.net/public-enum-files/Z7627019895
O=C(NC1CCC(=O)NC1=O)C=2C=NN3CCNS(=O)(=O)C23,Z7760503180,327.318,327.318,-2.278,-1.053,3,6,139.26,2,https://real.enamine.net/public-enum-files/Z7760503180
O=C(N[C@@H]1CCC(=O)NC1=O)C2=CC3=C(N=C4C=CC=CN34)S2,Z7760849500,328.348,328.348,1.339,-4.059,2,4,92.57,2,https://real.enamine.net/public-enum-files/Z7760849500
O=C(NC1CCC(=O)NC1=O)C2=NN=C3C(=CC=CN23)C(F)(F)F,Z7761297289,341.246,341.246,0.533,-2.713,2,5,105.46,3,https://real.enamine.net/public-enum-files/Z7761297289
O=C(NC1CCC(=O)NC1=O)C=2C=NN3CC(COC23)OCC=4C=CC=CC4,Z7762976000,384.387,384.387,0.344,-3.215,2,6,111.55,5,https://real.enamine.net/public-enum-files/Z7762976000
CN1C=C(C(=O)NC2CCC(=O)NC2=O)C(=N1)OCC=3C=CC=CC3,Z7805320849,342.35,342.35,0.347,-2.756,2,5,102.32,5,https://real.enamine.net/public-enum-files/Z7805320849
CN1C=C(C(=O)NC2CCC(=O)NC2=O)C=3C=C(Br)C=CC31,Z8343541757,364.194,364.194,1.865,-3.307,2,3,80.2,2,https://real.enamine.net/public-enum-files/Z8343541757
CC=1C(=NOC1C2CC2)C(=O)NC3CCC(=O)NC3=O,Z8456034374,277.277,277.277,-0.414,-2.034,2,4,101.3,3,https://real.enamine.net/public-enum-files/Z8456034374
O=C(NC1CCC(=O)NC1=O)C2=CC(=NN2)C=3C=CC=CN3,Z8567535496,299.285,299.285,0.439,-2.274,3,5,116.84,3,https://real.enamine.net/public-enum-files/Z8567535496
CC(C)(C)C=1C=CC=2C(=COC2C1)C(=O)NC3CCC(=O)NC3=O,Z8583694889,328.363,328.363,2.594,-4.702,2,3,88.41,3,https://real.enamine.net/public-enum-files/Z8583694889
O=C(NC1CCC(=O)NC1=O)C2=CSC(=C2)S(=O)(=O)N3CCCC3,Z8618323353,371.435,371.435,0.133,-3.139,2,5,112.65,3,https://real.enamine.net/public-enum-files/Z8618323353
O=C(NC1CCC(=O)NC1=O)C2=CNC=3N=CC(F)=CC23,Z8651797064,290.251,290.251,0.011,-3.116,3,4,103.95,2,https://real.enamine.net/public-enum-files/Z8651797064
O=C(NC1CCC(=O)NC1=O)C=2N=CN(CC=3C=CC=CC3)N2,Z8658288770,313.312,313.312,0.284,-2.145,2,5,105.98,4,https://real.enamine.net/public-enum-files/Z8658288770
O=C(N[C@@H]1CCC(=O)NC1=O)C2=CN=C3COCCN23,Z8674869453,278.265,278.265,-1.611,-0.777,2,5,102.32,2,https://real.enamine.net/public-enum-files/Z8674869453
O=C(NC1CCC(=O)NC1=O)C=2OC(=NC2C3CC3)C(F)(F)F,Z8730557849,331.248,331.248,-0.308,-2.666,2,4,101.3,4,https://real.enamine.net/public-enum-files/Z8730557849
COC=1C=CC=CC1N2N=CC=C2C(=O)NC3CCC(=O)NC3=O,Z9212571439,328.323,328.323,0.631,-2.701,2,5,102.32,4,https://real.enamine.net/public-enum-files/Z9212571439
O=C(NC1CCC(=O)NC1=O)C=2C(Br)=NOC2C3CC3,Z9213164379,342.145,342.145,-0.96,-3.096,2,4,101.3,3,https://real.enamine.net/public-enum-files/Z9213164379
CCN1N=NC(C)=C1C(=O)NC2CCC(=O)NC2=O,Z9213948745,265.269,265.269,-1.475,-0.765,2,5,105.98,3,https://real.enamine.net/public-enum-files/Z9213948745
COC=1OC(C)=NC1C(=O)NC2CCC(=O)NC2=O,Z9214159668,267.239,267.239,-0.414,-1.273,2,5,110.53,3,https://real.enamine.net/public-enum-files/Z9214159668
N#CC=1C=CC=C2C(=CNC12)C(=O)NC3CCC(=O)NC3=O,Z9214175841,296.282,296.282,0.216,-3.417,3,4,114.85,2,https://real.enamine.net/public-enum-files/Z9214175841
Cl.O=C(NC1CCC(=O)NC1=O)C=2C=C(CC3CCCCN3)ON2,Z9302774457,356.805,320.344,-0.356,-1.985,3,5,113.33,4,https://real.enamine.net/public-enum-files/Z9302774457
Cl.CC=1N=C(NC1C(=O)NC2CCC(=O)NC2=O)C3CCNCC3,Z9302774458,355.82,319.36,-0.956,-1.538,4,5,115.98,3,https://real.enamine.net/public-enum-files/Z9302774458
Cl.O=C(NC1CCC(=O)NC1=O)C2=CSC(CC3CCCNC3)=N2,Z9302774465,372.872,336.411,0.393,-1.862,3,5,100.19,4,https://real.enamine.net/public-enum-files/Z9302774465
COC1CCN2C=C(N=C2C1)C(=O)NC3CCC(=O)NC3=O,Z9219064441,306.318,306.318,-1.229,-0.946,2,5,102.32,3,https://real.enamine.net/public-enum-files/Z9219064441
CC1=NN(C=C1C(=O)NC2CCC(=O)NC2=O)C3CCOC3,Z9219066147,306.318,306.318,-1.604,-1.263,2,5,102.32,3,https://real.enamine.net/public-enum-files/Z9219066147
O=C(NC1CCC(=O)NC1=O)C=2C=C(ON2)C3CCCCC3,Z9219600418,305.33,305.33,1.384,-3.356,2,4,101.3,3,https://real.enamine.net/public-enum-files/Z9219600418
O=C(NC1CCC(=O)NC1=O)C2=CSC=3C(F)=CC(F)=CC23,Z9219822338,324.304,324.304,1.798,-4.223,2,3,75.27,2,https://real.enamine.net/public-enum-files/Z9219822338
CC1=C(SC=2C=CNC(=O)C12)C(=O)NC3CCC(=O)NC3=O,Z9246391981,319.337,319.337,-0.52,-3.629,3,4,104.37,2,https://real.enamine.net/public-enum-files/Z9246391981
CC1=C(SC2=NN=C(S)N12)C(=O)NC3CCC(=O)NC3=O,Z9247365236,325.37,325.37,0.019,-3.911,3,5,105.46,2,https://real.enamine.net/public-enum-files/Z9247365236
O=C(NC1CCC(=O)NC1=O)C2=NN=C(O2)C3=CC=NS3,Z9275339288,307.287,307.287,-1.087,-1.844,2,6,127.08,3,https://real.enamine.net/public-enum-files/Z9275339288
O=C(NC1CCC(=O)NC1=O)C2=CC=3C(F)=C(Cl)C(Br)=CC3N2,Z9275341153,402.603,402.603,2.527,-5.408,3,3,91.06,2,https://real.enamine.net/public-enum-files/Z9275341153
O=C(NC1CCC(=O)NC1=O)C=2SC=3C=CC=NC3C2Br,Z9275346909,368.207,368.207,0.659,-3.61,2,4,88.16,2,https://real.enamine.net/public-enum-files/Z9275346909
CN1CCN2N=CC(C(=O)N[C@@H]3CCC(=O)NC3=O)=C2C1=O,Z9275403738,305.29,305.29,-2.375,-1.309,2,5,113.4,2,https://real.enamine.net/public-enum-files/Z9275403738
CN1N=C2CCCCC2=C1C3=CN(CC4=CC=C(O4)C(=O)NC5CCC(=O)NC5=O)N=N3,Z9302744960,437.453,437.453,0.096,-2.585,2,6,136.94,5,https://real.enamine.net/public-enum-files/Z9302744960
O=C(O)C(F)(F)F.O=C(NC1CCC(=O)NC1=O)C2=NNC=3CN(CC23)C(=O)C4CCC5=NC=CN54,Z9311796072,511.412,397.389,-2.436,-2.503,3,6,142.08,4,https://real.enamine.net/public-enum-files/Z9311796072
CC(C)(C(=O)N1CC=2NN=C(C(=O)NC3CCC(=O)NC3=O)C2C1)N4C=NN=N4,Z9302744983,401.381,401.381,-2.084,-2.036,3,8,167.86,4,https://real.enamine.net/public-enum-files/Z9302744983
CCCC=1NN=CC1C(=O)N2CC=3NN=C(C(=O)NC4CCC(=O)NC4=O)C3C2,Z9302744991,399.405,399.405,-0.182,-3.153,4,6,152.94,5,https://real.enamine.net/public-enum-files/Z9302744991
O=C(O)C(F)(F)F.CCN1CCOC(C1)C(=O)N2CC=3NN=C(C(=O)NC4CCC(=O)NC4=O)C3C2,Z9311796101,518.445,404.421,-1.429,-2.512,3,7,136.73,5,https://real.enamine.net/public-enum-files/Z9311796101
C[C@H](NC(=O)C=1N=CN2CCCC12)C3=NC(=CO3)C(=O)NC4CCC(=O)NC4=O,Z9302745011,400.39,400.39,-0.798,-2.001,3,6,148.22,5,https://real.enamine.net/public-enum-files/Z9302745011
CCOC1(CCOC1)C(=O)NCC2=CC(=CO2)C(=O)NC3CCC(=O)NC3=O,Z9302745015,393.392,393.392,-1.414,-2.634,3,6,135.97,7,https://real.enamine.net/public-enum-files/Z9302745015
O=C(CCC1CCCOC1)NCC2=CC=C(O2)C(=O)NC3CCC(=O)NC3=O,Z9302745036,391.419,391.419,-1.028,-2.846,3,5,126.74,7,https://real.enamine.net/public-enum-files/Z9302745036
N#CC=1C=CSC1C(=O)NCCC=2NN=CC2C(=O)NC3CCC(=O)NC3=O,Z9302745121,400.414,400.414,-0.705,-3.204,4,6,156.84,6,https://real.enamine.net/public-enum-files/Z9302745121
O=C(NCC=1OC=CC1C(=O)NC2CCC(=O)NC2=O)C3=CNC=4N=CC=CC34,Z9302745143,395.37,395.37,-0.639,-3.953,4,5,146.19,5,https://real.enamine.net/public-enum-files/Z9302745143
O=C(CN1CCOCC1=O)NCC=2OC=CC2C(=O)NC3CCC(=O)NC3=O,Z9302745144,392.364,392.364,-1.806,-2.07,3,6,147.05,6,https://real.enamine.net/public-enum-files/Z9302745144
CC1=CC(CC(=O)NCC=2C=COC2C(=O)NC3CCC(=O)NC3=O)=NN1C,Z9302745146,387.391,387.391,-1.996,-1.738,3,5,135.33,6,https://real.enamine.net/public-enum-files/Z9302745146
O=C(NC1CCC(=O)NC1=O)C=2C=NNC2CNC(=O)C=3C=CC=C4CCCC34,Z9302745198,395.413,395.413,0.535,-4.39,4,5,133.05,5,https://real.enamine.net/public-enum-files/Z9302745198
O=C(O)C(F)(F)F.CCN1CCCC(C1)C(=O)NCC=2NN=CC2C(=O)NC3CCC(=O)NC3=O,Z9312344235,504.461,390.438,-0.746,-2.186,4,6,136.29,7,https://real.enamine.net/public-enum-files/Z9312344235
O=C(O)C(F)(F)F.CC=1OC(CNC(=O)C=2C=CN3C=NC=C3C2)=NC1C(=O)NC4CCC(=O)NC4=O,Z9311796105,524.408,410.384,-0.632,-3.125,3,6,147.7,6,https://real.enamine.net/public-enum-files/Z9311796105
CCCCC(C)(F)C(=O)NCC=1C=C(NN1)C(=O)NC2CCC(=O)NC2=O,Z9302745248,381.403,381.403,0.921,-4.355,4,5,133.05,8,https://real.enamine.net/public-enum-files/Z9302745248
CC1=CN2C(=CSC2=N1)CC(=O)NC(C)C3=NOC=C3C(=O)NC4CCC(=O)NC4=O,Z9302745266,444.466,444.466,-0.937,-2.783,3,6,147.7,6,https://real.enamine.net/public-enum-files/Z9302745266
CC(F)(C(=O)N1CC=2OC=C(C(=O)NC3CCC(=O)NC3=O)C2C1)C=4C=CON4,Z9302745267,404.35,404.35,-1.747,-3.035,2,5,134.75,4,https://real.enamine.net/public-enum-files/Z9302745267
O=C(CC1(O)CCCOC1)N2CC=3OC=C(C(=O)NC4CCC(=O)NC4=O)C3C2,Z9302745280,405.403,405.403,-2.37,-2.092,3,6,138.18,4,https://real.enamine.net/public-enum-files/Z9302745280
O=C(O)C(F)(F)F.CC(OCCN(C)C)C(=O)NCC1=CSC(=C1)C(=O)NC2CCC(=O)NC2=O,Z9329660814,524.513,410.49,-0.532,-2.95,3,6,116.84,10,https://real.enamine.net/public-enum-files/Z9329660814
O=C(NC1CCC(=O)NC1=O)C2=CC(=CS2)CNC(=O)C=3C=CN4C=CN=C4C3,Z9302745294,411.436,411.436,0.504,-3.649,3,5,121.67,5,https://real.enamine.net/public-enum-files/Z9302745294
CCC(C(=O)NCC1=CC(=NO1)C(=O)NC2CCC(=O)NC2=O)N3C=NC=N3,Z9302745304,389.367,389.367,-2.065,-2.301,3,7,161.11,7,https://real.enamine.net/public-enum-files/Z9302745304
CC1=C(N=NN1CCOC=2C=CC(F)=CC2)C(=O)NC3CCC(=O)NC3=O,Z2003386217,375.355,375.355,0.274,-2.772,2,6,115.21,6,https://real.enamine.net/public-enum-files/Z2003386217
CC=1C=CC=2SN=C(C(=O)NC3CCC(=O)NC3=O)C2C1,Z2223372209,303.338,303.338,1.247,-3.74,2,4,88.16,2,https://real.enamine.net/public-enum-files/Z2223372209
CC=1N=C(SC1C(=O)NC2CCC(=O)NC2=O)C=3C=CC(OCC(C)C)=C(C#N)C3,Z1549448209,426.491,426.491,2.741,-5.316,2,6,121.18,6,https://real.enamine.net/public-enum-files/Z1549448209
O=C(NC1CCC(=O)NC1=O)C2=CC=3OC=CC3N2,Z1495916639,261.234,261.234,0.18,-2.481,3,3,104.2,2,
CC(C)C=1OC(=NC1C(=O)NC2CCC(=O)NC2=O)C=3C=CC=CC3,Z1474304587,341.362,341.362,1.636,-4.188,2,4,101.3,4,https://real.enamine.net/public-enum-files/Z1474304587
CC1=NC(=CS1)C2=CC(=CO2)C(=O)NC3CCC(=O)NC3=O,Z1474301790,319.337,319.337,0.683,-2.277,2,4,101.3,3,https://real.enamine.net/public-enum-files/Z1474301790
O=C(NC1CCC(=O)NC1=O)C=2N=C(C3CC3)N(N2)C=4C=CC=CC4,Z1474291621,339.349,339.349,0.979,-2.587,2,5,105.98,4,https://real.enamine.net/public-enum-files/Z1474291621
CN1OC(=CC1=O)C(=O)NC2CCC(=O)NC2=O,Z2073129588,253.212,253.212,-2.258,-0.777,2,5,104.81,2,https://real.enamine.net/public-enum-files/Z2073129588
O=C(NC1CCC(=O)NC1=O)C2=CN=NN2CC=3C=CC=CC3,Z2073129718,313.312,313.312,-0.165,-2.175,2,5,105.98,4,https://real.enamine.net/public-enum-files/Z2073129718
O=C(NC1CCC(=O)NC1=O)C=2OC=C3COCCC23,Z2073129750,278.261,278.261,-1.143,-1.717,2,4,97.64,2,https://real.enamine.net/public-enum-files/Z2073129750
COC=1C=C2C(=CNC2=CC1Cl)C(=O)NC3CCC(=O)NC3=O,Z2229190114,335.743,335.743,1.008,-3.861,3,4,100.29,3,https://real.enamine.net/public-enum-files/Z2229190114
CC=1OC(=NC1C(=O)NC2CCC(=O)NC2=O)C=3C=CC(Cl)=C(Cl)C3,Z1640679051,382.198,382.198,2.336,-4.777,2,4,101.3,3,https://real.enamine.net/public-enum-files/Z1640679051
CC=1C=C(Br)C=2OC(=CC2C1)C(=O)NC3CCC(=O)NC3=O,Z1644610619,365.179,365.179,2.281,-4.885,2,3,88.41,2,https://real.enamine.net/public-enum-files/Z1644610619
CCN1C=C(C(=O)NC2CCC(=O)NC2=O)C(=N1)C=3C=NN(C)C3,Z1824601725,330.343,330.343,-0.96,-1.109,2,5,110.91,4,https://real.enamine.net/public-enum-files/Z1824601725
O=C(NC1CCC(=O)NC1=O)C=2N=C(C3=CC=CS3)N(N2)C=4C=CC(F)=CC4,Z1474142524,399.401,399.401,2.393,-4.352,2,5,105.98,4,https://real.enamine.net/public-enum-files/Z1474142524
CC(C)N1N=NC(C(=O)NC2CCC(=O)NC2=O)=C1C(F)(F)F,Z1474290943,333.267,333.267,-1.365,-2.021,2,5,105.98,4,https://real.enamine.net/public-enum-files/Z1474290943
O=C(NC1CCC(=O)NC1=O)C2=CC=3C(=CC(=O)NC3O2)C(F)(F)F,Z1474292263,357.242,357.242,-0.363,-4.439,3,4,117.51,3,https://real.enamine.net/public-enum-files/Z1474292263
O=C(NC1CCC(=O)NC1=O)C2=CN=C3C=CC=NN23,Z2480142409,273.248,273.248,-0.808,-1.811,2,5,105.46,2,https://real.enamine.net/public-enum-files/Z2480142409
O=C(NC1CCC(=O)NC1=O)C2=C(N=C3CCCCN23)C(F)F,Z2773305909,326.299,326.299,-0.163,-1.945,2,4,93.09,3,https://real.enamine.net/public-enum-files/Z2773305909
O=C(NC1CCC(=O)NC1=O)C=2C=CN(N2)C3CC3(F)F,Z3298912977,298.246,298.246,-0.382,-2.195,2,4,93.09,3,
O=C(NC1CCC(=O)NC1=O)C=2C=NN3C=CSC23,Z3352242302,278.289,278.289,-0.368,-2.048,2,4,92.57,2,https://real.enamine.net/public-enum-files/Z3352242302
O=C(N[C@@H]1CCC(=O)NC1=O)C=2SC=C3CCCCC23,Z4218642514,292.355,292.355,1.618,-3.61,2,3,75.27,2,https://real.enamine.net/public-enum-files/Z4218642514
O=C(NC1CCC(=O)NC1=O)C=2N=C(SC2Cl)N3CCCC3,Z4303252304,342.802,342.802,0.41,-4.124,2,5,91.4,3,https://real.enamine.net/public-enum-files/Z4303252304
O=C(NC1CCC(=O)NC1=O)C2=C(Br)C=NN2C3CCC3,Z4540731255,355.187,355.187,-0.368,-2.538,2,4,93.09,3,https://real.enamine.net/public-enum-files/Z4540731255
O=C(NC1CCC(=O)NC1=O)C2=CSC(=C2)C(F)(F)C(F)(F)F,Z4639102556,356.27,356.27,1.324,-4.148,2,3,75.27,4,https://real.enamine.net/public-enum-files/Z4639102556
CC=1C=NC=CC1C2=CC=C(S2)C(=O)N[C@@H]3CCC(=O)NC3=O,Z4917774014,329.375,329.375,0.911,-3.678,2,4,88.16,3,https://real.enamine.net/public-enum-files/Z4917774014
O=C(N[C@@H]1CCC(=O)NC1=O)C=2C=NN(C2C=3C=CC=CC3)C4CCCC4,Z4917776171,366.415,366.415,1.858,-3.753,2,4,93.09,4,https://real.enamine.net/public-enum-files/Z4917776171
CC(C)C=1OC=C(C1C(=O)N[C@@H]2CCC(=O)NC2=O)C(F)(F)F,Z4917780562,332.276,332.276,0.197,-3.404,2,3,88.41,4,https://real.enamine.net/public-enum-files/Z4917780562
CN1N=CC=C1C=2NN=NC2C(=O)NC3CCC(=O)NC3=O,Z4985553067,303.277,303.277,-1.459,-1.127,3,6,134.66,3,https://real.enamine.net/public-enum-files/Z4985553067
O=C(NC1CCC(=O)NC1=O)C2=CC(=NS2)C3CC3,Z5354739397,279.317,279.317,0.307,-2.413,2,4,88.16,3,https://real.enamine.net/public-enum-files/Z5354739397
O=C(NC1CCC(=O)NC1=O)C=2C=NN(C2Cl)C3CC3,Z5447656686,296.71,296.71,-0.757,-2.464,2,4,93.09,3,https://real.enamine.net/public-enum-files/Z5447656686
O=C(NC1CCC(=O)NC1=O)C2=CSC=3C=CC(=CC23)C(F)(F)F,Z5464015467,356.321,356.321,2.47,-4.679,2,3,75.27,3,https://real.enamine.net/public-enum-files/Z5464015467
CN1C(=O)SC=2C=C(SC21)C(=O)NC3CCC(=O)NC3=O,Z5503356573,325.366,325.366,-0.092,-3.235,2,5,95.58,2,https://real.enamine.net/public-enum-files/Z5503356573
O=C(NC1CCC(=O)NC1=O)C2=NNC3=C2CC=4C(Br)=CC=CC34,Z5591953048,389.204,389.204,2.201,-4.555,3,4,103.95,2,https://real.enamine.net/public-enum-files/Z5591953048
CC1=NN(C(Cl)=C1C(=O)NC2CCC(=O)NC2=O)C3CC3,Z5714855610,310.736,310.736,-0.828,-2.615,2,4,93.09,3,https://real.enamine.net/public-enum-files/Z5714855610
O=C(NC1CCC(=O)NC1=O)C=2OC=NC2C3CCC3,Z6486201436,277.277,277.277,-0.737,-2.481,2,4,101.3,3,https://real.enamine.net/public-enum-files/Z6486201436
CN1N=C2C=CC(Br)=CC2=C1C(=O)NC3CCC(=O)NC3=O,Z6670216816,365.182,365.182,1.016,-3.41,2,4,93.09,2,https://real.enamine.net/public-enum-files/Z6670216816
COCC=1N=C2C=CC=CN2C1C(=O)NC3CCC(=O)NC3=O,Z7576953416,316.313,316.313,0.005,-2.155,2,5,101.8,4,https://real.enamine.net/public-enum-files/Z7576953416
CC1=NN(C=C1C(=O)NC2CCC(=O)NC2=O)C=3C=CN=CC3,Z7598258262,313.312,313.312,-0.65,-1.38,2,5,105.98,3,
O=C(NC1CCC(=O)NC1=O)C2=CN3C=CC=C(OCC=4C=CC=CC4)C3=N2,Z7606963471,378.382,378.382,2.534,-3.913,2,5,101.8,5,https://real.enamine.net/public-enum-files/Z7606963471
CCC=1NC(=NC1C(=O)NC2CCC(=O)NC2=O)C=3C=CC=CC3,Z7627206150,326.351,326.351,1.71,-4.086,3,4,103.95,4,https://real.enamine.net/public-enum-files/Z7627206150
CN1C=C(C(=O)NC2CCC(=O)NC2=O)C=3C=CN=C(Cl)C31,Z7642065798,320.731,320.731,0.655,-2.565,2,4,93.09,2,https://real.enamine.net/public-enum-files/Z7642065798
O=C(NC1CCC(=O)NC1=O)C=2OC=CC2C3=CC=C(F)C(F)=C3,Z7746843941,334.275,334.275,1.083,-4.58,2,3,88.41,3,https://real.enamine.net/public-enum-files/Z7746843941
O=C(NC1CCC(=O)NC1=O)C2=COC=3CCCC(=O)NC23,Z7760504370,305.287,305.287,-0.758,-1.674,3,4,117.51,2,https://real.enamine.net/public-enum-files/Z7760504370
O=C(NC1CCC(=O)NC1=O)C2=CC=3C(=O)NCCCC3S2,Z7761011410,321.353,321.353,-0.302,-2.794,3,4,104.37,2,https://real.enamine.net/public-enum-files/Z7761011410
CC1=CN2N=NC(C(=O)NC3CCC(=O)NC3=O)=C2C(=O)N1,Z7761314521,304.262,304.262,-2.379,-1.318,3,6,135.08,2,https://real.enamine.net/public-enum-files/Z7761314521
CC(C)(C)N1C=C(C(=O)NC2CCC(=O)NC2=O)C(CN3C(=O)C=4C=CC=CC4C3=O)=N1,Z7761450313,437.45,437.45,0.785,-3.836,2,6,130.47,5,https://real.enamine.net/public-enum-files/Z7761450313
CC(C)(C)C1=CC=NC2=C(C=NN12)C(=O)NC3CCC(=O)NC3=O,Z7846220230,329.355,329.355,0.85,-2.477,2,5,105.46,3,https://real.enamine.net/public-enum-files/Z7846220230
CCOC1=NNC(C(=O)NC2CCC(=O)NC2=O)=C1Br,Z7985169749,345.149,345.149,-0.057,-3.133,3,5,113.18,4,https://real.enamine.net/public-enum-files/Z7985169749
CC1=NC(=NN1C=2C=CC(Cl)=CC2Cl)C(=O)NC3CCC(=O)NC3=O,Z8380477763,382.201,382.201,1.964,-3.294,2,5,105.98,3,https://real.enamine.net/public-enum-files/Z8380477763
CC1CNC=2NN=C(C(=O)NC3CCC(=O)NC3=O)C2C1,Z8561516582,291.306,291.306,-0.061,-2.245,4,5,115.98,2,https://real.enamine.net/public-enum-files/Z8561516582
O=C(NC1CCC(=O)NC1=O)C=2C(Cl)=NSC2Br,Z8599426771,352.593,352.593,-0.706,-4.227,2,4,88.16,2,https://real.enamine.net/public-enum-files/Z8599426771
O=C(NC1CCC(=O)NC1=O)C=2C=C3N=CC=C(C4=CC=CO4)N3N2,Z8602961684,339.306,339.306,0.508,-3.192,2,5,118.6,3,https://real.enamine.net/public-enum-files/Z8602961684
COC=1C=CC(=CC1)C2=CN=C(O2)C(=O)NC3CCC(=O)NC3=O,Z8633072022,329.308,329.308,1.101,-2.545,2,5,110.53,4,https://real.enamine.net/public-enum-files/Z8633072022
CN1CCCN2N=NC(C(=O)NC3CCC(=O)NC3=O)=C12,Z8645702193,292.295,292.295,-1.704,-1.355,2,6,109.22,2,https://real.enamine.net/public-enum-files/Z8645702193
CC(C)C1=CC(=NN1C2=CC=CC=C2F)C(=O)NC3CCC(=O)NC3=O,Z8655839688,358.368,358.368,2.038,-3.94,2,4,93.09,4,https://real.enamine.net/public-enum-files/Z8655839688
CC1=C(C=NN1C=2C=CC(Br)=CN2)C(=O)NC3CCC(=O)NC3=O,Z8707941685,392.208,392.208,0.223,-3.182,2,5,105.98,3,https://real.enamine.net/public-enum-files/Z8707941685
O=C(NC1CCC(=O)NC1=O)C2=CN=CN2C=3C=CC=C(F)N3,Z8727897755,317.276,317.276,-0.009,-3.496,2,5,105.98,3,https://real.enamine.net/public-enum-files/Z8727897755
O=C(NC1CCC(=O)NC1=O)C=2C=CN(CCN3C=CC=N3)N2,Z9212521792,316.316,316.316,-1.182,-0.955,2,5,110.91,5,https://real.enamine.net/public-enum-files/Z9212521792
CC(C)C1=CN=C2C=C(NC2=C1)C(=O)NC3CCC(=O)NC3=O,Z9212576254,314.34,314.34,1.815,-3.405,3,4,103.95,3,https://real.enamine.net/public-enum-files/Z9212576254
CN1C=CC(=N1)N2C=NC(=C2)C(=O)NC3CCC(=O)NC3=O,Z9212683252,302.289,302.289,-0.601,-1.594,2,5,110.91,3,https://real.enamine.net/public-enum-files/Z9212683252
CCN1N=C(Br)C(=N1)C(=O)NC2CCC(=O)NC2=O,Z9213037807,330.138,330.138,-0.94,-2.186,2,5,105.98,3,https://real.enamine.net/public-enum-files/Z9213037807
CC1=NN2N=CC=CC2=C1C(=O)NC3CCC(=O)NC3=O,Z9213040696,287.275,287.275,0.055,-1.641,2,5,105.46,2,https://real.enamine.net/public-enum-files/Z9213040696
O=C(NC1CCC(=O)NC1=O)C=2C=NNC2C3CCCO3,Z9213162423,292.291,292.291,-1.223,-1.606,3,5,113.18,3,https://real.enamine.net/public-enum-files/Z9213162423
O=C(NC1CCC(=O)NC1=O)C2=NN=C(NC3CC3)O2,Z9213341817,279.253,279.253,-0.734,-1.884,3,6,126.22,4,https://real.enamine.net/public-enum-files/Z9213341817
O=C(NC1CCC(=O)NC1=O)C=2C=C(NN2)C3CCOC3,Z9213658260,292.291,292.291,-1.113,-1.865,3,5,113.18,3,https://real.enamine.net/public-enum-files/Z9213658260
O=C(NC1CCC(=O)NC1=O)C2=CC=3C=C(F)C=C(F)C3N2,Z9213941175,307.253,307.253,1.221,-4.027,3,3,91.06,2,https://real.enamine.net/public-enum-files/Z9213941175
O=C(NC1CCC(=O)NC1=O)C=2C=C3C=CC=NN3N2,Z9213942271,273.248,273.248,0.126,-1.803,2,5,105.46,2,https://real.enamine.net/public-enum-files/Z9213942271
CC(C)(C)C1=CON=C1C(=O)NC2CCC(=O)NC2=O,Z9213946501,279.292,279.292,0.25,-2.279,2,4,101.3,3,https://real.enamine.net/public-enum-files/Z9213946501
Cl.CC=1N=C(CC2CCNC2)SC1C(=O)NC3CCC(=O)NC3=O,Z9302774444,372.872,336.411,-0.357,-1.742,3,5,100.19,4,https://real.enamine.net/public-enum-files/Z9302774444
Cl.CCN1N=C(C=C1C(=O)NC2CCC(=O)NC2=O)CN,Z9302774482,315.756,279.296,-1.771,-1.486,3,5,119.11,4,https://real.enamine.net/public-enum-files/Z9302774482
Cl.O=C(NC1CCC(=O)NC1=O)C=2C=C3CNCCCN3N2,Z9302774488,327.767,291.306,-1.889,-1.454,3,5,105.12,2,https://real.enamine.net/public-enum-files/Z9302774488
CC=1OC(=NC1C(=O)NC2CCC(=O)NC2=O)C3CCOCC3,Z9219183423,321.329,321.329,-1.099,-1.273,2,5,110.53,3,https://real.enamine.net/public-enum-files/Z9219183423
O=C(NC1CCC(=O)NC1=O)C2=CN=C3N=CC(Cl)=CN23,Z9219829391,307.693,307.693,0.263,-2.682,2,5,105.46,2,https://real.enamine.net/public-enum-files/Z9219829391
O=C(NC1CCC(=O)NC1=O)C2=CC=3C(=O)C=CNC3S2,Z9220066874,305.311,305.311,-1.782,-3.595,3,5,104.37,2,https://real.enamine.net/public-enum-files/Z9220066874
N#CC=1C=CC=2N=C(NC2C1)C(=O)NC3CCC(=O)NC3=O,Z9221175732,297.27,297.27,0.63,-2.549,3,5,127.74,2,https://real.enamine.net/public-enum-files/Z9221175732
CC=1C=C(N2N=C(C=C2N1)C(=O)NC3CCC(=O)NC3=O)C(F)(F)C(F)(F)F,Z9275342232,405.28,405.28,0.8,-4.076,2,5,105.46,4,https://real.enamine.net/public-enum-files/Z9275342232
CN1N=C2CCS(=O)(=O)CC2=C1C(=O)NC3CCC(=O)NC3=O,Z9275344217,340.357,340.357,-3.189,-0.8,2,6,127.23,2,https://real.enamine.net/public-enum-files/Z9275344217
O=C(NC1CCC(=O)NC1=O)C=2N=C3CCC(CN3C2Br)C(F)(F)F,Z9275347665,423.185,423.185,0.106,-3.844,2,4,93.09,3,https://real.enamine.net/public-enum-files/Z9275347665
NC1=C(N=C2C=CC=C(Br)N12)C(=O)NC3CCC(=O)NC3=O,Z9275348078,366.17,366.17,1.354,-4.136,3,5,118.59,2,https://real.enamine.net/public-enum-files/Z9275348078
COCC=1NN=NC1C(=O)NC2CCC(=O)NC2=O,Z9275353383,267.242,267.242,-2.057,-0.759,3,6,126.07,4,https://real.enamine.net/public-enum-files/Z9275353383
O=C(NC1CCC(=O)NC1=O)C2=CC=3C=CC(Br)=C(Cl)C3S2,Z9275358948,401.664,401.664,2.948,-5.656,2,3,75.27,2,https://real.enamine.net/public-enum-files/Z9275358948
O=C(NC1CCC(=O)NC1=O)C=2C=C(ON2)C=3C=CC(=CC3F)C=4N=NNN4,Z9275368845,385.31,385.31,0.744,-3.996,3,7,155.76,4,https://real.enamine.net/public-enum-files/Z9275368845
Cl.O=C(NC1CCC(=O)NC1=O)C2=CC(=NO2)C3CNCCO3,Z9302774541,344.751,308.291,-1.998,-1.556,3,6,122.56,3,https://real.enamine.net/public-enum-files/Z9302774541
COC1=CN(N=C1C(=O)N[C@@H]2CCC(=O)NC2=O)C=3C=CC=C(C3)C(F)(F)F,Z9275384005,396.321,396.321,1.527,-3.563,2,5,102.32,5,https://real.enamine.net/public-enum-files/Z9275384005
COC=1C=CC=C(C1)N2N=C(C=C2C=3C=CC=CC3)C(=O)N[C@@H]4CCC(=O)NC4=O,Z9275411382,404.42,404.42,2.729,-4.822,2,5,102.32,5,https://real.enamine.net/public-enum-files/Z9275411382
O=C(O)C(F)(F)F.O=C(NCC1=NOC=C1C(=O)NC2CCC(=O)NC2=O)C3=CC=4C=CN=CC4N3,Z9329660812,510.381,396.358,-0.689,-3.317,4,6,159.08,6,https://real.enamine.net/public-enum-files/Z9329660812
CC=1OC(C#N)=CC1C(=O)NCC2=NC(=CO2)C(=O)NC3CCC(=O)NC3=O,Z9302744980,385.332,385.332,-1.096,-2.34,3,6,167.33,5,https://real.enamine.net/public-enum-files/Z9302744980
CC(CN1C=CC=N1)C(=O)N2CC=3NN=C(C(=O)NC4CCC(=O)NC4=O)C3C2,Z9302744986,399.405,399.405,-1.796,-2.047,3,6,142.08,5,https://real.enamine.net/public-enum-files/Z9302744986
O=C(NC1CCC(=O)NC1=O)C2=CC=C(CNC(=O)C3(CC3)N4C=CC=N4)S2,Z9302745009,401.442,401.442,-0.597,-3.256,3,5,122.19,6,https://real.enamine.net/public-enum-files/Z9302745009
O=C(O)C(F)(F)F.CC=1C=C(CNC(=O)C2(C)CCCN(C)C2)OC1C(=O)NC3CCC(=O)NC3=O,Z9311796131,518.484,404.461,-0.048,-2.978,3,5,120.75,6,https://real.enamine.net/public-enum-files/Z9311796131
O=C(O)C(F)(F)F.O=C(NC1CCC(=O)NC1=O)C2=CN(C=N2)CCNC(=O)C3=CC=CN4C=CN=C34,Z9317889412,523.423,409.4,-0.246,-3.285,3,6,139.49,7,https://real.enamine.net/public-enum-files/Z9317889412
CC=1N=C(CNC(=O)C2=CN3C=CC=CC3=N2)OC1C(=O)NC4CCC(=O)NC4=O,Z9302745088,410.384,410.384,-0.404,-2.552,3,6,147.7,5,https://real.enamine.net/public-enum-files/Z9302745088
O=C(CC1CCCNC1=O)NCC2=CC(=CS2)C(=O)NC3CCC(=O)NC3=O,Z9302745105,406.458,406.458,-1.157,-2.222,4,5,133.47,6,https://real.enamine.net/public-enum-files/Z9302745105
O=C(O)C(F)(F)F.CN1N=C(C=C1C(=O)NC2CCC(=O)NC2=O)CNC(=O)C3=CC=CC4=NC=CN34,Z9331724366,523.423,409.4,-0.455,-3.304,3,6,139.49,6,https://real.enamine.net/public-enum-files/Z9331724366
CC(C)(C(=O)NCC=1OC=CC1C(=O)NC2CCC(=O)NC2=O)N3C=NN=N3,Z9302745140,389.367,389.367,-1.779,-2.069,3,7,161.11,6,https://real.enamine.net/public-enum-files/Z9302745140
CC=1N=CC(=CC1C#N)C(=O)NCC=2C=C(ON2)C(=O)NC3CCC(=O)NC3=O,Z9302745164,396.358,396.358,-0.84,-2.236,3,7,167.08,5,https://real.enamine.net/public-enum-files/Z9302745164
O=C(NCC=1C=C(ON1)C(=O)NC2CCC(=O)NC2=O)C3=CC4=CC=CC=C4N3,Z9302745166,395.37,395.37,0.267,-4.104,4,5,146.19,5,https://real.enamine.net/public-enum-files/Z9302745166
COC=1C=NN=C(C1)C(=O)NCC=2NN=CC2C(=O)NC3CCC(=O)NC3=O,Z9302745200,387.351,387.351,-1.547,-1.959,4,8,168.06,6,https://real.enamine.net/public-enum-files/Z9302745200
O=C(NC1CCC(=O)NC1=O)C=2SC=CC2CNC(=O)C34CCC(CO)(CC3)C4,Z9302745216,419.497,419.497,-1.168,-2.739,4,5,124.6,6,https://real.enamine.net/public-enum-files/Z9302745216
O=C(CCC1CCCCO1)NCC=2C=CSC2C(=O)NC3CCC(=O)NC3=O,Z9302745224,407.486,407.486,-0.106,-2.878,3,5,113.6,7,https://real.enamine.net/public-enum-files/Z9302745224
CC(NC(=O)C=1C=C(C#N)C=CC1N)C2=NOC=C2C(=O)NC3CCC(=O)NC3=O,Z9302745257,410.384,410.384,-0.642,-3.062,4,7,180.21,5,https://real.enamine.net/public-enum-files/Z9302745257
CC(NC(=O)C1(CC1)N2C=NN=N2)C3=NOC=C3C(=O)NC4CCC(=O)NC4=O,Z9302745261,402.366,402.366,-2.224,-1.65,3,8,174,6,https://real.enamine.net/public-enum-files/Z9302745261
CC1=NC2=NC=NN2C(C)=C1CC(=O)NCC=3C=NNC3C(=O)NC4CCC(=O)NC4=O,Z9302745317,439.429,439.429,-2.139,-2.392,4,8,176.13,6,https://real.enamine.net/public-enum-files/Z9302745317
CC1=NOC=C1CCC(=O)NCC=2OC=NC2C(=O)NC3CCC(=O)NC3=O,Z9302745357,389.364,389.364,-2.486,-1.419,3,6,156.43,7,https://real.enamine.net/public-enum-files/Z9302745357
O=C(O)C(F)(F)F.CCCN1CCCC1C(=O)NCC=2OC=NC2C(=O)NC3CCC(=O)NC3=O,Z9312344236,505.446,391.423,-0.57,-2.728,3,6,133.64,8,https://real.enamine.net/public-enum-files/Z9312344236
O=C(COCC1CCOC1)NCCN2C=C(N=N2)C(=O)NC3CCC(=O)NC3=O,Z9302745371,408.41,408.41,-2.734,-1.04,3,8,153.54,9,https://real.enamine.net/public-enum-files/Z9302745371
O=C(NC1CCC(=O)NC1=O)C2=CC=3C(Br)=C(Cl)C=CC3S2,Z9302773310,401.664,401.664,2.948,-5.656,2,3,75.27,2,https://real.enamine.net/public-enum-files/Z9302773310
CN(C)S(=O)(=O)C1=CC(=CO1)C(=O)NC2CCC(=O)NC2=O,Z1517905525,329.331,329.331,-1.061,-1.894,2,5,125.79,3,https://real.enamine.net/public-enum-files/Z1517905525
COC=1C=CC=2C=3SC(=CC3CCC2C1)C(=O)NC4CCC(=O)NC4=O,Z1474292249,370.424,370.424,2.543,-5.077,2,4,84.5,3,https://real.enamine.net/public-enum-files/Z1474292249
CC=1C=CC=C(C1)C2=NN(C=C2C(=O)NC3CCC(=O)NC3=O)C=4C=CC(F)=CC4,Z1474295363,406.411,406.411,2.978,-5.221,2,4,93.09,4,https://real.enamine.net/public-enum-files/Z1474295363
O=C(NC1CCC(=O)NC1=O)C2=CSC(=N2)C=3C=NN(C3)C=4C=CC=CC4,Z1474294310,381.41,381.41,1.896,-3.711,2,5,105.98,4,https://real.enamine.net/public-enum-files/Z1474294310
COCCOC1=CN(N=C1C(=O)NC2CCC(=O)NC2=O)C=3C=CC=CC3,Z1474298275,372.376,372.376,0.408,-2.502,2,6,111.55,7,https://real.enamine.net/public-enum-files/Z1474298275
CC=1OC=2NC(=O)N(C=3C=CC=CC3)C(=O)C2C1C(=O)NC4CCC(=O)NC4=O,Z1549451626,396.354,396.354,1.418,-4.34,3,5,137.82,3,https://real.enamine.net/public-enum-files/Z1549451626
CC(C)C1=NN(C)C(Cl)=C1C(=O)NC2CCC(=O)NC2=O,Z1474298517,312.752,312.752,-0.784,-2.74,2,4,93.09,3,https://real.enamine.net/public-enum-files/Z1474298517
CC1=CN2C=C(SC2=N1)C(=O)NC3CCC(=O)NC3=O,Z1549442682,292.315,292.315,0.235,-2.431,2,4,92.57,2,https://real.enamine.net/public-enum-files/Z1549442682
O=C(NC1CCC(=O)NC1=O)C2=NN=C(N2)C=3C=CC=CN3,Z9275366767,300.274,300.274,-0.507,-1.752,3,6,129.73,3,https://real.enamine.net/public-enum-files/Z9275366767
O=C(NC1CCC(=O)NC1=O)C=2C=NN3C=C(Br)C=NC23,Z1571346835,352.144,352.144,-0.108,-2.6,2,5,105.46,2,https://real.enamine.net/public-enum-files/Z1571346835
CC=1N=C(SC1C(=O)NC2CCC(=O)NC2=O)C3CCCO3,Z2091191416,323.369,323.369,-0.586,-1.873,2,5,97.39,3,https://real.enamine.net/public-enum-files/Z2091191416
O=C(NC1CCC(=O)NC1=O)C2=CSC=C2C=3C=CC=CC3,Z2174368446,314.361,314.361,1.474,-4.237,2,3,75.27,3,https://real.enamine.net/public-enum-files/Z2174368446
CC(C)N1C=C(C=N1)C(=O)NC2CCC(=O)NC2=O,Z1816922879,264.281,264.281,-0.414,-0.822,2,4,93.09,3,https://real.enamine.net/public-enum-files/Z1816922879
CC=1C=C(Br)C=C2C(=COC12)C(=O)NC3CCC(=O)NC3=O,Z1720098221,365.179,365.179,2.281,-4.32,2,3,88.41,2,https://real.enamine.net/public-enum-files/Z1720098221
CC1=NN(C)C(C)=C1C=2C=C(NN2)C(=O)NC3CCC(=O)NC3=O,Z1474139628,330.343,330.343,-0.289,-1.654,3,5,121.77,3,https://real.enamine.net/public-enum-files/Z1474139628
CC1=NN(CC=2C=CC=CC2Cl)C(Cl)=C1C(=O)NC3CCC(=O)NC3=O,Z1474139737,395.24,395.24,1.259,-4.396,2,4,93.09,4,https://real.enamine.net/public-enum-files/Z1474139737
O=C(NC1CCC(=O)NC1=O)C=2SC=3C=CC=C(F)C3C2COC=4C=CC=CC4,Z1474144554,412.436,412.436,2.981,-5.882,2,4,84.5,5,https://real.enamine.net/public-enum-files/Z1474144554
N#CC=1C=CC=CC1OCC2=CC=C(O2)C(=O)NC3CCC(=O)NC3=O,Z1474146218,353.33,353.33,0.829,-3.904,2,5,121.43,5,https://real.enamine.net/public-enum-files/Z1474146218
O=C(NC1CCC(=O)NC1=O)C2=CC=3C=CC=CC3N2CC=4C=CC=CC4F,Z1474142751,379.385,379.385,2.945,-4.692,2,3,80.2,4,https://real.enamine.net/public-enum-files/Z1474142751
O=C(NC1CCC(=O)NC1=O)C2=C(Cl)N=C3SC=CN23,Z1474303599,312.733,312.733,0.203,-3.845,2,4,92.57,2,https://real.enamine.net/public-enum-files/Z1474303599
CCCCCC1=CC(=NN1)C(=O)NC2CCC(=O)NC2=O,Z2634432348,292.334,292.334,1.56,-3.383,3,4,103.95,6,https://real.enamine.net/public-enum-files/Z2634432348
CN(C)C1=NC(Cl)=C(S1)C(=O)NC2CCC(=O)NC2=O,Z2874068627,316.765,316.765,-0.054,-3.418,2,5,91.4,3,https://real.enamine.net/public-enum-files/Z2874068627
CC=1C=C(C)C=2C=C(SC2N1)C(=O)NC3CCC(=O)NC3=O,Z2874082602,317.365,317.365,1.47,-4.034,2,4,88.16,2,https://real.enamine.net/public-enum-files/Z2874082602
O=C(NC1CCC(=O)NC1=O)C2=CC=3C=CSC3S2,Z3193466591,294.352,294.352,1.141,-4.235,2,3,75.27,2,https://real.enamine.net/public-enum-files/Z3193466591
CC=1SC2=NC=C(C(=O)NC3CCC(=O)NC3=O)N2C1C,Z3844633432,306.342,306.342,1.249,-3.079,2,4,92.57,2,https://real.enamine.net/public-enum-files/Z3844633432
CC1=CC=NC2=NC(=NN12)C(=O)N[C@@H]3CCC(=O)NC3=O,Z4052328597,288.263,288.263,-0.921,-1.587,2,6,118.35,2,https://real.enamine.net/public-enum-files/Z4052328597
O=C(N[C@@H]1CCC(=O)NC1=O)C2=COC=C2Br,Z4802096164,301.093,301.093,-0.471,-2.435,2,3,88.41,2,https://real.enamine.net/public-enum-files/Z4802096164
CC(C)C1=CC(C(=O)N[C@@H]2CCC(=O)NC2=O)=C(O1)C(C)C,Z4917779224,306.358,306.358,1.598,-3.458,2,3,88.41,4,https://real.enamine.net/public-enum-files/Z4917779224
CN1C(=CC=2OC=CC21)C(=O)N[C@@H]3CCC(=O)NC3=O,Z5383037581,275.261,275.261,0.67,-1.643,2,3,93.34,2,https://real.enamine.net/public-enum-files/Z5383037581
CCCC=1C=C(C(=O)N[C@@H]2CCC(=O)NC2=O)N(N1)C=3C=CC=CC3,Z5754345583,340.377,340.377,2.014,-3.734,2,4,93.09,5,https://real.enamine.net/public-enum-files/Z5754345583
CC1=C(OC=2C1=CC=C3C=CC=CC23)C(=O)N[C@@H]4CCC(=O)NC4=O,Z6337188721,336.342,336.342,2.101,-5.434,2,3,88.41,2,https://real.enamine.net/public-enum-files/Z6337188721
O=C(NC1CCC(=O)NC1=O)C2=CC=3C=C(Cl)C=NC3N2,Z7627730727,306.705,306.705,0.921,-3.88,3,4,103.95,2,https://real.enamine.net/public-enum-files/Z7627730727
O=C(NC1CCC(=O)NC1=O)C=2C=CSC2N3C=NN=N3,Z7747479736,306.302,306.302,-0.419,-2.468,2,6,118.87,3,https://real.enamine.net/public-enum-files/Z7747479736
O=C(NC1CCC(=O)NC1=O)C=2C=C(NN2)C3=CNC=4C=CC=CC34,Z7762985398,337.334,337.334,1.309,-4.324,4,4,119.74,3,https://real.enamine.net/public-enum-files/Z7762985398
CN1N=C(C=C1C2CCCO2)C(=O)NC3CCC(=O)NC3=O,Z7821875993,306.318,306.318,-1.31,-1.376,2,5,102.32,3,https://real.enamine.net/public-enum-files/Z7821875993
O=C(NC1CCC(=O)NC1=O)C2=CN3C=C(Cl)C=NC3=N2,Z7839303778,307.693,307.693,0.273,-2.682,2,5,105.46,2,https://real.enamine.net/public-enum-files/Z7839303778
COC=1C=CC(=CC1)C=2ON=C(C(=O)NC3CCC(=O)NC3=O)C2C,Z7853779607,343.335,343.335,0.732,-3.372,2,5,110.53,4,https://real.enamine.net/public-enum-files/Z7853779607
O=C(NC1CCC(=O)NC1=O)C=2C=NN3CC4(COC4)COC23,Z8357962775,320.301,320.301,-1.678,-1.593,2,6,111.55,2,https://real.enamine.net/public-enum-files/Z8357962775
CCC1=NN2C=CC=NC2=C1C(=O)NC3CCC(=O)NC3=O,Z8499607968,301.301,301.301,-0.519,-2.116,2,5,105.46,3,https://real.enamine.net/public-enum-files/Z8499607968
CC1=CC(C(=O)NC2CCC(=O)NC2=O)=C(NC(=O)C3CCCO3)S1,Z8513156743,365.406,365.406,0.436,-3.824,3,5,113.6,4,https://real.enamine.net/public-enum-files/Z8513156743
O=C(NC1CCC(=O)NC1=O)C=2NC=3C(Br)=CC=CC3C2CCCO,Z8533188608,408.247,408.247,0.991,-4.116,4,4,111.29,5,https://real.enamine.net/public-enum-files/Z8533188608
CC1(C)CCC2=C(NN=C21)C(=O)NC3CCC(=O)NC3=O,Z8533189536,290.318,290.318,1.106,-2.295,3,4,103.95,2,https://real.enamine.net/public-enum-files/Z8533189536
O=C(NC1CCC(=O)NC1=O)C2=COC=3C=CC(=CC23)OCC=4C=CC=CC4,Z8594240167,378.379,378.379,2.667,-4.803,2,4,97.64,5,https://real.enamine.net/public-enum-files/Z8594240167
COC1COC2=CC(=NN2C1)C(=O)NC3CCC(=O)NC3=O,Z8614848837,308.291,308.291,-1.311,-1.851,2,6,111.55,3,https://real.enamine.net/public-enum-files/Z8614848837
COCC1=NSC(=N1)C(=O)NC2CCC(=O)NC2=O,Z8615887069,284.293,284.293,-1.258,-0.835,2,6,110.28,4,https://real.enamine.net/public-enum-files/Z8615887069
CS(=O)(=O)C=1C=NC2=CC(=NN2C1)C(=O)NC3CCC(=O)NC3=O,Z8628821336,351.34,351.34,-2.147,-1.635,2,7,139.6,3,
O=C(O)C(F)(F)F.CC(C1=CC=C(O1)C(=O)NC2CCC(=O)NC2=O)N3CCCCC3,Z9401379554,447.406,333.383,0.72,-3.195,2,4,91.65,5,https://real.enamine.net/public-enum-files/Z9401379554
CC=1SC(=NC1C=2C=CC=CC2)C(=O)NC3CCC(=O)NC3=O,Z8661621058,329.375,329.375,1.96,-3.616,2,4,88.16,3,https://real.enamine.net/public-enum-files/Z8661621058
CCC1=CN=C(N1)C(=O)NC2CCC(=O)NC2=O,Z8666344885,250.254,250.254,0.292,-1.21,3,4,103.95,3,https://real.enamine.net/public-enum-files/Z8666344885
CC=1OC=2C=C(F)C=CC2C1C(=O)NC3CCC(=O)NC3=O,Z8709522323,304.274,304.274,1.221,-3.549,2,3,88.41,2,https://real.enamine.net/public-enum-files/Z8709522323
CC=1C=C(O)N2N=CC(C(=O)NC3CCC(=O)NC3=O)=C2N1,Z9213046801,303.274,303.274,-0.141,-1.869,3,6,125.69,2,https://real.enamine.net/public-enum-files/Z9213046801
O=C(NC1CCC(=O)NC1=O)C2=CN(CCCC=3N=NNN3)C4=CC=CC=C24,Z9213158995,381.39,381.39,0.595,-2.217,3,6,134.66,6,https://real.enamine.net/public-enum-files/Z9213158995
O=C(NC1CCC(=O)NC1=O)C2=COC(=N2)OCC(F)(F)F,Z9213592159,321.21,321.21,0.23,-3.034,2,5,110.53,5,https://real.enamine.net/public-enum-files/Z9213592159
CC=1C=C(Br)C=C2C(=NNC12)C(=O)NC3CCC(=O)NC3=O,Z9213645144,365.182,365.182,1.996,-4.23,3,4,103.95,2,https://real.enamine.net/public-enum-files/Z9213645144
NC1=C(C=NN1C2=CC=CC(Cl)=C2)C(=O)NC3CCC(=O)NC3=O,Z9213942376,347.757,347.757,0.901,-3.464,3,5,119.11,3,https://real.enamine.net/public-enum-files/Z9213942376
CC(C)C1=C(N=NN1C=2C=CC=CC2)C(=O)NC3CCC(=O)NC3=O,Z9214156175,341.365,341.365,0.844,-3.172,2,5,105.98,4,https://real.enamine.net/public-enum-files/Z9214156175
O=C(NC1CCC(=O)NC1=O)C2=CC=3N=CC(Br)=CC3O2,Z9214178626,352.14,352.14,0.934,-3.156,2,4,101.3,2,https://real.enamine.net/public-enum-files/Z9214178626
Cl.Cl.O=C(NC1CCC(=O)NC1=O)C2=CSC(=N2)N3CCNCC3,Z9302774455,396.294,323.373,-0.334,-3.074,3,6,103.43,3,https://real.enamine.net/public-enum-files/Z9302774455
Cl.NC1CCCN2C=C(N=C12)C(=O)NC3CCC(=O)NC3=O,Z9302774477,327.767,291.306,-1.425,-1.46,3,5,119.11,2,https://real.enamine.net/public-enum-files/Z9302774477
CN1C(=CN=C1C(F)(F)F)C(=O)NC2CCC(=O)NC2=O,Z9220056820,304.226,304.226,0.071,-1.626,2,4,93.09,3,https://real.enamine.net/public-enum-files/Z9220056820
Cl.O=C(NC1CCC(=O)NC1=O)C=2N=CN3CCNCCC23,Z9302774501,327.767,291.306,-1.289,-1.491,3,5,105.12,2,
O=C(NC1CCC(=O)NC1=O)C2=NNC=3C(=CC=CC23)C(F)(F)F,Z9220261752,340.258,340.258,1.598,-3.981,3,4,103.95,3,
O=C(NC1CCC(=O)NC1=O)C2=C(NC(=O)C3CCCCC3)SC=4CCCC24,Z9275341310,403.497,403.497,2.734,-5.585,3,4,104.37,4,https://real.enamine.net/public-enum-files/Z9275341310
COCCOCCN1N=CC=C1C(=O)NC2CCC(=O)NC2=O,Z9275344043,324.333,324.333,-1.323,-0.808,2,6,111.55,8,https://real.enamine.net/public-enum-files/Z9275344043
O=C(NC1CCC(=O)NC1=O)C=2SN=C3C=CC(Br)=CC23,Z9275346157,368.207,368.207,1.669,-4.177,2,4,88.16,2,https://real.enamine.net/public-enum-files/Z9275346157
O=C(NC1CCC(=O)NC1=O)C2=NSN=C2O,Z9275347120,256.24,256.24,1.044,-1.479,3,6,121.28,2,https://real.enamine.net/public-enum-files/Z9275347120
O=C(NC1CCC(=O)NC1=O)C=2C=C(ON2)C=3C=CC(=CC3)OC=4C=CC(Cl)=CC4,Z9275354660,425.822,425.822,3.903,-5.71,2,4,110.53,5,https://real.enamine.net/public-enum-files/Z9275354660
O=C(N[C@@H]1CCC(=O)NC1=O)C=2C=NN3C(=O)C=C(NC23)C=4C=CC(=CC4)C5CCCCC5,Z9275389979,447.488,447.488,2.271,-6.736,3,6,122.19,4,https://real.enamine.net/public-enum-files/Z9275389979
COC=1C=CC(=NN1)N2N=CC(C(=O)N[C@@H]3CCC(=O)NC3=O)=C2C(F)(F)F,Z9275395386,398.298,398.298,-1.29,-3.372,2,7,128.1,5,https://real.enamine.net/public-enum-files/Z9275395386
NC(=O)NC1(CCCCC1)C(=O)N2CC=3NN=C(C(=O)NC4CCC(=O)NC4=O)C3C2,Z9302744987,431.447,431.447,-1.631,-3.394,5,6,179.38,4,https://real.enamine.net/public-enum-files/Z9302744987
N#CCC=1C=CC=C(C1)C(=O)NCC2=CC=C(S2)C(=O)NC3CCC(=O)NC3=O,Z9302745000,410.448,410.448,0.155,-4.519,3,5,128.16,6,https://real.enamine.net/public-enum-files/Z9302745000
CCCC=1C=C(NN1)C(=O)NCC2=CC=C(S2)C(=O)NC3CCC(=O)NC3=O,Z9302745007,403.457,403.457,1.597,-4.356,4,5,133.05,7,https://real.enamine.net/public-enum-files/Z9302745007
C[C@H](NC(=O)C=1C=NC=C2NC=CC12)C3=NC(=CO3)C(=O)NC4CCC(=O)NC4=O,Z9302745014,410.384,410.384,-0.246,-2.587,4,6,159.08,5,https://real.enamine.net/public-enum-files/Z9302745014
CC=1C=C(CNC(=O)C=2C=CC=3C=COC3C2)OC1C(=O)NC4CCC(=O)NC4=O,Z9302745052,409.393,409.393,0.79,-4.801,3,4,130.65,5,https://real.enamine.net/public-enum-files/Z9302745052
CC=1N=C(CNC(=O)COCC2CCCO2)OC1C(=O)NC3CCC(=O)NC3=O,Z9302745081,408.407,408.407,-2.097,-1.369,3,7,148.86,8,https://real.enamine.net/public-enum-files/Z9302745081
O=C(COC1CCCOC1)NCCC=2NN=CC2C(=O)NC3CCC(=O)NC3=O,Z9302745117,407.422,407.422,-2.026,-1.697,4,7,151.51,8,https://real.enamine.net/public-enum-files/Z9302745117
CN1N=C(C=C1C(=O)NC2CCC(=O)NC2=O)CNC(=O)C3(C#N)CCCOC3,Z9302745127,402.405,402.405,-2.596,-1.449,3,7,155.21,5,https://real.enamine.net/public-enum-files/Z9302745127
O=C(NC1CCC(=O)NC1=O)C=2C=NNC2C3CCCCN3C(=O)C=4N=CC=C5C=CNC45,Z9302745134,449.464,449.464,0.1,-3.729,4,6,152.94,4,https://real.enamine.net/public-enum-files/Z9302745134
O=C(NC1CCC(=O)NC1=O)C2=COC=3CN(CC23)C(=O)C=4C=C5C=CNC5=CN4,Z9302745273,407.38,407.38,-0.608,-3.538,3,5,137.4,3,https://real.enamine.net/public-enum-files/Z9302745273
CCCC=1N=COC1C(=O)N2CC=3OC=C(C(=O)NC4CCC(=O)NC4=O)C3C2,Z9302745277,400.386,400.386,-0.635,-3.41,2,5,134.75,5,https://real.enamine.net/public-enum-files/Z9302745277
O=C(COC=1C=CSN1)NCC2=CC(=NO2)C(=O)NC3CCC(=O)NC3=O,Z9302745303,393.376,393.376,-1.43,-2.479,3,7,152.52,7,https://real.enamine.net/public-enum-files/Z9302745303
O=C(NCC=1C=NNC1C(=O)NC2CCC(=O)NC2=O)C3=COC=4COCC34,Z9302745318,387.348,387.348,-1.478,-2.252,4,6,155.42,5,https://real.enamine.net/public-enum-files/Z9302745318
O=C(NC1CCC(=O)NC1=O)C=2C(=NN(CCO)C2C(F)F)C(F)(F)F,Z1543481036,384.259,384.259,-2.315,-2.241,3,5,113.32,6,https://real.enamine.net/public-enum-files/Z1543481036
CC=1N=C(SC1C(=O)NC2CCC(=O)NC2=O)C=3C(=O)N(C)N=C(C)C3C,Z1474293822,389.431,389.431,-0.47,-2.787,2,6,120.83,3,https://real.enamine.net/public-enum-files/Z1474293822
O=C(NC1CCC(=O)NC1=O)C2=CC(=C(S2)N3CCOCC3)C=4C=CC=CC4,Z1474299319,399.465,399.465,1.594,-5.377,2,5,87.74,4,
COC=1C=CC(OC)=C(C1)C2=NN(C=C2C(=O)NC3CCC(=O)NC3=O)C=4C=CC=CC4,Z1474295360,434.446,434.446,1.775,-4.418,2,6,111.55,6,https://real.enamine.net/public-enum-files/Z1474295360
CCCN1C(C)=C(C(=O)NC2CCC(=O)NC2=O)C=3C=C(C=CC31)OC,Z1474295531,357.404,357.404,2.202,-3.07,2,4,89.43,5,https://real.enamine.net/public-enum-files/Z1474295531
CCC=1C=CC(=CC1)C2=NN(C=C2C(=O)NC3CCC(=O)NC3=O)C=4C=CC=CC4C,Z1474299242,416.473,416.473,3.852,-5.713,2,4,93.09,5,https://real.enamine.net/public-enum-files/Z1474299242
CC1=C(N=NN1C=2C=CC=3N=CC=CC3C2)C(=O)NC4CCC(=O)NC4=O,Z1474301883,364.359,364.359,0.377,-3.028,2,6,118.87,3,https://real.enamine.net/public-enum-files/Z1474301883
CC1=NN(C(=C1C(=O)NC2CCC(=O)NC2=O)C(F)F)C=3C=CC=C(F)C3,Z1474294834,380.322,380.322,0.625,-3.528,2,4,93.09,4,https://real.enamine.net/public-enum-files/Z1474294834
O=C(NC1CCC(=O)NC1=O)C2=COC(=N2)C=3C=CC=CC3Cl,Z1602462027,333.727,333.727,1.558,-3.914,2,4,101.3,3,https://real.enamine.net/public-enum-files/Z1602462027
O=C(NC1CCC(=O)NC1=O)C=2C=CN(N2)C=3C=CC=CC3C(F)(F)F,Z1669472748,366.295,366.295,1.651,-3.705,2,4,93.09,4,https://real.enamine.net/public-enum-files/Z1669472748
CCOC=1C=CC=CC1C(=O)NC=2C=CSC2C(=O)NC3CCC(=O)NC3=O,Z1690799146,401.438,401.438,1.732,-4.487,3,5,113.6,6,https://real.enamine.net/public-enum-files/Z1690799146
CC=1N=C(OC1C(=O)NC2CCC(=O)NC2=O)C=3C=NN(C)C3,Z1727213937,317.301,317.301,-1.13,-1.478,2,5,119.12,3,https://real.enamine.net/public-enum-files/Z1727213937
O=C(NC1CCC(=O)NC1=O)C=2C=NN(C2C(F)F)C=3C=CN=CC3,Z1906653096,349.293,349.293,-0.724,-1.892,2,5,105.98,4,https://real.enamine.net/public-enum-files/Z1906653096
CCCC=1ON=C(C1C(=O)NC2CCC(=O)NC2=O)C=3C(Cl)=CC=CC3Cl,Z1972573542,410.251,410.251,2.553,-5.362,2,4,101.3,4,https://real.enamine.net/public-enum-files/Z1972573542
O=C(NC1CCC(=O)NC1=O)C2=CC=C(O2)C3=NC4=CC=CC=C4S3,Z1474139799,355.37,355.37,1.778,-4.431,2,4,101.3,3,https://real.enamine.net/public-enum-files/Z1474139799
O=C(NC1CCC(=O)NC1=O)C=2C(=NN(C2C(F)(F)F)C=3C=CC=CC3)C(F)(F)F,Z1474305050,434.293,434.293,0.18,-4.753,2,4,93.09,5,https://real.enamine.net/public-enum-files/Z1474305050
CN(C)C=1N=CN=C2C1C=C(C(=O)NC3CCC(=O)NC3=O)N2C,Z1474305073,330.343,330.343,0.352,-2.772,2,6,109.22,3,https://real.enamine.net/public-enum-files/Z1474305073
CC=1C=CC(=CC1Cl)N2N=CC(C(=O)NC3CCC(=O)NC3=O)=C2C4CC4,Z1474297695,386.833,386.833,1.983,-3.818,2,4,93.09,4,https://real.enamine.net/public-enum-files/Z1474297695
O=C(NC1CCC(=O)NC1=O)C=2C=C(COC3=CC=C(Cl)C=C3Cl)ON2,Z1474303715,398.197,398.197,2.066,-4.328,2,5,110.53,5,https://real.enamine.net/public-enum-files/Z1474303715
CS(=O)(=O)C=1SC=CC1C(=O)NC2CCC(=O)NC2=O,Z3063796110,316.356,316.356,-1.02,-2.368,2,5,109.41,3,https://real.enamine.net/public-enum-files/Z3063796110
COC1=CC=C2C=C(C(=O)NC3CCC(=O)NC3=O)N(C)C2=C1,Z3086176342,315.325,315.325,1.325,-2.626,2,4,89.43,3,https://real.enamine.net/public-enum-files/Z3086176342
CC(C)CC1=CC(=NN1C=2C=CC=CC2)C(=O)NC3CCC(=O)NC3=O,Z3298912985,354.404,354.404,2.413,-4.157,2,4,93.09,5,https://real.enamine.net/public-enum-files/Z3298912985
CC1=CC=2NC(=CC2S1)C(=O)NC3CCC(=O)NC3=O,Z3298912997,291.327,291.327,1.31,-3.551,3,3,91.06,2,https://real.enamine.net/public-enum-files/Z3298912997
O=C(NC1CCC(=O)NC1=O)C2=CC3=CC=CC(OC(F)F)=C3O2,Z3541230349,338.264,338.264,1.345,-4.031,2,4,97.64,4,https://real.enamine.net/public-enum-files/Z3541230349
O=C(NC1CCC(=O)NC1=O)C2=CN(N=C2C(F)F)C(F)F,Z3981606966,322.216,322.216,-1.101,-1.852,2,4,93.09,4,https://real.enamine.net/public-enum-files/Z3981606966
O=C(N[C@@H]1CCC(=O)NC1=O)C2=CN=CO2,Z4052329443,223.186,223.186,-1.369,-1.101,2,4,101.3,2,https://real.enamine.net/public-enum-files/Z4052329443
O=C(NC1CCC(=O)NC1=O)C=2N=NN3C=CC=CC23,Z4890430074,273.248,273.248,-0.424,-1.713,2,5,105.46,2,https://real.enamine.net/public-enum-files/Z4890430074
CCOC=1C=C(SC1C(=O)N[C@@H]2CCC(=O)NC2=O)C=3C=CC=CC3,Z4917767627,358.413,358.413,2.729,-4.78,2,4,84.5,5,https://real.enamine.net/public-enum-files/Z4917767627
CC1=CC(C(=O)N[C@@H]2CCC(=O)NC2=O)=C(O1)C(F)(F)F,Z4917772891,304.222,304.222,-0.091,-2.906,2,3,88.41,3,https://real.enamine.net/public-enum-files/Z4917772891
CC1=C(NC2=CC(F)=CC(F)=C12)C(=O)N[C@@H]3CCC(=O)NC3=O,Z4917781287,321.28,321.28,1.38,-4.205,3,3,91.06,2,https://real.enamine.net/public-enum-files/Z4917781287
CC1=COC(=C1C(=O)N[C@@H]2CCC(=O)NC2=O)C3CC3,Z5754345357,276.288,276.288,-0.154,-2.523,2,3,88.41,3,https://real.enamine.net/public-enum-files/Z5754345357
CCC1=NC(C(=O)NC2CCC(=O)NC2=O)=C3C=CC=CN13,Z5768544813,300.313,300.313,1.355,-2.326,2,4,92.57,3,https://real.enamine.net/public-enum-files/Z5768544813
CC=1SC=C(Cl)C1C(=O)NC2CCC(=O)NC2=O,Z6399620195,286.736,286.736,0.201,-3.192,2,3,75.27,2,https://real.enamine.net/public-enum-files/Z6399620195
N#CC=1N=CNC1C(=O)NC2CCC(=O)NC2=O,Z7579965216,247.211,247.211,-1.252,-1.941,3,5,127.74,2,https://real.enamine.net/public-enum-files/Z7579965216
COC=1C=CC=2NN=C(C(=O)NC3CCC(=O)NC3=O)C2N1,Z7599662546,303.274,303.274,0.659,-2.232,3,6,126.07,3,https://real.enamine.net/public-enum-files/Z7599662546
O=C(NC1CCC(=O)NC1=O)C2=CN(C=N2)CC(F)F,Z7607518521,286.235,286.235,-0.276,-1.862,2,4,93.09,4,https://real.enamine.net/public-enum-files/Z7607518521
O=C(N[C@@H]1CCC(=O)NC1=O)C2=CN(CC=3C=CC(F)=C(C3)C(F)(F)F)N=N2,Z7635663250,399.301,399.301,0.861,-3.249,2,5,105.98,5,https://real.enamine.net/public-enum-files/Z7635663250
CC(C)(C)C1CCC2=C(NN=C2C1)C(=O)NC3CCC(=O)NC3=O,Z7647172964,332.398,332.398,2.473,-3.935,3,4,103.95,3,https://real.enamine.net/public-enum-files/Z7647172964
O=C(NC1CCC(=O)NC1=O)C=2N=CN3C2COC=4C=CC=CC43,Z7760504946,326.308,326.308,1.018,-3.23,2,5,102.32,2,
O=C(NC1CCC(=O)NC1=O)C=2N=NN(N2)C=3C=CC=CC3Br,Z7821282325,379.169,379.169,0.452,-2.649,2,6,118.87,3,https://real.enamine.net/public-enum-files/Z7821282325
COC=1C=CC(=CC1F)C=2C=C(C(=O)NC3CCC(=O)NC3=O)N(C)N2,Z7832102973,360.34,360.34,0.852,-3.239,2,5,102.32,4,https://real.enamine.net/public-enum-files/Z7832102973
CCC1=NON=C1C(=O)NC2CCC(=O)NC2=O,Z7843231506,252.227,252.227,0.13,-1.315,2,5,114.19,3,https://real.enamine.net/public-enum-files/Z7843231506
CCN1N=C(C(=O)NC2CCC(=O)NC2=O)C=3COCCC31,Z7851956254,306.318,306.318,-1.48,-1.345,2,5,102.32,3,https://real.enamine.net/public-enum-files/Z7851956254
CS(C)(=O)=NC1=CC=C(S1)C(=O)NC2CCC(=O)NC2=O,Z7983965723,329.398,329.398,-0.946,-3.496,2,5,104.7,3,https://real.enamine.net/public-enum-files/Z7983965723
CCC=1NC=2C=CC=CC2C1C(=O)NC3CCC(=O)NC3=O,Z8007349307,299.325,299.325,1.142,-3.694,3,3,91.06,3,https://real.enamine.net/public-enum-files/Z8007349307
CN1C=NC(=C1C(=O)NC2CCC(=O)NC2=O)C=3C=CC(F)=CC3,Z8007349335,330.314,330.314,0.926,-3.401,2,4,93.09,3,https://real.enamine.net/public-enum-files/Z8007349335
O=C(N[C@@H]1CCC(=O)NC1=O)C2=CSC=C2C3CCCC3,Z8011444779,306.382,306.382,1.467,-4.044,2,3,75.27,3,https://real.enamine.net/public-enum-files/Z8011444779
O=C(N[C@@H]1CCC(=O)NC1=O)C=2C=NN3C(=CC=CC23)C(F)(F)F,Z8011444795,340.258,340.258,0.835,-3.144,2,4,92.57,3,https://real.enamine.net/public-enum-files/Z8011444795
CC1=C(SC=2C(Br)=CC=CC12)C(=O)NC3CCC(=O)NC3=O,Z8119560326,381.246,381.246,2.513,-5.15,2,3,75.27,2,https://real.enamine.net/public-enum-files/Z8119560326
O=C(NC1CCC(=O)NC1=O)C2=CN3C=C(Br)C=C(Cl)C3=N2,Z8379407195,385.6,385.6,2.143,-3.913,2,4,92.57,2,https://real.enamine.net/public-enum-files/Z8379407195
O=C(NC1CCC(=O)NC1=O)C=2C=NNC2C(F)(F)Cl,Z8506699759,306.653,306.653,-0.067,-2.593,3,4,103.95,3,https://real.enamine.net/public-enum-files/Z8506699759
CC=1C=NC=2NN=C(C(=O)NC3CCC(=O)NC3=O)C2C1,Z8565403143,287.275,287.275,0.17,-2.923,3,5,116.84,2,https://real.enamine.net/public-enum-files/Z8565403143
CCOC1=CC=C2OC(=CC2=C1)C(=O)N[C@@H]3CCC(=O)NC3=O,Z8603092417,316.309,316.309,1.428,-3.753,2,4,97.64,4,https://real.enamine.net/public-enum-files/Z8603092417
O=C(NC1CCC(=O)NC1=O)C2=CC=3N=CN=CC3S2,Z8605674949,290.3,290.3,-0.151,-2.814,2,5,101.05,2,https://real.enamine.net/public-enum-files/Z8605674949
O=C(NC1CCC(=O)NC1=O)C=2NC=NC2C=3C=CC=CC3,Z8622062354,298.297,298.297,0.782,-3.685,3,4,103.95,3,https://real.enamine.net/public-enum-files/Z8622062354
O=C(NC1CCC(=O)NC1=O)C=2N=CNC2C=3C=CN=CC3,Z8636240762,299.285,299.285,-0.569,-2.513,3,5,116.84,3,https://real.enamine.net/public-enum-files/Z8636240762
CC=1C=C(C=CC1F)C=2NN=CC2C(=O)NC3CCC(=O)NC3=O,Z8678954364,330.314,330.314,1.475,-3.774,3,4,103.95,3,https://real.enamine.net/public-enum-files/Z8678954364
O=C(NC1CCC(=O)NC1=O)C=2C=NN(C2)CC3CCCCO3,Z9212542556,320.344,320.344,-0.485,-1.407,2,5,102.32,4,https://real.enamine.net/public-enum-files/Z9212542556
O=C(NC1CCC(=O)NC1=O)C=2N=COC2C=3C=CC=CC3F,Z9212542795,317.273,317.273,0.778,-3.616,2,4,101.3,3,https://real.enamine.net/public-enum-files/Z9212542795
CC(C)CC=1C=CC=2C(N)=C(SC2N1)C(=O)NC3CCC(=O)NC3=O,Z9213009790,360.433,360.433,2.558,-4.536,3,5,114.18,4,https://real.enamine.net/public-enum-files/Z9213009790
O=C(NC1CCC(=O)NC1=O)C2=NNC=3N=CC=C(Cl)C23,Z9213946633,307.693,307.693,0.408,-3.37,3,5,116.84,2,https://real.enamine.net/public-enum-files/Z9213946633
O=C(NC1CCC(=O)NC1=O)C=2N=CSC2NC=3C=NC=CC3,Z9213949051,331.352,331.352,0.987,-2.703,3,6,113.08,4,https://real.enamine.net/public-enum-files/Z9213949051
O=C(NC1CCC(=O)NC1=O)C2=COC=3C(F)=C(Cl)C=CC23,Z9213951574,324.692,324.692,1.828,-4.109,2,3,88.41,2,https://real.enamine.net/public-enum-files/Z9213951574
Cl.O=C(NC1CCC(=O)NC1=O)C2=CN(CCC3CCCCN3)N=N2,Z9302774453,370.835,334.374,-0.784,-1.423,3,6,118.01,5,https://real.enamine.net/public-enum-files/Z9302774453
O=C(NC1CCC(=O)NC1=O)C2=C(NC=3C=NC=CC23)C(F)F,Z9220230330,322.268,322.268,-0.307,-2.745,3,4,103.95,3,https://real.enamine.net/public-enum-files/Z9220230330
CC=1C=C(NC(=O)C=2C=CC=C(F)C2)SC1C(=O)N[C@@H]3CCC(=O)NC3=O,Z9247367117,389.403,389.403,1.21,-5.29,3,4,104.37,4,https://real.enamine.net/public-enum-files/Z9247367117
O=C(NC1CCC(=O)NC1=O)C=2C=NN3C=CNC(=O)C23,Z9275342111,289.248,289.248,-2.563,-1.358,3,5,122.19,2,https://real.enamine.net/public-enum-files/Z9275342111
CC=1SC(=NC1C(=O)NC2CCC(=O)NC2=O)C3=NN=CN3,Z9275346737,320.329,320.329,-0.737,-3.172,3,6,129.73,3,https://real.enamine.net/public-enum-files/Z9275346737
O=C(NC1CCC(=O)NC1=O)C2=CC=C(OC=3C=CC(F)=CC3)S2,Z9275346772,348.351,348.351,2.287,-5.091,2,3,84.5,4,https://real.enamine.net/public-enum-files/Z9275346772
CC1=CC(C)=NC(=N1)N2NC(C(=O)NC3CCC(=O)NC3=O)=C(CCO)C2=O,Z9275348989,388.379,388.379,-2.512,-2.126,4,8,153.62,5,https://real.enamine.net/public-enum-files/Z9275348989
Cl.O=C(NC1CCC(=O)NC1=O)C=2N=NN(C2C(F)F)C3CCNC3,Z9302774531,378.763,342.302,-2.442,-1.663,3,6,118.01,4,https://real.enamine.net/public-enum-files/Z9302774531
O=C(N[C@@H]1CCC(=O)NC1=O)C=2N=NN3CCNC(=O)C23,Z9275403917,292.251,292.251,-3.155,-0.811,3,6,135.08,2,https://real.enamine.net/public-enum-files/Z9275403917
N#CC=1C=CC=NC1C2=CN(CC3=NN4CCCC4=C3C(=O)NC5CCC(=O)NC5=O)N=N2,Z9302744954,445.435,445.435,-1.615,-1.593,2,8,160.48,5,https://real.enamine.net/public-enum-files/Z9302744954
CCOCCOC(C)C(=O)NCC1=NOC=C1C(=O)NC2CCC(=O)NC2=O,Z9302744966,396.396,396.396,-1.944,-1.396,3,7,148.86,10,https://real.enamine.net/public-enum-files/Z9302744966
CCN1C=C(CC(=O)N[C@@H](C)C2=NC(=CO2)C(=O)NC3CCC(=O)NC3=O)N=N1,Z9302745013,403.393,403.393,-2.277,-0.794,3,7,161.11,7,https://real.enamine.net/public-enum-files/Z9302745013
CN1N=CC(CNC(=O)C=2C=C3OCCN3N2)=C1C(=O)NC4CCC(=O)NC4=O,Z9302745069,401.378,401.378,-2.579,-1.912,3,7,149.24,5,https://real.enamine.net/public-enum-files/Z9302745069
O=C(NC1CCC(=O)NC1=O)C2=CN(C=N2)CCNC(=O)C3CC4(CC4)CCO3,Z9302745073,403.433,403.433,-0.376,-2.487,3,6,131.42,6,https://real.enamine.net/public-enum-files/Z9302745073
O=C(NC1CCC(=O)NC1=O)C2=CN(C=N2)CCNC(=O)C=3C=CC=4NN=CC4C3,Z9302745079,409.4,409.4,0.117,-3.342,4,6,150.87,6,https://real.enamine.net/public-enum-files/Z9302745079
O=C(NC1CCC(=O)NC1=O)C=2C=CC=CC2C3=NC=4C=CC(Br)=CC4N3,Z9275367444,427.252,427.252,2.348,-5.823,3,4,103.95,3,
O=C(NC1CCC(=O)NC1=O)C=2C=CC(=NN2)C=3C=NNC3,Z9275367956,300.274,300.274,-0.942,-2.171,3,6,129.73,3,https://real.enamine.net/public-enum-files/Z9275367956
O=C(NC1CCC(=O)NC1=O)C=2C=C(C=C3C=CC=CC23)C=4N=NNN4,Z9275368927,350.332,350.332,0.885,-4.752,3,6,129.73,3,https://real.enamine.net/public-enum-files/Z9275368927
N#CC1=CNC=2C(=CC=CC12)C(=O)NC3CCC(=O)NC3=O,Z9212673516,296.282,296.282,0.324,-3.417,3,4,114.85,2,https://real.enamine.net/public-enum-files/Z9212673516
CCC=1C=C(C=C2C=NNC12)C(=O)NC3CCC(=O)NC3=O,Z9213065226,300.313,300.313,1.37,-3.519,3,4,103.95,3,https://real.enamine.net/public-enum-files/Z9213065226
CC=1C=C(C(=O)NC2CCC(=O)NC2=O)N3N=C(C=C3N1)C(F)(F)F,Z9213085125,355.273,355.273,0.593,-3.281,2,5,105.46,3,https://real.enamine.net/public-enum-files/Z9213085125
CN1N=CC=2N=C(C(=CC21)C(=O)NC3CCC(=O)NC3=O)C(F)F,Z9213090744,337.282,337.282,-0.618,-1.658,2,5,105.98,3,https://real.enamine.net/public-enum-files/Z9213090744
COC=1C=CC(=CC1)C=2C=CC=C(N2)C(=O)NC3CCC(=O)NC3=O,Z9213943207,339.346,339.346,1.925,-3.62,2,5,97.39,4,https://real.enamine.net/public-enum-files/Z9213943207
O=C(NC1CCC(=O)NC1=O)C=2C=CC=C(C2)N=S3(=O)CCCC3,Z9219066381,349.407,349.407,-0.15,-4.139,2,5,104.7,3,https://real.enamine.net/public-enum-files/Z9219066381
O=C(NC1CCC(=O)NC1=O)C2=CC3=CN=CN3C(O)=N2,Z9219829144,289.248,289.248,0.097,-2.213,3,6,125.69,2,https://real.enamine.net/public-enum-files/Z9219829144
COC1=NN=CC(OC)=C1C(=O)NC2CCC(=O)NC2=O,Z9219838864,294.264,294.264,-0.432,-1.622,2,7,119.51,4,https://real.enamine.net/public-enum-files/Z9219838864
O=C(NC1CCC(=O)NC1=O)C=2N=CC=3C=C(Br)C=CC3N2,Z9219906251,363.166,363.166,1.291,-3.451,2,5,101.05,2,https://real.enamine.net/public-enum-files/Z9219906251
O=C(NC1CCC(=O)NC1=O)C=2C=C3NC=CC3=NN2,Z9220092733,273.248,273.248,-0.459,-2.073,3,5,116.84,2,https://real.enamine.net/public-enum-files/Z9220092733
Cl.NCC1=NC=2C=CC(=CC2S1)C(=O)NC3CCC(=O)NC3=O,Z9302782150,354.813,318.353,-0.341,-2.849,3,5,114.18,3,https://real.enamine.net/public-enum-files/Z9302782150
NC=1C=NC(Cl)=C(Cl)C1C(=O)NC2CCC(=O)NC2=O,Z9220211035,317.128,317.128,0.327,-3.16,3,5,114.18,2,https://real.enamine.net/public-enum-files/Z9220211035
O=C(NC1CCC(=O)NC1=O)C=2C(=O)NC=3C=CC=CC3C2O,Z9275339735,315.282,315.282,0.237,-3.119,4,5,124.6,2,https://real.enamine.net/public-enum-files/Z9275339735
O=C(NC1CCC(=O)NC1=O)C2=CN3C(O)=NN=C3C=N2,Z9275342640,290.236,290.236,-0.408,-1.377,3,7,138.58,2,https://real.enamine.net/public-enum-files/Z9275342640
O=C(O)C(F)(F)F.CN1C=NN=C1C=2N=CC=CC2C(=O)NC3CCC(=O)NC3=O,Z9331724259,428.324,314.3,-1.804,-2.609,2,6,118.87,4,https://real.enamine.net/public-enum-files/Z9331724259
O=C(NCC=1C=CC=CC1)NC=2C=CC(O)=C(C2)C(=O)NC3CCC(=O)NC3=O,Z9275348246,396.398,396.398,1.666,-3.637,5,5,136.63,5,https://real.enamine.net/public-enum-files/Z9275348246
CC=1NC(=O)N=C(S)C1C(=O)NC2CCC(=O)NC2=O,Z9275349013,296.304,296.304,-1.922,-2.87,4,5,116.73,2,https://real.enamine.net/public-enum-files/Z9275349013
O=C(NC1CCC(=O)NC1=O)C2=CC(F)=C3OCC(=O)NC3=C2,Z9275351279,321.261,321.261,-0.546,-2.8,3,5,113.6,2,https://real.enamine.net/public-enum-files/Z9275351279
O=C(NC1CCC(=O)NC1=O)C=2C=CC(=CC2)OC=3C=CC(=CN3)C=4N=NNN4,Z9275368923,393.357,393.357,0.312,-4.164,3,7,151.85,5,https://real.enamine.net/public-enum-files/Z9275368923
Cl.NCCN1C=C(Br)C=C(C(=O)NC2CCC(=O)NC2=O)C1=O,Z9302782195,407.647,371.187,-1.034,-2.354,3,5,121.6,4,https://real.enamine.net/public-enum-files/Z9302782195
O=C(NC1CCC(=O)NC1=O)C=2C=CC=C(C2)OC3=CC=CC(Cl)=C3C=4N=NNN4,Z9275369001,426.814,426.814,1.712,-5.441,3,6,138.96,5,https://real.enamine.net/public-enum-files/Z9275369001
CC(OC=1C=CC=2CCCC2C1)C(=O)NCC=3C=CC(=CC3)C(=O)NC4CCC(=O)NC4=O,Z9288472281,449.5,449.5,2.091,-5.731,3,5,113.6,7,https://real.enamine.net/public-enum-files/Z9288472281
COCC(C(=O)NCC=1C=CC(=CC1)C(=O)NC2CCC(=O)NC2=O)C=3C=CC=C(F)C3,Z9288483851,441.453,441.453,0.971,-3.826,3,5,113.6,8,https://real.enamine.net/public-enum-files/Z9288483851
CC1=NC=2C(O)=CC(=CC2N1C)C(=O)NCC=3C=CC(=CC3)C(=O)NC4CCC(=O)NC4=O,Z9288501202,449.46,449.46,1.23,-3.132,4,6,142.42,5,https://real.enamine.net/public-enum-files/Z9288501202
O=C(NCC=1C=CC(=CC1)C(=O)NC2CCC(=O)NC2=O)C=3C(O)=CC=C4CCCC34,Z9288521469,421.447,421.447,2.53,-5.044,4,5,124.6,5,https://real.enamine.net/public-enum-files/Z9288521469
COC1COC2=CC(=NN2C1)C(=O)NCC=3C=CC(=CC3)C(=O)NC4CCC(=O)NC4=O,Z9288522257,441.438,441.438,-0.624,-3.527,3,7,140.65,6,https://real.enamine.net/public-enum-files/Z9288522257
O=C(NC1CCC(=O)NC1=O)C=2C=CC(=CC2)CNC(=O)C(F)(F)CCN3C=CN=N3,Z9288523941,434.398,434.398,-0.577,-2.823,3,6,135.08,8,https://real.enamine.net/public-enum-files/Z9288523941
CC1=NOC(=N1)C=2C=CC=CC2C(=O)NCC=3C=CC(=CC3)C(=O)NC4CCC(=O)NC4=O,Z9288527266,447.444,447.444,0.332,-4.805,3,6,143.29,6,https://real.enamine.net/public-enum-files/Z9288527266
O=C(NC1CCC(=O)NC1=O)C=2C=CC(=CC2)CNC(=O)C3CS(=O)(=O)CC43CC4,Z9288534278,433.48,433.48,-0.932,-2.548,3,6,138.51,5,https://real.enamine.net/public-enum-files/Z9288534278
O=C(NC1CCC(=O)NC1=O)C=2C=CC(=CC2)CNC(=O)C3=CN=C(O)C=4NCCCC34,Z9288556233,437.45,437.45,1.513,-3.007,5,7,149.52,5,https://real.enamine.net/public-enum-files/Z9288556233
O=C(COC1CCCC=2C=CC=CC21)NCC=3C=CC(=CC3)C(=O)NC4CCC(=O)NC4=O,Z9288563584,449.5,449.5,1.734,-4.695,3,5,113.6,7,https://real.enamine.net/public-enum-files/Z9288563584
CN1C=C(C(=O)NCC=2C=CC(=CC2)C(=O)NC3CCC(=O)NC3=O)C(=N1)OCC(F)F,Z9288582085,449.409,449.409,-0.159,-3.615,3,6,131.42,8,https://real.enamine.net/public-enum-files/Z9288582085
CC(C)OCC1=NC(=CS1)C(=O)NCC=2C=CC(=CC2)C(=O)NC3CCC(=O)NC3=O,Z9288587335,444.506,444.506,0.846,-3.222,3,6,126.49,8,https://real.enamine.net/public-enum-files/Z9288587335
CC(CN1C=CC=N1)C(=O)NCC=2C=NC=C(C2)C(=O)NC3CCC(=O)NC3=O,Z9302745940,398.417,398.417,-0.959,-1.544,3,6,135.08,7,https://real.enamine.net/public-enum-files/Z9302745940
C[C@@H](C(=O)N1CCN(CC1)C2=CC=C(C=N2)C(=O)NC3CCC(=O)NC3=O)N4C=NN=N4,Z9302746095,441.445,441.445,-0.466,-2.282,2,9,155.31,5,https://real.enamine.net/public-enum-files/Z9302746095
N#CC=1C=CC=C(C1)CC(=O)NCC=2N=CC(=CN2)C(=O)NC3CCC(=O)NC3=O,Z9302748883,406.396,406.396,-1.318,-2.516,3,7,153.94,6,https://real.enamine.net/public-enum-files/Z9302748883
CC(C)(OCC=1C=CC=CC1)C2=CN(N=N2)C=3C=CC(=CC3)C(=O)NC4CCC(=O)NC4=O,Z9302750209,447.488,447.488,2.11,-4.013,2,6,115.21,7,https://real.enamine.net/public-enum-files/Z9302750209
CCC=1C=C(C(=O)NC2CCC(=O)NC2=O)C=3C(CC(C)(C)C)=NOC3N1,Z2003386207,372.419,372.419,2.71,-3.974,2,5,114.19,5,https://real.enamine.net/public-enum-files/Z2003386207
O=C(NC1CCC(=O)NC1=O)C=2C=CN=C3N=NNC23,Z2028768299,274.236,274.236,-0.993,-1.889,3,6,129.73,2,https://real.enamine.net/public-enum-files/Z2028768299
O=C(NC1CCC(=O)NC1=O)C=2C=CC(=CC2)N3C=NC4=CC=CC=C4C3=O,Z1474292574,376.366,376.366,1.023,-4.661,2,5,107.94,3,https://real.enamine.net/public-enum-files/Z1474292574
O=C(CCCC1=CC=CS1)NC=2C=CC=C(C2)C(=O)NC3CCC(=O)NC3=O,Z1474301629,399.465,399.465,1.644,-4.363,3,4,104.37,7,https://real.enamine.net/public-enum-files/Z1474301629
O=C(NC1CCC(=O)NC1=O)C=2C=NC=3ON=C(C=4C=CC=CC4)C3C2,Z1474295909,350.329,350.329,1.655,-3.97,2,5,114.19,3,https://real.enamine.net/public-enum-files/Z1474295909
COC=1C=CC(CN2N=CC=3C=C(C=NC32)C(=O)NC4CCC(=O)NC4=O)=C(C1)OC,Z1474301424,423.423,423.423,1.283,-3.221,2,7,124.44,6,https://real.enamine.net/public-enum-files/Z1474301424
O=C(NC1CCC(=O)NC1=O)C=2C=C(N=C3N=C(SC23)N4CCCC4)C=5C=CC=NC5,Z1549452671,436.489,436.489,1.547,-4.946,2,7,117.18,4,https://real.enamine.net/public-enum-files/Z1549452671
COC=1C=C(C=C(C(=O)NC2CCC(=O)NC2=O)C1OC)S(=O)(=O)N3CCOCC3,Z1474302277,441.457,441.457,-0.638,-2.61,2,8,140.34,5,https://real.enamine.net/public-enum-files/Z1474302277
COCCN1C(C)=C(C)C=2C=C(C=CC21)C(=O)NC3CCC(=O)NC3=O,Z1474301827,357.404,357.404,1.75,-2.748,2,4,89.43,5,https://real.enamine.net/public-enum-files/Z1474301827
O=C(NC1CCC(=O)NC1=O)C=2C=CC=NC2OC=3C=NC=CC3,Z1474298125,326.308,326.308,-0.014,-2.492,2,5,110.28,4,https://real.enamine.net/public-enum-files/Z1474298125
CCN(CC=1C=CC=CC1)C=2C=CC(=CC2)C(=O)NC3CCC(=O)NC3=O,Z1474294303,365.427,365.427,2.865,-4.272,2,4,78.51,6,https://real.enamine.net/public-enum-files/Z1474294303
O=C(NC1CCC(=O)NC1=O)C=2C=CC=C(C2)OC3CCCCC3,Z1474303473,330.379,330.379,2.441,-3.95,2,4,84.5,4,https://real.enamine.net/public-enum-files/Z1474303473
CC=1C=CC(=CC1NC(=O)NC=2C=CC=CC2)C(=O)NC3CCC(=O)NC3=O,Z1474300456,380.398,380.398,1.361,-4.542,4,4,116.4,4,https://real.enamine.net/public-enum-files/Z1474300456
O=C(NC1CCC(=O)NC1=O)C=2C=CC(=O)N(C2)CCOC3=CC=CC=C3Cl,Z1499081444,403.817,403.817,1.162,-3.638,2,5,104.81,6,https://real.enamine.net/public-enum-files/Z1499081444
NC1=NC(=NC(=N1)C(=O)NC2CCC(=O)NC2=O)N3CCOCC3,Z2229190167,335.319,335.319,-1.505,-2.291,3,9,152.43,3,https://real.enamine.net/public-enum-files/Z2229190167
CC1=CSC2=NC=C(C(=O)NC3CCC(=O)NC3=O)C(=O)N12,Z1602462009,320.326,320.326,-0.665,-2.571,2,5,107.94,2,https://real.enamine.net/public-enum-files/Z1602462009
O=C(NC1CCC(=O)NC1=O)C=2C=CC=3OC(=O)NC3C2,Z2119523382,289.244,289.244,-0.776,-2.985,3,5,113.6,2,https://real.enamine.net/public-enum-files/Z2119523382
O=C(NC1CCC(=O)NC1=O)C=2C=C(N=CN2)NC=3C=CC=CC3,Z2119523506,325.323,325.323,1.825,-3.712,3,6,113.08,4,https://real.enamine.net/public-enum-files/Z2119523506
O=C(O)C(F)(F)F.CC1=C(C=CC2=CN=CN12)C(=O)NC3CCC(=O)NC3=O,Z9352685903,400.31,286.287,0.138,-3.181,2,4,92.57,3,https://real.enamine.net/public-enum-files/Z9352685903
O=C(O)C(F)(F)F.CCOC1=CC=C(C=C1C(=O)NC2CCC(=O)NC2=O)S(=O)(=O)N3CCN(C)CC3,Z9402912275,552.523,438.5,0.703,-2.898,2,7,125.12,6,https://real.enamine.net/public-enum-files/Z9402912275
O=C(NC1CCC(=O)NC1=O)C=2C=CC=C3NC(=NC23)C4=CC=CS4,Z1677669330,354.385,354.385,2.195,-4.228,3,4,103.95,3,https://real.enamine.net/public-enum-files/Z1677669330
CCCOC=1C=CC(C(=O)NC2CCC(=O)NC2=O)=C(C1)OC3CCCC3,Z1840441807,374.432,374.432,2.897,-4.021,2,5,93.73,7,https://real.enamine.net/public-enum-files/Z1840441807
O=C(NC1CCC(=O)NC1=O)C=2C=C3C(=O)NC=NC3=CN2,Z1747237300,301.258,301.258,-1.387,-2.399,3,6,129.62,2,https://real.enamine.net/public-enum-files/Z1747237300
CC1=CC=CN2C=C(COC=3C=CC=CC3C(=O)NC4CCC(=O)NC4=O)N=C12,Z1474140193,392.409,392.409,1.871,-3.951,2,5,101.8,5,https://real.enamine.net/public-enum-files/Z1474140193
COC=1C=CC(=CC1)N(C)S(=O)(=O)C=2C=CC=C(C2)C(=O)NC3CCC(=O)NC3=O,Z1474145450,431.464,431.464,1.245,-4.055,2,6,121.88,5,
O=C(NC1CCC(=O)NC1=O)C=2C=CC=CC2NS(=O)(=O)C=3C=C(F)C=CC3F,Z1474301108,423.393,423.393,1.998,-4.463,3,5,121.44,4,https://real.enamine.net/public-enum-files/Z1474301108
CC=1C=CC=C(C(=O)NC2CCC(=O)NC2=O)C1NC(=O)C=3C=CN=CC3,Z1474304582,366.372,366.372,0.215,-3.454,3,5,117.26,4,https://real.enamine.net/public-enum-files/Z1474304582
CC=1C=CC(=C(C1)C(=O)NC2CCC(=O)NC2=O)N3C=NN=C3,Z1974142681,313.312,313.312,0.087,-3.373,2,5,105.98,3,https://real.enamine.net/public-enum-files/Z1974142681
CC1=CC=2C(Br)=CC=C(C(=O)NC3CCC(=O)NC3=O)C2O1,Z1797800090,365.179,365.179,2.332,-4.298,2,3,88.41,2,https://real.enamine.net/public-enum-files/Z1797800090
CC(C)CN1C=CC=2C(=CC=CC21)C(=O)NC3CCC(=O)NC3=O,Z1892590981,327.378,327.378,2.331,-3.55,2,3,80.2,4,https://real.enamine.net/public-enum-files/Z1892590981
COC=1C=CC(OCC(F)(F)C(F)F)=C(C1)C(=O)NC2CCC(=O)NC2=O,Z2407254800,392.303,392.303,1.457,-4.056,2,5,93.73,7,https://real.enamine.net/public-enum-files/Z2407254800
CN1C(=O)COC=2C=CC(=CC21)C(=O)NC3CCC(=O)NC3=O,Z2708255779,317.297,317.297,-0.611,-2.886,2,5,104.81,2,https://real.enamine.net/public-enum-files/Z2708255779
CC=1N=C(C=CC1C(=O)NC2CCC(=O)NC2=O)OC(C)C(F)(F)F,Z2773305945,359.301,359.301,1.522,-3.461,2,5,97.39,5,https://real.enamine.net/public-enum-files/Z2773305945
CC1=CC(=O)N(C=2C=CC=CC2)C(C)=C1C(=O)NC3CCC(=O)NC3=O,Z2874078572,353.373,353.373,0.796,-3.532,2,4,95.58,3,https://real.enamine.net/public-enum-files/Z2874078572
CCCOC=1N=C2C=CC=CC2=CC1C(=O)NC3CCC(=O)NC3=O,Z2957850656,341.362,341.362,2.633,-4.152,2,5,97.39,5,https://real.enamine.net/public-enum-files/Z2957850656
O=C(NC1CCC(=O)NC1=O)C=2C(Cl)=CC=CC2OCC3CC3,Z2976559212,336.77,336.77,1.332,-4.093,2,4,84.5,5,https://real.enamine.net/public-enum-files/Z2976559212
O=C(NC1CCC(=O)NC1=O)C=2C=NC=3C=CC(F)=CC3C2C(F)(F)F,Z3086176440,369.271,369.271,0.781,-4.178,2,4,88.16,3,https://real.enamine.net/public-enum-files/Z3086176440
CC=1C=CC=2C(=CC=NC2C1Cl)C(=O)NC3CCC(=O)NC3=O,Z3193466589,331.754,331.754,2.111,-3.906,2,4,88.16,2,https://real.enamine.net/public-enum-files/Z3193466589
O=C(NC1CCC(=O)NC1=O)C=2C(Br)=CC=C3OCOC23,Z4303252283,355.141,355.141,0.439,-3.806,2,5,93.73,2,https://real.enamine.net/public-enum-files/Z4303252283
CC1=NC=2C=CC=C(C(=O)NC3CCC(=O)NC3=O)C2C1(C)C,Z4307275053,313.352,313.352,1.177,-2.943,2,4,87.63,2,https://real.enamine.net/public-enum-files/Z4307275053
O=C(NC1CCC(=O)NC1=O)C=2C=CC=3C=CN(CC(F)F)C3C2,Z4423455269,335.306,335.306,1.449,-3.329,2,3,80.2,4,https://real.enamine.net/public-enum-files/Z4423455269
CC(C)OC=1N=CC=C(C(=O)NC2CCC(=O)NC2=O)C1F,Z4484640150,309.294,309.294,0.679,-2.513,2,5,97.39,4,https://real.enamine.net/public-enum-files/Z4484640150
CC1(C)CCC=2C=CC(=CC2O1)C(=O)NC3CCC(=O)NC3=O,Z5503356360,316.352,316.352,1.992,-3.389,2,4,84.5,2,https://real.enamine.net/public-enum-files/Z5503356360
COC=1C=CC(F)=C(N1)C(=O)NC2CCC(=O)NC2=O,Z5851068961,281.24,281.24,0.041,-2.254,2,5,97.39,3,https://real.enamine.net/public-enum-files/Z5851068961
O=C(NC1CCC(=O)NC1=O)C=2C(F)=CC=C3OC=CC23,Z7573339183,290.247,290.247,0.703,-3.487,2,3,88.41,2,https://real.enamine.net/public-enum-files/Z7573339183
NC=1C(Br)=CC=C(Cl)C1C(=O)NC2CCC(=O)NC2=O,Z7577206008,360.591,360.591,0.861,-3.904,3,4,101.29,2,https://real.enamine.net/public-enum-files/Z7577206008
COC=1C=CC=2N=CC=C(C(=O)NC3CCC(=O)NC3=O)C2N1,Z7591399423,314.297,314.297,0.959,-2.181,2,6,110.28,3,https://real.enamine.net/public-enum-files/Z7591399423
COC1=CC=C(C(=O)NC2CCC(=O)NC2=O)N3N=CC=C13,Z7597420266,302.286,302.286,-0.121,-2.216,2,5,101.8,3,https://real.enamine.net/public-enum-files/Z7597420266
O=C(NC1CCC(=O)NC1=O)C=2C(=CC=C3C=CC=CC23)C(F)F,Z7789919785,332.302,332.302,1.237,-4.727,2,3,75.27,3,https://real.enamine.net/public-enum-files/Z7789919785
O=C(NC1CCC(=O)NC1=O)C=2N=CN=C3C=CNC23,Z8119443214,273.248,273.248,-0.055,-2.292,3,5,116.84,2,https://real.enamine.net/public-enum-files/Z8119443214
O=C(NC1CCC(=O)NC1=O)C=2C=C(N=CC2Cl)NC3CC3,Z8302824481,322.747,322.747,0.508,-2.972,3,5,100.19,4,https://real.enamine.net/public-enum-files/Z8302824481
O=C(NC1CCC(=O)NC1=O)C=2C=CN=C3NN=C(Br)C23,Z8310143157,352.144,352.144,0.581,-3.975,3,5,116.84,2,https://real.enamine.net/public-enum-files/Z8310143157
O=C(NC1CCC(=O)NC1=O)C=2C=C(Br)C=C3CCCOC23,Z8344226294,367.195,367.195,1.953,-3.92,2,4,84.5,2,https://real.enamine.net/public-enum-files/Z8344226294
O=C(NC1CCC(=O)NC1=O)C=2C=CC=C3NC(=CC23)C(F)(F)F,Z8555688176,339.27,339.27,1.62,-4.492,3,3,91.06,3,https://real.enamine.net/public-enum-files/Z8555688176
COCC=1C=C(Cl)C=C(C1)C(=O)NC2CCC(=O)NC2=O,Z8562711210,310.733,310.733,0.921,-2.89,2,4,84.5,4,https://real.enamine.net/public-enum-files/Z8562711210
CCN1C=NC=2C(=NC=NC21)C(=O)NC3CCC(=O)NC3=O,Z8579887151,302.289,302.289,-0.578,-2.334,2,6,118.87,3,https://real.enamine.net/public-enum-files/Z8579887151
O=C(NC1CCC(=O)NC1=O)C=2C=CC(=CN2)C(F)C(F)(F)F,Z8589243957,333.239,333.239,0.62,-2.82,2,4,88.16,4,https://real.enamine.net/public-enum-files/Z8589243957
O=C(NC1CCC(=O)NC1=O)C=2C=CN3N=CC(Cl)=C3N2,Z8628781997,307.693,307.693,0.258,-2.533,2,5,105.46,2,https://real.enamine.net/public-enum-files/Z8628781997
CC=1C(=CC=CC1N2CCC(=O)NC2=O)C(=O)NC3CCC(=O)NC3=O,Z8635769859,358.349,358.349,-1.962,-3.192,3,5,124.68,3,https://real.enamine.net/public-enum-files/Z8635769859
CN1CC=2C=C(C=CC2N(C)S1(=O)=O)C(=O)NC3CCC(=O)NC3=O,Z8661662911,366.394,366.394,-1.35,-2.547,2,5,115.89,2,https://real.enamine.net/public-enum-files/Z8661662911
COC=1C=CC=C(C(=O)NC2CCC(=O)NC2=O)C1N3C=CC=N3,Z8666589045,328.323,328.323,0.663,-2.474,2,5,102.32,4,
CC=1C(Cl)=CC=C(C(=O)NC2CCC(=O)NC2=O)C1OCC=3C=CC=CC3,Z8668689416,386.829,386.829,3.456,-5.044,2,4,84.5,5,https://real.enamine.net/public-enum-files/Z8668689416
CN1C=NC=2C=C(C(=CC21)C(=O)NC3CCC(=O)NC3=O)C(F)(F)F,Z8705341427,354.285,354.285,-0.085,-3.302,2,4,93.09,3,https://real.enamine.net/public-enum-files/Z8705341427
CC=1N=NC(NCC=2C=CC=CC2)=C(C(=O)NC3CCC(=O)NC3=O)C1C,Z8751200334,367.403,367.403,1.962,-3.529,3,6,113.08,5,https://real.enamine.net/public-enum-files/Z8751200334
O=C(NC1CCC(=O)NC1=O)C=2C=CC(=CC2F)NC3=NC=CS3,Z9212525038,348.354,348.354,0.963,-3.839,3,5,100.19,4,https://real.enamine.net/public-enum-files/Z9212525038
CS(C)(=O)=NC=1C=CN=C(C1)C(=O)NC2CCC(=O)NC2=O,Z9213091549,324.357,324.357,-1.187,-2.004,2,6,117.59,3,https://real.enamine.net/public-enum-files/Z9213091549
O=C(NC1CCC(=O)NC1=O)C=2N=CC=NC2C=3C=CN=CC3,Z9213941093,311.296,311.296,-0.734,-1.299,2,6,113.94,3,https://real.enamine.net/public-enum-files/Z9213941093
O=C(NC1CCC(=O)NC1=O)C=2C=C(Cl)C=C3C=CN=CC23,Z9213949124,317.727,317.727,1.233,-3.751,2,4,88.16,2,https://real.enamine.net/public-enum-files/Z9213949124
O=C(NC1CCC(=O)NC1=O)C=2C=CC=CC2N3N=NN=C3C(F)(F)F,Z9213985174,368.272,368.272,0.803,-2.888,2,6,118.87,4,https://real.enamine.net/public-enum-files/Z9213985174
Cl.NCC1=CN2C(=CC=CC2=N1)C(=O)NC3CCC(=O)NC3=O,Z9302782134,337.762,301.301,-0.729,-2.58,3,5,118.59,3,https://real.enamine.net/public-enum-files/Z9302782134
O=C(NC1CCC(=O)NC1=O)C=2N=CN=C3CCCC23,Z9219406913,274.276,274.276,0.036,-2.196,2,5,101.05,2,https://real.enamine.net/public-enum-files/Z9219406913
O=C(NC1CCC(=O)NC1=O)C=2C=CC=3OC=CC3N2,Z9219829524,273.245,273.245,0.575,-2.155,2,4,101.3,2,https://real.enamine.net/public-enum-files/Z9219829524
CC1CC=2C(=CC=CC2CO1)C(=O)NC3CCC(=O)NC3=O,Z9220390492,302.326,302.326,0.2,-2.625,2,4,84.5,2,https://real.enamine.net/public-enum-files/Z9220390492
O=C(NC1CCC(=O)NC1=O)C2=CN=CC3=NC=CN23,Z9220453650,273.248,273.248,-0.452,-1.059,2,5,105.46,2,https://real.enamine.net/public-enum-files/Z9220453650
O=C(NC1CCC(=O)NC1=O)C2=CC(=O)N3N=CC=C3N2,Z9275339224,289.248,289.248,-2.223,-2.229,3,6,122.19,2,https://real.enamine.net/public-enum-files/Z9275339224
O=C(NC1CCC(=O)NC1=O)C=2C=C3COCCC3=NN2,Z9275339235,290.275,290.275,-1.901,-1.624,2,6,110.28,2,https://real.enamine.net/public-enum-files/Z9275339235
O=C(NC1CCC(=O)NC1=O)C2=CC=3C=CC=C(C3NC2=O)C(F)(F)F,Z9275340545,367.28,367.28,0.369,-4.529,3,4,104.37,3,https://real.enamine.net/public-enum-files/Z9275340545
CN1C=NC=2C=CC(=CC2C1=O)C(=O)NC3CCC(=O)NC3=O,Z9275344197,314.297,314.297,-0.796,-2.794,2,5,107.94,2,https://real.enamine.net/public-enum-files/Z9275344197
O=C(NC1CCC(=O)NC1=O)C=2N=C(N=CC2Cl)C=3C=CC=CC3,Z9275345146,344.753,344.753,1.032,-4.321,2,5,101.05,3,https://real.enamine.net/public-enum-files/Z9275345146
COC=1C=C(C=C2NC(=O)NC12)C(=O)NC3CCC(=O)NC3=O,Z9275345320,318.285,318.285,-0.438,-3.092,4,5,125.63,3,https://real.enamine.net/public-enum-files/Z9275345320
O=C(CN1C=NN=N1)NC=2C=CC=CC2C(=O)NC3CCC(=O)NC3=O,Z9275346199,357.325,357.325,-0.664,-2.226,3,7,147.97,5,https://real.enamine.net/public-enum-files/Z9275346199
COC=1C=CN=C(N1)NC=2C=CC(=CC2)C(=O)NC3CCC(=O)NC3=O,Z9275346336,355.349,355.349,1.528,-3.936,3,7,122.31,5,https://real.enamine.net/public-enum-files/Z9275346336
O=C(NC1CCC(=O)NC1=O)C=2C=C(C=CN2)NCC=3C=CC=CC3,Z9275349123,338.361,338.361,1.778,-2.928,3,5,100.19,5,https://real.enamine.net/public-enum-files/Z9275349123
NC1=C(C=NN2C(Br)=CC=C12)C(=O)NC3CCC(=O)NC3=O,Z9275355977,366.17,366.17,0.317,-3.437,3,5,118.59,2,https://real.enamine.net/public-enum-files/Z9275355977
Cl.NCC=1N=CC(C(=O)NC2CCC(=O)NC2=O)=C(N1)C(F)(F)F,Z9302782200,367.712,331.251,-2.667,-2.32,3,6,127.07,4,https://real.enamine.net/public-enum-files/Z9302782200
CC(C)C=1C=CC=2SC(=CC2C1)C=3C=CC=CC3C(=O)NC4CCC(=O)NC4=O,Z9275540983,406.499,406.499,4.342,-7.32,2,3,75.27,4,https://real.enamine.net/public-enum-files/Z9275540983
CC=1C=C(C(=O)NCC=2C=CC(=CC2)C(=O)NC3CCC(=O)NC3=O)N4N=CC(C#N)=C4N1,Z9288480552,445.432,445.432,-0.146,-3.884,3,7,158.35,5,https://real.enamine.net/public-enum-files/Z9288480552
O=C(O)C(F)(F)F.O=C(NC1CCC(=O)NC1=O)C=2C=CC(=CC2)CNC(=O)C3CCC=4C=NC=CC4N3,Z9345475129,535.474,421.45,0.403,-3.76,4,6,129.29,6,
CCC(OC=1C=CC=CC1C)C(=O)NCC=2C=CC(=CC2)C(=O)NC3CCC(=O)NC3=O,Z9288509094,437.489,437.489,2.106,-5.043,3,5,113.6,8,https://real.enamine.net/public-enum-files/Z9288509094
O=C(NCC=1C=CC(=CC1)C(=O)NC2CCC(=O)NC2=O)NCC=3N=CC=4CCCC4N3,Z9288509153,436.465,436.465,-0.487,-3.113,4,6,142.18,6,https://real.enamine.net/public-enum-files/Z9288509153
O=C(COCC1=NC(=NO1)C2CC2)NCC=3C=CC(=CC3)C(=O)NC4CCC(=O)NC4=O,Z9288513664,441.438,441.438,-1.174,-2.754,3,7,152.52,9,https://real.enamine.net/public-enum-files/Z9288513664
COC=1C=CC=2NN=C(C(=O)NCC=3C=CC(=CC3)C(=O)NC4CCC(=O)NC4=O)C2N1,Z9288519833,436.422,436.422,1.346,-3.918,4,7,155.17,6,https://real.enamine.net/public-enum-files/Z9288519833
CN1N=CC=2CCCC(C(=O)NCC=3C=CC(=CC3)C(=O)NC4CCC(=O)NC4=O)C21,Z9288522713,423.466,423.466,-0.358,-3.043,3,5,122.19,5,https://real.enamine.net/public-enum-files/Z9288522713
CN1C(=CC=2COCCC21)C(=O)NCC=3C=CC(=CC3)C(=O)NC4CCC(=O)NC4=O,Z9288553841,424.451,424.451,0.06,-2.946,3,5,118.53,5,https://real.enamine.net/public-enum-files/Z9288553841
CN1C=C2C(=O)NC(CC2=N1)C(=O)NCC=3C=CC(=CC3)C(=O)NC4CCC(=O)NC4=O,Z9288583704,438.438,438.438,-1.852,-2.592,4,6,151.29,5,https://real.enamine.net/public-enum-files/Z9288583704
O=C(NC1CCC(=O)NC1=O)C=2C=NC=C(C2)CNC(=O)C3CCC=4C=CC=CC43,Z9302745926,406.435,406.435,0.445,-3.301,3,5,117.26,5,https://real.enamine.net/public-enum-files/Z9302745926
CCOC1(CCOC1)C2=CN(CC=3C=CC(=CC3)C(=O)NC4CCC(=O)NC4=O)N=N2,Z9302746009,427.455,427.455,-0.591,-2.606,2,7,124.44,7,https://real.enamine.net/public-enum-files/Z9302746009
O=C(O)C(F)(F)F.O=C(NC1CCC(=O)NC1=O)C2=CC=C(CNC(=O)C3CCC4=NC=CN43)N=C2,Z9311796128,510.424,396.401,-1.72,-2.229,3,6,135.08,6,https://real.enamine.net/public-enum-files/Z9311796128
O=C(COCC1CCCO1)NCC=2C=NC=C(C2)C(=O)NC3CCC(=O)NC3=O,Z9302746161,404.418,404.418,-1.202,-1.624,3,7,135.72,8,https://real.enamine.net/public-enum-files/Z9302746161
CC=1C=CC(C(=O)NC2CCC(=O)NC2=O)=C(C1)N3C=C(N=N3)C=4C=CC(F)=C5NN=CC45,Z9302748185,447.423,447.423,2.638,-5.14,3,6,134.66,4,https://real.enamine.net/public-enum-files/Z9302748185
NC1=NC(=NN1)C(=O)NCC=2C=CC=C(C2)C=3C=CC=C(C3)C(=O)NC4CCC(=O)NC4=O,Z9302749220,447.448,447.448,1.23,-5.223,5,7,171.96,6,https://real.enamine.net/public-enum-files/Z9302749220
CCNC=1C=CC(Cl)=CC1C(=O)NC2CCC(=O)NC2=O,Z1269644062,309.748,309.748,1.861,-3.096,3,4,87.3,4,https://real.enamine.net/public-enum-files/Z1269644062
CC1=NN=NN1C2=CC(=CC(=C2)C(F)(F)F)C(=O)NC3CCC(=O)NC3=O,Z1987197687,382.298,382.298,0.782,-2.795,2,6,118.87,4,https://real.enamine.net/public-enum-files/Z1987197687
O=C(NC1CCC(=O)NC1=O)C=2C=C(F)C=C3NN=NC23,Z2003386159,291.239,291.239,0.141,-2.778,3,5,116.84,2,https://real.enamine.net/public-enum-files/Z2003386159
O=C(O)C(F)(F)F.O=C(NC1CCC(=O)NC1=O)C=2C=CC3=CN=CN3C2,Z9401832854,386.283,272.26,-0.021,-3.05,2,4,92.57,3,https://real.enamine.net/public-enum-files/Z9401832854
CC=1C=C(C#N)C=NC1C(=O)NC2CCC(=O)NC2=O,Z2223371931,272.26,272.26,-0.443,-1.96,2,5,111.95,2,https://real.enamine.net/public-enum-files/Z2223371931
COC=1C=CC=CC1N(C)S(=O)(=O)C=2C=CC(C)=C(C2)C(=O)NC3CCC(=O)NC3=O,Z1474295284,445.491,445.491,1.334,-4.533,2,6,121.88,5,https://real.enamine.net/public-enum-files/Z1474295284
O=C(NC1CCC(=O)NC1=O)C=2C=CC=C(C2)CN3CCCC3=O,Z1474297267,329.351,329.351,-0.893,-2.737,2,4,95.58,4,https://real.enamine.net/public-enum-files/Z1474297267
O=C(NC1CCC(=O)NC1=O)C=2C=CC=C(C2)S(=O)(=O)N3CCC=4SC=CC4C3,Z1474301373,433.504,433.504,1.462,-4.165,2,5,112.65,3,https://real.enamine.net/public-enum-files/Z1474301373
CCN(CC)S(=O)(=O)C1=CC=C(NCCOC)C(=C1)C(=O)NC2CCC(=O)NC2=O,Z1474297637,440.516,440.516,1.128,-2.659,3,7,133.91,9,https://real.enamine.net/public-enum-files/Z1474297637
CC(C)C1=NOC=2N=C(C=C(C(=O)NC3CCC(=O)NC3=O)C12)C4=CC=CO4,Z1474300170,382.371,382.371,2.238,-4.029,2,5,127.33,4,https://real.enamine.net/public-enum-files/Z1474300170
O=C(NC1CCC(=O)NC1=O)C=2C=CC(=CC2)N3CCCC=4C=CC=CC43,Z1474298789,363.411,363.411,3.001,-4.644,2,4,78.51,3,https://real.enamine.net/public-enum-files/Z1474298789
CCC1=NNC(=O)C(C(=O)NC2CCC(=O)NC2=O)=C1CC,Z1474300673,306.318,306.318,-1.179,-2.715,3,5,116.73,4,https://real.enamine.net/public-enum-files/Z1474300673
O=C(NC1CCC(=O)NC1=O)C=2C=C(N=C3C2N=C4CCCCCN34)C5CC5,Z1474299552,381.429,381.429,1.742,-3.301,2,5,105.98,3,https://real.enamine.net/public-enum-files/Z1474299552
CC(C)OC=1C=CC(=CC1C(=O)NC2CCC(=O)NC2=O)S(C)(=O)=O,Z1591346185,368.407,368.407,0.013,-2.544,2,6,118.64,5,https://real.enamine.net/public-enum-files/Z1591346185
O=C(O)C(F)(F)F.CN1CCC=2NC=3C=CC(=CC3C2C1)C(=O)NC4CCC(=O)NC4=O,Z9401833138,454.401,340.377,0.289,-3.659,3,4,94.3,3,https://real.enamine.net/public-enum-files/Z9401833138
CC=1C=CC(=CC1C)NS(=O)(=O)C=2C=CC(Cl)=C(C2)C(=O)NC3CCC(=O)NC3=O,Z1474145602,449.909,449.909,2.202,-5.683,3,5,121.44,4,https://real.enamine.net/public-enum-files/Z1474145602
CCCCC=1C=CC(=CC1)NS(=O)(=O)C=2C=CC=C(C2)C(=O)NC3CCC(=O)NC3=O,Z1474142343,443.518,443.518,3.33,-5.993,3,5,121.44,7,https://real.enamine.net/public-enum-files/Z1474142343
COCCS(=O)(=O)C=1C=CC(Cl)=C(C(=O)NC2CCC(=O)NC2=O)C1Cl,Z1474302001,423.269,423.269,-0.61,-3.546,2,6,118.64,6,https://real.enamine.net/public-enum-files/Z1474302001
CC=1C=CC=C(C1C)N2C(=O)C=3C=CC(=CC3N=C2S)C(=O)NC4CCC(=O)NC4=O,Z1474293690,436.486,436.486,2.984,-6.356,3,5,107.94,2,https://real.enamine.net/public-enum-files/Z1474293690
CC=1C=C(C=CC1C(=O)NC2CCC(=O)NC2=O)NS(=O)(=O)C(F)(F)F,Z1474291088,393.34,393.34,1.509,-4.005,3,5,121.44,4,https://real.enamine.net/public-enum-files/Z1474291088
CC1=C(N=C2C=CC(Br)=CC2=C1C(=O)NC3CCC(=O)NC3=O)C4CC4,Z1474291161,416.269,416.269,2.814,-4.761,2,4,88.16,3,https://real.enamine.net/public-enum-files/Z1474291161
NC=1C(=O)NC(=O)NC1C(=O)NC2CCC(=O)NC2=O,Z1474291268,281.225,281.225,-2.591,-1.924,5,6,159.49,2,https://real.enamine.net/public-enum-files/Z1474291268
CC1=CC(=C(C)O1)C=2C=C(C(=O)NC3CCC(=O)NC3=O)C=4C=NN(C4N2)C(C)C,Z1474295557,409.439,409.439,2.127,-3.549,2,5,119.12,4,https://real.enamine.net/public-enum-files/Z1474295557
CN(C(=O)C1=CC=C(Br)O1)C=2C=CC=CC2C(=O)NC3CCC(=O)NC3=O,Z1474295976,434.241,434.241,0.557,-5.323,2,4,108.72,4,https://real.enamine.net/public-enum-files/Z1474295976
O=C(NC1CCC(=O)NC1=O)C=2C=CC=CC2C3=NC(=NO3)C4=CC=CC(Cl)=C4,Z1474304737,410.811,410.811,2.188,-6.173,2,5,114.19,4,https://real.enamine.net/public-enum-files/Z1474304737
O=C(NC1CCC(=O)NC1=O)C=2C=CC=3C=CN=CC3C2,Z2671644309,283.283,283.283,0.443,-3.035,2,4,88.16,2,https://real.enamine.net/public-enum-files/Z2671644309
CC=1C=CC(C(=O)NC2CCC(=O)NC2=O)=C3NCCCC13,Z4127282275,301.341,301.341,1.096,-2.867,3,4,87.3,2,https://real.enamine.net/public-enum-files/Z4127282275
O=C(NC1CCC(=O)NC1=O)C=2C=C(O)N=C(N2)C=3C=CC(Cl)=CC3,Z9275358314,360.752,360.752,2.47,-4.437,3,6,121.28,3,https://real.enamine.net/public-enum-files/Z9275358314
O=C(NC1CCC(=O)NC1=O)C=2C=CC(=CC2)OCC=3C=CC4=NSN=C4C3,Z6106076353,396.422,396.422,2.014,-4.386,2,6,110.28,5,https://real.enamine.net/public-enum-files/Z6106076353
Cl.O=C(NC1CCC(=O)NC1=O)C=2C=CC(=CC2)OC3CCNC3,Z9302782059,353.801,317.34,0.01,-3.014,3,5,96.53,4,https://real.enamine.net/public-enum-files/Z9302782059
CC1=CN=C2C(C(=O)NC3CCC(=O)NC3=O)=C(Cl)C=CC2=C1,Z7245776627,331.754,331.754,1.112,-3.906,2,4,88.16,2,https://real.enamine.net/public-enum-files/Z7245776627
O=C(NC1CCC(=O)NC1=O)C2=CC=NN3C=CN=C23,Z7584495583,273.248,273.248,-0.976,-1.583,2,5,105.46,2,https://real.enamine.net/public-enum-files/Z7584495583
CNC=1C=NN=CC1C(=O)NC2CCC(=O)NC2=O,Z7585410701,263.253,263.253,-0.094,-0.881,3,6,113.08,3,https://real.enamine.net/public-enum-files/Z7585410701
CN1CCOC=2N=CC(=CC21)C(=O)NC3CCC(=O)NC3=O,Z7602955073,304.302,304.302,0.62,-2.05,2,6,100.63,2,https://real.enamine.net/public-enum-files/Z7602955073
O=C(O)C(F)(F)F.O=C(NC1CCC(=O)NC1=O)C2=CC=CN(CCCN3C=CN=C3)C2=O,Z9401379550,471.388,357.365,-1.348,-2.227,2,5,113.4,7,https://real.enamine.net/public-enum-files/Z9401379550
N#CCS(=O)C=1C=CC(=CC1)C(=O)NC2CCC(=O)NC2=O,Z7625507003,319.337,319.337,-1.287,-2.516,2,5,116.13,4,https://real.enamine.net/public-enum-files/Z7625507003
O=C(NC1CCC(=O)NC1=O)C=2N=CN=C3OCCOC23,Z7750487205,292.248,292.248,0.001,-2.549,2,7,119.51,2,https://real.enamine.net/public-enum-files/Z7750487205
CC(C)(C)CN1C(=O)NC2=CC=CC(C(=O)NC3CCC(=O)NC3=O)=C21,Z7760607091,358.393,358.393,1.776,-3.6,3,4,107.61,4,https://real.enamine.net/public-enum-files/Z7760607091
COC1=CC=C2C=CC=C(C(=O)NC3CCC(=O)NC3=O)C2=C1,Z7763106529,312.321,312.321,1.513,-4.195,2,4,84.5,3,https://real.enamine.net/public-enum-files/Z7763106529
O=C(NC1CCC(=O)NC1=O)C=2C=CC=3C=C(C=CC3C2)OCC=4C=CC=CC4,Z7835712910,388.417,388.417,3.281,-5.873,2,4,84.5,5,https://real.enamine.net/public-enum-files/Z7835712910
CCOCCS(=O)(=O)N(C)C1=CC=CC=C1C(=O)NC2CCC(=O)NC2=O,Z8512993082,397.448,397.448,-1.335,-2.571,2,6,121.88,7,https://real.enamine.net/public-enum-files/Z8512993082
O=C(NC1CCC(=O)NC1=O)C=2C=C3C=CC=NC3=C(O)N2,Z8518581843,300.27,300.27,0.763,-2.11,3,6,121.28,2,https://real.enamine.net/public-enum-files/Z8518581843
O=C(NC1CCC(=O)NC1=O)C2=NC=CN3C=NN=C23,Z8561296942,274.236,274.236,-1.265,-1.313,2,6,118.35,2,https://real.enamine.net/public-enum-files/Z8561296942
O=C(NC1CCC(=O)NC1=O)C2=CN(C(=O)C=3C=CC=CC23)C4CC4,Z8584119658,339.346,339.346,0.45,-3.355,2,4,95.58,3,https://real.enamine.net/public-enum-files/Z8584119658
NC1=NNC=2C=NC=C(C(=O)NC3CCC(=O)NC3=O)C12,Z8608690521,288.263,288.263,-0.641,-1.938,4,6,142.86,2,https://real.enamine.net/public-enum-files/Z8608690521
NS(=O)(=O)C1CCOC2=CC=C(C=C21)C(=O)NC3CCC(=O)NC3=O,Z8638461918,367.379,367.379,-1.513,-2.532,3,6,144.66,3,https://real.enamine.net/public-enum-files/Z8638461918
O=C(NC1CCC(=O)NC1=O)C=2C=CC(=CC2C(F)(F)F)C=3C=CC=NC3,Z8655185653,377.318,377.318,0.686,-4.5,2,4,88.16,4,
O=C(NC1CCC(=O)NC1=O)C=2C(Br)=CC(Cl)=C3NN=CC23,Z8679360073,385.6,385.6,1.117,-4.424,3,4,103.95,2,https://real.enamine.net/public-enum-files/Z8679360073
CC1=CC=C(C(=O)NC2CCC(=O)NC2=O)N(C)C1=O,Z8701407514,277.277,277.277,-1.019,-1.487,2,4,95.58,2,https://real.enamine.net/public-enum-files/Z8701407514
COC=1C(F)=CC(F)=C(C(=O)NC2CCC(=O)NC2=O)C1Br,Z8721425403,377.138,377.138,0.23,-3.889,2,4,84.5,3,https://real.enamine.net/public-enum-files/Z8721425403
O=C(NC1CCC(=O)NC1=O)C=2C(=CN=C3C=CC=CC23)C=4C=CC=CC4,Z8728800910,359.379,359.379,2.267,-5.209,2,4,88.16,3,https://real.enamine.net/public-enum-files/Z8728800910
O=C(NC1CCC(=O)NC1=O)C=2C=CC(Cl)=C3OC=CC23,Z9212539409,306.701,306.701,1.683,-3.933,2,3,88.41,2,https://real.enamine.net/public-enum-files/Z9212539409
O=C(NC1CCC(=O)NC1=O)C=2C(F)=CC=C3NC=NC23,Z9212640286,290.251,290.251,0.018,-3.125,3,4,103.95,2,https://real.enamine.net/public-enum-files/Z9212640286
CC=1C=C(C(=O)NC2CCC(=O)NC2=O)C=3C=CC=C(O)C3N1,Z9213087696,313.309,313.309,1.409,-2.651,3,5,108.39,2,https://real.enamine.net/public-enum-files/Z9213087696
COC=1N=C(N=CC1F)C(=O)NC2CCC(=O)NC2=O,Z9213602018,282.228,282.228,-0.085,-1.567,2,6,110.28,3,https://real.enamine.net/public-enum-files/Z9213602018
CC=1C=CN(N1)C=2C=CN=C(N2)C(=O)NC3CCC(=O)NC3=O,Z9219497542,314.3,314.3,-0.262,-1.564,2,6,118.87,3,https://real.enamine.net/public-enum-files/Z9219497542
Cl.CC1NCCC=2C(F)=CC(=CC21)C(=O)NC3CCC(=O)NC3=O,Z9302782149,355.792,319.332,0.525,-2.997,3,4,87.3,2,https://real.enamine.net/public-enum-files/Z9302782149
O=C(NC1CCC(=O)NC1=O)C=2C=CC=3SC4=NC(=CN4C3C2)C=5C=CC=CC5,Z9275342521,404.444,404.444,3.091,-5.911,2,4,92.57,3,https://real.enamine.net/public-enum-files/Z9275342521
CC1=NOC=2N=C(C(Br)=C(C(=O)NC3CCC(=O)NC3=O)C12)C4CC4,Z9275345396,407.219,407.219,0.722,-3.707,2,5,114.19,3,https://real.enamine.net/public-enum-files/Z9275345396
O=C(NC1CCC(=O)NC1=O)C=2C=C(Br)C=3OCCNC(=O)C3C2,Z9275346673,396.193,396.193,0.264,-3.605,3,5,113.6,2,https://real.enamine.net/public-enum-files/Z9275346673
O=C(NC1CCC(=O)NC1=O)C2=CNC(=O)C3=CN=CN23,Z9275347056,289.248,289.248,-1.67,-1.804,3,5,122.19,2,https://real.enamine.net/public-enum-files/Z9275347056
CN1C=C(C=N1)NC2=CC=C(N=N2)C(=O)NC3CCC(=O)NC3=O,Z9275347090,329.315,329.315,-0.378,-1.593,3,7,130.9,4,https://real.enamine.net/public-enum-files/Z9275347090
CCOC=1C=C2N=CC(C(=O)NC3CCC(=O)NC3=O)=C(O)C2=CC1OCC,Z9275347605,387.387,387.387,3.377,-3.063,3,7,126.85,6,https://real.enamine.net/public-enum-files/Z9275347605
O=C(O)C(F)(F)F.N#CC1=CC(C(=O)NC2CCC(=O)NC2=O)=C(N)NC1=O,Z9318553044,403.271,289.248,-2.505,-3.346,4,6,154.18,3,https://real.enamine.net/public-enum-files/Z9318553044
O=C(NC1CCC(=O)NC1=O)C=2C=CC=C(C2)NC3=NC=NC4=CC=CC=C34,Z9275362619,375.382,375.382,1.971,-5.153,3,6,113.08,4,https://real.enamine.net/public-enum-files/Z9275362619
NC(=O)CNS(=O)(=O)C1=CC=C(Br)C(=C1)C(=O)NC2CCC(=O)NC2=O,Z9275363990,447.262,447.262,-1.485,-3.343,4,6,164.53,5,https://real.enamine.net/public-enum-files/Z9275363990
O=C(NC1CCC(=O)NC1=O)C=2C=CC=C(C2)CN3C=C(N=N3)C=4C=CC=C5OCOC45,Z9276149453,433.418,433.418,1.394,-4.293,2,7,124.44,5,https://real.enamine.net/public-enum-files/Z9276149453
CC1=NC(=NN1C2=NN=CN2)C(=O)NCC=3C=CC(=CC3)C(=O)NC4CCC(=O)NC4=O,Z9288455793,437.413,437.413,-1.703,-3.202,4,8,176.65,6,https://real.enamine.net/public-enum-files/Z9288455793
O=C(O)C(F)(F)F.O=C(CC1CCN2C=NC=C2C1)NCC=3C=CC(=CC3)C(=O)NC4CCC(=O)NC4=O,Z9310444835,537.489,423.466,-0.858,-3.37,3,5,122.19,7,https://real.enamine.net/public-enum-files/Z9310444835
O=C(NC1CCC(=O)NC1=O)C=2C=CC(=CC2)CNC(=O)N3CCOCC3C4=CC=NN4,Z9288465748,440.454,440.454,-0.832,-3.284,4,6,145.52,5,
O=C(CC(O)C1=NC=2C=CC=CC2N1)NCC=3C=CC(=CC3)C(=O)NC4CCC(=O)NC4=O,Z9288478955,449.46,449.46,-0.437,-3.749,5,6,153.28,7,https://real.enamine.net/public-enum-files/Z9288478955
O=C(NCC=1C=CC(=CC1)C(=O)NC2CCC(=O)NC2=O)C3=NN4CCCOC4=C3Cl,Z9288502539,445.857,445.857,-0.72,-4.333,3,6,131.42,5,https://real.enamine.net/public-enum-files/Z9288502539
O=C(CCCC1=CNC=2C=CC=CC12)NCC=3C=CC(=CC3)C(=O)NC4CCC(=O)NC4=O,Z9288505350,446.499,446.499,1.482,-4.914,4,4,120.16,8,https://real.enamine.net/public-enum-files/Z9288505350
O=C(NC1CCC(=O)NC1=O)C=2C=CC(=CC2)CNC(=O)C(O)C=3C=CC=C4CCOC34,Z9288513252,437.446,437.446,0.355,-4.037,4,6,133.83,6,https://real.enamine.net/public-enum-files/Z9288513252
O=C(NCC=1C=CC(=CC1)C(=O)NC2CCC(=O)NC2=O)C=3C=CC4=NN=C(C5CC5)N4C3,Z9288533553,446.46,446.46,0.404,-4.206,3,6,134.56,6,https://real.enamine.net/public-enum-files/Z9288533553
CN1C=CC=C1C=2C=C(NN2)C(=O)NCC=3C=CC(=CC3)C(=O)NC4CCC(=O)NC4=O,Z9288549382,434.449,434.449,1.615,-3.542,4,5,137.98,6,https://real.enamine.net/public-enum-files/Z9288549382
COC=1C=CC=2CC(OC2C1)C(=O)NCC=3C=CC(=CC3)C(=O)NC4CCC(=O)NC4=O,Z9288557394,437.446,437.446,0.743,-4.35,3,6,122.83,6,https://real.enamine.net/public-enum-files/Z9288557394
CC1(CCCN2C=CN=C21)C(=O)NCC=3C=CC(=CC3)C(=O)NC4CCC(=O)NC4=O,Z9288571811,423.466,423.466,-0.378,-2.554,3,5,122.19,5,https://real.enamine.net/public-enum-files/Z9288571811
NC=1N=CN=C2C1N=CN2CC(=O)NCC=3C=CC(=CC3)C(=O)NC4CCC(=O)NC4=O,Z9288576620,436.425,436.425,-1.537,-3.798,4,8,173.99,6,https://real.enamine.net/public-enum-files/Z9288576620
O=C(O)C(F)(F)F.O=C(CCC=1C=CC=2CCCNC2N1)NCC=3C=CC(=CC3)C(=O)NC4CCC(=O)NC4=O,Z9318553049,563.527,449.503,0.631,-3.811,4,6,129.29,8,https://real.enamine.net/public-enum-files/Z9318553049
O=C(NC1CCC(=O)NC1=O)C=2C=CC=CC2N3C=C(N=N3)C=4C=NN(C4)CC5CCOC5,Z9302746070,449.464,449.464,0.296,-2.788,2,7,133.03,6,https://real.enamine.net/public-enum-files/Z9302746070
O=C(NC1CCC(=O)NC1=O)C=2C=CC=CC2CN3C=C(N=N3)C=4C=CC=C5C=CN=CC45,Z9302748043,440.455,440.455,0.739,-4.501,2,6,118.87,5,https://real.enamine.net/public-enum-files/Z9302748043
CC1=CN2C(=CSC2=N1)CC(=O)NCC=3C=CC(=CN3)C(=O)NC4CCC(=O)NC4=O,Z9302749503,440.478,440.478,-0.445,-2.971,3,6,134.56,6,https://real.enamine.net/public-enum-files/Z9302749503
O=C(NC1CCC(=O)NC1=O)C=2C=CC=C(C2)N3C=C(N=N3)C4=CC=C5C(=O)NCCC5=C4,Z9302749799,444.444,444.444,1.205,-4.021,3,6,135.08,4,https://real.enamine.net/public-enum-files/Z9302749799
O=C(NC1CCC(=O)NC1=O)C=2C=C3C(=CC2Cl)N4CCCCCC4=NS3(=O)=O,Z1474299381,438.887,438.887,0.799,-4.297,2,7,125.01,2,https://real.enamine.net/public-enum-files/Z1474299381
CC=1N=C(C=CC1C(=O)NC2CCC(=O)NC2=O)C3=CC=CC(Br)=C3,Z1474297432,402.242,402.242,2.591,-4.503,2,4,88.16,3,https://real.enamine.net/public-enum-files/Z1474297432
O=C(NC1CCC(=O)NC1=O)C=2C=CC(Cl)=C(C2)S(=O)(=O)N3CCC=4C=CC=CC43,Z1474296922,447.894,447.894,1.961,-5.074,2,5,112.65,3,https://real.enamine.net/public-enum-files/Z1474296922
O=C(NC=1C=CC=C(C1)C(=O)NC2CCC(=O)NC2=O)C3=CC=C4NC=NC4=C3,Z1474301633,391.381,391.381,0.817,-4.472,4,5,133.05,4,https://real.enamine.net/public-enum-files/Z1474301633
CC1=NN(C)C2=NC(C)=C(C=C12)C(=O)NC3CCC(=O)NC3=O,Z1474301392,315.328,315.328,-0.255,-2.229,2,5,105.98,2,https://real.enamine.net/public-enum-files/Z1474301392
O=C(NC1CCC(=O)NC1=O)C=2C=CC(=CC2F)C3=CC=CC=C3OC(F)(F)F,Z1474297793,410.32,410.32,2.542,-6.308,2,4,84.5,5,https://real.enamine.net/public-enum-files/Z1474297793
CC=1C=C(C=CC1NC(=O)CC(C)C)C(=O)NC2CCC(=O)NC2=O,Z1474294733,345.394,345.394,0.828,-3.947,3,4,104.37,5,https://real.enamine.net/public-enum-files/Z1474294733
CN(C)C=1N=CN=C2C=C(C=CC12)C(=O)NC3CCC(=O)NC3=O,Z1474305063,327.339,327.339,0.728,-3.38,2,6,104.29,3,https://real.enamine.net/public-enum-files/Z1474305063
O=C(NC1CCC(=O)NC1=O)C=2C=C(C(F)=CC2F)N3CCNC3=O,Z1474298536,352.294,352.294,-0.805,-3.207,3,4,107.61,3,https://real.enamine.net/public-enum-files/Z1474298536
O=C(NC1CCC(=O)NC1=O)C2=CC(=O)NC(=N2)C3CC3,Z2229190135,290.275,290.275,-1.067,-2.143,3,5,116.73,3,https://real.enamine.net/public-enum-files/Z2229190135
NC=1N=CC=C(C1C(=O)NC2CCC(=O)NC2=O)C(F)(F)F,Z2197620984,316.237,316.237,-0.424,-2.597,3,5,114.18,3,https://real.enamine.net/public-enum-files/Z2197620984
CCC=1C=CC(=CC1S(=O)(=O)N2CCOCC2)C(=O)NC3CCC(=O)NC3=O,Z1474140224,409.459,409.459,0.737,-3.424,2,6,121.88,4,https://real.enamine.net/public-enum-files/Z1474140224
CCOC=1C=CC(=CC1C(=O)NC2CCC(=O)NC2=O)CN3C(=O)C=4C=CC=CC4C3=O,Z1474140687,435.43,435.43,2.009,-5.23,2,6,121.88,6,https://real.enamine.net/public-enum-files/Z1474140687
O=C(NC1CCC(=O)NC1=O)C=2C=CC=C(C2)N3N=CC=C3C=4C=CC=CC4,Z1474144916,374.394,374.394,2.753,-4.56,2,4,93.09,4,https://real.enamine.net/public-enum-files/Z1474144916
O=C(NCC=1C=CC(F)=CC1)C=2N=CC=NC2C(=O)NC3CCC(=O)NC3=O,Z1474296215,385.35,385.35,-0.252,-2.647,3,6,130.15,5,https://real.enamine.net/public-enum-files/Z1474296215
O=C(O)C(F)(F)F.O=C(NC1CCC(=O)NC1=O)C=2C=NC3=CC=CC=C3C2N4CCCC4,Z9333206153,466.411,352.388,1.668,-4.218,2,5,91.4,4,https://real.enamine.net/public-enum-files/Z9333206153
O=C(COC=1C=CC=CC1C(=O)NC2CCC(=O)NC2=O)NC3=CC=CC=C3F,Z1474302337,399.373,399.373,0.757,-4.498,3,5,113.6,6,https://real.enamine.net/public-enum-files/Z1474302337
O=C(NC1CCC(=O)NC1=O)C=2C=CC(F)=CC2C=3C=CC(Cl)=C(Cl)C3,Z1474303522,395.212,395.212,3.306,-6.343,2,3,75.27,3,https://real.enamine.net/public-enum-files/Z1474303522
O=C(NC1CCC(=O)NC1=O)C=2C=CC(=CC2O)NS(=O)(=O)C3=CC=CS3,Z1549454121,409.44,409.44,1.11,-3.882,4,6,141.67,4,https://real.enamine.net/public-enum-files/Z1549454121
O=C(NC=1C=CC(C(=O)NC2CCC(=O)NC2=O)=C(O)C1)C=3C=CC(Cl)=C(Cl)C3,Z1549452510,436.245,436.245,2.828,-5.303,4,5,124.6,4,https://real.enamine.net/public-enum-files/Z1549452510
CC1=NC=2C(F)=CC=CC2C=C1C(=O)NC3CCC(=O)NC3=O,Z2480142341,315.3,315.3,1.201,-3.346,2,4,88.16,2,https://real.enamine.net/public-enum-files/Z2480142341
O=C(NC1CCC(=O)NC1=O)C=2C=CC=3NC(=O)N(C3C2)C4CC4,Z2634432307,328.323,328.323,0.504,-3.108,3,4,107.61,3,https://real.enamine.net/public-enum-files/Z2634432307
O=C(O)C(F)(F)F.COC=1C=CC(C=2C=NC=C(C2)C(=O)NC3CCC(=O)NC3=O)=C(C)C1,Z9374396660,467.396,353.373,1.564,-4.775,2,5,97.39,5,https://real.enamine.net/public-enum-files/Z9374396660
O=C(O)C(F)(F)F.O=C(NC1CCC(=O)NC1=O)C2=CC=C(NCCN3CCOCC3)C(Cl)=C2,Z9346880661,508.876,394.853,1.148,-3.473,3,6,99.77,7,https://real.enamine.net/public-enum-files/Z9346880661
O=C(NC1CCC(=O)NC1=O)C=2N=C3C=CC=CC3=CC2C4CC4,Z2906479411,323.347,323.347,1.492,-4.216,2,4,88.16,3,https://real.enamine.net/public-enum-files/Z2906479411
O=C(NC1CCC(=O)NC1=O)C=2C=CC=C3N=C(SC23)C(F)F,Z3298912964,339.319,339.319,0.902,-3.259,2,4,88.16,3,https://real.enamine.net/public-enum-files/Z3298912964
COC=1C(Cl)=CC(C(=O)NC2CCC(=O)NC2=O)=C3N=CC=CC13,Z3541230409,347.753,347.753,1.492,-3.612,2,5,97.39,3,https://real.enamine.net/public-enum-files/Z3541230409
CCC=1N=C2C=C(F)C=CC2=CC1C(=O)NC3CCC(=O)NC3=O,Z3541231444,329.326,329.326,1.73,-3.717,2,4,88.16,3,https://real.enamine.net/public-enum-files/Z3541231444
O=C(NC1CCC(=O)NC1=O)C=2C=NC3=NC=NN3C2O,Z9275358268,290.236,290.236,-0.246,-2.119,3,7,138.58,2,https://real.enamine.net/public-enum-files/Z9275358268
COC1=CC=CC2=C(O)C=C(N=C12)C(=O)NC3CCC(=O)NC3=O,Z8179579542,329.308,329.308,1.804,-2.709,3,6,117.62,3,https://real.enamine.net/public-enum-files/Z8179579542
CN1N=C(Br)C=2C=CC(=CC21)C(=O)NC3CCC(=O)NC3=O,Z5064116324,365.182,365.182,0.865,-3.736,2,4,93.09,2,https://real.enamine.net/public-enum-files/Z5064116324
CC1=CSC=2C(=CC=CC12)C(=O)NC3CCC(=O)NC3=O,Z5438129422,302.35,302.35,1.881,-3.957,2,3,75.27,2,https://real.enamine.net/public-enum-files/Z5438129422
O=C(NC1CCC(=O)NC1=O)C=2C=C(C=C(C2)C(F)(F)F)OCC(F)F,Z5454393523,380.267,380.267,2.11,-4.271,2,4,84.5,6,https://real.enamine.net/public-enum-files/Z5454393523
CN1C=C2C(=CC(F)=CC2=N1)C(=O)NC3CCC(=O)NC3=O,Z5503356343,304.277,304.277,0.196,-2.47,2,4,93.09,2,https://real.enamine.net/public-enum-files/Z5503356343
Cl.O=C(NC1CCC(=O)NC1=O)C=2C=C(Br)C=C3NCCC23,Z9302782058,388.644,352.183,1.217,-3.582,3,4,87.3,2,https://real.enamine.net/public-enum-files/Z9302782058
O=C(NC1CCC(=O)NC1=O)C=2C=C3C=C(O)C=CC3=CC2O,Z7575304123,314.293,314.293,1.414,-3.358,4,5,115.73,2,https://real.enamine.net/public-enum-files/Z7575304123
O=C(NC1CCC(=O)NC1=O)C=2C=CC(=NC2NCC(F)(F)F)C(F)(F)F,Z7586748556,398.261,398.261,2.194,-4.117,3,5,100.19,6,https://real.enamine.net/public-enum-files/Z7586748556
O=C(NC1CCC(=O)NC1=O)C=2C=CC=C3NC=C(Cl)C23,Z7626240063,305.717,305.717,1.248,-3.884,3,3,91.06,2,https://real.enamine.net/public-enum-files/Z7626240063
O=C(NC1CCC(=O)NC1=O)C2=CC3=C(CCCC3O)NC2=O,Z7760669034,319.313,319.313,-1.987,-2.162,4,5,124.6,2,https://real.enamine.net/public-enum-files/Z7760669034
CC=1C=CC=C(C1)CNC(=O)C=2C=CC(=CC2)C(=O)NC3CCC(=O)NC3=O,Z7762246541,379.41,379.41,1.855,-4.672,3,4,104.37,5,https://real.enamine.net/public-enum-files/Z7762246541
COC=1C=CC=CC1CN2C=NC=3C=C(C=CC32)C(=O)NC4CCC(=O)NC4=O,Z7762857061,392.409,392.409,1.594,-3.964,2,5,102.32,5,https://real.enamine.net/public-enum-files/Z7762857061
CC=1C=C(C=2C=CC=CC2)N(N1)C=3C=CC(=CC3)C(=O)NC4CCC(=O)NC4=O,Z7762993160,388.42,388.42,3.022,-4.782,2,4,93.09,4,https://real.enamine.net/public-enum-files/Z7762993160
O=C(NC1CCC(=O)NC1=O)C=2C=CC=CC2N3C=NC4=CC=CC=C43,Z7789354109,348.356,348.356,2.294,-4.199,2,4,93.09,3,https://real.enamine.net/public-enum-files/Z7789354109
O=C(NC1CCC(=O)NC1=O)C=2C=CC=C(C2)C3=NOC(=N3)C(F)F,Z7820894508,350.278,350.278,0.031,-3.725,2,5,114.19,4,https://real.enamine.net/public-enum-files/Z7820894508
O=C(NC1CCC(=O)NC1=O)C=2C=CN=C(COC=3C=CC=CC3)N2,Z7843566643,340.334,340.334,0.71,-2.831,2,6,110.28,5,https://real.enamine.net/public-enum-files/Z7843566643
O=C(O)C(F)(F)F.O=C(NC1CCC(=O)NC1=O)C2=CC=3CN(CC=4C=CC=CC4)CCC3NC2=O,Z9349326194,508.448,394.425,-0.035,-3.913,3,5,107.61,5,https://real.enamine.net/public-enum-files/Z9349326194
CC(C=1C=CC=C(C1)C(=O)NC2CCC(=O)NC2=O)S(N)(=O)=O,Z8557671071,339.369,339.369,-1.351,-2.549,3,5,135.43,4,https://real.enamine.net/public-enum-files/Z8557671071
O=C(NC1CCC(=O)NC1=O)C=2C=NC(=CN2)C=3C=CSC3,Z8588368969,316.337,316.337,0.81,-2.149,2,5,101.05,3,https://real.enamine.net/public-enum-files/Z8588368969
O=C(NC1CCC(=O)NC1=O)C=2C=CC=C3OCCCC23,Z8601124439,288.299,288.299,0.954,-2.938,2,4,84.5,2,https://real.enamine.net/public-enum-files/Z8601124439
N#CC1=CNC=2N=CC(=CC12)C(=O)NC3CCC(=O)NC3=O,Z8627855047,297.27,297.27,-0.412,-3.095,3,5,127.74,2,https://real.enamine.net/public-enum-files/Z8627855047
COC=1C=CC(=CC1C(=O)NC2CCC(=O)NC2=O)C3=CN=CO3,Z8667799794,329.308,329.308,0.205,-3.1,2,5,110.53,4,https://real.enamine.net/public-enum-files/Z8667799794
CC1=C2C(=CC=CC2=NN1C)C(=O)NC3CCC(=O)NC3=O,Z8714350104,300.313,300.313,0.294,-2.351,2,4,93.09,2,https://real.enamine.net/public-enum-files/Z8714350104
NC1=NC=2C(Br)=CC(=CC2S1)C(=O)NC3CCC(=O)NC3=O,Z8731975989,383.222,383.222,1.293,-4.332,3,5,114.18,2,https://real.enamine.net/public-enum-files/Z8731975989
O=C(NC1CCC(=O)NC1=O)C=2C=C(C=CC2F)C=3C=CNN3,Z9212555325,316.288,316.288,0.439,-3.598,3,4,103.95,3,https://real.enamine.net/public-enum-files/Z9212555325
O=C(NC1CCC(=O)NC1=O)C=2C=C(Br)C=3OC=CC3C2,Z9212670738,351.152,351.152,1.833,-4.213,2,3,88.41,2,https://real.enamine.net/public-enum-files/Z9212670738
CC1=CN2N=C(C=C(C)C2=N1)C(=O)NC3CCC(=O)NC3=O,Z9213038164,301.301,301.301,-0.209,-2.239,2,5,105.46,2,https://real.enamine.net/public-enum-files/Z9213038164
Cl.NCC=1C=CC(C(=O)NC2CCC(=O)NC2=O)=C(N1)C3CC3,Z9302782133,338.79,302.329,-1.29,-2.398,3,5,114.18,4,https://real.enamine.net/public-enum-files/Z9302782133
Cl.CC1=NC=2NCCCC2C=C1C(=O)NC3CCC(=O)NC3=O,Z9302782135,338.79,302.329,0.683,-2.419,3,5,100.19,2,https://real.enamine.net/public-enum-files/Z9302782135
CC=1NN=C2C=CC(C(=O)NC3CCC(=O)NC3=O)=C(Cl)C12,Z9219623450,320.731,320.731,0.582,-3.613,3,4,103.95,2,https://real.enamine.net/public-enum-files/Z9219623450
O=C(NC1CCC(=O)NC1=O)C=2C=CC=3N=CC=CC3C2F,Z9219821322,301.273,301.273,0.463,-3.197,2,4,88.16,2,https://real.enamine.net/public-enum-files/Z9219821322
O=C(NC1CCC(=O)NC1=O)C=2C=CN3C=CC=C3C2,Z9219825620,271.272,271.272,0.947,-2.208,2,3,79.68,2,https://real.enamine.net/public-enum-files/Z9219825620
O=C(NC1CCC(=O)NC1=O)C=2C=C(F)C=3C=NNC3C2,Z9219829592,290.251,290.251,0.573,-3.018,3,4,103.95,2,https://real.enamine.net/public-enum-files/Z9219829592
O=C(NC1CCC(=O)NC1=O)C=2C=C(Cl)C=3NCCCC3C2,Z9220045832,321.759,321.759,1.476,-3.08,3,4,87.3,2,https://real.enamine.net/public-enum-files/Z9220045832
O=C(NC1CCC(=O)NC1=O)C=2C=CC=C(C2)C3(CCO3)C(F)(F)F,Z9220051870,356.297,356.297,0.354,-4.063,2,4,84.5,4,https://real.enamine.net/public-enum-files/Z9220051870
Cl.O=C(NC1CCC(=O)NC1=O)C2=CC=C3NCC4(CC4)C3=C2,Z9302782145,335.786,299.325,0.502,-2.848,3,4,87.3,2,https://real.enamine.net/public-enum-files/Z9302782145
CC=1C=CC(C(=O)NC2CCC(=O)NC2=O)=C3C1C=NN3C,Z9220246572,300.313,300.313,0.524,-2.699,2,4,93.09,2,https://real.enamine.net/public-enum-files/Z9220246572
CC1=NNC=2C(Cl)=CC(=CC12)C(=O)NC3CCC(=O)NC3=O,Z9220276475,320.731,320.731,1.412,-3.613,3,4,103.95,2,https://real.enamine.net/public-enum-files/Z9220276475
O=C(NC1CCC(=O)NC1=O)C2=CC=3C=CSC3C(=O)N2,Z9246436428,305.311,305.311,-0.757,-3.451,3,4,104.37,2,https://real.enamine.net/public-enum-files/Z9246436428
O=C(NC1CCC(=O)NC1=O)C=2C=CC=3C=C(Cl)C=C(Br)C3N2,Z9275339708,396.623,396.623,2.846,-4.814,2,4,88.16,2,https://real.enamine.net/public-enum-files/Z9275339708
CS(=O)(=O)C=1C(Br)=CC=CC1C(=O)NC2CCC(=O)NC2=O,Z9275341813,389.223,389.223,0.162,-3.093,2,5,109.41,3,https://real.enamine.net/public-enum-files/Z9275341813
NS(=O)(=O)C1=CC(F)=C(Cl)C(=C1)C(=O)NC2CCC(=O)NC2=O,Z9275344386,363.75,363.75,-0.924,-3.183,3,5,135.43,3,https://real.enamine.net/public-enum-files/Z9275344386
NS(=O)(=O)C=1C=C(C(=O)NC2CCC(=O)NC2=O)C(=CC1Cl)NCC3=CC=CO3,Z9275344958,440.86,440.86,0.036,-3.719,4,6,160.6,6,https://real.enamine.net/public-enum-files/Z9275344958
CC=1C=CC=C(C1)C2=NN=C3C=CC(=CN23)C(=O)NC4CCC(=O)NC4=O,Z9275345373,363.371,363.371,1.601,-4.81,2,5,105.46,3,https://real.enamine.net/public-enum-files/Z9275345373
O=C(NC1CCC(=O)NC1=O)C=2C=C(C=CC2O)C=3C=CC(F)=CC3,Z9275346187,342.322,342.322,2.894,-4.533,3,4,95.5,3,https://real.enamine.net/public-enum-files/Z9275346187
COC=1C=CC(=C(OC)C1C(=O)NC2CCC(=O)NC2=O)S(N)(=O)=O,Z9275348912,371.367,371.367,-1.697,-2.161,3,7,153.89,5,https://real.enamine.net/public-enum-files/Z9275348912
O=C(NC1CCC(=O)NC1=O)C=2C=NC(=NC2C3CC3)C4=CC=CC=C4Cl,Z9275349117,384.817,384.817,1.542,-4.89,2,5,101.05,4,https://real.enamine.net/public-enum-files/Z9275349117
O=C(NC1CCC(=O)NC1=O)C=2C=C(C=CC2Cl)OC=3N=CC(Br)=CN3,Z9275350493,439.648,439.648,0.838,-5.275,2,5,110.28,4,https://real.enamine.net/public-enum-files/Z9275350493
CC(C)(C)OC1=CC(Br)=NC(=C1)C(=O)NC2CCC(=O)NC2=O,Z9275355979,384.225,384.225,2.358,-3.723,2,5,97.39,4,https://real.enamine.net/public-enum-files/Z9275355979
O=C(NC1CCC(=O)NC1=O)C=2C=C(N=C3C=CC(Br)=CC23)C4=CC=CN=C4,Z9275358396,439.263,439.263,2.441,-4.818,2,5,101.05,3,https://real.enamine.net/public-enum-files/Z9275358396
CC=1C(=NC=2C=CC=CC2C1C(=O)NC3CCC(=O)NC3=O)C4=CC=CC(Cl)=C4,Z9275359641,407.85,407.85,3.525,-6.022,2,4,88.16,3,https://real.enamine.net/public-enum-files/Z9275359641
O=C(NC1CCC(=O)NC1=O)C=2C=CC=3C(=O)N(C(=O)C3C2)C4=CC(Cl)=CC=C4Cl,Z9275359843,446.24,446.24,2.241,-5.651,2,5,112.65,3,https://real.enamine.net/public-enum-files/Z9275359843
CN1C=C(C(=O)NC2CCC(=O)NC2=O)C(=O)C(=C1)C=3C=CC=C(C3)C(F)(F)F,Z9275360162,407.344,407.344,0.289,-3.822,2,5,95.58,4,https://real.enamine.net/public-enum-files/Z9275360162
O=C(NC1CCC(=O)NC1=O)C=2C=NC=C3C(=O)NC=CC23,Z9275366351,300.27,300.27,-1.222,-2.485,3,5,117.26,2,https://real.enamine.net/public-enum-files/Z9275366351
NC=1C(Br)=NC(Cl)=CC1C(=O)NC2CCC(=O)NC2=O,Z9275366825,361.579,361.579,1.427,-3.986,3,5,114.18,2,https://real.enamine.net/public-enum-files/Z9275366825
O=C(O)C(F)(F)F.O=C(NC1CCC(=O)NC1=O)C2=CC=CC(=C2)NC=3C=CC(=CC3)C=4N=NNN4,Z9418101048,505.408,391.384,1.535,-5.224,4,7,141.76,6,https://real.enamine.net/public-enum-files/Z9418101048
CN1CCCC=2C=C(C=CC21)NC(=O)NCC=3C=CC(=CC3)C(=O)NC4CCC(=O)NC4=O,Z9288457959,449.503,449.503,1.764,-4.333,4,5,119.64,5,https://real.enamine.net/public-enum-files/Z9288457959
O=C(CC1(CCCO1)C=2C=CC=CC2)NCC=3C=CC(=CC3)C(=O)NC4CCC(=O)NC4=O,Z9288464322,449.5,449.5,1.316,-4.412,3,5,113.6,7,https://real.enamine.net/public-enum-files/Z9288464322
NC1=NNC(C(=O)NCC=2C=CC(=CC2)C(=O)NC3CCC(=O)NC3=O)=C1C=4C=CC=CC4,Z9288465320,446.46,446.46,0.758,-5.605,5,6,159.07,6,https://real.enamine.net/public-enum-files/Z9288465320
COC(C)(CNC(=O)NCC=1C=CC(=CC1)C(=O)NC2CCC(=O)NC2=O)CC3CCC3,Z9288497368,444.525,444.525,1.772,-4.411,4,5,125.63,9,https://real.enamine.net/public-enum-files/Z9288497368
O=C(NCC=1C=CC(=CC1)C(=O)NC2CCC(=O)NC2=O)C3=COC=4C=C(F)C=C(F)C34,Z9288513727,441.385,441.385,1.945,-5.344,3,4,117.51,5,https://real.enamine.net/public-enum-files/Z9288513727
O=C(NCCC=1C=CC=2C=NNC2C1)NCC=3C=CC(=CC3)C(=O)NC4CCC(=O)NC4=O,Z9288519668,448.476,448.476,0.866,-4.218,5,5,145.08,7,https://real.enamine.net/public-enum-files/Z9288519668
O=C(O)C(F)(F)F.CC1(NCCC=2C=CSC21)C(=O)NCC=3C=CC(=CC3)C(=O)NC4CCC(=O)NC4=O,Z9344674724,554.541,440.517,0.876,-4.435,4,5,116.4,6,https://real.enamine.net/public-enum-files/Z9344674724
CC1=NC(C#N)=C(NCCC(=O)NCC=2C=CC(=CC2)C(=O)NC3CCC(=O)NC3=O)O1,Z9288551822,438.438,438.438,-0.327,-3.041,4,7,166.22,8,https://real.enamine.net/public-enum-files/Z9288551822
O=C(NC1CCC(=O)NC1=O)C=2C=CC(=CC2)CNC(=O)C=3C=C4OCC(=O)NC4=CN3,Z9288554354,437.406,437.406,0.41,-3.272,4,7,155.59,5,https://real.enamine.net/public-enum-files/Z9288554354
O=C(NCC=1C=CC(=CC1)C(=O)NC2CCC(=O)NC2=O)C3=CC=C(S3)C4CCOC4,Z9288555221,441.502,441.502,0.675,-4.569,3,5,113.6,6,https://real.enamine.net/public-enum-files/Z9288555221
CC=1C=CC=C2C1NCCC2C(=O)NCC=3C=CC(=CC3)C(=O)NC4CCC(=O)NC4=O,Z9288569982,434.489,434.489,0.727,-3.764,4,5,116.4,5,https://real.enamine.net/public-enum-files/Z9288569982
O=C(NCC=1C=CC(=CC1)C(=O)NC2CCC(=O)NC2=O)C=3NC=C4C3CCS4(=O)=O,Z9288580878,444.463,444.463,-0.821,-3.639,4,6,154.3,5,https://real.enamine.net/public-enum-files/Z9288580878
O=C(NC1CCC(=O)NC1=O)C=2C=CC(=CC2)CNC(=O)N3CC4=NNC=C4C3CO,Z9293725467,426.427,426.427,-1.629,-2.718,5,6,156.52,5,
O=C(NCC=1C=CC(=CC1)C(=O)NC2CCC(=O)NC2=O)NC(CO)CC3=CN=CS3,Z9293838856,445.494,445.494,-1.01,-3.095,5,6,149.52,8,https://real.enamine.net/public-enum-files/Z9293838856
O=C(O)C(F)(F)F.CC(CN1CCCCC1)N(C)C(=O)NCC=2C=CC(=CC2)C(=O)NC3CCC(=O)NC3=O,Z9311796123,557.564,443.54,1.122,-3.422,3,5,110.85,8,https://real.enamine.net/public-enum-files/Z9311796123
O=C(NC1CCC(=O)NC1=O)C=2C=CC=3CCN(CC3N2)C(=O)C4CCC=5C=NNC54,Z9302746137,422.438,422.438,-1.145,-2.632,3,6,137.15,3,https://real.enamine.net/public-enum-files/Z9302746137
COCCCC(C)(C)C(=O)NCC=1C=CC(=CN1)C(=O)NC2CCC(=O)NC2=O,Z9302746618,404.461,404.461,-0.713,-2.108,3,6,126.49,9,https://real.enamine.net/public-enum-files/Z9302746618
O=C(NCC=1N=CC(=CN1)C(=O)NC2CCC(=O)NC2=O)C=3C=CN4C=CC=CC34,Z9302747267,406.396,406.396,0.099,-2.46,3,6,134.56,5,https://real.enamine.net/public-enum-files/Z9302747267
O=C(NCC=1C=C(C=CN1)C(=O)NC2CCC(=O)NC2=O)C=3OC=C4CCCC34,Z9302749132,396.398,396.398,0.331,-3.366,3,5,130.4,5,https://real.enamine.net/public-enum-files/Z9302749132
O=C(NCC=1C=CC(=CN1)C(=O)NC2CCC(=O)NC2=O)C=3C=CC=4NN=C(Cl)C4C3,Z9302749249,440.84,440.84,1.104,-4.897,4,6,145.94,5,https://real.enamine.net/public-enum-files/Z9302749249
COC=1C=NN=C(C1)C(=O)NCC=2N=CC(=CN2)C(=O)NC3CCC(=O)NC3=O,Z9302750966,399.362,399.362,-1.709,-1.657,3,9,165.16,6,https://real.enamine.net/public-enum-files/Z9302750966
O=C(NC1CCC(=O)NC1=O)C=2C=C(Cl)N=C(C2)OC=3C=CC(Cl)=CC3,Z1522345958,394.209,394.209,3.059,-5.734,2,4,97.39,4,https://real.enamine.net/public-enum-files/Z1522345958
O=C(NC1CCC(=O)NC1=O)C=2C=CC=C(C2)NS(=O)(=O)C=3C=CC=4OCCOC4C3,Z1474300893,445.448,445.448,0.956,-4.43,3,7,139.9,4,https://real.enamine.net/public-enum-files/Z1474300893
O=C(NC1CCC(=O)NC1=O)C2=CC(Cl)=C3OCCCOC3=C2,Z1474295312,338.743,338.743,1.327,-3.76,2,5,93.73,2,https://real.enamine.net/public-enum-files/Z1474295312
O=C(NC1CCC(=O)NC1=O)C=2C=CC=3C(=O)N(CC4CCCO4)S(=O)(=O)C3C2,Z1474291847,421.426,421.426,-0.409,-3.459,2,7,138.95,4,https://real.enamine.net/public-enum-files/Z1474291847
O=C(COC=1C=CC(=CC1)C(=O)NC2CCC(=O)NC2=O)NC3=CC=CC(=C3)C(F)(F)F,Z1474302332,449.381,449.381,2.36,-5.175,3,5,113.6,7,https://real.enamine.net/public-enum-files/Z1474302332
O=C(NC1CCC(=O)NC1=O)C=2C=C(N=C3ON=C(C23)C4CC4)C=5C=CC(F)=CC5,Z1474298236,408.383,408.383,2.513,-4.864,2,5,114.19,4,https://real.enamine.net/public-enum-files/Z1474298236
O=C(NC1CCC(=O)NC1=O)C=2C=C(N=C3C=C(F)C=CC23)C=4C=CC=CC4,Z1474303086,377.369,377.369,3.14,-5.395,2,4,88.16,3,https://real.enamine.net/public-enum-files/Z1474303086
COC=1C=C(C(Cl)=CC1C(=O)NC2CCC(=O)NC2=O)N3C=CC=C3,Z1474296220,361.78,361.78,2.426,-3.353,2,4,89.43,4,https://real.enamine.net/public-enum-files/Z1474296220
O=C(NC=1C=CC=CC1C(=O)NC2CCC(=O)NC2=O)C=3C=CC(=CC3)OC=4C=CC=CC4,Z1474304909,443.452,443.452,3.409,-6.16,3,4,113.6,6,https://real.enamine.net/public-enum-files/Z1474304909
CC1=NN(C)C=2NC(=CC(=O)C12)C(=O)NC3CCC(=O)NC3=O,Z1474300572,317.301,317.301,-2.676,-2.168,3,6,122.19,2,https://real.enamine.net/public-enum-files/Z1474300572
COCCN1C=C(C(=O)NC2CCC(=O)NC2=O)C(=O)C=C1C,Z2119523318,321.329,321.329,-1.775,-0.732,2,6,104.81,5,https://real.enamine.net/public-enum-files/Z2119523318
CC(C)COC=1N=CC(=CC1Cl)C(=O)NC2CCC(=O)NC2=O,Z1648842936,339.774,339.774,2.248,-3.586,2,5,97.39,5,https://real.enamine.net/public-enum-files/Z1648842936
O=C(NC1CCC(=O)NC1=O)C=2C(O)=CN=C3C(Br)=CC=CC23,Z2174368300,378.178,378.178,3.036,-3.516,3,5,108.39,2,https://real.enamine.net/public-enum-files/Z2174368300
CC1=NC(C)=C(C)N=C1C(=O)NC2CCC(=O)NC2=O,Z1701815775,276.292,276.292,0.13,-0.772,2,5,101.05,2,https://real.enamine.net/public-enum-files/Z1701815775
CCOC=1N=C(C)C=CC1C(=O)NC2CCC(=O)NC2=O,Z1840441828,291.303,291.303,1.219,-2.208,2,5,97.39,4,https://real.enamine.net/public-enum-files/Z1840441828
CN1C=C(C(=O)NC2CCC(=O)NC2=O)C=3CCCCC3C1=O,Z1906653214,317.34,317.34,0.054,-2.623,2,4,95.58,2,https://real.enamine.net/public-enum-files/Z1906653214
CC=1C(=O)C=2C=CC=C(C(=O)NC3CCC(=O)NC3=O)C2OC1C=4C=CC=CC4,Z1474141878,390.39,390.39,2.015,-5.533,2,5,101.57,3,https://real.enamine.net/public-enum-files/Z1474141878
O=C(NC=1C=C(C=CC1Cl)C(=O)NC2CCC(=O)NC2=O)C3=CC=CS3,Z1474142132,391.83,391.83,0.736,-5.023,3,4,104.37,4,https://real.enamine.net/public-enum-files/Z1474142132
CN(C1CCCCC1)S(=O)(=O)C=2C=CC(=CC2)C(=O)NC3CCC(=O)NC3=O,Z1474142380,407.486,407.486,1.794,-3.824,2,5,112.65,4,https://real.enamine.net/public-enum-files/Z1474142380
O=C(NC1CCC(=O)NC1=O)C=2N=CC=NC2C(=O)N3CCOCC3,Z1474297767,347.327,347.327,-1.981,-1.115,2,7,130.59,3,https://real.enamine.net/public-enum-files/Z1474297767
CC=1C=C(C(=O)NC2CCC(=O)NC2=O)C=3C(=O)NN(C)C3N1,Z1474299688,317.301,317.301,-0.186,-2.226,3,6,120.5,2,https://real.enamine.net/public-enum-files/Z1474299688
CC(C)(C)C=1C=C(C(=O)NC2CCC(=O)NC2=O)C(O)=C(C1)C(C)(C)C,Z1549442829,360.448,360.448,4.382,-4.798,3,4,95.5,4,https://real.enamine.net/public-enum-files/Z1549442829
O=C(NC1CCC(=O)NC1=O)C=2C=CC=CC2NCC3=CC=CN=C3,Z1483865762,338.361,338.361,0.404,-2.69,3,5,100.19,5,https://real.enamine.net/public-enum-files/Z1483865762
CC(C)OC=1C=C(C=CC1Br)C(=O)NC2CCC(=O)NC2=O,Z2480142324,369.211,369.211,2.017,-3.84,2,4,84.5,4,https://real.enamine.net/public-enum-files/Z2480142324
CN1C(=NC=2C=NC=C(C(=O)NC3CCC(=O)NC3=O)C21)C(F)(F)F,Z2634432283,355.273,355.273,0.289,-1.798,2,5,105.98,3,https://real.enamine.net/public-enum-files/Z2634432283
O=C(NC1CCC(=O)NC1=O)C=2C=C(Br)C=C(C2)N3CCCC3,Z2634432404,380.237,380.237,1.765,-3.886,2,4,78.51,3,https://real.enamine.net/public-enum-files/Z2634432404
CC1=NOC(COC=2C=CC(=CN2)C(=O)NC3CCC(=O)NC3=O)=N1,Z2708255531,345.311,345.311,-0.75,-1.733,2,7,136.31,5,https://real.enamine.net/public-enum-files/Z2708255531
CC=1C=CC(=CC1C=2C=NN(C)C2)C(=O)NC3CCC(=O)NC3=O,Z2773306013,326.351,326.351,0.495,-3.297,2,4,93.09,3,https://real.enamine.net/public-enum-files/Z2773306013
CC=1C(=CN=C2C(Cl)=CC=CC12)C(=O)NC3CCC(=O)NC3=O,Z2773306016,331.754,331.754,1.771,-4.134,2,4,88.16,2,https://real.enamine.net/public-enum-files/Z2773306016
O=C(NC1CCC(=O)NC1=O)C=2C=CC=CC2S(=O)C(F)(F)F,Z2957850578,348.299,348.299,1.354,-3.52,2,4,92.34,4,https://real.enamine.net/public-enum-files/Z2957850578
COC=1C=CC(=C(C1)C(=O)NC2CCC(=O)NC2=O)C=3C=CC=CC3C,Z2957851042,352.385,352.385,2.037,-5.166,2,4,84.5,4,https://real.enamine.net/public-enum-files/Z2957851042
O=C(NC1CCC(=O)NC1=O)C=2N=C(Cl)C=CC2OCC(F)(F)F,Z4152032168,365.693,365.693,1.694,-4.235,2,5,97.39,5,https://real.enamine.net/public-enum-files/Z4152032168
COC1=CC=C2C=NC(=CC2=C1)C(=O)NC3CCC(=O)NC3=O,Z4328465040,313.309,313.309,1.247,-3.25,2,5,97.39,3,https://real.enamine.net/public-enum-files/Z4328465040
COC1=CC=C2N=C(C=CC2=C1Br)C(=O)NC3CCC(=O)NC3=O,Z5072503452,392.204,392.204,2.108,-4.09,2,5,97.39,3,https://real.enamine.net/public-enum-files/Z5072503452
O=C(NC1CCC(=O)NC1=O)C2=NC=NN3C=CC=C23,Z6238979547,273.248,273.248,-0.433,-2.112,2,5,105.46,2,https://real.enamine.net/public-enum-files/Z6238979547
NC1=NC=2C(Br)=CC=C(C(=O)NC3CCC(=O)NC3=O)C2S1,Z7575032560,383.222,383.222,1.293,-4.332,3,5,114.18,2,https://real.enamine.net/public-enum-files/Z7575032560
O=C(NC1CCC(=O)NC1=O)C=2C(=O)NN=C3CCCCC23,Z7575143268,304.302,304.302,-1.273,-2.578,3,5,116.73,2,https://real.enamine.net/public-enum-files/Z7575143268
O=C(NC1CCC(=O)NC1=O)C=2C(O)=NC(=O)N3CCCC23,Z7578098197,306.275,306.275,-0.261,-1.693,3,6,128.17,2,https://real.enamine.net/public-enum-files/Z7578098197
O=C(NC1CCC(=O)NC1=O)C=2C=NC=3C(=O)NCC3C2,Z7586664606,288.259,288.259,-1.098,-1.42,3,5,117.26,2,https://real.enamine.net/public-enum-files/Z7586664606
O=C(NC1CCC(=O)NC1=O)C=2N=C3OCCOC3=CC2Cl,Z7603687268,325.705,325.705,0.429,-3.166,2,6,106.62,2,https://real.enamine.net/public-enum-files/Z7603687268
NC=1C=CC(Br)=NC1C(=O)NC2CCC(=O)NC2=O,Z7645323105,327.134,327.134,0.694,-2.819,3,5,114.18,2,https://real.enamine.net/public-enum-files/Z7645323105
CC(C)C=1N=CC(OCC=2C=CC=CC2)=C(N1)C(=O)NC3CCC(=O)NC3=O,Z7674270017,382.414,382.414,2.681,-3.629,2,6,110.28,6,https://real.enamine.net/public-enum-files/Z7674270017
O=C(NC1CCC(=O)NC1=O)C=2C=CN=CC2C=3C=CC=CC3,Z7730070518,309.32,309.32,0.883,-3.528,2,4,88.16,3,https://real.enamine.net/public-enum-files/Z7730070518
O=C(O)C(F)(F)F.CCN1CCCC1CNC=2N=CC=CC2C(=O)NC3CCC(=O)NC3=O,Z9349173490,473.447,359.424,1.77,-2.731,3,6,103.43,7,https://real.enamine.net/public-enum-files/Z9349173490
O=C(NC1CCC(=O)NC1=O)C=2C=CN=C3NC(CC4CC4)=NC23,Z7761294879,327.339,327.339,0.824,-3.291,3,5,116.84,4,https://real.enamine.net/public-enum-files/Z7761294879
CC1=CC=C(O1)C2=NC(C)=C(C(=O)NC3CCC(=O)NC3=O)C(=O)N2,Z7761551262,344.323,344.323,-0.218,-3.101,3,5,129.87,3,https://real.enamine.net/public-enum-files/Z7761551262
CC=1C=C2C(=NC=CN2N1)C(=O)NC3CCC(=O)NC3=O,Z7761749960,287.275,287.275,-0.168,-1.207,2,5,105.46,2,https://real.enamine.net/public-enum-files/Z7761749960
O=C(NC1CCC(=O)NC1=O)C=2C=CC3=C(C2)N=NN3CCC=4C=CC=CC4,Z7762636069,377.398,377.398,1.625,-3.386,2,5,105.98,5,https://real.enamine.net/public-enum-files/Z7762636069
O=C(NC1CCC(=O)NC1=O)C=2N=CC=C3C=NNC23,Z7764740815,273.248,273.248,0.028,-1.797,3,5,116.84,2,https://real.enamine.net/public-enum-files/Z7764740815
O=C(NC1CCC(=O)NC1=O)C=2C=CC=C3CCCS(=O)(=O)C23,Z7793644587,336.365,336.365,-0.241,-2.933,2,5,109.41,2,https://real.enamine.net/public-enum-files/Z7793644587
CC=1C=CC2=NON=C2C1C(=O)NC3CCC(=O)NC3=O,Z7794921391,288.259,288.259,0.802,-2.674,2,5,114.19,2,https://real.enamine.net/public-enum-files/Z7794921391
CCC=1C(C)=NN2C(C)=CC(=NC12)C(=O)NC3CCC(=O)NC3=O,Z7843215454,329.355,329.355,1.058,-2.884,2,5,105.46,3,https://real.enamine.net/public-enum-files/Z7843215454
CNC(=O)CC1=CC=C(Cl)C(=C1)C(=O)NC2CCC(=O)NC2=O,Z7855624244,337.758,337.758,-1.159,-2.771,3,4,104.37,4,https://real.enamine.net/public-enum-files/Z7855624244
O=C(NC1CCC(=O)NC1=O)C=2N=CC=C3C(=O)NCC23,Z7871800562,288.259,288.259,-0.748,-1.42,3,5,117.26,2,https://real.enamine.net/public-enum-files/Z7871800562
O=C(NC1CCC(=O)NC1=O)C=2C=C(Cl)C=3C=CN=CC3N2,Z7907747514,318.715,318.715,0.954,-2.695,2,5,101.05,2,https://real.enamine.net/public-enum-files/Z7907747514
CC1(C)OC=2C=C(C=NC2NC1=O)C(=O)NC3CCC(=O)NC3=O,Z7933714152,332.312,332.312,0.411,-2.567,3,6,126.49,2,https://real.enamine.net/public-enum-files/Z7933714152
Cl.O=C(NC1CCC(=O)NC1=O)C=2C=C(Cl)C=C3CNCCOC23,Z9302782076,374.219,337.758,0.493,-3.355,3,5,96.53,2,https://real.enamine.net/public-enum-files/Z9302782076
CC=1C=C(F)C=C(Cl)C1C(=O)NC2CCC(=O)NC2=O,Z8007349317,298.697,298.697,0.665,-3.878,2,3,75.27,2,https://real.enamine.net/public-enum-files/Z8007349317
CC=1C(=CC=C2OCCNC12)C(=O)NC3CCC(=O)NC3=O,Z8007349602,303.314,303.314,0.196,-2.635,3,5,96.53,2,https://real.enamine.net/public-enum-files/Z8007349602
CN(C)C=1N=CC(C(=O)NC2CCC(=O)NC2=O)=C(Cl)C1F,Z8289445294,328.727,328.727,0.304,-2.564,2,5,91.4,3,https://real.enamine.net/public-enum-files/Z8289445294
O=C(NC1CCC(=O)NC1=O)C=2C=CC=C(N2)N3CC(OC3=O)C(F)(F)F,Z8351372046,386.283,386.283,-0.151,-3.972,2,6,117.7,4,https://real.enamine.net/public-enum-files/Z8351372046
CC=1C=CC(=CC1)C=2C=NC(=NC2)C(=O)NC3CCC(=O)NC3=O,Z8580599659,324.335,324.335,1.41,-3.564,2,5,101.05,3,https://real.enamine.net/public-enum-files/Z8580599659
CC1=CC=C2C=C(N=CN12)C(=O)NC3CCC(=O)NC3=O,Z8605932029,286.287,286.287,1.056,-2.688,2,4,92.57,2,https://real.enamine.net/public-enum-files/Z8605932029
CC=1C=C(C(=O)NC2CCC(=O)NC2=O)C3=NN(C)C=C3C1,Z8628650509,300.313,300.313,0.524,-2.699,2,4,93.09,2,https://real.enamine.net/public-enum-files/Z8628650509
O=C(NC1CCC(=O)NC1=O)C=2C=CC=C3SN=NC23,Z8767989631,290.3,290.3,0.024,-2.733,2,5,101.05,3,https://real.enamine.net/public-enum-files/Z8767989631
COC=1C=CC(F)=C(C(=O)NC2CCC(=O)NC2=O)C1C#N,Z9186663332,305.262,305.262,0.005,-2.897,2,5,108.29,3,https://real.enamine.net/public-enum-files/Z9186663332
COC1(CCOCC1)C2=CC=C(C=N2)C(=O)NC3CCC(=O)NC3=O,Z9213037483,347.367,347.367,-1.125,-1.919,2,6,106.62,4,https://real.enamine.net/public-enum-files/Z9213037483
CN1N=NC=2C=C(C=C(Br)C21)C(=O)NC3CCC(=O)NC3=O,Z9213627156,366.17,366.17,0.421,-2.65,2,5,105.98,2,https://real.enamine.net/public-enum-files/Z9213627156
CCCC=1N=C2C=CC=CC2=C(C(=O)NC3CCC(=O)NC3=O)C1CC,Z9213951865,353.416,353.416,3.034,-4.701,2,4,88.16,5,https://real.enamine.net/public-enum-files/Z9213951865
Cl.O=C(NC1CCC(=O)NC1=O)C=2N=CC=3CNCCC3N2,Z9302782136,325.751,289.291,-1.524,-1.003,3,6,113.08,2,https://real.enamine.net/public-enum-files/Z9302782136
O=C(NC1CCC(=O)NC1=O)C=2C=NC=3N=C(O)C=CC3C2,Z9219824034,300.27,300.27,0.402,-3.029,3,6,121.28,2,https://real.enamine.net/public-enum-files/Z9219824034
CC1=NNC=2C=C(C)C(=CC12)C(=O)NC3CCC(=O)NC3=O,Z9220061331,300.313,300.313,0.77,-3.399,3,4,103.95,2,https://real.enamine.net/public-enum-files/Z9220061331
CC(C)(C=1N=NNN1)C2=CC(=CC=C2F)C(=O)NC3CCC(=O)NC3=O,Z9220271826,360.344,360.344,0.593,-2.519,3,6,129.73,4,https://real.enamine.net/public-enum-files/Z9220271826
O=C(NC1CCC(=O)NC1=O)C=2C=CC(F)=C3NC=CC23,Z9220315152,289.262,289.262,0.752,-3.528,3,3,91.06,2,https://real.enamine.net/public-enum-files/Z9220315152
CC1(C)CCNC2=C(C=CC=C21)C(=O)NC3CCC(=O)NC3=O,Z9220371428,315.368,315.368,1.635,-2.947,3,4,87.3,2,https://real.enamine.net/public-enum-files/Z9220371428
O=C(NC1CCC(=O)NC1=O)C=2C=C(F)C3=NC(=CN3C2)C4CCOCC4,Z9247331860,374.367,374.367,0.135,-2.772,2,5,101.8,3,https://real.enamine.net/public-enum-files/Z9247331860
O=C(NC1CCC(=O)NC1=O)C=2C(=O)NC(=CC2O)C(F)(F)F,Z9275339957,333.221,333.221,-0.135,-2.651,4,5,124.6,3,https://real.enamine.net/public-enum-files/Z9275339957
O=C(NC1CCC(=O)NC1=O)C=2C=CC3=C(C=CS3(=O)=O)C2,Z9275340575,320.322,320.322,-0.254,-3.194,2,5,109.41,2,https://real.enamine.net/public-enum-files/Z9275340575
O=C(NC1CCC(=O)NC1=O)C=2C=CC(=CC2)N3C=C(C=N3)C=4C=CC(Cl)=CC4,Z9275340699,408.838,408.838,3.257,-5.337,2,4,93.09,4,https://real.enamine.net/public-enum-files/Z9275340699
CN1C(=O)NC=2C(=CC(Br)=CC21)C(=O)NC3CCC(=O)NC3=O,Z9275342122,381.182,381.182,0.917,-3.525,3,4,107.61,2,https://real.enamine.net/public-enum-files/Z9275342122
O=C(NC1CCC(=O)NC1=O)C2=CNC(=O)C(=C2)C(F)(F)F,Z9275342972,317.221,317.221,-0.958,-2.854,3,4,104.37,3,https://real.enamine.net/public-enum-files/Z9275342972
CC=1C=C(C(=O)NC2CCC(=O)NC2=O)C(Br)=C(C)C1Br,Z9275344052,418.08,418.08,2.284,-4.857,2,3,75.27,2,https://real.enamine.net/public-enum-files/Z9275344052
CC1=NN(C=2C=CC=CC2F)C=3N=C(C=C(C(=O)NC4CCC(=O)NC4=O)C13)C(C)C,Z9275345126,423.441,423.441,3.104,-5.067,2,5,105.98,4,https://real.enamine.net/public-enum-files/Z9275345126
O=C(NC1CCC(=O)NC1=O)C=2C=CN=CC2OC=3C=CC(F)=CC3,Z9275345182,343.31,343.31,1.626,-3.372,2,4,97.39,4,https://real.enamine.net/public-enum-files/Z9275345182
O=C(NC1CCC(=O)NC1=O)C2=CC(F)=C3NC(=O)C=CC3=C2,Z9275346266,317.273,317.273,-0.455,-3.814,3,4,104.37,2,https://real.enamine.net/public-enum-files/Z9275346266
COC=1C=C(C(=O)NC2CCC(=O)NC2=O)C=3NC(=O)COC3C1,Z9275348343,333.297,333.297,-0.814,-2.511,3,6,122.83,3,https://real.enamine.net/public-enum-files/Z9275348343
O=C(NC1CCC(=O)NC1=O)C=2C=C3C(=CN2)NC4=CC=CC=C43,Z9275349665,322.319,322.319,1.719,-3.927,3,4,103.95,2,https://real.enamine.net/public-enum-files/Z9275349665
O=C(NC1CCC(=O)NC1=O)C2=CC3=CC(Br)=CN3C(=O)N2,Z9275353217,367.155,367.155,0.763,-3.682,3,4,109.3,2,https://real.enamine.net/public-enum-files/Z9275353217
O=C(NC1CCC(=O)NC1=O)C=2C=CC=CC2C3=C4C=CC(=O)C=C4OC=5C=C(O)C=CC35,Z9275354859,442.421,442.421,1.516,-6.53,3,6,121.8,2,https://real.enamine.net/public-enum-files/Z9275354859
O=C(NC1CCC(=O)NC1=O)C=2N=C(N=CC2Br)NCC3=CC=CO3,Z9275366030,408.207,408.207,0.434,-3.88,3,6,126.22,5,https://real.enamine.net/public-enum-files/Z9275366030
CCCCCC1=CC(=NN1)C(=O)NCC=2C=CC(=CC2)C(=O)NC3CCC(=O)NC3=O,Z9288459479,425.482,425.482,2.247,-5.092,4,5,133.05,9,https://real.enamine.net/public-enum-files/Z9288459479
O=C(O)C(F)(F)F.O=C(NCCCN1CCCOCC1)NCC=2C=CC(=CC2)C(=O)NC3CCC(=O)NC3=O,Z9311796079,559.537,445.513,-0.118,-3.021,4,6,128.87,9,https://real.enamine.net/public-enum-files/Z9311796079
CC1=CC=C(CN(CCO)C(=O)NCC=2C=CC(=CC2)C(=O)NC3CCC(=O)NC3=O)O1,Z9288497087,442.466,442.466,-0.016,-3.205,4,5,140.98,8,https://real.enamine.net/public-enum-files/Z9288497087
CCCCN1N=NN=C1CNC(=O)NCC=2C=CC(=CC2)C(=O)NC3CCC(=O)NC3=O,Z9288497532,442.473,442.473,-0.108,-2.651,4,7,160,9,https://real.enamine.net/public-enum-files/Z9288497532
O=C(CC1OCC=2C=C(F)C=CC21)NCC=3C=CC(=CC3)C(=O)NC4CCC(=O)NC4=O,Z9288502902,439.437,439.437,1.001,-4.282,3,5,113.6,6,https://real.enamine.net/public-enum-files/Z9288502902
O=CNC(CC=1C=CSC1)C(=O)NCC=2C=CC(=CC2)C(=O)NC3CCC(=O)NC3=O,Z9288514910,442.49,442.49,-0.496,-3.646,4,5,133.47,8,https://real.enamine.net/public-enum-files/Z9288514910
O=C(NCC=1C=CC(=CC1)C(=O)NC2CCC(=O)NC2=O)C3=NN=C(N3)C=4C=CC=CN4,Z9288516198,433.421,433.421,0.18,-3.444,4,7,158.83,6,https://real.enamine.net/public-enum-files/Z9288516198
CC#CC(CC(=O)NCC=1C=CC(=CC1)C(=O)NC2CCC(=O)NC2=O)C=3C=CC(O)=CC3,Z9288521456,447.484,447.484,0.895,-3.938,4,5,124.6,8,https://real.enamine.net/public-enum-files/Z9288521456
NC1=NC=NC2=C(C=NN12)C(=O)NCC=3C=CC(=CC3)C(=O)NC4CCC(=O)NC4=O,Z9288537124,422.398,422.398,-1.116,-4.069,4,8,173.47,5,https://real.enamine.net/public-enum-files/Z9288537124
N#CCN1C=C(C(=O)NCC=2C=CC(=CC2)C(=O)NC3CCC(=O)NC3=O)C=4C=CC=CC41,Z9288544466,443.456,443.456,0.769,-4.418,3,5,133.09,6,https://real.enamine.net/public-enum-files/Z9288544466
NC=1C=CC=2C(=CNC(=O)C2C1)C(=O)NCC=3C=CC(=CC3)C(=O)NC4CCC(=O)NC4=O,Z9288555708,447.444,447.444,-0.776,-5.128,5,6,159.49,5,https://real.enamine.net/public-enum-files/Z9288555708
CN(CC(=O)NCC=1C=CC(=CC1)C(=O)NC2CCC(=O)NC2=O)C(=O)C=3C=COC3,Z9288568129,426.424,426.424,-0.801,-3.331,3,5,137.82,7,https://real.enamine.net/public-enum-files/Z9288568129
CC1(C)C=2C=CC=CC2NC1(C)C(=O)NCC=3C=CC(=CC3)C(=O)NC4CCC(=O)NC4=O,Z9288570854,448.515,448.515,1.926,-4.467,4,5,116.4,5,https://real.enamine.net/public-enum-files/Z9288570854
O=C(NC1CCC(=O)NC1=O)C=2C=CC(=CC2)CNC(=O)C=3C=C(C=CC3O)C=4N=NNN4,Z9288580680,449.421,449.421,1.02,-4.185,5,8,179.06,6,https://real.enamine.net/public-enum-files/Z9288580680
O=C(O)C(F)(F)F.CN1CCC=2N=C(SC2C1)C(=O)NCC=3C=CC(=CC3)C(=O)NC4CCC(=O)NC4=O,Z9345475117,555.529,441.506,0.249,-3.151,3,6,120.5,6,https://real.enamine.net/public-enum-files/Z9345475117
COC=1C=CC=2C=NC=C(C(=O)NCC=3C=CC(=CC3)C(=O)NC4CCC(=O)NC4=O)C2C1,Z9288586899,446.456,446.456,1.584,-4.688,3,6,126.49,6,https://real.enamine.net/public-enum-files/Z9288586899
CC(F)(C(=O)NCC=1N=CC(=CN1)C(=O)NC2CCC(=O)NC2=O)C=3C=CON3,Z9302745965,404.353,404.353,-2.09,-2.145,3,7,156.18,6,https://real.enamine.net/public-enum-files/Z9302745965
CC1(C)CCCC(CC2=CN(CC=3C=CC=CC3C(=O)NC4CCC(=O)NC4=O)N=N2)C1,Z9302746048,437.536,437.536,2.921,-5.065,2,5,105.98,6,https://real.enamine.net/public-enum-files/Z9302746048
CC(O)(CC=1C=CC=CC1)C2=CN(CC=3C=CC(=CC3)C(=O)NC4CCC(=O)NC4=O)N=N2,Z9302746073,447.488,447.488,0.542,-3.298,3,6,126.21,7,https://real.enamine.net/public-enum-files/Z9302746073
CC1(C#CC(=O)NCC=2N=CC(=CN2)C(=O)NC3CCC(=O)NC3=O)CCCO1,Z9302746158,399.401,399.401,-1.346,-2.482,3,7,139.38,6,https://real.enamine.net/public-enum-files/Z9302746158
O=C(COCC1CCOC1)NCC=2C=CN=C(C2)C(=O)NC3CCC(=O)NC3=O,Z9302746160,404.418,404.418,-1.673,-1.884,3,7,135.72,8,https://real.enamine.net/public-enum-files/Z9302746160
O=C(O)C(F)(F)F.O=C(NC1CCC(=O)NC1=O)C=2C=CC=C(CNC(=O)C3CC4=NC=CN4C3)N2,Z9311796187,510.424,396.401,-1.521,-2.124,3,6,135.08,6,https://real.enamine.net/public-enum-files/Z9311796187
CN1N=C2CCCCC2=C1C3=CN(N=N3)C=4C=CC(=CC4)C(=O)NC5CCC(=O)NC5=O,Z9302746850,433.464,433.464,1.796,-3.193,2,6,123.8,4,https://real.enamine.net/public-enum-files/Z9302746850
O=C(O)C(F)(F)F.O=C(NCC=1C=CN=C(C1)C(=O)NC2CCC(=O)NC2=O)C3=CNC=4C=NC=CC34,Z9329660819,520.419,406.396,0.122,-3.481,4,6,145.94,6,https://real.enamine.net/public-enum-files/Z9329660819
CC1=NN(CC(=O)NCC=2C=CC(=NC2)C(=O)NC3CCC(=O)NC3=O)C(=O)O1,Z9302748050,402.362,402.362,-1.836,-1.541,3,7,159.16,6,https://real.enamine.net/public-enum-files/Z9302748050
O=C(NCC=1C=NC=C(C1)C(=O)NC2CCC(=O)NC2=O)C=3C=C4C=CNC4=CN3,Z9302748868,406.396,406.396,0.269,-2.885,4,6,145.94,5,https://real.enamine.net/public-enum-files/Z9302748868
O=C(NC1CCC(=O)NC1=O)C=2C=CC=C(C2)N3C=C(CN4CCCC=5C=CC=CC54)N=N3,Z9302749255,444.487,444.487,2.843,-4.066,2,6,109.22,5,https://real.enamine.net/public-enum-files/Z9302749255
COCCCC(C)(C)C1=CN(N=N1)C=2C=C(C)C=CC2C(=O)NC3CCC(=O)NC3=O,Z9302750514,427.498,427.498,2.128,-3.061,2,6,115.21,8,https://real.enamine.net/public-enum-files/Z9302750514
O=C(NC1CCC(=O)NC1=O)C=2C=CC=3CCN(CC3N2)C(=O)C4=CNC=5C=CC=NC45,Z9302750857,432.433,432.433,0.346,-3.116,3,6,137.15,3,https://real.enamine.net/public-enum-files/Z9302750857
O=C(NC1CCC(=O)NC1=O)C=2C=CC3=C(C2)S(=O)(=O)NC4=NC=NN43,Z1474301890,376.349,376.349,-1.352,-3.232,3,7,152.15,2,https://real.enamine.net/public-enum-files/Z1474301890
COC=1C=C(C=CC1OCC(=O)NC=2C=CC(F)=CC2)C(=O)NC3CCC(=O)NC3=O,Z1474303783,429.399,429.399,1.104,-4.431,3,6,122.83,7,https://real.enamine.net/public-enum-files/Z1474303783
CC=1C=C(F)C=CC1S(=O)(=O)NC=2C=CC(=CC2)C(=O)NC3CCC(=O)NC3=O,Z1474303758,419.429,419.429,1.669,-4.539,3,5,121.44,4,https://real.enamine.net/public-enum-files/Z1474303758
O=C(NC1CCC(=O)NC1=O)C=2C=C(N=C3C=CC=CC23)C4=NC=5C=CC=CC5S4,Z1474301366,416.455,416.455,3.184,-5.589,2,5,101.05,3,https://real.enamine.net/public-enum-files/Z1474301366
CN(C=1C=CC=CC1)C=2C=CC(=CN2)C(=O)NC3CCC(=O)NC3=O,Z1474304410,338.361,338.361,1.939,-3.473,2,5,91.4,4,https://real.enamine.net/public-enum-files/Z1474304410
CC=1C=CC=CC1C2=NN=C(O2)C=3C=CC(=CC3)C(=O)NC4CCC(=O)NC4=O,Z1474297486,390.393,390.393,1.284,-6.065,2,5,114.19,4,https://real.enamine.net/public-enum-files/Z1474297486
CC(C)(C)C1=NOC=2N=C(C=CC12)C(=O)NC3CCC(=O)NC3=O,Z1474294153,330.339,330.339,1.503,-2.906,2,5,114.19,3,https://real.enamine.net/public-enum-files/Z1474294153
O=C(NC1CCC(=O)NC1=O)C2=NN(C=CC2=O)C=3C=CC=C(F)C3,Z1474300319,344.298,344.298,0.011,-2.854,2,6,107.94,3,https://real.enamine.net/public-enum-files/Z1474300319
O=C(NC1CCC(=O)NC1=O)C=2C=C(C=CC2F)N3CCOC3=O,Z1474304959,335.288,335.288,-0.856,-3.336,2,5,104.81,3,https://real.enamine.net/public-enum-files/Z1474304959
CC(C)(C)C=1C=CC(=CC1)OC=2C=CC(=CC2F)C(=O)NC3CCC(=O)NC3=O,Z1474294694,398.428,398.428,4.277,-6.065,2,3,84.5,5,https://real.enamine.net/public-enum-files/Z1474294694
CC1=CC(=CC(C)=C1OCC(=O)N2CCCCC2)C(=O)NC3CCC(=O)NC3=O,Z1474300465,401.457,401.457,1.513,-3.843,2,5,104.81,5,https://real.enamine.net/public-enum-files/Z1474300465
O=C(NC1CCC(=O)NC1=O)C=2C=CC=C(N2)C(=O)N3CCCC3,Z1474300427,330.339,330.339,-0.732,-2.526,2,5,108.47,3,https://real.enamine.net/public-enum-files/Z1474300427
CN(CC(C)(C)C)C(=O)C=1C=CC=C(C1)C(=O)NC2CCC(=O)NC2=O,Z1474303510,359.42,359.42,0.983,-3.564,2,4,95.58,5,https://real.enamine.net/public-enum-files/Z1474303510
CC1=NOC=2N=C(C=C(C(=O)NC3CCC(=O)NC3=O)C12)C=4C=CC=C(C4)C(F)(F)F,Z1474296566,432.354,432.354,2.811,-5.133,2,5,114.19,4,https://real.enamine.net/public-enum-files/Z1474296566
O=C(NC1CCC(=O)NC1=O)C=2C=NC=C(C2)C=3C=CC=4OCCC4C3,Z1474305195,351.357,351.357,1.5,-3.823,2,5,97.39,3,https://real.enamine.net/public-enum-files/Z1474305195
O=C(NC1CCC(=O)NC1=O)C=2C=C(Cl)C=CC2OC=3C=CC=C(Cl)C3,Z1474296794,393.221,393.221,3.864,-5.624,2,3,84.5,4,https://real.enamine.net/public-enum-files/Z1474296794
O=C(NC1CCC(=O)NC1=O)C=2C=CC(=CC2N3CCCC3)C(F)(F)F,Z2073129561,369.339,369.339,1.881,-3.799,2,4,78.51,4,https://real.enamine.net/public-enum-files/Z2073129561
CC(C)CC=1C=C(C=C(O)N1)C(=O)NC2CCC(=O)NC2=O,Z1610037943,305.33,305.33,1.75,-2.796,3,5,108.39,4,https://real.enamine.net/public-enum-files/Z1610037943
O=C(NC1CCC(=O)NC1=O)C=2C=C3OCC(=O)NC3=CC2Br,Z1644610580,382.166,382.166,-0.746,-3.467,3,5,113.6,2,https://real.enamine.net/public-enum-files/Z1644610580
CC=1C=CC=CC1S(=O)(=O)CC=2C=CC=CC2C(=O)NC3CCC(=O)NC3=O,Z1720098230,400.45,400.45,0.294,-4.068,2,5,109.41,5,https://real.enamine.net/public-enum-files/Z1720098230
CN1C(=O)NC=2N=CC(=CC21)C=3C=CC=C(C3)C(=O)NC4CCC(=O)NC4=O,Z1723443487,379.37,379.37,0.895,-4.418,3,5,120.5,3,https://real.enamine.net/public-enum-files/Z1723443487
CC=1NC(=O)C(=CC1C=2C=CC(O)=CC2)C(=O)NC3CCC(=O)NC3=O,Z1727213842,355.345,355.345,-0.389,-3.851,4,5,124.6,3,https://real.enamine.net/public-enum-files/Z1727213842
O=C(NC1CCC(=O)NC1=O)C2=CNC=3C=CC(=CC3C2=O)OC=4C=CC=CC4,Z1867589996,391.378,391.378,1.244,-4.977,3,5,113.6,4,https://real.enamine.net/public-enum-files/Z1867589996
CN(C)S(=O)(=O)C1=CC=C(C(=C1)C(=O)NC2CCC(=O)NC2=O)N3CCOCC3,Z1474144654,424.473,424.473,-0.621,-2.493,2,7,125.12,4,https://real.enamine.net/public-enum-files/Z1474144654
CC1=CC(=O)C(=NN1C2=CC=CC(=C2)C(F)(F)F)C(=O)NC3CCC(=O)NC3=O,Z1474142316,408.332,408.332,1.259,-3.665,2,6,107.94,4,https://real.enamine.net/public-enum-files/Z1474142316
CNS(=O)(=O)C=1C=CC(C2=CC=CS2)=C(C1)C(=O)NC3CCC(=O)NC3=O,Z1474299843,407.467,407.467,0.898,-4.092,3,5,121.44,4,https://real.enamine.net/public-enum-files/Z1474299843
O=C(O)C(F)(F)F.COC=1C=CC(=CC1)CN2CCN(CC2)C=3N=CC=CC3C(=O)NC4CCC(=O)NC4=O,Z9318659422,551.516,437.493,1.663,-3.67,2,7,103.87,7,https://real.enamine.net/public-enum-files/Z9318659422
CCCCN(C)C1=CC=C(C=C1C(=O)NC2CCC(=O)NC2=O)C(F)(F)F,Z1474296505,385.382,385.382,3.354,-4.246,2,4,78.51,7,https://real.enamine.net/public-enum-files/Z1474296505
O=C(NC1CCC(=O)NC1=O)C=2C=CC=3C(=O)C=COC3C2,Z1997196799,300.267,300.267,-0.282,-3.094,2,5,101.57,2,https://real.enamine.net/public-enum-files/Z1997196799
O=C(NC1CCC(=O)NC1=O)C=2C=C(F)C=C3C(=O)C=4C=C(F)C=CC4NC23,Z1766397638,385.322,385.322,0.462,-5.356,3,5,104.37,2,https://real.enamine.net/public-enum-files/Z1766397638
O=C(O)C(F)(F)F.CN1C=NC=C1CNC=2C=CC=C(C2)C(=O)NC3CCC(=O)NC3=O,Z9402912020,455.389,341.365,-0.654,-3.222,3,5,105.12,6,https://real.enamine.net/public-enum-files/Z9402912020
CC(C)C=1C=CC(=CC1)OC=2C=C(C=CN2)C(=O)NC3CCC(=O)NC3=O,Z2773305783,367.399,367.399,2.98,-5.067,2,4,97.39,5,https://real.enamine.net/public-enum-files/Z2773305783
O=C(NC1CCC(=O)NC1=O)C=2C=C(N=C(C2)C(F)(F)F)C3CC3,Z4198648426,341.286,341.286,1.386,-3.288,2,4,88.16,4,https://real.enamine.net/public-enum-files/Z4198648426
O=C(NC1CCC(=O)NC1=O)C=2C=CC=3OC(=NC3C2)C4=CC=CC=C4Cl,Z4330130291,383.786,383.786,2.606,-5.257,2,4,101.3,3,https://real.enamine.net/public-enum-files/Z4330130291
Cl.O=C(NC1CCC(=O)NC1=O)C=2C=CC=C(C2)C3CCCNC3,Z9302782030,351.828,315.368,0.559,-2.868,3,4,87.3,3,https://real.enamine.net/public-enum-files/Z9302782030
O=C(NC1CCC(=O)NC1=O)C=2C=CC(=NC2)C3=NN=NN3,Z5089642237,301.262,301.262,-0.842,-1.669,3,7,142.62,3,https://real.enamine.net/public-enum-files/Z5089642237
O=C(NC1CCC(=O)NC1=O)C=2C=C(Cl)C=C3CCCC23,Z5503356433,306.744,306.744,2.136,-4.468,2,3,75.27,2,https://real.enamine.net/public-enum-files/Z5503356433
O=C(NC1CCC(=O)NC1=O)C2=CC(=O)N3C=CSC3=N2,Z7863835896,306.299,306.299,-0.814,-2.806,2,5,107.94,2,https://real.enamine.net/public-enum-files/Z7863835896
N#CC=1C(F)=C(F)C=C(C(=O)NC2CCC(=O)NC2=O)C1F,Z7902352830,311.217,311.217,0.162,-3.452,2,4,99.06,2,https://real.enamine.net/public-enum-files/Z7902352830
CC1=NN2C=C(C=NC2=C1Br)C(=O)NC3CCC(=O)NC3=O,Z8105146601,366.17,366.17,0.327,-2.723,2,5,105.46,2,https://real.enamine.net/public-enum-files/Z8105146601
O=C(NC1CCC(=O)NC1=O)C=2N=CC=C3NC=C(Br)C23,Z8160697522,351.156,351.156,1.251,-3.219,3,4,103.95,2,https://real.enamine.net/public-enum-files/Z8160697522
O=C(NC1CCC(=O)NC1=O)C=2C=NC3=NC=CN3C2,Z8276720691,273.248,273.248,-0.792,-1.732,2,5,105.46,2,https://real.enamine.net/public-enum-files/Z8276720691
NS(=O)(=O)C=1C=C(C=C2CCOC12)C(=O)NC3CCC(=O)NC3=O,Z8347195901,353.352,353.352,-0.907,-2.482,3,6,144.66,3,https://real.enamine.net/public-enum-files/Z8347195901
COC=1C=NC(=NC1C(=O)NC2CCC(=O)NC2=O)N(C)C,Z8626546471,307.306,307.306,0.392,-1.822,2,7,113.52,4,https://real.enamine.net/public-enum-files/Z8626546471
O=C(NC1CCC(=O)NC1=O)C2=CC3=NC=NN3C=N2,Z8666768831,274.236,274.236,-1.412,-2.283,2,6,118.35,2,https://real.enamine.net/public-enum-files/Z8666768831
CC=1C=C(C=NC1N2CCN3C=NN=C3C2)C(=O)NC4CCC(=O)NC4=O,Z8682837927,369.379,369.379,-1.46,-2.187,2,7,122.11,3,https://real.enamine.net/public-enum-files/Z8682837927
CCC1=NN2C=C(C=CC2=N1)C(=O)NC3CCC(=O)NC3=O,Z8691490084,301.301,301.301,-0.155,-2.231,2,5,105.46,3,https://real.enamine.net/public-enum-files/Z8691490084
CC1=NC(Br)=C2C=CC(=CN12)C(=O)NC3CCC(=O)NC3=O,Z8691815577,365.182,365.182,1.11,-3.26,2,4,92.57,2,https://real.enamine.net/public-enum-files/Z8691815577
COC=1C=CC(=CC1)COC=2N=CC(=CN2)C(=O)NC3CCC(=O)NC3=O,Z8693405523,370.36,370.36,0.893,-3.47,2,7,119.51,6,https://real.enamine.net/public-enum-files/Z8693405523
CC1=CNC=2N=CN=C(C(=O)NC3CCC(=O)NC3=O)C12,Z8707754016,287.275,287.275,0.234,-3.142,3,5,116.84,2,https://real.enamine.net/public-enum-files/Z8707754016
CN(C)C=1C=C(N=NC1C2CC2)C(=O)NC3CCC(=O)NC3=O,Z9145520091,317.344,317.344,0.463,-1.969,2,6,104.29,4,https://real.enamine.net/public-enum-files/Z9145520091
O=C(NC1CCC(=O)NC1=O)C=2N=CC=3C=CC=CC3C2O,Z9212523018,299.282,299.282,1.918,-2.84,3,5,108.39,2,https://real.enamine.net/public-enum-files/Z9212523018
COCCC1=NC(=NO1)C=2C=CC(=CC2)C(=O)NC3CCC(=O)NC3=O,Z9213612517,358.349,358.349,-0.487,-3.005,2,6,123.42,6,https://real.enamine.net/public-enum-files/Z9213612517
CC=1N=C(C(=O)NC2CCC(=O)NC2=O)C=3C=CNC3N1,Z9213622750,287.275,287.275,0.234,-2.554,3,5,116.84,2,https://real.enamine.net/public-enum-files/Z9213622750
CC=1C(Br)=CN=C(O)C1C(=O)NC2CCC(=O)NC2=O,Z9213948443,342.145,342.145,1.826,-2.621,3,5,108.39,2,https://real.enamine.net/public-enum-files/Z9213948443
O=C(NC1CCC(=O)NC1=O)C=2C=NC=C(N2)N3C=CN=C3,Z9213949537,300.274,300.274,-0.967,-1.354,2,6,118.87,3,https://real.enamine.net/public-enum-files/Z9213949537
Cl.NCC1CCCC=2C=CC(=CC21)C(=O)NC3CCC(=O)NC3=O,Z9302782127,351.828,315.368,0.562,-3.834,3,4,101.29,3,https://real.enamine.net/public-enum-files/Z9302782127
Cl.O=C(NC1CCC(=O)NC1=O)C=2C=NC(=NC2)C3CCCN3,Z9302782129,339.778,303.317,-1.535,-1.434,3,6,113.08,3,https://real.enamine.net/public-enum-files/Z9302782129
O=C(NC1CCC(=O)NC1=O)C=2C=CC=CC2C3(CC3)C=4N=NNN4,Z9219840216,340.337,340.337,-0.226,-2.127,3,6,129.73,4,https://real.enamine.net/public-enum-files/Z9219840216
O=C(NC1CCC(=O)NC1=O)C=2C=CC(Br)=C3OCCC23,Z9220088617,353.168,353.168,1.544,-3.662,2,4,84.5,2,https://real.enamine.net/public-enum-files/Z9220088617
Cl.CC1NCCC2=C(C=CC(Cl)=C21)C(=O)NC3CCC(=O)NC3=O,Z9302782156,372.246,335.786,1.095,-3.426,3,4,87.3,2,https://real.enamine.net/public-enum-files/Z9302782156
C[C@H]1COC2=C(F)C(F)=CC=3C(=O)C(=CN1C32)C(=O)NC4CCC(=O)NC4=O,Z9247258045,391.326,391.326,0.004,-3.487,2,6,104.81,2,https://real.enamine.net/public-enum-files/Z9247258045
O=C(NC1CCC(=O)NC1=O)C=2C=NC=3NC(=O)NC3N2,Z9275339465,290.236,290.236,-0.491,-2.691,4,6,142.18,2,https://real.enamine.net/public-enum-files/Z9275339465
O=C(NC1CCC(=O)NC1=O)C=2C=CC=3C=C(NC3C2)C=4C=CC=CC4,Z9275340938,347.368,347.368,2.488,-5.44,3,3,91.06,3,https://real.enamine.net/public-enum-files/Z9275340938
O=C(NC1CCC(=O)NC1=O)C2=CC=C3SC=4C=CC=CC4C3=C2,Z9275341567,338.382,338.382,2.766,-5.382,2,3,75.27,2,https://real.enamine.net/public-enum-files/Z9275341567
O=C(NC1CCC(=O)NC1=O)C=2C=CC=3C(=O)NCCNC3C2,Z9275343622,316.313,316.313,-1.027,-2.178,4,5,116.4,2,https://real.enamine.net/public-enum-files/Z9275343622
CC(C)C=1C=CC=CC1OC=2C=CC(=CC2)C(=O)NC3CCC(=O)NC3=O,Z9275346306,366.411,366.411,3.333,-5.458,2,3,84.5,5,https://real.enamine.net/public-enum-files/Z9275346306
CN1C(=O)N(C)C=2C(=CC=CC21)C(=O)NC3CCC(=O)NC3=O,Z9275346533,316.313,316.313,-0.33,-2.009,2,4,98.82,2,https://real.enamine.net/public-enum-files/Z9275346533
CC=1C=CC=2C(=CC(=NC2C1C)C=3C=NN(C)C3)C(=O)NC4CCC(=O)NC4=O,Z9275347916,391.424,391.424,2.097,-3.932,2,5,105.98,3,https://real.enamine.net/public-enum-files/Z9275347916
CCS(=O)(=O)C1=CC(Br)=CC=C1C(=O)NC2CCC(=O)NC2=O,Z9275349431,403.25,403.25,0.691,-3.743,2,5,109.41,4,https://real.enamine.net/public-enum-files/Z9275349431
CC(C)N(C)C=1N=C2C=C(C=CC2=NC1C=3C=CC(F)=CC3)C(=O)NC4CCC(=O)NC4=O,Z9275354679,449.479,449.479,4.019,-4.787,2,6,104.29,5,https://real.enamine.net/public-enum-files/Z9275354679
O=C(O)C(F)(F)F.COC1=CNC(=CC1=O)C(=O)NC2CCC(=O)NC2=O,Z9362742261,393.273,279.249,-2.72,-2.554,3,6,113.6,4,https://real.enamine.net/public-enum-files/Z9362742261
Cl.NC=1C=C(C(=O)NC2CCC(=O)NC2=O)C=3OC(F)(F)OC3C1,Z9302782193,363.701,327.241,0.88,-4.246,3,6,119.75,2,https://real.enamine.net/public-enum-files/Z9302782193
CN(CC=1C=CC=C(C1)C=2C=CC=CC2C(=O)NC3CCC(=O)NC3=O)C=4C=CC=CC4,Z9275541750,427.496,427.496,3.569,-6.123,2,4,78.51,6,
CC1=NC2=NC=NN2C(C)=C1CC(=O)NCC=3C=CC(=CC3)C(=O)NC4CCC(=O)NC4=O,Z9288455218,449.464,449.464,-1.106,-3.491,3,7,147.45,6,https://real.enamine.net/public-enum-files/Z9288455218
CC1(C)CC=2C=CC=C(CC(=O)NCC=3C=CC(=CC3)C(=O)NC4CCC(=O)NC4=O)C2O1,Z9288461848,449.5,449.5,1.876,-4.317,3,5,113.6,6,https://real.enamine.net/public-enum-files/Z9288461848
O=C(NC1CCC(=O)NC1=O)C=2C=CC(=CC2)CNC(=O)C3(CC3)C=4C=CC=5OCOC5C4,Z9288476792,449.457,449.457,1.093,-4.504,3,6,122.83,6,https://real.enamine.net/public-enum-files/Z9288476792
O=C(CC1CCCNC=2C=CC=CC21)NCC=3C=CC(=CC3)C(=O)NC4CCC(=O)NC4=O,Z9288481875,448.515,448.515,1.206,-3.771,4,5,116.4,6,https://real.enamine.net/public-enum-files/Z9288481875
CC(C(=O)NCC=1C=CC(=CC1)C(=O)NC2CCC(=O)NC2=O)C=3C=NC4=C(C=NN4C)C3,Z9288482387,448.476,448.476,-0.532,-3.514,3,6,135.08,6,https://real.enamine.net/public-enum-files/Z9288482387
O=C(NCC1=NOC=2CCOCC12)NCC=3C=CC(=CC3)C(=O)NC4CCC(=O)NC4=O,Z9288483217,441.438,441.438,-1.824,-2.691,4,6,151.66,6,https://real.enamine.net/public-enum-files/Z9288483217
O=C(NCC=1C=CC(=CC1)C(=O)NC2CCC(=O)NC2=O)C=3N=COC3C=4C=CON4,Z9288493403,423.38,423.38,-0.32,-3.35,3,6,156.43,6,https://real.enamine.net/public-enum-files/Z9288493403
O=C(NCC=1C=CC(=CC1)C(=O)NC2CCC(=O)NC2=O)C3=COC=4C=CC=CC4O3,Z9288495127,421.404,421.404,1.613,-5.139,3,6,122.83,5,https://real.enamine.net/public-enum-files/Z9288495127
CC(CN1N=NC=2C=CC=CC21)C(=O)NCC=3C=CC(=CC3)C(=O)NC4CCC(=O)NC4=O,Z9288496669,448.476,448.476,0.7,-3.705,3,6,135.08,7,https://real.enamine.net/public-enum-files/Z9288496669
CC1=COC=2C(=CC=CC12)CNC(=O)NCC=3C=CC(=CC3)C(=O)NC4CCC(=O)NC4=O,Z9288503968,448.472,448.472,2.013,-4.841,4,4,129.54,6,https://real.enamine.net/public-enum-files/Z9288503968
CC1=NN(CC(=O)NCC=2C=CC(=CC2)C(=O)NC3CCC(=O)NC3=O)C=4N=CC=CC14,Z9288512868,434.449,434.449,-0.16,-3.685,3,6,135.08,6,https://real.enamine.net/public-enum-files/Z9288512868
O=C(NC1CCC(=O)NC1=O)C=2C=CC(=CC2)CNC(=O)C3OCCC=4C=C(O)C=CC43,Z9288517631,437.446,437.446,0.057,-3.735,4,6,133.83,5,https://real.enamine.net/public-enum-files/Z9288517631
O=C(NC1CCC(=O)NC1=O)C=2C=CC(=CC2)CNC(=O)C=3C(F)=CC=CC3N4C=CC=N4,Z9288529616,449.435,449.435,1.149,-4.421,3,5,122.19,6,https://real.enamine.net/public-enum-files/Z9288529616
O=C(O)C(F)(F)F.O=C(CN1CCC=2SC=CC2C1)NCC=3C=CC(=CC3)C(=O)NC4CCC(=O)NC4=O,Z9345475158,554.541,440.517,0.904,-4.037,3,5,107.61,7,https://real.enamine.net/public-enum-files/Z9345475158
CCCC1=NOC=2N=CC(=CC12)C(=O)NCC=3C=CC(=CC3)C(=O)NC4CCC(=O)NC4=O,Z9288561281,449.46,449.46,1.571,-4.474,3,6,143.29,7,https://real.enamine.net/public-enum-files/Z9288561281
O=C(NC1CCC(=O)NC1=O)C=2C=CC(=CC2)CNC(=O)C3(CC4=CNN=N4)CCCC3,Z9288566456,438.481,438.481,0.017,-3.59,4,6,145.94,7,https://real.enamine.net/public-enum-files/Z9288566456
N#CCC1=CNC=2C=CC(=CC12)C(=O)NCC=3C=CC(=CC3)C(=O)NC4CCC(=O)NC4=O,Z9288571576,443.456,443.456,0.499,-5.007,4,5,143.95,6,https://real.enamine.net/public-enum-files/Z9288571576
O=C(NC1CCC(=O)NC1=O)C=2C=CC(CNC(=O)C=3C=CC=C4CCCC34)=NC2,Z9302748255,406.435,406.435,1.155,-4.551,3,5,117.26,5,https://real.enamine.net/public-enum-files/Z9302748255
O=C(CCCN1C=NC=N1)NCC=2C=C(C=CN2)C(=O)NC3CCC(=O)NC3=O,Z9302749377,399.405,399.405,-2.054,-1.741,3,7,147.97,8,https://real.enamine.net/public-enum-files/Z9302749377
O=C(NC1CCC(=O)NC1=O)C=2C=C(O)C=3C=CSC3C2,Z2028768251,304.323,304.323,1.085,-3.351,3,4,95.5,2,https://real.enamine.net/public-enum-files/Z2028768251
O=C(NC1CCC(=O)NC1=O)C=2C=CC=NC2NC3=CC=CC(=C3)C(F)(F)F,Z1474297971,392.333,392.333,3.349,-4.377,3,5,100.19,5,https://real.enamine.net/public-enum-files/Z1474297971
O=C(NC1CCC(=O)NC1=O)C=2C=CN=C(C2)C3=NC=CN3,Z2223372265,299.285,299.285,-0.237,-2.053,3,5,116.84,3,
CC1=NSC=2N=CC(=CC12)C(=O)NC3CCC(=O)NC3=O,Z1474294318,304.326,304.326,0.359,-2.502,2,5,101.05,2,https://real.enamine.net/public-enum-files/Z1474294318
CC1=NN(C=2C=CC=CC2)C=3N=C(C=C(C(=O)NC4CCC(=O)NC4=O)C13)C5=CC=CS5,Z1474301278,445.496,445.496,3.738,-5.743,2,5,105.98,4,https://real.enamine.net/public-enum-files/Z1474301278
O=C(NC1CCC(=O)NC1=O)C=2C=C(Cl)C=C(Cl)C2OC(F)F,Z1474302729,367.132,367.132,2.166,-4.386,2,4,84.5,4,https://real.enamine.net/public-enum-files/Z1474302729
O=C(NC1CCC(=O)NC1=O)C=2C=CC(=CC2)S(=O)(=O)NC3CCS(=O)(=O)C3,Z1474303940,429.471,429.471,-1.6,-2.63,3,7,155.58,4,https://real.enamine.net/public-enum-files/Z1474303940
O=C(NC1CCC(=O)NC1=O)C2=CC=C3N=C4CCCN4C3=C2,Z1474304413,312.324,312.324,0.441,-2.293,2,4,93.09,2,https://real.enamine.net/public-enum-files/Z1474304413
O=C(NC1CCC(=O)NC1=O)C=2C=C3CCC(=O)NC3=CC2F,Z1474303706,319.288,319.288,-0.46,-2.59,3,4,104.37,2,https://real.enamine.net/public-enum-files/Z1474303706
O=C(NC1CCC(=O)NC1=O)C=2C=CC(=NC2)OC3=CC=CC(Cl)=C3Cl,Z1474300462,394.209,394.209,2.629,-5.03,2,4,97.39,4,https://real.enamine.net/public-enum-files/Z1474300462
COCCOCC1=CC(=CC=C1F)C(=O)NC2CCC(=O)NC2=O,Z1474303546,338.332,338.332,0.106,-2.409,2,5,93.73,7,https://real.enamine.net/public-enum-files/Z1474303546
CC1OC=2C(=CC=CC2NC1=O)C(=O)NC3CCC(=O)NC3=O,Z1474303309,317.297,317.297,-0.266,-2.847,3,5,113.6,2,https://real.enamine.net/public-enum-files/Z1474303309
O=C(NC1CCC(=O)NC1=O)C=2C=C(Br)C=NC2OCC3CC3,Z2073129495,382.209,382.209,2.074,-3.501,2,5,97.39,5,https://real.enamine.net/public-enum-files/Z2073129495
O=C(NC1CCC(=O)NC1=O)C=2C=CC(=CC2)C3CCCOC3,Z1630419886,316.352,316.352,0.579,-2.8,2,4,84.5,3,https://real.enamine.net/public-enum-files/Z1630419886
O=C(NC1CCC(=O)NC1=O)C=2C=C3CCCOC3=CN2,Z1644610646,289.287,289.287,0.755,-1.886,2,5,97.39,2,https://real.enamine.net/public-enum-files/Z1644610646
O=C(O)C(F)(F)F.COC=1C=CC(=CC1OC2CCN(C)CC2)C(=O)NC3CCC(=O)NC3=O,Z9345476452,489.443,375.42,-0.025,-3.198,2,6,96.97,6,https://real.enamine.net/public-enum-files/Z9345476452
O=C(NC1CCC(=O)NC1=O)C=2C=C(C=CN2)N3CCNC(=O)C3,Z1816922895,331.327,331.327,-0.601,-1.492,3,6,120.5,3,https://real.enamine.net/public-enum-files/Z1816922895
CC(C)CNS(=O)(=O)C1=CC(C(=O)NC2CCC(=O)NC2=O)=C(Cl)C=C1Cl,Z1474140088,436.311,436.311,1.509,-4.623,3,5,121.44,5,https://real.enamine.net/public-enum-files/Z1474140088
CC=1C=CC(=CC1C(=O)NC2CCC(=O)NC2=O)S(=O)(=O)N3CCCCC3C,Z1474141985,407.486,407.486,1.634,-3.744,2,5,112.65,3,https://real.enamine.net/public-enum-files/Z1474141985
CC=1C=C(C=C(C1C)S(=O)(=O)N2CCC(C)CC2)C(=O)NC3CCC(=O)NC3=O,Z1474142288,421.512,421.512,2.423,-4.274,2,5,112.65,3,https://real.enamine.net/public-enum-files/Z1474142288
O=C(NC1CCC(=O)NC1=O)C=2C=CC=CC2NC=3C=CC(=CC3)OC(F)F,Z1474297318,389.354,389.354,2.861,-4.546,3,5,96.53,6,https://real.enamine.net/public-enum-files/Z1474297318
O=C(NC1CCC(=O)NC1=O)C=2C=NC3=C(C2)C(=O)NC(=O)N3CC=4C=CC=CC4,Z1474299809,407.38,407.38,0.582,-4.375,3,6,137.57,4,https://real.enamine.net/public-enum-files/Z1474299809
O=C(NC1CCC(=O)NC1=O)C=2C=C3CC(=O)NC3=CC2Cl,Z1474305005,321.716,321.716,-0.899,-2.833,3,4,104.37,2,https://real.enamine.net/public-enum-files/Z1474305005
O=C(NC1CCC(=O)NC1=O)C=2C=NC=3C(=CC=CC3C2O)OC(F)(F)F,Z1885405325,383.28,383.28,3.513,-3.869,3,6,117.62,4,https://real.enamine.net/public-enum-files/Z1885405325
O=C(NC1CCC(=O)NC1=O)C=2N=CN=C3SC=CC23,Z2634432441,290.3,290.3,0.214,-3.479,2,5,101.05,2,https://real.enamine.net/public-enum-files/Z2634432441
CC=1C=C(C(=O)NC2CCC(=O)NC2=O)C3=NC=CN3C1,Z2708255982,286.287,286.287,0.478,-2.279,2,4,92.57,2,https://real.enamine.net/public-enum-files/Z2708255982
CC1=CC=C2C(C(=O)NC3CCC(=O)NC3=O)=C(C)C=CC2=C1,Z2957850660,310.348,310.348,2.04,-5.208,2,3,75.27,2,https://real.enamine.net/public-enum-files/Z2957850660
CC=1C=C(C(=O)NC2CCC(=O)NC2=O)C=3CCCCC3N1,Z2957851053,301.341,301.341,1.526,-2.529,2,4,88.16,2,https://real.enamine.net/public-enum-files/Z2957851053
COC=1C=CC(C(=O)NC2CCC(=O)NC2=O)=C3SC=CC13,Z3049762659,318.349,318.349,1.516,-3.761,2,4,84.5,3,https://real.enamine.net/public-enum-files/Z3049762659
O=C(NC1CCC(=O)NC1=O)C=2C=CC(=O)N3CCCCC23,Z4109293132,303.314,303.314,-0.445,-1.81,2,4,95.58,2,https://real.enamine.net/public-enum-files/Z4109293132
O=C(NC1CCC(=O)NC1=O)C=2C=3CCCC3N=C4C=CC(Cl)=CC24,Z4306304261,357.791,357.791,2.625,-4.277,2,4,88.16,2,https://real.enamine.net/public-enum-files/Z4306304261
O=C(NC1CCC(=O)NC1=O)C2=NN(C(=O)C=C2O)C=3C=CC=CC3,Z4306440472,342.307,342.307,0.305,-2.569,3,6,128.17,3,https://real.enamine.net/public-enum-files/Z4306440472
COC=1C(=CN=C2C=CC(Br)=CC12)C(=O)NC3CCC(=O)NC3=O,Z4320023544,392.204,392.204,2.066,-3.863,2,5,97.39,3,https://real.enamine.net/public-enum-files/Z4320023544
CC1CCC=2N=C(C=CC2C1)C(=O)NC3CCC(=O)NC3=O,Z4405969294,301.341,301.341,1.896,-3.039,2,4,88.16,2,https://real.enamine.net/public-enum-files/Z4405969294
O=C(NC1CCC(=O)NC1=O)C=2C(F)=CC=C3CCOC23,Z4405969355,292.263,292.263,0.414,-2.938,2,4,84.5,2,https://real.enamine.net/public-enum-files/Z4405969355
O=C(NC1CCC(=O)NC1=O)C=2C=CC(=CC2F)CN3C=CC(=N3)C(F)(F)F,Z5438129341,398.312,398.312,1.261,-3.761,2,4,93.09,5,https://real.enamine.net/public-enum-files/Z5438129341
O=C(NC1CCC(=O)NC1=O)C=2C=CC3=NN(C=C3C2)C(F)F,Z5521926092,322.268,322.268,0.321,-2.807,2,4,93.09,3,https://real.enamine.net/public-enum-files/Z5521926092
O=C(NC1CCC(=O)NC1=O)C=2C=C3C=CC=NC3=NC2C4CC4,Z6238941571,324.335,324.335,0.165,-3.734,2,5,101.05,3,https://real.enamine.net/public-enum-files/Z6238941571
O=C(NC1CCC(=O)NC1=O)C=2C=CN=C3NCCC23,Z7577056537,274.276,274.276,0.115,-1.472,3,5,100.19,2,https://real.enamine.net/public-enum-files/Z7577056537
CC(C)N1C=C2N=CC(=CC2=N1)C(=O)NC3CCC(=O)NC3=O,Z7582312843,315.328,315.328,0.365,-1.398,2,5,105.98,3,https://real.enamine.net/public-enum-files/Z7582312843
COC=1N=C(C)C=C2C=CC(=CC12)C(=O)NC3CCC(=O)NC3=O,Z7587873055,327.335,327.335,1.74,-3.723,2,5,97.39,3,https://real.enamine.net/public-enum-files/Z7587873055
COC=1C=C(C(=CN1)C(=O)NC2CCC(=O)NC2=O)C(F)F,Z7587953172,313.257,313.257,0.116,-2.282,2,5,97.39,4,https://real.enamine.net/public-enum-files/Z7587953172
COC=1C=C(C=CC1C(=O)NC2CCC(=O)NC2=O)NC(=O)NC3CC3,Z7609149916,360.365,360.365,0.095,-3.087,4,5,125.63,5,https://real.enamine.net/public-enum-files/Z7609149916
O=C(O)C(F)(F)F.O=C(NC1CCC(=O)NC1=O)C=2C=3C=CC=CC3N=C4CCN(CC=5C=CC=CC5)CC24,Z9344674800,542.508,428.484,2.726,-4.881,2,5,91.4,5,https://real.enamine.net/public-enum-files/Z9344674800
O=C(NC1CCC(=O)NC1=O)C=2N=NC=C3CCCCC23,Z7832758501,288.303,288.303,0.198,-2.726,2,5,101.05,2,https://real.enamine.net/public-enum-files/Z7832758501
O=C(NC1CCC(=O)NC1=O)C2=CN=C3C=CC(Cl)=CN3C2=O,Z7898297634,334.715,334.715,-0.197,-3.094,2,5,107.94,2,https://real.enamine.net/public-enum-files/Z7898297634
O=C(NC1CCC(=O)NC1=O)C=2C=CC3=NN=CN3N2,Z8177824865,274.236,274.236,-1.939,-2.065,2,6,118.35,2,https://real.enamine.net/public-enum-files/Z8177824865
O=C(NC1CCC(=O)NC1=O)C=2C=CC=C3C(=O)N(C(=O)C23)C4CC(=O)NC4=O,Z8270168100,398.327,398.327,-1.024,-3.713,3,7,158.82,3,https://real.enamine.net/public-enum-files/Z8270168100
CC1=NC=2C(C)=CC(=CC2O1)C(=O)NC3CCC(=O)NC3=O,Z8382843576,301.298,301.298,0.807,-2.381,2,4,101.3,2,https://real.enamine.net/public-enum-files/Z8382843576
O=C(NC1CCC(=O)NC1=O)C=2C=C(C=CC2F)CC3=NNC(=O)C=4C=CC=CC34,Z8457103506,408.383,408.383,0.223,-5.009,3,5,116.73,4,https://real.enamine.net/public-enum-files/Z8457103506
N#CC1=CC(C(=O)NC2CCC(=O)NC2=O)=C3OCCOC3=C1,Z8554694214,315.282,315.282,0.127,-3.093,2,6,117.52,2,https://real.enamine.net/public-enum-files/Z8554694214
O=C(NC1CCC(=O)NC1=O)C=2C=CC=3N=CSC3N2,Z8555799203,290.3,290.3,0.265,-2.684,2,5,101.05,2,https://real.enamine.net/public-enum-files/Z8555799203
O=C(NC1CCC(=O)NC1=O)C=2C=CC(OC(F)(F)F)=C(C2)C(F)F,Z8594161040,366.241,366.241,1.714,-4.312,2,4,84.5,5,https://real.enamine.net/public-enum-files/Z8594161040
O=C(NC1CCC(=O)NC1=O)C2=CN(C=CC2=O)C(F)F,Z8608032336,299.231,299.231,-1.906,-1.194,2,5,95.58,3,https://real.enamine.net/public-enum-files/Z8608032336
O=C(NC1CCC(=O)NC1=O)C=2C=CC(=CC2)N3N=CC4=CC=CN=C43,Z8628909601,349.344,349.344,0.753,-3.769,2,5,105.98,3,https://real.enamine.net/public-enum-files/Z8628909601
O=C(NC1CCC(=O)NC1=O)C=2N=CC=NC2OC=3C=CC(Cl)=C(F)C3,Z8678442222,378.743,378.743,1.907,-3.664,2,5,110.28,4,https://real.enamine.net/public-enum-files/Z8678442222
O=C(NC1CCC(=O)NC1=O)C=2N=C3NC=CC3=CC2Br,Z8684744664,351.156,351.156,0.358,-4.16,3,4,103.95,2,https://real.enamine.net/public-enum-files/Z8684744664
CNC(=O)NC=1C=CC=C(C(=O)NC2CCC(=O)NC2=O)C1F,Z8686931485,322.292,322.292,-1.038,-2.705,4,4,116.4,3,https://real.enamine.net/public-enum-files/Z8686931485
[2H]C([2H])([2H])N1C=CC=2C=C(C=CC21)C(=O)NC3CCC(=O)NC3=O,Z8840205248,288.317,288.317,0.874,-2.398,2,3,80.2,2,https://real.enamine.net/public-enum-files/Z8840205248
CC=1N=C(N=CC1C(=O)NC2CCC(=O)NC2=O)C3CCOCC3,Z9212562214,332.355,332.355,-0.947,-1.433,2,6,110.28,3,https://real.enamine.net/public-enum-files/Z9212562214
O=C(NC1CCC(=O)NC1=O)C=2C=C(N=CN2)N3CCOCC3,Z9212641440,319.317,319.317,-0.787,-2.385,2,7,113.52,3,https://real.enamine.net/public-enum-files/Z9212641440
CC(C)(CO)C1=NC=2C=C(C=CC2N1)C(=O)NC3CCC(=O)NC3=O,Z9213611431,344.366,344.366,-0.035,-2.402,4,5,124.18,4,
O=C(NC1CCC(=O)NC1=O)C=2C=C(F)C=NC2NC3CC(F)(F)C3,Z9214685687,356.301,356.301,0.883,-3.364,3,5,100.19,4,https://real.enamine.net/public-enum-files/Z9214685687
O=C(NC1CCC(=O)NC1=O)C=2C=NC=3NC(=NC3C2)C(F)(F)F,Z9219632184,341.246,341.246,0.505,-3.208,3,5,116.84,3,https://real.enamine.net/public-enum-files/Z9219632184
Cl.NC1=CC(=CC(=C1)OC(F)F)C(=O)NC2CCC(=O)NC2=O,Z9302782153,349.718,313.257,-0.19,-3.31,3,5,110.52,4,https://real.enamine.net/public-enum-files/Z9302782153
O=C(NC1CCC(=O)NC1=O)C=2C(=O)N3CCCC=4C=CC=C(C2O)C43,Z9275339824,355.345,355.345,0.96,-2.814,3,5,115.81,2,https://real.enamine.net/public-enum-files/Z9275339824
O=C(NC1CCC(=O)NC1=O)C2=CNC(=O)N(C=3C=CC=CC3)C2=O,Z9275341336,342.307,342.307,0.627,-3.238,3,5,124.68,3,https://real.enamine.net/public-enum-files/Z9275341336
CC1CC(=O)NC2=CC=C(C=C2N1)C(=O)NC3CCC(=O)NC3=O,Z9275343847,330.339,330.339,-0.405,-2.382,4,5,116.4,2,https://real.enamine.net/public-enum-files/Z9275343847
CCN1C=C(C=N1)OC2=CN=C(C=N2)C(=O)NC3CCC(=O)NC3=O,Z9275344297,344.326,344.326,-0.235,-1.135,2,6,128.1,5,https://real.enamine.net/public-enum-files/Z9275344297
O=C(NC1CCC(=O)NC1=O)C2=CN=C(NC2=O)C3=NC=CS3,Z9275345223,333.324,333.324,-1.633,-2.564,3,6,129.62,3,https://real.enamine.net/public-enum-files/Z9275345223
O=C(NC1CCC(=O)NC1=O)C=2C=CC=C(C2)CNS(=O)(=O)C=3C=CC(F)=CC3,Z9275346345,419.429,419.429,1.201,-4.07,3,5,121.44,5,https://real.enamine.net/public-enum-files/Z9275346345
O=C(NC1CCC(=O)NC1=O)C=2C=CC=C3C(=O)NN=CC23,Z9275347038,300.27,300.27,-1.54,-3.237,3,5,116.73,2,https://real.enamine.net/public-enum-files/Z9275347038
O=C(NC1CCC(=O)NC1=O)C=2N=NC(O)=C(Br)C2O,Z9275347104,345.106,345.106,1.326,-2.027,4,7,141.51,2,https://real.enamine.net/public-enum-files/Z9275347104
O=C(NC1CCC(=O)NC1=O)C=2C=C(F)C(OC=3C=CC=CC3)=C(F)C2,Z9275347909,360.312,360.312,2.464,-4.801,2,3,84.5,4,https://real.enamine.net/public-enum-files/Z9275347909
O=C(NC1CCC(=O)NC1=O)C=2C=CC(=CC2)COC3=C(F)C(F)=CC(F)=C3F,Z9275350508,410.32,410.32,2.209,-5.103,2,4,84.5,5,https://real.enamine.net/public-enum-files/Z9275350508
CC1=NN2C(=O)C(=CNC2=N1)C(=O)NC3CCC(=O)NC3=O,Z9275353062,304.262,304.262,-3.231,-1.908,3,7,135.08,2,https://real.enamine.net/public-enum-files/Z9275353062
CC=1C=C(COC=2C=CC(=CC2)C(=O)NC3CCC(=O)NC3=O)C4=CC=CC=C4N1,Z9275354384,403.432,403.432,2.564,-4.718,2,5,97.39,5,https://real.enamine.net/public-enum-files/Z9275354384
O=C(O)C(F)(F)F.CC=1C=CC(=CC1C(=O)NC2CCC(=O)NC2=O)NC=3N=CC=C(N3)C(F)(F)F,Z9432593562,521.371,407.347,1.686,-5.761,3,6,113.08,6,https://real.enamine.net/public-enum-files/Z9432593562
CC1=C(C=NN1C)C=2C=C(N=C3C(C#N)=CC=CC23)C(=O)NC4CCC(=O)NC4=O,Z9275355854,402.407,402.407,0.78,-3.885,2,6,129.77,3,https://real.enamine.net/public-enum-files/Z9275355854
COC=1C=CC=C(NC(=O)C(C)(C)C)C1C(=O)NC2CCC(=O)NC2=O,Z9275362703,361.393,361.393,1.047,-3.413,3,5,113.6,5,https://real.enamine.net/public-enum-files/Z9275362703
CC1=NN=NN1C=2C=C(N)C=CC2C(=O)NC3CCC(=O)NC3=O,Z9275365944,329.315,329.315,-0.993,-1.633,3,7,144.89,3,https://real.enamine.net/public-enum-files/Z9275365944
Cl.O=C(NC1CCC(=O)NC1=O)C=2C=CN=C(N2)C3COCCN3,Z9302782199,355.777,319.317,-1.969,-1.596,3,7,122.31,3,https://real.enamine.net/public-enum-files/Z9302782199
O=C(CN1C(=O)OC=2C=CC=CC21)NCC=3C=CC(=CC3)C(=O)NC4CCC(=O)NC4=O,Z9288454903,436.418,436.418,0.269,-3.874,3,6,133.91,6,https://real.enamine.net/public-enum-files/Z9288454903
O=C(NC1CCC(=O)NC1=O)C=2C=CC(=CC2)CNC(=O)C=3C=CC=C4NCCOC34,Z9288463800,422.435,422.435,0.724,-4.078,4,6,125.63,5,https://real.enamine.net/public-enum-files/Z9288463800
O=C(CC=1C=CC=C(C1)C2=NN=NN2)NCC=3C=CC(=CC3)C(=O)NC4CCC(=O)NC4=O,Z9288466998,447.448,447.448,0.277,-4.154,4,7,158.83,7,https://real.enamine.net/public-enum-files/Z9288466998
O=C(NCC=1C=CC(=CC1)C(=O)NC2CCC(=O)NC2=O)C3=NC=C(O3)C=4C=CN=CC4,Z9288468941,433.418,433.418,0.389,-3.084,3,6,143.29,6,https://real.enamine.net/public-enum-files/Z9288468941
O=C(NC1CCC(=O)NC1=O)C=2C=CC(=CC2)CNC(=O)C3CC(=O)N(C3)C=4C=NNC4,Z9288473900,438.438,438.438,-0.427,-2.913,4,6,153.36,6,https://real.enamine.net/public-enum-files/Z9288473900
O=C(NC1CCC(=O)NC1=O)C=2C=CC(=CC2)CNC(=O)C3COC=4C=CC=C(F)C4O3,Z9288484042,441.41,441.41,0.909,-4.894,3,6,122.83,5,https://real.enamine.net/public-enum-files/Z9288484042
O=C(NCC=1C=CC(=CC1)C(=O)NC2CCC(=O)NC2=O)NC=3C=NN(C3)C=4N=CC=CN4,Z9288487014,448.436,448.436,-0.576,-3.381,4,7,160,6,https://real.enamine.net/public-enum-files/Z9288487014
CCC1=C(SC=2C=CC=CC12)C(=O)NCC=3C=CC(=CC3)C(=O)NC4CCC(=O)NC4=O,Z9288495010,449.524,449.524,2.805,-6.341,3,4,104.37,6,https://real.enamine.net/public-enum-files/Z9288495010
O=C(NCC=1C=CC(=CC1)C(=O)NC2CCC(=O)NC2=O)C3=CN=C4C(Cl)=CC=CN34,Z9288496612,439.852,439.852,1.954,-4.632,3,5,121.67,5,https://real.enamine.net/public-enum-files/Z9288496612
NC=1C=CC=2C=C(C=CC2N1)C(=O)NCC=3C=CC(=CC3)C(=O)NC4CCC(=O)NC4=O,Z9288501283,431.445,431.445,1.047,-4.985,4,6,143.28,5,https://real.enamine.net/public-enum-files/Z9288501283
O=C(CCOCC(F)(F)C(F)F)NCC=1C=CC(=CC1)C(=O)NC2CCC(=O)NC2=O,Z9288510538,447.382,447.382,0.282,-3.94,3,5,113.6,10,https://real.enamine.net/public-enum-files/Z9288510538
O=C(NCC=1C=CC(=CC1)C(=O)NC2CCC(=O)NC2=O)NC3CCCC=4C=COC43,Z9288519060,424.451,424.451,1.103,-4.077,4,4,129.54,5,https://real.enamine.net/public-enum-files/Z9288519060
CC=1C=CC2=C(C=CN2CCC(=O)NCC=3C=CC(=CC3)C(=O)NC4CCC(=O)NC4=O)C1,Z9288565925,446.499,446.499,2.187,-4.635,3,4,109.3,7,https://real.enamine.net/public-enum-files/Z9288565925
CC=1N=C2CCC(C)CN2C1C(=O)NCC=3C=CC(=CC3)C(=O)NC4CCC(=O)NC4=O,Z9288568027,437.493,437.493,1.117,-3.48,3,5,122.19,5,https://real.enamine.net/public-enum-files/Z9288568027
CC1=CN2N=NC(C(=O)NCC=3C=CC(=CC3)C(=O)NC4CCC(=O)NC4=O)=C2C(=O)N1,Z9288579828,437.41,437.41,-1.692,-3.002,4,7,164.18,5,https://real.enamine.net/public-enum-files/Z9288579828
O=C(NCC=1C=CC(=CC1)C(=O)NC2CCC(=O)NC2=O)C3=CN(CC=4C=CC=NC4)N=N3,Z9288584045,447.448,447.448,-0.975,-2.526,3,7,147.97,7,https://real.enamine.net/public-enum-files/Z9288584045
O=C(CC=1N=CN2CCOCC12)NCC=3C=CC(=CC3)C(=O)NC4CCC(=O)NC4=O,Z9288584067,425.439,425.439,-2.121,-2.706,3,6,131.42,6,https://real.enamine.net/public-enum-files/Z9288584067
CC(C)(OC=1C=CC=C(C#N)C1)C(=O)NCC=2C=CC(=CC2)C(=O)NC3CCC(=O)NC3=O,Z9288584740,448.472,448.472,1.145,-4.913,3,6,137.39,7,https://real.enamine.net/public-enum-files/Z9288584740
NC=1SC=2C=NC=CC2C1C(=O)NCC=3C=CC(=CC3)C(=O)NC4CCC(=O)NC4=O,Z9288585093,437.474,437.474,1.289,-4.56,4,6,143.28,5,https://real.enamine.net/public-enum-files/Z9288585093
O=C(CCC1CCCOC1)NCC=2C=CC=C(N2)C(=O)NC3CCC(=O)NC3=O,Z9302746072,402.445,402.445,-0.607,-2.447,3,6,126.49,7,https://real.enamine.net/public-enum-files/Z9302746072
CC1=NOC=C1CCC(=O)N2CCC=3C=CC(=NC3C2)C(=O)NC4CCC(=O)NC4=O,Z9302748971,425.439,425.439,-1.631,-1.911,2,6,134.5,5,https://real.enamine.net/public-enum-files/Z9302748971
CCC=1C(=CN=C2C1C(=O)N(C)C(=O)N2C)C(=O)NC3CCC(=O)NC3=O,Z1510325506,373.364,373.364,0.133,-3.225,2,6,128.78,3,https://real.enamine.net/public-enum-files/Z1510325506
CN1N=CC=2C=C(C=C(O)C21)C(=O)NC3CCC(=O)NC3=O,Z2028768538,302.286,302.286,-0.452,-1.775,3,5,113.32,2,https://real.enamine.net/public-enum-files/Z2028768538
O=C(NC1CCC(=O)NC1=O)C2=NNC=3C=CC=CC3C2=O,Z1474294530,300.27,300.27,0.111,-2.943,3,6,116.73,2,https://real.enamine.net/public-enum-files/Z1474294530
O=C(NC1CCC(=O)NC1=O)C=2C=CC=CC2C3=NC=C(O3)C4=CC=CC=C4F,Z1474301338,393.369,393.369,1.921,-5.415,2,4,101.3,4,https://real.enamine.net/public-enum-files/Z1474301338
CC=1C=C(C)N(N1)C=2C=CC(Cl)=C(N2)C(=O)NC3CCC(=O)NC3=O,Z1474295135,361.783,361.783,0.667,-3.038,2,5,105.98,3,https://real.enamine.net/public-enum-files/Z1474295135
O=C(NC1CCC(=O)NC1=O)C=2C=C(O)N=C3C=CC(=CC23)S(=O)(=O)N4CCOCC4,Z1474302759,448.452,448.452,0.4,-3.338,3,8,155,3,https://real.enamine.net/public-enum-files/Z1474302759
COC=1C=CC(=CC1S(=O)(=O)NCC=2C=CC=NC2)C(=O)NC3CCC(=O)NC3=O,Z1549441110,432.452,432.452,-0.559,-2.588,3,7,143.56,6,https://real.enamine.net/public-enum-files/Z1549441110
CCCCCCN1N=C(C(=O)NC2CCC(=O)NC2=O)C=3C=CC=CC3C1=O,Z1474298940,384.43,384.43,2.008,-4.942,2,5,107.94,7,https://real.enamine.net/public-enum-files/Z1474298940
NC(=O)C=1C=CC=CC1OCC=2C=CC=C(C2)C(=O)NC3CCC(=O)NC3=O,Z1474303134,381.383,381.383,0.6,-4.21,3,5,127.59,6,https://real.enamine.net/public-enum-files/Z1474303134
O=C(NC1CCC(=O)NC1=O)C=2C=CC(=CC2Cl)N3C=NN=N3,Z1474294432,334.718,334.718,-0.212,-2.943,2,6,118.87,3,https://real.enamine.net/public-enum-files/Z1474294432
CCOC=1N=C(C=C2C=CC=CC12)C(=O)NC3CCC(=O)NC3=O,Z1474298402,327.335,327.335,1.964,-4.123,2,5,97.39,4,https://real.enamine.net/public-enum-files/Z1474298402
O=C(NC1CCC(=O)NC1=O)C=2C=NC3=C(C=NN3C4CCCC4)C2,Z1474303193,341.365,341.365,0.789,-2.961,2,5,105.98,3,https://real.enamine.net/public-enum-files/Z1474303193
CC=1C=C(C=CC1C(=O)NC2CCC(=O)NC2=O)N3CCCS3(=O)=O,Z1474304966,365.406,365.406,-0.488,-3.317,2,5,112.65,3,https://real.enamine.net/public-enum-files/Z1474304966
CCOC=1C=CC=CC1C=2C=CC=C(C2)C(=O)NC3CCC(=O)NC3=O,Z1581462820,352.385,352.385,2.041,-4.979,2,4,84.5,5,https://real.enamine.net/public-enum-files/Z1581462820
O=C(NC1CCC(=O)NC1=O)C=2C=C(OCC(F)(F)F)C=3C=CC=CC3N2,Z1581462810,381.307,381.307,2.388,-4.552,2,5,97.39,5,https://real.enamine.net/public-enum-files/Z1581462810
CN1C(CC2=CC=CS2)=NC=3C=C(C=CC31)C(=O)NC4CCC(=O)NC4=O,Z2091191518,382.438,382.438,1.87,-3.272,2,4,93.09,4,https://real.enamine.net/public-enum-files/Z2091191518
CC1=CC(F)=C2N=C(O)C=C(C(=O)NC3CCC(=O)NC3=O)C2=C1,Z1619564954,331.299,331.299,1.865,-3.805,3,5,108.39,2,https://real.enamine.net/public-enum-files/Z1619564954
CCC=1C=C(C(=O)NC2CCC(=O)NC2=O)C(C)=NN1,Z1677669266,276.292,276.292,-0.187,-1.768,2,5,101.05,3,https://real.enamine.net/public-enum-files/Z1677669266
CCN(C)C1=NN=C2C(=CC=C(N12)C(F)(F)F)C(=O)NC3CCC(=O)NC3=O,Z2174368144,398.341,398.341,1.43,-4.052,2,6,108.7,5,https://real.enamine.net/public-enum-files/Z2174368144
O=C(NC1CCC(=O)NC1=O)C=2C=C3C=CC=CC3=CC2NC(=O)C4CC4,Z1474145879,365.383,365.383,1.58,-4.671,3,4,104.37,4,https://real.enamine.net/public-enum-files/Z1474145879
O=C(NC1CCC(=O)NC1=O)C=2C=CC(Cl)=C(C2)S(=O)(=O)NCC3CCCO3,Z1474142450,429.877,429.877,0.752,-3.46,3,6,130.67,5,https://real.enamine.net/public-enum-files/Z1474142450
O=C(O)C(F)(F)F.CC=1C=C(N=C2N=C(O)NC(=O)C12)C(=O)NC3CCC(=O)NC3=O,Z9359092419,445.308,331.284,-0.293,-4.623,4,7,149.85,3,https://real.enamine.net/public-enum-files/Z9359092419
O=C(NC1CCC(=O)NC1=O)C=2C=CC=CC2S(=O)(=O)N3CCCC3,Z1474294383,365.406,365.406,0.397,-2.914,2,5,112.65,3,https://real.enamine.net/public-enum-files/Z1474294383
CC(C)C=1C=CC(C(=O)NC2CCC(=O)NC2=O)=C(C1)C(C)C,Z1474299323,316.396,316.396,2.422,-5.254,2,3,75.27,4,https://real.enamine.net/public-enum-files/Z1474299323
O=C(NC1CCC(=O)NC1=O)C=2C=CC(F)=C(C2)S(=O)(=O)CC=3N=CON3,Z1474294738,396.352,396.352,-1.638,-2.734,2,7,148.33,5,https://real.enamine.net/public-enum-files/Z1474294738
CC1(C)CC=2C=CC(C(=O)NC3CCC(=O)NC3=O)=C(O)C2O1,Z1549445613,318.325,318.325,2.07,-2.638,3,5,104.73,2,https://real.enamine.net/public-enum-files/Z1549445613
CCOC=1C=CC(Br)=C(C(=O)NC2CCC(=O)NC2=O)C1F,Z2957851013,373.175,373.175,0.599,-3.947,2,4,84.5,4,https://real.enamine.net/public-enum-files/Z2957851013
O=C(NC1CCC(=O)NC1=O)C=2N=CC(=CC2F)OCC3CC3,Z3298913019,321.304,321.304,0.964,-2.71,2,5,97.39,5,https://real.enamine.net/public-enum-files/Z3298913019
O=C(NC1CCC(=O)NC1=O)C=2C=CC=C3C=NOC23,Z3549226531,273.245,273.245,0.176,-2.404,2,4,101.3,2,https://real.enamine.net/public-enum-files/Z3549226531
O=C(NC1CCC(=O)NC1=O)C=2C=CC=3NCCOCC3C2,Z4160794152,303.314,303.314,-0.676,-2.161,3,5,96.53,2,https://real.enamine.net/public-enum-files/Z4160794152
CC1=CN=C2C=CC=C(C(=O)NC3CCC(=O)NC3=O)N12,Z4176777702,286.287,286.287,0.588,-2.387,2,4,92.57,2,https://real.enamine.net/public-enum-files/Z4176777702
CC(C)(C)C=1C=CC=CC1NC=2C=CC(=CC2)C(=O)NC3CCC(=O)NC3=O,Z5199004797,379.453,379.453,3.858,-5.316,3,4,87.3,5,https://real.enamine.net/public-enum-files/Z5199004797
O=C(NC1CCC(=O)NC1=O)C=2C=CC(=C3OCCOC23)C(F)(F)F,Z5438129402,358.27,358.27,1.43,-3.837,2,5,93.73,3,https://real.enamine.net/public-enum-files/Z5438129402
CC(C)N1C=C2C=CC=C(C(=O)NC3CCC(=O)NC3=O)C2=N1,Z5438129435,314.34,314.34,0.863,-2.682,2,4,93.09,3,https://real.enamine.net/public-enum-files/Z5438129435
COC=1C(=CC=C2CCCC12)C(=O)NC3CCC(=O)NC3=O,Z5489987181,302.326,302.326,1.353,-3.51,2,4,84.5,3,https://real.enamine.net/public-enum-files/Z5489987181
O=C(NC1CCC(=O)NC1=O)C=2C=CC(=CC2)CC3=NC=CS3,Z5489987208,329.375,329.375,0.619,-2.507,2,4,88.16,4,https://real.enamine.net/public-enum-files/Z5489987208
NC1=C(C=NC2=CC=NN12)C(=O)NC3CCC(=O)NC3=O,Z7595197301,288.263,288.263,-0.447,-2.042,3,6,131.48,2,https://real.enamine.net/public-enum-files/Z7595197301
O=C(NC1CCC(=O)NC1=O)C=2C=CC=3C=CC(=O)NC3N2,Z7599880160,300.27,300.27,-0.872,-3.451,3,5,117.26,2,https://real.enamine.net/public-enum-files/Z7599880160
CC1=NC=2C=C(C(=O)NC3CCC(=O)NC3=O)C(F)=CC2N1,Z7625966075,304.277,304.277,0.287,-2.719,3,4,103.95,2,https://real.enamine.net/public-enum-files/Z7625966075
O=C(NC1CCC(=O)NC1=O)C2=CN=C3NC=NS(=O)(=O)C3=C2,Z7630786677,337.313,337.313,-2.509,-2.124,3,8,146.69,2,https://real.enamine.net/public-enum-files/Z7630786677
O=C(NC1CCC(=O)NC1=O)C=2C=CC=3NC(=O)CNC3N2,Z7636395420,303.274,303.274,-0.042,-1.778,4,6,129.29,2,https://real.enamine.net/public-enum-files/Z7636395420
O=C(NC1CCC(=O)NC1=O)C=2C(F)=CC=C(C2F)S(=O)(=O)CC3CC3,Z7761534298,386.372,386.372,-0.233,-3.632,2,5,109.41,5,https://real.enamine.net/public-enum-files/Z7761534298
O=C(NC1CCC(=O)NC1=O)C=2C=CC=3OC=4C=CC=CC4NC(=O)C3C2,Z7762738714,365.34,365.34,1.373,-4.444,3,4,113.6,2,https://real.enamine.net/public-enum-files/Z7762738714
CC=1C=C(N=C(N1)N2CCCCC2)C(=O)NC3CCC(=O)NC3=O,Z7853705741,331.37,331.37,1.094,-2.969,2,6,104.29,3,https://real.enamine.net/public-enum-files/Z7853705741
CCCC=1C=NN=C(C1)C(=O)NC2CCC(=O)NC2=O,Z7863685482,276.292,276.292,0.183,-2.588,2,5,101.05,4,https://real.enamine.net/public-enum-files/Z7863685482
Cl.O=C(NC1CCC(=O)NC1=O)C=2C=CC3=C(C2)CCNC3C4CC4,Z9302782077,363.839,327.378,0.534,-3.404,3,4,87.3,3,https://real.enamine.net/public-enum-files/Z9302782077
N#CC1=NNC=2C=C(C=CC12)C(=O)NC3CCC(=O)NC3=O,Z8310202303,297.27,297.27,0.207,-3.225,3,5,127.74,2,https://real.enamine.net/public-enum-files/Z8310202303
O=C(NC1CCC(=O)NC1=O)C=2C=NC=C3C=CSC23,Z8567033294,289.311,289.311,0.644,-2.603,2,4,88.16,2,https://real.enamine.net/public-enum-files/Z8567033294
CC(=O)NC=1C=NC(Cl)=CC1C(=O)NC2CCC(=O)NC2=O,Z8694129923,324.72,324.72,0.406,-2.709,3,5,117.26,3,https://real.enamine.net/public-enum-files/Z8694129923
CN1C=CC=2C(=CNC(=O)C21)C(=O)NC3CCC(=O)NC3=O,Z8715261172,302.286,302.286,-1.313,-1.861,3,4,109.3,2,https://real.enamine.net/public-enum-files/Z8715261172
COC1=CC(=CN2C=C(C)N=C12)C(=O)NC3CCC(=O)NC3=O,Z9213070077,316.313,316.313,0.542,-2.145,2,5,101.8,3,https://real.enamine.net/public-enum-files/Z9213070077
O=C(NC1CCC(=O)NC1=O)C=2C=CN3N=CC(Br)=C3C2,Z9213951498,351.156,351.156,0.838,-2.907,2,4,92.57,2,https://real.enamine.net/public-enum-files/Z9213951498
O=C(NC1CCC(=O)NC1=O)C=2C=CN3C(=NN=C3C2)C(F)(F)F,Z9214163825,341.246,341.246,-0.048,-2.938,2,5,105.46,3,https://real.enamine.net/public-enum-files/Z9214163825
CC1(C)CCC(C1)NC2=CN=CC=C2C(=O)NC3CCC(=O)NC3=O,Z9214699949,344.409,344.409,2.89,-2.815,3,5,100.19,4,https://real.enamine.net/public-enum-files/Z9214699949
O=C(NC1CCC(=O)NC1=O)C=2C=NC=3C(Br)=CNC3C2,Z9219820261,351.156,351.156,1.111,-2.88,3,4,103.95,2,https://real.enamine.net/public-enum-files/Z9219820261
O=C(NC1CCC(=O)NC1=O)C2=CC=C(Br)C3=CNN=C23,Z9219821081,351.156,351.156,1.293,-3.744,3,4,103.95,2,https://real.enamine.net/public-enum-files/Z9219821081
O=C(NC1CCC(=O)NC1=O)C=2C=CC=3SC=C(C=4N=NNN4)C3C2,Z9220187728,356.361,356.361,0.885,-4.224,3,6,129.73,3,https://real.enamine.net/public-enum-files/Z9220187728
O=C(NC1CCC(=O)NC1=O)C=2C(O)=NC=3C=CSC3C2O,Z9220334648,321.31,321.31,2.48,-2.193,4,6,128.62,2,https://real.enamine.net/public-enum-files/Z9220334648
NC=1N=C(N=C2C=CC=CC12)C(=O)NC3CCC(=O)NC3=O,Z9221029771,299.285,299.285,0.403,-2.829,3,6,127.07,2,https://real.enamine.net/public-enum-files/Z9221029771
O=C(NC1CCC(=O)NC1=O)C=2C=CC=3NN=NC3N2,Z9275340541,274.236,274.236,-0.643,-2.117,3,6,129.73,2,https://real.enamine.net/public-enum-files/Z9275340541
COCCCN1N=C(C=CC1=O)C(=O)NC2CCC(=O)NC2=O,Z9275340708,322.317,322.317,-2.234,-1.305,2,6,117.17,6,https://real.enamine.net/public-enum-files/Z9275340708
O=C(NC1CCC(=O)NC1=O)C=2N=CC=CC2C=3C=CC=CN3,Z9275340793,310.308,310.308,0.066,-2.472,2,5,101.05,3,https://real.enamine.net/public-enum-files/Z9275340793
NC=1N=C(N=CC1C(=O)NC2CCC(=O)NC2=O)C=3C=COC3,Z9275344201,315.285,315.285,0.543,-2.872,3,6,140.21,3,https://real.enamine.net/public-enum-files/Z9275344201
O=C(NC1CCC(=O)NC1=O)C=2N=CN=C3C2C(Br)=CN3C4CC4,Z9275344456,392.208,392.208,1.139,-3.829,2,5,105.98,3,https://real.enamine.net/public-enum-files/Z9275344456
CC(C)C1OC=2C=CC(=CC2NC1=O)C(=O)NC3CCC(=O)NC3=O,Z9275344606,345.351,345.351,0.662,-3.709,3,5,113.6,3,https://real.enamine.net/public-enum-files/Z9275344606
O=C(NC1CCC(=O)NC1=O)C=2C=CC(=O)N(N2)C=3C=NC=CC3,Z9275345282,327.296,327.296,-1.976,-1.83,2,6,120.83,3,https://real.enamine.net/public-enum-files/Z9275345282
O=C(NC1CCC(=O)NC1=O)C=2C=C(C=NC2N3CCOCC3)C(F)(F)F,Z9275346825,386.327,386.327,0.449,-3.025,2,6,100.63,4,https://real.enamine.net/public-enum-files/Z9275346825
NC=1N=C(O)C(Cl)=NC1C(=O)NC2CCC(=O)NC2=O,Z9275346940,299.671,299.671,0.297,-2.183,4,7,147.3,2,https://real.enamine.net/public-enum-files/Z9275346940
CC1(C)CCCC=2C=C(C(=O)NC3CCC(=O)NC3=O)C(=O)NC21,Z9275347263,331.367,331.367,0.688,-3.359,3,4,104.37,2,https://real.enamine.net/public-enum-files/Z9275347263
O=C(NC1CCC(=O)NC1=O)C=2C=NC=C3C(=O)NCCC23,Z9275348036,302.286,302.286,-0.939,-1.221,3,5,117.26,2,https://real.enamine.net/public-enum-files/Z9275348036
O=C(NC1CCC(=O)NC1=O)C2=CC(=NC3=C(Cl)C=NN23)C=4C=CC=CC4,Z9275349920,383.789,383.789,2.006,-4.678,2,5,105.46,3,https://real.enamine.net/public-enum-files/Z9275349920
CC1=NN2C(=C(C=NC2=C1C=3C=CC=C(C)C3)C(=O)NC4CCC(=O)NC4=O)C(C)C,Z9275354179,419.477,419.477,2.356,-5.414,2,5,105.46,4,https://real.enamine.net/public-enum-files/Z9275354179
CC=1C=CC(C)=C(C1)S(=O)(=O)OC=2C=CC=CC2C(=O)NC3CCC(=O)NC3=O,Z9275354776,416.45,416.45,2.604,-4.98,2,5,118.64,5,https://real.enamine.net/public-enum-files/Z9275354776
CC=1C=CC=C(C1)C2(CCC2)NC(=O)CCC=3C=CC=CC3C(=O)NC4CCC(=O)NC4=O,Z9275356112,447.527,447.527,2.175,-5.197,3,4,104.37,7,https://real.enamine.net/public-enum-files/Z9275356112
O=C(NC1CCC(=O)NC1=O)C=2C=CC(Cl)=CC2NCCCN3C=CC=N3,Z9275366764,389.837,389.837,1.832,-3.157,3,5,105.12,7,https://real.enamine.net/public-enum-files/Z9275366764
O=C(O)C(F)(F)F.NC1=CC(=CC(=C1)C2=CC=CC=C2C(=O)NC3CCC(=O)NC3=O)C(=O)N4CCOCC4,Z9481538279,550.485,436.462,-0.401,-5.63,3,6,130.83,5,https://real.enamine.net/public-enum-files/Z9481538279
COC=1C=CC=C2C=C(OC12)C=3C=CC=CC3C(=O)NC4CCC(=O)NC4=O,Z9275540969,378.379,378.379,2.325,-5.355,2,4,97.64,4,https://real.enamine.net/public-enum-files/Z9275540969
O=C(NC1CCC(=O)NC1=O)C=2C=CC(=CC2)CNC(=O)N3CCCC3CN4C=NC=N4,Z9288476909,439.469,439.469,-0.827,-3.346,3,6,138.32,6,
O=C(NCCN1C=NC=2C=CC=NC21)NCC=3C=CC(=CC3)C(=O)NC4CCC(=O)NC4=O,Z9288478881,449.464,449.464,-0.217,-3.734,4,6,147.11,7,https://real.enamine.net/public-enum-files/Z9288478881
O=C(O)C(F)(F)F.CCC1=CN2CCC(CC2=N1)C(=O)NCC=3C=CC(=CC3)C(=O)NC4CCC(=O)NC4=O,Z9346880657,551.516,437.493,-0.529,-3.247,3,5,122.19,7,https://real.enamine.net/public-enum-files/Z9346880657
O=C(O)C(F)(F)F.O=C(NCC=1C=CC(=CC1)C(=O)NC2CCC(=O)NC2=O)NC3CCC=4NC=NC4C3,Z9311796076,538.478,424.454,-0.804,-4.222,5,5,145.08,6,https://real.enamine.net/public-enum-files/Z9311796076
O=C(NC1CCC(=O)NC1=O)C=2C=CC(=CC2)CNC(=O)C3(CCOCC3)N4C=NN=N4,Z9288501885,441.442,441.442,-1.701,-2.883,3,8,157.2,6,https://real.enamine.net/public-enum-files/Z9288501885
CC=1OC=2N=CNC(=O)C2C1C(=O)NCC=3C=CC(=CC3)C(=O)NC4CCC(=O)NC4=O,Z9288506441,437.406,437.406,-0.96,-4.761,4,6,158.97,5,https://real.enamine.net/public-enum-files/Z9288506441
O=C(CC1=CN2C=C(F)C=CC2=N1)NCC=3C=CC(=CC3)C(=O)NC4CCC(=O)NC4=O,Z9288522695,437.425,437.425,0.201,-3.85,3,5,121.67,6,https://real.enamine.net/public-enum-files/Z9288522695
O=C(NCC=1C=CC(=CC1)C(=O)NC2CCC(=O)NC2=O)C=3OC=CC3C4=CC=CS4,Z9288525368,437.47,437.47,1.394,-5.389,3,4,117.51,6,https://real.enamine.net/public-enum-files/Z9288525368
CCOC=1C=CC=C2NC(=CC12)C(=O)NCC=3C=CC(=CC3)C(=O)NC4CCC(=O)NC4=O,Z9288545682,448.472,448.472,2.028,-5.456,4,5,129.39,7,https://real.enamine.net/public-enum-files/Z9288545682
O=C(O)C(F)(F)F.CC1=NN=C2CN(C)C(CN12)C(=O)NCC=3C=CC(=CC3)C(=O)NC4CCC(=O)NC4=O,Z9345476130,553.492,439.469,-1.814,-2.208,3,7,138.32,6,
O=C(O)C(F)(F)F.CC1CCCN2C(=CN=C12)CC(=O)NCC=3C=CC(=CC3)C(=O)NC4CCC(=O)NC4=O,Z9402912054,551.516,437.493,-0.009,-3.619,3,5,122.19,7,https://real.enamine.net/public-enum-files/Z9402912054
O=C(NC1CCC(=O)NC1=O)C=2C=CC(=CC2)CNC(=O)C=3C=CC=C(N3)N4C=NC=N4,Z9288564371,433.421,433.421,-0.461,-4.472,3,7,147.97,6,https://real.enamine.net/public-enum-files/Z9288564371
CCCC=1C=CC(C#CC(=O)NCC=2C=CC(=CC2)C(=O)NC3CCC(=O)NC3=O)=CC1,Z9288572426,431.485,431.485,2.742,-6.262,3,4,104.37,8,https://real.enamine.net/public-enum-files/Z9288572426
O=C(O)C(F)(F)F.O=C(NC1CCC(=O)NC1=O)C=2C=CC(=CC2)CNC(=O)C3CCCN3CC=4C=CC=CC4,Z9318659299,562.539,448.515,1.657,-4.572,3,5,107.61,8,https://real.enamine.net/public-enum-files/Z9318659299
CN(CC=1C=CC=C2C=CNC12)C(=O)NCC=3C=CC(=CC3)C(=O)NC4CCC(=O)NC4=O,Z9293825820,447.488,447.488,0.76,-4.759,4,4,123.4,6,https://real.enamine.net/public-enum-files/Z9293825820
O=C(O)C(F)(F)F.O=C(NC1CCC(=O)NC1=O)C=2C=C(O)N=C3CCN(CC23)C(=O)C4CCC5=NC=CN54,Z9311796188,552.461,438.438,-1.258,-2.552,3,7,146.52,4,https://real.enamine.net/public-enum-files/Z9311796188
COCC1(CCOC1)C2=CN(N=N2)C=3C=CC=C(C3)C(=O)NC4CCC(=O)NC4=O,Z9302746159,413.428,413.428,-0.794,-1.822,2,7,124.44,6,https://real.enamine.net/public-enum-files/Z9302746159
O=C(NC1CCC(=O)NC1=O)C=2C=CC(=CC2)N3C=C(N=N3)C(O)C=4C=CC=NC4,Z9302746186,406.396,406.396,-0.941,-2.197,3,7,139.1,5,https://real.enamine.net/public-enum-files/Z9302746186
O=C(NC1CCC(=O)NC1=O)C=2C=C(C=CN2)CNC(=O)C3CCC=4C=NNC43,Z9302746292,396.401,396.401,-1.336,-2.194,4,6,145.94,5,https://real.enamine.net/public-enum-files/Z9302746292
O=C(NC1CCC(=O)NC1=O)C=2C=CC(=CN2)CNC(=O)C=3C=CN=C4C=CNC34,Z9302746518,406.396,406.396,0.479,-2.773,4,6,145.94,5,https://real.enamine.net/public-enum-files/Z9302746518
O=C(NC1CCC(=O)NC1=O)C=2C=CC(=CC2)N3C=C(N=N3)C4=CC=NN4C5CCOCC5,Z9302747277,449.464,449.464,0.316,-2.826,2,7,133.03,5,https://real.enamine.net/public-enum-files/Z9302747277
CCOCOC=1C=CC=CC1C2=CN(N=N2)C=3C=CC(=CC3)C(=O)NC4CCC(=O)NC4=O,Z9302747919,449.46,449.46,1.601,-4.288,2,7,124.44,8,https://real.enamine.net/public-enum-files/Z9302747919
O=C(NC1CCC(=O)NC1=O)C=2C=CC(=CC2)CN3C=C(N=N3)C=4C=CC=C5C=CSC45,Z9302748044,445.496,445.496,2.432,-5.229,2,5,105.98,5,https://real.enamine.net/public-enum-files/Z9302748044
O=C(O)C(F)(F)F.O=C(NCC1=NC=CC=C1C(=O)NC2CCC(=O)NC2=O)C3=CC=CC4=CN=CN34,Z9311796189,520.419,406.396,-0.087,-3.843,3,6,134.56,6,https://real.enamine.net/public-enum-files/Z9311796189
CC=1C=CC(=CC1C#N)C(=O)NCC=2C=CC=C(N2)C(=O)NC3CCC(=O)NC3=O,Z9302748848,405.408,405.408,1.032,-4.167,3,6,141.05,5,https://real.enamine.net/public-enum-files/Z9302748848
O=C(O)C(F)(F)F.O=C(COCC1=NN=CN1)NCC2=NC=CC=C2C(=O)NC3CCC(=O)NC3=O,Z9331724173,515.401,401.378,-3.37,-2.344,4,8,168.06,9,https://real.enamine.net/public-enum-files/Z9331724173
O=C(NC1CCC(=O)NC1=O)C=2C=NC=C(C2)N3C=CN=N3,Z2018665177,300.274,300.274,-0.321,-0.891,2,6,118.87,3,https://real.enamine.net/public-enum-files/Z2018665177
O=C(NC1CCC(=O)NC1=O)C=2C=C(N=C3C2C=NN3CC=4C=CN=CC4)C=5C=CC=CC5,Z1474297331,440.455,440.455,1.876,-4.488,2,6,118.87,5,https://real.enamine.net/public-enum-files/Z1474297331
CC1=NN(C=2C=CC(F)=CC2)C=3N=CC(=CC13)C(=O)NC4CCC(=O)NC4=O,Z1474297737,381.361,381.361,1.677,-4.159,2,5,105.98,3,https://real.enamine.net/public-enum-files/Z1474297737
O=C(NC1CCC(=O)NC1=O)C=2C=CC(Cl)=CC2N3CCCC3=O,Z1474293417,349.769,349.769,1.083,-3.601,2,4,95.58,3,https://real.enamine.net/public-enum-files/Z1474293417
O=C(NC=1C=C(F)C=CC1C(=O)NC2CCC(=O)NC2=O)C=3C=CC=C(Br)C3,Z1474297772,448.243,448.243,2.492,-5.569,3,4,104.37,4,https://real.enamine.net/public-enum-files/Z1474297772
O=C(NC1CCC(=O)NC1=O)C=2C=CC(=CC2)NC3=NS(=O)(=O)C=4C=CC=CC34,Z1474302676,412.421,412.421,0.687,-4.473,3,7,133.8,3,https://real.enamine.net/public-enum-files/Z1474302676
CC1=NN(C=2C=CC=CC2)C=3N=C(C=CC13)C(=O)NC4CCC(=O)NC4=O,Z1474297957,363.371,363.371,1.875,-4.209,2,5,105.98,3,https://real.enamine.net/public-enum-files/Z1474297957
CC=1C=CC(=CC1)S(=O)(=O)CC=2C=CC(=CC2)C(=O)NC3CCC(=O)NC3=O,Z1474304449,400.45,400.45,0.634,-4.339,2,5,109.41,5,https://real.enamine.net/public-enum-files/Z1474304449
O=C(NC1CCC(=O)NC1=O)C=2C=C(N=C3C2C=NN3C4CCCCC4)C5CC5,Z1474303140,395.456,395.456,2.291,-4.241,2,5,105.98,4,https://real.enamine.net/public-enum-files/Z1474303140
CC=1C=CC(=CC1OCC2=CSC(Br)=C2)C(=O)NC3CCC(=O)NC3=O,Z1474304970,437.309,437.309,3.228,-5.532,2,4,84.5,5,https://real.enamine.net/public-enum-files/Z1474304970
CC1=NC=2C=C(C=CC2N1C3CCS(=O)(=O)C3)C(=O)NC4CCC(=O)NC4=O,Z1474302066,404.442,404.442,-1.248,-2.226,2,6,127.23,3,https://real.enamine.net/public-enum-files/Z1474302066
O=C(NC1CCC(=O)NC1=O)C=2C=CC(=O)N(C2)C=3C=CC=C(Br)C3,Z1474298640,404.215,404.215,1.357,-3.835,2,4,95.58,3,https://real.enamine.net/public-enum-files/Z1474298640
O=C(NC1CCC(=O)NC1=O)C=2C=CC=CC2COC3CCOCC3,Z1474300721,346.378,346.378,-0.842,-2.83,2,5,93.73,5,https://real.enamine.net/public-enum-files/Z1474300721
COC1=CC=2N=C(C(=O)NC3CCC(=O)NC3=O)C(=O)N(C)C2C=C1OC,Z2229190304,374.349,374.349,-0.083,-1.576,2,7,126.4,4,https://real.enamine.net/public-enum-files/Z2229190304
N#CC=1C=CC=CC1OC=2C=CC=CC2C(=O)NC3CCC(=O)NC3=O,Z1616677553,349.341,349.341,1.669,-4.486,2,4,108.29,4,https://real.enamine.net/public-enum-files/Z1616677553
CC=1C=CC(C)=C(C1)N2C=NC=3C=C(C=CC32)C(=O)NC4CCC(=O)NC4=O,Z1824601717,376.409,376.409,3.239,-4.759,2,4,93.09,3,https://real.enamine.net/public-enum-files/Z1824601717
O=C(NC1CCC(=O)NC1=O)C2=CC(=O)NC(=C2)C3CC3,Z1720098238,289.287,289.287,-0.979,-2.334,3,4,104.37,3,https://real.enamine.net/public-enum-files/Z1720098238
COC=1N=C(C)C(Br)=CC1C(=O)NC2CCC(=O)NC2=O,Z1740425113,356.172,356.172,1.6,-2.914,2,5,97.39,3,https://real.enamine.net/public-enum-files/Z1740425113
CC=1C=CC(=CC1C(=O)NC2CCC(=O)NC2=O)S(=O)(=O)NCC3=CC=CO3,Z1474144484,405.427,405.427,0.688,-3.737,3,5,134.58,5,https://real.enamine.net/public-enum-files/Z1474144484
CC=1OC=CC1C(=O)NC=2C=C(Cl)C=CC2C(=O)NC3CCC(=O)NC3=O,Z1474302965,389.79,389.79,1.509,-4.259,3,4,117.51,4,https://real.enamine.net/public-enum-files/Z1474302965
CN(C)C=1C=CC(=CC1)N=NC=2C=CC=CC2C(=O)NC3CCC(=O)NC3=O,Z1474294966,379.413,379.413,2.74,-4.129,2,6,103.23,5,https://real.enamine.net/public-enum-files/Z1474294966
CC1=NN(C=2N=C(C=C(C(=O)NC3CCC(=O)NC3=O)C12)C4CC4)C5CCS(=O)(=O)C5,Z1474292389,445.494,445.494,-1.055,-3.113,2,7,140.12,4,https://real.enamine.net/public-enum-files/Z1474292389
O=C(NC1CCC(=O)NC1=O)C=2C=CC(=C(F)C2)N3C=NC=N3,Z1474304979,317.276,317.276,-0.299,-3.143,2,5,105.98,3,https://real.enamine.net/public-enum-files/Z1474304979
O=C(NC=1C=CC(=CC1)C=2C=CC=CC2)C=3C=CC=CC3C(=O)NC4CCC(=O)NC4=O,Z1474305156,427.453,427.453,1.705,-6.534,3,4,104.37,5,https://real.enamine.net/public-enum-files/Z1474305156
CC(C)C=1N=CN=CC1C(=O)NC2CCC(=O)NC2=O,Z1474301545,276.292,276.292,-0.54,-2.06,2,5,101.05,3,https://real.enamine.net/public-enum-files/Z1474301545
COC=1C=NC=C(C(=O)NC2CCC(=O)NC2=O)C1C,Z2773306062,277.277,277.277,0.02,-1.472,2,5,97.39,3,https://real.enamine.net/public-enum-files/Z2773306062
O=C(NC1CCC(=O)NC1=O)C=2N=CC(=CC2Cl)C(F)(F)F,Z2957850693,335.666,335.666,0.704,-3.171,2,4,88.16,3,https://real.enamine.net/public-enum-files/Z2957850693
COCCCOC1=CC=CC(C(=O)NC2CCC(=O)NC2=O)=C1C,Z2957850825,334.368,334.368,0.842,-2.851,2,5,93.73,7,https://real.enamine.net/public-enum-files/Z2957850825
CC1=CC(C(=O)NC2CCC(=O)NC2=O)=C3NCCC(C)C3=C1,Z4135196512,315.368,315.368,1.615,-3.298,3,4,87.3,2,https://real.enamine.net/public-enum-files/Z4135196512
CC1=CC=2C(=CC=C(C)C2N1)C(=O)NC3CCC(=O)NC3=O,Z4912981042,299.325,299.325,1.388,-3.681,3,3,91.06,2,https://real.enamine.net/public-enum-files/Z4912981042
O=C(NC1CCC(=O)NC1=O)C2=CC(=O)C3=CC(F)=CC(F)=C3N2,Z4950157912,335.263,335.263,-0.779,-3.896,3,5,104.37,2,https://real.enamine.net/public-enum-files/Z4950157912
O=C(NC1CCC(=O)NC1=O)C=2C(=O)NN=C(C=3C=CC=CC3)C2C=4C=CC=CC4,Z4984250678,402.404,402.404,0.081,-5.846,3,5,116.73,4,https://real.enamine.net/public-enum-files/Z4984250678
CC(C)C=1C=CC=C(F)C1C(=O)NC2CCC(=O)NC2=O,Z5623179082,292.306,292.306,0.93,-4.093,2,3,75.27,3,https://real.enamine.net/public-enum-files/Z5623179082
O=C(NC1CCC(=O)NC1=O)C=2C=CC=C3CN(C(=O)C23)C4CCC(=O)NC4=O,Z6532882243,398.37,398.37,-1.175,-3.152,3,6,141.75,3,https://real.enamine.net/public-enum-files/Z6532882243
O=C(NC1CCC(=O)NC1=O)C=2C=C(N=CC2Br)C3CC3,Z7585628337,352.183,352.183,0.421,-3.051,2,4,88.16,3,https://real.enamine.net/public-enum-files/Z7585628337
O=C(NC1CCC(=O)NC1=O)C2=CC=CN3C=NC=C23,Z7606964166,272.26,272.26,-0.021,-2.123,2,4,92.57,2,https://real.enamine.net/public-enum-files/Z7606964166
CC1=NN(C=2NC(=O)C=C(C(=O)NC3CCC(=O)NC3=O)C12)C(C)C,Z7760506008,345.354,345.354,-1.07,-2.82,3,5,122.19,3,https://real.enamine.net/public-enum-files/Z7760506008
O=C(NC1CCC(=O)NC1=O)C=2C=CC=C3C=CN(CC=4C=CC=CC4)C23,Z7761261214,361.395,361.395,2.392,-4.121,2,3,80.2,4,https://real.enamine.net/public-enum-files/Z7761261214
O=C(NC1CCC(=O)NC1=O)C=2C=C(C=CN2)OC3=CC=CC=C3Cl,Z7761343320,359.764,359.764,2.386,-4.032,2,4,97.39,4,https://real.enamine.net/public-enum-files/Z7761343320
CCC1CCC=2NC(=O)C(=CC2C1)C(=O)NC3CCC(=O)NC3=O,Z7761413716,331.367,331.367,0.698,-3.923,3,4,104.37,3,https://real.enamine.net/public-enum-files/Z7761413716
COC1=CC(OC(F)F)=C(C(=O)NC2CCC(=O)NC2=O)C(=C1)OC,Z7795751426,358.295,358.295,0.699,-2.936,2,6,102.96,6,https://real.enamine.net/public-enum-files/Z7795751426
Cl.NC=1C=C(C=CC1C(=O)NC2CCC(=O)NC2=O)OC(F)(F)F,Z9302782079,367.708,331.248,1.073,-4.126,3,5,110.52,4,https://real.enamine.net/public-enum-files/Z9302782079
O=C(NC1CCC(=O)NC1=O)C2=CC(=NC3=CC=NN23)C4CC4,Z8324828491,313.312,313.312,0.156,-2.743,2,5,105.46,3,https://real.enamine.net/public-enum-files/Z8324828491
O=C(NC1CCC(=O)NC1=O)C=2C=C(F)C=CC2N3N=CC=N3,Z8554313292,317.276,317.276,0.72,-2.251,2,5,105.98,3,https://real.enamine.net/public-enum-files/Z8554313292
O=C(NC1CCC(=O)NC1=O)C2=CC=CN3C2=NC=4CCCCC43,Z8564129999,326.351,326.351,1.091,-2.919,2,4,92.57,2,https://real.enamine.net/public-enum-files/Z8564129999
CC1=NC(=CN(C)C1=O)C(=O)NC2CCC(=O)NC2=O,Z8583644965,278.265,278.265,-1.342,-0.196,2,5,107.94,2,https://real.enamine.net/public-enum-files/Z8583644965
CN1C=CC(=N1)C(=O)NC=2C=CC(=CC2)C(=O)NC3CCC(=O)NC3=O,Z8641990122,355.349,355.349,-0.657,-2.746,3,5,122.19,4,https://real.enamine.net/public-enum-files/Z8641990122
CCN1N=CN=C1C=2C=CC(=CC2)C(=O)NC3CCC(=O)NC3=O,Z9212531175,327.339,327.339,0.085,-3.361,2,5,105.98,4,https://real.enamine.net/public-enum-files/Z9212531175
CC1=CSC=2C(=NC=NC12)C(=O)NC3CCC(=O)NC3=O,Z9212567184,304.326,304.326,0.923,-2.996,2,5,101.05,2,https://real.enamine.net/public-enum-files/Z9212567184
O=C(NC1CCC(=O)NC1=O)C=2C=CC(=CC2)NCCC3=CC=CC=N3,Z9212648511,352.388,352.388,0.653,-2.946,3,5,100.19,6,https://real.enamine.net/public-enum-files/Z9212648511
O=C(NC1CCC(=O)NC1=O)C=2N=CC=CC2OC(F)(F)C(F)Cl,Z8512919313,365.693,365.693,2.342,-3.515,2,5,97.39,5,https://real.enamine.net/public-enum-files/Z8512919313
