stereo_smiles,LUMO_eV
N#CN1CC[C@H](c2[nH]c(=O)ccc2-c2ccc3c(c2)C(=O)N([C@@H]2CCC(=O)NC2=O)C3)C1,-7.933577182
N#CN1CC[C@@H](c2[nH]c(=O)ccc2-c2ccc3c(c2)C(=O)N([C@@H]2CCC(=O)NC2=O)C3)C1,-8.07027261
N#CN1CC[C@H](c2[nH]c(=O)ccc2-c2ccc3c(c2)C(=O)N([C@H]2CCC(=O)NC2=O)C3)C1,-8.064748187
N#CN1CC[C@@H](c2[nH]c(=O)ccc2-c2ccc3c(c2)C(=O)N([C@H]2CCC(=O)NC2=O)C3)C1,-8.077256399
O=C1CC[C@H](NC(=O)c2cncc(-n3ccnn3)c2)C(=O)N1,-8.866304122
O=C1CC[C@@H](NC(=O)c2cncc(-n3ccnn3)c2)C(=O)N1,-8.866174683
N#CN1CC[C@H](c2ccc3c(c2)CC[C@@H]3C(=O)Nc2ccc([C@@H]3CCC(=O)NC3=O)cc2)C1,-7.669934316
N#CN1CC[C@@H](c2ccc3c(c2)CC[C@@H]3C(=O)Nc2ccc([C@@H]3CCC(=O)NC3=O)cc2)C1,-7.683114139
N#CN1CC[C@H](c2ccc3c(c2)CC[C@H]3C(=O)Nc2ccc([C@@H]3CCC(=O)NC3=O)cc2)C1,-7.681222628
N#CN1CC[C@@H](c2ccc3c(c2)CC[C@H]3C(=O)Nc2ccc([C@@H]3CCC(=O)NC3=O)cc2)C1,-7.680727516
N#CN1CC[C@H](c2ccc3c(c2)CC[C@@H]3C(=O)Nc2ccc([C@H]3CCC(=O)NC3=O)cc2)C1,-7.6876285
N#CN1CC[C@@H](c2ccc3c(c2)CC[C@@H]3C(=O)Nc2ccc([C@H]3CCC(=O)NC3=O)cc2)C1,-7.676620207
N#CN1CC[C@H](c2ccc3c(c2)CC[C@H]3C(=O)Nc2ccc([C@H]3CCC(=O)NC3=O)cc2)C1,-7.671894456
N#CN1CC[C@@H](c2ccc3c(c2)CC[C@H]3C(=O)Nc2ccc([C@H]3CCC(=O)NC3=O)cc2)C1,-7.680351276
O=C1CC[C@H](NC(=O)c2cnco2)C(=O)N1,-8.098087177
O=C1CC[C@@H](NC(=O)c2cnco2)C(=O)N1,-8.097931086
Cc1nc(CC(C)C)oc1C(=O)N[C@@H]1CCC(=O)NC1=O,-7.875320423
Cc1nc(CC(C)C)oc1C(=O)N[C@H]1CCC(=O)NC1=O,-7.863035892
CC(C)(CF)c1ncc(C(=O)N[C@@H]2CCC(=O)NC2=O)o1,-8.046584464
CC(C)(CF)c1ncc(C(=O)N[C@H]2CCC(=O)NC2=O)o1,-7.988293388
O=C1CC[C@H](NC(=O)c2cnc(S(=O)(=O)F)o2)C(=O)N1,-9.090483842
O=C1CC[C@@H](NC(=O)c2cnc(S(=O)(=O)F)o2)C(=O)N1,-9.396537026
CCc1nc(C)oc1C(=O)N[C@@H]1CCC(=O)NC1=O,-7.922403735
CCc1nc(C)oc1C(=O)N[C@H]1CCC(=O)NC1=O,-7.92264898
O=C1CC[C@H](N2Cc3c(Nc4ccnc(Nc5ccc6c(c5)CCN6)n4)cccc3C2=O)C(=O)N1,-7.938814074
O=C1CC[C@@H](N2Cc3c(Nc4ccnc(Nc5ccc6c(c5)CCN6)n4)cccc3C2=O)C(=O)N1,-7.892179825
N#CN1CC[C@H](c2cccc(-c3csc(C(=O)N[C@@H]4CCC(=O)NC4=O)n3)c2)C1,-8.098779409
N#CN1CC[C@@H](c2cccc(-c3csc(C(=O)N[C@@H]4CCC(=O)NC4=O)n3)c2)C1,-8.160196526
N#CN1CC[C@H](c2cccc(-c3csc(C(=O)N[C@H]4CCC(=O)NC4=O)n3)c2)C1,-8.263857322
N#CN1CC[C@@H](c2cccc(-c3csc(C(=O)N[C@H]4CCC(=O)NC4=O)n3)c2)C1,-8.191649668
N#CN1CCC[C@H](c2ncsc2C(=O)Nc2ccc([C@@H]3CCC(=O)NC3=O)cc2)C1,-8.096938941
N#CN1CCC[C@@H](c2ncsc2C(=O)Nc2ccc([C@@H]3CCC(=O)NC3=O)cc2)C1,-8.315411603
N#CN1CCC[C@H](c2ncsc2C(=O)Nc2ccc([C@H]3CCC(=O)NC3=O)cc2)C1,-8.347084443
N#CN1CCC[C@@H](c2ncsc2C(=O)Nc2ccc([C@H]3CCC(=O)NC3=O)cc2)C1,-7.924085116
O=C(C#CCOc1ccccc1)Nc1ccc(N[C@@H]2CCC(=O)NC2=O)cc1,-7.759217403
O=C(C#CCOc1ccccc1)Nc1ccc(N[C@H]2CCC(=O)NC2=O)cc1,-7.752532898
O=C1CC[C@H](N2C(=O)c3cccc(Nc4cccc(S(=O)(=O)F)c4)c3C2=O)C(=O)N1,-8.81691049
O=C1CC[C@@H](N2C(=O)c3cccc(Nc4cccc(S(=O)(=O)F)c4)c3C2=O)C(=O)N1,-8.938101458
O=C1CC[C@H](N2C(=O)c3cccc(Nc4ccc(OS(=O)(=O)F)cc4)c3C2=O)C(=O)N1,-8.664540895
O=C1CC[C@@H](N2C(=O)c3cccc(Nc4ccc(OS(=O)(=O)F)cc4)c3C2=O)C(=O)N1,-8.65525573
O=C1CC[C@H](N2C(=O)c3cccc(Nc4cccc(OS(=O)(=O)F)c4)c3C2=O)C(=O)N1,-8.788128022
O=C1CC[C@@H](N2C(=O)c3cccc(Nc4cccc(OS(=O)(=O)F)c4)c3C2=O)C(=O)N1,-8.781746174
CC(=O)Nc1cc(Nc2cccc3c2C(=O)N([C@@H]2CCC(=O)NC2=O)C3=O)cc(C(C)(C)C)c1,-8.437430326
CC(=O)Nc1cc(Nc2cccc3c2C(=O)N([C@H]2CCC(=O)NC2=O)C3=O)cc(C(C)(C)C)c1,-8.445580729
O=C1CC[C@H](NC(=O)c2ccc3oc(-c4ccccc4Cl)nc3c2)C(=O)N1,-7.991398529
O=C1CC[C@@H](NC(=O)c2ccc3oc(-c4ccccc4Cl)nc3c2)C(=O)N1,-7.991536512
O=C1CC[C@H](Nc2ccc(NC(=O)c3cn(C(F)F)ccc3=O)cc2)C(=O)N1,-8.232951859
O=C1CC[C@@H](Nc2ccc(NC(=O)c3cn(C(F)F)ccc3=O)cc2)C(=O)N1,-7.903923377
O=Cc1ccc(OCC#Cc2cccc3c2CN([C@@H]2CCC(=O)NC2=O)C3=O)cc1,-8.091429337
O=Cc1ccc(OCC#Cc2cccc3c2CN([C@H]2CCC(=O)NC2=O)C3=O)cc1,-8.116361809
O=C1CC[C@H](N2Cc3c(C#CCOc4ccccc4)cccc3C2=O)C(=O)N1,-7.847243327
O=C1CC[C@@H](N2Cc3c(C#CCOc4ccccc4)cccc3C2=O)C(=O)N1,-7.848042301
O=C1CC[C@H](c2ccc(NS(=O)(=O)CCCn3cnnn3)cc2)C(=O)N1,-7.74847867
O=C1CC[C@@H](c2ccc(NS(=O)(=O)CCCn3cnnn3)cc2)C(=O)N1,-7.818835209
C=CC(=O)NC[C@]1(c2ccccc2)C[C@H](NC(=O)c2cccc3c2C(=O)NC3)C1,-7.623782351
C=CC(=O)NC[C@]1(c2ccccc2)C[C@@H](NC(=O)c2cccc3c2C(=O)NC3)C1,-7.619560945
CC(C)=CC(=O)N[C@@H]1CC(=O)NC1=O,-7.817728358
CC(C)=CC(=O)N[C@H]1CC(=O)NC1=O,-7.817969597
O=C1CC[C@H](NC(=O)c2cc(S(=O)(=O)F)cc3c2S(=O)(=O)CCC3)C(=O)N1,-8.496791174
O=C1CC[C@@H](NC(=O)c2cc(S(=O)(=O)F)cc3c2S(=O)(=O)CCC3)C(=O)N1,-8.536026243
O=C1CC[C@H](NC(=O)c2ccc(S(=O)(=O)F)c3c2S(=O)(=O)CCC3)C(=O)N1,-8.497694242
O=C1CC[C@@H](NC(=O)c2ccc(S(=O)(=O)F)c3c2S(=O)(=O)CCC3)C(=O)N1,-8.42651365
O=C1CC[C@H](NC(=O)c2cccc3c2S(=O)(=O)CCC3)C(=O)N1,-7.615926187
O=C1CC[C@@H](NC(=O)c2cccc3c2S(=O)(=O)CCC3)C(=O)N1,-7.59923324
O=C1CC[C@H](NC(=O)c2cnc([C@@H]3CCCN3)nc2)C(=O)N1,-8.156094994
O=C1CC[C@@H](NC(=O)c2cnc([C@@H]3CCCN3)nc2)C(=O)N1,-8.158263358
O=C1CC[C@H](NC(=O)c2cnc([C@H]3CCCN3)nc2)C(=O)N1,-8.15860353
O=C1CC[C@@H](NC(=O)c2cnc([C@H]3CCCN3)nc2)C(=O)N1,-8.155795727
Cc1csc(-c2cccc(C(=O)N[C@@H]3CCC(=O)NC3=O)c2)n1,-7.87378739
Cc1csc(-c2cccc(C(=O)N[C@H]3CCC(=O)NC3=O)c2)n1,-7.872049319
C[C@@H]1NCCc2c(C(=O)N[C@@H]3CCC(=O)NC3=O)ccc(Cl)c21,-8.059944093
C[C@H]1NCCc2c(C(=O)N[C@@H]3CCC(=O)NC3=O)ccc(Cl)c21,-8.062855715
C[C@@H]1NCCc2c(C(=O)N[C@H]3CCC(=O)NC3=O)ccc(Cl)c21,-8.066387952
C[C@H]1NCCc2c(C(=O)N[C@H]3CCC(=O)NC3=O)ccc(Cl)c21,-8.065273725
Cn1nc(C(=O)Nc2cccc(C3CC(=O)NC(=O)C3)c2)cc1O,-7.444091713
O=C1CC[C@H](N2CCCc3c(N4CCNCC4)cccc32)C(=O)N1,-7.789409645
O=C1CC[C@@H](N2CCCc3c(N4CCNCC4)cccc32)C(=O)N1,-7.785500646
N#CN1CCC[C@H](c2cccc(NC(=O)c3cccc4c3CN([C@@H]3CCC(=O)NC3=O)C4=O)c2)C1,-7.824259766
N#CN1CCC[C@@H](c2cccc(NC(=O)c3cccc4c3CN([C@@H]3CCC(=O)NC3=O)C4=O)c2)C1,-7.821835562
N#CN1CCC[C@H](c2cccc(NC(=O)c3cccc4c3CN([C@H]3CCC(=O)NC3=O)C4=O)c2)C1,-7.58783077
N#CN1CCC[C@@H](c2cccc(NC(=O)c3cccc4c3CN([C@H]3CCC(=O)NC3=O)C4=O)c2)C1,-7.70064948
Cc1nn(C)c(C)c1-c1cc(C(=O)N[C@@H]2CCC(=O)NC2=O)[nH]n1,-7.953767246
Cc1nn(C)c(C)c1-c1cc(C(=O)N[C@H]2CCC(=O)NC2=O)[nH]n1,-7.9762198
O=C1CC[C@H](NC(=O)c2ccccc2-n2cnc3ccccc32)C(=O)N1,-8.084074867
O=C1CC[C@@H](NC(=O)c2ccccc2-n2cnc3ccccc32)C(=O)N1,-8.011216292
CCn1cc(C(=O)Nc2cccc(C3CC(=O)NC(=O)C3)c2)cn1,-7.890582435
O=C1CC[C@H](Nc2ccc(NC(=O)c3scc4c3OCCO4)cc2)C(=O)N1,-7.900900081
O=C1CC[C@@H](Nc2ccc(NC(=O)c3scc4c3OCCO4)cc2)C(=O)N1,-7.901208295
O=C1CC[C@H](NC(=O)c2cnc(Oc3ccccc3)cn2)C(=O)N1,-7.993605071
O=C1CC[C@@H](NC(=O)c2cnc(Oc3ccccc3)cn2)C(=O)N1,-7.994790678
N#CN1CC[C@H](c2ccn(Cc3cn([C@@H]4CCC(=O)NC4=O)nn3)c2)C1,-7.843654537
N#CN1CC[C@@H](c2ccn(Cc3cn([C@@H]4CCC(=O)NC4=O)nn3)c2)C1,-8.043299948
N#CN1CC[C@H](c2ccn(Cc3cn([C@H]4CCC(=O)NC4=O)nn3)c2)C1,-7.82782101
N#CN1CC[C@@H](c2ccn(Cc3cn([C@H]4CCC(=O)NC4=O)nn3)c2)C1,-7.865955725
N#CN1CCC[C@H](c2cc(-c3cccc4c3CN([C@@H]3CCC(=O)NC3=O)C4=O)cs2)C1,-7.930662788
N#CN1CCC[C@@H](c2cc(-c3cccc4c3CN([C@@H]3CCC(=O)NC3=O)C4=O)cs2)C1,-7.922003132
N#CN1CCC[C@H](c2cc(-c3cccc4c3CN([C@H]3CCC(=O)NC3=O)C4=O)cs2)C1,-7.849512566
N#CN1CCC[C@@H](c2cc(-c3cccc4c3CN([C@H]3CCC(=O)NC3=O)C4=O)cs2)C1,-7.930958087
O=C1CC[C@H](Nc2cccc(NC(=O)[C@@H]3OCCn4ccnc43)c2)C(=O)N1,-7.777201074
O=C1CC[C@@H](Nc2cccc(NC(=O)[C@@H]3OCCn4ccnc43)c2)C(=O)N1,-7.783562856
O=C1CC[C@H](Nc2cccc(NC(=O)[C@H]3OCCn4ccnc43)c2)C(=O)N1,-7.777040896
O=C1CC[C@@H](Nc2cccc(NC(=O)[C@H]3OCCn4ccnc43)c2)C(=O)N1,-7.776586541
Cc1cnc2[nH]nc(C(=O)N[C@@H]3CCC(=O)NC3=O)c2c1,-8.1135
Cc1cnc2[nH]nc(C(=O)N[C@H]3CCC(=O)NC3=O)c2c1,-8.087529344
O=C1CC[C@H](NC(=O)c2n[nH]c3nccc(Cl)c23)C(=O)N1,-8.535476927
O=C1CC[C@@H](NC(=O)c2n[nH]c3nccc(Cl)c23)C(=O)N1,-8.535604306
Cn1nc(C(=O)N[C@@H]2CCC(=O)NC2=O)c2cc(S(C)(=O)=O)cnc21,-8.64420537
Cn1nc(C(=O)N[C@H]2CCC(=O)NC2=O)c2cc(S(C)(=O)=O)cnc21,-8.646223469
Cc1cc(NCCCc2ccc3c(n2)NCCC3)cc(N2CCC(=O)NC2=O)c1,-7.019842319
Cn1c(=O)[nH]c2ncc(-c3cccc(C(=O)N[C@@H]4CCC(=O)NC4=O)c3)cc21,-8.070576585
Cn1c(=O)[nH]c2ncc(-c3cccc(C(=O)N[C@H]4CCC(=O)NC4=O)c3)cc21,-7.81843065
N#CN1CCC[C@H](c2ccc(-c3snnc3C(=O)N[C@@H]3CCC(=O)NC3=O)cc2)C1,-8.227818582
N#CN1CCC[C@@H](c2ccc(-c3snnc3C(=O)N[C@@H]3CCC(=O)NC3=O)cc2)C1,-8.144801168
N#CN1CCC[C@H](c2ccc(-c3snnc3C(=O)N[C@H]3CCC(=O)NC3=O)cc2)C1,-8.380646813
N#CN1CCC[C@@H](c2ccc(-c3snnc3C(=O)N[C@H]3CCC(=O)NC3=O)cc2)C1,-8.424325153
O=C1CC[C@H](c2ccc(Nc3nc(-c4ccccc4Cl)cs3)cc2)C(=O)N1,-7.691506223
O=C1CC[C@@H](c2ccc(Nc3nc(-c4ccccc4Cl)cs3)cc2)C(=O)N1,-7.683196311
O=C1CC[C@H](NC(=O)c2cc(C[C@@H]3CCCCN3)on2)C(=O)N1,-7.931765453
O=C1CC[C@@H](NC(=O)c2cc(C[C@@H]3CCCCN3)on2)C(=O)N1,-7.937752184
O=C1CC[C@H](NC(=O)c2cc(C[C@H]3CCCCN3)on2)C(=O)N1,-7.929014734
O=C1CC[C@@H](NC(=O)c2cc(C[C@H]3CCCCN3)on2)C(=O)N1,-7.927636028
N#CN1CC[C@H](c2c(-c3ccc4c(c3)CN([C@@H]3CCC(=O)NC3=O)C4=O)ccc3c2CCO3)C1,-7.905300704
N#CN1CC[C@@H](c2c(-c3ccc4c(c3)CN([C@@H]3CCC(=O)NC3=O)C4=O)ccc3c2CCO3)C1,-7.63075883
N#CN1CC[C@H](c2c(-c3ccc4c(c3)CN([C@H]3CCC(=O)NC3=O)C4=O)ccc3c2CCO3)C1,-7.827453403
N#CN1CC[C@@H](c2c(-c3ccc4c(c3)CN([C@H]3CCC(=O)NC3=O)C4=O)ccc3c2CCO3)C1,-7.767038625
N#CN1CCC[C@H](c2cccc(-c3cc(N[C@@H]4CCC(=O)NC4=O)ncn3)c2)C1,-7.732802371
N#CN1CCC[C@@H](c2cccc(-c3cc(N[C@@H]4CCC(=O)NC4=O)ncn3)c2)C1,-7.731947503
N#CN1CCC[C@H](c2cccc(-c3cc(N[C@H]4CCC(=O)NC4=O)ncn3)c2)C1,-7.673844099
N#CN1CCC[C@@H](c2cccc(-c3cc(N[C@H]4CCC(=O)NC4=O)ncn3)c2)C1,-7.935360336
N#CN1CCC(c2ccccc2C(=O)Nc2ccc3c(c2)CN([C@@H]2CCC(=O)NC2=O)C3=O)CC1,-7.853563622
N#CN1CCC(c2ccccc2C(=O)Nc2ccc3c(c2)CN([C@H]2CCC(=O)NC2=O)C3=O)CC1,-7.897439842
O=C1CC[C@H](c2ccc(NC(=O)c3cnn4c3OCC3(CC3)C4)cc2)C(=O)N1,-8.056747586
O=C1CC[C@@H](c2ccc(NC(=O)c3cnn4c3OCC3(CC3)C4)cc2)C(=O)N1,-8.056680396
O=C1CC[C@H](N2Cc3cc(NCc4ccc5c(c4)oc4ccccc45)ccc3C2=O)C(=O)N1,-7.779082783
O=C1CC[C@@H](N2Cc3cc(NCc4ccc5c(c4)oc4ccccc45)ccc3C2=O)C(=O)N1,-7.779263486
O=C1CC[C@H](n2cnc3ccc(OCc4ccc(CN5CCOCC5)cc4)cc32)C(=O)N1,-8.102830256
O=C1CC[C@@H](n2cnc3ccc(OCc4ccc(CN5CCOCC5)cc4)cc32)C(=O)N1,-8.140074301
O=C1CC[C@H](c2ccc(Nc3ncnc4c3CCNC4=O)cc2)C(=O)N1,-7.835987082
O=C1CC[C@@H](c2ccc(Nc3ncnc4c3CCNC4=O)cc2)C(=O)N1,-7.836387331
N#CN1CC[C@H](c2nccc(-c3ccc4c(c3)CN([C@@H]3CCC(=O)NC3=O)C4=O)n2)C1,-8.373355332
N#CN1CC[C@@H](c2nccc(-c3ccc4c(c3)CN([C@@H]3CCC(=O)NC3=O)C4=O)n2)C1,-8.212206631
N#CN1CC[C@H](c2nccc(-c3ccc4c(c3)CN([C@H]3CCC(=O)NC3=O)C4=O)n2)C1,-8.366197728
N#CN1CC[C@@H](c2nccc(-c3ccc4c(c3)CN([C@H]3CCC(=O)NC3=O)C4=O)n2)C1,-8.115349314
O=C1CCN(c2ccc(-c3cc(F)cc(COC4CCCCC4)c3)cc2)C(=O)N1,-7.401069726
N#CN1CC[C@H](c2nnnn2-c2ccc(C(=O)N[C@@H]3CCC(=O)NC3=O)cc2)C1,-8.569644557
N#CN1CC[C@@H](c2nnnn2-c2ccc(C(=O)N[C@@H]3CCC(=O)NC3=O)cc2)C1,-8.371964304
N#CN1CC[C@H](c2nnnn2-c2ccc(C(=O)N[C@H]3CCC(=O)NC3=O)cc2)C1,-8.399145347
N#CN1CC[C@@H](c2nnnn2-c2ccc(C(=O)N[C@H]3CCC(=O)NC3=O)cc2)C1,-8.125317475
N#CN1CCC[C@H](c2ccc3cnc(C(=O)N[C@@H]4CCC(=O)NC4=O)nc3c2)C1,-8.941884419
N#CN1CCC[C@@H](c2ccc3cnc(C(=O)N[C@@H]4CCC(=O)NC4=O)nc3c2)C1,-8.669162339
N#CN1CCC[C@H](c2ccc3cnc(C(=O)N[C@H]4CCC(=O)NC4=O)nc3c2)C1,-8.669517894
N#CN1CCC[C@@H](c2ccc3cnc(C(=O)N[C@H]4CCC(=O)NC4=O)nc3c2)C1,-8.668933831
O=C1NCc2ccc(OC[C@H](O)COCc3cccs3)cc21,-7.088116381
O=C1NCc2ccc(OC[C@@H](O)COCc3cccs3)cc21,-7.201952377
Cc1cc2occ(CC(=O)Nc3ccc4c(c3)C(=O)NC4=O)c2cc1C(C)C,-8.615701474
CN(CC(=O)Nc1ccc([C@@H]2CCC(=O)NC2=O)cc1)c1ncnc2nc[nH]c12,-7.872527973
CN(CC(=O)Nc1ccc([C@H]2CCC(=O)NC2=O)cc1)c1ncnc2nc[nH]c12,-7.868347273
Nc1nc(C(=O)N[C@@H]2CCC(=O)NC2=O)nc(N2CCOCC2)n1,-7.981976103
Nc1nc(C(=O)N[C@H]2CCC(=O)NC2=O)nc(N2CCOCC2)n1,-7.980769639
O=C1CC[C@H](Sc2ncnc3c2oc2ccccc23)C(=O)N1,-8.115516454
O=C1CC[C@@H](Sc2ncnc3c2oc2ccccc23)C(=O)N1,-8.114443036
N#CN1CC[C@H](c2ccc(-n3cc(C(=O)N[C@@H]4CCC(=O)NC4=O)cn3)cc2)C1,-7.992083579
N#CN1CC[C@@H](c2ccc(-n3cc(C(=O)N[C@@H]4CCC(=O)NC4=O)cn3)cc2)C1,-7.993199256
N#CN1CC[C@H](c2ccc(-n3cc(C(=O)N[C@H]4CCC(=O)NC4=O)cn3)cc2)C1,-8.003737319
N#CN1CC[C@@H](c2ccc(-n3cc(C(=O)N[C@H]4CCC(=O)NC4=O)cn3)cc2)C1,-7.99664384
Cn1cccc1C(=O)N[C@@H]1CCC(=O)NC1=O,-7.878734749
Cn1cccc1C(=O)N[C@H]1CCC(=O)NC1=O,-7.878779874
Cn1cc(C#N)cc1C(=O)N[C@@H]1CCC(=O)NC1=O,-8.072420648
Cn1cc(C#N)cc1C(=O)N[C@H]1CCC(=O)NC1=O,-8.072652085
O=C1CC[C@H](N2Cc3ccc(NC(=O)c4ccccc4S(=O)(=O)F)cc3C2=O)C(=O)N1,-8.236721163
O=C1CC[C@@H](N2Cc3ccc(NC(=O)c4ccccc4S(=O)(=O)F)cc3C2=O)C(=O)N1,-8.134073436
O=C1CC[C@H](N2Cc3ccc(NC(=O)c4cccc(S(=O)(=O)F)c4)cc3C2=O)C(=O)N1,-8.084895184
O=C1CC[C@@H](N2Cc3ccc(NC(=O)c4cccc(S(=O)(=O)F)c4)cc3C2=O)C(=O)N1,-8.047247505
Cc1ccc(C(=O)Nc2ccc3c(c2)C(=O)N([C@@H]2CCC(=O)NC2=O)C3)cc1,-7.815823379
Cc1ccc(C(=O)Nc2ccc3c(c2)C(=O)N([C@H]2CCC(=O)NC2=O)C3)cc1,-7.868927335
N#Cc1c[nH]c(C(=O)Nc2cccc3c2CN([C@@H]2CCC(=O)NC2=O)C3=O)c1,-7.94374314
N#Cc1c[nH]c(C(=O)Nc2cccc3c2CN([C@H]2CCC(=O)NC2=O)C3=O)c1,-7.943875132
N#CN1CC[C@H](c2ccc3c(c2)-c2sc(C(=O)N[C@@H]4CCC(=O)NC4=O)cc2CC3)C1,-7.991413384
N#CN1CC[C@@H](c2ccc3c(c2)-c2sc(C(=O)N[C@@H]4CCC(=O)NC4=O)cc2CC3)C1,-8.02978587
N#CN1CC[C@H](c2ccc3c(c2)-c2sc(C(=O)N[C@H]4CCC(=O)NC4=O)cc2CC3)C1,-7.993382939
N#CN1CC[C@@H](c2ccc3c(c2)-c2sc(C(=O)N[C@H]4CCC(=O)NC4=O)cc2CC3)C1,-7.985529999
N#CN1CCC(c2c(-c3ccc4c(c3)CN([C@@H]3CCC(=O)NC3=O)C4=O)nc3n2CCC3)CC1,-7.672009225
N#CN1CCC(c2c(-c3ccc4c(c3)CN([C@H]3CCC(=O)NC3=O)C4=O)nc3n2CCC3)CC1,-7.797058388
N#CN1CC[C@H](c2cncnc2-c2ccc3c(c2)CN([C@@H]2CCC(=O)NC2=O)C3=O)C1,-8.240347517
N#CN1CC[C@@H](c2cncnc2-c2ccc3c(c2)CN([C@@H]2CCC(=O)NC2=O)C3=O)C1,-8.238794367
N#CN1CC[C@H](c2cncnc2-c2ccc3c(c2)CN([C@H]2CCC(=O)NC2=O)C3=O)C1,-8.002865283
N#CN1CC[C@@H](c2cncnc2-c2ccc3c(c2)CN([C@H]2CCC(=O)NC2=O)C3=O)C1,-8.028210678
Cn1c(N)c(N2C(=O)C=CC2=O)c(=O)[nH]c1=O,-9.5093
N#CN1CCC[C@H](c2cncc(-c3ncc(C(=O)N[C@@H]4CCC(=O)NC4=O)s3)n2)C1,-8.720757993
N#CN1CCC[C@@H](c2cncc(-c3ncc(C(=O)N[C@@H]4CCC(=O)NC4=O)s3)n2)C1,-8.699223113
N#CN1CCC[C@H](c2cncc(-c3ncc(C(=O)N[C@H]4CCC(=O)NC4=O)s3)n2)C1,-8.784828091
N#CN1CCC[C@@H](c2cncc(-c3ncc(C(=O)N[C@H]4CCC(=O)NC4=O)s3)n2)C1,-8.776804854
O=C1CC[C@H](N2C(=O)c3ccc(N4CCCNCC4)cc3C2=O)C(=O)N1,-8.479292879
O=C1CC[C@@H](N2C(=O)c3ccc(N4CCCNCC4)cc3C2=O)C(=O)N1,-8.387929426
O=C1CC[C@H](Nc2ccc(NC(=O)c3nccn4cc(Cl)cc34)cc2)C(=O)N1,-8.081451395
O=C1CC[C@@H](Nc2ccc(NC(=O)c3nccn4cc(Cl)cc34)cc2)C(=O)N1,-8.081792239
N#CN1CCC[C@H](c2cccc(-c3nc(C(=O)N[C@@H]4CCC(=O)NC4=O)c4n3CCCCC4)c2)C1,-7.61030288
N#CN1CCC[C@@H](c2cccc(-c3nc(C(=O)N[C@@H]4CCC(=O)NC4=O)c4n3CCCCC4)c2)C1,-7.636791553
N#CN1CCC[C@H](c2cccc(-c3nc(C(=O)N[C@H]4CCC(=O)NC4=O)c4n3CCCCC4)c2)C1,-7.706894051
N#CN1CCC[C@@H](c2cccc(-c3nc(C(=O)N[C@H]4CCC(=O)NC4=O)c4n3CCCCC4)c2)C1,-7.631073019
O=C1CC[C@H](N2Cc3cc(-n4cc(-c5cnsc5)nn4)ccc3C2=O)C(=O)N1,-8.121192341
O=C1CC[C@@H](N2Cc3cc(-n4cc(-c5cnsc5)nn4)ccc3C2=O)C(=O)N1,-8.072113766
C=CC(=O)Nc1ccc([C@]2(CC)CCC(=O)NC2=O)cc1,-7.593926089
C=CC(=O)Nc1ccc([C@@]2(CC)CCC(=O)NC2=O)cc1,-7.594554109
O=C1CC[C@H](c2cccc(OS(=O)(=O)F)c2)C(=O)N1,-8.312415242
O=C1CC[C@@H](c2cccc(OS(=O)(=O)F)c2)C(=O)N1,-7.949553629
O=C1CC[C@H](c2ccc(OS(=O)(=O)F)cc2)C(=O)N1,-7.893665411
O=C1CC[C@@H](c2ccc(OS(=O)(=O)F)cc2)C(=O)N1,-7.883542794
CC[C@]1(c2ccc(N)cc2)CCC(=O)NC1=O,-7.431528881
CC[C@@]1(c2ccc(N)cc2)CCC(=O)NC1=O,-7.431388919
O=C1CC[C@H](c2ccccc2)C(=O)N1,-7.648292447
O=C1CC[C@@H](c2ccccc2)C(=O)N1,-7.648005026
CC[C@]1(c2ccc(NC(=O)CCl)cc2)CCC(=O)NC1=O,-7.594346369
CC[C@@]1(c2ccc(NC(=O)CCl)cc2)CCC(=O)NC1=O,-7.594525116
Nc1cccc([C@@H]2CCC(=O)NC2=O)c1,-7.551621191
Nc1cccc([C@H]2CCC(=O)NC2=O)c1,-7.552101275
Nc1ccc([C@@H]2CCC(=O)NC2=O)cc1,-7.934514043
CCC(=O)NCC(=O)Nc1ccc([C@]2(CC)CCC(=O)NC2=O)cc1,-7.491862968
CCC(=O)NCC(=O)Nc1ccc([C@@]2(CC)CCC(=O)NC2=O)cc1,-7.497764717
Nc1ccc([C@H]2CCC(=O)NC2=O)cc1,-7.510972744
CCCCOc1ccc([C@@H]2CCC(=O)NC2=O)cc1,-7.582224701
CCCCOc1ccc([C@H]2CCC(=O)NC2=O)cc1,-7.580668347
NCCCCCNC(=O)C(=O)Nc1cccc([C@@H]2CCC(=O)NC2=O)c1,-7.647414561
NCCCCCNC(=O)C(=O)Nc1cccc([C@H]2CCC(=O)NC2=O)c1,-7.737072774
O=C1CC[C@H](c2ccc(S(=O)(=O)F)cc2)C(=O)N1,-8.102577071
O=C1CC[C@@H](c2ccc(S(=O)(=O)F)cc2)C(=O)N1,-8.102516257
CC[C@]1(c2ccc(NC(C)=O)cc2)CCC(=O)NC1=O,-7.554263805
CC[C@@]1(c2ccc(NC(C)=O)cc2)CCC(=O)NC1=O,-7.554927901
COc1cccc([C@@H]2CCC(=O)NC2=O)c1,-7.901696856
COc1cccc([C@H]2CCC(=O)NC2=O)c1,-7.901918885
COc1ccc([C@@H]2CCC(=O)NC2=O)cc1,-7.894280991
COc1ccc([C@H]2CCC(=O)NC2=O)cc1,-7.894320985
C[C@@H]1CNc2nc(C(=O)N[C@@H]3CCC(=O)NC3=O)nn2C1,-7.689509783
C[C@H]1CNc2nc(C(=O)N[C@@H]3CCC(=O)NC3=O)nn2C1,-7.698244075
C[C@@H]1CNc2nc(C(=O)N[C@H]3CCC(=O)NC3=O)nn2C1,-7.687233796
C[C@H]1CNc2nc(C(=O)N[C@H]3CCC(=O)NC3=O)nn2C1,-7.688978294
N#CN1CC[C@H](c2cc(-c3ncc(C(=O)N[C@@H]4CCC(=O)NC4=O)s3)cc3c2OCC3)C1,-8.151612031
N#CN1CC[C@@H](c2cc(-c3ncc(C(=O)N[C@@H]4CCC(=O)NC4=O)s3)cc3c2OCC3)C1,-8.17639018
N#CN1CC[C@H](c2cc(-c3ncc(C(=O)N[C@H]4CCC(=O)NC4=O)s3)cc3c2OCC3)C1,-8.178928895
N#CN1CC[C@@H](c2cc(-c3ncc(C(=O)N[C@H]4CCC(=O)NC4=O)s3)cc3c2OCC3)C1,-8.182625749
N#CN1CCC(c2csc(-c3cccc(C(=O)N[C@@H]4CCC(=O)NC4=O)c3)n2)CC1,-8.068394715
N#CN1CCC(c2csc(-c3cccc(C(=O)N[C@H]4CCC(=O)NC4=O)c3)n2)CC1,-8.219532474
N#CN1CCC[C@H](c2ccccc2-n2ccc(C(=O)N[C@@H]3CCC(=O)NC3=O)n2)C1,-7.695042004
N#CN1CCC[C@@H](c2ccccc2-n2ccc(C(=O)N[C@@H]3CCC(=O)NC3=O)n2)C1,-7.99533462
N#CN1CCC[C@H](c2ccccc2-n2ccc(C(=O)N[C@H]3CCC(=O)NC3=O)n2)C1,-8.010218755
N#CN1CCC[C@@H](c2ccccc2-n2ccc(C(=O)N[C@H]3CCC(=O)NC3=O)n2)C1,-8.029030038
N#CN1CCC[C@H](c2cscc2-c2cnc(C(=O)N[C@@H]3CCC(=O)NC3=O)cn2)C1,-8.229067944
N#CN1CCC[C@@H](c2cscc2-c2cnc(C(=O)N[C@@H]3CCC(=O)NC3=O)cn2)C1,-8.572495762
N#CN1CCC[C@H](c2cscc2-c2cnc(C(=O)N[C@H]3CCC(=O)NC3=O)cn2)C1,-8.386802808
N#CN1CCC[C@@H](c2cscc2-c2cnc(C(=O)N[C@H]3CCC(=O)NC3=O)cn2)C1,-8.358871921
Cc1nn(-c2ccccc2)c2nc(C(=O)N[C@@H]3CCC(=O)NC3=O)ccc12,-8.146283215
Cc1nn(-c2ccccc2)c2nc(C(=O)N[C@H]3CCC(=O)NC3=O)ccc12,-8.146735493
O=C1C[C@H](N2C(=O)c3cccc(NC[C@@H]4CCOC4)c3C2=O)C(=O)N1,-8.654490836
O=C1C[C@@H](N2C(=O)c3cccc(NC[C@@H]4CCOC4)c3C2=O)C(=O)N1,-8.649106901
O=C1C[C@H](N2C(=O)c3cccc(NC[C@H]4CCOC4)c3C2=O)C(=O)N1,-8.659251995
O=C1C[C@@H](N2C(=O)c3cccc(NC[C@H]4CCOC4)c3C2=O)C(=O)N1,-8.651782387
Cn1ccc(-n2cnc(C(=O)N[C@@H]3CCC(=O)NC3=O)c2)n1,-7.665712168
Cn1ccc(-n2cnc(C(=O)N[C@H]3CCC(=O)NC3=O)c2)n1,-7.665726791
O=C1CC[C@H](Nc2ccc(NC(=O)c3cn4ccc(CO)cc4n3)cc2)C(=O)N1,-8.248782584
O=C1CC[C@@H](Nc2ccc(NC(=O)c3cn4ccc(CO)cc4n3)cc2)C(=O)N1,-8.203263223
COc1cc2nc(-c3ccccc3)nc(N[C@@H]3CCC(=O)NC3=O)c2cc1OC,-7.93925635
COc1cc2nc(-c3ccccc3)nc(N[C@H]3CCC(=O)NC3=O)c2cc1OC,-7.971223222
N#CN1CCC(c2cccc(-c3csc(C(=O)N[C@@H]4CCC(=O)NC4=O)n3)c2)CC1,-8.050014359
N#CN1CCC(c2cccc(-c3csc(C(=O)N[C@H]4CCC(=O)NC4=O)n3)c2)CC1,-8.242120008
C[C@]1(C2CCCCC2)CC(=O)N([C@@H]2CCC(=O)NC2=O)C1=O,-7.942112163
C[C@@]1(C2CCCCC2)CC(=O)N([C@@H]2CCC(=O)NC2=O)C1=O,-7.932315643
C[C@]1(C2CCCCC2)CC(=O)N([C@H]2CCC(=O)NC2=O)C1=O,-7.931958451
C[C@@]1(C2CCCCC2)CC(=O)N([C@H]2CCC(=O)NC2=O)C1=O,-7.941283184
O=C1CC[C@H](NC(=O)c2cccc3ccn(Cc4ccccc4)c23)C(=O)N1,-7.835452277
O=C1CC[C@@H](NC(=O)c2cccc3ccn(Cc4ccccc4)c23)C(=O)N1,-7.836916236
O=C1CC[C@H](N2Cc3cc(NCc4ccc5oc6ccccc6c5c4)ccc3C2=O)C(=O)N1,-7.751225932
O=C1CC[C@@H](N2Cc3cc(NCc4ccc5oc6ccccc6c5c4)ccc3C2=O)C(=O)N1,-7.760531459
N#CN1CCC[C@H](c2cc3c(cc2-c2ccc4c(c2)CN([C@@H]2CCC(=O)NC2=O)C4=O)OCO3)C1,-7.829393784
N#CN1CCC[C@@H](c2cc3c(cc2-c2ccc4c(c2)CN([C@@H]2CCC(=O)NC2=O)C4=O)OCO3)C1,-7.794297674
N#CN1CCC[C@H](c2cc3c(cc2-c2ccc4c(c2)CN([C@H]2CCC(=O)NC2=O)C4=O)OCO3)C1,-7.79447176
N#CN1CCC[C@@H](c2cc3c(cc2-c2ccc4c(c2)CN([C@H]2CCC(=O)NC2=O)C4=O)OCO3)C1,-7.73561164
N#Cc1ccc2nc(C(=O)N[C@@H]3CCC(=O)NC3=O)[nH]c2c1,-8.346248655
N#Cc1ccc2nc(C(=O)N[C@H]3CCC(=O)NC3=O)[nH]c2c1,-8.34674572
O=C1CC[C@H](NC(=O)c2nc3cc(S(=O)(=O)F)ccc3[nH]2)C(=O)N1,-8.587355444
O=C1CC[C@@H](NC(=O)c2nc3cc(S(=O)(=O)F)ccc3[nH]2)C(=O)N1,-8.311911101
O=C1CC[C@H](NC(=O)c2nc3cccc(S(=O)(=O)F)c3[nH]2)C(=O)N1,-8.634758047
O=C1CC[C@@H](NC(=O)c2nc3cccc(S(=O)(=O)F)c3[nH]2)C(=O)N1,-8.646909005
O=C1CC[C@H](NC(=O)c2nc3c(S(=O)(=O)F)cccc3[nH]2)C(=O)N1,-8.646705539
O=C1CC[C@@H](NC(=O)c2nc3c(S(=O)(=O)F)cccc3[nH]2)C(=O)N1,-8.688330059
O=C1CC[C@H](NC(=O)c2coc(-c3ccccc3Cl)n2)C(=O)N1,-7.905697304
O=C1CC[C@@H](NC(=O)c2coc(-c3ccccc3Cl)n2)C(=O)N1,-7.817457002
CC(C)c1oc(-c2ccccc2)nc1C(=O)N[C@@H]1CCC(=O)NC1=O,-7.907176848
CC(C)c1oc(-c2ccccc2)nc1C(=O)N[C@H]1CCC(=O)NC1=O,-7.953984408
Cc1oc(-c2ccc(Cl)c(Cl)c2)nc1C(=O)N[C@@H]1CCC(=O)NC1=O,-7.984377999
Cc1oc(-c2ccc(Cl)c(Cl)c2)nc1C(=O)N[C@H]1CCC(=O)NC1=O,-7.993674134
N#CN1CCC[C@H](c2cc(-c3cccc4c3CN([C@@H]3CCC(=O)NC3=O)C4=O)cc(C3CCC3)c2)C1,-7.923208733
N#CN1CCC[C@@H](c2cc(-c3cccc4c3CN([C@@H]3CCC(=O)NC3=O)C4=O)cc(C3CCC3)c2)C1,-7.913996628
N#CN1CCC[C@H](c2cc(-c3cccc4c3CN([C@H]3CCC(=O)NC3=O)C4=O)cc(C3CCC3)c2)C1,-7.654723986
N#CN1CCC[C@@H](c2cc(-c3cccc4c3CN([C@H]3CCC(=O)NC3=O)C4=O)cc(C3CCC3)c2)C1,-7.944522306
CCCOc1ccc(C(=O)N[C@@H]2CCC(=O)NC2=O)c(OC2CCCC2)c1,-7.751037669
CCCOc1ccc(C(=O)N[C@H]2CCC(=O)NC2=O)c(OC2CCCC2)c1,-7.764185899
N#CN1CCC[C@H](c2cccc(C(=O)Nc3ccc([C@@H]4CCC(=O)NC4=O)cc3)c2)C1,-7.896656462
N#CN1CCC[C@@H](c2cccc(C(=O)Nc3ccc([C@@H]4CCC(=O)NC4=O)cc3)c2)C1,-7.670671714
N#CN1CCC[C@H](c2cccc(C(=O)Nc3ccc([C@H]4CCC(=O)NC4=O)cc3)c2)C1,-7.667728663
N#CN1CCC[C@@H](c2cccc(C(=O)Nc3ccc([C@H]4CCC(=O)NC4=O)cc3)c2)C1,-7.66298839
N#Cc1cc2c(c(C(=O)N[C@@H]3CCC(=O)NC3=O)c1)OCCO2,-8.015015242
N#Cc1cc2c(c(C(=O)N[C@H]3CCC(=O)NC3=O)c1)OCCO2,-8.015486678
O=C1CC[C@H](NC(=O)c2ccc(C(F)(F)F)c3c2OCCO3)C(=O)N1,-8.07743226
O=C1CC[C@@H](NC(=O)c2ccc(C(F)(F)F)c3c2OCCO3)C(=O)N1,-8.077512072
O=C1CC[C@H](NC(=O)c2ccc(S(=O)(=O)F)c3c2OCCO3)C(=O)N1,-8.159006999
O=C1CC[C@@H](NC(=O)c2ccc(S(=O)(=O)F)c3c2OCCO3)C(=O)N1,-8.264081743
O=C1CC[C@H](NC(=O)c2cc(S(=O)(=O)F)cc3c2OCCO3)C(=O)N1,-8.264047093
O=C1CC[C@@H](NC(=O)c2cc(S(=O)(=O)F)cc3c2OCCO3)C(=O)N1,-8.159109231
O=C(CCl)N1CC=C(CCN2C(=O)c3ccccc3C2=O)CC1,-8.606763174
Cc1cc2cccc(C(=O)N[C@@H]3CCC(=O)NC3=O)c2o1,-7.871115826
Cc1cc2cccc(C(=O)N[C@H]3CCC(=O)NC3=O)c2o1,-7.870872665
O=C1CC[C@H](NC(=O)c2ccc(S(=O)(=O)F)c3ccoc23)C(=O)N1,-8.657651711
O=C1CC[C@@H](NC(=O)c2ccc(S(=O)(=O)F)c3ccoc23)C(=O)N1,-8.552094065
O=C1CC[C@H](NC(=O)c2cccc3c(S(=O)(=O)F)coc23)C(=O)N1,-8.671192313
O=C1CC[C@@H](NC(=O)c2cccc3c(S(=O)(=O)F)coc23)C(=O)N1,-8.648590277
O=C1CC[C@H](NC(=O)c2cc(S(=O)(=O)F)cc3ccoc23)C(=O)N1,-8.648522763
O=C1CC[C@@H](NC(=O)c2cc(S(=O)(=O)F)cc3ccoc23)C(=O)N1,-8.443881923
Cc1cc2c(Br)ccc(C(=O)N[C@@H]3CCC(=O)NC3=O)c2o1,-8.017508879
Cc1cc2c(Br)ccc(C(=O)N[C@H]3CCC(=O)NC3=O)c2o1,-8.017381411
O=C1CC[C@H](NC(=O)c2cccc3cc(OS(=O)(=O)F)oc23)C(=O)N1,-8.017289727
O=C1CC[C@@H](NC(=O)c2cccc3cc(OS(=O)(=O)F)oc23)C(=O)N1,-8.017249558
N#CN1CCC[C@H](c2ccccc2-n2cc(C(=O)N[C@@H]3CCC(=O)NC3=O)cn2)C1,-7.786197272
N#CN1CCC[C@@H](c2ccccc2-n2cc(C(=O)N[C@@H]3CCC(=O)NC3=O)cn2)C1,-8.128897302
N#CN1CCC[C@H](c2ccccc2-n2cc(C(=O)N[C@H]3CCC(=O)NC3=O)cn2)C1,-7.920038275
N#CN1CCC[C@@H](c2ccccc2-n2cc(C(=O)N[C@H]3CCC(=O)NC3=O)cn2)C1,-7.828880404
O=C1CC[C@H](NC(=O)c2cc3cccnc3nc2C2CC2)C(=O)N1,-8.391036588
O=C1CC[C@@H](NC(=O)c2cc3cccnc3nc2C2CC2)C(=O)N1,-8.374577405
CN1CCO[C@H](C(=O)Nc2ccc(N[C@@H]3CCC(=O)NC3=O)cc2)C1=O,-7.9053475
CN1CCO[C@@H](C(=O)Nc2ccc(N[C@@H]3CCC(=O)NC3=O)cc2)C1=O,-7.905959958
CN1CCO[C@H](C(=O)Nc2ccc(N[C@H]3CCC(=O)NC3=O)cc2)C1=O,-7.905001002
CN1CCO[C@@H](C(=O)Nc2ccc(N[C@H]3CCC(=O)NC3=O)cc2)C1=O,-7.904837862
O=C1CC[C@H](N2C(=O)c3ccc(NC(=O)c4ncccc4F)cc3C2=O)C(=O)N1,-8.719035663
O=C1CC[C@@H](N2C(=O)c3ccc(NC(=O)c4ncccc4F)cc3C2=O)C(=O)N1,-8.718994786
N#CN1CCC[C@H](c2cc3c(cc2-c2ccc4c(c2)C(=O)N([C@@H]2CCC(=O)NC2=O)C4)CCC3)C1,-7.907286799
N#CN1CCC[C@@H](c2cc3c(cc2-c2ccc4c(c2)C(=O)N([C@@H]2CCC(=O)NC2=O)C4)CCC3)C1,-7.902488022
N#CN1CCC[C@H](c2cc3c(cc2-c2ccc4c(c2)C(=O)N([C@H]2CCC(=O)NC2=O)C4)CCC3)C1,-7.79701119
N#CN1CCC[C@@H](c2cc3c(cc2-c2ccc4c(c2)C(=O)N([C@H]2CCC(=O)NC2=O)C4)CCC3)C1,-7.992197301
O=C1CC[C@H](NC(=O)c2ccc3[nH]c(=O)n(C4CC4)c3c2)C(=O)N1,-8.034799092
O=C1CC[C@@H](NC(=O)c2ccc3[nH]c(=O)n(C4CC4)c3c2)C(=O)N1,-7.627585114
O=C1CC[C@H](N2Cc3c(cccc3-c3cccc4ncccc34)C2=O)C(=O)N1,-7.939929406
O=C1CC[C@@H](N2Cc3c(cccc3-c3cccc4ncccc34)C2=O)C(=O)N1,-7.939748168
CC[C@@H]1CCCN(C(=O)Nc2ccc([C@]3(CC)CCC(=O)NC3=O)cc2)C1,-7.458766778
CC[C@H]1CCCN(C(=O)Nc2ccc([C@]3(CC)CCC(=O)NC3=O)cc2)C1,-7.453841223
CC[C@@H]1CCCN(C(=O)Nc2ccc([C@@]3(CC)CCC(=O)NC3=O)cc2)C1,-7.466910173
CC[C@H]1CCCN(C(=O)Nc2ccc([C@@]3(CC)CCC(=O)NC3=O)cc2)C1,-7.469275748
O=C1NCc2c(OCc3nc(Cn4ccnc4)no3)cccc21,-8.627041325
CC(C)c1nc(S(=O)(=O)Nc2cccc3c2CNC3=O)c[nH]1,-7.141402113
O=C1CC[C@H](N2Cc3c(cccc3-c3ccc(OC4CC4)cn3)C2=O)C(=O)N1,-7.969198786
O=C1CC[C@@H](N2Cc3c(cccc3-c3ccc(OC4CC4)cn3)C2=O)C(=O)N1,-7.969227235
O=C1CC[C@H](N2Cc3cc(-c4cc(S(=O)(=O)F)cs4)ccc3C2=O)C(=O)N1,-8.19713251
O=C1CC[C@@H](N2Cc3cc(-c4cc(S(=O)(=O)F)cs4)ccc3C2=O)C(=O)N1,-8.1986348
O=C1CC[C@H](N2Cc3cc(-c4cccs4)c(S(=O)(=O)F)cc3C2=O)C(=O)N1,-8.20524328
O=C1CC[C@@H](N2Cc3cc(-c4cccs4)c(S(=O)(=O)F)cc3C2=O)C(=O)N1,-8.192706774
O=C1CC[C@H](N2Cc3c(ccc(-c4cccs4)c3S(=O)(=O)F)C2=O)C(=O)N1,-8.349526178
O=C1CC[C@@H](N2Cc3c(ccc(-c4cccs4)c3S(=O)(=O)F)C2=O)C(=O)N1,-7.978149922
O=C1CC[C@H](N2Cc3cc(-c4sccc4S(=O)(=O)F)ccc3C2=O)C(=O)N1,-8.042222674
O=C1CC[C@@H](N2Cc3cc(-c4sccc4S(=O)(=O)F)ccc3C2=O)C(=O)N1,-8.305900446
O=C1CC[C@H](N2Cc3cc(-c4cc(OS(=O)(=O)F)cs4)ccc3C2=O)C(=O)N1,-7.993156101
O=C1CC[C@@H](N2Cc3cc(-c4cc(OS(=O)(=O)F)cs4)ccc3C2=O)C(=O)N1,-7.978633622
O=C1CC[C@H](N2Cc3cc(-c4ccc(OS(=O)(=O)F)s4)ccc3C2=O)C(=O)N1,-8.000278525
O=C1CC[C@@H](N2Cc3cc(-c4ccc(OS(=O)(=O)F)s4)ccc3C2=O)C(=O)N1,-7.964811276
O=C1CC[C@H](N2Cc3cc(-c4sccc4OS(=O)(=O)F)ccc3C2=O)C(=O)N1,-7.961759692
O=C1CC[C@@H](N2Cc3cc(-c4sccc4OS(=O)(=O)F)ccc3C2=O)C(=O)N1,-7.993163714
Cc1ccc(-c2ccc3c(c2)CN([C@@H]2CCC(=O)NC2=O)C3=O)s1,-7.847278801
Cc1ccc(-c2ccc3c(c2)CN([C@H]2CCC(=O)NC2=O)C3=O)s1,-7.874069135
O=C1CC[C@H](NC(=O)c2cccc3c2C(=O)N([C@@H]2CC(=O)NC2=O)C3=O)C(=O)N1,-9.346428705
O=C1C[C@@H](N2C(=O)c3cccc(C(=O)N[C@@H]4CCC(=O)NC4=O)c3C2=O)C(=O)N1,-9.300534435
O=C1CC[C@H](NC(=O)c2cccc3c2C(=O)N([C@H]2CC(=O)NC2=O)C3=O)C(=O)N1,-9.330430545
O=C1CC[C@@H](NC(=O)c2cccc3c2C(=O)N([C@H]2CC(=O)NC2=O)C3=O)C(=O)N1,-9.327225612
O=C1CC[C@H](NC(=O)c2cnc[nH]2)C(=O)N1,-8.037833951
O=C1CC[C@@H](NC(=O)c2cnc[nH]2)C(=O)N1,-8.038033442
Cn1cncc1C(=O)N[C@@H]1CCC(=O)NC1=O,-7.990492506
Cn1cncc1C(=O)N[C@H]1CCC(=O)NC1=O,-7.991150392
Cn1c(C(=O)N[C@@H]2CCC(=O)NC2=O)cnc1C(F)(F)F,-8.191682622
Cn1c(C(=O)N[C@H]2CCC(=O)NC2=O)cnc1C(F)(F)F,-8.191967318
Cc1nc(C(F)(F)F)c(C(=O)N[C@@H]2CCC(=O)NC2=O)[nH]1,-8.180481244
Cc1nc(C(F)(F)F)c(C(=O)N[C@H]2CCC(=O)NC2=O)[nH]1,-8.181097054
N#Cc1nc[nH]c1C(=O)N[C@@H]1CCC(=O)NC1=O,-8.220712195
N#Cc1nc[nH]c1C(=O)N[C@H]1CCC(=O)NC1=O,-8.220320166
CN1C(=O)CC[C@H](NC(=O)c2cncn2C)C1=O,-7.883168922
CN1C(=O)CC[C@@H](NC(=O)c2cncn2C)C1=O,-7.883003501
Cc1nc(Br)c(C(=O)N[C@@H]2CCC(=O)NC2=O)n1C,-7.869789092
Cc1nc(Br)c(C(=O)N[C@H]2CCC(=O)NC2=O)n1C,-7.869656764
O=C1CC[C@H](N2Cc3c(cccc3-n3cc(C4CC4)nn3)C2=O)C(=O)N1,-7.912534801
O=C1CC[C@@H](N2Cc3c(cccc3-n3cc(C4CC4)nn3)C2=O)C(=O)N1,-7.913432277
O=C1CC[C@H](N2Cc3ccc(C(=O)Nc4cccc(S(=O)(=O)F)c4)cc3C2=O)C(=O)N1,-8.08566638
O=C1CC[C@@H](N2Cc3ccc(C(=O)Nc4cccc(S(=O)(=O)F)c4)cc3C2=O)C(=O)N1,-8.237929529
O=C1CC[C@H](N2Cc3ccc(C(=O)Nc4ccccc4S(=O)(=O)F)cc3C2=O)C(=O)N1,-8.219805203
O=C1CC[C@@H](N2Cc3ccc(C(=O)Nc4ccccc4S(=O)(=O)F)cc3C2=O)C(=O)N1,-8.211691922
Nc1ccc(NC(=O)c2ccc3c(c2)C(=O)N([C@@H]2CCC(=O)NC2=O)C3)cc1,-7.893222368
Nc1ccc(NC(=O)c2ccc3c(c2)C(=O)N([C@H]2CCC(=O)NC2=O)C3)cc1,-7.892687563
Nc1cccc(NC(=O)c2ccc3c(c2)C(=O)N([C@@H]2CCC(=O)NC2=O)C3)c1,-7.958600978
Nc1cccc(NC(=O)c2ccc3c(c2)C(=O)N([C@H]2CCC(=O)NC2=O)C3)c1,-7.942759581
NCc1cccc(NC(=O)c2ccc3c(c2)C(=O)N([C@@H]2CCC(=O)NC2=O)C3)c1,-7.852327656
NCc1cccc(NC(=O)c2ccc3c(c2)C(=O)N([C@H]2CCC(=O)NC2=O)C3)c1,-7.804594736
NCc1ccc(NC(=O)c2ccc3c(c2)C(=O)N([C@@H]2CCC(=O)NC2=O)C3)cc1,-7.809844803
NCc1ccc(NC(=O)c2ccc3c(c2)C(=O)N([C@H]2CCC(=O)NC2=O)C3)cc1,-7.728588458
CNc1ccc(NC(=O)c2ccc3c(c2)C(=O)N([C@@H]2CCC(=O)NC2=O)C3)cc1,-7.725618767
CNc1ccc(NC(=O)c2ccc3c(c2)C(=O)N([C@H]2CCC(=O)NC2=O)C3)cc1,-7.976577985
O=C1CC[C@H](c2cccc(NC(=O)c3ccc4c(c3F)NC(=O)CO4)c2)C(=O)N1,-7.927794647
O=C1CC[C@@H](c2cccc(NC(=O)c3ccc4c(c3F)NC(=O)CO4)c2)C(=O)N1,-7.921176219
Cc1ccc(N2CCCC2)c(C(=O)N[C@@H]2CCC(=O)NC2=O)c1,-7.767167161
Cc1ccc(N2CCCC2)c(C(=O)N[C@H]2CCC(=O)NC2=O)c1,-7.786486712
O=C1CC[C@H](NC(=O)c2ccc(C(F)(F)F)cc2N2CCCC2)C(=O)N1,-8.091341236
O=C1CC[C@@H](NC(=O)c2ccc(C(F)(F)F)cc2N2CCCC2)C(=O)N1,-8.18603098
N#CN1CCC[C@H](c2cc(-c3ccc4c(c3)CN([C@@H]3CCC(=O)NC3=O)C4=O)ccn2)C1,-7.835995914
N#CN1CCC[C@@H](c2cc(-c3ccc4c(c3)CN([C@@H]3CCC(=O)NC3=O)C4=O)ccn2)C1,-7.66533752
N#CN1CCC[C@H](c2cc(-c3ccc4c(c3)CN([C@H]3CCC(=O)NC3=O)C4=O)ccn2)C1,-7.704149205
N#CN1CCC[C@@H](c2cc(-c3ccc4c(c3)CN([C@H]3CCC(=O)NC3=O)C4=O)ccn2)C1,-7.993096046
O=C1CC[C@H](NC(=O)c2cc3c(cn2)[nH]c2ccccc23)C(=O)N1,-8.08766422
O=C1CC[C@@H](NC(=O)c2cc3c(cn2)[nH]c2ccccc23)C(=O)N1,-8.087621139
N#CN1CC[C@H](c2c[nH]nc2-c2cccc(C(=O)N[C@@H]3CCC(=O)NC3=O)c2)C1,-8.059152936
N#CN1CC[C@@H](c2c[nH]nc2-c2cccc(C(=O)N[C@@H]3CCC(=O)NC3=O)c2)C1,-8.032058554
N#CN1CC[C@H](c2c[nH]nc2-c2cccc(C(=O)N[C@H]3CCC(=O)NC3=O)c2)C1,-7.985857325
N#CN1CC[C@@H](c2c[nH]nc2-c2cccc(C(=O)N[C@H]3CCC(=O)NC3=O)c2)C1,-8.06854675
Nc1nc(-c2ccc3c(c2)CN([C@@H]2CCC(=O)NC2=O)C3=O)cc(C2CC2)n1,-7.992829557
Nc1nc(-c2ccc3c(c2)CN([C@H]2CCC(=O)NC2=O)C3=O)cc(C2CC2)n1,-7.987537832
Cn1cncc1CNc1cccc(C(=O)N[C@@H]2CCC(=O)NC2=O)c1,-7.970611277
Cn1cncc1CNc1cccc(C(=O)N[C@H]2CCC(=O)NC2=O)c1,-7.972908884
O=C1CC[C@H](N2C(=O)c3ccc(NC(=O)c4cnc5ccccc5c4)cc3C2=O)C(=O)N1,-8.719329679
O=C1CC[C@@H](N2C(=O)c3ccc(NC(=O)c4cnc5ccccc5c4)cc3C2=O)C(=O)N1,-8.72983234
O=C1CC[C@H](NC(=O)c2ccn(-c3cccc(-c4nn[nH]n4)c3)n2)C(=O)N1,-7.985334399
O=C1CC[C@@H](NC(=O)c2ccn(-c3cccc(-c4nn[nH]n4)c3)n2)C(=O)N1,-7.985674715
O=C1CC[C@H](NC(=O)c2nnn([C@@H]3CCNC3)c2C(F)F)C(=O)N1,-8.016231177
O=C1CC[C@@H](NC(=O)c2nnn([C@@H]3CCNC3)c2C(F)F)C(=O)N1,-8.010464524
O=C1CC[C@H](NC(=O)c2nnn([C@H]3CCNC3)c2C(F)F)C(=O)N1,-7.87936721
O=C1CC[C@@H](NC(=O)c2nnn([C@H]3CCNC3)c2C(F)F)C(=O)N1,-8.016948921
O=C1CC[C@](CO)(NCc2cccc(Oc3cccc(F)c3)c2)C(=O)N1,-7.939621442
O=C1CC[C@@](CO)(NCc2cccc(Oc3cccc(F)c3)c2)C(=O)N1,-7.937205411
N#CN1CC[C@H](c2cnsc2-c2nnc(C(=O)N[C@@H]3CCC(=O)NC3=O)o2)C1,-9.030462677
N#CN1CC[C@@H](c2cnsc2-c2nnc(C(=O)N[C@@H]3CCC(=O)NC3=O)o2)C1,-9.029810444
N#CN1CC[C@H](c2cnsc2-c2nnc(C(=O)N[C@H]3CCC(=O)NC3=O)o2)C1,-9.037308816
N#CN1CC[C@@H](c2cnsc2-c2nnc(C(=O)N[C@H]3CCC(=O)NC3=O)o2)C1,-9.035153319
N#CN1CCC[C@H](c2nnnn2-c2cccc(C(=O)N[C@@H]3CCC(=O)NC3=O)c2)C1,-8.881628903
N#CN1CCC[C@@H](c2nnnn2-c2cccc(C(=O)N[C@@H]3CCC(=O)NC3=O)c2)C1,-8.864242107
N#CN1CCC[C@H](c2nnnn2-c2cccc(C(=O)N[C@H]3CCC(=O)NC3=O)c2)C1,-8.150171441
N#CN1CCC[C@@H](c2nnnn2-c2cccc(C(=O)N[C@H]3CCC(=O)NC3=O)c2)C1,-8.225027185
O=C1CC[C@H](c2cccc(NC(=O)c3cc(C[C@@H]4CCCCN4)on3)c2)C(=O)N1,-8.38871669
O=C1CC[C@@H](c2cccc(NC(=O)c3cc(C[C@@H]4CCCCN4)on3)c2)C(=O)N1,-8.372221105
O=C1CC[C@H](c2cccc(NC(=O)c3cc(C[C@H]4CCCCN4)on3)c2)C(=O)N1,-7.974737086
O=C1CC[C@@H](c2cccc(NC(=O)c3cc(C[C@H]4CCCCN4)on3)c2)C(=O)N1,-7.906811792
N#CN1CC[C@H](c2cc(-c3cccc4c3CN([C@@H]3CCC(=O)NC3=O)C4=O)[nH]n2)C1,-7.816916912
N#CN1CC[C@@H](c2cc(-c3cccc4c3CN([C@@H]3CCC(=O)NC3=O)C4=O)[nH]n2)C1,-7.626670368
N#CN1CC[C@H](c2cc(-c3cccc4c3CN([C@H]3CCC(=O)NC3=O)C4=O)[nH]n2)C1,-7.622464268
N#CN1CC[C@@H](c2cc(-c3cccc4c3CN([C@H]3CCC(=O)NC3=O)C4=O)[nH]n2)C1,-7.555017518
N#CN1CCC[C@H](c2cnccc2-c2ncc(C(=O)N[C@@H]3CCC(=O)NC3=O)s2)C1,-8.574623865
N#CN1CCC[C@@H](c2cnccc2-c2ncc(C(=O)N[C@@H]3CCC(=O)NC3=O)s2)C1,-8.332086908
N#CN1CCC[C@H](c2cnccc2-c2ncc(C(=O)N[C@H]3CCC(=O)NC3=O)s2)C1,-8.389590176
N#CN1CCC[C@@H](c2cnccc2-c2ncc(C(=O)N[C@H]3CCC(=O)NC3=O)s2)C1,-8.424116835
C[C@@H]1NCCc2c(F)cc(C(=O)N[C@@H]3CCC(=O)NC3=O)cc21,-8.034803285
C[C@H]1NCCc2c(F)cc(C(=O)N[C@@H]3CCC(=O)NC3=O)cc21,-8.034995808
C[C@@H]1NCCc2c(F)cc(C(=O)N[C@H]3CCC(=O)NC3=O)cc21,-8.034902357
C[C@H]1NCCc2c(F)cc(C(=O)N[C@H]3CCC(=O)NC3=O)cc21,-8.034455092
O=C(CCl)Nc1ccc2c(c1)C(=O)NC2=O,-8.719489067
O=C(CCl)NN1C(=O)c2ccccc2C1=O,-8.8864
CN1C(=O)c2ccc(NC(=O)CCl)cc2C1=O,-8.600094023
CN1C(=O)c2cccc(NC(=O)CCl)c2C1=O,-8.780493589
C/C=C(\C)C(=O)NC/C=C/CNC(=O)c1ccc2c(c1)C(=O)NC2=O,-7.812922506
C/C=C(/C)C(=O)NC/C=C/CNC(=O)c1ccc2c(c1)C(=O)NC2=O,-7.823793398
C/C=C(\C)C(=O)NC/C=C\CNC(=O)c1ccc2c(c1)C(=O)NC2=O,-7.816769001
C/C=C(/C)C(=O)NC/C=C\CNC(=O)c1ccc2c(c1)C(=O)NC2=O,-7.795275014
O=C(CCl)NCCN1C(=O)c2ccccc2C1=O,-8.594269744
O=C1CC[C@H](N2C(=O)c3cccc(N4CC5(CNC5)C4)c3C2=O)C(=O)N1,-7.724927456
O=C1CC[C@@H](N2C(=O)c3cccc(N4CC5(CNC5)C4)c3C2=O)C(=O)N1,-7.727993798
O=C1CC[C@H](NC(=O)c2ccnc3c2CCN3)C(=O)N1,-8.050566126
O=C1CC[C@@H](NC(=O)c2ccnc3c2CCN3)C(=O)N1,-8.030184667
N#CN1CCC[C@H](c2ccc3ccc(C(=O)N[C@@H]4CCC(=O)NC4=O)cc3c2)C1,-8.024798651
N#CN1CCC[C@@H](c2ccc3ccc(C(=O)N[C@@H]4CCC(=O)NC4=O)cc3c2)C1,-8.025347233
N#CN1CCC[C@H](c2ccc3ccc(C(=O)N[C@H]4CCC(=O)NC4=O)cc3c2)C1,-8.027633743
N#CN1CCC[C@@H](c2ccc3ccc(C(=O)N[C@H]4CCC(=O)NC4=O)cc3c2)C1,-8.022280982
N#CN1CCC[C@H](c2cncnc2Nc2ccc([C@@H]3CCC(=O)NC3=O)cc2)C1,-7.617935197
N#CN1CCC[C@@H](c2cncnc2Nc2ccc([C@@H]3CCC(=O)NC3=O)cc2)C1,-7.625910719
N#CN1CCC[C@H](c2cncnc2Nc2ccc([C@H]3CCC(=O)NC3=O)cc2)C1,-7.553701978
N#CN1CCC[C@@H](c2cncnc2Nc2ccc([C@H]3CCC(=O)NC3=O)cc2)C1,-7.586835072
Cc1c(C(=O)N[C@@H]2CCC(=O)NC2=O)cnn1-c1ccccn1,-7.982098916
Cc1c(C(=O)N[C@H]2CCC(=O)NC2=O)cnn1-c1ccccn1,-8.049919433
CC(C)c1c(C(=O)N[C@@H]2CCC(=O)NC2=O)cnn1-c1ccccn1,-7.925223727
CC(C)c1c(C(=O)N[C@H]2CCC(=O)NC2=O)cnn1-c1ccccn1,-7.877525553
Cc1c(C(=O)N[C@@H]2CCC(=O)NC2=O)cnn1-c1ccc(Br)cn1,-8.016695665
Cc1c(C(=O)N[C@H]2CCC(=O)NC2=O)cnn1-c1ccc(Br)cn1,-8.015829205
O=C1CC[C@H](N2C(=O)c3nccnc3C2=O)C(=O)N1,-9.4307
O=C1CC[C@@H](N2C(=O)c3nccnc3C2=O)C(=O)N1,-9.4313
O=C1CC[C@H](N2C(=O)c3ncc(OS(=O)(=O)F)nc3C2=O)C(=O)N1,-9.968400021
O=C1CC[C@@H](N2C(=O)c3ncc(OS(=O)(=O)F)nc3C2=O)C(=O)N1,-9.968403908
O=C1CC[C@H](N2Cc3ccc(Nc4ncnc5ccccc45)cc3C2=O)C(=O)N1,-7.997006994
O=C1CC[C@@H](N2Cc3ccc(Nc4ncnc5ccccc45)cc3C2=O)C(=O)N1,-7.994769959
Cc1sc2ncc(C(=O)N[C@@H]3CCC(=O)NC3=O)n2c1C,-8.008679996
Cc1sc2ncc(C(=O)N[C@H]3CCC(=O)NC3=O)n2c1C,-8.002536951
O=C1CC[C@H](NC(=O)c2c(Cl)nc3sccn23)C(=O)N1,-7.959433206
O=C1CC[C@@H](NC(=O)c2c(Cl)nc3sccn23)C(=O)N1,-7.959901749
O=C1CC[C@H](NC(=O)c2cnc3sc(OS(=O)(=O)F)cn23)C(=O)N1,-8.395918792
O=C1CC[C@@H](NC(=O)c2cnc3sc(OS(=O)(=O)F)cn23)C(=O)N1,-8.095845428
O=C1CC[C@H](N2Cc3c(cccc3-c3coc(OS(=O)(=O)F)c3)C2=O)C(=O)N1,-7.899742481
O=C1CC[C@@H](N2Cc3c(cccc3-c3coc(OS(=O)(=O)F)c3)C2=O)C(=O)N1,-7.965590737
O=C1CC[C@H](N2Cc3c(cccc3-c3ccoc3S(=O)(=O)F)C2=O)C(=O)N1,-8.194561758
O=C1CC[C@@H](N2Cc3c(cccc3-c3ccoc3S(=O)(=O)F)C2=O)C(=O)N1,-7.99173365
O=C1CC[C@H](N2Cc3c(cc(S(=O)(=O)F)cc3-c3ccoc3)C2=O)C(=O)N1,-7.991060457
O=C1CC[C@@H](N2Cc3c(cc(S(=O)(=O)F)cc3-c3ccoc3)C2=O)C(=O)N1,-7.955857616
O=C1CC[C@H](N2Cc3c(ccc(S(=O)(=O)F)c3-c3ccoc3)C2=O)C(=O)N1,-7.993748746
O=C1CC[C@@H](N2Cc3c(ccc(S(=O)(=O)F)c3-c3ccoc3)C2=O)C(=O)N1,-8.308326737
N#CN1CCC[C@H](c2c(C(=O)Nc3cccc([C@@H]4CCC(=O)NC4=O)c3)nc3n2CCCC3)C1,-7.532661076
N#CN1CCC[C@@H](c2c(C(=O)Nc3cccc([C@@H]4CCC(=O)NC4=O)c3)nc3n2CCCC3)C1,-7.493872728
N#CN1CCC[C@H](c2c(C(=O)Nc3cccc([C@H]4CCC(=O)NC4=O)c3)nc3n2CCCC3)C1,-7.587386668
N#CN1CCC[C@@H](c2c(C(=O)Nc3cccc([C@H]4CCC(=O)NC4=O)c3)nc3n2CCCC3)C1,-7.491930957
O=C1CC[C@H](Nc2ccc(F)cc2)C(=O)N1,-8.063170347
O=C1CC[C@@H](Nc2ccc(F)cc2)C(=O)N1,-8.062519894
O=C1CC[C@H](Nc2cccc(NC(=O)CCl)c2)C(=O)N1,-7.838137024
O=C1CC[C@@H](Nc2cccc(NC(=O)CCl)c2)C(=O)N1,-7.834420961
CN(c1cccc(S(=O)(=O)F)c1)[C@@H]1CCC(=O)NC1=O,-8.042226427
CN(c1cccc(S(=O)(=O)F)c1)[C@H]1CCC(=O)NC1=O,-8.094244796
Cc1cc(F)ccc1N[C@@H]1CCC(=O)NC1=O,-8.041578118
Cc1cc(F)ccc1N[C@H]1CCC(=O)NC1=O,-8.041681516
CN(c1cccc(OS(=O)(=O)F)c1)[C@@H]1CCC(=O)NC1=O,-7.934449847
CN(c1cccc(OS(=O)(=O)F)c1)[C@H]1CCC(=O)NC1=O,-7.968051658
Cc1ccc(N[C@@H]2CCC(=O)NC2=O)c(Cl)c1,-7.917184098
Cc1ccc(N[C@H]2CCC(=O)NC2=O)c(Cl)c1,-7.91780862
O=C1CC[C@H](Nc2ccccc2)C(=O)N1,-7.510894783
O=C1CC[C@@H](Nc2ccccc2)C(=O)N1,-7.934613919
CN(c1ccc(S(C)(=O)=O)cc1S(C)(=O)=O)[C@@H]1CCC(=O)NC1=O,-7.831871324
CN(c1ccc(S(C)(=O)=O)cc1S(C)(=O)=O)[C@H]1CCC(=O)NC1=O,-7.832405279
CN(c1ccccc1)[C@@H]1CCC(=O)NC1=O,-7.774888306
CN(c1ccccc1)[C@H]1CCC(=O)NC1=O,-7.802026024
Cc1ccccc1N[C@@H]1CCC(=O)NC1=O,-7.874203945
Cc1ccccc1N[C@H]1CCC(=O)NC1=O,-7.917616869
Nc1cccc(N[C@@H]2CCC(=O)NC2=O)c1,-7.853508649
Nc1cccc(N[C@H]2CCC(=O)NC2=O)c1,-7.853437652
Nc1ccc(N[C@@H]2CCC(=O)NC2=O)cc1,-7.832888626
Nc1ccc(N[C@H]2CCC(=O)NC2=O)cc1,-7.831667522
N#Cc1ccc(N[C@@H]2CCC(=O)NC2=O)c(F)c1Cl,-8.285611086
N#Cc1ccc(N[C@H]2CCC(=O)NC2=O)c(F)c1Cl,-8.284177717
N#CN1CCC[C@H](c2nc(-c3ccc4c(c3)CN([C@@H]3CCC(=O)NC3=O)C4=O)cc(C3CC3)n2)C1,-8.045322518
N#CN1CCC[C@@H](c2nc(-c3ccc4c(c3)CN([C@@H]3CCC(=O)NC3=O)C4=O)cc(C3CC3)n2)C1,-8.008091078
N#CN1CCC[C@H](c2nc(-c3ccc4c(c3)CN([C@H]3CCC(=O)NC3=O)C4=O)cc(C3CC3)n2)C1,-7.927501096
N#CN1CCC[C@@H](c2nc(-c3ccc4c(c3)CN([C@H]3CCC(=O)NC3=O)C4=O)cc(C3CC3)n2)C1,-7.887417143
N#CN1CCC[C@H](c2ccc3c(c2)-c2sc(C(=O)N[C@@H]4CCC(=O)NC4=O)cc2CC3)C1,-7.993116045
N#CN1CCC[C@@H](c2ccc3c(c2)-c2sc(C(=O)N[C@@H]4CCC(=O)NC4=O)cc2CC3)C1,-7.987989588
N#CN1CCC[C@H](c2ccc3c(c2)-c2sc(C(=O)N[C@H]4CCC(=O)NC4=O)cc2CC3)C1,-7.997504537
N#CN1CCC[C@@H](c2ccc3c(c2)-c2sc(C(=O)N[C@H]4CCC(=O)NC4=O)cc2CC3)C1,-7.99433199
O=C1CC[C@H](N2Cc3cc(-c4nccnc4S(=O)(=O)F)ccc3C2=O)C(=O)N1,-8.481299866
O=C1CC[C@@H](N2Cc3cc(-c4nccnc4S(=O)(=O)F)ccc3C2=O)C(=O)N1,-9.155048471
O=C1CC[C@H](N2Cc3cc(-c4cncc(S(=O)(=O)F)n4)ccc3C2=O)C(=O)N1,-9.167499809
O=C1CC[C@@H](N2Cc3cc(-c4cncc(S(=O)(=O)F)n4)ccc3C2=O)C(=O)N1,-8.477814305
O=C1CC[C@H](N2Cc3cc(-c4cnccn4)c(S(=O)(=O)F)cc3C2=O)C(=O)N1,-8.498400806
O=C1CC[C@@H](N2Cc3cc(-c4cnccn4)c(S(=O)(=O)F)cc3C2=O)C(=O)N1,-8.34516086
O=C1CC[C@H](N2Cc3c(ccc(-c4cnccn4)c3S(=O)(=O)F)C2=O)C(=O)N1,-8.549010283
O=C1CC[C@@H](N2Cc3c(ccc(-c4cnccn4)c3S(=O)(=O)F)C2=O)C(=O)N1,-9.183694566
O=C1CC[C@H](N2Cc3cc(-c4cnc(OS(=O)(=O)F)cn4)ccc3C2=O)C(=O)N1,-8.858602806
O=C1CC[C@@H](N2Cc3cc(-c4cnc(OS(=O)(=O)F)cn4)ccc3C2=O)C(=O)N1,-8.619548999
O=C1CC[C@H](N2Cc3cc(-c4nccnc4OS(=O)(=O)F)ccc3C2=O)C(=O)N1,-8.633844888
O=C1CC[C@@H](N2Cc3cc(-c4nccnc4OS(=O)(=O)F)ccc3C2=O)C(=O)N1,-8.804953112
O=C1CC[C@H](N2Cc3cc(-c4cncc(OS(=O)(=O)F)n4)ccc3C2=O)C(=O)N1,-8.741044894
O=C1CC[C@@H](N2Cc3cc(-c4cncc(OS(=O)(=O)F)n4)ccc3C2=O)C(=O)N1,-8.681823943
Cc1cncc(-c2ccc3c(c2)CN([C@@H]2CCC(=O)NC2=O)C3=O)n1,-7.944903001
Cc1cncc(-c2ccc3c(c2)CN([C@H]2CCC(=O)NC2=O)C3=O)n1,-8.007450159
Cc1nccnc1-c1ccc2c(c1)CN([C@@H]1CCC(=O)NC1=O)C2=O,-7.928400243
Cc1nccnc1-c1ccc2c(c1)CN([C@H]1CCC(=O)NC1=O)C2=O,-7.928428113
Nc1cnc(-c2ccc3c(c2)CN([C@@H]2CCC(=O)NC2=O)C3=O)cn1,-7.732543977
Nc1cnc(-c2ccc3c(c2)CN([C@H]2CCC(=O)NC2=O)C3=O)cn1,-7.732674117
Cc1nc(-c2ccc3c(c2)CN([C@@H]2CCC(=O)NC2=O)C3=O)cnc1N,-8.135742312
Cc1nc(-c2ccc3c(c2)CN([C@H]2CCC(=O)NC2=O)C3=O)cnc1N,-8.157462478
CCOc1cncc(-c2ccc3c(c2)CN([C@@H]2CCC(=O)NC2=O)C3=O)n1,-8.432743171
CCOc1cncc(-c2ccc3c(c2)CN([C@H]2CCC(=O)NC2=O)C3=O)n1,-8.430825157
Nc1nc(Cl)cnc1-c1ccc2c(c1)CN([C@@H]1CCC(=O)NC1=O)C2=O,-8.19098367
Nc1nc(Cl)cnc1-c1ccc2c(c1)CN([C@H]1CCC(=O)NC1=O)C2=O,-8.191707778
CC(C)Oc1cncc(-c2ccc3c(c2)CN([C@@H]2CCC(=O)NC2=O)C3=O)n1,-7.544124056
CC(C)Oc1cncc(-c2ccc3c(c2)CN([C@H]2CCC(=O)NC2=O)C3=O)n1,-7.549211937
CC(C)CNc1cncc(-c2ccc3c(c2)CN([C@@H]2CCC(=O)NC2=O)C3=O)n1,-7.846953959
CC(C)CNc1cncc(-c2ccc3c(c2)CN([C@H]2CCC(=O)NC2=O)C3=O)n1,-7.877688884
CC(C)COc1cncc(-c2ccc3c(c2)CN([C@@H]2CCC(=O)NC2=O)C3=O)n1,-8.511722858
CC(C)COc1cncc(-c2ccc3c(c2)CN([C@H]2CCC(=O)NC2=O)C3=O)n1,-8.511544211
O=C(N[C@@H]1CCc2n[nH]c(=O)cc2C1)c1ccc2c(c1)C(=O)NC2,-7.677272239
O=C(N[C@H]1CCc2n[nH]c(=O)cc2C1)c1ccc2c(c1)C(=O)NC2,-7.676800826
N#CN1CCC[C@H](c2ccccc2-c2nc(C(=O)N[C@@H]3CCC(=O)NC3=O)cs2)C1,-7.918563025
N#CN1CCC[C@@H](c2ccccc2-c2nc(C(=O)N[C@@H]3CCC(=O)NC3=O)cs2)C1,-8.013504185
N#CN1CCC[C@H](c2ccccc2-c2nc(C(=O)N[C@H]3CCC(=O)NC3=O)cs2)C1,-7.889169919
N#CN1CCC[C@@H](c2ccccc2-c2nc(C(=O)N[C@H]3CCC(=O)NC3=O)cs2)C1,-8.21549453
O=C1CC[C@H](NC(=O)c2ccsc2-n2cnnn2)C(=O)N1,-8.457471954
O=C1CC[C@@H](NC(=O)c2ccsc2-n2cnnn2)C(=O)N1,-8.458329018
O=C1CC(c2cccc(NC(=O)c3ccc(-c4nn[nH]n4)[nH]3)c2)CC(=O)N1,-8.026717351
Cc1nc(-c2c(C)c(C)nn(C)c2=O)sc1C(=O)N[C@@H]1CCC(=O)NC1=O,-8.060734309
Cc1nc(-c2c(C)c(C)nn(C)c2=O)sc1C(=O)N[C@H]1CCC(=O)NC1=O,-8.065460864
O=C1CC[C@H](NC(=O)c2ccc(-c3cn[nH]c3)nn2)C(=O)N1,-8.171896108
O=C1CC[C@@H](NC(=O)c2ccc(-c3cn[nH]c3)nn2)C(=O)N1,-8.172340638
O=C1CC[C@H](n2nc3ccccc3n2)C(=O)N1,-8.034598207
O=C1CC[C@@H](n2nc3ccccc3n2)C(=O)N1,-8.035158464
O=C1CC[C@H](c2ccc(C3CCNCC3)c(OS(=O)(=O)F)c2)C(=O)N1,-7.803773656
O=C1CC[C@@H](c2ccc(C3CCNCC3)c(OS(=O)(=O)F)c2)C(=O)N1,-7.875822528
O=C1CC[C@H](c2ccc(C3CCNCC3)cc2)C(=O)N1,-7.582161023
O=C1CC[C@@H](c2ccc(C3CCNCC3)cc2)C(=O)N1,-7.598795647
O=C(CCCn1cncn1)NCc1cc(C(=O)N[C@@H]2CCC(=O)NC2=O)ccn1,-7.923460661
O=C(CCCn1cncn1)NCc1cc(C(=O)N[C@H]2CCC(=O)NC2=O)ccn1,-7.9691829
O=C1CC[C@H](c2ccc(NS(=O)(=O)c3cnn4ncccc34)cc2)C(=O)N1,-8.154013053
O=C1CC[C@@H](c2ccc(NS(=O)(=O)c3cnn4ncccc34)cc2)C(=O)N1,-8.100042125
O=C1CC[C@H](c2ccc(Nc3cc(-c4ccccc4)nc4ccnn34)cc2)C(=O)N1,-7.722723425
O=C1CC[C@@H](c2ccc(Nc3cc(-c4ccccc4)nc4ccnn34)cc2)C(=O)N1,-7.725565693
N#CN1CCC[C@H](c2cc(-c3cccc4c3CN([C@@H]3CCC(=O)NC3=O)C4=O)[nH]n2)C1,-8.367012056
N#CN1CCC[C@@H](c2cc(-c3cccc4c3CN([C@@H]3CCC(=O)NC3=O)C4=O)[nH]n2)C1,-8.182382726
N#CN1CCC[C@H](c2cc(-c3cccc4c3CN([C@H]3CCC(=O)NC3=O)C4=O)[nH]n2)C1,-8.234693123
N#CN1CCC[C@@H](c2cc(-c3cccc4c3CN([C@H]3CCC(=O)NC3=O)C4=O)[nH]n2)C1,-8.220157587
N#CN1CC[C@H](c2ccccc2-c2nc(C(=O)N[C@@H]3CCC(=O)NC3=O)c3n2CCOC3)C1,-7.598297587
N#CN1CC[C@@H](c2ccccc2-c2nc(C(=O)N[C@@H]3CCC(=O)NC3=O)c3n2CCOC3)C1,-7.556578476
N#CN1CC[C@H](c2ccccc2-c2nc(C(=O)N[C@H]3CCC(=O)NC3=O)c3n2CCOC3)C1,-7.782504403
N#CN1CC[C@@H](c2ccccc2-c2nc(C(=O)N[C@H]3CCC(=O)NC3=O)c3n2CCOC3)C1,-7.774982499
N#CN1CCC[C@H](c2cccc(-c3n[nH]cc3C(=O)N[C@@H]3CCC(=O)NC3=O)c2)C1,-7.920656234
N#CN1CCC[C@@H](c2cccc(-c3n[nH]cc3C(=O)N[C@@H]3CCC(=O)NC3=O)c2)C1,-8.055199387
N#CN1CCC[C@H](c2cccc(-c3n[nH]cc3C(=O)N[C@H]3CCC(=O)NC3=O)c2)C1,-8.054746451
N#CN1CCC[C@@H](c2cccc(-c3n[nH]cc3C(=O)N[C@H]3CCC(=O)NC3=O)c2)C1,-8.046105298
O=C1CC[C@H](Nc2ccc(NC(=O)COC[C@@H]3CCCNC3)cc2)C(=O)N1,-7.90959836
O=C1CC[C@@H](Nc2ccc(NC(=O)COC[C@@H]3CCCNC3)cc2)C(=O)N1,-7.938240623
O=C1CC[C@H](Nc2ccc(NC(=O)COC[C@H]3CCCNC3)cc2)C(=O)N1,-7.899776645
O=C1CC[C@@H](Nc2ccc(NC(=O)COC[C@H]3CCCNC3)cc2)C(=O)N1,-7.93563078
CN(c1cc(Cl)nc(NC2CC2)n1)[C@@H]1CCC(=O)NC1=O,-7.72928887
CN(c1cc(Cl)nc(NC2CC2)n1)[C@H]1CCC(=O)NC1=O,-7.816399077
O=C1CC[C@H](N2C(=O)c3cncc(Br)c3C2=O)C(=O)N1,-9.462999371
O=C1CC[C@@H](N2C(=O)c3cncc(Br)c3C2=O)C(=O)N1,-9.462937227
CC[C@]1(N2C(=O)c3cc(N(C)C)nc(C)c3C2=O)CCC(=O)NC1=O,-8.373337017
CC[C@@]1(N2C(=O)c3cc(N(C)C)nc(C)c3C2=O)CCC(=O)NC1=O,-8.406286776
O=C1CC[C@H](N2C(=O)c3cnc(OS(=O)(=O)F)cc3C2=O)C(=O)N1,-9.766670008
O=C1CC[C@@H](N2C(=O)c3cnc(OS(=O)(=O)F)cc3C2=O)C(=O)N1,-9.625498126
O=C1CCN(c2ccc(-c3cc(Cn4cccn4)ccc3F)cc2)C(=O)N1,-7.414798764
O=C1CC[C@H](NC(=O)c2cc(CNC(=O)c3cnn4c3CCC4)n[nH]2)C(=O)N1,-8.107331698
O=C1CC[C@@H](NC(=O)c2cc(CNC(=O)c3cnn4c3CCC4)n[nH]2)C(=O)N1,-8.055639577
O=C1CC[C@H](c2cccc(NC(=O)c3nnc(-c4ccccn4)s3)c2)C(=O)N1,-8.672790442
O=C1CC[C@@H](c2cccc(NC(=O)c3nnc(-c4ccccn4)s3)c2)C(=O)N1,-8.661116481
CN(c1c(F)c(F)nc(F)c1F)[C@@H]1CCC(=O)NC1=O,-8.475507575
CN(c1c(F)c(F)nc(F)c1F)[C@H]1CCC(=O)NC1=O,-8.467870173
O=C1CC[C@H](NC(=O)c2ccc3c(=O)ccoc3c2)C(=O)N1,-8.220852545
O=C1CC[C@@H](NC(=O)c2ccc3c(=O)ccoc3c2)C(=O)N1,-8.221090007
O=C1CC[C@H](NC(=O)c2ccc3c(=O)cc(S(=O)(=O)F)oc3c2)C(=O)N1,-9.040041856
O=C1CC[C@@H](NC(=O)c2ccc3c(=O)cc(S(=O)(=O)F)oc3c2)C(=O)N1,-9.107850482
O=C1CC[C@H](NC(=O)c2cc(S(=O)(=O)F)c3c(=O)ccoc3c2)C(=O)N1,-9.09434936
O=C1CC[C@@H](NC(=O)c2cc(S(=O)(=O)F)c3c(=O)ccoc3c2)C(=O)N1,-9.036210287
CC(C)(C(=O)NCc1cccc2c1C(=O)N([C@@H]1CCC(=O)NC1=O)C2)c1ccccc1,-7.870529948
CC(C)(C(=O)NCc1cccc2c1C(=O)N([C@H]1CCC(=O)NC1=O)C2)c1ccccc1,-7.930141668
O=C1CC[C@H](N2Cc3cccc(CNC(=O)C(F)(F)c4ccccc4)c3C2=O)C(=O)N1,-8.217759127
O=C1CC[C@@H](N2Cc3cccc(CNC(=O)C(F)(F)c4ccccc4)c3C2=O)C(=O)N1,-8.213214808
O=C(Cc1ccccc1)NCc1cccc2c1C(=O)N([C@@H]1CCC(=O)NC1=O)C2,-8.055249251
O=C(Cc1ccccc1)NCc1cccc2c1C(=O)N([C@H]1CCC(=O)NC1=O)C2,-8.057543754
O=C1CC[C@H](N2C(=O)c3cccc(NCC(=O)N4CCNCC4)c3C2=O)C(=O)N1,-8.418602869
O=C1CC[C@@H](N2C(=O)c3cccc(NCC(=O)N4CCNCC4)c3C2=O)C(=O)N1,-8.281254197
Cc1nc2cc(C(=O)N[C@@H]3CCC(=O)NC3=O)ccc2o1,-8.00699468
Cc1nc2cc(C(=O)N[C@H]3CCC(=O)NC3=O)ccc2o1,-7.973608687
O=C1CC[C@H](NC(=O)c2ccc3oc(S(=O)(=O)F)nc3c2)C(=O)N1,-8.9086951
O=C1CC[C@@H](NC(=O)c2ccc3oc(S(=O)(=O)F)nc3c2)C(=O)N1,-9.025799293
O=C1CC[C@H](NC(=O)c2cc(S(=O)(=O)F)c3ocnc3c2)C(=O)N1,-9.550591284
O=C1CC[C@@H](NC(=O)c2cc(S(=O)(=O)F)c3ocnc3c2)C(=O)N1,-9.232487228
O=C1CC[C@H](N2Cc3c(C(=O)NCc4cccc(F)n4)cccc3C2=O)C(=O)N1,-7.831617659
O=C1CC[C@@H](N2Cc3c(C(=O)NCc4cccc(F)n4)cccc3C2=O)C(=O)N1,-7.845182757
Cc1cccc(CNC(=O)c2cccc3c2CN([C@@H]2CCC(=O)NC2=O)C3=O)n1,-8.004573316
Cc1cccc(CNC(=O)c2cccc3c2CN([C@H]2CCC(=O)NC2=O)C3=O)n1,-7.608658838
N#CN1CC[C@H](c2ccc3c(c2)C[C@@H]3C(=O)Nc2ccc3c(c2)C(=O)N([C@@H]2CCC(=O)NC2=O)C3)C1,-7.911681852
N#CN1CC[C@@H](c2ccc3c(c2)C[C@@H]3C(=O)Nc2ccc3c(c2)C(=O)N([C@@H]2CCC(=O)NC2=O)C3)C1,-7.920882261
N#CN1CC[C@H](c2ccc3c(c2)C[C@H]3C(=O)Nc2ccc3c(c2)C(=O)N([C@@H]2CCC(=O)NC2=O)C3)C1,-7.910538209
N#CN1CC[C@@H](c2ccc3c(c2)C[C@H]3C(=O)Nc2ccc3c(c2)C(=O)N([C@@H]2CCC(=O)NC2=O)C3)C1,-7.931808193
N#CN1CC[C@H](c2ccc3c(c2)C[C@@H]3C(=O)Nc2ccc3c(c2)C(=O)N([C@H]2CCC(=O)NC2=O)C3)C1,-7.917052185
N#CN1CC[C@@H](c2ccc3c(c2)C[C@@H]3C(=O)Nc2ccc3c(c2)C(=O)N([C@H]2CCC(=O)NC2=O)C3)C1,-7.939485917
N#CN1CC[C@H](c2ccc3c(c2)C[C@H]3C(=O)Nc2ccc3c(c2)C(=O)N([C@H]2CCC(=O)NC2=O)C3)C1,-7.933383173
N#CN1CC[C@@H](c2ccc3c(c2)C[C@H]3C(=O)Nc2ccc3c(c2)C(=O)N([C@H]2CCC(=O)NC2=O)C3)C1,-7.918914184
Cc1cc(C(=O)N[C@@H]2CCC(=O)NC2=O)nc2nc(O)[nH]c(=O)c12,-8.210725984
Cc1cc(C(=O)N[C@H]2CCC(=O)NC2=O)nc2nc(O)[nH]c(=O)c12,-8.210905473
C=CC(=O)Nc1cccc(CC(=O)Nc2ccccc2[C@@H]2CNC(=O)C2)c1,-7.609322487
C=CC(=O)Nc1cccc(CC(=O)Nc2ccccc2[C@H]2CNC(=O)C2)c1,-7.447879569
N#CN1CCC[C@H](c2cccc(-c3cnccc3C(=O)N[C@@H]3CCC(=O)NC3=O)c2)C1,-8.137813871
N#CN1CCC[C@@H](c2cccc(-c3cnccc3C(=O)N[C@@H]3CCC(=O)NC3=O)c2)C1,-8.317140072
N#CN1CCC[C@H](c2cccc(-c3cnccc3C(=O)N[C@H]3CCC(=O)NC3=O)c2)C1,-7.884146501
N#CN1CCC[C@@H](c2cccc(-c3cnccc3C(=O)N[C@H]3CCC(=O)NC3=O)c2)C1,-7.929404305
N#CN1CC[C@H](c2ccccc2-n2nnc(C(=O)N[C@@H]3CCC(=O)NC3=O)n2)C1,-9.003384161
N#CN1CC[C@@H](c2ccccc2-n2nnc(C(=O)N[C@@H]3CCC(=O)NC3=O)n2)C1,-8.350549388
N#CN1CC[C@H](c2ccccc2-n2nnc(C(=O)N[C@H]3CCC(=O)NC3=O)n2)C1,-8.17829951
N#CN1CC[C@@H](c2ccccc2-n2nnc(C(=O)N[C@H]3CCC(=O)NC3=O)n2)C1,-8.39723215
N#CN1CCC(c2ccn(-c3ccnc(C(=O)N[C@@H]4CCC(=O)NC4=O)n3)n2)CC1,-8.514428084
N#CN1CCC(c2ccn(-c3ccnc(C(=O)N[C@H]4CCC(=O)NC4=O)n3)n2)CC1,-8.513246621
CCc1cn2c(n1)CC[C@H](C(=O)Nc1ccc(N[C@@H]3CCC(=O)NC3=O)cc1)C2,-8.003013452
CCc1cn2c(n1)CC[C@@H](C(=O)Nc1ccc(N[C@@H]3CCC(=O)NC3=O)cc1)C2,-8.032841406
CCc1cn2c(n1)CC[C@H](C(=O)Nc1ccc(N[C@H]3CCC(=O)NC3=O)cc1)C2,-7.437952393
CCc1cn2c(n1)CC[C@@H](C(=O)Nc1ccc(N[C@H]3CCC(=O)NC3=O)cc1)C2,-7.438248601
N#CN1CCC[C@H](c2cccc(-c3ccc4c(c3)C(=O)N([C@@H]3CCC(=O)NC3=O)C4)n2)C1,-7.915609838
N#CN1CCC[C@@H](c2cccc(-c3ccc4c(c3)C(=O)N([C@@H]3CCC(=O)NC3=O)C4)n2)C1,-7.790838419
N#CN1CCC[C@H](c2cccc(-c3ccc4c(c3)C(=O)N([C@H]3CCC(=O)NC3=O)C4)n2)C1,-7.714730416
N#CN1CCC[C@@H](c2cccc(-c3ccc4c(c3)C(=O)N([C@H]3CCC(=O)NC3=O)C4)n2)C1,-7.886945565
N#CN1CCC[C@H](c2ccncc2-c2ncc(C(=O)N[C@@H]3CCC(=O)NC3=O)s2)C1,-8.504736622
N#CN1CCC[C@@H](c2ccncc2-c2ncc(C(=O)N[C@@H]3CCC(=O)NC3=O)s2)C1,-8.49941982
N#CN1CCC[C@H](c2ccncc2-c2ncc(C(=O)N[C@H]3CCC(=O)NC3=O)s2)C1,-8.523109753
N#CN1CCC[C@@H](c2ccncc2-c2ncc(C(=O)N[C@H]3CCC(=O)NC3=O)s2)C1,-8.535091607
CN1CCc2[nH]c3ccc(C(=O)N[C@@H]4CCC(=O)NC4=O)cc3c2C1,-7.844603899
CN1CCc2[nH]c3ccc(C(=O)N[C@H]4CCC(=O)NC4=O)cc3c2C1,-7.844450851
O=C1CC[C@H](c2ccc(NC(=O)c3c(C4CC4)nn4ccccc34)cc2)C(=O)N1,-7.590744939
O=C1CC[C@@H](c2ccc(NC(=O)c3c(C4CC4)nn4ccccc34)cc2)C(=O)N1,-7.580129106
Cc1nc(C[C@@H]2CCNC2)sc1C(=O)N[C@@H]1CCC(=O)NC1=O,-8.001557466
Cc1nc(C[C@H]2CCNC2)sc1C(=O)N[C@@H]1CCC(=O)NC1=O,-7.998674589
Cc1nc(C[C@@H]2CCNC2)sc1C(=O)N[C@H]1CCC(=O)NC1=O,-7.989844377
Cc1nc(C[C@H]2CCNC2)sc1C(=O)N[C@H]1CCC(=O)NC1=O,-8.002004945
O=C1CC[C@H](NC(=O)c2cc(CNC(=O)[C@@H]3CCc4nccn43)n[nH]2)C(=O)N1,-7.691829748
O=C1CC[C@@H](NC(=O)c2cc(CNC(=O)[C@@H]3CCc4nccn43)n[nH]2)C(=O)N1,-7.852139074
O=C1CC[C@H](NC(=O)c2cc(CNC(=O)[C@H]3CCc4nccn43)n[nH]2)C(=O)N1,-8.091429745
O=C1CC[C@@H](NC(=O)c2cc(CNC(=O)[C@H]3CCc4nccn43)n[nH]2)C(=O)N1,-8.186376638
N#CN1CCC(c2cccc3c2C[C@H](Nc2cccc(N4CCC(=O)NC4=O)c2)CCC3)CC1,-7.238589759
N#CN1CCC(c2cccc3c2C[C@@H](Nc2cccc(N4CCC(=O)NC4=O)c2)CCC3)CC1,-7.160615222
O=C1CC[C@H](NC(=O)c2cc3c(N4CCNCC4)cccc3s2)C(=O)N1,-7.869495312
O=C1CC[C@@H](NC(=O)c2cc3c(N4CCNCC4)cccc3s2)C(=O)N1,-7.935623098
O=C1CC[C@H](N2Cc3c(cc(S(=O)(=O)F)cc3-c3cccs3)C2=O)C(=O)N1,-8.184719679
O=C1CC[C@@H](N2Cc3c(cc(S(=O)(=O)F)cc3-c3cccs3)C2=O)C(=O)N1,-8.046485164
O=C1CC[C@H](N2Cc3c(ccc(S(=O)(=O)F)c3-c3cccs3)C2=O)C(=O)N1,-8.196505425
O=C1CC[C@@H](N2Cc3c(ccc(S(=O)(=O)F)c3-c3cccs3)C2=O)C(=O)N1,-8.193631295
O=C1CC[C@H](N2Cc3c(cccc3-c3sccc3S(=O)(=O)F)C2=O)C(=O)N1,-8.184701225
O=C1CC[C@@H](N2Cc3c(cccc3-c3sccc3S(=O)(=O)F)C2=O)C(=O)N1,-8.207368855
O=C1CC[C@H](N2Cc3c(cccc3-c3ccc(OS(=O)(=O)F)s3)C2=O)C(=O)N1,-7.938954763
O=C1CC[C@@H](N2Cc3c(cccc3-c3ccc(OS(=O)(=O)F)s3)C2=O)C(=O)N1,-7.985343241
O=C1CC[C@H](N2Cc3c(cccc3-c3cc(OS(=O)(=O)F)cs3)C2=O)C(=O)N1,-7.992044802
O=C1CC[C@@H](N2Cc3c(cccc3-c3cc(OS(=O)(=O)F)cs3)C2=O)C(=O)N1,-7.957530488
O=C1CC[C@H](N2Cc3c(cccc3-c3cccs3)C2=O)C(=O)N1,-7.883615985
O=C1CC[C@@H](N2Cc3c(cccc3-c3cccs3)C2=O)C(=O)N1,-7.883730672
Cc1ccsc1-c1cccc2c1CN([C@@H]1CCC(=O)NC1=O)C2=O,-7.888412975
Cc1ccsc1-c1cccc2c1CN([C@H]1CCC(=O)NC1=O)C2=O,-7.890795587
O=C1CC[C@H](N2Cc3cc(S(=O)(=O)F)ccc3OC3(CCOCC3)C2)C(=O)N1,-8.110078782
O=C1CC[C@@H](N2Cc3cc(S(=O)(=O)F)ccc3OC3(CCOCC3)C2)C(=O)N1,-8.087902088
O=C1CC[C@H](N2Cc3ccc(S(=O)(=O)F)cc3OC3(CCOCC3)C2)C(=O)N1,-8.066787172
O=C1CC[C@@H](N2Cc3ccc(S(=O)(=O)F)cc3OC3(CCOCC3)C2)C(=O)N1,-8.088777437
O=C1CC[C@H](N2Cc3cccc(S(=O)(=O)F)c3OC3(CCOCC3)C2)C(=O)N1,-8.064841318
O=C1CC[C@@H](N2Cc3cccc(S(=O)(=O)F)c3OC3(CCOCC3)C2)C(=O)N1,-8.087549021
O=C1CC[C@H](N2Cc3ccccc3OC3(CCOCC3)C2)C(=O)N1,-7.829417526
O=C1CC[C@@H](N2Cc3ccccc3OC3(CCOCC3)C2)C(=O)N1,-7.826900227
C=CC(=O)N(Cc1ccc2c(c1)C(=O)NC2)Cc1ccsc1Cl,-7.289548245
O=C1CC[C@H](NC(=O)c2cncc3c2CCNC3=O)C(=O)N1,-7.995862437
O=C1CC[C@@H](NC(=O)c2cncc3c2CCNC3=O)C(=O)N1,-7.979910247
COc1cc(-n2cccc2)c(Cl)cc1C(=O)N[C@@H]1CCC(=O)NC1=O,-7.935054922
COc1cc(-n2cccc2)c(Cl)cc1C(=O)N[C@H]1CCC(=O)NC1=O,-7.934888089
N#CN1CCC[C@H](c2cncc(-c3ccc4c(c3)C(=O)N([C@@H]3CCC(=O)NC3=O)C4)n2)C1,-8.302648575
N#CN1CCC[C@@H](c2cncc(-c3ccc4c(c3)C(=O)N([C@@H]3CCC(=O)NC3=O)C4)n2)C1,-8.318537045
N#CN1CCC[C@H](c2cncc(-c3ccc4c(c3)C(=O)N([C@H]3CCC(=O)NC3=O)C4)n2)C1,-8.309923023
N#CN1CCC[C@@H](c2cncc(-c3ccc4c(c3)C(=O)N([C@H]3CCC(=O)NC3=O)C4)n2)C1,-8.155734755
N#CN1CCC[C@H](c2ccc3ccc(C(=O)N[C@@H]4CCC(=O)NC4=O)nc3c2)C1,-8.275098693
N#CN1CCC[C@@H](c2ccc3ccc(C(=O)N[C@@H]4CCC(=O)NC4=O)nc3c2)C1,-8.284014458
N#CN1CCC[C@H](c2ccc3ccc(C(=O)N[C@H]4CCC(=O)NC4=O)nc3c2)C1,-8.274759283
N#CN1CCC[C@@H](c2ccc3ccc(C(=O)N[C@H]4CCC(=O)NC4=O)nc3c2)C1,-8.166674732
N#CN1CC[C@H](c2cc3c(Nc4ccc(N5CCC(=O)NC5=O)cc4)ncnc3[nH]2)C1,-7.576194687
N#CN1CC[C@@H](c2cc3c(Nc4ccc(N5CCC(=O)NC5=O)cc4)ncnc3[nH]2)C1,-7.58291479
O=C1CC[C@H](NC(=O)c2cc3c(C(F)(F)F)cc(=O)[nH]c3o2)C(=O)N1,-8.698993769
O=C1CC[C@@H](NC(=O)c2cc3c(C(F)(F)F)cc(=O)[nH]c3o2)C(=O)N1,-8.69859784
O=C1CCN(c2ccc(C(=O)N3C[C@]4(CCOC4)c4ncccc43)cc2)C(=O)N1,-7.605214134
O=C1CCN(c2ccc(C(=O)N3C[C@@]4(CCOC4)c4ncccc43)cc2)C(=O)N1,-7.603241593
N#CN1CCC[C@H](c2ccc3c(c2)N=C(C(=O)Nc2cccc([C@@H]4CCC(=O)NC4=O)c2)C3)C1,-7.666946202
N#CN1CCC[C@@H](c2ccc3c(c2)N=C(C(=O)Nc2cccc([C@@H]4CCC(=O)NC4=O)c2)C3)C1,-7.708285895
N#CN1CCC[C@H](c2ccc3c(c2)N=C(C(=O)Nc2cccc([C@H]4CCC(=O)NC4=O)c2)C3)C1,-7.923176426
N#CN1CCC[C@@H](c2ccc3c(c2)N=C(C(=O)Nc2cccc([C@H]4CCC(=O)NC4=O)c2)C3)C1,-8.322357513
O=C1CC[C@H](N2Cc3ccc(CNC(=O)NC4CC4)cc3C2=O)C(=O)N1,-8.370865579
O=C1CC[C@@H](N2Cc3ccc(CNC(=O)NC4CC4)cc3C2=O)C(=O)N1,-8.431387703
O=C1CC[C@H](Nc2ccc(NC(=O)C[C@H](C(F)F)n3ccnc3)cc2)C(=O)N1,-8.037036281
O=C1CC[C@@H](Nc2ccc(NC(=O)C[C@H](C(F)F)n3ccnc3)cc2)C(=O)N1,-8.048670725
O=C1CC[C@H](Nc2ccc(NC(=O)C[C@@H](C(F)F)n3ccnc3)cc2)C(=O)N1,-8.057622835
O=C1CC[C@@H](Nc2ccc(NC(=O)C[C@@H](C(F)F)n3ccnc3)cc2)C(=O)N1,-8.041459361
O=C1CC[C@H](NC(=O)c2ccc(-n3cnc4ccccc4c3=O)cc2)C(=O)N1,-7.864062569
O=C1CC[C@@H](NC(=O)c2ccc(-n3cnc4ccccc4c3=O)cc2)C(=O)N1,-7.85061988
O=C1CC[C@H](N2Cc3cc(-c4ccc5occc5n4)ccc3C2=O)C(=O)N1,-7.966857125
O=C1CC[C@@H](N2Cc3cc(-c4ccc5occc5n4)ccc3C2=O)C(=O)N1,-7.966072993
N#CN1CCC[C@H](c2cccc(-c3ccc(C(=O)N[C@@H]4CCC(=O)NC4=O)cc3)c2)C1,-7.953882102
N#CN1CCC[C@@H](c2cccc(-c3ccc(C(=O)N[C@@H]4CCC(=O)NC4=O)cc3)c2)C1,-7.924153368
N#CN1CCC[C@H](c2cccc(-c3ccc(C(=O)N[C@H]4CCC(=O)NC4=O)cc3)c2)C1,-8.003460257
N#CN1CCC[C@@H](c2cccc(-c3ccc(C(=O)N[C@H]4CCC(=O)NC4=O)cc3)c2)C1,-8.028076278
O=C1CCN(c2ccc(N3CCNCC3)c(OS(=O)(=O)F)c2)C(=O)N1,-7.528643757
O=C1CCN(c2ccc(N3CCNCC3)cc2)C(=O)N1,-7.135169073
CN(CCC#N)CC(=O)Nc1ccc2c(c1)C(=O)N([C@@H]1CCC(=O)NC1=O)C2=O,-8.662222003
CN(CCC#N)CC(=O)Nc1ccc2c(c1)C(=O)N([C@H]1CCC(=O)NC1=O)C2=O,-8.556617475
O=Cc1cccc2c1C(=O)N([C@@H]1CCC(=O)NC1=O)C2=O,-9.226271686
O=Cc1cccc2c1C(=O)N([C@H]1CCC(=O)NC1=O)C2=O,-9.226126025
O=Cc1ccc2c(c1)C(=O)N([C@@H]1CCC(=O)NC1=O)C2=O,-9.335039637
O=Cc1ccc2c(c1)C(=O)N([C@H]1CCC(=O)NC1=O)C2=O,-9.334666473
CC(C)C(NC(=O)c1ccc2c(c1)C(=O)N([C@@H]1CCC(=O)NC1=O)C2=O)C(C)C,-7.885712794
CC(C)C(NC(=O)c1ccc2c(c1)C(=O)N([C@H]1CCC(=O)NC1=O)C2=O)C(C)C,-7.901375066
NCc1cccc2c1C(=O)N([C@@H]1CCC(=O)NC1=O)C2=O,-8.46032934
NCc1cccc2c1C(=O)N([C@H]1CCC(=O)NC1=O)C2=O,-8.368352768
NCc1ccc2c(c1)C(=O)N([C@@H]1CCC(=O)NC1=O)C2=O,-7.756190394
NCc1ccc2c(c1)C(=O)N([C@H]1CCC(=O)NC1=O)C2=O,-7.760850218
CN1C(=O)CC[C@H](N2C(=O)c3cccc(N)c3C2=O)C1=O,-8.735414495
CN1C(=O)CC[C@@H](N2C(=O)c3cccc(N)c3C2=O)C1=O,-8.738528796
CN1C(=O)CC[C@H](N2C(=O)c3ccc(N)cc3C2=O)C1=O,-8.746670552
CN1C(=O)CC[C@@H](N2C(=O)c3ccc(N)cc3C2=O)C1=O,-8.747121724
O=C1CC[C@H](N2C(=O)c3ccc(CO)cc3C2=O)C(=O)N1,-8.696258043
O=C1CC[C@@H](N2C(=O)c3ccc(CO)cc3C2=O)C(=O)N1,-8.685891165
Nc1c(O)ccc2c1C(=O)N([C@@H]1CCC(=O)NC1=O)C2=O,-8.635124432
Nc1c(O)ccc2c1C(=O)N([C@H]1CCC(=O)NC1=O)C2=O,-8.634569319
O=C1CC[C@H](N2C(=O)c3ccc(S)cc3C2=O)C(=O)N1,-8.872825467
O=C1CC[C@@H](N2C(=O)c3ccc(S)cc3C2=O)C(=O)N1,-8.871818565
Nc1c(F)ccc2c1C(=O)N([C@@H]1CCC(=O)NC1=O)C2=O,-8.774792575
Nc1c(F)ccc2c1C(=O)N([C@H]1CCC(=O)NC1=O)C2=O,-8.774766665
Nc1cc(F)cc2c1C(=O)N([C@@H]1CCC(=O)NC1=O)C2=O,-8.795939248
Nc1cc(F)cc2c1C(=O)N([C@H]1CCC(=O)NC1=O)C2=O,-8.806918597
Nc1ccc(F)c2c1C(=O)N([C@@H]1CCC(=O)NC1=O)C2=O,-8.807003195
Nc1ccc(F)c2c1C(=O)N([C@H]1CCC(=O)NC1=O)C2=O,-8.793775572
O=C1CC[C@H](N2C(=O)c3ccc(O)c(F)c3C2=O)C(=O)N1,-8.976609021
O=C1CC[C@@H](N2C(=O)c3ccc(O)c(F)c3C2=O)C(=O)N1,-8.976352909
O=C1CC[C@H](N2C(=O)c3cc(F)c(F)cc3C2=O)C(=O)N1,-9.3534
O=C1CC[C@@H](N2C(=O)c3cc(F)c(F)cc3C2=O)C(=O)N1,-9.3536
O=C1CC[C@H](N2C(=O)c3ccc(F)c(F)c3C2=O)C(=O)N1,-9.3441
O=C1CC[C@@H](N2C(=O)c3ccc(F)c(F)c3C2=O)C(=O)N1,-9.3445
O=C1CC[C@H](N2C(=O)c3c(F)ccc(F)c3C2=O)C(=O)N1,-9.344
O=C1CC[C@@H](N2C(=O)c3c(F)ccc(F)c3C2=O)C(=O)N1,-9.343825653
N#CCc1cccc2c1C(=O)N([C@@H]1CCC(=O)NC1=O)C2=O,-8.95359301
N#CCc1cccc2c1C(=O)N([C@H]1CCC(=O)NC1=O)C2=O,-8.953320725
CN(C)c1ccc2c(c1)C(=O)N([C@@H]1CCC(=O)NC1=O)C2=O,-7.931183001
CN(C)c1ccc2c(c1)C(=O)N([C@H]1CCC(=O)NC1=O)C2=O,-7.839780114
CN(C)c1cccc2c1C(=O)N([C@@H]1CCC(=O)NC1=O)C2=O,-8.240456322
CN(C)c1cccc2c1C(=O)N([C@H]1CCC(=O)NC1=O)C2=O,-7.837575948
O=C1CC[C@H](N2C(=O)c3ccc([N+](=O)[O-])cc3C2=O)C(=O)N1,-9.857106648
O=C1CC[C@@H](N2C(=O)c3ccc([N+](=O)[O-])cc3C2=O)C(=O)N1,-9.486792293
O=C1CC[C@H](N2C(=O)c3cccc([N+](=O)[O-])c3C2=O)C(=O)N1,-9.48666772
O=C1CC[C@@H](N2C(=O)c3cccc([N+](=O)[O-])c3C2=O)C(=O)N1,-9.85710643
COc1ccc(N)c2c1C(=O)N([C@@H]1CCC(=O)NC1=O)C2=O,-8.41721673
COc1ccc(N)c2c1C(=O)N([C@H]1CCC(=O)NC1=O)C2=O,-8.37035534
COc1cc(N)c2c(c1)C(=O)N([C@@H]1CCC(=O)NC1=O)C2=O,-8.305767538
COc1cc(N)c2c(c1)C(=O)N([C@H]1CCC(=O)NC1=O)C2=O,-8.370802802
COc1ccc2c(c1N)C(=O)N([C@@H]1CCC(=O)NC1=O)C2=O,-8.416993011
COc1ccc2c(c1N)C(=O)N([C@H]1CCC(=O)NC1=O)C2=O,-8.305772947
Nc1cc(Cl)cc2c1C(=O)N([C@@H]1CCC(=O)NC1=O)C2=O,-8.7639903
Nc1cc(Cl)cc2c1C(=O)N([C@H]1CCC(=O)NC1=O)C2=O,-8.748154812
Nc1c(Cl)ccc2c1C(=O)N([C@@H]1CCC(=O)NC1=O)C2=O,-8.296600936
Nc1c(Cl)ccc2c1C(=O)N([C@H]1CCC(=O)NC1=O)C2=O,-8.296401369
Nc1ccc(Cl)c2c1C(=O)N([C@@H]1CCC(=O)NC1=O)C2=O,-8.733301987
Nc1ccc(Cl)c2c1C(=O)N([C@H]1CCC(=O)NC1=O)C2=O,-8.733010868
NCC#Cc1ccc2c(c1)C(=O)N([C@@H]1CCC(=O)NC1=O)C2=O,-8.726297525
NCC#Cc1ccc2c(c1)C(=O)N([C@H]1CCC(=O)NC1=O)C2=O,-8.727353553
CC(=O)Nc1cccc2c1C(=O)N([C@@H]1CCC(=O)NC1=O)C2=O,-8.851392539
CC(=O)Nc1cccc2c1C(=O)N([C@H]1CCC(=O)NC1=O)C2=O,-8.695018155
CC(=O)Nc1ccc2c(c1)C(=O)N([C@@H]1CCC(=O)NC1=O)C2=O,-8.852985502
CC(=O)Nc1ccc2c(c1)C(=O)N([C@H]1CCC(=O)NC1=O)C2=O,-8.695203767
NCCCc1ccc2c(c1)C(=O)N([C@@H]1CCC(=O)NC1=O)C2=O,-7.925223835
NCCCc1ccc2c(c1)C(=O)N([C@H]1CCC(=O)NC1=O)C2=O,-7.912405016
NCCNc1cccc2c1C(=O)N([C@@H]1CCC(=O)NC1=O)C2=O,-8.083066538
NCCNc1cccc2c1C(=O)N([C@H]1CCC(=O)NC1=O)C2=O,-8.083346912
NCCOc1ccc2c(c1)C(=O)N([C@@H]1CCC(=O)NC1=O)C2=O,-8.635353301
NCCOc1ccc2c(c1)C(=O)N([C@H]1CCC(=O)NC1=O)C2=O,-8.625499706
O=C1CC[C@H](N2C(=O)c3cccc(NCCO)c3C2=O)C(=O)N1,-8.631327023
O=C1CC[C@@H](N2C(=O)c3cccc(NCCO)c3C2=O)C(=O)N1,-8.619774375
O=C1CC[C@H](N2C(=O)c3cccc(OCCO)c3C2=O)C(=O)N1,-7.840950236
O=C1CC[C@@H](N2C(=O)c3cccc(OCCO)c3C2=O)C(=O)N1,-7.84179071
COc1cc2c(cc1OC)C(=O)N([C@@H]1CCC(=O)NC1=O)C2=O,-8.965440931
COc1cc2c(cc1OC)C(=O)N([C@H]1CCC(=O)NC1=O)C2=O,-8.970713424
O=C1CC[C@H](N2C(=O)c3cc(Cl)c(Cl)cc3C2=O)C(=O)N1,-9.1555
O=C1CC[C@@H](N2C(=O)c3cc(Cl)c(Cl)cc3C2=O)C(=O)N1,-9.1557
C=CC(=O)Nc1ccc2c(c1)C(=O)N([C@@H]1CCC(=O)NC1=O)C2=O,-8.688963538
C=CC(=O)Nc1ccc2c(c1)C(=O)N([C@H]1CCC(=O)NC1=O)C2=O,-8.689053754
CCNC(=O)c1cccc2c1C(=O)N([C@@H]1CCC(=O)NC1=O)C2=O,-7.836416014
CCNC(=O)c1cccc2c1C(=O)N([C@H]1CCC(=O)NC1=O)C2=O,-7.963331592
CCCCNc1ccc2c(c1)C(=O)N([C@@H]1CCC(=O)NC1=O)C2=O,-7.789644387
CCCCNc1ccc2c(c1)C(=O)N([C@H]1CCC(=O)NC1=O)C2=O,-7.791735044
O=C1CC[C@H](N2C(=O)c3c(F)c(F)c(F)c(F)c3C2=O)C(=O)N1,-9.9409
O=C1CC[C@@H](N2C(=O)c3c(F)c(F)c(F)c(F)c3C2=O)C(=O)N1,-9.9413
NCC(=O)Nc1cccc2c1C(=O)N([C@@H]1CCC(=O)NC1=O)C2=O,-8.73372869
NCC(=O)Nc1cccc2c1C(=O)N([C@H]1CCC(=O)NC1=O)C2=O,-8.733933446
NCCCNc1cccc2c1C(=O)N([C@@H]1CCC(=O)NC1=O)C2=O,-8.006092603
NCCCNc1cccc2c1C(=O)N([C@H]1CCC(=O)NC1=O)C2=O,-8.005936348
CN(CCN)c1ccc2c(c1)C(=O)N([C@@H]1CCC(=O)NC1=O)C2=O,-8.5693
CN(CCN)c1ccc2c(c1)C(=O)N([C@H]1CCC(=O)NC1=O)C2=O,-8.569478804
NCCCOc1ccc2c(c1)C(=O)N([C@@H]1CCC(=O)NC1=O)C2=O,-8.536147354
NCCCOc1ccc2c(c1)C(=O)N([C@H]1CCC(=O)NC1=O)C2=O,-8.534801779
O=C1CC[C@H](N2C(=O)c3cccc(Br)c3C2=O)C(=O)N1,-9.158198784
O=C1CC[C@@H](N2C(=O)c3cccc(Br)c3C2=O)C(=O)N1,-9.158050212
O=C1CC[C@H](N2C(=O)c3ccc(Br)cc3C2=O)C(=O)N1,-9.131589824
O=C1CC[C@@H](N2C(=O)c3ccc(Br)cc3C2=O)C(=O)N1,-9.131453855
O=C1CC[C@H](N2C(=O)c3ccccc3C2=O)C(=O)N1,-8.767840177
O=C1CC[C@@H](N2C(=O)c3ccccc3C2=O)C(=O)N1,-8.767782155
Nc1cccc2c1C(=O)N([C@@H]1C(=O)NC(=O)C[C@@H]1C(F)(F)F)C2=O,-8.761143627
Nc1cccc2c1C(=O)N([C@H]1C(=O)NC(=O)C[C@@H]1C(F)(F)F)C2=O,-8.669033298
Nc1cccc2c1C(=O)N([C@@H]1C(=O)NC(=O)C[C@H]1C(F)(F)F)C2=O,-8.668487171
Nc1cccc2c1C(=O)N([C@H]1C(=O)NC(=O)C[C@H]1C(F)(F)F)C2=O,-8.759823482
NCCC(=O)Nc1ccc2c(c1)C(=O)N([C@@H]1CCC(=O)NC1=O)C2=O,-8.157835333
NCCC(=O)Nc1ccc2c(c1)C(=O)N([C@H]1CCC(=O)NC1=O)C2=O,-8.163322456
NCCC(=O)Nc1cccc2c1C(=O)N([C@@H]1CCC(=O)NC1=O)C2=O,-8.512652447
NCCC(=O)Nc1cccc2c1C(=O)N([C@H]1CCC(=O)NC1=O)C2=O,-8.507116361
NCCCCNc1cccc2c1C(=O)N([C@@H]1CCC(=O)NC1=O)C2=O,-8.528550582
NCCCCNc1cccc2c1C(=O)N([C@H]1CCC(=O)NC1=O)C2=O,-8.546594616
NCCCCOc1ccc2c(c1)C(=O)N([C@@H]1CCC(=O)NC1=O)C2=O,-8.059226587
NCCCCOc1ccc2c(c1)C(=O)N([C@H]1CCC(=O)NC1=O)C2=O,-8.055527195
O=C1CC[C@H](N2C(=O)c3ccc(NC(=O)CCl)cc3C2=O)C(=O)N1,-8.762492561
O=C1CC[C@@H](N2C(=O)c3ccc(NC(=O)CCl)cc3C2=O)C(=O)N1,-8.762368331
O=C1CC[C@H](N2C(=O)c3cccc(NC(=O)CCl)c3C2=O)C(=O)N1,-8.9316
O=C1CC[C@@H](N2C(=O)c3cccc(NC(=O)CCl)c3C2=O)C(=O)N1,-8.934000944
Nc1cc(Br)cc2c1C(=O)N([C@@H]1CCC(=O)NC1=O)C2=O,-8.702996784
Nc1cc(Br)cc2c1C(=O)N([C@H]1CCC(=O)NC1=O)C2=O,-8.703586652
O=C1CC[C@H](N2C(=O)c3cc(F)c(Br)cc3C2=O)C(=O)N1,-9.393250853
O=C1CC[C@@H](N2C(=O)c3cc(F)c(Br)cc3C2=O)C(=O)N1,-9.393151109
O=C1CC[C@H](N2C(=O)c3ccc(Br)c(F)c3C2=O)C(=O)N1,-9.400323863
O=C1CC[C@@H](N2C(=O)c3ccc(Br)c(F)c3C2=O)C(=O)N1,-9.400368119
C=C(C)CNC(=O)c1ccc2c(c1)C(=O)N([C@@H]1CCC(=O)NC1=O)C2=O,-8.942998134
C=C(C)CNC(=O)c1ccc2c(c1)C(=O)N([C@H]1CCC(=O)NC1=O)C2=O,-8.943628048
CC[C@H](C)NC(=O)c1ccc2c(c1)C(=O)N([C@@H]1CCC(=O)NC1=O)C2=O,-8.640006294
CC[C@@H](C)NC(=O)c1ccc2c(c1)C(=O)N([C@@H]1CCC(=O)NC1=O)C2=O,-8.639959588
CC[C@H](C)NC(=O)c1ccc2c(c1)C(=O)N([C@H]1CCC(=O)NC1=O)C2=O,-8.915599939
CC[C@@H](C)NC(=O)c1ccc2c(c1)C(=O)N([C@H]1CCC(=O)NC1=O)C2=O,-8.914880208
CC(C)(C)C(=O)Nc1cccc2c1C(=O)N([C@@H]1CCC(=O)NC1=O)C2=O,-8.917945338
CC(C)(C)C(=O)Nc1cccc2c1C(=O)N([C@H]1CCC(=O)NC1=O)C2=O,-8.917588731
CC(C)(C)C(=O)Nc1ccc2c(c1)C(=O)N([C@@H]1CCC(=O)NC1=O)C2=O,-8.82091562
CC(C)(C)C(=O)Nc1ccc2c(c1)C(=O)N([C@H]1CCC(=O)NC1=O)C2=O,-8.821016717
CCCCCCNc1cccc2c1C(=O)N([C@@H]1CCC(=O)NC1=O)C2=O,-7.790615762
CCCCCCNc1cccc2c1C(=O)N([C@H]1CCC(=O)NC1=O)C2=O,-7.774317761
NCCCNC(=O)c1ccc2c(c1)C(=O)N([C@@H]1CCC(=O)NC1=O)C2=O,-8.889097741
NCCCNC(=O)c1ccc2c(c1)C(=O)N([C@H]1CCC(=O)NC1=O)C2=O,-8.906066049
NCCCC(=O)Nc1ccc2c(c1)C(=O)N([C@@H]1CCC(=O)NC1=O)C2=O,-8.062821279
NCCCC(=O)Nc1ccc2c(c1)C(=O)N([C@H]1CCC(=O)NC1=O)C2=O,-8.045527995
CC(C)NC(=O)Nc1ccc2c(c1)C(=O)N([C@@H]1CCC(=O)NC1=O)C2=O,-8.491487521
CC(C)NC(=O)Nc1ccc2c(c1)C(=O)N([C@H]1CCC(=O)NC1=O)C2=O,-8.53100039
NCCCC(=O)Nc1cccc2c1C(=O)N([C@@H]1CCC(=O)NC1=O)C2=O,-8.540162799
NCCCC(=O)Nc1cccc2c1C(=O)N([C@H]1CCC(=O)NC1=O)C2=O,-8.540103322
C=C(F)C(=O)NCc1ccc2c(c1)C(=O)N([C@@H]1CCC(=O)NC1=O)C2=O,-8.863266368
C=C(F)C(=O)NCc1ccc2c(c1)C(=O)N([C@H]1CCC(=O)NC1=O)C2=O,-8.835311689
NCCCCCOc1ccc2c(c1)C(=O)N([C@@H]1CCC(=O)NC1=O)C2=O,-8.583366185
NCCCCCOc1ccc2c(c1)C(=O)N([C@H]1CCC(=O)NC1=O)C2=O,-8.554652906
NCCOCCOc1ccc2c(c1)C(=O)N([C@@H]1CCC(=O)NC1=O)C2=O,-8.641147956
NCCOCCOc1ccc2c(c1)C(=O)N([C@H]1CCC(=O)NC1=O)C2=O,-8.652894772
CCOCCSc1ccc2c(c1)C(=O)N([C@@H]1CCC(=O)NC1=O)C2=O,-8.808674457
CCOCCSc1ccc2c(c1)C(=O)N([C@H]1CCC(=O)NC1=O)C2=O,-8.859735145
CC(F)(F)CCOc1ccc2c(c1)C(=O)N([C@@H]1CCC(=O)NC1=O)C2=O,-8.70946053
CC(F)(F)CCOc1ccc2c(c1)C(=O)N([C@H]1CCC(=O)NC1=O)C2=O,-8.710435341
Cc1ccc2c(c1)C(=O)N([C@@H]1CCC(=O)NC1=O)C2=O,-8.619298602
Cc1ccc2c(c1)C(=O)N([C@H]1CCC(=O)NC1=O)C2=O,-8.621383122
C/C=C/CNC(=O)Nc1ccc2c(c1)C(=O)N([C@@H]1CCC(=O)NC1=O)C2=O,-8.538745824
C/C=C/CNC(=O)Nc1ccc2c(c1)C(=O)N([C@H]1CCC(=O)NC1=O)C2=O,-8.534479864
C/C=C\CNC(=O)Nc1ccc2c(c1)C(=O)N([C@@H]1CCC(=O)NC1=O)C2=O,-8.53951861
C/C=C\CNC(=O)Nc1ccc2c(c1)C(=O)N([C@H]1CCC(=O)NC1=O)C2=O,-8.54247423
Nc1cccc2c1C(=O)N([C@@H]1CCC(=O)NC1=O)C2=O,-8.022818959
Nc1cccc2c1C(=O)N([C@H]1CCC(=O)NC1=O)C2=O,-8.061221149
Nc1ccc2c(c1)C(=O)N([C@@H]1CCC(=O)NC1=O)C2=O,-8.02291388
Nc1ccc2c(c1)C(=O)N([C@H]1CCC(=O)NC1=O)C2=O,-8.061168997
CC(C)[C@H](C)NC(=O)c1ccc2c(c1)C(=O)N([C@@H]1CCC(=O)NC1=O)C2=O,-8.911839427
CC(C)[C@@H](C)NC(=O)c1ccc2c(c1)C(=O)N([C@@H]1CCC(=O)NC1=O)C2=O,-8.910146236
CC(C)[C@H](C)NC(=O)c1ccc2c(c1)C(=O)N([C@H]1CCC(=O)NC1=O)C2=O,-8.910149536
CC(C)[C@@H](C)NC(=O)c1ccc2c(c1)C(=O)N([C@H]1CCC(=O)NC1=O)C2=O,-8.90998173
NCCCCC(=O)Nc1ccc2c(c1)C(=O)N([C@@H]1CCC(=O)NC1=O)C2=O,-8.385422732
NCCCCC(=O)Nc1ccc2c(c1)C(=O)N([C@H]1CCC(=O)NC1=O)C2=O,-8.413311283
NCCCCC(=O)Nc1cccc2c1C(=O)N([C@@H]1CCC(=O)NC1=O)C2=O,-8.496222763
NCCCCC(=O)Nc1cccc2c1C(=O)N([C@H]1CCC(=O)NC1=O)C2=O,-8.505424476
NCCCCCCOc1ccc2c(c1)C(=O)N([C@@H]1CCC(=O)NC1=O)C2=O,-8.570223525
NCCCCCCOc1ccc2c(c1)C(=O)N([C@H]1CCC(=O)NC1=O)C2=O,-8.562288852
NCCCCCCOc1cccc2c1C(=O)N([C@@H]1CCC(=O)NC1=O)C2=O,-8.708453391
NCCCCCCOc1cccc2c1C(=O)N([C@H]1CCC(=O)NC1=O)C2=O,-8.616596104
NCCNC(=O)COc1ccc2c(c1)C(=O)N([C@@H]1CCC(=O)NC1=O)C2=O,-8.846125972
NCCNC(=O)COc1ccc2c(c1)C(=O)N([C@H]1CCC(=O)NC1=O)C2=O,-8.749182878
NCCNC(=O)COc1cccc2c1C(=O)N([C@@H]1CCC(=O)NC1=O)C2=O,-8.90656886
NCCNC(=O)COc1cccc2c1C(=O)N([C@H]1CCC(=O)NC1=O)C2=O,-8.989675103
NCCCOCCOc1cccc2c1C(=O)N([C@@H]1CCC(=O)NC1=O)C2=O,-8.514380311
NCCCOCCOc1cccc2c1C(=O)N([C@H]1CCC(=O)NC1=O)C2=O,-8.640465171
O=C1CC[C@H](N2C(=O)c3cccc(O)c3C2=O)C(=O)N1,-8.844954233
O=C1CC[C@@H](N2C(=O)c3cccc(O)c3C2=O)C(=O)N1,-8.845311348
O=C1CC[C@H](N2C(=O)c3ccc(O)cc3C2=O)C(=O)N1,-8.707334123
O=C1CC[C@@H](N2C(=O)c3ccc(O)cc3C2=O)C(=O)N1,-8.707399434
CC(F)(F)CNC(=O)c1ccc2c(c1)C(=O)N([C@@H]1CCC(=O)NC1=O)C2=O,-9.087242533
CC(F)(F)CNC(=O)c1ccc2c(c1)C(=O)N([C@H]1CCC(=O)NC1=O)C2=O,-9.100002991
O=C1CC[C@H](N2C(=O)c3cccc(F)c3C2=O)C(=O)N1,-8.414780825
O=C1CC[C@@H](N2C(=O)c3cccc(F)c3C2=O)C(=O)N1,-8.414908768
O=C1CC[C@H](N2C(=O)c3ccc(F)cc3C2=O)C(=O)N1,-9.053950532
O=C1CC[C@@H](N2C(=O)c3ccc(F)cc3C2=O)C(=O)N1,-9.053501316
NCCCCCC(=O)Nc1ccc2c(c1)C(=O)N([C@@H]1CCC(=O)NC1=O)C2=O,-8.593852224
NCCCCCC(=O)Nc1ccc2c(c1)C(=O)N([C@H]1CCC(=O)NC1=O)C2=O,-8.605721941
NCCCCCC(=O)Nc1cccc2c1C(=O)N([C@@H]1CCC(=O)NC1=O)C2=O,-8.429951826
NCCCCCC(=O)Nc1cccc2c1C(=O)N([C@H]1CCC(=O)NC1=O)C2=O,-8.593325085
CN(C)C(=O)NCCCc1ccc2c(c1)C(=O)N([C@@H]1CCC(=O)NC1=O)C2=O,-8.820498052
CN(C)C(=O)NCCCc1ccc2c(c1)C(=O)N([C@H]1CCC(=O)NC1=O)C2=O,-8.854422348
CC(=O)NCCCCNc1cccc2c1C(=O)N([C@@H]1CCC(=O)NC1=O)C2=O,-8.474191135
CC(=O)NCCCCNc1cccc2c1C(=O)N([C@H]1CCC(=O)NC1=O)C2=O,-8.362150366
CCCCCCNc1ccc(OC)c2c1C(=O)N([C@@H]1CCC(=O)NC1=O)C2=O,-7.906604004
CCCCCCNc1ccc(OC)c2c1C(=O)N([C@H]1CCC(=O)NC1=O)C2=O,-7.903744578
NCCCNC(=O)COc1ccc2c(c1)C(=O)N([C@@H]1CCC(=O)NC1=O)C2=O,-8.754803122
NCCCNC(=O)COc1ccc2c(c1)C(=O)N([C@H]1CCC(=O)NC1=O)C2=O,-8.673701282
NCCOCCC(=O)Nc1ccc2c(c1)C(=O)N([C@@H]1CCC(=O)NC1=O)C2=O,-8.586030478
NCCOCCC(=O)Nc1ccc2c(c1)C(=O)N([C@H]1CCC(=O)NC1=O)C2=O,-8.652411415
CN(CCO)CC(=O)Nc1ccc2c(c1)C(=O)N([C@@H]1CCC(=O)NC1=O)C2=O,-8.468943735
CN(CCO)CC(=O)Nc1ccc2c(c1)C(=O)N([C@H]1CCC(=O)NC1=O)C2=O,-8.452168881
NCCOCCC(=O)Nc1cccc2c1C(=O)N([C@@H]1CCC(=O)NC1=O)C2=O,-8.837408316
NCCOCCC(=O)Nc1cccc2c1C(=O)N([C@H]1CCC(=O)NC1=O)C2=O,-8.787645608
NCCCOCCCOc1ccc2c(c1)C(=O)N([C@@H]1CCC(=O)NC1=O)C2=O,-8.531402921
NCCCOCCCOc1ccc2c(c1)C(=O)N([C@H]1CCC(=O)NC1=O)C2=O,-8.584084932
C#Cc1ccc2c(c1)C(=O)N([C@@H]1CCC(=O)NC1=O)C2=O,-8.780807621
C#Cc1ccc2c(c1)C(=O)N([C@H]1CCC(=O)NC1=O)C2=O,-8.78069843
N#CN1CC[C@H](c2ccccc2C(=O)Nc2cccc3c2CN([C@@H]2CCC(=O)NC2=O)C3=O)C1,-7.899613849
N#CN1CC[C@@H](c2ccccc2C(=O)Nc2cccc3c2CN([C@@H]2CCC(=O)NC2=O)C3=O)C1,-7.992312869
N#CN1CC[C@H](c2ccccc2C(=O)Nc2cccc3c2CN([C@H]2CCC(=O)NC2=O)C3=O)C1,-7.788634856
N#CN1CC[C@@H](c2ccccc2C(=O)Nc2cccc3c2CN([C@H]2CCC(=O)NC2=O)C3=O)C1,-7.960127199
N#CN1CC[C@H](c2cccnc2NC(=O)c2cccc3c2CN([C@@H]2CCC(=O)NC2=O)C3=O)C1,-7.877993496
N#CN1CC[C@@H](c2cccnc2NC(=O)c2cccc3c2CN([C@@H]2CCC(=O)NC2=O)C3=O)C1,-7.860238163
N#CN1CC[C@H](c2cccnc2NC(=O)c2cccc3c2CN([C@H]2CCC(=O)NC2=O)C3=O)C1,-8.009413565
N#CN1CC[C@@H](c2cccnc2NC(=O)c2cccc3c2CN([C@H]2CCC(=O)NC2=O)C3=O)C1,-7.772926945
Cc1sc2c(C)cccc2c1S(=O)(=O)N[C@@H]1CCC(=O)NC1=O,-8.01882873
Cc1sc2c(C)cccc2c1S(=O)(=O)N[C@H]1CCC(=O)NC1=O,-8.01635836
O=C1CC[C@H](N2C(=O)c3ccc(-c4csc5ccccc45)cc3C2=O)C(=O)N1,-8.76179467
O=C1CC[C@@H](N2C(=O)c3ccc(-c4csc5ccccc45)cc3C2=O)C(=O)N1,-8.717020866
C[C@H](Cn1ccc2ccccc21)C(=O)Nc1cccc([C@@H]2CCC(=O)NC2=O)c1,-7.614658176
C[C@@H](Cn1ccc2ccccc21)C(=O)Nc1cccc([C@@H]2CCC(=O)NC2=O)c1,-7.555876564
C[C@H](Cn1ccc2ccccc21)C(=O)Nc1cccc([C@H]2CCC(=O)NC2=O)c1,-7.91322026
C[C@@H](Cn1ccc2ccccc21)C(=O)Nc1cccc([C@H]2CCC(=O)NC2=O)c1,-7.672410211
O=c1ccn([C@@H]2C[C@H](O)[C@H](CO)O2)c(=O)[nH]1,-7.818119083
O=c1ccn([C@H]2C[C@H](O)[C@H](CO)O2)c(=O)[nH]1,-7.679016968
O=c1ccn([C@@H]2C[C@@H](O)[C@H](CO)O2)c(=O)[nH]1,-7.467569844
O=c1ccn([C@H]2C[C@@H](O)[C@H](CO)O2)c(=O)[nH]1,-7.650537294
O=c1ccn([C@@H]2C[C@H](O)[C@@H](CO)O2)c(=O)[nH]1,-7.598509424
O=c1ccn([C@H]2C[C@H](O)[C@@H](CO)O2)c(=O)[nH]1,-7.680522363
O=c1ccn([C@@H]2C[C@@H](O)[C@@H](CO)O2)c(=O)[nH]1,-7.487355444
O=c1ccn([C@H]2C[C@@H](O)[C@@H](CO)O2)c(=O)[nH]1,-7.822138137
O=c1ccn([C@@H]2O[C@H](CO)[C@H](O)[C@@H]2O)c(=O)[nH]1,-7.643237614
O=c1ccn([C@H]2O[C@H](CO)[C@H](O)[C@@H]2O)c(=O)[nH]1,-7.550575151
O=c1ccn([C@@H]2O[C@@H](CO)[C@H](O)[C@@H]2O)c(=O)[nH]1,-7.669661443
O=c1ccn([C@H]2O[C@@H](CO)[C@H](O)[C@@H]2O)c(=O)[nH]1,-7.558819527
O=c1ccn([C@@H]2O[C@H](CO)[C@@H](O)[C@@H]2O)c(=O)[nH]1,-7.632044047
O=c1ccn([C@H]2O[C@H](CO)[C@@H](O)[C@@H]2O)c(=O)[nH]1,-7.829721162
O=c1ccn([C@@H]2O[C@@H](CO)[C@@H](O)[C@@H]2O)c(=O)[nH]1,-7.748370558
O=c1ccn([C@H]2O[C@@H](CO)[C@@H](O)[C@@H]2O)c(=O)[nH]1,-7.691986733
O=c1ccn([C@@H]2O[C@H](CO)[C@H](O)[C@H]2O)c(=O)[nH]1,-7.68941041
O=c1ccn([C@H]2O[C@H](CO)[C@H](O)[C@H]2O)c(=O)[nH]1,-7.64276704
O=c1ccn([C@@H]2O[C@@H](CO)[C@H](O)[C@H]2O)c(=O)[nH]1,-7.822146107
O=c1ccn([C@H]2O[C@@H](CO)[C@H](O)[C@H]2O)c(=O)[nH]1,-7.70797415
O=c1ccn([C@@H]2O[C@H](CO)[C@@H](O)[C@H]2O)c(=O)[nH]1,-7.568161475
O=c1ccn([C@H]2O[C@H](CO)[C@@H](O)[C@H]2O)c(=O)[nH]1,-7.5891454
O=c1ccn([C@@H]2O[C@@H](CO)[C@@H](O)[C@H]2O)c(=O)[nH]1,-7.832188153
O=c1ccn([C@H]2O[C@@H](CO)[C@@H](O)[C@H]2O)c(=O)[nH]1,-7.642412762
O=c1ccn([C@@H]2O[C@H](COP(=O)(O)O)[C@H](O)[C@@H]2O)c(=O)[nH]1,-7.813731412
O=c1ccn([C@H]2O[C@H](COP(=O)(O)O)[C@H](O)[C@@H]2O)c(=O)[nH]1,-7.803171152
O=c1ccn([C@@H]2O[C@@H](COP(=O)(O)O)[C@H](O)[C@@H]2O)c(=O)[nH]1,-7.827291932
O=c1ccn([C@H]2O[C@@H](COP(=O)(O)O)[C@H](O)[C@@H]2O)c(=O)[nH]1,-7.760460534
O=c1ccn([C@@H]2O[C@H](COP(=O)(O)O)[C@@H](O)[C@@H]2O)c(=O)[nH]1,-7.870197098
O=c1ccn([C@H]2O[C@H](COP(=O)(O)O)[C@@H](O)[C@@H]2O)c(=O)[nH]1,-7.952064542
O=c1ccn([C@@H]2O[C@@H](COP(=O)(O)O)[C@@H](O)[C@@H]2O)c(=O)[nH]1,-7.90587826
O=c1ccn([C@H]2O[C@@H](COP(=O)(O)O)[C@@H](O)[C@@H]2O)c(=O)[nH]1,-7.884124972
O=c1ccn([C@@H]2O[C@H](COP(=O)(O)O)[C@H](O)[C@H]2O)c(=O)[nH]1,-7.807019044
O=c1ccn([C@H]2O[C@H](COP(=O)(O)O)[C@H](O)[C@H]2O)c(=O)[nH]1,-7.661326555
O=c1ccn([C@@H]2O[C@@H](COP(=O)(O)O)[C@H](O)[C@H]2O)c(=O)[nH]1,-7.666326753
O=c1ccn([C@H]2O[C@@H](COP(=O)(O)O)[C@H](O)[C@H]2O)c(=O)[nH]1,-7.600887958
O=c1ccn([C@@H]2O[C@H](COP(=O)(O)O)[C@@H](O)[C@H]2O)c(=O)[nH]1,-7.601473725
O=c1ccn([C@H]2O[C@H](COP(=O)(O)O)[C@@H](O)[C@H]2O)c(=O)[nH]1,-7.575933722
O=c1ccn([C@@H]2O[C@@H](COP(=O)(O)O)[C@@H](O)[C@H]2O)c(=O)[nH]1,-7.854711905
O=c1ccn([C@H]2O[C@@H](COP(=O)(O)O)[C@@H](O)[C@H]2O)c(=O)[nH]1,-7.510043252
Cc1noc(COc2ccc3c(c2)C(=O)N([C@@H]2CCC(=O)NC2=O)C3=O)n1,-8.758649154
Cc1noc(COc2ccc3c(c2)C(=O)N([C@H]2CCC(=O)NC2=O)C3=O)n1,-8.739938306
N#CN1CC[C@H](c2ccn(-c3cncc(-c4cccc(N5CCC(=O)NC5=O)c4)c3)n2)C1,-7.544089825
N#CN1CC[C@@H](c2ccn(-c3cncc(-c4cccc(N5CCC(=O)NC5=O)c4)c3)n2)C1,-7.424284163
O=C1CC[C@H](N2Cc3cc(-c4cncc5ccccc45)ccc3C2=O)C(=O)N1,-7.897993402
O=C1CC[C@@H](N2Cc3cc(-c4cncc5ccccc45)ccc3C2=O)C(=O)N1,-7.898191585
N#CN1CCC[C@H](c2cnc3c(c2)C[C@H](NC(=O)c2ccc(N4CCC(=O)NC4=O)cc2)CC3)C1,-7.558510665
N#CN1CCC[C@@H](c2cnc3c(c2)C[C@H](NC(=O)c2ccc(N4CCC(=O)NC4=O)cc2)CC3)C1,-7.57631312
N#CN1CCC[C@H](c2cnc3c(c2)C[C@@H](NC(=O)c2ccc(N4CCC(=O)NC4=O)cc2)CC3)C1,-7.601497171
N#CN1CCC[C@@H](c2cnc3c(c2)C[C@@H](NC(=O)c2ccc(N4CCC(=O)NC4=O)cc2)CC3)C1,-7.584432817
Cc1nc2ccc(C(=O)N[C@@H]3CCC(=O)NC3=O)cc2o1,-7.973336678
Cc1nc2ccc(C(=O)N[C@H]3CCC(=O)NC3=O)cc2o1,-8.007276564
Cc1nc2c(C)cc(C(=O)N[C@@H]3CCC(=O)NC3=O)cc2o1,-8.700330856
Cc1nc2c(C)cc(C(=O)N[C@H]3CCC(=O)NC3=O)cc2o1,-8.700057324
O=C1CC[C@H](NC(=O)c2cc(S(=O)(=O)F)c3ncoc3c2)C(=O)N1,-8.785548273
O=C1CC[C@@H](NC(=O)c2cc(S(=O)(=O)F)c3ncoc3c2)C(=O)N1,-9.121533894
O=C1CC[C@H](NC(=O)c2ccc3nc(S(=O)(=O)F)oc3c2)C(=O)N1,-9.195161175
O=C1CC[C@@H](NC(=O)c2ccc3nc(S(=O)(=O)F)oc3c2)C(=O)N1,-9.322569117
C=CC(=O)Nc1ccc(CCC(=O)Nc2ccc3c(c2)C(=O)NC3)cc1,-7.857410019
N#CN1CC[C@H](c2ccccc2-c2cc(C(=O)N[C@@H]3CCC(=O)NC3=O)[nH]n2)C1,-8.14317201
N#CN1CC[C@@H](c2ccccc2-c2cc(C(=O)N[C@@H]3CCC(=O)NC3=O)[nH]n2)C1,-7.991836144
N#CN1CC[C@H](c2ccccc2-c2cc(C(=O)N[C@H]3CCC(=O)NC3=O)[nH]n2)C1,-8.032427426
N#CN1CC[C@@H](c2ccccc2-c2cc(C(=O)N[C@H]3CCC(=O)NC3=O)[nH]n2)C1,-8.074979555
N#CN1CCC[C@H](c2ncc(-c3cn([C@@H]4CCC(=O)NC4=O)nn3)c3ccccc23)C1,-8.346163494
N#CN1CCC[C@@H](c2ncc(-c3cn([C@@H]4CCC(=O)NC4=O)nn3)c3ccccc23)C1,-8.172875002
N#CN1CCC[C@H](c2ncc(-c3cn([C@H]4CCC(=O)NC4=O)nn3)c3ccccc23)C1,-8.165966106
N#CN1CCC[C@@H](c2ncc(-c3cn([C@H]4CCC(=O)NC4=O)nn3)c3ccccc23)C1,-8.140921967
N#CN1CC[C@H](c2ccccc2-n2cc(C(=O)N[C@@H]3CCC(=O)NC3=O)nn2)C1,-8.10768216
N#CN1CC[C@@H](c2ccccc2-n2cc(C(=O)N[C@@H]3CCC(=O)NC3=O)nn2)C1,-8.322752363
N#CN1CC[C@H](c2ccccc2-n2cc(C(=O)N[C@H]3CCC(=O)NC3=O)nn2)C1,-8.115867716
N#CN1CC[C@@H](c2ccccc2-n2cc(C(=O)N[C@H]3CCC(=O)NC3=O)nn2)C1,-8.054752792
Cc1cnc2cccc(C(=O)N[C@@H]3CCC(=O)NC3=O)n12,-8.328169693
Cc1cnc2cccc(C(=O)N[C@H]3CCC(=O)NC3=O)n12,-8.32949672
NCc1cn2c(C(=O)N[C@@H]3CCC(=O)NC3=O)cccc2n1,-8.028444769
NCc1cn2c(C(=O)N[C@H]3CCC(=O)NC3=O)cccc2n1,-8.02856802
O=C1CC[C@H](NC(=O)c2cccc3nc(S(=O)(=O)F)cn23)C(=O)N1,-8.743330198
O=C1CC[C@@H](NC(=O)c2cccc3nc(S(=O)(=O)F)cn23)C(=O)N1,-8.400852006
O=C1CC[C@H](NC(=O)c2cc(S(=O)(=O)F)cc3nccn23)C(=O)N1,-8.631249506
O=C1CC[C@@H](NC(=O)c2cc(S(=O)(=O)F)cc3nccn23)C(=O)N1,-8.734310591
O=C1CC[C@H](NC(=O)c2ccc(S(=O)(=O)F)c3nccn23)C(=O)N1,-8.369377242
O=C1CC[C@@H](NC(=O)c2ccc(S(=O)(=O)F)c3nccn23)C(=O)N1,-8.780514826
O=C1CC[C@H](NC(=O)c2cccc3nc(OS(=O)(=O)F)cn23)C(=O)N1,-7.955319844
O=C1CC[C@@H](NC(=O)c2cccc3nc(OS(=O)(=O)F)cn23)C(=O)N1,-8.330427781
O=C1CCNc2ccc(C(=O)NCc3ccc4c(c3)CNC4=O)cc2N1,-7.771482743
O=C1CC[C@H](N2Cc3cc(C(=O)N[C@@H]4CCCCNC4)ccc3C2=O)C(=O)N1,-7.942102769
O=C1CC[C@@H](N2Cc3cc(C(=O)N[C@@H]4CCCCNC4)ccc3C2=O)C(=O)N1,-7.871322725
O=C1CC[C@H](N2Cc3cc(C(=O)N[C@H]4CCCCNC4)ccc3C2=O)C(=O)N1,-7.903099717
O=C1CC[C@@H](N2Cc3cc(C(=O)N[C@H]4CCCCNC4)ccc3C2=O)C(=O)N1,-7.849113994
O=C1CC[C@H](NC(=O)c2cc(-c3nn[nH]n3)cc3ccccc23)C(=O)N1,-8.424655173
O=C1CC[C@@H](NC(=O)c2cc(-c3nn[nH]n3)cc3ccccc23)C(=O)N1,-8.432880178
Cc1noc([C@]23C[C@H](CN2C(=O)c2ccc(N4CCC(=O)NC4=O)cc2)C3)n1,-7.649583143
Cc1nc(C#N)c(NCCC(=O)Nc2ccc([C@@H]3CCC(=O)NC3=O)cc2)o1,-7.627958489
Cc1nc(C#N)c(NCCC(=O)Nc2ccc([C@H]3CCC(=O)NC3=O)cc2)o1,-7.663249521
N#CN1CCC[C@H](c2cccc(-c3cc(C(=O)N[C@@H]4CCC(=O)NC4=O)co3)c2)C1,-7.826936938
N#CN1CCC[C@@H](c2cccc(-c3cc(C(=O)N[C@@H]4CCC(=O)NC4=O)co3)c2)C1,-7.957066619
N#CN1CCC[C@H](c2cccc(-c3cc(C(=O)N[C@H]4CCC(=O)NC4=O)co3)c2)C1,-8.022976243
N#CN1CCC[C@@H](c2cccc(-c3cc(C(=O)N[C@H]4CCC(=O)NC4=O)co3)c2)C1,-8.027152569
CCn1nc(C2CC2)cc1-c1ccc(N2CCC(=O)NC2=O)c(C)c1,-7.313453537
O=C1CC[C@H](NC(=O)c2cc(-c3ccc(Cl)cc3)nn2CC2CC2)C(=O)N1,-7.765167018
O=C1CC[C@@H](NC(=O)c2cc(-c3ccc(Cl)cc3)nn2CC2CC2)C(=O)N1,-7.757810964
O=C1CC[C@H](N2Cc3c(cccc3-c3cn[nH]c3)C2=O)C(=O)N1,-7.896824023
O=C1CC[C@@H](N2Cc3c(cccc3-c3cn[nH]c3)C2=O)C(=O)N1,-7.880165524
Cn1cc(-c2cccc3c2CN([C@@H]2CCC(=O)NC2=O)C3=O)cn1,-7.861096986
Cn1cc(-c2cccc3c2CN([C@H]2CCC(=O)NC2=O)C3=O)cn1,-7.861294533
CCn1cc(-c2cccc3c2CN([C@@H]2CCC(=O)NC2=O)C3=O)cn1,-7.954868148
CCn1cc(-c2cccc3c2CN([C@H]2CCC(=O)NC2=O)C3=O)cn1,-7.819110532
O=C1CC[C@H](N2Cc3c(cccc3-c3cnn(C(F)F)c3)C2=O)C(=O)N1,-7.93072168
O=C1CC[C@@H](N2Cc3c(cccc3-c3cnn(C(F)F)c3)C2=O)C(=O)N1,-7.929943607
CC(C)(C)n1cc(-c2cccc3c2CN([C@@H]2CCC(=O)NC2=O)C3=O)cn1,-7.790194724
CC(C)(C)n1cc(-c2cccc3c2CN([C@H]2CCC(=O)NC2=O)C3=O)cn1,-7.705985252
O=C1CC[C@H](N2Cc3c(cccc3-c3cnn(CC(F)F)c3)C2=O)C(=O)N1,-7.892815685
O=C1CC[C@@H](N2Cc3c(cccc3-c3cnn(CC(F)F)c3)C2=O)C(=O)N1,-7.895111699
Cn1ncc(-c2cccc3c2CN([C@@H]2CCC(=O)NC2=O)C3=O)c1C(F)(F)F,-7.921204324
Cn1ncc(-c2cccc3c2CN([C@H]2CCC(=O)NC2=O)C3=O)c1C(F)(F)F,-7.915662989
O=C1CC[C@H](N2Cc3c(cc(S(=O)(=O)F)cc3-c3cn[nH]c3)C2=O)C(=O)N1,-7.952544064
O=C1CC[C@@H](N2Cc3c(cc(S(=O)(=O)F)cc3-c3cn[nH]c3)C2=O)C(=O)N1,-8.274392207
O=C1CC[C@H](N2Cc3c(ccc(S(=O)(=O)F)c3-c3cn[nH]c3)C2=O)C(=O)N1,-7.922621691
O=C1CC[C@@H](N2Cc3c(ccc(S(=O)(=O)F)c3-c3cn[nH]c3)C2=O)C(=O)N1,-8.117419732
O=C1CC[C@H](N2Cc3c(cccc3-c3cn[nH]c3S(=O)(=O)F)C2=O)C(=O)N1,-8.054407736
O=C1CC[C@@H](N2Cc3c(cccc3-c3cn[nH]c3S(=O)(=O)F)C2=O)C(=O)N1,-8.11855413
O=C1CC[C@H](N2Cc3c(cccc3-c3c[nH]nc3S(=O)(=O)F)C2=O)C(=O)N1,-8.363470881
O=C1CC[C@@H](N2Cc3c(cccc3-c3c[nH]nc3S(=O)(=O)F)C2=O)C(=O)N1,-8.094529632
N#CN1CCC(c2cc(Nc3cccc4c3CN([C@@H]3CCC(=O)NC3=O)C4=O)ncn2)CC1,-7.953485679
N#CN1CCC(c2cc(Nc3cccc4c3CN([C@H]3CCC(=O)NC3=O)C4=O)ncn2)CC1,-7.99562649
O=C1CC[C@H](Nc2ncnc3c2cnn3-c2ccccc2)C(=O)N1,-8.067388505
O=C1CC[C@@H](Nc2ncnc3c2cnn3-c2ccccc2)C(=O)N1,-8.067574537
Cc1nc(N(C)[C@@H]2CCC(=O)NC2=O)c2cnn(-c3ccc(F)cc3)c2n1,-7.821493798
Cc1nc(N(C)[C@H]2CCC(=O)NC2=O)c2cnn(-c3ccc(F)cc3)c2n1,-7.882915121
CCN1CCC2(CC2)[C@H](Oc2ccc3c(c2)CN([C@@H]2CCC(=O)NC2=O)C3=O)C1,-7.84155421
CCN1CCC2(CC2)[C@@H](Oc2ccc3c(c2)CN([C@@H]2CCC(=O)NC2=O)C3=O)C1,-7.838542683
CCN1CCC2(CC2)[C@H](Oc2ccc3c(c2)CN([C@H]2CCC(=O)NC2=O)C3=O)C1,-7.832138125
CCN1CCC2(CC2)[C@@H](Oc2ccc3c(c2)CN([C@H]2CCC(=O)NC2=O)C3=O)C1,-7.766351056
N#CN1CCC[C@H](c2cccc(Cc3cn([C@@H]4CCC(=O)NC4=O)nn3)c2)C1,-8.189571694
N#CN1CCC[C@@H](c2cccc(Cc3cn([C@@H]4CCC(=O)NC4=O)nn3)c2)C1,-8.278248112
N#CN1CCC[C@H](c2cccc(Cc3cn([C@H]4CCC(=O)NC4=O)nn3)c2)C1,-7.954999007
N#CN1CCC[C@@H](c2cccc(Cc3cn([C@H]4CCC(=O)NC4=O)nn3)c2)C1,-8.129585236
N#CN1CCC(c2cccc3c2O[C@H](C(=O)Nc2ccc([C@@H]4CCC(=O)NC4=O)cc2)CO3)CC1,-7.542437376
N#CN1CCC(c2cccc3c2O[C@@H](C(=O)Nc2ccc([C@@H]4CCC(=O)NC4=O)cc2)CO3)CC1,-7.724965055
N#CN1CCC(c2cccc3c2O[C@H](C(=O)Nc2ccc([C@H]4CCC(=O)NC4=O)cc2)CO3)CC1,-7.587403052
N#CN1CCC(c2cccc3c2O[C@@H](C(=O)Nc2ccc([C@H]4CCC(=O)NC4=O)cc2)CO3)CC1,-7.698253968
N#CN1CC[C@H](c2cccc3c2CCC[C@H](Nc2cccc(N4CCC(=O)NC4=O)c2)C3)C1,-7.179002341
N#CN1CC[C@@H](c2cccc3c2CCC[C@H](Nc2cccc(N4CCC(=O)NC4=O)c2)C3)C1,-7.215211792
N#CN1CC[C@H](c2cccc3c2CCC[C@@H](Nc2cccc(N4CCC(=O)NC4=O)c2)C3)C1,-7.231641878
N#CN1CC[C@@H](c2cccc3c2CCC[C@@H](Nc2cccc(N4CCC(=O)NC4=O)c2)C3)C1,-7.261364665
CC1(NC(=O)COc2cccc3c2CN([C@@H]2CCC(=O)NC2=O)C3=O)CCC1,-7.951220772
CC1(NC(=O)COc2cccc3c2CN([C@H]2CCC(=O)NC2=O)C3=O)CCC1,-7.779360576
O=C1CC[C@H](N2Cc3ccc(-c4ccc5nccc(O)c5c4)cc3C2=O)C(=O)N1,-8.007964282
O=C1CC[C@@H](N2Cc3ccc(-c4ccc5nccc(O)c5c4)cc3C2=O)C(=O)N1,-8.011975024
CC(C)(C)n1cc(C(=O)N[C@@H]2CCC(=O)NC2=O)c(-c2ccc(F)cc2F)n1,-7.834156692
CC(C)(C)n1cc(C(=O)N[C@H]2CCC(=O)NC2=O)c(-c2ccc(F)cc2F)n1,-7.8752153
CS(=O)(=O)Nc1ccc(-c2n[nH]cc2C(=O)N[C@@H]2CCC(=O)NC2=O)cc1,-8.03946069
CS(=O)(=O)Nc1ccc(-c2n[nH]cc2C(=O)N[C@H]2CCC(=O)NC2=O)cc1,-7.88222526
N#CN1CC[C@H](c2nccnc2-c2ncc(C(=O)N[C@@H]3CCC(=O)NC3=O)s2)C1,-8.836076999
N#CN1CC[C@@H](c2nccnc2-c2ncc(C(=O)N[C@@H]3CCC(=O)NC3=O)s2)C1,-8.757079441
N#CN1CC[C@H](c2nccnc2-c2ncc(C(=O)N[C@H]3CCC(=O)NC3=O)s2)C1,-8.758454157
N#CN1CC[C@@H](c2nccnc2-c2ncc(C(=O)N[C@H]3CCC(=O)NC3=O)s2)C1,-8.825036573
N#CN1CCC(c2cccc(-c3cccc(C(=O)N[C@@H]4CCC(=O)NC4=O)c3)c2)CC1,-7.661246192
N#CN1CCC(c2cccc(-c3cccc(C(=O)N[C@H]4CCC(=O)NC4=O)c3)c2)CC1,-8.04635341
Cc1nc(-c2cnn(C)c2)oc1C(=O)N[C@@H]1CCC(=O)NC1=O,-8.213003902
Cc1nc(-c2cnn(C)c2)oc1C(=O)N[C@H]1CCC(=O)NC1=O,-8.212705791
Nc1n[nH]c2cncc(C(=O)N[C@@H]3CCC(=O)NC3=O)c12,-8.089572111
Nc1n[nH]c2cncc(C(=O)N[C@H]3CCC(=O)NC3=O)c12,-8.089701255
N#CN1CCC[C@H](c2cccc(C(=O)Nc3ccc4c(c3)CN([C@@H]3CCC(=O)NC3=O)C4=O)c2)C1,-7.922457324
N#CN1CCC[C@@H](c2cccc(C(=O)Nc3ccc4c(c3)CN([C@@H]3CCC(=O)NC3=O)C4=O)c2)C1,-7.93483591
N#CN1CCC[C@H](c2cccc(C(=O)Nc3ccc4c(c3)CN([C@H]3CCC(=O)NC3=O)C4=O)c2)C1,-7.887142727
N#CN1CCC[C@@H](c2cccc(C(=O)Nc3ccc4c(c3)CN([C@H]3CCC(=O)NC3=O)C4=O)c2)C1,-7.857285962
N#CN1CCC[C@H](c2conc2NC(=O)Nc2ccc(C3CC(=O)NC(=O)C3)cc2)C1,-7.718439487
N#CN1CCC[C@@H](c2conc2NC(=O)Nc2ccc(C3CC(=O)NC(=O)C3)cc2)C1,-7.638522569
N#CN1CCC[C@H](c2ccc(-n3nc(C(=O)N[C@@H]4CCC(=O)NC4=O)ccc3=O)cc2)C1,-8.205451769
N#CN1CCC[C@@H](c2ccc(-n3nc(C(=O)N[C@@H]4CCC(=O)NC4=O)ccc3=O)cc2)C1,-8.558731831
N#CN1CCC[C@H](c2ccc(-n3nc(C(=O)N[C@H]4CCC(=O)NC4=O)ccc3=O)cc2)C1,-8.560876331
N#CN1CCC[C@@H](c2ccc(-n3nc(C(=O)N[C@H]4CCC(=O)NC4=O)ccc3=O)cc2)C1,-8.557581913
Cn1ncc2nc(C(F)F)c(C(=O)N[C@@H]3CCC(=O)NC3=O)cc21,-8.483505386
Cn1ncc2nc(C(F)F)c(C(=O)N[C@H]3CCC(=O)NC3=O)cc21,-8.483383796
O=C1CC[C@H](N2Cc3c(cccc3-c3cc4c(c(OS(=O)(=O)F)c3)CNCC4)C2=O)C(=O)N1,-7.871430814
O=C1CC[C@@H](N2Cc3c(cccc3-c3cc4c(c(OS(=O)(=O)F)c3)CNCC4)C2=O)C(=O)N1,-7.818756866
O=C1CC[C@H](N2Cc3c(cccc3-c3ccc4c(c3)CCNC4)C2=O)C(=O)N1,-7.866700705
O=C1CC[C@@H](N2Cc3c(cccc3-c3ccc4c(c3)CCNC4)C2=O)C(=O)N1,-7.867909173
N#CN1CCC[C@H](c2ncc(-c3cccc(C(=O)N[C@@H]4CCC(=O)NC4=O)c3)o2)C1,-8.147825427
N#CN1CCC[C@@H](c2ncc(-c3cccc(C(=O)N[C@@H]4CCC(=O)NC4=O)c3)o2)C1,-7.767904565
N#CN1CCC[C@H](c2ncc(-c3cccc(C(=O)N[C@H]4CCC(=O)NC4=O)c3)o2)C1,-7.73994717
N#CN1CCC[C@@H](c2ncc(-c3cccc(C(=O)N[C@H]4CCC(=O)NC4=O)c3)o2)C1,-7.805348573
N#CN1CCC(c2cccc(-c3cccc(C(=O)N[C@@H]4CCC(=O)NC4=O)n3)c2)CC1,-7.880514503
N#CN1CCC(c2cccc(-c3cccc(C(=O)N[C@H]4CCC(=O)NC4=O)n3)c2)CC1,-8.087386701
O=C1CC[C@H](N2C(=O)c3cccc(C(=O)N4CCCCCCC4)c3C2=O)C(=O)N1,-8.803836385
O=C1CC[C@@H](N2C(=O)c3cccc(C(=O)N4CCCCCCC4)c3C2=O)C(=O)N1,-8.79284494
Nc1cc2c(c(C(=O)N[C@@H]3CCC(=O)NC3=O)c1)OC(F)(F)O2,-7.929387419
Nc1cc2c(c(C(=O)N[C@H]3CCC(=O)NC3=O)c1)OC(F)(F)O2,-7.929176975
O=C1CC[C@H](NC(=O)c2c(Br)ccc3c2OCO3)C(=O)N1,-8.031251161
O=C1CC[C@@H](NC(=O)c2c(Br)ccc3c2OCO3)C(=O)N1,-8.031460947
O=C1CC[C@H](NC(=O)c2cc(S(=O)(=O)F)cc3c2OCO3)C(=O)N1,-8.297167562
O=C1CC[C@@H](NC(=O)c2cc(S(=O)(=O)F)cc3c2OCO3)C(=O)N1,-8.423099537
O=C1CC[C@H](NC(=O)c2ccc(S(=O)(=O)F)c3c2OCO3)C(=O)N1,-8.2981
O=C1CC[C@@H](NC(=O)c2ccc(S(=O)(=O)F)c3c2OCO3)C(=O)N1,-8.422996772
O=C1CC[C@H](N2Cc3cc(-c4cc5c(c(OS(=O)(=O)F)c4)OCC5)ccc3C2=O)C(=O)N1,-7.941085089
O=C1CC[C@@H](N2Cc3cc(-c4cc5c(c(OS(=O)(=O)F)c4)OCC5)ccc3C2=O)C(=O)N1,-7.879917902
O=C1CC[C@H](N2Cc3cc(-c4cc5c(cc4OS(=O)(=O)F)OCC5)ccc3C2=O)C(=O)N1,-7.92531382
O=C1CC[C@@H](N2Cc3cc(-c4cc5c(cc4OS(=O)(=O)F)OCC5)ccc3C2=O)C(=O)N1,-7.890658726
O=C1CC[C@H](N2Cc3cc(-c4ccc5c(c4OS(=O)(=O)F)CCO5)ccc3C2=O)C(=O)N1,-7.893369954
O=C1CC[C@@H](N2Cc3cc(-c4ccc5c(c4OS(=O)(=O)F)CCO5)ccc3C2=O)C(=O)N1,-7.901708041
CC1(C)COc2ccc(-c3ccc4c(c3)CN([C@@H]3CCC(=O)NC3=O)C4=O)cc21,-7.842372361
CC1(C)COc2ccc(-c3ccc4c(c3)CN([C@H]3CCC(=O)NC3=O)C4=O)cc21,-7.857047034
COc1ccccc1Nc1nccc(Nc2cccc3c2CN([C@@H]2CCC(=O)NC2=O)C3=O)n1,-7.912419335
COc1ccccc1Nc1nccc(Nc2cccc3c2CN([C@H]2CCC(=O)NC2=O)C3=O)n1,-7.916206014
N#CN1CCC[C@H](c2cccc(-c3ncc(C(=O)N[C@@H]4CCC(=O)NC4=O)s3)c2)C1,-8.252035466
N#CN1CCC[C@@H](c2cccc(-c3ncc(C(=O)N[C@@H]4CCC(=O)NC4=O)s3)c2)C1,-8.240979299
N#CN1CCC[C@H](c2cccc(-c3ncc(C(=O)N[C@H]4CCC(=O)NC4=O)s3)c2)C1,-8.258788102
N#CN1CCC[C@@H](c2cccc(-c3ncc(C(=O)N[C@H]4CCC(=O)NC4=O)s3)c2)C1,-8.264873902
N#CN1CC[C@H](c2ncccc2-c2ccc(C(=O)N[C@@H]3CCC(=O)NC3=O)cc2)C1,-8.053548541
N#CN1CC[C@@H](c2ncccc2-c2ccc(C(=O)N[C@@H]3CCC(=O)NC3=O)cc2)C1,-8.038249744
N#CN1CC[C@H](c2ncccc2-c2ccc(C(=O)N[C@H]3CCC(=O)NC3=O)cc2)C1,-8.119289476
N#CN1CC[C@@H](c2ncccc2-c2ccc(C(=O)N[C@H]3CCC(=O)NC3=O)cc2)C1,-7.913632823
N#CN1CCC(c2ccccc2-c2ccc3c(c2)C(=O)N([C@@H]2CCC(=O)NC2=O)C3)CC1,-7.963488551
N#CN1CCC(c2ccccc2-c2ccc3c(c2)C(=O)N([C@H]2CCC(=O)NC2=O)C3)CC1,-7.928973238
O=C1CC[C@H](N2Cc3cc(CNC(=O)/C(Cc4ccc(F)cc4)=N/O)ccc3C2=O)C(=O)N1,-7.976926369
O=C1CC[C@@H](N2Cc3cc(CNC(=O)/C(Cc4ccc(F)cc4)=N/O)ccc3C2=O)C(=O)N1,-7.83550003
O=C1CC[C@H](N2Cc3cc(CNC(=O)/C(Cc4ccc(F)cc4)=N\O)ccc3C2=O)C(=O)N1,-7.917093891
O=C1CC[C@@H](N2Cc3cc(CNC(=O)/C(Cc4ccc(F)cc4)=N\O)ccc3C2=O)C(=O)N1,-7.825980141
O=C1CC[C@H](N2Cc3cc(CNC(=O)/C(Cc4ccc(Cl)cc4)=N/O)ccc3C2=O)C(=O)N1,-7.852041559
O=C1CC[C@@H](N2Cc3cc(CNC(=O)/C(Cc4ccc(Cl)cc4)=N/O)ccc3C2=O)C(=O)N1,-7.98355401
O=C1CC[C@H](N2Cc3cc(CNC(=O)/C(Cc4ccc(Cl)cc4)=N\O)ccc3C2=O)C(=O)N1,-7.850252653
O=C1CC[C@@H](N2Cc3cc(CNC(=O)/C(Cc4ccc(Cl)cc4)=N\O)ccc3C2=O)C(=O)N1,-7.931011785
O=C1CC[C@H](N2Cc3cc(CNC(=O)/C(Cc4ccc([N+](=O)[O-])cc4)=N/O)ccc3C2=O)C(=O)N1,-9.081766481
O=C1CC[C@@H](N2Cc3cc(CNC(=O)/C(Cc4ccc([N+](=O)[O-])cc4)=N/O)ccc3C2=O)C(=O)N1,-9.142377901
O=C1CC[C@H](N2Cc3cc(CNC(=O)/C(Cc4ccc([N+](=O)[O-])cc4)=N\O)ccc3C2=O)C(=O)N1,-9.156453238
O=C1CC[C@@H](N2Cc3cc(CNC(=O)/C(Cc4ccc([N+](=O)[O-])cc4)=N\O)ccc3C2=O)C(=O)N1,-8.933969398
Cc1ccc(C/C(=N\N)C(=O)NCc2ccc3c(c2)CN([C@@H]2CCC(=O)NC2=O)C3=O)cc1Cl,-7.795272186
Cc1ccc(C/C(=N\N)C(=O)NCc2ccc3c(c2)CN([C@H]2CCC(=O)NC2=O)C3=O)cc1Cl,-7.960329633
Cc1ccc(C/C(=N/N)C(=O)NCc2ccc3c(c2)CN([C@@H]2CCC(=O)NC2=O)C3=O)cc1Cl,-7.922660305
Cc1ccc(C/C(=N/N)C(=O)NCc2ccc3c(c2)CN([C@H]2CCC(=O)NC2=O)C3=O)cc1Cl,-7.869077282
Cc1ccc(C/C(=N\O)C(=O)NCc2ccc3c(c2)CN([C@@H]2CCC(=O)NC2=O)C3=O)cc1Cl,-7.929548654
Cc1ccc(C/C(=N\O)C(=O)NCc2ccc3c(c2)CN([C@H]2CCC(=O)NC2=O)C3=O)cc1Cl,-7.849491537
Cc1ccc(C/C(=N/O)C(=O)NCc2ccc3c(c2)CN([C@@H]2CCC(=O)NC2=O)C3=O)cc1Cl,-7.966835166
Cc1ccc(C/C(=N/O)C(=O)NCc2ccc3c(c2)CN([C@H]2CCC(=O)NC2=O)C3=O)cc1Cl,-7.993526772
CO/N=C(\Cc1ccc(C)c(Cl)c1)C(=O)NCc1ccc2c(c1)CN([C@@H]1CCC(=O)NC1=O)C2=O,-8.007916009
CO/N=C(\Cc1ccc(C)c(Cl)c1)C(=O)NCc1ccc2c(c1)CN([C@H]1CCC(=O)NC1=O)C2=O,-7.940522215
CO/N=C(/Cc1ccc(C)c(Cl)c1)C(=O)NCc1ccc2c(c1)CN([C@@H]1CCC(=O)NC1=O)C2=O,-7.949293421
CO/N=C(/Cc1ccc(C)c(Cl)c1)C(=O)NCc1ccc2c(c1)CN([C@H]1CCC(=O)NC1=O)C2=O,-7.870495556
N#CN1CC[C@H](c2cnn(-c3ccnc(C(=O)N[C@@H]4CCC(=O)NC4=O)n3)c2)C1,-9.003479594
N#CN1CC[C@@H](c2cnn(-c3ccnc(C(=O)N[C@@H]4CCC(=O)NC4=O)n3)c2)C1,-8.189600731
N#CN1CC[C@H](c2cnn(-c3ccnc(C(=O)N[C@H]4CCC(=O)NC4=O)n3)c2)C1,-8.187900936
N#CN1CC[C@@H](c2cnn(-c3ccnc(C(=O)N[C@H]4CCC(=O)NC4=O)n3)c2)C1,-8.127860317
C=CC(=O)NCc1ccc(C(=O)Nc2ccc(C[C@@H]3NC(=O)NC3=O)cc2)cc1,-7.943588036
C=CC(=O)NCc1ccc(C(=O)Nc2ccc(C[C@H]3NC(=O)NC3=O)cc2)cc1,-7.919919316
Cc1cn2nnc(C(=O)N[C@@H]3CCC(=O)NC3=O)c2c(=O)[nH]1,-8.163328979
Cc1cn2nnc(C(=O)N[C@H]3CCC(=O)NC3=O)c2c(=O)[nH]1,-8.161820757
Cc1nccnc1COc1ccc2c(c1)C(=O)N([C@@H]1CCC(=O)NC1=O)C2=O,-8.618185051
Cc1nccnc1COc1ccc2c(c1)C(=O)N([C@H]1CCC(=O)NC1=O)C2=O,-8.615464712
CCCc1nc(C(=O)N[C@@H]2CCC(=O)NC2=O)nn1-c1ccccc1F,-7.808876637
CCCc1nc(C(=O)N[C@H]2CCC(=O)NC2=O)nn1-c1ccccc1F,-7.815621746
Cc1nc(C(=O)N[C@@H]2CCC(=O)NC2=O)nn1-c1ccc(Cl)cc1Cl,-7.911436251
Cc1nc(C(=O)N[C@H]2CCC(=O)NC2=O)nn1-c1ccc(Cl)cc1Cl,-7.916495984
N#CN1CCC[C@H](c2cc(-c3cncc(C(=O)N[C@@H]4CCC(=O)NC4=O)c3)cc3c2OCC3)C1,-8.092353541
N#CN1CCC[C@@H](c2cc(-c3cncc(C(=O)N[C@@H]4CCC(=O)NC4=O)c3)cc3c2OCC3)C1,-8.089752874
N#CN1CCC[C@H](c2cc(-c3cncc(C(=O)N[C@H]4CCC(=O)NC4=O)c3)cc3c2OCC3)C1,-8.112510912
N#CN1CCC[C@@H](c2cc(-c3cncc(C(=O)N[C@H]4CCC(=O)NC4=O)c3)cc3c2OCC3)C1,-8.053133143
CN1Cc2cccc(OCc3ncc(F)cn3)c2C1=O,-8.119165369
NCc1cn2c(C(=O)Nc3ccc([C@@H]4CCC(=O)NC4=O)cc3)cccc2n1,-7.70209194
NCc1cn2c(C(=O)Nc3ccc([C@H]4CCC(=O)NC4=O)cc3)cccc2n1,-7.706161925
O=C1CC[C@H](N2Cc3ccc(S(=O)(=O)n4nccn4)cc3C2=O)C(=O)N1,-8.179872411
O=C1CC[C@@H](N2Cc3ccc(S(=O)(=O)n4nccn4)cc3C2=O)C(=O)N1,-8.153223552
O=C1CC[C@H](NC(=O)c2ccc(-n3cnnn3)cc2Cl)C(=O)N1,-8.496615736
O=C1CC[C@@H](NC(=O)c2ccc(-n3cnnn3)cc2Cl)C(=O)N1,-8.496815539
O=C1CC[C@H](N2C(=O)c3cccc(-c4cccc(S(=O)(=O)F)c4)c3C2=O)C(=O)N1,-8.913723913
O=C1CC[C@@H](N2C(=O)c3cccc(-c4cccc(S(=O)(=O)F)c4)c3C2=O)C(=O)N1,-9.056100008
O=C1CC[C@H](N2C(=O)c3cccc(-c4cccc(OS(=O)(=O)F)c4)c3C2=O)C(=O)N1,-8.880247908
O=C1CC[C@@H](N2C(=O)c3cccc(-c4cccc(OS(=O)(=O)F)c4)c3C2=O)C(=O)N1,-8.940794474
O=C1CC[C@H](N2C(=O)c3cccc(-c4ccccc4)c3C2=O)C(=O)N1,-8.667907419
O=C1CC[C@@H](N2C(=O)c3cccc(-c4ccccc4)c3C2=O)C(=O)N1,-8.660951671
Cc1cc(Nc2cccc([C@@H]3CCC(=O)NC3=O)c2)nc(-c2cccc(F)c2)n1,-7.775509905
Cc1cc(Nc2cccc([C@H]3CCC(=O)NC3=O)c2)nc(-c2cccc(F)c2)n1,-7.774801405
O=C1CC[C@H](NC(=O)c2cnc3ccc(S(=O)(=O)F)nn23)C(=O)N1,-9.008064639
O=C1CC[C@@H](NC(=O)c2cnc3ccc(S(=O)(=O)F)nn23)C(=O)N1,-9.353666567
O=C1CC[C@H](NC(=O)c2cnc3c(S(=O)(=O)F)ccnn23)C(=O)N1,-9.430267717
O=C1CC[C@@H](NC(=O)c2cnc3c(S(=O)(=O)F)ccnn23)C(=O)N1,-9.026605637
O=C1CC[C@H](NC(=O)c2cnc3cc(S(=O)(=O)F)cnn23)C(=O)N1,-8.956062231
O=C1CC[C@@H](NC(=O)c2cnc3cc(S(=O)(=O)F)cnn23)C(=O)N1,-9.237528816
O=C1CC[C@H](NC(=O)c2cnc3ccc(OS(=O)(=O)F)nn23)C(=O)N1,-8.675981737
O=C1CC[C@@H](NC(=O)c2cnc3ccc(OS(=O)(=O)F)nn23)C(=O)N1,-8.615094486
O=C1CC[C@H](NC(=O)c2cnc3cccnn23)C(=O)N1,-8.21826511
O=C1CC[C@@H](NC(=O)c2cnc3cccnn23)C(=O)N1,-8.217762227
N#CN1CCC[C@H](c2ccsc2-c2ccc3c(c2)CN([C@@H]2CCC(=O)NC2=O)C3=O)C1,-7.829233413
N#CN1CCC[C@@H](c2ccsc2-c2ccc3c(c2)CN([C@@H]2CCC(=O)NC2=O)C3=O)C1,-7.829643234
N#CN1CCC[C@H](c2ccsc2-c2ccc3c(c2)CN([C@H]2CCC(=O)NC2=O)C3=O)C1,-7.858773126
N#CN1CCC[C@@H](c2ccsc2-c2ccc3c(c2)CN([C@H]2CCC(=O)NC2=O)C3=O)C1,-7.856740079
N#CN1CCC[C@H](c2ccccc2-c2ncc(C(=O)N[C@@H]3CCC(=O)NC3=O)s2)C1,-8.214047589
N#CN1CCC[C@@H](c2ccccc2-c2ncc(C(=O)N[C@@H]3CCC(=O)NC3=O)s2)C1,-8.214884126
N#CN1CCC[C@H](c2ccccc2-c2ncc(C(=O)N[C@H]3CCC(=O)NC3=O)s2)C1,-8.05324804
N#CN1CCC[C@@H](c2ccccc2-c2ncc(C(=O)N[C@H]3CCC(=O)NC3=O)s2)C1,-8.00889892
N#CN1CCC[C@H](c2cccc(-c3csc(C(=O)N[C@@H]4CCC(=O)NC4=O)n3)c2)C1,-8.151061734
N#CN1CCC[C@@H](c2cccc(-c3csc(C(=O)N[C@@H]4CCC(=O)NC4=O)n3)c2)C1,-8.113616535
N#CN1CCC[C@H](c2cccc(-c3csc(C(=O)N[C@H]4CCC(=O)NC4=O)n3)c2)C1,-7.90728426
N#CN1CCC[C@@H](c2cccc(-c3csc(C(=O)N[C@H]4CCC(=O)NC4=O)n3)c2)C1,-7.912057794
O=C1CC[C@H](NC(=O)c2ccc3c(c2)nnn3CCc2ccccc2)C(=O)N1,-8.294281411
O=C1CC[C@@H](NC(=O)c2ccc3c(c2)nnn3CCc2ccccc2)C(=O)N1,-8.199356264
N#CN1CC[C@H](c2ccnc(NC(=O)c3cccc4c3CN([C@@H]3CCC(=O)NC3=O)C4=O)c2)C1,-7.93080143
N#CN1CC[C@@H](c2ccnc(NC(=O)c3cccc4c3CN([C@@H]3CCC(=O)NC3=O)C4=O)c2)C1,-8.026431826
N#CN1CC[C@H](c2ccnc(NC(=O)c3cccc4c3CN([C@H]3CCC(=O)NC3=O)C4=O)c2)C1,-7.928584305
N#CN1CC[C@@H](c2ccnc(NC(=O)c3cccc4c3CN([C@H]3CCC(=O)NC3=O)C4=O)c2)C1,-8.060627555
N#CN1CCC[C@H](c2cccc3c2CCC[C@H](Nc2cccc(N4CCC(=O)NC4=O)c2)C3)C1,-7.203612416
N#CN1CCC[C@@H](c2cccc3c2CCC[C@H](Nc2cccc(N4CCC(=O)NC4=O)c2)C3)C1,-7.239755803
N#CN1CCC[C@H](c2cccc3c2CCC[C@@H](Nc2cccc(N4CCC(=O)NC4=O)c2)C3)C1,-7.157540626
N#CN1CCC[C@@H](c2cccc3c2CCC[C@@H](Nc2cccc(N4CCC(=O)NC4=O)c2)C3)C1,-7.211165284
O=C1CC[C@H](NC(=O)c2cc(CNC(=O)c3ccc4[nH]ccc4n3)n[nH]2)C(=O)N1,-7.833864228
O=C1CC[C@@H](NC(=O)c2cc(CNC(=O)c3ccc4[nH]ccc4n3)n[nH]2)C(=O)N1,-7.960512697
O=C1CC[C@H](N2Cc3ccc(-n4cc(-c5cnsc5)nn4)cc3C2=O)C(=O)N1,-8.104278968
O=C1CC[C@@H](N2Cc3ccc(-n4cc(-c5cnsc5)nn4)cc3C2=O)C(=O)N1,-8.117543485
Cc1cc(-c2[nH]ncc2C(=O)N[C@@H]2CCC(=O)NC2=O)ccc1F,-8.037885306
Cc1cc(-c2[nH]ncc2C(=O)N[C@H]2CCC(=O)NC2=O)ccc1F,-7.956653803
N#CN1CC[C@H](c2nccnc2-c2ccc3c(c2)CN([C@@H]2CCC(=O)NC2=O)C3=O)C1,-8.003108559
N#CN1CC[C@@H](c2nccnc2-c2ccc3c(c2)CN([C@@H]2CCC(=O)NC2=O)C3=O)C1,-8.2983563
N#CN1CC[C@H](c2nccnc2-c2ccc3c(c2)CN([C@H]2CCC(=O)NC2=O)C3=O)C1,-8.249107669
N#CN1CC[C@@H](c2nccnc2-c2ccc3c(c2)CN([C@H]2CCC(=O)NC2=O)C3=O)C1,-8.253668289
O=C1CC[C@H](NC(=O)c2[nH]c3ccccc3c2C2CC2)C(=O)N1,-7.894886621
O=C1CC[C@@H](NC(=O)c2[nH]c3ccccc3c2C2CC2)C(=O)N1,-7.941408922
N#CN1CCC(c2cccc(-c3ccc4c(c3)CN([C@@H]3CCC(=O)NC3=O)C4=O)n2)CC1,-7.933390931
N#CN1CCC(c2cccc(-c3ccc4c(c3)CN([C@H]3CCC(=O)NC3=O)C4=O)n2)CC1,-7.912014362
CO[C@@H]1CCn2cc(C(=O)Nc3cccc([C@@H]4CCC(=O)NC4=O)c3)nc2C1,-7.604195047
CO[C@H]1CCn2cc(C(=O)Nc3cccc([C@@H]4CCC(=O)NC4=O)c3)nc2C1,-7.604141069
CO[C@@H]1CCn2cc(C(=O)Nc3cccc([C@H]4CCC(=O)NC4=O)c3)nc2C1,-7.60857431
CO[C@H]1CCn2cc(C(=O)Nc3cccc([C@H]4CCC(=O)NC4=O)c3)nc2C1,-7.62198621
O=C1CC[C@H](NC(=O)c2c[nH]c(C3CC3)n2)C(=O)N1,-7.634357988
O=C1CC[C@@H](NC(=O)c2c[nH]c(C3CC3)n2)C(=O)N1,-7.719279053
O=C1CC[C@H](N2Cc3cc(-c4cc(CN5CCCC5)c5[nH]nc(C6CC6)c5n4)ccc3C2=O)C(=O)N1,-7.832309296
O=C1CC[C@@H](N2Cc3cc(-c4cc(CN5CCCC5)c5[nH]nc(C6CC6)c5n4)ccc3C2=O)C(=O)N1,-7.816128584
O=C1CC[C@H](N2C(=O)c3ccc(CNC(=O)Nc4ccccc4)cc3C2=O)C(=O)N1,-8.819345233
O=C1CC[C@@H](N2C(=O)c3ccc(CNC(=O)Nc4ccccc4)cc3C2=O)C(=O)N1,-8.81416357
O=C1CC[C@H](N2C(=O)c3ccc(CNC(=O)Nc4cccc(Cl)c4)cc3C2=O)C(=O)N1,-8.803352438
O=C1CC[C@@H](N2C(=O)c3ccc(CNC(=O)Nc4cccc(Cl)c4)cc3C2=O)C(=O)N1,-8.864871585
O=C1CC[C@H](N2C(=O)c3ccc(CNC(=O)Nc4ccc(Cl)cc4)cc3C2=O)C(=O)N1,-8.866559883
O=C1CC[C@@H](N2C(=O)c3ccc(CNC(=O)Nc4ccc(Cl)cc4)cc3C2=O)C(=O)N1,-8.849198259
O=C1CC[C@H](N2C(=O)c3ccc(CNC(=O)Nc4ccccc4Cl)cc3C2=O)C(=O)N1,-8.810351257
O=C1CC[C@@H](N2C(=O)c3ccc(CNC(=O)Nc4ccccc4Cl)cc3C2=O)C(=O)N1,-8.864054881
Cc1ccc2c(C(=O)N[C@@H]3CCC(=O)NC3=O)c[nH]c2c1,-7.82150274
Cc1ccc2c(C(=O)N[C@H]3CCC(=O)NC3=O)c[nH]c2c1,-7.821587795
O=C1CC[C@H](NC(=O)c2c[nH]c3ccc(F)cc23)C(=O)N1,-7.914414907
O=C1CC[C@@H](NC(=O)c2c[nH]c3ccc(F)cc23)C(=O)N1,-7.91437417
N#Cc1ccc2c(C(=O)N[C@@H]3CCC(=O)NC3=O)c[nH]c2c1,-8.018907955
N#Cc1ccc2c(C(=O)N[C@H]3CCC(=O)NC3=O)c[nH]c2c1,-8.018309234
N#Cc1cccc2c(C(=O)N[C@@H]3CCC(=O)NC3=O)c[nH]c12,-8.016828708
N#Cc1cccc2c(C(=O)N[C@H]3CCC(=O)NC3=O)c[nH]c12,-8.099067275
CCc1[nH]c2ccccc2c1C(=O)N[C@@H]1CCC(=O)NC1=O,-7.814608843
CCc1[nH]c2ccccc2c1C(=O)N[C@H]1CCC(=O)NC1=O,-7.814195705
COc1cccc2c(C(=O)N[C@@H]3CCC(=O)NC3=O)c(C)[nH]c12,-7.974831356
COc1cccc2c(C(=O)N[C@H]3CCC(=O)NC3=O)c(C)[nH]c12,-7.958901969
COc1cc2c(C(=O)N[C@@H]3CCC(=O)NC3=O)c[nH]c2cc1Cl,-7.902810736
COc1cc2c(C(=O)N[C@H]3CCC(=O)NC3=O)c[nH]c2cc1Cl,-7.904301888
O=C1CC[C@H](NC(=O)c2c[nH]c3cc(S(=O)(=O)F)ccc23)C(=O)N1,-8.046285009
O=C1CC[C@@H](NC(=O)c2c[nH]c3cc(S(=O)(=O)F)ccc23)C(=O)N1,-8.062679754
O=C1CC[C@H](NC(=O)c2c[nH]c3c(S(=O)(=O)F)cccc23)C(=O)N1,-8.127552757
O=C1CC[C@@H](NC(=O)c2c[nH]c3c(S(=O)(=O)F)cccc23)C(=O)N1,-8.129470851
CCCn1c(C)c(C(=O)N[C@@H]2CCC(=O)NC2=O)c2cc(OC)ccc21,-7.850116327
CCCn1c(C)c(C(=O)N[C@H]2CCC(=O)NC2=O)c2cc(OC)ccc21,-7.825740615
Cn1cc(C(=O)N[C@@H]2CCC(=O)NC2=O)c2cc(Br)ccc21,-7.929646268
Cn1cc(C(=O)N[C@H]2CCC(=O)NC2=O)c2cc(Br)ccc21,-7.92143393
Cc1[nH]c2ccc(Br)cc2c1C(=O)N[C@@H]1CCC(=O)NC1=O,-7.898240758
Cc1[nH]c2ccc(Br)cc2c1C(=O)N[C@H]1CCC(=O)NC1=O,-7.895432861
O=C1CC[C@H](NC(=O)c2c[nH]c3ccccc23)C(=O)N1,-7.985027529
O=C1CC[C@@H](NC(=O)c2c[nH]c3ccccc23)C(=O)N1,-7.974750563
O=C1CC[C@H](NC(=O)c2c[nH]c3ccc(OS(=O)(=O)F)cc23)C(=O)N1,-7.919576673
O=C1CC[C@@H](NC(=O)c2c[nH]c3ccc(OS(=O)(=O)F)cc23)C(=O)N1,-7.96796666
Cn1c(Cl)c(C(=O)N[C@@H]2CCC(=O)NC2=O)c2cc(Cl)c(Cl)cc21,-7.942939916
Cn1c(Cl)c(C(=O)N[C@H]2CCC(=O)NC2=O)c2cc(Cl)c(Cl)cc21,-7.94308421
Cc1nn(-c2ccccc2)c2ncc(C(=O)N[C@@H]3CCC(=O)NC3=O)cc12,-8.069500264
Cc1nn(-c2ccccc2)c2ncc(C(=O)N[C@H]3CCC(=O)NC3=O)cc12,-8.069500471
Cc1ccc(-n2nc(C)c3cc(C(=O)N[C@@H]4CCC(=O)NC4=O)cnc32)cc1,-8.051047446
Cc1ccc(-n2nc(C)c3cc(C(=O)N[C@H]4CCC(=O)NC4=O)cnc32)cc1,-8.050991544
Cc1nn(-c2ccc(F)cc2)c2ncc(C(=O)N[C@@H]3CCC(=O)NC3=O)cc12,-8.121122143
Cc1nn(-c2ccc(F)cc2)c2ncc(C(=O)N[C@H]3CCC(=O)NC3=O)cc12,-8.12102208
N#CN1CCC[C@H](c2ccc(-c3cc(C(=O)N[C@@H]4CCC(=O)NC4=O)on3)cc2)C1,-8.005010782
N#CN1CCC[C@@H](c2ccc(-c3cc(C(=O)N[C@@H]4CCC(=O)NC4=O)on3)cc2)C1,-8.003883727
N#CN1CCC[C@H](c2ccc(-c3cc(C(=O)N[C@H]4CCC(=O)NC4=O)on3)cc2)C1,-8.07090035
N#CN1CCC[C@@H](c2ccc(-c3cc(C(=O)N[C@H]4CCC(=O)NC4=O)on3)cc2)C1,-8.199458538
Cc1ccn(-c2ccnc(C(=O)N[C@@H]3CCC(=O)NC3=O)n2)n1,-8.141881404
Cc1ccn(-c2ccnc(C(=O)N[C@H]3CCC(=O)NC3=O)n2)n1,-8.141727766
Cc1cc(C(=O)Nc2cccc(C3CC(=O)NC(=O)C3)c2)oc1C,-7.483335999
O=C1CC(c2cccc(NC(=O)c3ccc(Cl)o3)c2)CC(=O)N1,-7.97384569
O=C1CC[C@H](c2cccc(NC(=O)c3nc4cncnc4nc3O)c2)C(=O)N1,-9.655398567
O=C1CC[C@@H](c2cccc(NC(=O)c3nc4cncnc4nc3O)c2)C(=O)N1,-9.655454061
COc1cccc([C@@H]2N=C(Nc3cccc4c3CN([C@@H]3CCC(=O)NC3=O)C4=O)C=CN2)c1,-7.636968536
COc1cccc([C@H]2N=C(Nc3cccc4c3CN([C@@H]3CCC(=O)NC3=O)C4=O)C=CN2)c1,-7.641347057
COc1cccc([C@@H]2N=C(Nc3cccc4c3CN([C@H]3CCC(=O)NC3=O)C4=O)C=CN2)c1,-7.554697146
COc1cccc([C@H]2N=C(Nc3cccc4c3CN([C@H]3CCC(=O)NC3=O)C4=O)C=CN2)c1,-7.549051909
CC(=O)c1ccc([C@@H]2N=C(Nc3cccc4c3CN([C@@H]3CCC(=O)NC3=O)C4=O)C=CN2)cc1,-7.78857256
CC(=O)c1ccc([C@H]2N=C(Nc3cccc4c3CN([C@@H]3CCC(=O)NC3=O)C4=O)C=CN2)cc1,-7.806665059
CC(=O)c1ccc([C@@H]2N=C(Nc3cccc4c3CN([C@H]3CCC(=O)NC3=O)C4=O)C=CN2)cc1,-7.796309029
CC(=O)c1ccc([C@H]2N=C(Nc3cccc4c3CN([C@H]3CCC(=O)NC3=O)C4=O)C=CN2)cc1,-7.832483247
COc1cc(F)ccc1[C@@H]1N=C(Nc2cccc3c2CN([C@@H]2CCC(=O)NC2=O)C3=O)C=CN1,-7.839601872
COc1cc(F)ccc1[C@H]1N=C(Nc2cccc3c2CN([C@@H]2CCC(=O)NC2=O)C3=O)C=CN1,-7.826797483
COc1cc(F)ccc1[C@@H]1N=C(Nc2cccc3c2CN([C@H]2CCC(=O)NC2=O)C3=O)C=CN1,-7.623294793
COc1cc(F)ccc1[C@H]1N=C(Nc2cccc3c2CN([C@H]2CCC(=O)NC2=O)C3=O)C=CN1,-7.769977295
N#CN1CCC[C@H](c2cccc3c2[C@H](C(=O)Nc2ccc([C@@H]4CCC(=O)NC4=O)cc2)OCC3)C1,-7.648172389
N#CN1CCC[C@@H](c2cccc3c2[C@H](C(=O)Nc2ccc([C@@H]4CCC(=O)NC4=O)cc2)OCC3)C1,-7.647456292
N#CN1CCC[C@H](c2cccc3c2[C@@H](C(=O)Nc2ccc([C@@H]4CCC(=O)NC4=O)cc2)OCC3)C1,-7.586208266
N#CN1CCC[C@@H](c2cccc3c2[C@@H](C(=O)Nc2ccc([C@@H]4CCC(=O)NC4=O)cc2)OCC3)C1,-7.653575819
N#CN1CCC[C@H](c2cccc3c2[C@H](C(=O)Nc2ccc([C@H]4CCC(=O)NC4=O)cc2)OCC3)C1,-7.734341193
N#CN1CCC[C@@H](c2cccc3c2[C@H](C(=O)Nc2ccc([C@H]4CCC(=O)NC4=O)cc2)OCC3)C1,-7.609112729
N#CN1CCC[C@H](c2cccc3c2[C@@H](C(=O)Nc2ccc([C@H]4CCC(=O)NC4=O)cc2)OCC3)C1,-7.683580235
N#CN1CCC[C@@H](c2cccc3c2[C@@H](C(=O)Nc2ccc([C@H]4CCC(=O)NC4=O)cc2)OCC3)C1,-7.562641993
O=C1CC[C@H](N2Cc3cc(CNC(=O)c4c[nH]c5ccccc5c4=O)ccc3C2=O)C(=O)N1,-7.801898054
O=C1CC[C@@H](N2Cc3cc(CNC(=O)c4c[nH]c5ccccc5c4=O)ccc3C2=O)C(=O)N1,-7.80486014
N#CN1CCC[C@H](c2cccc(C(=O)Nc3ccc4c(c3)C(=O)N([C@@H]3CCC(=O)NC3=O)C4)n2)C1,-8.040703827
N#CN1CCC[C@@H](c2cccc(C(=O)Nc3ccc4c(c3)C(=O)N([C@@H]3CCC(=O)NC3=O)C4)n2)C1,-8.024145466
N#CN1CCC[C@H](c2cccc(C(=O)Nc3ccc4c(c3)C(=O)N([C@H]3CCC(=O)NC3=O)C4)n2)C1,-8.030541499
N#CN1CCC[C@@H](c2cccc(C(=O)Nc3ccc4c(c3)C(=O)N([C@H]3CCC(=O)NC3=O)C4)n2)C1,-8.023069126
Cc1cc(N[C@@H]2CCC(=O)NC2=O)nnc1C(F)(F)F,-8.531486105
Cc1cc(N[C@H]2CCC(=O)NC2=O)nnc1C(F)(F)F,-8.532005416
Cc1nn(CCO)cc1CNc1ccc2c(c1)CN([C@@H]1CCC(=O)NC1=O)C2=O,-7.934011918
Cc1nn(CCO)cc1CNc1ccc2c(c1)CN([C@H]1CCC(=O)NC1=O)C2=O,-7.916258601
O=C1CC[C@H](NC(=O)c2n[nH]c3c2CN(C(=O)CCc2cccnc2)C3)C(=O)N1,-7.947510843
O=C1CC[C@@H](NC(=O)c2n[nH]c3c2CN(C(=O)CCc2cccnc2)C3)C(=O)N1,-7.954056559
O=C1CC[C@H](c2cccc(OCc3ccc(CN4CCOCC4)cc3)c2)C(=O)N1,-7.597779585
O=C1CC[C@@H](c2cccc(OCc3ccc(CN4CCOCC4)cc3)c2)C(=O)N1,-7.598360309
CC(C)Oc1ccc2ccccc2c1CNC(=O)N[C@@H]1CC(=O)NC1=O,-7.953175888
CC(C)Oc1ccc2ccccc2c1CNC(=O)N[C@H]1CC(=O)NC1=O,-7.93345681
O=C1CC[C@H](NC(=O)c2ccc(Cc3nccs3)cc2)C(=O)N1,-7.974921083
O=C1CC[C@@H](NC(=O)c2ccc(Cc3nccs3)cc2)C(=O)N1,-7.975114298
N#CN1CCC[C@H](c2ccnc(-c3cccnc3C(=O)N[C@@H]3CCC(=O)NC3=O)c2)C1,-7.963735268
N#CN1CCC[C@@H](c2ccnc(-c3cccnc3C(=O)N[C@@H]3CCC(=O)NC3=O)c2)C1,-7.850649507
N#CN1CCC[C@H](c2ccnc(-c3cccnc3C(=O)N[C@H]3CCC(=O)NC3=O)c2)C1,-7.673681052
N#CN1CCC[C@@H](c2ccnc(-c3cccnc3C(=O)N[C@H]3CCC(=O)NC3=O)c2)C1,-7.888024117
N#CN1CCC(c2cccc(-n3ccc(=O)c(C(=O)N[C@@H]4CCC(=O)NC4=O)n3)c2)CC1,-8.546605339
N#CN1CCC(c2cccc(-n3ccc(=O)c(C(=O)N[C@H]4CCC(=O)NC4=O)n3)c2)CC1,-8.346923082
N#CN1CCC(c2ccsc2C(=O)Nc2cccc3c2CN([C@@H]2CCC(=O)NC2=O)C3=O)CC1,-7.970618513
N#CN1CCC(c2ccsc2C(=O)Nc2cccc3c2CN([C@H]2CCC(=O)NC2=O)C3=O)CC1,-8.107084545
N[C@H](Cc1cc2ccccc2o1)C(=O)Nc1cccc([C@@H]2CCC(=O)NC2=O)c1,-7.510659001
N[C@@H](Cc1cc2ccccc2o1)C(=O)Nc1cccc([C@@H]2CCC(=O)NC2=O)c1,-7.689906527
N[C@H](Cc1cc2ccccc2o1)C(=O)Nc1cccc([C@H]2CCC(=O)NC2=O)c1,-7.701252111
N[C@@H](Cc1cc2ccccc2o1)C(=O)Nc1cccc([C@H]2CCC(=O)NC2=O)c1,-7.65026527
N#CN1CC[C@H](c2ccc3c(c2)CCC[C@@H]3C(=O)Nc2cccc([C@@H]3CCC(=O)NC3=O)c2)C1,-7.678872394
N#CN1CC[C@@H](c2ccc3c(c2)CCC[C@@H]3C(=O)Nc2cccc([C@@H]3CCC(=O)NC3=O)c2)C1,-7.890783455
N#CN1CC[C@H](c2ccc3c(c2)CCC[C@H]3C(=O)Nc2cccc([C@@H]3CCC(=O)NC3=O)c2)C1,-7.573365911
N#CN1CC[C@@H](c2ccc3c(c2)CCC[C@H]3C(=O)Nc2cccc([C@@H]3CCC(=O)NC3=O)c2)C1,-7.714488401
N#CN1CC[C@H](c2ccc3c(c2)CCC[C@@H]3C(=O)Nc2cccc([C@H]3CCC(=O)NC3=O)c2)C1,-7.843619071
N#CN1CC[C@@H](c2ccc3c(c2)CCC[C@@H]3C(=O)Nc2cccc([C@H]3CCC(=O)NC3=O)c2)C1,-7.622958832
N#CN1CC[C@H](c2ccc3c(c2)CCC[C@H]3C(=O)Nc2cccc([C@H]3CCC(=O)NC3=O)c2)C1,-7.583629142
N#CN1CC[C@@H](c2ccc3c(c2)CCC[C@H]3C(=O)Nc2cccc([C@H]3CCC(=O)NC3=O)c2)C1,-7.644805411
N#CN1CCC[C@H](c2cnn(-c3cncc(-c4cccc(N5CCC(=O)NC5=O)c4)c3)c2)C1,-7.514639284
N#CN1CCC[C@@H](c2cnn(-c3cncc(-c4cccc(N5CCC(=O)NC5=O)c4)c3)c2)C1,-7.519810297
O=C1CC(c2cccc(NC3CCCCC3)c2)CC(=O)N1,-7.513058007
C[C@@H]1CCC[C@H](Nc2cccc(C3CC(=O)NC(=O)C3)c2)C1,-7.520463371
C[C@H]1CCC[C@H](Nc2cccc(C3CC(=O)NC(=O)C3)c2)C1,-7.518247299
C[C@@H]1CCC[C@@H](Nc2cccc(C3CC(=O)NC(=O)C3)c2)C1,-7.514364332
C[C@H]1CCC[C@@H](Nc2cccc(C3CC(=O)NC(=O)C3)c2)C1,-7.517796702
O=C1CC[C@H](Nc2ccc(NC(=O)c3[nH]c(=O)n4c3CNCC4)cc2)C(=O)N1,-8.014796002
O=C1CC[C@@H](Nc2ccc(NC(=O)c3[nH]c(=O)n4c3CNCC4)cc2)C(=O)N1,-8.01569296
Cc1ccc(-c2ccn(C3CCCC3)n2)cc1N1CCC(=O)NC1=O,-7.089593264
CN1Cc2cc(C(=O)N[C@@H]3CCC(=O)NC3=O)ccc2N(C)S1(=O)=O,-8.068105135
CN1Cc2cc(C(=O)N[C@H]3CCC(=O)NC3=O)ccc2N(C)S1(=O)=O,-8.068307347
O=C1NCc2cccc(N[C@@H]3CCN(c4ccc(C(F)(F)F)cc4)C3=O)c21,-7.424228583
O=C1NCc2cccc(N[C@H]3CCN(c4ccc(C(F)(F)F)cc4)C3=O)c21,-7.427491059
O=C1CC[C@H](n2cnc3ccccc32)C(=O)N1,-7.920344506
O=C1CC[C@@H](n2cnc3ccccc32)C(=O)N1,-8.164871553
O=C1CC[C@H](n2cnc3c(S(=O)(=O)F)cccc32)C(=O)N1,-8.555742203
O=C1CC[C@@H](n2cnc3c(S(=O)(=O)F)cccc32)C(=O)N1,-8.556020045
Nc1ccc2c(c1)ncn2[C@@H]1CCC(=O)NC1=O,-7.838459692
Nc1ccc2c(c1)ncn2[C@H]1CCC(=O)NC1=O,-8.0704952
Nc1cccc2c1ncn2[C@@H]1CCC(=O)NC1=O,-7.836920214
Nc1cccc2c1ncn2[C@H]1CCC(=O)NC1=O,-8.099690448
Nc1ccc2ncn([C@@H]3CCC(=O)NC3=O)c2c1,-8.08302231
Nc1ccc2ncn([C@H]3CCC(=O)NC3=O)c2c1,-8.083652191
O=C1CC[C@H](n2cnc3cc(OS(=O)(=O)F)ccc32)C(=O)N1,-8.265809582
O=C1CC[C@@H](n2cnc3cc(OS(=O)(=O)F)ccc32)C(=O)N1,-8.436960087
O=C1CC[C@H](n2cnc3c(OS(=O)(=O)F)cccc32)C(=O)N1,-8.42133486
O=C1CC[C@@H](n2cnc3c(OS(=O)(=O)F)cccc32)C(=O)N1,-8.200845318
N#CN1CC[C@H](c2ccc3ccc(-c4cn([C@@H]5CCC(=O)NC5=O)nn4)cc3n2)C1,-8.17257075
N#CN1CC[C@@H](c2ccc3ccc(-c4cn([C@@H]5CCC(=O)NC5=O)nn4)cc3n2)C1,-8.326374452
N#CN1CC[C@H](c2ccc3ccc(-c4cn([C@H]5CCC(=O)NC5=O)nn4)cc3n2)C1,-8.321464145
N#CN1CC[C@@H](c2ccc3ccc(-c4cn([C@H]5CCC(=O)NC5=O)nn4)cc3n2)C1,-8.32797847
Cc1ccc(C(=O)N[C@@H]2COc3cc(CO)nn3C2)cc1N1CCC(=O)NC1=O,-7.85232072
Cc1ccc(C(=O)N[C@H]2COc3cc(CO)nn3C2)cc1N1CCC(=O)NC1=O,-7.841131701
N#CN1CC[C@H](c2c[nH]nc2-c2ccc3c(c2)CN([C@@H]2CCC(=O)NC2=O)C3=O)C1,-7.78939233
N#CN1CC[C@@H](c2c[nH]nc2-c2ccc3c(c2)CN([C@@H]2CCC(=O)NC2=O)C3=O)C1,-7.911928631
N#CN1CC[C@H](c2c[nH]nc2-c2ccc3c(c2)CN([C@H]2CCC(=O)NC2=O)C3=O)C1,-7.991498294
N#CN1CC[C@@H](c2c[nH]nc2-c2ccc3c(c2)CN([C@H]2CCC(=O)NC2=O)C3=O)C1,-8.004996002
O=C1CC[C@H](N2Cc3cc(-c4ccnn4C4CC4)ccc3C2=O)C(=O)N1,-7.798665239
O=C1CC[C@@H](N2Cc3cc(-c4ccnn4C4CC4)ccc3C2=O)C(=O)N1,-7.798635984
N#CN1CC[C@H](c2cc(-c3cccc4c3CN([C@@H]3CCC(=O)NC3=O)C4=O)cc3c2CCO3)C1,-7.7958113
N#CN1CC[C@@H](c2cc(-c3cccc4c3CN([C@@H]3CCC(=O)NC3=O)C4=O)cc3c2CCO3)C1,-7.809605103
N#CN1CC[C@H](c2cc(-c3cccc4c3CN([C@H]3CCC(=O)NC3=O)C4=O)cc3c2CCO3)C1,-7.858353244
N#CN1CC[C@@H](c2cc(-c3cccc4c3CN([C@H]3CCC(=O)NC3=O)C4=O)cc3c2CCO3)C1,-7.949610432
Cn1ncc(C2CC2)c1-c1ccc(N2CCC(=O)NC2=O)cc1,-7.421132007
N#CN1CCC[C@H](c2ccnc(-c3ccc4c(c3)CN([C@@H]3CCC(=O)NC3=O)C4=O)c2)C1,-7.968899678
N#CN1CCC[C@@H](c2ccnc(-c3ccc4c(c3)CN([C@@H]3CCC(=O)NC3=O)C4=O)c2)C1,-7.897110392
N#CN1CCC[C@H](c2ccnc(-c3ccc4c(c3)CN([C@H]3CCC(=O)NC3=O)C4=O)c2)C1,-7.846884394
N#CN1CCC[C@@H](c2ccnc(-c3ccc4c(c3)CN([C@H]3CCC(=O)NC3=O)C4=O)c2)C1,-7.839215114
N#CN1CCC[C@H](c2ccc3sc(C(=O)N[C@@H]4CCC(=O)NC4=O)nc3c2)C1,-8.419485388
N#CN1CCC[C@@H](c2ccc3sc(C(=O)N[C@@H]4CCC(=O)NC4=O)nc3c2)C1,-8.418058128
N#CN1CCC[C@H](c2ccc3sc(C(=O)N[C@H]4CCC(=O)NC4=O)nc3c2)C1,-8.429696785
N#CN1CCC[C@@H](c2ccc3sc(C(=O)N[C@H]4CCC(=O)NC4=O)nc3c2)C1,-8.432551849
N#CN1CCC(c2cc3c(c(-c4ccc5c(c4)CN([C@@H]4CCC(=O)NC4=O)C5=O)c2)OCCC3)CC1,-7.73447076
N#CN1CCC(c2cc3c(c(-c4ccc5c(c4)CN([C@H]4CCC(=O)NC4=O)C5=O)c2)OCCC3)CC1,-7.846049308
O=C1CC[C@H](N2Cc3cc(NC(=O)c4cc5ncccn5n4)ccc3C2=O)C(=O)N1,-8.052288745
O=C1CC[C@@H](N2Cc3cc(NC(=O)c4cc5ncccn5n4)ccc3C2=O)C(=O)N1,-8.204954725
O=C1CC[C@H](c2ccc(Nc3nc(C4CCCC4)ns3)cc2)C(=O)N1,-7.756216295
O=C1CC[C@@H](c2ccc(Nc3nc(C4CCCC4)ns3)cc2)C(=O)N1,-7.753619614
O=C1CC[C@H](NC(=O)c2nc(C3CC3)n(-c3ccccc3)n2)C(=O)N1,-7.983970196
O=C1CC[C@@H](NC(=O)c2nc(C3CC3)n(-c3ccccc3)n2)C(=O)N1,-7.892378441
CN(c1ccnc(-c2cccc(Cl)c2)n1)[C@@H]1CCC(=O)NC1=O,-7.784593151
CN(c1ccnc(-c2cccc(Cl)c2)n1)[C@H]1CCC(=O)NC1=O,-7.828117136
CN(c1cc(C(F)(F)F)nc(-c2ccccc2)n1)[C@@H]1CCC(=O)NC1=O,-8.08373434
CN(c1cc(C(F)(F)F)nc(-c2ccccc2)n1)[C@H]1CCC(=O)NC1=O,-8.128933549
CN(c1cc(Cl)nc(-c2ccc(F)c(Cl)c2)n1)[C@@H]1CCC(=O)NC1=O,-8.102601708
CN(c1cc(Cl)nc(-c2ccc(F)c(Cl)c2)n1)[C@H]1CCC(=O)NC1=O,-8.081510705
N#CN1CC[C@H](c2ccc(-c3cncc(C(=O)N[C@@H]4CCC(=O)NC4=O)c3)cc2)C1,-7.934464728
N#CN1CC[C@@H](c2ccc(-c3cncc(C(=O)N[C@@H]4CCC(=O)NC4=O)c3)cc2)C1,-7.949180694
N#CN1CC[C@H](c2ccc(-c3cncc(C(=O)N[C@H]4CCC(=O)NC4=O)c3)cc2)C1,-7.913775859
N#CN1CC[C@@H](c2ccc(-c3cncc(C(=O)N[C@H]4CCC(=O)NC4=O)c3)cc2)C1,-8.033450996
O=C1CC[C@H](NC(=O)c2cc(-c3ccccc3)co2)C(=O)N1,-7.876603244
O=C1CC[C@@H](NC(=O)c2cc(-c3ccccc3)co2)C(=O)N1,-7.87822168
Nc1nccc(Nc2ccc3c(c2)CN([C@@H]2CCC(=O)NC2=O)C3=O)n1,-7.8751514
Nc1nccc(Nc2ccc3c(c2)CN([C@H]2CCC(=O)NC2=O)C3=O)n1,-7.865792476
O=C1CC[C@H](NC(=O)c2cc(C3CC3)nc3c2nc2n3CCCCC2)C(=O)N1,-7.699589712
O=C1CC[C@@H](NC(=O)c2cc(C3CC3)nc3c2nc2n3CCCCC2)C(=O)N1,-7.686288597
O=C1CC[C@H](c2ccc(NC(=O)CC3(c4ccon4)CCNCC3)cc2)C(=O)N1,-7.760903881
O=C1CC[C@@H](c2ccc(NC(=O)CC3(c4ccon4)CCNCC3)cc2)C(=O)N1,-7.786550995
O=C1CC[C@H](Sc2nc(-c3ccccc3)cs2)C(=O)N1,-7.936962618
O=C1CC[C@@H](Sc2nc(-c3ccccc3)cs2)C(=O)N1,-7.936762472
O=C1CC[C@H](N2Cc3c(cccc3-c3cc(OS(=O)(=O)F)n[nH]3)C2=O)C(=O)N1,-7.892340221
O=C1CC[C@@H](N2Cc3c(cccc3-c3cc(OS(=O)(=O)F)n[nH]3)C2=O)C(=O)N1,-8.020123154
O=C1CC[C@H](N2Cc3c(cccc3-c3cc(C(F)(F)F)n[nH]3)C2=O)C(=O)N1,-8.059904762
O=C1CC[C@@H](N2Cc3c(cccc3-c3cc(C(F)(F)F)n[nH]3)C2=O)C(=O)N1,-8.059278604
O=C1CC[C@H](N2Cc3c(ccc(S(=O)(=O)F)c3-c3ccn[nH]3)C2=O)C(=O)N1,-8.117726023
O=C1CC[C@@H](N2Cc3c(ccc(S(=O)(=O)F)c3-c3ccn[nH]3)C2=O)C(=O)N1,-7.948804225
O=C1CC[C@H](N2Cc3c(cc(S(=O)(=O)F)cc3-c3ccn[nH]3)C2=O)C(=O)N1,-7.889280523
O=C1CC[C@@H](N2Cc3c(cc(S(=O)(=O)F)cc3-c3ccn[nH]3)C2=O)C(=O)N1,-8.356557681
O=C1CC[C@H](N2Cc3c(cccc3-c3[nH]ncc3S(=O)(=O)F)C2=O)C(=O)N1,-7.960615635
O=C1CC[C@@H](N2Cc3c(cccc3-c3[nH]ncc3S(=O)(=O)F)C2=O)C(=O)N1,-7.944445462
N#CN1CCC(c2ccsc2-c2cccc3c2CN([C@@H]2CCC(=O)NC2=O)C3=O)CC1,-7.927208993
N#CN1CCC(c2ccsc2-c2cccc3c2CN([C@H]2CCC(=O)NC2=O)C3=O)CC1,-7.924611773
N#CN1CC[C@H](c2cnccc2Nc2ccc([C@@H]3CCC(=O)NC3=O)cc2)C1,-7.669956637
N#CN1CC[C@@H](c2cnccc2Nc2ccc([C@@H]3CCC(=O)NC3=O)cc2)C1,-7.675512715
N#CN1CC[C@H](c2cnccc2Nc2ccc([C@H]3CCC(=O)NC3=O)cc2)C1,-7.641436614
N#CN1CC[C@@H](c2cnccc2Nc2ccc([C@H]3CCC(=O)NC3=O)cc2)C1,-7.679613611
O=C1CC[C@H](NC(=O)c2ccoc2C2(O)CCOCC2)C(=O)N1,-8.084796139
O=C1CC[C@@H](NC(=O)c2ccoc2C2(O)CCOCC2)C(=O)N1,-8.121674212
N#CN1CC[C@H](c2cncc(-c3ccc4c(c3)CN([C@@H]3CCC(=O)NC3=O)C4=O)n2)C1,-8.246074627
N#CN1CC[C@@H](c2cncc(-c3ccc4c(c3)CN([C@@H]3CCC(=O)NC3=O)C4=O)n2)C1,-8.163500137
N#CN1CC[C@H](c2cncc(-c3ccc4c(c3)CN([C@H]3CCC(=O)NC3=O)C4=O)n2)C1,-8.246704294
N#CN1CC[C@@H](c2cncc(-c3ccc4c(c3)CN([C@H]3CCC(=O)NC3=O)C4=O)n2)C1,-8.354506235
N#CN1CC[C@H](c2cccc(-c3ccccc3C(=O)N[C@@H]3CCC(=O)NC3=O)c2)C1,-7.948246273
N#CN1CC[C@@H](c2cccc(-c3ccccc3C(=O)N[C@@H]3CCC(=O)NC3=O)c2)C1,-8.063688849
N#CN1CC[C@H](c2cccc(-c3ccccc3C(=O)N[C@H]3CCC(=O)NC3=O)c2)C1,-8.070346144
N#CN1CC[C@@H](c2cccc(-c3ccccc3C(=O)N[C@H]3CCC(=O)NC3=O)c2)C1,-8.091958798
Cn1nc(C(=O)Nc2ccc([C@@H]3CCC(=O)NC3=O)cc2)c2c1CCC[C@@H]2O,-7.616291655
Cn1nc(C(=O)Nc2ccc([C@H]3CCC(=O)NC3=O)cc2)c2c1CCC[C@@H]2O,-7.615803369
Cn1nc(C(=O)Nc2ccc([C@@H]3CCC(=O)NC3=O)cc2)c2c1CCC[C@H]2O,-7.420872043
Cn1nc(C(=O)Nc2ccc([C@H]3CCC(=O)NC3=O)cc2)c2c1CCC[C@H]2O,-7.41055593
N#CN1CC[C@H](c2cccc(-c3ccc(C(=O)N[C@@H]4CCC(=O)NC4=O)s3)c2)C1,-8.00999768
N#CN1CC[C@@H](c2cccc(-c3ccc(C(=O)N[C@@H]4CCC(=O)NC4=O)s3)c2)C1,-7.955309827
N#CN1CC[C@H](c2cccc(-c3ccc(C(=O)N[C@H]4CCC(=O)NC4=O)s3)c2)C1,-8.029674205
N#CN1CC[C@@H](c2cccc(-c3ccc(C(=O)N[C@H]4CCC(=O)NC4=O)s3)c2)C1,-7.960755823
O=C1CC[C@H](n2ncc3cc(S(=O)(=O)F)ccc3c2=O)C(=O)N1,-8.655509574
O=C1CC[C@@H](n2ncc3cc(S(=O)(=O)F)ccc3c2=O)C(=O)N1,-8.523431316
O=C1CC[C@H](n2ncc3c(S(=O)(=O)F)cccc3c2=O)C(=O)N1,-8.805560575
O=C1CC[C@@H](n2ncc3c(S(=O)(=O)F)cccc3c2=O)C(=O)N1,-8.560756491
O=C1CC[C@H](n2ncc3ccc(OS(=O)(=O)F)cc3c2=O)C(=O)N1,-8.399453294
O=C1CC[C@@H](n2ncc3ccc(OS(=O)(=O)F)cc3c2=O)C(=O)N1,-8.256404444
O=C1CC[C@H](n2ncc3cc(OS(=O)(=O)F)ccc3c2=O)C(=O)N1,-8.25455849
O=C1CC[C@@H](n2ncc3cc(OS(=O)(=O)F)ccc3c2=O)C(=O)N1,-8.368700038
O=C1CC[C@H](n2ncc3c(OS(=O)(=O)F)cccc3c2=O)C(=O)N1,-8.990580364
O=C1CC[C@@H](n2ncc3c(OS(=O)(=O)F)cccc3c2=O)C(=O)N1,-9.197917016
O=C1CC[C@H](n2ncc3cc(F)ccc3c2=O)C(=O)N1,-8.149835861
O=C1CC[C@@H](n2ncc3cc(F)ccc3c2=O)C(=O)N1,-8.15069121
N#CN1CC[C@H](c2csc(-c3n[nH]cc3C(=O)N[C@@H]3CCC(=O)NC3=O)c2)C1,-8.081314245
N#CN1CC[C@@H](c2csc(-c3n[nH]cc3C(=O)N[C@@H]3CCC(=O)NC3=O)c2)C1,-7.661355468
N#CN1CC[C@H](c2csc(-c3n[nH]cc3C(=O)N[C@H]3CCC(=O)NC3=O)c2)C1,-7.687710617
N#CN1CC[C@@H](c2csc(-c3n[nH]cc3C(=O)N[C@H]3CCC(=O)NC3=O)c2)C1,-8.123931137
Cn1cc(Nc2ccc(C(=O)N[C@@H]3CCC(=O)NC3=O)nn2)cn1,-8.113738911
Cn1cc(Nc2ccc(C(=O)N[C@H]3CCC(=O)NC3=O)nn2)cn1,-8.113526743
O=C1CC[C@H](c2ccc(NS(=O)(=O)c3cnc4n3CCCC4)cc2)C(=O)N1,-7.96787969
O=C1CC[C@@H](c2ccc(NS(=O)(=O)c3cnc4n3CCCC4)cc2)C(=O)N1,-7.916867581
O=C1CC[C@H](NC(=O)c2ccc(-n3cnc4ccccc43)cc2)C(=O)N1,-8.031972701
O=C1CC[C@@H](NC(=O)c2ccc(-n3cnc4ccccc43)cc2)C(=O)N1,-8.084082482
O=C1CC[C@H](NC(=O)c2ccc3cc(-c4ccccc4)[nH]c3c2)C(=O)N1,-7.976244616
O=C1CC[C@@H](NC(=O)c2ccc3cc(-c4ccccc4)[nH]c3c2)C(=O)N1,-7.976244797
O=C1CC[C@H](N2Cc3cc(-c4nc5n(c4OS(=O)(=O)F)CCC5)ccc3C2=O)C(=O)N1,-7.77736048
O=C1CC[C@@H](N2Cc3cc(-c4nc5n(c4OS(=O)(=O)F)CCC5)ccc3C2=O)C(=O)N1,-7.775080918
O=C1CC[C@H](N2Cc3cc(-c4cn5c(n4)CCC5)ccc3C2=O)C(=O)N1,-7.881018823
O=C1CC[C@@H](N2Cc3cc(-c4cn5c(n4)CCC5)ccc3C2=O)C(=O)N1,-7.85232269
C=CC(=O)Nc1ccccc1C(=O)NCCCn1ccc(=O)[nH]c1=O,-7.847629256
N#CN1CC[C@H](c2cc3c(cc2-c2ncc(C(=O)N[C@@H]4CCC(=O)NC4=O)s2)CCO3)C1,-8.02373919
N#CN1CC[C@@H](c2cc3c(cc2-c2ncc(C(=O)N[C@@H]4CCC(=O)NC4=O)s2)CCO3)C1,-8.02561301
N#CN1CC[C@H](c2cc3c(cc2-c2ncc(C(=O)N[C@H]4CCC(=O)NC4=O)s2)CCO3)C1,-8.029999376
N#CN1CC[C@@H](c2cc3c(cc2-c2ncc(C(=O)N[C@H]4CCC(=O)NC4=O)s2)CCO3)C1,-8.008009811
N#CN1CCC[C@H](c2ccc(Cc3cn([C@@H]4CCC(=O)NC4=O)nn3)cc2)C1,-8.1583939
N#CN1CCC[C@@H](c2ccc(Cc3cn([C@@H]4CCC(=O)NC4=O)nn3)cc2)C1,-8.25688508
N#CN1CCC[C@H](c2ccc(Cc3cn([C@H]4CCC(=O)NC4=O)nn3)cc2)C1,-8.213812718
N#CN1CCC[C@@H](c2ccc(Cc3cn([C@H]4CCC(=O)NC4=O)nn3)cc2)C1,-8.27150874
O=C1CC[C@H](N2C(=O)c3cc(Br)cnc3C2=O)C(=O)N1,-9.610746879
O=C1CC[C@@H](N2C(=O)c3cc(Br)cnc3C2=O)C(=O)N1,-9.610913856
O=C1CC[C@H](N2C(=O)c3cccnc3C2=O)C(=O)N1,-9.091862353
O=C1CC[C@@H](N2C(=O)c3cccnc3C2=O)C(=O)N1,-9.091785011
O=C1CC[C@H](N2C(=O)c3ccc(OS(=O)(=O)F)nc3C2=O)C(=O)N1,-9.625225179
O=C1CC[C@@H](N2C(=O)c3ccc(OS(=O)(=O)F)nc3C2=O)C(=O)N1,-9.560913285
O=C1CC[C@H](N2C(=O)c3cc(OS(=O)(=O)F)cnc3C2=O)C(=O)N1,-9.766275058
O=C1CC[C@@H](N2C(=O)c3cc(OS(=O)(=O)F)cnc3C2=O)C(=O)N1,-9.562002125
N#CN1CC[C@H](c2c(C(=O)Nc3ccc([C@@H]4CCC(=O)NC4=O)cc3)cc[nH]c2=O)C1,-8.154748043
N#CN1CC[C@@H](c2c(C(=O)Nc3ccc([C@@H]4CCC(=O)NC4=O)cc3)cc[nH]c2=O)C1,-8.176823022
N#CN1CC[C@H](c2c(C(=O)Nc3ccc([C@H]4CCC(=O)NC4=O)cc3)cc[nH]c2=O)C1,-8.172329276
N#CN1CC[C@@H](c2c(C(=O)Nc3ccc([C@H]4CCC(=O)NC4=O)cc3)cc[nH]c2=O)C1,-8.178274533
C[C@]1(c2ccncc2)CCC(=O)NC1=O,-7.801525287
C[C@@]1(c2ccncc2)CCC(=O)NC1=O,-7.801613358
Cc1ccc(-c2nc(C)c(C(=O)N[C@@H]3CCC(=O)NC3=O)c(=O)[nH]2)o1,-8.767741507
Cc1ccc(-c2nc(C)c(C(=O)N[C@H]3CCC(=O)NC3=O)c(=O)[nH]2)o1,-8.755534324
O=C1CC[C@H](N2Cc3ccc(S(=O)(=O)n4ccc(=O)[nH]c4=O)cc3C2=O)C(=O)N1,-8.13617973
O=C1CC[C@@H](N2Cc3ccc(S(=O)(=O)n4ccc(=O)[nH]c4=O)cc3C2=O)C(=O)N1,-8.135366921
Cc1cn(S(=O)(=O)c2ccc3c(c2)C(=O)N([C@@H]2CCC(=O)NC2=O)C3)c(=O)[nH]c1=O,-8.126364045
Cc1cn(S(=O)(=O)c2ccc3c(c2)C(=O)N([C@H]2CCC(=O)NC2=O)C3)c(=O)[nH]c1=O,-8.091558219
N#CN1CC[C@H](c2ccc(-n3ccc(=O)c(C(=O)N[C@@H]4CCC(=O)NC4=O)n3)cc2)C1,-8.351747267
N#CN1CC[C@@H](c2ccc(-n3ccc(=O)c(C(=O)N[C@@H]4CCC(=O)NC4=O)n3)cc2)C1,-8.351546711
N#CN1CC[C@H](c2ccc(-n3ccc(=O)c(C(=O)N[C@H]4CCC(=O)NC4=O)n3)cc2)C1,-8.617729679
N#CN1CC[C@@H](c2ccc(-n3ccc(=O)c(C(=O)N[C@H]4CCC(=O)NC4=O)n3)cc2)C1,-8.541849036
N#CN1CC[C@H](c2cccc(-c3cnc(C(=O)N[C@@H]4CCC(=O)NC4=O)nc3)c2)C1,-8.221059617
N#CN1CC[C@@H](c2cccc(-c3cnc(C(=O)N[C@@H]4CCC(=O)NC4=O)nc3)c2)C1,-8.306186309
N#CN1CC[C@H](c2cccc(-c3cnc(C(=O)N[C@H]4CCC(=O)NC4=O)nc3)c2)C1,-8.242369009
N#CN1CC[C@@H](c2cccc(-c3cnc(C(=O)N[C@H]4CCC(=O)NC4=O)nc3)c2)C1,-8.257909528
CC1(C)C(=O)Nc2ccc(C(=O)N[C@@H]3CCC(=O)NC3=O)cc21,-7.961318768
CC1(C)C(=O)Nc2ccc(C(=O)N[C@H]3CCC(=O)NC3=O)cc21,-7.962209136
O=C1CC[C@H](NC(=O)c2cc3c(cc2Cl)NC(=O)C3)C(=O)N1,-8.093729259
O=C1CC[C@@H](NC(=O)c2cc3c(cc2Cl)NC(=O)C3)C(=O)N1,-8.130843461
CN1C(=O)C(C)(C)c2cc(C(=O)N[C@@H]3CCC(=O)NC3=O)ccc21,-8.016903034
CN1C(=O)C(C)(C)c2cc(C(=O)N[C@H]3CCC(=O)NC3=O)ccc21,-8.016940426
O=C1CC[C@H](NC(=O)c2cc3cncn3c(O)n2)C(=O)N1,-8.341473821
O=C1CC[C@@H](NC(=O)c2cc3cncn3c(O)n2)C(=O)N1,-8.341831465
O=C1CC[C@H](NC(=O)c2cc3cnc(S(=O)(=O)F)n3cn2)C(=O)N1,-8.846305657
O=C1CC[C@@H](NC(=O)c2cc3cnc(S(=O)(=O)F)n3cn2)C(=O)N1,-8.941451013
CN1CCC[C@]1(C)C(=O)Nc1ccc2c(c1)C(=O)N([C@@H]1CCC(=O)NC1=O)C2,-7.830094471
CN1CCC[C@@]1(C)C(=O)Nc1ccc2c(c1)C(=O)N([C@@H]1CCC(=O)NC1=O)C2,-7.833966715
CN1CCC[C@]1(C)C(=O)Nc1ccc2c(c1)C(=O)N([C@H]1CCC(=O)NC1=O)C2,-7.843355016
CN1CCC[C@@]1(C)C(=O)Nc1ccc2c(c1)C(=O)N([C@H]1CCC(=O)NC1=O)C2,-7.740844513
N#CN1CCC[C@H](c2cccc(-c3ccccc3C(=O)N[C@@H]3CCC(=O)NC3=O)c2)C1,-8.037334261
N#CN1CCC[C@@H](c2cccc(-c3ccccc3C(=O)N[C@@H]3CCC(=O)NC3=O)c2)C1,-8.013428807
N#CN1CCC[C@H](c2cccc(-c3ccccc3C(=O)N[C@H]3CCC(=O)NC3=O)c2)C1,-8.030606681
N#CN1CCC[C@@H](c2cccc(-c3ccccc3C(=O)N[C@H]3CCC(=O)NC3=O)c2)C1,-8.109111634
O=C1CC[C@H](NC(=O)c2cscc2C2CCCC2)C(=O)N1,-7.975419538
O=C1CC[C@@H](NC(=O)c2cscc2C2CCCC2)C(=O)N1,-7.987489942
O=C1CC[C@H](NC(=O)c2c(Br)nc3n2CCOC3)C(=O)N1,-7.939975949
O=C1CC[C@@H](NC(=O)c2c(Br)nc3n2CCOC3)C(=O)N1,-7.939898864
O=C1CC[C@H](NC(=O)c2cnc3n2CCOC3)C(=O)N1,-8.015271862
O=C1CC[C@@H](NC(=O)c2cnc3n2CCOC3)C(=O)N1,-8.015321714
O=C1CC[C@H](Nc2ccnc(Cc3ccc(F)cc3)n2)C(=O)N1,-7.952200532
O=C1CC[C@@H](Nc2ccnc(Cc3ccc(F)cc3)n2)C(=O)N1,-7.859605994
CN(c1ccnc(Cc2ccc(F)cc2)n1)[C@@H]1CCC(=O)NC1=O,-7.807633095
CN(c1ccnc(Cc2ccc(F)cc2)n1)[C@H]1CCC(=O)NC1=O,-7.72449951
N#CN1CC[C@H](c2cccc(C(=O)Nc3ccc4c(c3)CN([C@@H]3CCC(=O)NC3=O)C4=O)c2)C1,-7.742693433
N#CN1CC[C@@H](c2cccc(C(=O)Nc3ccc4c(c3)CN([C@@H]3CCC(=O)NC3=O)C4=O)c2)C1,-7.788111329
N#CN1CC[C@H](c2cccc(C(=O)Nc3ccc4c(c3)CN([C@H]3CCC(=O)NC3=O)C4=O)c2)C1,-7.873350388
N#CN1CC[C@@H](c2cccc(C(=O)Nc3ccc4c(c3)CN([C@H]3CCC(=O)NC3=O)C4=O)c2)C1,-7.743807054
O=C1CC[C@H](c2ccc(Nc3c4c(nc5ncnn35)CCCC4)cc2)C(=O)N1,-7.811535042
O=C1CC[C@@H](c2ccc(Nc3c4c(nc5ncnn35)CCCC4)cc2)C(=O)N1,-7.809502861
N#Cc1cccc(OCc2nc(C(=O)N[C@@H]3CCC(=O)NC3=O)cs2)c1,-8.001987751
N#Cc1cccc(OCc2nc(C(=O)N[C@H]3CCC(=O)NC3=O)cs2)c1,-7.997650985
CN(c1ccnc2cc(-c3ccccc3)nn12)[C@@H]1CCC(=O)NC1=O,-7.8692194
CN(c1ccnc2cc(-c3ccccc3)nn12)[C@H]1CCC(=O)NC1=O,-7.809609632
O=C1CC[C@H](NC(=O)c2coc3c2[C@H](O)CCC3)C(=O)N1,-7.940981008
O=C1CC[C@@H](NC(=O)c2coc3c2[C@H](O)CCC3)C(=O)N1,-7.94053141
O=C1CC[C@H](NC(=O)c2coc3c2[C@@H](O)CCC3)C(=O)N1,-7.755524784
O=C1CC[C@@H](NC(=O)c2coc3c2[C@@H](O)CCC3)C(=O)N1,-7.754773909
O=C1CC[C@H](N2Cc3cc(NC(=O)c4cccc(Oc5ccccc5)c4)ccc3C2=O)C(=O)N1,-7.825019376
O=C1CC[C@@H](N2Cc3cc(NC(=O)c4cccc(Oc5ccccc5)c4)ccc3C2=O)C(=O)N1,-7.835626059
COc1ccc(Oc2cccc(C(=O)Nc3ccc4c(c3)CN([C@@H]3CCC(=O)NC3=O)C4=O)c2)cc1,-7.749924019
COc1ccc(Oc2cccc(C(=O)Nc3ccc4c(c3)CN([C@H]3CCC(=O)NC3=O)C4=O)c2)cc1,-7.83196848
O=C1CC[C@H](N2C(=O)c3cccc(N4CC5(COC5)C4)c3C2=O)C(=O)N1,-8.668246445
O=C1CC[C@@H](N2C(=O)c3cccc(N4CC5(COC5)C4)c3C2=O)C(=O)N1,-8.509469139
N#CN1CC[C@H](c2cc3c(s2)CN(C(=O)c2cccc(N4CCC(=O)NC4=O)c2)CC3)C1,-7.521011814
N#CN1CC[C@@H](c2cc3c(s2)CN(C(=O)c2cccc(N4CCC(=O)NC4=O)c2)CC3)C1,-7.523437573
COC1(C(=O)Nc2cccc3c2CN([C@@H]2CCC(=O)NC2=O)C3=O)CCC1,-7.88273802
COC1(C(=O)Nc2cccc3c2CN([C@H]2CCC(=O)NC2=O)C3=O)CCC1,-7.843948682
Cc1cccc2oc(C(=O)N[C@@H]3CCC(=O)NC3=O)nc12,-8.187922749
Cc1cccc2oc(C(=O)N[C@H]3CCC(=O)NC3=O)nc12,-8.188215205
O=C1CC[C@H](NC(=O)c2nc3cc(S(=O)(=O)F)ccc3o2)C(=O)N1,-9.603551332
O=C1CC[C@@H](NC(=O)c2nc3cc(S(=O)(=O)F)ccc3o2)C(=O)N1,-8.972756393
O=C1CC[C@H](NC(=O)c2nc3ccc(S(=O)(=O)F)cc3o2)C(=O)N1,-9.540596922
O=C1CC[C@@H](NC(=O)c2nc3ccc(S(=O)(=O)F)cc3o2)C(=O)N1,-8.909365716
O=C1CC[C@H](NC(=O)c2nc3cccc(S(=O)(=O)F)c3o2)C(=O)N1,-8.906786167
O=C1CC[C@@H](NC(=O)c2nc3cccc(S(=O)(=O)F)c3o2)C(=O)N1,-8.806091487
O=C1CC[C@H](NC(=O)c2nc3c(S(=O)(=O)F)cccc3o2)C(=O)N1,-9.101838385
O=C1CC[C@@H](NC(=O)c2nc3c(S(=O)(=O)F)cccc3o2)C(=O)N1,-8.693195153
O=C1CC[C@H](NC(=O)c2nc3cccc(OS(=O)(=O)F)c3o2)C(=O)N1,-8.790562297
O=C1CC[C@@H](NC(=O)c2nc3cccc(OS(=O)(=O)F)c3o2)C(=O)N1,-8.544216748
O=C1CC[C@H](NC(=O)c2nc3c(OS(=O)(=O)F)cccc3o2)C(=O)N1,-8.767979767
O=C1CC[C@@H](NC(=O)c2nc3c(OS(=O)(=O)F)cccc3o2)C(=O)N1,-8.789944453
Cc1cccc2oc(C(=O)Nc3ccc([C@@H]4CCC(=O)NC4=O)cc3)nc12,-8.179548111
Cc1cccc2oc(C(=O)Nc3ccc([C@H]4CCC(=O)NC4=O)cc3)nc12,-8.286481959
O=C1CC[C@H](NC(=O)c2[nH]ncc2CNC(=O)[C@@H]2CCCCC(=O)N2)C(=O)N1,-8.049969719
O=C1CC[C@@H](NC(=O)c2[nH]ncc2CNC(=O)[C@@H]2CCCCC(=O)N2)C(=O)N1,-7.859909512
O=C1CC[C@H](NC(=O)c2[nH]ncc2CNC(=O)[C@H]2CCCCC(=O)N2)C(=O)N1,-8.224082751
O=C1CC[C@@H](NC(=O)c2[nH]ncc2CNC(=O)[C@H]2CCCCC(=O)N2)C(=O)N1,-7.797952229
Cc1nc2ccccc2cc1C(=O)N/N=C/c1cccnc1,-8.069329848
Cc1nc2ccccc2cc1C(=O)N/N=C\c1cccnc1,-8.021651971
Cc1nc2c(C)cccc2cc1C(=O)N/N=C/c1cccnc1,-7.951554989
Cc1nc2c(C)cccc2cc1C(=O)N/N=C\c1cccnc1,-7.962907417
Cc1ccc2nc(C)c(C(=O)N/N=C/c3cccnc3)cc2c1,-7.969404341
Cc1ccc2nc(C)c(C(=O)N/N=C\c3cccnc3)cc2c1,-7.97036235
O=C1CC(c2cccc(NCc3cccc4[nH]ncc34)c2)CC(=O)N1,-7.443611706
N#CN1CC[C@H](c2cc(C(=O)Nc3cccc4c3CN([C@@H]3CCC(=O)NC3=O)C4=O)ncn2)C1,-8.757160481
N#CN1CC[C@@H](c2cc(C(=O)Nc3cccc4c3CN([C@@H]3CCC(=O)NC3=O)C4=O)ncn2)C1,-8.751878568
N#CN1CC[C@H](c2cc(C(=O)Nc3cccc4c3CN([C@H]3CCC(=O)NC3=O)C4=O)ncn2)C1,-8.74075717
N#CN1CC[C@@H](c2cc(C(=O)Nc3cccc4c3CN([C@H]3CCC(=O)NC3=O)C4=O)ncn2)C1,-8.757301025
Cc1ccn(C[C@](C)(O)C(=O)Nc2ccc([C@@H]3CCC(=O)NC3=O)cc2)c(=O)c1,-7.562238252
Cc1ccn(C[C@@](C)(O)C(=O)Nc2ccc([C@@H]3CCC(=O)NC3=O)cc2)c(=O)c1,-7.733558845
Cc1ccn(C[C@](C)(O)C(=O)Nc2ccc([C@H]3CCC(=O)NC3=O)cc2)c(=O)c1,-8.792041728
Cc1ccn(C[C@@](C)(O)C(=O)Nc2ccc([C@H]3CCC(=O)NC3=O)cc2)c(=O)c1,-8.793782373
O=C1c2cccc(Br)c2C(=O)N1[C@]12C[C@@H](C1)C(=O)NC2=O,-9.1260997
O=C1c2cccc(Br)c2C(=O)N1[C@]12C[C@H](C1)C(=O)NC2=O,-9.0973
O=C1c2ccccc2C(=O)N1[C@]12C[C@H](C1)C(=O)NC2=O,-8.7327
O=C1c2ccc(OS(=O)(=O)F)cc2C(=O)N1[C@]12C[C@H](C1)C(=O)NC2=O,-9.207951416
N#CN1CCC(c2ccc3c(c2)CC[C@@H]3C(=O)Nc2ccc([C@@H]3CCC(=O)NC3=O)cc2)CC1,-7.654974706
N#CN1CCC(c2ccc3c(c2)CC[C@H]3C(=O)Nc2ccc([C@@H]3CCC(=O)NC3=O)cc2)CC1,-7.671355477
N#CN1CCC(c2ccc3c(c2)CC[C@@H]3C(=O)Nc2ccc([C@H]3CCC(=O)NC3=O)cc2)CC1,-7.684671756
N#CN1CCC(c2ccc3c(c2)CC[C@H]3C(=O)Nc2ccc([C@H]3CCC(=O)NC3=O)cc2)CC1,-7.690010328
Cn1ccc2cc(-c3ccc4c(c3)C(=O)N([C@@H]3CCC(=O)NC3=O)C4=O)ccc21,-8.479129619
Cn1ccc2cc(-c3ccc4c(c3)C(=O)N([C@H]3CCC(=O)NC3=O)C4=O)ccc21,-8.488839712
N#CN1CCC[C@H](c2ccn(-c3cncc(-c4cccc(N5CCC(=O)NC5=O)c4)c3)n2)C1,-7.570362669
N#CN1CCC[C@@H](c2ccn(-c3cncc(-c4cccc(N5CCC(=O)NC5=O)c4)c3)n2)C1,-7.573873105
N#CN1CC[C@H](c2cccc(-n3cc(C(=O)N[C@@H]4CCC(=O)NC4=O)ccc3=O)c2)C1,-8.162026686
N#CN1CC[C@@H](c2cccc(-n3cc(C(=O)N[C@@H]4CCC(=O)NC4=O)ccc3=O)c2)C1,-8.172625283
N#CN1CC[C@H](c2cccc(-n3cc(C(=O)N[C@H]4CCC(=O)NC4=O)ccc3=O)c2)C1,-8.169343807
N#CN1CC[C@@H](c2cccc(-n3cc(C(=O)N[C@H]4CCC(=O)NC4=O)ccc3=O)c2)C1,-8.185047022
N#CN1CCC[C@H](c2cc3oc(-c4cccc(N5CCC(=O)NC5=O)c4)cc3cn2)C1,-7.897829776
N#CN1CCC[C@@H](c2cc3oc(-c4cccc(N5CCC(=O)NC5=O)c4)cc3cn2)C1,-7.549119111
O=C1CC[C@H](c2cccc(NC(=O)c3coc(CN4CC[C@H](O)C4)n3)c2)C(=O)N1,-7.797256991
O=C1CC[C@@H](c2cccc(NC(=O)c3coc(CN4CC[C@H](O)C4)n3)c2)C(=O)N1,-7.773767874
O=C1CC[C@H](c2cccc(NC(=O)c3coc(CN4CC[C@@H](O)C4)n3)c2)C(=O)N1,-7.796859728
O=C1CC[C@@H](c2cccc(NC(=O)c3coc(CN4CC[C@@H](O)C4)n3)c2)C(=O)N1,-7.783870985
N#CN1CCC[C@H](c2ccc3[nH]cc(C(=O)N[C@@H]4CCC(=O)NC4=O)c(=O)c3c2)C1,-8.114677416
N#CN1CCC[C@@H](c2ccc3[nH]cc(C(=O)N[C@@H]4CCC(=O)NC4=O)c(=O)c3c2)C1,-8.121212609
N#CN1CCC[C@H](c2ccc3[nH]cc(C(=O)N[C@H]4CCC(=O)NC4=O)c(=O)c3c2)C1,-8.207497884
N#CN1CCC[C@@H](c2ccc3[nH]cc(C(=O)N[C@H]4CCC(=O)NC4=O)c(=O)c3c2)C1,-8.09731373
Nc1nn(C2CC2)c2c(CN3CCCC3)cc(-c3ccc4c(c3)CN([C@@H]3CCC(=O)NC3=O)C4=O)nc12,-7.795913922
Nc1nn(C2CC2)c2c(CN3CCCC3)cc(-c3ccc4c(c3)CN([C@H]3CCC(=O)NC3=O)C4=O)nc12,-7.803421065
N#CN1CCC[C@H](c2ccc(=O)n3c2CC[C@@H]3C(=O)Nc2ccc([C@@H]3CCC(=O)NC3=O)cc2)C1,-7.645464667
N#CN1CCC[C@@H](c2ccc(=O)n3c2CC[C@@H]3C(=O)Nc2ccc([C@@H]3CCC(=O)NC3=O)cc2)C1,-7.652368857
N#CN1CCC[C@H](c2ccc(=O)n3c2CC[C@H]3C(=O)Nc2ccc([C@@H]3CCC(=O)NC3=O)cc2)C1,-7.62534806
N#CN1CCC[C@@H](c2ccc(=O)n3c2CC[C@H]3C(=O)Nc2ccc([C@@H]3CCC(=O)NC3=O)cc2)C1,-7.602032487
N#CN1CCC[C@H](c2ccc(=O)n3c2CC[C@@H]3C(=O)Nc2ccc([C@H]3CCC(=O)NC3=O)cc2)C1,-7.643078139
N#CN1CCC[C@@H](c2ccc(=O)n3c2CC[C@@H]3C(=O)Nc2ccc([C@H]3CCC(=O)NC3=O)cc2)C1,-7.636293342
N#CN1CCC[C@H](c2ccc(=O)n3c2CC[C@H]3C(=O)Nc2ccc([C@H]3CCC(=O)NC3=O)cc2)C1,-7.594676598
N#CN1CCC[C@@H](c2ccc(=O)n3c2CC[C@H]3C(=O)Nc2ccc([C@H]3CCC(=O)NC3=O)cc2)C1,-7.593416588
N#CN1CC[C@H](c2ccn(-c3cccc(C(=O)N[C@@H]4CCC(=O)NC4=O)n3)n2)C1,-7.964904233
N#CN1CC[C@@H](c2ccn(-c3cccc(C(=O)N[C@@H]4CCC(=O)NC4=O)n3)n2)C1,-7.969767712
N#CN1CC[C@H](c2ccn(-c3cccc(C(=O)N[C@H]4CCC(=O)NC4=O)n3)n2)C1,-8.003101504
N#CN1CC[C@@H](c2ccn(-c3cccc(C(=O)N[C@H]4CCC(=O)NC4=O)n3)n2)C1,-7.980243636
C[C@@H]1CC(=O)Nc2ccc(C(=O)N[C@@H]3CCC(=O)NC3=O)cc2N1,-8.005867639
C[C@H]1CC(=O)Nc2ccc(C(=O)N[C@@H]3CCC(=O)NC3=O)cc2N1,-8.00575226
C[C@@H]1CC(=O)Nc2ccc(C(=O)N[C@H]3CCC(=O)NC3=O)cc2N1,-8.40876701
C[C@H]1CC(=O)Nc2ccc(C(=O)N[C@H]3CCC(=O)NC3=O)cc2N1,-8.396173212
O=C1CC[C@H](NC(=O)c2cscc2-c2ccccc2)C(=O)N1,-7.930902225
O=C1CC[C@@H](NC(=O)c2cscc2-c2ccccc2)C(=O)N1,-7.939449667
N#CN1CCC[C@H](c2ccc3c(C(=O)N[C@@H]4CCC(=O)NC4=O)nccc3c2)C1,-8.380906942
N#CN1CCC[C@@H](c2ccc3c(C(=O)N[C@@H]4CCC(=O)NC4=O)nccc3c2)C1,-8.171952791
N#CN1CCC[C@H](c2ccc3c(C(=O)N[C@H]4CCC(=O)NC4=O)nccc3c2)C1,-8.183556688
N#CN1CCC[C@@H](c2ccc3c(C(=O)N[C@H]4CCC(=O)NC4=O)nccc3c2)C1,-8.195102232
N#CN1CCC[C@H](c2ccc(-c3cscc3C(=O)N[C@@H]3CCC(=O)NC3=O)cc2)C1,-7.616486442
N#CN1CCC[C@@H](c2ccc(-c3cscc3C(=O)N[C@@H]3CCC(=O)NC3=O)cc2)C1,-7.661950558
N#CN1CCC[C@H](c2ccc(-c3cscc3C(=O)N[C@H]3CCC(=O)NC3=O)cc2)C1,-7.954724655
N#CN1CCC[C@@H](c2ccc(-c3cscc3C(=O)N[C@H]3CCC(=O)NC3=O)cc2)C1,-7.956606202
N#CN1CCC[C@H](c2nccc(Nc3ccc4c(c3)CN([C@@H]3CCC(=O)NC3=O)C4=O)n2)C1,-7.887064765
N#CN1CCC[C@@H](c2nccc(Nc3ccc4c(c3)CN([C@@H]3CCC(=O)NC3=O)C4=O)n2)C1,-7.889946071
N#CN1CCC[C@H](c2nccc(Nc3ccc4c(c3)CN([C@H]3CCC(=O)NC3=O)C4=O)n2)C1,-7.919713105
N#CN1CCC[C@@H](c2nccc(Nc3ccc4c(c3)CN([C@H]3CCC(=O)NC3=O)C4=O)n2)C1,-7.907767807
O=C1CC(c2ccc(NC(=O)c3cccnc3C3CC3)cc2)CC(=O)N1,-7.680147887
Nc1n[nH]c2c(CN3CCC3)cc(-c3ccc4c(c3)CN([C@@H]3CCC(=O)NC3=O)C4=O)nc12,-7.803629084
Nc1n[nH]c2c(CN3CCC3)cc(-c3ccc4c(c3)CN([C@H]3CCC(=O)NC3=O)C4=O)nc12,-7.829398749
Nc1n[nH]c2c(CN3CC(F)C3)cc(-c3ccc4c(c3)CN([C@@H]3CCC(=O)NC3=O)C4=O)nc12,-7.846546436
Nc1n[nH]c2c(CN3CC(F)C3)cc(-c3ccc4c(c3)CN([C@H]3CCC(=O)NC3=O)C4=O)nc12,-7.831449166
O=C1CC[C@H](N2Cc3ccc(S(=O)(=O)F)cc3C2=O)CN1,-8.305801041
O=C1CC[C@@H](N2Cc3ccc(S(=O)(=O)F)cc3C2=O)CN1,-8.046614467
O=C1CC[C@H](NC(=O)c2sccc2S(=O)(=O)N2CCCCC2)C(=O)N1,-8.041848512
O=C1CC[C@@H](NC(=O)c2sccc2S(=O)(=O)N2CCCCC2)C(=O)N1,-7.994020552
Cc1cccc(S(=O)(=O)Nc2ccc3c(c2)CN([C@@H]2CCC(=O)NC2=O)C3=O)c1,-7.949755157
Cc1cccc(S(=O)(=O)Nc2ccc3c(c2)CN([C@H]2CCC(=O)NC2=O)C3=O)c1,-7.951144803
CCCc1ccc(S(=O)(=O)Nc2ccc3c(c2)CN([C@@H]2CCC(=O)NC2=O)C3=O)cc1,-7.986016814
CCCc1ccc(S(=O)(=O)Nc2ccc3c(c2)CN([C@H]2CCC(=O)NC2=O)C3=O)cc1,-7.941581179
CC(=O)Nc1ccc(S(=O)(=O)Nc2ccc3c(c2)CN([C@@H]2CCC(=O)NC2=O)C3=O)cc1,-8.11712646
CC(=O)Nc1ccc(S(=O)(=O)Nc2ccc3c(c2)CN([C@H]2CCC(=O)NC2=O)C3=O)cc1,-8.406518609
N#CN1CCC[C@H](c2ccn(-c3cc(N[C@@H]4CCC(=O)NC4=O)ncn3)n2)C1,-8.017746438
N#CN1CCC[C@@H](c2ccn(-c3cc(N[C@@H]4CCC(=O)NC4=O)ncn3)n2)C1,-7.939188323
N#CN1CCC[C@H](c2ccn(-c3cc(N[C@H]4CCC(=O)NC4=O)ncn3)n2)C1,-7.692284412
N#CN1CCC[C@@H](c2ccn(-c3cc(N[C@H]4CCC(=O)NC4=O)ncn3)n2)C1,-7.882905475
O=C1CC[C@H](N2Cc3cc(NC(=O)c4cnc5ccccn45)ccc3C2=O)C(=O)N1,-7.795063937
N#CN1CCC[C@H](c2cccc(NC(=O)c3ccc4c(c3)C(=O)N([C@@H]3CCC(=O)NC3=O)C4)c2)C1,-7.875240319
N#CN1CCC[C@@H](c2cccc(NC(=O)c3ccc4c(c3)C(=O)N([C@@H]3CCC(=O)NC3=O)C4)c2)C1,-7.87934993
N#CN1CCC[C@H](c2cccc(NC(=O)c3ccc4c(c3)C(=O)N([C@H]3CCC(=O)NC3=O)C4)c2)C1,-8.033534386
N#CN1CCC[C@@H](c2cccc(NC(=O)c3ccc4c(c3)C(=O)N([C@H]3CCC(=O)NC3=O)C4)c2)C1,-7.996357607
N#CN1CCC(c2ccccc2NC(=O)c2ccc3c(c2)C(=O)N([C@@H]2CCC(=O)NC2=O)C3)CC1,-7.459158602
N#CN1CCC(c2ccccc2NC(=O)c2ccc3c(c2)C(=O)N([C@H]2CCC(=O)NC2=O)C3)CC1,-7.931525749
Cc1nocc1CCC(=O)NCc1ocnc1C(=O)N[C@@H]1CCC(=O)NC1=O,-8.049605672
Cc1nocc1CCC(=O)NCc1ocnc1C(=O)N[C@H]1CCC(=O)NC1=O,-8.070768633
CN1CCOc2ncc(C(=O)N[C@@H]3CCC(=O)NC3=O)cc21,-7.948565005
CN1CCOc2ncc(C(=O)N[C@H]3CCC(=O)NC3=O)cc21,-7.949044502
N#CN1CC[C@H](c2c(-c3ccc4c(c3)CN([C@@H]3CCC(=O)NC3=O)C4=O)ccc3c2C(=O)CCC3)C1,-7.984098682
N#CN1CC[C@@H](c2c(-c3ccc4c(c3)CN([C@@H]3CCC(=O)NC3=O)C4=O)ccc3c2C(=O)CCC3)C1,-7.989275032
N#CN1CC[C@H](c2c(-c3ccc4c(c3)CN([C@H]3CCC(=O)NC3=O)C4=O)ccc3c2C(=O)CCC3)C1,-8.00966597
N#CN1CC[C@@H](c2c(-c3ccc4c(c3)CN([C@H]3CCC(=O)NC3=O)C4=O)ccc3c2C(=O)CCC3)C1,-7.989522102
CN(c1cc(C#N)c2cc(Cl)ccc2n1)[C@@H]1CCC(=O)NC1=O,-8.527618462
CN(c1cc(C#N)c2cc(Cl)ccc2n1)[C@H]1CCC(=O)NC1=O,-8.578333332
O=C1CC[C@H](Nc2nc3ccccc3cc2Br)C(=O)N1,-8.065113629
O=C1CC[C@@H](Nc2nc3ccccc3cc2Br)C(=O)N1,-8.065313648
O=C1CC[C@H](Nc2ccc3ccc(S(=O)(=O)F)cc3n2)C(=O)N1,-8.620830929
O=C1CC[C@@H](Nc2ccc3ccc(S(=O)(=O)F)cc3n2)C(=O)N1,-8.519118506
O=C1CC[C@H](Nc2ccc3cccc(S(=O)(=O)F)c3n2)C(=O)N1,-8.57636663
O=C1CC[C@@H](Nc2ccc3cccc(S(=O)(=O)F)c3n2)C(=O)N1,-8.561348209
O=C1CC[C@H](Nc2ccc3c(S(=O)(=O)F)cccc3n2)C(=O)N1,-8.50059634
O=C1CC[C@@H](Nc2ccc3c(S(=O)(=O)F)cccc3n2)C(=O)N1,-8.577381249
O=C1CC[C@H](Nc2cc(S(=O)(=O)F)c3ccccc3n2)C(=O)N1,-8.51678657
O=C1CC[C@@H](Nc2cc(S(=O)(=O)F)c3ccccc3n2)C(=O)N1,-8.694242888
CN(c1nc2c(F)cccc2cc1Br)[C@@H]1CCC(=O)NC1=O,-8.478438921
CN(c1nc2c(F)cccc2cc1Br)[C@H]1CCC(=O)NC1=O,-8.364052894
N#CN1CCC[C@H](c2ccccc2-c2cc(C(=O)N[C@@H]3CCC(=O)NC3=O)on2)C1,-7.91120494
N#CN1CCC[C@@H](c2ccccc2-c2cc(C(=O)N[C@@H]3CCC(=O)NC3=O)on2)C1,-7.909663019
N#CN1CCC[C@H](c2ccccc2-c2cc(C(=O)N[C@H]3CCC(=O)NC3=O)on2)C1,-7.916404808
N#CN1CCC[C@@H](c2ccccc2-c2cc(C(=O)N[C@H]3CCC(=O)NC3=O)on2)C1,-7.818532353
N#CN1CCC[C@H](c2csc(C(=O)Nc3ccc4c(c3)C(=O)N([C@@H]3CCC(=O)NC3=O)C4)c2)C1,-8.102923739
N#CN1CCC[C@@H](c2csc(C(=O)Nc3ccc4c(c3)C(=O)N([C@@H]3CCC(=O)NC3=O)C4)c2)C1,-7.940430907
N#CN1CCC[C@H](c2csc(C(=O)Nc3ccc4c(c3)C(=O)N([C@H]3CCC(=O)NC3=O)C4)c2)C1,-7.708588668
N#CN1CCC[C@@H](c2csc(C(=O)Nc3ccc4c(c3)C(=O)N([C@H]3CCC(=O)NC3=O)C4)c2)C1,-8.045755776
N#CN1CCC[C@H](c2nc(-c3cccc(C(=O)N[C@@H]4CCC(=O)NC4=O)c3)no2)C1,-8.061181214
N#CN1CCC[C@@H](c2nc(-c3cccc(C(=O)N[C@@H]4CCC(=O)NC4=O)c3)no2)C1,-8.056740355
N#CN1CCC[C@H](c2nc(-c3cccc(C(=O)N[C@H]4CCC(=O)NC4=O)c3)no2)C1,-8.030944674
N#CN1CCC[C@@H](c2nc(-c3cccc(C(=O)N[C@H]4CCC(=O)NC4=O)c3)no2)C1,-8.031402255
N#CN1CCC[C@H](c2ccc3c(c2)[C@H](C(=O)Nc2ccc([C@@H]4CCC(=O)NC4=O)cc2)OCC3)C1,-7.626069804
N#CN1CCC[C@@H](c2ccc3c(c2)[C@H](C(=O)Nc2ccc([C@@H]4CCC(=O)NC4=O)cc2)OCC3)C1,-7.644087203
N#CN1CCC[C@H](c2ccc3c(c2)[C@@H](C(=O)Nc2ccc([C@@H]4CCC(=O)NC4=O)cc2)OCC3)C1,-7.498245335
N#CN1CCC[C@@H](c2ccc3c(c2)[C@@H](C(=O)Nc2ccc([C@@H]4CCC(=O)NC4=O)cc2)OCC3)C1,-7.596822888
N#CN1CCC[C@H](c2ccc3c(c2)[C@H](C(=O)Nc2ccc([C@H]4CCC(=O)NC4=O)cc2)OCC3)C1,-7.507920228
N#CN1CCC[C@@H](c2ccc3c(c2)[C@H](C(=O)Nc2ccc([C@H]4CCC(=O)NC4=O)cc2)OCC3)C1,-7.681739639
N#CN1CCC[C@H](c2ccc3c(c2)[C@@H](C(=O)Nc2ccc([C@H]4CCC(=O)NC4=O)cc2)OCC3)C1,-7.635567349
N#CN1CCC[C@@H](c2ccc3c(c2)[C@@H](C(=O)Nc2ccc([C@H]4CCC(=O)NC4=O)cc2)OCC3)C1,-7.672361331
N#CN1CCC(c2ccc3c(c2)[C@H](C(=O)Nc2cccc([C@@H]4CCC(=O)NC4=O)c2)CCC3)CC1,-7.630277709
N#CN1CCC(c2ccc3c(c2)[C@@H](C(=O)Nc2cccc([C@@H]4CCC(=O)NC4=O)c2)CCC3)CC1,-7.686657151
N#CN1CCC(c2ccc3c(c2)[C@H](C(=O)Nc2cccc([C@H]4CCC(=O)NC4=O)c2)CCC3)CC1,-7.544253884
N#CN1CCC(c2ccc3c(c2)[C@@H](C(=O)Nc2cccc([C@H]4CCC(=O)NC4=O)c2)CCC3)CC1,-7.740861114
N#CN1CC[C@H](c2ccn(Cc3cn([C@@H]4CCC(=O)NC4=O)nn3)n2)C1,-8.032953613
N#CN1CC[C@@H](c2ccn(Cc3cn([C@@H]4CCC(=O)NC4=O)nn3)n2)C1,-7.845334262
N#CN1CC[C@H](c2ccn(Cc3cn([C@H]4CCC(=O)NC4=O)nn3)n2)C1,-7.922020912
N#CN1CC[C@@H](c2ccn(Cc3cn([C@H]4CCC(=O)NC4=O)nn3)n2)C1,-7.921501741
O=C1CC[C@H](NC(=O)c2ccn3ncc(Br)c3c2)C(=O)N1,-8.053897801
O=C1CC[C@@H](NC(=O)c2ccn3ncc(Br)c3c2)C(=O)N1,-8.054169217
O=C1CC[C@H](NC(=O)c2cc(S(=O)(=O)F)n3nccc3c2)C(=O)N1,-8.743519795
O=C1CC[C@@H](NC(=O)c2cc(S(=O)(=O)F)n3nccc3c2)C(=O)N1,-8.428384276
O=C1CC[C@H](NC(=O)c2ccn3ncc(S(=O)(=O)F)c3c2)C(=O)N1,-8.557119939
O=C1CC[C@@H](NC(=O)c2ccn3ncc(S(=O)(=O)F)c3c2)C(=O)N1,-8.706224688
Cc1ccn(-c2ccnc(C(=O)Nc3cccc([C@@H]4CCC(=O)NC4=O)c3)n2)n1,-8.259720446
Cc1ccn(-c2ccnc(C(=O)Nc3cccc([C@H]4CCC(=O)NC4=O)c3)n2)n1,-8.261775031
O=C1CC[C@H](N2C(=O)c3ccc(OCC4CC4)cc3C2=O)C(=O)N1,-8.584995068
O=C1CC[C@@H](N2C(=O)c3ccc(OCC4CC4)cc3C2=O)C(=O)N1,-8.584209888
O=C1CC[C@H](NC(=O)c2ncoc2CNC(=O)c2cnn3ccccc23)C(=O)N1,-7.814551546
O=C1CC[C@@H](NC(=O)c2ncoc2CNC(=O)c2cnn3ccccc23)C(=O)N1,-8.285085989
O=C1CC[C@H](NC(=O)c2cc(C3CC3)nc3c2cnn3C2CCCCC2)C(=O)N1,-7.984971501
O=C1CC[C@@H](NC(=O)c2cc(C3CC3)nc3c2cnn3C2CCCCC2)C(=O)N1,-7.992740721
CN(C(=O)c1ccc(N2CCC(=O)NC2=O)cc1)[C@]12CCC[C@H](CNC1)C2,-7.446285479
CN(C(=O)c1ccc(N2CCC(=O)NC2=O)cc1)[C@@]12CCC[C@H](CNC1)C2,-7.418613332
CN(C(=O)c1ccc(N2CCC(=O)NC2=O)cc1)[C@]12CCC[C@@H](CNC1)C2,-7.447957404
CN(C(=O)c1ccc(N2CCC(=O)NC2=O)cc1)[C@@]12CCC[C@@H](CNC1)C2,-7.441651746
Cc1cc(NC(=O)[C@]23CCN(C)C[C@@H]2CNC3)ccc1N1CCC(=O)NC1=O,-7.155212171
Cc1cc(NC(=O)[C@@]23CCN(C)C[C@@H]2CNC3)ccc1N1CCC(=O)NC1=O,-7.110049109
Cc1cc(NC(=O)[C@]23CCN(C)C[C@H]2CNC3)ccc1N1CCC(=O)NC1=O,-7.086836854
Cc1cc(NC(=O)[C@@]23CCN(C)C[C@H]2CNC3)ccc1N1CCC(=O)NC1=O,-7.132734774
O=C1CC[C@H](Nc2ccc(NC(=O)c3cc4nccn4c(=O)[nH]3)cc2)C(=O)N1,-7.976804863
O=C1CC[C@@H](Nc2ccc(NC(=O)c3cc4nccn4c(=O)[nH]3)cc2)C(=O)N1,-7.976804633
N#CN1CC[C@H](c2c(-c3ccc4c(c3)CN([C@@H]3CCC(=O)NC3=O)C4=O)ccc3c2OCO3)C1,-7.890698468
N#CN1CC[C@@H](c2c(-c3ccc4c(c3)CN([C@@H]3CCC(=O)NC3=O)C4=O)ccc3c2OCO3)C1,-7.963228671
N#CN1CC[C@H](c2c(-c3ccc4c(c3)CN([C@H]3CCC(=O)NC3=O)C4=O)ccc3c2OCO3)C1,-7.959560339
N#CN1CC[C@@H](c2c(-c3ccc4c(c3)CN([C@H]3CCC(=O)NC3=O)C4=O)ccc3c2OCO3)C1,-8.810615935
O=C1CC[C@H](NC(=O)c2cc3c(=O)[nH]cnc3cn2)C(=O)N1,-8.366345759
O=C1CC[C@@H](NC(=O)c2cc3c(=O)[nH]cnc3cn2)C(=O)N1,-8.366358918
O=C1CC[C@H](NC(=O)c2csc3c(O)ccnc23)C(=O)N1,-7.9763608
O=C1CC[C@@H](NC(=O)c2csc3c(O)ccnc23)C(=O)N1,-7.976666726
O=C1CC[C@H](NC(=O)c2csc3cc(Cl)cnc23)C(=O)N1,-8.357023805
O=C1CC[C@@H](NC(=O)c2csc3cc(Cl)cnc23)C(=O)N1,-8.35689606
O=C1CC[C@H](NC(=O)c2csc3cc(S(=O)(=O)F)cnc23)C(=O)N1,-8.527034569
O=C1CC[C@@H](NC(=O)c2csc3cc(S(=O)(=O)F)cnc23)C(=O)N1,-9.046428864
O=C1CC[C@H](NC(=O)c2csc3c(S(=O)(=O)F)ccnc23)C(=O)N1,-8.742688957
O=C1CC[C@@H](NC(=O)c2csc3c(S(=O)(=O)F)ccnc23)C(=O)N1,-9.09021106
COc1ccc(-c2cn([C@@H]3CCC(=O)NC3=O)nn2)nc1,-8.02023757
COc1ccc(-c2cn([C@H]3CCC(=O)NC3=O)nn2)nc1,-8.020086557
COc1cccnc1-c1cn([C@@H]2CCC(=O)NC2=O)nn1,-8.136813071
COc1cccnc1-c1cn([C@H]2CCC(=O)NC2=O)nn1,-8.137008227
O=C1CC[C@H](n2cc(-c3cccc(C(F)(F)F)n3)nn2)C(=O)N1,-8.352725611
O=C1CC[C@@H](n2cc(-c3cccc(C(F)(F)F)n3)nn2)C(=O)N1,-8.353467684
O=C1CC[C@H](n2cc(-c3cccc(S(=O)(=O)F)n3)nn2)C(=O)N1,-9.330838466
O=C1CC[C@@H](n2cc(-c3cccc(S(=O)(=O)F)n3)nn2)C(=O)N1,-9.333020779
O=C1CC[C@H](n2cc(-c3ncccc3S(=O)(=O)F)nn2)C(=O)N1,-8.392683924
O=C1CC[C@@H](n2cc(-c3ncccc3S(=O)(=O)F)nn2)C(=O)N1,-8.422029349
O=C1CC[C@H](n2cc(-c3cc(S(=O)(=O)F)ccn3)nn2)C(=O)N1,-8.398570039
O=C1CC[C@@H](n2cc(-c3cc(S(=O)(=O)F)ccn3)nn2)C(=O)N1,-8.499350132
O=C1CC[C@H](n2cc(-c3cccc(OS(=O)(=O)F)n3)nn2)C(=O)N1,-8.449637409
O=C1CC[C@@H](n2cc(-c3cccc(OS(=O)(=O)F)n3)nn2)C(=O)N1,-8.301060406
O=C1CC[C@H](n2cc(-c3ncccc3F)nn2)C(=O)N1,-8.227840927
O=C1CC[C@@H](n2cc(-c3ncccc3F)nn2)C(=O)N1,-8.239371729
CCc1cc(=O)[nH]c(-n2ncc(C(=O)N[C@@H]3CCC(=O)NC3=O)c2C)n1,-8.061045097
CCc1cc(=O)[nH]c(-n2ncc(C(=O)N[C@H]3CCC(=O)NC3=O)c2C)n1,-8.067485741
Cn1cc(-c2cncc(C(=O)N[C@@H]3CCC(=O)NC3=O)c2)cn1,-8.031098564
Cn1cc(-c2cncc(C(=O)N[C@H]3CCC(=O)NC3=O)c2)cn1,-8.031459778
N#CN1CCC(c2cc(C(=O)Nc3cccc([C@@H]4CCC(=O)NC4=O)c3)cc3c2CCCC3)CC1,-7.639126344
N#CN1CCC(c2cc(C(=O)Nc3cccc([C@H]4CCC(=O)NC4=O)c3)cc3c2CCCC3)CC1,-7.576430561
Cc1nc2c3ccccc3nc(Nc3cccc([C@@H]4CCC(=O)NC4=O)c3)n2n1,-7.651437462
Cc1nc2c3ccccc3nc(Nc3cccc([C@H]4CCC(=O)NC4=O)c3)n2n1,-7.664281785
O=C1CC[C@H](NC(=O)c2nnc([C@@H]3CCCNC3)s2)C(=O)N1,-8.370443719
O=C1CC[C@@H](NC(=O)c2nnc([C@@H]3CCCNC3)s2)C(=O)N1,-8.355100941
O=C1CC[C@H](NC(=O)c2nnc([C@H]3CCCNC3)s2)C(=O)N1,-8.364971804
O=C1CC[C@@H](NC(=O)c2nnc([C@H]3CCCNC3)s2)C(=O)N1,-8.372501476
O=C1CC[C@H](N2CCc3cc(N4CCNCC4)ccc32)C(=O)N1,-7.745930449
O=C1CC[C@@H](N2CCc3cc(N4CCNCC4)ccc32)C(=O)N1,-7.713706786
CN(c1cnnc(C(F)(F)F)c1)[C@@H]1CCC(=O)NC1=O,-8.4499146
CN(c1cnnc(C(F)(F)F)c1)[C@H]1CCC(=O)NC1=O,-8.595105008
N#CN1CC[C@H](c2ccc(-n3cncc3C(=O)N[C@@H]3CCC(=O)NC3=O)nc2)C1,-8.190182139
N#CN1CC[C@@H](c2ccc(-n3cncc3C(=O)N[C@@H]3CCC(=O)NC3=O)nc2)C1,-8.188435216
N#CN1CC[C@H](c2ccc(-n3cncc3C(=O)N[C@H]3CCC(=O)NC3=O)nc2)C1,-8.222586187
N#CN1CC[C@@H](c2ccc(-n3cncc3C(=O)N[C@H]3CCC(=O)NC3=O)nc2)C1,-8.29678783
CN1CCc2nc(C(=O)Nc3ccc(N[C@@H]4CCC(=O)NC4=O)cc3)sc2C1,-7.921472185
CN1CCc2nc(C(=O)Nc3ccc(N[C@H]4CCC(=O)NC4=O)cc3)sc2C1,-7.912146339
CN(CC(=O)Nc1ccc2c(c1)C(=O)N([C@@H]1CCC(=O)NC1=O)C2=O)C1CCC1,-8.579204552
CN(CC(=O)Nc1ccc2c(c1)C(=O)N([C@H]1CCC(=O)NC1=O)C2=O)C1CCC1,-8.579040421
N#CN1CC[C@H](c2cccc(-c3cc(C(=O)N[C@@H]4CCC(=O)NC4=O)co3)c2)C1,-7.97579058
N#CN1CC[C@@H](c2cccc(-c3cc(C(=O)N[C@@H]4CCC(=O)NC4=O)co3)c2)C1,-7.969326601
N#CN1CC[C@H](c2cccc(-c3cc(C(=O)N[C@H]4CCC(=O)NC4=O)co3)c2)C1,-7.941182601
N#CN1CC[C@@H](c2cccc(-c3cc(C(=O)N[C@H]4CCC(=O)NC4=O)co3)c2)C1,-7.979974546
O=C1CC[C@H](CSc2ccccn2)C(=O)N1,-7.642073012
O=C1CC[C@@H](CSc2ccccn2)C(=O)N1,-7.642065749
N#CN1CCC[C@H](c2ccnn2-c2cccc(C(=O)N[C@@H]3CCC(=O)NC3=O)n2)C1,-7.86830147
N#CN1CCC[C@@H](c2ccnn2-c2cccc(C(=O)N[C@@H]3CCC(=O)NC3=O)n2)C1,-8.044390875
N#CN1CCC[C@H](c2ccnn2-c2cccc(C(=O)N[C@H]3CCC(=O)NC3=O)n2)C1,-8.156303289
N#CN1CCC[C@@H](c2ccnn2-c2cccc(C(=O)N[C@H]3CCC(=O)NC3=O)n2)C1,-8.122720148
N#CN1CCC[C@H](c2ccnc(-c3ccc4c(c3)CN([C@@H]3CCC(=O)NC3=O)C4=O)c2C2CC2)C1,-7.731113513
N#CN1CCC[C@@H](c2ccnc(-c3ccc4c(c3)CN([C@@H]3CCC(=O)NC3=O)C4=O)c2C2CC2)C1,-8.015137602
N#CN1CCC[C@H](c2ccnc(-c3ccc4c(c3)CN([C@H]3CCC(=O)NC3=O)C4=O)c2C2CC2)C1,-7.916134297
N#CN1CCC[C@@H](c2ccnc(-c3ccc4c(c3)CN([C@H]3CCC(=O)NC3=O)C4=O)c2C2CC2)C1,-7.924813793
O=C1CC[C@H](NC(=O)c2ncc(S(=O)(=O)F)cn2)C(=O)N1,-9.326781666
O=C1CC[C@@H](NC(=O)c2ncc(S(=O)(=O)F)cn2)C(=O)N1,-9.326722583
COc1nc(C(=O)N[C@@H]2CCC(=O)NC2=O)ncc1F,-8.411469038
COc1nc(C(=O)N[C@H]2CCC(=O)NC2=O)ncc1F,-8.411968978
N#CN1CC[C@H](c2cccc(-n3nc(C(=O)N[C@@H]4CCC(=O)NC4=O)c4c3CCC4)c2)C1,-7.796629543
N#CN1CC[C@@H](c2cccc(-n3nc(C(=O)N[C@@H]4CCC(=O)NC4=O)c4c3CCC4)c2)C1,-7.771338619
N#CN1CC[C@H](c2cccc(-n3nc(C(=O)N[C@H]4CCC(=O)NC4=O)c4c3CCC4)c2)C1,-7.80390804
N#CN1CC[C@@H](c2cccc(-n3nc(C(=O)N[C@H]4CCC(=O)NC4=O)c4c3CCC4)c2)C1,-7.858954086
N#CN1CCC[C@H](c2ccc(-n3nccc3C(=O)N[C@@H]3CCC(=O)NC3=O)cc2)C1,-8.008175709
N#CN1CCC[C@@H](c2ccc(-n3nccc3C(=O)N[C@@H]3CCC(=O)NC3=O)cc2)C1,-7.958849629
N#CN1CCC[C@H](c2ccc(-n3nccc3C(=O)N[C@H]3CCC(=O)NC3=O)cc2)C1,-8.079605438
N#CN1CCC[C@@H](c2ccc(-n3nccc3C(=O)N[C@H]3CCC(=O)NC3=O)cc2)C1,-7.951571915
O=C1CC[C@H](N2Cc3cc(-c4cc(OS(=O)(=O)F)[nH]n4)ccc3C2=O)C(=O)N1,-8.178603117
O=C1CC[C@@H](N2Cc3cc(-c4cc(OS(=O)(=O)F)[nH]n4)ccc3C2=O)C(=O)N1,-8.309881375
O=C1CC[C@H](N2Cc3cc(-c4n[nH]cc4OS(=O)(=O)F)ccc3C2=O)C(=O)N1,-8.077200376
O=C1CC[C@@H](N2Cc3cc(-c4n[nH]cc4OS(=O)(=O)F)ccc3C2=O)C(=O)N1,-7.845978101
CCn1ccc(-c2ccc3c(c2)CN([C@@H]2CCC(=O)NC2=O)C3=O)n1,-7.850304557
CCn1ccc(-c2ccc3c(c2)CN([C@H]2CCC(=O)NC2=O)C3=O)n1,-7.954766888
CCCn1ccc(-c2ccc3c(c2)CN([C@@H]2CCC(=O)NC2=O)C3=O)n1,-7.720853013
CCCn1ccc(-c2ccc3c(c2)CN([C@H]2CCC(=O)NC2=O)C3=O)n1,-7.692599526
Cn1cc(CO)c(-c2ccc3c(c2)CN([C@@H]2CCC(=O)NC2=O)C3=O)n1,-7.751489015
Cn1cc(CO)c(-c2ccc3c(c2)CN([C@H]2CCC(=O)NC2=O)C3=O)n1,-7.757406188
O=C1CC[C@H](N2Cc3cc(-c4n[nH]cc4S(=O)(=O)F)ccc3C2=O)C(=O)N1,-8.508119493
O=C1CC[C@@H](N2Cc3cc(-c4n[nH]cc4S(=O)(=O)F)ccc3C2=O)C(=O)N1,-7.883797278
O=C1CC[C@H](N2Cc3c(ccc(-c4cc[nH]n4)c3S(=O)(=O)F)C2=O)C(=O)N1,-8.094954218
O=C1CC[C@@H](N2Cc3c(ccc(-c4cc[nH]n4)c3S(=O)(=O)F)C2=O)C(=O)N1,-8.134792359
O=C1CC[C@H](N2Cc3cc(-c4cc[nH]n4)c(S(=O)(=O)F)cc3C2=O)C(=O)N1,-8.034005609
O=C1CC[C@@H](N2Cc3cc(-c4cc[nH]n4)c(S(=O)(=O)F)cc3C2=O)C(=O)N1,-7.995903143
N#CN1CC[C@H](c2c(-c3cncc(C(=O)N[C@@H]4CCC(=O)NC4=O)c3)ccc3c2CCO3)C1,-8.073843196
N#CN1CC[C@@H](c2c(-c3cncc(C(=O)N[C@@H]4CCC(=O)NC4=O)c3)ccc3c2CCO3)C1,-8.049612068
N#CN1CC[C@H](c2c(-c3cncc(C(=O)N[C@H]4CCC(=O)NC4=O)c3)ccc3c2CCO3)C1,-8.046905956
N#CN1CC[C@@H](c2c(-c3cncc(C(=O)N[C@H]4CCC(=O)NC4=O)c3)ccc3c2CCO3)C1,-7.914854176
C[C@]1(NC(=O)c2cccc3c2CN([C@@H]2CCC(=O)NC2=O)C3=O)CCCNC1,-7.956062489
C[C@@]1(NC(=O)c2cccc3c2CN([C@@H]2CCC(=O)NC2=O)C3=O)CCCNC1,-7.929741487
C[C@]1(NC(=O)c2cccc3c2CN([C@H]2CCC(=O)NC2=O)C3=O)CCCNC1,-7.906272199
C[C@@]1(NC(=O)c2cccc3c2CN([C@H]2CCC(=O)NC2=O)C3=O)CCCNC1,-7.898482503
O=C1CC[C@H](NC(=O)c2coc(CNC(=O)[C@@H]3CC4(CCC4)CO3)n2)C(=O)N1,-7.906489777
O=C1CC[C@@H](NC(=O)c2coc(CNC(=O)[C@@H]3CC4(CCC4)CO3)n2)C(=O)N1,-7.890065709
O=C1CC[C@H](NC(=O)c2coc(CNC(=O)[C@H]3CC4(CCC4)CO3)n2)C(=O)N1,-7.886038374
O=C1CC[C@@H](NC(=O)c2coc(CNC(=O)[C@H]3CC4(CCC4)CO3)n2)C(=O)N1,-7.941320112
C[C@@H]1CCCc2c(C(=O)N[C@@H]3CCC(=O)NC3=O)cnn21,-7.926487194
C[C@H]1CCCc2c(C(=O)N[C@@H]3CCC(=O)NC3=O)cnn21,-7.921248593
C[C@@H]1CCCc2c(C(=O)N[C@H]3CCC(=O)NC3=O)cnn21,-7.921300415
C[C@H]1CCCc2c(C(=O)N[C@H]3CCC(=O)NC3=O)cnn21,-7.92656963
O=C1CC[C@H](NC(=O)c2c(C(F)(F)F)nn3c2CCCC3)C(=O)N1,-7.852596452
O=C1CC[C@@H](NC(=O)c2c(C(F)(F)F)nn3c2CCCC3)C(=O)N1,-7.851620172
CC(=O)NC[C@@H]1CCn2ncc(C(=O)N[C@@H]3CCC(=O)NC3=O)c2C1,-7.895151975
CC(=O)NC[C@H]1CCn2ncc(C(=O)N[C@@H]3CCC(=O)NC3=O)c2C1,-7.891777527
CC(=O)NC[C@@H]1CCn2ncc(C(=O)N[C@H]3CCC(=O)NC3=O)c2C1,-7.897175597
CC(=O)NC[C@H]1CCn2ncc(C(=O)N[C@H]3CCC(=O)NC3=O)c2C1,-7.901537589
Cc1ncc(C(=O)NCc2cc(C(=O)N[C@@H]3CCC(=O)NC3=O)on2)cc1C#N,-8.549402119
Cc1ncc(C(=O)NCc2cc(C(=O)N[C@H]3CCC(=O)NC3=O)on2)cc1C#N,-8.527555376
N#CN1CC[C@H](c2nc3c(cc2-c2ccc4c(c2)CN([C@@H]2CCC(=O)NC2=O)C4=O)NCCO3)C1,-8.060388797
N#CN1CC[C@@H](c2nc3c(cc2-c2ccc4c(c2)CN([C@@H]2CCC(=O)NC2=O)C4=O)NCCO3)C1,-7.901290471
N#CN1CC[C@H](c2nc3c(cc2-c2ccc4c(c2)CN([C@H]2CCC(=O)NC2=O)C4=O)NCCO3)C1,-7.912706269
N#CN1CC[C@@H](c2nc3c(cc2-c2ccc4c(c2)CN([C@H]2CCC(=O)NC2=O)C4=O)NCCO3)C1,-7.903449083
N#CN1CCC[C@H](c2noc3nc(Nc4cccc(N5CCC(=O)NC5=O)c4)[nH]c(=O)c23)C1,-7.88403582
N#CN1CCC[C@@H](c2noc3nc(Nc4cccc(N5CCC(=O)NC5=O)c4)[nH]c(=O)c23)C1,-7.918771317
O=C1CC[C@H](c2cccc(NC(=O)[C@@H]3CCCc4c3cccc4S(=O)(=O)F)c2)C(=O)N1,-7.754100339
O=C1CC[C@@H](c2cccc(NC(=O)[C@@H]3CCCc4c3cccc4S(=O)(=O)F)c2)C(=O)N1,-7.765122629
O=C1CC[C@H](c2cccc(NC(=O)[C@H]3CCCc4c3cccc4S(=O)(=O)F)c2)C(=O)N1,-7.76015614
O=C1CC[C@@H](c2cccc(NC(=O)[C@H]3CCCc4c3cccc4S(=O)(=O)F)c2)C(=O)N1,-7.775139392
O=C1CC[C@H](c2cccc(NC(=O)[C@@H]3CCCc4cc(S(=O)(=O)F)ccc43)c2)C(=O)N1,-7.761777351
O=C1CC[C@@H](c2cccc(NC(=O)[C@@H]3CCCc4cc(S(=O)(=O)F)ccc43)c2)C(=O)N1,-7.692253168
O=C1CC[C@H](c2cccc(NC(=O)[C@H]3CCCc4cc(S(=O)(=O)F)ccc43)c2)C(=O)N1,-7.70087737
O=C1CC[C@@H](c2cccc(NC(=O)[C@H]3CCCc4cc(S(=O)(=O)F)ccc43)c2)C(=O)N1,-7.68463769
O=C1CC[C@H](c2cccc(NC(=O)[C@@H]3CCCc4ccc(S(=O)(=O)F)cc43)c2)C(=O)N1,-7.690484999
O=C1CC[C@@H](c2cccc(NC(=O)[C@@H]3CCCc4ccc(S(=O)(=O)F)cc43)c2)C(=O)N1,-7.697247857
O=C1CC[C@H](c2cccc(NC(=O)[C@H]3CCCc4ccc(S(=O)(=O)F)cc43)c2)C(=O)N1,-7.692766813
O=C1CC[C@@H](c2cccc(NC(=O)[C@H]3CCCc4ccc(S(=O)(=O)F)cc43)c2)C(=O)N1,-7.71000846
COc1ccc2c(c1)[C@H](C(=O)Nc1cccc([C@@H]3CCC(=O)NC3=O)c1)CCC2,-7.555586802
COc1ccc2c(c1)[C@@H](C(=O)Nc1cccc([C@@H]3CCC(=O)NC3=O)c1)CCC2,-7.566415859
COc1ccc2c(c1)[C@H](C(=O)Nc1cccc([C@H]3CCC(=O)NC3=O)c1)CCC2,-7.895763738
COc1ccc2c(c1)[C@@H](C(=O)Nc1cccc([C@H]3CCC(=O)NC3=O)c1)CCC2,-7.897239002
N#CN1CCC(c2cnsc2-c2ccc3c(c2)CN([C@@H]2CCC(=O)NC2=O)C3=O)CC1,-7.991322264
N#CN1CCC(c2cnsc2-c2ccc3c(c2)CN([C@H]2CCC(=O)NC2=O)C3=O)CC1,-7.8601791
N#CN1CCC[C@H](c2ccc(-c3cccc4c3C(=O)N([C@@H]3CCC(=O)NC3=O)C4)cc2)C1,-7.92519092
N#CN1CCC[C@@H](c2ccc(-c3cccc4c3C(=O)N([C@@H]3CCC(=O)NC3=O)C4)cc2)C1,-7.8915374
N#CN1CCC[C@H](c2ccc(-c3cccc4c3C(=O)N([C@H]3CCC(=O)NC3=O)C4)cc2)C1,-7.89962123
N#CN1CCC[C@@H](c2ccc(-c3cccc4c3C(=O)N([C@H]3CCC(=O)NC3=O)C4)cc2)C1,-7.91957413
O=C1CC[C@H](Oc2cc(=O)n3cc(Br)ccc3n2)C(=O)N1,-8.504653221
O=C1CC[C@@H](Oc2cc(=O)n3cc(Br)ccc3n2)C(=O)N1,-8.504251224
O=C1CC[C@H](NC(=O)c2cc(Oc3ccccc3Cl)ccn2)C(=O)N1,-7.895040605
O=C1CC[C@@H](NC(=O)c2cc(Oc3ccccc3Cl)ccn2)C(=O)N1,-7.893893627
O=C1CC[C@H](c2ccc(NC(=O)[C@@H]3Cc4c(ccc(F)c4F)CN3)cc2)C(=O)N1,-7.674920685
O=C1CC[C@@H](c2ccc(NC(=O)[C@@H]3Cc4c(ccc(F)c4F)CN3)cc2)C(=O)N1,-7.674012608
O=C1CC[C@H](c2ccc(NC(=O)[C@H]3Cc4c(ccc(F)c4F)CN3)cc2)C(=O)N1,-7.674264305
O=C1CC[C@@H](c2ccc(NC(=O)[C@H]3Cc4c(ccc(F)c4F)CN3)cc2)C(=O)N1,-7.674789276
O=C1CC[C@H](NC(=O)c2[nH]nc(C3CC3)c2Cl)C(=O)N1,-7.940925808
O=C1CC[C@@H](NC(=O)c2[nH]nc(C3CC3)c2Cl)C(=O)N1,-8.002837014
N#CN1CCC[C@H](c2ccc(-c3ccc4c(c3)CN([C@@H]3CCC(=O)NC3=O)C4=O)s2)C1,-7.87985744
N#CN1CCC[C@@H](c2ccc(-c3ccc4c(c3)CN([C@@H]3CCC(=O)NC3=O)C4=O)s2)C1,-7.898924625
N#CN1CCC[C@H](c2ccc(-c3ccc4c(c3)CN([C@H]3CCC(=O)NC3=O)C4=O)s2)C1,-7.932746947
N#CN1CCC[C@@H](c2ccc(-c3ccc4c(c3)CN([C@H]3CCC(=O)NC3=O)C4=O)s2)C1,-7.924326401
O=C1CC[C@H](Nc2ccc(C3CCNCC3)cc2)C(=O)N1,-7.197494913
O=C1CC[C@@H](Nc2ccc(C3CCNCC3)cc2)C(=O)N1,-7.232093859
CC(=O)N1CCC(c2ccc(N[C@@H]3CCC(=O)NC3=O)cc2)CC1,-7.994885016
CC(=O)N1CCC(c2ccc(N[C@H]3CCC(=O)NC3=O)cc2)CC1,-7.996877816
O=C1CC[C@H](Nc2ccc(C3CCNCC3)c(OS(=O)(=O)F)c2)C(=O)N1,-8.090902065
O=C1CC[C@@H](Nc2ccc(C3CCNCC3)c(OS(=O)(=O)F)c2)C(=O)N1,-8.156038628
C=CC(=O)N(Cc1ccnn1CC1CC1)c1ccc2c(c1)C(=O)NC2,-7.547097931
O=C1CC[C@H](NC(=O)c2cc(-c3cccc4[nH]ccc34)no2)C(=O)N1,-7.979887544
O=C1CC[C@@H](NC(=O)c2cc(-c3cccc4[nH]ccc34)no2)C(=O)N1,-7.97959457
O=C1CC[C@H](NC(=O)c2c(F)ccc3occc23)C(=O)N1,-7.915878102
O=C1CC[C@@H](NC(=O)c2c(F)ccc3occc23)C(=O)N1,-7.916001138
O=C1CC[C@H](NC(=O)c2ccc(Cl)c3occc23)C(=O)N1,-8.058311087
O=C1CC[C@@H](NC(=O)c2ccc(Cl)c3occc23)C(=O)N1,-8.057816231
O=C1CC[C@H](NC(=O)c2cccc3oc(S(=O)(=O)F)cc23)C(=O)N1,-8.309061787
O=C1CC[C@@H](NC(=O)c2cccc3oc(S(=O)(=O)F)cc23)C(=O)N1,-8.408252533
O=C1CC[C@H](NC(=O)c2ccc(S(=O)(=O)F)c3occc23)C(=O)N1,-8.671180423
O=C1CC[C@@H](NC(=O)c2ccc(S(=O)(=O)F)c3occc23)C(=O)N1,-8.446197613
O=C1CC[C@H](NC(=O)c2cc(S(=O)(=O)F)cc3occc23)C(=O)N1,-8.521927292
O=C1CC[C@@H](NC(=O)c2cc(S(=O)(=O)F)cc3occc23)C(=O)N1,-8.450384076
O=C1CC[C@H](NC(=O)c2cccc3oc(OS(=O)(=O)F)cc23)C(=O)N1,-8.091112338
O=C1CC[C@@H](NC(=O)c2cccc3oc(OS(=O)(=O)F)cc23)C(=O)N1,-8.077931535
O=C1CC[C@H](N2Cc3cc(-c4nccc5ncccc45)ccc3C2=O)C(=O)N1,-7.740548325
O=C1CC[C@@H](N2Cc3cc(-c4nccc5ncccc45)ccc3C2=O)C(=O)N1,-7.741310962
N#CN1CCC[C@H](c2cncnc2Nc2ccc3c(c2)CN([C@@H]2CCC(=O)NC2=O)C3=O)C1,-7.847587976
N#CN1CCC[C@@H](c2cncnc2Nc2ccc3c(c2)CN([C@@H]2CCC(=O)NC2=O)C3=O)C1,-7.703889337
N#CN1CCC[C@H](c2cncnc2Nc2ccc3c(c2)CN([C@H]2CCC(=O)NC2=O)C3=O)C1,-8.00623734
N#CN1CCC[C@@H](c2cncnc2Nc2ccc3c(c2)CN([C@H]2CCC(=O)NC2=O)C3=O)C1,-7.878704459
Cc1ccc(N2CCC(=O)NC2=O)cc1NCCCc1ccc2c(c1)CCO2,-6.978516803
CCCCCc1ccc(C(=O)N[C@@H]2CCC(=O)NC2=O)o1,-7.821935622
CCCCCc1ccc(C(=O)N[C@H]2CCC(=O)NC2=O)o1,-7.841443779
O=C1CC[C@H](NC(=O)c2ccc(Br)o2)C(=O)N1,-7.956711697
O=C1CC[C@@H](NC(=O)c2ccc(Br)o2)C(=O)N1,-7.956738673
Cc1ccc(C(=O)N[C@@H]2CCC(=O)NC2=O)o1,-7.897192388
Cc1ccc(C(=O)N[C@H]2CCC(=O)NC2=O)o1,-7.897384508
O=C1CC[C@H](NC(=O)c2cc(S(=O)(=O)F)co2)C(=O)N1,-8.498565466
O=C1CC[C@@H](NC(=O)c2cc(S(=O)(=O)F)co2)C(=O)N1,-8.546518775
O=C1CC[C@H](NC(=O)c2ccc(S(=O)(=O)F)o2)C(=O)N1,-8.49918506
O=C1CC[C@@H](NC(=O)c2ccc(S(=O)(=O)F)o2)C(=O)N1,-8.546821607
CS(=O)(=O)Cc1ccc(C(=O)N[C@@H]2CCC(=O)NC2=O)o1,-8.054098395
CS(=O)(=O)Cc1ccc(C(=O)N[C@H]2CCC(=O)NC2=O)o1,-8.11038226
Cc1cc(S(N)(=O)=O)oc1C(=O)N[C@@H]1CCC(=O)NC1=O,-8.06531622
Cc1cc(S(N)(=O)=O)oc1C(=O)N[C@H]1CCC(=O)NC1=O,-8.077179761
O=C1CC[C@H](NC(=O)c2ccc(OCC(F)(F)F)o2)C(=O)N1,-7.942234423
O=C1CC[C@@H](NC(=O)c2ccc(OCC(F)(F)F)o2)C(=O)N1,-7.919628357
O=C1CC[C@H](NC(=O)c2oc(Cl)c(Cl)c2Cl)C(=O)N1,-8.302975569
O=C1CC[C@@H](NC(=O)c2oc(Cl)c(Cl)c2Cl)C(=O)N1,-8.302620206
Cc1oc(C(=O)N[C@@H]2CCC(=O)NC2=O)cc1S(=O)(=O)N(C)C,-8.04080753
Cc1oc(C(=O)N[C@H]2CCC(=O)NC2=O)cc1S(=O)(=O)N(C)C,-7.96616345
NC(=O)CNS(=O)(=O)c1ccc(C(=O)N[C@@H]2CCC(=O)NC2=O)o1,-8.24368792
NC(=O)CNS(=O)(=O)c1ccc(C(=O)N[C@H]2CCC(=O)NC2=O)o1,-8.182675731
O=C1CC[C@H](NC(=O)c2ccco2)C(=O)N1,-7.995389495
CSCc1ccc(C(=O)N[C@@H]2CCC(=O)NC2=O)o1,-7.924607786
CSCc1ccc(C(=O)N[C@H]2CCC(=O)NC2=O)o1,-8.000762997
O=C1CC[C@@H](NC(=O)c2ccco2)C(=O)N1,-7.99522152
Cc1cncc(C(=O)NCc2ccc3c(c2)C(=O)N([C@@H]2CCC(=O)NC2=O)C3)n1,-8.294844807
Cc1cncc(C(=O)NCc2ccc3c(c2)C(=O)N([C@H]2CCC(=O)NC2=O)C3)n1,-8.228931675
O=C1CC[C@H](NC(=O)c2cc(-c3c[nH]c4ccccc34)[nH]n2)C(=O)N1,-7.887118426
O=C1CC[C@@H](NC(=O)c2cc(-c3c[nH]c4ccccc34)[nH]n2)C(=O)N1,-7.863600534
O=C1CC[C@H](N2C(=O)c3ccc(NC(=O)Cn4ccnn4)cc3C2=O)C(=O)N1,-8.754184911
O=C1CC[C@@H](N2C(=O)c3ccc(NC(=O)Cn4ccnn4)cc3C2=O)C(=O)N1,-8.753008636
N#CN1CCC(c2ccc3c(-c4cccc(N5CCC(=O)NC5=O)c4)c[nH]c3c2)CC1,-7.273577918
O=C1CC[C@H](NC(=O)c2cc(Br)cc3c2CCN3)C(=O)N1,-8.064023406
O=C1CC[C@@H](NC(=O)c2cc(Br)cc3c2CCN3)C(=O)N1,-8.063007386
O=C1CC[C@H](NC(=O)c2cc(S(=O)(=O)F)cc3c2CCN3)C(=O)N1,-8.107385062
O=C1CC[C@@H](NC(=O)c2cc(S(=O)(=O)F)cc3c2CCN3)C(=O)N1,-8.180605129
O=C1CC[C@H](NC(=O)c2ccc(S(=O)(=O)F)c3c2CCN3)C(=O)N1,-8.111505175
O=C1CC[C@@H](NC(=O)c2ccc(S(=O)(=O)F)c3c2CCN3)C(=O)N1,-8.181625145
CCc1c(C(=O)Nc2cccc([C@@H]3CCC(=O)NC3=O)c2)ccc2c1CCCC2,-7.553444121
CCc1c(C(=O)Nc2cccc([C@H]3CCC(=O)NC3=O)c2)ccc2c1CCCC2,-7.571373887
C[C@H](Cn1cccn1)C(=O)N1Cc2[nH]nc(C(=O)N[C@@H]3CCC(=O)NC3=O)c2C1,-7.874304454
C[C@@H](Cn1cccn1)C(=O)N1Cc2[nH]nc(C(=O)N[C@@H]3CCC(=O)NC3=O)c2C1,-7.919340274
C[C@H](Cn1cccn1)C(=O)N1Cc2[nH]nc(C(=O)N[C@H]3CCC(=O)NC3=O)c2C1,-7.839397998
C[C@@H](Cn1cccn1)C(=O)N1Cc2[nH]nc(C(=O)N[C@H]3CCC(=O)NC3=O)c2C1,-7.862176475
O=C1CC[C@H](NC(=O)c2cnc3ccccn3c2=O)C(=O)N1,-8.499872697
O=C1CC[C@@H](NC(=O)c2cnc3ccccn3c2=O)C(=O)N1,-8.40913105
O=C1CC[C@H](NC(=O)c2cnc3ccc(Cl)cn3c2=O)C(=O)N1,-8.58373855
O=C1CC[C@@H](NC(=O)c2cnc3ccc(Cl)cn3c2=O)C(=O)N1,-8.58598602
O=C1CC[C@H](NC(=O)c2cnc3c(S(=O)(=O)F)cccn3c2=O)C(=O)N1,-9.316256146
O=C1CC[C@@H](NC(=O)c2cnc3c(S(=O)(=O)F)cccn3c2=O)C(=O)N1,-9.2123953
O=C1CC[C@H](NC(=O)c2cnc3ccc(S(=O)(=O)F)cn3c2=O)C(=O)N1,-9.317012289
O=C1CC[C@@H](NC(=O)c2cnc3ccc(S(=O)(=O)F)cn3c2=O)C(=O)N1,-9.211979268
O=C1CC[C@H](N2Cc3c(C(=O)NCC[C@@H]4CCCN4)cccc3C2=O)C(=O)N1,-7.739435368
O=C1CC[C@@H](N2Cc3c(C(=O)NCC[C@@H]4CCCN4)cccc3C2=O)C(=O)N1,-7.775896295
O=C1CC[C@H](N2Cc3c(C(=O)NCC[C@H]4CCCN4)cccc3C2=O)C(=O)N1,-7.731745301
O=C1CC[C@@H](N2Cc3c(C(=O)NCC[C@H]4CCCN4)cccc3C2=O)C(=O)N1,-7.753402505
O=C1CC[C@H](NC(=O)c2ncn3c2CCNCC3)C(=O)N1,-7.645921243
O=C1CC[C@@H](NC(=O)c2ncn3c2CCNCC3)C(=O)N1,-7.592071592
O=C1CC[C@H](NC(=O)c2ncc(OCC3CC3)cc2F)C(=O)N1,-7.974852465
O=C1CC[C@@H](NC(=O)c2ncc(OCC3CC3)cc2F)C(=O)N1,-7.997145023
CN1C(=O)CC[C@H](NC(=O)c2ncc(OCC3CC3)cc2F)C1=O,-7.940567603
CN1C(=O)CC[C@@H](NC(=O)c2ncc(OCC3CC3)cc2F)C1=O,-7.916591321
C[S@]1(=O)=NCc2c(-c3ccc(N4CCC(=O)NC4=O)cc3)cccc21,-7.408566509
C[S@@]1(=O)=NCc2c(-c3ccc(N4CCC(=O)NC4=O)cc3)cccc21,-7.408439068
CC[C@]1(c2ccc(NCc3ccc(-n4cncn4)cc3)cc2)CCC(=O)NC1=O,-7.490012164
CC[C@@]1(c2ccc(NCc3ccc(-n4cncn4)cc3)cc2)CCC(=O)NC1=O,-7.492456498
CN1C(=O)CC[C@H](NC(=O)c2sccc2S(=O)(=O)N2CCCC2)C1=O,-8.101851563
CN1C(=O)CC[C@@H](NC(=O)c2sccc2S(=O)(=O)N2CCCC2)C1=O,-8.0400158
O=C(Nc1cccc2c1C(=O)NC2)c1csc(-c2ccc(F)cc2)n1,-7.89529776
O=C1CC[C@H](N2Cc3ccc(-n4cc(OS(=O)(=O)F)nn4)cc3C2=O)C(=O)N1,-8.466697613
O=C1CC[C@@H](N2Cc3ccc(-n4cc(OS(=O)(=O)F)nn4)cc3C2=O)C(=O)N1,-8.345989682
O=C1CC[C@H](N2Cc3ccc(-n4ccnn4)cc3C2=O)C(=O)N1,-8.033486718
O=C1CC[C@@H](N2Cc3ccc(-n4ccnn4)cc3C2=O)C(=O)N1,-8.047555158
NCCc1cn(-c2ccc3c(c2)C(=O)N([C@@H]2CCC(=O)NC2=O)C3)nn1,-8.017870144
NCCc1cn(-c2ccc3c(c2)C(=O)N([C@H]2CCC(=O)NC2=O)C3)nn1,-8.057594674
CNCc1cn(-c2ccc3c(c2)C(=O)N([C@@H]2CCC(=O)NC2=O)C3)nn1,-8.031932964
CNCc1cn(-c2ccc3c(c2)C(=O)N([C@H]2CCC(=O)NC2=O)C3)nn1,-8.036556214
CCCCc1cn(-c2ccc3c(c2)C(=O)N([C@@H]2CCC(=O)NC2=O)C3)nn1,-7.447259919
CCCCc1cn(-c2ccc3c(c2)C(=O)N([C@H]2CCC(=O)NC2=O)C3)nn1,-7.449258908
CN(C)Cc1cn(-c2ccc3c(c2)C(=O)N([C@@H]2CCC(=O)NC2=O)C3)nn1,-8.032851049
CN(C)Cc1cn(-c2ccc3c(c2)C(=O)N([C@H]2CCC(=O)NC2=O)C3)nn1,-8.027002372
CSCc1cn(-c2ccc3c(c2)C(=O)N([C@@H]2CCC(=O)NC2=O)C3)nn1,-8.055361695
CSCc1cn(-c2ccc3c(c2)C(=O)N([C@H]2CCC(=O)NC2=O)C3)nn1,-8.04080576
CC(C)(C)Cc1cn(-c2ccc3c(c2)C(=O)N([C@@H]2CCC(=O)NC2=O)C3)nn1,-7.973196098
CC(C)(C)Cc1cn(-c2ccc3c(c2)C(=O)N([C@H]2CCC(=O)NC2=O)C3)nn1,-7.973111558
CONC(=O)c1cn(-c2ccc3c(c2)C(=O)N([C@@H]2CCC(=O)NC2=O)C3)nn1,-8.121667833
CONC(=O)c1cn(-c2ccc3c(c2)C(=O)N([C@H]2CCC(=O)NC2=O)C3)nn1,-8.100032302
O=C1CC[C@H](N2Cc3cc(S(=O)(=O)F)c(-n4ccnn4)cc3C2=O)C(=O)N1,-8.825765835
O=C1CC[C@@H](N2Cc3cc(S(=O)(=O)F)c(-n4ccnn4)cc3C2=O)C(=O)N1,-8.752809635
O=C1CC[C@H](N2Cc3ccc(-n4nncc4S(=O)(=O)F)cc3C2=O)C(=O)N1,-8.736149954
O=C1CC[C@@H](N2Cc3ccc(-n4nncc4S(=O)(=O)F)cc3C2=O)C(=O)N1,-8.596974245
CC(C)c1c(C(=O)N[C@@H]2CCC(=O)NC2=O)nnn1-c1ccccc1,-7.79278658
CC(C)c1c(C(=O)N[C@H]2CCC(=O)NC2=O)nnn1-c1ccccc1,-7.904506394
O=C1CC[C@H](NC(=O)c2nnn(-c3cccc(F)c3)c2C(F)(F)F)C(=O)N1,-8.81685928
O=C1CC[C@@H](NC(=O)c2nnn(-c3cccc(F)c3)c2C(F)(F)F)C(=O)N1,-8.815895593
CCc1c(C(=O)N[C@@H]2CCC(=O)NC2=O)nnn1-c1ccc(OC(C)C)cc1,-7.762294683
CCc1c(C(=O)N[C@H]2CCC(=O)NC2=O)nnn1-c1ccc(OC(C)C)cc1,-7.754767268
Cc1oc(-c2ccccc2)c(C(=O)N[C@@H]2CCC(=O)NC2=O)c1C,-7.889066107
Cc1oc(-c2ccccc2)c(C(=O)N[C@H]2CCC(=O)NC2=O)c1C,-7.876401231
O=C1CCN(c2ccc(C(=O)N3Cc4n[nH]c(OS(=O)(=O)F)c4C3)cc2)C(=O)N1,-7.455522134
O=C1CCN(c2ccc(C(=O)N3Cc4n[nH]cc4[C@@H]3CO)cc2)C(=O)N1,-7.49249314
O=C1CCN(c2ccc(C(=O)N3Cc4n[nH]cc4[C@H]3CO)cc2)C(=O)N1,-7.475179471
N#CN1CC[C@H](c2cccc3c2-c2sc(C(=O)N[C@@H]4CCC(=O)NC4=O)cc2CC3)C1,-8.003230184
N#CN1CC[C@@H](c2cccc3c2-c2sc(C(=O)N[C@@H]4CCC(=O)NC4=O)cc2CC3)C1,-7.980557744
N#CN1CC[C@H](c2cccc3c2-c2sc(C(=O)N[C@H]4CCC(=O)NC4=O)cc2CC3)C1,-8.016172484
N#CN1CC[C@@H](c2cccc3c2-c2sc(C(=O)N[C@H]4CCC(=O)NC4=O)cc2CC3)C1,-8.018632746
O=C1CC[C@H](c2cccc(NC(=O)[C@]34CNC[C@](C5CCC5)(C3)C4)c2)C(=O)N1,-7.565454979
O=C1CC[C@H](c2cccc(NC(=O)[C@]34CNC[C@@](C5CCC5)(C3)C4)c2)C(=O)N1,-7.597171952
O=C1CC[C@H](NC(=O)c2cn(Cc3ccc(F)c(C(F)(F)F)c3)nn2)C(=O)N1,-8.171370518
O=C1CC[C@@H](NC(=O)c2cn(Cc3ccc(F)c(C(F)(F)F)c3)nn2)C(=O)N1,-8.170870252
CO[C@@H]1COc2cc(C(=O)Nc3ccc(N[C@@H]4CCC(=O)NC4=O)cc3)nn2C1,-7.838679472
CO[C@H]1COc2cc(C(=O)Nc3ccc(N[C@@H]4CCC(=O)NC4=O)cc3)nn2C1,-7.834259761
CO[C@@H]1COc2cc(C(=O)Nc3ccc(N[C@H]4CCC(=O)NC4=O)cc3)nn2C1,-7.286923254
CO[C@H]1COc2cc(C(=O)Nc3ccc(N[C@H]4CCC(=O)NC4=O)cc3)nn2C1,-7.287359686
O=C1CC[C@H](N2Cc3cc(NC(=O)Cc4cccc5ccccc45)ccc3C2=O)C(=O)N1,-7.840427454
O=C1CC[C@@H](N2Cc3cc(NC(=O)Cc4cccc5ccccc45)ccc3C2=O)C(=O)N1,-7.833006731
COc1ccc2c(CC(=O)Nc3ccc4c(c3)CN([C@@H]3CCC(=O)NC3=O)C4=O)cccc2c1,-7.860455604
COc1ccc2c(CC(=O)Nc3ccc4c(c3)CN([C@H]3CCC(=O)NC3=O)C4=O)cccc2c1,-7.857178462
COc1ccc2cccc(CC(=O)Nc3ccc4c(c3)CN([C@@H]3CCC(=O)NC3=O)C4=O)c2c1,-7.879421125
COc1ccc2cccc(CC(=O)Nc3ccc4c(c3)CN([C@H]3CCC(=O)NC3=O)C4=O)c2c1,-7.857690741
CCn1c(=O)c(N[C@@H]2CCC(=O)NC2=O)nc2ccccc21,-7.872656579
CCn1c(=O)c(N[C@H]2CCC(=O)NC2=O)nc2ccccc21,-8.292905251
O=C1CC[C@H](Nc2nc3cccc(S(=O)(=O)F)c3[nH]c2=O)C(=O)N1,-8.38689498
O=C1CC[C@@H](Nc2nc3cccc(S(=O)(=O)F)c3[nH]c2=O)C(=O)N1,-8.386595361
Cc1nc(C(=O)Nc2cccc(C3CC(=O)NC(=O)C3)c2)c(C)o1,-7.813393151
O=C1CC[C@H](NC(=O)c2cnc(-c3cccnc3)s2)C(=O)N1,-8.292471504
O=C1CC[C@@H](NC(=O)c2cnc(-c3cccnc3)s2)C(=O)N1,-8.503211714
CC(C)(C)c1cccc(Oc2cccc3c2C(=O)N([C@@H]2CCC(=O)NC2=O)C3=O)c1,-8.731430946
CC(C)(C)c1cccc(Oc2cccc3c2C(=O)N([C@H]2CCC(=O)NC2=O)C3=O)c1,-8.749315237
CC(C)(C)c1cc(N)cc(Oc2cccc3c2C(=O)N([C@@H]2CCC(=O)NC2=O)C3=O)c1,-7.964646979
CC(C)(C)c1cc(N)cc(Oc2cccc3c2C(=O)N([C@H]2CCC(=O)NC2=O)C3=O)c1,-8.654959298
O=C1CC[C@H](N2C(=O)c3cccc(Oc4cccc(S(=O)(=O)F)c4)c3C2=O)C(=O)N1,-8.879681708
O=C1CC[C@@H](N2C(=O)c3cccc(Oc4cccc(S(=O)(=O)F)c4)c3C2=O)C(=O)N1,-8.92093878
CC(=O)Nc1cc(Oc2cccc3c2C(=O)N([C@@H]2CCC(=O)NC2=O)C3=O)cc(C(C)(C)C)c1,-8.708000089
CC(=O)Nc1cc(Oc2cccc3c2C(=O)N([C@H]2CCC(=O)NC2=O)C3=O)cc(C(C)(C)C)c1,-8.677390883
O=C1CC[C@H](NC(=O)c2nnc3ccccc3n2)C(=O)N1,-9.321812841
O=C1CC[C@@H](NC(=O)c2nnc3ccccc3n2)C(=O)N1,-9.321968326
O=C1CC[C@H](NC(=O)c2nnc3c(S(=O)(=O)F)cccc3n2)C(=O)N1,-10.24968529
O=C1CC[C@@H](NC(=O)c2nnc3c(S(=O)(=O)F)cccc3n2)C(=O)N1,-10.24994275
O=C1CC[C@H](NC(=O)c2nnc3ccc(S(=O)(=O)F)cc3n2)C(=O)N1,-10.19166575
O=C1CC[C@@H](NC(=O)c2nnc3ccc(S(=O)(=O)F)cc3n2)C(=O)N1,-10.19714501
O=C1CC[C@H](NC(=O)c2nnc3cccc(S(=O)(=O)F)c3n2)C(=O)N1,-10.22342324
O=C1CC[C@@H](NC(=O)c2nnc3cccc(S(=O)(=O)F)c3n2)C(=O)N1,-10.22276528
O=C1CC[C@H](NC(=O)c2nnc3cccc(OS(=O)(=O)F)c3n2)C(=O)N1,-9.863068176
O=C1CC[C@@H](NC(=O)c2nnc3cccc(OS(=O)(=O)F)c3n2)C(=O)N1,-9.887989915
O=C1CC[C@H](NC(=O)c2nnc3ccc(OS(=O)(=O)F)cc3n2)C(=O)N1,-9.819365413
O=C1CC[C@@H](NC(=O)c2nnc3ccc(OS(=O)(=O)F)cc3n2)C(=O)N1,-9.888087293
O=C1CC[C@H](NC(=O)c2oc(C3CC3)nc2C(F)F)C(=O)N1,-8.26116259
O=C1CC[C@@H](NC(=O)c2oc(C3CC3)nc2C(F)F)C(=O)N1,-8.264915801
Cc1nc(C2CC2)oc1C(=O)N[C@@H]1CCC(=O)NC1=O,-7.856139366
Cc1nc(C2CC2)oc1C(=O)N[C@H]1CCC(=O)NC1=O,-7.85609568
CC(C)(c1nn[nH]n1)c1cc(C(=O)N[C@@H]2CCC(=O)NC2=O)ccc1F,-8.051757749
CC(C)(c1nn[nH]n1)c1cc(C(=O)N[C@H]2CCC(=O)NC2=O)ccc1F,-8.042426358
O=C1CC[C@H](N2Cc3cc(NCc4cc5ccccc5o4)ccc3C2=O)C(=O)N1,-7.785415498
O=C1CC[C@@H](N2Cc3cc(NCc4cc5ccccc5o4)ccc3C2=O)C(=O)N1,-7.776187843
Cc1nc(-c2cnn(C)c2)oc1C(=O)Nc1cccc([C@@H]2CCC(=O)NC2=O)c1,-8.237834208
Cc1nc(-c2cnn(C)c2)oc1C(=O)Nc1cccc([C@H]2CCC(=O)NC2=O)c1,-8.001761373
O=C1CC[C@H](N2Cc3c(ccc4c3OCC43CCN(Cc4ccccn4)CC3)C2=O)C(=O)N1,-7.783933452
O=C1CC[C@@H](N2Cc3c(ccc4c3OCC43CCN(Cc4ccccn4)CC3)C2=O)C(=O)N1,-7.805918644
N#CN1CC[C@H](c2ccc(-n3ncc(C(=O)N[C@@H]4CCC(=O)NC4=O)n3)cc2)C1,-8.19447776
N#CN1CC[C@@H](c2ccc(-n3ncc(C(=O)N[C@@H]4CCC(=O)NC4=O)n3)cc2)C1,-7.948839793
N#CN1CC[C@H](c2ccc(-n3ncc(C(=O)N[C@H]4CCC(=O)NC4=O)n3)cc2)C1,-7.976043819
N#CN1CC[C@@H](c2ccc(-n3ncc(C(=O)N[C@H]4CCC(=O)NC4=O)n3)cc2)C1,-7.94560692
CCC1(CNC(=O)c2ccc3c(c2)C(=O)N([C@@H]2CCC(=O)NC2=O)C3=O)CCC1,-7.68344205
CCC1(CNC(=O)c2ccc3c(c2)C(=O)N([C@H]2CCC(=O)NC2=O)C3=O)CCC1,-7.669940583
O=C1CC[C@H](N2C(=O)c3ccc(C(=O)NCC4CCC4)cc3C2=O)C(=O)N1,-8.646874648
O=C1CC[C@@H](N2C(=O)c3ccc(C(=O)NCC4CCC4)cc3C2=O)C(=O)N1,-8.650225951
O=C1CC[C@H](N2Cc3cc(-c4cc(NCC5CC5)ncn4)ccc3C2=O)C(=O)N1,-7.829217771
O=C1CC[C@@H](N2Cc3cc(-c4cc(NCC5CC5)ncn4)ccc3C2=O)C(=O)N1,-7.904646751
C[C@]1(CNC(=O)c2cccc3c2CN([C@@H]2CCC(=O)NC2=O)C3=O)CCNC1,-7.932683791
C[C@@]1(CNC(=O)c2cccc3c2CN([C@@H]2CCC(=O)NC2=O)C3=O)CCNC1,-7.896867673
C[C@]1(CNC(=O)c2cccc3c2CN([C@H]2CCC(=O)NC2=O)C3=O)CCNC1,-7.910687148
C[C@@]1(CNC(=O)c2cccc3c2CN([C@H]2CCC(=O)NC2=O)C3=O)CCNC1,-7.945133246
O=C1CC[C@H](N2Cc3cc(S(=O)(=O)F)c(-c4cccnc4)cc3C2=O)C(=O)N1,-8.540233832
O=C1CC[C@@H](N2Cc3cc(S(=O)(=O)F)c(-c4cccnc4)cc3C2=O)C(=O)N1,-8.385005699
O=C1CC[C@H](N2Cc3ccc(-c4cnccc4S(=O)(=O)F)cc3C2=O)C(=O)N1,-8.52306839
O=C1CC[C@@H](N2Cc3ccc(-c4cnccc4S(=O)(=O)F)cc3C2=O)C(=O)N1,-8.318584084
O=C1CC[C@H](N2Cc3ccc(-c4cccnc4S(=O)(=O)F)cc3C2=O)C(=O)N1,-8.309631765
O=C1CC[C@@H](N2Cc3ccc(-c4cccnc4S(=O)(=O)F)cc3C2=O)C(=O)N1,-8.487995362
O=C1CC[C@H](N2Cc3ccc(-c4cncc(S(=O)(=O)F)c4)cc3C2=O)C(=O)N1,-8.239766001
O=C1CC[C@@H](N2Cc3ccc(-c4cncc(S(=O)(=O)F)c4)cc3C2=O)C(=O)N1,-8.280009809
O=C1CC[C@H](N2Cc3ccc(-c4cncc(OS(=O)(=O)F)c4)cc3C2=O)C(=O)N1,-8.140650894
O=C1CC[C@@H](N2Cc3ccc(-c4cncc(OS(=O)(=O)F)c4)cc3C2=O)C(=O)N1,-8.022279624
O=C1CC[C@H](N2Cc3ccc(-c4ccc(OS(=O)(=O)F)nc4)cc3C2=O)C(=O)N1,-8.065752743
O=C1CC[C@@H](N2Cc3ccc(-c4ccc(OS(=O)(=O)F)nc4)cc3C2=O)C(=O)N1,-8.102166248
C[C@H](CO)Nc1ccc(-c2ccc3c(c2)C(=O)N([C@@H]2CCC(=O)NC2=O)C3)cn1,-7.897575213
C[C@@H](CO)Nc1ccc(-c2ccc3c(c2)C(=O)N([C@@H]2CCC(=O)NC2=O)C3)cn1,-7.884477636
C[C@H](CO)Nc1ccc(-c2ccc3c(c2)C(=O)N([C@H]2CCC(=O)NC2=O)C3)cn1,-7.904224913
C[C@@H](CO)Nc1ccc(-c2ccc3c(c2)C(=O)N([C@H]2CCC(=O)NC2=O)C3)cn1,-7.853674445
N#CN1CC[C@H](c2[nH]cnc2C(=O)Nc2ccc([C@@H]3CCC(=O)NC3=O)cc2)C1,-7.584900562
N#CN1CC[C@@H](c2[nH]cnc2C(=O)Nc2ccc([C@@H]3CCC(=O)NC3=O)cc2)C1,-7.585561294
N#CN1CC[C@H](c2[nH]cnc2C(=O)Nc2ccc([C@H]3CCC(=O)NC3=O)cc2)C1,-7.584526555
N#CN1CC[C@@H](c2[nH]cnc2C(=O)Nc2ccc([C@H]3CCC(=O)NC3=O)cc2)C1,-7.943567315
N#CN1CCC(c2ncccc2-c2ccc(C(=O)N[C@@H]3CCC(=O)NC3=O)cc2)CC1,-7.800610602
N#CN1CCC(c2ncccc2-c2ccc(C(=O)N[C@H]3CCC(=O)NC3=O)cc2)CC1,-8.045506348
O=C1CC[C@H](c2ccc(NC(=O)c3c(C(F)F)[nH]c4cnccc34)cc2)C(=O)N1,-7.953678512
O=C1CC[C@@H](c2ccc(NC(=O)c3c(C(F)F)[nH]c4cnccc34)cc2)C(=O)N1,-7.935983981
COc1ccc(-c2cncc(C(=O)N[C@@H]3CCC(=O)NC3=O)c2)c(C)c1,-8.045073137
COc1ccc(-c2cncc(C(=O)N[C@H]3CCC(=O)NC3=O)c2)c(C)c1,-7.977364665
CCOCCO[C@H](C)C(=O)NCc1nocc1C(=O)N[C@@H]1CCC(=O)NC1=O,-7.948303419
CCOCCO[C@@H](C)C(=O)NCc1nocc1C(=O)N[C@@H]1CCC(=O)NC1=O,-7.726015805
CCOCCO[C@H](C)C(=O)NCc1nocc1C(=O)N[C@H]1CCC(=O)NC1=O,-7.738397679
CCOCCO[C@@H](C)C(=O)NCc1nocc1C(=O)N[C@H]1CCC(=O)NC1=O,-7.624006535
Cc1noc(C(F)(F)Cl)c1C(=O)N[C@@H]1CCC(=O)NC1=O,-8.564939236
Cc1noc(C(F)(F)Cl)c1C(=O)N[C@H]1CCC(=O)NC1=O,-8.565278419
N#CN1CCC[C@H](c2ccccc2C(=O)Nc2ccc3c(c2)CN([C@@H]2CCC(=O)NC2=O)C3=O)C1,-7.779493241
N#CN1CCC[C@@H](c2ccccc2C(=O)Nc2ccc3c(c2)CN([C@@H]2CCC(=O)NC2=O)C3=O)C1,-7.680995763
N#CN1CCC[C@H](c2ccccc2C(=O)Nc2ccc3c(c2)CN([C@H]2CCC(=O)NC2=O)C3=O)C1,-7.644368315
N#CN1CCC[C@@H](c2ccccc2C(=O)Nc2ccc3c(c2)CN([C@H]2CCC(=O)NC2=O)C3=O)C1,-7.368816056
O=C1CC[C@H](NC(=O)c2cnc(-c3cnccn3)s2)C(=O)N1,-8.680326279
O=C1CC[C@@H](NC(=O)c2cnc(-c3cnccn3)s2)C(=O)N1,-8.679494189
COc1cc2nccc(-c3cccc4c3CNC4=O)c2cc1C(N)=O,-8.097249421
Cn1ncc2ncnc(-c3ccc4c(c3)CN([C@@H]3CCC(=O)NC3=O)C4=O)c21,-8.234211094
Cn1ncc2ncnc(-c3ccc4c(c3)CN([C@H]3CCC(=O)NC3=O)C4=O)c21,-8.234102506
N#CN1CCC[C@H](c2cn[nH]c2-c2ccc3c(c2)C(=O)N([C@@H]2CCC(=O)NC2=O)C3)C1,-7.97935746
N#CN1CCC[C@@H](c2cn[nH]c2-c2ccc3c(c2)C(=O)N([C@@H]2CCC(=O)NC2=O)C3)C1,-7.939875003
N#CN1CCC[C@H](c2cn[nH]c2-c2ccc3c(c2)C(=O)N([C@H]2CCC(=O)NC2=O)C3)C1,-7.903767945
N#CN1CCC[C@@H](c2cn[nH]c2-c2ccc3c(c2)C(=O)N([C@H]2CCC(=O)NC2=O)C3)C1,-7.856327167
N#CN1CCC[C@H](c2cnnc(-n3cc(C(=O)N[C@@H]4CCC(=O)NC4=O)cn3)c2)C1,-8.251363755
N#CN1CCC[C@@H](c2cnnc(-n3cc(C(=O)N[C@@H]4CCC(=O)NC4=O)cn3)c2)C1,-8.445984492
N#CN1CCC[C@H](c2cnnc(-n3cc(C(=O)N[C@H]4CCC(=O)NC4=O)cn3)c2)C1,-8.51634399
N#CN1CCC[C@@H](c2cnnc(-n3cc(C(=O)N[C@H]4CCC(=O)NC4=O)cn3)c2)C1,-8.753832079
CCn1c(=O)[nH]c(=O)c2c(C(=O)N[C@@H]3CCC(=O)NC3=O)cc(C(C)C)nc21,-7.884447772
CCn1c(=O)[nH]c(=O)c2c(C(=O)N[C@H]3CCC(=O)NC3=O)cc(C(C)C)nc21,-7.720942999
Cn1ccc2c(C(=O)N[C@@H]3CCC(=O)NC3=O)c[nH]c(=O)c21,-7.977681853
Cn1ccc2c(C(=O)N[C@H]3CCC(=O)NC3=O)c[nH]c(=O)c21,-7.977450494
COc1cccc2scc(C(=O)N[C@@H]3CCC(=O)NC3=O)c12,-7.801060679
COc1cccc2scc(C(=O)N[C@H]3CCC(=O)NC3=O)c12,-7.785932703
Cc1sc2ccc(F)cc2c1C(=O)N[C@@H]1CCC(=O)NC1=O,-8.034585211
Cc1sc2ccc(F)cc2c1C(=O)N[C@H]1CCC(=O)NC1=O,-8.03939076
O=C1CC[C@H](NC(=O)c2csc3c(F)cc(F)cc23)C(=O)N1,-8.11633459
O=C1CC[C@@H](NC(=O)c2csc3c(F)cc(F)cc23)C(=O)N1,-8.115757132
O=C1CC[C@H](NC(=O)c2csc3ccc(C(F)(F)F)cc23)C(=O)N1,-8.155924722
O=C1CC[C@@H](NC(=O)c2csc3ccc(C(F)(F)F)cc23)C(=O)N1,-8.155778702
O=C1CC[C@H](NC(=O)c2c(Br)sc3ccccc23)C(=O)N1,-8.007661598
O=C1CC[C@@H](NC(=O)c2c(Br)sc3ccccc23)C(=O)N1,-8.009014613
O=C1CC[C@H](NC(=O)c2csc3c(S(=O)(=O)F)cccc23)C(=O)N1,-8.307997451
O=C1CC[C@@H](NC(=O)c2csc3c(S(=O)(=O)F)cccc23)C(=O)N1,-8.608349149
O=C1CC[C@H](NC(=O)c2csc3cc(S(=O)(=O)F)ccc23)C(=O)N1,-8.280991734
O=C1CC[C@@H](NC(=O)c2csc3cc(S(=O)(=O)F)ccc23)C(=O)N1,-8.305475318
O=C1CC[C@H](NC(=O)c2csc3ccc(OS(=O)(=O)F)cc23)C(=O)N1,-8.100689303
O=C1CC[C@@H](NC(=O)c2csc3ccc(OS(=O)(=O)F)cc23)C(=O)N1,-8.118266954
O=C1CC[C@H](N2Cc3c(cccc3-c3cc4c(c(OS(=O)(=O)F)c3)NCC4)C2=O)C(=O)N1,-7.901038681
O=C1CC[C@@H](N2Cc3c(cccc3-c3cc4c(c(OS(=O)(=O)F)c3)NCC4)C2=O)C(=O)N1,-7.849853402
O=C1CC[C@H](N2Cc3c(cccc3-c3ccc4c(c3)CCN4)C2=O)C(=O)N1,-7.821213394
O=C1CC[C@@H](N2Cc3c(cccc3-c3ccc4c(c3)CCN4)C2=O)C(=O)N1,-7.809923217
O=C1CC[C@H](NC(=O)c2cc(CNC(=O)c3cc4ccccc4[nH]3)no2)C(=O)N1,-8.074096719
O=C1CC[C@@H](NC(=O)c2cc(CNC(=O)c3cc4ccccc4[nH]3)no2)C(=O)N1,-8.063807092
N#CN1CCC(c2sccc2-c2cnc(C(=O)N[C@@H]3CCC(=O)NC3=O)cn2)CC1,-8.504859265
N#CN1CCC(c2sccc2-c2cnc(C(=O)N[C@H]3CCC(=O)NC3=O)cn2)CC1,-8.478419124
Cc1cc(N[C@@H]2CCC(=O)NC2=O)nc(-c2cccs2)n1,-7.785740183
Cc1cc(N[C@H]2CCC(=O)NC2=O)nc(-c2cccs2)n1,-7.785098305
N#CN1CCC[C@H](c2ccccc2-n2nnc(C(=O)N[C@@H]3CCC(=O)NC3=O)n2)C1,-8.355695054
N#CN1CCC[C@@H](c2ccccc2-n2nnc(C(=O)N[C@@H]3CCC(=O)NC3=O)n2)C1,-8.445772575
N#CN1CCC[C@H](c2ccccc2-n2nnc(C(=O)N[C@H]3CCC(=O)NC3=O)n2)C1,-8.446802618
N#CN1CCC[C@@H](c2ccccc2-n2nnc(C(=O)N[C@H]3CCC(=O)NC3=O)n2)C1,-8.461668581
O=C1CC[C@H](NC(=O)c2cccc3c2CCCO3)C(=O)N1,-7.988128542
O=C1CC[C@@H](NC(=O)c2cccc3c2CCCO3)C(=O)N1,-7.988685069
O=C1CC[C@H](NC(=O)c2ccc(S(=O)(=O)F)c3c2CCCO3)C(=O)N1,-8.261250744
O=C1CC[C@@H](NC(=O)c2ccc(S(=O)(=O)F)c3c2CCCO3)C(=O)N1,-8.219046545
O=C1CC[C@H](NC(=O)c2cc(S(=O)(=O)F)cc3c2CCCO3)C(=O)N1,-8.271871347
O=C1CC[C@@H](NC(=O)c2cc(S(=O)(=O)F)cc3c2CCCO3)C(=O)N1,-8.071129445
CC[C@]1(c2ccc(NCc3cccc4ccsc34)cc2)CCC(=O)NC1=O,-7.399195273
CC[C@@]1(c2ccc(NCc3cccc4ccsc34)cc2)CCC(=O)NC1=O,-7.417094029
C[C@@H]1Oc2c(cccc2C(=O)N[C@@H]2CCC(=O)NC2=O)NC1=O,-7.922215476
C[C@H]1Oc2c(cccc2C(=O)N[C@@H]2CCC(=O)NC2=O)NC1=O,-7.94019653
C[C@@H]1Oc2c(cccc2C(=O)N[C@H]2CCC(=O)NC2=O)NC1=O,-7.939824582
C[C@H]1Oc2c(cccc2C(=O)N[C@H]2CCC(=O)NC2=O)NC1=O,-7.922038271
O=C1CC[C@H](NC(=O)c2cc(Cl)c3c(c2)CCCN3)C(=O)N1,-7.92970154
O=C1CC[C@@H](NC(=O)c2cc(Cl)c3c(c2)CCCN3)C(=O)N1,-7.929330298
C=CC(=O)N1CCCc2cc(C(=O)N[C@]3(C)CCC(=O)NC3=O)ccc21,-7.906486482
C=CC(=O)N1CCCc2cc(C(=O)N[C@@]3(C)CCC(=O)NC3=O)ccc21,-7.924142823
O=C1CC[C@H](NC(=O)c2cc3c(c(S(=O)(=O)F)c2)NCCC3)C(=O)N1,-8.037325178
O=C1CC[C@@H](NC(=O)c2cc3c(c(S(=O)(=O)F)c2)NCCC3)C(=O)N1,-8.03746034
C=CC(=O)N1CCCc2cc(C(=O)N[C@]3(CC)CCC(=O)NC3=O)ccc21,-7.717094512
C=CC(=O)N1CCCc2cc(C(=O)N[C@@]3(CC)CCC(=O)NC3=O)ccc21,-7.509613769
N#CN1CCC[C@H](c2ccc3c(c2)CCC[C@H](Nc2cccc(N4CCC(=O)NC4=O)c2)C3)C1,-7.151231945
N#CN1CCC[C@@H](c2ccc3c(c2)CCC[C@H](Nc2cccc(N4CCC(=O)NC4=O)c2)C3)C1,-7.202030448
N#CN1CCC[C@H](c2ccc3c(c2)CCC[C@@H](Nc2cccc(N4CCC(=O)NC4=O)c2)C3)C1,-7.180331212
N#CN1CCC[C@@H](c2ccc3c(c2)CCC[C@@H](Nc2cccc(N4CCC(=O)NC4=O)c2)C3)C1,-7.268619803
O=C1CC[C@H](NC(=O)c2c(F)ccc3[nH]cnc23)C(=O)N1,-8.022432592
O=C1CC[C@@H](NC(=O)c2c(F)ccc3[nH]cnc23)C(=O)N1,-8.022382648
O=C1CC[C@H](NC(=O)c2cccc3[nH]c(S(=O)(=O)F)nc23)C(=O)N1,-8.783742585
O=C1CC[C@@H](NC(=O)c2cccc3[nH]c(S(=O)(=O)F)nc23)C(=O)N1,-8.431102137
O=C1CC[C@H](NC(=O)c2ccc(S(=O)(=O)F)c3[nH]cnc23)C(=O)N1,-8.59063623
O=C1CC[C@@H](NC(=O)c2ccc(S(=O)(=O)F)c3[nH]cnc23)C(=O)N1,-8.645560664
O=C1CC[C@H](NC(=O)c2cc(S(=O)(=O)F)cc3[nH]cnc23)C(=O)N1,-8.54728749
O=C1CC[C@@H](NC(=O)c2cc(S(=O)(=O)F)cc3[nH]cnc23)C(=O)N1,-8.784944391
O=C1CC[C@H](NC(=O)c2cccc3[nH]cnc23)C(=O)N1,-8.126292925
O=C1CC[C@@H](NC(=O)c2cccc3[nH]cnc23)C(=O)N1,-8.126518094
N#CN1CCC[C@H](c2cnccc2-c2ccc(C(=O)N[C@@H]3CCC(=O)NC3=O)s2)C1,-8.064296358
N#CN1CCC[C@@H](c2cnccc2-c2ccc(C(=O)N[C@@H]3CCC(=O)NC3=O)s2)C1,-8.062826072
N#CN1CCC[C@H](c2cnccc2-c2ccc(C(=O)N[C@H]3CCC(=O)NC3=O)s2)C1,-7.985644581
N#CN1CCC[C@@H](c2cnccc2-c2ccc(C(=O)N[C@H]3CCC(=O)NC3=O)s2)C1,-8.04434447
N#CN1CC[C@H](c2cnn3c2OC[C@H](NC(=O)c2cccc(N4CCC(=O)NC4=O)c2)C3)C1,-7.641773469
N#CN1CC[C@@H](c2cnn3c2OC[C@H](NC(=O)c2cccc(N4CCC(=O)NC4=O)c2)C3)C1,-7.432109639
N#CN1CC[C@H](c2cnn3c2OC[C@@H](NC(=O)c2cccc(N4CCC(=O)NC4=O)c2)C3)C1,-7.477988429
N#CN1CC[C@@H](c2cnn3c2OC[C@@H](NC(=O)c2cccc(N4CCC(=O)NC4=O)c2)C3)C1,-7.513609777
O=C1CCN(c2ccc(C(=O)Nc3cnc4c(c3)[C@@H]3CC[C@H](C4)N3)cc2)C(=O)N1,-7.859474745
O=C1CCN(c2ccc(C(=O)Nc3cnc4c(c3)[C@H]3CC[C@H](C4)N3)cc2)C(=O)N1,-8.026955215
O=C1CCN(c2ccc(C(=O)Nc3cnc4c(c3)[C@@H]3CC[C@@H](C4)N3)cc2)C(=O)N1,-8.237724286
O=C1CCN(c2ccc(C(=O)Nc3cnc4c(c3)[C@H]3CC[C@@H](C4)N3)cc2)C(=O)N1,-8.245917848
N#CN1CC[C@H](c2ccccc2-n2ncc(C(=O)N[C@@H]3CCC(=O)NC3=O)n2)C1,-7.985466215
N#CN1CC[C@@H](c2ccccc2-n2ncc(C(=O)N[C@@H]3CCC(=O)NC3=O)n2)C1,-7.941643651
N#CN1CC[C@H](c2ccccc2-n2ncc(C(=O)N[C@H]3CCC(=O)NC3=O)n2)C1,-8.034452636
N#CN1CC[C@@H](c2ccccc2-n2ncc(C(=O)N[C@H]3CCC(=O)NC3=O)n2)C1,-8.242744299
N#Cc1c[nH]c2ncc(C(=O)N[C@@H]3CCC(=O)NC3=O)cc12,-8.088969644
N#Cc1c[nH]c2ncc(C(=O)N[C@H]3CCC(=O)NC3=O)cc12,-8.088645078
N#CN1CCC[C@H](c2cc3c(cc2C(=O)Nc2ccc([C@@H]4CCC(=O)NC4=O)cc2)CCC3)C1,-7.630249623
N#CN1CCC[C@@H](c2cc3c(cc2C(=O)Nc2ccc([C@@H]4CCC(=O)NC4=O)cc2)CCC3)C1,-7.424691464
N#CN1CCC[C@H](c2cc3c(cc2C(=O)Nc2ccc([C@H]4CCC(=O)NC4=O)cc2)CCC3)C1,-7.698463214
N#CN1CCC[C@@H](c2cc3c(cc2C(=O)Nc2ccc([C@H]4CCC(=O)NC4=O)cc2)CCC3)C1,-7.588452015
N#CN1CC[C@H](c2ccc3c(c2)CCO[C@@H]3C(=O)Nc2ccc([C@@H]3CCC(=O)NC3=O)cc2)C1,-7.661737886
N#CN1CC[C@@H](c2ccc3c(c2)CCO[C@@H]3C(=O)Nc2ccc([C@@H]3CCC(=O)NC3=O)cc2)C1,-7.653566422
N#CN1CC[C@H](c2ccc3c(c2)CCO[C@H]3C(=O)Nc2ccc([C@@H]3CCC(=O)NC3=O)cc2)C1,-7.650155306
N#CN1CC[C@@H](c2ccc3c(c2)CCO[C@H]3C(=O)Nc2ccc([C@@H]3CCC(=O)NC3=O)cc2)C1,-7.65241899
N#CN1CC[C@H](c2ccc3c(c2)CCO[C@@H]3C(=O)Nc2ccc([C@H]3CCC(=O)NC3=O)cc2)C1,-7.657696689
N#CN1CC[C@@H](c2ccc3c(c2)CCO[C@@H]3C(=O)Nc2ccc([C@H]3CCC(=O)NC3=O)cc2)C1,-7.655436024
N#CN1CC[C@H](c2ccc3c(c2)CCO[C@H]3C(=O)Nc2ccc([C@H]3CCC(=O)NC3=O)cc2)C1,-7.641966106
N#CN1CC[C@@H](c2ccc3c(c2)CCO[C@H]3C(=O)Nc2ccc([C@H]3CCC(=O)NC3=O)cc2)C1,-7.675685342
O=C1CC[C@H](N2Cc3cc(CNC(=O)C(F)(F)c4ccc(Cl)cc4)ccc3C2=O)C(=O)N1,-8.050934531
O=C1CC[C@@H](N2Cc3cc(CNC(=O)C(F)(F)c4ccc(Cl)cc4)ccc3C2=O)C(=O)N1,-8.006503071
O=C(NCC[C@@H]1CCOc2ccccc21)c1ccc2c(c1)CNC2=O,-7.687386218
O=C(NCC[C@H]1CCOc2ccccc21)c1ccc2c(c1)CNC2=O,-7.670872945
N#CN1CC[C@H](c2cccc3c(-c4cccc(N5CCC(=O)NC5=O)c4)c[nH]c23)C1,-7.278175773
N#CN1CC[C@@H](c2cccc3c(-c4cccc(N5CCC(=O)NC5=O)c4)c[nH]c23)C1,-7.272877022
O=C1CC[C@H](N2Cc3ccc(NC(=O)c4ncccc4S(=O)(=O)F)cc3C2=O)C(=O)N1,-8.525254729
O=C1CC[C@@H](N2Cc3ccc(NC(=O)c4ncccc4S(=O)(=O)F)cc3C2=O)C(=O)N1,-8.477205734
O=C1CC[C@H](N2Cc3ccc(NC(=O)c4cccc(S(=O)(=O)F)n4)cc3C2=O)C(=O)N1,-8.970570832
O=C1CC[C@@H](N2Cc3ccc(NC(=O)c4cccc(S(=O)(=O)F)n4)cc3C2=O)C(=O)N1,-8.479043977
O=C1CC[C@H](N2Cc3ccc(NC(=O)c4cc(S(=O)(=O)F)ccn4)cc3C2=O)C(=O)N1,-8.890805058
O=C1CC[C@@H](N2Cc3ccc(NC(=O)c4cc(S(=O)(=O)F)ccn4)cc3C2=O)C(=O)N1,-8.970465542
Cc1cccnc1C(=O)Nc1ccc2c(c1)C(=O)N([C@@H]1CCC(=O)NC1=O)C2,-7.834274994
Cc1cccnc1C(=O)Nc1ccc2c(c1)C(=O)N([C@H]1CCC(=O)NC1=O)C2,-7.834422609
O=C1CC[C@H](N2Cc3ccc(C(=O)NC45CC(C4)C5)cc3C2=O)C(=O)N1,-7.978083362
O=C1CC[C@@H](N2Cc3ccc(C(=O)NC45CC(C4)C5)cc3C2=O)C(=O)N1,-8.042770978
N#CN1CC[C@H](c2cc3c(c(-c4cccc5c4CN([C@@H]4CCC(=O)NC4=O)C5=O)c2)OCCCO3)C1,-7.805029656
N#CN1CC[C@@H](c2cc3c(c(-c4cccc5c4CN([C@@H]4CCC(=O)NC4=O)C5=O)c2)OCCCO3)C1,-7.960062479
N#CN1CC[C@H](c2cc3c(c(-c4cccc5c4CN([C@H]4CCC(=O)NC4=O)C5=O)c2)OCCCO3)C1,-7.929014517
N#CN1CC[C@@H](c2cc3c(c(-c4cccc5c4CN([C@H]4CCC(=O)NC4=O)C5=O)c2)OCCCO3)C1,-7.687106175
N#CN1CCC(c2cccc(NC(=O)c3cccc4c3CN([C@@H]3CCC(=O)NC3=O)C4=O)n2)CC1,-7.839121271
N#CN1CCC(c2cccc(NC(=O)c3cccc4c3CN([C@H]3CCC(=O)NC3=O)C4=O)n2)CC1,-7.709041981
N#CN1CCC[C@H](c2ccc(-c3cccc4c3CN([C@@H]3CCC(=O)NC3=O)C4=O)[nH]2)C1,-7.854150136
N#CN1CCC[C@@H](c2ccc(-c3cccc4c3CN([C@@H]3CCC(=O)NC3=O)C4=O)[nH]2)C1,-7.735505011
N#CN1CCC[C@H](c2ccc(-c3cccc4c3CN([C@H]3CCC(=O)NC3=O)C4=O)[nH]2)C1,-7.787015455
N#CN1CCC[C@@H](c2ccc(-c3cccc4c3CN([C@H]3CCC(=O)NC3=O)C4=O)[nH]2)C1,-7.800794644
CN(C)CCc1ccc(CNC[C@]2(C)NC(=O)c3ccccc32)cc1,-7.037684304
CN(C)CCc1ccc(CNC[C@@]2(C)NC(=O)c3ccccc32)cc1,-7.056237745
O=C1CC[C@H](N2Cc3c(C#C[C@H](O)c4ccccc4)cccc3C2=O)C(=O)N1,-7.881690137
O=C1CC[C@@H](N2Cc3c(C#C[C@H](O)c4ccccc4)cccc3C2=O)C(=O)N1,-7.874303019
O=C1CC[C@H](N2Cc3c(C#C[C@@H](O)c4ccccc4)cccc3C2=O)C(=O)N1,-7.879127843
O=C1CC[C@@H](N2Cc3c(C#C[C@@H](O)c4ccccc4)cccc3C2=O)C(=O)N1,-7.878682318
C[C@](O)(C#Cc1cccc2c1CN([C@@H]1CCC(=O)NC1=O)C2=O)c1ccccc1,-7.862878288
C[C@@](O)(C#Cc1cccc2c1CN([C@@H]1CCC(=O)NC1=O)C2=O)c1ccccc1,-7.88823223
C[C@](O)(C#Cc1cccc2c1CN([C@H]1CCC(=O)NC1=O)C2=O)c1ccccc1,-7.934625406
C[C@@](O)(C#Cc1cccc2c1CN([C@H]1CCC(=O)NC1=O)C2=O)c1ccccc1,-7.936337515
O=C1CC[C@H](C(=O)NCc2cccc(S(=O)(=O)F)c2)N1,-7.817291128
O=C1CC[C@@H](C(=O)NCc2cccc(S(=O)(=O)F)c2)N1,-7.859027856
O=C1CC[C@H](C(=O)NCc2ccc(S(=O)(=O)F)cc2)N1,-7.81994845
O=C1CC[C@@H](C(=O)NCc2ccc(S(=O)(=O)F)cc2)N1,-7.856816376
O=C1CC[C@H](C(=O)NCc2ccccc2)N1,-7.820513598
O=C1CC[C@@H](C(=O)NCc2ccccc2)N1,-7.821780003
N#CN1CCC(c2cc3c(cc2C(=O)Nc2ccc([C@@H]4CCC(=O)NC4=O)cc2)CCC3)CC1,-7.67821241
N#CN1CCC(c2cc3c(cc2C(=O)Nc2ccc([C@H]4CCC(=O)NC4=O)cc2)CCC3)CC1,-7.678376174
O=C1CC[C@H](NC(=O)c2cn3cc(C(F)(F)F)ccc3n2)C(=O)N1,-8.291079729
O=C1CC[C@@H](NC(=O)c2cn3cc(C(F)(F)F)ccc3n2)C(=O)N1,-8.297924993
O=C1CC[C@H](NC(=O)c2cn3ccc(S(=O)(=O)F)cc3n2)C(=O)N1,-8.509955906
O=C1CC[C@@H](NC(=O)c2cn3ccc(S(=O)(=O)F)cc3n2)C(=O)N1,-8.689154953
O=C1CC[C@H](NC(=O)c2cn3cccc(S(=O)(=O)F)c3n2)C(=O)N1,-8.470361404
O=C1CC[C@@H](NC(=O)c2cn3cccc(S(=O)(=O)F)c3n2)C(=O)N1,-8.900517378
O=C1CC[C@H](NC(=O)c2cn3c(S(=O)(=O)F)cccc3n2)C(=O)N1,-8.603778374
O=C1CC[C@@H](NC(=O)c2cn3c(S(=O)(=O)F)cccc3n2)C(=O)N1,-8.75318264
Nc1c(C(=O)N[C@@H]2CCC(=O)NC2=O)nc2cccc(Br)n12,-8.323978693
Nc1c(C(=O)N[C@H]2CCC(=O)NC2=O)nc2cccc(Br)n12,-8.323378329
O=C1CC[C@H](NC(=O)c2cn3cccc(OS(=O)(=O)F)c3n2)C(=O)N1,-7.94994668
O=C1CC[C@@H](NC(=O)c2cn3cccc(OS(=O)(=O)F)c3n2)C(=O)N1,-8.040192015
CCc1c(C(=O)N[C@@H]2CCC(=O)NC2=O)nc2c(Br)cccn12,-7.852938346
CCc1c(C(=O)N[C@H]2CCC(=O)NC2=O)nc2c(Br)cccn12,-7.853270426
O=C1CC[C@H](NC(=O)c2cn3cc(Br)cc(Cl)c3n2)C(=O)N1,-8.224389737
O=C1CC[C@@H](NC(=O)c2cn3cc(Br)cc(Cl)c3n2)C(=O)N1,-8.224257563
O=C1CC[C@H](c2ccc(NC(=O)c3oc(S(=O)(=O)F)c4c3CCOC4)cc2)C(=O)N1,-8.543515295
O=C1CC[C@@H](c2ccc(NC(=O)c3oc(S(=O)(=O)F)c4c3CCOC4)cc2)C(=O)N1,-8.550815982
O=C1CC[C@H](c2ccc(NC(=O)c3occ4c3CCOC4)cc2)C(=O)N1,-7.630753698
O=C1CC[C@@H](c2ccc(NC(=O)c3occ4c3CCOC4)cc2)C(=O)N1,-7.632829798
N#CN1CCC[C@H](c2cncc(-c3cccc4c3CN([C@@H]3CCC(=O)NC3=O)C4=O)c2)C1,-7.903124379
N#CN1CCC[C@@H](c2cncc(-c3cccc4c3CN([C@@H]3CCC(=O)NC3=O)C4=O)c2)C1,-7.839126576
N#CN1CCC[C@H](c2cncc(-c3cccc4c3CN([C@H]3CCC(=O)NC3=O)C4=O)c2)C1,-7.883182684
N#CN1CCC[C@@H](c2cncc(-c3cccc4c3CN([C@H]3CCC(=O)NC3=O)C4=O)c2)C1,-7.872218051
O=C1CC[C@H](N2CCc3c(cccc3S(=O)(=O)F)C2)C(=O)N1,-7.977941334
O=C1CC[C@@H](N2CCc3c(cccc3S(=O)(=O)F)C2)C(=O)N1,-7.96459365
O=C1CC[C@H](N2CCc3c(Cl)cccc3C2)C(=O)N1,-7.806621796
O=C1CC[C@@H](N2CCc3c(Cl)cccc3C2)C(=O)N1,-7.801543661
Nc1cccc2c1ccn2CC(=O)Nc1ccc(N[C@@H]2CCC(=O)NC2=O)cc1,-7.946651939
Nc1cccc2c1ccn2CC(=O)Nc1ccc(N[C@H]2CCC(=O)NC2=O)cc1,-7.897302238
O=C1CC[C@H](NC(=O)c2cn3c4c(cc(S(=O)(=O)F)cc4c2=O)OCC3)C(=O)N1,-8.669495124
O=C1CC[C@@H](NC(=O)c2cn3c4c(cc(S(=O)(=O)F)cc4c2=O)OCC3)C(=O)N1,-8.443813927
C[C@@H]1COc2c(F)c(F)cc3c(=O)c(C(=O)N[C@@H]4CCC(=O)NC4=O)cn1c23,-8.21986653
C[C@H]1COc2c(F)c(F)cc3c(=O)c(C(=O)N[C@@H]4CCC(=O)NC4=O)cn1c23,-8.232975087
C[C@@H]1COc2c(F)c(F)cc3c(=O)c(C(=O)N[C@H]4CCC(=O)NC4=O)cn1c23,-8.223363085
C[C@H]1COc2c(F)c(F)cc3c(=O)c(C(=O)N[C@H]4CCC(=O)NC4=O)cn1c23,-8.219598591
O=C1CC[C@H](NC(=O)c2ccc3sc4ccccc4c3c2)C(=O)N1,-8.003850765
O=C1CC[C@@H](NC(=O)c2ccc3sc4ccccc4c3c2)C(=O)N1,-8.003694505
O=C1CC[C@H](N2C(=O)c3ccc(C(=O)NCc4ccc[nH]4)cc3C2=O)C(=O)N1,-8.996058064
O=C1CC[C@@H](N2C(=O)c3ccc(C(=O)NCc4ccc[nH]4)cc3C2=O)C(=O)N1,-9.003747198
N#CN1CC[C@H](c2cccnc2-c2ncc(C(=O)N[C@@H]3CCC(=O)NC3=O)s2)C1,-8.42498511
N#CN1CC[C@@H](c2cccnc2-c2ncc(C(=O)N[C@@H]3CCC(=O)NC3=O)s2)C1,-8.418169232
N#CN1CC[C@H](c2cccnc2-c2ncc(C(=O)N[C@H]3CCC(=O)NC3=O)s2)C1,-8.412308242
N#CN1CC[C@@H](c2cccnc2-c2ncc(C(=O)N[C@H]3CCC(=O)NC3=O)s2)C1,-8.526332207
C=C(F)C(=O)N1CCC(C(=O)Nc2ccc3c(c2)C(=O)NC3=O)CC1,-8.670256784
O=C1CC[C@H](N2Cc3c(cc(S(=O)(=O)F)cc3N3CCNCC3)C2=O)C(=O)N1,-8.161444088
O=C1CC[C@@H](N2Cc3c(cc(S(=O)(=O)F)cc3N3CCNCC3)C2=O)C(=O)N1,-8.280878438
O=C1CC[C@H](N2Cc3c(ccc(S(=O)(=O)F)c3N3CCNCC3)C2=O)C(=O)N1,-8.148453122
O=C1CC[C@@H](N2Cc3c(ccc(S(=O)(=O)F)c3N3CCNCC3)C2=O)C(=O)N1,-8.215601524
O=C1CC[C@H](N2Cc3c(cccc3N3CCNCC3)C2=O)C(=O)N1,-7.846787662
O=C1CC[C@@H](N2Cc3c(cccc3N3CCNCC3)C2=O)C(=O)N1,-7.842240728
O=C1CC[C@H](N2Cc3ccc(C(=O)N4CC[C@@H]5CCCC[C@@H]54)cc3C2=O)C(=O)N1,-7.791270857
O=C1CC[C@@H](N2Cc3ccc(C(=O)N4CC[C@@H]5CCCC[C@@H]54)cc3C2=O)C(=O)N1,-7.891326735
O=C1CC[C@H](N2Cc3ccc(C(=O)N4CC[C@H]5CCCC[C@@H]54)cc3C2=O)C(=O)N1,-7.855563349
O=C1CC[C@@H](N2Cc3ccc(C(=O)N4CC[C@H]5CCCC[C@@H]54)cc3C2=O)C(=O)N1,-7.768357247
O=C1CC[C@H](N2Cc3ccc(C(=O)N4CC[C@@H]5CCCC[C@H]54)cc3C2=O)C(=O)N1,-7.941081394
O=C1CC[C@@H](N2Cc3ccc(C(=O)N4CC[C@@H]5CCCC[C@H]54)cc3C2=O)C(=O)N1,-7.951812233
O=C1CC[C@H](N2Cc3ccc(C(=O)N4CC[C@H]5CCCC[C@H]54)cc3C2=O)C(=O)N1,-7.942060031
O=C1CC[C@@H](N2Cc3ccc(C(=O)N4CC[C@H]5CCCC[C@H]54)cc3C2=O)C(=O)N1,-7.926623265
CNc1c(C(=O)N[C@@H]2CCC(=O)NC2=O)sc2nccnc12,-8.432901499
CNc1c(C(=O)N[C@H]2CCC(=O)NC2=O)sc2nccnc12,-8.433003461
O=C1CC[C@H](NC(=O)c2cc3nc(S(=O)(=O)F)cnc3s2)C(=O)N1,-9.364833973
O=C1CC[C@@H](NC(=O)c2cc3nc(S(=O)(=O)F)cnc3s2)C(=O)N1,-9.383041863
O=C1CC[C@H](NC(=O)c2nncc3c2CCCC3)C(=O)N1,-7.945159299
O=C1CC[C@@H](NC(=O)c2nncc3c2CCCC3)C(=O)N1,-7.945030553
O=C1CC[C@H](NC(=O)c2nnc(S(=O)(=O)F)c3c2CCCC3)C(=O)N1,-8.897193539
O=C1CC[C@@H](NC(=O)c2nnc(S(=O)(=O)F)c3c2CCCC3)C(=O)N1,-8.882608247
O=C1CC[C@H](N2Cc3cc(CNC(=O)c4coc5ccccc45)ccc3C2=O)C(=O)N1,-7.896379484
O=C1CC[C@@H](N2Cc3cc(CNC(=O)c4coc5ccccc45)ccc3C2=O)C(=O)N1,-7.893704536
O=C1CC[C@H](N2Cc3cc(NCc4ccccc4)ccc3C2=O)C(=O)N1,-7.750055105
O=C1CC[C@@H](N2Cc3cc(NCc4ccccc4)ccc3C2=O)C(=O)N1,-7.790229695
C#Cc1ccc(CNc2ccc3c(c2)CN([C@@H]2CCC(=O)NC2=O)C3=O)cc1,-7.75834622
C#Cc1ccc(CNc2ccc3c(c2)CN([C@H]2CCC(=O)NC2=O)C3=O)cc1,-7.759921097
COc1ccc(CNc2ccc3c(c2)CN([C@@H]2CCC(=O)NC2=O)C3=O)cc1,-7.757779731
COc1ccc(CNc2ccc3c(c2)CN([C@H]2CCC(=O)NC2=O)C3=O)cc1,-7.735719491
COc1ccccc1CNc1ccc2c(c1)CN([C@@H]1CCC(=O)NC1=O)C2=O,-7.954068581
COc1ccccc1CNc1ccc2c(c1)CN([C@H]1CCC(=O)NC1=O)C2=O,-7.944454581
N#CN1CCC[C@H](c2cn(-c3ccc4c(c3)C(=O)N([C@@H]3CCC(=O)NC3=O)C4)nn2)C1,-7.906242094
N#CN1CCC[C@@H](c2cn(-c3ccc4c(c3)C(=O)N([C@@H]3CCC(=O)NC3=O)C4)nn2)C1,-8.045464652
N#CN1CCC[C@H](c2cn(-c3ccc4c(c3)C(=O)N([C@H]3CCC(=O)NC3=O)C4)nn2)C1,-8.027468931
N#CN1CCC[C@@H](c2cn(-c3ccc4c(c3)C(=O)N([C@H]3CCC(=O)NC3=O)C4)nn2)C1,-8.074183108
O=C1CC[C@H](N2C(=O)C=C(NC3(c4cccc(F)c4)CC3)C2=O)C(=O)N1,-8.642537767
O=C1CC[C@@H](N2C(=O)C=C(NC3(c4cccc(F)c4)CC3)C2=O)C(=O)N1,-8.642037672
Cc1cnn([C@H](C)C(=O)NCc2ocnc2C(=O)N[C@@H]2CCC(=O)NC2=O)c1,-7.868720309
Cc1cnn([C@@H](C)C(=O)NCc2ocnc2C(=O)N[C@@H]2CCC(=O)NC2=O)c1,-7.938061226
Cc1cnn([C@H](C)C(=O)NCc2ocnc2C(=O)N[C@H]2CCC(=O)NC2=O)c1,-7.984390819
Cc1cnn([C@@H](C)C(=O)NCc2ocnc2C(=O)N[C@H]2CCC(=O)NC2=O)c1,-7.925521558
N#CN1CC[C@H](c2cc3n(n2)C[C@H](NC(=O)c2cccc(N4CCC(=O)NC4=O)c2)CO3)C1,-7.458291432
N#CN1CC[C@@H](c2cc3n(n2)C[C@H](NC(=O)c2cccc(N4CCC(=O)NC4=O)c2)CO3)C1,-7.346752438
N#CN1CC[C@H](c2cc3n(n2)C[C@@H](NC(=O)c2cccc(N4CCC(=O)NC4=O)c2)CO3)C1,-7.617413142
N#CN1CC[C@@H](c2cc3n(n2)C[C@@H](NC(=O)c2cccc(N4CCC(=O)NC4=O)c2)CO3)C1,-7.572851924
N#CN1CCC[C@H](c2cncc(-c3ccc4c(c3)CN([C@@H]3CCC(=O)NC3=O)C4=O)c2)C1,-7.958394298
N#CN1CCC[C@@H](c2cncc(-c3ccc4c(c3)CN([C@@H]3CCC(=O)NC3=O)C4=O)c2)C1,-7.987049621
N#CN1CCC[C@H](c2cncc(-c3ccc4c(c3)CN([C@H]3CCC(=O)NC3=O)C4=O)c2)C1,-8.03552806
N#CN1CCC[C@@H](c2cncc(-c3ccc4c(c3)CN([C@H]3CCC(=O)NC3=O)C4=O)c2)C1,-7.972799536
CCc1onc([C@@H]2CCCOC2)c1C(=O)N[C@@H]1CCC(=O)NC1=O,-8.133344734
CCc1onc([C@H]2CCCOC2)c1C(=O)N[C@@H]1CCC(=O)NC1=O,-8.140263181
CCc1onc([C@@H]2CCCOC2)c1C(=O)N[C@H]1CCC(=O)NC1=O,-8.13195349
CCc1onc([C@H]2CCCOC2)c1C(=O)N[C@H]1CCC(=O)NC1=O,-8.118902979
O=C1CN(C(=O)Nc2ccc3c(c2)CN([C@@H]2CCC(=O)NC2=O)C3=O)CN1,-7.848447723
O=C1CN(C(=O)Nc2ccc3c(c2)CN([C@H]2CCC(=O)NC2=O)C3=O)CN1,-7.842514449
N#CN1CCC[C@H](c2cc3c(cc2-c2ccc4c(c2)CN([C@@H]2CCC(=O)NC2=O)C4=O)CCC3=O)C1,-8.010066015
N#CN1CCC[C@@H](c2cc3c(cc2-c2ccc4c(c2)CN([C@@H]2CCC(=O)NC2=O)C4=O)CCC3=O)C1,-7.95557721
N#CN1CCC[C@H](c2cc3c(cc2-c2ccc4c(c2)CN([C@H]2CCC(=O)NC2=O)C4=O)CCC3=O)C1,-8.050624121
N#CN1CCC[C@@H](c2cc3c(cc2-c2ccc4c(c2)CN([C@H]2CCC(=O)NC2=O)C4=O)CCC3=O)C1,-8.041990485
Cc1nc(N(C)[C@@H]2CCC(=O)NC2=O)c(C)c(-n2cccn2)n1,-7.744737471
Cc1nc(N(C)[C@H]2CCC(=O)NC2=O)c(C)c(-n2cccn2)n1,-7.746044532
Cc1nn(-c2cc(N[C@@H]3CCC(=O)NC3=O)ncn2)c(C)c1Br,-7.926731117
Cc1nn(-c2cc(N[C@H]3CCC(=O)NC3=O)ncn2)c(C)c1Br,-7.925895796
O=C1CC[C@H](NC(=O)c2cc3cc(-c4ccccc4)ccc3[nH]2)C(=O)N1,-7.894557646
O=C1CC[C@@H](NC(=O)c2cc3cc(-c4ccccc4)ccc3[nH]2)C(=O)N1,-7.893939067
O=C1CC[C@H](NC(=O)c2c(Cl)cccc2OCC2CC2)C(=O)N1,-7.899319832
O=C1CC[C@@H](NC(=O)c2c(Cl)cccc2OCC2CC2)C(=O)N1,-7.899457361
O=C1CC[C@H](N2Cc3cc(NCc4cccc5c4oc4ccccc45)ccc3C2=O)C(=O)N1,-7.771570714
O=C1CC[C@@H](N2Cc3cc(NCc4cccc5c4oc4ccccc45)ccc3C2=O)C(=O)N1,-7.765616748
O=C1CC[C@H](N2Cc3c(NC(=O)CNc4ccnc(-c5ccc(F)cc5)n4)cccc3C2=O)C(=O)N1,-8.182608141
O=C1CC[C@@H](N2Cc3c(NC(=O)CNc4ccnc(-c5ccc(F)cc5)n4)cccc3C2=O)C(=O)N1,-7.994578486
O=C1CC[C@H](NC(=O)c2sc3c(c2S(=O)(=O)F)CCc2ccccc2-3)C(=O)N1,-8.267218295
O=C1CC[C@@H](NC(=O)c2sc3c(c2S(=O)(=O)F)CCc2ccccc2-3)C(=O)N1,-8.215397717
O=C1CC[C@H](NC(=O)c2cc3c(s2)-c2c(cccc2S(=O)(=O)F)CC3)C(=O)N1,-8.24995489
O=C1CC[C@@H](NC(=O)c2cc3c(s2)-c2c(cccc2S(=O)(=O)F)CC3)C(=O)N1,-8.195443262
O=C1CC[C@H](NC(=O)c2cc3c(s2)-c2ccc(OS(=O)(=O)F)cc2CC3)C(=O)N1,-8.071598124
O=C1CC[C@@H](NC(=O)c2cc3c(s2)-c2ccc(OS(=O)(=O)F)cc2CC3)C(=O)N1,-8.148203875
O=C1CC[C@H](NC(=O)c2cc3c(s2)-c2c(cccc2OS(=O)(=O)F)CC3)C(=O)N1,-8.147559644
O=C1CC[C@@H](NC(=O)c2cc3c(s2)-c2c(cccc2OS(=O)(=O)F)CC3)C(=O)N1,-8.162102095
O=C1CC[C@H](NC(=O)c2cc3c(s2)-c2cc(OS(=O)(=O)F)ccc2CC3)C(=O)N1,-8.073371821
O=C1CC[C@@H](NC(=O)c2cc3c(s2)-c2cc(OS(=O)(=O)F)ccc2CC3)C(=O)N1,-8.159330185
O=C1CC[C@H](NC(=O)c2cc3c(s2)-c2cccc(OS(=O)(=O)F)c2CC3)C(=O)N1,-8.149543304
O=C1CC[C@@H](NC(=O)c2cc3c(s2)-c2cccc(OS(=O)(=O)F)c2CC3)C(=O)N1,-8.146593943
COc1ccc2c(c1)CCc1cc(C(=O)N[C@@H]3CCC(=O)NC3=O)sc1-2,-7.891772989
COc1ccc2c(c1)CCc1cc(C(=O)N[C@H]3CCC(=O)NC3=O)sc1-2,-7.89283599
CN(CC(=O)Nc1cccc([C@@H]2CCC(=O)NC2=O)c1)c1ccc(C#N)cc1F,-7.781359421
CN(CC(=O)Nc1cccc([C@H]2CCC(=O)NC2=O)c1)c1ccc(C#N)cc1F,-7.801078501
N#CN1CCC[C@H](c2cc(C(=O)Nc3ccc([C@@H]4CCC(=O)NC4=O)cc3)cc3c2CCC3)C1,-7.416574926
N#CN1CCC[C@@H](c2cc(C(=O)Nc3ccc([C@@H]4CCC(=O)NC4=O)cc3)cc3c2CCC3)C1,-7.652294876
N#CN1CCC[C@H](c2cc(C(=O)Nc3ccc([C@H]4CCC(=O)NC4=O)cc3)cc3c2CCC3)C1,-7.470452393
N#CN1CCC[C@@H](c2cc(C(=O)Nc3ccc([C@H]4CCC(=O)NC4=O)cc3)cc3c2CCC3)C1,-7.663507342
N#CN1CCC(c2cccc3c2[C@H](C(=O)Nc2ccc([C@@H]4CCC(=O)NC4=O)cc2)OCC3)CC1,-7.649141511
N#CN1CCC(c2cccc3c2[C@@H](C(=O)Nc2ccc([C@@H]4CCC(=O)NC4=O)cc2)OCC3)CC1,-7.711049772
N#CN1CCC(c2cccc3c2[C@H](C(=O)Nc2ccc([C@H]4CCC(=O)NC4=O)cc2)OCC3)CC1,-7.656121735
N#CN1CCC(c2cccc3c2[C@@H](C(=O)Nc2ccc([C@H]4CCC(=O)NC4=O)cc2)OCC3)CC1,-7.677028623
N#CN1CCC[C@H](c2cccc3c2N=C(C(=O)Nc2cccc([C@@H]4CCC(=O)NC4=O)c2)C3)C1,-8.395005577
N#CN1CCC[C@@H](c2cccc3c2N=C(C(=O)Nc2cccc([C@@H]4CCC(=O)NC4=O)c2)C3)C1,-8.265340398
N#CN1CCC[C@H](c2cccc3c2N=C(C(=O)Nc2cccc([C@H]4CCC(=O)NC4=O)c2)C3)C1,-8.363634662
N#CN1CCC[C@@H](c2cccc3c2N=C(C(=O)Nc2cccc([C@H]4CCC(=O)NC4=O)c2)C3)C1,-8.387087427
O=C1CC[C@H](N2C(=O)c3ccc(NC(=O)c4cnccn4)cc3C2=O)C(=O)N1,-8.915852247
O=C1CC[C@@H](N2C(=O)c3ccc(NC(=O)c4cnccn4)cc3C2=O)C(=O)N1,-8.857034957
N#CN1CCC[C@H](c2ocnc2-c2ccc3c(c2)CN([C@@H]2CCC(=O)NC2=O)C3=O)C1,-7.733215509
N#CN1CCC[C@@H](c2ocnc2-c2ccc3c(c2)CN([C@@H]2CCC(=O)NC2=O)C3=O)C1,-7.697614338
N#CN1CCC[C@H](c2ocnc2-c2ccc3c(c2)CN([C@H]2CCC(=O)NC2=O)C3=O)C1,-7.848042632
N#CN1CCC[C@@H](c2ocnc2-c2ccc3c(c2)CN([C@H]2CCC(=O)NC2=O)C3=O)C1,-7.849507995
N#CN1CC[C@H](c2ccc(-c3ccc(C(=O)N[C@@H]4CCC(=O)NC4=O)o3)cc2)C1,-7.918951332
N#CN1CC[C@@H](c2ccc(-c3ccc(C(=O)N[C@@H]4CCC(=O)NC4=O)o3)cc2)C1,-7.993061072
N#CN1CC[C@H](c2ccc(-c3ccc(C(=O)N[C@H]4CCC(=O)NC4=O)o3)cc2)C1,-7.938537269
N#CN1CC[C@@H](c2ccc(-c3ccc(C(=O)N[C@H]4CCC(=O)NC4=O)o3)cc2)C1,-7.986943744
N#CN1CC[C@H](c2ccccc2-c2ccc3c(c2)CN([C@@H]2CCC(=O)NC2=O)C3=O)C1,-7.941885006
N#CN1CC[C@@H](c2ccccc2-c2ccc3c(c2)CN([C@@H]2CCC(=O)NC2=O)C3=O)C1,-7.933247002
N#CN1CC[C@H](c2ccccc2-c2ccc3c(c2)CN([C@H]2CCC(=O)NC2=O)C3=O)C1,-7.957616784
N#CN1CC[C@@H](c2ccccc2-c2ccc3c(c2)CN([C@H]2CCC(=O)NC2=O)C3=O)C1,-7.947729716
N#CN1CC[C@H](c2ccc(-c3cccc4c3CN([C@@H]3CCC(=O)NC3=O)C4=O)nc2)C1,-7.958280209
N#CN1CC[C@@H](c2ccc(-c3cccc4c3CN([C@@H]3CCC(=O)NC3=O)C4=O)nc2)C1,-7.946465551
N#CN1CC[C@H](c2ccc(-c3cccc4c3CN([C@H]3CCC(=O)NC3=O)C4=O)nc2)C1,-7.872466402
N#CN1CC[C@@H](c2ccc(-c3cccc4c3CN([C@H]3CCC(=O)NC3=O)C4=O)nc2)C1,-7.883061853
N#CN1CC[C@H](c2cccc(-n3ncc(C(=O)N[C@@H]4CCC(=O)NC4=O)n3)c2)C1,-7.807059411
N#CN1CC[C@@H](c2cccc(-n3ncc(C(=O)N[C@@H]4CCC(=O)NC4=O)n3)c2)C1,-8.218138537
N#CN1CC[C@H](c2cccc(-n3ncc(C(=O)N[C@H]4CCC(=O)NC4=O)n3)c2)C1,-8.225422432
N#CN1CC[C@@H](c2cccc(-n3ncc(C(=O)N[C@H]4CCC(=O)NC4=O)n3)c2)C1,-8.196981014
N#CN1CC[C@H](c2ccc(-n3cncc3C(=O)N[C@@H]3CCC(=O)NC3=O)cc2)C1,-7.790434617
N#CN1CC[C@@H](c2ccc(-n3cncc3C(=O)N[C@@H]3CCC(=O)NC3=O)cc2)C1,-8.143480576
N#CN1CC[C@H](c2ccc(-n3cncc3C(=O)N[C@H]3CCC(=O)NC3=O)cc2)C1,-8.073361711
N#CN1CC[C@@H](c2ccc(-n3cncc3C(=O)N[C@H]3CCC(=O)NC3=O)cc2)C1,-7.768841174
N#CN1CCC(c2cc3c(cc2-c2cccc4c2CN([C@@H]2CCC(=O)NC2=O)C4=O)CCN3)CC1,-7.902014892
N#CN1CCC(c2cc3c(cc2-c2cccc4c2CN([C@H]2CCC(=O)NC2=O)C4=O)CCN3)CC1,-7.631915347
N#CN1CCC[C@H](c2nc(C(=O)Nc3ccc([C@@H]4CCC(=O)NC4=O)cc3)c[nH]2)C1,-7.700750763
N#CN1CCC[C@@H](c2nc(C(=O)Nc3ccc([C@@H]4CCC(=O)NC4=O)cc3)c[nH]2)C1,-7.756276887
N#CN1CCC[C@H](c2nc(C(=O)Nc3ccc([C@H]4CCC(=O)NC4=O)cc3)c[nH]2)C1,-7.78831021
N#CN1CCC[C@@H](c2nc(C(=O)Nc3ccc([C@H]4CCC(=O)NC4=O)cc3)c[nH]2)C1,-7.697670188
N#CN1CCC[C@H](c2ccncc2-c2ccc3c(c2)C(=O)N([C@@H]2CCC(=O)NC2=O)C3)C1,-7.784608177
N#CN1CCC[C@@H](c2ccncc2-c2ccc3c(c2)C(=O)N([C@@H]2CCC(=O)NC2=O)C3)C1,-8.028714724
N#CN1CCC[C@H](c2ccncc2-c2ccc3c(c2)C(=O)N([C@H]2CCC(=O)NC2=O)C3)C1,-7.777706154
N#CN1CCC[C@@H](c2ccncc2-c2ccc3c(c2)C(=O)N([C@H]2CCC(=O)NC2=O)C3)C1,-7.947160041
O=C(CC[C@@H]1CCCOC1)NCc1ccc(C(=O)N[C@@H]2CCC(=O)NC2=O)o1,-7.931426327
O=C(CC[C@H]1CCCOC1)NCc1ccc(C(=O)N[C@@H]2CCC(=O)NC2=O)o1,-7.99957652
O=C(CC[C@@H]1CCCOC1)NCc1ccc(C(=O)N[C@H]2CCC(=O)NC2=O)o1,-7.861680004
O=C(CC[C@H]1CCCOC1)NCc1ccc(C(=O)N[C@H]2CCC(=O)NC2=O)o1,-7.997806398
CCc1[nH]c(-c2ccccc2)nc1C(=O)N[C@@H]1CCC(=O)NC1=O,-7.704546335
CCc1[nH]c(-c2ccccc2)nc1C(=O)N[C@H]1CCC(=O)NC1=O,-7.703631244
N#CN1CCC(c2ccnc(NC(=O)c3cccc4c3CN([C@@H]3CCC(=O)NC3=O)C4=O)c2)CC1,-8.070040434
N#CN1CCC(c2ccnc(NC(=O)c3cccc4c3CN([C@H]3CCC(=O)NC3=O)C4=O)c2)CC1,-7.981685999
Cc1nc(C(=O)N[C@@H]2CCC(=O)NC2=O)n2c1CCC2,-7.767446564
Cc1nc(C(=O)N[C@H]2CCC(=O)NC2=O)n2c1CCC2,-7.766693904
N#CN1CC[C@H](c2cccc(-c3ccc(C(=O)N[C@@H]4CCC(=O)NC4=O)o3)c2)C1,-7.96448077
N#CN1CC[C@@H](c2cccc(-c3ccc(C(=O)N[C@@H]4CCC(=O)NC4=O)o3)c2)C1,-7.966622834
N#CN1CC[C@H](c2cccc(-c3ccc(C(=O)N[C@H]4CCC(=O)NC4=O)o3)c2)C1,-7.935881164
N#CN1CC[C@@H](c2cccc(-c3ccc(C(=O)N[C@H]4CCC(=O)NC4=O)o3)c2)C1,-7.923830085
N#CN1CCC[C@H](c2cc(-c3cccc4c3CN([C@@H]3CCC(=O)NC3=O)C4=O)co2)C1,-7.526539482
N#CN1CCC[C@@H](c2cc(-c3cccc4c3CN([C@@H]3CCC(=O)NC3=O)C4=O)co2)C1,-7.922537805
N#CN1CCC[C@H](c2cc(-c3cccc4c3CN([C@H]3CCC(=O)NC3=O)C4=O)co2)C1,-7.87667178
N#CN1CCC[C@@H](c2cc(-c3cccc4c3CN([C@H]3CCC(=O)NC3=O)C4=O)co2)C1,-7.922542383
O=C1CC[C@H](NC(=O)c2ccc(-c3cccc4cccnc34)o2)C(=O)N1,-8.146934837
O=C1CC[C@@H](NC(=O)c2ccc(-c3cccc4cccnc34)o2)C(=O)N1,-8.146932151
O=C1CC[C@H](N2Cc3c(Nc4ccnc(Nc5ccc6c(c5)CCCC6)n4)cccc3C2=O)C(=O)N1,-7.939774847
O=C1CC[C@@H](N2Cc3c(Nc4ccnc(Nc5ccc6c(c5)CCCC6)n4)cccc3C2=O)C(=O)N1,-7.948930143
O=C1CC[C@H](N2Cc3cc(NC(=O)c4ccc5occc5c4)ccc3C2=O)C(=O)N1,-7.827031485
O=C1CC[C@@H](N2Cc3cc(NC(=O)c4ccc5occc5c4)ccc3C2=O)C(=O)N1,-7.835060167
O=C1CC[C@H](n2cc(CCOc3ccccc3)nn2)C(=O)N1,-8.219058635
O=C1CC[C@@H](n2cc(CCOc3ccccc3)nn2)C(=O)N1,-7.966553905
N#CN1CCC[C@H](c2cc(Nc3ccc([C@@H]4CCC(=O)NC4=O)cc3)ccn2)C1,-7.6766283
N#CN1CCC[C@@H](c2cc(Nc3ccc([C@@H]4CCC(=O)NC4=O)cc3)ccn2)C1,-7.697148819
N#CN1CCC[C@H](c2cc(Nc3ccc([C@H]4CCC(=O)NC4=O)cc3)ccn2)C1,-7.71543611
N#CN1CCC[C@@H](c2cc(Nc3ccc([C@H]4CCC(=O)NC4=O)cc3)ccn2)C1,-7.704097325
O=C1CC[C@H](NC(=O)c2ccnc(COc3ccccc3)n2)C(=O)N1,-8.000216353
O=C1CC[C@@H](NC(=O)c2ccnc(COc3ccccc3)n2)C(=O)N1,-8.000137152
COc1ccc(CCC(=O)Nc2ccc3c(c2)CN([C@@H]2CCC(=O)NC2=O)C3=O)cc1,-8.645490709
COc1ccc(CCC(=O)Nc2ccc3c(c2)CN([C@H]2CCC(=O)NC2=O)C3=O)cc1,-7.735797633
CCc1cn2c(C(=O)Nc3ccc(N[C@@H]4CCC(=O)NC4=O)cc3)cccc2n1,-7.904910211
CCc1cn2c(C(=O)Nc3ccc(N[C@H]4CCC(=O)NC4=O)cc3)cccc2n1,-7.834297689
Cc1cccc2c1CN([C@@H]1CCCC(=O)NC1=O)C2=O,-7.685253512
Cc1cccc2c1CN([C@H]1CCCC(=O)NC1=O)C2=O,-7.685845371
N#CN1CCC[C@H](c2ccnn2-c2ccnc(C(=O)N[C@@H]3CCC(=O)NC3=O)n2)C1,-8.04257292
N#CN1CCC[C@@H](c2ccnn2-c2ccnc(C(=O)N[C@@H]3CCC(=O)NC3=O)n2)C1,-8.165549006
N#CN1CCC[C@H](c2ccnn2-c2ccnc(C(=O)N[C@H]3CCC(=O)NC3=O)n2)C1,-8.382446466
N#CN1CCC[C@@H](c2ccnn2-c2ccnc(C(=O)N[C@H]3CCC(=O)NC3=O)n2)C1,-8.367882482
O=C1CC[C@H](NC(=O)c2cccs2)C(=O)N1,-7.978550072
O=C1CC[C@@H](NC(=O)c2cccs2)C(=O)N1,-7.97834211
O=C1CC[C@H](NC(=O)c2cc(S(=O)(=O)F)cs2)C(=O)N1,-8.593302229
O=C1CC[C@@H](NC(=O)c2cc(S(=O)(=O)F)cs2)C(=O)N1,-8.395784063
O=C1CC[C@H](NC(=O)c2ccc(S(=O)(=O)F)s2)C(=O)N1,-8.59340551
O=C1CC[C@@H](NC(=O)c2ccc(S(=O)(=O)F)s2)C(=O)N1,-8.666142818
CS(C)(=O)=Nc1ccc(C(=O)N[C@@H]2CCC(=O)NC2=O)s1,-7.779426601
CS(C)(=O)=Nc1ccc(C(=O)N[C@H]2CCC(=O)NC2=O)s1,-7.760352366
Cc1ccsc1C(=O)N[C@@H]1CCC(=O)NC1=O,-7.944381287
Cc1ccsc1C(=O)N[C@H]1CCC(=O)NC1=O,-7.945819203
CNS(=O)(=O)c1csc(C(=O)N[C@@H]2CCC(=O)NC2=O)c1,-8.270911257
CNS(=O)(=O)c1csc(C(=O)N[C@H]2CCC(=O)NC2=O)c1,-8.252247255
O=C1CC[C@H](NC(=O)c2ccc(C(F)(F)C(F)(F)F)s2)C(=O)N1,-8.312491273
O=C1CC[C@@H](NC(=O)c2ccc(C(F)(F)C(F)(F)F)s2)C(=O)N1,-8.584469997
COc1c(C(=O)N[C@@H]2CCC(=O)NC2=O)sc(S(N)(=O)=O)c1OC,-8.241680039
COc1c(C(=O)N[C@H]2CCC(=O)NC2=O)sc(S(N)(=O)=O)c1OC,-8.292969236
CC(C)c1ccsc1C(=O)N[C@@H]1CCC(=O)NC1=O,-7.942517848
CC(C)c1ccsc1C(=O)N[C@H]1CCC(=O)NC1=O,-7.930167319
CCn1cc(C(=O)N[C@@H]2CCC(=O)NC2=O)c(-c2cnn(C)c2)n1,-7.937303283
CCn1cc(C(=O)N[C@H]2CCC(=O)NC2=O)c(-c2cnn(C)c2)n1,-7.911593627
O=C1CC[C@H](N2Cc3ccc(C(=O)N[C@@H]4CCCCNC4)cc3C2=O)C(=O)N1,-8.057325583
O=C1CC[C@@H](N2Cc3ccc(C(=O)N[C@@H]4CCCCNC4)cc3C2=O)C(=O)N1,-7.920941488
O=C1CC[C@H](N2Cc3ccc(C(=O)N[C@H]4CCCCNC4)cc3C2=O)C(=O)N1,-7.946467918
O=C1CC[C@@H](N2Cc3ccc(C(=O)N[C@H]4CCCCNC4)cc3C2=O)C(=O)N1,-7.913216429
N#CN1CC[C@H](c2oc(C(=O)Nc3ccc([C@@H]4CCC(=O)NC4=O)cc3)c3c2COCC3)C1,-7.576264156
N#CN1CC[C@@H](c2oc(C(=O)Nc3ccc([C@@H]4CCC(=O)NC4=O)cc3)c3c2COCC3)C1,-7.623875955
N#CN1CC[C@H](c2oc(C(=O)Nc3ccc([C@H]4CCC(=O)NC4=O)cc3)c3c2COCC3)C1,-7.578954983
N#CN1CC[C@@H](c2oc(C(=O)Nc3ccc([C@H]4CCC(=O)NC4=O)cc3)c3c2COCC3)C1,-7.578587902
O=C(C#Cc1ccc(F)cc1F)Nc1ccc(N[C@@H]2CCC(=O)NC2=O)cc1,-7.985144406
O=C(C#Cc1ccc(F)cc1F)Nc1ccc(N[C@H]2CCC(=O)NC2=O)cc1,-7.985138342
O=C1NCc2nc(N3C[C@@H](C(F)(F)F)[C@@H](F)C3)c(Cl)cc21,-7.872053229
O=C1NCc2nc(N3C[C@@H](F)[C@H](C(F)(F)F)C3)c(Cl)cc21,-7.76504432
O=C1NCc2nc(N3C[C@H](F)[C@@H](C(F)(F)F)C3)c(Cl)cc21,-7.760647341
O=C1NCc2nc(N3C[C@@H](F)[C@@H](C(F)(F)F)C3)c(Cl)cc21,-7.851890644
N#CN1CCC(c2nnc(-c3cccc4c3CN([C@@H]3CCC(=O)NC3=O)C4=O)s2)CC1,-8.266255914
N#CN1CCC(c2nnc(-c3cccc4c3CN([C@H]3CCC(=O)NC3=O)C4=O)s2)CC1,-8.239662034
O=C1CC[C@H](c2cccc(NC(=O)c3cncc(-n4ccnn4)c3)c2)C(=O)N1,-8.960935806
O=C1CC[C@@H](c2cccc(NC(=O)c3cncc(-n4ccnn4)c3)c2)C(=O)N1,-8.959517579
O=C1NCCOc2ccc(S(=O)(=O)Nc3cccc4c3C(=O)NC4)cc21,-7.664627528
N#CN1CC[C@H](c2ccc(-c3ocnc3C(=O)N[C@@H]3CCC(=O)NC3=O)cc2)C1,-7.900094862
N#CN1CC[C@@H](c2ccc(-c3ocnc3C(=O)N[C@@H]3CCC(=O)NC3=O)cc2)C1,-7.952440621
N#CN1CC[C@H](c2ccc(-c3ocnc3C(=O)N[C@H]3CCC(=O)NC3=O)cc2)C1,-7.818932135
N#CN1CC[C@@H](c2ccc(-c3ocnc3C(=O)N[C@H]3CCC(=O)NC3=O)cc2)C1,-8.135899802
O=C1CC[C@H](NC(=O)c2cc(-c3cc[nH]n3)ccc2F)C(=O)N1,-7.803016222
O=C1CC[C@@H](NC(=O)c2cc(-c3cc[nH]n3)ccc2F)C(=O)N1,-7.803533698
Cc1cc(Nc2ccc3c(c2)C(=O)N([C@@H]2CCC(=O)NC2=O)C3)ncn1,-7.938308854
Cc1cc(Nc2ccc3c(c2)C(=O)N([C@H]2CCC(=O)NC2=O)C3)ncn1,-7.919860373
CN(C)c1ncnc2cc(C(=O)N[C@@H]3CCC(=O)NC3=O)ccc12,-8.256289872
CN(C)c1ncnc2cc(C(=O)N[C@H]3CCC(=O)NC3=O)ccc12,-8.255979878
O=C1CC[C@H](NC(=O)c2cc(S(=O)(=O)F)c3cncnc3c2)C(=O)N1,-9.45181287
O=C1CC[C@@H](NC(=O)c2cc(S(=O)(=O)F)c3cncnc3c2)C(=O)N1,-9.469423181
N#CN1CCC[C@H](c2csc(-c3ccc4c(c3)CN([C@@H]3CCC(=O)NC3=O)C4=O)c2)C1,-7.886396909
N#CN1CCC[C@@H](c2csc(-c3ccc4c(c3)CN([C@@H]3CCC(=O)NC3=O)C4=O)c2)C1,-7.559976711
N#CN1CCC[C@H](c2csc(-c3ccc4c(c3)CN([C@H]3CCC(=O)NC3=O)C4=O)c2)C1,-7.799648236
N#CN1CCC[C@@H](c2csc(-c3ccc4c(c3)CN([C@H]3CCC(=O)NC3=O)C4=O)c2)C1,-7.923665527
N#CN1CC[C@H](c2cnc3cnc(C(=O)N[C@@H]4CCC(=O)NC4=O)cc3c2)C1,-8.722773159
N#CN1CC[C@@H](c2cnc3cnc(C(=O)N[C@@H]4CCC(=O)NC4=O)cc3c2)C1,-8.720955551
N#CN1CC[C@H](c2cnc3cnc(C(=O)N[C@H]4CCC(=O)NC4=O)cc3c2)C1,-8.70073948
N#CN1CC[C@@H](c2cnc3cnc(C(=O)N[C@H]4CCC(=O)NC4=O)cc3c2)C1,-8.703784747
CC(C)[C@H](O)Cc1cn(-c2cccc3c2CN([C@@H]2CCC(=O)NC2=O)C3=O)nn1,-8.432706188
CC(C)[C@@H](O)Cc1cn(-c2cccc3c2CN([C@@H]2CCC(=O)NC2=O)C3=O)nn1,-8.441402402
CC(C)[C@H](O)Cc1cn(-c2cccc3c2CN([C@H]2CCC(=O)NC2=O)C3=O)nn1,-7.642216915
CC(C)[C@@H](O)Cc1cn(-c2cccc3c2CN([C@H]2CCC(=O)NC2=O)C3=O)nn1,-7.697409445
CC(C)(CO)Cc1cn(-c2cccc3c2CN([C@@H]2CCC(=O)NC2=O)C3=O)nn1,-7.93003597
CC(C)(CO)Cc1cn(-c2cccc3c2CN([C@H]2CCC(=O)NC2=O)C3=O)nn1,-7.910907824
O=C1CC[C@H](N2Cc3c(cccc3-n3cc(OS(=O)(=O)F)nn3)C2=O)C(=O)N1,-7.951269985
O=C1CC[C@@H](N2Cc3c(cccc3-n3cc(OS(=O)(=O)F)nn3)C2=O)C(=O)N1,-8.103849197
CNCc1cn(-c2cccc3c2CN([C@@H]2CCC(=O)NC2=O)C3=O)nn1,-7.884022954
CNCc1cn(-c2cccc3c2CN([C@H]2CCC(=O)NC2=O)C3=O)nn1,-7.873795972
NCCc1cn(-c2cccc3c2CN([C@@H]2CCC(=O)NC2=O)C3=O)nn1,-7.85998782
NCCc1cn(-c2cccc3c2CN([C@H]2CCC(=O)NC2=O)C3=O)nn1,-7.870594754
CC(C)(C)c1cn(-c2cccc3c2CN([C@@H]2CCC(=O)NC2=O)C3=O)nn1,-7.668885627
CC(C)(C)c1cn(-c2cccc3c2CN([C@H]2CCC(=O)NC2=O)C3=O)nn1,-7.639026277
CCCCc1cn(-c2cccc3c2CN([C@@H]2CCC(=O)NC2=O)C3=O)nn1,-7.839125282
CCCCc1cn(-c2cccc3c2CN([C@H]2CCC(=O)NC2=O)C3=O)nn1,-7.828703684
CN(C)Cc1cn(-c2cccc3c2CN([C@@H]2CCC(=O)NC2=O)C3=O)nn1,-7.625370728
CN(C)Cc1cn(-c2cccc3c2CN([C@H]2CCC(=O)NC2=O)C3=O)nn1,-7.688411011
CCOCc1cn(-c2cccc3c2CN([C@@H]2CCC(=O)NC2=O)C3=O)nn1,-7.871042988
CCOCc1cn(-c2cccc3c2CN([C@H]2CCC(=O)NC2=O)C3=O)nn1,-7.881580601
CC(C)(C)Cc1cn(-c2cccc3c2CN([C@@H]2CCC(=O)NC2=O)C3=O)nn1,-8.007215923
CC(C)(C)Cc1cn(-c2cccc3c2CN([C@H]2CCC(=O)NC2=O)C3=O)nn1,-7.951114402
CC[C@](C)(O)c1cn(-c2cccc3c2CN([C@@H]2CCC(=O)NC2=O)C3=O)nn1,-7.931581288
CC[C@@](C)(O)c1cn(-c2cccc3c2CN([C@@H]2CCC(=O)NC2=O)C3=O)nn1,-7.934998367
CC[C@](C)(O)c1cn(-c2cccc3c2CN([C@H]2CCC(=O)NC2=O)C3=O)nn1,-7.907112144
CC[C@@](C)(O)c1cn(-c2cccc3c2CN([C@H]2CCC(=O)NC2=O)C3=O)nn1,-7.854129177
COCCCc1cn(-c2cccc3c2CN([C@@H]2CCC(=O)NC2=O)C3=O)nn1,-7.920755512
COCCCc1cn(-c2cccc3c2CN([C@H]2CCC(=O)NC2=O)C3=O)nn1,-7.912637059
CC(C)[C@H](O)c1cn(-c2cccc3c2CN([C@@H]2CCC(=O)NC2=O)C3=O)nn1,-7.920100691
CC(C)[C@@H](O)c1cn(-c2cccc3c2CN([C@@H]2CCC(=O)NC2=O)C3=O)nn1,-7.91132631
CC(C)[C@H](O)c1cn(-c2cccc3c2CN([C@H]2CCC(=O)NC2=O)C3=O)nn1,-7.857537016
CC(C)[C@@H](O)c1cn(-c2cccc3c2CN([C@H]2CCC(=O)NC2=O)C3=O)nn1,-7.920696871
CC(C)(O)Cc1cn(-c2cccc3c2CN([C@@H]2CCC(=O)NC2=O)C3=O)nn1,-7.921002224
CC(C)(O)Cc1cn(-c2cccc3c2CN([C@H]2CCC(=O)NC2=O)C3=O)nn1,-7.914733743
O=C1CC[C@H](N2Cc3c(cc(S(=O)(=O)F)cc3-n3ccnn3)C2=O)C(=O)N1,-8.655571758
O=C1CC[C@@H](N2Cc3c(cc(S(=O)(=O)F)cc3-n3ccnn3)C2=O)C(=O)N1,-8.784306099
O=C1CC[C@H](N2Cc3c(ccc(S(=O)(=O)F)c3-n3ccnn3)C2=O)C(=O)N1,-8.77594902
O=C1CC[C@@H](N2Cc3c(ccc(S(=O)(=O)F)c3-n3ccnn3)C2=O)C(=O)N1,-8.761664055
O=C1CC[C@H](N2Cc3c(cccc3-n3nncc3S(=O)(=O)F)C2=O)C(=O)N1,-8.718493465
O=C1CC[C@@H](N2Cc3c(cccc3-n3nncc3S(=O)(=O)F)C2=O)C(=O)N1,-8.732700143
N#CN1CCC[C@H](c2cccc(-c3csc(C(=O)N[C@@H]4CCC(=O)NC4=O)c3)c2)C1,-8.080571161
N#CN1CCC[C@@H](c2cccc(-c3csc(C(=O)N[C@@H]4CCC(=O)NC4=O)c3)c2)C1,-8.009488924
N#CN1CCC[C@H](c2cccc(-c3csc(C(=O)N[C@H]4CCC(=O)NC4=O)c3)c2)C1,-8.071962883
N#CN1CCC[C@@H](c2cccc(-c3csc(C(=O)N[C@H]4CCC(=O)NC4=O)c3)c2)C1,-8.008841523
N#CN1CCC(c2c[nH]nc2-c2ccc3c(c2)CN([C@@H]2CCC(=O)NC2=O)C3=O)CC1,-7.668352147
N#CN1CCC(c2c[nH]nc2-c2ccc3c(c2)CN([C@H]2CCC(=O)NC2=O)C3=O)CC1,-7.840453031
O=C1CC[C@H](n2nnc3ccc(CNC(=O)Nc4ccccc4)cc3c2=O)C(=O)N1,-8.499648958
O=C1CC[C@@H](n2nnc3ccc(CNC(=O)Nc4ccccc4)cc3c2=O)C(=O)N1,-8.488496515
Cc1cccc(NC(=O)NCc2ccc3nnn([C@@H]4CCC(=O)NC4=O)c(=O)c3c2)c1,-8.469331278
Cc1cccc(NC(=O)NCc2ccc3nnn([C@H]4CCC(=O)NC4=O)c(=O)c3c2)c1,-8.444042445
Cc1ccc(NC(=O)NCc2ccc3nnn([C@@H]4CCC(=O)NC4=O)c(=O)c3c2)cc1,-8.496657025
Cc1ccc(NC(=O)NCc2ccc3nnn([C@H]4CCC(=O)NC4=O)c(=O)c3c2)cc1,-8.488238148
Cc1ccc(NC(=O)NCc2ccc3nnn([C@@H]4CCC(=O)NC4=O)c(=O)c3c2)cc1C,-8.4280353
Cc1ccc(NC(=O)NCc2ccc3nnn([C@H]4CCC(=O)NC4=O)c(=O)c3c2)cc1C,-8.433658458
COc1ccc(NC(=O)NCc2ccc3nnn([C@@H]4CCC(=O)NC4=O)c(=O)c3c2)cc1,-8.46757881
COc1ccc(NC(=O)NCc2ccc3nnn([C@H]4CCC(=O)NC4=O)c(=O)c3c2)cc1,-8.480481499
O=C1CC[C@H](n2nnc3ccc(CNC(=O)Nc4ccc(Cl)cc4)cc3c2=O)C(=O)N1,-8.551286515
O=C1CC[C@@H](n2nnc3ccc(CNC(=O)Nc4ccc(Cl)cc4)cc3c2=O)C(=O)N1,-8.569767128
Cc1ccc(NC(=O)NCc2ccc3nnn([C@@H]4CCC(=O)NC4=O)c(=O)c3c2)cc1Cl,-8.517169014
Cc1ccc(NC(=O)NCc2ccc3nnn([C@H]4CCC(=O)NC4=O)c(=O)c3c2)cc1Cl,-8.513967844
CC(C)(C)c1cccc(NC(=O)NCc2ccc3nnn([C@@H]4CCC(=O)NC4=O)c(=O)c3c2)c1,-8.452727684
CC(C)(C)c1cccc(NC(=O)NCc2ccc3nnn([C@H]4CCC(=O)NC4=O)c(=O)c3c2)c1,-8.475979638
CC(C)(C)c1ccc(NC(=O)NCc2ccc3nnn([C@@H]4CCC(=O)NC4=O)c(=O)c3c2)cc1,-8.448643928
CC(C)(C)c1ccc(NC(=O)NCc2ccc3nnn([C@H]4CCC(=O)NC4=O)c(=O)c3c2)cc1,-8.445257621
Cc1ccc(NC(=O)N[C@H](C)c2ccc3nnn([C@@H]4CCC(=O)NC4=O)c(=O)c3c2)cc1Cl,-8.452451948
Cc1ccc(NC(=O)N[C@@H](C)c2ccc3nnn([C@@H]4CCC(=O)NC4=O)c(=O)c3c2)cc1Cl,-8.457188905
Cc1ccc(NC(=O)N[C@H](C)c2ccc3nnn([C@H]4CCC(=O)NC4=O)c(=O)c3c2)cc1Cl,-8.452859496
Cc1ccc(NC(=O)N[C@@H](C)c2ccc3nnn([C@H]4CCC(=O)NC4=O)c(=O)c3c2)cc1Cl,-8.462637063
COc1ccc(NC(=O)NCc2ccc3nnn([C@@H]4CCC(=O)NC4=O)c(=O)c3c2)cc1Cl,-8.509263983
COc1ccc(NC(=O)NCc2ccc3nnn([C@H]4CCC(=O)NC4=O)c(=O)c3c2)cc1Cl,-8.491214938
O=C1CC[C@H](n2nnc3ccc(CNC(=O)Nc4cc(Cl)cc(Cl)c4)cc3c2=O)C(=O)N1,-8.446698923
O=C1CC[C@@H](n2nnc3ccc(CNC(=O)Nc4cc(Cl)cc(Cl)c4)cc3c2=O)C(=O)N1,-8.447903825
O=C1CC[C@H](n2nnc3ccc(CNC(=O)Nc4cccc(Cl)c4Cl)cc3c2=O)C(=O)N1,-8.561970222
O=C1CC[C@@H](n2nnc3ccc(CNC(=O)Nc4cccc(Cl)c4Cl)cc3c2=O)C(=O)N1,-8.547448194
O=C1CC[C@H](n2nnc3ccc(CNC(=O)Nc4c(Cl)cccc4Cl)cc3c2=O)C(=O)N1,-8.592035648
O=C1CC[C@@H](n2nnc3ccc(CNC(=O)Nc4c(Cl)cccc4Cl)cc3c2=O)C(=O)N1,-8.583797343
C[C@H](NC(=O)Nc1ccc(C(C)(C)C)cc1)c1ccc2nnn([C@@H]3CCC(=O)NC3=O)c(=O)c2c1,-8.414699861
C[C@@H](NC(=O)Nc1ccc(C(C)(C)C)cc1)c1ccc2nnn([C@@H]3CCC(=O)NC3=O)c(=O)c2c1,-8.407526769
C[C@H](NC(=O)Nc1ccc(C(C)(C)C)cc1)c1ccc2nnn([C@H]3CCC(=O)NC3=O)c(=O)c2c1,-8.414386075
C[C@@H](NC(=O)Nc1ccc(C(C)(C)C)cc1)c1ccc2nnn([C@H]3CCC(=O)NC3=O)c(=O)c2c1,-8.402493304
C[C@H](NC(=O)Nc1cccc(C(C)(C)C)c1)c1ccc2nnn([C@@H]3CCC(=O)NC3=O)c(=O)c2c1,-8.407044261
C[C@@H](NC(=O)Nc1cccc(C(C)(C)C)c1)c1ccc2nnn([C@@H]3CCC(=O)NC3=O)c(=O)c2c1,-8.421751072
C[C@H](NC(=O)Nc1cccc(C(C)(C)C)c1)c1ccc2nnn([C@H]3CCC(=O)NC3=O)c(=O)c2c1,-8.415283027
C[C@@H](NC(=O)Nc1cccc(C(C)(C)C)c1)c1ccc2nnn([C@H]3CCC(=O)NC3=O)c(=O)c2c1,-8.413387132
CC(C)(C)c1ccc(NC(=O)NCc2ccc3nnn([C@@H]4CCC(=O)NC4=O)c(=O)c3c2)cc1Cl,-8.502931237
CC(C)(C)c1ccc(NC(=O)NCc2ccc3nnn([C@H]4CCC(=O)NC4=O)c(=O)c3c2)cc1Cl,-8.504786197
N#CN1CC[C@H](c2cncnc2Nc2ccc3c(c2)CN([C@@H]2CCC(=O)NC2=O)C3=O)C1,-7.656180366
N#CN1CC[C@@H](c2cncnc2Nc2ccc3c(c2)CN([C@@H]2CCC(=O)NC2=O)C3=O)C1,-7.869738159
N#CN1CC[C@H](c2cncnc2Nc2ccc3c(c2)CN([C@H]2CCC(=O)NC2=O)C3=O)C1,-7.801721377
N#CN1CC[C@@H](c2cncnc2Nc2ccc3c(c2)CN([C@H]2CCC(=O)NC2=O)C3=O)C1,-7.896119552
O=C1CC[C@H](c2ccc(NS(=O)(=O)/C=C(\F)c3ccccc3)cc2)C(=O)N1,-8.247669889
O=C1CC[C@@H](c2ccc(NS(=O)(=O)/C=C(\F)c3ccccc3)cc2)C(=O)N1,-7.919915255
O=C1CC[C@H](c2ccc(NS(=O)(=O)/C=C(/F)c3ccccc3)cc2)C(=O)N1,-8.259278495
O=C1CC[C@@H](c2ccc(NS(=O)(=O)/C=C(/F)c3ccccc3)cc2)C(=O)N1,-7.900075505
O=C1CCN(c2ccc(-c3ccn([C@@H]4CC4(F)F)n3)cc2)C(=O)N1,-7.325815429
O=C1CCN(c2ccc(-c3ccn([C@H]4CC4(F)F)n3)cc2)C(=O)N1,-7.325995933
O=C1CC[C@H](NC(=O)c2csc(N3CCNCC3)n2)C(=O)N1,-7.778691044
O=C1CC[C@@H](NC(=O)c2csc(N3CCNCC3)n2)C(=O)N1,-7.779729092
N#CN1CC[C@H](c2ccc3c(c2)CC(C(=O)Nc2cccc([C@@H]4CCC(=O)NC4=O)c2)=N3)C1,-8.413647108
N#CN1CC[C@@H](c2ccc3c(c2)CC(C(=O)Nc2cccc([C@@H]4CCC(=O)NC4=O)c2)=N3)C1,-8.399933008
N#CN1CC[C@H](c2ccc3c(c2)CC(C(=O)Nc2cccc([C@H]4CCC(=O)NC4=O)c2)=N3)C1,-8.410438363
N#CN1CC[C@@H](c2ccc3c(c2)CC(C(=O)Nc2cccc([C@H]4CCC(=O)NC4=O)c2)=N3)C1,-8.408666116
N#CN1CC[C@H](c2cccc3c2CN(C(=O)c2cccc4c2CN([C@@H]2CCC(=O)NC2=O)C4=O)C3)C1,-7.925077298
N#CN1CC[C@@H](c2cccc3c2CN(C(=O)c2cccc4c2CN([C@@H]2CCC(=O)NC2=O)C4=O)C3)C1,-7.934637272
N#CN1CC[C@H](c2cccc3c2CN(C(=O)c2cccc4c2CN([C@H]2CCC(=O)NC2=O)C4=O)C3)C1,-7.924938231
N#CN1CC[C@@H](c2cccc3c2CN(C(=O)c2cccc4c2CN([C@H]2CCC(=O)NC2=O)C4=O)C3)C1,-7.943097709
N#CN1CC[C@H](c2nc(-c3ccc4c(c3)CN([C@@H]3CCC(=O)NC3=O)C4=O)cs2)C1,-7.708740955
N#CN1CC[C@@H](c2nc(-c3ccc4c(c3)CN([C@@H]3CCC(=O)NC3=O)C4=O)cs2)C1,-7.932768802
N#CN1CC[C@H](c2nc(-c3ccc4c(c3)CN([C@H]3CCC(=O)NC3=O)C4=O)cs2)C1,-8.051852916
N#CN1CC[C@@H](c2nc(-c3ccc4c(c3)CN([C@H]3CCC(=O)NC3=O)C4=O)cs2)C1,-7.778451412
O=C1CC[C@H](NC(=O)c2cc(Cc3ccccc3)n[nH]2)C(=O)N1,-7.907840839
O=C1CC[C@@H](NC(=O)c2cc(Cc3ccccc3)n[nH]2)C(=O)N1,-7.415753215
N#CN1CC[C@H](c2n[nH]nc2-c2ccc3c(c2)CN([C@@H]2CCC(=O)NC2=O)C3=O)C1,-7.938412012
N#CN1CC[C@@H](c2n[nH]nc2-c2ccc3c(c2)CN([C@@H]2CCC(=O)NC2=O)C3=O)C1,-7.940456574
N#CN1CC[C@H](c2n[nH]nc2-c2ccc3c(c2)CN([C@H]2CCC(=O)NC2=O)C3=O)C1,-8.075809772
N#CN1CC[C@@H](c2n[nH]nc2-c2ccc3c(c2)CN([C@H]2CCC(=O)NC2=O)C3=O)C1,-7.946058452
N#CN1CCC[C@H](c2ccc3nc(C(=O)N[C@@H]4CCC(=O)NC4=O)c(C4CC4)cc3c2)C1,-7.176156726
N#CN1CCC[C@@H](c2ccc3nc(C(=O)N[C@@H]4CCC(=O)NC4=O)c(C4CC4)cc3c2)C1,-6.973761162
N#CN1CCC[C@H](c2ccc3nc(C(=O)N[C@H]4CCC(=O)NC4=O)c(C4CC4)cc3c2)C1,-7.178278161
N#CN1CCC[C@@H](c2ccc3nc(C(=O)N[C@H]4CCC(=O)NC4=O)c(C4CC4)cc3c2)C1,-7.010046653
O=C1CC[C@H](NC(=O)c2cccc(NC(=O)CCCc3cccs3)c2)C(=O)N1,-8.021952647
O=C1CC[C@@H](NC(=O)c2cccc(NC(=O)CCCc3cccs3)c2)C(=O)N1,-7.937664401
O=C1CC[C@H](NC(=O)c2cc(O)c3ccsc3c2)C(=O)N1,-7.957180927
O=C1CC[C@@H](NC(=O)c2cc(O)c3ccsc3c2)C(=O)N1,-7.957250623
O=C1CC[C@H](NC(=O)c2cc(S(=O)(=O)F)c3ccsc3c2)C(=O)N1,-8.444372471
O=C1CC[C@@H](NC(=O)c2cc(S(=O)(=O)F)c3ccsc3c2)C(=O)N1,-8.444166577
O=C1CC[C@H](NC(=O)c2ccc3c(S(=O)(=O)F)csc3c2)C(=O)N1,-8.352964879
O=C1CC[C@@H](NC(=O)c2ccc3c(S(=O)(=O)F)csc3c2)C(=O)N1,-8.417696035
CC1(C)CN(C(=O)Nc2cnc3c(c2)CNC3=O)[C@@H]2COC[C@@H]21,-7.459413216
CC1(C)CN(C(=O)Nc2cnc3c(c2)CNC3=O)[C@H]2COC[C@@H]21,-7.472713237
CC1(C)CN(C(=O)Nc2cnc3c(c2)CNC3=O)[C@@H]2COC[C@H]21,-7.472530565
CC1(C)CN(C(=O)Nc2cnc3c(c2)CNC3=O)[C@H]2COC[C@H]21,-7.459752244
O=C1CC[C@H](NC(=O)c2cc3n(n2)CCNS3(=O)=O)C(=O)N1,-7.946031468
O=C1CC[C@@H](NC(=O)c2cc3n(n2)CCNS3(=O)=O)C(=O)N1,-7.872960395
O=C1CC[C@H](N2Cc3ccc(NC(=O)C4CC5(CC5)C4)cc3C2=O)C(=O)N1,-7.912663573
O=C1CC[C@@H](N2Cc3ccc(NC(=O)C4CC5(CC5)C4)cc3C2=O)C(=O)N1,-7.878974687
O=C1CC[C@H](NC(=O)c2cc3c(S(=O)(=O)F)ccc4c3n(c2=O)CCC4)C(=O)N1,-8.753131486
O=C1CC[C@@H](NC(=O)c2cc3c(S(=O)(=O)F)ccc4c3n(c2=O)CCC4)C(=O)N1,-8.750097024
O=C1CC[C@H](NC(=O)c2cc3cc(S(=O)(=O)F)cc4c3n(c2=O)CCC4)C(=O)N1,-8.684066455
O=C1CC[C@@H](NC(=O)c2cc3cc(S(=O)(=O)F)cc4c3n(c2=O)CCC4)C(=O)N1,-8.683626426
O=C1CC[C@H](NC(=O)c2c(O)c3cccc4c3n(c2=O)CCC4)C(=O)N1,-7.745120074
O=C1CC[C@@H](NC(=O)c2c(O)c3cccc4c3n(c2=O)CCC4)C(=O)N1,-7.757885062
N#CN1CC[C@H](c2cc3c(c(-c4cccc5c4CN([C@@H]4CCC(=O)NC4=O)C5=O)c2)OCCNC3)C1,-7.809021561
N#CN1CC[C@@H](c2cc3c(c(-c4cccc5c4CN([C@@H]4CCC(=O)NC4=O)C5=O)c2)OCCNC3)C1,-7.897360246
N#CN1CC[C@H](c2cc3c(c(-c4cccc5c4CN([C@H]4CCC(=O)NC4=O)C5=O)c2)OCCNC3)C1,-7.868699645
N#CN1CC[C@@H](c2cc3c(c(-c4cccc5c4CN([C@H]4CCC(=O)NC4=O)C5=O)c2)OCCNC3)C1,-7.901111138
N#CN1CCC[C@H](c2ccsc2C(=O)Nc2ccc3c(c2)C(=O)N([C@@H]2CCC(=O)NC2=O)C3)C1,-8.014453118
N#CN1CCC[C@@H](c2ccsc2C(=O)Nc2ccc3c(c2)C(=O)N([C@@H]2CCC(=O)NC2=O)C3)C1,-7.992105521
N#CN1CCC[C@H](c2ccsc2C(=O)Nc2ccc3c(c2)C(=O)N([C@H]2CCC(=O)NC2=O)C3)C1,-7.987912178
N#CN1CCC[C@@H](c2ccsc2C(=O)Nc2ccc3c(c2)C(=O)N([C@H]2CCC(=O)NC2=O)C3)C1,-8.155802933
COCC1(C(=O)Nc2ccc3c(c2)C(=O)N([C@@H]2CCC(=O)NC2=O)C3=O)CCC1,-8.534772596
COCC1(C(=O)Nc2ccc3c(c2)C(=O)N([C@H]2CCC(=O)NC2=O)C3=O)CCC1,-8.534147925
O=C1CC[C@H](N2C(=O)c3ccc(NC(=O)C4CCC4)cc3C2=O)C(=O)N1,-8.502775333
O=C1CC[C@@H](N2C(=O)c3ccc(NC(=O)C4CCC4)cc3C2=O)C(=O)N1,-8.666392235
N#CN1CC[C@H](c2ncc(-c3cccc(C(=O)N[C@@H]4CCC(=O)NC4=O)c3)o2)C1,-8.360371808
N#CN1CC[C@@H](c2ncc(-c3cccc(C(=O)N[C@@H]4CCC(=O)NC4=O)c3)o2)C1,-8.332741009
N#CN1CC[C@H](c2ncc(-c3cccc(C(=O)N[C@H]4CCC(=O)NC4=O)c3)o2)C1,-8.160749992
N#CN1CC[C@@H](c2ncc(-c3cccc(C(=O)N[C@H]4CCC(=O)NC4=O)c3)o2)C1,-8.158002171
O=C1CC[C@H](n2cc(C3(O)CCC3)nn2)C(=O)N1,-8.252614486
O=C1CC[C@@H](n2cc(C3(O)CCC3)nn2)C(=O)N1,-8.235961431
N#CN1CCC[C@H](c2cccc(-n3nccc3-c3ccc(N4CCC(=O)NC4=O)cc3)c2)C1,-7.291066207
N#CN1CCC[C@@H](c2cccc(-n3nccc3-c3ccc(N4CCC(=O)NC4=O)cc3)c2)C1,-7.358563022
Cc1c(C(=O)N[C@@H]2CCC(=O)NC2=O)n[nH]c1-c1ccc(Cl)cc1,-7.809583599
Cc1c(C(=O)N[C@H]2CCC(=O)NC2=O)n[nH]c1-c1ccc(Cl)cc1,-7.901720115
COc1ccc(Cl)c(-c2cc(C(=O)N[C@@H]3CCC(=O)NC3=O)nn2C)c1,-7.774430313
COc1ccc(Cl)c(-c2cc(C(=O)N[C@H]3CCC(=O)NC3=O)nn2C)c1,-7.77465851
O=C1CC[C@H](NC(=O)c2cc(-c3ccc(OC(F)(F)F)cc3)[nH]n2)C(=O)N1,-7.87457192
O=C1CC[C@@H](NC(=O)c2cc(-c3ccc(OC(F)(F)F)cc3)[nH]n2)C(=O)N1,-7.867278184
O=C1CC[C@H](NC(=O)c2nc(OS(=O)(=O)F)nc3c2CCC3)C(=O)N1,-8.706239735
O=C1CC[C@@H](NC(=O)c2nc(OS(=O)(=O)F)nc3c2CCC3)C(=O)N1,-8.700155582
O=C1CC[C@H](NC(=O)c2ncnc3c2CCC3)C(=O)N1,-8.058377654
O=C1CC[C@@H](NC(=O)c2ncnc3c2CCC3)C(=O)N1,-8.058226259
O=C1CC[C@H](NC(=O)c2coc(CNC(=O)c3cnc4n3CCC4)n2)C(=O)N1,-7.897771342
O=C1CC[C@@H](NC(=O)c2coc(CNC(=O)c3cnc4n3CCC4)n2)C(=O)N1,-7.938950624
N#CN1CC[C@H](c2ccc(NC(=O)c3cccc4c3CN([C@@H]3CCC(=O)NC3=O)C4=O)nc2)C1,-7.92343824
N#CN1CC[C@@H](c2ccc(NC(=O)c3cccc4c3CN([C@@H]3CCC(=O)NC3=O)C4=O)nc2)C1,-7.932475334
N#CN1CC[C@H](c2ccc(NC(=O)c3cccc4c3CN([C@H]3CCC(=O)NC3=O)C4=O)nc2)C1,-7.929639876
N#CN1CC[C@@H](c2ccc(NC(=O)c3cccc4c3CN([C@H]3CCC(=O)NC3=O)C4=O)nc2)C1,-8.081140062
N#CN1CCC[C@H](c2ccccc2-n2cnc(C(=O)N[C@@H]3CCC(=O)NC3=O)n2)C1,-7.934761057
N#CN1CCC[C@@H](c2ccccc2-n2cnc(C(=O)N[C@@H]3CCC(=O)NC3=O)n2)C1,-8.187847051
N#CN1CCC[C@H](c2ccccc2-n2cnc(C(=O)N[C@H]3CCC(=O)NC3=O)n2)C1,-8.222252912
N#CN1CCC[C@@H](c2ccccc2-n2cnc(C(=O)N[C@H]3CCC(=O)NC3=O)n2)C1,-8.082748482
N#CN1CC[C@H](c2noc([C@]34C[C@H](CN3C(=O)c3ccc(N5CCC(=O)NC5=O)cc3)C4)n2)C1,-8.109254963
N#CN1CC[C@H](c2noc([C@]34C[C@@H](CN3C(=O)c3ccc(N5CCC(=O)NC5=O)cc3)C4)n2)C1,-7.975284007
Cc1nc(C2CCNCC2)[nH]c1C(=O)N[C@@H]1CCC(=O)NC1=O,-7.955055802
Cc1nc(C2CCNCC2)[nH]c1C(=O)N[C@H]1CCC(=O)NC1=O,-7.939355996
N#CN1CCC[C@H](c2cnnn2-c2ccc3c(c2)C(=O)N([C@@H]2CCC(=O)NC2=O)C3)C1,-7.850830125
N#CN1CCC[C@@H](c2cnnn2-c2ccc3c(c2)C(=O)N([C@@H]2CCC(=O)NC2=O)C3)C1,-8.021341035
N#CN1CCC[C@H](c2cnnn2-c2ccc3c(c2)C(=O)N([C@H]2CCC(=O)NC2=O)C3)C1,-7.937744319
N#CN1CCC[C@@H](c2cnnn2-c2ccc3c(c2)C(=O)N([C@H]2CCC(=O)NC2=O)C3)C1,-7.924365132
O=C1CC[C@H](NC(=O)c2onc3ccc(S(=O)(=O)F)cc23)C(=O)N1,-8.986698767
O=C1CC[C@@H](NC(=O)c2onc3ccc(S(=O)(=O)F)cc23)C(=O)N1,-8.907996054
O=C1CC[C@H](NC(=O)c2onc3cc(S(=O)(=O)F)ccc23)C(=O)N1,-9.123561138
O=C1CC[C@@H](NC(=O)c2onc3cc(S(=O)(=O)F)ccc23)C(=O)N1,-9.551000778
O=C1CC[C@H](NC(=O)c2onc3c(S(=O)(=O)F)cccc23)C(=O)N1,-9.603703692
O=C1CC[C@@H](NC(=O)c2onc3c(S(=O)(=O)F)cccc23)C(=O)N1,-9.025501291
O=C1CC[C@H](NC(=O)c2onc3ccc(OS(=O)(=O)F)cc23)C(=O)N1,-9.226887055
O=C1CC[C@@H](NC(=O)c2onc3ccc(OS(=O)(=O)F)cc23)C(=O)N1,-8.768168406
O=C1CC[C@H](NC(=O)c2onc3ccccc23)C(=O)N1,-8.42680718
O=C1CC[C@@H](NC(=O)c2onc3ccccc23)C(=O)N1,-8.427013724
CC1(C)CN(C(=O)Nc2ccc3c(c2)CN([C@@H]2CCC(=O)NC2=O)C3=O)C1,-7.80218029
CC1(C)CN(C(=O)Nc2ccc3c(c2)CN([C@H]2CCC(=O)NC2=O)C3=O)C1,-7.789241534
O=C1CC[C@H](N2Cc3cc(NC(=O)N4CC(F)(F)C4)ccc3C2=O)C(=O)N1,-7.875151682
O=C1CC[C@@H](N2Cc3cc(NC(=O)N4CC(F)(F)C4)ccc3C2=O)C(=O)N1,-7.875201449
CC(=O)C1CN(C(=O)Nc2ccc3c(c2)CN([C@@H]2CCC(=O)NC2=O)C3=O)C1,-8.451609381
CC(=O)C1CN(C(=O)Nc2ccc3c(c2)CN([C@H]2CCC(=O)NC2=O)C3=O)C1,-8.644661956
Cc1ccc(C(=O)N[C@@H]2CCC(=O)NC2=O)c2c1CCCN2,-7.898221723
Cc1ccc(C(=O)N[C@H]2CCC(=O)NC2=O)c2c1CCCN2,-7.898635187
CC1(C)CCNc2c(C(=O)N[C@@H]3CCC(=O)NC3=O)cccc21,-7.927089288
CC1(C)CCNc2c(C(=O)N[C@H]3CCC(=O)NC3=O)cccc21,-7.927283617
Cc1cc(C(=O)N[C@@H]2CCC(=O)NC2=O)c2c(c1)[C@H](C)CCN2,-7.912191412
Cc1cc(C(=O)N[C@H]2CCC(=O)NC2=O)c2c(c1)[C@H](C)CCN2,-7.910058071
Cc1cc(C(=O)N[C@@H]2CCC(=O)NC2=O)c2c(c1)[C@@H](C)CCN2,-7.90876805
Cc1cc(C(=O)N[C@H]2CCC(=O)NC2=O)c2c(c1)[C@@H](C)CCN2,-7.912016421
O=C1CC[C@H](NC(=O)c2cc(S(=O)(=O)F)cc3c2NCCC3)C(=O)N1,-8.369963795
O=C1CC[C@@H](NC(=O)c2cc(S(=O)(=O)F)cc3c2NCCC3)C(=O)N1,-8.475456098
O=C1CC[C@H](NC(=O)c2ccc(S(=O)(=O)F)c3c2NCCC3)C(=O)N1,-8.36925104
O=C1CC[C@@H](NC(=O)c2ccc(S(=O)(=O)F)c3c2NCCC3)C(=O)N1,-8.47557798
O=C1CC[C@H](NC(=O)c2cncnc2)C(=O)N1,-8.197509551
O=C1CC[C@@H](NC(=O)c2cncnc2)C(=O)N1,-8.197809574
NCc1ncc(C(=O)N[C@@H]2CCC(=O)NC2=O)c(C(F)(F)F)n1,-9.027927271
NCc1ncc(C(=O)N[C@H]2CCC(=O)NC2=O)c(C(F)(F)F)n1,-9.028631104
CCc1ncncc1C(=O)N[C@@H]1CCC(=O)NC1=O,-8.155568039
CCc1ncncc1C(=O)N[C@H]1CCC(=O)NC1=O,-8.156446193
CC(C)c1ncncc1C(=O)N[C@@H]1CCC(=O)NC1=O,-7.86434186
CC(C)c1ncncc1C(=O)N[C@H]1CCC(=O)NC1=O,-7.875767709
O=C1CC[C@H](c2cccc(Nc3nc(-c4ccccc4)cc(=O)[nH]3)c2)C(=O)N1,-8.029985481
O=C1CC[C@@H](c2cccc(Nc3nc(-c4ccccc4)cc(=O)[nH]3)c2)C(=O)N1,-8.029667823
N#CN1CCC[C@H](c2[nH]ncc2-c2ccc3c(c2)CN([C@@H]2CCC(=O)NC2=O)C3=O)C1,-7.864068664
N#CN1CCC[C@@H](c2[nH]ncc2-c2ccc3c(c2)CN([C@@H]2CCC(=O)NC2=O)C3=O)C1,-7.526016605
N#CN1CCC[C@H](c2[nH]ncc2-c2ccc3c(c2)CN([C@H]2CCC(=O)NC2=O)C3=O)C1,-7.965374873
N#CN1CCC[C@@H](c2[nH]ncc2-c2ccc3c(c2)CN([C@H]2CCC(=O)NC2=O)C3=O)C1,-7.784542495
N#CN1CC[C@H](c2ccc(-c3cc(C(=O)N[C@@H]4CCC(=O)NC4=O)on3)cc2)C1,-7.936336802
N#CN1CC[C@@H](c2ccc(-c3cc(C(=O)N[C@@H]4CCC(=O)NC4=O)on3)cc2)C1,-7.981669558
N#CN1CC[C@H](c2ccc(-c3cc(C(=O)N[C@H]4CCC(=O)NC4=O)on3)cc2)C1,-7.638382837
N#CN1CC[C@@H](c2ccc(-c3cc(C(=O)N[C@H]4CCC(=O)NC4=O)on3)cc2)C1,-7.635919317
N#CN1CC[C@H](c2ccc3nnc(C(=O)N[C@@H]4CCC(=O)NC4=O)nc3c2)C1,-9.451180801
N#CN1CC[C@@H](c2ccc3nnc(C(=O)N[C@@H]4CCC(=O)NC4=O)nc3c2)C1,-9.461384338
N#CN1CC[C@H](c2ccc3nnc(C(=O)N[C@H]4CCC(=O)NC4=O)nc3c2)C1,-9.453229604
N#CN1CC[C@@H](c2ccc3nnc(C(=O)N[C@H]4CCC(=O)NC4=O)nc3c2)C1,-9.452992583
N#CN1CC[C@H](c2cc(=O)c3ccc(C(=O)N[C@@H]4CCC(=O)NC4=O)cc3o2)C1,-8.304266127
N#CN1CC[C@@H](c2cc(=O)c3ccc(C(=O)N[C@@H]4CCC(=O)NC4=O)cc3o2)C1,-8.522742777
N#CN1CC[C@H](c2cc(=O)c3ccc(C(=O)N[C@H]4CCC(=O)NC4=O)cc3o2)C1,-8.540439848
N#CN1CC[C@@H](c2cc(=O)c3ccc(C(=O)N[C@H]4CCC(=O)NC4=O)cc3o2)C1,-8.543653622
O=C1CC(c2cccc(NC(=O)c3cc(F)cc4[nH]nnc34)c2)CC(=O)N1,-8.752928787
O=C1CC[C@H](N2C(=O)c3cccc(NC(=O)c4cccc(S(=O)(=O)F)c4)c3C2=O)C(=O)N1,-9.066812312
O=C1CC[C@@H](N2C(=O)c3cccc(NC(=O)c4cccc(S(=O)(=O)F)c4)c3C2=O)C(=O)N1,-8.725598664
O=C1CC[C@H](N2C(=O)c3cccc(NC(=O)c4ccccc4)c3C2=O)C(=O)N1,-8.663079213
O=C1CC[C@@H](N2C(=O)c3cccc(NC(=O)c4ccccc4)c3C2=O)C(=O)N1,-8.661283633
Cc1nc(-c2cc(C(=O)N[C@@H]3CCC(=O)NC3=O)co2)cs1,-7.93600633
Cc1nc(-c2cc(C(=O)N[C@H]3CCC(=O)NC3=O)co2)cs1,-7.935237497
Cc1nc(-c2cccnc2)[nH]c1C(=O)N[C@@H]1CCC(=O)NC1=O,-7.910632667
Cc1nc(-c2cccnc2)[nH]c1C(=O)N[C@H]1CCC(=O)NC1=O,-7.910936915
N#CN1CC[C@H](c2cc(C(=O)Nc3ccc([C@@H]4CCC(=O)NC4=O)cc3)cc3c2CCOC3)C1,-7.64141209
N#CN1CC[C@@H](c2cc(C(=O)Nc3ccc([C@@H]4CCC(=O)NC4=O)cc3)cc3c2CCOC3)C1,-7.580518354
N#CN1CC[C@H](c2cc(C(=O)Nc3ccc([C@H]4CCC(=O)NC4=O)cc3)cc3c2CCOC3)C1,-7.588279693
N#CN1CC[C@@H](c2cc(C(=O)Nc3ccc([C@H]4CCC(=O)NC4=O)cc3)cc3c2CCOC3)C1,-7.607139448
CCc1nsc(N[C@@H]2CCC(=O)N(C)C2=O)n1,-8.046005824
CCc1nsc(N[C@H]2CCC(=O)N(C)C2=O)n1,-8.044175762
O=C1CC[C@H](Nc2nc(C(F)(F)F)ns2)C(=O)N1,-8.445665117
O=C1CC[C@@H](Nc2nc(C(F)(F)F)ns2)C(=O)N1,-8.445712101
Nc1nc(C(=O)N[C@@H]2CCC(=O)NC2=O)nc2ccccc12,-8.167191399
Nc1nc(C(=O)N[C@H]2CCC(=O)NC2=O)nc2ccccc12,-8.166290659
O=C1CC[C@H](NC(=O)c2ncc3cc(Br)ccc3n2)C(=O)N1,-8.979493182
O=C1CC[C@@H](NC(=O)c2ncc3cc(Br)ccc3n2)C(=O)N1,-8.980312463
O=C1CC[C@H](NC(=O)c2ncc3c(S(=O)(=O)F)cccc3n2)C(=O)N1,-9.507527857
O=C1CC[C@@H](NC(=O)c2ncc3c(S(=O)(=O)F)cccc3n2)C(=O)N1,-9.644506024
O=C1CC[C@H](NC(=O)c2ncc3ccc(S(=O)(=O)F)cc3n2)C(=O)N1,-9.50820919
O=C1CC[C@@H](NC(=O)c2ncc3ccc(S(=O)(=O)F)cc3n2)C(=O)N1,-9.46928082
O=C1CC[C@H](NC(=O)c2ncc3cccc(S(=O)(=O)F)c3n2)C(=O)N1,-9.536349078
O=C1CC[C@@H](NC(=O)c2ncc3cccc(S(=O)(=O)F)c3n2)C(=O)N1,-9.682319452
O=C1CC[C@H](NC(=O)c2ncc3ccc(OS(=O)(=O)F)cc3n2)C(=O)N1,-9.115648404
O=C1CC[C@@H](NC(=O)c2ncc3ccc(OS(=O)(=O)F)cc3n2)C(=O)N1,-9.101502504
O=C1CC[C@H](NC(=O)c2ncc3cccc(OS(=O)(=O)F)c3n2)C(=O)N1,-9.154554947
O=C1CC[C@@H](NC(=O)c2ncc3cccc(OS(=O)(=O)F)c3n2)C(=O)N1,-9.113084852
N#CN1CCC(c2cccc(NC(=O)c3cccc4c3CN([C@@H]3CCC(=O)NC3=O)C4=O)c2)CC1,-7.865882038
N#CN1CCC(c2cccc(NC(=O)c3cccc4c3CN([C@H]3CCC(=O)NC3=O)C4=O)c2)CC1,-8.012348082
N#CN1CCC[C@H](c2cnc(NC(=O)c3ccc4c(c3)C(=O)N([C@@H]3CCC(=O)NC3=O)C4)s2)C1,-8.055045463
N#CN1CCC[C@@H](c2cnc(NC(=O)c3ccc4c(c3)C(=O)N([C@@H]3CCC(=O)NC3=O)C4)s2)C1,-8.03946953
N#CN1CCC[C@H](c2cnc(NC(=O)c3ccc4c(c3)C(=O)N([C@H]3CCC(=O)NC3=O)C4)s2)C1,-8.041511445
N#CN1CCC[C@@H](c2cnc(NC(=O)c3ccc4c(c3)C(=O)N([C@H]3CCC(=O)NC3=O)C4)s2)C1,-8.10554321
CC(C)CC1(C(=O)Nc2ccc3c(c2)C(=O)N([C@@H]2CCC(=O)NC2=O)C3)CCC1,-7.887359842
CC(C)CC1(C(=O)Nc2ccc3c(c2)C(=O)N([C@H]2CCC(=O)NC2=O)C3)CCC1,-7.850425452
O=C1CC[C@H](N2Cc3ccc(NC(=O)C4CC(F)(F)C4)cc3C2=O)C(=O)N1,-7.932371488
O=C1CC[C@@H](N2Cc3ccc(NC(=O)C4CC(F)(F)C4)cc3C2=O)C(=O)N1,-7.946575835
N#CN1CCC(c2ccccc2NC(=O)c2ccc3c(c2)CN([C@@H]2CCC(=O)NC2=O)C3=O)CC1,-7.879559961
N#CN1CCC(c2ccccc2NC(=O)c2ccc3c(c2)CN([C@H]2CCC(=O)NC2=O)C3=O)CC1,-7.911368837
N#CN1CC[C@H](c2cccc(-c3[nH]ncc3C(=O)N[C@@H]3CCC(=O)NC3=O)c2)C1,-8.063803247
N#CN1CC[C@@H](c2cccc(-c3[nH]ncc3C(=O)N[C@@H]3CCC(=O)NC3=O)c2)C1,-7.955187371
N#CN1CC[C@H](c2cccc(-c3[nH]ncc3C(=O)N[C@H]3CCC(=O)NC3=O)c2)C1,-8.034225094
N#CN1CC[C@@H](c2cccc(-c3[nH]ncc3C(=O)N[C@H]3CCC(=O)NC3=O)c2)C1,-7.596184187
CC1(C)CCO[C@H](C(=O)NCc2occc2C(=O)N[C@@H]2CCC(=O)NC2=O)C1,-7.807951138
CC1(C)CCO[C@@H](C(=O)NCc2occc2C(=O)N[C@@H]2CCC(=O)NC2=O)C1,-7.806139748
CC1(C)CCO[C@H](C(=O)NCc2occc2C(=O)N[C@H]2CCC(=O)NC2=O)C1,-7.519164515
CC1(C)CCO[C@@H](C(=O)NCc2occc2C(=O)N[C@H]2CCC(=O)NC2=O)C1,-7.525982512
O=C1CC[C@H](NC(=O)c2cc(NC(=O)NCc3ccccc3)ccc2O)C(=O)N1,-8.054425359
O=C1CC[C@@H](NC(=O)c2cc(NC(=O)NCc3ccccc3)ccc2O)C(=O)N1,-8.088397052
O=C1CC[C@H](Nc2ccnc(-c3cncc(Br)c3)n2)C(=O)N1,-8.210180903
O=C1CC[C@@H](Nc2ccnc(-c3cncc(Br)c3)n2)C(=O)N1,-8.174719132
N#CN1CC[C@H](c2ncccc2-c2ccc3c(c2)C(=O)N([C@@H]2CCC(=O)NC2=O)C3)C1,-7.770552807
N#CN1CC[C@@H](c2ncccc2-c2ccc3c(c2)C(=O)N([C@@H]2CCC(=O)NC2=O)C3)C1,-7.774470101
N#CN1CC[C@H](c2ncccc2-c2ccc3c(c2)C(=O)N([C@H]2CCC(=O)NC2=O)C3)C1,-7.70137146
N#CN1CC[C@@H](c2ncccc2-c2ccc3c(c2)C(=O)N([C@H]2CCC(=O)NC2=O)C3)C1,-7.764958268
Cc1ccc(-n2cnnc2)c(C(=O)N[C@@H]2CCC(=O)NC2=O)c1,-8.100133307
Cc1ccc(-n2cnnc2)c(C(=O)N[C@H]2CCC(=O)NC2=O)c1,-8.101127447
O=C1CC(c2ccc(NCc3nnc(C4CC4)s3)cc2)CC(=O)N1,-7.696538222
O=C1CC[C@H](NC(=O)c2cc3c(c(S(=O)(=O)F)c2)S(=O)(=O)C=C3)C(=O)N1,-9.203029381
O=C1CC[C@@H](NC(=O)c2cc3c(c(S(=O)(=O)F)c2)S(=O)(=O)C=C3)C(=O)N1,-9.202786839
O=C1CC[C@H](NC(=O)c2ccc3c(c2)C=CS3(=O)=O)C(=O)N1,-8.469104709
O=C1CC[C@@H](NC(=O)c2ccc3c(c2)C=CS3(=O)=O)C(=O)N1,-8.469203993
N#CN1CCC[C@H](c2cc(-c3ccc4c(c3)CN([C@@H]3CCC(=O)NC3=O)C4=O)cc3c2OCO3)C1,-7.789109948
N#CN1CCC[C@@H](c2cc(-c3ccc4c(c3)CN([C@@H]3CCC(=O)NC3=O)C4=O)cc3c2OCO3)C1,-7.939614561
N#CN1CCC[C@H](c2cc(-c3ccc4c(c3)CN([C@H]3CCC(=O)NC3=O)C4=O)cc3c2OCO3)C1,-7.910330366
N#CN1CCC[C@@H](c2cc(-c3ccc4c(c3)CN([C@H]3CCC(=O)NC3=O)C4=O)cc3c2OCO3)C1,-7.900313716
CC1(C(=O)Nc2ccc3c(c2)C(=O)N([C@@H]2CCC(=O)NC2=O)C3)CC=CC1,-7.882576311
CC1(C(=O)Nc2ccc3c(c2)C(=O)N([C@H]2CCC(=O)NC2=O)C3)CC=CC1,-7.888947649
Cc1nn2c(C)cccc2c1C(=O)Nc1ccc(N[C@@H]2CCC(=O)NC2=O)cc1,-7.90089393
Cc1nn2c(C)cccc2c1C(=O)Nc1ccc(N[C@H]2CCC(=O)NC2=O)cc1,-7.8591627
O=C1CC[C@H](N2Cc3cc(C4CCNCC4)c(S(=O)(=O)F)cc3C2=O)C(=O)N1,-8.133704448
O=C1CC[C@@H](N2Cc3cc(C4CCNCC4)c(S(=O)(=O)F)cc3C2=O)C(=O)N1,-8.111830377
O=C1CC[C@H](N2Cc3cc(C4CCNCC4)ccc3C2=O)C(=O)N1,-7.824340769
O=C1CC[C@@H](N2Cc3cc(C4CCNCC4)ccc3C2=O)C(=O)N1,-7.820906736
O=C1CC[C@H](N2Cc3cc(-c4ccc5cccc(O)c5n4)ccc3C2=O)C(=O)N1,-7.897628886
O=C1CC[C@@H](N2Cc3cc(-c4ccc5cccc(O)c5n4)ccc3C2=O)C(=O)N1,-7.897260551
N#CN1CCC(c2cccc(C(=O)Nc3ccc4c(c3)CN([C@@H]3CCC(=O)NC3=O)C4=O)c2)CC1,-7.866109994
N#CN1CCC(c2cccc(C(=O)Nc3ccc4c(c3)CN([C@H]3CCC(=O)NC3=O)C4=O)c2)CC1,-7.870378882
O=C1CC[C@H](N2Cc3ccc(CNc4ncnc5c4CCC5)cc3C2=O)C(=O)N1,-8.365355795
O=C1CC[C@@H](N2Cc3ccc(CNc4ncnc5c4CCC5)cc3C2=O)C(=O)N1,-8.368350029
O=C1CC[C@H](N2C(=O)c3ccc(NC(=O)c4cn5ccccc5n4)cc3C2=O)C(=O)N1,-8.476452571
O=C1CC[C@@H](N2C(=O)c3ccc(NC(=O)c4cn5ccccc5n4)cc3C2=O)C(=O)N1,-8.47660727
O=C1CC[C@H](N2C(=O)c3cccc(OCC(=O)N4CCCCC4)c3C2=O)C(=O)N1,-8.563746082
O=C1CC[C@@H](N2C(=O)c3cccc(OCC(=O)N4CCCCC4)c3C2=O)C(=O)N1,-8.593172757
N#CN1CC[C@H](c2cscc2-c2cnc(C(=O)N[C@@H]3CCC(=O)NC3=O)cn2)C1,-8.478206188
N#CN1CC[C@@H](c2cscc2-c2cnc(C(=O)N[C@@H]3CCC(=O)NC3=O)cn2)C1,-8.478219521
N#CN1CC[C@H](c2cscc2-c2cnc(C(=O)N[C@H]3CCC(=O)NC3=O)cn2)C1,-8.477035303
N#CN1CC[C@@H](c2cscc2-c2cnc(C(=O)N[C@H]3CCC(=O)NC3=O)cn2)C1,-8.605713216
N#CN1CC[C@H](c2cccn(Cc3cn([C@@H]4CCC(=O)NC4=O)nn3)c2=O)C1,-8.376303974
N#CN1CC[C@@H](c2cccn(Cc3cn([C@@H]4CCC(=O)NC4=O)nn3)c2=O)C1,-8.235343077
N#CN1CC[C@H](c2cccn(Cc3cn([C@H]4CCC(=O)NC4=O)nn3)c2=O)C1,-8.287916676
N#CN1CC[C@@H](c2cccn(Cc3cn([C@H]4CCC(=O)NC4=O)nn3)c2=O)C1,-8.365429656
O=C1CC[C@H](Nc2ccc(NC(=O)C[C@@H]3OCc4ncccc43)cc2)C(=O)N1,-7.928557506
O=C1CC[C@@H](Nc2ccc(NC(=O)C[C@@H]3OCc4ncccc43)cc2)C(=O)N1,-7.92012237
O=C1CC[C@H](Nc2ccc(NC(=O)C[C@H]3OCc4ncccc43)cc2)C(=O)N1,-7.826093675
O=C1CC[C@@H](Nc2ccc(NC(=O)C[C@H]3OCc4ncccc43)cc2)C(=O)N1,-7.860083285
O=C1CC[C@H](N2C(=O)c3ccccc3S2(=O)=O)C(=O)N1,-8.449591197
O=C1CC[C@@H](N2C(=O)c3ccccc3S2(=O)=O)C(=O)N1,-8.45067106
Cc1cccc2c1S(=O)(=O)N([C@@H]1CCC(=O)NC1=O)C2=O,-8.304207137
Cc1cccc2c1S(=O)(=O)N([C@H]1CCC(=O)NC1=O)C2=O,-8.303374521
O=C1CC[C@H](N2C(=O)c3cc(S(=O)(=O)F)ccc3S2(=O)=O)C(=O)N1,-9.391399536
O=C1CC[C@@H](N2C(=O)c3cc(S(=O)(=O)F)ccc3S2(=O)=O)C(=O)N1,-9.327582079
O=C1CC[C@H](N2C(=O)c3ccc(S(=O)(=O)F)cc3S2(=O)=O)C(=O)N1,-9.392063517
O=C1CC[C@@H](N2C(=O)c3ccc(S(=O)(=O)F)cc3S2(=O)=O)C(=O)N1,-9.326724648
O=C1CC[C@H](N2C(=O)c3cccc(S(=O)(=O)F)c3S2(=O)=O)C(=O)N1,-9.222405937
O=C1CC[C@@H](N2C(=O)c3cccc(S(=O)(=O)F)c3S2(=O)=O)C(=O)N1,-9.155464588
O=C1CC[C@H](N2C(=O)c3cc(OS(=O)(=O)F)ccc3S2(=O)=O)C(=O)N1,-8.966395106
O=C1CC[C@@H](N2C(=O)c3cc(OS(=O)(=O)F)ccc3S2(=O)=O)C(=O)N1,-8.877360836
O=C1CC[C@H](N2C(=O)c3cccc(OS(=O)(=O)F)c3S2(=O)=O)C(=O)N1,-8.957107997
O=C1CC[C@@H](N2C(=O)c3cccc(OS(=O)(=O)F)c3S2(=O)=O)C(=O)N1,-8.963001837
O=C1CC[C@H](N2C(=O)c3ccc(OS(=O)(=O)F)cc3S2(=O)=O)C(=O)N1,-8.957334083
O=C1CC[C@@H](N2C(=O)c3ccc(OS(=O)(=O)F)cc3S2(=O)=O)C(=O)N1,-8.878062065
N#CN1CCC(c2ccc3c(c2)C[C@H](Nc2cccc(N4CCC(=O)NC4=O)c2)CCC3)CC1,-7.280899932
N#CN1CCC(c2ccc3c(c2)C[C@@H](Nc2cccc(N4CCC(=O)NC4=O)c2)CCC3)CC1,-6.942740618
O=C1CC[C@H](Nc2ncnc3ccoc23)C(=O)N1,-8.021424691
O=C1CC[C@@H](Nc2ncnc3ccoc23)C(=O)N1,-8.021546905
O=C1CC[C@H](Nc2ncnc3cc(S(=O)(=O)F)oc23)C(=O)N1,-8.429722164
O=C1CC[C@@H](Nc2ncnc3cc(S(=O)(=O)F)oc23)C(=O)N1,-8.588871632
COc1cc2c(c(C(=O)N[C@@H]3CCC(=O)NC3=O)c1)NC(=O)CO2,-8.106420704
COc1cc2c(c(C(=O)N[C@H]3CCC(=O)NC3=O)c1)NC(=O)CO2,-8.106720288
O=C1CC[C@H](NC(=O)c2nc(-c3ccc(F)cc3)n3c2CCCCC3)C(=O)N1,-7.667656864
O=C1CC[C@@H](NC(=O)c2nc(-c3ccc(F)cc3)n3c2CCCCC3)C(=O)N1,-7.610883042
O=C1NC(=O)c2c1cccc2C(=O)Nc1cccc(-c2ncc3n2CCCC3)c1,-8.964731356
O=C1CC[C@H](NC(=O)c2cc3c(s2)CCCCCC3)C(=O)N1,-7.836262916
O=C1CC[C@@H](NC(=O)c2cc3c(s2)CCCCCC3)C(=O)N1,-7.884743716
Cc1c(Cl)nc(CC(C)C)nc1Nc1ccc([C@@H]2CCC(=O)NC2=O)cc1,-7.65428054
Cc1c(Cl)nc(CC(C)C)nc1Nc1ccc([C@H]2CCC(=O)NC2=O)cc1,-7.650590047
CN(C(=O)c1ccc(N2CCC(=O)NC2=O)cc1)[C@@H]1CCc2ncccc2C1,-7.469396022
CN(C(=O)c1ccc(N2CCC(=O)NC2=O)cc1)[C@H]1CCc2ncccc2C1,-7.472605862
N#CN1CCC[C@H](c2nc(-c3ccc(C(=O)N[C@@H]4CCC(=O)NC4=O)cc3)no2)C1,-8.153107431
N#CN1CCC[C@@H](c2nc(-c3ccc(C(=O)N[C@@H]4CCC(=O)NC4=O)cc3)no2)C1,-8.15279362
N#CN1CCC[C@H](c2nc(-c3ccc(C(=O)N[C@H]4CCC(=O)NC4=O)cc3)no2)C1,-8.154861122
N#CN1CCC[C@@H](c2nc(-c3ccc(C(=O)N[C@H]4CCC(=O)NC4=O)cc3)no2)C1,-8.162663055
CC(C)(C[C@@H]1CCOC1)C(=O)Nc1ccc([C@@H]2CCC(=O)NC2=O)cc1,-7.662127823
CC(C)(C[C@H]1CCOC1)C(=O)Nc1ccc([C@@H]2CCC(=O)NC2=O)cc1,-7.646551461
CC(C)(C[C@@H]1CCOC1)C(=O)Nc1ccc([C@H]2CCC(=O)NC2=O)cc1,-7.640462966
CC(C)(C[C@H]1CCOC1)C(=O)Nc1ccc([C@H]2CCC(=O)NC2=O)cc1,-7.620175092
N#CN1CCC[C@H](c2cncc(-c3nccc(N[C@@H]4CCC(=O)NC4=O)n3)c2)C1,-7.788339207
N#CN1CCC[C@@H](c2cncc(-c3nccc(N[C@@H]4CCC(=O)NC4=O)n3)c2)C1,-7.795530763
N#CN1CCC[C@H](c2cncc(-c3nccc(N[C@H]4CCC(=O)NC4=O)n3)c2)C1,-7.748530994
N#CN1CCC[C@@H](c2cncc(-c3nccc(N[C@H]4CCC(=O)NC4=O)n3)c2)C1,-7.767314539
O=C1CC[C@H](NC(=O)c2cncc3nc(OS(=O)(=O)F)cn23)C(=O)N1,-8.877919519
O=C1CC[C@@H](NC(=O)c2cncc3nc(OS(=O)(=O)F)cn23)C(=O)N1,-8.55658354
O=C1CC[C@H](NC(=O)c2cncc3nccn23)C(=O)N1,-8.230055549
O=C1CC[C@@H](NC(=O)c2cncc3nccn23)C(=O)N1,-8.229931154
O=C1CC[C@H](NC(=O)c2ncsc2-c2ccccc2Br)C(=O)N1,-7.867053786
O=C1CC[C@@H](NC(=O)c2ncsc2-c2ccccc2Br)C(=O)N1,-7.866762181
N#CN1CCC[C@H](c2ccccc2C(=O)Nc2ccc([C@@H]3CCC(=O)NC3=O)cc2)C1,-7.713729041
N#CN1CCC[C@@H](c2ccccc2C(=O)Nc2ccc([C@@H]3CCC(=O)NC3=O)cc2)C1,-7.705471943
N#CN1CCC[C@H](c2ccccc2C(=O)Nc2ccc([C@H]3CCC(=O)NC3=O)cc2)C1,-7.731615773
N#CN1CCC[C@@H](c2ccccc2C(=O)Nc2ccc([C@H]3CCC(=O)NC3=O)cc2)C1,-7.67090954
O=C1CCN(c2ccc(NCc3cnn(C[C@@H]4CCOC4)c3)cc2F)C(=O)N1,-7.077899492
O=C1CCN(c2ccc(NCc3cnn(C[C@H]4CCOC4)c3)cc2F)C(=O)N1,-7.077499912
N#CN1CC[C@H](c2cccc(-n3cncc3C(=O)N[C@@H]3CCC(=O)NC3=O)c2)C1,-7.76895289
N#CN1CC[C@@H](c2cccc(-n3cncc3C(=O)N[C@@H]3CCC(=O)NC3=O)c2)C1,-7.93102382
N#CN1CC[C@H](c2cccc(-n3cncc3C(=O)N[C@H]3CCC(=O)NC3=O)c2)C1,-7.922611525
N#CN1CC[C@@H](c2cccc(-n3cncc3C(=O)N[C@H]3CCC(=O)NC3=O)c2)C1,-8.090820356
O=C1CC[C@H](c2cccc(NC(=O)c3nc(C4CC4)n4ccccc34)c2)C(=O)N1,-7.538691434
O=C1CC[C@@H](c2cccc(NC(=O)c3nc(C4CC4)n4ccccc34)c2)C(=O)N1,-7.526705968
O=C1CC[C@H](NC(=O)c2oc(S(=O)(=O)F)c3c2CCOC3)C(=O)N1,-8.409457406
O=C1CC[C@@H](NC(=O)c2oc(S(=O)(=O)F)c3c2CCOC3)C(=O)N1,-8.409259837
O=C1CC[C@H](NC(=O)c2occ3c2CCOC3)C(=O)N1,-7.941009516
O=C1CC[C@@H](NC(=O)c2occ3c2CCOC3)C(=O)N1,-7.941114334
N#CN1CCC[C@H](c2ccn(Cc3cn([C@@H]4CCC(=O)NC4=O)nn3)n2)C1,-8.001305852
N#CN1CCC[C@@H](c2ccn(Cc3cn([C@@H]4CCC(=O)NC4=O)nn3)n2)C1,-7.952951953
N#CN1CCC[C@H](c2ccn(Cc3cn([C@H]4CCC(=O)NC4=O)nn3)n2)C1,-7.940450461
N#CN1CCC[C@@H](c2ccn(Cc3cn([C@H]4CCC(=O)NC4=O)nn3)n2)C1,-7.901906777
CN(c1cc(-n2ccnc2)ncn1)[C@@H]1CCC(=O)NC1=O,-8.150754227
CN(c1cc(-n2ccnc2)ncn1)[C@H]1CCC(=O)NC1=O,-8.153931356
O=C1CC[C@H](NC(=O)c2cc(Br)cc(N3CCCC3)c2)C(=O)N1,-7.987992684
O=C1CC[C@@H](NC(=O)c2cc(Br)cc(N3CCCC3)c2)C(=O)N1,-7.987756137
O=C1C[C@H](N2C(=O)Cc3cccc(F)c3C2=O)C(=O)N1,-9.053164999
O=C1C[C@@H](N2C(=O)Cc3cccc(F)c3C2=O)C(=O)N1,-9.054599104
O=C1CC[C@H](NC(=O)c2coc([C@@H]3CCCN3)n2)C(=O)N1,-7.791122654
O=C1CC[C@@H](NC(=O)c2coc([C@@H]3CCCN3)n2)C(=O)N1,-7.870836439
O=C1CC[C@H](NC(=O)c2coc([C@H]3CCCN3)n2)C(=O)N1,-7.735092429
O=C1CC[C@@H](NC(=O)c2coc([C@H]3CCCN3)n2)C(=O)N1,-7.73736773
Cn1c(C(F)(F)F)nc2cncc(C(=O)N[C@@H]3CCC(=O)NC3=O)c21,-8.362797035
Cn1c(C(F)(F)F)nc2cncc(C(=O)N[C@H]3CCC(=O)NC3=O)c21,-8.36250557
O=C1CC[C@H](NC(=O)c2cc3cccnc3c(O)n2)C(=O)N1,-8.142205559
O=C1CC[C@@H](NC(=O)c2cc3cccnc3c(O)n2)C(=O)N1,-8.140521162
O=C1CC[C@H](NC(=O)c2cc3cccnc3c(S(=O)(=O)F)n2)C(=O)N1,-9.540962266
O=C1CC[C@@H](NC(=O)c2cc3cccnc3c(S(=O)(=O)F)n2)C(=O)N1,-9.517081765
O=C1CC[C@H](NC(=O)c2cc3cc(S(=O)(=O)F)cnc3cn2)C(=O)N1,-9.7256392
O=C1CC[C@@H](NC(=O)c2cc3cc(S(=O)(=O)F)cnc3cn2)C(=O)N1,-9.727119448
O=C1CC[C@H](NC(=O)c2cc3c(OS(=O)(=O)F)ccnc3cn2)C(=O)N1,-9.115577891
O=C1CC[C@@H](NC(=O)c2cc3c(OS(=O)(=O)F)ccnc3cn2)C(=O)N1,-9.101332702
O=C1CC[C@H](N2Cc3cc(Br)cnc3C2=O)C(=O)N1,-8.321061646
O=C1CC[C@@H](N2Cc3cc(Br)cnc3C2=O)C(=O)N1,-8.321031656
O=C1CC[C@H](N2Cc3cc(S(=O)(=O)F)cnc3C2=O)C(=O)N1,-9.059956719
O=C1CC[C@@H](N2Cc3cc(S(=O)(=O)F)cnc3C2=O)C(=O)N1,-9.062414143
O=C1CC[C@H](N2Cc3cc(OS(=O)(=O)F)cnc3C2=O)C(=O)N1,-8.5242303
O=C1CC[C@@H](N2Cc3cc(OS(=O)(=O)F)cnc3C2=O)C(=O)N1,-8.505744993
O=C1CC[C@H](N2Cc3ccc(OS(=O)(=O)F)nc3C2=O)C(=O)N1,-8.133314913
O=C1CC[C@@H](N2Cc3ccc(OS(=O)(=O)F)nc3C2=O)C(=O)N1,-8.148792671
Cc1ccc(C(=O)N[C@@H]2CCC(=O)NC2=O)cc1NC(=O)Nc1ccccc1,-7.919199344
Cc1ccc(C(=O)N[C@H]2CCC(=O)NC2=O)cc1NC(=O)Nc1ccccc1,-7.918553715
CN1CCN(c2ncc(C(=O)N[C@@H]3CCC(=O)NC3=O)s2)CC1,-7.90653817
CN1CCN(c2ncc(C(=O)N[C@H]3CCC(=O)NC3=O)s2)CC1,-7.897942041
O=C1CC[C@H](N2C(=O)c3cccc(NCC(=O)N4CCCCN4)c3C2=O)C(=O)N1,-8.475866999
O=C1CC[C@@H](N2C(=O)c3cccc(NCC(=O)N4CCCCN4)c3C2=O)C(=O)N1,-8.424634707
COCc1nc(C(=O)N[C@@H]2CCC(=O)NC2=O)cs1,-7.856643592
COCc1nc(C(=O)N[C@H]2CCC(=O)NC2=O)cs1,-7.93941724
NCCc1nc(C(=O)N[C@@H]2CCC(=O)NC2=O)c(N)s1,-7.789217849
NCCc1nc(C(=O)N[C@H]2CCC(=O)NC2=O)c(N)s1,-7.779045246
O=C1CC[C@H](NC(=O)c2cscn2)C(=O)N1,-7.922223165
O=C1CC[C@@H](NC(=O)c2cscn2)C(=O)N1,-7.922118478
CCO[C@H](C)c1nc(C(=O)N[C@@H]2CCC(=O)NC2=O)cs1,-7.80700155
CCO[C@@H](C)c1nc(C(=O)N[C@@H]2CCC(=O)NC2=O)cs1,-7.805003932
CCO[C@H](C)c1nc(C(=O)N[C@H]2CCC(=O)NC2=O)cs1,-7.85970621
CCO[C@@H](C)c1nc(C(=O)N[C@H]2CCC(=O)NC2=O)cs1,-7.870444645
CC(C)c1sc(Cl)nc1C(=O)N[C@@H]1CCC(=O)NC1=O,-7.906870298
CC(C)c1sc(Cl)nc1C(=O)N[C@H]1CCC(=O)NC1=O,-7.906348402
O=C1CC[C@H](NC(=O)c2csc(S(=O)(=O)F)n2)C(=O)N1,-9.135515121
O=C1CC[C@@H](NC(=O)c2csc(S(=O)(=O)F)n2)C(=O)N1,-8.916607736
Cc1sc(CC(F)(F)F)nc1C(=O)N[C@@H]1CCC(=O)NC1=O,-7.934411758
Cc1sc(CC(F)(F)F)nc1C(=O)N[C@H]1CCC(=O)NC1=O,-7.921351299
Cc1nc(C(=O)N[C@@H]2CCC(=O)NC2=O)cs1,-7.880811378
Cc1nc(C(=O)N[C@H]2CCC(=O)NC2=O)cs1,-7.880561361
Cc1nc(C(=O)N[C@@H]2CCC(=O)NC2=O)c(C)s1,-7.817104286
Cc1nc(C(=O)N[C@H]2CCC(=O)NC2=O)c(C)s1,-7.816923262
CN(C)[S@](C)(=O)=Nc1nc(C(=O)N[C@@H]2CCC(=O)NC2=O)cs1,-7.721572218
CN(C)[S@@](C)(=O)=Nc1nc(C(=O)N[C@@H]2CCC(=O)NC2=O)cs1,-7.886626267
CN(C)[S@](C)(=O)=Nc1nc(C(=O)N[C@H]2CCC(=O)NC2=O)cs1,-7.87468755
CN(C)[S@@](C)(=O)=Nc1nc(C(=O)N[C@H]2CCC(=O)NC2=O)cs1,-7.723174474
CC(C)c1nc(C(=O)N[C@@H]2CCC(=O)NC2=O)cs1,-7.884741372
CC(C)c1nc(C(=O)N[C@H]2CCC(=O)NC2=O)cs1,-7.785122816
Cc1cnc(C(=O)NCc2ccc3c(c2)C(=O)N([C@@H]2CCC(=O)NC2=O)C3)o1,-7.889653031
Cc1cnc(C(=O)NCc2ccc3c(c2)C(=O)N([C@H]2CCC(=O)NC2=O)C3)o1,-7.931548227
CCc1noc(C(=O)NCc2ccc3c(c2)C(=O)N([C@@H]2CCC(=O)NC2=O)C3)n1,-8.519990957
CCc1noc(C(=O)NCc2ccc3c(c2)C(=O)N([C@H]2CCC(=O)NC2=O)C3)n1,-8.549349487
N#CN1CC[C@H](c2cccc(-c3nc(C(=O)N[C@@H]4CCC(=O)NC4=O)cs3)c2)C1,-8.281658323
N#CN1CC[C@@H](c2cccc(-c3nc(C(=O)N[C@@H]4CCC(=O)NC4=O)cs3)c2)C1,-8.237735291
N#CN1CC[C@H](c2cccc(-c3nc(C(=O)N[C@H]4CCC(=O)NC4=O)cs3)c2)C1,-8.23654364
N#CN1CC[C@@H](c2cccc(-c3nc(C(=O)N[C@H]4CCC(=O)NC4=O)cs3)c2)C1,-8.001287121
O=C1CC[C@H](CSCc2ccccc2)C(=O)N1,-7.661999587
O=C1CC[C@@H](CSCc2ccccc2)C(=O)N1,-7.756636078
COc1ccc(CSC[C@@H]2CCC(=O)NC2=O)cc1,-7.744147027
COc1ccc(CSC[C@H]2CCC(=O)NC2=O)cc1,-7.75759138
CC(C)(C)Nc1c(-c2ccc3c(c2)C(=O)N([C@@H]2CCC(=O)NC2=O)C3=O)nc2ccccn12,-8.529588221
CC(C)(C)Nc1c(-c2ccc3c(c2)C(=O)N([C@H]2CCC(=O)NC2=O)C3=O)nc2ccccn12,-8.505555112
CN(c1ncnc2c1CN(Cc1ccccc1)CC2)[C@@H]1CCC(=O)NC1=O,-7.658360534
CN(c1ncnc2c1CN(Cc1ccccc1)CC2)[C@H]1CCC(=O)NC1=O,-7.65600471
O=C1CC[C@H](N2Cc3cc(-c4ncc5ccccc5n4)ccc3C2=O)C(=O)N1,-8.32317036
O=C1CC[C@@H](N2Cc3cc(-c4ncc5ccccc5n4)ccc3C2=O)C(=O)N1,-8.306076523
CC[C@@H]1CCCCN1C(=O)c1ccc2c(c1)C(=O)N([C@@H]1CCC(=O)NC1=O)C2=O,-8.918611637
CC[C@H]1CCCCN1C(=O)c1ccc2c(c1)C(=O)N([C@@H]1CCC(=O)NC1=O)C2=O,-8.802990969
CC[C@@H]1CCCCN1C(=O)c1ccc2c(c1)C(=O)N([C@H]1CCC(=O)NC1=O)C2=O,-8.909405708
CC[C@H]1CCCCN1C(=O)c1ccc2c(c1)C(=O)N([C@H]1CCC(=O)NC1=O)C2=O,-8.792314979
O=C1CC[C@H](N2C(=O)c3ccc(C(=O)N4CCCCC4)cc3C2=O)C(=O)N1,-8.909825588
O=C1CC[C@@H](N2C(=O)c3ccc(C(=O)N4CCCCC4)cc3C2=O)C(=O)N1,-8.84556919
O=C1CC[C@H](N2C(=O)c3ccc(C(=O)N4CCC(F)CC4)cc3C2=O)C(=O)N1,-8.923922781
O=C1CC[C@@H](N2C(=O)c3ccc(C(=O)N4CCC(F)CC4)cc3C2=O)C(=O)N1,-8.910434039
CNc1ccccc1C(=O)NCCn1ccc(=O)[nH]c1=O,-7.435933613
N#CN1CCC[C@H](c2cc3c(cc2C(=O)Nc2cccc([C@@H]4CCC(=O)NC4=O)c2)CCCC3)C1,-7.563045012
N#CN1CCC[C@@H](c2cc3c(cc2C(=O)Nc2cccc([C@@H]4CCC(=O)NC4=O)c2)CCCC3)C1,-7.466639475
N#CN1CCC[C@H](c2cc3c(cc2C(=O)Nc2cccc([C@H]4CCC(=O)NC4=O)c2)CCCC3)C1,-7.611316452
N#CN1CCC[C@@H](c2cc3c(cc2C(=O)Nc2cccc([C@H]4CCC(=O)NC4=O)c2)CCCC3)C1,-7.49898263
N#CN1CCC[C@H](c2cccc(-c3cccc4c3C(=O)N([C@@H]3CCC(=O)NC3=O)C4)c2)C1,-7.921974583
N#CN1CCC[C@@H](c2cccc(-c3cccc4c3C(=O)N([C@@H]3CCC(=O)NC3=O)C4)c2)C1,-7.9646838
N#CN1CCC[C@H](c2cccc(-c3cccc4c3C(=O)N([C@H]3CCC(=O)NC3=O)C4)c2)C1,-7.970513362
N#CN1CCC[C@@H](c2cccc(-c3cccc4c3C(=O)N([C@H]3CCC(=O)NC3=O)C4)c2)C1,-7.930892361
N#CN1CC[C@H](c2cc(=O)[nH]cc2-c2ccc3c(c2)C(=O)N([C@@H]2CCC(=O)NC2=O)C3)C1,-7.971998134
N#CN1CC[C@@H](c2cc(=O)[nH]cc2-c2ccc3c(c2)C(=O)N([C@@H]2CCC(=O)NC2=O)C3)C1,-8.087576695
N#CN1CC[C@H](c2cc(=O)[nH]cc2-c2ccc3c(c2)C(=O)N([C@H]2CCC(=O)NC2=O)C3)C1,-7.993372327
N#CN1CC[C@@H](c2cc(=O)[nH]cc2-c2ccc3c(c2)C(=O)N([C@H]2CCC(=O)NC2=O)C3)C1,-7.989846189
C[C@H](c1ccccc1)c1cc(C(=O)N[C@@H]2CCC(=O)NC2=O)n[nH]1,-7.774457498
C[C@@H](c1ccccc1)c1cc(C(=O)N[C@@H]2CCC(=O)NC2=O)n[nH]1,-7.718337197
C[C@H](c1ccccc1)c1cc(C(=O)N[C@H]2CCC(=O)NC2=O)n[nH]1,-7.715651125
C[C@@H](c1ccccc1)c1cc(C(=O)N[C@H]2CCC(=O)NC2=O)n[nH]1,-7.774044237
O=C1CC[C@H](N2C(=O)C=C(Nc3ccccc3)C2=O)C(=O)N1,-8.107017847
O=C1CC[C@@H](N2C(=O)C=C(Nc3ccccc3)C2=O)C(=O)N1,-8.106978277
CCN(C1=CC(=O)N([C@@H]2CCC(=O)NC2=O)C1=O)c1cccc(C)c1,-7.80371539
CCN(C1=CC(=O)N([C@H]2CCC(=O)NC2=O)C1=O)c1cccc(C)c1,-7.815796107
CN(C1=CC(=O)N([C@@H]2CCC(=O)NC2=O)C1=O)c1ccc(F)c(F)c1,-8.847880828
CN(C1=CC(=O)N([C@H]2CCC(=O)NC2=O)C1=O)c1ccc(F)c(F)c1,-8.828139069
N#CN1CCC[C@H](c2cccc3c2OC(C(=O)Nc2ccc([C@@H]4CCC(=O)NC4=O)cc2)=CO3)C1,-7.822856706
N#CN1CCC[C@@H](c2cccc3c2OC(C(=O)Nc2ccc([C@@H]4CCC(=O)NC4=O)cc2)=CO3)C1,-7.703915402
N#CN1CCC[C@H](c2cccc3c2OC(C(=O)Nc2ccc([C@H]4CCC(=O)NC4=O)cc2)=CO3)C1,-7.836557028
N#CN1CCC[C@@H](c2cccc3c2OC(C(=O)Nc2ccc([C@H]4CCC(=O)NC4=O)cc2)=CO3)C1,-7.709449345
O=C1CC[C@]2(CC(c3cccnc3)=NO2)C(=O)N1,-8.108593168
O=C1CC[C@@]2(CC(c3cccnc3)=NO2)C(=O)N1,-8.108667971
O=C1CC[C@]2(CC(c3ccc(S(=O)(=O)F)nc3)=NO2)C(=O)N1,-7.952422418
O=C1CC[C@@]2(CC(c3ccc(S(=O)(=O)F)nc3)=NO2)C(=O)N1,-8.9242523
O=C1CC[C@]2(CC(c3ccc(OS(=O)(=O)F)nc3)=NO2)C(=O)N1,-8.678814136
O=C1CC[C@@]2(CC(c3ccc(OS(=O)(=O)F)nc3)=NO2)C(=O)N1,-8.569440182
O=C1CC[C@]2(CC(c3cncc(OS(=O)(=O)F)c3)=NO2)C(=O)N1,-8.719045967
O=C1CC[C@@]2(CC(c3cncc(OS(=O)(=O)F)c3)=NO2)C(=O)N1,-8.568396578
O=C1CC[C@]2(CC(c3cccnc3OS(=O)(=O)F)=NO2)C(=O)N1,-8.554357268
O=C1CC[C@@]2(CC(c3cccnc3OS(=O)(=O)F)=NO2)C(=O)N1,-8.60131706
Cc1nc(-c2ccccc2)ncc1C(=O)N[C@@H]1CCC(=O)NC1=O,-8.089800355
Cc1nc(-c2ccccc2)ncc1C(=O)N[C@H]1CCC(=O)NC1=O,-8.089799982
O=C1CC[C@H](NC(=O)c2cnc(-c3ccccc3Cl)nc2)C(=O)N1,-8.323531045
O=C1CC[C@@H](NC(=O)c2cnc(-c3ccccc3Cl)nc2)C(=O)N1,-8.146255277
Cc1oc2[nH]c(=O)n(-c3ccccc3)c(=O)c2c1C(=O)N[C@@H]1CCC(=O)NC1=O,-8.73225155
Cc1oc2[nH]c(=O)n(-c3ccccc3)c(=O)c2c1C(=O)N[C@H]1CCC(=O)NC1=O,-8.733094535
C[S@](=O)(=NC(=O)c1ccc2c(c1)CNC2=O)C1CCNCC1,-7.693577675
C[S@@](=O)(=NC(=O)c1ccc2c(c1)CNC2=O)C1CCNCC1,-7.752074973
O=C1CC[C@H](NC(=O)c2cccn(CCCn3ccnc3)c2=O)C(=O)N1,-7.910355985
O=C1CC[C@@H](NC(=O)c2cccn(CCCn3ccnc3)c2=O)C(=O)N1,-7.92973737
N#CN1CC[C@H](c2ncn(-c3ccc(C(=O)N[C@@H]4CCC(=O)NC4=O)cc3)n2)C1,-8.195176994
N#CN1CC[C@@H](c2ncn(-c3ccc(C(=O)N[C@@H]4CCC(=O)NC4=O)cc3)n2)C1,-7.97096909
N#CN1CC[C@H](c2ncn(-c3ccc(C(=O)N[C@H]4CCC(=O)NC4=O)cc3)n2)C1,-8.145632147
N#CN1CC[C@@H](c2ncn(-c3ccc(C(=O)N[C@H]4CCC(=O)NC4=O)cc3)n2)C1,-8.157026191
O=C1CC[C@H](Oc2ccc(N3CCNCC3)cc2)C(=O)N1,-7.841034231
O=C1CC[C@@H](Oc2ccc(N3CCNCC3)cc2)C(=O)N1,-7.844811417
O=C1CC[C@H](N2Cc3ccc(NC(=O)[C@@H]4Cc5cccc(S(=O)(=O)F)c54)cc3C2=O)C(=O)N1,-7.975566917
O=C1CC[C@@H](N2Cc3ccc(NC(=O)[C@@H]4Cc5cccc(S(=O)(=O)F)c54)cc3C2=O)C(=O)N1,-7.801705054
O=C1CC[C@H](N2Cc3ccc(NC(=O)[C@H]4Cc5cccc(S(=O)(=O)F)c54)cc3C2=O)C(=O)N1,-7.939682376
O=C1CC[C@@H](N2Cc3ccc(NC(=O)[C@H]4Cc5cccc(S(=O)(=O)F)c54)cc3C2=O)C(=O)N1,-7.968708741
O=C1CC[C@H](N2Cc3ccc(NC(=O)[C@@H]4Cc5c4cccc5S(=O)(=O)F)cc3C2=O)C(=O)N1,-7.833145423
O=C1CC[C@@H](N2Cc3ccc(NC(=O)[C@@H]4Cc5c4cccc5S(=O)(=O)F)cc3C2=O)C(=O)N1,-7.83151289
O=C1CC[C@H](N2Cc3ccc(NC(=O)[C@H]4Cc5c4cccc5S(=O)(=O)F)cc3C2=O)C(=O)N1,-7.804448052
O=C1CC[C@@H](N2Cc3ccc(NC(=O)[C@H]4Cc5c4cccc5S(=O)(=O)F)cc3C2=O)C(=O)N1,-7.98138928
O=C1CC[C@H](N2Cc3ccc(NC(=O)[C@@H]4Cc5ccc(S(=O)(=O)F)cc54)cc3C2=O)C(=O)N1,-7.975885896
O=C1CC[C@@H](N2Cc3ccc(NC(=O)[C@@H]4Cc5ccc(S(=O)(=O)F)cc54)cc3C2=O)C(=O)N1,-7.977310471
O=C1CC[C@H](N2Cc3ccc(NC(=O)[C@H]4Cc5ccc(S(=O)(=O)F)cc54)cc3C2=O)C(=O)N1,-7.939903611
O=C1CC[C@@H](N2Cc3ccc(NC(=O)[C@H]4Cc5ccc(S(=O)(=O)F)cc54)cc3C2=O)C(=O)N1,-7.936308425
O=C1CC[C@H](N2Cc3ccc(NC(=O)[C@@H]4Cc5cc(S(=O)(=O)F)ccc54)cc3C2=O)C(=O)N1,-7.937836023
O=C1CC[C@@H](N2Cc3ccc(NC(=O)[C@@H]4Cc5cc(S(=O)(=O)F)ccc54)cc3C2=O)C(=O)N1,-7.990112976
O=C1CC[C@H](N2Cc3ccc(NC(=O)[C@H]4Cc5cc(S(=O)(=O)F)ccc54)cc3C2=O)C(=O)N1,-7.97519214
O=C1CC[C@@H](N2Cc3ccc(NC(=O)[C@H]4Cc5cc(S(=O)(=O)F)ccc54)cc3C2=O)C(=O)N1,-7.975562728
O=C1CC[C@H](N2Cc3ccc(NC(=O)[C@@H]4Cc5ccccc54)cc3C2=O)C(=O)N1,-7.88956594
O=C1CC[C@@H](N2Cc3ccc(NC(=O)[C@@H]4Cc5ccccc54)cc3C2=O)C(=O)N1,-7.887803595
O=C1CC[C@H](N2Cc3ccc(NC(=O)[C@H]4Cc5ccccc54)cc3C2=O)C(=O)N1,-7.889291044
O=C1CC[C@@H](N2Cc3ccc(NC(=O)[C@H]4Cc5ccccc54)cc3C2=O)C(=O)N1,-7.893496742
O=C1CC[C@H](N2Cc3cc(-c4nc(OS(=O)(=O)F)n[nH]4)ccc3C2=O)C(=O)N1,-8.449123267
O=C1CC[C@@H](N2Cc3cc(-c4nc(OS(=O)(=O)F)n[nH]4)ccc3C2=O)C(=O)N1,-8.430379943
CCn1ncnc1-c1ccc2c(c1)CN([C@@H]1CCC(=O)NC1=O)C2=O,-7.952452233
CCn1ncnc1-c1ccc2c(c1)CN([C@H]1CCC(=O)NC1=O)C2=O,-7.955488642
O=C1CC[C@H](N2Cc3c(ccc(-c4ncn[nH]4)c3S(=O)(=O)F)C2=O)C(=O)N1,-8.191996481
O=C1CC[C@@H](N2Cc3c(ccc(-c4ncn[nH]4)c3S(=O)(=O)F)C2=O)C(=O)N1,-8.302005418
O=C1CC[C@H](N2Cc3cc(-c4ncn[nH]4)c(S(=O)(=O)F)cc3C2=O)C(=O)N1,-8.322024228
O=C1CC[C@@H](N2Cc3cc(-c4ncn[nH]4)c(S(=O)(=O)F)cc3C2=O)C(=O)N1,-8.62951116
O=C1CC[C@H](NC(=O)c2cccc(=O)[nH]2)C(=O)N1,-8.276754487
O=C1CC[C@@H](NC(=O)c2cccc(=O)[nH]2)C(=O)N1,-8.276853292
Cc1ccc(C(=O)N[C@@H]2CCC(=O)NC2=O)n(C)c1=O,-8.206707436
Cc1ccc(C(=O)N[C@H]2CCC(=O)NC2=O)n(C)c1=O,-8.206890067
O=C1CC[C@H](n2cc(-c3cnn(C4CC4)c3)nn2)C(=O)N1,-7.911509981
O=C1CC[C@@H](n2cc(-c3cnn(C4CC4)c3)nn2)C(=O)N1,-7.91655785
Cc1c(C(=O)N[C@@H]2CCC(=O)NC2=O)sc2ncncc12,-8.500939888
Cc1c(C(=O)N[C@H]2CCC(=O)NC2=O)sc2ncncc12,-8.50095147
COCc1nc(OC)c2c(C)c(C(=O)N[C@@H]3CCC(=O)NC3=O)sc2n1,-8.066445169
COCc1nc(OC)c2c(C)c(C(=O)N[C@H]3CCC(=O)NC3=O)sc2n1,-8.088016854
N#CN1CC[C@H](c2cn[nH]c2-c2ccc3c(c2)CN([C@@H]2CCC(=O)NC2=O)C3=O)C1,-7.89323782
N#CN1CC[C@@H](c2cn[nH]c2-c2ccc3c(c2)CN([C@@H]2CCC(=O)NC2=O)C3=O)C1,-7.866314534
N#CN1CC[C@H](c2cn[nH]c2-c2ccc3c(c2)CN([C@H]2CCC(=O)NC2=O)C3=O)C1,-7.904202129
N#CN1CC[C@@H](c2cn[nH]c2-c2ccc3c(c2)CN([C@H]2CCC(=O)NC2=O)C3=O)C1,-7.944394304
N#CN1CC[C@H](c2cccc3c2CCO[C@@H]3C(=O)Nc2ccc([C@@H]3CCC(=O)NC3=O)cc2)C1,-7.658917702
N#CN1CC[C@@H](c2cccc3c2CCO[C@@H]3C(=O)Nc2ccc([C@@H]3CCC(=O)NC3=O)cc2)C1,-7.668197977
N#CN1CC[C@H](c2cccc3c2CCO[C@H]3C(=O)Nc2ccc([C@@H]3CCC(=O)NC3=O)cc2)C1,-7.668007794
N#CN1CC[C@@H](c2cccc3c2CCO[C@H]3C(=O)Nc2ccc([C@@H]3CCC(=O)NC3=O)cc2)C1,-7.683181739
N#CN1CC[C@H](c2cccc3c2CCO[C@@H]3C(=O)Nc2ccc([C@H]3CCC(=O)NC3=O)cc2)C1,-7.669827482
N#CN1CC[C@@H](c2cccc3c2CCO[C@@H]3C(=O)Nc2ccc([C@H]3CCC(=O)NC3=O)cc2)C1,-7.649240118
N#CN1CC[C@H](c2cccc3c2CCO[C@H]3C(=O)Nc2ccc([C@H]3CCC(=O)NC3=O)cc2)C1,-7.653990171
N#CN1CC[C@@H](c2cccc3c2CCO[C@H]3C(=O)Nc2ccc([C@H]3CCC(=O)NC3=O)cc2)C1,-7.685241904
N#CN1CC[C@H](c2ccc(-n3cc(C(=O)N[C@@H]4CCC(=O)NC4=O)ccc3=O)cc2)C1,-7.973868166
N#CN1CC[C@@H](c2ccc(-n3cc(C(=O)N[C@@H]4CCC(=O)NC4=O)ccc3=O)cc2)C1,-7.857766346
N#CN1CC[C@H](c2ccc(-n3cc(C(=O)N[C@H]4CCC(=O)NC4=O)ccc3=O)cc2)C1,-7.967161499
N#CN1CC[C@@H](c2ccc(-n3cc(C(=O)N[C@H]4CCC(=O)NC4=O)ccc3=O)cc2)C1,-7.959646942
N#CN1CCC(c2cc(-c3cccc4c3CN([C@@H]3CCC(=O)NC3=O)C4=O)cc3c2CNCC3)CC1,-7.84725303
N#CN1CCC(c2cc(-c3cccc4c3CN([C@H]3CCC(=O)NC3=O)C4=O)cc3c2CNCC3)CC1,-7.915676157
O=C1CC[C@H](NC(=O)c2cc3ccccc3c3[nH]cnc23)C(=O)N1,-7.7629
O=C1CC[C@@H](NC(=O)c2cc3ccccc3c3[nH]cnc23)C(=O)N1,-7.7627
N#CN1CCC[C@H](c2ccc(-c3cnc(C(=O)N[C@@H]4CCC(=O)NC4=O)o3)cc2)C1,-7.8433765
N#CN1CCC[C@@H](c2ccc(-c3cnc(C(=O)N[C@@H]4CCC(=O)NC4=O)o3)cc2)C1,-8.002633712
N#CN1CCC[C@H](c2ccc(-c3cnc(C(=O)N[C@H]4CCC(=O)NC4=O)o3)cc2)C1,-7.992705141
N#CN1CCC[C@@H](c2ccc(-c3cnc(C(=O)N[C@H]4CCC(=O)NC4=O)o3)cc2)C1,-8.043158164
O=C1CC[C@H](NC(=O)c2c[nH]c3ccc(Oc4ccccc4)cc3c2=O)C(=O)N1,-7.850570846
O=C1CC[C@@H](NC(=O)c2c[nH]c3ccc(Oc4ccccc4)cc3c2=O)C(=O)N1,-7.859034767
CC(C)CN1C(=O)c2ccc(C(=O)N3CCN(C(=O)CCl)CC3)cc2C1=O,-8.759608516
Cn1cnc(C#N)c1C(=O)NCc1cc(C(=O)N[C@@H]2CCC(=O)NC2=O)[nH]n1,-8.115759506
Cn1cnc(C#N)c1C(=O)NCc1cc(C(=O)N[C@H]2CCC(=O)NC2=O)[nH]n1,-8.103967355
O=C1CC[C@H](c2cccc(NC(=O)Cn3nnc(-c4ccco4)n3)c2)C(=O)N1,-8.102946515
O=C1CC[C@@H](c2cccc(NC(=O)Cn3nnc(-c4ccco4)n3)c2)C(=O)N1,-8.080377899
O=C1CC[C@H](N2Cc3ccc(C(=O)Nc4nccs4)cc3C2=O)C(=O)N1,-8.018689125
O=C1CC[C@@H](N2Cc3ccc(C(=O)Nc4nccs4)cc3C2=O)C(=O)N1,-8.018793441
N#CN1CCC[C@H](c2cccc3c2O[C@H](c2nc(C(=O)N[C@@H]4CCC(=O)NC4=O)cs2)C3)C1,-8.000506509
N#CN1CCC[C@@H](c2cccc3c2O[C@H](c2nc(C(=O)N[C@@H]4CCC(=O)NC4=O)cs2)C3)C1,-7.729593472
N#CN1CCC[C@H](c2cccc3c2O[C@@H](c2nc(C(=O)N[C@@H]4CCC(=O)NC4=O)cs2)C3)C1,-7.972490013
N#CN1CCC[C@@H](c2cccc3c2O[C@@H](c2nc(C(=O)N[C@@H]4CCC(=O)NC4=O)cs2)C3)C1,-8.001465768
N#CN1CCC[C@H](c2cccc3c2O[C@H](c2nc(C(=O)N[C@H]4CCC(=O)NC4=O)cs2)C3)C1,-7.983054972
N#CN1CCC[C@@H](c2cccc3c2O[C@H](c2nc(C(=O)N[C@H]4CCC(=O)NC4=O)cs2)C3)C1,-7.982330966
N#CN1CCC[C@H](c2cccc3c2O[C@@H](c2nc(C(=O)N[C@H]4CCC(=O)NC4=O)cs2)C3)C1,-7.978263029
N#CN1CCC[C@@H](c2cccc3c2O[C@@H](c2nc(C(=O)N[C@H]4CCC(=O)NC4=O)cs2)C3)C1,-7.833750355
O=C1CC[C@H](N2Cc3c(ccc(S(=O)(=O)F)c3-c3cncnc3)C2=O)C(=O)N1,-9.256710703
O=C1CC[C@@H](N2Cc3c(ccc(S(=O)(=O)F)c3-c3cncnc3)C2=O)C(=O)N1,-8.548698975
O=C1CC[C@H](N2Cc3c(cccc3-c3cnc(OS(=O)(=O)F)nc3)C2=O)C(=O)N1,-8.856313806
O=C1CC[C@@H](N2Cc3c(cccc3-c3cnc(OS(=O)(=O)F)nc3)C2=O)C(=O)N1,-8.730108584
Nc1ncc(-c2cccc3c2CN([C@@H]2CCC(=O)NC2=O)C3=O)cn1,-7.886463075
Nc1ncc(-c2cccc3c2CN([C@H]2CCC(=O)NC2=O)C3=O)cn1,-7.865065243
COc1ncncc1-c1cccc2c1CN([C@@H]1CCC(=O)NC1=O)C2=O,-7.91733611
COc1ncncc1-c1cccc2c1CN([C@H]1CCC(=O)NC1=O)C2=O,-7.919437021
CCN(CC)c1ncc(-c2cccc3c2CN([C@@H]2CCC(=O)NC2=O)C3=O)cn1,-7.226751175
CCN(CC)c1ncc(-c2cccc3c2CN([C@H]2CCC(=O)NC2=O)C3=O)cn1,-7.283217005
N#CN1CCC(c2cccc3c2C[C@H](c2nc(C(=O)N[C@@H]4CCC(=O)NC4=O)cs2)O3)CC1,-7.905132782
N#CN1CCC(c2cccc3c2C[C@@H](c2nc(C(=O)N[C@@H]4CCC(=O)NC4=O)cs2)O3)CC1,-7.89344557
N#CN1CCC(c2cccc3c2C[C@H](c2nc(C(=O)N[C@H]4CCC(=O)NC4=O)cs2)O3)CC1,-7.895914266
N#CN1CCC(c2cccc3c2C[C@@H](c2nc(C(=O)N[C@H]4CCC(=O)NC4=O)cs2)O3)CC1,-7.751032629
N#CN1CCC[C@H](c2cccc3c2C[C@H](Nc2ccc(N4CCC(=O)NC4=O)cc2)CO3)C1,-7.191676727
N#CN1CCC[C@@H](c2cccc3c2C[C@H](Nc2ccc(N4CCC(=O)NC4=O)cc2)CO3)C1,-7.172674399
N#CN1CCC[C@H](c2cccc3c2C[C@@H](Nc2ccc(N4CCC(=O)NC4=O)cc2)CO3)C1,-7.136942668
N#CN1CCC[C@@H](c2cccc3c2C[C@@H](Nc2ccc(N4CCC(=O)NC4=O)cc2)CO3)C1,-7.181027569
N#CN1CCC[C@H](c2ccc3c(c2)N(c2ccc(C(=O)N[C@@H]4CCC(=O)NC4=O)cc2)CCC3)C1,-7.999973423
N#CN1CCC[C@@H](c2ccc3c(c2)N(c2ccc(C(=O)N[C@@H]4CCC(=O)NC4=O)cc2)CCC3)C1,-7.996479895
N#CN1CCC[C@H](c2ccc3c(c2)N(c2ccc(C(=O)N[C@H]4CCC(=O)NC4=O)cc2)CCC3)C1,-8.019985658
N#CN1CCC[C@@H](c2ccc3c(c2)N(c2ccc(C(=O)N[C@H]4CCC(=O)NC4=O)cc2)CCC3)C1,-8.023205431
O=C1CC[C@H](NC(=O)c2csc3nnsc23)C(=O)N1,-8.661513435
O=C1CC[C@@H](NC(=O)c2csc3nnsc23)C(=O)N1,-8.659793043
N#Cc1cnc(Nc2ccc([C@@H]3CCC(=O)NC3=O)cc2)c2sccc12,-7.971895499
N#Cc1cnc(Nc2ccc([C@H]3CCC(=O)NC3=O)cc2)c2sccc12,-7.9773047
O=C(/C=C/[C@@H]1CCCO1)Nc1cccc2c1CNC2=O,-7.508651013
O=C(/C=C/[C@H]1CCCO1)Nc1cccc2c1CNC2=O,-7.520692986
O=C(/C=C\[C@@H]1CCCO1)Nc1cccc2c1CNC2=O,-7.479160117
O=C(/C=C\[C@H]1CCCO1)Nc1cccc2c1CNC2=O,-7.47860933
O=C1CC[C@H](N2C(=O)c3ccc(N4CCN(C5CNC5)CC4)cc3C2=O)C(=O)N1,-7.926553345
O=C1CC[C@@H](N2C(=O)c3ccc(N4CCN(C5CNC5)CC4)cc3C2=O)C(=O)N1,-7.902166164
N#Cc1cnc2c(C(=O)Nc3ccc([C@@H]4CCC(=O)NC4=O)cc3)cnn2c1,-8.971236845
N#Cc1cnc2c(C(=O)Nc3ccc([C@H]4CCC(=O)NC4=O)cc3)cnn2c1,-8.9713873
CN(C)C(=O)c1cncc(-c2cccc3c2C(=O)NC3)c1,-7.44509511
O=C1CC[C@H](NC(=O)c2ccc(-c3cccnc3)cc2C(F)(F)F)C(=O)N1,-8.022787638
O=C1CC[C@@H](NC(=O)c2ccc(-c3cccnc3)cc2C(F)(F)F)C(=O)N1,-8.021905476
N#CN1CCC[C@H](c2c(C(=O)Nc3ccc([C@@H]4CCC(=O)NC4=O)cc3)sc3c2COCC3)C1,-7.882254188
N#CN1CCC[C@@H](c2c(C(=O)Nc3ccc([C@@H]4CCC(=O)NC4=O)cc3)sc3c2COCC3)C1,-7.855202327
N#CN1CCC[C@H](c2c(C(=O)Nc3ccc([C@H]4CCC(=O)NC4=O)cc3)sc3c2COCC3)C1,-7.916958939
N#CN1CCC[C@@H](c2c(C(=O)Nc3ccc([C@H]4CCC(=O)NC4=O)cc3)sc3c2COCC3)C1,-7.940470549
O=C1CC[C@H](NC(=O)c2sc(-c3nn[nH]n3)cc2Cl)C(=O)N1,-8.360249268
O=C1CC[C@@H](NC(=O)c2sc(-c3nn[nH]n3)cc2Cl)C(=O)N1,-8.360195023
O=C1CC[C@H](NC(=O)c2ccc3c(c2)C(=O)N(Cc2ccccc2)C3=O)C(=O)N1,-8.854134954
O=C1CC[C@@H](NC(=O)c2ccc3c(c2)C(=O)N(Cc2ccccc2)C3=O)C(=O)N1,-8.854268213
N#CN1CC[C@H](c2nc(-c3ccc4c(c3)CN([C@@H]3CCC(=O)NC3=O)C4=O)co2)C1,-7.951122826
N#CN1CC[C@@H](c2nc(-c3ccc4c(c3)CN([C@@H]3CCC(=O)NC3=O)C4=O)co2)C1,-7.905018017
N#CN1CC[C@H](c2nc(-c3ccc4c(c3)CN([C@H]3CCC(=O)NC3=O)C4=O)co2)C1,-7.918823411
N#CN1CC[C@@H](c2nc(-c3ccc4c(c3)CN([C@H]3CCC(=O)NC3=O)C4=O)co2)C1,-7.91413052
Cc1cncc(CC(=O)NCc2cc(C(=O)N[C@@H]3CCC(=O)NC3=O)n(C)n2)c1,-8.13913277
Cc1cncc(CC(=O)NCc2cc(C(=O)N[C@H]3CCC(=O)NC3=O)n(C)n2)c1,-8.046806964
N#CN1CCC[C@H](c2ccn(-c3cccc(C(=O)N[C@@H]4CCC(=O)NC4=O)n3)n2)C1,-8.070224476
N#CN1CCC[C@@H](c2ccn(-c3cccc(C(=O)N[C@@H]4CCC(=O)NC4=O)n3)n2)C1,-8.080679505
N#CN1CCC[C@H](c2ccn(-c3cccc(C(=O)N[C@H]4CCC(=O)NC4=O)n3)n2)C1,-7.913376888
N#CN1CCC[C@@H](c2ccn(-c3cccc(C(=O)N[C@H]4CCC(=O)NC4=O)n3)n2)C1,-7.930499218
O=C1CC(Cc2ccccc2)CC(=O)N1,-7.607315324
N#CN1CCC[C@H](c2c(-c3ccc4c(c3)CN([C@@H]3CCC(=O)NC3=O)C4=O)ccc3c2OCO3)C1,-7.832103058
N#CN1CCC[C@@H](c2c(-c3ccc4c(c3)CN([C@@H]3CCC(=O)NC3=O)C4=O)ccc3c2OCO3)C1,-7.859517567
N#CN1CCC[C@H](c2c(-c3ccc4c(c3)CN([C@H]3CCC(=O)NC3=O)C4=O)ccc3c2OCO3)C1,-7.861182299
N#CN1CCC[C@@H](c2c(-c3ccc4c(c3)CN([C@H]3CCC(=O)NC3=O)C4=O)ccc3c2OCO3)C1,-7.794910744
N#CN1CC[C@H](c2cc(-c3cccc4c3CN([C@@H]3CCC(=O)NC3=O)C4=O)ccn2)C1,-7.898275535
N#CN1CC[C@@H](c2cc(-c3cccc4c3CN([C@@H]3CCC(=O)NC3=O)C4=O)ccn2)C1,-7.670763462
N#CN1CC[C@H](c2cc(-c3cccc4c3CN([C@H]3CCC(=O)NC3=O)C4=O)ccn2)C1,-7.671107665
N#CN1CC[C@@H](c2cc(-c3cccc4c3CN([C@H]3CCC(=O)NC3=O)C4=O)ccn2)C1,-7.549705947
O=C1CC[C@H](NC(=O)c2ccncc2Oc2ccc(F)cc2)C(=O)N1,-8.137214447
O=C1CC[C@@H](NC(=O)c2ccncc2Oc2ccc(F)cc2)C(=O)N1,-8.13685359
O=C1CCN(CCc2cn([C@@H]3CCc4c(F)cccc43)nn2)C(=O)N1,-7.04700938
O=C1CCN(CCc2cn([C@H]3CCc4c(F)cccc43)nn2)C(=O)N1,-7.204303348
O=C1CC[C@H](N2Cc3cc(-c4nccc5cnccc45)ccc3C2=O)C(=O)N1,-8.581829699
O=C1CC[C@@H](N2Cc3cc(-c4nccc5cnccc45)ccc3C2=O)C(=O)N1,-8.383536317
O=C1CC[C@H](NC(=O)c2c[nH]c3ccc(-c4nn[nH]n4)cc23)C(=O)N1,-7.889576199
O=C1CC[C@@H](NC(=O)c2c[nH]c3ccc(-c4nn[nH]n4)cc23)C(=O)N1,-7.884485006
O=C1NCc2cccc(OCC3([C@@H]4CCCCO4)CC3)c21,-6.930689844
O=C1NCc2cccc(OCC3([C@H]4CCCCO4)CC3)c21,-6.961557349
Cc1oc2cc(C(=O)N[C@@H]3CCC(=O)NC3=O)[nH]c2c1C,-7.884327452
Cc1oc2cc(C(=O)N[C@H]3CCC(=O)NC3=O)[nH]c2c1C,-7.883730033
O=C1CC[C@H](NC(=O)c2cc3occc3[nH]2)C(=O)N1,-7.951343948
O=C1CC[C@@H](NC(=O)c2cc3occc3[nH]2)C(=O)N1,-7.950648081
Cn1c(C(=O)N[C@@H]2CCC(=O)NC2=O)cc2occc21,-7.918065024
Cn1c(C(=O)N[C@H]2CCC(=O)NC2=O)cc2occc21,-7.917375912
CC(C)(C)c1noc2nc(C(=O)N[C@@H]3CCC(=O)NC3=O)ccc12,-8.274339965
CC(C)(C)c1noc2nc(C(=O)N[C@H]3CCC(=O)NC3=O)ccc12,-8.266514266
O=C1CC[C@H](NC(=O)c2cc(S(=O)(=O)F)c3cnoc3n2)C(=O)N1,-9.783760808
O=C1CC[C@@H](NC(=O)c2cc(S(=O)(=O)F)c3cnoc3n2)C(=O)N1,-10.20982856
O=C1CC[C@H](NC(=O)c2ccc3c(S(=O)(=O)F)noc3n2)C(=O)N1,-10.32679518
O=C1CC[C@@H](NC(=O)c2ccc3c(S(=O)(=O)F)noc3n2)C(=O)N1,-10.27185539
Cc1csc(CNC(=O)c2cccc3c2CN([C@@H]2CCC(=O)NC2=O)C3=O)n1,-7.78315083
Cc1csc(CNC(=O)c2cccc3c2CN([C@H]2CCC(=O)NC2=O)C3=O)n1,-7.793126826
O=C1CC[C@H](NC(=O)c2cc3c(s2)CCCNC3=O)C(=O)N1,-7.910935831
O=C1CC[C@@H](NC(=O)c2cc3c(s2)CCCNC3=O)C(=O)N1,-7.898010405
NCC[C@@H]1CCCCN1C(=O)c1ccc2c(c1)C(=O)N([C@@H]1CCC(=O)NC1=O)C2,-7.769837814
NCC[C@H]1CCCCN1C(=O)c1ccc2c(c1)C(=O)N([C@@H]1CCC(=O)NC1=O)C2,-7.824502864
NCC[C@@H]1CCCCN1C(=O)c1ccc2c(c1)C(=O)N([C@H]1CCC(=O)NC1=O)C2,-7.793143239
NCC[C@H]1CCCCN1C(=O)c1ccc2c(c1)C(=O)N([C@H]1CCC(=O)NC1=O)C2,-7.904256011
C#CC1CCN(C(=O)c2ccc3c(c2)C(=O)N([C@@H]2CCC(=O)NC2=O)C3)CC1,-7.952240152
C#CC1CCN(C(=O)c2ccc3c(c2)C(=O)N([C@H]2CCC(=O)NC2=O)C3)CC1,-7.929209444
N#CN1CC[C@H](c2ccccc2-c2cc(C(=O)N[C@@H]3CCC(=O)NC3=O)on2)C1,-8.367893017
N#CN1CC[C@@H](c2ccccc2-c2cc(C(=O)N[C@@H]3CCC(=O)NC3=O)on2)C1,-8.059553992
N#CN1CC[C@H](c2ccccc2-c2cc(C(=O)N[C@H]3CCC(=O)NC3=O)on2)C1,-8.228816137
N#CN1CC[C@@H](c2ccccc2-c2cc(C(=O)N[C@H]3CCC(=O)NC3=O)on2)C1,-8.197431787
Nc1cc(=O)[nH]c2cc(C(=O)N[C@@H]3CCC(=O)NC3=O)nn12,-7.946261498
Nc1cc(=O)[nH]c2cc(C(=O)N[C@H]3CCC(=O)NC3=O)nn12,-7.944452033
O=C1CC[C@H](NC(=O)c2cn([C@@H]3CCCNCC3)nn2)C(=O)N1,-7.805910749
O=C1CC[C@@H](NC(=O)c2cn([C@@H]3CCCNCC3)nn2)C(=O)N1,-7.799957501
O=C1CC[C@H](NC(=O)c2cn([C@H]3CCCNCC3)nn2)C(=O)N1,-7.818476138
O=C1CC[C@@H](NC(=O)c2cn([C@H]3CCCNCC3)nn2)C(=O)N1,-7.783932294
CN1C(=O)CC[C@H](NC(=O)c2c[nH]c3cc(F)c(F)cc3c2=O)C1=O,-8.233353312
CN1C(=O)CC[C@@H](NC(=O)c2c[nH]c3cc(F)c(F)cc3c2=O)C1=O,-8.360110107
N#CN1CCC[C@H](c2cc(-c3cccc4c3CN([C@@H]3CCC(=O)NC3=O)C4=O)cc3c2CCO3)C1,-7.911477602
N#CN1CCC[C@@H](c2cc(-c3cccc4c3CN([C@@H]3CCC(=O)NC3=O)C4=O)cc3c2CCO3)C1,-7.88223277
N#CN1CCC[C@H](c2cc(-c3cccc4c3CN([C@H]3CCC(=O)NC3=O)C4=O)cc3c2CCO3)C1,-7.856590379
N#CN1CCC[C@@H](c2cc(-c3cccc4c3CN([C@H]3CCC(=O)NC3=O)C4=O)cc3c2CCO3)C1,-7.856510283
CC(C)c1cccc(-c2ccnc3c2C(=O)NC3)c1,-7.492447449
O=C1CC[C@H](N2Cc3ccc(S(=O)(=O)F)c(-c4ccccc4)c3C2=O)C(=O)N1,-8.241116388
O=C1CC[C@@H](N2Cc3ccc(S(=O)(=O)F)c(-c4ccccc4)c3C2=O)C(=O)N1,-8.137524576
O=C1CC[C@H](N2Cc3cc(S(=O)(=O)F)cc(-c4ccccc4)c3C2=O)C(=O)N1,-8.241100979
O=C1CC[C@@H](N2Cc3cc(S(=O)(=O)F)cc(-c4ccccc4)c3C2=O)C(=O)N1,-8.253254966
O=C1CC[C@H](N2Cc3cccc(-c4ccccc4S(=O)(=O)F)c3C2=O)C(=O)N1,-8.101891723
O=C1CC[C@@H](N2Cc3cccc(-c4ccccc4S(=O)(=O)F)c3C2=O)C(=O)N1,-8.131161566
O=C1CC[C@H](N2Cc3cccc(-c4cccc(OS(=O)(=O)F)c4)c3C2=O)C(=O)N1,-7.952319708
O=C1CC[C@@H](N2Cc3cccc(-c4cccc(OS(=O)(=O)F)c4)c3C2=O)C(=O)N1,-8.039482415
O=C1CC[C@H](N2Cc3cccc(-c4ccccc4)c3C2=O)C(=O)N1,-7.858311489
O=C1CC[C@@H](N2Cc3cccc(-c4ccccc4)c3C2=O)C(=O)N1,-7.867269247
O=C1CC[C@H](NC(=O)c2ccncc2-c2ccccc2)C(=O)N1,-7.858273479
O=C1CC[C@@H](NC(=O)c2ccncc2-c2ccccc2)C(=O)N1,-7.875633798
Cc1nc(COc2ccc(F)cc2)sc1C(=O)N[C@@H]1CCC(=O)NC1=O,-8.106164528
Cc1nc(COc2ccc(F)cc2)sc1C(=O)N[C@H]1CCC(=O)NC1=O,-8.103139424
O=C1CC[C@H](NC(=O)c2cncn2-c2cccc(F)n2)C(=O)N1,-8.123596904
O=C1CC[C@@H](NC(=O)c2cncn2-c2cccc(F)n2)C(=O)N1,-8.122367887
O=C1CC[C@H](NC(=O)c2ccccc2-c2ncc(-c3ccccc3F)o2)C(=O)N1,-8.068523613
O=C1CC[C@@H](NC(=O)c2ccccc2-c2ncc(-c3ccccc3F)o2)C(=O)N1,-8.014612053
Cc1nc(C(=O)Nc2cccc(C3CC(=O)NC(=O)C3)c2)c[nH]1,-8.055000068
Cc1nc2c(C)cccc2cc1C(=O)N/N=C/c1ccccc1,-7.839101564
Cc1nc2c(C)cccc2cc1C(=O)N/N=C\c1ccccc1,-7.85876256
Cc1nc2ccccc2cc1C(=O)N/N=C/c1ccccc1O,-8.002811656
Cc1nc2ccccc2cc1C(=O)N/N=C\c1ccccc1O,-8.067556477
Cc1nc2c(C)cccc2cc1C(=O)N/N=C/c1ccccc1O,-7.868997813
Cc1nc2c(C)cccc2cc1C(=O)N/N=C\c1ccccc1O,-7.963993453
Cc1nc2c(C)cccc2cc1C(=O)N/N=C/c1cccc(O)c1,-7.913218924
Cc1nc2c(C)cccc2cc1C(=O)N/N=C\c1cccc(O)c1,-7.809286965
Cc1ccc2nc(C)c(C(=O)N/N=C/c3cccc(O)c3)cc2c1,-7.895380953
Cc1ccc2nc(C)c(C(=O)N/N=C\c3cccc(O)c3)cc2c1,-7.833656037
Cc1nc2ccccc2cc1C(=O)N/N=C/c1cccc(Cl)c1,-8.013498388
Cc1nc2ccccc2cc1C(=O)N/N=C\c1cccc(Cl)c1,-8.057439315
Cc1nc2ccccc2cc1C(=O)N/N=C/c1cccc([N+](=O)[O-])c1,-8.998111786
Cc1nc2ccccc2cc1C(=O)N/N=C\c1cccc([N+](=O)[O-])c1,-9.249262206
Cc1nc2c(C)cccc2cc1C(=O)N/N=C/c1ccccc1Cl,-7.965524488
Cc1nc2c(C)cccc2cc1C(=O)N/N=C\c1ccccc1Cl,-7.940026745
Cc1nc2c(C)cccc2cc1C(=O)N/N=C/c1cccc(Cl)c1,-7.915054102
Cc1nc2c(C)cccc2cc1C(=O)N/N=C\c1cccc(Cl)c1,-7.881520375
Cc1ccc2nc(C)c(C(=O)N/N=C/c3cccc(Cl)c3)cc2c1,-7.973167507
Cc1ccc2nc(C)c(C(=O)N/N=C\c3cccc(Cl)c3)cc2c1,-7.932625344
Cc1nc2c(C)cccc2cc1C(=O)N/N=C/c1cccc([N+](=O)[O-])c1,-9.22632895
Cc1nc2c(C)cccc2cc1C(=O)N/N=C\c1cccc([N+](=O)[O-])c1,-8.984872581
Cc1ccc2nc(C)c(C(=O)N/N=C/c3cccc([N+](=O)[O-])c3)cc2c1,-8.977582793
Cc1ccc2nc(C)c(C(=O)N/N=C\c3cccc([N+](=O)[O-])c3)cc2c1,-9.228038914
CN(c1cc(C2CCCCC2)ncn1)[C@@H]1CCC(=O)NC1=O,-7.751017754
CN(c1cc(C2CCCCC2)ncn1)[C@H]1CCC(=O)NC1=O,-7.7209592
O=C1CC[C@H](N2Cc3cc(NC4=NO[C@@H]5C=C(F)C=C[C@H]45)ccc3C2=O)C(=O)N1,-7.859279828
O=C1CC[C@@H](N2Cc3cc(NC4=NO[C@@H]5C=C(F)C=C[C@H]45)ccc3C2=O)C(=O)N1,-7.892440585
O=C1CC[C@H](N2Cc3cc(NC4=NO[C@H]5C=C(F)C=C[C@H]45)ccc3C2=O)C(=O)N1,-7.8524579
O=C1CC[C@@H](N2Cc3cc(NC4=NO[C@H]5C=C(F)C=C[C@H]45)ccc3C2=O)C(=O)N1,-7.896116531
O=C1CC[C@H](N2Cc3cc(NC4=NO[C@@H]5C=C(F)C=C[C@@H]45)ccc3C2=O)C(=O)N1,-7.896361228
O=C1CC[C@@H](N2Cc3cc(NC4=NO[C@@H]5C=C(F)C=C[C@@H]45)ccc3C2=O)C(=O)N1,-7.89234896
O=C1CC[C@H](N2Cc3cc(NC4=NO[C@H]5C=C(F)C=C[C@@H]45)ccc3C2=O)C(=O)N1,-7.85300424
O=C1CC[C@@H](N2Cc3cc(NC4=NO[C@H]5C=C(F)C=C[C@@H]45)ccc3C2=O)C(=O)N1,-7.858053866
O=C1CC[C@H](N2Cc3cc(NC4=NO[C@@H]5C=CC=C[C@H]45)ccc3C2=O)C(=O)N1,-7.803603263
O=C1CC[C@@H](N2Cc3cc(NC4=NO[C@@H]5C=CC=C[C@H]45)ccc3C2=O)C(=O)N1,-7.818666766
O=C1CC[C@H](N2Cc3cc(NC4=NO[C@H]5C=CC=C[C@H]45)ccc3C2=O)C(=O)N1,-7.817794215
O=C1CC[C@@H](N2Cc3cc(NC4=NO[C@H]5C=CC=C[C@H]45)ccc3C2=O)C(=O)N1,-7.822820835
O=C1CC[C@H](N2Cc3cc(NC4=NO[C@@H]5C=CC=C[C@@H]45)ccc3C2=O)C(=O)N1,-7.8095948
O=C1CC[C@@H](N2Cc3cc(NC4=NO[C@@H]5C=CC=C[C@@H]45)ccc3C2=O)C(=O)N1,-7.809315628
O=C1CC[C@H](N2Cc3cc(NC4=NO[C@H]5C=CC=C[C@@H]45)ccc3C2=O)C(=O)N1,-7.819392224
O=C1CC[C@@H](N2Cc3cc(NC4=NO[C@H]5C=CC=C[C@@H]45)ccc3C2=O)C(=O)N1,-7.821269195
CC1=C[C@@H]2ON=C(Nc3ccc4c(c3)CN([C@@H]3CCC(=O)NC3=O)C4=O)[C@@H]2C=C1,-8.095068012
CC1=C[C@H]2ON=C(Nc3ccc4c(c3)CN([C@@H]3CCC(=O)NC3=O)C4=O)[C@@H]2C=C1,-7.799972774
CC1=C[C@@H]2ON=C(Nc3ccc4c(c3)CN([C@H]3CCC(=O)NC3=O)C4=O)[C@@H]2C=C1,-7.896365119
CC1=C[C@H]2ON=C(Nc3ccc4c(c3)CN([C@H]3CCC(=O)NC3=O)C4=O)[C@@H]2C=C1,-7.799545729
CC1=C[C@@H]2ON=C(Nc3ccc4c(c3)CN([C@@H]3CCC(=O)NC3=O)C4=O)[C@H]2C=C1,-7.808243094
CC1=C[C@H]2ON=C(Nc3ccc4c(c3)CN([C@@H]3CCC(=O)NC3=O)C4=O)[C@H]2C=C1,-7.806401396
CC1=C[C@@H]2ON=C(Nc3ccc4c(c3)CN([C@H]3CCC(=O)NC3=O)C4=O)[C@H]2C=C1,-7.805490803
CC1=C[C@H]2ON=C(Nc3ccc4c(c3)CN([C@H]3CCC(=O)NC3=O)C4=O)[C@H]2C=C1,-7.799590829
N#CN1CCC(c2cccc3c2[C@H](C(=O)Nc2ccc([C@@H]4CCC(=O)NC4=O)cc2)CCC3)CC1,-7.58995711
N#CN1CCC(c2cccc3c2[C@@H](C(=O)Nc2ccc([C@@H]4CCC(=O)NC4=O)cc2)CCC3)CC1,-7.672644553
N#CN1CCC(c2cccc3c2[C@H](C(=O)Nc2ccc([C@H]4CCC(=O)NC4=O)cc2)CCC3)CC1,-7.6796044
N#CN1CCC(c2cccc3c2[C@@H](C(=O)Nc2ccc([C@H]4CCC(=O)NC4=O)cc2)CCC3)CC1,-7.677393628
O=C1CC[C@H](N2C(=O)c3ccc(OCc4cc(C5CC5)no4)cc3C2=O)C(=O)N1,-8.714675004
O=C1CC[C@@H](N2C(=O)c3ccc(OCc4cc(C5CC5)no4)cc3C2=O)C(=O)N1,-8.625412399
N#CN1CCC[C@H](c2cccc(-c3ccc4c(c3)CN([C@@H]3CCC(=O)NC3=O)C4=O)n2)C1,-7.971505081
N#CN1CCC[C@@H](c2cccc(-c3ccc4c(c3)CN([C@@H]3CCC(=O)NC3=O)C4=O)n2)C1,-7.888172659
N#CN1CCC[C@H](c2cccc(-c3ccc4c(c3)CN([C@H]3CCC(=O)NC3=O)C4=O)n2)C1,-7.985183546
N#CN1CCC[C@@H](c2cccc(-c3ccc4c(c3)CN([C@H]3CCC(=O)NC3=O)C4=O)n2)C1,-8.022829122
N#CN1CCC[C@H](c2ccc(-c3nc(C(=O)N[C@@H]4CCC(=O)NC4=O)c4n3CCOC4)cc2)C1,-7.710399795
N#CN1CCC[C@@H](c2ccc(-c3nc(C(=O)N[C@@H]4CCC(=O)NC4=O)c4n3CCOC4)cc2)C1,-7.659967973
N#CN1CCC[C@H](c2ccc(-c3nc(C(=O)N[C@H]4CCC(=O)NC4=O)c4n3CCOC4)cc2)C1,-7.686591795
N#CN1CCC[C@@H](c2ccc(-c3nc(C(=O)N[C@H]4CCC(=O)NC4=O)c4n3CCOC4)cc2)C1,-7.791933351
O=C1CC[C@H](NC(=O)c2cn3cc(Cl)cnc3n2)C(=O)N1,-8.256625954
O=C1CC[C@@H](NC(=O)c2cn3cc(Cl)cnc3n2)C(=O)N1,-8.462542139
N#CN1CCC[C@H](c2cccc(-c3cc(C(=O)N[C@@H]4CCC(=O)NC4=O)[nH]n3)c2)C1,-7.974810807
N#CN1CCC[C@@H](c2cccc(-c3cc(C(=O)N[C@@H]4CCC(=O)NC4=O)[nH]n3)c2)C1,-7.951876058
N#CN1CCC[C@H](c2cccc(-c3cc(C(=O)N[C@H]4CCC(=O)NC4=O)[nH]n3)c2)C1,-7.646343139
N#CN1CCC[C@@H](c2cccc(-c3cc(C(=O)N[C@H]4CCC(=O)NC4=O)[nH]n3)c2)C1,-7.863220436
O=C1CC[C@H](N2CCc3cc(N4CCCCC4)ccc32)C(=O)N1,-7.76538524
O=C1CC[C@@H](N2CCc3cc(N4CCCCC4)ccc32)C(=O)N1,-7.755520126
Cn1ccc(COc2ccc(-c3cccc([C@@H]4CCC(=O)NC4=O)c3Cl)cc2)n1,-7.577740489
Cn1ccc(COc2ccc(-c3cccc([C@H]4CCC(=O)NC4=O)c3Cl)cc2)n1,-7.592976695
N#Cc1ccccc1Oc1ccccc1C(=O)N[C@@H]1CCC(=O)NC1=O,-7.740548562
N#Cc1ccccc1Oc1ccccc1C(=O)N[C@H]1CCC(=O)NC1=O,-7.884585682
O=C1CC[C@H](NC(=O)c2cc(Cl)ccc2Oc2cccc(Cl)c2)C(=O)N1,-8.004933007
O=C1CC[C@@H](NC(=O)c2cc(Cl)ccc2Oc2cccc(Cl)c2)C(=O)N1,-8.004798769
O=C1CC[C@H](NC(=O)c2c(-c3ccccc3)cnc3ccccc23)C(=O)N1,-7.931727299
O=C1CC[C@@H](NC(=O)c2c(-c3ccccc3)cnc3ccccc23)C(=O)N1,-7.932327162
Cc1ccc(NC(=O)NCc2ccccc2C(=O)N[C@@H]2CCC(=O)NC2=O)cc1Cl,-8.023230961
Cc1ccc(NC(=O)NCc2ccccc2C(=O)N[C@H]2CCC(=O)NC2=O)cc1Cl,-8.218825088
N#CN1CC[C@H](c2ccccc2-c2csc(C(=O)N[C@@H]3CCC(=O)NC3=O)n2)C1,-7.994751651
N#CN1CC[C@@H](c2ccccc2-c2csc(C(=O)N[C@@H]3CCC(=O)NC3=O)n2)C1,-8.005275653
N#CN1CC[C@H](c2ccccc2-c2csc(C(=O)N[C@H]3CCC(=O)NC3=O)n2)C1,-7.974062394
N#CN1CC[C@@H](c2ccccc2-c2csc(C(=O)N[C@H]3CCC(=O)NC3=O)n2)C1,-8.257323681
O=C1CC[C@H](NC(=O)c2ccc(S(=O)(=O)N3CCOCC3)cc2)C(=O)N1,-8.180944079
O=C1CC[C@@H](NC(=O)c2ccc(S(=O)(=O)N3CCOCC3)cc2)C(=O)N1,-8.180806551
CN(c1oc(-c2ccccc2)nc1C(F)(F)F)[C@@H]1CCC(=O)NC1=O,-8.105733712
CN(c1oc(-c2ccccc2)nc1C(F)(F)F)[C@H]1CCC(=O)NC1=O,-8.135950294
N#CN1CC[C@H](c2cccc3c2C[C@H](Nc2ccc(N4CCC(=O)NC4=O)cc2)CO3)C1,-8.280578931
N#CN1CC[C@@H](c2cccc3c2C[C@H](Nc2ccc(N4CCC(=O)NC4=O)cc2)CO3)C1,-8.27007364
N#CN1CC[C@H](c2cccc3c2C[C@@H](Nc2ccc(N4CCC(=O)NC4=O)cc2)CO3)C1,-8.252653764
N#CN1CC[C@@H](c2cccc3c2C[C@@H](Nc2ccc(N4CCC(=O)NC4=O)cc2)CO3)C1,-8.264033709
O=C1CC[C@H](N2C(=O)c3ccc(OCC#CC4CC4)cc3C2=O)C(=O)N1,-8.568003545
O=C1CC[C@@H](N2C(=O)c3ccc(OCC#CC4CC4)cc3C2=O)C(=O)N1,-8.538147548
O=C1CC[C@H](N2C(=O)C=C(Br)C2=O)C(=O)N1,-9.800386238
O=C1CC[C@@H](N2C(=O)C=C(Br)C2=O)C(=O)N1,-9.800303883
O=C1CC[C@H](N2C(=O)C=CC2=O)C(=O)N1,-9.4272
O=C1CC[C@@H](N2C(=O)C=CC2=O)C(=O)N1,-9.4267
O=C1CC[C@H](N2Cc3cc(NC(=O)c4cnc5ccccc5n4)ccc3C2=O)C(=O)N1,-8.977233467
O=C1CC[C@@H](N2Cc3cc(NC(=O)c4cnc5ccccc5n4)ccc3C2=O)C(=O)N1,-8.977106478
N#CN1CC[C@H](c2ccsc2C(=O)Nc2ccc3c(c2)C(=O)N([C@@H]2CCC(=O)NC2=O)C3)C1,-8.168703226
N#CN1CC[C@@H](c2ccsc2C(=O)Nc2ccc3c(c2)C(=O)N([C@@H]2CCC(=O)NC2=O)C3)C1,-8.216772379
N#CN1CC[C@H](c2ccsc2C(=O)Nc2ccc3c(c2)C(=O)N([C@H]2CCC(=O)NC2=O)C3)C1,-8.04003225
N#CN1CC[C@@H](c2ccsc2C(=O)Nc2ccc3c(c2)C(=O)N([C@H]2CCC(=O)NC2=O)C3)C1,-8.03097382
Cn1ccc2ccc(CNC3=CC(=O)N([C@@H]4CCC(=O)NC4=O)C3=O)cc21,-8.083397236
Cn1ccc2ccc(CNC3=CC(=O)N([C@H]4CCC(=O)NC4=O)C3=O)cc21,-8.081075213
N#CN1CC[C@H](c2cnsc2-c2ccc3c(c2)CN([C@@H]2CCC(=O)NC2=O)C3=O)C1,-7.980903142
N#CN1CC[C@@H](c2cnsc2-c2ccc3c(c2)CN([C@@H]2CCC(=O)NC2=O)C3=O)C1,-7.948675805
N#CN1CC[C@H](c2cnsc2-c2ccc3c(c2)CN([C@H]2CCC(=O)NC2=O)C3=O)C1,-8.018123017
N#CN1CC[C@@H](c2cnsc2-c2ccc3c(c2)CN([C@H]2CCC(=O)NC2=O)C3=O)C1,-7.990947663
COc1ccsc1C(=O)NCc1ocnc1C(=O)N[C@@H]1CCC(=O)NC1=O,-8.047662748
COc1ccsc1C(=O)NCc1ocnc1C(=O)N[C@H]1CCC(=O)NC1=O,-7.974004157
N#CN1CCC[C@H](c2ccc(-c3ocnc3C(=O)N[C@@H]3CCC(=O)NC3=O)cc2)C1,-7.9314255
N#CN1CCC[C@@H](c2ccc(-c3ocnc3C(=O)N[C@@H]3CCC(=O)NC3=O)cc2)C1,-7.92687056
N#CN1CCC[C@H](c2ccc(-c3ocnc3C(=O)N[C@H]3CCC(=O)NC3=O)cc2)C1,-8.064528234
N#CN1CCC[C@@H](c2ccc(-c3ocnc3C(=O)N[C@H]3CCC(=O)NC3=O)cc2)C1,-8.129450471
O=C1CC[C@H](N2Cc3cc(-c4cnn5ccc(NCCc6ccccc6)nc45)ccc3C2=O)C(=O)N1,-7.759669133
O=C1CC[C@@H](N2Cc3cc(-c4cnn5ccc(NCCc6ccccc6)nc45)ccc3C2=O)C(=O)N1,-7.738924965
Cc1c(-c2cccc3c2CN([C@@H]2CCC(=O)NC2=O)C3=O)sc2ccccc12,-7.901114868
Cc1c(-c2cccc3c2CN([C@H]2CCC(=O)NC2=O)C3=O)sc2ccccc12,-7.903161909
N#CN1CCC[C@H](c2cc(-c3ccc4c(c3)CN([C@@H]3CCC(=O)NC3=O)C4=O)cc3c2C(=O)CC3)C1,-7.949337681
N#CN1CCC[C@@H](c2cc(-c3ccc4c(c3)CN([C@@H]3CCC(=O)NC3=O)C4=O)cc3c2C(=O)CC3)C1,-8.053911972
N#CN1CCC[C@H](c2cc(-c3ccc4c(c3)CN([C@H]3CCC(=O)NC3=O)C4=O)cc3c2C(=O)CC3)C1,-7.954642434
N#CN1CCC[C@@H](c2cc(-c3ccc4c(c3)CN([C@H]3CCC(=O)NC3=O)C4=O)cc3c2C(=O)CC3)C1,-7.981135199
O=C1CC[C@H](NC(=O)c2cc(=O)c3ccc(OS(=O)(=O)F)cc3o2)C(=O)N1,-8.850085441
O=C1CC[C@@H](NC(=O)c2cc(=O)c3ccc(OS(=O)(=O)F)cc3o2)C(=O)N1,-8.85751666
O=C1CC[C@H](NC(=O)c2cc(=O)c3cc(Cl)ccc3o2)C(=O)N1,-8.607205171
O=C1CC[C@@H](NC(=O)c2cc(=O)c3cc(Cl)ccc3o2)C(=O)N1,-8.606716541
O=C1CC[C@H](NC(=O)c2cc(=O)c3cccc(S(=O)(=O)F)c3o2)C(=O)N1,-9.040205802
O=C1CC[C@@H](NC(=O)c2cc(=O)c3cccc(S(=O)(=O)F)c3o2)C(=O)N1,-9.154146601
O=C1CC[C@H](NC(=O)c2cc(=O)c3ccc(S(=O)(=O)F)cc3o2)C(=O)N1,-9.154211922
O=C1CC[C@@H](NC(=O)c2cc(=O)c3ccc(S(=O)(=O)F)cc3o2)C(=O)N1,-9.04128388
O=C1CC[C@H](NC(=O)c2cc(=O)c3c(S(=O)(=O)F)cccc3o2)C(=O)N1,-9.108029092
O=C1CC[C@@H](NC(=O)c2cc(=O)c3c(S(=O)(=O)F)cccc3o2)C(=O)N1,-9.094063878
N#CN1CC[C@H](c2ccc(-c3scnc3C(=O)N[C@@H]3CCC(=O)NC3=O)cc2)C1,-8.052718895
N#CN1CC[C@@H](c2ccc(-c3scnc3C(=O)N[C@@H]3CCC(=O)NC3=O)cc2)C1,-8.024481384
N#CN1CC[C@H](c2ccc(-c3scnc3C(=O)N[C@H]3CCC(=O)NC3=O)cc2)C1,-7.936865487
N#CN1CC[C@@H](c2ccc(-c3scnc3C(=O)N[C@H]3CCC(=O)NC3=O)cc2)C1,-7.91518249
O=C1CC[C@H](N2Cc3ccc(C(=O)NCC[C@@H]4CCCN4)cc3C2=O)C(=O)N1,-7.942580684
O=C1CC[C@@H](N2Cc3ccc(C(=O)NCC[C@@H]4CCCN4)cc3C2=O)C(=O)N1,-7.891640542
O=C1CC[C@H](N2Cc3ccc(C(=O)NCC[C@H]4CCCN4)cc3C2=O)C(=O)N1,-7.9147761
O=C1CC[C@@H](N2Cc3ccc(C(=O)NCC[C@H]4CCCN4)cc3C2=O)C(=O)N1,-7.968439684
O=C1CC[C@H](N2C(=O)c3cccc(NCc4cc5ccccc5o4)c3C2=O)C(=O)N1,-8.586499196
O=C1CC[C@@H](N2C(=O)c3cccc(NCc4cc5ccccc5o4)c3C2=O)C(=O)N1,-8.020406034
CN1CCN(Cc2ccc(C(=O)N[C@@H]3CCC(=O)NC3=O)s2)CC1,-7.855326286
CN1CCN(Cc2ccc(C(=O)N[C@H]3CCC(=O)NC3=O)s2)CC1,-7.944209284
O=C1CC[C@H](NC(=O)c2cc([C@@H]3CNCCO3)no2)C(=O)N1,-8.222149149
O=C1CC[C@@H](NC(=O)c2cc([C@@H]3CNCCO3)no2)C(=O)N1,-8.223701505
O=C1CC[C@H](NC(=O)c2cc([C@H]3CNCCO3)no2)C(=O)N1,-8.225117823
O=C1CC[C@@H](NC(=O)c2cc([C@H]3CNCCO3)no2)C(=O)N1,-8.222873423
O=C1CC[C@H](c2cccc(NC(=O)C(F)(F)[C@]3(O)CCCNC3)c2)C(=O)N1,-7.956514302
O=C1CC[C@@H](c2cccc(NC(=O)C(F)(F)[C@]3(O)CCCNC3)c2)C(=O)N1,-7.626842292
O=C1CC[C@H](c2cccc(NC(=O)C(F)(F)[C@@]3(O)CCCNC3)c2)C(=O)N1,-7.658691602
O=C1CC[C@@H](c2cccc(NC(=O)C(F)(F)[C@@]3(O)CCCNC3)c2)C(=O)N1,-7.60527544
N#CN1CC[C@H](c2cc3c(c(-c4cccc5c4CN([C@@H]4CCC(=O)NC4=O)C5=O)c2)CCC3=O)C1,-8.061160951
N#CN1CC[C@@H](c2cc3c(c(-c4cccc5c4CN([C@@H]4CCC(=O)NC4=O)C5=O)c2)CCC3=O)C1,-8.032320544
N#CN1CC[C@H](c2cc3c(c(-c4cccc5c4CN([C@H]4CCC(=O)NC4=O)C5=O)c2)CCC3=O)C1,-8.0601993
N#CN1CC[C@@H](c2cc3c(c(-c4cccc5c4CN([C@H]4CCC(=O)NC4=O)C5=O)c2)CCC3=O)C1,-8.069450243
N#CN1CC[C@H](c2cnn(-c3ccccc3C(=O)N[C@@H]3CCC(=O)NC3=O)c2)C1,-7.9153387
N#CN1CC[C@@H](c2cnn(-c3ccccc3C(=O)N[C@@H]3CCC(=O)NC3=O)c2)C1,-8.085760197
N#CN1CC[C@H](c2cnn(-c3ccccc3C(=O)N[C@H]3CCC(=O)NC3=O)c2)C1,-7.86528618
N#CN1CC[C@@H](c2cnn(-c3ccccc3C(=O)N[C@H]3CCC(=O)NC3=O)c2)C1,-7.953234507
O=C1CC[C@H](N2Cc3cc(NC(=O)C4=N[C@@H]5C=CC=CC5=N4)ccc3C2=O)C(=O)N1,-7.788295085
O=C1CC[C@@H](N2Cc3cc(NC(=O)C4=N[C@@H]5C=CC=CC5=N4)ccc3C2=O)C(=O)N1,-7.861554109
O=C1CC[C@H](N2Cc3cc(NC(=O)C4=N[C@H]5C=CC=CC5=N4)ccc3C2=O)C(=O)N1,-7.747662556
Cc1noc(-c2cn(CC(=O)Nc3ccc([C@@H]4CCC(=O)NC4=O)cc3)cn2)n1,-7.768577791
Cc1noc(-c2cn(CC(=O)Nc3ccc([C@H]4CCC(=O)NC4=O)cc3)cn2)n1,-7.779267397
N#CN1CC[C@H](c2ccsc2-c2ccc(C(=O)N[C@@H]3CCC(=O)NC3=O)cn2)C1,-8.236854276
N#CN1CC[C@@H](c2ccsc2-c2ccc(C(=O)N[C@@H]3CCC(=O)NC3=O)cn2)C1,-8.08057705
N#CN1CC[C@H](c2ccsc2-c2ccc(C(=O)N[C@H]3CCC(=O)NC3=O)cn2)C1,-7.923022569
N#CN1CC[C@@H](c2ccsc2-c2ccc(C(=O)N[C@H]3CCC(=O)NC3=O)cn2)C1,-7.800945226
O=C1CC[C@H](NC(=O)c2ccc(=O)n(-c3cccc(S(=O)(=O)F)c3)c2)C(=O)N1,-8.302376082
O=C1CC[C@@H](NC(=O)c2ccc(=O)n(-c3cccc(S(=O)(=O)F)c3)c2)C(=O)N1,-8.305717502
Cc1cc(=O)n(-c2ccccc2)c(C)c1C(=O)N[C@@H]1CCC(=O)NC1=O,-8.18179617
Cc1cc(=O)n(-c2ccccc2)c(C)c1C(=O)N[C@H]1CCC(=O)NC1=O,-8.182307674
N#CN1CCC[C@H](c2cccc(-c3scnc3C(=O)N[C@@H]3CCC(=O)NC3=O)c2)C1,-8.213693663
N#CN1CCC[C@@H](c2cccc(-c3scnc3C(=O)N[C@@H]3CCC(=O)NC3=O)c2)C1,-7.74853894
N#CN1CCC[C@H](c2cccc(-c3scnc3C(=O)N[C@H]3CCC(=O)NC3=O)c2)C1,-8.23233293
N#CN1CCC[C@@H](c2cccc(-c3scnc3C(=O)N[C@H]3CCC(=O)NC3=O)c2)C1,-7.917849758
O=C1CC[C@H](Nc2cc(Br)ccn2)C(=O)N1,-7.880568369
O=C1CC[C@@H](Nc2cc(Br)ccn2)C(=O)N1,-7.880543386
N#Cc1nc(N[C@@H]2CCC(=O)NC2=O)ccc1C(F)(F)F,-8.715070396
N#Cc1nc(N[C@H]2CCC(=O)NC2=O)ccc1C(F)(F)F,-8.714005659
CN(c1cc(Br)cc(F)n1)[C@@H]1CCC(=O)NC1=O,-7.92878104
CN(c1cc(Br)cc(F)n1)[C@H]1CCC(=O)NC1=O,-7.928355424
NC(=O)c1c(Br)ccnc1N[C@@H]1CCC(=O)NC1=O,-7.871929724
NC(=O)c1c(Br)ccnc1N[C@H]1CCC(=O)NC1=O,-7.872342483
N#CN1CC[C@H](c2cccc(-c3nc(C(=O)N[C@@H]4CCC(=O)NC4=O)c[nH]3)c2)C1,-7.938100038
N#CN1CC[C@@H](c2cccc(-c3nc(C(=O)N[C@@H]4CCC(=O)NC4=O)c[nH]3)c2)C1,-7.798846144
N#CN1CC[C@H](c2cccc(-c3nc(C(=O)N[C@H]4CCC(=O)NC4=O)c[nH]3)c2)C1,-7.34170608
N#CN1CC[C@@H](c2cccc(-c3nc(C(=O)N[C@H]4CCC(=O)NC4=O)c[nH]3)c2)C1,-7.642748715
N#CN1CC[C@H](c2ccc3n(c2=O)[C@H](C(=O)Nc2ccc([C@@H]4CCC(=O)NC4=O)cc2)CC3)C1,-7.671421989
N#CN1CC[C@@H](c2ccc3n(c2=O)[C@H](C(=O)Nc2ccc([C@@H]4CCC(=O)NC4=O)cc2)CC3)C1,-7.696039067
N#CN1CC[C@H](c2ccc3n(c2=O)[C@@H](C(=O)Nc2ccc([C@@H]4CCC(=O)NC4=O)cc2)CC3)C1,-7.686359525
N#CN1CC[C@@H](c2ccc3n(c2=O)[C@@H](C(=O)Nc2ccc([C@@H]4CCC(=O)NC4=O)cc2)CC3)C1,-7.667010274
N#CN1CC[C@H](c2ccc3n(c2=O)[C@H](C(=O)Nc2ccc([C@H]4CCC(=O)NC4=O)cc2)CC3)C1,-7.793811044
N#CN1CC[C@@H](c2ccc3n(c2=O)[C@H](C(=O)Nc2ccc([C@H]4CCC(=O)NC4=O)cc2)CC3)C1,-7.517590493
N#CN1CC[C@H](c2ccc3n(c2=O)[C@@H](C(=O)Nc2ccc([C@H]4CCC(=O)NC4=O)cc2)CC3)C1,-7.53842268
N#CN1CC[C@@H](c2ccc3n(c2=O)[C@@H](C(=O)Nc2ccc([C@H]4CCC(=O)NC4=O)cc2)CC3)C1,-7.490361426
O=C1CC[C@H](NC(=O)c2[nH]nnc2-c2cccs2)C(=O)N1,-8.185438568
O=C1CC[C@@H](NC(=O)c2[nH]nnc2-c2cccs2)C(=O)N1,-8.185392489
O=C1CC[C@H](c2ccc(NC(=O)Cn3nnnc3-c3ccsc3)cc2)C(=O)N1,-7.756200304
O=C1CC[C@@H](c2ccc(NC(=O)Cn3nnnc3-c3ccsc3)cc2)C(=O)N1,-7.757849573
O=C1CC[C@H](NC(=O)c2cc3cc(Br)cn3c(=O)[nH]2)C(=O)N1,-8.343900528
O=C1CC[C@@H](NC(=O)c2cc3cc(Br)cn3c(=O)[nH]2)C(=O)N1,-8.344300012
O=C1CC[C@H](c2cccc(NC(=O)CCc3cnc4n3CCCCC4)c2)C(=O)N1,-7.667471524
O=C1CC[C@@H](c2cccc(NC(=O)CCc3cnc4n3CCCCC4)c2)C(=O)N1,-7.660408656
C=CC(=O)N(Cc1ccc(F)c(C)c1)c1ccc2c(c1)C(=O)NC2,-7.513617343
C=CC(=O)N(Cc1c(F)cc(F)cc1F)c1ccc2c(c1)C(=O)NC2,-7.593506085
O=C1CC[C@H](NC(=O)c2cn(CC3CC3)nc2-c2ccc(Cl)cc2)C(=O)N1,-7.848693935
O=C1CC[C@@H](NC(=O)c2cn(CC3CC3)nc2-c2ccc(Cl)cc2)C(=O)N1,-7.881179379
N#CN1CC[C@H](c2cccc(-c3ccc(C(=O)N[C@@H]4CCC(=O)NC4=O)cc3)c2)C1,-7.550779817
N#CN1CC[C@@H](c2cccc(-c3ccc(C(=O)N[C@@H]4CCC(=O)NC4=O)cc3)c2)C1,-7.734766782
N#CN1CC[C@H](c2cccc(-c3ccc(C(=O)N[C@H]4CCC(=O)NC4=O)cc3)c2)C1,-7.704429162
N#CN1CC[C@@H](c2cccc(-c3ccc(C(=O)N[C@H]4CCC(=O)NC4=O)cc3)c2)C1,-7.709318454
N#CN1CC[C@H](c2ncccc2C(=O)Nc2ccc([C@@H]3CCC(=O)NC3=O)cc2)C1,-8.089108333
N#CN1CC[C@@H](c2ncccc2C(=O)Nc2ccc([C@@H]3CCC(=O)NC3=O)cc2)C1,-8.093577917
N#CN1CC[C@H](c2ncccc2C(=O)Nc2ccc([C@H]3CCC(=O)NC3=O)cc2)C1,-8.08251188
N#CN1CC[C@@H](c2ncccc2C(=O)Nc2ccc([C@H]3CCC(=O)NC3=O)cc2)C1,-7.949009544
O=C1CC[C@H](c2ccc(NC(=O)c3coc(Cn4cccn4)c3)cc2)C(=O)N1,-7.626624128
O=C1CC[C@@H](c2ccc(NC(=O)c3coc(Cn4cccn4)c3)cc2)C(=O)N1,-7.626203311
O=C1CC[C@H](NC(=O)c2ccc3c(c2)CCN[C@@H]3C2CC2)C(=O)N1,-7.933245035
O=C1CC[C@@H](NC(=O)c2ccc3c(c2)CCN[C@@H]3C2CC2)C(=O)N1,-7.929074908
O=C1CC[C@H](NC(=O)c2ccc3c(c2)CCN[C@H]3C2CC2)C(=O)N1,-7.930871831
O=C1CC[C@@H](NC(=O)c2ccc3c(c2)CCN[C@H]3C2CC2)C(=O)N1,-7.933573141
O=C1CC[C@H](N2Cc3c(cccc3-c3cc4c(s3)C(=O)NCC4)C2=O)C(=O)N1,-7.879565387
O=C1CC[C@@H](N2Cc3c(cccc3-c3cc4c(s3)C(=O)NCC4)C2=O)C(=O)N1,-7.877492044
O=C1CC[C@H](n2cc([C@H](O)c3ccccc3)nn2)C(=O)N1,-8.279373056
O=C1CC[C@@H](n2cc([C@H](O)c3ccccc3)nn2)C(=O)N1,-8.276972272
O=C1CC[C@H](n2cc([C@@H](O)c3ccccc3)nn2)C(=O)N1,-7.819028063
O=C1CC[C@@H](n2cc([C@@H](O)c3ccccc3)nn2)C(=O)N1,-7.819528057
C[C@](O)(c1ccccc1)c1cn([C@@H]2CCC(=O)NC2=O)nn1,-8.273414877
C[C@@](O)(c1ccccc1)c1cn([C@@H]2CCC(=O)NC2=O)nn1,-8.285007098
C[C@](O)(c1ccccc1)c1cn([C@H]2CCC(=O)NC2=O)nn1,-7.953491066
C[C@@](O)(c1ccccc1)c1cn([C@H]2CCC(=O)NC2=O)nn1,-8.03169748
CC(C)(C)c1ccc([C@H](O)c2cn([C@@H]3CCC(=O)NC3=O)nn2)cc1,-8.283672838
CC(C)(C)c1ccc([C@@H](O)c2cn([C@@H]3CCC(=O)NC3=O)nn2)cc1,-8.182523937
CC(C)(C)c1ccc([C@H](O)c2cn([C@H]3CCC(=O)NC3=O)nn2)cc1,-8.180799279
CC(C)(C)c1ccc([C@@H](O)c2cn([C@H]3CCC(=O)NC3=O)nn2)cc1,-8.266932677
O=C1CC[C@H](n2cc(Cc3ccccc3)nn2)C(=O)N1,-8.179788588
O=C1CC[C@@H](n2cc(Cc3ccccc3)nn2)C(=O)N1,-8.232989403
C[C@](O)(c1cn([C@@H]2CCC(=O)NC2=O)nn1)c1ccccc1Br,-8.240532925
C[C@@](O)(c1cn([C@@H]2CCC(=O)NC2=O)nn1)c1ccccc1Br,-8.248548564
C[C@](O)(c1cn([C@H]2CCC(=O)NC2=O)nn1)c1ccccc1Br,-8.235521171
C[C@@](O)(c1cn([C@H]2CCC(=O)NC2=O)nn1)c1ccccc1Br,-8.235859925
N#CN1CC[C@H](c2ccc(-c3ccoc3C(=O)N[C@@H]3CCC(=O)NC3=O)cc2)C1,-7.934524229
N#CN1CC[C@@H](c2ccc(-c3ccoc3C(=O)N[C@@H]3CCC(=O)NC3=O)cc2)C1,-7.948495153
N#CN1CC[C@H](c2ccc(-c3ccoc3C(=O)N[C@H]3CCC(=O)NC3=O)cc2)C1,-7.924795525
N#CN1CC[C@@H](c2ccc(-c3ccoc3C(=O)N[C@H]3CCC(=O)NC3=O)cc2)C1,-7.849379679
O=C1CC[C@H](n2cc(-c3csc(C(=O)N4CCC4)c3)nn2)C(=O)N1,-8.328531643
O=C1CC[C@@H](n2cc(-c3csc(C(=O)N4CCC4)c3)nn2)C(=O)N1,-8.299391769
N#CN1CC[C@H](c2ccc3c(c2)OC[C@H](NC(=O)c2cccc(N4CCC(=O)NC4=O)c2)C3)C1,-7.276238813
N#CN1CC[C@@H](c2ccc3c(c2)OC[C@H](NC(=O)c2cccc(N4CCC(=O)NC4=O)c2)C3)C1,-7.498573938
N#CN1CC[C@H](c2ccc3c(c2)OC[C@@H](NC(=O)c2cccc(N4CCC(=O)NC4=O)c2)C3)C1,-7.650467057
N#CN1CC[C@@H](c2ccc3c(c2)OC[C@@H](NC(=O)c2cccc(N4CCC(=O)NC4=O)c2)C3)C1,-7.490155971
N#CN1CCC(c2cnnn2-c2cncc(C(=O)N[C@@H]3CCC(=O)NC3=O)c2)CC1,-8.584230633
N#CN1CCC(c2cnnn2-c2cncc(C(=O)N[C@H]3CCC(=O)NC3=O)c2)CC1,-8.530971644
C=CC(=O)NC[C@]1(c2ccccc2)NC(=O)NC1=O,-7.855433915
C=CC(=O)NC[C@@]1(c2ccccc2)NC(=O)NC1=O,-7.853462717
N#CN1CC[C@H](c2cc(-c3cccc(C(=O)N[C@@H]4CCC(=O)NC4=O)c3)n[nH]2)C1,-7.975375928
N#CN1CC[C@@H](c2cc(-c3cccc(C(=O)N[C@@H]4CCC(=O)NC4=O)c3)n[nH]2)C1,-7.759092536
N#CN1CC[C@H](c2cc(-c3cccc(C(=O)N[C@H]4CCC(=O)NC4=O)c3)n[nH]2)C1,-7.963128813
N#CN1CC[C@@H](c2cc(-c3cccc(C(=O)N[C@H]4CCC(=O)NC4=O)c3)n[nH]2)C1,-7.947804208
N#CN1CC[C@H](c2c(-c3ccc4c(c3)CN([C@@H]3CCC(=O)NC3=O)C4=O)nc3n2CCC3)C1,-7.978198803
N#CN1CC[C@@H](c2c(-c3ccc4c(c3)CN([C@@H]3CCC(=O)NC3=O)C4=O)nc3n2CCC3)C1,-8.041827579
N#CN1CC[C@H](c2c(-c3ccc4c(c3)CN([C@H]3CCC(=O)NC3=O)C4=O)nc3n2CCC3)C1,-8.021231583
N#CN1CC[C@@H](c2c(-c3ccc4c(c3)CN([C@H]3CCC(=O)NC3=O)C4=O)nc3n2CCC3)C1,-7.984028575
N#CN1CC[C@H](c2cc3c(cc2-c2ccc4c(c2)CN([C@@H]2CCC(=O)NC2=O)C4=O)CCO3)C1,-7.87923298
N#CN1CC[C@@H](c2cc3c(cc2-c2ccc4c(c2)CN([C@@H]2CCC(=O)NC2=O)C4=O)CCO3)C1,-7.95047561
N#CN1CC[C@H](c2cc3c(cc2-c2ccc4c(c2)CN([C@H]2CCC(=O)NC2=O)C4=O)CCO3)C1,-7.9193207
N#CN1CC[C@@H](c2cc3c(cc2-c2ccc4c(c2)CN([C@H]2CCC(=O)NC2=O)C4=O)CCO3)C1,-7.865327738
C[C@@H]1CCc2sc(C(=O)N[C@@H]3CCC(=O)NC3=O)cc2C1,-7.888425341
C[C@H]1CCc2sc(C(=O)N[C@@H]3CCC(=O)NC3=O)cc2C1,-7.888761071
C[C@@H]1CCc2sc(C(=O)N[C@H]3CCC(=O)NC3=O)cc2C1,-7.888603516
C[C@H]1CCc2sc(C(=O)N[C@H]3CCC(=O)NC3=O)cc2C1,-7.888444715
CC1(C)CCCc2cc(C(=O)N[C@@H]3CCC(=O)NC3=O)sc21,-7.895749386
CC1(C)CCCc2cc(C(=O)N[C@H]3CCC(=O)NC3=O)sc21,-7.896142421
CC(C)(C)[C@@H]1CCc2sc(C(=O)N[C@@H]3CCC(=O)NC3=O)cc2C1,-7.883258144
CC(C)(C)[C@H]1CCc2sc(C(=O)N[C@@H]3CCC(=O)NC3=O)cc2C1,-7.884475572
CC(C)(C)[C@@H]1CCc2sc(C(=O)N[C@H]3CCC(=O)NC3=O)cc2C1,-7.884629468
CC(C)(C)[C@H]1CCc2sc(C(=O)N[C@H]3CCC(=O)NC3=O)cc2C1,-7.884061513
O=C1CC[C@H](N2Cc3c(NC(=O)CC4CC=CC4)cccc3C2=O)C(=O)N1,-7.919447406
O=C1CC[C@@H](N2Cc3c(NC(=O)CC4CC=CC4)cccc3C2=O)C(=O)N1,-7.921969961
O=C1CC[C@H](NC(=O)c2ccc([C@@H]3CCCOC3)cc2)C(=O)N1,-7.975152808
O=C1CC[C@@H](NC(=O)c2ccc([C@@H]3CCCOC3)cc2)C(=O)N1,-7.971111093
O=C1CC[C@H](NC(=O)c2ccc([C@H]3CCCOC3)cc2)C(=O)N1,-7.972446894
O=C1CC[C@@H](NC(=O)c2ccc([C@H]3CCCOC3)cc2)C(=O)N1,-7.974350195
N#CN1CC[C@H](c2ccc(-c3ccccc3C(=O)N[C@@H]3CCC(=O)NC3=O)cc2)C1,-7.571755877
N#CN1CC[C@@H](c2ccc(-c3ccccc3C(=O)N[C@@H]3CCC(=O)NC3=O)cc2)C1,-7.731965556
N#CN1CC[C@H](c2ccc(-c3ccccc3C(=O)N[C@H]3CCC(=O)NC3=O)cc2)C1,-7.612014861
N#CN1CC[C@@H](c2ccc(-c3ccccc3C(=O)N[C@H]3CCC(=O)NC3=O)cc2)C1,-7.696112205
O=C1CC[C@H](NC(=O)c2n[nH]c3c2Cc2c(Br)cccc2-3)C(=O)N1,-7.857739039
O=C1CC[C@@H](NC(=O)c2n[nH]c3c2Cc2c(Br)cccc2-3)C(=O)N1,-7.858039202
N#CN1CCC(c2cc3c(cc2-c2ccc4c(c2)CN([C@@H]2CCC(=O)NC2=O)C4=O)CCC3=O)CC1,-7.885848983
N#CN1CCC(c2cc3c(cc2-c2ccc4c(c2)CN([C@H]2CCC(=O)NC2=O)C4=O)CCC3=O)CC1,-8.045099743
N#CN1CC[C@H](c2cccc(-c3cccc4c3CN([C@@H]3CCC(=O)NC3=O)C4=O)n2)C1,-7.64701827
N#CN1CC[C@@H](c2cccc(-c3cccc4c3CN([C@@H]3CCC(=O)NC3=O)C4=O)n2)C1,-7.641376894
N#CN1CC[C@H](c2cccc(-c3cccc4c3CN([C@H]3CCC(=O)NC3=O)C4=O)n2)C1,-7.858697662
N#CN1CC[C@@H](c2cccc(-c3cccc4c3CN([C@H]3CCC(=O)NC3=O)C4=O)n2)C1,-7.848276903
N#CN1CC[C@H](c2cncnc2C(=O)Nc2cccc3c2CN([C@@H]2CCC(=O)NC2=O)C3=O)C1,-8.720503432
N#CN1CC[C@@H](c2cncnc2C(=O)Nc2cccc3c2CN([C@@H]2CCC(=O)NC2=O)C3=O)C1,-8.831221218
N#CN1CC[C@H](c2cncnc2C(=O)Nc2cccc3c2CN([C@H]2CCC(=O)NC2=O)C3=O)C1,-8.821365285
N#CN1CC[C@@H](c2cncnc2C(=O)Nc2cccc3c2CN([C@H]2CCC(=O)NC2=O)C3=O)C1,-8.839315176
N#CN1CCC[C@H](c2ccccc2-n2cc(C(=O)N[C@@H]3CCC(=O)NC3=O)ccc2=O)C1,-8.172503215
N#CN1CCC[C@@H](c2ccccc2-n2cc(C(=O)N[C@@H]3CCC(=O)NC3=O)ccc2=O)C1,-8.011763888
N#CN1CCC[C@H](c2ccccc2-n2cc(C(=O)N[C@H]3CCC(=O)NC3=O)ccc2=O)C1,-8.190921627
N#CN1CCC[C@@H](c2ccccc2-n2cc(C(=O)N[C@H]3CCC(=O)NC3=O)ccc2=O)C1,-8.155340457
N#CN1CCC(c2nc3nccc(Nc4cccc(N5CCC(=O)NC5=O)c4)n3n2)CC1,-7.657037426
CN1CC[C@](C(=O)Nc2ccc([C@@H]3CCC(=O)NC3=O)cc2)(C(F)(F)F)C1,-7.693602004
CN1CC[C@@](C(=O)Nc2ccc([C@@H]3CCC(=O)NC3=O)cc2)(C(F)(F)F)C1,-7.675515694
CN1CC[C@](C(=O)Nc2ccc([C@H]3CCC(=O)NC3=O)cc2)(C(F)(F)F)C1,-7.696158055
CN1CC[C@@](C(=O)Nc2ccc([C@H]3CCC(=O)NC3=O)cc2)(C(F)(F)F)C1,-7.694879682
O=C1CC[C@H](NC(=O)c2cc(-c3ccccc3)nc3cc(F)ccc23)C(=O)N1,-7.860620454
O=C1CC[C@@H](NC(=O)c2cc(-c3ccccc3)nc3cc(F)ccc23)C(=O)N1,-7.861200094
N#CN1CCC[C@H](c2cc3c(c(-c4cccc5c4CN([C@@H]4CCC(=O)NC4=O)C5=O)c2)CNC3)C1,-7.903354819
N#CN1CCC[C@@H](c2cc3c(c(-c4cccc5c4CN([C@@H]4CCC(=O)NC4=O)C5=O)c2)CNC3)C1,-7.926992046
N#CN1CCC[C@H](c2cc3c(c(-c4cccc5c4CN([C@H]4CCC(=O)NC4=O)C5=O)c2)CNC3)C1,-7.892567297
N#CN1CCC[C@@H](c2cc3c(c(-c4cccc5c4CN([C@H]4CCC(=O)NC4=O)C5=O)c2)CNC3)C1,-7.895744031
Cc1nc(N[C@@H]2CCC(=O)NC2=O)c2cc(-c3ccccc3)sc2n1,-8.000320727
Cc1nc(N[C@H]2CCC(=O)NC2=O)c2cc(-c3ccccc3)sc2n1,-8.000400106
O=C1CC[C@H](N2C(=O)c3cccc(NC(=O)C4CCCC4)c3C2=O)C(=O)N1,-8.819807091
O=C1CC[C@@H](N2C(=O)c3cccc(NC(=O)C4CCCC4)c3C2=O)C(=O)N1,-8.820443706
C=CC(=O)N(Cc1csc(C2CC2)n1)c1ccc2c(c1)C(=O)NC2,-7.450250545
N#CN1CC[C@H](c2cccc(-c3ccc4c(c3)C(=O)N([C@@H]3CCC(=O)NC3=O)C4)c2)C1,-7.93600879
N#CN1CC[C@@H](c2cccc(-c3ccc4c(c3)C(=O)N([C@@H]3CCC(=O)NC3=O)C4)c2)C1,-7.949009947
N#CN1CC[C@H](c2cccc(-c3ccc4c(c3)C(=O)N([C@H]3CCC(=O)NC3=O)C4)c2)C1,-7.939214263
N#CN1CC[C@@H](c2cccc(-c3ccc4c(c3)C(=O)N([C@H]3CCC(=O)NC3=O)C4)c2)C1,-7.849890515
O=C1CC[C@H](NC(=O)c2nnn3c2C(=O)NCC3)C(=O)N1,-8.38963413
O=C1CC[C@@H](NC(=O)c2nnn3c2C(=O)NCC3)C(=O)N1,-8.371415207
N#CN1CCC[C@H](c2ccccc2-c2ccc(C(=O)N[C@@H]3CCC(=O)NC3=O)nc2)C1,-8.011894401
N#CN1CCC[C@@H](c2ccccc2-c2ccc(C(=O)N[C@@H]3CCC(=O)NC3=O)nc2)C1,-7.881314108
N#CN1CCC[C@H](c2ccccc2-c2ccc(C(=O)N[C@H]3CCC(=O)NC3=O)nc2)C1,-7.82864106
N#CN1CCC[C@@H](c2ccccc2-c2ccc(C(=O)N[C@H]3CCC(=O)NC3=O)nc2)C1,-7.896645804
N#CN1CC[C@H](c2ncsc2C(=O)Nc2ccc([C@@H]3CCC(=O)NC3=O)cc2)C1,-7.907045817
N#CN1CC[C@@H](c2ncsc2C(=O)Nc2ccc([C@@H]3CCC(=O)NC3=O)cc2)C1,-8.236766583
N#CN1CC[C@H](c2ncsc2C(=O)Nc2ccc([C@H]3CCC(=O)NC3=O)cc2)C1,-8.266320115
N#CN1CC[C@@H](c2ncsc2C(=O)Nc2ccc([C@H]3CCC(=O)NC3=O)cc2)C1,-8.045398053
COc1ccc(OC)c(-c2cc(C(=O)N[C@@H]3CCC(=O)NC3=O)[nH]n2)c1,-8.016292037
COc1ccc(OC)c(-c2cc(C(=O)N[C@H]3CCC(=O)NC3=O)[nH]n2)c1,-7.952297539
COc1ccc(-c2cc(C(=O)N[C@@H]3CCC(=O)NC3=O)n(C)n2)cc1F,-8.083689838
COc1ccc(-c2cc(C(=O)N[C@H]3CCC(=O)NC3=O)n(C)n2)cc1F,-8.066350802
O=C(CCCc1c[nH]nn1)NCc1cn[nH]c1C(=O)N[C@@H]1CCC(=O)NC1=O,-7.951473423
O=C(CCCc1c[nH]nn1)NCc1cn[nH]c1C(=O)N[C@H]1CCC(=O)NC1=O,-7.866614379
N#CN1CCC[C@H](c2ccnc3cc(-c4cn([C@@H]5CCC(=O)NC5=O)nn4)ccc23)C1,-8.279328818
N#CN1CCC[C@@H](c2ccnc3cc(-c4cn([C@@H]5CCC(=O)NC5=O)nn4)ccc23)C1,-8.246377019
N#CN1CCC[C@H](c2ccnc3cc(-c4cn([C@H]5CCC(=O)NC5=O)nn4)ccc23)C1,-8.274125494
N#CN1CCC[C@@H](c2ccnc3cc(-c4cn([C@H]5CCC(=O)NC5=O)nn4)ccc23)C1,-8.138362346
O=C1CC[C@H](N2Cc3cc(-c4cnn5ccc(Nc6ccc7c(c6)OCO7)nc45)ccc3C2=O)C(=O)N1,-7.784186434
O=C1CC[C@@H](N2Cc3cc(-c4cnn5ccc(Nc6ccc7c(c6)OCO7)nc45)ccc3C2=O)C(=O)N1,-7.771573819
N#CN1CCC[C@H](c2ncccc2-c2ccc(C(=O)N[C@@H]3CCC(=O)NC3=O)cc2)C1,-7.918852367
N#CN1CCC[C@@H](c2ncccc2-c2ccc(C(=O)N[C@@H]3CCC(=O)NC3=O)cc2)C1,-7.933643709
N#CN1CCC[C@H](c2ncccc2-c2ccc(C(=O)N[C@H]3CCC(=O)NC3=O)cc2)C1,-7.90935854
N#CN1CCC[C@@H](c2ncccc2-c2ccc(C(=O)N[C@H]3CCC(=O)NC3=O)cc2)C1,-8.019973228
C[C@H](Cc1ccccc1)C(=O)Nc1ccc(C2CC(=O)NC(=O)C2)cc1,-7.570522131
C[C@@H](Cc1ccccc1)C(=O)Nc1ccc(C2CC(=O)NC(=O)C2)cc1,-7.599663522
CC[C@]1(c2ccc(NC(=O)c3ccc4c(c3)CCC4)cc2)CCC(=O)NC1=O,-7.51266923
CC[C@@]1(c2ccc(NC(=O)c3ccc4c(c3)CCC4)cc2)CCC(=O)NC1=O,-7.514041015
COc1c(C(=O)Nc2ccc([C@@H]3CCC(=O)NC3=O)cc2)ccc2c1CCC2,-7.608379511
COc1c(C(=O)Nc2ccc([C@H]3CCC(=O)NC3=O)cc2)ccc2c1CCC2,-7.606552691
O=C1CC[C@H](c2ccc(Nc3nc(Cl)nc4c3CC3(CC4)CC3)cc2)C(=O)N1,-7.60793242
O=C1CC[C@@H](c2ccc(Nc3nc(Cl)nc4c3CC3(CC4)CC3)cc2)C(=O)N1,-7.604290711
N#CN1CC[C@H](c2ccc3c(C(=O)N[C@@H]4CCC(=O)NC4=O)cccc3c2)C1,-8.056031276
N#CN1CC[C@@H](c2ccc3c(C(=O)N[C@@H]4CCC(=O)NC4=O)cccc3c2)C1,-8.053652867
N#CN1CC[C@H](c2ccc3c(C(=O)N[C@H]4CCC(=O)NC4=O)cccc3c2)C1,-7.765280632
N#CN1CC[C@@H](c2ccc3c(C(=O)N[C@H]4CCC(=O)NC4=O)cccc3c2)C1,-7.766957506
O=C1CC[C@H](c2ccc(Nc3ccnc4nccn34)cc2)C(=O)N1,-7.824837788
O=C1CC[C@@H](c2ccc(Nc3ccnc4nccn34)cc2)C(=O)N1,-7.821421748
COc1ccccc1-c1noc(C)c1C(=O)N[C@@H]1CCC(=O)NC1=O,-8.584477653
COc1ccccc1-c1noc(C)c1C(=O)N[C@H]1CCC(=O)NC1=O,-8.588437876
O=C1CC[C@H](NC(=O)c2cccc(CN3CCCC3=O)c2)C(=O)N1,-8.2951731
O=C1CC[C@@H](NC(=O)c2cccc(CN3CCCC3=O)c2)C(=O)N1,-8.301285515
O=C1CC[C@H](NC(=O)c2cc(OCc3ccc(Cl)cc3)cs2)C(=O)N1,-7.983913906
O=C1CC[C@@H](NC(=O)c2cc(OCc3ccc(Cl)cc3)cs2)C(=O)N1,-7.966066982
O=C1CC[C@H](NC(=O)c2ccc(NC(=O)c3ccco3)s2)C(=O)N1,-7.987297922
O=C1CC[C@@H](NC(=O)c2ccc(NC(=O)c3ccco3)s2)C(=O)N1,-7.978125281
O=C1CC[C@H](NC(=O)c2ncn(Cc3ccccc3)n2)C(=O)N1,-8.186120907
O=C1CC[C@@H](NC(=O)c2ncn(Cc3ccccc3)n2)C(=O)N1,-8.185845268
O=C1CC[C@H](NC(=O)c2ncc3ccccc3c2O)C(=O)N1,-7.928152861
O=C1CC[C@@H](NC(=O)c2ncc3ccccc3c2O)C(=O)N1,-7.928650804
COc1nc(C(=O)N[C@@H]2CCC(=O)NC2=O)cc2ccccc12,-8.248912398
COc1nc(C(=O)N[C@H]2CCC(=O)NC2=O)cc2ccccc12,-8.06206747
COc1ccc2cnc(C(=O)N[C@@H]3CCC(=O)NC3=O)cc2c1,-8.418383862
COc1ccc2cnc(C(=O)N[C@H]3CCC(=O)NC3=O)cc2c1,-8.417591897
CCOc1nc(C(=O)N[C@@H]2CCC(=O)NC2=O)cc2ccccc12,-7.865433453
CCOc1nc(C(=O)N[C@H]2CCC(=O)NC2=O)cc2ccccc12,-7.956278272
O=C1CC[C@H](NC(=O)c2cc3c(S(=O)(=O)F)cccc3cn2)C(=O)N1,-9.202072689
O=C1CC[C@@H](NC(=O)c2cc3c(S(=O)(=O)F)cccc3cn2)C(=O)N1,-9.089845786
O=C1CC[C@H](NC(=O)c2cc3cc(S(=O)(=O)F)ccc3cn2)C(=O)N1,-9.008238391
O=C1CC[C@@H](NC(=O)c2cc3cc(S(=O)(=O)F)ccc3cn2)C(=O)N1,-9.135497056
O=C1CC[C@H](NC(=O)c2cc3cccc(S(=O)(=O)F)c3cn2)C(=O)N1,-9.006456045
O=C1CC[C@@H](NC(=O)c2cc3cccc(S(=O)(=O)F)c3cn2)C(=O)N1,-9.076480423
O=C1CC[C@H](NC(=O)c2cc3ccccc3c(S(=O)(=O)F)n2)C(=O)N1,-9.083312153
O=C1CC[C@@H](NC(=O)c2cc3ccccc3c(S(=O)(=O)F)n2)C(=O)N1,-9.006048531
O=C1CC[C@H](NC(=O)c2cc3c(OS(=O)(=O)F)cccc3cn2)C(=O)N1,-8.752758039
O=C1CC[C@@H](NC(=O)c2cc3c(OS(=O)(=O)F)cccc3cn2)C(=O)N1,-8.810421806
O=C1CC[C@H](N2Cc3cc(NCc4ccc5ccncc5c4)ccc3C2=O)C(=O)N1,-7.919551461
O=C1CC[C@@H](N2Cc3cc(NCc4ccc5ccncc5c4)ccc3C2=O)C(=O)N1,-7.903007266
CN(c1cc2sc(Cl)nc2cn1)[C@@H]1CCC(=O)NC1=O,-7.883028083
CN(c1cc2sc(Cl)nc2cn1)[C@H]1CCC(=O)NC1=O,-7.883080448
N#CN1CCC(c2ccccc2C(=O)Nc2cccc3c2CN([C@@H]2CCC(=O)NC2=O)C3=O)CC1,-7.855418733
N#CN1CCC(c2ccccc2C(=O)Nc2cccc3c2CN([C@H]2CCC(=O)NC2=O)C3=O)CC1,-7.916795038
NCc1ccc(C(=O)N[C@@H]2CCC(=O)NC2=O)c(C2CC2)n1,-7.924731775
NCc1ccc(C(=O)N[C@H]2CCC(=O)NC2=O)c(C2CC2)n1,-7.924238928
C[C@H](Nc1ccc(C2CC(=O)NC(=O)C2)cc1)C1CCCC1,-7.4587879
C[C@@H](Nc1ccc(C2CC(=O)NC(=O)C2)cc1)C1CCCC1,-7.448758433
N#CN1CCC[C@H](c2ccc(-c3nocc3C(=O)N[C@@H]3CCC(=O)NC3=O)cc2)C1,-8.173188036
N#CN1CCC[C@@H](c2ccc(-c3nocc3C(=O)N[C@@H]3CCC(=O)NC3=O)cc2)C1,-8.169610484
N#CN1CCC[C@H](c2ccc(-c3nocc3C(=O)N[C@H]3CCC(=O)NC3=O)cc2)C1,-8.046905561
N#CN1CCC[C@@H](c2ccc(-c3nocc3C(=O)N[C@H]3CCC(=O)NC3=O)cc2)C1,-8.247139377
N#CN1CCC[C@H](c2noc([C@]34C[C@@H](CN3C(=O)c3ccc(N5CCC(=O)NC5=O)cc3)C4)n2)C1,-7.926259652
N#CN1CCC(c2ccn(-c3cccc(C(=O)N[C@@H]4CCC(=O)NC4=O)n3)n2)CC1,-8.078660054
N#CN1CCC(c2ccn(-c3cccc(C(=O)N[C@H]4CCC(=O)NC4=O)n3)n2)CC1,-8.137221791
N#CN1CC[C@H](c2cccc3c2C[C@H](Nc2cccc(N4CCC(=O)NC4=O)c2)CCC3)C1,-7.07479906
N#CN1CC[C@@H](c2cccc3c2C[C@H](Nc2cccc(N4CCC(=O)NC4=O)c2)CCC3)C1,-7.171705523
N#CN1CC[C@H](c2cccc3c2C[C@@H](Nc2cccc(N4CCC(=O)NC4=O)c2)CCC3)C1,-7.038555822
N#CN1CC[C@@H](c2cccc3c2C[C@@H](Nc2cccc(N4CCC(=O)NC4=O)c2)CCC3)C1,-7.056863285
N#CN1CCC[C@H](c2ccc3nnc(C(=O)N[C@@H]4CCC(=O)NC4=O)nc3c2)C1,-8.221889763
N#CN1CCC[C@@H](c2ccc3nnc(C(=O)N[C@@H]4CCC(=O)NC4=O)nc3c2)C1,-8.198905741
N#CN1CCC[C@H](c2ccc3nnc(C(=O)N[C@H]4CCC(=O)NC4=O)nc3c2)C1,-8.034595435
N#CN1CCC[C@@H](c2ccc3nnc(C(=O)N[C@H]4CCC(=O)NC4=O)nc3c2)C1,-8.2127379
O=C1CC[C@H](N2Cc3ccc(-c4cc5c(c(S(=O)(=O)F)c4)CCC5)cc3C2=O)C(=O)N1,-7.97977209
O=C1CC[C@@H](N2Cc3ccc(-c4cc5c(c(S(=O)(=O)F)c4)CCC5)cc3C2=O)C(=O)N1,-7.968855762
O=C1CC[C@H](N2Cc3ccc(-c4cc5c(cc4OS(=O)(=O)F)CCC5)cc3C2=O)C(=O)N1,-7.881506155
O=C1CC[C@@H](N2Cc3ccc(-c4cc5c(cc4OS(=O)(=O)F)CCC5)cc3C2=O)C(=O)N1,-7.95547074
O=C1CC[C@H](N2Cc3ccc(-c4cc5c(c(OS(=O)(=O)F)c4)CCC5)cc3C2=O)C(=O)N1,-7.880652197
O=C1CC[C@@H](N2Cc3ccc(-c4cc5c(c(OS(=O)(=O)F)c4)CCC5)cc3C2=O)C(=O)N1,-7.950692915
Cc1c(-c2ccc3c(c2)C(=O)N([C@@H]2CCC(=O)NC2=O)C3)ccc2c1CCC2,-7.984341635
Cc1c(-c2ccc3c(c2)C(=O)N([C@H]2CCC(=O)NC2=O)C3)ccc2c1CCC2,-7.98017276
O=C1CC[C@H](N2Cc3ccc(-c4ccc5c(c4)[C@H](O)CC5)cc3C2=O)C(=O)N1,-7.869696469
O=C1CC[C@@H](N2Cc3ccc(-c4ccc5c(c4)[C@H](O)CC5)cc3C2=O)C(=O)N1,-7.899513053
O=C1CC[C@H](N2Cc3ccc(-c4ccc5c(c4)[C@@H](O)CC5)cc3C2=O)C(=O)N1,-7.882134728
O=C1CC[C@@H](N2Cc3ccc(-c4ccc5c(c4)[C@@H](O)CC5)cc3C2=O)C(=O)N1,-7.881202186
N#CN1CCC[C@H](c2ccccc2-c2cnc(C(=O)N[C@@H]3CCC(=O)NC3=O)nc2)C1,-8.295043874
N#CN1CCC[C@@H](c2ccccc2-c2cnc(C(=O)N[C@@H]3CCC(=O)NC3=O)nc2)C1,-8.184561051
N#CN1CCC[C@H](c2ccccc2-c2cnc(C(=O)N[C@H]3CCC(=O)NC3=O)nc2)C1,-8.185288426
N#CN1CCC[C@@H](c2ccccc2-c2cnc(C(=O)N[C@H]3CCC(=O)NC3=O)nc2)C1,-8.188256499
Cc1ccc(S[C@@H]2CCC(=O)NC2=O)cc1,-7.809377849
Cc1ccc(S[C@H]2CCC(=O)NC2=O)cc1,-7.799185416
O=C1CC[C@H](Sc2ccc(F)cc2)C(=O)N1,-8.022168635
O=C1CC[C@@H](Sc2ccc(F)cc2)C(=O)N1,-7.993257583
O=C1CC[C@H](Sc2ccccc2)C(=O)N1,-7.852959011
O=C1CC[C@@H](Sc2ccccc2)C(=O)N1,-7.879522785
Cc1c(C(=O)N[C@@H]2CCC(=O)NC2=O)[nH]c(=O)c2ccccc12,-8.167523555
Cc1c(C(=O)N[C@H]2CCC(=O)NC2=O)[nH]c(=O)c2ccccc12,-8.16811127
N#CN1CC[C@H](c2cccc(-n3nnc(C(=O)N[C@@H]4CCC(=O)NC4=O)n3)c2)C1,-8.176874326
N#CN1CC[C@@H](c2cccc(-n3nnc(C(=O)N[C@@H]4CCC(=O)NC4=O)n3)c2)C1,-8.188034262
N#CN1CC[C@H](c2cccc(-n3nnc(C(=O)N[C@H]4CCC(=O)NC4=O)n3)c2)C1,-8.18617622
N#CN1CC[C@@H](c2cccc(-n3nnc(C(=O)N[C@H]4CCC(=O)NC4=O)n3)c2)C1,-8.576343977
CC1(C(=O)NCc2ccc3c(c2)C(=O)N([C@@H]2CCC(=O)NC2=O)C3)CC1,-7.878891424
CC1(C(=O)NCc2ccc3c(c2)C(=O)N([C@H]2CCC(=O)NC2=O)C3)CC1,-7.895201888
CC1(C(=O)Nc2ccc3c(c2)C(=O)N([C@@H]2CCC(=O)NC2=O)C3)CCCC1,-7.63573244
CC1(C(=O)Nc2ccc3c(c2)C(=O)N([C@H]2CCC(=O)NC2=O)C3)CCCC1,-7.416296013
O=C1CC[C@H](NC(=O)c2conc2CNC(=O)c2cc3ccncc3[nH]2)C(=O)N1,-7.963096104
O=C1CC[C@@H](NC(=O)c2conc2CNC(=O)c2cc3ccncc3[nH]2)C(=O)N1,-7.917598709
Cc1cc(-c2cnn(-c3ccncn3)c2)ccc1N1CCC(=O)NC1=O,-7.978743069
O=C1CC[C@H](NC(=O)c2ccccc2NC(=O)Cn2cnnn2)C(=O)N1,-8.185299724
O=C1CC[C@@H](NC(=O)c2ccccc2NC(=O)Cn2cnnn2)C(=O)N1,-8.202941323
Cc1cc(N(C)[C@@H]2CCC(=O)NC2=O)n2ncc(-c3ccccc3)c2n1,-7.748371746
Cc1cc(N(C)[C@H]2CCC(=O)NC2=O)n2ncc(-c3ccccc3)c2n1,-7.74720608
CC(C)C1(CNC(=O)Nc2ccc3c(c2)CN([C@@H]2CCC(=O)NC2=O)C3=O)CC1,-7.925563796
CC(C)C1(CNC(=O)Nc2ccc3c(c2)CN([C@H]2CCC(=O)NC2=O)C3=O)CC1,-7.914740422
N#Cc1nc2ccccc2cc1-c1ccc2c(c1)CN([C@@H]1CCC(=O)NC1=O)C2=O,-8.529822005
N#Cc1nc2ccccc2cc1-c1ccc2c(c1)CN([C@H]1CCC(=O)NC1=O)C2=O,-8.529746938
O=C1CC[C@H](N2Cc3cc(-c4cnc5ccccc5c4)ccc3C2=O)C(=O)N1,-7.860522833
O=C1CC[C@@H](N2Cc3cc(-c4cnc5ccccc5c4)ccc3C2=O)C(=O)N1,-7.937083499
O=C1CC[C@H](N2Cc3cc(-c4cc5ccccc5nc4O)ccc3C2=O)C(=O)N1,-7.888605827
O=C1CC[C@@H](N2Cc3cc(-c4cc5ccccc5nc4O)ccc3C2=O)C(=O)N1,-7.884461257
O=C1CC[C@H](N2Cc3cc(CNC(=O)Nc4ccc(F)cc4)ccc3C2=O)C(=O)N1,-7.951259412
O=C1CC[C@@H](N2Cc3cc(CNC(=O)Nc4ccc(F)cc4)ccc3C2=O)C(=O)N1,-7.92400601
N#Cc1ccc(NC(=O)NCc2ccc3c(c2)CN([C@@H]2CCC(=O)NC2=O)C3=O)cc1,-7.723927968
N#Cc1ccc(NC(=O)NCc2ccc3c(c2)CN([C@H]2CCC(=O)NC2=O)C3=O)cc1,-7.957636735
CN1C(=O)CC[C@H](N2Cc3cc(CNC(=O)Nc4ccc(F)cc4)ccc3C2=O)C1=O,-7.813849198
CN1C(=O)CC[C@@H](N2Cc3cc(CNC(=O)Nc4ccc(F)cc4)ccc3C2=O)C1=O,-7.796372857
O=C1CC[C@H](N2Cc3cc(CNC(=O)Nc4ccccc4Cl)ccc3C2=O)C(=O)N1,-7.892579475
O=C1CC[C@@H](N2Cc3cc(CNC(=O)Nc4ccccc4Cl)ccc3C2=O)C(=O)N1,-7.915266777
O=C1CC[C@H](N2Cc3cc(CNC(=O)Nc4ccc(Cl)cc4)ccc3C2=O)C(=O)N1,-7.920194129
O=C1CC[C@@H](N2Cc3cc(CNC(=O)Nc4ccc(Cl)cc4)ccc3C2=O)C(=O)N1,-7.898584793
O=C1CC[C@H](N2Cc3cc(CNC(=O)Nc4cccc(Cl)c4)ccc3C2=O)C(=O)N1,-7.917307668
O=C1CC[C@@H](N2Cc3cc(CNC(=O)Nc4cccc(Cl)c4)ccc3C2=O)C(=O)N1,-7.917000107
Cc1ccc(NC(=O)NCc2ccc3c(c2)CN([C@@H]2CCC(=O)NC2=O)C3=O)cc1Cl,-7.94073297
Cc1ccc(NC(=O)NCc2ccc3c(c2)CN([C@H]2CCC(=O)NC2=O)C3=O)cc1Cl,-7.889491543
Cc1ccc(N(C)C(=O)NCc2ccc3c(c2)CN([C@@H]2CCC(=O)NC2=O)C3=O)cc1Cl,-7.869496064
Cc1ccc(N(C)C(=O)NCc2ccc3c(c2)CN([C@H]2CCC(=O)NC2=O)C3=O)cc1Cl,-7.896800926
Cc1ccc(NC(=O)N(C)Cc2ccc3c(c2)CN([C@@H]2CCC(=O)NC2=O)C3=O)cc1Cl,-7.874290228
Cc1ccc(NC(=O)N(C)Cc2ccc3c(c2)CN([C@H]2CCC(=O)NC2=O)C3=O)cc1Cl,-7.894745435
O=C1CC[C@H](N2Cc3cc(CNC(=O)Nc4c(Cl)cccc4Cl)ccc3C2=O)C(=O)N1,-7.937732475
O=C1CC[C@@H](N2Cc3cc(CNC(=O)Nc4c(Cl)cccc4Cl)ccc3C2=O)C(=O)N1,-7.842222813
O=C1CC[C@H](N2Cc3cc(CNC(=O)Nc4cc(Cl)cc(Cl)c4)ccc3C2=O)C(=O)N1,-7.880956627
O=C1CC[C@@H](N2Cc3cc(CNC(=O)Nc4cc(Cl)cc(Cl)c4)ccc3C2=O)C(=O)N1,-7.929745455
O=C1CC[C@H](N2Cc3cc(CNC(=O)Nc4ccc(Cl)cc4Cl)ccc3C2=O)C(=O)N1,-7.925312821
O=C1CC[C@@H](N2Cc3cc(CNC(=O)Nc4ccc(Cl)cc4Cl)ccc3C2=O)C(=O)N1,-7.955364066
O=C1CC[C@H](N2Cc3cc(CNC(=O)Nc4ccc(Cl)c(Cl)c4)ccc3C2=O)C(=O)N1,-7.931758252
O=C1CC[C@@H](N2Cc3cc(CNC(=O)Nc4ccc(Cl)c(Cl)c4)ccc3C2=O)C(=O)N1,-7.931728221
Cc1ccc(N(C)C(=O)N(C)Cc2ccc3c(c2)CN([C@@H]2CCC(=O)NC2=O)C3=O)cc1Cl,-7.857427492
Cc1ccc(N(C)C(=O)N(C)Cc2ccc3c(c2)CN([C@H]2CCC(=O)NC2=O)C3=O)cc1Cl,-7.825026454
COc1cc(CNC(=O)Nc2ccc(C)c(Cl)c2)cc2c1C(=O)N([C@@H]1CCC(=O)NC1=O)C2,-7.859885527
COc1cc(CNC(=O)Nc2ccc(C)c(Cl)c2)cc2c1C(=O)N([C@H]1CCC(=O)NC1=O)C2,-7.846160917
O=C1CC[C@H](N2Cc3cc(CNC(=O)Nc4c(Cl)cc(Cl)cc4Cl)ccc3C2=O)C(=O)N1,-7.88208504
O=C1CC[C@@H](N2Cc3cc(CNC(=O)Nc4c(Cl)cc(Cl)cc4Cl)ccc3C2=O)C(=O)N1,-7.876059163
O=C1CC[C@H](N2Cc3cc(CNC(=O)Nc4ccccc4)ccc3C2=O)C(=O)N1,-7.967175156
O=C1CC[C@@H](N2Cc3cc(CNC(=O)Nc4ccccc4)ccc3C2=O)C(=O)N1,-7.968768428
N#CN1CC[C@H](c2ccccc2-n2cnc(C(=O)N[C@@H]3CCC(=O)NC3=O)n2)C1,-8.146102824
N#CN1CC[C@@H](c2ccccc2-n2cnc(C(=O)N[C@@H]3CCC(=O)NC3=O)n2)C1,-8.118344945
N#CN1CC[C@H](c2ccccc2-n2cnc(C(=O)N[C@H]3CCC(=O)NC3=O)n2)C1,-8.133768849
N#CN1CC[C@@H](c2ccccc2-n2cnc(C(=O)N[C@H]3CCC(=O)NC3=O)n2)C1,-8.140892574
N#CN1CCC[C@H](c2cn(-c3ccc4c(c3)CN([C@@H]3CCC(=O)NC3=O)C4=O)nn2)C1,-7.895611529
N#CN1CCC[C@@H](c2cn(-c3ccc4c(c3)CN([C@@H]3CCC(=O)NC3=O)C4=O)nn2)C1,-7.911592039
N#CN1CCC[C@H](c2cn(-c3ccc4c(c3)CN([C@H]3CCC(=O)NC3=O)C4=O)nn2)C1,-7.87452464
N#CN1CCC[C@@H](c2cn(-c3ccc4c(c3)CN([C@H]3CCC(=O)NC3=O)C4=O)nn2)C1,-7.955183547
N#CN1CCC[C@H](c2ccc(-c3nc(C(=O)N[C@@H]4CCC(=O)NC4=O)cs3)cc2)C1,-8.117129014
N#CN1CCC[C@@H](c2ccc(-c3nc(C(=O)N[C@@H]4CCC(=O)NC4=O)cs3)cc2)C1,-7.994815051
N#CN1CCC[C@H](c2ccc(-c3nc(C(=O)N[C@H]4CCC(=O)NC4=O)cs3)cc2)C1,-7.988713267
N#CN1CCC[C@@H](c2ccc(-c3nc(C(=O)N[C@H]4CCC(=O)NC4=O)cs3)cc2)C1,-7.991491731
O=C1CC[C@H](N2Cc3ccc(CNC(=O)c4cc(O)ccn4)cc3C2=O)C(=O)N1,-7.990625082
O=C1CC[C@@H](N2Cc3ccc(CNC(=O)c4cc(O)ccn4)cc3C2=O)C(=O)N1,-7.884958502
O=C1CC[C@H](NC(=O)c2nccnc2Oc2ccc(Cl)c(F)c2)C(=O)N1,-8.74411886
O=C1CC[C@@H](NC(=O)c2nccnc2Oc2ccc(Cl)c(F)c2)C(=O)N1,-8.7594761
O=C1CC[C@H](c2ccc(NC(=O)[C@]3(c4nn[nH]n4)CC34CCCC4)cc2)C(=O)N1,-8.089944082
O=C1CC[C@@H](c2ccc(NC(=O)[C@]3(c4nn[nH]n4)CC34CCCC4)cc2)C(=O)N1,-8.083577283
O=C1CC[C@H](c2ccc(NC(=O)[C@@]3(c4nn[nH]n4)CC34CCCC4)cc2)C(=O)N1,-7.860646317
O=C1CC[C@@H](c2ccc(NC(=O)[C@@]3(c4nn[nH]n4)CC34CCCC4)cc2)C(=O)N1,-7.864460951
N#CN1CCC[C@H](c2ccc(-c3ccoc3C(=O)N[C@@H]3CCC(=O)NC3=O)cc2)C1,-7.94107526
N#CN1CCC[C@@H](c2ccc(-c3ccoc3C(=O)N[C@@H]3CCC(=O)NC3=O)cc2)C1,-7.952369378
N#CN1CCC[C@H](c2ccc(-c3ccoc3C(=O)N[C@H]3CCC(=O)NC3=O)cc2)C1,-7.968579452
N#CN1CCC[C@@H](c2ccc(-c3ccoc3C(=O)N[C@H]3CCC(=O)NC3=O)cc2)C1,-7.921686906
O=C1CC[C@H](NC(=O)c2c(O)nc3ccsc3c2O)C(=O)N1,-7.987535523
O=C1CC[C@@H](NC(=O)c2c(O)nc3ccsc3c2O)C(=O)N1,-7.986736864
N#CN1CC[C@H](c2cccc(-c3coc(C(=O)N[C@@H]4CCC(=O)NC4=O)c3)c2)C1,-7.980761353
N#CN1CC[C@@H](c2cccc(-c3coc(C(=O)N[C@@H]4CCC(=O)NC4=O)c3)c2)C1,-7.991416593
N#CN1CC[C@H](c2cccc(-c3coc(C(=O)N[C@H]4CCC(=O)NC4=O)c3)c2)C1,-7.960418197
N#CN1CC[C@@H](c2cccc(-c3coc(C(=O)N[C@H]4CCC(=O)NC4=O)c3)c2)C1,-7.898317101
O=C1CC[C@H](N2Cc3cc(NCc4ccoc4)ccc3C2=O)C(=O)N1,-7.760084686
O=C1CC[C@@H](N2Cc3cc(NCc4ccoc4)ccc3C2=O)C(=O)N1,-7.787555315
Cn1nc(C(F)(F)F)cc1CNc1cccc(C2CC(=O)NC(=O)C2)c1,-7.718419193
O=C1CC[C@H](NC(=O)c2c(O)cc(C(F)(F)F)[nH]c2=O)C(=O)N1,-8.658671356
O=C1CC[C@@H](NC(=O)c2c(O)cc(C(F)(F)F)[nH]c2=O)C(=O)N1,-8.658226215
NCCn1cc(Br)cc(C(=O)N[C@@H]2CCC(=O)NC2=O)c1=O,-8.285058201
NCCn1cc(Br)cc(C(=O)N[C@H]2CCC(=O)NC2=O)c1=O,-8.349936646
O=C1CC[C@H](N2C(=O)c3ccc(NC(=O)c4cccnc4)cc3C2=O)C(=O)N1,-8.75964375
O=C1CC[C@@H](N2C(=O)c3ccc(NC(=O)c4cccnc4)cc3C2=O)C(=O)N1,-8.92321632
C[C@]1(CNC(=O)c2ccc3c(c2)CN([C@@H]2CCC(=O)NC2=O)C3=O)CCCNC1,-7.811406751
C[C@@]1(CNC(=O)c2ccc3c(c2)CN([C@@H]2CCC(=O)NC2=O)C3=O)CCCNC1,-7.768697505
C[C@]1(CNC(=O)c2ccc3c(c2)CN([C@H]2CCC(=O)NC2=O)C3=O)CCCNC1,-7.91190011
C[C@@]1(CNC(=O)c2ccc3c(c2)CN([C@H]2CCC(=O)NC2=O)C3=O)CCCNC1,-7.828778065
N#CN1CCC[C@H](c2ccc(-c3csc(C(=O)N[C@@H]4CCC(=O)NC4=O)n3)cc2)C1,-8.116456258
N#CN1CCC[C@@H](c2ccc(-c3csc(C(=O)N[C@@H]4CCC(=O)NC4=O)n3)cc2)C1,-8.00888455
N#CN1CCC[C@H](c2ccc(-c3csc(C(=O)N[C@H]4CCC(=O)NC4=O)n3)cc2)C1,-8.267741935
N#CN1CCC[C@@H](c2ccc(-c3csc(C(=O)N[C@H]4CCC(=O)NC4=O)n3)cc2)C1,-7.900925219
CCCn1c(C)cc(/C=C(\C#N)C(=O)Nc2ccc3c(c2)C(=O)NC3)c1C,-7.839781009
CCCn1c(C)cc(/C=C(/C#N)C(=O)Nc2ccc3c(c2)C(=O)NC3)c1C,-7.831837177
Cn1cc(C(=O)N[C@@H]2CCC(=O)NC2=O)c2ccnc(Cl)c21,-7.993027624
Cn1cc(C(=O)N[C@H]2CCC(=O)NC2=O)c2ccnc(Cl)c21,-7.993442072
O=C1CC[C@H](NC(=O)c2c(C(F)F)[nH]c3cnccc23)C(=O)N1,-8.162557101
O=C1CC[C@@H](NC(=O)c2c(C(F)F)[nH]c3cnccc23)C(=O)N1,-8.162848829
O=C1CC[C@H](NC(=O)c2c[nH]c3c(S(=O)(=O)F)nccc23)C(=O)N1,-8.477900978
O=C1CC[C@@H](NC(=O)c2c[nH]c3c(S(=O)(=O)F)nccc23)C(=O)N1,-8.882063588
O=C1CC[C@H](NC(=O)c2cc(Cl)cc3ccncc23)C(=O)N1,-8.348734792
O=C1CC[C@@H](NC(=O)c2cc(Cl)cc3ccncc23)C(=O)N1,-8.348409814
O=C1CC[C@H](NC(=O)c2cccc3c(S(=O)(=O)F)cncc23)C(=O)N1,-8.987236034
O=C1CC[C@@H](NC(=O)c2cccc3c(S(=O)(=O)F)cncc23)C(=O)N1,-9.127593958
O=C1CC[C@H](NC(=O)c2cccc3cc(S(=O)(=O)F)ncc23)C(=O)N1,-9.087579429
O=C1CC[C@@H](NC(=O)c2cccc3cc(S(=O)(=O)F)ncc23)C(=O)N1,-8.942106132
O=C1CC[C@H](NC(=O)c2cc(S(=O)(=O)F)cc3ccncc23)C(=O)N1,-9.067546257
O=C1CC[C@@H](NC(=O)c2cc(S(=O)(=O)F)cc3ccncc23)C(=O)N1,-9.014705544
O=C1CC[C@H](NC(=O)c2ccc(S(=O)(=O)F)c3ccncc23)C(=O)N1,-9.140343644
O=C1CC[C@@H](NC(=O)c2ccc(S(=O)(=O)F)c3ccncc23)C(=O)N1,-9.229370929
N#CN1CCC[C@H](c2cccc3c2CC[C@@H]3C(=O)Nc2ccc([C@@H]3CCC(=O)NC3=O)cc2)C1,-7.672117049
N#CN1CCC[C@@H](c2cccc3c2CC[C@@H]3C(=O)Nc2ccc([C@@H]3CCC(=O)NC3=O)cc2)C1,-7.689131831
N#CN1CCC[C@H](c2cccc3c2CC[C@H]3C(=O)Nc2ccc([C@@H]3CCC(=O)NC3=O)cc2)C1,-7.655060318
N#CN1CCC[C@@H](c2cccc3c2CC[C@H]3C(=O)Nc2ccc([C@@H]3CCC(=O)NC3=O)cc2)C1,-7.647902379
N#CN1CCC[C@H](c2cccc3c2CC[C@@H]3C(=O)Nc2ccc([C@H]3CCC(=O)NC3=O)cc2)C1,-7.687838284
N#CN1CCC[C@@H](c2cccc3c2CC[C@@H]3C(=O)Nc2ccc([C@H]3CCC(=O)NC3=O)cc2)C1,-7.69450914
N#CN1CCC[C@H](c2cccc3c2CC[C@H]3C(=O)Nc2ccc([C@H]3CCC(=O)NC3=O)cc2)C1,-7.646610261
N#CN1CCC[C@@H](c2cccc3c2CC[C@H]3C(=O)Nc2ccc([C@H]3CCC(=O)NC3=O)cc2)C1,-7.645078017
C=CC(=O)N1CCC[C@H](C(=O)Nc2ccc(C3CC(=O)NC(=O)C3)cc2)C1,-7.898788893
C=CC(=O)N1CCC[C@@H](C(=O)Nc2ccc(C3CC(=O)NC(=O)C3)cc2)C1,-7.894692431
CNc1cc(-c2ccc3c(c2)CN([C@@H]2CCC(=O)NC2=O)C3=O)nc(COC)n1,-7.910164023
CNc1cc(-c2ccc3c(c2)CN([C@H]2CCC(=O)NC2=O)C3=O)nc(COC)n1,-7.915371021
O=C1CC[C@H](N2Cc3cc(-c4ncncc4S(=O)(=O)F)ccc3C2=O)C(=O)N1,-8.555232104
O=C1CC[C@@H](N2Cc3cc(-c4ncncc4S(=O)(=O)F)ccc3C2=O)C(=O)N1,-8.812567614
O=C1CC[C@H](N2Cc3cc(-c4ccncn4)c(S(=O)(=O)F)cc3C2=O)C(=O)N1,-8.345219328
O=C1CC[C@@H](N2Cc3cc(-c4ccncn4)c(S(=O)(=O)F)cc3C2=O)C(=O)N1,-8.512323268
O=C1CC[C@H](N2Cc3cc(-c4cc(OS(=O)(=O)F)ncn4)ccc3C2=O)C(=O)N1,-8.790825471
O=C1CC[C@@H](N2Cc3cc(-c4cc(OS(=O)(=O)F)ncn4)ccc3C2=O)C(=O)N1,-8.370670875
O=C1CC[C@H](N2Cc3cc(-c4ncncc4OS(=O)(=O)F)ccc3C2=O)C(=O)N1,-8.855033843
O=C1CC[C@@H](N2Cc3cc(-c4ncncc4OS(=O)(=O)F)ccc3C2=O)C(=O)N1,-8.836839884
O=C1CC[C@H](N2Cc3cc(-c4ccnc(OS(=O)(=O)F)n4)ccc3C2=O)C(=O)N1,-8.471483797
O=C1CC[C@@H](N2Cc3cc(-c4ccnc(OS(=O)(=O)F)n4)ccc3C2=O)C(=O)N1,-8.94393108
O=C1CC[C@H](N2Cc3cc(-c4ccncn4)ccc3C2=O)C(=O)N1,-7.649330278
O=C1CC[C@@H](N2Cc3cc(-c4ccncn4)ccc3C2=O)C(=O)N1,-7.649171918
Cc1nccc(-c2ccc3c(c2)CN([C@@H]2CCC(=O)NC2=O)C3=O)n1,-7.950531397
Cc1nccc(-c2ccc3c(c2)CN([C@H]2CCC(=O)NC2=O)C3=O)n1,-8.008622964
Nc1cc(-c2ccc3c(c2)CN([C@@H]2CCC(=O)NC2=O)C3=O)ncn1,-7.892529199
Nc1cc(-c2ccc3c(c2)CN([C@H]2CCC(=O)NC2=O)C3=O)ncn1,-7.893142477
Cc1ncnc(-c2ccc3c(c2)CN([C@@H]2CCC(=O)NC2=O)C3=O)c1C,-7.772252585
Cc1ncnc(-c2ccc3c(c2)CN([C@H]2CCC(=O)NC2=O)C3=O)c1C,-7.77212378
CN(C)c1nccc(-c2ccc3c(c2)CN([C@@H]2CCC(=O)NC2=O)C3=O)n1,-7.874266811
CN(C)c1nccc(-c2ccc3c(c2)CN([C@H]2CCC(=O)NC2=O)C3=O)n1,-7.873254049
Cc1nc(N)nc(-c2ccc3c(c2)CN([C@@H]2CCC(=O)NC2=O)C3=O)c1C,-7.915908675
Cc1nc(N)nc(-c2ccc3c(c2)CN([C@H]2CCC(=O)NC2=O)C3=O)c1C,-7.930082532
C=CC(=O)N(Cc1ccc(C)c(C)c1)c1cccc2c1CNC2=O,-7.47143767
C=CC(=O)N(Cc1c(C)cccc1C)c1cccc2c1CNC2=O,-7.466195148
C=CC(=O)N(Cc1c(F)cc(C)cc1F)c1cccc2c1CNC2=O,-7.444381309
C[C@]1(C(=O)NC2CCCCC2)CCC(=O)N1[C@@H]1CCC(=O)NC1=O,-7.763237571
C[C@@]1(C(=O)NC2CCCCC2)CCC(=O)N1[C@@H]1CCC(=O)NC1=O,-8.116442805
C[C@]1(C(=O)NC2CCCCC2)CCC(=O)N1[C@H]1CCC(=O)NC1=O,-8.113297034
C[C@@]1(C(=O)NC2CCCCC2)CCC(=O)N1[C@H]1CCC(=O)NC1=O,-7.808816032
N#CN1CC[C@H](c2coc(C(=O)Nc3ccc4c(c3)C(=O)N([C@@H]3CCC(=O)NC3=O)C4)c2)C1,-7.92295023
N#CN1CC[C@@H](c2coc(C(=O)Nc3ccc4c(c3)C(=O)N([C@@H]3CCC(=O)NC3=O)C4)c2)C1,-7.910353261
N#CN1CC[C@H](c2coc(C(=O)Nc3ccc4c(c3)C(=O)N([C@H]3CCC(=O)NC3=O)C4)c2)C1,-7.894349369
N#CN1CC[C@@H](c2coc(C(=O)Nc3ccc4c(c3)C(=O)N([C@H]3CCC(=O)NC3=O)C4)c2)C1,-7.911648765
C[C@@H]1Cc2ccccc2N1Cc1occc1C(=O)N[C@@H]1CCC(=O)NC1=O,-7.84070565
C[C@H]1Cc2ccccc2N1Cc1occc1C(=O)N[C@@H]1CCC(=O)NC1=O,-7.768038757
C[C@@H]1Cc2ccccc2N1Cc1occc1C(=O)N[C@H]1CCC(=O)NC1=O,-7.806740016
C[C@H]1Cc2ccccc2N1Cc1occc1C(=O)N[C@H]1CCC(=O)NC1=O,-7.808129675
O=C1CC[C@H](N2Cc3cc(-c4nccc5nccnc45)ccc3C2=O)C(=O)N1,-8.941036022
O=C1CC[C@@H](N2Cc3cc(-c4nccc5nccnc45)ccc3C2=O)C(=O)N1,-8.940776049
O=C1CC[C@H](NC(=O)c2cccc(Nc3ccc(-c4nn[nH]n4)cc3)c2)C(=O)N1,-7.988998319
O=C1CC[C@@H](NC(=O)c2cccc(Nc3ccc(-c4nn[nH]n4)cc3)c2)C(=O)N1,-7.991828178
C[C@@H]1C[C@H](CNc2ccc(C3CC(=O)NC(=O)C3)cc2)CCO1,-7.509479517
C[C@H]1C[C@H](CNc2ccc(C3CC(=O)NC(=O)C3)cc2)CCO1,-7.507717167
C[C@@H]1C[C@@H](CNc2ccc(C3CC(=O)NC(=O)C3)cc2)CCO1,-7.503160515
C[C@H]1C[C@@H](CNc2ccc(C3CC(=O)NC(=O)C3)cc2)CCO1,-7.524247213
O=C1CC[C@H](Nc2ccc(NC(=O)c3onc4c3CCCC4)cc2)C(=O)N1,-7.961899639
O=C1CC[C@@H](Nc2ccc(NC(=O)c3onc4c3CCCC4)cc2)C(=O)N1,-7.961997557
N#CN1CC[C@H](c2cc(-c3cccc4c3CN([C@@H]3CCC(=O)NC3=O)C4=O)cs2)C1,-7.886036934
N#CN1CC[C@@H](c2cc(-c3cccc4c3CN([C@@H]3CCC(=O)NC3=O)C4=O)cs2)C1,-7.949306987
N#CN1CC[C@H](c2cc(-c3cccc4c3CN([C@H]3CCC(=O)NC3=O)C4=O)cs2)C1,-7.737560996
N#CN1CC[C@@H](c2cc(-c3cccc4c3CN([C@H]3CCC(=O)NC3=O)C4=O)cs2)C1,-7.961054817
N#CN1CC[C@H](c2cccc(-c3ccc4c(c3)C(=O)N([C@@H]3CCC(=O)NC3=O)C4)n2)C1,-7.851029729
N#CN1CC[C@@H](c2cccc(-c3ccc4c(c3)C(=O)N([C@@H]3CCC(=O)NC3=O)C4)n2)C1,-7.854481452
N#CN1CC[C@H](c2cccc(-c3ccc4c(c3)C(=O)N([C@H]3CCC(=O)NC3=O)C4)n2)C1,-7.909946366
N#CN1CC[C@@H](c2cccc(-c3ccc4c(c3)C(=O)N([C@H]3CCC(=O)NC3=O)C4)n2)C1,-7.891843126
N#CN1CCC[C@H](c2ccc3c(-c4cn([C@@H]5CCC(=O)NC5=O)nn4)cncc3c2)C1,-8.387589063
N#CN1CCC[C@@H](c2ccc3c(-c4cn([C@@H]5CCC(=O)NC5=O)nn4)cncc3c2)C1,-8.324490612
N#CN1CCC[C@H](c2ccc3c(-c4cn([C@H]5CCC(=O)NC5=O)nn4)cncc3c2)C1,-8.304674728
N#CN1CCC[C@@H](c2ccc3c(-c4cn([C@H]5CCC(=O)NC5=O)nn4)cncc3c2)C1,-8.360369606
O=C1CC[C@H](NC(=O)c2cc(C3CC3)ns2)C(=O)N1,-8.156525268
O=C1CC[C@@H](NC(=O)c2cc(C3CC3)ns2)C(=O)N1,-8.16229773
N#CN1CC[C@H](c2ccc(-c3cn([C@@H]4CCC(=O)NC4=O)nn3)c3ncccc23)C1,-8.319070147
N#CN1CC[C@@H](c2ccc(-c3cn([C@@H]4CCC(=O)NC4=O)nn3)c3ncccc23)C1,-8.316951556
N#CN1CC[C@H](c2ccc(-c3cn([C@H]4CCC(=O)NC4=O)nn3)c3ncccc23)C1,-8.177190132
N#CN1CC[C@@H](c2ccc(-c3cn([C@H]4CCC(=O)NC4=O)nn3)c3ncccc23)C1,-8.176672152
N#CN1CC[C@H](c2ccc(=O)n(Cc3cn([C@@H]4CCC(=O)NC4=O)nn3)c2)C1,-8.174828929
N#CN1CC[C@@H](c2ccc(=O)n(Cc3cn([C@@H]4CCC(=O)NC4=O)nn3)c2)C1,-8.320220808
N#CN1CC[C@H](c2ccc(=O)n(Cc3cn([C@H]4CCC(=O)NC4=O)nn3)c2)C1,-8.058390204
N#CN1CC[C@@H](c2ccc(=O)n(Cc3cn([C@H]4CCC(=O)NC4=O)nn3)c2)C1,-8.143297661
O=C1CC[C@H](NC(=O)c2cc(Cn3cc(Br)cn3)on2)C(=O)N1,-8.340225397
O=C1CC[C@@H](NC(=O)c2cc(Cn3cc(Br)cn3)on2)C(=O)N1,-8.33988638
CN1C(=O)CC[C@H](NC(=O)c2cc3n(n2)CCO3)C1=O,-7.930201598
CN1C(=O)CC[C@@H](NC(=O)c2cc3n(n2)CCO3)C1=O,-7.930897811
N#CN1CCC(c2cccc3c2O[C@H](c2nc(C(=O)N[C@@H]4CCC(=O)NC4=O)cs2)C3)CC1,-7.937581357
N#CN1CCC(c2cccc3c2O[C@@H](c2nc(C(=O)N[C@@H]4CCC(=O)NC4=O)cs2)C3)CC1,-7.916671982
N#CN1CCC(c2cccc3c2O[C@H](c2nc(C(=O)N[C@H]4CCC(=O)NC4=O)cs2)C3)CC1,-7.931200846
N#CN1CCC(c2cccc3c2O[C@@H](c2nc(C(=O)N[C@H]4CCC(=O)NC4=O)cs2)C3)CC1,-8.018491978
N#CN1CCC[C@H](c2cc3c(c(-c4cccc5c4CN([C@@H]4CCC(=O)NC4=O)C5=O)c2)CCC3=O)C1,-7.98823445
N#CN1CCC[C@@H](c2cc3c(c(-c4cccc5c4CN([C@@H]4CCC(=O)NC4=O)C5=O)c2)CCC3=O)C1,-8.040767287
N#CN1CCC[C@H](c2cc3c(c(-c4cccc5c4CN([C@H]4CCC(=O)NC4=O)C5=O)c2)CCC3=O)C1,-8.011160362
N#CN1CCC[C@@H](c2cc3c(c(-c4cccc5c4CN([C@H]4CCC(=O)NC4=O)C5=O)c2)CCC3=O)C1,-7.984106259
COc1ccc(C(=O)N[C@@H]2CCC(=O)NC2=O)n2nccc12,-7.76672654
COc1ccc(C(=O)N[C@H]2CCC(=O)NC2=O)n2nccc12,-7.766736712
O=C1CC[C@H](NC(=O)c2cccc3c(S(=O)(=O)F)cnn23)C(=O)N1,-8.43904305
O=C1CC[C@@H](NC(=O)c2cccc3c(S(=O)(=O)F)cnn23)C(=O)N1,-8.780857369
O=C1CC[C@H](NC(=O)c2cc(S(=O)(=O)F)cc3ccnn23)C(=O)N1,-8.694404664
O=C1CC[C@@H](NC(=O)c2cc(S(=O)(=O)F)cc3ccnn23)C(=O)N1,-8.631040533
O=C1CC[C@H](NC(=O)c2cccc3cc(S(=O)(=O)F)nn23)C(=O)N1,-8.428057842
O=C1CC[C@@H](NC(=O)c2cccc3cc(S(=O)(=O)F)nn23)C(=O)N1,-8.45687988
O=C1CC[C@H](NC(=O)c2ccc(S(=O)(=O)F)c3ccnn23)C(=O)N1,-8.675525058
O=C1CC[C@@H](NC(=O)c2ccc(S(=O)(=O)F)c3ccnn23)C(=O)N1,-8.919636934
O=C1CC[C@H](NC(=O)c2cccc3cc(OS(=O)(=O)F)nn23)C(=O)N1,-8.125471906
O=C1CC[C@@H](NC(=O)c2cccc3cc(OS(=O)(=O)F)nn23)C(=O)N1,-8.198730073
N#CN1CC[C@H](c2ccc3c(c2-c2ccc4c(c2)CN([C@@H]2CCC(=O)NC2=O)C4=O)OCCC3)C1,-7.880429777
N#CN1CC[C@@H](c2ccc3c(c2-c2ccc4c(c2)CN([C@@H]2CCC(=O)NC2=O)C4=O)OCCC3)C1,-7.88015473
N#CN1CC[C@H](c2ccc3c(c2-c2ccc4c(c2)CN([C@H]2CCC(=O)NC2=O)C4=O)OCCC3)C1,-7.868092866
N#CN1CC[C@@H](c2ccc3c(c2-c2ccc4c(c2)CN([C@H]2CCC(=O)NC2=O)C4=O)OCCC3)C1,-7.816575715
N#CN1CCC[C@H](c2ccc(-c3ccc(C(=O)N[C@@H]4CCC(=O)NC4=O)s3)cc2)C1,-7.999801443
N#CN1CCC[C@@H](c2ccc(-c3ccc(C(=O)N[C@@H]4CCC(=O)NC4=O)s3)cc2)C1,-8.022400447
N#CN1CCC[C@H](c2ccc(-c3ccc(C(=O)N[C@H]4CCC(=O)NC4=O)s3)cc2)C1,-7.976466675
N#CN1CCC[C@@H](c2ccc(-c3ccc(C(=O)N[C@H]4CCC(=O)NC4=O)s3)cc2)C1,-7.986656714
N#CN1CCC[C@H](c2cncnc2Nc2ccc3c(c2)C(=O)N([C@@H]2CCC(=O)NC2=O)C3)C1,-7.787796266
N#CN1CCC[C@@H](c2cncnc2Nc2ccc3c(c2)C(=O)N([C@@H]2CCC(=O)NC2=O)C3)C1,-7.87158704
N#CN1CCC[C@H](c2cncnc2Nc2ccc3c(c2)C(=O)N([C@H]2CCC(=O)NC2=O)C3)C1,-7.822864285
N#CN1CCC[C@@H](c2cncnc2Nc2ccc3c(c2)C(=O)N([C@H]2CCC(=O)NC2=O)C3)C1,-7.821890836
Cc1n[nH]c(C(F)F)c1C(=O)N[C@@H]1CCC(=O)NC1=O,-8.091464705
Cc1n[nH]c(C(F)F)c1C(=O)N[C@H]1CCC(=O)NC1=O,-8.091410379
CCCCn1cc(C(=O)N[C@@H]2CCC(=O)NC2=O)c(C)n1,-7.757915241
CCCCn1cc(C(=O)N[C@H]2CCC(=O)NC2=O)c(C)n1,-7.766097946
O=C1CC[C@H](NC(=O)c2c[nH]nc2OCC(F)F)C(=O)N1,-7.891035474
O=C1CC[C@@H](NC(=O)c2c[nH]nc2OCC(F)F)C(=O)N1,-7.898562005
Cn1cc(C(=O)N[C@@H]2CCC(=O)NC2=O)cn1,-7.913631074
Cn1cc(C(=O)N[C@H]2CCC(=O)NC2=O)cn1,-7.914091487
O=C1CC[C@H](NC(=O)c2cn[nH]c2C(F)(F)Cl)C(=O)N1,-8.01301371
O=C1CC[C@@H](NC(=O)c2cn[nH]c2C(F)(F)Cl)C(=O)N1,-8.030529756
CC(C)c1nn(C)c(Cl)c1C(=O)N[C@@H]1CCC(=O)NC1=O,-7.850920368
CC(C)c1nn(C)c(Cl)c1C(=O)N[C@H]1CCC(=O)NC1=O,-7.85112325
CCn1nc(C(F)F)c(C(=O)N[C@@H]2CCC(=O)NC2=O)c1C,-7.708270034
CCn1nc(C(F)F)c(C(=O)N[C@H]2CCC(=O)NC2=O)c1C,-7.708620511
Cc1nn(C)c(C(F)(F)F)c1C(=O)N[C@@H]1CCC(=O)NC1=O,-7.977682942
Cc1nn(C)c(C(F)(F)F)c1C(=O)N[C@H]1CCC(=O)NC1=O,-7.980151641
CCc1c(C(=O)N[C@@H]2CCC(=O)NC2=O)cnn1CCC(C)C,-7.860744352
CCc1c(C(=O)N[C@H]2CCC(=O)NC2=O)cnn1CCC(C)C,-7.857174186
O=C1CC[C@H](NC(=O)c2cn(C(F)F)nc2C(F)F)C(=O)N1,-8.021073349
O=C1CC[C@@H](NC(=O)c2cn(C(F)F)nc2C(F)F)C(=O)N1,-8.017656781
Cc1c(C(=O)N[C@@H]2CCC(=O)NC2=O)cnn1[C@H](C)C(C)(C)O,-7.940664419
Cc1c(C(=O)N[C@H]2CCC(=O)NC2=O)cnn1[C@H](C)C(C)(C)O,-7.939962516
Cc1c(C(=O)N[C@@H]2CCC(=O)NC2=O)cnn1[C@@H](C)C(C)(C)O,-7.939638988
Cc1c(C(=O)N[C@H]2CCC(=O)NC2=O)cnn1[C@@H](C)C(C)(C)O,-7.935642219
Cn1cc(C(=O)N[C@@H]2CCC(=O)NC2=O)c(CCC(F)(F)F)n1,-8.004011693
Cn1cc(C(=O)N[C@H]2CCC(=O)NC2=O)c(CCC(F)(F)F)n1,-7.996889155
CC(C)n1cc(C(=O)N[C@@H]2CCC(=O)NC2=O)cn1,-7.866919458
CC(C)n1cc(C(=O)N[C@H]2CCC(=O)NC2=O)cn1,-7.873565611
Cc1nn(C)c(C)c1C(=O)N[C@@H]1CCC(=O)NC1=O,-8.037775069
Cc1nn(C)c(C)c1C(=O)N[C@H]1CCC(=O)NC1=O,-7.779048842
O=C1CC[C@H](NC(=O)c2c(C(F)(F)F)n[nH]c2C(F)(F)F)C(=O)N1,-8.621971289
O=C1CC[C@@H](NC(=O)c2c(C(F)(F)F)n[nH]c2C(F)(F)F)C(=O)N1,-8.620455235
O=C1CC[C@H](NC(=O)c2c(C(F)(F)F)nn(CCO)c2C(F)F)C(=O)N1,-8.239107293
O=C1CC[C@@H](NC(=O)c2c(C(F)(F)F)nn(CCO)c2C(F)F)C(=O)N1,-8.206503775
O=C1CC[C@H](N2Cc3c(C#CCCCOc4ccccc4)cccc3C2=O)C(=O)N1,-7.87704346
O=C1CC[C@@H](N2Cc3c(C#CCCCOc4ccccc4)cccc3C2=O)C(=O)N1,-7.748638134
O=Cc1ccc(OCCCC#Cc2cccc3c2CN([C@@H]2CCC(=O)NC2=O)C3=O)cc1,-8.028817483
O=Cc1ccc(OCCCC#Cc2cccc3c2CN([C@H]2CCC(=O)NC2=O)C3=O)cc1,-7.801776912
N#CN1CC[C@H](c2cc(-c3ccc4c(c3)C(=O)N([C@@H]3CCC(=O)NC3=O)C4)co2)C1,-7.909069777
N#CN1CC[C@@H](c2cc(-c3ccc4c(c3)C(=O)N([C@@H]3CCC(=O)NC3=O)C4)co2)C1,-7.913840453
N#CN1CC[C@H](c2cc(-c3ccc4c(c3)C(=O)N([C@H]3CCC(=O)NC3=O)C4)co2)C1,-7.911815225
N#CN1CC[C@@H](c2cc(-c3ccc4c(c3)C(=O)N([C@H]3CCC(=O)NC3=O)C4)co2)C1,-7.918012827
O=C1CC[C@H](NC(=O)c2csc([C@@H]3Cc4c(cccc4S(=O)(=O)F)O3)n2)C(=O)N1,-8.034271722
O=C1CC[C@@H](NC(=O)c2csc([C@@H]3Cc4c(cccc4S(=O)(=O)F)O3)n2)C(=O)N1,-8.029649619
O=C1CC[C@H](NC(=O)c2csc([C@H]3Cc4c(cccc4S(=O)(=O)F)O3)n2)C(=O)N1,-8.066251954
O=C1CC[C@@H](NC(=O)c2csc([C@H]3Cc4c(cccc4S(=O)(=O)F)O3)n2)C(=O)N1,-8.121166586
O=C1CC[C@H](NC(=O)c2csc([C@@H]3Cc4cccc(S(=O)(=O)F)c4O3)n2)C(=O)N1,-8.028462453
O=C1CC[C@@H](NC(=O)c2csc([C@@H]3Cc4cccc(S(=O)(=O)F)c4O3)n2)C(=O)N1,-8.067337133
O=C1CC[C@H](NC(=O)c2csc([C@H]3Cc4cccc(S(=O)(=O)F)c4O3)n2)C(=O)N1,-8.045593831
O=C1CC[C@@H](NC(=O)c2csc([C@H]3Cc4cccc(S(=O)(=O)F)c4O3)n2)C(=O)N1,-8.012565657
O=C1CC[C@H](NC(=O)c2csc([C@@H]3Cc4ccccc4O3)n2)C(=O)N1,-8.021756678
O=C1CC[C@@H](NC(=O)c2csc([C@@H]3Cc4ccccc4O3)n2)C(=O)N1,-8.028555286
O=C1CC[C@H](NC(=O)c2csc([C@H]3Cc4ccccc4O3)n2)C(=O)N1,-7.906084987
O=C1CC[C@@H](NC(=O)c2csc([C@H]3Cc4ccccc4O3)n2)C(=O)N1,-7.908869808
CC[C@@H]1OCC[C@@H]1C(=O)NCc1ccc2c(c1)C(=O)N([C@@H]1CCC(=O)NC1=O)C2,-7.923413841
CC[C@H]1OCC[C@@H]1C(=O)NCc1ccc2c(c1)C(=O)N([C@@H]1CCC(=O)NC1=O)C2,-7.910037256
CC[C@@H]1OCC[C@H]1C(=O)NCc1ccc2c(c1)C(=O)N([C@@H]1CCC(=O)NC1=O)C2,-7.907788382
CC[C@H]1OCC[C@H]1C(=O)NCc1ccc2c(c1)C(=O)N([C@@H]1CCC(=O)NC1=O)C2,-7.94480581
CC[C@@H]1OCC[C@@H]1C(=O)NCc1ccc2c(c1)C(=O)N([C@H]1CCC(=O)NC1=O)C2,-7.921949843
CC[C@H]1OCC[C@@H]1C(=O)NCc1ccc2c(c1)C(=O)N([C@H]1CCC(=O)NC1=O)C2,-7.898685097
CC[C@@H]1OCC[C@H]1C(=O)NCc1ccc2c(c1)C(=O)N([C@H]1CCC(=O)NC1=O)C2,-7.869273897
CC[C@H]1OCC[C@H]1C(=O)NCc1ccc2c(c1)C(=O)N([C@H]1CCC(=O)NC1=O)C2,-7.982218956
O=C1CC[C@H](N2Cc3ccc(CNC(=O)[C@@H]4CCOC4)cc3C2=O)C(=O)N1,-7.94053432
O=C1CC[C@@H](N2Cc3ccc(CNC(=O)[C@@H]4CCOC4)cc3C2=O)C(=O)N1,-7.928253442
O=C1CC[C@H](N2Cc3ccc(CNC(=O)[C@H]4CCOC4)cc3C2=O)C(=O)N1,-7.927349877
O=C1CC[C@@H](N2Cc3ccc(CNC(=O)[C@H]4CCOC4)cc3C2=O)C(=O)N1,-7.921190066
O=C1CC[C@H](N2Cc3c(Nc4ccnc(-c5ccc(F)cc5)n4)cccc3C2=O)C(=O)N1,-7.928490236
O=C1CC[C@@H](N2Cc3c(Nc4ccnc(-c5ccc(F)cc5)n4)cccc3C2=O)C(=O)N1,-7.986054333
COc1ccc(-c2nccc(Nc3cccc4c3CN([C@@H]3CCC(=O)NC3=O)C4=O)n2)c(OC)c1,-7.907349851
COc1ccc(-c2nccc(Nc3cccc4c3CN([C@H]3CCC(=O)NC3=O)C4=O)n2)c(OC)c1,-7.91420048
N#CN1CCC[C@H](c2ccnnc2-c2ccc3c(c2)CN([C@@H]2CCC(=O)NC2=O)C3=O)C1,-7.939031317
N#CN1CCC[C@@H](c2ccnnc2-c2ccc3c(c2)CN([C@@H]2CCC(=O)NC2=O)C3=O)C1,-8.073330025
N#CN1CCC[C@H](c2ccnnc2-c2ccc3c(c2)CN([C@H]2CCC(=O)NC2=O)C3=O)C1,-8.1533177
N#CN1CCC[C@@H](c2ccnnc2-c2ccc3c(c2)CN([C@H]2CCC(=O)NC2=O)C3=O)C1,-8.147240922
O=C1CC[C@H](NC(=O)c2cc(Cl)c3c(c2)OCCCO3)C(=O)N1,-8.007958152
O=C1CC[C@@H](NC(=O)c2cc(Cl)c3c(c2)OCCCO3)C(=O)N1,-8.008037665
O=C1CC[C@H](NC(=O)c2cc3c(c(S(=O)(=O)F)c2)OCCCO3)C(=O)N1,-8.116550594
O=C1CC[C@@H](NC(=O)c2cc3c(c(S(=O)(=O)F)c2)OCCCO3)C(=O)N1,-8.115617247
O=C1CN(/N=C/C=C/c2ccc([N+](=O)[O-])o2)C(=O)N1,-9.288620216
O=C1CN(/N=C\C=C\c2ccc([N+](=O)[O-])o2)C(=O)N1,-9.350083828
O=C1CN(/N=C/C=C\c2ccc([N+](=O)[O-])o2)C(=O)N1,-9.364260712
O=C1CN(/N=C\C=C/c2ccc([N+](=O)[O-])o2)C(=O)N1,-9.322209149
O=C1CC[C@H](NC(=O)c2nc3cc(F)ccc3s2)C(=O)N1,-8.564879128
O=C1CC[C@@H](NC(=O)c2nc3cc(F)ccc3s2)C(=O)N1,-8.564980401
O=C1CC[C@H](NC(=O)c2nc3c(S(=O)(=O)F)cccc3s2)C(=O)N1,-9.427548407
O=C1CC[C@@H](NC(=O)c2nc3c(S(=O)(=O)F)cccc3s2)C(=O)N1,-9.14770733
O=C1CC[C@H](NC(=O)c2nc3cccc(S(=O)(=O)F)c3s2)C(=O)N1,-9.046803685
O=C1CC[C@@H](NC(=O)c2nc3cccc(S(=O)(=O)F)c3s2)C(=O)N1,-9.030454399
O=C1CC[C@H](NC(=O)c2nc3cc(S(=O)(=O)F)ccc3s2)C(=O)N1,-9.018075451
O=C1CC[C@@H](NC(=O)c2nc3cc(S(=O)(=O)F)ccc3s2)C(=O)N1,-8.767376735
N#CN1CCC[C@H](c2csc(-c3cccc(C(=O)N[C@@H]4CCC(=O)NC4=O)c3)n2)C1,-8.133547149
N#CN1CCC[C@@H](c2csc(-c3cccc(C(=O)N[C@@H]4CCC(=O)NC4=O)c3)n2)C1,-8.016332588
N#CN1CCC[C@H](c2csc(-c3cccc(C(=O)N[C@H]4CCC(=O)NC4=O)c3)n2)C1,-8.061939472
N#CN1CCC[C@@H](c2csc(-c3cccc(C(=O)N[C@H]4CCC(=O)NC4=O)c3)n2)C1,-8.063262043
O=C1CC[C@H](N2Cc3cc(-c4nc5ccccn5c4Nc4ccccc4)ccc3C2=O)C(=O)N1,-7.811582014
O=C1CC[C@@H](N2Cc3cc(-c4nc5ccccn5c4Nc4ccccc4)ccc3C2=O)C(=O)N1,-7.816787199
O=C1CC[C@H](NC(=O)c2onc(-c3ccccc3)c2C(F)(F)F)C(=O)N1,-8.869418978
O=C1CC[C@@H](NC(=O)c2onc(-c3ccccc3)c2C(F)(F)F)C(=O)N1,-8.868556741
O=C1CC[C@H](N2Cc3c(NC4=N[C@H](Nc5ccc6c(c5)OCCO6)NC=C4)cccc3C2=O)C(=O)N1,-7.797002277
O=C1CC[C@@H](N2Cc3c(NC4=N[C@H](Nc5ccc6c(c5)OCCO6)NC=C4)cccc3C2=O)C(=O)N1,-7.683235217
O=C1CC[C@H](N2Cc3c(NC4=N[C@@H](Nc5ccc6c(c5)OCCO6)NC=C4)cccc3C2=O)C(=O)N1,-7.880941665
O=C1CC[C@@H](N2Cc3c(NC4=N[C@@H](Nc5ccc6c(c5)OCCO6)NC=C4)cccc3C2=O)C(=O)N1,-7.626710182
Cc1ccc(C(=O)NCc2ccc(C(=O)N[C@@H]3CCC(=O)NC3=O)o2)cc1C#N,-7.826634132
Cc1ccc(C(=O)NCc2ccc(C(=O)N[C@H]3CCC(=O)NC3=O)o2)cc1C#N,-7.830329369
N#CN1CCC[C@H](c2ccccc2-c2cnc(C(=O)N[C@@H]3CCC(=O)NC3=O)o2)C1,-8.138422883
N#CN1CCC[C@@H](c2ccccc2-c2cnc(C(=O)N[C@@H]3CCC(=O)NC3=O)o2)C1,-8.113629518
N#CN1CCC[C@H](c2ccccc2-c2cnc(C(=O)N[C@H]3CCC(=O)NC3=O)o2)C1,-8.11606093
N#CN1CCC[C@@H](c2ccccc2-c2cnc(C(=O)N[C@H]3CCC(=O)NC3=O)o2)C1,-8.094342765
N#CN1CCC[C@H](c2ccccc2NC(=O)c2ccc3c(c2)CN([C@@H]2CCC(=O)NC2=O)C3=O)C1,-7.901156051
N#CN1CCC[C@@H](c2ccccc2NC(=O)c2ccc3c(c2)CN([C@@H]2CCC(=O)NC2=O)C3=O)C1,-7.958697119
N#CN1CCC[C@H](c2ccccc2NC(=O)c2ccc3c(c2)CN([C@H]2CCC(=O)NC2=O)C3=O)C1,-7.945934356
N#CN1CCC[C@@H](c2ccccc2NC(=O)c2ccc3c(c2)CN([C@H]2CCC(=O)NC2=O)C3=O)C1,-7.938665884
N#CN1CC[C@H](c2ccc(-c3nc[nH]c3C(=O)N[C@@H]3CCC(=O)NC3=O)cc2)C1,-7.72053545
N#CN1CC[C@@H](c2ccc(-c3nc[nH]c3C(=O)N[C@@H]3CCC(=O)NC3=O)cc2)C1,-7.523405258
N#CN1CC[C@H](c2ccc(-c3nc[nH]c3C(=O)N[C@H]3CCC(=O)NC3=O)cc2)C1,-7.55781848
N#CN1CC[C@@H](c2ccc(-c3nc[nH]c3C(=O)N[C@H]3CCC(=O)NC3=O)cc2)C1,-8.029440536
COC[C@](N)(C(=O)Nc1cccc([C@@H]2CCC(=O)NC2=O)c1)c1ccccc1,-7.446620927
COC[C@@](N)(C(=O)Nc1cccc([C@@H]2CCC(=O)NC2=O)c1)c1ccccc1,-7.541248767
COC[C@](N)(C(=O)Nc1cccc([C@H]2CCC(=O)NC2=O)c1)c1ccccc1,-7.534920419
COC[C@@](N)(C(=O)Nc1cccc([C@H]2CCC(=O)NC2=O)c1)c1ccccc1,-7.628157527
Cc1nc(COC(C)(C)C)oc1C(=O)Nc1ccc([C@@H]2CCC(=O)NC2=O)cc1,-8.901551806
Cc1nc(COC(C)(C)C)oc1C(=O)Nc1ccc([C@H]2CCC(=O)NC2=O)cc1,-8.895487555
N#CN1CCC[C@H](c2ccsc2C(=O)Nc2cccc3c2CN([C@@H]2CCC(=O)NC2=O)C3=O)C1,-8.170272928
N#CN1CCC[C@@H](c2ccsc2C(=O)Nc2cccc3c2CN([C@@H]2CCC(=O)NC2=O)C3=O)C1,-8.064504124
N#CN1CCC[C@H](c2ccsc2C(=O)Nc2cccc3c2CN([C@H]2CCC(=O)NC2=O)C3=O)C1,-8.086830546
N#CN1CCC[C@@H](c2ccsc2C(=O)Nc2cccc3c2CN([C@H]2CCC(=O)NC2=O)C3=O)C1,-8.127792077
N#CN1CC[C@H](c2cn(-c3ccc4c(c3)CN([C@@H]3CCC(=O)NC3=O)C4=O)nn2)C1,-8.156545902
N#CN1CC[C@@H](c2cn(-c3ccc4c(c3)CN([C@@H]3CCC(=O)NC3=O)C4=O)nn2)C1,-8.108357118
N#CN1CC[C@H](c2cn(-c3ccc4c(c3)CN([C@H]3CCC(=O)NC3=O)C4=O)nn2)C1,-8.126301589
N#CN1CC[C@@H](c2cn(-c3ccc4c(c3)CN([C@H]3CCC(=O)NC3=O)C4=O)nn2)C1,-7.982950782
O=C1CC[C@H](c2ccc(NC(=O)[C@@H]3CC(=O)N(Cc4ccco4)C3)cc2)C(=O)N1,-7.675056907
O=C1CC[C@@H](c2ccc(NC(=O)[C@@H]3CC(=O)N(Cc4ccco4)C3)cc2)C(=O)N1,-7.644468913
O=C1CC[C@H](c2ccc(NC(=O)[C@H]3CC(=O)N(Cc4ccco4)C3)cc2)C(=O)N1,-7.651638326
O=C1CC[C@@H](c2ccc(NC(=O)[C@H]3CC(=O)N(Cc4ccco4)C3)cc2)C(=O)N1,-7.663343382
O=C(Nc1ccc2c(c1)C(=O)N([C@@H]1CCCNC1=O)C2=O)[C@H](F)Cl,-8.636536302
O=C(Nc1ccc2c(c1)C(=O)N([C@H]1CCCNC1=O)C2=O)[C@H](F)Cl,-8.636441196
O=C1NCCC[C@H]1N1C(=O)c2ccc(NC(=O)[C@@H](F)Cl)cc2C1=O,-8.636435098
O=C(Nc1ccc2c(c1)C(=O)N([C@H]1CCCNC1=O)C2=O)[C@@H](F)Cl,-8.636517363
N#Cc1cccc2[nH]c(-c3ccc(N4CCC(=O)NC4=O)cc3)cc12,-7.674717104
O=C1CCN(c2ccc(-c3cc4c(S(=O)(=O)F)cccc4[nH]3)cc2)C(=O)N1,-7.861282792
O=C1CCN(c2ccc(-c3cc4cccc(S(=O)(=O)F)c4[nH]3)cc2)C(=O)N1,-7.838186546
O=C1CCN(c2ccc(-c3[nH]c4ccccc4c3S(=O)(=O)F)cc2)C(=O)N1,-7.651095891
Cc1cccn2nc(C(=O)N[C@@H]3CCC(=O)NC3=O)cc12,-7.78817182
Cc1cccn2nc(C(=O)N[C@H]3CCC(=O)NC3=O)cc12,-7.788073057
O=C1CC[C@H](NC(=O)c2cc3cc(Cl)ccn3n2)C(=O)N1,-7.884884939
O=C1CC[C@@H](NC(=O)c2cc3cc(Cl)ccn3n2)C(=O)N1,-7.884841406
O=C1CC[C@H](NC(=O)c2cc3c(S(=O)(=O)F)cccn3n2)C(=O)N1,-8.630424079
O=C1CC[C@@H](NC(=O)c2cc3c(S(=O)(=O)F)cccn3n2)C(=O)N1,-8.630592975
O=C1CC[C@H](NC(=O)c2cc3cccc(S(=O)(=O)F)n3n2)C(=O)N1,-8.607722436
O=C1CC[C@@H](NC(=O)c2cc3cccc(S(=O)(=O)F)n3n2)C(=O)N1,-8.588936825
O=C1CC[C@H](NC(=O)c2cc3ccc(S(=O)(=O)F)cn3n2)C(=O)N1,-8.592051454
O=C1CC[C@@H](NC(=O)c2cc3ccc(S(=O)(=O)F)cn3n2)C(=O)N1,-8.370061681
O=C1CC[C@H](NC(=O)c2cc3cccc(OS(=O)(=O)F)n3n2)C(=O)N1,-8.193321434
O=C1CC[C@@H](NC(=O)c2cc3cccc(OS(=O)(=O)F)n3n2)C(=O)N1,-8.045310033
O=C1CC[C@H](S(=O)(=O)c2ccc(S(=O)(=O)F)cc2)C(=O)N1,-8.582144629
O=C1CC[C@@H](S(=O)(=O)c2ccc(S(=O)(=O)F)cc2)C(=O)N1,-8.437470746
O=C1CC[C@H](S(=O)(=O)c2cccc(S(=O)(=O)F)c2)C(=O)N1,-8.582266992
O=C1CC[C@@H](S(=O)(=O)c2cccc(S(=O)(=O)F)c2)C(=O)N1,-8.515503748
Cc1cccc(S(=O)(=O)[C@@H]2CCC(=O)NC2=O)c1,-7.986111307
Cc1cccc(S(=O)(=O)[C@H]2CCC(=O)NC2=O)c1,-7.985982439
N#CN1CC[C@H](c2cnnn2-c2ccc3c(c2)CN([C@@H]2CCC(=O)NC2=O)C3=O)C1,-8.045677082
N#CN1CC[C@@H](c2cnnn2-c2ccc3c(c2)CN([C@@H]2CCC(=O)NC2=O)C3=O)C1,-8.089642874
N#CN1CC[C@H](c2cnnn2-c2ccc3c(c2)CN([C@H]2CCC(=O)NC2=O)C3=O)C1,-8.124620376
N#CN1CC[C@@H](c2cnnn2-c2ccc3c(c2)CN([C@H]2CCC(=O)NC2=O)C3=O)C1,-8.152593441
N#CN1CCC[C@H](c2cnn(-c3ccnc(C(=O)N[C@@H]4CCC(=O)NC4=O)n3)c2)C1,-8.140031002
N#CN1CCC[C@@H](c2cnn(-c3ccnc(C(=O)N[C@@H]4CCC(=O)NC4=O)n3)c2)C1,-8.885777629
N#CN1CCC[C@H](c2cnn(-c3ccnc(C(=O)N[C@H]4CCC(=O)NC4=O)n3)c2)C1,-8.338580286
N#CN1CCC[C@@H](c2cnn(-c3ccnc(C(=O)N[C@H]4CCC(=O)NC4=O)n3)c2)C1,-8.290903068
CN1Cc2ccc(CNC(=O)N3CC[C@H](Cc4ccncc4)C3)cc2C1=O,-7.088836142
CN1Cc2ccc(CNC(=O)N3CC[C@@H](Cc4ccncc4)C3)cc2C1=O,-7.133641805
Cc1nnn(-c2ccc(F)cc2)c1C(=O)N[C@@H]1CCC(=O)NC1=O,-8.216349601
Cc1nnn(-c2ccc(F)cc2)c1C(=O)N[C@H]1CCC(=O)NC1=O,-8.217370693
N#CN1CC[C@H](c2cc(-c3ccc4c(c3)C(=O)N([C@@H]3CCC(=O)NC3=O)C4)c[nH]c2=O)C1,-7.96589999
N#CN1CC[C@@H](c2cc(-c3ccc4c(c3)C(=O)N([C@@H]3CCC(=O)NC3=O)C4)c[nH]c2=O)C1,-7.993913083
N#CN1CC[C@H](c2cc(-c3ccc4c(c3)C(=O)N([C@H]3CCC(=O)NC3=O)C4)c[nH]c2=O)C1,-7.972557664
N#CN1CC[C@@H](c2cc(-c3ccc4c(c3)C(=O)N([C@H]3CCC(=O)NC3=O)C4)c[nH]c2=O)C1,-8.029215307
N#CN1CC[C@H](c2ccc3c(c2)C[C@H](Nc2ccc(N4CCC(=O)NC4=O)cc2)CO3)C1,-7.160858431
N#CN1CC[C@@H](c2ccc3c(c2)C[C@H](Nc2ccc(N4CCC(=O)NC4=O)cc2)CO3)C1,-7.171725991
N#CN1CC[C@H](c2ccc3c(c2)C[C@@H](Nc2ccc(N4CCC(=O)NC4=O)cc2)CO3)C1,-7.214072293
N#CN1CC[C@@H](c2ccc3c(c2)C[C@@H](Nc2ccc(N4CCC(=O)NC4=O)cc2)CO3)C1,-7.198346089
N#CN1CCC[C@H](c2cncc(C(=O)Nc3ccc([C@@H]4CCC(=O)NC4=O)cc3)c2)C1,-7.898261596
N#CN1CCC[C@@H](c2cncc(C(=O)Nc3ccc([C@@H]4CCC(=O)NC4=O)cc3)c2)C1,-7.893911638
N#CN1CCC[C@H](c2cncc(C(=O)Nc3ccc([C@H]4CCC(=O)NC4=O)cc3)c2)C1,-7.829555118
N#CN1CCC[C@@H](c2cncc(C(=O)Nc3ccc([C@H]4CCC(=O)NC4=O)cc3)c2)C1,-7.878396389
O=C1CC[C@H](N2Cc3cc(NC(=O)c4cc5ccccc5cn4)ccc3C2=O)C(=O)N1,-8.166073993
O=C1CC[C@@H](N2Cc3cc(NC(=O)c4cc5ccccc5cn4)ccc3C2=O)C(=O)N1,-8.303011727
COc1ccc2cc(C(=O)Nc3ccc4c(c3)CN([C@@H]3CCC(=O)NC3=O)C4=O)ncc2c1,-8.095135349
COc1ccc2cc(C(=O)Nc3ccc4c(c3)CN([C@H]3CCC(=O)NC3=O)C4=O)ncc2c1,-8.059153994
N#CN1CC[C@H](c2ccsc2C(=O)Nc2cccc3c2CN([C@@H]2CCC(=O)NC2=O)C3=O)C1,-8.036868633
N#CN1CC[C@@H](c2ccsc2C(=O)Nc2cccc3c2CN([C@@H]2CCC(=O)NC2=O)C3=O)C1,-8.007886217
N#CN1CC[C@H](c2ccsc2C(=O)Nc2cccc3c2CN([C@H]2CCC(=O)NC2=O)C3=O)C1,-8.156216607
N#CN1CC[C@@H](c2ccsc2C(=O)Nc2cccc3c2CN([C@H]2CCC(=O)NC2=O)C3=O)C1,-8.211531742
Cn1ncc2c1[C@H](C(=O)Nc1ccc(N[C@@H]3CCC(=O)NC3=O)cc1)CCC2,-7.973107947
Cn1ncc2c1[C@@H](C(=O)Nc1ccc(N[C@@H]3CCC(=O)NC3=O)cc1)CCC2,-7.973502737
Cn1ncc2c1[C@H](C(=O)Nc1ccc(N[C@H]3CCC(=O)NC3=O)cc1)CCC2,-8.004550568
Cn1ncc2c1[C@@H](C(=O)Nc1ccc(N[C@H]3CCC(=O)NC3=O)cc1)CCC2,-8.006948523
Cc1cc(C(=O)N[C@@H]2CCC(=O)NC2=O)c2nccn2c1,-7.673934426
Cc1cc(C(=O)N[C@H]2CCC(=O)NC2=O)c2nccn2c1,-7.673520494
O=C1CC[C@H](NC(=O)c2cc(S(=O)(=O)F)cn3ccnc23)C(=O)N1,-8.60865916
O=C1CC[C@@H](NC(=O)c2cc(S(=O)(=O)F)cn3ccnc23)C(=O)N1,-8.818246715
O=C1CC[C@H](NC(=O)c2ccc(S(=O)(=O)F)n3ccnc23)C(=O)N1,-8.608443044
O=C1CC[C@@H](NC(=O)c2ccc(S(=O)(=O)F)n3ccnc23)C(=O)N1,-8.818475005
O=C1CC[C@H](NC(=O)c2cccn3c(S(=O)(=O)F)cnc23)C(=O)N1,-8.733321019
O=C1CC[C@@H](NC(=O)c2cccn3c(S(=O)(=O)F)cnc23)C(=O)N1,-8.919605575
O=C1CC[C@H](NC(=O)c2cccn3ccnc23)C(=O)N1,-7.64628851
O=C1CC[C@@H](NC(=O)c2cccn3ccnc23)C(=O)N1,-7.646160802
O=C1CC[C@H](NC(=O)c2cccn3cc(OS(=O)(=O)F)nc23)C(=O)N1,-8.062867573
O=C1CC[C@@H](NC(=O)c2cccn3cc(OS(=O)(=O)F)nc23)C(=O)N1,-8.241705678
N#CN1CCC(c2n[nH]cc2-c2ccc3c(c2)C(=O)N([C@@H]2CCC(=O)NC2=O)C3)CC1,-8.011871388
N#CN1CCC(c2n[nH]cc2-c2ccc3c(c2)C(=O)N([C@H]2CCC(=O)NC2=O)C3)CC1,-8.007080066
O=C1CC(c2ccc(NC(=O)[C@@H]3CCc4nnnn4CC3)cc2)CC(=O)N1,-7.77106273
O=C1CC(c2ccc(NC(=O)[C@H]3CCc4nnnn4CC3)cc2)CC(=O)N1,-7.767204879
C=CC(=O)N(Cc1ccnn1CC1CCC1)c1ccc2c(c1)C(=O)NC2,-7.545592368
O=C1CC[C@H](NC(=O)c2coc(CNC(=O)c3ccc4cncn4c3)c2)C(=O)N1,-8.047111803
O=C1CC[C@@H](NC(=O)c2coc(CNC(=O)c3ccc4cncn4c3)c2)C(=O)N1,-7.923070264
N#CN1CCC[C@H](c2ccc(-c3cccc4c3CN([C@@H]3CCC(=O)NC3=O)C4=O)c3c2C(=O)CC3)C1,-7.984437016
N#CN1CCC[C@@H](c2ccc(-c3cccc4c3CN([C@@H]3CCC(=O)NC3=O)C4=O)c3c2C(=O)CC3)C1,-7.997834091
N#CN1CCC[C@H](c2ccc(-c3cccc4c3CN([C@H]3CCC(=O)NC3=O)C4=O)c3c2C(=O)CC3)C1,-7.951685624
N#CN1CCC[C@@H](c2ccc(-c3cccc4c3CN([C@H]3CCC(=O)NC3=O)C4=O)c3c2C(=O)CC3)C1,-8.015742332
CCn1nccc1S(=O)(=O)Nc1ccc2c(c1)CN([C@@H]1CCC(=O)NC1=O)C2=O,-7.986373216
CCn1nccc1S(=O)(=O)Nc1ccc2c(c1)CN([C@H]1CCC(=O)NC1=O)C2=O,-7.969004347
Cc1cnc2cc(-c3cccc4c3CN([C@@H]3CCC(=O)NC3=O)C4=O)ccn12,-7.875997237
Cc1cnc2cc(-c3cccc4c3CN([C@H]3CCC(=O)NC3=O)C4=O)ccn12,-7.878147482
O=C1CC[C@H](NC(=O)c2cccc(N=S3(=O)CCCC3)c2)C(=O)N1,-7.867605884
O=C1CC[C@@H](NC(=O)c2cccc(N=S3(=O)CCCC3)c2)C(=O)N1,-7.873177069
O=C1CC[C@H](NC(=O)c2ccc(S(=O)(=O)F)c3c2COC3)C(=O)N1,-8.202287301
O=C1CC[C@@H](NC(=O)c2ccc(S(=O)(=O)F)c3c2COC3)C(=O)N1,-8.191127162
O=C1CC[C@H](NC(=O)c2cc(S(=O)(=O)F)cc3c2COC3)C(=O)N1,-8.096449209
O=C1CC[C@@H](NC(=O)c2cc(S(=O)(=O)F)cc3c2COC3)C(=O)N1,-8.281204337
O=C1CC[C@H](NC(=O)c2cccc3c2COC3)C(=O)N1,-8.040899117
O=C1CC[C@@H](NC(=O)c2cccc3c2COC3)C(=O)N1,-8.041018928
CCCN1CCC[C@@H]1C(=O)NCc1ocnc1C(=O)N[C@@H]1CCC(=O)NC1=O,-7.974470502
CCCN1CCC[C@H]1C(=O)NCc1ocnc1C(=O)N[C@@H]1CCC(=O)NC1=O,-7.899768511
CCCN1CCC[C@@H]1C(=O)NCc1ocnc1C(=O)N[C@H]1CCC(=O)NC1=O,-7.99692173
CCCN1CCC[C@H]1C(=O)NCc1ocnc1C(=O)N[C@H]1CCC(=O)NC1=O,-7.974463763
N#CN1CC[C@H](c2cc(-c3cc(N[C@@H]4CCC(=O)NC4=O)ncn3)cs2)C1,-7.829348665
N#CN1CC[C@@H](c2cc(-c3cc(N[C@@H]4CCC(=O)NC4=O)ncn3)cs2)C1,-7.950534981
N#CN1CC[C@H](c2cc(-c3cc(N[C@H]4CCC(=O)NC4=O)ncn3)cs2)C1,-7.955141125
N#CN1CC[C@@H](c2cc(-c3cc(N[C@H]4CCC(=O)NC4=O)ncn3)cs2)C1,-7.929256936
O=C1CC[C@H](NC(=O)c2cc(C3CC3)ccn2)C(=O)N1,-7.799659705
O=C1CC[C@@H](NC(=O)c2cc(C3CC3)ccn2)C(=O)N1,-7.81533855
O=C1CC[C@H](n2cc(CN3C(=O)c4ccccc4C3=O)nn2)C(=O)N1,-8.598637381
O=C1CC[C@@H](n2cc(CN3C(=O)c4ccccc4C3=O)nn2)C(=O)N1,-8.598646085
Cc1nn2c(c1C(=O)N[C@@H]1CCC(=O)NC1=O)CNCC2,-7.733666419
Cc1nn2c(c1C(=O)N[C@H]1CCC(=O)NC1=O)CNCC2,-7.736520895
Cc1oc(C2CCOCC2)nc1C(=O)N[C@@H]1CCC(=O)NC1=O,-7.777098767
Cc1oc(C2CCOCC2)nc1C(=O)N[C@H]1CCC(=O)NC1=O,-7.753658387
Cc1ccc(NS(=O)(=O)c2cccc(C#N)c2)c2[nH]cc(C#N)c12,-8.376242628
O=C1CC[C@H](N2Cc3cc(NC(=O)c4ccc(Oc5ccccc5)cc4)ccc3C2=O)C(=O)N1,-7.844916117
O=C1CC[C@@H](N2Cc3cc(NC(=O)c4ccc(Oc5ccccc5)cc4)ccc3C2=O)C(=O)N1,-7.835330178
COc1cc(C(=O)Nc2ccc3c(c2)CN([C@@H]2CCC(=O)NC2=O)C3=O)ccc1Oc1ccccc1,-7.840991361
COc1cc(C(=O)Nc2ccc3c(c2)CN([C@H]2CCC(=O)NC2=O)C3=O)ccc1Oc1ccccc1,-7.86419593
COc1ccc(Oc2ccc(C(=O)Nc3ccc4c(c3)CN([C@@H]3CCC(=O)NC3=O)C4=O)cc2)cc1,-7.846011663
COc1ccc(Oc2ccc(C(=O)Nc3ccc4c(c3)CN([C@H]3CCC(=O)NC3=O)C4=O)cc2)cc1,-7.827018843
COc1cc(Oc2ccccc2)ccc1C(=O)Nc1ccc2c(c1)CN([C@@H]1CCC(=O)NC1=O)C2=O,-7.762866902
COc1cc(Oc2ccccc2)ccc1C(=O)Nc1ccc2c(c1)CN([C@H]1CCC(=O)NC1=O)C2=O,-7.83063241
O=C1CC[C@H](N2Cc3c(NS(=O)(=O)c4ccco4)cccc3C2=O)C(=O)N1,-7.954130829
O=C1CC[C@@H](N2Cc3c(NS(=O)(=O)c4ccco4)cccc3C2=O)C(=O)N1,-7.960360371
Cc1cc(C)cc(-c2cn([C@@H]3CCC(=O)NC3=O)nn2)c1,-8.170965479
Cc1cc(C)cc(-c2cn([C@H]3CCC(=O)NC3=O)nn2)c1,-8.170087518
O=C1CC[C@H](n2cc(-c3ccc(CO)cc3)nn2)C(=O)N1,-8.297656866
O=C1CC[C@@H](n2cc(-c3ccc(CO)cc3)nn2)C(=O)N1,-8.275069308
COc1ccccc1-c1cn([C@@H]2CCC(=O)NC2=O)nn1,-8.124212618
COc1ccccc1-c1cn([C@H]2CCC(=O)NC2=O)nn1,-8.126049921
Cc1cc(F)cc(-c2cn([C@@H]3CCC(=O)NC3=O)nn2)c1,-8.270123017
Cc1cc(F)cc(-c2cn([C@H]3CCC(=O)NC3=O)nn2)c1,-8.270298226
O=C1CC[C@H](n2cc(-c3cccc(Cl)c3)nn2)C(=O)N1,-8.290867142
O=C1CC[C@@H](n2cc(-c3cccc(Cl)c3)nn2)C(=O)N1,-8.290350212
O=C1CC[C@H](n2cc(-c3c(F)cccc3F)nn2)C(=O)N1,-8.219677893
O=C1CC[C@@H](n2cc(-c3c(F)cccc3F)nn2)C(=O)N1,-8.226786594
CCCc1ccc(-c2cn([C@@H]3CCC(=O)NC3=O)nn2)cc1,-8.174316445
CCCc1ccc(-c2cn([C@H]3CCC(=O)NC3=O)nn2)cc1,-8.17495168
CSc1cccc(-c2cn([C@@H]3CCC(=O)NC3=O)nn2)c1,-8.266756217
CSc1cccc(-c2cn([C@H]3CCC(=O)NC3=O)nn2)c1,-8.267156175
COc1ccc(-c2cn([C@@H]3CCC(=O)NC3=O)nn2)cc1OC,-7.962151286
COc1ccc(-c2cn([C@H]3CCC(=O)NC3=O)nn2)cc1OC,-8.10296398
O=C1CC[C@H](n2cc(-c3cccc(C(F)(F)F)c3)nn2)C(=O)N1,-8.375598365
O=C1CC[C@@H](n2cc(-c3cccc(C(F)(F)F)c3)nn2)C(=O)N1,-8.375219379
O=C1CC[C@H](n2cc(-c3c(Cl)cccc3Cl)nn2)C(=O)N1,-8.242937558
O=C1CC[C@@H](n2cc(-c3c(Cl)cccc3Cl)nn2)C(=O)N1,-8.25769557
CC(C)(C)Oc1ccc(-c2cn([C@@H]3CCC(=O)NC3=O)nn2)cc1,-8.234041796
CC(C)(C)Oc1ccc(-c2cn([C@H]3CCC(=O)NC3=O)nn2)cc1,-8.234229542
O=C1CC[C@H](n2cc(-c3cccc(S(=O)(=O)F)c3)nn2)C(=O)N1,-8.810433762
O=C1CC[C@@H](n2cc(-c3cccc(S(=O)(=O)F)c3)nn2)C(=O)N1,-9.135306743
O=C1CC[C@H](n2cc(-c3ccccc3S(=O)(=O)F)nn2)C(=O)N1,-9.139655175
O=C1CC[C@@H](n2cc(-c3ccccc3S(=O)(=O)F)nn2)C(=O)N1,-8.997184771
O=C1CC[C@H](n2cc(-c3cccc(OS(=O)(=O)F)c3)nn2)C(=O)N1,-8.545954291
O=C1CC[C@@H](n2cc(-c3cccc(OS(=O)(=O)F)c3)nn2)C(=O)N1,-8.401150608
Cc1ccc(-c2cn([C@@H]3CCC(=O)NC3=O)nn2)cc1,-8.233751654
Cc1ccc(-c2cn([C@H]3CCC(=O)NC3=O)nn2)cc1,-8.179937975
O=C1CC[C@H](n2cc(-c3ccc(Br)cc3Cl)nn2)C(=O)N1,-8.348733809
O=C1CC[C@@H](n2cc(-c3ccc(Br)cc3Cl)nn2)C(=O)N1,-8.340845373
Cn1ncc2cc(-c3cccc4c3CN([C@@H]3CCC(=O)NC3=O)C4=O)cnc21,-7.965328687
Cn1ncc2cc(-c3cccc4c3CN([C@H]3CCC(=O)NC3=O)C4=O)cnc21,-7.958975376
Cc1nn(C)c2ncc(-c3cccc4c3CN([C@@H]3CCC(=O)NC3=O)C4=O)cc12,-7.894741317
Cc1nn(C)c2ncc(-c3cccc4c3CN([C@H]3CCC(=O)NC3=O)C4=O)cc12,-7.921934267
Cc1ccc2c(C(=O)N[C@@H]3CCC(=O)NC3=O)cc(-c3cnn(C)c3)nc2c1C,-8.05497832
Cc1ccc2c(C(=O)N[C@H]3CCC(=O)NC3=O)cc(-c3cnn(C)c3)nc2c1C,-7.947315594
N#CN1CC[C@H](c2scnc2-c2ccc3c(c2)CN([C@@H]2CCC(=O)NC2=O)C3=O)C1,-8.035177513
N#CN1CC[C@@H](c2scnc2-c2ccc3c(c2)CN([C@@H]2CCC(=O)NC2=O)C3=O)C1,-8.050632016
N#CN1CC[C@H](c2scnc2-c2ccc3c(c2)CN([C@H]2CCC(=O)NC2=O)C3=O)C1,-7.96701333
N#CN1CC[C@@H](c2scnc2-c2ccc3c(c2)CN([C@H]2CCC(=O)NC2=O)C3=O)C1,-7.970304427
N#CN1CCC[C@H](c2ncc(C(=O)Nc3ccc([C@@H]4CCC(=O)NC4=O)cc3)o2)C1,-8.207261674
N#CN1CCC[C@@H](c2ncc(C(=O)Nc3ccc([C@@H]4CCC(=O)NC4=O)cc3)o2)C1,-8.215863728
N#CN1CCC[C@H](c2ncc(C(=O)Nc3ccc([C@H]4CCC(=O)NC4=O)cc3)o2)C1,-8.222955724
N#CN1CCC[C@@H](c2ncc(C(=O)Nc3ccc([C@H]4CCC(=O)NC4=O)cc3)o2)C1,-7.930844712
O=C1CC[C@H](n2cc(-c3cscc3OCC3CCCCC3)nn2)C(=O)N1,-8.11622124
O=C1CC[C@@H](n2cc(-c3cscc3OCC3CCCCC3)nn2)C(=O)N1,-8.090538153
CC[C@]1(c2ccc(NCc3ocnc3C)cc2)CCC(=O)NC1=O,-7.838324606
CC[C@@]1(c2ccc(NCc3ocnc3C)cc2)CCC(=O)NC1=O,-7.828031487
O=C1CC[C@H](N2C(=O)c3ccc(NC(=O)c4ccno4)cc3C2=O)C(=O)N1,-8.88997984
O=C1CC[C@@H](N2C(=O)c3ccc(NC(=O)c4ccno4)cc3C2=O)C(=O)N1,-8.928333685
N#CN1CCC[C@H](c2cccc(NC(=O)c3cccc4c3CN([C@@H]3CCC(=O)NC3=O)C4=O)n2)C1,-8.07451278
N#CN1CCC[C@@H](c2cccc(NC(=O)c3cccc4c3CN([C@@H]3CCC(=O)NC3=O)C4=O)n2)C1,-7.913984598
N#CN1CCC[C@H](c2cccc(NC(=O)c3cccc4c3CN([C@H]3CCC(=O)NC3=O)C4=O)n2)C1,-7.789144915
N#CN1CCC[C@@H](c2cccc(NC(=O)c3cccc4c3CN([C@H]3CCC(=O)NC3=O)C4=O)n2)C1,-7.939139033
N#CN1CCC[C@H](c2nccc(-c3ccc4c(c3)CN([C@@H]3CCC(=O)NC3=O)C4=O)n2)C1,-8.261863678
N#CN1CCC[C@@H](c2nccc(-c3ccc4c(c3)CN([C@@H]3CCC(=O)NC3=O)C4=O)n2)C1,-8.296326413
N#CN1CCC[C@H](c2nccc(-c3ccc4c(c3)CN([C@H]3CCC(=O)NC3=O)C4=O)n2)C1,-8.187257829
N#CN1CCC[C@@H](c2nccc(-c3ccc4c(c3)CN([C@H]3CCC(=O)NC3=O)C4=O)n2)C1,-8.025445543
N#CN1CCC[C@H](c2ccccc2-c2cc(C(=O)N[C@@H]3CCC(=O)NC3=O)no2)C1,-8.30116695
N#CN1CCC[C@@H](c2ccccc2-c2cc(C(=O)N[C@@H]3CCC(=O)NC3=O)no2)C1,-8.304489597
N#CN1CCC[C@H](c2ccccc2-c2cc(C(=O)N[C@H]3CCC(=O)NC3=O)no2)C1,-8.324304993
N#CN1CCC[C@@H](c2ccccc2-c2cc(C(=O)N[C@H]3CCC(=O)NC3=O)no2)C1,-8.161349953
O=C1CC[C@H](n2cc(CCC3(CCO)OCCO3)nn2)C(=O)N1,-8.014883344
O=C1CC[C@@H](n2cc(CCC3(CCO)OCCO3)nn2)C(=O)N1,-8.239434947
N#CN1CC[C@H](c2nccc(Nc3ccc4c(c3)CN([C@@H]3CCC(=O)NC3=O)C4=O)n2)C1,-7.871489825
N#CN1CC[C@@H](c2nccc(Nc3ccc4c(c3)CN([C@@H]3CCC(=O)NC3=O)C4=O)n2)C1,-7.859603878
N#CN1CC[C@H](c2nccc(Nc3ccc4c(c3)CN([C@H]3CCC(=O)NC3=O)C4=O)n2)C1,-7.993980069
N#CN1CC[C@@H](c2nccc(Nc3ccc4c(c3)CN([C@H]3CCC(=O)NC3=O)C4=O)n2)C1,-8.0062152
O=C1CC[C@H](NC(=O)c2nc(-c3cccc(S(=O)(=O)F)c3)n3c2COCC3)C(=O)N1,-7.973025162
O=C1CC[C@@H](NC(=O)c2nc(-c3cccc(S(=O)(=O)F)c3)n3c2COCC3)C(=O)N1,-7.95869063
O=C1CC[C@H](NC(=O)c2nc(-c3ccccc3)n3c2COCC3)C(=O)N1,-7.917723104
O=C1CC[C@@H](NC(=O)c2nc(-c3ccccc3)n3c2COCC3)C(=O)N1,-7.91371477
O=C1CC[C@@H](N2Cc3cc(NC(=O)N4C[C@@H]5C[C@@H]4CO5)ccc3C2=O)C(=O)N1,-7.787779809
O=C1CC[C@@H](N2Cc3cc(NC(=O)N4C[C@H]5C[C@@H]4CO5)ccc3C2=O)C(=O)N1,-7.798416749
O=C1CC[C@H](N2Cc3cc(NC(=O)N4C[C@@H]5C[C@H]4CO5)ccc3C2=O)C(=O)N1,-7.792031636
O=C1CC[C@@H](N2Cc3cc(NC(=O)N4C[C@@H]5C[C@H]4CO5)ccc3C2=O)C(=O)N1,-7.786268391
O=C1CC[C@H](N2Cc3cc(NC4=NN=C5C=CC=C[C@@H]54)ccc3C2=O)C(=O)N1,-7.893426325
O=C1CC[C@@H](N2Cc3cc(NC4=NN=C5C=CC=C[C@@H]54)ccc3C2=O)C(=O)N1,-8.0703
O=C1CC[C@@H](N2Cc3cc(NC4=NN=C5C=CC=C[C@H]54)ccc3C2=O)C(=O)N1,-8.0454
N#CN1CC[C@H](c2cc(-c3cncc(C(=O)N[C@@H]4CCC(=O)NC4=O)c3)cc3c2OCC3)C1,-8.057354466
N#CN1CC[C@@H](c2cc(-c3cncc(C(=O)N[C@@H]4CCC(=O)NC4=O)c3)cc3c2OCC3)C1,-7.988721866
N#CN1CC[C@H](c2cc(-c3cncc(C(=O)N[C@H]4CCC(=O)NC4=O)c3)cc3c2OCC3)C1,-7.989167649
N#CN1CC[C@@H](c2cc(-c3cncc(C(=O)N[C@H]4CCC(=O)NC4=O)c3)cc3c2OCC3)C1,-8.091967592
O=C1CC[C@H](N2Cc3cc(C4CC4)ccc3C2=O)C(=O)N1,-7.84342527
O=C1CC[C@@H](N2Cc3cc(C4CC4)ccc3C2=O)C(=O)N1,-7.871613942
O=C1CC[C@H](N2Cc3cc(C4CC4)c(S(=O)(=O)F)cc3C2=O)C(=O)N1,-8.132665765
O=C1CC[C@@H](N2Cc3cc(C4CC4)c(S(=O)(=O)F)cc3C2=O)C(=O)N1,-8.136174504
O=C1CC[C@H](N2Cc3c(ccc(C4CC4)c3S(=O)(=O)F)C2=O)C(=O)N1,-8.028878807
O=C1CC[C@@H](N2Cc3c(ccc(C4CC4)c3S(=O)(=O)F)C2=O)C(=O)N1,-8.028597128
N#CN1CC[C@H](c2cc(-c3ccc4c(c3)CN([C@@H]3CCC(=O)NC3=O)C4=O)cc3c2C(=O)CC3)C1,-8.048761386
N#CN1CC[C@@H](c2cc(-c3ccc4c(c3)CN([C@@H]3CCC(=O)NC3=O)C4=O)cc3c2C(=O)CC3)C1,-7.945755691
N#CN1CC[C@H](c2cc(-c3ccc4c(c3)CN([C@H]3CCC(=O)NC3=O)C4=O)cc3c2C(=O)CC3)C1,-8.052979483
N#CN1CC[C@@H](c2cc(-c3ccc4c(c3)CN([C@H]3CCC(=O)NC3=O)C4=O)cc3c2C(=O)CC3)C1,-8.05428551
N#CN1CCC[C@H](c2[nH]cnc2C(=O)Nc2ccc([C@@H]3CCC(=O)NC3=O)cc2)C1,-7.910914034
N#CN1CCC[C@@H](c2[nH]cnc2C(=O)Nc2ccc([C@@H]3CCC(=O)NC3=O)cc2)C1,-7.851710629
N#CN1CCC[C@H](c2[nH]cnc2C(=O)Nc2ccc([C@H]3CCC(=O)NC3=O)cc2)C1,-8.144445856
N#CN1CCC[C@@H](c2[nH]cnc2C(=O)Nc2ccc([C@H]3CCC(=O)NC3=O)cc2)C1,-8.087007305
Cn1c(S)nnc1C(=O)N[C@@H]1CCC(=O)NC1=O,-7.953410027
Cn1c(S)nnc1C(=O)N[C@H]1CCC(=O)NC1=O,-7.988319725
CC(C)(C)c1nnc(C(=O)N[C@@H]2CCC(=O)NC2=O)[nH]1,-7.94123193
CC(C)(C)c1nnc(C(=O)N[C@H]2CCC(=O)NC2=O)[nH]1,-7.941729002
N#CN1CC[C@H](c2cccc(-n3nncc3C(=O)N[C@@H]3CCC(=O)NC3=O)c2)C1,-8.156273624
N#CN1CC[C@@H](c2cccc(-n3nncc3C(=O)N[C@@H]3CCC(=O)NC3=O)c2)C1,-8.213398288
N#CN1CC[C@H](c2cccc(-n3nncc3C(=O)N[C@H]3CCC(=O)NC3=O)c2)C1,-8.203199019
N#CN1CC[C@@H](c2cccc(-n3nncc3C(=O)N[C@H]3CCC(=O)NC3=O)c2)C1,-8.203154257
N#CN1CC[C@H](c2ccc(-c3nocc3C(=O)N[C@@H]3CCC(=O)NC3=O)cc2)C1,-8.308881278
N#CN1CC[C@@H](c2ccc(-c3nocc3C(=O)N[C@@H]3CCC(=O)NC3=O)cc2)C1,-8.202648956
N#CN1CC[C@H](c2ccc(-c3nocc3C(=O)N[C@H]3CCC(=O)NC3=O)cc2)C1,-8.214357141
N#CN1CC[C@@H](c2ccc(-c3nocc3C(=O)N[C@H]3CCC(=O)NC3=O)cc2)C1,-8.226221935
O=C1CC[C@H](NC(=O)c2cnn(C[C@@H]3CCCCO3)c2)C(=O)N1,-7.871144622
O=C1CC[C@@H](NC(=O)c2cnn(C[C@@H]3CCCCO3)c2)C(=O)N1,-7.91803693
O=C1CC[C@H](NC(=O)c2cnn(C[C@H]3CCCCO3)c2)C(=O)N1,-7.87610696
O=C1CC[C@@H](NC(=O)c2cnn(C[C@H]3CCCCO3)c2)C(=O)N1,-7.877862012
N#CN1CCC[C@H](c2cc(-c3nnc(C(=O)N[C@@H]4CCC(=O)NC4=O)o3)sn2)C1,-8.975901746
N#CN1CCC[C@@H](c2cc(-c3nnc(C(=O)N[C@@H]4CCC(=O)NC4=O)o3)sn2)C1,-8.825815895
N#CN1CCC[C@H](c2cc(-c3nnc(C(=O)N[C@H]4CCC(=O)NC4=O)o3)sn2)C1,-8.963131496
N#CN1CCC[C@@H](c2cc(-c3nnc(C(=O)N[C@H]4CCC(=O)NC4=O)o3)sn2)C1,-8.974640412
O=C1CC[C@H](N2C(=O)c3ccc(OCCC4CCOCC4)cc3C2=O)C(=O)N1,-8.641823992
O=C1CC[C@@H](N2C(=O)c3ccc(OCCC4CCOCC4)cc3C2=O)C(=O)N1,-8.648250244
CN1C(=O)CC[C@H](NC(=O)c2cnc3c(c2)NC(=O)CS3)C1=O,-8.063259994
CN1C(=O)CC[C@@H](NC(=O)c2cnc3c(c2)NC(=O)CS3)C1=O,-8.062721434
N#CN1CC[C@H](c2cccnc2-c2ccc3c(c2)C(=O)N([C@@H]2CCC(=O)NC2=O)C3)C1,-7.936983068
N#CN1CC[C@@H](c2cccnc2-c2ccc3c(c2)C(=O)N([C@@H]2CCC(=O)NC2=O)C3)C1,-7.899602197
N#CN1CC[C@H](c2cccnc2-c2ccc3c(c2)C(=O)N([C@H]2CCC(=O)NC2=O)C3)C1,-7.994489927
N#CN1CC[C@@H](c2cccnc2-c2ccc3c(c2)C(=O)N([C@H]2CCC(=O)NC2=O)C3)C1,-7.648212204
Cc1cc(C2(C(=O)Nc3ccc([C@@H]4CCC(=O)NC4=O)cc3)CCOCC2)on1,-8.794221532
Cc1cc(C2(C(=O)Nc3ccc([C@H]4CCC(=O)NC4=O)cc3)CCOCC2)on1,-8.813324008
O=C1CC[C@H](NC(=O)c2ccc(NCCN3CCOCC3)c(Cl)c2)C(=O)N1,-7.971110842
O=C1CC[C@@H](NC(=O)c2ccc(NCCN3CCOCC3)c(Cl)c2)C(=O)N1,-7.976322527
Cc1ncc(C(=O)N[C@@H]2CCC(=O)NC2=O)n1-c1ccccc1,-7.917307513
Cc1ncc(C(=O)N[C@H]2CCC(=O)NC2=O)n1-c1ccccc1,-7.914113348
O=C1CC[C@H](NC(=O)c2cc(C3CC3)nc3ccnn23)C(=O)N1,-7.969102704
O=C1CC[C@@H](NC(=O)c2cc(C3CC3)nc3ccnn23)C(=O)N1,-7.965330095
N#CN1CC[C@H](c2ccccc2-c2cncc(C(=O)N[C@@H]3CCC(=O)NC3=O)c2)C1,-8.135692452
N#CN1CC[C@@H](c2ccccc2-c2cncc(C(=O)N[C@@H]3CCC(=O)NC3=O)c2)C1,-8.220870457
N#CN1CC[C@H](c2ccccc2-c2cncc(C(=O)N[C@H]3CCC(=O)NC3=O)c2)C1,-8.199797938
N#CN1CC[C@@H](c2ccccc2-c2cncc(C(=O)N[C@H]3CCC(=O)NC3=O)c2)C1,-8.217515661
Cc1cc(=O)n2[nH]c(C(=O)N[C@@H]3CCC(=O)NC3=O)cc2n1,-7.894780074
Cc1cc(=O)n2[nH]c(C(=O)N[C@H]3CCC(=O)NC3=O)cc2n1,-7.894153231
N#CN1CCC[C@H](c2cccc(-n3nc(C(=O)N[C@@H]4CCC(=O)NC4=O)c4c3CCC4)c2)C1,-7.758824472
N#CN1CCC[C@@H](c2cccc(-n3nc(C(=O)N[C@@H]4CCC(=O)NC4=O)c4c3CCC4)c2)C1,-7.913277622
N#CN1CCC[C@H](c2cccc(-n3nc(C(=O)N[C@H]4CCC(=O)NC4=O)c4c3CCC4)c2)C1,-7.844257402
N#CN1CCC[C@@H](c2cccc(-n3nc(C(=O)N[C@H]4CCC(=O)NC4=O)c4c3CCC4)c2)C1,-7.741666398
N#CN1CCC[C@H](c2ccc3cccc(-c4cn([C@@H]5CCC(=O)NC5=O)nn4)c3n2)C1,-8.336409232
N#CN1CCC[C@@H](c2ccc3cccc(-c4cn([C@@H]5CCC(=O)NC5=O)nn4)c3n2)C1,-8.33458037
N#CN1CCC[C@H](c2ccc3cccc(-c4cn([C@H]5CCC(=O)NC5=O)nn4)c3n2)C1,-8.226034662
N#CN1CCC[C@@H](c2ccc3cccc(-c4cn([C@H]5CCC(=O)NC5=O)nn4)c3n2)C1,-8.086413419
Cn1nccc1-c1[nH]nnc1C(=O)N[C@@H]1CCC(=O)NC1=O,-7.928236216
Cn1nccc1-c1[nH]nnc1C(=O)N[C@H]1CCC(=O)NC1=O,-7.933590032
CC(C)C[C@H](C(=O)Nc1cccc([C@@H]2CCC(=O)NC2=O)c1)N1CCCCC1=O,-7.537258067
CC(C)C[C@@H](C(=O)Nc1cccc([C@@H]2CCC(=O)NC2=O)c1)N1CCCCC1=O,-7.538757728
CC(C)C[C@H](C(=O)Nc1cccc([C@H]2CCC(=O)NC2=O)c1)N1CCCCC1=O,-7.537729517
CC(C)C[C@@H](C(=O)Nc1cccc([C@H]2CCC(=O)NC2=O)c1)N1CCCCC1=O,-7.566522056
C[C@H](C(=O)N(C)CC(=O)Nc1ccc([C@@H]2CCC(=O)NC2=O)cc1)n1cccn1,-7.998698315
C[C@@H](C(=O)N(C)CC(=O)Nc1ccc([C@@H]2CCC(=O)NC2=O)cc1)n1cccn1,-7.992515289
C[C@H](C(=O)N(C)CC(=O)Nc1ccc([C@H]2CCC(=O)NC2=O)cc1)n1cccn1,-7.999638928
C[C@@H](C(=O)N(C)CC(=O)Nc1ccc([C@H]2CCC(=O)NC2=O)cc1)n1cccn1,-8.003102478
O=C1CC[C@H](N2Cc3c(Nc4ccnc(Nc5ccc6c(c5)CCC6)n4)cccc3C2=O)C(=O)N1,-7.917726946
O=C1CC[C@@H](N2Cc3c(Nc4ccnc(Nc5ccc6c(c5)CCC6)n4)cccc3C2=O)C(=O)N1,-7.908723184
C[C@]1(CNC(=O)c2ccc3c(c2)C(=O)N([C@@H]2CCC(=O)NC2=O)C3)CCCNC1,-7.876535137
C[C@@]1(CNC(=O)c2ccc3c(c2)C(=O)N([C@@H]2CCC(=O)NC2=O)C3)CCCNC1,-7.780449776
C[C@]1(CNC(=O)c2ccc3c(c2)C(=O)N([C@H]2CCC(=O)NC2=O)C3)CCCNC1,-7.731676237
C[C@@]1(CNC(=O)c2ccc3c(c2)C(=O)N([C@H]2CCC(=O)NC2=O)C3)CCCNC1,-7.707959881
O=C1CC[C@H](NC(=O)c2cc(CNC(=O)c3occ4c3CCC4)on2)C(=O)N1,-7.997953613
O=C1CC[C@@H](NC(=O)c2cc(CNC(=O)c3occ4c3CCC4)on2)C(=O)N1,-7.963416032
O=C1CC[C@H](c2cccc(NC(=O)CCc3ccc4c(n3)NCCC4)c2)C(=O)N1,-7.487792564
O=C1CC[C@@H](c2cccc(NC(=O)CCc3ccc4c(n3)NCCC4)c2)C(=O)N1,-7.595794792
C[C@H](Nc1cccc(C2CC(=O)NC(=O)C2)c1)C1CC(F)(F)C1,-7.589137642
C[C@@H](Nc1cccc(C2CC(=O)NC(=O)C2)c1)C1CC(F)(F)C1,-7.604972193
Cc1ccc(NC(=O)CCc2ccc3c(c2)CN([C@@H]2CCC(=O)NC2=O)C3=O)cc1Cl,-7.839447574
Cc1ccc(NC(=O)CCc2ccc3c(c2)CN([C@H]2CCC(=O)NC2=O)C3=O)cc1Cl,-7.957179177
C[C@H](C(=O)Nc1ccc(N[C@@H]2CCC(=O)NC2=O)cc1)n1cc2c(n1)CCCC2,-7.975261085
C[C@@H](C(=O)Nc1ccc(N[C@@H]2CCC(=O)NC2=O)cc1)n1cc2c(n1)CCCC2,-7.970451761
C[C@H](C(=O)Nc1ccc(N[C@H]2CCC(=O)NC2=O)cc1)n1cc2c(n1)CCCC2,-7.051176339
C[C@@H](C(=O)Nc1ccc(N[C@H]2CCC(=O)NC2=O)cc1)n1cc2c(n1)CCCC2,-7.054417032
N#CN1CC[C@H](c2cnc(-c3ccc4c(c3)CN([C@@H]3CCC(=O)NC3=O)C4=O)c(C3CC3)c2)C1,-7.963916106
N#CN1CC[C@@H](c2cnc(-c3ccc4c(c3)CN([C@@H]3CCC(=O)NC3=O)C4=O)c(C3CC3)c2)C1,-7.953833889
N#CN1CC[C@H](c2cnc(-c3ccc4c(c3)CN([C@H]3CCC(=O)NC3=O)C4=O)c(C3CC3)c2)C1,-7.96774459
N#CN1CC[C@@H](c2cnc(-c3ccc4c(c3)CN([C@H]3CCC(=O)NC3=O)C4=O)c(C3CC3)c2)C1,-7.940094291
O=C1CC[C@H](NC(=O)c2nc(Br)n3ccsc23)C(=O)N1,-7.854420936
O=C1CC[C@@H](NC(=O)c2nc(Br)n3ccsc23)C(=O)N1,-7.854423009
O=C1CC[C@H](NC(=O)c2ncn3cc(Br)sc23)C(=O)N1,-7.857828923
O=C1CC[C@@H](NC(=O)c2ncn3cc(Br)sc23)C(=O)N1,-7.857529495
O=C1CC[C@H](NC(=O)c2nc(S(=O)(=O)F)n3ccsc23)C(=O)N1,-8.556343079
O=C1CC[C@@H](NC(=O)c2nc(S(=O)(=O)F)n3ccsc23)C(=O)N1,-8.521856773
O=C1CC[C@H](NC(=O)c2ncn3c(S(=O)(=O)F)csc23)C(=O)N1,-8.464283366
O=C1CC[C@@H](NC(=O)c2ncn3c(S(=O)(=O)F)csc23)C(=O)N1,-8.630333649
O=C1CC[C@H](NC(=O)c2ncn3cc(S(=O)(=O)F)sc23)C(=O)N1,-8.675854265
O=C1CC[C@@H](NC(=O)c2ncn3cc(S(=O)(=O)F)sc23)C(=O)N1,-8.526258236
CC1(C(=O)Nc2ccc3c(c2)C(=O)N([C@@H]2CCC(=O)NC2=O)C3=O)COC1,-8.696256534
CC1(C(=O)Nc2ccc3c(c2)C(=O)N([C@H]2CCC(=O)NC2=O)C3=O)COC1,-8.694542957
CCC1(C(=O)Nc2ccc3c(c2)C(=O)N([C@@H]2CCC(=O)NC2=O)C3=O)COC1,-7.936196327
CCC1(C(=O)Nc2ccc3c(c2)C(=O)N([C@H]2CCC(=O)NC2=O)C3=O)COC1,-7.957140499
O=C1CCN(c2ccc(C(=O)N[C@@H]3CNCc4nccn4C3)cc2)C(=O)N1,-7.853847884
O=C1CCN(c2ccc(C(=O)N[C@H]3CNCc4nccn4C3)cc2)C(=O)N1,-7.854970609
Nc1nc(-c2ccoc2)ncc1C(=O)Nc1cccc([C@@H]2CCC(=O)NC2=O)c1,-7.953870812
Nc1nc(-c2ccoc2)ncc1C(=O)Nc1cccc([C@H]2CCC(=O)NC2=O)c1,-7.918609025
N#CN1CC[C@H](c2cccc(-n3nccc3C(=O)N[C@@H]3CCC(=O)NC3=O)c2)C1,-8.203956559
N#CN1CC[C@@H](c2cccc(-n3nccc3C(=O)N[C@@H]3CCC(=O)NC3=O)c2)C1,-8.167756873
N#CN1CC[C@H](c2cccc(-n3nccc3C(=O)N[C@H]3CCC(=O)NC3=O)c2)C1,-8.12928755
N#CN1CC[C@@H](c2cccc(-n3nccc3C(=O)N[C@H]3CCC(=O)NC3=O)c2)C1,-7.762927268
N#CN1CCC(c2nccnc2-c2cccc3c2CN([C@@H]2CCC(=O)NC2=O)C3=O)CC1,-8.203800567
N#CN1CCC(c2nccnc2-c2cccc3c2CN([C@H]2CCC(=O)NC2=O)C3=O)CC1,-8.202621636
O=C1CC[C@]2(CC(c3ccccc3[N+](=O)[O-])=NO2)C(=O)N1,-9.173987736
O=C1CC[C@@]2(CC(c3ccccc3[N+](=O)[O-])=NO2)C(=O)N1,-9.176579257
O=C1CC[C@]2(CC(c3ccc(Cl)cc3Cl)=NO2)C(=O)N1,-7.945109368
O=C1CC[C@@]2(CC(c3ccc(Cl)cc3Cl)=NO2)C(=O)N1,-8.139079627
O=C1CC[C@]2(CC(c3c(Cl)cccc3Cl)=NO2)C(=O)N1,-8.139107736
O=C1CC[C@@]2(CC(c3c(Cl)cccc3Cl)=NO2)C(=O)N1,-7.944851503
O=C1CC[C@]2(CC(c3ccccc3Br)=NO2)C(=O)N1,-7.942679832
O=C1CC[C@@]2(CC(c3ccccc3Br)=NO2)C(=O)N1,-7.943065595
O=C1CC[C@]2(CC(c3cccc(S(=O)(=O)F)c3)=NO2)C(=O)N1,-8.227269652
O=C1CC[C@@]2(CC(c3cccc(S(=O)(=O)F)c3)=NO2)C(=O)N1,-8.227601879
COc1ccc(C2=NO[C@]3(CCC(=O)NC3=O)C2)c(OC)c1OC,-7.804158516
COc1ccc(C2=NO[C@@]3(CCC(=O)NC3=O)C2)c(OC)c1OC,-7.859678866
O=C1CC[C@]2(CC(c3ccccc3OS(=O)(=O)F)=NO2)C(=O)N1,-8.03889022
O=C1CC[C@@]2(CC(c3ccccc3OS(=O)(=O)F)=NO2)C(=O)N1,-8.07571878
O=C1CC[C@]2(CC(c3cccc(OS(=O)(=O)F)c3)=NO2)C(=O)N1,-8.061206211
O=C1CC[C@@]2(CC(c3cccc(OS(=O)(=O)F)c3)=NO2)C(=O)N1,-8.081915114
O=C1CC[C@]2(CC(c3ccccc3F)=NO2)C(=O)N1,-7.986634653
O=C1CC[C@@]2(CC(c3ccccc3F)=NO2)C(=O)N1,-7.986327306
O=C1CC[C@]2(CC(c3ccccc3I)=NO2)C(=O)N1,-7.982036037
O=C1CC[C@@]2(CC(c3ccccc3I)=NO2)C(=O)N1,-7.985235665
COc1ccccc1C1=NO[C@]2(CCC(=O)NC2=O)C1,-7.778855214
COc1ccccc1C1=NO[C@@]2(CCC(=O)NC2=O)C1,-7.780001867
O=C1CC[C@]2(CC(c3ccccc3Cl)=NO2)C(=O)N1,-7.957584829
O=C1CC[C@@]2(CC(c3ccccc3Cl)=NO2)C(=O)N1,-7.957515523
CN1CCn2ncc(C(=O)N[C@@H]3CCC(=O)NC3=O)c2C1=O,-8.023055475
CN1CCn2ncc(C(=O)N[C@H]3CCC(=O)NC3=O)c2C1=O,-7.982706145
Cc1oc2ncn(C)c(=O)c2c1C(=O)N[C@@H]1CCC(=O)NC1=O,-7.810739212
Cc1oc2ncn(C)c(=O)c2c1C(=O)N[C@H]1CCC(=O)NC1=O,-7.809489384
O=C1CC[C@H](N2Cc3cc(-n4cc(-c5nccs5)nn4)ccc3C2=O)C(=O)N1,-8.071102591
O=C1CC[C@@H](N2Cc3cc(-n4cc(-c5nccs5)nn4)ccc3C2=O)C(=O)N1,-8.091358989
N#CN1CCC[C@H](c2cccc(-n3nnc(C(=O)N[C@@H]4CCC(=O)NC4=O)n3)c2)C1,-8.543788969
N#CN1CCC[C@@H](c2cccc(-n3nnc(C(=O)N[C@@H]4CCC(=O)NC4=O)n3)c2)C1,-8.903438896
N#CN1CCC[C@H](c2cccc(-n3nnc(C(=O)N[C@H]4CCC(=O)NC4=O)n3)c2)C1,-8.938068006
N#CN1CCC[C@@H](c2cccc(-n3nnc(C(=O)N[C@H]4CCC(=O)NC4=O)n3)c2)C1,-8.511144464
N#CN1CC[C@H](c2cccc3c2C[C@H](c2nc(C(=O)N[C@@H]4CCC(=O)NC4=O)cs2)O3)C1,-7.960192392
N#CN1CC[C@@H](c2cccc3c2C[C@H](c2nc(C(=O)N[C@@H]4CCC(=O)NC4=O)cs2)O3)C1,-7.874668215
N#CN1CC[C@H](c2cccc3c2C[C@@H](c2nc(C(=O)N[C@@H]4CCC(=O)NC4=O)cs2)O3)C1,-8.023601279
N#CN1CC[C@@H](c2cccc3c2C[C@@H](c2nc(C(=O)N[C@@H]4CCC(=O)NC4=O)cs2)O3)C1,-7.910164357
N#CN1CC[C@H](c2cccc3c2C[C@H](c2nc(C(=O)N[C@H]4CCC(=O)NC4=O)cs2)O3)C1,-7.858423057
N#CN1CC[C@@H](c2cccc3c2C[C@H](c2nc(C(=O)N[C@H]4CCC(=O)NC4=O)cs2)O3)C1,-7.929817665
N#CN1CC[C@H](c2cccc3c2C[C@@H](c2nc(C(=O)N[C@H]4CCC(=O)NC4=O)cs2)O3)C1,-7.948045837
N#CN1CC[C@@H](c2cccc3c2C[C@@H](c2nc(C(=O)N[C@H]4CCC(=O)NC4=O)cs2)O3)C1,-7.93551371
O=C1CC[C@H](N2Cc3cc(NC(=O)c4ccc5c(c4)CCCC5)ccc3C2=O)C(=O)N1,-7.82509101
O=C1CC[C@@H](N2Cc3cc(NC(=O)c4ccc5c(c4)CCCC5)ccc3C2=O)C(=O)N1,-7.803948731
N#CN1CCC(c2cccnc2NC(=O)c2cccc3c2CN([C@@H]2CCC(=O)NC2=O)C3=O)CC1,-7.804138726
N#CN1CCC(c2cccnc2NC(=O)c2cccc3c2CN([C@H]2CCC(=O)NC2=O)C3=O)CC1,-7.903143933
O=C1CC[C@H](NC(=O)c2csc(C[C@@H]3CCCNC3)n2)C(=O)N1,-7.815514544
O=C1CC[C@@H](NC(=O)c2csc(C[C@@H]3CCCNC3)n2)C(=O)N1,-7.809531882
O=C1CC[C@H](NC(=O)c2csc(C[C@H]3CCCNC3)n2)C(=O)N1,-7.883176521
O=C1CC[C@@H](NC(=O)c2csc(C[C@H]3CCCNC3)n2)C(=O)N1,-7.835119393
O=C1CC[C@H](NC(=O)c2ccc(C(F)(F)F)nc2NCC(F)(F)F)C(=O)N1,-8.559955095
O=C1CC[C@@H](NC(=O)c2ccc(C(F)(F)F)nc2NCC(F)(F)F)C(=O)N1,-8.560061675
CCOc1nc(C)ccc1C(=O)N[C@@H]1CCC(=O)NC1=O,-7.84199879
CCOc1nc(C)ccc1C(=O)N[C@H]1CCC(=O)NC1=O,-7.821213045
O=C1CC[C@H](NC(=O)c2cccnc2)C(=O)N1,-7.883809574
O=C1CC[C@@H](NC(=O)c2cccnc2)C(=O)N1,-7.88391339
COc1cc(C(F)F)c(C(=O)N[C@@H]2CCC(=O)NC2=O)cn1,-8.106267509
COc1cc(C(F)F)c(C(=O)N[C@H]2CCC(=O)NC2=O)cn1,-8.105549386
O=C1CC[C@H](NC(=O)c2cncc(S(=O)(=O)F)c2)C(=O)N1,-8.934338716
O=C1CC[C@@H](NC(=O)c2cncc(S(=O)(=O)F)c2)C(=O)N1,-8.942053616
Nc1nccc(C(F)(F)F)c1C(=O)N[C@@H]1CCC(=O)NC1=O,-8.434127452
Nc1nccc(C(F)(F)F)c1C(=O)N[C@H]1CCC(=O)NC1=O,-8.433793216
CN(C)c1ncc(C(=O)N[C@@H]2CCC(=O)NC2=O)c(Cl)c1F,-7.981391675
CN(C)c1ncc(C(=O)N[C@H]2CCC(=O)NC2=O)c(Cl)c1F,-7.982741549
CC(C)COc1ncc(C(=O)N[C@@H]2CCC(=O)NC2=O)cc1Cl,-8.062535994
CC(C)COc1ncc(C(=O)N[C@H]2CCC(=O)NC2=O)cc1Cl,-8.089578692
Cc1c(Br)cnc(O)c1C(=O)N[C@@H]1CCC(=O)NC1=O,-8.231108166
Cc1c(Br)cnc(O)c1C(=O)N[C@H]1CCC(=O)NC1=O,-8.228889848
CN1C(=O)CC[C@H](NC(=O)c2cncc(OS(=O)(=O)F)c2)C1=O,-8.312290753
CN1C(=O)CC[C@@H](NC(=O)c2cncc(OS(=O)(=O)F)c2)C1=O,-8.312364088
COc1nc(C)c(Br)cc1C(=O)N[C@@H]1CCC(=O)NC1=O,-7.98195746
COc1nc(C)c(Br)cc1C(=O)N[C@H]1CCC(=O)NC1=O,-7.981956698
Cc1nc(O[C@H](C)C(F)(F)F)ccc1C(=O)N[C@@H]1CCC(=O)NC1=O,-8.070304925
Cc1nc(O[C@@H](C)C(F)(F)F)ccc1C(=O)N[C@@H]1CCC(=O)NC1=O,-8.091795495
Cc1nc(O[C@H](C)C(F)(F)F)ccc1C(=O)N[C@H]1CCC(=O)NC1=O,-8.077852322
Cc1nc(O[C@@H](C)C(F)(F)F)ccc1C(=O)N[C@H]1CCC(=O)NC1=O,-8.069858373
CN(C)c1ncccc1C(=O)N[C@@H]1CCC(=O)NC1=O,-8.11247923
CN(C)c1ncccc1C(=O)N[C@H]1CCC(=O)NC1=O,-8.112250419
COc1cncc(C(=O)N[C@@H]2CCC(=O)NC2=O)c1C,-8.038223993
COc1cncc(C(=O)N[C@H]2CCC(=O)NC2=O)c1C,-8.025954178
N#CN1CCC[C@H](c2ccc3c(c2)OC[C@H](C(=O)Nc2ccc([C@@H]4CCC(=O)NC4=O)cc2)O3)C1,-7.728835187
N#CN1CCC[C@@H](c2ccc3c(c2)OC[C@H](C(=O)Nc2ccc([C@@H]4CCC(=O)NC4=O)cc2)O3)C1,-7.739489314
N#CN1CCC[C@H](c2ccc3c(c2)OC[C@@H](C(=O)Nc2ccc([C@@H]4CCC(=O)NC4=O)cc2)O3)C1,-7.73286796
N#CN1CCC[C@@H](c2ccc3c(c2)OC[C@@H](C(=O)Nc2ccc([C@@H]4CCC(=O)NC4=O)cc2)O3)C1,-7.745952195
N#CN1CCC[C@H](c2ccc3c(c2)OC[C@H](C(=O)Nc2ccc([C@H]4CCC(=O)NC4=O)cc2)O3)C1,-7.744925021
N#CN1CCC[C@@H](c2ccc3c(c2)OC[C@H](C(=O)Nc2ccc([C@H]4CCC(=O)NC4=O)cc2)O3)C1,-7.739067139
N#CN1CCC[C@H](c2ccc3c(c2)OC[C@@H](C(=O)Nc2ccc([C@H]4CCC(=O)NC4=O)cc2)O3)C1,-7.731546213
N#CN1CCC[C@@H](c2ccc3c(c2)OC[C@@H](C(=O)Nc2ccc([C@H]4CCC(=O)NC4=O)cc2)O3)C1,-7.721273929
N#CN1CCC[C@H](c2cncc(-c3ncc(C(=O)N[C@@H]4CCC(=O)NC4=O)s3)c2)C1,-8.227157436
N#CN1CCC[C@@H](c2cncc(-c3ncc(C(=O)N[C@@H]4CCC(=O)NC4=O)s3)c2)C1,-8.566744149
N#CN1CCC[C@H](c2cncc(-c3ncc(C(=O)N[C@H]4CCC(=O)NC4=O)s3)c2)C1,-8.406612387
N#CN1CCC[C@@H](c2cncc(-c3ncc(C(=O)N[C@H]4CCC(=O)NC4=O)s3)c2)C1,-8.431290076
O=C1CC[C@H](NC(=O)c2cnn3cc[nH]c(=O)c23)C(=O)N1,-8.351521329
O=C1CC[C@@H](NC(=O)c2cnn3cc[nH]c(=O)c23)C(=O)N1,-8.351322838
O=C1CC[C@@H](NC(=O)c2ccc3ccncc3c2)C(=O)N1,-8.13472537
COc1nc(C)cc2ccc(C(=O)N[C@@H]3CCC(=O)NC3=O)cc12,-7.864106172
COc1nc(C)cc2ccc(C(=O)N[C@H]3CCC(=O)NC3=O)cc12,-7.877014507
O=C1CC[C@H](NC(=O)c2cc(S(=O)(=O)F)c3ccncc3c2)C(=O)N1,-9.116601091
O=C1CC[C@@H](NC(=O)c2cc(S(=O)(=O)F)c3ccncc3c2)C(=O)N1,-9.198696284
O=C1CC[C@H](NC(=O)c2ccc3ccnc(S(=O)(=O)F)c3c2)C(=O)N1,-9.088312664
O=C1CC[C@@H](NC(=O)c2ccc3ccnc(S(=O)(=O)F)c3c2)C(=O)N1,-9.135107186
O=C1CC[C@H](NC(=O)c2ccc3c(S(=O)(=O)F)cncc3c2)C(=O)N1,-9.043701152
O=C1CC[C@@H](NC(=O)c2ccc3c(S(=O)(=O)F)cncc3c2)C(=O)N1,-9.135313955
O=C1CC[C@H](NC(=O)c2ccc3ccncc3c2)C(=O)N1,-8.135121535
O=C1CC[C@H](Nc2cc(Br)n[nH]c2=O)C(=O)N1,-8.253989867
O=C1CC[C@@H](Nc2cc(Br)n[nH]c2=O)C(=O)N1,-8.254111989
O=C1CC[C@H](N2Cc3c(C#CCNCCc4ccccc4)cccc3C2=O)C(=O)N1,-7.84530584
O=C1CC[C@@H](N2Cc3c(C#CCNCCc4ccccc4)cccc3C2=O)C(=O)N1,-7.868652771
CC(C)(C)Nc1c(-c2ccc3c(c2)CN([C@@H]2CCC(=O)NC2=O)C3=O)nc2ccccn12,-7.798394925
CC(C)(C)Nc1c(-c2ccc3c(c2)CN([C@H]2CCC(=O)NC2=O)C3=O)nc2ccccn12,-7.799476411
CN1C(=O)CC[C@H](N2Cc3cc(-c4nc5ccccn5c4NC(C)(C)C)ccc3C2=O)C1=O,-7.69120841
CN1C(=O)CC[C@@H](N2Cc3cc(-c4nc5ccccn5c4NC(C)(C)C)ccc3C2=O)C1=O,-7.687513441
CC(C)(C)CC(C)(C)Nc1c(-c2ccc3c(c2)CN([C@@H]2CCC(=O)NC2=O)C3=O)nc2ccccn12,-7.828230664
CC(C)(C)CC(C)(C)Nc1c(-c2ccc3c(c2)CN([C@H]2CCC(=O)NC2=O)C3=O)nc2ccccn12,-7.810830533
O=C1CC[C@H](N2Cc3cc(-c4cn5ccccc5n4)ccc3C2=O)C(=O)N1,-7.886356429
O=C1CC[C@@H](N2Cc3cc(-c4cn5ccccc5n4)ccc3C2=O)C(=O)N1,-7.88522363
Nc1c(-c2ccc3c(c2)CN([C@@H]2CCC(=O)NC2=O)C3=O)nc2ccccn12,-7.936878257
Nc1c(-c2ccc3c(c2)CN([C@H]2CCC(=O)NC2=O)C3=O)nc2ccccn12,-7.759507124
O=C1CC[C@H](N2Cc3cc(-c4nc5ccccn5c4Cl)ccc3C2=O)C(=O)N1,-7.816210892
O=C1CC[C@@H](N2Cc3cc(-c4nc5ccccn5c4Cl)ccc3C2=O)C(=O)N1,-7.835793635
CN1C(=O)CC[C@H](NC(=O)c2cc3c([nH]2)CCCC3)C1=O,-7.735646415
CN1C(=O)CC[C@@H](NC(=O)c2cc3c([nH]2)CCCC3)C1=O,-7.735648694
CC1(C)CCc2[nH]c(C(=O)N[C@@H]3CCC(=O)NC3=O)cc2C1,-7.838078327
CC1(C)CCc2[nH]c(C(=O)N[C@H]3CCC(=O)NC3=O)cc2C1,-7.837789931
N#CN1CCC[C@H](c2ccc3ccc(-c4cn([C@@H]5CCC(=O)NC5=O)nn4)cc3n2)C1,-8.279544325
N#CN1CCC[C@@H](c2ccc3ccc(-c4cn([C@@H]5CCC(=O)NC5=O)nn4)cc3n2)C1,-8.249265528
N#CN1CCC[C@H](c2ccc3ccc(-c4cn([C@H]5CCC(=O)NC5=O)nn4)cc3n2)C1,-8.220408534
N#CN1CCC[C@@H](c2ccc3ccc(-c4cn([C@H]5CCC(=O)NC5=O)nn4)cc3n2)C1,-8.283525894
O=C1CC[C@H](NC(=O)c2cnc3c(c2)CNC3=O)C(=O)N1,-9.128325885
O=C1CC[C@@H](NC(=O)c2cnc3c(c2)CNC3=O)C(=O)N1,-9.13980401
CC(C)[C@@H]1CNCCN1C(=O)c1ccc2c(c1)C(=O)N([C@@H]1CCC(=O)NC1=O)C2,-7.914936829
CC(C)[C@H]1CNCCN1C(=O)c1ccc2c(c1)C(=O)N([C@@H]1CCC(=O)NC1=O)C2,-7.896976328
CC(C)[C@@H]1CNCCN1C(=O)c1ccc2c(c1)C(=O)N([C@H]1CCC(=O)NC1=O)C2,-7.925618749
CC(C)[C@H]1CNCCN1C(=O)c1ccc2c(c1)C(=O)N([C@H]1CCC(=O)NC1=O)C2,-7.998821319
CC(C)[C@@H]1CN(C(=O)c2ccc3c(c2)C(=O)N([C@@H]2CCC(=O)NC2=O)C3)CCN1,-7.880310135
CC(C)[C@H]1CN(C(=O)c2ccc3c(c2)C(=O)N([C@@H]2CCC(=O)NC2=O)C3)CCN1,-8.020997409
CC(C)[C@@H]1CN(C(=O)c2ccc3c(c2)C(=O)N([C@H]2CCC(=O)NC2=O)C3)CCN1,-7.772588936
CC(C)[C@H]1CN(C(=O)c2ccc3c(c2)C(=O)N([C@H]2CCC(=O)NC2=O)C3)CCN1,-7.773706521
CC[C@@H]1CN(C(=O)c2ccc3c(c2)C(=O)N([C@@H]2CCC(=O)NC2=O)C3)CCN1,-7.915274623
CC[C@H]1CN(C(=O)c2ccc3c(c2)C(=O)N([C@@H]2CCC(=O)NC2=O)C3)CCN1,-7.648565702
CC[C@@H]1CN(C(=O)c2ccc3c(c2)C(=O)N([C@H]2CCC(=O)NC2=O)C3)CCN1,-7.695501032
CC[C@H]1CN(C(=O)c2ccc3c(c2)C(=O)N([C@H]2CCC(=O)NC2=O)C3)CCN1,-7.808640375
CC1(C)CNCCN1C(=O)c1ccc2c(c1)C(=O)N([C@@H]1CCC(=O)NC1=O)C2,-7.925813979
CC1(C)CNCCN1C(=O)c1ccc2c(c1)C(=O)N([C@H]1CCC(=O)NC1=O)C2,-7.846229737
Cc1ccc(-n2nc(C)c3cc(C(=O)N[C@@H]4CCC(=O)NC4=O)sc32)nn1,-7.976426499
Cc1ccc(-n2nc(C)c3cc(C(=O)N[C@H]4CCC(=O)NC4=O)sc32)nn1,-7.976363029
Nc1ccc2cc(C(=O)N[C@@H]3CCC(=O)NC3=O)ccc2c1,-8.019643725
Nc1ccc2cc(C(=O)N[C@H]3CCC(=O)NC3=O)ccc2c1,-8.020628149
O=C1CC[C@H](NC(=O)c2cc3cc(O)ccc3cc2O)C(=O)N1,-8.083671872
O=C1CC[C@@H](NC(=O)c2cc3cc(O)ccc3cc2O)C(=O)N1,-8.083679818
O=C1CC[C@H](NC(=O)c2cc(S(=O)(=O)F)c3ccccc3c2)C(=O)N1,-8.60901987
O=C1CC[C@@H](NC(=O)c2cc(S(=O)(=O)F)c3ccccc3c2)C(=O)N1,-8.60909226
O=C1CC[C@H](NC(=O)c2ccc3ccc(S(=O)(=O)F)cc3c2)C(=O)N1,-8.60589463
O=C1CC[C@@H](NC(=O)c2ccc3ccc(S(=O)(=O)F)cc3c2)C(=O)N1,-8.526695309
O=C1CC[C@H](NC(=O)c2ccc3cccc(S(=O)(=O)F)c3c2)C(=O)N1,-8.5581794
O=C1CC[C@@H](NC(=O)c2ccc3cccc(S(=O)(=O)F)c3c2)C(=O)N1,-8.585882749
O=C1CC[C@H](NC(=O)c2ccc3c(S(=O)(=O)F)cccc3c2)C(=O)N1,-8.614561426
O=C1CC[C@@H](NC(=O)c2ccc3c(S(=O)(=O)F)cccc3c2)C(=O)N1,-8.635677986
O=C1CC[C@H](NC(=O)c2ccc3cccc(OS(=O)(=O)F)c3c2)C(=O)N1,-8.225663493
O=C1CC[C@@H](NC(=O)c2ccc3cccc(OS(=O)(=O)F)c3c2)C(=O)N1,-8.314753261
O=C1CC[C@H](NC(=O)c2ccc3ccccc3c2)C(=O)N1,-7.96963437
O=C1CC[C@@H](NC(=O)c2ccc3ccccc3c2)C(=O)N1,-7.969357514
N#CN1CCC[C@H](c2nnc3n2CC[C@@H]3C(=O)Nc2ccc([C@@H]3CCC(=O)NC3=O)cc2)C1,-7.618533198
N#CN1CCC[C@@H](c2nnc3n2CC[C@@H]3C(=O)Nc2ccc([C@@H]3CCC(=O)NC3=O)cc2)C1,-7.589783333
N#CN1CCC[C@H](c2nnc3n2CC[C@H]3C(=O)Nc2ccc([C@@H]3CCC(=O)NC3=O)cc2)C1,-7.577592326
N#CN1CCC[C@@H](c2nnc3n2CC[C@H]3C(=O)Nc2ccc([C@@H]3CCC(=O)NC3=O)cc2)C1,-7.653157716
N#CN1CCC[C@H](c2nnc3n2CC[C@@H]3C(=O)Nc2ccc([C@H]3CCC(=O)NC3=O)cc2)C1,-7.637528683
N#CN1CCC[C@@H](c2nnc3n2CC[C@@H]3C(=O)Nc2ccc([C@H]3CCC(=O)NC3=O)cc2)C1,-7.593655858
N#CN1CCC[C@H](c2nnc3n2CC[C@H]3C(=O)Nc2ccc([C@H]3CCC(=O)NC3=O)cc2)C1,-7.546834154
N#CN1CCC[C@@H](c2nnc3n2CC[C@H]3C(=O)Nc2ccc([C@H]3CCC(=O)NC3=O)cc2)C1,-7.617077779
Cc1cc(C(=O)Nc2cccc3c2CN([C@@H]2CCC(=O)NC2=O)C3=O)ncn1,-8.402113157
Cc1cc(C(=O)Nc2cccc3c2CN([C@H]2CCC(=O)NC2=O)C3=O)ncn1,-8.419124687
N#CN1CC[C@H](c2cc3c(c(-c4ccc5c(c4)CN([C@@H]4CCC(=O)NC4=O)C5=O)c2)OCCC3)C1,-8.057393913
N#CN1CC[C@@H](c2cc3c(c(-c4ccc5c(c4)CN([C@@H]4CCC(=O)NC4=O)C5=O)c2)OCCC3)C1,-7.908287301
N#CN1CC[C@H](c2cc3c(c(-c4ccc5c(c4)CN([C@H]4CCC(=O)NC4=O)C5=O)c2)OCCC3)C1,-7.814738764
N#CN1CC[C@@H](c2cc3c(c(-c4ccc5c(c4)CN([C@H]4CCC(=O)NC4=O)C5=O)c2)OCCC3)C1,-7.827666157
N#CN1CCC[C@H](c2cnc(Nc3ccc4c(c3)CN([C@@H]3CCC(=O)NC3=O)C4=O)nc2)C1,-7.857719628
N#CN1CCC[C@@H](c2cnc(Nc3ccc4c(c3)CN([C@@H]3CCC(=O)NC3=O)C4=O)nc2)C1,-7.839345646
N#CN1CCC[C@H](c2cnc(Nc3ccc4c(c3)CN([C@H]3CCC(=O)NC3=O)C4=O)nc2)C1,-7.863214907
N#CN1CCC[C@@H](c2cnc(Nc3ccc4c(c3)CN([C@H]3CCC(=O)NC3=O)C4=O)nc2)C1,-7.862092249
O=C1CC[C@H](NC(=O)c2ccc(NCCc3ccccn3)cc2)C(=O)N1,-7.947690761
O=C1CC[C@@H](NC(=O)c2ccc(NCCc3ccccn3)cc2)C(=O)N1,-7.952563485
COc1ccc(Nc2ccn3ncc(-c4ccc5c(c4)CN([C@@H]4CCC(=O)NC4=O)C5=O)c3n2)cc1C,-7.791127858
COc1ccc(Nc2ccn3ncc(-c4ccc5c(c4)CN([C@H]4CCC(=O)NC4=O)C5=O)c3n2)cc1C,-7.7665978
COc1cc2ccc(C(=O)Nc3ccc4c(c3)CN([C@@H]3CCC(=O)NC3=O)C4=O)cc2cn1,-8.140337782
COc1cc2ccc(C(=O)Nc3ccc4c(c3)CN([C@H]3CCC(=O)NC3=O)C4=O)cc2cn1,-8.153234645
O=C1CC[C@H](NC(=O)c2cncc3ccccc23)C(=O)N1,-8.226077322
O=C1CC[C@@H](NC(=O)c2cncc3ccccc23)C(=O)N1,-8.226069275
O=C1CC[C@H](NC(=O)c2cnc(S(=O)(=O)F)c3ccccc23)C(=O)N1,-9.030912331
O=C1CC[C@@H](NC(=O)c2cnc(S(=O)(=O)F)c3ccccc23)C(=O)N1,-9.088747103
O=C1CC[C@H](NC(=O)c2cncc3c(S(=O)(=O)F)cccc23)C(=O)N1,-8.982646237
O=C1CC[C@@H](NC(=O)c2cncc3c(S(=O)(=O)F)cccc23)C(=O)N1,-9.006464874
O=C1CC[C@H](NC(=O)c2cncc3cc(S(=O)(=O)F)ccc23)C(=O)N1,-9.005971686
O=C1CC[C@@H](NC(=O)c2cncc3cc(S(=O)(=O)F)ccc23)C(=O)N1,-8.947996098
N#CN1CCC[C@H](c2nc3c(c(-c4ccc5c(c4)CN([C@@H]4CCC(=O)NC4=O)C5=O)n2)CCCC3)C1,-7.708891217
N#CN1CCC[C@@H](c2nc3c(c(-c4ccc5c(c4)CN([C@@H]4CCC(=O)NC4=O)C5=O)n2)CCCC3)C1,-7.880958008
N#CN1CCC[C@H](c2nc3c(c(-c4ccc5c(c4)CN([C@H]4CCC(=O)NC4=O)C5=O)n2)CCCC3)C1,-7.660365561
N#CN1CCC[C@@H](c2nc3c(c(-c4ccc5c(c4)CN([C@H]4CCC(=O)NC4=O)C5=O)n2)CCCC3)C1,-7.733472711
N#CN1CCC(c2cc3c(cc2C(=O)Nc2ccc([C@@H]4CCC(=O)NC4=O)cc2)COCC3)CC1,-7.641785712
N#CN1CCC(c2cc3c(cc2C(=O)Nc2ccc([C@H]4CCC(=O)NC4=O)cc2)COCC3)CC1,-7.645359324
N#CN1CCC[C@H](c2cnc(-c3ccc4c(c3)CN([C@@H]3CCC(=O)NC3=O)C4=O)c(C3CC3)c2)C1,-7.93116298
N#CN1CCC[C@@H](c2cnc(-c3ccc4c(c3)CN([C@@H]3CCC(=O)NC3=O)C4=O)c(C3CC3)c2)C1,-7.945428949
N#CN1CCC[C@H](c2cnc(-c3ccc4c(c3)CN([C@H]3CCC(=O)NC3=O)C4=O)c(C3CC3)c2)C1,-7.987376073
N#CN1CCC[C@@H](c2cnc(-c3ccc4c(c3)CN([C@H]3CCC(=O)NC3=O)C4=O)c(C3CC3)c2)C1,-7.93975017
O=C1CCN(c2ccc(NCc3ccnn3C3CCCC3)cc2)C(=O)N1,-7.1698189
O=C1CC[C@H](c2cccc(NC(=O)C[C@@H]3C(=O)Nc4ccc(F)cc43)c2)C(=O)N1,-7.520577521
O=C1CC[C@@H](c2cccc(NC(=O)C[C@@H]3C(=O)Nc4ccc(F)cc43)c2)C(=O)N1,-7.568633506
O=C1CC[C@H](c2cccc(NC(=O)C[C@H]3C(=O)Nc4ccc(F)cc43)c2)C(=O)N1,-7.590497753
O=C1CC[C@@H](c2cccc(NC(=O)C[C@H]3C(=O)Nc4ccc(F)cc43)c2)C(=O)N1,-7.686347167
O=C1CC[C@H](N2Cc3c(NC(=O)[C@@H]4CC=CCC4)cccc3C2=O)C(=O)N1,-7.74486262
O=C1CC[C@@H](N2Cc3c(NC(=O)[C@@H]4CC=CCC4)cccc3C2=O)C(=O)N1,-7.747640796
O=C1CC[C@H](N2Cc3c(NC(=O)[C@H]4CC=CCC4)cccc3C2=O)C(=O)N1,-7.712994727
O=C1CC[C@@H](N2Cc3c(NC(=O)[C@H]4CC=CCC4)cccc3C2=O)C(=O)N1,-7.73948922
N#CN1CCC[C@H](c2ccnc(-n3cc(C(=O)N[C@@H]4CCC(=O)NC4=O)cn3)c2)C1,-8.072889526
N#CN1CCC[C@@H](c2ccnc(-n3cc(C(=O)N[C@@H]4CCC(=O)NC4=O)cn3)c2)C1,-7.822708685
N#CN1CCC[C@H](c2ccnc(-n3cc(C(=O)N[C@H]4CCC(=O)NC4=O)cn3)c2)C1,-7.918457667
N#CN1CCC[C@@H](c2ccnc(-n3cc(C(=O)N[C@H]4CCC(=O)NC4=O)cn3)c2)C1,-7.836437767
N#CN1CCC[C@H](c2cccc(-n3nc(C(=O)N[C@@H]4CCC(=O)NC4=O)ccc3=O)c2)C1,-8.529576441
N#CN1CCC[C@@H](c2cccc(-n3nc(C(=O)N[C@@H]4CCC(=O)NC4=O)ccc3=O)c2)C1,-8.55477661
N#CN1CCC[C@H](c2cccc(-n3nc(C(=O)N[C@H]4CCC(=O)NC4=O)ccc3=O)c2)C1,-8.55033083
N#CN1CCC[C@@H](c2cccc(-n3nc(C(=O)N[C@H]4CCC(=O)NC4=O)ccc3=O)c2)C1,-8.569056625
N#CN1CC[C@H](c2ccsc2-c2ccc3c(c2)CN([C@@H]2CCC(=O)NC2=O)C3=O)C1,-7.969355975
N#CN1CC[C@@H](c2ccsc2-c2ccc3c(c2)CN([C@@H]2CCC(=O)NC2=O)C3=O)C1,-7.938309937
N#CN1CC[C@H](c2ccsc2-c2ccc3c(c2)CN([C@H]2CCC(=O)NC2=O)C3=O)C1,-7.956430713
N#CN1CC[C@@H](c2ccsc2-c2ccc3c(c2)CN([C@H]2CCC(=O)NC2=O)C3=O)C1,-7.943007909
O=C1CC[C@H](N2Cc3cc(S(=O)(=O)F)c(-c4ccccc4)cc3C2=O)C(=O)N1,-8.242155287
O=C1CC[C@@H](N2Cc3cc(S(=O)(=O)F)c(-c4ccccc4)cc3C2=O)C(=O)N1,-8.136469362
O=C1CC[C@H](N2Cc3c(cc(-c4ccccc4)cc3S(=O)(=O)F)C2=O)C(=O)N1,-7.977389229
O=C1CC[C@@H](N2Cc3c(cc(-c4ccccc4)cc3S(=O)(=O)F)C2=O)C(=O)N1,-8.246471517
O=C1CC[C@H](N2Cc3ccc(-c4cccc(S(=O)(=O)F)c4)cc3C2=O)C(=O)N1,-8.047884796
O=C1CC[C@@H](N2Cc3ccc(-c4cccc(S(=O)(=O)F)c4)cc3C2=O)C(=O)N1,-8.010437932
O=C1CC[C@H](N2Cc3ccc(-c4ccccc4S(=O)(=O)F)cc3C2=O)C(=O)N1,-8.022036633
O=C1CC[C@@H](N2Cc3ccc(-c4ccccc4S(=O)(=O)F)cc3C2=O)C(=O)N1,-7.944193258
O=C1CC[C@H](N2Cc3ccc(-c4ccc(OS(=O)(=O)F)cc4)cc3C2=O)C(=O)N1,-7.973696148
O=C1CC[C@@H](N2Cc3ccc(-c4ccc(OS(=O)(=O)F)cc4)cc3C2=O)C(=O)N1,-8.027564812
O=C1CC[C@H](N2Cc3ccc(-c4cccc(OS(=O)(=O)F)c4)cc3C2=O)C(=O)N1,-7.977442398
O=C1CC[C@@H](N2Cc3ccc(-c4cccc(OS(=O)(=O)F)c4)cc3C2=O)C(=O)N1,-7.973207388
O=C1CC[C@H](N2Cc3ccc(-c4ccccc4)cc3C2=O)C(=O)N1,-7.840476878
O=C1CC[C@@H](N2Cc3ccc(-c4ccccc4)cc3C2=O)C(=O)N1,-7.888342591
N#Cc1ccccc1-c1ccc2c(c1)C(=O)N([C@@H]1CCC(=O)NC1=O)C2,-8.94633459
N#Cc1ccccc1-c1ccc2c(c1)C(=O)N([C@H]1CCC(=O)NC1=O)C2,-7.901379945
CCc1ccc(-c2ccc3c(c2)C(=O)N([C@@H]2CCC(=O)NC2=O)C3)cc1,-7.874507415
CCc1ccc(-c2ccc3c(c2)C(=O)N([C@H]2CCC(=O)NC2=O)C3)cc1,-7.840800392
O=C1CC[C@H](N2Cc3ccc(-c4ccccc4CO)cc3C2=O)C(=O)N1,-7.871649031
O=C1CC[C@@H](N2Cc3ccc(-c4ccccc4CO)cc3C2=O)C(=O)N1,-7.878612242
O=C1CC[C@H](N2Cc3ccc(-c4cccc(C(F)F)c4)cc3C2=O)C(=O)N1,-7.935617457
O=C1CC[C@@H](N2Cc3ccc(-c4cccc(C(F)F)c4)cc3C2=O)C(=O)N1,-7.934956156
CC(C)(O)Cc1ccccc1-c1ccc2c(c1)C(=O)N([C@@H]1CCC(=O)NC1=O)C2,-7.582187601
CC(C)(O)Cc1ccccc1-c1ccc2c(c1)C(=O)N([C@H]1CCC(=O)NC1=O)C2,-7.59620884
O=C1NC(=O)C(=CNc2cccc3c2C(=O)NC3=O)C(=O)N1,-9.052952471
CCc1cnc(C(=O)N[C@@H]2CCC(=O)NC2=O)[nH]1,-7.837966701
CCc1cnc(C(=O)N[C@H]2CCC(=O)NC2=O)[nH]1,-7.820196253
CC(C)n1ccnc1C(=O)N[C@@H]1CCC(=O)NC1=O,-7.809916272
CC(C)n1ccnc1C(=O)N[C@H]1CCC(=O)NC1=O,-7.810264841
O=C1CC[C@H](N2C(=O)c3ccc(C(=O)NCCC4CCCC4)cc3C2=O)C(=O)N1,-8.923456454
O=C1CC[C@@H](N2C(=O)c3ccc(C(=O)NCCC4CCCC4)cc3C2=O)C(=O)N1,-8.931230488
CN1Cc2c(N)cccc2C(=O)N1[C@@H]1CCC(=O)NC1=O,-7.691662892
CN1Cc2c(N)cccc2C(=O)N1[C@H]1CCC(=O)NC1=O,-7.691289166
O=C1CC[C@H](N2NCc3ccc(S(=O)(=O)F)cc3C2=O)C(=O)N1,-8.346052021
O=C1CC[C@@H](N2NCc3ccc(S(=O)(=O)F)cc3C2=O)C(=O)N1,-8.346091443
O=C1CC[C@H](N2NCc3cc(OS(=O)(=O)F)ccc3C2=O)C(=O)N1,-8.011991011
O=C1CC[C@@H](N2NCc3cc(OS(=O)(=O)F)ccc3C2=O)C(=O)N1,-8.031323519
O=C1CC[C@H](N2NCc3c(OS(=O)(=O)F)cccc3C2=O)C(=O)N1,-8.032682678
O=C1CC[C@@H](N2NCc3c(OS(=O)(=O)F)cccc3C2=O)C(=O)N1,-8.011823837
O=C1CC[C@H](N2NCc3ccc(OS(=O)(=O)F)cc3C2=O)C(=O)N1,-8.008186724
O=C1CC[C@@H](N2NCc3ccc(OS(=O)(=O)F)cc3C2=O)C(=O)N1,-8.068310045
N#CN1CC[C@H](c2cccc(-c3ccc(C(=O)N[C@@H]4CCC(=O)NC4=O)nc3)c2)C1,-7.941092652
N#CN1CC[C@@H](c2cccc(-c3ccc(C(=O)N[C@@H]4CCC(=O)NC4=O)nc3)c2)C1,-7.937376698
N#CN1CC[C@H](c2cccc(-c3ccc(C(=O)N[C@H]4CCC(=O)NC4=O)nc3)c2)C1,-7.74896516
N#CN1CC[C@@H](c2cccc(-c3ccc(C(=O)N[C@H]4CCC(=O)NC4=O)nc3)c2)C1,-7.74914702
O=C1CC[C@H](N2Cc3c(NC4=N[C@H](c5ccc(-c6ccccc6)cc5)NC=C4)cccc3C2=O)C(=O)N1,-7.67069688
O=C1CC[C@@H](N2Cc3c(NC4=N[C@H](c5ccc(-c6ccccc6)cc5)NC=C4)cccc3C2=O)C(=O)N1,-7.702620243
O=C1CC[C@H](N2Cc3c(NC4=N[C@@H](c5ccc(-c6ccccc6)cc5)NC=C4)cccc3C2=O)C(=O)N1,-7.656881499
O=C1CC[C@@H](N2Cc3c(NC4=N[C@@H](c5ccc(-c6ccccc6)cc5)NC=C4)cccc3C2=O)C(=O)N1,-7.476348191
N#CN1CCC[C@H](c2cccc(-n3cc(C(=O)N[C@@H]4CCC(=O)NC4=O)cn3)c2)C1,-7.996447247
N#CN1CCC[C@@H](c2cccc(-n3cc(C(=O)N[C@@H]4CCC(=O)NC4=O)cn3)c2)C1,-8.174712541
N#CN1CCC[C@H](c2cccc(-n3cc(C(=O)N[C@H]4CCC(=O)NC4=O)cn3)c2)C1,-7.758170805
N#CN1CCC[C@@H](c2cccc(-n3cc(C(=O)N[C@H]4CCC(=O)NC4=O)cn3)c2)C1,-7.974061745
O=C1CC[C@H](c2cccc(NC(=O)CS(=O)(=O)C[C@@H]3CCCO3)c2)C(=O)N1,-7.649952834
O=C1CC[C@@H](c2cccc(NC(=O)CS(=O)(=O)C[C@@H]3CCCO3)c2)C(=O)N1,-7.618624172
O=C1CC[C@H](c2cccc(NC(=O)CS(=O)(=O)C[C@H]3CCCO3)c2)C(=O)N1,-7.65095055
O=C1CC[C@@H](c2cccc(NC(=O)CS(=O)(=O)C[C@H]3CCCO3)c2)C(=O)N1,-7.750168509
N#CN1CCC[C@H](c2cn(-c3cccc4c3CN([C@@H]3CCC(=O)NC3=O)C4=O)nn2)C1,-8.069692719
N#CN1CCC[C@@H](c2cn(-c3cccc4c3CN([C@@H]3CCC(=O)NC3=O)C4=O)nn2)C1,-8.059373792
N#CN1CCC[C@H](c2cn(-c3cccc4c3CN([C@H]3CCC(=O)NC3=O)C4=O)nn2)C1,-8.056265988
N#CN1CCC[C@@H](c2cn(-c3cccc4c3CN([C@H]3CCC(=O)NC3=O)C4=O)nn2)C1,-8.004902969
N#CN1CC[C@H](c2cncc(-c3cccc4c3CN([C@@H]3CCC(=O)NC3=O)C4=O)n2)C1,-8.218871088
N#CN1CC[C@@H](c2cncc(-c3cccc4c3CN([C@@H]3CCC(=O)NC3=O)C4=O)n2)C1,-8.379897823
N#CN1CC[C@H](c2cncc(-c3cccc4c3CN([C@H]3CCC(=O)NC3=O)C4=O)n2)C1,-8.376468619
N#CN1CC[C@@H](c2cncc(-c3cccc4c3CN([C@H]3CCC(=O)NC3=O)C4=O)n2)C1,-8.365792414
O=C1CC[C@H](NC(=O)c2csc3nc(OS(=O)(=O)F)cn23)C(=O)N1,-8.384713803
O=C1CC[C@@H](NC(=O)c2csc3nc(OS(=O)(=O)F)cn23)C(=O)N1,-8.039303793
O=C1CC[C@H](NC(=O)c2csc3nccn23)C(=O)N1,-8.255335025
O=C1CC[C@@H](NC(=O)c2csc3nccn23)C(=O)N1,-8.255692406
N#CN1CCC[C@H](c2ccc3c(CN[C@@H]4CCC(=O)NC4=O)cccc3c2)C1,-7.817194896
N#CN1CCC[C@@H](c2ccc3c(CN[C@@H]4CCC(=O)NC4=O)cccc3c2)C1,-7.807397352
N#CN1CCC[C@H](c2ccc3c(CN[C@H]4CCC(=O)NC4=O)cccc3c2)C1,-7.822340173
N#CN1CCC[C@@H](c2ccc3c(CN[C@H]4CCC(=O)NC4=O)cccc3c2)C1,-7.790098819
O=C1CC[C@H](NC(=O)c2cc3cc(Br)sc3[nH]2)C(=O)N1,-8.088721495
O=C1CC[C@@H](NC(=O)c2cc3cc(Br)sc3[nH]2)C(=O)N1,-8.088421955
O=C1CC[C@H](NC(=O)c2cc3c(S(=O)(=O)F)csc3[nH]2)C(=O)N1,-8.088301561
O=C1CC[C@@H](NC(=O)c2cc3c(S(=O)(=O)F)csc3[nH]2)C(=O)N1,-8.0634078
CN1C(=O)CC[C@H](NCc2coc(-c3ccccc3)n2)C1=O,-7.530039545
CN1C(=O)CC[C@@H](NCc2coc(-c3ccccc3)n2)C1=O,-7.496229664
C=CC(=O)N(Cc1cnnn1CC)c1ccc2c(c1)C(=O)NC2,-7.683003139
O=C1CC[C@H](c2ccc(NC(=O)CCn3nc4ccccn4c3=O)cc2)C(=O)N1,-7.803098367
O=C1CC[C@@H](c2ccc(NC(=O)CCn3nc4ccccn4c3=O)cc2)C(=O)N1,-7.778433979
CC[C@]1(c2ccc(NC(=O)CN3CC=CC3)cc2)CCC(=O)NC1=O,-7.279539626
CC[C@@]1(c2ccc(NC(=O)CN3CC=CC3)cc2)CCC(=O)NC1=O,-7.255016384
O=C1CC[C@H](NC(=O)c2n[nH]c3c(F)cccc23)C(=O)N1,-7.823501293
O=C1CC[C@@H](NC(=O)c2n[nH]c3c(F)cccc23)C(=O)N1,-7.824182045
Cn1nc(C(=O)N[C@@H]2CCC(=O)NC2=O)c2cc(F)ccc21,-7.887140301
Cn1nc(C(=O)N[C@H]2CCC(=O)NC2=O)c2cc(F)ccc21,-7.887298261
COc1cc(F)c2c(C(=O)N[C@@H]3CCC(=O)NC3=O)n[nH]c2c1,-7.828857198
COc1cc(F)c2c(C(=O)N[C@H]3CCC(=O)NC3=O)n[nH]c2c1,-7.82894856
O=C1CC[C@H](NC(=O)c2n[nH]c3c(C(F)(F)F)cccc23)C(=O)N1,-8.4138367
O=C1CC[C@@H](NC(=O)c2n[nH]c3c(C(F)(F)F)cccc23)C(=O)N1,-8.413836221
O=C1CC[C@H](NC(=O)c2n[nH]c3cc(S(=O)(=O)F)ccc23)C(=O)N1,-8.767807301
O=C1CC[C@@H](NC(=O)c2n[nH]c3cc(S(=O)(=O)F)ccc23)C(=O)N1,-8.469942976
O=C1CC[C@H](NC(=O)c2n[nH]c3c(S(=O)(=O)F)cccc23)C(=O)N1,-8.210142077
O=C1CC[C@@H](NC(=O)c2n[nH]c3c(S(=O)(=O)F)cccc23)C(=O)N1,-8.882068751
Cc1cc(Br)cc2c(C(=O)N[C@@H]3CCC(=O)NC3=O)n[nH]c12,-8.03045523
Cc1cc(Br)cc2c(C(=O)N[C@H]3CCC(=O)NC3=O)n[nH]c12,-8.030618314
O=C1CC[C@H](NC(=O)c2n[nH]c3cc(F)c(Br)cc23)C(=O)N1,-8.402316499
O=C1CC[C@@H](NC(=O)c2n[nH]c3cc(F)c(Br)cc23)C(=O)N1,-8.402067169
COc1ccc(Br)c2[nH]nc(C(=O)N[C@@H]3CCC(=O)NC3=O)c12,-7.939837566
COc1ccc(Br)c2[nH]nc(C(=O)N[C@H]3CCC(=O)NC3=O)c12,-7.940690585
O=C1CC[C@H](n2cc(-c3cncc4c(OS(=O)(=O)F)cccc34)nn2)C(=O)N1,-8.480896132
O=C1CC[C@@H](n2cc(-c3cncc4c(OS(=O)(=O)F)cccc34)nn2)C(=O)N1,-8.486794132
O=C1CC[C@H](n2cc(-c3cncc4ccc(OS(=O)(=O)F)cc34)nn2)C(=O)N1,-8.411150152
O=C1CC[C@@H](n2cc(-c3cncc4ccc(OS(=O)(=O)F)cc34)nn2)C(=O)N1,-8.441452713
O=C1CC[C@H](n2cc(-c3cncc4cc(OS(=O)(=O)F)ccc34)nn2)C(=O)N1,-8.45327868
O=C1CC[C@@H](n2cc(-c3cncc4cc(OS(=O)(=O)F)ccc34)nn2)C(=O)N1,-8.416841283
O=C1CC[C@H](n2cc(-c3cncc4ccccc34)nn2)C(=O)N1,-8.275558927
O=C1CC[C@@H](n2cc(-c3cncc4ccccc34)nn2)C(=O)N1,-8.317506485
O=C1CC[C@H](n2cc(-c3cnc(S(=O)(=O)F)c4ccccc34)nn2)C(=O)N1,-8.637326453
O=C1CC[C@@H](n2cc(-c3cnc(S(=O)(=O)F)c4ccccc34)nn2)C(=O)N1,-8.748373762
O=C1CC[C@H](n2cc(-c3c(S(=O)(=O)F)ncc4ccccc34)nn2)C(=O)N1,-8.733157965
O=C1CC[C@@H](n2cc(-c3c(S(=O)(=O)F)ncc4ccccc34)nn2)C(=O)N1,-8.741744738
O=C1CC[C@H](n2cc(-c3cncc4cc(S(=O)(=O)F)ccc34)nn2)C(=O)N1,-8.666408398
O=C1CC[C@@H](n2cc(-c3cncc4cc(S(=O)(=O)F)ccc34)nn2)C(=O)N1,-8.664032698
O=C1CC[C@H](n2cc(-c3cncc4ccc(S(=O)(=O)F)cc34)nn2)C(=O)N1,-8.851359137
O=C1CC[C@@H](n2cc(-c3cncc4ccc(S(=O)(=O)F)cc34)nn2)C(=O)N1,-8.894437999
O=C1CC[C@H](NC(=O)c2nccnc2C(=O)N2CCOCC2)C(=O)N1,-8.689230687
O=C1CC[C@@H](NC(=O)c2nccnc2C(=O)N2CCOCC2)C(=O)N1,-8.688758352
N#CN1CCC[C@H](c2ccccc2-c2ccc(C(=O)N[C@@H]3CCC(=O)NC3=O)cc2)C1,-7.978977581
N#CN1CCC[C@@H](c2ccccc2-c2ccc(C(=O)N[C@@H]3CCC(=O)NC3=O)cc2)C1,-8.015263608
N#CN1CCC[C@H](c2ccccc2-c2ccc(C(=O)N[C@H]3CCC(=O)NC3=O)cc2)C1,-8.030706828
N#CN1CCC[C@@H](c2ccccc2-c2ccc(C(=O)N[C@H]3CCC(=O)NC3=O)cc2)C1,-8.026996318
COc1cccn2c(=O)cc(Nc3ccc([C@@H]4CCC(=O)NC4=O)cc3)nc12,-7.785958711
COc1cccn2c(=O)cc(Nc3ccc([C@H]4CCC(=O)NC4=O)cc3)nc12,-7.786281937
O=C1CC[C@H](NC(=O)c2cc(-c3cnccn3)[nH]n2)C(=O)N1,-8.411199007
O=C1CC[C@@H](NC(=O)c2cc(-c3cnccn3)[nH]n2)C(=O)N1,-8.411300156
N#CN1CC[C@H](c2ccc3c(c2)CN(C(=O)c2cccc4c2CN([C@@H]2CCC(=O)NC2=O)C4=O)C3)C1,-7.932712782
N#CN1CC[C@@H](c2ccc3c(c2)CN(C(=O)c2cccc4c2CN([C@@H]2CCC(=O)NC2=O)C4=O)C3)C1,-7.934162955
N#CN1CC[C@H](c2ccc3c(c2)CN(C(=O)c2cccc4c2CN([C@H]2CCC(=O)NC2=O)C4=O)C3)C1,-7.931363476
N#CN1CC[C@@H](c2ccc3c(c2)CN(C(=O)c2cccc4c2CN([C@H]2CCC(=O)NC2=O)C4=O)C3)C1,-7.928228803
N#CN1CC[C@H](c2cnc3c(Nc4ccc(N5CCC(=O)NC5=O)cc4)ccnn23)C1,-7.246287618
N#CN1CC[C@@H](c2cnc3c(Nc4ccc(N5CCC(=O)NC5=O)cc4)ccnn23)C1,-7.329618473
CN1CCCn2nnc(C(=O)N[C@@H]3CCC(=O)NC3=O)c21,-7.657684716
CN1CCCn2nnc(C(=O)N[C@H]3CCC(=O)NC3=O)c21,-7.658184344
O=C1CC[C@H](SCc2ccccc2)C(=O)N1,-7.848982367
O=C1CC[C@@H](SCc2ccccc2)C(=O)N1,-7.849071407
CO[C@]1(C(=O)NCc2cc(C(=O)N[C@@H]3CCC(=O)NC3=O)[nH]n2)CCCOC1,-8.069923692
CO[C@@]1(C(=O)NCc2cc(C(=O)N[C@@H]3CCC(=O)NC3=O)[nH]n2)CCCOC1,-8.172510297
CO[C@]1(C(=O)NCc2cc(C(=O)N[C@H]3CCC(=O)NC3=O)[nH]n2)CCCOC1,-8.172170489
CO[C@@]1(C(=O)NCc2cc(C(=O)N[C@H]3CCC(=O)NC3=O)[nH]n2)CCCOC1,-8.170434785
N#CN1CCC[C@H](c2cccc(-n3nncc3C(=O)N[C@@H]3CCC(=O)NC3=O)c2)C1,-7.915290642
N#CN1CCC[C@@H](c2cccc(-n3nncc3C(=O)N[C@@H]3CCC(=O)NC3=O)c2)C1,-8.127363927
N#CN1CCC[C@H](c2cccc(-n3nncc3C(=O)N[C@H]3CCC(=O)NC3=O)c2)C1,-8.127870514
N#CN1CCC[C@@H](c2cccc(-n3nncc3C(=O)N[C@H]3CCC(=O)NC3=O)c2)C1,-8.237876104
N#CN1CCC[C@H](c2ccncc2-c2ccc3c(c2)CN([C@@H]2CCC(=O)NC2=O)C3=O)C1,-7.896440191
N#CN1CCC[C@@H](c2ccncc2-c2ccc3c(c2)CN([C@@H]2CCC(=O)NC2=O)C3=O)C1,-8.00366631
N#CN1CCC[C@H](c2ccncc2-c2ccc3c(c2)CN([C@H]2CCC(=O)NC2=O)C3=O)C1,-7.917621523
N#CN1CCC[C@@H](c2ccncc2-c2ccc3c(c2)CN([C@H]2CCC(=O)NC2=O)C3=O)C1,-7.84020109
N#CN1CC[C@H](c2cc(-c3ccc4c(c3)CN([C@@H]3CCC(=O)NC3=O)C4=O)ccc2C2CC2)C1,-7.863478654
N#CN1CC[C@@H](c2cc(-c3ccc4c(c3)CN([C@@H]3CCC(=O)NC3=O)C4=O)ccc2C2CC2)C1,-7.768614875
N#CN1CC[C@H](c2cc(-c3ccc4c(c3)CN([C@H]3CCC(=O)NC3=O)C4=O)ccc2C2CC2)C1,-7.906652007
N#CN1CC[C@@H](c2cc(-c3ccc4c(c3)CN([C@H]3CCC(=O)NC3=O)C4=O)ccc2C2CC2)C1,-7.740204028
CCN[C@H]1CC[C@@H]2CC[C@@H]1N2c1ccc2c(c1)C(=O)N([C@@H]1CCC(=O)NC1=O)C2=O,-8.074594921
CCN[C@H]1CC[C@H]2CC[C@@H]1N2c1ccc2c(c1)C(=O)N([C@@H]1CCC(=O)NC1=O)C2=O,-8.21343832
CCN[C@@H]1CC[C@@H]2CC[C@H]1N2c1ccc2c(c1)C(=O)N([C@@H]1CCC(=O)NC1=O)C2=O,-8.182747169
CCN[C@H]1CC[C@@H]2CC[C@H]1N2c1ccc2c(c1)C(=O)N([C@@H]1CCC(=O)NC1=O)C2=O,-8.309376624
CCN[C@@H]1CC[C@H]2CC[C@@H]1N2c1ccc2c(c1)C(=O)N([C@H]1CCC(=O)NC1=O)C2=O,-8.234634948
CCN[C@H]1CC[C@H]2CC[C@@H]1N2c1ccc2c(c1)C(=O)N([C@H]1CCC(=O)NC1=O)C2=O,-8.170898049
CCN[C@@H]1CC[C@@H]2CC[C@H]1N2c1ccc2c(c1)C(=O)N([C@H]1CCC(=O)NC1=O)C2=O,-8.181376995
CCN[C@H]1CC[C@@H]2CC[C@H]1N2c1ccc2c(c1)C(=O)N([C@H]1CCC(=O)NC1=O)C2=O,-8.147260832
CC1(C)C[C@@H]1C(=O)Nc1cccc2c1C(=O)N([C@@H]1CCC(=O)NC1=O)C2,-7.89246068
CC1(C)C[C@H]1C(=O)Nc1cccc2c1C(=O)N([C@@H]1CCC(=O)NC1=O)C2,-7.892331194
CC1(C)C[C@@H]1C(=O)Nc1cccc2c1C(=O)N([C@H]1CCC(=O)NC1=O)C2,-7.888566961
CC1(C)C[C@H]1C(=O)Nc1cccc2c1C(=O)N([C@H]1CCC(=O)NC1=O)C2,-7.894410614
O=C1CC[C@H](NC(=O)c2ccn3ncc(Cl)c3n2)C(=O)N1,-8.256486113
O=C1CC[C@@H](NC(=O)c2ccn3ncc(Cl)c3n2)C(=O)N1,-8.462748373
CCc1c(C)nn2c(C)cc(C(=O)N[C@@H]3CCC(=O)NC3=O)nc12,-7.933262716
CCc1c(C)nn2c(C)cc(C(=O)N[C@H]3CCC(=O)NC3=O)nc12,-7.933101543
O=C1CC[C@H](NC(=O)c2ccn3nc(S(=O)(=O)F)cc3n2)C(=O)N1,-9.102508688
O=C1CC[C@@H](NC(=O)c2ccn3nc(S(=O)(=O)F)cc3n2)C(=O)N1,-9.041532226
O=C1CC[C@H](NC(=O)c2ccn3ncc(S(=O)(=O)F)c3n2)C(=O)N1,-8.636686099
O=C1CC[C@@H](NC(=O)c2ccn3ncc(S(=O)(=O)F)c3n2)C(=O)N1,-8.870740592
N#CN1CCC(c2cccc3c2CC(C(=O)Nc2cccc([C@@H]4CCC(=O)NC4=O)c2)=N3)CC1,-8.380691402
N#CN1CCC(c2cccc3c2CC(C(=O)Nc2cccc([C@H]4CCC(=O)NC4=O)c2)=N3)CC1,-8.410573646
CC1=NS(=O)(=O)N(C)C=C1C(=O)Nc1ccc([C@@H]2CCC(=O)NC2=O)cc1,-8.580184534
CC1=NS(=O)(=O)N(C)C=C1C(=O)Nc1ccc([C@H]2CCC(=O)NC2=O)cc1,-8.566041313
O=C1CC[C@H](N2Cc3ccc(S(=O)(=O)n4cc(C(F)(F)F)cn4)cc3C2=O)C(=O)N1,-8.24383754
O=C1CC[C@@H](N2Cc3ccc(S(=O)(=O)n4cc(C(F)(F)F)cn4)cc3C2=O)C(=O)N1,-8.29376344
O=C1CC[C@H](N2Cc3ccc(S(=O)(=O)n4ccc(C(F)(F)F)n4)cc3C2=O)C(=O)N1,-8.47560542
O=C1CC[C@@H](N2Cc3ccc(S(=O)(=O)n4ccc(C(F)(F)F)n4)cc3C2=O)C(=O)N1,-8.29378405
Cc1cnn(S(=O)(=O)c2ccc3c(c2)C(=O)N([C@@H]2CCC(=O)NC2=O)C3)c1,-8.178190017
Cc1cnn(S(=O)(=O)c2ccc3c(c2)C(=O)N([C@H]2CCC(=O)NC2=O)C3)c1,-8.089622589
O=C1CC[C@H](N2Cc3ccc(S(=O)(=O)n4cc(F)cn4)cc3C2=O)C(=O)N1,-8.354223597
O=C1CC[C@@H](N2Cc3ccc(S(=O)(=O)n4cc(F)cn4)cc3C2=O)C(=O)N1,-8.146630226
O=C1CC[C@H](N2Cc3ccc(S(=O)(=O)n4ccc(F)n4)cc3C2=O)C(=O)N1,-8.172997785
O=C1CC[C@@H](N2Cc3ccc(S(=O)(=O)n4ccc(F)n4)cc3C2=O)C(=O)N1,-8.353347115
O=C1CC[C@H](NC(=O)c2ccccc2Nc2ccc(OC(F)F)cc2)C(=O)N1,-8.086615022
O=C1CC[C@@H](NC(=O)c2ccccc2Nc2ccc(OC(F)F)cc2)C(=O)N1,-8.086156945
N#CN1CCC[C@H](c2c(-c3ccc4c(c3)CN([C@@H]3CCC(=O)NC3=O)C4=O)nc3n2CCC3)C1,-7.949488351
N#CN1CCC[C@@H](c2c(-c3ccc4c(c3)CN([C@@H]3CCC(=O)NC3=O)C4=O)nc3n2CCC3)C1,-7.782785797
N#CN1CCC[C@H](c2c(-c3ccc4c(c3)CN([C@H]3CCC(=O)NC3=O)C4=O)nc3n2CCC3)C1,-7.757479781
N#CN1CCC[C@@H](c2c(-c3ccc4c(c3)CN([C@H]3CCC(=O)NC3=O)C4=O)nc3n2CCC3)C1,-7.81079787
O=C1CC[C@H](NC(=O)c2ccc3ncccc3c2F)C(=O)N1,-8.405132176
O=C1CC[C@@H](NC(=O)c2ccc3ncccc3c2F)C(=O)N1,-8.405132823
O=C1CC[C@H](NC(=O)c2cc(S(=O)(=O)F)c3ncccc3c2)C(=O)N1,-9.039647812
O=C1CC[C@@H](NC(=O)c2cc(S(=O)(=O)F)c3ncccc3c2)C(=O)N1,-9.026034234
O=C1CC[C@H](NC(=O)c2ccc3ncc(S(=O)(=O)F)cc3c2)C(=O)N1,-9.075623384
O=C1CC[C@@H](NC(=O)c2ccc3ncc(S(=O)(=O)F)cc3c2)C(=O)N1,-9.043564646
O=C1CC[C@H](NC(=O)c2ccc3nccc(OS(=O)(=O)F)c3c2)C(=O)N1,-8.595806791
O=C1CC[C@@H](NC(=O)c2ccc3nccc(OS(=O)(=O)F)c3c2)C(=O)N1,-8.701535042
O=C1CC[C@H](N2Cc3c(C(=O)N4CCCC4)cc(S(=O)(=O)F)cc3C2=O)C(=O)N1,-8.223172484
O=C1CC[C@@H](N2Cc3c(C(=O)N4CCCC4)cc(S(=O)(=O)F)cc3C2=O)C(=O)N1,-8.244996818
O=C1CC[C@H](N2Cc3c(ccc(S(=O)(=O)F)c3C(=O)N3CCCC3)C2=O)C(=O)N1,-8.387907587
O=C1CC[C@@H](N2Cc3c(ccc(S(=O)(=O)F)c3C(=O)N3CCCC3)C2=O)C(=O)N1,-8.388249926
O=C1CC[C@H](N2Cc3c(C(=O)N4CCCC4)cccc3C2=O)C(=O)N1,-7.929098617
O=C1CC[C@@H](N2Cc3c(C(=O)N4CCCC4)cccc3C2=O)C(=O)N1,-7.923354308
C[C@@H]1CCCN1C(=O)c1cccc2c1CN([C@@H]1CCC(=O)NC1=O)C2=O,-7.98154073
C[C@H]1CCCN1C(=O)c1cccc2c1CN([C@@H]1CCC(=O)NC1=O)C2=O,-7.995471048
C[C@@H]1CCCN1C(=O)c1cccc2c1CN([C@H]1CCC(=O)NC1=O)C2=O,-7.897195476
C[C@H]1CCCN1C(=O)c1cccc2c1CN([C@H]1CCC(=O)NC1=O)C2=O,-7.885271018
O=C1CC[C@H](N2Cc3cc(CNC(=O)c4cnc5ccccc5c4)ccc3C2=O)C(=O)N1,-8.08536956
O=C1CC[C@@H](N2Cc3cc(CNC(=O)c4cnc5ccccc5c4)ccc3C2=O)C(=O)N1,-8.110261467
O=C1CC[C@H](NC(=O)c2cc3occ(S(=O)(=O)F)c3s2)C(=O)N1,-8.617308079
O=C1CC[C@@H](NC(=O)c2cc3occ(S(=O)(=O)F)c3s2)C(=O)N1,-8.617321041
O=C1CC[C@H](NC(=O)c2cc3occc3s2)C(=O)N1,-7.993883868
O=C1CC[C@@H](NC(=O)c2cc3occc3s2)C(=O)N1,-7.994269675
N#CN1CCC[C@H](c2cc(Nc3cccc(N4CCC(=O)NC4=O)c3)n3ncnc3n2)C1,-7.667374081
N#CN1CCC[C@@H](c2cc(Nc3cccc(N4CCC(=O)NC4=O)c3)n3ncnc3n2)C1,-7.52586525
N[C@@H]1CCC[C@H](CNC(=O)c2cccc3c2CN([C@@H]2CCC(=O)NC2=O)C3=O)C1,-7.772879719
N[C@H]1CCC[C@H](CNC(=O)c2cccc3c2CN([C@@H]2CCC(=O)NC2=O)C3=O)C1,-7.799503985
N[C@@H]1CCC[C@@H](CNC(=O)c2cccc3c2CN([C@@H]2CCC(=O)NC2=O)C3=O)C1,-7.874178244
N[C@H]1CCC[C@@H](CNC(=O)c2cccc3c2CN([C@@H]2CCC(=O)NC2=O)C3=O)C1,-7.898905829
N[C@@H]1CCC[C@H](CNC(=O)c2cccc3c2CN([C@H]2CCC(=O)NC2=O)C3=O)C1,-7.917840272
N[C@H]1CCC[C@H](CNC(=O)c2cccc3c2CN([C@H]2CCC(=O)NC2=O)C3=O)C1,-7.852101885
N[C@@H]1CCC[C@@H](CNC(=O)c2cccc3c2CN([C@H]2CCC(=O)NC2=O)C3=O)C1,-7.910359502
N[C@H]1CCC[C@@H](CNC(=O)c2cccc3c2CN([C@H]2CCC(=O)NC2=O)C3=O)C1,-7.928688592
N#CN1CC[C@H](c2nccc(N3CCC(c4ccc(N5CCC(=O)NC5=O)cc4)CC3)n2)C1,-7.282429223
N#CN1CC[C@@H](c2nccc(N3CCC(c4ccc(N5CCC(=O)NC5=O)cc4)CC3)n2)C1,-7.309194754
O=C1CC[C@H](N2Cc3cc(NCc4n[nH]c5ccccc45)ccc3C2=O)C(=O)N1,-7.929072609
O=C1CC[C@@H](N2Cc3cc(NCc4n[nH]c5ccccc45)ccc3C2=O)C(=O)N1,-8.163592855
Cc1cn2cc(C(=O)N[C@@H]3CCC(=O)NC3=O)sc2n1,-8.22691409
Cc1cn2cc(C(=O)N[C@H]3CCC(=O)NC3=O)sc2n1,-8.187889957
O=C1CC[C@H](NC(=O)c2cn3c(S(=O)(=O)F)cnc3s2)C(=O)N1,-8.612988156
O=C1CC[C@@H](NC(=O)c2cn3c(S(=O)(=O)F)cnc3s2)C(=O)N1,-8.526210776
O=C1CC[C@H](c2ccc(NC(=O)[C@@H]3CCCc4cncn43)cc2)C(=O)N1,-7.7059713
O=C1CC[C@@H](c2ccc(NC(=O)[C@@H]3CCCc4cncn43)cc2)C(=O)N1,-7.70532173
O=C1CC[C@H](c2ccc(NC(=O)[C@H]3CCCc4cncn43)cc2)C(=O)N1,-7.779331512
O=C1CC[C@@H](c2ccc(NC(=O)[C@H]3CCCc4cncn43)cc2)C(=O)N1,-7.76201264
Cc1nc(C(=O)NCc2ccc3c(c2)C(=O)N([C@@H]2CCC(=O)NC2=O)C3)no1,-8.149593896
Cc1nc(C(=O)NCc2ccc3c(c2)C(=O)N([C@H]2CCC(=O)NC2=O)C3)no1,-8.147069527
O=C1CC[C@H](NC(=O)c2ccnc3nn[nH]c23)C(=O)N1,-8.827833574
O=C1CC[C@@H](NC(=O)c2ccnc3nn[nH]c23)C(=O)N1,-8.827552007
COc1cn(-c2cccc(C(F)(F)F)c2)nc1C(=O)N[C@@H]1CCC(=O)NC1=O,-7.982648989
COc1cn(-c2cccc(C(F)(F)F)c2)nc1C(=O)N[C@H]1CCC(=O)NC1=O,-7.998424955
O=C1CC[C@H](NC(=O)c2ccn(-c3ccccc3)n2)C(=O)N1,-7.828056485
O=C1CC[C@@H](NC(=O)c2ccn(-c3ccccc3)n2)C(=O)N1,-7.828159499
Cc1cccc(-n2cc(O)c(C(=O)N[C@@H]3CCC(=O)NC3=O)n2)c1C,-7.879310037
Cc1cccc(-n2cc(O)c(C(=O)N[C@H]3CCC(=O)NC3=O)n2)c1C,-7.869224303
CC(C)Cc1cc(C(=O)N[C@@H]2CCC(=O)NC2=O)nn1-c1ccccc1,-7.77095461
CC(C)Cc1cc(C(=O)N[C@H]2CCC(=O)NC2=O)nn1-c1ccccc1,-7.781197396
CCCOc1cn(-c2ccccc2)nc1C(=O)N[C@@H]1CCC(=O)NC1=O,-7.732690528
CCCOc1cn(-c2ccccc2)nc1C(=O)N[C@H]1CCC(=O)NC1=O,-7.740523089
CC(C)c1cc(C(=O)N[C@@H]2CCC(=O)NC2=O)nn1-c1ccccc1F,-7.800574989
CC(C)c1cc(C(=O)N[C@H]2CCC(=O)NC2=O)nn1-c1ccccc1F,-7.801562982
O=C1CC[C@H](NC(=O)c2ccn(-c3ccccc3C(F)(F)F)n2)C(=O)N1,-8.03896057
O=C1CC[C@@H](NC(=O)c2ccn(-c3ccccc3C(F)(F)F)n2)C(=O)N1,-8.038911886
COCCOc1cn(-c2ccccc2)nc1C(=O)N[C@@H]1CCC(=O)NC1=O,-7.7667077
COCCOc1cn(-c2ccccc2)nc1C(=O)N[C@H]1CCC(=O)NC1=O,-7.65193971
Cc1cc(C(=O)N[C@@H]2CCC(=O)NC2=O)nn1-c1ccc(S(C)(=O)=O)cc1,-7.933294323
Cc1cc(C(=O)N[C@H]2CCC(=O)NC2=O)nn1-c1ccc(S(C)(=O)=O)cc1,-7.936437706
N#CN1CC[C@H](c2cccc3c2N=C(C(=O)Nc2cccc([C@@H]4CCC(=O)NC4=O)c2)C3)C1,-8.374456785
N#CN1CC[C@@H](c2cccc3c2N=C(C(=O)Nc2cccc([C@@H]4CCC(=O)NC4=O)c2)C3)C1,-8.357661396
N#CN1CC[C@H](c2cccc3c2N=C(C(=O)Nc2cccc([C@H]4CCC(=O)NC4=O)c2)C3)C1,-8.322152064
N#CN1CC[C@@H](c2cccc3c2N=C(C(=O)Nc2cccc([C@H]4CCC(=O)NC4=O)c2)C3)C1,-8.373259674
CC[C@]1(c2ccc(NC(=O)c3ccc(N(C)C)cc3)cc2)CCC(=O)NC1=O,-7.875409835
CC[C@@]1(c2ccc(NC(=O)c3ccc(N(C)C)cc3)cc2)CCC(=O)NC1=O,-7.875566955
CC[C@]1(c2ccc(NC(=O)c3cccc([N+](=O)[O-])c3)cc2)CCC(=O)NC1=O,-7.947585968
CC[C@@]1(c2ccc(NC(=O)c3cccc([N+](=O)[O-])c3)cc2)CCC(=O)NC1=O,-7.764317419
O=C1CC[C@H](NC(=O)c2cc(F)cnc2NC2CC(F)(F)C2)C(=O)N1,-8.240934342
O=C1CC[C@@H](NC(=O)c2cc(F)cnc2NC2CC(F)(F)C2)C(=O)N1,-8.240922068
N#CN1CCC[C@H](c2cccc(C(=O)Nc3cccc4c3CN([C@@H]3CCC(=O)NC3=O)C4=O)c2)C1,-7.825431738
N#CN1CCC[C@@H](c2cccc(C(=O)Nc3cccc4c3CN([C@@H]3CCC(=O)NC3=O)C4=O)c2)C1,-7.916081705
N#CN1CCC[C@H](c2cccc(C(=O)Nc3cccc4c3CN([C@H]3CCC(=O)NC3=O)C4=O)c2)C1,-7.755454359
N#CN1CCC[C@@H](c2cccc(C(=O)Nc3cccc4c3CN([C@H]3CCC(=O)NC3=O)C4=O)c2)C1,-7.770003144
CCc1n[nH]c(=O)c(C(=O)N[C@@H]2CCC(=O)NC2=O)c1CC,-7.66209255
CCc1n[nH]c(=O)c(C(=O)N[C@H]2CCC(=O)NC2=O)c1CC,-7.662114121
O=C1CC[C@H](N2Cc3cc(Nc4nc5ccccc5o4)ccc3C2=O)C(=O)N1,-7.816918132
O=C1CC[C@@H](N2Cc3cc(Nc4nc5ccccc5o4)ccc3C2=O)C(=O)N1,-7.817602671
N#CN1CCC[C@H](c2nc(-c3ccc4c(c3)CN([C@@H]3CCC(=O)NC3=O)C4=O)cs2)C1,-7.885597158
N#CN1CCC[C@@H](c2nc(-c3ccc4c(c3)CN([C@@H]3CCC(=O)NC3=O)C4=O)cs2)C1,-7.564374648
N#CN1CCC[C@H](c2nc(-c3ccc4c(c3)CN([C@H]3CCC(=O)NC3=O)C4=O)cs2)C1,-7.914881404
N#CN1CCC[C@@H](c2nc(-c3ccc4c(c3)CN([C@H]3CCC(=O)NC3=O)C4=O)cs2)C1,-7.914700091
N#CN1CC[C@H](c2ocnc2-c2ccc3c(c2)CN([C@@H]2CCC(=O)NC2=O)C3=O)C1,-7.910643277
N#CN1CC[C@@H](c2ocnc2-c2ccc3c(c2)CN([C@@H]2CCC(=O)NC2=O)C3=O)C1,-7.924084408
N#CN1CC[C@H](c2ocnc2-c2ccc3c(c2)CN([C@H]2CCC(=O)NC2=O)C3=O)C1,-7.92555297
N#CN1CC[C@@H](c2ocnc2-c2ccc3c(c2)CN([C@H]2CCC(=O)NC2=O)C3=O)C1,-7.963763187
N#CN1CCC[C@H](c2cccc(-c3nccc(C(=O)N[C@@H]4CCC(=O)NC4=O)n3)c2)C1,-7.685128978
N#CN1CCC[C@@H](c2cccc(-c3nccc(C(=O)N[C@@H]4CCC(=O)NC4=O)n3)c2)C1,-7.871141923
N#CN1CCC[C@H](c2cccc(-c3nccc(C(=O)N[C@H]4CCC(=O)NC4=O)n3)c2)C1,-8.321716732
N#CN1CCC[C@@H](c2cccc(-c3nccc(C(=O)N[C@H]4CCC(=O)NC4=O)n3)c2)C1,-8.307182699
N#CN1CC[C@H](c2cccnc2C(=O)Nc2ccc3c(c2)C(=O)N([C@@H]2CCC(=O)NC2=O)C3)C1,-7.807061586
N#CN1CC[C@@H](c2cccnc2C(=O)Nc2ccc3c(c2)C(=O)N([C@@H]2CCC(=O)NC2=O)C3)C1,-8.1193791
N#CN1CC[C@H](c2cccnc2C(=O)Nc2ccc3c(c2)C(=O)N([C@H]2CCC(=O)NC2=O)C3)C1,-8.118430963
N#CN1CC[C@@H](c2cccnc2C(=O)Nc2ccc3c(c2)C(=O)N([C@H]2CCC(=O)NC2=O)C3)C1,-8.11170204
O=C1CC[C@H](c2ccc(NC(=O)C3=COc4ccc(S(=O)(=O)F)cc4O3)cc2)C(=O)N1,-8.372301879
O=C1CC[C@@H](c2ccc(NC(=O)C3=COc4ccc(S(=O)(=O)F)cc4O3)cc2)C(=O)N1,-8.440886346
O=C1CC[C@H](c2ccc(NC(=O)C3=COc4c(cccc4S(=O)(=O)F)O3)cc2)C(=O)N1,-8.439259346
O=C1CC[C@@H](c2ccc(NC(=O)C3=COc4c(cccc4S(=O)(=O)F)O3)cc2)C(=O)N1,-8.345934792
O=C1CC[C@H](c2ccc(NC(=O)C3=COc4ccccc4O3)cc2)C(=O)N1,-7.865656257
O=C1CC[C@@H](c2ccc(NC(=O)C3=COc4ccccc4O3)cc2)C(=O)N1,-7.887809156
O=C1CC[C@H](N2Cc3ccc(-c4csc5ccccc45)cc3C2=O)C(=O)N1,-7.891010491
O=C1CC[C@@H](N2Cc3ccc(-c4csc5ccccc45)cc3C2=O)C(=O)N1,-7.913682596
Cn1c(Cc2cccs2)nc2cc(C(=O)N[C@@H]3CCC(=O)NC3=O)ccc21,-7.861278036
Cn1c(Cc2cccs2)nc2cc(C(=O)N[C@H]3CCC(=O)NC3=O)ccc21,-7.861108954
O=C1CC[C@H](c2ccc(NC(=O)[C@H]3CC[C@@H](c4ncn[nH]4)CC3)cc2)C(=O)N1,-7.996405246
O=C1CC[C@@H](c2ccc(NC(=O)[C@H]3CC[C@@H](c4ncn[nH]4)CC3)cc2)C(=O)N1,-7.969406403
O=C1CC[C@H](c2ccc(NC(=O)[C@H]3CC[C@H](c4ncn[nH]4)CC3)cc2)C(=O)N1,-7.855162002
O=C1CC[C@@H](c2ccc(NC(=O)[C@H]3CC[C@H](c4ncn[nH]4)CC3)cc2)C(=O)N1,-7.848607271
O=C1NCc2c(OCC(=O)N3CCN(c4ccccc4F)CC3)cccc21,-7.096991931
O=C1CC[C@H](NC(=O)c2cnc3ccccc3c2N2CCCC2)C(=O)N1,-8.041399231
O=C1CC[C@@H](NC(=O)c2cnc3ccccc3c2N2CCCC2)C(=O)N1,-8.041323146
N#CN1CCC[C@H](c2cc(-c3cccc(C(=O)N[C@@H]4CCC(=O)NC4=O)c3)n[nH]2)C1,-7.91860761
N#CN1CCC[C@@H](c2cc(-c3cccc(C(=O)N[C@@H]4CCC(=O)NC4=O)c3)n[nH]2)C1,-8.099258317
N#CN1CCC[C@H](c2cc(-c3cccc(C(=O)N[C@H]4CCC(=O)NC4=O)c3)n[nH]2)C1,-8.06866533
N#CN1CCC[C@@H](c2cc(-c3cccc(C(=O)N[C@H]4CCC(=O)NC4=O)c3)n[nH]2)C1,-8.143729207
O=C1CC[C@H](NC(=O)c2ccn([C@@H]3CC3(F)F)n2)C(=O)N1,-7.91039169
O=C1CC[C@@H](NC(=O)c2ccn([C@@H]3CC3(F)F)n2)C(=O)N1,-7.813484114
O=C1CC[C@H](NC(=O)c2ccn([C@H]3CC3(F)F)n2)C(=O)N1,-7.813407351
O=C1CC[C@@H](NC(=O)c2ccn([C@H]3CC3(F)F)n2)C(=O)N1,-7.891175541
CN1C(=O)CC[C@H](NC(=O)c2ccn([C@@H]3CC3(F)F)n2)C1=O,-7.744019252
CN1C(=O)CC[C@@H](NC(=O)c2ccn([C@@H]3CC3(F)F)n2)C1=O,-7.748876074
CN1C(=O)CC[C@H](NC(=O)c2ccn([C@H]3CC3(F)F)n2)C1=O,-7.759762517
CN1C(=O)CC[C@@H](NC(=O)c2ccn([C@H]3CC3(F)F)n2)C1=O,-7.743768768
N#CN1CCC[C@H](c2cc(-c3ccc4c(c3)CN([C@@H]3CCC(=O)NC3=O)C4=O)cc3c2OCC3)C1,-7.963605743
N#CN1CCC[C@@H](c2cc(-c3ccc4c(c3)CN([C@@H]3CCC(=O)NC3=O)C4=O)cc3c2OCC3)C1,-7.937969635
N#CN1CCC[C@H](c2cc(-c3ccc4c(c3)CN([C@H]3CCC(=O)NC3=O)C4=O)cc3c2OCC3)C1,-7.781820045
N#CN1CCC[C@@H](c2cc(-c3ccc4c(c3)CN([C@H]3CCC(=O)NC3=O)C4=O)cc3c2OCC3)C1,-7.843678221
N#CN1CCC[C@H](c2cccc(-c3nc[nH]c3C(=O)N[C@@H]3CCC(=O)NC3=O)c2)C1,-7.688379302
N#CN1CCC[C@@H](c2cccc(-c3nc[nH]c3C(=O)N[C@@H]3CCC(=O)NC3=O)c2)C1,-7.965103526
N#CN1CCC[C@H](c2cccc(-c3nc[nH]c3C(=O)N[C@H]3CCC(=O)NC3=O)c2)C1,-7.872545136
N#CN1CCC[C@@H](c2cccc(-c3nc[nH]c3C(=O)N[C@H]3CCC(=O)NC3=O)c2)C1,-7.984785815
N#CN1CC[C@H](c2cncc(-c3ccc4c(c3)CN([C@@H]3CCC(=O)NC3=O)C4=O)c2)C1,-7.820692216
N#CN1CC[C@@H](c2cncc(-c3ccc4c(c3)CN([C@@H]3CCC(=O)NC3=O)C4=O)c2)C1,-7.865684324
N#CN1CC[C@H](c2cncc(-c3ccc4c(c3)CN([C@H]3CCC(=O)NC3=O)C4=O)c2)C1,-7.903815279
N#CN1CC[C@@H](c2cncc(-c3ccc4c(c3)CN([C@H]3CCC(=O)NC3=O)C4=O)c2)C1,-7.96692897
O=C1CC[C@H](N2Cc3cc(NC(=O)N4CC5(CCc6ccccc65)C4)ccc3C2=O)C(=O)N1,-7.787660183
O=C1CC[C@@H](N2Cc3cc(NC(=O)N4CC5(CCc6ccccc65)C4)ccc3C2=O)C(=O)N1,-7.768375523
Cc1cccn2cc(COc3ccccc3C(=O)N[C@@H]3CCC(=O)NC3=O)nc12,-8.015890208
Cc1cccn2cc(COc3ccccc3C(=O)N[C@H]3CCC(=O)NC3=O)nc12,-8.037536119
N#CN1CC[C@H](c2cccc(-n3cnc(C(=O)N[C@@H]4CCC(=O)NC4=O)n3)c2)C1,-8.282155589
N#CN1CC[C@@H](c2cccc(-n3cnc(C(=O)N[C@@H]4CCC(=O)NC4=O)n3)c2)C1,-8.265389633
N#CN1CC[C@H](c2cccc(-n3cnc(C(=O)N[C@H]4CCC(=O)NC4=O)n3)c2)C1,-8.164192334
N#CN1CC[C@@H](c2cccc(-n3cnc(C(=O)N[C@H]4CCC(=O)NC4=O)n3)c2)C1,-8.224283742
Nc1ccccc1C#CC(=O)NCc1ccc2c(c1)CN([C@@H]1CCC(=O)NC1=O)C2=O,-7.855323669
Nc1ccccc1C#CC(=O)NCc1ccc2c(c1)CN([C@H]1CCC(=O)NC1=O)C2=O,-7.863299113
N#CN1CCC[C@H](c2ncsc2-c2ccc3c(c2)CN([C@@H]2CCC(=O)NC2=O)C3=O)C1,-7.89403956
N#CN1CCC[C@@H](c2ncsc2-c2ccc3c(c2)CN([C@@H]2CCC(=O)NC2=O)C3=O)C1,-7.936510863
N#CN1CCC[C@H](c2ncsc2-c2ccc3c(c2)CN([C@H]2CCC(=O)NC2=O)C3=O)C1,-7.890831599
N#CN1CCC[C@@H](c2ncsc2-c2ccc3c(c2)CN([C@H]2CCC(=O)NC2=O)C3=O)C1,-7.947366804
Cn1cc([C@]2(C(=O)Nc3ccc([C@@H]4CCC(=O)NC4=O)cc3)CCCO2)cn1,-7.575110119
Cn1cc([C@@]2(C(=O)Nc3ccc([C@@H]4CCC(=O)NC4=O)cc3)CCCO2)cn1,-7.574298296
Cn1cc([C@]2(C(=O)Nc3ccc([C@H]4CCC(=O)NC4=O)cc3)CCCO2)cn1,-7.563477223
Cn1cc([C@@]2(C(=O)Nc3ccc([C@H]4CCC(=O)NC4=O)cc3)CCCO2)cn1,-7.573803733
N#CN1CC[C@H](c2ccc(-c3cccc4c3CN([C@@H]3CCC(=O)NC3=O)C4=O)[nH]2)C1,-7.947777357
N#CN1CC[C@@H](c2ccc(-c3cccc4c3CN([C@@H]3CCC(=O)NC3=O)C4=O)[nH]2)C1,-7.88622275
N#CN1CC[C@H](c2ccc(-c3cccc4c3CN([C@H]3CCC(=O)NC3=O)C4=O)[nH]2)C1,-7.665642867
N#CN1CC[C@@H](c2ccc(-c3cccc4c3CN([C@H]3CCC(=O)NC3=O)C4=O)[nH]2)C1,-8.103861772
O=C1CC[C@H](N2C(=O)c3cccc(-c4cc5ccccc5s4)c3C2=O)C(=O)N1,-8.717958428
O=C1CC[C@@H](N2C(=O)c3cccc(-c4cc5ccccc5s4)c3C2=O)C(=O)N1,-8.762024824
O=C1CC[C@H](NC(=O)c2nccnc2C(=O)NCc2ccc(F)cc2)C(=O)N1,-8.760352856
O=C1CC[C@@H](NC(=O)c2nccnc2C(=O)NCc2ccc(F)cc2)C(=O)N1,-8.765882659
C=CC(=O)NC[C@H](NC(=O)c1ccc2c(c1)CNC2=O)c1ccc2ccccc2c1,-7.738168611
C=CC(=O)NC[C@@H](NC(=O)c1ccc2c(c1)CNC2=O)c1ccc2ccccc2c1,-7.704277196
Cc1cc2ncnc(Nc3ccc4c(c3)C(=O)N([C@@H]3CCC(=O)NC3=O)C4)c2[nH]1,-8.028790021
Cc1cc2ncnc(Nc3ccc4c(c3)C(=O)N([C@H]3CCC(=O)NC3=O)C4)c2[nH]1,-8.014996055
O=C1CC[C@H](c2ccc(NC(=O)c3cncc(-n4ccnc4)n3)cc2)C(=O)N1,-8.188367758
O=C1CC[C@@H](c2ccc(NC(=O)c3cncc(-n4ccnc4)n3)cc2)C(=O)N1,-8.180554036
N#CN1CCC(c2cn3c(n2)[C@H](C(=O)Nc2cccc([C@@H]4CCC(=O)NC4=O)c2)CCC3)CC1,-7.221595015
N#CN1CCC(c2cn3c(n2)[C@@H](C(=O)Nc2cccc([C@@H]4CCC(=O)NC4=O)c2)CCC3)CC1,-7.661497128
N#CN1CCC(c2cn3c(n2)[C@H](C(=O)Nc2cccc([C@H]4CCC(=O)NC4=O)c2)CCC3)CC1,-7.651251865
N#CN1CCC(c2cn3c(n2)[C@@H](C(=O)Nc2cccc([C@H]4CCC(=O)NC4=O)c2)CCC3)CC1,-7.601751267
O=C1CC[C@H](NC(=O)c2cnn3c2OCC2(COC2)C3)C(=O)N1,-7.886748264
O=C1CC[C@@H](NC(=O)c2cnn3c2OCC2(COC2)C3)C(=O)N1,-7.886426042
O=C1CC[C@H](n2cc(C3CCOCC3)nn2)C(=O)N1,-8.232860987
O=C1CC[C@@H](n2cc(C3CCOCC3)nn2)C(=O)N1,-8.222371964
O=C1CC[C@H](NC(=O)c2occc2-c2ccc(F)c(F)c2)C(=O)N1,-7.992374532
O=C1CC[C@@H](NC(=O)c2occc2-c2ccc(F)c(F)c2)C(=O)N1,-7.982526106
N#CN1CC[C@H](c2ccc3c(C4CC4)c(C(=O)N[C@@H]4CCC(=O)NC4=O)[nH]c3c2)C1,-8.016397568
N#CN1CC[C@@H](c2ccc3c(C4CC4)c(C(=O)N[C@@H]4CCC(=O)NC4=O)[nH]c3c2)C1,-7.992825201
N#CN1CC[C@H](c2ccc3c(C4CC4)c(C(=O)N[C@H]4CCC(=O)NC4=O)[nH]c3c2)C1,-8.005083538
N#CN1CC[C@@H](c2ccc3c(C4CC4)c(C(=O)N[C@H]4CCC(=O)NC4=O)[nH]c3c2)C1,-7.997859093
Cc1ccc(NC(=O)NCc2cccc(C(=O)N[C@@H]3CCC(=O)NC3=O)c2)cc1Cl,-8.018574948
Cc1ccc(NC(=O)NCc2cccc(C(=O)N[C@H]3CCC(=O)NC3=O)c2)cc1Cl,-7.839680465
CC[C@@H]1CCCN1C(=O)c1ccc2c(c1)C(=O)N([C@@H]1CCC(=O)NC1=O)C2=O,-8.825856177
CC[C@H]1CCCN1C(=O)c1ccc2c(c1)C(=O)N([C@@H]1CCC(=O)NC1=O)C2=O,-8.829747824
CC[C@@H]1CCCN1C(=O)c1ccc2c(c1)C(=O)N([C@H]1CCC(=O)NC1=O)C2=O,-8.823468282
CC[C@H]1CCCN1C(=O)c1ccc2c(c1)C(=O)N([C@H]1CCC(=O)NC1=O)C2=O,-8.824563538
N#CN1CC[C@H](c2csc(-c3cccc(C(=O)N[C@@H]4CCC(=O)NC4=O)c3)n2)C1,-8.257086711
N#CN1CC[C@@H](c2csc(-c3cccc(C(=O)N[C@@H]4CCC(=O)NC4=O)c3)n2)C1,-7.971846159
N#CN1CC[C@H](c2csc(-c3cccc(C(=O)N[C@H]4CCC(=O)NC4=O)c3)n2)C1,-8.03621156
N#CN1CC[C@@H](c2csc(-c3cccc(C(=O)N[C@H]4CCC(=O)NC4=O)c3)n2)C1,-8.420102323
N#CN1CC[C@H](c2cc(-c3ccc4c(c3)C(=O)N([C@@H]3CCC(=O)NC3=O)C4)cnc2C2OCCO2)C1,-7.993884081
N#CN1CC[C@@H](c2cc(-c3ccc4c(c3)C(=O)N([C@@H]3CCC(=O)NC3=O)C4)cnc2C2OCCO2)C1,-7.933666688
N#CN1CC[C@H](c2cc(-c3ccc4c(c3)C(=O)N([C@H]3CCC(=O)NC3=O)C4)cnc2C2OCCO2)C1,-7.930138554
N#CN1CC[C@@H](c2cc(-c3ccc4c(c3)C(=O)N([C@H]3CCC(=O)NC3=O)C4)cnc2C2OCCO2)C1,-7.941209266
O=C1CC[C@H](N2Cc3c(ccc4c3OC[C@]43CC[C@@H](Cc4ccccc4)CC3)C2=O)C(=O)N1,-7.797261029
O=C1CC[C@@H](N2Cc3c(ccc4c3OC[C@]43CC[C@@H](Cc4ccccc4)CC3)C2=O)C(=O)N1,-7.791553165
O=C1CC[C@H](N2Cc3c(ccc4c3OC[C@]43CC[C@H](Cc4ccccc4)CC3)C2=O)C(=O)N1,-7.785476321
O=C1CC[C@@H](N2Cc3c(ccc4c3OC[C@]43CC[C@H](Cc4ccccc4)CC3)C2=O)C(=O)N1,-7.791650696
O=C(CCl)Nc1cccc2c1CN(C1CC1)C2=O,-7.28490409
N#CN1CC[C@H](c2cnc3ccc(C(=O)N[C@@H]4CCC(=O)NC4=O)cc3c2)C1,-8.294869765
N#CN1CC[C@@H](c2cnc3ccc(C(=O)N[C@@H]4CCC(=O)NC4=O)cc3c2)C1,-8.291473296
N#CN1CC[C@H](c2cnc3ccc(C(=O)N[C@H]4CCC(=O)NC4=O)cc3c2)C1,-8.287837348
N#CN1CC[C@@H](c2cnc3ccc(C(=O)N[C@H]4CCC(=O)NC4=O)cc3c2)C1,-8.221249033
N#Cc1sc2ccccc2c1S(=O)(=O)Nc1ccc2c(c1)CN([C@@H]1CCC(=O)NC1=O)C2=O,-8.728418035
N#Cc1sc2ccccc2c1S(=O)(=O)Nc1ccc2c(c1)CN([C@H]1CCC(=O)NC1=O)C2=O,-8.735015304
N#CN1CCC[C@H](c2cc3c(cc2C(=O)Nc2ccc([C@@H]4CCC(=O)NC4=O)cc2)COCC3)C1,-7.747820365
N#CN1CCC[C@@H](c2cc3c(cc2C(=O)Nc2ccc([C@@H]4CCC(=O)NC4=O)cc2)COCC3)C1,-7.684231836
N#CN1CCC[C@H](c2cc3c(cc2C(=O)Nc2ccc([C@H]4CCC(=O)NC4=O)cc2)COCC3)C1,-7.733162691
N#CN1CCC[C@@H](c2cc3c(cc2C(=O)Nc2ccc([C@H]4CCC(=O)NC4=O)cc2)COCC3)C1,-7.65287267
O=C1CNC(=O)N1,-7.2864
CN1CC(=O)NC1=O,-7.2439
NN1CC(=O)NC1=O,-7.3493
N#CN1CCC[C@H](c2cccc(-c3cccnc3C(=O)N[C@@H]3CCC(=O)NC3=O)n2)C1,-8.189478491
N#CN1CCC[C@@H](c2cccc(-c3cccnc3C(=O)N[C@@H]3CCC(=O)NC3=O)n2)C1,-8.272086236
N#CN1CCC[C@H](c2cccc(-c3cccnc3C(=O)N[C@H]3CCC(=O)NC3=O)n2)C1,-8.281904538
N#CN1CCC[C@@H](c2cccc(-c3cccnc3C(=O)N[C@H]3CCC(=O)NC3=O)n2)C1,-8.270001373
O=C1CC[C@H](NC(=O)c2cc(N3CCOCC3)ncn2)C(=O)N1,-7.986791647
O=C1CC[C@@H](NC(=O)c2cc(N3CCOCC3)ncn2)C(=O)N1,-7.987013619
O=C1CC[C@H](N2Cc3cc(NC(=O)c4nc5ccccn5n4)ccc3C2=O)C(=O)N1,-8.206861691
O=C1CC[C@@H](N2Cc3cc(NC(=O)c4nc5ccccn5n4)ccc3C2=O)C(=O)N1,-8.051881762
N#CN1CC[C@H](c2ccc(-c3cccc4c3CN([C@@H]3CCC(=O)NC3=O)C4=O)s2)C1,-7.8714106
N#CN1CC[C@@H](c2ccc(-c3cccc4c3CN([C@@H]3CCC(=O)NC3=O)C4=O)s2)C1,-7.94748726
N#CN1CC[C@H](c2ccc(-c3cccc4c3CN([C@H]3CCC(=O)NC3=O)C4=O)s2)C1,-7.955477976
N#CN1CC[C@@H](c2ccc(-c3cccc4c3CN([C@H]3CCC(=O)NC3=O)C4=O)s2)C1,-7.951684146
N#CN1CCC[C@H](c2ccnc(C(=O)Nc3cncn3[C@@H]3CCC(=O)NC3=O)c2)C1,-7.904515389
N#CN1CCC[C@@H](c2ccnc(C(=O)Nc3cncn3[C@@H]3CCC(=O)NC3=O)c2)C1,-7.968510912
N#CN1CCC[C@H](c2ccnc(C(=O)Nc3cncn3[C@H]3CCC(=O)NC3=O)c2)C1,-8.174350837
N#CN1CCC[C@@H](c2ccnc(C(=O)Nc3cncn3[C@H]3CCC(=O)NC3=O)c2)C1,-8.10123116
O=C1CC[C@H](N2Cc3cc(-c4ccc5c(n4)CCCN5)ccc3C2=O)C(=O)N1,-8.057597505
O=C1CC[C@@H](N2Cc3cc(-c4ccc5c(n4)CCCN5)ccc3C2=O)C(=O)N1,-8.04270795
O=C1CC[C@H](NC(=O)c2occc2C2CC2)C(=O)N1,-7.969609383
O=C1CC[C@@H](NC(=O)c2occc2C2CC2)C(=O)N1,-7.9700823
N#CN1CC[C@H](c2ccc3c(c2-c2ccc4c(c2)CN([C@@H]2CCC(=O)NC2=O)C4=O)OCCCO3)C1,-7.791495619
N#CN1CC[C@@H](c2ccc3c(c2-c2ccc4c(c2)CN([C@@H]2CCC(=O)NC2=O)C4=O)OCCCO3)C1,-7.855805041
N#CN1CC[C@H](c2ccc3c(c2-c2ccc4c(c2)CN([C@H]2CCC(=O)NC2=O)C4=O)OCCCO3)C1,-7.917916381
N#CN1CC[C@@H](c2ccc3c(c2-c2ccc4c(c2)CN([C@H]2CCC(=O)NC2=O)C4=O)OCCCO3)C1,-7.957045087
N#CN1CC[C@H](c2ccoc2C(=O)Nc2ccc3c(c2)C(=O)N([C@@H]2CCC(=O)NC2=O)C3)C1,-7.913368081
N#CN1CC[C@@H](c2ccoc2C(=O)Nc2ccc3c(c2)C(=O)N([C@@H]2CCC(=O)NC2=O)C3)C1,-7.728528846
N#CN1CC[C@H](c2ccoc2C(=O)Nc2ccc3c(c2)C(=O)N([C@H]2CCC(=O)NC2=O)C3)C1,-7.905053448
N#CN1CC[C@@H](c2ccoc2C(=O)Nc2ccc3c(c2)C(=O)N([C@H]2CCC(=O)NC2=O)C3)C1,-7.918231234
COc1ccc2c(C(=O)N[C@@H]3CCC(=O)NC3=O)cnn2c1,-7.885173513
COc1ccc2c(C(=O)N[C@H]3CCC(=O)NC3=O)cnn2c1,-7.884927102
O=C1CC[C@H](NC(=O)c2cnn3c(C(F)(F)F)cccc23)C(=O)N1,-8.293537478
O=C1CC[C@@H](NC(=O)c2cnn3c(C(F)(F)F)cccc23)C(=O)N1,-8.293935956
O=C1CC[C@H](NC(=O)c2cnn3c(S(=O)(=O)F)cccc23)C(=O)N1,-8.467236463
O=C1CC[C@@H](NC(=O)c2cnn3c(S(=O)(=O)F)cccc23)C(=O)N1,-8.900770706
O=C1CC[C@H](NC(=O)c2cnn3cc(S(=O)(=O)F)ccc23)C(=O)N1,-8.603832201
O=C1CC[C@@H](NC(=O)c2cnn3cc(S(=O)(=O)F)ccc23)C(=O)N1,-8.364326411
O=C1CC[C@H](NC(=O)c2cnn3ccccc23)C(=O)N1,-7.846161145
O=C1CC[C@@H](NC(=O)c2cnn3ccccc23)C(=O)N1,-7.848778202
O=C1CC[C@H](NC(=O)c2cnn3ccc(OS(=O)(=O)F)cc23)C(=O)N1,-8.126143038
O=C1CC[C@@H](NC(=O)c2cnn3ccc(OS(=O)(=O)F)cc23)C(=O)N1,-8.242890686
N#CN1CCC[C@H](c2cccc3c2[C@H](C(=O)Nc2cccc([C@@H]4CCC(=O)NC4=O)c2)CCC3)C1,-7.530242618
N#CN1CCC[C@@H](c2cccc3c2[C@H](C(=O)Nc2cccc([C@@H]4CCC(=O)NC4=O)c2)CCC3)C1,-7.613883893
N#CN1CCC[C@H](c2cccc3c2[C@@H](C(=O)Nc2cccc([C@@H]4CCC(=O)NC4=O)c2)CCC3)C1,-7.490515835
N#CN1CCC[C@@H](c2cccc3c2[C@@H](C(=O)Nc2cccc([C@@H]4CCC(=O)NC4=O)c2)CCC3)C1,-7.743730612
N#CN1CCC[C@H](c2cccc3c2[C@H](C(=O)Nc2cccc([C@H]4CCC(=O)NC4=O)c2)CCC3)C1,-7.762731007
N#CN1CCC[C@@H](c2cccc3c2[C@H](C(=O)Nc2cccc([C@H]4CCC(=O)NC4=O)c2)CCC3)C1,-7.208919031
N#CN1CCC[C@H](c2cccc3c2[C@@H](C(=O)Nc2cccc([C@H]4CCC(=O)NC4=O)c2)CCC3)C1,-7.12100043
N#CN1CCC[C@@H](c2cccc3c2[C@@H](C(=O)Nc2cccc([C@H]4CCC(=O)NC4=O)c2)CCC3)C1,-7.677684138
O=C1CC[C@H](NC(=O)c2c[nH]c3nccnc23)C(=O)N1,-7.938212818
O=C1CC[C@@H](NC(=O)c2c[nH]c3nccnc23)C(=O)N1,-7.938238777
O=C1CC[C@H](N2Cc3cc(-c4cc5c(cc4OS(=O)(=O)F)OCO5)ccc3C2=O)C(=O)N1,-7.958599962
O=C1CC[C@@H](N2Cc3cc(-c4cc5c(cc4OS(=O)(=O)F)OCO5)ccc3C2=O)C(=O)N1,-7.886130244
O=C1CC[C@H](N2Cc3cc(-c4ccc5c(c4OS(=O)(=O)F)OCO5)ccc3C2=O)C(=O)N1,-7.95493826
O=C1CC[C@@H](N2Cc3cc(-c4ccc5c(c4OS(=O)(=O)F)OCO5)ccc3C2=O)C(=O)N1,-7.967178976
O=C1CC[C@H](N2Cc3cc(-c4cc5c(c(OS(=O)(=O)F)c4)OCO5)ccc3C2=O)C(=O)N1,-7.891514247
O=C1CC[C@@H](N2Cc3cc(-c4cc5c(c(OS(=O)(=O)F)c4)OCO5)ccc3C2=O)C(=O)N1,-7.976114539
O=C1CC[C@H](N2Cc3cc(-c4ccc5c(c4)OCO5)ccc3C2=O)C(=O)N1,-7.7461083
O=C1CC[C@@H](N2Cc3cc(-c4ccc5c(c4)OCO5)ccc3C2=O)C(=O)N1,-7.74601187
N#CN1CCC[C@H](c2cccc(-c3ncc(C(=O)N[C@@H]4CCC(=O)NC4=O)s3)n2)C1,-8.283174871
N#CN1CCC[C@@H](c2cccc(-c3ncc(C(=O)N[C@@H]4CCC(=O)NC4=O)s3)n2)C1,-8.261960422
N#CN1CCC[C@H](c2cccc(-c3ncc(C(=O)N[C@H]4CCC(=O)NC4=O)s3)n2)C1,-8.575953654
N#CN1CCC[C@@H](c2cccc(-c3ncc(C(=O)N[C@H]4CCC(=O)NC4=O)s3)n2)C1,-8.510943642
N#C/C(=C\c1ccc2c(c1)OCO2)C(=O)Nc1cccc2c1C(=O)NC2=O,-8.875274862
N#C/C(=C/c1ccc2c(c1)OCO2)C(=O)Nc1cccc2c1C(=O)NC2=O,-9.017302278
Nc1c(C(=O)N[C@@H]2CCC(=O)NC2=O)[nH]c(=O)[nH]c1=O,-8.297490769
Nc1c(C(=O)N[C@H]2CCC(=O)NC2=O)[nH]c(=O)[nH]c1=O,-8.297991145
O=C1CC[C@H](c2cccc(NC(=O)c3cnc(C4CCNCC4)o3)c2)C(=O)N1,-7.842726775
O=C1CC[C@@H](c2cccc(NC(=O)c3cnc(C4CCNCC4)o3)c2)C(=O)N1,-7.908955446
N#CN1CCC[C@H](c2cccnc2NC(=O)c2cccc3c2CN([C@@H]2CCC(=O)NC2=O)C3=O)C1,-7.947854752
N#CN1CCC[C@@H](c2cccnc2NC(=O)c2cccc3c2CN([C@@H]2CCC(=O)NC2=O)C3=O)C1,-7.905082925
N#CN1CCC[C@H](c2cccnc2NC(=O)c2cccc3c2CN([C@H]2CCC(=O)NC2=O)C3=O)C1,-8.038833726
N#CN1CCC[C@@H](c2cccnc2NC(=O)c2cccc3c2CN([C@H]2CCC(=O)NC2=O)C3=O)C1,-7.734658971
N#CN1CCC[C@H](c2scnc2-c2ccc3c(c2)CN([C@@H]2CCC(=O)NC2=O)C3=O)C1,-7.967438378
N#CN1CCC[C@@H](c2scnc2-c2ccc3c(c2)CN([C@@H]2CCC(=O)NC2=O)C3=O)C1,-7.920131475
N#CN1CCC[C@H](c2scnc2-c2ccc3c(c2)CN([C@H]2CCC(=O)NC2=O)C3=O)C1,-8.027412125
N#CN1CCC[C@@H](c2scnc2-c2ccc3c(c2)CN([C@H]2CCC(=O)NC2=O)C3=O)C1,-7.94469686
CC[C@]12CN[C@](C(=O)Nc3ccc(N[C@@H]4CCC(=O)NC4=O)cc3)(C1)C2,-7.912949447
CC[C@]12CN[C@@](C(=O)Nc3ccc(N[C@@H]4CCC(=O)NC4=O)cc3)(C1)C2,-7.908685651
O=C1CC[C@H](N2Cc3ccc(-n4cc(-c5ccncc5)nn4)cc3C2=O)C(=O)N1,-8.731677869
O=C1CC[C@@H](N2Cc3ccc(-n4cc(-c5ccncc5)nn4)cc3C2=O)C(=O)N1,-8.723479983
N#CN1CC[C@H](c2cccc(-c3n[nH]cc3C(=O)N[C@@H]3CCC(=O)NC3=O)c2)C1,-8.224702774
N#CN1CC[C@@H](c2cccc(-c3n[nH]cc3C(=O)N[C@@H]3CCC(=O)NC3=O)c2)C1,-8.117963703
N#CN1CC[C@H](c2cccc(-c3n[nH]cc3C(=O)N[C@H]3CCC(=O)NC3=O)c2)C1,-8.098534032
N#CN1CC[C@@H](c2cccc(-c3n[nH]cc3C(=O)N[C@H]3CCC(=O)NC3=O)c2)C1,-7.986243771
N#Cc1ccc(N2CCC[C@H](Nc3ccc4c(c3)C(=O)NC4)C2=O)cc1,-7.622644241
N#Cc1ccc(N2CCC[C@@H](Nc3ccc4c(c3)C(=O)NC4)C2=O)cc1,-7.621990543
N#CN1CCC[C@H](c2csc(NC(=O)c3ccc4c(c3)C(=O)N([C@@H]3CCC(=O)NC3=O)C4)n2)C1,-8.054472827
N#CN1CCC[C@@H](c2csc(NC(=O)c3ccc4c(c3)C(=O)N([C@@H]3CCC(=O)NC3=O)C4)n2)C1,-8.069622643
N#CN1CCC[C@H](c2csc(NC(=O)c3ccc4c(c3)C(=O)N([C@H]3CCC(=O)NC3=O)C4)n2)C1,-8.05708333
N#CN1CCC[C@@H](c2csc(NC(=O)c3ccc4c(c3)C(=O)N([C@H]3CCC(=O)NC3=O)C4)n2)C1,-8.077523309
Cn1nc2c(c1C(=O)N[C@@H]1CCC(=O)NC1=O)CS(=O)(=O)CC2,-8.198531279
Cn1nc2c(c1C(=O)N[C@H]1CCC(=O)NC1=O)CS(=O)(=O)CC2,-8.203749526
N#CN1CCC[C@H](c2cccc(C(=O)Nc3cncn3[C@@H]3CCC(=O)NC3=O)n2)C1,-7.946959338
N#CN1CCC[C@@H](c2cccc(C(=O)Nc3cncn3[C@@H]3CCC(=O)NC3=O)n2)C1,-8.220338056
N#CN1CCC[C@H](c2cccc(C(=O)Nc3cncn3[C@H]3CCC(=O)NC3=O)n2)C1,-7.864950076
N#CN1CCC[C@@H](c2cccc(C(=O)Nc3cncn3[C@H]3CCC(=O)NC3=O)n2)C1,-8.220851702
Cc1noc2nc(N(C)[C@@H]3CCC(=O)NC3=O)cc(C(F)(F)F)c12,-8.67392043
Cc1noc2nc(N(C)[C@H]3CCC(=O)NC3=O)cc(C(F)(F)F)c12,-8.671068285
Cc1[nH]c(=O)c(C(=O)N[C@@H]2CCC(=O)NC2=O)cc1-c1ccc(O)cc1,-7.683086215
Cc1[nH]c(=O)c(C(=O)N[C@H]2CCC(=O)NC2=O)cc1-c1ccc(O)cc1,-7.681741792
O=C1CC[C@H](N2Cc3c(C(=O)Nc4ccccc4S(=O)(=O)F)cccc3C2=O)C(=O)N1,-7.937338116
O=C1CC[C@@H](N2Cc3c(C(=O)Nc4ccccc4S(=O)(=O)F)cccc3C2=O)C(=O)N1,-8.186271398
O=C1CC[C@H](N2Cc3c(C(=O)Nc4cccc(S(=O)(=O)F)c4)cccc3C2=O)C(=O)N1,-8.086508949
O=C1CC[C@@H](N2Cc3c(C(=O)Nc4cccc(S(=O)(=O)F)c4)cccc3C2=O)C(=O)N1,-8.133048618
Nc1ccc(NC(=O)c2cccc3c2CN([C@@H]2CCC(=O)NC2=O)C3=O)cc1,-8.064451677
Nc1ccc(NC(=O)c2cccc3c2CN([C@H]2CCC(=O)NC2=O)C3=O)cc1,-8.06450284
Nc1cccc(NC(=O)c2cccc3c2CN([C@@H]2CCC(=O)NC2=O)C3=O)c1,-7.944468279
Nc1cccc(NC(=O)c2cccc3c2CN([C@H]2CCC(=O)NC2=O)C3=O)c1,-7.944063925
CNc1ccc(NC(=O)c2cccc3c2CN([C@@H]2CCC(=O)NC2=O)C3=O)cc1,-8.061386338
CNc1ccc(NC(=O)c2cccc3c2CN([C@H]2CCC(=O)NC2=O)C3=O)cc1,-7.895859267
CNc1cccc(NC(=O)c2cccc3c2CN([C@@H]2CCC(=O)NC2=O)C3=O)c1,-8.027616565
CNc1cccc(NC(=O)c2cccc3c2CN([C@H]2CCC(=O)NC2=O)C3=O)c1,-7.93874033
O=C1CC[C@H](N2C(=O)C=C(N3CCCN(Cc4ccccc4)CC3)C2=O)C(=O)N1,-7.961719683
O=C1CC[C@@H](N2C(=O)C=C(N3CCCN(Cc4ccccc4)CC3)C2=O)C(=O)N1,-7.935133834
O=C1CC[C@H](NC(=O)c2cnc3ccccc3c2)C(=O)N1,-8.059186323
O=C1CC[C@@H](NC(=O)c2cnc3ccccc3c2)C(=O)N1,-8.059592583
Cc1ccc2cc(C(=O)N[C@@H]3CCC(=O)NC3=O)cnc2c1,-8.070318912
Cc1ccc2cc(C(=O)N[C@H]3CCC(=O)NC3=O)cnc2c1,-8.071026319
Cc1nc2c(F)cccc2cc1C(=O)N[C@@H]1CCC(=O)NC1=O,-8.24453536
Cc1nc2c(F)cccc2cc1C(=O)N[C@H]1CCC(=O)NC1=O,-8.244364473
O=C1CC[C@H](NC(=O)c2cc3cc(F)ccc3nc2O)C(=O)N1,-8.18418406
O=C1CC[C@@H](NC(=O)c2cc3cc(F)ccc3nc2O)C(=O)N1,-8.183953591
CCc1nc2cc(F)ccc2cc1C(=O)N[C@@H]1CCC(=O)NC1=O,-8.215575614
CCc1nc2cc(F)ccc2cc1C(=O)N[C@H]1CCC(=O)NC1=O,-8.215739983
Cc1c(C(=O)N[C@@H]2CCC(=O)NC2=O)cnc2c(Cl)cccc12,-8.175276381
Cc1c(C(=O)N[C@H]2CCC(=O)NC2=O)cnc2c(Cl)cccc12,-8.175096602
CCCOc1nc2ccccc2cc1C(=O)N[C@@H]1CCC(=O)NC1=O,-7.841605224
CCCOc1nc2ccccc2cc1C(=O)N[C@H]1CCC(=O)NC1=O,-7.849767936
O=C1CC[C@H](NC(=O)c2cnc3c(S(=O)(=O)F)cccc3c2)C(=O)N1,-9.128236972
O=C1CC[C@@H](NC(=O)c2cnc3c(S(=O)(=O)F)cccc3c2)C(=O)N1,-9.187972884
O=C1CC[C@H](NC(=O)c2cnc3ccc(S(=O)(=O)F)cc3c2)C(=O)N1,-9.014388829
O=C1CC[C@@H](NC(=O)c2cnc3ccc(S(=O)(=O)F)cc3c2)C(=O)N1,-8.94396764
O=C1CC[C@H](NC(=O)c2cnc3ccc(F)cc3c2C(F)(F)F)C(=O)N1,-9.153706093
O=C1CC[C@@H](NC(=O)c2cnc3ccc(F)cc3c2C(F)(F)F)C(=O)N1,-9.154350175
O=C1CC[C@H](NC(=O)c2cnc3c(OC(F)(F)F)cccc3c2O)C(=O)N1,-8.310288116
O=C1CC[C@@H](NC(=O)c2cnc3c(OC(F)(F)F)cccc3c2O)C(=O)N1,-8.314267331
CCOc1cc2ncc(C(=O)N[C@@H]3CCC(=O)NC3=O)c(O)c2cc1OCC,-7.847257872
CCOc1cc2ncc(C(=O)N[C@H]3CCC(=O)NC3=O)c(O)c2cc1OCC,-7.777647184
COc1c(C(=O)N[C@@H]2CCC(=O)NC2=O)cnc2ccc(Br)cc12,-8.579048785
COc1c(C(=O)N[C@H]2CCC(=O)NC2=O)cnc2ccc(Br)cc12,-8.596436226
Cn1c(=O)c2cc(C(=O)N[C@@H]3CCC(=O)NC3=O)n(C)c2n(C)c1=O,-8.031377455
Cn1c(=O)c2cc(C(=O)N[C@H]3CCC(=O)NC3=O)n(C)c2n(C)c1=O,-8.03147041
O=C1CC[C@H](N2C(=O)c3ccc(Nc4cccc(S(=O)(=O)F)c4)cc3C2=O)C(=O)N1,-8.938039484
O=C1CC[C@@H](N2C(=O)c3ccc(Nc4cccc(S(=O)(=O)F)c4)cc3C2=O)C(=O)N1,-8.810812916
O=C1CC[C@H](N2C(=O)c3ccc(Nc4cccc(OS(=O)(=O)F)c4)cc3C2=O)C(=O)N1,-8.73829742
O=C1CC[C@@H](N2C(=O)c3ccc(Nc4cccc(OS(=O)(=O)F)c4)cc3C2=O)C(=O)N1,-8.8515371
O=C1CC[C@H](N2C(=O)c3ccc(Nc4ccc(OS(=O)(=O)F)cc4)cc3C2=O)C(=O)N1,-8.729476058
O=C1CC[C@@H](N2C(=O)c3ccc(Nc4ccc(OS(=O)(=O)F)cc4)cc3C2=O)C(=O)N1,-8.819172213
N#CN1CCC[C@H](c2cccc(-c3cccc(C(=O)N[C@@H]4CCC(=O)NC4=O)c3)c2)C1,-7.893114847
N#CN1CCC[C@@H](c2cccc(-c3cccc(C(=O)N[C@@H]4CCC(=O)NC4=O)c3)c2)C1,-8.008214143
N#CN1CCC[C@H](c2cccc(-c3cccc(C(=O)N[C@H]4CCC(=O)NC4=O)c3)c2)C1,-8.047936962
N#CN1CCC[C@@H](c2cccc(-c3cccc(C(=O)N[C@H]4CCC(=O)NC4=O)c3)c2)C1,-8.052215389
CN1C(=O)c2ccccc2[C@@H]1CNC(=O)Nc1nnc(Cc2ccccc2)s1,-7.308254552
CN1C(=O)c2ccccc2[C@H]1CNC(=O)Nc1nnc(Cc2ccccc2)s1,-7.368523581
N#CN1CCC[C@H](c2cccc(-c3nc(C(=O)N[C@@H]4CCC(=O)NC4=O)cs3)n2)C1,-8.523340155
N#CN1CCC[C@@H](c2cccc(-c3nc(C(=O)N[C@@H]4CCC(=O)NC4=O)cs3)n2)C1,-8.537380104
N#CN1CCC[C@H](c2cccc(-c3nc(C(=O)N[C@H]4CCC(=O)NC4=O)cs3)n2)C1,-8.543222147
N#CN1CCC[C@@H](c2cccc(-c3nc(C(=O)N[C@H]4CCC(=O)NC4=O)cs3)n2)C1,-8.533970199
O=C1CC[C@H](NC(=O)c2ccc(Cn3ccc(C(F)(F)F)n3)cc2F)C(=O)N1,-8.034866499
O=C1CC[C@@H](NC(=O)c2ccc(Cn3ccc(C(F)(F)F)n3)cc2F)C(=O)N1,-8.034980368
O=C1CC[C@H](c2ccc(NC(=O)Cc3cc(F)cc4c3OCOC4)cc2)C(=O)N1,-7.62979622
O=C1CC[C@@H](c2ccc(NC(=O)Cc3cc(F)cc4c3OCOC4)cc2)C(=O)N1,-7.628511578
Cc1nc2cccnc2nc1Nc1ccc([C@@H]2CCC(=O)NC2=O)cc1,-8.469097229
Cc1nc2cccnc2nc1Nc1ccc([C@H]2CCC(=O)NC2=O)cc1,-8.469316937
O=C1CC[C@H](N2Cc3ccc(C(=O)N4CCC5(CC4)CC5)cc3C2=O)C(=O)N1,-7.926053051
O=C1CC[C@@H](N2Cc3ccc(C(=O)N4CCC5(CC4)CC5)cc3C2=O)C(=O)N1,-7.909399245
O=C1CCN(c2cccc(C(=O)N3CCc4c(OS(=O)(=O)F)csc4C3)c2)C(=O)N1,-7.589359784
O=C1CCN(c2cccc(C(=O)N3CCc4cc(OS(=O)(=O)F)sc4C3)c2)C(=O)N1,-7.56140304
O=C1CCN(c2cccc(C(=O)N3Cc4sccc4C[C@@H]3CO)c2)C(=O)N1,-7.31893631
O=C1CCN(c2cccc(C(=O)N3Cc4sccc4C[C@H]3CO)c2)C(=O)N1,-7.295251005
O=C1CC[C@H](NC(=O)c2ccn3c(C(F)(F)F)nnc3c2)C(=O)N1,-8.699092727
O=C1CC[C@@H](NC(=O)c2ccn3c(C(F)(F)F)nnc3c2)C(=O)N1,-8.699490149
O=C1CC[C@H](NC(=O)c2cc(S(=O)(=O)F)n3cnnc3c2)C(=O)N1,-9.126977943
O=C1CC[C@@H](NC(=O)c2cc(S(=O)(=O)F)n3cnnc3c2)C(=O)N1,-9.065903179
O=C1CC[C@H](NC(=O)c2ccn3c(S(=O)(=O)F)nnc3c2)C(=O)N1,-9.400468824
O=C1CC[C@@H](NC(=O)c2ccn3c(S(=O)(=O)F)nnc3c2)C(=O)N1,-9.25498438
N#CN1CCC[C@H](c2ccccc2-c2cccc(C(=O)N[C@@H]3CCC(=O)NC3=O)c2)C1,-8.012416219
N#CN1CCC[C@@H](c2ccccc2-c2cccc(C(=O)N[C@@H]3CCC(=O)NC3=O)c2)C1,-7.497347544
N#CN1CCC[C@H](c2ccccc2-c2cccc(C(=O)N[C@H]3CCC(=O)NC3=O)c2)C1,-8.040396405
N#CN1CCC[C@@H](c2ccccc2-c2cccc(C(=O)N[C@H]3CCC(=O)NC3=O)c2)C1,-8.098906836
O=C1CC[C@H](N2Cc3cccc(CNC(=O)c4ccccc4)c3C2=O)C(=O)N1,-7.827454361
O=C1CC[C@@H](N2Cc3cccc(CNC(=O)c4ccccc4)c3C2=O)C(=O)N1,-8.038495868
N#CN1CCC[C@H](c2occc2-c2ccc3c(c2)C(=O)N([C@@H]2CCC(=O)NC2=O)C3)C1,-7.908426509
N#CN1CCC[C@@H](c2occc2-c2ccc3c(c2)C(=O)N([C@@H]2CCC(=O)NC2=O)C3)C1,-7.875160198
N#CN1CCC[C@H](c2occc2-c2ccc3c(c2)C(=O)N([C@H]2CCC(=O)NC2=O)C3)C1,-7.900647757
N#CN1CCC[C@@H](c2occc2-c2ccc3c(c2)C(=O)N([C@H]2CCC(=O)NC2=O)C3)C1,-7.52688537
COCc1cn(-c2cccc(N3CCC(=O)NC3=O)c2C)nn1,-7.69598223
O=C1CCN(c2cccc(-n3cc(S(=O)(=O)F)nn3)c2)C(=O)N1,-8.50651739
O=C1CC[C@H](NC(=O)c2cc(CNC(=O)c3ccc4c(c3)CCC4)n[nH]2)C(=O)N1,-8.027447701
O=C1CC[C@@H](NC(=O)c2cc(CNC(=O)c3ccc4c(c3)CCC4)n[nH]2)C(=O)N1,-8.031907015
CCN1CCC[C@H](C(=O)NCc2[nH]ncc2C(=O)N[C@@H]2CCC(=O)NC2=O)C1,-8.067852631
CCN1CCC[C@@H](C(=O)NCc2[nH]ncc2C(=O)N[C@@H]2CCC(=O)NC2=O)C1,-7.971998514
CCN1CCC[C@H](C(=O)NCc2[nH]ncc2C(=O)N[C@H]2CCC(=O)NC2=O)C1,-7.983425241
CCN1CCC[C@@H](C(=O)NCc2[nH]ncc2C(=O)N[C@H]2CCC(=O)NC2=O)C1,-7.982913997
N#CN1CC[C@H](c2ccncc2-c2ccc(C(=O)N[C@@H]3CCC(=O)NC3=O)cc2)C1,-8.095781816
N#CN1CC[C@@H](c2ccncc2-c2ccc(C(=O)N[C@@H]3CCC(=O)NC3=O)cc2)C1,-8.071737469
N#CN1CC[C@H](c2ccncc2-c2ccc(C(=O)N[C@H]3CCC(=O)NC3=O)cc2)C1,-8.049394767
N#CN1CC[C@@H](c2ccncc2-c2ccc(C(=O)N[C@H]3CCC(=O)NC3=O)cc2)C1,-8.054868356
O=C1CC[C@H](NC(=O)c2[nH]ncc2CNC(=O)c2cnc3ccccn23)C(=O)N1,-7.960885899
O=C1CC[C@@H](NC(=O)c2[nH]ncc2CNC(=O)c2cnc3ccccn23)C(=O)N1,-7.786707211
CC1(C)CN(CCc2cn([C@@H]3CCC(=O)NC3=O)nn2)CCS1,-8.247828284
CC1(C)CN(CCc2cn([C@H]3CCC(=O)NC3=O)nn2)CCS1,-8.254503938
C[C@](O)(C#Cc1cccc2c1CN([C@@H]1CCC(=O)NC1=O)C2=O)C1CCNCC1,-7.911203911
C[C@@](O)(C#Cc1cccc2c1CN([C@@H]1CCC(=O)NC1=O)C2=O)C1CCNCC1,-7.91533547
C[C@](O)(C#Cc1cccc2c1CN([C@H]1CCC(=O)NC1=O)C2=O)C1CCNCC1,-7.281984763
C[C@@](O)(C#Cc1cccc2c1CN([C@H]1CCC(=O)NC1=O)C2=O)C1CCNCC1,-7.275106918
Cc1nn(C2CCOCC2)c(C)c1-c1ccc(N2CCC(=O)NC2=O)cc1,-7.517809802
O=C1CCN(c2cccc(-c3cncc(-n4ccc(S(=O)(=O)F)n4)c3)c2)C(=O)N1,-8.159734215
O=C1CCN(c2cccc(-c3cncc(-n4nccc4S(=O)(=O)F)c3)c2)C(=O)N1,-8.232502469
Cc1ccc(-c2cncc(-n3cccn3)c2)cc1N1CCC(=O)NC1=O,-7.424530478
Cc1cccc(CNC(=O)c2ccc(C(=O)N[C@@H]3CCC(=O)NC3=O)cc2)c1,-7.790624074
Cc1cccc(CNC(=O)c2ccc(C(=O)N[C@H]3CCC(=O)NC3=O)cc2)c1,-7.80530595
Cc1nnc2n1CC[C@]2(C)C(=O)Nc1ccc([C@@H]2CCC(=O)NC2=O)cc1,-7.469209076
Cc1nnc2n1CC[C@@]2(C)C(=O)Nc1ccc([C@@H]2CCC(=O)NC2=O)cc1,-7.469415495
Cc1nnc2n1CC[C@]2(C)C(=O)Nc1ccc([C@H]2CCC(=O)NC2=O)cc1,-7.464811465
Cc1nnc2n1CC[C@@]2(C)C(=O)Nc1ccc([C@H]2CCC(=O)NC2=O)cc1,-7.577772118
N#CN1CCC[C@H](c2nc3n(c2-c2ccc4c(c2)CN([C@@H]2CCC(=O)NC2=O)C4=O)CCNC3)C1,-7.905578846
N#CN1CCC[C@@H](c2nc3n(c2-c2ccc4c(c2)CN([C@@H]2CCC(=O)NC2=O)C4=O)CCNC3)C1,-7.8961607
N#CN1CCC[C@H](c2nc3n(c2-c2ccc4c(c2)CN([C@H]2CCC(=O)NC2=O)C4=O)CCNC3)C1,-7.799774809
N#CN1CCC[C@@H](c2nc3n(c2-c2ccc4c(c2)CN([C@H]2CCC(=O)NC2=O)C4=O)CCNC3)C1,-7.921812928
O=C1CC[C@H](NC(=O)c2cc3cc4c(cc3[nH]2)OC(F)(F)O4)C(=O)N1,-8.147444983
O=C1CC[C@@H](NC(=O)c2cc3cc4c(cc3[nH]2)OC(F)(F)O4)C(=O)N1,-8.147545171
COc1ccccc1-n1nccc1C(=O)N[C@@H]1CCC(=O)NC1=O,-8.017764867
COc1ccccc1-n1nccc1C(=O)N[C@H]1CCC(=O)NC1=O,-7.991742862
CCCc1cc(C(=O)N[C@@H]2CCC(=O)NC2=O)n(-c2ccccc2)n1,-8.021222308
CCCc1cc(C(=O)N[C@H]2CCC(=O)NC2=O)n(-c2ccccc2)n1,-8.022961967
O=C1CC[C@H](NC(=O)c2ccnn2-c2cccc(Br)c2)C(=O)N1,-8.126572497
O=C1CC[C@@H](NC(=O)c2ccnn2-c2cccc(Br)c2)C(=O)N1,-8.122344205
Cc1ccc(-n2nc(Br)cc2C(=O)N[C@@H]2CCC(=O)NC2=O)cc1,-8.160754169
Cc1ccc(-n2nc(Br)cc2C(=O)N[C@H]2CCC(=O)NC2=O)cc1,-8.190418939
Cc1ccc(C(=O)N[C@@H]2CCC(=O)NC2=O)c2c1CCC2,-7.918434664
Cc1ccc(C(=O)N[C@H]2CCC(=O)NC2=O)c2c1CCC2,-7.918399526
O=C1CC[C@H](NC(=O)c2cc(Cl)cc3c2CCC3)C(=O)N1,-8.029253829
O=C1CC[C@@H](NC(=O)c2cc(Cl)cc3c2CCC3)C(=O)N1,-8.029363862
O=C1CC[C@H](NC(=O)c2cc(S(=O)(=O)F)cc3c2CCC3)C(=O)N1,-8.230544437
O=C1CC[C@@H](NC(=O)c2cc(S(=O)(=O)F)cc3c2CCC3)C(=O)N1,-8.145145166
O=C1CC[C@H](NC(=O)c2ccc(S(=O)(=O)F)c3c2CCC3)C(=O)N1,-8.183151071
O=C1CC[C@@H](NC(=O)c2ccc(S(=O)(=O)F)c3c2CCC3)C(=O)N1,-8.150923291
O=C1CC[C@H](Nc2nc(-c3cccs3)nc3ccccc23)C(=O)N1,-7.879927956
O=C1CC[C@@H](Nc2nc(-c3cccs3)nc3ccccc23)C(=O)N1,-7.879725429
CC[C@@]1(c2ccc(NC(=O)[C@]34C[C@@H]3C4)cc2)CCC(=O)NC1=O,-7.559871175
CC[C@@]1(c2ccc(NC(=O)[C@]34C[C@H]3C4)cc2)CCC(=O)NC1=O,-7.568097363
N#CN1CC[C@H](c2cc(-n3cc(C(=O)N[C@@H]4CCC(=O)NC4=O)cn3)ccn2)C1,-8.076829331
N#CN1CC[C@@H](c2cc(-n3cc(C(=O)N[C@@H]4CCC(=O)NC4=O)cn3)ccn2)C1,-7.983208099
N#CN1CC[C@H](c2cc(-n3cc(C(=O)N[C@H]4CCC(=O)NC4=O)cn3)ccn2)C1,-8.277382547
N#CN1CC[C@@H](c2cc(-n3cc(C(=O)N[C@H]4CCC(=O)NC4=O)cn3)ccn2)C1,-8.278243757
Cc1cc(C(=O)N[C@@H]2CCC(=O)NC2=O)c2ccccc2n1,-7.887971299
Cc1cc(C(=O)N[C@H]2CCC(=O)NC2=O)c2ccccc2n1,-7.887945817
O=C1CC[C@H](NC(=O)c2cc(O)nc3ccccc23)C(=O)N1,-8.653607456
O=C1CC[C@@H](NC(=O)c2cc(O)nc3ccccc23)C(=O)N1,-8.653805375
Cc1ccc2nc(C)cc(C(=O)N[C@@H]3CCC(=O)NC3=O)c2c1,-8.050601638
Cc1ccc2nc(C)cc(C(=O)N[C@H]3CCC(=O)NC3=O)c2c1,-8.050802479
Cc1cc(C(=O)N[C@@H]2CCC(=O)NC2=O)c2cccc(O)c2n1,-7.892537606
Cc1cc(C(=O)N[C@H]2CCC(=O)NC2=O)c2cccc(O)c2n1,-7.891946081
Cc1cc(C(=O)N[C@@H]2CCC(=O)NC2=O)c2cc(F)ccc2n1,-8.202206277
Cc1cc(C(=O)N[C@H]2CCC(=O)NC2=O)c2cc(F)ccc2n1,-8.202538972
CC(C)c1cc(C(=O)N[C@@H]2CCC(=O)NC2=O)c2ccccc2n1,-8.07045847
CC(C)c1cc(C(=O)N[C@H]2CCC(=O)NC2=O)c2ccccc2n1,-8.073883791
CCc1nc2ccccc2c(C(=O)N[C@@H]2CCC(=O)NC2=O)c1C,-8.062256337
CCc1nc2ccccc2c(C(=O)N[C@H]2CCC(=O)NC2=O)c1C,-8.062347392
Cc1cc(F)c2nc(O)cc(C(=O)N[C@@H]3CCC(=O)NC3=O)c2c1,-8.248641089
Cc1cc(F)c2nc(O)cc(C(=O)N[C@H]3CCC(=O)NC3=O)c2c1,-8.245441665
Cc1ccc2c(C(=O)N[C@@H]3CCC(=O)NC3=O)ccnc2c1Cl,-8.25775553
Cc1ccc2c(C(=O)N[C@H]3CCC(=O)NC3=O)ccnc2c1Cl,-8.257393582
CCCc1nc2ccccc2c(C(=O)N[C@@H]2CCC(=O)NC2=O)c1CC,-8.067089584
CCCc1nc2ccccc2c(C(=O)N[C@H]2CCC(=O)NC2=O)c1CC,-8.068763449
O=C1CC[C@H](NC(=O)c2cc(S(=O)(=O)F)nc3ccccc23)C(=O)N1,-9.227733668
O=C1CC[C@@H](NC(=O)c2cc(S(=O)(=O)F)nc3ccccc23)C(=O)N1,-8.964167977
O=C1CC[C@H](NC(=O)c2ccnc3c(S(=O)(=O)F)cccc23)C(=O)N1,-9.067391588
O=C1CC[C@@H](NC(=O)c2ccnc3c(S(=O)(=O)F)cccc23)C(=O)N1,-9.086884841
O=C1CC[C@H](NC(=O)c2ccnc3cc(S(=O)(=O)F)ccc23)C(=O)N1,-8.947472123
O=C1CC[C@@H](NC(=O)c2ccnc3cc(S(=O)(=O)F)ccc23)C(=O)N1,-9.04418914
Cc1cc(C(=O)N[C@@H]2CCC(=O)NC2=O)c2cc(Br)ccc2n1,-8.380154704
Cc1cc(C(=O)N[C@H]2CCC(=O)NC2=O)c2cc(Br)ccc2n1,-8.381438598
O=C1CC[C@H](NC(=O)c2c(O)cnc3c(Br)cccc23)C(=O)N1,-8.623828336
O=C1CC[C@@H](NC(=O)c2c(O)cnc3c(Br)cccc23)C(=O)N1,-8.624740414
O=C1CC[C@H](NC(=O)c2ccnc3ccc(OS(=O)(=O)F)cc23)C(=O)N1,-8.73988175
O=C1CC[C@@H](NC(=O)c2ccnc3ccc(OS(=O)(=O)F)cc23)C(=O)N1,-8.675577617
C[C@@H]1CCCC[C@@H]1C(=O)Nc1ccc(C2CC(=O)NC(=O)C2)cc1,-7.620304654
C[C@H]1CCCC[C@@H]1C(=O)Nc1ccc(C2CC(=O)NC(=O)C2)cc1,-7.626642748
C[C@@H]1CCCC[C@H]1C(=O)Nc1ccc(C2CC(=O)NC(=O)C2)cc1,-7.619607915
C[C@H]1CCCC[C@H]1C(=O)Nc1ccc(C2CC(=O)NC(=O)C2)cc1,-7.612915441
N#CN1CCC(c2cn[nH]c2-c2ccc3c(c2)C(=O)N([C@@H]2CCC(=O)NC2=O)C3)CC1,-8.240588296
N#CN1CCC(c2cn[nH]c2-c2ccc3c(c2)C(=O)N([C@H]2CCC(=O)NC2=O)C3)CC1,-8.270429919
O=C1CC[C@H](N2Cc3cc(C(=O)N4CC=CC4)ccc3C2=O)C(=O)N1,-7.805729736
O=C1CC[C@@H](N2Cc3cc(C(=O)N4CC=CC4)ccc3C2=O)C(=O)N1,-7.794851301
N#CN1CCC[C@H](c2ccc(-c3nc(C(=O)N[C@@H]4CCC(=O)NC4=O)c4n3CCCCC4)cc2)C1,-7.677774731
N#CN1CCC[C@@H](c2ccc(-c3nc(C(=O)N[C@@H]4CCC(=O)NC4=O)c4n3CCCCC4)cc2)C1,-7.62901323
N#CN1CCC[C@H](c2ccc(-c3nc(C(=O)N[C@H]4CCC(=O)NC4=O)c4n3CCCCC4)cc2)C1,-7.691146321
N#CN1CCC[C@@H](c2ccc(-c3nc(C(=O)N[C@H]4CCC(=O)NC4=O)c4n3CCCCC4)cc2)C1,-7.621361931
O=C1CC[C@H](NC(=O)c2cnn([C@@H]3CCOC3)n2)C(=O)N1,-7.882793029
O=C1CC[C@@H](NC(=O)c2cnn([C@@H]3CCOC3)n2)C(=O)N1,-7.965855532
O=C1CC[C@H](NC(=O)c2cnn([C@H]3CCOC3)n2)C(=O)N1,-7.878123025
O=C1CC[C@@H](NC(=O)c2cnn([C@H]3CCOC3)n2)C(=O)N1,-7.936857919
N#CN1CCC[C@H](c2nc3c(c(Nc4ccc([C@@H]5CCC(=O)NC5=O)cc4)n2)CC2(CC3)CC2)C1,-7.549898192
N#CN1CCC[C@@H](c2nc3c(c(Nc4ccc([C@@H]5CCC(=O)NC5=O)cc4)n2)CC2(CC3)CC2)C1,-7.499553746
N#CN1CCC[C@H](c2nc3c(c(Nc4ccc([C@H]5CCC(=O)NC5=O)cc4)n2)CC2(CC3)CC2)C1,-7.517785594
N#CN1CCC[C@@H](c2nc3c(c(Nc4ccc([C@H]5CCC(=O)NC5=O)cc4)n2)CC2(CC3)CC2)C1,-7.34970392
N#CN1CCC(c2cc(-c3cccc4c3CN([C@@H]3CCC(=O)NC3=O)C4=O)cs2)CC1,-7.976013142
N#CN1CCC(c2cc(-c3cccc4c3CN([C@H]3CCC(=O)NC3=O)C4=O)cs2)CC1,-7.692386799
N#CN1CC[C@H](c2nc3nc4c(c(Nc5ccc(N6CCC(=O)NC6=O)cc5)n3n2)CCCC4)C1,-7.59296009
N#CN1CC[C@@H](c2nc3nc4c(c(Nc5ccc(N6CCC(=O)NC6=O)cc5)n3n2)CCCC4)C1,-7.579349803
N#CN1CC[C@H](c2cccc(-c3cccc4c3CN([C@@H]3CCC(=O)NC3=O)C4=O)c2)C1,-7.93147873
N#CN1CC[C@@H](c2cccc(-c3cccc4c3CN([C@@H]3CCC(=O)NC3=O)C4=O)c2)C1,-7.949066699
N#CN1CC[C@H](c2cccc(-c3cccc4c3CN([C@H]3CCC(=O)NC3=O)C4=O)c2)C1,-7.949730875
N#CN1CC[C@@H](c2cccc(-c3cccc4c3CN([C@H]3CCC(=O)NC3=O)C4=O)c2)C1,-7.802019572
O=C1CC[C@H](NC(=O)c2cc(S(=O)(=O)F)cnn2)C(=O)N1,-9.608252806
O=C1CC[C@@H](NC(=O)c2cc(S(=O)(=O)F)cnn2)C(=O)N1,-9.646920328
O=C1CC[C@H](NC(=O)c2ccc(S(=O)(=O)F)nn2)C(=O)N1,-9.759866893
O=C1CC[C@@H](NC(=O)c2ccc(S(=O)(=O)F)nn2)C(=O)N1,-9.48806299
O=C1CC[C@H](NC(=O)c2nnc(O)c(Br)c2O)C(=O)N1,-8.823054509
O=C1CC[C@@H](NC(=O)c2nnc(O)c(Br)c2O)C(=O)N1,-8.823859538
CCCc1cnnc(C(=O)N[C@@H]2CCC(=O)NC2=O)c1,-7.9466
CCCc1cnnc(C(=O)N[C@H]2CCC(=O)NC2=O)c1,-7.9466
O=C1CC[C@H](NC(=O)c2ccc(=O)n(-c3cccc(S(=O)(=O)F)c3)n2)C(=O)N1,-8.987720801
O=C1CC[C@@H](NC(=O)c2ccc(=O)n(-c3cccc(S(=O)(=O)F)c3)n2)C(=O)N1,-8.996505269
O=C1CC[C@H](NC(=O)c2nn(-c3ccccc3)c(=O)cc2O)C(=O)N1,-8.567755802
O=C1CC[C@@H](NC(=O)c2nn(-c3ccccc3)c(=O)cc2O)C(=O)N1,-8.567616357
O=C1CC[C@H](NC(=O)c2ccc(=O)n(-c3ccc(F)cc3)n2)C(=O)N1,-8.631048478
O=C1CC[C@@H](NC(=O)c2ccc(=O)n(-c3ccc(F)cc3)n2)C(=O)N1,-8.528690062
O=C1CC[C@H](NC(=O)c2ccc(=O)n(-c3ccccc3F)n2)C(=O)N1,-8.631084822
O=C1CC[C@@H](NC(=O)c2ccc(=O)n(-c3ccccc3F)n2)C(=O)N1,-8.528333835
O=C1CC[C@H](NC(=O)c2ccc3nc(-c4ccccc4)oc3c2)C(=O)N1,-8.004788988
O=C1CC[C@@H](NC(=O)c2ccc3nc(-c4ccccc4)oc3c2)C(=O)N1,-8.004938775
C=CC(=O)N1CCC(C(=O)Nc2ccc3c(c2)C(=O)NC3)CC1,-7.329105272
O=C1CC[C@H](CSc2ncccn2)C(=O)N1,-7.848270807
O=C1CC[C@@H](CSc2ncccn2)C(=O)N1,-7.850466357
Cc1ccnc(SC[C@@H]2CCC(=O)NC2=O)n1,-7.744975889
Cc1ccnc(SC[C@H]2CCC(=O)NC2=O)n1,-7.732345359
O=C1CC[C@H](NC(=O)c2nn(-c3cccc(S(=O)(=O)F)c3)ccc2=O)C(=O)N1,-7.968994801
O=C1CC[C@@H](NC(=O)c2nn(-c3cccc(S(=O)(=O)F)c3)ccc2=O)C(=O)N1,-8.733590704
O=C1CC[C@H](NC(=O)c2nn(-c3cccc(F)c3)ccc2=O)C(=O)N1,-8.439990401
O=C1CC[C@@H](NC(=O)c2nn(-c3cccc(F)c3)ccc2=O)C(=O)N1,-8.443030978
Cc1cc(=O)c(C(=O)N[C@@H]2CCC(=O)NC2=O)nn1-c1ccccc1F,-8.141628875
Cc1cc(=O)c(C(=O)N[C@H]2CCC(=O)NC2=O)nn1-c1ccccc1F,-8.142034231
Cc1cc(=O)c(C(=O)N[C@@H]2CCC(=O)NC2=O)nn1-c1ccc(Cl)cc1,-8.012499617
Cc1cc(=O)c(C(=O)N[C@H]2CCC(=O)NC2=O)nn1-c1ccc(Cl)cc1,-8.195681625
Cc1cc(=O)c(C(=O)N[C@@H]2CCC(=O)NC2=O)nn1-c1ccccc1Cl,-8.197560741
Cc1cc(=O)c(C(=O)N[C@H]2CCC(=O)NC2=O)nn1-c1ccccc1Cl,-8.012068439
O=C1CC[C@H](NC(=O)c2cc(-c3ccc(F)cc3)ccc2O)C(=O)N1,-8.163590232
O=C1CC[C@@H](NC(=O)c2cc(-c3ccc(F)cc3)ccc2O)C(=O)N1,-8.163373693
CCOc1ccccc1-c1cccc(C(=O)N[C@@H]2CCC(=O)NC2=O)c1,-7.944359505
CCOc1ccccc1-c1cccc(C(=O)N[C@H]2CCC(=O)NC2=O)c1,-7.939059836
O=C1CC[C@H](NC(=O)c2cc(-c3ccccc3)cc(Cl)c2O)C(=O)N1,-8.183662596
O=C1CC[C@@H](NC(=O)c2cc(-c3ccccc3)cc(Cl)c2O)C(=O)N1,-8.183689266
O=C1CC[C@H](NC(=O)c2cccc(-c3cccc(S(=O)(=O)F)c3)c2)C(=O)N1,-8.12350809
O=C1CC[C@@H](NC(=O)c2cccc(-c3cccc(S(=O)(=O)F)c3)c2)C(=O)N1,-8.115863613
O=C1CC[C@H](N2CCCc3c(C4CCNCC4)cccc32)C(=O)N1,-7.796510302
O=C1CC[C@@H](N2CCCc3c(C4CCNCC4)cccc32)C(=O)N1,-7.769719081
CN(CC(=O)Nc1ccc(N[C@@H]2CCC(=O)NC2=O)cc1)C(=O)c1ccoc1,-7.876717559
CN(CC(=O)Nc1ccc(N[C@H]2CCC(=O)NC2=O)cc1)C(=O)c1ccoc1,-7.877796391
N#CN1CC[C@H](c2cncc(-c3ccc4c(c3)C(=O)N([C@@H]3CCC(=O)NC3=O)C4)n2)C1,-8.115788981
N#CN1CC[C@@H](c2cncc(-c3ccc4c(c3)C(=O)N([C@@H]3CCC(=O)NC3=O)C4)n2)C1,-8.109176842
N#CN1CC[C@H](c2cncc(-c3ccc4c(c3)C(=O)N([C@H]3CCC(=O)NC3=O)C4)n2)C1,-8.1454429
N#CN1CC[C@@H](c2cncc(-c3ccc4c(c3)C(=O)N([C@H]3CCC(=O)NC3=O)C4)n2)C1,-8.145192949
O=C1CC[C@H](N2Cc3ccc(-c4nc(C5OCCO5)cs4)cc3C2=O)C(=O)N1,-7.929711116
O=C1CC[C@@H](N2Cc3ccc(-c4nc(C5OCCO5)cs4)cc3C2=O)C(=O)N1,-7.933504875
Cc1cc(NC(=O)NCc2ccc3c(c2)C(=O)N([C@@H]2CCC(=O)NC2=O)C3)no1,-7.946745576
Cc1cc(NC(=O)NCc2ccc3c(c2)C(=O)N([C@H]2CCC(=O)NC2=O)C3)no1,-7.941020276
N#CN1CC[C@H](c2cccc(-n3ccc(=O)c(C(=O)N[C@@H]4CCC(=O)NC4=O)n3)c2)C1,-7.863665053
N#CN1CC[C@@H](c2cccc(-n3ccc(=O)c(C(=O)N[C@@H]4CCC(=O)NC4=O)n3)c2)C1,-7.782026062
N#CN1CC[C@H](c2cccc(-n3ccc(=O)c(C(=O)N[C@H]4CCC(=O)NC4=O)n3)c2)C1,-7.863974978
N#CN1CC[C@@H](c2cccc(-n3ccc(=O)c(C(=O)N[C@H]4CCC(=O)NC4=O)n3)c2)C1,-7.861975708
N#CN1CC[C@H](c2ccc3c(c2)C[C@H](NC(=O)c2cccc(N4CCC(=O)NC4=O)c2)CO3)C1,-7.678642338
N#CN1CC[C@@H](c2ccc3c(c2)C[C@H](NC(=O)c2cccc(N4CCC(=O)NC4=O)c2)CO3)C1,-7.671426111
N#CN1CC[C@H](c2ccc3c(c2)C[C@@H](NC(=O)c2cccc(N4CCC(=O)NC4=O)c2)CO3)C1,-7.641362948
N#CN1CC[C@@H](c2ccc3c(c2)C[C@@H](NC(=O)c2cccc(N4CCC(=O)NC4=O)c2)CO3)C1,-7.661800958
N#CN1CC[C@H](c2ccccc2-c2ncc(C(=O)N[C@@H]3CCC(=O)NC3=O)s2)C1,-8.273582747
N#CN1CC[C@@H](c2ccccc2-c2ncc(C(=O)N[C@@H]3CCC(=O)NC3=O)s2)C1,-8.079703373
N#CN1CC[C@H](c2ccccc2-c2ncc(C(=O)N[C@H]3CCC(=O)NC3=O)s2)C1,-8.024913558
N#CN1CC[C@@H](c2ccccc2-c2ncc(C(=O)N[C@H]3CCC(=O)NC3=O)s2)C1,-7.967959886
N#CN1CC[C@H](c2ccc(-c3cccc(C(=O)N[C@@H]4CCC(=O)NC4=O)c3)cc2)C1,-8.028703233
N#CN1CC[C@@H](c2ccc(-c3cccc(C(=O)N[C@@H]4CCC(=O)NC4=O)c3)cc2)C1,-8.030886475
N#CN1CC[C@H](c2ccc(-c3cccc(C(=O)N[C@H]4CCC(=O)NC4=O)c3)cc2)C1,-8.039647945
N#CN1CC[C@@H](c2ccc(-c3cccc(C(=O)N[C@H]4CCC(=O)NC4=O)c3)cc2)C1,-8.040236116
Cc1nn2c(C(=O)N[C@@H]3CCC(=O)NC3=O)c(C)nc2s1,-7.888246146
Cc1nn2c(C(=O)N[C@H]3CCC(=O)NC3=O)c(C)nc2s1,-7.888613936
O=C1CC[C@H](NC(=O)c2cnc3sc(S(=O)(=O)F)nn23)C(=O)N1,-8.972306
O=C1CC[C@@H](NC(=O)c2cnc3sc(S(=O)(=O)F)nn23)C(=O)N1,-9.498004029
O=C1CC[C@H](NC(=O)c2cnc3sc(OS(=O)(=O)F)nn23)C(=O)N1,-8.562865305
O=C1CC[C@@H](NC(=O)c2cnc3sc(OS(=O)(=O)F)nn23)C(=O)N1,-8.55726039
N#CN1CC[C@H](c2ccc(C(=O)Nc3ccc4c(c3)C(=O)N([C@@H]3CCC(=O)NC3=O)C4)s2)C1,-7.94895796
N#CN1CC[C@@H](c2ccc(C(=O)Nc3ccc4c(c3)C(=O)N([C@@H]3CCC(=O)NC3=O)C4)s2)C1,-8.097009831
N#CN1CC[C@H](c2ccc(C(=O)Nc3ccc4c(c3)C(=O)N([C@H]3CCC(=O)NC3=O)C4)s2)C1,-7.9641111
N#CN1CC[C@@H](c2ccc(C(=O)Nc3ccc4c(c3)C(=O)N([C@H]3CCC(=O)NC3=O)C4)s2)C1,-7.952836998
N#CN1CC[C@H](c2nccc(Nc3ccc4c(c3)C(=O)N([C@@H]3CCC(=O)NC3=O)C4)n2)C1,-7.684662569
N#CN1CC[C@@H](c2nccc(Nc3ccc4c(c3)C(=O)N([C@@H]3CCC(=O)NC3=O)C4)n2)C1,-7.826259672
N#CN1CC[C@H](c2nccc(Nc3ccc4c(c3)C(=O)N([C@H]3CCC(=O)NC3=O)C4)n2)C1,-7.739014688
N#CN1CC[C@@H](c2nccc(Nc3ccc4c(c3)C(=O)N([C@H]3CCC(=O)NC3=O)C4)n2)C1,-7.739407331
CS(C)(=O)=Nc1cccc(-c2ccc3c(c2)CNC3=O)n1,-7.40861949
C=CC(=O)N1CCC[C@@H]1C(=O)Nc1ccc2c(c1)C(=O)NC2=O,-8.442993739
C=CC(=O)N1CCC[C@H]1C(=O)Nc1ccc2c(c1)C(=O)NC2=O,-8.442418204
N#CN1CC[C@H](c2ncc(-c3cccc(N4CCC(=O)NC4=O)c3)cc2-n2cccn2)C1,-7.61315657
N#CN1CC[C@@H](c2ncc(-c3cccc(N4CCC(=O)NC4=O)c3)cc2-n2cccn2)C1,-7.637392573
O=C1CC[C@H](n2cc(Cn3cc(Br)cn3)nn2)C(=O)N1,-8.399494281
O=C1CC[C@@H](n2cc(Cn3cc(Br)cn3)nn2)C(=O)N1,-8.396062936
Cc1cnn(Cc2cn([C@@H]3CCC(=O)NC3=O)nn2)c1,-8.287747118
Cc1cnn(Cc2cn([C@H]3CCC(=O)NC3=O)nn2)c1,-8.287276397
O=C1CC[C@H](N2Cc3c(cccc3-c3cc(OS(=O)(=O)F)cc4c3CCC4=O)C2=O)C(=O)N1,-8.423812842
O=C1CC[C@@H](N2Cc3c(cccc3-c3cc(OS(=O)(=O)F)cc4c3CCC4=O)C2=O)C(=O)N1,-8.375585888
O=C1CC[C@H](N2Cc3c(cccc3-c3ccc(OS(=O)(=O)F)c4c3CCC4=O)C2=O)C(=O)N1,-8.398034211
O=C1CC[C@@H](N2Cc3c(cccc3-c3ccc(OS(=O)(=O)F)c4c3CCC4=O)C2=O)C(=O)N1,-8.375152981
O=C1CC[C@H](N2Cc3c(cccc3-c3cccc4c3CCC4=O)C2=O)C(=O)N1,-7.977350587
O=C1CC[C@@H](N2Cc3c(cccc3-c3cccc4c3CCC4=O)C2=O)C(=O)N1,-7.977287237
N#CN1CCC(c2cnc3n2CCC[C@@H]3C(=O)Nc2cccc([C@@H]3CCC(=O)NC3=O)c2)CC1,-7.570831889
N#CN1CCC(c2cnc3n2CCC[C@H]3C(=O)Nc2cccc([C@@H]3CCC(=O)NC3=O)c2)CC1,-7.569842705
N#CN1CCC(c2cnc3n2CCC[C@@H]3C(=O)Nc2cccc([C@H]3CCC(=O)NC3=O)c2)CC1,-7.580260042
N#CN1CCC(c2cnc3n2CCC[C@H]3C(=O)Nc2cccc([C@H]3CCC(=O)NC3=O)c2)CC1,-7.540836466
N#CN1CC[C@H](c2noc3nc(Nc4cccc(N5CCC(=O)NC5=O)c4)[nH]c(=O)c23)C1,-8.012932046
N#CN1CC[C@@H](c2noc3nc(Nc4cccc(N5CCC(=O)NC5=O)c4)[nH]c(=O)c23)C1,-8.007027849
O=C1CC[C@H](n2cc(COc3ccccc3)nn2)C(=O)N1,-8.177871997
O=C1CC[C@@H](n2cc(COc3ccccc3)nn2)C(=O)N1,-8.176726564
O=C1CC[C@H](n2cc(COc3cccc(O)c3)nn2)C(=O)N1,-8.28812198
O=C1CC[C@@H](n2cc(COc3cccc(O)c3)nn2)C(=O)N1,-8.264184227
O=C1CC[C@H](n2cc(COc3ccccc3O)nn2)C(=O)N1,-8.372233662
O=C1CC[C@@H](n2cc(COc3ccccc3O)nn2)C(=O)N1,-8.324784945
N#Cc1cccc(OCc2cn([C@@H]3CCC(=O)NC3=O)nn2)c1,-8.377366219
N#Cc1cccc(OCc2cn([C@H]3CCC(=O)NC3=O)nn2)c1,-8.385507578
O=C1CC[C@H](n2cc(COc3ccc(Cl)cc3)nn2)C(=O)N1,-8.350646151
O=C1CC[C@@H](n2cc(COc3ccc(Cl)cc3)nn2)C(=O)N1,-8.335945421
O=C1CC[C@H](n2cc(COc3cc(F)cc(F)c3)nn2)C(=O)N1,-8.415490694
O=C1CC[C@@H](n2cc(COc3cc(F)cc(F)c3)nn2)C(=O)N1,-8.393468761
O=C1CC[C@H](NC(=O)c2cc(F)ccc2-n2nccn2)C(=O)N1,-8.026316697
O=C1CC[C@@H](NC(=O)c2cc(F)ccc2-n2nccn2)C(=O)N1,-8.026085897
O=C1CC[C@H](N2Cc3cc(CNC(=O)Nc4ccccc4-c4ccccc4)ccc3C2=O)C(=O)N1,-7.883266235
O=C1CC[C@@H](N2Cc3cc(CNC(=O)Nc4ccccc4-c4ccccc4)ccc3C2=O)C(=O)N1,-7.889738269
N#CN1CCC[C@H](c2cccc(-c3coc(C(=O)N[C@@H]4CCC(=O)NC4=O)c3)c2)C1,-7.931807579
N#CN1CCC[C@@H](c2cccc(-c3coc(C(=O)N[C@@H]4CCC(=O)NC4=O)c3)c2)C1,-7.983091415
N#CN1CCC[C@H](c2cccc(-c3coc(C(=O)N[C@H]4CCC(=O)NC4=O)c3)c2)C1,-7.917532497
N#CN1CCC[C@@H](c2cccc(-c3coc(C(=O)N[C@H]4CCC(=O)NC4=O)c3)c2)C1,-7.962482503
O=C1CC[C@H](NC(=O)c2ccc(=O)n3c2CCCC3)C(=O)N1,-8.101205324
O=C1CC[C@@H](NC(=O)c2ccc(=O)n3c2CCCC3)C(=O)N1,-8.104743241
O=C1CC[C@H](NC(=O)c2cc(S(=O)(=O)F)c(=O)n3c2CCCC3)C(=O)N1,-8.450427879
O=C1CC[C@@H](NC(=O)c2cc(S(=O)(=O)F)c(=O)n3c2CCCC3)C(=O)N1,-8.441501683
O=C1CC[C@H](N2Cc3cc(CNC(=O)C4=Cc5ccccc5OC4)ccc3C2=O)C(=O)N1,-7.894868309
O=C1CC[C@@H](N2Cc3cc(CNC(=O)C4=Cc5ccccc5OC4)ccc3C2=O)C(=O)N1,-7.896172251
Cc1cccc2c1OCC(C(=O)NCc1ccc3c(c1)CN([C@@H]1CCC(=O)NC1=O)C3=O)=C2,-7.887480503
Cc1cccc2c1OCC(C(=O)NCc1ccc3c(c1)CN([C@H]1CCC(=O)NC1=O)C3=O)=C2,-7.875818313
Cc1cccc2c1C=C(C(=O)NCc1ccc3c(c1)CN([C@@H]1CCC(=O)NC1=O)C3=O)CO2,-7.884829586
Cc1cccc2c1C=C(C(=O)NCc1ccc3c(c1)CN([C@H]1CCC(=O)NC1=O)C3=O)CO2,-7.879240848
Cc1ccc2c(c1)C=C(C(=O)NCc1ccc3c(c1)CN([C@@H]1CCC(=O)NC1=O)C3=O)CO2,-7.891359789
Cc1ccc2c(c1)C=C(C(=O)NCc1ccc3c(c1)CN([C@H]1CCC(=O)NC1=O)C3=O)CO2,-7.884872458
O=C1CC[C@H](N2Cc3cc(CNC(=O)C4=Cc5c(F)cccc5OC4)ccc3C2=O)C(=O)N1,-7.918969573
O=C1CC[C@@H](N2Cc3cc(CNC(=O)C4=Cc5c(F)cccc5OC4)ccc3C2=O)C(=O)N1,-7.961284581
O=C1CC[C@H](N2Cc3cc(CNC(=O)C4=Cc5cc(F)ccc5OC4)ccc3C2=O)C(=O)N1,-7.94160823
O=C1CC[C@@H](N2Cc3cc(CNC(=O)C4=Cc5cc(F)ccc5OC4)ccc3C2=O)C(=O)N1,-7.927410793
O=C1CC[C@H](N2Cc3cc(CNC(=O)C4=Cc5ccc(F)cc5OC4)ccc3C2=O)C(=O)N1,-7.91956732
O=C1CC[C@@H](N2Cc3cc(CNC(=O)C4=Cc5ccc(F)cc5OC4)ccc3C2=O)C(=O)N1,-7.947566317
O=C1CC[C@H](N2Cc3cc(CNC(=O)C4=Cc5cccc(F)c5OC4)ccc3C2=O)C(=O)N1,-7.929396353
O=C1CC[C@@H](N2Cc3cc(CNC(=O)C4=Cc5cccc(F)c5OC4)ccc3C2=O)C(=O)N1,-7.955459661
COc1cccc2c1C=C(C(=O)NCc1ccc3c(c1)CN([C@@H]1CCC(=O)NC1=O)C3=O)CO2,-7.876837243
COc1cccc2c1C=C(C(=O)NCc1ccc3c(c1)CN([C@H]1CCC(=O)NC1=O)C3=O)CO2,-7.893605256
COc1ccc2c(c1)C=C(C(=O)NCc1ccc3c(c1)CN([C@@H]1CCC(=O)NC1=O)C3=O)CO2,-7.890842754
COc1ccc2c(c1)C=C(C(=O)NCc1ccc3c(c1)CN([C@H]1CCC(=O)NC1=O)C3=O)CO2,-7.860438395
COc1cccc2c1OCC(C(=O)NCc1ccc3c(c1)CN([C@@H]1CCC(=O)NC1=O)C3=O)=C2,-7.887930716
COc1cccc2c1OCC(C(=O)NCc1ccc3c(c1)CN([C@H]1CCC(=O)NC1=O)C3=O)=C2,-7.872859489
O=C1CC[C@H](N2Cc3cc(CNC(=O)C4=Cc5cc(Cl)ccc5OC4)ccc3C2=O)C(=O)N1,-7.95561833
O=C1CC[C@@H](N2Cc3cc(CNC(=O)C4=Cc5cc(Cl)ccc5OC4)ccc3C2=O)C(=O)N1,-7.970616749
O=C1CC[C@H](N2Cc3cc(CNC(=O)C4=Cc5cc(F)cc(F)c5OC4)ccc3C2=O)C(=O)N1,-8.216319338
O=C1CC[C@@H](N2Cc3cc(CNC(=O)C4=Cc5cc(F)cc(F)c5OC4)ccc3C2=O)C(=O)N1,-8.211784755
O=C1CC[C@H](N2Cc3cc(CNC(=O)C4=Cc5cc(F)c(F)cc5OC4)ccc3C2=O)C(=O)N1,-8.168100998
O=C1CC[C@@H](N2Cc3cc(CNC(=O)C4=Cc5cc(F)c(F)cc5OC4)ccc3C2=O)C(=O)N1,-8.16951828
Cc1cc2c(cc1Cl)C=C(C(=O)NCc1ccc3c(c1)CN([C@@H]1CCC(=O)NC1=O)C3=O)CO2,-7.916007956
Cc1cc2c(cc1Cl)C=C(C(=O)NCc1ccc3c(c1)CN([C@H]1CCC(=O)NC1=O)C3=O)CO2,-7.906258535
CC(C)(C)c1ccc2c(c1)C=C(C(=O)NCc1ccc3c(c1)CN([C@@H]1CCC(=O)NC1=O)C3=O)CO2,-7.874448078
CC(C)(C)c1ccc2c(c1)C=C(C(=O)NCc1ccc3c(c1)CN([C@H]1CCC(=O)NC1=O)C3=O)CO2,-7.902658629
O=C1CC[C@H](N2Cc3cc(CNC(=O)C4=Cc5cccc(C(F)(F)F)c5OC4)ccc3C2=O)C(=O)N1,-8.213793944
O=C1CC[C@@H](N2Cc3cc(CNC(=O)C4=Cc5cccc(C(F)(F)F)c5OC4)ccc3C2=O)C(=O)N1,-8.201958077
O=C1CC[C@H](NC(=O)c2cncc(-n3ccnc3)n2)C(=O)N1,-8.207698284
O=C1CC[C@@H](NC(=O)c2cncc(-n3ccnc3)n2)C(=O)N1,-8.207692364
O=C1CC[C@H](c2ccc(NC(=O)[C@@H]3CNCc4ccc(Cl)cc43)cc2)C(=O)N1,-7.583526526
O=C1CC[C@@H](c2ccc(NC(=O)[C@@H]3CNCc4ccc(Cl)cc43)cc2)C(=O)N1,-7.588000543
O=C1CC[C@H](c2ccc(NC(=O)[C@H]3CNCc4ccc(Cl)cc43)cc2)C(=O)N1,-7.604760896
O=C1CC[C@@H](c2ccc(NC(=O)[C@H]3CNCc4ccc(Cl)cc43)cc2)C(=O)N1,-7.604003752
O=C1CC[C@H](NC(=O)c2ncnc3c2OCCO3)C(=O)N1,-8.232743764
O=C1CC[C@@H](NC(=O)c2ncnc3c2OCCO3)C(=O)N1,-8.232498465
N#CN1CCC[C@H](c2ccc(-c3cccc4c3CN([C@@H]3CCC(=O)NC3=O)C4=O)c3c2CNC3)C1,-7.888321857
N#CN1CCC[C@@H](c2ccc(-c3cccc4c3CN([C@@H]3CCC(=O)NC3=O)C4=O)c3c2CNC3)C1,-7.897481921
N#CN1CCC[C@H](c2ccc(-c3cccc4c3CN([C@H]3CCC(=O)NC3=O)C4=O)c3c2CNC3)C1,-7.743027743
N#CN1CCC[C@@H](c2ccc(-c3cccc4c3CN([C@H]3CCC(=O)NC3=O)C4=O)c3c2CNC3)C1,-7.914589319
N#CN1CCC[C@H](c2nc(-c3ccc4c(c3)CN([C@@H]3CCC(=O)NC3=O)C4=O)co2)C1,-7.737235814
N#CN1CCC[C@@H](c2nc(-c3ccc4c(c3)CN([C@@H]3CCC(=O)NC3=O)C4=O)co2)C1,-7.861060654
N#CN1CCC[C@H](c2nc(-c3ccc4c(c3)CN([C@H]3CCC(=O)NC3=O)C4=O)co2)C1,-7.73835181
N#CN1CCC[C@@H](c2nc(-c3ccc4c(c3)CN([C@H]3CCC(=O)NC3=O)C4=O)co2)C1,-7.731184481
N#CN1CC[C@H](c2cccc(-c3snnc3C(=O)N[C@@H]3CCC(=O)NC3=O)c2)C1,-8.288478451
N#CN1CC[C@@H](c2cccc(-c3snnc3C(=O)N[C@@H]3CCC(=O)NC3=O)c2)C1,-8.558905478
N#CN1CC[C@H](c2cccc(-c3snnc3C(=O)N[C@H]3CCC(=O)NC3=O)c2)C1,-8.54059114
N#CN1CC[C@@H](c2cccc(-c3snnc3C(=O)N[C@H]3CCC(=O)NC3=O)c2)C1,-8.445858005
CC1(C)CN(C(=O)c2ccc3c(c2)C(=O)N([C@@H]2CCC(=O)NC2=O)C3=O)C1(C)C,-7.575021792
CC1(C)CN(C(=O)c2ccc3c(c2)C(=O)N([C@H]2CCC(=O)NC2=O)C3=O)C1(C)C,-7.535938345
C[C@]1(CNC(=O)c2ccc3c(c2)C(=O)N([C@@H]2CCC(=O)NC2=O)C3)CCNC1,-7.727199048
C[C@@]1(CNC(=O)c2ccc3c(c2)C(=O)N([C@@H]2CCC(=O)NC2=O)C3)CCNC1,-7.732646425
C[C@]1(CNC(=O)c2ccc3c(c2)C(=O)N([C@H]2CCC(=O)NC2=O)C3)CCNC1,-7.696437922
C[C@@]1(CNC(=O)c2ccc3c(c2)C(=O)N([C@H]2CCC(=O)NC2=O)C3)CCNC1,-8.060356221
O=C1CC[C@H](Nc2nc3cccc(OC(F)F)c3s2)C(=O)N1,-8.231681955
O=C1CC[C@@H](Nc2nc3cccc(OC(F)F)c3s2)C(=O)N1,-8.233049865
O=C1CC[C@H](Nc2nc3c(S(=O)(=O)F)cccc3s2)C(=O)N1,-8.180790938
O=C1CC[C@@H](Nc2nc3c(S(=O)(=O)F)cccc3s2)C(=O)N1,-8.344191004
O=C1CC[C@H](Nc2nc3cc(S(=O)(=O)F)ccc3s2)C(=O)N1,-8.258459844
O=C1CC[C@@H](Nc2nc3cc(S(=O)(=O)F)ccc3s2)C(=O)N1,-8.367856531
O=C1CC[C@H](Nc2nc3ccccc3s2)C(=O)N1,-8.062294311
O=C1CC[C@@H](Nc2nc3ccccc3s2)C(=O)N1,-8.062709307
O=C1CC[C@H](Nc2nc3ccc(F)cc3s2)C(=O)N1,-7.776102103
O=C1CC[C@@H](Nc2nc3ccc(F)cc3s2)C(=O)N1,-7.777621673
COc1ccc2ncc(C(=O)Nc3cccc([C@@H]4CCC(=O)NC4=O)c3)n2n1,-8.062708502
COc1ccc2ncc(C(=O)Nc3cccc([C@H]4CCC(=O)NC4=O)c3)n2n1,-7.825037226
Cc1[nH]c(=O)nc(S)c1C(=O)N[C@@H]1CCC(=O)NC1=O,-8.183306789
Cc1[nH]c(=O)nc(S)c1C(=O)N[C@H]1CCC(=O)NC1=O,-8.182883616
O=C1CC[C@H](NC(=O)c2sccc2-c2ccccc2)C(=O)N1,-7.955010793
O=C1CC[C@@H](NC(=O)c2sccc2-c2ccccc2)C(=O)N1,-7.955333049
N#CN1CCC(c2ccccc2-c2ccc(C(=O)N[C@@H]3CCC(=O)NC3=O)s2)CC1,-7.966874229
N#CN1CCC(c2ccccc2-c2ccc(C(=O)N[C@H]3CCC(=O)NC3=O)s2)CC1,-7.98408804
N#CN1CCC[C@H](c2cccc(-n3cc(C(=O)N[C@@H]4CCC(=O)NC4=O)cn3)n2)C1,-8.115186647
N#CN1CCC[C@@H](c2cccc(-n3cc(C(=O)N[C@@H]4CCC(=O)NC4=O)cn3)n2)C1,-8.132789659
N#CN1CCC[C@H](c2cccc(-n3cc(C(=O)N[C@H]4CCC(=O)NC4=O)cn3)n2)C1,-8.111160426
N#CN1CCC[C@@H](c2cccc(-n3cc(C(=O)N[C@H]4CCC(=O)NC4=O)cn3)n2)C1,-8.115854854
O=C1CC[C@H](NC(=O)c2cc(NC3CC3)ncc2Cl)C(=O)N1,-7.971321753
O=C1CC[C@@H](NC(=O)c2cc(NC3CC3)ncc2Cl)C(=O)N1,-7.985690754
N#CN1CCC[C@H](c2ccnc(-n3cncc3C(=O)N[C@@H]3CCC(=O)NC3=O)c2)C1,-7.871279985
N#CN1CCC[C@@H](c2ccnc(-n3cncc3C(=O)N[C@@H]3CCC(=O)NC3=O)c2)C1,-8.190834228
N#CN1CCC[C@H](c2ccnc(-n3cncc3C(=O)N[C@H]3CCC(=O)NC3=O)c2)C1,-8.147366668
N#CN1CCC[C@@H](c2ccnc(-n3cncc3C(=O)N[C@H]3CCC(=O)NC3=O)c2)C1,-7.916299498
N#CN1CCC[C@H](c2cnccc2-c2ccc(C(=O)N[C@@H]3CCC(=O)NC3=O)cn2)C1,-8.150268252
N#CN1CCC[C@@H](c2cnccc2-c2ccc(C(=O)N[C@@H]3CCC(=O)NC3=O)cn2)C1,-8.161515388
N#CN1CCC[C@H](c2cnccc2-c2ccc(C(=O)N[C@H]3CCC(=O)NC3=O)cn2)C1,-8.188699303
N#CN1CCC[C@@H](c2cnccc2-c2ccc(C(=O)N[C@H]3CCC(=O)NC3=O)cn2)C1,-8.117658805
N#CN1CC[C@H](c2ccc3c(c2)N(c2ccc(C(=O)N[C@@H]4CCC(=O)NC4=O)cc2)CCC3)C1,-7.757128344
N#CN1CC[C@@H](c2ccc3c(c2)N(c2ccc(C(=O)N[C@@H]4CCC(=O)NC4=O)cc2)CCC3)C1,-7.602462209
N#CN1CC[C@H](c2ccc3c(c2)N(c2ccc(C(=O)N[C@H]4CCC(=O)NC4=O)cc2)CCC3)C1,-7.712743291
N#CN1CC[C@@H](c2ccc3c(c2)N(c2ccc(C(=O)N[C@H]4CCC(=O)NC4=O)cc2)CCC3)C1,-7.517039761
O=C1CC[C@H](NC(=O)c2cnnn2Cc2ccccc2)C(=O)N1,-8.146472085
O=C1CC[C@@H](NC(=O)c2cnnn2Cc2ccccc2)C(=O)N1,-8.146911749
Cc1noc(COc2ccc(C(=O)N[C@@H]3CCC(=O)NC3=O)cn2)n1,-8.079922404
Cc1noc(COc2ccc(C(=O)N[C@H]3CCC(=O)NC3=O)cn2)n1,-8.079414774
NC[C@H]1CC[C@@H](NC(=O)c2cccc3c2CN([C@@H]2CCC(=O)NC2=O)C3=O)CC1,-7.681097545
NC[C@H]1CC[C@H](NC(=O)c2cccc3c2CN([C@@H]2CCC(=O)NC2=O)C3=O)CC1,-7.74909131
NC[C@H]1CC[C@@H](NC(=O)c2cccc3c2CN([C@H]2CCC(=O)NC2=O)C3=O)CC1,-7.832478784
NC[C@H]1CC[C@H](NC(=O)c2cccc3c2CN([C@H]2CCC(=O)NC2=O)C3=O)CC1,-7.669821489
O=C1NCc2cc(OCc3cncc(Cl)n3)ccc21,-8.582685316
O=C1CC[C@H](N2Cc3c(cccc3-c3cc4c(c(OS(=O)(=O)F)c3)CCO4)C2=O)C(=O)N1,-7.85838447
O=C1CC[C@@H](N2Cc3c(cccc3-c3cc4c(c(OS(=O)(=O)F)c3)CCO4)C2=O)C(=O)N1,-7.882670941
O=C1CC[C@H](N2Cc3c(cccc3-c3ccc4c(c3)OCC4)C2=O)C(=O)N1,-7.83153335
O=C1CC[C@@H](N2Cc3c(cccc3-c3ccc4c(c3)OCC4)C2=O)C(=O)N1,-7.850972407
Cc1nn(C)c(C)c1-c1cn([C@@H]2CCC(=O)NC2=O)nn1,-8.134646217
Cc1nn(C)c(C)c1-c1cn([C@H]2CCC(=O)NC2=O)nn1,-8.130865555
O=C1CC[C@H](n2cc(-c3c[nH]nc3S(=O)(=O)F)nn2)C(=O)N1,-8.331632373
O=C1CC[C@@H](n2cc(-c3c[nH]nc3S(=O)(=O)F)nn2)C(=O)N1,-8.283393942
O=C1CC[C@H](n2cc(-c3cn[nH]c3S(=O)(=O)F)nn2)C(=O)N1,-8.283544498
O=C1CC[C@@H](n2cc(-c3cn[nH]c3S(=O)(=O)F)nn2)C(=O)N1,-8.305023989
O=C1CC[C@H](n2cc(-c3cn[nH]c3OS(=O)(=O)F)nn2)C(=O)N1,-8.388054279
O=C1CC[C@@H](n2cc(-c3cn[nH]c3OS(=O)(=O)F)nn2)C(=O)N1,-8.438410523
Cn1cc(-c2cn([C@@H]3CCC(=O)NC3=O)nn2)cn1,-8.028820859
Cn1cc(-c2cn([C@H]3CCC(=O)NC3=O)nn2)cn1,-8.029215952
O=C1CC[C@H](n2cc(C[C@H](O)Cc3ccccc3)nn2)C(=O)N1,-7.932989345
O=C1CC[C@@H](n2cc(C[C@H](O)Cc3ccccc3)nn2)C(=O)N1,-7.931693
O=C1CC[C@H](n2cc(C[C@@H](O)Cc3ccccc3)nn2)C(=O)N1,-8.263786424
O=C1CC[C@@H](n2cc(C[C@@H](O)Cc3ccccc3)nn2)C(=O)N1,-8.351333813
N#CN1CCC[C@H](c2cc3c(cc2-c2ncc(C(=O)N[C@@H]4CCC(=O)NC4=O)s2)CCO3)C1,-8.028336362
N#CN1CCC[C@@H](c2cc3c(cc2-c2ncc(C(=O)N[C@@H]4CCC(=O)NC4=O)s2)CCO3)C1,-7.946526934
N#CN1CCC[C@H](c2cc3c(cc2-c2ncc(C(=O)N[C@H]4CCC(=O)NC4=O)s2)CCO3)C1,-8.106202547
N#CN1CCC[C@@H](c2cc3c(cc2-c2ncc(C(=O)N[C@H]4CCC(=O)NC4=O)s2)CCO3)C1,-8.122518103
CC[C@]1(c2ccc(NC(=O)Cn3nc(C)cc3C)cc2)CCC(=O)NC1=O,-7.858782247
CC[C@@]1(c2ccc(NC(=O)Cn3nc(C)cc3C)cc2)CCC(=O)NC1=O,-7.869700898
N#CN1CC[C@H](c2cccc(NC(=O)c3ccc4c(c3)C(=O)N([C@@H]3CCC(=O)NC3=O)C4)c2)C1,-7.893784974
N#CN1CC[C@@H](c2cccc(NC(=O)c3ccc4c(c3)C(=O)N([C@@H]3CCC(=O)NC3=O)C4)c2)C1,-7.885004181
N#CN1CC[C@H](c2cccc(NC(=O)c3ccc4c(c3)C(=O)N([C@H]3CCC(=O)NC3=O)C4)c2)C1,-7.816721697
N#CN1CC[C@@H](c2cccc(NC(=O)c3ccc4c(c3)C(=O)N([C@H]3CCC(=O)NC3=O)C4)c2)C1,-8.04349871
O=C1CC[C@H](n2c(=O)oc3ccccc32)C(=O)N1,-8.135915801
O=C1CC[C@@H](n2c(=O)oc3ccccc32)C(=O)N1,-8.136756033
O=C1CC[C@H](n2c(=O)oc3c(S(=O)(=O)F)cccc32)C(=O)N1,-8.511557064
O=C1CC[C@@H](n2c(=O)oc3c(S(=O)(=O)F)cccc32)C(=O)N1,-8.511276297
O=C1CC[C@H](N2Cc3cc(NC(=O)c4ccc(Sc5ccccc5)cc4)ccc3C2=O)C(=O)N1,-7.84226489
O=C1CC[C@@H](N2Cc3cc(NC(=O)c4ccc(Sc5ccccc5)cc4)ccc3C2=O)C(=O)N1,-7.856730993
N#CN1CC[C@H](c2ccc(-c3cccc4c3CN([C@@H]3CCC(=O)NC3=O)C4=O)cc2C2CCC2)C1,-7.945910544
N#CN1CC[C@@H](c2ccc(-c3cccc4c3CN([C@@H]3CCC(=O)NC3=O)C4=O)cc2C2CCC2)C1,-7.938338794
N#CN1CC[C@H](c2ccc(-c3cccc4c3CN([C@H]3CCC(=O)NC3=O)C4=O)cc2C2CCC2)C1,-7.961823714
N#CN1CC[C@@H](c2ccc(-c3cccc4c3CN([C@H]3CCC(=O)NC3=O)C4=O)cc2C2CCC2)C1,-7.934587928
N#CN1CCC[C@H](c2c[nH]nc2-c2cccc(C(=O)N[C@@H]3CCC(=O)NC3=O)c2)C1,-7.858070843
N#CN1CCC[C@@H](c2c[nH]nc2-c2cccc(C(=O)N[C@@H]3CCC(=O)NC3=O)c2)C1,-7.860452269
N#CN1CCC[C@H](c2c[nH]nc2-c2cccc(C(=O)N[C@H]3CCC(=O)NC3=O)c2)C1,-7.995860639
N#CN1CCC[C@@H](c2c[nH]nc2-c2cccc(C(=O)N[C@H]3CCC(=O)NC3=O)c2)C1,-7.751354695
O=C1CC[C@H](N2C(=O)c3cc4c(cc3C2=O)CNC4)C(=O)N1,-8.676328292
O=C1CC[C@@H](N2C(=O)c3cc4c(cc3C2=O)CNC4)C(=O)N1,-8.67570167
CN1Cc2cc3c(cc2C1)C(=O)N([C@@H]1CCC(=O)NC1=O)C3=O,-8.293675719
CN1Cc2cc3c(cc2C1)C(=O)N([C@H]1CCC(=O)NC1=O)C3=O,-8.632507104
CC1(C)CCCN(C(=O)Nc2ccc3c(c2)CN([C@@H]2CCC(=O)NC2=O)C3=O)C1,-7.934633372
CC1(C)CCCN(C(=O)Nc2ccc3c(c2)CN([C@H]2CCC(=O)NC2=O)C3=O)C1,-7.904505896
CC[C@]1(c2ccc(NC(=O)c3c[nH]c(C)n3)cc2)CCC(=O)NC1=O,-7.393001387
CC[C@@]1(c2ccc(NC(=O)c3c[nH]c(C)n3)cc2)CCC(=O)NC1=O,-7.408547076
O=C1CC[C@H](N2C(=O)c3cccc(NC(=O)C4CCC4)c3C2=O)C(=O)N1,-8.831986505
O=C1CC[C@@H](N2C(=O)c3cccc(NC(=O)C4CCC4)c3C2=O)C(=O)N1,-8.830397147
N#CN1CC[C@H](c2ccc(-c3csc(C(=O)N[C@@H]4CCC(=O)NC4=O)c3)cc2)C1,-7.965907249
N#CN1CC[C@@H](c2ccc(-c3csc(C(=O)N[C@@H]4CCC(=O)NC4=O)c3)cc2)C1,-7.997384386
N#CN1CC[C@H](c2ccc(-c3csc(C(=O)N[C@H]4CCC(=O)NC4=O)c3)cc2)C1,-7.996751675
N#CN1CC[C@@H](c2ccc(-c3csc(C(=O)N[C@H]4CCC(=O)NC4=O)c3)cc2)C1,-8.016209555
O=C1CC[C@H](N2Cc3c(cccc3-c3ccc(C4CC4)cc3)C2=O)C(=O)N1,-7.854002372
O=C1CC[C@@H](N2Cc3c(cccc3-c3ccc(C4CC4)cc3)C2=O)C(=O)N1,-7.851091361
O=C1CC[C@H](N2Cc3c(cccc3-c3ccc(C4CC4)cc3Cl)C2=O)C(=O)N1,-7.839120937
O=C1CC[C@@H](N2Cc3c(cccc3-c3ccc(C4CC4)cc3Cl)C2=O)C(=O)N1,-7.839459452
O=C1CC[C@H](NC(=O)c2[nH]cnc2-c2ccccc2)C(=O)N1,-7.984069879
O=C1CC[C@@H](NC(=O)c2[nH]cnc2-c2ccccc2)C(=O)N1,-7.887117939
Cn1cnc(-c2ccc(F)cc2)c1C(=O)N[C@@H]1CCC(=O)NC1=O,-7.983857338
Cn1cnc(-c2ccc(F)cc2)c1C(=O)N[C@H]1CCC(=O)NC1=O,-8.038385686
C[C@H](Cn1ncc2c1CCCC2)C(=O)Nc1ccc([C@@H]2CCC(=O)NC2=O)cc1,-7.627852381
C[C@@H](Cn1ncc2c1CCCC2)C(=O)Nc1ccc([C@@H]2CCC(=O)NC2=O)cc1,-7.599467315
C[C@H](Cn1ncc2c1CCCC2)C(=O)Nc1ccc([C@H]2CCC(=O)NC2=O)cc1,-7.650350248
C[C@@H](Cn1ncc2c1CCCC2)C(=O)Nc1ccc([C@H]2CCC(=O)NC2=O)cc1,-7.644551336
O=C1CC[C@H](N2Cc3c(ccc4c3OCC43CCN(CC4CCCCC4)CC3)C2=O)C(=O)N1,-7.79349833
O=C1CC[C@@H](N2Cc3c(ccc4c3OCC43CCN(CC4CCCCC4)CC3)C2=O)C(=O)N1,-7.759593786
O=C1CC[C@H](NC(=O)c2ccc(CNC(=O)c3ncc4ccccn34)o2)C(=O)N1,-8.968371416
O=C1CC[C@@H](NC(=O)c2ccc(CNC(=O)c3ncc4ccccn34)o2)C(=O)N1,-8.966729722
O=C1CC[C@H](N2Cc3cc(C4CCCCC4)cc(OS(=O)(=O)F)c3C2=O)C(=O)N1,-7.988884451
O=C1CC[C@@H](N2Cc3cc(C4CCCCC4)cc(OS(=O)(=O)F)c3C2=O)C(=O)N1,-7.95002466
O=C1CC[C@H](N2Cc3cc(C4CCCCC4)ccc3C2=O)C(=O)N1,-7.827627313
O=C1CC[C@@H](N2Cc3cc(C4CCCCC4)ccc3C2=O)C(=O)N1,-7.825239729
O=C1CC[C@H](N2Cc3cc(-c4cccc(-c5ncccn5)n4)ccc3C2=O)C(=O)N1,-7.895113959
O=C1CC[C@@H](N2Cc3cc(-c4cccc(-c5ncccn5)n4)ccc3C2=O)C(=O)N1,-7.907010806
CN(C)[C@H](C(=O)Nc1ccc([C@@H]2CCC(=O)NC2=O)cc1)c1cncn1C,-7.649344207
CN(C)[C@@H](C(=O)Nc1ccc([C@@H]2CCC(=O)NC2=O)cc1)c1cncn1C,-7.639930908
CN(C)[C@H](C(=O)Nc1ccc([C@H]2CCC(=O)NC2=O)cc1)c1cncn1C,-7.643467622
CN(C)[C@@H](C(=O)Nc1ccc([C@H]2CCC(=O)NC2=O)cc1)c1cncn1C,-7.646550723
N#CN1CC[C@H](c2ccnc(-c3nc(C(=O)N[C@@H]4CCC(=O)NC4=O)cs3)c2)C1,-8.517015024
N#CN1CC[C@@H](c2ccnc(-c3nc(C(=O)N[C@@H]4CCC(=O)NC4=O)cs3)c2)C1,-8.2682491
N#CN1CC[C@H](c2ccnc(-c3nc(C(=O)N[C@H]4CCC(=O)NC4=O)cs3)c2)C1,-8.245517931
N#CN1CC[C@@H](c2ccnc(-c3nc(C(=O)N[C@H]4CCC(=O)NC4=O)cs3)c2)C1,-8.272663636
O=C1CC[C@H](NC(=O)c2cc3c(S(=O)(=O)F)ccnn3n2)C(=O)N1,-9.309184912
O=C1CC[C@@H](NC(=O)c2cc3c(S(=O)(=O)F)ccnn3n2)C(=O)N1,-8.917769194
O=C1CC[C@H](NC(=O)c2cc3ccc(S(=O)(=O)F)nn3n2)C(=O)N1,-9.306714806
O=C1CC[C@@H](NC(=O)c2cc3ccc(S(=O)(=O)F)nn3n2)C(=O)N1,-8.959443955
O=C1CC[C@H](NC(=O)c2cc3cccnn3n2)C(=O)N1,-8.196575279
O=C1CC[C@@H](NC(=O)c2cc3cccnn3n2)C(=O)N1,-8.197087607
N#CN1CCC[C@H](c2ccnc(-c3ccc4c(c3)CN([C@@H]3CCC(=O)NC3=O)C4=O)n2)C1,-8.065235543
N#CN1CCC[C@@H](c2ccnc(-c3ccc4c(c3)CN([C@@H]3CCC(=O)NC3=O)C4=O)n2)C1,-7.993043153
N#CN1CCC[C@H](c2ccnc(-c3ccc4c(c3)CN([C@H]3CCC(=O)NC3=O)C4=O)n2)C1,-8.074149802
N#CN1CCC[C@@H](c2ccnc(-c3ccc4c(c3)CN([C@H]3CCC(=O)NC3=O)C4=O)n2)C1,-8.069701596
N#CN1CCC[C@H](c2cccc(-c3cc(C(=O)N[C@@H]4CCC(=O)NC4=O)on3)c2)C1,-8.072868181
N#CN1CCC[C@@H](c2cccc(-c3cc(C(=O)N[C@@H]4CCC(=O)NC4=O)on3)c2)C1,-7.92342895
N#CN1CCC[C@H](c2cccc(-c3cc(C(=O)N[C@H]4CCC(=O)NC4=O)on3)c2)C1,-7.837250804
N#CN1CCC[C@@H](c2cccc(-c3cc(C(=O)N[C@H]4CCC(=O)NC4=O)on3)c2)C1,-7.93125948
COCCCn1cc(C)c(NC(=O)Nc2ccc([C@@H]3CCC(=O)NC3=O)cc2)n1,-7.562082901
COCCCn1cc(C)c(NC(=O)Nc2ccc([C@H]3CCC(=O)NC3=O)cc2)n1,-7.558482184
CCc1nn(C)c(C(=O)N[C@@H]2CCC(=O)NC2=O)c1Cl,-7.902192844
CCc1nn(C)c(C(=O)N[C@H]2CCC(=O)NC2=O)c1Cl,-7.941398344
Cn1nccc1C(=O)N[C@@H]1CCC(=O)NC1=O,-7.98217843
Cn1nccc1C(=O)N[C@H]1CCC(=O)NC1=O,-7.980290974
CCC(CC)n1nc(C)cc1C(=O)N[C@@H]1CCC(=O)NC1=O,-7.993831736
CCC(CC)n1nc(C)cc1C(=O)N[C@H]1CCC(=O)NC1=O,-7.99121625
COCCOCCn1nccc1C(=O)N[C@@H]1CCC(=O)NC1=O,-7.772135277
COCCOCCn1nccc1C(=O)N[C@H]1CCC(=O)NC1=O,-7.702149581
CCOc1n[nH]c(C(=O)N[C@@H]2CCC(=O)NC2=O)c1Br,-7.995815599
CCOc1n[nH]c(C(=O)N[C@H]2CCC(=O)NC2=O)c1Br,-7.996013608
CCc1c(C)n[nH]c1C(=O)N[C@@H]1CCC(=O)NC1=O,-7.743410465
CCc1c(C)n[nH]c1C(=O)N[C@H]1CCC(=O)NC1=O,-7.737970973
CCCC[C@](C)(F)C(=O)NCc1cc(C(=O)N[C@@H]2CCC(=O)NC2=O)[nH]n1,-8.077371468
CCCC[C@@](C)(F)C(=O)NCc1cc(C(=O)N[C@@H]2CCC(=O)NC2=O)[nH]n1,-8.100396546
CCCC[C@](C)(F)C(=O)NCc1cc(C(=O)N[C@H]2CCC(=O)NC2=O)[nH]n1,-8.028736321
CCCC[C@@](C)(F)C(=O)NCc1cc(C(=O)N[C@H]2CCC(=O)NC2=O)[nH]n1,-8.037141631
CC[C@H](C)n1nccc1C(=O)N[C@@H]1CCC(=O)NC1=O,-8.02688205
CC[C@@H](C)n1nccc1C(=O)N[C@@H]1CCC(=O)NC1=O,-8.021258768
CC[C@H](C)n1nccc1C(=O)N[C@H]1CCC(=O)NC1=O,-8.020793489
CC[C@@H](C)n1nccc1C(=O)N[C@H]1CCC(=O)NC1=O,-8.027063325
CCn1nc(CN)cc1C(=O)N[C@@H]1CCC(=O)NC1=O,-8.063712079
CCn1nc(CN)cc1C(=O)N[C@H]1CCC(=O)NC1=O,-8.05850251
Cc1cnn(CCO)c1C(=O)N[C@@H]1CCC(=O)NC1=O,-8.12584173
Cc1cnn(CCO)c1C(=O)N[C@H]1CCC(=O)NC1=O,-8.122704125
CCN1CCC[C@H](Oc2ccc3c(c2)CN([C@@H]2CCC(=O)NC2=O)C3=O)C1,-7.802854927
CCN1CCC[C@@H](Oc2ccc3c(c2)CN([C@@H]2CCC(=O)NC2=O)C3=O)C1,-7.89811255
CCN1CCC[C@H](Oc2ccc3c(c2)CN([C@H]2CCC(=O)NC2=O)C3=O)C1,-7.773951608
CCN1CCC[C@@H](Oc2ccc3c(c2)CN([C@H]2CCC(=O)NC2=O)C3=O)C1,-7.78919547
CCN1C[C@H](Oc2ccc3c(c2)CN([C@@H]2CCC(=O)NC2=O)C3=O)CC[C@@H]1C,-7.789643162
CCN1C[C@@H](Oc2ccc3c(c2)CN([C@@H]2CCC(=O)NC2=O)C3=O)CC[C@@H]1C,-7.818200229
CCN1C[C@H](Oc2ccc3c(c2)CN([C@H]2CCC(=O)NC2=O)C3=O)CC[C@@H]1C,-7.796067723
CCN1C[C@@H](Oc2ccc3c(c2)CN([C@H]2CCC(=O)NC2=O)C3=O)CC[C@@H]1C,-7.804988483
CCN1C[C@H](Oc2ccc3c(c2)CN([C@@H]2CCC(=O)NC2=O)C3=O)CC[C@H]1C,-7.799309198
CCN1C[C@@H](Oc2ccc3c(c2)CN([C@@H]2CCC(=O)NC2=O)C3=O)CC[C@H]1C,-7.787822211
CCN1C[C@H](Oc2ccc3c(c2)CN([C@H]2CCC(=O)NC2=O)C3=O)CC[C@H]1C,-7.813148399
CCN1C[C@@H](Oc2ccc3c(c2)CN([C@H]2CCC(=O)NC2=O)C3=O)CC[C@H]1C,-7.791980272
CCN1C[C@H](C)C[C@H](Oc2ccc3c(c2)CN([C@@H]2CCC(=O)NC2=O)C3=O)C1,-7.797621831
CCN1C[C@@H](C)C[C@H](Oc2ccc3c(c2)CN([C@@H]2CCC(=O)NC2=O)C3=O)C1,-7.81779856
CCN1C[C@H](C)C[C@@H](Oc2ccc3c(c2)CN([C@@H]2CCC(=O)NC2=O)C3=O)C1,-7.81888874
CCN1C[C@@H](C)C[C@@H](Oc2ccc3c(c2)CN([C@@H]2CCC(=O)NC2=O)C3=O)C1,-7.814370341
CCN1C[C@H](C)C[C@H](Oc2ccc3c(c2)CN([C@H]2CCC(=O)NC2=O)C3=O)C1,-7.791022559
CCN1C[C@@H](C)C[C@H](Oc2ccc3c(c2)CN([C@H]2CCC(=O)NC2=O)C3=O)C1,-7.78959826
CCN1C[C@H](C)C[C@@H](Oc2ccc3c(c2)CN([C@H]2CCC(=O)NC2=O)C3=O)C1,-7.864805986
CCN1C[C@@H](C)C[C@@H](Oc2ccc3c(c2)CN([C@H]2CCC(=O)NC2=O)C3=O)C1,-7.815283539
N#CN1CC[C@H](c2cc3c(cc2-c2ccc4c(c2)C(=O)N([C@@H]2CCC(=O)NC2=O)C4)CCC3)C1,-7.866703418
N#CN1CC[C@@H](c2cc3c(cc2-c2ccc4c(c2)C(=O)N([C@@H]2CCC(=O)NC2=O)C4)CCC3)C1,-7.921964305
N#CN1CC[C@H](c2cc3c(cc2-c2ccc4c(c2)C(=O)N([C@H]2CCC(=O)NC2=O)C4)CCC3)C1,-7.857195523
N#CN1CC[C@@H](c2cc3c(cc2-c2ccc4c(c2)C(=O)N([C@H]2CCC(=O)NC2=O)C4)CCC3)C1,-7.857291421
CCCCc1cc(C(=O)N[C@@H]2CCC(=O)NC2=O)c(C)o1,-7.850488815
CCCCc1cc(C(=O)N[C@H]2CCC(=O)NC2=O)c(C)o1,-7.861638277
O=C1CC[C@H](NC(=O)c2cocc2Br)C(=O)N1,-8.076642841
O=C1CC[C@@H](NC(=O)c2cocc2Br)C(=O)N1,-8.076238121
Cc1cc(C(=O)N[C@@H]2CCC(=O)NC2=O)c(C(F)(F)F)o1,-7.978954105
Cc1cc(C(=O)N[C@H]2CCC(=O)NC2=O)c(C(F)(F)F)o1,-7.980612375
CC(C)c1cc(C(=O)N[C@@H]2CCC(=O)NC2=O)c(C(C)C)o1,-7.86227967
CC(C)c1cc(C(=O)N[C@H]2CCC(=O)NC2=O)c(C(C)C)o1,-7.862610901
CN(C)S(=O)(=O)c1cc(C(=O)N[C@@H]2CCC(=O)NC2=O)co1,-7.952201134
CN(C)S(=O)(=O)c1cc(C(=O)N[C@H]2CCC(=O)NC2=O)co1,-7.953622455
CC(C)c1occ(C(F)(F)F)c1C(=O)N[C@@H]1CCC(=O)NC1=O,-7.933087195
CC(C)c1occ(C(F)(F)F)c1C(=O)N[C@H]1CCC(=O)NC1=O,-7.934373891
O=C1CC[C@H](NC(=O)c2ccoc2)C(=O)N1,-7.945413326
O=C1CC[C@@H](NC(=O)c2ccoc2)C(=O)N1,-7.945112289
O=C1CC[C@H](c2ccc(NC(=O)c3cncn3-c3ccc(O)cc3)cc2)C(=O)N1,-7.673329872
O=C1CC[C@@H](c2ccc(NC(=O)c3cncn3-c3ccc(O)cc3)cc2)C(=O)N1,-7.68726821
N#CN1CCC[C@H](c2cccc(-n3ccc(C(=O)N[C@@H]4CCC(=O)NC4=O)n3)c2)C1,-7.696467854
N#CN1CCC[C@@H](c2cccc(-n3ccc(C(=O)N[C@@H]4CCC(=O)NC4=O)n3)c2)C1,-7.974384837
N#CN1CCC[C@H](c2cccc(-n3ccc(C(=O)N[C@H]4CCC(=O)NC4=O)n3)c2)C1,-7.704344554
N#CN1CCC[C@@H](c2cccc(-n3ccc(C(=O)N[C@H]4CCC(=O)NC4=O)n3)c2)C1,-7.553723704
N#CN1CCC[C@H](c2cccc3c2C[C@H](c2nc(C(=O)N[C@@H]4CCC(=O)NC4=O)cs2)O3)C1,-8.062540628
N#CN1CCC[C@@H](c2cccc3c2C[C@H](c2nc(C(=O)N[C@@H]4CCC(=O)NC4=O)cs2)O3)C1,-8.078377657
N#CN1CCC[C@H](c2cccc3c2C[C@@H](c2nc(C(=O)N[C@@H]4CCC(=O)NC4=O)cs2)O3)C1,-7.686001837
N#CN1CCC[C@@H](c2cccc3c2C[C@@H](c2nc(C(=O)N[C@@H]4CCC(=O)NC4=O)cs2)O3)C1,-7.933791281
N#CN1CCC[C@H](c2cccc3c2C[C@H](c2nc(C(=O)N[C@H]4CCC(=O)NC4=O)cs2)O3)C1,-7.893962367
N#CN1CCC[C@@H](c2cccc3c2C[C@H](c2nc(C(=O)N[C@H]4CCC(=O)NC4=O)cs2)O3)C1,-8.068855666
N#CN1CCC[C@H](c2cccc3c2C[C@@H](c2nc(C(=O)N[C@H]4CCC(=O)NC4=O)cs2)O3)C1,-7.821411564
N#CN1CCC[C@@H](c2cccc3c2C[C@@H](c2nc(C(=O)N[C@H]4CCC(=O)NC4=O)cs2)O3)C1,-7.893272968
N#CN1CC[C@H](c2cccc3c2OC(C(=O)Nc2ccc([C@@H]4CCC(=O)NC4=O)cc2)=CO3)C1,-7.8576694
N#CN1CC[C@@H](c2cccc3c2OC(C(=O)Nc2ccc([C@@H]4CCC(=O)NC4=O)cc2)=CO3)C1,-7.859156358
N#CN1CC[C@H](c2cccc3c2OC(C(=O)Nc2ccc([C@H]4CCC(=O)NC4=O)cc2)=CO3)C1,-7.883011804
N#CN1CC[C@@H](c2cccc3c2OC(C(=O)Nc2ccc([C@H]4CCC(=O)NC4=O)cc2)=CO3)C1,-7.837120237
N#CN1CCC[C@H](c2nccc3oc(-c4cccc(N5CCC(=O)NC5=O)c4)cc23)C1,-7.945285
N#CN1CCC[C@@H](c2nccc3oc(-c4cccc(N5CCC(=O)NC5=O)c4)cc23)C1,-7.964636155
N#CN1CC[C@H](c2cnccc2-c2ccc3c(c2)CN([C@@H]2CCC(=O)NC2=O)C3=O)C1,-7.981949766
N#CN1CC[C@@H](c2cnccc2-c2ccc3c(c2)CN([C@@H]2CCC(=O)NC2=O)C3=O)C1,-7.879267325
N#CN1CC[C@H](c2cnccc2-c2ccc3c(c2)CN([C@H]2CCC(=O)NC2=O)C3=O)C1,-7.917520162
N#CN1CC[C@@H](c2cnccc2-c2ccc3c(c2)CN([C@H]2CCC(=O)NC2=O)C3=O)C1,-7.983246499
O=C1CC[C@H](N2Cc3c(cccc3-c3ccc4nc[nH]c4c3)C2=O)C(=O)N1,-7.880574935
O=C1CC[C@@H](N2Cc3c(cccc3-c3ccc4nc[nH]c4c3)C2=O)C(=O)N1,-7.884266789
O=C1CC[C@H](N2C(=O)c3ccc(NC(=O)Cn4cnnn4)cc3C2=O)C(=O)N1,-8.896307489
O=C1CC[C@@H](N2C(=O)c3ccc(NC(=O)Cn4cnnn4)cc3C2=O)C(=O)N1,-8.897453691
O=C1CC[C@H](NC(=O)c2cn(C(F)F)ccc2=O)C(=O)N1,-7.948108616
O=C1CC[C@@H](NC(=O)c2cn(C(F)F)ccc2=O)C(=O)N1,-8.651497507
COCCn1cc(C(=O)N[C@@H]2CCC(=O)NC2=O)c(=O)cc1C,-7.535307298
COCCn1cc(C(=O)N[C@H]2CCC(=O)NC2=O)c(=O)cc1C,-7.537482095
O=C1CC[C@H](NC(=O)c2c(-c3ccccc3)nn3ccccc23)C(=O)N1,-7.884147772
O=C1CC[C@@H](NC(=O)c2c(-c3ccccc3)nn3ccccc23)C(=O)N1,-7.884363581
N#CN1CC[C@H](c2cccnc2-c2nc(C(=O)N[C@@H]3CCC(=O)NC3=O)cs2)C1,-8.194844574
N#CN1CC[C@@H](c2cccnc2-c2nc(C(=O)N[C@@H]3CCC(=O)NC3=O)cs2)C1,-8.457295924
N#CN1CC[C@H](c2cccnc2-c2nc(C(=O)N[C@H]3CCC(=O)NC3=O)cs2)C1,-8.315271864
N#CN1CC[C@@H](c2cccnc2-c2nc(C(=O)N[C@H]3CCC(=O)NC3=O)cs2)C1,-8.50238561
N#CN1CCC[C@H](c2ccnc(-c3nc(C(=O)N[C@@H]4CCC(=O)NC4=O)cs3)c2)C1,-8.372843049
N#CN1CCC[C@@H](c2ccnc(-c3nc(C(=O)N[C@@H]4CCC(=O)NC4=O)cs3)c2)C1,-8.272976725
N#CN1CCC[C@H](c2ccnc(-c3nc(C(=O)N[C@H]4CCC(=O)NC4=O)cs3)c2)C1,-8.274270713
N#CN1CCC[C@@H](c2ccnc(-c3nc(C(=O)N[C@H]4CCC(=O)NC4=O)cs3)c2)C1,-8.264897157
O=C1NCc2cc(-c3ccc4c(c3)S(=O)(=O)NCCO4)ccc21,-7.598752477
O=C1CC[C@H](NC(=O)c2c[nH]c(=O)n(-c3ccccc3)c2=O)C(=O)N1,-8.110171306
O=C1CC[C@@H](NC(=O)c2c[nH]c(=O)n(-c3ccccc3)c2=O)C(=O)N1,-8.121105586
O=C1CC[C@H](N2Cc3cc(C(=O)NC4CCCC4)ccc3C2=O)C(=O)N1,-7.741171781
O=C1CC[C@@H](N2Cc3cc(C(=O)NC4CCCC4)ccc3C2=O)C(=O)N1,-7.744816549
O=C1CC[C@H](NC(=O)c2[nH]ncc2CNC(=O)c2cn3c(n2)CCC3)C(=O)N1,-7.47696565
O=C1CC[C@@H](NC(=O)c2[nH]ncc2CNC(=O)c2cn3c(n2)CCC3)C(=O)N1,-7.467240422
Cc1cc(C)nc(-n2[nH]c(C(=O)N[C@@H]3CCC(=O)NC3=O)c(CCO)c2=O)n1,-8.020635021
Cc1cc(C)nc(-n2[nH]c(C(=O)N[C@H]3CCC(=O)NC3=O)c(CCO)c2=O)n1,-8.302269465
O=C1CC[C@H](c2ccc(NC(=O)Cc3c[nH]c4nccc(Cl)c34)cc2)C(=O)N1,-7.645689115
O=C1CC[C@@H](c2ccc(NC(=O)Cc3c[nH]c4nccc(Cl)c34)cc2)C(=O)N1,-7.641376713
O=C1CC[C@H](Nc2ccc(NC(=O)[C@@H]3CCCC4(CCCCC4)O3)cc2)C(=O)N1,-7.879523646
O=C1CC[C@@H](Nc2ccc(NC(=O)[C@@H]3CCCC4(CCCCC4)O3)cc2)C(=O)N1,-7.916419911
O=C1CC[C@H](Nc2ccc(NC(=O)[C@H]3CCCC4(CCCCC4)O3)cc2)C(=O)N1,-7.883510741
O=C1CC[C@@H](Nc2ccc(NC(=O)[C@H]3CCCC4(CCCCC4)O3)cc2)C(=O)N1,-7.887529604
COc1ccc2c(c1OC)CN(C1=CC(=O)N([C@@H]3CCC(=O)NC3=O)C1=O)CC2,-7.915722199
COc1ccc2c(c1OC)CN(C1=CC(=O)N([C@H]3CCC(=O)NC3=O)C1=O)CC2,-7.966755967
O=C1CC[C@H](N2Cc3cc(C(=O)NC4CC4)ccc3C2=O)C(=O)N1,-7.472550863
O=C1CC[C@@H](N2Cc3cc(C(=O)NC4CC4)ccc3C2=O)C(=O)N1,-7.939069448
CC1(NC(=O)c2ccc3c(c2)CN([C@@H]2CCC(=O)NC2=O)C3=O)CC1,-7.709940264
CC1(NC(=O)c2ccc3c(c2)CN([C@H]2CCC(=O)NC2=O)C3=O)CC1,-7.710312157
CN(C(=O)c1ccc2c(c1)CN([C@@H]1CCC(=O)NC1=O)C2=O)C1CC1,-7.985981208
CN(C(=O)c1ccc2c(c1)CN([C@H]1CCC(=O)NC1=O)C2=O)C1CC1,-7.983680677
N#CN1CCC[C@H](c2cccc(-n3cncc3C(=O)N[C@@H]3CCC(=O)NC3=O)n2)C1,-8.052840906
N#CN1CCC[C@@H](c2cccc(-n3cncc3C(=O)N[C@@H]3CCC(=O)NC3=O)n2)C1,-8.230805473
N#CN1CCC[C@H](c2cccc(-n3cncc3C(=O)N[C@H]3CCC(=O)NC3=O)n2)C1,-8.116300346
N#CN1CCC[C@@H](c2cccc(-n3cncc3C(=O)N[C@H]3CCC(=O)NC3=O)n2)C1,-8.006979057
Cn1c(=O)n(C)c2c(C(=O)N[C@@H]3CCC(=O)NC3=O)cccc21,-8.54726283
Cn1c(=O)n(C)c2c(C(=O)N[C@H]3CCC(=O)NC3=O)cccc21,-8.576521807
CC(C)(C)Cn1c(=O)[nH]c2cccc(C(=O)N[C@@H]3CCC(=O)NC3=O)c21,-8.103194786
CC(C)(C)Cn1c(=O)[nH]c2cccc(C(=O)N[C@H]3CCC(=O)NC3=O)c21,-8.110196369
Cn1c(=O)[nH]c2c(C(=O)N[C@@H]3CCC(=O)NC3=O)cc(Br)cc21,-8.183817543
Cn1c(=O)[nH]c2c(C(=O)N[C@H]3CCC(=O)NC3=O)cc(Br)cc21,-8.183984449
O=C1CC[C@H](NC(=O)c2cc3ncnn3cn2)C(=O)N1,-8.82453171
O=C1CC[C@@H](NC(=O)c2cc3ncnn3cn2)C(=O)N1,-8.715078605
N#CN1CCC[C@H](c2cncnc2Nc2cccc3c2CN([C@@H]2CCC(=O)NC2=O)C3=O)C1,-7.844087999
N#CN1CCC[C@@H](c2cncnc2Nc2cccc3c2CN([C@@H]2CCC(=O)NC2=O)C3=O)C1,-8.090509318
N#CN1CCC[C@H](c2cncnc2Nc2cccc3c2CN([C@H]2CCC(=O)NC2=O)C3=O)C1,-7.663922776
N#CN1CCC[C@@H](c2cncnc2Nc2cccc3c2CN([C@H]2CCC(=O)NC2=O)C3=O)C1,-7.9209775
O=C(/C=C/c1cnn(-c2ccccc2)c1)Nc1ccc2c(c1)C(=O)NC2,-7.500421392
O=C(/C=C\c1cnn(-c2ccccc2)c1)Nc1ccc2c(c1)C(=O)NC2,-7.63378744
O=C1CC[C@H](NC(=O)c2cc(CNC(=O)[C@H](O)c3ccsc3)n[nH]2)C(=O)N1,-8.020054597
O=C1CC[C@@H](NC(=O)c2cc(CNC(=O)[C@H](O)c3ccsc3)n[nH]2)C(=O)N1,-8.05682456
O=C1CC[C@H](NC(=O)c2cc(CNC(=O)[C@@H](O)c3ccsc3)n[nH]2)C(=O)N1,-8.121152519
O=C1CC[C@@H](NC(=O)c2cc(CNC(=O)[C@@H](O)c3ccsc3)n[nH]2)C(=O)N1,-8.113649777
CC[C@]1(c2ccc(NC[C@@H]3C[C@H]4C=C[C@@H]3C4)cc2)CCC(=O)NC1=O,-7.403183345
CC[C@@]1(c2ccc(NC[C@@H]3C[C@H]4C=C[C@@H]3C4)cc2)CCC(=O)NC1=O,-7.39634387
CC[C@]1(c2ccc(NC[C@H]3C[C@H]4C=C[C@@H]3C4)cc2)CCC(=O)NC1=O,-7.407364406
CC[C@@]1(c2ccc(NC[C@H]3C[C@H]4C=C[C@@H]3C4)cc2)CCC(=O)NC1=O,-7.380930786
CC[C@]1(c2ccc(NC[C@@H]3C[C@@H]4C=C[C@H]3C4)cc2)CCC(=O)NC1=O,-7.390185837
CC[C@@]1(c2ccc(NC[C@@H]3C[C@@H]4C=C[C@H]3C4)cc2)CCC(=O)NC1=O,-7.397018971
CC[C@]1(c2ccc(NC[C@H]3C[C@@H]4C=C[C@H]3C4)cc2)CCC(=O)NC1=O,-7.397964257
CC[C@@]1(c2ccc(NC[C@H]3C[C@@H]4C=C[C@H]3C4)cc2)CCC(=O)NC1=O,-7.400740909
Cc1ccc([C@H](C(=O)NC(C)(C)C)N(C(=O)C(C)C)[C@@H]2CCC(=O)NC2=O)cc1,-7.874494773
Cc1ccc([C@@H](C(=O)NC(C)(C)C)N(C(=O)C(C)C)[C@@H]2CCC(=O)NC2=O)cc1,-7.880618962
Cc1ccc([C@H](C(=O)NC(C)(C)C)N(C(=O)C(C)C)[C@H]2CCC(=O)NC2=O)cc1,-7.875981075
Cc1ccc([C@@H](C(=O)NC(C)(C)C)N(C(=O)C(C)C)[C@H]2CCC(=O)NC2=O)cc1,-7.937454693
CN1C(=O)CC[C@H](NCc2ccccc2C(F)(F)F)C1=O,-7.624992736
CN1C(=O)CC[C@@H](NCc2ccccc2C(F)(F)F)C1=O,-7.627624759
CN1C(=O)CC[C@H](NCc2ccc(Cl)cc2)C1=O,-7.711635968
CN1C(=O)CC[C@@H](NCc2ccc(Cl)cc2)C1=O,-7.711348265
CN1C(=O)CC[C@H](NCc2cc(F)ccc2F)C1=O,-7.701361948
CN1C(=O)CC[C@@H](NCc2cc(F)ccc2F)C1=O,-7.607982376
CN1C(=O)CC[C@H](NCc2c(F)cccc2F)C1=O,-7.703858974
CN1C(=O)CC[C@@H](NCc2c(F)cccc2F)C1=O,-7.613835214
CC(=O)N([C@@H]1CCC(=O)NC1=O)[C@H](C(=O)NC(C)(C)C)c1ccc(C)cc1,-7.943520806
CC(=O)N([C@H](C(=O)NC(C)(C)C)c1ccc(C)cc1)[C@H]1CCC(=O)NC1=O,-7.980836908
CC(=O)N([C@@H]1CCC(=O)NC1=O)[C@@H](C(=O)NC(C)(C)C)c1ccc(C)cc1,-7.951977347
CC(=O)N([C@H]1CCC(=O)NC1=O)[C@@H](C(=O)NC(C)(C)C)c1ccc(C)cc1,-7.710635132
Cc1ccc(NC(=O)NCc2ccc([C@@H]3CCC(=O)NC3=O)cc2)cc1Cl,-7.667518145
Cc1ccc(NC(=O)NCc2ccc([C@H]3CCC(=O)NC3=O)cc2)cc1Cl,-7.72525379
O=C1CC[C@H](N2Cc3cc(NC(=O)c4nc5ccccc5[nH]4)ccc3C2=O)C(=O)N1,-7.764831351
O=C1CC[C@@H](N2Cc3cc(NC(=O)c4nc5ccccc5[nH]4)ccc3C2=O)C(=O)N1,-8.038347895
CC1(C)CN(C(=O)CNc2cccc3c2C(=O)N([C@@H]2CCC(=O)NC2=O)C3=O)C1,-7.987861239
CC1(C)CN(C(=O)CNc2cccc3c2C(=O)N([C@H]2CCC(=O)NC2=O)C3=O)C1,-8.000872585
O=C1CC[C@H](Oc2ccc(C3CCNCC3)cc2)C(=O)N1,-7.937386348
O=C1CC[C@@H](Oc2ccc(C3CCNCC3)cc2)C(=O)N1,-7.937385497
O=C1CC[C@H](Oc2ccc(C3CCNCC3)c(S(=O)(=O)F)c2)C(=O)N1,-8.183890989
O=C1CC[C@@H](Oc2ccc(C3CCNCC3)c(S(=O)(=O)F)c2)C(=O)N1,-8.144192123
Cc1nc(C(=O)N[C@@H]2CCC(=O)NC2=O)cn1C(F)F,-7.841500024
Cc1nc(C(=O)N[C@H]2CCC(=O)NC2=O)cn1C(F)F,-7.841526565
O=C1CC[C@H](NC(=O)c2cn(CC(F)F)cn2)C(=O)N1,-7.810362142
O=C1CC[C@@H](NC(=O)c2cn(CC(F)F)cn2)C(=O)N1,-7.807365483
O=C1CC[C@H](NC(=O)c2nc[nH]c2C(F)(F)F)C(=O)N1,-7.943619899
O=C1CC[C@@H](NC(=O)c2nc[nH]c2C(F)(F)F)C(=O)N1,-7.943817941
O=C1CC[C@H](NC(=O)c2cn(CC(F)(F)F)cn2)C(=O)N1,-7.983382681
O=C1CC[C@@H](NC(=O)c2cn(CC(F)(F)F)cn2)C(=O)N1,-7.982676483
CN1C(=O)CC[C@H](NC(=O)c2cn(CC(F)(F)F)cn2)C1=O,-7.720757482
CN1C(=O)CC[C@@H](NC(=O)c2cn(CC(F)(F)F)cn2)C1=O,-7.720986534
N#CN1CC[C@H](c2ccccc2-n2ccc(C(=O)N[C@@H]3CCC(=O)NC3=O)n2)C1,-7.769120418
N#CN1CC[C@@H](c2ccccc2-n2ccc(C(=O)N[C@@H]3CCC(=O)NC3=O)n2)C1,-8.085726997
N#CN1CC[C@H](c2ccccc2-n2ccc(C(=O)N[C@H]3CCC(=O)NC3=O)n2)C1,-7.69713968
N#CN1CC[C@@H](c2ccccc2-n2ccc(C(=O)N[C@H]3CCC(=O)NC3=O)n2)C1,-7.702218523
N#CN1CCC[C@H](c2n[nH]nc2-c2ccc3c(c2)CN([C@@H]2CCC(=O)NC2=O)C3=O)C1,-8.041635857
N#CN1CCC[C@@H](c2n[nH]nc2-c2ccc3c(c2)CN([C@@H]2CCC(=O)NC2=O)C3=O)C1,-8.086224303
N#CN1CCC[C@H](c2n[nH]nc2-c2ccc3c(c2)CN([C@H]2CCC(=O)NC2=O)C3=O)C1,-8.078555489
N#CN1CCC[C@@H](c2n[nH]nc2-c2ccc3c(c2)CN([C@H]2CCC(=O)NC2=O)C3=O)C1,-8.012418325
CC1(C)CN(C(=O)COc2cccc3c2CN([C@@H]2CCC(=O)NC2=O)C3=O)C1,-7.959669622
CC1(C)CN(C(=O)COc2cccc3c2CN([C@H]2CCC(=O)NC2=O)C3=O)C1,-7.860047293
CC1(N)CN(C(=O)COc2cccc3c2CN([C@@H]2CCC(=O)NC2=O)C3=O)C1,-7.983097999
CC1(N)CN(C(=O)COc2cccc3c2CN([C@H]2CCC(=O)NC2=O)C3=O)C1,-7.967928545
O=C1CC[C@H](c2ccc(NC(=O)C[C@@H]3OCCc4ccsc43)cc2)C(=O)N1,-7.602588641
O=C1CC[C@@H](c2ccc(NC(=O)C[C@@H]3OCCc4ccsc43)cc2)C(=O)N1,-7.592358558
O=C1CC[C@H](c2ccc(NC(=O)C[C@H]3OCCc4ccsc43)cc2)C(=O)N1,-7.595060947
O=C1CC[C@@H](c2ccc(NC(=O)C[C@H]3OCCc4ccsc43)cc2)C(=O)N1,-7.605853758
O=C1CC[C@H](c2cccc(NC(=O)C3(Cc4cnn[nH]4)CCOCC3)c2)C(=O)N1,-7.802986782
O=C1CC[C@@H](c2cccc(NC(=O)C3(Cc4cnn[nH]4)CCOCC3)c2)C(=O)N1,-7.785378196
O=C1CC[C@H](N2Cc3c(CNC(=O)c4cnc5ccccc5c4)cccc3C2=O)C(=O)N1,-8.080868407
O=C1CC[C@@H](N2Cc3c(CNC(=O)c4cnc5ccccc5c4)cccc3C2=O)C(=O)N1,-8.105736894
N#CN1CC[C@H](c2cccc3c2[C@H](C(=O)Nc2ccc([C@@H]4CCC(=O)NC4=O)cc2)CC3)C1,-7.627626661
N#CN1CC[C@@H](c2cccc3c2[C@H](C(=O)Nc2ccc([C@@H]4CCC(=O)NC4=O)cc2)CC3)C1,-7.631916093
N#CN1CC[C@H](c2cccc3c2[C@@H](C(=O)Nc2ccc([C@@H]4CCC(=O)NC4=O)cc2)CC3)C1,-7.627859957
N#CN1CC[C@@H](c2cccc3c2[C@@H](C(=O)Nc2ccc([C@@H]4CCC(=O)NC4=O)cc2)CC3)C1,-7.643017244
N#CN1CC[C@H](c2cccc3c2[C@H](C(=O)Nc2ccc([C@H]4CCC(=O)NC4=O)cc2)CC3)C1,-7.669428701
N#CN1CC[C@@H](c2cccc3c2[C@H](C(=O)Nc2ccc([C@H]4CCC(=O)NC4=O)cc2)CC3)C1,-7.612606939
N#CN1CC[C@H](c2cccc3c2[C@@H](C(=O)Nc2ccc([C@H]4CCC(=O)NC4=O)cc2)CC3)C1,-7.731073805
N#CN1CC[C@@H](c2cccc3c2[C@@H](C(=O)Nc2ccc([C@H]4CCC(=O)NC4=O)cc2)CC3)C1,-7.642121451
N#CN1CCC[C@H](c2ncccc2-c2ccc3c(c2)CN([C@@H]2CCC(=O)NC2=O)C3=O)C1,-7.863028703
N#CN1CCC[C@@H](c2ncccc2-c2ccc3c(c2)CN([C@@H]2CCC(=O)NC2=O)C3=O)C1,-7.970030166
N#CN1CCC[C@H](c2ncccc2-c2ccc3c(c2)CN([C@H]2CCC(=O)NC2=O)C3=O)C1,-8.077432027
N#CN1CCC[C@@H](c2ncccc2-c2ccc3c(c2)CN([C@H]2CCC(=O)NC2=O)C3=O)C1,-7.917593192
O=C1CC[C@H](NC(=O)c2occc2CNC(=O)c2cccc3cncn23)C(=O)N1,-8.019746024
O=C1CC[C@@H](NC(=O)c2occc2CNC(=O)c2cccc3cncn23)C(=O)N1,-8.027399647
O=C1CC[C@H](N2Cc3cc(-c4cncs4)c(S(=O)(=O)F)cc3C2=O)C(=O)N1,-8.50045115
O=C1CC[C@@H](N2Cc3cc(-c4cncs4)c(S(=O)(=O)F)cc3C2=O)C(=O)N1,-8.374813074
O=C1CC[C@H](N2Cc3cc(-c4scnc4S(=O)(=O)F)ccc3C2=O)C(=O)N1,-8.364456863
O=C1CC[C@@H](N2Cc3cc(-c4scnc4S(=O)(=O)F)ccc3C2=O)C(=O)N1,-8.595386025
O=C1CC[C@H](N2Cc3cc(-c4cnc(OS(=O)(=O)F)s4)ccc3C2=O)C(=O)N1,-8.209791636
O=C1CC[C@@H](N2Cc3cc(-c4cnc(OS(=O)(=O)F)s4)ccc3C2=O)C(=O)N1,-8.440751524
Cc1cc2cc(-c3cccc4c3CN([C@@H]3CCC(=O)NC3=O)C4=O)ccc2cn1,-7.914260795
Cc1cc2cc(-c3cccc4c3CN([C@H]3CCC(=O)NC3=O)C4=O)ccc2cn1,-7.912893981
O=C1CC(c2ccc(NC(=O)Nc3ccc4c(=O)[nH]ccc4c3)cc2)CC(=O)N1,-7.630580612
Cn1ncc2c1C[C@H](CCC(=O)Nc1ccc([C@@H]3CCC(=O)NC3=O)cc1)CC2,-7.671948434
Cn1ncc2c1C[C@@H](CCC(=O)Nc1ccc([C@@H]3CCC(=O)NC3=O)cc1)CC2,-7.661248009
Cn1ncc2c1C[C@H](CCC(=O)Nc1ccc([C@H]3CCC(=O)NC3=O)cc1)CC2,-7.663346399
Cn1ncc2c1C[C@@H](CCC(=O)Nc1ccc([C@H]3CCC(=O)NC3=O)cc1)CC2,-7.738452035
C[C@@H]1CNc2c(C(=O)N[C@@H]3CCC(=O)NC3=O)cnn2C1,-7.769780742
C[C@H]1CNc2c(C(=O)N[C@@H]3CCC(=O)NC3=O)cnn2C1,-7.769397602
C[C@@H]1CNc2c(C(=O)N[C@H]3CCC(=O)NC3=O)cnn2C1,-7.737015006
C[C@H]1CNc2c(C(=O)N[C@H]3CCC(=O)NC3=O)cnn2C1,-7.739931402
CC1(CNC(=O)c2cccc3c2CN([C@@H]2CCC(=O)NC2=O)C3=O)CCNCC1,-8.325641641
CC1(CNC(=O)c2cccc3c2CN([C@H]2CCC(=O)NC2=O)C3=O)CCNCC1,-8.17008327
Cc1ccc2nc(C)c(C(=O)N[C@@H]3CCC(=O)NC3=O)n2c1,-7.966250001
Cc1ccc2nc(C)c(C(=O)N[C@H]3CCC(=O)NC3=O)n2c1,-7.988514517
O=C1CC[C@H](NC(=O)c2cnc3c(Cl)cccn23)C(=O)N1,-8.003189746
O=C1CC[C@@H](NC(=O)c2cnc3c(Cl)cccn23)C(=O)N1,-8.002769389
COCc1nc2ccccn2c1C(=O)N[C@@H]1CCC(=O)NC1=O,-8.102946619
COCc1nc2ccccn2c1C(=O)N[C@H]1CCC(=O)NC1=O,-7.962509837
CCc1nc2ccc(Cl)cn2c1C(=O)N[C@@H]1CCC(=O)NC1=O,-8.02726598
CCc1nc2ccc(Cl)cn2c1C(=O)N[C@H]1CCC(=O)NC1=O,-8.021492593
O=C1CC[C@H](NC(=O)c2cnc3cc(Br)ccn23)C(=O)N1,-8.089291512
O=C1CC[C@@H](NC(=O)c2cnc3cc(Br)ccn23)C(=O)N1,-8.039529889
O=C1CC[C@H](NC(=O)c2cnc3c(S(=O)(=O)F)cccn23)C(=O)N1,-8.784770342
O=C1CC[C@@H](NC(=O)c2cnc3c(S(=O)(=O)F)cccn23)C(=O)N1,-8.695956425
O=C1CC[C@H](NC(=O)c2cnc3cc(S(=O)(=O)F)ccn23)C(=O)N1,-8.460600368
O=C1CC[C@@H](NC(=O)c2cnc3cc(S(=O)(=O)F)ccn23)C(=O)N1,-8.607727083
O=C1CC[C@H](NC(=O)c2cnc3ccc(OS(=O)(=O)F)cn23)C(=O)N1,-8.02372521
O=C1CC[C@@H](NC(=O)c2cnc3ccc(OS(=O)(=O)F)cn23)C(=O)N1,-8.330467304
N[C@H](Cc1ccccc1)C(=O)NCc1ccc2c(c1)CN([C@@H]1CCC(=O)NC1=O)C2=O,-7.894887168
N[C@@H](Cc1ccccc1)C(=O)NCc1ccc2c(c1)CN([C@@H]1CCC(=O)NC1=O)C2=O,-7.934503315
N[C@H](Cc1ccccc1)C(=O)NCc1ccc2c(c1)CN([C@H]1CCC(=O)NC1=O)C2=O,-7.95780515
N[C@@H](Cc1ccccc1)C(=O)NCc1ccc2c(c1)CN([C@H]1CCC(=O)NC1=O)C2=O,-7.906225145
N[C@H](Cc1ccc(F)cc1)C(=O)NCc1ccc2c(c1)CN([C@@H]1CCC(=O)NC1=O)C2=O,-7.916485326
N[C@@H](Cc1ccc(F)cc1)C(=O)NCc1ccc2c(c1)CN([C@@H]1CCC(=O)NC1=O)C2=O,-7.892794719
N[C@H](Cc1ccc(F)cc1)C(=O)NCc1ccc2c(c1)CN([C@H]1CCC(=O)NC1=O)C2=O,-7.902752529
N[C@@H](Cc1ccc(F)cc1)C(=O)NCc1ccc2c(c1)CN([C@H]1CCC(=O)NC1=O)C2=O,-7.874302938
CC(=O)N[C@H](Cc1ccc(F)cc1)C(=O)NCc1ccc2c(c1)CN([C@@H]1CCC(=O)NC1=O)C2=O,-7.875525612
CC(=O)N[C@@H](Cc1ccc(F)cc1)C(=O)NCc1ccc2c(c1)CN([C@@H]1CCC(=O)NC1=O)C2=O,-7.991370911
CC(=O)N[C@H](Cc1ccc(F)cc1)C(=O)NCc1ccc2c(c1)CN([C@H]1CCC(=O)NC1=O)C2=O,-7.912964633
CC(=O)N[C@@H](Cc1ccc(F)cc1)C(=O)NCc1ccc2c(c1)CN([C@H]1CCC(=O)NC1=O)C2=O,-7.93255965
C=CC(=O)N[C@H](Cc1ccc(F)cc1)C(=O)NCc1ccc2c(c1)CN([C@@H]1CCC(=O)NC1=O)C2=O,-8.051411156
C=CC(=O)N[C@@H](Cc1ccc(F)cc1)C(=O)NCc1ccc2c(c1)CN([C@@H]1CCC(=O)NC1=O)C2=O,-7.973032584
C=CC(=O)N[C@H](Cc1ccc(F)cc1)C(=O)NCc1ccc2c(c1)CN([C@H]1CCC(=O)NC1=O)C2=O,-7.843670016
C=CC(=O)N[C@@H](Cc1ccc(F)cc1)C(=O)NCc1ccc2c(c1)CN([C@H]1CCC(=O)NC1=O)C2=O,-7.957455094
O=C1CC[C@H](N2Cc3cc(CNC(=O)[C@H](Cc4ccc(F)cc4)NC(=O)CO)ccc3C2=O)C(=O)N1,-7.949136682
O=C1CC[C@@H](N2Cc3cc(CNC(=O)[C@H](Cc4ccc(F)cc4)NC(=O)CO)ccc3C2=O)C(=O)N1,-8.343921701
O=C1CC[C@H](N2Cc3cc(CNC(=O)[C@@H](Cc4ccc(F)cc4)NC(=O)CO)ccc3C2=O)C(=O)N1,-7.810945056
O=C1CC[C@@H](N2Cc3cc(CNC(=O)[C@@H](Cc4ccc(F)cc4)NC(=O)CO)ccc3C2=O)C(=O)N1,-8.179575975
N#CN1CCC(c2ccc(Oc3cccc4c3C(=O)N([C@@H]3CCC(=O)NC3=O)C4=O)cc2)CC1,-8.84231122
N#CN1CCC(c2ccc(Oc3cccc4c3C(=O)N([C@H]3CCC(=O)NC3=O)C4=O)cc2)CC1,-7.884255545
Cc1cc(Nc2ncnc3[nH]c(Cl)cc23)ccc1N1CCC(=O)NC1=O,-7.361138668
N#CN1CCC[C@H](c2cccc(-c3nc(C(=O)N[C@@H]4CCC(=O)NC4=O)co3)c2)C1,-7.898685367
N#CN1CCC[C@@H](c2cccc(-c3nc(C(=O)N[C@@H]4CCC(=O)NC4=O)co3)c2)C1,-8.324645806
N#CN1CCC[C@H](c2cccc(-c3nc(C(=O)N[C@H]4CCC(=O)NC4=O)co3)c2)C1,-8.173853982
N#CN1CCC[C@@H](c2cccc(-c3nc(C(=O)N[C@H]4CCC(=O)NC4=O)co3)c2)C1,-8.145931343
N#CN1CCC[C@H](c2ccc(-n3cnc(C(=O)N[C@@H]4CCC(=O)NC4=O)n3)cc2)C1,-7.910815907
N#CN1CCC[C@@H](c2ccc(-n3cnc(C(=O)N[C@@H]4CCC(=O)NC4=O)n3)cc2)C1,-7.895190546
N#CN1CCC[C@H](c2ccc(-n3cnc(C(=O)N[C@H]4CCC(=O)NC4=O)n3)cc2)C1,-7.829020546
N#CN1CCC[C@@H](c2ccc(-n3cnc(C(=O)N[C@H]4CCC(=O)NC4=O)n3)cc2)C1,-7.938695483
Cc1ccnc2nc(C(=O)N[C@@H]3CCC(=O)NC3=O)nn12,-8.20193524
Cc1ccnc2nc(C(=O)N[C@H]3CCC(=O)NC3=O)nn12,-8.202182167
O=C1CC[C@H](NC(=O)c2nc3nc(C(F)(F)F)ccn3n2)C(=O)N1,-9.392483662
O=C1CC[C@@H](NC(=O)c2nc3nc(C(F)(F)F)ccn3n2)C(=O)N1,-9.392154018
N#CN1CCC(c2cocc2-c2cccc3c2CN([C@@H]2CCC(=O)NC2=O)C3=O)CC1,-7.927249677
N#CN1CCC(c2cocc2-c2cccc3c2CN([C@H]2CCC(=O)NC2=O)C3=O)CC1,-8.072964548
COc1c(-c2ccc3cc(NS(C)(=O)=O)ccc3c2)cc(-n2ccc(=O)[nH]c2=O)cc1C(C)(C)C,-7.676750551
N#CN1CC[C@H](c2cc3n(c(=O)c2)[C@H](C(=O)Nc2ccc([C@@H]4CCC(=O)NC4=O)cc2)CC3)C1,-7.668845239
N#CN1CC[C@@H](c2cc3n(c(=O)c2)[C@H](C(=O)Nc2ccc([C@@H]4CCC(=O)NC4=O)cc2)CC3)C1,-7.670837683
N#CN1CC[C@H](c2cc3n(c(=O)c2)[C@@H](C(=O)Nc2ccc([C@@H]4CCC(=O)NC4=O)cc2)CC3)C1,-7.646933033
N#CN1CC[C@@H](c2cc3n(c(=O)c2)[C@@H](C(=O)Nc2ccc([C@@H]4CCC(=O)NC4=O)cc2)CC3)C1,-7.645606912
N#CN1CC[C@H](c2cc3n(c(=O)c2)[C@H](C(=O)Nc2ccc([C@H]4CCC(=O)NC4=O)cc2)CC3)C1,-7.663739114
N#CN1CC[C@@H](c2cc3n(c(=O)c2)[C@H](C(=O)Nc2ccc([C@H]4CCC(=O)NC4=O)cc2)CC3)C1,-7.667962941
N#CN1CC[C@H](c2cc3n(c(=O)c2)[C@@H](C(=O)Nc2ccc([C@H]4CCC(=O)NC4=O)cc2)CC3)C1,-7.682381747
N#CN1CC[C@@H](c2cc3n(c(=O)c2)[C@@H](C(=O)Nc2ccc([C@H]4CCC(=O)NC4=O)cc2)CC3)C1,-7.66182906
CC1CCN(Cc2ccc(COc3cccc4c3CN([C@@H]3CCC(=O)NC3=O)C4=O)cc2)CC1,-7.777737315
CC1CCN(Cc2ccc(COc3cccc4c3CN([C@H]3CCC(=O)NC3=O)C4=O)cc2)CC1,-7.779698322
CC1(C)CCN(Cc2ccc(COc3cccc4c3CN([C@@H]3CCC(=O)NC3=O)C4=O)cc2)CC1,-7.788563619
CC1(C)CCN(Cc2ccc(COc3cccc4c3CN([C@H]3CCC(=O)NC3=O)C4=O)cc2)CC1,-7.755387412
O=C1CC[C@H](N2Cc3c(OCc4ccc(CN5CCC(F)(F)CC5)cc4)cccc3C2=O)C(=O)N1,-7.818885566
O=C1CC[C@@H](N2Cc3c(OCc4ccc(CN5CCC(F)(F)CC5)cc4)cccc3C2=O)C(=O)N1,-7.837443103
CC(C)C1CCN(Cc2ccc(COc3cccc4c3CN([C@@H]3CCC(=O)NC3=O)C4=O)cc2)CC1,-7.787129564
CC(C)C1CCN(Cc2ccc(COc3cccc4c3CN([C@H]3CCC(=O)NC3=O)C4=O)cc2)CC1,-7.800685137
O=C1CC[C@H](N2Cc3cc(-c4cnn5ccc(NCc6ccccc6)nc45)ccc3C2=O)C(=O)N1,-7.757169661
O=C1CC[C@@H](N2Cc3cc(-c4cnn5ccc(NCc6ccccc6)nc45)ccc3C2=O)C(=O)N1,-7.735301215
O=C1CC[C@H](c2ccc(NC(=O)C[C@@H]3Cc4ccccc4CN3)cc2)C(=O)N1,-7.566943334
O=C1CC[C@@H](c2ccc(NC(=O)C[C@@H]3Cc4ccccc4CN3)cc2)C(=O)N1,-7.55560826
O=C1CC[C@H](c2ccc(NC(=O)C[C@H]3Cc4ccccc4CN3)cc2)C(=O)N1,-7.565015595
O=C1CC[C@@H](c2ccc(NC(=O)C[C@H]3Cc4ccccc4CN3)cc2)C(=O)N1,-7.569085514
O=C1CC[C@H](N2CCCc3ccccc32)C(=O)N1,-7.801882155
O=C1CC[C@@H](N2CCCc3ccccc32)C(=O)N1,-7.800695042
O=C1CNC(=S)N1,-7.8526
CN(c1ccn2ncc(C#N)c2n1)[C@@H]1CCC(=O)NC1=O,-8.030398589
CN(c1ccn2ncc(C#N)c2n1)[C@H]1CCC(=O)NC1=O,-8.092802612
C=CC(=O)N1CCCc2c(C(=O)Nc3ccc4c(c3)C(=O)NC4)cccc21,-7.975777654
N#CN1CCC[C@H](c2nc3nc4c(c(Nc5ccc(N6CCC(=O)NC6=O)cc5)n3n2)CCCC4)C1,-7.535192938
N#CN1CCC[C@@H](c2nc3nc4c(c(Nc5ccc(N6CCC(=O)NC6=O)cc5)n3n2)CCCC4)C1,-7.517759406
O=C1CC[C@H](N2Cc3c(cccc3-n3cc([C@@H]4CCCCN4)nn3)C2=O)C(=O)N1,-7.8474671
O=C1CC[C@@H](N2Cc3c(cccc3-n3cc([C@@H]4CCCCN4)nn3)C2=O)C(=O)N1,-7.852417244
O=C1CC[C@H](N2Cc3c(cccc3-n3cc([C@H]4CCCCN4)nn3)C2=O)C(=O)N1,-7.855083899
O=C1CC[C@@H](N2Cc3c(cccc3-n3cc([C@H]4CCCCN4)nn3)C2=O)C(=O)N1,-7.85369902
O=C1CC[C@H](c2ccc(NC(=O)c3cc(Cl)c4c(c3)CCCN4)cc2)C(=O)N1,-7.59696145
O=C1CC[C@@H](c2ccc(NC(=O)c3cc(Cl)c4c(c3)CCCN4)cc2)C(=O)N1,-7.600929572
C[C@H](Cc1cn(C)c2ccc(F)cc12)NC(=O)c1cccc2c1CNC2=O,-7.38483265
C[C@@H](Cc1cn(C)c2ccc(F)cc12)NC(=O)c1cccc2c1CNC2=O,-7.366602869
N#CN1CCC[C@H](c2csc(-c3cccc4c3CN([C@@H]3CCC(=O)NC3=O)C4=O)c2)C1,-7.637389031
N#CN1CCC[C@@H](c2csc(-c3cccc4c3CN([C@@H]3CCC(=O)NC3=O)C4=O)c2)C1,-7.920255061
N#CN1CCC[C@H](c2csc(-c3cccc4c3CN([C@H]3CCC(=O)NC3=O)C4=O)c2)C1,-7.947661059
N#CN1CCC[C@@H](c2csc(-c3cccc4c3CN([C@H]3CCC(=O)NC3=O)C4=O)c2)C1,-8.074601205
O=C1CC[C@H](n2cc(-c3csc(C(=O)N4CCCC4)c3)nn2)C(=O)N1,-8.284619626
O=C1CC[C@@H](n2cc(-c3csc(C(=O)N4CCCC4)c3)nn2)C(=O)N1,-8.298204446
COc1c(-c2cn([C@@H]3CCC(=O)NC3=O)nn2)csc1C(=O)N1CCCC1,-8.255623536
COc1c(-c2cn([C@H]3CCC(=O)NC3=O)nn2)csc1C(=O)N1CCCC1,-8.214782362
N#Cc1cc(NCc2ccc3c(c2)C(=O)N([C@@H]2CCC(=O)NC2=O)C3)ccn1,-7.851756742
N#Cc1cc(NCc2ccc3c(c2)C(=O)N([C@H]2CCC(=O)NC2=O)C3)ccn1,-7.849821409
N#CN1CCC[C@H](c2cn(-c3cncc(C(=O)N[C@@H]4CCC(=O)NC4=O)n3)cn2)C1,-8.054981057
N#CN1CCC[C@@H](c2cn(-c3cncc(C(=O)N[C@@H]4CCC(=O)NC4=O)n3)cn2)C1,-8.197224372
N#CN1CCC[C@H](c2cn(-c3cncc(C(=O)N[C@H]4CCC(=O)NC4=O)n3)cn2)C1,-8.183365706
N#CN1CCC[C@@H](c2cn(-c3cncc(C(=O)N[C@H]4CCC(=O)NC4=O)n3)cn2)C1,-8.821527566
N#CN1CCC[C@H](c2[nH]nc3c2CN(C(=O)c2ccc(N4CCC(=O)NC4=O)cc2)C3)C1,-7.40641839
N#CN1CCC[C@@H](c2[nH]nc3c2CN(C(=O)c2ccc(N4CCC(=O)NC4=O)cc2)C3)C1,-7.436338053
Cc1c(C(=O)N[C@@H]2CCC(=O)NC2=O)cccc1N1CCC(=O)NC1=O,-8.800364932
Cc1c(C(=O)N[C@H]2CCC(=O)NC2=O)cccc1N1CCC(=O)NC1=O,-8.779021248
O=C1CC[C@H](NC(=O)c2nccc3cn[nH]c23)C(=O)N1,-8.257050554
O=C1CC[C@@H](NC(=O)c2nccc3cn[nH]c23)C(=O)N1,-8.256876686
O=C1CC[C@H](N2Cc3cc(-c4ccc(-n5cccn5)cc4)ccc3C2=O)C(=O)N1,-7.902223111
O=C1CC[C@@H](N2Cc3cc(-c4ccc(-n5cccn5)cc4)ccc3C2=O)C(=O)N1,-7.845662933
O=C1CC[C@H](n2cc(C[C@@H]3CCNC3=O)nn2)C(=O)N1,-8.11582135
O=C1CC[C@@H](n2cc(C[C@@H]3CCNC3=O)nn2)C(=O)N1,-8.159065566
O=C1CC[C@H](n2cc(C[C@H]3CCNC3=O)nn2)C(=O)N1,-8.297117586
O=C1CC[C@@H](n2cc(C[C@H]3CCNC3=O)nn2)C(=O)N1,-8.111797107
Cc1nnc2n1C[C@H](C(=O)Nc1ccc([C@@H]3CCC(=O)NC3=O)cc1)N(C)C2,-7.862894803
Cc1nnc2n1C[C@@H](C(=O)Nc1ccc([C@@H]3CCC(=O)NC3=O)cc1)N(C)C2,-7.842631075
Cc1nnc2n1C[C@H](C(=O)Nc1ccc([C@H]3CCC(=O)NC3=O)cc1)N(C)C2,-7.925945954
Cc1nnc2n1C[C@@H](C(=O)Nc1ccc([C@H]3CCC(=O)NC3=O)cc1)N(C)C2,-7.995553009
O=C1CC[C@H](N2C(=O)c3ccc(C(=O)NCCn4cccn4)cc3C2=O)C(=O)N1,-7.999080277
O=C1CC[C@@H](N2C(=O)c3ccc(C(=O)NCCn4cccn4)cc3C2=O)C(=O)N1,-8.010459858
O=C1CC[C@H](c2ccc(Nc3nc4c(S(=O)(=O)F)cccc4o3)cc2)C(=O)N1,-8.314654376
O=C1CC[C@@H](c2ccc(Nc3nc4c(S(=O)(=O)F)cccc4o3)cc2)C(=O)N1,-8.385461905
O=C1CC[C@H](c2ccc(Nc3nc4cccc(S(=O)(=O)F)c4o3)cc2)C(=O)N1,-8.489569345
O=C1CC[C@@H](c2ccc(Nc3nc4cccc(S(=O)(=O)F)c4o3)cc2)C(=O)N1,-8.36455766
CC(C)(C)c1ccc2oc(Nc3ccc([C@@H]4CCC(=O)NC4=O)cc3)nc2c1,-7.644394432
CC(C)(C)c1ccc2oc(Nc3ccc([C@H]4CCC(=O)NC4=O)cc3)nc2c1,-7.643413212
O=C1CC[C@H](N2Cc3c(cccc3-c3ccc(OS(=O)(=O)F)[nH]3)C2=O)C(=O)N1,-7.957262513
O=C1CC[C@@H](N2Cc3c(cccc3-c3ccc(OS(=O)(=O)F)[nH]3)C2=O)C(=O)N1,-7.861965215
O=C1CC[C@H](N2Cc3c(cccc3-c3cc(OS(=O)(=O)F)c[nH]3)C2=O)C(=O)N1,-7.992594073
O=C1CC[C@@H](N2Cc3c(cccc3-c3cc(OS(=O)(=O)F)c[nH]3)C2=O)C(=O)N1,-7.939114881
O=C1CC[C@H](N2Cc3c(cc(S(=O)(=O)F)cc3-c3ccc[nH]3)C2=O)C(=O)N1,-8.290464786
O=C1CC[C@@H](N2Cc3c(cc(S(=O)(=O)F)cc3-c3ccc[nH]3)C2=O)C(=O)N1,-8.148858417
O=C1CC[C@H](N2Cc3c(ccc(S(=O)(=O)F)c3-c3ccc[nH]3)C2=O)C(=O)N1,-8.147171106
O=C1CC[C@@H](N2Cc3c(ccc(S(=O)(=O)F)c3-c3ccc[nH]3)C2=O)C(=O)N1,-8.28987958
O=C1CC[C@H](N2Cc3c(cccc3-c3[nH]ccc3S(=O)(=O)F)C2=O)C(=O)N1,-8.213099025
O=C1CC[C@@H](N2Cc3c(cccc3-c3[nH]ccc3S(=O)(=O)F)C2=O)C(=O)N1,-7.989571422
N#CN1CCC[C@H](c2cccc3c2OCc2c(C(=O)N[C@@H]4CCC(=O)NC4=O)ncn2-3)C1,-8.318174077
N#CN1CCC[C@@H](c2cccc3c2OCc2c(C(=O)N[C@@H]4CCC(=O)NC4=O)ncn2-3)C1,-8.325210501
N#CN1CCC[C@H](c2cccc3c2OCc2c(C(=O)N[C@H]4CCC(=O)NC4=O)ncn2-3)C1,-8.30242082
N#CN1CCC[C@@H](c2cccc3c2OCc2c(C(=O)N[C@H]4CCC(=O)NC4=O)ncn2-3)C1,-8.317826599
O=C1CC[C@H](Nc2ccc(NC(=O)C[C@@H]3CCn4cncc4C3)cc2)C(=O)N1,-7.676250712
O=C1CC[C@@H](Nc2ccc(NC(=O)C[C@@H]3CCn4cncc4C3)cc2)C(=O)N1,-7.669513334
O=C1CC[C@H](Nc2ccc(NC(=O)C[C@H]3CCn4cncc4C3)cc2)C(=O)N1,-7.544252676
O=C1CC[C@@H](Nc2ccc(NC(=O)C[C@H]3CCn4cncc4C3)cc2)C(=O)N1,-7.669064638
O=C(/C=C/c1ccccc1)N[C@@H]1CC(=O)NC1=O,-7.886492121
O=C(/C=C/c1ccccc1)N[C@H]1CC(=O)NC1=O,-7.886472443
O=C(/C=C\c1ccccc1)N[C@@H]1CC(=O)NC1=O,-7.9048125
O=C(/C=C\c1ccccc1)N[C@H]1CC(=O)NC1=O,-7.90512124
N#CN1CCC[C@H](c2ccc(C(=O)Nc3ccc4c(c3)C(=O)N([C@@H]3CCC(=O)NC3=O)C4)o2)C1,-7.872656752
N#CN1CCC[C@@H](c2ccc(C(=O)Nc3ccc4c(c3)C(=O)N([C@@H]3CCC(=O)NC3=O)C4)o2)C1,-7.915415662
N#CN1CCC[C@H](c2ccc(C(=O)Nc3ccc4c(c3)C(=O)N([C@H]3CCC(=O)NC3=O)C4)o2)C1,-7.895461601
N#CN1CCC[C@@H](c2ccc(C(=O)Nc3ccc4c(c3)C(=O)N([C@H]3CCC(=O)NC3=O)C4)o2)C1,-7.844903765
N#CN1CC[C@H](c2ccc3c(c2)CCC[C@H](Nc2cccc(N4CCC(=O)NC4=O)c2)C3)C1,-7.246221417
N#CN1CC[C@@H](c2ccc3c(c2)CCC[C@H](Nc2cccc(N4CCC(=O)NC4=O)c2)C3)C1,-7.207248762
N#CN1CC[C@H](c2ccc3c(c2)CCC[C@@H](Nc2cccc(N4CCC(=O)NC4=O)c2)C3)C1,-7.237375137
N#CN1CC[C@@H](c2ccc3c(c2)CCC[C@@H](Nc2cccc(N4CCC(=O)NC4=O)c2)C3)C1,-6.872679518
N#CN1CC[C@H](c2cccc(-c3nc(C(=O)N[C@@H]4CCC(=O)NC4=O)c4n3CCOC4)c2)C1,-7.715756767
N#CN1CC[C@@H](c2cccc(-c3nc(C(=O)N[C@@H]4CCC(=O)NC4=O)c4n3CCOC4)c2)C1,-7.738316193
N#CN1CC[C@H](c2cccc(-c3nc(C(=O)N[C@H]4CCC(=O)NC4=O)c4n3CCOC4)c2)C1,-7.735710575
N#CN1CC[C@@H](c2cccc(-c3nc(C(=O)N[C@H]4CCC(=O)NC4=O)c4n3CCOC4)c2)C1,-7.695297689
Cc1ccc(NC(=O)NCc2ccc3c(=O)n([C@@H]4CCC(=O)NC4=O)nnc3c2)cc1,-8.470103542
Cc1ccc(NC(=O)NCc2ccc3c(=O)n([C@H]4CCC(=O)NC4=O)nnc3c2)cc1,-8.470587722
O=C1CC[C@H](n2nnc3cc(CNC(=O)Nc4ccc(Cl)cc4)ccc3c2=O)C(=O)N1,-8.57281522
O=C1CC[C@@H](n2nnc3cc(CNC(=O)Nc4ccc(Cl)cc4)ccc3c2=O)C(=O)N1,-8.544926442
Cc1ccc(NC(=O)NCc2ccc3c(=O)n([C@@H]4CCC(=O)NC4=O)nnc3c2)cc1Cl,-8.684846241
Cc1ccc(NC(=O)NCc2ccc3c(=O)n([C@H]4CCC(=O)NC4=O)nnc3c2)cc1Cl,-8.686359465
N#CN1CCC(c2cncn2-c2cncc(C(=O)N[C@@H]3CCC(=O)NC3=O)n2)CC1,-8.313121037
N#CN1CCC(c2cncn2-c2cncc(C(=O)N[C@H]3CCC(=O)NC3=O)n2)CC1,-8.317320481
N#CN1CC[C@H](c2cc3c(cc2-c2ccc4c(c2)CN([C@@H]2CCC(=O)NC2=O)C4=O)C(=O)CCC3)C1,-7.845424955
N#CN1CC[C@@H](c2cc3c(cc2-c2ccc4c(c2)CN([C@@H]2CCC(=O)NC2=O)C4=O)C(=O)CCC3)C1,-8.077721633
N#CN1CC[C@H](c2cc3c(cc2-c2ccc4c(c2)CN([C@H]2CCC(=O)NC2=O)C4=O)C(=O)CCC3)C1,-8.011457365
N#CN1CC[C@@H](c2cc3c(cc2-c2ccc4c(c2)CN([C@H]2CCC(=O)NC2=O)C4=O)C(=O)CCC3)C1,-8.04751615
O=C1CC[C@H](N2Cc3cc(C(=O)Nc4ccccc4S(=O)(=O)F)ccc3C2=O)C(=O)N1,-8.220759229
O=C1CC[C@@H](N2Cc3cc(C(=O)Nc4ccccc4S(=O)(=O)F)ccc3C2=O)C(=O)N1,-8.067703847
O=C1CC[C@H](N2Cc3cc(C(=O)Nc4cccc(S(=O)(=O)F)c4)ccc3C2=O)C(=O)N1,-8.049603702
O=C1CC[C@@H](N2Cc3cc(C(=O)Nc4cccc(S(=O)(=O)F)c4)ccc3C2=O)C(=O)N1,-8.352642911
Nc1ccc(NC(=O)c2ccc3c(c2)CN([C@@H]2CCC(=O)NC2=O)C3=O)cc1,-7.698817319
Nc1ccc(NC(=O)c2ccc3c(c2)CN([C@H]2CCC(=O)NC2=O)C3=O)cc1,-7.698234734
NCc1ccc(NC(=O)c2ccc3c(c2)CN([C@@H]2CCC(=O)NC2=O)C3=O)cc1,-7.781830791
NCc1ccc(NC(=O)c2ccc3c(c2)CN([C@H]2CCC(=O)NC2=O)C3=O)cc1,-7.776890355
Nc1ccn(S(=O)(=O)c2ccc3c(c2)C(=O)N([C@@H]2CCC(=O)NC2=O)C3)c(=O)n1,-8.008484002
Nc1ccn(S(=O)(=O)c2ccc3c(c2)C(=O)N([C@H]2CCC(=O)NC2=O)C3)c(=O)n1,-8.008610289
CN(Cc1nc(-c2ccccc2)no1)C1=CC(=O)N([C@@H]2CCC(=O)NC2=O)C1=O,-8.631030952
CN(Cc1nc(-c2ccccc2)no1)C1=CC(=O)N([C@H]2CCC(=O)NC2=O)C1=O,-8.631122134
N#CN1CC[C@H](c2cccc(-n3cc(C(=O)N[C@@H]4CCC(=O)NC4=O)nn3)c2)C1,-8.154917089
N#CN1CC[C@@H](c2cccc(-n3cc(C(=O)N[C@@H]4CCC(=O)NC4=O)nn3)c2)C1,-7.981068727
N#CN1CC[C@H](c2cccc(-n3cc(C(=O)N[C@H]4CCC(=O)NC4=O)nn3)c2)C1,-7.986674607
N#CN1CC[C@@H](c2cccc(-n3cc(C(=O)N[C@H]4CCC(=O)NC4=O)nn3)c2)C1,-7.977331177
O=C1CC[C@H](NC(=O)c2ncoc2-c2ccccc2F)C(=O)N1,-7.80185267
O=C1CC[C@@H](NC(=O)c2ncoc2-c2ccccc2F)C(=O)N1,-7.804639267
N#CN1CCC[C@H](c2c(C(=O)Nc3cccc([C@@H]4CCC(=O)NC4=O)c3)ccc3c2CCCC3)C1,-7.618857815
N#CN1CCC[C@@H](c2c(C(=O)Nc3cccc([C@@H]4CCC(=O)NC4=O)c3)ccc3c2CCCC3)C1,-7.658058686
N#CN1CCC[C@H](c2c(C(=O)Nc3cccc([C@H]4CCC(=O)NC4=O)c3)ccc3c2CCCC3)C1,-7.756859409
N#CN1CCC[C@@H](c2c(C(=O)Nc3cccc([C@H]4CCC(=O)NC4=O)c3)ccc3c2CCCC3)C1,-7.513112888
Cc1nc(NCCc2ccccc2)sc1C(=O)N[C@@H]1CCC(=O)NC1=O,-7.894923239
Cc1nc(NCCc2ccccc2)sc1C(=O)N[C@H]1CCC(=O)NC1=O,-7.889072227
O=C1N[C@H](CNCc2ccc3cn[nH]c3c2)c2ccccc21,-7.22462051
O=C1N[C@@H](CNCc2ccc3cn[nH]c3c2)c2ccccc21,-7.260680409
O=C1CC[C@H](N2Cc3ccc(CNC(=O)Nc4nccs4)cc3C2=O)C(=O)N1,-7.965699262
O=C1CC[C@@H](N2Cc3ccc(CNC(=O)Nc4nccs4)cc3C2=O)C(=O)N1,-7.957234727
O=C1CC[C@H](N2Cc3cc(NC(=O)N4C[C@H]5COC[C@H]5C4)ccc3C2=O)C(=O)N1,-7.541280962
O=C1CC[C@@H](N2Cc3cc(NC(=O)N4C[C@H]5COC[C@H]5C4)ccc3C2=O)C(=O)N1,-7.548590633
O=C1CC[C@H](N2Cc3cc(NC(=O)N4C[C@H]5COC[C@@H]5C4)ccc3C2=O)C(=O)N1,-7.596372797
O=C1CC[C@@H](N2Cc3cc(NC(=O)N4C[C@H]5COC[C@@H]5C4)ccc3C2=O)C(=O)N1,-7.638711271
O=C1CC[C@H](N2Cc3cc(NC(=O)N4C[C@@H]5COC[C@H]5C4)ccc3C2=O)C(=O)N1,-7.646925422
O=C1CC[C@@H](N2Cc3cc(NC(=O)N4C[C@@H]5COC[C@H]5C4)ccc3C2=O)C(=O)N1,-7.647540062
O=C1CC[C@H](N2C(=O)c3ccc(OCCC4CC4)cc3C2=O)C(=O)N1,-7.896748832
O=C1CC[C@@H](N2C(=O)c3ccc(OCCC4CC4)cc3C2=O)C(=O)N1,-7.892879325
N#CN1CCC[C@H](c2ncn3c2CCC[C@@H]3C(=O)Nc2ccc([C@@H]3CCC(=O)NC3=O)cc2)C1,-7.759845302
N#CN1CCC[C@@H](c2ncn3c2CCC[C@@H]3C(=O)Nc2ccc([C@@H]3CCC(=O)NC3=O)cc2)C1,-7.529369046
N#CN1CCC[C@H](c2ncn3c2CCC[C@H]3C(=O)Nc2ccc([C@@H]3CCC(=O)NC3=O)cc2)C1,-7.527467993
N#CN1CCC[C@@H](c2ncn3c2CCC[C@H]3C(=O)Nc2ccc([C@@H]3CCC(=O)NC3=O)cc2)C1,-7.762303352
N#CN1CCC[C@H](c2ncn3c2CCC[C@@H]3C(=O)Nc2ccc([C@H]3CCC(=O)NC3=O)cc2)C1,-7.796526989
N#CN1CCC[C@@H](c2ncn3c2CCC[C@@H]3C(=O)Nc2ccc([C@H]3CCC(=O)NC3=O)cc2)C1,-7.518303025
N#CN1CCC[C@H](c2ncn3c2CCC[C@H]3C(=O)Nc2ccc([C@H]3CCC(=O)NC3=O)cc2)C1,-7.521857356
N#CN1CCC[C@@H](c2ncn3c2CCC[C@H]3C(=O)Nc2ccc([C@H]3CCC(=O)NC3=O)cc2)C1,-7.742692113
N#CN1CCC(c2ccc(C3CC3)c(-c3ccc4c(c3)CN([C@@H]3CCC(=O)NC3=O)C4=O)n2)CC1,-7.856831412
N#CN1CCC(c2ccc(C3CC3)c(-c3ccc4c(c3)CN([C@H]3CCC(=O)NC3=O)C4=O)n2)CC1,-7.863502591
O=C1CC[C@H](Nc2nc3ccccc3n3cncc23)C(=O)N1,-8.019577434
O=C1CC[C@@H](Nc2nc3ccccc3n3cncc23)C(=O)N1,-8.019799797
O=C1CC[C@H](Nc2nc3cc(S(=O)(=O)F)ccc3n3cncc23)C(=O)N1,-8.275461978
O=C1CC[C@@H](Nc2nc3cc(S(=O)(=O)F)ccc3n3cncc23)C(=O)N1,-8.276007537
O=C1CC[C@H](Nc2nc3ccccc3n3c(S(=O)(=O)F)ncc23)C(=O)N1,-8.206018763
O=C1CC[C@@H](Nc2nc3ccccc3n3c(S(=O)(=O)F)ncc23)C(=O)N1,-8.276186973
O=C1CC[C@H](c2cccc(Nc3cc(Cl)nn4ccnc34)c2)C(=O)N1,-7.757708359
O=C1CC[C@@H](c2cccc(Nc3cc(Cl)nn4ccnc34)c2)C(=O)N1,-7.752607205
N#CN1CC[C@H](c2csc3c2CCN(C(=O)c2cccc(N4CCC(=O)NC4=O)c2)C3)C1,-7.600376218
N#CN1CC[C@@H](c2csc3c2CCN(C(=O)c2cccc(N4CCC(=O)NC4=O)c2)C3)C1,-7.488643084
Cc1nn([C@@H]2CCOC2)cc1C(=O)N[C@@H]1CCC(=O)NC1=O,-7.907975327
Cc1nn([C@H]2CCOC2)cc1C(=O)N[C@@H]1CCC(=O)NC1=O,-7.912711031
Cc1nn([C@@H]2CCOC2)cc1C(=O)N[C@H]1CCC(=O)NC1=O,-7.903987774
Cc1nn([C@H]2CCOC2)cc1C(=O)N[C@H]1CCC(=O)NC1=O,-7.888604397
O=C1CC[C@H](NC(=O)c2cnc(-c3ccc4c(c3)CCO4)s2)C(=O)N1,-7.923393654
O=C1CC[C@@H](NC(=O)c2cnc(-c3ccc4c(c3)CCO4)s2)C(=O)N1,-7.941617428
N#CN1CCC[C@H](c2ccc3[nH]cc(-c4cccc(N5CCC(=O)NC5=O)c4)c3c2)C1,-7.229652591
N#CN1CCC[C@@H](c2ccc3[nH]cc(-c4cccc(N5CCC(=O)NC5=O)c4)c3c2)C1,-7.269400364
N[C@@H]1CCC[C@H](CNC(=O)c2ccc3c(c2)C(=O)N([C@@H]2CCC(=O)NC2=O)C3)C1,-7.930000198
N[C@H]1CCC[C@H](CNC(=O)c2ccc3c(c2)C(=O)N([C@@H]2CCC(=O)NC2=O)C3)C1,-7.915420937
N[C@@H]1CCC[C@@H](CNC(=O)c2ccc3c(c2)C(=O)N([C@@H]2CCC(=O)NC2=O)C3)C1,-7.9571321
N[C@H]1CCC[C@@H](CNC(=O)c2ccc3c(c2)C(=O)N([C@@H]2CCC(=O)NC2=O)C3)C1,-7.804587879
N[C@@H]1CCC[C@H](CNC(=O)c2ccc3c(c2)C(=O)N([C@H]2CCC(=O)NC2=O)C3)C1,-7.802082959
N[C@H]1CCC[C@H](CNC(=O)c2ccc3c(c2)C(=O)N([C@H]2CCC(=O)NC2=O)C3)C1,-7.782814562
N[C@@H]1CCC[C@@H](CNC(=O)c2ccc3c(c2)C(=O)N([C@H]2CCC(=O)NC2=O)C3)C1,-7.810683261
N[C@H]1CCC[C@@H](CNC(=O)c2ccc3c(c2)C(=O)N([C@H]2CCC(=O)NC2=O)C3)C1,-7.896162404
N#CN1CCC[C@H](c2ccc3c(c2)CC(C(=O)Nc2cccc([C@@H]4CCC(=O)NC4=O)c2)=N3)C1,-8.421684589
N#CN1CCC[C@@H](c2ccc3c(c2)CC(C(=O)Nc2cccc([C@@H]4CCC(=O)NC4=O)c2)=N3)C1,-8.379182723
N#CN1CCC[C@H](c2ccc3c(c2)CC(C(=O)Nc2cccc([C@H]4CCC(=O)NC4=O)c2)=N3)C1,-8.376587022
N#CN1CCC[C@@H](c2ccc3c(c2)CC(C(=O)Nc2cccc([C@H]4CCC(=O)NC4=O)c2)=N3)C1,-8.340484717
Cc1nn(-c2ccncc2)cc1C(=O)N[C@@H]1CCC(=O)NC1=O,-7.801574952
Cc1nn(-c2ccncc2)cc1C(=O)N[C@H]1CCC(=O)NC1=O,-7.81523254
O=C1CC[C@H](NC(=O)c2cnn(-c3ccncc3)c2C(F)F)C(=O)N1,-8.212735945
O=C1CC[C@@H](NC(=O)c2cnn(-c3ccncc3)c2C(F)F)C(=O)N1,-8.212882236
N#CN1CC[C@H](c2ccn(-c3ccnc(C(=O)N[C@@H]4CCC(=O)NC4=O)n3)n2)C1,-8.548743551
N#CN1CC[C@@H](c2ccn(-c3ccnc(C(=O)N[C@@H]4CCC(=O)NC4=O)n3)n2)C1,-8.576289318
N#CN1CC[C@H](c2ccn(-c3ccnc(C(=O)N[C@H]4CCC(=O)NC4=O)n3)n2)C1,-8.36342807
N#CN1CC[C@@H](c2ccn(-c3ccnc(C(=O)N[C@H]4CCC(=O)NC4=O)n3)n2)C1,-8.362110788
N#CN1CCC[C@H](c2ccc3ncc(C(=O)N[C@@H]4CCC(=O)NC4=O)nc3c2)C1,-8.58454357
N#CN1CCC[C@@H](c2ccc3ncc(C(=O)N[C@@H]4CCC(=O)NC4=O)nc3c2)C1,-8.66039814
N#CN1CCC[C@H](c2ccc3ncc(C(=O)N[C@H]4CCC(=O)NC4=O)nc3c2)C1,-8.946088133
N#CN1CCC[C@@H](c2ccc3ncc(C(=O)N[C@H]4CCC(=O)NC4=O)nc3c2)C1,-8.941487297
O=C1CC[C@H](NC(=O)c2c(Br)cnn2C2CCC2)C(=O)N1,-7.969285854
O=C1CC[C@@H](NC(=O)c2c(Br)cnn2C2CCC2)C(=O)N1,-7.971864809
O=C1CC[C@H](N2Cc3cc(-c4ccc(C5CC5)cc4)ccc3C2=O)C(=O)N1,-8.438688145
O=C1CC[C@@H](N2Cc3cc(-c4ccc(C5CC5)cc4)ccc3C2=O)C(=O)N1,-8.355790873
O=C1CC[C@H](c2cccc(NC(=O)c3ccnc([C@@H]4COCCN4)n3)c2)C(=O)N1,-7.797056387
O=C1CC[C@@H](c2cccc(NC(=O)c3ccnc([C@@H]4COCCN4)n3)c2)C(=O)N1,-7.814638612
O=C1CC[C@H](c2cccc(NC(=O)c3ccnc([C@H]4COCCN4)n3)c2)C(=O)N1,-7.875069978
O=C1CC[C@@H](c2cccc(NC(=O)c3ccnc([C@H]4COCCN4)n3)c2)C(=O)N1,-7.894267601
N#CN1CCC(c2cccc(C(=O)Nc3cccc4c3CN([C@@H]3CCC(=O)NC3=O)C4=O)c2)CC1,-7.959533824
N#CN1CCC(c2cccc(C(=O)Nc3cccc4c3CN([C@H]3CCC(=O)NC3=O)C4=O)c2)CC1,-7.439253545
N#CN1CC[C@H](c2cc(Nc3ccc4c(c3)C(=O)N([C@@H]3CCC(=O)NC3=O)C4)ncn2)C1,-8.061624906
N#CN1CC[C@@H](c2cc(Nc3ccc4c(c3)C(=O)N([C@@H]3CCC(=O)NC3=O)C4)ncn2)C1,-7.775747479
N#CN1CC[C@H](c2cc(Nc3ccc4c(c3)C(=O)N([C@H]3CCC(=O)NC3=O)C4)ncn2)C1,-7.944149635
N#CN1CC[C@@H](c2cc(Nc3ccc4c(c3)C(=O)N([C@H]3CCC(=O)NC3=O)C4)ncn2)C1,-7.956049676
N#CN1CC[C@H](c2cnc3c(-c4cn([C@@H]5CCC(=O)NC5=O)nn4)cccc3c2)C1,-8.187862539
N#CN1CC[C@@H](c2cnc3c(-c4cn([C@@H]5CCC(=O)NC5=O)nn4)cccc3c2)C1,-8.180631212
N#CN1CC[C@H](c2cnc3c(-c4cn([C@H]5CCC(=O)NC5=O)nn4)cccc3c2)C1,-8.369697038
N#CN1CC[C@@H](c2cnc3c(-c4cn([C@H]5CCC(=O)NC5=O)nn4)cccc3c2)C1,-8.179604266
N#CN1CC[C@H](c2cc(-c3nnc(C(=O)N[C@@H]4CCC(=O)NC4=O)o3)sn2)C1,-9.040678231
N#CN1CC[C@@H](c2cc(-c3nnc(C(=O)N[C@@H]4CCC(=O)NC4=O)o3)sn2)C1,-9.032387803
N#CN1CC[C@H](c2cc(-c3nnc(C(=O)N[C@H]4CCC(=O)NC4=O)o3)sn2)C1,-9.036595594
N#CN1CC[C@@H](c2cc(-c3nnc(C(=O)N[C@H]4CCC(=O)NC4=O)o3)sn2)C1,-9.008141658
N#CN1CC[C@H](c2cc3c(c(-c4cccc5c4CN([C@@H]4CCC(=O)NC4=O)C5=O)c2)CNC3)C1,-8.415278033
N#CN1CC[C@@H](c2cc3c(c(-c4cccc5c4CN([C@@H]4CCC(=O)NC4=O)C5=O)c2)CNC3)C1,-8.238100346
N#CN1CC[C@H](c2cc3c(c(-c4cccc5c4CN([C@H]4CCC(=O)NC4=O)C5=O)c2)CNC3)C1,-8.217936447
N#CN1CC[C@@H](c2cc3c(c(-c4cccc5c4CN([C@H]4CCC(=O)NC4=O)C5=O)c2)CNC3)C1,-8.222829775
O=C1CC[C@H](NC(=O)c2cnc(-c3ccccc3Cl)nc2C2CC2)C(=O)N1,-8.098463519
O=C1CC[C@@H](NC(=O)c2cnc(-c3ccccc3Cl)nc2C2CC2)C(=O)N1,-8.107980653
O=C1CC[C@H](NC(=O)c2ccoc2CNC(=O)c2c[nH]c3ncccc23)C(=O)N1,-7.803162952
O=C1CC[C@@H](NC(=O)c2ccoc2CNC(=O)c2c[nH]c3ncccc23)C(=O)N1,-8.054806127
CC(C)n1cc(C(=O)N[C@@H]2CCC(=O)NC2=O)c(C2CCOCC2)n1,-7.948462837
CC(C)n1cc(C(=O)N[C@H]2CCC(=O)NC2=O)c(C2CCOCC2)n1,-7.96886019
Cc1nc(C(=O)N[C@@H]2CCC(=O)NC2=O)c2cc[nH]c2n1,-8.153042905
Cc1nc(C(=O)N[C@H]2CCC(=O)NC2=O)c2cc[nH]c2n1,-8.153236629
Cc1c[nH]c2ncnc(C(=O)N[C@@H]3CCC(=O)NC3=O)c12,-8.1132
Cc1c[nH]c2ncnc(C(=O)N[C@H]3CCC(=O)NC3=O)c12,-8.087643952
C[C@@H]1CNc2[nH]nc(C(=O)N[C@@H]3CCC(=O)NC3=O)c2C1,-7.658673427
C[C@H]1CNc2[nH]nc(C(=O)N[C@@H]3CCC(=O)NC3=O)c2C1,-7.659872146
C[C@@H]1CNc2[nH]nc(C(=O)N[C@H]3CCC(=O)NC3=O)c2C1,-7.658593979
C[C@H]1CNc2[nH]nc(C(=O)N[C@H]3CCC(=O)NC3=O)c2C1,-7.658977999
C[C@@H]1CCCN1CC(=O)Nc1ccc2c(c1)C(=O)N([C@@H]1CCC(=O)NC1=O)C2=O,-8.584404055
C[C@H]1CCCN1CC(=O)Nc1ccc2c(c1)C(=O)N([C@@H]1CCC(=O)NC1=O)C2=O,-8.602351662
C[C@@H]1CCCN1CC(=O)Nc1ccc2c(c1)C(=O)N([C@H]1CCC(=O)NC1=O)C2=O,-8.587185845
C[C@H]1CCCN1CC(=O)Nc1ccc2c(c1)C(=O)N([C@H]1CCC(=O)NC1=O)C2=O,-8.583929005
CN(c1ccccc1)[C@@H]1N=C(Nc2cccc3c2CN([C@@H]2CCC(=O)NC2=O)C3=O)C=CN1,-7.661369828
CN(c1ccccc1)[C@H]1N=C(Nc2cccc3c2CN([C@@H]2CCC(=O)NC2=O)C3=O)C=CN1,-7.648810214
CN(c1ccccc1)[C@@H]1N=C(Nc2cccc3c2CN([C@H]2CCC(=O)NC2=O)C3=O)C=CN1,-7.905331543
CN(c1ccccc1)[C@H]1N=C(Nc2cccc3c2CN([C@H]2CCC(=O)NC2=O)C3=O)C=CN1,-7.667179025
O=C1CC[C@H](N2Cc3c(NC4=N[C@H](Nc5ccccc5F)NC=C4)cccc3C2=O)C(=O)N1,-7.672974342
O=C1CC[C@@H](N2Cc3c(NC4=N[C@H](Nc5ccccc5F)NC=C4)cccc3C2=O)C(=O)N1,-7.724205922
O=C1CC[C@H](N2Cc3c(NC4=N[C@@H](Nc5ccccc5F)NC=C4)cccc3C2=O)C(=O)N1,-7.714850076
O=C1CC[C@@H](N2Cc3c(NC4=N[C@@H](Nc5ccccc5F)NC=C4)cccc3C2=O)C(=O)N1,-7.796799559
COc1ccc(N[C@@H]2N=C(Nc3cccc4c3CN([C@@H]3CCC(=O)NC3=O)C4=O)C=CN2)cc1,-7.904258917
COc1ccc(N[C@H]2N=C(Nc3cccc4c3CN([C@@H]3CCC(=O)NC3=O)C4=O)C=CN2)cc1,-7.794044508
COc1ccc(N[C@@H]2N=C(Nc3cccc4c3CN([C@H]3CCC(=O)NC3=O)C4=O)C=CN2)cc1,-7.586229151
COc1ccc(N[C@H]2N=C(Nc3cccc4c3CN([C@H]3CCC(=O)NC3=O)C4=O)C=CN2)cc1,-7.536743227
Cc1cc(C)c(N[C@@H]2N=C(Nc3cccc4c3CN([C@@H]3CCC(=O)NC3=O)C4=O)C=CN2)c(C)c1,-7.650671522
Cc1cc(C)c(N[C@H]2N=C(Nc3cccc4c3CN([C@@H]3CCC(=O)NC3=O)C4=O)C=CN2)c(C)c1,-7.76399658
Cc1cc(C)c(N[C@@H]2N=C(Nc3cccc4c3CN([C@H]3CCC(=O)NC3=O)C4=O)C=CN2)c(C)c1,-7.688161829
Cc1cc(C)c(N[C@H]2N=C(Nc3cccc4c3CN([C@H]3CCC(=O)NC3=O)C4=O)C=CN2)c(C)c1,-7.688309103
O=C1CC[C@H](NC(=O)c2cccc(-n3nccc3-c3ccccc3)c2)C(=O)N1,-7.82349557
O=C1CC[C@@H](NC(=O)c2cccc(-n3nccc3-c3ccccc3)c2)C(=O)N1,-7.860769037
Cc1occc1C(=O)Nc1cc(Cl)ccc1C(=O)N[C@@H]1CCC(=O)NC1=O,-8.135131378
Cc1occc1C(=O)Nc1cc(Cl)ccc1C(=O)N[C@H]1CCC(=O)NC1=O,-8.135691073
O=C1CC[C@H](N2Cc3cc(CNC(=O)c4cn5ccccc5n4)ccc3C2=O)C(=O)N1,-7.824156299
O=C1CC[C@@H](N2Cc3cc(CNC(=O)c4cn5ccccc5n4)ccc3C2=O)C(=O)N1,-7.808917575
N#CN1CCC[C@H](c2ccc(-c3cccc4c3CN([C@@H]3CCC(=O)NC3=O)C4=O)s2)C1,-7.932451227
N#CN1CCC[C@@H](c2ccc(-c3cccc4c3CN([C@@H]3CCC(=O)NC3=O)C4=O)s2)C1,-7.849708679
N#CN1CCC[C@H](c2ccc(-c3cccc4c3CN([C@H]3CCC(=O)NC3=O)C4=O)s2)C1,-7.889691232
N#CN1CCC[C@@H](c2ccc(-c3cccc4c3CN([C@H]3CCC(=O)NC3=O)C4=O)s2)C1,-7.559990452
N#CN1CCC(c2ccc3c(c2)[C@H](C(=O)Nc2ccc([C@@H]4CCC(=O)NC4=O)cc2)CC3)CC1,-7.51371359
N#CN1CCC(c2ccc3c(c2)[C@@H](C(=O)Nc2ccc([C@@H]4CCC(=O)NC4=O)cc2)CC3)CC1,-7.495443607
N#CN1CCC(c2ccc3c(c2)[C@H](C(=O)Nc2ccc([C@H]4CCC(=O)NC4=O)cc2)CC3)CC1,-7.647144559
N#CN1CCC(c2ccc3c(c2)[C@@H](C(=O)Nc2ccc([C@H]4CCC(=O)NC4=O)cc2)CC3)CC1,-7.537870542
O=C1CC[C@H](Nc2ccc(NC(=O)c3cncc(-n4ccnc4)n3)cc2)C(=O)N1,-8.75689784
O=C1CC[C@@H](Nc2ccc(NC(=O)c3cncc(-n4ccnc4)n3)cc2)C(=O)N1,-8.757174509
Nc1sc2c(c1C(=O)Nc1ccc(N[C@@H]3CCC(=O)NC3=O)cc1)CCNC2,-7.915035572
Nc1sc2c(c1C(=O)Nc1ccc(N[C@H]3CCC(=O)NC3=O)cc1)CCNC2,-7.917161256
O=C1NC(=O)c2cc(S(=O)(=O)N3CCc4ccc(F)cc43)ccc21,-9.347767566
N#CN1CCC(c2nccc(Nc3ccc4c(c3)CN([C@@H]3CCC(=O)NC3=O)C4=O)n2)CC1,-7.847375606
N#CN1CCC(c2nccc(Nc3ccc4c(c3)CN([C@H]3CCC(=O)NC3=O)C4=O)n2)CC1,-7.854534914
O=C1CC[C@H](NC(=O)c2coc(CNC(=O)c3nccc4cc[nH]c34)n2)C(=O)N1,-7.774945716
O=C1CC[C@@H](NC(=O)c2coc(CNC(=O)c3nccc4cc[nH]c34)n2)C(=O)N1,-8.122487022
O=C1C[C@H](NC(=O)Cc2ccccc2)C(=O)N1,-7.914636956
O=C1C[C@@H](NC(=O)Cc2ccccc2)C(=O)N1,-7.775320064
O=C1CC[C@H](N2Cc3ccc(NC(=O)C4CCCCC4)cc3C2=O)C(=O)N1,-8.011745323
O=C1CC[C@@H](N2Cc3ccc(NC(=O)C4CCCCC4)cc3C2=O)C(=O)N1,-8.042336573
O=C1CC(c2ccc(NS(=O)(=O)N3CCCCCC3)cc2)CC(=O)N1,-7.743532512
O=C1CC[C@H](Nc2cc(Cl)nc(-c3ccoc3)n2)C(=O)N1,-8.15414587
O=C1CC[C@@H](Nc2cc(Cl)nc(-c3ccoc3)n2)C(=O)N1,-8.154045995
Cn1ccc2cc(-c3cccc4c3C(=O)N([C@@H]3CCC(=O)NC3=O)C4=O)ccc21,-7.842595251
Cn1ccc2cc(-c3cccc4c3C(=O)N([C@H]3CCC(=O)NC3=O)C4=O)ccc21,-7.842599398
Cn1cncc1-c1cn(-c2cccc3c2CN([C@@H]2CCC(=O)NC2=O)C3=O)nn1,-7.949983443
Cn1cncc1-c1cn(-c2cccc3c2CN([C@H]2CCC(=O)NC2=O)C3=O)nn1,-7.944514144
N#CN1CC[C@H](c2ccc(NC(=O)c3cccc4c3CN([C@@H]3CCC(=O)NC3=O)C4=O)cc2)C1,-7.887462222
N#CN1CC[C@@H](c2ccc(NC(=O)c3cccc4c3CN([C@@H]3CCC(=O)NC3=O)C4=O)cc2)C1,-7.738002068
N#CN1CC[C@H](c2ccc(NC(=O)c3cccc4c3CN([C@H]3CCC(=O)NC3=O)C4=O)cc2)C1,-8.057949266
N#CN1CC[C@@H](c2ccc(NC(=O)c3cccc4c3CN([C@H]3CCC(=O)NC3=O)C4=O)cc2)C1,-7.890221636
N#CN1CCC(c2cccc(-n3nc(C(=O)N[C@@H]4CCC(=O)NC4=O)c4c3CCC4)c2)CC1,-7.83181999
N#CN1CCC(c2cccc(-n3nc(C(=O)N[C@H]4CCC(=O)NC4=O)c4c3CCC4)c2)CC1,-7.735519019
N#CN1CCC[C@H](c2cc(-c3ccc4c(c3)C(=O)N([C@@H]3CCC(=O)NC3=O)C4)cc3c2CCC3)C1,-7.888599943
N#CN1CCC[C@@H](c2cc(-c3ccc4c(c3)C(=O)N([C@@H]3CCC(=O)NC3=O)C4)cc3c2CCC3)C1,-7.895417288
N#CN1CCC[C@H](c2cc(-c3ccc4c(c3)C(=O)N([C@H]3CCC(=O)NC3=O)C4)cc3c2CCC3)C1,-7.786382966
N#CN1CCC[C@@H](c2cc(-c3ccc4c(c3)C(=O)N([C@H]3CCC(=O)NC3=O)C4)cc3c2CCC3)C1,-7.877325996
N#CN1CCC[C@H](c2cccc(-c3ccoc3C(=O)N[C@@H]3CCC(=O)NC3=O)c2)C1,-7.983482963
N#CN1CCC[C@@H](c2cccc(-c3ccoc3C(=O)N[C@@H]3CCC(=O)NC3=O)c2)C1,-7.974466806
N#CN1CCC[C@H](c2cccc(-c3ccoc3C(=O)N[C@H]3CCC(=O)NC3=O)c2)C1,-7.910655021
N#CN1CCC[C@@H](c2cccc(-c3ccoc3C(=O)N[C@H]3CCC(=O)NC3=O)c2)C1,-7.855242885
N#CN1CCC(c2ccn(-c3ccccc3C(=O)N[C@@H]3CCC(=O)NC3=O)n2)CC1,-7.644643789
N#CN1CCC(c2ccn(-c3ccccc3C(=O)N[C@H]3CCC(=O)NC3=O)n2)CC1,-7.964627125
O=C1CC[C@H](N2Cc3c(NC4=N[C@H](N5CCC[C@@H]5CO)NC=C4)cccc3C2=O)C(=O)N1,-7.925986521
O=C1CC[C@@H](N2Cc3c(NC4=N[C@H](N5CCC[C@@H]5CO)NC=C4)cccc3C2=O)C(=O)N1,-7.853445946
O=C1CC[C@H](N2Cc3c(NC4=N[C@@H](N5CCC[C@@H]5CO)NC=C4)cccc3C2=O)C(=O)N1,-7.899804176
O=C1CC[C@@H](N2Cc3c(NC4=N[C@@H](N5CCC[C@@H]5CO)NC=C4)cccc3C2=O)C(=O)N1,-7.863750857
O=C1CC[C@H](N2Cc3c(NC4=N[C@H](N5CCC[C@H]5CO)NC=C4)cccc3C2=O)C(=O)N1,-7.947308045
O=C1CC[C@@H](N2Cc3c(NC4=N[C@H](N5CCC[C@H]5CO)NC=C4)cccc3C2=O)C(=O)N1,-7.911248136
O=C1CC[C@H](N2Cc3c(NC4=N[C@@H](N5CCC[C@H]5CO)NC=C4)cccc3C2=O)C(=O)N1,-7.851834111
O=C1CC[C@@H](N2Cc3c(NC4=N[C@@H](N5CCC[C@H]5CO)NC=C4)cccc3C2=O)C(=O)N1,-7.885912205
N#CN1CC[C@H](c2cc3c(cc2-c2cncc(C(=O)N[C@@H]4CCC(=O)NC4=O)c2)CCO3)C1,-7.91387865
N#CN1CC[C@@H](c2cc3c(cc2-c2cncc(C(=O)N[C@@H]4CCC(=O)NC4=O)c2)CCO3)C1,-8.004466414
N#CN1CC[C@H](c2cc3c(cc2-c2cncc(C(=O)N[C@H]4CCC(=O)NC4=O)c2)CCO3)C1,-8.002365834
N#CN1CC[C@@H](c2cc3c(cc2-c2cncc(C(=O)N[C@H]4CCC(=O)NC4=O)c2)CCO3)C1,-7.961154993
O=C1CC[C@H](N2Cc3ccc(S(=O)(=O)n4cncn4)cc3C2=O)C(=O)N1,-8.15015811
O=C1CC[C@@H](N2Cc3ccc(S(=O)(=O)n4cncn4)cc3C2=O)C(=O)N1,-8.179861884
N#CN1CC[C@H](c2cn[nH]c2-c2ccc3c(c2)C(=O)N([C@@H]2CCC(=O)NC2=O)C3)C1,-7.780994067
N#CN1CC[C@@H](c2cn[nH]c2-c2ccc3c(c2)C(=O)N([C@@H]2CCC(=O)NC2=O)C3)C1,-7.919759788
N#CN1CC[C@H](c2cn[nH]c2-c2ccc3c(c2)C(=O)N([C@H]2CCC(=O)NC2=O)C3)C1,-8.027566316
N#CN1CC[C@@H](c2cn[nH]c2-c2ccc3c(c2)C(=O)N([C@H]2CCC(=O)NC2=O)C3)C1,-8.028326317
CN(C)C/C=C/C(=O)NC[C@@H]1c2ccccc2C(=O)N1C,-7.903222144
CN(C)C/C=C/C(=O)NC[C@H]1c2ccccc2C(=O)N1C,-7.907280871
CN(C)C/C=C\C(=O)NC[C@@H]1c2ccccc2C(=O)N1C,-7.217024621
CN(C)C/C=C\C(=O)NC[C@H]1c2ccccc2C(=O)N1C,-7.06304283
O=C(CCl)Nc1ccc2c(c1)C(=O)NC2,-7.287777623
O=C(CCl)Nc1cccc2c1CNC2=O,-7.33377054
O=C(CCl)Nc1cccc2c1C(=O)NC2,-7.4484
O=C(CCl)NN1Cc2ccccc2C1=O,-7.479911371
C=CC(=O)NC[C@@H]1c2ccccc2C(=O)N1C,-7.726799221
C=CC(=O)NC[C@H]1c2ccccc2C(=O)N1C,-7.727063554
CN1Cc2cccc(NC(=O)CCl)c2C1=O,-7.222321004
CN1Cc2ccc(NC(=O)CCl)cc2C1=O,-7.379
CN1Cc2c(NC(=O)CCl)cccc2C1=O,-7.270767067
O=C1NCc2c(NC(=O)[C@H](F)Cl)cccc21,-7.803929867
O=C1NCc2c(NC(=O)[C@@H](F)Cl)cccc21,-7.803594326
CC(C)(C)CNC(=O)NS(=O)(=O)c1cccc2c1CNC2=O,-7.677222802
C=CC(=O)Nc1cccc2c1CNC2=O,-7.69052897
CN1C(=O)c2ccccc2[C@@H]1CNC(=O)CCl,-7.324495777
CN1C(=O)c2ccccc2[C@H]1CNC(=O)CCl,-7.29510641
C=CC(=O)N(CCNC(=O)c1cccc2c1C(=O)NC2)CCOC,-7.775174647
CN1Cc2ccc(CNC(=O)CCl)cc2C1=O,-7.166837164
CN1Cc2cc(CNC(=O)CCl)ccc2C1=O,-7.166412411
C[C@H](Cl)C(=O)Nc1cccc2c1CN(C)C2=O,-7.326362157
C[C@@H](Cl)C(=O)Nc1cccc2c1CN(C)C2=O,-7.328724921
COc1cccc2c1C(=O)N(C)[C@@H]2CN,-6.8861
CCN1Cc2cc(CNC(=O)CCl)ccc2C1=O,-7.308599766
COc1cccc2c1C(=O)N(C)[C@H]2CN,-7.042484934
C=CC(=O)Nc1cccc2c1C(=O)N(C)C2,-7.514356314
C=CC(=O)Nc1ccc2c(c1)C(=O)N(C)C2,-7.3933
C=CC(=O)NC[C@@H]1NC(=O)c2ccccc21,-7.361695823
C=CC(=O)NC[C@H]1NC(=O)c2ccccc21,-7.417587023
C[C@H](C(=O)NS(C)(=O)=O)c1ccc2c(c1)C(=O)NC2,-7.454325891
C[C@@H](C(=O)NS(C)(=O)=O)c1ccc2c(c1)C(=O)NC2,-7.452754715
O=C1CCN(c2cccc(OCc3ccc(CN4CCOCC4)cc3)c2)C(=O)N1,-7.257576617
O=C1CC[C@H](N2Cc3ccc(CNC(=O)[C@@H]4[C@@H]5CCCC[C@@H]54)cc3C2=O)C(=O)N1,-7.932464344
O=C1CC[C@@H](N2Cc3ccc(CNC(=O)[C@@H]4[C@@H]5CCCC[C@@H]54)cc3C2=O)C(=O)N1,-7.932724854
O=C1CC[C@H](N2Cc3ccc(CNC(=O)[C@H]4[C@@H]5CCCC[C@@H]54)cc3C2=O)C(=O)N1,-7.961915323
O=C1CC[C@@H](N2Cc3ccc(CNC(=O)[C@H]4[C@@H]5CCCC[C@@H]54)cc3C2=O)C(=O)N1,-7.93698735
O=C1CC[C@H](N2Cc3ccc(CNC(=O)C4[C@H]5CCCC[C@H]45)cc3C2=O)C(=O)N1,-7.923082835
O=C1CC[C@@H](N2Cc3ccc(CNC(=O)C4[C@H]5CCCC[C@H]45)cc3C2=O)C(=O)N1,-7.978486146
O=C1CC[C@H](N2Cc3ccc(CNC(=O)C4[C@@H]5CCCC[C@@H]45)cc3C2=O)C(=O)N1,-7.960687741
O=C1CC[C@@H](N2Cc3ccc(CNC(=O)C4[C@@H]5CCCC[C@@H]45)cc3C2=O)C(=O)N1,-7.96577755
O=C1CC[C@H](N2Cc3cc(CNC(=O)c4ccc(F)cc4)ccc3C2=O)C(=O)N1,-7.881664184
O=C1CC[C@@H](N2Cc3cc(CNC(=O)c4ccc(F)cc4)ccc3C2=O)C(=O)N1,-7.91749337
CN(c1ncnc2c1nc1n2CCOC1)[C@@H]1CCC(=O)NC1=O,-7.882719421
CN(c1ncnc2c1nc1n2CCOC1)[C@H]1CCC(=O)NC1=O,-7.758989195
N#CN1CC[C@H](c2ccc3c(c2)[C@H](C(=O)Nc2ccc([C@@H]4CCC(=O)NC4=O)cc2)OCC3)C1,-7.71771535
N#CN1CC[C@@H](c2ccc3c(c2)[C@H](C(=O)Nc2ccc([C@@H]4CCC(=O)NC4=O)cc2)OCC3)C1,-7.720868639
N#CN1CC[C@H](c2ccc3c(c2)[C@@H](C(=O)Nc2ccc([C@@H]4CCC(=O)NC4=O)cc2)OCC3)C1,-7.668339408
N#CN1CC[C@@H](c2ccc3c(c2)[C@@H](C(=O)Nc2ccc([C@@H]4CCC(=O)NC4=O)cc2)OCC3)C1,-7.659752104
N#CN1CC[C@H](c2ccc3c(c2)[C@H](C(=O)Nc2ccc([C@H]4CCC(=O)NC4=O)cc2)OCC3)C1,-7.670565605
N#CN1CC[C@@H](c2ccc3c(c2)[C@H](C(=O)Nc2ccc([C@H]4CCC(=O)NC4=O)cc2)OCC3)C1,-7.647935035
N#CN1CC[C@H](c2ccc3c(c2)[C@@H](C(=O)Nc2ccc([C@H]4CCC(=O)NC4=O)cc2)OCC3)C1,-7.655913156
N#CN1CC[C@@H](c2ccc3c(c2)[C@@H](C(=O)Nc2ccc([C@H]4CCC(=O)NC4=O)cc2)OCC3)C1,-7.65392571
CC[C@]1(c2ccc(NC(=O)[C@]3(C)CC3(Cl)Cl)cc2)CCC(=O)NC1=O,-7.609100446
CC[C@@]1(c2ccc(NC(=O)[C@]3(C)CC3(Cl)Cl)cc2)CCC(=O)NC1=O,-7.619607494
CC[C@]1(c2ccc(NC(=O)[C@@]3(C)CC3(Cl)Cl)cc2)CCC(=O)NC1=O,-7.619833207
CC[C@@]1(c2ccc(NC(=O)[C@@]3(C)CC3(Cl)Cl)cc2)CCC(=O)NC1=O,-7.623429378
N#CN1CCC[C@H](c2ccnc(Nc3ccc4c(c3)CN([C@@H]3CCC(=O)NC3=O)C4=O)n2)C1,-7.717768146
N#CN1CCC[C@@H](c2ccnc(Nc3ccc4c(c3)CN([C@@H]3CCC(=O)NC3=O)C4=O)n2)C1,-7.864491924
N#CN1CCC[C@H](c2ccnc(Nc3ccc4c(c3)CN([C@H]3CCC(=O)NC3=O)C4=O)n2)C1,-7.68017271
N#CN1CCC[C@@H](c2ccnc(Nc3ccc4c(c3)CN([C@H]3CCC(=O)NC3=O)C4=O)n2)C1,-7.727117453
O=C1CC[C@H](N2Cc3c(C(=O)NC[C@@H]4CCCCCN4)cccc3C2=O)C(=O)N1,-7.781602556
O=C1CC[C@@H](N2Cc3c(C(=O)NC[C@@H]4CCCCCN4)cccc3C2=O)C(=O)N1,-7.843858475
O=C1CC[C@H](N2Cc3c(C(=O)NC[C@H]4CCCCCN4)cccc3C2=O)C(=O)N1,-7.766285841
O=C1CC[C@@H](N2Cc3c(C(=O)NC[C@H]4CCCCCN4)cccc3C2=O)C(=O)N1,-7.764813942
N#CN1CCC(c2cccc(-n3nc(C(=O)N[C@@H]4CCC(=O)NC4=O)ccc3=O)c2)CC1,-8.296107046
N#CN1CCC(c2cccc(-n3nc(C(=O)N[C@H]4CCC(=O)NC4=O)ccc3=O)c2)CC1,-7.942517778
CC1CC(=O)NC(=O)C1,-7.606958996
N[C@@H]1CCC(=O)NC1=O,-7.811155728
N[C@H]1CCC(=O)NC1=O,-7.811303524
CC1(C)CC(=O)NC(=O)C1,-7.5528
O=C1CCCC(=O)N1,-7.6514
N#CN1CCC[C@H](c2cncc(-c3ccc4c(c3)CN([C@@H]3CCC(=O)NC3=O)C4=O)n2)C1,-8.155127438
N#CN1CCC[C@@H](c2cncc(-c3ccc4c(c3)CN([C@@H]3CCC(=O)NC3=O)C4=O)n2)C1,-8.149804668
N#CN1CCC[C@H](c2cncc(-c3ccc4c(c3)CN([C@H]3CCC(=O)NC3=O)C4=O)n2)C1,-8.138104005
N#CN1CCC[C@@H](c2cncc(-c3ccc4c(c3)CN([C@H]3CCC(=O)NC3=O)C4=O)n2)C1,-8.156713234
N#CN1CCC[C@H](c2ncc(-c3cccc4c3CN([C@@H]3CCC(=O)NC3=O)C4=O)cn2)C1,-7.941987676
N#CN1CCC[C@@H](c2ncc(-c3cccc4c3CN([C@@H]3CCC(=O)NC3=O)C4=O)cn2)C1,-8.056344312
N#CN1CCC[C@H](c2ncc(-c3cccc4c3CN([C@H]3CCC(=O)NC3=O)C4=O)cn2)C1,-8.287153375
N#CN1CCC[C@@H](c2ncc(-c3cccc4c3CN([C@H]3CCC(=O)NC3=O)C4=O)cn2)C1,-7.991936037
N#CN1CC[C@H](c2ccc3c(n2)[C@]2(CCOC2)CN3C(=O)c2ccc(N3CCC(=O)NC3=O)cc2)C1,-7.694087597
N#CN1CC[C@@H](c2ccc3c(n2)[C@]2(CCOC2)CN3C(=O)c2ccc(N3CCC(=O)NC3=O)cc2)C1,-7.617692077
N#CN1CC[C@H](c2ccc3c(n2)[C@@]2(CCOC2)CN3C(=O)c2ccc(N3CCC(=O)NC3=O)cc2)C1,-7.646324352
N#CN1CC[C@@H](c2ccc3c(n2)[C@@]2(CCOC2)CN3C(=O)c2ccc(N3CCC(=O)NC3=O)cc2)C1,-7.662217068
CC(C)c1cnc2cc(C(=O)N[C@@H]3CCC(=O)NC3=O)[nH]c2c1,-8.348195944
CC(C)c1cnc2cc(C(=O)N[C@H]3CCC(=O)NC3=O)[nH]c2c1,-8.276993089
O=C1CC[C@H](NC(=O)c2[nH]c3cccnc3c2Br)C(=O)N1,-8.0972262
O=C1CC[C@@H](NC(=O)c2[nH]c3cccnc3c2Br)C(=O)N1,-8.097294484
O=C1CC[C@H](NC(=O)c2cc3nc(S(=O)(=O)F)ccc3[nH]2)C(=O)N1,-8.785048526
O=C1CC[C@@H](NC(=O)c2cc3nc(S(=O)(=O)F)ccc3[nH]2)C(=O)N1,-8.778582526
O=C1CC[C@H](NC(=O)c2cc3nccc(S(=O)(=O)F)c3[nH]2)C(=O)N1,-8.595628545
O=C1CC[C@@H](NC(=O)c2cc3nccc(S(=O)(=O)F)c3[nH]2)C(=O)N1,-8.350565073
N#CN1CC[C@H](c2ccc(-n3nnc(C(=O)N[C@@H]4CCC(=O)NC4=O)n3)cc2)C1,-8.945810426
N#CN1CC[C@@H](c2ccc(-n3nnc(C(=O)N[C@@H]4CCC(=O)NC4=O)n3)cc2)C1,-8.546111041
N#CN1CC[C@H](c2ccc(-n3nnc(C(=O)N[C@H]4CCC(=O)NC4=O)n3)cc2)C1,-8.23488031
N#CN1CC[C@@H](c2ccc(-n3nnc(C(=O)N[C@H]4CCC(=O)NC4=O)n3)cc2)C1,-8.484281462
CC1(C)COC[C@H](C(=O)Nc2cccc([C@@H]3CCC(=O)NC3=O)c2)CN1,-7.977121143
CC1(C)COC[C@@H](C(=O)Nc2cccc([C@@H]3CCC(=O)NC3=O)c2)CN1,-7.974084525
CC1(C)COC[C@H](C(=O)Nc2cccc([C@H]3CCC(=O)NC3=O)c2)CN1,-7.979736582
CC1(C)COC[C@@H](C(=O)Nc2cccc([C@H]3CCC(=O)NC3=O)c2)CN1,-7.974911446
N#CN1CC[C@H](c2ccc(-c3cccc4c3CN([C@@H]3CCC(=O)NC3=O)C4=O)c3c2CNCCO3)C1,-7.889929682
N#CN1CC[C@@H](c2ccc(-c3cccc4c3CN([C@@H]3CCC(=O)NC3=O)C4=O)c3c2CNCCO3)C1,-7.823274471
N#CN1CC[C@H](c2ccc(-c3cccc4c3CN([C@H]3CCC(=O)NC3=O)C4=O)c3c2CNCCO3)C1,-7.847929886
N#CN1CC[C@@H](c2ccc(-c3cccc4c3CN([C@H]3CCC(=O)NC3=O)C4=O)c3c2CNCCO3)C1,-7.897560825
O=C1CCN(c2ccc(C3CCNCC3)c(OS(=O)(=O)F)c2)C(=O)N1,-7.617040965
O=C1CCN(c2ccc(C3CCNCC3)cc2)C(=O)N1,-7.24356068
N#CN1CCC[C@H](c2ccc(-c3ccc(C(=O)N[C@@H]4CCC(=O)NC4=O)o3)cc2)C1,-8.034834197
N#CN1CCC[C@@H](c2ccc(-c3ccc(C(=O)N[C@@H]4CCC(=O)NC4=O)o3)cc2)C1,-7.942782407
N#CN1CCC[C@H](c2ccc(-c3ccc(C(=O)N[C@H]4CCC(=O)NC4=O)o3)cc2)C1,-7.992017496
N#CN1CCC[C@@H](c2ccc(-c3ccc(C(=O)N[C@H]4CCC(=O)NC4=O)o3)cc2)C1,-7.869544723
O=C1CC[C@H](NC(=O)c2cc3c([nH]c2=O)CCC[C@@H]3O)C(=O)N1,-7.774342749
O=C1CC[C@@H](NC(=O)c2cc3c([nH]c2=O)CCC[C@@H]3O)C(=O)N1,-7.796459815
O=C1CC[C@H](NC(=O)c2cc3c([nH]c2=O)CCC[C@H]3O)C(=O)N1,-7.81126444
O=C1CC[C@@H](NC(=O)c2cc3c([nH]c2=O)CCC[C@H]3O)C(=O)N1,-8.376092664
CC1(C)CCCc2cc(C(=O)N[C@@H]3CCC(=O)NC3=O)c(=O)[nH]c21,-7.594825525
CC1(C)CCCc2cc(C(=O)N[C@H]3CCC(=O)NC3=O)c(=O)[nH]c21,-7.592843741
CC[C@@H]1CCc2[nH]c(=O)c(C(=O)N[C@@H]3CCC(=O)NC3=O)cc2C1,-7.592594388
CC[C@H]1CCc2[nH]c(=O)c(C(=O)N[C@@H]3CCC(=O)NC3=O)cc2C1,-7.588520916
CC[C@@H]1CCc2[nH]c(=O)c(C(=O)N[C@H]3CCC(=O)NC3=O)cc2C1,-7.591704293
CC[C@H]1CCc2[nH]c(=O)c(C(=O)N[C@H]3CCC(=O)NC3=O)cc2C1,-7.595251127
N#CN1CCC[C@H](c2cccc(-c3cccc4c3CN([C@@H]3CCC(=O)NC3=O)C4=O)n2)C1,-7.963255911
N#CN1CCC[C@@H](c2cccc(-c3cccc4c3CN([C@@H]3CCC(=O)NC3=O)C4=O)n2)C1,-7.993395445
N#CN1CCC[C@H](c2cccc(-c3cccc4c3CN([C@H]3CCC(=O)NC3=O)C4=O)n2)C1,-7.963093995
N#CN1CCC[C@@H](c2cccc(-c3cccc4c3CN([C@H]3CCC(=O)NC3=O)C4=O)n2)C1,-7.666888598
O=C1CC[C@H](Nc2cc(=O)n3cc(Cl)ccc3n2)C(=O)N1,-8.118735363
O=C1CC[C@@H](Nc2cc(=O)n3cc(Cl)ccc3n2)C(=O)N1,-7.97325676
O=C1CC[C@H](Nc2nc3ccccn3c(=O)c2[N+](=O)[O-])C(=O)N1,-8.763436195
O=C1CC[C@@H](Nc2nc3ccccn3c(=O)c2[N+](=O)[O-])C(=O)N1,-8.763480402
O=C1CC[C@H](Nc2cc(=O)n3ccc(S(=O)(=O)F)cc3n2)C(=O)N1,-8.47216536
O=C1CC[C@@H](Nc2cc(=O)n3ccc(S(=O)(=O)F)cc3n2)C(=O)N1,-8.635289111
N#CN1CC[C@H](c2ccc(-c3nc(C(=O)N[C@@H]4CCC(=O)NC4=O)c4n3CCOC4)cc2)C1,-7.782924859
N#CN1CC[C@@H](c2ccc(-c3nc(C(=O)N[C@@H]4CCC(=O)NC4=O)c4n3CCOC4)cc2)C1,-7.78478097
N#CN1CC[C@H](c2ccc(-c3nc(C(=O)N[C@H]4CCC(=O)NC4=O)c4n3CCOC4)cc2)C1,-7.781548289
N#CN1CC[C@@H](c2ccc(-c3nc(C(=O)N[C@H]4CCC(=O)NC4=O)c4n3CCOC4)cc2)C1,-7.768003752
N[C@]1(CO)CCc2cc(-c3ccc4c(c3)C(=O)NC4=O)ccc2C1,-8.600451461
N[C@@]1(CO)CCc2cc(-c3ccc4c(c3)C(=O)NC4=O)ccc2C1,-8.596331785
O=C1CC[C@H](N2Cc3ccc(C(=O)N4CCC5(CCCC5)C4)cc3C2=O)C(=O)N1,-7.928959664
O=C1CC[C@@H](N2Cc3ccc(C(=O)N4CCC5(CCCC5)C4)cc3C2=O)C(=O)N1,-7.899144026
O=C1CC[C@H](NC(=O)c2cc(=O)[nH]c(C3CC3)n2)C(=O)N1,-8.042003824
O=C1CC[C@@H](NC(=O)c2cc(=O)[nH]c(C3CC3)n2)C(=O)N1,-8.235860519
N#CN1CCC(c2c(C(=O)Nc3cccc([C@@H]4CCC(=O)NC4=O)c3)nc3n2CCCC3)CC1,-7.521848511
N#CN1CCC(c2c(C(=O)Nc3cccc([C@H]4CCC(=O)NC4=O)c3)nc3n2CCCC3)CC1,-7.461504968
N#CN1CC[C@H](c2ccc3c(n2)CC[C@H](NC(=O)c2ccc(N4CCC(=O)NC4=O)cc2)C3)C1,-7.635525089
N#CN1CC[C@@H](c2ccc3c(n2)CC[C@H](NC(=O)c2ccc(N4CCC(=O)NC4=O)cc2)C3)C1,-7.603940448
N#CN1CC[C@H](c2ccc3c(n2)CC[C@@H](NC(=O)c2ccc(N4CCC(=O)NC4=O)cc2)C3)C1,-7.605919921
N#CN1CC[C@@H](c2ccc3c(n2)CC[C@@H](NC(=O)c2ccc(N4CCC(=O)NC4=O)cc2)C3)C1,-7.323863979
COc1ccc2c(c1)OC[C@H](NC(=O)c1cccc(N3CCC(=O)NC3=O)c1)C2,-7.907517251
COc1ccc2c(c1)OC[C@@H](NC(=O)c1cccc(N3CCC(=O)NC3=O)c1)C2,-7.736730621
O=C1CCN(c2cccc(C(=O)N[C@@H]3COc4c(cccc4S(=O)(=O)F)C3)c2)C(=O)N1,-7.687612241
O=C1CCN(c2cccc(C(=O)N[C@H]3COc4c(cccc4S(=O)(=O)F)C3)c2)C(=O)N1,-7.719105627
O=C1CCN(c2cccc(C(=O)N[C@@H]3COc4cc(S(=O)(=O)F)ccc4C3)c2)C(=O)N1,-7.835801061
O=C1CCN(c2cccc(C(=O)N[C@H]3COc4cc(S(=O)(=O)F)ccc4C3)c2)C(=O)N1,-7.845885588
N#CN1CCC[C@H](c2noc(-c3ccccc3C(=O)N[C@@H]3CCC(=O)NC3=O)n2)C1,-8.163003509
N#CN1CCC[C@@H](c2noc(-c3ccccc3C(=O)N[C@@H]3CCC(=O)NC3=O)n2)C1,-8.002422792
N#CN1CCC[C@H](c2noc(-c3ccccc3C(=O)N[C@H]3CCC(=O)NC3=O)n2)C1,-8.155104347
N#CN1CCC[C@@H](c2noc(-c3ccccc3C(=O)N[C@H]3CCC(=O)NC3=O)n2)C1,-7.8603162
CC1(C)COCC[C@@H]1C(=O)NCc1cc(C(=O)N[C@@H]2CCC(=O)NC2=O)on1,-8.414787323
CC1(C)COCC[C@H]1C(=O)NCc1cc(C(=O)N[C@@H]2CCC(=O)NC2=O)on1,-8.371565848
CC1(C)COCC[C@@H]1C(=O)NCc1cc(C(=O)N[C@H]2CCC(=O)NC2=O)on1,-8.384886518
CC1(C)COCC[C@H]1C(=O)NCc1cc(C(=O)N[C@H]2CCC(=O)NC2=O)on1,-8.527145294
Nc1n[nH]c2cncc(C(=O)Nc3cccc(N[C@@H]4CCC(=O)NC4=O)c3)c12,-7.900322252
Nc1n[nH]c2cncc(C(=O)Nc3cccc(N[C@H]4CCC(=O)NC4=O)c3)c12,-7.981668463
N#CN1CCC[C@H](c2ccc(-n3cncc3C(=O)N[C@@H]3CCC(=O)NC3=O)cc2)C1,-7.732004265
N#CN1CCC[C@@H](c2ccc(-n3cncc3C(=O)N[C@@H]3CCC(=O)NC3=O)cc2)C1,-7.97222391
N#CN1CCC[C@H](c2ccc(-n3cncc3C(=O)N[C@H]3CCC(=O)NC3=O)cc2)C1,-7.994926477
N#CN1CCC[C@@H](c2ccc(-n3cncc3C(=O)N[C@H]3CCC(=O)NC3=O)cc2)C1,-7.822231283
O=C1CC[C@H](NC(=O)c2cc(Cn3cc(Cl)cn3)cs2)C(=O)N1,-8.020289275
O=C1CC[C@@H](NC(=O)c2cc(Cn3cc(Cl)cn3)cs2)C(=O)N1,-7.955713674
O=C1CC[C@H](NC(=O)c2cc(Br)cnc2OCC2CC2)C(=O)N1,-8.135375644
O=C1CC[C@@H](NC(=O)c2cc(Br)cnc2OCC2CC2)C(=O)N1,-8.134742728
O=C1CC[C@H](N2Cc3cc(-c4ccc5ncsc5c4)ccc3C2=O)C(=O)N1,-7.940868743
O=C1CC[C@@H](N2Cc3cc(-c4ccc5ncsc5c4)ccc3C2=O)C(=O)N1,-7.914834303
COc1cccc(/C=C/C(=O)N[C@@H]2CCC(=O)NC2=O)c1,-7.935467426
COc1cccc(/C=C/C(=O)N[C@H]2CCC(=O)NC2=O)c1,-7.956775211
COc1cccc(/C=C\C(=O)N[C@@H]2CCC(=O)NC2=O)c1,-7.935756379
COc1cccc(/C=C\C(=O)N[C@H]2CCC(=O)NC2=O)c1,-7.971185949
N#CN1CCC(c2ccc(Nc3cccc4c3C(=O)N([C@@H]3CCC(=O)NC3=O)C4=O)cc2)CC1,-8.547554948
N#CN1CCC(c2ccc(Nc3cccc4c3C(=O)N([C@H]3CCC(=O)NC3=O)C4=O)cc2)CC1,-8.658127747
O=C1NCc2ccc(NC(=O)C3(c4cccc(F)c4)CCCCC3)cc21,-7.203576153
O=C1CC[C@H](NC(=O)c2cnn3c(S(=O)(=O)F)csc23)C(=O)N1,-8.445762021
O=C1CC[C@@H](NC(=O)c2cnn3c(S(=O)(=O)F)csc23)C(=O)N1,-8.676781646
O=C1CC[C@H](NC(=O)c2cnn3cc(S(=O)(=O)F)sc23)C(=O)N1,-8.464922194
O=C1CC[C@@H](NC(=O)c2cnn3cc(S(=O)(=O)F)sc23)C(=O)N1,-8.562186681
O=C1CC[C@H](NC(=O)c2cnn3ccsc23)C(=O)N1,-7.939661043
O=C1CC[C@@H](NC(=O)c2cnn3ccsc23)C(=O)N1,-7.939377345
N#CN1CCC[C@H](c2cc(-c3ccc4c(c3)CN([C@@H]3CCC(=O)NC3=O)C4=O)nc3c2NCCC3)C1,-7.876249871
N#CN1CCC[C@@H](c2cc(-c3ccc4c(c3)CN([C@@H]3CCC(=O)NC3=O)C4=O)nc3c2NCCC3)C1,-7.751674926
N#CN1CCC[C@H](c2cc(-c3ccc4c(c3)CN([C@H]3CCC(=O)NC3=O)C4=O)nc3c2NCCC3)C1,-7.7707581
N#CN1CCC[C@@H](c2cc(-c3ccc4c(c3)CN([C@H]3CCC(=O)NC3=O)C4=O)nc3c2NCCC3)C1,-7.834535035
O=C1CC[C@H](NC(=O)c2cnc(-c3ccc(Cl)cc3)[nH]2)C(=O)N1,-8.047749733
O=C1CC[C@@H](NC(=O)c2cnc(-c3ccc(Cl)cc3)[nH]2)C(=O)N1,-8.04850506
O=C1CC[C@H](N2C(=O)c3cccc(OCC(=O)NC4CC4)c3C2=O)C(=O)N1,-9.043703016
O=C1CC[C@@H](N2C(=O)c3cccc(OCC(=O)NC4CC4)c3C2=O)C(=O)N1,-9.043621133
N#CN1CC[C@H](c2cnc3c(c2)C[C@H](NC(=O)c2ccc(N4CCC(=O)NC4=O)cc2)CC3)C1,-7.502299797
N#CN1CC[C@@H](c2cnc3c(c2)C[C@H](NC(=O)c2ccc(N4CCC(=O)NC4=O)cc2)CC3)C1,-7.591671365
N#CN1CC[C@H](c2cnc3c(c2)C[C@@H](NC(=O)c2ccc(N4CCC(=O)NC4=O)cc2)CC3)C1,-7.59625459
N#CN1CC[C@@H](c2cnc3c(c2)C[C@@H](NC(=O)c2ccc(N4CCC(=O)NC4=O)cc2)CC3)C1,-7.582753846
O=C1CC[C@H](NC(=O)c2cc3c(s2)-c2ccccc2OC3)C(=O)N1,-7.994544079
O=C1CC[C@@H](NC(=O)c2cc3c(s2)-c2ccccc2OC3)C(=O)N1,-7.994652376
O=C1CC[C@H](N2Cc3c(cccc3-c3cccc4c3OCC(=O)N4)C2=O)C(=O)N1,-7.865880943
O=C1CC[C@@H](N2Cc3c(cccc3-c3cccc4c3OCC(=O)N4)C2=O)C(=O)N1,-7.865209093
N#CN1CCC(c2cccc3c2N=C(C(=O)Nc2cccc([C@@H]4CCC(=O)NC4=O)c2)C3)CC1,-7.663663462
N#CN1CCC(c2cccc3c2N=C(C(=O)Nc2cccc([C@H]4CCC(=O)NC4=O)c2)C3)CC1,-8.278112795
N#CN1CCC(c2cc(-c3ccc4c(c3)CN([C@@H]3CCC(=O)NC3=O)C4=O)cc3c2C(=O)CC3)CC1,-7.937675944
N#CN1CCC(c2cc(-c3ccc4c(c3)CN([C@H]3CCC(=O)NC3=O)C4=O)cc3c2C(=O)CC3)CC1,-7.991351825
N#CN1CC[C@H](c2csc(C(=O)Nc3ccc4c(c3)C(=O)N([C@@H]3CCC(=O)NC3=O)C4)c2)C1,-8.00310981
N#CN1CC[C@@H](c2csc(C(=O)Nc3ccc4c(c3)C(=O)N([C@@H]3CCC(=O)NC3=O)C4)c2)C1,-7.980187674
N#CN1CC[C@H](c2csc(C(=O)Nc3ccc4c(c3)C(=O)N([C@H]3CCC(=O)NC3=O)C4)c2)C1,-7.922267683
N#CN1CC[C@@H](c2csc(C(=O)Nc3ccc4c(c3)C(=O)N([C@H]3CCC(=O)NC3=O)C4)c2)C1,-7.940483268
N#CN1CCC[C@H](c2ccc(C(=O)Nc3ccc4c(c3)C(=O)N([C@@H]3CCC(=O)NC3=O)C4)s2)C1,-8.138363824
N#CN1CCC[C@@H](c2ccc(C(=O)Nc3ccc4c(c3)C(=O)N([C@@H]3CCC(=O)NC3=O)C4)s2)C1,-8.116667351
N#CN1CCC[C@H](c2ccc(C(=O)Nc3ccc4c(c3)C(=O)N([C@H]3CCC(=O)NC3=O)C4)s2)C1,-7.958769333
N#CN1CCC[C@@H](c2ccc(C(=O)Nc3ccc4c(c3)C(=O)N([C@H]3CCC(=O)NC3=O)C4)s2)C1,-7.910862232
CC[C@]1(c2ccc(NS(=O)(=O)c3cccs3)cc2)CCC(=O)NC1=O,-7.718009966
CC[C@@]1(c2ccc(NS(=O)(=O)c3cccs3)cc2)CCC(=O)NC1=O,-7.706121093
O=C1CC[C@H](Nc2ccc3nc(S(=O)(=O)F)nn3n2)C(=O)N1,-8.53884377
O=C1CC[C@@H](Nc2ccc3nc(S(=O)(=O)F)nn3n2)C(=O)N1,-8.535689652
CN(c1ccc2ncnn2n1)[C@@H]1CCC(=O)NC1=O,-8.167789978
CN(c1ccc2ncnn2n1)[C@H]1CCC(=O)NC1=O,-8.160574129
O=C1CC[C@H](NC(=O)c2ccc(=O)n(-c3cccnc3)n2)C(=O)N1,-8.672074473
O=C1CC[C@@H](NC(=O)c2ccc(=O)n(-c3cccnc3)n2)C(=O)N1,-8.672122237
C[C@]1(C(=O)Nc2cccc([C@@H]3CCC(=O)NC3=O)c2)NCCc2ccsc21,-7.542432725
C[C@@]1(C(=O)Nc2cccc([C@@H]3CCC(=O)NC3=O)c2)NCCc2ccsc21,-7.569754642
C[C@]1(C(=O)Nc2cccc([C@H]3CCC(=O)NC3=O)c2)NCCc2ccsc21,-7.546236274
C[C@@]1(C(=O)Nc2cccc([C@H]3CCC(=O)NC3=O)c2)NCCc2ccsc21,-7.592307764
O=C1CC[C@H](N2Cc3c(cccc3-c3ccc4oc(=O)[nH]c4c3)C2=O)C(=O)N1,-8.005160778
O=C1CC[C@@H](N2Cc3c(cccc3-c3ccc4oc(=O)[nH]c4c3)C2=O)C(=O)N1,-8.005969074
N#CN1CC[C@H](c2cnn(-c3cccc(C(=O)N[C@@H]4CCC(=O)NC4=O)n3)c2)C1,-8.162364656
N#CN1CC[C@@H](c2cnn(-c3cccc(C(=O)N[C@@H]4CCC(=O)NC4=O)n3)c2)C1,-8.167423274
N#CN1CC[C@H](c2cnn(-c3cccc(C(=O)N[C@H]4CCC(=O)NC4=O)n3)c2)C1,-7.982726802
N#CN1CC[C@@H](c2cnn(-c3cccc(C(=O)N[C@H]4CCC(=O)NC4=O)n3)c2)C1,-8.003405392
Cn1nnc2cc(C(=O)N[C@@H]3CCC(=O)NC3=O)cc(Br)c21,-7.766913594
Cn1nnc2cc(C(=O)N[C@H]3CCC(=O)NC3=O)cc(Br)c21,-7.767314767
Cc1c(C(=O)N[C@@H]2CCC(=O)NC2=O)cnn1-c1ccccc1,-8.014313012
Cc1c(C(=O)N[C@H]2CCC(=O)NC2=O)cnn1-c1ccccc1,-8.014513356
Cc1ccc(-n2ncc(C(=O)N[C@@H]3CCC(=O)NC3=O)c2C)cc1,-7.520723961
Cc1ccc(-n2ncc(C(=O)N[C@H]3CCC(=O)NC3=O)c2C)cc1,-7.655116206
Cc1ccccc1-n1nc(C)c(C(=O)N[C@@H]2CCC(=O)NC2=O)c1C,-7.912227785
Cc1ccccc1-n1nc(C)c(C(=O)N[C@H]2CCC(=O)NC2=O)c1C,-7.886005665
COCc1c(C(=O)N[C@@H]2CCC(=O)NC2=O)cnn1-c1ccccc1,-7.774652119
COCc1c(C(=O)N[C@H]2CCC(=O)NC2=O)cnn1-c1ccccc1,-7.775388792
Cc1c(C(=O)N[C@@H]2CCC(=O)NC2=O)cnn1-c1ccc(Cl)cc1,-7.902467054
Cc1c(C(=O)N[C@H]2CCC(=O)NC2=O)cnn1-c1ccc(Cl)cc1,-7.808907676
Nc1c(C(=O)N[C@@H]2CCC(=O)NC2=O)cnn1-c1cccc(Cl)c1,-7.942433099
Nc1c(C(=O)N[C@H]2CCC(=O)NC2=O)cnn1-c1cccc(Cl)c1,-7.942292166
O=C1CC[C@H](NC(=O)c2cnn(-c3ccc(Cl)cc3Cl)c2)C(=O)N1,-7.988682538
O=C1CC[C@@H](NC(=O)c2cnn(-c3ccc(Cl)cc3Cl)c2)C(=O)N1,-7.962115133
Cc1ccc(-n2cc(C(=O)N[C@@H]3CCC(=O)NC3=O)c(C(C)(C)C)n2)cc1,-7.267833012
Cc1ccc(-n2cc(C(=O)N[C@H]3CCC(=O)NC3=O)c(C(C)(C)C)n2)cc1,-7.523482119
CC(C)c1c(C(=O)N[C@@H]2CCC(=O)NC2=O)cnn1-c1cccc(Cl)c1,-7.968308394
CC(C)c1c(C(=O)N[C@H]2CCC(=O)NC2=O)cnn1-c1cccc(Cl)c1,-7.96802033
Cc1nn(-c2cccc(F)c2)c(C(F)F)c1C(=O)N[C@@H]1CCC(=O)NC1=O,-8.13502801
Cc1nn(-c2cccc(F)c2)c(C(F)F)c1C(=O)N[C@H]1CCC(=O)NC1=O,-8.136471187
N#CN1CC[C@H](c2ccnn2-c2ccnc(C(=O)N[C@@H]3CCC(=O)NC3=O)n2)C1,-8.346714143
N#CN1CC[C@@H](c2ccnn2-c2ccnc(C(=O)N[C@@H]3CCC(=O)NC3=O)n2)C1,-8.407884118
N#CN1CC[C@H](c2ccnn2-c2ccnc(C(=O)N[C@H]3CCC(=O)NC3=O)n2)C1,-8.409367567
N#CN1CC[C@@H](c2ccnn2-c2ccnc(C(=O)N[C@H]3CCC(=O)NC3=O)n2)C1,-8.349796528
N#CN1CCC[C@H](c2cnc(-n3cc(C(=O)N[C@@H]4CCC(=O)NC4=O)cn3)s2)C1,-8.084003462
N#CN1CCC[C@@H](c2cnc(-n3cc(C(=O)N[C@@H]4CCC(=O)NC4=O)cn3)s2)C1,-8.114326328
N#CN1CCC[C@H](c2cnc(-n3cc(C(=O)N[C@H]4CCC(=O)NC4=O)cn3)s2)C1,-8.084408453
N#CN1CCC[C@@H](c2cnc(-n3cc(C(=O)N[C@H]4CCC(=O)NC4=O)cn3)s2)C1,-8.09606102
N#CN1CCC(c2cccc(-c3nc(C(=O)N[C@@H]4CCC(=O)NC4=O)c4n3CCCCC4)c2)CC1,-7.691841337
N#CN1CCC(c2cccc(-c3nc(C(=O)N[C@H]4CCC(=O)NC4=O)c4n3CCCCC4)c2)CC1,-7.698431474
O=C1CC[C@H](N2Cc3c(NC4=N[C@H](Nc5ccc6c(c5)CCC6)NC=C4)cccc3C2=O)C(=O)N1,-7.768992342
O=C1CC[C@@H](N2Cc3c(NC4=N[C@H](Nc5ccc6c(c5)CCC6)NC=C4)cccc3C2=O)C(=O)N1,-7.523476964
O=C1CC[C@H](N2Cc3c(NC4=N[C@@H](Nc5ccc6c(c5)CCC6)NC=C4)cccc3C2=O)C(=O)N1,-7.627317823
O=C1CC[C@@H](N2Cc3c(NC4=N[C@@H](Nc5ccc6c(c5)CCC6)NC=C4)cccc3C2=O)C(=O)N1,-7.775479816
Cc1ccc(C/C(=N\O)C(=O)Nc2ccc3c(c2)C(=O)N([C@@H]2CCC(=O)NC2=O)C3=O)cc1Cl,-8.763938128
Cc1ccc(C/C(=N\O)C(=O)Nc2ccc3c(c2)C(=O)N([C@H]2CCC(=O)NC2=O)C3=O)cc1Cl,-8.704075981
Cc1ccc(C/C(=N/O)C(=O)Nc2ccc3c(c2)C(=O)N([C@@H]2CCC(=O)NC2=O)C3=O)cc1Cl,-8.761192087
Cc1ccc(C/C(=N/O)C(=O)Nc2ccc3c(c2)C(=O)N([C@H]2CCC(=O)NC2=O)C3=O)cc1Cl,-8.708014928
O=C1CC[C@H](Nc2ncnc3c2nnn3C2CC2)C(=O)N1,-8.05526641
O=C1CC[C@@H](Nc2ncnc3c2nnn3C2CC2)C(=O)N1,-8.088652438
CC1(C)C(C(=O)Nc2ccc(N[C@@H]3CCC(=O)NC3=O)cc2)=Nc2ccccc21,-8.043299741
CC1(C)C(C(=O)Nc2ccc(N[C@H]3CCC(=O)NC3=O)cc2)=Nc2ccccc21,-8.034123514
O=C1CC[C@H](n2cc(-c3cnc(Cl)nc3)nn2)C(=O)N1,-8.473548852
O=C1CC[C@@H](n2cc(-c3cnc(Cl)nc3)nn2)C(=O)N1,-8.473800178
N#CN1CCC[C@H](c2ccc(-c3cccnc3C(=O)N[C@@H]3CCC(=O)NC3=O)nc2)C1,-7.991155712
N#CN1CCC[C@@H](c2ccc(-c3cccnc3C(=O)N[C@@H]3CCC(=O)NC3=O)nc2)C1,-7.930122985
N#CN1CCC[C@H](c2ccc(-c3cccnc3C(=O)N[C@H]3CCC(=O)NC3=O)nc2)C1,-7.918170734
N#CN1CCC[C@@H](c2ccc(-c3cccnc3C(=O)N[C@H]3CCC(=O)NC3=O)nc2)C1,-7.844693154
Cc1nc2c(s1)CCC[C@@H]2CNC(=O)c1ccc(N2CCC(=O)NC2=O)cc1,-7.459492484
Cc1nc2c(s1)CCC[C@H]2CNC(=O)c1ccc(N2CCC(=O)NC2=O)cc1,-7.457521385
O=C1CC[C@H](NC(=O)c2cccc(Nc3ncnc4ccccc34)c2)C(=O)N1,-7.915007346
O=C1CC[C@@H](NC(=O)c2cccc(Nc3ncnc4ccccc34)c2)C(=O)N1,-7.915052172
N#CN1CCC[C@H](c2cccc(-n3cc(C(=O)N[C@@H]4CCC(=O)NC4=O)ccc3=O)c2)C1,-8.179267163
N#CN1CCC[C@@H](c2cccc(-n3cc(C(=O)N[C@@H]4CCC(=O)NC4=O)ccc3=O)c2)C1,-8.146069544
N#CN1CCC[C@H](c2cccc(-n3cc(C(=O)N[C@H]4CCC(=O)NC4=O)ccc3=O)c2)C1,-8.172757475
N#CN1CCC[C@@H](c2cccc(-n3cc(C(=O)N[C@H]4CCC(=O)NC4=O)ccc3=O)c2)C1,-8.172746287
N#CN1CCC[C@H](c2ccc(-n3ccc(C(=O)N[C@@H]4CCC(=O)NC4=O)n3)cc2)C1,-7.911073437
N#CN1CCC[C@@H](c2ccc(-n3ccc(C(=O)N[C@@H]4CCC(=O)NC4=O)n3)cc2)C1,-7.737910957
N#CN1CCC[C@H](c2ccc(-n3ccc(C(=O)N[C@H]4CCC(=O)NC4=O)n3)cc2)C1,-8.036609466
N#CN1CCC[C@@H](c2ccc(-n3ccc(C(=O)N[C@H]4CCC(=O)NC4=O)n3)cc2)C1,-7.922401435
O=C1CC[C@H](NC(=O)c2ccc(CNC(=O)[C@@H]3CCc4nccn43)nc2)C(=O)N1,-8.13490364
O=C1CC[C@@H](NC(=O)c2ccc(CNC(=O)[C@@H]3CCc4nccn43)nc2)C(=O)N1,-8.162564926
O=C1CC[C@H](NC(=O)c2ccc(CNC(=O)[C@H]3CCc4nccn43)nc2)C(=O)N1,-8.155533259
O=C1CC[C@@H](NC(=O)c2ccc(CNC(=O)[C@H]3CCc4nccn43)nc2)C(=O)N1,-8.139237254
O=C1CCN(c2ccc(C(=O)NCC[C@@H]3CCNCCC3(F)F)cc2)C(=O)N1,-7.552837079
O=C1CCN(c2ccc(C(=O)NCC[C@H]3CCNCCC3(F)F)cc2)C(=O)N1,-7.534328726
N#CN1CC[C@H](c2ccc(-n3nc(C(=O)N[C@@H]4CCC(=O)NC4=O)ccc3=O)cc2)C1,-8.591988635
N#CN1CC[C@@H](c2ccc(-n3nc(C(=O)N[C@@H]4CCC(=O)NC4=O)ccc3=O)cc2)C1,-8.603128685
N#CN1CC[C@H](c2ccc(-n3nc(C(=O)N[C@H]4CCC(=O)NC4=O)ccc3=O)cc2)C1,-8.587814079
N#CN1CC[C@@H](c2ccc(-n3nc(C(=O)N[C@H]4CCC(=O)NC4=O)ccc3=O)cc2)C1,-8.597127897
CCc1nonc1C(=O)N[C@@H]1CCC(=O)NC1=O,-8.381656944
CCc1nonc1C(=O)N[C@H]1CCC(=O)NC1=O,-8.380719704
O=C1CC[C@H](c2cccc(Nc3ncnc4c3oc3ccccc34)c2)C(=O)N1,-7.66530375
O=C1CC[C@@H](c2cccc(Nc3ncnc4c3oc3ccccc34)c2)C(=O)N1,-7.72783182
CC1(NC(=O)CNc2cccc3c2CN([C@@H]2CCC(=O)NC2=O)C3=O)CC1,-7.77880179
CC1(NC(=O)CNc2cccc3c2CN([C@H]2CCC(=O)NC2=O)C3=O)CC1,-7.778361543
O=C1CC[C@H](N2Cc3c(NCC(=O)N[C@@H]4C[C@@H]4F)cccc3C2=O)C(=O)N1,-7.904913707
O=C1CC[C@@H](N2Cc3c(NCC(=O)N[C@@H]4C[C@@H]4F)cccc3C2=O)C(=O)N1,-7.965503096
O=C1CC[C@H](N2Cc3c(NCC(=O)N[C@H]4C[C@@H]4F)cccc3C2=O)C(=O)N1,-7.897464205
O=C1CC[C@@H](N2Cc3c(NCC(=O)N[C@H]4C[C@@H]4F)cccc3C2=O)C(=O)N1,-7.978742052
O=C1CC[C@H](N2Cc3c(NCC(=O)N[C@@H]4C[C@H]4F)cccc3C2=O)C(=O)N1,-7.986167654
O=C1CC[C@@H](N2Cc3c(NCC(=O)N[C@@H]4C[C@H]4F)cccc3C2=O)C(=O)N1,-7.969404732
O=C1CC[C@H](N2Cc3c(NCC(=O)N[C@H]4C[C@H]4F)cccc3C2=O)C(=O)N1,-7.894001573
O=C1CC[C@@H](N2Cc3c(NCC(=O)N[C@H]4C[C@H]4F)cccc3C2=O)C(=O)N1,-7.915801224
N#CN1CC[C@H](c2cccc(-c3cscc3C(=O)N[C@@H]3CCC(=O)NC3=O)c2)C1,-8.038509887
N#CN1CC[C@@H](c2cccc(-c3cscc3C(=O)N[C@@H]3CCC(=O)NC3=O)c2)C1,-7.790844821
N#CN1CC[C@H](c2cccc(-c3cscc3C(=O)N[C@H]3CCC(=O)NC3=O)c2)C1,-8.061711885
N#CN1CC[C@@H](c2cccc(-c3cscc3C(=O)N[C@H]3CCC(=O)NC3=O)c2)C1,-7.730086533
O=C1CC[C@H](Nc2ccc(NC(=O)[C@@H]3CCc4snnc43)cc2)C(=O)N1,-8.184708404
O=C1CC[C@@H](Nc2ccc(NC(=O)[C@@H]3CCc4snnc43)cc2)C(=O)N1,-8.183990973
O=C1CC[C@H](Nc2ccc(NC(=O)[C@H]3CCc4snnc43)cc2)C(=O)N1,-8.184341985
O=C1CC[C@@H](Nc2ccc(NC(=O)[C@H]3CCc4snnc43)cc2)C(=O)N1,-8.184805425
N#CN1CC[C@H](c2ncoc2-c2cccc(C(=O)N[C@@H]3CCC(=O)NC3=O)c2)C1,-7.934230446
N#CN1CC[C@@H](c2ncoc2-c2cccc(C(=O)N[C@@H]3CCC(=O)NC3=O)c2)C1,-8.166288099
N#CN1CC[C@H](c2ncoc2-c2cccc(C(=O)N[C@H]3CCC(=O)NC3=O)c2)C1,-8.289664658
N#CN1CC[C@@H](c2ncoc2-c2cccc(C(=O)N[C@H]3CCC(=O)NC3=O)c2)C1,-8.307873277
O=C1CC[C@H](N2Cc3ccc(CNc4cnccn4)cc3C2=O)C(=O)N1,-7.862993792
O=C1CC[C@@H](N2Cc3ccc(CNc4cnccn4)cc3C2=O)C(=O)N1,-7.875404227
O=C1CC[C@H](N2C(=O)c3ccc(NC(=O)c4cccc(S(=O)(=O)F)c4)cc3C2=O)C(=O)N1,-8.895004441
O=C1CC[C@@H](N2C(=O)c3ccc(NC(=O)c4cccc(S(=O)(=O)F)c4)cc3C2=O)C(=O)N1,-9.069203845
O=C1CC[C@H](N2C(=O)c3ccc(NC(=O)c4ccccc4S(=O)(=O)F)cc3C2=O)C(=O)N1,-8.896947972
O=C1CC[C@@H](N2C(=O)c3ccc(NC(=O)c4ccccc4S(=O)(=O)F)cc3C2=O)C(=O)N1,-8.714691089
O=C1CC[C@H](N2C(=O)c3ccc(NC(=O)c4ccccc4)cc3C2=O)C(=O)N1,-8.825411729
O=C1CC[C@@H](N2C(=O)c3ccc(NC(=O)c4ccccc4)cc3C2=O)C(=O)N1,-8.825526137
Cc1ccc(C(=O)Nc2ccc3c(c2)C(=O)N([C@@H]2CCC(=O)NC2=O)C3=O)cc1,-7.966200746
Cc1ccc(C(=O)Nc2ccc3c(c2)C(=O)N([C@H]2CCC(=O)NC2=O)C3=O)cc1,-7.96501917
N#CN1CCC[C@H](c2ccc(-n3nncc3C(=O)N[C@@H]3CCC(=O)NC3=O)cc2)C1,-8.23189347
N#CN1CCC[C@@H](c2ccc(-n3nncc3C(=O)N[C@@H]3CCC(=O)NC3=O)cc2)C1,-8.136698733
N#CN1CCC[C@H](c2ccc(-n3nncc3C(=O)N[C@H]3CCC(=O)NC3=O)cc2)C1,-8.120007539
N#CN1CCC[C@@H](c2ccc(-n3nncc3C(=O)N[C@H]3CCC(=O)NC3=O)cc2)C1,-8.041651223
Cn1c(=O)n([C@@H]2CCC(=O)NC2=O)c2ccc(C#CCO)cc21,-7.914561581
Cn1c(=O)n([C@H]2CCC(=O)NC2=O)c2ccc(C#CCO)cc21,-7.891026539
Cn1c(=O)n([C@@H]2CCC(=O)NC2=O)c2cccc(C#CCO)c21,-7.913959891
Cn1c(=O)n([C@H]2CCC(=O)NC2=O)c2cccc(C#CCO)c21,-7.888029039
O=C1CC[C@H](n2c(=O)[nH]c3c(S(=O)(=O)F)cccc32)C(=O)N1,-8.923960285
O=C1CC[C@@H](n2c(=O)[nH]c3c(S(=O)(=O)F)cccc32)C(=O)N1,-8.264565198
Cn1c(=O)n([C@@H]2CCC(=O)NC2=O)c2cc(Br)ccc21,-8.019444359
Cn1c(=O)n([C@H]2CCC(=O)NC2=O)c2cc(Br)ccc21,-8.018125305
Cn1c(=O)n([C@@H]2CCC(=O)NC2=O)c2ccc(Br)cc21,-8.059747979
Cn1c(=O)n([C@H]2CCC(=O)NC2=O)c2ccc(Br)cc21,-8.046834603
Cn1c(=O)n([C@@H]2CCC(=O)NC2=O)c2cccc(Br)c21,-8.058345284
Cn1c(=O)n([C@H]2CCC(=O)NC2=O)c2cccc(Br)c21,-8.046380931
Cn1c(=O)n([C@@H]2CCC(=O)NC2=O)c2ccccc21,-7.643468234
O=C1CC[C@H](n2c(=O)[nH]c3c(OS(=O)(=O)F)cccc32)C(=O)N1,-8.177659917
O=C1CC[C@@H](n2c(=O)[nH]c3c(OS(=O)(=O)F)cccc32)C(=O)N1,-8.174690923
Cn1c(=O)n([C@H]2CCC(=O)NC2=O)c2ccccc21,-7.644049444
O=C1CC[C@H](n2c(=O)[nH]c3cc(OS(=O)(=O)F)ccc32)C(=O)N1,-8.50638769
O=C1CC[C@@H](n2c(=O)[nH]c3cc(OS(=O)(=O)F)ccc32)C(=O)N1,-8.567473935
NC[C@H]1CC[C@@H](NC(=O)c2ccc3c(c2)CN([C@@H]2CCC(=O)NC2=O)C3=O)CC1,-7.804896934
NC[C@H]1CC[C@H](NC(=O)c2ccc3c(c2)CN([C@@H]2CCC(=O)NC2=O)C3=O)CC1,-7.781015493
NC[C@H]1CC[C@@H](NC(=O)c2ccc3c(c2)CN([C@H]2CCC(=O)NC2=O)C3=O)CC1,-7.767896224
NC[C@H]1CC[C@H](NC(=O)c2ccc3c(c2)CN([C@H]2CCC(=O)NC2=O)C3=O)CC1,-7.757067884
O=C1CC[C@H](N2Cc3cc(-c4coc(OS(=O)(=O)F)n4)ccc3C2=O)C(=O)N1,-7.975855508
O=C1CC[C@@H](N2Cc3cc(-c4coc(OS(=O)(=O)F)n4)ccc3C2=O)C(=O)N1,-7.938270624
O=C1CC[C@H](N2Cc3cc(-c4ncoc4OS(=O)(=O)F)ccc3C2=O)C(=O)N1,-7.980520349
O=C1CC[C@@H](N2Cc3cc(-c4ncoc4OS(=O)(=O)F)ccc3C2=O)C(=O)N1,-7.940884477
O=C1CC[C@H](N2Cc3cc(-c4coc(S(=O)(=O)F)n4)ccc3C2=O)C(=O)N1,-8.343854661
O=C1CC[C@@H](N2Cc3cc(-c4coc(S(=O)(=O)F)n4)ccc3C2=O)C(=O)N1,-8.318137204
O=C1CC[C@H](N2Cc3cc(-c4ncoc4S(=O)(=O)F)ccc3C2=O)C(=O)N1,-8.343868188
O=C1CC[C@@H](N2Cc3cc(-c4ncoc4S(=O)(=O)F)ccc3C2=O)C(=O)N1,-8.321035508
O=C1CC[C@H](N2Cc3cc(-c4cocn4)c(S(=O)(=O)F)cc3C2=O)C(=O)N1,-8.244698321
O=C1CC[C@@H](N2Cc3cc(-c4cocn4)c(S(=O)(=O)F)cc3C2=O)C(=O)N1,-8.262096125
N#CN1CC[C@H](c2cccc(-c3cc(N[C@@H]4CCC(=O)NC4=O)ncn3)c2)C1,-8.001372636
N#CN1CC[C@@H](c2cccc(-c3cc(N[C@@H]4CCC(=O)NC4=O)ncn3)c2)C1,-7.88629107
N#CN1CC[C@H](c2cccc(-c3cc(N[C@H]4CCC(=O)NC4=O)ncn3)c2)C1,-7.913924557
N#CN1CC[C@@H](c2cccc(-c3cc(N[C@H]4CCC(=O)NC4=O)ncn3)c2)C1,-8.000059013
N#CN1CC[C@H](c2n[nH]c(-c3ccc4c(c3)CN([C@@H]3CCC(=O)NC3=O)C4=O)n2)C1,-7.951356586
N#CN1CC[C@@H](c2n[nH]c(-c3ccc4c(c3)CN([C@@H]3CCC(=O)NC3=O)C4=O)n2)C1,-7.950004772
N#CN1CC[C@H](c2n[nH]c(-c3ccc4c(c3)CN([C@H]3CCC(=O)NC3=O)C4=O)n2)C1,-8.011523172
N#CN1CC[C@@H](c2n[nH]c(-c3ccc4c(c3)CN([C@H]3CCC(=O)NC3=O)C4=O)n2)C1,-8.056732582
N#CN1CCC[C@H](c2ccc(-c3nc(C(=O)N[C@@H]4CCC(=O)NC4=O)cs3)nc2)C1,-8.584065205
N#CN1CCC[C@@H](c2ccc(-c3nc(C(=O)N[C@@H]4CCC(=O)NC4=O)cs3)nc2)C1,-8.20742752
N#CN1CCC[C@H](c2ccc(-c3nc(C(=O)N[C@H]4CCC(=O)NC4=O)cs3)nc2)C1,-8.423473287
N#CN1CCC[C@@H](c2ccc(-c3nc(C(=O)N[C@H]4CCC(=O)NC4=O)cs3)nc2)C1,-8.242491154
N#CN1CCC(c2nc3n(c2C(=O)Nc2ccc([C@@H]4CCC(=O)NC4=O)cc2)CCCC3)CC1,-7.727305201
N#CN1CCC(c2nc3n(c2C(=O)Nc2ccc([C@H]4CCC(=O)NC4=O)cc2)CCCC3)CC1,-7.685239228
N#CN1CC[C@H](c2cncc(-c3ccc4c(c3)C(=O)N([C@@H]3CCC(=O)NC3=O)C4)c2)C1,-7.961505404
N#CN1CC[C@@H](c2cncc(-c3ccc4c(c3)C(=O)N([C@@H]3CCC(=O)NC3=O)C4)c2)C1,-7.991623066
N#CN1CC[C@H](c2cncc(-c3ccc4c(c3)C(=O)N([C@H]3CCC(=O)NC3=O)C4)c2)C1,-7.943493862
N#CN1CC[C@@H](c2cncc(-c3ccc4c(c3)C(=O)N([C@H]3CCC(=O)NC3=O)C4)c2)C1,-7.993747108
CC[C@]1(c2ccc(NC(=O)COC3CCCCC3)cc2)CCC(=O)NC1=O,-7.532228908
CC[C@@]1(c2ccc(NC(=O)COC3CCCCC3)cc2)CCC(=O)NC1=O,-7.495202127
N#CN1CC[C@H](c2ccc(-n3nncc3C(=O)N[C@@H]3CCC(=O)NC3=O)cc2)C1,-7.971234753
N#CN1CC[C@@H](c2ccc(-n3nncc3C(=O)N[C@@H]3CCC(=O)NC3=O)cc2)C1,-8.065909835
N#CN1CC[C@H](c2ccc(-n3nncc3C(=O)N[C@H]3CCC(=O)NC3=O)cc2)C1,-8.095398936
N#CN1CC[C@@H](c2ccc(-n3nncc3C(=O)N[C@H]3CCC(=O)NC3=O)cc2)C1,-8.068742683
O=C1CC[C@H](NC(=O)c2cc(=O)n3ccsc3n2)C(=O)N1,-8.068966251
O=C1CC[C@@H](NC(=O)c2cc(=O)n3ccsc3n2)C(=O)N1,-8.069387469
O=C1CC[C@H](NC(=O)c2cc(=O)n3c(S(=O)(=O)F)csc3n2)C(=O)N1,-8.924192631
O=C1CC[C@@H](NC(=O)c2cc(=O)n3c(S(=O)(=O)F)csc3n2)C(=O)N1,-8.921451906
O=C1CC[C@H](Nc2ccc(NC(=O)c3cc4c(=O)[nH]cnc4cn3)cc2)C(=O)N1,-8.29212002
O=C1CC[C@@H](Nc2ccc(NC(=O)c3cc4c(=O)[nH]cnc4cn3)cc2)C(=O)N1,-8.291966587
O=C1CC[C@H](NC(=O)c2nc[nH]c2-c2ccncc2)C(=O)N1,-7.798922042
O=C1CC[C@@H](NC(=O)c2nc[nH]c2-c2ccncc2)C(=O)N1,-7.79799273
N#Cc1cncnc1N1CCC(c2ccc(N3CCC(=O)NC3=O)cc2)CC1,-7.577177206
N#CN1CCC(c2cc(-c3cccc4c3CN([C@@H]3CCC(=O)NC3=O)C4=O)cc(C3CCC3)c2)CC1,-7.924171001
N#CN1CCC(c2cc(-c3cccc4c3CN([C@H]3CCC(=O)NC3=O)C4=O)cc(C3CCC3)c2)CC1,-7.907999888
O=C1CC[C@H](N2Cc3cc(-c4ncccc4C4CC4)ccc3C2=O)C(=O)N1,-7.950693071
O=C1CC[C@@H](N2Cc3cc(-c4ncccc4C4CC4)ccc3C2=O)C(=O)N1,-7.946387475
Cc1c(C(=O)N[C@@H]2CCC(=O)NC2=O)sc2nnc(S)n12,-8.174368409
Cc1c(C(=O)N[C@H]2CCC(=O)NC2=O)sc2nnc(S)n12,-8.181126503
O=C1CC[C@H](NC(=O)c2cn3c(S(=O)(=O)F)nnc3s2)C(=O)N1,-8.973027557
O=C1CC[C@@H](NC(=O)c2cn3c(S(=O)(=O)F)nnc3s2)C(=O)N1,-9.463311528
N#CN1CC[C@H](c2cc3c(cc2-c2ccc4c(c2)CN([C@@H]2CCC(=O)NC2=O)C4=O)OCO3)C1,-7.879148543
N#CN1CC[C@@H](c2cc3c(cc2-c2ccc4c(c2)CN([C@@H]2CCC(=O)NC2=O)C4=O)OCO3)C1,-7.836216119
N#CN1CC[C@H](c2cc3c(cc2-c2ccc4c(c2)CN([C@H]2CCC(=O)NC2=O)C4=O)OCO3)C1,-7.9026526
N#CN1CC[C@@H](c2cc3c(cc2-c2ccc4c(c2)CN([C@H]2CCC(=O)NC2=O)C4=O)OCO3)C1,-7.956974075
C[C@]1(N2C(=O)CC3(CCOCC3)C2=O)CCC(=O)NC1=O,-7.917960215
C[C@@]1(N2C(=O)CC3(CCOCC3)C2=O)CCC(=O)NC1=O,-7.917043442
N#CN1CC[C@H](c2cncn2-c2cncc(C(=O)N[C@@H]3CCC(=O)NC3=O)n2)C1,-8.398183132
N#CN1CC[C@@H](c2cncn2-c2cncc(C(=O)N[C@@H]3CCC(=O)NC3=O)n2)C1,-8.406682151
N#CN1CC[C@H](c2cncn2-c2cncc(C(=O)N[C@H]3CCC(=O)NC3=O)n2)C1,-8.608968937
N#CN1CC[C@@H](c2cncn2-c2cncc(C(=O)N[C@H]3CCC(=O)NC3=O)n2)C1,-8.605289797
N#CN1CCC[C@H](c2nccc(Nc3ccc([C@@H]4CCC(=O)NC4=O)cc3)n2)C1,-7.632227992
N#CN1CCC[C@@H](c2nccc(Nc3ccc([C@@H]4CCC(=O)NC4=O)cc3)n2)C1,-7.591769302
N#CN1CCC[C@H](c2nccc(Nc3ccc([C@H]4CCC(=O)NC4=O)cc3)n2)C1,-7.730063252
N#CN1CCC[C@@H](c2nccc(Nc3ccc([C@H]4CCC(=O)NC4=O)cc3)n2)C1,-7.686759303
O=C1CC[C@H](N2Cc3cc(NCc4ccc5ccc6cccc7ccc4c5c67)ccc3C2=O)C(=O)N1,-7.8949805
O=C1CC[C@@H](N2Cc3cc(NCc4ccc5ccc6cccc7ccc4c5c67)ccc3C2=O)C(=O)N1,-7.913141395
N#CN1CCC(c2c(C3CCCC3)nnn2-c2ccc3c(c2)C(=O)N([C@@H]2CCC(=O)NC2=O)C3)CC1,-8.029909237
N#CN1CCC(c2c(C3CCCC3)nnn2-c2ccc3c(c2)C(=O)N([C@H]2CCC(=O)NC2=O)C3)CC1,-8.00285611
COc1cc(C(=O)N[C@@H]2CCC(=O)NC2=O)cn2cc(C)nc12,-7.755795418
COc1cc(C(=O)N[C@H]2CCC(=O)NC2=O)cn2cc(C)nc12,-7.753802234
O=C1CC[C@H](NC(=O)c2cc(S(=O)(=O)F)c3nccn3c2)C(=O)N1,-8.586452676
O=C1CC[C@@H](NC(=O)c2cc(S(=O)(=O)F)c3nccn3c2)C(=O)N1,-8.751100373
O=C1CC[C@H](NC(=O)c2ccc3nccn3c2)C(=O)N1,-8.009337629
O=C1CC[C@@H](NC(=O)c2ccc3nccn3c2)C(=O)N1,-7.754414391
NCc1nc2ccc(C(=O)N[C@@H]3CCC(=O)NC3=O)cc2s1,-8.054039156
NCc1nc2ccc(C(=O)N[C@H]3CCC(=O)NC3=O)cc2s1,-8.053567614
O=C1CC[C@H](NC(=O)c2cc(S(=O)(=O)F)c3ncsc3c2)C(=O)N1,-9.388108848
O=C1CC[C@@H](NC(=O)c2cc(S(=O)(=O)F)c3ncsc3c2)C(=O)N1,-8.767522041
Nc1nc2c(Br)cc(C(=O)N[C@@H]3CCC(=O)NC3=O)cc2s1,-8.051814323
Nc1nc2c(Br)cc(C(=O)N[C@H]3CCC(=O)NC3=O)cc2s1,-8.051898698
NCC[C@H](C(=O)Nc1ccc([C@@H]2CCC(=O)NC2=O)cc1)c1cn[nH]c1,-7.582915456
NCC[C@@H](C(=O)Nc1ccc([C@@H]2CCC(=O)NC2=O)cc1)c1cn[nH]c1,-7.603917922
NCC[C@H](C(=O)Nc1ccc([C@H]2CCC(=O)NC2=O)cc1)c1cn[nH]c1,-7.554671335
NCC[C@@H](C(=O)Nc1ccc([C@H]2CCC(=O)NC2=O)cc1)c1cn[nH]c1,-7.589402626
N#CN1CC[C@H](c2ccn(-c3ccccc3C(=O)N[C@@H]3CCC(=O)NC3=O)n2)C1,-8.120951067
N#CN1CC[C@@H](c2ccn(-c3ccccc3C(=O)N[C@@H]3CCC(=O)NC3=O)n2)C1,-8.121010771
N#CN1CC[C@H](c2ccn(-c3ccccc3C(=O)N[C@H]3CCC(=O)NC3=O)n2)C1,-8.083854806
N#CN1CC[C@@H](c2ccn(-c3ccccc3C(=O)N[C@H]3CCC(=O)NC3=O)n2)C1,-7.783865628
O=C1CC[C@H](c2cccc(NC(=O)Cc3cnc4cccnn34)c2)C(=O)N1,-7.991934731
O=C1CC[C@@H](c2cccc(NC(=O)Cc3cnc4cccnn34)c2)C(=O)N1,-7.988213783
O=C1CC[C@H](NC(=O)c2ccc3c(c2)S(=O)(=O)Nc2ncnn2-3)C(=O)N1,-8.37743343
O=C1CC[C@@H](NC(=O)c2ccc3c(c2)S(=O)(=O)Nc2ncnn2-3)C(=O)N1,-8.456251019
N#CN1CC[C@H](c2ccc(-c3snnc3C(=O)N[C@@H]3CCC(=O)NC3=O)cc2)C1,-8.593617291
N#CN1CC[C@@H](c2ccc(-c3snnc3C(=O)N[C@@H]3CCC(=O)NC3=O)cc2)C1,-8.597774113
N#CN1CC[C@H](c2ccc(-c3snnc3C(=O)N[C@H]3CCC(=O)NC3=O)cc2)C1,-8.602716469
N#CN1CC[C@@H](c2ccc(-c3snnc3C(=O)N[C@H]3CCC(=O)NC3=O)cc2)C1,-8.31855077
N#CN1CC[C@H](c2ccccc2-c2nccc(C(=O)N[C@@H]3CCC(=O)NC3=O)n2)C1,-8.32921318
N#CN1CC[C@@H](c2ccccc2-c2nccc(C(=O)N[C@@H]3CCC(=O)NC3=O)n2)C1,-7.816507335
N#CN1CC[C@H](c2ccccc2-c2nccc(C(=O)N[C@H]3CCC(=O)NC3=O)n2)C1,-7.846400835
N#CN1CC[C@@H](c2ccccc2-c2nccc(C(=O)N[C@H]3CCC(=O)NC3=O)n2)C1,-8.460002117
CN(C)c1cc(C(=O)N[C@@H]2CCC(=O)NC2=O)nnc1C1CC1,-7.892951604
CN(C)c1cc(C(=O)N[C@H]2CCC(=O)NC2=O)nnc1C1CC1,-7.893018554
N#CN1CC[C@H](c2[nH]nc3c2CN(C(=O)c2ccc(N4CCC(=O)NC4=O)cc2)C3)C1,-7.875880468
N#CN1CC[C@@H](c2[nH]nc3c2CN(C(=O)c2ccc(N4CCC(=O)NC4=O)cc2)C3)C1,-7.91889342
Cc1cc2c(cc(C(=O)N[C@@H]3CCC(=O)NC3=O)n2CC2CC2)s1,-7.90804142
Cc1cc2c(cc(C(=O)N[C@H]3CCC(=O)NC3=O)n2CC2CC2)s1,-7.880239566
N#CN1CC[C@H](c2nc3n(n2)C[C@H](C(=O)Nc2ccc([C@@H]4CCC(=O)NC4=O)cc2)CC3)C1,-7.522671011
N#CN1CC[C@@H](c2nc3n(n2)C[C@H](C(=O)Nc2ccc([C@@H]4CCC(=O)NC4=O)cc2)CC3)C1,-7.513773824
N#CN1CC[C@H](c2nc3n(n2)C[C@@H](C(=O)Nc2ccc([C@@H]4CCC(=O)NC4=O)cc2)CC3)C1,-7.557964848
N#CN1CC[C@@H](c2nc3n(n2)C[C@@H](C(=O)Nc2ccc([C@@H]4CCC(=O)NC4=O)cc2)CC3)C1,-7.464514215
N#CN1CC[C@H](c2nc3n(n2)C[C@H](C(=O)Nc2ccc([C@H]4CCC(=O)NC4=O)cc2)CC3)C1,-7.536272661
N#CN1CC[C@@H](c2nc3n(n2)C[C@H](C(=O)Nc2ccc([C@H]4CCC(=O)NC4=O)cc2)CC3)C1,-7.766879825
N#CN1CC[C@H](c2nc3n(n2)C[C@@H](C(=O)Nc2ccc([C@H]4CCC(=O)NC4=O)cc2)CC3)C1,-7.457145915
N#CN1CC[C@@H](c2nc3n(n2)C[C@@H](C(=O)Nc2ccc([C@H]4CCC(=O)NC4=O)cc2)CC3)C1,-7.607151614
N#CN1CC[C@H](c2csc(-c3ccc4c(c3)CN([C@@H]3CCC(=O)NC3=O)C4=O)c2)C1,-7.932518309
N#CN1CC[C@@H](c2csc(-c3ccc4c(c3)CN([C@@H]3CCC(=O)NC3=O)C4=O)c2)C1,-7.956329998
N#CN1CC[C@H](c2csc(-c3ccc4c(c3)CN([C@H]3CCC(=O)NC3=O)C4=O)c2)C1,-7.885944152
N#CN1CC[C@@H](c2csc(-c3ccc4c(c3)CN([C@H]3CCC(=O)NC3=O)C4=O)c2)C1,-7.921635019
CN1C(=O)c2ccccc2[C@@H]1Cn1c(=O)[nH]c2ccccc2c1=O,-7.901497808
CN1C(=O)c2ccccc2[C@H]1Cn1c(=O)[nH]c2ccccc2c1=O,-7.900778793
O=C1CC[C@H](c2cccc(NC(=O)c3ccnn3[C@@H]3CCCNC3)c2)C(=O)N1,-7.65907065
O=C1CC[C@@H](c2cccc(NC(=O)c3ccnn3[C@@H]3CCCNC3)c2)C(=O)N1,-7.666019063
O=C1CC[C@H](c2cccc(NC(=O)c3ccnn3[C@H]3CCCNC3)c2)C(=O)N1,-7.65948781
O=C1CC[C@@H](c2cccc(NC(=O)c3ccnn3[C@H]3CCCNC3)c2)C(=O)N1,-7.319461835
N#CN1CC[C@H](c2nc3nccc(Nc4cccc(N5CCC(=O)NC5=O)c4)n3n2)C1,-7.808716038
N#CN1CC[C@@H](c2nc3nccc(Nc4cccc(N5CCC(=O)NC5=O)c4)n3n2)C1,-7.736714879
Cn1ncc(Cl)c1-c1cc(C(=O)N[C@@H]2CCC(=O)NC2=O)on1,-8.420161257
Cn1ncc(Cl)c1-c1cc(C(=O)N[C@H]2CCC(=O)NC2=O)on1,-8.419456717
O=C1CC[C@H](c2ccc(NC(=O)[C@@H]3CCc4ccc(S(=O)(=O)F)cc43)cc2)C(=O)N1,-7.707424167
O=C1CC[C@@H](c2ccc(NC(=O)[C@@H]3CCc4ccc(S(=O)(=O)F)cc43)cc2)C(=O)N1,-7.699135758
O=C1CC[C@H](c2ccc(NC(=O)[C@H]3CCc4ccc(S(=O)(=O)F)cc43)cc2)C(=O)N1,-7.712925549
O=C1CC[C@@H](c2ccc(NC(=O)[C@H]3CCc4ccc(S(=O)(=O)F)cc43)cc2)C(=O)N1,-7.697643903
O=C1CC[C@H](c2ccc(NC(=O)[C@@H]3CCc4cccc(S(=O)(=O)F)c43)cc2)C(=O)N1,-7.687062295
O=C1CC[C@@H](c2ccc(NC(=O)[C@@H]3CCc4cccc(S(=O)(=O)F)c43)cc2)C(=O)N1,-7.704490577
O=C1CC[C@H](c2ccc(NC(=O)[C@H]3CCc4cccc(S(=O)(=O)F)c43)cc2)C(=O)N1,-7.677650564
O=C1CC[C@@H](c2ccc(NC(=O)[C@H]3CCc4cccc(S(=O)(=O)F)c43)cc2)C(=O)N1,-7.68859954
O=C1CC[C@H](c2ccc(NC(=O)[C@@H]3CCc4cccc(F)c43)cc2)C(=O)N1,-7.573663723
O=C1CC[C@@H](c2ccc(NC(=O)[C@@H]3CCc4cccc(F)c43)cc2)C(=O)N1,-7.590694374
O=C1CC[C@H](c2ccc(NC(=O)[C@H]3CCc4cccc(F)c43)cc2)C(=O)N1,-7.590948418
O=C1CC[C@@H](c2ccc(NC(=O)[C@H]3CCc4cccc(F)c43)cc2)C(=O)N1,-7.591876932
COc1cccc2c1CC[C@]2(N)C(=O)Nc1ccc([C@@H]2CCC(=O)NC2=O)cc1,-7.575748361
COc1cccc2c1CC[C@@]2(N)C(=O)Nc1ccc([C@@H]2CCC(=O)NC2=O)cc1,-7.571841754
COc1cccc2c1CC[C@]2(N)C(=O)Nc1ccc([C@H]2CCC(=O)NC2=O)cc1,-7.537792708
COc1cccc2c1CC[C@@]2(N)C(=O)Nc1ccc([C@H]2CCC(=O)NC2=O)cc1,-7.521496146
O=C1CC[C@H](NC(=O)c2ccnc3[nH]nc(Br)c23)C(=O)N1,-8.602802063
O=C1CC[C@@H](NC(=O)c2ccnc3[nH]nc(Br)c23)C(=O)N1,-8.608609076
O=C1CC[C@H](n2ncc3ccccc32)C(=O)N1,-7.919910064
O=C1CC[C@@H](n2ncc3ccccc32)C(=O)N1,-8.165409541
Nc1cccc2c1cnn2[C@@H]1CCC(=O)NC1=O,-8.09754892
Nc1cccc2c1cnn2[C@H]1CCC(=O)NC1=O,-8.070439604
O=C1CC[C@H](n2ncc3cc(OS(=O)(=O)F)ccc32)C(=O)N1,-8.223710725
O=C1CC[C@@H](n2ncc3cc(OS(=O)(=O)F)ccc32)C(=O)N1,-8.413079169
COCc1nsc(C(=O)N[C@@H]2CCC(=O)NC2=O)n1,-8.742368618
COCc1nsc(C(=O)N[C@H]2CCC(=O)NC2=O)n1,-8.742693921
O=C1CC[C@H](NC(=O)c2nc(S(=O)(=O)F)ns2)C(=O)N1,-9.62441941
O=C1CC[C@@H](NC(=O)c2nc(S(=O)(=O)F)ns2)C(=O)N1,-9.624522794
O=C1CCNC(=O)N1,-7.1936
COc1cccc2cc(-c3ccccc3C(=O)N[C@@H]3CCC(=O)NC3=O)oc12,-7.935161775
COc1cccc2cc(-c3ccccc3C(=O)N[C@H]3CCC(=O)NC3=O)oc12,-7.95757298
CC1(C)CN(C(=O)CNc2cccc3c2CN([C@@H]2CCC(=O)NC2=O)C3=O)C1,-7.804683765
CC1(C)CN(C(=O)CNc2cccc3c2CN([C@H]2CCC(=O)NC2=O)C3=O)C1,-7.764869835
CCC1CN(C(=O)CNc2cccc3c2CN([C@@H]2CCC(=O)NC2=O)C3=O)C1,-7.860658802
CCC1CN(C(=O)CNc2cccc3c2CN([C@H]2CCC(=O)NC2=O)C3=O)C1,-7.839950727
CC1(O)CN(C(=O)CNc2cccc3c2CN([C@@H]2CCC(=O)NC2=O)C3=O)C1,-8.13948538
CC1(O)CN(C(=O)CNc2cccc3c2CN([C@H]2CCC(=O)NC2=O)C3=O)C1,-8.148115617
O=C1CC[C@H](N2Cc3cc(CNC(=O)[C@@H]4CNc5ccccc5C4)ccc3C2=O)C(=O)N1,-7.880623461
O=C1CC[C@@H](N2Cc3cc(CNC(=O)[C@@H]4CNc5ccccc5C4)ccc3C2=O)C(=O)N1,-7.916989555
O=C1CC[C@H](N2Cc3cc(CNC(=O)[C@H]4CNc5ccccc5C4)ccc3C2=O)C(=O)N1,-7.88890103
O=C1CC[C@@H](N2Cc3cc(CNC(=O)[C@H]4CNc5ccccc5C4)ccc3C2=O)C(=O)N1,-7.89411032
N#CN1CC[C@H](c2c[nH]c(=O)cc2C(=O)Nc2ccc([C@@H]3CCC(=O)NC3=O)cc2)C1,-8.202192701
N#CN1CC[C@@H](c2c[nH]c(=O)cc2C(=O)Nc2ccc([C@@H]3CCC(=O)NC3=O)cc2)C1,-8.195107934
N#CN1CC[C@H](c2c[nH]c(=O)cc2C(=O)Nc2ccc([C@H]3CCC(=O)NC3=O)cc2)C1,-8.198748749
N#CN1CC[C@@H](c2c[nH]c(=O)cc2C(=O)Nc2ccc([C@H]3CCC(=O)NC3=O)cc2)C1,-8.217324942
O=C1CC[C@H](N2Cc3c(C#CCNc4ccccc4)cccc3C2=O)C(=O)N1,-7.777247804
O=C1CC[C@@H](N2Cc3c(C#CCNc4ccccc4)cccc3C2=O)C(=O)N1,-7.929329846
O=C1CC[C@H](N2Cc3cc(NC(=O)c4ccc5c(c4)OCCO5)ccc3C2=O)C(=O)N1,-7.804505395
O=C1CC[C@@H](N2Cc3cc(NC(=O)c4ccc5c(c4)OCCO5)ccc3C2=O)C(=O)N1,-7.796622112
O=C1CC[C@H](NC(=O)c2cn(-c3ccc4c(c3)OCCO4)nn2)C(=O)N1,-7.80425975
O=C1CC[C@@H](NC(=O)c2cn(-c3ccc4c(c3)OCCO4)nn2)C(=O)N1,-7.807607099
Cc1cnc(F)c(-c2cn([C@@H]3CCC(=O)NC3=O)nn2)c1,-8.24330175
Cc1cnc(F)c(-c2cn([C@H]3CCC(=O)NC3=O)nn2)c1,-8.244072403
Cc1cc(F)ncc1-c1cn([C@@H]2CCC(=O)NC2=O)nn1,-8.421369862
Cc1cc(F)ncc1-c1cn([C@H]2CCC(=O)NC2=O)nn1,-8.425161427
O=C1CC[C@H](n2cc(-c3cncc(S(=O)(=O)F)c3)nn2)C(=O)N1,-8.471820232
O=C1CC[C@@H](n2cc(-c3cncc(S(=O)(=O)F)c3)nn2)C(=O)N1,-8.368510891
O=C1CC[C@H](n2cc(-c3cnccc3S(=O)(=O)F)nn2)C(=O)N1,-8.439294271
O=C1CC[C@@H](n2cc(-c3cnccc3S(=O)(=O)F)nn2)C(=O)N1,-8.53409328
O=C1CC[C@H](n2cc(-c3cccnc3S(=O)(=O)F)nn2)C(=O)N1,-8.380774014
O=C1CC[C@@H](n2cc(-c3cccnc3S(=O)(=O)F)nn2)C(=O)N1,-8.565596533
O=C1CC[C@H](n2cc(-c3cncc(OS(=O)(=O)F)c3)nn2)C(=O)N1,-8.430036704
O=C1CC[C@@H](n2cc(-c3cncc(OS(=O)(=O)F)c3)nn2)C(=O)N1,-8.339957854
O=C1CC[C@H](n2cc(-c3cccnc3OS(=O)(=O)F)nn2)C(=O)N1,-8.533956059
O=C1CC[C@@H](n2cc(-c3cccnc3OS(=O)(=O)F)nn2)C(=O)N1,-8.532621584
Nc1ncccc1-c1cn([C@@H]2CCC(=O)NC2=O)nn1,-8.324803133
Nc1ncccc1-c1cn([C@H]2CCC(=O)NC2=O)nn1,-8.287891313
CC[C@@H]1CN(C(=O)c2ccc3c(c2)CN([C@@H]2CCC(=O)NC2=O)C3=O)CCN1,-7.908951165
CC[C@H]1CN(C(=O)c2ccc3c(c2)CN([C@@H]2CCC(=O)NC2=O)C3=O)CCN1,-7.894972407
CC[C@@H]1CN(C(=O)c2ccc3c(c2)CN([C@H]2CCC(=O)NC2=O)C3=O)CCN1,-7.85391417
CC[C@H]1CN(C(=O)c2ccc3c(c2)CN([C@H]2CCC(=O)NC2=O)C3=O)CCN1,-7.857447161
C[C@@H]1CNC[C@H](C)N1C(=O)c1ccc2c(c1)CN([C@@H]1CCC(=O)NC1=O)C2=O,-7.914372571
C[C@H]1CNC[C@H](C)N1C(=O)c1ccc2c(c1)CN([C@@H]1CCC(=O)NC1=O)C2=O,-7.92981036
C[C@@H]1CNC[C@@H](C)N1C(=O)c1ccc2c(c1)CN([C@@H]1CCC(=O)NC1=O)C2=O,-7.890179968
C[C@@H]1CNC[C@H](C)N1C(=O)c1ccc2c(c1)CN([C@H]1CCC(=O)NC1=O)C2=O,-7.919200115
C[C@H]1CNC[C@H](C)N1C(=O)c1ccc2c(c1)CN([C@H]1CCC(=O)NC1=O)C2=O,-7.885600835
C[C@@H]1CNC[C@@H](C)N1C(=O)c1ccc2c(c1)CN([C@H]1CCC(=O)NC1=O)C2=O,-7.915997193
CN(c1ncnc2ncn(C3CC3)c12)[C@@H]1CCC(=O)NC1=O,-7.898039548
CN(c1ncnc2ncn(C3CC3)c12)[C@H]1CCC(=O)NC1=O,-7.896351078
O=C1CC[C@H](N2Cc3cccc(OCc4ccc(CN5CCOCC5)cc4)c3C2)C(=O)N1,-7.668918008
O=C1CC[C@@H](N2Cc3cccc(OCc4ccc(CN5CCOCC5)cc4)c3C2)C(=O)N1,-7.672662813
CN(c1cc(C#N)nc(C2CC2)n1)[C@@H]1CCC(=O)NC1=O,-8.276569714
CN(c1cc(C#N)nc(C2CC2)n1)[C@H]1CCC(=O)NC1=O,-8.25028602
NC(=O)c1cc(N[C@@H]2CCC(=O)NC2=O)nc(C2CC2)n1,-7.914524269
NC(=O)c1cc(N[C@H]2CCC(=O)NC2=O)nc(C2CC2)n1,-7.915178836
N#CN1CCC[C@H](c2cccc(-c3cccc(C(=O)N[C@@H]4CCC(=O)NC4=O)n3)c2)C1,-7.968740416
N#CN1CCC[C@@H](c2cccc(-c3cccc(C(=O)N[C@@H]4CCC(=O)NC4=O)n3)c2)C1,-8.041733093
N#CN1CCC[C@H](c2cccc(-c3cccc(C(=O)N[C@H]4CCC(=O)NC4=O)n3)c2)C1,-8.092252639
N#CN1CCC[C@@H](c2cccc(-c3cccc(C(=O)N[C@H]4CCC(=O)NC4=O)n3)c2)C1,-8.102264368
Cc1csc2c(C(=O)N[C@@H]3CCC(=O)NC3=O)ncnc12,-8.351355845
Cc1csc2c(C(=O)N[C@H]3CCC(=O)NC3=O)ncnc12,-8.350923654
O=C1CC[C@H](NC(=O)c2ncnc3c(S(=O)(=O)F)csc23)C(=O)N1,-9.385796683
O=C1CC[C@@H](NC(=O)c2ncnc3c(S(=O)(=O)F)csc23)C(=O)N1,-9.696116369
O=C1CC[C@H](NC(=O)c2ncnc3cc(S(=O)(=O)F)sc23)C(=O)N1,-9.365308457
O=C1CC[C@@H](NC(=O)c2ncnc3cc(S(=O)(=O)F)sc23)C(=O)N1,-9.386120166
O=C1CC[C@H](NC(=O)c2ncnc3cc(OS(=O)(=O)F)sc23)C(=O)N1,-8.921235602
O=C1CC[C@@H](NC(=O)c2ncnc3cc(OS(=O)(=O)F)sc23)C(=O)N1,-9.344641706
O=C1CC[C@H](c2ccccn2)C(=O)N1,-7.791179445
O=C1CC[C@@H](c2ccccn2)C(=O)N1,-7.309806508
O=C1CC[C@H](NC(=O)c2nn(-c3cccc(S(=O)(=O)F)c3)c3c2CCC3)C(=O)N1,-8.094993677
O=C1CC[C@@H](NC(=O)c2nn(-c3cccc(S(=O)(=O)F)c3)c3c2CCC3)C(=O)N1,-8.087822809
Cc1cccc(F)c1-n1nc(C(=O)N[C@@H]2CCC(=O)NC2=O)c2c1CCC2,-7.77364624
Cc1cccc(F)c1-n1nc(C(=O)N[C@H]2CCC(=O)NC2=O)c2c1CCC2,-7.753835037
Cc1ccc(-n2nc(C(=O)N[C@@H]3CCC(=O)NC3=O)c3c2CCC3)c(F)c1,-7.783108709
Cc1ccc(-n2nc(C(=O)N[C@H]3CCC(=O)NC3=O)c3c2CCC3)c(F)c1,-7.781529304
O=C1CC[C@H](NC(=O)c2nn(-c3ccc(F)c(F)c3)c3c2CCC3)C(=O)N1,-7.887554112
O=C1CC[C@@H](NC(=O)c2nn(-c3ccc(F)c(F)c3)c3c2CCC3)C(=O)N1,-7.880011703
Cc1cccc(F)c1-n1nc(C(=O)N[C@@H]2CCC(=O)N(C)C2=O)c2c1CCC2,-7.68493286
Cc1cccc(F)c1-n1nc(C(=O)N[C@H]2CCC(=O)N(C)C2=O)c2c1CCC2,-7.685483196
N#CN1CCC[C@H](c2cccc(-c3ccc(C(=O)N[C@@H]4CCC(=O)NC4=O)nc3)c2)C1,-8.042237565
N#CN1CCC[C@@H](c2cccc(-c3ccc(C(=O)N[C@@H]4CCC(=O)NC4=O)nc3)c2)C1,-8.06626501
N#CN1CCC[C@H](c2cccc(-c3ccc(C(=O)N[C@H]4CCC(=O)NC4=O)nc3)c2)C1,-8.052241596
N#CN1CCC[C@@H](c2cccc(-c3ccc(C(=O)N[C@H]4CCC(=O)NC4=O)nc3)c2)C1,-8.08000888
COc1cc(F)c2c(C(=O)Nc3ccc([C@@H]4CCC(=O)NC4=O)cc3)n[nH]c2c1,-7.909719934
COc1cc(F)c2c(C(=O)Nc3ccc([C@H]4CCC(=O)NC4=O)cc3)n[nH]c2c1,-7.898535107
O=C1CC[C@H](NC(=O)c2cccc(CNC(=O)[C@@H]3Cc4nccn4C3)n2)C(=O)N1,-7.85047062
O=C1CC[C@@H](NC(=O)c2cccc(CNC(=O)[C@@H]3Cc4nccn4C3)n2)C(=O)N1,-7.949170104
O=C1CC[C@H](NC(=O)c2cccc(CNC(=O)[C@H]3Cc4nccn4C3)n2)C(=O)N1,-8.019735059
O=C1CC[C@@H](NC(=O)c2cccc(CNC(=O)[C@H]3Cc4nccn4C3)n2)C(=O)N1,-7.873618171
O=C1CC[C@H](NC(=O)c2cn(C3CC3)c(=O)c3ccccc23)C(=O)N1,-7.81013188
O=C1CC[C@@H](NC(=O)c2cn(C3CC3)c(=O)c3ccccc23)C(=O)N1,-7.797690379
N#CN1CC[C@H](c2cc3c(cc2-c2ccc4c(c2)CN([C@@H]2CCC(=O)NC2=O)C4=O)CCC3=O)C1,-8.046346445
N#CN1CC[C@@H](c2cc3c(cc2-c2ccc4c(c2)CN([C@@H]2CCC(=O)NC2=O)C4=O)CCC3=O)C1,-8.055718494
N#CN1CC[C@H](c2cc3c(cc2-c2ccc4c(c2)CN([C@H]2CCC(=O)NC2=O)C4=O)CCC3=O)C1,-7.978505482
N#CN1CC[C@@H](c2cc3c(cc2-c2ccc4c(c2)CN([C@H]2CCC(=O)NC2=O)C4=O)CCC3=O)C1,-7.976199925
N#CN1CC[C@H](c2ccnc(-c3cccnc3C(=O)N[C@@H]3CCC(=O)NC3=O)c2)C1,-8.373597577
N#CN1CC[C@@H](c2ccnc(-c3cccnc3C(=O)N[C@@H]3CCC(=O)NC3=O)c2)C1,-8.383002386
N#CN1CC[C@H](c2ccnc(-c3cccnc3C(=O)N[C@H]3CCC(=O)NC3=O)c2)C1,-7.894329533
N#CN1CC[C@@H](c2ccnc(-c3cccnc3C(=O)N[C@H]3CCC(=O)NC3=O)c2)C1,-7.865783008
N#CN1CCC[C@H](c2ccc(-c3n[nH]cc3C(=O)N[C@@H]3CCC(=O)NC3=O)s2)C1,-8.044890062
N#CN1CCC[C@@H](c2ccc(-c3n[nH]cc3C(=O)N[C@@H]3CCC(=O)NC3=O)s2)C1,-8.036684992
N#CN1CCC[C@H](c2ccc(-c3n[nH]cc3C(=O)N[C@H]3CCC(=O)NC3=O)s2)C1,-8.033725269
N#CN1CCC[C@@H](c2ccc(-c3n[nH]cc3C(=O)N[C@H]3CCC(=O)NC3=O)s2)C1,-8.091932646
COCCN(Cc1ccccn1)C1=CC(=O)N([C@@H]2CCC(=O)NC2=O)C1=O,-8.758508495
COCCN(Cc1ccccn1)C1=CC(=O)N([C@H]2CCC(=O)NC2=O)C1=O,-8.837640111
O=C1CC[C@H](Nc2cc(-c3ccsc3)ncn2)C(=O)N1,-7.828532987
O=C1CC[C@@H](Nc2cc(-c3ccsc3)ncn2)C(=O)N1,-7.899348046
N#CN1CCC[C@H](c2cnn(-c3ccccc3C(=O)N[C@@H]3CCC(=O)NC3=O)c2)C1,-7.97093494
N#CN1CCC[C@@H](c2cnn(-c3ccccc3C(=O)N[C@@H]3CCC(=O)NC3=O)c2)C1,-8.041775811
N#CN1CCC[C@H](c2cnn(-c3ccccc3C(=O)N[C@H]3CCC(=O)NC3=O)c2)C1,-8.000122304
N#CN1CCC[C@@H](c2cnn(-c3ccccc3C(=O)N[C@H]3CCC(=O)NC3=O)c2)C1,-8.043222032
N#CN1CC[C@H](c2cccc(-c3nocc3C(=O)N[C@@H]3CCC(=O)NC3=O)c2)C1,-7.925733317
N#CN1CC[C@@H](c2cccc(-c3nocc3C(=O)N[C@@H]3CCC(=O)NC3=O)c2)C1,-7.924348361
N#CN1CC[C@H](c2cccc(-c3nocc3C(=O)N[C@H]3CCC(=O)NC3=O)c2)C1,-7.934569253
N#CN1CC[C@@H](c2cccc(-c3nocc3C(=O)N[C@H]3CCC(=O)NC3=O)c2)C1,-7.916013515
C[C@@H]1CN(c2ccc(S(=O)(=O)F)cc2)C(=O)NC1=O,-8.029115073
C[C@H]1CN(c2ccc(S(=O)(=O)F)cc2)C(=O)NC1=O,-8.027001647
O=C1CCN(c2ccc(OS(=O)(=O)F)cc2)C(=O)N1,-8.286407578
CCNC(=O)COc1cccc(N2CCC(=O)NC2=O)c1C,-7.320544695
Nc1cc(Cl)cc(N2CCC(=O)NC2=O)c1,-7.373379573
CC(=O)NCCC#Cc1cccc(N2CCC(=O)NC2=O)c1C,-7.272558572
O=C1CCN(c2ccccc2)C(=O)N1,-7.650539447
C[C@@H]1CN(c2ccccc2)C(=O)NC1=O,-7.303261022
C[C@H]1CN(c2ccccc2)C(=O)NC1=O,-7.303036714
Cc1ccccc1N1CCC(=O)NC1=O,-7.228722955
Nc1cccc(N2CCC(=O)NC2=O)c1,-7.200933556
Nc1ccc(N2CCC(=O)NC2=O)cc1,-7.127849296
O=C1CC[C@H](N2C(=O)c3cc(S(=O)(=O)F)cc4cccc2c34)C(=O)N1,-9.063632623
O=C1CC[C@@H](N2C(=O)c3cc(S(=O)(=O)F)cc4cccc2c34)C(=O)N1,-9.063919718
O=C1CC[C@H](N2C(=O)c3cc(OS(=O)(=O)F)cc4cccc2c34)C(=O)N1,-8.769514094
O=C1CC[C@@H](N2C(=O)c3cc(OS(=O)(=O)F)cc4cccc2c34)C(=O)N1,-8.789010994
O=C1CC[C@H](N2C(=O)c3cccc4cccc2c34)C(=O)N1,-8.194313033
O=C1CC[C@@H](N2C(=O)c3cccc4cccc2c34)C(=O)N1,-7.195350737
N#CN1CCC[C@H](c2cccc3c2[C@H](C(=O)Nc2ccc([C@@H]4CCC(=O)NC4=O)cc2)CCC3)C1,-7.63091975
N#CN1CCC[C@@H](c2cccc3c2[C@H](C(=O)Nc2ccc([C@@H]4CCC(=O)NC4=O)cc2)CCC3)C1,-7.697874881
N#CN1CCC[C@H](c2cccc3c2[C@@H](C(=O)Nc2ccc([C@@H]4CCC(=O)NC4=O)cc2)CCC3)C1,-7.693571595
N#CN1CCC[C@@H](c2cccc3c2[C@@H](C(=O)Nc2ccc([C@@H]4CCC(=O)NC4=O)cc2)CCC3)C1,-7.384660575
N#CN1CCC[C@H](c2cccc3c2[C@H](C(=O)Nc2ccc([C@H]4CCC(=O)NC4=O)cc2)CCC3)C1,-7.419896034
N#CN1CCC[C@@H](c2cccc3c2[C@H](C(=O)Nc2ccc([C@H]4CCC(=O)NC4=O)cc2)CCC3)C1,-7.686379082
N#CN1CCC[C@H](c2cccc3c2[C@@H](C(=O)Nc2ccc([C@H]4CCC(=O)NC4=O)cc2)CCC3)C1,-7.712933394
N#CN1CCC[C@@H](c2cccc3c2[C@@H](C(=O)Nc2ccc([C@H]4CCC(=O)NC4=O)cc2)CCC3)C1,-7.298847787
N#CN1CC[C@H](c2ccc(-c3ccsc3C(=O)N[C@@H]3CCC(=O)NC3=O)cc2)C1,-7.946786115
N#CN1CC[C@@H](c2ccc(-c3ccsc3C(=O)N[C@@H]3CCC(=O)NC3=O)cc2)C1,-7.996021034
N#CN1CC[C@H](c2ccc(-c3ccsc3C(=O)N[C@H]3CCC(=O)NC3=O)cc2)C1,-8.059778038
N#CN1CC[C@@H](c2ccc(-c3ccsc3C(=O)N[C@H]3CCC(=O)NC3=O)cc2)C1,-8.067621352
COc1cc(COc2ccc3c(c2)C(=O)N([C@@H]2CCC(=O)NC2=O)C3=O)ccn1,-8.709237998
COc1cc(COc2ccc3c(c2)C(=O)N([C@H]2CCC(=O)NC2=O)C3=O)ccn1,-8.625821255
O=C1CC[C@H](NC(=O)c2ccc(S(=O)(=O)N3CCCC3)cc2)C(=O)N1,-7.937417193
O=C1CC[C@@H](NC(=O)c2ccc(S(=O)(=O)N3CCCC3)cc2)C(=O)N1,-7.944894971
O=c1oc2ccccc2n1[C@]12C[C@H](C1)C(=O)NC2=O,-8.3468
O=c1oc2c(S(=O)(=O)F)cccc2n1[C@]12C[C@H](C1)C(=O)NC2=O,-8.715060178
O=c1oc2cc(S(=O)(=O)F)ccc2n1[C@]12C[C@H](C1)C(=O)NC2=O,-8.71155201
O=c1oc2cc(OS(=O)(=O)F)ccc2n1[C@]12C[C@@H](C1)C(=O)NC2=O,-8.547251134
O=c1oc2cc(OS(=O)(=O)F)ccc2n1[C@]12C[C@H](C1)C(=O)NC2=O,-8.5798
O=c1oc2c(OS(=O)(=O)F)cccc2n1[C@]12C[C@@H](C1)C(=O)NC2=O,-9.242372108
O=c1oc2c(OS(=O)(=O)F)cccc2n1[C@]12C[C@H](C1)C(=O)NC2=O,-9.279898548
O=C1CC[C@H](N2Cc3c(OCCCC(=O)N4CCCc5ccccc54)cccc3C2=O)C(=O)N1,-7.880690079
O=C1CC[C@@H](N2Cc3c(OCCCC(=O)N4CCCc5ccccc54)cccc3C2=O)C(=O)N1,-7.763150969
O=C1CC[C@H](N2Cc3cc(-c4ccn5nc(CN6CCOCC6)c(Cl)c5n4)ccc3C2=O)C(=O)N1,-8.215481933
O=C1CC[C@@H](N2Cc3cc(-c4ccn5nc(CN6CCOCC6)c(Cl)c5n4)ccc3C2=O)C(=O)N1,-8.212495452
Cc1cc(NC(=O)Nc2ccc(C3CC(=O)NC(=O)C3)cc2)n(C)n1,-7.642149981
N#CN1CC[C@H](c2ccc3c(=O)cc(C(=O)N[C@@H]4CCC(=O)NC4=O)[nH]c3c2)C1,-8.272222818
N#CN1CC[C@@H](c2ccc3c(=O)cc(C(=O)N[C@@H]4CCC(=O)NC4=O)[nH]c3c2)C1,-7.933194773
N#CN1CC[C@H](c2ccc3c(=O)cc(C(=O)N[C@H]4CCC(=O)NC4=O)[nH]c3c2)C1,-7.948172881
N#CN1CC[C@@H](c2ccc3c(=O)cc(C(=O)N[C@H]4CCC(=O)NC4=O)[nH]c3c2)C1,-7.90743809
N#CC1(NC(=O)Cn2ccc(=O)[nH]c2=O)CC1,-7.760341747
N#CN1CC[C@H](c2ccncc2-c2ncc(C(=O)N[C@@H]3CCC(=O)NC3=O)s2)C1,-8.42247631
N#CN1CC[C@@H](c2ccncc2-c2ncc(C(=O)N[C@@H]3CCC(=O)NC3=O)s2)C1,-8.530509667
N#CN1CC[C@H](c2ccncc2-c2ncc(C(=O)N[C@H]3CCC(=O)NC3=O)s2)C1,-8.530861478
N#CN1CC[C@@H](c2ccncc2-c2ncc(C(=O)N[C@H]3CCC(=O)NC3=O)s2)C1,-8.521220533
O=C1CCN([C@@H]2CCc3ccccc3C2)C(=O)N1,-7.109713449
O=C1CCN([C@H]2CCc3ccccc3C2)C(=O)N1,-7.112140192
O=C1CCN([C@@H]2CCc3c(cccc3S(=O)(=O)F)C2)C(=O)N1,-7.599015439
O=C1CCN([C@H]2CCc3c(cccc3S(=O)(=O)F)C2)C(=O)N1,-7.554522424
O=C1CCN([C@@H]2CCc3ccc(S(=O)(=O)F)cc3C2)C(=O)N1,-7.556275384
O=C1CCN([C@H]2CCc3ccc(S(=O)(=O)F)cc3C2)C(=O)N1,-7.642441996
O=C1CCN([C@@H]2CCc3cc(S(=O)(=O)F)ccc3C2)C(=O)N1,-7.55589046
O=C1CCN([C@H]2CCc3cc(S(=O)(=O)F)ccc3C2)C(=O)N1,-7.557277655
O=C1CCN([C@@H]2CCc3cc(OS(=O)(=O)F)ccc3C2)C(=O)N1,-7.341201709
O=C1CCN([C@H]2CCc3cc(OS(=O)(=O)F)ccc3C2)C(=O)N1,-7.326020229
O=C1CCN([C@@H]2CCc3c(cccc3OS(=O)(=O)F)C2)C(=O)N1,-7.316403316
O=C1CCN([C@H]2CCc3c(cccc3OS(=O)(=O)F)C2)C(=O)N1,-7.317774584
O=C1CCN([C@@H]2CCc3ccc(OS(=O)(=O)F)cc3C2)C(=O)N1,-7.290077122
O=C1CCN([C@H]2CCc3ccc(OS(=O)(=O)F)cc3C2)C(=O)N1,-7.288695145
Cc1nc2c(C)cccc2cc1C(=O)N/N=C/c1c(C)[nH]c2ccccc12,-7.733921354
Cc1nc2c(C)cccc2cc1C(=O)N/N=C\c1c(C)[nH]c2ccccc12,-7.691464112
O=C1CC[C@H](NC(=O)c2ccc(-c3ccccc3)cn2)C(=O)N1,-8.076589992
O=C1CC[C@@H](NC(=O)c2ccc(-c3ccccc3)cn2)C(=O)N1,-8.076505343
COc1cc(NC(=O)NC2CC2)ccc1C(=O)N[C@@H]1CCC(=O)NC1=O,-7.670125813
COc1cc(NC(=O)NC2CC2)ccc1C(=O)N[C@H]1CCC(=O)NC1=O,-7.725351591
N#CN1CC[C@H](c2cncc(C(=O)Nc3ccc([C@@H]4CCC(=O)NC4=O)cc3)c2)C1,-8.114139219
N#CN1CC[C@@H](c2cncc(C(=O)Nc3ccc([C@@H]4CCC(=O)NC4=O)cc3)c2)C1,-8.103814353
N#CN1CC[C@H](c2cncc(C(=O)Nc3ccc([C@H]4CCC(=O)NC4=O)cc3)c2)C1,-8.111883609
N#CN1CC[C@@H](c2cncc(C(=O)Nc3ccc([C@H]4CCC(=O)NC4=O)cc3)c2)C1,-7.940039058
N#CN1CCC(c2nc3n(c2-c2ccc4c(c2)CN([C@@H]2CCC(=O)NC2=O)C4=O)CCNC3)CC1,-7.804538078
N#CN1CCC(c2nc3n(c2-c2ccc4c(c2)CN([C@H]2CCC(=O)NC2=O)C4=O)CCNC3)CC1,-7.805404307
O=C1CC[C@H](NC(=O)c2cnc3ccccc3n2)C(=O)N1,-8.820070572
O=C1CC[C@@H](NC(=O)c2cnc3ccccc3n2)C(=O)N1,-8.82015995
O=C1CC[C@H](NC(=O)c2cnc3ccc(S(=O)(=O)F)cc3n2)C(=O)N1,-9.664885545
O=C1CC[C@@H](NC(=O)c2cnc3ccc(S(=O)(=O)F)cc3n2)C(=O)N1,-9.656789778
O=C1CC[C@H](NC(=O)c2cnc3c(S(=O)(=O)F)cccc3n2)C(=O)N1,-9.536439072
O=C1CC[C@@H](NC(=O)c2cnc3c(S(=O)(=O)F)cccc3n2)C(=O)N1,-9.630530495
O=C1CC[C@H](NC(=O)c2cnc3ccc(OS(=O)(=O)F)cc3n2)C(=O)N1,-9.274675516
O=C1CC[C@@H](NC(=O)c2cnc3ccc(OS(=O)(=O)F)cc3n2)C(=O)N1,-9.398587444
N#CN1CC[C@H](c2ccnc(-n3cc(C(=O)N[C@@H]4CCC(=O)NC4=O)cn3)c2)C1,-7.985804047
N#CN1CC[C@@H](c2ccnc(-n3cc(C(=O)N[C@@H]4CCC(=O)NC4=O)cn3)c2)C1,-7.951105136
N#CN1CC[C@H](c2ccnc(-n3cc(C(=O)N[C@H]4CCC(=O)NC4=O)cn3)c2)C1,-7.93749667
N#CN1CC[C@@H](c2ccnc(-n3cc(C(=O)N[C@H]4CCC(=O)NC4=O)cn3)c2)C1,-7.933298241
N#CN1CC[C@H](c2cccc(C(=O)Nc3ccc4c(c3)C(=O)N([C@@H]3CCC(=O)NC3=O)C4=O)c2)C1,-8.719379326
N#CN1CC[C@@H](c2cccc(C(=O)Nc3ccc4c(c3)C(=O)N([C@@H]3CCC(=O)NC3=O)C4=O)c2)C1,-8.911985537
N#CN1CC[C@H](c2cccc(C(=O)Nc3ccc4c(c3)C(=O)N([C@H]3CCC(=O)NC3=O)C4=O)c2)C1,-8.593089057
N#CN1CC[C@@H](c2cccc(C(=O)Nc3ccc4c(c3)C(=O)N([C@H]3CCC(=O)NC3=O)C4=O)c2)C1,-8.644451157
N#CN1CC[C@H](c2csc(-c3cccc4c3CN([C@@H]3CCC(=O)NC3=O)C4=O)c2)C1,-7.950344555
N#CN1CC[C@@H](c2csc(-c3cccc4c3CN([C@@H]3CCC(=O)NC3=O)C4=O)c2)C1,-7.940430251
N#CN1CC[C@H](c2csc(-c3cccc4c3CN([C@H]3CCC(=O)NC3=O)C4=O)c2)C1,-7.939083748
N#CN1CC[C@@H](c2csc(-c3cccc4c3CN([C@H]3CCC(=O)NC3=O)C4=O)c2)C1,-7.885556302
COc1cc(C(=O)Nc2cccc([C@@H]3CCC(=O)NC3=O)c2)cc2ccoc12,-7.961796905
COc1cc(C(=O)Nc2cccc([C@H]3CCC(=O)NC3=O)c2)cc2ccoc12,-7.94676722
C[C@H](CC(F)(F)F)C(=O)Nc1cccc2c1CN([C@@H]1CCC(=O)NC1=O)C2=O,-7.750961669
C[C@@H](CC(F)(F)F)C(=O)Nc1cccc2c1CN([C@@H]1CCC(=O)NC1=O)C2=O,-7.70370801
C[C@H](CC(F)(F)F)C(=O)Nc1cccc2c1CN([C@H]1CCC(=O)NC1=O)C2=O,-7.75325192
C[C@@H](CC(F)(F)F)C(=O)Nc1cccc2c1CN([C@H]1CCC(=O)NC1=O)C2=O,-7.7529053
O=C1CC[C@H](N2Cc3ccc(CNC(=O)NCC(F)(F)F)cc3C2=O)C(=O)N1,-7.960397796
O=C1CC[C@@H](N2Cc3ccc(CNC(=O)NCC(F)(F)F)cc3C2=O)C(=O)N1,-7.993278478
O=C(COc1ccc2c(c1)CN([C@@H]1CCC(=O)NC1=O)C2=O)NCC(F)(F)F,-7.942751364
O=C(COc1ccc2c(c1)CN([C@H]1CCC(=O)NC1=O)C2=O)NCC(F)(F)F,-7.928790161
NCCc1cccc2c1CN([C@@H]1CCC(=O)NC1=O)C2=O,-7.940249809
NCCc1cccc2c1CN([C@H]1CCC(=O)NC1=O)C2=O,-7.982560389
CN(C)c1ccc2c(c1)C(=O)N([C@@H]1CCC(=O)NC1=O)C2,-7.98235199
CN(C)c1ccc2c(c1)C(=O)N([C@H]1CCC(=O)NC1=O)C2,-8.001203216
Nc1cc(Cl)cc2c1CN([C@@H]1CCC(=O)NC1=O)C2=O,-7.948621556
Nc1cc(Cl)cc2c1CN([C@H]1CCC(=O)NC1=O)C2=O,-7.947763514
CC(C)=Cc1cccc2c1CN([C@@H]1CCC(=O)NC1=O)C2=O,-7.844054448
CC(C)=Cc1cccc2c1CN([C@H]1CCC(=O)NC1=O)C2=O,-7.843366498
CC(C)=Cc1ccc2c(c1)CN([C@@H]1CCC(=O)NC1=O)C2=O,-7.821051485
CC(C)=Cc1ccc2c(c1)CN([C@H]1CCC(=O)NC1=O)C2=O,-7.821461094
CC(=O)N[C@@H]1c2ccccc2C(=O)N1[C@@H]1CCC(=O)NC1=O,-8.161987321
CC(=O)N[C@H]1c2ccccc2C(=O)N1[C@@H]1CCC(=O)NC1=O,-8.147042533
CC(=O)N[C@@H]1c2ccccc2C(=O)N1[C@H]1CCC(=O)NC1=O,-8.146589942
CC(=O)N[C@H]1c2ccccc2C(=O)N1[C@H]1CCC(=O)NC1=O,-8.161544325
CNC(=O)c1ccc2c(c1)CN([C@@H]1CCC(=O)NC1=O)C2=O,-7.927428086
CNC(=O)c1ccc2c(c1)CN([C@H]1CCC(=O)NC1=O)C2=O,-7.978859141
CC(=O)Nc1ccc2c(c1)CN([C@@H]1CCC(=O)NC1=O)C2=O,-7.931384946
CC(=O)Nc1ccc2c(c1)CN([C@H]1CCC(=O)NC1=O)C2=O,-8.240431795
O=C1CC[C@H](N2Cc3c(OCCO)cccc3C2=O)C(=O)N1,-7.882448416
O=C1CC[C@@H](N2Cc3c(OCCO)cccc3C2=O)C(=O)N1,-7.881532919
C=CC(=O)Nc1cccc2c1CN([C@@H]1CCC(=O)NC1=O)C2=O,-8.368351601
C=CC(=O)Nc1cccc2c1CN([C@H]1CCC(=O)NC1=O)C2=O,-8.367846979
C=CC(=O)Nc1ccc2c(c1)C(=O)N([C@@H]1CCC(=O)NC1=O)C2,-7.887914911
C=CC(=O)Nc1ccc2c(c1)C(=O)N([C@H]1CCC(=O)NC1=O)C2,-7.887716547
C=C(COC)c1ccc2c(c1)CN([C@@H]1CCC(=O)NC1=O)C2=O,-7.842481365
C=C(COC)c1ccc2c(c1)CN([C@H]1CCC(=O)NC1=O)C2=O,-7.840894592
O=C1CC[C@H](N2Cc3ccccc3C2=O)C(=O)N1,-7.87412537
CCNC(=O)c1ccc2c(c1)CN([C@@H]1CCC(=O)NC1=O)C2=O,-7.965139477
CCNC(=O)c1ccc2c(c1)CN([C@H]1CCC(=O)NC1=O)C2=O,-7.99699174
CCC(=O)Nc1ccc2c(c1)C(=O)N([C@@H]1CCC(=O)NC1=O)C2,-8.033872486
CCC(=O)Nc1ccc2c(c1)C(=O)N([C@H]1CCC(=O)NC1=O)C2,-8.033671583
O=C1CC[C@@H](N2Cc3ccccc3C2=O)C(=O)N1,-7.872765995
CC(=O)NCc1ccc2c(c1)C(=O)N([C@@H]1CCC(=O)NC1=O)C2,-7.91705563
CC(=O)NCc1ccc2c(c1)C(=O)N([C@H]1CCC(=O)NC1=O)C2,-7.917213817
CCCCNc1ccc2c(c1)CN([C@@H]1CCC(=O)NC1=O)C2=O,-7.934478033
CCCCNc1ccc2c(c1)CN([C@H]1CCC(=O)NC1=O)C2=O,-7.942850079
NCC(=O)Nc1cccc2c1CN([C@@H]1CCC(=O)NC1=O)C2=O,-7.792602789
NCC(=O)Nc1cccc2c1CN([C@H]1CCC(=O)NC1=O)C2=O,-7.780528905
O=C1CC[C@H](N2Cc3c(Br)cccc3C2=O)C(=O)N1,-7.997057547
O=C1CC[C@@H](N2Cc3c(Br)cccc3C2=O)C(=O)N1,-7.99588061
O=C1CC[C@H](N2Cc3cc(Br)ccc3C2=O)C(=O)N1,-8.001039467
O=C1CC[C@@H](N2Cc3cc(Br)ccc3C2=O)C(=O)N1,-8.00141313
O=C1CC[C@H](N2Cc3ccc(Br)cc3C2=O)C(=O)N1,-8.046267443
O=C1CC[C@@H](N2Cc3ccc(Br)cc3C2=O)C(=O)N1,-8.036820296
O=C1CC[C@H](N2Cc3cccc(Br)c3C2=O)C(=O)N1,-8.036277218
O=C1CC[C@@H](N2Cc3cccc(Br)c3C2=O)C(=O)N1,-8.046282247
O=C1CC[C@H](N2Cc3ccc(S(=O)(=O)F)cc3C2=O)C(=O)N1,-8.37292444
O=C1CC[C@@H](N2Cc3ccc(S(=O)(=O)F)cc3C2=O)C(=O)N1,-8.372752466
O=C1CC[C@H](N2Cc3cc(S(=O)(=O)F)ccc3C2=O)C(=O)N1,-8.198398417
O=C1CC[C@@H](N2Cc3cc(S(=O)(=O)F)ccc3C2=O)C(=O)N1,-8.198175153
O=C1CC[C@H](N2Cc3c(cccc3S(=O)(=O)F)C2=O)C(=O)N1,-8.551876334
O=C1CC[C@@H](N2Cc3c(cccc3S(=O)(=O)F)C2=O)C(=O)N1,-8.551221144
Nc1cc(C(F)(F)F)cc2c1CN([C@@H]1CCC(=O)NC1=O)C2=O,-8.075907724
Nc1cc(C(F)(F)F)cc2c1CN([C@H]1CCC(=O)NC1=O)C2=O,-8.076139273
C/C=C/C(=O)Nc1cccc2c1CN([C@@H]1CCC(=O)NC1=O)C2=O,-7.907800721
C/C=C/C(=O)Nc1cccc2c1CN([C@H]1CCC(=O)NC1=O)C2=O,-7.908838225
C/C=C\C(=O)Nc1cccc2c1CN([C@@H]1CCC(=O)NC1=O)C2=O,-7.691378996
C/C=C\C(=O)Nc1cccc2c1CN([C@H]1CCC(=O)NC1=O)C2=O,-7.742338727
C/C=C/C(=O)Nc1ccc2c(c1)C(=O)N([C@@H]1CCC(=O)NC1=O)C2,-7.914761363
C/C=C/C(=O)Nc1ccc2c(c1)C(=O)N([C@H]1CCC(=O)NC1=O)C2,-7.913964179
C/C=C\C(=O)Nc1ccc2c(c1)C(=O)N([C@@H]1CCC(=O)NC1=O)C2,-7.875161689
C/C=C\C(=O)Nc1ccc2c(c1)C(=O)N([C@H]1CCC(=O)NC1=O)C2,-7.857264431
CCCNC(=O)c1ccc2c(c1)CN([C@@H]1CCC(=O)NC1=O)C2=O,-7.83297647
CCCNC(=O)c1ccc2c(c1)CN([C@H]1CCC(=O)NC1=O)C2=O,-7.750647341
CC(C)NC(=O)c1ccc2c(c1)CN([C@@H]1CCC(=O)NC1=O)C2=O,-7.753454195
CC(C)NC(=O)c1ccc2c(c1)CN([C@H]1CCC(=O)NC1=O)C2=O,-7.755354789
CCCNC(=O)c1cccc2c1CN([C@@H]1CCC(=O)NC1=O)C2=O,-7.915452355
CCCNC(=O)c1cccc2c1CN([C@H]1CCC(=O)NC1=O)C2=O,-7.923150477
CC(C)C(=O)Nc1cccc2c1CN([C@@H]1CCC(=O)NC1=O)C2=O,-7.927013631
CC(C)C(=O)Nc1cccc2c1CN([C@H]1CCC(=O)NC1=O)C2=O,-7.92158334
CCCC(=O)Nc1cccc2c1CN([C@@H]1CCC(=O)NC1=O)C2=O,-7.87991064
CCCC(=O)Nc1cccc2c1CN([C@H]1CCC(=O)NC1=O)C2=O,-7.916301512
CCCC(=O)Nc1ccc2c(c1)C(=O)N([C@@H]1CCC(=O)NC1=O)C2,-7.931802684
CCCC(=O)Nc1ccc2c(c1)C(=O)N([C@H]1CCC(=O)NC1=O)C2,-7.881705008
CC(C)C(=O)Nc1ccc2c(c1)C(=O)N([C@@H]1CCC(=O)NC1=O)C2,-7.993010825
CC(C)C(=O)Nc1ccc2c(c1)C(=O)N([C@H]1CCC(=O)NC1=O)C2,-7.993417017
CCN(C)C(=O)c1ccc2c(c1)CN([C@@H]1CCC(=O)NC1=O)C2=O,-7.912935267
CCN(C)C(=O)c1ccc2c(c1)CN([C@H]1CCC(=O)NC1=O)C2=O,-7.911432039
CNC(=O)NCc1ccc2c(c1)C(=O)N([C@@H]1CCC(=O)NC1=O)C2,-7.92922755
CNC(=O)NCc1ccc2c(c1)C(=O)N([C@H]1CCC(=O)NC1=O)C2,-7.924653704
NCCC(=O)Nc1cccc2c1CN([C@@H]1CCC(=O)NC1=O)C2=O,-8.350912224
NCCC(=O)Nc1cccc2c1CN([C@H]1CCC(=O)NC1=O)C2=O,-8.35734073
C[C@H](N)C(=O)Nc1cccc2c1CN([C@@H]1CCC(=O)NC1=O)C2=O,-7.717341934
C[C@@H](N)C(=O)Nc1cccc2c1CN([C@@H]1CCC(=O)NC1=O)C2=O,-7.870484808
C[C@H](N)C(=O)Nc1cccc2c1CN([C@H]1CCC(=O)NC1=O)C2=O,-7.864903531
C[C@@H](N)C(=O)Nc1cccc2c1CN([C@H]1CCC(=O)NC1=O)C2=O,-7.854993137
O=C1CC[C@H](N2Cc3c(CCCCCO)cccc3C2=O)C(=O)N1,-7.840465614
O=C1CC[C@@H](N2Cc3c(CCCCCO)cccc3C2=O)C(=O)N1,-7.781754795
C=C(F)C(=O)Nc1cccc2c1CN([C@@H]1CCC(=O)NC1=O)C2=O,-8.122519958
C=C(F)C(=O)Nc1cccc2c1CN([C@H]1CCC(=O)NC1=O)C2=O,-8.123968162
CON(C)C(=O)c1ccc2c(c1)CN([C@@H]1CCC(=O)NC1=O)C2=O,-7.897260475
CON(C)C(=O)c1ccc2c(c1)CN([C@H]1CCC(=O)NC1=O)C2=O,-7.901594466
COCC(=O)Nc1ccc2c(c1)C(=O)N([C@@H]1CCC(=O)NC1=O)C2,-7.855266217
COCC(=O)Nc1ccc2c(c1)C(=O)N([C@H]1CCC(=O)NC1=O)C2,-7.855053655
O=C1CC[C@H](N2Cc3c(C(=O)NCCF)cccc3C2=O)C(=O)N1,-8.015954263
O=C1CC[C@@H](N2Cc3c(C(=O)NCCF)cccc3C2=O)C(=O)N1,-7.972363347
CS(=O)(=O)Nc1ccc2c(c1)CN([C@@H]1CCC(=O)NC1=O)C2=O,-7.938953073
CS(=O)(=O)Nc1ccc2c(c1)CN([C@H]1CCC(=O)NC1=O)C2=O,-7.958207822
Nc1cc(Br)cc2c1CN([C@@H]1CCC(=O)NC1=O)C2=O,-8.019183711
Nc1cc(Br)cc2c1CN([C@H]1CCC(=O)NC1=O)C2=O,-8.083452354
Nc1ccc(Br)c2c1C(=O)N([C@@H]1CCC(=O)NC1=O)C2,-7.953616575
Nc1ccc(Br)c2c1C(=O)N([C@H]1CCC(=O)NC1=O)C2,-7.953526188
C#CCCNC(=O)c1cccc2c1CN([C@@H]1CCC(=O)NC1=O)C2=O,-7.901817142
C#CCCNC(=O)c1cccc2c1CN([C@H]1CCC(=O)NC1=O)C2=O,-7.916504881
CC#CCNC(=O)c1cccc2c1CN([C@@H]1CCC(=O)NC1=O)C2=O,-8.075419011
CC#CCNC(=O)c1cccc2c1CN([C@H]1CCC(=O)NC1=O)C2=O,-8.077796867
CN1C(=O)CC[C@H](N2Cc3ccc(S(=O)(=O)F)cc3C2=O)C1=O,-8.178495656
CN1C(=O)CC[C@@H](N2Cc3ccc(S(=O)(=O)F)cc3C2=O)C1=O,-8.17861644
C[C@H](C#N)NC(=O)c1ccc2c(c1)CN([C@@H]1CCC(=O)NC1=O)C2=O,-8.454798902
C[C@@H](C#N)NC(=O)c1ccc2c(c1)CN([C@@H]1CCC(=O)NC1=O)C2=O,-8.457114767
C[C@H](C#N)NC(=O)c1ccc2c(c1)CN([C@H]1CCC(=O)NC1=O)C2=O,-7.996007525
C[C@@H](C#N)NC(=O)c1ccc2c(c1)CN([C@H]1CCC(=O)NC1=O)C2=O,-7.996501736
Nc1cccc2c1CN([C@@H]1CCC(=O)NC1=O)C2=O,-8.063511841
Nc1cccc2c1CN([C@H]1CCC(=O)NC1=O)C2=O,-8.063136128
C/C=C/C(=O)NCc1ccc2c(c1)C(=O)N([C@H]1CCC(=O)NC1=O)C2,-7.953072228
C/C=C\C(=O)NCc1ccc2c(c1)C(=O)N([C@@H]1CCC(=O)NC1=O)C2,-7.824063109
Nc1ccc2c(c1)CN([C@@H]1CCC(=O)NC1=O)C2=O,-7.821887776
C/C=C\C(=O)NCc1ccc2c(c1)C(=O)N([C@H]1CCC(=O)NC1=O)C2,-7.824563691
Nc1ccc2c(c1)CN([C@H]1CCC(=O)NC1=O)C2=O,-7.822914409
Nc1ccc2c(c1)C(=O)N([C@@H]1CCC(=O)NC1=O)C2,-7.842850303
Nc1ccc2c(c1)C(=O)N([C@H]1CCC(=O)NC1=O)C2,-7.843501957
O=C1CC[C@H](N2Cc3c(OS(=O)(=O)F)cccc3C2=O)C(=O)N1,-8.03011651
O=C1CC[C@@H](N2Cc3c(OS(=O)(=O)F)cccc3C2=O)C(=O)N1,-8.027622486
O=C1CC[C@H](N2Cc3cc(OS(=O)(=O)F)ccc3C2=O)C(=O)N1,-8.263767627
O=C1CC[C@@H](N2Cc3cc(OS(=O)(=O)F)ccc3C2=O)C(=O)N1,-8.30911057
Nc1cccc2c1C(=O)N([C@@H]1CCC(=O)NC1=O)C2,-7.774596964
O=C1CC[C@H](N2Cc3ccc(OS(=O)(=O)F)cc3C2=O)C(=O)N1,-8.278576415
O=C1CC[C@@H](N2Cc3ccc(OS(=O)(=O)F)cc3C2=O)C(=O)N1,-8.321588681
Nc1cccc2c1C(=O)N([C@H]1CCC(=O)NC1=O)C2,-7.789984236
Nc1cc(OC(F)(F)F)cc2c1CN([C@@H]1CCC(=O)NC1=O)C2=O,-7.99629624
Nc1cc(OC(F)(F)F)cc2c1CN([C@H]1CCC(=O)NC1=O)C2=O,-7.993938867
CC(C)CNC(=O)c1cccc2c1CN([C@@H]1CCC(=O)NC1=O)C2=O,-7.90679995
CC(C)CNC(=O)c1cccc2c1CN([C@H]1CCC(=O)NC1=O)C2=O,-7.905081087
CCCN(C)C(=O)c1ccc2c(c1)CN([C@@H]1CCC(=O)NC1=O)C2=O,-7.787347337
CCCN(C)C(=O)c1ccc2c(c1)CN([C@H]1CCC(=O)NC1=O)C2=O,-7.794001878
O=C1CC[C@H](N2Cc3c(O)cccc3C2=O)C(=O)N1,-7.821257902
CC[C@H](C)NC(=O)c1ccc2c(c1)CN([C@@H]1CCC(=O)NC1=O)C2=O,-7.928662285
CC[C@@H](C)NC(=O)c1ccc2c(c1)CN([C@@H]1CCC(=O)NC1=O)C2=O,-7.915512126
CC[C@H](C)NC(=O)c1ccc2c(c1)CN([C@H]1CCC(=O)NC1=O)C2=O,-7.908352331
CC[C@@H](C)NC(=O)c1ccc2c(c1)CN([C@H]1CCC(=O)NC1=O)C2=O,-7.917374197
CCN(CC)C(=O)c1ccc2c(c1)CN([C@@H]1CCC(=O)NC1=O)C2=O,-7.921690637
CCN(CC)C(=O)c1ccc2c(c1)CN([C@H]1CCC(=O)NC1=O)C2=O,-7.905570293
CC(C)C(=O)NCc1ccc2c(c1)C(=O)N([C@@H]1CCC(=O)NC1=O)C2,-7.950277092
CC(C)C(=O)NCc1ccc2c(c1)C(=O)N([C@H]1CCC(=O)NC1=O)C2,-7.941532308
CCCC(=O)NCc1ccc2c(c1)C(=O)N([C@@H]1CCC(=O)NC1=O)C2,-7.956183897
O=C1CC[C@@H](N2Cc3c(O)cccc3C2=O)C(=O)N1,-7.824073064
CCCC(=O)NCc1ccc2c(c1)C(=O)N([C@H]1CCC(=O)NC1=O)C2,-7.935335685
CC(C)(C)C(=O)Nc1ccc2c(c1)C(=O)N([C@@H]1CCC(=O)NC1=O)C2,-7.881064748
CC(C)(C)C(=O)Nc1ccc2c(c1)C(=O)N([C@H]1CCC(=O)NC1=O)C2,-7.881724062
CC(C)(C)NC(=O)[C@@H]1c2ccccc2C(=O)N1[C@@H]1CCC(=O)NC1=O,-8.088762204
CC(C)(C)NC(=O)[C@H]1c2ccccc2C(=O)N1[C@@H]1CCC(=O)NC1=O,-8.095648659
CC(C)(C)NC(=O)[C@@H]1c2ccccc2C(=O)N1[C@H]1CCC(=O)NC1=O,-8.094649633
CC(C)(C)NC(=O)[C@H]1c2ccccc2C(=O)N1[C@H]1CCC(=O)NC1=O,-8.089073923
O=C1CC[C@H](N2Cc3ccc(O)cc3C2=O)C(=O)N1,-7.844829032
O=C1CC[C@@H](N2Cc3ccc(O)cc3C2=O)C(=O)N1,-7.881897896
O=C1CC[C@H](N2Cc3cc(O)ccc3C2=O)C(=O)N1,-7.881482742
O=C1CC[C@@H](N2Cc3cc(O)ccc3C2=O)C(=O)N1,-7.8444031
NCCCC(=O)Nc1cccc2c1CN([C@@H]1CCC(=O)NC1=O)C2=O,-7.636280601
NCCCC(=O)Nc1cccc2c1CN([C@H]1CCC(=O)NC1=O)C2=O,-7.617768765
O=C1CC[C@H](N2Cc3cccc(O)c3C2=O)C(=O)N1,-7.96819899
CCNC(=O)NCc1ccc2c(c1)C(=O)N([C@@H]1CCC(=O)NC1=O)C2,-7.907950384
CCNC(=O)NCc1ccc2c(c1)C(=O)N([C@H]1CCC(=O)NC1=O)C2,-7.921543983
NCCCCCNc1cccc2c1CN([C@@H]1CCC(=O)NC1=O)C2=O,-7.896158019
NCCCCCNc1cccc2c1CN([C@H]1CCC(=O)NC1=O)C2=O,-7.801168947
O=C1CC[C@@H](N2Cc3cccc(O)c3C2=O)C(=O)N1,-7.967361183
CCN(OC)C(=O)c1ccc2c(c1)CN([C@@H]1CCC(=O)NC1=O)C2=O,-8.055759002
CCN(OC)C(=O)c1ccc2c(c1)CN([C@H]1CCC(=O)NC1=O)C2=O,-8.057557182
COCC(=O)NCc1ccc2c(c1)C(=O)N([C@@H]1CCC(=O)NC1=O)C2,-7.934984266
COCC(=O)NCc1ccc2c(c1)C(=O)N([C@H]1CCC(=O)NC1=O)C2,-7.928486215
C[C@H](CF)NC(=O)c1ccc2c(c1)CN([C@@H]1CCC(=O)NC1=O)C2=O,-7.937575394
C[C@@H](CF)NC(=O)c1ccc2c(c1)CN([C@@H]1CCC(=O)NC1=O)C2=O,-7.940941138
C[C@H](CF)NC(=O)c1ccc2c(c1)CN([C@H]1CCC(=O)NC1=O)C2=O,-7.97747583
C[C@@H](CF)NC(=O)c1ccc2c(c1)CN([C@H]1CCC(=O)NC1=O)C2=O,-7.934835276
O=C1CC[C@H](N2Cc3cc(C(=O)NCCCF)ccc3C2=O)C(=O)N1,-7.933995945
O=C1CC[C@@H](N2Cc3cc(C(=O)NCCCF)ccc3C2=O)C(=O)N1,-7.957755476
C[C@H](CF)NC(=O)c1cccc2c1CN([C@@H]1CCC(=O)NC1=O)C2=O,-7.817907408
C[C@@H](CF)NC(=O)c1cccc2c1CN([C@@H]1CCC(=O)NC1=O)C2=O,-7.791811592
C[C@H](CF)NC(=O)c1cccc2c1CN([C@H]1CCC(=O)NC1=O)C2=O,-7.851313606
C[C@@H](CF)NC(=O)c1cccc2c1CN([C@H]1CCC(=O)NC1=O)C2=O,-7.820541325
O=C1CC[C@H](N2Cc3c(C(=O)NCCCF)cccc3C2=O)C(=O)N1,-7.831821287
O=C1CC[C@@H](N2Cc3c(C(=O)NCCCF)cccc3C2=O)C(=O)N1,-7.784953219
O=C1CC[C@H](N2Cc3c(F)cccc3C2=O)C(=O)N1,-7.94017057
O=C1CC[C@@H](N2Cc3c(F)cccc3C2=O)C(=O)N1,-7.939266711
O=C1CC[C@H](N2Cc3cc(F)ccc3C2=O)C(=O)N1,-7.955339086
O=C1CC[C@@H](N2Cc3cc(F)ccc3C2=O)C(=O)N1,-7.955366912
O=C1CC[C@H](N2Cc3ccc(F)cc3C2=O)C(=O)N1,-7.987630186
O=C1CC[C@@H](N2Cc3ccc(F)cc3C2=O)C(=O)N1,-7.981972668
O=C1CC[C@H](N2Cc3cccc(F)c3C2=O)C(=O)N1,-7.981882846
O=C1CC[C@@H](N2Cc3cccc(F)c3C2=O)C(=O)N1,-7.987390487
CCS(=O)(=O)Nc1ccc2c(c1)CN([C@@H]1CCC(=O)NC1=O)C2=O,-7.953349333
CCS(=O)(=O)Nc1ccc2c(c1)CN([C@H]1CCC(=O)NC1=O)C2=O,-7.93295842
C#CCNC(=O)NCc1ccc2c(c1)C(=O)N([C@@H]1CCC(=O)NC1=O)C2,-8.551796173
C#CCNC(=O)NCc1ccc2c(c1)C(=O)N([C@H]1CCC(=O)NC1=O)C2,-8.384300793
O=C1CC[C@H](N2Cc3c(NC(=O)C(F)(F)F)cccc3C2=O)C(=O)N1,-8.442016259
O=C1CC[C@@H](N2Cc3c(NC(=O)C(F)(F)F)cccc3C2=O)C(=O)N1,-8.441729035
O=C1CC[C@H](N2Cc3ccc(NC(=O)C(F)(F)F)cc3C2=O)C(=O)N1,-8.260308241
O=C1CC[C@@H](N2Cc3ccc(NC(=O)C(F)(F)F)cc3C2=O)C(=O)N1,-8.260632631
CC(C)(C)CNC(=O)c1cccc2c1CN([C@@H]1CCC(=O)NC1=O)C2=O,-7.762301798
CC(C)(C)CNC(=O)c1cccc2c1CN([C@H]1CCC(=O)NC1=O)C2=O,-7.751185097
CC(C)CCC(=O)Nc1cccc2c1CN([C@@H]1CCC(=O)NC1=O)C2=O,-8.428533842
CC(C)CCC(=O)Nc1cccc2c1CN([C@H]1CCC(=O)NC1=O)C2=O,-8.425889233
CC(C)(C)C(=O)NCc1ccc2c(c1)C(=O)N([C@@H]1CCC(=O)NC1=O)C2,-7.953477594
CC(C)(C)C(=O)NCc1ccc2c(c1)C(=O)N([C@H]1CCC(=O)NC1=O)C2,-7.958038723
CCC(C)(C)C(=O)Nc1ccc2c(c1)C(=O)N([C@@H]1CCC(=O)NC1=O)C2,-7.876925027
CCC(C)(C)C(=O)Nc1ccc2c(c1)C(=O)N([C@H]1CCC(=O)NC1=O)C2,-7.904714119
CC(C)CCC(=O)Nc1ccc2c(c1)C(=O)N([C@@H]1CCC(=O)NC1=O)C2,-7.868940575
CC(C)CCC(=O)Nc1ccc2c(c1)C(=O)N([C@H]1CCC(=O)NC1=O)C2,-7.875930736
CCN(C)CC(=O)Nc1cccc2c1CN([C@@H]1CCC(=O)NC1=O)C2=O,-7.936385756
CCN(C)CC(=O)Nc1cccc2c1CN([C@H]1CCC(=O)NC1=O)C2=O,-7.844513569
CC(C)(C)NC(=O)Nc1ccc2c(c1)CN([C@@H]1CCC(=O)NC1=O)C2=O,-7.782802615
CC(C)(C)NC(=O)Nc1ccc2c(c1)CN([C@H]1CCC(=O)NC1=O)C2=O,-7.773992518
CC(C)NC(=O)NCc1ccc2c(c1)C(=O)N([C@@H]1CCC(=O)NC1=O)C2,-7.927909236
CC(C)NC(=O)NCc1ccc2c(c1)C(=O)N([C@H]1CCC(=O)NC1=O)C2,-7.897673569
NCCNC(=O)COc1ccc2c(c1)CN([C@@H]1CCC(=O)NC1=O)C2=O,-7.862835077
NCCNC(=O)COc1ccc2c(c1)CN([C@H]1CCC(=O)NC1=O)C2=O,-7.845188603
C#Cc1cccc2c1CN([C@@H]1CCC(=O)NC1=O)C2=O,-7.879684091
C#Cc1cccc2c1CN([C@H]1CCC(=O)NC1=O)C2=O,-7.879507132
C#Cc1ccc2c(c1)CN([C@@H]1CCC(=O)NC1=O)C2=O,-7.883539391
C#Cc1ccc2c(c1)CN([C@H]1CCC(=O)NC1=O)C2=O,-7.883627675
CC(F)(F)C(=O)NCc1ccc2c(c1)C(=O)N([C@@H]1CCC(=O)NC1=O)C2,-7.951288975
CC(F)(F)C(=O)NCc1ccc2c(c1)C(=O)N([C@H]1CCC(=O)NC1=O)C2,-7.973762465
O=Cc1cccc2c1CN([C@@H]1CCC(=O)NC1=O)C2=O,-8.43155257
O=Cc1cccc2c1CN([C@H]1CCC(=O)NC1=O)C2=O,-8.431974694
O=Cc1ccc2c(c1)C(=O)N([C@@H]1CCC(=O)NC1=O)C2,-8.30953444
O=Cc1ccc2c(c1)C(=O)N([C@H]1CCC(=O)NC1=O)C2,-8.518371414
O=Cc1ccc2c(c1)CN([C@@H]1CCC(=O)NC1=O)C2=O,-8.309198747
O=Cc1ccc2c(c1)CN([C@H]1CCC(=O)NC1=O)C2=O,-8.518267424
CC(C)C(=O)C(=O)NCc1ccc2c(c1)C(=O)N([C@@H]1CCC(=O)NC1=O)C2,-8.276306106
CC(C)C(=O)C(=O)NCc1ccc2c(c1)C(=O)N([C@H]1CCC(=O)NC1=O)C2,-8.257686894
CC(C)(C)CCNC(=O)c1ccc2c(c1)CN([C@@H]1CCC(=O)NC1=O)C2=O,-7.923201559
CC(C)(C)CCNC(=O)c1ccc2c(c1)CN([C@H]1CCC(=O)NC1=O)C2=O,-7.939357473
CC(C)[C@H](C)C(=O)NCc1ccc2c(c1)C(=O)N([C@@H]1CCC(=O)NC1=O)C2,-7.926789155
CC(C)[C@@H](C)C(=O)NCc1ccc2c(c1)C(=O)N([C@@H]1CCC(=O)NC1=O)C2,-7.940127783
CC(C)[C@H](C)C(=O)NCc1ccc2c(c1)C(=O)N([C@H]1CCC(=O)NC1=O)C2,-7.926359001
CC(C)[C@@H](C)C(=O)NCc1ccc2c(c1)C(=O)N([C@H]1CCC(=O)NC1=O)C2,-7.927619624
CC(C)CCC(=O)NCc1ccc2c(c1)C(=O)N([C@@H]1CCC(=O)NC1=O)C2,-7.910164385
CC(C)CCC(=O)NCc1ccc2c(c1)C(=O)N([C@H]1CCC(=O)NC1=O)C2,-7.92949106
CCC(C)(C)C(=O)NCc1ccc2c(c1)C(=O)N([C@@H]1CCC(=O)NC1=O)C2,-7.917679508
CCC(C)(C)C(=O)NCc1ccc2c(c1)C(=O)N([C@H]1CCC(=O)NC1=O)C2,-7.911493495
CC[C@H](C(=O)Nc1ccc2c(c1)C(=O)N([C@@H]1CCC(=O)NC1=O)C2)N(C)C,-7.869900699
CC[C@@H](C(=O)Nc1ccc2c(c1)C(=O)N([C@@H]1CCC(=O)NC1=O)C2)N(C)C,-7.845413181
CC[C@H](C(=O)Nc1ccc2c(c1)C(=O)N([C@H]1CCC(=O)NC1=O)C2)N(C)C,-7.837575497
CC[C@@H](C(=O)Nc1ccc2c(c1)C(=O)N([C@H]1CCC(=O)NC1=O)C2)N(C)C,-7.857093071
CN(C(=O)Nc1ccc2c(c1)CN([C@@H]1CCC(=O)NC1=O)C2=O)C(C)(C)C,-8.283115481
CN(C(=O)Nc1ccc2c(c1)CN([C@H]1CCC(=O)NC1=O)C2=O)C(C)(C)C,-8.280415252
CC(C)(CN)CNC(=O)c1ccc2c(c1)C(=O)N([C@@H]1CCC(=O)NC1=O)C2,-7.886320494
CC(C)(CN)CNC(=O)c1ccc2c(c1)C(=O)N([C@H]1CCC(=O)NC1=O)C2,-7.896606788
CC(C)(CN)CNC(=O)c1ccc2c(c1)CN([C@@H]1CCC(=O)NC1=O)C2=O,-7.909194803
CC(C)(CN)CNC(=O)c1ccc2c(c1)CN([C@H]1CCC(=O)NC1=O)C2=O,-7.890203894
CC(C)(CN)CNC(=O)c1cccc2c1CN([C@@H]1CCC(=O)NC1=O)C2=O,-7.889490654
CC(C)(CN)CNC(=O)c1cccc2c1CN([C@H]1CCC(=O)NC1=O)C2=O,-7.885187119
CC(C)(N)CCNC(=O)c1cccc2c1CN([C@@H]1CCC(=O)NC1=O)C2=O,-7.911106764
CC(C)(N)CCNC(=O)c1cccc2c1CN([C@H]1CCC(=O)NC1=O)C2=O,-7.89544744
CCCN(C)C(=O)NCc1ccc2c(c1)C(=O)N([C@@H]1CCC(=O)NC1=O)C2,-7.899812939
CCCN(C)C(=O)NCc1ccc2c(c1)C(=O)N([C@H]1CCC(=O)NC1=O)C2,-7.906826281
CC(C)(C)NC(=O)NCc1ccc2c(c1)C(=O)N([C@@H]1CCC(=O)NC1=O)C2,-7.690366706
CC(C)(C)NC(=O)NCc1ccc2c(c1)C(=O)N([C@H]1CCC(=O)NC1=O)C2,-7.70174517
CC(C)CNC(=O)NCc1ccc2c(c1)C(=O)N([C@@H]1CCC(=O)NC1=O)C2,-7.739286167
CC(C)CNC(=O)NCc1ccc2c(c1)C(=O)N([C@H]1CCC(=O)NC1=O)C2,-7.709810124
CC(C)(CCN)NC(=O)c1ccc2c(c1)CN([C@@H]1CCC(=O)NC1=O)C2=O,-7.973279391
CC(C)(CCN)NC(=O)c1ccc2c(c1)CN([C@H]1CCC(=O)NC1=O)C2=O,-7.955803534
COCCNC(=O)NCc1ccc2c(c1)C(=O)N([C@@H]1CCC(=O)NC1=O)C2,-7.869846315
COCCNC(=O)NCc1ccc2c(c1)C(=O)N([C@H]1CCC(=O)NC1=O)C2,-7.866651275
NCCCNC(=O)COc1ccc2c(c1)CN([C@@H]1CCC(=O)NC1=O)C2=O,-7.88649255
NCCCNC(=O)COc1ccc2c(c1)CN([C@H]1CCC(=O)NC1=O)C2=O,-7.885732895
NCc1cccc2c1CN([C@@H]1CCC(=O)NC1=O)C2=O,-7.779531974
NCc1cccc2c1CN([C@H]1CCC(=O)NC1=O)C2=O,-7.758645202
NCc1ccc2c(c1)CN([C@@H]1CCC(=O)NC1=O)C2=O,-8.08491093
NCc1ccc2c(c1)CN([C@H]1CCC(=O)NC1=O)C2=O,-8.083730514
NCc1ccc2c(c1)C(=O)N([C@@H]1CCC(=O)NC1=O)C2,-7.913948157
NCc1ccc2c(c1)C(=O)N([C@H]1CCC(=O)NC1=O)C2,-7.909589214
NCc1cccc2c1C(=O)N([C@@H]1CCC(=O)NC1=O)C2,-7.770311492
NCc1cccc2c1C(=O)N([C@H]1CCC(=O)NC1=O)C2,-7.676171037
CN1C(=O)CC[C@H](N2Cc3c(N)cccc3C2=O)C1=O,-7.769924155
CN1C(=O)CC[C@@H](N2Cc3c(N)cccc3C2=O)C1=O,-7.675512809
CN1C(=O)CC[C@H](N2Cc3ccc(N)cc3C2=O)C1=O,-7.897436979
CN1C(=O)CC[C@@H](N2Cc3ccc(N)cc3C2=O)C1=O,-7.906363584
COc1cccc2c1CN([C@@H]1CCC(=O)NC1=O)C2=O,-7.819764894
COc1cccc2c1CN([C@H]1CCC(=O)NC1=O)C2=O,-7.863415564
COc1ccc2c(c1)C(=O)N([C@@H]1CCC(=O)NC1=O)C2,-7.86387987
COc1ccc2c(c1)C(=O)N([C@H]1CCC(=O)NC1=O)C2,-7.820262251
COc1ccc2c(c1)CN([C@@H]1CCC(=O)NC1=O)C2=O,-7.80503507
COc1ccc2c(c1)CN([C@H]1CCC(=O)NC1=O)C2=O,-7.80931246
Nc1cc(O)cc2c1CN([C@@H]1CCC(=O)NC1=O)C2=O,-7.851051782
Nc1cc(O)cc2c1CN([C@H]1CCC(=O)NC1=O)C2=O,-7.854166904
CC(C)C(C)(C)C(=O)NCc1ccc2c(c1)C(=O)N([C@@H]1CCC(=O)NC1=O)C2,-7.63863074
CC(C)C(C)(C)C(=O)NCc1ccc2c(c1)C(=O)N([C@H]1CCC(=O)NC1=O)C2,-7.669437881
Nc1cc(F)cc2c1CN([C@@H]1CCC(=O)NC1=O)C2=O,-7.976753279
Nc1cc(F)cc2c1CN([C@H]1CCC(=O)NC1=O)C2=O,-7.946199932
CC(C)CN(C)C(=O)NCc1ccc2c(c1)C(=O)N([C@@H]1CCC(=O)NC1=O)C2,-7.894566566
CC(C)CN(C)C(=O)NCc1ccc2c(c1)C(=O)N([C@H]1CCC(=O)NC1=O)C2,-7.898063636
Nc1c(F)ccc2c1CN([C@@H]1CCC(=O)NC1=O)C2=O,-7.944669818
Nc1c(F)ccc2c1CN([C@H]1CCC(=O)NC1=O)C2=O,-7.909339395
O=C1CC[C@H](N2Cc3c(NC(=O)C(F)(F)C(F)F)cccc3C2=O)C(=O)N1,-8.363372006
O=C1CC[C@@H](N2Cc3c(NC(=O)C(F)(F)C(F)F)cccc3C2=O)C(=O)N1,-8.36277368
Nc1ccc(F)c2c1CN([C@@H]1CCC(=O)NC1=O)C2=O,-7.955729052
Nc1ccc(F)c2c1CN([C@H]1CCC(=O)NC1=O)C2=O,-7.955942009
CN(C)C(=O)N(C)C(=O)Nc1ccc2c(c1)CN([C@@H]1CCC(=O)NC1=O)C2=O,-7.73426435
CN(C)C(=O)N(C)C(=O)Nc1ccc2c(c1)CN([C@H]1CCC(=O)NC1=O)C2=O,-7.756887453
COCC(C)(C)N(C)C(=O)c1ccc2c(c1)C(=O)N([C@@H]1CCC(=O)NC1=O)C2,-8.289303304
COCC(C)(C)N(C)C(=O)c1ccc2c(c1)C(=O)N([C@H]1CCC(=O)NC1=O)C2,-8.290390253
CN(C)CCNC(=O)NCc1ccc2c(c1)C(=O)N([C@@H]1CCC(=O)NC1=O)C2,-7.878940055
CN(C)CCNC(=O)NCc1ccc2c(c1)C(=O)N([C@H]1CCC(=O)NC1=O)C2,-7.861471891
NCCCCNC(=O)COc1ccc2c(c1)CN([C@@H]1CCC(=O)NC1=O)C2=O,-7.860622403
NCCCCNC(=O)COc1ccc2c(c1)CN([C@H]1CCC(=O)NC1=O)C2=O,-7.918041252
O=C1CC[C@H](N2Cc3c(Cl)cccc3C2=O)C(=O)N1,-7.946051407
O=C1CC[C@@H](N2Cc3c(Cl)cccc3C2=O)C(=O)N1,-7.947266164
CC(C)CCS(=O)(=O)Nc1ccc2c(c1)C(=O)N([C@@H]1CCC(=O)NC1=O)C2,-8.154200906
CC(C)CCS(=O)(=O)Nc1ccc2c(c1)C(=O)N([C@H]1CCC(=O)NC1=O)C2,-8.166149962
O=C1CC[C@H](NC(=O)c2cccc(NC(=O)c3ccc4[nH]cnc4c3)c2)C(=O)N1,-7.917878631
O=C1CC[C@@H](NC(=O)c2cccc(NC(=O)c3ccc4[nH]cnc4c3)c2)C(=O)N1,-7.886438333
N#CN1CC[C@@H](c2ccn(-c3ccc(C(=O)N[C@@H]4CCC(=O)NC4=O)cc3)c2)C1,-7.649944599
N#CN1CC[C@H](c2ccn(-c3ccc(C(=O)N[C@H]4CCC(=O)NC4=O)cc3)c2)C1,-7.991038135
N#CN1CC[C@@H](c2ccn(-c3ccc(C(=O)N[C@H]4CCC(=O)NC4=O)cc3)c2)C1,-8.006213792
N#CN1CCC[C@H](c2cnccc2-c2ccc3c(c2)CN([C@@H]2CCC(=O)NC2=O)C3=O)C1,-7.578881067
N#CN1CCC[C@@H](c2cnccc2-c2ccc3c(c2)CN([C@@H]2CCC(=O)NC2=O)C3=O)C1,-7.778596464
N#CN1CCC[C@H](c2cnccc2-c2ccc3c(c2)CN([C@H]2CCC(=O)NC2=O)C3=O)C1,-7.868527192
N#CN1CCC[C@@H](c2cnccc2-c2ccc3c(c2)CN([C@H]2CCC(=O)NC2=O)C3=O)C1,-8.047664927
O=C1CC[C@H](NC(=O)c2cncn2C2CC2)C(=O)N1,-7.978952535
O=C1CC[C@@H](NC(=O)c2cncn2C2CC2)C(=O)N1,-7.979213561
Cc1ccc2snc(C(=O)N[C@@H]3CCC(=O)NC3=O)c2c1,-8.149276112
Cc1ccc2snc(C(=O)N[C@H]3CCC(=O)NC3=O)c2c1,-8.148902945
O=C1CC[C@H](NC(=O)c2nsc3cc(S(=O)(=O)F)ccc23)C(=O)N1,-9.018187817
O=C1CC[C@@H](NC(=O)c2nsc3cc(S(=O)(=O)F)ccc23)C(=O)N1,-9.03019956
O=C1CC[C@H](NC(=O)c2nsc3c(S(=O)(=O)F)cccc23)C(=O)N1,-8.911586015
O=C1CC[C@@H](NC(=O)c2nsc3c(S(=O)(=O)F)cccc23)C(=O)N1,-8.91212421
O=C1CC[C@H](NC(=O)c2nsc3ccc(S(=O)(=O)F)cc23)C(=O)N1,-9.029212325
O=C1CC[C@@H](NC(=O)c2nsc3ccc(S(=O)(=O)F)cc23)C(=O)N1,-8.986538759
O=C1CC[C@H](NC(=O)c2nsc3ccc(OS(=O)(=O)F)cc23)C(=O)N1,-9.188229025
O=C1CC[C@@H](NC(=O)c2nsc3ccc(OS(=O)(=O)F)cc23)C(=O)N1,-8.719365413
CN1CCc2nc(C(=O)Nc3ccc([C@@H]4CCC(=O)NC4=O)cc3)sc2C1,-8.08399449
CN1CCc2nc(C(=O)Nc3ccc([C@H]4CCC(=O)NC4=O)cc3)sc2C1,-8.081380604
O=C1CC[C@H](NC(=O)c2cc(-c3ccccc3)nc3c(Cl)cnn23)C(=O)N1,-8.436178171
O=C1CC[C@@H](NC(=O)c2cc(-c3ccccc3)nc3c(Cl)cnn23)C(=O)N1,-8.43604714
NC[C@@H]1OCCc2sc(C(=O)N[C@@H]3CCC(=O)NC3=O)cc21,-7.978139997
NC[C@H]1OCCc2sc(C(=O)N[C@@H]3CCC(=O)NC3=O)cc21,-7.975329877
NC[C@@H]1OCCc2sc(C(=O)N[C@H]3CCC(=O)NC3=O)cc21,-7.967325905
NC[C@H]1OCCc2sc(C(=O)N[C@H]3CCC(=O)NC3=O)cc21,-7.699322733
COc1ccnc(NCc2ccc3c(c2)C(=O)N([C@@H]2CCC(=O)NC2=O)C3)n1,-8.087680549
COc1ccnc(NCc2ccc3c(c2)C(=O)N([C@H]2CCC(=O)NC2=O)C3)n1,-8.073592787
Cc1nn(Cc2ccccc2Cl)c(Cl)c1C(=O)N[C@@H]1CCC(=O)NC1=O,-7.881429347
Cc1nn(Cc2ccccc2Cl)c(Cl)c1C(=O)N[C@H]1CCC(=O)NC1=O,-7.881674682
COc1ccc(Cn2cc(C(=O)N[C@@H]3CCC(=O)NC3=O)cn2)cc1OC,-7.906520148
COc1ccc(Cn2cc(C(=O)N[C@H]3CCC(=O)NC3=O)cn2)cc1OC,-7.908242545
Cc1nn(Cc2ccc(Cl)cc2)c(C)c1C(=O)N[C@@H]1CCC(=O)NC1=O,-7.918083784
Cc1nn(Cc2ccc(Cl)cc2)c(C)c1C(=O)N[C@H]1CCC(=O)NC1=O,-7.918123439
Cc1c(C(=O)N[C@@H]2CCC(=O)NC2=O)nnn1[C@@H]1CCOC1,-7.818987126
Cc1c(C(=O)N[C@H]2CCC(=O)NC2=O)nnn1[C@@H]1CCOC1,-7.816142175
Cc1c(C(=O)N[C@@H]2CCC(=O)NC2=O)nnn1[C@H]1CCOC1,-7.828966662
Cc1c(C(=O)N[C@H]2CCC(=O)NC2=O)nnn1[C@H]1CCOC1,-7.825197275
O=C1CC[C@H](c2cccc(Nc3cc(Cl)nc([C@@H]4CCCO4)n3)c2)C(=O)N1,-8.04659245
O=C1CC[C@@H](c2cccc(Nc3cc(Cl)nc([C@@H]4CCCO4)n3)c2)C(=O)N1,-8.054528699
O=C1CC[C@H](c2cccc(Nc3cc(Cl)nc([C@H]4CCCO4)n3)c2)C(=O)N1,-7.986311742
O=C1CC[C@@H](c2cccc(Nc3cc(Cl)nc([C@H]4CCCO4)n3)c2)C(=O)N1,-7.982990752
N#CN1CCC[C@H](c2nccc(Nc3ccc4c(c3)C(=O)N([C@@H]3CCC(=O)NC3=O)C4)n2)C1,-7.977158443
N#CN1CCC[C@@H](c2nccc(Nc3ccc4c(c3)C(=O)N([C@@H]3CCC(=O)NC3=O)C4)n2)C1,-8.021520525
N#CN1CCC[C@H](c2nccc(Nc3ccc4c(c3)C(=O)N([C@H]3CCC(=O)NC3=O)C4)n2)C1,-7.977196902
N#CN1CCC[C@@H](c2nccc(Nc3ccc4c(c3)C(=O)N([C@H]3CCC(=O)NC3=O)C4)n2)C1,-7.976166021
O=C1CC[C@H](n2cc(-c3cc(OS(=O)(=O)F)c4cccnc4c3)nn2)C(=O)N1,-8.456382867
O=C1CC[C@@H](n2cc(-c3cc(OS(=O)(=O)F)c4cccnc4c3)nn2)C(=O)N1,-8.420213415
O=C1CC[C@H](n2cc(-c3ccc4cc(OS(=O)(=O)F)cnc4c3)nn2)C(=O)N1,-8.487008112
O=C1CC[C@@H](n2cc(-c3ccc4cc(OS(=O)(=O)F)cnc4c3)nn2)C(=O)N1,-8.465423079
O=C1CC[C@H](n2cc(-c3ccc4ccc(OS(=O)(=O)F)nc4c3)nn2)C(=O)N1,-8.533767925
O=C1CC[C@@H](n2cc(-c3ccc4ccc(OS(=O)(=O)F)nc4c3)nn2)C(=O)N1,-8.43511633
O=C1CC[C@H](n2cc(-c3ccc4cccnc4c3)nn2)C(=O)N1,-8.275028014
O=C1CC[C@@H](n2cc(-c3ccc4cccnc4c3)nn2)C(=O)N1,-8.116911775
O=C1CC[C@H](n2cc(-c3cc(S(=O)(=O)F)c4cccnc4c3)nn2)C(=O)N1,-8.645106989
O=C1CC[C@@H](n2cc(-c3cc(S(=O)(=O)F)c4cccnc4c3)nn2)C(=O)N1,-8.879132163
O=C1CC[C@H](n2cc(-c3ccc4c(S(=O)(=O)F)ccnc4c3)nn2)C(=O)N1,-8.692265352
O=C1CC[C@@H](n2cc(-c3ccc4c(S(=O)(=O)F)ccnc4c3)nn2)C(=O)N1,-8.771774732
O=C1CC[C@H](n2cc(-c3ccc4ccc(S(=O)(=O)F)nc4c3)nn2)C(=O)N1,-8.694656167
O=C1CC[C@@H](n2cc(-c3ccc4ccc(S(=O)(=O)F)nc4c3)nn2)C(=O)N1,-8.667089452
O=C1CC[C@H](n2cc(-c3cc4ncccc4cc3S(=O)(=O)F)nn2)C(=O)N1,-8.891766422
O=C1CC[C@@H](n2cc(-c3cc4ncccc4cc3S(=O)(=O)F)nn2)C(=O)N1,-8.805615125
N#CN1CCC[C@H](c2cccnc2-c2ncc(C(=O)N[C@@H]3CCC(=O)NC3=O)s2)C1,-8.39668994
N#CN1CCC[C@@H](c2cccnc2-c2ncc(C(=O)N[C@@H]3CCC(=O)NC3=O)s2)C1,-8.038346102
N#CN1CCC[C@H](c2cccnc2-c2ncc(C(=O)N[C@H]3CCC(=O)NC3=O)s2)C1,-8.038688982
N#CN1CCC[C@@H](c2cccnc2-c2ncc(C(=O)N[C@H]3CCC(=O)NC3=O)s2)C1,-8.161397305
O=C1CC[C@H](NC(=O)c2cc(S(=O)(=O)F)on2)C(=O)N1,-9.150109448
O=C1CC[C@@H](NC(=O)c2cc(S(=O)(=O)F)on2)C(=O)N1,-9.101680434
CC(C)(C)c1conc1C(=O)N[C@@H]1CCC(=O)NC1=O,-8.090235691
CC(C)(C)c1conc1C(=O)N[C@H]1CCC(=O)NC1=O,-8.090094665
N#CN1CC[C@H](c2nc3n(c2-c2ccc4c(c2)CN([C@@H]2CCC(=O)NC2=O)C4=O)CCNC3)C1,-7.982660652
N#CN1CC[C@@H](c2nc3n(c2-c2ccc4c(c2)CN([C@@H]2CCC(=O)NC2=O)C4=O)CCNC3)C1,-7.874603149
N#CN1CC[C@H](c2nc3n(c2-c2ccc4c(c2)CN([C@H]2CCC(=O)NC2=O)C4=O)CCNC3)C1,-7.919148385
N#CN1CC[C@@H](c2nc3n(c2-c2ccc4c(c2)CN([C@H]2CCC(=O)NC2=O)C4=O)CCNC3)C1,-8.030861266
O=C1CC[C@H](N2Cc3cc(-c4cnc5c(c4)NCCO5)ccc3C2=O)C(=O)N1,-7.598581971
O=C1CC[C@@H](N2Cc3cc(-c4cnc5c(c4)NCCO5)ccc3C2=O)C(=O)N1,-7.599428766
O=C1CC[C@H](NC(=O)c2cc3ncncc3s2)C(=O)N1,-8.439350558
O=C1CC[C@@H](NC(=O)c2cc3ncncc3s2)C(=O)N1,-8.824713707
N#CN1CCC[C@H](c2ccc3c(c2)NCC[C@@H]3C(=O)N[C@@H]2CCC(=O)NC2=O)C1,-8.030293741
N#CN1CCC[C@@H](c2ccc3c(c2)NCC[C@@H]3C(=O)N[C@@H]2CCC(=O)NC2=O)C1,-7.996076207
N#CN1CCC[C@H](c2ccc3c(c2)NCC[C@H]3C(=O)N[C@@H]2CCC(=O)NC2=O)C1,-7.997486374
N#CN1CCC[C@@H](c2ccc3c(c2)NCC[C@H]3C(=O)N[C@@H]2CCC(=O)NC2=O)C1,-8.022041651
N#CN1CCC[C@H](c2ccc3c(c2)NCC[C@@H]3C(=O)N[C@H]2CCC(=O)NC2=O)C1,-8.006877554
N#CN1CCC[C@@H](c2ccc3c(c2)NCC[C@@H]3C(=O)N[C@H]2CCC(=O)NC2=O)C1,-8.059578206
N#CN1CCC[C@H](c2ccc3c(c2)NCC[C@H]3C(=O)N[C@H]2CCC(=O)NC2=O)C1,-7.995225984
N#CN1CCC[C@@H](c2ccc3c(c2)NCC[C@H]3C(=O)N[C@H]2CCC(=O)NC2=O)C1,-8.023499664
N#CN1CCC[C@H](c2cnc3cnc(C(=O)N[C@@H]4CCC(=O)NC4=O)cc3c2)C1,-8.662319126
N#CN1CCC[C@@H](c2cnc3cnc(C(=O)N[C@@H]4CCC(=O)NC4=O)cc3c2)C1,-8.675420047
N#CN1CCC[C@H](c2cnc3cnc(C(=O)N[C@H]4CCC(=O)NC4=O)cc3c2)C1,-8.671439091
N#CN1CCC[C@@H](c2cnc3cnc(C(=O)N[C@H]4CCC(=O)NC4=O)cc3c2)C1,-8.661352809
N#CN1CC[C@H](c2cccc(-c3cc(C(=O)N[C@@H]4CCC(=O)NC4=O)n[nH]3)c2)C1,-7.768560896
N#CN1CC[C@@H](c2cccc(-c3cc(C(=O)N[C@@H]4CCC(=O)NC4=O)n[nH]3)c2)C1,-8.145057494
N#CN1CC[C@H](c2cccc(-c3cc(C(=O)N[C@H]4CCC(=O)NC4=O)n[nH]3)c2)C1,-7.79613766
N#CN1CC[C@@H](c2cccc(-c3cc(C(=O)N[C@H]4CCC(=O)NC4=O)n[nH]3)c2)C1,-7.70147055
Cc1c2c(nc3ccc(O)cc13)[C@](C)(C(F)F)NC2=O,-8.1233
Cc1c2c(nc3ccc(O)cc13)[C@@](C)(C(F)F)NC2=O,-8.1234
N#CN1CC[C@H](c2cc3c4c(c2)cc(C(=O)N[C@@H]2CCC(=O)NC2=O)c(=O)n4CCC3)C1,-8.125033527
N#CN1CC[C@@H](c2cc3c4c(c2)cc(C(=O)N[C@@H]2CCC(=O)NC2=O)c(=O)n4CCC3)C1,-8.121978935
N#CN1CC[C@H](c2cc3c4c(c2)cc(C(=O)N[C@H]2CCC(=O)NC2=O)c(=O)n4CCC3)C1,-8.138167755
N#CN1CC[C@@H](c2cc3c4c(c2)cc(C(=O)N[C@H]2CCC(=O)NC2=O)c(=O)n4CCC3)C1,-8.134860944
O=C1CC[C@H](NC(=O)c2cc(Nc3ccccc3)ncn2)C(=O)N1,-7.960906616
O=C1CC[C@@H](NC(=O)c2cc(Nc3ccccc3)ncn2)C(=O)N1,-8.011713875
O=C1CC[C@H](NC(=O)c2ccc(-n3ncc4cccnc43)cc2)C(=O)N1,-7.950422854
O=C1CC[C@@H](NC(=O)c2ccc(-n3ncc4cccnc43)cc2)C(=O)N1,-7.950483453
O=C1CC[C@H](N2Cc3ccc(CNC(=O)N4CCCCCC4)cc3C2=O)C(=O)N1,-7.701595321
O=C1CC[C@@H](N2Cc3ccc(CNC(=O)N4CCCCCC4)cc3C2=O)C(=O)N1,-7.669090966
N#CN1CC[C@H](c2ccccc2-c2cccc(C(=O)N[C@@H]3CCC(=O)NC3=O)n2)C1,-7.891473973
N#CN1CC[C@@H](c2ccccc2-c2cccc(C(=O)N[C@@H]3CCC(=O)NC3=O)n2)C1,-7.840100345
N#CN1CC[C@H](c2ccccc2-c2cccc(C(=O)N[C@H]3CCC(=O)NC3=O)n2)C1,-7.901986342
N#CN1CC[C@@H](c2ccccc2-c2cccc(C(=O)N[C@H]3CCC(=O)NC3=O)n2)C1,-8.100113457
O=C1CC[C@H](NC(=O)c2nc3[nH]ccc3cc2Br)C(=O)N1,-8.229782338
O=C1CC[C@@H](NC(=O)c2nc3[nH]ccc3cc2Br)C(=O)N1,-8.22958823
O=C1CC[C@H](NC(=O)c2cc(S(=O)(=O)F)c3cc[nH]c3n2)C(=O)N1,-8.729917617
O=C1CC[C@@H](NC(=O)c2cc(S(=O)(=O)F)c3cc[nH]c3n2)C(=O)N1,-8.848202369
O=C1CC[C@H](NC(=O)c2ccc3cc(S(=O)(=O)F)[nH]c3n2)C(=O)N1,-8.607946384
O=C1CC[C@@H](NC(=O)c2ccc3cc(S(=O)(=O)F)[nH]c3n2)C(=O)N1,-8.297510695
O=C1CC[C@H](NC(=O)c2ccc3c(S(=O)(=O)F)c[nH]c3n2)C(=O)N1,-8.497596903
O=C1CC[C@@H](NC(=O)c2ccc3c(S(=O)(=O)F)c[nH]c3n2)C(=O)N1,-8.64716378
O=C1CC[C@H](NC(=O)c2cncc3ccsc23)C(=O)N1,-8.031098693
O=C1CC[C@@H](NC(=O)c2cncc3ccsc23)C(=O)N1,-8.030909511
O=C1CC[C@H](NC(=O)c2cnc(S(=O)(=O)F)c3ccsc23)C(=O)N1,-9.046233117
O=C1CC[C@@H](NC(=O)c2cnc(S(=O)(=O)F)c3ccsc23)C(=O)N1,-9.062276911
O=C1CC[C@H](NC(=O)c2cncc3c(S(=O)(=O)F)csc23)C(=O)N1,-9.062911768
O=C1CC[C@@H](NC(=O)c2cncc3c(S(=O)(=O)F)csc23)C(=O)N1,-8.567787942
O=C1CC[C@H](NC(=O)c2cncc3cc(S(=O)(=O)F)sc23)C(=O)N1,-9.3792259
O=C1CC[C@@H](NC(=O)c2cncc3cc(S(=O)(=O)F)sc23)C(=O)N1,-8.518639188
O=C1CC[C@H](NC(=O)c2cnc3[nH]c(=O)[nH]c3n2)C(=O)N1,-8.596436489
O=C1CC[C@@H](NC(=O)c2cnc3[nH]c(=O)[nH]c3n2)C(=O)N1,-8.596038502
N#CN1CCC(c2c[nH]c(-c3cccc4c3CN([C@@H]3CCC(=O)NC3=O)C4=O)c2)CC1,-7.725273604
N#CN1CCC(c2c[nH]c(-c3cccc4c3CN([C@H]3CCC(=O)NC3=O)C4=O)c2)CC1,-7.726975175
O=C1CC[C@H](N2Cc3cc(-c4cc(CN5CCCC5)c5cc[nH]c5n4)ccc3C2=O)C(=O)N1,-7.801083956
O=C1CC[C@@H](N2Cc3cc(-c4cc(CN5CCCC5)c5cc[nH]c5n4)ccc3C2=O)C(=O)N1,-7.79979797
C[C@@H]1CCc2[nH]c(C(=O)Nc3ccc([C@@H]4CCC(=O)NC4=O)cc3)cc2C1,-7.553144535
C[C@H]1CCc2[nH]c(C(=O)Nc3ccc([C@@H]4CCC(=O)NC4=O)cc3)cc2C1,-7.54674516
C[C@@H]1CCc2[nH]c(C(=O)Nc3ccc([C@H]4CCC(=O)NC4=O)cc3)cc2C1,-7.84036322
C[C@H]1CCc2[nH]c(C(=O)Nc3ccc([C@H]4CCC(=O)NC4=O)cc3)cc2C1,-7.842317826
CC1CCN(S(=O)(=O)c2ccc(C(=O)N[C@@H]3CCC(=O)NC3=O)s2)CC1,-8.183084933
CC1CCN(S(=O)(=O)c2ccc(C(=O)N[C@H]3CCC(=O)NC3=O)s2)CC1,-8.21911503
O=C1CC[C@H](NC(=O)c2cccnc2Oc2cccnc2)C(=O)N1,-8.414265032
O=C1CC[C@@H](NC(=O)c2cccnc2Oc2cccnc2)C(=O)N1,-8.413883727
N#CN1CCC(c2ccccc2-c2cnc(C(=O)N[C@@H]3CCC(=O)NC3=O)nc2)CC1,-8.004085719
N#CN1CCC(c2ccccc2-c2cnc(C(=O)N[C@H]3CCC(=O)NC3=O)nc2)CC1,-7.940723734
O=C1CC[C@H](NC(=O)c2oc3cc(Cl)ccc3c2-c2ccccc2)C(=O)N1,-7.985577624
O=C1CC[C@@H](NC(=O)c2oc3cc(Cl)ccc3c2-c2ccccc2)C(=O)N1,-7.98521551
N#CN1CC[C@H](c2ccc(C(=O)Nc3cccc4c3CN([C@@H]3CCC(=O)NC3=O)C4=O)cc2)C1,-8.035985641
N#CN1CC[C@@H](c2ccc(C(=O)Nc3cccc4c3CN([C@@H]3CCC(=O)NC3=O)C4=O)cc2)C1,-8.026205713
N#CN1CC[C@H](c2ccc(C(=O)Nc3cccc4c3CN([C@H]3CCC(=O)NC3=O)C4=O)cc2)C1,-7.844280416
N#CN1CC[C@@H](c2ccc(C(=O)Nc3cccc4c3CN([C@H]3CCC(=O)NC3=O)C4=O)cc2)C1,-7.759263344
O=C1CC[C@H](N2Cc3ccc(NC(=O)C4CCCCCC4)cc3C2=O)C(=O)N1,-7.99946652
O=C1CC[C@@H](N2Cc3ccc(NC(=O)C4CCCCCC4)cc3C2=O)C(=O)N1,-8.029864834
Cc1nnc2sc(C(=O)N[C@@H]3CCC(=O)NC3=O)c(N)c2c1C,-7.970354379
Cc1nnc2sc(C(=O)N[C@H]3CCC(=O)NC3=O)c(N)c2c1C,-7.965998622
O=C1CC[C@H](NC(=O)c2cc3c(S(=O)(=O)F)cnnc3s2)C(=O)N1,-9.364232559
O=C1CC[C@@H](NC(=O)c2cc3c(S(=O)(=O)F)cnnc3s2)C(=O)N1,-9.36789138
O=C1CC[C@H](NC(=O)c2cc3cc(S(=O)(=O)F)nnc3s2)C(=O)N1,-9.600072391
O=C1CC[C@@H](NC(=O)c2cc3cc(S(=O)(=O)F)nnc3s2)C(=O)N1,-9.760672494
Cc1cc(C(=O)Nc2cccc([C@@H]3CCC(=O)NC3=O)c2)n2ncc(C#N)c2n1,-8.085121169
Cc1cc(C(=O)Nc2cccc([C@H]3CCC(=O)NC3=O)c2)n2ncc(C#N)c2n1,-8.084599014
N#CN1CC[C@H](c2ccccc2-c2nc(C(=O)N[C@@H]3CCC(=O)NC3=O)c[nH]2)C1,-7.52148275
N#CN1CC[C@@H](c2ccccc2-c2nc(C(=O)N[C@@H]3CCC(=O)NC3=O)c[nH]2)C1,-7.959235166
N#CN1CC[C@H](c2ccccc2-c2nc(C(=O)N[C@H]3CCC(=O)NC3=O)c[nH]2)C1,-8.004182256
N#CN1CC[C@@H](c2ccccc2-c2nc(C(=O)N[C@H]3CCC(=O)NC3=O)c[nH]2)C1,-8.02268122
N#CN1CCC[C@H](c2ccc(-n3ccc(=O)c(C(=O)N[C@@H]4CCC(=O)NC4=O)n3)cc2)C1,-7.782955487
N#CN1CCC[C@@H](c2ccc(-n3ccc(=O)c(C(=O)N[C@@H]4CCC(=O)NC4=O)n3)cc2)C1,-7.762611473
N#CN1CCC[C@H](c2ccc(-n3ccc(=O)c(C(=O)N[C@H]4CCC(=O)NC4=O)n3)cc2)C1,-7.822377145
N#CN1CCC[C@@H](c2ccc(-n3ccc(=O)c(C(=O)N[C@H]4CCC(=O)NC4=O)n3)cc2)C1,-7.851228765
N#CN1CC[C@H](c2c[nH]c(-c3cccc4c3CN([C@@H]3CCC(=O)NC3=O)C4=O)c2)C1,-7.797554027
N#CN1CC[C@@H](c2c[nH]c(-c3cccc4c3CN([C@@H]3CCC(=O)NC3=O)C4=O)c2)C1,-8.080581619
N#CN1CC[C@H](c2c[nH]c(-c3cccc4c3CN([C@H]3CCC(=O)NC3=O)C4=O)c2)C1,-7.906090771
N#CN1CC[C@@H](c2c[nH]c(-c3cccc4c3CN([C@H]3CCC(=O)NC3=O)C4=O)c2)C1,-8.029717825
O=C1CC[C@H](N2Cc3c(ccc(S(=O)(=O)F)c3-c3ccncc3)C2=O)C(=O)N1,-8.445319707
O=C1CC[C@@H](N2Cc3c(ccc(S(=O)(=O)F)c3-c3ccncc3)C2=O)C(=O)N1,-8.295841644
O=C1CC[C@H](N2Cc3c(cccc3-c3ccnc(S(=O)(=O)F)c3)C2=O)C(=O)N1,-8.259107979
O=C1CC[C@@H](N2Cc3c(cccc3-c3ccnc(S(=O)(=O)F)c3)C2=O)C(=O)N1,-8.313272084
O=C1CC[C@H](N2Cc3c(cc(S(=O)(=O)F)cc3-c3ccncc3)C2=O)C(=O)N1,-8.407976294
O=C1CC[C@@H](N2Cc3c(cc(S(=O)(=O)F)cc3-c3ccncc3)C2=O)C(=O)N1,-8.287734616
O=C1CC[C@H](N2Cc3c(cccc3-c3ccnc(OS(=O)(=O)F)c3)C2=O)C(=O)N1,-8.070232545
O=C1CC[C@@H](N2Cc3c(cccc3-c3ccnc(OS(=O)(=O)F)c3)C2=O)C(=O)N1,-8.111402779
O=C1CC[C@H](N2Cc3c(cccc3-c3ccncc3)C2=O)C(=O)N1,-7.918957947
O=C1CC[C@@H](N2Cc3c(cccc3-c3ccncc3)C2=O)C(=O)N1,-7.944026693
Cc1cc(-c2cccc3c2CN([C@@H]2CCC(=O)NC2=O)C3=O)ccn1,-7.835823985
Cc1cc(-c2cccc3c2CN([C@H]2CCC(=O)NC2=O)C3=O)ccn1,-7.835957063
CNc1cc(-c2cccc3c2CN([C@@H]2CCC(=O)NC2=O)C3=O)ccn1,-7.243239454
CNc1cc(-c2cccc3c2CN([C@H]2CCC(=O)NC2=O)C3=O)ccn1,-7.770386991
N#CN1CC[C@H](c2n[nH]cc2-c2ccc3c(c2)C(=O)N([C@@H]2CCC(=O)NC2=O)C3)C1,-8.006757185
N#CN1CC[C@@H](c2n[nH]cc2-c2ccc3c(c2)C(=O)N([C@@H]2CCC(=O)NC2=O)C3)C1,-7.998781649
N#CN1CC[C@H](c2n[nH]cc2-c2ccc3c(c2)C(=O)N([C@H]2CCC(=O)NC2=O)C3)C1,-7.898345956
N#CN1CC[C@@H](c2n[nH]cc2-c2ccc3c(c2)C(=O)N([C@H]2CCC(=O)NC2=O)C3)C1,-7.90131265
N#CN1CC[C@H](c2ccnn2-c2cccc(C(=O)N[C@@H]3CCC(=O)NC3=O)n2)C1,-7.916767825
N#CN1CC[C@@H](c2ccnn2-c2cccc(C(=O)N[C@@H]3CCC(=O)NC3=O)n2)C1,-7.981686444
N#CN1CC[C@H](c2ccnn2-c2cccc(C(=O)N[C@H]3CCC(=O)NC3=O)n2)C1,-7.972176469
N#CN1CC[C@@H](c2ccnn2-c2cccc(C(=O)N[C@H]3CCC(=O)NC3=O)n2)C1,-7.945185009
O=C1CC[C@H](N2C(=O)c3cccc(NC(=O)c4ccno4)c3C2=O)C(=O)N1,-8.889965986
O=C1CC[C@@H](N2C(=O)c3cccc(NC(=O)c4ccno4)c3C2=O)C(=O)N1,-8.928237241
N#CN1CCC[C@H](c2ncn(-c3ccc(C(=O)N[C@@H]4CCC(=O)NC4=O)cc3)n2)C1,-8.167608424
N#CN1CCC[C@@H](c2ncn(-c3ccc(C(=O)N[C@@H]4CCC(=O)NC4=O)cc3)n2)C1,-8.214672382
N#CN1CCC[C@H](c2ncn(-c3ccc(C(=O)N[C@H]4CCC(=O)NC4=O)cc3)n2)C1,-8.202760379
N#CN1CCC[C@@H](c2ncn(-c3ccc(C(=O)N[C@H]4CCC(=O)NC4=O)cc3)n2)C1,-8.265425509
CCN1CCCC[C@@H]1[C@H](C)Oc1ccc2c(c1)CN([C@@H]1CCC(=O)NC1=O)C2=O,-7.825889594
CCN1CCCC[C@H]1[C@H](C)Oc1ccc2c(c1)CN([C@@H]1CCC(=O)NC1=O)C2=O,-7.801897233
CCN1CCCC[C@@H]1[C@@H](C)Oc1ccc2c(c1)CN([C@@H]1CCC(=O)NC1=O)C2=O,-7.797381714
CCN1CCCC[C@H]1[C@@H](C)Oc1ccc2c(c1)CN([C@@H]1CCC(=O)NC1=O)C2=O,-7.853322432
CCN1CCCC[C@@H]1[C@H](C)Oc1ccc2c(c1)CN([C@H]1CCC(=O)NC1=O)C2=O,-7.808779347
CCN1CCCC[C@H]1[C@H](C)Oc1ccc2c(c1)CN([C@H]1CCC(=O)NC1=O)C2=O,-7.801733755
CCN1CCCC[C@@H]1[C@@H](C)Oc1ccc2c(c1)CN([C@H]1CCC(=O)NC1=O)C2=O,-7.814388583
CCN1CCCC[C@H]1[C@@H](C)Oc1ccc2c(c1)CN([C@H]1CCC(=O)NC1=O)C2=O,-7.832699019
CCN1CCCC[C@@H]1COc1ccc2c(c1)CN([C@@H]1CCC(=O)NC1=O)C2=O,-7.848440219
CCN1CCCC[C@H]1COc1ccc2c(c1)CN([C@@H]1CCC(=O)NC1=O)C2=O,-7.794354436
CCN1CCCC[C@@H]1COc1ccc2c(c1)CN([C@H]1CCC(=O)NC1=O)C2=O,-7.828108634
CCN1CCCC[C@H]1COc1ccc2c(c1)CN([C@H]1CCC(=O)NC1=O)C2=O,-7.807340239
Cc1cc(C)n2nc(CC(=O)Nc3ccc([C@@H]4CCC(=O)NC4=O)cc3)nc2n1,-7.911807224
Cc1cc(C)n2nc(CC(=O)Nc3ccc([C@H]4CCC(=O)NC4=O)cc3)nc2n1,-7.908764263
O=C1CC[C@H](c2cccc(NC(=O)[C@@H]3NCCc4c3ccc(F)c4F)c2)C(=O)N1,-7.644727216
O=C1CC[C@@H](c2cccc(NC(=O)[C@@H]3NCCc4c3ccc(F)c4F)c2)C(=O)N1,-7.629965443
O=C1CC[C@H](c2cccc(NC(=O)[C@H]3NCCc4c3ccc(F)c4F)c2)C(=O)N1,-7.64066057
O=C1CC[C@@H](c2cccc(NC(=O)[C@H]3NCCc4c3ccc(F)c4F)c2)C(=O)N1,-7.660107067
O=C1CN(c2ccnc(C(=O)N[C@@H]3CCC(=O)NC3=O)c2)CCN1,-7.854143683
O=C1CN(c2ccnc(C(=O)N[C@H]3CCC(=O)NC3=O)c2)CCN1,-7.849091616
O=C1CC[C@H](c2cccc(NC(=O)c3c(O)nc(=O)n4c3CCC4)c2)C(=O)N1,-7.843399016
O=C1CC[C@@H](c2cccc(NC(=O)c3c(O)nc(=O)n4c3CCC4)c2)C(=O)N1,-7.863850626
O=C1CC[C@H](Nc2ccnc3c(C(F)(F)F)cccc23)C(=O)N1,-8.449104163
O=C1CC[C@@H](Nc2ccnc3c(C(F)(F)F)cccc23)C(=O)N1,-8.448712013
O=C1CC[C@H](Nc2ccnc3cc(S(=O)(=O)F)ccc23)C(=O)N1,-8.562574374
O=C1CC[C@@H](Nc2ccnc3cc(S(=O)(=O)F)ccc23)C(=O)N1,-8.500855503
N#Cc1cc(N[C@@H]2CCC(=O)NC2=O)c2ccccc2n1,-8.358802048
N#Cc1cc(N[C@H]2CCC(=O)NC2=O)c2ccccc2n1,-8.37430923
N#CN1CCC[C@H](c2ccc(CC(=O)N[C@@H]3CCC(=O)NC3=O)cc2)C1,-8.080664686
N#CN1CCC[C@@H](c2ccc(CC(=O)N[C@@H]3CCC(=O)NC3=O)cc2)C1,-8.061631916
N#CN1CCC[C@H](c2ccc(CC(=O)N[C@H]3CCC(=O)NC3=O)cc2)C1,-8.066069702
N#CN1CCC[C@@H](c2ccc(CC(=O)N[C@H]3CCC(=O)NC3=O)cc2)C1,-8.05964416
O=C1CC[C@H](NC(=O)c2cc(C(F)(F)F)cnc2N2CCOCC2)C(=O)N1,-8.299910645
O=C1CC[C@@H](NC(=O)c2cc(C(F)(F)F)cnc2N2CCOCC2)C(=O)N1,-8.312602888
O=C(CCn1cnnn1)NCc1cc(C(=O)N[C@@H]2CCC(=O)NC2=O)on1,-8.257627241
O=C(CCn1cnnn1)NCc1cc(C(=O)N[C@H]2CCC(=O)NC2=O)on1,-8.17251022
N#CN1CC[C@H](c2cccc3c2[C@H](C(=O)Nc2ccc([C@@H]4CCC(=O)NC4=O)cc2)OCC3)C1,-7.647308181
N#CN1CC[C@@H](c2cccc3c2[C@H](C(=O)Nc2ccc([C@@H]4CCC(=O)NC4=O)cc2)OCC3)C1,-7.674536886
N#CN1CC[C@H](c2cccc3c2[C@@H](C(=O)Nc2ccc([C@@H]4CCC(=O)NC4=O)cc2)OCC3)C1,-7.665036319
N#CN1CC[C@@H](c2cccc3c2[C@@H](C(=O)Nc2ccc([C@@H]4CCC(=O)NC4=O)cc2)OCC3)C1,-7.707989957
N#CN1CC[C@H](c2cccc3c2[C@H](C(=O)Nc2ccc([C@H]4CCC(=O)NC4=O)cc2)OCC3)C1,-7.707547766
N#CN1CC[C@@H](c2cccc3c2[C@H](C(=O)Nc2ccc([C@H]4CCC(=O)NC4=O)cc2)OCC3)C1,-7.678890355
N#CN1CC[C@H](c2cccc3c2[C@@H](C(=O)Nc2ccc([C@H]4CCC(=O)NC4=O)cc2)OCC3)C1,-7.649404665
N#CN1CC[C@@H](c2cccc3c2[C@@H](C(=O)Nc2ccc([C@H]4CCC(=O)NC4=O)cc2)OCC3)C1,-7.735133608
N#CN1CC[C@H](c2ccc(-c3nc(C(=O)N[C@@H]4CCC(=O)NC4=O)cs3)nc2)C1,-8.649718439
N#CN1CC[C@@H](c2ccc(-c3nc(C(=O)N[C@@H]4CCC(=O)NC4=O)cs3)nc2)C1,-8.277168343
N#CN1CC[C@H](c2ccc(-c3nc(C(=O)N[C@H]4CCC(=O)NC4=O)cs3)nc2)C1,-8.278959784
N#CN1CC[C@@H](c2ccc(-c3nc(C(=O)N[C@H]4CCC(=O)NC4=O)cs3)nc2)C1,-8.28454622
N#CC1(c2cccc(-c3ccc(N4CCC(=O)NC4=O)cc3)c2F)CC1,-7.453032557
Cc1cc(C(=O)N[C@@H]2CCC(=O)NC2=O)c2c(n1)CCCC2,-8.036114214
Cc1cc(C(=O)N[C@H]2CCC(=O)NC2=O)c2c(n1)CCCC2,-8.033762571
O=C1CC[C@H](NC(=O)c2cc(S(=O)(=O)F)nc3c2CCCC3)C(=O)N1,-8.404683216
O=C1CC[C@@H](NC(=O)c2cc(S(=O)(=O)F)nc3c2CCCC3)C(=O)N1,-8.4175204
Cc1nnc(NCc2ccccc2)c(C(=O)N[C@@H]2CCC(=O)NC2=O)c1C,-7.582693466
Cc1nnc(NCc2ccccc2)c(C(=O)N[C@H]2CCC(=O)NC2=O)c1C,-7.454102152
O=C1CC(c2cccc(N[C@@H]3CCC[C@H](c4cccnc4)C3)c2)CC(=O)N1,-7.55493657
O=C1CC(c2cccc(N[C@H]3CCC[C@H](c4cccnc4)C3)c2)CC(=O)N1,-7.54090717
O=C1CC(c2cccc(N[C@@H]3CCC[C@@H](c4cccnc4)C3)c2)CC(=O)N1,-7.551415397
O=C1CC(c2cccc(N[C@H]3CCC[C@@H](c4cccnc4)C3)c2)CC(=O)N1,-7.547716139
N#CN1CCC[C@H](c2ccn(Cc3cn([C@@H]4CCC(=O)NC4=O)nn3)c2)C1,-8.078282054
N#CN1CCC[C@@H](c2ccn(Cc3cn([C@@H]4CCC(=O)NC4=O)nn3)c2)C1,-7.92429829
N#CN1CCC[C@H](c2ccn(Cc3cn([C@H]4CCC(=O)NC4=O)nn3)c2)C1,-7.85665368
N#CN1CCC[C@@H](c2ccn(Cc3cn([C@H]4CCC(=O)NC4=O)nn3)c2)C1,-8.30668406
CS(=O)(=O)c1cnc2cc(C(=O)N[C@@H]3CCC(=O)NC3=O)nn2c1,-8.773107928
CS(=O)(=O)c1cnc2cc(C(=O)N[C@H]3CCC(=O)NC3=O)nn2c1,-8.779767089
O=C1CC[C@H](NC(=O)c2cc3ncc(S(=O)(=O)F)cn3n2)C(=O)N1,-9.212565412
O=C1CC[C@@H](NC(=O)c2cc3ncc(S(=O)(=O)F)cn3n2)C(=O)N1,-9.04205381
Cc1cnc2c(Br)c(C(=O)N[C@@H]3CCC(=O)NC3=O)nn2c1,-8.263785392
Cc1cnc2c(Br)c(C(=O)N[C@H]3CCC(=O)NC3=O)nn2c1,-8.264093622
O=C1CC[C@H](NC(=O)c2cc3nccc(OS(=O)(=O)F)n3n2)C(=O)N1,-8.811710465
O=C1CC[C@@H](NC(=O)c2cc3nccc(OS(=O)(=O)F)n3n2)C(=O)N1,-8.537026684
O=C1CC[C@H](NC(=O)c2cccc3nc(C(F)F)sc23)C(=O)N1,-8.277701982
O=C1CC[C@@H](NC(=O)c2cccc3nc(C(F)F)sc23)C(=O)N1,-8.277124948
O=C1CC[C@H](NC(=O)c2ccc(S(=O)(=O)F)c3ncsc23)C(=O)N1,-8.836671463
O=C1CC[C@@H](NC(=O)c2ccc(S(=O)(=O)F)c3ncsc23)C(=O)N1,-9.084049842
O=C1CC[C@H](NC(=O)c2cc(S(=O)(=O)F)cc3ncsc23)C(=O)N1,-8.723028634
O=C1CC[C@@H](NC(=O)c2cc(S(=O)(=O)F)cc3ncsc23)C(=O)N1,-8.603617434
O=C1CC[C@H](NC(=O)c2cccc3nc(S(=O)(=O)F)sc23)C(=O)N1,-9.376924671
O=C1CC[C@@H](NC(=O)c2cccc3nc(S(=O)(=O)F)sc23)C(=O)N1,-9.124423646
Nc1nc2c(Br)ccc(C(=O)N[C@@H]3CCC(=O)NC3=O)c2s1,-8.067224359
Nc1nc2c(Br)ccc(C(=O)N[C@H]3CCC(=O)NC3=O)c2s1,-8.067857942
O=C1CC[C@H](NC(=O)c2cccc3nc(OS(=O)(=O)F)sc23)C(=O)N1,-8.154439748
O=C1CC[C@@H](NC(=O)c2cccc3nc(OS(=O)(=O)F)sc23)C(=O)N1,-8.156616904
N#CN1CCC[C@H](c2csc3c2CCN(C(=O)c2cccc(N4CCC(=O)NC4=O)c2)C3)C1,-7.518413385
N#CN1CCC[C@@H](c2csc3c2CCN(C(=O)c2cccc(N4CCC(=O)NC4=O)c2)C3)C1,-7.538114087
CC1(C)Cc2ccc(C(=O)N[C@@H]3CCC(=O)NC3=O)c(O)c2O1,-8.041231849
CC1(C)Cc2ccc(C(=O)N[C@H]3CCC(=O)NC3=O)c(O)c2O1,-8.041053962
O=C1CC[C@H](NC(=O)c2cc3c(c(S(=O)(=O)F)c2)CCO3)C(=O)N1,-8.135036113
O=C1CC[C@@H](NC(=O)c2cc3c(c(S(=O)(=O)F)c2)CCO3)C(=O)N1,-8.135461716
N#CN1CC[C@H](c2cnc(NC(=O)c3ccc4c(c3)C(=O)N([C@@H]3CCC(=O)NC3=O)C4)s2)C1,-8.086298414
N#CN1CC[C@@H](c2cnc(NC(=O)c3ccc4c(c3)C(=O)N([C@@H]3CCC(=O)NC3=O)C4)s2)C1,-8.059317075
N#CN1CC[C@H](c2cnc(NC(=O)c3ccc4c(c3)C(=O)N([C@H]3CCC(=O)NC3=O)C4)s2)C1,-8.059293801
N#CN1CC[C@@H](c2cnc(NC(=O)c3ccc4c(c3)C(=O)N([C@H]3CCC(=O)NC3=O)C4)s2)C1,-8.050174274
N#CN1CCC[C@H](c2cc(-c3ccc4c(c3)C(=O)N([C@@H]3CCC(=O)NC3=O)C4)c[nH]c2=O)C1,-7.995570927
N#CN1CCC[C@@H](c2cc(-c3ccc4c(c3)C(=O)N([C@@H]3CCC(=O)NC3=O)C4)c[nH]c2=O)C1,-8.10913144
N#CN1CCC[C@H](c2cc(-c3ccc4c(c3)C(=O)N([C@H]3CCC(=O)NC3=O)C4)c[nH]c2=O)C1,-8.016850046
N#CN1CCC[C@@H](c2cc(-c3ccc4c(c3)C(=O)N([C@H]3CCC(=O)NC3=O)C4)c[nH]c2=O)C1,-8.048856071
CN(c1ncn(C)c(=O)c1Cl)[C@@H]1CCC(=O)NC1=O,-7.815681681
CN(c1ncn(C)c(=O)c1Cl)[C@H]1CCC(=O)NC1=O,-7.807886365
Cc1nc(N[C@@H]2CCC(=O)NC2=O)cc(=O)[nH]1,-7.989364851
Cc1nc(N[C@H]2CCC(=O)NC2=O)cc(=O)[nH]1,-7.988859968
Cn1cnc(N[C@@H]2CCC(=O)NC2=O)c(Cl)c1=O,-7.986870158
Cn1cnc(N[C@H]2CCC(=O)NC2=O)c(Cl)c1=O,-7.989169663
Nc1c(C(=O)N[C@@H]2CCC(=O)NC2=O)cnc2ccnn12,-8.113980882
Nc1c(C(=O)N[C@H]2CCC(=O)NC2=O)cnc2ccnn12,-8.113682263
Cc1nc2ccnn2cc1C(=O)N[C@@H]1CCC(=O)N(C)C1=O,-8.050579819
Cc1nc2ccnn2cc1C(=O)N[C@H]1CCC(=O)N(C)C1=O,-8.053423976
Cc1nn2cc(C(=O)N[C@@H]3CCC(=O)NC3=O)cnc2c1Br,-8.136478185
Cc1nn2cc(C(=O)N[C@H]3CCC(=O)NC3=O)cnc2c1Br,-8.136978855
CC(C)(C)[C@@H]1CCc2c(n[nH]c2C(=O)N[C@@H]2CCC(=O)NC2=O)C1,-8.020826053
CC(C)(C)[C@H]1CCc2c(n[nH]c2C(=O)N[C@@H]2CCC(=O)NC2=O)C1,-8.026500476
CC(C)(C)[C@@H]1CCc2c(n[nH]c2C(=O)N[C@H]2CCC(=O)NC2=O)C1,-8.026381363
CC(C)(C)[C@H]1CCc2c(n[nH]c2C(=O)N[C@H]2CCC(=O)NC2=O)C1,-8.020220714
CC(C)(C)n1nc2c(c1C(=O)N[C@@H]1CCC(=O)NC1=O)CCCC2,-8.011264121
CC(C)(C)n1nc2c(c1C(=O)N[C@H]1CCC(=O)NC1=O)CCCC2,-8.0108867
Cc1nc(C(C)C)sc1C(=O)N[C@@H]1CCC(=O)NC1=O,-7.977874973
Cc1nc(C(C)C)sc1C(=O)N[C@H]1CCC(=O)NC1=O,-7.977514563
COCc1nc(C)c(C(=O)N[C@@H]2CCC(=O)NC2=O)s1,-7.994244473
COCc1nc(C)c(C(=O)N[C@H]2CCC(=O)NC2=O)s1,-7.97156163
O=C1CC[C@H](NC(=O)c2scnc2C(F)(F)F)C(=O)N1,-8.79714298
O=C1CC[C@@H](NC(=O)c2scnc2C(F)(F)F)C(=O)N1,-8.797250748
COCCNc1ncc(C(=O)N[C@@H]2CCC(=O)NC2=O)s1,-7.883193002
COCCNc1ncc(C(=O)N[C@H]2CCC(=O)NC2=O)s1,-7.896528294
CN(C)c1nc(Cl)c(C(=O)N[C@@H]2CCC(=O)NC2=O)s1,-7.817391312
CN(C)c1nc(Cl)c(C(=O)N[C@H]2CCC(=O)NC2=O)s1,-7.817719833
Cc1nc(OC(F)F)c(C(=O)N[C@@H]2CCC(=O)NC2=O)s1,-8.162805482
Cc1nc(OC(F)F)c(C(=O)N[C@H]2CCC(=O)NC2=O)s1,-8.162703301
O=C1CC[C@H](NC(=O)c2cnc(S(=O)(=O)F)s2)C(=O)N1,-9.137509819
O=C1CC[C@@H](NC(=O)c2cnc(S(=O)(=O)F)s2)C(=O)N1,-8.94658272
Cc1ncsc1C(=O)N[C@@H]1CCC(=O)NC1=O,-8.062743077
Cc1ncsc1C(=O)N[C@H]1CCC(=O)NC1=O,-8.062634333
CC(C)c1ncc(C(=O)N[C@@H]2CCC(=O)NC2=O)s1,-7.977250653
CC(C)c1ncc(C(=O)N[C@H]2CCC(=O)NC2=O)s1,-7.975935879
O=C1CC[C@H](c2ccc(Nc3ncnc4c3ccc3ccccc34)cc2)C(=O)N1,-7.795181633
O=C1CC[C@@H](c2ccc(Nc3ncnc4c3ccc3ccccc34)cc2)C(=O)N1,-7.796303046
COc1cnc2cc(C(=O)Nc3ccc4c(c3)CN([C@@H]3CCC(=O)NC3=O)C4=O)ccc2c1,-8.093898865
COc1cnc2cc(C(=O)Nc3ccc4c(c3)CN([C@H]3CCC(=O)NC3=O)C4=O)ccc2c1,-8.31186856
O=C1CCN(c2ccc(Nc3c4c(nc5ncnn35)CCCC4)cc2F)C(=O)N1,-7.624181981
C=CC(=O)Nc1cc(NC(=O)c2ccc3c(c2)C(=O)N(C)C3=O)ccc1F,-8.853351998
CN(c1nc(C(F)F)nc2ccc(Br)cc12)[C@@H]1CCC(=O)NC1=O,-8.87378446
CN(c1nc(C(F)F)nc2ccc(Br)cc12)[C@H]1CCC(=O)NC1=O,-8.902429294
COc1ccc2c(N[C@@H]3CCC(=O)NC3=O)nc(C)nc2c1,-7.957478216
COc1ccc2c(N[C@H]3CCC(=O)NC3=O)nc(C)nc2c1,-8.273279158
COc1cccc2ncnc(N(C)[C@@H]3CCC(=O)NC3=O)c12,-7.679986313
COc1cccc2ncnc(N(C)[C@H]3CCC(=O)NC3=O)c12,-8.024857653
O=C1CC[C@H](Nc2ncnc3c(F)cc(Cl)cc23)C(=O)N1,-8.42555908
O=C1CC[C@@H](Nc2ncnc3c(F)cc(Cl)cc23)C(=O)N1,-8.425457484
CCc1nc(N[C@@H]2CCC(=O)NC2=O)c2ccc(Cl)cc2n1,-7.993954859
CCc1nc(N[C@H]2CCC(=O)NC2=O)c2ccc(Cl)cc2n1,-7.993803852
O=C1CC[C@H](Nc2ncnc3cc(S(=O)(=O)F)ccc23)C(=O)N1,-9.038611874
O=C1CC[C@@H](Nc2ncnc3cc(S(=O)(=O)F)ccc23)C(=O)N1,-8.984657164
O=C1CC[C@H](Nc2ncnc3ccc(OC(F)(F)F)cc23)C(=O)N1,-8.206234378
O=C1CC[C@@H](Nc2ncnc3ccc(OC(F)(F)F)cc23)C(=O)N1,-8.20627654
Cc1ccc2c(N[C@@H]3CCC(=O)NC3=O)ncnc2c1Br,-8.165537602
Cc1ccc2c(N[C@H]3CCC(=O)NC3=O)ncnc2c1Br,-8.185834235
O=C1CC[C@H](NC(=O)c2cc(Br)cc3c2OCCC3)C(=O)N1,-7.935314496
O=C1CC[C@@H](NC(=O)c2cc(Br)cc3c2OCCC3)C(=O)N1,-7.935843988
O=C1CC[C@H](NC(=O)c2ccc(S(=O)(=O)F)c3c2OCCC3)C(=O)N1,-8.195360817
O=C1CC[C@@H](NC(=O)c2ccc(S(=O)(=O)F)c3c2OCCC3)C(=O)N1,-8.253358842
O=C1CC[C@H](NC(=O)c2cc(S(=O)(=O)F)cc3c2OCCC3)C(=O)N1,-8.11558344
O=C1CC[C@@H](NC(=O)c2cc(S(=O)(=O)F)cc3c2OCCC3)C(=O)N1,-8.219701908
O=C1CC[C@H](N2Cc3cc(NS(=O)(=O)c4cccc5ccoc45)ccc3C2=O)C(=O)N1,-8.011898992
O=C1CC[C@@H](N2Cc3cc(NS(=O)(=O)c4cccc5ccoc45)ccc3C2=O)C(=O)N1,-7.993359621
O=C1CC[C@H](NC(=O)c2ccccc2C2(c3nn[nH]n3)CC2)C(=O)N1,-8.074800767
O=C1CC[C@@H](NC(=O)c2ccccc2C2(c3nn[nH]n3)CC2)C(=O)N1,-8.074914508
O=C1CC[C@H](Oc2ccc(S(=O)(=O)F)cn2)C(=O)N1,-7.710648061
O=C1CC[C@@H](Oc2ccc(S(=O)(=O)F)cn2)C(=O)N1,-8.27855341
O=C1CC[C@H](Oc2ccc(OS(=O)(=O)F)cn2)C(=O)N1,-8.038462821
O=C1CC[C@@H](Oc2ccc(OS(=O)(=O)F)cn2)C(=O)N1,-8.039030214
O=C1CC[C@H](Oc2ccccn2)C(=O)N1,-7.76699869
O=C1CC[C@@H](Oc2ccccn2)C(=O)N1,-7.76615534
O=C1CC[C@H](Oc2cccc(C(F)(F)F)n2)C(=O)N1,-8.19509138
O=C1CC[C@@H](Oc2cccc(C(F)(F)F)n2)C(=O)N1,-8.191098486
N#CN1CCC(c2cccc3c2CCC[C@H](Nc2cccc(N4CCC(=O)NC4=O)c2)C3)CC1,-7.210953005
N#CN1CCC(c2cccc3c2CCC[C@@H](Nc2cccc(N4CCC(=O)NC4=O)c2)C3)CC1,-7.197147717
O=C1CC[C@H](N2Cc3cc(NC(=O)c4cccc(C(F)(F)F)c4)ccc3C2=O)C(=O)N1,-8.135552599
O=C1CC[C@@H](N2Cc3cc(NC(=O)c4cccc(C(F)(F)F)c4)ccc3C2=O)C(=O)N1,-8.136225082
O=C1CC[C@H](N2Cc3cc(NC(=O)c4cccc(S(=O)(=O)F)c4)ccc3C2=O)C(=O)N1,-8.388183284
O=C1CC[C@@H](N2Cc3cc(NC(=O)c4cccc(S(=O)(=O)F)c4)ccc3C2=O)C(=O)N1,-8.349638643
O=C1CC[C@H](N2Cc3cc(NC(=O)c4ccccc4S(=O)(=O)F)ccc3C2=O)C(=O)N1,-8.08918998
O=C1CC[C@@H](N2Cc3cc(NC(=O)c4ccccc4S(=O)(=O)F)ccc3C2=O)C(=O)N1,-7.935938698
O=C1CC[C@H](N2Cc3cc(NC(=O)c4ccccc4)ccc3C2=O)C(=O)N1,-7.847190253
O=C1CC[C@@H](N2Cc3cc(NC(=O)c4ccccc4)ccc3C2=O)C(=O)N1,-7.845387436
Cc1ccc(C(=O)Nc2ccc3c(c2)CN([C@@H]2CCC(=O)NC2=O)C3=O)cc1,-8.047263812
Cc1ccc(C(=O)Nc2ccc3c(c2)CN([C@H]2CCC(=O)NC2=O)C3=O)cc1,-7.827769498
Cc1cccc(C(=O)Nc2ccc3c(c2)CN([C@@H]2CCC(=O)NC2=O)C3=O)c1,-7.825467685
Cc1cccc(C(=O)Nc2ccc3c(c2)CN([C@H]2CCC(=O)NC2=O)C3=O)c1,-7.868595435
Cc1ccccc1C(=O)Nc1ccc2c(c1)CN([C@@H]1CCC(=O)NC1=O)C2=O,-7.848401806
Cc1ccccc1C(=O)Nc1ccc2c(c1)CN([C@H]1CCC(=O)NC1=O)C2=O,-7.919557286
CN(C(=O)c1ccccc1)c1ccc2c(c1)CN([C@@H]1CCC(=O)NC1=O)C2=O,-7.836073394
CN(C(=O)c1ccccc1)c1ccc2c(c1)CN([C@H]1CCC(=O)NC1=O)C2=O,-7.932434303
O=C1CC[C@H](N2Cc3cc(NC(=O)c4ccc(F)cc4)ccc3C2=O)C(=O)N1,-7.886523522
O=C1CC[C@@H](N2Cc3cc(NC(=O)c4ccc(F)cc4)ccc3C2=O)C(=O)N1,-7.89295564
O=C1CC[C@H](N2Cc3cc(NC(=O)c4cccc(F)c4)ccc3C2=O)C(=O)N1,-7.892716421
O=C1CC[C@@H](N2Cc3cc(NC(=O)c4cccc(F)c4)ccc3C2=O)C(=O)N1,-7.895478216
N#Cc1cccc(C(=O)Nc2ccc3c(c2)CN([C@@H]2CCC(=O)NC2=O)C3=O)c1,-8.070837085
N#Cc1cccc(C(=O)Nc2ccc3c(c2)CN([C@H]2CCC(=O)NC2=O)C3=O)c1,-8.072909906
COc1cccc(C(=O)Nc2ccc3c(c2)CN([C@@H]2CCC(=O)NC2=O)C3=O)c1,-7.995964959
COc1cccc(C(=O)Nc2ccc3c(c2)CN([C@H]2CCC(=O)NC2=O)C3=O)c1,-7.991721511
O=C1CC[C@H](Oc2cccc(S(=O)(=O)F)c2)C(=O)N1,-7.950842478
O=C1CC[C@@H](Oc2cccc(S(=O)(=O)F)c2)C(=O)N1,-8.297756888
Cc1ccc(O[C@@H]2C[C@H](C)C(=O)NC2=O)cc1,-7.752548134
Cc1ccc(O[C@H]2C[C@H](C)C(=O)NC2=O)cc1,-7.809266028
Cc1ccc(O[C@@H]2C[C@@H](C)C(=O)NC2=O)cc1,-7.809335282
Cc1ccc(O[C@H]2C[C@@H](C)C(=O)NC2=O)cc1,-7.751153896
COc1cccc(O[C@@H]2CCC(=O)NC2=O)c1,-7.967100169
COc1cccc(O[C@H]2CCC(=O)NC2=O)c1,-7.969523093
COc1ccc(O[C@@H]2CCC(=O)NC2=O)cc1,-7.912415526
COc1ccc(O[C@H]2CCC(=O)NC2=O)cc1,-7.912872541
Cc1ccc(O[C@@H]2CCC(=O)NC2=O)cc1S(=O)(=O)F,-8.142557837
Cc1ccc(O[C@H]2CCC(=O)NC2=O)cc1S(=O)(=O)F,-8.229551591
Cc1cc(O[C@@H]2CCC(=O)NC2=O)cc(S(=O)(=O)F)c1,-8.146204613
Cc1cc(O[C@H]2CCC(=O)NC2=O)cc(S(=O)(=O)F)c1,-8.240050314
O=C1CC[C@H](Oc2cccc(OS(=O)(=O)F)c2)C(=O)N1,-8.194544806
O=C1CC[C@@H](Oc2cccc(OS(=O)(=O)F)c2)C(=O)N1,-8.214554336
COc1ccc(O[C@@H]2CCC(=O)NC2=O)cc1S(=O)(=O)F,-8.216355935
COc1ccc(O[C@H]2CCC(=O)NC2=O)cc1S(=O)(=O)F,-8.215289219
Cc1cc(O[C@@H]2CCC(=O)NC2=O)cc(OS(=O)(=O)F)c1,-8.285798593
Cc1cc(O[C@H]2CCC(=O)NC2=O)cc(OS(=O)(=O)F)c1,-8.170931219
COc1cc(O[C@@H]2CCC(=O)NC2=O)cc(S(=O)(=O)F)c1,-8.128089309
COc1cc(O[C@H]2CCC(=O)NC2=O)cc(S(=O)(=O)F)c1,-8.279046047
Cc1ccc(O[C@@H]2C[C@H](C)C(=O)NC2=O)cc1OS(=O)(=O)F,-7.973750444
Cc1ccc(O[C@H]2C[C@H](C)C(=O)NC2=O)cc1OS(=O)(=O)F,-8.039247661
Cc1ccc(O[C@@H]2C[C@@H](C)C(=O)NC2=O)cc1OS(=O)(=O)F,-8.036057077
Cc1ccc(O[C@H]2C[C@@H](C)C(=O)NC2=O)cc1OS(=O)(=O)F,-7.945181909
COc1cc(O[C@@H]2CCC(=O)NC2=O)cc(OS(=O)(=O)F)c1,-8.135441168
COc1cc(O[C@H]2CCC(=O)NC2=O)cc(OS(=O)(=O)F)c1,-8.12677542
COc1ccc(O[C@@H]2CCC(=O)NC2=O)cc1OS(=O)(=O)F,-8.142105283
COc1ccc(O[C@H]2CCC(=O)NC2=O)cc1OS(=O)(=O)F,-8.142182223
CC(=O)c1cc(Br)cc(F)c1O[C@@H]1CCC(=O)NC1=O,-8.575048115
CC(=O)c1cc(Br)cc(F)c1O[C@H]1CCC(=O)NC1=O,-8.494762199
O=C1CC[C@H](Oc2ccccc2)C(=O)N1,-7.939946095
O=C1CC[C@@H](Oc2ccccc2)C(=O)N1,-7.939634552
Cc1cccc(O[C@@H]2CCC(=O)NC2=O)c1,-7.586447707
Cc1cccc(O[C@H]2CCC(=O)NC2=O)c1,-7.586412048
Cc1ccc(O[C@@H]2CCC(=O)NC2=O)cc1,-7.607630505
Cc1ccc(O[C@H]2CCC(=O)NC2=O)cc1,-7.607841104
Nc1ccc(O[C@@H]2CCC(=O)NC2=O)cc1,-7.833062782
Nc1ccc(O[C@H]2CCC(=O)NC2=O)cc1,-7.833174171
O=C1CC[C@H](c2ccc(NC(=O)Cn3cc(C4(O)COC4)nn3)cc2)C(=O)N1,-8.348085037
O=C1CC[C@@H](c2ccc(NC(=O)Cn3cc(C4(O)COC4)nn3)cc2)C(=O)N1,-7.903096958
O=C1CC[C@H](c2ccc(NC(=O)[C@H](F)C3CC4(CCNCC4)C3)cc2)C(=O)N1,-7.645164983
O=C1CC[C@@H](c2ccc(NC(=O)[C@H](F)C3CC4(CCNCC4)C3)cc2)C(=O)N1,-7.652891596
O=C1CC[C@H](c2ccc(NC(=O)[C@@H](F)C3CC4(CCNCC4)C3)cc2)C(=O)N1,-7.668694132
O=C1CC[C@@H](c2ccc(NC(=O)[C@@H](F)C3CC4(CCNCC4)C3)cc2)C(=O)N1,-7.670441973
CC[C@]1(c2ccc(NC(=O)[C@@H]3[C@@H]4CCCC[C@@H]43)cc2)CCC(=O)NC1=O,-7.549778363
CC[C@@]1(c2ccc(NC(=O)[C@@H]3[C@@H]4CCCC[C@@H]43)cc2)CCC(=O)NC1=O,-7.55236843
CC[C@]1(c2ccc(NC(=O)[C@H]3[C@@H]4CCCC[C@@H]43)cc2)CCC(=O)NC1=O,-7.555285199
CC[C@@]1(c2ccc(NC(=O)[C@H]3[C@@H]4CCCC[C@@H]43)cc2)CCC(=O)NC1=O,-7.568736476
CC[C@]1(c2ccc(NC(=O)C3[C@H]4CCCC[C@H]34)cc2)CCC(=O)NC1=O,-7.549698342
CC[C@@]1(c2ccc(NC(=O)C3[C@H]4CCCC[C@H]34)cc2)CCC(=O)NC1=O,-7.557451705
CC[C@]1(c2ccc(NC(=O)C3[C@@H]4CCCC[C@@H]34)cc2)CCC(=O)NC1=O,-7.550875552
CC[C@@]1(c2ccc(NC(=O)C3[C@@H]4CCCC[C@@H]34)cc2)CCC(=O)NC1=O,-7.568901475
O=C1CC[C@H](NC(=O)c2ccc(F)c3[nH]ccc23)C(=O)N1,-7.950579764
O=C1CC[C@@H](NC(=O)c2ccc(F)c3[nH]ccc23)C(=O)N1,-7.950334131
Cc1cc2c(C(=O)N[C@@H]3CCC(=O)NC3=O)ccc(C)c2[nH]1,-7.801545415
Cc1cc2c(C(=O)N[C@H]3CCC(=O)NC3=O)ccc(C)c2[nH]1,-7.801414395
O=C1CC[C@H](NC(=O)c2cccc3[nH]cc(Cl)c23)C(=O)N1,-7.818989786
O=C1CC[C@@H](NC(=O)c2cccc3[nH]cc(Cl)c23)C(=O)N1,-7.819553737
CC(C)Cn1ccc2c(C(=O)N[C@@H]3CCC(=O)NC3=O)cccc21,-7.830784058
CC(C)Cn1ccc2c(C(=O)N[C@H]3CCC(=O)NC3=O)cccc21,-7.830528462
O=C1CC[C@H](NC(=O)c2cccc3[nH]c(C(F)(F)F)cc23)C(=O)N1,-8.018981062
O=C1CC[C@@H](NC(=O)c2cccc3[nH]c(C(F)(F)F)cc23)C(=O)N1,-8.018571573
O=C1CC[C@H](NC(=O)c2ccc(S(=O)(=O)F)c3[nH]ccc23)C(=O)N1,-8.130606384
O=C1CC[C@@H](NC(=O)c2ccc(S(=O)(=O)F)c3[nH]ccc23)C(=O)N1,-8.121065489
O=C1CC[C@H](NC(=O)c2cc(S(=O)(=O)F)cc3[nH]ccc23)C(=O)N1,-8.297725375
O=C1CC[C@@H](NC(=O)c2cc(S(=O)(=O)F)cc3[nH]ccc23)C(=O)N1,-8.264444076
O=C1CC[C@H](NC(=O)c2cccc3[nH]c(S(=O)(=O)F)cc23)C(=O)N1,-8.216882316
O=C1CC[C@@H](NC(=O)c2cccc3[nH]c(S(=O)(=O)F)cc23)C(=O)N1,-8.092994046
O=C1CC[C@H](NC(=O)c2cccc3[nH]ccc23)C(=O)N1,-7.981372341
O=C1CC[C@@H](NC(=O)c2cccc3[nH]ccc23)C(=O)N1,-7.981186657
O=C1CC[C@H](NC(=O)c2cccc3[nH]c(OS(=O)(=O)F)cc23)C(=O)N1,-7.918946255
O=C1CC[C@@H](NC(=O)c2cccc3[nH]c(OS(=O)(=O)F)cc23)C(=O)N1,-7.956285011
N#CN1CC[C@H](c2ncsc2-c2ccc3c(c2)CN([C@@H]2CCC(=O)NC2=O)C3=O)C1,-7.989949863
N#CN1CC[C@@H](c2ncsc2-c2ccc3c(c2)CN([C@@H]2CCC(=O)NC2=O)C3=O)C1,-7.989327337
N#CN1CC[C@H](c2ncsc2-c2ccc3c(c2)CN([C@H]2CCC(=O)NC2=O)C3=O)C1,-8.017756105
N#CN1CC[C@@H](c2ncsc2-c2ccc3c(c2)CN([C@H]2CCC(=O)NC2=O)C3=O)C1,-7.894892691
N#CN1CCC[C@H](c2nccc(Nc3cccc4c3CN([C@@H]3CCC(=O)NC3=O)C4=O)n2)C1,-7.914293385
N#CN1CCC[C@@H](c2nccc(Nc3cccc4c3CN([C@@H]3CCC(=O)NC3=O)C4=O)n2)C1,-7.850565807
N#CN1CCC[C@H](c2nccc(Nc3cccc4c3CN([C@H]3CCC(=O)NC3=O)C4=O)n2)C1,-7.947180524
N#CN1CCC[C@@H](c2nccc(Nc3cccc4c3CN([C@H]3CCC(=O)NC3=O)C4=O)n2)C1,-7.98914741
N#CN1CC[C@H](c2cc(-c3ccc4c(c3)CN([C@@H]3CCC(=O)NC3=O)C4=O)ncn2)C1,-8.16359173
N#CN1CC[C@@H](c2cc(-c3ccc4c(c3)CN([C@@H]3CCC(=O)NC3=O)C4=O)ncn2)C1,-8.227976617
N#CN1CC[C@H](c2cc(-c3ccc4c(c3)CN([C@H]3CCC(=O)NC3=O)C4=O)ncn2)C1,-8.217488292
N#CN1CC[C@@H](c2cc(-c3ccc4c(c3)CN([C@H]3CCC(=O)NC3=O)C4=O)ncn2)C1,-8.199607578
O=C1CC[C@H](CNc2cccc(S(=O)(=O)F)c2)C(=O)N1,-8.078666093
O=C1CC[C@@H](CNc2cccc(S(=O)(=O)F)c2)C(=O)N1,-8.063894704
O=C1CC[C@H](CNc2cccc(OS(=O)(=O)F)c2)C(=O)N1,-8.042898801
O=C1CC[C@@H](CNc2cccc(OS(=O)(=O)F)c2)C(=O)N1,-7.98577525
O=C1CC[C@H](CNc2ccccc2)C(=O)N1,-6.564879733
O=C1CC[C@@H](CNc2ccccc2)C(=O)N1,-6.564516827
N#CN1CCC[C@H](c2cnsc2-c2ccc3c(c2)CN([C@@H]2CCC(=O)NC2=O)C3=O)C1,-7.966216798
N#CN1CCC[C@@H](c2cnsc2-c2ccc3c(c2)CN([C@@H]2CCC(=O)NC2=O)C3=O)C1,-8.0073159
N#CN1CCC[C@H](c2cnsc2-c2ccc3c(c2)CN([C@H]2CCC(=O)NC2=O)C3=O)C1,-7.950376275
N#CN1CCC[C@@H](c2cnsc2-c2ccc3c(c2)CN([C@H]2CCC(=O)NC2=O)C3=O)C1,-7.919988844
O=C1CC[C@H](NC(=O)c2cc3c(s2)COCC3)C(=O)N1,-7.955396436
O=C1CC[C@@H](NC(=O)c2cc3c(s2)COCC3)C(=O)N1,-7.955721417
O=C1CC[C@H](NC(=O)c2ccsc2-c2nn[nH]n2)C(=O)N1,-8.176712411
O=C1CC[C@@H](NC(=O)c2ccsc2-c2nn[nH]n2)C(=O)N1,-8.252010141
O=C1CC[C@H](NC(=O)c2cc(Cl)cc3c2OCCNC3)C(=O)N1,-7.928627712
O=C1CC[C@@H](NC(=O)c2cc(Cl)cc3c2OCCNC3)C(=O)N1,-7.928563367
N#CN1CCC[C@H](c2ccccc2-c2csc(C(=O)N[C@@H]3CCC(=O)NC3=O)c2)C1,-7.99181518
N#CN1CCC[C@@H](c2ccccc2-c2csc(C(=O)N[C@@H]3CCC(=O)NC3=O)c2)C1,-7.970567449
N#CN1CCC[C@H](c2ccccc2-c2csc(C(=O)N[C@H]3CCC(=O)NC3=O)c2)C1,-7.561671841
N#CN1CCC[C@@H](c2ccccc2-c2csc(C(=O)N[C@H]3CCC(=O)NC3=O)c2)C1,-7.648431173
O=C1CC[C@H](N2Cc3c(C(=O)NC[C@@H]4CCCCN4)cccc3C2=O)C(=O)N1,-7.728801633
O=C1CC[C@@H](N2Cc3c(C(=O)NC[C@@H]4CCCCN4)cccc3C2=O)C(=O)N1,-7.769300662
O=C1CC[C@H](N2Cc3c(C(=O)NC[C@H]4CCCCN4)cccc3C2=O)C(=O)N1,-7.729163554
O=C1CC[C@@H](N2Cc3c(C(=O)NC[C@H]4CCCCN4)cccc3C2=O)C(=O)N1,-7.724734927
O=C1CC[C@H](NC(=O)c2ccnn2C2CCCC2)C(=O)N1,-7.975627336
O=C1CC[C@@H](NC(=O)c2ccnn2C2CCCC2)C(=O)N1,-7.981386454
O=C1CC[C@H](NC(=O)c2cc(C(F)(F)F)nn2C2CCCC2)C(=O)N1,-8.209513232
O=C1CC[C@@H](NC(=O)c2cc(C(F)(F)F)nn2C2CCCC2)C(=O)N1,-8.174857752
N#CN1CC[C@H](c2cc(-c3ccc(C(=O)N[C@@H]4CCC(=O)NC4=O)s3)ccn2)C1,-8.027247202
N#CN1CC[C@@H](c2cc(-c3ccc(C(=O)N[C@@H]4CCC(=O)NC4=O)s3)ccn2)C1,-8.187281819
N#CN1CC[C@H](c2cc(-c3ccc(C(=O)N[C@H]4CCC(=O)NC4=O)s3)ccn2)C1,-8.133430383
N#CN1CC[C@@H](c2cc(-c3ccc(C(=O)N[C@H]4CCC(=O)NC4=O)s3)ccn2)C1,-8.125863755
CC1(C)C[C@H](NC(=O)Nc2ccc3c(c2)C(=O)NC3=O)c2cc(F)ccc2O1,-8.563154057
CC1(C)C[C@@H](NC(=O)Nc2ccc3c(c2)C(=O)NC3=O)c2cc(F)ccc2O1,-8.562849406
Cc1ccc(/C=C/CNc2ccc3c(c2)CNC3=O)cn1,-7.023883578
Cc1ccc(/C=C\CNc2ccc3c(c2)CNC3=O)cn1,-7.107302375
CCc1cn2nc(Cl)cc(Nc3ccc(N4CCC(=O)NC4=O)c(C)c3)c2n1,-7.520886337
N#CN1CCC[C@H](c2cn3c(n2)[C@H](C(=O)Nc2cccc([C@@H]4CCC(=O)NC4=O)c2)CCC3)C1,-7.756617525
N#CN1CCC[C@@H](c2cn3c(n2)[C@H](C(=O)Nc2cccc([C@@H]4CCC(=O)NC4=O)c2)CCC3)C1,-7.347390482
N#CN1CCC[C@H](c2cn3c(n2)[C@@H](C(=O)Nc2cccc([C@@H]4CCC(=O)NC4=O)c2)CCC3)C1,-7.27709065
N#CN1CCC[C@@H](c2cn3c(n2)[C@@H](C(=O)Nc2cccc([C@@H]4CCC(=O)NC4=O)c2)CCC3)C1,-7.455408979
N#CN1CCC[C@H](c2cn3c(n2)[C@H](C(=O)Nc2cccc([C@H]4CCC(=O)NC4=O)c2)CCC3)C1,-7.214622608
N#CN1CCC[C@@H](c2cn3c(n2)[C@H](C(=O)Nc2cccc([C@H]4CCC(=O)NC4=O)c2)CCC3)C1,-7.657615719
N#CN1CCC[C@H](c2cn3c(n2)[C@@H](C(=O)Nc2cccc([C@H]4CCC(=O)NC4=O)c2)CCC3)C1,-7.147415452
N#CN1CCC[C@@H](c2cn3c(n2)[C@@H](C(=O)Nc2cccc([C@H]4CCC(=O)NC4=O)c2)CCC3)C1,-7.725601232
N#CN1CCC(c2cccc(-c3cnc(C(=O)N[C@@H]4CCC(=O)NC4=O)o3)c2)CC1,-8.080749714
N#CN1CCC(c2cccc(-c3cnc(C(=O)N[C@H]4CCC(=O)NC4=O)o3)c2)CC1,-8.19132647
N#CN1CC[C@H](c2cccc(C(=O)Nc3ccc4c(c3)C(=O)N([C@@H]3CCC(=O)NC3=O)C4)n2)C1,-8.027317672
N#CN1CC[C@@H](c2cccc(C(=O)Nc3ccc4c(c3)C(=O)N([C@@H]3CCC(=O)NC3=O)C4)n2)C1,-7.959885156
N#CN1CC[C@H](c2cccc(C(=O)Nc3ccc4c(c3)C(=O)N([C@H]3CCC(=O)NC3=O)C4)n2)C1,-7.954980538
N#CN1CC[C@@H](c2cccc(C(=O)Nc3ccc4c(c3)C(=O)N([C@H]3CCC(=O)NC3=O)C4)n2)C1,-7.956971717
Cc1nn2cccnc2c1-c1cccc2c1CN([C@@H]1CCC(=O)NC1=O)C2=O,-7.823115207
Cc1nn2cccnc2c1-c1cccc2c1CN([C@H]1CCC(=O)NC1=O)C2=O,-7.873759491
CCCc1cc(N[C@@H]2CCC(=O)NC2=O)n2ncnc2n1,-8.257754654
CCCc1cc(N[C@H]2CCC(=O)NC2=O)n2ncnc2n1,-8.258302935
Cc1cc(N(C)[C@@H]2CCC(=O)NC2=O)n2nc(C)nc2n1,-7.856634673
Cc1cc(N(C)[C@H]2CCC(=O)NC2=O)n2nc(C)nc2n1,-7.857203115
Cc1c(Cl)nc2ncnn2c1N[C@@H]1CCC(=O)NC1=O,-8.227684051
Cc1c(Cl)nc2ncnn2c1N[C@H]1CCC(=O)NC1=O,-8.228024717
CCCCc1cc(N(C)[C@@H]2CCC(=O)NC2=O)n2ncnc2n1,-7.903318521
CCCCc1cc(N(C)[C@H]2CCC(=O)NC2=O)n2ncnc2n1,-7.893928454
CN1C(=O)CC[C@H](Nc2cc(C(F)(F)F)nc3ncnn23)C1=O,-8.554129149
CN1C(=O)CC[C@@H](Nc2cc(C(F)(F)F)nc3ncnn23)C1=O,-8.553604815
O=C1CC[C@H](Nc2ccnc3nc(S(=O)(=O)F)nn23)C(=O)N1,-8.538804726
O=C1CC[C@@H](Nc2ccnc3nc(S(=O)(=O)F)nn23)C(=O)N1,-8.537110228
Cc1cc(N[C@@H]2CCC(=O)N(C)C2=O)n2nc(C(F)(F)F)nc2n1,-8.265022425
Cc1cc(N[C@H]2CCC(=O)N(C)C2=O)n2nc(C(F)(F)F)nc2n1,-8.265564572
O=C1CC[C@H](N2Cc3c(cccc3-c3ccc4[nH]ccc4c3)C2=O)C(=O)N1,-7.801899478
O=C1CC[C@@H](N2Cc3c(cccc3-c3ccc4[nH]ccc4c3)C2=O)C(=O)N1,-7.803369837
O=C1CC[C@H](c2cccc(NC(=O)CN3CCc4ccccc4C3=O)c2)C(=O)N1,-7.563124177
O=C1CC[C@@H](c2cccc(NC(=O)CN3CCc4ccccc4C3=O)c2)C(=O)N1,-7.587529148
CC[C@]1(NC(=O)c2ccc(-c3ccncc3)nc2)CCC(=O)NC1=O,-8.03953197
CC[C@@]1(NC(=O)c2ccc(-c3ccncc3)nc2)CCC(=O)NC1=O,-8.03984766
O=C1CC[C@H](N2Cc3cc(-c4cc(OS(=O)(=O)F)n[nH]4)ccc3C2=O)C(=O)N1,-8.068673898
O=C1CC[C@@H](N2Cc3cc(-c4cc(OS(=O)(=O)F)n[nH]4)ccc3C2=O)C(=O)N1,-8.082986838
O=C1CC[C@H](N2Cc3cc(-c4[nH]ncc4OS(=O)(=O)F)ccc3C2=O)C(=O)N1,-7.944077198
O=C1CC[C@@H](N2Cc3cc(-c4[nH]ncc4OS(=O)(=O)F)ccc3C2=O)C(=O)N1,-8.038786514
CC(C)n1nccc1-c1ccc2c(c1)CN([C@@H]1CCC(=O)NC1=O)C2=O,-7.827082842
CC(C)n1nccc1-c1ccc2c(c1)CN([C@H]1CCC(=O)NC1=O)C2=O,-7.841322807
CCCn1nccc1-c1ccc2c(c1)CN([C@@H]1CCC(=O)NC1=O)C2=O,-7.934472247
CCCn1nccc1-c1ccc2c(c1)CN([C@H]1CCC(=O)NC1=O)C2=O,-7.928695271
O=C1CC[C@H](N2Cc3cc(-c4[nH]ncc4S(=O)(=O)F)ccc3C2=O)C(=O)N1,-8.177459666
O=C1CC[C@@H](N2Cc3cc(-c4[nH]ncc4S(=O)(=O)F)ccc3C2=O)C(=O)N1,-8.357027941
O=C1CC[C@H](N2Cc3c(ccc(-c4ccn[nH]4)c3S(=O)(=O)F)C2=O)C(=O)N1,-8.358155673
O=C1CC[C@@H](N2Cc3c(ccc(-c4ccn[nH]4)c3S(=O)(=O)F)C2=O)C(=O)N1,-8.131971394
O=C1CC[C@H](N2Cc3cc(-c4ccn[nH]4)c(S(=O)(=O)F)cc3C2=O)C(=O)N1,-8.001543887
O=C1CC[C@@H](N2Cc3cc(-c4ccn[nH]4)c(S(=O)(=O)F)cc3C2=O)C(=O)N1,-7.971859961
O=C1CC[C@H](c2ccc(NC(=O)CCc3nc(-c4nnc[nH]4)no3)cc2)C(=O)N1,-8.120024484
O=C1CC[C@@H](c2ccc(NC(=O)CCc3nc(-c4nnc[nH]4)no3)cc2)C(=O)N1,-8.174564192
O=C1CC[C@H](NC(=O)c2ccc(S(=O)(=O)N3CCCCCC3)cc2)C(=O)N1,-8.148140285
O=C1CC[C@@H](NC(=O)c2ccc(S(=O)(=O)N3CCCCCC3)cc2)C(=O)N1,-8.144988886
COc1ccc2[nH]cc(-c3cccc4c3CN([C@@H]3CCC(=O)NC3=O)C4=O)c2c1,-7.874004045
COc1ccc2[nH]cc(-c3cccc4c3CN([C@H]3CCC(=O)NC3=O)C4=O)c2c1,-7.871452197
N#CN1CC[C@H](c2cc(-c3cccc4c3CN([C@@H]3CCC(=O)NC3=O)C4=O)cc3c2C(=O)CC3)C1,-7.937341632
N#CN1CC[C@@H](c2cc(-c3cccc4c3CN([C@@H]3CCC(=O)NC3=O)C4=O)cc3c2C(=O)CC3)C1,-8.058070743
N#CN1CC[C@H](c2cc(-c3cccc4c3CN([C@H]3CCC(=O)NC3=O)C4=O)cc3c2C(=O)CC3)C1,-8.007458539
N#CN1CC[C@@H](c2cc(-c3cccc4c3CN([C@H]3CCC(=O)NC3=O)C4=O)cc3c2C(=O)CC3)C1,-7.96363008
O=C1CC[C@H](N2Cc3ccc(CNC(=O)NC4CCC4)cc3C2=O)C(=O)N1,-7.976072944
O=C1CC[C@@H](N2Cc3ccc(CNC(=O)NC4CCC4)cc3C2=O)C(=O)N1,-7.911107869
N[C@@H]1C=CN(S(=O)(=O)c2ccc3c(c2)C(=O)N([C@@H]2CCC(=O)NC2=O)C3)C(=O)N1,-8.017052703
N[C@H]1C=CN(S(=O)(=O)c2ccc3c(c2)C(=O)N([C@@H]2CCC(=O)NC2=O)C3)C(=O)N1,-8.026881183
N[C@@H]1C=CN(S(=O)(=O)c2ccc3c(c2)C(=O)N([C@H]2CCC(=O)NC2=O)C3)C(=O)N1,-8.049787965
N[C@H]1C=CN(S(=O)(=O)c2ccc3c(c2)C(=O)N([C@H]2CCC(=O)NC2=O)C3)C(=O)N1,-8.028163103
O=C1CC[C@H](c2ccc(NC(=O)[C@H](O)c3cccc4c3OCC4)cc2)C(=O)N1,-7.659082388
O=C1CC[C@@H](c2ccc(NC(=O)[C@H](O)c3cccc4c3OCC4)cc2)C(=O)N1,-7.656249413
O=C1CC[C@H](c2ccc(NC(=O)[C@@H](O)c3cccc4c3OCC4)cc2)C(=O)N1,-7.666636142
O=C1CC[C@@H](c2ccc(NC(=O)[C@@H](O)c3cccc4c3OCC4)cc2)C(=O)N1,-7.678644956
N#CN1CCC[C@H](c2cccc(-n3cc(C(=O)N[C@@H]4CCC(=O)NC4=O)nn3)c2)C1,-7.92060366
N#CN1CCC[C@@H](c2cccc(-n3cc(C(=O)N[C@@H]4CCC(=O)NC4=O)nn3)c2)C1,-7.927381724
N#CN1CCC[C@H](c2cccc(-n3cc(C(=O)N[C@H]4CCC(=O)NC4=O)nn3)c2)C1,-7.831098355
N#CN1CCC[C@@H](c2cccc(-n3cc(C(=O)N[C@H]4CCC(=O)NC4=O)nn3)c2)C1,-8.06992789
C[C@H](NC1=CC(=O)N([C@@H]2CCC(=O)NC2=O)C1=O)c1ccc(C(F)(F)F)cc1,-8.726890685
C[C@@H](NC1=CC(=O)N([C@@H]2CCC(=O)NC2=O)C1=O)c1ccc(C(F)(F)F)cc1,-8.724262773
C[C@H](NC1=CC(=O)N([C@H]2CCC(=O)NC2=O)C1=O)c1ccc(C(F)(F)F)cc1,-8.730056099
C[C@@H](NC1=CC(=O)N([C@H]2CCC(=O)NC2=O)C1=O)c1ccc(C(F)(F)F)cc1,-8.696696371
CN(Cc1ccccc1F)C1=CC(=O)N([C@@H]2CCC(=O)NC2=O)C1=O,-8.477565648
CN(Cc1ccccc1F)C1=CC(=O)N([C@H]2CCC(=O)NC2=O)C1=O,-8.480066142
CCc1nc(Nc2ccc([C@@H]3CCC(=O)NC3=O)cc2)c2ccsc2n1,-7.701434126
CCc1nc(Nc2ccc([C@H]3CCC(=O)NC3=O)cc2)c2ccsc2n1,-7.696169397
N#CN1CCC(c2nc3c(c(Nc4ccc([C@@H]5CCC(=O)NC5=O)cc4)n2)CC2(CC3)CC2)CC1,-7.55280508
N#CN1CCC(c2nc3c(c(Nc4ccc([C@H]5CCC(=O)NC5=O)cc4)n2)CC2(CC3)CC2)CC1,-7.582018894
N#CN1CCC[C@H](c2cnc3cc(-c4cn([C@@H]5CCC(=O)NC5=O)nn4)ccc3c2)C1,-8.122565229
N#CN1CCC[C@@H](c2cnc3cc(-c4cn([C@@H]5CCC(=O)NC5=O)nn4)ccc3c2)C1,-8.291073865
N#CN1CCC[C@H](c2cnc3cc(-c4cn([C@H]5CCC(=O)NC5=O)nn4)ccc3c2)C1,-8.20804639
N#CN1CCC[C@@H](c2cnc3cc(-c4cn([C@H]5CCC(=O)NC5=O)nn4)ccc3c2)C1,-8.315989592
CN[C@@H]1CCCC[C@@H]1N(C)c1ccc2c(c1)CN([C@@H]1CCC(=O)NC1=O)C2=O,-7.758252291
CN[C@H]1CCCC[C@@H]1N(C)c1ccc2c(c1)CN([C@@H]1CCC(=O)NC1=O)C2=O,-7.71621767
CN[C@@H]1CCCC[C@H]1N(C)c1ccc2c(c1)CN([C@@H]1CCC(=O)NC1=O)C2=O,-7.744664045
CN[C@H]1CCCC[C@H]1N(C)c1ccc2c(c1)CN([C@@H]1CCC(=O)NC1=O)C2=O,-7.863894311
CN[C@@H]1CCCC[C@@H]1N(C)c1ccc2c(c1)CN([C@H]1CCC(=O)NC1=O)C2=O,-7.663227045
CN[C@H]1CCCC[C@@H]1N(C)c1ccc2c(c1)CN([C@H]1CCC(=O)NC1=O)C2=O,-7.829173084
CN[C@@H]1CCCC[C@H]1N(C)c1ccc2c(c1)CN([C@H]1CCC(=O)NC1=O)C2=O,-7.759998791
CN[C@H]1CCCC[C@H]1N(C)c1ccc2c(c1)CN([C@H]1CCC(=O)NC1=O)C2=O,-7.807595614
N#CN1CC[C@H](c2csc(NC(=O)c3ccc4c(c3)C(=O)N([C@@H]3CCC(=O)NC3=O)C4)n2)C1,-8.052791197
N#CN1CC[C@@H](c2csc(NC(=O)c3ccc4c(c3)C(=O)N([C@@H]3CCC(=O)NC3=O)C4)n2)C1,-8.07933195
N#CN1CC[C@H](c2csc(NC(=O)c3ccc4c(c3)C(=O)N([C@H]3CCC(=O)NC3=O)C4)n2)C1,-8.101858069
N#CN1CC[C@@H](c2csc(NC(=O)c3ccc4c(c3)C(=O)N([C@H]3CCC(=O)NC3=O)C4)n2)C1,-8.090296125
Cn1cnc2ccc(C(=O)N[C@@H]3CCC(=O)NC3=O)cc2c1=O,-8.091467562
Cn1cnc2ccc(C(=O)N[C@H]3CCC(=O)NC3=O)cc2c1=O,-8.079628042
N#CN1CCC[C@H](c2ccc3c(c2)CCC[C@@H]3C(=O)Nc2ccc([C@@H]3CCC(=O)NC3=O)cc2)C1,-7.660376811
N#CN1CCC[C@@H](c2ccc3c(c2)CCC[C@@H]3C(=O)Nc2ccc([C@@H]3CCC(=O)NC3=O)cc2)C1,-7.690228702
N#CN1CCC[C@H](c2ccc3c(c2)CCC[C@H]3C(=O)Nc2ccc([C@@H]3CCC(=O)NC3=O)cc2)C1,-7.67567557
N#CN1CCC[C@@H](c2ccc3c(c2)CCC[C@H]3C(=O)Nc2ccc([C@@H]3CCC(=O)NC3=O)cc2)C1,-7.660601804
N#CN1CCC[C@H](c2ccc3c(c2)CCC[C@@H]3C(=O)Nc2ccc([C@H]3CCC(=O)NC3=O)cc2)C1,-7.656118054
N#CN1CCC[C@@H](c2ccc3c(c2)CCC[C@@H]3C(=O)Nc2ccc([C@H]3CCC(=O)NC3=O)cc2)C1,-7.658286795
N#CN1CCC[C@H](c2ccc3c(c2)CCC[C@H]3C(=O)Nc2ccc([C@H]3CCC(=O)NC3=O)cc2)C1,-7.662878909
N#CN1CCC[C@@H](c2ccc3c(c2)CCC[C@H]3C(=O)Nc2ccc([C@H]3CCC(=O)NC3=O)cc2)C1,-7.670688408
O=C1CC[C@H](NC(=O)c2c(O)c3ccccc3[nH]c2=O)C(=O)N1,-7.932572957
O=C1CC[C@@H](NC(=O)c2c(O)c3ccccc3[nH]c2=O)C(=O)N1,-7.932999972
O=C1CC[C@H](NC(=O)c2cc3cccc(C(F)(F)F)c3[nH]c2=O)C(=O)N1,-9.147634154
O=C1CC[C@@H](NC(=O)c2cc3cccc(C(F)(F)F)c3[nH]c2=O)C(=O)N1,-8.689012478
O=C1CC[C@H](NC(=O)c2cccc3snnc23)C(=O)N1,-8.697177742
O=C1CC[C@@H](NC(=O)c2cccc3snnc23)C(=O)N1,-8.439154967
O=C1CC[C@H](NC(=O)c2ccc(S(=O)(=O)F)c3snnc23)C(=O)N1,-9.638898658
O=C1CC[C@@H](NC(=O)c2ccc(S(=O)(=O)F)c3snnc23)C(=O)N1,-9.565153223
O=C1CC[C@H](NC(=O)c2cc(S(=O)(=O)F)cc3snnc23)C(=O)N1,-9.757755704
O=C1CC[C@@H](NC(=O)c2cc(S(=O)(=O)F)cc3snnc23)C(=O)N1,-9.365489303
O=C1CC[C@H](NC(=O)c2cc(OS(=O)(=O)F)cc3snnc23)C(=O)N1,-9.027736823
O=C1CC[C@@H](NC(=O)c2cc(OS(=O)(=O)F)cc3snnc23)C(=O)N1,-9.026812789
CCc1c(C(=O)N[C@@H]2CCC(=O)NC2=O)cnc2c1c(=O)n(C)c(=O)n2C,-8.165212016
CCc1c(C(=O)N[C@H]2CCC(=O)NC2=O)cnc2c1c(=O)n(C)c(=O)n2C,-8.137793305
O=C1CC[C@H](Sc2nc3c(cnn3-c3ccccc3)c(=O)[nH]2)C(=O)N1,-8.300005467
O=C1CC[C@@H](Sc2nc3c(cnn3-c3ccccc3)c(=O)[nH]2)C(=O)N1,-8.295664163
N#CN1CC[C@H](c2ccc(-c3cc(C(=O)N[C@@H]4CCC(=O)NC4=O)[nH]n3)cc2)C1,-7.806348923
N#CN1CC[C@@H](c2ccc(-c3cc(C(=O)N[C@@H]4CCC(=O)NC4=O)[nH]n3)cc2)C1,-8.101138924
N#CN1CC[C@H](c2ccc(-c3cc(C(=O)N[C@H]4CCC(=O)NC4=O)[nH]n3)cc2)C1,-8.128284854
N#CN1CC[C@@H](c2ccc(-c3cc(C(=O)N[C@H]4CCC(=O)NC4=O)[nH]n3)cc2)C1,-8.126958125
N#CN1CC[C@H](c2cc3c(nc2-c2ccc4c(c2)CN([C@@H]2CCC(=O)NC2=O)C4=O)CCCN3)C1,-7.70325461
N#CN1CC[C@@H](c2cc3c(nc2-c2ccc4c(c2)CN([C@@H]2CCC(=O)NC2=O)C4=O)CCCN3)C1,-7.883097075
N#CN1CC[C@H](c2cc3c(nc2-c2ccc4c(c2)CN([C@H]2CCC(=O)NC2=O)C4=O)CCCN3)C1,-7.880470856
N#CN1CC[C@@H](c2cc3c(nc2-c2ccc4c(c2)CN([C@H]2CCC(=O)NC2=O)C4=O)CCCN3)C1,-7.914211316
N#CN1CC[C@H](c2ccc3c(C(=O)N[C@@H]4CCC(=O)NC4=O)snc3c2)C1,-8.729400935
N#CN1CC[C@@H](c2ccc3c(C(=O)N[C@@H]4CCC(=O)NC4=O)snc3c2)C1,-8.73037691
N#CN1CC[C@H](c2ccc3c(C(=O)N[C@H]4CCC(=O)NC4=O)snc3c2)C1,-8.72654344
N#CN1CC[C@@H](c2ccc3c(C(=O)N[C@H]4CCC(=O)NC4=O)snc3c2)C1,-8.732375736
N#CN1CC[C@H](c2ccnc3cc(-c4cn([C@@H]5CCC(=O)NC5=O)nn4)ccc23)C1,-8.314353195
N#CN1CC[C@@H](c2ccnc3cc(-c4cn([C@@H]5CCC(=O)NC5=O)nn4)ccc23)C1,-8.299551978
N#CN1CC[C@H](c2ccnc3cc(-c4cn([C@H]5CCC(=O)NC5=O)nn4)ccc23)C1,-8.303520189
N#CN1CC[C@@H](c2ccnc3cc(-c4cn([C@H]5CCC(=O)NC5=O)nn4)ccc23)C1,-8.329293148
O=C1CC[C@H](c2ccc(Nc3nc(-c4cccnc4)nc4c3CCC4)cc2)C(=O)N1,-7.649410337
O=C1CC[C@@H](c2ccc(Nc3nc(-c4cccnc4)nc4c3CCC4)cc2)C(=O)N1,-7.634649291
N#CN1CCC[C@H](c2ccsc2-c2ccc(C(=O)N[C@@H]3CCC(=O)NC3=O)cn2)C1,-8.105355034
N#CN1CCC[C@@H](c2ccsc2-c2ccc(C(=O)N[C@@H]3CCC(=O)NC3=O)cn2)C1,-8.276682521
N#CN1CCC[C@H](c2ccsc2-c2ccc(C(=O)N[C@H]3CCC(=O)NC3=O)cn2)C1,-7.856071764
N#CN1CCC[C@@H](c2ccsc2-c2ccc(C(=O)N[C@H]3CCC(=O)NC3=O)cn2)C1,-7.935647968
O=C1CC[C@H](NC(=O)c2ncccc2-c2ccccn2)C(=O)N1,-7.870817033
O=C1CC[C@@H](NC(=O)c2ncccc2-c2ccccn2)C(=O)N1,-7.850308816
N#CN1CCC[C@H](c2ccnc3c2C[C@H](NC(=O)c2ccc(N4CCC(=O)NC4=O)cc2)CC3)C1,-7.576153629
N#CN1CCC[C@@H](c2ccnc3c2C[C@H](NC(=O)c2ccc(N4CCC(=O)NC4=O)cc2)CC3)C1,-7.574851458
N#CN1CCC[C@H](c2ccnc3c2C[C@@H](NC(=O)c2ccc(N4CCC(=O)NC4=O)cc2)CC3)C1,-7.45755441
N#CN1CCC[C@@H](c2ccnc3c2C[C@@H](NC(=O)c2ccc(N4CCC(=O)NC4=O)cc2)CC3)C1,-7.408595494
Cc1ccc(NC(=O)NCc2cccc(N3CCC(=O)NC3=O)c2)cc1Cl,-7.398824163
Nc1ccc(CNC(=O)c2cccc3c2CN([C@@H]2CCC(=O)NC2=O)C3=O)cc1,-7.99515952
Nc1ccc(CNC(=O)c2cccc3c2CN([C@H]2CCC(=O)NC2=O)C3=O)cc1,-8.027209094
N#CN1CC[C@H](c2ccnnc2-c2ccc3c(c2)CN([C@@H]2CCC(=O)NC2=O)C3=O)C1,-8.136303563
N#CN1CC[C@@H](c2ccnnc2-c2ccc3c(c2)CN([C@@H]2CCC(=O)NC2=O)C3=O)C1,-8.200668444
N#CN1CC[C@H](c2ccnnc2-c2ccc3c(c2)CN([C@H]2CCC(=O)NC2=O)C3=O)C1,-8.198899616
N#CN1CC[C@@H](c2ccnnc2-c2ccc3c(c2)CN([C@H]2CCC(=O)NC2=O)C3=O)C1,-8.276566555
N#CN1CC[C@H](c2cnc3cc(-c4cn([C@@H]5CCC(=O)NC5=O)nn4)ccc3c2)C1,-8.190264231
N#CN1CC[C@@H](c2cnc3cc(-c4cn([C@@H]5CCC(=O)NC5=O)nn4)ccc3c2)C1,-8.308522129
N#CN1CC[C@H](c2cnc3cc(-c4cn([C@H]5CCC(=O)NC5=O)nn4)ccc3c2)C1,-8.303912649
N#CN1CC[C@@H](c2cnc3cc(-c4cn([C@H]5CCC(=O)NC5=O)nn4)ccc3c2)C1,-8.328792447
Cc1cc(C(=O)N[C@@H]2CCC(=O)NC2=O)c(NC(=O)[C@@H]2CCCO2)s1,-7.955137801
Cc1cc(C(=O)N[C@H]2CCC(=O)NC2=O)c(NC(=O)[C@@H]2CCCO2)s1,-7.908187502
Cc1cc(C(=O)N[C@@H]2CCC(=O)NC2=O)c(NC(=O)[C@H]2CCCO2)s1,-8.16042077
Cc1cc(C(=O)N[C@H]2CCC(=O)NC2=O)c(NC(=O)[C@H]2CCCO2)s1,-8.160849327
O=C1CC[C@H](NC(=O)c2cnc(-c3nccs3)[nH]c2=O)C(=O)N1,-8.959898999
O=C1CC[C@@H](NC(=O)c2cnc(-c3nccs3)[nH]c2=O)C(=O)N1,-8.960516231
N#CN1CC[C@H](c2cncc(-c3ncc(C(=O)N[C@@H]4CCC(=O)NC4=O)s3)n2)C1,-8.798458472
N#CN1CC[C@@H](c2cncc(-c3ncc(C(=O)N[C@@H]4CCC(=O)NC4=O)s3)n2)C1,-8.782619812
N#CN1CC[C@H](c2cncc(-c3ncc(C(=O)N[C@H]4CCC(=O)NC4=O)s3)n2)C1,-8.820891731
N#CN1CC[C@@H](c2cncc(-c3ncc(C(=O)N[C@H]4CCC(=O)NC4=O)s3)n2)C1,-8.818888037
O=C1CC(c2cccnc2)CC(=O)N1,-7.650638463
N#CN1CC[C@H](c2cccc(-c3ncc(C(=O)N[C@@H]4CCC(=O)NC4=O)s3)c2)C1,-8.278302967
N#CN1CC[C@@H](c2cccc(-c3ncc(C(=O)N[C@@H]4CCC(=O)NC4=O)s3)c2)C1,-8.042734281
N#CN1CC[C@H](c2cccc(-c3ncc(C(=O)N[C@H]4CCC(=O)NC4=O)s3)c2)C1,-8.047220897
N#CN1CC[C@@H](c2cccc(-c3ncc(C(=O)N[C@H]4CCC(=O)NC4=O)s3)c2)C1,-8.045123517
Nc1nc2ccccn2c1C(=O)c1ccc2c(c1)CN([C@@H]1CCC(=O)NC1=O)C2=O,-7.799478791
Nc1nc2ccccn2c1C(=O)c1ccc2c(c1)CN([C@H]1CCC(=O)NC1=O)C2=O,-8.038151752
O=C1CC[C@H](Nc2ccc3nnc(-c4ccc(F)cc4)n3n2)C(=O)N1,-8.292006875
O=C1CC[C@@H](Nc2ccc3nnc(-c4ccc(F)cc4)n3n2)C(=O)N1,-8.292609188
N#CN1CC[C@H](c2cnc3c(c2)N(C(=O)c2ccc(N4CCC(=O)NC4=O)cc2)C[C@@]32CCOC2)C1,-7.580876785
N#CN1CC[C@@H](c2cnc3c(c2)N(C(=O)c2ccc(N4CCC(=O)NC4=O)cc2)C[C@@]32CCOC2)C1,-7.610959396
N#CN1CC[C@H](c2cnc3c(c2)N(C(=O)c2ccc(N4CCC(=O)NC4=O)cc2)C[C@]32CCOC2)C1,-7.76186498
N#CN1CC[C@@H](c2cnc3c(c2)N(C(=O)c2ccc(N4CCC(=O)NC4=O)cc2)C[C@]32CCOC2)C1,-7.594606783
N#CN1CC[C@H](c2ccc3c(=O)[nH]c(C(=O)N[C@@H]4CCC(=O)NC4=O)cc3c2)C1,-8.209745982
N#CN1CC[C@@H](c2ccc3c(=O)[nH]c(C(=O)N[C@@H]4CCC(=O)NC4=O)cc3c2)C1,-8.228058689
N#CN1CC[C@H](c2ccc3c(=O)[nH]c(C(=O)N[C@H]4CCC(=O)NC4=O)cc3c2)C1,-8.240211482
N#CN1CC[C@@H](c2ccc3c(=O)[nH]c(C(=O)N[C@H]4CCC(=O)NC4=O)cc3c2)C1,-8.239510643
O=C1CC[C@H](N2Cc3cc(-c4cnn(-c5ccccc5)c4)ccc3C2=O)C(=O)N1,-7.739450737
O=C1CC[C@@H](N2Cc3cc(-c4cnn(-c5ccccc5)c4)ccc3C2=O)C(=O)N1,-7.723324824
O=C1CC[C@H](N2Cc3cccc(CNC(=O)C(=O)c4ccccc4)c3C2=O)C(=O)N1,-8.136756053
O=C1CC[C@@H](N2Cc3cccc(CNC(=O)C(=O)c4ccccc4)c3C2=O)C(=O)N1,-8.121596936
N#CN1CCC[C@H](c2nc3nccc(Nc4cccc(N5CCC(=O)NC5=O)c4)n3n2)C1,-7.60996337
N#CN1CCC[C@@H](c2nc3nccc(Nc4cccc(N5CCC(=O)NC5=O)c4)n3n2)C1,-7.44893323
N#CN1CCC[C@H](c2ccc(-c3ccc4c(c3)CN([C@@H]3CCC(=O)NC3=O)C4=O)cc2)C1,-7.928628416
N#CN1CCC[C@@H](c2ccc(-c3ccc4c(c3)CN([C@@H]3CCC(=O)NC3=O)C4=O)cc2)C1,-7.939043862
N#CN1CCC[C@H](c2ccc(-c3ccc4c(c3)CN([C@H]3CCC(=O)NC3=O)C4=O)cc2)C1,-7.93522782
N#CN1CCC[C@@H](c2ccc(-c3ccc4c(c3)CN([C@H]3CCC(=O)NC3=O)C4=O)cc2)C1,-7.957759363
CN(c1ccccc1)c1ccc(C(=O)N[C@@H]2CCC(=O)NC2=O)cn1,-7.784259359
CN(c1ccccc1)c1ccc(C(=O)N[C@H]2CCC(=O)NC2=O)cn1,-7.761213488
C[C@H](Cn1cccn1)C(=O)NCc1cncc(C(=O)N[C@@H]2CCC(=O)NC2=O)c1,-7.421440453
C[C@@H](Cn1cccn1)C(=O)NCc1cncc(C(=O)N[C@@H]2CCC(=O)NC2=O)c1,-7.469265409
C[C@H](Cn1cccn1)C(=O)NCc1cncc(C(=O)N[C@H]2CCC(=O)NC2=O)c1,-8.140303325
C[C@@H](Cn1cccn1)C(=O)NCc1cncc(C(=O)N[C@H]2CCC(=O)NC2=O)c1,-8.203134432
N#CN1CCC[C@H](c2ccc3c(c2)[C@H](C(=O)Nc2cccc([C@@H]4CCC(=O)NC4=O)c2)CCC3)C1,-7.438661417
N#CN1CCC[C@@H](c2ccc3c(c2)[C@H](C(=O)Nc2cccc([C@@H]4CCC(=O)NC4=O)c2)CCC3)C1,-7.709450872
N#CN1CCC[C@H](c2ccc3c(c2)[C@@H](C(=O)Nc2cccc([C@@H]4CCC(=O)NC4=O)c2)CCC3)C1,-7.685817004
N#CN1CCC[C@@H](c2ccc3c(c2)[C@@H](C(=O)Nc2cccc([C@@H]4CCC(=O)NC4=O)c2)CCC3)C1,-7.667034924
N#CN1CCC[C@H](c2ccc3c(c2)[C@H](C(=O)Nc2cccc([C@H]4CCC(=O)NC4=O)c2)CCC3)C1,-7.641704693
N#CN1CCC[C@@H](c2ccc3c(c2)[C@H](C(=O)Nc2cccc([C@H]4CCC(=O)NC4=O)c2)CCC3)C1,-7.516213318
N#CN1CCC[C@H](c2ccc3c(c2)[C@@H](C(=O)Nc2cccc([C@H]4CCC(=O)NC4=O)c2)CCC3)C1,-7.568481182
N#CN1CCC[C@@H](c2ccc3c(c2)[C@@H](C(=O)Nc2cccc([C@H]4CCC(=O)NC4=O)c2)CCC3)C1,-7.660894425
C=CC(=O)Nc1ccc(C(=O)Nc2ccccc2[C@@H]2CNC(=O)C2)cc1,-7.661876797
C=CC(=O)Nc1ccc(C(=O)Nc2ccccc2[C@H]2CNC(=O)C2)cc1,-6.966034627
CCO[C@]1(C(=O)NCc2cc(C(=O)N[C@@H]3CCC(=O)NC3=O)co2)CCOC1,-8.023037712
CCO[C@@]1(C(=O)NCc2cc(C(=O)N[C@@H]3CCC(=O)NC3=O)co2)CCOC1,-7.949754804
CCO[C@]1(C(=O)NCc2cc(C(=O)N[C@H]3CCC(=O)NC3=O)co2)CCOC1,-8.022405871
CCO[C@@]1(C(=O)NCc2cc(C(=O)N[C@H]3CCC(=O)NC3=O)co2)CCOC1,-8.033746616
N#CN1CCC[C@H](c2cccc3c2CCC[C@@H]3C(=O)Nc2cccc([C@@H]3CCC(=O)NC3=O)c2)C1,-7.683279203
N#CN1CCC[C@@H](c2cccc3c2CCC[C@@H]3C(=O)Nc2cccc([C@@H]3CCC(=O)NC3=O)c2)C1,-7.591780129
N#CN1CCC[C@H](c2cccc3c2CCC[C@H]3C(=O)Nc2cccc([C@@H]3CCC(=O)NC3=O)c2)C1,-7.679350636
N#CN1CCC[C@@H](c2cccc3c2CCC[C@H]3C(=O)Nc2cccc([C@@H]3CCC(=O)NC3=O)c2)C1,-7.679107163
N#CN1CCC[C@H](c2cccc3c2CCC[C@@H]3C(=O)Nc2cccc([C@H]3CCC(=O)NC3=O)c2)C1,-7.488219405
N#CN1CCC[C@@H](c2cccc3c2CCC[C@@H]3C(=O)Nc2cccc([C@H]3CCC(=O)NC3=O)c2)C1,-7.591983886
N#CN1CCC[C@H](c2cccc3c2CCC[C@H]3C(=O)Nc2cccc([C@H]3CCC(=O)NC3=O)c2)C1,-7.829334738
N#CN1CCC[C@@H](c2cccc3c2CCC[C@H]3C(=O)Nc2cccc([C@H]3CCC(=O)NC3=O)c2)C1,-7.622138482
N#CN1CCC(c2ccc3c(c2)CCC[C@@H]3C(=O)Nc2ccc([C@@H]3CCC(=O)NC3=O)cc2)CC1,-7.65819175
N#CN1CCC(c2ccc3c(c2)CCC[C@H]3C(=O)Nc2ccc([C@@H]3CCC(=O)NC3=O)cc2)CC1,-7.641891283
N#CN1CCC(c2ccc3c(c2)CCC[C@@H]3C(=O)Nc2ccc([C@H]3CCC(=O)NC3=O)cc2)CC1,-7.658167196
N#CN1CCC(c2ccc3c(c2)CCC[C@H]3C(=O)Nc2ccc([C@H]3CCC(=O)NC3=O)cc2)CC1,-7.647406369
O=C1CC[C@H](NC(=O)c2cc(S(=O)(=O)F)cc3cnoc23)C(=O)N1,-9.195269497
O=C1CC[C@@H](NC(=O)c2cc(S(=O)(=O)F)cc3cnoc23)C(=O)N1,-9.169957972
O=C1CC[C@H](NC(=O)c2cccc3c(S(=O)(=O)F)noc23)C(=O)N1,-9.210072693
O=C1CC[C@@H](NC(=O)c2cccc3c(S(=O)(=O)F)noc23)C(=O)N1,-9.204899813
O=C1CC[C@H](NC(=O)c2ccc(S(=O)(=O)F)c3cnoc23)C(=O)N1,-8.24609523
O=C1CC[C@@H](NC(=O)c2ccc(S(=O)(=O)F)c3cnoc23)C(=O)N1,-8.24732536
O=C1CC[C@H](NC(=O)c2cccc3cnoc23)C(=O)N1,-8.5191822
O=C1CC[C@@H](NC(=O)c2cccc3cnoc23)C(=O)N1,-8.521176996
N#CN1CC[C@H](c2cc(C(=O)Nc3ccc([C@@H]4CCC(=O)NC4=O)cc3)cc(=O)[nH]2)C1,-7.998606831
N#CN1CC[C@@H](c2cc(C(=O)Nc3ccc([C@@H]4CCC(=O)NC4=O)cc3)cc(=O)[nH]2)C1,-7.845682417
N#CN1CC[C@H](c2cc(C(=O)Nc3ccc([C@H]4CCC(=O)NC4=O)cc3)cc(=O)[nH]2)C1,-7.708437735
N#CN1CC[C@@H](c2cc(C(=O)Nc3ccc([C@H]4CCC(=O)NC4=O)cc3)cc(=O)[nH]2)C1,-7.841467826
O=C1CC[C@H](N2Cc3c(C#CCNCc4ccccc4)cccc3C2=O)C(=O)N1,-7.692929203
O=C1CC[C@@H](N2Cc3c(C#CCNCc4ccccc4)cccc3C2=O)C(=O)N1,-7.711304826
O=C1CC[C@H](c2ccc(NC(=O)c3ccnnc3OC3CCCC3)cc2)C(=O)N1,-7.990630858
O=C1CC[C@@H](c2ccc(NC(=O)c3ccnnc3OC3CCCC3)cc2)C(=O)N1,-7.989887964
CN[C@@H]1CCCC[C@@H]1N(C)c1ccc2c(c1)C(=O)N([C@@H]1CCC(=O)NC1=O)C2=O,-7.903902897
CN[C@H]1CCCC[C@@H]1N(C)c1ccc2c(c1)C(=O)N([C@@H]1CCC(=O)NC1=O)C2=O,-7.972332152
CN[C@@H]1CCCC[C@H]1N(C)c1ccc2c(c1)C(=O)N([C@@H]1CCC(=O)NC1=O)C2=O,-7.919141094
CN[C@H]1CCCC[C@H]1N(C)c1ccc2c(c1)C(=O)N([C@@H]1CCC(=O)NC1=O)C2=O,-7.903152123
CN[C@@H]1CCCC[C@@H]1N(C)c1ccc2c(c1)C(=O)N([C@H]1CCC(=O)NC1=O)C2=O,-7.899486095
CN[C@H]1CCCC[C@@H]1N(C)c1ccc2c(c1)C(=O)N([C@H]1CCC(=O)NC1=O)C2=O,-7.919277644
CN[C@@H]1CCCC[C@H]1N(C)c1ccc2c(c1)C(=O)N([C@H]1CCC(=O)NC1=O)C2=O,-7.94649805
CN[C@H]1CCCC[C@H]1N(C)c1ccc2c(c1)C(=O)N([C@H]1CCC(=O)NC1=O)C2=O,-7.987704417
O=C1CC[C@H](N2C(=O)c3ccc(NC4CCCCC4)cc3C2=O)C(=O)N1,-7.820244908
O=C1CC[C@@H](N2C(=O)c3ccc(NC4CCCCC4)cc3C2=O)C(=O)N1,-7.830055973
CN(c1ccc2c(c1)C(=O)N([C@@H]1CCC(=O)NC1=O)C2=O)C1CCCCC1,-8.239419971
CN(c1ccc2c(c1)C(=O)N([C@H]1CCC(=O)NC1=O)C2=O)C1CCCCC1,-8.657009991
Cc1ccc2oc(N[C@@H]3CCC(=O)NC3=O)nc2c1,-7.9211
N#CN1CCC[C@H](c2cc(Cc3cn([C@@H]4CCC(=O)NC4=O)nn3)cs2)C1,-8.229362462
N#CN1CCC[C@@H](c2cc(Cc3cn([C@@H]4CCC(=O)NC4=O)nn3)cs2)C1,-8.189628254
N#CN1CCC[C@H](c2cc(Cc3cn([C@H]4CCC(=O)NC4=O)nn3)cs2)C1,-8.154035146
N#CN1CCC[C@@H](c2cc(Cc3cn([C@H]4CCC(=O)NC4=O)nn3)cs2)C1,-8.250475336
O=C1CC[C@H](N2Cc3c(cc(C(=O)N4CCCC4)cc3S(=O)(=O)F)C2=O)C(=O)N1,-8.214584729
O=C1CC[C@@H](N2Cc3c(cc(C(=O)N4CCCC4)cc3S(=O)(=O)F)C2=O)C(=O)N1,-8.244839887
O=C1CC[C@H](N2Cc3cc(S(=O)(=O)F)c(C(=O)N4CCCC4)cc3C2=O)C(=O)N1,-8.401096997
O=C1CC[C@@H](N2Cc3cc(S(=O)(=O)F)c(C(=O)N4CCCC4)cc3C2=O)C(=O)N1,-8.398643421
O=C1CC[C@H](NC(=O)c2[nH]ncc2CNC(=O)c2cc3cnccc3[nH]2)C(=O)N1,-8.121989412
O=C1CC[C@@H](NC(=O)c2[nH]ncc2CNC(=O)c2cc3cnccc3[nH]2)C(=O)N1,-8.150610516
O=C1CC[C@H](Nc2ccc(NC(=O)c3ncc4c(n3)CCNC4)cc2)C(=O)N1,-7.898934825
O=C1CC[C@@H](Nc2ccc(NC(=O)c3ncc4c(n3)CCNC4)cc2)C(=O)N1,-7.898932553
O=C1CC[C@H](NC(=O)c2ccc3nncn3n2)C(=O)N1,-8.720129759
O=C1CC[C@@H](NC(=O)c2ccc3nncn3n2)C(=O)N1,-8.716701212
N#CN1CC[C@H](c2cccc(-c3nc(C(=O)N[C@@H]4CCC(=O)NC4=O)co3)c2)C1,-8.182591264
N#CN1CC[C@@H](c2cccc(-c3nc(C(=O)N[C@@H]4CCC(=O)NC4=O)co3)c2)C1,-7.734364465
N#CN1CC[C@H](c2cccc(-c3nc(C(=O)N[C@H]4CCC(=O)NC4=O)co3)c2)C1,-8.035361957
N#CN1CC[C@@H](c2cccc(-c3nc(C(=O)N[C@H]4CCC(=O)NC4=O)co3)c2)C1,-8.161736291
N#CN1CC[C@H](c2nc3c(c(Nc4ccc([C@@H]5CCC(=O)NC5=O)cc4)n2)CC2(CC3)CC2)C1,-7.348255618
N#CN1CC[C@@H](c2nc3c(c(Nc4ccc([C@@H]5CCC(=O)NC5=O)cc4)n2)CC2(CC3)CC2)C1,-7.393421074
N#CN1CC[C@H](c2nc3c(c(Nc4ccc([C@H]5CCC(=O)NC5=O)cc4)n2)CC2(CC3)CC2)C1,-7.522762023
N#CN1CC[C@@H](c2nc3c(c(Nc4ccc([C@H]5CCC(=O)NC5=O)cc4)n2)CC2(CC3)CC2)C1,-7.367851491
Cc1[nH]c2ncccc2c1C(=O)N[C@@H]1CCC(=O)NC1=O,-8.21295218
Cc1[nH]c2ncccc2c1C(=O)N[C@H]1CCC(=O)NC1=O,-8.215210504
O=C1CC[C@H](NC(=O)c2c[nH]c3ncc(F)cc23)C(=O)N1,-7.985421999
O=C1CC[C@@H](NC(=O)c2c[nH]c3ncc(F)cc23)C(=O)N1,-8.105371624
O=C1CC[C@H](NC(=O)c2c[nH]c3nc(Br)ccc23)C(=O)N1,-8.089115275
O=C1CC[C@@H](NC(=O)c2c[nH]c3nc(Br)ccc23)C(=O)N1,-8.040389607
O=C1CC[C@H](NC(=O)c2c[nH]c3nc(S(=O)(=O)F)ccc23)C(=O)N1,-8.827564584
O=C1CC[C@@H](NC(=O)c2c[nH]c3nc(S(=O)(=O)F)ccc23)C(=O)N1,-8.574152392
O=C1CC[C@]2(CC(C3CCCC3)=NO2)C(=O)N1,-7.886116364
O=C1CC[C@@]2(CC(C3CCCC3)=NO2)C(=O)N1,-7.890069986
O=C1CC[C@H](NC(=O)c2cc3c(S(=O)(=O)F)cc4ccccc4c3o2)C(=O)N1,-8.428919936
O=C1CC[C@@H](NC(=O)c2cc3c(S(=O)(=O)F)cc4ccccc4c3o2)C(=O)N1,-8.433946638
O=C1CC[C@H](NC(=O)c2oc3c(ccc4ccccc43)c2S(=O)(=O)F)C(=O)N1,-8.511921377
O=C1CC[C@@H](NC(=O)c2oc3c(ccc4ccccc43)c2S(=O)(=O)F)C(=O)N1,-8.509934397
O=C1CC[C@H](NC(=O)c2cc3cc(S(=O)(=O)F)c4ccccc4c3o2)C(=O)N1,-8.407520235
O=C1CC[C@@H](NC(=O)c2cc3cc(S(=O)(=O)F)c4ccccc4c3o2)C(=O)N1,-8.407908454
Cc1c(C(=O)N[C@@H]2CCC(=O)NC2=O)oc2c1ccc1ccccc12,-7.896807571
Cc1c(C(=O)N[C@H]2CCC(=O)NC2=O)oc2c1ccc1ccccc12,-7.896619954
Cc1c(C(=O)N[C@@H]2CCC(=O)N(C)C2=O)oc2c1ccc1ccccc12,-7.712647669
Cc1c(C(=O)N[C@H]2CCC(=O)N(C)C2=O)oc2c1ccc1ccccc12,-7.712128128
N#CN1CC[C@H](c2cccc(C(=O)Nc3cncn3[C@@H]3CCC(=O)NC3=O)n2)C1,-9.398362347
N#CN1CC[C@@H](c2cccc(C(=O)Nc3cncn3[C@@H]3CCC(=O)NC3=O)n2)C1,-9.405511451
N#CN1CC[C@H](c2cccc(C(=O)Nc3cncn3[C@H]3CCC(=O)NC3=O)n2)C1,-9.397639965
N#CN1CC[C@@H](c2cccc(C(=O)Nc3cncn3[C@H]3CCC(=O)NC3=O)n2)C1,-9.398083124
O=C1CC[C@H](N2Cc3c(NC(=O)c4cccc(S(=O)(=O)F)c4)cccc3C2=O)C(=O)N1,-8.084589553
O=C1CC[C@@H](N2Cc3c(NC(=O)c4cccc(S(=O)(=O)F)c4)cccc3C2=O)C(=O)N1,-8.394229666
O=C1CC[C@H](N2Cc3c(NC(=O)c4ccccc4S(=O)(=O)F)cccc3C2=O)C(=O)N1,-8.229815563
O=C1CC[C@@H](N2Cc3c(NC(=O)c4ccccc4S(=O)(=O)F)cccc3C2=O)C(=O)N1,-8.186114772
Cc1ccc(C(=O)Nc2cccc3c2CN([C@@H]2CCC(=O)NC2=O)C3=O)c(C)c1,-7.75781409
Cc1ccc(C(=O)Nc2cccc3c2CN([C@H]2CCC(=O)NC2=O)C3=O)c(C)c1,-7.709908695
CCc1ccccc1C(=O)Nc1cccc2c1CN([C@@H]1CCC(=O)NC1=O)C2=O,-7.868054997
CCc1ccccc1C(=O)Nc1cccc2c1CN([C@H]1CCC(=O)NC1=O)C2=O,-7.857260479
O=C1CC[C@H](NC(=O)c2conc2CNC(=O)[C@@H]2CCCCNC2=O)C(=O)N1,-7.909459721
O=C1CC[C@@H](NC(=O)c2conc2CNC(=O)[C@@H]2CCCCNC2=O)C(=O)N1,-7.719776741
O=C1CC[C@H](NC(=O)c2conc2CNC(=O)[C@H]2CCCCNC2=O)C(=O)N1,-7.771406531
O=C1CC[C@@H](NC(=O)c2conc2CNC(=O)[C@H]2CCCCNC2=O)C(=O)N1,-7.923826443
N#CN1CCC(c2ccc3c(c2)O[C@H](c2nc(C(=O)N[C@@H]4CCC(=O)NC4=O)cs2)C3)CC1,-7.787911191
N#CN1CCC(c2ccc3c(c2)O[C@@H](c2nc(C(=O)N[C@@H]4CCC(=O)NC4=O)cs2)C3)CC1,-7.852319585
N#CN1CCC(c2ccc3c(c2)O[C@H](c2nc(C(=O)N[C@H]4CCC(=O)NC4=O)cs2)C3)CC1,-7.898665348
N#CN1CCC(c2ccc3c(c2)O[C@@H](c2nc(C(=O)N[C@H]4CCC(=O)NC4=O)cs2)C3)CC1,-7.953661926
Cc1ccc(C)c(-c2cc(C(=O)N[C@@H]3CCC(=O)NC3=O)no2)c1,-7.956418975
Cc1ccc(C)c(-c2cc(C(=O)N[C@H]3CCC(=O)NC3=O)no2)c1,-7.841658139
COc1ccc(-c2onc(C(=O)N[C@@H]3CCC(=O)NC3=O)c2C)cc1,-8.507834954
COc1ccc(-c2onc(C(=O)N[C@H]3CCC(=O)NC3=O)c2C)cc1,-8.509365733
O=C1CC[C@H](N2Cc3cc(S(=O)(=O)F)c(-c4ccccn4)cc3C2=O)C(=O)N1,-8.315184259
O=C1CC[C@@H](N2Cc3cc(S(=O)(=O)F)c(-c4ccccn4)cc3C2=O)C(=O)N1,-8.545993991
O=C1CC[C@H](N2Cc3ccc(-c4ncccc4S(=O)(=O)F)cc3C2=O)C(=O)N1,-7.893525544
O=C1CC[C@@H](N2Cc3ccc(-c4ncccc4S(=O)(=O)F)cc3C2=O)C(=O)N1,-7.893356473
O=C1CC[C@H](N2Cc3c(cc(-c4ccccn4)cc3S(=O)(=O)F)C2=O)C(=O)N1,-8.407795565
O=C1CC[C@@H](N2Cc3c(cc(-c4ccccn4)cc3S(=O)(=O)F)C2=O)C(=O)N1,-8.149612439
O=C1CC[C@H](N2Cc3ccc(-c4cccc(S(=O)(=O)F)n4)cc3C2=O)C(=O)N1,-8.224335745
O=C1CC[C@@H](N2Cc3ccc(-c4cccc(S(=O)(=O)F)n4)cc3C2=O)C(=O)N1,-8.428558123
O=C1CC[C@H](N2Cc3ccc(-c4cc(S(=O)(=O)F)ccn4)cc3C2=O)C(=O)N1,-8.227813785
O=C1CC[C@@H](N2Cc3ccc(-c4cc(S(=O)(=O)F)ccn4)cc3C2=O)C(=O)N1,-8.223849213
O=C1CC[C@H](N2Cc3ccc(-c4cc(OS(=O)(=O)F)ccn4)cc3C2=O)C(=O)N1,-8.041338823
O=C1CC[C@@H](N2Cc3ccc(-c4cc(OS(=O)(=O)F)ccn4)cc3C2=O)C(=O)N1,-8.039474993
O=C1CC[C@H](N2Cc3ccc(-c4ccc(OS(=O)(=O)F)cn4)cc3C2=O)C(=O)N1,-8.153237055
O=C1CC[C@@H](N2Cc3ccc(-c4ccc(OS(=O)(=O)F)cn4)cc3C2=O)C(=O)N1,-8.091350518
O=C1CC[C@H](N2Cc3ccc(-c4cccc(OS(=O)(=O)F)n4)cc3C2=O)C(=O)N1,-8.043485131
O=C1CC[C@@H](N2Cc3ccc(-c4cccc(OS(=O)(=O)F)n4)cc3C2=O)C(=O)N1,-8.04497091
O=C1CC[C@H](N2Cc3ccc(-c4ncccc4OS(=O)(=O)F)cc3C2=O)C(=O)N1,-7.990613775
O=C1CC[C@@H](N2Cc3ccc(-c4ncccc4OS(=O)(=O)F)cc3C2=O)C(=O)N1,-7.925705943
COc1ccnc(-c2ccc3c(c2)C(=O)N([C@@H]2CCC(=O)NC2=O)C3)c1,-7.9086181
COc1ccnc(-c2ccc3c(c2)C(=O)N([C@H]2CCC(=O)NC2=O)C3)c1,-7.927425721
O=C1CC[C@H](N2Cc3ccc(-c4ncccc4C(F)F)cc3C2=O)C(=O)N1,-7.943002479
O=C1CC[C@@H](N2Cc3ccc(-c4ncccc4C(F)F)cc3C2=O)C(=O)N1,-7.946079264
CN(C)c1ccc(CNc2ccc3c(c2)CN([C@@H]2CCC(=O)NC2=O)C3=O)cn1,-7.998897922
CN(C)c1ccc(CNc2ccc3c(c2)CN([C@H]2CCC(=O)NC2=O)C3=O)cn1,-7.99464305
N#CN1CCC[C@H](c2n[nH]c3c2[C@@H]2CCC[C@H](C3)N2C(=O)c2cccc(N3CCC(=O)NC3=O)c2)C1,-7.273084893
N#CN1CCC[C@@H](c2n[nH]c3c2[C@@H]2CCC[C@H](C3)N2C(=O)c2cccc(N3CCC(=O)NC3=O)c2)C1,-7.395773636
N#CN1CCC[C@H](c2n[nH]c3c2[C@H]2CCC[C@H](C3)N2C(=O)c2cccc(N3CCC(=O)NC3=O)c2)C1,-7.278482221
N#CN1CCC[C@@H](c2n[nH]c3c2[C@H]2CCC[C@H](C3)N2C(=O)c2cccc(N3CCC(=O)NC3=O)c2)C1,-7.127461374
N#CN1CCC[C@H](c2n[nH]c3c2[C@@H]2CCC[C@@H](C3)N2C(=O)c2cccc(N3CCC(=O)NC3=O)c2)C1,-7.145042192
N#CN1CCC[C@@H](c2n[nH]c3c2[C@@H]2CCC[C@@H](C3)N2C(=O)c2cccc(N3CCC(=O)NC3=O)c2)C1,-7.36349315
N#CN1CCC[C@H](c2n[nH]c3c2[C@H]2CCC[C@@H](C3)N2C(=O)c2cccc(N3CCC(=O)NC3=O)c2)C1,-7.318283638
N#CN1CCC[C@@H](c2n[nH]c3c2[C@H]2CCC[C@@H](C3)N2C(=O)c2cccc(N3CCC(=O)NC3=O)c2)C1,-7.189499312
N#CN1CC[C@H](c2[nH]ccc(=O)c2C(=O)Nc2ccc([C@@H]3CCC(=O)NC3=O)cc2)C1,-7.892760132
N#CN1CC[C@@H](c2[nH]ccc(=O)c2C(=O)Nc2ccc([C@@H]3CCC(=O)NC3=O)cc2)C1,-7.917840571
N#CN1CC[C@H](c2[nH]ccc(=O)c2C(=O)Nc2ccc([C@H]3CCC(=O)NC3=O)cc2)C1,-7.906929573
N#CN1CC[C@@H](c2[nH]ccc(=O)c2C(=O)Nc2ccc([C@H]3CCC(=O)NC3=O)cc2)C1,-7.945301134
O=C1CC[C@H](NC(=O)c2ccc3oc(=O)[nH]c3c2)C(=O)N1,-8.165592685
O=C1CC[C@@H](NC(=O)c2ccc3oc(=O)[nH]c3c2)C(=O)N1,-8.165640446
N#CN1CCC[C@H](c2ccccc2-c2nc(C(=O)N[C@@H]3CCC(=O)NC3=O)co2)C1,-7.795961514
N#CN1CCC[C@@H](c2ccccc2-c2nc(C(=O)N[C@@H]3CCC(=O)NC3=O)co2)C1,-8.060467231
N#CN1CCC[C@H](c2ccccc2-c2nc(C(=O)N[C@H]3CCC(=O)NC3=O)co2)C1,-8.060169192
N#CN1CCC[C@@H](c2ccccc2-c2nc(C(=O)N[C@H]3CCC(=O)NC3=O)co2)C1,-8.041824876
O=C1CC[C@H](NC(=O)c2cnn3ccc(=O)[nH]c23)C(=O)N1,-8.107775019
O=C1CC[C@@H](NC(=O)c2cnn3ccc(=O)[nH]c23)C(=O)N1,-8.10759371
O=C1CC[C@H](NC(=O)c2cncc3c(=O)[nH]ccc23)C(=O)N1,-8.140360654
O=C1CC[C@@H](NC(=O)c2cncc3c(=O)[nH]ccc23)C(=O)N1,-8.140489114
N#CN1CC[C@H](c2ncc(-c3cn([C@@H]4CCC(=O)NC4=O)nn3)c3ccccc23)C1,-8.178351888
N#CN1CC[C@@H](c2ncc(-c3cn([C@@H]4CCC(=O)NC4=O)nn3)c3ccccc23)C1,-8.281747173
N#CN1CC[C@H](c2ncc(-c3cn([C@H]4CCC(=O)NC4=O)nn3)c3ccccc23)C1,-8.299245247
N#CN1CC[C@@H](c2ncc(-c3cn([C@H]4CCC(=O)NC4=O)nn3)c3ccccc23)C1,-8.296024122
N#CN1CCC[C@H](c2csc(-c3n[nH]cc3C(=O)N[C@@H]3CCC(=O)NC3=O)c2)C1,-8.082229868
N#CN1CCC[C@@H](c2csc(-c3n[nH]cc3C(=O)N[C@@H]3CCC(=O)NC3=O)c2)C1,-7.979560797
N#CN1CCC[C@H](c2csc(-c3n[nH]cc3C(=O)N[C@H]3CCC(=O)NC3=O)c2)C1,-8.020287084
N#CN1CCC[C@@H](c2csc(-c3n[nH]cc3C(=O)N[C@H]3CCC(=O)NC3=O)c2)C1,-8.048841305
Cc1nc2[nH]cc(C(=O)N[C@@H]3CCC(=O)NC3=O)c(=O)n2n1,-8.114561685
Cc1nc2[nH]cc(C(=O)N[C@H]3CCC(=O)NC3=O)c(=O)n2n1,-8.155408484
N#CN1CCC[C@H](c2ccc3ncc(C(=O)N[C@@H]4CCC(=O)NC4=O)cc3c2)C1,-8.152423741
N#CN1CCC[C@@H](c2ccc3ncc(C(=O)N[C@@H]4CCC(=O)NC4=O)cc3c2)C1,-8.088917591
N#CN1CCC[C@H](c2ccc3ncc(C(=O)N[C@H]4CCC(=O)NC4=O)cc3c2)C1,-7.901743235
N#CN1CCC[C@@H](c2ccc3ncc(C(=O)N[C@H]4CCC(=O)NC4=O)cc3c2)C1,-7.93669149
O=C(/C=C/c1cc[nH]c1)Nc1cccc2c1CNC2=O,-7.365151487
O=C(/C=C\c1cc[nH]c1)Nc1cccc2c1CNC2=O,-7.379073749
Cc1cccc([C@H](C)C(=O)Nc2ccc(C3CC(=O)NC(=O)C3)cc2)c1,-7.608296378
Cc1cccc([C@@H](C)C(=O)Nc2ccc(C3CC(=O)NC(=O)C3)cc2)c1,-7.618782413
Cc1cccc(Cl)c1CC(=O)Nc1ccc(C2CC(=O)NC(=O)C2)cc1,-7.583866822
Cc1cc(C#N)cc(C)c1CC(=O)Nc1ccc(C2CC(=O)NC(=O)C2)cc1,-7.672058291
NS(=O)(=O)[C@@H]1CCOc2ccc(C(=O)N[C@@H]3CCC(=O)NC3=O)cc21,-8.046931678
NS(=O)(=O)[C@H]1CCOc2ccc(C(=O)N[C@@H]3CCC(=O)NC3=O)cc21,-8.06582168
NS(=O)(=O)[C@@H]1CCOc2ccc(C(=O)N[C@H]3CCC(=O)NC3=O)cc21,-8.067792632
NS(=O)(=O)[C@H]1CCOc2ccc(C(=O)N[C@H]3CCC(=O)NC3=O)cc21,-7.99976529
O=C1CC[C@H](NC(=O)c2cc3c(c(S(=O)(=O)F)c2)OCCC3)C(=O)N1,-8.098283881
O=C1CC[C@@H](NC(=O)c2cc3c(c(S(=O)(=O)F)c2)OCCC3)C(=O)N1,-8.145821127
N#CN1CCC(c2cc[nH]c2-c2cccc3c2CN([C@@H]2CCC(=O)NC2=O)C3=O)CC1,-7.628146228
N#CN1CCC(c2cc[nH]c2-c2cccc3c2CN([C@H]2CCC(=O)NC2=O)C3=O)CC1,-7.664270904
O=C1CC[C@H](NC(=O)c2cccc([C@]3(C(F)(F)F)CCO3)c2)C(=O)N1,-8.052953422
O=C1CC[C@@H](NC(=O)c2cccc([C@]3(C(F)(F)F)CCO3)c2)C(=O)N1,-8.045406712
O=C1CC[C@H](NC(=O)c2cccc([C@@]3(C(F)(F)F)CCO3)c2)C(=O)N1,-8.046249001
O=C1CC[C@@H](NC(=O)c2cccc([C@@]3(C(F)(F)F)CCO3)c2)C(=O)N1,-8.052209887
N#CN1CC[C@H](c2cccc(-c3ccsc3C(=O)N[C@@H]3CCC(=O)NC3=O)c2)C1,-8.004626832
N#CN1CC[C@@H](c2cccc(-c3ccsc3C(=O)N[C@@H]3CCC(=O)NC3=O)c2)C1,-7.949894445
N#CN1CC[C@H](c2cccc(-c3ccsc3C(=O)N[C@H]3CCC(=O)NC3=O)c2)C1,-7.96342115
N#CN1CC[C@@H](c2cccc(-c3ccsc3C(=O)N[C@H]3CCC(=O)NC3=O)c2)C1,-8.04827247
O=C1CC[C@H](c2ccc(NC(=O)Cc3cc4cc(Cl)ccc4[nH]3)cc2)C(=O)N1,-7.724381067
O=C1CC[C@@H](c2ccc(NC(=O)Cc3cc4cc(Cl)ccc4[nH]3)cc2)C(=O)N1,-7.730659108
C[C@H](Oc1cccc2c1CNC2=O)c1cccc(F)c1,-7.055379083
C[C@@H](Oc1cccc2c1CNC2=O)c1cccc(F)c1,-7.055728062
O=C1CC[C@H](N2Cc3cc(CNC(=O)c4cc(=O)c5ccccc5o4)ccc3C2=O)C(=O)N1,-8.252768654
O=C1CC[C@@H](N2Cc3cc(CNC(=O)c4cc(=O)c5ccccc5o4)ccc3C2=O)C(=O)N1,-8.349088257
O=C1CC[C@H](NC(=O)c2n[nH]c3ccccc3c2=O)C(=O)N1,-8.500151625
O=C1CC[C@@H](NC(=O)c2n[nH]c3ccccc3c2=O)C(=O)N1,-8.408450324
O=C1CC[C@H](NC(=O)c2cn(CC(F)(F)F)nc2C2CC2)C(=O)N1,-7.95807345
O=C1CC[C@@H](NC(=O)c2cn(CC(F)(F)F)nc2C2CC2)C(=O)N1,-7.951863134
N#CN1CCC[C@H](c2ccc(-c3n[nH]cc3C(=O)N[C@@H]3CCC(=O)NC3=O)cc2)C1,-7.973207268
N#CN1CCC[C@@H](c2ccc(-c3n[nH]cc3C(=O)N[C@@H]3CCC(=O)NC3=O)cc2)C1,-7.91820317
N#CN1CCC[C@H](c2ccc(-c3n[nH]cc3C(=O)N[C@H]3CCC(=O)NC3=O)cc2)C1,-8.00073529
N#CN1CCC[C@@H](c2ccc(-c3n[nH]cc3C(=O)N[C@H]3CCC(=O)NC3=O)cc2)C1,-7.921792981
N#CN1CC[C@H](c2cc(C3OCCO3)ncc2-c2ccc3c(c2)C(=O)N([C@@H]2CCC(=O)NC2=O)C3)C1,-7.954035855
N#CN1CC[C@@H](c2cc(C3OCCO3)ncc2-c2ccc3c(c2)C(=O)N([C@@H]2CCC(=O)NC2=O)C3)C1,-7.849449306
N#CN1CC[C@H](c2cc(C3OCCO3)ncc2-c2ccc3c(c2)C(=O)N([C@H]2CCC(=O)NC2=O)C3)C1,-7.911607654
N#CN1CC[C@@H](c2cc(C3OCCO3)ncc2-c2ccc3c(c2)C(=O)N([C@H]2CCC(=O)NC2=O)C3)C1,-7.99574034
N#CN1CC[C@H](c2cccc(Cc3cn([C@@H]4CCC(=O)NC4=O)nn3)c2)C1,-8.290258187
N#CN1CC[C@@H](c2cccc(Cc3cn([C@@H]4CCC(=O)NC4=O)nn3)c2)C1,-8.321271461
N#CN1CC[C@H](c2cccc(Cc3cn([C@H]4CCC(=O)NC4=O)nn3)c2)C1,-7.815765472
N#CN1CC[C@@H](c2cccc(Cc3cn([C@H]4CCC(=O)NC4=O)nn3)c2)C1,-7.918865733
CC1(C)C[C@H](Nc2ccc(C3CC(=O)NC(=O)C3)cc2)CO1,-7.516984509
CC1(C)C[C@@H](Nc2ccc(C3CC(=O)NC(=O)C3)cc2)CO1,-7.507351442
N#CN1CC[C@H](c2cnc3n2CCC[C@@H]3C(=O)Nc2cccc([C@@H]3CCC(=O)NC3=O)c2)C1,-7.749412143
N#CN1CC[C@@H](c2cnc3n2CCC[C@@H]3C(=O)Nc2cccc([C@@H]3CCC(=O)NC3=O)c2)C1,-7.564168421
N#CN1CC[C@H](c2cnc3n2CCC[C@H]3C(=O)Nc2cccc([C@@H]3CCC(=O)NC3=O)c2)C1,-7.537520209
N#CN1CC[C@@H](c2cnc3n2CCC[C@H]3C(=O)Nc2cccc([C@@H]3CCC(=O)NC3=O)c2)C1,-7.551820841
N#CN1CC[C@H](c2cnc3n2CCC[C@@H]3C(=O)Nc2cccc([C@H]3CCC(=O)NC3=O)c2)C1,-7.555828678
N#CN1CC[C@@H](c2cnc3n2CCC[C@@H]3C(=O)Nc2cccc([C@H]3CCC(=O)NC3=O)c2)C1,-7.533154531
N#CN1CC[C@H](c2cnc3n2CCC[C@H]3C(=O)Nc2cccc([C@H]3CCC(=O)NC3=O)c2)C1,-7.554276972
N#CN1CC[C@@H](c2cnc3n2CCC[C@H]3C(=O)Nc2cccc([C@H]3CCC(=O)NC3=O)c2)C1,-7.570185237
C[C@@H]1CCCN(S(=O)(=O)Nc2ccc(C3CC(=O)NC(=O)C3)cc2)C1,-7.755465684
C[C@H]1CCCN(S(=O)(=O)Nc2ccc(C3CC(=O)NC(=O)C3)cc2)C1,-7.736594313
N#CN1CCC[C@H](c2ccc(-n3cncc3C(=O)N[C@@H]3CCC(=O)NC3=O)nc2)C1,-8.223703773
N#CN1CCC[C@@H](c2ccc(-n3cncc3C(=O)N[C@@H]3CCC(=O)NC3=O)nc2)C1,-8.135920499
N#CN1CCC[C@H](c2ccc(-n3cncc3C(=O)N[C@H]3CCC(=O)NC3=O)nc2)C1,-8.227380203
N#CN1CCC[C@@H](c2ccc(-n3cncc3C(=O)N[C@H]3CCC(=O)NC3=O)nc2)C1,-8.135096089
CCc1nn2cccnc2c1C(=O)Nc1cccc([C@@H]2CCC(=O)NC2=O)c1,-8.20360578
CCc1nn2cccnc2c1C(=O)Nc1cccc([C@H]2CCC(=O)NC2=O)c1,-8.212822124
Cc1cc(CNc2cccc(C3CC(=O)NC(=O)C3)c2)ccc1F,-7.561959645
Cc1cc(NC(=O)[C@H](C)n2cc3c(n2)CCCC3)cc(N2CCC(=O)NC2=O)c1,-7.178902899
Cc1cc(NC(=O)[C@@H](C)n2cc3c(n2)CCCC3)cc(N2CCC(=O)NC2=O)c1,-7.171954746
N#CN1CCC(c2cncnc2-c2ccc3c(c2)CN([C@@H]2CCC(=O)NC2=O)C3=O)CC1,-8.077567937
N#CN1CCC(c2cncnc2-c2ccc3c(c2)CN([C@H]2CCC(=O)NC2=O)C3=O)CC1,-7.945056758
CN1CCc2cc3c(cc2CC1)C(=O)N([C@@H]1CCC(=O)NC1=O)C3=O,-7.805187238
CN1CCc2cc3c(cc2CC1)C(=O)N([C@H]1CCC(=O)NC1=O)C3=O,-7.807366728
Nc1ccc(CNC(=O)c2ccc3c(c2)C(=O)N([C@@H]2CCC(=O)NC2=O)C3)cc1,-7.684628215
Nc1ccc(CNC(=O)c2ccc3c(c2)C(=O)N([C@H]2CCC(=O)NC2=O)C3)cc1,-7.718451736
O=C1CC[C@H](N2Cc3ccc(C(=O)NCc4ccccc4O)cc3C2=O)C(=O)N1,-7.924752411
O=C1CC[C@@H](N2Cc3ccc(C(=O)NCc4ccccc4O)cc3C2=O)C(=O)N1,-7.926100565
N#CN1CCC[C@H](c2cccc(-c3cncc(C(=O)N[C@@H]4CCC(=O)NC4=O)c3)c2)C1,-7.79886718
N#CN1CCC[C@@H](c2cccc(-c3cncc(C(=O)N[C@@H]4CCC(=O)NC4=O)c3)c2)C1,-8.148308915
N#CN1CCC[C@H](c2cccc(-c3cncc(C(=O)N[C@H]4CCC(=O)NC4=O)c3)c2)C1,-8.112317454
N#CN1CCC[C@@H](c2cccc(-c3cncc(C(=O)N[C@H]4CCC(=O)NC4=O)c3)c2)C1,-7.826990862
O=C1NC(=O)c2cc(S(=O)(=O)N(CCO)c3ccccc3)ccc21,-9.274673569
O=C1CC[C@H](NC(=O)c2cc(-c3ccc(-c4nn[nH]n4)cc3F)on2)C(=O)N1,-8.502538346
O=C1CC[C@@H](NC(=O)c2cc(-c3ccc(-c4nn[nH]n4)cc3F)on2)C(=O)N1,-8.501486367
O=C1CC[C@H](NC(=O)c2ccc3ccccc3n2)C(=O)N1,-8.090243489
O=C1CC[C@@H](NC(=O)c2ccc3ccccc3n2)C(=O)N1,-8.090180704
O=C1CC[C@H](NC(=O)c2ccc3cc(Cl)cc(Br)c3n2)C(=O)N1,-8.85440297
O=C1CC[C@@H](NC(=O)c2ccc3cc(Cl)cc(Br)c3n2)C(=O)N1,-8.85440296
COc1cccc2c(O)cc(C(=O)N[C@@H]3CCC(=O)NC3=O)nc12,-7.836682093
COc1cccc2c(O)cc(C(=O)N[C@H]3CCC(=O)NC3=O)nc12,-7.963211191
O=C1CC[C@H](NC(=O)c2cc(S(=O)(=O)F)c3ccccc3n2)C(=O)N1,-9.088740379
O=C1CC[C@@H](NC(=O)c2cc(S(=O)(=O)F)c3ccccc3n2)C(=O)N1,-8.983093912
O=C1CC[C@H](NC(=O)c2ccc3c(S(=O)(=O)F)cccc3n2)C(=O)N1,-9.194654867
O=C1CC[C@@H](NC(=O)c2ccc3c(S(=O)(=O)F)cccc3n2)C(=O)N1,-8.96396599
O=C1CC[C@H](NC(=O)c2ccc3ccc(S(=O)(=O)F)cc3n2)C(=O)N1,-9.081891459
O=C1CC[C@@H](NC(=O)c2ccc3ccc(S(=O)(=O)F)cc3n2)C(=O)N1,-8.939269347
O=C1CC[C@H](NC(=O)c2ccc3cccc(S(=O)(=O)F)c3n2)C(=O)N1,-9.171138205
O=C1CC[C@@H](NC(=O)c2ccc3cccc(S(=O)(=O)F)c3n2)C(=O)N1,-9.023003751
O=C1CC[C@H](NC(=O)c2cc(OCC(F)(F)F)c3ccccc3n2)C(=O)N1,-8.302845351
O=C1CC[C@@H](NC(=O)c2cc(OCC(F)(F)F)c3ccccc3n2)C(=O)N1,-8.302752626
O=C1CC[C@H](NC(=O)c2ccc3ccc(OS(=O)(=O)F)cc3n2)C(=O)N1,-8.70916925
O=C1CC[C@@H](NC(=O)c2ccc3ccc(OS(=O)(=O)F)cc3n2)C(=O)N1,-8.674738222
COc1ccc2nc(C(=O)N[C@@H]3CCC(=O)NC3=O)ccc2c1Br,-8.4948
COc1ccc2nc(C(=O)N[C@H]3CCC(=O)NC3=O)ccc2c1Br,-8.4947
N#CN1CC[C@H](c2cc(-c3cccc4c3CN([C@@H]3CCC(=O)NC3=O)C4=O)ccc2C2CC2)C1,-7.966081461
N#CN1CC[C@@H](c2cc(-c3cccc4c3CN([C@@H]3CCC(=O)NC3=O)C4=O)ccc2C2CC2)C1,-7.878329118
N#CN1CC[C@H](c2cc(-c3cccc4c3CN([C@H]3CCC(=O)NC3=O)C4=O)ccc2C2CC2)C1,-7.945814131
N#CN1CC[C@@H](c2cc(-c3cccc4c3CN([C@H]3CCC(=O)NC3=O)C4=O)ccc2C2CC2)C1,-7.702354186
O=C1CC[C@H](NC(=O)c2cc(F)c3cn[nH]c3c2)C(=O)N1,-8.105062282
O=C1CC[C@@H](NC(=O)c2cc(F)c3cn[nH]c3c2)C(=O)N1,-7.985224424
N#Cc1n[nH]c2cc(C(=O)N[C@@H]3CCC(=O)NC3=O)ccc12,-8.277262535
N#Cc1n[nH]c2cc(C(=O)N[C@H]3CCC(=O)NC3=O)ccc12,-8.277311606
O=C1CC[C@H](NC(=O)c2cc(S(=O)(=O)F)c3cn[nH]c3c2)C(=O)N1,-8.561289086
O=C1CC[C@@H](NC(=O)c2cc(S(=O)(=O)F)c3cn[nH]c3c2)C(=O)N1,-8.312078078
O=C1CC[C@H](NC(=O)c2ccc3c(S(=O)(=O)F)n[nH]c3c2)C(=O)N1,-8.899625319
O=C1CC[C@@H](NC(=O)c2ccc3c(S(=O)(=O)F)n[nH]c3c2)C(=O)N1,-8.472596091
Cn1nc(Br)c2ccc(C(=O)N[C@@H]3CCC(=O)NC3=O)cc21,-8.228745724
Cn1nc(Br)c2ccc(C(=O)N[C@H]3CCC(=O)NC3=O)cc21,-8.228313128
O=C1NCc2c1ccnc2C(=O)N[C@H](c1nc2ccccc2[nH]1)C1CCCCC1,-7.602875428
O=C1NCc2c1ccnc2C(=O)N[C@@H](c1nc2ccccc2[nH]1)C1CCCCC1,-7.579362284
CC(C)Nc1nc(NCCO)nc(Nc2cccc([C@@H]3CCC(=O)NC3=O)c2)n1,-7.646122418
CC(C)Nc1nc(NCCO)nc(Nc2cccc([C@H]3CCC(=O)NC3=O)c2)n1,-7.627736419
Cc1sc2cncn2c1C(=O)N[C@@H]1CCC(=O)NC1=O,-8.087728174
Cc1sc2cncn2c1C(=O)N[C@H]1CCC(=O)NC1=O,-8.086653092
O=C1CC[C@H](NC(=O)c2csc3c(S(=O)(=O)F)ncn23)C(=O)N1,-8.561848448
O=C1CC[C@@H](NC(=O)c2csc3c(S(=O)(=O)F)ncn23)C(=O)N1,-8.533068822
O=C1CC[C@H](c2ccc(NC(=O)[C@@H]3CCc4snnc43)cc2)C(=O)N1,-8.323376211
O=C1CC[C@@H](c2ccc(NC(=O)[C@@H]3CCc4snnc43)cc2)C(=O)N1,-8.304258648
O=C1CC[C@H](c2ccc(NC(=O)[C@H]3CCc4snnc43)cc2)C(=O)N1,-8.304590194
O=C1CC[C@@H](c2ccc(NC(=O)[C@H]3CCc4snnc43)cc2)C(=O)N1,-8.310462734
CN(c1ccccc1)c1nccc(NCC(=O)Nc2cccc3c2CN([C@@H]2CCC(=O)NC2=O)C3=O)n1,-8.084131914
CN(c1ccccc1)c1nccc(NCC(=O)Nc2cccc3c2CN([C@H]2CCC(=O)NC2=O)C3=O)n1,-7.851995748
N#CN1CCC[C@H](c2cccc(-c3ccc(C(=O)N[C@@H]4CCC(=O)NC4=O)s3)c2)C1,-7.887114556
N#CN1CCC[C@@H](c2cccc(-c3ccc(C(=O)N[C@@H]4CCC(=O)NC4=O)s3)c2)C1,-7.97897325
N#CN1CCC[C@H](c2cccc(-c3ccc(C(=O)N[C@H]4CCC(=O)NC4=O)s3)c2)C1,-7.946896809
N#CN1CCC[C@@H](c2cccc(-c3ccc(C(=O)N[C@H]4CCC(=O)NC4=O)s3)c2)C1,-8.054743657
CC[C@H](c1nccs1)N1CCC(=O)NC1=O,-7.490798166
CC[C@@H](c1nccs1)N1CCC(=O)NC1=O,-7.490686149
O=C1CC[C@H](Sc2ccc(S(=O)(=O)N3CCOCC3)cn2)C(=O)N1,-8.158361793
O=C1CC[C@@H](Sc2ccc(S(=O)(=O)N3CCOCC3)cn2)C(=O)N1,-8.077458082
N#Cc1cccc(CC(=O)NCc2cc(C(=O)N[C@@H]3CCC(=O)NC3=O)co2)c1,-8.851051813
N#Cc1cccc(CC(=O)NCc2cc(C(=O)N[C@H]3CCC(=O)NC3=O)co2)c1,-8.853396877
N#CN1CCC[C@H](c2ccc3c(S(=O)(=O)N[C@@H]4CCC(=O)NC4=O)csc3c2)C1,-8.071595302
N#CN1CCC[C@@H](c2ccc3c(S(=O)(=O)N[C@@H]4CCC(=O)NC4=O)csc3c2)C1,-8.268340234
N#CN1CCC[C@H](c2ccc3c(S(=O)(=O)N[C@H]4CCC(=O)NC4=O)csc3c2)C1,-8.130569324
N#CN1CCC[C@@H](c2ccc3c(S(=O)(=O)N[C@H]4CCC(=O)NC4=O)csc3c2)C1,-8.2226075
O=C1CC[C@H](N2Cc3c(C#CC4CCNCC4)cccc3C2=O)C(=O)N1,-7.843783745
O=C1CC[C@@H](N2Cc3c(C#CC4CCNCC4)cccc3C2=O)C(=O)N1,-7.88855836
NC(=O)N1CCC(C#Cc2cccc3c2CN([C@@H]2CCC(=O)NC2=O)C3=O)CC1,-7.691417015
NC(=O)N1CCC(C#Cc2cccc3c2CN([C@H]2CCC(=O)NC2=O)C3=O)CC1,-7.900794791
O=C1CC[C@H](c2ccc(NC(=O)c3ncc4c(F)cccn34)cc2)C(=O)N1,-7.835020516
O=C1CC[C@@H](c2ccc(NC(=O)c3ncc4c(F)cccn34)cc2)C(=O)N1,-7.833605581
CN1C(=O)c2ccccc2[C@@H]1CC(=O)N1CC(c2ncnc3ccccc23)C1,-8.452775811
CN1C(=O)c2ccccc2[C@H]1CC(=O)N1CC(c2ncnc3ccccc23)C1,-8.474207161
Cc1nn(C)c2[nH]c(C(=O)N[C@@H]3CCC(=O)NC3=O)cc(=O)c12,-7.944813921
Cc1nn(C)c2[nH]c(C(=O)N[C@H]3CCC(=O)NC3=O)cc(=O)c12,-7.944163305
Cc1ccc(OC2CCCC2)c(-c2ccc(N3CCC(=O)NC3=O)cc2)c1,-7.219552089
NC1CCN(C(=O)c2cnc(-c3ccc4c(c3)C(=O)NC4)cn2)CC1,-8.259783057
O=C1CC[C@H](N2Cc3c(ccc(S(=O)(=O)F)c3N3CCCCC3)C2=O)C(=O)N1,-8.197381025
O=C1CC[C@@H](N2Cc3c(ccc(S(=O)(=O)F)c3N3CCCCC3)C2=O)C(=O)N1,-8.130808275
O=C1CC[C@H](N2Cc3c(cc(S(=O)(=O)F)cc3N3CCCCC3)C2=O)C(=O)N1,-8.191392501
O=C1CC[C@@H](N2Cc3c(cc(S(=O)(=O)F)cc3N3CCCCC3)C2=O)C(=O)N1,-8.125700218
O=C1CC[C@H](N2Cc3c(cccc3N3CCCCC3)C2=O)C(=O)N1,-7.474237519
O=C1CC[C@@H](N2Cc3c(cccc3N3CCCCC3)C2=O)C(=O)N1,-7.45404561
O=C1CC[C@H](NC(=O)c2cccc(CNC(=O)[C@]34C[C@@H]3C4)c2)C(=O)N1,-7.926033247
O=C1CC[C@@H](NC(=O)c2cccc(CNC(=O)[C@]34C[C@@H]3C4)c2)C(=O)N1,-7.947999213
O=C1CC[C@H](NC(=O)c2cccc(CNC(=O)[C@]34C[C@H]3C4)c2)C(=O)N1,-7.918682047
O=C1CC[C@@H](NC(=O)c2cccc(CNC(=O)[C@]34C[C@H]3C4)c2)C(=O)N1,-7.899832745
NC(=O)CC1(CNC(=O)c2ccc3c(c2)CN([C@@H]2CCC(=O)NC2=O)C3=O)CC1,-8.475460763
NC(=O)CC1(CNC(=O)c2ccc3c(c2)CN([C@H]2CCC(=O)NC2=O)C3=O)CC1,-8.478043447
O=C1CC[C@H](N2Cc3cc(C(=O)NCC4CC4)ccc3C2=O)C(=O)N1,-7.924532887
O=C1CC[C@@H](N2Cc3cc(C(=O)NCC4CC4)ccc3C2=O)C(=O)N1,-7.911822963
CC[C@@H]1C[C@@H]1CNC(=O)c1ccc2c(c1)CN([C@@H]1CCC(=O)NC1=O)C2=O,-7.696803799
CC[C@H]1C[C@@H]1CNC(=O)c1ccc2c(c1)CN([C@@H]1CCC(=O)NC1=O)C2=O,-7.693149679
CC[C@@H]1C[C@H]1CNC(=O)c1ccc2c(c1)CN([C@@H]1CCC(=O)NC1=O)C2=O,-7.708367901
CC[C@H]1C[C@H]1CNC(=O)c1ccc2c(c1)CN([C@@H]1CCC(=O)NC1=O)C2=O,-7.736181233
CC[C@@H]1C[C@@H]1CNC(=O)c1ccc2c(c1)CN([C@H]1CCC(=O)NC1=O)C2=O,-7.738089202
CC[C@H]1C[C@@H]1CNC(=O)c1ccc2c(c1)CN([C@H]1CCC(=O)NC1=O)C2=O,-7.757461587
CC[C@@H]1C[C@H]1CNC(=O)c1ccc2c(c1)CN([C@H]1CCC(=O)NC1=O)C2=O,-7.703527243
CC[C@H]1C[C@H]1CNC(=O)c1ccc2c(c1)CN([C@H]1CCC(=O)NC1=O)C2=O,-7.680172613
N#CN1CCC[C@H](c2ccccc2-c2coc(C(=O)N[C@@H]3CCC(=O)NC3=O)c2)C1,-7.943342778
N#CN1CCC[C@@H](c2ccccc2-c2coc(C(=O)N[C@@H]3CCC(=O)NC3=O)c2)C1,-7.968674055
N#CN1CCC[C@H](c2ccccc2-c2coc(C(=O)N[C@H]3CCC(=O)NC3=O)c2)C1,-7.558283679
N#CN1CCC[C@@H](c2ccccc2-c2coc(C(=O)N[C@H]3CCC(=O)NC3=O)c2)C1,-7.960115867
N#CN1CCC[C@H](c2cc(-c3ccc(C(=O)N[C@@H]4CCC(=O)NC4=O)cn3)ccn2)C1,-8.152997588
N#CN1CCC[C@@H](c2cc(-c3ccc(C(=O)N[C@@H]4CCC(=O)NC4=O)cn3)ccn2)C1,-8.175466169
N#CN1CCC[C@H](c2cc(-c3ccc(C(=O)N[C@H]4CCC(=O)NC4=O)cn3)ccn2)C1,-8.201024813
N#CN1CCC[C@@H](c2cc(-c3ccc(C(=O)N[C@H]4CCC(=O)NC4=O)cn3)ccn2)C1,-8.11872725
N#CN1CCC[C@H](c2cncc3cc(-c4cccc(N5CCC(=O)NC5=O)c4)oc23)C1,-7.857524044
N#CN1CCC[C@@H](c2cncc3cc(-c4cccc(N5CCC(=O)NC5=O)c4)oc23)C1,-8.012341884
N#CN1CCC(c2cc(Cc3cn([C@@H]4CCC(=O)NC4=O)nn3)cs2)CC1,-8.220049231
N#CN1CCC(c2cc(Cc3cn([C@H]4CCC(=O)NC4=O)nn3)cs2)CC1,-8.291450422
O=C1CC[C@H](N2Cc3cc(-c4cc(CN5CCCC5)c5[nH]nc(C6CCC6)c5n4)ccc3C2=O)C(=O)N1,-7.856293831
O=C1CC[C@@H](N2Cc3cc(-c4cc(CN5CCCC5)c5[nH]nc(C6CCC6)c5n4)ccc3C2=O)C(=O)N1,-7.816378956
N#CN1CCC[C@H](c2cnc3ccc(C(=O)N[C@@H]4CCC(=O)NC4=O)cc3c2)C1,-8.254321526
N#CN1CCC[C@@H](c2cnc3ccc(C(=O)N[C@@H]4CCC(=O)NC4=O)cc3c2)C1,-8.227972044
N#CN1CCC[C@H](c2cnc3ccc(C(=O)N[C@H]4CCC(=O)NC4=O)cc3c2)C1,-7.656223519
O=C1CC[C@H](NC(=O)c2cn[nH]c2CNC(=O)[C@H](O)Cn2cncn2)C(=O)N1,-8.026131021
O=C1CC[C@@H](NC(=O)c2cn[nH]c2CNC(=O)[C@H](O)Cn2cncn2)C(=O)N1,-8.014971324
O=C1CC[C@H](NC(=O)c2cn[nH]c2CNC(=O)[C@@H](O)Cn2cncn2)C(=O)N1,-8.008928496
O=C1CC[C@@H](NC(=O)c2cn[nH]c2CNC(=O)[C@@H](O)Cn2cncn2)C(=O)N1,-8.037389051
O=C1CC[C@H](N2Cc3ccc(C(=O)N4CCNCC45CCC5)cc3C2=O)C(=O)N1,-7.946022062
O=C1CC[C@@H](N2Cc3ccc(C(=O)N4CCNCC45CCC5)cc3C2=O)C(=O)N1,-7.612479132
N#CN1CC[C@H](c2ccc3c(c2)O[C@H](C(=O)Nc2ccc([C@@H]4CCC(=O)NC4=O)cc2)CO3)C1,-7.606565039
N#CN1CC[C@@H](c2ccc3c(c2)O[C@H](C(=O)Nc2ccc([C@@H]4CCC(=O)NC4=O)cc2)CO3)C1,-7.697225942
N#CN1CC[C@H](c2ccc3c(c2)O[C@@H](C(=O)Nc2ccc([C@@H]4CCC(=O)NC4=O)cc2)CO3)C1,-7.70978119
N#CN1CC[C@@H](c2ccc3c(c2)O[C@@H](C(=O)Nc2ccc([C@@H]4CCC(=O)NC4=O)cc2)CO3)C1,-7.695289257
N#CN1CC[C@H](c2ccc3c(c2)O[C@H](C(=O)Nc2ccc([C@H]4CCC(=O)NC4=O)cc2)CO3)C1,-7.69123557
N#CN1CC[C@@H](c2ccc3c(c2)O[C@H](C(=O)Nc2ccc([C@H]4CCC(=O)NC4=O)cc2)CO3)C1,-7.628177473
N#CN1CC[C@H](c2ccc3c(c2)O[C@@H](C(=O)Nc2ccc([C@H]4CCC(=O)NC4=O)cc2)CO3)C1,-7.684916785
N#CN1CC[C@@H](c2ccc3c(c2)O[C@@H](C(=O)Nc2ccc([C@H]4CCC(=O)NC4=O)cc2)CO3)C1,-7.736213041
O=C1CC[C@H](n2cc([C@H](O)c3ccsc3)nn2)C(=O)N1,-8.2795524
O=C1CC[C@@H](n2cc([C@H](O)c3ccsc3)nn2)C(=O)N1,-8.277474739
O=C1CC[C@H](n2cc([C@@H](O)c3ccsc3)nn2)C(=O)N1,-8.292149829
O=C1CC[C@@H](n2cc([C@@H](O)c3ccsc3)nn2)C(=O)N1,-8.287108333
N#CN1CCC[C@H](c2ccc3c(c2)CCCN3c2ccc(C(=O)N[C@@H]3CCC(=O)NC3=O)cc2)C1,-7.997480628
N#CN1CCC[C@@H](c2ccc3c(c2)CCCN3c2ccc(C(=O)N[C@@H]3CCC(=O)NC3=O)cc2)C1,-7.998259672
N#CN1CCC[C@H](c2ccc3c(c2)CCCN3c2ccc(C(=O)N[C@H]3CCC(=O)NC3=O)cc2)C1,-8.010543908
N#CN1CCC[C@@H](c2ccc3c(c2)CCCN3c2ccc(C(=O)N[C@H]3CCC(=O)NC3=O)cc2)C1,-7.99938283
N#CN1CC[C@H](c2ccc3cnc(C(=O)N[C@@H]4CCC(=O)NC4=O)nc3c2)C1,-8.70037808
N#CN1CC[C@@H](c2ccc3cnc(C(=O)N[C@@H]4CCC(=O)NC4=O)nc3c2)C1,-8.715201495
N#CN1CC[C@H](c2ccc3cnc(C(=O)N[C@H]4CCC(=O)NC4=O)nc3c2)C1,-8.729156186
N#CN1CC[C@@H](c2ccc3cnc(C(=O)N[C@H]4CCC(=O)NC4=O)nc3c2)C1,-8.723966282
Cc1nc(C2CCOCC2)ncc1C(=O)N[C@@H]1CCC(=O)NC1=O,-8.134288302
Cc1nc(C2CCOCC2)ncc1C(=O)N[C@H]1CCC(=O)NC1=O,-8.13899807
O=C1CC[C@H](N2Cc3c(C(=O)N4Cc5ccc(S(=O)(=O)F)cc5C4)cccc3C2=O)C(=O)N1,-7.981899862
O=C1CC[C@@H](N2Cc3c(C(=O)N4Cc5ccc(S(=O)(=O)F)cc5C4)cccc3C2=O)C(=O)N1,-7.953082242
O=C1CC[C@H](N2Cc3c(C(=O)N4Cc5cccc(S(=O)(=O)F)c5C4)cccc3C2=O)C(=O)N1,-7.981351232
O=C1CC[C@@H](N2Cc3c(C(=O)N4Cc5cccc(S(=O)(=O)F)c5C4)cccc3C2=O)C(=O)N1,-7.890194682
O=C1CC[C@H](N2Cc3c(C(=O)N4Cc5ccccc5C4)cccc3C2=O)C(=O)N1,-7.838369926
O=C1CC[C@@H](N2Cc3c(C(=O)N4Cc5ccccc5C4)cccc3C2=O)C(=O)N1,-7.838528544
N#CN1CCC[C@H](c2cccc3c2OC[C@H](Nc2ccc(N4CCC(=O)NC4=O)cc2)C3)C1,-7.164775884
N#CN1CCC[C@@H](c2cccc3c2OC[C@H](Nc2ccc(N4CCC(=O)NC4=O)cc2)C3)C1,-7.16956612
N#CN1CCC[C@H](c2cccc3c2OC[C@@H](Nc2ccc(N4CCC(=O)NC4=O)cc2)C3)C1,-7.047129394
N#CN1CCC[C@@H](c2cccc3c2OC[C@@H](Nc2ccc(N4CCC(=O)NC4=O)cc2)C3)C1,-7.171991686
N#CN1CCC[C@H](c2cccc3c2C[C@H](Nc2cccc(N4CCC(=O)NC4=O)c2)CCC3)C1,-7.026085319
N#CN1CCC[C@@H](c2cccc3c2C[C@H](Nc2cccc(N4CCC(=O)NC4=O)c2)CCC3)C1,-6.980511744
N#CN1CCC[C@H](c2cccc3c2C[C@@H](Nc2cccc(N4CCC(=O)NC4=O)c2)CCC3)C1,-7.055280893
N#CN1CCC[C@@H](c2cccc3c2C[C@@H](Nc2cccc(N4CCC(=O)NC4=O)c2)CCC3)C1,-7.058263674
O=C1CC[C@H](N2Cc3cc(C(=O)NCC4(F)CCCC4)ccc3C2=O)C(=O)N1,-7.931332406
O=C1CC[C@@H](N2Cc3cc(C(=O)NCC4(F)CCCC4)ccc3C2=O)C(=O)N1,-7.936427037
O=C1CC[C@H](N2Cc3cc(-c4cc(S(=O)(=O)F)ccn4)ccc3C2=O)C(=O)N1,-7.330412575
O=C1CC[C@@H](N2Cc3cc(-c4cc(S(=O)(=O)F)ccn4)ccc3C2=O)C(=O)N1,-7.392300293
O=C1CC[C@H](N2Cc3cc(-c4ccccn4)c(S(=O)(=O)F)cc3C2=O)C(=O)N1,-8.492730827
O=C1CC[C@@H](N2Cc3cc(-c4ccccn4)c(S(=O)(=O)F)cc3C2=O)C(=O)N1,-8.313569721
O=C1CC[C@H](N2Cc3cc(-c4cccc(S(=O)(=O)F)n4)ccc3C2=O)C(=O)N1,-8.527627241
O=C1CC[C@@H](N2Cc3cc(-c4cccc(S(=O)(=O)F)n4)ccc3C2=O)C(=O)N1,-8.391159649
O=C1CC[C@H](N2Cc3cc(-c4ncccc4S(=O)(=O)F)ccc3C2=O)C(=O)N1,-8.297334494
O=C1CC[C@@H](N2Cc3cc(-c4ncccc4S(=O)(=O)F)ccc3C2=O)C(=O)N1,-8.287522406
O=C1CC[C@H](N2Cc3cc(-c4ccc(OS(=O)(=O)F)cn4)ccc3C2=O)C(=O)N1,-8.149103764
O=C1CC[C@@H](N2Cc3cc(-c4ccc(OS(=O)(=O)F)cn4)ccc3C2=O)C(=O)N1,-8.186402987
O=C1CC[C@H](N2Cc3cc(-c4cc(OS(=O)(=O)F)ccn4)ccc3C2=O)C(=O)N1,-8.188541271
O=C1CC[C@@H](N2Cc3cc(-c4cc(OS(=O)(=O)F)ccn4)ccc3C2=O)C(=O)N1,-8.039072491
O=C1CC[C@H](N2Cc3cc(-c4ncccc4OS(=O)(=O)F)ccc3C2=O)C(=O)N1,-8.041968591
O=C1CC[C@@H](N2Cc3cc(-c4ncccc4OS(=O)(=O)F)ccc3C2=O)C(=O)N1,-8.110036849
O=C1CC[C@H](N2Cc3cc(-c4cccc(OS(=O)(=O)F)n4)ccc3C2=O)C(=O)N1,-8.07048719
O=C1CC[C@@H](N2Cc3cc(-c4cccc(OS(=O)(=O)F)n4)ccc3C2=O)C(=O)N1,-8.140526918
Cc1cccc(-c2ccc3c(c2)CN([C@@H]2CCC(=O)NC2=O)C3=O)n1,-7.923629153
Cc1cccc(-c2ccc3c(c2)CN([C@H]2CCC(=O)NC2=O)C3=O)n1,-7.813835483
Cc1ccnc(-c2ccc3c(c2)CN([C@@H]2CCC(=O)NC2=O)C3=O)c1,-7.835581009
Cc1ccnc(-c2ccc3c(c2)CN([C@H]2CCC(=O)NC2=O)C3=O)c1,-7.892415772
Cc1cccnc1-c1ccc2c(c1)CN([C@@H]1CCC(=O)NC1=O)C2=O,-7.817395943
Cc1cccnc1-c1ccc2c(c1)CN([C@H]1CCC(=O)NC1=O)C2=O,-7.821672218
O=C1CC[C@H](N2Cc3cc(-c4ncccc4O)ccc3C2=O)C(=O)N1,-7.911482135
O=C1CC[C@@H](N2Cc3cc(-c4ncccc4O)ccc3C2=O)C(=O)N1,-7.909075109
O=C1CC[C@H](N2Cc3cc(-c4cccc(F)n4)ccc3C2=O)C(=O)N1,-8.018214977
O=C1CC[C@@H](N2Cc3cc(-c4cccc(F)n4)ccc3C2=O)C(=O)N1,-7.936377246
O=C1CC[C@H](N2Cc3cc(-c4ccc(F)cn4)ccc3C2=O)C(=O)N1,-7.9262907
O=C1CC[C@@H](N2Cc3cc(-c4ccc(F)cn4)ccc3C2=O)C(=O)N1,-8.018254666
N#Cc1ccc(-c2ccc3c(c2)CN([C@@H]2CCC(=O)NC2=O)C3=O)nc1,-8.296124845
N#Cc1ccc(-c2ccc3c(c2)CN([C@H]2CCC(=O)NC2=O)C3=O)nc1,-8.295749901
N#Cc1ccnc(-c2ccc3c(c2)CN([C@@H]2CCC(=O)NC2=O)C3=O)c1,-8.229624343
N#Cc1ccnc(-c2ccc3c(c2)CN([C@H]2CCC(=O)NC2=O)C3=O)c1,-8.338898326
CCc1cccc(-c2ccc3c(c2)CN([C@@H]2CCC(=O)NC2=O)C3=O)n1,-7.826925258
CCc1cccc(-c2ccc3c(c2)CN([C@H]2CCC(=O)NC2=O)C3=O)n1,-7.836718259
Cc1cnc(-c2ccc3c(c2)CN([C@@H]2CCC(=O)NC2=O)C3=O)c(C)c1,-7.836520345
Cc1cnc(-c2ccc3c(c2)CN([C@H]2CCC(=O)NC2=O)C3=O)c(C)c1,-7.835815675
Cc1cc(-c2ccc3c(c2)CN([C@@H]2CCC(=O)NC2=O)C3=O)ncc1N,-7.903328469
Cc1cc(-c2ccc3c(c2)CN([C@H]2CCC(=O)NC2=O)C3=O)ncc1N,-7.907935613
CNc1ccc(-c2ccc3c(c2)CN([C@@H]2CCC(=O)NC2=O)C3=O)nc1,-7.908910459
CNc1ccc(-c2ccc3c(c2)CN([C@H]2CCC(=O)NC2=O)C3=O)nc1,-7.90393911
Cc1cc(N)cnc1-c1ccc2c(c1)CN([C@@H]1CCC(=O)NC1=O)C2=O,-7.948093804
Cc1cc(N)cnc1-c1ccc2c(c1)CN([C@H]1CCC(=O)NC1=O)C2=O,-7.954701501
COc1ccc(-c2ccc3c(c2)CN([C@@H]2CCC(=O)NC2=O)C3=O)nc1,-7.985609561
COc1ccc(-c2ccc3c(c2)CN([C@H]2CCC(=O)NC2=O)C3=O)nc1,-7.903262085
COc1cccc(-c2ccc3c(c2)CN([C@@H]2CCC(=O)NC2=O)C3=O)n1,-7.830581106
COc1cccc(-c2ccc3c(c2)CN([C@H]2CCC(=O)NC2=O)C3=O)n1,-7.872078364
O=C1CC[C@H](N2Cc3cc(-c4cc(CO)ccn4)ccc3C2=O)C(=O)N1,-7.819070111
O=C1CC[C@@H](N2Cc3cc(-c4cc(CO)ccn4)ccc3C2=O)C(=O)N1,-7.872017691
COc1ccnc(-c2ccc3c(c2)CN([C@@H]2CCC(=O)NC2=O)C3=O)c1,-7.861561862
COc1ccnc(-c2ccc3c(c2)CN([C@H]2CCC(=O)NC2=O)C3=O)c1,-7.893987621
Cc1ccc(F)c(-c2ccc3c(c2)CN([C@@H]2CCC(=O)NC2=O)C3=O)n1,-7.869867487
Cc1ccc(F)c(-c2ccc3c(c2)CN([C@H]2CCC(=O)NC2=O)C3=O)n1,-7.87029885
O=C1CC[C@H](N2Cc3cc(-c4cc(O)c(F)cn4)ccc3C2=O)C(=O)N1,-7.903474805
O=C1CC[C@@H](N2Cc3cc(-c4cc(O)c(F)cn4)ccc3C2=O)C(=O)N1,-7.89729688
O=C1CC[C@H](N2Cc3cc(-c4cc(Cl)ccn4)ccc3C2=O)C(=O)N1,-7.865461393
O=C1CC[C@@H](N2Cc3cc(-c4cc(Cl)ccn4)ccc3C2=O)C(=O)N1,-7.864993701
O=C1CC[C@H](N2Cc3cc(-c4ccc(Cl)cn4)ccc3C2=O)C(=O)N1,-7.909145917
O=C1CC[C@@H](N2Cc3cc(-c4ccc(Cl)cn4)ccc3C2=O)C(=O)N1,-7.912472034
O=C1CC[C@H](N2Cc3cc(-c4ncccc4Cl)ccc3C2=O)C(=O)N1,-7.908099982
O=C1CC[C@@H](N2Cc3cc(-c4ncccc4Cl)ccc3C2=O)C(=O)N1,-7.90765505
CC(=O)c1cccc(-c2ccc3c(c2)CN([C@@H]2CCC(=O)NC2=O)C3=O)n1,-8.293819851
CC(=O)c1cccc(-c2ccc3c(c2)CN([C@H]2CCC(=O)NC2=O)C3=O)n1,-8.290725526
CC(=O)c1ccc(-c2ccc3c(c2)CN([C@@H]2CCC(=O)NC2=O)C3=O)nc1,-8.288412864
CC(=O)c1ccc(-c2ccc3c(c2)CN([C@H]2CCC(=O)NC2=O)C3=O)nc1,-8.288831533
CC(C)c1cccc(-c2ccc3c(c2)CN([C@@H]2CCC(=O)NC2=O)C3=O)n1,-7.919271937
CC(C)c1cccc(-c2ccc3c(c2)CN([C@H]2CCC(=O)NC2=O)C3=O)n1,-7.828886351
CCOc1cccc(-c2ccc3c(c2)CN([C@@H]2CCC(=O)NC2=O)C3=O)n1,-7.414942142
CCOc1cccc(-c2ccc3c(c2)CN([C@H]2CCC(=O)NC2=O)C3=O)n1,-7.873103085
CCOc1ccc(-c2ccc3c(c2)CN([C@@H]2CCC(=O)NC2=O)C3=O)nc1,-7.825213159
CCOc1ccc(-c2ccc3c(c2)CN([C@H]2CCC(=O)NC2=O)C3=O)nc1,-7.881092056
COc1ccc(C)nc1-c1ccc2c(c1)CN([C@@H]1CCC(=O)NC1=O)C2=O,-7.787908973
COc1ccc(C)nc1-c1ccc2c(c1)CN([C@H]1CCC(=O)NC1=O)C2=O,-7.775165883
COc1nc(-c2ccc3c(c2)CN([C@@H]2CCC(=O)NC2=O)C3=O)ccc1N,-7.808436236
COc1nc(-c2ccc3c(c2)CN([C@H]2CCC(=O)NC2=O)C3=O)ccc1N,-7.805737571
COc1cc(N)cnc1-c1ccc2c(c1)CN([C@@H]1CCC(=O)NC1=O)C2=O,-7.735934839
COc1cc(N)cnc1-c1ccc2c(c1)CN([C@H]1CCC(=O)NC1=O)C2=O,-7.728820262
Nc1c(Cl)ccnc1-c1ccc2c(c1)CN([C@@H]1CCC(=O)NC1=O)C2=O,-7.903109622
Nc1c(Cl)ccnc1-c1ccc2c(c1)CN([C@H]1CCC(=O)NC1=O)C2=O,-7.887923041
O=C1CC[C@H](N2Cc3cc(-c4cccc(C(F)F)n4)ccc3C2=O)C(=O)N1,-8.010779069
O=C1CC[C@@H](N2Cc3cc(-c4cccc(C(F)F)n4)ccc3C2=O)C(=O)N1,-8.01209401
O=C1CC[C@H](N2Cc3cc(-c4ncccc4C(F)F)ccc3C2=O)C(=O)N1,-7.927321514
O=C1CC[C@@H](N2Cc3cc(-c4ncccc4C(F)F)ccc3C2=O)C(=O)N1,-7.898800066
O=C1CC[C@H](N2Cc3cc(-c4nc(Cl)ccc4O)ccc3C2=O)C(=O)N1,-7.960898608
O=C1CC[C@@H](N2Cc3cc(-c4nc(Cl)ccc4O)ccc3C2=O)C(=O)N1,-7.969482468
N#CCOc1ccc(-c2ccc3c(c2)CN([C@@H]2CCC(=O)NC2=O)C3=O)nc1,-8.244698959
N#CCOc1ccc(-c2ccc3c(c2)CN([C@H]2CCC(=O)NC2=O)C3=O)nc1,-8.246051066
CCCOc1ccc(-c2ccc3c(c2)CN([C@@H]2CCC(=O)NC2=O)C3=O)nc1,-7.692876598
CCCOc1ccc(-c2ccc3c(c2)CN([C@H]2CCC(=O)NC2=O)C3=O)nc1,-7.829412782
Cc1cc(-c2ccc3c(c2)CN([C@@H]2CCC(=O)NC2=O)C3=O)ncc1C(F)F,-7.919362799
Cc1cc(-c2ccc3c(c2)CN([C@H]2CCC(=O)NC2=O)C3=O)ncc1C(F)F,-7.924502769
O=C1CC[C@H](N2Cc3cc(-c4nccc(CO)c4Cl)ccc3C2=O)C(=O)N1,-7.863463635
O=C1CC[C@@H](N2Cc3cc(-c4nccc(CO)c4Cl)ccc3C2=O)C(=O)N1,-7.856212735
COc1cc(Cl)cnc1-c1ccc2c(c1)CN([C@@H]1CCC(=O)NC1=O)C2=O,-7.846171692
COc1cc(Cl)cnc1-c1ccc2c(c1)CN([C@H]1CCC(=O)NC1=O)C2=O,-7.848412937
O=C1CC[C@H](N2Cc3cc(-c4cccc(C(F)(F)F)n4)ccc3C2=O)C(=O)N1,-8.306906416
O=C1CC[C@@H](N2Cc3cc(-c4cccc(C(F)(F)F)n4)ccc3C2=O)C(=O)N1,-8.27662194
O=C1CC[C@H](N2Cc3cc(-c4cc(C(F)(F)F)ccn4)ccc3C2=O)C(=O)N1,-8.152757405
O=C1CC[C@@H](N2Cc3cc(-c4cc(C(F)(F)F)ccn4)ccc3C2=O)C(=O)N1,-8.221030378
CN(C)C(=O)c1cccc(-c2ccc3c(c2)CN([C@@H]2CCC(=O)NC2=O)C3=O)n1,-7.933761089
CN(C)C(=O)c1cccc(-c2ccc3c(c2)CN([C@H]2CCC(=O)NC2=O)C3=O)n1,-8.00279741
CC(C)(C)Oc1cccc(-c2ccc3c(c2)CN([C@@H]2CCC(=O)NC2=O)C3=O)n1,-7.574171476
CC(C)(C)Oc1cccc(-c2ccc3c(c2)CN([C@H]2CCC(=O)NC2=O)C3=O)n1,-7.581122911
O=C1CC[C@H](NC(=O)c2cnoc2C2CCC2)C(=O)N1,-8.019587873
O=C1CC[C@@H](NC(=O)c2cnoc2C2CCC2)C(=O)N1,-8.019753182
N#CN1CC[C@H](c2ccc3c(c2)[C@H](C(=O)Nc2ccc([C@@H]4CCC(=O)NC4=O)cc2)CCC3)C1,-7.617931494
N#CN1CC[C@@H](c2ccc3c(c2)[C@H](C(=O)Nc2ccc([C@@H]4CCC(=O)NC4=O)cc2)CCC3)C1,-7.729813245
N#CN1CC[C@H](c2ccc3c(c2)[C@@H](C(=O)Nc2ccc([C@@H]4CCC(=O)NC4=O)cc2)CCC3)C1,-7.712746846
N#CN1CC[C@@H](c2ccc3c(c2)[C@@H](C(=O)Nc2ccc([C@@H]4CCC(=O)NC4=O)cc2)CCC3)C1,-7.541835511
N#CN1CC[C@H](c2ccc3c(c2)[C@H](C(=O)Nc2ccc([C@H]4CCC(=O)NC4=O)cc2)CCC3)C1,-7.508643685
N#CN1CC[C@@H](c2ccc3c(c2)[C@H](C(=O)Nc2ccc([C@H]4CCC(=O)NC4=O)cc2)CCC3)C1,-7.735841906
N#CN1CC[C@H](c2ccc3c(c2)[C@@H](C(=O)Nc2ccc([C@H]4CCC(=O)NC4=O)cc2)CCC3)C1,-7.350050195
N#CN1CC[C@@H](c2ccc3c(c2)[C@@H](C(=O)Nc2ccc([C@H]4CCC(=O)NC4=O)cc2)CCC3)C1,-7.684023404
O=C1CC[C@H](NC(=O)c2nnn(-c3ccccc3Br)n2)C(=O)N1,-8.716846169
O=C1CC[C@@H](NC(=O)c2nnn(-c3ccccc3Br)n2)C(=O)N1,-8.7019634
Cc1ccc2cc(C(=O)N[C@@H]3CCC(=O)NC3=O)ncn12,-7.913675545
Cc1ccc2cc(C(=O)N[C@H]3CCC(=O)NC3=O)ncn12,-7.906779374
O=C1CC[C@H](NC(=O)c2cc3ccc(S(=O)(=O)F)n3cn2)C(=O)N1,-8.675771499
O=C1CC[C@@H](NC(=O)c2cc3ccc(S(=O)(=O)F)n3cn2)C(=O)N1,-8.78542574
O=C1CC[C@H](NC(=O)c2cc3c(OS(=O)(=O)F)ccn3cn2)C(=O)N1,-8.16038043
O=C1CC[C@@H](NC(=O)c2cc3c(OS(=O)(=O)F)ccn3cn2)C(=O)N1,-8.159876239
N#CN1CC[C@H](c2cccc(-n3nc(C(=O)N[C@@H]4CCC(=O)NC4=O)ccc3=O)c2)C1,-8.471216602
N#CN1CC[C@@H](c2cccc(-n3nc(C(=O)N[C@@H]4CCC(=O)NC4=O)ccc3=O)c2)C1,-8.138811799
N#CN1CC[C@H](c2cccc(-n3nc(C(=O)N[C@H]4CCC(=O)NC4=O)ccc3=O)c2)C1,-8.138639888
N#CN1CC[C@@H](c2cccc(-n3nc(C(=O)N[C@H]4CCC(=O)NC4=O)ccc3=O)c2)C1,-8.209896688
N#CN1CC[C@H](c2cccc3c2OC[C@H](Nc2ccc(N4CCC(=O)NC4=O)cc2)C3)C1,-7.188202695
N#CN1CC[C@@H](c2cccc3c2OC[C@H](Nc2ccc(N4CCC(=O)NC4=O)cc2)C3)C1,-7.170623322
N#CN1CC[C@H](c2cccc3c2OC[C@@H](Nc2ccc(N4CCC(=O)NC4=O)cc2)C3)C1,-7.172536418
N#CN1CC[C@@H](c2cccc3c2OC[C@@H](Nc2ccc(N4CCC(=O)NC4=O)cc2)C3)C1,-7.164984359
N#CN1CCC[C@H](c2cccc(-c3nc(C(=O)N[C@@H]4CCC(=O)NC4=O)c4n3CCOC4)c2)C1,-7.712879099
N#CN1CCC[C@@H](c2cccc(-c3nc(C(=O)N[C@@H]4CCC(=O)NC4=O)c4n3CCOC4)c2)C1,-7.282760999
N#CN1CCC[C@H](c2cccc(-c3nc(C(=O)N[C@H]4CCC(=O)NC4=O)c4n3CCOC4)c2)C1,-7.707201301
N#CN1CCC[C@@H](c2cccc(-c3nc(C(=O)N[C@H]4CCC(=O)NC4=O)c4n3CCOC4)c2)C1,-7.586512212
O=C1CC[C@H](c2ccc(Nc3ccn4ncc(S(=O)(=O)F)c4n3)cc2)C(=O)N1,-8.019866694
O=C1CC[C@@H](c2ccc(Nc3ccn4ncc(S(=O)(=O)F)c4n3)cc2)C(=O)N1,-8.01437458
N#Cc1cnn2ccc(Nc3ccc([C@@H]4CCC(=O)NC4=O)cc3)nc12,-7.80909242
N#Cc1cnn2ccc(Nc3ccc([C@H]4CCC(=O)NC4=O)cc3)nc12,-7.823945581
N#CN1CCC(c2noc([C@]34C[C@H](CN3C(=O)c3ccc(N5CCC(=O)NC5=O)cc3)C4)n2)CC1,-7.700966138
N#CN1CCC(c2noc([C@]34C[C@@H](CN3C(=O)c3ccc(N5CCC(=O)NC5=O)cc3)C4)n2)CC1,-7.659725951
O=C1CC[C@H](N2Cc3c(OCc4ccc(CN5CCOCC5)cc4)cccc3C2=O)C(=O)N1,-7.802772159
O=C1CC[C@@H](N2Cc3c(OCc4ccc(CN5CCOCC5)cc4)cccc3C2=O)C(=O)N1,-7.812247335
N#CN1CCC(c2cncc(-c3ncc(C(=O)N[C@@H]4CCC(=O)NC4=O)s3)n2)CC1,-8.789477912
N#CN1CCC(c2cncc(-c3ncc(C(=O)N[C@H]4CCC(=O)NC4=O)s3)n2)CC1,-8.77595046
O=C1CC[C@H](NC(=O)c2cc(C3CC3)nc(C(F)(F)F)c2)C(=O)N1,-8.518752329
O=C1CC[C@@H](NC(=O)c2cc(C3CC3)nc(C(F)(F)F)c2)C(=O)N1,-8.517982867
O=C1CC[C@H](NC(=O)c2cc(C3CC3)ncc2Br)C(=O)N1,-8.122731549
O=C1CC[C@@H](NC(=O)c2cc(C3CC3)ncc2Br)C(=O)N1,-8.122686745
O=C1CC[C@H](NC(=O)c2ccnc(C3CC3)c2)C(=O)N1,-7.894308272
O=C1CC[C@@H](NC(=O)c2ccnc(C3CC3)c2)C(=O)N1,-7.927745525
N#CN1CC[C@H](c2ccnc(-c3ccc4c(c3)CN([C@@H]3CCC(=O)NC3=O)C4=O)c2)C1,-7.970835244
N#CN1CC[C@@H](c2ccnc(-c3ccc4c(c3)CN([C@@H]3CCC(=O)NC3=O)C4=O)c2)C1,-7.908321915
N#CN1CC[C@H](c2ccnc(-c3ccc4c(c3)CN([C@H]3CCC(=O)NC3=O)C4=O)c2)C1,-7.918375332
N#CN1CC[C@@H](c2ccnc(-c3ccc4c(c3)CN([C@H]3CCC(=O)NC3=O)C4=O)c2)C1,-7.849334572
CS(=O)(=O)c1cccc(-c2cccc3c2CN([C@@H]2CCC(=O)NC2=O)C3=O)c1,-7.877408641
CS(=O)(=O)c1cccc(-c2cccc3c2CN([C@H]2CCC(=O)NC2=O)C3=O)c1,-7.87973574
O=C1CC[C@H](N2Cc3c(cc(S(=O)(=O)F)cc3-c3ccccc3)C2=O)C(=O)N1,-8.01204105
O=C1CC[C@@H](N2Cc3c(cc(S(=O)(=O)F)cc3-c3ccccc3)C2=O)C(=O)N1,-7.950934923
O=C1CC[C@H](N2Cc3c(cccc3-c3cccc(S(=O)(=O)F)c3)C2=O)C(=O)N1,-8.04825514
O=C1CC[C@@H](N2Cc3c(cccc3-c3cccc(S(=O)(=O)F)c3)C2=O)C(=O)N1,-8.130491082
O=C1CC[C@H](N2Cc3c(ccc(S(=O)(=O)F)c3-c3ccccc3)C2=O)C(=O)N1,-8.102799175
O=C1CC[C@@H](N2Cc3c(ccc(S(=O)(=O)F)c3-c3ccccc3)C2=O)C(=O)N1,-7.923548146
O=C1CC[C@H](N2Cc3c(cccc3-c3cccc(OS(=O)(=O)F)c3)C2=O)C(=O)N1,-8.013607167
O=C1CC[C@@H](N2Cc3c(cccc3-c3cccc(OS(=O)(=O)F)c3)C2=O)C(=O)N1,-7.914656655
O=C1CC[C@H](N2Cc3c(cccc3-c3ccc(OS(=O)(=O)F)cc3)C2=O)C(=O)N1,-7.91907427
O=C1CC[C@@H](N2Cc3c(cccc3-c3ccc(OS(=O)(=O)F)cc3)C2=O)C(=O)N1,-8.038534721
CCCCNC(=O)c1ccc(-c2cccc3c2CN([C@@H]2CCC(=O)NC2=O)C3=O)cc1,-8.114500384
CCCCNC(=O)c1ccc(-c2cccc3c2CN([C@H]2CCC(=O)NC2=O)C3=O)cc1,-8.011169165
CCCCNC(=O)c1cccc(-c2cccc3c2CN([C@@H]2CCC(=O)NC2=O)C3=O)c1,-7.894595603
CCCCNC(=O)c1cccc(-c2cccc3c2CN([C@H]2CCC(=O)NC2=O)C3=O)c1,-7.911193327
O=C1CC[C@H](N2Cc3c(cccc3-c3ccccc3)C2=O)C(=O)N1,-7.868035509
O=C1CC[C@@H](N2Cc3c(cccc3-c3ccccc3)C2=O)C(=O)N1,-7.868306093
Cc1ccccc1-c1cccc2c1CN([C@@H]1CCC(=O)NC1=O)C2=O,-7.867835734
Cc1ccccc1-c1cccc2c1CN([C@H]1CCC(=O)NC1=O)C2=O,-7.869003441
Nc1cccc(-c2cccc3c2CN([C@@H]2CCC(=O)NC2=O)C3=O)c1,-7.892585507
Nc1cccc(-c2cccc3c2CN([C@H]2CCC(=O)NC2=O)C3=O)c1,-7.837199041
Nc1ccccc1-c1cccc2c1CN([C@@H]1CCC(=O)NC1=O)C2=O,-7.854634683
Nc1ccccc1-c1cccc2c1CN([C@H]1CCC(=O)NC1=O)C2=O,-7.841487075
O=C1CC[C@H](N2Cc3c(cccc3-c3cccc(O)c3)C2=O)C(=O)N1,-7.882578109
O=C1CC[C@@H](N2Cc3c(cccc3-c3cccc(O)c3)C2=O)C(=O)N1,-7.883127702
O=C1CC[C@H](N2Cc3c(cccc3-c3ccc(F)cc3)C2=O)C(=O)N1,-7.949396907
O=C1CC[C@@H](N2Cc3c(cccc3-c3ccc(F)cc3)C2=O)C(=O)N1,-7.949956018
O=C1CC[C@H](N2Cc3c(cccc3-c3ccccc3F)C2=O)C(=O)N1,-7.838499291
O=C1CC[C@@H](N2Cc3c(cccc3-c3ccccc3F)C2=O)C(=O)N1,-7.837208319
N#Cc1ccccc1-c1cccc2c1CN([C@@H]1CCC(=O)NC1=O)C2=O,-7.929021047
N#Cc1ccccc1-c1cccc2c1CN([C@H]1CCC(=O)NC1=O)C2=O,-7.923292789
O=Cc1ccc(-c2cccc3c2CN([C@@H]2CCC(=O)NC2=O)C3=O)cc1,-8.235418308
O=Cc1ccc(-c2cccc3c2CN([C@H]2CCC(=O)NC2=O)C3=O)cc1,-8.235326004
CCc1cccc(-c2cccc3c2CN([C@@H]2CCC(=O)NC2=O)C3=O)c1,-7.892118064
CCc1cccc(-c2cccc3c2CN([C@H]2CCC(=O)NC2=O)C3=O)c1,-7.888044756
NCc1cccc(-c2cccc3c2CN([C@@H]2CCC(=O)NC2=O)C3=O)c1,-7.34993558
NCc1cccc(-c2cccc3c2CN([C@H]2CCC(=O)NC2=O)C3=O)c1,-7.864230772
CNc1ccccc1-c1cccc2c1CN([C@@H]1CCC(=O)NC1=O)C2=O,-7.828886365
CNc1ccccc1-c1cccc2c1CN([C@H]1CCC(=O)NC1=O)C2=O,-7.827248265
COc1ccc(-c2cccc3c2CN([C@@H]2CCC(=O)NC2=O)C3=O)cc1,-7.830546924
COc1ccc(-c2cccc3c2CN([C@H]2CCC(=O)NC2=O)C3=O)cc1,-7.831585928
O=C1CC[C@H](N2Cc3c(cccc3-c3ccc(CO)cc3)C2=O)C(=O)N1,-7.915322095
O=C1CC[C@@H](N2Cc3c(cccc3-c3ccc(CO)cc3)C2=O)C(=O)N1,-7.917361287
CC(=O)c1ccc(-c2cccc3c2CN([C@@H]2CCC(=O)NC2=O)C3=O)cc1,-7.968309549
CC(=O)c1ccc(-c2cccc3c2CN([C@H]2CCC(=O)NC2=O)C3=O)cc1,-7.950123866
CC(=O)c1ccccc1-c1cccc2c1CN([C@@H]1CCC(=O)NC1=O)C2=O,-7.815756788
CC(=O)c1ccccc1-c1cccc2c1CN([C@H]1CCC(=O)NC1=O)C2=O,-7.816097779
CC(C)c1cccc(-c2cccc3c2CN([C@@H]2CCC(=O)NC2=O)C3=O)c1,-7.857546257
CC(C)c1cccc(-c2cccc3c2CN([C@H]2CCC(=O)NC2=O)C3=O)c1,-7.857796678
CN(C)c1ccc(-c2cccc3c2CN([C@@H]2CCC(=O)NC2=O)C3=O)cc1,-7.962975164
CN(C)c1ccc(-c2cccc3c2CN([C@H]2CCC(=O)NC2=O)C3=O)cc1,-7.963115022
NCCc1cccc(-c2cccc3c2CN([C@@H]2CCC(=O)NC2=O)C3=O)c1,-7.916898536
NCCc1cccc(-c2cccc3c2CN([C@H]2CCC(=O)NC2=O)C3=O)c1,-7.828416511
CN(C)c1ccccc1-c1cccc2c1CN([C@@H]1CCC(=O)NC1=O)C2=O,-7.811702315
CN(C)c1ccccc1-c1cccc2c1CN([C@H]1CCC(=O)NC1=O)C2=O,-7.816727268
CCOc1ccc(-c2cccc3c2CN([C@@H]2CCC(=O)NC2=O)C3=O)cc1,-7.849240196
CCOc1ccc(-c2cccc3c2CN([C@H]2CCC(=O)NC2=O)C3=O)cc1,-7.838969962
CCOc1cccc(-c2cccc3c2CN([C@@H]2CCC(=O)NC2=O)C3=O)c1,-7.84476294
CCOc1cccc(-c2cccc3c2CN([C@H]2CCC(=O)NC2=O)C3=O)c1,-7.876738527
O=C1CC[C@H](N2Cc3c(cccc3-c3ccc(C(F)F)cc3)C2=O)C(=O)N1,-7.926831643
O=C1CC[C@@H](N2Cc3c(cccc3-c3ccc(C(F)F)cc3)C2=O)C(=O)N1,-7.926714659
CCC(=O)c1ccc(-c2cccc3c2CN([C@@H]2CCC(=O)NC2=O)C3=O)cc1,-7.958717886
CCC(=O)c1ccc(-c2cccc3c2CN([C@H]2CCC(=O)NC2=O)C3=O)cc1,-7.941570389
COc1c(C=O)cccc1-c1cccc2c1CN([C@@H]1CCC(=O)NC1=O)C2=O,-8.28024273
COc1c(C=O)cccc1-c1cccc2c1CN([C@H]1CCC(=O)NC1=O)C2=O,-8.291459561
CC(C)Oc1ccccc1-c1cccc2c1CN([C@@H]1CCC(=O)NC1=O)C2=O,-7.607524324
CC(C)Oc1ccccc1-c1cccc2c1CN([C@H]1CCC(=O)NC1=O)C2=O,-7.607485857
CCOc1ccc(-c2cccc3c2CN([C@@H]2CCC(=O)NC2=O)C3=O)cc1N,-8.02684576
CCOc1ccc(-c2cccc3c2CN([C@H]2CCC(=O)NC2=O)C3=O)cc1N,-8.027800306
O=C1CC[C@H](N2Cc3c(cccc3-c3cccc([C@H](O)CF)c3)C2=O)C(=O)N1,-7.827372034
O=C1CC[C@@H](N2Cc3c(cccc3-c3cccc([C@H](O)CF)c3)C2=O)C(=O)N1,-7.866217048
O=C1CC[C@H](N2Cc3c(cccc3-c3cccc([C@@H](O)CF)c3)C2=O)C(=O)N1,-7.852846649
O=C1CC[C@@H](N2Cc3c(cccc3-c3cccc([C@@H](O)CF)c3)C2=O)C(=O)N1,-7.836185901
COc1cc(Cl)ccc1-c1cccc2c1CN([C@@H]1CCC(=O)NC1=O)C2=O,-7.880004123
COc1cc(Cl)ccc1-c1cccc2c1CN([C@H]1CCC(=O)NC1=O)C2=O,-7.879167545
O=C1CC[C@H](N2Cc3c(cccc3-c3cccc(C(F)(F)F)c3)C2=O)C(=O)N1,-7.977011366
O=C1CC[C@@H](N2Cc3c(cccc3-c3cccc(C(F)(F)F)c3)C2=O)C(=O)N1,-7.975649577
N#CN1CC[C@H](c2cccc(-n3ccc(C(=O)N[C@@H]4CCC(=O)NC4=O)n3)c2)C1,-7.752140083
N#CN1CC[C@@H](c2cccc(-n3ccc(C(=O)N[C@@H]4CCC(=O)NC4=O)n3)c2)C1,-7.893915606
N#CN1CC[C@H](c2cccc(-n3ccc(C(=O)N[C@H]4CCC(=O)NC4=O)n3)c2)C1,-7.851655209
N#CN1CC[C@@H](c2cccc(-n3ccc(C(=O)N[C@H]4CCC(=O)NC4=O)n3)c2)C1,-7.794948597
Cn1nc(C2CCOCC2)cc1C(=O)N[C@@H]1CCC(=O)NC1=O,-7.690710921
Cn1nc(C2CCOCC2)cc1C(=O)N[C@H]1CCC(=O)NC1=O,-7.69211211
Cc1csc2ncc(C(=O)N[C@@H]3CCC(=O)NC3=O)c(=O)n12,-8.124750422
Cc1csc2ncc(C(=O)N[C@H]3CCC(=O)NC3=O)c(=O)n12,-8.12463677
O=C1CC[C@H](NC(=O)c2cnc3sc(S(=O)(=O)F)cn3c2=O)C(=O)N1,-9.06045398
O=C1CC[C@@H](NC(=O)c2cnc3sc(S(=O)(=O)F)cn3c2=O)C(=O)N1,-9.152223923
O=C1CC[C@H](NC(=O)c2cnc3scc(S(=O)(=O)F)n3c2=O)C(=O)N1,-9.06125742
O=C1CC[C@@H](NC(=O)c2cnc3scc(S(=O)(=O)F)n3c2=O)C(=O)N1,-9.105248621
N#CN1CCC[C@H](c2cc(-c3ocnc3C(=O)N[C@@H]3CCC(=O)NC3=O)cc3c2OCCO3)C1,-7.868867963
N#CN1CCC[C@@H](c2cc(-c3ocnc3C(=O)N[C@@H]3CCC(=O)NC3=O)cc3c2OCCO3)C1,-7.832574107
N#CN1CCC[C@H](c2cc(-c3ocnc3C(=O)N[C@H]3CCC(=O)NC3=O)cc3c2OCCO3)C1,-7.849081957
N#CN1CCC[C@@H](c2cc(-c3ocnc3C(=O)N[C@H]3CCC(=O)NC3=O)cc3c2OCCO3)C1,-7.93090083
COc1ccccc1OCC(=O)Nc1cccc(-c2nc3ccccc3c(=O)o2)c1,-8.029808684
O=C1CC[C@H](N2Cc3cc(NC(=O)C4=Cc5ccccc5OC4)ccc3C2=O)C(=O)N1,-7.885355371
O=C1CC[C@@H](N2Cc3cc(NC(=O)C4=Cc5ccccc5OC4)ccc3C2=O)C(=O)N1,-7.88387559
Cc1ccc2c(c1)OCC(C(=O)Nc1ccc3c(c1)CN([C@@H]1CCC(=O)NC1=O)C3=O)=C2,-7.847927586
Cc1ccc2c(c1)OCC(C(=O)Nc1ccc3c(c1)CN([C@H]1CCC(=O)NC1=O)C3=O)=C2,-7.841958364
COc1ccc2c(c1)OCC(C(=O)Nc1ccc3c(c1)CN([C@@H]1CCC(=O)NC1=O)C3=O)=C2,-7.860073675
COc1ccc2c(c1)OCC(C(=O)Nc1ccc3c(c1)CN([C@H]1CCC(=O)NC1=O)C3=O)=C2,-7.844503835
COc1cccc2c1OCC(C(=O)Nc1ccc3c(c1)CN([C@@H]1CCC(=O)NC1=O)C3=O)=C2,-7.841768219
COc1cccc2c1OCC(C(=O)Nc1ccc3c(c1)CN([C@H]1CCC(=O)NC1=O)C3=O)=C2,-7.844722046
COc1cccc2c1C=C(C(=O)Nc1ccc3c(c1)CN([C@@H]1CCC(=O)NC1=O)C3=O)CO2,-7.826342714
COc1cccc2c1C=C(C(=O)Nc1ccc3c(c1)CN([C@H]1CCC(=O)NC1=O)C3=O)CO2,-7.861918524
COc1ccc2c(c1)C=C(C(=O)Nc1ccc3c(c1)CN([C@@H]1CCC(=O)NC1=O)C3=O)CO2,-7.831746756
COc1ccc2c(c1)C=C(C(=O)Nc1ccc3c(c1)CN([C@H]1CCC(=O)NC1=O)C3=O)CO2,-7.876237258
O=C1CC[C@H](N2Cc3cc(NC(=O)C4=Cc5ccc(C(F)(F)F)cc5OC4)ccc3C2=O)C(=O)N1,-8.45501193
O=C1CC[C@@H](N2Cc3cc(NC(=O)C4=Cc5ccc(C(F)(F)F)cc5OC4)ccc3C2=O)C(=O)N1,-8.453691022
O=C1CC[C@H](N2Cc3cc(NC(=O)C4=Cc5ccc(Br)cc5OC4)ccc3C2=O)C(=O)N1,-8.209974924
O=C1CC[C@@H](N2Cc3cc(NC(=O)C4=Cc5ccc(Br)cc5OC4)ccc3C2=O)C(=O)N1,-8.210873149
COc1cnnc(OC)c1C(=O)N[C@@H]1CCC(=O)NC1=O,-8.344259469
COc1cnnc(OC)c1C(=O)N[C@H]1CCC(=O)NC1=O,-8.094826371
O=C1CC[C@H](NC(=O)c2cnnc(S(=O)(=O)F)c2)C(=O)N1,-9.608264338
O=C1CC[C@@H](NC(=O)c2cnnc(S(=O)(=O)F)c2)C(=O)N1,-9.716618388
CNc1cnncc1C(=O)N[C@@H]1CCC(=O)NC1=O,-8.171495019
CNc1cnncc1C(=O)N[C@H]1CCC(=O)NC1=O,-8.171695111
CCc1cc(C(=O)N[C@@H]2CCC(=O)NC2=O)c(C)nn1,-8.028414025
CCc1cc(C(=O)N[C@H]2CCC(=O)NC2=O)c(C)nn1,-8.060605434
O=C1CC[C@H](N2C(=O)c3ccc(-c4conc4S(=O)(=O)F)cc3C2=O)C(=O)N1,-9.247122697
O=C1CC[C@@H](N2C(=O)c3ccc(-c4conc4S(=O)(=O)F)cc3C2=O)C(=O)N1,-9.187422354
O=C1CC[C@H](N2C(=O)c3ccc(-c4cnoc4S(=O)(=O)F)cc3C2=O)C(=O)N1,-9.17566712
O=C1CC[C@@H](N2C(=O)c3ccc(-c4cnoc4S(=O)(=O)F)cc3C2=O)C(=O)N1,-9.196545063
O=C1CC[C@H](N2C(=O)c3ccc(-c4cnoc4OS(=O)(=O)F)cc3C2=O)C(=O)N1,-9.213761444
O=C1CC[C@@H](N2C(=O)c3ccc(-c4cnoc4OS(=O)(=O)F)cc3C2=O)C(=O)N1,-9.150067775
O=C1CC[C@H](N2C(=O)c3ccc(-c4conc4OS(=O)(=O)F)cc3C2=O)C(=O)N1,-9.156688989
O=C1CC[C@@H](N2C(=O)c3ccc(-c4conc4OS(=O)(=O)F)cc3C2=O)C(=O)N1,-9.21258395
Cc1noc(C)c1-c1ccc2c(c1)C(=O)N([C@@H]1CCC(=O)NC1=O)C2=O,-8.830752721
Cc1noc(C)c1-c1ccc2c(c1)C(=O)N([C@H]1CCC(=O)NC1=O)C2=O,-8.831313334
O=C1NCc2c(NCc3ccc(OC4CCCC4)cc3)ccnc21,-7.161843672
Cc1nn(C(C)C)c2[nH]c(=O)cc(C(=O)N[C@@H]3CCC(=O)NC3=O)c12,-8.041911614
Cc1nn(C(C)C)c2[nH]c(=O)cc(C(=O)N[C@H]3CCC(=O)NC3=O)c12,-8.046599239
COc1cc(OC)nc(-c2cn([C@@H]3CCC(=O)NC3=O)nn2)n1,-8.316152215
COc1cc(OC)nc(-c2cn([C@H]3CCC(=O)NC3=O)nn2)n1,-8.336503995
O=C1CC[C@H](n2cc(-c3nccc(OS(=O)(=O)F)n3)nn2)C(=O)N1,-8.409202083
O=C1CC[C@@H](n2cc(-c3nccc(OS(=O)(=O)F)n3)nn2)C(=O)N1,-8.424392762
N#CN1CCC(c2cnn(C3CC3)c2-c2ccc3c(c2)CN([C@@H]2CCC(=O)NC2=O)C3=O)CC1,-7.829252492
N#CN1CCC(c2cnn(C3CC3)c2-c2ccc3c(c2)CN([C@H]2CCC(=O)NC2=O)C3=O)CC1,-8.09983956
CC(C)c1ccc(Oc2cc(C(=O)N[C@@H]3CCC(=O)NC3=O)ccn2)cc1,-7.596900611
CC(C)c1ccc(Oc2cc(C(=O)N[C@H]3CCC(=O)NC3=O)ccn2)cc1,-7.593638394
O=C1CC[C@H](NC(=O)c2cc(Cl)nc(Oc3ccc(Cl)cc3)c2)C(=O)N1,-8.279943567
O=C1CC[C@@H](NC(=O)c2cc(Cl)nc(Oc3ccc(Cl)cc3)c2)C(=O)N1,-8.290013142
N#CN1CC[C@H](c2cc(C(=O)Nc3ccc([C@@H]4CCC(=O)NC4=O)cc3)cc3c2CCC3)C1,-7.492892079
N#CN1CC[C@@H](c2cc(C(=O)Nc3ccc([C@@H]4CCC(=O)NC4=O)cc3)cc3c2CCC3)C1,-7.540585265
N#CN1CC[C@H](c2cc(C(=O)Nc3ccc([C@H]4CCC(=O)NC4=O)cc3)cc3c2CCC3)C1,-7.551958505
N#CN1CC[C@@H](c2cc(C(=O)Nc3ccc([C@H]4CCC(=O)NC4=O)cc3)cc3c2CCC3)C1,-7.654483477
Cc1nc([C@@H]2CCCO2)sc1C(=O)N[C@@H]1CCC(=O)NC1=O,-7.886438989
Cc1nc([C@H]2CCCO2)sc1C(=O)N[C@@H]1CCC(=O)NC1=O,-7.963565662
Cc1nc([C@@H]2CCCO2)sc1C(=O)N[C@H]1CCC(=O)NC1=O,-7.92662926
Cc1nc([C@H]2CCCO2)sc1C(=O)N[C@H]1CCC(=O)NC1=O,-7.933239219
O=C1CC[C@H](N2Cc3c(cccc3-c3cccc4c3OCCCO4)C2=O)C(=O)N1,-7.871156619
O=C1CC[C@@H](N2Cc3c(cccc3-c3cccc4c3OCCCO4)C2=O)C(=O)N1,-7.868013685
N#CN1CC[C@H](c2cccc3c2[C@H](C(=O)Nc2ccc4c(c2)C(=O)N([C@@H]2CCC(=O)NC2=O)C4)C3)C1,-7.763633103
N#CN1CC[C@@H](c2cccc3c2[C@H](C(=O)Nc2ccc4c(c2)C(=O)N([C@@H]2CCC(=O)NC2=O)C4)C3)C1,-7.719678859
N#CN1CC[C@H](c2cccc3c2[C@@H](C(=O)Nc2ccc4c(c2)C(=O)N([C@@H]2CCC(=O)NC2=O)C4)C3)C1,-7.757815419
N#CN1CC[C@@H](c2cccc3c2[C@@H](C(=O)Nc2ccc4c(c2)C(=O)N([C@@H]2CCC(=O)NC2=O)C4)C3)C1,-7.740751073
N#CN1CC[C@H](c2cccc3c2[C@H](C(=O)Nc2ccc4c(c2)C(=O)N([C@H]2CCC(=O)NC2=O)C4)C3)C1,-7.792204022
N#CN1CC[C@@H](c2cccc3c2[C@H](C(=O)Nc2ccc4c(c2)C(=O)N([C@H]2CCC(=O)NC2=O)C4)C3)C1,-7.816957406
N#CN1CC[C@H](c2cccc3c2[C@@H](C(=O)Nc2ccc4c(c2)C(=O)N([C@H]2CCC(=O)NC2=O)C4)C3)C1,-7.833680759
N#CN1CC[C@@H](c2cccc3c2[C@@H](C(=O)Nc2ccc4c(c2)C(=O)N([C@H]2CCC(=O)NC2=O)C4)C3)C1,-7.787037603
Cc1ccc2c(C(=O)N[C@@H]3CCC(=O)NC3=O)c(C)ccc2c1,-7.965562912
Cc1ccc2c(C(=O)N[C@H]3CCC(=O)NC3=O)c(C)ccc2c1,-7.96550674
COc1ccc2cccc(C(=O)N[C@@H]3CCC(=O)NC3=O)c2c1,-8.012554158
COc1ccc2cccc(C(=O)N[C@H]3CCC(=O)NC3=O)c2c1,-7.99783146
O=C1CC[C@H](NC(=O)c2c(C(F)F)ccc3ccccc23)C(=O)N1,-8.02830351
O=C1CC[C@@H](NC(=O)c2c(C(F)F)ccc3ccccc23)C(=O)N1,-8.028396192
CCOc1ccc2ccccc2c1C(=O)N[C@@H]1CCC(=O)N(C)C1=O,-7.750432937
CCOc1ccc2ccccc2c1C(=O)N[C@H]1CCC(=O)N(C)C1=O,-7.750397124
O=C1CC[C@H](NC(=O)c2cccc3cc(S(=O)(=O)F)ccc23)C(=O)N1,-8.52502788
O=C1CC[C@@H](NC(=O)c2cccc3cc(S(=O)(=O)F)ccc23)C(=O)N1,-8.612028877
O=C1CC[C@H](NC(=O)c2cccc3c(S(=O)(=O)F)cccc23)C(=O)N1,-8.527262855
O=C1CC[C@@H](NC(=O)c2cccc3c(S(=O)(=O)F)cccc23)C(=O)N1,-8.605298285
O=C1CC[C@H](NC(=O)c2cc(S(=O)(=O)F)cc3ccccc23)C(=O)N1,-8.585916842
O=C1CC[C@@H](NC(=O)c2cc(S(=O)(=O)F)cc3ccccc23)C(=O)N1,-8.522228886
O=C1CC[C@H](NC(=O)c2ccc(S(=O)(=O)F)c3ccccc23)C(=O)N1,-8.635697524
O=C1CC[C@@H](NC(=O)c2ccc(S(=O)(=O)F)c3ccccc23)C(=O)N1,-8.558789008
O=C1CC[C@H](NC(=O)c2cccc3ccc(OS(=O)(=O)F)cc23)C(=O)N1,-8.31458954
O=C1CC[C@@H](NC(=O)c2cccc3ccc(OS(=O)(=O)F)cc23)C(=O)N1,-8.224784721
N#CN1CC[C@H](c2ccc(-c3cccc4c3CN([C@@H]3CCC(=O)NC3=O)C4=O)cn2)C1,-7.908086292
N#CN1CC[C@@H](c2ccc(-c3cccc4c3CN([C@@H]3CCC(=O)NC3=O)C4=O)cn2)C1,-7.971903053
N#CN1CC[C@H](c2ccc(-c3cccc4c3CN([C@H]3CCC(=O)NC3=O)C4=O)cn2)C1,-7.956125608
N#CN1CC[C@@H](c2ccc(-c3cccc4c3CN([C@H]3CCC(=O)NC3=O)C4=O)cn2)C1,-7.962875229
CCCc1[nH]ncc1C(=O)N1Cc2[nH]nc(C(=O)N[C@@H]3CCC(=O)NC3=O)c2C1,-7.84847951
CCCc1[nH]ncc1C(=O)N1Cc2[nH]nc(C(=O)N[C@H]3CCC(=O)NC3=O)c2C1,-7.889284614
O=C1CC[C@H](Nc2ccc(NC(=O)[C@@H]3Cc4[nH]ncc4C(=O)N3)cc2)C(=O)N1,-7.999270856
O=C1CC[C@@H](Nc2ccc(NC(=O)[C@@H]3Cc4[nH]ncc4C(=O)N3)cc2)C(=O)N1,-7.994537973
O=C1CC[C@H](Nc2ccc(NC(=O)[C@H]3Cc4[nH]ncc4C(=O)N3)cc2)C(=O)N1,-8.174554462
O=C1CC[C@@H](Nc2ccc(NC(=O)[C@H]3Cc4[nH]ncc4C(=O)N3)cc2)C(=O)N1,-8.173625788
O=C1CC[C@H](N2C(=O)c3ccc(C#Cc4ccccc4)cc3C2=O)C(=O)N1,-8.647686216
O=C1CC[C@@H](N2C(=O)c3ccc(C#Cc4ccccc4)cc3C2=O)C(=O)N1,-8.647658816
O=C1CC[C@H](N2Cc3c(Nc4ccnc(Nc5ccc6ccccc6c5)n4)cccc3C2=O)C(=O)N1,-7.724790813
O=C1CC[C@@H](N2Cc3c(Nc4ccnc(Nc5ccc6ccccc6c5)n4)cccc3C2=O)C(=O)N1,-8.003388388
COc1cc(C(=O)N[C@]23C[C@H](C2)C(=O)NC3=O)ccc1C,-7.991074193
O=C(N[C@]12C[C@H](C1)C(=O)NC2=O)c1ccc([N+](=O)[O-])cc1O,-9.258789058
O=C(N[C@]12C[C@H](C1)C(=O)NC2=O)c1ccc(S(=O)(=O)F)cc1,-8.391803491
O=C(N[C@]12C[C@@H](C1)C(=O)NC2=O)c1ccc(S(=O)(=O)F)cc1,-8.342443625
O=C(N[C@]12C[C@H](C1)C(=O)NC2=O)c1ccc(C(F)(F)F)c(F)c1,-8.458596147
Cc1ccc(C(=O)N[C@]23C[C@H](C2)C(=O)NC3=O)c(Br)c1,-7.989179321
Nc1ccc(C(=O)N[C@]23C[C@H](C2)C(=O)NC3=O)cc1,-7.774390814
Nc1ccc(C(=O)N[C@]23C[C@@H](C2)C(=O)NC3=O)cc1,-7.789053432
O=C1CC[C@H](NC(=O)c2cc([C@@H]3CCOC3)[nH]n2)C(=O)N1,-8.121501253
O=C1CC[C@@H](NC(=O)c2cc([C@@H]3CCOC3)[nH]n2)C(=O)N1,-7.940858202
O=C1CC[C@H](NC(=O)c2cc([C@H]3CCOC3)[nH]n2)C(=O)N1,-7.940593565
O=C1CC[C@@H](NC(=O)c2cc([C@H]3CCOC3)[nH]n2)C(=O)N1,-7.862309814
O=C1CC[C@H](NC(=O)c2cnn(C3CCCC3)c2-c2ccccc2)C(=O)N1,-7.650330977
O=C1CC[C@@H](NC(=O)c2cnn(C3CCCC3)c2-c2ccccc2)C(=O)N1,-7.649886491
O=C1CC[C@H](NC(=O)c2cn(C(F)(F)CO)nn2)C(=O)N1,-8.323168997
O=C1CC[C@@H](NC(=O)c2cn(C(F)(F)CO)nn2)C(=O)N1,-8.280666064
Cn1cc(C(=O)N[C@@H]2CCC(=O)NC2=O)nn1,-7.835031546
Cn1cc(C(=O)N[C@H]2CCC(=O)NC2=O)nn1,-7.835428754
CC(C)n1nnc(C(=O)N[C@@H]2CCC(=O)NC2=O)c1C(F)(F)F,-8.037840378
CC(C)n1nnc(C(=O)N[C@H]2CCC(=O)NC2=O)c1C(F)(F)F,-8.038469606
COCc1[nH]nnc1C(=O)N[C@@H]1CCC(=O)NC1=O,-7.869898152
COCc1[nH]nnc1C(=O)N[C@H]1CCC(=O)NC1=O,-7.870252757
O=C1CC[C@H](N2Cc3c(Nc4ccnc(N[C@]56C[C@H]7C[C@H](C[C@H](C7)C5)C6)n4)cccc3C2=O)C(=O)N1,-7.911026097
O=C1CC[C@@H](N2Cc3c(Nc4ccnc(N[C@]56C[C@H]7C[C@H](C[C@H](C7)C5)C6)n4)cccc3C2=O)C(=O)N1,-7.87441338
Cc1ccc(C(=O)Nc2ccc([C@@H]3CCC(=O)NC3=O)cc2)c2[nH]cc(C#N)c12,-7.870131215
Cc1ccc(C(=O)Nc2ccc([C@H]3CCC(=O)NC3=O)cc2)c2[nH]cc(C#N)c12,-7.846124663
CC(C)(C)Nc1c(-c2ccc3c(c2)C(=O)N([C@@H]2CCC(=O)NC2=O)C3)nc2ccccn12,-7.829519764
CC(C)(C)Nc1c(-c2ccc3c(c2)C(=O)N([C@H]2CCC(=O)NC2=O)C3)nc2ccccn12,-7.838429022
COC1(C(F)(F)C(=O)Nc2ccc([C@@H]3CCC(=O)NC3=O)cc2)CCCCC1,-7.707509492
COC1(C(F)(F)C(=O)Nc2ccc([C@H]3CCC(=O)NC3=O)cc2)CCCCC1,-7.726986287
O=C1CC[C@H](NC(=O)c2cc(C3CC3)[nH]c(=O)c2)C(=O)N1,-8.05438398
O=C1CC[C@@H](NC(=O)c2cc(C3CC3)[nH]c(=O)c2)C(=O)N1,-8.055671225
O=C1CC[C@H](N2Cc3cc(NCc4ccc5ccccc5n4)ccc3C2=O)C(=O)N1,-7.908911845
O=C1CC[C@@H](N2Cc3cc(NCc4ccc5ccccc5n4)ccc3C2=O)C(=O)N1,-7.900719157
N#CN1CC[C@H](c2cn(-c3cncc(C(=O)N[C@@H]4CCC(=O)NC4=O)n3)cn2)C1,-8.545217325
N#CN1CC[C@@H](c2cn(-c3cncc(C(=O)N[C@@H]4CCC(=O)NC4=O)n3)cn2)C1,-8.546277695
N#CN1CC[C@H](c2cn(-c3cncc(C(=O)N[C@H]4CCC(=O)NC4=O)n3)cn2)C1,-8.567881829
N#CN1CC[C@@H](c2cn(-c3cncc(C(=O)N[C@H]4CCC(=O)NC4=O)n3)cn2)C1,-8.900436601
C[C@H](Cl)C(=O)NC[C@@H]1c2ccccc2C(=O)N1Cc1ccccc1,-7.189240349
C[C@@H](Cl)C(=O)NC[C@@H]1c2ccccc2C(=O)N1Cc1ccccc1,-7.272291061
C[C@H](Cl)C(=O)NC[C@H]1c2ccccc2C(=O)N1Cc1ccccc1,-7.268390025
C[C@@H](Cl)C(=O)NC[C@H]1c2ccccc2C(=O)N1Cc1ccccc1,-7.305608301
N#CN1CC[C@H](c2ccccc2-c2cnc(C(=O)N[C@@H]3CCC(=O)NC3=O)nc2)C1,-8.246234148
N#CN1CC[C@@H](c2ccccc2-c2cnc(C(=O)N[C@@H]3CCC(=O)NC3=O)nc2)C1,-8.271488158
N#CN1CC[C@H](c2ccccc2-c2cnc(C(=O)N[C@H]3CCC(=O)NC3=O)nc2)C1,-8.270046082
N#CN1CC[C@@H](c2ccccc2-c2cnc(C(=O)N[C@H]3CCC(=O)NC3=O)nc2)C1,-8.197866062
CC(C)[C@@H]1CN(C(=O)c2cccc3c2CN([C@@H]2CCC(=O)NC2=O)C3=O)CCN1,-8.321199935
CC(C)[C@H]1CN(C(=O)c2cccc3c2CN([C@@H]2CCC(=O)NC2=O)C3=O)CCN1,-8.529027802
CC(C)[C@@H]1CN(C(=O)c2cccc3c2CN([C@H]2CCC(=O)NC2=O)C3=O)CCN1,-8.279765841
CC(C)[C@H]1CN(C(=O)c2cccc3c2CN([C@H]2CCC(=O)NC2=O)C3=O)CCN1,-8.221379985
N#CN1CC[C@H](c2cccc3c2-c2sc(C(=O)N[C@@H]4CCC(=O)NC4=O)cc2CO3)C1,-8.111127117
N#CN1CC[C@@H](c2cccc3c2-c2sc(C(=O)N[C@@H]4CCC(=O)NC4=O)cc2CO3)C1,-8.111764488
N#CN1CC[C@H](c2cccc3c2-c2sc(C(=O)N[C@H]4CCC(=O)NC4=O)cc2CO3)C1,-8.093415693
N#CN1CC[C@@H](c2cccc3c2-c2sc(C(=O)N[C@H]4CCC(=O)NC4=O)cc2CO3)C1,-8.110375934
CCn1cnc2c(C(=O)Nc3ccc(N[C@@H]4CCC(=O)NC4=O)cc3)ncnc21,-8.073911945
CCn1cnc2c(C(=O)Nc3ccc(N[C@H]4CCC(=O)NC4=O)cc3)ncnc21,-8.090927218
Cn1nc(-c2cccc3c2CN([C@@H]2CCC(=O)NC2=O)C3=O)c2ccc(N)cc21,-7.798296554
Cn1nc(-c2cccc3c2CN([C@H]2CCC(=O)NC2=O)C3=O)c2ccc(N)cc21,-7.714857183
N#CN1CC[C@H](c2ccncc2-c2ccc3c(c2)C(=O)N([C@@H]2CCC(=O)NC2=O)C3)C1,-7.926511095
N#CN1CC[C@@H](c2ccncc2-c2ccc3c(c2)C(=O)N([C@@H]2CCC(=O)NC2=O)C3)C1,-7.952141365
N#CN1CC[C@H](c2ccncc2-c2ccc3c(c2)C(=O)N([C@H]2CCC(=O)NC2=O)C3)C1,-7.723005872
N#CN1CC[C@@H](c2ccncc2-c2ccc3c(c2)C(=O)N([C@H]2CCC(=O)NC2=O)C3)C1,-7.864092245
C[C@H](C(=O)Nc1ccc([C@@H]2CCC(=O)NC2=O)cc1)c1cnc2c(cnn2C)c1,-8.194104548
C[C@@H](C(=O)Nc1ccc([C@@H]2CCC(=O)NC2=O)cc1)c1cnc2c(cnn2C)c1,-8.361859581
C[C@H](C(=O)Nc1ccc([C@H]2CCC(=O)NC2=O)cc1)c1cnc2c(cnn2C)c1,-8.380258313
C[C@@H](C(=O)Nc1ccc([C@H]2CCC(=O)NC2=O)cc1)c1cnc2c(cnn2C)c1,-8.375925877
Cn1cnnc1SC[C@@H]1CCC(=O)NC1=O,-7.699640145
Cn1cnnc1SC[C@H]1CCC(=O)NC1=O,-7.697292286
CN(c1ccnc2c(C#N)cnn12)[C@@H]1CCC(=O)NC1=O,-7.94198975
CN(c1ccnc2c(C#N)cnn12)[C@H]1CCC(=O)NC1=O,-8.080134044
Cc1cc(N[C@@H]2CCC(=O)NC2=O)n2ncc(C#N)c2n1,-8.336762491
Cc1cc(N[C@H]2CCC(=O)NC2=O)n2ncc(C#N)c2n1,-8.337250023
CCc1cc(N(C)[C@@H]2CCC(=O)NC2=O)n2nccc2n1,-7.705022834
CCc1cc(N(C)[C@H]2CCC(=O)NC2=O)n2nccc2n1,-7.711684511
COc1c(Cl)nc2ccnn2c1N[C@@H]1CCC(=O)NC1=O,-8.114420923
COc1c(Cl)nc2ccnn2c1N[C@H]1CCC(=O)NC1=O,-8.114275527
Cc1nn2c(N(C)[C@@H]3CCC(=O)NC3=O)cc(Cl)nc2c1C,-7.832530884
Cc1nn2c(N(C)[C@H]3CCC(=O)NC3=O)cc(Cl)nc2c1C,-7.834927303
COc1c(Cl)nc2ccnn2c1N(C)[C@@H]1CCC(=O)NC1=O,-7.980367444
COc1c(Cl)nc2ccnn2c1N(C)[C@H]1CCC(=O)NC1=O,-8.014351489
O=C1CC[C@H](Nc2ccnc3cc(S(=O)(=O)F)nn23)C(=O)N1,-8.351137667
O=C1CC[C@@H](Nc2ccnc3cc(S(=O)(=O)F)nn23)C(=O)N1,-8.455084139
O=C1CC(c2cccc(NCc3cccc4c3OCO4)c2)CC(=O)N1,-7.548243704
O=CN[C@H](Cc1ccsc1)C(=O)Nc1ccc([C@@H]2CCC(=O)NC2=O)cc1,-7.677618189
O=CN[C@@H](Cc1ccsc1)C(=O)Nc1ccc([C@@H]2CCC(=O)NC2=O)cc1,-7.653657998
O=CN[C@H](Cc1ccsc1)C(=O)Nc1ccc([C@H]2CCC(=O)NC2=O)cc1,-7.632792606
O=CN[C@@H](Cc1ccsc1)C(=O)Nc1ccc([C@H]2CCC(=O)NC2=O)cc1,-7.666679595
O=C1CC[C@H](N2Cc3cc(-c4cccc5c6c([nH]c45)CCC6)ccc3C2=O)C(=O)N1,-7.866975064
O=C1CC[C@@H](N2Cc3cc(-c4cccc5c6c([nH]c45)CCC6)ccc3C2=O)C(=O)N1,-7.883411584
Cc1nn(CC(=O)NCc2cc(C(=O)N[C@@H]3CCC(=O)NC3=O)[nH]n2)c(=O)o1,-7.870262882
Cc1nn(CC(=O)NCc2cc(C(=O)N[C@H]3CCC(=O)NC3=O)[nH]n2)c(=O)o1,-8.1402851
CC[C@@H]1C(=O)NCCN1C(=O)c1ccc2c(c1)CN([C@@H]1CCC(=O)NC1=O)C2=O,-7.91845497
CC[C@H]1C(=O)NCCN1C(=O)c1ccc2c(c1)CN([C@@H]1CCC(=O)NC1=O)C2=O,-8.004837846
CC[C@@H]1C(=O)NCCN1C(=O)c1ccc2c(c1)CN([C@H]1CCC(=O)NC1=O)C2=O,-7.959896026
CC[C@H]1C(=O)NCCN1C(=O)c1ccc2c(c1)CN([C@H]1CCC(=O)NC1=O)C2=O,-8.010244698
N#CN1CCC[C@H](c2c(C3CCCC3)nnn2-c2ccc3c(c2)C(=O)N([C@@H]2CCC(=O)NC2=O)C3)C1,-7.949888916
N#CN1CCC[C@@H](c2c(C3CCCC3)nnn2-c2ccc3c(c2)C(=O)N([C@@H]2CCC(=O)NC2=O)C3)C1,-7.962250541
N#CN1CCC[C@H](c2c(C3CCCC3)nnn2-c2ccc3c(c2)C(=O)N([C@H]2CCC(=O)NC2=O)C3)C1,-8.016357815
N#CN1CCC[C@@H](c2c(C3CCCC3)nnn2-c2ccc3c(c2)C(=O)N([C@H]2CCC(=O)NC2=O)C3)C1,-7.983070834
N#CN1CCC[C@H](c2cncc(-c3ccc(C(=O)N[C@@H]4CCC(=O)NC4=O)cc3)c2)C1,-7.918682094
N#CN1CCC[C@@H](c2cncc(-c3ccc(C(=O)N[C@@H]4CCC(=O)NC4=O)cc3)c2)C1,-7.694227012
N#CN1CCC[C@H](c2cncc(-c3ccc(C(=O)N[C@H]4CCC(=O)NC4=O)cc3)c2)C1,-7.693601361
N#CN1CCC[C@@H](c2cncc(-c3ccc(C(=O)N[C@H]4CCC(=O)NC4=O)cc3)c2)C1,-7.826078885
COc1c[nH]c(C(=O)N[C@@H]2CCC(=O)NC2=O)cc1=O,-8.175806247
COc1c[nH]c(C(=O)N[C@H]2CCC(=O)NC2=O)cc1=O,-8.175506227
O=C(NCCc1cnc2ccccc2c1)c1ccc2c(c1)C(=O)NC2=O,-7.901106575
Cc1c(C(=O)N[C@@H]2CCC(=O)NC2=O)ccc2c1NCCO2,-7.904614778
Cc1c(C(=O)N[C@H]2CCC(=O)NC2=O)ccc2c1NCCO2,-7.904373103
O=C1CC[C@H](NC(=O)c2ccc(Oc3ccc4c(c3)OCO4)o2)C(=O)N1,-7.844033797
O=C1CC[C@@H](NC(=O)c2ccc(Oc3ccc4c(c3)OCO4)o2)C(=O)N1,-7.845498226
Nc1ncc2c(-c3ccc4c(c3)CN([C@@H]3CCC(=O)NC3=O)C4=O)cccc2n1,-8.016449802
Nc1ncc2c(-c3ccc4c(c3)CN([C@H]3CCC(=O)NC3=O)C4=O)cccc2n1,-8.017339759
N#CN1CCC[C@H](c2ccccc2NC(=O)c2cccc3c2CN([C@@H]2CCC(=O)NC2=O)C3=O)C1,-7.677868926
N#CN1CCC[C@@H](c2ccccc2NC(=O)c2cccc3c2CN([C@@H]2CCC(=O)NC2=O)C3=O)C1,-7.817482941
N#CN1CCC[C@H](c2ccccc2NC(=O)c2cccc3c2CN([C@H]2CCC(=O)NC2=O)C3=O)C1,-7.929109875
N#CN1CCC[C@@H](c2ccccc2NC(=O)c2cccc3c2CN([C@H]2CCC(=O)NC2=O)C3=O)C1,-7.825397547
COc1cnnc(C(=O)NCc2[nH]ncc2C(=O)N[C@@H]2CCC(=O)NC2=O)c1,-8.021816218
COc1cnnc(C(=O)NCc2[nH]ncc2C(=O)N[C@H]2CCC(=O)NC2=O)c1,-8.023345266
N#CN1CC[C@H](c2cc3c(cc2C(=O)Nc2ccc([C@@H]4CCC(=O)NC4=O)cc2)CCC3)C1,-7.708848215
N#CN1CC[C@@H](c2cc3c(cc2C(=O)Nc2ccc([C@@H]4CCC(=O)NC4=O)cc2)CCC3)C1,-7.706779778
N#CN1CC[C@H](c2cc3c(cc2C(=O)Nc2ccc([C@H]4CCC(=O)NC4=O)cc2)CCC3)C1,-7.693189956
N#CN1CC[C@@H](c2cc3c(cc2C(=O)Nc2ccc([C@H]4CCC(=O)NC4=O)cc2)CCC3)C1,-7.694881565
O=C(Nc1ncn(Cc2cccc(F)c2)n1)c1cccc2c1C(=O)NC2,-7.752837762
C[C@@H]1CN(Cc2ccc(C(=O)N[C@@H]3CCC(=O)NC3=O)cc2)C[C@H](C)O1,-7.554841528
C[C@H]1CN(Cc2ccc(C(=O)N[C@@H]3CCC(=O)NC3=O)cc2)C[C@H](C)O1,-7.550450653
C[C@@H]1CN(Cc2ccc(C(=O)N[C@H]3CCC(=O)NC3=O)cc2)C[C@H](C)O1,-7.548321231
C[C@H]1CN(Cc2ccc(C(=O)N[C@H]3CCC(=O)NC3=O)cc2)C[C@H](C)O1,-7.605080406
C[C@@H]1CN(Cc2ccc(C(=O)N[C@@H]3CCC(=O)NC3=O)cc2)C[C@@H](C)O1,-7.500187582
C[C@@H]1CN(Cc2ccc(C(=O)N[C@H]3CCC(=O)NC3=O)cc2)C[C@@H](C)O1,-7.511559992
Cn1cc(C(=O)N[C@@H]2CCC(=O)NC2=O)c(-c2ccc(Cl)s2)n1,-8.026535294
Cn1cc(C(=O)N[C@H]2CCC(=O)NC2=O)c(-c2ccc(Cl)s2)n1,-8.026485122
N#CN1CCC[C@H](c2cc(-c3ncc(C(=O)N[C@@H]4CCC(=O)NC4=O)s3)ccn2)C1,-8.222183858
N#CN1CCC[C@@H](c2cc(-c3ncc(C(=O)N[C@@H]4CCC(=O)NC4=O)s3)ccn2)C1,-8.226665592
N#CN1CCC[C@H](c2cc(-c3ncc(C(=O)N[C@H]4CCC(=O)NC4=O)s3)ccn2)C1,-8.592051853
N#CN1CCC[C@@H](c2cc(-c3ncc(C(=O)N[C@H]4CCC(=O)NC4=O)s3)ccn2)C1,-8.603505435
COc1ccc(C(=O)N[C@@H]2CCC(=O)NC2=O)cc1OC1CCN(C)CC1,-7.9625659
COc1ccc(C(=O)N[C@H]2CCC(=O)NC2=O)cc1OC1CCN(C)CC1,-7.955073491
NC[C@H]1CC[C@@H](NC(=O)c2ccc3c(c2)C(=O)N([C@@H]2CCC(=O)NC2=O)C3)CC1,-7.875762028
NC[C@H]1CC[C@H](NC(=O)c2ccc3c(c2)C(=O)N([C@@H]2CCC(=O)NC2=O)C3)CC1,-7.856649044
NC[C@H]1CC[C@@H](NC(=O)c2ccc3c(c2)C(=O)N([C@H]2CCC(=O)NC2=O)C3)CC1,-7.947358652
NC[C@H]1CC[C@H](NC(=O)c2ccc3c(c2)C(=O)N([C@H]2CCC(=O)NC2=O)C3)CC1,-7.965888363
CN(C(=O)c1ccc2c(c1)C(=O)N([C@@H]1CCC(=O)NC1=O)C2)C1CCCCC1,-7.915032081
CN(C(=O)c1ccc2c(c1)C(=O)N([C@H]1CCC(=O)NC1=O)C2)C1CCCCC1,-7.93564555
Cc1cn(C2CCOCC2)nc1C(=O)N[C@@H]1CCC(=O)NC1=O,-8.056457276
Cc1cn(C2CCOCC2)nc1C(=O)N[C@H]1CCC(=O)NC1=O,-8.057212066
CC(C)c1nn(C)c2sc(C(=O)N[C@@H]3CCC(=O)NC3=O)cc12,-7.889794142
CC(C)c1nn(C)c2sc(C(=O)N[C@H]3CCC(=O)NC3=O)cc12,-7.889946715
O=C1CC[C@H](NC(=O)c2cc3c(S(=O)(=O)F)n[nH]c3s2)C(=O)N1,-8.285405941
O=C1CC[C@@H](NC(=O)c2cc3c(S(=O)(=O)F)n[nH]c3s2)C(=O)N1,-8.262689146
Cn1nc([C@@H]2CCC(=O)NC2=O)c2ccc(NC(=O)NCC3=CCCCC3)cc21,-7.977322996
Cn1nc([C@H]2CCC(=O)NC2=O)c2ccc(NC(=O)NCC3=CCCCC3)cc21,-7.983953024
O=C1CC[C@H](NC(=O)c2nnn3cc(S(=O)(=O)F)ccc23)C(=O)N1,-8.87082188
O=C1CC[C@@H](NC(=O)c2nnn3cc(S(=O)(=O)F)ccc23)C(=O)N1,-9.04881985
O=C1CC[C@H](NC(=O)c2nnn3c(S(=O)(=O)F)cccc23)C(=O)N1,-9.210782739
O=C1CC[C@@H](NC(=O)c2nnn3c(S(=O)(=O)F)cccc23)C(=O)N1,-9.400469148
O=C1CC[C@H](NC(=O)c2nnn3ccc(OS(=O)(=O)F)cc23)C(=O)N1,-8.737478608
O=C1CC[C@@H](NC(=O)c2nnn3ccc(OS(=O)(=O)F)cc23)C(=O)N1,-8.417421547
O=C1CC[C@H](NC(=O)c2nnn3ccccc23)C(=O)N1,-8.280416416
O=C1CC[C@@H](NC(=O)c2nnn3ccccc23)C(=O)N1,-8.28052902
N#CN1CC[C@H](c2cnnn2-c2cncc(C(=O)N[C@@H]3CCC(=O)NC3=O)c2)C1,-8.570998967
N#CN1CC[C@@H](c2cnnn2-c2cncc(C(=O)N[C@@H]3CCC(=O)NC3=O)c2)C1,-8.337646219
N#CN1CC[C@H](c2cnnn2-c2cncc(C(=O)N[C@H]3CCC(=O)NC3=O)c2)C1,-9.025734993
N#CN1CC[C@@H](c2cnnn2-c2cncc(C(=O)N[C@H]3CCC(=O)NC3=O)c2)C1,-9.031909918
N#CN1CC[C@H](c2ccccc2-n2nc(C(=O)N[C@@H]3CCC(=O)NC3=O)ccc2=O)C1,-8.554710017
N#CN1CC[C@@H](c2ccccc2-n2nc(C(=O)N[C@@H]3CCC(=O)NC3=O)ccc2=O)C1,-8.54299511
N#CN1CC[C@H](c2ccccc2-n2nc(C(=O)N[C@H]3CCC(=O)NC3=O)ccc2=O)C1,-8.59170884
N#CN1CC[C@@H](c2ccccc2-n2nc(C(=O)N[C@H]3CCC(=O)NC3=O)ccc2=O)C1,-8.558898542
N#CN1CC[C@H](c2c(C(=O)Nc3cccc([C@@H]4CCC(=O)NC4=O)c3)ccc3c2CCCC3)C1,-7.642015278
N#CN1CC[C@@H](c2c(C(=O)Nc3cccc([C@@H]4CCC(=O)NC4=O)c3)ccc3c2CCCC3)C1,-7.405259311
N#CN1CC[C@H](c2c(C(=O)Nc3cccc([C@H]4CCC(=O)NC4=O)c3)ccc3c2CCCC3)C1,-7.672762742
N#CN1CC[C@@H](c2c(C(=O)Nc3cccc([C@H]4CCC(=O)NC4=O)c3)ccc3c2CCCC3)C1,-7.203986509
Cc1nc2ncnn2c(Nc2cccc([C@@H]3CCC(=O)NC3=O)c2)c1F,-7.867908742
Cc1nc2ncnn2c(Nc2cccc([C@H]3CCC(=O)NC3=O)c2)c1F,-7.866929466
N#CN1CCC[C@H](c2ccc3c(c2)C[C@H](Nc2ccc(N4CCC(=O)NC4=O)cc2)CO3)C1,-7.148271204
N#CN1CCC[C@@H](c2ccc3c(c2)C[C@H](Nc2ccc(N4CCC(=O)NC4=O)cc2)CO3)C1,-6.913607405
N#CN1CCC[C@H](c2ccc3c(c2)C[C@@H](Nc2ccc(N4CCC(=O)NC4=O)cc2)CO3)C1,-7.173258709
N#CN1CCC[C@@H](c2ccc3c(c2)C[C@@H](Nc2ccc(N4CCC(=O)NC4=O)cc2)CO3)C1,-7.149082821
O=C1CC[C@H](N2CCc3c(C4CCNCC4)cccc32)C(=O)N1,-7.727691825
O=C1CC[C@@H](N2CCc3c(C4CCNCC4)cccc32)C(=O)N1,-7.710620232
C=CC(=O)NCC[C@@H]1CCCCN1C(=O)C[C@@H]1NC(=O)c2ccccc21,-7.161122599
C=CC(=O)NCC[C@H]1CCCCN1C(=O)C[C@@H]1NC(=O)c2ccccc21,-7.224575956
C=CC(=O)NCC[C@@H]1CCCCN1C(=O)C[C@H]1NC(=O)c2ccccc21,-7.38709026
C=CC(=O)NCC[C@H]1CCCCN1C(=O)C[C@H]1NC(=O)c2ccccc21,-7.363038966
COc1ccc(Cn2ccnc2C(=O)N[C@@H]2CCC(=O)NC2=O)cc1,-8.398287765
COc1ccc(Cn2ccnc2C(=O)N[C@H]2CCC(=O)NC2=O)cc1,-8.387374099
O=C1CC[C@H](Nc2cnc3cc(Cl)ccc3n2)C(=O)N1,-8.464981513
O=C1CC[C@@H](Nc2cnc3cc(Cl)ccc3n2)C(=O)N1,-8.464302039
CN(c1cnc2cc(F)c(F)cc2n1)[C@@H]1CCC(=O)NC1=O,-8.711163476
CN(c1cnc2cc(F)c(F)cc2n1)[C@H]1CCC(=O)NC1=O,-8.646145809
O=C1CC[C@H](Nc2cnc3ccccc3n2)C(=O)N1,-8.088146191
O=C1CC[C@@H](Nc2cnc3ccccc3n2)C(=O)N1,-8.088045365
O=C1CC[C@H](Nc2cnc3cccc(S(=O)(=O)F)c3n2)C(=O)N1,-8.810518683
O=C1CC[C@@H](Nc2cnc3cccc(S(=O)(=O)F)c3n2)C(=O)N1,-9.135277575
O=C1CC[C@H](Nc2cnc3c(S(=O)(=O)F)cccc3n2)C(=O)N1,-7.526330034
O=C1CC[C@@H](Nc2cnc3c(S(=O)(=O)F)cccc3n2)C(=O)N1,-7.673495316
O=C1CC[C@H](Nc2cnc3c(F)cccc3n2)C(=O)N1,-8.463050667
O=C1CC[C@@H](Nc2cnc3c(F)cccc3n2)C(=O)N1,-8.463247339
O=C1CC[C@H](N2Cc3ccc(CNC(=O)NCc4ccco4)cc3C2=O)C(=O)N1,-7.933704187
O=C1CC[C@@H](N2Cc3ccc(CNC(=O)NCc4ccco4)cc3C2=O)C(=O)N1,-7.891006381
O=C1CC[C@H](NC(=O)c2ncn3c2COc2ccc(S(=O)(=O)F)cc2-3)C(=O)N1,-7.901600342
O=C1CC[C@@H](NC(=O)c2ncn3c2COc2ccc(S(=O)(=O)F)cc2-3)C(=O)N1,-8.095460048
O=C1CC[C@H](NC(=O)c2ncn3c2COc2cccc(S(=O)(=O)F)c2-3)C(=O)N1,-7.893986753
O=C1CC[C@@H](NC(=O)c2ncn3c2COc2cccc(S(=O)(=O)F)c2-3)C(=O)N1,-8.092228974
O=C1CC[C@H](NC(=O)c2nc(S(=O)(=O)F)n3c2COc2ccccc2-3)C(=O)N1,-8.052217178
O=C1CC[C@@H](NC(=O)c2nc(S(=O)(=O)F)n3c2COc2ccccc2-3)C(=O)N1,-7.970548459
O=C1CC[C@H](NC(=O)c2ncn3c2COc2ccc(OS(=O)(=O)F)cc2-3)C(=O)N1,-7.909350758
O=C1CC[C@@H](NC(=O)c2ncn3c2COc2ccc(OS(=O)(=O)F)cc2-3)C(=O)N1,-7.933903007
O=C1CC[C@H](NC(=O)c2ncn3c2COc2cc(OS(=O)(=O)F)ccc2-3)C(=O)N1,-7.940481314
O=C1CC[C@@H](NC(=O)c2ncn3c2COc2cc(OS(=O)(=O)F)ccc2-3)C(=O)N1,-7.939555189
O=C1CC[C@H](NC(=O)c2ncn3c2COc2ccccc2-3)C(=O)N1,-7.79378764
O=C1CC[C@@H](NC(=O)c2ncn3c2COc2ccccc2-3)C(=O)N1,-7.794586169
Cc1cc(-c2ccccc2COc2ccccc2)ccc1N1CCC(=O)NC1=O,-7.224658271
N#CN1CCC[C@H](c2ccc(-c3ncc(C(=O)N[C@@H]4CCC(=O)NC4=O)s3)nc2)C1,-8.501082737
N#CN1CCC[C@@H](c2ccc(-c3ncc(C(=O)N[C@@H]4CCC(=O)NC4=O)s3)nc2)C1,-8.268972452
N#CN1CCC[C@H](c2ccc(-c3ncc(C(=O)N[C@H]4CCC(=O)NC4=O)s3)nc2)C1,-8.265855686
N#CN1CCC[C@@H](c2ccc(-c3ncc(C(=O)N[C@H]4CCC(=O)NC4=O)s3)nc2)C1,-8.312634753
O=C1CC[C@H](NC(=O)c2ccc3ccn(CC(F)F)c3c2)C(=O)N1,-7.976153965
O=C1CC[C@@H](NC(=O)c2ccc3ccn(CC(F)F)c3c2)C(=O)N1,-7.977064876
O=C1CC[C@H](NC(=O)c2cc(S(=O)(=O)F)c3cc[nH]c3c2)C(=O)N1,-8.062665169
O=C1CC[C@@H](NC(=O)c2cc(S(=O)(=O)F)c3cc[nH]c3c2)C(=O)N1,-8.31703078
O=C1CC[C@H](NC(=O)c2ccc3c(S(=O)(=O)F)c[nH]c3c2)C(=O)N1,-7.989699921
O=C1CC[C@@H](NC(=O)c2ccc3c(S(=O)(=O)F)c[nH]c3c2)C(=O)N1,-8.086221122
O=C1CC[C@H](NC(=O)c2ccc3cc(S(=O)(=O)F)[nH]c3c2)C(=O)N1,-8.333391327
O=C1CC[C@@H](NC(=O)c2ccc3cc(S(=O)(=O)F)[nH]c3c2)C(=O)N1,-8.092442608
O=C1CC[C@H](NC(=O)c2ccc3cc[nH]c3c2)C(=O)N1,-7.848157779
O=C1CC[C@@H](NC(=O)c2ccc3cc[nH]c3c2)C(=O)N1,-7.90224909
O=C1CC[C@H](c2ccc(NC(=O)c3cc(O)nc4c3CNCC4)cc2)C(=O)N1,-7.674431655
O=C1CC[C@@H](c2ccc(NC(=O)c3cc(O)nc4c3CNCC4)cc2)C(=O)N1,-7.674264667
N#CN1CC[C@H](c2c[nH]cc(C(=O)Nc3ccc([C@@H]4CCC(=O)NC4=O)cc3)c2=O)C1,-7.869989342
N#CN1CC[C@@H](c2c[nH]cc(C(=O)Nc3ccc([C@@H]4CCC(=O)NC4=O)cc3)c2=O)C1,-7.882037064
N#CN1CC[C@H](c2c[nH]cc(C(=O)Nc3ccc([C@H]4CCC(=O)NC4=O)cc3)c2=O)C1,-7.810816664
N#CN1CC[C@@H](c2c[nH]cc(C(=O)Nc3ccc([C@H]4CCC(=O)NC4=O)cc3)c2=O)C1,-7.940913635
O=C1CC[C@H](NC(=O)c2ccc([C@@H]3CCOC3)s2)C(=O)N1,-7.957897019
O=C1CC[C@@H](NC(=O)c2ccc([C@@H]3CCOC3)s2)C(=O)N1,-7.957061354
O=C1CC[C@H](NC(=O)c2ccc([C@H]3CCOC3)s2)C(=O)N1,-7.979453246
O=C1CC[C@@H](NC(=O)c2ccc([C@H]3CCOC3)s2)C(=O)N1,-7.979119417
N#CN1CCC[C@H](c2cnn(C3CC3)c2-c2ccc3c(c2)CN([C@@H]2CCC(=O)NC2=O)C3=O)C1,-7.911151472
N#CN1CCC[C@@H](c2cnn(C3CC3)c2-c2ccc3c(c2)CN([C@@H]2CCC(=O)NC2=O)C3=O)C1,-7.924061659
N#CN1CCC[C@H](c2cnn(C3CC3)c2-c2ccc3c(c2)CN([C@H]2CCC(=O)NC2=O)C3=O)C1,-7.805387563
N#CN1CCC[C@@H](c2cnn(C3CC3)c2-c2ccc3c(c2)CN([C@H]2CCC(=O)NC2=O)C3=O)C1,-7.851584283
O=C1CC[C@H](N2Cc3ccc(-n4cc(C5CCCC5)nn4)cc3C2=O)C(=O)N1,-8.004802435
O=C1CC[C@@H](N2Cc3ccc(-n4cc(C5CCCC5)nn4)cc3C2=O)C(=O)N1,-8.007472291
O=C1CCN(c2cccc(C(=O)Nc3cnn([C@@H]4CNCCOC4)c3)c2)C(=O)N1,-7.791234192
O=C1CCN(c2cccc(C(=O)Nc3cnn([C@H]4CNCCOC4)c3)c2)C(=O)N1,-7.959504171
O=C1CC[C@H](N2Cc3cc(-c4cnn5ccc(NC6CCCCC6)nc45)ccc3C2=O)C(=O)N1,-7.731589897
O=C1CC[C@@H](N2Cc3cc(-c4cnn5ccc(NC6CCCCC6)nc45)ccc3C2=O)C(=O)N1,-7.707477266
O=C1CC[C@H](N2Cc3cc(-c4cnn5ccc(NC6CCC(F)(F)CC6)nc45)ccc3C2=O)C(=O)N1,-7.856338476
O=C1CC[C@@H](N2Cc3cc(-c4cnn5ccc(NC6CCC(F)(F)CC6)nc45)ccc3C2=O)C(=O)N1,-7.724873602
O=C1CC[C@H](N2Cc3cc(-c4cc(S(=O)(=O)F)ns4)ccc3C2=O)C(=O)N1,-8.725683076
O=C1CC[C@@H](N2Cc3cc(-c4cc(S(=O)(=O)F)ns4)ccc3C2=O)C(=O)N1,-8.726704569
O=C1CC[C@H](N2Cc3cc(-c4sncc4S(=O)(=O)F)ccc3C2=O)C(=O)N1,-8.418314904
O=C1CC[C@@H](N2Cc3cc(-c4sncc4S(=O)(=O)F)ccc3C2=O)C(=O)N1,-8.595597491
O=C1CC[C@H](N2Cc3cc(-c4ccns4)c(S(=O)(=O)F)cc3C2=O)C(=O)N1,-8.430754401
O=C1CC[C@@H](N2Cc3cc(-c4ccns4)c(S(=O)(=O)F)cc3C2=O)C(=O)N1,-8.442712679
O=C1CC[C@H](N2Cc3cc(-c4cc(OS(=O)(=O)F)ns4)ccc3C2=O)C(=O)N1,-8.212531347
O=C1CC[C@@H](N2Cc3cc(-c4cc(OS(=O)(=O)F)ns4)ccc3C2=O)C(=O)N1,-8.418526831
O=C1CC[C@H](N2Cc3cc(-c4sncc4OS(=O)(=O)F)ccc3C2=O)C(=O)N1,-8.046369246
O=C1CC[C@@H](N2Cc3cc(-c4sncc4OS(=O)(=O)F)ccc3C2=O)C(=O)N1,-8.350365424
Cc1cc(-c2ccc3c(c2)CN([C@@H]2CCC(=O)NC2=O)C3=O)sn1,-7.935209347
Cc1cc(-c2ccc3c(c2)CN([C@H]2CCC(=O)NC2=O)C3=O)sn1,-7.960213666
Cc1cn2cc(C(=O)Nc3ccc(N[C@@H]4CCC(=O)NC4=O)cc3)cc2c(C)n1,-7.834108264
Cc1cn2cc(C(=O)Nc3ccc(N[C@H]4CCC(=O)NC4=O)cc3)cc2c(C)n1,-7.828045576
O=C1CC[C@H](NC(=O)c2occc2COc2cccc(-c3nn[nH]n3)c2)C(=O)N1,-7.908658852
O=C1CC[C@@H](NC(=O)c2occc2COc2cccc(-c3nn[nH]n3)c2)C(=O)N1,-7.897874815
N#CN1CC[C@H](c2ccc3ccc(C(=O)N[C@@H]4CCC(=O)NC4=O)cc3c2)C1,-8.043662429
N#CN1CC[C@@H](c2ccc3ccc(C(=O)N[C@@H]4CCC(=O)NC4=O)cc3c2)C1,-8.051532864
N#CN1CC[C@H](c2ccc3ccc(C(=O)N[C@H]4CCC(=O)NC4=O)cc3c2)C1,-8.044753588
N#CN1CC[C@@H](c2ccc3ccc(C(=O)N[C@H]4CCC(=O)NC4=O)cc3c2)C1,-8.045034101
O=C1CC[C@H](NC(=O)c2[nH]ncc2-c2ccncc2)C(=O)N1,-8.117962161
O=C1CC[C@@H](NC(=O)c2[nH]ncc2-c2ccncc2)C(=O)N1,-8.117844076
O=C1CC[C@H](NC(=O)c2ccsc2NC(=O)c2ccc3c(c2)CCC3)C(=O)N1,-7.953042241
O=C1CC[C@@H](NC(=O)c2ccsc2NC(=O)c2ccc3c(c2)CCC3)C(=O)N1,-7.954337903
O=C1CC[C@H](Nc2cccc(NC(=O)CN3CCNCC3)c2)C(=O)N1,-7.983228781
O=C1CC[C@@H](Nc2cccc(NC(=O)CN3CCNCC3)c2)C(=O)N1,-7.859221584
CCN(Cc1ccccc1)c1ccc(C(=O)N[C@@H]2CCC(=O)NC2=O)cc1,-7.554184037
CCN(Cc1ccccc1)c1ccc(C(=O)N[C@H]2CCC(=O)NC2=O)cc1,-7.553969141
O=C1CC[C@H](NC(=O)c2scc3c2CCCC3)C(=O)N1,-7.864956358
O=C1CC[C@@H](NC(=O)c2scc3c2CCCC3)C(=O)N1,-7.759881965
O=C1CC[C@H](NC(=O)c2sc(S(=O)(=O)F)c3c2CCCC3)C(=O)N1,-8.240811212
O=C1CC[C@@H](NC(=O)c2sc(S(=O)(=O)F)c3c2CCCC3)C(=O)N1,-8.241187624
Cc1cnn(CC(=O)Nc2ccc3c(c2)C(=O)N([C@@H]2CCC(=O)NC2=O)C3=O)c1,-8.637052151
Cc1cnn(CC(=O)Nc2ccc3c(c2)C(=O)N([C@H]2CCC(=O)NC2=O)C3=O)c1,-8.636272638
O=C1CC[C@H](N2Cc3cccc(CNC(=O)Nc4ccccc4)c3C2=O)C(=O)N1,-7.809775798
O=C1CC[C@@H](N2Cc3cccc(CNC(=O)Nc4ccccc4)c3C2=O)C(=O)N1,-7.790764275
N#CN1CCC[C@H](c2ccn(Cc3cn([C@@H]4CCC(=O)NC4=O)nn3)c(=O)c2)C1,-8.376819806
N#CN1CCC[C@@H](c2ccn(Cc3cn([C@@H]4CCC(=O)NC4=O)nn3)c(=O)c2)C1,-8.304067828
N#CN1CCC[C@H](c2ccn(Cc3cn([C@H]4CCC(=O)NC4=O)nn3)c(=O)c2)C1,-8.275751009
N#CN1CCC[C@@H](c2ccn(Cc3cn([C@H]4CCC(=O)NC4=O)nn3)c(=O)c2)C1,-8.276799299
N#CN1CC[C@H](c2nc(C(=O)Nc3ccc([C@@H]4CCC(=O)NC4=O)cc3)c[nH]2)C1,-7.463932608
N#CN1CC[C@@H](c2nc(C(=O)Nc3ccc([C@@H]4CCC(=O)NC4=O)cc3)c[nH]2)C1,-7.468875841
N#CN1CC[C@H](c2nc(C(=O)Nc3ccc([C@H]4CCC(=O)NC4=O)cc3)c[nH]2)C1,-7.46264292
N#CN1CC[C@@H](c2nc(C(=O)Nc3ccc([C@H]4CCC(=O)NC4=O)cc3)c[nH]2)C1,-8.125849337
C[C@H](NC(=O)c1ccc2c(c1)C(=O)N([C@@H]1CCC(=O)NC1=O)C2)c1nccs1,-7.922222078
C[C@@H](NC(=O)c1ccc2c(c1)C(=O)N([C@@H]1CCC(=O)NC1=O)C2)c1nccs1,-7.921079505
C[C@H](NC(=O)c1ccc2c(c1)C(=O)N([C@H]1CCC(=O)NC1=O)C2)c1nccs1,-7.924193683
C[C@@H](NC(=O)c1ccc2c(c1)C(=O)N([C@H]1CCC(=O)NC1=O)C2)c1nccs1,-7.928915357
O=C1CC[C@H](N2Cc3cc(N4CCNCC4)ccc3C2=O)C(=O)N1,-7.775391515
O=C1CC[C@@H](N2Cc3cc(N4CCNCC4)ccc3C2=O)C(=O)N1,-7.7597375
N#CN1CC[C@H](c2cccc(-c3csc(C(=O)N[C@@H]4CCC(=O)NC4=O)c3)c2)C1,-8.080118225
N#CN1CC[C@@H](c2cccc(-c3csc(C(=O)N[C@@H]4CCC(=O)NC4=O)c3)c2)C1,-8.044179411
N#CN1CC[C@H](c2cccc(-c3csc(C(=O)N[C@H]4CCC(=O)NC4=O)c3)c2)C1,-8.036130241
N#CN1CC[C@@H](c2cccc(-c3csc(C(=O)N[C@H]4CCC(=O)NC4=O)c3)c2)C1,-8.022917404
O=C1CC[C@H](N2Cc3c(NC(=O)C[C@@H]4CC=CCC4)cccc3C2=O)C(=O)N1,-7.781301954
O=C1CC[C@@H](N2Cc3c(NC(=O)C[C@@H]4CC=CCC4)cccc3C2=O)C(=O)N1,-7.748071243
O=C1CC[C@H](N2Cc3c(NC(=O)C[C@H]4CC=CCC4)cccc3C2=O)C(=O)N1,-7.760708325
O=C1CC[C@@H](N2Cc3c(NC(=O)C[C@H]4CC=CCC4)cccc3C2=O)C(=O)N1,-7.758303044
Cc1cnn(-c2c(C(=O)N[C@@H]3CCC(=O)NC3=O)c(C)nn2C)c1,-8.04080566
Cc1cnn(-c2c(C(=O)N[C@H]3CCC(=O)NC3=O)c(C)nn2C)c1,-8.040035054
CN(Cc1ccco1)C(=O)NCC(=O)Nc1ccc([C@@H]2CCC(=O)NC2=O)cc1,-7.765434551
CN(Cc1ccco1)C(=O)NCC(=O)Nc1ccc([C@H]2CCC(=O)NC2=O)cc1,-7.795792946
Cc1nc(-c2ccc3c(c2)CN([C@@H]2CCC(=O)NC2=O)C3=O)c2cc[nH]c2n1,-7.854367157
Cc1nc(-c2ccc3c(c2)CN([C@H]2CCC(=O)NC2=O)C3=O)c2cc[nH]c2n1,-7.816198963
Cc1cc2c(-c3ccc4c(c3)CN([C@@H]3CCC(=O)NC3=O)C4=O)ncnc2[nH]1,-8.025297459
Cc1cc2c(-c3ccc4c(c3)CN([C@H]3CCC(=O)NC3=O)C4=O)ncnc2[nH]1,-8.022367843
O=C1CC[C@H](NC(=O)c2ccc(Cl)cc2NCCCn2cccn2)C(=O)N1,-8.135253832
O=C1CC[C@@H](NC(=O)c2ccc(Cl)cc2NCCCn2cccn2)C(=O)N1,-8.092605526
CCc1cc(C(=O)N[C@@H]2CCC(=O)NC2=O)sc1-c1ccccc1,-7.913878997
CCc1cc(C(=O)N[C@H]2CCC(=O)NC2=O)sc1-c1ccccc1,-7.913525389
CCOc1cc(-c2ccccc2)sc1C(=O)N[C@@H]1CCC(=O)NC1=O,-7.784351875
CCOc1cc(-c2ccccc2)sc1C(=O)N[C@H]1CCC(=O)NC1=O,-7.784184535
Cc1cc(C(=O)N[C@@H]2CCC(=O)NC2=O)sc1-c1cccc(Cl)c1,-7.972360202
Cc1cc(C(=O)N[C@H]2CCC(=O)NC2=O)sc1-c1cccc(Cl)c1,-7.972365365
N#CN1CCC[C@H](c2ccnc(-c3ccc4c(c3)C(=O)N([C@@H]3CCC(=O)NC3=O)C4)c2)C1,-7.795461196
N#CN1CCC[C@@H](c2ccnc(-c3ccc4c(c3)C(=O)N([C@@H]3CCC(=O)NC3=O)C4)c2)C1,-7.818864088
N#CN1CCC[C@H](c2ccnc(-c3ccc4c(c3)C(=O)N([C@H]3CCC(=O)NC3=O)C4)c2)C1,-7.932143954
N#CN1CCC[C@@H](c2ccnc(-c3ccc4c(c3)C(=O)N([C@H]3CCC(=O)NC3=O)C4)c2)C1,-7.875104312
Cc1ccc(CNC(=O)c2ccc3c(c2)C(=O)N([C@@H]2CCC(=O)NC2=O)C3)s1,-7.996694432
Cc1ccc(CNC(=O)c2ccc3c(c2)C(=O)N([C@H]2CCC(=O)NC2=O)C3)s1,-7.999784296
O=C1CC[C@H](N2Cc3cc(NC(=O)N4CCCC4)ccc3C2=O)C(=O)N1,-7.745253725
O=C1CC[C@@H](N2Cc3cc(NC(=O)N4CCCC4)ccc3C2=O)C(=O)N1,-7.738711633
CC1(C)CCCN1C(=O)Nc1ccc2c(c1)CN([C@@H]1CCC(=O)NC1=O)C2=O,-7.777844551
CC1(C)CCCN1C(=O)Nc1ccc2c(c1)CN([C@H]1CCC(=O)NC1=O)C2=O,-7.770401865
CC1(C)CCN(C(=O)Nc2ccc3c(c2)CN([C@@H]2CCC(=O)NC2=O)C3=O)C1,-7.762942758
CC1(C)CCN(C(=O)Nc2ccc3c(c2)CN([C@H]2CCC(=O)NC2=O)C3=O)C1,-7.756196014
N#CN1CC[C@H](c2cc(Nc3ccc([C@@H]4CCC(=O)NC4=O)cc3)ncn2)C1,-7.737597117
N#CN1CC[C@@H](c2cc(Nc3ccc([C@@H]4CCC(=O)NC4=O)cc3)ncn2)C1,-7.717474553
N#CN1CC[C@H](c2cc(Nc3ccc([C@H]4CCC(=O)NC4=O)cc3)ncn2)C1,-7.706785574
N#CN1CC[C@@H](c2cc(Nc3ccc([C@H]4CCC(=O)NC4=O)cc3)ncn2)C1,-7.676533343
O=C1CC[C@H](NC(=O)c2nc3ccccc3cc2C2CC2)C(=O)N1,-8.141381845
O=C1CC[C@@H](NC(=O)c2nc3ccccc3cc2C2CC2)C(=O)N1,-8.141354954
N#CN1CC[C@H](c2nnn3c2CO[C@@H]2CN(C(=O)c4ccc(N5CCC(=O)NC5=O)cc4)C[C@H]23)C1,-7.587722887
N#CN1CC[C@@H](c2nnn3c2CO[C@@H]2CN(C(=O)c4ccc(N5CCC(=O)NC5=O)cc4)C[C@H]23)C1,-7.550410509
N#CN1CC[C@H](c2nnn3c2CO[C@H]2CN(C(=O)c4ccc(N5CCC(=O)NC5=O)cc4)C[C@H]23)C1,-7.596909666
N#CN1CC[C@@H](c2nnn3c2CO[C@H]2CN(C(=O)c4ccc(N5CCC(=O)NC5=O)cc4)C[C@H]23)C1,-7.571998221
N#CN1CC[C@H](c2nnn3c2CO[C@@H]2CN(C(=O)c4ccc(N5CCC(=O)NC5=O)cc4)C[C@@H]23)C1,-7.565851182
N#CN1CC[C@@H](c2nnn3c2CO[C@@H]2CN(C(=O)c4ccc(N5CCC(=O)NC5=O)cc4)C[C@@H]23)C1,-7.527108508
N#CN1CC[C@H](c2nnn3c2CO[C@H]2CN(C(=O)c4ccc(N5CCC(=O)NC5=O)cc4)C[C@@H]23)C1,-7.58870896
N#CN1CC[C@@H](c2nnn3c2CO[C@H]2CN(C(=O)c4ccc(N5CCC(=O)NC5=O)cc4)C[C@@H]23)C1,-7.589399493
N#CN1CC[C@H](c2cc(-c3ccc4c(c3)CN([C@@H]3CCC(=O)NC3=O)C4=O)n[nH]2)C1,-7.822364039
N#CN1CC[C@@H](c2cc(-c3ccc4c(c3)CN([C@@H]3CCC(=O)NC3=O)C4=O)n[nH]2)C1,-8.004091771
N#CN1CC[C@H](c2cc(-c3ccc4c(c3)CN([C@H]3CCC(=O)NC3=O)C4=O)n[nH]2)C1,-7.82288734
N#CN1CC[C@@H](c2cc(-c3ccc4c(c3)CN([C@H]3CCC(=O)NC3=O)C4=O)n[nH]2)C1,-7.828303969
N#CN1CC[C@H](c2cccc(-c3ccc4c(c3)CN([C@@H]3CCC(=O)NC3=O)C4=O)c2)C1,-7.723477594
N#CN1CC[C@@H](c2cccc(-c3ccc4c(c3)CN([C@@H]3CCC(=O)NC3=O)C4=O)c2)C1,-7.724821837
N#CN1CC[C@H](c2cccc(-c3ccc4c(c3)CN([C@H]3CCC(=O)NC3=O)C4=O)c2)C1,-7.653295534
N#CN1CC[C@@H](c2cccc(-c3ccc4c(c3)CN([C@H]3CCC(=O)NC3=O)C4=O)c2)C1,-7.888264283
C[C@@H]1CNc2[nH]nc(C(=O)Nc3ccc([C@@H]4CCC(=O)NC4=O)cc3)c2C1,-8.143706673
C[C@H]1CNc2[nH]nc(C(=O)Nc3ccc([C@@H]4CCC(=O)NC4=O)cc3)c2C1,-8.143664804
C[C@@H]1CNc2[nH]nc(C(=O)Nc3ccc([C@H]4CCC(=O)NC4=O)cc3)c2C1,-7.61539021
C[C@H]1CNc2[nH]nc(C(=O)Nc3ccc([C@H]4CCC(=O)NC4=O)cc3)c2C1,-7.622896787
N#CN1CCC[C@H](c2ccccc2-c2nc(C(=O)N[C@@H]3CCC(=O)NC3=O)c3n2CCOC3)C1,-7.565134089
N#CN1CCC[C@@H](c2ccccc2-c2nc(C(=O)N[C@@H]3CCC(=O)NC3=O)c3n2CCOC3)C1,-7.945292179
N#CN1CCC[C@H](c2ccccc2-c2nc(C(=O)N[C@H]3CCC(=O)NC3=O)c3n2CCOC3)C1,-7.882341323
N#CN1CCC[C@@H](c2ccccc2-c2nc(C(=O)N[C@H]3CCC(=O)NC3=O)c3n2CCOC3)C1,-7.736548945
O=C1CC[C@H](NC(=O)c2ccc3c(c2)NCCNC3=O)C(=O)N1,-8.113817362
O=C1CC[C@@H](NC(=O)c2ccc3c(c2)NCCNC3=O)C(=O)N1,-8.214437894
O=C1CC[C@H](NC(=O)c2cc3cc(Cl)cnc3[nH]2)C(=O)N1,-8.118289209
O=C1CC[C@@H](NC(=O)c2cc3cc(Cl)cnc3[nH]2)C(=O)N1,-7.982761926
O=C1CC[C@H](NC(=O)c2cc3c(S(=O)(=O)F)ccnc3[nH]2)C(=O)N1,-8.688437147
O=C1CC[C@@H](NC(=O)c2cc3c(S(=O)(=O)F)ccnc3[nH]2)C(=O)N1,-8.82657558
O=C1CC[C@H](NC(=O)c2cc3ccc(S(=O)(=O)F)nc3[nH]2)C(=O)N1,-8.783403731
O=C1CC[C@@H](NC(=O)c2cc3ccc(S(=O)(=O)F)nc3[nH]2)C(=O)N1,-8.471935248
CCNc1cccc2nnn([C@@H]3CCC(=O)NC3=O)c(=O)c12,-8.17527448
CCNc1cccc2nnn([C@H]3CCC(=O)NC3=O)c(=O)c12,-8.173655678
CCCCNc1ccc2c(=O)n([C@@H]3CCC(=O)NC3=O)nnc2c1,-8.111861455
CCCCNc1ccc2c(=O)n([C@H]3CCC(=O)NC3=O)nnc2c1,-8.101320024
O=C1CC[C@H](n2nnc3c(S(=O)(=O)F)cccc3c2=O)C(=O)N1,-9.236180422
O=C1CC[C@@H](n2nnc3c(S(=O)(=O)F)cccc3c2=O)C(=O)N1,-9.308892012
O=C1CC[C@H](n2nnc3cc(S(=O)(=O)F)ccc3c2=O)C(=O)N1,-9.31388643
O=C1CC[C@@H](n2nnc3cc(S(=O)(=O)F)ccc3c2=O)C(=O)N1,-9.313813811
O=C1CC[C@H](n2nnc3ccc(S(=O)(=O)F)cc3c2=O)C(=O)N1,-9.236284364
O=C1CC[C@@H](n2nnc3ccc(S(=O)(=O)F)cc3c2=O)C(=O)N1,-9.308970258
O=C1CC[C@H](n2nnc3cc(OS(=O)(=O)F)ccc3c2=O)C(=O)N1,-8.979960551
O=C1CC[C@@H](n2nnc3cc(OS(=O)(=O)F)ccc3c2=O)C(=O)N1,-8.958020629
O=C1CC[C@H](n2nnc3ccc(OS(=O)(=O)F)cc3c2=O)C(=O)N1,-8.88086834
O=C1CC[C@@H](n2nnc3ccc(OS(=O)(=O)F)cc3c2=O)C(=O)N1,-9.074090113
O=C1CC[C@H](n2nnc3c(OS(=O)(=O)F)cccc3c2=O)C(=O)N1,-8.882037653
O=C1CC[C@@H](n2nnc3c(OS(=O)(=O)F)cccc3c2=O)C(=O)N1,-8.957803101
Nc1cccc2nnn([C@@H]3CCC(=O)NC3=O)c(=O)c12,-8.257083342
Nc1cccc2nnn([C@H]3CCC(=O)NC3=O)c(=O)c12,-8.256849428
CC(C)CNC(=O)NCc1ccc2nnn([C@@H]3CCC(=O)NC3=O)c(=O)c2c1,-8.400751928
CC(C)CNC(=O)NCc1ccc2nnn([C@H]3CCC(=O)NC3=O)c(=O)c2c1,-8.400021592
O=C1CC[C@H](N2Cc3c(cc(C(=O)N4CCC4)cc3S(=O)(=O)F)C2=O)C(=O)N1,-8.336707387
O=C1CC[C@@H](N2Cc3c(cc(C(=O)N4CCC4)cc3S(=O)(=O)F)C2=O)C(=O)N1,-8.356039676
O=C1CC[C@H](N2Cc3cc(S(=O)(=O)F)c(C(=O)N4CCC4)cc3C2=O)C(=O)N1,-8.454233879
O=C1CC[C@@H](N2Cc3cc(S(=O)(=O)F)c(C(=O)N4CCC4)cc3C2=O)C(=O)N1,-8.440383137
C#CCOC1CN(C(=O)c2ccc3c(c2)C(=O)N([C@@H]2CCC(=O)NC2=O)C3)C1,-7.972490833
C#CCOC1CN(C(=O)c2ccc3c(c2)C(=O)N([C@H]2CCC(=O)NC2=O)C3)C1,-7.967333362
O=C1CC[C@H](c2ccc(NC(=O)C[C@@H]3CCn4cncc4C3)cc2)C(=O)N1,-7.683327376
O=C1CC[C@@H](c2ccc(NC(=O)C[C@@H]3CCn4cncc4C3)cc2)C(=O)N1,-7.888686901
O=C1CC[C@H](c2ccc(NC(=O)C[C@H]3CCn4cncc4C3)cc2)C(=O)N1,-7.857703756
O=C1CC[C@@H](c2ccc(NC(=O)C[C@H]3CCn4cncc4C3)cc2)C(=O)N1,-7.799705273
O=C1CC[C@H](N2Cc3cc(-c4cnn5ccc(NCCN6CCOCC6)nc45)ccc3C2=O)C(=O)N1,-7.755116282
O=C1CC[C@@H](N2Cc3cc(-c4cnn5ccc(NCCN6CCOCC6)nc45)ccc3C2=O)C(=O)N1,-7.742232116
Cc1nc(C(=O)N[C@@H]2CCC(=O)NC2=O)nn1-c1nnc(C(F)(F)F)[nH]1,-8.569607581
Cc1nc(C(=O)N[C@H]2CCC(=O)NC2=O)nn1-c1nnc(C(F)(F)F)[nH]1,-8.569343771
C=CC(=O)N1CCC[C@H](n2ccc(=O)[nH]c2=O)C1,-7.44696699
C=CC(=O)N1CCC[C@@H](n2ccc(=O)[nH]c2=O)C1,-7.444907315
Cc1c(C(=O)N[C@@H]2CCC(=O)NC2=O)sc2nc3n(c(=O)c12)CCCCC3,-7.937273729
Cc1c(C(=O)N[C@H]2CCC(=O)NC2=O)sc2nc3n(c(=O)c12)CCCCC3,-7.933073281
C[C@@H]1C[C@@H]2CN(c3ccnc4c3CNC4=O)CCN2C1,-7.401813493
C[C@H]1C[C@@H]2CN(c3ccnc4c3CNC4=O)CCN2C1,-7.406814356
C[C@@H]1C[C@H]2CN(c3ccnc4c3CNC4=O)CCN2C1,-7.423977028
C[C@H]1C[C@H]2CN(c3ccnc4c3CNC4=O)CCN2C1,-7.459692385
O=C1CC[C@H](N2Cc3ccccc3C2)C(=O)N1,-7.32987137
O=C1CC[C@@H](N2Cc3ccccc3C2)C(=O)N1,-7.327238095
O=C1CC[C@H](N2Cc3ccc(S(=O)(=O)F)cc3C2)C(=O)N1,-8.266687453
O=C1CC[C@@H](N2Cc3ccc(S(=O)(=O)F)cc3C2)C(=O)N1,-8.047916711
O=C1CC[C@H](N2Cc3ccc(OS(=O)(=O)F)cc3C2)C(=O)N1,-7.957681241
O=C1CC[C@@H](N2Cc3ccc(OS(=O)(=O)F)cc3C2)C(=O)N1,-7.918690025
O=C1CC[C@H](N2Cc3cccc(OS(=O)(=O)F)c3C2)C(=O)N1,-7.957405739
O=C1CC[C@@H](N2Cc3cccc(OS(=O)(=O)F)c3C2)C(=O)N1,-7.889385688
N#CN1CCC[C@H](c2cccc(-c3ncc(C(=O)N[C@@H]4CCC(=O)NC4=O)[nH]3)c2)C1,-8.07047008
N#CN1CCC[C@@H](c2cccc(-c3ncc(C(=O)N[C@@H]4CCC(=O)NC4=O)[nH]3)c2)C1,-7.866461039
N#CN1CCC[C@H](c2cccc(-c3ncc(C(=O)N[C@H]4CCC(=O)NC4=O)[nH]3)c2)C1,-7.85914411
N#CN1CCC[C@@H](c2cccc(-c3ncc(C(=O)N[C@H]4CCC(=O)NC4=O)[nH]3)c2)C1,-7.9265746
C#Cc1cccc(NC(=O)CN(C)C2=CC(=O)N([C@@H]3CCC(=O)NC3=O)C2=O)c1,-8.333569787
C#Cc1cccc(NC(=O)CN(C)C2=CC(=O)N([C@H]3CCC(=O)NC3=O)C2=O)c1,-8.330549221
N#CN1CC[C@H](c2cc(-c3ocnc3C(=O)N[C@@H]3CCC(=O)NC3=O)cc3c2OCCO3)C1,-7.616915941
N#CN1CC[C@@H](c2cc(-c3ocnc3C(=O)N[C@@H]3CCC(=O)NC3=O)cc3c2OCCO3)C1,-7.591700652
N#CN1CC[C@H](c2cc(-c3ocnc3C(=O)N[C@H]3CCC(=O)NC3=O)cc3c2OCCO3)C1,-7.884065967
N#CN1CC[C@@H](c2cc(-c3ocnc3C(=O)N[C@H]3CCC(=O)NC3=O)cc3c2OCCO3)C1,-7.866331091
N#CN1CC[C@H](c2cccc(-c3cnccc3C(=O)N[C@@H]3CCC(=O)NC3=O)c2)C1,-7.77577047
N#CN1CC[C@@H](c2cccc(-c3cnccc3C(=O)N[C@@H]3CCC(=O)NC3=O)c2)C1,-7.758360788
N#CN1CC[C@H](c2cccc(-c3cnccc3C(=O)N[C@H]3CCC(=O)NC3=O)c2)C1,-7.75694829
N#CN1CC[C@@H](c2cccc(-c3cnccc3C(=O)N[C@H]3CCC(=O)NC3=O)c2)C1,-7.774245398
N#CN1CCC[C@H](c2ccc(-c3nccc(C(=O)N[C@@H]4CCC(=O)NC4=O)n3)cc2)C1,-7.844846013
N#CN1CCC[C@@H](c2ccc(-c3nccc(C(=O)N[C@@H]4CCC(=O)NC4=O)n3)cc2)C1,-7.818440925
N#CN1CCC[C@H](c2ccc(-c3nccc(C(=O)N[C@H]4CCC(=O)NC4=O)n3)cc2)C1,-7.821424272
N#CN1CCC[C@@H](c2ccc(-c3nccc(C(=O)N[C@H]4CCC(=O)NC4=O)n3)cc2)C1,-7.788607129
N#CN1CC[C@H](c2ccc3c(CN[C@@H]4CCC(=O)NC4=O)cccc3c2)C1,-7.839775115
N#CN1CC[C@@H](c2ccc3c(CN[C@@H]4CCC(=O)NC4=O)cccc3c2)C1,-7.836641536
N#CN1CC[C@H](c2ccc3c(CN[C@H]4CCC(=O)NC4=O)cccc3c2)C1,-7.766120855
N#CN1CC[C@@H](c2ccc3c(CN[C@H]4CCC(=O)NC4=O)cccc3c2)C1,-7.704078799
O=C1CC[C@H](Nc2ccc(NC(=O)c3csc4c(O)ccnc34)cc2)C(=O)N1,-7.989070437
O=C1CC[C@@H](Nc2ccc(NC(=O)c3csc4c(O)ccnc34)cc2)C(=O)N1,-7.989767857
CCN1CCO[C@H](C(=O)NCc2ccoc2C(=O)N[C@@H]2CCC(=O)NC2=O)C1,-8.035615543
CCN1CCO[C@@H](C(=O)NCc2ccoc2C(=O)N[C@@H]2CCC(=O)NC2=O)C1,-8.097048149
CCN1CCO[C@H](C(=O)NCc2ccoc2C(=O)N[C@H]2CCC(=O)NC2=O)C1,-7.998330465
CCN1CCO[C@@H](C(=O)NCc2ccoc2C(=O)N[C@H]2CCC(=O)NC2=O)C1,-8.004424287
O=C1CC[C@H](N2Cc3c(/C=C4\CCNC4)cc(S(=O)(=O)F)cc3C2=O)C(=O)N1,-8.157410829
O=C1CC[C@@H](N2Cc3c(/C=C4\CCNC4)cc(S(=O)(=O)F)cc3C2=O)C(=O)N1,-8.135763555
O=C1CC[C@H](N2Cc3c(/C=C4/CCNC4)cc(S(=O)(=O)F)cc3C2=O)C(=O)N1,-8.153779339
O=C1CC[C@@H](N2Cc3c(/C=C4/CCNC4)cc(S(=O)(=O)F)cc3C2=O)C(=O)N1,-8.139882898
O=C1CC[C@H](N2Cc3c(ccc(S(=O)(=O)F)c3/C=C3\CCNC3)C2=O)C(=O)N1,-8.210640763
O=C1CC[C@@H](N2Cc3c(ccc(S(=O)(=O)F)c3/C=C3\CCNC3)C2=O)C(=O)N1,-8.206239686
O=C1CC[C@H](N2Cc3c(ccc(S(=O)(=O)F)c3/C=C3/CCNC3)C2=O)C(=O)N1,-8.243310882
O=C1CC[C@@H](N2Cc3c(ccc(S(=O)(=O)F)c3/C=C3/CCNC3)C2=O)C(=O)N1,-8.197530883
O=C1CC[C@H](N2Cc3c(/C=C4\CCNC4)cccc3C2=O)C(=O)N1,-7.840405559
O=C1CC[C@@H](N2Cc3c(/C=C4\CCNC4)cccc3C2=O)C(=O)N1,-7.836409932
O=C1CC[C@H](N2Cc3c(/C=C4/CCNC4)cccc3C2=O)C(=O)N1,-7.832806427
O=C1CC[C@@H](N2Cc3c(/C=C4/CCNC4)cccc3C2=O)C(=O)N1,-7.823790049
Cc1nc2c(CNCc3ccc4c(c3)C(=O)NC4)cccc2o1,-7.012936592
O=C1CC[C@H](NC(=O)c2ccc(N3CCCc4ccccc43)cc2)C(=O)N1,-7.78591391
O=C1CC[C@@H](NC(=O)c2ccc(N3CCCc4ccccc43)cc2)C(=O)N1,-7.78233191
CNC(=O)C1(C(=O)Nc2ccc3c(c2)C(=O)N([C@@H]2CCC(=O)NC2=O)C3=O)CC1,-8.636089757
CNC(=O)C1(C(=O)Nc2ccc3c(c2)C(=O)N([C@H]2CCC(=O)NC2=O)C3=O)CC1,-8.63631571
O=C1CC[C@H](N2C(=O)c3ccc(NC(=O)C4CC4)cc3C2=O)C(=O)N1,-8.691887675
O=C1CC[C@@H](N2C(=O)c3ccc(NC(=O)C4CC4)cc3C2=O)C(=O)N1,-8.691016537
O=C1CC[C@H](NC(=O)c2ccc(Cl)cc2N2CCCC2=O)C(=O)N1,-7.812717209
O=C1CC[C@@H](NC(=O)c2ccc(Cl)cc2N2CCCC2=O)C(=O)N1,-7.811348615
O=C1CC[C@H](NC(=O)c2nc(S(=O)(=O)F)nn3cccc23)C(=O)N1,-9.297348079
O=C1CC[C@@H](NC(=O)c2nc(S(=O)(=O)F)nn3cccc23)C(=O)N1,-8.917772425
O=C1CC[C@H](NC(=O)c2ncnn3c(S(=O)(=O)F)ccc23)C(=O)N1,-9.127230806
O=C1CC[C@@H](NC(=O)c2ncnn3c(S(=O)(=O)F)ccc23)C(=O)N1,-9.079254814
O=C1CC[C@H](NC(=O)c2nc(OS(=O)(=O)F)nn3cccc23)C(=O)N1,-8.777931888
O=C1CC[C@@H](NC(=O)c2nc(OS(=O)(=O)F)nn3cccc23)C(=O)N1,-8.442393729
O=C1CC[C@H](NC(=O)c2ncnn3cc(OS(=O)(=O)F)cc23)C(=O)N1,-8.416733541
O=C1CC[C@@H](NC(=O)c2ncnn3cc(OS(=O)(=O)F)cc23)C(=O)N1,-8.650903471
O=C1CC[C@H](NC(=O)c2ncnn3cccc23)C(=O)N1,-8.367738911
O=C1CC[C@@H](NC(=O)c2ncnn3cccc23)C(=O)N1,-8.367587451
N#CN1CCC[C@H](c2ccccc2-c2cncc(C(=O)N[C@@H]3CCC(=O)NC3=O)c2)C1,-8.068155837
N#CN1CCC[C@@H](c2ccccc2-c2cncc(C(=O)N[C@@H]3CCC(=O)NC3=O)c2)C1,-7.752637361
N#CN1CCC[C@H](c2ccccc2-c2cncc(C(=O)N[C@H]3CCC(=O)NC3=O)c2)C1,-8.188275544
N#CN1CCC[C@@H](c2ccccc2-c2cncc(C(=O)N[C@H]3CCC(=O)NC3=O)c2)C1,-8.095903238
O=C1CC[C@H](NC(=O)c2c(F)ccc3c2OCC3)C(=O)N1,-7.821879353
O=C1CC[C@@H](NC(=O)c2c(F)ccc3c2OCC3)C(=O)N1,-7.793011917
O=C1CC[C@H](NC(=O)c2ccc(S(=O)(=O)F)c3c2OCC3)C(=O)N1,-8.096451117
O=C1CC[C@@H](NC(=O)c2ccc(S(=O)(=O)F)c3c2OCC3)C(=O)N1,-8.198337779
O=C1CC[C@H](NC(=O)c2cc(S(=O)(=O)F)cc3c2OCC3)C(=O)N1,-8.393883296
O=C1CC[C@@H](NC(=O)c2cc(S(=O)(=O)F)cc3c2OCC3)C(=O)N1,-8.380865073
CNC(=O)[C@@H]1NC2(CCCCC2)[C@]2(C(=O)Nc3cc(Cl)ccc32)[C@@H]1c1cccc(Cl)c1F,-7.310416518
CNC(=O)[C@H]1NC2(CCCCC2)[C@]2(C(=O)Nc3cc(Cl)ccc32)[C@@H]1c1cccc(Cl)c1F,-7.210767152
CNC(=O)[C@@H]1NC2(CCCCC2)[C@@]2(C(=O)Nc3cc(Cl)ccc32)[C@@H]1c1cccc(Cl)c1F,-7.140355518
CNC(=O)[C@H]1NC2(CCCCC2)[C@@]2(C(=O)Nc3cc(Cl)ccc32)[C@@H]1c1cccc(Cl)c1F,-7.293616011
CNC(=O)[C@@H]1NC2(CCCCC2)[C@]2(C(=O)Nc3cc(Cl)ccc32)[C@H]1c1cccc(Cl)c1F,-7.305613685
CNC(=O)[C@H]1NC2(CCCCC2)[C@]2(C(=O)Nc3cc(Cl)ccc32)[C@H]1c1cccc(Cl)c1F,-7.20489145
CNC(=O)[C@@H]1NC2(CCCCC2)[C@@]2(C(=O)Nc3cc(Cl)ccc32)[C@H]1c1cccc(Cl)c1F,-7.191510461
CNC(=O)[C@H]1NC2(CCCCC2)[C@@]2(C(=O)Nc3cc(Cl)ccc32)[C@H]1c1cccc(Cl)c1F,-7.220172193
O=C1CC[C@H](n2cc(-c3cscc3OCc3ccc(CN4CCOCC4)cc3)nn2)C(=O)N1,-8.20857251
O=C1CC[C@@H](n2cc(-c3cscc3OCc3ccc(CN4CCOCC4)cc3)nn2)C(=O)N1,-8.283136551
O=C1CCN(c2cccc(-c3c[nH]c4cc(OS(=O)(=O)F)ccc34)c2)C(=O)N1,-7.84295594
O=C1CCN(c2cccc(-c3c(OS(=O)(=O)F)[nH]c4ccccc34)c2)C(=O)N1,-7.861161279
O=C1CCN(c2cccc(-c3c[nH]c4ccc(OS(=O)(=O)F)cc34)c2)C(=O)N1,-7.318405957
Cc1ccc(-c2cn(C)c3ccc(F)cc23)cc1N1CCC(=O)NC1=O,-7.155286108
O=C1CCN(c2ccc(S(=O)(=O)F)c(-c3c[nH]c4ccccc34)c2)C(=O)N1,-7.684337488
O=C1CCN(c2cccc(-c3c[nH]c4c(S(=O)(=O)F)cccc34)c2)C(=O)N1,-7.79401962
O=C1CCN(c2cccc(-c3c(S(=O)(=O)F)[nH]c4ccccc34)c2)C(=O)N1,-7.544967849
O=C1CCN(c2cccc(-c3c[nH]c4ccc(S(=O)(=O)F)cc34)c2)C(=O)N1,-7.912582662
O=C1CCN(c2cccc(-c3c[nH]c4cccc(S(=O)(=O)F)c34)c2)C(=O)N1,-7.793419417
CCn1ncc2ncnc(Nc3ccc([C@@H]4CCC(=O)NC4=O)cc3)c21,-7.801914538
CCn1ncc2ncnc(Nc3ccc([C@H]4CCC(=O)NC4=O)cc3)c21,-7.803708621
Cc1ccc(C(=O)N[C@@H]2CCC(=O)NC2=O)c2c1cnn2C,-7.872889119
Cc1ccc(C(=O)N[C@H]2CCC(=O)NC2=O)c2c1cnn2C,-7.879376635
O=C1CC[C@H](NC(=O)c2ccc(S(=O)(=O)F)c3cn[nH]c23)C(=O)N1,-8.80936557
O=C1CC[C@@H](NC(=O)c2ccc(S(=O)(=O)F)c3cn[nH]c23)C(=O)N1,-8.817483592
O=C1CC[C@H](NC(=O)c2cc(S(=O)(=O)F)cc3cn[nH]c23)C(=O)N1,-8.647142256
O=C1CC[C@@H](NC(=O)c2cc(S(=O)(=O)F)cc3cn[nH]c23)C(=O)N1,-8.211826031
O=C1CC[C@H](NC(=O)c2cccc3c(S(=O)(=O)F)n[nH]c23)C(=O)N1,-8.919912483
O=C1CC[C@@H](NC(=O)c2cccc3c(S(=O)(=O)F)n[nH]c23)C(=O)N1,-9.057839804
O=C1CC[C@H](N2Cc3ccc(NC(=O)C4(C5CC5)CC4)cc3C2=O)C(=O)N1,-7.880272363
O=C1CC[C@@H](N2Cc3ccc(NC(=O)C4(C5CC5)CC4)cc3C2=O)C(=O)N1,-7.894613031
Cc1cc2[nH]c(C(=O)N[C@@H]3CCC(=O)NC3=O)cc2s1,-7.933153914
Cc1cc2[nH]c(C(=O)N[C@H]3CCC(=O)NC3=O)cc2s1,-7.933150171
O=C1CC[C@H](NC(=O)c2cc3scc(Cl)c3[nH]2)C(=O)N1,-8.043254975
O=C1CC[C@@H](NC(=O)c2cc3scc(Cl)c3[nH]2)C(=O)N1,-8.043158069
O=C1CC[C@H](NC(=O)c2cc3sccc3n2CC(F)(F)F)C(=O)N1,-8.028740231
O=C1CC[C@@H](NC(=O)c2cc3sccc3n2CC(F)(F)F)C(=O)N1,-8.002982854
O=C1CC[C@H](NC(=O)c2cc3scc(S(=O)(=O)F)c3[nH]2)C(=O)N1,-8.201406441
O=C1CC[C@@H](NC(=O)c2cc3scc(S(=O)(=O)F)c3[nH]2)C(=O)N1,-8.201851104
C[C@@H]1CN(C(=O)c2ccc3c(c2)CN([C@@H]2CCC(=O)NC2=O)C3=O)CCS1,-8.024623308
C[C@H]1CN(C(=O)c2ccc3c(c2)CN([C@@H]2CCC(=O)NC2=O)C3=O)CCS1,-7.969342176
C[C@@H]1CN(C(=O)c2ccc3c(c2)CN([C@H]2CCC(=O)NC2=O)C3=O)CCS1,-7.99124097
C[C@H]1CN(C(=O)c2ccc3c(c2)CN([C@H]2CCC(=O)NC2=O)C3=O)CCS1,-7.976875191
N#CN1CCC(c2cccnc2C(=O)Nc2ccc3c(c2)C(=O)N([C@@H]2CCC(=O)NC2=O)C3)CC1,-8.026848106
N#CN1CCC(c2cccnc2C(=O)Nc2ccc3c(c2)C(=O)N([C@H]2CCC(=O)NC2=O)C3)CC1,-8.013360779
N#CN1CCC[C@H](c2cccc3c2CC(C(=O)Nc2cccc([C@@H]4CCC(=O)NC4=O)c2)=N3)C1,-8.348647279
N#CN1CCC[C@@H](c2cccc3c2CC(C(=O)Nc2cccc([C@@H]4CCC(=O)NC4=O)c2)=N3)C1,-8.380420824
N#CN1CCC[C@H](c2cccc3c2CC(C(=O)Nc2cccc([C@H]4CCC(=O)NC4=O)c2)=N3)C1,-8.382709117
N#CN1CCC[C@@H](c2cccc3c2CC(C(=O)Nc2cccc([C@H]4CCC(=O)NC4=O)c2)=N3)C1,-8.38427882
O=C1CC[C@H](N2C(=O)c3ccc(OCc4nc(C5CC5)no4)cc3C2=O)C(=O)N1,-7.952104901
O=C1CC[C@@H](N2C(=O)c3ccc(OCc4nc(C5CC5)no4)cc3C2=O)C(=O)N1,-7.948699985
N#CN1CCC[C@H](c2ccc3c(c2)OC[C@H](Nc2ccc(N4CCC(=O)NC4=O)cc2)C3)C1,-7.168758865
N#CN1CCC[C@@H](c2ccc3c(c2)OC[C@H](Nc2ccc(N4CCC(=O)NC4=O)cc2)C3)C1,-7.175212094
N#CN1CCC[C@H](c2ccc3c(c2)OC[C@@H](Nc2ccc(N4CCC(=O)NC4=O)cc2)C3)C1,-7.165578269
N#CN1CCC[C@@H](c2ccc3c(c2)OC[C@@H](Nc2ccc(N4CCC(=O)NC4=O)cc2)C3)C1,-7.184232693
Cn1nc(C(=O)N[C@@H]2CCC(=O)NC2=O)cc1-c1nn[nH]n1,-8.176646588
Cn1nc(C(=O)N[C@H]2CCC(=O)NC2=O)cc1-c1nn[nH]n1,-8.17598879
NCc1cn([C@H]2C[C@@H](C(=O)Nc3ccc(N[C@@H]4CCC(=O)NC4=O)cc3)C2)nn1,-7.830365808
NCc1cn([C@H]2C[C@H](C(=O)Nc3ccc(N[C@@H]4CCC(=O)NC4=O)cc3)C2)nn1,-7.824808163
NCc1cn([C@H]2C[C@@H](C(=O)Nc3ccc(N[C@H]4CCC(=O)NC4=O)cc3)C2)nn1,-8.025161989
NCc1cn([C@H]2C[C@H](C(=O)Nc3ccc(N[C@H]4CCC(=O)NC4=O)cc3)C2)nn1,-8.023575634
O=C1CC[C@H](NC(=O)c2cn3c(O)nnc3cn2)C(=O)N1,-8.503754514
O=C1CC[C@@H](NC(=O)c2cn3c(O)nnc3cn2)C(=O)N1,-8.504064842
Cc1ccc(C[C@H](N)CC(=O)Nc2ccc([C@@H]3CCC(=O)NC3=O)cc2)c(C)c1,-7.547518612
Cc1ccc(C[C@@H](N)CC(=O)Nc2ccc([C@@H]3CCC(=O)NC3=O)cc2)c(C)c1,-7.538863058
Cc1ccc(C[C@H](N)CC(=O)Nc2ccc([C@H]3CCC(=O)NC3=O)cc2)c(C)c1,-7.529492517
Cc1ccc(C[C@@H](N)CC(=O)Nc2ccc([C@H]3CCC(=O)NC3=O)cc2)c(C)c1,-7.568039211
O=C1CC[C@H](NC(=O)c2nnc3c(C(F)(F)F)cccn23)C(=O)N1,-8.692010789
O=C1CC[C@@H](NC(=O)c2nnc3c(C(F)(F)F)cccn23)C(=O)N1,-8.692267219
O=C1CC[C@H](NC(=O)c2nnc3ccc(Br)cn23)C(=O)N1,-8.317491224
O=C1CC[C@@H](NC(=O)c2nnc3ccc(Br)cn23)C(=O)N1,-8.317457492
O=C1CC[C@H](NC(=O)c2nnc3c(S(=O)(=O)F)cccn23)C(=O)N1,-9.017088917
O=C1CC[C@@H](NC(=O)c2nnc3c(S(=O)(=O)F)cccn23)C(=O)N1,-9.321729343
O=C1CC[C@H](NC(=O)c2nnc3cc(S(=O)(=O)F)ccn23)C(=O)N1,-9.164058551
O=C1CC[C@@H](NC(=O)c2nnc3cc(S(=O)(=O)F)ccn23)C(=O)N1,-9.290920445
O=C1CC[C@H](NC(=O)c2nnc3ccc(OS(=O)(=O)F)cn23)C(=O)N1,-9.019693315
O=C1CC[C@@H](NC(=O)c2nnc3ccc(OS(=O)(=O)F)cn23)C(=O)N1,-8.398344594
Cn1c(=O)cc(C(=O)N[C@@H]2CCC(=O)NC2=O)c2ccccc21,-8.24885971
Cn1c(=O)cc(C(=O)N[C@H]2CCC(=O)NC2=O)c2ccccc21,-8.061882445
O=C1CC[C@H](NC(=O)c2cc(=O)[nH]c3cc(F)ccc23)C(=O)N1,-8.250203428
O=C1CC[C@@H](NC(=O)c2cc(=O)[nH]c3cc(F)ccc23)C(=O)N1,-8.291535238
O=C1CC[C@H](NC(=O)c2cc(=O)[nH]c3ccc(F)cc23)C(=O)N1,-8.250195967
O=C1CC[C@@H](NC(=O)c2cc(=O)[nH]c3ccc(F)cc23)C(=O)N1,-8.291023853
Cc1ccc(-n2[nH]c(C(=O)N[C@@H]3CCC(=O)NC3=O)cc2=O)cc1C,-8.471376409
Cc1ccc(-n2[nH]c(C(=O)N[C@H]3CCC(=O)NC3=O)cc2=O)cc1C,-8.468157809
C[C@@H]1CCCn2c(C(=O)N[C@H]3CCC(=O)NC3=O)cnc21,-8.293500227
C[C@H]1CCCn2c(C(=O)N[C@H]3CCC(=O)NC3=O)cnc21,-8.262691116
C[C@@H]1CCCc2ncc(C(=O)N[C@@H]3CCC(=O)NC3=O)n21,-7.929230712
C[C@H]1CCCc2ncc(C(=O)N[C@@H]3CCC(=O)NC3=O)n21,-7.923280733
C[C@@H]1CCCc2ncc(C(=O)N[C@H]3CCC(=O)NC3=O)n21,-7.922975134
C[C@H]1CCCc2ncc(C(=O)N[C@H]3CCC(=O)NC3=O)n21,-7.932431755
Cc1nc2n(c1C(=O)N[C@@H]1CCC(=O)NC1=O)C[C@H](C)CC2,-7.917480999
Cc1nc2n(c1C(=O)N[C@H]1CCC(=O)NC1=O)C[C@H](C)CC2,-7.923105577
Cc1nc2n(c1C(=O)N[C@@H]1CCC(=O)NC1=O)C[C@@H](C)CC2,-7.922812895
Cc1nc2n(c1C(=O)N[C@H]1CCC(=O)NC1=O)C[C@@H](C)CC2,-7.917399331
O=C1CC[C@H](NC(=O)c2c(C(F)F)nc3n2CCCC3)C(=O)N1,-7.770653516
O=C1CC[C@@H](NC(=O)c2c(C(F)F)nc3n2CCCC3)C(=O)N1,-7.793750428
N#CN1CC[C@H](c2cnn(-c3cncc(-c4cccc(N5CCC(=O)NC5=O)c4)c3)c2)C1,-7.51244724
N#CN1CC[C@@H](c2cnn(-c3cncc(-c4cccc(N5CCC(=O)NC5=O)c4)c3)c2)C1,-7.584395314
N#CN1CC[C@H](c2noc(-c3ccccc3C(=O)N[C@@H]3CCC(=O)NC3=O)n2)C1,-8.187598952
N#CN1CC[C@@H](c2noc(-c3ccccc3C(=O)N[C@@H]3CCC(=O)NC3=O)n2)C1,-8.164821935
N#CN1CC[C@H](c2noc(-c3ccccc3C(=O)N[C@H]3CCC(=O)NC3=O)n2)C1,-8.175950607
N#CN1CC[C@@H](c2noc(-c3ccccc3C(=O)N[C@H]3CCC(=O)NC3=O)n2)C1,-8.181818936
O=C1CC[C@H](N2C(=O)c3cccc(N4CCCCC4)c3C2=O)C(=O)N1,-7.789004176
O=C1CC[C@@H](N2C(=O)c3cccc(N4CCCCC4)c3C2=O)C(=O)N1,-7.824320647
N#CN1CCC[C@H](c2cccnc2-c2nc(C(=O)N[C@@H]3CCC(=O)NC3=O)cs2)C1,-8.444488414
N#CN1CCC[C@@H](c2cccnc2-c2nc(C(=O)N[C@@H]3CCC(=O)NC3=O)cs2)C1,-8.383930464
N#CN1CCC[C@H](c2cccnc2-c2nc(C(=O)N[C@H]3CCC(=O)NC3=O)cs2)C1,-8.308710667
N#CN1CCC[C@@H](c2cccnc2-c2nc(C(=O)N[C@H]3CCC(=O)NC3=O)cs2)C1,-8.495812273
N#CN1CC[C@H](c2ccccc2NC(=O)c2ccc3c(c2)CN([C@@H]2CCC(=O)NC2=O)C3=O)C1,-7.712084754
N#CN1CC[C@@H](c2ccccc2NC(=O)c2ccc3c(c2)CN([C@@H]2CCC(=O)NC2=O)C3=O)C1,-7.903114756
N#CN1CC[C@H](c2ccccc2NC(=O)c2ccc3c(c2)CN([C@H]2CCC(=O)NC2=O)C3=O)C1,-7.906886595
N#CN1CC[C@@H](c2ccccc2NC(=O)c2ccc3c(c2)CN([C@H]2CCC(=O)NC2=O)C3=O)C1,-7.913791699
Cc1ccc(NC(=O)NCc2scc3c2CN([C@@H]2CCC(=O)NC2=O)C3=O)cc1Cl,-7.839422027
Cc1ccc(NC(=O)NCc2scc3c2CN([C@H]2CCC(=O)NC2=O)C3=O)cc1Cl,-7.849940816
N#CN1CCC[C@H](c2ccc3c(c2)OC[C@H](NC(=O)c2cccc(N4CCC(=O)NC4=O)c2)C3)C1,-7.435962931
N#CN1CCC[C@@H](c2ccc3c(c2)OC[C@H](NC(=O)c2cccc(N4CCC(=O)NC4=O)c2)C3)C1,-7.434905635
N#CN1CCC[C@H](c2ccc3c(c2)OC[C@@H](NC(=O)c2cccc(N4CCC(=O)NC4=O)c2)C3)C1,-7.440847436
N#CN1CCC[C@@H](c2ccc3c(c2)OC[C@@H](NC(=O)c2cccc(N4CCC(=O)NC4=O)c2)C3)C1,-7.569289534
N#CN1CCC[C@H](c2cc(C3CC3)ccc2-c2ccc3c(c2)CN([C@@H]2CCC(=O)NC2=O)C3=O)C1,-7.925726581
N#CN1CCC[C@@H](c2cc(C3CC3)ccc2-c2ccc3c(c2)CN([C@@H]2CCC(=O)NC2=O)C3=O)C1,-7.898390498
N#CN1CCC[C@H](c2cc(C3CC3)ccc2-c2ccc3c(c2)CN([C@H]2CCC(=O)NC2=O)C3=O)C1,-7.70669503
N#CN1CCC[C@@H](c2cc(C3CC3)ccc2-c2ccc3c(c2)CN([C@H]2CCC(=O)NC2=O)C3=O)C1,-7.792257781
CCc1nn2cccnc2c1C(=O)N[C@@H]1CCC(=O)NC1=O,-8.043056954
CCc1nn2cccnc2c1C(=O)N[C@H]1CCC(=O)NC1=O,-8.093423462
Cc1cc(O)n2ncc(C(=O)N[C@@H]3CCC(=O)NC3=O)c2n1,-7.80833748
Cc1cc(O)n2ncc(C(=O)N[C@H]3CCC(=O)NC3=O)c2n1,-7.808624437
Cc1cc(C)n2nc(C)c(C(=O)N[C@@H]3CCC(=O)NC3=O)c2n1,-7.695685308
Cc1cc(C)n2nc(C)c(C(=O)N[C@H]3CCC(=O)NC3=O)c2n1,-8.046001886
CC(C)(C)c1ccnc2c(C(=O)N[C@@H]3CCC(=O)NC3=O)cnn12,-7.916162259
CC(C)(C)c1ccnc2c(C(=O)N[C@H]3CCC(=O)NC3=O)cnn12,-7.916265124
O=C1CC[C@H](NC(=O)c2cnn3cc(Br)cnc23)C(=O)N1,-8.684204475
O=C1CC[C@@H](NC(=O)c2cnn3cc(Br)cnc23)C(=O)N1,-8.683810656
O=C1CC[C@H](NC(=O)c2cnn3cc(S(=O)(=O)F)cnc23)C(=O)N1,-9.194660442
O=C1CC[C@@H](NC(=O)c2cnn3cc(S(=O)(=O)F)cnc23)C(=O)N1,-9.311775311
O=C1CC[C@H](NC(=O)c2cnn3ccc(OS(=O)(=O)F)nc23)C(=O)N1,-8.876914843
O=C1CC[C@@H](NC(=O)c2cnn3ccc(OS(=O)(=O)F)nc23)C(=O)N1,-8.62173947
N#CN1CCC[C@H](c2ccc(-c3ccccc3C(=O)N[C@@H]3CCC(=O)NC3=O)cc2)C1,-8.022357712
N#CN1CCC[C@@H](c2ccc(-c3ccccc3C(=O)N[C@@H]3CCC(=O)NC3=O)cc2)C1,-8.098219959
N#CN1CCC[C@H](c2ccc(-c3ccccc3C(=O)N[C@H]3CCC(=O)NC3=O)cc2)C1,-7.836216604
N#CN1CCC[C@@H](c2ccc(-c3ccccc3C(=O)N[C@H]3CCC(=O)NC3=O)cc2)C1,-8.015873628
N#CN1CCC[C@H](c2nnnn2-c2ccc(C(=O)N[C@@H]3CCC(=O)NC3=O)cc2)C1,-8.525050934
N#CN1CCC[C@@H](c2nnnn2-c2ccc(C(=O)N[C@@H]3CCC(=O)NC3=O)cc2)C1,-8.274848647
N#CN1CCC[C@H](c2nnnn2-c2ccc(C(=O)N[C@H]3CCC(=O)NC3=O)cc2)C1,-8.283614014
N#CN1CCC[C@@H](c2nnnn2-c2ccc(C(=O)N[C@H]3CCC(=O)NC3=O)cc2)C1,-8.298378475
N#CN1CCC(c2ocnc2-c2ccc3c(c2)CN([C@@H]2CCC(=O)NC2=O)C3=O)CC1,-7.845876008
N#CN1CCC(c2ocnc2-c2ccc3c(c2)CN([C@H]2CCC(=O)NC2=O)C3=O)CC1,-7.719578779
Cc1cccnc1[C@@H]1CCC[C@H](Nc2cccc(C3CC(=O)NC(=O)C3)c2)C1,-7.508672981
Cc1cccnc1[C@H]1CCC[C@H](Nc2cccc(C3CC(=O)NC(=O)C3)c2)C1,-7.498605863
Cc1cccnc1[C@@H]1CCC[C@@H](Nc2cccc(C3CC(=O)NC(=O)C3)c2)C1,-7.567742804
Cc1cccnc1[C@H]1CCC[C@@H](Nc2cccc(C3CC(=O)NC(=O)C3)c2)C1,-7.499202482
Cc1cc(-c2ccc3c(c2)CN([C@@H]2CCC(=O)NC2=O)C3=O)cc2cn(C)nc12,-7.795015479
Cc1cc(-c2ccc3c(c2)CN([C@H]2CCC(=O)NC2=O)C3=O)cc2cn(C)nc12,-7.797456544
CCc1nc(C(=O)N[C@@H]2CCC(=O)NC2=O)c2ccccn12,-7.970087576
CCc1nc(C(=O)N[C@H]2CCC(=O)NC2=O)c2ccccn12,-7.87893402
O=C1CC[C@H](NC(=O)c2nc(S(=O)(=O)F)n3ccccc23)C(=O)N1,-8.291039785
O=C1CC[C@@H](NC(=O)c2nc(S(=O)(=O)F)n3ccccc23)C(=O)N1,-8.29108647
O=C1CC[C@H](NC(=O)c2ncn3cc(S(=O)(=O)F)ccc23)C(=O)N1,-8.546184341
O=C1CC[C@@H](NC(=O)c2ncn3cc(S(=O)(=O)F)ccc23)C(=O)N1,-8.365066964
O=C1CC[C@H](NC(=O)c2ncn3c(S(=O)(=O)F)cccc23)C(=O)N1,-8.808154343
O=C1CC[C@@H](NC(=O)c2ncn3c(S(=O)(=O)F)cccc23)C(=O)N1,-8.598558103
O=C1CC[C@H](NC(=O)c2ncn3ccc(OS(=O)(=O)F)cc23)C(=O)N1,-8.039350102
O=C1CC[C@@H](NC(=O)c2ncn3ccc(OS(=O)(=O)F)cc23)C(=O)N1,-7.9219907
Cc1cc(C)c2cc(C(=O)N[C@@H]3CCC(=O)NC3=O)sc2n1,-7.964477735
Cc1cc(C)c2cc(C(=O)N[C@H]3CCC(=O)NC3=O)sc2n1,-7.964718896
CC(C)Cc1ccc2c(N)c(C(=O)N[C@@H]3CCC(=O)NC3=O)sc2n1,-7.792109311
CC(C)Cc1ccc2c(N)c(C(=O)N[C@H]3CCC(=O)NC3=O)sc2n1,-7.79207779
O=C1CC[C@H](NC(=O)c2cc3c(S(=O)(=O)F)ccnc3s2)C(=O)N1,-8.972714155
O=C1CC[C@@H](NC(=O)c2cc3c(S(=O)(=O)F)ccnc3s2)C(=O)N1,-9.42681965
O=C1CC[C@H](NC(=O)c2cc3cc(S(=O)(=O)F)cnc3s2)C(=O)N1,-8.812121943
O=C1CC[C@@H](NC(=O)c2cc3cc(S(=O)(=O)F)cnc3s2)C(=O)N1,-9.023837317
O=C1CC[C@H](NC(=O)c2cc3ccc(S(=O)(=O)F)nc3s2)C(=O)N1,-8.66605349
O=C1CC[C@@H](NC(=O)c2cc3ccc(S(=O)(=O)F)nc3s2)C(=O)N1,-8.566911183
N#CN1CC[C@H](c2cn3nccc(Nc4ccc(N5CCC(=O)NC5=O)cc4)c3n2)C1,-7.522438832
N#CN1CC[C@@H](c2cn3nccc(Nc4ccc(N5CCC(=O)NC5=O)cc4)c3n2)C1,-7.532367216
O=C1CC[C@H](N2Cc3c(cccc3-n3cc(CNC4CCC4)nn3)C2=O)C(=O)N1,-8.085559208
O=C1CC[C@@H](N2Cc3c(cccc3-n3cc(CNC4CCC4)nn3)C2=O)C(=O)N1,-8.086296415
COc1ccccc1Cn1cnc2cc(C(=O)N[C@@H]3CCC(=O)NC3=O)ccc21,-7.831133752
COc1ccccc1Cn1cnc2cc(C(=O)N[C@H]3CCC(=O)NC3=O)ccc21,-7.97946086
Cc1c(Nc2nc3onc(C)c3c(=O)[nH]2)cccc1N1CCC(=O)NC1=O,-7.685657865
Cc1ccc2nonc2c1C(=O)N[C@@H]1CCC(=O)NC1=O,-8.260342772
Cc1ccc2nonc2c1C(=O)N[C@H]1CCC(=O)NC1=O,-8.260262176
O=C1CC[C@H](NC(=O)c2ccc(S(=O)(=O)F)c3nonc23)C(=O)N1,-9.802211587
O=C1CC[C@@H](NC(=O)c2ccc(S(=O)(=O)F)c3nonc23)C(=O)N1,-9.708685071
O=C1CC[C@H](NC(=O)c2cc(S(=O)(=O)F)cc3nonc23)C(=O)N1,-10.27060581
O=C1CC[C@@H](NC(=O)c2cc(S(=O)(=O)F)cc3nonc23)C(=O)N1,-10.32632731
O=C1CC[C@H](NC(=O)c2cc(OS(=O)(=O)F)cc3nonc23)C(=O)N1,-9.912840632
O=C1CC[C@@H](NC(=O)c2cc(OS(=O)(=O)F)cc3nonc23)C(=O)N1,-9.908208097
N#CN1CCC[C@H](c2ccc3c(C(=O)N[C@@H]4CCC(=O)NC4=O)cccc3c2)C1,-8.047537243
N#CN1CCC[C@@H](c2ccc3c(C(=O)N[C@@H]4CCC(=O)NC4=O)cccc3c2)C1,-8.029795913
N#CN1CCC[C@H](c2ccc3c(C(=O)N[C@H]4CCC(=O)NC4=O)cccc3c2)C1,-8.027388814
N#CN1CCC[C@@H](c2ccc3c(C(=O)N[C@H]4CCC(=O)NC4=O)cccc3c2)C1,-8.026875662
O=C1CC[C@H](NC(=O)c2cc3c(Cl)ncnc3[nH]2)C(=O)N1,-8.375311141
O=C1CC[C@@H](NC(=O)c2cc3c(Cl)ncnc3[nH]2)C(=O)N1,-8.374911407
CN(C)c1ncnc2c1cc(C(=O)N[C@@H]1CCC(=O)NC1=O)n2C,-7.766180066
CN(C)c1ncnc2c1cc(C(=O)N[C@H]1CCC(=O)NC1=O)n2C,-7.706268078
N#CN1CC[C@H](c2ccc(C(=O)Nc3cccc4c3CN([C@@H]3CCC(=O)NC3=O)C4=O)s2)C1,-7.97598312
N#CN1CC[C@@H](c2ccc(C(=O)Nc3cccc4c3CN([C@@H]3CCC(=O)NC3=O)C4=O)s2)C1,-8.095424988
N#CN1CC[C@H](c2ccc(C(=O)Nc3cccc4c3CN([C@H]3CCC(=O)NC3=O)C4=O)s2)C1,-8.097314809
N#CN1CC[C@@H](c2ccc(C(=O)Nc3cccc4c3CN([C@H]3CCC(=O)NC3=O)C4=O)s2)C1,-8.101533064
O=C1CC[C@H](CS(=O)(=O)c2ccc(F)cc2)C(=O)N1,-7.922575313
O=C1CC[C@@H](CS(=O)(=O)c2ccc(F)cc2)C(=O)N1,-7.924752686
O=C1CC[C@H](CS(=O)(=O)c2ccc(Cl)cc2)C(=O)N1,-7.905537887
O=C1CC[C@@H](CS(=O)(=O)c2ccc(Cl)cc2)C(=O)N1,-7.909612091
O=C1CC[C@H](CS(=O)(=O)c2ccccc2)C(=O)N1,-7.831760277
O=C1CC[C@@H](CS(=O)(=O)c2ccccc2)C(=O)N1,-7.831927921
Cc1ccc(S(=O)(=O)C[C@@H]2CCC(=O)NC2=O)cc1,-7.792277092
Cc1ccc(S(=O)(=O)C[C@H]2CCC(=O)NC2=O)cc1,-7.793534617
N#CN1CCC[C@H](c2cccc(-c3nc(C(=O)N[C@@H]4CCC(=O)NC4=O)cs3)c2)C1,-7.978289755
N#CN1CCC[C@@H](c2cccc(-c3nc(C(=O)N[C@@H]4CCC(=O)NC4=O)cs3)c2)C1,-7.993710045
N#CN1CCC[C@H](c2cccc(-c3nc(C(=O)N[C@H]4CCC(=O)NC4=O)cs3)c2)C1,-8.013948007
N#CN1CCC[C@@H](c2cccc(-c3nc(C(=O)N[C@H]4CCC(=O)NC4=O)cs3)c2)C1,-8.01403637
Cc1c(C(=O)N[C@@H]2CCC(=O)NC2=O)ccc2cncn12,-8.204365005
Cc1c(C(=O)N[C@H]2CCC(=O)NC2=O)ccc2cncn12,-8.204516708
O=C1CC[C@H](NC(=O)c2cc(S(=O)(=O)F)c3cncn3c2)C(=O)N1,-8.586957592
O=C1CC[C@@H](NC(=O)c2cc(S(=O)(=O)F)c3cncn3c2)C(=O)N1,-8.751048037
O=C1CC[C@H](NC(=O)c2ccc3c(S(=O)(=O)F)ncn3c2)C(=O)N1,-8.784541194
O=C1CC[C@@H](NC(=O)c2ccc3c(S(=O)(=O)F)ncn3c2)C(=O)N1,-8.695579491
Cc1nc(Br)c2ccc(C(=O)N[C@@H]3CCC(=O)NC3=O)cn12,-8.143037809
Cc1nc(Br)c2ccc(C(=O)N[C@H]3CCC(=O)NC3=O)cn12,-8.143595555
O=C1CC[C@H](NC(=O)c2ccc3cncn3c2)C(=O)N1,-8.007584233
O=C1CC[C@@H](NC(=O)c2ccc3cncn3c2)C(=O)N1,-7.755102493
N#CN1CC[C@H](c2ccc(-c3nc(C(=O)N[C@@H]4CCC(=O)NC4=O)c[nH]3)cc2)C1,-7.797148017
N#CN1CC[C@@H](c2ccc(-c3nc(C(=O)N[C@@H]4CCC(=O)NC4=O)c[nH]3)cc2)C1,-7.809309603
N#CN1CC[C@H](c2ccc(-c3nc(C(=O)N[C@H]4CCC(=O)NC4=O)c[nH]3)cc2)C1,-7.8114742
N#CN1CC[C@@H](c2ccc(-c3nc(C(=O)N[C@H]4CCC(=O)NC4=O)c[nH]3)cc2)C1,-7.447769421
O=C1CC[C@H](Sc2nc3cc(S(=O)(=O)F)ccc3s2)C(=O)N1,-8.391445676
O=C1CC[C@@H](Sc2nc3cc(S(=O)(=O)F)ccc3s2)C(=O)N1,-8.357863476
O=C1CC[C@H](Sc2nc3c(S(=O)(=O)F)cccc3s2)C(=O)N1,-8.438215053
O=C1CC[C@@H](Sc2nc3c(S(=O)(=O)F)cccc3s2)C(=O)N1,-8.391035144
O=C1CC[C@H](Sc2nc3cccc(S(=O)(=O)F)c3s2)C(=O)N1,-7.869679823
O=C1CC[C@@H](Sc2nc3cccc(S(=O)(=O)F)c3s2)C(=O)N1,-7.837550454
O=C1CC[C@H](Sc2nc3ccccc3s2)C(=O)N1,-7.991374609
O=C1CC[C@@H](Sc2nc3ccccc3s2)C(=O)N1,-7.992483896
O=C1CC[C@H](NC(=O)c2nnc(NC3CC3)o2)C(=O)N1,-7.975682582
O=C1CC[C@@H](NC(=O)c2nnc(NC3CC3)o2)C(=O)N1,-7.981680634
Cc1cccc(C)c1C(=O)Nc1cccc(C2CC(=O)NC(=O)C2)c1,-7.581393549
Cc1cccc(C(=O)Nc2cccc(C3CC(=O)NC(=O)C3)c2)c1C,-7.549821475
O=C1CC[C@H](N2Cc3cc(Nc4noc5ccccc45)ccc3C2=O)C(=O)N1,-8.044039407
O=C1CC[C@@H](N2Cc3cc(Nc4noc5ccccc45)ccc3C2=O)C(=O)N1,-8.045591624
CCN(C)c1nnc2c(C(=O)N[C@@H]3CCC(=O)NC3=O)ccc(C(F)(F)F)n12,-8.705322401
CCN(C)c1nnc2c(C(=O)N[C@H]3CCC(=O)NC3=O)ccc(C(F)(F)F)n12,-8.773140012
O=C1CC[C@H](NC(=O)c2ccc(S(=O)(=O)F)n3cnnc23)C(=O)N1,-9.015807787
O=C1CC[C@@H](NC(=O)c2ccc(S(=O)(=O)F)n3cnnc23)C(=O)N1,-9.007547983
O=C1CC[C@H](NC(=O)c2cccn3c(S(=O)(=O)F)nnc23)C(=O)N1,-9.166813522
O=C1CC[C@@H](NC(=O)c2cccn3c(S(=O)(=O)F)nnc23)C(=O)N1,-9.237312851
O=C1CC[C@H](NC(=O)c2cc(S(=O)(=O)F)cn3cnnc23)C(=O)N1,-8.940732265
O=C1CC[C@@H](NC(=O)c2cc(S(=O)(=O)F)cn3cnnc23)C(=O)N1,-9.230809547
O=C1CC[C@H](NC(=O)c2cc(OS(=O)(=O)F)cn3cnnc23)C(=O)N1,-8.827591689
O=C1CC[C@@H](NC(=O)c2cc(OS(=O)(=O)F)cn3cnnc23)C(=O)N1,-9.020203389
COCCc1nc(-c2ccc(C(=O)N[C@@H]3CCC(=O)NC3=O)cc2)no1,-8.025233727
COCCc1nc(-c2ccc(C(=O)N[C@H]3CCC(=O)NC3=O)cc2)no1,-8.018289848
O=C1CC[C@H](Cc2cc(C(=O)Nc3cccc(Cl)c3)no2)C(=O)N1,-8.14817889
O=C1CC[C@@H](Cc2cc(C(=O)Nc3cccc(Cl)c3)no2)C(=O)N1,-8.175190297
N#CN1CCC[C@H](c2ccc(-c3nc(C(=O)N[C@@H]4CCC(=O)NC4=O)c[nH]3)cc2)C1,-7.562352534
N#CN1CCC[C@@H](c2ccc(-c3nc(C(=O)N[C@@H]4CCC(=O)NC4=O)c[nH]3)cc2)C1,-7.531801284
N#CN1CCC[C@H](c2ccc(-c3nc(C(=O)N[C@H]4CCC(=O)NC4=O)c[nH]3)cc2)C1,-7.534814675
N#CN1CCC[C@@H](c2ccc(-c3nc(C(=O)N[C@H]4CCC(=O)NC4=O)c[nH]3)cc2)C1,-7.548092391
N#CN1CCC[C@H](c2ccc3c(c2)C[C@H](Nc2cccc(N4CCC(=O)NC4=O)c2)CCC3)C1,-7.281300975
N#CN1CCC[C@@H](c2ccc3c(c2)C[C@H](Nc2cccc(N4CCC(=O)NC4=O)c2)CCC3)C1,-7.113990181
N#CN1CCC[C@H](c2ccc3c(c2)C[C@@H](Nc2cccc(N4CCC(=O)NC4=O)c2)CCC3)C1,-7.204864074
N#CN1CCC[C@@H](c2ccc3c(c2)C[C@@H](Nc2cccc(N4CCC(=O)NC4=O)c2)CCC3)C1,-7.239868128
N#CN1CCC[C@H](c2ccc3c(-c4cccc(N5CCC(=O)NC5=O)c4)c[nH]c3c2)C1,-7.256503627
N#CN1CCC[C@@H](c2ccc3c(-c4cccc(N5CCC(=O)NC5=O)c4)c[nH]c3c2)C1,-7.261811654
N#CN1CCC[C@H](c2cccc(-n3ncc(C(=O)N[C@@H]4CCC(=O)NC4=O)n3)c2)C1,-8.051934039
N#CN1CCC[C@@H](c2cccc(-n3ncc(C(=O)N[C@@H]4CCC(=O)NC4=O)n3)c2)C1,-7.807715992
N#CN1CCC[C@H](c2cccc(-n3ncc(C(=O)N[C@H]4CCC(=O)NC4=O)n3)c2)C1,-7.883050878
N#CN1CCC[C@@H](c2cccc(-n3ncc(C(=O)N[C@H]4CCC(=O)NC4=O)n3)c2)C1,-7.918340035
Nc1ncccc1C(=O)NCc1ccc2c(c1)C(=O)N([C@@H]1CCC(=O)NC1=O)C2,-8.234497022
Nc1ncccc1C(=O)NCc1ccc2c(c1)C(=O)N([C@H]1CCC(=O)NC1=O)C2,-8.232352023
O=C1CC[C@H](N2Cc3ccc(CNC(=O)c4cnccc4O)cc3C2=O)C(=O)N1,-7.890209234
O=C1CC[C@@H](N2Cc3ccc(CNC(=O)c4cnccc4O)cc3C2=O)C(=O)N1,-7.979648492
N#CN1CCC[C@H](c2cc(-c3cc(N[C@@H]4CCC(=O)NC4=O)ncn3)cs2)C1,-7.969551471
N#CN1CCC[C@@H](c2cc(-c3cc(N[C@@H]4CCC(=O)NC4=O)ncn3)cs2)C1,-7.979893011
N#CN1CCC[C@H](c2cc(-c3cc(N[C@H]4CCC(=O)NC4=O)ncn3)cs2)C1,-7.862133027
N#CN1CCC[C@@H](c2cc(-c3cc(N[C@H]4CCC(=O)NC4=O)ncn3)cs2)C1,-7.868953716
CN1CCO[C@H](COc2ccc(-c3ccc(N4CCC(=O)NC4=O)cc3)cc2)C1,-7.9046502
CN1CCO[C@@H](COc2ccc(-c3ccc(N4CCC(=O)NC4=O)cc3)cc2)C1,-7.952396671
O=C1CC[C@H](N2Cc3ccc(NC(=O)c4cn5ccccc5n4)cc3C2=O)C(=O)N1,-8.079779181
O=C1CC[C@@H](N2Cc3ccc(NC(=O)c4cn5ccccc5n4)cc3C2=O)C(=O)N1,-7.86071224
C=CC(=O)Nc1ccc(C(=O)NC[C@]2(C)NC(=O)NC2=O)cc1,-7.738859702
C=CC(=O)Nc1ccc(C(=O)NC[C@@]2(C)NC(=O)NC2=O)cc1,-7.733899052
N#CN1CCC[C@H](c2cc(-c3ncc(C(=O)N[C@@H]4CCC(=O)NC4=O)s3)cc3c2OCC3)C1,-8.123865105
N#CN1CCC[C@@H](c2cc(-c3ncc(C(=O)N[C@@H]4CCC(=O)NC4=O)s3)cc3c2OCC3)C1,-8.127610896
N#CN1CCC[C@H](c2cc(-c3ncc(C(=O)N[C@H]4CCC(=O)NC4=O)s3)cc3c2OCC3)C1,-8.143600853
N#CN1CCC[C@@H](c2cc(-c3ncc(C(=O)N[C@H]4CCC(=O)NC4=O)s3)cc3c2OCC3)C1,-8.094718993
O=C1CC[C@H](NC(=O)c2cnoc2Cc2ccccc2)C(=O)N1,-8.08192299
O=C1CC[C@@H](NC(=O)c2cnoc2Cc2ccccc2)C(=O)N1,-8.082416123
CC(C)c1ccc(-c2cc(F)cc3c2C(=O)NC3)c(F)c1,-7.377004633
CNC(=O)N1CC(NC(=O)Nc2ccc3c([C@@H]4CCC(=O)NC4=O)nn(C)c3c2)C1,-7.49770905
CNC(=O)N1CC(NC(=O)Nc2ccc3c([C@H]4CCC(=O)NC4=O)nn(C)c3c2)C1,-7.500278165
N#CN1CC[C@H](c2ccc(Nc3ccc4c(c3)C(=O)N([C@@H]3CCC(=O)NC3=O)C4=O)cc2)C1,-8.573111289
N#CN1CC[C@@H](c2ccc(Nc3ccc4c(c3)C(=O)N([C@@H]3CCC(=O)NC3=O)C4=O)cc2)C1,-8.572995864
N#CN1CC[C@H](c2ccc(Nc3ccc4c(c3)C(=O)N([C@H]3CCC(=O)NC3=O)C4=O)cc2)C1,-8.580263813
N#CN1CC[C@@H](c2ccc(Nc3ccc4c(c3)C(=O)N([C@H]3CCC(=O)NC3=O)C4=O)cc2)C1,-8.572223357
N#CN1CCC[C@H](c2ncnn2-c2ccc(C(=O)N[C@@H]3CCC(=O)NC3=O)cc2)C1,-7.978464957
N#CN1CCC[C@@H](c2ncnn2-c2ccc(C(=O)N[C@@H]3CCC(=O)NC3=O)cc2)C1,-8.159873751
N#CN1CCC[C@H](c2ncnn2-c2ccc(C(=O)N[C@H]3CCC(=O)NC3=O)cc2)C1,-8.175435146
N#CN1CCC[C@@H](c2ncnn2-c2ccc(C(=O)N[C@H]3CCC(=O)NC3=O)cc2)C1,-8.163059835
O=C1CC[C@H](N2Cc3cc(C(=O)NCC[C@@H]4CCCN4)ccc3C2=O)C(=O)N1,-7.9224332
O=C1CC[C@@H](N2Cc3cc(C(=O)NCC[C@@H]4CCCN4)ccc3C2=O)C(=O)N1,-7.913579591
O=C1CC[C@H](N2Cc3cc(C(=O)NCC[C@H]4CCCN4)ccc3C2=O)C(=O)N1,-7.956246021
O=C1CC[C@@H](N2Cc3cc(C(=O)NCC[C@H]4CCCN4)ccc3C2=O)C(=O)N1,-7.907704749
N#CN1CC[C@H](c2cccc(-c3cnc(C(=O)N[C@@H]4CCC(=O)NC4=O)o3)c2)C1,-8.15794089
N#CN1CC[C@@H](c2cccc(-c3cnc(C(=O)N[C@@H]4CCC(=O)NC4=O)o3)c2)C1,-8.1558273
N#CN1CC[C@H](c2cccc(-c3cnc(C(=O)N[C@H]4CCC(=O)NC4=O)o3)c2)C1,-8.057513602
N#CN1CC[C@@H](c2cccc(-c3cnc(C(=O)N[C@H]4CCC(=O)NC4=O)o3)c2)C1,-8.181853249
N#CN1CC[C@H](c2ccccc2-n2cc(C(=O)N[C@@H]3CCC(=O)NC3=O)ccc2=O)C1,-7.715393532
N#CN1CC[C@@H](c2ccccc2-n2cc(C(=O)N[C@@H]3CCC(=O)NC3=O)ccc2=O)C1,-7.714342021
N#CN1CC[C@H](c2ccccc2-n2cc(C(=O)N[C@H]3CCC(=O)NC3=O)ccc2=O)C1,-7.909540816
N#CN1CC[C@@H](c2ccccc2-n2cc(C(=O)N[C@H]3CCC(=O)NC3=O)ccc2=O)C1,-7.90821768
N#CN1CCC[C@H](c2cc(=O)c3ccc(C(=O)N[C@@H]4CCC(=O)NC4=O)cc3o2)C1,-8.262543921
N#CN1CCC[C@@H](c2cc(=O)c3ccc(C(=O)N[C@@H]4CCC(=O)NC4=O)cc3o2)C1,-8.277890778
N#CN1CCC[C@H](c2cc(=O)c3ccc(C(=O)N[C@H]4CCC(=O)NC4=O)cc3o2)C1,-8.266212158
N#CN1CCC[C@@H](c2cc(=O)c3ccc(C(=O)N[C@H]4CCC(=O)NC4=O)cc3o2)C1,-8.271284082
N#CN1CC[C@H](c2ccc3ccc(C(=O)N[C@@H]4CCC(=O)NC4=O)nc3c2)C1,-8.401223075
N#CN1CC[C@@H](c2ccc3ccc(C(=O)N[C@@H]4CCC(=O)NC4=O)nc3c2)C1,-8.319668736
N#CN1CC[C@H](c2ccc3ccc(C(=O)N[C@H]4CCC(=O)NC4=O)nc3c2)C1,-8.411705773
N#CN1CC[C@@H](c2ccc3ccc(C(=O)N[C@H]4CCC(=O)NC4=O)nc3c2)C1,-8.418737483
N#CN1CCC[C@H](c2c(-c3ncc(C(=O)N[C@@H]4CCC(=O)NC4=O)s3)ccc3c2CCO3)C1,-8.020109641
N#CN1CCC[C@@H](c2c(-c3ncc(C(=O)N[C@@H]4CCC(=O)NC4=O)s3)ccc3c2CCO3)C1,-8.065641857
N#CN1CCC[C@H](c2c(-c3ncc(C(=O)N[C@H]4CCC(=O)NC4=O)s3)ccc3c2CCO3)C1,-8.030149583
N#CN1CCC[C@@H](c2c(-c3ncc(C(=O)N[C@H]4CCC(=O)NC4=O)s3)ccc3c2CCO3)C1,-7.843279167
CN1C(=O)CC[C@H](NCc2cccc3ccccc23)C1=O,-7.645632059
CN1C(=O)CC[C@@H](NCc2cccc3ccccc23)C1=O,-7.611100482
N#CN1CCC[C@H](c2ccc(-c3cncc(C(=O)N[C@@H]4CCC(=O)NC4=O)c3)cc2)C1,-7.753857948
N#CN1CCC[C@@H](c2ccc(-c3cncc(C(=O)N[C@@H]4CCC(=O)NC4=O)c3)cc2)C1,-7.752038287
N#CN1CCC[C@H](c2ccc(-c3cncc(C(=O)N[C@H]4CCC(=O)NC4=O)c3)cc2)C1,-7.998530734
N#CN1CCC[C@@H](c2ccc(-c3cncc(C(=O)N[C@H]4CCC(=O)NC4=O)c3)cc2)C1,-8.026018899
CN(c1ncnc2cnccc12)[C@@H]1CCC(=O)NC1=O,-8.549069331
CN(c1ncnc2cnccc12)[C@H]1CCC(=O)NC1=O,-8.550934137
O=C1CC[C@H](Nc2ncnc3[nH]c(C(F)F)nc23)C(=O)N1,-8.06059652
O=C1CC[C@@H](Nc2ncnc3[nH]c(C(F)F)nc23)C(=O)N1,-8.060657654
CN(c1ncnc2[nH]c(C(F)F)nc12)[C@@H]1CCC(=O)NC1=O,-7.941185957
CN(c1ncnc2[nH]c(C(F)F)nc12)[C@H]1CCC(=O)NC1=O,-7.934085139
CC(C)n1cnc2c(N[C@@H]3CCC(=O)NC3=O)nc(Cl)nc21,-7.9173556
CC(C)n1cnc2c(N[C@H]3CCC(=O)NC3=O)nc(Cl)nc21,-7.920895276
CC(C)n1cnc2c(N(C)[C@@H]3CCC(=O)NC3=O)nc(Cl)nc21,-7.795084761
CC(C)n1cnc2c(N(C)[C@H]3CCC(=O)NC3=O)nc(Cl)nc21,-7.795812358
CC(C)(O)c1nc2c(N[C@@H]3CCC(=O)NC3=O)nc(Cl)nc2[nH]1,-7.9309194
CC(C)(O)c1nc2c(N[C@H]3CCC(=O)NC3=O)nc(Cl)nc2[nH]1,-7.930959995
CN(c1nc(S(C)(=O)=O)nc2c1ncn2C)[C@@H]1CCC(=O)NC1=O,-8.022677243
CN(c1nc(S(C)(=O)=O)nc2c1ncn2C)[C@H]1CCC(=O)NC1=O,-7.936672746
CN(c1nc(Cl)nc2[nH]c(C(C)(C)O)nc12)[C@@H]1CCC(=O)NC1=O,-7.824276714
CN(c1nc(Cl)nc2[nH]c(C(C)(C)O)nc12)[C@H]1CCC(=O)NC1=O,-7.757209827
CN(c1nc(F)nc2[nH]cnc12)[C@@H]1CCC(=O)NC1=O,-7.86767267
CN(c1nc(F)nc2[nH]cnc12)[C@H]1CCC(=O)NC1=O,-7.868737226
Cn1nc(-c2ccccc2F)c2cc(C(=O)N[C@@H]3CCC(=O)NC3=O)sc21,-8.002480058
Cn1nc(-c2ccccc2F)c2cc(C(=O)N[C@H]3CCC(=O)NC3=O)sc21,-7.936767544
O=C1CC[C@H](N2Cc3c(C(=O)N4CCC4)cc(S(=O)(=O)F)cc3C2=O)C(=O)N1,-8.338775433
O=C1CC[C@@H](N2Cc3c(C(=O)N4CCC4)cc(S(=O)(=O)F)cc3C2=O)C(=O)N1,-8.338703482
O=C1CC[C@H](N2Cc3c(ccc(S(=O)(=O)F)c3C(=O)N3CCC3)C2=O)C(=O)N1,-8.451899067
O=C1CC[C@@H](N2Cc3c(ccc(S(=O)(=O)F)c3C(=O)N3CCC3)C2=O)C(=O)N1,-8.439319968
O=C1CC[C@H](N2Cc3c(C(=O)N4CCC4)cccc3C2=O)C(=O)N1,-7.812236172
O=C1CC[C@@H](N2Cc3c(C(=O)N4CCC4)cccc3C2=O)C(=O)N1,-7.812157364
CC1CN(C(=O)c2cccc3c2CN([C@@H]2CCC(=O)NC2=O)C3=O)C1,-8.930126578
CC1CN(C(=O)c2cccc3c2CN([C@H]2CCC(=O)NC2=O)C3=O)C1,-8.607567369
O=C1CC[C@H](N2Cc3c(C(=O)N4CC(F)C4)cccc3C2=O)C(=O)N1,-7.881679657
O=C1CC[C@@H](N2Cc3c(C(=O)N4CC(F)C4)cccc3C2=O)C(=O)N1,-7.952210609
CN(C)C1CN(C(=O)c2cccc3c2CN([C@@H]2CCC(=O)NC2=O)C3=O)C1,-7.886290022
CN(C)C1CN(C(=O)c2cccc3c2CN([C@H]2CCC(=O)NC2=O)C3=O)C1,-7.917959184
O=C1CC[C@H](N2Cc3ccc(-c4coc(OS(=O)(=O)F)c4)cc3C2=O)C(=O)N1,-8.021861234
O=C1CC[C@@H](N2Cc3ccc(-c4coc(OS(=O)(=O)F)c4)cc3C2=O)C(=O)N1,-7.942048285
O=C1CC[C@H](N2Cc3ccc(-c4ccoc4OS(=O)(=O)F)cc3C2=O)C(=O)N1,-7.935501014
O=C1CC[C@@H](N2Cc3ccc(-c4ccoc4OS(=O)(=O)F)cc3C2=O)C(=O)N1,-7.963746903
O=C1CC[C@H](N2Cc3ccc(-c4ccoc4)cc3C2=O)C(=O)N1,-7.889791452
O=C1CC[C@@H](N2Cc3ccc(-c4ccoc4)cc3C2=O)C(=O)N1,-7.889765841
O=C1CC[C@H](N2Cc3cc(S(=O)(=O)F)c(-c4ccoc4)cc3C2=O)C(=O)N1,-8.302083012
O=C1CC[C@@H](N2Cc3cc(S(=O)(=O)F)c(-c4ccoc4)cc3C2=O)C(=O)N1,-8.301156347
O=C1CC[C@H](N2Cc3ccc(-c4ccoc4S(=O)(=O)F)cc3C2=O)C(=O)N1,-7.978200985
O=C1CC[C@@H](N2Cc3ccc(-c4ccoc4S(=O)(=O)F)cc3C2=O)C(=O)N1,-7.955145721
O=C1CC[C@H](N2Cc3ccc(-c4cocc4S(=O)(=O)F)cc3C2=O)C(=O)N1,-8.313366899
O=C1CC[C@@H](N2Cc3ccc(-c4cocc4S(=O)(=O)F)cc3C2=O)C(=O)N1,-8.195134266
O=C1CC[C@H](N2Cc3c(ccc(S(=O)(=O)F)c3-c3cscn3)C2=O)C(=O)N1,-8.266917684
O=C1CC[C@@H](N2Cc3c(ccc(S(=O)(=O)F)c3-c3cscn3)C2=O)C(=O)N1,-8.504968144
O=C1CC[C@H](N2Cc3c(cccc3-c3csc(OS(=O)(=O)F)n3)C2=O)C(=O)N1,-8.15240523
O=C1CC[C@@H](N2Cc3c(cccc3-c3csc(OS(=O)(=O)F)n3)C2=O)C(=O)N1,-8.089709165
O=C1CC[C@H](N2Cc3c(cccc3-c3cscn3)C2=O)C(=O)N1,-7.871658138
O=C1CC[C@@H](N2Cc3c(cccc3-c3cscn3)C2=O)C(=O)N1,-7.871622487
CC[C@]1(c2ccc(N[C@@H]3CCOC4(CCC4)C3)cc2)CCC(=O)NC1=O,-7.427131558
CC[C@@]1(c2ccc(N[C@@H]3CCOC4(CCC4)C3)cc2)CCC(=O)NC1=O,-7.438036255
CC[C@]1(c2ccc(N[C@H]3CCOC4(CCC4)C3)cc2)CCC(=O)NC1=O,-7.434277707
CC[C@@]1(c2ccc(N[C@H]3CCOC4(CCC4)C3)cc2)CCC(=O)NC1=O,-7.424281501
O=C1CC[C@H](NC(=O)c2nc(-c3ccccc3)cs2)C(=O)N1,-8.122866652
O=C1CC[C@@H](NC(=O)c2nc(-c3ccccc3)cs2)C(=O)N1,-8.122947709
Cc1sc(C(=O)N[C@@H]2CCC(=O)NC2=O)nc1-c1ccccc1,-8.020846086
Cc1sc(C(=O)N[C@H]2CCC(=O)NC2=O)nc1-c1ccccc1,-8.020877812
CCc1cc2c(N[C@@H]3CCC(=O)NC3=O)ncnc2s1,-8.020372918
CCc1cc2c(N[C@H]3CCC(=O)NC3=O)ncnc2s1,-8.020428907
CCc1cc2c(N(C)[C@@H]3CCC(=O)NC3=O)nc(C)nc2s1,-7.748562438
CCc1cc2c(N(C)[C@H]3CCC(=O)NC3=O)nc(C)nc2s1,-7.74256996
O=C1CC[C@H](Nc2ncnc3sc(S(=O)(=O)F)cc23)C(=O)N1,-8.317740177
O=C1CC[C@@H](Nc2ncnc3sc(S(=O)(=O)F)cc23)C(=O)N1,-8.283886413
N#CN1CCC(c2ccc3c(c2)[C@H](C(=O)Nc2ccc([C@@H]4CCC(=O)NC4=O)cc2)OCC3)CC1,-7.61530867
N#CN1CCC(c2ccc3c(c2)[C@@H](C(=O)Nc2ccc([C@@H]4CCC(=O)NC4=O)cc2)OCC3)CC1,-7.68736506
N#CN1CCC(c2ccc3c(c2)[C@H](C(=O)Nc2ccc([C@H]4CCC(=O)NC4=O)cc2)OCC3)CC1,-7.641928894
N#CN1CCC(c2ccc3c(c2)[C@@H](C(=O)Nc2ccc([C@H]4CCC(=O)NC4=O)cc2)OCC3)CC1,-7.710494339
N#CN1CCC[C@H](c2cnn(-c3ccccc3C(=O)N[C@@H]3CCC(=O)NC3=O)n2)C1,-8.073255241
N#CN1CCC[C@@H](c2cnn(-c3ccccc3C(=O)N[C@@H]3CCC(=O)NC3=O)n2)C1,-8.075839649
N#CN1CCC[C@H](c2cnn(-c3ccccc3C(=O)N[C@H]3CCC(=O)NC3=O)n2)C1,-7.958388018
N#CN1CCC[C@@H](c2cnn(-c3ccccc3C(=O)N[C@H]3CCC(=O)NC3=O)n2)C1,-7.810092265
N#CN1CCC(c2c(C(=O)Nc3ccc([C@@H]4CCC(=O)NC4=O)cc3)ccc3c2COCC3)CC1,-7.625957765
N#CN1CCC(c2c(C(=O)Nc3ccc([C@H]4CCC(=O)NC4=O)cc3)ccc3c2COCC3)CC1,-7.750196646
N#CN1CCC[C@H](c2ccc3c(c2)C[C@H](c2nc(C(=O)N[C@@H]4CCC(=O)NC4=O)cs2)O3)C1,-7.917548368
N#CN1CCC[C@@H](c2ccc3c(c2)C[C@H](c2nc(C(=O)N[C@@H]4CCC(=O)NC4=O)cs2)O3)C1,-7.907145779
N#CN1CCC[C@H](c2ccc3c(c2)C[C@@H](c2nc(C(=O)N[C@@H]4CCC(=O)NC4=O)cs2)O3)C1,-7.981395996
N#CN1CCC[C@@H](c2ccc3c(c2)C[C@@H](c2nc(C(=O)N[C@@H]4CCC(=O)NC4=O)cs2)O3)C1,-7.90921678
N#CN1CCC[C@H](c2ccc3c(c2)C[C@H](c2nc(C(=O)N[C@H]4CCC(=O)NC4=O)cs2)O3)C1,-7.717921111
N#CN1CCC[C@@H](c2ccc3c(c2)C[C@H](c2nc(C(=O)N[C@H]4CCC(=O)NC4=O)cs2)O3)C1,-8.060929416
N#CN1CCC[C@H](c2ccc3c(c2)C[C@@H](c2nc(C(=O)N[C@H]4CCC(=O)NC4=O)cs2)O3)C1,-7.895397148
N#CN1CCC[C@@H](c2ccc3c(c2)C[C@@H](c2nc(C(=O)N[C@H]4CCC(=O)NC4=O)cs2)O3)C1,-7.859240579
O=C1CC[C@H](c2cccc(NC(=O)C3=Nc4c(cccc4S(=O)(=O)F)C3)c2)C(=O)N1,-8.865671716
O=C1CC[C@@H](c2cccc(NC(=O)C3=Nc4c(cccc4S(=O)(=O)F)C3)c2)C(=O)N1,-8.948213706
O=C1CC[C@H](c2cccc(NC(=O)C3=Nc4cccc(S(=O)(=O)F)c4C3)c2)C(=O)N1,-8.951138149
O=C1CC[C@@H](c2cccc(NC(=O)C3=Nc4cccc(S(=O)(=O)F)c4C3)c2)C(=O)N1,-8.900648195
CC1(C)C(C(=O)Nc2cccc([C@@H]3CCC(=O)NC3=O)c2)=Nc2ccccc21,-8.257947593
CC1(C)C(C(=O)Nc2cccc([C@H]3CCC(=O)NC3=O)c2)=Nc2ccccc21,-8.264744052
CC(C)(C)NC(=O)[C@]1(C)CCCC(=O)N1[C@@H]1CCC(=O)NC1=O,-7.899315773
CC(C)(C)NC(=O)[C@@]1(C)CCCC(=O)N1[C@@H]1CCC(=O)NC1=O,-8.142434525
CC(C)(C)NC(=O)[C@]1(C)CCCC(=O)N1[C@H]1CCC(=O)NC1=O,-8.084239333
CC(C)(C)NC(=O)[C@@]1(C)CCCC(=O)N1[C@H]1CCC(=O)NC1=O,-7.88852955
N#CN1CC[C@H](c2nccc(Nc3ccc([C@@H]4CCC(=O)NC4=O)cc3)n2)C1,-7.525208892
N#CN1CC[C@@H](c2nccc(Nc3ccc([C@@H]4CCC(=O)NC4=O)cc3)n2)C1,-7.517820419
N#CN1CC[C@H](c2nccc(Nc3ccc([C@H]4CCC(=O)NC4=O)cc3)n2)C1,-7.761248928
N#CN1CC[C@@H](c2nccc(Nc3ccc([C@H]4CCC(=O)NC4=O)cc3)n2)C1,-7.974824128
Cc1nn([C@@H]2CCCc3ccccc32)c2c1C(=O)NC2,-6.64350581
Cc1nn([C@H]2CCCc3ccccc32)c2c1C(=O)NC2,-6.643606579
O=C1CC[C@H](N2Cc3c(cccc3-n3cc(C(=O)C4CCC4)nn3)C2=O)C(=O)N1,-7.930502583
O=C1CC[C@@H](N2Cc3c(cccc3-n3cc(C(=O)C4CCC4)nn3)C2=O)C(=O)N1,-7.935775878
N#CN1CC[C@H](c2cccc(-c3cncc(C(=O)N[C@@H]4CCC(=O)NC4=O)c3)c2)C1,-7.890829323
N#CN1CC[C@@H](c2cccc(-c3cncc(C(=O)N[C@@H]4CCC(=O)NC4=O)c3)c2)C1,-7.487291476
N#CN1CC[C@H](c2cccc(-c3cncc(C(=O)N[C@H]4CCC(=O)NC4=O)c3)c2)C1,-7.959026196
N#CN1CC[C@@H](c2cccc(-c3cncc(C(=O)N[C@H]4CCC(=O)NC4=O)c3)c2)C1,-7.961206225
Cc1cccc(-c2nnc3ccc(C(=O)N[C@@H]4CCC(=O)NC4=O)cn23)c1,-8.21460261
Cc1cccc(-c2nnc3ccc(C(=O)N[C@H]4CCC(=O)NC4=O)cn23)c1,-8.213793625
CC(C)(C(=O)NCc1occc1C(=O)N[C@@H]1CCC(=O)NC1=O)n1cnnn1,-7.949768506
CC(C)(C(=O)NCc1occc1C(=O)N[C@H]1CCC(=O)NC1=O)n1cnnn1,-7.901711739
O=C1CC[C@H](NC(=O)c2ccc(-c3nn[nH]n3)o2)C(=O)N1,-8.233012991
O=C1CC[C@@H](NC(=O)c2ccc(-c3nn[nH]n3)o2)C(=O)N1,-8.232924407
C#C[C@@H]1CCCN1C(=O)COc1cccc2c1CN([C@@H]1CCC(=O)NC1=O)C2=O,-7.447489596
C#C[C@H]1CCCN1C(=O)COc1cccc2c1CN([C@@H]1CCC(=O)NC1=O)C2=O,-7.448058209
C#C[C@@H]1CCCN1C(=O)COc1cccc2c1CN([C@H]1CCC(=O)NC1=O)C2=O,-7.962727773
C#C[C@H]1CCCN1C(=O)COc1cccc2c1CN([C@H]1CCC(=O)NC1=O)C2=O,-7.969347446
C[C@@H]1CCCN1C(=O)COc1cccc2c1CN([C@@H]1CCC(=O)NC1=O)C2=O,-7.947672796
C[C@H]1CCCN1C(=O)COc1cccc2c1CN([C@@H]1CCC(=O)NC1=O)C2=O,-7.845495757
C[C@@H]1CCCN1C(=O)COc1cccc2c1CN([C@H]1CCC(=O)NC1=O)C2=O,-7.817852191
C[C@H]1CCCN1C(=O)COc1cccc2c1CN([C@H]1CCC(=O)NC1=O)C2=O,-7.91561334
O=C1CC[C@H](N2Cc3cc(NC(=O)C4CCCCC4)ccc3C2=O)C(=O)N1,-7.627052642
O=C1CC[C@@H](N2Cc3cc(NC(=O)C4CCCCC4)ccc3C2=O)C(=O)N1,-7.663672895
O=C1CC[C@H](NC(=O)c2ccc3c(c2)C2(CC2)CN3)C(=O)N1,-7.887626089
O=C1CC[C@@H](NC(=O)c2ccc3c(c2)C2(CC2)CN3)C(=O)N1,-7.887622943
O=C1CC[C@H](NC(=O)c2cc3c(c(S(=O)(=O)F)c2)NCC32CC2)C(=O)N1,-8.061032841
O=C1CC[C@@H](NC(=O)c2cc3c(c(S(=O)(=O)F)c2)NCC32CC2)C(=O)N1,-8.060495093
N#CN1CCC[C@H](c2cnc3n2C[C@H](NC(=O)c2ccc(N4CCC(=O)NC4=O)cc2)CNC3)C1,-7.494758126
N#CN1CCC[C@@H](c2cnc3n2C[C@H](NC(=O)c2ccc(N4CCC(=O)NC4=O)cc2)CNC3)C1,-7.512132789
N#CN1CCC[C@H](c2cnc3n2C[C@@H](NC(=O)c2ccc(N4CCC(=O)NC4=O)cc2)CNC3)C1,-7.334221251
N#CN1CCC[C@@H](c2cnc3n2C[C@@H](NC(=O)c2ccc(N4CCC(=O)NC4=O)cc2)CNC3)C1,-7.575852396
O=C1CC[C@H](NC(=O)c2nc(N3CCCC3)sc2Cl)C(=O)N1,-7.772131491
O=C1CC[C@@H](NC(=O)c2nc(N3CCCC3)sc2Cl)C(=O)N1,-7.770184434
O=C1CC[C@H](c2ccc(NC(=O)[C@H]3C[C@@](O)(C4CCNCC4)C3)cc2)C(=O)N1,-7.622126329
O=C1CC[C@@H](c2ccc(NC(=O)[C@H]3C[C@@](O)(C4CCNCC4)C3)cc2)C(=O)N1,-7.690495751
O=C1CC[C@H](c2ccc(NC(=O)[C@H]3C[C@](O)(C4CCNCC4)C3)cc2)C(=O)N1,-7.613035983
O=C1CC[C@@H](c2ccc(NC(=O)[C@H]3C[C@](O)(C4CCNCC4)C3)cc2)C(=O)N1,-7.68631795
COc1ccc(-c2cc(N(C)[C@@H]3CCC(=O)NC3=O)ncn2)cc1,-7.697071988
COc1ccc(-c2cc(N(C)[C@H]3CCC(=O)NC3=O)ncn2)cc1,-7.69911734
O=C1CC[C@H](NC(=O)c2n[nH]c3c2CN(C(=O)[C@@H]2CCc4nccn42)C3)C(=O)N1,-7.94999551
O=C1CC[C@@H](NC(=O)c2n[nH]c3c2CN(C(=O)[C@@H]2CCc4nccn42)C3)C(=O)N1,-7.972449009
O=C1CC[C@H](NC(=O)c2n[nH]c3c2CN(C(=O)[C@H]2CCc4nccn42)C3)C(=O)N1,-7.971006137
O=C1CC[C@@H](NC(=O)c2n[nH]c3c2CN(C(=O)[C@H]2CCc4nccn42)C3)C(=O)N1,-7.978395073
N#CN1CCC[C@H](c2ccc(-n3nnc(C(=O)N[C@@H]4CCC(=O)NC4=O)n3)cc2)C1,-8.52814386
N#CN1CCC[C@@H](c2ccc(-n3nnc(C(=O)N[C@@H]4CCC(=O)NC4=O)n3)cc2)C1,-8.292389
N#CN1CCC[C@H](c2ccc(-n3nnc(C(=O)N[C@H]4CCC(=O)NC4=O)n3)cc2)C1,-8.298740841
N#CN1CCC[C@@H](c2ccc(-n3nnc(C(=O)N[C@H]4CCC(=O)NC4=O)n3)cc2)C1,-8.533544872
N#CN1CCC[C@H](c2ccc3c(c2)O[C@H](C(=O)Nc2ccc([C@@H]4CCC(=O)NC4=O)cc2)CO3)C1,-7.682814841
N#CN1CCC[C@@H](c2ccc3c(c2)O[C@H](C(=O)Nc2ccc([C@@H]4CCC(=O)NC4=O)cc2)CO3)C1,-7.742735902
N#CN1CCC[C@H](c2ccc3c(c2)O[C@@H](C(=O)Nc2ccc([C@@H]4CCC(=O)NC4=O)cc2)CO3)C1,-7.699286534
N#CN1CCC[C@@H](c2ccc3c(c2)O[C@@H](C(=O)Nc2ccc([C@@H]4CCC(=O)NC4=O)cc2)CO3)C1,-7.561528321
N#CN1CCC[C@H](c2ccc3c(c2)O[C@H](C(=O)Nc2ccc([C@H]4CCC(=O)NC4=O)cc2)CO3)C1,-7.739338685
N#CN1CCC[C@@H](c2ccc3c(c2)O[C@H](C(=O)Nc2ccc([C@H]4CCC(=O)NC4=O)cc2)CO3)C1,-7.738638609
N#CN1CCC[C@H](c2ccc3c(c2)O[C@@H](C(=O)Nc2ccc([C@H]4CCC(=O)NC4=O)cc2)CO3)C1,-7.770607649
N#CN1CCC[C@@H](c2ccc3c(c2)O[C@@H](C(=O)Nc2ccc([C@H]4CCC(=O)NC4=O)cc2)CO3)C1,-7.703903813
N#CN1CCC[C@H](c2cccc(-c3snnc3C(=O)N[C@@H]3CCC(=O)NC3=O)c2)C1,-8.390817697
N#CN1CCC[C@@H](c2cccc(-c3snnc3C(=O)N[C@@H]3CCC(=O)NC3=O)c2)C1,-8.191323819
N#CN1CCC[C@H](c2cccc(-c3snnc3C(=O)N[C@H]3CCC(=O)NC3=O)c2)C1,-8.186037998
N#CN1CCC[C@@H](c2cccc(-c3snnc3C(=O)N[C@H]3CCC(=O)NC3=O)c2)C1,-8.305416887
CC[C@@H]1CN(C(=O)c2ccc3c(c2)C(=O)N([C@@H]2CCC(=O)NC2=O)C3)CCO1,-7.94520101
CC[C@H]1CN(C(=O)c2ccc3c(c2)C(=O)N([C@@H]2CCC(=O)NC2=O)C3)CCO1,-7.929393126
CC[C@@H]1CN(C(=O)c2ccc3c(c2)C(=O)N([C@H]2CCC(=O)NC2=O)C3)CCO1,-7.949324766
CC[C@H]1CN(C(=O)c2ccc3c(c2)C(=O)N([C@H]2CCC(=O)NC2=O)C3)CCO1,-7.984219884
C=CC(=O)Nc1ccc(C(=O)NC2([C@@H]3NC(=O)NC3=O)CC2)cc1,-7.750679036
C=CC(=O)Nc1ccc(C(=O)NC2([C@H]3NC(=O)NC3=O)CC2)cc1,-7.753783754
CCCc1nnsc1C(=O)N[C@@H]1CCC(=O)NC1=O,-8.601416596
CCCc1nnsc1C(=O)N[C@H]1CCC(=O)NC1=O,-8.623393214
O=C1CC[C@H](NC(=O)c2ncsc2Nc2cccnc2)C(=O)N1,-7.904364448
O=C1CC[C@@H](NC(=O)c2ncsc2Nc2cccnc2)C(=O)N1,-7.901498274
N#CN1CCC[C@H](c2ccc3n(c2=O)[C@H](C(=O)Nc2ccc([C@@H]4CCC(=O)NC4=O)cc2)CC3)C1,-7.627315527
N#CN1CCC[C@@H](c2ccc3n(c2=O)[C@H](C(=O)Nc2ccc([C@@H]4CCC(=O)NC4=O)cc2)CC3)C1,-7.667581928
N#CN1CCC[C@H](c2ccc3n(c2=O)[C@@H](C(=O)Nc2ccc([C@@H]4CCC(=O)NC4=O)cc2)CC3)C1,-7.678922957
N#CN1CCC[C@@H](c2ccc3n(c2=O)[C@@H](C(=O)Nc2ccc([C@@H]4CCC(=O)NC4=O)cc2)CC3)C1,-7.613197755
N#CN1CCC[C@H](c2ccc3n(c2=O)[C@H](C(=O)Nc2ccc([C@H]4CCC(=O)NC4=O)cc2)CC3)C1,-7.675969402
N#CN1CCC[C@@H](c2ccc3n(c2=O)[C@H](C(=O)Nc2ccc([C@H]4CCC(=O)NC4=O)cc2)CC3)C1,-7.671457508
N#CN1CCC[C@H](c2ccc3n(c2=O)[C@@H](C(=O)Nc2ccc([C@H]4CCC(=O)NC4=O)cc2)CC3)C1,-7.672851444
N#CN1CCC[C@@H](c2ccc3n(c2=O)[C@@H](C(=O)Nc2ccc([C@H]4CCC(=O)NC4=O)cc2)CC3)C1,-7.590423156
O=C1CC[C@H](NC(=O)c2ccc(CNC(=O)[C@@H]3CCc4cn[nH]c43)o2)C(=O)N1,-7.727367546
O=C1CC[C@@H](NC(=O)c2ccc(CNC(=O)[C@@H]3CCc4cn[nH]c43)o2)C(=O)N1,-7.727224037
O=C1CC[C@H](NC(=O)c2ccc(CNC(=O)[C@H]3CCc4cn[nH]c43)o2)C(=O)N1,-7.656307974
O=C1CC[C@@H](NC(=O)c2ccc(CNC(=O)[C@H]3CCc4cn[nH]c43)o2)C(=O)N1,-8.327080046
O=C1CC[C@H](N2Cc3c(ccc(S(=O)(=O)F)c3C3=CCCNC3)C2=O)C(=O)N1,-8.132922959
O=C1CC[C@@H](N2Cc3c(ccc(S(=O)(=O)F)c3C3=CCCNC3)C2=O)C(=O)N1,-8.209499052
O=C1CC[C@H](N2Cc3c(cc(S(=O)(=O)F)cc3C3=CCCNC3)C2=O)C(=O)N1,-8.208390616
O=C1CC[C@@H](N2Cc3c(cc(S(=O)(=O)F)cc3C3=CCCNC3)C2=O)C(=O)N1,-8.132405789
O=C1CC[C@H](N2Cc3c(cccc3C3=CCCNC3)C2=O)C(=O)N1,-7.832902375
O=C1CC[C@@H](N2Cc3c(cccc3C3=CCCNC3)C2=O)C(=O)N1,-7.88386722
N#CN1CC[C@H](c2ccccc2C(=O)Nc2ccc([C@@H]3CCC(=O)NC3=O)cc2)C1,-8.044346286
N#CN1CC[C@@H](c2ccccc2C(=O)Nc2ccc([C@@H]3CCC(=O)NC3=O)cc2)C1,-8.047591628
N#CN1CC[C@H](c2ccccc2C(=O)Nc2ccc([C@H]3CCC(=O)NC3=O)cc2)C1,-8.053639325
N#CN1CC[C@@H](c2ccccc2C(=O)Nc2ccc([C@H]3CCC(=O)NC3=O)cc2)C1,-8.033047558
O=C1NC(=O)[C@]2(c3ccccc3)C[C@H]12,-7.7927
O=C1NC(=O)[C@@]2(c3ccccc3)C[C@@H]12,-7.7929
N#CN1CCC[C@H](c2cnc3n2CCC[C@@H]3C(=O)Nc2cccc([C@@H]3CCC(=O)NC3=O)c2)C1,-7.656513263
N#CN1CCC[C@@H](c2cnc3n2CCC[C@@H]3C(=O)Nc2cccc([C@@H]3CCC(=O)NC3=O)c2)C1,-7.457512244
N#CN1CCC[C@H](c2cnc3n2CCC[C@H]3C(=O)Nc2cccc([C@@H]3CCC(=O)NC3=O)c2)C1,-7.597038591
N#CN1CCC[C@@H](c2cnc3n2CCC[C@H]3C(=O)Nc2cccc([C@@H]3CCC(=O)NC3=O)c2)C1,-7.562734181
N#CN1CCC[C@H](c2cnc3n2CCC[C@@H]3C(=O)Nc2cccc([C@H]3CCC(=O)NC3=O)c2)C1,-7.56058682
N#CN1CCC[C@@H](c2cnc3n2CCC[C@@H]3C(=O)Nc2cccc([C@H]3CCC(=O)NC3=O)c2)C1,-7.527663841
N#CN1CCC[C@H](c2cnc3n2CCC[C@H]3C(=O)Nc2cccc([C@H]3CCC(=O)NC3=O)c2)C1,-7.654951499
N#CN1CCC[C@@H](c2cnc3n2CCC[C@H]3C(=O)Nc2cccc([C@H]3CCC(=O)NC3=O)c2)C1,-7.541872136
CC(C)(C)c1ccc(Oc2ccc(C(=O)N[C@@H]3CCC(=O)NC3=O)cc2F)cc1,-8.055698517
CC(C)(C)c1ccc(Oc2ccc(C(=O)N[C@H]3CCC(=O)NC3=O)cc2F)cc1,-8.047172157
O=C1CC[C@H](NC(=O)c2cc(F)c(Oc3ccccc3)c(F)c2)C(=O)N1,-8.162944814
O=C1CC[C@@H](NC(=O)c2cc(F)c(Oc3ccccc3)c(F)c2)C(=O)N1,-8.162958423
CC(C)c1ccccc1Oc1ccc(C(=O)N[C@@H]2CCC(=O)NC2=O)cc1,-7.964512101
CC(C)c1ccccc1Oc1ccc(C(=O)N[C@H]2CCC(=O)NC2=O)cc1,-7.96461836
N[C@@H]1CCCn2cc(C(=O)N[C@@H]3CCC(=O)NC3=O)nc21,-7.789663846
N[C@H]1CCCn2cc(C(=O)N[C@@H]3CCC(=O)NC3=O)nc21,-7.787876854
N[C@@H]1CCCn2cc(C(=O)N[C@H]3CCC(=O)NC3=O)nc21,-7.78781238
N[C@H]1CCCn2cc(C(=O)N[C@H]3CCC(=O)NC3=O)nc21,-7.789429521
CO[C@@H]1CCn2cc(C(=O)N[C@@H]3CCC(=O)NC3=O)nc2C1,-7.656730085
CO[C@H]1CCn2cc(C(=O)N[C@@H]3CCC(=O)NC3=O)nc2C1,-7.671321361
CO[C@@H]1CCn2cc(C(=O)N[C@H]3CCC(=O)NC3=O)nc2C1,-7.853257079
CO[C@H]1CCn2cc(C(=O)N[C@H]3CCC(=O)NC3=O)nc2C1,-7.852812317
N#CN1CCC(c2cc(-c3ccc4c(c3)CN([C@@H]3CCC(=O)NC3=O)C4=O)ccc2C2CC2)CC1,-7.895721616
N#CN1CCC(c2cc(-c3ccc4c(c3)CN([C@H]3CCC(=O)NC3=O)C4=O)ccc2C2CC2)CC1,-7.820199086
O=C1CC[C@H](N2Cc3cc(-n4cc(-c5ccn[nH]5)nn4)ccc3C2=O)C(=O)N1,-8.13986684
O=C1CC[C@@H](N2Cc3cc(-n4cc(-c5ccn[nH]5)nn4)ccc3C2=O)C(=O)N1,-8.139703468
N#CN1CCC[C@H](c2cc(-n3cc(C(=O)N[C@@H]4CCC(=O)NC4=O)cn3)ccn2)C1,-8.00247258
N#CN1CCC[C@@H](c2cc(-n3cc(C(=O)N[C@@H]4CCC(=O)NC4=O)cn3)ccn2)C1,-7.967769712
N#CN1CCC[C@H](c2cc(-n3cc(C(=O)N[C@H]4CCC(=O)NC4=O)cn3)ccn2)C1,-8.072986943
N#CN1CCC[C@@H](c2cc(-n3cc(C(=O)N[C@H]4CCC(=O)NC4=O)cn3)ccn2)C1,-8.100603603
O=C1CC[C@H](NC(=O)c2ccccn2)C(=O)N1,-8.075753966
O=C1CC[C@@H](NC(=O)c2ccccn2)C(=O)N1,-8.075667181
O=C1CC[C@H](NC(=O)c2cccc(S(=O)(=O)F)n2)C(=O)N1,-8.967983954
O=C1CC[C@@H](NC(=O)c2cccc(S(=O)(=O)F)n2)C(=O)N1,-8.734908576
O=C1CC[C@H](NC(=O)c2cc(S(=O)(=O)F)ccn2)C(=O)N1,-8.93374244
O=C1CC[C@@H](NC(=O)c2cc(S(=O)(=O)F)ccn2)C(=O)N1,-8.941774545
O=C1CC[C@H](NC(=O)c2ccc(S(=O)(=O)F)cn2)C(=O)N1,-8.840590203
O=C1CC[C@@H](NC(=O)c2ccc(S(=O)(=O)F)cn2)C(=O)N1,-8.734951581
Cc1cccc(C(=O)N[C@@H]2CCC(=O)NC2=O)n1,-7.911669996
Cc1cccc(C(=O)N[C@H]2CCC(=O)NC2=O)n1,-7.911332861
Cc1ccnc(C(=O)N[C@@H]2CCC(=O)NC2=O)c1,-7.883882311
Cc1ccnc(C(=O)N[C@H]2CCC(=O)NC2=O)c1,-7.884181826
CS(C)(=O)=Nc1ccnc(C(=O)N[C@@H]2CCC(=O)NC2=O)c1,-7.753273677
CS(C)(=O)=Nc1ccnc(C(=O)N[C@H]2CCC(=O)NC2=O)c1,-7.754239542
Nc1ccc(Br)nc1C(=O)N[C@@H]1CCC(=O)NC1=O,-8.132283707
Nc1ccc(Br)nc1C(=O)N[C@H]1CCC(=O)NC1=O,-8.131954545
O=C1CC[C@H](NC(=O)c2ncccc2F)C(=O)N1,-8.230671783
O=C1CC[C@@H](NC(=O)c2ncccc2F)C(=O)N1,-8.230487835
O=C1CC[C@H](NC(=O)c2ccc([C@H](F)C(F)(F)F)cn2)C(=O)N1,-8.422242642
O=C1CC[C@@H](NC(=O)c2ccc([C@H](F)C(F)(F)F)cn2)C(=O)N1,-8.422907567
O=C1CC[C@H](NC(=O)c2ccc([C@@H](F)C(F)(F)F)cn2)C(=O)N1,-8.423179614
O=C1CC[C@@H](NC(=O)c2ccc([C@@H](F)C(F)(F)F)cn2)C(=O)N1,-8.439982825
O=C1CC[C@H](NC(=O)c2ncc(C(F)(F)F)cc2Cl)C(=O)N1,-8.971772722
O=C1CC[C@@H](NC(=O)c2ncc(C(F)(F)F)cc2Cl)C(=O)N1,-8.971677475
CN1C(=O)CC[C@H](NC(=O)c2ncc(C(F)(F)F)cc2Cl)C1=O,-8.913193697
CN1C(=O)CC[C@@H](NC(=O)c2ncc(C(F)(F)F)cc2Cl)C1=O,-8.922896025
O=C1CC[C@H](NC(=O)c2nc(Cl)ccc2OCC(F)(F)F)C(=O)N1,-8.519658281
O=C1CC[C@@H](NC(=O)c2nc(Cl)ccc2OCC(F)(F)F)C(=O)N1,-8.516151603
O=C1CC[C@H](NC(=O)c2ncccc2OC(F)(F)[C@H](F)Cl)C(=O)N1,-8.375801487
O=C1CC[C@@H](NC(=O)c2ncccc2OC(F)(F)[C@H](F)Cl)C(=O)N1,-8.38418599
O=C1CC[C@H](NC(=O)c2ncccc2OC(F)(F)[C@@H](F)Cl)C(=O)N1,-8.384635197
O=C1CC[C@@H](NC(=O)c2ncccc2OC(F)(F)[C@@H](F)Cl)C(=O)N1,-8.37478257
Cc1cc(C#N)cnc1C(=O)N[C@@H]1CCC(=O)NC1=O,-7.954588588
Cc1cc(C#N)cnc1C(=O)N[C@H]1CCC(=O)NC1=O,-7.955286271
CC(C)(C)Oc1cc(Br)nc(C(=O)N[C@@H]2CCC(=O)NC2=O)c1,-8.085836561
CC(C)(C)Oc1cc(Br)nc(C(=O)N[C@H]2CCC(=O)NC2=O)c1,-8.128669253
COc1ccc(F)c(C(=O)N[C@@H]2CCC(=O)NC2=O)n1,-8.166943986
COc1ccc(F)c(C(=O)N[C@H]2CCC(=O)NC2=O)n1,-8.167047621
CC(C)(C)C1=NO[C@]2(CCC(=O)NC2=O)C1,-7.875107313
CC(C)(C)C1=NO[C@@]2(CCC(=O)NC2=O)C1,-7.875014498
CCC(CC)C1=NO[C@]2(CCC(=O)NC2=O)C1,-7.885866979
CCC(CC)C1=NO[C@@]2(CCC(=O)NC2=O)C1,-7.884781232
CCCC1=NO[C@]2(CCC(=O)NC2=O)C1,-7.902775411
CCCC1=NO[C@@]2(CCC(=O)NC2=O)C1,-7.898071631
C=CC(=O)Nc1ccccc1CC(=O)N1CCC[C@]2(C1)NC(=O)NC2=O,-8.090632911
C=CC(=O)Nc1ccccc1CC(=O)N1CCC[C@@]2(C1)NC(=O)NC2=O,-8.090492309
O=C1CC[C@H](N2Cc3c(C(=O)NC[C@@H]4CCCCNC4)cccc3C2=O)C(=O)N1,-7.748833429
O=C1CC[C@@H](N2Cc3c(C(=O)NC[C@@H]4CCCCNC4)cccc3C2=O)C(=O)N1,-7.762468657
O=C1CC[C@H](N2Cc3c(C(=O)NC[C@H]4CCCCNC4)cccc3C2=O)C(=O)N1,-7.713926208
O=C1CC[C@@H](N2Cc3c(C(=O)NC[C@H]4CCCCNC4)cccc3C2=O)C(=O)N1,-7.783348623
Cc1nc(N(C)[C@@H]2CCC(=O)NC2=O)c2scc(C)c2n1,-7.726607933
Cc1nc(N(C)[C@H]2CCC(=O)NC2=O)c2scc(C)c2n1,-7.730315573
O=C1CC[C@H](Nc2nc(C(F)(F)F)nc3ccsc23)C(=O)N1,-8.310514579
O=C1CC[C@@H](Nc2nc(C(F)(F)F)nc3ccsc23)C(=O)N1,-8.311008207
O=C1CC[C@H](Nc2ncnc3cc(Br)sc23)C(=O)N1,-8.168609127
O=C1CC[C@@H](Nc2ncnc3cc(Br)sc23)C(=O)N1,-8.168478029
CN(c1nc(C(F)(F)F)nc2ccsc12)[C@@H]1CCC(=O)NC1=O,-8.379137215
CN(c1nc(C(F)(F)F)nc2ccsc12)[C@H]1CCC(=O)NC1=O,-8.382079373
O=C1CC[C@H](Nc2ncnc3cc(S(=O)(=O)F)sc23)C(=O)N1,-8.256825025
O=C1CC[C@@H](Nc2ncnc3cc(S(=O)(=O)F)sc23)C(=O)N1,-8.282354622
N#CN1CC[C@H](c2ccccc2-c2cc(C(=O)N[C@@H]3CCC(=O)NC3=O)n[nH]2)C1,-7.895409903
N#CN1CC[C@@H](c2ccccc2-c2cc(C(=O)N[C@@H]3CCC(=O)NC3=O)n[nH]2)C1,-7.850174061
N#CN1CC[C@H](c2ccccc2-c2cc(C(=O)N[C@H]3CCC(=O)NC3=O)n[nH]2)C1,-7.858314241
N#CN1CC[C@@H](c2ccccc2-c2cc(C(=O)N[C@H]3CCC(=O)NC3=O)n[nH]2)C1,-7.58498273
Cn1ncc(C(=O)N[C@@H]2CCC(=O)NC2=O)c1-c1ccccn1,-7.81820311
Cn1ncc(C(=O)N[C@H]2CCC(=O)NC2=O)c1-c1ccccn1,-7.838977597
N[C@@H]1CCCc2c(C(=O)Nc3ccc(N[C@@H]4CCC(=O)NC4=O)cc3)n[nH]c21,-7.721601747
N[C@H]1CCCc2c(C(=O)Nc3ccc(N[C@@H]4CCC(=O)NC4=O)cc3)n[nH]c21,-7.735540472
N[C@@H]1CCCc2c(C(=O)Nc3ccc(N[C@H]4CCC(=O)NC4=O)cc3)n[nH]c21,-7.727661937
N[C@H]1CCCc2c(C(=O)Nc3ccc(N[C@H]4CCC(=O)NC4=O)cc3)n[nH]c21,-7.486779459
N#C[C@]1(c2ccccn2)CC[C@H](Nc2ccc(C3CC(=O)NC(=O)C3)cc2)CC1,-7.507344454
N#C[C@]1(c2ccccn2)CC[C@@H](Nc2ccc(C3CC(=O)NC(=O)C3)cc2)CC1,-7.500101175
O=C1CC[C@H](NC(=O)c2cnccn2)C(=O)N1,-8.555104705
O=C1CC[C@@H](NC(=O)c2cnccn2)C(=O)N1,-8.555110127
Nc1nc(O)c(Cl)nc1C(=O)N[C@@H]1CCC(=O)NC1=O,-8.652971662
Nc1nc(O)c(Cl)nc1C(=O)N[C@H]1CCC(=O)NC1=O,-8.420486072
O=C1CC[C@H](NC(=O)c2cnc(S(=O)(=O)F)cn2)C(=O)N1,-9.488286386
O=C1CC[C@@H](NC(=O)c2cnc(S(=O)(=O)F)cn2)C(=O)N1,-9.646605973
O=C1CC[C@H](NC(=O)c2cncc(S(=O)(=O)F)n2)C(=O)N1,-9.759523116
O=C1CC[C@@H](NC(=O)c2cncc(S(=O)(=O)F)n2)C(=O)N1,-9.71662043
Cc1cnc(C(=O)N[C@@H]2CCC(=O)NC2=O)cn1,-8.299531522
Cc1cnc(C(=O)N[C@H]2CCC(=O)NC2=O)cn1,-8.299525016
Cc1nc(C)c(C(=O)N[C@@H]2CCC(=O)NC2=O)nc1C,-8.15151365
Cc1nc(C)c(C(=O)N[C@H]2CCC(=O)NC2=O)nc1C,-8.151107165
Cc1nc2cc(C(=O)N[C@@H]3CCC(=O)NC3=O)c(F)cc2[nH]1,-7.763512347
Cc1nc2cc(C(=O)N[C@H]3CCC(=O)NC3=O)c(F)cc2[nH]1,-7.764112018
CC(C)(CO)c1nc2cc(C(=O)N[C@@H]3CCC(=O)NC3=O)ccc2[nH]1,-7.884480841
CC(C)(CO)c1nc2cc(C(=O)N[C@H]3CCC(=O)NC3=O)ccc2[nH]1,-7.883605931
O=C1CC[C@H](NC(=O)c2cc(S(=O)(=O)F)c3[nH]cnc3c2)C(=O)N1,-8.275880899
O=C1CC[C@@H](NC(=O)c2cc(S(=O)(=O)F)c3[nH]cnc3c2)C(=O)N1,-8.590044337
O=C1CC[C@H](NC(=O)c2ccc3[nH]c(S(=O)(=O)F)nc3c2)C(=O)N1,-8.312682239
O=C1CC[C@@H](NC(=O)c2ccc3[nH]c(S(=O)(=O)F)nc3c2)C(=O)N1,-8.54774269
Cc1nn(C)c2ncc(-c3ccc4c(c3)CN([C@@H]3CCC(=O)NC3=O)C4=O)cc12,-7.910652323
Cc1nn(C)c2ncc(-c3ccc4c(c3)CN([C@H]3CCC(=O)NC3=O)C4=O)cc12,-7.895033633
O=C1CC[C@H](NC(=O)c2cc(C3(F)COC3)no2)C(=O)N1,-8.616619078
O=C1CC[C@@H](NC(=O)c2cc(C3(F)COC3)no2)C(=O)N1,-8.616517622
N#CN1CC[C@H](c2cncnc2Nc2cccc3c2CN([C@@H]2CCC(=O)NC2=O)C3=O)C1,-7.657688812
N#CN1CC[C@@H](c2cncnc2Nc2cccc3c2CN([C@@H]2CCC(=O)NC2=O)C3=O)C1,-7.80384701
N#CN1CC[C@H](c2cncnc2Nc2cccc3c2CN([C@H]2CCC(=O)NC2=O)C3=O)C1,-7.992291407
N#CN1CC[C@@H](c2cncnc2Nc2cccc3c2CN([C@H]2CCC(=O)NC2=O)C3=O)C1,-7.934559127
O=C1CC[C@H](NC(=O)c2occc2CS(=O)(=O)c2ccccc2)C(=O)N1,-7.831342578
O=C1CC[C@@H](NC(=O)c2occc2CS(=O)(=O)c2ccccc2)C(=O)N1,-8.081924885
N#CN1CC[C@H](c2ccnc(-c3ccc4c(c3)CN([C@@H]3CCC(=O)NC3=O)C4=O)c2C2CC2)C1,-7.635944529
N#CN1CC[C@@H](c2ccnc(-c3ccc4c(c3)CN([C@@H]3CCC(=O)NC3=O)C4=O)c2C2CC2)C1,-7.968102779
N#CN1CC[C@H](c2ccnc(-c3ccc4c(c3)CN([C@H]3CCC(=O)NC3=O)C4=O)c2C2CC2)C1,-7.973368314
N#CN1CC[C@@H](c2ccnc(-c3ccc4c(c3)CN([C@H]3CCC(=O)NC3=O)C4=O)c2C2CC2)C1,-7.64712858
O=C1CC[C@H](n2cc(-c3csc(S(=O)(=O)F)n3)nn2)C(=O)N1,-8.497003047
O=C1CC[C@@H](n2cc(-c3csc(S(=O)(=O)F)n3)nn2)C(=O)N1,-8.503178883
O=C1CC[C@H](n2cc(-c3cscn3)nn2)C(=O)N1,-8.332782449
O=C1CC[C@@H](n2cc(-c3cscn3)nn2)C(=O)N1,-8.225559124
O=C1CC[C@H](n2cc(-c3csc(OS(=O)(=O)F)n3)nn2)C(=O)N1,-8.263174849
O=C1CC[C@@H](n2cc(-c3csc(OS(=O)(=O)F)n3)nn2)C(=O)N1,-8.26970198
O=C1CC[C@H](c2ccc(NC(=O)c3nccc4ccsc34)cc2)C(=O)N1,-8.187140948
O=C1CC[C@@H](c2ccc(NC(=O)c3nccc4ccsc34)cc2)C(=O)N1,-8.187014872
COc1ccc(COc2ncc(C(=O)N[C@@H]3CCC(=O)NC3=O)cn2)cc1,-8.107239162
COc1ccc(COc2ncc(C(=O)N[C@H]3CCC(=O)NC3=O)cn2)cc1,-8.113477296
O=C1CC[C@H](N2Cc3c(C#CCOCCc4ccccc4)cccc3C2=O)C(=O)N1,-7.887021574
O=C1CC[C@@H](N2Cc3c(C#CCOCCc4ccccc4)cccc3C2=O)C(=O)N1,-7.88182876
CC1(C)CCc2c(C(=O)N[C@@H]3CCC(=O)NC3=O)n[nH]c2C1,-7.736706992
CC1(C)CCc2c(C(=O)N[C@H]3CCC(=O)NC3=O)n[nH]c2C1,-7.736847274
Cn1nc(C(=O)N[C@@H]2CCC(=O)NC2=O)c2c1CCC[C@@H]2O,-7.853273444
Cn1nc(C(=O)N[C@H]2CCC(=O)NC2=O)c2c1CCC[C@@H]2O,-7.784781678
Cn1nc(C(=O)N[C@@H]2CCC(=O)NC2=O)c2c1CCC[C@H]2O,-7.78415986
Cn1nc(C(=O)N[C@H]2CCC(=O)NC2=O)c2c1CCC[C@H]2O,-7.853263665
CC(C)[C@@H]1CCc2[nH]nc(C(=O)N[C@@H]3CCC(=O)NC3=O)c2C1,-7.736398983
CC(C)[C@H]1CCc2[nH]nc(C(=O)N[C@@H]3CCC(=O)NC3=O)c2C1,-7.730133925
CC(C)[C@@H]1CCc2[nH]nc(C(=O)N[C@H]3CCC(=O)NC3=O)c2C1,-7.731550884
CC(C)[C@H]1CCc2[nH]nc(C(=O)N[C@H]3CCC(=O)NC3=O)c2C1,-7.736232256
Cn1nc(C(=O)N[C@@H]2CCC(=O)NC2=O)c2c1CCC(C)(C)C2,-7.70917563
Cn1nc(C(=O)N[C@H]2CCC(=O)NC2=O)c2c1CCC(C)(C)C2,-7.709116049
O=C1CC[C@H](NC(=O)c2cc3c(c(S(=O)(=O)F)c2)OCO3)C(=O)N1,-8.190330663
O=C1CC[C@@H](NC(=O)c2cc3c(c(S(=O)(=O)F)c2)OCO3)C(=O)N1,-8.191139905
O=C1CC[C@H](NC(=O)c2ccc3c(c2)OCO3)C(=O)N1,-7.995369805
O=C1CC[C@@H](NC(=O)c2ccc3c(c2)OCO3)C(=O)N1,-7.995631794
N#CN1CC[C@H](c2cnc(-c3cccc4c3CN([C@@H]3CCC(=O)NC3=O)C4=O)cn2)C1,-8.158097215
N#CN1CC[C@@H](c2cnc(-c3cccc4c3CN([C@@H]3CCC(=O)NC3=O)C4=O)cn2)C1,-8.123831057
N#CN1CC[C@H](c2cnc(-c3cccc4c3CN([C@H]3CCC(=O)NC3=O)C4=O)cn2)C1,-8.401750261
N#CN1CC[C@@H](c2cnc(-c3cccc4c3CN([C@H]3CCC(=O)NC3=O)C4=O)cn2)C1,-8.395850611
O=C1CC[C@H](N2C(=O)c3ccc(C(=O)NCC4CCCCC4)cc3C2=O)C(=O)N1,-8.918905295
O=C1CC[C@@H](N2C(=O)c3ccc(C(=O)NCC4CCCCC4)cc3C2=O)C(=O)N1,-8.916698126
O=C1NC(=O)c2c1cccc2C(=O)N1CCC[C@@H]1CO,-9.048590353
O=C1NC(=O)c2c1cccc2C(=O)N1CCC[C@H]1CO,-9.049156405
O=C1CC[C@H](N2Cc3c(cccc3-c3cccc4c3OCCNC4)C2=O)C(=O)N1,-7.792718571
O=C1CC[C@@H](N2Cc3c(cccc3-c3cccc4c3OCCNC4)C2=O)C(=O)N1,-7.797431861
O=C1CC[C@H](N2Cc3cc(C(=O)NC4CCSCC4)ccc3C2=O)C(=O)N1,-7.949418122
O=C1CC[C@@H](N2Cc3cc(C(=O)NC4CCSCC4)ccc3C2=O)C(=O)N1,-7.969996323
N#CN1CCC[C@H](c2cccc(-c3nc(C(=O)N[C@@H]4CCC(=O)NC4=O)c[nH]3)c2)C1,-7.745303256
N#CN1CCC[C@@H](c2cccc(-c3nc(C(=O)N[C@@H]4CCC(=O)NC4=O)c[nH]3)c2)C1,-7.92645272
N#CN1CCC[C@H](c2cccc(-c3nc(C(=O)N[C@H]4CCC(=O)NC4=O)c[nH]3)c2)C1,-7.864822079
N#CN1CCC[C@@H](c2cccc(-c3nc(C(=O)N[C@H]4CCC(=O)NC4=O)c[nH]3)c2)C1,-7.89411344
N#CN1CCC[C@H](c2ccccc2-n2ncc(C(=O)N[C@@H]3CCC(=O)NC3=O)n2)C1,-7.904021121
N#CN1CCC[C@@H](c2ccccc2-n2ncc(C(=O)N[C@@H]3CCC(=O)NC3=O)n2)C1,-8.140407007
N#CN1CCC[C@H](c2ccccc2-n2ncc(C(=O)N[C@H]3CCC(=O)NC3=O)n2)C1,-8.134012525
N#CN1CCC[C@@H](c2ccccc2-n2ncc(C(=O)N[C@H]3CCC(=O)NC3=O)n2)C1,-8.121452162
N#CN1CC[C@H](c2nccc(Nc3cccc4c3CN([C@@H]3CCC(=O)NC3=O)C4=O)n2)C1,-7.988499033
N#CN1CC[C@@H](c2nccc(Nc3cccc4c3CN([C@@H]3CCC(=O)NC3=O)C4=O)n2)C1,-7.938936254
N#CN1CC[C@H](c2nccc(Nc3cccc4c3CN([C@H]3CCC(=O)NC3=O)C4=O)n2)C1,-7.91415054
N#CN1CC[C@@H](c2nccc(Nc3cccc4c3CN([C@H]3CCC(=O)NC3=O)C4=O)n2)C1,-7.98799227
O=C1CC[C@H](NC(=O)c2ncnc3c2c(Br)cn3C2CC2)C(=O)N1,-8.469175241
O=C1CC[C@@H](NC(=O)c2ncnc3c2c(Br)cn3C2CC2)C(=O)N1,-8.468632441
N#CN1CC[C@H](c2cccc(NC(=O)c3cccc4c3CN([C@@H]3CCC(=O)NC3=O)C4=O)n2)C1,-7.919528271
N#CN1CC[C@@H](c2cccc(NC(=O)c3cccc4c3CN([C@@H]3CCC(=O)NC3=O)C4=O)n2)C1,-8.121688209
N#CN1CC[C@H](c2cccc(NC(=O)c3cccc4c3CN([C@H]3CCC(=O)NC3=O)C4=O)n2)C1,-7.762684688
N#CN1CC[C@@H](c2cccc(NC(=O)c3cccc4c3CN([C@H]3CCC(=O)NC3=O)C4=O)n2)C1,-7.900138157
N#CN1CCC[C@H](c2ccc(-c3cccc4c3CN([C@@H]3CCC(=O)NC3=O)C4=O)cc2C2CCC2)C1,-7.924028038
N#CN1CCC[C@@H](c2ccc(-c3cccc4c3CN([C@@H]3CCC(=O)NC3=O)C4=O)cc2C2CCC2)C1,-7.934895907
N#CN1CCC[C@H](c2ccc(-c3cccc4c3CN([C@H]3CCC(=O)NC3=O)C4=O)cc2C2CCC2)C1,-7.988374684
N#CN1CCC[C@@H](c2ccc(-c3cccc4c3CN([C@H]3CCC(=O)NC3=O)C4=O)cc2C2CCC2)C1,-7.954994113
O=C1CC[C@H](NC(=O)c2cc(S(=O)(=O)F)c3occc3n2)C(=O)N1,-9.089767543
O=C1CC[C@@H](NC(=O)c2cc(S(=O)(=O)F)c3occc3n2)C(=O)N1,-9.101155032
O=C1CC[C@H](NC(=O)c2ccc3occ(S(=O)(=O)F)c3n2)C(=O)N1,-9.061109186
O=C1CC[C@@H](NC(=O)c2ccc3occ(S(=O)(=O)F)c3n2)C(=O)N1,-9.540705423
O=C1CC[C@H](NC(=O)c2ccc3oc(S(=O)(=O)F)cc3n2)C(=O)N1,-8.693701479
O=C1CC[C@@H](NC(=O)c2ccc3oc(S(=O)(=O)F)cc3n2)C(=O)N1,-8.784958849
O=C1CC[C@H](NC(=O)c2ccc3occc3n2)C(=O)N1,-8.254617321
O=C1CC[C@@H](NC(=O)c2ccc3occc3n2)C(=O)N1,-8.254608723
Cc1ccc([C@@H]2c3c(-c4ccccc4O)n[nH]c3C(=O)N2C)cc1,-7.416782207
Cc1ccc([C@H]2c3c(-c4ccccc4O)n[nH]c3C(=O)N2C)cc1,-7.416883491
Cn1c(COc2ccccc2)cnc1C(=O)N[C@@H]1CCC(=O)NC1=O,-7.828913447
Cn1c(COc2ccccc2)cnc1C(=O)N[C@H]1CCC(=O)NC1=O,-7.831889629
O=C1CC[C@H](NC(=O)c2c(O)nc(=O)n3c2CCC3)C(=O)N1,-7.99243882
O=C1CC[C@@H](NC(=O)c2c(O)nc(=O)n3c2CCC3)C(=O)N1,-7.99225288
CO/N=C(/C(=O)NCc1ccc2c(c1)CN([C@@H]1CCC(=O)NC1=O)C2=O)c1ccc(F)cc1,-8.040216736
CO/N=C(/C(=O)NCc1ccc2c(c1)CN([C@H]1CCC(=O)NC1=O)C2=O)c1ccc(F)cc1,-7.941296282
CO/N=C(\C(=O)NCc1ccc2c(c1)CN([C@@H]1CCC(=O)NC1=O)C2=O)c1ccc(F)cc1,-8.04741416
CO/N=C(\C(=O)NCc1ccc2c(c1)CN([C@H]1CCC(=O)NC1=O)C2=O)c1ccc(F)cc1,-7.942913374
N#CN1CCC[C@H](c2ccc(-c3ccc4c(c3)CN([C@@H]3CCC(=O)NC3=O)C4=O)nn2)C1,-8.07570274
N#CN1CCC[C@@H](c2ccc(-c3ccc4c(c3)CN([C@@H]3CCC(=O)NC3=O)C4=O)nn2)C1,-8.183250877
N#CN1CCC[C@H](c2ccc(-c3ccc4c(c3)CN([C@H]3CCC(=O)NC3=O)C4=O)nn2)C1,-8.166963975
N#CN1CCC[C@@H](c2ccc(-c3ccc4c(c3)CN([C@H]3CCC(=O)NC3=O)C4=O)nn2)C1,-8.185320679
Cc1nc2cccc(N)c2c(=O)n1[C@@H]1CCC(=O)NC1=O,-8.010129778
Cc1nc2cccc(N)c2c(=O)n1[C@H]1CCC(=O)NC1=O,-8.010006954
Cc1nc2c(NC(=O)CCCCCN)cccc2c(=O)n1[C@@H]1CCC(=O)NC1=O,-8.005670372
Cc1nc2c(NC(=O)CCCCCN)cccc2c(=O)n1[C@H]1CCC(=O)NC1=O,-8.003350066
CNCCCCC(=O)Nc1cccc2c(=O)n([C@@H]3CCC(=O)NC3=O)c(C)nc12,-7.974377423
CNCCCCC(=O)Nc1cccc2c(=O)n([C@H]3CCC(=O)NC3=O)c(C)nc12,-8.038585372
Cc1nc2cccc(CN)c2c(=O)n1[C@@H]1CCC(=O)NC1=O,-8.031054412
Cc1nc2cccc(CN)c2c(=O)n1[C@H]1CCC(=O)NC1=O,-7.678896183
O=C1CC[C@H](n2cnc3c(S(=O)(=O)F)cccc3c2=O)C(=O)N1,-8.561043847
O=C1CC[C@@H](n2cnc3c(S(=O)(=O)F)cccc3c2=O)C(=O)N1,-8.655787871
O=C1CC[C@H](n2cnc3cc(S(=O)(=O)F)ccc3c2=O)C(=O)N1,-8.807583205
O=C1CC[C@@H](n2cnc3cc(S(=O)(=O)F)ccc3c2=O)C(=O)N1,-8.522918995
O=C1CC[C@H](n2cnc3c(OS(=O)(=O)F)cccc3c2=O)C(=O)N1,-8.351281098
O=C1CC[C@@H](n2cnc3c(OS(=O)(=O)F)cccc3c2=O)C(=O)N1,-8.363073099
O=C1CC[C@H](n2cnc3cc(OS(=O)(=O)F)ccc3c2=O)C(=O)N1,-8.394325808
O=C1CC[C@@H](n2cnc3cc(OS(=O)(=O)F)ccc3c2=O)C(=O)N1,-8.276204833
O=C1CC[C@H](n2cnc3ccc(OS(=O)(=O)F)cc3c2=O)C(=O)N1,-8.252942997
O=C1CC[C@@H](n2cnc3ccc(OS(=O)(=O)F)cc3c2=O)C(=O)N1,-8.434535884
Nc1ccc2ncn([C@@H]3CCC(=O)NC3=O)c(=O)c2c1,-8.49112259
Nc1ccc2ncn([C@H]3CCC(=O)NC3=O)c(=O)c2c1,-8.491118007
N#CN1CCC[C@H](c2ccc(-c3scnc3C(=O)N[C@@H]3CCC(=O)NC3=O)cc2)C1,-7.794138798
N#CN1CCC[C@@H](c2ccc(-c3scnc3C(=O)N[C@@H]3CCC(=O)NC3=O)cc2)C1,-7.800711873
N#CN1CCC[C@H](c2ccc(-c3scnc3C(=O)N[C@H]3CCC(=O)NC3=O)cc2)C1,-7.745339926
N#CN1CCC[C@@H](c2ccc(-c3scnc3C(=O)N[C@H]3CCC(=O)NC3=O)cc2)C1,-8.10889664
N#CN1CCC[C@H](c2ccc(-c3csc(C(=O)N[C@@H]4CCC(=O)NC4=O)c3)cc2)C1,-7.649529479
N#CN1CCC[C@@H](c2ccc(-c3csc(C(=O)N[C@@H]4CCC(=O)NC4=O)c3)cc2)C1,-7.972527062
N#CN1CCC[C@H](c2ccc(-c3csc(C(=O)N[C@H]4CCC(=O)NC4=O)c3)cc2)C1,-7.984615056
N#CN1CCC[C@@H](c2ccc(-c3csc(C(=O)N[C@H]4CCC(=O)NC4=O)c3)cc2)C1,-8.018798798
O=C1CC(c2cccs2)CC(=O)N1,-7.709724768
N#CN1CC[C@H](c2ncoc2C(=O)Nc2ccc([C@@H]3CCC(=O)NC3=O)cc2)C1,-7.990864561
N#CN1CC[C@@H](c2ncoc2C(=O)Nc2ccc([C@@H]3CCC(=O)NC3=O)cc2)C1,-8.238835681
N#CN1CC[C@H](c2ncoc2C(=O)Nc2ccc([C@H]3CCC(=O)NC3=O)cc2)C1,-7.690419828
N#CN1CC[C@@H](c2ncoc2C(=O)Nc2ccc([C@H]3CCC(=O)NC3=O)cc2)C1,-7.688091034
N#CN1CC[C@H](c2cccc(-c3nc(C(=O)N[C@@H]4CCC(=O)NC4=O)cs3)n2)C1,-8.416239266
N#CN1CC[C@@H](c2cccc(-c3nc(C(=O)N[C@@H]4CCC(=O)NC4=O)cs3)n2)C1,-8.437485945
N#CN1CC[C@H](c2cccc(-c3nc(C(=O)N[C@H]4CCC(=O)NC4=O)cs3)n2)C1,-8.456435307
N#CN1CC[C@@H](c2cccc(-c3nc(C(=O)N[C@H]4CCC(=O)NC4=O)cs3)n2)C1,-8.473095598
N#CN1CCC(c2ccc3c(c2)OC[C@H](NC(=O)c2cccc(N4CCC(=O)NC4=O)c2)C3)CC1,-7.458459493
N#CN1CCC(c2ccc3c(c2)OC[C@@H](NC(=O)c2cccc(N4CCC(=O)NC4=O)c2)C3)CC1,-7.61485554
N#CN1CC[C@H](c2cnccc2-c2ccc(C(=O)N[C@@H]3CCC(=O)NC3=O)s2)C1,-8.082926394
N#CN1CC[C@@H](c2cnccc2-c2ccc(C(=O)N[C@@H]3CCC(=O)NC3=O)s2)C1,-8.095492077
N#CN1CC[C@H](c2cnccc2-c2ccc(C(=O)N[C@H]3CCC(=O)NC3=O)s2)C1,-8.200883739
N#CN1CC[C@@H](c2cnccc2-c2ccc(C(=O)N[C@H]3CCC(=O)NC3=O)s2)C1,-8.05787549
O=C1CC[C@H](c2ccc(NC(=O)C3(c4ccnc5ccccc45)CC3)cc2)C(=O)N1,-7.90191793
O=C1CC[C@@H](c2ccc(NC(=O)C3(c4ccnc5ccccc45)CC3)cc2)C(=O)N1,-7.902339934
N#CN1CC[C@H](c2cccc(-c3cc(C(=O)N[C@@H]4CCC(=O)NC4=O)[nH]n3)c2)C1,-7.802119911
N#CN1CC[C@@H](c2cccc(-c3cc(C(=O)N[C@@H]4CCC(=O)NC4=O)[nH]n3)c2)C1,-8.146363008
N#CN1CC[C@H](c2cccc(-c3cc(C(=O)N[C@H]4CCC(=O)NC4=O)[nH]n3)c2)C1,-7.948386304
N#CN1CC[C@@H](c2cccc(-c3cc(C(=O)N[C@H]4CCC(=O)NC4=O)[nH]n3)c2)C1,-8.134784206
O=C1CC[C@H](N2Cc3cc(-c4cnc5n4CCNC5)ccc3C2=O)C(=O)N1,-7.891619039
O=C1CC[C@@H](N2Cc3cc(-c4cnc5n4CCNC5)ccc3C2=O)C(=O)N1,-7.899834731
N#CN1CCC[C@H](c2cccc(-c3cc(C(=O)N[C@@H]4CCC(=O)NC4=O)no3)c2)C1,-7.867493492
N#CN1CCC[C@@H](c2cccc(-c3cc(C(=O)N[C@@H]4CCC(=O)NC4=O)no3)c2)C1,-7.863684718
N#CN1CCC[C@H](c2cccc(-c3cc(C(=O)N[C@H]4CCC(=O)NC4=O)no3)c2)C1,-7.921449803
N#CN1CCC[C@@H](c2cccc(-c3cc(C(=O)N[C@H]4CCC(=O)NC4=O)no3)c2)C1,-8.035726553
O=C1CC[C@H](NS(=O)(=O)c2cscc2C(F)F)C(=O)N1,-8.148169588
O=C1CC[C@@H](NS(=O)(=O)c2cscc2C(F)F)C(=O)N1,-8.097338373
O=C1CC[C@H](NS(=O)(=O)c2ccsc2)C(=O)N1,-8.062763465
O=C1CC[C@@H](NS(=O)(=O)c2ccsc2)C(=O)N1,-8.063216952
O=C1CC[C@H](NC(=O)c2ncco2)C(=O)N1,-8.117644495
O=C1CC[C@@H](NC(=O)c2ncco2)C(=O)N1,-8.117164218
O=C1CC[C@H](NC(=O)c2nc(S(=O)(=O)F)co2)C(=O)N1,-9.114825899
O=C1CC[C@@H](NC(=O)c2nc(S(=O)(=O)F)co2)C(=O)N1,-9.101008435
O=C1CC[C@H](NC(=O)c2ncc(S(=O)(=O)F)o2)C(=O)N1,-9.149620606
O=C1CC[C@@H](NC(=O)c2ncc(S(=O)(=O)F)o2)C(=O)N1,-9.115279544
O=C(Nc1ccc2c(c1)C(=O)NC2=O)c1csc(-c2ccsc2)n1,-8.566225683
COc1ccc(-c2cc(Nc3cccc([C@@H]4CCC(=O)NC4=O)c3)ncn2)cc1,-7.571955438
COc1ccc(-c2cc(Nc3cccc([C@H]4CCC(=O)NC4=O)c3)ncn2)cc1,-7.691914332
O=C(COc1ccsn1)NCc1cc(C(=O)N[C@@H]2CCC(=O)NC2=O)no1,-8.122695643
O=C(COc1ccsn1)NCc1cc(C(=O)N[C@H]2CCC(=O)NC2=O)no1,-8.100715949
O=C1CC[C@H](N2C(=O)c3ccc(-c4cccnc4S(=O)(=O)F)cc3C2=O)C(=O)N1,-9.218070776
O=C1CC[C@@H](N2C(=O)c3ccc(-c4cccnc4S(=O)(=O)F)cc3C2=O)C(=O)N1,-8.975938436
O=C1CC[C@H](N2C(=O)c3ccc(-c4cncc(S(=O)(=O)F)c4)cc3C2=O)C(=O)N1,-9.206151046
O=C1CC[C@@H](N2C(=O)c3ccc(-c4cncc(S(=O)(=O)F)c4)cc3C2=O)C(=O)N1,-9.056738068
O=C1CC[C@H](N2C(=O)c3ccc(-c4cnccc4S(=O)(=O)F)cc3C2=O)C(=O)N1,-8.975760058
O=C1CC[C@@H](N2C(=O)c3ccc(-c4cnccc4S(=O)(=O)F)cc3C2=O)C(=O)N1,-9.206913819
O=C1CC[C@H](N2C(=O)c3ccc(-c4ccc(OS(=O)(=O)F)nc4)cc3C2=O)C(=O)N1,-9.109450042
O=C1CC[C@@H](N2C(=O)c3ccc(-c4ccc(OS(=O)(=O)F)nc4)cc3C2=O)C(=O)N1,-9.064566209
O=C1CC[C@H](N2C(=O)c3ccc(-c4cnccc4OS(=O)(=O)F)cc3C2=O)C(=O)N1,-9.094622625
O=C1CC[C@@H](N2C(=O)c3ccc(-c4cnccc4OS(=O)(=O)F)cc3C2=O)C(=O)N1,-9.045103483
O=C1CC[C@H](N2C(=O)c3ccc(-c4cncc(OS(=O)(=O)F)c4)cc3C2=O)C(=O)N1,-9.068620532
O=C1CC[C@@H](N2C(=O)c3ccc(-c4cncc(OS(=O)(=O)F)c4)cc3C2=O)C(=O)N1,-9.11263819
O=C1CC[C@H](N2C(=O)c3ccc(-c4cccnc4)cc3C2=O)C(=O)N1,-8.810887229
O=C1CC[C@@H](N2C(=O)c3ccc(-c4cccnc4)cc3C2=O)C(=O)N1,-8.81106631
Cc1cccc(CO[C@H](C)C(=O)Nc2ccc(N[C@@H]3CCC(=O)NC3=O)cc2)c1,-7.954118284
Cc1cccc(CO[C@@H](C)C(=O)Nc2ccc(N[C@@H]3CCC(=O)NC3=O)cc2)c1,-7.866460768
Cc1cccc(CO[C@H](C)C(=O)Nc2ccc(N[C@H]3CCC(=O)NC3=O)cc2)c1,-7.920172764
Cc1cccc(CO[C@@H](C)C(=O)Nc2ccc(N[C@H]3CCC(=O)NC3=O)cc2)c1,-7.904876882
N#CN1CCC[C@H](c2cccn2-c2ccc(C(=O)N[C@@H]3CCC(=O)NC3=O)cc2)C1,-8.070001827
N#CN1CCC[C@@H](c2cccn2-c2ccc(C(=O)N[C@@H]3CCC(=O)NC3=O)cc2)C1,-8.025730997
N#CN1CCC[C@H](c2cccn2-c2ccc(C(=O)N[C@H]3CCC(=O)NC3=O)cc2)C1,-8.054219389
N#CN1CCC[C@@H](c2cccn2-c2ccc(C(=O)N[C@H]3CCC(=O)NC3=O)cc2)C1,-8.095417711
O=C1CC[C@H](NC(=O)c2nc3n(n2)-c2ccccc2S(=O)(=O)N3)C(=O)N1,-8.455307454
O=C1CC[C@@H](NC(=O)c2nc3n(n2)-c2ccccc2S(=O)(=O)N3)C(=O)N1,-8.387866378
N#CN1CC[C@H](c2cccc3c2C[C@@H]3C(=O)Nc2ccc3c(c2)C(=O)N([C@@H]2CCC(=O)NC2=O)C3)C1,-7.944998842
N#CN1CC[C@@H](c2cccc3c2C[C@@H]3C(=O)Nc2ccc3c(c2)C(=O)N([C@@H]2CCC(=O)NC2=O)C3)C1,-7.887287813
N#CN1CC[C@H](c2cccc3c2C[C@H]3C(=O)Nc2ccc3c(c2)C(=O)N([C@@H]2CCC(=O)NC2=O)C3)C1,-7.888035981
N#CN1CC[C@@H](c2cccc3c2C[C@H]3C(=O)Nc2ccc3c(c2)C(=O)N([C@@H]2CCC(=O)NC2=O)C3)C1,-7.868130985
N#CN1CC[C@H](c2cccc3c2C[C@@H]3C(=O)Nc2ccc3c(c2)C(=O)N([C@H]2CCC(=O)NC2=O)C3)C1,-7.899257871
N#CN1CC[C@@H](c2cccc3c2C[C@@H]3C(=O)Nc2ccc3c(c2)C(=O)N([C@H]2CCC(=O)NC2=O)C3)C1,-7.982213793
N#CN1CC[C@H](c2cccc3c2C[C@H]3C(=O)Nc2ccc3c(c2)C(=O)N([C@H]2CCC(=O)NC2=O)C3)C1,-7.904069285
N#CN1CC[C@@H](c2cccc3c2C[C@H]3C(=O)Nc2ccc3c(c2)C(=O)N([C@H]2CCC(=O)NC2=O)C3)C1,-7.907501376
O=C1CC[C@H](N2Cc3ccc(NC(=O)c4cc(S(=O)(=O)F)cs4)cc3C2=O)C(=O)N1,-8.510148569
O=C1CC[C@@H](N2Cc3ccc(NC(=O)c4cc(S(=O)(=O)F)cs4)cc3C2=O)C(=O)N1,-8.651011739
O=C1CC[C@H](N2Cc3ccc(NC(=O)c4sccc4S(=O)(=O)F)cc3C2=O)C(=O)N1,-8.635867516
O=C1CC[C@@H](N2Cc3ccc(NC(=O)c4sccc4S(=O)(=O)F)cc3C2=O)C(=O)N1,-8.499036302
N#Cc1ccsc1C(=O)Nc1ccc2c(c1)C(=O)N([C@@H]1CCC(=O)NC1=O)C2,-8.411553367
N#Cc1ccsc1C(=O)Nc1ccc2c(c1)C(=O)N([C@H]1CCC(=O)NC1=O)C2,-8.397464076
O=C1CC[C@H](N2Cc3cc(NS(=O)(=O)c4ccc(-n5ccnn5)cc4)ccc3C2=O)C(=O)N1,-8.209904894
O=C1CC[C@@H](N2Cc3cc(NS(=O)(=O)c4ccc(-n5ccnn5)cc4)ccc3C2=O)C(=O)N1,-8.214926049
O=C1CC[C@H](NC(=O)c2nc(-c3cccs3)n(-c3ccc(F)cc3)n2)C(=O)N1,-8.019543448
O=C1CC[C@@H](NC(=O)c2nc(-c3cccs3)n(-c3ccc(F)cc3)n2)C(=O)N1,-8.053634938
O=C1CC[C@H](NC(=O)c2nc(-c3cccs3)n(-c3cccc(F)c3)n2)C(=O)N1,-8.030207995
O=C1CC[C@@H](NC(=O)c2nc(-c3cccs3)n(-c3cccc(F)c3)n2)C(=O)N1,-8.046565758
O=C1CC[C@H](NC(=O)c2nc(-c3cccs3)n(-c3ccccc3)n2)C(=O)N1,-7.859472709
O=C1CC[C@@H](NC(=O)c2nc(-c3cccs3)n(-c3ccccc3)n2)C(=O)N1,-7.848375547
N#CN1CC[C@H](c2cccc(-c3cccc(C(=O)N[C@@H]4CCC(=O)NC4=O)n3)c2)C1,-8.196969634
N#CN1CC[C@@H](c2cccc(-c3cccc(C(=O)N[C@@H]4CCC(=O)NC4=O)n3)c2)C1,-8.16410765
N#CN1CC[C@H](c2cccc(-c3cccc(C(=O)N[C@H]4CCC(=O)NC4=O)n3)c2)C1,-7.586609351
N#CN1CC[C@@H](c2cccc(-c3cccc(C(=O)N[C@H]4CCC(=O)NC4=O)n3)c2)C1,-7.890249892
O=C1CC[C@H](N2Cc3cc(-c4cccnc4OCC4CC4)ccc3C2=O)C(=O)N1,-7.845673255
O=C1CC[C@@H](N2Cc3cc(-c4cccnc4OCC4CC4)ccc3C2=O)C(=O)N1,-7.862414052
O=C1CC[C@H](NC(=O)c2nnsc2-c2cccc(S(=O)(=O)F)c2)C(=O)N1,-8.901088772
O=C1CC[C@@H](NC(=O)c2nnsc2-c2cccc(S(=O)(=O)F)c2)C(=O)N1,-8.935224476
O=C1CC[C@H](NC(=O)c2nnsc2-c2ccccc2)C(=O)N1,-8.503044133
O=C1CC[C@@H](NC(=O)c2nnsc2-c2ccccc2)C(=O)N1,-8.368995371
N#CN1CCC[C@H](c2ccc(-c3cn([C@@H]4CCC(=O)NC4=O)nn3)c3ncccc23)C1,-8.359449021
N#CN1CCC[C@@H](c2ccc(-c3cn([C@@H]4CCC(=O)NC4=O)nn3)c3ncccc23)C1,-8.323943792
N#CN1CCC[C@H](c2ccc(-c3cn([C@H]4CCC(=O)NC4=O)nn3)c3ncccc23)C1,-8.134278578
N#CN1CCC[C@@H](c2ccc(-c3cn([C@H]4CCC(=O)NC4=O)nn3)c3ncccc23)C1,-8.075630257
O=C1CC[C@H](n2cc(-c3cncs3)nn2)C(=O)N1,-8.334583497
O=C1CC[C@@H](n2cc(-c3cncs3)nn2)C(=O)N1,-8.212047488
Cc1c(C(=O)N[C@@H]2CCC(=O)NC2=O)cnn1[C@@H]1CCS(=O)(=O)C1,-7.940348075
Cc1c(C(=O)N[C@H]2CCC(=O)NC2=O)cnn1[C@@H]1CCS(=O)(=O)C1,-8.012214695
Cc1c(C(=O)N[C@@H]2CCC(=O)NC2=O)cnn1[C@H]1CCS(=O)(=O)C1,-8.011170867
Cc1c(C(=O)N[C@H]2CCC(=O)NC2=O)cnn1[C@H]1CCS(=O)(=O)C1,-7.939399199
N#CN1CC[C@H](c2cc(-c3nccnc3C(=O)N[C@@H]3CCC(=O)NC3=O)ccn2)C1,-8.601669302
N#CN1CC[C@@H](c2cc(-c3nccnc3C(=O)N[C@@H]3CCC(=O)NC3=O)ccn2)C1,-8.57313876
N#CN1CC[C@H](c2cc(-c3nccnc3C(=O)N[C@H]3CCC(=O)NC3=O)ccn2)C1,-8.576542414
N#CN1CC[C@@H](c2cc(-c3nccnc3C(=O)N[C@H]3CCC(=O)NC3=O)ccn2)C1,-8.600499336
O=C1CC[C@H](Nc2ccc(NC(=O)c3cccc4c3CCCO4)cc2)C(=O)N1,-7.717259721
O=C1CC[C@@H](Nc2ccc(NC(=O)c3cccc4c3CCCO4)cc2)C(=O)N1,-7.752554264
Cn1c(S(=O)(=O)Nc2ccc([C@@H]3CCC(=O)NC3=O)cc2)cc2ccccc21,-7.820749344
Cn1c(S(=O)(=O)Nc2ccc([C@H]3CCC(=O)NC3=O)cc2)cc2ccccc21,-7.883072634
C[C@H](NC(=O)c1ccc2c(c1)C(=O)N([C@@H]1CCC(=O)NC1=O)C2=O)C1CC1,-8.843427653
C[C@@H](NC(=O)c1ccc2c(c1)C(=O)N([C@@H]1CCC(=O)NC1=O)C2=O)C1CC1,-8.909978517
C[C@H](NC(=O)c1ccc2c(c1)C(=O)N([C@H]1CCC(=O)NC1=O)C2=O)C1CC1,-8.908191752
C[C@@H](NC(=O)c1ccc2c(c1)C(=O)N([C@H]1CCC(=O)NC1=O)C2=O)C1CC1,-8.910642575
CCC1(CNC(=O)c2ccc3c(c2)C(=O)N([C@@H]2CCC(=O)NC2=O)C3=O)CC1,-8.916093524
CCC1(CNC(=O)c2ccc3c(c2)C(=O)N([C@H]2CCC(=O)NC2=O)C3=O)CC1,-8.916574448
O=C1CC[C@H](NC(=O)c2ncoc2-c2ccc3c(c2)OCCO3)C(=O)N1,-7.819553028
O=C1CC[C@@H](NC(=O)c2ncoc2-c2ccc3c(c2)OCCO3)C(=O)N1,-7.818321813
O=C1CC[C@H](c2ccc(NC(=O)[C@]34C[C@](CO)(CN3)C4)cc2)C(=O)N1,-7.619454811
O=C1CC[C@H](c2ccc(NC(=O)[C@]34C[C@@](CO)(CN3)C4)cc2)C(=O)N1,-7.606075112
N#CN1CCC[C@H](c2ccccc2-c2cc(C(=O)N[C@@H]3CCC(=O)NC3=O)n[nH]2)C1,-7.91118888
N#CN1CCC[C@@H](c2ccccc2-c2cc(C(=O)N[C@@H]3CCC(=O)NC3=O)n[nH]2)C1,-7.915636436
N#CN1CCC[C@H](c2ccccc2-c2cc(C(=O)N[C@H]3CCC(=O)NC3=O)n[nH]2)C1,-7.986449299
N#CN1CCC[C@@H](c2ccccc2-c2cc(C(=O)N[C@H]3CCC(=O)NC3=O)n[nH]2)C1,-7.879230322
CCCn1nc(C(=O)N[C@@H]2CCC(=O)NC2=O)ccc1=O,-8.303995001
CCCn1nc(C(=O)N[C@H]2CCC(=O)NC2=O)ccc1=O,-8.303752389
COCCCn1nc(C(=O)N[C@@H]2CCC(=O)NC2=O)ccc1=O,-8.341855956
COCCCn1nc(C(=O)N[C@H]2CCC(=O)NC2=O)ccc1=O,-8.310121561
N#CN1CC[C@H](c2ccccc2-n2nccc2-c2ccc(N3CCC(=O)NC3=O)cc2)C1,-7.501343035
N#CN1CC[C@@H](c2ccccc2-n2nccc2-c2ccc(N3CCC(=O)NC3=O)cc2)C1,-7.415694282
Cn1oc(C(=O)N[C@@H]2CCC(=O)NC2=O)cc1=O,-8.306442021
Cn1oc(C(=O)N[C@H]2CCC(=O)NC2=O)cc1=O,-8.303365604
N#CN1CC[C@H](c2ccc(-c3nc(C(=O)N[C@@H]4CCC(=O)NC4=O)co3)cc2)C1,-8.2811903
N#CN1CC[C@@H](c2ccc(-c3nc(C(=O)N[C@@H]4CCC(=O)NC4=O)co3)cc2)C1,-7.941681174
N#CN1CC[C@H](c2ccc(-c3nc(C(=O)N[C@H]4CCC(=O)NC4=O)co3)cc2)C1,-8.26951514
N#CN1CC[C@@H](c2ccc(-c3nc(C(=O)N[C@H]4CCC(=O)NC4=O)co3)cc2)C1,-8.282608492
COCc1cc(Nc2cccc(N3CCC(=O)NC3=O)c2C)n2ncnc2n1,-7.554267324
O=C1CC[C@H](NC(=O)c2cc(Cl)c3ccncc3n2)C(=O)N1,-8.868064004
O=C1CC[C@@H](NC(=O)c2cc(Cl)c3ccncc3n2)C(=O)N1,-8.868256955
O=C1CC[C@H](NC(=O)c2cc(S(=O)(=O)F)c3ccncc3n2)C(=O)N1,-9.643928429
O=C1CC[C@@H](NC(=O)c2cc(S(=O)(=O)F)c3ccncc3n2)C(=O)N1,-9.448659028
O=C1CC[C@H](NC(=O)c2ccc3c(S(=O)(=O)F)cncc3n2)C(=O)N1,-9.59142924
O=C1CC[C@@H](NC(=O)c2ccc3c(S(=O)(=O)F)cncc3n2)C(=O)N1,-9.682159003
O=C1CC[C@H](NC(=O)c2ccc3ccnc(S(=O)(=O)F)c3n2)C(=O)N1,-9.655968075
O=C1CC[C@@H](NC(=O)c2ccc3ccnc(S(=O)(=O)F)c3n2)C(=O)N1,-9.72574296
O=C1CC[C@H](NC(=O)c2ccc3ccnc(OS(=O)(=O)F)c3n2)C(=O)N1,-9.407955944
O=C1CC[C@@H](NC(=O)c2ccc3ccnc(OS(=O)(=O)F)c3n2)C(=O)N1,-9.276116838
N#CN1CC[C@H](c2nnnn2-c2cccc(C(=O)N[C@@H]3CCC(=O)NC3=O)c2)C1,-8.366892836
N#CN1CC[C@@H](c2nnnn2-c2cccc(C(=O)N[C@@H]3CCC(=O)NC3=O)c2)C1,-8.377838481
N#CN1CC[C@H](c2nnnn2-c2cccc(C(=O)N[C@H]3CCC(=O)NC3=O)c2)C1,-8.370464821
N#CN1CC[C@@H](c2nnnn2-c2cccc(C(=O)N[C@H]3CCC(=O)NC3=O)c2)C1,-8.566136526
N#CN1CCC[C@H](c2ccc(-n3nc(C(=O)N[C@@H]4CCC(=O)NC4=O)c4c3CCC4)cc2)C1,-7.795111634
N#CN1CCC[C@@H](c2ccc(-n3nc(C(=O)N[C@@H]4CCC(=O)NC4=O)c4c3CCC4)cc2)C1,-7.855073585
N#CN1CCC[C@H](c2ccc(-n3nc(C(=O)N[C@H]4CCC(=O)NC4=O)c4c3CCC4)cc2)C1,-7.921452419
N#CN1CCC[C@@H](c2ccc(-n3nc(C(=O)N[C@H]4CCC(=O)NC4=O)c4c3CCC4)cc2)C1,-7.715181912
Cc1ccc(NC(=O)NCc2ccc(N3CCC(=O)NC3=O)cc2)cc1Cl,-7.390416799
O=C1CC[C@H](N2Cc3c(cccc3-c3ccnc4ncccc34)C2=O)C(=O)N1,-8.383623573
O=C1CC[C@@H](N2Cc3c(cccc3-c3ccnc4ncccc34)C2=O)C(=O)N1,-8.357613073
O=C1CC[C@H](NC(=O)c2csc(S(=O)(=O)N3CCCC3)c2)C(=O)N1,-8.04592666
O=C1CC[C@@H](NC(=O)c2csc(S(=O)(=O)N3CCCC3)c2)C(=O)N1,-8.050509736
Cn1c(=O)sc2cc(C(=O)N[C@@H]3CCC(=O)NC3=O)sc21,-8.116437946
Cn1c(=O)sc2cc(C(=O)N[C@H]3CCC(=O)NC3=O)sc21,-8.116473314
N#CN1CCC[C@H](c2nc3n(n2)C[C@H](C(=O)Nc2ccc([C@@H]4CCC(=O)NC4=O)cc2)CC3)C1,-7.523710345
N#CN1CCC[C@@H](c2nc3n(n2)C[C@H](C(=O)Nc2ccc([C@@H]4CCC(=O)NC4=O)cc2)CC3)C1,-7.569585529
N#CN1CCC[C@H](c2nc3n(n2)C[C@@H](C(=O)Nc2ccc([C@@H]4CCC(=O)NC4=O)cc2)CC3)C1,-7.590277914
N#CN1CCC[C@@H](c2nc3n(n2)C[C@@H](C(=O)Nc2ccc([C@@H]4CCC(=O)NC4=O)cc2)CC3)C1,-7.505565842
N#CN1CCC[C@H](c2nc3n(n2)C[C@H](C(=O)Nc2ccc([C@H]4CCC(=O)NC4=O)cc2)CC3)C1,-7.57496737
N#CN1CCC[C@@H](c2nc3n(n2)C[C@H](C(=O)Nc2ccc([C@H]4CCC(=O)NC4=O)cc2)CC3)C1,-7.622484784
N#CN1CCC[C@H](c2nc3n(n2)C[C@@H](C(=O)Nc2ccc([C@H]4CCC(=O)NC4=O)cc2)CC3)C1,-7.554464164
N#CN1CCC[C@@H](c2nc3n(n2)C[C@@H](C(=O)Nc2ccc([C@H]4CCC(=O)NC4=O)cc2)CC3)C1,-7.665469585
N#CN1CCC[C@H](c2cc3c(c(-c4ccc5c(c4)CN([C@@H]4CCC(=O)NC4=O)C5=O)c2)OCCC3)C1,-7.825253297
N#CN1CCC[C@@H](c2cc3c(c(-c4ccc5c(c4)CN([C@@H]4CCC(=O)NC4=O)C5=O)c2)OCCC3)C1,-7.866903602
N#CN1CCC[C@H](c2cc3c(c(-c4ccc5c(c4)CN([C@H]4CCC(=O)NC4=O)C5=O)c2)OCCC3)C1,-7.86177338
N#CN1CCC[C@@H](c2cc3c(c(-c4ccc5c(c4)CN([C@H]4CCC(=O)NC4=O)C5=O)c2)OCCC3)C1,-7.846569383
Cc1cc(-c2ccccc2)n(-c2ccc(C(=O)N[C@@H]3CCC(=O)NC3=O)cc2)n1,-7.925548278
Cc1cc(-c2ccccc2)n(-c2ccc(C(=O)N[C@H]3CCC(=O)NC3=O)cc2)n1,-7.973327846
O=C1CC[C@H](N2Cc3cc(-c4ccncc4)c(S(=O)(=O)F)cc3C2=O)C(=O)N1,-8.231933818
O=C1CC[C@@H](N2Cc3cc(-c4ccncc4)c(S(=O)(=O)F)cc3C2=O)C(=O)N1,-8.184581528
O=C1CC[C@H](N2Cc3c(ccc(-c4ccncc4)c3S(=O)(=O)F)C2=O)C(=O)N1,-8.239625255
O=C1CC[C@@H](N2Cc3c(ccc(-c4ccncc4)c3S(=O)(=O)F)C2=O)C(=O)N1,-8.443850194
O=C1CC[C@H](N2Cc3cc(-c4ccncc4S(=O)(=O)F)ccc3C2=O)C(=O)N1,-8.321651726
O=C1CC[C@@H](N2Cc3cc(-c4ccncc4S(=O)(=O)F)ccc3C2=O)C(=O)N1,-8.604646557
O=C1CC[C@H](N2Cc3cc(-c4ccnc(S(=O)(=O)F)c4)ccc3C2=O)C(=O)N1,-8.402483687
O=C1CC[C@@H](N2Cc3cc(-c4ccnc(S(=O)(=O)F)c4)ccc3C2=O)C(=O)N1,-8.604440791
O=C1CC[C@H](N2Cc3cc(-c4ccnc(OS(=O)(=O)F)c4)ccc3C2=O)C(=O)N1,-8.09246038
O=C1CC[C@@H](N2Cc3cc(-c4ccnc(OS(=O)(=O)F)c4)ccc3C2=O)C(=O)N1,-8.185695815
O=C1CC[C@H](N2Cc3cc(-c4ccnc(F)c4)ccc3C2=O)C(=O)N1,-7.98621223
O=C1CC[C@@H](N2Cc3cc(-c4ccnc(F)c4)ccc3C2=O)C(=O)N1,-7.984882004
N#Cc1cc(-c2ccc3c(c2)CN([C@@H]2CCC(=O)NC2=O)C3=O)ccn1,-8.340737004
N#Cc1cc(-c2ccc3c(c2)CN([C@H]2CCC(=O)NC2=O)C3=O)ccn1,-8.233258349
COc1cc(-c2ccc3c(c2)CN([C@@H]2CCC(=O)NC2=O)C3=O)ccn1,-7.841593526
COc1cc(-c2ccc3c(c2)CN([C@H]2CCC(=O)NC2=O)C3=O)ccn1,-7.875233077
O=C1CC[C@H](NC(=O)c2cnc3nc(O)ccc3c2)C(=O)N1,-8.471819731
O=C1CC[C@@H](NC(=O)c2cnc3nc(O)ccc3c2)C(=O)N1,-8.471989253
O=C1CC[C@H](NC(=O)c2cnc3ncc(S(=O)(=O)F)cc3c2)C(=O)N1,-9.474659389
O=C1CC[C@@H](NC(=O)c2cnc3ncc(S(=O)(=O)F)cc3c2)C(=O)N1,-9.591584304
CC1(C)OCc2c(C(=O)N[C@@H]3CCC(=O)NC3=O)n[nH]c21,-7.851126401
CC1(C)OCc2c(C(=O)N[C@H]3CCC(=O)NC3=O)n[nH]c21,-7.851525836
N#CN1CC[C@H](c2ccc(C3CC3)c(-c3ccc4c(c3)CN([C@@H]3CCC(=O)NC3=O)C4=O)n2)C1,-7.723907776
N#CN1CC[C@@H](c2ccc(C3CC3)c(-c3ccc4c(c3)CN([C@@H]3CCC(=O)NC3=O)C4=O)n2)C1,-7.698581782
N#CN1CC[C@H](c2ccc(C3CC3)c(-c3ccc4c(c3)CN([C@H]3CCC(=O)NC3=O)C4=O)n2)C1,-7.745743788
N#CN1CC[C@@H](c2ccc(C3CC3)c(-c3ccc4c(c3)CN([C@H]3CCC(=O)NC3=O)C4=O)n2)C1,-7.899652287
N#CN1CCC[C@H](c2ccc3c(c2)C[C@H](NC(=O)c2cccc(N4CCC(=O)NC4=O)c2)CO3)C1,-7.449481597
N#CN1CCC[C@@H](c2ccc3c(c2)C[C@H](NC(=O)c2cccc(N4CCC(=O)NC4=O)c2)CO3)C1,-7.461981365
N#CN1CCC[C@H](c2ccc3c(c2)C[C@@H](NC(=O)c2cccc(N4CCC(=O)NC4=O)c2)CO3)C1,-7.592535242
N#CN1CCC[C@@H](c2ccc3c(c2)C[C@@H](NC(=O)c2cccc(N4CCC(=O)NC4=O)c2)CO3)C1,-7.296900207
O=C1CC[C@H](N2Cc3cc(NC(=O)c4ccc5ccccc5c4)ccc3C2=O)C(=O)N1,-7.824793337
O=C1CC[C@@H](N2Cc3cc(NC(=O)c4ccc5ccccc5c4)ccc3C2=O)C(=O)N1,-8.322895951
O=C1CC[C@H](N2Cc3cc(NC(=O)c4ccc5cc(O)ccc5c4)ccc3C2=O)C(=O)N1,-7.831213572
O=C1CC[C@@H](N2Cc3cc(NC(=O)c4ccc5cc(O)ccc5c4)ccc3C2=O)C(=O)N1,-7.833806245
COc1ccc2cc(C(=O)Nc3ccc4c(c3)CN([C@@H]3CCC(=O)NC3=O)C4=O)ccc2c1,-7.809514182
COc1ccc2cc(C(=O)Nc3ccc4c(c3)CN([C@H]3CCC(=O)NC3=O)C4=O)ccc2c1,-7.810846831
[2H]C([2H])([2H])Oc1ccc2cc(C(=O)Nc3ccc4c(c3)CN([C@@H]3CCC(=O)NC3=O)C4=O)ccc2c1,-7.77589576
[2H]C([2H])([2H])Oc1ccc2cc(C(=O)Nc3ccc4c(c3)CN([C@H]3CCC(=O)NC3=O)C4=O)ccc2c1,-7.808300173
CCOc1ccc2cc(C(=O)Nc3ccc4c(c3)CN([C@@H]3CCC(=O)NC3=O)C4=O)ccc2c1,-7.800976524
CCOc1ccc2cc(C(=O)Nc3ccc4c(c3)CN([C@H]3CCC(=O)NC3=O)C4=O)ccc2c1,-7.807300193
CC(C)Oc1ccc2cc(C(=O)Nc3ccc4c(c3)CN([C@@H]3CCC(=O)NC3=O)C4=O)ccc2c1,-7.8157716
CC(C)Oc1ccc2cc(C(=O)Nc3ccc4c(c3)CN([C@H]3CCC(=O)NC3=O)C4=O)ccc2c1,-7.823894957
CCCCOc1ccc2cc(C(=O)Nc3ccc4c(c3)CN([C@@H]3CCC(=O)NC3=O)C4=O)ccc2c1,-7.798658937
CCCCOc1ccc2cc(C(=O)Nc3ccc4c(c3)CN([C@H]3CCC(=O)NC3=O)C4=O)ccc2c1,-7.823245989
CN1Cc2cc3c(cc2C1)C(=O)N([C@@H]1CCC(=O)NC1=O)C3,-7.841579271
CN1Cc2cc3c(cc2C1)C(=O)N([C@H]1CCC(=O)NC1=O)C3,-7.840368616
O=C1CC[C@H](NC(=O)c2ccc(O[C@@H]3CCNC3)cc2)C(=O)N1,-7.942326853
O=C1CC[C@@H](NC(=O)c2ccc(O[C@@H]3CCNC3)cc2)C(=O)N1,-7.942384221
O=C1CC[C@H](NC(=O)c2ccc(O[C@H]3CCNC3)cc2)C(=O)N1,-7.942552343
O=C1CC[C@@H](NC(=O)c2ccc(O[C@H]3CCNC3)cc2)C(=O)N1,-7.943554708
O=C1CC[C@H](N2Cc3c(cccc3-c3cccc4cc[nH]c34)C2=O)C(=O)N1,-8.053722724
O=C1CC[C@@H](N2Cc3c(cccc3-c3cccc4cc[nH]c34)C2=O)C(=O)N1,-8.053897069
Cn1ccc2cccc(-c3cccc4c3CN([C@@H]3CCC(=O)NC3=O)C4=O)c21,-7.930137041
Cn1ccc2cccc(-c3cccc4c3CN([C@H]3CCC(=O)NC3=O)C4=O)c21,-7.745404962
N#CN1CC[C@H](c2cnnc(-n3cc(C(=O)N[C@@H]4CCC(=O)NC4=O)cn3)c2)C1,-8.957735363
N#CN1CC[C@@H](c2cnnc(-n3cc(C(=O)N[C@@H]4CCC(=O)NC4=O)cn3)c2)C1,-8.946898149
N#CN1CC[C@H](c2cnnc(-n3cc(C(=O)N[C@H]4CCC(=O)NC4=O)cn3)c2)C1,-8.505722454
N#CN1CC[C@@H](c2cnnc(-n3cc(C(=O)N[C@H]4CCC(=O)NC4=O)cn3)c2)C1,-8.485787756
Cn1cnc2cc(C(F)(F)F)c(C(=O)N[C@@H]3CCC(=O)NC3=O)cc21,-7.929612357
Cn1cnc2cc(C(F)(F)F)c(C(=O)N[C@H]3CCC(=O)NC3=O)cc21,-7.928688466
O=C1CC[C@H](NC(=O)c2cc(S(=O)(=O)F)c3nc[nH]c3c2)C(=O)N1,-8.531317881
O=C1CC[C@@H](NC(=O)c2cc(S(=O)(=O)F)c3nc[nH]c3c2)C(=O)N1,-8.589923178
O=C1CC[C@H](NC(=O)c2ccc3nc(S(=O)(=O)F)[nH]c3c2)C(=O)N1,-8.818143516
O=C1CC[C@@H](NC(=O)c2ccc3nc(S(=O)(=O)F)[nH]c3c2)C(=O)N1,-8.499977897
O=C1CC[C@H](NC(=O)c2cc3c([nH]c2=O)CCN(Cc2ccccc2)C3)C(=O)N1,-7.913123942
O=C1CC[C@@H](NC(=O)c2cc3c([nH]c2=O)CCN(Cc2ccccc2)C3)C(=O)N1,-7.883630633
O=C1CC[C@H](NC(=O)c2n[nH]c3cnccc23)C(=O)N1,-7.872397543
O=C1CC[C@@H](NC(=O)c2n[nH]c3cnccc23)C(=O)N1,-8.437309003
O=C1CC(c2cccc(NC(=O)CCCn3cccc3)c2)CC(=O)N1,-7.597401263
NCc1cn([C@H]2C[C@@H](C(=O)Nc3ccc([C@@H]4CCC(=O)NC4=O)cc3)C2)nn1,-7.893748363
NCc1cn([C@H]2C[C@H](C(=O)Nc3ccc([C@@H]4CCC(=O)NC4=O)cc3)C2)nn1,-7.901255982
NCc1cn([C@H]2C[C@@H](C(=O)Nc3ccc([C@H]4CCC(=O)NC4=O)cc3)C2)nn1,-7.490943704
NCc1cn([C@H]2C[C@H](C(=O)Nc3ccc([C@H]4CCC(=O)NC4=O)cc3)C2)nn1,-7.723836331
CS(=O)(=O)Nc1ccc(N(CC2CC2)[C@@H]2CCC(=O)NC2=O)cc1,-7.84263976
CS(=O)(=O)Nc1ccc(N(CC2CC2)[C@H]2CCC(=O)NC2=O)cc1,-7.869916148
O=C1CC[C@H](N2Cc3cc(C(=O)NC4(C5CC5)CC4)ccc3C2=O)C(=O)N1,-7.890206287
O=C1CC[C@@H](N2Cc3cc(C(=O)NC4(C5CC5)CC4)ccc3C2=O)C(=O)N1,-7.766083244
N#CN1CC[C@H](c2cccc(-c3nccc(C(=O)N[C@@H]4CCC(=O)NC4=O)n3)c2)C1,-8.295868334
N#CN1CC[C@@H](c2cccc(-c3nccc(C(=O)N[C@@H]4CCC(=O)NC4=O)n3)c2)C1,-8.303392491
N#CN1CC[C@H](c2cccc(-c3nccc(C(=O)N[C@H]4CCC(=O)NC4=O)n3)c2)C1,-8.168871455
N#CN1CC[C@@H](c2cccc(-c3nccc(C(=O)N[C@H]4CCC(=O)NC4=O)n3)c2)C1,-8.229932513
O=C1CCN(c2ccc(C(=O)N3C[C@@H]4OCc5cnnn5[C@@H]4C3)cc2)C(=O)N1,-7.487884024
O=C1CCN(c2ccc(C(=O)N3C[C@@H]4[C@@H](C3)OCc3cnnn34)cc2)C(=O)N1,-7.550501517
O=C1CCN(c2ccc(C(=O)N3C[C@@H]4OCc5cnnn5[C@H]4C3)cc2)C(=O)N1,-7.551053309
O=C1CCN(c2ccc(C(=O)N3C[C@H]4OCc5cnnn5[C@H]4C3)cc2)C(=O)N1,-7.486617026
N=[S@]1(=O)CCCc2ncnc(Nc3ccc([C@@H]4CCC(=O)NC4=O)cc3)c21,-7.638809783
N=[S@@]1(=O)CCCc2ncnc(Nc3ccc([C@@H]4CCC(=O)NC4=O)cc3)c21,-7.635518853
N=[S@]1(=O)CCCc2ncnc(Nc3ccc([C@H]4CCC(=O)NC4=O)cc3)c21,-7.632125675
N=[S@@]1(=O)CCCc2ncnc(Nc3ccc([C@H]4CCC(=O)NC4=O)cc3)c21,-7.633832824
O=C1CC[C@H](NC(=O)c2cnn3c2S(=O)(=O)NCC3)C(=O)N1,-7.649042693
O=C1CC[C@@H](NC(=O)c2cnn3c2S(=O)(=O)NCC3)C(=O)N1,-7.694337185
O=C1CC[C@H](NC(=O)c2conc2[C@@H]2CCNC2)C(=O)N1,-7.953801602
O=C1CC[C@@H](NC(=O)c2conc2[C@@H]2CCNC2)C(=O)N1,-7.821741679
O=C1CC[C@H](NC(=O)c2conc2[C@H]2CCNC2)C(=O)N1,-7.82326644
O=C1CC[C@@H](NC(=O)c2conc2[C@H]2CCNC2)C(=O)N1,-7.827248634
O=C1CC[C@H](NC(=O)c2cccc(OC3CCCCC3)c2)C(=O)N1,-7.938264191
O=C1CC[C@@H](NC(=O)c2cccc(OC3CCCCC3)c2)C(=O)N1,-7.946368712
N#CN1CCC(c2cccc(-c3cccc4c3CN([C@@H]3CCC(=O)NC3=O)C4=O)n2)CC1,-7.90954275
N#CN1CCC(c2cccc(-c3cccc4c3CN([C@H]3CCC(=O)NC3=O)C4=O)n2)CC1,-7.871775218
N#CN1CCC(c2ccccc2C(=O)Nc2ccc([C@@H]3CCC(=O)NC3=O)cc2)CC1,-8.036137835
N#CN1CCC(c2ccccc2C(=O)Nc2ccc([C@H]3CCC(=O)NC3=O)cc2)CC1,-7.72087649
N#CN1CC[C@H](c2ccc3c(-c4cccc(N5CCC(=O)NC5=O)c4)c[nH]c3c2)C1,-7.288686235
N#CN1CC[C@@H](c2ccc3c(-c4cccc(N5CCC(=O)NC5=O)c4)c[nH]c3c2)C1,-7.291663141
N#CN1CC[C@H](c2cccnc2-c2ccc3c(c2)CN([C@@H]2CCC(=O)NC2=O)C3=O)C1,-7.946331752
N#CN1CC[C@@H](c2cccnc2-c2ccc3c(c2)CN([C@@H]2CCC(=O)NC2=O)C3=O)C1,-7.945472576
N#CN1CC[C@H](c2cccnc2-c2ccc3c(c2)CN([C@H]2CCC(=O)NC2=O)C3=O)C1,-7.948557255
N#CN1CC[C@@H](c2cccnc2-c2ccc3c(c2)CN([C@H]2CCC(=O)NC2=O)C3=O)C1,-7.955309132
N#CN1CC[C@H](c2cccc(-c3cccnc3C(=O)N[C@@H]3CCC(=O)NC3=O)n2)C1,-7.809733654
N#CN1CC[C@@H](c2cccc(-c3cccnc3C(=O)N[C@@H]3CCC(=O)NC3=O)n2)C1,-7.907861827
N#CN1CC[C@H](c2cccc(-c3cccnc3C(=O)N[C@H]3CCC(=O)NC3=O)n2)C1,-7.851871319
N#CN1CC[C@@H](c2cccc(-c3cccnc3C(=O)N[C@H]3CCC(=O)NC3=O)n2)C1,-7.815531194
O=C1CC[C@H](N2Cc3cc(NC(=O)N4CCC45CCCC5)ccc3C2=O)C(=O)N1,-7.626920528
O=C1CC[C@@H](N2Cc3cc(NC(=O)N4CCC45CCCC5)ccc3C2=O)C(=O)N1,-7.601726517
Cc1coc(C2CC2)c1C(=O)N[C@@H]1CCC(=O)NC1=O,-7.942383007
Cc1coc(C2CC2)c1C(=O)N[C@H]1CCC(=O)NC1=O,-7.943716804
CC(C)N1CCN(Cc2ccc(COc3cccc4c3CN([C@@H]3CCC(=O)NC3=O)C4=O)cc2)CC1,-7.806900895
CC(C)N1CCN(Cc2ccc(COc3cccc4c3CN([C@H]3CCC(=O)NC3=O)C4=O)cc2)CC1,-7.765331109
Cn1cc(C(=O)NCC2CCN(C(=O)c3cccc4c3CNC4=O)CC2)cn1,-7.697920574
CC[C@]1(c2ccc(NCc3nocc3C)cc2)CCC(=O)NC1=O,-7.471609456
CC[C@@]1(c2ccc(NCc3nocc3C)cc2)CCC(=O)NC1=O,-7.471169554
O=C1CC[C@H](c2ccc(NC(=O)c3c(F)cccc3-n3cccn3)cc2)C(=O)N1,-7.701012268
O=C1CC[C@@H](c2ccc(NC(=O)c3c(F)cccc3-n3cccn3)cc2)C(=O)N1,-7.696162981
N#CN1CCC[C@H](c2cc3n(n2)C[C@H](NC(=O)c2cccc(N4CCC(=O)NC4=O)c2)CO3)C1,-7.3479539
N#CN1CCC[C@@H](c2cc3n(n2)C[C@H](NC(=O)c2cccc(N4CCC(=O)NC4=O)c2)CO3)C1,-7.333084437
N#CN1CCC[C@H](c2cc3n(n2)C[C@@H](NC(=O)c2cccc(N4CCC(=O)NC4=O)c2)CO3)C1,-7.596700741
N#CN1CCC[C@@H](c2cc3n(n2)C[C@@H](NC(=O)c2cccc(N4CCC(=O)NC4=O)c2)CO3)C1,-7.633140145
C[C@H](C1CC1)N(C(=O)c1cccc2c1CN([C@@H]1CCC(=O)NC1=O)C2=O)C1CC1,-7.870593226
C[C@@H](C1CC1)N(C(=O)c1cccc2c1CN([C@@H]1CCC(=O)NC1=O)C2=O)C1CC1,-7.834143305
C[C@H](C1CC1)N(C(=O)c1cccc2c1CN([C@H]1CCC(=O)NC1=O)C2=O)C1CC1,-7.860880024
C[C@@H](C1CC1)N(C(=O)c1cccc2c1CN([C@H]1CCC(=O)NC1=O)C2=O)C1CC1,-7.862806858
O=C1CC[C@H](n2cc(CN3CCNC3=O)nn2)C(=O)N1,-8.266903103
O=C1CC[C@@H](n2cc(CN3CCNC3=O)nn2)C(=O)N1,-8.267182482
CC1=Nc2cccc(C(=O)N[C@@H]3CCC(=O)NC3=O)c2C1(C)C,-8.01955387
CC1=Nc2cccc(C(=O)N[C@H]3CCC(=O)NC3=O)c2C1(C)C,-8.018835063
O=C1CC[C@H](NC(=O)c2ccc(S(=O)(=O)F)c3c2CC=N3)C(=O)N1,-8.364627034
O=C1CC[C@@H](NC(=O)c2ccc(S(=O)(=O)F)c3c2CC=N3)C(=O)N1,-8.496371857
O=C1CC[C@H](NC(=O)c2cc(S(=O)(=O)F)cc3c2CC=N3)C(=O)N1,-8.496179719
O=C1CC[C@@H](NC(=O)c2cc(S(=O)(=O)F)cc3c2CC=N3)C(=O)N1,-8.370056194
N#CN1CC[C@H](c2ccc3c(c2)N=C(C(=O)Nc2cccc([C@@H]4CCC(=O)NC4=O)c2)C3)C1,-8.403370704
N#CN1CC[C@@H](c2ccc3c(c2)N=C(C(=O)Nc2cccc([C@@H]4CCC(=O)NC4=O)c2)C3)C1,-8.41871582
N#CN1CC[C@H](c2ccc3c(c2)N=C(C(=O)Nc2cccc([C@H]4CCC(=O)NC4=O)c2)C3)C1,-8.415118038
N#CN1CC[C@@H](c2ccc3c(c2)N=C(C(=O)Nc2cccc([C@H]4CCC(=O)NC4=O)c2)C3)C1,-8.420742002
N#CN1CCC(c2nccc(Nc3ccc4c(c3)C(=O)N([C@@H]3CCC(=O)NC3=O)C4)n2)CC1,-7.901376449
N#CN1CCC(c2nccc(Nc3ccc4c(c3)C(=O)N([C@H]3CCC(=O)NC3=O)C4)n2)CC1,-7.880047857
N#CN1CC[C@H](c2ccc3c(c2)C[C@H](Nc2cccc(N4CCC(=O)NC4=O)c2)CCC3)C1,-7.237909242
N#CN1CC[C@@H](c2ccc3c(c2)C[C@H](Nc2cccc(N4CCC(=O)NC4=O)c2)CCC3)C1,-7.299797651
N#CN1CC[C@H](c2ccc3c(c2)C[C@@H](Nc2cccc(N4CCC(=O)NC4=O)c2)CCC3)C1,-7.233339364
N#CN1CC[C@@H](c2ccc3c(c2)C[C@@H](Nc2cccc(N4CCC(=O)NC4=O)c2)CCC3)C1,-7.200793095
O=C1CC[C@H](NC(=O)c2c3c(nc4c(S(=O)(=O)F)cccc24)CCC3)C(=O)N1,-8.651465888
O=C1CC[C@@H](NC(=O)c2c3c(nc4c(S(=O)(=O)F)cccc24)CCC3)C(=O)N1,-8.704096201
O=C1CC[C@H](NC(=O)c2c3c(nc4cc(S(=O)(=O)F)ccc24)CCC3)C(=O)N1,-8.704221596
O=C1CC[C@@H](NC(=O)c2c3c(nc4cc(S(=O)(=O)F)ccc24)CCC3)C(=O)N1,-8.651079539
O=C1CC[C@H](NC(=O)c2c3c(nc4ccccc24)CCC3)C(=O)N1,-8.077127838
O=C1CC[C@@H](NC(=O)c2c3c(nc4ccccc24)CCC3)C(=O)N1,-8.077303355
O=C1CC[C@H](NC(=O)c2c3c(nc4ccc(Cl)cc24)CCC3)C(=O)N1,-8.123915695
O=C1CC[C@@H](NC(=O)c2c3c(nc4ccc(Cl)cc24)CCC3)C(=O)N1,-8.124035763
O=C1CC[C@H](N2Cc3c(ccc4c3OC[C@]43CC[C@@H](Oc4ccccc4)CC3)C2=O)C(=O)N1,-7.803040644
O=C1CC[C@@H](N2Cc3c(ccc4c3OC[C@]43CC[C@@H](Oc4ccccc4)CC3)C2=O)C(=O)N1,-7.838404273
O=C1CC[C@H](N2Cc3c(ccc4c3OC[C@]43CC[C@H](Oc4ccccc4)CC3)C2=O)C(=O)N1,-7.794320683
O=C1CC[C@@H](N2Cc3c(ccc4c3OC[C@]43CC[C@H](Oc4ccccc4)CC3)C2=O)C(=O)N1,-7.822157194
N#CN1CC[C@H](c2nccnc2-c2ccc3c(c2)C(=O)N([C@@H]2CCC(=O)NC2=O)C3)C1,-8.031642417
N#CN1CC[C@@H](c2nccnc2-c2ccc3c(c2)C(=O)N([C@@H]2CCC(=O)NC2=O)C3)C1,-7.982638106
N#CN1CC[C@H](c2nccnc2-c2ccc3c(c2)C(=O)N([C@H]2CCC(=O)NC2=O)C3)C1,-8.243601717
N#CN1CC[C@@H](c2nccnc2-c2ccc3c(c2)C(=O)N([C@H]2CCC(=O)NC2=O)C3)C1,-8.14685398
Cc1ccc(NC(=O)NCc2cccc([C@@H]3CCC(=O)NC3=O)c2)cc1Cl,-7.636037386
Cc1ccc(NC(=O)NCc2cccc([C@H]3CCC(=O)NC3=O)c2)cc1Cl,-7.72463113
O=C1CC[C@H](NC(=O)c2nc(C(F)(F)F)n3ccncc23)C(=O)N1,-8.674263839
O=C1CC[C@@H](NC(=O)c2nc(C(F)(F)F)n3ccncc23)C(=O)N1,-8.674241977
O=C1CC[C@H](NC(=O)c2nc(S(=O)(=O)F)n3ccncc23)C(=O)N1,-9.015767247
O=C1CC[C@@H](NC(=O)c2nc(S(=O)(=O)F)n3ccncc23)C(=O)N1,-8.863177196
O=C1CC[C@H](NC(=O)c2ncn3cc(S(=O)(=O)F)ncc23)C(=O)N1,-9.078992792
O=C1CC[C@@H](NC(=O)c2ncn3cc(S(=O)(=O)F)ncc23)C(=O)N1,-9.026384004
O=C1CC[C@H](NC(=O)c2ncn3c(S(=O)(=O)F)cncc23)C(=O)N1,-8.842551273
O=C1CC[C@@H](NC(=O)c2ncn3c(S(=O)(=O)F)cncc23)C(=O)N1,-9.118546777
O=C1CC[C@H](NC(=O)c2cc(F)cc3[nH]nnc23)C(=O)N1,-8.603342563
O=C1CC[C@@H](NC(=O)c2cc(F)cc3[nH]nnc23)C(=O)N1,-8.602891993
O=C1CC[C@H](NC(=O)c2csc(C3CCCCC3)n2)C(=O)N1,-7.778857839
O=C1CC[C@@H](NC(=O)c2csc(C3CCCCC3)n2)C(=O)N1,-7.766432052
Nc1c(C(=O)Nc2ccc([C@@H]3CCC(=O)NC3=O)cc2)[nH]c(=O)[nH]c1=O,-8.071080514
Nc1c(C(=O)Nc2ccc([C@H]3CCC(=O)NC3=O)cc2)[nH]c(=O)[nH]c1=O,-8.075313376
C[C@@H]1CC(=O)N([C@@H]2CCC(=O)NC2=O)C1=O,-7.977741784
C[C@H]1CC(=O)N([C@@H]2CCC(=O)NC2=O)C1=O,-7.974028581
C[C@@H]1CC(=O)N([C@H]2CCC(=O)NC2=O)C1=O,-7.973787838
C[C@H]1CC(=O)N([C@H]2CCC(=O)NC2=O)C1=O,-7.978316341
O=C1CC[C@H](N2C(=O)CCC2=O)C(=O)N1,-7.9921
O=C1CC[C@@H](N2C(=O)CCC2=O)C(=O)N1,-7.9924
O=C1C[C@H](NC(=O)c2sc3ccccc3c2Cl)C(=O)N1,-8.153377319
O=C1C[C@@H](NC(=O)c2sc3ccccc3c2Cl)C(=O)N1,-8.153176749
O=C1C[C@H](NC(=O)c2sc3cccc(Cl)c3c2Cl)C(=O)N1,-8.304499842
O=C1C[C@@H](NC(=O)c2sc3cccc(Cl)c3c2Cl)C(=O)N1,-8.30400112
N#CN1CCC[C@H](c2cccc(-c3ccsc3C(=O)N[C@@H]3CCC(=O)NC3=O)c2)C1,-7.993997433
N#CN1CCC[C@@H](c2cccc(-c3ccsc3C(=O)N[C@@H]3CCC(=O)NC3=O)c2)C1,-7.87498598
N#CN1CCC[C@H](c2cccc(-c3ccsc3C(=O)N[C@H]3CCC(=O)NC3=O)c2)C1,-8.015240219
N#CN1CCC[C@@H](c2cccc(-c3ccsc3C(=O)N[C@H]3CCC(=O)NC3=O)c2)C1,-7.740769983
N#CN1CC[C@H](c2cc3oc(-c4cccc(N5CCC(=O)NC5=O)c4)cc3cn2)C1,-7.812371336
N#CN1CC[C@@H](c2cc3oc(-c4cccc(N5CCC(=O)NC5=O)c4)cc3cn2)C1,-7.805495489
COc1cccc2cc(C(=O)N[C@@H]3CCC(=O)NC3=O)c(=O)oc12,-8.468991471
COc1cccc2cc(C(=O)N[C@H]3CCC(=O)NC3=O)c(=O)oc12,-8.466297979
Cc1c(C(=O)N[C@@H]2CCC(=O)NC2=O)c(=O)oc2ccc(Br)cc12,-8.692689384
Cc1c(C(=O)N[C@H]2CCC(=O)NC2=O)c(=O)oc2ccc(Br)cc12,-8.691840856
Cc1cc(Nc2ccc([C@@H]3CCC(=O)NC3=O)cc2)nc([C@@H]2CCCOC2)n1,-7.611301437
Cc1cc(Nc2ccc([C@H]3CCC(=O)NC3=O)cc2)nc([C@@H]2CCCOC2)n1,-7.60186125
Cc1cc(Nc2ccc([C@@H]3CCC(=O)NC3=O)cc2)nc([C@H]2CCCOC2)n1,-7.604074475
Cc1cc(Nc2ccc([C@H]3CCC(=O)NC3=O)cc2)nc([C@H]2CCCOC2)n1,-7.608586746
O=C1CC[C@H](NC(=O)c2cccn3c4c(nc23)CCCC4)C(=O)N1,-7.655981139
O=C1CC[C@@H](NC(=O)c2cccn3c4c(nc23)CCCC4)C(=O)N1,-7.881739687
CN1CCN(C(=O)Nc2ccc3c(c2)CN([C@@H]2CCC(=O)NC2=O)C3=O)CC1=O,-7.834982485
CN1CCN(C(=O)Nc2ccc3c(c2)CN([C@H]2CCC(=O)NC2=O)C3=O)CC1=O,-7.830076031
N#CN1CC[C@H](c2ccc(-n3nccc3C(=O)N[C@@H]3CCC(=O)NC3=O)cc2)C1,-7.702637268
N#CN1CC[C@@H](c2ccc(-n3nccc3C(=O)N[C@@H]3CCC(=O)NC3=O)cc2)C1,-7.53662067
N#CN1CC[C@H](c2ccc(-n3nccc3C(=O)N[C@H]3CCC(=O)NC3=O)cc2)C1,-8.103471658
N#CN1CC[C@@H](c2ccc(-n3nccc3C(=O)N[C@H]3CCC(=O)NC3=O)cc2)C1,-7.775806778
O=C1CC[C@H](NC(=O)c2ccc(Oc3ccc(F)cc3)s2)C(=O)N1,-7.969589115
O=C1CC[C@@H](NC(=O)c2ccc(Oc3ccc(F)cc3)s2)C(=O)N1,-7.969526044
C[C@H](C(=O)Nc1cccc([C@@H]2CCC(=O)NC2=O)c1)n1cnc2c(N)ncnc21,-7.613296155
C[C@@H](C(=O)Nc1cccc([C@@H]2CCC(=O)NC2=O)c1)n1cnc2c(N)ncnc21,-7.640175575
C[C@H](C(=O)Nc1cccc([C@H]2CCC(=O)NC2=O)c1)n1cnc2c(N)ncnc21,-7.616521948
C[C@@H](C(=O)Nc1cccc([C@H]2CCC(=O)NC2=O)c1)n1cnc2c(N)ncnc21,-7.635710876
O=C1CC[C@H](c2cccc(NC(=O)C[C@@H]3CC4(CCOCC4)CN3)c2)C(=O)N1,-7.55763095
O=C1CC[C@@H](c2cccc(NC(=O)C[C@@H]3CC4(CCOCC4)CN3)c2)C(=O)N1,-7.653884731
O=C1CC[C@H](c2cccc(NC(=O)C[C@H]3CC4(CCOCC4)CN3)c2)C(=O)N1,-7.427976741
O=C1CC[C@@H](c2cccc(NC(=O)C[C@H]3CC4(CCOCC4)CN3)c2)C(=O)N1,-7.562309677
C=CC(=O)N[C@@H]1c2ccccc2C[C@@H]1NC(=O)c1cccc2c1C(=O)NC2,-7.454411643
C=CC(=O)N[C@H]1c2ccccc2C[C@@H]1NC(=O)c1cccc2c1C(=O)NC2,-7.971154159
C=CC(=O)N[C@@H]1c2ccccc2C[C@H]1NC(=O)c1cccc2c1C(=O)NC2,-7.906693621
C=CC(=O)N[C@H]1c2ccccc2C[C@H]1NC(=O)c1cccc2c1C(=O)NC2,-7.895627644
O=C(CCl)N[C@@H]1c2ccccc2C[C@@H]1NC(=O)c1cccc2c1C(=O)NC2,-7.922987106
O=C(CCl)N[C@H]1c2ccccc2C[C@@H]1NC(=O)c1cccc2c1C(=O)NC2,-7.713754718
O=C(CCl)N[C@@H]1c2ccccc2C[C@H]1NC(=O)c1cccc2c1C(=O)NC2,-7.713691252
O=C(CCl)N[C@H]1c2ccccc2C[C@H]1NC(=O)c1cccc2c1C(=O)NC2,-7.924037856
N#Cc1cnc(N[C@@H]2CCC(=O)NC2=O)c2sccc12,-8.093859913
N#Cc1cnc(N[C@H]2CCC(=O)NC2=O)c2sccc12,-8.09343287
O=C1CC[C@H](Nc2nccc3cc(S(=O)(=O)F)sc23)C(=O)N1,-8.581468302
O=C1CC[C@@H](Nc2nccc3cc(S(=O)(=O)F)sc23)C(=O)N1,-8.185896071
Cc1oc2cc(F)ccc2c1C(=O)N[C@@H]1CCC(=O)NC1=O,-8.032493024
Cc1oc2cc(F)ccc2c1C(=O)N[C@H]1CCC(=O)NC1=O,-8.032342344
Cc1ccc(Cl)c2c(C(=O)N[C@@H]3CCC(=O)NC3=O)coc12,-7.884633468
Cc1ccc(Cl)c2c(C(=O)N[C@H]3CCC(=O)NC3=O)coc12,-7.885082319
O=C1CC[C@H](NC(=O)c2coc3c(F)c(Cl)ccc23)C(=O)N1,-8.098273295
O=C1CC[C@@H](NC(=O)c2coc3c(F)c(Cl)ccc23)C(=O)N1,-8.098686166
CC(C)(C)c1ccc2c(C(=O)N[C@@H]3CCC(=O)NC3=O)coc2c1,-7.906258141
CC(C)(C)c1ccc2c(C(=O)N[C@H]3CCC(=O)NC3=O)coc2c1,-7.884603831
O=C1CC[C@H](NC(=O)c2coc3cccc(Br)c23)C(=O)N1,-7.926673046
O=C1CC[C@@H](NC(=O)c2coc3cccc(Br)c23)C(=O)N1,-7.928615756
O=C1CC[C@H](NC(=O)c2coc3cc(S(=O)(=O)F)ccc23)C(=O)N1,-8.393542263
O=C1CC[C@@H](NC(=O)c2coc3cc(S(=O)(=O)F)ccc23)C(=O)N1,-8.371757749
O=C1CC[C@H](NC(=O)c2coc3c(S(=O)(=O)F)cccc23)C(=O)N1,-8.40003541
O=C1CC[C@@H](NC(=O)c2coc3c(S(=O)(=O)F)cccc23)C(=O)N1,-8.695675501
Cc1oc2c(F)c(F)c(F)c(F)c2c1C(=O)N[C@@H]1CCC(=O)NC1=O,-8.346069204
Cc1oc2c(F)c(F)c(F)c(F)c2c1C(=O)N[C@H]1CCC(=O)NC1=O,-8.343632149
Cc1cc(Br)cc2c(C(=O)N[C@@H]3CCC(=O)NC3=O)coc12,-8.064082822
Cc1cc(Br)cc2c(C(=O)N[C@H]3CCC(=O)NC3=O)coc12,-8.064185308
O=C1CC[C@H](NC(=O)c2coc3ccc(OS(=O)(=O)F)cc23)C(=O)N1,-8.052095466
O=C1CC[C@@H](NC(=O)c2coc3ccc(OS(=O)(=O)F)cc23)C(=O)N1,-8.104241915
Cc1c([C@H](C)NC(=O)Nc2ccc3c(c2)CNC3=O)oc2ccccc12,-6.965631255
Cc1c([C@@H](C)NC(=O)Nc2ccc3c(c2)CNC3=O)oc2ccccc12,-7.693149325
N#CN1CC[C@H](c2cccc(-c3cc(C(=O)N[C@@H]4CCC(=O)NC4=O)no3)c2)C1,-7.863219785
N#CN1CC[C@@H](c2cccc(-c3cc(C(=O)N[C@@H]4CCC(=O)NC4=O)no3)c2)C1,-7.906876212
N#CN1CC[C@H](c2cccc(-c3cc(C(=O)N[C@H]4CCC(=O)NC4=O)no3)c2)C1,-7.945258142
N#CN1CC[C@@H](c2cccc(-c3cc(C(=O)N[C@H]4CCC(=O)NC4=O)no3)c2)C1,-8.025953976
O=C1CC[C@H](Sc2nc3ccc(Cl)cc3[nH]2)C(=O)N1,-8.311776917
O=C1CC[C@@H](Sc2nc3ccc(Cl)cc3[nH]2)C(=O)N1,-8.306603224
O=C1CC[C@H](Sc2nc3c(S(=O)(=O)F)cccc3[nH]2)C(=O)N1,-8.178282509
O=C1CC[C@@H](Sc2nc3c(S(=O)(=O)F)cccc3[nH]2)C(=O)N1,-8.253696901
O=C1CC[C@H](Sc2nc3cc(S(=O)(=O)F)ccc3[nH]2)C(=O)N1,-8.343370478
O=C1CC[C@@H](Sc2nc3cc(S(=O)(=O)F)ccc3[nH]2)C(=O)N1,-8.150119962
O=C1CC[C@H](Sc2nc3cccc(S(=O)(=O)F)c3[nH]2)C(=O)N1,-8.584051962
O=C1CC[C@@H](Sc2nc3cccc(S(=O)(=O)F)c3[nH]2)C(=O)N1,-8.296480769
O=C1CC[C@H](NC(=O)c2cc3c(nn2)CCOC3)C(=O)N1,-8.041549641
O=C1CC[C@@H](NC(=O)c2cc3c(nn2)CCOC3)C(=O)N1,-8.236273904
N#CN1CCC(c2cc(Nc3ccc4c(c3)CN([C@@H]3CCC(=O)NC3=O)C4=O)ncn2)CC1,-7.821291423
N#CN1CCC(c2cc(Nc3ccc4c(c3)CN([C@H]3CCC(=O)NC3=O)C4=O)ncn2)CC1,-7.900344978
Cc1nc2c(C)cc(C(=O)Nc3ccc([C@@H]4CCC(=O)NC4=O)cc3)cn2n1,-7.7653845
Cc1nc2c(C)cc(C(=O)Nc3ccc([C@H]4CCC(=O)NC4=O)cc3)cn2n1,-7.766352616
O=C1CC[C@H](NC(=O)c2ncsc2Cc2ccccc2)C(=O)N1,-7.983136297
O=C1CC[C@@H](NC(=O)c2ncsc2Cc2ccccc2)C(=O)N1,-7.983441081
N#CN1CCC[C@H](c2ccccc2C(=O)Nc2ccc3c(c2)C(=O)N([C@@H]2CCC(=O)NC2=O)C3)C1,-8.042755538
N#CN1CCC[C@@H](c2ccccc2C(=O)Nc2ccc3c(c2)C(=O)N([C@@H]2CCC(=O)NC2=O)C3)C1,-8.035818219
N#CN1CCC[C@H](c2ccccc2C(=O)Nc2ccc3c(c2)C(=O)N([C@H]2CCC(=O)NC2=O)C3)C1,-7.83537755
N#CN1CCC[C@@H](c2ccccc2C(=O)Nc2ccc3c(c2)C(=O)N([C@H]2CCC(=O)NC2=O)C3)C1,-7.92698743
O=C1CC[C@H](N2C(=O)c3ccc(NC(=O)C4CCCC4)cc3C2=O)C(=O)N1,-8.927445754
O=C1CC[C@@H](N2C(=O)c3ccc(NC(=O)C4CCCC4)cc3C2=O)C(=O)N1,-8.923843898
N#CC1(C(=O)Nc2ccc3c(c2)C(=O)N([C@@H]2CCC(=O)NC2=O)C3=O)CCCC1,-8.790659924
N#CC1(C(=O)Nc2ccc3c(c2)C(=O)N([C@H]2CCC(=O)NC2=O)C3=O)CCCC1,-8.789612437
CCn1nnc(C)c1C(=O)N[C@@H]1CCC(=O)NC1=O,-8.141678528
CCn1nnc(C)c1C(=O)N[C@H]1CCC(=O)NC1=O,-8.143494613
O=C1CC[C@H](c2ccc(NC(=O)CN3CCn4ccnc4C3)cc2)C(=O)N1,-7.851200726
O=C1CC[C@@H](c2ccc(NC(=O)CN3CCn4ccnc4C3)cc2)C(=O)N1,-7.844930934
Cc1ccc(N2CCCN(Cc3ccc4c(c3)CN([C@@H]3CCC(=O)NC3=O)C4=O)C2=O)cc1Cl,-7.86573528
Cc1ccc(N2CCCN(Cc3ccc4c(c3)CN([C@H]3CCC(=O)NC3=O)C4=O)C2=O)cc1Cl,-7.88428172
N#CN1CCC(c2ccsc2-c2ccc(C(=O)N[C@@H]3CCC(=O)NC3=O)cn2)CC1,-7.86354663
N#CN1CCC(c2ccsc2-c2ccc(C(=O)N[C@H]3CCC(=O)NC3=O)cn2)CC1,-8.197675493
N#CN1CCC(c2n[nH]cc2-c2cccc(C(=O)N[C@@H]3CCC(=O)NC3=O)c2)CC1,-7.88050959
N#CN1CCC(c2n[nH]cc2-c2cccc(C(=O)N[C@H]3CCC(=O)NC3=O)c2)CC1,-7.825163268
O=C1CC[C@H](NC(=O)c2ccnn3c(S(=O)(=O)F)cnc23)C(=O)N1,-9.102146863
O=C1CC[C@@H](NC(=O)c2ccnn3c(S(=O)(=O)F)cnc23)C(=O)N1,-9.316803028
O=C1CC[C@H](NC(=O)c2cc(S(=O)(=O)F)nn3ccnc23)C(=O)N1,-9.16629906
O=C1CC[C@@H](NC(=O)c2cc(S(=O)(=O)F)nn3ccnc23)C(=O)N1,-9.209429998
O=C1CC[C@H](NC(=O)c2ccnn3cc(OS(=O)(=O)F)nc23)C(=O)N1,-8.565722175
O=C1CC[C@@H](NC(=O)c2ccnn3cc(OS(=O)(=O)F)nc23)C(=O)N1,-8.773497698
O=C1CC[C@H](NC(=O)c2ccnn3ccnc23)C(=O)N1,-8.092067195
O=C1CC[C@@H](NC(=O)c2ccnn3ccnc23)C(=O)N1,-8.081351131
Cc1ccc(-n2ncc(C(=O)N[C@@H]3CCC(=O)NC3=O)c2C2CC2)cc1Cl,-7.774831503
Cc1ccc(-n2ncc(C(=O)N[C@H]3CCC(=O)NC3=O)c2C2CC2)cc1Cl,-7.756472216
O=C1CC[C@H](N2Cc3c(cccc3-c3ccnn3-c3ccccc3)C2=O)C(=O)N1,-7.799032792
O=C1CC[C@@H](N2Cc3c(cccc3-c3ccnn3-c3ccccc3)C2=O)C(=O)N1,-7.910580186
Cn1c(C(=O)N[C@@H]2CCC(=O)NC2=O)cc(=O)c2ccccc21,-7.835981693
Cn1c(C(=O)N[C@H]2CCC(=O)NC2=O)cc(=O)c2ccccc21,-7.835581167
O=C1CC[C@H](NC(=O)c2cc(=O)c3cc(F)cc(F)c3[nH]2)C(=O)N1,-8.388718597
O=C1CC[C@@H](NC(=O)c2cc(=O)c3cc(F)cc(F)c3[nH]2)C(=O)N1,-8.388220391
O=C1CCN(c2cccc(N[C@@H]3CCCc4ccc(S(=O)(=O)F)cc4C3)c2)C(=O)N1,-7.454787422
O=C1CCN(c2cccc(N[C@H]3CCCc4ccc(S(=O)(=O)F)cc4C3)c2)C(=O)N1,-7.588284737
Cc1cc(N[C@@H]2CCCc3c(O)cccc3C2)cc(N2CCC(=O)NC2=O)c1,-7.45375825
Cc1cc(N[C@H]2CCCc3c(O)cccc3C2)cc(N2CCC(=O)NC2=O)c1,-7.456372752
N#CN1CC[C@H](c2occc2-c2ccc3c(c2)C(=O)N([C@@H]2CCC(=O)NC2=O)C3)C1,-7.949810549
N#CN1CC[C@@H](c2occc2-c2ccc3c(c2)C(=O)N([C@@H]2CCC(=O)NC2=O)C3)C1,-7.93177441
N#CN1CC[C@H](c2occc2-c2ccc3c(c2)C(=O)N([C@H]2CCC(=O)NC2=O)C3)C1,-7.92311835
N#CN1CC[C@@H](c2occc2-c2ccc3c(c2)C(=O)N([C@H]2CCC(=O)NC2=O)C3)C1,-7.917313804
N#CN1CC[C@H](c2ccc3c(c2)O[C@H](c2nc(C(=O)N[C@@H]4CCC(=O)NC4=O)cs2)C3)C1,-7.94147233
N#CN1CC[C@@H](c2ccc3c(c2)O[C@H](c2nc(C(=O)N[C@@H]4CCC(=O)NC4=O)cs2)C3)C1,-7.865941769
N#CN1CC[C@H](c2ccc3c(c2)O[C@@H](c2nc(C(=O)N[C@@H]4CCC(=O)NC4=O)cs2)C3)C1,-7.803832848
N#CN1CC[C@@H](c2ccc3c(c2)O[C@@H](c2nc(C(=O)N[C@@H]4CCC(=O)NC4=O)cs2)C3)C1,-7.9350041
N#CN1CC[C@H](c2ccc3c(c2)O[C@H](c2nc(C(=O)N[C@H]4CCC(=O)NC4=O)cs2)C3)C1,-7.89583999
N#CN1CC[C@@H](c2ccc3c(c2)O[C@H](c2nc(C(=O)N[C@H]4CCC(=O)NC4=O)cs2)C3)C1,-7.885044915
N#CN1CC[C@H](c2ccc3c(c2)O[C@@H](c2nc(C(=O)N[C@H]4CCC(=O)NC4=O)cs2)C3)C1,-7.956102698
N#CN1CC[C@@H](c2ccc3c(c2)O[C@@H](c2nc(C(=O)N[C@H]4CCC(=O)NC4=O)cs2)C3)C1,-7.940821735
COc1ccc([C@@H]2CNC(=O)C2)cc1OC1CCCC1,-6.173968504
COc1ccc([C@H]2CNC(=O)C2)cc1OC1CCCC1,-6.07314458
Cc1c(C(=O)N[C@@H]2CCC(=O)NC2=O)sc2cc[nH]c(=O)c12,-7.980043104
Cc1c(C(=O)N[C@H]2CCC(=O)NC2=O)sc2cc[nH]c(=O)c12,-7.980244885
N#CN1CCC[C@H](c2cc(-c3nccnc3C(=O)N[C@@H]3CCC(=O)NC3=O)ccn2)C1,-8.729833349
N#CN1CCC[C@@H](c2cc(-c3nccnc3C(=O)N[C@@H]3CCC(=O)NC3=O)ccn2)C1,-8.493194708
N#CN1CCC[C@H](c2cc(-c3nccnc3C(=O)N[C@H]3CCC(=O)NC3=O)ccn2)C1,-8.548905988
N#CN1CCC[C@@H](c2cc(-c3nccnc3C(=O)N[C@H]3CCC(=O)NC3=O)ccn2)C1,-8.654630902
N#CN1CCC[C@H](c2nc(=O)n3c(c2C(=O)Nc2cccc([C@@H]4CCC(=O)NC4=O)c2)CCC3)C1,-7.946352818
N#CN1CCC[C@@H](c2nc(=O)n3c(c2C(=O)Nc2cccc([C@@H]4CCC(=O)NC4=O)c2)CCC3)C1,-7.962855998
N#CN1CCC[C@H](c2nc(=O)n3c(c2C(=O)Nc2cccc([C@H]4CCC(=O)NC4=O)c2)CCC3)C1,-7.92928938
N#CN1CCC[C@@H](c2nc(=O)n3c(c2C(=O)Nc2cccc([C@H]4CCC(=O)NC4=O)c2)CCC3)C1,-7.981208149
N#CN1CCC[C@H](c2ccc(-n3cc(C(=O)N[C@@H]4CCC(=O)NC4=O)cn3)cc2)C1,-8.010497776
N#CN1CCC[C@@H](c2ccc(-n3cc(C(=O)N[C@@H]4CCC(=O)NC4=O)cn3)cc2)C1,-8.0077057
N#CN1CCC[C@H](c2ccc(-n3cc(C(=O)N[C@H]4CCC(=O)NC4=O)cn3)cc2)C1,-8.034093118
N#CN1CCC[C@@H](c2ccc(-n3cc(C(=O)N[C@H]4CCC(=O)NC4=O)cn3)cc2)C1,-8.034424438
N#CN1CC[C@H](c2ccc(-c3cn[nH]c3C(=O)N[C@@H]3CCC(=O)NC3=O)cc2)C1,-8.068844335
N#CN1CC[C@@H](c2ccc(-c3cn[nH]c3C(=O)N[C@@H]3CCC(=O)NC3=O)cc2)C1,-8.039954188
N#CN1CC[C@H](c2ccc(-c3cn[nH]c3C(=O)N[C@H]3CCC(=O)NC3=O)cc2)C1,-8.068808522
N#CN1CC[C@@H](c2ccc(-c3cn[nH]c3C(=O)N[C@H]3CCC(=O)NC3=O)cc2)C1,-8.072320776
O=C1CC[C@H](n2cc(-c3csc(C(=O)NC4CC4)c3)nn2)C(=O)N1,-8.308542176
O=C1CC[C@@H](n2cc(-c3csc(C(=O)NC4CC4)c3)nn2)C(=O)N1,-8.308778224
CCn1ncnc1-c1ccc(C(=O)N[C@@H]2CCC(=O)NC2=O)cc1,-8.065060592
CCn1ncnc1-c1ccc(C(=O)N[C@H]2CCC(=O)NC2=O)cc1,-8.065314696
N#CN1CC[C@H](c2cccc(-c3ocnc3C(=O)N[C@@H]3CCC(=O)NC3=O)c2)C1,-8.238622379
N#CN1CC[C@@H](c2cccc(-c3ocnc3C(=O)N[C@@H]3CCC(=O)NC3=O)c2)C1,-8.198949321
N#CN1CC[C@H](c2cccc(-c3ocnc3C(=O)N[C@H]3CCC(=O)NC3=O)c2)C1,-8.203895675
N#CN1CC[C@@H](c2cccc(-c3ocnc3C(=O)N[C@H]3CCC(=O)NC3=O)c2)C1,-7.92434097
O=C1CC[C@H](N2C(=O)c3ccc(C(=O)N[C@@H]4CC45CCC5)cc3C2=O)C(=O)N1,-8.928371783
O=C1CC[C@@H](N2C(=O)c3ccc(C(=O)N[C@@H]4CC45CCC5)cc3C2=O)C(=O)N1,-8.928508988
O=C1CC[C@H](N2C(=O)c3ccc(C(=O)N[C@H]4CC45CCC5)cc3C2=O)C(=O)N1,-8.933572091
O=C1CC[C@@H](N2C(=O)c3ccc(C(=O)N[C@H]4CC45CCC5)cc3C2=O)C(=O)N1,-8.933589198
N#CN1CC[C@H](c2ccc(-c3ccc4c(c3)CN([C@@H]3CCC(=O)NC3=O)C4=O)s2)C1,-7.952768737
N#CN1CC[C@@H](c2ccc(-c3ccc4c(c3)CN([C@@H]3CCC(=O)NC3=O)C4=O)s2)C1,-7.922440459
N#CN1CC[C@H](c2ccc(-c3ccc4c(c3)CN([C@H]3CCC(=O)NC3=O)C4=O)s2)C1,-7.931682715
N#CN1CC[C@@H](c2ccc(-c3ccc4c(c3)CN([C@H]3CCC(=O)NC3=O)C4=O)s2)C1,-7.939906199
O=C1CC[C@H](NC(=O)c2cc3c(nc4ccccn43)s2)C(=O)N1,-7.941980447
O=C1CC[C@@H](NC(=O)c2cc3c(nc4ccccn43)s2)C(=O)N1,-7.941658748
CC1(C(=O)Nc2cccc3c2CN([C@@H]2CCC(=O)NC2=O)C3=O)CC1,-8.996627581
CC1(C(=O)Nc2cccc3c2CN([C@H]2CCC(=O)NC2=O)C3=O)CC1,-8.84253655
CC(C)[C@@H]1C[C@@H]1C(=O)Nc1cccc2c1CN([C@@H]1CCC(=O)NC1=O)C2=O,-7.906072764
CC(C)[C@H]1C[C@@H]1C(=O)Nc1cccc2c1CN([C@@H]1CCC(=O)NC1=O)C2=O,-7.930224922
CC(C)[C@@H]1C[C@H]1C(=O)Nc1cccc2c1CN([C@@H]1CCC(=O)NC1=O)C2=O,-7.920309741
CC(C)[C@H]1C[C@H]1C(=O)Nc1cccc2c1CN([C@@H]1CCC(=O)NC1=O)C2=O,-7.914835241
CC(C)[C@@H]1C[C@@H]1C(=O)Nc1cccc2c1CN([C@H]1CCC(=O)NC1=O)C2=O,-7.918916049
CC(C)[C@H]1C[C@@H]1C(=O)Nc1cccc2c1CN([C@H]1CCC(=O)NC1=O)C2=O,-7.944066219
CC(C)[C@@H]1C[C@H]1C(=O)Nc1cccc2c1CN([C@H]1CCC(=O)NC1=O)C2=O,-7.92409872
CC(C)[C@H]1C[C@H]1C(=O)Nc1cccc2c1CN([C@H]1CCC(=O)NC1=O)C2=O,-7.911705584
O=C1CC[C@H](N2Cc3c(NC(=O)[C@@H]4C[C@@H]4C(F)F)cccc3C2=O)C(=O)N1,-7.760315854
O=C1CC[C@@H](N2Cc3c(NC(=O)[C@@H]4C[C@@H]4C(F)F)cccc3C2=O)C(=O)N1,-7.877723156
O=C1CC[C@H](N2Cc3c(NC(=O)[C@H]4C[C@@H]4C(F)F)cccc3C2=O)C(=O)N1,-7.843097047
O=C1CC[C@@H](N2Cc3c(NC(=O)[C@H]4C[C@@H]4C(F)F)cccc3C2=O)C(=O)N1,-7.854315805
O=C1CC[C@H](N2Cc3c(NC(=O)[C@@H]4C[C@H]4C(F)F)cccc3C2=O)C(=O)N1,-7.814768316
O=C1CC[C@@H](N2Cc3c(NC(=O)[C@@H]4C[C@H]4C(F)F)cccc3C2=O)C(=O)N1,-7.811249339
O=C1CC[C@H](N2Cc3c(NC(=O)[C@H]4C[C@H]4C(F)F)cccc3C2=O)C(=O)N1,-7.868197859
O=C1CC[C@@H](N2Cc3c(NC(=O)[C@H]4C[C@H]4C(F)F)cccc3C2=O)C(=O)N1,-7.753534083
C[C@]1(C(F)F)C[C@@H]1C(=O)Nc1cccc2c1CN([C@@H]1CCC(=O)NC1=O)C2=O,-7.833827636
C[C@@]1(C(F)F)C[C@@H]1C(=O)Nc1cccc2c1CN([C@@H]1CCC(=O)NC1=O)C2=O,-7.768713191
C[C@]1(C(F)F)C[C@H]1C(=O)Nc1cccc2c1CN([C@@H]1CCC(=O)NC1=O)C2=O,-7.77564699
C[C@@]1(C(F)F)C[C@H]1C(=O)Nc1cccc2c1CN([C@@H]1CCC(=O)NC1=O)C2=O,-7.795441774
C[C@]1(C(F)F)C[C@@H]1C(=O)Nc1cccc2c1CN([C@H]1CCC(=O)NC1=O)C2=O,-7.831177705
C[C@@]1(C(F)F)C[C@@H]1C(=O)Nc1cccc2c1CN([C@H]1CCC(=O)NC1=O)C2=O,-7.759976351
C[C@]1(C(F)F)C[C@H]1C(=O)Nc1cccc2c1CN([C@H]1CCC(=O)NC1=O)C2=O,-7.767394007
C[C@@]1(C(F)F)C[C@H]1C(=O)Nc1cccc2c1CN([C@H]1CCC(=O)NC1=O)C2=O,-7.829292701
N#CN1CCC[C@H](c2cc(Nc3ccc4c(c3)CN([C@@H]3CCC(=O)NC3=O)C4=O)ncn2)C1,-7.928538102
N#CN1CCC[C@@H](c2cc(Nc3ccc4c(c3)CN([C@@H]3CCC(=O)NC3=O)C4=O)ncn2)C1,-7.821391896
N#CN1CCC[C@H](c2cc(Nc3ccc4c(c3)CN([C@H]3CCC(=O)NC3=O)C4=O)ncn2)C1,-7.970608246
N#CN1CCC[C@@H](c2cc(Nc3ccc4c(c3)CN([C@H]3CCC(=O)NC3=O)C4=O)ncn2)C1,-7.977957897
O=C1CC[C@H](N2Cc3cc(S(=O)(=O)F)c(-c4ccc(=O)[nH]c4)cc3C2=O)C(=O)N1,-8.509470725
O=C1CC[C@@H](N2Cc3cc(S(=O)(=O)F)c(-c4ccc(=O)[nH]c4)cc3C2=O)C(=O)N1,-8.509165533
O=C1CC[C@H](N2Cc3ccc(-c4c[nH]c(=O)cc4S(=O)(=O)F)cc3C2=O)C(=O)N1,-8.065001063
O=C1CC[C@@H](N2Cc3ccc(-c4c[nH]c(=O)cc4S(=O)(=O)F)cc3C2=O)C(=O)N1,-8.559917318
O=C1CC[C@H](N2Cc3ccc(-c4ccc(=O)[nH]c4S(=O)(=O)F)cc3C2=O)C(=O)N1,-8.6197105
O=C1CC[C@@H](N2Cc3ccc(-c4ccc(=O)[nH]c4S(=O)(=O)F)cc3C2=O)C(=O)N1,-8.647604541
O=C1CC[C@H](N2Cc3c(cc(-c4ccc(=O)[nH]c4)cc3S(=O)(=O)F)C2=O)C(=O)N1,-8.348161647
O=C1CC[C@@H](N2Cc3c(cc(-c4ccc(=O)[nH]c4)cc3S(=O)(=O)F)C2=O)C(=O)N1,-8.554588972
O=C1CC[C@H](N2Cc3ccc(-c4c[nH]c(=O)c(S(=O)(=O)F)c4)cc3C2=O)C(=O)N1,-8.347376426
O=C1CC[C@@H](N2Cc3ccc(-c4c[nH]c(=O)c(S(=O)(=O)F)c4)cc3C2=O)C(=O)N1,-8.647082795
O=C1CC[C@H](N2Cc3ccc(-c4c[nH]c(=O)c(OS(=O)(=O)F)c4)cc3C2=O)C(=O)N1,-8.107323039
O=C1CC[C@@H](N2Cc3ccc(-c4c[nH]c(=O)c(OS(=O)(=O)F)c4)cc3C2=O)C(=O)N1,-8.084801494
O=C1CC[C@H](N2Cc3ccc(-c4c[nH]c(=O)cc4OS(=O)(=O)F)cc3C2=O)C(=O)N1,-8.041747583
O=C1CC[C@@H](N2Cc3ccc(-c4c[nH]c(=O)cc4OS(=O)(=O)F)cc3C2=O)C(=O)N1,-8.084716887
O=C1CC[C@H](N2Cc3ccc(-c4ccc(=O)[nH]c4OS(=O)(=O)F)cc3C2=O)C(=O)N1,-8.046483514
O=C1CC[C@@H](N2Cc3ccc(-c4ccc(=O)[nH]c4OS(=O)(=O)F)cc3C2=O)C(=O)N1,-8.032672211
Cn1cc(-c2ccc3c(c2)C(=O)N([C@@H]2CCC(=O)NC2=O)C3)ccc1=O,-7.961508346
Cn1cc(-c2ccc3c(c2)C(=O)N([C@H]2CCC(=O)NC2=O)C3)ccc1=O,-7.965834738
N#CN1CCC[C@H](c2ccc(-c3cccc4c3CN([C@@H]3CCC(=O)NC3=O)C4=O)cc2)C1,-7.90867464
N#CN1CCC[C@@H](c2ccc(-c3cccc4c3CN([C@@H]3CCC(=O)NC3=O)C4=O)cc2)C1,-7.894724297
N#CN1CCC[C@H](c2ccc(-c3cccc4c3CN([C@H]3CCC(=O)NC3=O)C4=O)cc2)C1,-7.915197484
N#CN1CCC[C@@H](c2ccc(-c3cccc4c3CN([C@H]3CCC(=O)NC3=O)C4=O)cc2)C1,-7.918236339
C[C@H](C(=O)Nc1ccc([C@@H]2CCC(=O)NC2=O)cc1)c1noc2ccccc12,-7.823274255
C[C@@H](C(=O)Nc1ccc([C@@H]2CCC(=O)NC2=O)cc1)c1noc2ccccc12,-7.823433564
C[C@H](C(=O)Nc1ccc([C@H]2CCC(=O)NC2=O)cc1)c1noc2ccccc12,-7.821665657
C[C@@H](C(=O)Nc1ccc([C@H]2CCC(=O)NC2=O)cc1)c1noc2ccccc12,-7.810471693
O=C1CC[C@H](NC(=O)c2ccn(Cc3cc(Cl)ccc3Cl)n2)C(=O)N1,-7.71017139
O=C1CC[C@@H](NC(=O)c2ccn(Cc3cc(Cl)ccc3Cl)n2)C(=O)N1,-7.797355203
Cc1nsc2ncc(C(=O)N[C@@H]3CCC(=O)NC3=O)cc12,-8.293144279
Cc1nsc2ncc(C(=O)N[C@H]3CCC(=O)NC3=O)cc12,-8.293332661
O=C1CC[C@H](NC(=O)c2cnc3snc(S(=O)(=O)F)c3c2)C(=O)N1,-9.298207063
O=C1CC[C@@H](NC(=O)c2cnc3snc(S(=O)(=O)F)c3c2)C(=O)N1,-9.601515062
Cc1scc(Cl)c1C(=O)N[C@@H]1CCC(=O)NC1=O,-7.919794842
Cc1scc(Cl)c1C(=O)N[C@H]1CCC(=O)NC1=O,-7.918417337
CC(=O)Nc1cscc1C(=O)N[C@@H]1CCC(=O)NC1=O,-8.088838519
CC(=O)Nc1cscc1C(=O)N[C@H]1CCC(=O)NC1=O,-8.08841617
CC(=O)Nc1sccc1C(=O)N[C@@H]1CCC(=O)NC1=O,-8.026297313
CC(=O)Nc1sccc1C(=O)N[C@H]1CCC(=O)NC1=O,-8.026736548
COc1c(C(=O)N[C@@H]2CCC(=O)NC2=O)csc1Cl,-8.008994331
COc1c(C(=O)N[C@H]2CCC(=O)NC2=O)csc1Cl,-8.008864482
CS(=O)(=O)c1sccc1C(=O)N[C@@H]1CCC(=O)NC1=O,-7.983644521
CS(=O)(=O)c1sccc1C(=O)N[C@H]1CCC(=O)NC1=O,-7.984562776
O=C1CC[C@H](NC(=O)c2csc(S(=O)(=O)F)c2)C(=O)N1,-8.39601588
O=C1CC[C@@H](NC(=O)c2csc(S(=O)(=O)F)c2)C(=O)N1,-8.666427443
O=C1CC[C@H](NC(=O)c2csc(C(F)(F)C(F)(F)F)c2)C(=O)N1,-8.582037177
O=C1CC[C@@H](NC(=O)c2csc(C(F)(F)C(F)(F)F)c2)C(=O)N1,-8.312802941
N#CN1CC[C@H](c2cccc3c2CCC[C@@H]3C(=O)Nc2cccc([C@@H]3CCC(=O)NC3=O)c2)C1,-7.65273673
N#CN1CC[C@@H](c2cccc3c2CCC[C@@H]3C(=O)Nc2cccc([C@@H]3CCC(=O)NC3=O)c2)C1,-7.717165965
N#CN1CC[C@H](c2cccc3c2CCC[C@H]3C(=O)Nc2cccc([C@@H]3CCC(=O)NC3=O)c2)C1,-7.644160334
N#CN1CC[C@@H](c2cccc3c2CCC[C@H]3C(=O)Nc2cccc([C@@H]3CCC(=O)NC3=O)c2)C1,-7.685032487
N#CN1CC[C@H](c2cccc3c2CCC[C@@H]3C(=O)Nc2cccc([C@H]3CCC(=O)NC3=O)c2)C1,-7.718193034
N#CN1CC[C@@H](c2cccc3c2CCC[C@@H]3C(=O)Nc2cccc([C@H]3CCC(=O)NC3=O)c2)C1,-7.71663384
N#CN1CC[C@H](c2cccc3c2CCC[C@H]3C(=O)Nc2cccc([C@H]3CCC(=O)NC3=O)c2)C1,-7.804008442
N#CN1CC[C@@H](c2cccc3c2CCC[C@H]3C(=O)Nc2cccc([C@H]3CCC(=O)NC3=O)c2)C1,-7.678068598
N#Cc1cccc(-c2n[nH]cc2C(=O)Nc2ccc([C@@H]3CCC(=O)NC3=O)cc2)c1,-7.742592771
N#Cc1cccc(-c2n[nH]cc2C(=O)Nc2ccc([C@H]3CCC(=O)NC3=O)cc2)c1,-7.74412748
N#CN1CCC[C@H](c2ccncc2-c2ccc(C(=O)N[C@@H]3CCC(=O)NC3=O)cc2)C1,-7.845790163
N#CN1CCC[C@@H](c2ccncc2-c2ccc(C(=O)N[C@@H]3CCC(=O)NC3=O)cc2)C1,-7.939813478
N#CN1CCC[C@H](c2ccncc2-c2ccc(C(=O)N[C@H]3CCC(=O)NC3=O)cc2)C1,-7.895633827
N#CN1CCC[C@@H](c2ccncc2-c2ccc(C(=O)N[C@H]3CCC(=O)NC3=O)cc2)C1,-8.024200392
N#CN1CC[C@H](c2cccc3c2OCc2c(C(=O)N[C@@H]4CCC(=O)NC4=O)ncn2-3)C1,-8.354024445
N#CN1CC[C@@H](c2cccc3c2OCc2c(C(=O)N[C@@H]4CCC(=O)NC4=O)ncn2-3)C1,-8.22926815
N#CN1CC[C@H](c2cccc3c2OCc2c(C(=O)N[C@H]4CCC(=O)NC4=O)ncn2-3)C1,-8.552657382
N#CN1CC[C@@H](c2cccc3c2OCc2c(C(=O)N[C@H]4CCC(=O)NC4=O)ncn2-3)C1,-8.338581328
O=C1CC[C@H](n2cc(C[C@H](O)C3CC3)nn2)C(=O)N1,-8.275889665
O=C1CC[C@@H](n2cc(C[C@H](O)C3CC3)nn2)C(=O)N1,-8.298635515
O=C1CC[C@H](n2cc(C[C@@H](O)C3CC3)nn2)C(=O)N1,-8.252296218
O=C1CC[C@@H](n2cc(C[C@@H](O)C3CC3)nn2)C(=O)N1,-8.276773666
COC1(c2ccc(C(=O)N[C@@H]3CCC(=O)NC3=O)cn2)CCOCC1,-8.097947587
COC1(c2ccc(C(=O)N[C@H]3CCC(=O)NC3=O)cn2)CCOCC1,-8.111767976
Cc1nc(C(=O)Nc2ccc([C@@H]3CCC(=O)NC3=O)cc2)c2cc[nH]c2n1,-8.134785829
Cc1nc(C(=O)Nc2ccc([C@H]3CCC(=O)NC3=O)cc2)c2cc[nH]c2n1,-8.131314286
O=C1CC[C@H](N2CCc3cc(C4CCNCC4)ccc32)C(=O)N1,-7.760560957
O=C1CC[C@@H](N2CCc3cc(C4CCNCC4)ccc32)C(=O)N1,-7.769349107
O=C1CC[C@H](N2CCc3cc(C4CCNCC4)c(F)cc32)C(=O)N1,-7.88042257
O=C1CC[C@@H](N2CCc3cc(C4CCNCC4)c(F)cc32)C(=O)N1,-7.870112368
N#CN1CCC(c2scnc2-c2ccc3c(c2)CN([C@@H]2CCC(=O)NC2=O)C3=O)CC1,-7.933430251
N#CN1CCC(c2scnc2-c2ccc3c(c2)CN([C@H]2CCC(=O)NC2=O)C3=O)CC1,-7.91411046
O=C1CC[C@H](N2CCc3c(N4CCCCC4)cccc32)C(=O)N1,-7.731733127
O=C1CC[C@@H](N2CCc3c(N4CCCCC4)cccc32)C(=O)N1,-7.681539095
N#CN1CCC[C@H](c2cncc(-c3cccc4c3CN([C@@H]3CCC(=O)NC3=O)C4=O)n2)C1,-8.137067303
N#CN1CCC[C@@H](c2cncc(-c3cccc4c3CN([C@@H]3CCC(=O)NC3=O)C4=O)n2)C1,-8.129588518
N#CN1CCC[C@H](c2cncc(-c3cccc4c3CN([C@H]3CCC(=O)NC3=O)C4=O)n2)C1,-8.057839548
N#CN1CCC[C@@H](c2cncc(-c3cccc4c3CN([C@H]3CCC(=O)NC3=O)C4=O)n2)C1,-8.264520792
Cc1sc(C2CCNCC2)nc1C(=O)N[C@@H]1CCC(=O)NC1=O,-7.805999632
Cc1sc(C2CCNCC2)nc1C(=O)N[C@H]1CCC(=O)NC1=O,-7.803329683
O=C1CC[C@H](NC(=O)c2ccc(-n3cncn3)c(F)c2)C(=O)N1,-8.189237432
O=C1CC[C@@H](NC(=O)c2ccc(-n3cncn3)c(F)c2)C(=O)N1,-8.189347719
N#CN1CCC[C@H](c2cnc3c(Nc4ccc(N5CCC(=O)NC5=O)cc4)ccnn23)C1,-7.537600229
N#CN1CCC[C@@H](c2cnc3c(Nc4ccc(N5CCC(=O)NC5=O)cc4)ccnn23)C1,-7.538935621
O=C1CCN(c2ccc(OCc3ccc(CN4CCOCC4)cc3)cc2)C(=O)N1,-7.219625099
N#CN1CCC[C@H](c2cnn3c2OC[C@H](NC(=O)c2cccc(N4CCC(=O)NC4=O)c2)C3)C1,-7.399569726
N#CN1CCC[C@@H](c2cnn3c2OC[C@H](NC(=O)c2cccc(N4CCC(=O)NC4=O)c2)C3)C1,-7.634450301
N#CN1CCC[C@H](c2cnn3c2OC[C@@H](NC(=O)c2cccc(N4CCC(=O)NC4=O)c2)C3)C1,-7.585674882
N#CN1CCC[C@@H](c2cnn3c2OC[C@@H](NC(=O)c2cccc(N4CCC(=O)NC4=O)c2)C3)C1,-7.432468315
N#CN1CC[C@H](c2nc(-c3ccc4c(c3)CN([C@@H]3CCC(=O)NC3=O)C4=O)cc(C3CC3)n2)C1,-7.982201548
N#CN1CC[C@@H](c2nc(-c3ccc4c(c3)CN([C@@H]3CCC(=O)NC3=O)C4=O)cc(C3CC3)n2)C1,-7.978355691
N#CN1CC[C@H](c2nc(-c3ccc4c(c3)CN([C@H]3CCC(=O)NC3=O)C4=O)cc(C3CC3)n2)C1,-7.975526027
N#CN1CC[C@@H](c2nc(-c3ccc4c(c3)CN([C@H]3CCC(=O)NC3=O)C4=O)cc(C3CC3)n2)C1,-7.976490551
O=C1CC[C@H](Nc2ccc(NC(=O)C3=COc4ccccc4O3)cc2)C(=O)N1,-7.955637632
O=C1CC[C@@H](Nc2ccc(NC(=O)C3=COc4ccccc4O3)cc2)C(=O)N1,-7.955001025
CCO[C@H](C(=O)Nc1cccc(N[C@@H]2CCC(=O)NC2=O)c1)C1CCOCC1,-7.787231502
CCO[C@@H](C(=O)Nc1cccc(N[C@@H]2CCC(=O)NC2=O)c1)C1CCOCC1,-7.91549661
CCO[C@H](C(=O)Nc1cccc(N[C@H]2CCC(=O)NC2=O)c1)C1CCOCC1,-7.896265324
CCO[C@@H](C(=O)Nc1cccc(N[C@H]2CCC(=O)NC2=O)c1)C1CCOCC1,-7.995097483
O=C1CC[C@H](N2Cc3c(cccc3-c3cnn4c3CNCC4)C2=O)C(=O)N1,-7.851655937
O=C1CC[C@@H](N2Cc3c(cccc3-c3cnn4c3CNCC4)C2=O)C(=O)N1,-7.848794731
O=C1CC[C@H](N2CCc3ccccc32)C(=O)N1,-7.794538294
O=C1CC[C@@H](N2CCc3ccccc32)C(=O)N1,-7.794160203
O=C1CC[C@H](NC(=O)c2cc3[nH]ccc3nn2)C(=O)N1,-7.872095307
O=C1CC[C@@H](NC(=O)c2cc3[nH]ccc3nn2)C(=O)N1,-8.437464594
O=C1CC[C@H](NC(=O)c2cc(C3CCCCC3)on2)C(=O)N1,-7.906966549
O=C1CC[C@@H](NC(=O)c2cc(C3CCCCC3)on2)C(=O)N1,-7.906268456
O=C1CC[C@H](N2Cc3c(cccc3-c3ccc(OCC4CC4)cc3)C2=O)C(=O)N1,-7.839481063
O=C1CC[C@@H](N2Cc3c(cccc3-c3ccc(OCC4CC4)cc3)C2=O)C(=O)N1,-7.837502427
N#CN1CCC(c2cccc(C(=O)Nc3ccc4c(c3)C(=O)N([C@@H]3CCC(=O)NC3=O)C4)n2)CC1,-7.904444008
N#CN1CCC(c2cccc(C(=O)Nc3ccc4c(c3)C(=O)N([C@H]3CCC(=O)NC3=O)C4)n2)CC1,-7.894535288
C[C@H](C(=O)Nc1cccc2c1C(=O)N([C@@H]1CCC(=O)NC1=O)C2)C1CCC1,-7.682062569
C[C@@H](C(=O)Nc1cccc2c1C(=O)N([C@@H]1CCC(=O)NC1=O)C2)C1CCC1,-7.623493695
C[C@H](C(=O)Nc1cccc2c1C(=O)N([C@H]1CCC(=O)NC1=O)C2)C1CCC1,-7.888301531
C[C@@H](C(=O)Nc1cccc2c1C(=O)N([C@H]1CCC(=O)NC1=O)C2)C1CCC1,-7.892622631
N#CN1CC[C@H](c2cnn(Cc3cn([C@@H]4CCC(=O)NC4=O)nn3)c2)C1,-8.404682667
N#CN1CC[C@@H](c2cnn(Cc3cn([C@@H]4CCC(=O)NC4=O)nn3)c2)C1,-8.140038068
N#CN1CC[C@H](c2cnn(Cc3cn([C@H]4CCC(=O)NC4=O)nn3)c2)C1,-7.983960086
N#CN1CC[C@@H](c2cnn(Cc3cn([C@H]4CCC(=O)NC4=O)nn3)c2)C1,-8.357239114
O=C1CC[C@H](n2cc(Cn3ccccc3=O)nn2)C(=O)N1,-8.259259002
O=C1CC[C@@H](n2cc(Cn3ccccc3=O)nn2)C(=O)N1,-8.260764845
O=C1CC[C@H](c2ccc(NC(=O)c3ncnc4c3ccn4C3CC3)cc2)C(=O)N1,-7.735203931
O=C1CC[C@@H](c2ccc(NC(=O)c3ncnc4c3ccn4C3CC3)cc2)C(=O)N1,-7.738104239
O=C1CC[C@H](NC(=O)c2ccc(Nc3nccs3)cc2F)C(=O)N1,-7.814459403
O=C1CC[C@@H](NC(=O)c2ccc(Nc3nccs3)cc2F)C(=O)N1,-7.812493014
C[C@@H]1c2nc(Cl)nc(N(C)[C@@H]3CCC(=O)NC3=O)c2CS1(=O)=O,-8.225510951
C[C@H]1c2nc(Cl)nc(N(C)[C@@H]3CCC(=O)NC3=O)c2CS1(=O)=O,-8.291120399
C[C@@H]1c2nc(Cl)nc(N(C)[C@H]3CCC(=O)NC3=O)c2CS1(=O)=O,-8.289828463
C[C@H]1c2nc(Cl)nc(N(C)[C@H]3CCC(=O)NC3=O)c2CS1(=O)=O,-8.222970184
O=C1CC[C@H](c2ccc(NC(=O)c3cncc(OCC(F)F)c3)cc2)C(=O)N1,-7.905759931
O=C1CC[C@@H](c2ccc(NC(=O)c3cncc(OCC(F)F)c3)cc2)C(=O)N1,-7.95614329
N#CN1CCC(c2ccsc2-c2ccc3c(c2)CN([C@@H]2CCC(=O)NC2=O)C3=O)CC1,-7.917338751
N#CN1CCC(c2ccsc2-c2ccc3c(c2)CN([C@H]2CCC(=O)NC2=O)C3=O)CC1,-8.010578353
Cn1c(C(=O)N[C@@H]2CCC(=O)NC2=O)cc2c1CCNC2,-7.86210961
Cn1c(C(=O)N[C@H]2CCC(=O)NC2=O)cc2c1CCNC2,-7.864943244
Cc1noc2nc(C(C)C)cc(C(=O)N[C@@H]3CCC(=O)NC3=O)c12,-7.816209042
Cc1noc2nc(C(C)C)cc(C(=O)N[C@H]3CCC(=O)NC3=O)c12,-7.817056563
O=C1CC[C@H](NC(=O)c2cc(S(=O)(=O)F)nc3oncc23)C(=O)N1,-9.709108654
O=C1CC[C@@H](NC(=O)c2cc(S(=O)(=O)F)nc3oncc23)C(=O)N1,-9.802480948
CCc1cc(C(=O)N[C@@H]2CCC(=O)NC2=O)c2c(CC(C)(C)C)noc2n1,-7.771047217
CCc1cc(C(=O)N[C@H]2CCC(=O)NC2=O)c2c(CC(C)(C)C)noc2n1,-7.786107367
CCn1cnc2c(C(=O)N[C@@H]3CCC(=O)NC3=O)ncnc21,-8.382310027
CCn1cnc2c(C(=O)N[C@H]3CCC(=O)NC3=O)ncnc21,-8.381973058
N#CN1CCC[C@H](c2ccccc2-c2cccc(C(=O)N[C@@H]3CCC(=O)NC3=O)n2)C1,-8.09034356
N#CN1CCC[C@@H](c2ccccc2-c2cccc(C(=O)N[C@@H]3CCC(=O)NC3=O)n2)C1,-8.102983588
N#CN1CCC[C@H](c2ccccc2-c2cccc(C(=O)N[C@H]3CCC(=O)NC3=O)n2)C1,-8.113113278
N#CN1CCC[C@@H](c2ccccc2-c2cccc(C(=O)N[C@H]3CCC(=O)NC3=O)n2)C1,-8.080739052
N#CN1CC[C@H](c2ccnc(-c3ccc4c(c3)CN([C@@H]3CCC(=O)NC3=O)C4=O)n2)C1,-7.98676467
N#CN1CC[C@@H](c2ccnc(-c3ccc4c(c3)CN([C@@H]3CCC(=O)NC3=O)C4=O)n2)C1,-8.103364739
N#CN1CC[C@H](c2ccnc(-c3ccc4c(c3)CN([C@H]3CCC(=O)NC3=O)C4=O)n2)C1,-7.977111749
N#CN1CC[C@@H](c2ccnc(-c3ccc4c(c3)CN([C@H]3CCC(=O)NC3=O)C4=O)n2)C1,-8.102798975
N#CN1CC[C@H](c2ncc3n2[C@H](C(=O)Nc2ccc([C@@H]4CCC(=O)NC4=O)cc2)CCC3)C1,-7.298344801
N#CN1CC[C@@H](c2ncc3n2[C@H](C(=O)Nc2ccc([C@@H]4CCC(=O)NC4=O)cc2)CCC3)C1,-7.261365916
N#CN1CC[C@H](c2ncc3n2[C@@H](C(=O)Nc2ccc([C@@H]4CCC(=O)NC4=O)cc2)CCC3)C1,-7.655769815
N#CN1CC[C@@H](c2ncc3n2[C@@H](C(=O)Nc2ccc([C@@H]4CCC(=O)NC4=O)cc2)CCC3)C1,-7.691494925
N#CN1CC[C@H](c2ncc3n2[C@H](C(=O)Nc2ccc([C@H]4CCC(=O)NC4=O)cc2)CCC3)C1,-7.782260012
N#CN1CC[C@@H](c2ncc3n2[C@H](C(=O)Nc2ccc([C@H]4CCC(=O)NC4=O)cc2)CCC3)C1,-7.773283547
N#CN1CC[C@H](c2ncc3n2[C@@H](C(=O)Nc2ccc([C@H]4CCC(=O)NC4=O)cc2)CCC3)C1,-7.654450021
N#CN1CC[C@@H](c2ncc3n2[C@@H](C(=O)Nc2ccc([C@H]4CCC(=O)NC4=O)cc2)CCC3)C1,-7.68848698
NC1(CNC(=O)c2ccc3c(c2)CN([C@@H]2CCC(=O)NC2=O)C3=O)CCCCC1,-7.882752055
NC1(CNC(=O)c2ccc3c(c2)CN([C@H]2CCC(=O)NC2=O)C3=O)CCCCC1,-7.883991533
N[C@@H]1CCC[C@H](CNC(=O)c2ccc3c(c2)CN([C@@H]2CCC(=O)NC2=O)C3=O)C1,-7.928570451
N[C@H]1CCC[C@H](CNC(=O)c2ccc3c(c2)CN([C@@H]2CCC(=O)NC2=O)C3=O)C1,-7.933882117
N[C@@H]1CCC[C@@H](CNC(=O)c2ccc3c(c2)CN([C@@H]2CCC(=O)NC2=O)C3=O)C1,-7.914288242
N[C@H]1CCC[C@@H](CNC(=O)c2ccc3c(c2)CN([C@@H]2CCC(=O)NC2=O)C3=O)C1,-7.93618002
N[C@@H]1CCC[C@H](CNC(=O)c2ccc3c(c2)CN([C@H]2CCC(=O)NC2=O)C3=O)C1,-7.958606689
N[C@H]1CCC[C@H](CNC(=O)c2ccc3c(c2)CN([C@H]2CCC(=O)NC2=O)C3=O)C1,-7.932101876
N[C@@H]1CCC[C@@H](CNC(=O)c2ccc3c(c2)CN([C@H]2CCC(=O)NC2=O)C3=O)C1,-7.951998422
N[C@H]1CCC[C@@H](CNC(=O)c2ccc3c(c2)CN([C@H]2CCC(=O)NC2=O)C3=O)C1,-7.965050724
O=C1CC[C@H](c2cccc(NC(=O)c3c(C(F)F)nc4cnccn34)c2)C(=O)N1,-8.348228418
O=C1CC[C@@H](c2cccc(NC(=O)c3c(C(F)F)nc4cnccn34)c2)C(=O)N1,-8.377917795
CCn1cc(Oc2cnc(C(=O)N[C@@H]3CCC(=O)NC3=O)cn2)cn1,-8.435706437
CCn1cc(Oc2cnc(C(=O)N[C@H]3CCC(=O)NC3=O)cn2)cn1,-8.439697982
O=C1CC[C@H](c2ccc(NC(=O)c3nncc4c3CCCC4)cc2)C(=O)N1,-8.050253213
O=C1CC[C@@H](c2ccc(NC(=O)c3nncc4c3CCCC4)cc2)C(=O)N1,-8.049347423
N#CN1CC[C@H](c2cnn(C3CC3)c2-c2ccc3c(c2)CN([C@@H]2CCC(=O)NC2=O)C3=O)C1,-7.981881647
N#CN1CC[C@@H](c2cnn(C3CC3)c2-c2ccc3c(c2)CN([C@@H]2CCC(=O)NC2=O)C3=O)C1,-7.993771426
N#CN1CC[C@H](c2cnn(C3CC3)c2-c2ccc3c(c2)CN([C@H]2CCC(=O)NC2=O)C3=O)C1,-7.991403515
N#CN1CC[C@@H](c2cnn(C3CC3)c2-c2ccc3c(c2)CN([C@H]2CCC(=O)NC2=O)C3=O)C1,-7.97919411
N#Cc1ccccc1OC1(C(=O)Nc2cccc([C@@H]3CCC(=O)NC3=O)c2)CC1,-7.610339962
N#Cc1ccccc1OC1(C(=O)Nc2cccc([C@H]3CCC(=O)NC3=O)c2)CC1,-7.611015528
N#CN1CCC[C@H](c2ccccc2NC(=O)c2ccc3c(c2)C(=O)N([C@@H]2CCC(=O)NC2=O)C3)C1,-7.691284034
N#CN1CCC[C@@H](c2ccccc2NC(=O)c2ccc3c(c2)C(=O)N([C@@H]2CCC(=O)NC2=O)C3)C1,-8.078023233
N#CN1CCC[C@H](c2ccccc2NC(=O)c2ccc3c(c2)C(=O)N([C@H]2CCC(=O)NC2=O)C3)C1,-7.970423134
N#CN1CCC[C@@H](c2ccccc2NC(=O)c2ccc3c(c2)C(=O)N([C@H]2CCC(=O)NC2=O)C3)C1,-7.908664521
Cc1ccc(-c2cnc(C(=O)N[C@@H]3CCC(=O)NC3=O)nc2)cc1,-8.030808594
Cc1ccc(-c2cnc(C(=O)N[C@H]3CCC(=O)NC3=O)nc2)cc1,-8.030809688
N#CN1CC[C@H](c2cc3c(c(-c4ccc5c(c4)CN([C@@H]4CCC(=O)NC4=O)C5=O)c2)OCCCO3)C1,-7.88960006
N#CN1CC[C@@H](c2cc3c(c(-c4ccc5c(c4)CN([C@@H]4CCC(=O)NC4=O)C5=O)c2)OCCCO3)C1,-7.89572466
N#CN1CC[C@H](c2cc3c(c(-c4ccc5c(c4)CN([C@H]4CCC(=O)NC4=O)C5=O)c2)OCCCO3)C1,-7.90661963
N#CN1CC[C@@H](c2cc3c(c(-c4ccc5c(c4)CN([C@H]4CCC(=O)NC4=O)C5=O)c2)OCCCO3)C1,-7.92471586
NCCCN1CCN(c2ccc3c(c2)C(=O)N([C@@H]2CCC(=O)NC2=O)C3=O)CC1,-8.396145373
NCCCN1CCN(c2ccc3c(c2)C(=O)N([C@H]2CCC(=O)NC2=O)C3=O)CC1,-8.46265692
CC(=O)N1CCN(c2cc3c(cc2F)C(=O)N([C@@H]2CCC(=O)NC2=O)C3=O)CC1,-8.81967096
CC(=O)N1CCN(c2cc3c(cc2F)C(=O)N([C@H]2CCC(=O)NC2=O)C3=O)CC1,-8.830484955
O=C1CC[C@H](N2C(=O)c3ccc(N4CCNCC4)cc3C2=O)C(=O)N1,-7.832086216
O=C1CC[C@@H](N2C(=O)c3ccc(N4CCNCC4)cc3C2=O)C(=O)N1,-7.832314711
CN1CCN(c2ccc3c(c2)C(=O)N([C@@H]2CCC(=O)NC2=O)C3=O)CC1,-8.239731983
CN1CCN(c2ccc3c(c2)C(=O)N([C@H]2CCC(=O)NC2=O)C3=O)CC1,-8.236943518
O=C1CC[C@H](N2C(=O)c3cc(F)c(N4CCNCC4)cc3C2=O)C(=O)N1,-8.630544975
O=C1CC[C@@H](N2C(=O)c3cc(F)c(N4CCNCC4)cc3C2=O)C(=O)N1,-8.641517535
CN1CCN(c2cc3c(cc2F)C(=O)N([C@@H]2CCC(=O)NC2=O)C3=O)CC1,-8.197400005
CN1CCN(c2cc3c(cc2F)C(=O)N([C@H]2CCC(=O)NC2=O)C3=O)CC1,-8.198865603
CC(=O)N1CCN(c2ccc3c(c2)C(=O)N([C@@H]2CCC(=O)NC2=O)C3=O)CC1,-8.491950349
CC(=O)N1CCN(c2ccc3c(c2)C(=O)N([C@H]2CCC(=O)NC2=O)C3=O)CC1,-7.794367668
NCCN1CCN(c2ccc3c(c2)C(=O)N([C@@H]2CCC(=O)NC2=O)C3=O)CC1,-8.486080066
NCCN1CCN(c2ccc3c(c2)C(=O)N([C@H]2CCC(=O)NC2=O)C3=O)CC1,-8.453201297
N#CN1CCC[C@H](c2ccccc2-c2ccc3c(c2)CN([C@@H]2CCC(=O)NC2=O)C3=O)C1,-7.92231889
N#CN1CCC[C@@H](c2ccccc2-c2ccc3c(c2)CN([C@@H]2CCC(=O)NC2=O)C3=O)C1,-7.73164087
N#CN1CCC[C@H](c2ccccc2-c2ccc3c(c2)CN([C@H]2CCC(=O)NC2=O)C3=O)C1,-7.942277614
N#CN1CCC[C@@H](c2ccccc2-c2ccc3c(c2)CN([C@H]2CCC(=O)NC2=O)C3=O)C1,-7.810449402
O=C(COc1cccnc1)NCc1cc(C(=O)N[C@@H]2CCC(=O)NC2=O)on1,-8.487482852
O=C(COc1cccnc1)NCc1cc(C(=O)N[C@H]2CCC(=O)NC2=O)on1,-8.482949074
Cc1cccc(C(=O)N[C@@H]2CCC(=O)NC2=O)c1NC(=O)c1ccncc1,-8.159011923
Cc1cccc(C(=O)N[C@H]2CCC(=O)NC2=O)c1NC(=O)c1ccncc1,-8.158277463
O=C1CC[C@H](NC(=O)c2conc2CNC(=O)c2n[nH]c3ccccc23)C(=O)N1,-8.059682767
O=C1CC[C@@H](NC(=O)c2conc2CNC(=O)c2n[nH]c3ccccc23)C(=O)N1,-8.009858471
N#CN1CC[C@H](c2ccc(-c3ncc(C(=O)N[C@@H]4CCC(=O)NC4=O)s3)cc2)C1,-8.256951624
N#CN1CC[C@@H](c2ccc(-c3ncc(C(=O)N[C@@H]4CCC(=O)NC4=O)s3)cc2)C1,-8.255311577
N#CN1CC[C@H](c2ccc(-c3ncc(C(=O)N[C@H]4CCC(=O)NC4=O)s3)cc2)C1,-8.259568829
N#CN1CC[C@@H](c2ccc(-c3ncc(C(=O)N[C@H]4CCC(=O)NC4=O)s3)cc2)C1,-8.014553238
O=C1CC[C@H](NC(=O)c2coc(Cn3cccn3)c2)C(=O)N1,-8.176368289
O=C1CC[C@@H](NC(=O)c2coc(Cn3cccn3)c2)C(=O)N1,-8.17670237
Cc1ccc(N2CCC(=O)NC2=O)cc1NCc1cn(C[C@@H]2CCCO2)nn1,-7.233360874
Cc1ccc(N2CCC(=O)NC2=O)cc1NCc1cn(C[C@H]2CCCO2)nn1,-7.317417915
Nc1ccc2cc(-c3cccc4c3CN([C@@H]3CCC(=O)NC3=O)C4=O)ccc2n1,-7.799522994
Nc1ccc2cc(-c3cccc4c3CN([C@H]3CCC(=O)NC3=O)C4=O)ccc2n1,-7.888910757
O=C1CC[C@H](c2ccc(NC(=O)CCC[C@@H]3CNCCO3)cc2)C(=O)N1,-7.496634405
O=C1CC[C@@H](c2ccc(NC(=O)CCC[C@@H]3CNCCO3)cc2)C(=O)N1,-7.527165711
O=C1CC[C@H](c2ccc(NC(=O)CCC[C@H]3CNCCO3)cc2)C(=O)N1,-7.96998471
O=C1CC[C@@H](c2ccc(NC(=O)CCC[C@H]3CNCCO3)cc2)C(=O)N1,-7.973689307
N#CN1CCC[C@H](c2ccccc2-n2ccc(=O)c(C(=O)N[C@@H]3CCC(=O)NC3=O)n2)C1,-8.312569401
N#CN1CCC[C@@H](c2ccccc2-n2ccc(=O)c(C(=O)N[C@@H]3CCC(=O)NC3=O)n2)C1,-8.332033445
N#CN1CCC[C@H](c2ccccc2-n2ccc(=O)c(C(=O)N[C@H]3CCC(=O)NC3=O)n2)C1,-8.456342471
N#CN1CCC[C@@H](c2ccccc2-n2ccc(=O)c(C(=O)N[C@H]3CCC(=O)NC3=O)n2)C1,-8.562131395
CC(C)Cc1cc(C(=O)N[C@@H]2CCC(=O)NC2=O)cc(O)n1,-8.08261198
CC(C)Cc1cc(C(=O)N[C@H]2CCC(=O)NC2=O)cc(O)n1,-8.073537516
CC(C)Oc1nccc(C(=O)N[C@@H]2CCC(=O)NC2=O)c1F,-8.105264261
CC(C)Oc1nccc(C(=O)N[C@H]2CCC(=O)NC2=O)c1F,-8.105465382
O=C1CC[C@H](NC(=O)c2ccnc(S(=O)(=O)F)c2)C(=O)N1,-8.840344495
O=C1CC[C@@H](NC(=O)c2ccnc(S(=O)(=O)F)c2)C(=O)N1,-8.967786704
Nc1cnc(Cl)c(Cl)c1C(=O)N[C@@H]1CCC(=O)NC1=O,-8.147084791
Nc1cnc(Cl)c(Cl)c1C(=O)N[C@H]1CCC(=O)NC1=O,-8.146584229
CC(=O)Nc1cnc(Cl)cc1C(=O)N[C@@H]1CCC(=O)NC1=O,-8.366481104
CC(=O)Nc1cnc(Cl)cc1C(=O)N[C@H]1CCC(=O)NC1=O,-8.380206651
Nc1c(C(=O)N[C@@H]2CCC(=O)NC2=O)cc(Cl)nc1Br,-8.433022733
Nc1c(C(=O)N[C@H]2CCC(=O)NC2=O)cc(Cl)nc1Br,-8.433222012
CN(Cc1cnc(-c2cccc3c2CNC3=O)cn1)[C@@H]1CCCNCC1,-8.003219596
CN(Cc1cnc(-c2cccc3c2CNC3=O)cn1)[C@H]1CCCNCC1,-7.986398054
O=C1CC[C@H](NC(=O)Cc2ccccc2)C(=O)N1,-7.990540677
O=C1CC[C@@H](NC(=O)Cc2ccccc2)C(=O)N1,-7.990253667
O=C1CC[C@H](NC(=O)Cc2cccc(S(=O)(=O)F)c2)C(=O)N1,-8.185840182
O=C1CC[C@@H](NC(=O)Cc2cccc(S(=O)(=O)F)c2)C(=O)N1,-8.224576395
O=C1CC[C@H](NC(=O)Cc2ccc(S(=O)(=O)F)cc2)C(=O)N1,-8.132318441
O=C1CC[C@@H](NC(=O)Cc2ccc(S(=O)(=O)F)cc2)C(=O)N1,-8.223138509
O=C1CC[C@H](Oc2nccc(C(F)(F)F)n2)C(=O)N1,-8.833185127
O=C1CC[C@@H](Oc2nccc(C(F)(F)F)n2)C(=O)N1,-8.83054752
N#CN1CCC[C@H](c2[nH]ncc2-c2cccc(C(=O)N[C@@H]3CCC(=O)NC3=O)c2)C1,-8.189707595
N#CN1CCC[C@@H](c2[nH]ncc2-c2cccc(C(=O)N[C@@H]3CCC(=O)NC3=O)c2)C1,-7.734608443
N#CN1CCC[C@H](c2[nH]ncc2-c2cccc(C(=O)N[C@H]3CCC(=O)NC3=O)c2)C1,-8.196175588
N#CN1CCC[C@@H](c2[nH]ncc2-c2cccc(C(=O)N[C@H]3CCC(=O)NC3=O)c2)C1,-8.160993939
N#CN1CCC(c2nc(-c3cn([C@@H]4CCC(=O)NC4=O)nn3)cs2)CC1,-8.205330761
N#CN1CCC(c2nc(-c3cn([C@H]4CCC(=O)NC4=O)nn3)cs2)CC1,-8.297253822
O=C1CC[C@H](c2cccc(NC(=O)COc3cccc4c3CNC4=O)c2)C(=O)N1,-8.033670781
O=C1CC[C@@H](c2cccc(NC(=O)COc3cccc4c3CNC4=O)c2)C(=O)N1,-8.003064568
Cc1nn(C)c2c(Nc3ccc(C4CC(=O)NC(=O)C4)cc3)ncnc12,-7.720994692
N#CN1CC[C@H](c2n[nH]c3c2[C@@H]2CCC[C@H](C3)N2C(=O)c2cccc(N3CCC(=O)NC3=O)c2)C1,-7.478705887
N#CN1CC[C@@H](c2n[nH]c3c2[C@@H]2CCC[C@H](C3)N2C(=O)c2cccc(N3CCC(=O)NC3=O)c2)C1,-7.269897511
N#CN1CC[C@H](c2n[nH]c3c2[C@H]2CCC[C@H](C3)N2C(=O)c2cccc(N3CCC(=O)NC3=O)c2)C1,-7.234246942
N#CN1CC[C@@H](c2n[nH]c3c2[C@H]2CCC[C@H](C3)N2C(=O)c2cccc(N3CCC(=O)NC3=O)c2)C1,-7.287843034
N#CN1CC[C@H](c2n[nH]c3c2[C@@H]2CCC[C@@H](C3)N2C(=O)c2cccc(N3CCC(=O)NC3=O)c2)C1,-7.310999899
N#CN1CC[C@@H](c2n[nH]c3c2[C@@H]2CCC[C@@H](C3)N2C(=O)c2cccc(N3CCC(=O)NC3=O)c2)C1,-7.26947071
N#CN1CC[C@H](c2n[nH]c3c2[C@H]2CCC[C@@H](C3)N2C(=O)c2cccc(N3CCC(=O)NC3=O)c2)C1,-7.381898801
N#CN1CC[C@@H](c2n[nH]c3c2[C@H]2CCC[C@@H](C3)N2C(=O)c2cccc(N3CCC(=O)NC3=O)c2)C1,-7.298304532
O=C1CC[C@H](c2ccc(NC(=O)C[C@@H]3CNC4(CCOCC4)C3)cc2)C(=O)N1,-7.635232679
O=C1CC[C@@H](c2ccc(NC(=O)C[C@@H]3CNC4(CCOCC4)C3)cc2)C(=O)N1,-7.660381085
O=C1CC[C@H](c2ccc(NC(=O)C[C@H]3CNC4(CCOCC4)C3)cc2)C(=O)N1,-7.939584024
O=C1CC[C@@H](c2ccc(NC(=O)C[C@H]3CNC4(CCOCC4)C3)cc2)C(=O)N1,-7.926040359
N#CN1CC[C@H](c2cc(Cc3cn([C@@H]4CCC(=O)NC4=O)nn3)cs2)C1,-7.951118034
N#CN1CC[C@@H](c2cc(Cc3cn([C@@H]4CCC(=O)NC4=O)nn3)cs2)C1,-7.844948887
N#CN1CC[C@H](c2cc(Cc3cn([C@H]4CCC(=O)NC4=O)nn3)cs2)C1,-7.978974567
N#CN1CC[C@@H](c2cc(Cc3cn([C@H]4CCC(=O)NC4=O)nn3)cs2)C1,-7.963518913
O=C1CC[C@H](n2nnc(C3(NC(=O)c4ccccc4)CCCC3)n2)C(=O)N1,-8.273577054
O=C1CC[C@@H](n2nnc(C3(NC(=O)c4ccccc4)CCCC3)n2)C(=O)N1,-8.305546932
O=C1CC[C@H](NC(=O)c2cccc(N3CCCS3(=O)=O)c2)C(=O)N1,-7.940952393
O=C1CC[C@@H](NC(=O)c2cccc(N3CCCS3(=O)=O)c2)C(=O)N1,-7.977158697
Cn1ccc(C(=O)Nc2ccc(C(=O)N[C@@H]3CCC(=O)NC3=O)cc2)n1,-7.941313065
Cn1ccc(C(=O)Nc2ccc(C(=O)N[C@H]3CCC(=O)NC3=O)cc2)n1,-7.941096533
N#CN1CCC[C@H](c2cc(C(=O)Nc3cccc([C@@H]4CCC(=O)NC4=O)c3)cc3c2CCCC3)C1,-7.578276373
N#CN1CCC[C@@H](c2cc(C(=O)Nc3cccc([C@@H]4CCC(=O)NC4=O)c3)cc3c2CCCC3)C1,-7.51844753
N#CN1CCC[C@H](c2cc(C(=O)Nc3cccc([C@H]4CCC(=O)NC4=O)c3)cc3c2CCCC3)C1,-7.771137088
N#CN1CCC[C@@H](c2cc(C(=O)Nc3cccc([C@H]4CCC(=O)NC4=O)c3)cc3c2CCCC3)C1,-7.446531597
C[C@]1(CNC(=O)c2ccc3c(c2)CN([C@@H]2CCC(=O)NC2=O)C3=O)CCNC1,-7.867786075
C[C@@]1(CNC(=O)c2ccc3c(c2)CN([C@@H]2CCC(=O)NC2=O)C3=O)CCNC1,-7.970920641
C[C@]1(CNC(=O)c2ccc3c(c2)CN([C@H]2CCC(=O)NC2=O)C3=O)CCNC1,-7.970718217
C[C@@]1(CNC(=O)c2ccc3c(c2)CN([C@H]2CCC(=O)NC2=O)C3=O)CCNC1,-7.856322235
N#CN1CCC[C@H](c2cc3c(s2)CN(C(=O)c2cccc(N4CCC(=O)NC4=O)c2)CC3)C1,-7.485802551
N#CN1CCC[C@@H](c2cc3c(s2)CN(C(=O)c2cccc(N4CCC(=O)NC4=O)c2)CC3)C1,-7.442071424
N#CN1CCC[C@H](c2cnnn2-c2cncc(C(=O)N[C@@H]3CCC(=O)NC3=O)c2)C1,-8.509714894
N#CN1CCC[C@@H](c2cnnn2-c2cncc(C(=O)N[C@@H]3CCC(=O)NC3=O)c2)C1,-8.420630127
N#CN1CCC[C@H](c2cnnn2-c2cncc(C(=O)N[C@H]3CCC(=O)NC3=O)c2)C1,-8.507356423
N#CN1CCC[C@@H](c2cnnn2-c2cncc(C(=O)N[C@H]3CCC(=O)NC3=O)c2)C1,-8.272648492
N#CN1CC[C@H](c2cc(Nc3cccc(N4CCC(=O)NC4=O)c3)n3ncnc3n2)C1,-7.725784261
N#CN1CC[C@@H](c2cc(Nc3cccc(N4CCC(=O)NC4=O)c3)n3ncnc3n2)C1,-7.732563045
CN1Cc2ccc(OCc3ccc(O[C@@H]4CCOC4)cc3)cc2C1=O,-6.985257836
CN1Cc2ccc(OCc3ccc(O[C@H]4CCOC4)cc3)cc2C1=O,-6.986239076
O=C1CC[C@H](N2Cc3ccc(CNS(=O)(=O)N4CCC4)cc3C2=O)C(=O)N1,-7.949938159
O=C1CC[C@@H](N2Cc3ccc(CNS(=O)(=O)N4CCC4)cc3C2=O)C(=O)N1,-7.982035079
O=C1CC[C@H](N2Cc3cc(-c4cnn5ccc(NC6CCOCC6)nc45)ccc3C2=O)C(=O)N1,-7.744469324
O=C1CC[C@@H](N2Cc3cc(-c4cnn5ccc(NC6CCOCC6)nc45)ccc3C2=O)C(=O)N1,-7.751571662
O=C1CC[C@H](N2C(=O)c3cccc(-c4cncc(S(=O)(=O)F)c4)c3C2=O)C(=O)N1,-9.056361953
O=C1CC[C@@H](N2C(=O)c3cccc(-c4cncc(S(=O)(=O)F)c4)c3C2=O)C(=O)N1,-9.215061401
O=C1CC[C@H](N2C(=O)c3cccc(-c4cncc(OS(=O)(=O)F)c4)c3C2=O)C(=O)N1,-9.092551491
O=C1CC[C@@H](N2C(=O)c3cccc(-c4cncc(OS(=O)(=O)F)c4)c3C2=O)C(=O)N1,-8.975281567
O=C1CC[C@H](N2C(=O)c3cccc(-c4cccnc4)c3C2=O)C(=O)N1,-8.815755052
O=C1CC[C@@H](N2C(=O)c3cccc(-c4cccnc4)c3C2=O)C(=O)N1,-8.815065052
CCc1cc(C(=O)N[C@@H]2CCC(=O)NC2=O)cc2cn[nH]c12,-8.026401532
CCc1cc(C(=O)N[C@H]2CCC(=O)NC2=O)cc2cn[nH]c12,-7.970193698
Cc1cc2[nH]nc(C)c2cc1C(=O)N[C@@H]1CCC(=O)NC1=O,-8.321457814
Cc1cc2[nH]nc(C)c2cc1C(=O)N[C@H]1CCC(=O)NC1=O,-7.98628737
Cn1ncc2cc(C(=O)N[C@@H]3CCC(=O)NC3=O)cc(O)c21,-7.931883279
Cn1ncc2cc(C(=O)N[C@H]3CCC(=O)NC3=O)cc(O)c21,-7.966839989
Cc1n[nH]c2c(Cl)cc(C(=O)N[C@@H]3CCC(=O)NC3=O)cc12,-8.045891876
Cc1n[nH]c2c(Cl)cc(C(=O)N[C@H]3CCC(=O)NC3=O)cc12,-8.046126767
O=C1CC[C@H](NC(=O)c2cc(S(=O)(=O)F)c3[nH]ncc3c2)C(=O)N1,-8.586751978
O=C1CC[C@@H](NC(=O)c2cc(S(=O)(=O)F)c3[nH]ncc3c2)C(=O)N1,-8.275970962
O=C1CC[C@H](NC(=O)c2ccc3[nH]nc(S(=O)(=O)F)c3c2)C(=O)N1,-8.472382632
O=C1CC[C@@H](NC(=O)c2ccc3[nH]nc(S(=O)(=O)F)c3c2)C(=O)N1,-8.469930919
Cc1nc(-c2ccncc2)nc(Nc2cccc([C@@H]3CCC(=O)NC3=O)c2)c1C,-7.612508483
Cc1nc(-c2ccncc2)nc(Nc2cccc([C@H]3CCC(=O)NC3=O)c2)c1C,-7.779867975
O=C1CC[C@H](Nc2cccc(NC(=O)Cc3csc4cncn34)c2)C(=O)N1,-7.848613762
O=C1CC[C@@H](Nc2cccc(NC(=O)Cc3csc4cncn34)c2)C(=O)N1,-7.859610508
N#CN1CCC[C@H](c2ccccc2-c2nccc(C(=O)N[C@@H]3CCC(=O)NC3=O)n2)C1,-8.008550206
N#CN1CCC[C@@H](c2ccccc2-c2nccc(C(=O)N[C@@H]3CCC(=O)NC3=O)n2)C1,-8.001513402
N#CN1CCC[C@H](c2ccccc2-c2nccc(C(=O)N[C@H]3CCC(=O)NC3=O)n2)C1,-7.818612025
N#CN1CCC[C@@H](c2ccccc2-c2nccc(C(=O)N[C@H]3CCC(=O)NC3=O)n2)C1,-7.800491034
N#CN1CC[C@H](c2cn3c(n2)[C@H](C(=O)Nc2cccc([C@@H]4CCC(=O)NC4=O)c2)CCC3)C1,-7.606560461
N#CN1CC[C@@H](c2cn3c(n2)[C@H](C(=O)Nc2cccc([C@@H]4CCC(=O)NC4=O)c2)CCC3)C1,-7.614290826
N#CN1CC[C@H](c2cn3c(n2)[C@@H](C(=O)Nc2cccc([C@@H]4CCC(=O)NC4=O)c2)CCC3)C1,-7.252508485
N#CN1CC[C@@H](c2cn3c(n2)[C@@H](C(=O)Nc2cccc([C@@H]4CCC(=O)NC4=O)c2)CCC3)C1,-7.353452899
N#CN1CC[C@H](c2cn3c(n2)[C@H](C(=O)Nc2cccc([C@H]4CCC(=O)NC4=O)c2)CCC3)C1,-7.303498177
N#CN1CC[C@@H](c2cn3c(n2)[C@H](C(=O)Nc2cccc([C@H]4CCC(=O)NC4=O)c2)CCC3)C1,-7.240928278
N#CN1CC[C@H](c2cn3c(n2)[C@@H](C(=O)Nc2cccc([C@H]4CCC(=O)NC4=O)c2)CCC3)C1,-7.264895469
N#CN1CC[C@@H](c2cn3c(n2)[C@@H](C(=O)Nc2cccc([C@H]4CCC(=O)NC4=O)c2)CCC3)C1,-7.358888008
O=C1CC[C@H](N2C(=O)[C@H]3CCC[C@H]3C2=O)C(=O)N1,-7.967483045
O=C1CC[C@@H](N2C(=O)[C@H]3CCC[C@H]3C2=O)C(=O)N1,-7.9916
O=C1CC[C@H](N2C(=O)[C@H]3CCC[C@@H]3C2=O)C(=O)N1,-7.967296202
O=C1CC[C@@H](N2C(=O)[C@H]3CCC[C@@H]3C2=O)C(=O)N1,-7.9943
O=C1CC[C@H](N2C(=O)[C@@H]3CCC[C@H]3C2=O)C(=O)N1,-7.9941
O=C1CC[C@@H](N2C(=O)[C@@H]3CCC[C@H]3C2=O)C(=O)N1,-7.9911
O=C1CC[C@H](N2Cc3ccc(CNC(=O)C4CC(F)(F)C4)cc3C2=O)C(=O)N1,-7.989550631
O=C1CC[C@@H](N2Cc3ccc(CNC(=O)C4CC(F)(F)C4)cc3C2=O)C(=O)N1,-8.003915124
O=c1ccn(-c2ccccc2)c(=O)[nH]1,-7.6089
Cc1nsc(N(C)[C@@H]2CCC(=O)NC2=O)c1C#N,-8.099370649
Cc1nsc(N(C)[C@H]2CCC(=O)NC2=O)c1C#N,-8.107290924
N#Cc1c(Cl)nsc1N[C@@H]1CCC(=O)NC1=O,-8.387771051
N#Cc1c(Cl)nsc1N[C@H]1CCC(=O)NC1=O,-8.387595759
N#CN1CCC(c2cc3c(c(-c4cccc5c4CN([C@@H]4CCC(=O)NC4=O)C5=O)c2)CCC3=O)CC1,-8.014183208
N#CN1CCC(c2cc3c(c(-c4cccc5c4CN([C@H]4CCC(=O)NC4=O)C5=O)c2)CCC3=O)CC1,-7.957331942
COCc1nc(C(=O)N[C@@H]2CCC(=O)NC2=O)c2n1CCCC2,-7.675956051
COCc1nc(C(=O)N[C@H]2CCC(=O)NC2=O)c2n1CCCC2,-7.676085907
N#CN1CC[C@H](c2nc(-c3cccc4c3CN([C@@H]3CCC(=O)NC3=O)C4=O)cs2)C1,-8.063421578
N#CN1CC[C@@H](c2nc(-c3cccc4c3CN([C@@H]3CCC(=O)NC3=O)C4=O)cs2)C1,-7.734225315
N#CN1CC[C@H](c2nc(-c3cccc4c3CN([C@H]3CCC(=O)NC3=O)C4=O)cs2)C1,-7.971537054
N#CN1CC[C@@H](c2nc(-c3cccc4c3CN([C@H]3CCC(=O)NC3=O)C4=O)cs2)C1,-7.709094565
CC(=O)Nc1ccc2c(c1)CN([C@@H]1CC(=O)NC1=O)C2=O,-8.463258638
CC(=O)Nc1ccc2c(c1)CN([C@H]1CC(=O)NC1=O)C2=O,-8.366116135
Cc1nnc(N[C@@H]2CCC(=O)N(C)C2=O)nc1C,-8.107877952
Cc1nnc(N[C@H]2CCC(=O)N(C)C2=O)nc1C,-8.107655165
Cn1ncc2c(N[C@@H]3CCC(=O)NC3=O)ncnc21,-7.92014217
Cn1ncc2c(N[C@H]3CCC(=O)NC3=O)ncnc21,-7.918583368
N#CN1CC[C@H](c2ccc3nc(C(=O)N[C@@H]4CCC(=O)NC4=O)c(C4CC4)cc3c2)C1,-7.873636591
N#CN1CC[C@@H](c2ccc3nc(C(=O)N[C@@H]4CCC(=O)NC4=O)c(C4CC4)cc3c2)C1,-8.312423656
N#CN1CC[C@H](c2ccc3nc(C(=O)N[C@H]4CCC(=O)NC4=O)c(C4CC4)cc3c2)C1,-8.317787126
N#CN1CC[C@@H](c2ccc3nc(C(=O)N[C@H]4CCC(=O)NC4=O)c(C4CC4)cc3c2)C1,-8.302524159
O=C1CC[C@H](NC(=O)c2[nH]ncc2CNC(=O)c2coc3c2COC3)C(=O)N1,-8.020803765
O=C1CC[C@@H](NC(=O)c2[nH]ncc2CNC(=O)c2coc3c2COC3)C(=O)N1,-7.892591289
N#CN1CC[C@H](c2ccc(-c3cnccc3C(=O)N[C@@H]3CCC(=O)NC3=O)cc2)C1,-7.906189986
N#CN1CC[C@@H](c2ccc(-c3cnccc3C(=O)N[C@@H]3CCC(=O)NC3=O)cc2)C1,-7.78921977
N#CN1CC[C@H](c2ccc(-c3cnccc3C(=O)N[C@H]3CCC(=O)NC3=O)cc2)C1,-7.805190671
N#CN1CC[C@@H](c2ccc(-c3cnccc3C(=O)N[C@H]3CCC(=O)NC3=O)cc2)C1,-7.805807937
O=C1CC[C@H](N2C(=O)c3ccc(N4CCC4)cc3C2=O)C(=O)N1,-7.8844
O=C1CC[C@@H](N2C(=O)c3ccc(N4CCC4)cc3C2=O)C(=O)N1,-7.8843
Cc1cn2nc(C(=O)N[C@@H]3CCC(=O)NC3=O)cc(C)c2n1,-8.011551701
Cc1cn2nc(C(=O)N[C@H]3CCC(=O)NC3=O)cc(C)c2n1,-8.011584971
O=C1CC[C@H](NC(=O)c2cc(S(=O)(=O)F)c3nccn3n2)C(=O)N1,-8.861828618
O=C1CC[C@@H](NC(=O)c2cc(S(=O)(=O)F)c3nccn3n2)C(=O)N1,-9.297224756
O=C1CC[C@H](NC(=O)c2ccc3ncc(S(=O)(=O)F)n3n2)C(=O)N1,-9.13243286
O=C1CC[C@@H](NC(=O)c2ccc3ncc(S(=O)(=O)F)n3n2)C(=O)N1,-9.018527693
O=C1CC[C@H](NC(=O)c2ccc3nc(S(=O)(=O)F)cn3n2)C(=O)N1,-9.197133557
O=C1CC[C@@H](NC(=O)c2ccc3nc(S(=O)(=O)F)cn3n2)C(=O)N1,-9.353460797
O=C1CC[C@H](NC(=O)c2ccc3ncc(OS(=O)(=O)F)n3n2)C(=O)N1,-8.804686918
O=C1CC[C@@H](NC(=O)c2ccc3ncc(OS(=O)(=O)F)n3n2)C(=O)N1,-8.61255387
O=C1CC[C@H](Nc2ccc(C3CN(C(=O)[C@H](O)Cc4c[nH]cn4)C3)cc2)C(=O)N1,-7.585662408
O=C1CC[C@@H](Nc2ccc(C3CN(C(=O)[C@H](O)Cc4c[nH]cn4)C3)cc2)C(=O)N1,-7.548362512
O=C1CC[C@H](Nc2ccc(C3CN(C(=O)[C@@H](O)Cc4c[nH]cn4)C3)cc2)C(=O)N1,-7.633289684
O=C1CC[C@@H](Nc2ccc(C3CN(C(=O)[C@@H](O)Cc4c[nH]cn4)C3)cc2)C(=O)N1,-7.595207654
Cc1nc(Nc2ccc([C@@H]3CCC(=O)NC3=O)cc2)c2ccn(CC#N)c2n1,-7.656019413
Cc1nc(Nc2ccc([C@H]3CCC(=O)NC3=O)cc2)c2ccn(CC#N)c2n1,-7.672191133
N#CN1CC[C@H](c2ccc(-n3cc(C(=O)N[C@@H]4CCC(=O)NC4=O)cn3)nn2)C1,-8.52963607
N#CN1CC[C@@H](c2ccc(-n3cc(C(=O)N[C@@H]4CCC(=O)NC4=O)cn3)nn2)C1,-8.533941129
N#CN1CC[C@H](c2ccc(-n3cc(C(=O)N[C@H]4CCC(=O)NC4=O)cn3)nn2)C1,-8.538254425
N#CN1CC[C@@H](c2ccc(-n3cc(C(=O)N[C@H]4CCC(=O)NC4=O)cn3)nn2)C1,-8.562653122
O=C1CC[C@H](NC(=O)c2cc(CNC(=O)[C@@H]3Cc4ccccc43)on2)C(=O)N1,-8.196523395
O=C1CC[C@@H](NC(=O)c2cc(CNC(=O)[C@@H]3Cc4ccccc43)on2)C(=O)N1,-8.045002328
O=C1CC[C@H](NC(=O)c2cc(CNC(=O)[C@H]3Cc4ccccc43)on2)C(=O)N1,-8.080123901
O=C1CC[C@@H](NC(=O)c2cc(CNC(=O)[C@H]3Cc4ccccc43)on2)C(=O)N1,-8.134061647
N#CN1CCC[C@H](c2cc(Nc3ccc4c(c3)C(=O)N([C@@H]3CCC(=O)NC3=O)C4)ncn2)C1,-7.983851373
N#CN1CCC[C@@H](c2cc(Nc3ccc4c(c3)C(=O)N([C@@H]3CCC(=O)NC3=O)C4)ncn2)C1,-7.847307493
N#CN1CCC[C@H](c2cc(Nc3ccc4c(c3)C(=O)N([C@H]3CCC(=O)NC3=O)C4)ncn2)C1,-7.845004374
N#CN1CCC[C@@H](c2cc(Nc3ccc4c(c3)C(=O)N([C@H]3CCC(=O)NC3=O)C4)ncn2)C1,-7.937497833
Nc1nc(-c2ccoc2)ncc1C(=O)N[C@@H]1CCC(=O)NC1=O,-8.270732333
Nc1nc(-c2ccoc2)ncc1C(=O)N[C@H]1CCC(=O)NC1=O,-8.275613719
Cn1nc(C(=O)N[C@@H]2CCC(=O)NC2=O)c2ncccc21,-8.140678554
Cn1nc(C(=O)N[C@H]2CCC(=O)NC2=O)c2ncccc21,-8.131822418
COc1ccc2[nH]nc(C(=O)N[C@@H]3CCC(=O)NC3=O)c2n1,-8.116349158
COc1ccc2[nH]nc(C(=O)N[C@H]3CCC(=O)NC3=O)c2n1,-8.116211613
O=C1CC[C@H](NC(=O)c2n[nH]c3cc(Br)cnc23)C(=O)N1,-8.75992209
O=C1CC[C@@H](NC(=O)c2n[nH]c3cc(Br)cnc23)C(=O)N1,-8.759889931
N#CN1CCC[C@H](c2cccc3c2OC[C@H](C(=O)Nc2ccc([C@@H]4CCC(=O)NC4=O)cc2)O3)C1,-7.731037445
N#CN1CCC[C@@H](c2cccc3c2OC[C@H](C(=O)Nc2ccc([C@@H]4CCC(=O)NC4=O)cc2)O3)C1,-7.734798991
N#CN1CCC[C@H](c2cccc3c2OC[C@@H](C(=O)Nc2ccc([C@@H]4CCC(=O)NC4=O)cc2)O3)C1,-7.724502813
N#CN1CCC[C@@H](c2cccc3c2OC[C@@H](C(=O)Nc2ccc([C@@H]4CCC(=O)NC4=O)cc2)O3)C1,-7.73595799
N#CN1CCC[C@H](c2cccc3c2OC[C@H](C(=O)Nc2ccc([C@H]4CCC(=O)NC4=O)cc2)O3)C1,-7.746649495
N#CN1CCC[C@@H](c2cccc3c2OC[C@H](C(=O)Nc2ccc([C@H]4CCC(=O)NC4=O)cc2)O3)C1,-7.727884569
N#CN1CCC[C@H](c2cccc3c2OC[C@@H](C(=O)Nc2ccc([C@H]4CCC(=O)NC4=O)cc2)O3)C1,-7.728253117
N#CN1CCC[C@@H](c2cccc3c2OC[C@@H](C(=O)Nc2ccc([C@H]4CCC(=O)NC4=O)cc2)O3)C1,-7.727653579
N[C@@H]1COCc2cc(C(=O)Nc3ccc([C@@H]4CCC(=O)NC4=O)cc3)ccc21,-7.652369081
N[C@H]1COCc2cc(C(=O)Nc3ccc([C@@H]4CCC(=O)NC4=O)cc3)ccc21,-7.653264058
N[C@@H]1COCc2cc(C(=O)Nc3ccc([C@H]4CCC(=O)NC4=O)cc3)ccc21,-7.658796293
N[C@H]1COCc2cc(C(=O)Nc3ccc([C@H]4CCC(=O)NC4=O)cc3)ccc21,-7.65839354
O=C1CC[C@H](NC(=O)c2ccc(S(=O)(=O)F)c3[nH]ncc23)C(=O)N1,-8.825997382
O=C1CC[C@@H](NC(=O)c2ccc(S(=O)(=O)F)c3[nH]ncc23)C(=O)N1,-8.778558125
O=C1CC[C@H](NC(=O)c2cc(S(=O)(=O)F)cc3[nH]ncc23)C(=O)N1,-8.900061998
O=C1CC[C@@H](NC(=O)c2cc(S(=O)(=O)F)cc3[nH]ncc23)C(=O)N1,-8.653683228
O=C1CC[C@H](NC(=O)c2c(Br)cc(Cl)c3[nH]ncc23)C(=O)N1,-8.267920815
O=C1CC[C@@H](NC(=O)c2c(Br)cc(Cl)c3[nH]ncc23)C(=O)N1,-8.258301687
O=C1CC[C@H](c2ccc(NC(=O)c3cc4c(o3)CCCNC4)cc2)C(=O)N1,-8.084983764
O=C1CC[C@@H](c2ccc(NC(=O)c3cc4c(o3)CCCNC4)cc2)C(=O)N1,-8.083650695
N#CN1CCC[C@H](c2cc(Nc3ccc([C@@H]4CCC(=O)NC4=O)cc3)ncn2)C1,-7.907536944
N#CN1CCC[C@@H](c2cc(Nc3ccc([C@@H]4CCC(=O)NC4=O)cc3)ncn2)C1,-7.868017893
N#CN1CCC[C@H](c2cc(Nc3ccc([C@H]4CCC(=O)NC4=O)cc3)ncn2)C1,-7.991274545
N#CN1CCC[C@@H](c2cc(Nc3ccc([C@H]4CCC(=O)NC4=O)cc3)ncn2)C1,-7.653541152
N#CN1CC[C@H](c2ncc(-c3ccc4c(c3)CN([C@@H]3CCC(=O)NC3=O)C4=O)s2)C1,-7.966405875
N#CN1CC[C@@H](c2ncc(-c3ccc4c(c3)CN([C@@H]3CCC(=O)NC3=O)C4=O)s2)C1,-7.98689304
N#CN1CC[C@H](c2ncc(-c3ccc4c(c3)CN([C@H]3CCC(=O)NC3=O)C4=O)s2)C1,-8.002778186
N#CN1CC[C@@H](c2ncc(-c3ccc4c(c3)CN([C@H]3CCC(=O)NC3=O)C4=O)s2)C1,-7.995842011
O=C1CC[C@H](NC(=O)c2occc2CNC(=O)c2ccnc3[nH]ccc23)C(=O)N1,-8.034056338
O=C1CC[C@@H](NC(=O)c2occc2CNC(=O)c2ccnc3[nH]ccc23)C(=O)N1,-8.047282193
Cc1cc2ccc(-c3ccc4c(c3)CN([C@@H]3CCC(=O)NC3=O)C4=O)cc2s1,-7.860705454
Cc1cc2ccc(-c3ccc4c(c3)CN([C@H]3CCC(=O)NC3=O)C4=O)cc2s1,-7.861200835
Cc1c2c(C(=O)N[C@@H]3CCC(=O)NC3=O)cccc2nn1C,-7.982581234
Cc1c2c(C(=O)N[C@H]3CCC(=O)NC3=O)cccc2nn1C,-7.690441451
Cn1cc2c(C(=O)N[C@@H]3CCC(=O)NC3=O)cc(F)cc2n1,-8.063224152
Cn1cc2c(C(=O)N[C@H]3CCC(=O)NC3=O)cc(F)cc2n1,-8.061716469
O=C1CC[C@H](NC(=O)c2ccc(S(=O)(=O)F)c3n[nH]cc23)C(=O)N1,-8.75128255
O=C1CC[C@@H](NC(=O)c2ccc(S(=O)(=O)F)c3n[nH]cc23)C(=O)N1,-8.769137149
O=C1CC[C@H](NC(=O)c2cc(S(=O)(=O)F)cc3n[nH]cc23)C(=O)N1,-8.672132946
O=C1CC[C@@H](NC(=O)c2cc(S(=O)(=O)F)cc3n[nH]cc23)C(=O)N1,-8.606767634
CN1C(=O)Cc2cc(Cl)ccc2C1=O,-8.1074
N#CN1CCC[C@H](c2nc(-c3cccc4c3CN([C@@H]3CCC(=O)NC3=O)C4=O)cs2)C1,-7.858700857
N#CN1CCC[C@@H](c2nc(-c3cccc4c3CN([C@@H]3CCC(=O)NC3=O)C4=O)cs2)C1,-7.874662037
N#CN1CCC[C@H](c2nc(-c3cccc4c3CN([C@H]3CCC(=O)NC3=O)C4=O)cs2)C1,-7.955767065
N#CN1CCC[C@@H](c2nc(-c3cccc4c3CN([C@H]3CCC(=O)NC3=O)C4=O)cs2)C1,-7.932950893
N#CN1CCC[C@H](c2cnn(Cc3cn([C@@H]4CCC(=O)NC4=O)nn3)c2)C1,-8.348042539
N#CN1CCC[C@@H](c2cnn(Cc3cn([C@@H]4CCC(=O)NC4=O)nn3)c2)C1,-8.011573012
N#CN1CCC[C@H](c2cnn(Cc3cn([C@H]4CCC(=O)NC4=O)nn3)c2)C1,-7.886529334
N#CN1CCC[C@@H](c2cnn(Cc3cn([C@H]4CCC(=O)NC4=O)nn3)c2)C1,-8.400331207
O=C1CC(c2cccc(NC(=O)[C@@H]3[C@@H](C(F)(F)F)[C@@H]4CC[C@@H]3O4)c2)CC(=O)N1,-7.509451674
O=C1CC(c2cccc(NC(=O)[C@@H]3[C@@H](C(F)(F)F)[C@@H]4CC[C@H]3O4)c2)CC(=O)N1,-7.69790214
O=C1CC(c2cccc(NC(=O)[C@H]3[C@@H](C(F)(F)F)[C@H]4CC[C@@H]3O4)c2)CC(=O)N1,-7.617658927
O=C1CC(c2cccc(NC(=O)[C@@H]3[C@@H](C(F)(F)F)[C@H]4CC[C@@H]3O4)c2)CC(=O)N1,-7.593134818
O=C1CC(c2cccc(NC(=O)[C@H]3[C@H](C(F)(F)F)[C@@H]4CC[C@H]3O4)c2)CC(=O)N1,-7.593071494
O=C1CC(c2cccc(NC(=O)[C@@H]3[C@H](C(F)(F)F)[C@@H]4CC[C@H]3O4)c2)CC(=O)N1,-7.596748154
O=C1CC(c2cccc(NC(=O)[C@H]3[C@H](C(F)(F)F)[C@H]4CC[C@@H]3O4)c2)CC(=O)N1,-7.690701124
O=C1CC(c2cccc(NC(=O)[C@@H]3[C@H](C(F)(F)F)[C@H]4CC[C@@H]3O4)c2)CC(=O)N1,-7.510762363
CC1(NC(=O)COc2cccc3c2CN([C@@H]2CCC(=O)NC2=O)C3=O)CC1,-7.933654641
CC1(NC(=O)COc2cccc3c2CN([C@H]2CCC(=O)NC2=O)C3=O)CC1,-7.935022194
O=C1CC[C@H](NC(=O)c2cc3nccc(-c4ccco4)n3n2)C(=O)N1,-8.207709931
O=C1CC[C@@H](NC(=O)c2cc3nccc(-c4ccco4)n3n2)C(=O)N1,-8.178866036
O=C1CC[C@H](NC(=O)c2cccc(-c3noc(C(F)F)n3)c2)C(=O)N1,-8.630474852
O=C1CC[C@@H](NC(=O)c2cccc(-c3noc(C(F)F)n3)c2)C(=O)N1,-8.63074376
CC(C)[C@H](CO)Nc1nccc(Nc2cccc3c2CN([C@@H]2CCC(=O)NC2=O)C3=O)n1,-7.933743322
CC(C)[C@@H](CO)Nc1nccc(Nc2cccc3c2CN([C@@H]2CCC(=O)NC2=O)C3=O)n1,-7.971137081
CC(C)[C@H](CO)Nc1nccc(Nc2cccc3c2CN([C@H]2CCC(=O)NC2=O)C3=O)n1,-7.907798067
CC(C)[C@@H](CO)Nc1nccc(Nc2cccc3c2CN([C@H]2CCC(=O)NC2=O)C3=O)n1,-7.926194543
Cc1ccc(NC(=O)CCc2ccc3c(c2)C(=O)N([C@@H]2CCC(=O)NC2=O)C3=O)cc1Cl,-8.648692961
Cc1ccc(NC(=O)CCc2ccc3c(c2)C(=O)N([C@H]2CCC(=O)NC2=O)C3=O)cc1Cl,-8.632872631
N#CN1CC[C@H](c2cc(Nc3cccc4c3CN([C@@H]3CCC(=O)NC3=O)C4=O)ncn2)C1,-7.864090884
N#CN1CC[C@@H](c2cc(Nc3cccc4c3CN([C@@H]3CCC(=O)NC3=O)C4=O)ncn2)C1,-7.956471976
N#CN1CC[C@H](c2cc(Nc3cccc4c3CN([C@H]3CCC(=O)NC3=O)C4=O)ncn2)C1,-7.977761993
N#CN1CC[C@@H](c2cc(Nc3cccc4c3CN([C@H]3CCC(=O)NC3=O)C4=O)ncn2)C1,-7.896878518
Cc1ccc(NC(=O)NCc2ccc3c(c2)C(=O)N([C@@H]2CCC(=O)NC2=O)C3)cc1Cl,-7.906296242
Cc1ccc(NC(=O)NCc2ccc3c(c2)C(=O)N([C@H]2CCC(=O)NC2=O)C3)cc1Cl,-7.953498369
C[C@H](Cc1ccccc1)C(=O)Nc1cccc(C2CC(=O)NC(=O)C2)c1,-7.629585233
C[C@@H](Cc1ccccc1)C(=O)Nc1cccc(C2CC(=O)NC(=O)C2)c1,-7.617991206
O=C1CC[C@H](N2C(=O)c3cccc(NC(=O)c4cnccn4)c3C2=O)C(=O)N1,-8.915793089
O=C1CC[C@@H](N2C(=O)c3cccc(NC(=O)c4cnccn4)c3C2=O)C(=O)N1,-8.856921857
N#CN1CCC(c2cncnc2Nc2ccc3c(c2)CN([C@@H]2CCC(=O)NC2=O)C3=O)CC1,-7.636087174
N#CN1CCC(c2cncnc2Nc2ccc3c(c2)CN([C@H]2CCC(=O)NC2=O)C3=O)CC1,-7.753300322
CO[C@H]1C[C@H]2C[C@@H](Nc3ccc(C4CC(=O)NC(=O)C4)cc3)C[C@H]2C1,-7.463878023
CO[C@@H]1C[C@H]2C[C@@H](Nc3ccc(C4CC(=O)NC(=O)C4)cc3)C[C@H]2C1,-7.457352909
CO[C@H]1C[C@H]2C[C@@H](Nc3ccc(C4CC(=O)NC(=O)C4)cc3)C[C@@H]2C1,-7.45703771
CO[C@H]1C[C@H]2C[C@H](Nc3ccc(C4CC(=O)NC(=O)C4)cc3)C[C@@H]2C1,-7.484886887
CO[C@H]1C[C@H]2C[C@H](Nc3ccc(C4CC(=O)NC(=O)C4)cc3)C[C@H]2C1,-7.465632786
CO[C@@H]1C[C@H]2C[C@H](Nc3ccc(C4CC(=O)NC(=O)C4)cc3)C[C@H]2C1,-7.446100794
CO[C@H]1C[C@@H]2C[C@@H](Nc3ccc(C4CC(=O)NC(=O)C4)cc3)C[C@H]2C1,-7.486242566
CO[C@H]1C[C@@H]2C[C@H](Nc3ccc(C4CC(=O)NC(=O)C4)cc3)C[C@H]2C1,-7.469964292
N#CN1CCC[C@H](c2cc(Nc3cccc4c3CN([C@@H]3CCC(=O)NC3=O)C4=O)ncn2)C1,-7.843151601
N#CN1CCC[C@@H](c2cc(Nc3cccc4c3CN([C@@H]3CCC(=O)NC3=O)C4=O)ncn2)C1,-7.928113452
N#CN1CCC[C@H](c2cc(Nc3cccc4c3CN([C@H]3CCC(=O)NC3=O)C4=O)ncn2)C1,-7.860907226
N#CN1CCC[C@@H](c2cc(Nc3cccc4c3CN([C@H]3CCC(=O)NC3=O)C4=O)ncn2)C1,-7.88890457
N#CN1CCC[C@H](c2ccnc(-c3cccc4c3CN([C@@H]3CCC(=O)NC3=O)C4=O)c2)C1,-7.883417605
N#CN1CCC[C@@H](c2ccnc(-c3cccc4c3CN([C@@H]3CCC(=O)NC3=O)C4=O)c2)C1,-7.948405264
N#CN1CCC[C@H](c2ccnc(-c3cccc4c3CN([C@H]3CCC(=O)NC3=O)C4=O)c2)C1,-7.907871707
N#CN1CCC[C@@H](c2ccnc(-c3cccc4c3CN([C@H]3CCC(=O)NC3=O)C4=O)c2)C1,-7.943632644
O=C1CC[C@H](N2Cc3cc(Nc4ncccn4)ccc3C2=O)C(=O)N1,-7.818639045
O=C1CC[C@@H](N2Cc3cc(Nc4ncccn4)ccc3C2=O)C(=O)N1,-7.819139574
O=C1CC[C@H](NC(=O)c2cccc(C(=O)N3CCCC3)n2)C(=O)N1,-8.02360546
O=C1CC[C@@H](NC(=O)c2cccc(C(=O)N3CCCC3)n2)C(=O)N1,-8.021523929
N#CN1CCC[C@H](c2ncccc2-c2ncc(C(=O)N[C@@H]3CCC(=O)NC3=O)s2)C1,-8.584307128
N#CN1CCC[C@@H](c2ncccc2-c2ncc(C(=O)N[C@@H]3CCC(=O)NC3=O)s2)C1,-8.574192044
N#CN1CCC[C@H](c2ncccc2-c2ncc(C(=O)N[C@H]3CCC(=O)NC3=O)s2)C1,-8.480866609
N#CN1CCC[C@@H](c2ncccc2-c2ncc(C(=O)N[C@H]3CCC(=O)NC3=O)s2)C1,-8.377938971
O=C1CC[C@H](NC(=O)c2onc3c2CCCC3)C(=O)N1,-7.980289756
O=C1CC[C@@H](NC(=O)c2onc3c2CCCC3)C(=O)N1,-7.98035397
N#CN1CCC[C@H](c2ncnc(Nc3cccc([C@@H]4CCC(=O)NC4=O)c3)n2)C1,-8.014537655
N#CN1CCC[C@@H](c2ncnc(Nc3cccc([C@@H]4CCC(=O)NC4=O)c3)n2)C1,-7.910770372
N#CN1CCC[C@H](c2ncnc(Nc3cccc([C@H]4CCC(=O)NC4=O)c3)n2)C1,-7.848059639
N#CN1CCC[C@@H](c2ncnc(Nc3cccc([C@H]4CCC(=O)NC4=O)c3)n2)C1,-8.013483039
O=C1CC[C@H](NC(=O)c2cc3ccsc3s2)C(=O)N1,-7.996425532
O=C1CC[C@@H](NC(=O)c2cc3ccsc3s2)C(=O)N1,-7.996084913
O=C1CC[C@H](NC(=O)c2cc3c(S(=O)(=O)F)csc3s2)C(=O)N1,-8.307056433
O=C1CC[C@@H](NC(=O)c2cc3c(S(=O)(=O)F)csc3s2)C(=O)N1,-8.307329775
O=C1CC[C@H](c2ccc(NC(=O)c3csc4nc[nH]c(=O)c34)cc2)C(=O)N1,-8.200754188
O=C1CC[C@@H](c2ccc(NC(=O)c3csc4nc[nH]c(=O)c34)cc2)C(=O)N1,-8.179620716
CCn1ccc(CC(=O)NCc2nc(C(=O)N[C@@H]3CCC(=O)NC3=O)co2)n1,-7.871229203
CCn1ccc(CC(=O)NCc2nc(C(=O)N[C@H]3CCC(=O)NC3=O)co2)n1,-7.884333432
N#CN1CCC[C@H](c2ccncc2C(=O)Nc2ccc([C@@H]3CCC(=O)NC3=O)cc2)C1,-8.016233305
N#CN1CCC[C@@H](c2ccncc2C(=O)Nc2ccc([C@@H]3CCC(=O)NC3=O)cc2)C1,-8.00365792
N#CN1CCC[C@H](c2ccncc2C(=O)Nc2ccc([C@H]3CCC(=O)NC3=O)cc2)C1,-7.883029617
N#CN1CCC[C@@H](c2ccncc2C(=O)Nc2ccc([C@H]3CCC(=O)NC3=O)cc2)C1,-8.030087004
N#CN1CCC[C@H](c2cnc3c(-c4cn([C@@H]5CCC(=O)NC5=O)nn4)cccc3c2)C1,-8.211540415
N#CN1CCC[C@@H](c2cnc3c(-c4cn([C@@H]5CCC(=O)NC5=O)nn4)cccc3c2)C1,-8.328036182
N#CN1CCC[C@H](c2cnc3c(-c4cn([C@H]5CCC(=O)NC5=O)nn4)cccc3c2)C1,-8.16259624
N#CN1CCC[C@@H](c2cnc3c(-c4cn([C@H]5CCC(=O)NC5=O)nn4)cccc3c2)C1,-8.323614258
O=C1CC[C@H](NC(=O)c2cnc3ncc(Cl)cn23)C(=O)N1,-8.348429944
O=C1CC[C@@H](NC(=O)c2cnc3ncc(Cl)cn23)C(=O)N1,-8.348129856
O=C1CC[C@H](NC(=O)c2cnc3ncc(OS(=O)(=O)F)cn23)C(=O)N1,-8.681885933
O=C1CC[C@@H](NC(=O)c2cnc3ncc(OS(=O)(=O)F)cn23)C(=O)N1,-8.7345513
O=C1CC[C@H](NC(=O)c2cnc3[nH]c(C(F)(F)F)nc3c2)C(=O)N1,-8.62215438
O=C1CC[C@@H](NC(=O)c2cnc3[nH]c(C(F)(F)F)nc3c2)C(=O)N1,-8.621643265
O=C1CC[C@H](N2Cc3cc(-c4coc(-c5ccccc5)n4)ccc3C2=O)C(=O)N1,-8.487567684
O=C1CC[C@@H](N2Cc3cc(-c4coc(-c5ccccc5)n4)ccc3C2=O)C(=O)N1,-8.47904282
N#CN1CCC[C@H](c2ccc3c(c2)O[C@H](c2nc(C(=O)N[C@@H]4CCC(=O)NC4=O)cs2)C3)C1,-7.963303776
N#CN1CCC[C@@H](c2ccc3c(c2)O[C@H](c2nc(C(=O)N[C@@H]4CCC(=O)NC4=O)cs2)C3)C1,-7.935625299
N#CN1CCC[C@H](c2ccc3c(c2)O[C@@H](c2nc(C(=O)N[C@@H]4CCC(=O)NC4=O)cs2)C3)C1,-7.929862232
N#CN1CCC[C@@H](c2ccc3c(c2)O[C@@H](c2nc(C(=O)N[C@@H]4CCC(=O)NC4=O)cs2)C3)C1,-7.927328967
N#CN1CCC[C@H](c2ccc3c(c2)O[C@H](c2nc(C(=O)N[C@H]4CCC(=O)NC4=O)cs2)C3)C1,-7.99797692
N#CN1CCC[C@@H](c2ccc3c(c2)O[C@H](c2nc(C(=O)N[C@H]4CCC(=O)NC4=O)cs2)C3)C1,-7.931971976
N#CN1CCC[C@H](c2ccc3c(c2)O[C@@H](c2nc(C(=O)N[C@H]4CCC(=O)NC4=O)cs2)C3)C1,-7.908031608
N#CN1CCC[C@@H](c2ccc3c(c2)O[C@@H](c2nc(C(=O)N[C@H]4CCC(=O)NC4=O)cs2)C3)C1,-7.9046862
N#CN1CC[C@H](c2ccc3c(c2)CCCN3c2ccc(C(=O)N[C@@H]3CCC(=O)NC3=O)cc2)C1,-8.000089365
N#CN1CC[C@@H](c2ccc3c(c2)CCCN3c2ccc(C(=O)N[C@@H]3CCC(=O)NC3=O)cc2)C1,-7.998768631
N#CN1CC[C@H](c2ccc3c(c2)CCCN3c2ccc(C(=O)N[C@H]3CCC(=O)NC3=O)cc2)C1,-8.007932022
N#CN1CC[C@@H](c2ccc3c(c2)CCCN3c2ccc(C(=O)N[C@H]3CCC(=O)NC3=O)cc2)C1,-8.017403839
Cn1nc(C(=O)N[C@@H]2CCC(=O)NC2=O)c(C(F)(F)F)n1,-8.431762352
Cn1nc(C(=O)N[C@H]2CCC(=O)NC2=O)c(C(F)(F)F)n1,-8.431966713
O=C1CC[C@H](NC(=O)c2cnn(CC(F)(F)F)n2)C(=O)N1,-8.286999779
O=C1CC[C@@H](NC(=O)c2cnn(CC(F)(F)F)n2)C(=O)N1,-8.286274431
CCn1nc(Br)c(C(=O)N[C@@H]2CCC(=O)NC2=O)n1,-8.149353154
CCn1nc(Br)c(C(=O)N[C@H]2CCC(=O)NC2=O)n1,-8.149312506
O=C1CC[C@H](NC(=O)c2cc3c(cc2Br)NC(=O)CO3)C(=O)N1,-8.057329147
O=C1CC[C@@H](NC(=O)c2cc3c(cc2Br)NC(=O)CO3)C(=O)N1,-8.058276276
O=C1NCc2cc(CNc3nccc(Oc4ccccc4)n3)ccc21,-7.167754541
O=C1CC[C@H](c2ccc(Nc3nnc(Cc4ccc(F)cc4)o3)cc2)C(=O)N1,-7.701943255
O=C1CC[C@@H](c2ccc(Nc3nnc(Cc4ccc(F)cc4)o3)cc2)C(=O)N1,-7.707732972
N#CN1CCC[C@H](c2ccccc2-c2csc(C(=O)N[C@@H]3CCC(=O)NC3=O)n2)C1,-7.913661656
N#CN1CCC[C@@H](c2ccccc2-c2csc(C(=O)N[C@@H]3CCC(=O)NC3=O)n2)C1,-8.110491598
N#CN1CCC[C@H](c2ccccc2-c2csc(C(=O)N[C@H]3CCC(=O)NC3=O)n2)C1,-8.227932693
N#CN1CCC[C@@H](c2ccccc2-c2csc(C(=O)N[C@H]3CCC(=O)NC3=O)n2)C1,-8.22922589
O=C1CC[C@H](NC(=O)c2sc3cccnc3c2Br)C(=O)N1,-8.588581352
O=C1CC[C@@H](NC(=O)c2sc3cccnc3c2Br)C(=O)N1,-8.588389837
O=C1CC[C@H](NC(=O)c2cc3nc(S(=O)(=O)F)ccc3s2)C(=O)N1,-9.091069523
O=C1CC[C@@H](NC(=O)c2cc3nc(S(=O)(=O)F)ccc3s2)C(=O)N1,-8.986860676
O=C1CC[C@H](NC(=O)c2cc3nccc(S(=O)(=O)F)c3s2)C(=O)N1,-8.688537022
O=C1CC[C@@H](NC(=O)c2cc3nccc(S(=O)(=O)F)c3s2)C(=O)N1,-9.088222457
O=c1cc[nH]c(=O)[nH]1,-7.5755
N#CCNC(=O)Cn1ccc(=O)[nH]c1=O,-7.771877641
Cn1ccc(=O)[nH]c1=O,-7.4409
Nn1ccc(=O)[nH]c1=O,-7.5027
CCOCCS(=O)(=O)N(C)c1ccccc1C(=O)N[C@@H]1CCC(=O)NC1=O,-7.588801064
CCOCCS(=O)(=O)N(C)c1ccccc1C(=O)N[C@H]1CCC(=O)NC1=O,-7.577736483
CC(C)(C)c1ccc(C(=O)N[C@@H]2CCC(=O)NC2=O)cc1,-7.895325858
CC(C)(C)c1ccc(C(=O)N[C@H]2CCC(=O)NC2=O)cc1,-7.930162989
Cc1c(C(=O)N[C@@H]2CCC(=O)NC2=O)cccc1[N+](=O)[O-],-8.948293546
Cc1c(C(=O)N[C@H]2CCC(=O)NC2=O)cccc1[N+](=O)[O-],-8.938086793
COc1cc(OC)cc(C(=O)N[C@@H]2CCC(=O)NC2=O)c1,-7.997128401
COc1cc(OC)cc(C(=O)N[C@H]2CCC(=O)NC2=O)c1,-8.003664012
COc1cccc(OC)c1C(=O)N[C@@H]1CCC(=O)NC1=O,-8.007275084
COc1cccc(OC)c1C(=O)N[C@H]1CCC(=O)NC1=O,-7.995235762
CC(C)c1cccc(F)c1C(=O)N[C@@H]1CCC(=O)NC1=O,-7.912130194
CC(C)c1cccc(F)c1C(=O)N[C@H]1CCC(=O)NC1=O,-7.911186272
O=C1CC[C@H](NC(=O)c2ccccc2)C(=O)N1,-7.982390014
O=C1CC[C@@H](NC(=O)c2ccccc2)C(=O)N1,-7.982390951
CCSc1ccccc1C(=O)N[C@@H]1CCC(=O)NC1=O,-7.910367864
CCSc1ccccc1C(=O)N[C@H]1CCC(=O)NC1=O,-7.890186972
O=C1CC[C@H](NC(=O)c2ccc([N+](=O)[O-])cc2F)C(=O)N1,-9.204833048
O=C1CC[C@@H](NC(=O)c2ccc([N+](=O)[O-])cc2F)C(=O)N1,-9.602925181
O=C1CC[C@H](NC(=O)c2c(F)cccc2[N+](=O)[O-])C(=O)N1,-9.603124067
O=C1CC[C@@H](NC(=O)c2c(F)cccc2[N+](=O)[O-])C(=O)N1,-9.352637109
O=C1CC[C@H](NC(=O)c2cccc([N+](=O)[O-])c2F)C(=O)N1,-9.193064956
O=C1CC[C@@H](NC(=O)c2cccc([N+](=O)[O-])c2F)C(=O)N1,-9.352243609
CN1C(=O)CC[C@H](NC(=O)c2ccccc2C(F)F)C1=O,-7.951854925
CN1C(=O)CC[C@@H](NC(=O)c2ccccc2C(F)F)C1=O,-7.935719512
COc1ccc(Cl)cc1C(=O)N[C@@H]1CCC(=O)NC1=O,-7.904551396
COc1ccc(Cl)cc1C(=O)N[C@H]1CCC(=O)NC1=O,-7.905039371
Cc1cc(F)cc(Cl)c1C(=O)N[C@@H]1CCC(=O)NC1=O,-8.068729158
Cc1cc(F)cc(Cl)c1C(=O)N[C@H]1CCC(=O)NC1=O,-8.06855437
O=C1CC[C@H](NC(=O)c2cccc(C(F)(F)F)c2)C(=O)N1,-8.20511487
O=C1CC[C@@H](NC(=O)c2cccc(C(F)(F)F)c2)C(=O)N1,-8.16000512
O=C1CC[C@H](NC(=O)c2ccc(C(F)(F)F)cc2)C(=O)N1,-8.160438438
O=C1CC[C@@H](NC(=O)c2ccc(C(F)(F)F)cc2)C(=O)N1,-8.205214833
O=C1CC[C@H](NC(=O)c2ccccc2C(F)(F)F)C(=O)N1,-7.982486391
O=C1CC[C@@H](NC(=O)c2ccccc2C(F)(F)F)C(=O)N1,-7.982810102
O=C1CC[C@H](NC(=O)c2cc(F)c(F)c(F)c2F)C(=O)N1,-8.680634673
O=C1CC[C@@H](NC(=O)c2cc(F)c(F)c(F)c2F)C(=O)N1,-8.680536955
CC(C)COc1cccc(C(=O)N[C@@H]2CCC(=O)NC2=O)c1,-7.960407628
CC(C)COc1cccc(C(=O)N[C@H]2CCC(=O)NC2=O)c1,-7.958431075
CC(C)COc1ccc(C(=O)N[C@@H]2CCC(=O)NC2=O)cc1,-7.92558088
CC(C)COc1ccc(C(=O)N[C@H]2CCC(=O)NC2=O)cc1,-7.925532671
COc1ccc(F)c(C(=O)N[C@@H]2CCC(=O)NC2=O)c1C#N,-8.132868731
COc1ccc(F)c(C(=O)N[C@H]2CCC(=O)NC2=O)c1C#N,-8.133310557
COc1cc(C(=O)N[C@@H]2CCC(=O)NC2=O)cc(OC)c1C,-7.9784
COc1cc(C(=O)N[C@H]2CCC(=O)NC2=O)cc(OC)c1C,-7.978
CCCSc1ccc(C(=O)N[C@@H]2CCC(=O)NC2=O)cc1,-8.017216834
CCCSc1ccc(C(=O)N[C@H]2CCC(=O)NC2=O)cc1,-8.017114592
CCNc1ccc(Cl)cc1C(=O)N[C@@H]1CCC(=O)NC1=O,-8.032868461
CCNc1ccc(Cl)cc1C(=O)N[C@H]1CCC(=O)NC1=O,-8.032633188
CS(=O)(=O)c1ccccc1C(=O)N[C@@H]1CCC(=O)NC1=O,-7.921695297
CS(=O)(=O)c1ccccc1C(=O)N[C@H]1CCC(=O)NC1=O,-7.924884393
CS(=O)(=O)c1ccc(C(=O)N[C@@H]2CCC(=O)NC2=O)cc1,-8.165604543
CS(=O)(=O)c1ccc(C(=O)N[C@H]2CCC(=O)NC2=O)cc1,-8.165594412
COCc1cc(Cl)cc(C(=O)N[C@@H]2CCC(=O)NC2=O)c1,-8.033857817
COCc1cc(Cl)cc(C(=O)N[C@H]2CCC(=O)NC2=O)c1,-8.033644123
O=C1CC[C@H](NC(=O)c2ccc(Br)cc2)C(=O)N1,-8.131094067
O=C1CC[C@@H](NC(=O)c2ccc(Br)cc2)C(=O)N1,-8.120357352
O=C1CC[C@H](NC(=O)c2cccc(Br)c2)C(=O)N1,-8.130594306
O=C1CC[C@@H](NC(=O)c2cccc(Br)c2)C(=O)N1,-8.120168418
O=C1CC[C@H](NC(=O)c2ccccc2Br)C(=O)N1,-7.961871677
O=C1CC[C@@H](NC(=O)c2ccccc2Br)C(=O)N1,-7.963525683
N#Cc1c(F)c(F)cc(C(=O)N[C@@H]2CCC(=O)NC2=O)c1F,-9.00172912
N#Cc1c(F)c(F)cc(C(=O)N[C@H]2CCC(=O)NC2=O)c1F,-9.001720518
O=C1CC[C@H](NC(=O)c2ccc(Cl)c([N+](=O)[O-])c2)C(=O)N1,-9.144953554
O=C1CC[C@@H](NC(=O)c2ccc(Cl)c([N+](=O)[O-])c2)C(=O)N1,-9.145024618
Nc1cc(OC(F)F)cc(C(=O)N[C@@H]2CCC(=O)NC2=O)c1,-7.884310165
Nc1cc(OC(F)F)cc(C(=O)N[C@H]2CCC(=O)NC2=O)c1,-7.884609053
COc1c(N)c(F)cc(C(=O)N[C@@H]2CCC(=O)NC2=O)c1F,-8.03081081
COc1c(N)c(F)cc(C(=O)N[C@H]2CCC(=O)NC2=O)c1F,-8.031106021
O=C1CC[C@H](NC(=O)c2cccc(S(=O)(=O)F)c2)C(=O)N1,-8.252432145
O=C1CC[C@@H](NC(=O)c2cccc(S(=O)(=O)F)c2)C(=O)N1,-8.388212067
O=C1CC[C@H](NC(=O)c2ccc(S(=O)(=O)F)cc2)C(=O)N1,-8.248665797
O=C1CC[C@@H](NC(=O)c2ccc(S(=O)(=O)F)cc2)C(=O)N1,-8.388110518
Nc1ccc(C(=O)N[C@@H]2CCC(=O)NC2=O)c(C(F)(F)F)c1,-7.876447519
Nc1ccc(C(=O)N[C@H]2CCC(=O)NC2=O)c(C(F)(F)F)c1,-7.876380957
C=CC(=O)NCc1cccc(C(=O)N[C@@H]2CCC(=O)NC2=O)c1,-7.887207735
C=CC(=O)NCc1cccc(C(=O)N[C@H]2CCC(=O)NC2=O)c1,-7.887198295
CC(C)c1ccc(C(=O)N[C@@H]2CCC(=O)NC2=O)c(C(C)C)c1,-7.949573569
CC(C)c1ccc(C(=O)N[C@H]2CCC(=O)NC2=O)c(C(C)C)c1,-7.950532255
Cc1ccccc1C(=O)N[C@@H]1CCC(=O)NC1=O,-7.976269683
Cc1ccccc1C(=O)N[C@H]1CCC(=O)NC1=O,-7.976321995
Cc1ccc(C(=O)N[C@@H]2CCC(=O)NC2=O)cc1,-7.942488312
N#CC[S@](=O)c1ccc(C(=O)N[C@@H]2CCC(=O)NC2=O)cc1,-8.142035221
N#CC[S@@](=O)c1ccc(C(=O)N[C@@H]2CCC(=O)NC2=O)cc1,-8.134930012
N#CC[S@](=O)c1ccc(C(=O)N[C@H]2CCC(=O)NC2=O)cc1,-8.134825025
N#CC[S@@](=O)c1ccc(C(=O)N[C@H]2CCC(=O)NC2=O)cc1,-8.1424076
Cc1ccc(C(=O)N[C@H]2CCC(=O)NC2=O)cc1,-7.942587954
Nc1ccccc1C(=O)N[C@@H]1CCC(=O)NC1=O,-7.962085666
Nc1ccccc1C(=O)N[C@H]1CCC(=O)NC1=O,-7.962385838
Nc1cccc(C(=O)N[C@@H]2CCC(=O)NC2=O)c1,-7.838742202
Nc1cccc(C(=O)N[C@H]2CCC(=O)NC2=O)c1,-7.838640464
CCCCNc1ccc(C(=O)N[C@@H]2CCC(=O)NC2=O)c(F)c1,-7.724654611
Nc1ccc(C(=O)N[C@@H]2CCC(=O)NC2=O)cc1,-7.853480591
CCCCNc1ccc(C(=O)N[C@H]2CCC(=O)NC2=O)c(F)c1,-7.723326925
Nc1ccc(C(=O)N[C@H]2CCC(=O)NC2=O)cc1,-7.853482911
CNC(=O)Nc1cccc(C(=O)N[C@@H]2CCC(=O)NC2=O)c1F,-7.921649762
CNC(=O)Nc1cccc(C(=O)N[C@H]2CCC(=O)NC2=O)c1F,-7.921530525
COc1cc(C(=O)N[C@@H]2CCC(=O)NC2=O)cc(OC)c1OC,-8.033989269
COc1cc(C(=O)N[C@H]2CCC(=O)NC2=O)cc(OC)c1OC,-8.03419382
CCCCOc1ccc(C(=O)N[C@@H]2CCC(=O)NC2=O)c(F)c1,-7.804237056
CCCCOc1ccc(C(=O)N[C@H]2CCC(=O)NC2=O)c(F)c1,-7.804637973
CCS(=O)(=O)c1ccc(C(=O)N[C@@H]2CCC(=O)NC2=O)cc1,-8.152122235
CCS(=O)(=O)c1ccc(C(=O)N[C@H]2CCC(=O)NC2=O)cc1,-8.14909966
CCS(=O)(=O)c1ccccc1C(=O)N[C@@H]1CCC(=O)NC1=O,-7.877133003
CCS(=O)(=O)c1ccccc1C(=O)N[C@H]1CCC(=O)NC1=O,-7.882758687
Cc1cc(Br)ccc1C(=O)N[C@@H]1CCC(=O)NC1=O,-8.126020403
Cc1cc(Br)ccc1C(=O)N[C@H]1CCC(=O)NC1=O,-8.126049956
O=C1CC[C@H](NC(=O)c2cccc(F)c2)C(=O)N1,-8.076011369
O=C1CC[C@@H](NC(=O)c2cccc(F)c2)C(=O)N1,-8.075646191
COc1cc(Cl)c(Cl)cc1C(=O)N[C@@H]1CCC(=O)NC1=O,-7.970806164
COc1cc(Cl)c(Cl)cc1C(=O)N[C@H]1CCC(=O)NC1=O,-7.970939228
Nc1cc(OC(F)(F)F)ccc1C(=O)N[C@@H]1CCC(=O)NC1=O,-8.08510088
Nc1cc(OC(F)(F)F)ccc1C(=O)N[C@H]1CCC(=O)NC1=O,-8.085258828
C=C(F)C(=O)NCc1cccc(C(=O)N[C@@H]2CCC(=O)NC2=O)c1,-7.824916272
C=C(F)C(=O)NCc1cccc(C(=O)N[C@H]2CCC(=O)NC2=O)c1,-7.844998691
CCCCNc1ccc(C(=O)N[C@@H]2CCC(=O)NC2=O)c(OC)c1,-7.679343428
CCCCNc1ccc(C(=O)N[C@H]2CCC(=O)NC2=O)c(OC)c1,-7.678508961
COCCCOc1cccc(C(=O)N[C@@H]2CCC(=O)NC2=O)c1C,-7.930822459
COCCCOc1cccc(C(=O)N[C@H]2CCC(=O)NC2=O)c1C,-7.931621902
Cc1c([N+](=O)[O-])cc(C(=O)N[C@@H]2CCC(=O)NC2=O)cc1[N+](=O)[O-],-9.592714212
Cc1c([N+](=O)[O-])cc(C(=O)N[C@H]2CCC(=O)NC2=O)cc1[N+](=O)[O-],-9.593113295
Cc1c(C(=O)N[C@@H]2CCC(=O)NC2=O)cc([N+](=O)[O-])cc1[N+](=O)[O-],-9.684215974
Cc1c(C(=O)N[C@H]2CCC(=O)NC2=O)cc([N+](=O)[O-])cc1[N+](=O)[O-],-9.684169909
COc1cc(C(=O)N[C@@H]2CCC(=O)NC2=O)c([N+](=O)[O-])cc1OC,-8.788858344
COc1cc(C(=O)N[C@H]2CCC(=O)NC2=O)c([N+](=O)[O-])cc1OC,-8.975145618
CNC(=O)Cc1ccc(Cl)c(C(=O)N[C@@H]2CCC(=O)NC2=O)c1,-7.989457566
CNC(=O)Cc1ccc(Cl)c(C(=O)N[C@H]2CCC(=O)NC2=O)c1,-7.985793205
O=C(CCl)NCc1cccc(C(=O)N[C@@H]2CCC(=O)NC2=O)c1,-7.958590244
O=C(CCl)NCc1cccc(C(=O)N[C@H]2CCC(=O)NC2=O)c1,-7.972389
COCCOCc1cc(C(=O)N[C@@H]2CCC(=O)NC2=O)ccc1F,-7.893367121
COCCOCc1cc(C(=O)N[C@H]2CCC(=O)NC2=O)ccc1F,-8.031889859
N#Cc1cccc(C(=O)N[C@@H]2CCC(=O)NC2=O)c1,-8.138876081
CCCS(=O)(=O)c1ccc(C(=O)N[C@@H]2CCC(=O)NC2=O)cc1,-8.152347145
CCCS(=O)(=O)c1ccc(C(=O)N[C@H]2CCC(=O)NC2=O)cc1,-8.14955172
CCCS(=O)(=O)c1ccccc1C(=O)N[C@@H]1CCC(=O)NC1=O,-7.917036511
CCCS(=O)(=O)c1ccccc1C(=O)N[C@H]1CCC(=O)NC1=O,-7.982181905
N#Cc1cccc(C(=O)N[C@H]2CCC(=O)NC2=O)c1,-8.139045584
CN(C)S(=O)(=O)c1ccc(C(=O)N[C@@H]2CCC(=O)NC2=O)cc1,-8.170271827
CN(C)S(=O)(=O)c1ccc(C(=O)N[C@H]2CCC(=O)NC2=O)cc1,-8.169205125
C[C@H](c1cccc(C(=O)N[C@@H]2CCC(=O)NC2=O)c1)S(N)(=O)=O,-8.083325706
C[C@@H](c1cccc(C(=O)N[C@@H]2CCC(=O)NC2=O)c1)S(N)(=O)=O,-8.042293522
C[C@H](c1cccc(C(=O)N[C@H]2CCC(=O)NC2=O)c1)S(N)(=O)=O,-8.059409276
C[C@@H](c1cccc(C(=O)N[C@H]2CCC(=O)NC2=O)c1)S(N)(=O)=O,-8.087696582
COc1c(Br)cccc1C(=O)N[C@@H]1CCC(=O)NC1=O,-7.964939226
COc1c(Br)cccc1C(=O)N[C@H]1CCC(=O)NC1=O,-7.966412165
Cc1cc(C(=O)N[C@@H]2CCC(=O)NC2=O)ccc1NC(=O)CC(C)C,-7.215550813
Cc1cc(C(=O)N[C@H]2CCC(=O)NC2=O)ccc1NC(=O)CC(C)C,-7.919481836
O=C1CC[C@H](NC(=O)c2ccccc2[S@](=O)C(F)(F)F)C(=O)N1,-8.175832159
O=C1CC[C@@H](NC(=O)c2ccccc2[S@](=O)C(F)(F)F)C(=O)N1,-8.162845178
O=C1CC[C@H](NC(=O)c2ccccc2[S@@](=O)C(F)(F)F)C(=O)N1,-8.165644766
O=C1CC[C@@H](NC(=O)c2ccccc2[S@@](=O)C(F)(F)F)C(=O)N1,-8.176972646
NCc1cccc(C(=O)N[C@@H]2CCC(=O)NC2=O)c1,-8.006193628
NCc1cccc(C(=O)N[C@H]2CCC(=O)NC2=O)c1,-8.005922994
CNc1ccccc1C(=O)N[C@@H]1CCC(=O)NC1=O,-7.965383694
CNc1ccccc1C(=O)N[C@H]1CCC(=O)NC1=O,-7.965482641
Cc1cc(N)ccc1C(=O)N[C@@H]1CCC(=O)NC1=O,-7.879674283
Cc1cc(N)ccc1C(=O)N[C@H]1CCC(=O)NC1=O,-7.884158363
COc1cccc(C(=O)N[C@@H]2CCC(=O)NC2=O)c1,-7.892584565
COc1cccc(C(=O)N[C@H]2CCC(=O)NC2=O)c1,-7.892521647
COc1ccc(C(=O)N[C@@H]2CCC(=O)NC2=O)cc1,-7.934886629
COc1ccc(C(=O)N[C@H]2CCC(=O)NC2=O)cc1,-7.934286017
COc1ccccc1C(=O)N[C@@H]1CCC(=O)NC1=O,-7.807415027
COc1ccccc1C(=O)N[C@H]1CCC(=O)NC1=O,-7.808005215
Nc1ccc(C(=O)N[C@@H]2CCC(=O)NC2=O)c(O)c1,-8.004785367
Nc1ccc(C(=O)N[C@H]2CCC(=O)NC2=O)c(O)c1,-8.004885956
Nc1ccc(C(=O)N[C@@H]2CCC(=O)NC2=O)c(F)c1,-7.762618001
Nc1ccc(C(=O)N[C@H]2CCC(=O)NC2=O)c(F)c1,-7.823619918
Nc1cccc(C(=O)N[C@@H]2CCC(=O)NC2=O)c1F,-7.76271758
Nc1cccc(C(=O)N[C@H]2CCC(=O)NC2=O)c1F,-7.823518636
Nc1cccc(F)c1C(=O)N[C@@H]1CCC(=O)NC1=O,-7.871194105
Nc1cccc(F)c1C(=O)N[C@H]1CCC(=O)NC1=O,-7.871394101
O=C1CC[C@H](NC(=O)c2cccc(Cl)c2)C(=O)N1,-8.065592157
O=C1CC[C@@H](NC(=O)c2cccc(Cl)c2)C(=O)N1,-8.0639023
O=C1CC[C@H](NC(=O)c2ccc(Cl)cc2)C(=O)N1,-8.063598788
O=C1CC[C@@H](NC(=O)c2ccc(Cl)cc2)C(=O)N1,-8.065790991
O=C1CC[C@H](NC(=O)c2ccccc2Cl)C(=O)N1,-7.973858219
O=C1CC[C@@H](NC(=O)c2ccccc2Cl)C(=O)N1,-7.973494835
O=C1CC[C@H](NC(=O)c2ccccc2I)C(=O)N1,-8.003229058
O=C1CC[C@@H](NC(=O)c2ccccc2I)C(=O)N1,-8.003513885
COc1cc(OC)c(C(=O)N[C@@H]2CCC(=O)NC2=O)c(OC(F)F)c1,-7.922322843
COc1cc(OC)c(C(=O)N[C@H]2CCC(=O)NC2=O)c(OC(F)F)c1,-7.896021808
CN(CC(C)(C)C)C(=O)c1cccc(C(=O)N[C@@H]2CCC(=O)NC2=O)c1,-8.009496333
CN(CC(C)(C)C)C(=O)c1cccc(C(=O)N[C@H]2CCC(=O)NC2=O)c1,-8.028095661
O=C1CC[C@H](NC(=O)c2cc(F)cc(F)c2)C(=O)N1,-8.018260671
O=C1CC[C@@H](NC(=O)c2cc(F)cc(F)c2)C(=O)N1,-8.018064441
O=C1CC[C@H](NC(=O)c2ccc(F)c(F)c2)C(=O)N1,-8.00536226
O=C1CC[C@@H](NC(=O)c2ccc(F)c(F)c2)C(=O)N1,-8.005257845
O=C1CC[C@H](NC(=O)c2cc(F)ccc2F)C(=O)N1,-8.175744343
O=C1CC[C@@H](NC(=O)c2cc(F)ccc2F)C(=O)N1,-8.168695804
CC(C)(C)c1cc(C(=O)N[C@@H]2CCC(=O)NC2=O)c(O)c(C(C)(C)C)c1,-8.046888813
CC(C)(C)c1cc(C(=O)N[C@H]2CCC(=O)NC2=O)c(O)c(C(C)(C)C)c1,-8.046111696
Nc1c(Br)ccc(Cl)c1C(=O)N[C@@H]1CCC(=O)NC1=O,-8.09507929
Nc1c(Br)ccc(Cl)c1C(=O)N[C@H]1CCC(=O)NC1=O,-8.09487964
O=C1CC[C@H](NC(=O)c2cccc(F)c2F)C(=O)N1,-8.16879599
O=C1CC[C@@H](NC(=O)c2cccc(F)c2F)C(=O)N1,-8.175756544
COc1cccc(NC(=O)C(C)(C)C)c1C(=O)N[C@@H]1CCC(=O)NC1=O,-7.9903
COc1cccc(NC(=O)C(C)(C)C)c1C(=O)N[C@H]1CCC(=O)NC1=O,-7.9907
NS(=O)(=O)c1cc(F)c(Cl)c(C(=O)N[C@@H]2CCC(=O)NC2=O)c1,-8.377781617
NS(=O)(=O)c1cc(F)c(Cl)c(C(=O)N[C@H]2CCC(=O)NC2=O)c1,-8.349542161
CCOc1cc(C(=O)N[C@@H]2CCC(=O)NC2=O)cc(OCC)c1OCC,-8.005672398
CCOc1cc(C(=O)N[C@H]2CCC(=O)NC2=O)cc(OCC)c1OCC,-7.967457837
O=C1CC[C@H](NC(=O)c2ccc(OC(F)(F)F)c(C(F)F)c2)C(=O)N1,-8.176274294
O=C1CC[C@@H](NC(=O)c2ccc(OC(F)(F)F)c(C(F)F)c2)C(=O)N1,-8.176020625
O=C1CC[C@H](NC(=O)c2cc(Cl)cc(Cl)c2OC(F)F)C(=O)N1,-8.222407654
O=C1CC[C@@H](NC(=O)c2cc(Cl)cc(Cl)c2OC(F)F)C(=O)N1,-8.222286438
CCN(CC)S(=O)(=O)c1ccc(C(=O)N[C@@H]2CCC(=O)NC2=O)cc1,-8.154173084
CCN(CC)S(=O)(=O)c1ccc(C(=O)N[C@H]2CCC(=O)NC2=O)cc1,-8.154484959
CC(C)Oc1ccc(S(C)(=O)=O)cc1C(=O)N[C@@H]1CCC(=O)NC1=O,-7.985818095
CC(C)Oc1ccc(S(C)(=O)=O)cc1C(=O)N[C@H]1CCC(=O)NC1=O,-8.015438087
CC(C)Oc1cc(C(=O)N[C@@H]2CCC(=O)NC2=O)ccc1Br,-8.117133889
CC(C)Oc1cc(C(=O)N[C@H]2CCC(=O)NC2=O)ccc1Br,-8.116988206
CCCCNc1c(F)cc(C(=O)N[C@@H]2CCC(=O)NC2=O)c(F)c1OC,-7.833997695
CCCCNc1c(F)cc(C(=O)N[C@H]2CCC(=O)NC2=O)c(F)c1OC,-7.842026055
COc1ccc(S(N)(=O)=O)c(OC)c1C(=O)N[C@@H]1CCC(=O)NC1=O,-8.163837834
COc1ccc(S(N)(=O)=O)c(OC)c1C(=O)N[C@H]1CCC(=O)NC1=O,-8.038294548
CCOc1ccc(Br)c(C(=O)N[C@@H]2CCC(=O)NC2=O)c1F,-7.946361174
CCOc1ccc(Br)c(C(=O)N[C@H]2CCC(=O)NC2=O)c1F,-7.957350049
COc1c(F)cc(F)c(C(=O)N[C@@H]2CCC(=O)NC2=O)c1Br,-8.062640973
COc1c(F)cc(F)c(C(=O)N[C@H]2CCC(=O)NC2=O)c1Br,-8.063364622
CCCCNC(=O)CNc1ccc(C(=O)N[C@@H]2CCC(=O)NC2=O)c(F)c1,-7.751215031
CCCCNC(=O)CNc1ccc(C(=O)N[C@H]2CCC(=O)NC2=O)c(F)c1,-7.799723862
O=C1CC[C@H](NC(=O)c2cc(OCC(F)F)cc(C(F)(F)F)c2)C(=O)N1,-8.225337898
O=C1CC[C@@H](NC(=O)c2cc(OCC(F)F)cc(C(F)(F)F)c2)C(=O)N1,-8.225950894
CC(C)c1ccc(C(=O)N[C@@H]2CCC(=O)NC2=O)cc1,-7.944886546
CC(C)c1ccc(C(=O)N[C@H]2CCC(=O)NC2=O)cc1,-7.944286304
CN(C)c1ccc(C(=O)N[C@@H]2CCC(=O)NC2=O)cc1,-7.8308
CN(C)c1ccc(C(=O)N[C@H]2CCC(=O)NC2=O)cc1,-7.8311
CN(C)c1cccc(C(=O)N[C@@H]2CCC(=O)NC2=O)c1,-7.881693365
CN(C)c1cccc(C(=O)N[C@H]2CCC(=O)NC2=O)c1,-7.881161988
CCOc1ccc(C(=O)N[C@@H]2CCC(=O)NC2=O)cc1,-7.92642462
CCOc1ccc(C(=O)N[C@H]2CCC(=O)NC2=O)cc1,-7.960869842
CCOc1cccc(C(=O)N[C@@H]2CCC(=O)NC2=O)c1,-7.926324951
CCOc1cccc(C(=O)N[C@H]2CCC(=O)NC2=O)c1,-7.961157332
CCCCN(C)c1ccc(C(F)(F)F)cc1C(=O)N[C@@H]1CCC(=O)NC1=O,-8.026240416
CCCCN(C)c1ccc(C(F)(F)F)cc1C(=O)N[C@H]1CCC(=O)NC1=O,-7.986400981
O=C1CC[C@H](NC(=O)c2ccccc2[N+](=O)[O-])C(=O)N1,-9.218018124
O=C1CC[C@@H](NC(=O)c2ccccc2[N+](=O)[O-])C(=O)N1,-9.063106147
O=C1CC[C@H](NC(=O)c2ccc([N+](=O)[O-])cc2)C(=O)N1,-9.279617175
O=C1CC[C@@H](NC(=O)c2ccc([N+](=O)[O-])cc2)C(=O)N1,-9.053723597
O=C1CC[C@H](NC(=O)c2cccc([N+](=O)[O-])c2)C(=O)N1,-9.279218526
O=C1CC[C@@H](NC(=O)c2cccc([N+](=O)[O-])c2)C(=O)N1,-9.217846425
COc1cc(N)ccc1C(=O)N[C@@H]1CCC(=O)NC1=O,-7.709895928
COc1cc(N)ccc1C(=O)N[C@H]1CCC(=O)NC1=O,-7.70959619
CS(=O)(=O)c1c(Br)cccc1C(=O)N[C@@H]1CCC(=O)NC1=O,-8.07315903
CS(=O)(=O)c1c(Br)cccc1C(=O)N[C@H]1CCC(=O)NC1=O,-8.066333456
CSc1ccccc1C(=O)N[C@@H]1CCC(=O)NC1=O,-7.902496605
CSc1ccccc1C(=O)N[C@H]1CCC(=O)NC1=O,-7.895905752
COc1ccc(OCC(F)(F)C(F)F)c(C(=O)N[C@@H]2CCC(=O)NC2=O)c1,-7.984413394
COc1ccc(OCC(F)(F)C(F)F)c(C(=O)N[C@H]2CCC(=O)NC2=O)c1,-7.969750674
CN1C(=O)CC[C@H](NC(=O)c2cccc(O)c2F)C1=O,-7.827914925
CN1C(=O)CC[C@@H](NC(=O)c2cccc(O)c2F)C1=O,-7.828015454
Cc1cc(NS(=O)(=O)C(F)(F)F)ccc1C(=O)N[C@@H]1CCC(=O)NC1=O,-8.119033358
Cc1cc(NS(=O)(=O)C(F)(F)F)ccc1C(=O)N[C@H]1CCC(=O)NC1=O,-8.113830965
Cc1c(Cl)cccc1C(=O)N[C@@H]1CCC(=O)NC1=O,-8.069148779
Cc1c(Cl)cccc1C(=O)N[C@H]1CCC(=O)NC1=O,-8.06791284
Nc1ccc(C(=O)N[C@@H]2CCC(=O)NC2=O)c(Cl)c1,-7.861840803
Nc1ccc(C(=O)N[C@H]2CCC(=O)NC2=O)c(Cl)c1,-7.862248642
O=C1CC[C@H](NC(=O)c2c(Br)noc2C2CC2)C(=O)N1,-8.016224921
O=C1CC[C@@H](NC(=O)c2c(Br)noc2C2CC2)C(=O)N1,-8.016739026
COc1ccc2cc(C(=O)Nc3ccc4c(c3)CN([C@@H]3CCC(=O)NC3=O)C4=O)ccc2n1,-8.317940673
COc1ccc2cc(C(=O)Nc3ccc4c(c3)CN([C@H]3CCC(=O)NC3=O)C4=O)ccc2n1,-8.106671413
O=C1CC[C@H](N2Cc3c(C(=O)NC4CC4)cccc3C2=O)C(=O)N1,-7.938274696
O=C1CC[C@@H](N2Cc3c(C(=O)NC4CC4)cccc3C2=O)C(=O)N1,-7.834373044
C[C@@H]1C[C@@H]1NC(=O)c1cccc2c1CN([C@@H]1CCC(=O)NC1=O)C2=O,-8.425785148
C[C@H]1C[C@@H]1NC(=O)c1cccc2c1CN([C@@H]1CCC(=O)NC1=O)C2=O,-8.421234782
C[C@@H]1C[C@H]1NC(=O)c1cccc2c1CN([C@@H]1CCC(=O)NC1=O)C2=O,-7.614011586
C[C@H]1C[C@H]1NC(=O)c1cccc2c1CN([C@@H]1CCC(=O)NC1=O)C2=O,-7.666635171
C[C@@H]1C[C@@H]1NC(=O)c1cccc2c1CN([C@H]1CCC(=O)NC1=O)C2=O,-8.516927396
C[C@H]1C[C@@H]1NC(=O)c1cccc2c1CN([C@H]1CCC(=O)NC1=O)C2=O,-8.396736612
C[C@@H]1C[C@H]1NC(=O)c1cccc2c1CN([C@H]1CCC(=O)NC1=O)C2=O,-8.350919807
C[C@H]1C[C@H]1NC(=O)c1cccc2c1CN([C@H]1CCC(=O)NC1=O)C2=O,-8.516990031
CC1(NC(=O)c2cccc3c2CN([C@@H]2CCC(=O)NC2=O)C3=O)CC1,-7.925088031
CC1(NC(=O)c2cccc3c2CN([C@H]2CCC(=O)NC2=O)C3=O)CC1,-7.91019676
CN(C(=O)c1cccc2c1CN([C@H]1CCC(=O)NC1=O)C2=O)C1CC1,-7.931258742
N#CN1CC[C@H](c2nc3c(c(-c4ccc5c(c4)CN([C@@H]4CCC(=O)NC4=O)C5=O)n2)CCCC3)C1,-7.776686137
N#CN1CC[C@@H](c2nc3c(c(-c4ccc5c(c4)CN([C@@H]4CCC(=O)NC4=O)C5=O)n2)CCCC3)C1,-7.877924197
N#CN1CC[C@H](c2nc3c(c(-c4ccc5c(c4)CN([C@H]4CCC(=O)NC4=O)C5=O)n2)CCCC3)C1,-7.774629545
N#CN1CC[C@@H](c2nc3c(c(-c4ccc5c(c4)CN([C@H]4CCC(=O)NC4=O)C5=O)n2)CCCC3)C1,-7.883818677
C[C@H]1CC[C@@H](C(=O)Nc2cccc3c2CN([C@@H]2CCC(=O)NC2=O)C3=O)CC1,-7.697189546
C[C@H]1CC[C@H](C(=O)Nc2cccc3c2CN([C@@H]2CCC(=O)NC2=O)C3=O)CC1,-7.865631787
C[C@H]1CC[C@@H](C(=O)Nc2cccc3c2CN([C@H]2CCC(=O)NC2=O)C3=O)CC1,-7.709271061
C[C@H]1CC[C@H](C(=O)Nc2cccc3c2CN([C@H]2CCC(=O)NC2=O)C3=O)CC1,-7.747993879
O=C1CC[C@H](NC(=O)c2cnc3c(Br)c[nH]c3c2)C(=O)N1,-8.184630724
O=C1CC[C@@H](NC(=O)c2cnc3c(Br)c[nH]c3c2)C(=O)N1,-8.184718247
O=C1CC[C@H](NC(=O)c2cnc3c(S(=O)(=O)F)c[nH]c3c2)C(=O)N1,-8.680073279
O=C1CC[C@@H](NC(=O)c2cnc3c(S(=O)(=O)F)c[nH]c3c2)C(=O)N1,-8.431225281
N#CN1CCC[C@H](c2cccc(-c3cccc4c3CN([C@@H]3CCC(=O)NC3=O)C4=O)c2)C1,-7.89553567
N#CN1CCC[C@@H](c2cccc(-c3cccc4c3CN([C@@H]3CCC(=O)NC3=O)C4=O)c2)C1,-7.918458096
N#CN1CCC[C@H](c2cccc(-c3cccc4c3CN([C@H]3CCC(=O)NC3=O)C4=O)c2)C1,-7.924685482
N#CN1CCC[C@@H](c2cccc(-c3cccc4c3CN([C@H]3CCC(=O)NC3=O)C4=O)c2)C1,-7.987926544
O=C1CC[C@H](N2Cc3c(cccc3-c3cccc4[nH]ccc34)C2=O)C(=O)N1,-7.806314806
O=C1CC[C@@H](N2Cc3c(cccc3-c3cccc4[nH]ccc34)C2=O)C(=O)N1,-7.803180962
O=C1CC[C@H](N2Cc3c(cccc3-c3ccc(F)c4[nH]ccc34)C2=O)C(=O)N1,-8.306670372
O=C1CC[C@@H](N2Cc3c(cccc3-c3ccc(F)c4[nH]ccc34)C2=O)C(=O)N1,-8.31186151
C[C@@H]1CCCN1S(=O)(=O)Nc1ccc(C2CC(=O)NC(=O)C2)cc1,-7.735808565
C[C@H]1CCCN1S(=O)(=O)Nc1ccc(C2CC(=O)NC(=O)C2)cc1,-7.785706929
C[C@@H]1CCN(S(=O)(=O)Nc2ccc(C3CC(=O)NC(=O)C3)cc2)C1,-7.749788711
C[C@H]1CCN(S(=O)(=O)Nc2ccc(C3CC(=O)NC(=O)C3)cc2)C1,-7.8000837
N#CN1CCC[C@H](c2cc(-c3ccc4c(c3)CN([C@@H]3CCC(=O)NC3=O)C4=O)sn2)C1,-7.898351865
N#CN1CCC[C@@H](c2cc(-c3ccc4c(c3)CN([C@@H]3CCC(=O)NC3=O)C4=O)sn2)C1,-7.97277388
N#CN1CCC[C@H](c2cc(-c3ccc4c(c3)CN([C@H]3CCC(=O)NC3=O)C4=O)sn2)C1,-8.010806918
N#CN1CCC[C@@H](c2cc(-c3ccc4c(c3)CN([C@H]3CCC(=O)NC3=O)C4=O)sn2)C1,-7.956513787
COc1ccc(/C=C/C(=O)Nc2ccc3c(c2)CN([C@@H]2CCC(=O)NC2=O)C3=O)cc1,-7.833403246
COc1ccc(/C=C/C(=O)Nc2ccc3c(c2)CN([C@H]2CCC(=O)NC2=O)C3=O)cc1,-7.845359974
COc1ccc(/C=C\C(=O)Nc2ccc3c(c2)CN([C@@H]2CCC(=O)NC2=O)C3=O)cc1,-7.798368987
COc1ccc(/C=C\C(=O)Nc2ccc3c(c2)CN([C@H]2CCC(=O)NC2=O)C3=O)cc1,-7.816208809
O=C(/C=C/c1ccccc1)Nc1ccc2c(c1)CN([C@@H]1CCC(=O)NC1=O)C2=O,-7.837241211
O=C(/C=C/c1ccccc1)Nc1ccc2c(c1)CN([C@H]1CCC(=O)NC1=O)C2=O,-7.81460465
O=C(/C=C\c1ccccc1)Nc1ccc2c(c1)CN([C@@H]1CCC(=O)NC1=O)C2=O,-7.815026332
O=C(/C=C\c1ccccc1)Nc1ccc2c(c1)CN([C@H]1CCC(=O)NC1=O)C2=O,-7.836344999
CN1CCc2cc3c(cc2C1)C(=O)N([C@@H]1CCC(=O)NC1=O)C3=O,-8.276732879
CN1CCc2cc3c(cc2C1)C(=O)N([C@H]1CCC(=O)NC1=O)C3=O,-8.51168231
O=C1CC[C@H](NC(=O)c2ccccc2NCc2cccnc2)C(=O)N1,-7.777406962
O=C1CC[C@@H](NC(=O)c2ccccc2NCc2cccnc2)C(=O)N1,-7.731944542
N#CN1CC[C@H](c2[nH]nnc2-c2ccc3c(c2)CN([C@@H]2CCC(=O)NC2=O)C3=O)C1,-8.057933228
N#CN1CC[C@@H](c2[nH]nnc2-c2ccc3c(c2)CN([C@@H]2CCC(=O)NC2=O)C3=O)C1,-7.917471586
N#CN1CC[C@H](c2[nH]nnc2-c2ccc3c(c2)CN([C@H]2CCC(=O)NC2=O)C3=O)C1,-7.958753762
N#CN1CC[C@@H](c2[nH]nnc2-c2ccc3c(c2)CN([C@H]2CCC(=O)NC2=O)C3=O)C1,-7.936631844
Cc1nccn1[C@H](C)C(=O)NCc1cc(C(=O)N[C@@H]2CCC(=O)NC2=O)co1,-7.630986724
Cc1nccn1[C@@H](C)C(=O)NCc1cc(C(=O)N[C@@H]2CCC(=O)NC2=O)co1,-7.818067338
Cc1nccn1[C@H](C)C(=O)NCc1cc(C(=O)N[C@H]2CCC(=O)NC2=O)co1,-8.174010922
Cc1nccn1[C@@H](C)C(=O)NCc1cc(C(=O)N[C@H]2CCC(=O)NC2=O)co1,-8.175044671
CC(C)Nc1nc(Nc2ccc([C@@H]3CCC(=O)NC3=O)cc2)nc(NC2CC2)n1,-7.549104157
CC(C)Nc1nc(Nc2ccc([C@H]3CCC(=O)NC3=O)cc2)nc(NC2CC2)n1,-7.5454657
N#CN1CCC[C@H](c2c(-c3ccc4c(c3)C(=O)N([C@@H]3CCC(=O)NC3=O)C4)ccc3c2CCC3)C1,-7.90322938
N#CN1CCC[C@@H](c2c(-c3ccc4c(c3)C(=O)N([C@@H]3CCC(=O)NC3=O)C4)ccc3c2CCC3)C1,-7.808193619
N#CN1CCC[C@H](c2c(-c3ccc4c(c3)C(=O)N([C@H]3CCC(=O)NC3=O)C4)ccc3c2CCC3)C1,-7.799686971
N#CN1CCC[C@@H](c2c(-c3ccc4c(c3)C(=O)N([C@H]3CCC(=O)NC3=O)C4)ccc3c2CCC3)C1,-7.823264488
N#CN1CCC[C@H](c2oc(C(=O)Nc3ccc([C@@H]4CCC(=O)NC4=O)cc3)c3c2COCC3)C1,-7.629558357
N#CN1CCC[C@@H](c2oc(C(=O)Nc3ccc([C@@H]4CCC(=O)NC4=O)cc3)c3c2COCC3)C1,-7.490274926
N#CN1CCC[C@H](c2oc(C(=O)Nc3ccc([C@H]4CCC(=O)NC4=O)cc3)c3c2COCC3)C1,-7.463026313
N#CN1CCC[C@@H](c2oc(C(=O)Nc3ccc([C@H]4CCC(=O)NC4=O)cc3)c3c2COCC3)C1,-7.481184679
O=C1NCc2c(Cl)ccc(NCc3ncnn3-c3ccccc3)c21,-7.473333932
O=C1CC[C@H](c2ccc(NC(=O)c3ccc4nnc(C5CC5)n4c3)cc2)C(=O)N1,-7.713211422
O=C1CC[C@@H](c2ccc(NC(=O)c3ccc4nnc(C5CC5)n4c3)cc2)C(=O)N1,-7.792369867
N#CN1CCC[C@H](c2coc(C(=O)Nc3ccc4c(c3)C(=O)N([C@@H]3CCC(=O)NC3=O)C4)c2)C1,-7.843589092
N#CN1CCC[C@@H](c2coc(C(=O)Nc3ccc4c(c3)C(=O)N([C@@H]3CCC(=O)NC3=O)C4)c2)C1,-7.873154153
N#CN1CCC[C@H](c2coc(C(=O)Nc3ccc4c(c3)C(=O)N([C@H]3CCC(=O)NC3=O)C4)c2)C1,-7.852826616
N#CN1CCC[C@@H](c2coc(C(=O)Nc3ccc4c(c3)C(=O)N([C@H]3CCC(=O)NC3=O)C4)c2)C1,-7.852896095
N#CN1CCC[C@H](c2cc(-c3ccc4c(c3)CN([C@@H]3CCC(=O)NC3=O)C4=O)ccc2C2CC2)C1,-7.380947689
N#CN1CCC[C@@H](c2cc(-c3ccc4c(c3)CN([C@@H]3CCC(=O)NC3=O)C4=O)ccc2C2CC2)C1,-7.861277608
N#CN1CCC[C@H](c2cc(-c3ccc4c(c3)CN([C@H]3CCC(=O)NC3=O)C4=O)ccc2C2CC2)C1,-7.887027781
N#CN1CCC[C@@H](c2cc(-c3ccc4c(c3)CN([C@H]3CCC(=O)NC3=O)C4=O)ccc2C2CC2)C1,-7.939083401
COc1cc2c(Nc3ccc([C@@H]4CCC(=O)NC4=O)cc3)nc(C)nc2cc1F,-8.219281198
COc1cc2c(Nc3ccc([C@H]4CCC(=O)NC4=O)cc3)nc(C)nc2cc1F,-8.221734298
O=C1CC[C@H](n2cc(CC[C@H](O)CCc3ccccc3)nn2)C(=O)N1,-8.178711567
O=C1CC[C@@H](n2cc(CC[C@H](O)CCc3ccccc3)nn2)C(=O)N1,-8.219363358
O=C1CC[C@H](n2cc(CC[C@@H](O)CCc3ccccc3)nn2)C(=O)N1,-8.256809314
O=C1CC[C@@H](n2cc(CC[C@@H](O)CCc3ccccc3)nn2)C(=O)N1,-8.183113262
COc1ccc2c(c1)[C@H](C(=O)Nc1ccc([C@@H]3CCC(=O)NC3=O)cc1)CCN2,-7.646238127
COc1ccc2c(c1)[C@@H](C(=O)Nc1ccc([C@@H]3CCC(=O)NC3=O)cc1)CCN2,-7.631194913
COc1ccc2c(c1)[C@H](C(=O)Nc1ccc([C@H]3CCC(=O)NC3=O)cc1)CCN2,-7.632382897
COc1ccc2c(c1)[C@@H](C(=O)Nc1ccc([C@H]3CCC(=O)NC3=O)cc1)CCN2,-7.615055991
O=C1CC[C@H](NC(=O)c2ccc(Cl)c(NC(=O)c3cccs3)c2)C(=O)N1,-7.941432303
O=C1CC[C@@H](NC(=O)c2ccc(Cl)c(NC(=O)c3cccs3)c2)C(=O)N1,-7.941992729
O=C1CC[C@H](N2C(=O)c3cccc(NC(=O)c4cccnc4)c3C2=O)C(=O)N1,-8.76061562
O=C1CC[C@@H](N2C(=O)c3cccc(NC(=O)c4cccnc4)c3C2=O)C(=O)N1,-8.923441347
O=C1CC[C@H](N2Cc3cc(NC(=O)Cc4ccc5ccccc5c4)ccc3C2=O)C(=O)N1,-7.828896435
O=C1CC[C@@H](N2Cc3cc(NC(=O)Cc4ccc5ccccc5c4)ccc3C2=O)C(=O)N1,-7.850449467
CCc1nn(C)c(CC)c1CNc1ccc([C@]2(CC)CCC(=O)NC2=O)cc1,-7.399938567
CCc1nn(C)c(CC)c1CNc1ccc([C@@]2(CC)CCC(=O)NC2=O)cc1,-7.38688949
O=C1CC[C@H](NC(=O)c2ccc(S(=O)(=O)F)n3cncc23)C(=O)N1,-8.470649602
O=C1CC[C@@H](NC(=O)c2ccc(S(=O)(=O)F)n3cncc23)C(=O)N1,-8.58165943
O=C1CC[C@H](NC(=O)c2cc(S(=O)(=O)F)cn3cncc23)C(=O)N1,-8.392104323
O=C1CC[C@@H](NC(=O)c2cc(S(=O)(=O)F)cn3cncc23)C(=O)N1,-8.584746206
O=C1CC[C@H](NC(=O)c2cccn3c(S(=O)(=O)F)ncc23)C(=O)N1,-8.541200789
O=C1CC[C@@H](NC(=O)c2cccn3c(S(=O)(=O)F)ncc23)C(=O)N1,-8.70614094
O=C1CC[C@H](NC(=O)c2cccn3cncc23)C(=O)N1,-8.143579861
O=C1CC[C@@H](NC(=O)c2cccn3cncc23)C(=O)N1,-8.144247805
N#CN1CCC(c2cc(-c3cncc(C(=O)N[C@@H]4CCC(=O)NC4=O)c3)cc3c2OCC3)CC1,-8.068447564
N#CN1CCC(c2cc(-c3cncc(C(=O)N[C@H]4CCC(=O)NC4=O)c3)cc3c2OCC3)CC1,-8.075697583
N#CN1CCC[C@H](c2ccccc2-c2cc(C(=O)N[C@@H]3CCC(=O)NC3=O)[nH]n2)C1,-8.192372928
N#CN1CCC[C@@H](c2ccccc2-c2cc(C(=O)N[C@@H]3CCC(=O)NC3=O)[nH]n2)C1,-7.840414426
N#CN1CCC[C@H](c2ccccc2-c2cc(C(=O)N[C@H]3CCC(=O)NC3=O)[nH]n2)C1,-8.108715273
N#CN1CCC[C@@H](c2ccccc2-c2cc(C(=O)N[C@H]3CCC(=O)NC3=O)[nH]n2)C1,-7.763417061
N#CN1CC[C@H](c2ccc3c(-c4cn([C@@H]5CCC(=O)NC5=O)nn4)cncc3c2)C1,-8.345337124
N#CN1CC[C@@H](c2ccc3c(-c4cn([C@@H]5CCC(=O)NC5=O)nn4)cncc3c2)C1,-8.339977923
N#CN1CC[C@H](c2ccc3c(-c4cn([C@H]5CCC(=O)NC5=O)nn4)cncc3c2)C1,-8.355874695
N#CN1CC[C@@H](c2ccc3c(-c4cn([C@H]5CCC(=O)NC5=O)nn4)cncc3c2)C1,-8.178122597
O=C1CC[C@H](NC(=O)c2cc(CNC(=O)c3c[nH]c4cnccc34)on2)C(=O)N1,-8.068907979
O=C1CC[C@@H](NC(=O)c2cc(CNC(=O)c3c[nH]c4cnccc34)on2)C(=O)N1,-8.048931608
N#CN1CCC[C@H](c2cn[nH]c2-c2ccc3c(c2)CN([C@@H]2CCC(=O)NC2=O)C3=O)C1,-8.306100781
N#CN1CCC[C@@H](c2cn[nH]c2-c2ccc3c(c2)CN([C@@H]2CCC(=O)NC2=O)C3=O)C1,-8.279796546
N#CN1CCC[C@H](c2cn[nH]c2-c2ccc3c(c2)CN([C@H]2CCC(=O)NC2=O)C3=O)C1,-7.917014142
N#CN1CCC[C@@H](c2cn[nH]c2-c2ccc3c(c2)CN([C@H]2CCC(=O)NC2=O)C3=O)C1,-7.931312628
N#CN1CC[C@H](c2cccc(-c3ncc(C(=O)N[C@@H]4CCC(=O)NC4=O)[nH]3)c2)C1,-7.925134579
N#CN1CC[C@@H](c2cccc(-c3ncc(C(=O)N[C@@H]4CCC(=O)NC4=O)[nH]3)c2)C1,-7.71310136
N#CN1CC[C@H](c2cccc(-c3ncc(C(=O)N[C@H]4CCC(=O)NC4=O)[nH]3)c2)C1,-8.050723368
N#CN1CC[C@@H](c2cccc(-c3ncc(C(=O)N[C@H]4CCC(=O)NC4=O)[nH]3)c2)C1,-8.065178377
N#CN1CC[C@H](c2ccc(-n3nccc3-c3ccc(N4CCC(=O)NC4=O)cc3)cc2)C1,-7.413602896
N#CN1CC[C@@H](c2ccc(-n3nccc3-c3ccc(N4CCC(=O)NC4=O)cc3)cc2)C1,-7.312126701
O=C1CC[C@H](N2Cc3c(Nc4ccnc(-c5cc6ccccc6o5)n4)cccc3C2=O)C(=O)N1,-7.944207168
O=C1CC[C@@H](N2Cc3c(Nc4ccnc(-c5cc6ccccc6o5)n4)cccc3C2=O)C(=O)N1,-7.941799814
O=C1CC[C@H](NC(=O)c2ncc3c(n2)CCNC3)C(=O)N1,-7.88988698
O=C1CC[C@@H](NC(=O)c2ncc3c(n2)CCNC3)C(=O)N1,-7.889599475
O=C1CC[C@H](NC(=O)c2cc(-c3cccc(-c4nn[nH]n4)c3)no2)C(=O)N1,-8.248793354
O=C1CC[C@@H](NC(=O)c2cc(-c3cccc(-c4nn[nH]n4)c3)no2)C(=O)N1,-8.221946845
N#CN1CC[C@H](c2cccc3c2[C@H](C(=O)Nc2ccc([C@@H]4CCC(=O)NC4=O)cc2)CCC3)C1,-7.374129573
N#CN1CC[C@@H](c2cccc3c2[C@H](C(=O)Nc2ccc([C@@H]4CCC(=O)NC4=O)cc2)CCC3)C1,-7.686194789
N#CN1CC[C@H](c2cccc3c2[C@@H](C(=O)Nc2ccc([C@@H]4CCC(=O)NC4=O)cc2)CCC3)C1,-7.618259858
N#CN1CC[C@@H](c2cccc3c2[C@@H](C(=O)Nc2ccc([C@@H]4CCC(=O)NC4=O)cc2)CCC3)C1,-7.361366197
N#CN1CC[C@H](c2cccc3c2[C@H](C(=O)Nc2ccc([C@H]4CCC(=O)NC4=O)cc2)CCC3)C1,-7.365139335
N#CN1CC[C@@H](c2cccc3c2[C@H](C(=O)Nc2ccc([C@H]4CCC(=O)NC4=O)cc2)CCC3)C1,-7.664877244
N#CN1CC[C@H](c2cccc3c2[C@@H](C(=O)Nc2ccc([C@H]4CCC(=O)NC4=O)cc2)CCC3)C1,-7.546875353
N#CN1CC[C@@H](c2cccc3c2[C@@H](C(=O)Nc2ccc([C@H]4CCC(=O)NC4=O)cc2)CCC3)C1,-7.504367152
N#CN1CC[C@H](c2cccc(-c3occc3C(=O)N[C@@H]3CCC(=O)NC3=O)c2)C1,-8.016619484
N#CN1CC[C@@H](c2cccc(-c3occc3C(=O)N[C@@H]3CCC(=O)NC3=O)c2)C1,-7.955270577
N#CN1CC[C@H](c2cccc(-c3occc3C(=O)N[C@H]3CCC(=O)NC3=O)c2)C1,-7.957996411
N#CN1CC[C@@H](c2cccc(-c3occc3C(=O)N[C@H]3CCC(=O)NC3=O)c2)C1,-7.974875736
N#CN1CCC[C@H](c2cnn(-c3cccc(C(=O)N[C@@H]4CCC(=O)NC4=O)n3)c2)C1,-7.926761123
N#CN1CCC[C@@H](c2cnn(-c3cccc(C(=O)N[C@@H]4CCC(=O)NC4=O)n3)c2)C1,-7.915204766
N#CN1CCC[C@H](c2cnn(-c3cccc(C(=O)N[C@H]4CCC(=O)NC4=O)n3)c2)C1,-7.892678346
N#CN1CCC[C@@H](c2cnn(-c3cccc(C(=O)N[C@H]4CCC(=O)NC4=O)n3)c2)C1,-8.066919579
O=C1CC[C@H](N2CCc3c(N4CCNCC4)cccc32)C(=O)N1,-7.701114771
O=C1CC[C@@H](N2CCc3c(N4CCNCC4)cccc32)C(=O)N1,-7.726400922
O=C1CC[C@H](N2Cc3cc(C(=O)NCCc4cccnc4)ccc3C2=O)C(=O)N1,-7.446126891
O=C1CC[C@@H](N2Cc3cc(C(=O)NCCc4cccnc4)ccc3C2=O)C(=O)N1,-7.472944453
O=C1CC[C@H](N2Cc3cc(-c4cccnc4)c(S(=O)(=O)F)cc3C2=O)C(=O)N1,-8.528186025
O=C1CC[C@@H](N2Cc3cc(-c4cccnc4)c(S(=O)(=O)F)cc3C2=O)C(=O)N1,-8.494611204
O=C1CC[C@H](N2Cc3cc(-c4cccnc4S(=O)(=O)F)ccc3C2=O)C(=O)N1,-8.429800377
O=C1CC[C@@H](N2Cc3cc(-c4cccnc4S(=O)(=O)F)ccc3C2=O)C(=O)N1,-8.25326069
O=C1CC[C@H](N2Cc3cc(-c4cncc(S(=O)(=O)F)c4)ccc3C2=O)C(=O)N1,-8.258519317
O=C1CC[C@@H](N2Cc3cc(-c4cncc(S(=O)(=O)F)c4)ccc3C2=O)C(=O)N1,-8.520661082
O=C1CC[C@H](N2Cc3cc(-c4cnccc4S(=O)(=O)F)ccc3C2=O)C(=O)N1,-8.44644767
O=C1CC[C@@H](N2Cc3cc(-c4cnccc4S(=O)(=O)F)ccc3C2=O)C(=O)N1,-8.525241649
O=C1CC[C@H](N2Cc3cc(-c4ccc(OS(=O)(=O)F)nc4)ccc3C2=O)C(=O)N1,-8.157700855
O=C1CC[C@@H](N2Cc3cc(-c4ccc(OS(=O)(=O)F)nc4)ccc3C2=O)C(=O)N1,-7.997901961
O=C1CC[C@H](N2Cc3cc(-c4cncc(OS(=O)(=O)F)c4)ccc3C2=O)C(=O)N1,-8.619213396
O=C1CC[C@@H](N2Cc3cc(-c4cncc(OS(=O)(=O)F)c4)ccc3C2=O)C(=O)N1,-8.11324925
O=C1CC[C@H](N2Cc3cc(-c4cnccc4OS(=O)(=O)F)ccc3C2=O)C(=O)N1,-8.131831719
O=C1CC[C@@H](N2Cc3cc(-c4cnccc4OS(=O)(=O)F)ccc3C2=O)C(=O)N1,-8.18150579
Cc1cncc(-c2ccc3c(c2)CN([C@@H]2CCC(=O)NC2=O)C3=O)c1,-7.923110482
Cc1cncc(-c2ccc3c(c2)CN([C@H]2CCC(=O)NC2=O)C3=O)c1,-7.813836988
CNc1ncccc1-c1ccc2c(c1)CN([C@@H]1CCC(=O)NC1=O)C2=O,-7.706183798
CNc1ncccc1-c1ccc2c(c1)CN([C@H]1CCC(=O)NC1=O)C2=O,-7.719968187
O=C1CC[C@H](N2Cc3cc(-c4ccc(C(F)(F)F)nc4)ccc3C2=O)C(=O)N1,-8.220641173
O=C1CC[C@@H](N2Cc3cc(-c4ccc(C(F)(F)F)nc4)ccc3C2=O)C(=O)N1,-8.307210901
O=C1CC[C@H](N2Cc3cc(-c4cncc(C(F)(F)F)c4)ccc3C2=O)C(=O)N1,-8.272073613
O=C1CC[C@@H](N2Cc3cc(-c4cncc(C(F)(F)F)c4)ccc3C2=O)C(=O)N1,-8.157315873
Cc1cc(NS(=O)(=O)c2cccc3c2CN(C)C3=O)nn1CCC#N,-7.672561355
Cc1cc2c(C(=O)N[C@@H]3CCC(=O)NC3=O)nccn2n1,-8.139585703
Cc1cc2c(C(=O)N[C@H]3CCC(=O)NC3=O)nccn2n1,-8.14032184
O=C1CC[C@H](NC(=O)c2ncc(S(=O)(=O)F)n3nccc23)C(=O)N1,-9.00962779
O=C1CC[C@@H](NC(=O)c2ncc(S(=O)(=O)F)n3nccc23)C(=O)N1,-9.16351741
O=C1CC[C@H](NC(=O)c2nc(S(=O)(=O)F)cn3nccc23)C(=O)N1,-9.321939413
O=C1CC[C@@H](NC(=O)c2nc(S(=O)(=O)F)cn3nccc23)C(=O)N1,-9.015966675
O=C1CC[C@H](NC(=O)c2nccn3nc(OS(=O)(=O)F)cc23)C(=O)N1,-8.681624605
O=C1CC[C@@H](NC(=O)c2nccn3nc(OS(=O)(=O)F)cc23)C(=O)N1,-8.753078317
N#CN1CC[C@H](c2ccc(-c3cscc3C(=O)N[C@@H]3CCC(=O)NC3=O)cc2)C1,-8.084396108
N#CN1CC[C@@H](c2ccc(-c3cscc3C(=O)N[C@@H]3CCC(=O)NC3=O)cc2)C1,-8.030145601
N#CN1CC[C@H](c2ccc(-c3cscc3C(=O)N[C@H]3CCC(=O)NC3=O)cc2)C1,-8.036054028
N#CN1CC[C@@H](c2ccc(-c3cscc3C(=O)N[C@H]3CCC(=O)NC3=O)cc2)C1,-7.980244358
C[C@H](Cn1ccnc1)C(=O)NCc1cn[nH]c1C(=O)N[C@@H]1CCC(=O)NC1=O,-7.753745057
C[C@@H](Cn1ccnc1)C(=O)NCc1cn[nH]c1C(=O)N[C@@H]1CCC(=O)NC1=O,-8.055422913
C[C@H](Cn1ccnc1)C(=O)NCc1cn[nH]c1C(=O)N[C@H]1CCC(=O)NC1=O,-8.105615657
C[C@@H](Cn1ccnc1)C(=O)NCc1cn[nH]c1C(=O)N[C@H]1CCC(=O)NC1=O,-7.803569857
CCCCCc1cc(C(=O)N[C@@H]2CCC(=O)NC2=O)n[nH]1,-7.836909111
CCCCCc1cc(C(=O)N[C@H]2CCC(=O)NC2=O)n[nH]1,-7.862359952
CC(C)Oc1cc(C(=O)N[C@@H]2CCC(=O)NC2=O)nn1C,-7.727174728
CC(C)Oc1cc(C(=O)N[C@H]2CCC(=O)NC2=O)nn1C,-7.727281663
CCc1cc(C(=O)N[C@@H]2CCC(=O)NC2=O)nn1CCO,-8.187527522
CCc1cc(C(=O)N[C@H]2CCC(=O)NC2=O)nn1CCO,-8.142666279
CCCn1cc(Cl)c(C(=O)N[C@@H]2CCC(=O)NC2=O)n1,-7.946246421
CCCn1cc(Cl)c(C(=O)N[C@H]2CCC(=O)NC2=O)n1,-7.931774414
Cc1[nH]nc(C(=O)N[C@@H]2CCC(=O)NC2=O)c1C(F)(F)F,-7.924380843
Cc1[nH]nc(C(=O)N[C@H]2CCC(=O)NC2=O)c1C(F)(F)F,-7.92495207
O=C1CC[C@H](NC(=O)c2cc(C(F)(F)F)n(C(F)F)n2)C(=O)N1,-8.642724058
O=C1CC[C@@H](NC(=O)c2cc(C(F)(F)F)n(C(F)F)n2)C(=O)N1,-8.642796277
CCn1nc(C(=O)N[C@@H]2CCC(=O)NC2=O)cc1C,-7.77908369
CCn1nc(C(=O)N[C@H]2CCC(=O)NC2=O)cc1C,-8.038263463
CC(C)c1c[nH]nc1C(=O)N[C@@H]1CCC(=O)NC1=O,-7.880939825
CC(C)c1c[nH]nc1C(=O)N[C@H]1CCC(=O)NC1=O,-7.881269312
CC(=O)Nc1[nH]nc(C(=O)N[C@@H]2CCC(=O)NC2=O)c1Br,-7.892754938
CC(=O)Nc1[nH]nc(C(=O)N[C@H]2CCC(=O)NC2=O)c1Br,-7.893251543
O=C1CC[C@H](N2Cc3cc(-c4n[nH]nc4OS(=O)(=O)F)ccc3C2=O)C(=O)N1,-8.342507503
O=C1CC[C@@H](N2Cc3cc(-c4n[nH]nc4OS(=O)(=O)F)ccc3C2=O)C(=O)N1,-8.551804704
Cn1ncc(-c2ccc3c(c2)CN([C@@H]2CCC(=O)NC2=O)C3=O)n1,-7.820534972
Cn1ncc(-c2ccc3c(c2)CN([C@H]2CCC(=O)NC2=O)C3=O)n1,-7.855285442
O=C1CC[C@H](N2Cc3cc(-c4n[nH]nc4S(=O)(=O)F)ccc3C2=O)C(=O)N1,-8.38303951
O=C1CC[C@@H](N2Cc3cc(-c4n[nH]nc4S(=O)(=O)F)ccc3C2=O)C(=O)N1,-8.506909806
O=C1CC[C@H](N2Cc3cc(-c4cn[nH]n4)c(S(=O)(=O)F)cc3C2=O)C(=O)N1,-8.606038981
O=C1CC[C@@H](N2Cc3cc(-c4cn[nH]n4)c(S(=O)(=O)F)cc3C2=O)C(=O)N1,-8.230867581
Cc1nn(C)c2ncc(C(=O)N[C@@H]3CCC(=O)NC3=O)cc12,-8.036920761
Cc1nn(C)c2ncc(C(=O)N[C@H]3CCC(=O)NC3=O)cc12,-8.037244516
Cc1nc2c(cc1C(=O)N[C@@H]1CCC(=O)NC1=O)c(C)nn2C,-7.988212628
Cc1nc2c(cc1C(=O)N[C@H]1CCC(=O)NC1=O)c(C)nn2C,-8.046233357
O=C1CC[C@H](N2Cc3cc(C(=O)N4CCCO4)ccc3C2=O)C(=O)N1,-7.875026057
O=C1CC[C@@H](N2Cc3cc(C(=O)N4CCCO4)ccc3C2=O)C(=O)N1,-7.883981788
O=C1CC[C@H](NC(=O)c2ccccc2COC2CCOCC2)C(=O)N1,-7.929236178
O=C1CC[C@@H](NC(=O)c2ccccc2COC2CCOCC2)C(=O)N1,-7.99820147
CN(c1ncnn2c(C#N)ccc12)[C@@H]1CCC(=O)NC1=O,-8.069089955
CN(c1ncnn2c(C#N)ccc12)[C@H]1CCC(=O)NC1=O,-8.073076765
O=C1CC[C@H](Nc2ncnn3cc(S(=O)(=O)F)cc23)C(=O)N1,-8.321138794
O=C1CC[C@@H](Nc2ncnn3cc(S(=O)(=O)F)cc23)C(=O)N1,-8.321531645
Cn1cccc1C(=O)C(=O)Nc1cccc2c1CN([C@@H]1CCC(=O)NC1=O)C2=O,-8.382828401
Cn1cccc1C(=O)C(=O)Nc1cccc2c1CN([C@H]1CCC(=O)NC1=O)C2=O,-8.381718675
N#CN1CCC[C@H](c2c[nH]c(-c3cccc4c3CN([C@@H]3CCC(=O)NC3=O)C4=O)c2)C1,-7.861572549
N#CN1CCC[C@@H](c2c[nH]c(-c3cccc4c3CN([C@@H]3CCC(=O)NC3=O)C4=O)c2)C1,-7.857382275
N#CN1CCC[C@H](c2c[nH]c(-c3cccc4c3CN([C@H]3CCC(=O)NC3=O)C4=O)c2)C1,-7.867831622
N#CN1CCC[C@@H](c2c[nH]c(-c3cccc4c3CN([C@H]3CCC(=O)NC3=O)C4=O)c2)C1,-7.868351979
N#CN1CC[C@H](c2[nH]ncc2-c2ccc3c(c2)CN([C@@H]2CCC(=O)NC2=O)C3=O)C1,-8.062464175
N#CN1CC[C@@H](c2[nH]ncc2-c2ccc3c(c2)CN([C@@H]2CCC(=O)NC2=O)C3=O)C1,-7.888148187
N#CN1CC[C@H](c2[nH]ncc2-c2ccc3c(c2)CN([C@H]2CCC(=O)NC2=O)C3=O)C1,-7.873668336
N#CN1CC[C@@H](c2[nH]ncc2-c2ccc3c(c2)CN([C@H]2CCC(=O)NC2=O)C3=O)C1,-7.918516217
N#CN1CC[C@H](c2cc(-c3ccc4c(c3)CN([C@@H]3CCC(=O)NC3=O)C4=O)cc3c2OCC3)C1,-7.855626994
N#CN1CC[C@@H](c2cc(-c3ccc4c(c3)CN([C@@H]3CCC(=O)NC3=O)C4=O)cc3c2OCC3)C1,-7.828152947
N#CN1CC[C@H](c2cc(-c3ccc4c(c3)CN([C@H]3CCC(=O)NC3=O)C4=O)cc3c2OCC3)C1,-7.822568209
N#CN1CC[C@@H](c2cc(-c3ccc4c(c3)CN([C@H]3CCC(=O)NC3=O)C4=O)cc3c2OCC3)C1,-7.873925164
CN(c1nc(Cl)nc2c1CC(C)(C)CC2)[C@@H]1CCC(=O)NC1=O,-7.750252624
CN(c1nc(Cl)nc2c1CC(C)(C)CC2)[C@H]1CCC(=O)NC1=O,-7.762180133
O=C1CC[C@H](Nc2ncnc3c2CCCC3)C(=O)N1,-7.825534263
O=C1CC[C@@H](Nc2ncnc3c2CCCC3)C(=O)N1,-7.829174833
Cc1nc2c(c(N[C@@H]3CCC(=O)NC3=O)n1)CCCC2,-7.766448213
Cc1nc2c(c(N[C@H]3CCC(=O)NC3=O)n1)CCCC2,-7.761267877
C[C@@H]1CCCN(C(=O)C(=O)Nc2cccc(N[C@@H]3CCC(=O)NC3=O)c2)C1,-7.950114775
C[C@H]1CCCN(C(=O)C(=O)Nc2cccc(N[C@@H]3CCC(=O)NC3=O)c2)C1,-7.941761814
C[C@@H]1CCCN(C(=O)C(=O)Nc2cccc(N[C@H]3CCC(=O)NC3=O)c2)C1,-7.928092437
C[C@H]1CCCN(C(=O)C(=O)Nc2cccc(N[C@H]3CCC(=O)NC3=O)c2)C1,-7.819864511
N#CN1CC[C@H](c2cn(-c3cccc4c3CN([C@@H]3CCC(=O)NC3=O)C4=O)nn2)C1,-8.111461018
N#CN1CC[C@@H](c2cn(-c3cccc4c3CN([C@@H]3CCC(=O)NC3=O)C4=O)nn2)C1,-8.019313976
N#CN1CC[C@H](c2cn(-c3cccc4c3CN([C@H]3CCC(=O)NC3=O)C4=O)nn2)C1,-7.980318621
N#CN1CC[C@@H](c2cn(-c3cccc4c3CN([C@H]3CCC(=O)NC3=O)C4=O)nn2)C1,-7.984674831
O=C1CC[C@H](N2Cc3ccc(NC(=O)[C@]45CC[C@H](CC4)C5)cc3C2=O)C(=O)N1,-7.873386779
O=C1CC[C@H](N2Cc3ccc(NC(=O)[C@]45CC[C@@H](CC4)C5)cc3C2=O)C(=O)N1,-7.871554815
O=C1CC[C@H](NC(=O)c2cnn(C3CC3)c2Cl)C(=O)N1,-7.861451749
O=C1CC[C@@H](NC(=O)c2cnn(C3CC3)c2Cl)C(=O)N1,-7.862416865
Cc1nn(C2CC2)c(Cl)c1C(=O)N[C@@H]1CCC(=O)NC1=O,-7.830400268
Cc1nn(C2CC2)c(Cl)c1C(=O)N[C@H]1CCC(=O)NC1=O,-7.828832989
O=C1CC[C@H](NC(=O)c2cn(C3CC3)nc2C(F)(F)F)C(=O)N1,-7.904397646
O=C1CC[C@@H](NC(=O)c2cn(C3CC3)nc2C(F)(F)F)C(=O)N1,-7.897507893
O=C(CCC[C@@H]1CCCO1)NCc1cc(C(=O)N[C@@H]2CCC(=O)NC2=O)co1,-7.900141134
O=C(CCC[C@H]1CCCO1)NCc1cc(C(=O)N[C@@H]2CCC(=O)NC2=O)co1,-7.933751934
O=C(CCC[C@@H]1CCCO1)NCc1cc(C(=O)N[C@H]2CCC(=O)NC2=O)co1,-8.074318569
O=C(CCC[C@H]1CCCO1)NCc1cc(C(=O)N[C@H]2CCC(=O)NC2=O)co1,-8.037861383
N#CN1CC[C@H](c2c(C(=O)Nc3ccc([C@@H]4CCC(=O)NC4=O)cc3)sc3c2COCC3)C1,-7.864467242
N#CN1CC[C@@H](c2c(C(=O)Nc3ccc([C@@H]4CCC(=O)NC4=O)cc3)sc3c2COCC3)C1,-7.966471423
N#CN1CC[C@H](c2c(C(=O)Nc3ccc([C@H]4CCC(=O)NC4=O)cc3)sc3c2COCC3)C1,-7.999405611
N#CN1CC[C@@H](c2c(C(=O)Nc3ccc([C@H]4CCC(=O)NC4=O)cc3)sc3c2COCC3)C1,-7.875024076
O=C1CC[C@H](N2Cc3c(NS(=O)(=O)c4ccoc4)cccc3C2=O)C(=O)N1,-8.14647806
O=C1CC[C@@H](N2Cc3c(NS(=O)(=O)c4ccoc4)cccc3C2=O)C(=O)N1,-8.132481528
N#CN1CC[C@H](c2ccc(-c3cccc4c3CN([C@@H]3CCC(=O)NC3=O)C4=O)cc2)C1,-7.895737025
N#CN1CC[C@@H](c2ccc(-c3cccc4c3CN([C@@H]3CCC(=O)NC3=O)C4=O)cc2)C1,-7.960129443
N#CN1CC[C@H](c2ccc(-c3cccc4c3CN([C@H]3CCC(=O)NC3=O)C4=O)cc2)C1,-7.938139395
N#CN1CC[C@@H](c2ccc(-c3cccc4c3CN([C@H]3CCC(=O)NC3=O)C4=O)cc2)C1,-7.952866453
Cn1cc(-c2ncc(C(=O)N[C@@H]3CCC(=O)NC3=O)s2)cn1,-8.003108946
Cn1cc(-c2ncc(C(=O)N[C@H]3CCC(=O)NC3=O)s2)cn1,-8.00317326
Cc1nc(-c2cnn(C)c2)sc1C(=O)N[C@@H]1CCC(=O)NC1=O,-8.124441816
Cc1nc(-c2cnn(C)c2)sc1C(=O)N[C@H]1CCC(=O)NC1=O,-8.124342997
N#CN1CCC[C@H](c2ccc(-n3cc(C(=O)N[C@@H]4CCC(=O)NC4=O)ccc3=O)cc2)C1,-8.168946889
N#CN1CCC[C@@H](c2ccc(-n3cc(C(=O)N[C@@H]4CCC(=O)NC4=O)ccc3=O)cc2)C1,-8.157475566
N#CN1CCC[C@H](c2ccc(-n3cc(C(=O)N[C@H]4CCC(=O)NC4=O)ccc3=O)cc2)C1,-8.167688829
N#CN1CCC[C@@H](c2ccc(-n3cc(C(=O)N[C@H]4CCC(=O)NC4=O)ccc3=O)cc2)C1,-8.174242746
O=C1CC[C@H](NC(=O)c2cc(F)c3nc(C4CCOCC4)cn3c2)C(=O)N1,-8.640412869
O=C1CC[C@@H](NC(=O)c2cc(F)c3nc(C4CCOCC4)cn3c2)C(=O)N1,-8.621419575
N#CN1CC[C@H](c2cc(C(=O)Nc3cccc([C@@H]4CCC(=O)NC4=O)c3)cc3c2CCCC3)C1,-7.658267797
N#CN1CC[C@@H](c2cc(C(=O)Nc3cccc([C@@H]4CCC(=O)NC4=O)c3)cc3c2CCCC3)C1,-7.692956823
N#CN1CC[C@H](c2cc(C(=O)Nc3cccc([C@H]4CCC(=O)NC4=O)c3)cc3c2CCCC3)C1,-7.413443387
N#CN1CC[C@@H](c2cc(C(=O)Nc3cccc([C@H]4CCC(=O)NC4=O)c3)cc3c2CCCC3)C1,-7.500537245
Cc1ccc2snc(C(=O)Nc3ccc(N[C@@H]4CCC(=O)NC4=O)cc3)c2c1,-8.061665893
Cc1ccc2snc(C(=O)Nc3ccc(N[C@H]4CCC(=O)NC4=O)cc3)c2c1,-8.061433647
N#CN1CCC[C@H](c2cccc(-c3nocc3C(=O)N[C@@H]3CCC(=O)NC3=O)c2)C1,-8.249047162
N#CN1CCC[C@@H](c2cccc(-c3nocc3C(=O)N[C@@H]3CCC(=O)NC3=O)c2)C1,-8.236662132
N#CN1CCC[C@H](c2cccc(-c3nocc3C(=O)N[C@H]3CCC(=O)NC3=O)c2)C1,-8.079695664
N#CN1CCC[C@@H](c2cccc(-c3nocc3C(=O)N[C@H]3CCC(=O)NC3=O)c2)C1,-8.015337156
C=CC(=O)Nc1cc(C(=O)NC[C@@H]2c3ccccc3C(=O)N2C)ccc1O,-7.663972952
C=CC(=O)Nc1cc(C(=O)NC[C@H]2c3ccccc3C(=O)N2C)ccc1O,-7.664589208
N#CN1CCC[C@H](c2cccc3c2[C@H](C(=O)Nc2ccc([C@@H]4CCC(=O)NC4=O)cc2)CC3)C1,-7.733081152
N#CN1CCC[C@@H](c2cccc3c2[C@H](C(=O)Nc2ccc([C@@H]4CCC(=O)NC4=O)cc2)CC3)C1,-7.562966588
N#CN1CCC[C@H](c2cccc3c2[C@@H](C(=O)Nc2ccc([C@@H]4CCC(=O)NC4=O)cc2)CC3)C1,-7.407469945
N#CN1CCC[C@@H](c2cccc3c2[C@@H](C(=O)Nc2ccc([C@@H]4CCC(=O)NC4=O)cc2)CC3)C1,-7.507778048
N#CN1CCC[C@H](c2cccc3c2[C@H](C(=O)Nc2ccc([C@H]4CCC(=O)NC4=O)cc2)CC3)C1,-7.706389476
N#CN1CCC[C@@H](c2cccc3c2[C@H](C(=O)Nc2ccc([C@H]4CCC(=O)NC4=O)cc2)CC3)C1,-7.711692103
N#CN1CCC[C@H](c2cccc3c2[C@@H](C(=O)Nc2ccc([C@H]4CCC(=O)NC4=O)cc2)CC3)C1,-7.46842621
N#CN1CCC[C@@H](c2cccc3c2[C@@H](C(=O)Nc2ccc([C@H]4CCC(=O)NC4=O)cc2)CC3)C1,-7.524265995
O=C1CC[C@H](N2C(=O)c3ccc(NC(=O)CN4CC=CCC4)cc3C2=O)C(=O)N1,-8.602664207
O=C1CC[C@@H](N2C(=O)c3ccc(NC(=O)CN4CC=CCC4)cc3C2=O)C(=O)N1,-8.603983
Cc1cc(C(=O)N[C@@H]2CCC(=O)NC2=O)nc(N2CCCCC2)n1,-7.899166485
Cc1cc(C(=O)N[C@H]2CCC(=O)NC2=O)nc(N2CCCCC2)n1,-7.860956787
N#CN1CC[C@H](c2c(-c3ccc4c(c3)C(=O)N([C@@H]3CCC(=O)NC3=O)C4)ccc3c2CCC3)C1,-7.912014158
N#CN1CC[C@@H](c2c(-c3ccc4c(c3)C(=O)N([C@@H]3CCC(=O)NC3=O)C4)ccc3c2CCC3)C1,-7.843378811
N#CN1CC[C@H](c2c(-c3ccc4c(c3)C(=O)N([C@H]3CCC(=O)NC3=O)C4)ccc3c2CCC3)C1,-7.846906744
N#CN1CC[C@@H](c2c(-c3ccc4c(c3)C(=O)N([C@H]3CCC(=O)NC3=O)C4)ccc3c2CCC3)C1,-7.902691454
CC1(NC(=O)COc2cccc3c2CN([C@@H]2CCC(=O)NC2=O)C3=O)CNC1,-7.867347235
CC1(NC(=O)COc2cccc3c2CN([C@H]2CCC(=O)NC2=O)C3=O)CNC1,-7.900885316
O=C1CC[C@H](Nc2cccc(NC(=O)c3coc(Cn4cccn4)c3)c2)C(=O)N1,-7.922909417
O=C1CC[C@@H](Nc2cccc(NC(=O)c3coc(Cn4cccn4)c3)c2)C(=O)N1,-7.986999261
N#CN1CCC[C@H](c2cc(-c3ccc(C(=O)N[C@@H]4CCC(=O)NC4=O)s3)ccn2)C1,-8.033343891
N#CN1CCC[C@@H](c2cc(-c3ccc(C(=O)N[C@@H]4CCC(=O)NC4=O)s3)ccn2)C1,-7.993318359
N#CN1CCC[C@H](c2cc(-c3ccc(C(=O)N[C@H]4CCC(=O)NC4=O)s3)ccn2)C1,-8.067727871
N#CN1CCC[C@@H](c2cc(-c3ccc(C(=O)N[C@H]4CCC(=O)NC4=O)s3)ccn2)C1,-8.13433354
CC(C)(C)n1nnc(C(=O)N[C@@H]2CCC(=O)NC2=O)n1,-7.927760315
CC(C)(C)n1nnc(C(=O)N[C@H]2CCC(=O)NC2=O)n1,-7.927661706
O=C1CC[C@H](NC(=O)c2cccc(N3CCCC3=O)c2)C(=O)N1,-8.540029197
O=C1CC[C@@H](NC(=O)c2cccc(N3CCCC3=O)c2)C(=O)N1,-8.540206134
O=C1CC[C@H](N2Cc3cc(-c4ccccc4)c(S(=O)(=O)F)cc3C2=O)C(=O)N1,-7.947398783
O=C1CC[C@@H](N2Cc3cc(-c4ccccc4)c(S(=O)(=O)F)cc3C2=O)C(=O)N1,-8.172696544
O=C1CC[C@H](N2Cc3cc(-c4ccccc4S(=O)(=O)F)ccc3C2=O)C(=O)N1,-8.172419593
O=C1CC[C@@H](N2Cc3cc(-c4ccccc4S(=O)(=O)F)ccc3C2=O)C(=O)N1,-7.94695578
O=C1CC[C@H](N2Cc3c(ccc(-c4ccccc4)c3S(=O)(=O)F)C2=O)C(=O)N1,-7.937061324
O=C1CC[C@@H](N2Cc3c(ccc(-c4ccccc4)c3S(=O)(=O)F)C2=O)C(=O)N1,-8.022486626
O=C1CC[C@H](N2Cc3cc(-c4cccc(S(=O)(=O)F)c4)ccc3C2=O)C(=O)N1,-8.247403581
O=C1CC[C@@H](N2Cc3cc(-c4cccc(S(=O)(=O)F)c4)ccc3C2=O)C(=O)N1,-7.907455359
O=C1CC[C@H](N2Cc3cc(-c4ccc(OS(=O)(=O)F)cc4)ccc3C2=O)C(=O)N1,-7.986362552
O=C1CC[C@@H](N2Cc3cc(-c4ccc(OS(=O)(=O)F)cc4)ccc3C2=O)C(=O)N1,-8.054153442
O=C1CC[C@H](N2Cc3cc(-c4cccc(OS(=O)(=O)F)c4)ccc3C2=O)C(=O)N1,-7.93509184
O=C1CC[C@@H](N2Cc3cc(-c4cccc(OS(=O)(=O)F)c4)ccc3C2=O)C(=O)N1,-7.919597121
O=C1CC[C@H](N2Cc3cc(-c4ccccc4OS(=O)(=O)F)ccc3C2=O)C(=O)N1,-7.985249296
O=C1CC[C@@H](N2Cc3cc(-c4ccccc4OS(=O)(=O)F)ccc3C2=O)C(=O)N1,-7.944290346
O=C1CC[C@H](N2Cc3cc(-c4ccccc4)ccc3C2=O)C(=O)N1,-7.888862396
O=C1CC[C@@H](N2Cc3cc(-c4ccccc4)ccc3C2=O)C(=O)N1,-7.890860465
Cc1ccccc1-c1ccc2c(c1)CN([C@@H]1CCC(=O)NC1=O)C2=O,-7.858932649
Cc1ccccc1-c1ccc2c(c1)CN([C@H]1CCC(=O)NC1=O)C2=O,-7.859189657
O=C1CC[C@H](N2Cc3cc(-c4ccc(F)cc4)ccc3C2=O)C(=O)N1,-7.930149741
O=C1CC[C@@H](N2Cc3cc(-c4ccc(F)cc4)ccc3C2=O)C(=O)N1,-7.930420077
N#Cc1cccc(-c2ccc3c(c2)CN([C@@H]2CCC(=O)NC2=O)C3=O)c1,-7.969877659
N#Cc1cccc(-c2ccc3c(c2)CN([C@H]2CCC(=O)NC2=O)C3=O)c1,-7.965644022
COc1ccc(-c2ccc3c(c2)CN([C@@H]2CCC(=O)NC2=O)C3=O)cc1,-7.857138867
COc1ccc(-c2ccc3c(c2)CN([C@H]2CCC(=O)NC2=O)C3=O)cc1,-7.857578586
NCCc1ccc(-c2ccc3c(c2)CN([C@@H]2CCC(=O)NC2=O)C3=O)cc1,-7.85117496
NCCc1ccc(-c2ccc3c(c2)CN([C@H]2CCC(=O)NC2=O)C3=O)cc1,-7.858785596
CN(C)c1ccccc1-c1ccc2c(c1)CN([C@@H]1CCC(=O)NC1=O)C2=O,-7.841670855
CN(C)c1ccccc1-c1ccc2c(c1)CN([C@H]1CCC(=O)NC1=O)C2=O,-7.83762123
CCOc1ccc(-c2ccc3c(c2)CN([C@@H]2CCC(=O)NC2=O)C3=O)cc1,-7.869378946
CCOc1ccc(-c2ccc3c(c2)CN([C@H]2CCC(=O)NC2=O)C3=O)cc1,-7.854856473
CCOc1cccc(-c2ccc3c(c2)CN([C@@H]2CCC(=O)NC2=O)C3=O)c1,-7.832941844
CCOc1cccc(-c2ccc3c(c2)CN([C@H]2CCC(=O)NC2=O)C3=O)c1,-7.85503358
CC(=O)Nc1cccc(-c2ccc3c(c2)CN([C@@H]2CCC(=O)NC2=O)C3=O)c1,-7.842467429
CC(=O)Nc1cccc(-c2ccc3c(c2)CN([C@H]2CCC(=O)NC2=O)C3=O)c1,-7.839652655
CC(C)Oc1ccc(-c2ccc3c(c2)CN([C@@H]2CCC(=O)NC2=O)C3=O)cc1,-7.861752449
CC(C)Oc1ccc(-c2ccc3c(c2)CN([C@H]2CCC(=O)NC2=O)C3=O)cc1,-7.85254034
COCCc1cccc(-c2ccc3c(c2)CN([C@@H]2CCC(=O)NC2=O)C3=O)c1,-7.842404451
COCCc1cccc(-c2ccc3c(c2)CN([C@H]2CCC(=O)NC2=O)C3=O)c1,-7.842669313
COCCc1ccc(-c2ccc3c(c2)CN([C@@H]2CCC(=O)NC2=O)C3=O)cc1,-7.847358238
COCCc1ccc(-c2ccc3c(c2)CN([C@H]2CCC(=O)NC2=O)C3=O)cc1,-7.868137377
CC(=O)NCc1cccc(-c2ccc3c(c2)CN([C@@H]2CCC(=O)NC2=O)C3=O)c1,-7.791138567
CC(=O)NCc1cccc(-c2ccc3c(c2)CN([C@H]2CCC(=O)NC2=O)C3=O)c1,-7.779530585
N#CN1CCC[C@H](c2ccccc2-c2ccc(C(=O)N[C@@H]3CCC(=O)NC3=O)s2)C1,-7.970139229
N#CN1CCC[C@@H](c2ccccc2-c2ccc(C(=O)N[C@@H]3CCC(=O)NC3=O)s2)C1,-7.985129156
N#CN1CCC[C@H](c2ccccc2-c2ccc(C(=O)N[C@H]3CCC(=O)NC3=O)s2)C1,-8.005089631
N#CN1CCC[C@@H](c2ccccc2-c2ccc(C(=O)N[C@H]3CCC(=O)NC3=O)s2)C1,-8.077283367
O=C1CC[C@H](NC(=O)c2c(F)ccc(S(=O)(=O)CC3CC3)c2F)C(=O)N1,-8.400936646
O=C1CC[C@@H](NC(=O)c2c(F)ccc(S(=O)(=O)CC3CC3)c2F)C(=O)N1,-8.386914434
N#CN1CC[C@H](c2ccccc2-c2ccc(C(=O)N[C@@H]3CCC(=O)NC3=O)o2)C1,-7.665681472
N#CN1CC[C@@H](c2ccccc2-c2ccc(C(=O)N[C@@H]3CCC(=O)NC3=O)o2)C1,-7.784839392
N#CN1CC[C@H](c2ccccc2-c2ccc(C(=O)N[C@H]3CCC(=O)NC3=O)o2)C1,-7.976059011
N#CN1CC[C@@H](c2ccccc2-c2ccc(C(=O)N[C@H]3CCC(=O)NC3=O)o2)C1,-7.900679648
O=C1CC[C@H](N2Cc3cc(NC(=O)c4ccc5c(c4)OCO5)ccc3C2=O)C(=O)N1,-7.846074095
O=C1CC[C@@H](N2Cc3cc(NC(=O)c4ccc5c(c4)OCO5)ccc3C2=O)C(=O)N1,-7.839699118
Cc1ccc(C(=O)N[C@@H]2CCC(=O)NC2=O)cc1-c1cnn(C)c1,-7.940417584
Cc1ccc(C(=O)N[C@H]2CCC(=O)NC2=O)cc1-c1cnn(C)c1,-7.940276673
CC1(C)Cc2c(C(=O)Nc3cccc(N[C@@H]4CCC(=O)NC4=O)c3)nnn2C1,-7.856672724
CC1(C)Cc2c(C(=O)Nc3cccc(N[C@H]4CCC(=O)NC4=O)c3)nnn2C1,-7.856600292
N#CN1CCC(c2cc3oc(-c4cccc(N5CCC(=O)NC5=O)c4)cc3cn2)CC1,-7.770001743
O=C1CC[C@H](N2Cc3c(ccc4c3OC[C@@]43CCCN(Cc4ccccc4)CC3)C2=O)C(=O)N1,-7.806476545
O=C1CC[C@@H](N2Cc3c(ccc4c3OC[C@@]43CCCN(Cc4ccccc4)CC3)C2=O)C(=O)N1,-7.789163095
O=C1CC[C@H](N2Cc3c(ccc4c3OC[C@]43CCCN(Cc4ccccc4)CC3)C2=O)C(=O)N1,-7.79114101
O=C1CC[C@@H](N2Cc3c(ccc4c3OC[C@]43CCCN(Cc4ccccc4)CC3)C2=O)C(=O)N1,-7.793598271
O=C1CC[C@H](NC(=O)c2ccc(F)cc2-c2ccc(Cl)c(Cl)c2)C(=O)N1,-8.115267492
O=C1CC[C@@H](NC(=O)c2ccc(F)cc2-c2ccc(Cl)c(Cl)c2)C(=O)N1,-8.115262926
COc1ccc(-c2ccccc2C)c(C(=O)N[C@@H]2CCC(=O)NC2=O)c1,-7.950233075
COc1ccc(-c2ccccc2C)c(C(=O)N[C@H]2CCC(=O)NC2=O)c1,-7.951754097
N#CN1CCC(c2cc(-c3ccc4c(c3)CN([C@@H]3CCC(=O)NC3=O)C4=O)cc3c2OCC3)CC1,-7.962598116
N#CN1CCC(c2cc(-c3ccc4c(c3)CN([C@H]3CCC(=O)NC3=O)C4=O)cc3c2OCC3)CC1,-7.897300917
N#CN1CC[C@H](c2cccc(-c3nc[nH]c3C(=O)N[C@@H]3CCC(=O)NC3=O)c2)C1,-8.129831884
N#CN1CC[C@@H](c2cccc(-c3nc[nH]c3C(=O)N[C@@H]3CCC(=O)NC3=O)c2)C1,-7.938160577
N#CN1CC[C@H](c2cccc(-c3nc[nH]c3C(=O)N[C@H]3CCC(=O)NC3=O)c2)C1,-8.090692363
N#CN1CC[C@@H](c2cccc(-c3nc[nH]c3C(=O)N[C@H]3CCC(=O)NC3=O)c2)C1,-8.159480667
O=C1CC[C@H](n2cc(-c3cccc4c(OS(=O)(=O)F)ccnc34)nn2)C(=O)N1,-8.564780131
O=C1CC[C@@H](n2cc(-c3cccc4c(OS(=O)(=O)F)ccnc34)nn2)C(=O)N1,-8.480111818
O=C1CC[C@H](n2cc(-c3cc(OS(=O)(=O)F)cc4cccnc34)nn2)C(=O)N1,-8.564993754
O=C1CC[C@@H](n2cc(-c3cc(OS(=O)(=O)F)cc4cccnc34)nn2)C(=O)N1,-8.423698698
O=C1CC[C@H](n2cc(-c3cccc4cc(OS(=O)(=O)F)cnc34)nn2)C(=O)N1,-8.424463522
O=C1CC[C@@H](n2cc(-c3cccc4cc(OS(=O)(=O)F)cnc34)nn2)C(=O)N1,-8.555945181
O=C1CC[C@H](n2cc(-c3cccc4cccnc34)nn2)C(=O)N1,-8.308869438
O=C1CC[C@@H](n2cc(-c3cccc4cccnc34)nn2)C(=O)N1,-8.133045087
O=C1CC[C@H](n2cc(-c3c(S(=O)(=O)F)ccc4cccnc34)nn2)C(=O)N1,-8.745198242
O=C1CC[C@@H](n2cc(-c3c(S(=O)(=O)F)ccc4cccnc34)nn2)C(=O)N1,-8.875274053
O=C1CC[C@H](n2cc(-c3cc(S(=O)(=O)F)cc4cccnc34)nn2)C(=O)N1,-8.841296187
O=C1CC[C@@H](n2cc(-c3cc(S(=O)(=O)F)cc4cccnc34)nn2)C(=O)N1,-8.838729676
O=C1CC[C@H](n2cc(-c3cccc4cc(S(=O)(=O)F)cnc34)nn2)C(=O)N1,-8.723100301
O=C1CC[C@@H](n2cc(-c3cccc4cc(S(=O)(=O)F)cnc34)nn2)C(=O)N1,-8.847928331
O=C1CC[C@H](n2cc(-c3cccc4ccc(S(=O)(=O)F)nc34)nn2)C(=O)N1,-8.81240228
O=C1CC[C@@H](n2cc(-c3cccc4ccc(S(=O)(=O)F)nc34)nn2)C(=O)N1,-8.689597626
COc1cscc1-c1cn([C@@H]2CCC(=O)NC2=O)nn1,-8.157767819
COc1cscc1-c1cn([C@H]2CCC(=O)NC2=O)nn1,-8.186920556
COc1sccc1-c1cn([C@@H]2CCC(=O)NC2=O)nn1,-8.18052844
COc1sccc1-c1cn([C@H]2CCC(=O)NC2=O)nn1,-8.22800915
COc1cc(-c2cn([C@@H]3CCC(=O)NC3=O)nn2)cs1,-8.263029931
COc1cc(-c2cn([C@H]3CCC(=O)NC3=O)nn2)cs1,-8.263482338
CCOc1cc(-c2cn([C@@H]3CCC(=O)NC3=O)nn2)cs1,-8.208599627
CCOc1cc(-c2cn([C@H]3CCC(=O)NC3=O)nn2)cs1,-8.22658686
CCOc1cscc1-c1cn([C@@H]2CCC(=O)NC2=O)nn1,-8.139383234
CCOc1cscc1-c1cn([C@H]2CCC(=O)NC2=O)nn1,-8.150834468
CSc1cscc1-c1cn([C@@H]2CCC(=O)NC2=O)nn1,-8.269951813
CSc1cscc1-c1cn([C@H]2CCC(=O)NC2=O)nn1,-8.261224693
CC(C)Oc1cscc1-c1cn([C@@H]2CCC(=O)NC2=O)nn1,-8.096152339
CC(C)Oc1cscc1-c1cn([C@H]2CCC(=O)NC2=O)nn1,-8.203577199
CS(=O)(=O)c1cscc1-c1cn([C@@H]2CCC(=O)NC2=O)nn1,-8.318016144
CS(=O)(=O)c1cscc1-c1cn([C@H]2CCC(=O)NC2=O)nn1,-8.265017848
O=C1CC[C@H](n2cc(-c3cscc3Br)nn2)C(=O)N1,-8.259076405
O=C1CC[C@@H](n2cc(-c3cscc3Br)nn2)C(=O)N1,-8.246066531
O=C1CC[C@H](n2cc(-c3ccsc3S(=O)(=O)F)nn2)C(=O)N1,-8.611322316
O=C1CC[C@@H](n2cc(-c3ccsc3S(=O)(=O)F)nn2)C(=O)N1,-8.408051216
O=C1CC[C@H](n2cc(-c3cscc3S(=O)(=O)F)nn2)C(=O)N1,-8.285047926
O=C1CC[C@@H](n2cc(-c3cscc3S(=O)(=O)F)nn2)C(=O)N1,-8.336287181
O=C1CC[C@H](n2cc(-c3ccsc3)nn2)C(=O)N1,-8.251970276
O=C1CC[C@@H](n2cc(-c3ccsc3)nn2)C(=O)N1,-8.233123888
O=C1CC[C@H](n2cc(-c3ccsc3OS(=O)(=O)F)nn2)C(=O)N1,-8.285018799
O=C1CC[C@@H](n2cc(-c3ccsc3OS(=O)(=O)F)nn2)C(=O)N1,-8.261045271
Cc1cscc1-c1cn([C@@H]2CCC(=O)NC2=O)nn1,-8.214357793
Cc1cscc1-c1cn([C@H]2CCC(=O)NC2=O)nn1,-8.226232381
Cc1cc(-c2cn([C@@H]3CCC(=O)NC3=O)nn2)cs1,-8.237338601
Cc1cc(-c2cn([C@H]3CCC(=O)NC3=O)nn2)cs1,-8.215204671
N#CN1CCC[C@H](c2cc(-c3ccc4c(c3)C(=O)N([C@@H]3CCC(=O)NC3=O)C4)[nH]n2)C1,-7.937083773
N#CN1CCC[C@@H](c2cc(-c3ccc4c(c3)C(=O)N([C@@H]3CCC(=O)NC3=O)C4)[nH]n2)C1,-7.928949811
N#CN1CCC[C@H](c2cc(-c3ccc4c(c3)C(=O)N([C@H]3CCC(=O)NC3=O)C4)[nH]n2)C1,-8.374948118
N#CN1CCC[C@@H](c2cc(-c3ccc4c(c3)C(=O)N([C@H]3CCC(=O)NC3=O)C4)[nH]n2)C1,-8.378180163
N#CN1CCC[C@H](c2ccc3c(c2)[C@H](C(=O)Nc2ccc([C@@H]4CCC(=O)NC4=O)cc2)CC3)C1,-7.689204976
N#CN1CCC[C@@H](c2ccc3c(c2)[C@H](C(=O)Nc2ccc([C@@H]4CCC(=O)NC4=O)cc2)CC3)C1,-7.650966997
N#CN1CCC[C@H](c2ccc3c(c2)[C@@H](C(=O)Nc2ccc([C@@H]4CCC(=O)NC4=O)cc2)CC3)C1,-7.657400174
N#CN1CCC[C@@H](c2ccc3c(c2)[C@@H](C(=O)Nc2ccc([C@@H]4CCC(=O)NC4=O)cc2)CC3)C1,-7.664479711
N#CN1CCC[C@H](c2ccc3c(c2)[C@H](C(=O)Nc2ccc([C@H]4CCC(=O)NC4=O)cc2)CC3)C1,-7.655694753
N#CN1CCC[C@@H](c2ccc3c(c2)[C@H](C(=O)Nc2ccc([C@H]4CCC(=O)NC4=O)cc2)CC3)C1,-7.680726649
N#CN1CCC[C@H](c2ccc3c(c2)[C@@H](C(=O)Nc2ccc([C@H]4CCC(=O)NC4=O)cc2)CC3)C1,-7.644736507
N#CN1CCC[C@@H](c2ccc3c(c2)[C@@H](C(=O)Nc2ccc([C@H]4CCC(=O)NC4=O)cc2)CC3)C1,-7.499128597
N#CN1CC[C@H](c2c(-c3ncc(C(=O)N[C@@H]4CCC(=O)NC4=O)s3)ccc3c2CCO3)C1,-7.905667259
N#CN1CC[C@@H](c2c(-c3ncc(C(=O)N[C@@H]4CCC(=O)NC4=O)s3)ccc3c2CCO3)C1,-7.892444468
N#CN1CC[C@H](c2c(-c3ncc(C(=O)N[C@H]4CCC(=O)NC4=O)s3)ccc3c2CCO3)C1,-7.931938261
N#CN1CC[C@@H](c2c(-c3ncc(C(=O)N[C@H]4CCC(=O)NC4=O)s3)ccc3c2CCO3)C1,-8.022519512
N#CN1CC[C@H](c2cc(-c3cccc4c3CN([C@@H]3CCC(=O)NC3=O)C4=O)cc3c2NCC3)C1,-7.914627016
N#CN1CC[C@@H](c2cc(-c3cccc4c3CN([C@@H]3CCC(=O)NC3=O)C4=O)cc3c2NCC3)C1,-7.914254227
N#CN1CC[C@H](c2cc(-c3cccc4c3CN([C@H]3CCC(=O)NC3=O)C4=O)cc3c2NCC3)C1,-7.916113641
N#CN1CC[C@@H](c2cc(-c3cccc4c3CN([C@H]3CCC(=O)NC3=O)C4=O)cc3c2NCC3)C1,-7.923112835
N#CN1CC[C@H](c2cccc(-c3nc(C(=O)N[C@@H]4CCC(=O)NC4=O)c4n3CCCCC4)c2)C1,-7.78046232
N#CN1CC[C@@H](c2cccc(-c3nc(C(=O)N[C@@H]4CCC(=O)NC4=O)c4n3CCCCC4)c2)C1,-7.446167288
N#CN1CC[C@H](c2cccc(-c3nc(C(=O)N[C@H]4CCC(=O)NC4=O)c4n3CCCCC4)c2)C1,-7.530572453
N#CN1CC[C@@H](c2cccc(-c3nc(C(=O)N[C@H]4CCC(=O)NC4=O)c4n3CCCCC4)c2)C1,-7.787978831
O=C1CC[C@H](c2ccc(NC(=O)[C@@H]3CCc4c(S(=O)(=O)F)ccc(=O)n43)cc2)C(=O)N1,-8.21039271
O=C1CC[C@@H](c2ccc(NC(=O)[C@@H]3CCc4c(S(=O)(=O)F)ccc(=O)n43)cc2)C(=O)N1,-8.22364788
O=C1CC[C@H](c2ccc(NC(=O)[C@H]3CCc4c(S(=O)(=O)F)ccc(=O)n43)cc2)C(=O)N1,-8.224380552
O=C1CC[C@@H](c2ccc(NC(=O)[C@H]3CCc4c(S(=O)(=O)F)ccc(=O)n43)cc2)C(=O)N1,-8.138208817
O=C1CC[C@H](c2ccc(NC(=O)[C@@H]3CCc4cc(O)cc(=O)n43)cc2)C(=O)N1,-7.606657742
O=C1CC[C@@H](c2ccc(NC(=O)[C@@H]3CCc4cc(O)cc(=O)n43)cc2)C(=O)N1,-7.610077773
O=C1CC[C@H](c2ccc(NC(=O)[C@H]3CCc4cc(O)cc(=O)n43)cc2)C(=O)N1,-7.616717341
O=C1CC[C@@H](c2ccc(NC(=O)[C@H]3CCc4cc(O)cc(=O)n43)cc2)C(=O)N1,-7.610806726
O=C(CN1CCOCC1=O)NCc1occc1C(=O)N[C@@H]1CCC(=O)NC1=O,-7.650282977
O=C(CN1CCOCC1=O)NCc1occc1C(=O)N[C@H]1CCC(=O)NC1=O,-7.72896799
CC(C)(C(=O)Nc1ccc([C@@H]2CCC(=O)NC2=O)cc1)N1CCCNCC1,-7.593097444
CC(C)(C(=O)Nc1ccc([C@H]2CCC(=O)NC2=O)cc1)N1CCCNCC1,-7.605485446
C[C@H](C(=O)Nc1cccc2c1C(=O)N([C@@H]1CCC(=O)NC1=O)C2)C1CCCC1,-7.910858407
C[C@@H](C(=O)Nc1cccc2c1C(=O)N([C@@H]1CCC(=O)NC1=O)C2)C1CCCC1,-7.877059286
C[C@H](C(=O)Nc1cccc2c1C(=O)N([C@H]1CCC(=O)NC1=O)C2)C1CCCC1,-7.881487285
C[C@@H](C(=O)Nc1cccc2c1C(=O)N([C@H]1CCC(=O)NC1=O)C2)C1CCCC1,-7.85812383
N#CN1CCC[C@H](c2nnc(-c3cccc4c3CN([C@@H]3CCC(=O)NC3=O)C4=O)s2)C1,-8.265355583
N#CN1CCC[C@@H](c2nnc(-c3cccc4c3CN([C@@H]3CCC(=O)NC3=O)C4=O)s2)C1,-8.275808731
N#CN1CCC[C@H](c2nnc(-c3cccc4c3CN([C@H]3CCC(=O)NC3=O)C4=O)s2)C1,-8.2344389
N#CN1CCC[C@@H](c2nnc(-c3cccc4c3CN([C@H]3CCC(=O)NC3=O)C4=O)s2)C1,-8.251429861
N#CN1CCC[C@H](c2cc(-c3ccc4c(c3)C(=O)N([C@@H]3CCC(=O)NC3=O)C4)co2)C1,-7.90198972
N#CN1CCC[C@@H](c2cc(-c3ccc4c(c3)C(=O)N([C@@H]3CCC(=O)NC3=O)C4)co2)C1,-7.508861462
N#CN1CCC[C@H](c2cc(-c3ccc4c(c3)C(=O)N([C@H]3CCC(=O)NC3=O)C4)co2)C1,-7.916328802
N#CN1CCC[C@@H](c2cc(-c3ccc4c(c3)C(=O)N([C@H]3CCC(=O)NC3=O)C4)co2)C1,-7.905730887
CN(CC(=O)Nc1ccc2c(c1)C(=O)N([C@@H]1CCC(=O)NC1=O)C2=O)C1CC1,-8.602786728
CN(CC(=O)Nc1ccc2c(c1)C(=O)N([C@H]1CCC(=O)NC1=O)C2=O)C1CC1,-8.597480497
NC[C@@H]1OCCc2sc(C(=O)Nc3ccc([C@@H]4CCC(=O)NC4=O)cc3)cc21,-7.725140549
NC[C@H]1OCCc2sc(C(=O)Nc3ccc([C@@H]4CCC(=O)NC4=O)cc3)cc21,-7.782409459
NC[C@@H]1OCCc2sc(C(=O)Nc3ccc([C@H]4CCC(=O)NC4=O)cc3)cc21,-7.829111571
NC[C@H]1OCCc2sc(C(=O)Nc3ccc([C@H]4CCC(=O)NC4=O)cc3)cc21,-7.746475532
N#CN1CCC[C@H](c2c(-c3ccc4c(c3)CN([C@@H]3CCC(=O)NC3=O)C4=O)ncnc2C2CC2)C1,-7.813747274
N#CN1CCC[C@@H](c2c(-c3ccc4c(c3)CN([C@@H]3CCC(=O)NC3=O)C4=O)ncnc2C2CC2)C1,-7.883611817
N#CN1CCC[C@H](c2c(-c3ccc4c(c3)CN([C@H]3CCC(=O)NC3=O)C4=O)ncnc2C2CC2)C1,-7.915057048
N#CN1CCC[C@@H](c2c(-c3ccc4c(c3)CN([C@H]3CCC(=O)NC3=O)C4=O)ncnc2C2CC2)C1,-7.928352496
N#CN1CCC[C@H](c2cc3n(c(=O)c2)[C@H](C(=O)Nc2ccc([C@@H]4CCC(=O)NC4=O)cc2)CC3)C1,-7.646083642
N#CN1CCC[C@@H](c2cc3n(c(=O)c2)[C@H](C(=O)Nc2ccc([C@@H]4CCC(=O)NC4=O)cc2)CC3)C1,-7.617690718
N#CN1CCC[C@H](c2cc3n(c(=O)c2)[C@@H](C(=O)Nc2ccc([C@@H]4CCC(=O)NC4=O)cc2)CC3)C1,-7.655122166
N#CN1CCC[C@@H](c2cc3n(c(=O)c2)[C@@H](C(=O)Nc2ccc([C@@H]4CCC(=O)NC4=O)cc2)CC3)C1,-7.675775111
N#CN1CCC[C@H](c2cc3n(c(=O)c2)[C@H](C(=O)Nc2ccc([C@H]4CCC(=O)NC4=O)cc2)CC3)C1,-7.625571135
N#CN1CCC[C@@H](c2cc3n(c(=O)c2)[C@H](C(=O)Nc2ccc([C@H]4CCC(=O)NC4=O)cc2)CC3)C1,-7.630806775
N#CN1CCC[C@H](c2cc3n(c(=O)c2)[C@@H](C(=O)Nc2ccc([C@H]4CCC(=O)NC4=O)cc2)CC3)C1,-7.627092099
N#CN1CCC[C@@H](c2cc3n(c(=O)c2)[C@@H](C(=O)Nc2ccc([C@H]4CCC(=O)NC4=O)cc2)CC3)C1,-7.634493248
N#CN1CCC[C@H](c2ccc3c(c2-c2ccc4c(c2)CN([C@@H]2CCC(=O)NC2=O)C4=O)OCCC3)C1,-7.880280921
N#CN1CCC[C@@H](c2ccc3c(c2-c2ccc4c(c2)CN([C@@H]2CCC(=O)NC2=O)C4=O)OCCC3)C1,-7.885510956
N#CN1CCC[C@H](c2ccc3c(c2-c2ccc4c(c2)CN([C@H]2CCC(=O)NC2=O)C4=O)OCCC3)C1,-7.672827143
N#CN1CCC[C@@H](c2ccc3c(c2-c2ccc4c(c2)CN([C@H]2CCC(=O)NC2=O)C4=O)OCCC3)C1,-7.650130099
Cn1ncc(-c2ccccc2)c1C(=O)N[C@@H]1CCC(=O)NC1=O,-8.05478809
Cn1ncc(-c2ccccc2)c1C(=O)N[C@H]1CCC(=O)NC1=O,-7.908099932
O=C1CC[C@H](NC(=O)c2[nH]ncc2-c2cccc(S(=O)(=O)F)c2)C(=O)N1,-8.247440903
O=C1CC[C@@H](NC(=O)c2[nH]ncc2-c2cccc(S(=O)(=O)F)c2)C(=O)N1,-8.15764121
O=C1CC[C@H](N2Cc3ccc(NC(=O)C[C@@H]4CCCC45CC5)cc3C2=O)C(=O)N1,-7.876504757
O=C1CC[C@@H](N2Cc3ccc(NC(=O)C[C@@H]4CCCC45CC5)cc3C2=O)C(=O)N1,-7.876118904
O=C1CC[C@H](N2Cc3ccc(NC(=O)C[C@H]4CCCC45CC5)cc3C2=O)C(=O)N1,-7.881065185
O=C1CC[C@@H](N2Cc3ccc(NC(=O)C[C@H]4CCCC45CC5)cc3C2=O)C(=O)N1,-7.888237124
O=C1CC[C@H](Nc2nc3c(cc2Cl)C(=O)NC3)C(=O)N1,-8.043396953
O=C1CC[C@@H](Nc2nc3c(cc2Cl)C(=O)NC3)C(=O)N1,-8.043572539
O=C1CC[C@H](N2Cc3c(NC(=O)c4cnc5ccccc5c4)cccc3C2=O)C(=O)N1,-8.25177436
O=C1CC[C@@H](N2Cc3c(NC(=O)c4cnc5ccccc5c4)cccc3C2=O)C(=O)N1,-8.166245047
N#CN1CCC[C@H](c2cc3c(cc2-c2ccc4c(c2)CN([C@@H]2CCC(=O)NC2=O)C4=O)CCO3)C1,-7.829888577
N#CN1CCC[C@@H](c2cc3c(cc2-c2ccc4c(c2)CN([C@@H]2CCC(=O)NC2=O)C4=O)CCO3)C1,-7.903225622
N#CN1CCC[C@H](c2cc3c(cc2-c2ccc4c(c2)CN([C@H]2CCC(=O)NC2=O)C4=O)CCO3)C1,-7.712498308
N#CN1CCC[C@@H](c2cc3c(cc2-c2ccc4c(c2)CN([C@H]2CCC(=O)NC2=O)C4=O)CCO3)C1,-7.759891027
O=C1CC[C@H](c2ccc(NC(=O)[C@@H]3CCCc4c3cccc4S(=O)(=O)F)cc2)C(=O)N1,-7.75432702
O=C1CC[C@@H](c2ccc(NC(=O)[C@@H]3CCCc4c3cccc4S(=O)(=O)F)cc2)C(=O)N1,-7.742292038
O=C1CC[C@H](c2ccc(NC(=O)[C@H]3CCCc4c3cccc4S(=O)(=O)F)cc2)C(=O)N1,-7.67580234
O=C1CC[C@@H](c2ccc(NC(=O)[C@H]3CCCc4c3cccc4S(=O)(=O)F)cc2)C(=O)N1,-7.760832479
O=C1CC[C@H](c2ccc(NC(=O)[C@@H]3CCCc4ccc(S(=O)(=O)F)cc43)cc2)C(=O)N1,-7.727772553
O=C1CC[C@@H](c2ccc(NC(=O)[C@@H]3CCCc4ccc(S(=O)(=O)F)cc43)cc2)C(=O)N1,-7.715684669
O=C1CC[C@H](c2ccc(NC(=O)[C@H]3CCCc4ccc(S(=O)(=O)F)cc43)cc2)C(=O)N1,-7.776342049
O=C1CC[C@@H](c2ccc(NC(=O)[C@H]3CCCc4ccc(S(=O)(=O)F)cc43)cc2)C(=O)N1,-7.687743264
O=C1CC[C@H](c2ccc(NC(=O)[C@@H]3CCCc4cccc(S(=O)(=O)F)c43)cc2)C(=O)N1,-7.692865351
O=C1CC[C@@H](c2ccc(NC(=O)[C@@H]3CCCc4cccc(S(=O)(=O)F)c43)cc2)C(=O)N1,-7.697903339
O=C1CC[C@H](c2ccc(NC(=O)[C@H]3CCCc4cccc(S(=O)(=O)F)c43)cc2)C(=O)N1,-7.711930106
O=C1CC[C@@H](c2ccc(NC(=O)[C@H]3CCCc4cccc(S(=O)(=O)F)c43)cc2)C(=O)N1,-7.756370978
N#Cc1ccc2c(c1)CCC[C@@H]2C(=O)Nc1ccc([C@@H]2CCC(=O)NC2=O)cc1,-7.826155371
N#Cc1ccc2c(c1)CCC[C@H]2C(=O)Nc1ccc([C@@H]2CCC(=O)NC2=O)cc1,-7.81315397
N#Cc1ccc2c(c1)CCC[C@@H]2C(=O)Nc1ccc([C@H]2CCC(=O)NC2=O)cc1,-7.708105316
N#Cc1ccc2c(c1)CCC[C@H]2C(=O)Nc1ccc([C@H]2CCC(=O)NC2=O)cc1,-7.690584797
N#CN1CCC(c2cc(-c3ncc(C(=O)N[C@@H]4CCC(=O)NC4=O)s3)ccn2)CC1,-8.57998817
N#CN1CCC(c2cc(-c3ncc(C(=O)N[C@H]4CCC(=O)NC4=O)s3)ccn2)CC1,-8.577567602
O=C1CC[C@H](NC(=O)c2nnc(-c3ccns3)o2)C(=O)N1,-8.905095275
O=C1CC[C@@H](NC(=O)c2nnc(-c3ccns3)o2)C(=O)N1,-8.905127448
COc1cc(C)nc(Cn2cc(C(=O)N[C@@H]3CCC(=O)NC3=O)nn2)c1,-7.829366097
COc1cc(C)nc(Cn2cc(C(=O)N[C@H]3CCC(=O)NC3=O)nn2)c1,-7.826258546
O=C1CC[C@H](c2ccc(NC(=O)[C@]3(C4CCCC4)CCNC3=O)cc2)C(=O)N1,-7.589629218
O=C1CC[C@@H](c2ccc(NC(=O)[C@]3(C4CCCC4)CCNC3=O)cc2)C(=O)N1,-7.607728311
O=C1CC[C@H](c2ccc(NC(=O)[C@@]3(C4CCCC4)CCNC3=O)cc2)C(=O)N1,-7.606184656
O=C1CC[C@@H](c2ccc(NC(=O)[C@@]3(C4CCCC4)CCNC3=O)cc2)C(=O)N1,-7.584043195
N#CN1CC[C@H](c2cccc3c2OC[C@H](NC(=O)c2cccc(N4CCC(=O)NC4=O)c2)C3)C1,-7.513769366
N#CN1CC[C@@H](c2cccc3c2OC[C@H](NC(=O)c2cccc(N4CCC(=O)NC4=O)c2)C3)C1,-7.48789687
N#CN1CC[C@H](c2cccc3c2OC[C@@H](NC(=O)c2cccc(N4CCC(=O)NC4=O)c2)C3)C1,-7.498176833
N#CN1CC[C@@H](c2cccc3c2OC[C@@H](NC(=O)c2cccc(N4CCC(=O)NC4=O)c2)C3)C1,-7.394463363
O=C1CC[C@H](N2Cc3c(ccc4c3OCC3(CCN(Cc5ccccc5)CC3)C4)C2=O)C(=O)N1,-7.769803722
O=C1CC[C@@H](N2Cc3c(ccc4c3OCC3(CCN(Cc5ccccc5)CC3)C4)C2=O)C(=O)N1,-7.778343743
O=C1CC[C@H](NC(=O)c2c[nH]nc2-c2cc3ccccc3o2)C(=O)N1,-7.80094151
O=C1CC[C@@H](NC(=O)c2c[nH]nc2-c2cc3ccccc3o2)C(=O)N1,-7.801842302
Cc1nsc(C(=O)NCc2ccc3c(c2)C(=O)N([C@@H]2CCC(=O)NC2=O)C3)n1,-8.418535387
Cc1nsc(C(=O)NCc2ccc3c(c2)C(=O)N([C@H]2CCC(=O)NC2=O)C3)n1,-8.417546171
COc1ccc(C(=O)Nc2cccc3c2CN([C@@H]2CCC(=O)NC2=O)C3=O)s1,-8.498842857
COc1ccc(C(=O)Nc2cccc3c2CN([C@H]2CCC(=O)NC2=O)C3=O)s1,-8.506854127
O=C1CC[C@H](N2Cc3c(NC(=O)c4cc(S(=O)(=O)F)cs4)cccc3C2=O)C(=O)N1,-8.776275431
O=C1CC[C@@H](N2Cc3c(NC(=O)c4cc(S(=O)(=O)F)cs4)cccc3C2=O)C(=O)N1,-8.775770773
O=C1CC[C@H](N2Cc3c(NC(=O)c4sccc4S(=O)(=O)F)cccc3C2=O)C(=O)N1,-8.6592616
O=C1CC[C@@H](N2Cc3c(NC(=O)c4sccc4S(=O)(=O)F)cccc3C2=O)C(=O)N1,-8.612258729
O=C1CC[C@H](N2Cc3c(NC(=O)c4ccc(F)s4)cccc3C2=O)C(=O)N1,-7.91070551
O=C1CC[C@@H](N2Cc3c(NC(=O)c4ccc(F)s4)cccc3C2=O)C(=O)N1,-7.923259701
O=C(NCC(=O)c1ccc(F)c2ccccc12)c1cccc2c1C(=O)NC2=O,-9.218579706
N#Cc1cn(C2CN(C(=O)[C@H](F)Cl)C2)c(=O)[nH]c1=O,-8.684532803
N#Cc1cn(C2CN(C(=O)[C@@H](F)Cl)C2)c(=O)[nH]c1=O,-8.686621392
C=CC(=O)N1CC(n2cc(C#N)c(=O)[nH]c2=O)C1,-8.585498923
CC(C)(C)NC(=O)[C@]1(C)CCC(=O)N1[C@@H]1CCC(=O)NC1=O,-8.015490296
CC(C)(C)NC(=O)[C@@]1(C)CCC(=O)N1[C@@H]1CCC(=O)NC1=O,-7.969759045
CC(C)(C)NC(=O)[C@]1(C)CCC(=O)N1[C@H]1CCC(=O)NC1=O,-7.980590495
CC(C)(C)NC(=O)[C@@]1(C)CCC(=O)N1[C@H]1CCC(=O)NC1=O,-8.09496627
O=C1CC[C@H](N2CCCC2=O)C(=O)N1,-7.850079768
O=C1CC[C@@H](N2CCCC2=O)C(=O)N1,-7.849046417
N#CN1CC[C@H](c2nc(-c3ccc(C(=O)N[C@@H]4CCC(=O)NC4=O)cc3)no2)C1,-8.212893821
N#CN1CC[C@@H](c2nc(-c3ccc(C(=O)N[C@@H]4CCC(=O)NC4=O)cc3)no2)C1,-8.213521242
N#CN1CC[C@H](c2nc(-c3ccc(C(=O)N[C@H]4CCC(=O)NC4=O)cc3)no2)C1,-8.208465821
N#CN1CC[C@@H](c2nc(-c3ccc(C(=O)N[C@H]4CCC(=O)NC4=O)cc3)no2)C1,-8.2078553
O=C1CC[C@H](N2Cc3cc(NCc4cccc(Oc5ccccc5)c4)ccc3C2=O)C(=O)N1,-7.894615071
O=C1CC[C@@H](N2Cc3cc(NCc4cccc(Oc5ccccc5)c4)ccc3C2=O)C(=O)N1,-7.811524907
Cc1nc2n(c1C(=O)Nc1ccc(N[C@@H]3CCC(=O)NC3=O)cc1)C[C@H](C)CC2,-7.908820832
Cc1nc2n(c1C(=O)Nc1ccc(N[C@H]3CCC(=O)NC3=O)cc1)C[C@H](C)CC2,-7.90919516
Cc1nc2n(c1C(=O)Nc1ccc(N[C@@H]3CCC(=O)NC3=O)cc1)C[C@@H](C)CC2,-7.908238224
Cc1nc2n(c1C(=O)Nc1ccc(N[C@H]3CCC(=O)NC3=O)cc1)C[C@@H](C)CC2,-7.908278033
NC[C@@H]1CCn2c(C(=O)Nc3ccc(N[C@@H]4CCC(=O)NC4=O)cc3)cnc2C1,-7.928874166
NC[C@H]1CCn2c(C(=O)Nc3ccc(N[C@@H]4CCC(=O)NC4=O)cc3)cnc2C1,-7.915662045
NC[C@@H]1CCn2c(C(=O)Nc3ccc(N[C@H]4CCC(=O)NC4=O)cc3)cnc2C1,-7.928808885
NC[C@H]1CCn2c(C(=O)Nc3ccc(N[C@H]4CCC(=O)NC4=O)cc3)cnc2C1,-7.915997921
N#CN1CCC[C@H](c2cccn(Cc3cn([C@@H]4CCC(=O)NC4=O)nn3)c2=O)C1,-8.306233786
N#CN1CCC[C@@H](c2cccn(Cc3cn([C@@H]4CCC(=O)NC4=O)nn3)c2=O)C1,-7.890621283
N#CN1CCC[C@H](c2cccn(Cc3cn([C@H]4CCC(=O)NC4=O)nn3)c2=O)C1,-7.853678562
N#CN1CCC[C@@H](c2cccn(Cc3cn([C@H]4CCC(=O)NC4=O)nn3)c2=O)C1,-7.870109896
O=C1CC[C@H](N2C(=O)c3ccc(OCc4cccc(F)c4)cc3C2=O)C(=O)N1,-8.648850957
O=C1CC[C@@H](N2C(=O)c3ccc(OCc4cccc(F)c4)cc3C2=O)C(=O)N1,-8.643360736
COc1ccc(COc2ccc3c(c2)C(=O)N([C@@H]2CCC(=O)NC2=O)C3=O)cc1,-8.539851238
COc1ccc(COc2ccc3c(c2)C(=O)N([C@H]2CCC(=O)NC2=O)C3=O)cc1,-8.549987562
O=C1CC[C@H](N2Cc3c(cc(S(=O)(=O)F)cc3-c3cnccn3)C2=O)C(=O)N1,-8.355382221
O=C1CC[C@@H](N2Cc3c(cc(S(=O)(=O)F)cc3-c3cnccn3)C2=O)C(=O)N1,-9.178628677
O=C1CC[C@H](N2Cc3c(ccc(S(=O)(=O)F)c3-c3cnccn3)C2=O)C(=O)N1,-8.751402279
O=C1CC[C@@H](N2Cc3c(ccc(S(=O)(=O)F)c3-c3cnccn3)C2=O)C(=O)N1,-8.478060245
O=C1CC[C@H](N2Cc3c(cccc3-c3cnc(OS(=O)(=O)F)cn3)C2=O)C(=O)N1,-8.817519369
O=C1CC[C@@H](N2Cc3c(cccc3-c3cnc(OS(=O)(=O)F)cn3)C2=O)C(=O)N1,-8.725367266
O=C1CC[C@H](N2Cc3c(cccc3-c3cncc(OS(=O)(=O)F)n3)C2=O)C(=O)N1,-8.837536798
O=C1CC[C@@H](N2Cc3c(cccc3-c3cncc(OS(=O)(=O)F)n3)C2=O)C(=O)N1,-8.914789621
Cc1cnc(-c2cccc3c2CN([C@@H]2CCC(=O)NC2=O)C3=O)cn1,-8.012998109
Cc1cnc(-c2cccc3c2CN([C@H]2CCC(=O)NC2=O)C3=O)cn1,-8.014148133
[2H]C([2H])([2H])n1ccc2cc(C(=O)N[C@@H]3CCC(=O)NC3=O)ccc21,-7.852013436
[2H]C([2H])([2H])n1ccc2cc(C(=O)N[C@H]3CCC(=O)NC3=O)ccc21,-7.851777663
O=C1CC[C@H](NC(=O)c2cc(S(=O)(=O)F)c3[nH]ccc3c2)C(=O)N1,-8.06786264
O=C1CC[C@@H](NC(=O)c2cc(S(=O)(=O)F)c3[nH]ccc3c2)C(=O)N1,-8.07529214
O=C1CC[C@H](NC(=O)c2ccc3[nH]c(S(=O)(=O)F)cc3c2)C(=O)N1,-8.19472953
O=C1CC[C@@H](NC(=O)c2ccc3[nH]c(S(=O)(=O)F)cc3c2)C(=O)N1,-8.0623326
O=C1CC[C@H](NC(=O)c2ccc3[nH]cc(S(=O)(=O)F)c3c2)C(=O)N1,-8.052633966
O=C1CC[C@@H](NC(=O)c2ccc3[nH]cc(S(=O)(=O)F)c3c2)C(=O)N1,-8.299090176
COCCn1c(C)c(C)c2cc(C(=O)N[C@@H]3CCC(=O)NC3=O)ccc21,-7.852246263
COCCn1c(C)c(C)c2cc(C(=O)N[C@H]3CCC(=O)NC3=O)ccc21,-7.830763574
N#CN1CCC[C@H](c2ccc(NC(=O)c3cccc4c3CN([C@@H]3CCC(=O)NC3=O)C4=O)cc2)C1,-7.998054011
N#CN1CCC[C@@H](c2ccc(NC(=O)c3cccc4c3CN([C@@H]3CCC(=O)NC3=O)C4=O)cc2)C1,-8.019666051
N#CN1CCC[C@H](c2ccc(NC(=O)c3cccc4c3CN([C@H]3CCC(=O)NC3=O)C4=O)cc2)C1,-8.001435959
N#CN1CCC[C@@H](c2ccc(NC(=O)c3cccc4c3CN([C@H]3CCC(=O)NC3=O)C4=O)cc2)C1,-7.866142042
O=C1NC(=O)[C@]2(c3ccccc3)C[C@@H]1C2,-7.8764
O=C1NC(=O)[C@]2(c3ccc(S(=O)(=O)F)cc3)C[C@H]1C2,-8.3233
N#CN1CCC[C@H](c2ccc(-c3nc(C(=O)N[C@@H]4CCC(=O)NC4=O)co3)cc2)C1,-8.083401324
N#CN1CCC[C@@H](c2ccc(-c3nc(C(=O)N[C@@H]4CCC(=O)NC4=O)co3)cc2)C1,-7.824848469
N#CN1CCC[C@H](c2ccc(-c3nc(C(=O)N[C@H]4CCC(=O)NC4=O)co3)cc2)C1,-7.920944031
N#CN1CCC[C@@H](c2ccc(-c3nc(C(=O)N[C@H]4CCC(=O)NC4=O)co3)cc2)C1,-7.910733758
Cc1c(C(=O)N[C@@H]2CCC(=O)NC2=O)sc2cc(F)ccc12,-8.040140518
Cc1c(C(=O)N[C@H]2CCC(=O)NC2=O)sc2cc(F)ccc12,-8.035643762
Cc1cc(C)c2c(Cl)c(C(=O)N[C@@H]3CCC(=O)NC3=O)sc2c1,-7.897082139
Cc1cc(C)c2c(Cl)c(C(=O)N[C@H]3CCC(=O)NC3=O)sc2c1,-7.896703242
O=C1CC[C@H](NC(=O)c2cc3c(S(=O)(=O)F)cccc3s2)C(=O)N1,-8.684441377
O=C1CC[C@@H](NC(=O)c2cc3c(S(=O)(=O)F)cccc3s2)C(=O)N1,-8.683090825
O=C1CC[C@H](NC(=O)c2cc3cccc(S(=O)(=O)F)c3s2)C(=O)N1,-8.501829811
O=C1CC[C@@H](NC(=O)c2cc3cccc(S(=O)(=O)F)c3s2)C(=O)N1,-8.353032374
O=C1CC[C@H](NC(=O)c2cc3cc(S(=O)(=O)F)ccc3s2)C(=O)N1,-8.393835813
O=C1CC[C@@H](NC(=O)c2cc3cc(S(=O)(=O)F)ccc3s2)C(=O)N1,-8.283698928
Cc1c(C(=O)N[C@@H]2CCC(=O)NC2=O)sc2c(Br)cccc12,-8.078203581
Cc1c(C(=O)N[C@H]2CCC(=O)NC2=O)sc2c(Br)cccc12,-8.077360708
O=C1CC[C@H](NC(=O)c2nn3c(c2Br)CCC3)C(=O)N1,-7.841350124
O=C1CC[C@@H](NC(=O)c2nn3c(c2Br)CCC3)C(=O)N1,-7.841652178
O=C1CC[C@H](Nc2ccc(NC(=O)c3cnn4cc[nH]c(=O)c34)cc2)C(=O)N1,-8.096650177
O=C1CC[C@@H](Nc2ccc(NC(=O)c3cnn4cc[nH]c(=O)c34)cc2)C(=O)N1,-8.096037091
CC(C)(C)c1noc(-c2ccccc2C(=O)N[C@@H]2CCC(=O)NC2=O)n1,-7.968380223
CC(C)(C)c1noc(-c2ccccc2C(=O)N[C@H]2CCC(=O)NC2=O)n1,-7.986366465
C=CC(=O)Nc1ccc(CC(=O)Nc2ccc(Cl)c3c2C(=O)NC3)cc1,-7.574799993
N#CN1CC[C@H](c2ccccc2-c2nc(C(=O)N[C@@H]3CCC(=O)NC3=O)cs2)C1,-7.925029271
N#CN1CC[C@@H](c2ccccc2-c2nc(C(=O)N[C@@H]3CCC(=O)NC3=O)cs2)C1,-7.887301051
N#CN1CC[C@H](c2ccccc2-c2nc(C(=O)N[C@H]3CCC(=O)NC3=O)cs2)C1,-8.277024523
N#CN1CC[C@@H](c2ccccc2-c2nc(C(=O)N[C@H]3CCC(=O)NC3=O)cs2)C1,-8.269942154
O=C1CC[C@H](NC(=O)c2cnc(-c3ccsc3)cn2)C(=O)N1,-8.369357973
O=C1CC[C@@H](NC(=O)c2cnc(-c3ccsc3)cn2)C(=O)N1,-8.292245203
N#CN1CC[C@H](c2ccnc(-c3ccc4c(c3)C(=O)N([C@@H]3CCC(=O)NC3=O)C4)c2)C1,-7.965414865
N#CN1CC[C@@H](c2ccnc(-c3ccc4c(c3)C(=O)N([C@@H]3CCC(=O)NC3=O)C4)c2)C1,-7.907002157
N#CN1CC[C@H](c2ccnc(-c3ccc4c(c3)C(=O)N([C@H]3CCC(=O)NC3=O)C4)c2)C1,-7.883508995
N#CN1CC[C@@H](c2ccnc(-c3ccc4c(c3)C(=O)N([C@H]3CCC(=O)NC3=O)C4)c2)C1,-7.913055365
O=C1CC[C@H](N2Cc3c(cccc3-n3cc(-c4cn[nH]c4)nn3)C2=O)C(=O)N1,-7.880484692
O=C1CC[C@@H](N2Cc3c(cccc3-n3cc(-c4cn[nH]c4)nn3)C2=O)C(=O)N1,-7.877078653
N#CN1CCC[C@H](c2nc3n(c2C(=O)Nc2ccc([C@@H]4CCC(=O)NC4=O)cc2)CCCC3)C1,-7.686221989
N#CN1CCC[C@@H](c2nc3n(c2C(=O)Nc2ccc([C@@H]4CCC(=O)NC4=O)cc2)CCCC3)C1,-7.608544967
N#CN1CCC[C@H](c2nc3n(c2C(=O)Nc2ccc([C@H]4CCC(=O)NC4=O)cc2)CCCC3)C1,-7.313517574
N#CN1CCC[C@@H](c2nc3n(c2C(=O)Nc2ccc([C@H]4CCC(=O)NC4=O)cc2)CCCC3)C1,-7.654981727
O=C1CC[C@H](c2ccc(NC(=O)Cc3nsc4ccccc34)cc2)C(=O)N1,-7.838456115
O=C1CC[C@@H](c2ccc(NC(=O)Cc3nsc4ccccc34)cc2)C(=O)N1,-7.835091774
CCCn1ccc(C(=O)Nc2ccc3c(c2)C(=O)N([C@@H]2CCC(=O)NC2=O)C3)n1,-8.497268763
CCCn1ccc(C(=O)Nc2ccc3c(c2)C(=O)N([C@H]2CCC(=O)NC2=O)C3)n1,-8.472533541
N#CN1CC[C@H](c2ccc(C(=O)Nc3cccc4c3C(=O)N([C@@H]3CCC(=O)NC3=O)C4=O)cc2)C1,-8.591705993
N#CN1CC[C@@H](c2ccc(C(=O)Nc3cccc4c3C(=O)N([C@@H]3CCC(=O)NC3=O)C4=O)cc2)C1,-8.900134524
N#CN1CC[C@H](c2ccc(C(=O)Nc3cccc4c3C(=O)N([C@H]3CCC(=O)NC3=O)C4=O)cc2)C1,-8.901187869
N#CN1CC[C@@H](c2ccc(C(=O)Nc3cccc4c3C(=O)N([C@H]3CCC(=O)NC3=O)C4=O)cc2)C1,-8.903910425
C=CC(=O)N1CCC(C(=O)Nc2ccc([C@]3(CC)CCC(=O)NC3=O)cc2)CC1,-7.536312466
C=CC(=O)N1CCC(C(=O)Nc2ccc([C@@]3(CC)CCC(=O)NC3=O)cc2)CC1,-7.562337841
O=C1CC[C@H](c2cccc(NC(=O)Cc3nnc4n3CCOC4)c2)C(=O)N1,-7.647766506
O=C1CC[C@@H](c2cccc(NC(=O)Cc3nnc4n3CCOC4)c2)C(=O)N1,-7.658214342
Cn1ccc(NC(=O)Nc2ccc3c(c2)CN([C@@H]2CCC(=O)NC2=O)C3=O)n1,-7.772338993
Cn1ccc(NC(=O)Nc2ccc3c(c2)CN([C@H]2CCC(=O)NC2=O)C3=O)n1,-7.768159823
O=C1CC[C@H](NC(=O)c2cnc3c(c2)S(=O)(=O)N=CN3)C(=O)N1,-8.55641975
O=C1CC[C@@H](NC(=O)c2cnc3c(c2)S(=O)(=O)N=CN3)C(=O)N1,-8.557047061
Cc1nc(C2CCCCC2)sc1C(=O)N[C@@H]1CCC(=O)NC1=O,-8.001344342
Cc1nc(C2CCCCC2)sc1C(=O)N[C@H]1CCC(=O)NC1=O,-7.964715347
N#CN1CCC[C@H](c2ncc3n2[C@H](C(=O)Nc2ccc([C@@H]4CCC(=O)NC4=O)cc2)CCC3)C1,-7.576405977
N#CN1CCC[C@@H](c2ncc3n2[C@H](C(=O)Nc2ccc([C@@H]4CCC(=O)NC4=O)cc2)CCC3)C1,-7.688328893
N#CN1CCC[C@H](c2ncc3n2[C@@H](C(=O)Nc2ccc([C@@H]4CCC(=O)NC4=O)cc2)CCC3)C1,-7.302230013
N#CN1CCC[C@@H](c2ncc3n2[C@@H](C(=O)Nc2ccc([C@@H]4CCC(=O)NC4=O)cc2)CCC3)C1,-7.739131931
N#CN1CCC[C@H](c2ncc3n2[C@H](C(=O)Nc2ccc([C@H]4CCC(=O)NC4=O)cc2)CCC3)C1,-7.282166439
N#CN1CCC[C@@H](c2ncc3n2[C@H](C(=O)Nc2ccc([C@H]4CCC(=O)NC4=O)cc2)CCC3)C1,-7.490579859
N#CN1CCC[C@H](c2ncc3n2[C@@H](C(=O)Nc2ccc([C@H]4CCC(=O)NC4=O)cc2)CCC3)C1,-7.4782097
N#CN1CCC[C@@H](c2ncc3n2[C@@H](C(=O)Nc2ccc([C@H]4CCC(=O)NC4=O)cc2)CCC3)C1,-7.740306193
N#CN1CCC[C@H](c2ccccc2-c2ncc(C(=O)N[C@@H]3CCC(=O)NC3=O)[nH]2)C1,-8.069933709
N#CN1CCC[C@@H](c2ccccc2-c2ncc(C(=O)N[C@@H]3CCC(=O)NC3=O)[nH]2)C1,-8.152037418
N#CN1CCC[C@H](c2ccccc2-c2ncc(C(=O)N[C@H]3CCC(=O)NC3=O)[nH]2)C1,-7.824654488
N#CN1CCC[C@@H](c2ccccc2-c2ncc(C(=O)N[C@H]3CCC(=O)NC3=O)[nH]2)C1,-7.846130088
O=C1CC[C@H](NC(=O)c2ccc(Br)c3c2CCO3)C(=O)N1,-8.151398361
O=C1CC[C@@H](NC(=O)c2ccc(Br)c3c2CCO3)C(=O)N1,-8.151444041
O=C1CC[C@H](NC(=O)c2ccc(S(=O)(=O)F)c3c2CCO3)C(=O)N1,-8.281213315
O=C1CC[C@@H](NC(=O)c2ccc(S(=O)(=O)F)c3c2CCO3)C(=O)N1,-8.20284653
O=C1CC[C@H](NC(=O)c2cc(S(=O)(=O)F)cc3c2CCO3)C(=O)N1,-8.232515433
O=C1CC[C@@H](NC(=O)c2cc(S(=O)(=O)F)cc3c2CCO3)C(=O)N1,-8.232718582
O=C1CC[C@H](N2Cc3cc(-c4nn[nH]c4OS(=O)(=O)F)ccc3C2=O)C(=O)N1,-8.462598551
O=C1CC[C@@H](N2Cc3cc(-c4nn[nH]c4OS(=O)(=O)F)ccc3C2=O)C(=O)N1,-8.378252147
Cn1cc(-c2ccc3c(c2)CN([C@@H]2CCC(=O)NC2=O)C3=O)nn1,-7.820532108
Cn1cc(-c2ccc3c(c2)CN([C@H]2CCC(=O)NC2=O)C3=O)nn1,-7.854575369
O=C1CC[C@H](N2Cc3cc(-c4nn[nH]c4S(=O)(=O)F)ccc3C2=O)C(=O)N1,-8.510076692
O=C1CC[C@@H](N2Cc3cc(-c4nn[nH]c4S(=O)(=O)F)ccc3C2=O)C(=O)N1,-8.377187425
O=C1CC[C@H](N2Cc3c(ccc(-c4c[nH]nn4)c3S(=O)(=O)F)C2=O)C(=O)N1,-8.591125986
O=C1CC[C@@H](N2Cc3c(ccc(-c4c[nH]nn4)c3S(=O)(=O)F)C2=O)C(=O)N1,-8.231110951
O=C1CC[C@H](N2Cc3cc(-c4c[nH]nn4)c(S(=O)(=O)F)cc3C2=O)C(=O)N1,-8.590989044
O=C1CC[C@@H](N2Cc3cc(-c4c[nH]nn4)c(S(=O)(=O)F)cc3C2=O)C(=O)N1,-8.191212654
O=C1CC[C@H](N2Cc3cc(NCc4ccc5ccccc5c4)ccc3C2=O)C(=O)N1,-7.754758916
O=C1CC[C@@H](N2Cc3cc(NCc4ccc5ccccc5c4)ccc3C2=O)C(=O)N1,-7.755502301
O=C1CC[C@H](N2Cc3cc(NCc4ccc5cc(O)ccc5c4)ccc3C2=O)C(=O)N1,-7.750036593
O=C1CC[C@@H](N2Cc3cc(NCc4ccc5cc(O)ccc5c4)ccc3C2=O)C(=O)N1,-7.745132697
O=C1CC[C@H](N2Cc3cc(NCc4ccc5cc(F)ccc5c4)ccc3C2=O)C(=O)N1,-7.803922191
O=C1CC[C@@H](N2Cc3cc(NCc4ccc5cc(F)ccc5c4)ccc3C2=O)C(=O)N1,-7.822395665
COc1c(CNc2ccc3c(c2)CN([C@@H]2CCC(=O)NC2=O)C3=O)ccc2ccccc12,-7.744304436
COc1c(CNc2ccc3c(c2)CN([C@H]2CCC(=O)NC2=O)C3=O)ccc2ccccc12,-7.759302259
COc1cc(CNc2ccc3c(c2)CN([C@@H]2CCC(=O)NC2=O)C3=O)cc2ccccc12,-7.719318208
COc1cc(CNc2ccc3c(c2)CN([C@H]2CCC(=O)NC2=O)C3=O)cc2ccccc12,-7.814998051
COc1cccc2ccc(CNc3ccc4c(c3)CN([C@@H]3CCC(=O)NC3=O)C4=O)cc12,-7.747455857
COc1cccc2ccc(CNc3ccc4c(c3)CN([C@H]3CCC(=O)NC3=O)C4=O)cc12,-7.771389093
COc1cccc2cc(CNc3ccc4c(c3)CN([C@@H]3CCC(=O)NC3=O)C4=O)ccc12,-7.720167892
COc1cccc2cc(CNc3ccc4c(c3)CN([C@H]3CCC(=O)NC3=O)C4=O)ccc12,-7.77517964
COc1ccc2cc(CNc3ccc4c(c3)CN([C@@H]3CCC(=O)NC3=O)C4=O)ccc2c1,-7.764940922
COc1ccc2cc(CNc3ccc4c(c3)CN([C@H]3CCC(=O)NC3=O)C4=O)ccc2c1,-7.73466511
COc1ccc2ccc(CNc3ccc4c(c3)CN([C@@H]3CCC(=O)NC3=O)C4=O)cc2c1,-7.726405807
COc1ccc2ccc(CNc3ccc4c(c3)CN([C@H]3CCC(=O)NC3=O)C4=O)cc2c1,-7.743517865
COc1cc2ccccc2cc1CNc1ccc2c(c1)CN([C@@H]1CCC(=O)NC1=O)C2=O,-7.755760783
COc1cc2ccccc2cc1CNc1ccc2c(c1)CN([C@H]1CCC(=O)NC1=O)C2=O,-7.752287625
CN(C)c1ccc2cc(CNc3ccc4c(c3)CN([C@@H]3CCC(=O)NC3=O)C4=O)ccc2c1,-7.701711881
CN(C)c1ccc2cc(CNc3ccc4c(c3)CN([C@H]3CCC(=O)NC3=O)C4=O)ccc2c1,-7.721666133
COc1cc(CNc2ccc3c(c2)CN([C@@H]2CCC(=O)NC2=O)C3=O)c(OC)c2ccccc12,-7.774502422
COc1cc(CNc2ccc3c(c2)CN([C@H]2CCC(=O)NC2=O)C3=O)c(OC)c2ccccc12,-7.807348095
COc1cc2ccc(CNc3ccc4c(c3)CN([C@@H]3CCC(=O)NC3=O)C4=O)cc2cc1OC,-7.73522927
COc1cc2ccc(CNc3ccc4c(c3)CN([C@H]3CCC(=O)NC3=O)C4=O)cc2cc1OC,-7.799272195
COc1ccc2cc(OC)c(CNc3ccc4c(c3)CN([C@@H]3CCC(=O)NC3=O)C4=O)cc2c1,-7.731955553
COc1ccc2cc(OC)c(CNc3ccc4c(c3)CN([C@H]3CCC(=O)NC3=O)C4=O)cc2c1,-7.75037698
COc1cc2c(OC)cccc2cc1CNc1ccc2c(c1)CN([C@@H]1CCC(=O)NC1=O)C2=O,-7.733545929
COc1cc2c(OC)cccc2cc1CNc1ccc2c(c1)CN([C@H]1CCC(=O)NC1=O)C2=O,-7.75408186
O=C1CC[C@H](N2Cc3cc(NCc4ccc5cc(Br)ccc5c4)ccc3C2=O)C(=O)N1,-7.919818986
O=C1CC[C@@H](N2Cc3cc(NCc4ccc5cc(Br)ccc5c4)ccc3C2=O)C(=O)N1,-7.877621596
O=C1CC[C@H](NC(=O)c2cc(S(=O)(=O)F)c3nonc3c2)C(=O)N1,-9.783438439
O=C1CC[C@@H](NC(=O)c2cc(S(=O)(=O)F)c3nonc3c2)C(=O)N1,-10.20999688
O=C1CC[C@H](NC(=O)c2ccc3nonc3c2)C(=O)N1,-9.255168356
O=C1CC[C@@H](NC(=O)c2ccc3nonc3c2)C(=O)N1,-9.25515219
N#CN1CCC[C@H](c2cnccc2Nc2ccc([C@@H]3CCC(=O)NC3=O)cc2)C1,-7.602189889
N#CN1CCC[C@@H](c2cnccc2Nc2ccc([C@@H]3CCC(=O)NC3=O)cc2)C1,-7.463933907
N#CN1CCC[C@H](c2cnccc2Nc2ccc([C@H]3CCC(=O)NC3=O)cc2)C1,-8.262373883
N#CN1CCC[C@@H](c2cnccc2Nc2ccc([C@H]3CCC(=O)NC3=O)cc2)C1,-8.193343077
C[C@@H]1CCc2c(C(=O)N[C@@H]3CCC(=O)NC3=O)csc2C1,-7.898076089
C[C@H]1CCc2c(C(=O)N[C@@H]3CCC(=O)NC3=O)csc2C1,-7.901758515
C[C@@H]1CCc2c(C(=O)N[C@H]3CCC(=O)NC3=O)csc2C1,-7.876499931
C[C@H]1CCc2c(C(=O)N[C@H]3CCC(=O)NC3=O)csc2C1,-7.939829335
CC1(C)CCc2c(C(=O)N[C@@H]3CCC(=O)NC3=O)csc2C1,-7.962602265
CC1(C)CCc2c(C(=O)N[C@H]3CCC(=O)NC3=O)csc2C1,-7.920590283
CC1(C)CCCc2scc(C(=O)N[C@@H]3CCC(=O)NC3=O)c21,-7.942110414
CC1(C)CCCc2scc(C(=O)N[C@H]3CCC(=O)NC3=O)c21,-7.969944977
CC1(C)Cc2c(C(=O)Nc3ccc([C@@H]4CCC(=O)NC4=O)cc3)nnn2C1,-7.535402107
CC1(C)Cc2c(C(=O)Nc3ccc([C@H]4CCC(=O)NC4=O)cc3)nnn2C1,-7.536251208
O=C1CC[C@H](N2Cc3cc(Nc4cnc5ccccn45)ccc3C2=O)C(=O)N1,-7.894022263
O=C1CC[C@@H](N2Cc3cc(Nc4cnc5ccccn45)ccc3C2=O)C(=O)N1,-8.0311
Cc1nc2c3ccccc3nc(S[C@@H]3CCC(=O)NC3=O)n2n1,-8.138095295
Cc1nc2c3ccccc3nc(S[C@H]3CCC(=O)NC3=O)n2n1,-8.139659773
O=C1CC[C@H](N2Cc3ccc(-c4cc(F)cc5ccoc45)cc3C2=O)C(=O)N1,-7.904168334
O=C1CC[C@@H](N2Cc3ccc(-c4cc(F)cc5ccoc45)cc3C2=O)C(=O)N1,-7.903351827
N#CN1CCC[C@H](c2ccc3c(=O)cc(C(=O)N[C@@H]4CCC(=O)NC4=O)[nH]c3c2)C1,-8.117412085
N#CN1CCC[C@@H](c2ccc3c(=O)cc(C(=O)N[C@@H]4CCC(=O)NC4=O)[nH]c3c2)C1,-8.168899773
N#CN1CCC[C@H](c2ccc3c(=O)cc(C(=O)N[C@H]4CCC(=O)NC4=O)[nH]c3c2)C1,-8.188285869
N#CN1CCC[C@@H](c2ccc3c(=O)cc(C(=O)N[C@H]4CCC(=O)NC4=O)[nH]c3c2)C1,-8.211654373
N#CN1CCC[C@H](c2ccc(-c3cccc4c3CN([C@@H]3CCC(=O)NC3=O)C4=O)nc2)C1,-7.820734869
N#CN1CCC[C@@H](c2ccc(-c3cccc4c3CN([C@@H]3CCC(=O)NC3=O)C4=O)nc2)C1,-8.007641451
N#CN1CCC[C@H](c2ccc(-c3cccc4c3CN([C@H]3CCC(=O)NC3=O)C4=O)nc2)C1,-7.891835246
N#CN1CCC[C@@H](c2ccc(-c3cccc4c3CN([C@H]3CCC(=O)NC3=O)C4=O)nc2)C1,-7.886389973
CCN1CCC[C@@H]1CNc1ncccc1C(=O)N[C@@H]1CCC(=O)NC1=O,-7.993213584
CCN1CCC[C@H]1CNc1ncccc1C(=O)N[C@@H]1CCC(=O)NC1=O,-7.993516365
CCN1CCC[C@@H]1CNc1ncccc1C(=O)N[C@H]1CCC(=O)NC1=O,-7.988002103
CCN1CCC[C@H]1CNc1ncccc1C(=O)N[C@H]1CCC(=O)NC1=O,-7.986121429
O=C1CC(c2cccc(NC(=O)CCc3ccccn3)c2)CC(=O)N1,-7.56779231
N#CN1CCC[C@H](c2cnc(-c3cccc4c3CN([C@@H]3CCC(=O)NC3=O)C4=O)cn2)C1,-8.145791441
N#CN1CCC[C@@H](c2cnc(-c3cccc4c3CN([C@@H]3CCC(=O)NC3=O)C4=O)cn2)C1,-8.32083018
N#CN1CCC[C@H](c2cnc(-c3cccc4c3CN([C@H]3CCC(=O)NC3=O)C4=O)cn2)C1,-8.127342369
N#CN1CCC[C@@H](c2cnc(-c3cccc4c3CN([C@H]3CCC(=O)NC3=O)C4=O)cn2)C1,-7.76229244
COc1nsc(OC)c1C(=O)N[C@@H]1CCC(=O)NC1=O,-7.816779267
COc1nsc(OC)c1C(=O)N[C@H]1CCC(=O)NC1=O,-7.81691291
Cc1sncc1C(=O)N[C@@H]1CCC(=O)NC1=O,-8.025507193
Cc1sncc1C(=O)N[C@H]1CCC(=O)NC1=O,-8.02751103
O=C1CC[C@H](NC(=O)c2c(Cl)nsc2Br)C(=O)N1,-8.628613093
O=C1CC[C@@H](NC(=O)c2c(Cl)nsc2Br)C(=O)N1,-8.618104041
CCc1nscc1C(=O)N[C@@H]1CCC(=O)NC1=O,-8.049159722
CCc1nscc1C(=O)N[C@H]1CCC(=O)NC1=O,-8.046729098
N#CN1CCC[C@H](c2ncoc2C(=O)Nc2ccc([C@@H]3CCC(=O)NC3=O)cc2)C1,-8.222120124
N#CN1CCC[C@@H](c2ncoc2C(=O)Nc2ccc([C@@H]3CCC(=O)NC3=O)cc2)C1,-8.264825677
N#CN1CCC[C@H](c2ncoc2C(=O)Nc2ccc([C@H]3CCC(=O)NC3=O)cc2)C1,-7.922915163
N#CN1CCC[C@@H](c2ncoc2C(=O)Nc2ccc([C@H]3CCC(=O)NC3=O)cc2)C1,-8.241730285
O=C1CC[C@H](NC(=O)c2cc(S(=O)(=O)F)no2)C(=O)N1,-9.090284941
O=C1CC[C@@H](NC(=O)c2cc(S(=O)(=O)F)no2)C(=O)N1,-9.396924755
CC[C@H](C)c1cc(C(=O)N[C@@H]2CCC(=O)NC2=O)on1,-8.1635646
CC[C@@H](C)c1cc(C(=O)N[C@@H]2CCC(=O)NC2=O)on1,-8.163500473
CC[C@H](C)c1cc(C(=O)N[C@H]2CCC(=O)NC2=O)on1,-8.090024304
CC[C@@H](C)c1cc(C(=O)N[C@H]2CCC(=O)NC2=O)on1,-8.093110753
O=C1CC[C@H](N2Cc3c(ccc4c3OCC43CCN(Cc4ccccc4)CC3)C2=O)C(=O)N1,-7.783085256
O=C1CC[C@@H](N2Cc3c(ccc4c3OCC43CCN(Cc4ccccc4)CC3)C2=O)C(=O)N1,-7.805954853
O=C1CC[C@H](N2Cc3c(ccc4c3OC[C@@]43CCN(Cc4ccccc4)C[C@@H]3O)C2=O)C(=O)N1,-7.80237849
O=C1CC[C@@H](N2Cc3c(ccc4c3OC[C@@]43CCN(Cc4ccccc4)C[C@@H]3O)C2=O)C(=O)N1,-7.782538886
O=C1CC[C@H](N2Cc3c(ccc4c3OC[C@]43CCN(Cc4ccccc4)C[C@@H]3O)C2=O)C(=O)N1,-7.855074035
O=C1CC[C@@H](N2Cc3c(ccc4c3OC[C@]43CCN(Cc4ccccc4)C[C@@H]3O)C2=O)C(=O)N1,-7.780475645
O=C1CC[C@H](N2Cc3c(ccc4c3OC[C@@]43CCN(Cc4ccccc4)C[C@H]3O)C2=O)C(=O)N1,-7.786588687
O=C1CC[C@@H](N2Cc3c(ccc4c3OC[C@@]43CCN(Cc4ccccc4)C[C@H]3O)C2=O)C(=O)N1,-7.732142135
O=C1CC[C@H](N2Cc3c(ccc4c3OC[C@]43CCN(Cc4ccccc4)C[C@H]3O)C2=O)C(=O)N1,-7.775956409
O=C1CC[C@@H](N2Cc3c(ccc4c3OC[C@]43CCN(Cc4ccccc4)C[C@H]3O)C2=O)C(=O)N1,-7.849344271
O=C1CC[C@H](N2Cc3c(ccc4c3OC[C@@]43CCN(Cc4ccccc4)CC3(F)F)C2=O)C(=O)N1,-7.826610456
O=C1CC[C@@H](N2Cc3c(ccc4c3OC[C@@]43CCN(Cc4ccccc4)CC3(F)F)C2=O)C(=O)N1,-7.880038152
O=C1CC[C@H](N2Cc3c(ccc4c3OC[C@]43CCN(Cc4ccccc4)CC3(F)F)C2=O)C(=O)N1,-7.857859766
O=C1CC[C@@H](N2Cc3c(ccc4c3OC[C@]43CCN(Cc4ccccc4)CC3(F)F)C2=O)C(=O)N1,-7.845261985
N#CN1CCC[C@H](c2cccc(-c3ccc4c(c3)CN([C@@H]3CCC(=O)NC3=O)C4=O)c2)C1,-7.896089215
N#CN1CCC[C@@H](c2cccc(-c3ccc4c(c3)CN([C@@H]3CCC(=O)NC3=O)C4=O)c2)C1,-7.906204655
N#CN1CCC[C@H](c2cccc(-c3ccc4c(c3)CN([C@H]3CCC(=O)NC3=O)C4=O)c2)C1,-7.902340698
N#CN1CCC[C@@H](c2cccc(-c3ccc4c(c3)CN([C@H]3CCC(=O)NC3=O)C4=O)c2)C1,-7.936661065
CC1(C)CC[C@H](Nc2cnccc2C(=O)N[C@@H]2CCC(=O)NC2=O)C1,-8.074826283
CC1(C)CC[C@@H](Nc2cnccc2C(=O)N[C@@H]2CCC(=O)NC2=O)C1,-8.075949065
CC1(C)CC[C@H](Nc2cnccc2C(=O)N[C@H]2CCC(=O)NC2=O)C1,-8.078020779
CC1(C)CC[C@@H](Nc2cnccc2C(=O)N[C@H]2CCC(=O)NC2=O)C1,-8.084562853
CNc1ccccc1[C@H](O)NCCN1CCC(=O)N[C@@H]1O,-6.260865539
CNc1ccccc1[C@@H](O)NCCN1CCC(=O)N[C@@H]1O,-6.16146745
CNc1ccccc1[C@H](O)NCCN1CCC(=O)N[C@H]1O,-6.167566222
CNc1ccccc1[C@@H](O)NCCN1CCC(=O)N[C@H]1O,-6.357997918
O=C1CC[C@H](NC(=O)c2cc3c(cn2)OCCC3)C(=O)N1,-7.788505228
O=C1CC[C@@H](NC(=O)c2cc3c(cn2)OCCC3)C(=O)N1,-7.787775057
O=C1CC[C@H](NC(=O)c2cc3c(c(S(=O)(=O)F)n2)OCCC3)C(=O)N1,-8.479037184
O=C1CC[C@@H](NC(=O)c2cc3c(c(S(=O)(=O)F)n2)OCCC3)C(=O)N1,-8.478222472
O=C1CC[C@H](NC(=O)c2ccc3scc(-c4nn[nH]n4)c3c2)C(=O)N1,-7.995969385
O=C1CC[C@@H](NC(=O)c2ccc3scc(-c4nn[nH]n4)c3c2)C(=O)N1,-7.996488696
N#CN1CCC[C@H](c2cccc(-n3ccc(=O)c(C(=O)N[C@@H]4CCC(=O)NC4=O)n3)c2)C1,-8.367204109
N#CN1CCC[C@@H](c2cccc(-n3ccc(=O)c(C(=O)N[C@@H]4CCC(=O)NC4=O)n3)c2)C1,-8.363053806
N#CN1CCC[C@H](c2cccc(-n3ccc(=O)c(C(=O)N[C@H]4CCC(=O)NC4=O)n3)c2)C1,-8.336972525
N#CN1CCC[C@@H](c2cccc(-n3ccc(=O)c(C(=O)N[C@H]4CCC(=O)NC4=O)n3)c2)C1,-8.359253012
O=C1CC[C@H](N2Cc3c(NC4=N[C@H](c5ccc(F)cc5)Nc5[nH]cnc54)cccc3C2=O)C(=O)N1,-7.668281553
O=C1CC[C@@H](N2Cc3c(NC4=N[C@H](c5ccc(F)cc5)Nc5[nH]cnc54)cccc3C2=O)C(=O)N1,-7.655053123
O=C1CC[C@H](N2Cc3c(NC4=N[C@@H](c5ccc(F)cc5)Nc5[nH]cnc54)cccc3C2=O)C(=O)N1,-7.65439265
O=C1CC[C@@H](N2Cc3c(NC4=N[C@@H](c5ccc(F)cc5)Nc5[nH]cnc54)cccc3C2=O)C(=O)N1,-7.668325229
COc1ccccc1[C@@H]1N=C(Nc2cccc3c2CN([C@@H]2CCC(=O)NC2=O)C3=O)c2nc[nH]c2N1,-7.79457802
COc1ccccc1[C@H]1N=C(Nc2cccc3c2CN([C@@H]2CCC(=O)NC2=O)C3=O)c2nc[nH]c2N1,-7.702267632
COc1ccccc1[C@@H]1N=C(Nc2cccc3c2CN([C@H]2CCC(=O)NC2=O)C3=O)c2nc[nH]c2N1,-7.692502208
COc1ccccc1[C@H]1N=C(Nc2cccc3c2CN([C@H]2CCC(=O)NC2=O)C3=O)c2nc[nH]c2N1,-7.66722267
O=C1CC[C@H](NC(=O)c2cn(CC[C@@H]3CCCCN3)nn2)C(=O)N1,-7.742458752
O=C1CC[C@@H](NC(=O)c2cn(CC[C@@H]3CCCCN3)nn2)C(=O)N1,-7.800694379
O=C1CC[C@H](NC(=O)c2cn(CC[C@H]3CCCCN3)nn2)C(=O)N1,-7.788088819
O=C1CC[C@@H](NC(=O)c2cn(CC[C@H]3CCCCN3)nn2)C(=O)N1,-7.858438036
Cc1sc(C(=O)N[C@@H]2CCC(=O)NC2=O)cc1-c1ccc(F)cc1,-7.981134941
Cc1sc(C(=O)N[C@H]2CCC(=O)NC2=O)cc1-c1ccc(F)cc1,-7.98142083
CC(C)Oc1ccccc1-c1csc(C(=O)N[C@@H]2CCC(=O)NC2=O)c1,-7.92219835
CC(C)Oc1ccccc1-c1csc(C(=O)N[C@H]2CCC(=O)NC2=O)c1,-7.927487855
N#CN1CCC[C@H](c2ccnc(-c3ncc(C(=O)N[C@@H]4CCC(=O)NC4=O)s3)c2)C1,-8.253144882
N#CN1CCC[C@@H](c2ccnc(-c3ncc(C(=O)N[C@@H]4CCC(=O)NC4=O)s3)c2)C1,-8.460134794
N#CN1CCC[C@H](c2ccnc(-c3ncc(C(=O)N[C@H]4CCC(=O)NC4=O)s3)c2)C1,-8.270925783
N#CN1CCC[C@@H](c2ccnc(-c3ncc(C(=O)N[C@H]4CCC(=O)NC4=O)s3)c2)C1,-8.288838612
N#CN1CCC[C@H](c2cc3cc(C(=O)N[C@@H]4CCC(=O)NC4=O)ccc3[nH]c2=O)C1,-8.14782862
N#CN1CCC[C@@H](c2cc3cc(C(=O)N[C@@H]4CCC(=O)NC4=O)ccc3[nH]c2=O)C1,-8.133713276
N#CN1CCC[C@H](c2cc3cc(C(=O)N[C@H]4CCC(=O)NC4=O)ccc3[nH]c2=O)C1,-8.147968216
N#CN1CCC[C@@H](c2cc3cc(C(=O)N[C@H]4CCC(=O)NC4=O)ccc3[nH]c2=O)C1,-8.144486032
CN(c1ncnc2c1ncn2-c1ccccc1)[C@@H]1CCC(=O)NC1=O,-7.72173385
CN(c1ncnc2c1ncn2-c1ccccc1)[C@H]1CCC(=O)NC1=O,-7.760213071
N#CN1CC[C@H](c2ncccc2-c2ccc3c(c2)CN([C@@H]2CCC(=O)NC2=O)C3=O)C1,-8.032458505
N#CN1CC[C@@H](c2ncccc2-c2ccc3c(c2)CN([C@@H]2CCC(=O)NC2=O)C3=O)C1,-7.937224656
N#CN1CC[C@H](c2ncccc2-c2ccc3c(c2)CN([C@H]2CCC(=O)NC2=O)C3=O)C1,-7.913556708
N#CN1CC[C@@H](c2ncccc2-c2ccc3c(c2)CN([C@H]2CCC(=O)NC2=O)C3=O)C1,-7.927340931
O=C1CC[C@H](N2Cc3c(C(=O)N4CCCCN4)cccc3C2=O)C(=O)N1,-7.488635331
O=C1CC[C@@H](N2Cc3c(C(=O)N4CCCCN4)cccc3C2=O)C(=O)N1,-7.486315538
O=C1CC[C@H](n2cc([C@]3(O)C[C@@H]4CC[C@@H]3C4)nn2)C(=O)N1,-8.267421253
O=C1CC[C@@H](n2cc([C@]3(O)C[C@@H]4CC[C@@H]3C4)nn2)C(=O)N1,-8.300657447
O=C1CC[C@H](n2cc([C@@]3(O)C[C@@H]4CC[C@@H]3C4)nn2)C(=O)N1,-8.300944332
O=C1CC[C@@H](n2cc([C@@]3(O)C[C@@H]4CC[C@@H]3C4)nn2)C(=O)N1,-8.269821827
O=C1CC[C@H](n2cc([C@]3(O)C[C@H]4CC[C@@H]3C4)nn2)C(=O)N1,-8.232844983
O=C1CC[C@@H](n2cc([C@]3(O)C[C@H]4CC[C@@H]3C4)nn2)C(=O)N1,-8.253224305
O=C1CC[C@H](n2cc([C@@]3(O)C[C@@H]4CC[C@H]3C4)nn2)C(=O)N1,-7.854062422
O=C1CC[C@@H](n2cc([C@@]3(O)C[C@@H]4CC[C@H]3C4)nn2)C(=O)N1,-7.851259053
O=C1CC[C@H](n2cc([C@]3(O)C[C@H]4CC[C@H]3C4)nn2)C(=O)N1,-7.85232251
O=C1CC[C@@H](n2cc([C@]3(O)C[C@H]4CC[C@H]3C4)nn2)C(=O)N1,-7.853589408
O=C1CC[C@H](n2cc([C@@]3(O)C[C@H]4CC[C@H]3C4)nn2)C(=O)N1,-8.03690113
O=C1CC[C@@H](n2cc([C@@]3(O)C[C@H]4CC[C@H]3C4)nn2)C(=O)N1,-8.036701665
N#CN1CCC(c2ccn(-c3cncc(-c4cccc(N5CCC(=O)NC5=O)c4)c3)n2)CC1,-7.556410604
O=C1CC[C@H](NC(=O)c2cc3c4c(ccc3[nH]2)OCO4)C(=O)N1,-7.991567166
O=C1CC[C@@H](NC(=O)c2cc3c4c(ccc3[nH]2)OCO4)C(=O)N1,-7.991368238
O=C1CC[C@H](c2cccc(NC(=O)C3(c4nccc5ccccc45)CC3)c2)C(=O)N1,-7.836119487
O=C1CC[C@@H](c2cccc(NC(=O)C3(c4nccc5ccccc45)CC3)c2)C(=O)N1,-7.8298341
O=C1CC[C@H](N2Cc3cc(NCc4ccc5ncccc5c4)ccc3C2=O)C(=O)N1,-7.845894189
O=C1CC[C@@H](N2Cc3cc(NCc4ccc5ncccc5c4)ccc3C2=O)C(=O)N1,-7.928533029
COc1cnc(N(C)C)nc1C(=O)N[C@@H]1CCC(=O)NC1=O,-7.907827796
COc1cnc(N(C)C)nc1C(=O)N[C@H]1CCC(=O)NC1=O,-7.907520244
CSc1ncc(Br)c(C(=O)N[C@@H]2CCC(=O)NC2=O)n1,-8.832076464
CSc1ncc(Br)c(C(=O)N[C@H]2CCC(=O)NC2=O)n1,-8.832076365
Cc1oc2ncn(C)c(=O)c2c1C(=O)Nc1ccc([C@@H]2CCC(=O)NC2=O)cc1,-8.332556722
Cc1oc2ncn(C)c(=O)c2c1C(=O)Nc1ccc([C@H]2CCC(=O)NC2=O)cc1,-8.543035846
N#CN1CC[C@H](c2ccc3cccc(-c4cn([C@@H]5CCC(=O)NC5=O)nn4)c3n2)C1,-8.046070117
N#CN1CC[C@@H](c2ccc3cccc(-c4cn([C@@H]5CCC(=O)NC5=O)nn4)c3n2)C1,-8.065642552
N#CN1CC[C@H](c2ccc3cccc(-c4cn([C@H]5CCC(=O)NC5=O)nn4)c3n2)C1,-8.06005763
N#CN1CC[C@@H](c2ccc3cccc(-c4cn([C@H]5CCC(=O)NC5=O)nn4)c3n2)C1,-8.069982126
O=C1CC(c2ccc(Br)cc2F)CC(=O)N1,-7.885653572
O=C1CC(c2cccc(Cl)c2)CC(=O)N1,-7.743700165
O=C1CC(c2ccc(Cl)cc2)CC(=O)N1,-7.757630175
CCSCCNc1cccc(C2CC(=O)NC(=O)C2)c1,-7.552979203
COc1ccc(C2CC(=O)NC(=O)C2)cc1Br,-7.764369664
O=C1CC(c2ccc(Cl)cc2Br)CC(=O)N1,-7.873842308
O=C1CC(c2ccccc2)CC(=O)N1,-7.633770451
O=C1CC(c2ccc(F)cc2Cl)CC(=O)N1,-7.813805167
CCCC[C@H](C)C(=O)Nc1cccc(C2CC(=O)NC(=O)C2)c1,-7.542722906
CCCC[C@@H](C)C(=O)Nc1cccc(C2CC(=O)NC(=O)C2)c1,-7.57474194
C=C(C)CS(=O)(=O)Nc1ccc(C2CC(=O)NC(=O)C2)cc1,-7.731381093
O=C1CC(c2cccc(NC(=O)C(F)(F)C(F)F)c2)CC(=O)N1,-8.253837179
Nc1ccc(C2CC(=O)NC(=O)C2)cc1,-7.508683796
Nc1cccc(C2CC(=O)NC(=O)C2)c1,-7.544977808
O=C1CC(c2ccc(Cl)c(Cl)c2)CC(=O)N1,-7.839455139
O=C1CC(c2cccc(Cl)c2Cl)CC(=O)N1,-7.772507586
O=C1CC(c2c(Cl)cccc2Cl)CC(=O)N1,-7.684647223
O=C1CC(c2ccc(Br)cc2)CC(=O)N1,-7.850151041
O=C1CC[C@H](NC(=O)c2cccc([C@@H]3CCCNC3)c2)C(=O)N1,-7.960362079
O=C1CC[C@@H](NC(=O)c2cccc([C@@H]3CCCNC3)c2)C(=O)N1,-7.952238327
O=C1CC[C@H](NC(=O)c2cccc([C@H]3CCCNC3)c2)C(=O)N1,-7.966056633
O=C1CC[C@@H](NC(=O)c2cccc([C@H]3CCCNC3)c2)C(=O)N1,-7.967438045
N#CN1CC[C@H](c2cnn(-c3ccccc3C(=O)N[C@@H]3CCC(=O)NC3=O)n2)C1,-8.010123421
N#CN1CC[C@@H](c2cnn(-c3ccccc3C(=O)N[C@@H]3CCC(=O)NC3=O)n2)C1,-8.07096925
N#CN1CC[C@H](c2cnn(-c3ccccc3C(=O)N[C@H]3CCC(=O)NC3=O)n2)C1,-7.958161306
N#CN1CC[C@@H](c2cnn(-c3ccccc3C(=O)N[C@H]3CCC(=O)NC3=O)n2)C1,-8.018204374
O=C1CC[C@H](NC(=O)c2ccnc([C@@H]3COCCN3)n2)C(=O)N1,-8.363871302
O=C1CC[C@@H](NC(=O)c2ccnc([C@@H]3COCCN3)n2)C(=O)N1,-8.403150782
O=C1CC[C@H](NC(=O)c2ccnc([C@H]3COCCN3)n2)C(=O)N1,-8.40320878
O=C1CC[C@@H](NC(=O)c2ccnc([C@H]3COCCN3)n2)C(=O)N1,-8.379268117
N#CN1CC[C@H](c2sccc2-c2cnc(C(=O)N[C@@H]3CCC(=O)NC3=O)cn2)C1,-8.62718788
N#CN1CC[C@@H](c2sccc2-c2cnc(C(=O)N[C@@H]3CCC(=O)NC3=O)cn2)C1,-8.237156411
N#CN1CC[C@H](c2sccc2-c2cnc(C(=O)N[C@H]3CCC(=O)NC3=O)cn2)C1,-8.395013308
N#CN1CC[C@@H](c2sccc2-c2cnc(C(=O)N[C@H]3CCC(=O)NC3=O)cn2)C1,-8.519178827
CCc1[nH]ncc1C(=O)NCc1ccc2c(c1)C(=O)N([C@@H]1CCC(=O)NC1=O)C2,-8.510545613
CCc1[nH]ncc1C(=O)NCc1ccc2c(c1)C(=O)N([C@H]1CCC(=O)NC1=O)C2,-8.513762645
CCn1cc(C(=O)NCc2ccc3c(c2)C(=O)N([C@@H]2CCC(=O)NC2=O)C3)cn1,-7.900573729
CCn1cc(C(=O)NCc2ccc3c(c2)C(=O)N([C@H]2CCC(=O)NC2=O)C3)cn1,-7.893240916
O=C1CC[C@H](c2cccc(NC(=O)c3nc4ncc(CCO)cn4n3)c2)C(=O)N1,-8.315407996
O=C1CC[C@@H](c2cccc(NC(=O)c3nc4ncc(CCO)cn4n3)c2)C(=O)N1,-8.320336089
N#CN1CCC(c2ncnc(Nc3cccc([C@@H]4CCC(=O)NC4=O)c3)n2)CC1,-7.793241577
N#CN1CCC(c2ncnc(Nc3cccc([C@H]4CCC(=O)NC4=O)c3)n2)CC1,-7.807968832
CC1CCN(S(=O)(=O)c2ccc(C(=O)N[C@@H]3CCC(=O)NC3=O)cc2)CC1,-7.522037603
CC1CCN(S(=O)(=O)c2ccc(C(=O)N[C@H]3CCC(=O)NC3=O)cc2)CC1,-7.530877155
C[C@@H]1CCCN(S(=O)(=O)c2ccc(C(=O)N[C@@H]3CCC(=O)NC3=O)cc2)C1,-7.537086296
C[C@H]1CCCN(S(=O)(=O)c2ccc(C(=O)N[C@@H]3CCC(=O)NC3=O)cc2)C1,-7.516780031
C[C@@H]1CCCN(S(=O)(=O)c2ccc(C(=O)N[C@H]3CCC(=O)NC3=O)cc2)C1,-8.013085109
C[C@H]1CCCN(S(=O)(=O)c2ccc(C(=O)N[C@H]3CCC(=O)NC3=O)cc2)C1,-8.014149026
Cc1cc(Nc2ccc(F)c(N3CCC(=O)NC3=O)c2)nc([C@@H]2CCCOC2)n1,-7.413781931
Cc1cc(Nc2ccc(F)c(N3CCC(=O)NC3=O)c2)nc([C@H]2CCCOC2)n1,-7.425048975
O=C1CC[C@H](N2C(=O)C[C@]3(CCc4c(OS(=O)(=O)F)cccc43)C2=O)C(=O)N1,-8.134909475
O=C1CC[C@@H](N2C(=O)C[C@]3(CCc4c(OS(=O)(=O)F)cccc43)C2=O)C(=O)N1,-8.113081621
O=C1CC[C@H](N2C(=O)C[C@@]3(CCc4c(OS(=O)(=O)F)cccc43)C2=O)C(=O)N1,-8.127055941
O=C1CC[C@@H](N2C(=O)C[C@@]3(CCc4c(OS(=O)(=O)F)cccc43)C2=O)C(=O)N1,-8.129033129
O=C1CC[C@H](N2C(=O)C[C@]3(CCc4ccc(OS(=O)(=O)F)cc43)C2=O)C(=O)N1,-8.113671988
O=C1CC[C@@H](N2C(=O)C[C@]3(CCc4ccc(OS(=O)(=O)F)cc43)C2=O)C(=O)N1,-8.080395458
O=C1CC[C@H](N2C(=O)C[C@@]3(CCc4ccc(OS(=O)(=O)F)cc43)C2=O)C(=O)N1,-8.129174359
O=C1CC[C@@H](N2C(=O)C[C@@]3(CCc4ccc(OS(=O)(=O)F)cc43)C2=O)C(=O)N1,-8.06157726
O=C1CC[C@H](N2C(=O)C[C@]3(CCc4cc(OS(=O)(=O)F)ccc43)C2=O)C(=O)N1,-8.071380242
O=C1CC[C@@H](N2C(=O)C[C@]3(CCc4cc(OS(=O)(=O)F)ccc43)C2=O)C(=O)N1,-8.111957987
O=C1CC[C@H](N2C(=O)C[C@@]3(CCc4cc(OS(=O)(=O)F)ccc43)C2=O)C(=O)N1,-8.130173116
O=C1CC[C@@H](N2C(=O)C[C@@]3(CCc4cc(OS(=O)(=O)F)ccc43)C2=O)C(=O)N1,-8.145666747
O=C1CC[C@](CO)(N2C(=O)C[C@]3(CCc4ccccc43)C2=O)C(=O)N1,-8.571932354
O=C1CC[C@@](CO)(N2C(=O)C[C@]3(CCc4ccccc43)C2=O)C(=O)N1,-8.565570083
O=C1CC[C@](CO)(N2C(=O)C[C@@]3(CCc4ccccc43)C2=O)C(=O)N1,-7.878679239
O=C1CC[C@@](CO)(N2C(=O)C[C@@]3(CCc4ccccc43)C2=O)C(=O)N1,-7.852211121
O=C1CC[C@H](N2C(=O)C[C@]3(CCc4cc(S(=O)(=O)F)ccc43)C2=O)C(=O)N1,-8.213379315
O=C1CC[C@@H](N2C(=O)C[C@]3(CCc4cc(S(=O)(=O)F)ccc43)C2=O)C(=O)N1,-8.201603431
O=C1CC[C@H](N2C(=O)C[C@@]3(CCc4cc(S(=O)(=O)F)ccc43)C2=O)C(=O)N1,-8.214831467
O=C1CC[C@@H](N2C(=O)C[C@@]3(CCc4cc(S(=O)(=O)F)ccc43)C2=O)C(=O)N1,-8.212841686
Nc1ccccc1NC(=O)c1ccc(CNc2cccc3c2C(=O)N([C@@H]2CCC(=O)NC2=O)C3=O)cc1,-8.577817399
Nc1ccccc1NC(=O)c1ccc(CNc2cccc3c2C(=O)N([C@H]2CCC(=O)NC2=O)C3=O)cc1,-8.591307218
COc1cc(-c2ccc3c(c2)CN([C@@H]2CCC(=O)NC2=O)C3=O)cc2[nH]ncc12,-7.919302553
COc1cc(-c2ccc3c(c2)CN([C@H]2CCC(=O)NC2=O)C3=O)cc2[nH]ncc12,-7.918112733
O=C1CC[C@H](NC(=O)c2coc(C3CCCC3)n2)C(=O)N1,-7.817910365
O=C1CC[C@@H](NC(=O)c2coc(C3CCCC3)n2)C(=O)N1,-7.819401691
N#CN1CC[C@H](c2cccc(-c3ccc4c(c3)CN([C@@H]3CCC(=O)NC3=O)C4=O)n2)C1,-7.92381377
N#CN1CC[C@@H](c2cccc(-c3ccc4c(c3)CN([C@@H]3CCC(=O)NC3=O)C4=O)n2)C1,-7.864723874
N#CN1CC[C@H](c2cccc(-c3ccc4c(c3)CN([C@H]3CCC(=O)NC3=O)C4=O)n2)C1,-7.726761872
N#CN1CC[C@@H](c2cccc(-c3ccc4c(c3)CN([C@H]3CCC(=O)NC3=O)C4=O)n2)C1,-7.943982351
N#CN1CCC[C@H](c2cnnn2-c2ccc3c(c2)CN([C@@H]2CCC(=O)NC2=O)C3=O)C1,-7.934172425
N#CN1CCC[C@@H](c2cnnn2-c2ccc3c(c2)CN([C@@H]2CCC(=O)NC2=O)C3=O)C1,-7.913038722
N#CN1CCC[C@H](c2cnnn2-c2ccc3c(c2)CN([C@H]2CCC(=O)NC2=O)C3=O)C1,-7.444358868
N#CN1CCC[C@@H](c2cnnn2-c2ccc3c(c2)CN([C@H]2CCC(=O)NC2=O)C3=O)C1,-7.272026098
N#CN1CC[C@H](c2ccc(-c3nccc(C(=O)N[C@@H]4CCC(=O)NC4=O)n3)cc2)C1,-8.249715846
N#CN1CC[C@@H](c2ccc(-c3nccc(C(=O)N[C@@H]4CCC(=O)NC4=O)n3)cc2)C1,-8.268269226
N#CN1CC[C@H](c2ccc(-c3nccc(C(=O)N[C@H]4CCC(=O)NC4=O)n3)cc2)C1,-8.302775196
N#CN1CC[C@@H](c2ccc(-c3nccc(C(=O)N[C@H]4CCC(=O)NC4=O)n3)cc2)C1,-8.299202314
N#CN1CCC[C@H](c2cccc(-c3[nH]ncc3C(=O)N[C@@H]3CCC(=O)NC3=O)c2)C1,-7.672567468
N#CN1CCC[C@@H](c2cccc(-c3[nH]ncc3C(=O)N[C@@H]3CCC(=O)NC3=O)c2)C1,-7.934658206
N#CN1CCC[C@H](c2cccc(-c3[nH]ncc3C(=O)N[C@H]3CCC(=O)NC3=O)c2)C1,-7.969933231
N#CN1CCC[C@@H](c2cccc(-c3[nH]ncc3C(=O)N[C@H]3CCC(=O)NC3=O)c2)C1,-7.953959748
N#CN1CC[C@H](c2cn3c(n2)CNC[C@H](NC(=O)c2ccc(N4CCC(=O)NC4=O)cc2)C3)C1,-7.348098141
N#CN1CC[C@@H](c2cn3c(n2)CNC[C@H](NC(=O)c2ccc(N4CCC(=O)NC4=O)cc2)C3)C1,-7.325366461
N#CN1CC[C@H](c2cn3c(n2)CNC[C@@H](NC(=O)c2ccc(N4CCC(=O)NC4=O)cc2)C3)C1,-7.622969437
N#CN1CC[C@@H](c2cn3c(n2)CNC[C@@H](NC(=O)c2ccc(N4CCC(=O)NC4=O)cc2)C3)C1,-7.45851674
Cc1oc2nc(Cl)ccc2c1C(=O)N[C@@H]1CCC(=O)NC1=O,-8.006619167
Cc1oc2nc(Cl)ccc2c1C(=O)N[C@H]1CCC(=O)NC1=O,-8.002077579
O=C1CC[C@H](NC(=O)c2coc3nc(S(=O)(=O)F)ccc23)C(=O)N1,-9.121652263
O=C1CC[C@@H](NC(=O)c2coc3nc(S(=O)(=O)F)ccc23)C(=O)N1,-8.805642409
O=C1CC[C@H](NC(=O)c2coc3ncc(OS(=O)(=O)F)cc23)C(=O)N1,-8.564085273
O=C1CC[C@@H](NC(=O)c2coc3ncc(OS(=O)(=O)F)cc23)C(=O)N1,-9.230413869
O=C1CC[C@H](N2C(=O)c3ccc(NCc4ccc5ccccc5c4)cc3C2=O)C(=O)N1,-7.851035951
O=C1CC[C@@H](N2C(=O)c3ccc(NCc4ccc5ccccc5c4)cc3C2=O)C(=O)N1,-8.332962961
O=C1CCc2cc(-c3cccc4c3CNC4=O)c(F)cc2N1,-7.3786
N#CN1CCC[C@H](c2cccc3c2CCC[C@@H]3C(=O)Nc2ccc([C@@H]3CCC(=O)NC3=O)cc2)C1,-7.515134858
N#CN1CCC[C@@H](c2cccc3c2CCC[C@@H]3C(=O)Nc2ccc([C@@H]3CCC(=O)NC3=O)cc2)C1,-7.575289225
N#CN1CCC[C@H](c2cccc3c2CCC[C@H]3C(=O)Nc2ccc([C@@H]3CCC(=O)NC3=O)cc2)C1,-7.607086624
N#CN1CCC[C@@H](c2cccc3c2CCC[C@H]3C(=O)Nc2ccc([C@@H]3CCC(=O)NC3=O)cc2)C1,-7.640963932
N#CN1CCC[C@H](c2cccc3c2CCC[C@@H]3C(=O)Nc2ccc([C@H]3CCC(=O)NC3=O)cc2)C1,-7.614466485
N#CN1CCC[C@@H](c2cccc3c2CCC[C@@H]3C(=O)Nc2ccc([C@H]3CCC(=O)NC3=O)cc2)C1,-7.660737995
N#CN1CCC[C@H](c2cccc3c2CCC[C@H]3C(=O)Nc2ccc([C@H]3CCC(=O)NC3=O)cc2)C1,-7.693410605
N#CN1CCC[C@@H](c2cccc3c2CCC[C@H]3C(=O)Nc2ccc([C@H]3CCC(=O)NC3=O)cc2)C1,-7.622874709
Cc1ccc(CCNc2ccc3c(c2)CN([C@@H]2CCC(=O)NC2=O)C3=O)cc1,-7.737875575
Cc1ccc(CCNc2ccc3c(c2)CN([C@H]2CCC(=O)NC2=O)C3=O)cc1,-7.753454745
N#CN1CCC[C@H](c2ccccc2C(=O)Nc2cccc3c2CN([C@@H]2CCC(=O)NC2=O)C3=O)C1,-7.907252335
N#CN1CCC[C@@H](c2ccccc2C(=O)Nc2cccc3c2CN([C@@H]2CCC(=O)NC2=O)C3=O)C1,-7.691435748
N#CN1CCC[C@H](c2ccccc2C(=O)Nc2cccc3c2CN([C@H]2CCC(=O)NC2=O)C3=O)C1,-7.988520533
N#CN1CCC[C@@H](c2ccccc2C(=O)Nc2cccc3c2CN([C@H]2CCC(=O)NC2=O)C3=O)C1,-8.001045395
